"pathway","pval","padj","ES","NES","nMoreExtreme","size","leadingEdge"
"GOCC_3M_COMPLEX",0.984334684850719,1,0.280725383605352,0.460111726658398,5340,5,"ANKRA2;CUL7;OBSL1"
"GOCC_90S_PRERIBOSOME",0.953024670496789,1,0.281598320923678,0.66238353414242,5639,28,"RRP7BP;PWP2;WDR12;RRP7A;TBL3;KRI1;RRP36;SRFBP1;UTP18;SLX9;MPHOSPH10;BMS1;NOC2L;UTP6;UTP4;IMP4;HEATR1;WDR3;PES1;UTP20;WDR36;TSR1;IMP3;NOP14;NOC4L;BOP1;NOP9;NOL6"
"GOCC_9PLUS0_MOTILE_CILIUM",0.459617889709075,1,-0.649963647675738,-1.05690496895225,2116,4,"CFAP45;ODAD4"
"GOCC_9PLUS0_NON_MOTILE_CILIUM",0.993464052287582,1,-0.236727762817059,-0.75291341232563,3191,126,"EYS;GNGT1;GNAT1;IMPG1;DRD1;GUCY2D;PCDH15;PKHD1;CERKL;CRB1;SPTBN5;NPY5R"
"GOCC_9PLUS2_MOTILE_CILIUM",0.66121045392022,1,0.298000164829069,0.930613972807185,4806,223,"PCDH11Y;CCR6;SLC22A14;CABS1;FLACC1;CFAP52;CFAP276;DNAI2;CFAP206;TMEM232;RHO;CFAP141;WBP2NL;TEKTIP1;DNAH12;CT55;CCDC38;CATSPER1;DNAH8;TCP11;CATSPERE;ROPN1L;CST11;TTC29;CATSPERB;TACR1;CFAP57;AK8;SPACA9;SPAG6;RSPH10B2;AKAP3;SPAG8;MYCBPAP;TCTE1;DNAH6;CD52;RIBC2;SPEF1;QRICH2;SAXO2;SPMIP8;CFAP90;ATP2B4;NME5;TEKT5"
"GOCC_A_BAND",0.915572715572716,1,-0.28105871946321,-0.755590642419916,3556,40,"KLHL40;MYBPC3;MYOM1;SMPX;LRRC39"
"GOCC_ACETYLCHOLINE_GATED_CHANNEL_COMPLEX",0.948841201716738,1,0.292115970462816,0.629810369940134,5526,18,"CHRNB3;CHRNG;CHRNA3"
"GOCC_ACETYLTRANSFERASE_COMPLEX",0.823797930614729,1,-0.276866247121773,-0.87109924564067,2706,113,"POTEKP;ACTL8;POTEI"
"GOCC_ACROSOMAL_MEMBRANE",0.313884660916624,1,0.474905540002455,1.10817758137013,1855,27,"EQTN;SPACA1;DCST2;SPACA4;ACRBP;PKDREJ;IZUMO1;ATP8B3;USP8;TRIP11;SPACA6;HYAL3"
"GOCC_ACROSOMAL_VESICLE",0.983873354046457,1,0.249593514995821,0.733448167877454,6649,121,"CABS1;IQCF1;EQTN;CT55;SPACA1;TCP11;DCST2;DPEP3;SPACA9;SPACA4;KIAA1210;SPAG6;ACRBP;AKAP3;SPAG8;MYCBPAP;PKDREJ;SPINK2;SEMG1;ICA1L;IZUMO1;DKKL1;STK31;MORN3"
"GOCC_ACTIN_BASED_CELL_PROJECTION",0.636167922497309,1,-0.28087717770706,-0.948036677091717,1772,211,"LY6G6D;FOXA1;PTPRH;MYO1H;CLRN1;FSCN3;CDHR2;MYO7B;PKHD1L1;FSCN2;CLIC5;PCDH15;MUC20;TBC1D10C;UNC5C;CRB1;MAP2;TMC2;MINAR2;CALB1;CD302;CALML4;ANGPT1;MYO7A;SLC7A5;VIL1;ACTC1;USH2A"
"GOCC_ACTIN_CYTOSKELETON",1,1,-0.169559168550539,-0.611518172196255,1881,480,"POTEKP;MYH7B;MYO1H;MYOT;PRICKLE4;FSCN3;MYO7B;ACTL8;PGM5;POTEI;SEPTIN12;MYO16;FSCN2;CLIC5;MYH4;MYH6;MYH2;LDB3;DMTN;GAS2L2;ARHGAP36;SPTBN5;TMC2;CALB1;TNNT3;FGR;PDLIM4;KALRN;MYO7A;ARSJ;VIL1;ACTC1;MYH11;SYNPO2;APC2;CALD1;SHROOM4;NEXN;LCP1;ITPKA;TMSB15C;BCAR1;SHROOM1;PARVA;PDLIM7;SNCA;MYO1A;AFAP1L1;MTSS2;WIPF1;TPM2;KLHL20;IFIT5;ARHGAP6;SPTBN4;USH1G;AIF1;LPP;CDC42EP1;FBLIM1;STK38L;SH2B2;CFL2;ANXA1;CAPN2;VCL;DAPK1;LAD1;TEK;PKNOX2;ASAP1;INF2;MYO15A;SEPTIN10;MYL9;ZYX;DGKH;ACTB;MYO1B;GMFB;PHLDB2;TAGLN2;FHOD1;CDH2;FHDC1;NCOA5;TLNRD1;ARPC4;AMPH;PIEZO1;MYO1D;DCTN1;SH3GL1;CNN2;SHROOM3;CORO2A;GAS2;CTTNBP2;ERC1;MARCKSL1;GAS2L1;LIMCH1;MYO1F;PPP1R9B;SH3PXD2B;DNAJA3;CRMP1;BIN1;ABLIM2;VPS18;ARPC5;BAG3;ARPC5L;FCHSD1;ADD2;ABLIM1;RAC2;AMOTL2;DBN1;LASP1;MYO9B;OPHN1;ARPC1B;TWF1;ACTA1;SHROOM2;KIF9;MYH1;DCTN5;FSCN1;ACTG1;HAX1"
"GOCC_ACTIN_FILAMENT",0.254652605459057,1,-0.342070031121693,-1.08004989785231,820,118,"POTEKP;MYO1H;PRICKLE4;ACTL8;POTEI;LDB3;DMTN;GAS2L2;PDLIM4;ACTC1;APC2;SHROOM4;LCP1;TMSB15C;PDLIM7;MYO1A;WIPF1;TPM2;ARHGAP6;SPTBN4;AIF1;SH2B2;ANXA1;TEK;INF2;ACTB;MYO1B"
"GOCC_ACTIN_FILAMENT_BUNDLE",0.724219210371243,1,-0.292745123929923,-0.898358141274916,2457,95,"PRICKLE4;PGM5;SEPTIN12;MYH6;LDB3;GAS2L2;PDLIM4;VIL1;SYNPO2;CALD1;SHROOM4;LCP1;PDLIM7;AFAP1L1;LPP;FBLIM1;SH2B2;TEK;MYL9;ZYX;FHOD1;TLNRD1;CNN2;GAS2;GAS2L1;LIMCH1;BAG3;ABLIM1;ACTA1;FSCN1;CRYAB;PDLIM2;PXN;PLS3;BLOC1S6;TRIP6;ACTN4;ACTN1;MICALL2"
"GOCC_ACTIVIN_RECEPTOR_COMPLEX",0.954696868754164,1,-0.285189423286,-0.519733811447195,4298,7,"TGFBR2;ACVR2A;ACVR1B"
"GOCC_ACTOMYOSIN",0.771678832116788,1,-0.286427607038388,-0.878203026353022,2642,93,"PRICKLE4;PGM5;SEPTIN12;MYH6;LDB3;GAS2L2;PDLIM4;SYNPO2;CALD1;SHROOM4;LCP1;PDLIM7;AFAP1L1;LPP;FBLIM1;SH2B2;TEK;MYL9;ZYX;FHOD1;TLNRD1;CNN2;GAS2;GAS2L1;LIMCH1;BAG3;ABLIM1;DBN1;ACTA1;FSCN1"
"GOCC_ADHERENS_JUNCTION",0.965964912280702,1,-0.248757820697822,-0.833709000929801,2752,196,"ESAM;TMEM204;PRICKLE4;CDHR2;PGM5;CDH19;CDH17;CTNNA3;CDH10;LDB3;DCHS2;CRB1;DLG2;PDLIM4;NDRG1;TRIM29;SHROOM4;NEXN;ALOX15B;LYN;SMAD7;CYTH1;NPHP1;FAT2;SHROOM1;PDLIM7;SPTBN4;FRMD4A;CDC42EP1;PTPRM;ANXA1;WTIP;VCL;MAGI1;NIBAN2;ADAM15;ZYX;ARHGAP24;ACTB"
"GOCC_AGGRESOME",0.403536414565826,1,0.53751629958774,1.06021630802868,2304,12,"UBD;PSEN1"
"GOCC_ALPHA_BETA_T_CELL_RECEPTOR_COMPLEX",0.229410465886509,1,-0.711626444957679,-1.25276773258105,1038,6,"CD3D;TRBC1"
"GOCC_ALPHA_DNA_POLYMERASE_PRIMASE_COMPLEX",0.738636363636364,1,-0.464210168657271,-0.787000033301003,3379,5,"POLA1;PRIM2"
"GOCC_ALPHA_KETOACID_DEHYDROGENASE_COMPLEX",0.944549356223176,1,0.295969284537229,0.638118225066497,5501,18,"PDK2;PDK1;DHTKD1;BCKDHA"
"GOCC_ALVEOLAR_LAMELLAR_BODY",0.754830113257828,1,-0.422909945402358,-0.770717915448312,3398,7,"NAPSA"
"GOCC_AMINOACYL_TRNA_SYNTHETASE_MULTIENZYME_COMPLEX",0.722616053052824,1,-0.398066981537836,-0.807455113659067,3159,11,"RARS1;MARS1;AIMP2;EEF1E1;KARS1;LARS1;EPRS1;IARS1"
"GOCC_AMPA_GLUTAMATE_RECEPTOR_COMPLEX",0.825733300468326,1,-0.313887911624341,-0.794440535268877,3349,29,"OLFM3;CACNG2"
"GOCC_AMPHISOME",0.860562398326749,1,-0.341454430492947,-0.717466716534642,3702,13,"LRRK2;CHMP1A;CHMP4C;CHMP6;CHMP4B;CHMP3;CHMP7"
"GOCC_ANAPHASE_PROMOTING_COMPLEX",0.81572541382668,1,-0.329908852155106,-0.776044703931179,3350,21,"CDC26;ANAPC13;FZR1;ANAPC15;CDC16;ANAPC7;CDC20;ANAPC4;ANAPC2;UBE2S;ANAPC10;ANAPC1;ANAPC5;CDC23;UBE2C;MAD2L2;BUB1B;ANAPC16;CUL7;CDC27;ANAPC11"
"GOCC_ANCHORING_JUNCTION",1,1,-0.13496902221266,-0.504024004261123,1222,853,"GJB1;ESAM;NHERF4;DSG4;TMEM204;SLC6A4;PRICKLE4;CDHR2;PGM5;CDH19;PCDHGA12;SCN1A;SKAP1;CAV3;CDH17;CTNNA3;MYH2;CDH10;PLXDC1;ITGB7;KCNA2;PECAM1;LDB3;DCHS2;AQP3;CRB1;GJB2;SLC8A1;SMPX;FRMPD2;VSIG10L2;STEAP1;ITGA11;GJD2;ABCC2;TNC;DLG2;PDLIM4;NDRG1;TNS2;KCND2;NCK1;TRIM29;ACTC1;MAPK15;SYNPO2;APBB1IP;FLNC;SHROOM4;CSRP1;ITGBL1;ADGRE5;FZD2;NEXN;EPPK1;ALOX15B;LYN;SMAD7;CYTH1;NOX4;LCP1;NPHP1;TSPAN9;LIMS2;AKAP6;FAT2;BCAR1;TENM2;SHROOM1;PARVA;PDLIM7;ADGRB1;CLDN18;ITGB5;ARHGEF6;PTK2B;AMOTL1;VAV1;PPFIBP1;FGF13;CAPN5;EPHA2;MTSS2;WWTR1;PLEKHG5;STARD8;SPTBN4;SCN5A;PRKCH;FRMD4A;LPP;MXRA8;GRIA1;CDC42EP1;FBLIM1;PTPRM;MPP2;NFASC;CSK;GIT2;ITGA1;PALS2;PCDHA10;SLC3A2;ANXA1;CAPN2;WTIP;VCL;PMP22;PTPRJ;MAGI1;NIBAN2;GJB7;TEK;ITGB3;CLMP;CLDN10;SNTB2;ADAM15;SPRY4;ITGB8;SSH2;TGM2;CADM4;ZYX;ARHGAP24;DAB2;ACTB"
"GOCC_ANKYRIN_1_COMPLEX",0.073534832288979,1,0.832171293086942,1.36393711754994,398,5,"GYPB;RHCE;SLC4A1"
"GOCC_ANNULATE_LAMELLAE",0.573426573426573,1,-0.549618986141195,-0.931798115597374,2623,5,"EIF5A;TNPO3;RANBP2;XPO1"
"GOCC_AP_1_ADAPTOR_COMPLEX",0.983449268409691,1,-0.2462156317578,-0.549812044472378,4099,17,"STON2;AP1S3;AP1S2;AP1M1;AP1G1;AP2M1;AP3M2;AP3M1;AP1B1;AP4M1;CLBA1;AP1M2;SYNRG;AP1S1;STON1;AFTPH;AP1G2"
"GOCC_AP_2_ADAPTOR_COMPLEX",0.448204893665676,1,-0.502152685165957,-1.01858675117556,1959,11,"SGIP1;STON2;EPS15;TBC1D5;AP2S1"
"GOCC_AP_3_ADAPTOR_COMPLEX",0.934141321747084,1,-0.306076750830052,-0.620858421050395,4084,11,"VPS18;VPS33A;AP3D1;AP3B1;AP3B2;AP3M2;AP3M1;AP3S1;VPS39;VPS41;AP3S2"
"GOCC_AP_TYPE_MEMBRANE_COAT_ADAPTOR_COMPLEX",0.812888198757764,1,-0.303843029842739,-0.820326148946239,3140,41,"SGIP1;STON2;AP1S3;AP5S1;AP4S1;AP5Z1;AP4E1;VPS18;EPS15;TBC1D5;AP1S2;AP1M1;AP2S1;AP1G1;VPS33A;AP3D1;AP3B1;AP4B1;AP2M1;AP3B2"
"GOCC_APICAL_CORTEX",0.836829322146169,1,-0.390243755016187,-0.686996369499196,3789,6,"SPTBN5"
"GOCC_APICAL_DENDRITE",0.97294709121379,1,-0.263569338225396,-0.599313622881371,4063,18,"MAP2;NEURL1;PTK2B;SLC1A1;MAP1B;MYO1D;YKT6"
"GOCC_APICAL_JUNCTION_COMPLEX",1,1,-0.14370899109548,-0.467130482181095,3093,149,"ESAM;NHERF4;PLXDC1;CRB1;FRMPD2;MAPK15;SHROOM4;EPPK1;CYTH1;NPHP1;SHROOM1;CLDN18;AMOTL1;WWTR1;FRMD4A;MXRA8;VCL;PMP22;MAGI1;CLMP;CLDN10;ACTB;AOC1;RAP2C;CDH5"
"GOCC_APICAL_PART_OF_CELL",1,1,0.218543910452397,0.718476153646717,8077,454,"CHL1;SLC6A19;SCNN1B;SLC12A3;SLC26A9;EDAR;UPK3A;ATP6V1B1;ABCG5;CDHR5;SLC34A3;SLC9A4;DRD5;ACY3;SLC17A3;KL;SLC5A10;SLC2A7;SLC22A4;VCAM1;MGAM;ACE2;SCNN1G;CUBN;CPO;ITGA8;CD36;P2RX2;MUC1;ANKS4B;PTH1R;ENPEP;SLC7A9;IGSF5;PARD3B;PTCH1;SLC36A1;RAB27B;CNTFR;C5AR1;PAPPA2;UPK2;ACTN3;SLC16A3;SLC39A4;NPC1L1;CD34;HPN;DUOX1;SLC44A4;SLC4A5;DLL1;SCART1;ATP1B2;HIP1R;SPEF1;AMN;OTOG;SLC9A2;ABCC11;ACP3;TF;CRB2;CLTRN;KCNE2;JAG1;GABRP;SLC12A1;SLC38A3;SLC26A7;DSG1;SLCO1A2;ABCB4;TMEM114;AJAP1;CFTR;FN1;AGER;SLC34A2;CLDN4"
"GOCC_APICAL_PLASMA_MEMBRANE",0.997701149425287,1,0.237659742134595,0.770715780951379,7811,361,"SLC6A19;SCNN1B;SLC12A3;SLC26A9;UPK3A;ATP6V1B1;ABCG5;CDHR5;SLC34A3;SLC9A4;DRD5;ACY3;SLC17A3;KL;SLC5A10;SLC2A7;SLC22A4;MGAM;ACE2;SCNN1G;CUBN;CPO;CD36;P2RX2;MUC1;PTH1R;ENPEP;SLC7A9;IGSF5;PARD3B;SLC36A1;RAB27B;CNTFR;PAPPA2;UPK2;SLC16A3;SLC39A4;NPC1L1;CD34;HPN;DUOX1;SLC44A4;SLC4A5;DLL1;ATP1B2;HIP1R;SPEF1;AMN;OTOG;SLC9A2;ABCC11;TF;CRB2;CLTRN;KCNE2;JAG1;GABRP;SLC12A1;SLC38A3;SLC26A7;DSG1;SLCO1A2;ABCB4;TMEM114;AJAP1;CFTR;FN1;AGER;SLC34A2;CLDN4;CASR;SLC47A1;IGFBP2;ADCY8;ANO1;SLC4A10;SLC24A4;TRPA1;ERBB3;FXYD1;CTSK;C1QTNF5;BST2;KIAA1614"
"GOCC_APICOLATERAL_PLASMA_MEMBRANE",0.986481861738535,1,0.254473302081364,0.560266012808533,5764,20,"CRB2;TMEM114;CLDN4;CLDN3;OCLN;FZD6;PALM"
"GOCC_APOLIPOPROTEIN_B_MRNA_EDITING_ENZYME_COMPLEX",0.720420199041651,1,0.503678801751885,0.825534620984216,3908,5,"A1CF;APOBEC3G"
"GOCC_ARP2_3_PROTEIN_COMPLEX",0.262100456621005,1,-0.600792771774671,-1.18736471470541,1147,10,"ARPC4;ARPC5;ARPC5L;ARPC1B;ACTR3B;ACTR3;ARPC2;ACTR2;ARPC3"
"GOCC_ARYL_HYDROCARBON_RECEPTOR_COMPLEX",0.725794797687861,1,0.453844717137589,0.817279248781126,4017,8,"AHR;AHRR;ARNT2;AIP"
"GOCC_ASTER",0.884747313057398,1,-0.336576326152421,-0.682724989242854,3868,11,"MAP9;MISP;MAPRE1;KIF18B;MAPRE3;FAM161A;PAFAH1B1;DYNLT3;CCSAP;NUMA1;KIF18A"
"GOCC_ASTROCYTE_END_FOOT",0.466084620550705,1,-0.520644079534906,-1.00426292435476,2081,9,"ADCY10"
"GOCC_ASTROCYTE_PROJECTION",0.552492809204219,1,-0.403779634065147,-0.932372200479967,2304,19,"ADCY10;KCNK2;GRM3;EIF2S1;SYT4"
"GOCC_ASYMMETRIC_GLUTAMATERGIC_EXCITATORY_SYNAPSE",0.0707296137339056,1,0.651175544630681,1.40395306018375,411,18,"NLGN4Y;C1QL2"
"GOCC_ATAC_COMPLEX",0.880906713164778,1,0.343917706741113,0.701183177034048,5051,14,"KAT2B;KAT14;POLE3;POLE4;YEATS2;KAT2A;TADA3;SGF29;MAP3K7;DR1;MBIP;ZZZ3;WDR5;TADA2A"
"GOCC_ATG1_ULK1_KINASE_COMPLEX",0.729064039408867,1,-0.423933603551438,-0.79677623417356,3255,8,"C9orf72;TBC1D5;ATG101;SESN2;ULK1;ATG13;SMCR8;RB1CC1"
"GOCC_ATG12_ATG5_ATG16_COMPLEX",0.43652020313535,1,-0.599988025358344,-1.05623623662364,1976,6,"WDFY3;ATG5;ATG16L1"
"GOCC_ATP_BINDING_CASSETTE_ABC_TRANSPORTER_COMPLEX",0.474616079494128,1,0.552558977752724,1.01757201165877,2626,9,"ABCG5;ABCA2;ABCG8"
"GOCC_ATPASE_COMPLEX",1,1,-0.212692678514726,-0.69165347543676,3085,150,"EP400P1;DPF3;MYOD1;CHD5;RB1;ATP6V1G2;ACTL6B;ATP6V1C1;SRCAP;BICRA;PEX26;UFD1;SMARCA1;ACTB;DPF1;ACTL6A;DERL2;ATP6V0A2;ATP6V0A4;DMAP1;RBBP7;FAF2;AFG2A;MBD3;GATAD2A;MYBBP1A;UBXN2A;ACTR5;VCP;BRD9;INO80C;TRRAP;ATP6V1D;DDX21;UBXN6"
"GOCC_ATPASE_DEPENDENT_TRANSMEMBRANE_TRANSPORT_COMPLEX",0.955345911949686,1,0.268316211815582,0.719476218305221,6075,60,"ATP6V1B1;ABCG5;FXYD2;ATP1B2;SLC9A2;TESC;ABCA2;ATP6V1C2;FXYD1;CHP2;ABCG8"
"GOCC_AUTOLYSOSOME",0.880872483221476,1,-0.311732447671275,-0.719824982924667,3674,19,"RAB30;HLA-DRA;LRRK2;C9orf72;PIK3C3;CLN3;GAA;FTH1;RAB39B;LAMP2;LAMP1;SQSTM1;FTL;MAP1LC3A;NCOA4;HLA-DRB1;PLEKHM1;RAB39A;STX17"
"GOCC_AUTOLYSOSOME_MEMBRANE",0.869198312236287,1,-0.367003665893894,-0.6688334086599,3913,7,"RAB30;HLA-DRA"
"GOCC_AUTOPHAGOSOME",0.689939608189719,1,0.306710453606395,0.905477570909732,4683,126,"PEG3;MEFV;RUFY4;ATG9B"
"GOCC_AUTOPHAGOSOME_MEMBRANE",0.363111599780099,1,-0.358644641195968,-1.03999041026415,1320,63,"IRGM;TMEM150B"
"GOCC_AXOLEMMA",0.693454992103878,1,0.41962192104899,0.841143956051014,3951,13,"SLC1A2;KCNC1;ROBO2;EPB41L3"
"GOCC_AXON",1,1,-0.165258555422088,-0.606591352441175,1559,625,"POTEKP;ADCY10;OPRM1;MYOC;ROBO4;OXT;CACNG2;INSRR;MYOT;FSCN3;ACTL8;POTEI;SCN1A;CRH;HAPLN2;NTRK2;C4A;KCNK2;NCAM2;GPER1;NCMAP;KCNA2;UNC5C;GABRG2;CALCA;GHRL;MAP2;SLC6A3;SLC8A1;RGS7BP;DISC1;ADAM21;KCNQ3;PRPH;GRM3;CNTF;CALB1;GNRH1;UNC13A;DLG2;TRPV2;CRHR2;UNC80;COMT;MAG;MYPN;USH2A;SLC5A7;RIN3;KCNH1;TRPC5;NEXN;SPOCK1;TACR3;MDGA1;DAGLA;SYT5;CHRNA10;PRKN;SCN9A;SYT4;BCAR1;TENM2;KIF21A;GRIK2;SNCA;KCNAB1;PTK2B;LRP2"
"GOCC_AXON_CYTOPLASM",1,1,0.172848032516346,0.46749097269855,6380,64,"AGBL4;RAB27B;NEFL;KIF3A;BLOC1S2;DYNC1H1;ARL8A;AP3S2;KIF5A;SPG7;KIF1B;KIF4A;BLOC1S5;TRIM46"
"GOCC_AXON_HILLOCK",0.495915213071318,1,-0.56783739717969,-0.999637342850339,2245,6,"MAP2;SPTBN4;NDEL1"
"GOCC_AXON_INITIAL_SEGMENT",0.941820837390458,1,-0.283408935034804,-0.666662933242941,3868,21,"SCN1A;KCNA2;MAP2;KCNQ3"
"GOCC_AXONAL_GROWTH_CONE",0.542997127893225,1,0.410911337918592,0.947943560753583,3213,25,"BOC;SCN11A;PTCH1;FLRT3;COBL;EPHA4;NIN;GPM6A"
"GOCC_AXONEMAL_A_TUBULE_INNER_SHEATH",0.462160176340926,1,-0.402941657842554,-0.985015385251178,1886,25,"EFCAB6;CIMIP2A;SPMIP9;CFAP53;PIERCE2"
"GOCC_AXONEMAL_B_TUBULE_INNER_SHEATH",0.0935862691960253,1,0.73881400975911,1.36057233421461,517,9,"CFAP52;CFAP276;CFAP90"
"GOCC_AXONEMAL_CENTRAL_APPARATUS",0.385520763935154,1,-0.599856913654726,-1.09318892848305,1735,7,"SPAG17;CFAP65;HYDIN"
"GOCC_AXONEMAL_DOUBLET_MICROTUBULE",0.573184723815768,1,0.370976998320387,0.930181751152693,3496,39,"CFAP52;CFAP276;CFAP206;CFAP141;TEKTIP1;CFAP73;SPACA9;SPAG8;RIBC2;SPMIP8;CFAP90;TEKT5"
"GOCC_AXONEMAL_DYNEIN_COMPLEX",0.908798646362098,1,0.309679317288924,0.696080532114966,5370,22,"DNAI2;DNAH12;DNAH8;CCDC65;DNAH7;ODAD1;CFAP70"
"GOCC_AXONEMAL_MICROTUBULE",0.656164162223299,1,0.345320413543546,0.891522204316194,4060,47,"CFAP52;CFAP276;CFAP206;CFAP141;TEKTIP1;SPACA9;SPAG8;RIBC2;SAXO2;SPMIP8;CFAP90;TEKT5"
"GOCC_AXONEMAL_NEXIN_LINK",0.981501245108502,1,0.262289650000638,0.494428765510359,5517,10,"CCDC65;TCTE1;FBXL13"
"GOCC_AXONEME",0.981461286804798,1,-0.244114341426072,-0.826144371488152,2699,217,"EYS;RSPH14;CLXN;CFAP61;EFCAB6;CIMIP2A;SPMIP9;DYDC1;SPAG17;DNAI3;DNAI1;CFAP53;CCDC63;CYS1;CFAP65;DRC1;PIERCE2;DNAJB13;AKAP14;BBOF1;DNAH9;IQUB;DNAH2;HYDIN;DNAI4;CFAP184;MNS1;CFAP45;RSPH4A;MAPK15;RSPH10B;EFHB;KATNIP;PIERCE1;NPHP1;DNAL4;SAXO1;DNAL1;CFAP74;ODAD4;CFAP300;B9D2;WDPCP;CFAP95;IQCD;CFAP210"
"GOCC_AZUROPHIL_GRANULE",1,1,-0.183974224906623,-0.591020071714337,3176,136,"PIGR;CD68;OLFM4;RAB44"
"GOCC_AZUROPHIL_GRANULE_LUMEN",0.263352886693424,1,0.399647879203437,1.10748209230352,1705,76,"MPO;ARG1;PRSS2;AZU1;LYZ;PLAC8;SERPINB3;RNASET2;PRTN3;ADA2;NPC2;ARSA;TOLLIP;AGA;DYNC1H1"
"GOCC_AZUROPHIL_GRANULE_MEMBRANE",0.361794109700081,1,-0.368771693723495,-1.04376092099337,1338,54,"PIGR;CD68;RAB44"
"GOCC_B_CELL_RECEPTOR_COMPLEX",0.745115067303517,1,-0.475469274434454,-0.773159915221294,3431,4,"SYK;CD79B"
"GOCC_B_WICH_COMPLEX",0.972904624277457,1,0.281526167696988,0.506969644372592,5385,8,"ERCC6;MYO1C;SF3B1;DEK;SMARCA5"
"GOCC_BARR_BODY",0.410465886509163,1,-0.615444603786916,-1.08344644339522,1858,6,"LRIF1;MACROH2A1;FIRRE;H2AZ1"
"GOCC_BASAL_CORTEX",0.758085664335664,1,-0.452292728114868,-0.766795766490427,3468,5,"PHLDB2;PKD2;CLASP2;PHLDB1;CLASP1"
"GOCC_BASAL_DENDRITE",0.625655594405594,1,-0.522482281162455,-0.885791825421262,2862,5,"MAP2;MAP1B;YKT6;MAPK8"
"GOCC_BASAL_PART_OF_CELL",1,1,-0.194906106513274,-0.677633980718519,2460,289,"SLC2A9;SLC22A1;ADCY10;SLC23A1;SCN3A;SLC39A5;ABCA8;SCTR;CLRN1;DIO1;C5AR2;CDH17;MUC20;FOLR1;AQP3;CALHM1;FRMPD2;TGFA;TGFBR3;HFE;RHCG;DLG2;BEST1;KCNQ1"
"GOCC_BASEMENT_MEMBRANE",0.560211002260738,1,0.332357918620196,0.951099883065688,3716,97,"COL4A3;VTN;ANG;COL13A1;NTN1;NTN4;EFNA5;SMOC2;PAPLN;VWC2;EGFLAM;LAMA3;LAMA4;NTN5;HMCN1;COL7A1;ACTA2;COL16A1;COL28A1;FN1;FREM1;THBS4;HMCN2;COL15A1;LAMA5;LAMA2;COLQ;CD151;THBS2;LAMB1;ENTPD2;ITGB4;LAMB2;COL4A2;COL17A1;COL5A1;LAMC1;EFEMP2;FRAS1"
"GOCC_BASOLATERAL_PLASMA_MEMBRANE",0.997564605601407,1,0.233739401197339,0.73645987224157,7372,244,"SLC10A1;SLC40A1;SLC14A1;ATP6V1B1;SLCO1B1;SLC26A5;SLC9A4;SLCO6A1;LPO;CA9;BEST2;FXYD2;AQP7;PTH1R;SLC4A1;CD38;C5AR1;ADRA2A;SLC16A3;SLC16A7;SLC4A5;SPEF1;SLC4A4;SLC9A2;ERBB4;ATP2B4;SLC26A1;PLPP3;HPGD;SLC38A3;SLC26A7;SLCO1A2;TESC;AJAP1;CFTR;CASR;SLC47A1;CADM1;SLCO2A1;NAIP;NDRG4;ADCY8;SLC4A10;CA11;PDGFB;ABCA1;HCN1;ERBB3;CNNM2;CD1D;LRRC7;RHBG;SLC26A11;SLC16A8;CHP2;NOD2;CD44;CLCNKA;KCNJ4;SLC8A2;SLC6A12"
"GOCC_BBAF_COMPLEX",0.962824617573817,1,0.299793802513647,0.565125919700295,5412,10,"SMARCA2;ARID1B;ARID1A"
"GOCC_BBSOME",0.954545454545455,1,-0.288830580427452,-0.542852324654716,4262,8,"BBS4;BBS7;BBS5;TTC8;BBS9"
"GOCC_BCL_2_FAMILY_PROTEIN_COMPLEX",0.910174315190324,1,0.344419505601622,0.649247543591155,5116,10,"BIK;PMAIP1"
"GOCC_BETA_CATENIN_DESTRUCTION_COMPLEX",0.802797202797203,1,-0.368134344511362,-0.758237109278395,3443,12,"APC2;DACT1;CACYBP;APC;GSK3A"
"GOCC_BETA_CATENIN_TCF_COMPLEX",0.874539392875943,1,0.350891213641145,0.703371317799186,4983,13,"LEF1;TLE4;TCF4;BCL9L;TLE3;TCF7"
"GOCC_BLEB",0.822944896115628,1,0.399601840808507,0.73589185116096,4554,9,"PTPRC;P2RX7;TPM1"
"GOCC_BLOC_1_COMPLEX",0.927729636048527,1,0.314064137936913,0.650997076566974,5352,15,"SNAP25;BLOC1S2;STX12;BCAS4;BLOC1S5"
"GOCC_BLOC_COMPLEX",0.984086242299795,1,0.258809881670017,0.569813726205143,5750,20,"SNAP25;BLOC1S2;STX12;HPS1;BCAS4;BLOC1S5;HPS3"
"GOCC_BLOOD_MICROPARTICLE",0.865177078583371,1,0.287572646363027,0.815956491631179,5691,91,"A2M;ORM1;F2;PLG;APOA2;HBA2;CPN2;CFB;POTEE;VTN;SLC4A1;SERPINF2;C4B;HBA1;TF;APOA1;TGFB1;C1R;CP;FN1"
"GOCC_BORC_COMPLEX",0.909320809248555,1,0.354222069396385,0.637879732530208,5033,8,"BLOC1S2;BORCS7;BORCS5;BORCS8;KXD1;BLOC1S1"
"GOCC_BOX_C_D_RNP_COMPLEX",0.924707440936189,1,-0.321148724283012,-0.565359483183981,4187,6,"FBLL1;RRP9;NOP56;NOP58;FBL;SNU13"
"GOCC_BOX_H_ACA_RNP_COMPLEX",0.208697552447552,1,-0.75629053374842,-1.28217931323404,954,5,"TERC"
"GOCC_BOX_H_ACA_TELOMERASE_RNP_COMPLEX",0.208697552447552,1,-0.75629053374842,-1.28217931323404,954,5,"TERC"
"GOCC_BRAHMA_COMPLEX",0.382938832903679,1,-0.498475301377592,-1.06627448949155,1633,14,"DPF3;ACTL6B;ACTB;ACTL6A"
"GOCC_BRCA1_A_COMPLEX",0.944021495745634,1,-0.300598340088786,-0.564969635358725,4215,8,"BRCC3;BABAM2;UIMC1;BABAM1;BARD1;BRCA1;MPND;ABRAXAS1"
"GOCC_BRCA1_C_COMPLEX",0.859130050783838,1,-0.37683027424537,-0.663382890811968,3890,6,"NBN;RAD50;RBBP8"
"GOCC_BRISC_COMPLEX",0.934201810554206,1,-0.312270814837689,-0.54973055516327,4230,6,"BRCC3;BABAM2;SHMT2;BABAM1;ABRAXAS2;MPND"
"GOCC_BRUSH_BORDER",0.770716131975065,1,0.303178034315321,0.862156358980664,5068,93,"SLC6A19;CDHR5;SLC34A3;DRD5;SLC17A3;ACE2;CUBN;CD36;ANKS4B;ENPEP;SLC7A9;ACTN3;SCART1;AMN"
"GOCC_BRUSH_BORDER_MEMBRANE",0.28357969151671,1,0.427666957361828,1.10904397039506,1764,48,"SLC6A19;CDHR5;SLC34A3;DRD5;SLC17A3;ACE2;CUBN;CD36;SLC7A9"
"GOCC_CAJAL_BODY",0.97196261682243,1,-0.253512145239852,-0.73512934434416,3535,63,"TERC;USH1G;TOE1;U2AF1;FBLL1;LSM10;CDK2;SHQ1;AK6;ZC3H8;LSG1;GEMIN4;NOP10;PRPF31;PRPF4;NHP2;ELL;ZPR1;PRPF3;ANGEL2;NOLC1;ISG20;DDX46;TGS1;DDX42;SART1;HNRNPA2B1;EFTUD2;ICE1;HINFP"
"GOCC_CALCINEURIN_COMPLEX",0.89550313306303,1,0.385100609996029,0.631183772293176,4858,5,"ITPR1;PPP3CB;PPP3CA"
"GOCC_CALCITONIN_FAMILY_RECEPTOR_COMPLEX",0.99847027972028,1,-0.21926931439004,-0.371738857479134,4568,5,"CALCRL"
"GOCC_CALCIUM_AND_CALMODULIN_DEPENDENT_PROTEIN_KINASE_COMPLEX",0.455768521931441,1,0.646106866064972,1.05897565062703,2472,5,"CAMK1G;CAMK2A;CAMK2D;CAMK2B;CAMK2G"
"GOCC_CALCIUM_CHANNEL_COMPLEX",0.968488047190314,1,0.260953382472625,0.712529661925247,6238,68,"PKD2L1;CATSPER1;CACNA1S;CACNA1F;CATSPERE;CATSPERB;CACNB4;CACNG3;CACNA1E;CACNA1D;CACNA1C;CACNB3;RYR3"
"GOCC_CALYX_OF_HELD",0.874957118353345,1,0.329405527385815,0.716536231754141,5100,19,"UNC13C;PRKCG;KCNC1;PRKCB;CPLX1"
"GOCC_CAMP_DEPENDENT_PROTEIN_KINASE_COMPLEX",0.048025613660619,1,0.763470790779923,1.43917962675087,269,10,"PRKY;PRKACG"
"GOCC_CANONICAL_INFLAMMASOME_COMPLEX",0.0437663469921534,1,0.714306975772675,1.45633686440836,250,14,"MEFV;NLRC4;CASP1;CASP4;NLRP6;NLRP3"
"GOCC_CARBOXY_TERMINAL_DOMAIN_PROTEIN_KINASE_COMPLEX",0.687590187590188,1,-0.364070020484095,-0.84979640795277,2858,20,"RB1;MNAT1;CDK9;CCNH;CDK12;GTF2H5;ERCC2;ERCC3;GTF2H3;CCNK;GTF2H4"
"GOCC_CARDIAC_MYOFIBRIL",0.296469020652898,1,-0.647837006002203,-1.18062862376353,1334,7,"MYH7B;MYBPC3"
"GOCC_CARGO_RECEPTOR_COMPLEX",0.98885077186964,1,0.245191936355913,0.533351421050053,5764,19,"COMMD3;LMAN1;COMMD6;VPS26C;DENND10;VPS35L;MCFD2;LRP1;CCDC22;COMMD8;COMMD7;COMMD5;COMMD10;VPS29;COMMD2;CCDC93;COMMD4;COMMD1;COMMD9"
"GOCC_CASPASE_COMPLEX",0.570710571923744,1,0.445887712787393,0.92424305241764,3292,15,"CASP1;CASP8;PIGS;PIGK;CASP7"
"GOCC_CATALYTIC_STEP_1_SPLICEOSOME",0.854748603351955,1,-0.282596920219763,-0.826924220119476,3059,67,"WDR70;YJU2;KIN;SF3A3;SNRPB2;BUD31;PLRG1;SNRPG;BCAS2;CRNKL1;PRPF19;PPIL2;RBMX2;DHX38;SNRPA1;DHX8;SF3B5;CWC15;SNRNP40;EIF4A3;RBM8A;SF3B4;PHF5A;XAB2;PPWD1;EFTUD2;MAGOH;SF3A2;FAM32A;SNRNP200;CACTIN;BUD13;CWC25;CWC22;SNRPB;SNRPD3;SYF2;SF3B3;CIR1;PRPF8;SNRPF;CDC5L;SRRM1;DHX16;PPIL4;PPIL1;PRKRIP1;SNRPD1;SNW1;SNRPD2;SF3B2;FRG1;MAGOHB;SF3B6;RBM22;CASC3;PSME3IP1;SF3A1;PPIE;SF3B1;SNIP1;AQR;SRRM2;ISY1;CDC40;SNRPE;SLU7"
"GOCC_CATALYTIC_STEP_2_SPLICEOSOME",1,1,0.202317290552585,0.586141291042161,6688,107,"RBM44;SNRPN;HNRNPA1L2;SLU7;SNRPE;PABPC1;CDC40;RNF113A;ISY1;SRRM2;HNRNPH1;AQR;SNIP1;SF3B1;HNRNPA1;RBM48;PPIE;SF3A1;HNRNPA1L3;CASC3;ZCCHC8;RBM22;SF3B6;MAGOHB;FRG1;SCNM1;SF3B2;SNRPD2;SNW1;RALY;SNRPD1;PRKRIP1;PNN;PPIL1;TFIP11;DHX35;DHX16;DDX41;GPKOW;SRRM1;CRIPT;CWC27;CDC5L;LSM7;SNRPF;WDR83;PRPF8;MTREX;SF3B3;SYF2;SNRPD3;PRP4K;SNRPB;CWC22;BUD13;CACTIN;LSM3;SNRNP200;HNRNPC;NKAP;FAM32A;ESS2;SF3A2;LSM2;MAGOH;EFTUD2;PPWD1;XAB2;RBMX;PHF5A;PRPF6;SF3B4;HNRNPA2B1;RBM8A;DDX5;HNRNPR;DDX23;SART1;HNRNPK;EIF4A3;SYNCRIP;SNRNP40;CWC15;SF3B5;DHX8;SNRPA1;HNRNPA3;DHX38;RBMX2;PPIL2;PRPF19;CRNKL1;ARMC7;BCAS2;SNRPG;HNRNPF;HNRNPM;HNRNPU;ALYREF;PLRG1;BUD31;GPATCH1;PPIL3;SRSF1;SNRPB2;SF3A3;U2AF1"
"GOCC_CATENIN_COMPLEX",0.954028752925443,1,0.278957048005288,0.668960379741854,5706,31,"CDH12;CDH9;CDH13;CDH11;CDH18;CDH8;CDH6"
"GOCC_CATION_CHANNEL_COMPLEX",0.999639509733237,1,-0.224674719238804,-0.759363850455116,2772,214,"KCNE4;SCN3A;CHRNA2;CACNG2;CACNG1;CNGA2;SCN1A;KCNK2;PKD1L3;CATSPER3;KCNA2;PKD1L1;PDE4D;C2CD6;CACNA2D4;CATSPER4;KCNJ8;KCNQ3;KCNMB3;KCNMB1;ABCC8;DLG2;KCNMB2;TMEM262;KCNQ1;UNC80;KCND2;KCNIP3;KCND3;KCNF1;KCNV1;KCNH1;TRPC5;SCN9A;KCNV2;AKAP6;MCUB;GRIK2;KCNAB1;DPP6;KCNA7;CATSPER2;SCN5A;CACNA1G"
"GOCC_CATSPER_COMPLEX",0.763830532212885,1,0.399505289213368,0.787998472032545,4362,12,"CATSPER1;CATSPERE;CATSPERB"
"GOCC_CAVEOLA",0.993526510480888,1,0.235235628791652,0.653726359187121,6445,78,"ADRA1B;CD36;HCK;TFPI;PTCH1;EFNA5;CDH13;ASAH2;ATP2B4;PLPP2;INSR;PLVAP"
"GOCC_CBM_COMPLEX",0.809671009052771,1,-0.409112107829514,-0.720212762367924,3666,6,"CARD10;CARD11"
"GOCC_CCAAT_BINDING_FACTOR_COMPLEX",0.729082196830077,1,0.497129823186889,0.814800779260714,3955,5,"ING2;CEBPZ;NFYB;NFYA"
"GOCC_CCR4_NOT_COMPLEX",0.995688168333908,1,0.219060122794146,0.461056900473036,5772,16,"CPEB3;CNOT10;CNOT6;CNOT6L;CNOT7;CNOT1"
"GOCC_CCR4_NOT_CORE_COMPLEX",0.849194082578936,1,-0.38283089512487,-0.673946556997443,3845,6,"CNOT9;CNOT2;CNOT8;CNOT3;CNOT1;CNOT7"
"GOCC_CD40_RECEPTOR_COMPLEX",0.992225017150697,1,-0.217319125936221,-0.440818876399177,4338,11,"CD40;TRAF6;TRAF2;DIABLO;HTRA2;RNF31;BIRC2;CHUK;IKBKB;TRAF5;TRAF3"
"GOCC_CD95_DEATH_INDUCING_SIGNALING_COMPLEX",0.895121505572812,1,0.380024253773379,0.645283930461536,4898,6,"FAS;CASP8;CFLAR"
"GOCC_CDC73_PAF1_COMPLEX",0.488563180102154,1,-0.550360249925123,-1.00298540901975,2199,7,"PAF1;PEX2;CDC73;SKIC8;LEO1;CTR9"
"GOCC_CELL_BODY",1,1,0.166988653554764,0.552418886645288,8169,509,"EVX1;GLRA3;GRIA2;CYBB;KCNA1;RCVRN;TMPRSS5;S100B;BGLAP;RGS8;SLC22A4;CACNA1F;ASCL1;ANG;GFAP;ERMN;TRPM2;PSD2;P2RX2;SLC6A2;GABRA2;TACR1;WNK4;SLC1A2;RIT2;SCN11A;AZIN2;CCR2;ADRA2A;NPY;SLC6A1;CACNA1E;CX3CR1;HPN;CRHBP;NRSN1;ASIC2;ATP1B2;HIP1R;SYNDIG1;GRM5;KCNC1;INSR;KCNB2;MPL;CHRNA3;CACNA1C;INPP5F;SLC1A4;COBL;GRIP1;SLC8A3;STMN2;NPFF;NAPEPLD;RNF112;PJVK;SNCAIP;TGFB1;KLHL14;ACTA2;PTPRN;UNC5A;KCNN1;TNN;PPP1R1B;CASR;CASP8;WHRN;RTN4RL1;ADCY8;EPHA4;DSCAM;SLC4A10;FEZ1;CPLX1;IL6ST;GNB3;KCND1;FLRT1;SEMA4F;HMCN2;ALCAM;HCN1;P2RX7;NTRK1;RNF157;PTBP2;KLHL24;EPHA7;CX3CL1;INHA;CIB1;VPS13A;SRR;GPM6A;GFRA1;SLC25A27"
"GOCC_CELL_BODY_FIBER",0.587767719143299,1,-0.518590985848999,-0.912942538999741,2661,6,"SRD5A2;SPTBN4;PENK"
"GOCC_CELL_BODY_MEMBRANE",0.54579249746536,1,0.400995888719016,0.943233869701486,3229,28,"RGS8;SLC6A2;CX3CR1;ATP1B2;KCNC1;INSR;KCNB2;UNC5A;ADCY8;FLRT1"
"GOCC_CELL_CELL_CONTACT_ZONE",0.987005649717514,1,-0.240793353445423,-0.714571166215791,3493,74,"PGM5;SCN1A;CAV3;CTNNA3;PECAM1;SLC8A1;AKAP6;FGF13;SPTBN4;SCN5A;PCDHA10;VCL;CADM4;FHOD1;CDH2;RAP2C"
"GOCC_CELL_CELL_JUNCTION",1,1,-0.169167375352221,-0.612843615514092,1820,511,"GJB1;ESAM;NHERF4;DSG4;TMEM204;PRICKLE4;CDHR2;PGM5;CDH19;PCDHGA12;SCN1A;SKAP1;CAV3;CDH17;CTNNA3;MYH2;CDH10;PLXDC1;KCNA2;PECAM1;LDB3;DCHS2;AQP3;CRB1;GJB2;SLC8A1;FRMPD2;VSIG10L2;STEAP1;GJD2;ABCC2;DLG2;PDLIM4;NDRG1;NCK1;TRIM29;MAPK15;SHROOM4;NEXN;EPPK1;ALOX15B;LYN;SMAD7;CYTH1;NPHP1;LIMS2;AKAP6;FAT2;TENM2;SHROOM1;PDLIM7;ADGRB1;CLDN18;ARHGEF6;AMOTL1;VAV1;FGF13;EPHA2;WWTR1;PLEKHG5;SPTBN4;SCN5A;PRKCH;FRMD4A;MXRA8;GRIA1;CDC42EP1;PTPRM;MPP2;NFASC;CSK;PALS2;PCDHA10;ANXA1;WTIP;VCL;PMP22;PTPRJ;MAGI1;NIBAN2;GJB7;TEK;ITGB3;CLMP;CLDN10"
"GOCC_CELL_CORTEX",1,1,0.128344209985257,0.411796432671624,7637,309,"OSR1;GAD1;EXOC3L4;GMFG;OR2C1;SPINK5;ERMN;SNAP25;PARD3B;SLC4A1;CLIP4;ACTN3;HIP1R;GRM7;NLRP7;COBL;HMCN1;PJVK;RASAL3;COBLL1;SPTB;PRKCB;POTEF;HMCN2;FGFR2;MPP7;KIAA1614;CABP1;CALB2;MLPH;GSN;FRY;TSC1;CDH1;GUCY1B1;STOX1;DYNC1H1;GPSM2;KCNC3;PPFIA3;RIMS2;ADD3;CYTIP;MYO10;PRKD1;FMN2;PRKCZ;EEF1A1;MYO5B;FIGNL2;ITPR2"
"GOCC_CELL_CORTEX_REGION",0.958619000979432,1,-0.269692872319876,-0.677540852895464,3914,28,"SPTBN5;PHLDB2;DCTN1;ERC1;SAPCD2;RIMS3;BSN;CTBP1;TCHP;PKD2;OSBPL2;INSC;RIMS1;CTNNB1;STXBP1;CLASP2;PHLDB1;CLASP1;ERC2;PCLO;CTNNA2;NUMA1;MYO5B;PRKCZ;RIMS2;PPFIA3;GPSM2;GUCY1B1"
"GOCC_CELL_DIVISION_SITE",1,1,0.133050569857349,0.361334600563513,6393,66,"OR2A4;PSD2;HMCN1;PSD;HMCN2;PLCD3;PLEKHG6;SSH1;PLK4;SEPTIN2;SPIRE2;SEPTIN8;RHOC"
"GOCC_CELL_LEADING_EDGE",1,1,-0.144533137548858,-0.516986247880714,1990,428,"TLR4;CLRN1;PLEK;FSCN3;PKHD1L1;PEAR1;GABRG3;GPER1;CTNNA3;KCNA2;UNC5C;GABRG2;DOCK8;TESK1;FGR;PDLIM4;GABRA4;VIL1;DUOXA1;ACTC1;USH2A;APC2;SHISA7;APBB1IP;TACR3;DAGLA;SHISA9;LCP1;BCAR1;PDLIM7;ARHGEF6;PTK2B;EPHA2;MTSS2;WIPF1;PLEKHG5;TIRAP;IFIT5;AIF1;FAM89B;GRIA1;ARHGAP18;PSTPIP1;PTPRM;MPP2;SH2B2;ADORA1;DPP9;PSD4;PTPRJ;TUBB3;ITGB3;SPRY4;AKAP5;CADM4;DDX3X;ACTB;ERBB2;PHLDB2;CDH2;PHPT1;AMPH;AJUBA;PIEZO1;MYO1D;SNX1;NDEL1;DCTN1;DDN;PLEKHO1;EGFR;PDE9A;ARHGAP45;PPP1R9B;ARPC5;SH2D3C;ARFIP2;ABLIM1;RAC2;MKLN1;MYO9B;THEM4;LAMP5;TWF1;INPP5K;ACTA1;TRPM7;KITLG;FRMD4B;GABRA5;FSCN1;LDB1;HAX1;APPL1;ANKRD28;ATP2B2;MTMR9"
"GOCC_CELL_POLE",0.955011655011655,1,-0.292575215957324,-0.602609860507423,4096,12,"LRIT3"
"GOCC_CELL_PROJECTION_MEMBRANE",1,1,0.187688682715805,0.604930283973633,7713,333,"SLC6A19;PKD2L1;RHO;CNGB1;CDHR5;SLC34A3;DRD5;PDE6A;SLC17A3;PDE6H;CA9;ACE2;CUBN;GABRA1;CD36;TAS2R4;GPR37L1;TSPEAR;FAM107A;FGD2;PSD2;GABRA2;SLC1A2;CNGA1;SLC7A9;PTCH1"
"GOCC_CELL_SUBSTRATE_JUNCTION",1,1,0.107938331391532,0.352802224012149,7960,412,"XIRP1;ITGA8;PEAK3;FAM107A;LPXN;HCK;AHNAK;XIRP2;ITGB2;FLRT3;NRAP;PTPRC;ACTN3;EFNA1;CDH13;LAMA3;THSD1;NRP1;ARHGAP31;TNS3;RHOU;HMCN1;B2M;NPHS1;LAYN;PARVG;TRIM15;PRAG1;SH3KBP1;SRCIN1;CD99L2;FLRT1;TNS1;ALCAM;RPL9;DMD;ZNF185;STX16;CD151;CD44;FZD1;FBLN7;RPL13A;FGFR3;GSN;ITGB4;ITGA2B;PROCR;TRIOBP;COL17A1;SLC9A5;TLN2;GJA1;RPL37A;RPL30;GIT1;PDLIM1;PABPC1;RPL31;SCARB2;NHS;RPS4X;RPL4;FAT1;RPL38;RPL3;ARHGEF2;RPL22;RPLP2;RPS3A;RPS16;DPP4;RRAS;PEAK1;RPL7A;ARL14EP;RPL23;RPS10;RPL5;PTPN12;EPB41L2;RPS19;TRPV4;RPS2;EPB41L5;RPS3;RPS18;RPS9;AFAP1;FERMT3;RPL18;RPS8;MAP2K1;CAV2;RPS17;RPS11;GRB7;RPL7;TNS4;AVIL;RPS7;DIXDC1;VIM;ITGAV;FLNB;SORBS2;RPL27;RPLP0;ITGA6;LAMTOR3;RPS29;FOCAD;CD99;RPL10A;SNTB1;PTPRA;RPS5;RPLP1;DAG1;RPS15"
"GOCC_CELL_SURFACE",0.325984070183539,1,0.307097115703707,1.03572533932473,2823,742,"IL9R;SIRPB1;WNT1;FGF10;ITGAX;CCR6;IL2RG;SCNN1B;CD274;F2;STRCP1;CD69;DNAI2;GPC5;CCR3;PKD2L1;IL5RA;CCR1;UMODL1;PLG;IL3RA;GRIA2;CD226;MR1;SLC26A9;CRLF2;CD209;KCNA1;KLRD1;P2RX1;RAET1G;C1QA;IL1RAPL1;SHH;TIGIT;PRND;ACVRL1;IL1RL1;CD8B2;CD80;SLAMF8;TREML1;FCRLB;CYP2W1;H1-1;ITGAM;VCAM1;CLEC5A;TSPAN32;CFB;ACE2;SCNN1G;NDP;ISLR2;CUBN;CORIN;TNFRSF9;LTF;ITGA8;CD36;ITGA10;WNT4;TSPEAR;ALPP;SLC6A2;DSCAML1;STRC;LRFN5;TACR1;SLC1A2;GLDN;TFPI;ENPEP;IGSF5;ACKR3;ITGB2;FZD10;SLC32A1;MUC16;PPFIA2;EFNA5;AZGP1;CCR2;LRRTM1;SERPINF2;CD38;CNTFR;ADGRA2;BTN3A2;CLEC4D;PTPRC;FLT3LG;SLC6A1;CLEC4A;RTP1;CDH13;CX3CR1;SLIT2;MOG;CD34;HPN;DUOX1;SLITRK3;ATP1B2;HJV;FAS;CSF2RA;C4B;PDGFA;SLC4A4;CLEC7A;ERMAP;CFC1;SULF1;CCR8;TF;KCNC1;GRIN1;INSR;ADGRG6;CXCR4;MPL;GP6;PLVAP;PPFIA4;KCNE2;IL17RB;SLC1A4;HLA-H;NRCAM;CD1C;BTN3A3;ASGR1;CD8B;FCER1G;TNFRSF13C;CRIPTO3;B2M;FGFBP1;TGFB1;FCGR2A;ADAMTS13;SPTB;ADAM8;VAMP5;LAYN;RTBDN;TREML2;WNT5A;C1R;AQP11;GPR37;AJAP1;CFTR;GFRA2;VWDE;AGER;TNN;NT5E;CPM;CASR;MSLN;LAG3;KCNH5;FCER2;RTN4RL1;CLEC4G;ABCG1;EPHA4;CD99L2;EFNB1;IL6ST;BGN;ABCA7;TNS1;IL31RA;PDGFB;BTN3A1;ABCA1;ALCAM;FGFR2;HLA-A;LY75;HCN1;GPRC5B;CLSTN2;ROBO2;P2RX7;CTSK;BST2;NTRK1;DMD;PDGFRA;CD1D;RGMA;AOC3;PDGFC;THBD;MICB;ADGRG2;CXCL12;CLU;CD151;IL1RAP;HLA-F;CLSTN3;SLC2A4;CX3CL1;TNFSF4;CSPG5;NOD2;CD44;IL1R1;FZD1;TNFRSF11A"
"GOCC_CELL_TIP",0.902171479740318,1,-0.337805078393188,-0.651587388052279,4029,9,"LRIT3"
"GOCC_CELL_TRAILING_EDGE",0.998345935727788,1,-0.188585991196231,-0.410586904136694,4224,15,"PSTPIP1;SELPLG;MSN;EZR;FLOT1;PIP5K1B;SPN;ICAM2;PIP5K1C;DNM2;MYH9;BST1;FLOT2;PRICKLE1;ICAM5"
"GOCC_CENTRAL_ELEMENT",0.231496635751955,1,0.700419598301123,1.22494075114102,1272,7,"SYCE3;TEX12;SYCP1;SYCE2;C14orf39"
"GOCC_CENTRIOLAR_SATELLITE",1,1,-0.19596364574767,-0.598763263817522,3422,91,"ZMYND10;CFAP53;PAX2;PTPN20;PIBF1;NEK6;TMEM63A;ASAP1;DYSF;MAP3K11;TEX9;BBS4;BBS7;BBS5;TTC8;CEP72;TRAPPC14;BBS9;NR0B1;G6PD;MICALL1;CCDC14;WDR62;KNSTRN;OFD1;KRT18;FAM184A;CEP290;FLOT1;TPGS2;CCDC112;CEP68;CCDC18;MCRS1;TBC1D31;ODF2L;C2CD3"
"GOCC_CENTRIOLAR_SUBDISTAL_APPENDAGE",0.992173603699751,1,0.239007064818747,0.45053995842497,5577,10,"NIN;CCDC61;CCDC68;CEP170;CNTRL;CEP128;CCDC120"
"GOCC_CENTRIOLE",1,1,0.127427026767422,0.387217418152661,6964,169,"AGBL4;TSKS;C10orf90;FTCD;CCDC92;DEUP1;RILPL1;SAXO2;CCDC102B;POC1B;SDCCAG8;CFAP221;FBF1;ODAD3;AGBL3;CAPG;KIF3A;NIN;SPICE1;ENKD1;MAGI2;TSGA10;MDM1;ARMC9;CEP41;STARD9;MPHOSPH9;CCDC68;CEP43;TOP2A;CEP192;CNTROB;CEP83;PLK4;CEP350;CCHCR1;MKS1;LCA5"
"GOCC_CENTROSOME",1,1,-0.168842581849831,-0.619196161750608,1563,620,"EYS;BIRC7;ZMYND10;CCDC178;SPATC1;DNAI1;RGCC;CLIC5;CFAP53;PAX2;KHDC3L;CCDC116;PKHD1;PLK5;PDE4D;DISC1;IRAG2;TESK1;PTPN20;NDRG1;CFAP184;TTC23L;PARP3;NR3C1;CEP112;USP50;FAM110B;SAXO1;RABEP2;CEP126;POLR3H;PIBF1;DZANK1;EVI5;B9D2;USH1G;SNX10;TMEM67;CDH23;NEK6;WRN;TRAF3IP1;TAPT1;SPOUT1;LRWD1;RILPL2;BRSK2;EEF1AKMT3;TMEM63A;LRRC45;KIF24;WDR35;TACC2;CEP76;ASAP1;SAC3D1;CCDC8;TMEM201;RPGR;DAPK3;PSEN2;NFS1;DDX3X;IFT46;DYSF;AKNA;IFT88;CFAP58;PPP2R3C;SIRT2;KIF13A;MAP7D2;CDK2;MAP7D1;RAB8A;GEN1;NME7;AJUBA;ORC2;MAP3K11;TEX9;NINL;TTC28;NDEL1;NCKAP5L;DCTN1;RITA1;SSNA1;BBS4;ODF2;GLI2;H2AX;PCGF5;BNIP2;ERC1;DTL;PLK2;IFT22;MLLT11;DTX4;CENATAC;BBS7;BBS5;TTC8;CEP89;CRMP1;KIFC3;TOPBP1;BICDL1;SPATC1L;CEP72;ATF5;TMUB1;TRAPPC14;PCLAF;CHEK1;BBS9;KLHL21;HNRNPU;CCDC85B;TUBGCP6;DCTN5;CEP164;CEP19;RAD51;TUBGCP3;BCCIP;TUBE1;CEP55;STIL;ATP6V1D;TRIP4;MISP;TP53;AHI1;NR0B1;LATS1;UBXN6;ATF4;MAPRE1;G6PD;ESPL1;RAD18;FIGN;DCAF1;CC2D1A;KIF3B;PCNA;CDC25B;MICALL1;APC;CCDC14;WDR62;ARL3;CTDP1;KNSTRN;OFD1;CCDC124;KRT18;GNAI3;MAP1S;KIF2A;TTLL12;MPLKIP;FAM184A;HAUS2;SKA1;RAB11FIP4;CEP290;ATM;RABL2B;CEP295;CEP85;FLOT1;AKAP9;TPGS2;CCDC112;NSFL1C;CEP68;ALMS1;TUBGCP4;CCDC18;MCRS1;TBC1D31;SKI;DHX9"
"GOCC_CEREBELLAR_CLIMBING_FIBER_TO_PURKINJE_CELL_SYNAPSE",0.962167002462503,1,-0.280418238736427,-0.540894733168622,4297,9,"ADGRB3;PLXNA4"
"GOCC_CEREBELLAR_MOSSY_FIBER",0.236901030004478,1,-0.654120602067591,-1.22940891131203,1057,8,"CACNG2"
"GOCC_CHAPERONIN_CONTAINING_T_COMPLEX",0.885157824042982,1,-0.349559913526868,-0.674261121550225,3953,9,"CCT2;CCT7;CCT3;CCT6A;CCT5;CCT4;TCP1;CCT8;CCT6B"
"GOCC_CHECKPOINT_CLAMP_COMPLEX",0.0961538461538462,1,-0.821308731450728,-1.39240810013222,439,5,"RAD9B;HUS1B"
"GOCC_CHITOSOME",0.456603773584906,1,0.461525533923529,1.0039290158861,2661,19,"TYRP1;OCA2;RAB27A;GPNMB"
"GOCC_CHLORIDE_CHANNEL_COMPLEX",0.984118581259926,1,-0.244642630859623,-0.67788782901108,3717,48,"BEST3;GABRG3;CLIC5;GABRG2;GABRB1;BEST1;GABRA4"
"GOCC_CHOLINERGIC_SYNAPSE",0.585190384277943,1,0.457437576460113,0.916946502099272,3334,13,"CHRM2;NEFL;GPR151"
"GOCC_CHROMAFFIN_GRANULE",0.975158190766346,1,-0.257861180222399,-0.551583594094771,4160,14,"DBH;SYT2;PENK;DNAJC5"
"GOCC_CHROMAFFIN_GRANULE_MEMBRANE",0.276248041190956,1,-0.612055456468875,-1.1805850229389,1233,9,"DBH;SYT2;DNAJC5"
"GOCC_CHROMATIN",0.00194405443352414,1,0.35579059652689,1.22582265820921,17,1301,"SOX17;ZFY;KDM5D;SRY;DMBX1;H2BC19P;HSF4;GATA5;RXRG;BARHL2;LHX5;HOXB2;MYT1L;SHOX2;H4C2;TBR1;EVX1;NKX2-5;SP5;H4C6;TAL1;SHOX;BHLHA9;LHX3;PAX4;OSR1;EBF2;PDX1;TLX3;SP7;DNMT3L;RHOXF2;EBF1;DMRTA2;EMX2;OLIG3;NKX6-3;HOXA7;POU4F2;HOXB1;PHOX2B;BHLHE22;TFAP2B;LMX1A;LHX9;NEUROD2;RFX8;FOXQ1;MSX1;HMX3;KLF14;SP9;H2AB3;IRX1;EN1;TSHZ2;MNX1;PRRX1;TBXT;EOMES;CDX2;CDX1;FOXE1;SOX14;EN2;HMX1;FOXC1;ARX;DMRT3;NKX2-1;PAX5;SPDEF;FOXB2;UNCX;TLX2;PROX2;LMX1B;HNF1B;H2BW2;CRX;NEUROG3;HOXB7;H2AC7;H1-1;RFX4;EGR3;GATA6;POU3F3;TFAP2A;FOXP2;IRX5;GATA4;FOXA2;BORCS8-MEF2B;POTEE;MIXL1;EBF3;ASCL1;TBX1;IRF8;IRX3;TBX3;POU3F4;ZHX3;HHEX;HOXB3;PAX7;FLI1;PROX1;H2BC8;SOX21;MUC1;H3C12;FANK1;NFE2;H2BC14;ZC3H6;SETSIP;SIX3;POU4F3;DMRT1;H4C3;GSC;TFAP2C;NEUROD4;MYF6;HOXA5;TFEC;GBX2;HOXC13;PRDM16;MEIS2;MEOX2;ARRB1;BHLHE41;FOXG1;H2BC3;PAX6;H3C13;HES4;H2AC12;ONECUT2;LEF1;EGR2;H2AC13;EGR1;SOHLH2;H2BC10;KAT2B;FOSB;ISL1;MAFB;ZEB2;ONECUT1;HES5;RHOXF1;TBX6;FOXN4;ID2;HES1;NFATC4;GRHL3;KLF4;SMARCA2;RBPJL;H2AC4;SP8;NR3C2;HAND1;HES3;FOXI2;STAT4;H2BC13;SOX9;SOX1;HMX2;TBX10;ESR2;SHLD1;H4C15;DMRTB1;LHX6;FOXB1"
"GOCC_CHROMATIN_SILENCING_COMPLEX",0.988747905195116,1,-0.23447209220304,-0.533151238262049,4129,18,"RB1;RRP8;SIRT2;EED;EZH2;TASOR2"
"GOCC_CHROMATOID_BODY",0.9578081232493,1,0.302750444566469,0.597155767812969,5470,12,"TDRD1;PIWIL2"
"GOCC_CHROMOCENTER",0.626435434731662,1,-0.411418506986695,-0.880053750491264,2672,14,"SOX30"
"GOCC_CHROMOSOMAL_REGION",1,1,-0.161729140005597,-0.576440724321968,2068,407,"H2BW1;TERB1;H4C13;KASH5;TERC;H3-5;TEX14;RPA4;PKHD1;PLK5;NLRP2;H4C4;H4C16;SYCP2;IKZF1;H4C12;REC8;H4C1;H4C8;FBXO28;ACTL6B;THOC3;CENPS;WRN;STAG3;SPOUT1;LRWD1;ZNF618;NSMCE1;H4C14;LRIF1;DAPK3;PSEN2;NBN;ACTB;MACROH2A1;ACTL6A;SIRT2;CENPV;NUP107;RAD50;CDK2;ESCO2;MCM5;ORC2;HAT1;NDEL1;DCTN1;CENPM;SETX;SLF2;H2AX;CENPT;CHMP1A;TRAPPC12;RBBP7;PLK2;H2BC11;DNMT3A;ZNF827;NUP98;CENPI;H2AC8;NSMCE3;EID3;SEH1L;TP53BP1;CDCA5;ALYREF;CHEK1;TELO2;NUP37;HNRNPU;MCM6;DCTN5;MSH2;EZH2;RAD51;KAT7;CDC73;SMG6;WRNIP1;THOC1;NSMCE2;CEBPB;NHP2;POLR2B;ORC5;NGDN;PPP2CB;PCNA;PPP1CA;TERF2;SUGT1;CHMP4C;APC;PPP2CA;NUP160;KNSTRN;CENPX;RTEL1;CENPN;MCM7;DAXX;SYCP3;ACD;C9orf78;KDM4D;SSB;SMC3;SKA1;STN1;MCM2;ATM;NAT10;ERCC6L;AHCTF1;MCM4;CHMP6;NABP2;CHAMP1;MCRS1;SMC1A;ITGB3BP;NCAPG;NSMCE4A;STAG2;APEX1;THOC7;UHRF2;FEN1;CLIP1;LIG4;XRCC6;BAZ1B;HNRNPA2B1"
"GOCC_CHROMOSOME_CENTROMERIC_CORE_DOMAIN",0.623032169746749,1,0.402905661386603,0.887064955721298,3640,20,"H4C2;H4C6;H4C3;H2AC4;H4C15;H4C5"
"GOCC_CHROMOSOME_CENTROMERIC_REGION",1,1,-0.131023810029423,-0.452539936998661,2549,267,"H4C13;H3-5;TEX14;PKHD1;PLK5;H4C4;H4C16;SYCP2;IKZF1;H4C12;REC8;H4C1;H4C8;FBXO28;ACTL6B;CENPS;STAG3;SPOUT1;LRWD1;ZNF618;NSMCE1;H4C14;DAPK3;PSEN2;ACTB;MACROH2A1;ACTL6A;CENPV;NUP107;ESCO2;ORC2;NDEL1;DCTN1;CENPM;CENPT;CHMP1A;TRAPPC12;PLK2;H2BC11;DNMT3A;NUP98;CENPI;H2AC8;SEH1L;TP53BP1;CDCA5;NUP37;HNRNPU;DCTN5;EZH2;KAT7;CEBPB;NGDN;PPP2CB;SUGT1;CHMP4C;APC;PPP2CA;NUP160;KNSTRN;CENPX;CENPN;DAXX;SYCP3;C9orf78;KDM4D;SMC3;SKA1;ERCC6L;AHCTF1;CHMP6;CHAMP1;MCRS1;SMC1A;ITGB3BP;NCAPG"
"GOCC_CHROMOSOME_PASSENGER_COMPLEX",0.323771240635849,1,0.681784265298793,1.15767461173988,1771,6,"AURKC;BIRC5;INCENP;AURKB;CDCA8;AURKA"
"GOCC_CHROMOSOME_TELOMERIC_REGION",1,1,0.178139087355988,0.541951812541067,6976,171,"H4C2;H4C6;SP100;ZSCAN4;SPDYA"
"GOCC_CHROMOSOME_TELOMERIC_REPEAT_REGION",0.170368620037807,1,-0.581542106459996,-1.26612571592387,720,15,"TERB1"
"GOCC_CHYLOMICRON",0.146495664739884,1,0.72294161166026,1.30186637627246,810,8,"APOA5;APOA2;APOA1"
"GOCC_CILIARY_BASAL_BODY",1,1,-0.136890709414161,-0.463680095220264,2750,218,"CIMIP2A;CCDC178;PKHD1;RAB6D;GAS2L2;DAW1;DISC1;BBOF1;CPLANE2;CFAP184;AGBL2;MAPK15;SMAD7;KATNIP;SAXO1;RABEP2;B9D2;USH1G;IQCD;TTLL7;TOGARAM1;TRAF3IP1;TAPT1;RILPL2;LRRC45;WDR35;RPGR;TTLL11;CFAP126;IFT46;IFT88;RP2;RILP;RAB8A;NME7;DCTN1;GAS8;SSNA1;BBS4;ODF2;ERC1;BBS7;BBS5;TTC8;CEP89;TTLL4"
"GOCC_CILIARY_BASE",0.976542416452442,1,0.259755151400523,0.673608001461928,6077,48,"CFAP144P1;PRKACG;FANK1;SPACA9;GLI1;CLUAP1"
"GOCC_CILIARY_MEMBRANE",0.69405756731662,1,0.319686286375974,0.88229988045343,4484,74,"PKD2L1;RHO;CNGB1;DRD5;PDE6A;PDE6H;TAS2R4;GPR37L1;TSPEAR;CNGA1;PTCH1"
"GOCC_CILIARY_ROOTLET",0.610636784062611,1,0.479961359507982,0.904750539998921,3432,10,"PJVK;ODAD3;KIF5A;PSEN1;RAB28;CROCC"
"GOCC_CILIARY_TIP",0.654548366431774,1,0.34200199331972,0.893076908654366,4086,50,"DYNLRB2;SPEF1;GLI1;CFAP221;IFT122;CLUAP1;ODAD3;RPGRIP1;KIF3A;CDKL5;ARMC9;WDR19;IFT80;IFT20;KIFAP3;IFT140;IFT52"
"GOCC_CILIARY_TRANSITION_FIBER",0.921604046242775,1,0.344562683360924,0.620485202056132,5101,8,"FBF1;NIN;CEP83;SCLT1;CENPF"
"GOCC_CILIARY_TRANSITION_ZONE",1,1,-0.181122220754211,-0.543806510288398,3493,80,"GNAT1;CFAP53;SPTBN5;CPLANE2;MYO7A;USH2A;CDKL1;NPHP1;B9D2;USH1G;EHD1;TMEM67;TRAF3IP1"
"GOCC_CILIUM",0.99861735222952,1,0.240278714395241,0.811623904221793,8666,769,"PCDH11Y;CCR6;SLC22A14;ERICH3;CABS1;FLACC1;CFAP52;NME9;STRCP1;CFAP276;DNAI2;CFAP206;PKD2L1;AGBL4;CC2D2B;TUBA3D;TMEM232;RHO;CFAP141;RCVRN;CNGB1;WBP2NL;DYNLRB2;TEKTIP1;DNAH12;CFAP144P1;PRKACG;SLC9C1;CT55;TTLL2;DRD5;PDE6A;SEL1L2;HOATZ;ROPN1B;CCDC38;CATSPER1;PDE6H;DNAH8;CFAP54;TCP11;ACE2;CACNA1F;CATSPERE;TBX3;CCDC17;ROPN1L;CST11;BEST2;TAS2R4;GPR37L1;TTC29;TSPEAR;TRPV3;C1orf87;CATSPERB;CFAP73;FANK1;STRC;TACR1;CFAP57;CNGA1;PTCH1;AK8;TULP1;SPACA9;CCDC170;ALPK1;PCDHB13;SPAG6;RSPH10B2;AKAP3;SPAG8;CCDC65;KIF19;MYCBPAP;TCTE1;DNAH6;PRPH2;RILPL1;CD52;RIBC2;SPEF1;QRICH2;LCA5L;SAXO2;SPMIP8;CFAP90;TOGARAM2;ATP2B4;NME5;GUCA1B;TEKT5;AK9;CADPS2;CCDC81;PDE4C;CFAP43;HTR6;FSIP2;MAK;DNAH7;NAPEPLD;PJVK;CFAP44;POC1B;EML5;CCDC40;PDZD7;LDHC;SDCCAG8;NPFFR1;NMUR1;CFAP263;GLI1;TMEM107;CFAP221;CFAP69;ACTA2;FBF1;IFT122;WDR49;ODAD1;CFAP68"
"GOCC_CIS_GOLGI_NETWORK",0.166479505895564,1,-0.390920588809081,-1.15927219856996,592,73,"COPZ2;GOLGA8S;GOLGA6L7;GOLGA8F;GOLGA8M;RNF183;GOLGA8J;GOLGA8R;GOLGA6D;GOLGA8IP"
"GOCC_CIS_GOLGI_NETWORK_MEMBRANE",0.9002331002331,1,-0.326776829305185,-0.673054068781338,3861,12,"RNF183;RAB30"
"GOCC_CKM_COMPLEX",0.840398083302617,1,0.426217901135919,0.698575425940311,4559,5,"MED13;CDK19;CDK8;MED12"
"GOCC_CLATHRIN_ADAPTOR_COMPLEX",0.917339202739056,1,-0.288164959828143,-0.718357283319587,3750,27,"SGIP1;STON2;AP1S3;EPS15;TBC1D5;AP1S2;AP1M1;AP2S1;AP1G1;AP3B1;AP4B1;AP2M1"
"GOCC_CLATHRIN_COAT",1,1,-0.149391069012179,-0.41395233157225,3777,48,"SGIP1;STON2;AP1S3;NECAP2;EPS15;TBC1D5;AP1S2;AP1M1;AP2S1;AP1G1;VPS33A;SYNJ1;AP3B1;AP4B1;AP2M1;CLINT1;EPN1;PICALM;AP3M2;AP2A2;NECAP1;CLTC;AP3M1;CLTA;EPN2;CLTB;AP2A1;BTBD8;AP2B1;AP1B1;AP4M1;CLBA1;SCLT1;KCNQ5;IGF2R;AP1M2;SYNRG;VPS41;AP1S1;EPS15L1;STON1;BAIAP2L2;AFTPH;CLTCL1;AP1G2;NCALD;EPN3;MYCBPAP"
"GOCC_CLATHRIN_COAT_OF_COATED_PIT",0.613336531542336,1,-0.398699826692742,-0.890317017159793,2556,17,"SGIP1;STON2;EPS15;TBC1D5;AP2S1;SYNJ1;AP2M1;PICALM;AP2A2;CLTC"
"GOCC_CLATHRIN_COATED_ENDOCYTIC_VESICLE",0.267216846898122,1,-0.362569430186774,-1.08361203168352,938,78,"AVPR2;HLA-DQA1;SFTPA2;CD3D;BTC;SFTPD;SGIP1;AVP;TGFA;ADRB2;HLA-DPB1;AREG;STON2;FZD2;APOB;IL7R;LRP2"
"GOCC_CLATHRIN_COATED_ENDOCYTIC_VESICLE_MEMBRANE",0.391988950276243,1,-0.351988755088679,-1.0256041662059,1418,65,"AVPR2;HLA-DQA1;CD3D;BTC;SGIP1;AVP;TGFA;ADRB2;HLA-DPB1;AREG;STON2;FZD2;APOB;IL7R;LRP2"
"GOCC_CLATHRIN_COATED_PIT",0.80811979005866,1,0.299837353148074,0.830892684522776,5234,76,"CDHR5;CUBN;SPHK1;ACKR3;ARRB1;HIP1R;GAS7;AMN;TF;INPP5F;EPN3;ADCY8;FCHSD2;SLC2A4;DNM1;AAK1;CLTCL1"
"GOCC_CLATHRIN_COATED_VESICLE",1,1,-0.196434824110914,-0.662883848745216,2780,210,"AVPR2;HLA-DQA1;CLRN1;SFTPA2;CD3D;BTC;SFTPD;CCDC158;FOLR1;SGIP1;SNAP91;AVP;TGFA;ADRB2;CLVS2;HLA-DPB1;AREG;STON2;ARC;FZD2;AP1S3;APOB;IL7R;LRP2;ATP6V1G2"
"GOCC_CLATHRIN_COATED_VESICLE_MEMBRANE",1,1,0.204249419280874,0.605018529973243,6811,131,"CHRM2;GAD1;TYRP1;GAD2;HLA-DRB5;SLC18A1;SLC32A1;MYCBPAP;HIP1R;TF;ROR2;EPN3"
"GOCC_CLATHRIN_COMPLEX",0.895253682487725,1,0.372149613984342,0.650840194644062,4922,7,"CLTCL1;BAIAP2L2;VPS41;SCLT1"
"GOCC_CLATHRIN_SCULPTED_GAMMA_AMINOBUTYRIC_ACID_TRANSPORT_VESICLE",0.0567196531791908,1,0.788924490232105,1.42068771624912,313,8,"GAD1;GAD2;SLC32A1"
"GOCC_CLATHRIN_SCULPTED_MONOAMINE_TRANSPORT_VESICLE",0.0683744931809805,1,0.837200702147668,1.3721803695754,370,5,"SLC18A1;RAB3A"
"GOCC_CLATHRIN_SCULPTED_VESICLE",0.0151003730680405,1,0.798169155213275,1.53934705107044,84,11,"GAD1;GAD2;SLC18A1;SLC32A1"
"GOCC_CLATHRIN_VESICLE_COAT",1,1,-0.149327562219818,-0.395974648821037,3929,37,"SGIP1;STON2;AP1S3;NECAP2;EPS15;TBC1D5;AP1S2;AP1M1;AP2S1;AP1G1;AP2M1;CLINT1;EPN1;AP3M2;AP2A2;NECAP1;CLTC;AP3M1;CLTA;EPN2;CLTB;AP2A1;BTBD8;AP2B1;AP1B1;AP4M1;CLBA1;AP1M2;SYNRG;AP1S1;STON1;AFTPH;CLTCL1;AP1G2;NCALD;EPN3;MYCBPAP"
"GOCC_CLEAVAGE_FURROW",0.999682590065069,1,0.181236791697782,0.478723552361036,6298,54,"OR2A4;PSD2;HMCN1;PSD;HMCN2;PLCD3;PLEKHG6;SSH1;PLK4;SEPTIN2"
"GOCC_CLOCK_BMAL_TRANSCRIPTION_COMPLEX",0.588797221016066,1,-0.571618479027734,-0.929508000931685,2711,4,"NPAS2;BMAL2"
"GOCC_CLUSTER_OF_ACTIN_BASED_CELL_PROJECTIONS",0.99985584546634,1,0.217378641996639,0.653911281450477,6935,153,"SLC6A19;STRCP1;CDHR5;SLC34A3;DRD5;SLC17A3;ACE2;CUBN;CD36;TSPEAR;STRC;ANKS4B;ENPEP;SLC7A9;ACTN3;SCART1;AMN;ESPNL;CLTRN;MORN4;PJVK;PDZD7;MYO3B;SLC34A2;WHRN;DOCK4;TRPA1;MYH14;IDO1;FCHSD2;BBS2"
"GOCC_CMG_COMPLEX",0.316030185227533,1,-0.55942940600278,-1.13476916086612,1381,11,"GINS4;MCM5;MCM6;MCM7;MCM2;MCM4;CDC45;GINS2;GINS3"
"GOCC_COATED_VESICLE",1,1,-0.184549455915814,-0.644247903994024,2363,309,"COPZ2;AVPR2;HLA-DQA1;CLRN1;SFTPA2;CD3D;BTC;F5;LMAN1L;SFTPD;CCDC158;FOLR1;SGIP1;SNAP91;AVP;TGFA;ADRB2;CLVS2;TEPSIN;SAR1B;HLA-DPB1;AREG;STON2;ARC;FZD2;AP1S3;APOB;IL7R;TEX261;LRP2"
"GOCC_COATED_VESICLE_MEMBRANE",1,1,-0.18464282780888,-0.619679137228736,2850,198,"COPZ2;AVPR2;HLA-DQA1;CD3D;BTC;FOLR1;SGIP1;AVP;TGFA;ADRB2;TEPSIN;SAR1B;HLA-DPB1;AREG;STON2;ARC;FZD2;AP1S3;APOB;IL7R;LRP2;ATP6V1G2;DENND1A;NECAP2;GRIA1;HLA-DRA;ATP6V1C1;KIAA0319"
"GOCC_COHESIN_COMPLEX",0.996270396270396,1,-0.198623695277163,-0.409100261321858,4273,12,"REC8;STAG3;SMC3;SMC1A;STAG2;DDX11"
"GOCC_COLLAGEN_TRIMER",0.987085906793936,1,-0.24040860270419,-0.712929984734395,3515,73,"COLEC10;COL6A5;C1QTNF9B;SFTPA2;SFTPD;COL22A1;COL24A1"
"GOCC_COLLAGEN_TYPE_IV_TRIMER",0.529143065960168,1,0.584672952941512,0.992778901247802,2895,6,"COL4A3;COL4A2;COL4A1"
"GOCC_COLLAGEN_TYPE_VI_TRIMER",0.452141608391608,1,-0.621166619845221,-1.05309660044217,2068,5,"COL6A5"
"GOCC_COLLAGEN_TYPE_XI_TRIMER",0.980833026170291,1,0.287185925623522,0.470700619992348,5321,5,"COL11A2;COL5A1;COL2A1"
"GOCC_COMMITMENT_COMPLEX",0.613417832167832,1,-0.527605295729357,-0.894477142777441,2806,5,"U2AF2;SNRPD3;SNRPC;PRPF39"
"GOCC_COMPACT_MYELIN",0.297632997422076,1,-0.530647204641316,-1.13509250240752,1269,14,"NCMAP;MAG;PMP22;PLLP;SIRT2"
"GOCC_COMPLEMENT_COMPONENT_C1_COMPLEX",0.408410683841637,1,0.738727524760572,1.10173483714592,2155,3,"C1QA;C1R;C1S"
"GOCC_COMPLEX_OF_COLLAGEN_TRIMERS",0.908278145695364,1,0.297278113693183,0.721625639032818,5485,33,"COL4A3;LUM;COL6A3;COL3A1;COL1A1;COL7A1;COL16A1;COL12A1;COL11A2;COL4A2;COL10A1;COL27A1;COL5A1"
"GOCC_CONDENSED_CHROMOSOME",1,1,0.10367943316546,0.330136573443231,7501,282,"FAM9C;DNMT3L;CDX2;RNF212;SYCE3;AURKC;TEX12;MSH4;KAT2B;SYCP1;DMC1;MEI4;ESRRB;SYCE2;TTN;C14orf39;L3MBTL1;MAD1L1;CENPU"
"GOCC_CONDENSED_CHROMOSOME_CENTROMERIC_REGION",1,1,-0.191110033905765,-0.63779877224053,2946,186,"H3-5;TEX14;PLK5;SYCP2;REC8;FBXO28;ACTL6B;CENPS;SPOUT1;LRWD1;PSEN2;ACTB;ACTL6A;CENPV;NUP107;ORC2;NDEL1;DCTN1;CENPM;CENPT;CHMP1A;TRAPPC12;PLK2;NUP98;CENPI;SEH1L;TP53BP1;NUP37;HNRNPU;DCTN5;CEBPB;SUGT1;CHMP4C;APC;NUP160;KNSTRN;CENPX;CENPN;SKA1;ERCC6L;AHCTF1;CHMP6;CHAMP1;MCRS1;SMC1A;ITGB3BP;NCAPG;CLIP1;ZWINT;NDC80;PLK3;H3-3B;DYNC1LI1;H3-7;CENPW;CENPP;SEC13;CDC20;SEPTIN6;WAPL;MAD2L1;SYCP2L;SEPTIN7;DYNC1I1;NUP43;XPO1;CHMP4B;SUMO3;SPAG5;BUB3;PRP4K;PHF6;NCAPD3;MIS12;NDE1;DYNLL1;CENPO;SPC24;CHMP3;NEK2;CHMP7;ZNF207;CBX3"
"GOCC_CONDENSED_NUCLEAR_CHROMOSOME",0.829993834771887,1,0.295348909089867,0.820782838131275,5384,78,"FAM9C;DNMT3L;CDX2;RNF212;SYCE3;TEX12;MSH4;SYCP1;DMC1;MEI4;SYCE2;TTN;C14orf39"
"GOCC_CONDENSIN_COMPLEX",0.938423645320197,1,-0.306157112526539,-0.575417256713759,4190,8,"NCAPH;NCAPG;NCAPH2;NCAPD3;SMC2;NCAPD2;NCAPG2;SMC4"
"GOCC_CONE_PHOTORECEPTOR_OUTER_SEGMENT",0.596387762624401,1,0.573210789006109,0.939498247296349,3235,5,"GUCA1B;SLC24A4;RD3;GUCA1A"
"GOCC_CONNEXIN_COMPLEX",0.796025855877424,1,-0.342559593524689,-0.778924560915673,3324,18,"GJB1"
"GOCC_CONTRACTILE_MUSCLE_FIBER",0.737816395919909,1,-0.272552491129138,-0.929773412432944,1952,238,"MYBPHL;KLHL40;MYH7B;MYBPC3;MYOT;PRICKLE4;IGFN1;PGM5;SCN1A;CAV3;MYH4;C10orf71;MYOD1;MYH6;MYH2;PECAM1;LDB3;MYOM1;SLC8A1;SMPX;KCNJ8;ANKRD1;TNNT3;LRRC39;PDLIM4;CAPN3;ACTC1;MYH11;MYPN;SYNPO2;CALD1;FLNC;CSRP1;NEXN;ADPRHL1;PARVA;PDLIM7;SIMC1"
"GOCC_CONTRACTILE_RING",0.923393551337754,1,-0.31410701876303,-0.637147340270688,4037,11,"BLOC1S6;ALKBH4;ANLN;RTKN;KIF20B;MAEA;PDXP;MYH9;UTRN;DAG1;PRC1"
"GOCC_COP9_SIGNALOSOME",0.0301724137931034,1,-0.565940791973478,-1.47634454167515,118,34,"TESPA1;HSPA6;HSPA7"
"GOCC_COPI_COATED_VESICLE",0.0972324271369091,1,-0.549104325804367,-1.34231891515327,396,25,"COPZ2"
"GOCC_COPI_COATED_VESICLE_MEMBRANE",0.0050275317213311,1,-0.753588359002213,-1.71353683488259,20,18,"COPZ2"
"GOCC_COPI_VESICLE_COAT",0.00464792005577504,1,-0.805216982159784,-1.69192821265808,19,13,"COPZ2"
"GOCC_COPII_COATED_ER_TO_GOLGI_TRANSPORT_VESICLE",1,1,-0.194303586329052,-0.593690983232872,3422,91,"HLA-DQA1;F5;LMAN1L;FOLR1;TGFA;SAR1B;HLA-DPB1;AREG;TEX261;PCSK9;GRIA1;HLA-DRA"
"GOCC_COPII_VESICLE_COAT",0.999137633666782,1,0.188491052191008,0.396718029651401,5792,16,"SEC31B;CIDEB;TMED7;SEC24A;PDCD6"
"GOCC_CORE_MEDIATOR_COMPLEX",0.600344318740777,1,-0.36790208487462,-0.908566749583971,2440,26,"MED27;MED21;MED10;MED8;MED30;MED1;MED22;MED6;MED9;MED16;MED4;MED20;MED29;MED19"
"GOCC_CORNIFIED_ENVELOPE",0.820025348542459,1,-0.309275663524205,-0.811458599105621,3234,35,"SERPINB5;DSG4;LORICRIN"
"GOCC_CORTICAL_ACTIN_CYTOSKELETON",1,1,-0.133630412799857,-0.396557623165187,3539,74,"SPTBN5;TMC2;CALB1;SHROOM4;SHROOM1;MYO1A;MTSS2;SPTBN4;CAPN2;VCL;GMFB;CDH2;PIEZO1;SHROOM3;PPP1R9B;FCHSD1;LASP1;SHROOM2;COTL1;MISP;PIEZO2;CORO1A;ACTN4;ACTN1;MYZAP"
"GOCC_CORTICAL_CYTOSKELETON",1,1,-0.153748911465519,-0.475979034051398,3304,102,"DMTN;SPTBN5;TMC2;CALB1;SHROOM4;SHROOM1;MYO1A;MTSS2;SPTBN4;NOS2;CAPN2;VCL;ACTB;GMFB;CDH2;PIEZO1;SHROOM3;PPP1R9B;ARPC5;ARPC5L;FCHSD1;DBN1;LASP1;SHROOM2;COTL1;MISP;BSN;PIEZO2;MAPRE1;CORO1A;GYPC;TRPC4;ACTN4;ACTN1;MYZAP"
"GOCC_CORTICAL_ENDOPLASMIC_RETICULUM",0.90461262875056,1,-0.338197259216368,-0.635636185357363,4039,8,"TMEM201;ARV1;ASPH;STIMATE;STIM1;EMD;OSBPL8;C2CD2L"
"GOCC_CORTICAL_GRANULE",0.76943117672601,1,-0.460689335752055,-0.74912627781696,3543,4,"ASTL;HEXB;MYH9;CALR"
"GOCC_CORTICAL_MICROTUBULE_CYTOSKELETON",0.919143356643357,1,-0.330554268951675,-0.560406122565627,4205,5,"MAPRE1;CLASP2;CLASP1;NUMA1;PDE4DIP"
"GOCC_CORVET_COMPLEX",0.953586497890295,1,-0.287230757353509,-0.52345397162396,4293,7,"VPS18;VPS33A;TGFBRAP1;VPS8;VPS11;VPS33B;VPS16"
"GOCC_COSTAMERE",0.657706945765937,1,-0.39064623706015,-0.860979980907158,2764,16,"PGM5;SMPX;FLNC"
"GOCC_CRD_MEDIATED_MRNA_STABILITY_COMPLEX",0.39743872819607,1,-0.621706190862785,-1.09446952200476,1799,6,"HNRNPU;SYNCRIP;DHX9;IGF2BP1;YBX1"
"GOCC_CTF18_RFC_LIKE_COMPLEX",0.829447035309793,1,-0.389678066857099,-0.71015560321783,3734,7,"RFC3;CHTF18;RFC2;RFC4;RFC5;CHTF8;DSCC1"
"GOCC_CUL2_RING_UBIQUITIN_LIGASE_COMPLEX",0.555336940482046,1,-0.378815022961652,-0.935517215737281,2257,26,"ASB4;PRAME;GLMN"
"GOCC_CUL3_RING_UBIQUITIN_LIGASE_COMPLEX",0.996648044692737,1,-0.2282137403573,-0.667790254468284,3567,67,"KLHL40;KLHL30;KLHL6;KLHL4;GLMN;ENC1;KLHL20;KLHL13"
"GOCC_CUL4_RING_E3_UBIQUITIN_LIGASE_COMPLEX",0.958945767866194,1,-0.265254859527766,-0.700308354259274,3783,36,"DCAF12L2;GLMN;DCAF12L1;DTL;DCAF4L1;DCAF1;DCAF13;DDA1;DCAF15;DCAF7;DCAF4;FBXW5;WDR77;CUL4A;DCAF12;CUL4B;DCAF16;DCAF5;ERCC8;COP1;AMBRA1;TRPC4AP;DDB1;ARIH1;RBX1;CRBN;DCAF11;PHIP;DET1;DCAF8;DCAF6;WDTC1;DDB2;DCAF17;DCAF10;CDKN1B"
"GOCC_CUL4A_RING_E3_UBIQUITIN_LIGASE_COMPLEX",0.96592039800995,1,-0.265203616412951,-0.678854369013602,3882,31,"GLMN;DTL;DCAF1;DCAF13;DDA1;DCAF15;DCAF7;DCAF4;CUL4A;DCAF12;CUL4B;DCAF16;DCAF5;ERCC8;COP1;AMBRA1;TRPC4AP;DDB1;ARIH1;RBX1;CRBN;DCAF11;PHIP;DET1;DCAF8;DCAF6;WDTC1;DDB2;DCAF17;DCAF10;CDKN1B"
"GOCC_CUL4B_RING_E3_UBIQUITIN_LIGASE_COMPLEX",0.915995115995116,1,-0.295365005793743,-0.707836991701249,3750,23,"DTL;DCAF1;DCAF13;DDA1;DCAF15;DCAF7;DCAF4;WDR77;DCAF12;CUL4B;DCAF16;DCAF5;ERCC8;AMBRA1;DDB1;RBX1;CRBN;DCAF11;DCAF8;WDTC1;DDB2;DCAF17;DCAF10"
"GOCC_CUL5_RING_UBIQUITIN_LIGASE_COMPLEX",0.690770694576594,1,-0.380322822627317,-0.838227289806978,2903,16,"ASB4"
"GOCC_CUL7_RING_UBIQUITIN_LIGASE_COMPLEX",0.850524475524476,1,-0.390612938088621,-0.662226758566575,3891,5,"FBXW8;CUL9;RBX1;SKP1;CUL7"
"GOCC_CULLIN_RING_UBIQUITIN_LIGASE_COMPLEX",1,1,-0.156336032182141,-0.534213991621634,2624,242,"KLHL40;FBXW10;ASB4;KLHL30;KLHL6;DCAF12L2;FBXO39;DAW1;TRIM21;TMEM183BP;KLHL4;PRKN;PRAME;SOCS2;FBXL16;FBXO28;GLMN;ENC1;KLHL20"
"GOCC_CUTICULAR_PLATE",0.484441459592568,1,-0.51301343185531,-0.989544277097161,2163,9,"TMC2;CALB1;PIEZO1;FCHSD1;PIEZO2"
"GOCC_CYCLIN_CDK_POSITIVE_TRANSCRIPTION_ELONGATION_FACTOR_COMPLEX",0.72346618898343,1,-0.426749252100976,-0.80206819930504,3230,8,"RB1;CDK9"
"GOCC_CYCLIN_DEPENDENT_PROTEIN_KINASE_HOLOENZYME_COMPLEX",1,1,-0.125819828506087,-0.370764002320321,3521,71,"CDK15;RB1;CCNE2;CCND3;CDK14;MNAT1;CDK2;CCNQ;CCNJL;CDKN2D;CCNE1;CDK4;CDK9;CCNA1;CDK11A"
"GOCC_CYTOCHROME_COMPLEX",0.450957727873184,1,0.406812226029625,1.0032515669836,2730,36,"COX4I2;NDUFA4L2;COX6B2"
"GOCC_CYTOLYTIC_GRANULE",0.773139101083674,1,0.405055601617514,0.78118922761789,4351,11,"SRGN;SERPINB1"
"GOCC_CYTOPLASMIC_DYNEIN_COMPLEX",0.477157360406091,1,0.43918986480319,0.98718738296133,2819,22,"DYNLRB2;DYNLT2;DYNC1H1"
"GOCC_CYTOPLASMIC_EXOSOME_RNASE_COMPLEX",0.760018748535271,1,-0.371393418782441,-0.794437210666923,3242,14,"EXOSC3;DIS3L;EXOSC4;EXOSC8;EXOSC9"
"GOCC_CYTOPLASMIC_MICROTUBULE",0.944758784991066,1,0.266733541706881,0.778106378327094,6344,113,"CFAP52;CFAP276;CFAP206;SAA1;CFAP141;TEKTIP1;MTUS2;SPACA9;FAM161B;SPAG8;RIBC2;SAXO2;SPMIP8;CFAP90;TOGARAM2;TEKT5"
"GOCC_CYTOPLASMIC_REGION",1,1,-0.218778728326397,-0.769203891528048,2290,335,"EYS;RSPH14;CLXN;CFAP61;EFCAB6;CHRNA2;CIMIP2A;SPMIP9;DYDC1;SPAG17;DNAI3;DNAI1;CFAP53;CCDC63;CYS1;CFAP65;DRC1;PIERCE2;DNAJB13;MAP2;AKAP14;SPTBN5;BBOF1;DNAH9;IQUB;DNAH2;HYDIN;DLG2;DNAI4;CFAP184;MNS1;CFAP45;RSPH4A;MAPK15;ARC;RSPH10B;EFHB;KATNIP;PIERCE1;NPHP1;DNAL4;SAXO1;KIF21A;DNAL1;GRIK2;CFAP74;ODAD4;SYBU;CFAP300;B9D2;WDPCP;CFAP95;IQCD;CFAP210"
"GOCC_CYTOPLASMIC_RIBONUCLEOPROTEIN_GRANULE",1,1,0.184372330211344,0.578745749917109,7345,235,"DDX3Y;NANOS3;ANKRD34C;TDRD1;ZC3H12D;ANG;RBFOX1;RBM20;ANKRD34B;APOBEC3H;APOBEC3G;PIWIL2;TNRC6C;SNCAIP;APOBEC3D;PARP12;ANKRD34A;SERPINB1;APOBEC3B;PABPC3;SYNE1;MAP1LC3C"
"GOCC_CYTOPLASMIC_SIDE_OF_ENDOPLASMIC_RETICULUM_MEMBRANE",0.304896516910651,1,-0.417886441934944,-1.08260633851469,1207,33,"ALG14;GNRH1;EPM2A;FDFT1;HMGCR;DNAJA1;ALG1;ITPR3;THADA;SQLE;LSS;DNAJB2;ALG13;PTPN1;HM13;SPPL2B;KDSR;ALG5;PKD2;OTULINL;SPPL2A;SPTLC2"
"GOCC_CYTOPLASMIC_SIDE_OF_ENDOSOME_MEMBRANE",0.961081673670747,1,0.308565252634423,0.523946029882962,5259,6,"LITAF;RAB5A;SNX5;RAB21"
"GOCC_CYTOPLASMIC_SIDE_OF_LYSOSOMAL_MEMBRANE",0.448324267415336,1,0.508595145307022,1.01949328929826,2554,13,"GFAP;BLOC1S2;BORCS7;EEF1A1;LITAF;BORCS5"
"GOCC_CYTOPLASMIC_SIDE_OF_MEMBRANE",1,1,-0.20360115250228,-0.687209126943081,2786,211,"GNGT1;GNAT1;PGM5;TGM3;ALG14;PTPN7;GNA15;TRADD;RGS20;GNGT2;GNRH1;EPM2A;SHROOM4;LYN;CYTH1;C3;KCNAB1;SOCS3;GNA14;TIRAP;GNG5B;FDFT1;STAC;EFCAB7;LRRK2;HMGCR;GNG2;AKAP5;DNAJA1;ESYT3;SYAP1;RGS16;ALG1;ITPR3;THADA;SQLE;ASPSCR1;GNG10;GNG12;PPP1R9B;DNAJA3;TRAF6;PLEKHA4;NPHS2;RGS19;RGS5;PKP4;LSS;TRAF2;FKBP1A;SNX18;GNG4;MYD88;DNAJB2;GNG5;BORCS6;ATP2C2;ALG13;G6PD;DIABLO;SAMD10;PTPN1;MICALL1;CHMP4C"
"GOCC_CYTOPLASMIC_SIDE_OF_MITOCHONDRIAL_OUTER_MEMBRANE",0.859702797202797,1,-0.383974062065771,-0.650971521168013,3933,5,"LRRK2;GRK2;QTRT2;QTRT1;BECN1"
"GOCC_CYTOPLASMIC_SIDE_OF_PLASMA_MEMBRANE",0.9853228962818,1,-0.241193511623867,-0.785309371389269,3020,152,"GNGT1;GNAT1;PGM5;TGM3;PTPN7;GNA15;TRADD;RGS20"
"GOCC_CYTOPLASMIC_SIDE_OF_ROUGH_ENDOPLASMIC_RETICULUM_MEMBRANE",0.649566955363091,1,-0.470464559795944,-0.857382212833191,2924,7,"GNRH1;EPM2A"
"GOCC_CYTOPLASMIC_STRESS_GRANULE",1,1,0.174716938526555,0.499131167685793,6619,96,"NANOS3;ANG;RBFOX1;PARP12;PABPC3;PABPC1L2A;TRIM25;ATXN2;GIGYF2;PABPC1;IGF2BP3;PABPC4;RNF135;GRB7;QKI"
"GOCC_CYTOPLASMIC_UBIQUITIN_LIGASE_COMPLEX",0.886823146641878,1,-0.328880308880309,-0.691045873982672,3815,13,"HERPUD1;SEL1L;VCP;MARCHF6;USP33;UBE2J1;PLAA;RBX1;HDAC6;FAM8A1;SYVN1;ELOB;OS9"
"GOCC_CYTOSOLIC_4FE_4S_ASSEMBLY_TARGETING_COMPLEX",0.529868976238064,1,-0.529278114337933,-0.964564984601733,2385,7,"NDOR1;CIAO2B;CIAO1"
"GOCC_CYTOSOLIC_LARGE_RIBOSOMAL_SUBUNIT",0.124900809395334,1,0.46892290157913,1.23862508889332,786,54,"RPL9;RPL13A;RPL37A;RPL30;RPL31;RPL18A;RPL4;RPL38;RPL3;RPL22;RPLP2;RPL32;RPL17;RPL7A;RPL21;RPL37;RPL15;RPL36A;RPL23;RPL5;RPL39;RPL29;RPL18;RPL26;RPL7;RPL34;RPL11;RPL10;RPL35;RPL27A;RPL27;RPLP0;RPLP0P6;RPL36;RPL23A;RPL10A;RPLP1;RPL12;RPL8;RPL24;RPL28;RPL41;RPL6;RPL14;RPL39L"
"GOCC_CYTOSOLIC_REGION",0.99974126778784,1,-0.155502299872444,-0.421267823614301,3863,42,"CALB1;FABP5;PLCB3;LRRK2;NEDD4;HOMER1;DBN1;C9orf72;FUS;UBE2I;PIN1;PNKD;CALM2;SENP5;UBE3A;SENP1;CALM3;STXBP1;SUMO1;KIF5B;FBXO45;CALM1;KIF5C;SYT1;GDI1;USP14;GNAQ;BAIAP2;SUMO2;ARL6IP5;ANKS1B;PPT1;PIAS1;SH3GL2;DAG1;HTT;PIAS3;KIF5A;PRKCB;PLCB1;PRKCG;SENP7"
"GOCC_CYTOSOLIC_RIBOSOME",0.0335162390627317,1,0.458747508795114,1.34057271968908,225,114,"RPS4Y1;RPSA2;EIF2AK4;RPL9;RPL13A;RPS28;RPS15A;RPL37A;EEF1A1;RPL30;RPS27;RPL31;RPL18A;RPS4X;RPL4;RPL38;RPL3;RPL22;RPLP2;RPS3A;RPS16;RPL32;RPL17;RPL7A;RPL21;RPL37;RPL15;RPL36A;RPL23;RPS10;RPL5;RPS19;RPL39;RPL29;RPS24;RPS2;RPS3;RPS20;RPS18;RPS9;RPL18;RPS8;RPL26;RIOK3;RPS17;RPS11;RPL7;RPL34;RPS7;RPL11;RPL10;RPL35;RPL27A;RPS6;RPSA;RPS12;RACK1;RPL27;RPLP0;RPLP0P6;RPL36;RPS29;RPL23A;RPL10A;RPS27A;RPS5;FAU;RPLP1;RPS15;RPL12;RPL8;RPS13;RPL24;RPS25;RPL28;RPS23;RPL41;RPL6;RPS26;RPL14;RPS21;RPL39L"
"GOCC_CYTOSOLIC_SMALL_RIBOSOMAL_SUBUNIT",0.0244222258646124,1,0.588393278734332,1.47532783126058,148,39,"RPS4Y1;RPSA2;RPS28;RPS15A;RPS27;RPS4X;RPS3A;RPS16;RPS10;RPS19;RPS24;RPS2;RPS3;RPS20;RPS18;RPS9;RPS8;RPS17;RPS11;RPS7;RPS6;RPSA;RPS12;RACK1;RPS29;RPS27A;RPS5;FAU;RPS15;RPS13;RPS25;RPS23"
"GOCC_CYTOSOLIC_TRANSLATION_PREINITIATION_COMPLEX",0.687919463087248,1,-0.366912259406071,-0.847241321315178,2869,19,"EIF2S1;EIF3C;EIF3CL;EIF3J;EIF1AX"
"GOCC_DEATH_INDUCING_SIGNALING_COMPLEX",0.782852025968211,1,-0.394094977581091,-0.760164170142217,3496,9,"TRADD;CASP10"
"GOCC_DECOY_RECEPTOR_COMPLEX",0.433566433566434,1,-0.629867997204193,-1.06784850536292,1983,5,"TNFRSF6B"
"GOCC_DENDRITE_CYTOPLASM",1,1,-0.159165539887966,-0.399866539740626,4083,28,"MAP2;GRIK2;LRRK2;TRAK2;WASF1;KIF3B;SOD1;HPCA;ABHD13;STAU1;ZC3H14;KIF5B;KIF5C;KIF17;STAU2;BAIAP2;FLOT2;DLG4;UHMK1;ABHD12;KIFAP3;MAP2K1;RAB17;KIF5A;GRIK3;CDKL5;KIFC2;HIP1R"
"GOCC_DENDRITE_MEMBRANE",0.992508395763369,1,-0.23160267593347,-0.630481724276963,3841,43,"GABRG3;GPER1;GABRG2;GABRA4;SHISA7;TACR3;DAGLA;SHISA9;GRIA1;MPP2"
"GOCC_DENDRITE_TERMINUS",0.878406347016212,1,0.33372671504656,0.702396232056377,5092,16,"PTCH1;SLC32A1;COBL;GRM1;CALB2;CDKL5;RGS7;IFT20;IFT52"
"GOCC_DENDRITIC_GROWTH_CONE",0.963511560693642,1,0.294388049148889,0.530131198124325,5333,8,"PTCH1;COBL;CDKL5"
"GOCC_DENDRITIC_SHAFT",0.998970398970399,1,-0.205461868705238,-0.552358118133774,3880,40,"GPER1;MAP2;RGS7BP;GRIA1;MPP2;FUBP3;SLC1A1"
"GOCC_DENDRITIC_SPINE_HEAD",0.267599378192316,1,-0.664024485687703,-1.2101289482066,1204,7,"GPER1;RGS7BP;TACR3"
"GOCC_DENDRITIC_SPINE_MEMBRANE",0.724154473494843,1,-0.367881544712972,-0.82149822404965,3018,17,"GPER1;SHISA7;TACR3;DAGLA;SHISA9;GRIA1"
"GOCC_DENDRITIC_TREE",1,1,-0.170368340838969,-0.62321401086728,1609,594,"ADCY10;TP63;CHRM5;OPRM1;HRH1;SKOR1;HTR4;SORCS2;HTR5A;FCGR2B;DRD1;HRH4;LRIT3;GABRG3;NTRK2;C4A;KCNK2;GPER1;NYX;PLXDC1;KCNA2;UNC5C;LYNX1;GABRG2;RELN;MAP2;SLC8A1;SHANK1;DOCK10;RGS7BP;KCNK9;HTR1B;GABRB1;AVP;GRIA3;DNM3;GRM3;CALB1;GNRH1;CPEB1;NEURL1;LZTS1;PDLIM4;CRHR2;KCND2;GABRA4;COMT;EPHA3;HTR1A;BRINP2;KCND3;EPM2A;SLC5A7;SHISA7;RIN3;ARC;KCNH1;TRPC5;TACR3;MDGA1;DAGLA;SHISA9;NLGN4X;SYT4;ITPKA;TENM2;KIF21A;GRIK2;ADGRB1;PTK2B;LRP2"
"GOCC_DENSE_BODY",0.956819866567828,1,0.327902526527042,0.518572919572029,5162,4,"PIWIL2;SND1"
"GOCC_DENSE_CORE_GRANULE",0.597954366640441,1,-0.335884395046546,-0.928892904106389,2279,47,"OXT;CRH;SST;CALCA;GHRL;SCG2;AVP;ADRB2;SYT5;SYT4;ADRB1;TAC1;SYT2;PLCB2;SLC6A9;ECRG4"
"GOCC_DENSE_CORE_GRANULE_LUMEN",0.305471124620061,1,-0.737275056730109,-1.19888192782646,1406,4,"CRH;GHRL"
"GOCC_DENSE_CORE_GRANULE_MEMBRANE",0.914279369309349,1,-0.328131390051649,-0.597991945290284,4116,7,"SYT5;SYT4"
"GOCC_DERLIN_1_RETROTRANSLOCATION_COMPLEX",0.961486789072996,1,-0.281026828797529,-0.528185301837873,4293,8,"SEL1L;VCP;SELENOS;HM13;RNF139;SYVN1;AMFR;DERL1"
"GOCC_DESMOSOME",0.852990875295708,1,0.321092186502151,0.755282121651771,5047,28,"XIRP1;KRT80;PKP3;DSG3;EVPL;DSG1;KLHL24;DSC3;CDH1;DSP;PERP"
"GOCC_DEUTEROSOME",0.63509030593439,1,0.551727464954823,0.904286863143447,3445,5,"DEUP1;PLK4;CCDC78"
"GOCC_DISTAL_AXON",1,1,0.195520208266543,0.620006244309856,7459,266,"UNC13C;GAD1;KCNA1;CNGB1;CABP4;SLC18A1;BOC;ANG;SNAP25;SCN11A;PTCH1;SLC32A1;TULP1;FLRT3;LRRTM1;ADRA2A;NPY;CRHBP;NRSN1;CDK5R2;NTS;PRKCG;NEFL;KCNC1;GRIN1;CDH8;COBL;SLC8A3;STMN2;NPFF;PTPRN;NGEF;PRKCB;TNN;CASR;WHRN;EPHA4;DSCAM;SLC4A10;FEZ1;CPLX1;NIN;MYH14;HCN1;PCDHGB1;PTBP2;CIB1;NDRG2;CALB2;GPM6A;SLC8A2;AAK1;PRRT2;DRD2;OTX2;CDKL5;KCNC3"
"GOCC_DNA_DEPENDENT_PROTEIN_KINASE_COMPLEX",0.96131993006993,1,-0.287131387988266,-0.486789017487821,4398,5,"ZBTB7A;XRCC6;XRCC5;PRKDC;UVRAG"
"GOCC_DNA_DEPENDENT_PROTEIN_KINASE_DNA_LIGASE_4_COMPLEX",0.740839440373085,1,-0.429475797112638,-0.782683629658403,3335,7,"XRCC4;LIG4;XRCC6;XRCC5;PRKDC;ATP23;NHEJ1"
"GOCC_DNA_LIGASE_III_XRCC1_COMPLEX",0.990894958916278,1,-0.23450165984714,-0.427359612634801,4461,7,"LIG3;APTX;TDP1;XRCC1;POLB;PNKP;APLF"
"GOCC_DNA_POLYMERASE_COMPLEX",0.977229146692234,1,-0.25534872943539,-0.589628690175657,4076,19,"POLE;POLA1;PRIM2;POLG;POLD1;MCM3;POLD2;POLG2;PRIM1;POLE4;CRCP;REV3L;POLD3;POLE3;MAD2L2;POLE2;POLA2;CHRAC1;POLD4"
"GOCC_DNA_RECOMBINASE_MEDIATOR_COMPLEX",0.908505440817233,1,-0.334632903574462,-0.609840408548328,4090,7,"RAD51C;XRCC2;RAD51B;SWI5;RAD51D;XRCC3;SFR1"
"GOCC_DNA_REPAIR_COMPLEX",0.991408355795148,1,0.236257581025225,0.548777248152408,5884,26,"MSH4;ASCC1;FANCD2;CYREN;BRCA1;NHEJ1;RCOR1;ATP23;PRKDC;MSH5;FIRRM;PHF21A;DCLRE1C;BRCA2;XRCC5;KDM1A;FANCI;XRCC6;LIG4;ATM;PALB2;ASCC3;PAXX;XRCC4;ASCC2;FIGNL1"
"GOCC_DNA_REPLICATION_FACTOR_A_COMPLEX",0.401347896816175,1,-0.502158047009911,-1.05513841085477,1726,13,"RPA4;PLRG1;ERCC5;BCAS2;PRPF19;HELB"
"GOCC_DNA_REPLICATION_FACTOR_C_COMPLEX",0.71875,1,-0.475412999845608,-0.805992785105188,3288,5,"RFC3;RFC2;RFC4;RFC1;RFC5"
"GOCC_DNA_REPLICATION_PREINITIATION_COMPLEX",0.274924471299094,1,-0.552388362586091,-1.16068274230454,1182,13,"GINS4;MCM5;MCM6;SLC5A8;MCM7;MCM2;MCM4;CDC45;GINS2;GINS3"
"GOCC_DOPAMINERGIC_SYNAPSE",0.601906412478336,1,0.435653619435572,0.903029663021722,3472,15,"CHRNB3;ADRA2A;SV2C;CHRNA6;DRD2"
"GOCC_DRM_COMPLEX",0.972101532128973,1,-0.260597637248089,-0.528606753543159,4250,11,"LIN52;TFDP1;E2F5;TFDP2;E2F4;RBBP4;LIN9;RBL2;LIN37;RBL1;LIN54"
"GOCC_DYNACTIN_COMPLEX",0.9,1,-0.327400486467704,-0.67433859985305,3860,12,"ACTB;DCTN1;DCTN5;CAPZB;CAPZA1;ACTR1A;DCTN3;ACTR10;DCTN4;DCTN2;DCTN6;ACTR1B"
"GOCC_DYNEIN_AXONEMAL_PARTICLE",0.594969199178645,1,0.411720545609381,0.906472414171637,3476,20,"NME9;DNAI2"
"GOCC_DYNEIN_COMPLEX",0.906813467368757,1,0.287987377333574,0.756434594943604,5682,52,"DNAI2;DYNLRB2;DNAH12;DNAH8;CCDC65;DNAH6;DNAH7;DYNLT2;ODAD1;CFAP70"
"GOCC_DYSTROGLYCAN_COMPLEX",0.797235861065648,1,0.427796526280067,0.74815924555517,4383,7,"SGCA;SGCG;SGCD"
"GOCC_DYSTROPHIN_ASSOCIATED_GLYCOPROTEIN_COMPLEX",0.594276094276094,1,-0.38852379929341,-0.906875354924001,2470,20,"SGCZ;PGM5;CAV3"
"GOCC_EARLY_ENDOSOME",1,1,0.202444451809919,0.663739835507399,8012,434,"TBC1D3;CD274;MR1;APOA5;TMEM72;ACKR1;APOA2;SIGLEC1;SAMD9L;VCAM1;LTF;FGD2;REP15;TACR1;SPHK1;SNX31;CLVS1;ACKR3;F8A1;FCMR;LNPEP;DOP1B;SYNDIG1;NSG2;TF;F2RL1;PLPP2;RASGEF1B;NRP1;CXCR4;INPP5F;HLA-H;SLC15A4;APOA1;SGK3;CD8B;WLS;NAPEPLD;KREMEN2;SLC9A9;SNX32;B2M;LDLRAD4;PLA2G4E;DKK1;SERPINB1;CFTR;AGER;BAIAP3"
"GOCC_EARLY_ENDOSOME_LUMEN",0.794876520457059,1,0.455465799395558,0.746513025300012,4312,5,"LNPEP;B2M;RAB38"
"GOCC_EARLY_ENDOSOME_MEMBRANE",0.549727234578263,1,0.313152689084486,0.966909735703685,3929,199,"TBC1D3;CD274;MR1;TMEM72;FGD2;REP15;SPHK1;CLVS1;FCMR;DOP1B;SYNDIG1;NSG2;PLPP2;INPP5F;HLA-H;SLC15A4;CD8B;WLS;NAPEPLD;KREMEN2;SLC9A9;SNX32;B2M;LDLRAD4;PLA2G4E;DKK1;CFTR;BAIAP3;MCOLN3;EPHA4;DTX3L;ABCA7;HLA-A"
"GOCC_EARLY_PHAGOSOME",0.976311633619933,1,0.279034309713093,0.559332130598185,5563,13,"PLA2G5;SLC9A9;SYT7"
"GOCC_EARP_COMPLEX",0.590305934389974,1,0.576022421944417,0.944106541955564,3202,5,"VPS51;VPS52;VPS50;VPS53"
"GOCC_EGG_COAT",0.183746921765486,1,0.834866593097218,1.24511620205657,969,3,"ZP4;ZP3"
"GOCC_EKC_KEOPS_COMPLEX",0.637237762237762,1,-0.516357690353647,-0.875408482927003,2915,5,"OSGEP;TP53RK;LAGE3"
"GOCC_ELASTIC_FIBER",0.915428321678322,1,-0.33443925343173,-0.566992542083366,4188,5,"FBLN5"
"GOCC_ELG1_RFC_LIKE_COMPLEX",0.677191432987414,1,-0.475431350600224,-0.836963071439555,3066,6,"RFC3;RFC2;RFC4;RFC1;ATAD5;RFC5"
"GOCC_ELONGATOR_HOLOENZYME_COMPLEX",0.979901333820574,1,0.28046473925966,0.476231155007456,5362,6,"ELP6;ELP2;ELP3"
"GOCC_ELONGIN_COMPLEX",0.897331356560415,1,0.392797869466209,0.621203929497524,4841,4,"ELOB;EPOP;ELOA;ELOC"
"GOCC_EMC_COMPLEX",0.65296803652968,1,-0.434143683420519,-0.858011139653147,2859,10,"EMC8;EMC4;EMC6"
"GOCC_ENDOCYTIC_VESICLE",0.99869994799792,1,0.235915309299779,0.759523718467637,7681,326,"WNT1;MPO;WNT7B;CHRM2;SLC11A1;CTSS;GRIA2;CYBB;TYRP1;SAA1;HLA-DRB5;HBA2;PLA2G5;ACE2;NOSTRIN;CUBN;LTF;CD36;ANG;WNT4;SFTPB;SPHK1;PTCH1;ARRB1;CACNG3;WAS;SCGB3A2;HBA1;AMN;TF;RAB7B;ROR2;INPP5F;HLA-H;APOA1;AVPR1A;WLS;SLC9A9;TAP1;MTSS1;B2M;ADAM8;TLR6;WNT5A;CFTR;RIN2;CACNG8;CAMK2A"
"GOCC_ENDOCYTIC_VESICLE_LUMEN",0.295003422313484,1,0.516433934815418,1.13701665035786,1723,20,"MPO;SAA1;HBA2;LTF;SCGB3A2;HBA1;APOA1"
"GOCC_ENDOCYTIC_VESICLE_MEMBRANE",0.997879858657244,1,0.231503618488698,0.711201831901496,7059,188,"WNT1;WNT7B;CHRM2;SLC11A1;GRIA2;CYBB;TYRP1;HLA-DRB5;ACE2;NOSTRIN;CD36;WNT4;PTCH1;ARRB1;CACNG3;TF;RAB7B;ROR2;HLA-H;WLS;SLC9A9;TAP1;B2M;TLR6;WNT5A;CFTR;CACNG8;CAMK2A"
"GOCC_ENDODEOXYRIBONUCLEASE_COMPLEX",0.892263986013986,1,-0.358306314651845,-0.607455632388687,4082,5,"RAG1;MUS81;SLX4;EME2;EME1"
"GOCC_ENDOLYSOSOME",0.408224674022066,1,0.431516135064548,1.03480876228675,2441,31,"CTSS;RUFY4;SMPD1;DOP1A;SLC15A4;CTSK"
"GOCC_ENDOLYSOSOME_LUMEN",0.189642462218946,1,0.768915785639653,1.26026070475664,1028,5,"CTSS;CTSK;CTSB"
"GOCC_ENDOLYSOSOME_MEMBRANE",0.769267364414843,1,-0.358320127336676,-0.789733593019301,3233,16,"TLR7;PCSK9;LDLR;TPCN2;AP2S1;ATG16L1;AP2M1;RNF167;AP2A2;CLTC"
"GOCC_ENDONUCLEASE_COMPLEX",0.889888830068819,1,-0.283445827387323,-0.785408805876089,3361,48,"RPPH1;TSEN2;TEX10;SENP3;TSEN15;C18orf21;TSN;RPP21;PELP1;AGO1;AGO3;RPP25;DHX9;TSEN34;HSD17B10;DROSHA;RAG1;LAS1L;TSNAX;MUS81;RPP40;POP5;DGCR8"
"GOCC_ENDOPEPTIDASE_COMPLEX",1,1,-0.147642505451706,-0.463889538113242,3285,112,"COLEC10;F5;FCN3;PIPSL;F10;C3;CAPN2;PSMD10;PSME3;PSMC4;PSMC2;KLKB1;PSMD14;PSMD12;CASP2;SEC11C;PLAU;SPCS2;ADRM1;CASP3;PSMD3;PMPCA;VCP;DNAJB2;IDE;PSMD4;PSMD2;PSMC1;UBQLN1;PSMA7;IMMP1L;PSMB2;PSMD6;CAPNS1;PSMD1;PSMA1;UBQLN4;SEM1;PSMA5;PSMB1;PSMB5;PSMB7;PSME4;PSMD11;TXNL1;UCHL5"
"GOCC_ENDOPLASMIC_RETICULUM_CHAPERONE_COMPLEX",0.955251141552511,1,-0.285758406362197,-0.564752880835552,4183,10,"DNAJB11;SDF2L1;DNAJC10;HSPA5;PPIB;PDIA6;P4HB;HSP90B1;HYOU1;MZB1"
"GOCC_ENDOPLASMIC_RETICULUM_ENDOSOME_MEMBRANE_CONTACT_SITE",0.900237529691211,1,0.376588625556805,0.639450208910391,4926,6,"TMCC1;MOSPD2;STARD3"
"GOCC_ENDOPLASMIC_RETICULUM_EXIT_SITE",0.686423841059603,1,0.35616360347409,0.864566801653233,4145,33,"SEC16B;CTAGE15;SEC31B;CTAGE4;PLPP3;HLA-A;CTAGE8"
"GOCC_ENDOPLASMIC_RETICULUM_GOLGI_INTERMEDIATE_COMPARTMENT",1,1,-0.144699434255812,-0.462767631670561,3175,132,"COPZ2;F5;LMAN1L;FOLR1;GJB2;TGFA"
"GOCC_ENDOPLASMIC_RETICULUM_GOLGI_INTERMEDIATE_COMPARTMENT_MEMBRANE",0.997154240182129,1,-0.228829921260931,-0.68390447523334,3503,78,"COPZ2;F5;LMAN1L;FOLR1;TGFA"
"GOCC_ENDOPLASMIC_RETICULUM_LUMEN",0.874458874458874,1,0.27062253693664,0.866528451877612,6665,301,"WNT1;WNT7B;F2;SERPINA1;GIP;IGFBP1;APOA5;APOA2;COL19A1;SHH;BGLAP;CYP2W1;COL4A3;ACE2;VTN;WNT4;COL13A1;IGFBP5;COL6A3;IL23A;COL3A1;IGFBP3;COL20A1;MMRN1;ARSG;ADAMTSL1;EBI3;SRL;PDGFA;MGAT4A;TF;FGF23;APOA1;BMP4;F7;RCN3;SIL1;COL1A1;B2M;ADAMTS13;COL7A1;CASQ1;COL16A1;WNT5A;P4HA1;COL28A1;CP;PTGS2;FN1;COL12A1;MSLN;EVA1A;GBF1;RNASET2;FKBP7;PDGFB;COL15A1;P4HA2;GAS6;CFP;PDGFC;CLU;PNPLA2;COL11A2;LAMB1;WNT3;TSPAN15;VGF;ARSA;CDH1;ADAMTSL4;LGALS1;BACE1;VCAN;EDEM2;SPARCL1;LAMB2;COL4A2;ERAP1;COL10A1;COL17A1;GPX7;MZB1;COL27A1;NUCB1;CRTAP;TSPAN33;COL5A1;TRDN;SPON1"
"GOCC_ENDOPLASMIC_RETICULUM_PLASMA_MEMBRANE_CONTACT_SITE",0.660291279171785,1,0.429692797411152,0.861331311284967,3762,13,"ESYT2;C1orf43;OSBPL5;GRAMD1C;BLTP1;SACM1L;C2CD2L"
"GOCC_ENDOPLASMIC_RETICULUM_PROTEIN_CONTAINING_COMPLEX",1,1,-0.126241079739373,-0.402879258535482,3206,129,"PLN;ALG14;PIGH;EMC8;INSIG1;HERPUD1;UFD1;SEC63;DNAJB11;SEC11C;SEL1L;EMC4;UGT3A1;EMC6;SDF2L1;FAF2;SPCS2;DNAJC10;TRAF2;FKBP1A;PIGY;PIGA;VCP;SELENOS;ALG13;SEC61A1;HAS3;RP9;PIGC;HM13;ELOVL6;SRP9;HAS2;HSPA5;SREBF2;EMC7;MARCHF6;RNF125;SSR2;DPM2;SEC61B;SEC61G;MAGT1;EMC9;UGT3A2;SPCS1;UBE2J1;STT3A;RYR1;SRPRB;PPIB;FAF1;EMC1;EMC3;NBAS;PIGT;ZW10;PDIA3;PIGU;EMC2;RNF139;DDOST;SRPRA;POMT2;EMC10;AFG2B;STT3B;SSR4;PDIA6;SPCS3;RPN1;GET3;KRTCAP2;GANAB;RINT1;P4HB;PIGQ;OSTC;PIGM;NPLOC4;CALR;SREBF1;EXT1;GPAA1;PRKCSH;MAP3K5;SSR3;GET1;HSP90B1;TUSC3;RPN2;UBXN1;DAD1;UBXN7;HYOU1;SCAP;EXT2;FAM8A1;POMT1;SEC61A2;SSR1;SEC11A;OST4;TMEM258;HSD17B12;HAS1;SYVN1;AMFR;MMGT1;PIGK;OS9;ARL6IP1;TAPBPL;CAMLG;PIGX;MZB1;DERL1;PIGS;TAP2;TAPBP;ERN1;HLA-A;PIGP;INSIG2;P4HA1;B2M;TAP1;ERN2;TREX1"
"GOCC_ENDOPLASMIC_RETICULUM_QUALITY_CONTROL_COMPARTMENT",0.828016877637131,1,0.332121953515189,0.760918876316228,4905,24,"ERN2;FBXO6;EDEM2;DERL1;RNF103;ASGR2;AMFR;SYVN1"
"GOCC_ENDOPLASMIC_RETICULUM_TUBULAR_NETWORK",0.99798893916541,1,0.208399335471159,0.496316103397927,5954,30,"LNPK;REEP3;RETREG3;ATL3;ARL6IP1;REEP1;C2CD2L;ATL1;OSBPL8;EMD;REEP2;STIM1;RAB3GAP1;SPAST;PARP8;RAB18;RTN4;STIMATE;ASPH;RNF41;ATL2;RAB10;PARP6;REEP5;REEP4;PARP16;ARV1;KPNB1;ZFYVE27;TMEM201"
"GOCC_ENDOPLASMIC_RETICULUM_TUBULAR_NETWORK_MEMBRANE",0.712679690379654,1,0.507863856139782,0.832393967210212,3866,5,"LNPK;ATL3;ATL1"
"GOCC_ENDOSOME",1,1,0.195636958306042,0.669107446744002,9025,1051,"TBC1D3H;TBC1D3;CLEC18B;IL2RG;CD274;CLEC18C;TBC1D3K;SLC11A1;CTSS;MR1;SLC26A9;APOA5;TMEM72;TYRP1;ACKR1;APOA2;GALNTL5;TMEM45B;TBC1D3D;SIGLEC1;ANXA8;HLA-DRB5;ATP13A5;DIO3;SAMD9L;SLC6A5;PLA2G5;VCAM1;RUFY4;CUBN;LTF;OCA2;OR2A4;FGD2;SFTPB;REP15;TACR1;SPHK1;SNX31;CLVS1;ACKR3;RAB27B;F8A1;DENND6B;ATG9B;GPR182;FCMR;LNPEP;SMPD1;DOP1B;TOM1L2;UBAP1L;SLC39A4;IRAK2;MYCBPAP;CX3CR1;CRHR1;CRHBP;GPR135;AMN;SYNDIG1;ABCA3;NSG2;THSD1;LHCGR;GH2;ACP3;SLC30A3;TF;F2RL1;PGA5;GPR62;PLPP2;RASGEF1B;ZDHHC1;INSR;NRP1;CXCR4;RAB7B;HLA-DMB;INPP5F;DOP1A;RHOU;HLA-H;EPN3;SLC15A4;NGF;APOA1;ABHD6;STMN2;SGK3;CD1C;IL15;CD8B;SLC26A7;IRF7;AVPR1A;WLS;NAPEPLD;RNF112;RET;KREMEN2;TRAPPC9;SLC9A9;SNX32;B2M"
"GOCC_ENDOSOME_LUMEN",0.945486815415821,1,-0.274285015997887,-0.715515106836012,3728,34,"NAPSA;GH1;PRF1;PDLIM4;PGA4;APOB;LRP2"
"GOCC_ENDOSOME_MEMBRANE",1,1,0.200193388402355,0.667016133933242,8358,577,"TBC1D3;CD274;SLC11A1;MR1;SLC26A9;TMEM72;TYRP1;GALNTL5;TMEM45B;ANXA8;HLA-DRB5;ATP13A5;DIO3;OCA2;FGD2;REP15;SPHK1;CLVS1;RAB27B;ATG9B;FCMR;DOP1B;UBAP1L;SLC39A4;IRAK2;CX3CR1;GPR135;AMN;SYNDIG1;ABCA3;NSG2;THSD1;SLC30A3;TF;GPR62;PLPP2;ZDHHC1;INSR;RAB7B;HLA-DMB;INPP5F;RHOU;HLA-H;SLC15A4;ABHD6;CD1C;CD8B;SLC26A7;IRF7;WLS;NAPEPLD;RET;KREMEN2;SLC9A9;SNX32;B2M;LDLRAD4;GPR61;PLA2G4E;DKK1;CFTR;YIPF2;BAIAP3;TRAF3;ABCA2;COMMD3;MCOLN3;EPHA4;TAB1;DTX3L;ZDHHC2;ABCA7"
"GOCC_ENZYME_ACTIVATOR_COMPLEX",0.943754394187954,1,-0.295571257577513,-0.632248159358863,4026,14,"PSMC3IP;PCNA;RRAGA;LAMTOR4;SLC38A9;LAMTOR5;RRAGC;LAMTOR1;FNIP2;LAMTOR2;GNB5;LAMTOR3;FNIP1;FLCN"
"GOCC_EPSILON_DNA_POLYMERASE_COMPLEX",0.791958041958042,1,-0.430575537832644,-0.729977466010817,3623,5,"POLE"
"GOCC_ER_MEMBRANE_INSERTION_COMPLEX",0.667682212327162,1,-0.399272589950693,-0.85407276116004,2848,14,"NOMO3;NCLN;RAB5IF;SGTA;BAG6;UBL4A;CCDC47;GET4"
"GOCC_ER_TO_GOLGI_TRANSPORT_VESICLE_MEMBRANE",1,1,-0.184983189744544,-0.531700172395566,3641,60,"HLA-DQA1;FOLR1;TGFA;SAR1B;HLA-DPB1;AREG"
"GOCC_ER_UBIQUITIN_LIGASE_COMPLEX",0.914057295136576,1,-0.32880413803752,-0.59921797208613,4115,7,"HERPUD1;SEL1L;MARCHF6;UBE2J1;FAM8A1;SYVN1;OS9"
"GOCC_ESC_E_Z_COMPLEX",0.246871249785702,1,0.557278331143328,1.18749968624712,1439,17,"DNMT3L;SIRT1;AEBP2;LCOR;EPOP;TRIM37;SUZ12"
"GOCC_ESCRT_COMPLEX",0.99932716568545,1,0.17528202750734,0.415557368504699,5940,29,"UBAP1L;VPS28;CHMP2A;MVB12A;TSG101;UBAP1;SNF8;CHMP4A;CHMP2B;CHMP1B;STAM2;CHMP5;VPS37A;DIAPH3;STAM;CHMP7;CHMP3;CHMP4B;MVB12B;VPS37D;CHMP6;CHMP4C;HGS;VPS25;UEVLD;CHMP1A;VPS36;VPS37C;VPS37B"
"GOCC_ESCRT_I_COMPLEX",0.999649859943978,1,0.189579690234419,0.373933738217267,5709,12,"UBAP1L;VPS28;MVB12A;TSG101;UBAP1"
"GOCC_EUCHROMATIN",0.935893367185021,1,0.277887979235698,0.735682693938596,5897,55,"POU4F2;H2AB3;H1-1;ID2;KLF4;H1-0"
"GOCC_EUKARYOTIC_48S_PREINITIATION_COMPLEX",0.621252098824658,1,-0.396197041419652,-0.884728170188345,2589,17,"EIF2S1;EIF3C;EIF3CL;EIF3J;EIF1AX"
"GOCC_EUKARYOTIC_TRANSLATION_ELONGATION_FACTOR_1_COMPLEX",0.707519351271655,1,0.510622125039707,0.836914797673896,3838,5,"EEF1A1;EEF1G;EEF1B2;EEF1D"
"GOCC_EUKARYOTIC_TRANSLATION_INITIATION_FACTOR_2_COMPLEX",0.568618881118881,1,-0.552369287423198,-0.936460846719324,2601,5,"EIF2S1;EIF2S3;EIF2S2"
"GOCC_EUKARYOTIC_TRANSLATION_INITIATION_FACTOR_2B_COMPLEX",0.568618881118881,1,-0.552570634553034,-0.936802201150107,2601,5,"EIF2B5;EIF2B4;EIF2B2;EIF2B3;EIF2B1"
"GOCC_EUKARYOTIC_TRANSLATION_INITIATION_FACTOR_3_COMPLEX",0.892245480494767,1,-0.320088846577885,-0.705472273556773,3750,16,"EIF3C;EIF3CL;DDX3X;EIF3J"
"GOCC_EUKARYOTIC_TRANSLATION_INITIATION_FACTOR_3_COMPLEX_EIF3M",0.880523731587561,1,0.382112251987957,0.668263523901402,4841,7,"EIF3H;EIF3F;EIF3D;EIF3I;EIF3A;EIF3M;EIF3B"
"GOCC_EUKARYOTIC_TRANSLATION_INITIATION_FACTOR_4F_COMPLEX",0.969323727631885,1,-0.270926640926641,-0.569273174188355,4170,13,"OTUD6B;EIF4E3;EIF4G1;EIF4G2;EIF4E;EIF4H;EIF4E2;EIF4A1;EIF4G3;EIF4A2;EIF4B;EIF4E1B;EIF4EBP3"
"GOCC_EXCITATORY_SYNAPSE",0.056193728655697,1,0.491164568354494,1.34111817414745,361,68,"NLGN4Y;UNC13C;GRIA2;LRRTM2;CNTN6;CBLN3;ATP2B3;CACNG3;SLC16A7;SYNDIG1;GRIN1;SUSD4;CADPS2;C1QL2;LRRC4;ADCY8;FGFR2"
"GOCC_EXOCYST",0.22595576890108,1,0.565524087901785,1.20507049963842,1317,17,"EXOC3L4;EXOC4;EXOC3L2"
"GOCC_EXOCYTIC_VESICLE",0.98660594695955,1,0.248593286882294,0.789127301360901,7365,270,"UNC13C;SLC40A1;RPH3A;ATP6V1B1;SYTL3;SYNGR4;SLC18A1;SLC6A2;GABRA2;SNAP25;SLC32A1;RAB27B;PPFIA2;SYNDIG1;SV2C;SLC30A3;GRIN1;DOC2A;NGF;APBA1;SYT12;GPR151;DGKI;RNF112;SNCAIP;SYPL2;PHF24;PTPRN;SYT6;KIRREL3;VAMP1;SVOP;DMXL2;MYOF;SYTL1;SYN3;PRRT1;RAB40A;RAB27A"
"GOCC_EXON_EXON_JUNCTION_COMPLEX",0.42064264849075,1,-0.433174744343841,-1.01895709687333,1727,21,"CCDC9;SRSF1;ALYREF;SMG6;TDRD3;EIF4A3;RNPS1;RBM8A;UPF1;PYM1;MAGOH;R3HCC1L;UPF2"
"GOCC_EXORIBONUCLEASE_COMPLEX",0.869896704377767,1,-0.306099586665121,-0.755940012136942,3536,26,"EXOSC3;DIS3L;EXOSC4;EXOSC8;EXOSC9;KHSRP;WDR74;SUPV3L1;LAS1L;DIS3;NVL;EXOSC2;PNPT1;EXOSC1;EXOSC10;ZFP36;MTREX;MPHOSPH6;C1D;EXOSC6;EXOSC5;PAN3;GTPBP1;CARHSP1;EXOSC7;PAN2"
"GOCC_EXOSOME_RNASE_COMPLEX",0.762171372930867,1,-0.343411556898679,-0.807807120842835,3130,21,"EXOSC3;DIS3L;EXOSC4;EXOSC8;EXOSC9;KHSRP;WDR74;DIS3;NVL;EXOSC2;EXOSC1;EXOSC10;ZFP36;MTREX;MPHOSPH6"
"GOCC_EXTERNAL_ENCAPSULATING_STRUCTURE",0.902924704418171,1,0.264752857598257,0.868855868001508,7254,441,"A2M;ADAMTS18;F2;SERPINA1;ZP4;ADAMTSL5;ANGPTL1;ANGPTL6;CTSS;PLG;COL19A1;C1QA;SHH;FGL1;SERPINB12;RBP3;SRGN;PRSS2;OMD;ANXA8;WNT8A;COL4A3;SPOCK2;IL7;VTN;ANG;WNT4;COL13A1;PF4;LGALS4;NTN1;LUM;NTN4;COL6A3;FLRT3;EFNA5;SERPINF2;SERPINB9;COL3A1;SMOC2;SPAG6;PAPLN;COL20A1;WNT2B;PRELP;VWC2;S100A4;MMRN1;ZP3;CDH13;EGFLAM;LAMA3;FBN3;ADAMTS2;LAMA4;TGM4;MATN1;SPON2;OTOG;DGCR6;NTN5;SULF1;SNED1;SEMA3B;PHOSPHO1;GP6;ECM1;ADAMTSL3;BMPER;COMP;HMCN1;F7;ANGPT2;MATN4;COL1A1;TGFB1;ADAMTS13;COL7A1;MMP19;BMP7;NDNF;ACTA2;THSD4;RTBDN;HPSE2;COL16A1;WNT5A;SERPINB1;COL28A1;TNXB;FN1;MUC4;SSPOP;TNN;MST1;BCAN;OGN;EMILIN1;FREM1;MMP23B;COL12A1;PODNL1;MMP24;PRTN3;BGN;FCGBP;FLRT1;PDGFB;THBS4;FLG;HMCN2;COL15A1"
"GOCC_EXTERNAL_SIDE_OF_APICAL_PLASMA_MEMBRANE",0.219253698388165,1,-0.717871728052035,-1.26376210919097,992,6,"ABCG2;LCT;SLC7A5;ABCC4"
"GOCC_EXTERNAL_SIDE_OF_PLASMA_MEMBRANE",0.269661423620368,1,0.335871235031014,1.06948287877238,2022,282,"IL9R;ITGAX;CCR6;IL2RG;SCNN1B;CD274;F2;CD69;DNAI2;CCR3;IL5RA;CCR1;UMODL1;PLG;IL3RA;GRIA2;CD226;MR1;CRLF2;CD209;KLRD1;P2RX1;RAET1G;PRND;IL1RL1;CD80;FCRLB;ITGAM;VCAM1;SCNN1G;CUBN;TNFRSF9;CD36;ENPEP;ACKR3;ITGB2;MUC16;EFNA5;AZGP1;CCR2;CNTFR;BTN3A2;CLEC4D;PTPRC;CLEC4A;CDH13;CX3CR1;MOG;CD34;ATP1B2;FAS;CSF2RA;ERMAP;CCR8;INSR;CXCR4;MPL;HLA-H;NRCAM;CD1C;BTN3A3;ASGR1;FCER1G;TNFRSF13C"
"GOCC_EXTRINSIC_COMPONENT_OF_CYTOPLASMIC_SIDE_OF_PLASMA_MEMBRANE",0.0538302277432712,1,-0.49868533073033,-1.36369216226554,207,44,"GNGT1;GNAT1;TGM3;GNA15;GNGT2;GNA14;TIRAP;GNG5B"
"GOCC_EXTRINSIC_COMPONENT_OF_MEMBRANE",1,1,0.206707513587032,0.623133056769761,6955,155,"CDH12;RPH3A;ATP6V1B1;C1QA;CUBN;CDH9;KIAA1755;PIK3R6;CNTFR;VWC2;CDH13;CDH11;CDH18;ARHGEF25;DOC2A;PIK3R3;PIK3R5;CDH8;PIK3CD;CDH6;GFRA2"
"GOCC_EXTRINSIC_COMPONENT_OF_MITOCHONDRIAL_INNER_MEMBRANE",0.932933599822341,1,-0.308268354821277,-0.561793229053749,4200,7,"COQ7;COQ3;COQ2;COQ4;COQ8A;COQ6;COQ5"
"GOCC_EXTRINSIC_COMPONENT_OF_ORGANELLE_MEMBRANE",0.189184636118598,1,0.525633648896058,1.22093769912378,1122,26,"RPH3A;ATP6V1B1;DOC2A;SYN3"
"GOCC_EXTRINSIC_COMPONENT_OF_PLASMA_MEMBRANE",0.877019748653501,1,-0.27274821995863,-0.840536564378367,2930,98,"GNGT1;GNAT1;CDH19;TGM3;CDH17;GNA15;CDH10;SNAP91;GNGT2"
"GOCC_EXTRINSIC_COMPONENT_OF_POSTSYNAPTIC_MEMBRANE",0.305407328352899,1,0.608592918118627,1.14722729319669,1716,10,"C1QA;VWC2"
"GOCC_EXTRINSIC_COMPONENT_OF_PRESYNAPTIC_ENDOCYTIC_ZONE_MEMBRANE",0.574082167832168,1,-0.549123007824732,-0.930957257344091,2626,5,"SNAP91"
"GOCC_EXTRINSIC_COMPONENT_OF_PRESYNAPTIC_MEMBRANE",0.467666184971098,1,0.570911758541069,1.02809246317458,2588,8,"C1QA;DNAJC6;CTNNA2"
"GOCC_EXTRINSIC_COMPONENT_OF_SYNAPTIC_MEMBRANE",0.562146408366192,1,0.43488816224187,0.926699509660251,3278,17,"C1QA;VWC2"
"GOCC_EXTRINSIC_COMPONENT_OF_SYNAPTIC_VESICLE_MEMBRANE",0.181084400772065,1,0.62775000758036,1.25834256577256,1031,13,"RPH3A;ATP6V1B1;DOC2A;SYN3"
"GOCC_F_ACTIN_CAPPING_PROTEIN_COMPLEX",0.985815602836879,1,0.263954296302015,0.461620969435072,5420,7,"CAPG;CAPZA2;CAPZA1;ADD1;CAPZB;MTPN;ADD2"
"GOCC_FACIT_COLLAGEN_TRIMER",0.467933491686461,1,0.614276481941462,1.04304590752159,2560,6,"COL16A1;COL12A1;COL9A1"
"GOCC_FANCONI_ANAEMIA_NUCLEAR_COMPLEX",0.996514059958169,1,-0.198764478764479,-0.417645475377177,4287,13,"CENPS;FAAP100;CENPX;FAAP20;FANCC;FANCF;FANCG;FANCL;FANCM;FANCE;FANCA;FAAP24;FANCB"
"GOCC_FAR_SIN_STRIPAK_COMPLEX",0.934516670664428,1,-0.295219338894038,-0.659239818066394,3895,17,"STK26;CTTNBP2;STK25;PPP2CB;PPP2CA;SLMAP;STRIP1;MOB4;PPP2R1A;PDCD10;STRN4;STRN3;STRIP2;CTTNBP2NL;STK24;STRN;SIKE1"
"GOCC_FASCIA_ADHERENS",0.966763005780347,1,0.289207455424855,0.520802034233814,5351,8,"NRAP;DES;DSP"
"GOCC_FC_RECEPTOR_COMPLEX",0.970907680372382,1,0.372796393955948,0.526269099233493,5005,2,"FCER1G"
"GOCC_FEMALE_GERM_CELL_NUCLEUS",0.788753799392097,1,-0.446254197383149,-0.725653319715122,3632,4,"WAPL;MARCKS;AURKA;GTF2B"
"GOCC_FEMALE_PRONUCLEUS",0.732706514439221,1,-0.412407350216183,-0.79548664401116,3272,9,"AKAP8;CBX1;TET3;METTL23;DPPA3;CCNA2;SLC2A1;TBP;RIF1"
"GOCC_FHF_COMPLEX",0.505000909256228,1,0.573386271496127,1.00277635263777,2776,7,"HOOK3;FHIP1B;AKTIP;HOOK2;FHIP2A;HOOK1"
"GOCC_FIBRILLAR_CENTER",0.995199519951995,1,-0.228199032509636,-0.705028724209447,3316,100,"FOXA1;RGS22;CAMK4;SMAD7;SMUG1;POLR1B;NFIC;POLR1A;APEX2;FBLL1;PAF1;AKNA;NR4A1;EXOSC8;TAX1BP3;TCOF1;RAE1;PLRG1;TAF1C;POLR1G;POLR2F;MLLT1;UTP15;HEATR1;UTP4;POLR1C;INO80C;ZNF385B;ESRRA;DCAF1;WDR33;TRIM41;TTF1;NOLC1;IP6K1;PSPC1;TOP1;URB1"
"GOCC_FIBRILLAR_COLLAGEN_TRIMER",0.849964985994398,1,0.365909320036108,0.721732584964415,4854,12,"LUM;COL3A1;COL1A1;COL11A2;COL27A1;COL5A1"
"GOCC_FIBRINOGEN_COMPLEX",0.852285272687127,1,-0.381124483846054,-0.670942541331978,3859,6,"FGL2;FGA"
"GOCC_FICOLIN_1_RICH_GRANULE",0.92524702849778,1,0.267220499000484,0.812891368955087,6460,170,"ITGAX;SERPINA1;SLC11A1;CTSS;GMFG;SERPINB12;MGAM;TRPM2;ALOX5;ITGB2;CD300A;CLEC4D"
"GOCC_FICOLIN_1_RICH_GRANULE_LUMEN",1,1,-0.195851275345188,-0.619373636356957,3239,119,"PRG2;HSPA6;FGL2;TNFAIP6"
"GOCC_FICOLIN_1_RICH_GRANULE_MEMBRANE",0.17486426061961,1,0.456198159495257,1.19531068695535,1094,51,"ITGAX;SLC11A1;SERPINB12;MGAM;TRPM2;ITGB2;CD300A;CLEC4D;FCER1G;DSG1;ADAM8"
"GOCC_FILAMENTOUS_ACTIN",0.158208955223881,1,-0.477716284064367,-1.22283319877912,635,31,"PRICKLE4;LDB3;PDLIM4;APC2;TMSB15C;PDLIM7;MYO1A"
"GOCC_FILOPODIUM",0.999399939993999,1,-0.208962768380299,-0.645597627554426,3330,100,"LY6G6D;FSCN3;TBC1D10C;UNC5C;MAP2;CD302;VIL1;ACTC1;LCP1;TENM2;FGF13"
"GOCC_FILOPODIUM_MEMBRANE",0.996169499640891,1,-0.203265897457296,-0.46219344872805,4160,18,"TBC1D10C"
"GOCC_FILOPODIUM_TIP",0.706781115879828,1,0.385097686752589,0.830281604160396,4116,18,"MORN4;TTYH1;MYO3B;CIB1;MYO10;FZD3;NLGN1;MYO5A;EPHB1;ABITRAM;ABI2;OSBPL3"
"GOCC_FILTRATION_DIAPHRAGM",0.751806358381503,1,0.439230220866436,0.790961602937114,4161,8,"NPHS1;MAGI2;TRPC6;PODXL;IQGAP1;CD2AP"
"GOCC_FLEMMING_BODY",0.998483827493261,1,0.20437891283701,0.474729728800112,5926,26,"OR2A4;CAPG;BIRC6;EXOC4;TSG101"
"GOCC_FLOTILLIN_COMPLEX",0.578464293709425,1,-0.473315854275106,-0.912972187031125,2583,9,"SLC6A3"
"GOCC_G_PROTEIN_COUPLED_RECEPTOR_COMPLEX",0.688053627005027,1,-0.371517837046116,-0.844770876552989,2873,18,"TAS1R1;DRD1;GABBR2;CXCR2;CALCRL"
"GOCC_G_PROTEIN_COUPLED_RECEPTOR_DIMERIC_COMPLEX",0.29773897470338,1,-0.602246586599872,-1.1616648340297,1329,9,"TAS1R1;GABBR2;CALCRL"
"GOCC_GABA_ERGIC_SYNAPSE",0.448796531619076,1,0.344414421664843,0.997816416069986,3001,107,"NLGN4Y;GAD1;LRRTM2;FGF7;GABRA1;IQSEC3;GABRA2;LRFN5;SLC32A1;EFNA5;LRRTM1;ATP2B3;ADRA2A;NPY;GABRB2;SLC6A1;SLITRK3;SLITRK1;ERBB4;NXPH1;ABHD6;IGSF9B;PLCB1;GRID1;BAIAP3;SH3KBP1;SLC4A10;ARHGEF9;CLSTN3;CSPG5;NSF;GABRR1;GPHN"
"GOCC_GABA_RECEPTOR_COMPLEX",0.839165867689358,1,-0.325631506094144,-0.751919458705581,3500,19,"GABRG3;GABRG2;GABRB1;GABRA4;GABBR2"
"GOCC_GAMMA_DELTA_T_CELL_RECEPTOR_COMPLEX",0.157449442839455,1,-0.889251621868453,-1.29333663001234,762,2,"TRGC1"
"GOCC_GAMMA_SECRETASE_COMPLEX",0.922496113701976,1,-0.319964486991431,-0.583108449239485,4153,7,"PSEN2;TMED10;PSENEN;NCSTN;APH1B;APH1A;PSEN1"
"GOCC_GAMMA_TUBULIN_COMPLEX",0.996740994854202,1,0.215687031744806,0.469171158696573,5810,19,"TUBG2;BLOC1S2;MARK4;PDE4B;MZT2A;BRCA1;MZT2B;MZT1;CDK5RAP2;TOPORS;TUBGCP5"
"GOCC_GAMMA_TUBULIN_RING_COMPLEX",0.993604547877065,1,0.232337271253185,0.448085084497882,5592,11,"TUBG2;MZT2A;BRCA1;MZT2B;MZT1;CDK5RAP2;TUBGCP5"
"GOCC_GAP_JUNCTION",0.8104335047759,1,-0.324993761759662,-0.794467013308931,3308,25,"GJB1"
"GOCC_GARP_COMPLEX",0.902322152598599,1,0.379412636735398,0.62186112692166,4895,5,"VPS51;VPS52;VPS53"
"GOCC_GATOR1_COMPLEX",0.953004054552156,1,0.328122587617724,0.537796220653323,5170,5,"SZT2;NPRL3;DEPDC5;NPRL2"
"GOCC_GATOR2_COMPLEX",0.546100550719488,1,0.491873774211095,0.948626539731942,3073,11,"SESN3;CASTOR1;CASTOR2;SZT2;WDR59"
"GOCC_GBAF_COMPLEX",0.960628075931568,1,-0.279771466655666,-0.598451271222766,4098,14,"ACTL6B;BICRA;ACTB;ACTL6A;BRD9"
"GOCC_GEMINI_OF_CAJAL_BODIES",0.568065268065268,1,-0.448691371807397,-0.92415840518487,2436,12,"GEMIN8;GEMIN6;GEMIN5;GEMIN4;ZPR1"
"GOCC_GERM_CELL_NUCLEUS",0.64773293472845,1,0.367725400966801,0.887927932636503,3899,32,"DYNLRB2;SYCP1;TCFL5;DYNC1H1;MLH3"
"GOCC_GID_COMPLEX",0.902584038417562,1,-0.327658095899931,-0.664634891454932,3946,11,"MKLN1;YPEL5;RANBP10;WDR26;ARMC8;MAEA;GID8;RMND5B;RMND5A;RANBP9;GID4"
"GOCC_GINS_COMPLEX",0.540646853146853,1,-0.567655596410209,-0.962376534255047,2473,5,"GINS4;SLC5A8;GINS2;GINS3"
"GOCC_GLIAL_CELL_PROJECTION",0.490580256217031,1,-0.378378888657292,-0.973479114707477,1952,32,"ADCY10;KCNK2;CRB1;GRM3;CNTF;EIF2S1;SYT4"
"GOCC_GLUTAMATERGIC_SYNAPSE",1,1,0.21290712346409,0.708018670883608,8292,559,"NLGN4Y;CBLN2;PLG;P2RX1;C1QA;IL1RAPL1;LRRTM2;NTN1;DLGAP2;PSD2;LRFN5;SLC1A2;DRD4;SNAP25;NPTX1;PPFIA2;CACNB4;FLRT3;ATP2B3;ADRA2A;CACNG3;VWC2;NRG3;SLC16A7;CRHR1;LRRC4C;CDH11;HIP1R;FILIP1;SLITRK1;SYNDIG1;NSG2;SLC30A3;ERBB4;ATP2B4;GRM5;NXPH1;NRP1;DOC2A;TRIM47;CADPS2;CDH8;NRCAM;APBA1;ABHD6;ICAM5;DGKI;TAMALIN;PLCB1;GRIN2C;SPTB;FAM81A;PDE10A;WNT5A;PHF24;CDH6;GRID1;NGEF;NRXN2;BCAN;PCDH8;CACNG8;ADCY1;CASR;C1QL2;ABI3;ZDHHC8;SH3KBP1;LRRC4;GRM1;ADCY8;EPHA4;SRCIN1;CPLX1;EFNB1;DOCK4;ZDHHC2;SEMA4F;LGI1;FGFR1;HCN1;LAMA5;CLSTN2;SYN3;CNNM2;PRRT1;IL1RAP;EPHA7;CLSTN3;DGKE;CSPG5;DAAM1;GPM6A;CPT1C;GABRR1;AGO2;CRELD1;PRRT2;CDH1;GRIK1;GUCY1B1;CACNG7;DRD2;USP8;EGLN1;FBXL20;CDKL5;SPARCL1;PPFIA3;PJA2;SRGAP2"
"GOCC_GLYCINERGIC_SYNAPSE",0.272428284304769,1,0.703278362370135,1.19417174396816,1490,6,"GLRA3;IQSEC3;GPHN"
"GOCC_GLYCOCALYX",0.59284353165361,1,-0.606428263341824,-0.938714913987706,2799,3,"PKHD1L1"
"GOCC_GLYCOGEN_GRANULE",0.390734265734266,1,-0.654058849630138,-1.10886053601246,1787,5,"PCYT1A;FASN;PPP1CA"
"GOCC_GLYCOPROTEIN_COMPLEX",0.719401520726024,1,-0.348782635433042,-0.842896687312392,2932,24,"SGCZ;PGM5;CAV3"
"GOCC_GLYCOPROTEIN_IB_IX_V_COMPLEX",0.674017790956264,1,0.549627593252702,0.869227781588611,3636,4,"GP5;GP1BA"
"GOCC_GLYCOSYLPHOSPHATIDYLINOSITOL_N_ACETYLGLUCOSAMINYLTRANSFERASE_GPI_GNT_COMPLEX",0.908505440817233,1,-0.334748556702921,-0.61005117667769,4090,7,"PIGH;PIGY;PIGA;PIGC"
"GOCC_GOLGI_APPARATUS",1,1,0.193486289727559,0.668706789301284,9344,1472,"WNT1;GALNT15;CLEC18B;CYTH4;SGCA;WNT7B;F2;SERPINA1;GBP2;GPC5;CLEC18C;ST6GALNAC2;CGA;KLK11;OPALIN;MR1;SLC26A9;AGBL4;APOA5;RHO;GOLGA8Q;GBP1;GALNTL5;GBP4;SHH;DEFA6;TRIM7;TMEM45B;GAD2;FGF7;CABP7;SRGN;SEC16B;SCRG1;OMD;ZDHHC11B;HLA-DRB5;BGLAP;PLA2G5;CABP2;HS3ST1;VCAM1;CFB;LYZ;FTCD;SLC35E2A;LST1;CUBN;VTN;HS3ST6;CD36;MPIG6B;WNT4;FGD2;RBFOX1;CHST5;MMD2;MS4A7;HCK;MUC1;FAIM2;FUT3;LUM;SNAP25;FAM20A;B3GNT8;CLVS1;PTCH1;GOLGA6B;STX11;RAB27B;MUC16;AZIN2;ATP8B4;GOLGA6A;CBLN3;ARRB1;SLC10A7;ATG9B;CREG2;CCDC170;GDNF;FCMR;NPY;GARIN1A;DKK2;DOP1B;PRELP;NLRP3;GSAP;PKDCC;ASAH2;GALNT9;CRHBP;ABO;B3GNT4;TGM4;CAMK1G;MYMK;MARCHF9;PDGFA;SGMS2;NSG2;SULF1;MGAT4A;ACP3;KCNJ6;F2RL1;FGF23;FKTN;ZDHHC1;SGCD;ST8SIA6;GFY;MPL;RAB7B;CHRNA3;HS3ST3B1;PDE2A;DOP1A;PLPP3;RHOU;RAB6B;HLA-H;PTGDS;NGF;HFM1;APBA1;F7;STMN2;RIPOR1;FAM241A;IL15;B3GALT4;WLS;NAPEPLD;EXTL1;GKAP1;TRAPPC9;B3GNT3;SNX32;B2M;SECTM1;TGFB1;GRM6;LDLRAD4;PARP12;GLIPR2;SLC35A1;GOLGA8T;LFNG;ATP8B3;GALNT16;VAMP5;TLR6;WNT5A;PTPRN;GALNT12;MUC4;COG7;YIPF2;RAB37;BAIAP3;MUC12;GALNT8;BCAN;OGN;CCDC88B;SPATA16;GCNT1;GOLT1A;KIAA0319L;ZDHHC8;MTUS1;MSLN;SYNE1;ST8SIA4;ABCG1;GBF1;HEATR5B;CIDEB;MMP24;GOLGA6C;CREB3L4;FEZ1;BGN;ZDHHC2;FCGBP;ABCA7;NCALD;PDGFB;GOLGA1;MBOAT4;TMEM59L;ABCA1;TMC8;LGI1;FGFR2;HLA-A;AGPAT3;CLSTN2;B3GNT9;BST2;GPR89A;GAS6;PXYLP1;B4GALT4;PDGFRA;C1orf43;MAN1C1;CFP;AOC3;AP1G2;CABP1;PDGFC;TVP23C;STX16;SLC26A11;PLCE1;A4GALT;LTBR;RAB40A;RAB27A;CLU;HLA-F;RAB43;CLSTN3;ST8SIA5;SLC2A4;CSPG5;CIB1;LGR5;NDRG2;CERT1;NSF;VPS13A;CEP57;STEAP2;PLEKHM3;GFRA1;FGFR3;MARCHF2;GOLGA8H;LGR6;SAMD8;WNT3;CXCL14;SLC35B4;C1GALT1;VGF;HLA-G;STING1;ST3GAL3;ZDHHC13;CDH1;DRD2;BACE1;MTCL2;TAPBP;OPTN;B4GALNT1;CLTCL1;TNKS;PCSK1N;IFNGR2;GGA1;VCAN;SORL1;JAKMIP3;NTN3;ATXN2;GOLGA4;SGSM1;FZD8;CLCN5;TRAF3IP3;TRAPPC6A;SPPL3;TMEM87B;PJA2;RAB26"
"GOCC_GOLGI_APPARATUS_SUBCOMPARTMENT",1,1,0.142122025320723,0.462590438538203,7908,385,"GOLGA8Q;TMEM45B;CABP7;HLA-DRB5;RBFOX1;CHST5;MS4A7;FUT3;SNAP25;CLVS1;GOLGA6B;RAB27B;AZIN2;ATP8B4;GOLGA6A;ATG9B;FCMR;DOP1B;GSAP;ABO;MARCHF9;NSG2;SULF1;MGAT4A;ACP3;RAB7B;DOP1A;PLPP3;WLS;TRAPPC9;SNX32;PARP12;GOLGA8T;ATP8B3;VAMP5;COG7;YIPF2;BAIAP3;GCNT1;GOLT1A;KIAA0319L;GBF1;MMP24;GOLGA6C;GOLGA1;HLA-A;GPR89A;STX16;RAB43;SLC2A4;LGR5;NSF;GOLGA8H;LGR6;ST3GAL3;CDH1;BACE1;OPTN;CLTCL1;PCSK1N;GGA1;SORL1;ATXN2;GOLGA4;TRAPPC6A;TMEM87B"
"GOCC_GOLGI_ASSOCIATED_VESICLE",0.993138424821002,1,-0.232277039171343,-0.71732803251645,3328,99,"COPZ2;CLRN1;CNGA2;ACR"
"GOCC_GOLGI_ASSOCIATED_VESICLE_MEMBRANE",0.976872246696035,1,-0.249152702119474,-0.720295532726809,3547,62,"COPZ2;CNGA2"
"GOCC_GOLGI_CIS_CISTERNA",0.755730835592803,1,-0.329319300411071,-0.833496900020966,3065,29,"GOLGA8S;GOLGA8M;GOLGA8J;GOLGA8R;GOLGA6D;GOLGA8IP;SMPD3"
"GOCC_GOLGI_CISTERNA",1,1,-0.170707135627423,-0.533959769692072,3285,109,"GOLGA8S;GOLGA8M;GOLGA8J;GOLGA8R;ST3GAL1;GOLGA6D;CHSY3;GOLGA8IP;SMPD3;SAR1B;GOLGA8K;RAB30;FUT4;PITPNM1;GOSR1;ZDHHC14;NECAB3;GAL3ST2;ST3GAL4;CSGALNACT1;FUT2;GAL3ST3"
"GOCC_GOLGI_CISTERNA_MEMBRANE",0.99884825799021,1,-0.212447637086512,-0.644265481223493,3468,85,"GOLGA8S;GOLGA8M;GOLGA8J;GOLGA8R;ST3GAL1;GOLGA6D;CHSY3;GOLGA8IP;SAR1B;GOLGA8K;FUT4;PITPNM1;ZDHHC14;GAL3ST2;ST3GAL4;CSGALNACT1;FUT2;GAL3ST3;COG3"
"GOCC_GOLGI_LUMEN",0.0609587992035534,1,0.466099044430577,1.3118379995579,397,85,"WNT1;WNT7B;F2;GPC5;CGA;DEFA6;OMD;BGLAP;HS3ST1;VTN;WNT4;MUC1;LUM;MUC16;PRELP;PDGFA;FGF23;NGF;F7;TGFB1;WNT5A;MUC4;MUC12;BCAN;OGN;BGN;FCGBP;PDGFB"
"GOCC_GOLGI_MEDIAL_CISTERNA",0.993607305936073,1,-0.211095239933598,-0.417193833073331,4351,10,"ST3GAL1;GOSR1;B3GALT6;MAN2A1;YIPF1;YIPF6;HID1;TMEM59;HLA-A;YIPF2"
"GOCC_GOLGI_MEMBRANE",1,1,0.173447111337011,0.582365459574184,8545,681,"GALNT15;CYTH4;SGCA;GBP2;ST6GALNAC2;MR1;SLC26A9;RHO;GBP1;GBP4;SHH;GAD2;SEC16B;HLA-DRB5;CFB;FTCD;LST1;HS3ST6;CHST5;MMD2;FAIM2;FUT3;B3GNT8;ARRB1;SLC10A7;ATG9B;DOP1B;NLRP3;ASAH2;GALNT9;ABO;B3GNT4;CAMK1G;MYMK;MARCHF9;PDGFA;SGMS2;MGAT4A;FKTN;SGCD;ST8SIA6;GFY;HS3ST3B1;DOP1A;PLPP3;RHOU;RAB6B;HLA-H;B3GALT4;WLS;NAPEPLD;B3GNT3;B2M;GRM6;LDLRAD4;GLIPR2;SLC35A1;LFNG;GALNT16;GALNT12;COG7;GALNT8;GCNT1;GOLT1A;KIAA0319L;ZDHHC8;ST8SIA4;ABCG1;GBF1;CREB3L4;ZDHHC2;ABCA7;PDGFB;GOLGA1;TMEM59L;TMC8;HLA-A;AGPAT3;CLSTN2;B3GNT9;GPR89A;PXYLP1;B4GALT4;MAN1C1;CFP;AP1G2;CABP1;PDGFC;TVP23C;STX16;PLCE1;A4GALT;HLA-F;RAB43;CLSTN3;ST8SIA5;CSPG5;STEAP2;MARCHF2;SAMD8;SLC35B4;C1GALT1;HLA-G;STING1;ST3GAL3;ZDHHC13;CDH1;DRD2;MTCL2;TAPBP;OPTN;B4GALNT1;TNKS;IFNGR2;SORL1;GOLGA4;CLCN5;TRAF3IP3;TMEM87B;PJA2;RAB26"
"GOCC_GOLGI_STACK",1,1,0.136796115171641,0.40870311285362,6867,143,"GOLGA8Q;FUT3;GOLGA6B;RAB27B;GOLGA6A;ABO;MARCHF9;NSG2;SULF1;MGAT4A;ACP3;GOLGA8T;YIPF2;GCNT1;GOLT1A;GBF1;GOLGA6C;HLA-A;GPR89A;STX16;NSF;GOLGA8H;ST3GAL3;SORL1;TMEM87B"
"GOCC_GOLGI_TRANS_CISTERNA",0.98446251129178,1,0.260456418271432,0.479646828955341,5448,9,"YIPF2;TMEM59;HID1;SGMS1;YIPF6;YIPF1"
"GOCC_GOLGI_TRANSPORT_COMPLEX",0.993835616438356,1,-0.210400339728989,-0.415820481025906,4352,10,"COG5;COG3;COG2;COG1;COG8;TMEM115;CDC42;COG6;COG4;COG7"
"GOCC_GPI_ANCHOR_TRANSAMIDASE_COMPLEX",0.712679690379654,1,0.507854131337473,0.832378028161436,3866,5,"PIGS;PIGK;GPAA1;PIGU;PIGT"
"GOCC_GRANULAR_COMPONENT",0.973871733966746,1,0.290413136211838,0.493123604958615,5329,6,"CARF;FBL;NPM1;CDKN2AIP;SURF6;RRP1B"
"GOCC_GROWTH_CONE_MEMBRANE",0.979588150289017,1,0.269544602053948,0.485393354954208,5422,8,"FLRT3;GAP43;EXOC4"
"GOCC_GROWTH_FACTOR_COMPLEX",0.761361092455787,1,-0.401904766851505,-0.775228361054187,3400,9,"IGFALS"
"GOCC_GTPASE_ACTIVATOR_COMPLEX",0.921918767507003,1,0.328211265974287,0.64737559945915,5265,12,"FLCN;FNIP1;LAMTOR3;GNB5;LAMTOR2;FNIP2;LAMTOR1;RRAGC;LAMTOR5;SLC38A9;LAMTOR4;RRAGA"
"GOCC_GTPASE_COMPLEX",0.0842453550521761,1,-0.490838534977461,-1.30849307326435,330,38,"GNGT1;GNAT1;GNA15;GNGT2"
"GOCC_GUANYL_NUCLEOTIDE_EXCHANGE_FACTOR_COMPLEX",0.80166299828809,1,-0.321356100787973,-0.801098425283554,3277,27,"CCZ1;RMC1;MON1A;RASGRP3;C9orf72;ELMO1;RIC1;MON1B;LAMTOR4;SLC38A9;LAMTOR5;RAP1A;EIF2B5;EIF2B4;EIF2B2;EIF2B3;RGP1"
"GOCC_H3_HISTONE_ACETYLTRANSFERASE_COMPLEX",0.939991043439319,1,-0.304574406485234,-0.572442586744617,4197,8,"BRPF1;KAT7;ING5;BRPF3;KAT6A;MEAF6;BRD1;KAT6B"
"GOCC_H4_H2A_HISTONE_ACETYLTRANSFERASE_COMPLEX",0.0451053283767038,1,-0.566057550219294,-1.43999679303253,181,30,"POTEKP;ACTL8;POTEI"
"GOCC_H4_HISTONE_ACETYLTRANSFERASE_COMPLEX",0.056832859726169,1,-0.501409774902501,-1.36496566015785,219,43,"POTEKP;ACTL8;POTEI"
"GOCC_HAPTOGLOBIN_HEMOGLOBIN_COMPLEX",0.836527828971618,1,0.428438826971979,0.702215545718886,4538,5,"HBA2;HBA1;HBQ1"
"GOCC_HAUS_COMPLEX",0.939125722543353,1,0.325960239336035,0.586986097838191,5198,8,"HAUS4;HAUS5;HAUS7;HAUS6;HAUS1;HAUS8"
"GOCC_HEMIDESMOSOME",0.855491329479769,1,0.386237520488638,0.695532852264845,4735,8,"LAMA3;ITGB4;COL17A1;PLEC;JUP"
"GOCC_HEMOGLOBIN_COMPLEX",0.913256955810147,1,0.359895172559561,0.629408805916371,5021,7,"HBA2;HBA1;HBQ1"
"GOCC_HETEROCHROMATIN",1,1,0.195367226084904,0.552265957443689,6564,88,"DNMT3L;FOXC1;KDM4C;BMI1;SALL1;SIRT1;CDKN2A;KMT5C;PHC2"
"GOCC_HFE_TRANSFERRIN_RECEPTOR_COMPLEX",0.805455202312139,1,0.411746425727424,0.741469046129283,4458,8,"HJV;TF;B2M;BMPR1B"
"GOCC_HIGH_DENSITY_LIPOPROTEIN_PARTICLE",0.00771472655580319,1,0.753988076155814,1.60666681949063,44,17,"APOC4;APOA5;APOA2;SAA1;CETP;APOA1"
"GOCC_HIPPOCAMPAL_MOSSY_FIBER",0.880138863511785,1,0.388834922350285,0.660244509405768,4816,6,"SLC30A3;TNN;MICAL1"
"GOCC_HIPPOCAMPAL_MOSSY_FIBER_TO_CA3_SYNAPSE",0.996881496881497,1,-0.219557044940084,-0.602864975142068,3835,45,"CACNG2;GPER1;CALCA;CALB1;RAPGEF4;GRIK2;PRKAR1B"
"GOCC_HISTONE_ACETYLTRANSFERASE_COMPLEX",0.497178497178497,1,-0.317196417742755,-0.976445770624395,1673,97,"POTEKP;ACTL8;POTEI"
"GOCC_HISTONE_DEACETYLASE_COMPLEX",0.996492298307153,1,0.231959246114923,0.654845069238981,6533,87,"TBL1Y;MECOM;NRIP1;ING2;HDAC5;SAP30L;CHD3;GATAD2B;CFDP1;KMT2E;RCOR3;SINHCAF;SETD5;TRERF1;KAT5;MBD2;KDM3A;HDAC11;TBL1XR1;MTA3;SAP18;ZNF217"
"GOCC_HISTONE_LOCUS_BODY",0.656905594405594,1,-0.504636782621912,-0.855537408577479,3005,5,"ZC3H8;ELL;ICE1;CRAMP1"
"GOCC_HISTONE_METHYLTRANSFERASE_COMPLEX",0.157707754093296,1,0.432950113601994,1.19743062328629,1020,75,"UTY;DNMT3L"
"GOCC_HISTONE_PRE_MRNA_3_END_PROCESSING_COMPLEX",0.711636122764407,1,-0.458757878074683,-0.807610609177817,3222,6,"ERI1;SLBP;SYNCRIP;YBX1;SNRPB"
"GOCC_HOPS_COMPLEX",0.643972626776627,1,0.435283267836663,0.872537566663966,3669,13,"VPS16;STX17;HOOK3;VPS41;VPS33B;AKTIP;VPS11;VIPAS39;HOOK2;VPS39;HOOK1"
"GOCC_HOST_CELLULAR_COMPONENT",0.0502167630057803,1,0.794793857386739,1.43125721678052,277,8,"CD209;IFIT1"
"GOCC_HULC_COMPLEX",0.427702996092054,1,-0.670027951942786,-1.08953150576588,1969,4,"RNF40;RNF20;UBE2A"
"GOCC_I_BAND",0.897190293742018,1,-0.263781687521257,-0.85196889778584,2809,142,"KLHL40;MYOT;PRICKLE4;IGFN1;PGM5;SCN1A;CAV3;C10orf71;MYH6;LDB3;SLC8A1;ANKRD1;PDLIM4;CAPN3;ACTC1;MYPN;SYNPO2;FLNC;CSRP1;NEXN;PARVA;PDLIM7"
"GOCC_IGA_IMMUNOGLOBULIN_COMPLEX",0.0633955709943552,1,-0.870083754679841,-1.41484196387632,291,4,"PIGR;JCHAIN;IGLC1;IGKC"
"GOCC_IGA_IMMUNOGLOBULIN_COMPLEX_CIRCULATING",0.0130004127115147,1,-0.977036779746054,-1.42101225911714,62,2,"PIGR;JCHAIN"
"GOCC_IGD_IMMUNOGLOBULIN_COMPLEX",0.194387123400743,1,-0.870016595268419,-1.26536101111067,941,2,"IGLC1;IGKC"
"GOCC_IGE_IMMUNOGLOBULIN_COMPLEX",0.194387123400743,1,-0.870016595268419,-1.26536101111067,941,2,"IGLC1;IGKC"
"GOCC_IGG_IMMUNOGLOBULIN_COMPLEX",0.194387123400743,1,-0.870016595268419,-1.26536101111067,941,2,"IGLC1;IGKC"
"GOCC_IGM_IMMUNOGLOBULIN_COMPLEX",0.121722027972028,1,-0.805546545929739,-1.36568563395748,556,5,"JCHAIN;IGLC1;IGKC"
"GOCC_IKAPPAB_KINASE_COMPLEX",0.482815057283142,1,0.58378234903876,1.02095771001966,2654,7,"PYDC1;IKBKB;CHUK"
"GOCC_IMMUNOGLOBULIN_COMPLEX",0.0155499656986051,1,-0.790621009037028,-1.60372752908812,67,11,"IGKV1D-43;PIGR;JCHAIN;IGLC1;SYK;VPREB3;IGKC"
"GOCC_IMMUNOGLOBULIN_COMPLEX_CIRCULATING",0.0130004127115147,1,-0.977036779746054,-1.42101225911714,62,2,"PIGR;JCHAIN"
"GOCC_IMMUNOLOGICAL_SYNAPSE",0.893776474421636,1,0.297655659648744,0.751813162971163,5485,41,"ZAP70;CRTAM;CD37;FYB2"
"GOCC_INCLUSION_BODY",0.999202170097335,1,0.206631380668326,0.542742970840134,6261,52,"UBD;CLU;NEFH;NEFM;PSEN1;SLF1;HTT;PINK1;TPR;TRIM37;HAP1;WSB1;HDAC6;PABPN1;SQSTM1;ARIH1;GPX1;HSPA1B;HSPA1A;SNCB;PSMC5;NUB1;NXF1;GYS1;AGL;ATXN1;PICALM;FBXO7;PRNP;NUP153;PSMC6;BAG5;RANBP2;MAPT;KEAP1;ATXN3;RAD18;EPS15;ATF4;UBQLN1;DNAJB2;STUB1;BAG3;NUP98;WDFY3;NBN;HERPUD1;LRRK2;RNF32;SNCA;PRKN;MIOX"
"GOCC_INHIBITORY_SYNAPSE",0.0250643776824034,1,0.706626353694393,1.52350658721127,145,18,"NLGN4Y;GAD1;IQSEC3;GABRA2;SLC32A1"
"GOCC_INNER_ACROSOMAL_MEMBRANE",0.195724290453373,1,0.765375215432773,1.25445767458416,1061,5,"EQTN;SPACA1;SPACA4"
"GOCC_INNER_DYNEIN_ARM",0.422168249061603,1,-0.609137491813723,-1.07234322144249,1911,6,"DNAI3;DNAH2"
"GOCC_INNER_KINETOCHORE",0.9769728951787,1,-0.25821138750915,-0.576599177960021,4072,17,"CENPS;ORC2;CENPM;CENPT;CENPI;CENPX;CENPN;ITGB3BP;CENPW;CENPP"
"GOCC_INNER_MITOCHONDRIAL_MEMBRANE_PROTEIN_COMPLEX",0.563740146779016,1,-0.331435300714288,-0.944995373530277,2073,57,"MCUB;GRPEL1;TIMM22;TIMM44;NDUFAF1;MPC1;MICU3;DNAJC15;TIMM23;TRMT10B;TIMM17A;MPC2;MTX2;PDSS1;IMMP1L;AFG3L2;TIMM23B;TIMM10B;CHCHD3;HSPA9;TIMM21;TIMM29;DNAJC11;PHB1;AGK;TMEM126B;SAMM50;COA1;PAM16;CHCHD10;TIMM9;IMMT;APOO;MICOS10;DNAJC19"
"GOCC_INO80_COMPLEX",0.554234062797336,1,-0.421722933331512,-0.929472675381149,2329,16,"ACTL6A;ACTR5;INO80C;NFRKB;INO80;MCRS1;YY1;ACTR8;UCHL5;RUVBL1;INO80E;INO80B;RUVBL2"
"GOCC_INO80_TYPE_COMPLEX",0.240818338673897,1,-0.453162830279419,-1.14694101976759,976,29,"EP400P1;SRCAP;ACTL6A;DMAP1;ACTR5;INO80C;TRRAP;NFRKB;INO80;MCRS1;VPS72;YY1;ACTR8;UCHL5;ANP32E;RUVBL1;EP400"
"GOCC_INSULIN_LIKE_GROWTH_FACTOR_BINDING_PROTEIN_COMPLEX",0.648936170212766,1,-0.532525852320699,-0.865939535889355,2988,4,"IGFALS"
"GOCC_INSULIN_RESPONSIVE_COMPARTMENT",0.903901734104046,1,0.35841908628844,0.645437680619358,5003,8,"SLC2A4;MYO5A;DENND4C;RAB4A;RAB13"
"GOCC_INTAC_COMPLEX",0.988006716238906,1,-0.234360518999073,-0.523338973949633,4118,17,"INTS2;INTS1;PPP2CA;INTS10;INTS15;INTS5;INTS3;INTS7;INTS14;INTS9;INTS13;PPP2R1A;INTS8;INTS12;INTS11;INTS6;INTS4"
"GOCC_INTEGRATOR_COMPLEX",0.636608015640274,1,-0.373123256007105,-0.888413206268259,2604,22,"SAGE2P"
"GOCC_INTEGRIN_COMPLEX",0.362115579587699,1,0.45322479115939,1.06608817106719,2142,28,"ITGAX;ITGAM;TSPAN32;ITGA8;ITGA10;ITGB2"
"GOCC_INTERCALATED_DISC",0.41617881852049,1,-0.362774674790639,-1.01211221257892,1563,50,"PGM5;SCN1A;CAV3;CTNNA3;SLC8A1;AKAP6;FGF13;SPTBN4;SCN5A;VCL;FHOD1;CDH2"
"GOCC_INTERCELLULAR_BRIDGE",0.999672184887723,1,0.198211760346806,0.496992975772639,6098,39,"TUBB8;RBM44;MTUS2;CD34"
"GOCC_INTERCELLULAR_CANALICULUS",0.907998251748252,1,-0.342045416034496,-0.579887671543766,4154,5,"ABCC2;MTDH;STARD10"
"GOCC_INTERLEUKIN_1_RECEPTOR_COMPLEX",0.397802614131464,1,0.74330374372829,1.10855978909391,2099,3,"IL1A;IL1RAP;IL1R1"
"GOCC_INTERLEUKIN_5_RECEPTOR_COMPLEX",0.121267969037965,1,0.80196199714559,1.31442377772225,657,5,"IL5RA;TYK2;JAK1;JAK2"
"GOCC_INTERMEDIATE_DENSITY_LIPOPROTEIN_PARTICLE",0.334321405886089,1,-0.761766895063966,-1.17916988472482,1578,3,"APOB"
"GOCC_INTERMEDIATE_FILAMENT_CYTOSKELETON",0.772692717044245,1,0.302033048939135,0.85537243262874,5081,89,"KRT12;KRT13;LMNTD1;KRTAP10-3;KRTAP5-1;KRTAP5-10;KRT80;GFAP;DLGAP2;KRTAP5-2;DES;KATNAL2;KRT17;NEFL;NRP1;ZNF774;VMAC;EVPL;SLC1A4"
"GOCC_INTERPHASE_MICROTUBULE_ORGANIZING_CENTER",0.567453004054552,1,0.588376976390727,0.964355780928474,3078,5,"NLRP3;BIRC5;DYNC2I1;MZT1"
"GOCC_INTERPHOTORECEPTOR_MATRIX",0.454625745197615,1,-0.588573437603983,-1.03614166689439,2058,6,"EYS;IMPG1"
"GOCC_INTERSTITIAL_MATRIX",0.694028595458368,1,0.362745326313003,0.85999400727891,4125,29,"LUM;COL3A1;VWC2;EGFLAM;COL1A1;COL16A1;COL12A1;COL11A2;ADAMTSL4;COL10A1;COL27A1;COL5A1"
"GOCC_INTRACELLULAR_CYCLIC_NUCLEOTIDE_ACTIVATED_CATION_CHANNEL_COMPLEX",0.818754633061527,1,0.455025254925134,0.719615604749156,4417,4,"CNGB1;CNGA1;CNGA4"
"GOCC_INTRACELLULAR_PROTEIN_CONTAINING_COMPLEX",1,1,-0.11702110078939,-0.439224628774822,1034,995,"POTEKP;KLHL40;FBXW10;ACTL8;ASB4;POTEI;PRKAG3;KLHL30;KLHL6;DCAF12L2;AKAP14;FBXO39;DAW1;SUPT20HL2;CBX8;PIH1D2;TIFA;TRIM21;TMEM183BP;PIPSL;UBXN8;APC2;RPPH1;TRAPPC10;CARD10;KLHL4;CCZ1;PRKN;CSNK2A3;PRAME;SOCS2;FBXL16;SPAG1;POLR3H;PGGT1B;TAF7L;POLR1B;FBXO28;GLMN;ENC1;KLHL20;CTU1;POLR3E;ACTL6B;DACT1;NDOR1;PRKAR1B;ZNF326;KLHL13;RMC1;POLR3G;POLE;CARD11;ASF1A;TRAPPC2;POLR1A;BLOC1S3;MON1A;ENY2;POLR2G;PSMD10;TRAPPC4;HERPUD1;OTUD6B;RNF144B;PSME3;RNF14;PSMC4;PSMC2;POLR3K;MED21;PRKX;MED10;TSEN2;DNAJC2;FBXO15;TAF5L;UBE3D;NEDD4;PAF1;ACTB;DCAF12L1;CNOT9;PCGF3;PSMD14;FASN;RASGRP3;ACTL6A;PSMD12;GTF2E1;TEX10;EIF4E3;TTI1;BAG2;SENP3;TSEN15;DNAJB11;MNAT1;MSL3B;KCMF1;PPP3CC;CDC26;C18orf21;FBXO32;NAA10;TADA2A;CIAO2B;HSPA8;SEL1L;DMAP1;POLA1;HAT1;DCTN1;POLR2M;ANAPC13;PFDN1;CACYBP;FBXW7;CIAO1;PEX2;ODF2;PCGF5;SDF2L1;FZR1;RPAP3;TSN;TRAPPC12;RBBP7;PRR5L;DTL;RPP21;RARS1;EIF4G1;DCAF4L1;RBCK1;CCAR2;RNF40;MRGBP;POLR2J;CBX6;MARS1;ADRM1;CEP89;POLR1G;BMAL2;TRAF6;PELP1;POLR2F;RNF2;BAG3;TAF5;L3MBTL2;DDX1;RNF20;DCUN1D4;FBXO4;PSMD3;TRAPPC14;JADE3;MKLN1;KLHL21;FEM1A;ANKRD9;TRAF2;HNRNPU;MED30;KLHL7;RING1;KLHL18;HPS6;BRPF1;MAPKAP1;XRCC4;KCTD10;ASB7;CEP164;ELP5;AGO1;TFDP1;ACTG1;STUB1;FBXL14;CUL1;RAD51;MAX;KAT7;VCP;PPP5C;CDC73;C9orf72;FAM98B;POLR1C;TBPL1;SKP2;NAA20;PRR5;KLHL36;BRCC3;DNAJB2;IDE;TRRAP;PSMD4;BORCS6;COMMD1;CCNH;AGO3;MAT2A;WDR5;UBE2J2;TRAPPC13;POLR2B;CBX2;PSMD2;DNAJC9;PSMC1;UBQLN1;PSMA7;HSP90AA1;DCUN1D5;PRIM2;KCTD5;PAXX;RAD18;DCAF1;CCT2;PSMB2;DCAF13;ELMO1;BLOC1S6;FBXO5;PFDN6;PATL1;TRAPPC2L;PDRG1;SUGT1;APC;UBE4A;PSMD6;POLR3C;DCUN1D1;BLOC1S4;POLG;DDA1;RNF19B;RIC1;SF3B5;NCBP3;CNOT2;LRR1;EIF4G2;MYZAP;PSMD1;KIF2A;GSK3A;ANAPC15;FBXO11;AIMP2;PSMA1;KDM2A;GTF2F2;CSNK2A1;FAM98C;UBE2A;UBQLN4;BABAM2;SEM1;TAF9;KCTD17;PSMA5;TAF1;DCAF15;MYCBP2;CCT7;CNOT11;PCGF1;SUPT3H;RPP25;KBTBD6;PSMB1;TUFT1;PRIMPOL;PEX12;SYNCRIP;TAF12;GTF2E2;MCRS1;DHX9;CDC37;TSEN34;SKIC8;ZZZ3;ASB2;HSD17B10;PSMG1;FBXO44;UBE2L3;DROSHA;SUPT7L;DCAF7;PSMB5;PSMB7;KLHL23;FBXW8;ABAT;CCDC47;PSME4;POLR2L;EIF4E;POLR3A;LEO1;PSMD11;VPS72;LIG4;RAG1;GTF2H5;XRCC6;TXNL1;DCAF4;NAA15;TAF3;UCHL5;MON1B;IGF2BP1;EEF1E1;OTULIN;SUPT20HL1;ELP1;YBX1;KARS1;KLHL8;HCFC1;SESN2;FBXW5;CDC16;CCT3;LAMTOR4;TAF11;RUVBL1;LAS1L;DPM1;BRAP;ING5;ANAPC7;PHC3;STIP1;TSNAX;IVNS1ABP;SLC38A9;RPTOR;KEAP1;AMN1;GATB;CCT6A;ERCC2;EP400;BRPF3;CKS2;WDR77;CREBBP;FAM98A;LAMTOR5;USP22;PRKAR1A;IKBKG;MARCHF6;YPEL5;MUS81;FBXL19;ASB1;AKT1S1;RAP1A;SUPT20H;CTR9;USP7;BTRC;POLR2K;FEM1C;USP33;KBTBD4;UBE2N;TAF13;PRKAA1;PRKACB;LARS1;EIF2B5;EIF4H;RPP40;NASP;DZIP1;POP5;DCUN1D3;RYBP;CDC20;ATXN7;PSMC6;DGCR8;DPM2;CSNK2B;FBXO16;PSMC3;PHF20;EIF2B4;TENT2;NAA50;TAF6;XRCC5;FBXO7;HPS4;ZNFX1;PSMB3;ERCC3;CUL3;ELOC;EPRS1;UBAC1;PTGES3;TNKS1BP1"
"GOCC_INTRACILIARY_TRANSPORT_PARTICLE",0.99754058042302,1,-0.203963379302353,-0.503705611317902,4055,26,"TRAF3IP1;UBXN10;WDR35;IFT46;IFT88;IFT22;TTC21B;IFT43;IFT56;IFT172;IFT25;IFT70B;IFT81;IFT57;IFT70A;IFT74;IFT27;TRIM59;IFT52;IFT140;IFT20;IFT80;WDR19;TTC21A;CLUAP1;IFT122"
"GOCC_INTRACILIARY_TRANSPORT_PARTICLE_B",0.991850431447747,1,-0.227775719818369,-0.52595953630662,4137,19,"TRAF3IP1;UBXN10;IFT46;IFT88;IFT22"
"GOCC_INWARD_RECTIFIER_POTASSIUM_CHANNEL_COMPLEX",0.985453755970473,1,-0.269558840557335,-0.438329249687806,4538,4,"KCNJ3;KCNK1;KCNJ9;KCNH2"
"GOCC_IONOTROPIC_GLUTAMATE_RECEPTOR_COMPLEX",0.980108499095841,1,-0.250370847368413,-0.681573487531146,3793,43,"OLFM3;CACNG2"
"GOCC_IRON_SULFUR_CLUSTER_ASSEMBLY_COMPLEX",0.221731665440275,1,-0.485497145081455,-1.17329217029597,903,24,"FXN;BOLA2B;NDOR1;ISCA1;NFS1;LYRM4;CIAO2B;ISCA2;CIAO1"
"GOCC_ISWI_TYPE_COMPLEX",0.915879017013232,1,-0.312031817128736,-0.679351509485796,3875,15,"SMARCA1;RBBP7;BAZ1B;LUZP1;HMGXB4;POLE3;RBBP4;BAZ2A;BAZ1A;BACC1;SMARCA5;CHRAC1;BPTF;RSF1;CECR2"
"GOCC_JUNCTIONAL_MEMBRANE_COMPLEX",0.946566570986973,1,-0.294669394372177,-0.518744506565687,4286,6,"JPH1;BAG5;JPH3;JPH4;JPH2;TRDN"
"GOCC_JUNCTIONAL_SARCOPLASMIC_RETICULUM_MEMBRANE",0.950078352361764,1,-0.294703520691785,-0.568449409377628,4243,9,"AKAP6;JPH1;RYR2;ASPH;RYR1;JPH3;JPH4;JPH2;TRDN"
"GOCC_JUXTAPARANODE_REGION_OF_AXON",0.792858411796056,1,0.397698269793171,0.766999895728058,4462,11,"KCNA1;EPB41L3"
"GOCC_KAINATE_SELECTIVE_GLUTAMATE_RECEPTOR_COMPLEX",0.953741245853299,1,0.327017978798254,0.535985755690443,5174,5,"GRIK1;GRIK4;GRIK3"
"GOCC_KATANIN_COMPLEX",0.678584592701806,1,0.526836263237277,0.863489933226474,3681,5,"KATNAL2;KATNAL1"
"GOCC_KERATIN_FILAMENT",0.563538611925709,1,-0.39051522883561,-0.929823807443996,2305,22,"KRT87P;KRTAP4-9;KRT83;KRTAP10-12;GPER1"
"GOCC_KINESIN_COMPLEX",0.999739651132518,1,-0.185725609550814,-0.511683182591028,3839,46,"DISC1;KIF21A;KIF6;KIF13A;KIF21B;NDEL1;KIFC3;KIF9;KIF1A;KLC2;KIF3B;KIF27;KIF1C;KIF14;KIF2A;KIF18B;KLC3"
"GOCC_KINETOCHORE_MICROTUBULE",0.955747955747956,1,-0.274359865600741,-0.640398866031047,3973,20,"CHMP1A;CHMP4C;CHMP6;CHMP4B;CHMP3;CHMP7;RAB11A;CHMP5;CHMP1B;ZW10;CHMP2B;CHMP4A;ZWILCH;CLASP2;CLASP1;KNTC1;BBLN;KIF18A;CHMP2A;CENPE"
"GOCC_KINOCILIUM",0.229277837068659,1,0.645941178951084,1.21763058397582,1288,10,"STRCP1;STRC;DCDC2;MKKS;IFT20"
"GOCC_L_TYPE_VOLTAGE_GATED_CALCIUM_CHANNEL_COMPLEX",0.915143152811314,1,0.316583343911485,0.666314495871903,5305,16,"CACNA1S;CACNB4;CACNA1D;CACNA1C;CACNB3;CACNG8;CACNG7;CACNA2D2"
"GOCC_LAMELLAR_BODY",0.735701906412478,1,0.391767680363932,0.812062199414741,4244,15,"KRTDAP;SPINK5;SFTPB;KLK7;SMPD1;ABCA3"
"GOCC_LAMELLIPODIUM",1,1,-0.18778355957187,-0.631776089476129,2770,206,"CLRN1;FSCN3;PEAR1;CTNNA3;KCNA2;UNC5C;DOCK8;TESK1;PDLIM4;VIL1;ACTC1;APC2;APBB1IP;BCAR1;ARHGEF6;PTK2B;EPHA2;MTSS2;PLEKHG5;AIF1;FAM89B;PSTPIP1;PTPRM"
"GOCC_LAMELLIPODIUM_MEMBRANE",0.58021978021978,1,-0.383949949509066,-0.920129236346052,2375,23,"KCNA2;DOCK8;APC2;EPHA2;ITGB3;PIEZO1"
"GOCC_LAMIN_FILAMENT",0.867674161444895,1,0.408612466429016,0.669719941418283,4707,5,"LMNTD2;NARF;LMNB1;EIF6;LMNA"
"GOCC_LAMININ_COMPLEX",0.867389340560072,1,0.378183424413935,0.696448494099224,4800,9,"NTN4;LAMA3;LAMA5;LAMB1;LAMB2;LAMC1"
"GOCC_LARGE_RIBOSOMAL_SUBUNIT",0.96243562556801,1,-0.251799612837905,-0.786527381766408,3176,108,"RPL3L;MRPL23;MRPL13;MRPL19;MRPL58;MRPL55;MRPL36;MRPL24;MRPL34;MRPL46;MRPL49;MRPL3;MRPL20;MRPL42;MRPL43;MRPL4;MRPL32;MRPL47;MRPL39;ZCCHC17;MRPL54;MRPL12;MRPS18A;MRPL18;MRPL50;MRPL15;MRPL9;MRPL21;MRPL57;MRPL37;MRPL2;MRPL38;NPM1;MRPL27;MRPL14;MRPL44;GADD45GIP1;MRPS30;RBM3;MRPL30;MRPL51;MRPL16;MRPL1;MRPL41;RPL7L1;MRPL40;MRPL48;UBA52;RPL26L1;MRPL22;MRPL45;RPL36AL;RPL35A;MRPL52;MRPL11;RPL19;RPL13;MRPL33;RPL39L;RPL14;RPL6;MRPL17;RPL41;RPL28;RPL24;RPL8;MRPL35;RPL12;RPLP1;MRPL28;RPL10A;RPL23A;RPL36;RPLP0P6;RPLP0;RPL27;MRPL53;RPL27A;RPL35;RPL10;RPL11;RPL34;RPL7;RPL26;MRPL10;RPL18;RPL29;RPL39;RPL5;RPL23;RPL36A;RPL15;RPL37;RPL21;RPL7A;RPL17;RPL32;RPLP2;RPL22;RPL3;RPL38;RPL4;RPL18A;RPL31;RPL30;RPL37A"
"GOCC_LATE_ENDOSOME",1,1,-0.148785262859191,-0.519145630642736,2357,308,"IRGM;SLC30A4;HLA-DQA1;CD68;RNF133;NAPSA;SFTPA2"
"GOCC_LATE_ENDOSOME_LUMEN",0.792890262751159,1,-0.417557717197257,-0.73508065685507,3590,6,"NAPSA;PGA4"
"GOCC_LATE_ENDOSOME_MEMBRANE",1,1,-0.193242403219694,-0.638229372834246,3018,170,"IRGM;SLC30A4;HLA-DQA1;CD68"
"GOCC_LATERAL_ELEMENT",0.589083175803403,1,-0.414384273233919,-0.902191911450149,2492,15,"KASH5;SYCP2;REC8"
"GOCC_LATERAL_PART_OF_CELL",0.47493549576115,1,0.63760640017869,1.0450433015601,2576,5,"SLC26A5;GPSM2;NUMA1"
"GOCC_LATERAL_PLASMA_MEMBRANE",0.961192176342751,1,0.265012437592252,0.723612856727012,6191,68,"ATP6V1B1;SLC26A5;SLC16A3;ATP1B2;SLC26A7;DSG1;TMEM114;CLDN4;MPP7;CLDN3;ERBB3;C1QTNF5;DMD;CEACAM1;CDH1;DRD2;GPSM2;POPDC1;VANGL1"
"GOCC_LEADING_EDGE_MEMBRANE",1,1,-0.159704569659762,-0.529648710200622,2950,179,"PLEK;PKHD1L1;GABRG3;GPER1;KCNA2;GABRG2;DOCK8;FGR;GABRA4;USH2A;APC2;SHISA7;TACR3;DAGLA;SHISA9;LCP1;EPHA2;MTSS2;TIRAP;IFIT5;AIF1;GRIA1;MPP2;ADORA1;PSD4;PTPRJ;ITGB3;SPRY4;AKAP5"
"GOCC_LEWY_BODY",0.408391608391608,1,-0.508836844158708,-1.04803853148054,1751,12,"PRKN;SNCA;LRRK2;HERPUD1"
"GOCC_LIPID_DROPLET",0.854154390100177,1,-0.275761662943104,-0.846240345973273,2898,95,"PLIN1;CIDEA;CES1;HSD17B13;PNPLA7;TMT1B;PLIN5;PNPLA5;PLA2G4C;TMT1A;APOB;LIPE;SDR16C5;EHD1;C18orf32;PNPLA3;ACSL4;PITPNM1"
"GOCC_LIPOPOLYSACCHARIDE_RECEPTOR_COMPLEX",0.0245332175423361,1,-0.904064976754368,-1.4700987810692,112,4,"TLR4"
"GOCC_LOW_DENSITY_LIPOPROTEIN_PARTICLE",0.484100195416593,1,0.519218396229636,1.00136330986637,2724,11,"APOA5;APOA1;APOM"
"GOCC_LSM1_7_PAT1_COMPLEX",0.775190326914465,1,-0.406794055201699,-0.764562734995536,3461,8,"LSM6;PATL1;LSM1;LSM2;LSM3;LSM7;LSM4;LSM5"
"GOCC_LSM2_8_COMPLEX",0.66688874083944,1,-0.463246799288863,-0.844228449502017,3002,7,"LSM8;LSM6;LSM2;LSM3"
"GOCC_LUMENAL_SIDE_OF_ENDOPLASMIC_RETICULUM_MEMBRANE",0.993781094527363,1,-0.22290959976972,-0.570592353699736,3994,31,"HLA-DQA1"
"GOCC_LUMENAL_SIDE_OF_MEMBRANE",0.998188405797101,1,-0.209271407410146,-0.564998340801751,3856,41,"HLA-DQA1;KCNQ1;ALG10B;HLA-DPB1;AMBP;HLA-DRA"
"GOCC_LYSOSOMAL_LUMEN",0.36327709378325,1,0.367609828394067,1.0430533976688,2389,91,"GPC5;CTSS;OMD;CUBN;LUM;SMPD1;PRELP;NEU4;IDUA;NAAA;NSG2;BCAN;OGN;RNASET2;BGN;CTSV;CTSK;CSPG5;NPC2;ARSA;HGSNAT;GALC;VCAN;LIPA;MAN2B1;MAN2B2;SCARB2;MANBA;CTSB;ASAH1;TPP1"
"GOCC_M_BAND",0.975667455221359,1,0.25964103700004,0.610734989940163,5773,28,"LMOD2;KLHL41;LMOD3;MYBPC2;TTN;TRIM63"
"GOCC_MAD_MAX_COMPLEX",0.947743467933492,1,0.325474191479765,0.552657530293046,5186,6,"MXD1;MXI1;MXD3;MXD4"
"GOCC_MAIN_AXON",0.388674033149171,1,-0.352860599275535,-1.02814449460388,1406,65,"MYOC;SCN1A;CRH;HAPLN2;KCNK2;NCMAP;KCNA2;MAP2;KCNQ3;DLG2;MAG;SPOCK1;DAGLA;SCN9A;KCNAB1;SPTBN4;NFASC;ADORA1;CD40"
"GOCC_MALE_PRONUCLEUS",0.779924494781257,1,-0.412375511464526,-0.751519792885199,3511,7,"CBX1;TET3;METTL23;DPPA3;CCNA2;TBP;RIF1"
"GOCC_MANCHETTE",0.132453567937439,1,-0.542342223657837,-1.29132662212119,541,22,"SPAG17;DNAI1;CFAP53;MEIG1;SPEF2;RIMBP3B;STK33"
"GOCC_MANNOSYLTRANSFERASE_COMPLEX",0.842485549132948,1,0.392614889096378,0.707017156979917,4663,8,"PIGV;PIGX;DPM3;POMT1;PIGM"
"GOCC_MATRIX_SIDE_OF_MITOCHONDRIAL_INNER_MEMBRANE",0.856318010215412,1,-0.37263109074566,-0.67908891860533,3855,7,"AMBP;NDUFAF5;COA8;PAM16;DNAJC19"
"GOCC_MCM_COMPLEX",0.217470843814315,1,-0.608246194037642,-1.23379110179395,950,11,"MMS22L;MCM5;MCM6;MCM9;MCM7;MCM2;MCM4;MCMBP;MCM8"
"GOCC_MCRD_MEDIATED_MRNA_STABILITY_COMPLEX",0.970328050129008,1,0.306044465030107,0.501609955718174,5264,5,"PABPC1;PAIP1;CSDE1;SYNCRIP;HNRNPD"
"GOCC_MEDIATOR_COMPLEX",1,1,0.170312258463441,0.422552285769228,6071,37,"MED12L;BCLAF3;MED13L;MED13;UXT;MED7;CDK8;MED26;MED31;MED12;MED24;MED11;MED14;BCLAF1;MED23;MED18;MED25;NFE2L2;MED28;THRAP3;MED17;MED19;MED29;CCNC;MED20;MED4;PPARGC1B;MED16;MED9;MED6;MED22;MED1;MED30;MED8;MED10;MED21;MED27"
"GOCC_MEIOTIC_COHESIN_COMPLEX",0.984232733733067,1,-0.246719949429321,-0.449626420922234,4431,7,"REC8;STAG3"
"GOCC_MEIOTIC_SPINDLE",0.779495718363463,1,-0.355255096435376,-0.782978298851512,3276,16,"KASH5;MAPK15;RSPH1;SIRT2"
"GOCC_MEMBRANE_COAT",0.99970802919708,1,-0.204594460704757,-0.627298033258021,3423,93,"COPZ2;SGIP1;SAR1B;STON2;AP1S3;AP5S1;NECAP2;AP4S1;AP5Z1"
"GOCC_MEMBRANE_MICRODOMAIN",0.99973258457013,1,0.223995346136597,0.711961064881407,7476,276,"ZAP70;SGCA;CD226;P2RX1;SHH;ADRA1B;OLR1;ITGAM;ACE2;BTK;CD36;HCK;FAIM2;SLC1A2;RIT2;FYB2;TFPI;AHNAK;PTCH1;ITGB2;EFNA5;PTPRC;CDH13;ASAH2;DLL1;FAS;SULF1;ATP2B4;PLPP2;INSR;NFAM1;GP6;CHRNA3;PLVAP;PLPP3;ADGRG1;LCP2;CD48;ABCB4;TLR6;UNC5A;ADCY1;RTN4RL1;ADCY8;EFNB1;IL6ST;PRTN3;STOM;MYOF;ABCA1;GPRC5B;FXYD1;BST2;DMD;RGMB"
"GOCC_MEMBRANE_PROTEIN_COMPLEX",1,1,0.185147663638772,0.637618830416476,9246,1281,"COX4I2;ZAP70;ITGAX;SLC6A19;IL2RG;SCNN1B;C7;SGCA;GJA9;TRGV3;CDH12;GYPB;PKD2L1;GLRA3;IL5RA;IL3RA;GRIA2;MR1;CYBB;KCNA1;KCNH7;TRGV5;ATP6V1B1;CHRNB3;ACKR1;ABCG5;CNGB1;KCNG2;ACVRL1;HLA-DRB5;CATSPER1;CACNA1S;PSG9;CHRNG;ITGAM;VCAM1;NCF1C;TSPAN32;NDUFA4L2;ACE2;SCNN1G;CACNA1F;CATSPERE;VTN;GABRA1;BEST2;ITGA8;ITGA10;FXYD2;COL13A1;KCNK7;CATSPERB;SGCG;GABRA2;GJD4;CDH9;SLC1A2;RHCE;SNAP25;SCN11A;AHNAK;CNGA1;SLC7A9;NOX5;SCN2B;PIK3R6;ITGB2;TREX1;SLC4A1;STX11;CACNB4;GP5;NDUFC2-KCTD14;CNTFR;IL1A;IL23A;LRRC26;GABRB2;CACNG3;NOXA1;CACNA1E;SHISA8;UBAP1L;VWC2;COX6B2;CLIC2;CDH13;ERN2;MYCBPAP;CD34;STX19;DUOX1;SCN2A;GJB4;CDH11;ATP1B2;HJV;FAS;CDH18;CSF2RA;PDGFA;SLC9A2;SEC31B;KCNA3;SLC30A3;KCNJ6;TF;IL22RA1;KCNK12;KCNIP1;GJA10;KCNC1;GRIN1;CRB2;INSR;KCNB2;SGCD;CHRNA3;TRPC3;CACNA1D;CACNA1C;HLA-DMB;CLTRN;PIK3R3;CACNB3;KCNE2;HLA-H;PIK3R5;CDH8;EPN3;GABRP;CMKLR1;ABHD6;RYR3;LRRC55;KCNK4;CD8B;FCER1G;PIK3CD;SNTG2;RET;TTYH1;UNC79;TAP1;SNX32;B2M;TGFB1;GRIN2C;GJA5;CLMN;KCNK10;ADAM8;TESC;TLR6;SCN4B;TRPC7;TRPV6;CFTR;CDH6;GRID1;TRAV18;CLDN4;TAS1R3;VAMP1;KCNN1;BNIP1;CLCN7;CALCR;EMILIN1;CACNG8;KCNG3;TRAF3;CASP8"
"GOCC_METHYLOSOME",0.958284509022733,1,-0.283601683462682,-0.606644380207819,4088,14,"RIOK1;ERH;SNRPG;WDR77;SNRPB;SNRPD3;PRMT1;SNRPF;COPRS;SNRPD1;SNRPD2;CLNS1A;PRMT5;SNRPE"
"GOCC_METHYLTRANSFERASE_COMPLEX",0.356221266498591,1,0.35630784907188,1.04121891262452,2401,114,"UTY;DNMT3L"
"GOCC_MHC_CLASS_I_PEPTIDE_LOADING_COMPLEX",0.241871387283237,1,0.674704311772066,1.21500110555939,1338,8,"TAP1;B2M;HLA-A;TAPBP;TAP2;TAPBPL"
"GOCC_MHC_CLASS_I_PROTEIN_COMPLEX",0.427605834222697,1,0.554714671725487,1.04566417451489,2403,10,"MR1;HLA-H;B2M;HLA-A;HLA-F;HLA-G;HLA-B"
"GOCC_MHC_CLASS_IB_PROTEIN_COMPLEX",0.367157665030005,1,0.636184667644561,1.11260239796131,2018,7,"B2M;HLA-A;HLA-F;HLA-G;HLA-B;HLA-C;HLA-E"
"GOCC_MHC_CLASS_II_PROTEIN_COMPLEX",0.896583778759005,1,-0.324594006505141,-0.682039461950627,3857,13,"HLA-DQA1;HLA-DPB1;HLA-DOB;HLA-DRA"
"GOCC_MHC_PROTEIN_COMPLEX",0.955499153976311,1,0.28485533882023,0.640282526962501,5646,22,"MR1;HLA-DRB5;HLA-DMB;HLA-H;B2M;HLA-A;HLA-F;HLA-G;HLA-B;HLA-DQB1"
"GOCC_MIB_COMPLEX",0.906112014873344,1,-0.31984555984556,-0.672061988738255,3898,13,"MTX2;CHCHD3;HSPA9;DNAJC11;SAMM50;IMMT;APOO;MICOS10;MICOS13;CHCHD6;MTX1;MTX3;APOOL"
"GOCC_MICOS_COMPLEX",0.922095366017461,1,-0.319796170475602,-0.61685026294004,4118,9,"CHCHD3;DNAJC11;CHCHD10;IMMT;APOO;MICOS10;MICOS13;CHCHD6;APOOL"
"GOCC_MICROBODY",1,1,0.156756548814986,0.468739048612523,6875,144,"DHRS4L1;DEPP1;ABCD2;CCDC33;MLYCD;MGAT4A;PTGR3;PLAAT3;POMC;PJVK;PNPLA8;ACOT4;GBF1;FNDC5;TMEM35A;VWA8;PEX6;SZT2;HAO2;PEX11G;NUDT19;STING1;CRAT;SYT7;HSD17B4;MPV17;TMEM135;MTARC2;MARCHF5;DHRS7B;ACOT8;EPHX2;SERHL2;NUDT7;ABCD1;ALDH3A2;PAOX;RAB8B;IMPDH2;MYO5A"
"GOCC_MICROBODY_LUMEN",0.998950957251508,1,-0.202396280301537,-0.559729690816903,3808,47,"DDO;NOS2;CROT;ABCD3;ACAA1;IDH1;CRYM;AGPS;DHRS4;LONP2"
"GOCC_MICROBODY_MEMBRANE",0.999843603378167,1,0.204039195209424,0.554123301984682,6392,66,"ABCD2;PLAAT3;PJVK;PNPLA8;FNDC5;TMEM35A;PEX6;PEX11G;SYT7;HSD17B4;MPV17;TMEM135;MARCHF5;DHRS7B;ABCD1;ALDH3A2;RAB8B;IMPDH2;USP30;PEX11A;TRIM37;NBR1;PEX1;PEX11B;CNOT1;PEX16;PEX13;ACBD5;PEX19"
"GOCC_MICROFIBRIL",0.378487453939288,1,0.536652987807599,1.07573602461627,2156,13,"ADAMTSL5;FBN3;THSD4;MFAP5;EFEMP2"
"GOCC_MICROTUBULE",1,1,0.177343309776801,0.584258952985541,8103,470,"MEFV;CFAP52;CFAP276;DNAI2;CFAP206;TUBA3D;SAA1;CFAP141;DYNLRB2;TEKTIP1;CASP1;DNAH12;DNAH8;TUBB8;NICN1;AURKC;MTUS2;CLIP4;SPACA9;FAM161B;SPAG6;KATNAL2;SPAG8;KIF19;CRHBP;DNAH6;RIBC2;SPEF1;SAXO2;SPMIP8;CFAP90;TOGARAM2"
"GOCC_MICROTUBULE_ASSOCIATED_COMPLEX",0.999855762296264,1,0.217420154154411,0.654526215563803,6931,154,"MEFV;DNAI2;DYNLRB2;DNAH12;DNAH8;AURKC;KATNAL2;CCDC65;KIF19;DNAH6"
"GOCC_MICROTUBULE_BUNDLE",0.752042393464341,1,-0.439282268071108,-0.773325183224793,3405,6,"TPPP3;TPPP"
"GOCC_MICROTUBULE_CYTOSKELETON",1,1,-0.168167234182246,-0.638603302547758,776,1262,"ANKRD53;ADCY10;EYS;BIRC7;DCDC2B;EFCAB6;SCTR;CIMIP2A;SPMIP9;ZMYND10;CCDC178;HSPA6;SPAG17;CLRN1;DNAI3;SPATC1;DNAI1;KASH5;RGCC;TEX35;SEPTIN12;CLIC5;CFAP53;MEIG1;TUBB1;PAX2;KHDC3L;CCDC116;PKHD1;DRC1;KPNA7;PIERCE2;PLK5;PDE4D;RAB6D;GAS2L2;MAP2;DAW1;TUBA8;LYST;SPTBN5;DISC1;TUBAL3;BBOF1;DNM3;DNAH9;TSSK2;IRAG2;TESK1;PLA2G3;KIF4B;DNAH2;PTPN20;CPLANE2;DNAI4;NDRG1;SPEF2;CFAP184;TTC23L;LRRIQ1;AGBL2;MNS1;CFAP45;PARP3;DYNLT5;RB1;NR3C1;DCDC1;MAPK15;CEP112;RIMBP3B;USP50;APC2;EFHB;KLHL4;CAPN6;SMAD7;KATNIP;PIERCE1;PEA15;TPPP3;MAST4;STK33;DNAL4;FAM110B;SAXO1;RABEP2;CEP126;SHROOM1;POLR3H;KIF21A;DNAL1;MAP6D1;PIBF1;SNPH;DZANK1;FGF13;SEPTIN5;EVI5;SYBU;B9D2;USH1G;SNX10;WHAMM;CFAP95;IQCD;RASSF5;TMEM67;CFAP210;CDH23;BCL2L10;TUBB6;NEK6;KIF6;TTLL7;WRN;TOGARAM1;ARHGAP18;SHCBP1;CCNE2;CCND3;TRAF3IP1;TAPT1;DPP9;SPOUT1;RADIL;LRWD1;MICAL3;RILPL2;BRSK2;CEP170B;EEF1AKMT3;DNAAF1;TMEM63A;MYC;LRRC45;MAP9;TUBB3;KIF24;CDC42EP2;WDR35;TACC2;CEP76;PKNOX2;ASAP1;CLMP;SAC3D1;CCDC8;NSMCE1;SNTB2;TMEM201;RPGR;HSPH1;CIMAP1D;DAPK3;PSEN2;TPPP;SEPTIN10;NCKAP5;NFS1;TTLL11;DDX3X;ACTB;CFAP126;IFT46;DYSF;AKNA;DNAJA1;DNALI1;IFT88;RP2;CFAP58;NEIL2;MAP1B;PPP2R3C;MAST1;RSPH1;SIRT2;RILP;NUDCD3;KIF13A;FHDC1;CENPV;BAG2;CDC6;KIF21B;MAP7D2;CDK2;MAP7D1;RAB8A;CCNJL;GEN1;NME7;AJUBA;NUDC;TADA2A;CIAO2B;TUBB4A;ORC2;MAP3K11;TEX9;NINL;TTC28;CIMIP2B;NDEL1;NCKAP5L;DCTN1;CCNE1;GAS8;SHROOM3;RITA1;KIF26A;RAE1;BCL2L11;SSNA1;TBCA;CCDC69;BBS4;CCNA1;CIAO1;ODF2;GLI2;H2AX;PCGF5;BNIP2;CHMP1A;ERC1;DTL;PLK2;IFT22;MLLT11;MAP1LC3B2;DTX4;TBCK;CENATAC;BBS7;CCAR2;AFG2A;BBS5;GAS2L1;NSUN2;TTC8;MID1;CEP89"
"GOCC_MICROTUBULE_END",1,1,-0.127864291510491,-0.333553883239997,3943,34,"GAS2L2;NCKAP5;NCKAP5L;DCTN1;GAS2L1;MISP;MAPRE1;KNSTRN;KIF18B;CLIP1;CAMSAP1;MAPRE3;SPAG5;KIF2C;TBCB;CAMSAP2;DST;CLASP2;CKAP5;SVIL;CAMSAP3;SLAIN2;CLASP1;ASPM;CLIP3;MAPRE2;CDK5RAP2;ABRAXAS2;CLIP2;SLAIN1;NUMA1;PDE4DIP;NAV3;CLIP4"
"GOCC_MICROTUBULE_MINUS_END",0.894708128750682,1,0.372384775727631,0.651251461266473,4919,7,"NUMA1;ABRAXAS2;ASPM;CAMSAP3;SVIL;CAMSAP2"
"GOCC_MICROTUBULE_ORGANIZING_CENTER",1,1,-0.151371290760064,-0.562475510241282,1322,768,"EYS;BIRC7;DCDC2B;CIMIP2A;ZMYND10;CCDC178;HSPA6;SPATC1;DNAI1;RGCC;CLIC5;CFAP53;PAX2;KHDC3L;CCDC116;PKHD1;PLK5;PDE4D;RAB6D;GAS2L2;DAW1;DISC1;BBOF1;DNAH9;TSSK2;IRAG2;TESK1;PLA2G3;PTPN20;CPLANE2;NDRG1;CFAP184;TTC23L;AGBL2;PARP3;NR3C1;MAPK15;CEP112;USP50;SMAD7;KATNIP;FAM110B;SAXO1;RABEP2;CEP126;POLR3H;PIBF1;DZANK1;EVI5;B9D2;USH1G;SNX10;IQCD;TMEM67;CDH23;NEK6;TTLL7;WRN;TOGARAM1;CCNE2;CCND3;TRAF3IP1;TAPT1;SPOUT1;LRWD1;RILPL2;BRSK2;EEF1AKMT3;TMEM63A;LRRC45;KIF24;WDR35;TACC2;CEP76;ASAP1;SAC3D1;CCDC8;TMEM201;RPGR;DAPK3;PSEN2;TPPP;NFS1;TTLL11;DDX3X;ACTB;CFAP126;IFT46;DYSF;AKNA;IFT88;RP2;CFAP58;PPP2R3C;SIRT2;RILP;KIF13A;CENPV;MAP7D2;CDK2;MAP7D1;RAB8A;CCNJL;GEN1;NME7;AJUBA;ORC2;MAP3K11;TEX9;NINL;TTC28;NDEL1;NCKAP5L;DCTN1;CCNE1;GAS8;RITA1;SSNA1;BBS4;CCNA1;ODF2;GLI2;H2AX;PCGF5;BNIP2;CHMP1A;ERC1;DTL;PLK2;IFT22;MLLT11;DTX4;CENATAC;BBS7;BBS5;TTC8;CEP89;TTLL4;CRMP1;KIFC3;TOPBP1;BICDL1;SPATC1L;CEP72;ATF5;TMUB1;EVC;TRAPPC14;PCLAF;CHEK1;BBS9;KLHL21"
"GOCC_MICROTUBULE_ORGANIZING_CENTER_ATTACHMENT_SITE",0.443150684931507,1,-0.517994078046331,-1.02372718114067,1940,10,"KASH5;IRAG2"
"GOCC_MICROTUBULE_PLUS_END",0.999262174126906,1,-0.180405970833989,-0.445528506809191,4062,26,"GAS2L2;NCKAP5;NCKAP5L;DCTN1;GAS2L1;MAPRE1;KNSTRN;KIF18B;CLIP1"
"GOCC_MICROVESICLE",0.994544462629569,1,0.23328246408082,0.407980012941234,5468,7,"SLC30A3;PPFIA3;BLOC1S5"
"GOCC_MICROVILLUS",0.381802476245321,1,-0.337967471208459,-1.02491502594278,1325,85,"FOXA1;PTPRH;MYO1H;CLRN1;FSCN3;CDHR2;MYO7B;MUC20;CRB1;CD302;CALML4;ANGPT1;MYO7A;SLC7A5;VIL1"
"GOCC_MICROVILLUS_MEMBRANE",0.932215923095884,1,-0.283140257098308,-0.71661917861479,3781,29,"PTPRH;CDHR2;MUC20"
"GOCC_MIDBODY",1,1,-0.1541954714536,-0.514602401392747,2946,186,"SEPTIN12;TEX14;TTC23L;DCDC1;USP50;APC2;CEP126;VPS37B;SHCBP1;KLHDC8B;MICAL3;PITPNM1;DAPK3;C6orf89;OSGIN2;SIRT2;KIF13A;SAFB;MAP7D2;MAP7D1;RAB8A;NUDC;CIAO2B;TTC28;SSNA1;CCDC69;CHMP1A;TBCK;ERH;SPART;CRMP1;TRAPPC14;ANKRD45;PKP4;URB2;HNRNPU;EXOC6;CEP55;LATS1;CHMP4C;ARL3;CTDP1;CCDC124;GNAI3;KIF14;TTLL12;MPLKIP;RAB11FIP4;ALKBH4;NAT10;ARL8B;CHMP6;PIK3C3;KATNB1;HSPA5"
"GOCC_MIGRASOME",0.823863636363636,1,-0.410393342250407,-0.695761523173435,3769,5,"TSPAN9;HSPD1;PKD2"
"GOCC_MISMATCH_REPAIR_COMPLEX",0.571860010659087,1,0.481617721939492,0.928846742784391,3218,11,"PMS2P1;PMS2P6;PMS2P3"
"GOCC_MITOCHONDRIA_ASSOCIATED_ENDOPLASMIC_RETICULUM_MEMBRANE_CONTACT_SITE",0.995327102803738,1,-0.217020125931935,-0.535950402345449,4046,26,"BCL2L10;ACSL4;PSEN2;TOMM40;ATG5;MBOAT7;BCAP31;ATAD3A;PDZD8;TMX2;TMEM41B;ATG14;AHCYL1;RAB32;SELENON;CANX;TMX1;ZFYVE1;RAB38;CLCC1;TOMM20;SERAC1;PSEN1;STX17;VPS13A;EIF2AK3"
"GOCC_MITOCHONDRIAL_2FE_2S_ASSEMBLY_COMPLEX",0.204545454545455,1,-0.758521041888151,-1.28596081156986,935,5,"FXN;NFS1;LYRM4"
"GOCC_MITOCHONDRIAL_COMPLEX_I_INTERMEDIATE_ASSEMBLY_COMPLEX",0.910134687569,1,-0.335391979001814,-0.590433719878078,4121,6,"NDUFAF1;TMEM126B;COA1;ECSIT;ACAD9;TMEM186"
"GOCC_MITOCHONDRIAL_CRISTA",0.980071652485446,1,-0.254198383570146,-0.477761680360523,4376,8,"ATPSCKMT;LYN;OPA1;TMEM70;PTPN1"
"GOCC_MITOCHONDRIAL_CRISTA_JUNCTION",0.925660546350202,1,-0.31978382551631,-0.60102843961881,4133,8,"CHCHD3;IMMT;APOO;MICOS10;MICOS13;CHCHD6;MICU1;APOOL"
"GOCC_MITOCHONDRIAL_ENVELOPE",1,1,-0.1937600073361,-0.721116128118699,1260,807,"IRGM;SLC25A52;MYOC;MISFA;CIDEA;HKDC1;SLC25A31;PLN;ACSL5;UQCRHL;CYP1A1;GPER1;SLC25A34;ACADL;AIFM3;STAR;PLA2G2A;KCNK9;SFXN3;ADAP2;PLEKHN1;CKMT2;ABCG2;SLC25A24;PLA2G4C;FGR;MRPL23;FECH;SIRT4;HSP90B2P;COX6A2;ATPSCKMT;GRAMD4;ACOT9;SLC25A53;HMOX1;COX7A1;GATM;LYN;PRKN;PPIF;TIGAR;ACSL6;CLPB;MCUB;SNCA;AMBP;GPD2;MIGA2;GK;NNT;SFXN2;SIRT5;PLA2G4B;RAB11FIP5;PLA2G4A;BCL2L10;TAMM41;UQCC4;SORD;RHOD;VRK2;SCO2;PPP2R2B;ACSL4;MTHFD2L;CNR1;MRPL13;BID;THG1L;LRRK2;ETFDH;RNF144B;TYMS;OCIAD2;FDXR;GRPEL1;DMPK;MIX23;HCCS;MRPS12;TIMM22;TIMM44;COA4;NDUFAF1;COQ7;BAD;MTG1;MRPL19;GDAP1;NDUFA8;ATP5MC3;PLD6;MTNAP1;C19orf12;TWNK;MPC1;RDH13;MTG2;MRPL58;MRPL55;C11orf65;PPP1R15A;FLVCR1;TSPO;FZD9;TOMM40;SPIRE1;KMO;THOP1;SLC25A1;BCL2L11;PGAM5;ATPAF2;TOMM40L;SLC25A13;AIFM2;AIFM1;SLC25A33;MICU3;NDUFA6;UQCC5;FUNDC1;DUSP18;MCUR1;SLC25A15;NLN;COA3;COQ10B;CEP89;BAK1;CYB5B;SPART;DNAJC15;MRPL36;COA6;SLC25A46;COA7;LETM1;MRPL24;GPAM;PTRH2;AURKAIP1;CCDC51;TIMM23;UQCC3;NDUFC1;MRPL34;MRPS31;MRPL46;CKMT1B;RAC2;TRABD;MRPL49;SYNJ2BP;OPA1;TRMT10B;CHCHD5;CYCS;THEM4;NDUFAF2;MRPL3;UBIAD1;ENDOG;TMEM242;PMPCA;MAPKAP1;TOMM5;BLTP2;IFI27;RAB5IF;SDHB;BRI3BP;ATP5MK;HAX1;PISD;MRPS9;ELK1;RSAD2;BCL2;COQ8B;MRPL20;TIMM17A;ACAD11;DNAJC30;REXO2;SLC30A2;NDUFB3;MAPK8IP1;WASF1;SRC;TIMM8A;SFXN4;ARMCX2;MPC2;MRPL42;NDUFAF5;GFER;MRPS6;MTX2;PDSS1;IMMP1L;SLC25A51;SLC25A38;MUL1;MRPL43;ATXN3;ANGEL1;TMEM70;SLC9B2;OGDH;DIABLO;AFG3L2;TIMM23B;MRPS26;MTERF3;PTPN1;SOD1;SLC25A32;TIMM10B;MRPL4;CHCHD3;TIMM13;TIMM8B;RHBDD1;RMDN3;SCO1;NDUFB9;COX19;NDUFC2;SLC25A21;CKMT1A;MTFP1;STARD13;NDUFB10;TMEM14A;MYO19;HSPA9;MRPS5;ARMCX3;ADCK1;TMEM65;MRPS10;NDUFS3;NGRN;ACADM;TIMM21;COA8;MRPS23;TOMM34;RCC1L"
"GOCC_MITOCHONDRIAL_INTERMEMBRANE_SPACE_CHAPERONE_COMPLEX",0.872378008390373,1,-0.368014832500172,-0.647863932733493,3950,6,"TIMM8A;TIMM10B;TIMM13;TIMM8B"
"GOCC_MITOCHONDRIAL_LARGE_RIBOSOMAL_SUBUNIT",0.394645247657296,1,-0.363861873238668,-1.0227897198036,1473,52,"MRPL23;MRPL13;MRPL19;MRPL58;MRPL55;MRPL36;MRPL24;MRPL34;MRPL46;MRPL49;MRPL3;MRPL20;MRPL42;MRPL43;MRPL4;MRPL32;MRPL47;MRPL39;MRPL54;MRPL12;MRPS18A;MRPL18;MRPL50;MRPL15;MRPL9;MRPL21;MRPL57;MRPL37;MRPL2;MRPL38;MRPL27"
"GOCC_MITOCHONDRIAL_MATRIX",1,1,-0.143983494024762,-0.522276681290737,1793,525,"FXN;ACADL;STAR;ETNPPL;GLUD2;AKR1B15;PDK4;MRPL23;FECH;SIRT4;NR3C1;ACOT9;RNASEL;PABPC5;TRMT5;PPIF;ACSM1;FARS2;TRUB2;SNCA;MCAT;SIRT5;PDP2;TMLHE;SARDH;TAMM41;ALDH1L2;MRM1;ACSS2;MTHFD2L;MRPL13;MALSU1;PUS1;LRRK2;LIG3;TYMS;FDXR;GRPEL1;ISCA1;OXCT1;MRPS12;MARS2;TIMM44;GARS1;TARS2;NFS1;NDUFAF1;TFAM;MTG1;SDHAF2;ACOT11;MRPL19;TXNRD2;LIPT1;MTNAP1;ACADSB;FDX1;TWNK;OGG1;LYRM4;MTG2;PPA2;NAGS;MRPL58;MRPL55;DLAT;FDPS;ISCA2;MTRF1L;AADAT;HIBCH;GPT2;CCAR2;TFB2M;DNAJA3;DNAJC15;MRPL36;GRSF1;MRPL24;YRDC;RBFA;AURKAIP1;METTL8;MRPL34;MRPS31;MRPL46;MRPL49;DLD;ECHS1;THEM4;RIDA;MRPL3;HOGA1;PMPCA;MMAB;LRRC59;SDHB;HAX1;MRPS9;RAD51;HPDL;MRPL20;ACOT2;ABCE1;AMT;REXO2;ARG2;NADK2;IDH3A;TP53;OAT;MRPL42;MRPS6;PDSS1;SHC1;TRMT61B;MRPL43;MMAA;POLQ;ATXN3;MTERF4;OGDH;PDP1;MRPS26;MTERF3;PTPN1;SOD1;FOXO3B;PRDX3;MRPL4;POLG;MRM2;MTHFD1L;ANGEL2;BOLA3;C2orf69;DDX28;C1QBP;SSBP1;ALDH2;IVD;WARS2;HSPA9;MRPS5;PDE12;MRPS10;NDUFS3;PCK2;NGRN;ACADM;ALDH1B1;MRPS23;RCC1L;METTL15;MRPS22;METTL17;MIPEP;SUPV3L1;PC;VDAC1;PRIMPOL;GTPBP10;CLPP;MRPS2;MRPL32;MRPL47;CHPF;MRPS18C;GSR;HSD17B10;NDUFA10;NAXD;MRPS16;LARS2;FAHD1;ABAT;MRPS17;YWHAG;PARK7;ATG4D;HADH;MRPL39;MRPL54;TBRG4;EXD2;TFB1M;MRPS14;ATAD3A;NRDC;SDHAF3;ACAD8;KARS1;HSPD1;LIPT2;MRPL12;MRPS18A;DECR1;MTHFS;FASTKD5;MRPL18;CREB1;PTCD3;TEFM;MRPL50;RPUSD4;ARL2BP;MIEF1;MTRF1;EARS2;IDH2;CHCHD1;MRPL15;HSPE1;NDUFAF8;DHX30;NDUFS1;PNPT1;MRPS34;GLUD1;TUFM;NUDT1"
"GOCC_MITOCHONDRIAL_PERMEABILITY_TRANSITION_PORE_COMPLEX",0.239811912225705,1,-0.652075214764317,-1.22556463952211,1070,8,"SLC25A31;PPIF"
"GOCC_MITOCHONDRIAL_PROTEIN_CONTAINING_COMPLEX",0.00985389058783554,1,-0.398129311691391,-1.32043613474782,28,180,"SLC25A31;FXN;MRPL23;PPIF;MCUB;MRPL13;GRPEL1;ISCA1;MRPS12;TIMM22;TIMM44;NFS1;NDUFAF1;MRPL19;MPC1;LYRM4;MRPL58;MRPL55;TOMM40;ISCA2;TOMM40L;MICU3;DNAJC15;MRPL36;MRPL24;AURKAIP1;TIMM23;MRPL34;MRPS31;MRPL46;TRABD;MRPL49;TRMT10B;MRPL3;PMPCA;TOMM5;MRPS9;MRPL20;TIMM17A;TIMM8A;MPC2;MRPL42;MRPS6;MTX2;PDSS1;IMMP1L;MUL1;MRPL43;AFG3L2;TIMM23B;MRPS26;TIMM10B;MRPL4;CHCHD3;TIMM13;TIMM8B;POLG;HSPA9;MRPS5;MRPS10;TIMM21;MRPS23;MRPS22;SUPV3L1;VDAC1;MRPS2;MRPL32;MRPL47;MRPS18C;HSD17B10;MRPS16;MRPS17;TIMM29;DNAJC11;MRPL39;MRPL54;MRPS14;MRPL12;MRPS18A;PHB1;MRPL18;BAX;PTCD3;MRPL50;CHCHD1;AGK;MRPL15;PNPT1;MRPS34;TMEM126B;SAMM50;COA1;MRPL9;PAM16;CHCHD10;TOMM70;MRPL21;MRPL57;MFN1;TIMM9;IMMT;APOO;MRPS15;MICOS10;MRPL37;MRPL2;DNAJC19"
"GOCC_MITOCHONDRIAL_SMALL_RIBOSOMAL_SUBUNIT",0.16679226325044,1,-0.471003272212836,-1.21177967958292,663,32,"MRPS12;AURKAIP1;MRPS31;MRPS9;MRPL42;MRPS6;MRPS26;MRPS5;MRPS10;MRPS23;MRPS22;MRPS2;MRPS18C;MRPS16;MRPS17;MRPS14;MRPS18A;PTCD3;CHCHD1;MRPS34"
"GOCC_MITOCHONDRION",1,1,-0.141550843533859,-0.542374241217243,497,1701,"ADCY10;IRGM;SLC25A52;MYOC;MISFA;C10orf67;OLFM4;CIDEA;HKDC1;SLC25A31;AKR1B10;DOK7;PLN;ACSL5;UQCRHL;CYP1A1;CLIC5;FXN;KHDC3L;PCK1;GPER1;SLC25A34;ACADL;AIFM3;PAGE4;CCR7;STAR;PLA2G2A;CMPK2;PRKCE;SLIT3;MOBP;KCNK9;SFXN3;ETNPPL;GLUD2;ADAP2;DISC1;PLEKHN1;CKMT2;AKR1B15;KCNQ3;ABCG2;SLC25A24;PLIN5;PDK4;PLA2G4C;MSRB3;FGR;SULT1C2;MRPL23;IFIT3;FECH;SIRT4;HSP90B2P;COX6A2;ATPSCKMT;NR3C1;GRAMD4;CYP2D6;C15orf40;EIF2S1;ACOT9;SLC25A53;SPHKAP;HMOX1;IER3;COX7A1;RNASEL;SUGCT;AIM2;PABPC5;TRMT5;GATM;LYN;NOX4;PRKN;PPIF;ZNF703;TIGAR;ACSL6;ALKBH3;CLPB;FAM110B;MCUB;ACSM1;HSD17B7;FARS2;TRUB2;SNCA;PYCR2;AMBP;GPD2;SNPH;MIGA2;MCAT;GK;NNT;CLUH;SYBU;SFXN2;SIRT5;CA5BP1;PDP2;GCKR;OPRK1;TMLHE;PLA2G4B;SPR;PRICKLE3;RAB11FIP5;HCLS1;SARDH;PLA2G4A;BCL2L10;TAMM41;VASN;UQCC4;ALDH1L2;METTL13;SORD;MRM1;RHOD;PDF;CRY2;ACSS2;VRK2;SCO2;NIPSNAP3A;PPP2R2B;TDH;TANGO2;ACSL4;MTHFD2L;CNR1;MRPL13;HDHD3;BCAT1;BID;MALSU1;PUS1;ABCD3;APEX2;TRMT1;THG1L;LRRK2;RTL10;HIGD1B;ETFDH;LIG3;RNF144B;TYMS;OCIAD2;FDXR;GRPEL1;ISCA1;DMPK;S100A1;PLAAT1;MIX23;IDH1;OXCT1;HCCS;CAPN10;MRPS12;MARS2;TIMM22;TIMM44;GARS1;TGM2;TARS2;NFS1;COA4;NDUFAF1;TFAM;USP35;DDX3X;COQ7;CRYM;BAD;FAM185A;MTG1;HEBP2;SDHAF2;ACOT11;MRPL19;TXNRD2;DNAJA1;NR4A1;LIPT1;GDAP1;NDUFA8;ATP5MC3;PLD6;MTNAP1;SMIM10L1;ACADSB;AGPS;FDX1;SIRT2;KYNU;C19orf12;PPP3CC;TWNK;OGG1;MPC1;LYRM4;RDH13;MTG2;CARS2;PPA2;NAGS;MRPL58;MRPL55;DCTPP1;C11orf65;PPP1R15A;FLVCR1;TSPO;HAT1;DLAT;DHRS4;FZD9;NT5DC3;RAD51C;FDPS;TOMM40;ISCA2;SPIRE1;CCM2;KMO;THOP1;SLC25A1;BCL2L11;PGAM5;BDH2;ATPAF2;TRIM39;MTRF1L;AADAT;TOMM40L;SLC25A13;PLEKHO1;AIFM2;ACOT7;AIFM1;HIBCH;SLC25A33;GPT2;MICU3;NDUFA6;MYCBP;UQCC5;FUNDC1;MLLT11;DUSP18;ORAI2;TRMU;DNAJC5;MCUR1;SLC25A15;CCAR2;AFG2A;TFB2M;NLN;NSUN2;TTC8;COA3;COQ10B;CEP89;DNAJA3;BAK1;CYB5B;SPART;DNAJC15;PNPLA4;FKBP4;TATDN3;MRPL36;COA6;SLC25A46;RAP1GDS1;COA7;GRSF1;LETM1;KIFC3;MRPL24;MMADHC;GPAM;DHRS4L2;PTRH2;YRDC;RBFA;AURKAIP1;CCDC51;DDX1;TIMM23;UQCC3;METTL8;ACO1;PTGES2;NDUFC1;MRPL34;MRPS31;MRPL46;CKMT1B;RAC2;CLIC1;TRABD;TDRKH;MRPL49;GCLC;SYNJ2BP;FEM1A;OPA1;TRMT10B;DLD;CHCHD5;ECHS1;CYCS;TRAK2;THEM4;RIDA;TACO1;NDUFAF2;MRPL3;UBIAD1;HOGA1;ENDOG;TMEM242;PMPCA;MAPKAP1;OXR1;MMAB;TOMM5;BLTP2;LRRC59;IFI27;HEATR1;RAB5IF;SDHB;BRI3BP;ATP5MK;HAX1;PISD;MRPS9;ELK1;NOCT;STUB1;RSAD2;BCL2;COQ8B;RAD51;HPDL;MRPL20;TIMM17A;ACAD11;DNAJC30;ACOT2;ABCE1;AMT;REXO2;MMP2;DUSP11;SLC30A2;ARG2;NADK2;NDUFB3;IDE;IDH3A;MAPK8IP1;GLUL;WASF1;QDPR;NT5C3A;SRC;TIMM8A;SFXN4;ARMCX2;MPC2;TP53;OAT;MRPL42;AKR1B1;CRYAB;SELENOO;NDUFAF5;GFER;DDX21;MRPS6;MTX2;USP15;PDSS1;SPATA33;HSP90AA1;SHC1;IMMP1L;SLC25A51;PYURF;SLC25A38;MUL1;TRMT61B;NCBP2AS2;MRPL43;MMAA;POLQ;ATXN3;ANGEL1;MTERF4;TMEM70;SLC9B2;ARAF;ACACA;CRY1;PUSL1;OGDH;C22orf39;DIABLO;PDP1;AFG3L2;TIMM23B;MRPS26;MTERF3;SLC9A6;PTPN1;SOD1;SLC25A32;ADCK2;TIMM10B;FOXO3B;PRDX3;MRPL4;MTFMT;CHCHD3;TIMM13;TIMM8B;RHBDD1;POLG;PPP2CA;OVCA2;RMDN3;MRM2;MTHFD1L;ANGEL2;C1orf53;BOLA3;SCO1;GLOD4;CTPS2;CYP1B1;NDUFB9;C2orf69;COX19;DDX28;VPS54;C1QBP;NDUFC2;SLC25A21;GSK3A;SSBP1;CKMT1A;MTFP1;ALDH2;STARD13;NDUFB10;IVD;WARS2;TMEM14A;MYO19;HSPA9;MRPS5;NR2F6;ARMCX3;ADCK1;MTHFD1;TMEM65;PDE12;MRPS10;NDUFS3;PCK2;C10orf88;NGRN;ACADM;TIMM21;COA8;ALDH1B1;PET117;SLC35F6;MRPS23;TOMM34;RCC1L;METTL15;MRPS22;METTL17;CCS;MIPEP;SIVA1;SUPV3L1;ACSL3;PC;SPATA20;VDAC1;PRIMPOL;GTPBP10;CLPP;NDUFS6;MTCH2;MRPS2;RSAD1;MRPL32;TRUB1;MRPL47;CXorf38;CHPF;NRDE2;RGS2"
"GOCC_MITOTIC_COHESIN_COMPLEX",0.699731303179579,1,-0.436595251881876,-0.820573593926695,3124,8,"SMC3;SMC1A;STAG2;DDX11;STAG1;RAD21;SGO1;SGO2"
"GOCC_MITOTIC_SPINDLE",1,1,-0.101328258505515,-0.333320370246561,3044,165,"TUBB1;PKHD1;DCDC1;TUBB6;SHCBP1;SPOUT1;MAP9;TUBB3;NSMCE1;TPPP;NEIL2;SIRT2;NUDC;TADA2A;TUBB4A;RAE1;TBCK;FAM83D;TRAPPC14;PKP4;HNRNPU;MAPKBP1;BCCIP;MISP;WDR5;MAPRE1;ESPL1;RMDN3;KNSTRN;MAP1S;KIF2A;TUBB4B;SMC3;HAUS2;SKA1;CEP295;KIF18B;SMC1A;ZZZ3;STAG2;CDC16;KATNBL1;ANAPC7;ATAT1;NEDD9;CAMSAP1;PKD2;IKBKG;DIAPH1;YPEL5;MAP4;LIMK2;MAPRE3;RCC2;CUL3;MAD2L1;MBIP;CTTN;SPAG5;STAG1;DR1;DYNLL1;CLTC;USP44;CDC14B;SGF29;HAUS3;RMDN2;HDAC3;TUBG1;CKAP2;LSM14A;TUBB8B;TADA3;FAM161A;TUBB;EML4;KAT2A;YEATS2;TUBB2A;ARHGEF7;KIF20B;NUDCD2;CDC14A;NCOR1;CDK1;KATNA1;HSF1;SKA3;TUBB2B;HAUS8;HAUS1;RMDN1;HAUS6;KIF23;PLK1;TBL1X;NUP62;MAP10;CLASP2;RTRAF;RACGAP1;ECT2;AURKA;KAT14;CDC42;DYNLT3;AURKB;CLASP1;MAPK1;KIF20A;ASPM;HAUS7;KIF11;CNTRL;SMC6;CDK5RAP2;NUSAP1;KIFC1;HAUS5;TPX2;CCSAP;KIF22;CCDC117;DLGAP5;CDC27;IK;EML1;GOLGA2;PHLPP2;WNK1;BIRC6;TBL1XR1;AAAS;TPR;NUMA1;EFHC1;KAT5;KIF18A;RPS3;KATNAL1;PRC1;EML2;GIT1;EML3;CDC7;FLCN;GEM;HAUS4;AGBL5;GPSM2;DCDC2;CENPE;TNKS;KLHL22;CKAP2L;NIN;HECW2;MAD1L1;CAPG;MAK;KAT2B;CDC14C;TUBB8;OR2A4"
"GOCC_MITOTIC_SPINDLE_ASTRAL_MICROTUBULE",0.905732198835647,1,-0.336537348002316,-0.632516409536068,4044,8,"MISP;MAPRE1;KIF18B;MAPRE3;DYNLT3;CCSAP;NUMA1;KIF18A"
"GOCC_MITOTIC_SPINDLE_MICROTUBULE",0.960038058991437,1,-0.28439587597019,-0.62680536156089,4035,16,"HNRNPU;MAPRE1;MAP1S;HAUS2;SKA1;CEP295;CLTC;HAUS3;TUBG1;HAUS8;HAUS1;HAUS6;HAUS7;HAUS5;EML3;HAUS4"
"GOCC_MITOTIC_SPINDLE_MIDZONE",0.847776809067132,1,0.357196823022905,0.728256784353953,4861,14,"OR2A4;CENPE;PRC1;KIF18A;NUMA1;EML1"
"GOCC_MITOTIC_SPINDLE_POLE",0.99901655466317,1,0.207853443611347,0.521168377114705,6094,39,"OR2A4;MAD1L1;NIN;TNKS;GPSM2;GIT1;KAT5;NUMA1;EML1;IK"
"GOCC_MKS_COMPLEX",0.997164461247637,1,-0.1988184415785,-0.432864858599476,4219,15,"B9D2;TMEM67;TMEM17;AHI1;CEP290;TMEM237;TCTN3;CC2D2A;TCTN2;TMEM216;TCTN1;MKS1;B9D1;TMEM231;TMEM107"
"GOCC_MLL1_2_COMPLEX",0.774930921878925,1,-0.320846863868594,-0.825462863702106,3084,32,"KMT2B;RBBP5;TEX10;SENP3;PELP1;RNF2;PRPF31;MAX;INO80C;WDR5;TAF9;TAF1;MCRS1;HCFC1;RUVBL1;LAS1L;KMT2A;PHF20;TAF6"
"GOCC_MLL3_4_COMPLEX",0.0441176470588235,1,0.738032409792869,1.45572143080357,251,12,"UTY;KMT2C;KDM6B"
"GOCC_MMXD_COMPLEX",0.49409965034965,1,-0.595054173039507,-1.00882678928076,2260,5,"CIAO2B;CIAO1;ERCC2"
"GOCC_MON1_CCZ1_COMPLEX",0.571896853146853,1,-0.550436849669827,-0.933184682863082,2616,5,"CCZ1;RMC1;MON1A"
"GOCC_MONOATOMIC_ION_CHANNEL_COMPLEX",1,1,0.215879599712024,0.695983439642797,7715,334,"SCNN1B;PKD2L1;GLRA3;GRIA2;CYBB;KCNA1;KCNH7;CHRNB3;CNGB1;KCNG2;CATSPER1;CACNA1S;CHRNG;SCNN1G;CACNA1F;CATSPERE;GABRA1;BEST2;KCNK7;CATSPERB;GABRA2;SNAP25;SCN11A;CNGA1;SCN2B;CACNB4;LRRC26;GABRB2;CACNG3;CACNA1E;SHISA8;VWC2;CLIC2;SCN2A;KCNA3;KCNJ6;KCNK12;KCNIP1;KCNC1;GRIN1;KCNB2;CHRNA3;TRPC3;CACNA1D;CACNA1C;CACNB3;KCNE2;GABRP;ABHD6;RYR3;LRRC55;KCNK4;TTYH1;UNC79;GRIN2C;KCNK10;SCN4B;TRPC7;TRPV6;CFTR;GRID1;CLDN4;KCNN1;CLCN7;CACNG8;KCNG3"
"GOCC_MOTILE_CILIUM",0.906312558387829,1,0.267559973267197,0.85116740099851,6790,279,"PCDH11Y;CCR6;SLC22A14;CABS1;FLACC1;CFAP52;CFAP276;DNAI2;CFAP206;TMEM232;RHO;CFAP141;WBP2NL;TEKTIP1;DNAH12;SLC9C1;CT55;ROPN1B;CCDC38;CATSPER1;DNAH8;TCP11;CATSPERE;ROPN1L;CST11;TTC29;CATSPERB;CFAP73;TACR1;CFAP57;AK8;SPACA9;SPAG6;RSPH10B2;AKAP3;SPAG8;CCDC65;MYCBPAP;TCTE1;DNAH6;CD52;RIBC2;SPEF1;QRICH2;SAXO2;SPMIP8;CFAP90;ATP2B4;NME5;TEKT5;AK9;CFAP43;FSIP2;MAK;DNAH7;CFAP44;CCDC40;LDHC"
"GOCC_MPP7_DLG1_LIN7_COMPLEX",0.995576852193144,1,0.244750656167979,0.401148786632481,5401,5,"MPP7;LIN7C;DLG1;LIN7B;LIN7A"
"GOCC_MRE11_COMPLEX",0.112421673424254,1,0.807429975277725,1.32338584886593,609,5,"SP100;MRE11"
"GOCC_MRNA_CLEAVAGE_AND_POLYADENYLATION_SPECIFICITY_FACTOR_COMPLEX",0.071587982832618,1,0.650868758671528,1.40329162089948,416,18,"CPSF4L;CPSF1"
"GOCC_MRNA_CLEAVAGE_FACTOR_COMPLEX",0.106822414084984,1,0.587292233914438,1.33299555918636,630,23,"CPSF4L;CSTF3;PCF11;CPSF1"
"GOCC_MRNA_EDITING_COMPLEX",0.695035460992908,1,0.481349595957363,0.841816444119467,3821,7,"A1CF;APOBEC3G"
"GOCC_MSL_COMPLEX",0.907124125874126,1,-0.343175853018373,-0.581804161108243,4150,5,"MSL3B;MSL3;KAT8;MSL1;MSL2"
"GOCC_MULTI_PASS_TRANSLOCON_COMPLEX",0.842623684799642,1,-0.37164016977681,-0.716851412276046,3763,9,"NOMO3;NCLN;RAB5IF;CCDC47"
"GOCC_MULTIVESICULAR_BODY",0.989085948158254,1,-0.238021033045491,-0.680512094041204,3624,58,"NAPSA;SFTPA2;SFTPD"
"GOCC_MULTIVESICULAR_BODY_INTERNAL_VESICLE",0.76661514683153,1,-0.430169009235243,-0.757281939344346,3471,6,"LRRK2;EGFR"
"GOCC_MULTIVESICULAR_BODY_LUMEN",0.778409090909091,1,-0.440160231576447,-0.74622690388369,3561,5,"NAPSA;PGA4"
"GOCC_MULTIVESICULAR_BODY_MEMBRANE",0.699292452830189,1,0.365813181791775,0.849707977074958,4150,26,"RAB27B;ABCA3;NSG2;RAB27A;SORL1;CHMP2A;TMEM9;PMEL"
"GOCC_MUSCLE_MYOSIN_COMPLEX",0.841340520271854,1,-0.344256347327806,-0.736389064787639,3589,14,"MYH4;MYH6;MYH2"
"GOCC_MYELIN_SHEATH",0.731953428201811,1,-0.317200318040643,-0.859320329926677,2828,42,"NCMAP;MAG;TSPAN2;GPM6B;PMP22;MPZ;PLLP;ERBB2;SIRT2;TUBB4A;MYO1D"
"GOCC_MYELIN_SHEATH_ABAXONAL_REGION",0.931072613343163,1,0.3510523581637,0.575378345156255,5051,5,"PRKCZ;EXOC4;SCRIB;ITGB1"
"GOCC_MYELIN_SHEATH_ADAXONAL_REGION",0.498688811188811,1,-0.59233841195428,-1.00422261597991,2281,5,"MAG"
"GOCC_MYOFILAMENT",0.764878765613519,1,-0.33500084623072,-0.818929939823599,3122,25,"MYBPHL;MYBPC3"
"GOCC_MYOSIN_COMPLEX",0.265874088084302,1,-0.391284591797251,-1.10748078785851,983,54,"MYH7B;MYO1H;MYO7B;MYO16;MYH4;MYH6;MYH2"
"GOCC_MYOSIN_FILAMENT",0.210077896786758,1,-0.509301300074177,-1.19802961953263,862,21,"MYH7B;MYBPC3;MYH4;MYH6;MYH2;MYOM1"
"GOCC_MYOSIN_II_COMPLEX",0.49669360764144,1,-0.395138557397083,-0.965940231710086,2027,25,"MYH7B;MYH4;MYH6;MYH2"
"GOCC_N_TERMINAL_PROTEIN_ACETYLTRANSFERASE_COMPLEX",0.950526080143273,1,-0.293236565781346,-0.565619821015517,4245,9,"NAA10;NAA20;NAA15;NAA50;NAA35;NAA16;NAA30;NAA38;NAA25"
"GOCC_NADH_DEHYDROGENASE_COMPLEX",0.998707384068509,1,0.221023737725199,0.57062241945371,6180,47,"NDUFC2-KCTD14;MT-ND6;MT-ND4;MT-ND4L;NDUFS4;NDUFV3;NDUFB8;MT-ND5;NDUFB5;NDUFB1;NDUFA4;NDUFA13;NDUFS2;MT-ND3;NDUFA2;NDUFS8;MT-ND2;NDUFB7;NDUFA1;NDUFS7;NDUFAB1;NDUFB6;NDUFA5;NDUFA12;NDUFV1;NDUFB11;NDUFA7;MT-ND1;NDUFA3;NDUFA9;NDUFA11;NDUFS1;NDUFB2;NDUFB4;NDUFS5;NDUFV2;NDUFA10;NDUFS6;NDUFS3;NDUFB10;NDUFC2;NDUFB9;NDUFB3;NDUFAF2;NDUFC1;NDUFA6;NDUFA8"
"GOCC_NADPH_OXIDASE_COMPLEX",0.282683684028976,1,0.550444627784242,1.15852347168966,1638,16,"CYBB;NCF1C;NOX5;NOXA1;DUOX1"
"GOCC_NASCENT_POLYPEPTIDE_ASSOCIATED_COMPLEX",0.923832468495182,1,0.368819477264266,0.583282462461256,4984,4,"NACA2;NACAD;NACA"
"GOCC_NATA_COMPLEX",0.772904906643508,1,-0.458309773449312,-0.745256874919284,3559,4,"NAA10;NAA15;NAA50"
"GOCC_NBAF_COMPLEX",0.367438563327032,1,-0.492307686489485,-1.07184572722629,1554,15,"DPF3;ACTL6B;ACTB;DPF1"
"GOCC_NETWORK_FORMING_COLLAGEN_TRIMER",0.575971093044264,1,0.506138648721332,0.932086064463694,3187,9,"COL4A3;COL4A2;COL10A1;COL4A1"
"GOCC_NEUROFIBRILLARY_TANGLE",0.621452266863251,1,0.558963794672143,0.9161472803175,3371,5,"CLU;NEFH;NEFM"
"GOCC_NEUROFILAMENT",0.435254357879758,1,0.551442509082058,1.03949598855583,2446,10,"DLGAP2;NEFL;NRP1;NEFH;NEFM;DYRK1A;INA"
"GOCC_NEUROMUSCULAR_JUNCTION",0.984158415841584,1,0.249240009290942,0.704554060180577,6460,88,"UNC13C;SGCA;SYNGR4;SGCG;DES;NEFL;ERBB4;SGCD;SLC8A3;EPHA4;LAMA5;P2RX7;FCHSD2;LAMA2;COLQ;EPHA7"
"GOCC_NEURON_PROJECTION",1,1,-0.178296877351824,-0.676921550696395,777,1260,"POTEKP;ADCY10;EYS;TP63;CHRM5;OPRM1;HRH1;MYOC;GNGT1;CHRNA2;GNAT1;ROBO4;OXT;CACNG2;SLC6A4;INSRR;SKOR1;IMPG1;NPY4R;HTR4;SORCS2;CLRN1;HTR5A;MYOT;FSCN3;ACTL8;POTEI;FCGR2B;PKHD1L1;DRD1;HRH4;LRIT3;SCN1A;FSCN2;GABRG3;CLIC5;GUCY2D;CRH;HAPLN2;NTRK2;PCDH15;C4A;KCNK2;NCAM2;PTGDR2;GPER1;NYX;NCMAP;SRD5A2;DNAAF4;PLXDC1;CERKL;KCNA2;UNC5C;LYNX1;GABRG2;CALCA;TMIGD2;GHRL;RELN;CRB1;SSTR5;MAP2;SLC6A3;SLC8A1;SHANK1;OPRL1;DOCK10;RGS7BP;TENM1;KCNK9;SPTBN5;NPY5R;HTR1B;DISC1;ADAM21;GABRB1;AVP;KCNQ3;TMC2;GRIA3;DNM3;CHRFAM7A;CHRNA9;MINAR2;PRPH;GRM3;CNTF;CALB1;GNRH1;CPEB1;NEURL1;UNC13A;GRK7;DLG2;LZTS1;PDLIM4;TRPV2;KCNQ1;CRHR2;UNC80;MYO7A;KCND2;GABRA4;COMT;EPHA3;GABBR2;HTR1A;BRINP2;MAG;MYPN;KCND3;EPM2A;USH2A;SLC5A7;SHISA7;STON2;RIN3;ARC;BAALC;KCNH1;TRPC5;NEXN;SPOCK1;MERTK;TACR3;MDGA1;DAGLA;SHISA9;SYT5;NLGN4X;CHRNA10;PRKN;CPNE5;SCN9A;NPHP1;SYNPR;SYT4;ITPKA;BCAR1;TENM2;PCSK2;KIF21A;GRIK2;ADGRB1;SNCA;KCNAB1;PTK2B;LRP2"
"GOCC_NEURON_PROJECTION_CYTOPLASM",1,1,-0.127205755471091,-0.38925847337267,3424,92,"CHRNA2;MAP2;DLG2;ARC;KIF21A;GRIK2;SYBU;BLOC1S3;LRRK2;NETO1;NDEL1;OPA1;TRAK2;HNRNPAB;KIF1A;UCHL1;WASF1;ARMCX2;KIF3B;BLOC1S6;SOD1;BLOC1S4;KIF1C;ARMCX3;ARL8B;HPCA;ABHD13;AGTPBP1;AP3D1;AP3B1;STAU1;HIF1A;ZC3H14"
"GOCC_NEURON_PROJECTION_MEMBRANE",0.986508810572687,1,-0.240904302919634,-0.696449573821884,3582,62,"PKHD1L1;GABRG3;GPER1;GABRG2;GABRA4;USH2A;SHISA7;TACR3;DAGLA;SHISA9;GRIA1;MPP2;ADORA1"
"GOCC_NEURON_PROJECTION_TERMINUS",0.621665438467207,1,0.316354733908667,0.932469543392223,4217,124,"UNC13C;GAD1;KCNA1;CNGB1;CABP4;SCRG1;SLC18A1;SLC1A2;SLC32A1;TULP1;FLRT3;ADRA2A;NPY;CRHBP;NTS;PRKCG;KCNC1;GRIN1;CDH8;SLC8A3;NPFF;PTPRN;PRKCB;TNN;CASR;EPHA4;SLC4A10;CPLX1;FLRT1;HCN1;DMD;CALB2;SLC8A2;AAK1;PRRT2;DRD2;PTPN9;KCNC3"
"GOCC_NEURON_SPINE",0.998682910767205,1,-0.224176386596168,-0.735242202491997,3032,162,"SORCS2;FCGR2B;DRD1;NTRK2;GPER1;GABRG2;SHANK1;DOCK10;RGS7BP;GRIA3;DNM3;GRM3;NEURL1;LZTS1;PDLIM4;KCND2;KCND3;SHISA7;ARC;TACR3;DAGLA;SHISA9;ITPKA;TENM2;ADGRB1;PTCHD1;GRIA1;CPEB4;MPP2;ADORA1"
"GOCC_NEURON_TO_NEURON_SYNAPSE",1,1,0.162086135212631,0.529128937291647,7941,399,"NLGN4Y;GRIA2;LRRTM2;DLGAP2;IQSEC3;LRFN5;PPFIA2;GPR50;ADRA2A;CACNG3;SHISA8;CPEB3;SLC16A7;CRHR1;LRRC4C;ASIC2;SLITRK3;ATP1B2;HIP1R;SLITRK1;SYNDIG1;NSG2;GRM7;LNX1;OPCML;PRKCG;SLC30A3;ERBB4;GRM5;GRIN1;SAMD14;CACNA1C;ITPR1;NRCAM;GRIP1;SLC8A3;SYT12;DGKI;TAMALIN;IGSF9B;NAPEPLD;RNF112;GRIN2C;FAM81A;BNIP3;GRID1;CACNG8;CAMK2A;ADCY1;C1QL2;ABI3;SH3KBP1;LRRC4;PSD;GRM1;ADCY8;EPHA4;SRCIN1;ZDHHC2;SEMA4F;CLSTN2;SYN3;ARHGEF9;LRRC7;CABP1;PRRT1;EPHA7;CLSTN3;SLC8A2;GPHN;TSC1;PRRT2;GRIK1;CACNG7;BACE1;MAGI2;USP8;SYT7;EGLN1;GPSM2;PJA2;SRGAP2;UBE3B;ADD3;GRIN3B;NOS1;NEFH;PRICKLE1;ROGDI;GRIK4;RPL30;GIT1;STRN;RPS27;SHISA6;DNAJC6;GRIK3;TMEM240;CLSTN1;RPL18A;OPRD1;RPL38;GRIA4"
"GOCC_NEURONAL_DENSE_CORE_VESICLE",0.122428748451053,1,-0.498700707988866,-1.26864736617118,493,30,"OXT;CRH;SST;CALCA;GHRL;SCG2;AVP;ADRB2;SYT5;SYT4;ADRB1;TAC1"
"GOCC_NEURONAL_DENSE_CORE_VESICLE_MEMBRANE",0.613854895104895,1,-0.527237218696053,-0.89385312232932,2808,5,"SYT5;SYT4"
"GOCC_NEURONAL_RIBONUCLEOPROTEIN_GRANULE",0.632148377125193,1,-0.495851434029726,-0.872911175670863,2862,6,"ARC;HNRNPAB"
"GOCC_NEUROTRANSMITTER_RECEPTOR_COMPLEX",0.919410977242303,1,-0.275672718429668,-0.774896308674895,3433,52,"OLFM3;CHRNA2;CACNG2"
"GOCC_NF_KAPPAB_COMPLEX",0.559291065229307,1,0.57049815972436,0.968709999882108,3060,6,"NFKB2;RELB;RPS3"
"GOCC_NLRP1_INFLAMMASOME_COMPLEX",0.203113417346182,1,0.791010372791318,1.25097102109802,1095,4,"CASP1;CASP4;PYCARD"
"GOCC_NLRP3_INFLAMMASOME_COMPLEX",0.380599710982659,1,0.608759522261411,1.09624835600175,2106,8,"CASP1;NLRP3"
"GOCC_NLS_DEPENDENT_PROTEIN_NUCLEAR_IMPORT_COMPLEX",0.398858447488584,1,-0.536750981644516,-1.06079701043277,1746,10,"KPNA7;KPNB1;MYBBP1A"
"GOCC_NMDA_SELECTIVE_GLUTAMATE_RECEPTOR_COMPLEX",0.927913279132791,1,0.338744062962898,0.623818436519688,5135,9,"GRIN1;GRIN2C;GRIN3B;EPS8;GRIN2B"
"GOCC_NODE_OF_RANVIER",0.145983645983646,1,-0.548683302477567,-1.28071270171906,606,20,"MYOC;SCN1A;HAPLN2;KCNK2;KCNQ3;SPOCK1;SCN9A;SPTBN4;NFASC"
"GOCC_NON_MOTILE_CILIUM",0.999567286888793,1,0.223293599038015,0.672207757861202,6929,154,"ERICH3;STRCP1;PKD2L1;RHO;RCVRN;CNGB1;DRD5;PDE6A;PDE6H;CACNA1F;STRC;CNGA1;TULP1;PCDHB13;PRPH2;GUCA1B;MAK;NAPEPLD;SDCCAG8;NPFFR1;NMUR1;CFAP69;IFT122;RAB37;WHRN;RPGRIP1;TSGA10IP;SLC24A4;PCDHB15;PEX6;RAB27A;INHA;RP1L1;ENKD1;CNGA4;DRD2;DHRS3;GALR2;SSTR3;MAGI2;DCDC2;VCAN"
"GOCC_NONHOMOLOGOUS_END_JOINING_COMPLEX",0.6886053279606,1,-0.429508956145769,-0.828473687285235,3075,9,"XRCC4;PAXX;LIG4;XRCC6;XRCC5;DCLRE1C;PRKDC;ATP23;NHEJ1"
"GOCC_NPBAF_COMPLEX",0.980470793374019,1,0.264344747218739,0.538948958003562,5622,14,"SMARCA2;ARID1B;SMARCD3;ARID1A"
"GOCC_NSL_COMPLEX",0.96695683069817,1,0.294610454791136,0.568184991658912,5442,11,"KANSL1L;KANSL1;KAT8;KANSL3;OGT;PHF20L1;KANSL2;PHF20;HCFC1;MCRS1;WDR5"
"GOCC_NUCLEAR_BODY",1,1,0.162959562184144,0.550418492273128,8675,771,"SRY;HSF4;GFI1;MCIDAS;SP100;PDX1;TCIM;POU4F2;MAGEA11;HSPB7;SEL1L2;SUMO4;HOXB7;GATA4;HHEX;FLI1;FAM107A;RBFOX1;LPXN;MAMLD1;NFE2;PLAGL1;CREBRF;GSC;F8A1;CACNB4;MEOX2;CELF3;NFATC4;BCL6;STAT4;MECOM;TCP11L2;FAM76A;H1-0;MAGEA2;BNC2;BHLHE40;HSPB6;IL15;IFI16;RNF112;PLCB1;ZNF446;PLAG1;XRRA1;L3MBTL1;SCRT1;SH3BP5;GCNT1;SFMBT2;OGFOD2;MSANTD1;CIART;LHPP;BMI1;SIM2;ATR;SENP2;SETBP1;ERCC6;NRIP1;SIRT1;ALX1;HBP1;CDKN2A;ZFHX3;WHR1;POLI;RGS10;HDAC5;MAML3;U2AF1L4;EYA1;CBX4;DENND1B"
"GOCC_NUCLEAR_CHROMOSOME",1,1,-0.118524260982061,-0.404223855031154,2657,236,"RAD9B;EP400P1;KASH5;RPA4;SHOC1;HUS1B;SYCP2;MMS22L;REC8;GINS4;TEX11;POLE;STAG3;LRWD1;SYN1;SRCAP;LRIF1;NOL6;MACROH2A1;IHO1;EXOSC9;BRMS1L;ACTL6A;RSPH1;NCAPH;RAD50;MCM5;ARID4A;ORC2;FIGNL1;DMAP1;BRMS1;POLA1;FIRRE;RAD51C;SETX;H2AX;CHMP1A;RBBP7;H2AZ1;PSMC3IP;PLRG1;ERCC5;TOPBP1;CHEK1;ACTR5;HNRNPU;MCM6;SIRT7;RAD51;BRD4;BCAS2;INO80C;TRRAP;AGO3;PRPF19;ORC5;SLC5A8;SMARCAD1;RNF212B;PRIM2;SAP130;NFRKB;PCNA;INO80;RRS1;MCM7;SYCP3;TOP1;UBE2I;CSNK2A1;HELB;SMC3"
"GOCC_NUCLEAR_CYCLIN_DEPENDENT_PROTEIN_KINASE_HOLOENZYME_COMPLEX",0.831037875061486,1,-0.31649090276973,-0.781602286652949,3378,26,"RB1;MNAT1;CDK9;BCCIP;CCNH;CDK12;GTF2H5;ERCC2;CCNC;ERCC3;GTF2H3;CCNK;GTF2H4;GTF2H2;MMS19;GTF2H2C;SNW1;CDK7;CDK13;MED12;CCNT1;CDK8;CCNT2;GTF2H1;CDK19;MED13"
"GOCC_NUCLEAR_DNA_DIRECTED_RNA_POLYMERASE_COMPLEX",0.843865598027127,1,0.292850527348473,0.813839765740198,5474,78,"GTF2A1L;POLR2J3;POLR2J2;TAF10;GTF2A1;GTF2H1;ATXN7L3;TBP;RTF1;TAF4B;TCEA1;POLR2I;POLA2;GTF2B;TAF7;TAF8;CDK7;GTF2H2C;MMS19;GTF2H2;GTF2F1;TAF6L;POLR2C;POLR2H;PRIM1;KAT2A;TAF4;TADA3;POLR2D;MCM3;GTF2H4;POLR2A;GTF2A2;TAF9B;TAF2;GTF2H3;POLR2E;ERCC3;TAF6;ATXN7;TAF13;POLR2K;CTR9;USP22;ERCC2;TAF11;TAF3;GTF2H5;LEO1;POLR2L;SKIC8;GTF2E2;TAF12;TUFT1;SUPT3H;TAF1;TAF9;GTF2F2;MYZAP;PRIM2;POLR2B;CCNH;TRRAP;TBPL1;CDC73;TAF5;POLR2F;POLR2J;PEX2;POLR2M;POLA1;MNAT1;GTF2E1;PAF1;TAF5L;POLR2G;ENY2"
"GOCC_NUCLEAR_ENVELOPE",1,1,0.159695523312861,0.524325875007459,8032,444,"NELL1;RGPD2;CYBB;LMNTD1;ADRA1B;FAM209A;SPDYA;FAM156A;ALOX5;RNF43;TREX1;RANBP3L;NLRP6;CD38;NPAP1;DES;RGPD1;RGPD4;HPN;POM121B;QRICH2;GRM5;INSR;AK9;PLAAT3;PTGDS;ITPR1;MVP;NAPEPLD;PAK5;PLCB1;CLMN;BNIP3;TRPC7;PTGS2;NPIPB3;BNIP1;GOLT1A;MAD1L1;MX1;TMEM53;SYNE1;DNAJB14;ATR;DHRS2;SENP2;NAV3;SIRT1;TMEM38A;MYOF;TMC8;LMNTD2;AGPAT3;RGPD5"
"GOCC_NUCLEAR_ENVELOPE_LUMEN",0.94511776812257,1,-0.296583100214063,-0.601601117398738,4132,11,"BCHE;PLAAT1;PTGES;CACYBP;CCAR1"
"GOCC_NUCLEAR_EXOSOME_RNASE_COMPLEX",0.573263558515699,1,-0.416407146843553,-0.917756740822679,2409,16,"EXOSC3;EXOSC4;EXOSC8;EXOSC9;WDR74;DIS3;NVL;EXOSC2;EXOSC1;EXOSC10;MTREX;MPHOSPH6"
"GOCC_NUCLEAR_INCLUSION_BODY",0.91025641025641,1,-0.32257441797614,-0.664398467190121,3904,12,"NBN;NUP98;STUB1;RAD18;ATXN3;RANBP2;NUP153;ATXN1;NXF1;PABPN1;TPR;SLF1"
"GOCC_NUCLEAR_INNER_MEMBRANE",1,1,0.171326462259558,0.448902186549113,6261,51,"FAM209A;NPAP1;GRM5;ITPR1;PTGS2;SIRT1;ERN1;FAM209B;NEMP1;NRM;TMEM120A;SUN2"
"GOCC_NUCLEAR_LAMINA",0.989774696707106,1,0.24179473318403,0.501195919617265,5710,15,"LMNTD2;NARF;SUV39H1;RNF220;FAM111B;PRR14;STX1B;LMNB1;HLCS;CASK;EIF6;LMNB2;LMNA;PCNA;LBR"
"GOCC_NUCLEAR_MATRIX",1,1,-0.198983882640549,-0.634545287463152,3213,128,"GMCL2;GFI1B;TENM1;KIF4B;RNASEL;ZNF703;ENC1;SPTBN4;ACTL6B;ZNF326;KIN;CFL2;LRIF1;NCOR2;ACTB;BASP1;ACTL6A;GHRHR;PHACTR3;PIAS4;OGG1;POLA1;HAT1;CHMP1A;DNMT3A;HNRNPU;HNRNPM;SFPQ;THOC1;TP53;CEBPB;PAXIP1;FIGN;ATXN3;KRT18;UHRF1;XPOT;PSPC1;LMNA;SMC3;AHCTF1;SMC1A;NUFIP1;DCAF7;STAG2;IFFO1;AKAP8;YY1;HNRNPA2B1;PHF5A;NSMF;RUVBL1"
"GOCC_NUCLEAR_MEMBRANE",1,1,-0.152517733544482,-0.525566116420866,2596,259,"H2BW1;TERB1;KASH5;PRKG2;GUCY2D;ADRA1A;DISP3;KCNH1;GRK5;AKAP6;SNCA;AMBP;MINDY3;BCL2L10;OSBPL6;TXLNG;DHX37;DHCR7;DMPK;SMOX;TMEM201;PRICKLE2;PSEN2;KPNB1;SLC30A1;NR4A1;WDFY3;OSBPL7;GHRHR;NOC4L;NUP107;LEMD3;INTS2;DTX2;ITPR3;MACO1;LBR;POM121;CDK4;CMTM3;TMEM176B;TMEM109;FZR1;EGFR;DTL;NUP58;PLRG1;MTDH;CPNE1;NUP98"
"GOCC_NUCLEAR_OUTER_MEMBRANE",0.83955223880597,1,-0.309242429979344,-0.791582624382375,3374,31,"KASH5;GUCY2D;SNCA;DHCR7;DMPK;GHRHR;ITPR3;TMEM109"
"GOCC_NUCLEAR_OUTER_MEMBRANE_ENDOPLASMIC_RETICULUM_MEMBRANE_NETWORK",1,1,-0.179892694368772,-0.6812572263178,811,1192,"GJB1;UGT2A1;PLCD4;IRGM;CYP2F1;PTCHD3;TRPM8;COPZ2;PAPPA-AS1;SGCZ;HLA-DQA1;ABCC12;FMO2;RNF133;UGT1A6;TESPA1;PLD4;SLC36A2;CYP19A1;DIPK1C;SFTPA2;RAB44;CYP4B1;KASH5;CYP2C8;PLN;DRD1;LRIT3;ACSL5;DIO1;CYP1A1;LMAN1L;SPTLC3;ALG14;GUCY2D;CALR3;KCNK2;SFTPD;PNPLA7;GPER1;SRD5A2;STRIT1;KCNA2;CYP26B1;RNF183;PLA2G2A;FOLR1;CYP4F22;TLR7;HHAT"
"GOCC_NUCLEAR_PERIPHERY",0.0869274490137078,1,0.558072779011428,1.33830129348085,519,31,"SP100;MSX1;LMNTD2"
"GOCC_NUCLEAR_PORE",0.891495157384988,1,0.281429801894868,0.80298615264919,5890,95,"RGPD2;RANBP3L;NPAP1;RGPD1;RGPD4;POM121B;MVP;MAD1L1;SENP2;RGPD5;TNKS;RGPD8;RGPD3;RANBP17"
"GOCC_NUCLEAR_PORE_CENTRAL_TRANSPORT_CHANNEL",0.494590417310665,1,-0.568860458304454,-1.00143836918184,2239,6,"NXT1;NUTF2;NXT2;NUP35"
"GOCC_NUCLEAR_PORE_NUCLEAR_BASKET",0.992330931907971,1,-0.218687258687259,-0.459507376172558,4269,13,"ENY2;NUP98;CETN2;RANBP2;NUP153;NUP35;MAD2L1;MCM3AP;PCID2;CETN3;ZC3HC1;TPR;MAD1L1"
"GOCC_NUCLEAR_PORE_OUTER_RING",0.526255707762557,1,-0.483862640172255,-0.956272200159241,2304,10,"NUP107;NUP98;SEH1L;NUP37;NUP160;AHCTF1;SEC13;NUP43;NUP85"
"GOCC_NUCLEAR_PROTEIN_CONTAINING_COMPLEX",1,1,0.119861319807522,0.413398280277106,9295,1366,"UTY;TBL1Y;GTF2A1L;RXRG;NKX2-5;A1CF;RGPD2;SAMD11;SP100;CPSF4L;DNMT3L"
"GOCC_NUCLEAR_REPLICATION_FORK",1,1,-0.145355847696882,-0.399121556461323,3847,45,"RPA4;MMS22L;POLA1;RAD51C;PLRG1;ERCC5;BCAS2;PRPF19;SMARCAD1;PRIM2;PCNA"
"GOCC_NUCLEAR_RIBONUCLEOPROTEIN_GRANULE",1,1,0.175825754776115,0.577809677004204,8057,452,"SRY;HSF4;PDX1;TCIM;POU4F2;HSPB7;SEL1L2;FAM107A;RBFOX1;LPXN;GSC;CACNB4;MEOX2;NFATC4;BCL6;MECOM;TCP11L2;FAM76A;HSPB6;IL15;IFI16;PLCB1;ZNF446;PLAG1;GCNT1;SFMBT2;LHPP;NRIP1;HBP1;WHR1;POLI;HDAC5;MAML3;U2AF1L4;CBX4;DENND1B;TRIM69;RDM1;CDC25C;ASCC1;WT1;GATAD2B;BNIP3L;ZNF821;SLU7;PRPF40B;C12orf57;KMT2E;INPPL1;MRTFB;PHF7;SRPK2;SGK1;TMEM179B;MSX2"
"GOCC_NUCLEAR_RNA_EXPORT_FACTOR_COMPLEX",0.391771682727947,1,0.704363571713875,1.11394040690236,2113,4,"NXF2B;NXF1"
"GOCC_NUCLEAR_SPECK",1,1,0.184389227266681,0.601271997270812,7929,395,"SRY;HSF4;PDX1;TCIM;POU4F2;SEL1L2;FAM107A;LPXN;GSC;CACNB4;MEOX2;NFATC4;MECOM;TCP11L2;FAM76A;HSPB6;IL15;IFI16;PLCB1;ZNF446;PLAG1;GCNT1;SFMBT2;LHPP;NRIP1;HBP1;WHR1;POLI;HDAC5;MAML3;U2AF1L4;CBX4;DENND1B;TRIM69;CDC25C;ASCC1;WT1;GATAD2B;BNIP3L;ZNF821;SLU7;PRPF40B;C12orf57;KMT2E;INPPL1;MRTFB;PHF7;SRPK2;SGK1;TMEM179B;MSX2;SMC4;RMI2;EXOSC7"
"GOCC_NUCLEAR_STRESS_GRANULE",0.309971098265896,1,0.642240984535148,1.1565414547245,1715,8,"RBFOX1;TIA1"
"GOCC_NUCLEAR_UBIQUITIN_LIGASE_COMPLEX",0.989911727616646,1,0.241451603245218,0.64568338996949,6279,59,"SAMD11;YAF2;BMI1;BCORL1;CBX7;CBX4;PHC2"
"GOCC_NUCLEOCYTOPLASMIC_TRANSPORT_COMPLEX",0.676456876456876,1,-0.411356004865239,-0.847259682948983,2901,12,"KPNA7"
"GOCC_NUCLEOID",0.997352396081546,1,-0.219455613980823,-0.610466578320243,3766,49,"TFAM;MTNAP1;TWNK;TFB2M;DNAJA3;GRSF1;LRRC59;POLQ;POLG;DDX28;SSBP1;HSPA9;SUPV3L1;VDAC1;HSD17B10;TFB1M;ATAD3A;FASTKD5;TEFM;DHX30;TUFM;DBT;POLDIP2;LONP1;PIF1;SHMT2;ELAC2;VDAC2;TRMT10C;TOP1MT;POLG2;PRORP;MPG;ATP5F1B;TERT;SLC25A5;FASTKD2;CPS1;HADHB;SOD2;POLRMT;MTERF2;HADHA;LRPPRC;DNA2;ACADVL;CLPX;UQCC2;MTERF1"
"GOCC_NUCLEOLAR_EXOSOME_RNASE_COMPLEX",0.593835616438356,1,-0.456538873805951,-0.902271423884304,2600,10,"EXOSC3;EXOSC4;EXOSC8;EXOSC9"
"GOCC_NUCLEOLAR_RIBONUCLEASE_P_COMPLEX",0.667351598173516,1,-0.428097131606378,-0.846061158549775,2922,10,"RPP21;RPP25;RPP40;POP5;RPP30;RPP14;POP1;POP7;RPP38;POP4"
"GOCC_NUCLEOLUS",1,1,-0.162252248161869,-0.60605320249776,1157,893,"UTP14C;SNORD17;VCX3B;FOXA1;TP53TG5;VCX;RGS22;RGCC;SCARNA2;SNORD3B-1;PLK5;CERKL;SP140;VCX3A;TWIST2;HUS1B;TXK;MDFIC;C2CD4A;PITX1;LRRC34;FGF18;PARP3;ADAD2;CAPN3;CAMK4;SCARNA9;SMAD7;NOX4;SETD7;SMUG1;ZFP69B;POLR1B;BATF3;MED27;ZNF641;NLRP1;H1-2;IPPK;NFIC;LLPH;RBM19;EXOSC3;GCFC2;CEBPA;TOE1;GPATCH4;WRN;EMX1;POLR1A;RPF1;STAG3;RRP8;RRP1;HDHD3;LRWD1;PUS1;GNL3L;NANOG;APEX2;MYC;TAF1A;DHX37;FBLL1;PNMA2;ZNF593;UTP14A;GTPBP4;LYAR;MRTO4;TSEN2;DNAJC2;ATF3;NBN;ZBED6;SIX1;MRO;PAF1;C6orf89;MAK16;EBNA1BP2;KLLN;AKNA;NOL6;MACROH2A1;EXOSC4;NOP9;CCDC86;ZNF432;NR4A1;EXOSC8;ADARB1;PWP1;EXOSC9;TAX1BP3;RBBP5;FGF22;TEX10;CHD7;BOP1;SIRT2;METTL18;PIMREG;PNMA3;DDX31;PUM3;NOC4L;SENP3;CDC6;TSEN15;NOL12;BRIX1;CASP2;NOP14;IMP3;RRP1B;SPATS2L;HSPA8;NOP16;PPAN;PNO1;RCL1;NOP2;POLA1;ITPR3;TSR1;RBM28;TCOF1;FTSJ3;SHQ1;RAE1;DDX27;SETX;LSM6;AK6;CDK4;SURF6;FBXW7;EMG1;GLI2;GRWD1;WDR36;NOL4;SPATA24;EGFR;RARA;RPP21;TULP3;DDX52;PLRG1;TAF1C;MTDH;SLC29A2;NSUN2;MARS1;TAF1B;LIAT1;POLR1G;MKI67;DDX49;PLSCR1;BMAL2;XPO6;PELP1;POLR2F;GEMIN4;EID3;TANK;TAF5;TSPYL1;RNF20;TMUB1;JMJD6;PA2G4;NOP10;UTP20;ZNF404;MYBBP1A;GNL2;MLLT1;URB2;ZNF622;PES1;RTF2;SAPCD2;KLHL7;WDR3;HNRNPM;RRP9;UTP15;NIP7;ABT1;REXO5;USP36;MED1;DDX56;FOXM1;OXR1;PAK1IP1;HEATR1;IMP4;KNOP1;SELENBP1;SIRT7;SSRP1;ENDOV;SNHG12;TBC1D1;UTP4;RAD51;BUD23;MAPKBP1;KAT7;LDOC1;SMG6;CUTC;DFFB;NOL7;POLR1C;NOC3L;WDR46;BCAS2;TNPO1;RUNDC3A-AS1;DNTTIP2;INO80C;PPID;ZNF501;FCF1;TP53;MYSM1;PRMT6;ZNF385B;THUMPD3;ESRRA;DDX18;NHP2;NCL;ZPR1;UTP11;SNORD3A;DDX47;DDX21;NGDN;FSAF1;TAOK2;RBMX2;RPS19BP1;BRF2;UTP6;PANK1;ATXN1L;NFX1;DEDD2;DDX24;SNHG7;DCAF1;WDR33;RIOX2;OARD1;PPP1CA;DCAF13;TRIM41;TTF1;UBE2M;NOC2L;APTX;NSUN5;RIOX1;BYSL;PTBP1;MRM2;ERI1;RPS6KA3;BMS1;UBLCP1;TRMT1L;NOLC1;WDR74;IP6K1;DDX28;C1QBP;KRT18;ISG20;RRS1;MCM7;MAP1S;KIF2A;PSPC1;FBXO11;DAXX;STK35;PELI1;REXO4;RBM10;TOP1;UBE2I;HSPA9;HMGN2;URB1;DHX33;MPHOSPH10;MCM2;ALKBH4;ATM;DDX55;TAF1;SLBP;NAT10;CEP85;RPP25;KIF18B;RPAP2;GTPBP10;SLX9;TUT1;CDKN2AIP;TGS1;ARL4A;EIF4A3;MOB2;NRDE2;RGS2;MCRS1;OLA1;TENT4A;ALKBH2;DHX9;TSEN34;ZZZ3;NUFIP1;DROSHA;RRN3;DDX23;TOP2B;STAG2;FGF12;NLE1;APEX1;POLR2L;AKAP8;HNRNPR;RPS27L;LEO1;FEN1;NOL10;TENT4B;GTF2H5;XRCC6;DDX5;PDCD11;BAZ1B;YY1;POLN;ZCCHC17"
"GOCC_NUCLEOSOME",0.941272430668842,1,0.26719450937271,0.780807880693559,6346,114,"H2BC19P;H4C2;H4C6;H2AB3;H2BW2;H2AC7;H1-1;H2BC8;H3C12;H2BC14;H4C3;H2BC3;H3C13;H2AC12;H2AC13;H2BC10;H2AC4;H2BC13;H4C15;H1-0"
"GOCC_NUCLEOTIDE_ACTIVATED_PROTEIN_KINASE_COMPLEX",0.166247427395381,1,-0.636135374721229,-1.29036264026149,726,11,"PRKAG3"
"GOCC_NUCLEOTIDE_EXCISION_REPAIR_COMPLEX",0.772607339889662,1,-0.354996910719802,-0.79272618018108,3220,17,"ERCC5;CETN2;ERCC4;ERCC3;POLD1;CUL4A;RAD23B;CUL4B;ERCC8;DDB1;ERCC1;RBX1;SLX4;XRCC1;RAD23A;XPC;XPA"
"GOCC_NURD_COMPLEX",0.978353948620362,1,-0.263068085170672,-0.579799146798522,4112,16,"CHD5;RBBP7;MBD3;GATAD2A"
"GOCC_NURF_COMPLEX",0.89096158116811,1,-0.350034740986644,-0.637908965822614,4011,7,"SMARCA1;RBBP7;HMGXB4;RBBP4;BACC1;SMARCA5;BPTF"
"GOCC_OLIGOSACCHARYLTRANSFERASE_COMPLEX",0.525004386734515,1,0.478913869052298,0.959996335308987,2991,13,"TREX1;TMEM258;OST4;DAD1;RPN2;TUSC3;OSTC;KRTCAP2;RPN1"
"GOCC_OLIGOSACCHARYLTRANSFERASE_COMPLEX_A",0.752845528455285,1,0.431816045198334,0.795216328881441,4166,9,"TMEM258;OST4;DAD1;RPN2;OSTC;KRTCAP2;RPN1;DDOST"
"GOCC_OLIGOSACCHARYLTRANSFERASE_COMPLEX_B",0.839414739884393,1,0.394093804284887,0.70968037338111,4646,8,"TMEM258;OST4;DAD1;RPN2;RPN1;STT3B"
"GOCC_OMEGASOME",0.778627622377622,1,-0.439593947815347,-0.74526685309434,3562,5,"EMC6;ULK1;ATG14;TRIM5;ZFYVE1"
"GOCC_OOPLASM",0.23629049333051,1,-0.812479736848335,-1.25767035014072,1115,3,"KHDC3L;OOEP"
"GOCC_ORGANELLAR_RIBOSOME",0.109959700633276,1,-0.399606149831913,-1.20979173063283,381,84,"MRPL23;MRPL13;MRPS12;MTG1;MRPL19;MTG2;MRPL58;MRPL55;MRPL36;MRPL24;AURKAIP1;MRPL34;MRPS31;MRPL46;MRPL49;MRPL3;MRPS9;MRPL20;MRPL42;MRPS6;MRPL43;MRPS26;MRPL4;MRPS5;MRPS10;MRPS23;MRPS22;MRPS2;MRPL32;MRPL47;MRPS18C;MRPS16;MRPS17;MRPL39;MRPL54;MRPS14;MRPL12;MRPS18A;MRPL18;PTCD3;MRPL50;CHCHD1;MRPL15;MRPS34;MRPL9;MRPL21;MRPL57;MRPS15;MRPL37;MRPL2;MRPL38;MRPL27;MRPS7"
"GOCC_ORGANELLE_ENVELOPE",1,1,-0.141605593002426,-0.536908631768844,784,1224,"IRGM;H2BW1;SLC25A52;MYOC;MISFA;TERB1;CIDEA;HKDC1;KASH5;SLC25A31;PLN;PRKG2;ACSL5;UQCRHL;CYP1A1;GUCY2D;CALR3;GPER1;SLC25A34;ADRA1A;ACADL;BCHE;AIFM3;STAR;PLA2G2A;FAM156B;TNMD;KCNK9;SFXN3;ADAP2;PLEKHN1;CKMT2;GABRB1;ABCG2;SLC25A24;IRAG2;PLA2G4C;PTGER3;FGR;MRPL23;FECH;SIRT4;DISP3;HSP90B2P;MNS1;COX6A2;ATPSCKMT;GRAMD4;ACOT9;SLC25A53;HMOX1;COX7A1;KCNH1;GATM;LYN;GRK5;PRKN;PPIF;TIGAR;MTMR8;ACSL6;AKAP6;CLPB;MCUB;GHDC;SNCA;AMBP;GPD2;RGPD6;MIGA2;GK;NNT;MGST2;SFXN2;SIRT5;PLA2G4B;MINDY3;RAB11FIP5;PLA2G4A;BCL2L10;OSBPL6;TAMM41;UQCC4;SORD;RHOD;VRK2;SCO2;PPP2R2B;ACSL4;MTHFD2L;CNR1;MRPL13;TXLNG;CC2D1B;ENY2;BID;THG1L;LRRK2;DHX37;ETFDH;RNF144B;TYMS;OCIAD2;FDXR;GRPEL1;NXT1;DHCR7;DMPK;SMOX;PCYT1A;TMEM201;PLAAT1;MIX23;PRICKLE2;HCCS;MRPS12;PSEN2;TIMM22;TIMM44;COA4;NDUFAF1;COQ7;KPNB1;BAD;MTG1;MRPL19;SLC30A1;NR4A1;GDAP1;NDUFA8;ATP5MC3;TOR4A;PLD6;MTNAP1;WDFY3;OSBPL7;PTGES;GHRHR;C19orf12;NOC4L;NUP107;CDK2;LEMD3;TWNK;MPC1;RDH13;MTG2;INTS2;NPC1;DTX2;MRPL58;MRPL55;C11orf65;PPP1R15A;FLVCR1;TSPO;POLA1;FZD9;ITPR3;DCTN1;TOMM40;SPIRE1;MACO1;POLR2M;KMO;LBR;THOP1;POM121;RAE1;SLC25A1;BCL2L11;PGAM5;CDK4;ATPAF2;CMTM3;CACYBP;ABCF1;TMEM176B;TMEM109;TOMM40L;SLC25A13;FZR1;AIFM2;AIFM1;BNIP2;EGFR;CHMP1A;SLC25A33;DTL;MICU3;NDUFA6;NUP58;UQCC5;FUNDC1;DUSP18;PLRG1;MCUR1;SLC25A15;MTDH;NLN;CPNE1;NUP98;COA3;COQ10B;CEP89;BAK1;TOR3A;CYB5B;SPART;DNAJC15;MRPL36;COA6;SLC25A46;COA7;EI24;LETM1;MRPL24;GPAM;PTRH2;SEH1L;AURKAIP1;CCDC51;TIMM23;UQCC3;NDUFC1;MRPL34;CCAR1;MRPS31;MRPL46;PARP16;CKMT1B;RAC2;CLIC1;TRABD;MRPL49;SYNJ2BP;OPA1;TRMT10B;CHCHD5;TMX4;NUP37;CYCS;THEM4;NDUFAF2;MRPL3;UBIAD1;ENDOG;TMEM242;PMPCA;MAPKAP1;TOMM5;BLTP2;LRRC59;IFI27;RAB5IF;SDHB;BRI3BP;ATP5MK;HAX1;PISD;MRPS9;ELK1;RSAD2;BCL2;COQ8B;MRPL20;TIMM17A;ACAD11;DNAJC30;C9orf72;ZNF354C;REXO2;SLC30A2;NDUFB3;DNAJB2;MAPK8IP1;RNF6;DNASE1;WASF1;PARP6;SRC;TIMM8A;SFXN4;ARMCX2;MPC2;MRPL42;SLC67A1;NRXN1;NUP155;NDUFAF5;GFER;MRPS6;MTX2;TMPO;PDSS1;RBMX2;EDNRB;DNAJB12;IMMP1L;SLC25A51;SLC25A38;MUL1;MRPL43;ATXN3;ANGEL1;TMEM70;SLC9B2;TMC6;PCNA;OGDH;UNC50;DIABLO;AFG3L2;TIMM23B;MRPS26;MTERF3;PTPN1;SOD1;CHMP4C;SLC25A32;TIMM10B;INTS1;MRPL4;CHCHD3;TIMM13;TIMM8B;RHBDD1;NUP160;RMDN3;MX2;SCO1;NDUFB9;RTEL1;COX19;CNEP1R1;NUTF2;NDUFC2;SMPD4;SLC25A21;XPOT;CKMT1A;MTFP1;STARD13;NDUFB10;LMNA;TMEM14A;MYO19;UBE2I;HSPA9;MRPS5;ARMCX3;ADCK1;TMEM65;RANBP1;IPO11;MRPS10;NUCB2;NDUFS3;ITPRIP;NGRN;ACADM;TIMM21;COA8"
"GOCC_ORGANELLE_ENVELOPE_LUMEN",0.999700777977259,1,-0.192681822088858,-0.59379348756629,3340,98,"MYOC;BCHE;STAR;FGR;GATM;CLPB;SIRT5;PLAAT1;MIX23;COA4;NDUFA8;PTGES;THOP1;CACYBP;AIFM1;MICU3;NLN;CEP89;COA6;COA7;TIMM23;CCAR1;OPA1;CHCHD5;CYCS;THEM4;HAX1;REXO2;TIMM8A;GFER;DIABLO;SOD1;TIMM10B;TIMM13;TIMM8B;COX19"
"GOCC_ORGANELLE_INNER_MEMBRANE",1,1,-0.145419948189504,-0.528625217026701,1750,541,"SLC25A52;MYOC;TERB1;SLC25A31;UQCRHL;CYP1A1;SLC25A34;AIFM3;KCNK9;SFXN3;CKMT2;SLC25A24;FGR;MRPL23;FECH;SIRT4;HSP90B2P;COX6A2;ATPSCKMT;ACOT9;SLC25A53;COX7A1;KCNH1;GATM;LYN;MCUB;SNCA;AMBP;GPD2;NNT;SFXN2;SIRT5;PLA2G4B;PLA2G4A;TAMM41;UQCC4;SCO2;MTHFD2L;MRPL13;LRRK2;ETFDH;TYMS;OCIAD2;FDXR;GRPEL1;TMEM201;HCCS;MRPS12;PSEN2;TIMM22;TIMM44;NDUFAF1;COQ7;MTG1;MRPL19;NDUFA8;ATP5MC3;MTNAP1;GHRHR;LEMD3;TWNK;MPC1;RDH13;MTG2;MRPL58;MRPL55;FLVCR1;TOMM40;LBR;SLC25A1;PGAM5;ATPAF2;SLC25A13;AIFM1;SLC25A33;MICU3;NDUFA6;UQCC5;DUSP18;MCUR1;SLC25A15;COA3;COQ10B;DNAJC15;MRPL36;LETM1;MRPL24;AURKAIP1;CCDC51;TIMM23;UQCC3;NDUFC1;MRPL34;MRPS31;MRPL46;CKMT1B;MRPL49;OPA1;TRMT10B;TMX4;CYCS;THEM4;NDUFAF2;MRPL3;ENDOG;TMEM242;PMPCA;IFI27;RAB5IF;SDHB;ATP5MK;PISD;MRPS9;RSAD2;MRPL20;TIMM17A;ACAD11;DNAJC30;SLC30A2;NDUFB3;SRC;TIMM8A;SFXN4;MPC2;MRPL42;NDUFAF5;MRPS6;MTX2;TMPO;PDSS1;IMMP1L;SLC25A51;SLC25A38;MRPL43;TMEM70;SLC9B2;UNC50;AFG3L2;TIMM23B;MRPS26;PTPN1;SLC25A32;TIMM10B;MRPL4;CHCHD3;TIMM13;TIMM8B;SCO1;NDUFB9;NUTF2;NDUFC2;SLC25A21;CKMT1A;MTFP1;NDUFB10;HSPA9;MRPS5;ADCK1;TMEM65;MRPS10;NDUFS3;TIMM21;COA8;MRPS23;RCC1L;MRPS22;NDUFS6;MRPS2;MRPL32;MRPL47;NEMP2;MRPS18C;SFXN5;NDUFA10;COA5;COX8A;IFFO1;MRPS16;MRPS17;NDUFV2;NDUFS5;TIMM29;DNAJC11;MRPL39;MRPL54;UQCRH;MRPS14;SLC25A22;ATAD3A;NDUFAF4;HIGD1A;HSPD1;ATP11B;MRPL12;MRPS18A;SLC25A19"
"GOCC_ORGANELLE_MEMBRANE_CONTACT_SITE",0.996426608026388,1,-0.217330754352031,-0.630211285544023,3624,63,"GRAMD2A;BCL2L10;ACSL4;PSEN2;ESYT3;TOMM40;PIK3R4;STARD3NL;BLTP2;ATG5;CHCHD3;RMDN3;MBOAT7;ATG16L1;OSBPL11;BCAP31;ATAD3A;PDZD8;TMX2;TMEM41B;OSBPL9;STIMATE;GRAMD1A;IMMT;APOO;MICOS10;ATG14;AHCYL1;SARAF;GRAMD1B;OSBPL10;RAB32;SELENON;CANX;MICOS13;ATG2A;CHCHD6;TMX1;OSBP;ZFYVE1;MICU1;RAB38;CLCC1;TOMM20;STARD3;SERAC1;C2CD2L;SACM1L;MOSPD2;PSEN1;APOOL;OSBPL1A;STX17;BLTP1;GRAMD1C;OSBPL5;VPS13A;CERT1;TMCC1;CLSTN3;C1orf43;ESYT2;EIF2AK3"
"GOCC_ORGANELLE_SUBCOMPARTMENT",1,1,-0.150442046846937,-0.574711692317717,644,1494,"GJB1;UGT2A1;PLCD4;IRGM;CYP2F1;PTCHD3;TRPM8;COPZ2;PAPPA-AS1;SGCZ;ARL5C;HLA-DQA1;ABCC12;FMO2;RNF133;GOLGA8S;UGT1A6;TESPA1;PLD4;SLC36A2;CYP19A1;DIPK1C;SFTPA2;RAB44;CYP4B1;CYP2C8;PLN;DRD1;LRIT3;ACSL5;DIO1;CYP1A1;LMAN1L;SPTLC3;ALG14;GUCY2D;CALR3;KCNK2;SFTPD;PNPLA7;GPER1;RGS20;SRD5A2;STRIT1;GOLGA8M;KCNA2;CYP26B1;POSTN;RNF183;PLA2G2A;FOLR1;CYP4F22;TLR7;HHAT;GOLGA8J;CALHM1;FREY1;MLANA;GOLGA8R;PNLDC1;STS;TMT1B;MOGAT1;MINAR2;IRAG2;ST3GAL1;TGFA;CTAGE1;GOLGA6D;GNRH1;PLA2G4C;CLVS2;CHSY3;GOLGA8IP;SLC24A5;TEPSIN;DISP3;SMPD3;TEX264;GRAMD4;CYP2D6;CYP2J2;PLEKHA3;RASGRF2;ALG10B;SAR1B;DUOXA1;CYP39A1;CHODL;HLA-DPB1;AREG;EPM2A;UBXN8;ATP10B;HMOX1"
"GOCC_ORIGIN_RECOGNITION_COMPLEX",0.493730407523511,1,-0.524387291600131,-0.985577288399429,2204,8,"LRWD1;ORC2;ORC5;MCM2"
"GOCC_OTHER_ORGANISM_CELL_MEMBRANE",0.058766485647789,1,0.938367932277102,1.3246749552181,302,2,"C7;C5"
"GOCC_OTHER_ORGANISM_PART",0.102030456852792,1,0.597631445812853,1.34332385660076,602,22,"C7;CD209;GBP1;C1QA;CFB;C4B"
"GOCC_OUTER_DENSE_FIBER",0.0352640233875388,1,0.843874534811915,1.43290506127685,192,6,"FLACC1;TMEM232;CTSH"
"GOCC_OUTER_DYNEIN_ARM",0.708822483102099,1,0.4427029089279,0.83451654591988,3984,10,"DNAI2;DNAH8;ODAD1;CFAP70"
"GOCC_OUTER_KINETOCHORE",0.604858104858105,1,-0.385625458618159,-0.900110174172298,2514,20,"SKA1;ZWINT;NDC80;MIS12;SPC24;SPDL1;KNL1;PMF1;SPC25;SKA3;CCNB1;PLK1;NSL1;CENPF;BOD1;DSN1;BUB1B;NUF2;BUB1;SKA2"
"GOCC_OUTER_MEMBRANE",0.998840803709428,1,-0.226516178274121,-0.778427294988618,2584,254,"MYOC;MISFA;KASH5;ACSL5;GUCY2D;STAR;PLA2G2A;HMOX1;PRKN;TIGAR;ACSL6;SNCA;ANKH;MIGA2;GK;SFXN2;RAB11FIP5;BCL2L10;RHOD;PPP2R2B;ACSL4;CNR1;BID;THG1L;LRRK2;DHCR7;DMPK;BAD;GDAP1;PLD6;GHRHR;C11orf65;PPP1R15A;TSPO;ITPR3;TOMM40;SPIRE1;KMO;BCL2L11;PGAM5;TMEM109;TOMM40L;AIFM2;FUNDC1;BAK1;CYB5B;SPART;SLC25A46;GPAM;PTRH2;RAC2;TRABD;SYNJ2BP;OPA1;MAPKAP1;TOMM5;IFI27;BRI3BP;HAX1;RSAD2;BCL2"
"GOCC_OUTER_MITOCHONDRIAL_MEMBRANE_PROTEIN_COMPLEX",0.839097375521217,1,-0.319981459307042,-0.773293405838343,3420,24,"TOMM40;TOMM40L;TRABD;TOMM5;MTX2;MUL1;CHCHD3;HSPA9;DNAJC11;SAMM50;TOMM70;MFN1;IMMT;APOO;MICOS10;TOMM7;TOMM6;MICOS13;CHCHD6;MTX1;TOMM22;MTX3;TOMM20;APOOL"
"GOCC_OXIDOREDUCTASE_COMPLEX",0.993897901473434,1,0.24143345511042,0.702194992738777,6677,110,"CYBB;NCF1C;NOX5;NDUFC2-KCTD14;NOXA1;DUOX1;PDK2;LDHC;P4HA1;PDK1;HSD17B8"
"GOCC_OXOGLUTARATE_DEHYDROGENASE_COMPLEX",0.665472458575907,1,-0.451457247635592,-0.848506470466198,2971,8,"DLD;OGDH;KGD4;ABHD11;BCKDK;KAT2A;DLST;OGDHL"
"GOCC_P_BODY",1,1,0.153865898628229,0.439563938659898,6619,96,"NANOS3;ZC3H12D;APOBEC3H;APOBEC3G;TNRC6C;APOBEC3D;APOBEC3B;SYNE1"
"GOCC_PALMITOYLTRANSFERASE_COMPLEX",0.404337899543379,1,-0.534486373588683,-1.05632139783478,1770,10,"SPTLC3"
"GOCC_PAM_COMPLEX_TIM23_ASSOCIATED_IMPORT_MOTOR",0.607298951048951,1,-0.531743280720647,-0.901492487433427,2778,5,"GRPEL1;DNAJC15;PAM16;DNAJC19"
"GOCC_PAR_POLARITY_COMPLEX",0.948291613374749,1,0.324888366221596,0.55166279476919,5189,6,"PRKCZ;PARD6B;PARD6A;PARD3"
"GOCC_PARALLEL_FIBER_TO_PURKINJE_CELL_SYNAPSE",0.131708142881327,1,0.571153591664315,1.29636517790697,777,23,"UNC13C;CNTN6;CBLN3;ATP2B3;SLC16A7;SUSD4;CADPS2"
"GOCC_PARANODAL_JUNCTION",0.400716364450414,1,-0.550927918656415,-1.06267698884201,1789,9,"KCNA2;NFASC;SIRT2"
"GOCC_PARANODE_REGION_OF_AXON",0.618107435076485,1,0.476906556786387,0.898992088079402,3474,10,"KCNA1;ERMN"
"GOCC_PARASPECKLES",0.919245819992885,1,0.338901824795323,0.638846446523345,5167,10,"BCL6;NEAT1;NONO;CPSF6;BCL11A;NUDT21;ALKBH5;PSPC1;SFPQ;HNRNPM"
"GOCC_PCG_PROTEIN_COMPLEX",0.766608805428436,1,0.315565582120028,0.842409861578054,4857,58,"SAMD11;DNMT3L;YAF2;BMI1;BCORL1;CBX7;SIRT1;CBX4;ASXL1;PHC2"
"GOCC_PEPTIDASE_COMPLEX",1,1,-0.184040859916973,-0.598480875189745,3085,150,"COLEC10;TPSB2;F5;SUPT20HL2;FCN3;PIPSL;F10;C3;ENY2;CAPN2;PSMD10;PSME3;PSMC4;PSMC2;TAF5L;KLKB1;PSMD14;PSMD12;CASP2;TADA2A;SEC11C;PLAU;SPCS2;ADRM1;CASP3;PSMD3;PMPCA;VCP;DNAJB2;IDE;TRRAP;PSMD4;PSMD2;PSMC1;UBQLN1;PSMA7;IMMP1L;DMWD;PSMB2;USP12;AFG3L2;PSMD6;SF3B5;CAPNS1;PSMD1;PSMA1;UBQLN4;SEM1;TAF9;PSMA5;SUPT3H;PSMB1;USP1;TAF12;SUPT7L;PSMB5;PSMB7;PSME4;PSMD11;TXNL1;UCHL5;SUPT20HL1"
"GOCC_PEPTIDASE_INHIBITOR_COMPLEX",0.410659439927733,1,0.578748042148224,1.06580081620878,2272,9,"CASP1;VTN;CTSB"
"GOCC_PERICENTRIC_HETEROCHROMATIN",0.99726368159204,1,-0.209914226103083,-0.537327474774315,4008,31,"IKZF1;LRWD1;ZNF618;MACROH2A1;ESCO2;EZH2;KDM4D;UHRF2;BAZ1B;CBX1;DNMT1;NCAPD3;HELLS;CBX3;ZNF512;SIRT6;ATRX;CENPB;CBX5;POLE3;CENPC;SNAI1;INCENP;KDM4A;BAZ1A;SMARCA5;CHRAC1;FLYWCH1;CENPA;KMT5C;KDM4C"
"GOCC_PERICENTRIOLAR_MATERIAL",0.988657524970374,1,0.24546156817304,0.557131801564485,5839,23,"TUBG2;NIN;TNKS;CEP192;HOOK3;CEP85L;DYNC2I1;CDK5RAP2;NEDD1;TCP1;TUBG1;NEK1;PCM1;RAC1;TNKS2;DYRK3;LCK;CEP152;CEP85;RABL2B;TUBE1;BBS9;BBS4"
"GOCC_PERICHROMATIN_FIBRILS",0.942683376336159,1,0.339123050795121,0.555826090419962,5114,5,"TRIM24;TARDBP;CPSF6;NUFIP1;DHX9"
"GOCC_PERICILIARY_MEMBRANE_COMPARTMENT",0.954515345550894,1,-0.286188161727952,-0.503813899834467,4322,6,"USH2A;RP2"
"GOCC_PERIKARYON",1,1,-0.183342981898092,-0.590974426709319,3153,139,"OPRM1;SORCS2;HTR5A;LRIT3;CRH;KCNA2;TMEM100;RGS7BP;PRPH;GNRH1;NEURL1;DLG2;KCND2;EPM2A;SLC5A7;KCNH1;CHRNA10;CPNE5"
"GOCC_PERINEURONAL_NET",0.442578912021491,1,-0.530896735696744,-1.02403912630195,1976,9,"HAPLN2;HAPLN4;ACAN;NCAN"
"GOCC_PERINUCLEAR_ENDOPLASMIC_RETICULUM",0.6751269035533,1,0.381928657191002,0.858478716805721,3989,22,"CYBB;MOGAT3;SYT6;DGAT2;CLU;OSBP2;PIK3R1;OSBPL1A"
"GOCC_PERINUCLEAR_REGION_OF_CYTOPLASM",1,1,0.150805357511152,0.506620201340616,8550,687,"NELL1;GBP2;GAD1;CYBB;WBP2NL;GBP4;CABP7;TRARG1;S100B;SLC17A3;CCDC38;NANOS3;CABP2;HHATL;FSD2;BTK;TNFSF13B;SPINK5;LPXN;MMD2;REP15;ALOX5;SNAP25;PTCH1;HMGCLL1;AZIN2;CCR2;MEIS2;NPY;LNPEP;ALDH1A2;S100A4;CX3CR1;CD34;GDPD3;HIP1R;INHBA;MOGAT3;FAM83E;PRKCG;KCNA3;TF;BANK1;PDE2A;PLVAP;NLRC3;PLAAT3;EPN3;PTGDS;COBL;ITPR1;APBA1;SLC8A3;STMN2;MVP;TAMALIN;TSTD1"
"GOCC_PERINUCLEAR_THECA",0.113653995345229,1,0.907954137175042,1.28174041826406,585,2,"WBP2NL;CCIN"
"GOCC_PERINUCLEOLAR_COMPARTMENT",0.773164335664336,1,-0.443646147929494,-0.752136762114216,3537,5,"EPPK1;PDCL3"
"GOCC_PHAGOCYTIC_CUP",0.0750122970978849,1,-0.55918630603714,-1.38096005805778,304,26,"IRGM;TLR4;PEAR1"
"GOCC_PHAGOCYTIC_VESICLE",0.999561211057481,1,0.219248238796077,0.652816516283235,6833,138,"MPO;SLC11A1;CTSS;CYBB;PLA2G5;LTF;CD36;WAS;RAB7B;HLA-H;SLC9A9;TAP1;B2M;ADAM8;TLR6;ABCA1;HLA-A;CDC42EP4;HLA-F;RAB43;NOD2;GSN;HLA-G;CD82;TAPBP;TAP2;SYT7;SRGAP2;HLA-B;UVRAG"
"GOCC_PHAGOCYTIC_VESICLE_LUMEN",0.749170659786215,1,0.485568380530172,0.795851458486351,4064,5,"MPO;LTF"
"GOCC_PHAGOCYTIC_VESICLE_MEMBRANE",1,1,0.188931596220661,0.52402402348286,6479,77,"SLC11A1;CYBB;RAB7B;HLA-H;SLC9A9;TAP1;B2M;TLR6;HLA-A;HLA-F;RAB43;HLA-G;TAPBP;TAP2;SYT7;HLA-B"
"GOCC_PHAGOLYSOSOME",0.236981545770144,1,0.719366062402467,1.22148877493624,1296,6,"PLA2G5;ADAM8"
"GOCC_PHAGOPHORE_ASSEMBLY_SITE",0.989626214391569,1,0.240005941348851,0.598150599824425,6009,38,"ATG9B;ULK2;ATG2B;STX12;PHAF1;STBD1;SNX30;BECN1;NBR1;VMP1;RB1CC1;ZFYVE1;WDR45B;SQSTM1;ATG2A;ATG9A;ULK3;RAB1B;TAX1BP1;RAB33B;ATG13;ATG3;ATG16L2;ATG12;ATG14;ULK1;WIPI1;SNX7;WDR45;WIPI2;RAB7A;PIK3C3;ATG16L1;ATG101;ATG5;ILRUN;BCAS3"
"GOCC_PHAGOPHORE_ASSEMBLY_SITE_MEMBRANE",0.845685279187817,1,0.331934540109253,0.746104626325489,4997,22,"ATG9B;ULK2;ATG2B;STBD1"
"GOCC_PHOSPHATASE_COMPLEX",1,1,0.167497492537705,0.449135971662657,6359,60,"PPP1R3G;ACP3;ITPR1;PPP2R3B;PPP1R3C;PPP2R2C;PPP1R3F"
"GOCC_PHOSPHATIDYLINOSITOL_3_KINASE_COMPLEX",0.388307903308761,1,0.499476861641823,1.06433102336938,2264,17,"PIK3R6;PIK3R3;PIK3R5;PIK3CD;UVRAG;PIK3R1"
"GOCC_PHOSPHATIDYLINOSITOL_3_KINASE_COMPLEX_CLASS_I",0.190209537572254,1,0.698150865491436,1.25722343642871,1052,8,"PIK3R6;PIK3R3;PIK3R5;PIK3CD;PIK3R1"
"GOCC_PHOSPHATIDYLINOSITOL_3_KINASE_COMPLEX_CLASS_III",0.957018132975151,1,-0.28717572575664,-0.553929153308904,4274,9,"PIK3R4;PIK3C3;ULK1;ATG14;ATG13;RB1CC1;NRBF2;BECN1;UVRAG"
"GOCC_PHOSPHOLIPID_TRANSLOCATING_ATPASE_COMPLEX",0.689276373147341,1,0.414312412368732,0.844704671772049,3952,14,"ATP8B4;ATP10D;ATP8B3;ATP11A;TMEM30A;TMEM30B;ATP8B2"
"GOCC_PHOSPHORYLASE_KINASE_COMPLEX",0.168706293706294,1,-0.779026795943457,-1.32072530018731,771,5,"PHKG1"
"GOCC_PHOTORECEPTOR_CELL_CILIUM",0.992161591799819,1,-0.230519567865425,-0.715024003671411,3290,103,"EYS;GNGT1;GNAT1;IMPG1;GUCY2D;PCDH15;CERKL;CRB1;SPTBN5;GRK7;MYO7A;USH2A;MERTK;NPHP1"
"GOCC_PHOTORECEPTOR_CONNECTING_CILIUM",0.991461836998706,1,-0.235820750013471,-0.638856751332661,3831,42,"GNAT1;SPTBN5;MYO7A;USH2A;NPHP1;USH1G"
"GOCC_PHOTORECEPTOR_DISC_MEMBRANE",0.601807802093245,1,-0.407609032837373,-0.898365794973394,2529,16,"GNGT1;GNAT1;GUCY2D;SPTBN5;GRK7"
"GOCC_PHOTORECEPTOR_INNER_SEGMENT",0.677649643053267,1,-0.313269064962075,-0.900434337177095,2467,60,"GNGT1;GNAT1;IMPG1;HKDC1;CERKL;CRB1"
"GOCC_PHOTORECEPTOR_OUTER_SEGMENT",0.904031800113572,1,-0.271975350205512,-0.811592902968509,3183,77,"EYS;GNGT1;GNAT1;IMPG1;GUCY2D;PCDH15;CERKL;CRB1;SPTBN5"
"GOCC_PHOTORECEPTOR_OUTER_SEGMENT_MEMBRANE",0.603311486719558,1,0.428909996165975,0.902728944418682,3497,16,"RHO;PDE6A;PDE6H;CNGA1;NAPEPLD"
"GOCC_PHOTORECEPTOR_RIBBON_SYNAPSE",0.976878612716763,1,0.274274144848449,0.493910270622077,5407,8,"EGFLAM;CPLX3;DAG1;SH3GL2"
"GOCC_PI_BODY",0.209537572254335,1,0.688417518403897,1.23969571759571,1159,8,"ANKRD34C;TDRD1;ANKRD34B;PIWIL2;ANKRD34A"
"GOCC_PICLN_SM_PROTEIN_COMPLEX",0.849990864242646,1,0.407110047477516,0.69127580399995,4651,6,"SNRPE;CLNS1A;SNRPD2;SNRPD1;SNRPF;SNRPD3"
"GOCC_PIGMENT_GRANULE",1,1,0.121660005017771,0.353090569800522,6700,108,"TYRP1;OCA2;RAB27B;SLC1A4;CAPG;STOM;SYTL1;RAB27A;GPNMB;GCHFR;ANKRD27;CTSB;RAB17;SYNGR1;TPP1;BACE2;NAP1L1;MYO5A"
"GOCC_PINOSOME",0.956639566395664,1,0.308072295979935,0.567334454019,5294,9,"CX3CR1;CARMIL2;CARMIL1;APPL2"
"GOCC_PIP_BODY",0.075119409465914,1,-0.861064639140139,-1.40017599284309,345,4,"TDRD9;GTSF1"
"GOCC_PITUITARY_GONADOTROPIN_COMPLEX",0.459270752521334,1,0.748516177453403,1.05666508811952,2367,2,"CGA"
"GOCC_PLASMA_MEMBRANE_PROTEIN_COMPLEX",1,1,0.219482874826225,0.732059023249597,8388,592,"ZAP70;ITGAX;IL2RG;C7;SGCA;GJA9;TRGV3;CDH12;GLRA3;IL5RA;IL3RA;GRIA2;MR1;CYBB;KCNA1;TRGV5;CHRNB3;ACKR1;ABCG5;KCNG2;ACVRL1;HLA-DRB5;CATSPER1;CACNA1S;PSG9;CHRNG;ITGAM;VCAM1;NCF1C;TSPAN32;CACNA1F;CATSPERE;VTN;ITGA8;ITGA10;FXYD2;COL13A1;CATSPERB;SGCG;GJD4;CDH9;SNAP25;SCN11A;AHNAK;NOX5;SCN2B;ITGB2;CACNB4;GP5;CNTFR;IL1A;IL23A;LRRC26;CACNG3;NOXA1;CACNA1E;SHISA8;VWC2;CDH13;DUOX1;SCN2A;GJB4;CDH11;ATP1B2;HJV;FAS;CDH18;CSF2RA;PDGFA;KCNA3;KCNJ6;TF;IL22RA1;KCNIP1;GJA10;KCNC1;GRIN1;CRB2;INSR;KCNB2;SGCD;CHRNA3;CACNA1D;CACNA1C;HLA-DMB;CACNB3;KCNE2;HLA-H;CDH8;CMKLR1;ABHD6;LRRC55;CD8B;FCER1G;SNTG2;RET;UNC79;B2M;TGFB1;GRIN2C;GJA5;ADAM8;TLR6;SCN4B;CDH6;GRID1;TRAV18;TAS1R3;KCNN1;CALCR;EMILIN1;CACNG8;KCNG3;TRAF3;CASP8"
"GOCC_PLASMA_MEMBRANE_RAFT",0.99363829142684,1,-0.232113345296513,-0.725034878693931,3279,108,"TRPM8;CAVIN2;SKAP1;CAV3;ADRA1A;CD8A;CALHM1;SLC6A3;ADTRP;KCND2;TREM2;TLR2;AKAP6;LIPE;MYO1A;CHRNB2;CAVIN3;SCN5A"
"GOCC_PLASMA_MEMBRANE_REGION",1,1,0.224349757714824,0.771197497891723,9212,1202,"NLGN4Y;SLC10A1;UNC13C;SLC6A19;SCNN1B;SLC12A3;SLC40A1;SLC14A1;CHRM2;PKD2L1;GLRA3;GRIA2;SLC26A9;RPH3A;KCNA1;UPK3A;ATP6V1B1;RHO;CHRNB3;SLCO1B1;ABCG5;CNGB1;SLC26A5;CDHR5;P2RX1;SLC34A3;C1QA;IL1RAPL1;LRRTM2;ADRA1B;SLC9A4;GAD2;DRD5;PDE6A;ACY3;SLC17A3;PDE6H;KL;SLC5A10;CHRNG;SLCO6A1;ITGAM;LPO;SLC2A7;SLC22A4;CA9;MGAM;ACE2;CNTN6;SCNN1G;CUBN;GABRA1;CPO;BEST2;CD36;FXYD2;TAS2R4;OR2A4;GPR37L1;COL13A1;TSPEAR;FAM107A;FGD2;PSD2;P2RX2;SLC6A2;IQSEC3;GABRA2;AQP7;HCK;MUC1;FAIM2;LRFN5;TACR1;SLC1A2;PTH1R;SNAP25;TFPI;ENPEP;CNGA1;SLC7A9;IGSF5;PARD3B;PTCH1;SLC36A1;ITGB2;SLC4A1;STX11;RAB27B;PPFIA2;FLRT3;EFNA5;LRRTM1;CD38;CNTFR;C5AR1;PAPPA2;ATP2B3;ADRA2A;PCDHB13;GABRB2;CACNG3;UPK2;SHISA8;VWC2;SLC16A3;SLC39A4;CDH13;SLC16A7;NPC1L1;CRHR1;ASAH2;CD34;HPN;STX19;DUOX1;SLC44A4;SLC4A5;LRRC4C;ASIC2;DLL1;SLITRK3;ATP1B2;HIP1R;SPEF1;SLITRK1;NRXN3;AMN;SYNDIG1;SLC4A4;NSG2;OTOG;GRM7;SLC9A2;ABCC11;PRKCG;TF;ERBB4;ATP2B4;GRM5;KCNC1;GRIN1;PLPP2;CRB2;INSR;NRP1;SLC26A1;CHRNA3;SUSD4;CACNA1C;PDE2A;PLVAP;CLTRN;CADPS2;PLPP3;RIGI;KCNE2;HPGD;CHRM4;JAG1;CDH8;GABRP;NRCAM;HMCN1;APBA1;GRIP1;SLC8A3;ABHD6;GPR151;SLC12A1;ICAM5;SLC38A3;SLC26A7;DGKI;TAMALIN;LCP2;IGSF9B;NAPEPLD;DSG1;SNCAIP;TTYH1;PLEK2;SLCO1A2;ABCB4;GRIN2C;ADGRE2;TESC;TMEM114;AJAP1;CFTR;FN1;GRID1;AGER;NRXN2;SLC34A2;UNC5A;CLDN4;KCTD16;VAMP1;PCDH8;CACNG8;BBS1;ADCY1;CASR;SLC47A1;WHRN;CADM1;SLCO2A1;EPS8L1;IGFBP2;KSR1;NAIP;SYNE1;LRRC4;NDRG4;PSD;GRM1;ADCY8;EPHA4;ANO1;SLC4A10;SVOP;EFNB1;PRTN3;KCND1;CA11;ABCA7;SLC24A4;IL31RA;SEMA4F;TRPA1;PDGFB;HMCN2;MYOF;ABCA1;TMEM231;HCN1;SYTL1;CLDN3;CLSTN2;ERBB3;FXYD1;ROBO2;CTSK;C1QTNF5;BST2;BBS2;KIAA1614;CNNM2;DMD;CHRNA6;CD1D;LRRC7;RHBG"
"GOCC_PLASMA_MEMBRANE_SIGNALING_RECEPTOR_COMPLEX",0.995851196238418,1,0.240313615033002,0.74512375933499,7200,206,"ZAP70;ITGAX;IL2RG;TRGV3;IL5RA;IL3RA;GRIA2;TRGV5;CHRNB3;ACKR1;ACVRL1;PSG9;CHRNG;ITGAM;TSPAN32;ITGA8;ITGA10;ITGB2;GP5;CNTFR;IL1A;IL23A;CACNG3;SHISA8;VWC2;HJV;CSF2RA;TF;IL22RA1;GRIN1;INSR;CHRNA3;CMKLR1;ABHD6;CD8B;B2M;TGFB1;GRIN2C;TLR6;GRID1;TRAV18;TAS1R3;CALCR;EMILIN1;CACNG8;TRAF3"
"GOCC_PLATELET_ALPHA_GRANULE",0.338848039215686,1,0.376994655571754,1.05962394584723,2211,84,"A2M;ORM1;SERPINA1;PLG;PPBP;SRGN;TREML1;CD36;PF4;SERPINF2;MMRN1;PDGFA"
"GOCC_PLATELET_ALPHA_GRANULE_LUMEN",0.264050235478807,1,0.414796076689623,1.11678618041554,1681,62,"A2M;ORM1;SERPINA1;PLG;PPBP;SRGN;PF4;SERPINF2;MMRN1;PDGFA"
"GOCC_PLATELET_ALPHA_GRANULE_MEMBRANE",0.617438563327032,1,-0.406442757328106,-0.884901748966515,2612,15,"SYTL4;PECAM1;SNCA;LHFPL2;ITGB3"
"GOCC_PLATELET_DENSE_GRANULE",0.171230502599653,1,0.61292548698668,1.27048157361369,987,15,"ITIH3;RAB27B;SELENOP;ECM1;ITPR1"
"GOCC_PLATELET_DENSE_GRANULE_LUMEN",0.291960252935863,1,0.631137089563845,1.16227853264081,1615,9,"ITIH3;SELENOP;ECM1"
"GOCC_PLATELET_DENSE_GRANULE_MEMBRANE",0.541467010689274,1,0.602823470274965,0.988033729676356,2937,5,"RAB27B;ITPR1;CD63"
"GOCC_PLATELET_DENSE_TUBULAR_NETWORK",0.973016235993597,1,-0.258471755850808,-0.524294530010739,4254,11,"DMTN;EHD1;ITPR3"
"GOCC_PLATELET_DENSE_TUBULAR_NETWORK_MEMBRANE",0.965748824714574,1,-0.276821209587061,-0.533956475048489,4313,9,"DMTN;EHD1;ITPR3"
"GOCC_PML_BODY",1,1,0.122435224251532,0.354711849965078,6688,107,"SP100;NFE2;MAGEA2;CIART;ATR;SENP2;SIRT1;CHD3;RDM1;IKBKE;TOP3A;CALCOCO2;CHFR;ZNF451;TP53INP1;ZBED1;TRIM16"
"GOCC_PODOSOME",0.738075725290936,1,0.335355542340434,0.840865086097827,4502,39,"VCAM1;LPXN;ARHGEF5;TNS3;RHOU;ADAM8"
"GOCC_POLAR_MICROTUBULE",0.988020641356432,1,0.270457001698317,0.443281745455574,5360,5,"KLHL22;TUBG1;CUL3;TUBGCP3;KLHL21"
"GOCC_POLE_PLASM",0.496021669206027,1,0.430531236917855,0.977190219385944,2929,23,"DDX3Y;ANKRD34C;TDRD1"
"GOCC_POLYMERIC_CYTOSKELETAL_FIBER",1,1,0.184146662262178,0.61716776418487,8525,656,"MEFV;FLACC1;CFAP52;KRT12;CFAP276;DNAI2;CFAP206;TUBA3D;KRT13;TMEM232;SAA1;LMNTD1;CFAP141;DYNLRB2;TEKTIP1;KRTAP10-3;CASP1;DNAH12;KRTAP5-1;KRTAP5-10;DNAH8;LMOD2;POTEE;KRT80;TUBB8;GFAP;DLGAP2;NICN1;AURKC;HCK;KRTAP5-2;MTUS2;CLIP4;SPACA9;FAM161B;SPAG6;DES;KATNAL2;ACTN3;SPAG8;KIF19;WAS;KRT17;CRHBP;DNAH6;RIBC2;SPEF1;SAXO2;SPMIP8;CFAP90;NEFL;TOGARAM2;NRP1;TEKT5;VMAC;EVPL;MYO18B;SLC1A4;COBL"
"GOCC_PORE_COMPLEX",0.7165820642978,1,0.369979328169859,0.831619657000658,4234,22,"C7;CD34"
"GOCC_POST_MRNA_RELEASE_SPLICEOSOMAL_COMPLEX",0.91787072243346,1,-0.283831826261689,-0.744700612700731,3620,35,"GCFC2;SNRPB2;BUD31;PLRG1;SNRPG;BCAS2;CRNKL1;PRPF19;SNRPA1;CWC15;SNRNP40;XAB2;EFTUD2;DHX15;SNRPB;SNRPD3;SYF2;PRPF8;SNRPF;CDC5L;YJU2B;TFIP11;PPIL1;CCDC12;SNRPD1;SNW1;CWF19L2;SNRPD2;CWF19L1;RBM22;PPIE;AQR;ISY1;CDC40;SNRPE"
"GOCC_POSTSYNAPSE",1,1,0.160888858303904,0.542724659126905,8666,747,"NLGN4Y;CHRM2;GLRA3;GRIA2;RPH3A;CHRNB3;P2RX1;C1QA;IL1RAPL1;LRRTM2;FGF7;CHRNG;GABRA1;COL13A1;CYP46A1;DLGAP2;PSD2;P2RX2;IQSEC3;GABRA2;TANC2;FAIM2;LRFN5;TACR1;DRD4;FRMPD4;PTCH1;PPFIA2;FLRT3;LRRTM1;GPR50;SRGAP3;ADRA2A;PCDHB13;GABRB2;CACNG3;SHISA8;VWC2;CPEB3;SLC16A7;CRHR1;LRRC4C;ASIC2;SENP7;SLITRK3;HIP1R;SLITRK1;SYNDIG1;NSG2;GRM7;LNX1;OPCML;PRKCG;NEFL;ERBB4;GRM5;KCNC1;GRIN1;SAMD14;NRP1;CHRNA3;SUSD4;CACNA1C;TRIM47;CADPS2;CHRM4;ITPR1;NRCAM;APBA1;GRIP1;SLC8A3;ABHD6;NPFF;ICAM5;DGKI;TAMALIN;IGSF9B;NAPEPLD;RNF112;PLCB1;GRIN2C;SPTB;FAM81A;BNIP3;WNT5A;GRID1;AGER;KCTD16;PCDH8;CACNG8;CAMK2A;ADCY1;ABI3;ZDHHC8;SH3KBP1;SYNE1;LRRC4;PSD;GRM1;ADCY8;EPHA4;SRCIN1;SLC4A10;CPLX1;DOCK4;KCND1;ZDHHC2;SEMA4F;FGFR1;HCN1;CLSTN2;ERBB3;SYN3;P2RX7;ARHGEF9;DMD;CHRNA6;LRRC7;CABP1;PRRT1;EPHA7;CLSTN3;CSPG5;NSF;GPM6A;CPT1C;GABRR1;KCNJ4;SLC8A2;GPHN;AGO2;TSC1;PRRT2;CDH1;GRIK1;CACNG7;DRD2;MAGI2;USP8;EGLN1;GPSM2;P2RX4;KCNC3;PJA2;SRGAP2;SNX14;UBE3B;SLC9A5;ADD3;GRIN3B;ARHGEF15;SSPN;APBA3;NOS1;NEFH;NEFM;PRICKLE1;NTRK3"
"GOCC_POSTSYNAPTIC_ACTIN_CYTOSKELETON",0.515558540407432,1,-0.497989068194281,-0.960563996748496,2302,9,"ITPKA;ACTB;CTTNBP2;MYO9B;ACTN4"
"GOCC_POSTSYNAPTIC_CYTOSKELETON",0.999765643309116,1,-0.168114599019267,-0.359609207818222,4265,14,"ITPKA;ACTB;CTTNBP2;MYO9B;ACTN4;CTTN;MYH10;KPTN;INA;SPTBN2;ITSN1;NEFM;NEFH;NEFL"
"GOCC_POSTSYNAPTIC_CYTOSOL",0.999831791421362,1,0.16002386591513,0.379383428884947,5943,29,"SENP7;PRKCG;PLCB1;KIF5A;PIAS3;HTT;DAG1;PIAS1"
"GOCC_POSTSYNAPTIC_DENSITY_INTRACELLULAR_COMPONENT",0.838879578644961,1,-0.330015525622151,-0.750401399492736,3503,18,"TNIK;PTK2B;TANC1;GRIA1;FABP5;SLC30A1"
"GOCC_POSTSYNAPTIC_DENSITY_MEMBRANE",0.909198461993493,1,0.275252307097593,0.809979048554854,6147,123,"NLGN4Y;GRIA2;LRRTM2;IQSEC3;LRFN5;ADRA2A;CACNG3;SLC16A7;CRHR1;LRRC4C;ASIC2;SLITRK3;SLITRK1;SYNDIG1;NSG2;ERBB4;GRM5;GRIN1;CACNA1C;NRCAM;GRIN2C;GRID1;CACNG8;ADCY1;LRRC4;GRM1;EPHA4;SEMA4F;CLSTN2;PRRT1;EPHA7;CLSTN3;PRRT2;GRIK1;CACNG7"
"GOCC_POSTSYNAPTIC_EARLY_ENDOSOME",0.820367132867133,1,-0.412652462559827,-0.699591529232732,3753,5,"SNX6;SNX27;VPS26B;GRIPAP1;EEA1"
"GOCC_POSTSYNAPTIC_ENDOCYTIC_ZONE",0.169286359530262,1,0.690896061551763,1.27232842738276,936,9,"GRIA2;HIP1R"
"GOCC_POSTSYNAPTIC_ENDOSOME",0.989776046738072,1,-0.230225552294145,-0.541559644127108,4065,21,"AKAP5;TFRC;MKLN1;SNX6;PIK3C3;ABHD17A;ANP32E;RAB11FIP3;AP3M1;RAB11A;AGAP1;ABHD17B;SNX27;VPS26B;NSG1;GRIPAP1;EEA1;SH3GL3;STX12;CLSTN1;ZDHHC2"
"GOCC_POSTSYNAPTIC_ENDOSOME_MEMBRANE",0.972912469218715,1,-0.266872647146739,-0.514766835134849,4345,9,"AKAP5;TFRC;MKLN1;ABHD17A;ANP32E"
"GOCC_POSTSYNAPTIC_MEMBRANE",0.994752722025449,1,0.242075432825012,0.77512114259934,7582,301,"NLGN4Y;CHRM2;GLRA3;GRIA2;RPH3A;CHRNB3;P2RX1;C1QA;IL1RAPL1;LRRTM2;CHRNG;GABRA1;COL13A1;IQSEC3;GABRA2;FAIM2;LRFN5;TACR1;PTCH1;FLRT3;LRRTM1;ADRA2A;PCDHB13;GABRB2;CACNG3;SHISA8;VWC2;SLC16A7;CRHR1;LRRC4C;ASIC2;SLITRK3;SLITRK1;SYNDIG1;NSG2;GRM7;ERBB4;GRM5;KCNC1;GRIN1;NRP1;CHRNA3;SUSD4;CACNA1C;CADPS2;CHRM4;NRCAM;GRIP1;SLC8A3;ABHD6;TAMALIN;IGSF9B;NAPEPLD;GRIN2C;GRID1;KCTD16;PCDH8;CACNG8;ADCY1;SYNE1;LRRC4;GRM1;EPHA4;KCND1;SEMA4F;HCN1;CLSTN2;ERBB3;DMD;CHRNA6;LRRC7"
"GOCC_POSTSYNAPTIC_RECYCLING_ENDOSOME",0.987194145895266,1,-0.23013666898309,-0.466818497462337,4316,11,"AKAP5;TFRC;ABHD17A;RAB11FIP3;AP3M1;RAB11A;ABHD17B;SNX27;VPS26B;STX12;ZDHHC2"
"GOCC_POSTSYNAPTIC_RECYCLING_ENDOSOME_MEMBRANE",0.99315522190329,1,-0.230092253059019,-0.405061043180254,4497,6,"AKAP5;TFRC;ABHD17A;RAB11FIP3;ABHD17B;ZDHHC2"
"GOCC_POSTSYNAPTIC_SPECIALIZATION",1,1,-0.178314324311521,-0.632049904983209,2092,382,"RAPSN;CACNG2;SORCS2;HTR5A;ADGRA1;NTRK2;KCNK2;GPER1;CDH10;GABRG2;DMTN;LRRTM3;SORCS3;SLC8A1;SHANK1;INSYN2A;RGS7BP;FRMPD2;DISC1;GABRB1;GRIA3;DNM3;CHRNA9;GRM3;GSG1L;CPEB1;NEURL1;DLG2;LZTS1;KALRN;KCND2;GABRA4;LRFN2;KCND3;USP50;SHISA7;ARC;BAALC;KCNH1;IQSEC2;SPOCK1;DAGLA;LYN;SHISA9;NLGN4X;CHRNA10;PRKN;TNIK;GRIK2;ADGRB1;ADGRB3;PTK2B;PLPPR4;ZDHHC15;TANC1;ASIC1;GRIA1;ELFN2;CRTAC1;FABP5;CPEB4;MPP2"
"GOCC_POSTSYNAPTIC_SPECIALIZATION_INTRACELLULAR_COMPONENT",0.926007326007326,1,-0.291074426779404,-0.697554695279557,3791,23,"LYN;TNIK;PTK2B;TANC1;GRIA1;FABP5;SLC30A1"
"GOCC_POSTSYNAPTIC_SPECIALIZATION_MEMBRANE",0.9998552403011,1,0.215499315002067,0.646223338802119,6906,149,"NLGN4Y;GRIA2;LRRTM2;GABRA1;IQSEC3;GABRA2;LRFN5;LRRTM1;ADRA2A;GABRB2;CACNG3;SLC16A7;CRHR1;LRRC4C;ASIC2;SLITRK3;SLITRK1;SYNDIG1;NSG2;ERBB4;GRM5;GRIN1;CACNA1C;NRCAM;GRIN2C;GRID1;CACNG8;ADCY1;LRRC4;GRM1;EPHA4"
"GOCC_POTASSIUM_CHANNEL_COMPLEX",0.876162790697674,1,-0.272831838637526,-0.832807367048969,3013,90,"KCNE4;KCNK2;KCNA2;KCNJ8;KCNQ3;KCNMB3;KCNMB1;ABCC8;DLG2;KCNMB2;KCNQ1;KCND2;KCNIP3;KCND3;KCNF1;KCNV1;KCNH1;KCNV2;GRIK2;KCNAB1;DPP6;KCNA7;KCNG1"
"GOCC_PRC1_COMPLEX",0.848197973758512,1,0.315912182185531,0.762817173045953,5106,32,"SAMD11;YAF2;BMI1;BCORL1;CBX7;CBX4;PHC2"
"GOCC_PRE_SNORNP_COMPLEX",0.863646457916944,1,-0.36964409789238,-0.673645374582857,3888,7,"ZNHIT6;TAF9;NUFIP1;NOP56;NOP58;PIH1D1;ZNHIT3"
"GOCC_PRECATALYTIC_SPLICEOSOME",0.987609124190369,1,-0.238381380480296,-0.700461709689392,3506,69,"LSM8;TXNL4B;SF3A3;SNRPB2;LSM6;CENATAC;PRPF38B;PRPF31;RBM42;SNRNP48;SMU1;PRPF4;ZMAT2;SNRPG;RBMX2;PRPF3;SNRPA1;SF3B5;SNRNP40;SART1;DDX23;MFAP1;SF3B4;PRPF6;PHF5A;SNRNP27;EFTUD2;LSM2;SF3A2;SNRNP200;LSM3;BUD13;USP39;PDCD7;CWC22;SNRPB;PRP4K;SNRPD3;SF3B3;TXNL4A;PRPF8;SNRPC"
"GOCC_PREFOLDIN_COMPLEX",0.441261381301355,1,-0.572738352015064,-1.04376762372515,1986,7,"PFDN1;PFDN6;PDRG1"
"GOCC_PRERIBOSOME",0.256317689530686,1,-0.347977362094862,-1.08460003144279,851,106,"UTP14C;RPF1;RRP1;DHX37;FBLL1;UTP14A;MRTO4;RIOK2;MAK16;EBNA1BP2;NOL6;NOP9;BOP1;NOC4L;NOP14;IMP3;RRP1B;RIOK1;PPAN;PNO1;RCL1;TSR1;FTSJ3;EMG1;WDR36;UTP20;ZNF622;PES1;WDR3;RRP9;UTP15;NIP7;HEATR1;IMP4;UTP4;RRP15;NOL7;WDR46;DNTTIP2;FCF1;UTP11;NGDN;FSAF1;RPS19BP1;UTP6;DCAF13;NOC2L;BYSL;BMS1;WDR74;RRS1"
"GOCC_PRERIBOSOME_LARGE_SUBUNIT_PRECURSOR",0.0627973358705994,1,-0.656421078822835,-1.44674478926292,263,16,"RPF1;MRTO4;MAK16;EBNA1BP2;BOP1;PPAN;FTSJ3;ZNF622;PES1;NIP7;RRP15;NOC2L;WDR74;RRS1"
"GOCC_PRERIBOSOME_SMALL_SUBUNIT_PRECURSOR",0.20810874150457,1,-0.570202451060946,-1.21970401689228,887,14,"RRP1;RIOK2;NOP9;NOC4L;NOP14;RRP1B;RIOK1;FTSJ3;UTP20;BYSL;SLX9"
"GOCC_PRESPLICEOSOME",0.970256656272487,1,-0.265562248995984,-0.593014026009495,4044,17,"U2AF2;SNRPG;LUC7L;DDX42;SF3A2;SNRPB;SNRPC;PRPF39;LSM7;PRPF40A;LUC7L2;LUC7L3;SNRNP70;SF3A1;SF3B1;PRPF40B;SNRPN"
"GOCC_PRESYNAPSE",1,1,0.215303353253295,0.720928036665048,8504,647,"UNC13C;SLC40A1;CHRM2;GAD1;GLRA3;RPH3A;KCNA1;ATP6V1B1;CHRNB3;CNGB1;CABP4;P2RX1;C1QA;GAD2;SYNGR4;SLC18A1;CNTN6;CYP46A1;SLC6A2;GABRA2;SLC1A2;SNAP25;SPHK1;S1PR4;SLC32A1;STX11;RAB27B;TULP1;PPFIA2;CACNB4;FLRT3;NOG;ATP2B3;ADRA2A;NPY;SLC6A1;EGFLAM;STX19;CRHBP;SENP7;CDK5R2;NRXN3;SYNDIG1;NTS;SV2C;GRM7;PRKCG;NEFL;SLC30A3;ERBB4;ATP2B4;KCNC1;GRIN1;DOC2A;CHRNA3;PDE2A;PPFIA4;CADPS2;CDH8;NGF;APBA1;SLC8A3;SYT12;GPR151;NPFF;DGKI;NAPEPLD;RNF112;SNCAIP;SYPL2;ITSN2;GRAP;PHF24;PTPRN;SYT6;PPFIBP2;NRXN2;KCTD16;KIRREL3;BAIAP3;VAMP1;PRKCB;TNN;PCDH8;ADCY1;CASR;MX1;ADCY8;EPHA4;ANO1;SRCIN1;SLC4A10;CPLX1;SVOP;EFNB1;IL31RA;DMXL2"
"GOCC_PRESYNAPTIC_ACTIVE_ZONE",0.525807933833665,1,0.342249408077318,0.963262603103015,3432,85,"UNC13C;GAD1;P2RX1;SLC32A1;STX11;PPFIA2;ADRA2A;EGFLAM;STX19;NRXN3;GRM7;ATP2B4;PPFIA4;APBA1;PPFIBP2;NRXN2;ADCY8;HCN1"
"GOCC_PRESYNAPTIC_ACTIVE_ZONE_CYTOPLASMIC_COMPONENT",0.968830560112491,1,-0.269547086760107,-0.576580587914334,4133,14,"ERC1;RIMS3;BSN;CTBP1;OSBPL2;RIMS1;CTNNB1;STXBP1;ERC2;PCLO;CTNNA2;RIMS2;PPFIA3;GUCY1B1"
"GOCC_PRESYNAPTIC_ACTIVE_ZONE_MEMBRANE",0.888540290620872,1,0.302000027750397,0.744771129488158,5380,36,"P2RX1;STX11;ADRA2A;STX19;NRXN3;ATP2B4;APBA1;NRXN2;HCN1;GPM6A;CACNA2D2;FZD3"
"GOCC_PRESYNAPTIC_CYTOSOL",0.998486122792262,1,0.194136737609626,0.460257979431262,5935,29,"SENP7;PRKCG;PRKCB;PIAS3;HTT;SH3GL2;PIAS1;PPT1;ANKS1B;ARL6IP5"
"GOCC_PRESYNAPTIC_ENDOCYTIC_ZONE",0.635467980295567,1,-0.463765415299954,-0.871639469122195,2837,8,"SNAP91"
"GOCC_PRESYNAPTIC_ENDOSOME",0.486008506827849,1,-0.512311043805132,-0.988189450825183,2170,9,"VAMP4;PIK3C3;RAB7A;AP3D1;VAC14;RABGEF1;VTI1B;RAB11A"
"GOCC_PRESYNAPTIC_MEMBRANE",0.801622313931977,1,0.28554090551064,0.871518532370377,5632,175,"UNC13C;GLRA3;KCNA1;P2RX1;C1QA;GAD2;CNTN6;SLC6A2;SLC1A2;SNAP25;STX11;PPFIA2;FLRT3;ATP2B3;ADRA2A;STX19;NRXN3;ERBB4;ATP2B4;KCNC1;GRIN1;CHRNA3;PDE2A;CADPS2;APBA1;GPR151;NAPEPLD;SNCAIP;NRXN2;KCTD16;VAMP1;PCDH8;CASR;ADCY8;EPHA4;EFNB1;IL31RA"
"GOCC_PROCENTRIOLE_REPLICATION_COMPLEX",0.933760211967322,1,-0.313081406569653,-0.551157544243422,4228,6,"STIL;CEP152;CPAP;SASS6;PLK4;CEP192"
"GOCC_PRONUCLEUS",0.59593572778828,1,-0.412502895976523,-0.898095801984502,2521,15,"EED;EZH2;AKAP8;CBX1;HNRNPL;TET3;METTL23;DPPA3;CCNA2;HSF1;CENPF;AURKA;SLC2A1;TBP;RIF1"
"GOCC_PROTEASE_INHIBITOR_COMPLEX",0.585924713584288,1,0.53431561576302,0.934446970511161,3221,7,"CASP1;SERPINB6"
"GOCC_PROTEASOME_ACCESSORY_COMPLEX",0.595150624540779,1,-0.372766677560377,-0.911250811027857,2429,25,"PSMD10;PSME3;PSMC4;PSMC2;PSMD14;PSMD12;ADRM1;PSMD3;PSMD4;PSMD2;PSMC1;PSMD6;PSMD1;SEM1;PSMD11"
"GOCC_PROTEASOME_COMPLEX",0.997513812154696,1,-0.219804946817202,-0.640454747344397,3610,65,"PIPSL;PSMD10;PSME3;PSMC4;PSMC2;PSMD14;PSMD12;ADRM1;PSMD3;VCP;DNAJB2;IDE;PSMD4;PSMD2;PSMC1;UBQLN1;PSMA7;PSMB2;PSMD6;PSMD1;PSMA1;UBQLN4;SEM1;PSMA5;PSMB1;PSMB5;PSMB7;PSME4;PSMD11;TXNL1;UCHL5"
"GOCC_PROTEASOME_CORE_COMPLEX",0.761921097770154,1,0.366718045122003,0.797699930093158,4441,19,"PSMB9;PSMB8;PSMB4;PSMA8;PSMA2;PSMA3;PSMF1;PSMB10;PSMA6;PSMA4;PSMB6;PSMB3;PSMB7;PSMB5;PSMB1;PSMA5;PSMA1;PSMB2;PSMA7"
"GOCC_PROTEASOME_CORE_COMPLEX_ALPHA_SUBUNIT_COMPLEX",0.584639498432602,1,-0.483506324817261,-0.908742183822311,2610,8,"PSMA7;PSMA1;PSMA5;PSMA4;PSMA6"
"GOCC_PROTEASOME_CORE_COMPLEX_BETA_SUBUNIT_COMPLEX",0.556563500533618,1,0.499877209286428,0.942292886866299,3128,10,"PSMB9;PSMB8"
"GOCC_PROTEASOME_REGULATORY_PARTICLE_BASE_SUBCOMPLEX",0.603496503496504,1,-0.435474232581331,-0.896935393832847,2588,12,"PSMD10;PSMC4;PSMC2;PSMD4;PSMD2;PSMC1;PSMD1;PSMC6;PSMC3"
"GOCC_PROTEASOME_REGULATORY_PARTICLE_LID_SUBCOMPLEX",0.327362292879534,1,-0.606232715377475,-1.13940441603296,1461,8,"PSMD14;PSMD12;ADRM1;PSMD3;SEM1;PSMD11"
"GOCC_PROTEASOME_STORAGE_GRANULE",0.936481303930968,1,-0.287912410797604,-0.664821861613611,3906,19,"PSME3;PSMD2;PSMA7;PSMB2;PSMD1;PSMA1;PSMA5;PSMB1;PSMB5;PSMB7;PSMB3;PSMB6;PSMA4;PSMA6"
"GOCC_PROTEIN_COMPLEX_INVOLVED_IN_CELL_ADHESION",0.471734270201214,1,0.376817423137631,0.987320714765114,2953,51,"ITGAX;CD80;ITGAM;TSPAN32;VTN;ITGA8;ITGA10;ITGB2;MMRN1;IZUMO1;TNXB;TNN;EMILIN1;LAMA2;LAMB1;JAM2;LGALS1;ITGB4;ITGA2B;LAMB2"
"GOCC_PROTEIN_COMPLEX_INVOLVED_IN_CELL_CELL_ADHESION",0.858828671328671,1,-0.385633669021682,-0.653785140553703,3929,5,"GLIPR1L1"
"GOCC_PROTEIN_COMPLEX_INVOLVED_IN_CELL_MATRIX_ADHESION",0.465332873404622,1,0.476607869184008,1.00311888856893,2697,16,"VTN;MMRN1;TNXB;TNN;EMILIN1;LAMA2;LAMB1;LAMB2;LAMC1;MMRN2;NID1"
"GOCC_PROTEIN_DNA_COMPLEX",0.999308245711123,1,0.22558403203673,0.701571251097963,7222,214,"H2BC19P;H4C2;NKX2-5;H4C6;H2AB3;H2BW2;H2AC7;H1-1;HHEX;H2BC8;H3C12;NFE2;H2BC14;H4C3;TREX1;H2BC3;H3C13;H2AC12;LEF1;H2AC13;H2BC10"
"GOCC_PROTEIN_FOLDING_CHAPERONE_COMPLEX",0.376389624139756,1,-0.372515724172714,-1.03221533648741,1421,48,"PIH1D2;SPAG1;DNAJC2;BAG2;DNAJB11;HSPA8;PFDN1;SDF2L1;RPAP3;BAG3;STUB1;PPP5C;DNAJC9;HSP90AA1;CCT2;PFDN6;PDRG1;CCT7;CDC37;PSMG1;CCDC47;CCT3;RUVBL1;STIP1;CCT6A"
"GOCC_PROTEIN_KINASE_COMPLEX",1,1,0.189321596180774,0.575298832071647,6964,169,"PRKY;PRKACG;PYDC1;PSG9;CCNO;IRAK2;CDK5R2;INSR;NEK10;TGFB1;CCNI2;CDK17;CDK6;TRAF3;CAB39L;CCNG2;TAB1"
"GOCC_PROTEIN_LIPID_COMPLEX",0.00828682563842381,1,0.67925610935508,1.58502339726782,48,27,"APOC4;APOA5;APOA2;SAA1;CETP;APOA1"
"GOCC_PROTEIN_PHOSPHATASE_4_COMPLEX",0.826048951048951,1,-0.407557511193454,-0.690953788903603,3779,5,"PPP4R1;PPP4C;PPP4R3B;PPP4R2;PPP4R3A"
"GOCC_PROTEIN_PHOSPHATASE_TYPE_1_COMPLEX",0.74572541052988,1,0.358701176727543,0.814155284270959,4404,23,"PPP1R3G;PPP1R3C;PPP1R3F"
"GOCC_PROTEIN_PHOSPHATASE_TYPE_2A_COMPLEX",0.97294709121379,1,-0.264158021966233,-0.600652193550585,4063,18,"PPP2R2A;NKD1;PPP2R2B;IER5;PPP2R1B;PPP2R2D;PPP2CB;PPP2CA;PPP2R5B;PPP2R5E;PPP2R5D"
"GOCC_PROTON_TRANSPORTING_ATP_SYNTHASE_COMPLEX",0.963203463203463,1,-0.268644035067393,-0.627057222988734,4004,20,"ATP5MC3;ATP5MK;ATP5PB;ATP5MG;ATP5F1B;ATP5MJ;ATP5F1D;ATP5PF;ATP5ME;ATP5F1E;ATP5MC1;ATP5F1C;ATP5F1A;ATP5MC2;MT-ATP6;ATP5PO;MT-ATP8;ATP5MF;ATP5PD;DMAC2L"
"GOCC_PROTON_TRANSPORTING_TWO_SECTOR_ATPASE_COMPLEX",0.881402488285668,1,0.296558050216694,0.765631211673386,5454,47,"ATP6V1B1;ATP6V1C2;DMAC2L;ATP5PD;ATP5MF;VMA22;RNASEK;MT-ATP8;ATP6V1A;ATP5PO;MT-ATP6;ATP6V0E1;ATP5MC2;ATP5F1A;ATP6V0D1;ATP6AP1;ATP6V1H"
"GOCC_PROTON_TRANSPORTING_TWO_SECTOR_ATPASE_COMPLEX_CATALYTIC_DOMAIN",0.396183473389356,1,0.540335892380359,1.06577777335173,2262,12,"ATP6V1B1;ATP6V1C2"
"GOCC_PROTON_TRANSPORTING_TWO_SECTOR_ATPASE_COMPLEX_PROTON_TRANSPORTING_DOMAIN",0.653152097492383,1,-0.403644928375613,-0.863425507242006,2786,14,"ATP5MC3;ATP6V0A2;ATP6V0A4;TCIRG1;ATP6V0A1;ATP6V0B;ATP6V0C;ATP6V0E2;ATP6AP2;ATP5MC1;ATP6V0D1;ATP5MC2;ATP6V0E1;RNASEK"
"GOCC_PROTON_TRANSPORTING_V_TYPE_ATPASE_COMPLEX",0.530323450134771,1,0.410167914545355,0.952734800922978,3147,26,"ATP6V1B1;ATP6V1C2"
"GOCC_PROTON_TRANSPORTING_V_TYPE_ATPASE_V0_DOMAIN",0.710038874914247,1,-0.403598177746892,-0.818674815042991,3104,11,"ATP6V0A2;ATP6V0A4;TCIRG1;ATP6V0A1;ATP6V0B;ATP6V0C;ATP6V0E2;ATP6AP2;ATP6V0D1;ATP6V0E1;RNASEK"
"GOCC_PROXIMAL_DENDRITE",0.493954321540528,1,-0.524160166284907,-0.985150410105674,2205,8,"MAP2;GRIA1;SLC1A1;PPP5C;GSK3A;KCNB1"
"GOCC_PRP19_COMPLEX",0.535036325287087,1,-0.440403735532398,-0.942055237194722,2282,14,"HSPA8;U2AF2;PLRG1;CTNNBL1;BCAS2;CRNKL1;PRPF19;CWC15;XAB2"
"GOCC_PSEUDOPODIUM",0.531116063775073,1,0.446693994659857,0.951856458188079,3097,17,"KLHL41;ARRB1;ACTN3;F2RL1;MYOZ1"
"GOCC_PTW_PP1_PHOSPHATASE_COMPLEX",0.717196596506941,1,-0.429415170816445,-0.807078749676442,3202,8,"PPP1CA;TOX4;WDR82;PRR3;PPP1CC;PPP1R12A;PPP1R10;PPP1CB"
"GOCC_PWP2P_CONTAINING_SUBCOMPLEX_OF_90S_PRERIBOSOME",0.61264388817833,1,0.541097589498526,0.918787619074145,3352,6,"PWP2;TBL3;UTP18;UTP6;WDR3;WDR36"
"GOCC_PYRUVATE_DEHYDROGENASE_COMPLEX",0.775050009092562,1,0.440533535019137,0.770434580354437,4261,7,"PDK2;PDK1;PDHB"
"GOCC_R2TP_COMPLEX",0.52381993006993,1,-0.57682960947349,-0.97792972346499,2396,5,"PIH1D2;RPAP3"
"GOCC_RAD17_RFC_LIKE_COMPLEX",0.71875,1,-0.475412999845608,-0.805992785105188,3288,5,"RFC3;RFC2;RFC4;RAD17;RFC5"
"GOCC_RADIAL_SPOKE",0.287359078915807,1,-0.509381151409224,-1.13747405179983,1197,17,"RSPH14;CFAP61;DYDC1;DNAJB13;IQUB;RSPH4A"
"GOCC_RADIAL_SPOKE_HEAD",0.448328267477204,1,-0.65720050292363,-1.06867280904367,2064,4,"RSPH4A;RSPH1"
"GOCC_RAGULATOR_COMPLEX",0.916133747487667,1,0.361176515999537,0.61328033545345,5013,6,"LAMTOR3;LAMTOR2;LAMTOR1;LAMTOR5;SLC38A9;LAMTOR4"
"GOCC_RDNA_HETEROCHROMATIN",0.978437154441578,1,0.290597266451272,0.476291841912924,5308,5,"SIRT1;NOP53;SUV39H1;BAZ2A"
"GOCC_RECEPTOR_COMPLEX",0.999497865930203,1,0.227457946575841,0.743938625483565,7961,418,"ZAP70;ITGAX;GPRC5D;IL2RG;TRGV3;PKD2L1;GPR101;IL5RA;IL3RA;GRIA2;CRLF2;TRGV5;CHRNB3;ACKR1;ABCG5;KLRD1;ACVRL1;IL1RL1;PSG9;CHRNG;OLR1;ITGAM;TSPAN32;GPRC5A;IL7;LTK;CUBN;GABRA1;ITGA8;CD36;ITGA10;GPR37L1;TRPV3;P2RX2;GABRA2;LTB;PTH1R;ITGB2;GP5;IL37;CNTFR;IL1A;IL23A;ADRA2A;GABRB2;CACNG3;SHISA8;VWC2;EBI3;NR3C2;HJV;CSF2RA;AMN;GRM7;TF;ERBB4;IL22RA1;GPR62;GRIN1;INSR;NRP1;MPL;CHRNA3;ROR2;GABRP;CMKLR1;ABHD6;IL15;CD8B;RET;B2M;TGFB1;GRIN2C;GPR61;TLR6;AMHR2;GPR37;GFRA2;GRID1;CR1L;TRAV18;KCTD16;TAS1R3;CR2;CALCR;AHR;EMILIN1;CACNG8;PLXNA3;TRAF3"
"GOCC_RECYCLING_ENDOSOME",1,1,0.146823478821953,0.455513638789892,7234,207,"CD274;ACKR1;PLA2G5;LTF;OR2A4;REP15;ACKR3;DENND6B;ATG9B;SLC39A4;TF;INPP5F;HLA-H;SGK3;SLC26A7;SLC9A9;SNX32;B2M;CFTR;BAIAP3;AVL9;ABCG1;ZDHHC2;HLA-A;FCHSD2;NTRK1;HLA-F;ATP11A;HLA-G;BACE1;OPTN;CLTCL1;SORL1;HLA-B;SLC9A5;VPS16;MYO5B;CACFD1;RAB11FIP1;VPS51;STX12;VPS52;VPS13B;RAB17;TPP1;INPP4A;VAMP8;STX7;SLC31A2;ANK2;SLC9A7;VPS50;LZTR1;RAB8B;MYO5A;ACKR2;ARFGEF2"
"GOCC_RECYCLING_ENDOSOME_MEMBRANE",1,1,-0.130895435231693,-0.407983991583077,3323,106,"SLC36A2;SORCS2"
"GOCC_REPLICATION_FORK",1,1,-0.186273643464272,-0.55671643673718,3513,78,"RPA4;RADX;TEX264;MMS22L;WRN;TYMS;NBN;DMAP1;POLA1;RAD51C;H2AX;PLRG1;RFC3;ERCC5;CHEK1;RTF2;BCAS2;PRPF19;SMARCAD1;PRIM2;RAD18;PCNA;DONSON;UHRF1;HELB;PRIMPOL;HMCES;CARM1;BAZ1B"
"GOCC_REPLISOME",0.4532744665195,1,-0.412369522969596,-0.996565968452269,1847,24,"RPA4;POLA1;PLRG1;ERCC5;BCAS2;PRPF19;PRIM2;PCNA;DONSON;HELB"
"GOCC_RESPIRATORY_CHAIN_COMPLEX",0.996866139382182,1,0.233146908898566,0.676656021000494,6679,108,"COX4I2;NDUFA4L2;NDUFC2-KCTD14;COX6B2"
"GOCC_RESPIRATORY_CHAIN_COMPLEX_III",0.211945154543342,1,-0.582096304375417,-1.22310530164817,911,13,"UQCRHL"
"GOCC_RESPIRATORY_CHAIN_COMPLEX_IV",0.159484221241941,1,0.568108739068793,1.26480054248587,939,21,"COX4I2;NDUFA4L2;COX6B2"
"GOCC_RETROMER_COMPLEX",0.993062605752961,1,0.237457031400873,0.533743157983484,5868,22,"SNX32;DENND4C;DENND5A;VPS35;VPS26B;SNX27;SNX5;VPS26A;ENTR1;SNX3;ANKFY1;SNX2;TRIM27;MAGEL2;SNX8;VPS29;SNX12;RAB7A;TBC1D5;SNX6;DCTN1;SNX1"
"GOCC_RETROMER_TUBULATION_COMPLEX",0.962587541467011,1,0.317991004421212,0.521190453912671,5222,5,"SNX32;SNX5"
"GOCC_RIBBON_SYNAPSE",0.704446381865737,1,0.408937566225963,0.833746376748022,4039,14,"SNAP25;EGFLAM;CPLX3;DAG1;SH3GL2"
"GOCC_RIBONUCLEASE_MRP_COMPLEX",0.88041958041958,1,-0.337670360217752,-0.695491202159761,3776,12,"C18orf21;RPP25;RPP40;POP5;RPP30;RPP14;POP1;POP7;RPP38;POP4;NEPRO;RPP25L"
"GOCC_RIBONUCLEASE_P_COMPLEX",0.502460745254277,1,-0.453790380370059,-0.970690232450925,2143,14,"RPPH1;RPP21;RPP25;HSD17B10;RPP40;POP5;RPP30;TRMT10C;RPP14;POP1"
"GOCC_RIBONUCLEOPROTEIN_COMPLEX",1,1,-0.130754558620134,-0.482964270376429,1404,711,"UTP14C;GJD2-DT;RBMXL2;TTC9-DT;TERC;ERG;SPACA6-AS1;RPL3L;PIH1D2;CPEB1;MRPL23;TRIM21;LSM8;EIF2S1;RBM41;RPPH1;EIF3C;PABPC5;MKRN3;TSSC4;WDR70;TXNL4B;GCFC2;YJU2;KIN;RPF1;RRP1;MRPL13;RPS6KL1;EEFSEC;GNL3L;LRRK2;U2AF1;DHX37;FBLL1;UTP14A;MRTO4;EIF3CL;ZRSR2;MRPS12;ZNHIT6;RIOK2;DDX3X;LSM10;ACTB;MAK16;EBNA1BP2;NOL6;MRPL19;NOP9;CELF4;SF3A3;BOP1;RBM45;NOC4L;NOP14;IMP3;RRP1B;C18orf21;RIOK1;RPL22L1;SNRPB2;EIF3J;MRPL58;HSPA8;MRPL55;PPAN;NSRP1;PNO1;RCL1;TSR1;SMG5;U2AF2;L1TD1;RBM28;SRSF1;FTSJ3;PPIL3;EIF1AX;RO60;LSM6;GPATCH1;EMG1;WDR36;RPP21;BUD31;PLRG1;CENATAC;ZNF827;NUP98;MRPL36;GRSF1;GEMIN4;MRPL24;RNF2;ELAVL2;ZC3H18;AURKAIP1;DDX1;PRPF38B;TNRC6B;CD2BP2;MRPL34;MRPS31;MRPL46;JMJD6;PA2G4;NOP10;ALYREF;UTP20;PRPF31;MRPL49;ZNF622;PES1;HNRNPU;MRPL3;WDR3;HNRNPM;RBM42;HNRNPF;RRP9;UTP15;NIP7;SNRNP48;SREK1;AAR2;SMU1;PRPF4;ZMAT2;HEATR1;IMP4;AGO1;RBMXL1;MRPS9;HNRNPAB;SNRPG;UTP4;CTNNBL1;MRPL20;SMG6;RRP15;NOL7;WDR46;BCAS2;ARMC7;DNTTIP2;CRNKL1;AGO3;FCF1;PRPF19;MRPL42;U2SURP;NHP2;NCL;UTP11;PPIL2;NGDN;MRPS6;FSAF1;RBMX2;RPS19BP1;UTP6;DHX38;PRPF3;HNRNPA3;MRPL43;RBM17;SF1;HNRNPD;DCAF13;MRPS26;NOC2L;LUC7L;MRPL4;API5;ACTN4;BYSL;SRRT;SNRPA1;ERI1;BMS1;DHX8;SF3B5;WDR74;RRS1;CWC15;ACD;C9orf78;SSB;MRPS5;PPIH;MRPS10;DHX29;MPHOSPH10;DDX46;TAF9;MRPS23;SLBP;MRPS22;NAT10;SNRNP40;RPP25;HNRNPH3;HNRNPLL;SLX9;TGS1;DQX1;MRPS2;SYNCRIP;MRPL32;MRPL47;EIF4A3;DDX42;MRPS18C;SRP9;DHX9;HNRNPK;SART1;NUFIP1;HSD17B10;DDX39B;JRK;DDX23;TOP2B;MRPS16;MRPS17;MFAP1;EIF4E;HNRNPR;RPS27L;NOL10;MRPL39;DDX5;RBM8A;PDCD11;HTATSF1;YY1;ZCCHC17;MRPL54;HNRNPDL;HNRNPA2B1;MRPS14;IGF2BP1;ZFP36L1;NAF1;HEXIM1;HNRNPA0;YBX1;SF3B4;LSM1;ILF2;UTP18;DAZAP1;MRPL12;MRPS18A;UPF1;PRPF6;PHF5A;RBMX;XAB2;PPWD1;SNRNP27;RUVBL1;SRFBP1;MRPL18;EFTUD2;PTCD3;ZC3H14;ESRP2;MAGOH;IVNS1ABP;TEFM;NVL;MRPL50"
"GOCC_RIBONUCLEOPROTEIN_GRANULE",1,1,0.166000691038748,0.557049425493668,8547,674,"DDX3Y;SRY;HSF4;PDX1;TCIM;POU4F2;HSPB7;SEL1L2;NANOS3;ANKRD34C;TDRD1;ZC3H12D;ANG;FAM107A;RBFOX1;LPXN;GSC;RBM20;CACNB4;MEOX2;NFATC4;BCL6;ANKRD34B;APOBEC3H;MECOM;TCP11L2;FAM76A;APOBEC3G;HSPB6;IL15;IFI16;PIWIL2;TNRC6C;SNCAIP;PLCB1;ZNF446;APOBEC3D;PARP12;ANKRD34A;PLAG1;SERPINB1;APOBEC3B;GCNT1;SFMBT2;PABPC3;SYNE1;MAP1LC3C;LHPP;NRIP1;FLG;HBP1;WHR1;KHNYN;POLI;PABPC1L2A;HDAC5;TRIM25;MAML3;U2AF1L4;CBX4;DENND1B;HELZ"
"GOCC_RIBOSOMAL_SUBUNIT",0.537772087067862,1,0.316838490043858,0.96788440416992,3779,177,"RPS4Y1;RPSA2;RPL9;RPL13A;RPS28;RPS15A;RPL37A;RPL30;RPS27;RPL31;RPL18A;RPS4X;RPL4;RPL38;RPL3;RPL22;RPLP2;RPS3A;RPS16;RPL32;RPL17;RPL7A;RPL21;RPL37;RPL15;RPL36A;RPL23;RPS10;RPL5;RPS19;RPL39;RPL29;RPS24;RPS2;RPS3;RPS20;RPS18;RPS9;RPL18;RPS8;MRPL10;RPL26;RPS17;RPS11;RPL7;RPL34;RPS7;RPL11;RPL10;RPL35;RPL27A;RPS6;RPSA;RPS12;MRPL53;RACK1;RPL27;RPLP0;RPLP0P6;RPL36;RPS29;MRPS28;RPL23A;RPL10A;RPS27A;RPS5;FAU;MRPL28;RPLP1;RPS15;RPL12;MRPL35;RPL8;RPS13;RPL24;RPS25;RPL28;RPS23;RPL41;MRPL17;RPL6;RPS26;RPL14;RPS21;RPL39L"
"GOCC_RIBOSOME",0.997661623108666,1,0.232372973016573,0.725669181142932,7252,223,"RPS4Y1;RPSA2;DAZL;EIF2AK4;RPL9;RPL13A;RPS28;RPS15A;RPL37A;EEF1A1;RPL30;RPS27;RPL31;RPL18A;RPS4X;RPL4;RPL38;RPL3;RPL22;RPLP2;RPS3A;RPS16;EEF2;RPL32;RPL17;RPL7A;RPL21;RPL37;RPL15;RPL36A;RPL23;RPS10;RPL5;RPS19;RPL39;RPL29;RPS24;RPS2;RPS3;RPS20;RPS18;RPS9;RPL18;RPS8;MRPL10;RPL26;RIOK3;RPS17;RPS11;RPL7;RPL34;RPS7;RPL11;RPL10;RPL35;RPL27A;RPS6;RPSA;RPS12;MRPL53;RACK1;RPL27;RPLP0;RPLP0P6;RPL36;RPS29;MRPS28;RPL23A;RPL10A;RPS27A;RPS5;FAU;MRPL28;RPLP1;RPS15;RPL12;MRPL35;RPL8;RPS13;RPL24;RPS25;RPL28;RPS23;RPL41;MRPL17;RPL6;RPS26;EIF2AK2;FXR1;RPL14;RPS21;RPL39L"
"GOCC_RIPOPTOSOME",0.961629387161302,1,0.304942336560874,0.533303602165889,5287,7,"CASP8;RIPK3;CFLAR"
"GOCC_RISC_LOADING_COMPLEX",0.973988439306358,1,0.28079521327929,0.50565334861144,5391,8,"AGO2;AGO4;TARBP2;PRKRA;DICER1;DHX9;AGO3;AGO1"
"GOCC_RIXOSOME_COMPLEX",0.511436819897846,1,-0.538549346845991,-0.981461028475681,2302,7,"TEX10;SENP3;PELP1;LAS1L;NOL9"
"GOCC_RNA_CAP_BINDING_COMPLEX",0.644436824961426,1,0.409402168451405,0.87239162087552,3758,17,"NCBP2L;EIF4EBP3;EIF4E1B;EIF4B;EIF4A2"
"GOCC_RNA_DECAPPING_COMPLEX",0.863329069979901,1,0.398926930945304,0.677380812964775,4724,6,"XRN1;DCP1B;DCP2;DDX6;EDC4;EDC3"
"GOCC_RNA_N6_METHYLADENOSINE_METHYLTRANSFERASE_COMPLEX",0.963869197347359,1,-0.27441896378658,-0.556642489508856,4214,11,"VIRMA;ZC3H13;RBM15;RBM15B;TRMT112;METTL3;WTAP;METTL4;CBLL1;METTL5;METTL14"
"GOCC_RNA_POLYMERASE_COMPLEX",0.99775617053104,1,0.228251235186034,0.65879486345362,6669,103,"GTF2A1L;POLR2J3;POLR2J2;TAF10;POLR3GL;GTF2A1;GTF2H1;ATXN7L3;POLR3D;POLR1H;TBP;RTF1;TAF4B;TCEA1;POLRMT;POLR2I;POLA2;GTF2B;TAF7;TAF8;POLR1F;CDK7;GTF2H2C;MMS19;CRCP;GTF2H2;GTF2F1;TERT;TAF6L;POLR2C;POLR2H;PRIM1;POLR3F;KAT2A;TAF4;TADA3;POLR2D;MCM3;GTF2H4;POLR2A;POLR1E;RPAP1;POLR1D;GTF2A2;POLR3B;TAF9B;TAF2;GTF2H3;POLR2E;ERCC3;ZNFX1;TAF6;TENT2;ATXN7;TAF13;POLR2K;CTR9;USP22;ERCC2;TAF11;TAF3;GTF2H5;LEO1;POLR3A;POLR2L;SKIC8;GTF2E2;TAF12;PRIMPOL;TUFT1;SUPT3H;TAF1;TAF9;GTF2F2;MYZAP;POLR3C;PRIM2;POLR2B;CCNH;TRRAP;TBPL1;POLR1C;CDC73;TAF5;POLR2F;POLR1G;POLR2J;PEX2;POLR2M;POLA1;MNAT1;GTF2E1;PAF1;TAF5L;POLR3K;POLR2G;ENY2;POLR1A;POLR3G;POLR3E;POLR1B;TAF7L;POLR3H"
"GOCC_RNA_POLYMERASE_I_COMPLEX",0.441087613293051,1,-0.487323869523589,-1.02396872124718,1897,13,"POLR1B;POLR1A;POLR1G;POLR2F;POLR1C;POLR2L;POLR2K;POLR2E;POLR1D;POLR1E"
"GOCC_RNA_POLYMERASE_I_TRANSCRIPTION_REGULATOR_COMPLEX",0.409361890041952,1,-0.616025843353177,-1.08446967430333,1853,6,"TAF1A;TAF1C;TAF1B;POLR1G"
"GOCC_RNA_POLYMERASE_II_CORE_COMPLEX",0.997771301217212,1,0.197907012666049,0.421718380768322,5819,17,"POLR2J3;POLR2J2;POLR2I;POLR2C;POLR2H;POLR2D;POLR2A;POLR2E;POLR2K;POLR2L;TUFT1;MYZAP;POLR2B;POLR2F;POLR2J;POLR2M;POLR2G"
"GOCC_RNA_POLYMERASE_II_TRANSCRIPTION_REGULATOR_COMPLEX",1,1,0.184180106255473,0.581966679939899,7416,256,"GTF2A1L;RXRG;NKX2-5;CRX;GATA4;ASCL1;NFE2;POU2AF1;MYF6;LEF1;MAFB;HAND1;MYB;STAT4"
"GOCC_RNA_POLYMERASE_II_TRANSCRIPTION_REPRESSOR_COMPLEX",0.992565055762082,1,-0.230730595371479,-0.586956780738461,4004,30,"MYC;LIN52;BIN1;MNT;TFDP1;MAX;E2F5;TFDP2;MLX;DRAP1;E2F4;DR1;ETV3;CTNNB1;DDX20;FOXO3;RBBP4;LIN9;MXD4;E2F6;CTNNBIP1;MXD3;MGA;RBL2;TBX15;LIN37;RBL1;LIN54;MXI1;MXD1"
"GOCC_RNA_POLYMERASE_III_COMPLEX",0.39789322480249,1,-0.455919218460996,-1.03668583150381,1661,18,"POLR3H;POLR3E;POLR3G;POLR3K;POLR2F;POLR1C;POLR3C;POLR2L;POLR3A;POLR2K;POLR2E;POLR3B;POLR1D"
"GOCC_RNA_POLYMERASE_III_TRANSCRIPTION_REGULATOR_COMPLEX",0.743607305936073,1,-0.400648573524302,-0.791813752676487,3256,10,"GTF3C6;BRF2;BDP1;GTF3C4;GTF3C5;GTF3C1;GTF3C2;GTF3C3;TBP;BRF1"
"GOCC_RNA_POLYMERASE_TRANSCRIPTION_FACTOR_SL1_COMPLEX",0.509396853146853,1,-0.585840838059369,-0.993206935546929,2330,5,"TAF1A;TAF1C;TAF1B"
"GOCC_RNAI_EFFECTOR_COMPLEX",0.299747687132044,1,0.470476623243062,1.11540259020381,1781,29,"MIR9-2HG;CARMN;MIR3677HG;MIR3142HG;MEG3;TNRC6C;MIR29B2CHG;XPO5;AGO2;MIR155HG"
"GOCC_ROD_PHOTORECEPTOR_OUTER_SEGMENT",0.157500456787868,1,0.75890578115531,1.28862750324854,861,6,"CNGB1;CNGA1;RD3;SPATA7"
"GOCC_ROUGH_ENDOPLASMIC_RETICULUM",0.990638766519824,1,-0.234350763827216,-0.677503421957333,3597,62,"MYOC;HGFAC;GNRH1;EPM2A"
"GOCC_ROUGH_ENDOPLASMIC_RETICULUM_MEMBRANE",0.912019826517968,1,-0.289690625703372,-0.736945513442645,3679,30,"GNRH1;EPM2A;ZC3H12A;SEC63;MACO1;SEC61A1;RP9;SRP9;CCDC47;ALG5;SUCO;PLOD1;SSR2;SEC61B;SEC61G"
"GOCC_RPAP3_R2TP_PREFOLDIN_LIKE_COMPLEX",0.448951048951049,1,-0.492776196934058,-1.01495881776645,1925,12,"ASDURF"
"GOCC_RQC_COMPLEX",0.496798410245087,1,-0.567063598358063,-0.998275125071459,2249,6,"UFD1;TCF25;VCP"
"GOCC_RSC_TYPE_COMPLEX",0.719045368620038,1,-0.377508748050047,-0.821907009970344,3042,15,"ACTL6B;ACTB;ACTL6A"
"GOCC_RUFFLE",1,1,0.133301007571934,0.408694500720139,7041,185,"MEFV;S100B;KLHL41;FAM107A;FGD2;PSD2;HIP1R;RIGI;COBL;MTSS1;ADGRE2;TESC;LAYN;CDK6;CAPG;EPS8L1;KSR1;PSD;ABCA7;CIB1;PTK6;PDPN;CDKL5;KCNN4;ARHGEF4;MYO10;TLN2;PODXL;EEF1A1;SH3YL1;CARMIL2;JCAD;ARHGEF2;RAB22A;RASGRP2;EPS8L2;TRPV4;MYO6;EPB41L5;RPS3;MYO1C;EPS8;KIF18A;MYO5A"
"GOCC_RUFFLE_MEMBRANE",1,1,0.148728077147059,0.425611212666189,6634,97,"FAM107A;FGD2;PSD2;HIP1R;RIGI;ADGRE2;TESC;EPS8L1;KSR1;PSD;ABCA7;CIB1;PDPN;CDKL5;KCNN4;ARHGEF4;EEF1A1;SH3YL1;JCAD;ARHGEF2;RASGRP2;EPS8L2;TRPV4;MYO6;EPB41L5;RPS3;MYO1C;EPS8;PSD3;TPM1;ITGAV;SNTG1;FGD5"
"GOCC_SAGA_COMPLEX",0.985304922850845,1,-0.248425909472473,-0.607292242344964,4022,25,"SUPT20HL2;ENY2;TAF5L;TADA2A;TRRAP;SF3B5;TAF9;SUPT3H;TAF12;SUPT7L;SUPT20HL1;USP22;SUPT20H;ATXN7;TAF6"
"GOCC_SAGA_TYPE_COMPLEX",0.942322481415022,1,-0.272154952758737,-0.728774167694316,3675,39,"SUPT20HL2;ENY2;TAF5L;TADA2A;TAF5;TRRAP;WDR5;SF3B5;TAF9;SUPT3H;TAF12;ZZZ3;SUPT7L;SUPT20HL1;USP22;SUPT20H;ATXN7;TAF6;MBIP;DR1;MAP3K7;TAF2;TAF9B;SF3B3;SGF29"
"GOCC_SARCOLEMMA",1,1,-0.196017398188094,-0.630408000417014,3171,137,"SGCZ;CACNG1;MYOT;PGM5;SCN1A;CAV3;KCNK2;SLC2A5;SLC8A1;CACNA2D4;KCNJ8;ABCC8;POPDC2;CAPN3;KCND3;FLNC"
"GOCC_SARCOPLASM",0.714132925897632,1,0.312178819925681,0.880271207598974,4673,86,"CLEC18B;CACNA1S;SLN;FSD2;KLHL41;JSRP1;SRL;SGCD;ITPR1;SLC8A3;RYR3;CASQ1;SYNE1;THBS4;TMEM38A;CMYA5;SLC2A4;GSN;FKBP1B;MB;ATP2A1;NOS1;TRDN;TMEM38B;ITPR2;ATP2A3;NOL3"
"GOCC_SARCOPLASMIC_RETICULUM_LUMEN",0.713098464317977,1,0.450148380350607,0.828976473789719,3946,9,"SRL;CASQ1;TRDN;HRC;HSP90B1;CALR"
"GOCC_SARCOPLASMIC_RETICULUM_MEMBRANE",0.953081575935916,1,0.275741939968877,0.693852931520104,5829,40,"SLN;KLHL41;JSRP1;SRL;RYR3;CASQ1;TMEM38A;FKBP1B;ATP2A1;NOS1;TRDN;TMEM38B;ITPR2;ATP2A3"
"GOCC_SCAR_COMPLEX",0.585639149325406,1,-0.446831135360877,-0.906370289229663,2560,11,"NCKAP1L"
"GOCC_SCF_UBIQUITIN_LIGASE_COMPLEX",1,1,0.156000573882329,0.443037404655559,6576,92,"FBXO47;FBXL17;FBXO40;FBXO24;FBXO43;NCCRP1;FBXO8;FBXO6;FBXO48;FBXW4;FBXO25;FBXO36;FBXW12;FBXL20;FBXO38;FBXL13;FBXL5;FBXO10"
"GOCC_SCHAFFER_COLLATERAL_CA1_SYNAPSE",0.987792012057272,1,0.246709105288233,0.706000934670136,6553,97,"PLG;GRIA2;LRRTM2;CACNG3;SLC16A7;LRRC4C;CDH11;NEFL;GRM5;ITPR1;APBA1;WNT5A;PCDH8;ADCY1;LRRC4;GRM1;ADCY8;EPHA4;CPLX1"
"GOCC_SCHMIDT_LANTERMAN_INCISURE",0.343699977132403,1,-0.547366460421703,-1.11030019572462,1502,11,"NCMAP;MAG;SIRT2"
"GOCC_SEC61_TRANSLOCON_COMPLEX",0.932435416206668,1,-0.314818388852434,-0.554215377986605,4222,6,"SEC61A1;SEC61B;SEC61G;SSR4;SEC61A2;ARL6IP1"
"GOCC_SECONDARY_LYSOSOME",0.754350397026525,1,0.352645426572029,0.813528200612423,4464,25,"PLA2G5;CRHBP;ADAM8"
"GOCC_SECRETORY_GRANULE",0.997361477572559,1,0.243350623292614,0.82328891242433,8693,790,"A2M;ORM1;SIRPB1;MPO;ITGAX;KRTDAP;CABS1;SERPINA1;GIP;ITIH3;KLK11;ANGPTL6;SLC11A1;CTSS;PLG;RPH3A;CYBB;TRH;P2RX1;KLK2;CHIT1;IQCF1;GMFG;ARG1;EQTN;PPBP;SERPINB12;SLC9A4;CT55;SRGN;PRSS2;SPACA1;TREML1;SLC6A5;SLC18A1;SPRR2A;OLR1;AZU1;ITGAM;MGAM;CLEC5A;TCP11;LYZ;LTF;CD36;SPINK5;PF4;TRPM2;P2RX2;SFTPB;ALOX5;DCST2;SNAP25;ADGRG3;PNLIPRP2;ITGB2;RAB27B;DPEP3;KLK7;ATP8B4;SPACA9;ALDH3B1;SERPINF2;SPACA4;CD300A;C5AR1;KIAA1210;SPAG6;NPY;CLEC4D;PLAC8;SELENOP;ACRBP;PTPRC;SMPD1;SERPINB3;AKAP3;LCN2;SPAG8;MMRN1;MYCBPAP;PKDREJ;CRHBP;PDGFA;SPINK2;ABCA3;APOLD1;ACP3;FSTL4;TF;SEMG1;NFAM1;ICA1L;IZUMO1;ECM1;HLA-H;DKKL1;STK31;SLC15A4;ITPR1;APOA1;POMC;MORN3"
"GOCC_SECRETORY_GRANULE_MEMBRANE",0.992283129324109,1,0.245006183117984,0.780811114166294,7457,285,"SIRPB1;ITGAX;SLC11A1;CYBB;P2RX1;EQTN;SERPINB12;SLC9A4;SPACA1;SLC18A1;OLR1;AZU1;ITGAM;MGAM;CLEC5A;CD36;TRPM2;DCST2;SNAP25;ADGRG3;PNLIPRP2;ITGB2;RAB27B;ATP8B4;ALDH3B1;SPACA4;CD300A;C5AR1;CLEC4D;ACRBP;PTPRC;PKDREJ;ABCA3;ACP3;NFAM1;ICA1L;IZUMO1;HLA-H;SLC15A4;ITPR1;FCER1G;DSG1;FCGR2A;ATP8B3;ADAM8"
"GOCC_SECRETORY_VESICLE",0.997765363128492,1,0.244605571206413,0.835090350306933,8929,984,"A2M;ORM1;SIRPB1;MPO;ITGAX;UNC13C;KRTDAP;CABS1;SERPINA1;GIP;ITIH3;KLK11;SLC40A1;ANGPTL6;SLC11A1;CTSS;PLG;RPH3A;CYBB;TRH;ATP6V1B1;SYTL3;P2RX1;KLK2;CHIT1;IQCF1;GMFG;ARG1;EQTN;PPBP;SERPINB12;SLC9A4;CT55;SRGN;SYNGR4;PRSS2;SPACA1;TREML1;SLC6A5;SLC18A1;SPRR2A;OLR1;AZU1;ITGAM;MGAM;CLEC5A;TCP11;LYZ;LTF;CD36;SPINK5;PF4;TRPM2;P2RX2;SLC6A2;GABRA2;SFTPB;ALOX5;DCST2;SNAP25;ADGRG3;PNLIPRP2;ITGB2;SLC32A1;RAB27B;PPFIA2;DPEP3;KLK7;ATP8B4;SPACA9;ALDH3B1;SERPINF2;SPACA4;CD300A;C5AR1;KIAA1210;SPAG6;NPY;CLEC4D;PLAC8;SELENOP;ACRBP;PTPRC;SMPD1;SERPINB3;AKAP3;LCN2;SPAG8;MMRN1;MYCBPAP;PKDREJ;CRHBP;PDGFA;SPINK2;SYNDIG1;ABCA3;SV2C;APOLD1;ACP3;SLC30A3;FSTL4;TF;SEMG1;GRIN1;NFAM1;DOC2A;ICA1L;IZUMO1;ECM1;HLA-H;DKKL1;STK31;SLC15A4;ITPR1;NGF;APOA1;POMC;MORN3;APBA1;MVP;SYT12;GPR151;NPFF;DGKI;FCER1G;DSG1;RNF112;SNCAIP;SYPL2;COL1A1;B2M;TGFB1;FCGR2A;DOCK2"
"GOCC_SEH1_ASSOCIATED_COMPLEX",0.620970537261698,1,0.429435799455397,0.890141268134283,3582,15,"SESN3;CASTOR1;CASTOR2;SZT2;WDR59"
"GOCC_SEMAPHORIN_RECEPTOR_COMPLEX",0.943051324115303,1,-0.296055735003125,-0.633284491386223,4023,14,"PLXNB3;TREM2;PLXNA4;ERBB2"
"GOCC_SEPTIN_CYTOSKELETON",0.302085774548863,1,-0.529100294925083,-1.1317835513654,1288,14,"SEPTIN12;SEPTIN5;SEPTIN10"
"GOCC_SERINE_PALMITOYLTRANSFERASE_COMPLEX",0.366771159874608,1,-0.584350001787704,-1.0982762158113,1637,8,"SPTLC3"
"GOCC_SERINE_PROTEASE_INHIBITOR_COMPLEX",0.176197836166924,1,-0.742740891114973,-1.30754250161779,797,6,"SERPINE1;PLAT;KLK8;PLAU"
"GOCC_SERINE_TYPE_PEPTIDASE_COMPLEX",0.80166299828809,1,-0.3214473614727,-0.801325926148313,3277,27,"COLEC10;F5;FCN3;F10;C3"
"GOCC_SEROTONIN_RECEPTOR_COMPLEX",0.831158401927324,1,-0.585134300710096,-0.779576961769944,4139,1,"HTR3A"
"GOCC_SET1C_COMPASS_COMPLEX",0.170841209829868,1,-0.581291282013827,-1.26557962428588,722,15,"DYDC1"
"GOCC_SEX_CHROMATIN",0.624028425494115,1,-0.48473203023625,-0.883383481415351,2809,7,"MACROH2A1;EED;RNF2;RING1"
"GOCC_SEX_CHROMOSOME",0.970359206229591,1,-0.262867858052726,-0.676296636554665,3862,32,"HSF5;LRIF1;MACROH2A1;PCGF3;CDK2;ESCO2;EED;FIRRE;H2AX;PCGF5;H2AZ1;DNMT3A;RNF2;HNRNPU;RING1"
"GOCC_SHELTERIN_COMPLEX",0.250277592715967,1,-0.67339718073725,-1.227209899055,1126,7,"TERB1"
"GOCC_SIDE_OF_MEMBRANE",0.988560533841754,1,0.249040481626576,0.830904464887622,8295,598,"IL9R;ITGAX;CCR6;IL2RG;SCNN1B;CD274;F2;CD69;DNAI2;GPC5;CCR3;IL5RA;CCR1;UMODL1;PLG;IL3RA;GRIA2;CD226;MR1;OMG;CRLF2;CD209;KLRD1;P2RX1;RAET1G;PRND;IL1RL1;HLA-DRB5;CD80;FCRLB;PRSS42P;RGS8;ITGAM;VCAM1;CFB;CNTN6;SCNN1G;CUBN;TNFRSF9;CPO;CD36;GFAP;ALPP;HCK;CNTN4;TFPI;ENPEP;ACKR3;ITGB2;SLC4A1;MUC16;CACNB4;DPEP3;EFNA5;AZGP1;CCR2;LYPD5;SPACA4;CNTFR;BTN3A2;CLEC4D;ALOX15;PTPRC;CLEC4A;EFNA1;CDH13;CX3CR1;MOG;CD34;ATP1B2;HJV;FAS;CD52;CSF2RA;ALPG;ERMAP;OPCML;CFC1;CCR8;KCNIP1;INSR;CXCR4;MPL;LY6H;PSCA;HLA-H;EPN3;NRCAM;CD1C;BTN3A3;ASGR1;FCER1G;TNFRSF13C;DSG1;RASAL3;CD48;B2M;FCGR2A;PRMT8;PRSS21"
"GOCC_SIGNAL_PEPTIDASE_COMPLEX",0.755681818181818,1,-0.455029345559834,-0.771435298680233,3457,5,"SEC11C;SPCS2"
"GOCC_SIGNAL_RECOGNITION_PARTICLE",0.148268649779224,1,-0.617697513629388,-1.29791084062224,637,13,"GJD2-DT;TTC9-DT"
"GOCC_SIN3_TYPE_COMPLEX",0.987781036168133,1,-0.234560271909158,-0.558492240499749,4041,22,"BRMS1L;ARID4A;BRMS1;RBBP7;SAP130;CSNK2A1;HDAC2;SUDS3;SIN3A;SIN3B;PHF12;MORF4L1;HDAC1;ING1;OGT;RBBP4;SAP30;ARID4B;TET1;SINHCAF;SAP30L;ING2"
"GOCC_SITE_OF_DNA_DAMAGE",1,1,-0.153207872255913,-0.495611474947069,3133,143,"RPA4;HUS1B;PARP3;AIM2;MMS22L;WDR70;ASF1A;LIG3;NBN;MACROH2A1;ARPC4;RAD50;ESCO2;RAD54L;SLF2;H2AX;TOPBP1;ZBTB7A;ARPC5;TP53BP1;WDR76;CHD1L;XRCC4;SIRT7;RAD51;KAT7;VCP;BRD9;PRPF19;SMARCAD1;PAXX;RAD18;POLQ;OARD1;APTX;RFWD3;PELI1;LMNA;KDM4D;HELB;UBQLN4;RBBP8;ATM;ACTR3;NABP2;ARPC2;IFFO1;HTATSF1;EXD2"
"GOCC_SITE_OF_DOUBLE_STRAND_BREAK",0.992161591799819,1,-0.229841809178402,-0.712921736456502,3290,103,"RPA4;HUS1B;PARP3;AIM2;MMS22L;WDR70;ASF1A;NBN;ARPC4;RAD50;ESCO2;RAD54L;SLF2;H2AX;TOPBP1;ZBTB7A;ARPC5;TP53BP1;CHD1L;XRCC4;SIRT7;RAD51;VCP;BRD9;PRPF19;SMARCAD1;PAXX;RAD18;POLQ;RFWD3;PELI1;LMNA;KDM4D;HELB;RBBP8;ATM;ACTR3;NABP2;ARPC2;IFFO1"
"GOCC_SITE_OF_POLARIZED_GROWTH",1,1,-0.14994865030577,-0.495144763051681,3036,169,"ADCY10;FSCN3;UNC5C;MAP2;DISC1;TRPV2;TRPC5;TENM2;KIF21A;SNCA;PTK2B;FGF13;CRTAC1;CPEB4;STMN4;CNR1;LRRK2;STMN3;TUBB3;ZFYVE27;BASP1;ACAP3;MAP1B;SIRT2;OLFM1;DOCK7;KIF21B;SYAP1;GDPD5;SETX;GPRIN1;PPP1R9B;CRMP1;FKBP4;FRYL;DBN1;ITGA4;TRAK2;LAMP5;CYTH2;FSCN1;EXOC6;C9orf72;MAPK8IP1;COTL1;NRXN1;ZPR1;TAOK2;HSP90AA1"
"GOCC_SM_LIKE_PROTEIN_FAMILY_COMPLEX",0.999105011933174,1,-0.21301645390217,-0.657846657234842,3348,99,"LSM8;TSSC4;TXNL4B;ZRSR2;LSM10;GEMIN8;SF3A3;SNRPB2;LSM6;GEMIN6;CENATAC;GEMIN5;GEMIN4;CD2BP2;PRPF31;RBM42;SNRNP48;AAR2;PRPF4;ZMAT2;SNRPG;U2SURP;RBMX2;PRPF3;PATL1;LUC7L;SNRPA1;SF3B5;PPIH;DDX46;SNRNP40;TGS1;SART1;DDX39B;DDX23;HTATSF1;HEXIM1;SF3B4;LSM1;PRPF6;PHF5A;SNRNP27;EFTUD2;LSM2;SF3A2;SNRNP200;LSM3;MEPCE;BUD13;GEMIN2;USP39;FMR1;PDCD7;SNRPB"
"GOCC_SMAD_PROTEIN_COMPLEX",0.992164763823595,1,-0.223322142214446,-0.430762888562556,4431,9,"SMAD7;SMAD9"
"GOCC_SMALL_NUCLEAR_RIBONUCLEOPROTEIN_COMPLEX",1,1,-0.190682065236399,-0.578731404856352,3456,86,"LSM8;TSSC4;TXNL4B;ZRSR2;LSM10;SF3A3;SNRPB2;LSM6;CENATAC;GEMIN4;CD2BP2;PRPF31;RBM42;SNRNP48;AAR2;PRPF4;ZMAT2;SNRPG;U2SURP;RBMX2;PRPF3;LUC7L;SNRPA1;SF3B5;PPIH;DDX46;SNRNP40;TGS1;SART1;DDX39B;DDX23;HTATSF1;HEXIM1;SF3B4;PRPF6;PHF5A;SNRNP27;EFTUD2;LSM2;SF3A2;SNRNP200;LSM3;MEPCE;BUD13;USP39;PDCD7;SNRPB"
"GOCC_SMALL_RIBOSOMAL_SUBUNIT",0.0440241822973182,1,0.494081378796154,1.35866396008072,283,72,"RPS4Y1;RPSA2;RPS28;RPS15A;RPS27;RPS4X;RPS3A;RPS16;RPS10;RPS19;RPS24;RPS2;RPS3;RPS20;RPS18;RPS9;RPS8;RPS17;RPS11;RPS7;RPS6;RPSA;RPS12;RACK1;RPS29;MRPS28;RPS27A;RPS5;FAU;RPS15;RPS13;RPS25;RPS23"
"GOCC_SMALL_SUBUNIT_PROCESSOME",0.294350282485876,1,-0.360743402695838,-1.07053135097204,1041,74,"UTP14C"
"GOCC_SMC5_SMC6_COMPLEX",0.709648533691516,1,-0.422189253064153,-0.814354816618889,3169,9,"NSMCE1;SLF2;NSMCE3;EID3;NSMCE2;NSMCE4A"
"GOCC_SMN_COMPLEX",0.537617196432655,1,-0.465617550082071,-0.944477410235643,2350,11,"GEMIN8;GEMIN6;GEMIN5;GEMIN4"
"GOCC_SMN_SM_PROTEIN_COMPLEX",0.903519272204932,1,-0.308670593938139,-0.701866511391446,3773,18,"GEMIN8;GEMIN6;GEMIN5;GEMIN4;SNRPG;GEMIN2;FMR1;SNRPB;SNRPD3;STRAP;SNRPF"
"GOCC_SMOOTH_ENDOPLASMIC_RETICULUM",0.811139240506329,1,0.337298396390783,0.772778535259346,4805,24,"FTCD;RYR3;NAPEPLD;TTYH1;CASQ1;STX17;PSEN1;RPL10;GABARAP;SYVN1"
"GOCC_SMOOTH_ENDOPLASMIC_RETICULUM_MEMBRANE",0.321944089164992,1,0.682379163371981,1.15868475296924,1761,6,"FTCD;NAPEPLD;TTYH1;STX17"
"GOCC_SNARE_COMPLEX",0.730238597630255,1,0.331602069053338,0.852397049670408,4498,46,"SNAP25;STX11;STX19;VAMP1;BNIP1;CPLX1;STX16;STX12;STX17;VAMP8;STX7;CPLX3;STX2;BET1L;TSNARE1;VAMP7;STX5"
"GOCC_SNO_S_RNA_CONTAINING_RIBONUCLEOPROTEIN_COMPLEX",0.338713621912448,1,-0.428058795173138,-1.06709418586153,1384,27,"TERC;FBLL1;C18orf21;LSM6;NOP10;RRP9;NHP2;MPHOSPH10;SNRNP40;RPP25;NAF1;RPP40;POP5;DKC1;RPP30;NOP56;GAR1"
"GOCC_SNRNA_ACTIVATING_PROTEIN_COMPLEX",0.902972027972028,1,-0.347190057125212,-0.588609653488769,4131,5,"SNAPC4;SNAPC5;SNAPC3;SNAPC1;SNAPC2"
"GOCC_SODIUM_CHANNEL_COMPLEX",0.948587857263656,1,0.284734215577304,0.6644186006972,5608,27,"SCNN1B;SCNN1G;SCN11A;SCN2B;SCN2A;UNC79;SCN4B;SCN7A;GRIK1;SCNN1D;SCN1B;GRIK4;SCN4A;GRIK3;SCN3B"
"GOCC_SODIUM_POTASSIUM_EXCHANGING_ATPASE_COMPLEX",0.498333040884366,1,0.489201555410333,0.980618292284394,2839,13,"FXYD2;ATP1B2;FXYD1;FXYD7;ATP1B1;ATP1B3;FXYD5"
"GOCC_SOLID_PHASE_OF_BASEMENT_MEMBRANE",0.472607612949128,1,0.534774400837708,1.00807579266695,2656,10,"COL4A3;COL28A1;COL15A1;COL4A2;COL4A1"
"GOCC_SOLID_PHASE_OF_INTERSTITIAL_MATRIX",0.642470389170897,1,0.390774130239573,0.878361095907949,3796,22,"LUM;COL3A1;COL1A1;COL16A1;COL12A1;COL11A2;COL10A1;COL27A1;COL5A1"
"GOCC_SOMATODENDRITIC_COMPARTMENT",1,1,-0.169352348697297,-0.629787161975969,1271,799,"ADCY10;TP63;CHRM5;OPRM1;HRH1;GNAT1;CACNG2;SKOR1;HTR4;SORCS2;TBX21;HTR5A;MYOT;FCGR2B;DRD1;HRH4;LRIT3;SCN1A;GABRG3;CRH;SST;NTRK2;C4A;KCNK2;GPER1;NYX;SRD5A2;PLXDC1;KCNA2;UNC5C;LYNX1;GABRG2;CALCA;TMEM100;RELN;MAP2;SLC6A3;SLC8A1;SHANK1;DOCK10;RGS7BP;KCNK9;HTR1B;ADAM21;GABRB1;AVP;PDE1C;GRIA3;DNM3;PRPH;GRM3;CNTF;CALB1;GNRH1;CPEB1;NEURL1;DLG2;LZTS1;PDLIM4;PDE1B;KCNQ1;CRHR2;KCND2;GABRA4;COMT;EPHA3;HTR1A;BRINP2;KCND3;EPM2A;USH2A;SLC5A7;SHISA7;RIN3;ARC;KCNH1;TRPC5;TACR3;MDGA1;DAGLA;SHISA9;SYT5;NLGN4X;CHRNA10;PRKN;CPNE5;SYT4;ITPKA;APOB;TENM2;KIF21A;GRIK2;ADGRB1;SNCA;PTK2B;LRP2"
"GOCC_SORTING_ENDOSOME",0.867166088068701,1,0.396978082513683,0.674071654237816,4745,6,"NRP1;CLTCL1;KDR"
"GOCC_SPECIALIZED_EXTRACELLULAR_MATRIX",0.675695110258869,1,-0.370217982833146,-0.854874605329158,2818,19,"EYS;IMPG1;HAPLN2;IMPG2;TNC;HAPLN4;ACAN"
"GOCC_SPECIFIC_GRANULE",0.568049065420561,1,0.319803550240809,0.953124352261125,3889,139,"ORM1;CYBB;P2RX1;CHIT1;ARG1;OLR1;ITGAM;CLEC5A;LYZ;LTF;CD36;TRPM2;SNAP25;ADGRG3;ITGB2;ATP8B4;ALDH3B1;CLEC4D;LCN2"
"GOCC_SPECIFIC_GRANULE_LUMEN",0.593850096092249,1,0.354029523258072,0.924484647398303,3707,50,"ORM1;CHIT1;ARG1;LYZ;LTF;LCN2;B2M;DOCK2;QPCT;CXCL1;OSCAR;LRRC7;CFP;RAB27A;DNASE1L1;TOLLIP"
"GOCC_SPECIFIC_GRANULE_MEMBRANE",0.626285889758944,1,0.32760354943943,0.917703179293437,4078,82,"CYBB;P2RX1;OLR1;ITGAM;CLEC5A;CD36;TRPM2;SNAP25;ADGRG3;ITGB2;ATP8B4;ALDH3B1;CLEC4D"
"GOCC_SPECTRIN",0.93730407523511,1,-0.308648020897361,-0.580098878021314,4185,8,"SPTBN5;SPTBN4"
"GOCC_SPECTRIN_ASSOCIATED_CYTOSKELETON",0.972787560027441,1,-0.25939486701929,-0.526167005920665,4253,11,"DMTN"
"GOCC_SPERM_ANNULUS",0.792773892773893,1,-0.371925801864174,-0.766046279234989,3400,12,"SEPTIN12"
"GOCC_SPERM_END_PIECE",0.792112950340798,1,-0.336035790367349,-0.790457102749412,3253,21,"DNAJB13;DNAH9;DNAH2;MNS1;CFAP45;SAXO1"
"GOCC_SPERM_FIBROUS_SHEATH",0.352092088434131,1,0.667657389894623,1.13368707516708,1926,6,"AKAP3;GSTM3;CABYR;SPA17;TSGA10;LDHA"
"GOCC_SPERM_HEAD",0.0870098039215686,1,0.70073367275714,1.38215207243344,496,12,"PCDH11Y;RHO;WBP2NL;CCDC38;CST11;TACR1"
"GOCC_SPERM_HEAD_PLASMA_MEMBRANE",0.519200930954228,1,0.714551982477174,1.00871852375859,2676,2,"RHO"
"GOCC_SPERM_HEAD_TAIL_COUPLING_APPARATUS",0.929614555901365,1,-0.296117793809977,-0.673323494313787,3882,18,"DNAJB13;PMFBP1"
"GOCC_SPERM_MIDPIECE",0.578563673026214,1,0.341914480304916,0.936962580221004,3729,70,"PCDH11Y;CCR6;CFAP52;RHO;DNAH8;TCP11;TACR1;SPAG6;AKAP3;MYCBPAP;CD52"
"GOCC_SPERM_MITOCHONDRIAL_SHEATH",0.637306796527631,1,-0.575607873407951,-0.891006781905585,3009,3,"SPATA33;HSP90AA1;AK2"
"GOCC_SPERM_PLASMA_MEMBRANE",0.0851452585419331,1,0.802568866267902,1.36276773745142,465,6,"CCR6;RHO"
"GOCC_SPERM_PRINCIPAL_PIECE",0.162037771782257,1,0.457053890165252,1.20727397495096,1020,54,"CCR6;SLC22A14;CABS1;CATSPER1;DNAH8;CATSPERE;TTC29;CATSPERB;SPAG6;AKAP3"
"GOCC_SPERMATOPROTEASOME_COMPLEX",0.738540772532189,1,0.37593330325759,0.810522931773831,4301,18,"PSMB9;PSMB8;PSMB4;PSMA8;PSMA2;PSMA3;PSMB10;PSMA6;PSMA4;PSMB6;PSMB3;PSME4;PSMB7;PSMB5;PSMB1;PSMA5;PSMA1;PSMB2"
"GOCC_SPHERICAL_HIGH_DENSITY_LIPOPROTEIN_PARTICLE",0.270549207519351,1,0.731202717307395,1.19844860652353,1467,5,"APOA2;APOA1;CLU;APOM;PON1"
"GOCC_SPINDLE",1,1,-0.164979102282576,-0.589187289472544,2035,418,"ANKRD53;KASH5;SEPTIN12;CFAP53;TUBB1;PKHD1;KPNA7;PLK5;IRAG2;TTC23L;RB1;NR3C1;DCDC1;MAPK15;CAPN6;EVI5;BCL2L10;TUBB6;NEK6;SHCBP1;SPOUT1;MICAL3;DNAAF1;MYC;MAP9;TUBB3;SAC3D1;NSMCE1;TMEM201;DAPK3;TPPP;NEIL2;RSPH1;SIRT2;CENPV;CDC6;MAP7D1;NME7;NUDC;TADA2A;CIAO2B;TUBB4A;TTC28;NDEL1;DCTN1;RAE1;CCDC69;CIAO1;ODF2;BNIP2;CHMP1A;PLK2;TBCK;CCAR2;AFG2A;NSUN2;MID1;CEP89;CRMP1;FAM83D;TOPBP1;TRAPPC14;PKP4;KLHL21;WDR73;HNRNPU;TUBGCP6;CEP19;MAPKBP1;TUBGCP3;BCCIP;BRCC3;MISP;PRPF19;WDR5;MAP7D3;LATS1;DCUN1D5;MAPRE1;ESPL1;PPP2CB;KIF3B;E4F1;CDC25B;FBXO5;CHMP4C;WDR62;PPP2CA;RMDN3;ARL3;CTDP1;KNSTRN;INO80;UHRF1;MAP1S;KIF14;KIF2A;TUBB4B;TTLL12;SMC3;HAUS2;SKA1;RAB11FIP4;ATM;CEP295;CEP85;KIF18B;ALMS1;ARL8B;TUBGCP4;CHMP6;CHAMP1;MCRS1;SMC1A;ZZZ3;KATNB1"
"GOCC_SPINDLE_MICROTUBULE",1,1,0.154495013399487,0.433745871096607,6536,83,"AURKC;TUBG2;KIF3A;KLHL22;CENPE;HAUS4;EML3;PRC1;CHMP2A;KIF18A;NUMA1;KIFAP3;KIF4A;SKA2;BIRC5;CCSAP;BBLN;HAUS5;CSNK1D;POLB;KNTC1;KIF11;HAUS7;MTCL1;PARP4;CLASP1;AURKB;BOD1;DYNLT3;AURKA;TTL;FAM110A;CLASP2;ZWILCH;PLK1;HAUS6;RMDN1;HAUS1;HAUS8;CHMP4A;PSRC1;SKA3;CALM1;CHMP2B;ZW10;PAFAH1B1;CDK1;CHMP1B;CHMP5;RAB11A;FAM161A;CALM3;TUBG1;RMDN2;HAUS3;CHMP7;CHMP3;CLTC;CHMP4B;CALM2;CCDC57;CUL3;MAPRE3;CHMP6;KIF18B;CEP295;SKA1;HAUS2;KIF2A;MAP1S;ARL3;RMDN3;CHMP4C;KIF3B;MAPRE1;MISP;TUBGCP3;HNRNPU;KLHL21"
"GOCC_SPINDLE_MIDZONE",0.984192326691915,1,0.251272987998277,0.626230699315831,5976,38,"OR2A4;AURKC;CENPE;ARL8A;GEM;PRC1;KIF18A;NUMA1"
"GOCC_SPINDLE_POLE",1,1,-0.182645671632293,-0.607413983529869,2947,182,"ANKRD53;KASH5;CFAP53;PLK5"
"GOCC_SPINDLE_POLE_CENTROSOME",0.819706994328922,1,-0.346706309367519,-0.754844351401183,3468,15,"SPOUT1;TMEM201;BNIP2;MISP;TBCCD1;NDE1;NPM1;NUBP2;AURKA;CEP250;EMD;UBXN2B;DLGAP5;ABRAXAS2;NUMA1"
"GOCC_SPLICEOSOMAL_COMPLEX",0.999640417116145,1,-0.218543382664591,-0.737490815461033,2779,210,"LSM8;RBM41;TSSC4;WDR70;TXNL4B;GCFC2;YJU2;KIN;U2AF1;ZRSR2;SF3A3;SNRPB2;HSPA8;U2AF2;RBM28;SRSF1;PPIL3;LSM6;GPATCH1;BUD31;PLRG1;CENATAC;PRPF38B;CD2BP2;ALYREF;PRPF31;HNRNPU;HNRNPM;RBM42;HNRNPF;SNRNP48;SREK1;AAR2;SMU1;PRPF4;ZMAT2;RBMXL1;SNRPG;CTNNBL1;BCAS2;ARMC7;CRNKL1;PRPF19;NCL;PPIL2;RBMX2;DHX38;PRPF3;HNRNPA3;RBM17;SF1;LUC7L;API5;SNRPA1;DHX8;SF3B5;CWC15;C9orf78;PPIH;DDX46;SNRNP40;HNRNPH3;DQX1;SYNCRIP;EIF4A3;DDX42;HNRNPK;SART1;DDX39B;DDX23;MFAP1;HNRNPR;DDX5;RBM8A;HTATSF1;HNRNPDL;HNRNPA2B1;YBX1;SF3B4;UPF1;PRPF6;PHF5A;RBMX;XAB2;PPWD1;SNRNP27;EFTUD2;MAGOH;IVNS1ABP;LSM2;SF3A2;ESS2;FAM32A;NKAP;HNRNPC;SNRNP200;LSM3;CACTIN;AKAP17A;BUD13;DHX15;GEMIN2;ZNF830;USP39;CWC25;PDCD7;CWC22;TRA2B;SNRPB"
"GOCC_SPLICEOSOMAL_TRI_SNRNP_COMPLEX",0.666412213740458,1,-0.333011609431648,-0.883053022079839,2618,37,"LSM8;TXNL4B;LSM6;CENATAC;CD2BP2;PRPF31;RBM42;PRPF4;ZMAT2;SNRPG;PRPF3;PPIH;SNRNP40;SART1;DDX23;PRPF6;SNRNP27;EFTUD2;LSM2;SNRNP200;LSM3;USP39;SNRPB;SNRPD3;TXNL4A;PRPF8"
"GOCC_SREBP_SCAP_INSIG_COMPLEX",0.995847902097902,1,-0.227728886830323,-0.386080817741383,4556,5,"INSIG1;SREBF2;SREBF1;SCAP;INSIG2"
"GOCC_STEREOCILIA_COUPLING_LINK",0.981451172940535,1,0.273457445586465,0.478240714015227,5396,7,"PDZD7;WHRN;ADGRV1"
"GOCC_STEREOCILIUM_BASE",0.996498341319572,1,0.239983725706128,0.393335739670022,5406,5,"PJVK;TRIOBP;RDX"
"GOCC_STEREOCILIUM_BUNDLE",0.839523281596452,1,-0.285055992634669,-0.832480018095129,3028,66,"CLRN1;PKHD1L1;FSCN2;CLIC5;PCDH15;TMC2;MINAR2;CALB1;MYO7A;USH2A"
"GOCC_STEREOCILIUM_MEMBRANE",0.278207109737249,1,-0.686506921362328,-1.20854659824711,1259,6,"PKHD1L1;USH2A"
"GOCC_STEREOCILIUM_TIP",0.639801505817933,1,0.397985272977063,0.876231888467739,3738,20,"STRCP1;STRC;ESPNL;MORN4;PDZD7;MYO3B;WHRN"
"GOCC_STRIATED_MUSCLE_THIN_FILAMENT",0.191041737360027,1,0.553681735180967,1.23268119439474,1125,21,"TMOD4;LMOD2;LMOD3;TNNI2;TNNI3;TNNI1;TTN"
"GOCC_SUBCORTICAL_MATERNAL_COMPLEX",0.291958041958042,1,-0.708539400077898,-1.20122429258561,1335,5,"KHDC3L;OOEP;NLRP2"
"GOCC_SULFURTRANSFERASE_COMPLEX",0.147235176548967,1,-0.730562434546399,-1.33138878094425,662,7,"FXN;CTU1;NFS1;LYRM4;MOCS2"
"GOCC_SUMO_LIGASE_COMPLEX",0.645200912440779,1,0.434869113891575,0.871707383419689,3676,13,"SUMO4;SLF1"
"GOCC_SUPER_ELONGATION_COMPLEX",0.845788415859675,1,0.409289358691273,0.694976290197211,4628,6,"AFF3;AFF1;AFF4;EAF2"
"GOCC_SUPRAMOLECULAR_COMPLEX",1,1,0.15925036785583,0.552128658498135,9489,1665,"DDX3Y;SRY;HSF4;MEFV;FLACC1;CFAP52;REM1;KRT12;CFAP276;DNAI2;PDX1;TCIM;ADAMTSL5;CFAP206;POU4F2;TUBA3D;KRT13;TMEM232;SAA1;LMNTD1;CFAP141;DYNLRB2;TEKTIP1;KRTAP10-3;HSPB7;CASP1;DNAH12;KRTAP5-1;SEL1L2;TMOD4;KRTAP5-10;NANOS3;ANKRD34C;DNAH8;CACNA1S;MYH8;COL4A3;TDRD1;LMOD2;KLHL41;POTEE;CSRP3;SYNPO2L;ZC3H12D;KRT80;TCAP;ANG;TUBB8;GFAP;FAM107A;DLGAP2;RBFOX1;LPXN;NICN1;AURKC;HCK;LUM;LMOD3;MYH7;KRTAP5-2;AHNAK;XIRP2;GSC;SLC4A1;MTUS2;CLIP4;RBM20;COL6A3;CACNB4;SPACA9;FAM161B;MYL2;MEOX2;MYH3;COL3A1;SPAG6;NRAP;DES;KATNAL2;KAT2B;ACTN3;MYBPC2;SPAG8;KIF19;WAS;TNNI2;KRT17;NFATC4;BCL6;CRHBP;DNAH6;FBN3;ANKRD34B;APOBEC3H;RIBC2;SPEF1;TNNI3;MECOM;SAXO2;SPMIP8;CFAP90;ARHGEF25;NEFL;ITGB1BP2;TOGARAM2;TCP11L2;ATP2B4;NRP1;FAM76A;TEKT5;CACNA1D;CACNA1C;VMAC;APOBEC3G;EVPL;MYO18B;SLC1A4;COBL;MYL11;SLC8A3;RYR3;MYLK2;HSPB6;IL15;IFI16;PIWIL2;DNAH7;TNNI1;TNRC6C;TTN;TRIM63;SNCAIP;EML5;PLCB1;COL1A1;ZNF446;COL7A1;APOBEC3D;MYL4;DYNLT2;PARP12;TUBG2;ANKRD34A;ACTA2;THSD4;FBF1;PLAG1;CASQ1;COL16A1;KRT7;SERPINB1;CFAP68;EML6"
"GOCC_SUPRAMOLECULAR_POLYMER",1,1,-0.179405940365018,-0.669986345703242,1190,880,"POTEKP;MYBPHL;KRT87P;KLHL40;DCDC2B;EFCAB6;MYH7B;MYBPC3;SCTR;CIMIP2A;SPMIP9;COL6A5;KRT222;KRTAP4-9;MYO1H;SPAG17;MYOT;PRICKLE4;DNAI1;IGFN1;ACTL8;KRTAP5-4;KRT83;PGM5;POTEI;KRTAP10-12;SCN1A;CAV3;CFAP53;MYH4;TUBB1;C10orf71;MYOD1;MYH6;GPER1;MYH2;PIERCE2;PECAM1;LDB3;DMTN;GAS2L2;MAP2;MYOM1;SLC8A1;TUBA8;SMPX;DISC1;TUBAL3;KCNJ8;DNM3;DNAH9;PRPH;ANKRD1;KIF4B;TNNT3;DNAH2;LRRC39;PTPN20;PDLIM4;NDRG1;MNS1;CFAP45;CAPN3;DCDC1;ACTC1;MYH11;MYPN;SYNPO2;APC2;CALD1;FLNC;SHROOM4;CSRP1;EFHB;NEXN;EPPK1;CAPN6;LCP1;PIERCE1;TPPP3;DNAL4;TMSB15C;SAXO1;ADPRHL1;SHROOM1;KIF21A;DNAL1;PARVA;PDLIM7;SIMC1;SNCA;MAP6D1;FBLN5;MYO1A;SNPH;KRT10;FBN1;FGF13;CA3;WIPF1;TPM2;SYBU;ARHGAP6;SPTBN4;SCN5A;WHAMM;AIF1;CFAP95;RASSF5;CFAP210;TUBB6;IFFO2;NEK6;KIF6;TTLL7;TOGARAM1;ARHGAP18"
"GOCC_SWI_SNF_COMPLEX",0.423048327137546,1,-0.395965549782492,-1.00729885436076,1706,30,"DPF3;RB1;ACTL6B;BICRA;ACTB;ACTL6A"
"GOCC_SWI_SNF_SUPERFAMILY_TYPE_COMPLEX",0.937332937332937,1,-0.260845817498024,-0.802978158118955,3155,97,"EP400P1;DPF3;CHD5;RB1;ACTL6B;SRCAP;BICRA;SMARCA1;ACTB;DPF1;ACTL6A;DMAP1;RBBP7;MBD3;GATAD2A;MYBBP1A;ACTR5;BRD9;INO80C;TRRAP;DDX21;NFRKB;INO80;MCRS1;CDK2AP2;VPS72;BAZ1B;YY1;ACTR8;UCHL5;ANP32E"
"GOCC_SWR1_COMPLEX",0.232514177693762,1,-0.547109230704164,-1.1911589181918,983,15,"EP400P1"
"GOCC_SYMBIONT_CELL_SURFACE",0.558998599439776,1,0.473567760508209,0.934081930227061,3192,12,"GBP1;C1QA;CFB;C4B;C1R"
"GOCC_SYMMETRIC_SYNAPSE",0.0766631092138029,1,0.736752795211994,1.38881490376035,430,10,"NLGN4Y;IQSEC3"
"GOCC_SYNAPSE",1,1,0.172888115514692,0.59931888999003,9485,1647,"NLGN4Y;UNC13C;SGCA;MTNR1B;CBLN2;SLC40A1;CHRM2;GAD1;GLRA3;PLG;GRIA2;RPH3A;KCNA1;ATP6V1B1;CHRNB3;CNGB1;CDHR5;CABP4;P2RX1;C1QA;IL1RAPL1;LRRTM2;GAD2;FGF7;DRD5;SYNGR4;SLC6A5;SLC18A1;CHRNG;RGS8;TDRD1;EGR3;PCDHB10;CNTN6;POTEE;GABRA1;PCDHB9;COL13A1;CYP46A1;NTN1;FAM107A;DLGAP2;PSD2;P2RX2;SLC6A2;IQSEC3;SGCG;GABRA2;DSCAML1;TANC2;PCDHB11;C1QTNF3;FAIM2;LRFN5;TACR1;SLC1A2;DRD4;RIT2;FRMPD4;SNAP25;CNTN4;SPHK1;PTCH1;NPTX1;SCN2B;S1PR4;SLC32A1;STX11;RAB27B;TULP1;PPFIA2;CACNB4;FLRT3;NWD2;EFNA5;HTR1D;LRRTM1;CBLN3;GPR50;PCDHB14;NOG;ATP2B3;SRGAP3;ADRA2A;PCDHB13;NPY;GABRB2;DES;PTPRC;CACNG3;SLC6A1;HTR1F;CACNA1E;SHISA8;VWC2;NRG3;CPEB3;SLC16A7;MYCBPAP;CRHR1;EGFLAM;LAMA3;STX19;CRHBP;LRRC4C;ASIC2;SENP7;LAMA4;CDK5R2;CDH11;SLITRK3;ATP1B2;HIP1R;FILIP1;C4B;SLITRK1;NRXN3;SYNDIG1;NTS;SV2C;NSG2;GRM7;LNX1;OPCML;PRKCG;NEFL;SLC30A3;ERBB4;UTS2;ATP2B4;KCNIP1;GRM5;CNTNAP5;KCNC1;NXPH1;GRIN1;SAMD14;NRP1;DOC2A;SGCD;PVALB;CHRNA3;SUSD4;CACNA1C;PDE2A;LY6H;TRIM47;PSCA;PPFIA4;CADPS2;CACNB3;SLC1A4;CHRM4;CDH8;GABRP;ITPR1;NGF;NRCAM;APBA1;GRIP1;HTR6;SLC8A3;ABHD6;MYLK2;SYT12;GPR151;NPFF;ICAM5;DGKI;TAMALIN;IGSF9B;NAPEPLD;RNF112;SNCAIP;TTYH1;HCRTR1;PAK5;SYPL2;PLCB1;GRM6;GRIN2C;ITSN2;GRAP;SPTB;FAM81A;SLC38A6;BNIP3;PDE10A;WNT5A;SLC12A7;PHF24;PTPRN;GPR37;CDH6;GRID1;SYT6;AGER;PPFIBP2;NGEF;NRXN2;KCTD16;KIRREL3;PCDHB3;BAIAP3;VAMP1;PRKCB;KCNN1;TNN;BCAN;PCDH8;CACNG8;IGSF11;CAMK2A;ADCY1;CASR;WHRN;CADM1;MX1;C1QL2;ABI3;ZDHHC8;SH3KBP1;SYNE1;LRRC4;PCDHB16;PSD;GRM1;POTEF;ADCY8;EPHA4;DSCAM;ANO1;SRCIN1;SLC4A10;CPLX1;SVOP;EFNB1;DOCK4;KCND1;ZDHHC2;IL31RA;SEMA4F;DMXL2;MYOF;LGI1;SDK2;FGFR2;FGFR1;HCN1;HTR2B;LAMA5;CLSTN2;ERBB3;SYN3;P2RX7;FCHSD2;ARHGEF9;CNNM2;DMD;CHRNA6;LRRC7;LAMA2;CNTNAP3;RGS10;AP1G2;CABP1;PRRT1;COLQ;RELB;RAB40A;CLU;IL1RAP;EPHA7;CLSTN3;SLC2A4;DGKE;CSPG5;NSF;DAAM1;CALB2;RPL13A;DNM1;GPM6A;CPT1C;GABRR1;KCNJ4;SLC8A2;GPHN;RGS12;AAK1;AGO2;TSC1;SLC6A12;CRELD1;PRRT2;SCRN1;EIF3L;CDH1;GRIK1;GUCY1B1;CACNG7;DRD2;BACE1;MAGI2;USP8;SYT7;EGLN1;GPSM2;VCAN;ARL8A;FBXL20;CDKL5;SPARCL1;P2RX4;KCNC3;TMEM163;CLCN5;LAMB2;PPFIA3;PJA2;RAB26;SRGAP2;HTR2C;SNX14;CACNA1B;UBE3B;RIMS2;CACNA2D2;SLC9A5;SLC12A6;ADD3;GRIN3B;SGCE;RPS28;TMOD2;ARHGEF15;HRH2;SSPN;VPS16;APBA3;NOS1;NEFH;NEFM;NPR2;TLN2;NPY2R;PRICKLE1;NTRK3;ROGDI"
"GOCC_SYNAPSE_ASSOCIATED_EXTRACELLULAR_MATRIX",0.424879945117768,1,-0.511784367720119,-1.03812404437544,1857,11,"HAPLN2;TNC;HAPLN4;ACAN;NCAN"
"GOCC_SYNAPTIC_CLEFT",0.121630727762803,1,0.562181004054929,1.30582960779524,721,26,"CBLN2;C1QTNF3;NPTX1;CBLN3;EGFLAM;NXPH1;GRIN1;CDH8;C1QL2;LGI1;LAMA5;LAMA2;COLQ"
"GOCC_SYNAPTIC_MEMBRANE",0.918111027380055,1,0.263532654081275,0.862139576606665,7309,422,"NLGN4Y;UNC13C;CHRM2;GLRA3;GRIA2;RPH3A;KCNA1;CHRNB3;P2RX1;C1QA;IL1RAPL1;LRRTM2;GAD2;CHRNG;CNTN6;GABRA1;COL13A1;SLC6A2;IQSEC3;GABRA2;FAIM2;LRFN5;TACR1;SLC1A2;SNAP25;PTCH1;STX11;PPFIA2;FLRT3;LRRTM1;ATP2B3;ADRA2A;PCDHB13;GABRB2;CACNG3;SHISA8;VWC2;SLC16A7;CRHR1;STX19;LRRC4C;ASIC2;SLITRK3;HIP1R;SLITRK1;NRXN3;SYNDIG1;NSG2;GRM7;PRKCG;ERBB4;ATP2B4;GRM5;KCNC1;GRIN1;NRP1;CHRNA3;SUSD4;CACNA1C;PDE2A;CADPS2;CHRM4;CDH8;NRCAM;APBA1;GRIP1;SLC8A3;ABHD6;GPR151;ICAM5;DGKI;TAMALIN;IGSF9B;NAPEPLD;SNCAIP;GRIN2C;GRID1;NRXN2;KCTD16;VAMP1;PCDH8;CACNG8;ADCY1;CASR;SYNE1;LRRC4;GRM1;ADCY8;EPHA4;EFNB1;KCND1;IL31RA;SEMA4F"
"GOCC_SYNAPTIC_VESICLE_MEMBRANE",0.455170396372678,1,0.33549851721457,0.998954310551686,3111,138,"UNC13C;RPH3A;ATP6V1B1;SYNGR4;SLC18A1;SLC6A2;GABRA2;SNAP25;SLC32A1;RAB27B;SYNDIG1;SV2C;SLC30A3;DOC2A;SYT12;GPR151;DGKI;SYPL2;PHF24;SYT6;VAMP1;SVOP;DMXL2;MYOF;SYN3;PRRT1;PRRT2;DRD2;SYT7;TMEM163;RAB26"
"GOCC_SYNAPTOBREVIN_2_SNAP_25_SYNTAXIN_1A_COMPLEX",0.285506455719222,1,0.676213711269241,1.18260787308508,1569,7,"SNAP25;VAMP1;NAPB;STX1A"
"GOCC_SYNAPTONEMAL_STRUCTURE",0.379117259552042,1,0.422720868990876,1.04878927122437,2301,37,"FAM9C;RNF212;SYCE3;TEX12;MSH4;SYCP1;DMC1;MEI4;SYCE2;C14orf39"
"GOCC_T_CELL_RECEPTOR_COMPLEX",0.366114897760467,1,-0.450105253632176,-1.05878273956901,1503,21,"TRGC1;CD6;TRAV36DV7;CD3D;SKAP1;TRBC1;CD8A;SYK"
"GOCC_T_TUBULE",0.998571655292811,1,0.209646446024377,0.553765548597957,6291,54,"REM1;CACNA1S;AHNAK;SCN2B;CACNB4;ATP2B4;CACNA1D;CACNA1C;CACNB3;CASQ1;CACNG8;FXYD1;SLC2A4;CACNG7;CACNA2D2;SCN1B;NOS1"
"GOCC_T_UTP_COMPLEX",0.842349304482226,1,-0.387537712715259,-0.682232574531171,3814,6,"UTP15;HEATR1;UTP4;WDR75;NOL11"
"GOCC_TELOMERASE_HOLOENZYME_COMPLEX",0.521016617790811,1,-0.400231825992873,-0.952959200629826,2131,22,"TERC;GNL3L;SMG5;NOP10;HNRNPU;SMG6;NHP2;ACD;NAT10;NVL;HNRNPC;PTGES3;SNRPB;DKC1;SNRPD3;GAR1;SMG7;WRAP53"
"GOCC_TERMINAL_BOUTON",0.665308782792896,1,0.349254259078501,0.885362061638475,4082,42,"UNC13C;CNGB1;CABP4;SLC18A1;NPY;GRIN1"
"GOCC_TERTIARY_GRANULE",0.153038915609969,1,0.388687532963095,1.16002856958298,1049,141,"ORM1;ITGAX;SLC11A1;CTSS;CYBB;CHIT1;PPBP;SERPINB12;OLR1;ITGAM;MGAM;CLEC5A;LYZ;LTF;TRPM2;SNAP25;ITGB2;ATP8B4;CD300A;CLEC4D"
"GOCC_TERTIARY_GRANULE_LUMEN",0.372666774874209,1,0.407787400374896,1.04823464450825,2295,46,"ORM1;CTSS;CHIT1;PPBP;LYZ;LTF"
"GOCC_TERTIARY_GRANULE_MEMBRANE",0.0903519798868636,1,0.477727402216703,1.28865339798235,574,63,"ITGAX;SLC11A1;CYBB;OLR1;ITGAM;MGAM;CLEC5A;TRPM2;SNAP25;ITGB2;ATP8B4;CD300A;CLEC4D"
"GOCC_TETRASPANIN_ENRICHED_MICRODOMAIN",0.737488708220416,1,0.437710677784004,0.806071664474006,4081,9,"GP6;SAMHD1;TSPAN15;PDPN;TSPAN33"
"GOCC_THO_COMPLEX",0.426142636343564,1,-0.60630747936409,-1.06736118584668,1929,6,"THOC3;THOC1;THOC7"
"GOCC_TIGHT_JUNCTION",1,1,0.182486798875172,0.540405994532989,6827,130,"CLDN2;CLDN20;ILDR2;WNK4;IGSF5;PARD3B;CLDN9;DSG3;TJP3;RIGI;TMEM114;ASH1L;CLDN4;TJP2;MPP7;CLDN3;C1QTNF5;CGNL1;JAM2;OCEL1;MAGI2;POPDC1;PRKCZ;GJA1;MAGI3;STRN;PATJ;CLDN22;NHS;ARHGEF2;OCLN;WNK3"
"GOCC_TIM22_MITOCHONDRIAL_IMPORT_INNER_MEMBRANE_INSERTION_COMPLEX",0.80946035976016,1,-0.398334691016466,-0.725931574909816,3644,7,"TIMM22;TRMT10B;TIMM10B;TIMM29;AGK;TIMM9"
"GOCC_TIM23_MITOCHONDRIAL_IMPORT_INNER_MEMBRANE_TRANSLOCASE_COMPLEX",0.805185537583254,1,-0.348598483535803,-0.768307197728635,3384,16,"GRPEL1;TIMM44;DNAJC15;TIMM23;TIMM17A;TIMM23B;HSPA9;TIMM21"
"GOCC_TOM_COMPLEX",0.857622565480188,1,-0.365274232402062,-0.704572246651163,3830,9,"TOMM40;TRABD;TOMM5;MUL1"
"GOCC_TOR_COMPLEX",0.995798319327731,1,0.228137909733215,0.449987344689344,5687,12,"SESN3;MTOR;MLST8;LARP1;RICTOR;AKT1S1;RPTOR;SESN2;PRR5;MAPKAP1;PRR5L;TTI1"
"GOCC_TORC1_COMPLEX",0.865754029587105,1,-0.373258192766434,-0.657094495479459,3920,6,"TTI1;RPTOR;AKT1S1;LARP1;MLST8;MTOR"
"GOCC_TORC2_COMPLEX",0.993857271906052,1,0.228111488573193,0.420081612380891,5500,9,"SESN3;MTOR;MLST8;RICTOR;SESN2;PRR5;MAPKAP1;PRR5L;TTI1"
"GOCC_TRAMP_COMPLEX",0.937707335053446,1,0.345135629794376,0.565680767861267,5087,5,"ZCCHC7;ZCCHC8;MTREX;TENT4B;TENT4A"
"GOCC_TRANS_GOLGI_NETWORK",1,1,0.159938200427967,0.507847341080378,7466,271,"TMEM45B;CABP7;HLA-DRB5;RBFOX1;CHST5;MS4A7;SNAP25;CLVS1;AZIN2;ATP8B4;ATG9B;FCMR;DOP1B;GSAP;MARCHF9;NSG2;RAB7B;DOP1A;PLPP3;WLS;TRAPPC9;SNX32;PARP12;ATP8B3;VAMP5;COG7;YIPF2;BAIAP3;GCNT1;GOLT1A;KIAA0319L;GBF1;MMP24;GOLGA1;STX16;RAB43;SLC2A4;LGR5;LGR6;CDH1;BACE1;OPTN;CLTCL1;PCSK1N;GGA1;SORL1;ATXN2;GOLGA4;TRAPPC6A"
"GOCC_TRANS_GOLGI_NETWORK_MEMBRANE",1,1,-0.178375558151142,-0.558410121963266,3282,110,"HLA-DQA1;PLD4;ST3GAL1;CLVS2;SLC24A5;TEPSIN;HLA-DPB1;AP1S3;COG5;HLA-DRA;AP4S1;SYS1;ASAP1;VAMP4;MYO1B;AP4E1;KIF13A;RAB8A;RABEPK;PICK1;COG3;TMEM79;ATP7A;ARFIP2"
"GOCC_TRANS_GOLGI_NETWORK_TRANSPORT_VESICLE",0.999482401656315,1,-0.201374012698343,-0.550672229316467,3861,44,"CLRN1;STON2;AP1S3"
"GOCC_TRANS_GOLGI_NETWORK_TRANSPORT_VESICLE_MEMBRANE",0.992621741269061,1,-0.231390273110055,-0.571438752233756,4035,26,"STON2;AP1S3;AP1S2;AP1M1;AP1G1;AP4B1;AP2M1;AP3M2;CLTC;RASSF9;AP3M1;CLTA;CLTB;AP2A1;NRGN;AP1B1;AP4M1;CLBA1;AP1M2;SYNRG;AP1S1;STON1;AFTPH;CLTCL1;AP1G2;NCALD"
"GOCC_TRANS_SYNAPTIC_PROTEIN_COMPLEX",0.108923410404624,1,0.744835668471233,1.34129298547946,602,8,"CBLN2;EGFLAM;NRXN3;GRID1;NRXN2"
"GOCC_TRANSCRIPTION_ELONGATION_FACTOR_COMPLEX",0.997058823529412,1,-0.223339262238033,-0.624598188563889,3728,51,"RB1;MMS22L;PAF1;AFF2;CDK9;PEX2;ZC3H8;MLLT1;ELOF1;NELFCD;SSRP1;CDC73;ELL;TCEA2;SKIC8;NUFIP1;SUPT5H;CDK12;LEO1;SUPT16H;ICE1;ELL2;CTR9;ELOC;ELP4;ELOA;NELFB;SUPT6H;CCNK;NELFE;EAF1;NELFA;TONSL;MLLT3;SNW1;CDK13;CCNT1;RTF1;ICE2;CCNT2;EPOP;EAF2;ELOB;SUPT4H1;ELL3;AFF4;TTF2;ELP2;AFF1;ERCC6;AFF3"
"GOCC_TRANSCRIPTION_EXPORT_COMPLEX",0.34012952746462,1,-0.488652864882761,-1.0911867323792,1417,17,"THOC3;ERH;DDX39A;ALYREF;THOC1;NCBP3;DDX39B;THOC7;CHTOP"
"GOCC_TRANSCRIPTION_EXPORT_COMPLEX_2",0.697063369397218,1,-0.466379178687376,-0.821027366741472,3156,6,"ENY2;SEM1;CETN2"
"GOCC_TRANSCRIPTION_FACTOR_AP_1_COMPLEX",0.970412894678737,1,-0.267790032414179,-0.471425301985888,4394,6,"FOSL2"
"GOCC_TRANSCRIPTION_FACTOR_TFIIA_COMPLEX",0.0178768890527092,1,0.893948808862013,1.46519108713002,96,5,"GTF2A1L;GTF2A1"
"GOCC_TRANSCRIPTION_FACTOR_TFIID_COMPLEX",0.943781094527363,1,-0.276655488748429,-0.708168273829364,3793,31,"TAF7L;GTF2E1;TAF5;TAF9;TAF1;TAF12;GTF2E2;GTF2H5;TAF3;TAF11;ERCC2;TAF13;TAF6;ERCC3;GTF2H3;TAF2;TAF9B;GTF2A2"
"GOCC_TRANSCRIPTION_FACTOR_TFIIH_HOLO_COMPLEX",0.843356643356643,1,-0.353692907609745,-0.728492442600682,3617,12,"MNAT1;CCNH;GTF2H5;ERCC2;ERCC3;GTF2H3;GTF2H4;GTF2H2;MMS19;GTF2H2C;CDK7;GTF2H1"
"GOCC_TRANSCRIPTION_FACTOR_TFIIIC_COMPLEX",0.747405608302053,1,-0.442054697270551,-0.778205847605012,3384,6,"GTF3C6;GTF3C4;GTF3C5;GTF3C1;GTF3C2"
"GOCC_TRANSCRIPTION_FACTOR_TFTC_COMPLEX",0.863299018434283,1,-0.322238450708874,-0.732717601471777,3605,18,"ENY2;TAF5L;TAF5;TRRAP;TAF9;SUPT3H;TAF12;USP22;ATXN7;TAF6;TAF2;TAF9B;TADA3;TAF4;KAT2A"
"GOCC_TRANSCRIPTION_PREINITIATION_COMPLEX",0.976295607715547,1,-0.255405405405405,-0.536659832871023,4200,13,"POLR2M;BRF2;RPAP2;ERCC3;GTF2H3;RPRD1A;RPRD2;GTF2B;BRF1;RECQL5;GTF2A1;RPRD1B;TAF10"
"GOCC_TRANSCRIPTION_REGULATOR_COMPLEX",0.577679449360865,1,0.293088781266815,0.968201620473718,4699,497,"SOX17;DMBX1;GTF2A1L;GATA2;GFI1;RXRG;NKX2-5;TAL1;LHX3;POU4F2;MSX1;CDX2;SOX14;NKX2-1;HNF1B;CRX;SKOR2;GATA6;FOXP2;GATA4;BORCS8-MEF2B;ASCL1;NFE2;POU2AF1;SIX3;GSC;MYF6;PRDM16;IL37;LEF1;ISL1;MAFB;NFATC4;KLF4;RBPJL;HAND1;MYB;STAT4;SOX9"
"GOCC_TRANSCRIPTION_REPRESSOR_COMPLEX",0.940398357913943,1,0.27010797239882,0.768974687230251,6184,94,"GFI1;CDX2;PRDM16;IL37;H1-0;MXD1;MXI1;RELB;LIN54;RBL1;ZFPM1;SPEN;LIN37;TBX15;RBPJ;RCOR3"
"GOCC_TRANSFERASE_COMPLEX",1,1,-0.105875990614811,-0.396896428287074,1051,984,"POTEKP;KLHL40;FBXW10;INSRR;DYDC1;ACTL8;ASB4;POTEI;TERC;PRKAG3;KLHL30;SPTLC3;TGFB3;ALG14;FXN;PHKG1;KLHL6;DCAF12L2;AKAP14;FBXO39;CDK15;DAW1;F13A1;SUPT20HL2;CBX8;TIFA;TRIM21;RB1;TMEM183BP;UBXN8;KDM6A;KLHL4;PRKN;CSNK2A3;PRAME;SOCS2;PIGH;FBXL16;PRPS1;POLR3H;PGGT1B;TAF7L;POLR1B;HDAC9;FBXO28;GLMN;ENC1;KLHL20;CTU1;IFIT5;POLR3E;ACTL6B;PRKAR1B;KLHL13;TGFBR2;POLR3G;POLE;CCNE2;ASF1A;CCND3;POLR1A;TRMT6;ENY2;CDK14;ALKBH8;POLR2G;THG1L;DAPK1;HERPUD1;RNF144B;RNF14;POLR3K;MED21;NSMCE1;PRKX;MED10;VIRMA;FBXO15;TAF5L;UBE3D;NFS1;NEDD4;PAF1;ACTB;DCAF12L1;KMT2B;ACVR2A;PCGF3;THUMPD2;ACTL6A;RBBP5;GTF2E1;TEX10;WDFY3;WDR4;SENP3;MNAT1;PIAS4;MSL3B;KCMF1;CDK2;CDC26;CCNQ;CCNJL;LYRM4;FBXO32;NAA10;RIOK1;TADA2A;EED;SEL1L;DMAP1;CDKN2D;PKLR;POLA1;HAT1;DLAT;CCNE1;POLR2M;ANAPC13;UGT3A1;IGF1R;CDK4;PIK3R4;CACYBP;DPH2;CDK9;FBXW7;CCNA1;PEX2;SLF2;PCGF5;FZR1;RBBP7;ERC1;DTL;DCAF4L1;CDK11A;RBCK1;RNF40;MRGBP;POLR2J;CBX6;ERH;TRMT61A;POLR1G;TRAF6;PELP1;POLR2F;RNF2;ZBTB7A;MOCS2;NSMCE3;EID3;DYDC2;TANK;TAF5;L3MBTL2;SMG9;RNF20;DCUN1D4;FBXO4;CHM;JADE3;MKLN1;PRPF31;ACVR1B;KLHL21;ZNF335;FEM1A;ANKRD9;PFKFB3;DLD;TRAF2;MED30;KLHL7;RING1;KLHL18;PIGY;PIGA;BRPF1;EZH2;KCTD10;ASB7;PFKFB4;TFDP1;ACTG1;SNRPG;STUB1;FBXL14;CUL1;RAD51;MAX;BUD23;KAT7;VCP;CDC73;MYD88;BCCIP;C9orf72;AMT;POLR1C;TBPL1;SKP2;NAA20;KLHL36;BRCC3;ZC3H13;NSMCE2;INO80C;TRRAP;COMMD1;CCNH;THUMPD3;MAT2A;WDR5;UBE2J2;POLR2B;CBX2;PDSS1;DCUN1D5;OSGEP;PAXIP1;ALG13;PRIM2;KCTD5;TRMT61B;RAD18;PARD6G;DCAF1;PCNA;ATG5;DCAF13;OGDH;FBXO5;PRDM4;TBC1D5;HAS3;SUGT1;ATG101;PFKM;UBE4A;POLR3C"
"GOCC_TRANSFERASE_COMPLEX_TRANSFERRING_PHOSPHORUS_CONTAINING_GROUPS",1,1,0.16628787149431,0.533831708309032,7634,312,"PRKY;GTF2A1L;PFKFB1;PRKACG;PYDC1;PSG9;CCNO;PIK3R6;IRAK2;CDK5R2;INSR;POLR2J3;NEK10;PIK3R3;PIK3R5;PIK3CD;TGFB1;CCNI2;CDK17;CDK6;TRAF3;CAB39L;CCNG2;POLR2J2"
"GOCC_TRANSFORMING_GROWTH_FACTOR_BETA_LIGAND_RECEPTOR_COMPLEX",0.946647177050978,1,0.326747194390093,0.554819098438523,5180,6,"PSG9;TGFB1"
"GOCC_TRANSLOCON_COMPLEX",0.927691963286322,1,-0.31485484867202,-0.607319017930827,4143,9,"SEC61A1;SSR2;SEC61B;SEC61G;SSR4;SSR3;SEC61A2;SSR1;ARL6IP1"
"GOCC_TRANSPORT_VESICLE",1,1,0.198118431760609,0.651472238321526,8073,457,"GALNT15;UNC13C;SLC40A1;RPH3A;ATP6V1B1;SYTL3;DEFA6;SEC16B;SYNGR4;HLA-DRB5;SLC18A1;SPRR2A;SLC6A2;GABRA2;HCK;SNAP25;NPTX1;SLC32A1;RAB27B;AZIN2;PPFIA2;NRSN1;SYNDIG1;NTS;SV2C;APOLD1;SEC31B;SLC30A3;GRIN1;DOC2A;HLA-H;ITPR1;NGF;APBA1;SYT12;GPR151;DGKI;RNF112;SNCAIP;SYPL2;B2M;PHF24;PTPRN;SYT6;YIPF2;KIRREL3;VAMP1;PCSK1;CIDEB;SVOP;BGN;NCALD;DMXL2;MYOF;HLA-A;SYTL1;SYN3;C1QTNF5;AP1G2;PRRT1;RAB40A;RAB27A;HLA-F;SLC2A4;CHGA;STEAP2;FGFR3;VGF;HLA-G;PRRT2;CEACAM1;DRD2;BACE1;CLTCL1;SYT7;SORL1;TMEM163;CLCN5"
"GOCC_TRANSPORT_VESICLE_MEMBRANE",1,1,0.205224740647561,0.647023366548518,7387,249,"UNC13C;RPH3A;ATP6V1B1;SEC16B;SYNGR4;HLA-DRB5;SLC18A1;SLC6A2;GABRA2;SNAP25;SLC32A1;RAB27B;SYNDIG1;SV2C;SEC31B;SLC30A3;DOC2A;HLA-H;ITPR1;SYT12;GPR151;DGKI;SYPL2;B2M;PHF24;PTPRN;SYT6;VAMP1;CIDEB;SVOP;NCALD;DMXL2;MYOF;HLA-A;SYN3;AP1G2;PRRT1;HLA-F;HLA-G;PRRT2;CEACAM1;DRD2;CLTCL1;SYT7;SORL1;TMEM163;RAB26;HLA-B"
"GOCC_TRANSPORTER_COMPLEX",1,1,0.21838698525333,0.723057572304888,8196,517,"COX4I2;SLC6A19;SCNN1B;PKD2L1;GLRA3;GRIA2;CYBB;KCNA1;KCNH7;ATP6V1B1;CHRNB3;ABCG5;CNGB1;KCNG2;CATSPER1;CACNA1S;CHRNG;NDUFA4L2;ACE2;SCNN1G;CACNA1F;CATSPERE;GABRA1;BEST2;FXYD2;KCNK7;CATSPERB;GABRA2;SNAP25;SCN11A;CNGA1;SLC7A9;SCN2B;CACNB4;ATP8B4;NDUFC2-KCTD14;LRRC26;GABRB2;CACNG3;CACNA1E;SHISA8;VWC2;COX6B2;CLIC2;SCN2A;ATP1B2;SLC9A2;KCNA3;SLC30A3;KCNJ6;KCNK12;KCNIP1;KCNC1;GRIN1;KCNB2;CHRNA3;TRPC3;CACNA1D;CACNA1C;CLTRN;ATP10D;CACNB3;KCNE2;GABRP;ABHD6;RYR3;LRRC55;KCNK4;TTYH1;UNC79;GRIN2C;KCNK10;ATP8B3;TESC;SCN4B;TRPC7;TRPV6;CFTR;GRID1;CLDN4;KCNN1;CLCN7;CACNG8;KCNG3;ABCA2;ATP6V1C2;SCN7A;KCNH5"
"GOCC_TRAPP_COMPLEX",0.980732635585157,1,-0.258032609735915,-0.568701014697462,4122,16,"TRAPPC10;TRAPPC2;TRAPPC4;TRAPPC12;TRAPPC14;TRAPPC13;TRAPPC2L"
"GOCC_TRAPPII_PROTEIN_COMPLEX",0.883449883449883,1,-0.335558836733824,-0.691142150009377,3789,12,"TRAPPC10;TRAPPC2;TRAPPC4;TRAPPC14;TRAPPC13;TRAPPC2L"
"GOCC_TRAPPIII_PROTEIN_COMPLEX",0.963636363636364,1,-0.281520297333402,-0.579840320893192,4133,12,"TRAPPC2;TRAPPC4;TRAPPC12;TRAPPC13;TRAPPC2L"
"GOCC_TRICARBOXYLIC_ACID_CYCLE_HETEROMERIC_ENZYME_COMPLEX",0.819310991328802,1,-0.351326306034982,-0.751512214501149,3495,14,"DLD;IDH3A;OGDH;KGD4;SUCLG1;ABHD11;BCKDK;KAT2A;IDH3G;IDH3B;DLST;OGDHL;SUCLG2;SUCLA2"
"GOCC_TRIGLYCERIDE_RICH_PLASMA_LIPOPROTEIN_PARTICLE",0.017157712305026,1,0.744929449195645,1.54410145921348,98,15,"APOC4;APOA5;APOA2;APOA1"
"GOCC_TRNA_INTRON_ENDONUCLEASE_COMPLEX",0.5625,1,-0.555661434730096,-0.942042198044856,2573,5,"TSEN2;TSEN15;TSEN34"
"GOCC_TRNA_METHYLTRANSFERASE_COMPLEX",0.125,1,-0.61005674778899,-1.32820741261606,528,15,"TRMT6;ALKBH8;THUMPD2;WDR4;TRMT61A;BUD23;THUMPD3;TRMT61B;METTL6;HSD17B10"
"GOCC_TRNA_SPLICING_LIGASE_COMPLEX",0.715181370353784,1,-0.430457440648523,-0.809037678680511,3193,8,"DDX1;FAM98B;FAM98C;FAM98A;RTCB;ZBTB8OS;RTRAF;C2orf49"
"GOCC_TROPONIN_COMPLEX",0.700325144508671,1,0.465372832299044,0.838038968886362,3876,8,"TNNI2;TNNI3;TNNI1;TNNC2"
"GOCC_TUBULAR_ENDOSOME",0.901881966014983,1,0.37487155633779,0.636534612962187,4935,6,"SNX32;ANKRD27;VPS35;SNX5;VPS26A"
"GOCC_TUMOR_NECROSIS_FACTOR_RECEPTOR_SUPERFAMILY_COMPLEX",0.183682983682984,1,-0.611276288231073,-1.25903049435381,787,12,"LTA;BIRC3;TRADD;TNFRSF14"
"GOCC_U1_SNRNP",0.909090909090909,1,0.31563056416083,0.686572374377145,5299,19,"WEE2-AS1;SNRPN;SNRPA;SNRPE;PRPF40B"
"GOCC_U11_U12_SNRNP",0.99830335934849,1,0.209717287192955,0.466901000405481,5883,21,"SNRNP25;SNRPE;ZCRB1;ZMAT5;SF3B1;SF3B6;SF3B2;SNRPD2;SNRPD1;SNRNP35;RNPC3;SNRPF;SF3B3;SNRPD3;SNRPB;PDCD7;SF3B4;SF3B5;SNRPG;SNRNP48;ZRSR2"
"GOCC_U12_TYPE_CATALYTIC_STEP_2_SPLICEOSOME",0.914482056502927,1,-0.283864734299517,-0.756735692302562,3592,38,"PLRG1;SNRPG;ARMC7;CRNKL1;PPIL2;RBMX2;SF3B5;CWC15;SNRNP40;SF3B4;PHF5A;EFTUD2;SNRNP200;BUD13;CWC22;SNRPB;SNRPD3;SF3B3;PRPF8;SNRPF;CDC5L;CWC27;CRIPT;SRRM1;GPKOW;DHX16;SNRPD1;SNW1;SNRPD2;SF3B2;SCNM1;SF3B6;RBM48;SF3B1;SNIP1;SRRM2;RNF113A;SNRPE"
"GOCC_U12_TYPE_PRECATALYTIC_SPLICEOSOME",0.995437262357414,1,-0.223176451120696,-0.585556743508824,3926,35,"TXNL4B;CENATAC;PRPF31;SNRNP48;PRPF4;SNRPG;PRPF3;SF3B5;SNRNP40;SART1;DDX23;SF3B4;PRPF6;PHF5A;EFTUD2;SNRNP200;USP39;PDCD7;SNRPB;PRP4K;SNRPD3;SF3B3"
"GOCC_U12_TYPE_SPLICEOSOMAL_COMPLEX",0.988971601874828,1,-0.236328795594693,-0.680912701610771,3586,61,"RBM41;TXNL4B;ZRSR2;PLRG1;CENATAC;PRPF31;SNRNP48;PRPF4;SNRPG;ARMC7;CRNKL1;PPIL2;RBMX2;PRPF3;SF3B5;CWC15;SNRNP40;SART1;DDX23;YBX1;SF3B4;PRPF6;PHF5A;EFTUD2;SNRNP200;BUD13;DHX15;USP39;PDCD7;CWC22;SNRPB;PRP4K;SNRPD3;SF3B3"
"GOCC_U2_SNRNP",0.963600590260698,1,-0.265654575655735,-0.656057478983563,3917,26,"SF3A3;SNRPB2;SNRPG;U2SURP;RBMX2;SNRPA1;SF3B5;DDX46;HTATSF1;SF3B4;PHF5A;SF3A2;BUD13;SNRPB;SNRPD3;SF3B3;SNRPF;SNRPD1;SNRPD2;SF3B2;SF3B6;SF3A1;SF3B1;SNIP1;SNRPE;SNRPN"
"GOCC_U2_TYPE_CATALYTIC_STEP_2_SPLICEOSOME",0.911454311454311,1,-0.282302013682217,-0.758933080894875,3540,40,"SNRPB2;BUD31;PLRG1;SNRPG;BCAS2;CRNKL1;PRPF19;SNRPA1;DHX8;CWC15;SNRNP40;EIF4A3;RBM8A;XAB2;EFTUD2;MAGOH;FAM32A;NKAP;SNRNP200;CACTIN;CWC22;SNRPB;SNRPD3;SYF2;PRPF8;SNRPF;CDC5L;PPIL1;PRKRIP1;SNRPD1;SNW1;SNRPD2;RBM22;CASC3;PPIE;AQR;SRRM2;CDC40;SNRPE;SLU7"
"GOCC_U2_TYPE_PRECATALYTIC_SPLICEOSOME",0.891165513571048,1,-0.283996442794726,-0.79232727104613,3348,50,"LSM8;SF3A3;SNRPB2;LSM6;PRPF31;SMU1;PRPF4;ZMAT2;SNRPG;RBMX2;PRPF3;SNRPA1;SF3B5;SART1;MFAP1;SF3B4;PRPF6;PHF5A;EFTUD2;LSM2;SF3A2;SNRNP200;LSM3;BUD13;CWC22;SNRPB;SNRPD3;SF3B3;TXNL4A;PRPF8;SNRPF;LSM7;CWC27;PRPF38A;DHX16;SNRPD1;SNRPD2;SF3B2;WBP4;MAGOHB;LSM4;LSM5;SF3A1;IK;SF3B1;SNIP1;SRRM2;RNF113A;SNU13;SNRPE"
"GOCC_U2_TYPE_SPLICEOSOMAL_COMPLEX",0.897443700547778,1,-0.266914267866821,-0.834888831529318,2948,109,"LSM8;WDR70;GCFC2;YJU2;KIN;SF3A3;SNRPB2;U2AF2;LSM6;BUD31;PLRG1;PRPF31;SMU1;PRPF4;ZMAT2;SNRPG;BCAS2;CRNKL1;PRPF19;PPIL2;RBMX2;DHX38;PRPF3;LUC7L;SNRPA1;DHX8;SF3B5;CWC15;DDX46;SNRNP40;EIF4A3;DDX42;SART1;MFAP1;RBM8A;HTATSF1;SF3B4;PRPF6;PHF5A;XAB2;PPWD1;EFTUD2;MAGOH;LSM2;SF3A2;FAM32A;NKAP;SNRNP200;LSM3;CACTIN;BUD13;DHX15;CWC25;CWC22;SNRPB"
"GOCC_U2AF_COMPLEX",0.792832167832168,1,-0.430023056592889,-0.729040815365392,3627,5,"U2AF1;ZRSR2;U2AF2;SF1"
"GOCC_U4_SNRNP",0.981400245657133,1,0.269073359073359,0.539365124570022,5592,13,"SNRPN;SNRPE;SNU13;SNRPD2;SNRPD1;SNRPF;SNRPD3;SNRPB;DDX39B;PRPF3;SNRPG;PRPF4;PRPF31"
"GOCC_U4_U6_SNRNP",0.94011544011544,1,-0.283667400455722,-0.662124109093193,3908,20,"LSM8;LSM6;PRPF31;PRPF4;SNRPG;PRPF3;PPIH;LSM2;LSM3;SNRPB;SNRPD3;SNRPF;LSM7;SNRPD1;SNRPD2;LSM4;LSM5;SNU13;SART3;SNRPE"
"GOCC_U4ATAC_SNRNP",0.955636862565744,1,-0.283568836383291,-0.575202459966593,4178,11,"PRPF31;PRPF4;SNRPG;PRPF3;SNRPB;SNRPD3;SNRPF;SNRPD1;SNRPD2;SNU13;SNRPE"
"GOCC_U4ATAC_U6ATAC_X_U5_TRI_SNRNP_COMPLEX",0.469147894221352,1,-0.390733230584075,-0.981626707548039,1915,28,"LSM8;TXNL4B;LSM6;CENATAC;PRPF31;PRPF4;SNRPG;PRPF3;SNRNP40;SART1;DDX23;PRPF6;EFTUD2;LSM2;SNRNP200;LSM3;USP39;SNRPB;SNRPD3"
"GOCC_U5_SNRNP",0.809283309283309,1,-0.333011608487164,-0.777301213438772,3364,20,"TSSC4;TXNL4B;CD2BP2;AAR2;SNRPG;SNRNP40;DDX23;PRPF6;EFTUD2;SNRNP200;SNRPB;SNRPD3;TXNL4A;PRPF8"
"GOCC_U6_SNRNP",0.876650996194314,1,-0.356159535914058,-0.686991038855953,3915,9,"LSM8;LSM6;DDX39B;LSM2;LSM3"
"GOCC_U6ATAC_SNRNP",0.897223466188983,1,-0.342916968881429,-0.644506802033693,4006,8,"LSM8;LSM6"
"GOCC_U7_SNRNP",0.956029313790806,1,-0.28352505211148,-0.51670063453541,4304,7,"LSM10;SNRPG;SNRPB;SNRPD3;SNRPF;LSM11;SNRPE"
"GOCC_UBIQUINONE_BIOSYNTHESIS_COMPLEX",0.937293000662398,1,-0.308256455784151,-0.542663561623471,4244,6,"COQ7;COQ3;COQ4;COQ6;COQ9;COQ5"
"GOCC_UBIQUITIN_CONJUGATING_ENZYME_COMPLEX",0.394760412001791,1,-0.571638895192724,-1.07438590006354,1762,8,"RNF40;RNF20;STUB1;UBE2A;UBE2N;UBE2V1;UBE2V2"
"GOCC_UBIQUITIN_LIGASE_COMPLEX",1,1,-0.106070979754862,-0.375915965565315,2098,380,"KLHL40;FBXW10;ASB4;KLHL30;KLHL6;DCAF12L2;FBXO39;DAW1;CBX8;TIFA;TRIM21;TMEM183BP;UBXN8;KLHL4;PRKN;PRAME;SOCS2;FBXL16;FBXO28;GLMN;ENC1;KLHL20;KLHL13;HERPUD1;RNF144B;RNF14;MED21;MED10;FBXO15;UBE3D;NEDD4;DCAF12L1;PCGF3;KCMF1;CDC26;FBXO32;SEL1L;ANAPC13;CACYBP;FBXW7;PEX2;PCGF5;FZR1;DTL;DCAF4L1;RBCK1;RNF40;CBX6;TRAF6;RNF2;L3MBTL2;RNF20;DCUN1D4;FBXO4;MKLN1;KLHL21;FEM1A;ANKRD9;TRAF2;MED30;KLHL7;RING1;KLHL18;KCTD10;ASB7;TFDP1;STUB1;FBXL14;CUL1;RAD51;MAX;VCP;SKP2;KLHL36;BRCC3"
"GOCC_UDP_N_ACETYLGLUCOSAMINE_TRANSFERASE_COMPLEX",0.387732258786658,1,-0.55881396685463,-1.07788827450998,1731,9,"ALG14"
"GOCC_UNCONVENTIONAL_MYOSIN_COMPLEX",0.932984104046243,1,0.334405544076992,0.602194322267791,5164,8,"MYO18B;MYO6;MYO1C"
"GOCC_UNIPLEX_COMPLEX",0.674321042172665,1,-0.476470083740265,-0.838791687239075,3053,6,"MCUB;MICU3"
"GOCC_VACUOLAR_LUMEN",0.27558941920644,1,0.359365937703219,1.08333166692392,1916,155,"MPO;GPC5;CTSS;ARG1;PRSS2;OMD;AZU1;LYZ;CUBN;LUM;PLAC8;SMPD1;SERPINB3;PRELP;NEU4;IDUA;NAAA;NSG2;BCAN;OGN;RNASET2;PRTN3;BGN;CTSV;CTSK;ADA2;CSPG5;NPC2;ARSA;HGSNAT;GALC;TOLLIP;AGA;DYNC1H1;VCAN;LIPA"
"GOCC_VACUOLAR_MEMBRANE",1,1,0.124843111983264,0.412252842446302,8130,491,"SLC11A1;ATP6V1B1;TMEM45B;HLA-DRB5;AZU1;CUBN;OCA2;GFAP;TRPM2;DEPTOR;AHNAK;ENPEP;SLC36A1;ARRB1;FCMR;LNPEP;RNF152;MARCHF9;ABCA3;ABCC11;ACP3;SLC30A3;NFAM1;HLA-DMB;HLA-H;PLAAT3;SLC15A4;MYL11;ABHD6;RRAGB;B2M;TM6SF1;MFSD1;PLA2G4E;CP;CFTR;RAB37;VAMP1;CLCN7;ABCA2;MAP1LC3C;EVA1A;ATP6V1C2;MCOLN3;DTX3L;ABCA13;STOM;BST2;CD1D;SLC26A11;HLA-F;RAB24;SZT2;BLOC1S2;ATP11A;NSF;VPS13A;BORCS7;MARCHF2;TSC1;STING1;CCZ1B;HGSNAT;CDH1;TFEB;SYT7;ARL8A;GPR137B;P2RX4;TMEM163;CLCN5;TRAF3IP3;SNX14;TMEM106B;IFITM1;UVRAG;VPS16;WDR59;PRKD1;ANPEP;CD164;FLCN;EEF1A1;TMEM179B;HLA-DQB1;LAMP3;LITAF;SCARB2;MANBA;AP5B1;TMEM59;DRAM2;STX17;JMY;IFITM2;CALCOCO2;IFITM3;OCLN;MARCHF1;DPP4;VPS13B;PSEN1;GABARAPL1;OSTM1;SYNGR1;TOM1;VAMP8;STX7;CHMP2A;SLC31A2;MYO6;MFSD8;ABCD1;TMEM30A;TFE3;AP1S1;BORCS5;CD74"
"GOCC_VACUOLE",1,1,0.178690457031231,0.605917029402775,8757,840,"PEG3;MPO;MEFV;GPC5;SLC11A1;CTSS;ATP6V1B1;PSAPL1;CHIT1;ARG1;TMEM45B;GLB1L2;SRGN;PRSS2;OMD;HLA-DRB5;PLA2G5;AZU1;LYZ;RUFY4;CUBN;OCA2;GFAP;TRPV3;TRPM2;SFTPB;HCK;LUM;DEPTOR;AHNAK;ENPEP;SLC36A1;ARRB1;ATG9B;FCMR;PLAC8;LNPEP;SMPD1;SERPINB3;PRELP;RNF152;CPA2;ARSG;NEU4;CD34;IDUA;CRHBP;NAAA;MARCHF9;ABCA3;NSG2;ABCC11;ACP3;SLC30A3;INSR;NFAM1;DOC2A;CXCR4;RAB7B;HLA-DMB;DOP1A;KCNE2;HLA-H;PLAAT3;SLC15A4;MYL11;ABHD6;CD1C;RRAGB;B2M;TM6SF1;MFSD1;ADAM8;PLA2G4E;SERPINB1;CP;CFTR;RAB37;VAMP1;CLCN7;BCAN;OGN;GLB1L;SLCO2A1;ABCA2;MAP1LC3C;EVA1A;ATP6V1C2;MCOLN3;RNASET2;ULK2;DTX3L;ABCA13;PRTN3;BGN;STOM;DNASE2B;SHKBP1;CTSV;CTSK;BST2;CD1D;SLC26A11;RAB27A;HLA-F;RAB24;ADA2;SZT2;BLOC1S2;CSPG5;KLHL22;TNFAIP3;ATP11A;NPC2;NSF;VPS13A;BORCS7;MARCHF2;ARSA;TSC1;FYCO1;STING1;CCZ1B;HGSNAT;CDH1;BACE1;OPTN;GALC;TOLLIP;AGA;TFEB;DYNC1H1;SYT7;VCAN;ARL8A;GPR137B;P2RX4;TMEM163;CLCN5;TRAF3IP3;LIPA;SNX14;TMEM106B;IFITM1;MAN2B1;UVRAG;VPS16;WDR59;PRKD1;ANPEP;CD164;HYAL3;CTSH;FLCN;TBC1D25;EEF1A1;TMEM179B;HLA-DQB1;MAN2B2;LAMP3;BBC3;LITAF;SCARB2;MANBA;AP5B1;TMEM59;ANKRD27;DRAM2;CTSB;STX17;IFNAR1;JMY;IFITM2;CALCOCO2;GNPTG;IFITM3;OCLN;ARSK;MARCHF1;ASAH1;ADA;TP53INP1;DPP4;VPS13B;PSEN1;GABARAPL1;OSTM1;SYNGR1;TPP1;DAPK2;TOM1;VAMP8;STX7;CHMP2A;ACE;SLC31A2;ANK2;MYO6;MFSD8;WDR48;ABCD1;TMEM30A;TFE3;AP1S1"
"GOCC_VARICOSITY",0.531867643793027,1,-0.528356509217186,-0.962885436543688,2394,7,"CRH;DAGLA;CD40;MAP1B;BIN1;UCN"
"GOCC_VCP_NPL4_UFD1_AAA_ATPASE_COMPLEX",0.708753078128498,1,-0.4224830142063,-0.814921448287759,3165,9,"UFD1;FAF2;VCP;RNF125;FAF1;AFG2B;NPLOC4;UBXN1;UBXN7"
"GOCC_VESICLE_COAT",0.942265193370166,1,-0.264824770082159,-0.771630864862015,3410,65,"COPZ2;SGIP1;SAR1B;STON2;AP1S3"
"GOCC_VESICLE_LUMEN",0.832756785524215,1,0.276068453966663,0.879803580402188,6258,285,"A2M;ORM1;MPO;SERPINA1;GIP;ITIH3;PLG;CHIT1;GMFG;ARG1;PPBP;SRGN;PRSS2;AZU1;LYZ;LTF;PF4;ALOX5;SERPINF2;PLAC8;SELENOP;SERPINB3;LCN2;MMRN1;PDGFA;TF;ECM1;APOA1;POMC;MVP;B2M;TGFB1;DOCK2;SERPINB1;QPCT;CXCL1;FN1"
"GOCC_VESICLE_MEMBRANE",0.999891398783666,1,0.23484582041486,0.807223325672671,9206,1201,"TBC1D3;SIRPB1;WNT1;ITGAX;UNC13C;SCNN1B;CD274;WNT7B;GBP2;CHRM2;GAD1;SLC11A1;GRIA2;MR1;SLC26A9;RPH3A;TMEM72;CYBB;ATP6V1B1;RHO;TYRP1;GBP1;GALNTL5;CNGB1;P2RX1;EQTN;SERPINB12;SLC9A4;TMEM45B;GAD2;TRARG1;SEC16B;SYNGR4;ANXA8;HLA-DRB5;SPACA1;ATP13A5;DIO3;SLC18A1;OLR1;AZU1;ITGAM;MGAM;CLEC5A;ACE2;NOSTRIN;GPRC5A;GABRA1;OCA2;CD36;WNT4;TRPM2;FGD2;SLC6A2;GABRA2;AQP7;REP15;DCST2;SNAP25;SPHK1;ADGRG3;CLVS1;PTCH1;PNLIPRP2;ITGB2;SLC32A1;RAB27B;ATP8B4;ALDH3B1;SPACA4;ARRB1;ATG9B;CD300A;C5AR1;FCMR;CLEC4D;LNPEP;GABRB2;ACRBP;PTPRC;CACNG3;DOP1B;UBAP1L;SLC39A4;IRAK2;WAS;MYCBPAP;CX3CR1;NPC1L1;PKDREJ;GPR135;HIP1R;AMN;SYNDIG1;ABCA3;SV2C;NSG2;ABCC11;THSD1;SEC31B;ACP3;SLC30A3;TF;GPR62;PLPP2;ZDHHC1;INSR;NFAM1;DOC2A;ICA1L;IZUMO1;RAB7B;ROR2;HLA-DMB;CADPS2;INPP5F;RHOU;HLA-H;EPN3;SLC15A4;ITPR1;ABHD6;CD1C;RIPOR1;SYT12;GPR151;CD8B;SLC26A7;DGKI;IRF7;FCER1G;WLS;NAPEPLD;DSG1;RET;KREMEN2;SYPL2;SLC9A9;TAP1;SNX32;B2M;FCGR2A;LDLRAD4;ATP8B3;GPR61;ADAM8;VAMP5;PLA2G4E;TLR6;WNT5A;DKK1;AQP11;PHF24;PTPRN;CFTR;SYT6;YIPF2;SH3BP5;RAB37;BAIAP3;VAMP1"
"GOCC_VESICLE_TETHERING_COMPLEX",1,1,0.167960026267099,0.456140616811548,6393,66,"EXOC3L4;TRAPPC9;COG7;TRAPPC6A;VPS16;VPS51;STX17;VPS52;HOOK3;TRAPPC11;VPS41;VPS33B;AKTIP;VPS11;COG4;EXOC4;EXOC3L2;TRAPPC2B;VIPAS39;HOOK2;COG6;VPS39;HOOK1;TRAPPC6B"
"GOCC_VOLTAGE_GATED_CALCIUM_CHANNEL_COMPLEX",0.951883868863154,1,0.275196591513493,0.700185716211598,5835,43,"CATSPER1;CACNA1S;CACNA1F;CATSPERE;CATSPERB;CACNB4;CACNG3;CACNA1E;CACNA1D;CACNA1C;CACNB3"
"GOCC_VOLTAGE_GATED_SODIUM_CHANNEL_COMPLEX",0.774286399616215,1,-0.354306655706116,-0.791184805583649,3227,17,"SCN3A;SCN1A;UNC80;SCN9A;SCN5A"
"GOCC_VON_WILLERBRAND_FACTOR_A_DOMAIN_RICH_COLLAGEN_TRIMER",0.608039085054408,1,-0.490188026630034,-0.893326577369999,2737,7,"COL6A5"
"GOCC_WASH_COMPLEX",0.975158190766346,1,-0.258349743233329,-0.552628665482711,4160,14,"WASHC5;CAPZB;WASHC1;CAPZA1;WASHC2A;DNAJC13;WASHC4;WIPF3;SNX27;WASHC2C;WASH6P;TBC1D23;WASHC3;RCSD1"
"GOCC_WEIBEL_PALADE_BODY",0.966721222040371,1,0.297828724868393,0.520862841126293,5315,7,"APOLD1;RAB27A"
"GOCC_WNT_SIGNALOSOME",0.25517081106205,1,-0.5628790636303,-1.18272588528403,1097,13,"WNT2"
"GOCC_X_CHROMOSOME",0.180821917808219,1,-0.647844328189305,-1.28035411218714,791,10,"LRIF1;MACROH2A1;PCGF3;CDK2;FIRRE;PCGF5;H2AZ1"
"GOCC_XY_BODY",0.785353095030514,1,0.380596036907488,0.775963357205818,4503,14,"SPDYA;PBX4;PLK4"
"GOCC_ZONA_PELLUCIDA_RECEPTOR_COMPLEX",0.552439832192537,1,-0.536512531996632,-0.944492146087563,2501,6,"CCT2;CCT3;HSPA1L;CCT4;TCP1"
"GOCC_ZONULA_ADHERENS",0.729064039408867,1,-0.424126616483304,-0.797138998803943,3255,8,"VCL;KIFC3;CTNNA1;PLEKHA7;NECTIN2;SORBS1;CAMSAP3;JUP"
"GOCC_ZYMOGEN_GRANULE",0.69265263884098,1,0.398724832598693,0.839198084593131,4015,16,"SLC9A4;PNLIPRP2;RAB27B"
