"pathway","pval","padj","ES","NES","nMoreExtreme","size","leadingEdge"
"GOBP_10_FORMYLTETRAHYDROFOLATE_METABOLIC_PROCESS",0.917654808959157,1,-0.330995409096779,-0.582730650477195,4178,6,"ALDH1L2;MTHFD2L;MTHFD1L;MTHFD1"
"GOBP_2_OXOGLUTARATE_METABOLIC_PROCESS",0.789722945773147,1,-0.346172746585582,-0.78876676376118,3334,18,"TAT;IDH1;AADAT;GPT2;DLD;OGDH"
"GOBP_2FE_2S_CLUSTER_ASSEMBLY",0.256844547563805,1,-0.588398817959531,-1.18849347620299,1106,11,"FXN;BOLA2B;NFS1;LYRM4"
"GOBP_4FE_4S_CLUSTER_ASSEMBLY",0.303063698479171,1,-0.707216198791801,-1.19673483966834,1374,5,"FXN;NFS1;LYRM4"
"GOBP_5_PHOSPHORIBOSE_1_DIPHOSPHATE_METABOLIC_PROCESS",0.349902744759023,1,-0.717290006183243,-1.16726354414487,1618,4,"PRPS1;PRPSAP1;PRPS2"
"GOBP_ACETYL_COA_METABOLIC_PROCESS",0.377186311787072,1,-0.38648020908121,-1.04037135865586,1487,41,"ACOT12;TDO2;PDK4;SIRT4;HMGCS1;MVD;MVK;ACSS2;HMGCR;ACLY;FASN;DLAT;AADAT"
"GOBP_ACETYLCHOLINE_METABOLIC_PROCESS",0.433465085638999,1,-0.601528899942025,-1.05901567668438,1973,6,"FSHR;BCHE;SLC5A7;ACHE"
"GOBP_ACROSOMAL_VESICLE_EXOCYTOSIS",0.115330021291696,1,0.727417502930454,1.33793511295157,649,9,"ZP4;EQTN;ZP3;SYT6"
"GOBP_ACROSOME_ASSEMBLY",0.962445267766925,1,0.274937725500069,0.658239663032472,5714,31,"CCDC38;SPACA1;ACRBP;GARIN1A;MYCBPAP;SPINK2;POC1B;AGFG2"
"GOBP_ACROSOME_REACTION",0.281931723563697,1,0.457750002649528,1.1199732335459,1692,35,"ZP4;SPINK1;IQCF1;PRND;EQTN;ROPN1B;LCN6;AKAP3;ZP3;PKDREJ;CCDC87"
"GOBP_ACTIN_CROSSLINK_FORMATION",0.528225806451613,1,-0.444974794014961,-0.948028939016739,2226,14,"GAS2L2;LCP1;AIF1;GAS2;GAS2L1"
"GOBP_ACTIVATION_OF_IMMUNE_RESPONSE",0.997058463046942,1,0.239288571841068,0.793056945495714,8134,508,"A2M;ZAP70;GFI1;CD274;C7;MEFV;GBP2;NLRC4;CTSS;ZBP1;CD226;GBP1;KLRD1;BLNK;C1QA;CASP1;FGL1;NLRP2B;PYDC1;CD80;ITGAM;CFB;BTK;LTF;CD36;CFHR4;TNIP3;LPXN;HCK;FYB2;CCDC92;TREX1;CACNB4;NLRP6;CD38;ALPK1;CD300A;C5AR1;FCMR;BTN3A2;PTPRC;NLRP3;IRAK2;MOG;CD72;C4B;CLEC7A;ERMAP;NMI;ITK;F2RL1;MYO1G;BANK1;ADCY7;ZDHHC1;NFAM1;RAB7B;SUSD4;RIGI;NLRC3;CACNB3;SLC15A4;CMKLR1;BTN3A3;CD8B;IFI16;IRF7;FCER1G;LCP2;PIK3CD;IFIH1"
"GOBP_ACTIVATION_OF_INNATE_IMMUNE_RESPONSE",0.611280690112807,1,0.298194819192491,0.951978222332712,4605,287,"GFI1;CD274;MEFV;GBP2;NLRC4;CTSS;ZBP1;KLRD1;CASP1;NLRP2B;PYDC1;BTK;LTF;CD36;TNIP3;HCK;CCDC92;TREX1;NLRP6;ALPK1;CD300A;NLRP3;IRAK2;CLEC7A;NMI;F2RL1;ADCY7;ZDHHC1;RAB7B;RIGI;NLRC3;SLC15A4;IFI16;IRF7;IFIH1"
"GOBP_ACTIVATION_OF_STORE_OPERATED_CALCIUM_CHANNEL_ACTIVITY",0.932662397072278,1,0.347923421337039,0.56849411813655,5096,5,"STIM2;STIM1;STIMATE;ASPH;CRACR2A"
"GOBP_ACUTE_INFLAMMATORY_RESPONSE",0.513370646766169,1,0.347690729424652,0.971040634435159,3301,80,"ORM1;F2;SERPINA1;SAA1;BTK;SCN11A;NLRP6;SERPINF2;IL1A;NPY;LCN2;NLRP3;ZP3;IL22RA1;F7;NPFF;FCER1G;FCGR2A;ADAM8;ASH1L;PTGS2;FN1"
"GOBP_ACUTE_INFLAMMATORY_RESPONSE_TO_ANTIGENIC_STIMULUS",0.595551303515905,1,-0.391556766582563,-0.909586866064789,2489,20,"CD6;FCGR2B;CCR7;NPY5R;GATA3"
"GOBP_ACYL_COA_METABOLIC_PROCESS",0.99971098265896,1,-0.196735488631594,-0.606584506162074,3458,98,"ACOT12;TDO2;ACSL5;PDK4;SIRT4;ACOT9;HMGCS1;ACSL6;MVD;ACSM1;SNCA;MVK;ACSS2;ACSL4;HMGCR;ACLY;ACOT11;FASN"
"GOBP_ADAPTIVE_IMMUNE_MEMORY_RESPONSE",0.370663153271849,1,-0.638244489906203,-1.12365494065744,1687,6,"TNFRSF14;CD160;CD27;CD70;EBAG9;CD81"
"GOBP_ADAPTIVE_IMMUNE_RESPONSE",0.524671052631579,1,0.300329620718389,0.982294002898,4146,405,"KDM5D;IL9R;ZAP70;CCR6;IL2RG;CD274;C7;LILRB5;CD69;TRGV3;SLC11A1;CTSS;CD226;MR1;CD209;TRGV5;CRTAM;KLRD1;RAET1G;C1QA;FGL1;ARG1;EOMES;IL1RL1;CD8B2;HLA-DRB5;CD80;FCRLB;PSG9;SIGLEC10;BTK;TNFSF13B;PSMB9;TREX1;PRDM16;AZGP1;CCR2;IL23A;FCMR;LEF1;BTN3A2;CLEC4D;ALOX15;PTPRC;CLEC4A;NLRP3;ZP3;WAS;CX3CR1;BCL6;TNFSF13;EBI3;SCART1;C4B;XCL1;CLEC7A;STAT4;ITK;SHLD1;MYO1G;ADCY7;NFKB2;SUSD4;PRDM1;HLA-DMB;IL17RB;HLA-H;JAG1;SLC15A4;JUNB;CD1C;BTN3A3;SEMA4A;CD8B;IRF7;FCER1G;PIK3CD;TNFRSF13C;TAP1;B2M;SECTM1;TGFB1;FCGR2A;ASCL2;C1R;AGER;CR1L;TRAV18;PRKCB;CR2;PSMB8;AHR;EIF2AK4;CADM1;RIPK3;LAG3;FCER2;CLEC4G;IL6ST;SIRT1;BTN3A1;IL18;APLF;ALCAM;HLA-A;P2RX7;CD1D;RFTN1;RELB;MICB;RAB27A;JAK3;CLU;DENND1B;HLA-F;C1RL;TNFSF4;PRKCQ;KLHL22;TNFAIP3;NOD2;IL1R1;TNFRSF11A"
"GOBP_ADAPTIVE_IMMUNE_RESPONSE_BASED_ON_SOMATIC_RECOMBINATION_OF_IMMUNE_RECEPTORS_BUILT_FROM_IMMUNOGLOBULIN_SUPERFAMILY_DOMAINS",0.0889154704944179,1,0.367044043844275,1.17242051645996,668,291,"KDM5D;IL9R;CCR6;IL2RG;CD274;C7;CD69;SLC11A1;CD226;MR1;CRTAM;KLRD1;RAET1G;C1QA;ARG1;IL1RL1;CD80;FCRLB;PSG9;BTK;TNFSF13B;PSMB9;TREX1;PRDM16;AZGP1;CCR2;IL23A;FCMR;LEF1;BTN3A2;PTPRC;NLRP3;ZP3;WAS;BCL6;TNFSF13;EBI3;SCART1;C4B;XCL1;CLEC7A;STAT4;SHLD1;MYO1G;NFKB2;SUSD4;IL17RB;HLA-H;JAG1;SLC15A4;JUNB;CD1C;BTN3A3;SEMA4A;IRF7;FCER1G;B2M;SECTM1;TGFB1;FCGR2A;ASCL2;C1R;AGER;CR1L;CR2;PSMB8;AHR;CADM1;RIPK3;LAG3;FCER2;CLEC4G;IL6ST;IL18;APLF;HLA-A;P2RX7;CD1D;RFTN1;RELB;RAB27A;JAK3;CLU;DENND1B;HLA-F;C1RL;TNFSF4;PRKCQ;KLHL22;TNFAIP3;IL1R1"
"GOBP_ADENOSINE_METABOLIC_PROCESS",0.76477854243868,1,0.413178881554654,0.778601329587756,4333,10,"PTGDR;ACP3;NT5E;ADA2;MAPDA;NT5C1A;ADA"
"GOBP_ADENYLATE_CYCLASE_INHIBITING_G_PROTEIN_COUPLED_GLUTAMATE_RECEPTOR_SIGNALING_PATHWAY",0.729772888573456,1,0.439556564366702,0.808474032072874,4112,9,"GRM7;GRM5;GRM6;GRM1;GRIK3;GRM8;GRM4"
"GOBP_AIM2_INFLAMMASOME_COMPLEX_ASSEMBLY",0.132342143906021,1,0.776250957514929,1.30955883036772,720,6,"GBP2;CASP1;IFI16"
"GOBP_ALANINE_METABOLIC_PROCESS",0.724194541350298,1,-0.569448610291007,-0.829542266714636,3528,2,"GPT2"
"GOBP_ALCOHOL_METABOLIC_PROCESS",1,1,0.199677374423264,0.641333190702966,7583,314,"SCNN1B;SULT1A4;APOA5;CYP7A1;APOA2;SERPINA12;ADH6;CETP;IP6K3;CYP24A1;CUBN;WNT4;BMP5;CYP46A1;RDH16;PTH1R;SPHK1;AGTR1;FMO5;ALDH3B1;DHFRP1;CYP2C18;SMPD1;ALDH1A2;NPC1L1;ASAH2;ALDH3B2;GDPD3;NAAA;MOGAT3;CYP2R1;LHCGR;ACP3;PLPP2;SULT2B1;TPK1;ACSS1;PLPP3;APOA1;CYP7B1;CYP21A2;NAPEPLD;ADH1B;PLCB1;BMP6;CFTR;AKR1C2;ABCA2;DGAT2;ABCG1;PPIP5K2;INSIG2;GNB3;SPTSSB;ABCA1;CYP27C1;FGFR1"
"GOBP_ALDEHYDE_METABOLIC_PROCESS",0.708681266740192,1,0.319399398482418,0.878823106896887,4497,72,"SCNN1B;DHRS4L1;RPEL1;ALDOB;WNT4;BMP5;ALDH3B1;ALDH1A2;ALDH3A1;ALDH3B2;MGAT4A"
"GOBP_ALDITOL_PHOSPHATE_METABOLIC_PROCESS",0.899929027679205,1,0.35623850682541,0.655227575562917,5071,9,"GPAT3;GPAT2;ABHD6;ACP6"
"GOBP_ALKALOID_METABOLIC_PROCESS",0.967017786219997,1,0.278984367882988,0.578290003629625,5599,15,"CD38;PARP9;PARP10;NMRK1"
"GOBP_ALKANESULFONATE_METABOLIC_PROCESS",0.44819020581973,1,0.565118020421846,1.03941854497328,2525,9,"FMO3;CSAD;PTER;GHR;STAT5A"
"GOBP_ALLANTOIN_METABOLIC_PROCESS",0.633678642274631,1,-0.519655148823868,-0.879348383525417,2874,5,"XDH"
"GOBP_ALPHA_AMINO_ACID_METABOLIC_PROCESS",1,1,-0.204099540719791,-0.680110088951224,2924,189,"TDO2;FOLH1;DDO;HGD;HDC;TAT;UROC1;ALDH8A1;GNMT;AMDHD1;SDSL;NOXRED1;IL4I1;GLUD2;BHMT2;ENSG00000274276;SIRT4;ODC1;BHMT;NOX4;GGT1;PYCR2;SMS;NOS2;PFAS;SARDH;GCLM;ABCC4;ADI1;MTHFD2L;PSAT1;SLC7A11"
"GOBP_ALPHA_LINOLENIC_ACID_METABOLIC_PROCESS",0.16569613552144,1,0.682660297702131,1.28641670515134,938,10,"ELOVL3;ACOT8;ABCD1;ELOVL1"
"GOBP_AMIDE_METABOLIC_PROCESS",1,1,0.21260243832295,0.69769265736607,7975,433,"GSTM1;PNPLA1;ACSM6;ELOVL3;CRYAA;P2RX1;ARG1;ALDOB;GSTA1;ACE2;FTCD;NDP;CORIN;CD36;PLAAT5;FUT3;SLC1A2;SPHK1;ENPEP;DPEP3;GSTO2;DHFRP1;MLYCD;SMPD1;EFNA1;GSAP;NEU4;ASAH2;NAAA;SGMS2;PLPP2;PDK2;NPL;ST8SIA6;TPK1;ACSS1;PLAAT4;PLPP3;PLAAT3;APOA1;B3GALT4;NAPEPLD;SLC35A1;PLA2G4E;RENBP;FA2H;GSTM3;ACOT4;GSTO1;ABCA2;ST8SIA4;PCSK1;DGAT2;GSTM5;PDK1;ABCG1;EPHA4;SPTSSB;ABCA7;MBOAT4;P2RX7;B4GALT4;AASS;ACSF2;CEL;ALOX12B;CLU;CERT1;CARNS1;SAMD8;AMDHD2;NUDT19;ST3GAL3;HACD1;BACE1;B4GALNT1;GALC;PCSK1N;ASS1;MCEE;SORL1;UGT8;PLAAT2;HSD17B4"
"GOBP_AMINE_METABOLIC_PROCESS",0.973959807529012,1,-0.249720594797678,-0.762786441153129,3440,91,"FSHR;DRD1;HDC;CYP1A1;NR4A2;SLC6A3;GATA3;SATL1;OAZ3;SULT1A3;SULT1C2;AANAT;ODC1;COMT;HTR1A;DBH;TACR3;MDGA1;PRKN;RTL4;SNCA;CHRNB2;SMS;SULT1A2"
"GOBP_AMINO_ACID_BETAINE_METABOLIC_PROCESS",0.755320989790621,1,0.374170861688224,0.803515727353169,4364,18,"DMGDH;SLC22A4;CPT1B;CPT1C;CRAT;CHDH"
"GOBP_AMINO_ACID_IMPORT_ACROSS_PLASMA_MEMBRANE",0.441720779220779,1,0.385915617245233,1.00508995022521,2720,50,"SLC6A19;SLC6A5;SLC22A4;ACE2;GFAP;SLC1A2;SLC36A1;CLTRN;SLC1A4;SLC38A3;SLC47A1;GRM1"
"GOBP_AMINO_ACID_METABOLIC_PROCESS",1,1,-0.173299998814579,-0.597427351663633,2556,269,"TDO2;FOLH1;DDO;HGD;DIO1;HDC;TAT;UROC1;ALDH8A1;GNMT;AMDHD1;SDSL;NOXRED1;IL4I1;GLUD2;BHMT2;ENSG00000274276;SIRT4;ODC1;BHMT;PM20D1;NOX4;GGT1;FARS2;PYCR2;SMS;NOS2;PFAS;SARDH;GCLM;ABCC4;ADI1;MTHFD2L;BCAT1;PSAT1;SLC7A11;WARS1;CARS1;MARS2;GARS1;TARS2;DDC;CRYM;SCLY;ACADSB;KYNU;CARS2;PSPH;NAGS;PLOD3;YARS1;KMO;FARSA;HARS1;DDAH1;AADAT;HIBCH;GPT2;MTHFR;RARS1;HPD;MARS1;PAH"
"GOBP_AMINO_ACID_NEUROTRANSMITTER_REUPTAKE",0.930917529453766,1,0.338153263346433,0.606288181729462,5214,8,"SLC6A1;SLC6A12"
"GOBP_AMINO_SUGAR_METABOLIC_PROCESS",0.835487077534791,1,0.3141027289917,0.783515682844236,5042,39,"CHIT1;CHST5;NPL;UAP1L1;SLC35A1;RENBP"
"GOBP_AMINOGLYCAN_METABOLIC_PROCESS",0.57140605296343,1,0.342530065318535,0.941088501109472,3624,71,"ITIH3;LYVE1;CHIT1;FOXC1;PGLYRP4;HS3ST1;B3GNT8;IDUA;B3GNT4;HS3ST3B1;B3GNT3;TGFB1"
"GOBP_AMINOPHOSPHOLIPID_TRANSLOCATION",0.910507246376812,1,0.362234983368158,0.63047822738329,5025,7,"ATP11A;TMEM30A;TMEM30B;ATP8B1;ATP8A1"
"GOBP_AMINOPHOSPHOLIPID_TRANSPORT",0.913768630234209,1,0.346686347617639,0.637658340347798,5149,9,"ATP11A;SCARB2;TMEM30A;TMEM30B;ATP8B1;ATP8A1"
"GOBP_AMP_METABOLIC_PROCESS",0.999759384023099,1,-0.161870920397049,-0.384691236598484,4154,22,"XDH;PFAS;AK1;GART;HPRT1;ADSL;AMPD2;ADK;PAICS;ADSS2;AK2;PPAT;AK4;APRT;AMPD3;NUDT2;ADA;NT5C1A;ATIC;AK3;NT5E;ADSS1"
"GOBP_AMPA_GLUTAMATE_RECEPTOR_CLUSTERING",0.851799906498364,1,-0.347160078080172,-0.716193612848207,3643,12,"SHISA7;FRRS1L;CHRDL1;SLC7A11"
"GOBP_AMPA_SELECTIVE_GLUTAMATE_RECEPTOR_SIGNALING_PATHWAY",0.353096759973551,1,-0.678494141346994,-1.14813204059519,1601,5,"SHANK1;ADRB2"
"GOBP_AMYLOID_BETA_METABOLIC_PROCESS",0.999676218228914,1,0.181416688769992,0.478643855849059,6174,54,"CD36;EFNA1;GSAP;APOA1;ABCA2;ABCG1;EPHA4;ABCA7;CLU;BACE1;SORL1;SPON1;PSEN1;BACE2;ACE"
"GOBP_AMYLOID_PRECURSOR_PROTEIN_METABOLIC_PROCESS",1,1,-0.14585348864208,-0.429158339662965,3654,72,"NTRK2;LRRTM3;ADAM19;LYN;ACHE;PSEN2;DHCR24;NECAB3;NECAB2;ITM2A;SOAT1;TMED10;BIN1;CASP3;FKBP1A;RTN2;GSK3A;DLG1;LDLRAP1;ROCK2;CHRNA7;PSENEN;CLN3;PIN1;PRNP;PICALM;RELA;RTN4;ITM2B;ITM2C;ROCK1;APOE;NCSTN;IFNGR1;ADAM9;APP;SLC2A13;FLOT2;RTN1;APH1B;NSG1;ADAM10;RANBP9;APH1A;AATF;NAGLU;SP1;HAP1;ADAM17;GGA3;RTN3;DYRK1A;BACE2;PSEN1;KLK6;PAWR;SPON1;NECAB1;EFNA3;SORL1;BACE1;AGO2;CLU;ABCA7;EPHA4;ABCG1;ABCA2;AGER;TMCC2;APOA1;GSAP;EFNA1"
"GOBP_ANDROGEN_METABOLIC_PROCESS",0.903413964659461,1,0.314224085740786,0.696863186604191,5265,21,"SHH;HSD17B3;WNT4;INHBA"
"GOBP_ANTERIOR_POSTERIOR_AXON_GUIDANCE",0.579891304347826,1,0.539073263394386,0.938269275856181,3200,7,"LHX9;NTN1;UNC5A"
"GOBP_ANTEROGRADE_AXONAL_TRANSPORT",0.997385620915033,1,0.224767475993932,0.577283526364908,6103,46,"AGBL4;RAB27B;NEFL;KIF3A;FEZ1;BLOC1S2;ARL8A;AP3S2;KIF5A;BORCS5;SPG7;KIF1B;KIF4A;BLOC1S5;TRIM46"
"GOBP_ANTEROGRADE_DENDRITIC_TRANSPORT",0.861384399156711,1,0.364806187451457,0.703693337439208,4902,11,"KIFC2;KIF5A;RAB17;KIFAP3;FLOT2;STAU2;KIF17"
"GOBP_ANTEROGRADE_DENDRITIC_TRANSPORT_OF_NEUROTRANSMITTER_RECEPTOR_COMPLEX",0.801449275362319,1,0.429973724878268,0.748379047661222,4423,7,"KIFC2;KIF5A;KIFAP3;KIF17"
"GOBP_ANTEROGRADE_NEURONAL_DENSE_CORE_VESICLE_TRANSPORT",0.514436852545735,1,-0.587746323022635,-0.994570688354974,2333,5,"MAP2"
"GOBP_ANTIBACTERIAL_INNATE_IMMUNE_RESPONSE",0.847941802696948,1,0.385518936187862,0.709082912296638,4778,9,"TLR6;CXCL6;NOD2;MARCHF2;TFEB"
"GOBP_ANTIFUNGAL_INNATE_IMMUNE_RESPONSE",0.351332641052267,1,0.548568562345445,1.10209285739714,2029,13,"PLA2G5;CLEC4D;CLEC4A;CX3CR1;CLEC7A"
"GOBP_ANTIGEN_PROCESSING_AND_PRESENTATION_ENDOGENOUS_LIPID_ANTIGEN_VIA_MHC_CLASS_IB",0.444726067459544,1,0.756628458955656,1.06116579694381,2280,2,"CD1C;CD1D"
"GOBP_ANTIGEN_PROCESSING_AND_PRESENTATION_OF_LIPID_ANTIGEN_VIA_MHC_CLASS_IB",0.678865507776761,1,0.531788952921143,0.868923657579246,3709,5,"CD1C;CD1D;ABCC1;AP3B1;AP3D1"
"GOBP_ANTIMICROBIAL_HUMORAL_IMMUNE_RESPONSE_MEDIATED_BY_ANTIMICROBIAL_PEPTIDE",0.398279906176701,1,0.371926085710058,1.026114910401,2546,73,"H2BC19P;F2;CCL25;DEFA6;PPBP;PGLYRP4;LTF;ANG;SPINK5;PF4;LGALS4;H2BC8;H2BC14;LEAP2;KLK7;H2BC3;NPY;H2BC10;XCL1;NTS;H2BC13;SEMG1;CXCL5;EVPL;POMC"
"GOBP_ANTIVIRAL_INNATE_IMMUNE_RESPONSE",0.518337021814733,1,0.352491920118057,0.965064769772251,3278,69,"ZBP1;TRIM7;ZDHHC11B;IFIT2;NLRP6;DUOX1;SENP7;ZDHHC1;APOBEC3G;RIGI;IFIH1;MX1;TRIM25;MARCHF2;STING1;TRAF3IP3;PBLD;TRIM31;AKAP1;TMEM120A"
"GOBP_APOPTOTIC_MITOCHONDRIAL_CHANGES",1,1,0.192457556618434,0.557379463280164,6602,106,"CASP1;TNFSF10;BIK;NPTX1;IFIT2;HIP1R;ERBB4;IFI6;BNIP3;CAMK2A;PPM1K;NAIF1;EYA2;CLU;BLOC1S2;RHOT1;BMF;BNIP3L;ATP2A1;PTPMT1;FAM162A"
"GOBP_ARACHIDONATE_METABOLIC_PROCESS",0.903325599381284,1,-0.280728863644852,-0.772745037104325,3503,48,"CYP2F1;CYP2C8;CYP1A1;ALOXE3;PLA2G4C;CYP2D6;CYP2J2;ALOX15B;DAGLA;CYP2B6;PLA2G4B;PLA2G4A"
"GOBP_ARACHIDONATE_METABOLITE_PRODUCTION_INVOLVED_IN_INFLAMMATORY_RESPONSE",0.805792163543441,1,0.504987375073634,0.751710770715994,4256,3,"ALOX5;FADS2"
"GOBP_ARGININE_METABOLIC_PROCESS",0.700708484534301,1,0.388259850130106,0.842911692918132,4054,19,"ARG1;AZIN2;ATP2B4;ASS1;NOS1"
"GOBP_AROMATIC_AMINO_ACID_METABOLIC_PROCESS",0.505511022044088,1,-0.362252946494697,-0.963898315256418,2017,38,"TDO2;HGD;HDC;TAT;UROC1;AMDHD1;IL4I1"
"GOBP_ASPARTATE_METABOLIC_PROCESS",0.233860342555995,1,-0.71110540111781,-1.25192948772914,1064,6,"DDO"
"GOBP_ASYMMETRIC_NEUROBLAST_DIVISION",0.528765920070268,1,-0.547973096884503,-0.96472854431085,2407,6,"SOX5;FGF13;DOCK7"
"GOBP_ATF6_MEDIATED_UNFOLDED_PROTEIN_RESPONSE",0.86482122260669,1,-0.35204416476856,-0.69616480923336,3748,10,"DDIT3;MANF;CREBZF;HSPA5;MBTPS2;ATF6;XBP1;MBTPS1;WFS1;ATF6B"
"GOBP_ATP_BIOSYNTHETIC_PROCESS",0.995917177019539,1,-0.227209769721806,-0.70374762804433,3414,101,"ADCY10"
"GOBP_ATP_EXPORT",0.772549019607843,1,-0.389765653393963,-0.770758782265597,3348,10,"CALHM5;CALHM1;CALHM6;ANKH"
"GOBP_ATP_METABOLIC_PROCESS",1,1,0.147742143410559,0.4620256274691,7239,224,"PFKFB1;ATP6V1B1;ALDOB;MYH8;GAPDHS;MYH7;TREX1;SLC4A1;MYH3;ACTN3;SLC4A4;PGAM2;FBP1;ENO4;AK5;INSR;TRIM63;LDHC;TGFB1;DDIT4;NT5E;ENO3;VPS9D1"
"GOBP_ATP_SYNTHESIS_COUPLED_ELECTRON_TRANSPORT",0.999237688672054,1,0.217642238730774,0.624155015790518,6553,97,"COX4I2;NDUFA4L2;NDUFC2-KCTD14;CHCHD2"
"GOBP_ATP_TRANSPORT",0.0970660146699266,1,-0.548971117602872,-1.32483661489545,396,24,"ADCY10;SLC25A31;CALHM5;CALHM1;CALHM6;SLC25A24"
"GOBP_AUTOPHAGY_OF_MITOCHONDRION",0.664991129509166,1,-0.292065525135795,-0.92279688083201,2248,117,"ADCY10;IRGM"
"GOBP_AUTOPHAGY_OF_PEROXISOME",0.988765986864846,1,0.244429856740163,0.512428516236449,5720,16,"PJVK;ATG2B;USP30;RB1CC1;ACBD5;WDR45B;SQSTM1;ATG2A;PEX5;WIPI1;WDR45;WIPI2;PIK3C3;ATM;PEX2;PIK3R4"
"GOBP_AXO_DENDRITIC_PROTEIN_TRANSPORT",0.953513129879347,1,0.308329717834517,0.567109196844127,5373,9,"RAB27B;KIF5A"
"GOBP_AXO_DENDRITIC_TRANSPORT",1,1,0.171376284666588,0.485550447157249,6450,89,"AGBL4;RUFY4;RAB27B;NEFL;APBA1;KIF3A;FEZ1;BLOC1S2;KIFC2;DYNC1H1;ARL8A;AP3S2;KIF5A;RAB17;BORCS5;SPG7;KIFAP3;KIF1B;KIF4A;BLOC1S5;TRIM46"
"GOBP_AXON_CHOICE_POINT_RECOGNITION",0.37536231884058,1,0.639492386736319,1.11305104400931,2071,7,"FOXG1;ROBO2;ROBO3;ROBO1;GAP43"
"GOBP_AXON_DEVELOPMENT",0.924364613880743,1,0.262204712227031,0.870087116084222,7564,519,"BARHL2;CHL1;SHOX2;TBR1;WNT7B;EVX1;LHX3;OLIG3;POU4F2;PHOX2B;BHLHE22;LMX1A;LHX9;NEUROD2;SHH;S100B;ARX;NKX2-1;NEUROG3;EPHA10;GDF7;CNTN6;POTEE;NDP;ISLR2;BOC;FEZF2;NTN1;DSCAML1;NTN4;KIAA1755;CNTN4;POU4F3;SCN11A;PTCH1;NPTX1;NEUROD4;FLRT3;GBX2;EFNA5;EPHB3;FOXG1;PAX6;GDNF;NOG;DHFRP1;EGR2;CDKL3;ISL1;EFNA1;ZEB2;SLIT2;LRRC4C;KLF4;CDK5R2;CDH11;SLITRK3;SEMA3E;SLITRK1;NRXN3;GRM7;ARHGEF25;NEFL;FSTL4;FOXB1;SEMA3B;NRP1;PCDHAC2;INPP5F;COBL;NGF;NRCAM;SEMA4A;RET;SEMA3D;BMP7;WNT5A;BCL11B;SMAD4;FN1;UNC5A;TNN;KEL;PLXNA3;ADCY1;SLIT1;POTEF;RTN4RL1;EPHA4;DSCAM;ULK2;FEZ1;EFNB1;NIN;NFIB;SEMA4F;CRABP2;HMCN2;SEMA5B;ALCAM;LGI1;FGFR2;BMPR1B;FOXD1;ROBO2"
"GOBP_AXON_ENSHEATHMENT_IN_CENTRAL_NERVOUS_SYSTEM",0.776167746334811,1,0.351288590857081,0.793637649084581,4552,23,"ID4;HES5;SOX10;MYRF;FA2H;ABCA2;CLU"
"GOBP_AXON_EXTENSION",1,1,-0.188964105827894,-0.591515610198365,3386,110,"ADCY10;EDN2;EDN3;MAP2;SLIT3;DISC1;TRPV2;NKX6-1;MAG;TRPC5;IFRD1;LHX2;PLXNA4;MAP3K13;SEMA6D;SEMA3G;KIAA0319;VCL;SRF"
"GOBP_AXON_MIDLINE_CHOICE_POINT_RECOGNITION",0.313266239707228,1,0.716479116263403,1.1707006150898,1711,5,"FOXG1;ROBO2;ROBO3;ROBO1"
"GOBP_AXONAL_FASCICULATION",0.622059324923287,1,0.394119570128699,0.890402185656013,3648,23,"FEZF2;CNTN4;EFNA5;EPHB3;NRP1;NRCAM;EPHA4"
"GOBP_AXONAL_TRANSPORT",1,1,0.185283796174654,0.50980584868203,6346,72,"AGBL4;RUFY4;RAB27B;NEFL;KIF3A;FEZ1;BLOC1S2;DYNC1H1;ARL8A"
"GOBP_AXONAL_TRANSPORT_OF_MITOCHONDRION",0.472092621392777,1,0.456699920746592,0.991495008363826,2731,19,"AGBL4;NEFL;FEZ1"
"GOBP_AXONEMAL_CENTRAL_APPARATUS_ASSEMBLY",0.362977602108037,1,-0.642275095856121,-1.13075098357061,1652,6,"SPAG17;DNAJB13;HYDIN"
"GOBP_AXONEMAL_DYNEIN_COMPLEX_ASSEMBLY",0.449823499747857,1,-0.37318697522385,-0.995143877962958,1783,39,"CLXN;ZMYND10;DNAI3;DNAI1;CCDC63;DNAAF4;DRC1;DAW1;DNAH2;DNAI4"
"GOBP_AXONEME_ASSEMBLY",0.121660859465738,1,-0.38372182151919,-1.18632029469465,418,100,"ZMYND12;CLXN;ZMYND10;SPAG17;DNAI3;AXDND1;DNAI1;CFAP97D1;CCDC63;MEIG1;CFAP65;DNAAF4;DRC1;PIERCE2;DNAJB13;DAW1;BBOF1;PLA2G3;DNAH2;HYDIN;CPLANE2;DNAI4;SPEF2;MNS1;RSPH4A"
"GOBP_AXONOGENESIS_INVOLVED_IN_INNERVATION",0.577201341097582,1,0.493418844209776,0.929806883400859,3270,10,"NPTX1;NRP1;NTRK1;NPR2"
"GOBP_B_CELL_ACTIVATION_INVOLVED_IN_IMMUNE_RESPONSE",0.889291689905187,1,-0.27349176262729,-0.814428344726037,3188,78,"TLR4;GPR183;TBX21;FCGR2B;CDH17;DOCK10;SPI1;ST3GAL1;PARP3"
"GOBP_B_CELL_PROLIFERATION_INVOLVED_IN_IMMUNE_RESPONSE",0.197968446077372,1,-0.799910408636237,-1.30171374274602,915,4,"TLR4"
"GOBP_BENZENE_CONTAINING_COMPOUND_METABOLIC_PROCESS",0.132969655642687,1,0.57473279285624,1.29844690219334,779,23,"GSTM1;CYP2E1"
"GOBP_BILE_ACID_METABOLIC_PROCESS",0.790104565161948,1,-0.306403999182981,-0.834408202956355,3097,44,"UGT2A1;CES1;STAR;MALRD1;ABCC2;CYP39A1"
"GOBP_BRAIN_DERIVED_NEUROTROPHIC_FACTOR_RECEPTOR_SIGNALING_PATHWAY",0.944305605141021,1,0.324922827277217,0.582566816604931,5289,8,"NFATC4;FSTL4;SLC2A4;VPS13A;CAPS2"
"GOBP_BRANCHED_CHAIN_AMINO_ACID_METABOLIC_PROCESS",0.99813748730105,1,0.193069880635068,0.447708002112172,5894,26,"HMGCLL1;AUH;PPM1K;BCKDHA"
"GOBP_BRANCHING_INVOLVED_IN_PROSTATE_GLAND_MORPHOGENESIS",0.280792574080685,1,0.660523313782152,1.18427802511735,1572,8,"SHH;BMP4;BMP7;FGFR2"
"GOBP_BRANCHIOMOTOR_NEURON_AXON_GUIDANCE",0.905797101449275,1,0.367710457878889,0.640008415305805,4999,7,"NRP1;PLXNA3;NRP2"
"GOBP_C21_STEROID_HORMONE_METABOLIC_PROCESS",0.696025597844392,1,0.357811177323191,0.856650386417813,4132,31,"SCNN1B;WNT4;BMP5;CYP46A1;EGR1;BMP6;AKR1C2;DHRS2"
"GOBP_CALCIUM_ACTIVATED_PHOSPHATIDYLCHOLINE_SCRAMBLING",0.144809345382411,1,-0.791269110567877,-1.33896722641209,656,5,"ANO3;PLSCR4;ANO4"
"GOBP_CALCIUM_ACTIVATED_PHOSPHOLIPID_SCRAMBLING",0.0763052208835341,1,-0.781495426941666,-1.41792977227726,341,7,"ANO3;PLSCR4;ANO4"
"GOBP_CALCIUM_DEPENDENT_CELL_CELL_ADHESION",0.466993464052288,1,0.385262857591444,0.989493253079969,2857,46,"CDH12;PCDHB10;PCDHB9;PCDHB11;CDH9;PCDHB14;PCDHB13;CDH13;CDH11;CDH18;PCDHGC3;CDH8;DSG1;PCDHGB4;CDH6;PCDHB3;PCDHB16"
"GOBP_CALCIUM_IMPORT_INTO_THE_MITOCHONDRION",0.976518026565465,1,-0.255156443261366,-0.565220520067258,4116,16,"MCUB;PSEN2;MICU3;MCUR1;AFG3L2;HSPA9;VDAC1"
"GOBP_CALCIUM_INDEPENDENT_CELL_CELL_ADHESION",0.211335752548816,1,0.559721380239609,1.21515447971801,1222,19,"CLDN2;CLDN20;CLDN9;CLDN4;CLDN3;CX3CL1"
"GOBP_CALCIUM_ION_EXPORT_ACROSS_PLASMA_MEMBRANE",0.842592592592593,1,0.365858127644478,0.720315587535584,4822,12,"ATP2B3;SLC8A3;SLC24A4;SLC8A2"
"GOBP_CALCIUM_ION_HOMEOSTASIS",0.967617783676178,1,0.255272815446618,0.814950983108351,7290,287,"F2;CCR1;ATP6V1B1;CNGB1;WBP2NL;P2RX1;DRD5;LCN6;ATP13A5;APLNR;GPR12;KL;CACNA1S;CSRP3;TRPM2;WNK4;DRD4;PTH1R;FAM20A;CACNB4;CCR2;GP5;SLC10A7;ATP2B3;NPY;PTPRC;CLIC2;XCL1;TNNI3;ATP2B4;FGF23;GRM5;GRIN1;SGCD;TRPC3;CACNA1C;ITPR1;NGF;SLC8A3;RYR3;HCRTR1;SYPL2;PLCB1;TGFB1;UBASH3B;CASQ1;PLCL2;BNIP3;WNT5A;TRPC7;TRPV6;TMEM64;PRKCB;KEL;NT5E;CASR;GSTO1;GRM1;PLCB4;ADCY8;SLC24A4;TRPA1;TMTC2;TMEM38A;FGFR1;HTR2B;P2RX7;DMD"
"GOBP_CALCIUM_ION_IMPORT",0.443529594531614,1,0.361302164906652,1.00492283420853,2854,77,"SPINK1;P2RX1;CACNA1S;SLN;ANKRD22;CACNA1F;TRPV3;TRPM2;CACNA1E;ISL1;HES1;TRPM1;SEMG1;ATP2B4;CACNA1D;CACNA1C;SLC8A3;GRM6;TRPV6;CASR;SLC24A4;PDGFB;CCL2;CXCL12"
"GOBP_CALCIUM_ION_IMPORT_ACROSS_PLASMA_MEMBRANE",0.0721442885771543,1,0.553620016395136,1.36079853145092,431,36,"P2RX1;CACNA1S;CACNA1F;TRPV3;TRPM2;CACNA1E;TRPM1;ATP2B4;CACNA1D;CACNA1C;SLC8A3;GRM6;TRPV6;SLC24A4"
"GOBP_CALCIUM_ION_IMPORT_INTO_SARCOPLASMIC_RETICULUM",0.594642072902942,1,-0.514798160678361,-0.9063227428295,2707,6,"PLN;STRIT1"
"GOBP_CALCIUM_ION_REGULATED_EXOCYTOSIS",0.0229903282067544,1,0.521440356245082,1.42079179241067,144,67,"UNC13C;ZP4;RPH3A;EQTN;SNAP25;ADRA2A;ZP3;CDK5R2;DOC2A;CLTRN;CADPS2;SYT12;TSPAN18;TRPV6;SYT6;BAIAP3"
"GOBP_CALCIUM_ION_REGULATED_EXOCYTOSIS_OF_NEUROTRANSMITTER",0.573648765325505,1,0.445764172371855,0.923997881368735,3321,15,"SNAP25;SYT7;CACNA1B;RIMS2;STXBP3"
"GOBP_CALCIUM_ION_TRANSMEMBRANE_IMPORT_INTO_CYTOSOL",0.807642393655371,1,0.286293653465014,0.865950694476305,5600,159,"F2;P2RX1;APLNR;CACNA1S;CACNA1F;TRPV3;TRPM2;P2RX2;GP5;PTPRC;CACNA1E;CLIC2;TRPM1;XCL1;ATP2B4;GRIN1;TRPC3;CACNA1D;CACNA1C;CACNB3;ITPR1;NGF;SLC8A3;RYR3;PLCB1;TGFB1;GRM6;GRIN2C;UBASH3B;CASQ1;PLCL2;TRPV6;GSTO1;PLCB4;SLC24A4;TRPA1;TMEM38A;HTR2B;P2RX7;DMD;PLCE1;CX3CL1;LIME1;DRD2;FKBP1B;KCNN4;P2RX4;HTR2C;CACNA1B;SLC8B1;NOS1;TRPC1;PRKD1"
"GOBP_CALCIUM_ION_TRANSMEMBRANE_TRANSPORT",1,1,0.211417573794608,0.675521155438421,7525,293,"F2;REM1;PKD2L1;CNGB1;P2RX1;CATSPER1;APLNR;CACNA1S;SLN;CACNA1F;TRPV3;TRPM2;P2RX2;FAIM2;SCN11A;CNGA1;CACNB4;GP5;ATP2B3;PTPRC;CACNG3;CACNA1E;CLIC2;CRHR1;PKDREJ;PKD2L2;TRPM1;PKD1L2;XCL1;ATP2B4;GRIN1;TRPC3;CACNA1D;CACNA1C;CACNB3;ITPR1;NGF;SLC8A3;RYR3;PLCB1;TGFB1;GRM6;GRIN2C;UBASH3B;CASQ1;PLCL2;TRPC7;TRPV6;LETM2;CACNG8;GSTO1;MCOLN3;PLCB4;SLC24A4;TRPA1;TMEM38A;HTR2B;P2RX7;GAS6;DMD;PLCE1;CX3CL1;GPM6A;SLC8A2;CNGA4;LIME1;CACNG7;DRD2;FKBP1B;TRPC6;KCNN4;P2RX4;HTR2C;CACNA1B;CACNA2D2;ATP2A1;GRIN3B;SLC8B1;NOS1;TRPC1;PRKD1"
"GOBP_CALCIUM_ION_TRANSMEMBRANE_TRANSPORT_VIA_HIGH_VOLTAGE_GATED_CALCIUM_CHANNEL",0.892541962277211,1,0.324202381788101,0.696210579938632,5157,18,"REM1;CACNA1C;CACNB3"
"GOBP_CALCIUM_ION_TRANSPORT",0.999489209551781,1,0.230356842960105,0.749267565262138,7826,377,"F2;REM1;SPINK1;PKD2L1;CCR1;RCVRN;CNGB1;P2RX1;FFAR1;CATSPER1;APLNR;CACNA1S;SLN;CYSLTR1;ANKRD22;CACNA1F;TRPV3;TRPM2;P2RX2;FAIM2;SCN11A;CNGA1;CACNB4;GP5;ATP2B3;ADRA2A;PTPRC;CACNG3;CACNA1E;ISL1;CLIC2;CRHR1;PKDREJ;HES1;PKD2L2;TRPM1;PKD1L2;SRL;XCL1;MYB;SEMG1;ATP2B4;CRACR2B;GRIN1;TRPC3;CACNA1D;CACNA1C;CACNB3;ITPR1;NGF;SLC8A3;RYR3;TSPAN18;PLCB1;TGFB1;GRM6;GRIN2C;UBASH3B;CASQ1;PLCL2;TRPC7;TRPV6;PRKCB;LETM2;CACNG8;CAMK2A;CASR;GSTO1;MCOLN3;PLCB4;SLC24A4;TRPA1;PDGFB;TMEM38A"
"GOBP_CALCIUM_ION_TRANSPORT_INTO_CYTOSOL",0.988059199461823,1,0.247043424483875,0.585588220087061,5874,29,"P2RX2;GRIN1;TRPC3;CACNA1C;CACNB3;SLC8A3;P2RX7;P2RX4;NOS1"
"GOBP_CALCIUM_MEDIATED_SIGNALING",0.938245906189287,1,0.263187676808,0.819908348294087,6760,214,"ZAP70;CCR6;REM1;CCR3;CCR1;NEUROD2;GBP1;P2RX1;TREML1;BTK;TRPM2;P2RX2;RIT2;SPHK1;AGTR1;ACKR3;CCR2;PTPRC;ACTN3;CLIC2;CDH13;CX3CR1;NFATC4;TNNI3;CLEC7A;CCR8;GPR62;ATP2B4;GRM5;GRIN1;SAMD14;PDK2;NFAM1;SGCD;CXCR4;CACNA1C;ITPR1;POMC;CMKLR1;RYR3;AVPR1A;NMUR1;CASQ1;BNIP1;CALCR;MYOZ1;EIF2AK3;GSTO1;NR5A2;MCOLN3;SLC24A4;NCALD;TRPA1;TMEM38A;HTR2B;ERBB3;P2RX7;DMD;PDGFRA"
"GOBP_CAMP_METABOLIC_PROCESS",0.850818094321463,1,-0.318920858816836,-0.757925260784121,3535,22,"ADCY10"
"GOBP_CARBOHYDRATE_DERIVATIVE_METABOLIC_PROCESS",1,1,0.155180743184722,0.52927817931439,8821,937,"GALNT15;SULT1A4;NME9;ITIH3;CMAHP;ST6GALNAC2;LYVE1;PFKFB1;ATP6V1B1;GALNTL5;CHIT1;RPEL1;FOXC1;PGLYRP4;ALDOB;MYH8;HS3ST1;ADCY4;BTK;GAPDHS;HS3ST6;PIGZ;PTGDR;CHST5;FUT3;MYH7;B3GNT8;PNLIPRP2;TREX1;SLC4A1;CACNB4;SLC10A7;MYH3;SMPD1;GPAT3;GPAT2;ACTN3;NEU4;GALNT9;IDUA;B3GNT4;ADSS1;SLC4A4;PGAM2;SULF1;FBP1;MGAT4A;ACP3;ENO4;FKTN;AK5;ADCY7;INSR;NPL;NME5;ST8SIA6;SULT2B1;AK9;HS3ST3B1;PDE2A;PDE4C;DPYD;ABHD6;NCCRP1;B3GALT4;TRIM63;EXTL1;LDHC;B3GNT3;UAP1L1;PLCB1;TGFB1;ADAMTS13;SLC35A1;TK2;PIGN;SAMHD1;GALNT16;MACROD2;ENGASE;PDE10A;DDIT4;AQP11;GALNT12;FBXO6;RENBP;FA2H;COG7;GALNT8;NT5E;GCNT1;ADCY1;AKR1C2;ABCA2;ST8SIA4;ENO3;TET2;VPS9D1;ADCY8;TJP2;PIGP;MACROD1;ABCA7;TMTC2;PDGFB;BMPR1B;MLXIPL;B3GNT9;P2RX7;PXYLP1;B4GALT4;MAN1C1;NUDT4B;PKM;A4GALT;PPARA;JAK3;ST8SIA5;ADA2;SLC2A4;PIGV;ACP6;CYTL1;CD44;KIT;ADCY5;AGO2;AMDHD2;GMPR2;C1GALT1;ST3GAL3;HGSNAT;DMAC2L;GUCY1B1;SLC2A10;MAPDA;B4GALNT1;GALC;AGA;EDEM2;UGT8;PIGS;TYMP;LIPA;ALG8;CLPX;ABHD14B;CHST11;HS6ST3;AK3;NECAB1;GCNT2;DHTKD1;MAN2B1;CRYL1;NPR2;ALG10;PIGX;ALG9;LETMD1;TRIP11;TALDO1;ST3GAL6;HYAL3;FLCN;RORA;NT5M;MAGI3;PAWR;GIT1;TAFAZZIN;ATIC;DHODH;MAN2B2;GUCY1A2;CST3;DERL3;MT-ND6;CMPK1;FUOM;SCARB2;NT5C1A;MANBA;TMEM59"
"GOBP_CARBOHYDRATE_IMPORT_ACROSS_PLASMA_MEMBRANE",0.607608695652174,1,0.525152488528075,0.91403985058117,3353,7,"SLC5A4;SLC2A10"
"GOBP_CARBOHYDRATE_METABOLIC_PROCESS",1,1,0.163374449116956,0.542211162815241,8191,520,"PDX1;PFKFB1;TFAP2B;PPP1R3G;CHIT1;GLB1L2;PPP1R2P1;SERPINA12;RPEL1;KL;ALDOB;GCGR;MGAM;AMY2B;GAPDHS;CHST5;C1QTNF3;FUT3;PTH1R;TREX1;SLC4A1;GSTO2;IGFBP3;MLYCD;KAT2B;ACTN3;ONECUT1;NEU4;IDUA;ABO;FBN3;SLC4A4;PGAM2;OTOG;MOGAT3;LHCGR;FBP1;PPP1R2B;ENO4;PDK2;INSR;NPL;ST8SIA6;HSD17B14;HECTD4;POMC;B3GALT4;TRIM63;PYGM;TGFB1;SLC35A1;LANCL1;CD101;DDIT4;RENBP;SDS;MST1;GLB1L;PPP1R3C;GSTO1;ST8SIA4;ENO3;DGAT2;PDK1;IL6ST;GNB3;PDGFB;SIRT1"
"GOBP_CARDIOLIPIN_METABOLIC_PROCESS",0.639667705088266,1,0.437727749360418,0.879409902733095,3695,13,"SPATA18;PNPLA8;PTPMT1;LCLAT1;TAFAZZIN;MECP2;PGS1;HADHA;PLA2G6"
"GOBP_CARNITINE_METABOLIC_PROCESS",0.979058497750087,1,0.269999426413457,0.542438010080886,5656,13,"SLC22A4;CPT1B;CPT1C;CRAT"
"GOBP_CATECHOL_CONTAINING_COMPOUND_METABOLIC_PROCESS",0.948235294117647,1,-0.265501463861416,-0.745586488551286,3626,54,"DRD1;HDC;NR4A2;SLC6A3;GATA3;SULT1A3;COMT;HTR1A;DBH;TACR3;MDGA1;PRKN;RTL4;SNCA;CHRNB2;SULT1A2;SULT1A1;DRD3"
"GOBP_CATECHOLAMINE_UPTAKE_INVOLVED_IN_SYNAPTIC_TRANSMISSION",0.899018232819074,1,-0.324967038088679,-0.670409219724752,3845,12,"DRD1;SLC6A3;PRKN;SNCA;DRD3"
"GOBP_CD4_POSITIVE_ALPHA_BETA_T_CELL_CYTOKINE_PRODUCTION",0.939990512333966,1,-0.298944161379569,-0.63690734834835,3962,14,"TBX21;IL18R1;GATA3"
"GOBP_CDP_DIACYLGLYCEROL_METABOLIC_PROCESS",0.831489802972693,1,0.359333903059704,0.735228811259495,4810,14,"GPAT3;GPAT2;AGPAT3;LCLAT1"
"GOBP_CELL_ACTIVATION_INVOLVED_IN_IMMUNE_RESPONSE",1,1,-0.211361476371949,-0.729244606983322,2566,270,"TLR4;PGLYRP1;SLAMF6;FGL2;GPR183;CD86;TBX21;RAB44;CLNK;FCGR2B;LBP;ITGAL;PCK1;CDH17;HLX;NCKAP1L;ENPP3;FOXF1;PRKCE;DOCK10;SYK;LAT2;IL18R1;SPI1;GATA3;PLA2G3;ST3GAL1;CD160;IRF4;FGR;ANXA3;PARP3;APBB1IP;TREM2;LYN;SMAD7;LCP1;IL6R;NR4A3;FOXP3;PTK2B;SOCS3;PTGER4"
"GOBP_CELL_DIFFERENTIATION_INVOLVED_IN_METANEPHROS_DEVELOPMENT",0.420483787956768,1,0.464471034225124,1.03006987587346,2450,21,"OSR1;POU3F3;WNT4;WNT9B;GDNF;CD34;SALL1;PDGFB"
"GOBP_CELL_MORPHOGENESIS_INVOLVED_IN_NEURON_DIFFERENTIATION",0.871754994616581,1,0.266806871756148,0.892090107866142,7286,595,"BARHL2;CHL1;SHOX2;TBR1;WNT7B;EVX1;LHX3;POU4F2;PHOX2B;LMX1A;LHX9;CABP4;IL1RAPL1;SHH;S100B;ARX;NKX2-1;TLX2;NEUROG3;EPHA10;SKOR2;GDF7;CNTN6;POTEE;NDP;ISLR2;BOC;FEZF2;NTN1;DSCAML1;TANC2;STRC;NTN4;KIAA1755;CNTN4;POU4F3;SCN11A;PTCH1;NPTX1;PPFIA2;FLRT3;GBX2;EFNA5;EPHB3;FOXG1;PAX6;GDNF;NOG;EGR2;CDKL3;ISL1;EFNA1;ZEB2;SLIT2;ID2;HES1;NFATC4;LRRC4C;CDK5R2;CDH11;SLITRK3;SEMA3E;SLITRK1;NRXN3;ARHGEF25;NEFL;FSTL4;GRM5;FOXB1;SEMA3B;NRP1;CHRNA3;PCDHAC2;COBL;NGF;NRCAM;SEMA4A;RET;PDZD7;SEMA3D;BMP7;WNT5A;BCL11B;SMAD4;FN1;NGEF;UNC5A;FAT3;TNN;KEL;PLXNA3;BBS1;ADCY1;WHRN;HECW2;ABI3;SLIT1;POTEF;EPHA4;DSCAM;SRCIN1;ULK2;FEZ1;EFNB1;NIN;NFIB;SEMA4F;CRABP2;HMCN2;SEMA5B;CAPRIN2;ALCAM;LGI1;FGFR2;BMPR1B;FOXD1;ROBO2"
"GOBP_CELL_PROLIFERATION_INVOLVED_IN_METANEPHROS_DEVELOPMENT",0.156696664902065,1,0.688750011612421,1.29789226588067,887,10,"OSR1;SHH;PTCH1;EGR1;BMP7"
"GOBP_CELL_REDOX_HOMEOSTASIS",0.979347647926569,1,0.258918823618471,0.661777072015848,5974,45,"SLC11A1;SLC2A10;BOLA1;NOS1;GIT1;ERO1A;CHD6;TXNDC2;PRDX6;SELENOT;BOLA2"
"GOBP_CELL_SURFACE_RECEPTOR_PROTEIN_SERINE_THREONINE_KINASE_SIGNALING_PATHWAY",0.69175810155652,1,0.286585422513444,0.932548211497173,5421,379,"USP9Y;WFIKKN2;WNT1;FGF10;SMAD5-AS1;TFAP2B;MSX1;SHH;ACVRL1;NKX2-1;PSG9;SKOR2;GDF7;GATA4;NDP;ITGA8;TGFBR3L;BMP5;FSTL5;DAND5;CHRD;DMRT1;INHBC;PRDM16;ONECUT2;COL3A1;NOG;LEF1;TMEM119;AKAP3;EGR1;VWC2;ZEB2;ONECUT1;HES5;HES1;FST;HJV;INHBA;MECOM;BMP8B;CFC1;SULF1;FSTL4;CRB2;BMPER;COMP;HPGD;APOA1;BMP4;ZEB1;CRIPTO3;RUNX2;TGFB1;LDLRAD4;ELAPOR2;BMP6;GDF1;BMP7;PDCD4;WNT5A;DKK1;CER1;AMHR2;SMAD4"
"GOBP_CELL_SURFACE_RECEPTOR_PROTEIN_TYROSINE_KINASE_SIGNALING_PATHWAY",1,1,0.201557305605762,0.675548248079235,8417,624,"WNT1;FGF10;FAM83A;ANGPTL1;FGF17;IGFBP1;GAB4;BLNK;FGF7;SERPINA12;FOXC1;PDE6H;KL;COL4A3;EPHA10;TSPAN32;GPRC5A;CSRP3;LTK;VTN;HHEX;WNT4;SH2D6;PROX1;BMP5;IGFBP5;HCK;GAREM1;CSH2;FGF4;FLRT3;EFNA5;EPHB3;ADGRA2;GDNF;NOG;ADRA2A;SMOC2;IGFBP3;EFNA1;NRG3;MMRN1;CDH13;TXNIP;NFATC4;DLL1;SESN3;HIP1R;CSF2RA;PDGFA;SOX9;SULF1;GH2;FSTL4;ERBB4;FGF23;PDK2;INSR;NRP1;GP6;SRMS;ROR2;PIK3R3;NGF;ADGRG1;F7;REPS2;MVP;ANGPT2;CD8B;IFI6;FGF14;LCP2;PIK3CD;RET;GKAP1;RUNX2;PLCB1;MTSS1;COL1A1;FGFBP1;TGFB1;UBASH3B;WNT5A;DDIT4;TNXB;GFRA2;NGEF;PRKCB;EMILIN1;EIF2AK3;IGFBP2;NRG2;NDRG4;PTPN18;WDR54;EPHA4;EFNB1;FLRT1;IL31RA;PDGFB;SIRT1;FGFR2;FGFR1;SHKBP1;ERBB3;PTPN3;CCBE1;NTRK1;CSRNP1;PDGFRA;PDGFC;PLCE1;ADAMTS3;JAK3;FUZ;EPHA7;SLC2A4;PRKCQ;IL1R1;VPS13A;CAPS2;CEP57;GFRA1;KIT;FGFR3;PTK6;CEACAM1;ROBO1;MTCL2;OTX2;APLN;EPHB6;SORL1;SOCS5;COL4A2;EPHA6;SAMD12;KLB;MZB1;EFNA3;PSPN;TYK2;NPR2;PRICKLE1;ERFE;PRKD1;NTRK3;ADRA2C;GIGYF2;INPPL1;DOK5;NRG4;PRKCZ;KDR;SH2B1;SPRY3;CD7;ZFAND5;ARTN;GFRA3;PIK3R1;AXL;GIT1;LRIG2;DSTYK"
"GOBP_CELL_SURFACE_RECEPTOR_PROTEIN_TYROSINE_PHOSPHATASE_SIGNALING_PATHWAY",0.596608656849621,1,-0.496769426959087,-0.901328576161947,2673,7,"PTPRE"
"GOBP_CELLULAR_COMPONENT_DISASSEMBLY_INVOLVED_IN_EXECUTION_PHASE_OF_APOPTOSIS",0.900691283088855,1,0.303041690700382,0.722145712004206,5341,30,"GATA5;ERN2"
"GOBP_CELLULAR_DETOXIFICATION_OF_ALDEHYDE",0.00568181818181818,1,-0.79425721003361,-1.66732651214681,23,13,"ADH4;AKR1B10"
"GOBP_CELLULAR_HYPEROSMOTIC_RESPONSE",0.974266598044261,1,0.268007811796764,0.5943681157452,5678,21,"FXYD2;FBP1;RCSD1;NFAT5;ARHGEF2;WNK3;WNK1;EFHD1;OXSR1"
"GOBP_CELLULAR_OXIDANT_DETOXIFICATION",0.682824189526185,1,0.320576576685029,0.892296966959608,4380,78,"MPO;HBA2;LPO;GSTA1;CD36;IPCEF1;GSTO2;DHFRP1;CLIC2;HBA1;BMP7;CP;PTGS2;GSTO1"
"GOBP_CELLULAR_RESPONSE_TO_ATP",0.998444521258209,1,0.189211105533459,0.396666623942907,5776,16,"RYR3;P2RX7;P2RX4;SSH1"
"GOBP_CELLULAR_RESPONSE_TO_BRAIN_DERIVED_NEUROTROPHIC_FACTOR_STIMULUS",0.470682546953733,1,-0.519115306257711,-0.999802622243305,2054,9,"NTRK2;GRIA1"
"GOBP_CELLULAR_RESPONSE_TO_CALCIUM_ION",0.912501946131091,1,0.27956264156172,0.772814857474988,5860,74,"NEUROD2;TRPM2;ALOX15;SMPD1;FOSB;CRHBP;RASA4B;CARF;JUNB;RYR3;WNT5A;ADCY1;CPNE9;ADCY8"
"GOBP_CELLULAR_RESPONSE_TO_INTERFERON_ALPHA",0.949152542372881,1,-0.299119495761626,-0.576096394426295,4143,9,"GATA3;MYC;RO60"
"GOBP_CELLULAR_RESPONSE_TO_INTERFERON_BETA",0.468505859375,1,-0.400879131930683,-0.984019160974917,1918,26,"IRGM"
"GOBP_CELLULAR_RESPONSE_TO_IRON_ION",0.458229203855766,1,0.576728592098151,1.03403919865873,2566,8,"TFAP2A;TF;B2M;BMP6"
"GOBP_CELLULAR_RESPONSE_TO_L_GLUTAMATE",0.612896028558679,1,-0.490154095584137,-0.889325850379238,2746,7,"PRKN;GRIA1"
"GOBP_CELLULAR_RESPONSE_TO_LIPID",1,1,-0.208605911354924,-0.757744316559375,1723,551,"IRGM;WNT2;CCL27;TP63;FOXA1;TLR4;OR51M1;CD68;USP26;UGT1A6;CD6;WNT11;SLC6A4;NEUROD1;WNT6;CD86;FSHR;CES1;STRA8;LBP;CAV3;CRH;PAX2;TAT;PCK1;KCNK2;MYOD1;PTGDR2;GPER1;DYNAP;DNAAF4;CYP26B1;CCR7;CMPK2;PRKCE;PHEX;SSTR5;SYK;IL18R1;ANKK1;ADTRP;ETNPPL;SPI1;VDR;MEIOSIN;PLSCR4;AKR1C3;PADI2;ANKRD1;PDK4"
"GOBP_CELLULAR_RESPONSE_TO_NITROSATIVE_STRESS",0.800175669740887,1,-0.414369899444675,-0.729514773937435,3643,6,"DDIT3;DNAJA1;ATG5;ATM;PARK7"
"GOBP_CELLULAR_RESPONSE_TO_OXIDATIVE_STRESS",1,1,0.199482512104768,0.627118875183387,7280,239,"GATA5;MPO;SUMO4;BTK;CD36;GPR37L1;TRPM2;ALOX5;SPHK1;TREX1;ALDH3B1;DHFRP1;LCN2;KAT2B;KLF4;CHCHD2;PDK2;PJVK;BMP7;KDM6B;BNIP3;PNPLA8;GPR37;MAPK13;RIPK3;DHRS2;TRPA1;SIRT1;SLC25A14;PDGFRA"
"GOBP_CELLULAR_RESPONSE_TO_PROSTAGLANDIN_E_STIMULUS",0.305529300567108,1,-0.49549372875197,-1.11555546655257,1292,17,"CCR7;PRKCE;PTGER4;GNG2;PTGER2;IGFBP7"
"GOBP_CELLULAR_RESPONSE_TO_PROSTAGLANDIN_STIMULUS",0.582688588007737,1,-0.384641995630872,-0.921175042276919,2409,23,"PTGDR2;CCR7;PRKCE;AKR1C3;PTGER4;GNG2;PTGER2;IGFBP7"
"GOBP_CELLULAR_RESPONSE_TO_TYPE_II_INTERFERON",0.560582584443756,1,0.33563261106551,0.947576925719286,3617,87,"GBP2;SP100;GBP1;GBP4;CASP1;ARG1;IRF8;HCK;WAS;PARP14;PARP9;RAB7B;ADAMTS13;WNT5A;CAMK2A;NLRC5;CDC42EP4;CCL2;RAB43;RPL13A;GSN;PIM1;IRF1;IFNGR2;ASS1"
"GOBP_CELLULAR_RESPONSE_TO_TYPE_III_INTERFERON",0.50704483074108,1,0.622977235386385,1.0179219688319,2770,5,"IFNL4;IFNGR2"
"GOBP_CELLULAR_RESPONSE_TO_UNFOLDED_PROTEIN",1,1,0.1356943583385,0.392502602209099,6595,105,"CREBRF;ERN2;EIF2AK3;ABCA7;SIRT1;SERP2;ERN1;OPTN;EDEM2;DERL1;CDK5RAP3;PIK3R1;DERL3;BBC3;DNAJB9;ERO1A;BFAR;FICD;OS9;CCND1;AMFR;ATF6B;RACK1;AKT3;HSPB8;CREB3L1;PTPN2;CREB3;WFS1;STC2;EIF2AK2;SHISA5;AATF"
"GOBP_CENTRAL_NERVOUS_SYSTEM_NEURON_AXONOGENESIS",0.764411027568922,1,0.333811506530267,0.823781794504202,4574,37,"PHOX2B;EPHB3;ZEB2;SLIT2;CDH11;EPHA4;NIN;NFIB;SZT2;PRKCA;SCN1B;C12orf57"
"GOBP_CENTRAL_NERVOUS_SYSTEM_NEURON_DEVELOPMENT",0.251031952300871,1,0.387689914306991,1.10960299627282,1641,96,"GATA2;AGBL4;PHOX2B;ARX;TTC36;ASCL1;FEZF2;GBX2;EPHB3;FOXG1;NPY;ZEB2;SLIT2;CDH11;SEMA3E;SOX1;LHX6;NRP1;DCLK2;NDNF;WNT5A;PLXNA3;SLIT1;EPHA4;SLC4A10;NIN;NFIB;FGFR2;ROBO2"
"GOBP_CENTRAL_NERVOUS_SYSTEM_NEURON_DIFFERENTIATION",0.0141883433022674,1,0.433519516122865,1.34679573737502,101,207,"WNT1;GATA2;LHX5;TBR1;TAL1;LHX3;OLIG3;POU4F2;AGBL4;PHOX2B;LMX1A;SHH;MNX1;EOMES;ARX;DMRT3;NKX2-1;UNCX;SKOR2;GDF7;FOXP2;TTC36;ASCL1;WNT4;FEZF2;PAX7;PROX1;WNT9B;ID4;FAIM2;PTCH1;TFAP2C;NEUROD4;GBX2;EPHB3;FOXG1;PAX6;NPY;ISL1;ZEB2;FOXN4;SLIT2;HES1;CDH11;SEMA3E;INHBA;LONRF2;SOX1;ERBB4;LHX6;NRP1"
"GOBP_CENTRAL_NERVOUS_SYSTEM_PROJECTION_NEURON_AXONOGENESIS",0.909551130610867,1,0.302045723351662,0.705498136540056,5389,27,"EPHB3;ZEB2;SLIT2;CDH11;EPHA4;NIN;NFIB;SZT2;SCN1B;C12orf57"
"GOBP_CENTROSOME_DUPLICATION",1,1,0.125056042081054,0.35120203171886,6475,83,"C10orf90;KAT2B;DEUP1;ITGB1BP2;POC1B;SIRT1;SPICE1;FBXL13;MDM1;CEP192;CNTROB;PLK4;CHMP2A;CCP110;BRSK1;POC1A;XRCC3"
"GOBP_CENTROSOME_SEPARATION",0.910472571835669,1,-0.316317862383196,-0.686530565307548,3833,15,"MAP9;NDEL1;CHEK1;KIF3B;CEP85;NSFL1C;NDE1;NEK2;NUP62;KIF15;AURKA;KIF11;UBXN2B;KIF25;CNTROB"
"GOBP_CERAMIDE_METABOLIC_PROCESS",0.906068923452272,1,0.276267666576786,0.7954402322573,5941,100,"PNPLA1;P2RX1;FUT3;SPHK1;SMPD1;NEU4;ASAH2;SGMS2;PLPP2;ST8SIA6;PLPP3;B3GALT4;FA2H;ABCA2;ST8SIA4;SPTSSB;P2RX7;B4GALT4;CEL;ALOX12B;CERT1;SAMD8;ST3GAL3;B4GALNT1;GALC;UGT8;PLPP1"
"GOBP_CEREBRAL_CORTEX_GABAERGIC_INTERNEURON_DEVELOPMENT",0.725990717600857,1,0.453997036801248,0.813989003769572,4066,8,"ARX;FEZF2;LHX6;DRD2"
"GOBP_CEREBRAL_CORTEX_GABAERGIC_INTERNEURON_DIFFERENTIATION",0.346626844694308,1,0.576953454313542,1.11291506498091,1972,11,"ARX;NKX2-1;ASCL1;FEZF2;LHX6"
"GOBP_CEREBRAL_CORTEX_GABAERGIC_INTERNEURON_MIGRATION",0.754405286343612,1,0.469261369334598,0.79165811521817,4109,6,"ARX;FEZF2;LHX6;DRD2"
"GOBP_CEREBRAL_CORTEX_NEURON_DIFFERENTIATION",0.20149001015916,1,0.521786664278379,1.20996638224687,1189,26,"EOMES;ARX;NKX2-1;ASCL1;FEZF2;ID4;LHX6"
"GOBP_CEREBROSPINAL_FLUID_CIRCULATION",0.547438330170778,1,-0.421468880791023,-0.933634506532319,2307,16,"GMNC;DAW1;DNAH9;CFAP45;KATNIP;ODAD4"
"GOBP_CGMP_METABOLIC_PROCESS",0.903882575757576,1,-0.321481890319538,-0.674863598508795,3817,13,"GUCY2D;NPPB;NPPC"
"GOBP_CHAPERONE_MEDIATED_AUTOPHAGY",0.980314280780522,1,0.262365700626054,0.543842162622408,5676,15,"GFAP;CLU;EEF1A1"
"GOBP_CHEMICAL_SYNAPTIC_TRANSMISSION_POSTSYNAPTIC",0.997634535777646,1,-0.227081021230193,-0.716759882849496,3373,116,"CHRNA2;CRH;KCNK2;GHRL;RELN;SLC1A7;SHANK1;INSYN2A;CHRFAM7A;CHRNA9;ADRB2;NLGN4X;CHRNA10;PRKN;MET;GRIK2;SNCA;PTK2B;CHRNB2;PRKAR1B;GRIA1;MPP2;ADORA1;LRRK2;DMPK;P2RX3;CHRND;CELF4;NETO1"
"GOBP_CHEMOREPULSION_OF_AXON",0.877386196769457,1,0.392218424367057,0.661684338151575,4779,6,"NTN1;SEMA3B;WNT5A"
"GOBP_CHITIN_METABOLIC_PROCESS",0.0271627906976744,1,0.905908545060437,1.41723470350792,145,4,"CHIT1;CHI3L1"
"GOBP_CHOLINE_METABOLIC_PROCESS",0.636380323054332,1,0.530143561373548,0.894368213576042,3466,6,"DMGDH;CHDH"
"GOBP_CHONDROITIN_SULFATE_PROTEOGLYCAN_METABOLIC_PROCESS",0.544593921275536,1,-0.357650182354065,-0.942455080271577,2185,36,"B3GAT2;DSEL;CHSY3;CHST12;CHST15;GALNS;CHST7;DSE;CSGALNACT1;SLC35D1;CHST3;B4GALT7;XYLT2;CHST9;B3GALT6"
"GOBP_CHRONIC_INFLAMMATORY_RESPONSE",0.525804924242424,1,-0.453721804374166,-0.952465251829594,2220,13,"CYP19A1;LTA"
"GOBP_CILIARY_NEUROTROPHIC_FACTOR_MEDIATED_SIGNALING_PATHWAY",0.983714547118024,1,0.274023860988958,0.447744945145221,5375,5,"CNTFR;IL6ST"
"GOBP_CITRULLINE_METABOLIC_PROCESS",0.830212922173275,1,0.422978634164128,0.713577741919703,4522,6,"ATP2B4;ASS1;CPS1"
"GOBP_CLUSTERING_OF_VOLTAGE_GATED_SODIUM_CHANNELS",0.634538152610442,1,-0.480735576088946,-0.87223707577787,2843,7,"MYOC"
"GOBP_CMP_METABOLIC_PROCESS",0.617269812185066,1,-0.460300394907264,-0.886526627707341,2694,9,"DPYS;CDA;UCK2;UPP1;NT5C3A"
"GOBP_CMP_N_ACETYLNEURAMINATE_METABOLIC_PROCESS",0.0289112534309241,1,0.877883788387472,1.43442993342564,157,5,"CMAHP;GNE"
"GOBP_COBALAMIN_METABOLIC_PROCESS",0.506264337391918,1,0.52314370252318,0.985820913250452,2868,10,"CUBN;AMN;CLYBL"
"GOBP_COENZYME_A_METABOLIC_PROCESS",0.920368620037807,1,-0.30148983845856,-0.678774761185434,3894,17,"CROT;HMGCR;ACLY;ACOT7;PANK1;PPCS"
"GOBP_COLLAGEN_ACTIVATED_TYROSINE_KINASE_RECEPTOR_SIGNALING_PATHWAY",0.739692522711391,1,0.407543171433801,0.802386708934124,4233,12,"COL4A3;GP6;COL1A1;UBASH3B;COL4A2;COL4A1"
"GOBP_COLLAGEN_METABOLIC_PROCESS",0.998780301875286,1,0.223879252993164,0.642041542588488,6550,97,"F2;CTSS;CYP7A1;PRSS2;WNT4;SERPINF2;ADAMTS2;INHBA;BMP4;RCN3;COL1A1;TGFB1;MMP19;TNXB;EMILIN1;MMP23B;MMP24;PRTN3;P2RX7;CTSK;ADAMTS3"
"GOBP_COMMISSURAL_NEURON_AXON_GUIDANCE",0.525924645696509,1,0.467762798665733,0.957083880719375,3042,14,"PTCH1;GDNF;NRP1;NFIB;ROBO3;FZD3;NELL2;VEGFA;DAG1;ADAM17"
"GOBP_COMMITMENT_OF_NEURONAL_CELL_TO_SPECIFIC_NEURON_TYPE_IN_FOREBRAIN",0.0618575624082232,1,0.823280593959671,1.38889924869372,336,6,"GATA2;TBR1;ASCL1;FEZF2;PAX6;BCL11B"
"GOBP_CONNECTIVE_TISSUE_REPLACEMENT_INVOLVED_IN_INFLAMMATORY_RESPONSE_WOUND_HEALING",0.244019992859693,1,0.676875081004307,1.21359574667081,1366,8,"CCDC92;IL1A;TGFB1;AGER"
"GOBP_CORTISOL_METABOLIC_PROCESS",0.264581869290232,1,0.613637970623403,1.18367770717942,1505,11,"WNT4;BMP5;CYP21A2;DGKQ;H6PD"
"GOBP_CYCLIC_GMP_AMP_TRANSMEMBRANE_IMPORT_ACROSS_PLASMA_MEMBRANE",0.831590909090909,1,-0.384090652882653,-0.717841588649977,3658,8,"SLC46A2;LRRC8A;SLC19A1;LRRC8B;SHOC2"
"GOBP_CYCLIC_NUCLEOTIDE_METABOLIC_PROCESS",0.859740906826109,1,-0.297802155716247,-0.784747690391927,3450,36,"ADCY10;GUCY2D;PDE4D"
"GOBP_CYSTEINE_METABOLIC_PROCESS",0.490023201856149,1,-0.486094573247798,-0.98185144410405,2111,11,"ENSG00000274276;GGT1;GCLM;SLC7A11;GCLC;MTHFD1;CTH;CDO1"
"GOBP_CYTOCHROME_METABOLIC_PROCESS",0.185544373284538,1,0.773051274298019,1.26313744779677,1013,5,"CYP2W1;CYP4F11;CYP2S1"
"GOBP_CYTOKINE_MEDIATED_SIGNALING_PATHWAY",0.311225773974327,1,0.319125755559848,1.04623810536516,2472,426,"IL9R;GFI1;CCR6;IL2RG;LILRB5;SP100;CCR3;IL5RA;GPR17;CCR1;ZBP1;IL3RA;EDAR;CCL25;CRLF2;ACKR1;CASP1;ARG1;CXCL17;IFNL4;NLRP2B;FOXC1;IL1RL1;PYDC1;IL7;CASP4;TNFSF13B;PF4;HCK;SPHK1;CREBRF;ACKR3;TNFRSF19;TREX1;CCR2;NLRP6;IL37;CNTFR;IL1A;IL23A;PTPRC;EGR1;IRAK2;CX3CR1;SLIT2;DUOX1;EBI3;PARP14;PARP9;FAS;CSF2RA;INHBA;XCL1;STAT4;IL17REL;CCR8;F2RL1;IL22RA1;CXCR4;MPL;ECM1;PLVAP;IL17RB;APOA1;CMKLR1;IL15;IRF7;FCER1G;IFIH1;TNFRSF13C"
"GOBP_CYTOKINE_PRECURSOR_PROCESSING",0.265860465116279,1,0.770886575400384,1.20600165776437,1428,4,"CASP1;FURIN;ADAM17"
"GOBP_CYTOKINE_PRODUCTION",0.909368396337168,1,0.262912390463341,0.885677712365784,7745,696,"ORM1;CD274;MEFV;F2;NLRC4;SLC11A1;IL5RA;CD226;CYBB;CRLF2;ACKR1;APOA2;SAA1;CRTAM;GBP1;RAET1G;TIGIT;CASP1;ARG1;FFAR1;CXCL17;NLRP2B;SRGN;SIGLEC1;IL1RL1;PYDC1;CD80;PSG9;AZU1;GATA6;CLEC5A;GATA4;ACE2;BTK;IL7;IRF8;ABCD2;LTF;CD36;PF4;PSMB9;C1QTNF3;LUM;LTB;PLAGL1;ALOX5;POU2AF1;SPHK1;NOX5;TREX1;PKP3;CCR2;NLRP6;SERPINF2;IL37;ARRB1;IL1A;C5AR1;IL23A;COL3A1;LEF1;ADRA2A;BTN3A2;PTPRC;EGR1;ISL1;CLEC4A;NLRP3;GLTPD2;ZP3;CX3CR1;MOG;CD34;NFATC4;BCL6;DUOX1;EBI3;KLF4;DLL1;INHBA;XCL1;SPON2;CLEC7A;ERMAP;NMI;IL32;SULF1;ITK;F2RL1;BANK1;ADCY7;NFAM1;RAB7B;NLRP7;RIGI;NLRC3;IL17RB;APOA1;POMC;CMKLR1;NLRP12;TRIM38;XAF1;BTN3A3;IL15;IFI16;IRF7;FCER1G;PIK3CD;IFIH1;ZBTB25;PLCB1;B2M;SECTM1;TGFB1;FCGR2A;TLR5;PDCD4;ADAM8;TLR6;WNT5A;MAPK11;SERPINB1;TRIM15;SMAD4;PTGS2;FN1;AGER;PSMB8;CCDC88B;MAPK13;EIF2AK3;TRAF3;CASP8;CADM1;BCL6B;NAIP;RIPK3;LAG3;IL6ST;NAV3;SIRT1;BTN3A1;IL18;HLA-A;FGFR1;IDO1;HTR2B;P2RX7;SNAI2;BST2;GAS6;CCBE1;CXCL6;ARRDC4;TSLP;RFTN1;ADAMTS3;LTBR;RELB;PPARA;JAK3;C1QTNF4;CLU;DENND1B;IL1RAP;HLA-F;CX3CL1;TNFSF4;PRKCQ;KLHL22;TNFAIP3;INHA;NOD2;IL1R1;NDRG2"
"GOBP_CYTOKINE_PRODUCTION_INVOLVED_IN_IMMUNE_RESPONSE",0.914334312664296,1,0.274629189967102,0.779284294444591,5912,90,"CD226;APOA2;RAET1G;ARG1;BTK;CD36;PKP3;CCR2;NLRP3;BCL6;XCL1;SPON2;CLEC7A;F2RL1;RIGI;APOA1;FCER1G;B2M;SECTM1;TGFB1;WNT5A;SIRT1;IL18;HLA-A;BST2;JAK3;DENND1B;HLA-F;TNFSF4;NOD2;IL1R1;KIT;HLA-G"
"GOBP_CYTOKINE_PRODUCTION_INVOLVED_IN_INFLAMMATORY_RESPONSE",0.948372615039282,1,0.270634956339169,0.725160522685579,5914,59,"MEFV;F2;PSG9;ABCD2;ALOX5;CLEC7A;ADCY7;NLRP7;NLRC3;PDCD4;TLR6"
"GOBP_CYTOKINESIS",1,1,-0.196960587120149,-0.655683522959683,2940,187,"ANKRD53;SEPTIN12;TEX14;CXCR5;PRKCE;SSTR5"
"GOBP_CYTOKINETIC_PROCESS",0.822508545884828,1,-0.296160241289973,-0.825708436274267,3127,52,"KLHDC8B;SPIRE1;CHMP1A;SPART;SNX18;CEP55;IQGAP2;CHMP4C;ALKBH4;CHMP6;SNX9;ANLN;CHMP4B;SNX33;CHMP3;CHMP7;PDCD6IP;RTKN;RAB11FIP3;VPS4A;RAB11A;KIF20B;CHMP5;CHMP1B;LUZP1;CHMP2B;ANXA11;CHMP4A;MYH9;RHOA;PLK1;MTMR4;NUP62;ARF1;ARF6;ZFYVE19;VPS4B;RACGAP1;ECT2;SPAST;IST1;AURKB;KIF20A;EXOC7;PLEC;IQGAP3;IQGAP1;MITD1;SPIRE2;CHMP2A;CNTROB;MTMR3"
"GOBP_CYTOSKELETON_DEPENDENT_CYTOKINESIS",1,1,-0.215448889938002,-0.685608839566185,3280,128,"ANKRD53;SEPTIN12"
"GOBP_D_XYLULOSE_5_PHOSPHATE_METABOLIC_PROCESS",0.580588493631972,1,-0.521248643281928,-0.917679075334913,2643,6,"XYLB;SORD"
"GOBP_DAMP_METABOLIC_PROCESS",0.671352074966533,1,-0.465203148324355,-0.844055347511913,3008,7,"XDH"
"GOBP_DCMP_METABOLIC_PROCESS",0.754281949934124,1,-0.438158880047393,-0.771396225340762,3434,6,"DPYS;CDA;UPP1;NT5C3A"
"GOBP_DENDRITE_ARBORIZATION",0.969782150386507,1,0.288085862095591,0.555703572856953,5519,11,"NRP1;ZNF365;TPBG;SULT4A1;PHACTR1;CHRNA7;PTN;IGF2BP1;CC2D1A;TAOK2;SEMA3A"
"GOBP_DENDRITE_DEVELOPMENT",1,1,0.219446382816752,0.690202045471457,7289,240,"IL1RAPL1;TLX2;NEUROG3;CSMD3;SKOR2;LST1;NDP;FEZF2;BMP5;TANC2;TULP1;PPFIA2;EPHB3;CDKL3;EFNA1;CPEB3;NFATC4;FSTL4;GRM5;NRP1;CHRNA3;COBL;BMP7;GPR37;NGEF;FAT3;BBS1;CAMK2A;HECW2;ABI3;EPHA4;DSCAM;SRCIN1;FLRT1;CAPRIN2"
"GOBP_DENDRITE_EXTENSION",0.972189646506953,1,0.267294001856579,0.647446222759781,5802,33,"OSTN;CDKL3;ITSN2;CPNE9;RNF157;CACNG7;RIMS2;AUTS2;NEDD4L"
"GOBP_DENDRITE_MORPHOGENESIS",0.997651203758074,1,0.230125575740606,0.689784938873318,6795,145,"IL1RAPL1;TLX2;NEUROG3;SKOR2;TANC2;PPFIA2;EPHB3;CDKL3;EFNA1;NFATC4;GRM5;NRP1;CHRNA3;NGEF;HECW2;ABI3;EPHA4;DSCAM;SRCIN1;CAPRIN2"
"GOBP_DENDRITE_SELF_AVOIDANCE",0.937089526443139,1,0.304952672703952,0.639309974976347,5421,16,"CNTN6;DSCAML1;CNTN4;TNN;DSCAM;ROBO3"
"GOBP_DENDRITIC_CELL_ANTIGEN_PROCESSING_AND_PRESENTATION",0.31229546517064,1,-0.544235028206105,-1.12276058135769,1335,12,"CD68;FGL2;FCGR2B;CCR7"
"GOBP_DENDRITIC_CELL_APOPTOTIC_PROCESS",0.751004016064257,1,-0.42952303345366,-0.779318056148072,3365,7,"CCR7;LYN;LGALS9"
"GOBP_DENDRITIC_CELL_CHEMOTAXIS",0.392455442118013,1,0.491136929554381,1.05469529455161,2267,18,"CCR6;CCR1;SLAMF8;TRPM2;ARHGEF5;CCR2;CXCR4"
"GOBP_DENDRITIC_CELL_CYTOKINE_PRODUCTION",0.452561669829222,1,-0.468144875366021,-0.997393325349685,1907,14,"TLR4"
"GOBP_DENDRITIC_CELL_DIFFERENTIATION",0.956485771012574,1,0.27456506259463,0.693202441589544,5780,42,"UBD;IRF8;TRPM2;FLT3LG;F2RL1;TGFB1;TMEM176A;AGER;DHRS2;PRTN3;GAS6;LTBR;RELB;AZI2;HLA-G;LGALS1;HLA-B;AXL;RBPJ"
"GOBP_DENDRITIC_CELL_MIGRATION",0.232703341208235,1,0.503181768545202,1.1752982168076,1378,27,"CCR6;CCR1;CD209;SLAMF8;TRPM2;ALOX5;ARHGEF5;CCR2;CXCR4;NLRP12"
"GOBP_DENDRITIC_SPINE_DEVELOPMENT",0.995108529501681,1,0.236751984435725,0.679390008843379,6509,98,"IL1RAPL1;NDP;TANC2;PPFIA2;EPHB3;EFNA1;CPEB3;FSTL4;GRM5;NGEF;CAMK2A;ABI3;EPHA4;DSCAM;SRCIN1;CAPRIN2"
"GOBP_DENDRITIC_SPINE_MAINTENANCE",0.333572969086988,1,-0.462586382714514,-1.08688233506243,1391,21,"FCGR2B;TREM2;ITPKA;TANC1;PICK1;IGF1R;HOMER1"
"GOBP_DENDRITIC_SPINE_MORPHOGENESIS",0.986360718870347,1,0.248108661873146,0.66686631946613,6146,61,"IL1RAPL1;TANC2;PPFIA2;EPHB3;EFNA1;GRM5;NGEF;ABI3;EPHA4;SRCIN1;CAPRIN2"
"GOBP_DENDRITIC_TRANSPORT",0.9617202268431,1,-0.273439913500154,-0.615623109997934,4069,17,"TRAK2;HNRNPU;SFPQ;WASF1;KIF3B;STAU1;RABGEF1;KIF5B;KIF5C;KIF17;STAU2;FLOT2;PURA;KIFAP3;RAB17;KIF5A;KIFC2"
"GOBP_DEOXYRIBONUCLEOSIDE_METABOLIC_PROCESS",0.319953596287703,1,-0.55398141935721,-1.11897455050462,1378,11,"GDA;XDH"
"GOBP_DEOXYRIBONUCLEOSIDE_TRIPHOSPHATE_METABOLIC_PROCESS",0.951029098651526,1,0.311457689932057,0.572862459151909,5359,9,"SAMHD1;ADA;GUK1;DGUOK;RRM2B;NUDT16;ADK;NUDT15;ITPA"
"GOBP_DEOXYRIBONUCLEOTIDE_METABOLIC_PROCESS",0.344783388874648,1,-0.387236938219743,-1.05715818272079,1344,45,"GDA;CMPK2;XDH;DPYS;SMUG1;CDA;NUDT18;TYMS;RRM2;NEIL2;OGG1;DCTPP1;PNP"
"GOBP_DERMATAN_SULFATE_PROTEOGLYCAN_METABOLIC_PROCESS",0.931474480151229,1,-0.295058374502226,-0.664294951738612,3941,17,"DSEL;CHST12;CHST15;DSE;CSGALNACT1;B4GALT7;XYLT2;B3GALT6"
"GOBP_DETECTION_OF_CALCIUM_ION",0.392518939393939,1,-0.500458075613379,-1.05057531382415,1657,13,"KCNMB3;KCNMB1;KCNMB2"
"GOBP_DETOXIFICATION",0.334265528407418,1,0.352637050469128,1.05358890317433,2270,140,"GSTM1;MPO;SLC11A1;SLC17A3;HBA2;LPO;GSTA1;MT1F;CD36;MT1G;MT2A;MT1H;IPCEF1;MT1E;GSTO2;DHFRP1;CLIC2"
"GOBP_DETOXIFICATION_OF_CADMIUM_ION",0.0896744186046512,1,0.853158266302939,1.33471034044448,481,4,"SLC11A1;SLC39A8"
"GOBP_DETOXIFICATION_OF_COPPER_ION",0.0474677960119993,1,0.764113645421191,1.43990878246857,268,10,"MT1F;MT1G;MT2A;MT1H;MT1E"
"GOBP_DETOXIFICATION_OF_INORGANIC_COMPOUND",0.0349541443156255,1,0.69136276743286,1.48467161347695,201,18,"SLC11A1;MT1F;MT1G;MT2A;MT1H;MT1E"
"GOBP_DETOXIFICATION_OF_NITROGEN_COMPOUND",0.00384263494967978,1,0.941421423687178,1.53824810068032,20,5,"GSTM1;GSTM3"
"GOBP_DGMP_METABOLIC_PROCESS",0.0850066934404284,1,-0.774433556803568,-1.4051168554366,380,7,"GDA;XDH"
"GOBP_DIACYLGLYCEROL_METABOLIC_PROCESS",0.724975704567541,1,-0.346155488166676,-0.844767902141257,2983,25,"PLB1;DGKG;DGKK;MOGAT1;DAGLA;LIPE"
"GOBP_DIADENOSINE_POLYPHOSPHATE_METABOLIC_PROCESS",0.978400571224563,1,0.272110776071708,0.487878029095026,5480,8,"NUDT4B;FHIT;NUDT10;NUDT3"
"GOBP_DICARBOXYLIC_ACID_METABOLIC_PROCESS",0.991620918809593,1,-0.233868652275325,-0.717450627488292,3431,96,"FOLH1;DDO;TAT;PCK1;UROC1;FOLR1;AMDHD1;GLUD2"
"GOBP_DIOL_METABOLIC_PROCESS",0.994613701397071,1,0.232960728454294,0.560700237887922,5908,32,"SPHK1;DHFRP1;ASAH2;NAAA;PLPP2;PLPP3;ABCA2;SPTSSB"
"GOBP_DIPHOSPHOINOSITOL_POLYPHOSPHATE_METABOLIC_PROCESS",0.799085086916743,1,0.452942132578612,0.740090843087357,4366,5,"NUDT4B;NUDT10;NUDT3;NUDT4"
"GOBP_DISACCHARIDE_METABOLIC_PROCESS",0.514364135407136,1,0.619218970892286,1.01178110239903,2810,5,"MGAM;IDUA"
"GOBP_DITERPENOID_METABOLIC_PROCESS",0.132829977628635,1,-0.405460201072273,-1.19811442905248,474,75,"ADH4;RBP2;PLB1;CES1;AKR1B10;BCO1;CYP2C8;CYP1A1;CRH;RDH8;RBP4;CYP26B1;ALDH8A1;AKR1B15;AKR1C3"
"GOBP_DNA_METABOLIC_PROCESS",1,1,0.105437632029564,0.360274609051283,8884,998,"PMS2P1;GATA5;FGF10;CCR6;A1CF;MCIDAS;SPATA22;SP100;ACVRL1;ZSCAN4;SPDYA;H1-1;PMS2P6;RNF212;SYCE3;TEX12;SPHK1;HSF2BP;MSH4;TREX1;LEF1;ADRA2A;SMOC2;DHFRP1;PTPRC;KAT2B;SYCP1;WAS;BCL6;TNFSF13;KLF4;SMARCA2;PARP9;APOBEC3H;DMC1;PDGFA;PMS2P3;PRKCG;MEI4;SHLD1;NME5;GGN;H1-0;APOBEC3G;DNASE1L2;SLC15A4;HFM1;SYCE2;RAD21L1;EYA4;TGFB1;GLI1;FANCB;APOBEC3D;TK2;PARP10;PKIB;SAMHD1;C14orf39;BCL11B;TEP1;FBXO6;AGER;APOBEC3B;MEIOB"
"GOBP_DOPAMINE_METABOLIC_PROCESS",0.970088719898606,1,-0.258591776657024,-0.696106738964663,3826,41,"DRD1;NR4A2;SLC6A3;SULT1A3;COMT;HTR1A;DBH;TACR3;MDGA1;PRKN;SNCA;CHRNB2;SULT1A1;DRD3"
"GOBP_DOPAMINERGIC_NEURON_AXON_GUIDANCE",0.157488986784141,1,0.763131333315635,1.28742562775461,857,6,"WNT7B;WNT5A;FZD3"
"GOBP_DOPAMINERGIC_NEURON_DIFFERENTIATION",0.286688851913478,1,0.447632977605047,1.11092167248553,1722,38,"WNT1;DMRTA2;PHOX2B;LMX1A;SHH;EN1;LMX1B;FOXA2;WNT9B"
"GOBP_DTMP_METABOLIC_PROCESS",0.965454545454545,1,-0.276780544296468,-0.51728565674282,4247,8,"TYMS;UPP1;NT5C3A;NT5C;DCTD;SHMT1;DUT;TYMP"
"GOBP_DUMP_METABOLIC_PROCESS",0.928636363636364,1,-0.320981458540127,-0.599894421789085,4085,8,"DPYS"
"GOBP_ELASTIN_METABOLIC_PROCESS",0.954614220877458,1,-0.304064224786754,-0.494811138608808,4416,4,"LEP;HIF1A;CTSL;CST3"
"GOBP_EMBRYONIC_NEUROCRANIUM_MORPHOGENESIS",0.493975903614458,1,-0.548084877555978,-0.99443430995223,2213,7,"GLI3;TULP3;MTHFD1L;MTHFD1"
"GOBP_EMBRYONIC_OLFACTORY_BULB_INTERNEURON_PRECURSOR_MIGRATION",0.630375114364135,1,0.557509426347852,0.910949968434033,3444,5,"ARX;SLIT2;SLIT1"
"GOBP_EMBRYONIC_VISCEROCRANIUM_MORPHOGENESIS",0.666075230660043,1,0.469129496567915,0.862867367709619,3753,9,"TBX1;CHST11;NIPBL"
"GOBP_ENDOPLASMIC_RETICULUM_CALCIUM_ION_HOMEOSTASIS",0.994169096209913,1,-0.22272590679726,-0.54354676863316,4091,25,"DMTN;HERPUD1;TGM2;THADA;BAK1;RAP1GDS1;BCL2;SELENOK;KCTD17;CCDC47;BAX;TMTC4"
"GOBP_ENERGY_HOMEOSTASIS",0.707440811724915,1,-0.29645947536653,-0.898342166795232,2509,87,"EDN2;SCTR;FMO2;ADRB3;SGIP1;ADRB2;PM20D1;NMUR2;NR4A3;MFSD2A;CEBPA;ADRB1;RRP8;ALK"
"GOBP_ENERGY_RESERVE_METABOLIC_PROCESS",0.964581548129106,1,-0.252526355797761,-0.772687051658281,3376,93,"ADCY10;PRKAG3;ADRB3;ADGRF5;PHKG1;GNMT"
"GOBP_ENSHEATHMENT_OF_NEURONS",1,1,0.17050231440789,0.511557489610059,6833,146,"ITGAX;S100B;ABCD2;ID4;EGR2;BCAS1;HES5;SCN2A;ADGRG6;CXCR4;SOX10;SLC8A3;TGFB1;MYRF;FA2H;KEL;EIF2AK3;ABCA2;ERBB3;CLU;TSC1;JAM2;ITGB4;GALC;UGT8;TMEM163"
"GOBP_EPINEPHRINE_METABOLIC_PROCESS",0.317209302325581,1,0.747506047966332,1.16942435087558,1704,4,"SULT1A4;ATP7A;PNMT"
"GOBP_EPITHELIAL_CELL_DIFFERENTIATION_INVOLVED_IN_PROSTATE_GLAND_DEVELOPMENT",0.60161476355248,1,-0.454554820095523,-0.898878894430592,2607,10,"FOXA1"
"GOBP_EPITHELIAL_CELL_PROLIFERATION_INVOLVED_IN_PROSTATE_GLAND_DEVELOPMENT",0.301300070274069,1,0.596187120533772,1.15001586874813,1714,11,"SHH;SOX9;CDKN1B"
"GOBP_EPOXIDE_METABOLIC_PROCESS",0.620311070448307,1,0.56331675086094,0.920438923834372,3389,5,"ALOX5;ALOX12;EPHX2"
"GOBP_ESTABLISHMENT_OF_CENTROSOME_LOCALIZATION",0.456938866577421,1,-0.568287021021206,-1.03108867758592,2047,7,"PKHD1;FHOD1;MISP;EZR;DLG1"
"GOBP_ESTABLISHMENT_OF_MITOCHONDRION_LOCALIZATION",0.909106098579783,1,0.298132758614713,0.735733592424407,5440,37,"AGBL4;NEFL;FEZ1;RHOT1"
"GOBP_ESTABLISHMENT_OF_MITOCHONDRION_LOCALIZATION_MICROTUBULE_MEDIATED",0.782081508925564,1,0.33602005317149,0.804479364079483,4643,31,"AGBL4;NEFL;FEZ1;RHOT1"
"GOBP_ESTABLISHMENT_OF_PROTEIN_LOCALIZATION_TO_MITOCHONDRIAL_MEMBRANE",0.797152135898076,1,-0.315699988407589,-0.820843901591615,3190,34,"TIMM22;TOMM40;TRMT10B;TOMM5;TIMM8A;MTX2;TIMM10B;TIMM13;TIMM8B;MTCH2;MOAP1;TIMM29;AP3B1;BAX;AGK;SAMM50;TOMM70;TIMM9;BCS1L;TOMM7;CALM3;TOMM6;MTCH1;MAIP1;ROMO1;TMEM126A;NDUFA13;COX18;MTX1;TOMM22;MTX3;OXA1L;TOMM20;TIMM10"
"GOBP_ESTABLISHMENT_OF_PROTEIN_LOCALIZATION_TO_MITOCHONDRION",0.213657056145675,1,-0.346193541497434,-1.10212903844692,703,127,"ADCY10;UBL4B;PRKN;BID;LEPROT;LRRK2;GRPEL1;DDIT3;TIMM22;TIMM44;DNAJA1;GDAP1;C11orf65;TSPO;TOMM40;FBXW7;TOMM40L;AIFM1;DNAJC15;BAG3;TIMM23;RAC2;TRMT10B;MAPK8;USP36;PMPCA;TOMM5;HAX1;TIMM17A;FZD5;TIMM8A;UBE2J2;GFER;MTX2;HSPA4;HSP90AA1;IMMP1L;TIMM23B;TIMM10B;TIMM13;TIMM8B;MICALL2;GSK3A;TIMM21;TOMM34;MIPEP;MTCH2;UBE2L3;SREBF2;BCAP31;MOAP1;TIMM29;AP3B1;HSPD1;MFN2;BAX;RALA;PARL;BAP1;PIN1;MAPT;AGK;PRKAA1;SAMM50;HTRA2;PAM16;FBXO7;HPS4;HSPA1L;TOMM70"
"GOBP_ESTROGEN_METABOLIC_PROCESS",0.0108800773694391,1,-0.681780622688542,-1.63278919375047,44,23,"UGT1A6;CYP19A1;CYP2C8;CYP1A1;RDH8;AKR1B15;CYP2D6;TIPARP;HSD17B7"
"GOBP_ETHANOL_METABOLIC_PROCESS",0.930642907058001,1,0.321549876196369,0.633079793759443,5326,12,"SULT1A4;ALDH3B1;ALDH3B2;ACSS1"
"GOBP_ETHER_LIPID_METABOLIC_PROCESS",0.992726657645467,1,0.235830719522408,0.538531435553706,5868,24,"AGMO;PLAAT3"
"GOBP_EXCITATORY_CHEMICAL_SYNAPTIC_TRANSMISSION",0.988078541374474,1,-0.230034133649417,-0.474561989292837,4226,12,"KCNQ3;PDLIM4;CHRDL1"
"GOBP_EXCITATORY_SYNAPSE_ASSEMBLY",0.184180233514225,1,0.467276862637868,1.18900326481719,1119,44,"LRRTM2;VSTM5;NPTX1;SLITRK3;NRXN3;SEMA4A;WNT5A;NRXN2;C1QL2;ABI3;LRRC4;FGFR1;IL1RAP;CLSTN3;SRGAP2;PRICKLE1;NTRK3"
"GOBP_EXECUTION_PHASE_OF_APOPTOSIS",0.991518467852257,1,-0.237142842018902,-0.697767528848989,3623,72,"PLSCR2;CIDEA;GPER1;XKR4;AIFM3;CASP10;CXCR3;TRPC5;FOXL2;BLCAP;ZC3H12A"
"GOBP_EXPORT_ACROSS_PLASMA_MEMBRANE",0.923312883435583,1,-0.265369154110284,-0.792293399549028,3310,79,"KCNE4;SLC30A4;SLC47A2;KCNA2;SLC8A1;ABCG2;ABCC2;KCNQ1;ATP4A;KCND3;SLC22A5;SLC15A2;PDZK1;ABCC4;SLC22A2;SLC29A4;KCNE5;NEDD4;OSCP1;SLC30A1"
"GOBP_EXTRASYNAPTIC_SIGNALING_VIA_GABA",0.879518072289157,1,-0.36032541870281,-0.653767279082391,3941,7,"GABRG2;GABRB1;GABRA4"
"GOBP_FARNESYL_DIPHOSPHATE_METABOLIC_PROCESS",0.155220417633411,1,-0.646016272114681,-1.30487366985512,668,11,"HMGCS1;MVD;ACAT2;MVK;IDI1;FDFT1;HMGCR;FDPS"
"GOBP_FATTY_ACID_DERIVATIVE_METABOLIC_PROCESS",0.987171365220146,1,0.246652588697435,0.673612428525299,6232,68,"ELOVL3;TYRP1;ALOX5;HMGCLL1;DPEP3;ALOX15;HPGD;ADHFE1;ALOX12"
"GOBP_FATTY_ACID_METABOLIC_PROCESS",1,1,0.214591572091029,0.696559764215576,7777,364,"GSTM1;GIP;ACSM6;ELOVL3;APOA5;CYP7A1;ATP6V1B1;TYRP1;CYP4A22;PLA2G5;GSTA1;CYP4F11;ABCD2;CD36;ALOX5;CCDC92;PNLIPRP2;TREX1;CYP2C18;ALOX15;ABHD1;MLYCD;KAT2B;ASAH2;NAAA;SOX9;CYP2E1;PDK2;PTGR3;TPK1;ACSS1;HPGD;PTGDS;ABHD3;ABHD6;FAAH2;AVPR1A;ALOX12;PLA2G4D;PNPLA8;TNXB;PTGS2;FA2H;MGLL;ACOT4;GLYATL2;AKR1C2;LPIN3;DGAT2;PDK1;HSD17B8;INSIG2;AUH;CPT1B;SIRT1;SCD5;UCP3;AIG1;MLXIPL"
"GOBP_FATTY_ACYL_COA_METABOLIC_PROCESS",0.988583719391132,1,0.247301150261609,0.624368444947965,5974,42,"ELOVL3;DGAT2;NUDT19;HACD1;HSD17B4;BCKDHA;NUDT7;ABCD1;HTD2;DGAT1;ELOVL1;ACSBG1;CBR4;HSD17B12;PPT1"
"GOBP_FERROPTOSIS",0.876197494473102,1,-0.301081703040673,-0.761419399612797,3566,30,"NQO1;HMOX1;TMEM164;ACSL4;PSAT1;SLC7A11;DHCR7;ACLY;HSPA8;SLC25A1;SC5D;AIFM2"
"GOBP_FLAVIN_CONTAINING_COMPOUND_METABOLIC_PROCESS",0.975587371512482,1,0.28094052849071,0.473955164024525,5314,6,"SLC52A1;SLC52A3;RFK"
"GOBP_FLAVONE_METABOLIC_PROCESS",0.182433819002668,1,-0.874570645671722,-1.27402772208339,888,2,"UGT1A6;LCT"
"GOBP_FLAVONOID_METABOLIC_PROCESS",0.565149486836234,1,-0.512160994311744,-0.929254730095759,2532,7,"UGT1A6;CYP1A1;SULT1C4;LCT;SULT1A3"
"GOBP_FOLIC_ACID_CONTAINING_COMPOUND_METABOLIC_PROCESS",0.967980295566502,1,-0.26571338979414,-0.661836128613848,3929,28,"FOLH1;FOLR1"
"GOBP_FOLIC_ACID_METABOLIC_PROCESS",0.916982922201139,1,-0.307571724178916,-0.681330432719323,3865,16,"FOLR1;ALDH1L2;MTHFD2L"
"GOBP_FOREBRAIN_GENERATION_OF_NEURONS",0.0112723903644225,1,0.52287988959208,1.4684334840107,72,83,"GATA2;LHX5;TBR1;EOMES;ARX;NKX2-1;UNCX;ASCL1;WNT4;FEZF2;PROX1;ID4;TFAP2C;GBX2;FOXG1;PAX6;LEF1;SLIT2;HES1;SEMA3E;INHBA;SOX1;ERBB4;LHX6;NRP1;DCLK2;B2M;NDNF;WNT5A;BCL11B;PLXNA3;SLIT1;SALL1;SLC4A10;FGFR2;FGFR1;ROBO2"
"GOBP_FOREBRAIN_NEUROBLAST_DIVISION",0.358325581395349,1,0.729976921863598,1.14200117888938,1925,4,"LEF1;FGFR2;FGFR1;ASPM"
"GOBP_FOREBRAIN_NEURON_DEVELOPMENT",0.403993344425957,1,0.414860978809053,1.02958913995425,2427,38,"ARX;FEZF2;GBX2;FOXG1;SLIT2;SEMA3E;SOX1;LHX6;NRP1;DCLK2;NDNF;WNT5A;PLXNA3;SLIT1;SLC4A10;FGFR2;ROBO2;ROBO1;DRD2"
"GOBP_FOREBRAIN_NEURON_FATE_COMMITMENT",0.020528382720457,1,0.832196316027949,1.49207725010076,114,8,"GATA2;TBR1;NKX2-1;ASCL1;FEZF2;TFAP2C;PAX6"
"GOBP_FORMATE_METABOLIC_PROCESS",0.654772727272727,1,-0.459415077981319,-0.858618263560346,2880,8,"UROC1;AMDHD1"
"GOBP_FRUCTOSE_1_6_BISPHOSPHATE_METABOLIC_PROCESS",0.222283406754772,1,0.73130776577861,1.23373830733529,1210,6,"ALDOB;PFKL"
"GOBP_FRUCTOSE_2_6_BISPHOSPHATE_METABOLIC_PROCESS",0.365782250686185,1,0.692942838767633,1.13224320032952,1998,5,"PFKFB1;PFKFB2"
"GOBP_FRUCTOSE_6_PHOSPHATE_METABOLIC_PROCESS",0.913696715583508,1,0.333059610040048,0.655740601513983,5229,12,"FBP1;TALDO1;MPI;PFKL;HK1"
"GOBP_FRUCTOSE_METABOLIC_PROCESS",0.251817237798546,1,0.589001278889508,1.18332355701626,1454,13,"PFKFB1;ALDOB;FBP1"
"GOBP_FUCOSE_METABOLIC_PROCESS",0.999762808349146,1,-0.179891115487084,-0.383262121018083,4214,14,"FPGT;FUT4;FUT2;FUCA2;POFUT1;B3GLCT;FUT10;FUT8;FUT1;POFUT2;FUT9;FUCA1;FUOM;HSD17B14"
"GOBP_G_PROTEIN_COUPLED_GLUTAMATE_RECEPTOR_SIGNALING_PATHWAY",0.720773614228976,1,0.394510131822669,0.817756447412646,4173,15,"TRPM1;GRM7;GRM5;GRM6;GRM1;GRIK3;GRM8;GRM4"
"GOBP_GABAERGIC_NEURON_DIFFERENTIATION",0.175909878682842,1,0.593184357735689,1.25938787018073,1014,17,"GATA2;ARX;NKX2-1;ASCL1;FEZF2;INHBA;LHX6;BCL11B"
"GOBP_GALACTOLIPID_METABOLIC_PROCESS",0.965579710144927,1,0.304853633737415,0.53060468324445,5329,7,"PNLIPRP2;FA2H;GALC;UGT8"
"GOBP_GALACTOSE_METABOLIC_PROCESS",0.610957483581058,1,0.437159510452306,0.894466857882954,3534,14,"GLB1L2;GLB1L;PGM1;GALK2"
"GOBP_GAMMA_AMINOBUTYRIC_ACID_METABOLIC_PROCESS",0.0512317029632274,1,0.789386883037947,1.41532254712518,286,8,"GAD1;GAD2;ALDH5A1"
"GOBP_GAMMA_AMINOBUTYRIC_ACID_RECEPTOR_CLUSTERING",0.790390125633679,1,-0.430275567638592,-0.728102330420127,3585,5,"SHISA7;GLRB;NRXN1"
"GOBP_GANGLIOSIDE_METABOLIC_PROCESS",0.989537630779615,1,0.240633021849575,0.562054468512454,5863,27,"NEU4;ST8SIA6;B3GALT4;ABCA2;ST8SIA4;ST3GAL3;B4GALNT1"
"GOBP_GDP_L_FUCOSE_METABOLIC_PROCESS",0.738732708612227,1,-0.434706530320749,-0.788722889854029,3310,7,"FPGT;SLC35C1;FCSK;GMDS"
"GOBP_GDP_MANNOSE_METABOLIC_PROCESS",0.901960784313726,1,-0.332779986874107,-0.658070035704744,3909,10,"PMM1;SLC35C1;GMDS;GMPPB;PMM2;GMPPA;GFUS;GUK1;HK1;MPI"
"GOBP_GDP_METABOLIC_PROCESS",0.92969837587007,1,-0.313572091253246,-0.633377181256408,4006,11,"DLG2;CARD11;NUDT18"
"GOBP_GENERATION_OF_NEURONS",0.898024903392014,1,0.263589615285568,0.911699308115352,8365,1488,"WNT1;GATA2;GFI1;BTG4;BARHL2;LHX5;CHL1;MYT1L;SHOX2;TBR1;WNT7B;EVX1;NKX2-5;VXN;TAL1;SAMD11;LHX3;TLX3;RHOXF2;DMRTA2;EMX2;OLIG3;OSTN;POU4F2;AGBL4;OMG;PHOX2B;BHLHE22;LMX1A;KCNA1;LHX9;RHO;NEUROD2;CNGB1;CABP4;C1QA;IL1RAPL1;SHH;IRX1;EN1;MNX1;PRRX1;EOMES;S100B;SOX14;EN2;ARX;DMRT3;NKX2-1;UNCX;TLX2;DIO3;WNT8A;LMX1B;FAM151B;NEUROG3;CSMD3;EPHA10;SKOR2;GDF7;VCAM1;FOXP2;IRX5;FOXA2;CNTN6;POTEE;TTC36;WNT8B;LST1;NDP;ISLR2;ASCL1;LTK;IRX3;BOC;GPR37L1;WNT4;FEZF2;PAX7;SPINK5;GFAP;PROX1;BMP5;NTN1;MMD2;DSCAML1;SOX21;WNT9B;ID4;TANC2;STRC;FAIM2;NTN4;RIT2;KIAA1755;GLDN;SNAP25;SIX3;CNTN4;POU4F3;SCN11A;PTCH1;NPTX1;FZD10;TFAP2C;NEUROD4;TULP1;PPFIA2;FLRT3;GBX2;EFNA5;EPHB3;CD38;FOXG1;PAX6;GDNF;ONECUT2;COL3A1;NOG;LEF1;DHFRP1;SPAG6;EGR2;NPY;CDKL3;GABRB2;ALDH1A2;KAT2B;ISL1;WNT2B;VWC2;EFNA1;ZEB2;NRG3;HES5;RHOXF1;CPEB3;TBX6;FOXN4;CX3CR1;NEU4;SLIT2;ID2;HES1;NFATC4;BCL6;SLC44A4;LRRC4C;KLF4;PRPH2;DLL1;CDK5R2;CDH11;SLITRK3;ATP1B2;SEMA3E;CTF1;GAS7;FILIP1;INHBA;SLITRK1;NRXN3;GRM7;OPCML;LONRF2;SOX9;SOX1;ARHGEF25;NEFL;FSTL4;ERBB4;GRM5;LHX6;FOXB1;IRX2;CRB2;SAMD14;SEMA3B;NRP1;SOX10;CHRNA3;PCDHAC2;PRDM1;INPP5F;RAB6B;JAG1;COBL;NGF;NRCAM;ADGRG1;MYLIP;BMP4;GRIP1;DCLK2;STMN2;ZEB1;SEMA4A;RNF112;PJVK;RET;PDZD7;NEXMIF;SDCCAG8;TRAPPC9;RUNX2;SNX32;B2M;TGFB1;PHOX2A;SEMA3D;ITSN2;CLMN;SMIM45;BMP6;ASCL2;BMP7;NDNF;WNT5A;BCL11B;DKK1;DDIT4;SRRM4;GPR37;TNXB;SMAD4;CYB5D2;FN1;AGER;NGEF;SCRT1;UNC5A;KIRREL3;FAT3;RAB37;TNN;CDK6;PRAG1;KEL;PLXNA3;EIF2AK4;BBS1;CAMK2A;ADCY1;WHRN;KIAA0319L;HECW2;ABI3;SLIT1;RPGRIP1;NDRG4;PSD;MCOLN3;POTEF;RTN4RL1;CPNE9;EPHA4;DSCAM;SRCIN1;SALL1;SLC4A10;ULK2;FEZ1;EFNB1;NIN;FLRT1;NFIB;SEMA4F;ERCC6;CRABP2;HMCN2;SEMA5B;ALX1;CAPRIN2;ALCAM;LGI1;SDK2;FGFR2;FGFR1;HCN1;BMPR1B;FOXD1;IGSF10;ERBB3;ROBO2;ZFHX3;GAS6;CTDSP1;BEND6;NTRK1;PBX4;DMD;IRX4;ROBO3;LRRC7;CDNF;LAMA2;RGMA;SOX15;STMND1"
"GOBP_GENERATION_OF_PRECURSOR_METABOLITES_AND_ENERGY",1,1,0.172168209669982,0.567159166417359,8044,459,"COX4I2;PDX1;PFKFB1;TYRP1;PPP1R3G;PPP1R2P1;RPEL1;KL;ALDOB;GCGR;NDUFA4L2;GAPDHS;NDP;TREX1;SLC4A1;HMGCLL1;PRDM16;NDUFC2-KCTD14;GIPR;ACTN3;COX6B2;NFATC4;CHCHD2;SLC4A4;PGAM2;FBP1;PPP1R2B;ENO4;PDK2;INSR;TPK1;POMC;AVPR1A;ADHFE1;TRIM63;PYGM"
"GOBP_GEPHYRIN_CLUSTERING_INVOLVED_IN_POSTSYNAPTIC_DENSITY_ASSEMBLY",0.418869309838473,1,0.64117458815752,1.08168091208173,2281,6,"SLITRK3;NRXN3;NRXN2"
"GOBP_GERANYLGERANYL_DIPHOSPHATE_METABOLIC_PROCESS",0.278515803939533,1,-0.612170052126985,-1.17902365042485,1215,9,"HMGCS1;MVD;MVK;IDI1;HMGCR;FDPS"
"GOBP_GLIAL_CELL_DERIVED_NEUROTROPHIC_FACTOR_RECEPTOR_SIGNALING_PATHWAY",0.572689511941848,1,0.461552442295959,0.927274519330291,3308,13,"GDNF;SULF1;RET;GFRA2;GFRA1;PSPN;ARTN;GFRA3"
"GOBP_GLUCAN_METABOLIC_PROCESS",1,1,-0.189986283307412,-0.570045173591227,3545,82,"ADCY10;PRKAG3;PHKG1;GNMT"
"GOBP_GLUCOCORTICOID_METABOLIC_PROCESS",0.97479702300406,1,0.266137993283904,0.607739635738785,5762,24,"WNT4;BMP5;APOA1;POMC;CYP21A2;NR5A2"
"GOBP_GLUCOSE_6_PHOSPHATE_METABOLIC_PROCESS",0.682526244497122,1,0.37195099127724,0.862513793661759,4030,26,"RPEL1;ALDOB"
"GOBP_GLUCOSE_METABOLIC_PROCESS",0.999857934365677,1,0.213433569813081,0.654847740730207,7037,185,"PDX1;PFKFB1;TFAP2B;PPP1R3G;SERPINA12;ALDOB;GAPDHS;C1QTNF3;IGFBP3;MLYCD;KAT2B;ACTN3;ONECUT1;FBN3;PGAM2;FBP1;PDK2;INSR;HECTD4;CD101;SDS;MST1;ENO3;DGAT2;PDK1;GNB3;SIRT1"
"GOBP_GLUCOSYLCERAMIDE_METABOLIC_PROCESS",0.820530565167243,1,-0.371905504336314,-0.735440465685143,3556,10,"GBA3"
"GOBP_GLUCURONATE_METABOLIC_PROCESS",0.177599286033021,1,-0.71865457296587,-1.30391257563631,795,7,"UGT1A6;XYLB;SORD"
"GOBP_GLUTAMATE_BIOSYNTHETIC_PROCESS",0.418752744839701,1,-0.611597280043046,-1.07674146237286,1906,6,"FOLH1;GLUD2"
"GOBP_GLUTAMATE_METABOLIC_PROCESS",0.974415081636088,1,0.262983440428959,0.632960235776526,5788,32,"GAD1;GAD2;FTCD;GLS2;PRODH;ALDH5A1"
"GOBP_GLUTAMATE_RECEPTOR_SIGNALING_PATHWAY",0.999679795068844,1,0.199949950530242,0.539098951243079,6243,62,"GRIA2;CCR2;TRPM1;GRM7;GRM5;GRIN1;PLCB1;GRM6;GRIN2C;GRID1;GRM1;CCL2;CX3CL1;GRIK1;IFNGR2;GRIN3B;GRIK4;GRIK3;GRIA4;NLGN1;DORIP1;GRIN2B;GRM8"
"GOBP_GLUTAMATE_REUPTAKE",0.703548600396738,1,-0.479234213370388,-0.810949014574584,3191,5,"KCNJ10;ATP1A2;PER2;ITGB1;CLN8"
"GOBP_GLUTAMATE_SECRETION",0.132266009852217,1,-0.5071385455628,-1.26317537827574,536,28,"NTRK2;KCNK2;NPY5R;AVP;KCNJ8;ABCC8;BEST1;SYT4;SNCA;ADORA1"
"GOBP_GLUTAMATE_SECRETION_NEUROTRANSMISSION",0.294545454545455,1,-0.626652549721452,-1.17117471734216,1295,8,"KCNJ8;ABCC8;KMO;SLC38A2"
"GOBP_GLUTAMATERGIC_NEURON_DIFFERENTIATION",0.0185153140681779,1,0.721586848091015,1.54957651826842,106,18,"RHO;CABP4;IRX5;NDP;PROX1;PRDM1"
"GOBP_GLUTAMINE_FAMILY_AMINO_ACID_METABOLIC_PROCESS",0.935447701425597,1,0.275599667229007,0.743894700244361,5839,63,"GAD1;ARG1;GAD2;FTCD;PYCR3;AZIN2;GLS2;LGSN;ATP2B4;ARHGAP11B;GLYATL1;PRODH;ALDH5A1"
"GOBP_GLUTAMINE_METABOLIC_PROCESS",0.836476899117494,1,0.34703392095327,0.745240321902291,4833,18,"GLS2;LGSN;ARHGAP11B;GLYATL1;MECP2;GLS;MTTP"
"GOBP_GLUTATHIONE_CATABOLIC_PROCESS",0.297101449275362,1,-0.678542635163331,-1.19460143644961,1352,6,"GGTLC2;GGT1"
"GOBP_GLUTATHIONE_METABOLIC_PROCESS",0.134699145023391,1,0.47235621160157,1.23986674824024,834,52,"GSTM1;CRYAA;GSTA1;NDP;SLC1A2;GSTO2"
"GOBP_GLUTATHIONE_TRANSMEMBRANE_TRANSPORT",0.918636363636364,1,-0.330973116351612,-0.618568210028434,4041,8,"ABCC4;SLC7A11"
"GOBP_GLUTATHIONE_TRANSPORT",0.542227378190255,1,-0.466683877186714,-0.942644217758561,2336,11,"ABCC2;ABCC4;SLC7A11"
"GOBP_GLYCERALDEHYDE_3_PHOSPHATE_METABOLIC_PROCESS",0.366002795248078,1,0.556559616269519,1.09577603092456,2094,12,"RPEL1;ALDOB;TALDO1"
"GOBP_GLYCEROL_3_PHOSPHATE_METABOLIC_PROCESS",0.910869565217391,1,0.361824749030426,0.629764205187918,5027,7,"GPAT3;GPAT2"
"GOBP_GLYCEROL_METABOLIC_PROCESS",0.34643618280843,1,-0.472625186372644,-1.07689308995043,1462,18,"PCK1;MOGAT1;GPD2;GK;PLA2G4A"
"GOBP_GLYCEROLIPID_BIOSYNTHETIC_PROCESS",1,1,0.124767820024603,0.390541180164743,7238,228,"APOA2;IP6K3;AGMO;PIGZ;ALOX15;GPAT3;GPAT2;SLC44A4;PDGFA;MOGAT3;INPP5F;PIK3R3;APOA1;ABHD3;DGKI;PIK3CD;PIGN;SLC44A3;LPIN3;DGAT2;PIGP;PDGFB;SIRT1;HTR2B;AGPAT3;SLC44A5;PITPNM2;PLCE1;DGKE;PIGV;PNPLA2;ACP6;HYCC2;PIGS;HTR2C;PTPMT1;SLC27A1;UVRAG;LCLAT1;PIGX;INPPL1;MTMR3;SH3YL1;PIK3R1"
"GOBP_GLYCEROLIPID_CATABOLIC_PROCESS",0.83793709085103,1,0.300056938074146,0.812338840279363,5247,64,"PNPLA1;APOA5;APOA2;PLA2G5;PNLIPRP2;GDPD3;INPP5F;ABHD6;ABHD16B;PLCB1;PLA2G4D;PLA2G4E;PNPLA8;MGLL"
"GOBP_GLYCEROLIPID_METABOLIC_PROCESS",1,1,0.170371590747549,0.55215231912774,7746,358,"PNPLA1;APOA5;APOA2;SERPINA12;CETP;PLA2G5;IP6K3;AGMO;SLC22A4;PIGZ;PLAAT5;TNFAIP8L3;PNLIPRP2;ALOX15;GPAT3;GPAT2;SLC44A4;GDPD3;NAAA;PDGFA;ABCA3;MOGAT3;INPP5F;PLAAT4;PIK3R3;PIK3R5;PLAAT3;APOA1;ABHD3;ABHD6;ABHD16B;DGKI;PIK3CD;SPATA18;NAPEPLD;PLCB1;PLA2G4D;PIGN;PLCL2;PLA2G4E;PNPLA8;TNXB;MGLL;SLC44A3;LPIN3;DGAT2;PLCB4;CIDEB;INSIG2;GNB3;PIGP;PDGFB;SIRT1;HTR2B;AGPAT3;SLC44A5;PITPNM2;PLCE1;DGKE;PIGV;PNPLA2;ACP6;PON1;OSBPL5;GALR2;HYCC2;SORL1;PLAAT2;PIGS;PLCD1;LIPA;HTR2C;PTPMT1;SLC27A1;UVRAG;LCLAT1;PIGX;INPPL1;MTMR3;SH3YL1;PIK3R1;TAFAZZIN;MECP2"
"GOBP_GLYCEROPHOSPHOLIPID_BIOSYNTHETIC_PROCESS",1,1,0.125260712356974,0.386666992236118,7131,194,"APOA2;IP6K3;PIGZ;ALOX15;GPAT3;GPAT2;SLC44A4;PDGFA;INPP5F;PIK3R3;APOA1;ABHD3;DGKI;PIK3CD;PIGN;SLC44A3;PIGP;PDGFB;HTR2B;AGPAT3;SLC44A5;PITPNM2;DGKE;PIGV;ACP6;HYCC2;PIGS;HTR2C;PTPMT1;UVRAG;LCLAT1;PIGX;INPPL1;MTMR3;SH3YL1;PIK3R1"
"GOBP_GLYCEROPHOSPHOLIPID_CATABOLIC_PROCESS",0.97052456286428,1,0.26741461691546,0.654281182896145,5827,35,"PLA2G5;PNLIPRP2;GDPD3;INPP5F;ABHD16B;PLCB1;PLA2G4D;PLA2G4E;PNPLA8"
"GOBP_GLYCEROPHOSPHOLIPID_METABOLIC_PROCESS",1,1,0.1528517028407,0.487150107976785,7494,282,"APOA2;CETP;PLA2G5;IP6K3;PIGZ;PLAAT5;TNFAIP8L3;PNLIPRP2;ALOX15;GPAT3;GPAT2;SLC44A4;GDPD3;NAAA;PDGFA;ABCA3;INPP5F;PLAAT4;PIK3R3;PIK3R5;PLAAT3;APOA1;ABHD3;ABHD6;ABHD16B;DGKI;PIK3CD;SPATA18;NAPEPLD;PLCB1;PLA2G4D;PIGN;PLCL2;PLA2G4E;PNPLA8;SLC44A3;PLCB4;PIGP;PDGFB;HTR2B;AGPAT3;SLC44A5;PITPNM2;PLCE1;DGKE;PIGV;ACP6;PON1;OSBPL5;GALR2;HYCC2;PLAAT2;PIGS;PLCD1;HTR2C;PTPMT1;UVRAG;LCLAT1;PIGX;INPPL1;MTMR3;SH3YL1;PIK3R1;TAFAZZIN;MECP2"
"GOBP_GLYCINE_IMPORT_ACROSS_PLASMA_MEMBRANE",0.664756446991404,1,-0.501212093512704,-0.848139473324395,3015,5,"SLC6A20"
"GOBP_GLYCINE_METABOLIC_PROCESS",0.483676366217175,1,0.548981696212313,1.00973909037268,2725,9,"NDP;GLDC"
"GOBP_GLYCOLIPID_BIOSYNTHETIC_PROCESS",1,1,0.116651164383709,0.327598133222353,6475,83,"PIGZ;ST8SIA6;B3GALT4;PIGN;FA2H;ST8SIA4;PIGP;B4GALT4;A4GALT;ST8SIA5;PIGV;ST3GAL3;B4GALNT1;UGT8;PIGS;PIGX;ST3GAL6;PIGL;LARGE1;PIGB;PIGK;ST6GALNAC6;CERS2;ST3GAL2;ST6GALNAC5;PIGO;GBA1;FUT9;DPM3"
"GOBP_GLYCOLIPID_CATABOLIC_PROCESS",0.966203465431463,1,0.276821688411397,0.613914886418521,5631,21,"PNLIPRP2;SMPD1;NEU4;GALC;SCARB2;NAGA;M6PR;FUCA1;GBA1"
"GOBP_GLYCOLIPID_TRANSPORT",0.921635130310603,1,0.346535417872997,0.621316873679952,5162,8,"NPC2;PSAP;PLTP;CPTP;RFT1;CLN3;GLTP;PLEKHA8"
"GOBP_GLYCOPROTEIN_METABOLIC_PROCESS",1,1,0.150726297633662,0.488484461680486,7746,358,"GALNT15;ST6GALNAC2;GALNTL5;HS3ST1;BTK;HS3ST6;CHST5;FUT3;TREX1;SLC10A7;NEU4;GALNT9;IDUA;B3GNT4;SULF1;MGAT4A;FKTN;ST8SIA6;HS3ST3B1;NCCRP1;EXTL1;B3GNT3;PLCB1;ADAMTS13;SLC35A1;GALNT16;ENGASE;AQP11;GALNT12;FBXO6;COG7;GALNT8;GCNT1;ABCA2;ST8SIA4;TET2;ABCA7;TMTC2;BMPR1B;PXYLP1;B4GALT4;MAN1C1;JAK3;ST8SIA5;CYTL1;AGO2;C1GALT1;ST3GAL3;HGSNAT;SLC2A10;AGA;EDEM2;ALG8;CHST11;HS6ST3;NECAB1;GCNT2;MAN2B1;ALG10;ALG9;TRIP11;ST3GAL6;PAWR;MAN2B2;CST3;DERL3;MANBA;TMEM59;GNPTG;ACOT8;PSEN1;BACE2;UST;RNF103;MFSD8;FUT11;LARGE1;FBXO17;COL2A1;POGLUT1;ALG11;MGAT5;OGA;POMK;AMFR;B3GNT7;MGAT4B;SLC35D2;B3GNT2;ACER2;BMPR2;ST6GALNAC6;GUSB;POMGNT2;MAN1A1;CSGALNACT2;POGLUT2"
"GOBP_GLYCOSAMINOGLYCAN_METABOLIC_PROCESS",0.674683341350008,1,0.330964999776571,0.886813571591364,4207,59,"ITIH3;LYVE1;FOXC1;PGLYRP4;HS3ST1"
"GOBP_GLYCOSIDE_METABOLIC_PROCESS",0.0894212523719165,1,-0.626608575590878,-1.38805832393301,376,16,"AKR1B10;GBA3;SULT1C4;AKR1C3"
"GOBP_GLYCOSPHINGOLIPID_BIOSYNTHETIC_PROCESS",1,1,-0.17668431834873,-0.477681528363292,3957,42,"ST8SIA1;ST3GAL1;ST8SIA2;B3GALNT1;FUT4;FUT2;ST6GALNAC3;ST3GAL5;B3GNT5;GAL3ST1;CERK;B4GALT6;PLEKHA8;KDSR;SPTLC2;PRKAA1;DEGS1;B4GALT5;SPTSSA;SPTLC1;FUT1;ST8SIA3;TM9SF2;UGCG;ST6GALNAC4;B4GALT3;FUT9;ST6GALNAC5;ST3GAL2;CERS2;ST6GALNAC6;LARGE1;UGT8;B4GALNT1;ST3GAL3;ST8SIA5;A4GALT;B4GALT4;ST8SIA4;FA2H;B3GALT4;ST8SIA6"
"GOBP_GLYCOSPHINGOLIPID_METABOLIC_PROCESS",1,1,-0.141613464886825,-0.412633840944379,3687,68,"GBA3;ST8SIA1;ST3GAL1;LCT;ST8SIA2;B3GALNT1;FUT4;ITGB8;B3GALT1;FUT2;ST6GALNAC3;ST3GAL5;CREM;B3GNT5;GAL3ST1;CERK;B4GALT6;GBA2;PLEKHA8;KDSR;HEXB;BAX;SPTLC2;PRKAA1;GLB1;DEGS1;B4GALT5;GLA;NEU3;SPTSSA;SPTLC1;FUT1;CLN6;NEU1;HEXA;ST8SIA3;PRKCD;TM9SF2;SUMF1;UGCG;GM2A;ST6GALNAC4;B4GALT3;NAGLU;FUT9;GBA1;ST6GALNAC5;ST3GAL2;CERS2;ST6GALNAC6;M6PR;LARGE1;SCARB2;UGT8;GALC;B4GALNT1;ST3GAL3;KIT;ST8SIA5;A4GALT;B4GALT4;ST8SIA4;ABCA2;FA2H;B3GALT4;ST8SIA6;NEU4;SMPD1"
"GOBP_GLYCOSYLCERAMIDE_METABOLIC_PROCESS",0.931474480151229,1,-0.294815836625735,-0.66374890152997,3941,17,"GBA3;LCT"
"GOBP_GLYOXYLATE_METABOLIC_PROCESS",0.974669603524229,1,0.283154530988219,0.47769025316419,5309,6,"MGAT4A;GRHPR;IDH2;HOGA1;HYI;IDH1"
"GOBP_GMP_METABOLIC_PROCESS",0.42687074829932,1,-0.413604639474684,-1.00937276902766,1756,25,"GDA;XDH;DLG2;PFAS;CARD11;GMPS;GART;IMPDH1;HPRT1;ADSL;AMPD2;DLG1;PRTFDC1"
"GOBP_GONADOTROPHIN_RELEASING_HORMONE_NEURONAL_MIGRATION_TO_THE_HYPOTHALAMUS",0.212187958883994,1,0.735601507526764,1.24098197945856,1155,6,"SEMA3E;NRP1;NDNF;PLXNA3;NRP2"
"GOBP_GPI_ANCHOR_METABOLIC_PROCESS",0.956668352722981,1,0.278383218379894,0.663384787031607,5673,30,"PIGZ;PIGN;PIGP;PIGV;PIGS;PIGX;PIGL;PIGB;PIGK"
"GOBP_GTP_METABOLIC_PROCESS",0.391067166723491,1,0.465761886134455,1.05225782438046,2293,23,"NME9;NME5;AK3;NME6;GTPBP1;IMPDH2"
"GOBP_GUANINE_METABOLIC_PROCESS",0.116156050253471,1,-0.806972271420598,-1.36553975079356,526,5,"GDA;XDH"
"GOBP_HEME_A_BIOSYNTHETIC_PROCESS",0.990542099192618,1,-0.219202408987376,-0.433471190572104,4293,10,"FECH;HMBS;UROD;COX10;COX15;ALAS1;UROS;CPOX;ALAD;PPOX"
"GOBP_HEME_B_BIOSYNTHETIC_PROCESS",0.991176989588848,1,0.235376545566979,0.443547575913511,5616,10,"ALAS2;PPOX;ALAD"
"GOBP_HEME_TRANSPORT",0.688960146587265,1,-0.432635886349599,-0.833245501403399,3007,9,"FLVCR1;FLVCR2;SLC48A1;ABCB7;HPX;ABCC5;ABCB6;PGRMC2;SLC46A1"
"GOBP_HEMOGLOBIN_METABOLIC_PROCESS",0.994068801897983,1,-0.215712329181126,-0.496837535924601,4189,19,"FECH;EPO;AHSP;AMBP"
"GOBP_HEPARAN_SULFATE_PROTEOGLYCAN_METABOLIC_PROCESS",0.965743320767087,1,0.267140360433242,0.68279070279291,5891,45,"HS3ST1;HS3ST6;IDUA;SULF1;HS3ST3B1;EXTL1;PXYLP1;HGSNAT;HS6ST3"
"GOBP_HEPARIN_PROTEOGLYCAN_METABOLIC_PROCESS",0.972241992882562,1,-0.26212218590047,-0.60373063258989,4097,19,"ANGPT1;HPSE;GLCE;NDST3;CSGALNACT1;NDST2;B4GALT7;XYLT2;EDNRB;B3GALT6"
"GOBP_HIPPOCAMPAL_NEURON_APOPTOTIC_PROCESS",0.713656387665198,1,0.489800015772078,0.826307432614324,3887,6,"LCN2;CX3CR1;CX3CL1"
"GOBP_HISTAMINE_METABOLIC_PROCESS",0.447157985735898,1,-0.661445797172678,-1.07638689903937,2068,4,"HDC"
"GOBP_HISTONE_MRNA_METABOLIC_PROCESS",0.410243782319626,1,-0.396465006959408,-1.01772710135403,1665,32,"MBLAC1;CSTF2;LSM10;EXOSC4;TUT4;TUT7;SNRPG;FIP1L1;ERI1;SSB;ATM;SLBP;TUT1;TENT4B;LSM1;UPF1;CPSF2;SYMPK;TENT2;SNRPB;NCBP1;SNRPD3;EXOSC10"
"GOBP_HOMOCYSTEINE_METABOLIC_PROCESS",0.646584440227704,1,-0.409787990275283,-0.873062651790153,2725,14,"ENSG00000274276;NOX4;MTHFR;MTHFD1;CTH"
"GOBP_HORMONE_METABOLIC_PROCESS",0.279531748847109,1,-0.313855143068444,-1.05299541033293,787,206,"FOXA1;SLC30A8;ADH4;UGT1A6;CPA4;CYP19A1;PLB1;FSHR;CES1;DDO;AKR1B10;BCO1;CYP2C8;DIO1;CYP1A1;RDH8;RBP4;SRD5A2;AFP;BCHE;CYP26B1;ALDH8A1;STAR;LHB;GATA3;AKR1B15;GCNT4;ADM;AKR1C3;TPO;HFE;SULT1A3;SPP1;AANAT;NR3C1;CYP2D6;PAX8;TIPARP;DUOXA1"
"GOBP_HUMORAL_IMMUNE_RESPONSE",0.0832145910515816,1,0.397915000711818,1.21508137468142,583,173,"A2M;H2BC19P;CCR6;C7;F2;ZP4;SLC11A1;CCL25;BLNK;C1QA;DEFA6;PPBP;PRSS2;PGLYRP4;SPRR2A;AZU1;GATA6;CFB;LYZ;IL7;LTF;ANG;CFHR4;RNASE4;SPINK5;PF4;LGALS4;H2BC8;CD37;H2BC14;LEAP2;ALOX5;POU2AF1;KLK7;CCR2;H2BC3;FCMR;NPY;PTPRC;H2BC10;ZP3;EBI3;C4B;XCL1;SPON2;NTS;H2BC13;TF;SEMG1;CXCL5;SUSD4;EVPL"
"GOBP_HUMORAL_IMMUNE_RESPONSE_MEDIATED_BY_CIRCULATING_IMMUNOGLOBULIN",0.84523408555069,1,0.319332261751989,0.764526439537209,5018,31,"C7;C1QA;FCMR;PTPRC;ZP3;C4B;SUSD4;C1R;CR1L;CR2"
"GOBP_HYALURONAN_METABOLIC_PROCESS",0.300033636057854,1,0.469503611896048,1.11290468462802,1783,29,"ITIH3;LYVE1;TGFB1;PDGFB;CD44"
"GOBP_HYDROCARBON_METABOLIC_PROCESS",0.14747880410531,1,-0.73618558369605,-1.33572049311795,660,7,"CYP2F1;BCO1;CYP1A1"
"GOBP_HYDROGEN_PEROXIDE_METABOLIC_PROCESS",0.371442753143614,1,0.416564467580331,1.0517124913029,2244,42,"MPO;CYBB;HBA2;LPO;NOXA1;DUOX1;HBA1"
"GOBP_HYDROGEN_SULFIDE_METABOLIC_PROCESS",0.707729468599034,1,-0.459873609359973,-0.809625874421956,3222,6,"ENSG00000274276"
"GOBP_HYPEROSMOTIC_RESPONSE",1,1,-0.151614963536062,-0.380756779467565,4055,29,"SST;EPO"
"GOBP_HYPEROSMOTIC_SALINITY_RESPONSE",0.541518807665011,1,0.522752886081903,0.961496580530613,3051,9,"FXYD2;FBP1;TRPV4;EFHD1"
"GOBP_HYPOTHALAMUS_GONADOTROPHIN_RELEASING_HORMONE_NEURON_DIFFERENTIATION",0.338629061049625,1,0.634203182053116,1.13708763384045,1896,8,"SEMA3E;NRP1;NDNF;PLXNA3"
"GOBP_ICOSANOID_METABOLIC_PROCESS",0.483501374885426,1,0.343108522042416,0.986042703442418,3164,99,"GSTM1;NLRC4;ATP6V1B1;CYP4A22;CASP1;PLA2G5;GSTA1;CYP4F11;ALOX5;DPEP3;CYP2C18;ALOX15;CYP2E1;PTGR3;HPGD;PTGDS;ABHD6;FAAH2;AVPR1A;ALOX12;PNPLA8;PTGS2;MGLL;AKR1C2;NAIP"
"GOBP_IMIDAZOLE_CONTAINING_COMPOUND_METABOLIC_PROCESS",0.438754325259516,1,-0.517531083685168,-1.02341400370286,1901,10,"HDC;UROC1;AMDHD1"
"GOBP_IMMUNE_COMPLEX_CLEARANCE",0.89423604757548,1,0.386175071525804,0.630995912519242,4886,5,"PLA2G5;CCR2;CLU"
"GOBP_IMMUNE_EFFECTOR_PROCESS",0.413247290880312,1,0.305046121526399,1.01329007185517,3393,530,"KDM5D;IL9R;A2M;GATA2;MPO;CCR6;IL2RG;SCNN1B;CD274;C7;F2;CD69;TCIM;SLC11A1;CD226;MR1;APOA2;CRTAM;KLRD1;RAET1G;C1QA;TIGIT;ARG1;EOMES;CD80;SLAMF8;FCRLB;PLA2G5;AZU1;ITGAM;CFB;BTK;IRF8;CD36;CFHR4;SPINK5;PTGDR;PSMB9;HCK;CD37;POU2AF1;SCN11A;PIK3R6;ITGB2;TREX1;PKP3;AZGP1;CCR2;NLRP6;SERPINB9;CD300A;IL23A;FCMR;LEF1;BTN3A2;CLEC4D;PTPRC;NLRP3;ZP3;WAS;CX3CR1;BCL6;TNFSF13;DLL1;SCART1;C4B;XCL1;SPON2;MYB;CLEC7A;STAT4;NMI;F2RL1;SHLD1;MYO1G;SUSD4;HLA-DMB;EVPL;RIGI;HLA-H;JAG1;PTGDS;SLC15A4;JUNB;APOA1;POMC;CD1C;BTN3A3;SEMA4A;IRF7;FCER1G;PIK3CD;B2M;SECTM1;TGFB1;FCGR2A;DOCK2;ADGRE2;ASCL2;LFNG;PLCL2;WNT5A;C1R"
"GOBP_IMMUNE_RESPONSE_IN_GUT_ASSOCIATED_LYMPHOID_TISSUE",0.814591700133869,1,-0.400637430600208,-0.726908592363528,3650,7,"ITGB7;ZBTB16;RORC"
"GOBP_IMMUNE_RESPONSE_INHIBITING_SIGNAL_TRANSDUCTION",0.51368909512761,1,-0.477559136697014,-0.96461090869249,2213,11,"LILRB3;CD33;LILRA5"
"GOBP_IMMUNE_RESPONSE_REGULATING_CELL_SURFACE_RECEPTOR_SIGNALING_PATHWAY",0.517627540439652,1,-0.281108420538195,-0.979910528900533,1247,311,"TRGC1;TLR4;LILRB3;PIGR;CD33;COLEC10;CLEC2B;TESPA1;BTNL2;CD86;BTNL9;CD3D;RGCC;FCGR2B;IGLC1;FPR3;LILRA5;LBP;SKAP1;TRBC1;VTCN1;C5AR2;NCR3;PDCD1;KLHL6;NCKAP1L;CD8A;CCR7;PRKCE;PDE4D;TNFRSF14;SYK;LAT2;FOSL2;TXK;GATA3;CD160;FGR;IGKC;TEC;FCN3;CLEC2D;NCK1"
"GOBP_IMMUNE_RESPONSE_REGULATING_CELL_SURFACE_RECEPTOR_SIGNALING_PATHWAY_INVOLVED_IN_PHAGOCYTOSIS",0.757736943907157,1,-0.342397087374902,-0.820003158835405,3133,23,"PRKCE;SYK;FGR;LYN;VAV1;NOS2"
"GOBP_IMMUNE_RESPONSE_REGULATING_SIGNALING_PATHWAY",1,1,-0.211761105065473,-0.763592108890621,1864,493,"IRGM;TRGC1;TLR4;LILRB3;PIGR;CD33;COLEC10;CLEC2B;TESPA1;BTNL2;CD86;BTNL9;BIRC3;CD3D;RGCC;FCGR2B;IGLC1;FPR3;LILRA5;LBP;SKAP1;TRBC1;VTCN1;C5AR2;NCR3;PDCD1;KLHL6;NCKAP1L;CD8A;ENPP3;CCR7;PRKCE;TLR7;PDE4D;TNFRSF14;SYK;LAT2;FOSL2;TXK;GATA3;KCNJ8;TIFA;LRRC19;CD160;IRF4;FGR;IGKC;TEC;FCN3;CLEC2D;NCK1"
"GOBP_IMMUNE_RESPONSE_TO_TUMOR_CELL",0.237622094981475,1,0.484996314131308,1.16114952869828,1410,31,"CD274;CD226;MR1;CRTAM"
"GOBP_IMMUNE_SYSTEM_DEVELOPMENT",0.710191528030197,1,0.29527663914156,0.912315369692436,5079,195,"FGF10;CCR6;NKX2-5;SLC40A1;SHH;FOXE1;PSG9;TBX1;LTB;CACNB4;PRDM16;EPHB3;LEF1;PTPRC;MAFB;ONECUT1;ID2;HES1;BCL6;TNFSF13;MYB;SHLD1;NFKB2;CACNA1C;SLC15A4;IL15;RET;TGFB1;SAMHD1;BCL11B;MAD1L1;RIPK3;NR5A2;APLF;IDO1;BARX1;NKX3-2;LTBR;TNFSF4;TNFAIP3;TNFRSF11A;KMT5C;ASXL1;HLA-G;PDPN;LIPA;AIRE;CITED2;HLA-B;SPNS2;FAM210B"
"GOBP_IMMUNOGLOBULIN_PRODUCTION_INVOLVED_IN_IMMUNOGLOBULIN_MEDIATED_IMMUNE_RESPONSE",0.71948850760764,1,0.329272973891135,0.860563368737227,4444,51,"CCR6;BTK;PTPRC;BCL6;TNFSF13;XCL1;SHLD1;SLC15A4;TGFB1;APLF;TNFSF4;KMT5C"
"GOBP_IMMUNOLOGICAL_SYNAPSE_FORMATION",0.0821657563524104,1,-0.648036914986742,-1.40648759521221,345,15,"CD6;CCR7;PRF1;DOCK8"
"GOBP_IMP_METABOLIC_PROCESS",0.966209829867675,1,-0.266247410648626,-0.599429896222196,4088,17,"XDH;PFAS;PNP;GART;HPRT1;ADSL;AMPD2"
"GOBP_IMPORT_ACROSS_PLASMA_MEMBRANE",0.28348649401281,1,0.345810899971427,1.06971230130901,2035,196,"SLC6A19;SCNN1B;SLC12A3;SLC5A4;P2RX1;SLC9A4;SLC9C1;CACNA1S;SLC6A5;SLC22A4;ACE2;SCNN1G;CACNA1F;CD36;FXYD2;GFAP;TRPV3;TRPM2;SLC1A2;SLC36A1;SLC6A1;LCN2;CACNA1E;SLC39A4;TRPM1;ATP1B2;SLC9A2;KCNJ6;ATP2B4;CACNA1D;CACNA1C;CLTRN;KCNE2;SLC1A4;SLC15A4;SLC8A3;SLC12A1;SLC38A3;SLC9A9;GRM6;SLC12A7;TRPV6"
"GOBP_IMPORT_INTO_THE_MITOCHONDRION",0.340360122968819,1,-0.653933522117178,-1.1512761090918,1549,6,"SFXN3;SFXN2;MPC1;MPC2;SLC25A38"
"GOBP_INDOLE_CONTAINING_COMPOUND_METABOLIC_PROCESS",0.798182124221512,1,0.330521363031301,0.795513510402891,4741,32,"SULT1A4;TPH2;TPH1;ACMSD"
"GOBP_INFLAMMASOME_MEDIATED_SIGNALING_PATHWAY",0.38248479026577,1,0.385713482941585,1.03994891512951,2388,62,"MEFV;GBP2;NLRP2B;PYDC1;BTK;CD36;CCDC92;NLRP6;NLRP3;IRAK2;ADCY7;ZDHHC1;NLRC3;IFI16;TLR6;CASR"
"GOBP_INFLAMMATORY_CELL_APOPTOTIC_PROCESS",0.855513307984791,1,0.34358826039175,0.720306532176097,4949,16,"IRF7;PIK3CD;SIRT1;CDKN2A;NOD2"
"GOBP_INFLAMMATORY_RESPONSE",0.90964206599044,1,0.262790772618082,0.887546219400346,7801,742,"ORM1;CCR6;MEFV;F2;SERPINA1;GBP2;CD69;CCR3;NLRC4;SLC11A1;IL5RA;GPR17;CCR1;ZBP1;CCL25;CYBB;ACKR1;SAA1;GBP1;P2RX1;BLNK;C1QA;CASP1;PPBP;CXCL17;NLRP2B;SIGLEC1;IL1RL1;PYDC1;SLAMF8;HBA2;PSG9;OLR1;AZU1;ITGAM;CYSLTR1;VCAM1;SIGLEC10;ACE2;LYZ;BTK;CSRP3;NDP;CASP4;ABCD2;CD36;TNIP3;PTGDR;PF4;HCK;C1QTNF3;LRFN5;TACR1;WNK4;ALOX5;SPHK1;CCDC92;SCN11A;AGTR1;ITGB2;TREX1;CCR2;NLRP6;SERPINF2;IL37;IL1A;C5AR1;IL23A;NPY;TAC4;ALOX15;PTPRC;LCN2;ISL1;NLRP3;ZEB2;HSPA12A;IRAK2;ZP3;TXNIP;CX3CR1;NFATC4;BCL6;CRHBP;KLF4;PTGER1;C4B;XCL1;HBA1;CLEC7A;NMI;F2RL1;IL22RA1;ADCY7;ZDHHC1;NFAM1;CXCR4;CXCL5;ECM1;PDE2A;NLRP7;NLRC3;IL17RB;APOA1;CMKLR1;NLRP12;F7;ELF3;NPFF;IL15;IFI16;FCER1G;PIK3CD;NAPEPLD;TSPAN18;GPR4;TGFB1;FCGR2A;ADGRE2;BMP6;TLR5;PDCD4;ADAM8;KDM6B;TLR6;WNT5A;ASH1L;PTGS2;CXCL1;FN1;AGER;MGLL;MAP3K8;AHR;WFDC1;MAPK13;NT5E;ADCY1;CASR;CASP8;BCL6B"
"GOBP_INFLAMMATORY_RESPONSE_TO_ANTIGENIC_STIMULUS",0.535248736366055,1,-0.332119432641374,-0.956437393219654,2011,63,"CD68;CD6;LTA;RAB44;FCGR2B;CCR7;IL2RA;SYK;NPY5R;FOSL2;GATA3;FGR;TREM2;LYN;C3"
"GOBP_INFLAMMATORY_RESPONSE_TO_WOUNDING",0.697927285083248,1,0.369455587342359,0.848529399009861,4107,25,"SIGLEC10;ALOX5;CCDC92;CCR2;IL1A;TGFB1;AGER"
"GOBP_INHIBITORY_POSTSYNAPTIC_POTENTIAL",0.153262158956109,1,-0.552976792181138,-1.27363896117443,645,19,"CHRNA2;CRH;INSYN2A"
"GOBP_INHIBITORY_SYNAPSE_ASSEMBLY",0.992364532019704,1,-0.232302126879352,-0.578615704845388,4028,28,"GABRG3;GABRG2;GABRA4;MDGA1;HAPLN4;FGF13"
"GOBP_INNATE_IMMUNE_RESPONSE_ACTIVATING_CELL_SURFACE_RECEPTOR_SIGNALING_PATHWAY",0.995538204127161,1,-0.225417036321193,-0.671267105087571,3569,78,"TLR4;COLEC10;LBP;PRKCE;SYK;FCN3;TREM2;LYN;TLR2"
"GOBP_INNATE_IMMUNE_RESPONSE_IN_MUCOSA",0.156665530173883,1,0.560788017775019,1.26694260970986,918,23,"H2BC19P;CLDN2;LTF;H2BC8;H2BC14;H2BC3;H2BC10;H2BC13"
"GOBP_INNER_MITOCHONDRIAL_MEMBRANE_ORGANIZATION",0.811074083568316,1,-0.301569506726457,-0.82328579799388,3163,45,"TIMM22;SLC25A46;LETM1;UQCC3;OPA1;TRMT10B;TIMM8A;MTX2;AFG3L2;TIMM10B;CHCHD3;TIMM13;TIMM8B;HSPA9;ADCK1;TIMM29;DNAJC11;GHITM;AGK;TMEM11;SAMM50;CHCHD10;TOMM70;TIMM9;IMMT;APOO;MICOS10;BCS1L;MAIP1;ROMO1;TMEM126A;OMA1;MICOS13;CHCHD6;NDUFA13;COX18;MICU1;MTX1;MTX3;CIBAR1;OXA1L;PINK1;APOOL;TIMM10;TAFAZZIN"
"GOBP_INORGANIC_ION_IMPORT_ACROSS_PLASMA_MEMBRANE",0.31631419939577,1,0.363897352235967,1.06509943871377,2093,117,"SCNN1B;SLC12A3;P2RX1;SLC9A4;SLC9C1;CACNA1S;SCNN1G;CACNA1F;FXYD2;TRPV3;TRPM2;SLC6A1;LCN2;CACNA1E;SLC39A4;TRPM1;ATP1B2;SLC9A2;KCNJ6;ATP2B4;CACNA1D;CACNA1C;KCNE2;SLC8A3;SLC12A1;SLC9A9;GRM6;SLC12A7;TRPV6"
"GOBP_INOSINE_METABOLIC_PROCESS",0.828961869076482,1,-0.403685567630169,-0.683107349463492,3760,5,"XDH"
"GOBP_INOSITOL_METABOLIC_PROCESS",0.895227272727273,1,-0.347060847527033,-0.648635180984549,3938,8,"MIOX;ITPKA"
"GOBP_INOSITOL_PHOSPHATE_METABOLIC_PROCESS",0.99899142713061,1,-0.203278452142711,-0.542064221427514,3961,39,"PLEK;GPER1"
"GOBP_INOSITOL_TRISPHOSPHATE_METABOLIC_PROCESS",0.942964001870033,1,-0.299990969672815,-0.618883419948399,4033,12,"GPER1"
"GOBP_INSULIN_METABOLIC_PROCESS",0.357092114610466,1,-0.469231776297064,-1.06916108588648,1507,18,"SLC30A8;FOSL2;PCSK2"
"GOBP_INTERFERON_ALPHA_PRODUCTION",0.24169921875,1,-0.466963555633215,-1.14623348939878,989,26,"TLR4;NMBR;TLR7"
"GOBP_INTERFERON_BETA_PRODUCTION",0.945019920318725,1,-0.26559705244841,-0.755871624930444,3557,59,"TLR4;TRADD;TLR7;TLR2;TIRAP;POLR3G;TRAF3IP1;ISG15"
"GOBP_INTERFERON_MEDIATED_SIGNALING_PATHWAY",0.562906724511931,1,0.335319128617115,0.946691884382645,3632,87,"SP100;ZBP1;ARG1;IFNL4;HCK;TREX1;PARP14;PARP9;IRF7;IFIH1;SAMHD1;WNT5A;CR2;TRAF3;NLRC5;AZI2;STING1;IRF1;IFNGR2;IKBKE;IFITM1;TYK2;GIGYF2"
"GOBP_INTERMEMBRANE_LIPID_TRANSFER",0.999172733289212,1,0.206252732652558,0.520732304788383,6038,42,"TNFAIP8L3;GLTPD2;ABCA3;PLEKHA8P1;PRELID3A;CIDEB;PITPNM2;CERT1;OSBPL5;ATG2B"
"GOBP_INTERNEURON_MIGRATION",0.393609425205284,1,0.60834910328177,1.09073284709835,2204,8,"EVX1;ARX;FEZF2;SOX1;LHX6"
"GOBP_INTERNEURON_MIGRATION_FROM_THE_SUBPALLIUM_TO_THE_CORTEX",0.601749375223135,1,0.509840902735543,0.914113650218307,3370,8,"ARX;FEZF2;NRG3;LHX6"
"GOBP_INTERSTRAND_CROSS_LINK_REPAIR",0.999490316004077,1,-0.198994974874372,-0.539511748433056,3921,43,"CENPS;FIGNL1;NEIL3;RAD51;VCP;FAAP100;RFWD3;MCM9;CENPX;HMCES;FANCI;POLN;ERCC4;FAAP20;MCM8;DCLRE1B;DCLRE1C;FIRRM;ERCC6L2;FANCC;HROB;RNF168;ERCC1;FANCF;FANCG;DCLRE1A;FANCL;FANCM;FANCE;NUCKS1;RAD51AP1;SPRTN;RNF8;RAD51D;EXO5;XRCC3;XPA;FANCD2;FANCA;FAN1;FAAP24;ATR;FANCB"
"GOBP_INTESTINAL_LIPID_ABSORPTION",0.0445407279029463,1,0.686424649970819,1.45734604544561,256,17,"CLDN2;APOA2;ABCG5;CD36;PRAP1;NPC1L1;APOA1"
"GOBP_INTRACELLULAR_DISTRIBUTION_OF_MITOCHONDRIA",0.410084783578759,1,-0.590734558196089,-1.07181704294453,1837,7,"CLUH;LRRK2"
"GOBP_INTRACELLULAR_GLUTAMATE_HOMEOSTASIS",0.650870619351995,1,-0.509621530365362,-0.862369727213884,2952,5,"SLC7A11;SLC1A1;KCTD7"
"GOBP_INTRACELLULAR_IRON_ION_HOMEOSTASIS",0.933698201720094,1,0.274992263189988,0.758682093958142,5970,73,"SLC40A1;HEPHL1;SLC11A1;LCN2;HJV;TF;B2M;BMP6;ALAS2;CP;SMAD4"
"GOBP_INTRACELLULAR_LIPID_TRANSPORT",1,1,-0.16831783142789,-0.460535063400249,3881,46,"CES1;STAR"
"GOBP_INTRACELLULAR_SPHINGOLIPID_HOMEOSTASIS",0.722781335773102,1,0.502270573050499,0.820691706798545,3949,5,"ABCA2;ORMDL2;ORMDL3;ORMDL1;RTN4"
"GOBP_INTRINSIC_APOPTOTIC_SIGNALING_PATHWAY_IN_RESPONSE_TO_OXIDATIVE_STRESS",0.99212977834886,1,0.236176215697931,0.630921310118004,6176,58,"WNT1;GATA4;NME5;PRODH;PDK1;SIRT1"
"GOBP_IRE1_MEDIATED_UNFOLDED_PROTEIN_RESPONSE",0.989601091033072,1,0.243105446118192,0.549228297640316,5804,23,"ERN2;ERN1;BBC3;DNAJB9;BFAR;FICD;TMBIM6;UFL1;ZBTB8OS;XBP1;COPS5;DDRGK1;RTCB;VAPB;BAX;DAB2IP;HSPA5;TMEM33;PTPN1;DNAJC10;PARP16;BAK1;BCL2L11"
"GOBP_IRON_COORDINATION_ENTITY_TRANSPORT",0.836788475052706,1,0.375774259991237,0.72485021425841,4762,11,"LCN2;SLC22A17;SLC46A1"
"GOBP_IRON_IMPORT_INTO_CELL",0.504580852038479,1,-0.505132392280419,-0.972871892417822,2202,9,"STEAP4"
"GOBP_IRON_ION_IMPORT_ACROSS_PLASMA_MEMBRANE",0.45693023255814,1,0.680344780109874,1.0643549373495,2455,4,"LCN2;STEAP2;SLC39A8"
"GOBP_IRON_ION_TRANSMEMBRANE_TRANSPORT",0.242398213365401,1,0.539025942379907,1.18336585033276,1410,20,"SLC40A1;SLC11A1;LCN2;TTYH1"
"GOBP_IRON_ION_TRANSPORT",0.579291197125592,1,0.359145561037952,0.928029386098441,3546,48,"SLC40A1;SLC11A1;LTF;REP15;LCN2;TF;SLC41A2;TTYH1;B2M"
"GOBP_ISOCITRATE_METABOLIC_PROCESS",0.528102270222614,1,-0.579967661270978,-0.981407817453393,2395,5,"IDH1;IDH3A;IDH2"
"GOBP_ISOLEUCINE_METABOLIC_PROCESS",0.80603923297333,1,-0.419021151767794,-0.709057869057803,3656,5,"ACADSB;HSD17B10;BCKDK;BCAT2;ACAT1"
"GOBP_ISOPRENOID_METABOLIC_PROCESS",0.197444831591173,1,-0.362584991198426,-1.12097334445928,679,100,"ADH4;RBP2;PLB1;CES1;AKR1B10;BCO1;CYP2C8;CYP1A1;CRH;RDH8;RBP4;CYP26B1;ALDH8A1;AKR1B15;AKR1C3;CYP2D6;HMGCS1;CYP4V2;MVD;ACAT2;LRP2;LIPE"
"GOBP_KERATAN_SULFATE_PROTEOGLYCAN_METABOLIC_PROCESS",0.970064024917806,1,0.278267799878335,0.597568053828077,5605,18,"CHST5;B3GNT4;B3GNT3;B4GALT4;ST3GAL3;ST3GAL6;B3GNT7;B3GNT2;ST3GAL2"
"GOBP_KETONE_BODY_METABOLIC_PROCESS",0.235044997353097,1,0.643612699716128,1.21283474569901,1331,10,"TYRP1;HMGCLL1;ADHFE1;OXCT2"
"GOBP_KETONE_METABOLIC_PROCESS",0.96070796460177,1,-0.25232501717829,-0.842755435808076,2713,199,"EDN2;ADH4;FMO2;UGT1A6;CYP19A1;TDO2;CES1;AKR1B10;SRD5A2;ACADL;AFP;ALDH8A1;STAR;NQO2;SULT1C4;LHB;AVP;MALRD1;ADM;AKR1C3;PLIN5;PLA2G3;PDK4;NQO1;SIRT4"
"GOBP_KYNURENINE_METABOLIC_PROCESS",0.23598615916955,1,-0.614187964192023,-1.21455229120546,1022,10,"TDO2;ALDH8A1"
"GOBP_L_AMINO_ACID_METABOLIC_PROCESS",0.999341888779204,1,-0.217685931798481,-0.712905741088234,3036,161,"TDO2;FOLH1;DDO;HGD;HDC;TAT;UROC1;ALDH8A1;GNMT;AMDHD1;SDSL;NOXRED1;IL4I1;GLUD2;BHMT2;ENSG00000274276;SIRT4;ODC1;BHMT;GGT1;PYCR2;NOS2;PFAS;GCLM;ABCC4;ADI1;MTHFD2L;PSAT1;SLC7A11"
"GOBP_L_ARGININE_IMPORT_ACROSS_PLASMA_MEMBRANE",0.998677540224818,1,-0.217461787864752,-0.367983790924066,4530,5,"SLC22A2;SLC7A1;SLC7A3;SLC7A2;SLC47A1"
"GOBP_L_ASCORBIC_ACID_METABOLIC_PROCESS",0.296751740139211,1,-0.566644424559962,-1.1445522685646,1278,11,"SLC23A1"
"GOBP_L_ASPARTATE_IMPORT_ACROSS_PLASMA_MEMBRANE",0.725403817914831,1,0.483567400765111,0.81579282269386,3951,6,"SLC1A2;SLC1A4;SLC1A6;SLC1A3"
"GOBP_L_GLUTAMATE_CATABOLIC_PROCESS",0.1375,1,0.750401277144015,1.30609049032425,758,7,"GAD1;GAD2"
"GOBP_L_GLUTAMATE_IMPORT",1,1,0.154688416761975,0.389164783092646,6056,41,"SLC1A2;SLC25A18;SLC1A4;TTYH1;SLC38A6;GRM1;ARL6IP1;SLC1A6;PSEN1;SEPTIN2;TTYH2"
"GOBP_L_GLUTAMATE_IMPORT_ACROSS_PLASMA_MEMBRANE",0.697227036395147,1,0.396268622991101,0.841316684467564,4022,17,"SLC1A2;SLC1A4;GRM1;ARL6IP1;SLC1A6;PSEN1;SEPTIN2;SLC1A3"
"GOBP_L_GLUTAMATE_TRANSMEMBRANE_TRANSPORT",0.986527450319973,1,0.252031944084884,0.603399994111798,5857,31,"SLC1A2;SLC25A18;SLC1A4;TTYH1;SLC38A6;GRM1;ARL6IP1;SLC1A6;PSEN1;SEPTIN2;TTYH2"
"GOBP_L_GLUTAMINE_IMPORT_ACROSS_PLASMA_MEMBRANE",0.971820677035682,1,0.297409927180345,0.485956920139791,5310,5,"SLC38A3;SLC38A5"
"GOBP_L_HISTIDINE_METABOLIC_PROCESS",0.417954545454545,1,-0.564359853328436,-1.05475353446658,1838,8,"HDC;UROC1;AMDHD1"
"GOBP_L_KYNURENINE_METABOLIC_PROCESS",0.288296230989641,1,-0.713887123455326,-1.20802322357595,1307,5,"ALDH8A1;KYNU;KMO"
"GOBP_L_LEUCINE_IMPORT_ACROSS_PLASMA_MEMBRANE",0.340533392109323,1,-0.686488854812034,-1.16166050919238,1544,5,"SLC7A5;SLC3A2;SLC7A8;SLC43A2"
"GOBP_L_LEUCINE_METABOLIC_PROCESS",0.362727597286683,1,0.623035567598692,1.11706478208731,2031,8,"HMGCLL1;AUH"
"GOBP_L_PHENYLALANINE_METABOLIC_PROCESS",0.142272727272727,1,-0.712712897172113,-1.33201616471949,625,8,"HGD;TAT;IL4I1"
"GOBP_L_SERINE_CATABOLIC_PROCESS",0.419219748732643,1,-0.642619021318241,-1.08742499501416,1901,5,"SDSL;ENSG00000274276"
"GOBP_L_SERINE_METABOLIC_PROCESS",0.990767045454545,1,-0.227888578540304,-0.47838995229218,4184,13,"SDSL;ENSG00000274276;PSAT1;PSPH"
"GOBP_L_TRYPTOPHAN_METABOLIC_PROCESS",0.436713369745904,1,-0.466320359024887,-1.01209326999038,1838,15,"TDO2;IL4I1;ABCC4;KYNU;KMO;ATP7A"
"GOBP_L_TYROSINE_CATABOLIC_PROCESS",0.120114185331577,1,-0.775243762185534,-1.36484763655642,546,6,"HGD;TAT;IL4I1"
"GOBP_LACTATE_METABOLIC_PROCESS",0.188388214904679,1,0.587179201033812,1.24663834061163,1086,17,"LDHAL6A;LDHD;ACTN3;LDHC"
"GOBP_LACTONE_METABOLIC_PROCESS",0.375948766603416,1,-0.498867609693192,-1.06284881096288,1584,14,"SLC23A1"
"GOBP_LEUKOCYTE_CHEMOTAXIS_INVOLVED_IN_INFLAMMATORY_RESPONSE",0.684654919236417,1,0.504728281652816,0.851491868416867,3729,6,"SLAMF8;ALOX5"
"GOBP_LEUKOCYTE_MIGRATION_INVOLVED_IN_INFLAMMATORY_RESPONSE",0.261180992313068,1,0.601399079008999,1.18405769397225,1494,12,"CCR6;SLAMF8;ALOX5;ITGB2;ADAM8"
"GOBP_LEUKOTRIENE_B4_METABOLIC_PROCESS",0.839618896387455,1,0.579306884841,0.76849920911378,4229,1,"PTGR1"
"GOBP_LEUKOTRIENE_METABOLIC_PROCESS",0.884955752212389,1,-0.312028734781759,-0.724843147187589,3699,20,"GGTLC2;SYK;GGT6;GGT1;MGST2;PLA2G4A"
"GOBP_LINOLEIC_ACID_METABOLIC_PROCESS",0.233108691895628,1,0.550356559040498,1.19482346354889,1348,19,"ELOVL3;CYP4A22;GSTA1;CYP2C18;ALOX15;ALOX12;PNPLA8"
"GOBP_LIPID_BIOSYNTHETIC_PROCESS",1,1,0.176372657241513,0.59337445321813,8492,675,"GSTM1;GFI1;GIP;PNPLA1;CGA;ACSM6;ELOVL3;APOA5;CYP7A1;APOA2;P2RX1;SERPINA12;HSD17B3;BGLAP;IP6K3;AGMO;CYP24A1;ABCD2;PIGZ;WNT4;PROX1;BMP5;ALOX5;SPHK1;PNLIPRP2;TREX1;HMGCLL1;ALOX15;ABHD1;MLYCD;SMPD1;ALDH1A2;GPAT3;EGR1;KAT2B;GPAT2;FAXDC2;NPC1L1;ASAH2;SLC44A4;INHBA;PDGFA;ABCA3;SGMS2;MOGAT3;CYP2R1;LHCGR;CYP2E1;ST8SIA6;ACSS1;INPP5F;PIK3R3;PLAAT3;DKKL1;PTGDS;APOA1;POMC;ABHD3;ABHD6;CYP7B1;CYP21A2;DGKI;PIK3CD;B3GALT4;AVPR1A;ALOX12;BMP6;PIGN;PNPLA8;PTGS2;CFTR;SERINC4;FA2H;MGLL;ACOT4;ABCA2;SLC44A3;ST8SIA4;LPIN3;DGAT2;NR5A2;ABCG1;HSD17B8;INSIG2;PIGP;SPTSSB;PDGFB;SIRT1;SCD5;HTR2B;MLXIPL;AGPAT3;P2RX7;SNAI2;SLC44A5;PITPNM2;B4GALT4;CH25H;PLCE1;A4GALT;PPARA;ALOX12B;FITM1;ST8SIA5;DGKE;PIGV;PNPLA2;ACP6"
"GOBP_LIPID_CATABOLIC_PROCESS",1,1,-0.212985843177241,-0.741135658695252,2444,301,"PLCD4;OC90;LIPN;PLIN1;CYP19A1;PLB1;CIDEA;CES1;AKR1B10;BCO1;ADRB3;CYP1A1;PNPLA7;LIPH;SRD5A2;GBA3;ACADL;CYP26B1;PLA2G2A;PRKCE;ADTRP;PLCH2;ETNPPL;STS;AKR1C3;PLIN5;PNPLA5;PLA2G4C;LCT;SMPD3;SPP1"
"GOBP_LIPID_DIGESTION",0.0445407279029463,1,0.686518550443169,1.45754540524723,256,17,"APOA2;ABCG5;ARX;CD36;PNLIPRP2;NPC1L1;ASAH2;APOA1"
"GOBP_LIPID_DROPLET_DISASSEMBLY",0.803804347826087,1,0.428687419306162,0.746140203556674,4436,7,"PNPLA2;KAT5;CHKA;PLIN3;PLIN2;PRKAA2"
"GOBP_LIPID_DROPLET_FORMATION",0.974662562159602,1,-0.259026926702211,-0.590201951820598,4115,18,"PLIN5;PLA2G4C;SMIM22;SQLE;PISD"
"GOBP_LIPID_DROPLET_FUSION",0.495702005730659,1,-0.598009423963768,-1.01193766959815,2248,5,"CIDEA"
"GOBP_LIPID_DROPLET_ORGANIZATION",0.660105980317941,1,-0.332181288349473,-0.890198569751668,2615,40,"CIDEA;PLIN5;PLA2G4C;PNPLA3;SMIM22;LDAH;SQLE;FAF2;SPART;HILPDA;PISD;PPID"
"GOBP_LIPID_EXPORT_FROM_CELL",0.192059809229183,1,-0.423414760163493,-1.16550770841642,744,48,"OXT;CYP19A1;CRH;GHRL;KCNK9;PLA2G3;GDF9;KCNQ1;SPP1;SAR1B;NOS2;PLA2G4A;C1QTNF1;TAC1;CRY2;ABCC4;ACSL4"
"GOBP_LIPID_HOMEOSTASIS",0.84920292977165,1,0.28020638379696,0.849198779962839,5912,161,"APOC4;PNPLA1;APOA5;CYP7A1;APOA2;ABCG5;CETP;C1QTNF3;PNLIPRP2;NPC1L1;ABCA3;APOA1;MYLIP;TLCD2;TM6SF2;CYP7B1;RCN3;ABCB4;TGFB1;PNPLA8;ABCA2;DGAT2;NR5A2;ABCG1;SIRT1;IL18;ABCA1;MLXIPL;NR1D2;PNPLA2;TTC39B;NPC2;CERT1;SLC25A27;ABCG8;APOM"
"GOBP_LIPID_HYDROXYLATION",0.707075159797223,1,-0.477449621002269,-0.807929168783181,3207,5,"CYP2C8;CYP1A1"
"GOBP_LIPID_IMPORT_INTO_CELL",0.735081809432146,1,-0.349691609463984,-0.831052899080608,3054,22,"ACSL5;RBP4"
"GOBP_LIPID_LOCALIZATION",1,1,-0.206709225022279,-0.734298603364373,2155,397,"SLC22A1;OC90;ABCA8;RBP2;OXT;PLSCR2;CYP19A1;CIDEA;ANO3;APOL3;CES1;ACSL5;LBP;CRH;RBP4;XKR4;STAR;PLA2G2A;GHRL;CARD6;SYK;KCNK9;ETNPPL;TTPA;KCNJ8;ABCG2;PLSCR4;ANO4;PLIN5;PLA2G3;GDF9;ABCC2;KCNQ1;DISP3;SPP1;BDKRB2;COMT;SLC10A4;SAR1B;ATP10B;LCAT;TRPC5;TREM2;LYN;NMUR2;PRKN;MFSD2B;APOB;C3;PLPPR4;NOS2;PCSK9;EHD1;PLA2G4A;MFSD2A;ABCA5;SLC10A3;C1QTNF1;OSBPL6;CROT;FABP5;TAC1;CRY2;ZC3H12A;ABCC4;ABCA4;ACSL4;DRD3;SLC22A2;ANXA1;ABCD3"
"GOBP_LIPID_METABOLIC_PROCESS",1,1,0.186110405634775,0.640163514111328,9132,1226,"GSTM1;GFI1;SCNN1B;SULT1A4;GIP;APOC4;FAM135B;PNPLA1;CGA;ACSM6;ELOVL3;APOL4;ENDOU;APOA5;CYP7A1;ATP6V1B1;TYRP1;PSAPL1;APOA2;P2RX1;CYP4A22;SHH;DHRS4L1;RBP3;SERPINA12;NKX2-1;HSD17B3;BGLAP;ADH6;CETP;CLPSL2;PLA2G5;CYP2W1;IP6K3;AGMO;SLC22A4;CYP24A1;GATA6;GSTA1;CYP4F11;ASPG;CUBN;ABCD2;CYP26A1;CD36;PIGZ;WNT4;PLAAT5;PROX1;BMP5;CYP46A1;SFTPB;FUT3;TNFAIP8L3;SLC16A11;ABHD15;RDH16;ALOX5;SPHK1;CCDC92;AGTR1;PNLIPRP2;TREX1;HMGCLL1;DPEP3;FMO5;ALDH3B1;ADRA2A;CYP2C18;ALOX15;ABHD1;MLYCD;HCAR1;SMPD1;ALDH1A2;GPAT3;EGR1;KAT2B;PROCA1;GPAT2;ALDH3A1;FAXDC2;NPC1L1;NEU4;ASAH2;ID2;SLC44A4;TMEM86A;ALDH3B2;GDPD3;NAAA;INHBA;PDGFA;ABCA3;SGMS2;MOGAT3;SOX9;CYP2R1;LHCGR;ACP3;CYP2E1;FABP6;FGF23;PLPP2;CYP26C1;PDK2;PTGR3;ST8SIA6;SULT2B1;TPK1;ACSS1;HSD17B14;INPP5F;PLAAT4;PLPP3;PIK3R3;HPGD;PIK3R5;PLAAT3;DKKL1;PTGDS;APOA1;POMC;ABHD3;ABHD6;FAAH2;TM6SF2;CYP7B1;ABHD16B;CYP21A2;DGKI;PIK3CD;B3GALT4;AVPR1A;SPATA18;NAPEPLD;ADHFE1;ADH1B;ALOX12;PLCB1;ABCB4;SCT;LACTB;BMP6;PLA2G4D;PIGN;PLCL2;PLA2G4E;BCL11B;PNPLA8;TNXB;PTGS2;CFTR;SERINC4;FA2H;SDS;MGLL;BBS1;ACOT4;GLYATL2;CRTC3;AKR1C2;ABCA2;SLC44A3;ST8SIA4;LPIN3;DGAT2;NR5A2;PDK1;PLCB4;ABCG1;DHRS2;HSD17B8;CIDEB;INSIG2;AUH;CPT1B;GNB3;PIGP;SPTSSB;ABCA7;PDGFB;CRABP2;SIRT1;MBOAT4;ABCA1;SCD5;VSIG2;UCP3;CYP27C1;FGFR1;OXCT2;AIG1;HTR2B;MLXIPL;AGPAT3;P2RX7;SNAI2;SLC44A5;PITPNM2;B4GALT4;PDGFRA;PLCD3;NR1D2;ETFB;CH25H;ACSF2;CEL;PLCE1;A4GALT;PPARA;ALOX12B;BCO2;CLU;FITM1;CLSTN3;ST8SIA5;DGKE;PIGV;PNPLA2;ACP6;HAO2;TTC39B;NPC2;CERT1"
"GOBP_LIPID_MODIFICATION",0.963296629963297,1,-0.250216749140247,-0.823474103691483,2886,168,"CHRM5;ADH4;FMO2;CYP2C8;DGKG;CYP1A1;ACADL;ALOXE3;PLIN5;PDK4;SIRT4;SYNJ2;ALOX15B;CYP4V2;MTMR8;PLPPR5;ACSM1;PLPPR4;MCAT;MFSD2A;CROT;ALDH1L2;ABCD3;ACAA1;ETFDH;SGPP2;PLPPR2;DGKH"
"GOBP_LIPID_OXIDATION",0.975581053250956,1,-0.246452318330667,-0.768118406758484,3315,106,"ADH4;FMO2;ACADL;ALOXE3;PLIN5;PDK4;SIRT4;ALOX15B;CYP4V2;ACSM1;MCAT;MFSD2A;CROT;ALDH1L2;ABCD3;ACAA1;ETFDH"
"GOBP_LIPID_PHOSPHORYLATION",0.681891580161476,1,-0.42614111553123,-0.842690997577882,2955,10,"DGKG"
"GOBP_LIPID_TRANSLOCATION",0.99468791500664,1,-0.227829050959152,-0.648386393475903,3744,59,"PLSCR2;ANO3;XKR4;PLSCR4;ANO4;ATP10B;TRPC5"
"GOBP_LIPID_TRANSPORT_ACROSS_BLOOD_BRAIN_BARRIER",0.784324522760646,1,0.452975586158422,0.76418350670227,4272,6,"CD36;SLC27A1"
"GOBP_LIPOPROTEIN_METABOLIC_PROCESS",0.890799256505576,1,0.282094299896601,0.79051567067931,5750,82,"APOL4;APOA5;APOA2;OLR1;HHATL;NPC1L1;APOLD1;APOA1;ZDHHC8;DGAT2;ZDHHC2;MBOAT4;ABCA1;PPARA;ALOX12B"
"GOBP_LIPOSACCHARIDE_METABOLIC_PROCESS",1,1,0.136948296221775,0.398850185191807,6613,112,"PIGZ;PNLIPRP2;SMPD1;NEU4;ST8SIA6;B3GALT4;PIGN;FA2H;ABCA2;ST8SIA4;PIGP;B4GALT4;A4GALT;ST8SIA5;PIGV;KIT;ST3GAL3;B4GALNT1;GALC;UGT8;PIGS;PIGX;ST3GAL6;SCARB2;PIGL;MFSD8;LARGE1;PIGB;PIGK;NAGA;M6PR;ST6GALNAC6;CERS2;ST3GAL2;ST6GALNAC5;PIGO;FUCA1;GBA1;FUT9;DPM3;NAGLU;B4GALT3"
"GOBP_LIPOXIN_A4_METABOLIC_PROCESS",0.737302325581395,1,0.518747495568921,0.811546548585705,3962,4,"ALOX15;ALOX12;PTGR1"
"GOBP_LONG_CHAIN_FATTY_ACID_IMPORT_ACROSS_PLASMA_MEMBRANE",0.793079584775087,1,-0.381499679157889,-0.754412877538083,3437,10,"ACSL5"
"GOBP_LONG_CHAIN_FATTY_ACID_METABOLIC_PROCESS",0.543985363622503,1,0.334311679913431,0.958739962758057,3567,97,"GSTM1;ELOVL3;CYP4A22;GSTA1;CYP4F11;ALOX5;CYP2C18;ALOX15;ASAH2;CYP2E1;PTGDS;ABHD6;FAAH2;ALOX12;PNPLA8;PTGS2;MGLL;ACOT4;GLYATL2"
"GOBP_LONG_CHAIN_FATTY_ACYL_COA_METABOLIC_PROCESS",0.819979543129901,1,0.338957907098617,0.765779941420928,4809,23,"ELOVL3;DGAT2;HACD1"
"GOBP_LONG_TERM_SYNAPTIC_DEPRESSION",0.911316512615538,1,-0.287462278696194,-0.74742371577397,3647,34,"SORCS2;DRD1;SORCS3;ARC;IQSEC2;GRIA1;ADORA1;SRF"
"GOBP_LONG_TERM_SYNAPTIC_POTENTIATION",0.921863030488739,1,0.272777617005924,0.778809746009607,6016,94,"LRRTM2;S100B;GFAP;CYP46A1;FAM107A;SNAP25;LRRTM1;NOG;NFATC4;PRKCG;SLC8A3;SYT12;GRIN2C;AGER;EIF2AK4;IGSF11;CAMK2A;ADCY1;ADCY8;EPHA4;ZDHHC2"
"GOBP_LOW_DENSITY_LIPOPROTEIN_RECEPTOR_PARTICLE_METABOLIC_PROCESS",0.936775362318841,1,0.341403677972198,0.594220866545293,5170,7,"MYLIP;ABCA2;FURIN"
"GOBP_LYMPHOCYTE_ACTIVATION_INVOLVED_IN_IMMUNE_RESPONSE",0.980582524271845,1,-0.245689064559983,-0.818726184291267,2827,193,"TLR4;PGLYRP1;SLAMF6;FGL2;GPR183;CD86;TBX21;FCGR2B;ITGAL;PCK1;CDH17;HLX;NCKAP1L;DOCK10;IL18R1;SPI1;GATA3;ST3GAL1;CD160;IRF4;PARP3;APBB1IP;TREM2;SMAD7;LCP1;IL6R;FOXP3;PTK2B;SOCS3;PTGER4;PDP2;EXOSC3;ZC3H12A;HLA-DRA;CD40;SEMA6D;RORC;ANXA1"
"GOBP_LYSINE_METABOLIC_PROCESS",0.987647785424387,1,0.24583617977403,0.463257888962351,5596,10,"HYKK;AASS;ALDH7A1;PIPOX;GCDH;DLST"
"GOBP_MACROAUTOPHAGY",1,1,-0.12416027452275,-0.439198966540484,2157,383,"ADCY10;IRGM;NUPR1;ADRB2;LZTS1;RUBCN;TEX264;EIF2S1;EPM2A;HMOX1;PRKN;TIGAR;MTMR8;RUBCNL;ATP6V1G2;VPS37B;ATG4C;NIPSNAP3A;ATP6V1C1;AP5Z1;VPS37C;LRRK2;VPS36;NEDD4;QSOX1;IFT88;PSMD14;WDFY3;ATP6V0A2;ATG4A;NPC1;PIK3C2B;TSPO;ATG7;GPSM1;PGAM5;PIK3R4;FBXW7;EMC6;PEX2;CHMP1A;FUNDC1;MAP1LC3B2;UBA5;PHF23;FEZ2;SPART;TRAF6;EI24;VPS18;CASP3;BAG3;ARFIP2;TIMM23;SNX6;VPS25;UBXN2A;ATP6V1E2;VTA1;MAPK8;USP36;SNX18;HGS;STUB1;CUL1;VCP;FZD5;C9orf72;UCHL1;PIP4K2C;ILRUN;ATP6V1D;SRC;PIP4K2B;UBQLN1;UBXN6;SPATA33;MUL1;ATG5;TRIM13;ELAPOR1;TBC1D5;CHMP4C;ATG101;SEC62;GNAI3;CAPNS1;GSK3A;CDK5;CSNK2A1;UBE2A;UBQLN4;ATM;VPS33A;ATG16L1;TMEM39A;NSFL1C;VDAC1;ARL8B;CHMP6;CDC37;PIK3C3;SUPT5H;TMEM74;SREBF2;UBQLN2;ATG4D;MOAP1;EXOC8;RAB7A;PIKFYVE;TCIRG1;PIP4K2A;SESN2;SESN1;MFN2;HIF1A;WIPI2;RALB;PARL;RNF41;CLN3;WDR45;RAB19;RIMOC1;IKBKG;ELAVL1;SMURF1;SNX7;CHEK2"
"GOBP_MACROPHAGE_ACTIVATION_INVOLVED_IN_IMMUNE_RESPONSE",0.795777988614801,1,-0.350322625934906,-0.776031889656914,3354,16,"LBP;PRKCE;SYK;TREM2"
"GOBP_MACROPHAGE_CYTOKINE_PRODUCTION",0.567836812144213,1,-0.415575499466665,-0.920579535180113,2393,16,"TLR4;TGFB3"
"GOBP_MACROPHAGE_INFLAMMATORY_PROTEIN_1_ALPHA_PRODUCTION",0.194750367107195,1,0.743911278336895,1.25500081400863,1060,6,"MEFV;TRPV4;SIRPA"
"GOBP_MAINTENANCE_OF_CENTROSOME_LOCATION",0.970794905577514,1,-0.275099393986181,-0.484323481225619,4420,6,"SPOUT1;AKAP9;TBCCD1;PAFAH1B1;ASPM;GPSM2"
"GOBP_MAINTENANCE_OF_POSTSYNAPTIC_DENSITY_STRUCTURE",0.711594202898551,1,0.474895296015576,0.826566063941582,3927,7,"TANC2;PPFIA2;PRICKLE1"
"GOBP_MAINTENANCE_OF_POSTSYNAPTIC_SPECIALIZATION_STRUCTURE",0.64726507713885,1,-0.421740276679377,-0.870053072084087,2768,12,"RAPSN;SHANK1"
"GOBP_MAINTENANCE_OF_PRESYNAPTIC_ACTIVE_ZONE_STRUCTURE",0.960454545454545,1,-0.283690407257286,-0.530199761701951,4225,8,"ERC1;RIMS3;BSN;RIMS1;RAB3A;ERC2;PCLO;RIMS2"
"GOBP_MAINTENANCE_OF_PROTEIN_LOCATION_IN_MITOCHONDRION",0.90610535596209,1,-0.344951366373321,-0.583718697104789,4110,5,"TSPO;AKT1;HK2;HK1;PINK1"
"GOBP_MAINTENANCE_OF_SYNAPSE_STRUCTURE",0.76353039134055,1,0.335721578264219,0.821407273409872,4584,35,"CBLN2;TANC2;C1QTNF3;PPFIA2;CBLN3"
"GOBP_MALATE_METABOLIC_PROCESS",0.811187577201341,1,0.396088473223829,0.746395872717574,4596,10,"ME3;SUCLA2;MDH2;MDH1B;D2HGDH;ME2"
"GOBP_MALONYL_COA_METABOLIC_PROCESS",0.56442731277533,1,0.571682998000841,0.964446498848528,3074,6,"MLYCD;NUDT19;ACACB;NUDT7"
"GOBP_MANNOSE_METABOLIC_PROCESS",0.967707594038325,1,0.28756279249125,0.528912702406107,5453,9,"MAN2B1;MAN2B2;MPI;MAN2C1;HK1;MAN2A1"
"GOBP_MAST_CELL_ACTIVATION_INVOLVED_IN_IMMUNE_RESPONSE",0.981171548117155,1,-0.24914639822838,-0.692458548358643,3751,51,"RAB44;CLNK;ENPP3;FOXF1;SYK;LAT2;PLA2G3;FGR;LYN;NR4A3"
"GOBP_MAST_CELL_CYTOKINE_PRODUCTION",0.692589204025618,1,0.522486783170096,0.853724253155548,3784,5,"BCL6;FCER1G;KIT"
"GOBP_MATURE_CONVENTIONAL_DENDRITIC_CELL_DIFFERENTIATION",0.88631942943592,1,-0.36607238380393,-0.595718530091129,4100,4,"CCR7"
"GOBP_MEDIUM_CHAIN_FATTY_ACID_METABOLIC_PROCESS",0.596117424242424,1,-0.431281687605702,-0.905358343448936,2517,13,"OLAH;CES1"
"GOBP_MEDIUM_CHAIN_FATTY_ACYL_COA_METABOLIC_PROCESS",0.843000914913083,1,0.424264476385284,0.693232603980607,4606,5,"NUDT19;HSD17B4;NUDT7;NUDT8"
"GOBP_MEIOTIC_CYTOKINESIS",0.953181818181818,1,-0.292955027986875,-0.547514762764472,4193,8,"CENPV;WASHC5;SPIRE1;ACTR3;ACTR2;ORC4;SPIRE2;FMN2"
"GOBP_MEMBRANE_LIPID_BIOSYNTHETIC_PROCESS",1,1,0.187972804439941,0.565528864355198,6868,149,"PNPLA1;ELOVL3;P2RX1;PIGZ;SPHK1;SMPD1;ASAH2;SGMS2;ST8SIA6;B3GALT4;PIGN;FA2H;ABCA2;ST8SIA4;PIGP;SPTSSB;P2RX7;B4GALT4;A4GALT;ALOX12B;ST8SIA5;PIGV;CERT1;SAMD8;ST3GAL3;HACD1;B4GALNT1;UGT8;PIGS;SPNS2;PRKD1;PIGX;ST3GAL6"
"GOBP_MEMBRANE_LIPID_CATABOLIC_PROCESS",0.912624530458925,1,0.28860480754801,0.745752617962985,5587,48,"SPHK1;PNLIPRP2;ALDH3B1;SMPD1;NEU4;ASAH2;ALDH3B2;PLPP2;PLPP3"
"GOBP_MEMBRANE_LIPID_METABOLIC_PROCESS",0.998887188760606,1,0.233288702749225,0.724747603638125,7180,207,"PNPLA1;ELOVL3;PSAPL1;P2RX1;AGMO;PIGZ;SFTPB;FUT3;SPHK1;PNLIPRP2;ALDH3B1;SMPD1;NEU4;ASAH2;ALDH3B2;NAAA;SGMS2;PLPP2;ST8SIA6;PLPP3;B3GALT4;PIGN;FA2H;ABCA2;ST8SIA4;PIGP;SPTSSB;P2RX7;B4GALT4;CEL;A4GALT;ALOX12B;ST8SIA5;PIGV;CERT1;KIT;SAMD8;ST3GAL3;HACD1;B4GALNT1;GALC;UGT8;PIGS;PLPP1;SPNS2;PRKD1;PIGX;SMPDL3A;ST3GAL6"
"GOBP_MENAQUINONE_METABOLIC_PROCESS",0.347436147397153,1,0.80338880420005,1.12674683402921,1781,2,"CYP4F11;UBIAD1"
"GOBP_MESENCHYMAL_TO_EPITHELIAL_TRANSITION_INVOLVED_IN_METANEPHROS_MORPHOGENESIS",0.715313225058005,1,-0.404535454018102,-0.817112022183556,3082,11,"PAX2;GREM1;LIF;PAX8"
"GOBP_MESONEPHROS_DEVELOPMENT",0.256034219370608,1,0.383676705304849,1.10262960970671,1675,99,"WNT1;FGF10;OSR1;SHH;FOXC1;HNF1B;HOXB7;WNT4;WNT9B;PTCH1;GDNF;NOG;WNT2B;SLIT2;HES1;GREB1L;SOX9;HS3ST3B1;BMPER;BMP4;RET;TGFB1;BMP7;CER1;SMAD4;CITED1;SALL1;TMEM59L;FGFR2;FGFR1;FOXD1;LAMA5;ROBO2;SMAD5;EYA1"
"GOBP_METABOLIC_COMPOUND_SALVAGE",0.861546235472461,1,-0.294083722548489,-0.795081099254432,3409,42,"QNG1;BHMT2;BHMT;CDA;ADI1;UCK2;NAPRT;PNP;SLC35C1;FCSK;UPP1;HPRT1;MTAP;AMPD2;MRI1;PRTFDC1;DNPH1;ADK"
"GOBP_METALLO_SULFUR_CLUSTER_ASSEMBLY",0.109467455621302,1,-0.513411022289822,-1.2893498295353,443,29,"FXN;XDH;BOLA2B;NDOR1;ISCA1;NFS1;LYRM4;CIAO2B;ISCA2;CIAO1"
"GOBP_METANEPHROS_DEVELOPMENT",0.0113090627420604,1,0.522326481722275,1.47015713783468,72,85,"SOX17;FGF10;WNT7B;OSR1;TFAP2B;SHH;IRX1;HNF1B;POU3F3;IRX3;ITGA8;WNT4;WNT9B;PTCH1;GDNF;EGR1;HES5;CD34;ID2;HES1;PDGFA;GREB1L;SOX9;IRX2"
"GOBP_METANEPHROS_MORPHOGENESIS",0.249915909855365,1,0.486503044578351,1.153199898102,1485,29,"FGF10;WNT7B;WNT4;WNT9B;GDNF;HES5;HES1;SOX9;BMP4"
"GOBP_METHIONINE_METABOLIC_PROCESS",0.155123339658444,1,-0.57766952577749,-1.27964893072484,653,16,"GNMT;BHMT2;BHMT;SMS;ADI1;MTHFD2L;MTHFR;MTAP;MRI1;MTHFD1"
"GOBP_METHYLGLYOXAL_METABOLIC_PROCESS",0.933553597650514,1,0.342841703014629,0.578384316637032,5085,6,"HAGH;TPI1;GATD1;PNKD;PARK7;GLO1"
"GOBP_MICROAUTOPHAGY",0.998118371536093,1,0.196701175262443,0.439813797932682,5834,22,"ATG9B;ULK2;ATG2B;SNX30"
"GOBP_MICROGLIAL_CELL_ACTIVATION_INVOLVED_IN_IMMUNE_RESPONSE",0.751143641354071,1,0.485746236354833,0.793691546299162,4104,5,"CX3CR1;IL1RAP;IL1R1"
"GOBP_MIDBRAIN_DOPAMINERGIC_NEURON_DIFFERENTIATION",0.632409012131716,1,0.417229089959968,0.885817786881457,3648,17,"WNT1;LMX1A;WNT9B;WNT5A;DKK1"
"GOBP_MINERALOCORTICOID_METABOLIC_PROCESS",0.0854297693920335,1,0.70379160157871,1.38565204019851,488,12,"SCNN1B;WNT4;BMP5;CYP21A2;BMP6"
"GOBP_MIRNA_METABOLIC_PROCESS",1,1,0.175551230375971,0.506310848770061,6572,101,"GATA2;PAX6;EGR1;NFATC4;KLF4;MYB;SOX9;BMP4;TGFB1;SMAD4;NFIB;PDGFB;PPARA;XPO5;AGO2;APLN;WT1;BCDIN3D"
"GOBP_MITOCHONDRIAL_ADP_TRANSMEMBRANE_TRANSPORT",0.384174564690324,1,-0.661947591238893,-1.12013235248777,1742,5,"SLC25A31"
"GOBP_MITOCHONDRIAL_ATP_TRANSMEMBRANE_TRANSPORT",0.0697727272727273,1,-0.766353936523073,-1.43226793761617,306,8,"ADCY10;SLC25A31;SLC25A24"
"GOBP_MITOCHONDRIAL_CALCIUM_ION_HOMEOSTASIS",0.986460348162476,1,-0.247542532185852,-0.592836989049086,4079,23,"DISC1;MCUB;TGM2;C19orf12;MICU3;MCUR1;RAP1GDS1;LETM1"
"GOBP_MITOCHONDRIAL_CALCIUM_ION_TRANSMEMBRANE_TRANSPORT",0.998777506112469,1,-0.183939124724787,-0.443901836605372,4084,24,"MCUB;PSEN2;MICU3;MCUR1;LETM1;AFG3L2;HSPA9;VDAC1;GHITM;SLC25A23;UCP2;MAIP1;SMDT1;SELENON;BHLHA15;MICU2;PMPCB;MICU1;MCU;SPG7;SLC8B1;LETM2;SLC8A3;ITPR1"
"GOBP_MITOCHONDRIAL_DEPOLARIZATION",0.122802734375,1,-0.524365578209253,-1.28713553591215,502,26,"ADCY10;MYOC;KCNQ3;PPIF;GCLM;LRRK2;PPP2R3C;TSPO;FZD9;MLLT11;GCLC;BCL2;SRC"
"GOBP_MITOCHONDRIAL_DNA_METABOLIC_PROCESS",0.960774934226262,1,-0.272197118912447,-0.632314252935357,4016,20,"LIG3;TWNK;DNAJA3;ENDOG;POLG;SSBP1;PRIMPOL;SESN2;TEFM;PARP1;RRM2B;RRM1;NEURL4;POLG2;METTL4;MGME1;POLRMT;DNA2;TOP3A;STOX1"
"GOBP_MITOCHONDRIAL_DNA_REPAIR",0.876152832674572,1,-0.363531091982862,-0.640011020932072,3989,6,"LIG3;PRIMPOL;PARP1;NEURL4;MGME1;DNA2"
"GOBP_MITOCHONDRIAL_DNA_REPLICATION",0.524103538351935,1,-0.437123273204675,-0.948724443195511,2206,15,"LIG3;TWNK;DNAJA3;ENDOG;POLG;SSBP1;PRIMPOL;TEFM"
"GOBP_MITOCHONDRIAL_ELECTRON_TRANSPORT_CYTOCHROME_C_TO_OXYGEN",0.13245146881979,1,0.592757262849126,1.30132642465284,770,20,"COX4I2;COX7A2;MT-CO2;COX7C"
"GOBP_MITOCHONDRIAL_ELECTRON_TRANSPORT_NADH_TO_UBIQUINONE",0.999516050975964,1,0.180639292925886,0.474152021765624,6195,52,"NDUFA4L2;NDUFC2-KCTD14;MT-ND6;MT-ND4;MT-ND4L;PINK1;NDUFS4;NDUFV3;COQ9;NDUFB8;MT-ND5;NDUFB5;NDUFB1;NDUFA4;NDUFS2;MT-ND3;NDUFA2;NDUFS8;MT-ND2;NDUFB7;NDUFA1;NDUFS7;NDUFAB1;ISCU;NDUFB6;NDUFA5;NDUFV1;NDUFA7;MT-ND1;NDUFA3;NDUFA9;NDUFA11;NDUFS1;NDUFB2;NDUFB4;NDUFS5;PARK7;NDUFV2;NDUFA10;NDUFS6;NDUFS3;NDUFB10;NDUFC2;NDUFB9;NDUFB3;DLD;NDUFC1;DNAJC15;NDUFA6;NDUFA8;NDUFAF1"
"GOBP_MITOCHONDRIAL_ELECTRON_TRANSPORT_SUCCINATE_TO_UBIQUINONE",0.821027110425391,1,-0.408792650918635,-0.691749437287324,3724,5,"SDHAF2;SDHB;SDHD;SDHA;SDHC"
"GOBP_MITOCHONDRIAL_ELECTRON_TRANSPORT_UBIQUINOL_TO_CYTOCHROME_C",0.349146110056926,1,-0.508168494256273,-1.08266455747898,1471,14,"UQCRHL"
"GOBP_MITOCHONDRIAL_FISSION",0.407276402223345,1,-0.377282238366936,-1.02001557315195,1611,42,"IRGM;PRKN;LRRK2;INF2;GDAP1;DDHD1;C11orf65;SPIRE1;PGAM5;SLC25A46;OPA1"
"GOBP_MITOCHONDRIAL_FRAGMENTATION_INVOLVED_IN_APOPTOTIC_PROCESS",0.664792691496838,1,0.445392417568599,0.859140243696305,3783,11,"NPTX1;ERBB4;BNIP3;PTPMT1"
"GOBP_MITOCHONDRIAL_FUSION",0.473894579065701,1,-0.378065045925412,-0.982997778739761,1896,34,"PRKN;MIGA2;THG1L;GDAP1;PLD6;FUNDC1;BAK1;TFRC;TRABD;OPA1;MUL1;AFG3L2;CHCHD3;ADCK1;RCC1L;MTCH2;MFN2;BAX;PARL;MIEF1"
"GOBP_MITOCHONDRIAL_GENE_EXPRESSION",0.178666666666667,1,-0.337003625873965,-1.11019279794963,535,169,"MRPL23;TRMT5;TRUB2;MRPL13;MALSU1;PUS1;MRPS12;GARS1;TARS2;TFAM;DDX3X;MTG1;MRPL19;TWNK;MTG2;MRPL58;MRPL55;MTRF1L;SLC25A33;TFB2M;COA3;MRPL36;MRPL24;YRDC;AURKAIP1;METTL8;MRPL34;MRPS31;MRPL46;MRPL49;TACO1;MRPL3;MRPS9;MRPL20;MRPL42;MRPS6;TRMT61B;MRPL43;MRPS26;MTERF3;MRPL4;ANGEL2;C1QBP;WARS2;MRPS5;MRPS10;NGRN;MRPS23;MRPS22;SUPV3L1;MRPS2;MRPL32;MRPL47;MRPS18C;HSD17B10;MRPS16;LARS2;MRPS17;MRPL39;MRPL54;TBRG4;TFB1M;MRPS14;MRPL12;MRPS18A;FASTKD5;MRPL18;PTCD3;TEFM;MRPL50;GATB;TSFM;RPUSD4;MTRF1;EARS2;CHCHD1;MRPL15;PNPT1;MRPS34;TUFM;THAP11;CDK5RAP1;PRKAA1;RARS2;MRPL9;TRIT1;MRPL21;MRPL57"
"GOBP_MITOCHONDRIAL_LARGE_RIBOSOMAL_SUBUNIT_ASSEMBLY",0.545713607219188,1,-0.430492867298237,-0.934333930181576,2297,15,"MALSU1;MTG1;MTG2;MTERF4;MRM2;DDX28;RCC1L;GTPBP10;GTPBP6;DHX30;TUFM"
"GOBP_MITOCHONDRIAL_MEMBRANE_ORGANIZATION",1,1,-0.181468502962059,-0.57278825953538,3381,116,"SLC25A31;IER3;PPIF;SNCA;BID;LRRK2;RTL10;TIMM22;BAD;FZD9;TOMM40;BCL2L11;BAK1;SLC25A46;LETM1;UQCC3;GCLC;OPA1;TRMT10B;THEM4;TOMM5;BCL2;TIMM8A;MTX2;MUL1;AFG3L2;TIMM10B;CHCHD3;TIMM13;TIMM8B;GSK3A;TMEM14A;HSPA9;ADCK1;SLC35F6;SIVA1;MTCH2;MOAP1;TIMM29;DNAJC11;ZNF205;AP3B1;MFN2;GHITM;BAX;PLSCR3;AGK;TMEM11;SAMM50;RHOT2;TMEM102;CHCHD10;TOMM70;CASP6;GSK3B;TIMM9;IMMT;APOO;BOK"
"GOBP_MITOCHONDRIAL_MRNA_CATABOLIC_PROCESS",0.837778267577694,1,-0.397367608460707,-0.672416245573884,3800,5,"PDE12;SUPV3L1;PNPT1;SLIRP;LRPPRC"
"GOBP_MITOCHONDRIAL_OUTER_MEMBRANE_PERMEABILIZATION",1,1,-0.159183988872576,-0.405517468642176,4063,31,"IER3;BID;LRRK2;RTL10;FZD9;BAK1;GCLC;MUL1;GSK3A;TMEM14A;SLC35F6;SIVA1;ZNF205;RHOT2;TMEM102;CASP6;GSK3B;BOK;MPV17L;VDAC2;ATP5IF1;HSPA1A;BCL2L1;SLC25A5;ACAA2;BNIP3L;RHOT1;BLOC1S2;EYA2;BNIP3;HIP1R"
"GOBP_MITOCHONDRIAL_PROTEIN_CATABOLIC_PROCESS",0.755602611611082,1,0.417143412075415,0.786072158500988,4281,10,"SPATA18;BNIP3;BNIP3L"
"GOBP_MITOCHONDRIAL_PROTEIN_PROCESSING",0.784090909090909,1,-0.370371614927686,-0.777494248858536,3311,13,"LRRK2;PMPCA;IMMP1L;AFG3L2;MIPEP"
"GOBP_MITOCHONDRIAL_PROTON_TRANSPORTING_ATP_SYNTHASE_COMPLEX_ASSEMBLY",0.863636363636364,1,-0.366145531750627,-0.684303271158389,3799,8,"ATPAF2;TMEM242;TMEM70;ATP5F1D;ATPAF1;ATP23;FMC1;OXA1L"
"GOBP_MITOCHONDRIAL_RESPIRASOME_ASSEMBLY",0.768409090909091,1,-0.414282024311793,-0.774267387787653,3380,8,"COX7A1;HIGD1B;RAB5IF"
"GOBP_MITOCHONDRIAL_RESPIRATORY_CHAIN_COMPLEX_ASSEMBLY",0.767131242740999,1,-0.286721749031518,-0.886433376292688,2641,100,"FXN;COX7A1;UQCC4;SCO2;HIGD1B;OCIAD2;COA4;NDUFAF1;TFAM;SDHAF2;ATPAF2;AIFM1;SLC25A33;NDUFA6;UQCC5;COA3;CEP89;COA6;COA7;UQCC3;TACO1;NDUFAF2;TMEM242;RAB5IF;NDUFAF5;TMEM70;SCO1;COX19;NDUFC2;NDUFS3;TIMM21;COA8;PET117;NDUFS6;COA5;NDUFS5;SDHAF3;NDUFAF4;HIGD1A"
"GOBP_MITOCHONDRIAL_RIBOSOME_ASSEMBLY",0.32568359375,1,-0.439300084485981,-1.0783292671539,1333,26,"MCAT;MALSU1;MTG1;MTG2;RBFA;MTERF4;MTERF3;MRM2;DDX28;NGRN;RCC1L;METTL15;METTL17;GTPBP10;MRPS2;TFB1M;GTPBP6;DHX30;TUFM"
"GOBP_MITOCHONDRIAL_RNA_3_END_PROCESSING",0.464318181818182,1,-0.54049606608368,-1.01015359739856,2042,8,"ANGEL2;SUPV3L1;HSD17B10;PNPT1;ELAC2;TRMT10C"
"GOBP_MITOCHONDRIAL_RNA_CATABOLIC_PROCESS",0.888227210261109,1,-0.345565352637793,-0.665549910701687,3877,9,"GRSF1;REXO2;C1QBP;PDE12;SUPV3L1;PNPT1"
"GOBP_MITOCHONDRIAL_RNA_METABOLIC_PROCESS",0.663208300079808,1,-0.314456664159679,-0.905572160464916,2492,63,"TRMT5;TRUB2;PUS1;GARS1;TARS2;TFAM;TWNK;SLC25A33;TFB2M;GRSF1;YRDC;METTL8;REXO2;TRMT61B;MTERF3;ANGEL2;C1QBP;WARS2;PDE12;SUPV3L1;HSD17B10;TBRG4;TFB1M;MRPL12;FASTKD5;TEFM;RPUSD4;EARS2;PNPT1;THAP11;CDK5RAP1;PRKAA1"
"GOBP_MITOCHONDRIAL_RNA_MODIFICATION",0.832068311195446,1,-0.339873083384614,-0.752884146259774,3507,16,"TRMT5;TRUB2;PUS1;YRDC;METTL8;HSD17B10;RPUSD4;CDK5RAP1;TRIT1"
"GOBP_MITOCHONDRIAL_RNA_PROCESSING",0.642258382642998,1,-0.35517526090799,-0.891965973119216,2604,29,"TRMT5;TRUB2;PUS1;YRDC;METTL8;TRMT61B;ANGEL2;SUPV3L1;HSD17B10;TBRG4;FASTKD5;RPUSD4;PNPT1;CDK5RAP1;TRIT1"
"GOBP_MITOCHONDRIAL_SMALL_RIBOSOMAL_SUBUNIT_ASSEMBLY",0.602727272727273,1,-0.480496561508995,-0.898018247686564,2651,8,"MCAT;RBFA;RCC1L;METTL15;METTL17;TFB1M"
"GOBP_MITOCHONDRIAL_TRANSCRIPTION",0.993119810201661,1,-0.219201359388275,-0.504873614239953,4185,19,"TFAM;TWNK;SLC25A33;TFB2M;MTERF3;TFB1M;MRPL12;TEFM;THAP11;PRKAA1;METTL4;FOXO3;KANSL3;MTRES1;POLRMT;KAT8;MTERF2;KANSL1;MTERF1"
"GOBP_MITOCHONDRIAL_TRANSLATION",0.108588957055215,1,-0.369381465245384,-1.17687854189341,353,130,"MRPL23;TRUB2;MRPL13;MALSU1;MRPS12;GARS1;TARS2;DDX3X;MTG1;MRPL19;MTG2;MRPL58;MRPL55;MTRF1L;COA3;MRPL36;MRPL24;AURKAIP1;METTL8;MRPL34;MRPS31;MRPL46;MRPL49;TACO1;MRPL3;MRPS9;MRPL20;MRPL42;MRPS6;MRPL43;MRPS26;MRPL4;C1QBP;WARS2;MRPS5;MRPS10;NGRN;MRPS23;MRPS22;MRPS2;MRPL32;MRPL47;MRPS18C;MRPS16;LARS2;MRPS17;MRPL39;MRPL54;MRPS14;MRPL12;MRPS18A;MRPL18;PTCD3;MRPL50;GATB;TSFM;RPUSD4;MTRF1;EARS2;CHCHD1;MRPL15;MRPS34;TUFM;CDK5RAP1;RARS2;MRPL9;MRPL21;MRPL57;SHMT2;ALKBH1;MPV17L2;MRPS15;MRPL37;MRPL2;MRPL38;MRPL27;MRPS7"
"GOBP_MITOCHONDRIAL_TRANSLATIONAL_ELONGATION",0.756887811329072,1,-0.450633009109155,-0.762550720454113,3433,5,"TSFM;TUFM;MRPL44;GFM1;GFM2"
"GOBP_MITOCHONDRIAL_TRANSLATIONAL_TERMINATION",0.666960546616707,1,-0.500625548025965,-0.847146934663333,3025,5,"MRPL58;MTRF1L;MTRF1"
"GOBP_MITOCHONDRIAL_TRANSMEMBRANE_TRANSPORT",0.947775628626692,1,-0.280319707833952,-0.671334699923933,3919,23,"SFXN3;SFXN2;MPC1;SLC25A15;SFXN4;MPC2;SLC25A38;VDAC1;SFXN5;SLC25A39;SFXN1"
"GOBP_MITOCHONDRIAL_TRANSPORT",1,1,-0.194387929306492,-0.591230831936798,3550,89,"SLC25A31;SFXN3;SLC25A24;IER3;PRKN;PPIF;SFXN2;BID;LRRK2;RTL10;BAD;MPC1;FLVCR1;FZD9;BCL2L11;SLC25A13;SLC25A15;BAK1;SLC25A46;GCLC;THEM4;BCL2;SFXN4;MPC2;MTX2;HSP90AA1;SLC25A38;MUL1;GSK3A;TMEM14A;SLC35F6;SIVA1;VDAC1;MTCH2;SFXN5"
"GOBP_MITOCHONDRIAL_TRNA_MODIFICATION",0.670217803030303,1,-0.408721920850302,-0.858000262535154,2830,13,"TRMT5;TRUB2;PUS1;YRDC;METTL8;HSD17B10;RPUSD4;CDK5RAP1;TRIT1"
"GOBP_MITOCHONDRIAL_TRNA_PROCESSING",0.588610586011342,1,-0.402087614358914,-0.905260773654921,2490,17,"TRMT5;TRUB2;PUS1;YRDC;METTL8;TRMT61B;HSD17B10;RPUSD4;CDK5RAP1;TRIT1"
"GOBP_MITOCHONDRION_DISTRIBUTION",0.998105612124082,1,-0.185813319892527,-0.423382176791655,4214,18,"TSPAN9;CLUH;LRRK2"
"GOBP_MITOCHONDRION_ENDOPLASMIC_RETICULUM_MEMBRANE_TETHERING",0.819772727272727,1,-0.391082802547771,-0.730909482351676,3606,8,"PSEN2;PDZD8;ATP2A2;AHCYL1;CALM1;SELENON;PACS2;VMP1"
"GOBP_MITOCHONDRION_LOCALIZATION",1,1,0.175612707261048,0.469131910726439,6225,58,"AGBL4;SLC4A5;NEFL"
"GOBP_MITOCHONDRION_ORGANIZATION",1,1,-0.116758876092263,-0.41515075350229,2114,407,"IRGM;SLC25A31;FXN;GPER1;SIRT4;EPM2A;IER3;COX7A1;PRKN;PPIF;SNCA;SFN;MIGA2;CLUH;SIRT5;GCLM;BCL2L10;UQCC4;CEBPA;SCO2;BID;PSMD10;THG1L;LRRK2;RTL10;HIGD1B;LIG3;OCIAD2;FAM3A;INF2;TIMM22;COA4;NDUFAF1;TFAM;BAD;SDHAF2;GDAP1;PLD6;DDHD1;CASP2;C11orf65;FZD9;TOMM40;SPIRE1;BCL2L11;PGAM5;ATPAF2;AIFM2;AIFM1;SLC25A33;NDUFA6;UQCC5;FUNDC1;MLLT11;HGF;CCAR2;COA3;CEP89;DNAJA3;BAK1;TFRC;COA6;SLC25A46;RAP1GDS1;COA7;LETM1;ATP7A;UQCC3;TRABD;GCLC;OPA1;TRMT10B;THEM4;TACO1;GABPB1;NDUFAF2;ENDOG;TMEM242;NOS3;TOMM5;RAB5IF;HAX1;PISD;SIRT7;BCL2;WASF1;TIMM8A;TP53;PRMT6;NDUFAF5;MTX2;PPP2CB;MUL1;TMEM70;AFG3L2;TIMM10B;PRDX3;CHCHD3;TIMM13;TIMM8B;SCO1;COX19;VPS54;NDUFC2;GSK3A;SSBP1;MTFP1;LMNA;TMEM14A;MYO19;HSPA9;ARMCX3;ADCK1;NDUFS3;TIMM21;COA8;PET117;SLC35F6;RCC1L;SIVA1;SUPV3L1;CLPP;NDUFS6;MTCH2;GGCT;HSD17B10;COA5;AGTPBP1;PARK7;NDUFS5;MOAP1;TIMM29;DNAJC11;YY1;CCDC93;ZNF205;ATAD3A;SDHAF3;AP3B1;NDUFAF4;HIGD1A;HSPD1;SESN2"
"GOBP_MITOTIC_CYTOKINESIS",0.412656751239428,1,-0.326402940239865,-1.01098335367246,1414,101,"ANKRD53"
"GOBP_MITOTIC_CYTOKINETIC_PROCESS",0.8624749498998,1,-0.296,-0.787609608359877,3442,38,"KLHDC8B;CHMP1A;SPART;CEP55;IQGAP2;CHMP4C;CHMP6;CHMP4B;CHMP3;CHMP7;PDCD6IP;RAB11FIP3;VPS4A;RAB11A;KIF20B;CHMP5;CHMP1B;CHMP2B;CHMP4A;RHOA;PLK1;MTMR4;NUP62;ARF1;ARF6;ZFYVE19;VPS4B;ECT2;IST1;AURKB;KIF20A;EXOC7;IQGAP3;IQGAP1;MITD1;CHMP2A;CNTROB;MTMR3"
"GOBP_MODIFICATION_OF_POSTSYNAPTIC_ACTIN_CYTOSKELETON",0.995507171245896,1,0.223929392253039,0.486150455822014,5760,19,"PRMT8;SPTB;ABI3;DIXDC1;CTNNA2;ITSN1"
"GOBP_MODIFICATION_OF_POSTSYNAPTIC_STRUCTURE",0.998522531396208,1,-0.207543621101828,-0.532765223161571,4054,32,"DRD1"
"GOBP_MODIFICATION_OF_SYNAPTIC_STRUCTURE",1,1,-0.178064473929474,-0.474828391337401,3965,39,"DRD1"
"GOBP_MODIFIED_AMINO_ACID_METABOLIC_PROCESS",0.41194072385295,1,0.331964279285731,1.01369290450993,2890,173,"GSTM1;SULT1A4;CGA;CRYAA;DMGDH;FOXE1;DIO3;SLC22A4;GSTA1;FTCD;NDP;SLC1A2;GSTO2;DHFRP1;HPN;DUOX1"
"GOBP_MODULATION_OF_EXCITATORY_POSTSYNAPTIC_POTENTIAL",0.915855903234289,1,-0.276104346626622,-0.769791675305859,3482,52,"RELN;SHANK1;ADRB2;NLGN4X;PRKN;GRIK2;PTK2B;PRKAR1B;GRIA1;LRRK2;DMPK;CELF4;NETO1"
"GOBP_MODULATION_OF_INHIBITORY_POSTSYNAPTIC_POTENTIAL",0.0249656436097114,1,-0.801315412788442,-1.54331271163122,108,9,"CHRNA2;CRH"
"GOBP_MONOACYLGLYCEROL_METABOLIC_PROCESS",0.420238931834153,1,0.5461564861969,1.05350921600558,2391,11,"MOGAT3;ABHD6;ABHD16B;MGLL;DGAT2"
"GOBP_MONOCARBOXYLIC_ACID_METABOLIC_PROCESS",0.999035447311309,1,0.237197859883905,0.79108458443811,8285,572,"GSTM1;GIP;ACSM6;ELOVL3;GAD1;LDHAL6A;PFKFB1;APOA5;CYP7A1;ATP6V1B1;TYRP1;CYP4A22;GAD2;ADH6;PLA2G5;CYP2W1;ALDOB;GSTA1;FTCD;CYP4F11;GAPDHS;LDHD;ABCD2;CYP26A1;CD36;PROX1;CYP46A1;ALOX5;CCDC92;PNLIPRP2;TREX1;SLC4A1;CD38;CYP2C18;ALOX15;ABHD1;MLYCD;ALDH1A2;KAT2B;ACTN3;SLC16A3;ASAH2;ME3;NAAA;PARP9;SLC4A4;PGAM2;SOX9;FBP1;MGAT4A;CYP2E1;ENO4;CYP26C1;PDK2;INSR;PTGR3;TPK1;ACSS1;HPGD;PTGDS;ABHD3;ABHD6;FAAH2;CYP7B1;AVPR1A;TRIM63;LDHC;ADH1B;ALOX12;ACMSD;PLA2G4D;PARP10;DDIT4;PNPLA8;TNXB;PTGS2;FA2H;SDS;NMRK1;ALDH5A1;MGLL;ACOT4;GLYATL2;AKR1C2;LPIN3;ENO3;DGAT2;NR5A2;PDK1;HSD17B8;INSIG2;AUH;CPT1B;CRABP2;SIRT1;SCD5;UCP3;CYP27C1;IDO1;AIG1;MLXIPL"
"GOBP_MONOSACCHARIDE_METABOLIC_PROCESS",1,1,0.185185917380285,0.584208094377598,7365,247,"PDX1;PFKFB1;TFAP2B;PPP1R3G;GLB1L2;SERPINA12;ALDOB;GAPDHS;C1QTNF3;GSTO2;IGFBP3;MLYCD;KAT2B;ACTN3;ONECUT1;FBN3;PGAM2;OTOG;FBP1;PDK2;INSR;HSD17B14;HECTD4;CD101;SDS;MST1;GLB1L;GSTO1;ENO3;DGAT2;PDK1;GNB3;SIRT1"
"GOBP_MONOTERPENOID_METABOLIC_PROCESS",0.971534412166114,1,0.372522299509356,0.522459759686829,4982,2,"CYP2E1"
"GOBP_MOTOR_NEURON_APOPTOTIC_PROCESS",0.995500173070267,1,0.218803088803089,0.439582830476647,5751,13,"FAS;MAP3K12;ATF2;CRLF1;MAP2K4;SPG11;FADD;KCNB1;MAP2K7;VPS54;ZPR1;ADARB1;SLC1A1"
"GOBP_MOTOR_NEURON_AXON_GUIDANCE",0.205402650356779,1,0.525776063472388,1.20755095453078,1208,25,"LHX3;NOG;EGR2;SLIT2;NRP1;PLXNA3;SLIT1;EPHA4;ALCAM"
"GOBP_MOTOR_NEURON_MIGRATION",0.649596182085169,1,0.521653533013316,0.880045279089999,3538,6,"OLIG3;NRP1"
"GOBP_MRNA_METABOLIC_PROCESS",1,1,-0.146715996724346,-0.5424830539978,1408,755,"RBMXL2;APOBEC2;SLC39A5;GTSF1;PAPOLB;RBM46;MYOD1;RBM11;MBLAC1;BOLL;PNLDC1;PLEKHN1;TENT5D;VDR;MBNL2;BRDT;TESK1;ABCC2;CPEB1;LSM8;RBM41;RNASEL;TSSC4;TRUB2;WDR70;TIRAP;H1-2;THOC3;PRMT7;RBM19;EXOSC3;ZNF326;TXNL4B;GCFC2;YJU2;KIN;ZC3H12A;PELO;TRMT6;DIS3L;RBFOX3;PUS1;POLR2G;U2AF1;FBLL1;CSTF2;MRTO4;VIRMA;ZRSR2;NICOL1;TSEN2;PAF1;LSM10;EXOSC4;SRSF2;CNOT9;CELF4;GEMIN8;EXOSC8;ADARB1;THUMPD2;SF3A3;AFF2;EXOSC9;DHX34;TFCP2;SAMD4A;TSEN15;DNAJB11;PIAS4;RRP1B;SNRPB2;HSPA8;NSRP1;SMG5;U2AF2;RBM28;SRSF1;PPIL3;SETX;LSM6;GPATCH1;CDK9;RBPMS2;DND1;PUS3;RARA;SRSF12;TUT4;PRR5L;THRA;GEMIN6;BUD31;PLRG1;CDK11A;CENATAC;CCAR2;GEMIN5;PUS7;TRMT61A;NSUN2;NUP98;GRSF1;HDAC7;GEMIN4;ZBTB7A;TUT7;TAF5;SMG9;DDX1;PRPF38B;METTL8;TNRC6B;CD2BP2;JMJD6;DDX39A;ALYREF;PRPF31;TRAF2;HNRNPU;RIDA;HNRNPM;RBM42;HNRNPF;SNRNP48;SREK1;MED1;SFPQ;AAR2;SMU1;PRPF4;ZMAT2;H1-3;AGO1;RBMXL1;KHSRP;MEX3D;HNRNPAB;NOCT;SNRPG;CTNNBL1;CDC73;ZC3H12B;MYD88;SMG6;CSTF2T;BCAS2;THOC1;ZC3H13;ARMC7;CRNKL1;RC3H1;AGO3;TP53;PRPF19;ATXN2L;SRSF8;NCL;ZPR1;DDX47;PPIL2;FUS;ATF4;FIP1L1;RBMX2;DHX38;PRPF3;HNRNPA3;TRMT61B;ANGEL1;WDR33;RBM17;SF1;HNRNPD;PATL1;RBM47;LUC7L;GSPT1;CEBPG;PTBP1;SNRPA1;RNH1;SAP30BP;ERI1;ANGEL2;DHX8;USP49;SF3B5;C1QBP;SMG8;NCBP3;CNOT2;ARVCF;CWC15;C9orf78;SSB;RBM10;BTG2;PDE12;PPIH;DDX46;RAMAC;TAF9;ATM;TAF1;SLBP;YTHDF1;CMTR2;SERBP1;CNOT11;SNRNP40;THRB;SRSF7;SUPV3L1;HNRNPH3;HNRNPLL;TUT1;TGS1;ZRANB2;SYNCRIP;TAF12;TRUB1;EIF4A3;NRDE2;DDX42;TENT4A;DHX9;HNRNPK;TSEN34;SKIC8;ETF1;SART1;SRSF6;DDX39B;DUS3L;DDX23;APEX1;RNPS1;THOC7;MFAP1;CDK12;HNRNPR;LEO1;LARP4B;TENT4B;INTS15;DDX5;RBM8A;HTATSF1;NR1H3;TBRG4;HNRNPA2B1;TAF3;IGF2BP1;ZFP36L1;AP3B1;METTL16;HNRNPA0;YBX1;SF3B4;CLASRP;LSM1;NUDT16;DAZAP1;ROCK2;UPF1;PRPF6;PHF5A;CPSF2;RBMX;XAB2;PPWD1;SNRNP27;TAF11;FASTKD5;RBM4;CREB1;EFTUD2;E2F1;ZC3H14;PYM1;ESRP2;ALKBH5;MAGOH;IVNS1ABP;DIS3;LSM2;TENT5A;SFSWAP;RPUSD4;SF3A2;EXOSC2"
"GOBP_MULTICELLULAR_ORGANISMAL_LEVEL_IRON_ION_HOMEOSTASIS",0.461603805640503,1,0.434168181945578,0.997154946675905,2716,25,"SLC40A1;SLC11A1;HJV;TF;B2M;BMP6"
"GOBP_MYCOTOXIN_METABOLIC_PROCESS",0.311436413540714,1,0.717543363401029,1.17243955590516,1701,5,"CYP2W1;AKR7A3"
"GOBP_MYELOID_CELL_ACTIVATION_INVOLVED_IN_IMMUNE_RESPONSE",0.803891290920321,1,0.299323513908919,0.840607334733223,5205,83,"GATA2;SCNN1B;ITGAM;BTK;PTGDR;SCN11A;ITGB2;TREX1;CCR2;CD300A;CX3CR1;NMI;F2RL1;PTGDS;FCER1G;PIK3CD;DOCK2;ADGRE2"
"GOBP_MYELOID_DENDRITIC_CELL_ACTIVATION",0.503239004432322,1,0.428136055745363,0.967252855952652,2951,23,"UBD;TSPAN32;CD37;CLEC4D;TGFB1;DOCK2;DHRS2;LTBR;RELB"
"GOBP_MYELOID_DENDRITIC_CELL_CHEMOTAXIS",0.673235855054037,1,-0.547647612654307,-0.849793223246952,3176,3,"CCR7;SPI1"
"GOBP_MYELOID_DENDRITIC_CELL_CYTOKINE_PRODUCTION",0.965863453815261,1,-0.2769916121045,-0.50256807645192,4328,7,"CAMK4;DDX1;DDX21"
"GOBP_MYELOID_DENDRITIC_CELL_DIFFERENTIATION",0.961113031455237,1,0.285981247096348,0.599537830915692,5560,16,"UBD;TGFB1;DHRS2;LTBR;RELB;RBPJ;PSEN1"
"GOBP_MYELOID_LEUKOCYTE_CYTOKINE_PRODUCTION",0.932199211045365,1,-0.283378040870835,-0.711658715586757,3780,29,"TLR4;TGFB3"
"GOBP_N_ACETYLGLUCOSAMINE_METABOLIC_PROCESS",0.996684821217144,1,-0.199193304201424,-0.453868941063536,4208,18,"CHST1;CHST2;MGAT3;NANP;CHST7;CHST3;GNPDA2"
"GOBP_N_ACETYLNEURAMINATE_METABOLIC_PROCESS",0.967808930425753,1,0.283236979995063,0.569032704442013,5591,13,"NPL;SLC35A1;RENBP;AMDHD2"
"GOBP_N_ACYLETHANOLAMINE_METABOLIC_PROCESS",0.182433668801464,1,0.774550833366496,1.2655876723518,996,5,"GDPD3;NAAA;NAPEPLD"
"GOBP_N_ACYLPHOSPHATIDYLETHANOLAMINE_METABOLIC_PROCESS",0.232256919801277,1,0.663867517228013,1.2210479649845,1308,9,"PLAAT5;NAAA;PLAAT4;PLAAT3;NAPEPLD;PLA2G4E;PLAAT2"
"GOBP_N_TERMINAL_PROTEIN_LIPIDATION",0.72870778267254,1,0.481738781603678,0.812707886891782,3969,6,"HHATL;PPM1B"
"GOBP_NADPLUS_METABOLIC_PROCESS",1,1,0.155927263628032,0.390494179144401,6038,40,"SLC25A18;PARP14;ACMSD;NMRK1;IDO1;AFMID;NMNAT3;QPRT"
"GOBP_NADPPLUS_METABOLIC_PROCESS",0.982273028495693,1,0.25817001645118,0.643993948664481,5928,39,"RPEL1;ALDOB;ALDH1L1"
"GOBP_NATURAL_KILLER_CELL_ACTIVATION_INVOLVED_IN_IMMUNE_RESPONSE",0.982363719651855,1,-0.250880717605079,-0.483189758244802,4288,9,"CD160;UNC13D;CORO1A;AP1G1"
"GOBP_NATURAL_KILLER_CELL_CYTOKINE_PRODUCTION",0.749645138396026,1,0.431470988752439,0.793602276197925,4224,9,"CD226;RAET1G;HLA-F;HLA-G"
"GOBP_NATURAL_KILLER_CELL_MEDIATED_IMMUNE_RESPONSE_TO_TUMOR_CELL",0.231167440199929,1,0.682157488916627,1.2230667819541,1294,8,"CD226;CRTAM;TGFB1;CEACAM1"
"GOBP_NEGATIVE_REGULATION_OF_ACUTE_INFLAMMATORY_RESPONSE",0.770703575547866,1,-0.390569401927409,-0.77234818922204,3340,10,"FCGR2B;NPY5R"
"GOBP_NEGATIVE_REGULATION_OF_ACUTE_INFLAMMATORY_RESPONSE_TO_ANTIGENIC_STIMULUS",0.429512516469038,1,-0.603512089078579,-1.06250716044458,1955,6,"FCGR2B;NPY5R"
"GOBP_NEGATIVE_REGULATION_OF_ADAPTIVE_IMMUNE_RESPONSE",0.496477745757285,1,0.362161768716244,0.976449502375524,3100,62,"CD274;CD69;KLRD1;ARG1;IL1RL1;CD80;ALOX15;PTPRC;BCL6;EBI3;XCL1;SUSD4;ASCL2;CR1L;CR2;AHR;LAG3;CLEC4G;IL6ST;IL18;JAK3;HLA-F;TNFSF4;HLA-G;CEACAM1;LGALS1"
"GOBP_NEGATIVE_REGULATION_OF_AMIDE_METABOLIC_PROCESS",0.997799511002445,1,-0.210263898769017,-0.507431635194658,4080,24,"NTRK2;SIRT4"
"GOBP_NEGATIVE_REGULATION_OF_AMINE_METABOLIC_PROCESS",0.341262580054895,1,0.704306235021409,1.15081057330918,1864,5,"ITGAM;ITGB2;ATP2B4"
"GOBP_NEGATIVE_REGULATION_OF_ATP_DEPENDENT_ACTIVITY",0.737452405676705,1,0.401280817017919,0.806186778832294,4260,13,"SLN;LTF;TNNI3;TSC1"
"GOBP_NEGATIVE_REGULATION_OF_AUTOPHAGY",0.804627249357326,1,-0.283084201786713,-0.866188784765064,2816,93,"ADRA1A;IL10RA;NUPR1;LZTS1;FOXK1;RUBCN;SLC7A5;HMOX1;TREM2;TIGAR;MTMR8;MET;SNCA;STK38L;LRRK2;QSOX1;SIRT2;NPC1;TSPO;HGF;EIF4G1;PHF23;FEZ2;LEP;USP36;BCL2;MTMR9"
"GOBP_NEGATIVE_REGULATION_OF_AUTOPHAGY_OF_MITOCHONDRION",0.925522041763341,1,-0.315535479885723,-0.63734298558797,3988,11,"TIGAR;TSPO;RNF41;HTRA2;VPS13C;PPTC7;RBX1;TSC2;USP30;PINK1;FBXL4"
"GOBP_NEGATIVE_REGULATION_OF_AXON_EXTENSION",0.950767155622998,1,0.280716750093712,0.668945572800273,5638,30,"NTN1;CDKL3;NRP1;WNT5A;PLXNA3;SLIT1;SEMA4F;WNT3;CDH1"
"GOBP_NEGATIVE_REGULATION_OF_AXON_EXTENSION_INVOLVED_IN_AXON_GUIDANCE",0.306955287437899,1,0.630935585838432,1.16047644015051,1729,9,"NRP1;WNT5A;PLXNA3;SLIT1;WNT3"
"GOBP_NEGATIVE_REGULATION_OF_AXONOGENESIS",0.999512987012987,1,0.200389776815556,0.521901011010915,6156,50,"NTN1;CDKL3;FSTL4;NRP1;WNT5A;PLXNA3;SLIT1;ULK2;SEMA4F;EPHA7;WNT3;CDH1"
"GOBP_NEGATIVE_REGULATION_OF_CALCIUM_ION_DEPENDENT_EXOCYTOSIS",0.958658623136977,1,0.302594006225872,0.556559533235463,5402,9,"ADRA2A;STXBP3;REST;GNAI2"
"GOBP_NEGATIVE_REGULATION_OF_CALCIUM_ION_EXPORT_ACROSS_PLASMA_MEMBRANE",0.65528420142641,1,-0.526891757020771,-0.857423823529012,3031,4,"CALM2;CALM3;CALM1"
"GOBP_NEGATIVE_REGULATION_OF_CALCIUM_ION_IMPORT",0.489810260014055,1,0.515738034780157,0.994833507277283,2787,11,"SPINK1;SLN;HES1;SEMG1"
"GOBP_NEGATIVE_REGULATION_OF_CALCIUM_ION_IMPORT_ACROSS_PLASMA_MEMBRANE",0.824508320726172,1,-0.41070670423405,-0.66835304975074,3814,4,"PPP3CC;PPP3R1;PPP3CA;PPP3CB"
"GOBP_NEGATIVE_REGULATION_OF_CALCIUM_ION_TRANSMEMBRANE_TRANSPORT",0.714357513821411,1,0.3507648974257,0.849631515625429,4263,33,"REM1;SLN;CACNA1F;CRHR1;TGFB1;GSTO1"
"GOBP_NEGATIVE_REGULATION_OF_CALCIUM_ION_TRANSMEMBRANE_TRANSPORT_VIA_HIGH_VOLTAGE_GATED_CALCIUM_CHANNEL",0.0364651162790698,1,0.894792798202158,1.3998448441354,195,4,"REM1;UBR3"
"GOBP_NEGATIVE_REGULATION_OF_CALCIUM_ION_TRANSMEMBRANE_TRANSPORTER_ACTIVITY",0.576247364722417,1,0.479931419630829,0.925764293586425,3279,11,"SLN;CACNA1F;CRHR1"
"GOBP_NEGATIVE_REGULATION_OF_CALCIUM_ION_TRANSPORT",0.525900345337938,1,0.376870650985877,0.958961314511432,3197,44,"REM1;SPINK1;SLN;CACNA1F;ADRA2A;CRHR1;HES1;SEMG1;TGFB1;GSTO1"
"GOBP_NEGATIVE_REGULATION_OF_CALCIUM_ION_TRANSPORT_INTO_CYTOSOL",0.416354419219749,1,-0.644056542410567,-1.08985753484694,1888,5,"CALCA;EPO"
"GOBP_NEGATIVE_REGULATION_OF_CALCIUM_MEDIATED_SIGNALING",0.749342262616599,1,-0.353051605728023,-0.820139328496524,3132,20,"PLEK;TBC1D10C"
"GOBP_NEGATIVE_REGULATION_OF_CARBOHYDRATE_METABOLIC_PROCESS",0.932467532467532,1,0.281790246104874,0.733902780232709,5743,50,"PFKFB1;SERPINA12;C1QTNF3;SLC4A1;ACTN3;FBP1;TRIM63;TGFB1;DDIT4;MST1"
"GOBP_NEGATIVE_REGULATION_OF_CELLULAR_RESPONSE_TO_OXIDATIVE_STRESS",0.702182839853037,1,-0.494535136141277,-0.804769104184292,3248,4,"NCOA7;OXR1"
"GOBP_NEGATIVE_REGULATION_OF_CENTROSOME_DUPLICATION",0.991963661774983,1,0.236745116926877,0.466112914022994,5677,12,"KAT2B;MDM1;BRCA1;TRIM37;CDK5RAP2;NUBP1"
"GOBP_NEGATIVE_REGULATION_OF_CHOLESTEROL_METABOLIC_PROCESS",0.972272727272727,1,-0.263270208627672,-0.492035678002396,4277,8,"CHLSN;INSIG1"
"GOBP_NEGATIVE_REGULATION_OF_COLLAGEN_METABOLIC_PROCESS",0.73453162806775,1,0.394238077993237,0.806645827093125,4249,14,"CYP7A1;EMILIN1"
"GOBP_NEGATIVE_REGULATION_OF_CYCLIN_DEPENDENT_PROTEIN_SERINE_THREONINE_KINASE_ACTIVITY",0.952695465905034,1,0.313763725581545,0.562559227709146,5336,8,"CDKN2A;INCA1;LATS2;MEN1;TFAP4"
"GOBP_NEGATIVE_REGULATION_OF_CYTOKINE_PRODUCTION",0.809677854158242,1,0.279296143954183,0.885149408996102,6006,263,"ORM1;CD274;MEFV;F2;SLC11A1;APOA2;GBP1;TIGIT;ARG1;FFAR1;NLRP2B;SRGN;SIGLEC1;IL1RL1;PYDC1;PSG9;GATA6;BTK;ABCD2;LTF;C1QTNF3;NLRP6;IL37;ARRB1;IL1A;IL23A;LEF1;PTPRC;CLEC4A;NLRP3;GLTPD2;CX3CR1;CD34;BCL6;KLF4;DLL1;INHBA;XCL1;NMI;F2RL1;BANK1;ADCY7;NLRP7;NLRC3;APOA1;POMC;CMKLR1;NLRP12;XAF1"
"GOBP_NEGATIVE_REGULATION_OF_CYTOKINE_PRODUCTION_INVOLVED_IN_IMMUNE_RESPONSE",0.89308777804353,1,-0.308989859412894,-0.717783835846216,3733,20,"TBX21;TGFB3;CD96;TNFRSF14;HFE;ANGPT1;SMAD7;FOXP3"
"GOBP_NEGATIVE_REGULATION_OF_CYTOKINE_PRODUCTION_INVOLVED_IN_INFLAMMATORY_RESPONSE",0.0835856037672385,1,0.571860859166004,1.35553084789082,496,29,"MEFV;F2;PSG9;ABCD2;ADCY7;NLRP7;NLRC3;PDCD4"
"GOBP_NEGATIVE_REGULATION_OF_CYTOKINESIS",0.307005800981705,1,-0.645177518890462,-1.17059726890385,1375,7,"TEX14"
"GOBP_NEGATIVE_REGULATION_OF_CYTOSOLIC_CALCIUM_ION_CONCENTRATION",0.615986717267552,1,-0.402478844734254,-0.891567929968904,2596,16,"OPRM1;CALCA;SLC8A1;EPO"
"GOBP_NEGATIVE_REGULATION_OF_DENDRITE_DEVELOPMENT",0.996363636363636,1,-0.212005404362092,-0.396224940980693,4383,8,"KIAA0319;CARM1;MGARP;BCL11A;DCC;ARF6;ZNF296;FAT3"
"GOBP_NEGATIVE_REGULATION_OF_DENDRITE_MORPHOGENESIS",0.421278114958943,1,0.595416647489722,1.06754574244094,2359,8,"TLX2;NFATC4"
"GOBP_NEGATIVE_REGULATION_OF_DENDRITIC_CELL_APOPTOTIC_PROCESS",0.775448454722282,1,-0.447939823362606,-0.728943413786097,3587,4,"CCR7"
"GOBP_NEGATIVE_REGULATION_OF_DENDRITIC_CELL_DIFFERENTIATION",0.51774300198369,1,-0.58593730004813,-0.99150950165839,2348,5,"FCGR2B"
"GOBP_NEGATIVE_REGULATION_OF_DENDRITIC_SPINE_DEVELOPMENT",0.296205200281096,1,0.597924971576904,1.1533680986241,1685,11,"EFNA1;FSTL4;GRM5;NGEF;NLGN1"
"GOBP_NEGATIVE_REGULATION_OF_DENDRITIC_SPINE_MAINTENANCE",0.878303964757709,1,0.391515806538773,0.660499000636052,4784,6,"GRIN2B;APP;APOE;FYN;CFL1;PRNP"
"GOBP_NEGATIVE_REGULATION_OF_DENDRITIC_SPINE_MORPHOGENESIS",0.404757548032937,1,0.673222163758054,1.10002034017959,2211,5,"EFNA1;GRM5;NGEF;NLGN1"
"GOBP_NEGATIVE_REGULATION_OF_DNA_METABOLIC_PROCESS",1,1,-0.087900886032768,-0.280059170041628,3259,130,"KCNK2;ANKRD1;RADX;PARP3;DUSP1;FOXP3;H1-2;NPPC;GNL3L;NIBAN2;LIG3;GTPBP4;DNAJC2;NBN;SENP3;CDC6;RAD50;OGG1;TP53BP1;HNRNPU;MSH2;H1-3;SMG6;DFFB;SRC;TP53;POLQ;PARPBP;TERF2;FBXO5;TTF1;RTEL1;C1QBP;LRR1;ACD;CSNK2A1;HELB;UBQLN4;STN1;ATM;NAT10;NDFIP1"
"GOBP_NEGATIVE_REGULATION_OF_ENDOPLASMIC_RETICULUM_CALCIUM_ION_CONCENTRATION",0.715415019762846,1,-0.455545004034571,-0.802005191694622,3257,6,"TGM2;THADA;BAK1;RAP1GDS1"
"GOBP_NEGATIVE_REGULATION_OF_ENDOPLASMIC_RETICULUM_UNFOLDED_PROTEIN_RESPONSE",0.987647967061245,1,0.247982476579207,0.549957392488181,5756,21,"CREBRF;ABCA7;DNAJB9;BFAR;ATF6B;RACK1;AKT3;WFS1"
"GOBP_NEGATIVE_REGULATION_OF_EPITHELIAL_CELL_PROLIFERATION_INVOLVED_IN_PROSTATE_GLAND_DEVELOPMENT",0.904919236417034,1,0.370865017176825,0.625660494736388,4929,6,"CDKN1B;EAF2;NKX3-1;SERPINF1"
"GOBP_NEGATIVE_REGULATION_OF_ESTABLISHMENT_OF_PROTEIN_LOCALIZATION_TO_MITOCHONDRION",0.951981435201714,1,0.314174191484606,0.563295168044503,5332,8,"SIAH3;LMAN1"
"GOBP_NEGATIVE_REGULATION_OF_EXCITATORY_POSTSYNAPTIC_POTENTIAL",0.954308712121212,1,-0.28797175914818,-0.604518212377319,4030,13,"NLGN4X;PRKN;LRRK2;CELF4"
"GOBP_NEGATIVE_REGULATION_OF_EXECUTION_PHASE_OF_APOPTOSIS",0.181379007465964,1,-0.741170186972987,-1.30485974517789,825,6,"CIDEA;CXCR3"
"GOBP_NEGATIVE_REGULATION_OF_FATTY_ACID_METABOLIC_PROCESS",0.56087279940491,1,-0.361395324523674,-0.933457980607634,2261,33,"FMO2;UGT1A6;ACADL;PLIN5;SIRT4;PIBF1;TRIB3;MFSD2A;INSIG1"
"GOBP_NEGATIVE_REGULATION_OF_FERROPTOSIS",0.944721233689205,1,-0.284057665189445,-0.654253333450945,3981,19,"NQO1;HMOX1;PSAT1;SLC7A11;ACLY;SLC25A1;SC5D;AIFM2"
"GOBP_NEGATIVE_REGULATION_OF_GLYCOGEN_METABOLIC_PROCESS",0.180027485112231,1,-0.669332346443234,-1.2891167473956,785,9,"PRKAG3"
"GOBP_NEGATIVE_REGULATION_OF_GLYCOPROTEIN_METABOLIC_PROCESS",0.863809194607674,1,0.340719847867074,0.714293124511518,4997,16,"ABCA7;JAK3;AGO2;SLC2A10;CST3;ACOT8;BACE2;AATF;PTX3"
"GOBP_NEGATIVE_REGULATION_OF_HORMONE_METABOLIC_PROCESS",0.489176721078779,1,0.545484753596956,1.00330718256978,2756,9,"WNT4;BMP5;REST;BMP2"
"GOBP_NEGATIVE_REGULATION_OF_HUMORAL_IMMUNE_RESPONSE",0.449145225349681,1,0.488810076776208,1.01322516103006,2600,15,"A2M;SPINK5;SUSD4;CR1L;CR2;CLU"
"GOBP_NEGATIVE_REGULATION_OF_HUMORAL_IMMUNE_RESPONSE_MEDIATED_BY_CIRCULATING_IMMUNOGLOBULIN",0.671136363636364,1,-0.453631152012935,-0.847808464949998,2952,8,"FCGR2B"
"GOBP_NEGATIVE_REGULATION_OF_HYDROGEN_PEROXIDE_METABOLIC_PROCESS",0.789064188459045,1,-0.437801536145741,-0.71244513140895,3650,4,"FYN;MPV17L;STAT3;HDAC6"
"GOBP_NEGATIVE_REGULATION_OF_IMMUNE_EFFECTOR_PROCESS",0.786573298827828,1,0.297002082121207,0.857286564094126,5166,103,"A2M;CD274;CD69;APOA2;KLRD1;TIGIT;ARG1;CD80;SLAMF8;SPINK5;CCR2;SERPINB9;CD300A;PTPRC;CX3CR1;BCL6;XCL1;SUSD4;APOA1;TGFB1;ASCL2;CR1L;CR2;AHR;LAG3;CLEC4G;HLA-A;BST2;JAK3;CLU;HLA-F;TNFSF4"
"GOBP_NEGATIVE_REGULATION_OF_IMMUNE_RESPONSE",0.796514896008994,1,0.285294969983711,0.879725529035261,5667,192,"A2M;CD274;CD69;GPR17;KLRD1;TIGIT;ARG1;IL1RL1;CD80;SLAMF8;FCRLB;SPINK5;HCK;TREX1;CCR2;NLRP6;SERPINB9;CD300A;COL3A1;NPY;ALOX15;PTPRC;BCL6;EBI3;PARP14;XCL1;NMI;SUSD4;NLRC3;POMC;IFI16;TGFB1;ASCL2;SAMHD1;CR1L;CR2;AHR;LAG3;CLEC4G;IL6ST;IL18;HLA-A;NLRC5;JAK3;CLU;HLA-F;TNFSF4;TNFAIP3;HLA-G;CEACAM1;PIM1;LGALS1;DRD2"
"GOBP_NEGATIVE_REGULATION_OF_IMMUNE_SYSTEM_PROCESS",0.99950495049505,1,0.234938104570489,0.775750286960068,8075,479,"A2M;GATA2;CD274;MEFV;CD69;HOXA7;GPR17;CCL25;APOA2;CRTAM;GBP1;KLRD1;SHH;TIGIT;FGL1;ARG1;NLRP2B;IL1RL1;PYDC1;CD80;SLAMF8;FCRLB;PLA2G5;TSPAN32;BTK;LST1;LTF;SPINK5;ILDR2;BMP5;PSMB9;LPXN;HCK;CD37;LRFN5;TREX1;PRDM16;CCR2;NLRP6;SERPINB9;CD300A;COL3A1;NPY;ALOX15;PTPRC;MAFB;CX3CR1;SLIT2;ID2;BCL6;EBI3;PARP14;CD72;INHBA;XCL1;SOX9;NMI;F2RL1;BANK1;YPEL4;RAB7B;SUSD4;NLRC3;APOA1;POMC;BMP4;IFI16;FCER1G;PLCB1;TGFB1;TMEM176A;UBASH3B;ASCL2;SAMHD1;PLCL2;TLR6;GCSAM;FN1;CR1L;CR2;CDK6;PSMB8;AHR;EMILIN1"
"GOBP_NEGATIVE_REGULATION_OF_INFLAMMASOME_MEDIATED_SIGNALING_PATHWAY",0.394115634621964,1,0.469957342016254,1.0508006532383,2303,22,"MEFV;NLRP2B;PYDC1;NLRC3;IFI16"
"GOBP_NEGATIVE_REGULATION_OF_INFLAMMATORY_RESPONSE",0.992414248021108,1,-0.2356525869877,-0.772975170432163,3008,163,"TNFRSF6B;IRGM;PGLYRP1;CYP19A1;FCGR2B;TNFAIP6;GPER1;PDCD1;ENPP3;FOXF1;GHRL;IL2RA;IL10RA;SYK;IL18R1;NPY5R;GATA3;FGR;RB1;IER3;TREM2;LYN;NR4A3;TNFRSF1B;FOXP3;SOCS3;PTGER4"
"GOBP_NEGATIVE_REGULATION_OF_INFLAMMATORY_RESPONSE_TO_ANTIGENIC_STIMULUS",0.939205119568878,1,0.287129794053311,0.687429193430883,5576,31,"GPR17;HCK;NLRP6;NPY"
"GOBP_NEGATIVE_REGULATION_OF_INFLAMMATORY_RESPONSE_TO_WOUNDING",0.293478260869565,1,0.676037247273235,1.17665820496612,1619,7,"SIGLEC10;GIT1"
"GOBP_NEGATIVE_REGULATION_OF_INNATE_IMMUNE_RESPONSE",0.106856084002471,1,0.440131363454891,1.23604606779705,691,83,"A2M;KLRD1;TIGIT;ARG1;SLAMF8;TREX1;SERPINB9;PARP14;NMI;SUSD4;NLRC3;IFI16;TGFB1;SAMHD1;HLA-A;NLRC5;HLA-F;TNFAIP3;HLA-G;CEACAM1;PIM1;DRD2"
"GOBP_NEGATIVE_REGULATION_OF_INTERFERON_ALPHA_PRODUCTION",0.320461858792353,1,0.783606401320733,1.16645564018092,1692,3,"NMI;NLRC3;PTPRS"
"GOBP_NEGATIVE_REGULATION_OF_INTERFERON_BETA_PRODUCTION",0.786565360041444,1,0.372990050619359,0.773148758703753,4554,15,"NMI;NLRC3;RELB;NLRX1;SIRPA;TRAIP;MORC3;PYCARD"
"GOBP_NEGATIVE_REGULATION_OF_INTRACELLULAR_LIPID_TRANSPORT",0.992201208812634,1,0.31641538529536,0.443770229004714,5088,2,"ABCA2"
"GOBP_NEGATIVE_REGULATION_OF_IRE1_MEDIATED_UNFOLDED_PROTEIN_RESPONSE",0.934104258443465,1,0.342262708920369,0.577407536097789,5088,6,"DNAJB9;BFAR;TMBIM6;UFL1"
"GOBP_NEGATIVE_REGULATION_OF_LIPID_BIOSYNTHETIC_PROCESS",0.537078651685393,1,0.355122481130574,0.953556491400713,3345,60,"GFI1;CYP7A1;SERPINA12;WNT4;PROX1;BMP5;SPHK1;PDGFA;DKKL1;ABCA2;INSIG2;PDGFB;SIRT1;SNAI2"
"GOBP_NEGATIVE_REGULATION_OF_LIPID_CATABOLIC_PROCESS",0.915326719124188,1,0.30928524085945,0.691546027853812,5350,22,"ENDOU;APOA2;ADRA2A;HCAR1"
"GOBP_NEGATIVE_REGULATION_OF_LIPID_LOCALIZATION",0.981288292763703,1,0.260842447070613,0.653236995794651,5925,40,"APOA2;SHH;ABCA2;ABCG1;ABCA1;PPARA;CLSTN3;PNPLA2;TTC39B"
"GOBP_NEGATIVE_REGULATION_OF_LIPID_METABOLIC_PROCESS",0.961342198855729,1,0.260163026532887,0.738235293184007,6216,90,"GFI1;ENDOU;CYP7A1;APOA2;SERPINA12;WNT4;PROX1;BMP5;SPHK1;ADRA2A;HCAR1;PDGFA;SOX9;DKKL1;CRTC3;ABCA2;DGAT2;INSIG2;PDGFB;SIRT1;SNAI2;CH25H"
"GOBP_NEGATIVE_REGULATION_OF_LIPID_STORAGE",0.950035519772673,1,-0.279459895895609,-0.636759189915376,4011,18,"CES1;TREM2;ITGB3;IL6;PPARD;LEP"
"GOBP_NEGATIVE_REGULATION_OF_LIPID_TRANSPORT",0.385926425919676,1,0.44916674813085,1.04913355595878,2286,27,"APOA2;SHH;ABCA2"
"GOBP_NEGATIVE_REGULATION_OF_LONG_TERM_SYNAPTIC_POTENTIATION",0.589072382290935,1,0.474833868119646,0.915931365420562,3352,11,"FAM107A;AGER;EPHA4;ABL1;FXR1"
"GOBP_NEGATIVE_REGULATION_OF_MACROAUTOPHAGY",0.551689359556228,1,-0.353019943567926,-0.941366282758732,2187,39,"NUPR1;LZTS1;RUBCN;HMOX1;TIGAR;LRRK2;QSOX1;NPC1;TSPO;PHF23;FEZ2;USP36"
"GOBP_NEGATIVE_REGULATION_OF_MACROPHAGE_CYTOKINE_PRODUCTION",0.629711262949085,1,-0.521274798213112,-0.882089116635696,2856,5,"TGFB3"
"GOBP_NEGATIVE_REGULATION_OF_MIRNA_METABOLIC_PROCESS",0.695733152726041,1,0.367950651534597,0.853237441969525,4108,26,"NFATC4;SOX9;BMP4;TGFB1;NFIB;PDGFB;PPARA;QKI;TWIST1;VEGFA;PPARG"
"GOBP_NEGATIVE_REGULATION_OF_MITOCHONDRIAL_FISSION",0.810227022261406,1,-0.416451714894328,-0.70470992760785,3675,5,"PRKN;C11orf65"
"GOBP_NEGATIVE_REGULATION_OF_MITOCHONDRIAL_FUSION",0.940454545454545,1,-0.309200210390619,-0.577876000292882,4137,8,"PRKN;TFRC;MUL1;ADCK1"
"GOBP_NEGATIVE_REGULATION_OF_MITOCHONDRIAL_OUTER_MEMBRANE_PERMEABILIZATION_INVOLVED_IN_APOPTOTIC_SIGNALING_PATHWAY",0.335437120149603,1,-0.534614690435853,-1.10291375881232,1434,12,"IER3;FZD9;BAK1;GCLC;TMEM14A;SLC35F6"
"GOBP_NEGATIVE_REGULATION_OF_MOTOR_NEURON_APOPTOTIC_PROCESS",0.972369624885636,1,0.296317739694303,0.484172325819203,5313,5,"MAP3K12;CRLF1;MAP2K4;VPS54;ZPR1"
"GOBP_NEGATIVE_REGULATION_OF_MRNA_METABOLIC_PROCESS",0.998948948948949,1,0.222093555185341,0.651779383147503,6652,119,"A1CF;SLC11A1;RBM20;PKP3;GDNF;ADARB2;DAZL"
"GOBP_NEGATIVE_REGULATION_OF_NEUROBLAST_PROLIFERATION",0.498902064119455,1,-0.565410522602491,-0.995427829412777,2271,6,"VAX1"
"GOBP_NEGATIVE_REGULATION_OF_NEUROINFLAMMATORY_RESPONSE",0.959093034128097,1,-0.283405621934388,-0.584667734254306,4102,12,"TREM2;TNFRSF1B;CD200R1;TAFA3;LDLR"
"GOBP_NEGATIVE_REGULATION_OF_NEURON_APOPTOTIC_PROCESS",0.57791095890411,1,0.312805404943166,0.952610411227161,4049,167,"WNT1;CHL1;MTNR1B;TFAP2B;EN1;EN2;PCDHGC5;FAIM2;CNTFR;GDNF;LCN2;ISL1;CX3CR1;NFATC4;SEMA3E;PCDHGC3;LONRF2;PRKCG;NEFL;FOXB1;NRP1;NGF;NDNF;ADAM8;NAIP;CITED1;EPHA4;IL6ST;SIRT1;ERBB3;NTRK1;CCL2;AGAP2;CLU;CX3CL1;FZD1;SLC25A27"
"GOBP_NEGATIVE_REGULATION_OF_NEURON_DIFFERENTIATION",0.0533609429754699,1,0.497490416749452,1.34965673090962,334,65,"TLX3;POU4F2;PHOX2B;LMX1A;SHH;ASCL1;IRX3;GPR37L1;FEZF2;ID4;SIX3;CNTN4;FOXG1;PAX6;ISL1;HES5;ID2;HES1;DLL1;SOX9;JAG1;B2M;BMP7"
"GOBP_NEGATIVE_REGULATION_OF_NEURON_MIGRATION",0.309908643710471,1,0.591482205139179,1.14094031649525,1763,11,"COL3A1;NRG3;ERBB4;ADGRG1;NEXMIF;TNN;GPR173;CX3CL1;SRGAP2"
"GOBP_NEGATIVE_REGULATION_OF_NEURON_PROJECTION_DEVELOPMENT",0.318732246972642,1,0.359670388126673,1.06200188747673,2131,126,"GFI1;GFAP;NTN1;RIT2;CD38;CDKL3;EFNA1;TBX6;NEU4;SLIT2;HES1;FSTL4;GRM5;NRP1;INPP5F;MYLIP;STMN2;B2M;WNT5A;DKK1;NGEF;FAT3;PRAG1;PLXNA3;SLIT1;RTN4RL1;EPHA4;ULK2;SEMA4F;RGMA;EPHA7;CIB1;NR2F1;WNT3;CDH1;PTPN9"
"GOBP_NEGATIVE_REGULATION_OF_NEURON_PROJECTION_REGENERATION",0.983235395782924,1,0.256586321889782,0.524998211474429,5688,14,"INPP5F;RTN4RL1;EPHA4;KREMEN1;LRIG2;FIGNL2;CERS2"
"GOBP_NEGATIVE_REGULATION_OF_NEUROTRANSMITTER_SECRETION",0.311363636363636,1,-0.617619618176153,-1.15429272898347,1369,8,"PRKN;ASIC1;SLC30A1;SYT11;GGCX;PNKD"
"GOBP_NEGATIVE_REGULATION_OF_NEUROTRANSMITTER_TRANSPORT",0.320417633410673,1,-0.553550890872213,-1.11810493574653,1380,11,"PRKN;SNCA;GPM6B;ASIC1;SLC30A1"
"GOBP_NEGATIVE_REGULATION_OF_NLRP3_INFLAMMASOME_COMPLEX_ASSEMBLY",0.37826613600969,1,0.495985744301106,1.06510791431157,2185,18,"MEFV;NLRP2B;PYDC1;NLRC3"
"GOBP_NEGATIVE_REGULATION_OF_NUCLEOBASE_CONTAINING_COMPOUND_METABOLIC_PROCESS",0.646882365545318,1,0.280214798839502,0.969584383277314,6037,1531,"PEG3;TBL1Y;DMBX1;HSF4;GATA5;GATA2;GFI1;MYT1L;SHOX2;TBR1;NKX2-5;SP5;A1CF;TAL1;PRDM6;SAMD11;SP100;OSR1;PDX1;DNMT3L;OLIG3;NKX6-3;SLC11A1;HOXA7;POU4F2;PFKFB1;TFAP2B;LHX9;FOXQ1;MSX1;MAGEA11;SHH;IRX1;EN1;MNX1;PRRX1;TBXT;EOMES;CDX2;FOXE1;SOX14;EN2;HMX1;FOXC1;ARX;NKX2-1;ZSCAN4;PAX5;SPDEF;HNF1B;NEUROG3;SUMO4;ALDOB;H1-1;SKOR2;GATA6;POU3F3;TFAP2A;FOXP2;GATA4;LMO1;ACE2;FOXA2;NOSTRIN;ASCL1;IRF8;IRX3;TBX3;ZHX3;CD36;HHEX;HOXB3;WNT4;FEZF2;PROX1;SOX21;ID4;MUC1;ZC3H6;PLAGL1;PARP15;SIX3;CREBRF;DMRT1;PTCH1;GSC;TFAP2C;MYF6;SLC4A1;RBM20;ZNF503;PKP3;TFEC;PRDM16;MEIS2;CD38;BHLHE41;FOXG1;PAX6;GDNF;HES4;NOG;ADARB2;LEF1;ZNF425;PTPRC;ZNF658B;EGR1;KAT2B;FOSB;ISL1;MAFB;DUSP15;ACTN3;EFNA1;ZEB2;HES5;CPEB3;TBX6;ZP3;TXNIP;ERN2;ID2;ZNF653;HES1;NFATC4;BCL6;ZNF836;KLF4;SMARCA2;FST;PARP14;PARP9;APOBEC3H;HJV;DAZL;XCL1;HAND1;HES3;MYB;MECOM;SOX9;SOX1;FBP1;ESR2;SHLD1;IRX2;NFKB2;NR1I3;H1-0;RN7SK;SOX10;PRDM1;PDE2A;SCML1;APOBEC3G;MAGEA2;BHLHE40;BMP4;ELF3;ZEB1;YAF2;KLF11;IFI16;IRF7;ZBTB10;TRIM63;ZBTB42;RIPPLY2;ZBTB25;RUNX2;PLCB1;RFX3;TGFB1;FANCB;APOBEC3D;ZNF226;BMP6;ASCL2;BMP7;PDCD4;PARP10;WNT5A;DKK1;DDIT4;PHF24;SMAD4;L3MBTL1;ZNF223;APOBEC3B;SCRT1;MAF;CDK6;AHR;MAGED4B;PAX9;SFMBT2;MYOZ1;BCL6B;ZMYND15;CITED1;CIART;ZNF688;ZNF671;ZNF396;ZNF528;BMI1;SIM2;ATR;MAGEB17;SALL1;THAP5;SNAI3;KMT5A;MXD1;NFIB;BCORL1;SCAI;ERCC6;PDGFB;NRIP1;CBX7;POT1;SIRT1;ALX1;ING2;FGFR2;FGFR1;CDKN2A;FOXD1;MLXIPL;ZFP90;ZFHX3;SNAI2;GAS6;MXI1;BEND6;IRX4;AASS;ZNF658;NR1D2;NPAS1;SOX15;SLFN11;TRDMT1;NKX3-2;ANKLE1;HDAC5;SMAD5;RELB;PER3;SAP30L;PPARA"
"GOBP_NEGATIVE_REGULATION_OF_NUCLEOTIDE_METABOLIC_PROCESS",0.332379670144732,1,0.46275216348662,1.08934104970001,1974,28,"PFKFB1;ALDOB;SLC4A1;ACTN3;FBP1;TRIM63;DDIT4"
"GOBP_NEGATIVE_REGULATION_OF_OLIGODENDROCYTE_DIFFERENTIATION",0.511180992313068,1,0.495860338618217,0.976268952795986,2925,12,"ID4;HES5;ID2;HES1"
"GOBP_NEGATIVE_REGULATION_OF_OXIDATIVE_STRESS_INDUCED_INTRINSIC_APOPTOTIC_SIGNALING_PATHWAY",0.208711738984191,1,0.50363959711381,1.19382013852585,1240,29,"WNT1;GATA4;NME5;SIRT1;FZD1"
"GOBP_NEGATIVE_REGULATION_OF_OXIDATIVE_STRESS_INDUCED_NEURON_INTRINSIC_APOPTOTIC_SIGNALING_PATHWAY",0.0714780200761509,1,0.699225207869421,1.4047671707801,412,13,"WNT1;FZD1;FGF2;PINK1"
"GOBP_NEGATIVE_REGULATION_OF_PEPTIDYL_SERINE_PHOSPHORYLATION",0.697786504819707,1,0.467167553695089,0.837602937466328,3908,8,"NLRP2B;CNKSR3"
"GOBP_NEGATIVE_REGULATION_OF_PEPTIDYL_TYROSINE_PHOSPHORYLATION",0.442209341970678,1,0.447584240765762,1.01119055344773,2593,23,"IL2RG;GPRC5A;IL7;PARP14"
"GOBP_NEGATIVE_REGULATION_OF_PERK_MEDIATED_UNFOLDED_PROTEIN_RESPONSE",0.963768115942029,1,-0.277427907408743,-0.572335668348653,4122,12,"NCK1;PPP1R15A;PTPN1;HSPA5;ATAD3A"
"GOBP_NEGATIVE_REGULATION_OF_PHOSPHOLIPID_METABOLIC_PROCESS",0.604074889867841,1,0.547197896218086,0.923139391988769,3290,6,"PDGFA;ABCA2;PDGFB;LPCAT1"
"GOBP_NEGATIVE_REGULATION_OF_PHOSPHORUS_METABOLIC_PROCESS",0.831539675706701,1,0.282621310875721,0.857825442848807,5794,164,"IL2RG;PFKFB1;NLRP2B;ALDOB;TTC36;GPRC5A;IL7;DEPTOR;SLC4A1;CD300A;IGFBP3;PTPRC;ACTN3;SLIT2;PARP14;INHBA;PDGFA;FBP1;TRIM63;PDCD4;DDIT4;ABCA2;SRCIN1;PDGFB;SIRT1;CDKN2A;PPARA;INHA;CIB1;AMDHD2;PTK6;CEACAM1;DRD2;CNKSR3;SOCS5"
"GOBP_NEGATIVE_REGULATION_OF_POTASSIUM_ION_EXPORT_ACROSS_PLASMA_MEMBRANE",0.973210364514712,1,-0.272340532791681,-0.479466395797049,4431,6,"KCNE5;NEDD4"
"GOBP_NEGATIVE_REGULATION_OF_PRODUCTION_OF_MOLECULAR_MEDIATOR_OF_IMMUNE_RESPONSE",0.776123046875,1,-0.335017187327206,-0.822350941537402,3178,26,"TBX21;FCGR2B;TGFB3;CD96;TNFRSF14;HFE;ANGPT1;PARP3;SMAD7;FOXP3"
"GOBP_NEGATIVE_REGULATION_OF_PROSTAGLANDIN_BIOSYNTHETIC_PROCESS",0.959367945823928,1,-0.35376436290467,-0.515344995462944,4674,2,"PIBF1"
"GOBP_NEGATIVE_REGULATION_OF_PROTEIN_METABOLIC_PROCESS",1,1,0.176293827510638,0.58542974495823,8197,527,"NELL1;WNT1;IL2RG;F2;SHH;SERPINB12;NLRP2B;TM4SF20;NANOS3;HHATL;FETUB;TTC36;GPRC5A;IL7;VTN;HHEX;ANG;SPINK5;IGFBP5;DEPTOR;AZIN2;F8A1;SERPINF2;ARRB1;CD300A;DHFRP1;IGFBP3;PTPRC;EFNA1;CPEB3;SLIT2;PARP14;QRICH2;PRKCG;BANK1;CRB2;ECM1;NLRP7;MAGEA2;TNRC6C;GRIN2C;PDCD4;PARP10;AQP11;SERPINB1;SMAD4;EIF2AK4;EIF2AK3;EPHA4;SRCIN1;SENP2;DTX3L;ABCA7;SIRT1;CAPRIN2;CDKN2A;FXYD1;PTPN3;AGAP2;JAK3;CLU;CBX4;HELZ;TNFAIP3;CIB1;RPL13A;AGO2;FRY;PTK6;CEACAM1;FHIT;PRKCA;SLC2A10;EIF4EBP3;UFSP2;WT1;USP8;ZAR1;SORL1;CNKSR3;SOCS5;SPOPL;GIGYF2;NOP53;CRTAP;ALAD;CAMLG;FMN2;SPOCK3;CDK5RAP3;SPON1;FLCN"
"GOBP_NEGATIVE_REGULATION_OF_PROTEIN_SERINE_THREONINE_KINASE_ACTIVITY",0.99983181971073,1,0.144645340751043,0.342865258653418,5944,29,"CD300A;PDCD4;CDKN2A;CDK5RAP3;INCA1;LATS2;RASIP1;AGT"
"GOBP_NEGATIVE_REGULATION_OF_PROTEIN_TARGETING_TO_MITOCHONDRION",0.874082232011747,1,0.394711166472603,0.665889669435928,4761,6,"SIAH3;LMAN1"
"GOBP_NEGATIVE_REGULATION_OF_PROTEIN_TYROSINE_KINASE_ACTIVITY",0.724318658280922,1,0.413667161597306,0.814443856881303,4145,12,"GPRC5A;SRCIN1;PTK6;SOCS5;SOCS4;TSG101"
"GOBP_NEGATIVE_REGULATION_OF_REACTIVE_OXYGEN_SPECIES_METABOLIC_PROCESS",0.546427682350012,1,-0.356232423092943,-0.943424894113731,2194,37,"ADCY10;PAX2;PAGE4;PLIN5;PRKN;TIGAR;CA3;SIRT5"
"GOBP_NEGATIVE_REGULATION_OF_RELEASE_OF_CYTOCHROME_C_FROM_MITOCHONDRIA",0.606405693950178,1,-0.390586547541158,-0.89961505020282,2555,19,"FXN;PRKN;PPIF;PSMD10;HGF;BAK1;OPA1"
"GOBP_NEGATIVE_REGULATION_OF_RELEASE_OF_SEQUESTERED_CALCIUM_ION_INTO_CYTOSOL",0.408039647577092,1,0.646672753030586,1.09095648242485,2222,6,"TGFB1;GSTO1;FKBP1B;NTSR1"
"GOBP_NEGATIVE_REGULATION_OF_RESPIRATORY_BURST",0.245379688929552,1,0.746118697365032,1.21913060423958,1340,5,"SLAMF8;RPS19"
"GOBP_NEGATIVE_REGULATION_OF_RESPIRATORY_BURST_INVOLVED_IN_INFLAMMATORY_RESPONSE",0.320186046511628,1,0.746338295508483,1.16759747848609,1720,4,"SLAMF8;RPS19"
"GOBP_NEGATIVE_REGULATION_OF_RESPONSE_TO_CYTOKINE_STIMULUS",0.75185873605948,1,0.308284445779597,0.863908577751429,4853,82,"ARG1;NLRP2B;PYDC1;TREX1;IL1A;PTPRC;SLIT2;KLF4;PARP14;F2RL1;ECM1;APOA1;SAMHD1;NAIP;IL6ST;NLRC5;GAS6;IL1RAP;IL1R1"
"GOBP_NEGATIVE_REGULATION_OF_RESPONSE_TO_OXIDATIVE_STRESS",0.57116493656286,1,-0.465855570046401,-0.921226046353758,2475,10,"NCOA7;MACROH2A1;OXR1;GGT7"
"GOBP_NEGATIVE_REGULATION_OF_RESPONSE_TO_TYPE_II_INTERFERON",0.282971014492754,1,0.680624403073768,1.18464225396922,1561,7,"ARG1;PARP14;PTPN2;PPARG"
"GOBP_NEGATIVE_REGULATION_OF_SMALL_MOLECULE_METABOLIC_PROCESS",0.830263358197595,1,0.290878638688386,0.839611449685985,5453,103,"GFI1;PFKFB1;CYP7A1;SERPINA12;ALDOB;WNT4;PROX1;BMP5;C1QTNF3;SLC4A1;ACTN3;SOX9;FBP1;ATP2B4;DKKL1;TRIM63;ACMSD;DDIT4;MST1;DGAT2;INSIG2;SIRT1;SNAI2;CH25H;PPARA;AMDHD2;CEACAM1;MTCL2;UBR4;ACACB;ERFE;FLCN;FMO4;GIT1;LEPR;ACADVL"
"GOBP_NEGATIVE_REGULATION_OF_SPHINGOLIPID_BIOSYNTHETIC_PROCESS",0.578928046989721,1,0.562913533969799,0.949652147938859,3153,6,"SPHK1;ABCA2;ORMDL2;ORMDL3"
"GOBP_NEGATIVE_REGULATION_OF_STEROID_METABOLIC_PROCESS",0.187141410732366,1,0.522630701661632,1.22072572996381,1108,27,"GFI1;WNT4;PROX1;BMP5;DKKL1;ABCA2;INSIG2;SNAI2;CH25H"
"GOBP_NEGATIVE_REGULATION_OF_SUPRAMOLECULAR_FIBER_ORGANIZATION",1,1,-0.204999710427984,-0.669756657204823,3077,157,"MYOC;DNAI3;CAV3;DMTN;GAS2L2;MAP2;SHANK1;SPTBN5;BBOF1;OAZ3;VIL1;APC2;KANK4;TREM2;PRKN;SNCA;MAP6D1;FGF13;ARHGAP6;SPTBN4"
"GOBP_NEGATIVE_REGULATION_OF_SYNAPSE_ASSEMBLY",0.463913887418387,1,0.542538977786133,1.02236970066823,2628,10,"WNT5A;DKK1;SLIT1;ROBO2;EPHA7;CLSTN3"
"GOBP_NEGATIVE_REGULATION_OF_SYNAPSE_ORGANIZATION",0.195821101709549,1,0.602653145138513,1.24920364583197,1133,15,"NEUROD2;NFATC4;WNT5A;DKK1;SLIT1;ROBO2;EPHA7;CLSTN3;ARHGEF15"
"GOBP_NEGATIVE_REGULATION_OF_SYNAPTIC_TRANSMISSION",0.191500664010624,1,-0.407196434093234,-1.15885408917977,720,59,"SLC6A4;SORCS2;DRD1;BCHE;GABRG2;SORCS3;NPY5R;GABRB1;GABRA4;ARC;IQSEC2;PRKN;GRIK2;GRIA1;ADORA1;PCDH17;DRD3;ACHE;SRF"
"GOBP_NEGATIVE_REGULATION_OF_SYNAPTIC_TRANSMISSION_GABAERGIC",0.351136363636364,1,-0.598617435664851,-1.11877882938879,1544,8,"GABRG2;NPY5R;GABRB1;GABRA4;ADORA1"
"GOBP_NEGATIVE_REGULATION_OF_SYNAPTIC_TRANSMISSION_GLUTAMATERGIC",0.81653687585891,1,-0.381092992114472,-0.733975223310874,3564,9,"PRKN;GRIK2;ADORA1;DRD3"
"GOBP_NEGATIVE_REGULATION_OF_SYNAPTIC_VESICLE_EXOCYTOSIS",0.969210174029451,1,-0.272710504256887,-0.494800519450064,4343,7,"SYT4;CDK5;RAP1B;BRAF;RAP1A;FMR1"
"GOBP_NEGATIVE_REGULATION_OF_T_CELL_CYTOKINE_PRODUCTION",0.725454545454545,1,-0.430829663667537,-0.805193898584997,3191,8,"TBX21;TNFRSF14;HFE;SMAD7;FOXP3"
"GOBP_NEGATIVE_REGULATION_OF_T_CELL_MEDIATED_IMMUNE_RESPONSE_TO_TUMOR_CELL",0.601749375223135,1,0.509842714347172,0.914116898327492,3370,8,"CD274;AHR;LAG3"
"GOBP_NEGATIVE_REGULATION_OF_T_HELPER_1_TYPE_IMMUNE_RESPONSE",0.196780893042575,1,0.618937775417031,1.24346699443348,1136,13,"IL1RL1;EBI3;XCL1;ASCL2;IL6ST;IL18;JAK3;TNFSF4;IL27RA;IL12A;IL12RB2"
"GOBP_NEGATIVE_REGULATION_OF_T_HELPER_17_TYPE_IMMUNE_RESPONSE",0.863290701693744,1,0.346455645872044,0.708878762899031,4994,14,"CD69;ASCL2;JAK3;LGALS1;IL27RA"
"GOBP_NEGATIVE_REGULATION_OF_TRANSMEMBRANE_RECEPTOR_PROTEIN_SERINE_THREONINE_KINASE_SIGNALING_PATHWAY",0.998981225440256,1,0.224966573236584,0.677497248106141,6863,151,"WFIKKN2;WNT1;NKX2-1;SKOR2;DAND5;CHRD;PRDM16;ONECUT2;NOG;VWC2;ONECUT1;FST;HJV;INHBA;MECOM;BMPER;LDLRAD4;WNT5A;DKK1;CER1;EMILIN1;TMEM53;SIRT1;ING2;SNX25;SAP30L;PPARA;INHA;FZD1;SLC2A10;MAGI2;SORL1;GDF3;PBLD;CHST11;ERFE"
"GOBP_NEGATIVE_REGULATION_OF_TRANSMISSION_OF_NERVE_IMPULSE",0.484573159189854,1,0.700167778719183,1.04225112656481,2559,3,"MTNR1B;AVPR1A"
"GOBP_NEGATIVE_REGULATION_OF_TRIGLYCERIDE_METABOLIC_PROCESS",0.300607760635811,1,-0.549315696767292,-1.13324203531013,1285,12,"PLIN1;PLIN5"
"GOBP_NEGATIVE_REGULATION_OF_TRNA_METABOLIC_PROCESS",0.99231473010064,1,0.255172147599197,0.416941936432298,5422,5,"TRDMT1;METTL1;ANGEL2;RNH1;NSUN2"
"GOBP_NEGATIVE_REGULATION_OF_TUMOR_NECROSIS_FACTOR_MEDIATED_SIGNALING_PATHWAY",0.956125548430645,1,0.278859359690688,0.651340983859857,5665,27,"NLRP2B;PYDC1;F2RL1;APOA1;NAIP;GAS6"
"GOBP_NEGATIVE_REGULATION_OF_TUMOR_NECROSIS_FACTOR_SUPERFAMILY_CYTOKINE_PRODUCTION",0.751046025104602,1,-0.309853508811249,-0.861183273934359,2871,51,"TLR4;CD33;CIDEA;LBP;C5AR2;GHRL;VSIR"
"GOBP_NEGATIVE_REGULATION_OF_TYPE_2_IMMUNE_RESPONSE",0.918887330528284,1,-0.315316606505676,-0.650500313438069,3930,12,"TBX21;HLX"
"GOBP_NEGATIVE_REGULATION_OF_TYPE_I_INTERFERON_MEDIATED_SIGNALING_PATHWAY",0.909293935749871,1,0.313345819172571,0.687912607909362,5292,20,"TREX1;SAMHD1;NLRC5;GIGYF2;PTPN2;CNOT7;STAT2"
"GOBP_NEGATIVE_REGULATION_OF_TYPE_I_INTERFERON_PRODUCTION",0.81280285641418,1,-0.301170717652574,-0.820156779838527,3186,44,"IRGM"
"GOBP_NEGATIVE_REGULATION_OF_TYPE_II_INTERFERON_PRODUCTION",0.437684729064039,1,-0.403439365665928,-1.00488254697902,1776,28,"IRGM;TLR4;PGLYRP1;VSIR;CD96;GATA3"
"GOBP_NEGATIVE_REGULATION_OF_TYROSINE_PHOSPHORYLATION_OF_STAT_PROTEIN",0.302129221732746,1,0.696350167492604,1.17476378230482,1645,6,"IL2RG;IL7;PARP14"
"GOBP_NEGATIVE_REGULATION_OF_VITAMIN_METABOLIC_PROCESS",0.211270190895742,1,0.735930983582385,1.24153781552402,1150,6,"GFI1;SNAI2"
"GOBP_NEGATIVE_REGULATION_OF_VOLTAGE_GATED_CALCIUM_CHANNEL_ACTIVITY",0.146376811594203,1,0.744818586506418,1.29637369029436,807,7,"CACNA1F;CRHR1"
"GOBP_NEUROBLAST_DIVISION",0.998788508134303,1,0.191423271738705,0.384575848861658,5770,13,"LEF1;FGFR2;FGFR1;ARHGEF2"
"GOBP_NEUROBLAST_PROLIFERATION",0.264535817539351,1,0.417955047157046,1.11652540940034,1646,58,"DMRTA2;KCNA1;SHH;ASCL1;ID4;SIX3;NEUROD4;FOXG1;PAX6;LEF1;CX3CR1;SOX10;TGFB1"
"GOBP_NEUROENDOCRINE_CELL_DIFFERENTIATION",0.844570617459191,1,0.387497017972511,0.71272118751728,4759,9,"ASCL1;WNT4;HES1"
"GOBP_NEUROEPITHELIAL_CELL_DIFFERENTIATION",0.886915731278271,1,0.305146239328441,0.739132859960539,5293,33,"MSX1;ASCL1;WNT4;LEF1;HES1;BMP4;TGFB1"
"GOBP_NEUROFIBRILLARY_TANGLE_ASSEMBLY",0.960728311317387,1,0.299864890947694,0.537639464714924,5381,8,"CLU;SORL1;DYRK1A;APOE;MARK2;MAPT;PPP2CB;HSP90AA1"
"GOBP_NEUROFILAMENT_CYTOSKELETON_ORGANIZATION",0.999769319492503,1,-0.168088638381655,-0.332394076039264,4333,10,"ARHGEF28;NDEL1;SOD1;VPS54;ATP8A2;CLN8;ATF2;INA;NEFH;NEFL"
"GOBP_NEUROGENESIS",0.989522700814901,1,0.251161184352256,0.871780768151005,9349,1723,"WNT1;GATA2;FGF10;GFI1;BTG4;BARHL2;LHX5;CHL1;MYT1L;SHOX2;TBR1;WNT7B;EVX1;NKX2-5;VXN;F2;TAL1;PRDM6;SAMD11;LHX3;TLX3;OPALIN;RHOXF2;DMRTA2;EMX2;OLIG3;FGF17;OSTN;GPR17;POU4F2;AGBL4;OMG;PHOX2B;BHLHE22;LMX1A;KCNA1;LHX9;RHO;NEUROD2;CNGB1;CABP4;C1QA;IL1RAPL1;SHH;IRX1;EN1;MNX1;FGF7;PRRX1;EOMES;S100B;SOX14;EN2;ARX;DMRT3;NKX2-1;UNCX;TLX2;DIO3;WNT8A;LMX1B;FAM151B;NEUROG3;CSMD3;EPHA10;SKOR2;AZU1;GDF7;VCAM1;FOXP2;IRX5;FOXA2;CNTN6;POTEE;TTC36;WNT8B;LST1;NDP;ISLR2;ASCL1;LTK;IRX3;VTN;BOC;HOXB3;GPR37L1;WNT4;FEZF2;PAX7;SPINK5;GFAP;PROX1;BMP5;NTN1;MMD2;DSCAML1;SOX21;WNT9B;ID4;TANC2;STRC;FAIM2;NTN4;RIT2;KIAA1755;GLDN;SNAP25;SIX3;CNTN4;POU4F3;SCN11A;PTCH1;NPTX1;FZD10;TFAP2C;NEUROD4;FGF4;TULP1;PPFIA2;FLRT3;GBX2;EFNA5;EPHB3;CCR2;CD38;BHLHE41;FOXG1;PAX6;C5AR1;GDNF;ONECUT2;COL3A1;NOG;LEF1;DHFRP1;SPAG6;EGR2;NPY;CDKL3;GABRB2;ALDH1A2;KAT2B;ISL1;WNT2B;VWC2;DUSP15;EFNA1;ZEB2;NRG3;HES5;ARSG;RHOXF1;CPEB3;TBX6;FOXN4;CX3CR1;NEU4;SLIT2;ID2;HES1;NFATC4;BCL6;SLC44A4;LRRC4C;KLF4;PRPH2;DLL1;CDK5R2;CDH11;SLITRK3;FGF11;ATP1B2;SEMA3E;CTF1;GAS7;FILIP1;INHBA;SLITRK1;NRXN3;HES3;GRM7;NTN5;OPCML;LONRF2;SOX9;SOX1;ARHGEF25;NEFL;FSTL4;ERBB4;FGF23;GRM5;LHX6;FOXB1;IRX2;CRB2;SAMD14;SEMA3B;ADGRG6;NRP1;CXCR4;SOX10;CHRNA3;PCDHAC2;PRDM1;INPP5F;PLPP3;RAB6B;JAG1;COBL;BHLHE40;NGF;NRCAM;ADGRG1;MYLIP;BMP4;GRIP1;DCLK2;SLC8A3;STMN2;ZEB1;SEMA4A;FGF14;RNF112;PJVK;RET;PDZD7;TTYH1;NEXMIF;SDCCAG8;TRAPPC9;RUNX2;SNX32;B2M;TGFB1;PHOX2A;SEMA3D;ITSN2;CLMN;SMIM45;BMP6;ASCL2;BMP7;NDNF;PLAG1;BNIP3;WNT5A;BCL11B;DKK1;DDIT4;MYRF;SRRM4;GPR37;TNXB;SMAD4;CYB5D2;FN1;FA2H;AGER;NGEF;SCRT1;UNC5A;KIRREL3;FAT3;RAB37;TNN;CDK6;PRAG1;KEL;PLXNA3;EIF2AK4;BBS1;CAMK2A;ADCY1;WHRN;KIAA0319L;HECW2;ABI3;ABCA2;SLIT1;RPGRIP1;NDRG4;NR5A2;PSD;MCOLN3;POTEF;RTN4RL1;CPNE9;EPHA4;DSCAM;ANO1;SRCIN1;SALL1;SLC4A10;ULK2;MMP24;FEZ1;EFNB1;IL6ST;NAV3;NIN;FLRT1;NFIB;SEMA4F;ERCC6;CRABP2;HMCN2;SEMA5B;ALX1;CAPRIN2;ALCAM;LGI1;SDK2;FGFR2;FGFR1;HCN1;BMPR1B;FOXD1;IGSF10;ERBB3;ROBO2;ZFHX3;GAS6;CTDSP1;BEND6;NTRK1;PBX4;DMD;IRX4;ROBO3"
"GOBP_NEUROINFLAMMATORY_RESPONSE",0.363262725260828,1,0.383211818952114,1.04917078867273,2297,69,"CCR1;C1QA;AZU1;ITGAM;SPHK1;ITGB2;C5AR1;PTPRC;ZEB2;CX3CR1;TLR6;PTGS2;AGER;ADCY1;ADCY8;IL18;CLU;IL1RAP;CX3CL1;IL1R1;VPS13A"
"GOBP_NEUROMUSCULAR_JUNCTION_DEVELOPMENT",0.971534982708167,1,-0.25257221601148,-0.727357354432735,3651,63,"RAPSN;CACNG2;DOK7;KCNJ8;TNC;PPFIBP1;SPTBN4;LRRK2;AGRN;SIX1;NEDD4;ERBB2;FZD9;DCTN1;ETV5;LIN7A"
"GOBP_NEUROMUSCULAR_PROCESS",0.999008779382611,1,0.228437754107639,0.69868847860288,7054,175,"REM1;POU4F2;KCNA1;HMX3;CHRNG;MYH8;ASCL1;TCAP;MYH7;POU4F3;JSRP1;MYH3;ACTN3;TNNI2;TNNI3;LONRF2;NEFL;KBTBD13;COMP;ITPR1;SLC8A3;TNNI1;TTN;GRIN2C;CASQ1;GSTO1;MYH14;DMD;NPAS1;VPS13A;RCSD1;BORCS7;ADCY5;PRRT2;DRD2;BACE1;ELP6;MB;ATP2A1;NPR2;PRKD1;ROGDI;GIGYF2;POU4F1;C12orf57"
"GOBP_NEUROMUSCULAR_PROCESS_CONTROLLING_BALANCE",0.998381353188734,1,0.212104881639313,0.554341552275366,6167,51,"POU4F2;HMX3;POU4F3;NEFL;GRIN2C"
"GOBP_NEUROMUSCULAR_PROCESS_CONTROLLING_POSTURE",0.14989344068198,1,-0.56440689879318,-1.28602094589073,632,18,"SCN1A;FXN;GBX1;TCF15"
"GOBP_NEUROMUSCULAR_SYNAPTIC_TRANSMISSION",0.864898674005504,1,-0.298464136568306,-0.781216825952118,3456,35,"RAPSN;CHRNA2"
"GOBP_NEURON_APOPTOTIC_PROCESS",0.999866808737347,1,0.221981926027025,0.708019521098433,7506,285,"WNT1;CHL1;MTNR1B;TFAP2B;CASP1;EN1;EN2;TFAP2A;NDP;CASP4;ASCL1;PCDHGC5;FAIM2;POU4F3;CNTFR;GDNF;EGR1;LCN2;ISL1;ARSG;CX3CR1;NFATC4;SCN2A;SEMA3E;FAS;PCDHGC3;LONRF2;PRKCG;NEFL;FOXB1;NRP1;NGF;TGFB1;NDNF;ADAM8;BNIP3;DKK1;PRODH;CASP8;NAIP;CITED1;EPHA4;IL6ST;SIRT1;ERBB3;NTRK1;CCL2;AGAP2;CLU;EPHA7;CX3CL1;FZD1;SLC25A27;CFLAR;BACE1;ELP6;BBS10"
"GOBP_NEURON_CELL_CELL_ADHESION",0.394012804983561,1,0.49056990097033,1.05347762521443,2276,18,"NLGN4Y;CNTN4;ITGB2;NRXN3;ICAM5;RET;NRXN2"
"GOBP_NEURON_CELLULAR_HOMEOSTASIS",0.50615085788281,1,0.370347736624685,0.967913315410205,3126,51,"ATP6V1B1;P2RX1;SLC6A2;CACNB4;ATP2B3;NPY"
"GOBP_NEURON_DEVELOPMENT",0.998123413180263,1,0.243268795386512,0.835272832901856,9041,1160,"GATA2;GFI1;BARHL2;CHL1;MYT1L;SHOX2;TBR1;WNT7B;EVX1;SAMD11;LHX3;RHOXF2;OLIG3;OSTN;POU4F2;AGBL4;OMG;PHOX2B;BHLHE22;LMX1A;LHX9;NEUROD2;CNGB1;CABP4;C1QA;IL1RAPL1;SHH;EN1;MNX1;PRRX1;S100B;EN2;ARX;NKX2-1;TLX2;DIO3;FAM151B;NEUROG3;CSMD3;EPHA10;SKOR2;GDF7;IRX5;CNTN6;POTEE;TTC36;LST1;NDP;ISLR2;ASCL1;LTK;BOC;FEZF2;GFAP;BMP5;NTN1;DSCAML1;TANC2;STRC;NTN4;RIT2;KIAA1755;GLDN;SNAP25;CNTN4;POU4F3;SCN11A;PTCH1;NPTX1;NEUROD4;TULP1;PPFIA2;FLRT3;GBX2;EFNA5;EPHB3;CD38;FOXG1;PAX6;GDNF;ONECUT2;NOG;DHFRP1;SPAG6;EGR2;NPY;CDKL3;GABRB2;KAT2B;ISL1;EFNA1;ZEB2;HES5;RHOXF1;CPEB3;TBX6;NEU4;SLIT2;ID2;HES1;NFATC4;SLC44A4;LRRC4C;KLF4;PRPH2;CDK5R2;CDH11;SLITRK3;ATP1B2;SEMA3E;CTF1;GAS7;SLITRK1;NRXN3;GRM7;OPCML;LONRF2;SOX1;ARHGEF25;NEFL;FSTL4;GRM5;LHX6;FOXB1;CRB2;SAMD14;SEMA3B;NRP1;CHRNA3;PCDHAC2;PRDM1;INPP5F;RAB6B;COBL;NGF;NRCAM;MYLIP;GRIP1;DCLK2;STMN2;SEMA4A;PJVK;RET;PDZD7;SNX32;B2M;PHOX2A;SEMA3D;ITSN2;CLMN;SMIM45;BMP7;NDNF;WNT5A;BCL11B;DKK1;SRRM4;GPR37;TNXB;SMAD4;FN1;AGER;NGEF;UNC5A;KIRREL3;FAT3;RAB37;TNN;PRAG1;KEL;PLXNA3;EIF2AK4;BBS1;CAMK2A;ADCY1;WHRN;HECW2;ABI3;SLIT1;RPGRIP1;NDRG4;PSD;POTEF;RTN4RL1;CPNE9;EPHA4;DSCAM;SRCIN1;SLC4A10;ULK2;FEZ1;EFNB1;NIN;FLRT1;NFIB;SEMA4F;ERCC6;CRABP2;HMCN2;SEMA5B;ALX1;CAPRIN2;ALCAM;LGI1;FGFR2;FGFR1;HCN1;BMPR1B;FOXD1;ROBO2;NTRK1;PBX4;DMD;ROBO3;LRRC7;CDNF;LAMA2;RGMA;STMND1;RNF157;CXCL12;EPHA7;TENM3;CLSTN3;SZT2;CX3CL1;BLOC1S2;CSPG5;PRKCQ;CIB1;FZD1;VPS13A;CAPS2;BORCS7;RP1L1;GPM6A;GFRA1;NR2F1;LGR6;CELSR1;LAMB1;WNT3;FRY;PTK6;RETREG3;CFLAR;CDH1;ROBO1;PRKCA;CACNG7;DRD2;OTX2;GALR2;MAGI2;EPHB6;PTPN9;KIFC2;TRIOBP;DCDC2;CDKL5;UGT8;FBXO38;TAOK3;NTN3;PREX2;PBX3;GOLGA4"
"GOBP_NEURON_FATE_COMMITMENT",0.00402382102044101,1,0.59854090533747,1.59320052466928,24,57,"WNT1;GATA2;MYT1L;TBR1;LHX3;TLX3;DMRTA2;OLIG3;SHH;MNX1;PRRX1;DMRT3;NKX2-1;ASCL1;FEZF2;PAX7;TFAP2C;FOXG1;PAX6;ISL1;FOXN4;ID2;DLL1;SOX1"
"GOBP_NEURON_FATE_DETERMINATION",0.0293685756240822,1,0.856998070462187,1.4457816507882,159,6,"WNT1;PRRX1;FEZF2;FOXG1"
"GOBP_NEURON_FATE_SPECIFICATION",0.0716220792414494,1,0.59908673941382,1.38921682818993,422,26,"MYT1L;LHX3;TLX3;DMRTA2;OLIG3;MNX1;DMRT3;ASCL1;ISL1;DLL1;SOX1"
"GOBP_NEURON_GLIAL_CELL_SIGNALING",0.828545288197621,1,0.433610540735445,0.708503730570401,4527,5,"ADRA1B;ADRA1D"
"GOBP_NEURON_INTRINSIC_APOPTOTIC_SIGNALING_PATHWAY_IN_RESPONSE_TO_OXIDATIVE_STRESS",0.7387957577831,1,0.364889975206123,0.815875378521994,4318,22,"WNT1;PRODH"
"GOBP_NEURON_MATURATION",0.996289724149056,1,0.225832194836813,0.592776853957107,6175,52,"C1QA;IRX5;NTN4;GLDN;TBX6;NGF;NRCAM;RET;SMIM45;SRRM4;NDRG4"
"GOBP_NEURON_MIGRATION",0.121220683808986,1,0.380104442258801,1.16920215764246,857,188,"GATA2;BARHL2;CHL1;EVX1;TLX3;OLIG3;PHOX2B;EOMES;SOX14;ARX;NKX2-1;ASCL1;FEZF2;NTN1;NEUROD4;FOXG1;PAX6;COL3A1;NRG3;CDK5R2;SEMA3E;FILIP1;SOX1;ERBB4;LHX6;NRP1;NRCAM;ADGRG1;NEXMIF;SDCCAG8;NDNF;DDIT4;SCRT1;KIRREL3;FAT3;TNN;PLXNA3;BBS1;CAMK2A;KIAA0319L;ABI3"
"GOBP_NEURON_NEURON_SYNAPTIC_TRANSMISSION",0.963048911103177,1,0.295293021506434,0.529442381583994,5394,8,"DLGAP2;DRD2;TMOD2;KIF1B"
"GOBP_NEURON_PROJECTION_ARBORIZATION",1,1,-0.174897596413942,-0.457786810529865,3996,35,"LRP2;MFSD2A;MAP3K13;LRRK2;NTNG2;SSNA1;SEMA3A;TAOK2;CC2D1A;MYO9A;IGF2BP1;TUBA1A;PTN;CHRNA7;DVL1;MACF1;MOV10;PAK6;DVL2;ROCK1;PHACTR1;DVL3;BCL7A;FZD4;SULT4A1;TPBG;DLG4;ZNF365;NLGN1;NTNG1;SPRY3;VPS13A;WNT5A;GRIP1;NRP1"
"GOBP_NEURON_PROJECTION_EXTENSION",0.998997278326887,1,0.227557520386913,0.691402018514393,6973,165,"BARHL2;OSTN;POU4F2;S100B;ISLR2;NTN1;POU4F3;FLRT3;SPAG6;CDKL3;SLIT2;SLITRK1;NRP1;NGF;NRCAM;SNX32;ITSN2;WNT5A;FN1;TNN;PLXNA3;EIF2AK4;SLIT1;CPNE9;DSCAM;ULK2;FLRT1;SEMA4F;SEMA5B;ALCAM;RNF157;CXCL12;CLSTN3;WNT3;CDH1;CACNG7;CDKL5;GOLGA4;LAMB2;RIMS2;PRICKLE1;NTRK3;DCLK1;PRKCZ"
"GOBP_NEURON_PROJECTION_EXTENSION_INVOLVED_IN_NEURON_PROJECTION_GUIDANCE",0.660883009792132,1,0.393896729567696,0.864752327634063,3846,20,"SLIT2;NRP1;WNT5A;PLXNA3;SLIT1;DSCAM;ALCAM;CXCL12;WNT3;MEGF8;BMPR2;VEGFA"
"GOBP_NEURON_PROJECTION_GUIDANCE",0.0575628520401154,1,0.388979957009013,1.22235248619333,418,238,"CHL1;TBR1;WNT7B;EVX1;LHX3;POU4F2;LMX1A;LHX9;SHH;ARX;NKX2-1;EPHA10;GDF7;CNTN6;NDP;BOC;FEZF2;NTN1;DSCAML1;NTN4;KIAA1755;CNTN4;POU4F3;PTCH1;FLRT3;GBX2;EFNA5;EPHB3;FOXG1;PAX6;GDNF;NOG;EGR2;ISL1;EFNA1;SLIT2;CDK5R2;SEMA3E;NRXN3;ARHGEF25;SEMA3B;NRP1;PCDHAC2;NRCAM;SEMA4A;RET;SEMA3D;BMP7;WNT5A;BCL11B;SMAD4;UNC5A;PLXNA3;SLIT1;EPHA4;DSCAM;ULK2;FEZ1;EFNB1;NFIB;SEMA4F;HMCN2;SEMA5B;ALCAM;LGI1;BMPR1B;FOXD1;ROBO2;NTRK1;ROBO3;LAMA2"
"GOBP_NEURON_PROJECTION_MAINTENANCE",0.325385694249649,1,-0.538767238697218,-1.11148049424538,1391,12,"ADCY10"
"GOBP_NEURON_PROJECTION_ORGANIZATION",0.994817160955946,1,-0.229744834646211,-0.703558240870197,3454,95,"ADCY10;FCGR2B;ARMCX5-GPRASP2;RELN;SHANK1;DOCK10;ARC;TREM2;ITPKA;ZDHHC15;TANC1"
"GOBP_NEURON_PROJECTION_REGENERATION",0.725947521865889,1,0.326756427494922,0.859324147952969,4481,53,"OMG;PRRX1;GFAP;DHFRP1;ISL1;KLF4;NEFL;INPP5F;RTN4RL1;EPHA4;CSPG5;LAMB2;RTN4RL2;NTRK3;KREMEN1;LRIG2;FIGNL2"
"GOBP_NEURON_RECOGNITION",0.713474025974026,1,0.331978541368339,0.864614648149133,4394,50,"CNTN6;FEZF2;DSCAML1;CNTN4;EFNA5;EPHB3;FOXG1;OPCML;NRP1;NRCAM;TNN;EPHA4;DSCAM;ROBO2;ROBO3"
"GOBP_NEURON_REMODELING",0.73470445903906,1,0.394157693306063,0.806481352943898,4250,14,"C1QA;NTN4;CX3CL1;RND1"
"GOBP_NEURONAL_ACTION_POTENTIAL",0.939128256513026,1,-0.27361015310722,-0.728033734905621,3748,38,"DRD1;SCN1A;KCNK2;GPER1;KCNA2;KCNQ3;KCNMB3;KCNMB2;UNC80;KCND2;SCN9A;GRIK2"
"GOBP_NEURONAL_DENSE_CORE_VESICLE_EXOCYTOSIS",0.955551588718315,1,0.308670958497803,0.553428206867836,5352,8,"SNAP25;STXBP3"
"GOBP_NEURONAL_ION_CHANNEL_CLUSTERING",0.587831439393939,1,-0.433905571929452,-0.910866473362684,2482,13,"MYOC"
"GOBP_NEURONAL_SIGNAL_TRANSDUCTION",0.483398786147804,1,0.565591470842998,1.01407101935251,2707,8,"KCNA1;CLU;NLGN1"
"GOBP_NEURONAL_STEM_CELL_POPULATION_MAINTENANCE",0.161438799863621,1,0.55825960497785,1.26123037298914,946,23,"PRRX1;PROX1;HES5;HES1;DLL1;JAG1;MMP24"
"GOBP_NEUROPEPTIDE_CATABOLIC_PROCESS",0.676852698993596,1,0.532580496712395,0.870217011121945,3698,5,"LNPEP;CTSH;ACE"
"GOBP_NEUROPEPTIDE_SIGNALING_PATHWAY",0.128785734503255,1,-0.389625326619705,-1.19013378338362,454,91,"OPRM1;HCRTR2;CYSLTR2;NPY4R;SORCS2;GALP;MCHR2;NMBR;NTSR2;PTGDR2;MC5R;SSTR5;SORCS3;OPRL1;TENM1;SORCS1;NPY5R;NPFFR2;QRFPR;CCKBR;NPPB;NMUR2;PTH2;UTS2R;NXPH4;TAC3;LTB4R2;OPRK1;MCHR1;KISS1R;TAC1;CMKLR2"
"GOBP_NEUROTRANSMITTER_GATED_ION_CHANNEL_CLUSTERING",0.950177935943061,1,-0.279827649718559,-0.644510587306319,4004,19,"RELN;SHISA7;FRRS1L;CHRDL1;SLC7A11"
"GOBP_NEUROTRANSMITTER_LOADING_INTO_SYNAPTIC_VESICLE",0.276248164464024,1,0.707547378500425,1.1936538157519,1504,6,"SLC18A1;SLC32A1"
"GOBP_NEUROTRANSMITTER_RECEPTOR_LOCALIZATION_TO_POSTSYNAPTIC_SPECIALIZATION_MEMBRANE",0.627084889220812,1,-0.341038664807724,-0.903186642702006,2518,37,"RAPSN;CACNG2"
"GOBP_NEUROTRANSMITTER_RECEPTOR_TRANSPORT",0.997864768683274,1,-0.185873175252954,-0.42811076556323,4205,19,"GRIP2;AKAP5;SLC1A1;NETO1;RAB8A;AP3D1;RAB11A;SCRIB;HIP1;VPS35;STX3;ARHGAP44;NSG1;GRIPAP1;SACM1L;CLSTN1;LRRC7;CPLX1;GRIP1"
"GOBP_NEUROTRANSMITTER_RECEPTOR_TRANSPORT_ENDOSOME_TO_POSTSYNAPTIC_MEMBRANE",0.994000352920416,1,0.226156939935656,0.426173993856721,5632,10,"GRIP1;LRRC7;GRIPAP1;NSG1;ARHGAP44;VPS35"
"GOBP_NEUROTRANSMITTER_RECEPTOR_TRANSPORT_TO_PLASMA_MEMBRANE",0.992229321360732,1,0.232485576742288,0.481905441650129,5745,15,"GRIP1;CPLX1;LRRC7;CLSTN1;SACM1L;GRIPAP1;NSG1;ARHGAP44;STX3;VPS35"
"GOBP_NEUROTRANSMITTER_REUPTAKE",0.513666584585078,1,-0.373760721310097,-0.959445118287233,2085,32,"SLC22A1;SLC6A4;DRD1;SLC6A3;SLC6A11;PRKN;SNCA;GPM6B;DRD3;SLC22A2;SLC29A4;ITGB3"
"GOBP_NEUROTRANSMITTER_SECRETION",0.803685432385374,1,0.286831890313489,0.865246781883137,5538,153,"UNC13C;RPH3A;P2RX1;BGLAP;SNAP25;SLC32A1;STX11;PPFIA2;CACNB4;NPY;STX19;SV2C;PRKCG;DOC2A;CHRNA3;CADPS2;NGF;SYT12;GPR151;SNCAIP;RAP1BL;NRXN2;BAIAP3;VAMP1;PRKCB;CAMK2A;CPLX1;MYOF;SYN3;P2RX7"
"GOBP_NEUROTRANSMITTER_TRANSPORT",0.995554938185859,1,0.241433379819444,0.750689265395774,7166,209,"UNC13C;RPH3A;P2RX1;BGLAP;SLC6A5;SLC18A1;SLC22A4;GFAP;SLC6A2;SLC1A2;DRD4;SNAP25;SLC32A1;STX11;PPFIA2;CACNB4;GDNF;NPY;SLC6A1;STX19;SV2C;PRKCG;DOC2A;CHRNA3;CADPS2;NGF;SYT12;GPR151;SNCAIP;RAP1BL;NRXN2;BAIAP3;VAMP1;PRKCB;CAMK2A"
"GOBP_NEUROTRANSMITTER_UPTAKE",0.792360933094078,1,-0.30555493892991,-0.834166041714763,3090,45,"SLC22A1;SLC6A4;DRD1;SLC6A3;SLC1A7;SLC6A11;PRKN;SNCA;GPM6B;DRD3;SLC22A2;SLC29A4;ITGB3"
"GOBP_NEUROTROPHIN_PRODUCTION",0.847209515096066,1,0.420870796627977,0.687687455644649,4629,5,"NPY;FURIN;HAP1"
"GOBP_NEUROTROPHIN_SIGNALING_PATHWAY",1,1,-0.184502415458937,-0.490932010746841,3991,38,"NTRK2;BCAR1;ZFYVE27;RAPGEF1;CASP3;BDNF;WASF1;CORO1A;PPP2R5B;AKT1S1;RAP1A;SHOC2;SORT1;CYFIP2;KIDINS220;NTF4;ZDHHC17;RAPGEF2;SPRY1;PTPN11;SPRY2;CYFIP1;NTF3;RAF1;NDN;TMEM108;CD2AP;HAP1;DOCK3;AGT;SOS1;DOK5;NTRK3;MAGI2;GFRA1;NTRK1;DDIT4;NGF"
"GOBP_NEUROTROPHIN_TRK_RECEPTOR_SIGNALING_PATHWAY",0.998470948012232,1,0.193492567451278,0.444394773275321,5876,25,"NGF;DDIT4;NTRK1;DOK5;SOS1;AGT;DOCK3;HAP1;CD2AP;TMEM108;NDN"
"GOBP_NEUTRAL_LIPID_BIOSYNTHETIC_PROCESS",1,1,0.170812746986713,0.433117113497654,6077,43,"AGMO;GPAT3;GPAT2;MOGAT3;LPIN3;DGAT2;SIRT1;PLCE1;PNPLA2"
"GOBP_NEUTRAL_LIPID_CATABOLIC_PROCESS",0.74749498997996,1,0.338346023821298,0.8316548511672,4475,36,"PNPLA1;APOA5;APOA2;PNLIPRP2;ABHD6;ABHD16B;MGLL"
"GOBP_NEUTRAL_LIPID_METABOLIC_PROCESS",0.979909365558912,1,0.251721631808528,0.736769770661934,6486,117,"PNPLA1;APOA5;APOA2;SERPINA12;CETP;AGMO;SLC22A4;PNLIPRP2;GPAT3;GPAT2;MOGAT3;PLAAT3;ABHD6;ABHD16B;DGKI;TNXB;MGLL;LPIN3;DGAT2;CIDEB;INSIG2;GNB3;SIRT1"
"GOBP_NEUTROPHIL_ACTIVATION_INVOLVED_IN_IMMUNE_RESPONSE",0.459445407279029,1,0.474742916142409,1.0079252128735,2650,17,"SCNN1B;ITGAM;ITGB2;FCER1G"
"GOBP_NICOTINATE_METABOLIC_PROCESS",0.357167955024596,1,0.573066339766437,1.10541701066399,2032,11,"CD38;PARP9;PARP10;NMRK1"
"GOBP_NITROGEN_CYCLE_METABOLIC_PROCESS",0.472222222222222,1,0.510821902853043,1.00572585731153,2702,12,"ARG1;ASS1"
"GOBP_NMDA_GLUTAMATE_RECEPTOR_CLUSTERING",0.448093453824113,1,-0.627210060346265,-1.06135030884358,2032,5,"RELN"
"GOBP_NMDA_SELECTIVE_GLUTAMATE_RECEPTOR_SIGNALING_PATHWAY",0.926149040606872,1,-0.321431328649734,-0.583198615017763,4150,7,"NRXN1;MEF2C;APP;DLG4;CAPN1;DORIP1;NLGN1"
"GOBP_NON_PROTEINOGENIC_AMINO_ACID_METABOLIC_PROCESS",0.999736078120876,1,-0.209694977985446,-0.593670759499965,3787,57,"TDO2;DDO;ALDH8A1;GNMT;ENSG00000274276"
"GOBP_NORADRENERGIC_NEURON_DEVELOPMENT",0.0378774016468435,1,0.867322912368652,1.41717384909537,206,5,"PHOX2B;ASCL1"
"GOBP_NORADRENERGIC_NEURON_DIFFERENTIATION",0.0983577917540182,1,0.692452054910024,1.36332630351574,562,12,"PHOX2B;ASCL1;SLITRK1;PHOX2A"
"GOBP_NOREPINEPHRINE_METABOLIC_PROCESS",0.611466068036609,1,0.433839800049328,0.899280563455901,3540,15,"SULT1A4;KL;SLITRK1"
"GOBP_NUCLEOBASE_CONTAINING_SMALL_MOLECULE_METABOLIC_PROCESS",1,1,0.124254307516926,0.41701403857289,8452,641,"SULT1A4;NME9;CMAHP;ACSM6;ELOVL3;PFKFB1;ATP6V1B1;RPEL1;ALDOB;MYH8;ADCY4;GAPDHS;PTGDR;NUDT13;MYH7;AK8;TREX1;SLC4A1;CACNB4;SLC25A18;MYH3;DHFRP1;MLYCD;ACTN3;PARP14;ADSS1;SLC4A4;PGAM2;FBP1;ACP3;ENO4;AK5;ADCY7;PDK2;INSR;NME5;SULT2B1;AK9;TPK1;PDE2A;ACSS1;PDE4C;DPYD;TRIM63;LDHC;ACMSD;UAP1L1;TGFB1;TK2;SAMHD1;MACROD2;PDE10A;DDIT4;NMRK1;ALDH1L1;NT5E;ACOT4;ADCY1;ENO3;DGAT2;VPS9D1;ENTPD3;PDK1;ADCY8;TJP2;MACROD1;ENTPD8"
"GOBP_NUCLEOBASE_METABOLIC_PROCESS",0.512995205652284,1,-0.358922567408659,-0.961861391249228,2032,40,"GDA;QNG1;XDH;DPYS;PRPS1;CDA;TYMS;DPYSL4;DPYSL5;CRMP1;GMPS;CTPS1;GART"
"GOBP_NUCLEOSIDE_DIPHOSPHATE_METABOLIC_PROCESS",0.999702999703,1,0.2151062222646,0.637530027391447,6731,129,"PFKFB1;ALDOB;GAPDHS;TREX1;SLC4A1;ACTN3;SLC4A4;PGAM2;FBP1;ENO4;AK5;INSR;AK9;TRIM63;DDIT4;NT5E;ENO3;ENTPD3;TJP2;ENTPD8;MLXIPL;P2RX7;PKM;PPARA;ENTPD2;LIPA;AK3;DHTKD1;FLCN;MAGI3;GIT1;DHODH;CMPK1"
"GOBP_NUCLEOSIDE_METABOLIC_PROCESS",0.806829765545362,1,-0.303942496716254,-0.824043662057383,3165,43,"GDA;QNG1;XDH;GNMT"
"GOBP_NUCLEOSIDE_MONOPHOSPHATE_METABOLIC_PROCESS",0.999720357941834,1,-0.206475829219635,-0.610125653724827,3574,75,"GDA;CMPK2;XDH;DPYS;DLG2;PRPS1;CDA;PFAS;CARD11;TYMS;HDDC2;UCK2;PRPS2;AK1;PNP;AK6;GMPS;GART;IMPDH1;UPP1;UPRT;HPRT1;NT5C3A"
"GOBP_NUCLEOSIDE_TRIPHOSPHATE_METABOLIC_PROCESS",1,1,0.151424573757691,0.481360325368347,7443,271,"NME9;PFKFB1;ATP6V1B1;ALDOB;MYH8;GAPDHS;MYH7;TREX1;SLC4A1;MYH3;ACTN3;SLC4A4;PGAM2;FBP1;ENO4;AK5;INSR;NME5;TRIM63;LDHC;TGFB1;SAMHD1;DDIT4;NT5E;ENO3;VPS9D1;ENTPD3;ENTPD8;MLXIPL;P2RX7;PKM;PPARA"
"GOBP_NUCLEOTIDE_METABOLIC_PROCESS",1,1,0.131533318498951,0.433631876045472,8053,465,"SULT1A4;NME9;PFKFB1;ATP6V1B1;RPEL1;ALDOB;MYH8;ADCY4;GAPDHS;MYH7;AK8;TREX1;SLC4A1;CACNB4;SLC25A18;MYH3;ACTN3;PARP14;ADSS1;SLC4A4;PGAM2;FBP1;ACP3;ENO4;AK5;ADCY7;INSR;NME5;SULT2B1;AK9;PDE2A;PDE4C;DPYD;TRIM63;LDHC;ACMSD;TGFB1;TK2;SAMHD1;PDE10A;DDIT4;NMRK1;ALDH1L1;NT5E;ADCY1;ENO3;VPS9D1;ADCY8;TJP2"
"GOBP_NUCLEOTIDE_SUGAR_METABOLIC_PROCESS",0.581806174673931,1,0.36826426543552,0.926478439555765,3523,41,"CMAHP;UAP1L1;AMDHD2;FUOM;UGP2;MPI"
"GOBP_OLEFINIC_COMPOUND_METABOLIC_PROCESS",0.96786271450858,1,-0.249462775973005,-0.803560510304586,3101,141,"CYP2F1;ADH4;CYP19A1;PLB1;CES1;AKR1B10;BCO1;CYP2C8;CYP1A1;RDH8;RBP4;SRD5A2;AFP;ALDH8A1;LHB;ALOXE3;AKR1B15;ADM;AKR1C3;PLA2G4C"
"GOBP_OLFACTORY_BULB_INTERNEURON_DEVELOPMENT",0.527856635911994,1,0.528603193280191,0.97225701919288,2974,9,"ARX;SLIT2;WNT5A;SLIT1;ROBO2;ROBO1"
"GOBP_OLFACTORY_BULB_INTERNEURON_DIFFERENTIATION",0.329179646936656,1,0.556585922878263,1.11820000677627,1901,13,"ARX;UNCX;SLIT2;ERBB4;WNT5A;SLIT1;SALL1;ROBO2;ROBO1"
"GOBP_OLIGODENDROCYTE_DEVELOPMENT",0.603158933859822,1,0.362307849180737,0.918676928993541,3665,43,"SHH;ASCL1;ID4;HES5;ID2;SOX10;TGFB1;MYRF;FA2H;ABCA2"
"GOBP_OLIGODENDROCYTE_DIFFERENTIATION",0.847905839192907,1,0.287945847527733,0.826297326987734,5546,98,"OPALIN;GPR17;SHH;NKX2-1;ASCL1;VTN;ID4;PAX6;DUSP15;HES5;ID2;HES1;SOX9;SOX1;CXCR4;SOX10;SLC8A3;TGFB1;BNIP3;MYRF;FA2H"
"GOBP_OLIGODENDROCYTE_PROGENITOR_PROLIFERATION",0.167559125390451,1,-0.725283158060335,-1.31593934870433,750,7,"LYN;LRP2;EMX1;CDH2;SIRT2;MIOS"
"GOBP_OLIGOPEPTIDE_IMPORT_ACROSS_PLASMA_MEMBRANE",0.92087282345162,1,-0.332568388378182,-0.562764509105495,4177,5,"SLC15A2;SLC7A11;SLC15A3"
"GOBP_OLIGOSACCHARIDE_METABOLIC_PROCESS",0.999837213088068,1,0.175192641357646,0.45465648396744,6141,49,"MGAM;FUT3;NEU4;IDUA;ST8SIA6;B3GALT4;ST8SIA4;ST8SIA5;ST3GAL3;ST3GAL6;MAN2B2;MANBA"
"GOBP_ONE_CARBON_METABOLIC_PROCESS",0.927628361858191,1,-0.290897144685781,-0.70202452568198,3793,24,"GNMT;SFXN3;ALDH1L2;MTHFD2L;TYMS"
"GOBP_ORGAN_OR_TISSUE_SPECIFIC_IMMUNE_RESPONSE",0.360732113144759,1,0.425789907452516,1.0567122168822,2167,38,"H2BC19P;CLDN2;LTF;H2BC8;H2BC14;TREX1;PRDM16;H2BC3;H2BC10;XCL1;H2BC13"
"GOBP_ORGANIC_ACID_METABOLIC_PROCESS",1,1,0.225102631925357,0.763896936421393,8679,841,"GSTM1;MPO;SULT1A4;GIP;ACSM6;SP7;ELOVL3;NLRC4;GAD1;LDHAL6A;TPH2;PFKFB1;APOA5;CYP7A1;ATP6V1B1;TYRP1;CYP4A22;CASP1;ARG1;GAD2;FMO3;ADH6;PLA2G5;CYP2W1;ALDOB;LPO;GSTA1;FTCD;TTC36;CYP4F11;GAPDHS;NDP;LDHD;ASPG;ABCD2;CYP26A1;OCA2;CD36;PROX1;CYP46A1;ALOX5;CCDC92;PYCR3;PNLIPRP2;TREX1;SLC4A1;HMGCLL1;AZIN2;DPEP3;GSTO2;CD38;DHFRP1;CYP2C18;ALOX15;ABHD1;MLYCD;GLS2;ALDH1A2;KAT2B;ACTN3;SLC16A3;ASAH2;ME3;NAAA;PARP9;SLC4A4;HYKK;LGSN;PGAM2;SOX9;CYP2R1;FBP1;MGAT4A;CYP2E1;ENO4;ATP2B4;CYP26C1;PDK2;INSR;PTGR3;NPL;SULT2B1;TPK1;ACSS1;HPGD;PTGDS;DPYD;ABHD3;ABHD6;TPH1;FAAH2;CYP7B1;ARHGAP11B;AVPR1A;ADHFE1;TRIM63;GLYATL1;LDHC;ADH1B;ALOX12;ACMSD;SLC35A1;PLA2G4D;PARP10;DDIT4;PNPLA8;TNXB;PTGS2;RENBP;PRODH;FA2H;SDS;NMRK1;ALDH5A1;ALDH1L1;MGLL;ACOT4;GLYATL2;GSTO1;AKR1C2;NAIP;LPIN3;ENO3;DGAT2;NR5A2;PDK1;HSD17B8;INSIG2;CSAD;AUH;CPT1B;CRABP2;SIRT1;SCD5;UCP3;CYP27C1;FGFR1;IDO1;AIG1;MLXIPL;PPM1K"
"GOBP_ORGANOPHOSPHATE_METABOLIC_PROCESS",1,1,-0.126376601373098,-0.473850516716365,1106,1004,"ADCY10;ACOT12;CHRM5;OC90;ABCA8;FMO2;PLB1;PIK3C2G;TDO2;PLEK;GDA;HKDC1;PRKAG3;ACSL5;DGKG;GUCY2D;MYH4;PCK1;ADGRF5;PNPLA7;MYH6;LIPH;GPER1;ENPP3;PLA2G2A;CMPK2;XDH;PHEX;PDE4D;DPYS;SULT1C4;NUPR1;PLCH2;ETNPPL;CKMT2;DGKK;PLA2G3;PDK4;PUDP;PLA2G4C;GPD1;NUDT14;SULT1A3;DLG2;XYLB;SIRT4;FOXK1;SMPD3;ATPSCKMT;NPPB;PIPSL;ACOT9;SLC19A3;IER3;LCAT;SYNJ2;HMGCS1;ALOX15B;TREM2;PRKN;PGAM4;TIGAR;MTMR8;PIGH;ACSL6;PLPPR5;PI4KAP2;ITPKA;SMUG1;MVD;ACSM1;PRPS1;SNCA;ACAT2;GPD2;PLPPR4;EPHA2;GK;NNT;FPGT;CDA;PLA2G4B;SULT1A2;PCSK9;PFAS;IPPK;PLA2G4A;MFSD2A;SLC2A6;MVK;PNPLA3;CROT;TAMM41;NPPC;ALDH1L2;FABP5;SORD;CARD11;ACSS2;SULT1A1;NUDT18;ACSL4;MTHFD2L;IDI1;SLC35A3;PLCB3;CAPN2;FDFT1;MGAT1;PITPNM1;LRRK2;HMGCR;GALM;TYMS;FAM3A;PCYT1B;PCYT1A;AVPR1B;HDDC2;PLAAT1;IDH1;GARS1;ACLY;NFS1;UCK2;PLPPR2;DGKH;LDLR;INPP1;BAD;NANP;NAPRT;ACOT11;APOC1;PDE8B;MACROH2A1;PLCB2;RRM2;NDUFA8;ATP5MC3;NEIL2;FASN;PLD6;KYNU;DDHD1;PRPSAP1;PRPS2;OGG1;PMM1;INPP5D;NME7;AJUBA;HSPA8;PIK3C2B;DCTPP1;FIGNL1;AK1;FLVCR1;CSGALNACT1;PKLR;TSPO;GPCPD1;DLAT;PNP;EFR3B"
"GOBP_ORNITHINE_METABOLIC_PROCESS",0.551391254968768,1,0.6648122332839,0.989621802308212,2912,3,"AZIN2;HNF4A"
"GOBP_OUTER_MITOCHONDRIAL_MEMBRANE_ORGANIZATION",0.816176470588235,1,-0.355457739681069,-0.757310814786965,3440,14,"TOMM40;TOMM5;MTX2;MTCH2;SAMM50;TOMM70;NME3;TOMM7;TOMM6;MTCH1;MTX1;TOMM22;MTX3;TOMM20"
"GOBP_OXALOACETATE_METABOLIC_PROCESS",0.4292343387471,1,-0.509464540138706,-1.02905591213008,1849,11,"PCK1"
"GOBP_OXIDATIVE_DEMETHYLATION",0.295125164690382,1,-0.679545906581813,-1.19636773589132,1343,6,"CYP2C8;CYP2D6"
"GOBP_OXIDATIVE_PHOSPHORYLATION",1,1,0.153569127557213,0.459602988018296,6798,142,"COX4I2;NDUFA4L2;NDUFC2-KCTD14;ACTN3;COX6B2;CHCHD2"
"GOBP_OXYGEN_METABOLIC_PROCESS",0.0906971816062725,1,-0.888638539585318,-1.37891408892592,427,3,"FMO2"
"GOBP_PANTOTHENATE_METABOLIC_PROCESS",0.756446991404012,1,-0.451250578971746,-0.763595757844029,3431,5,"AASDHPPT;SLC25A16;PANK2;PANK4;SLC25A42"
"GOBP_PENTOSE_METABOLIC_PROCESS",0.937973484848485,1,-0.299698137102827,-0.62913454649207,3961,13,"XYLB;FGGY"
"GOBP_PENTOSE_PHOSPHATE_SHUNT_NON_OXIDATIVE_BRANCH",0.177496328928047,1,0.752701012289526,1.26982936088876,966,6,"RPEL1;TALDO1"
"GOBP_PEPTIDE_CROSS_LINKING",0.273781902552204,1,-0.578428800244322,-1.16835526271499,1179,11,"TGM7;LORICRIN;TGM3;F13A1;TGM1"
"GOBP_PEPTIDE_METABOLIC_PROCESS",0.98229518751006,1,0.249759264316537,0.664811021939705,6102,57,"CRYAA;SPINK5;LGALS4;NPEPPSP1;SLC1A2;ENPEP;KLK7;LNPEP;ADAMTS13;LANCL1;CPM;PCSK1"
"GOBP_PEPTIDOGLYCAN_METABOLIC_PROCESS",0.594405594405594,1,-0.601395770831059,-0.933195066923827,2804,3,"PGLYRP1"
"GOBP_PEPTIDYL_SERINE_AUTOPHOSPHORYLATION",0.251046947322019,1,-0.734461825810417,-1.2428392574369,1138,5,"TNNI3K"
"GOBP_PEPTIDYL_SERINE_MODIFICATION",0.561279826464208,1,-0.324481938330061,-0.945476679334231,2069,68,"IRGM;PCK1;TNNI3K;DMTN;TENM1;LIF;GADD45A"
"GOBP_PEPTIDYL_TYROSINE_AUTOPHOSPHORYLATION",0.50843288826423,1,0.509537422062684,0.982872827860608,2893,11,"LTK;PDGFA;SRMS;NTRK1;PDGFRA"
"GOBP_PEPTIDYL_TYROSINE_DEPHOSPHORYLATION",0.368458441865972,1,-0.465785918211965,-1.06130957719039,1555,18,"TNS2;EPM2A;DUSP6;PTPRJ;DUSP5;DUSP7;DUSP18"
"GOBP_PEPTIDYL_TYROSINE_MODIFICATION",0.523867069486405,1,0.331437190984718,0.970091054297597,3467,117,"ZAP70;FGF10;IL2RG;IFNL4;FGF7;CD80;BTK;GPRC5A;IL7;LTK;HCK;ITGB2;PKDCC;HES1;PARP14;PARP9;CTF1;PDGFA;ERBB4;BANK1;SRMS;IL15;ABI3;SRCIN1;IL31RA;PDGFB;THBS4;IL18;FGFR2;FGFR1;NTRK1;PDGFRA;JAK3;EPHA7;KIT;FGFR3;PTK6"
"GOBP_PERIPHERAL_NERVOUS_SYSTEM_AXON_ENSHEATHMENT",0.0518300171947924,1,-0.55417354119504,-1.40147501743413,210,30,"MYOC;NTRK2;SH3TC2;NCMAP;NDRG1"
"GOBP_PERIPHERAL_NERVOUS_SYSTEM_AXON_REGENERATION",0.919631093544137,1,-0.32853285006103,-0.578395216844879,4187,6,"TNC;MAP1B;TSPO;MMP2"
"GOBP_PERIPHERAL_NERVOUS_SYSTEM_NEURON_DIFFERENTIATION",0.8835904628331,1,-0.333382950015422,-0.687771303526434,3779,12,"NTRK2;ISL2;RUNX3"
"GOBP_PERK_MEDIATED_UNFOLDED_PROTEIN_RESPONSE",0.948017408123791,1,-0.280040727987714,-0.670666574044357,3920,23,"NCK1;EIF2S1;DDIT3;PPP1R15A;ATF4;PTPN1;TMEM33;RPAP2;HSPA5;ATAD3A"
"GOBP_PHENOL_CONTAINING_COMPOUND_METABOLIC_PROCESS",0.703771013175829,1,0.307843480993857,0.891550517555612,4646,106,"SULT1A4;CGA;TPH2;TYRP1;FOXE1;DIO3;KL;ITGAM;OCA2;DRD4;ITGB2;NPY;ZEB2;HPN;DUOX1;SLITRK1;CYP2E1;POMC;TPH1;SLC26A7;SNCAIP;WNT5A;GPR37"
"GOBP_PHENYLPROPANOID_METABOLIC_PROCESS",0.444787304386158,1,-0.629840387779624,-1.06580128788593,2017,5,"CYP1A1;CYP2D6"
"GOBP_PHOSPHATIDIC_ACID_METABOLIC_PROCESS",0.632561613144137,1,-0.339929230485003,-0.900248482415101,2540,37,"DGKG;LIPH;PLA2G2A;DGKK;PLA2G3"
"GOBP_PHOSPHATIDYLCHOLINE_METABOLIC_PROCESS",0.998109640831758,1,-0.212841042855404,-0.616586697616285,3695,66,"OC90;PLB1;PNPLA7;PLA2G2A;PLA2G3;PLA2G4C;LCAT;PLA2G4B;PLA2G4A;MFSD2A;FABP5;CAPN2;PCYT1B;PCYT1A;PLAAT1;LDLR;APOC1"
"GOBP_PHOSPHATIDYLETHANOLAMINE_METABOLIC_PROCESS",0.97654404319946,1,0.260594240970084,0.608678544948029,5786,27,"PLAAT5;ALOX15;NAAA;PLAAT4;PLAAT3;NAPEPLD;PLA2G4E;PNPLA8"
"GOBP_PHOSPHATIDYLGLYCEROL_METABOLIC_PROCESS",0.488823384917711,1,-0.385682690630746,-0.975370737495262,1989,30,"OC90;PLB1;PLA2G2A;PLA2G3;PLA2G4B;PLA2G4A;TAMM41"
"GOBP_PHOSPHATIDYLINOSITOL_METABOLIC_PROCESS",1,1,0.132083892660062,0.395488690644482,6810,143,"IP6K3;PIGZ;TNFAIP8L3;PDGFA;INPP5F;PIK3R3;PIK3R5;PIK3CD;PLCB1;PLA2G4D;PIGN;PLCL2;PLA2G4E;PLCB4;PIGP;PDGFB;HTR2B;PITPNM2;PLCE1;DGKE;PIGV;GALR2;HYCC2;PIGS;PLCD1;HTR2C;UVRAG;LCLAT1;PIGX;INPPL1;MTMR3;SH3YL1;PIK3R1"
"GOBP_PHOSPHATIDYLSERINE_ACYL_CHAIN_REMODELING",0.577898550724638,1,0.53979428724428,0.939524234266204,3189,7,"OSBPL5;LPCAT4;MBOAT2;OSBPL8;MBOAT1"
"GOBP_PHOSPHATIDYLSERINE_EXPOSURE_ON_APOPTOTIC_CELL_SURFACE",0.543747136967476,1,-0.488120431746087,-0.940107297448856,2373,9,"PLSCR2;XKR4;TRPC5"
"GOBP_PHOSPHATIDYLSERINE_METABOLIC_PROCESS",0.997608227696723,1,-0.190553431429344,-0.442655863221205,4170,20,"PLA2G3;PLSCR1;SERINC2;PLA2G10;ABHD12B;PTDSS1;PLA2G15;LPCAT3;OSBPL10;ABHD16A;MBOAT1;ABHD12;OSBPL8;SERINC5;MBOAT2;PTDSS2;LPCAT4;SERINC1;OSBPL5;ABHD16B"
"GOBP_PHOSPHOCREATINE_METABOLIC_PROCESS",0.932774961428257,1,-0.32374880660559,-0.547840217500472,4231,5,"CKMT2"
"GOBP_PHOSPHOLIPID_BIOSYNTHETIC_PROCESS",1,1,-0.125143077717847,-0.427310834418674,2677,243,"ABCA8;PIK3C2G;DGKG;ADGRF5;LIPH;DGKK;PLA2G4C;PIPSL;LCAT;SYNJ2;HMGCS1;PIGH;PI4KAP2;ITPKA;MVD;ACAT2;PLA2G4A;MFSD2A;MVK;PNPLA3;TAMM41;FABP5;IDI1;CAPN2;PITPNM1;HMGCR;PCYT1B;PCYT1A;IDH1;DGKH;INPP1;PLD6;INPP5D;AJUBA;PIK3C2B;FLVCR1;EFR3B;FDPS;PIK3R4;MPPE1;PGAP1;CPNE1;MTMR7;PLSCR1;GPAM;PPARD;FABP3;PIGY;INPP5K;PIGA;ETNK1;PISD;PIK3C2A;SRD5A3;GPAT4;PIP4K2C"
"GOBP_PHOSPHOLIPID_CATABOLIC_PROCESS",0.78587625526401,1,0.314564996288021,0.827262372414184,4851,53,"APOA2;PLA2G5;PNLIPRP2;SMPD1;GDPD3;INPP5F;ABHD6;ABHD16B;NAPEPLD;PLCB1;PLA2G4D;PLA2G4E;PNPLA8"
"GOBP_PHOSPHOLIPID_DEPHOSPHORYLATION",0.790468986384266,1,-0.310060669442014,-0.826810680644026,3134,39,"CHRM5;SYNJ2;MTMR8;PLPPR5;PLPPR4;SGPP2;PLPPR2;INPP5D;PIP4P2;MTMR7;INPP5K;MTMR9;PLPPR3;INPP5A"
"GOBP_PHOSPHOLIPID_EFFLUX",0.088935944944415,1,0.727962074676589,1.37178414613061,503,10,"APOA5;APOA2;ABCA3;APOA1;ABCG1;ABCA7;ABCA1"
"GOBP_PHOSPHOLIPID_HOMEOSTASIS",0.139124415988925,1,0.60550469698645,1.30029512405012,803,18,"CETP;ABCA3;APOA1;TLCD2;RCN3;TGFB1;ABCG1;ABCA1"
"GOBP_PHOSPHOLIPID_METABOLIC_PROCESS",1,1,0.153897064742762,0.498922018991805,7754,359,"APOA2;NKX2-1;CETP;PLA2G5;CYP2W1;IP6K3;GATA6;PIGZ;PLAAT5;TNFAIP8L3;PNLIPRP2;ALOX15;SMPD1;GPAT3;PROCA1;GPAT2;SLC44A4;GDPD3;NAAA;PDGFA;ABCA3;SGMS2;PLPP2;INPP5F;PLAAT4;PLPP3;PIK3R3;PIK3R5;PLAAT3;APOA1;ABHD3;ABHD6;ABHD16B;DGKI;PIK3CD;SPATA18;NAPEPLD;PLCB1;PLA2G4D;PIGN;PLCL2;PLA2G4E;PNPLA8;SERINC4;ABCA2;SLC44A3;PLCB4;GNB3;PIGP;PDGFB;HTR2B;AGPAT3;SLC44A5;PITPNM2;PLCE1;FITM1;DGKE;PIGV;ACP6;CERT1;SAMD8;PON1;OSBPL5;GALR2;HYCC2;PLAAT2;PIGS;PLCD1;HTR2C;PLPP1;PTPMT1;UVRAG;LCLAT1;PIGX;SMPDL3A;INPPL1;PLPP5;MTMR3;TMEM38B;SH3YL1;PIK3R1;TAFAZZIN;MECP2"
"GOBP_PHOSPHOLIPID_TRANSFER_TO_MEMBRANE",0.654808959156785,1,-0.486670397487273,-0.856802691220511,2981,6,"ETNPPL;ABCA4"
"GOBP_PHOSPHOLIPID_TRANSPORT",0.865881286814681,1,0.283508934126519,0.823315691913965,5732,108,"APOA5;APOA2;CETP;XKR9;PRAP1;TNFAIP8L3;SLC4A1;ATP8B4;ATG9B;GLTPD2;ABCA3;PLEKHA8P1;PRELID3A;ATP10D;APOA1;ABCB4;ATP8B3;ABCG1;ABCA7;ABCA1;P2RX7;PITPNM2;ATP11A;NPC2;CERT1;ABCG8;OSBPL5;KCNN4"
"GOBP_PHOSPHORUS_METABOLIC_PROCESS",1,1,0.136164423345623,0.472676662159057,9451,1746,"PRKY;ZAP70;FGF10;IL2RG;SULT1A4;NME9;CMAHP;ACSM6;SP7;ELOVL3;DIRAS2;PFKFB1;ATP6V1B1;APOA2;GMFG;IFNL4;NLRP2B;FGF7;RPEL1;NKX2-1;CD80;CETP;PLA2G5;CYP2W1;ALDOB;MYH8;IP6K3;GATA6;ADCY4;TTC36;BTK;GPRC5A;GAPDHS;IL7;TBX1;LTK;LTF;PIGZ;ANG;PLAAT5;MMD2;AURKC;HCK;TNFAIP8L3;LTB;WNK4;PTH1R;MYH7;DEPTOR;FAM20A;PNLIPRP2;SGK2;AK8;PIK3R6;ITGB2;TREX1;SLC4A1;CACNB4;ARHGEF5;SLC25A18;ARRB1;CD300A;MYH3;IGFBP3;ALOX15;MLYCD;PTPRC;RSPO1;SMPD1;GPAT3;PROCA1;GPAT2;DUSP15;ACTN3;IRAK2;PKDCC;ERN2;MAP4K1;FAXDC2;SLIT2;HES1;SLC44A4;GDPD3;PARP14;CDK5R2;NAAA;PARP9;CTF1;INHBA;PDGFA;ADSS1;SLC4A4;ABCA3;SGMS2;PGAM2;LHCGR;FBP1;ACP3;ERBB4;ENO4;DUSP28;BANK1;PLPP2;AK5;ADCY7;PDK2;INSR;NRP1;NME5;CKM;SULT2B1;AK9;TPK1;PDE2A;SRMS;ACSS1;INPP5F;PLAAT4;NEK10;PLPP3;PIK3R3;PIK3R5;PDE4C;PLAAT3;APOA1;DPYD;BMP4;ABHD3;ABHD6;MYLK2;IL15;ABHD16B;DGKI;MAK;LCP2;PIK3CD;PPEF1;SPATA18;NAPEPLD;TRIM63;PPP2R3B;LDHC;ACMSD;UAP1L1;PLCB1;TGFB1;TK2;PLA2G4D;CDK17;PDCD4;PIGN;SAMHD1;PLCL2;PLA2G4E;TLR6;PDE10A;WNT5A;DDIT4;PNPLA8;FN1;SERINC4;NMRK1;MAPK10;ALDH1L1;PRKCB;MST1;MAP3K8;NT5E;EIF2AK4;CAMK2A;ACOT4;ADCY1;PNPO;KSR1;ABI3;ABCA2;RIPK3;SLC44A3;ENO3;DGAT2;PTPN18;LHPP;VPS9D1;ENTPD3;PDK1;PLCB4;ADCY8;DSCAM;PPIP5K2;SRCIN1;ULK2;TJP2;TESK2;GNB3;PIGP;ENTPD8;IL31RA;ERCC6;PDGFB;THBS4;SIRT1;IL18;FGFR2;FGFR1;IDO1;HTR2B;CDKN2A;MLXIPL;AGPAT3;NLRC5;P2RX7;SLC44A5;GAS6;PITPNM2;CTDSP1;NTRK1;PDGFRA;AASS;NUDT4B;CCL2;ACSF2;AGAP2;PRRT1;PKM;PLCE1;LTBR;PPARA;JAK3;FITM1;ERN1;EPHA7;DGKE;PIGV;ACP6;CHP2;INHA;CIB1;CERT1;KIT;LDB2;ADCY5;FGFR3;ACVR1C;GPHN;SAMD8;AAK1;AMDHD2;GMPR2;NUDT19;PTK6;CDKN1B;ENTPD2;CEACAM1;FHIT;HACD1;PIM1;KHK;DMAC2L;PRKCA;PON1;RBL1;OSBPL5;GUCY1B1;PTAFR;CDC25C;DRD2;MAPDA;GALR2;STOX1;TNKS;TOLLIP;PTPN9;HYCC2;CENPE;MCEE;STK3;PLAAT2;PIGS;TYMP;AFMID;TAOK3;CNKSR3;HSD17B4;PLCD1;SOCS5;LIPA;HTR2C;PLPP1;CLPX;ABHD14B;ACACB;PTPMT1;NEK11;AK3;DHTKD1;CRYL1;MAP3K12;UVRAG;TYK2;NPR2;PRKD1;LCLAT1;PIGX;LETMD1;NOP53;SMPDL3A;INPPL1;TALDO1;DCLK1;NUAK2;CDK5RAP3;PRKCZ;TSSK6;KDR;PLPP5;FLCN;MTMR3;BCKDHA;RORA;NT5M;MAPK4;TMEM38B;INCA1;MAGI3;SRPK2;SH3YL1;SGK1;PIK3R1;GIT1;DSTYK;TAFAZZIN;ATIC;MECP2;CEP43"
"GOBP_PIECEMEAL_MICROAUTOPHAGY_OF_THE_NUCLEUS",0.991521024398685,1,0.233761867172365,0.501993490035435,5729,18,"ATG9B;ULK2;ATG2B;SNX30"
"GOBP_PIGMENT_METABOLIC_PROCESS",1,1,0.187862918738498,0.511878472475804,6306,67,"TYRP1;SLCO1B1;OCA2;ZEB2;POMC;WNT5A;ALAS2;PPOX;CITED1"
"GOBP_PLASMA_MEMBRANE_PHOSPHOLIPID_SCRAMBLING",0.381410256410256,1,-0.413934130649153,-1.03952949512262,1546,29,"PLSCR2;ANO3;XKR4;PLSCR4;ANO4;TRPC5"
"GOBP_PLATELET_ACTIVATING_FACTOR_METABOLIC_PROCESS",0.34717416378316,1,-0.555708103794432,-1.09890878697511,1504,10,"PLA2G4C;PLA2G4A;PLA2G10"
"GOBP_POLY_N_ACETYLLACTOSAMINE_METABOLIC_PROCESS",0.369153873616565,1,0.620090274489438,1.1117840511365,2067,8,"B3GNT8;B3GNT4;B3GNT3;B3GNT9;B3GNT2"
"GOBP_POLYAMINE_METABOLIC_PROCESS",0.794543297746145,1,-0.34333654875673,-0.790786903672615,3348,19,"SATL1;OAZ3;ODC1;SMS;SMOX;AOC1"
"GOBP_POLYKETIDE_METABOLIC_PROCESS",0.180027485112231,1,-0.66924824637468,-1.28895477284378,785,9,"AKR1B10;SULT1C4;AKR1C3"
"GOBP_POLYOL_METABOLIC_PROCESS",0.999709639953542,1,-0.197862131348849,-0.611713613370667,3442,100,"PLEK;PRKG2;SPTLC3;PCK1;GPER1;MOGAT1;MIOX;ITPKA;SNCA;GPD2;GK;SPR;IPPK;PLA2G4A;SORD;AVPR1B;SGPP2;DEGS2;ACER3"
"GOBP_POLYSACCHARIDE_METABOLIC_PROCESS",1,1,0.205286826958794,0.592071883382519,6572,101,"PPP1R3G;CHIT1;PPP1R2P1;GCGR;MGAM;FUT3;PPP1R2B;INSR;POMC;PYGM;TGFB1;PPP1R3C;IL6ST;PDGFB"
"GOBP_PORPHYRIN_CONTAINING_COMPOUND_METABOLIC_PROCESS",0.926941809792361,1,-0.276281065190318,-0.75424826500157,3615,45,"CYP1A1;FXN;ABCC2;FECH;HMOX1;AMBP;SLC6A9;FLVCR1;TSPO;HMOX2;BDH2;SRRD"
"GOBP_POSITIVE_REGULATION_OF_ACROSOME_REACTION",0.52802570510532,1,0.545253034164604,0.977605442557731,2957,8,"ZP4;IQCF1;ZP3;CCDC87;PLCB1"
"GOBP_POSITIVE_REGULATION_OF_ACUTE_INFLAMMATORY_RESPONSE",0.944032528103325,1,-0.283290548287846,-0.658084303463529,3946,20,"CCR7;C2CD4B;NPY5R;C2CD4A;PTGER3;C3;TAC1"
"GOBP_POSITIVE_REGULATION_OF_ACUTE_INFLAMMATORY_RESPONSE_TO_ANTIGENIC_STIMULUS",0.805253623188406,1,0.427545372303613,0.744152444773521,4444,7,"BTK;ZP3;FCER1G"
"GOBP_POSITIVE_REGULATION_OF_ADAPTIVE_IMMUNE_RESPONSE",0.331215009835073,1,0.363135077683577,1.05636218659158,2188,111,"SLC11A1;CD226;MR1;RAET1G;BTK;TNFSF13B;AZGP1;CCR2;IL23A;PTPRC;NLRP3;ZP3;TNFSF13;XCL1;CLEC7A;SHLD1;HLA-H;CD1C;FCER1G;B2M;SECTM1;TGFB1;EIF2AK4;IL6ST;SIRT1;IL18;HLA-A;P2RX7;CD1D;DENND1B;HLA-F;TNFSF4;PRKCQ;KLHL22;IL1R1;KMT5C;HLA-G;NLRP10;TAP2;CARD9;FBXO38;HLA-B;IL27RA;MALT1;PRKCZ;CD7;ULBP1"
"GOBP_POSITIVE_REGULATION_OF_AMIDE_METABOLIC_PROCESS",0.864424057084608,1,0.322036518394005,0.739621926894495,5087,25,"EFNA1;GSAP;ABCA2;ABCG1;EPHA4;CLU"
"GOBP_POSITIVE_REGULATION_OF_AMINE_METABOLIC_PROCESS",0.703804347826087,1,0.479003293789509,0.833716127501212,3884,7,"NPY;GPR37;PAOX"
"GOBP_POSITIVE_REGULATION_OF_ATP_DEPENDENT_ACTIVITY",0.150336962156558,1,0.589261018419731,1.27928500060049,869,19,"FGF10;ATP2A1"
"GOBP_POSITIVE_REGULATION_OF_AUTOPHAGY",1,1,0.114284564562735,0.345274855842819,6923,157,"MEFV;RUFY4;DEPTOR;RNF152;SESN3;BNIP3;RAB37;SIRT1;MID2;NOD2;FYCO1;STING1;DELE1;OPTN;UBR4;TFEB;BNIP3L;UVRAG;PRKD1;SCOC;CDK5RAP3;KDR;FLCN;LRSAM1;TMEM59;CALCOCO2;TP53INP1;TOM1;USP20;EIF2AK1;SNX30;KAT5;MAP2K1;HTT;PINK1"
"GOBP_POSITIVE_REGULATION_OF_AUTOPHAGY_OF_MITOCHONDRION",0.17198233562316,1,-0.495159535350768,-1.22509480755497,700,27,"IRGM"
"GOBP_POSITIVE_REGULATION_OF_AXON_EXTENSION",0.998234997478568,1,-0.218345339419636,-0.582241723937071,3958,39,"ADCY10"
"GOBP_POSITIVE_REGULATION_OF_AXON_EXTENSION_INVOLVED_IN_AXON_GUIDANCE",0.429528985507246,1,0.612492236626739,1.06605666864035,2370,7,"NRP1;DSCAM;CXCL12;MEGF8;BMPR2;VEGFA"
"GOBP_POSITIVE_REGULATION_OF_AXONOGENESIS",0.884418207239397,1,0.28454147198093,0.791421281814958,5692,77,"SHOX2;POU4F2;ISLR2;NTN1;EFNA5;ZEB2;SLIT2;SLITRK1;NEFL;NRP1;NGF;FN1;DSCAM;NIN;CRABP2;ROBO2;ROBO3;CXCL12;WNT3;ROBO1;CDKL5;GOLGA4"
"GOBP_POSITIVE_REGULATION_OF_CALCIUM_ION_DEPENDENT_EXOCYTOSIS",0.362692507354214,1,0.501293464741946,1.07650601418328,2095,18,"RPH3A;ZP3;CDK5R2;DOC2A;SYT7;CACNA1B;HYAL3"
"GOBP_POSITIVE_REGULATION_OF_CALCIUM_ION_IMPORT",0.892771905898397,1,0.316211091785095,0.714389917664279,5236,23,"P2RX1;TRPV3;ISL1;GRM6;CASR;PDGFB;CCL2;CXCL12;STC1"
"GOBP_POSITIVE_REGULATION_OF_CALCIUM_ION_IMPORT_ACROSS_PLASMA_MEMBRANE",0.483755801499464,1,0.565444338361578,1.01380721978497,2709,8,"P2RX1;GRM6"
"GOBP_POSITIVE_REGULATION_OF_CALCIUM_ION_TRANSMEMBRANE_TRANSPORT",0.665196078431373,1,0.34478531588172,0.885532402367731,4070,46,"F2;P2RX1;APLNR;P2RX2;XCL1;GRIN1;TRPC3;GRM6;CASQ1;GSTO1;P2RX7;CX3CL1"
"GOBP_POSITIVE_REGULATION_OF_CALCIUM_ION_TRANSPORT",0.753722084367246,1,0.30832568449314,0.862754555431727,4859,81,"F2;CCR1;P2RX1;FFAR1;APLNR;TRPV3;P2RX2;ISL1;XCL1;GRIN1;TRPC3;CACNA1D;GRM6;CASQ1;CAMK2A;CASR;GSTO1;PDGFB;P2RX7;CCL2;CXCL12;CX3CL1;STC1;TRPC6;P2RX4;ATP2A1;TRPC1"
"GOBP_POSITIVE_REGULATION_OF_CALCIUM_ION_TRANSPORT_INTO_CYTOSOL",0.594669435790931,1,0.453843065463701,0.911786119656989,3435,13,"P2RX2;GRIN1;TRPC3;P2RX7;P2RX4"
"GOBP_POSITIVE_REGULATION_OF_CALCIUM_MEDIATED_SIGNALING",0.884902597402597,1,0.295346021862205,0.769207840127557,5450,50,"ZAP70;NEUROD2;P2RX2;PTPRC;CDH13;CLEC7A;GPR62;GRM5;NMUR1;CALCR;ERBB3;PDGFRA;CHP2;CIB1;P2RX4;SPPL3;HTR2C"
"GOBP_POSITIVE_REGULATION_OF_CARBOHYDRATE_METABOLIC_PROCESS",0.998359759431383,1,-0.216311532402551,-0.634358988680106,3651,71,"ADCY10;PRKAG3;GPER1"
"GOBP_POSITIVE_REGULATION_OF_CENTROSOME_DUPLICATION",0.89949305708618,1,-0.350123513972518,-0.592470885245333,4080,5,"CEP295;ROCK2;NPM1;CEP120;POC1A"
"GOBP_POSITIVE_REGULATION_OF_CHOLESTEROL_METABOLIC_PROCESS",0.932603489565515,1,0.30097289688236,0.672960050574269,5451,22,"CYP7A1;AGTR1;APOA1;ABCG1"
"GOBP_POSITIVE_REGULATION_OF_COLLAGEN_METABOLIC_PROCESS",0.615736284889317,1,-0.378999213815946,-0.900703325063489,2558,22,"SERPINB7;RGCC;TGFB3;VSIR"
"GOBP_POSITIVE_REGULATION_OF_CYTOKINE_PRODUCTION",0.924219536757301,1,0.262814615333412,0.861672625448981,7341,424,"ORM1;CD274;MEFV;NLRC4;SLC11A1;CD226;CYBB;CRLF2;APOA2;SAA1;CRTAM;RAET1G;TIGIT;CASP1;CXCL17;IL1RL1;PYDC1;CD80;AZU1;CLEC5A;GATA4;BTK;IL7;IRF8;CD36;PF4;PSMB9;C1QTNF3;LUM;LTB;POU2AF1;SPHK1;NOX5;CCR2;SERPINF2;IL1A;C5AR1;IL23A;ADRA2A;BTN3A2;PTPRC;EGR1;ISL1;NLRP3;ZP3;CD34;NFATC4;DUOX1;EBI3;XCL1;SPON2;CLEC7A;IL32;SULF1;ITK;F2RL1;NFAM1;RAB7B;RIGI;IL17RB;NLRP12;IL15;IFI16;IRF7;FCER1G;PIK3CD;IFIH1;PLCB1;B2M;SECTM1;TGFB1;FCGR2A;TLR5;ADAM8;TLR6;WNT5A;MAPK11;TRIM15;PTGS2;AGER;PSMB8;CCDC88B;MAPK13;EIF2AK3;TRAF3;CASP8;CADM1;NAIP;IL6ST;SIRT1;BTN3A1;IL18;HLA-A;IDO1;HTR2B;P2RX7;CCBE1;ARRDC4;TSLP;RFTN1;C1QTNF4;CLU;DENND1B;IL1RAP;HLA-F;CX3CL1;TNFSF4;PRKCQ;NOD2;IL1R1"
"GOBP_POSITIVE_REGULATION_OF_CYTOKINE_PRODUCTION_INVOLVED_IN_IMMUNE_RESPONSE",0.991697269679068,1,0.24014943887047,0.650152327481162,6210,64,"CD226;RAET1G;CD36;NLRP3;XCL1;SPON2;CLEC7A;F2RL1;RIGI;FCER1G;B2M;SECTM1;WNT5A;SIRT1;IL18;HLA-A;DENND1B;HLA-F;TNFSF4;NOD2;IL1R1;KIT;HLA-G"
"GOBP_POSITIVE_REGULATION_OF_CYTOKINE_PRODUCTION_INVOLVED_IN_INFLAMMATORY_RESPONSE",0.123960880195599,1,-0.534358327693213,-1.28957144611458,506,24,"TLR4;CD6"
"GOBP_POSITIVE_REGULATION_OF_CYTOKINESIS",0.987782730724781,1,0.251781158098132,0.633430490977528,5982,41,"OR2A4;CDC14C;AURKC;RXFP3"
"GOBP_POSITIVE_REGULATION_OF_CYTOSOLIC_CALCIUM_ION_CONCENTRATION",0.434309254082684,1,0.336910675572653,1.00743787508839,2951,141,"GATA2;CCR6;CCR3;CCR1;SAA1;ADRA1B;FFAR1;CXCL17;CYSLTR1;CD36;PTGDR;P2RX2;TACR1;AGTR1;ACKR3;CCR2;CD38;GIPR;C5AR1;TAC4;GPR6;CX3CR1;PTGER1;CD52;CCR8;F2RL1;GRM5;GRIN1;CXCR4;TRPC3;CACNA1C;CACNB3;CMKLR1;SLC8A3;NPFF;AVPR1A;ADRA1D"
"GOBP_POSITIVE_REGULATION_OF_DENDRITE_DEVELOPMENT",0.994646865826282,1,0.217796931904345,0.451458228635631,5759,15,"BMP5;COBL;BMP7;TMEM106B"
"GOBP_POSITIVE_REGULATION_OF_DENDRITIC_CELL_ANTIGEN_PROCESSING_AND_PRESENTATION",0.59743824336688,1,0.575851218429248,0.940919784419075,3264,5,"SLC11A1;NOD2;CD74;NOD1"
"GOBP_POSITIVE_REGULATION_OF_DENDRITIC_CELL_CHEMOTAXIS",0.545162441985005,1,0.536779773799698,0.962413403394424,3053,8,"CCR6;GAS6"
"GOBP_POSITIVE_REGULATION_OF_DENDRITIC_CELL_CYTOKINE_PRODUCTION",0.878948297158991,1,0.36368310649026,0.685330647095199,4980,10,"CLEC7A;RIGI;KIT"
"GOBP_POSITIVE_REGULATION_OF_DENDRITIC_CELL_DIFFERENTIATION",0.949339207048458,1,0.324278339197518,0.547067360731623,5171,6,"AGER;LGALS1;ZBTB46;LGALS3"
"GOBP_POSITIVE_REGULATION_OF_DENDRITIC_SPINE_DEVELOPMENT",0.991128010139417,1,-0.236354197448284,-0.636245095467795,3909,41,"ARMCX5-GPRASP2;RELN;SHANK1;NEURL1;ITPKA;LLPH"
"GOBP_POSITIVE_REGULATION_OF_DENDRITIC_SPINE_MAINTENANCE",0.735113371477008,1,-0.500192975685064,-0.77615713322064,3468,3,"NEDD9;APOE;ZMYND8"
"GOBP_POSITIVE_REGULATION_OF_DENDRITIC_SPINE_MORPHOGENESIS",0.960831472255626,1,0.283664900736357,0.622751764019641,5592,20,"IL1RAPL1;CAPRIN2"
"GOBP_POSITIVE_REGULATION_OF_DNA_METABOLIC_PROCESS",1,1,0.131239321448015,0.417503129338488,7457,275,"GATA5;FGF10;SMOC2;PTPRC;WAS;TNFSF13;KLF4;SMARCA2;PRKCG;SHLD1;EYA4;TGFB1;GLI1;FANCB;PKIB;AGER;ATR;ERCC6;PDGFB;POT1;SIRT1;FGFR1;WHR1;EYA2;EYA1;TNFSF4;PRKCQ;KMT5C;PTK6;CDKN1B"
"GOBP_POSITIVE_REGULATION_OF_ENDOPLASMIC_RETICULUM_UNFOLDED_PROTEIN_RESPONSE",0.978693181818182,1,-0.252702702702703,-0.530480442084421,4133,13,"BCL2L11;BAK1;PTPN1;TMEM33;DAB2IP;BAX;BOK;ATF6;SHISA5;PTPN2;BBC3;PIK3R1;ERN1"
"GOBP_POSITIVE_REGULATION_OF_ESTABLISHMENT_OF_PROTEIN_LOCALIZATION_TO_MITOCHONDRION",0.143497757847534,1,-0.468247337381564,-1.23389307125255,575,36,"ADCY10;UBL4B"
"GOBP_POSITIVE_REGULATION_OF_EXCITATORY_POSTSYNAPTIC_POTENTIAL",0.895115298785024,1,-0.293310742617833,-0.757600430651484,3609,33,"RELN;SHANK1;ADRB2;PTK2B;PRKAR1B;GRIA1"
"GOBP_POSITIVE_REGULATION_OF_EXECUTION_PHASE_OF_APOPTOSIS",0.684073724007561,1,-0.37821388965354,-0.851511427181592,2894,17,"CASP10;CXCR3;ZC3H12A;SIRT2;TNFRSF1A;TP53;RIPK1;HSPD1;FADD;CASP9;HTRA2"
"GOBP_POSITIVE_REGULATION_OF_FATTY_ACID_METABOLIC_PROCESS",0.976017986510117,1,-0.256407097660411,-0.666677890933664,3906,34,"EDN2;AVP;PLIN5;PLA2G3"
"GOBP_POSITIVE_REGULATION_OF_FERROPTOSIS",0.803939532753092,1,-0.386147283952301,-0.74370965836245,3509,9,"TMEM164;ACSL4;DHCR7;HSPA8"
"GOBP_POSITIVE_REGULATION_OF_GLUCOSE_METABOLIC_PROCESS",0.6088933804952,1,-0.338352530749868,-0.914765699212638,2409,42,"ADCY10;PRKAG3"
"GOBP_POSITIVE_REGULATION_OF_GLUTAMATE_RECEPTOR_SIGNALING_PATHWAY",0.655594002306805,1,-0.435266285959892,-0.860735956609849,2841,10,"FOLH1;ADRB2"
"GOBP_POSITIVE_REGULATION_OF_GLUTAMATE_SECRETION",0.902320185614849,1,-0.326947494722426,-0.660393856476506,3888,11,"AVP;SYT4;KMO"
"GOBP_POSITIVE_REGULATION_OF_GLYCOGEN_METABOLIC_PROCESS",0.353776935827611,1,-0.470456656973988,-1.07195201953755,1493,18,"ADCY10"
"GOBP_POSITIVE_REGULATION_OF_GLYCOPROTEIN_METABOLIC_PROCESS",0.996437900736167,1,-0.206174530993411,-0.447477471706779,4195,15,"CCR7"
"GOBP_POSITIVE_REGULATION_OF_HORMONE_METABOLIC_PROCESS",0.698670350543948,1,0.400851926513486,0.830901974176746,4045,15,"WNT4;EGR1;HPN;POMC;BMP6;NR5A2"
"GOBP_POSITIVE_REGULATION_OF_HUMORAL_IMMUNE_RESPONSE",0.43844696969697,1,-0.482737090802332,-1.01337493663707,1851,13,"PGC;LTA;FCGR2B;CCR7"
"GOBP_POSITIVE_REGULATION_OF_HUMORAL_IMMUNE_RESPONSE_MEDIATED_BY_CIRCULATING_IMMUNOGLOBULIN",0.529716879187378,1,-0.608157523097477,-0.989669589273183,2450,4,"LTA;TREM2"
"GOBP_POSITIVE_REGULATION_OF_IMMUNE_EFFECTOR_PROCESS",0.994995829858215,1,0.241741791576603,0.752203309372972,7157,212,"GATA2;IL2RG;CD226;MR1;CRTAM;KLRD1;RAET1G;ARG1;CD80;PLA2G5;ITGAM;CFB;BTK;CD36;CD37;ITGB2;AZGP1;CCR2;CD300A;IL23A;PTPRC;NLRP3;ZP3;TNFSF13;C4B;XCL1;SPON2;CLEC7A;F2RL1;SHLD1;HLA-DMB;RIGI;HLA-H;POMC;CD1C;FCER1G;B2M;SECTM1;TGFB1"
"GOBP_POSITIVE_REGULATION_OF_IMMUNE_RESPONSE",0.999645683240817,1,0.235893342752962,0.792660234125645,8463,656,"A2M;ZAP70;GFI1;CD274;C7;MEFV;GBP2;ZP4;NLRC4;SLC11A1;CTSS;ZBP1;CD226;MR1;CRTAM;GBP1;KLRD1;BLNK;RAET1G;C1QA;CASP1;FGL1;IFNL4;NLRP2B;PYDC1;HLA-DRB5;CD80;PLA2G5;ITGAM;CFB;BTK;TNFSF13B;LTF;CD36;CFHR4;TNIP3;LPXN;HCK;FYB2;CCDC92;ITGB2;TREX1;CACNB4;AZGP1;CCR2;NLRP6;CD38;ALPK1;CD300A;C5AR1;IL23A;FCMR;BTN3A2;PTPRC;NLRP3;IRAK2;ZP3;MOG;TNFSF13;PARP9;CD72;C4B;XCL1;CLEC7A;ERMAP;NMI;ITK;F2RL1;SHLD1;MYO1G;BANK1;ADCY7;ZDHHC1;NFAM1;RAB7B;SUSD4;HLA-DMB;RIGI;NLRC3;CACNB3;HLA-H;SLC15A4;CMKLR1;CD1C;GPR151;BTN3A3;IL15;CD8B;IFI16;IRF7;FCER1G;LCP2;PIK3CD;IFIH1;B2M;SECTM1;TGFB1;TLR5;ADAM8;PLCL2;TLR6;WNT5A;C1R;GCSAM;TRIM15"
"GOBP_POSITIVE_REGULATION_OF_IMMUNE_SYSTEM_PROCESS",0.984597961494904,1,0.251575192089475,0.858322603841027,8693,949,"A2M;SIRPB1;ZAP70;GATA2;FGF10;GFI1;CCR6;IL2RG;CD274;C7;MEFV;GBP2;ZP4;NLRC4;LYVE1;SLC11A1;CTSS;CCR1;ZBP1;CD226;POU4F2;MR1;CRLF2;CD209;CRTAM;GBP1;KLRD1;BLNK;RAET1G;C1QA;SHH;CASP1;FGL1;ARG1;CXCL17;IFNL4;NLRP2B;IL1RL1;PYDC1;HLA-DRB5;CD80;MADCAM1;PLA2G5;ITGAM;EGR3;VCAM1;CFB;BTK;IL7;TNFSF13B;LTF;CD36;CFHR4;TNIP3;PF4;LPXN;HCK;CD37;TACR1;FYB2;CCDC92;PIK3R6;ITGB2;TREX1;CACNB4;DLK1;AZGP1;CCR2;NLRP6;CD38;IL1A;ALPK1;CD300A;C5AR1;IL23A;FCMR;LEF1;BTN3A2;CLEC4D;PTPRC;FLT3LG;NLRP3;IRAK2;ZP3;CX3CR1;MOG;ID2;HES1;BCL6;TNFSF13;EBI3;SMARCA2;PARP9;CD72;C4B;XCL1;SPON2;CLEC7A;ERMAP;NMI;ITK;F2RL1;SHLD1;MYO1G;BANK1;ADCY7;ZDHHC1;NFAM1;MPL;RAB7B;SUSD4;HLA-DMB;PLVAP;RIGI;NLRC3;CACNB3;HLA-H;SLC15A4;POMC;CMKLR1;F7;CD1C;GPR151;BTN3A3;IL15;CD8B;IFI16;IRF7;FCER1G;LCP2;PIK3CD;IFIH1;TNFRSF13C;RASAL3;B2M;SECTM1;TGFB1;ASCL2;TLR5;ADAM8;CD101;TESC;PLCL2;TLR6;WNT5A;C1R;GCSAM;TRIM15;XG;AGER;CR1L;TMEM64;PRKCB;MAP3K8;CR2;CCDC88B;EIF2AK4;TRAF3;CASR;CASP8;CADM1;IGFBP2;NAIP;SH3KBP1;LAG3"
"GOBP_POSITIVE_REGULATION_OF_INFLAMMASOME_MEDIATED_SIGNALING_PATHWAY",0.74654998317065,1,0.350335196316442,0.824706053509884,4435,28,"GBP2;BTK;CD36;ADCY7;ZDHHC1;TLR6;CASR;P2RX7"
"GOBP_POSITIVE_REGULATION_OF_INFLAMMATORY_RESPONSE",0.600414078674948,1,0.317217961407379,0.943084279415817,4059,133,"MEFV;GBP2;NLRC4;CCR1;ZBP1;GBP1;CASP1;IL1RL1;BTK;CASP4;AGTR1;CCR2;NLRP6;IL1A;IL23A;NLRP3;ZP3;NMI;PDE2A;IL17RB;NLRP12;IL15;FCER1G;NAPEPLD;GPR4;TGFB1;PDCD4;ADAM8;TLR6;WNT5A;PTGS2;MAP3K8;MAPK13;NAIP;IL6ST;IL18;IDO1;TSLP;IL1RAP;CX3CL1;TNFSF4;IL1R1;TNFRSF11A"
"GOBP_POSITIVE_REGULATION_OF_INFLAMMATORY_RESPONSE_TO_ANTIGENIC_STIMULUS",0.770703575547866,1,-0.390579512112837,-0.772368182041164,3340,10,"LTA;CCR7"
"GOBP_POSITIVE_REGULATION_OF_INHIBITORY_POSTSYNAPTIC_POTENTIAL",0.932427536231884,1,0.345518412722921,0.601382655966256,5146,7,"RIMS2;NLGN2;UNC13B;NTSR1;ELOVL4"
"GOBP_POSITIVE_REGULATION_OF_INTERFERON_ALPHA_PRODUCTION",0.103723404255319,1,-0.551865317669204,-1.32165640546165,428,23,"TLR4;NMBR;TLR7"
"GOBP_POSITIVE_REGULATION_OF_INTERFERON_BETA_PRODUCTION",0.428715619480192,1,-0.375895009902275,-1.00734512125726,1698,40,"TLR4;TRADD;TLR7"
"GOBP_POSITIVE_REGULATION_OF_IRE1_MEDIATED_UNFOLDED_PROTEIN_RESPONSE",0.739625167336011,1,-0.434155734713271,-0.787723537249575,3314,7,"BCL2L11;BAK1;PTPN1;TMEM33;DAB2IP;BAX"
"GOBP_POSITIVE_REGULATION_OF_LIPID_BIOSYNTHETIC_PROCESS",0.998308429658867,1,-0.218420786034061,-0.658640523592414,3540,85,"EDN2;HSD17B13;PCK1;ADGRF5;STAR;AVP;ADM;PLIN5;PLA2G3;SIRT4"
"GOBP_POSITIVE_REGULATION_OF_LIPID_CATABOLIC_PROCESS",0.615358592692828,1,0.393514469206367,0.898610293188389,3637,24,"APOA5;APOA2;ABCD2;SCT;PPARA;CLSTN3;PNPLA2"
"GOBP_POSITIVE_REGULATION_OF_LIPID_LOCALIZATION",0.378998018681008,1,-0.334928489194393,-1.02305903331831,1338,91,"ABCA8;OXT;CYP19A1;CES1;ACSL5;CRH;GHRL;PLIN5;PLA2G3;SPP1;TREM2;APOB;C3;EHD1;PLA2G4A;ABCA5;C1QTNF1;TAC1;ZC3H12A"
"GOBP_POSITIVE_REGULATION_OF_LIPID_METABOLIC_PROCESS",0.997905445840814,1,-0.226380464011797,-0.715643893385009,3334,119,"EDN2;CES1;HSD17B13;ADRB3;PCK1;ADGRF5;STAR;PRKCE;AVP;ADM;PLIN5;PLA2G3;SIRT4;DISP3"
"GOBP_POSITIVE_REGULATION_OF_LIPID_STORAGE",0.994981830766569,1,0.222474471541074,0.477754296556609,5749,18,"CD36;VSTM2A;IKBKE;ACACB"
"GOBP_POSITIVE_REGULATION_OF_LIPID_TRANSPORT",0.34708670197937,1,-0.35451240311336,-1.05134510861368,1244,76,"ABCA8;OXT;CYP19A1;CES1;ACSL5;CRH;GHRL;PLA2G3;SPP1;TREM2;PLA2G4A;ABCA5;C1QTNF1;TAC1"
"GOBP_POSITIVE_REGULATION_OF_LONG_TERM_NEURONAL_SYNAPTIC_PLASTICITY",0.998225691980128,1,0.200993857936778,0.369686925236007,5625,9,"GRM5;KIT;FXR1"
"GOBP_POSITIVE_REGULATION_OF_LONG_TERM_SYNAPTIC_DEPRESSION",0.964078536367693,1,-0.279301426072131,-0.506758957012722,4320,7,"IQSEC2"
"GOBP_POSITIVE_REGULATION_OF_LONG_TERM_SYNAPTIC_POTENTIATION",0.996871992300289,1,-0.216329998841296,-0.514114916771202,4142,22,"RELN;SHISA7;PRKAR1B;AKAP5;PDE9A;EPHB2;STAU1;CHRNA7;CREB1;SHANK3;ADORA2A;NRGN;APP;MME;LGMN;SQSTM1;DRD2;ZDHHC2;ADCY8;ADCY1;IGSF11;EIF2AK4"
"GOBP_POSITIVE_REGULATION_OF_MACROAUTOPHAGY",1,1,-0.187900670125882,-0.574876510360283,3474,94,"IRGM"
"GOBP_POSITIVE_REGULATION_OF_MACROPHAGE_CYTOKINE_PRODUCTION",0.649651972157773,1,-0.428218373520515,-0.864948616117696,2799,11,"TLR4"
"GOBP_POSITIVE_REGULATION_OF_MIRNA_METABOLIC_PROCESS",1,1,-0.190203711109948,-0.54230657831103,3771,60,"FOXA1;ATOH8;SPI1;GATA3;ETS1;NR3C1"
"GOBP_POSITIVE_REGULATION_OF_MITOCHONDRIAL_CALCIUM_ION_CONCENTRATION",0.996628814762243,1,0.212438233477455,0.390736503806762,5616,9,"BNIP3;ATP2A1;MCU;MICU1;MICU2"
"GOBP_POSITIVE_REGULATION_OF_MITOCHONDRIAL_DEPOLARIZATION",0.0247727272727273,1,-0.818213652088849,-1.52919052693012,108,8,"ADCY10;MYOC"
"GOBP_POSITIVE_REGULATION_OF_MITOCHONDRIAL_FISSION",0.161514497963096,1,-0.532407681388667,-1.25093285400494,673,21,"IRGM"
"GOBP_POSITIVE_REGULATION_OF_MITOCHONDRIAL_FUSION",0.627507163323782,1,-0.523164697694677,-0.885287160680678,2846,5,"PRKN;PLD6"
"GOBP_POSITIVE_REGULATION_OF_MITOCHONDRIAL_MEMBRANE_PERMEABILITY",1,1,-0.159227053140097,-0.423678232986381,3991,38,"IER3;PPIF;BID;LRRK2;RTL10;FZD9;BCL2L11;BAK1;GCLC;MUL1;GSK3A;TMEM14A;SLC35F6;SIVA1;ZNF205;BAX;RHOT2;TMEM102;CASP6;GSK3B;BOK;MPV17L;VDAC2;ATP5IF1;HSPA1A;BCL2L1;SLC25A5;ATF2;STPG1;ACAA2;SLC9A1;SPG7;BNIP3L;RHOT1;BLOC1S2;EYA2;BNIP3;HIP1R"
"GOBP_POSITIVE_REGULATION_OF_MITOCHONDRIAL_MEMBRANE_POTENTIAL",0.354306113342258,1,-0.622092134227157,-1.12871160573795,1587,7,"PRKN;BID;BAD;VCP;NDUFC2"
"GOBP_POSITIVE_REGULATION_OF_MITOCHONDRIAL_OUTER_MEMBRANE_PERMEABILIZATION_INVOLVED_IN_APOPTOTIC_SIGNALING_PATHWAY",0.985450674237048,1,0.256208122908843,0.47124222675726,5553,9,"HIP1R;ATP5IF1;BOK;GSK3B;ZNF205;SIVA1;GSK3A;BAK1;LRRK2"
"GOBP_POSITIVE_REGULATION_OF_MITOCHONDRIAL_TRANSLATION",0.721443837568274,1,-0.379983238003584,-0.824708744642337,3037,15,"TRUB2;DDX3X;COA3;METTL8;TACO1;C1QBP;NGRN;RPUSD4;CDK5RAP1"
"GOBP_POSITIVE_REGULATION_OF_MITOTIC_CYTOKINESIS",0.710866526904263,1,0.419134396355353,0.825207959464708,4068,12,"WNK1;BIRC5;INCENP;EXOC7;AURKB;CDCA8;ECT2;ARF6;NUP62;KIF20B;RAB11A;RAB11FIP3"
"GOBP_POSITIVE_REGULATION_OF_MRNA_METABOLIC_PROCESS",1,1,-0.162426248137556,-0.522644638476257,3207,140,"SLC39A5;GTSF1"
"GOBP_POSITIVE_REGULATION_OF_MYELOID_LEUKOCYTE_CYTOKINE_PRODUCTION_INVOLVED_IN_IMMUNE_RESPONSE",0.909332688588008,1,-0.299380982701912,-0.716984345261139,3760,23,"TLR4"
"GOBP_POSITIVE_REGULATION_OF_NATURAL_KILLER_CELL_CYTOKINE_PRODUCTION",0.593297101449275,1,0.532678829624642,0.927139618442142,3274,7,"CD226;RAET1G;HLA-F;HLA-G"
"GOBP_POSITIVE_REGULATION_OF_NATURAL_KILLER_CELL_MEDIATED_IMMUNE_RESPONSE_TO_TUMOR_CELL",0.126468428781204,1,0.780060243994775,1.31598521180891,688,6,"CD226;CRTAM;IL12A"
"GOBP_POSITIVE_REGULATION_OF_NEUROBLAST_PROLIFERATION",0.236229900786863,1,0.531129424673447,1.18757831084515,1380,22,"DMRTA2;SHH;FOXG1;PAX6;CX3CR1;SOX10"
"GOBP_POSITIVE_REGULATION_OF_NEUROEPITHELIAL_CELL_DIFFERENTIATION",0.745289855072464,1,0.459961129356469,0.800572807202184,4113,7,"LEF1;BMP4"
"GOBP_POSITIVE_REGULATION_OF_NEUROGENESIS",1,1,0.196383672902755,0.611092463064588,7203,211,"SHOX2;DMRTA2;POU4F2;IL1RAPL1;SHH;ISLR2;ASCL1;GFAP;NTN1;EFNA5;FOXG1;PAX6;EGR2;CDKL3;ZEB2;CX3CR1;SLIT2;ID2;HES1;SLITRK1;NEFL;GRM5;NRP1;CXCR4;SOX10;NGF;RNF112;TGFB1;PLAG1;MYRF;FN1;EPHA4;DSCAM;IL6ST;NIN;CRABP2;CAPRIN2;ROBO2;ROBO3"
"GOBP_POSITIVE_REGULATION_OF_NEUROINFLAMMATORY_RESPONSE",0.667012807199723,1,0.428396065504395,0.860662233196147,3853,13,"CCR1;IL18"
"GOBP_POSITIVE_REGULATION_OF_NEURON_APOPTOTIC_PROCESS",0.981490423305971,1,0.250584075498512,0.66700651032848,6097,57,"TFAP2B;CASP1;TFAP2A;CASP4;ASCL1;LCN2"
"GOBP_POSITIVE_REGULATION_OF_NEURON_DIFFERENTIATION",0.182227047146402,1,0.416136538163161,1.16443005574465,1174,81,"GATA2;NKX2-5;PHOX2B;NEUROD2;S100B;NEUROG3;GDF7;ASCL1;IRX3;FEZF2;PROX1;MMD2;FOXG1;VWC2;BCL6;NGF;NRCAM;BMP4;ZEB1;RNF112;BMP6;BMP7;DKK1;CYB5D2"
"GOBP_POSITIVE_REGULATION_OF_NEURON_MIGRATION",0.803130929791271,1,-0.347820857159861,-0.770489991400124,3385,16,"RELN"
"GOBP_POSITIVE_REGULATION_OF_NEURON_PROJECTION_ARBORIZATION",0.743127454480543,1,0.446269492238452,0.800133987568202,4162,8,"GRIP1;WNT5A;DLG4"
"GOBP_POSITIVE_REGULATION_OF_NEURON_PROJECTION_DEVELOPMENT",1,1,-0.172013962035342,-0.556467515507666,3189,145,"NTRK2;KHDC3L;ARMCX5-GPRASP2;PLK5;RELN;DISC1;PLXNB3;PLA2G3;ANKRD1;CNTF;EPO;NCK1;EPHA3;LYN;PLPPR5;ITPKA;PTK2B;ZDHHC15;ENC1;EHD1"
"GOBP_POSITIVE_REGULATION_OF_NEURON_PROJECTION_REGENERATION",0.689424364123159,1,-0.456146339950833,-0.827622854381553,3089,7,"CNTF;SCARF1"
"GOBP_POSITIVE_REGULATION_OF_NEUROTRANSMITTER_SECRETION",0.898457888493476,1,-0.309872378422952,-0.713710845973405,3786,19,"TACR2;GPER1"
"GOBP_POSITIVE_REGULATION_OF_NEUROTRANSMITTER_TRANSPORT",0.988264058679707,1,-0.243628806837412,-0.587951448431185,4041,24,"TACR2;GPER1;PRKN;SNCA"
"GOBP_POSITIVE_REGULATION_OF_NEUROTRANSMITTER_UPTAKE",0.771454711802379,1,0.47058924676581,0.768925580855089,4215,5,"DRD4;DRD2"
"GOBP_POSITIVE_REGULATION_OF_NEUROTROPHIN_TRK_RECEPTOR_SIGNALING_PATHWAY",0.781794137094997,1,-0.435695538057743,-0.737273878585527,3546,5,"WASF1;PPP2R5B;CYFIP2;CYFIP1;TMEM108"
"GOBP_POSITIVE_REGULATION_OF_NUCLEOTIDE_METABOLIC_PROCESS",0.72452268782544,1,-0.330773398224388,-0.854363760107349,2921,33,"ADCY10;GPD1;TREM2;PRKN;TIGAR"
"GOBP_POSITIVE_REGULATION_OF_OLIGODENDROCYTE_DIFFERENTIATION",0.981446486857928,1,0.258916438079304,0.568419526451841,5712,20,"SHH;CXCR4;MYRF"
"GOBP_POSITIVE_REGULATION_OF_OXIDATIVE_STRESS_INDUCED_INTRINSIC_APOPTOTIC_SIGNALING_PATHWAY",0.0406068719321731,1,-0.816170787053503,-1.48084405657374,181,7,"ADCY10"
"GOBP_POSITIVE_REGULATION_OF_PEPTIDYL_SERINE_PHOSPHORYLATION",0.150920832336762,1,-0.546655644926707,-1.26988175744031,630,20,"IRGM;TENM1;LIF"
"GOBP_POSITIVE_REGULATION_OF_PEPTIDYL_TYROSINE_PHOSPHORYLATION",0.769607843137255,1,0.323905141212924,0.831904621877624,4709,46,"FGF10;IL2RG;FGF7;CD80;HES1;PARP14;PARP9;CTF1;ERBB4;BANK1;IL15;SRCIN1;IL31RA;THBS4;IL18"
"GOBP_POSITIVE_REGULATION_OF_PHOSPHOLIPID_BIOSYNTHETIC_PROCESS",0.757214841960605,1,-0.405739637643868,-0.781444023657822,3305,9,"ADGRF5"
"GOBP_POSITIVE_REGULATION_OF_PHOSPHOLIPID_METABOLIC_PROCESS",0.948106591865358,1,-0.296688010447839,-0.612069392501731,4055,12,"ADGRF5"
"GOBP_POSITIVE_REGULATION_OF_PHOSPHOLIPID_TRANSPORT",0.0976494987901832,1,0.667212061042568,1.36517463651856,564,14,"CETP;PRAP1;ABCA3;APOA1;ABCB4;ABCA7"
"GOBP_POSITIVE_REGULATION_OF_PHOSPHORUS_METABOLIC_PROCESS",1,1,0.188277234362271,0.601429632025762,7544,289,"FGF10;IL2RG;DIRAS2;FGF7;CD80;GAPDHS;TBX1;LTF;ANG;MMD2;LTB;PTH1R;FAM20A;PIK3R6;ARHGEF5;ARRB1;PTPRC;RSPO1;FAXDC2;HES1;PARP14;PARP9;CTF1;SLC4A4;LHCGR;ERBB4;BANK1;INSR;NRP1;NEK10;PIK3R5;BMP4;IL15;LCP2;SPATA18;TLR6;WNT5A;RIPK3;ADCY8;DSCAM;SRCIN1;IL31RA;ERCC6;PDGFB;THBS4;SIRT1;IL18;FGFR1;HTR2B;MLXIPL;P2RX7;GAS6;AGAP2;LTBR;PPARA;CHP2;CIB1;KIT;FGFR3"
"GOBP_POSITIVE_REGULATION_OF_POTASSIUM_ION_IMPORT_ACROSS_PLASMA_MEMBRANE",0.781701738334858,1,0.464781022054298,0.759435154563521,4271,5,"ATP1B2;ATP1B1;ANK2;ATP1B3"
"GOBP_POSITIVE_REGULATION_OF_PRODUCTION_OF_MOLECULAR_MEDIATOR_OF_IMMUNE_RESPONSE",0.998490338164251,1,0.225344032841483,0.653630779212486,6613,107,"IL2RG;CD226;RAET1G;BTK;CD36;CD37;PTPRC;NLRP3;TNFSF13;XCL1;SPON2;CLEC7A;F2RL1;SHLD1;RIGI;FCER1G;B2M;SECTM1;TGFB1;WNT5A;SIRT1;IL18;HLA-A;DENND1B;HLA-F;TNFSF4;NOD2;IL1R1;KIT;KMT5C;HLA-G"
"GOBP_POSITIVE_REGULATION_OF_PROSTAGLANDIN_BIOSYNTHETIC_PROCESS",0.198181818181818,1,-0.682078871222386,-1.27476307175965,871,8,"EDN2;AVP;PLA2G3"
"GOBP_POSITIVE_REGULATION_OF_PROTEIN_LOCALIZATION_TO_CENTROSOME",0.9301651048639,1,-0.316490388327028,-0.574233871085701,4168,7,"APC;GSK3B;NUP62;CEP250;PARD6A;MARK4;BICD1"
"GOBP_POSITIVE_REGULATION_OF_PROTEIN_LOCALIZATION_TO_SYNAPSE",0.811123348017621,1,0.436680760367246,0.736693643021519,4418,6,"WNT5A;CLSTN3;WNT7A;NLGN2"
"GOBP_POSITIVE_REGULATION_OF_PROTEIN_METABOLIC_PROCESS",1,1,0.185266078513897,0.625920152709938,8591,748,"SOX17;FGF10;BARHL2;RFPL1;IL2RG;DIRAS2;NLRC4;AGBL4;FGF7;CD80;ASB5;TBX1;LTF;FAM107A;MMD2;LTB;FAM20A;SPHK1;CREBRF;PIK3R6;ARHGEF5;ARRB1;IL23A;ADRA2A;PTPRC;RSPO1;EGR1;ISL1;EFNA1;GSAP;CPEB3;FAXDC2;KRT17;HES1;HPN;KLF4;PARP14;PARP9;CTF1;DAZL;INHBA;SOX9;NMI;TF;SEMG1;ERBB4;BANK1;ASB9;NEK10;RIGI;MAGEA2;KCNE2;PIK3R5;NGF;MYLIP;BMP4;IL15;PIWIL2;PABIR3;LCP2;RCN3;PLCB1;TGFB1;ADAM8;TLR6;WNT5A;AGER;EIF2AK4;CASP8;ABCA2;RIPK3;BMI1;ADCY8;ABCG1;EPHA4;SRCIN1;SENP2;RBMS3;IL31RA;MIF4GD;ERCC6;PDGFB;THBS4;SIRT1;IL18;CTIF;FGFR1;CDKN2A;GAS6;CCBE1;PXYLP1;ARRDC4;RGMA;AGAP2;PKM;EIF5A2;LTBR;CLU;TNFAIP3;CIB1;NOD2;NSF;KIT;FGFR3;MARCHF2;GSN;AGO2;CDKN1B;PIM1;UQCC2;SLC2A10;STOX1;TOLLIP;USP8;CARD9;GGA1;CENPE;METTL14;SORL1;IL17D"
"GOBP_POSITIVE_REGULATION_OF_PROTEIN_SERINE_THREONINE_KINASE_ACTIVITY",0.990422077922078,1,0.242912884207094,0.632649438858094,6100,50,"DIRAS2;LTF;PIK3R6;ARHGEF5;NEK10;PIK3R5;TLR6;WNT5A;PDGFB;SIRT1;FGFR1;CIB1;PIM1;TAOK3"
"GOBP_POSITIVE_REGULATION_OF_PROTEIN_TYROSINE_KINASE_ACTIVITY",0.0211958946898706,1,-0.844544359170849,-1.53232450196609,94,7,"LILRA5;CSF1R;DOK7"
"GOBP_POSITIVE_REGULATION_OF_PYROPTOTIC_INFLAMMATORY_RESPONSE",0.0197621225983532,1,0.891793274541597,1.45715752398144,107,5,"GBP2;GBP1"
"GOBP_POSITIVE_REGULATION_OF_REACTIVE_OXYGEN_SPECIES_METABOLIC_PROCESS",0.947788599712598,1,0.270432024922264,0.732135836983935,5935,64,"F2;ITGAM;ACE2;CD36;AGTR1;NOX5;ITGB2;LCN2;FAS;CLEC7A;F2RL1;GRIN1;TGFB1;TLR6;RIPK3;PDGFB"
"GOBP_POSITIVE_REGULATION_OF_RECEPTOR_CLUSTERING",0.806919121084619,1,-0.365223952992802,-0.753459510203855,3451,12,"TNFAIP6"
"GOBP_POSITIVE_REGULATION_OF_RELEASE_OF_CYTOCHROME_C_FROM_MITOCHONDRIA",0.67670201847417,1,0.382665557880278,0.855620674989876,3955,22,"CASP1;TNFSF10;BIK;BNIP3;BMF;FAM162A;BBC3;PMAIP1;PINK1"
"GOBP_POSITIVE_REGULATION_OF_RELEASE_OF_SEQUESTERED_CALCIUM_ION_INTO_CYTOSOL",0.896820027063599,1,0.31193089666218,0.71231005830467,5301,24,"F2;APLNR;XCL1;CASQ1;GSTO1"
"GOBP_POSITIVE_REGULATION_OF_RESPIRATORY_BURST",0.323451910408432,1,-0.663566395628347,-1.16823516801786,1472,6,"JCHAIN;LBP"
"GOBP_POSITIVE_REGULATION_OF_RESPONSE_TO_CYTOKINE_STIMULUS",0.656254954812113,1,0.330873794244174,0.901546582568204,4138,67,"GFI1;ZBP1;CASP1;IL7;CASP4;CREBRF;NLRP6;PARP14;PARP9;CXCR4;RIGI;IRF7;IFIH1;WNT5A;NLRC5;GAS6;TSLP;C1QTNF4;IL1R1"
"GOBP_POSITIVE_REGULATION_OF_RESPONSE_TO_TYPE_II_INTERFERON",0.331576635924462,1,-0.657895351572557,-1.15825106823674,1509,6,"IRGM;TXK"
"GOBP_POSITIVE_REGULATION_OF_RNA_METABOLIC_PROCESS",0.103364367329666,1,0.312758456965095,1.08568602750536,976,1728,"SOX17;PEG3;ZFY;SRY;HSF4;WNT1;GTF2A1L;GATA5;GATA2;FGF10;RXRG;BARHL2;LHX5;HOXB2;MYT1L;CD274;TBR1;EVX1;NKX2-5;MCIDAS;TAL1;SHOX;SP100;LHX3;OSR1;EBF2;PDX1;CGA;SP7;SLC40A1;OLIG3;NKX6-3;SLC11A1;HOXA7;POU4F2;HOXB1;PHOX2B;BHLHE22;TFAP2B;LMX1A;MYRFL;NEUROD2;WBP2NL;MSX1;KLF14;SHH;EN1;FGF7;PRRX1;TBXT;EOMES;CDX2;ACVRL1;CDX1;FOXE1;SOX14;EN2;FOXC1;ARX;NKX2-1;PAX5;SPDEF;CD80;NANOS3;TLX2;WNT8A;LMX1B;HNF1B;CRX;NEUROG3;HOXB7;IKZF3;GDF7;RFX4;EGR3;GATA6;POU3F3;TFAP2A;GATA4;LMO1;FOXA2;BORCS8-MEF2B;CSRP3;MIXL1;NDP;EBF3;ASCL1;TBX1;IRF8;IRX3;TBX3;ZC3H12D;ITGA8;HHEX;HOXB3;WNT4;FEZF2;PAX7;ZIC1;PF4;FLI1;ZNF833P;PROX1;BMP5;SOX21;ID4;MUC1;FANK1;NFE2;LUM;NFE4;SETSIP;PLAGL1;POU2AF1;RIT2;SIX3;POU4F3;CREBRF;DMRT1;PTCH1;TFAP2C;NEUROD4;MYF6;HOXA5;FGF4;TFEC;GBX2;HOXC13;PRDM16;MEIS2;SERPINF2;CD38;MEOX2;ARRB1;IL1A;PAX6;GDNF;IL23A;BNC1;ONECUT2;NOG;LEF1;EGR2;PLAC8;EGR1;KAT2B;FOSB;ISL1;MAFB;NLRP3;ZEB2;CELF3;SPAG8;ONECUT1;HES5;CTCFL;CPEB3;TBX6;FOXN4;ZP3;WAS;CDH13;TNNI2;ID2;KMT2C;HES1;NFATC4;GRHL3;KLF4;SMARCA2;RBPJL;DLL1;CHCHD2;PARP9;HJV;MED12L;INHBA;XCL1;HAND1;MYB;STAT4;MECOM;RASL11A;SOX9;SOX1;HMX2;TBX10;ESR2;F2RL1;ERBB4"
"GOBP_POSITIVE_REGULATION_OF_SEQUESTERING_OF_CALCIUM_ION",0.483934309175295,1,0.565420019086985,1.01376361680853,2710,8,"TGFB1;GSTO1;FKBP1B;NTSR1;MTLN"
"GOBP_POSITIVE_REGULATION_OF_SKELETAL_MUSCLE_ACETYLCHOLINE_GATED_CHANNEL_CLUSTERING",0.745289855072464,1,0.459841805611071,0.800365121509366,4113,7,"LAMB1;LAMC1;LARGE1;DAG1;LAMA1"
"GOBP_POSITIVE_REGULATION_OF_SMALL_MOLECULE_METABOLIC_PROCESS",0.998769987699877,1,-0.214752552983973,-0.690820396557323,3247,138,"ADCY10;EDN2;CES1;PRKAG3;GPER1;STAR;AVP;ADM;PLIN5;PLA2G3;GPD1;FGF1;TREM2;PRKN;TIGAR;SNCA"
"GOBP_POSITIVE_REGULATION_OF_SPHINGOLIPID_BIOSYNTHETIC_PROCESS",0.744324443464845,1,-0.457008356550117,-0.773338935444979,3376,5,"CCN1"
"GOBP_POSITIVE_REGULATION_OF_STEROID_METABOLIC_PROCESS",0.557882392360529,1,0.386369972870766,0.935875020709221,3329,33,"CGA;CYP7A1;WNT4;AGTR1;APOA1;POMC;BMP6;NR5A2;ABCG1"
"GOBP_POSITIVE_REGULATION_OF_SYNAPSE_ASSEMBLY",0.758201892744479,1,0.312095041658772,0.855672206981409,4806,70,"CBLN2;IL1RAPL1;LRRTM2;VSTM5;FLRT3;EFNA5;EPHB3;LRRTM1;ASIC2;SLITRK3;SLITRK1;SYNDIG1;LRRN3;LRTM2;SEMA4A;RTN4RL1;FLRT1;CLSTN2;NTRK1;IL1RAP;THBS2;CLSTN3;LRRC24;PRKCA"
"GOBP_POSITIVE_REGULATION_OF_SYNAPSE_MATURATION",0.634059264548376,1,0.49475670438492,0.887068602359412,3551,8,"NEUROD2;CAMK2B"
"GOBP_POSITIVE_REGULATION_OF_SYNAPTIC_PLASTICITY",0.442915122639845,1,0.55227906983066,1.04072409619697,2509,10,"NEUROD2;ADCY8;SSH1"
"GOBP_POSITIVE_REGULATION_OF_SYNAPTIC_TRANSMISSION",0.989710610932476,1,-0.237617631025239,-0.773777087396424,3077,153,"RAPSN;OXT;CACNG2;DRD1;CRH;NTRK2;TACR2;GPER1;ADRA1A;PRKCE;RELN;SORCS3;SLC7A10;GRIA3;CRHR2;RASGRF2;SHISA7;ARC;IQSEC2;GRIK2;SNCA;PTK2B"
"GOBP_POSITIVE_REGULATION_OF_SYNAPTIC_TRANSMISSION_CHOLINERGIC",0.927264614011602,1,-0.3198881436709,-0.580398690859303,4155,7,"TACR2"
"GOBP_POSITIVE_REGULATION_OF_SYNAPTIC_TRANSMISSION_GABAERGIC",0.681344696969697,1,-0.405174300215262,-0.850553000029863,2877,13,"ADRA1A;PRKCE"
"GOBP_POSITIVE_REGULATION_OF_SYNAPTIC_TRANSMISSION_GLUTAMATERGIC",0.681952662721893,1,-0.347646985056836,-0.873059910015838,2765,29,"CACNG2;DRD1;RELN;IQSEC2;PTK2B"
"GOBP_POSITIVE_REGULATION_OF_SYNAPTIC_VESICLE_EXOCYTOSIS",0.924428179322964,1,0.358687157342113,0.586081668248997,5051,5,"CACNA1B;NLGN1;PPP3CA;SYT1"
"GOBP_POSITIVE_REGULATION_OF_SYNAPTIC_VESICLE_FUSION_TO_PRESYNAPTIC_ACTIVE_ZONE_MEMBRANE",0.719495333563775,1,0.398798981787729,0.815977837923553,4162,14,"RPH3A;DOC2A;PRRT2;SYT7"
"GOBP_POSITIVE_REGULATION_OF_SYNAPTIC_VESICLE_RECYCLING",0.993752788933512,1,-0.228479888828843,-0.414549369795861,4453,7,"LRRK2;PPP3CC;TOR1A;AP2M1;PLAA;NLGN1;ABCA13"
"GOBP_POSITIVE_REGULATION_OF_T_CELL_CYTOKINE_PRODUCTION",0.959168704156479,1,-0.272994012174115,-0.658818745428275,3922,24,"TBX21;IL18R1;GATA3"
"GOBP_POSITIVE_REGULATION_OF_T_CELL_MEDIATED_IMMUNE_RESPONSE_TO_TUMOR_CELL",0.264492753623188,1,0.688465640471616,1.19829010600471,1459,7,"MR1;KLHL22;FBXO38"
"GOBP_POSITIVE_REGULATION_OF_T_HELPER_1_TYPE_IMMUNE_RESPONSE",0.85392869505019,1,0.357390462460567,0.718009567109713,4933,13,"SLC11A1;CCR2;IL23A;XCL1;IL18;IL1R1;NLRP10;IL27RA"
"GOBP_POSITIVE_REGULATION_OF_T_HELPER_17_TYPE_IMMUNE_RESPONSE",0.398580823814469,1,0.529219274265462,1.06321948102739,2302,13,"IL23A;CLEC7A;PRKCQ;NLRP10;CARD9;MALT1"
"GOBP_POSITIVE_REGULATION_OF_T_HELPER_2_CELL_CYTOKINE_PRODUCTION",0.945019635844341,1,0.323983032545124,0.580881821955816,5293,8,"NLRP3;XCL1;DENND1B;PRKCZ"
"GOBP_POSITIVE_REGULATION_OF_TRANSMEMBRANE_RECEPTOR_PROTEIN_SERINE_THREONINE_KINASE_SIGNALING_PATHWAY",0.534936824478612,1,0.333928147992409,0.964803565007761,3513,104,"SMAD5-AS1;MSX1;ACVRL1;PSG9;GDF7;GATA4;ITGA8;BMP5;ZEB2;HES5;HES1;INHBA;SULF1;CRB2;BMPER;BMP4;TGFB1;ELAPOR2;BMP6;BMP7;SMAD4;CITED1;KCP;ING2;FOXD1"
"GOBP_POSITIVE_REGULATION_OF_TRANSMISSION_OF_NERVE_IMPULSE",0.0643720930232558,1,0.870351624469444,1.36160822544211,345,4,"MTNR1B;CHRNB4;GBA1;ITGA2"
"GOBP_POSITIVE_REGULATION_OF_TRIGLYCERIDE_METABOLIC_PROCESS",0.718852600656644,1,0.382785484150243,0.83102685060391,4159,19,"APOA5;DGAT2;PNPLA2;SLC27A1;ABHD5;KAT5"
"GOBP_POSITIVE_REGULATION_OF_TUMOR_NECROSIS_FACTOR_MEDIATED_SIGNALING_PATHWAY",0.216197547919185,1,0.591641320977515,1.2263778944024,1251,15,"CASP1;CASP4"
"GOBP_POSITIVE_REGULATION_OF_TUMOR_NECROSIS_FACTOR_SUPERFAMILY_CYTOKINE_PRODUCTION",0.574742268041237,1,0.327485239028606,0.94726715301713,3790,105,"ORM1;CYBB;AZU1;BTK;CD36;PF4;PSMB9;CCR2;IL1A;IL23A;PTPRC;ISL1;NFATC4;SPON2;CLEC7A;RIGI;FCER1G;IFIH1;TGFB1;FCGR2A;ADAM8;WNT5A;AGER;PSMB8"
"GOBP_POSITIVE_REGULATION_OF_TYPE_2_IMMUNE_RESPONSE",0.934932320113987,1,-0.301380254605416,-0.654110251656092,3936,15,"CD86;GATA3"
"GOBP_POSITIVE_REGULATION_OF_TYPE_I_INTERFERON_MEDIATED_SIGNALING_PATHWAY",0.227721059006749,1,0.560416644035905,1.20347048223265,1315,18,"ZBP1;IRF7;WNT5A;NLRC5;STING1;IKBKE"
"GOBP_POSITIVE_REGULATION_OF_TYPE_I_INTERFERON_PRODUCTION",0.598084815321477,1,-0.317033286855546,-0.932836644988994,2185,72,"TLR4;NMBR;TRADD;TLR7;SYK"
"GOBP_POSITIVE_REGULATION_OF_TYPE_II_INTERFERON_PRODUCTION",0.918186142381481,1,0.28051995517357,0.764345231711776,5790,67,"SLC11A1;CD226;CRTAM;IRF8;PSMB9;CCR2;IL23A;BTN3A2;ISL1;ZP3;EBI3;CLEC7A;F2RL1"
"GOBP_POSITIVE_REGULATION_OF_VOLTAGE_GATED_CALCIUM_CHANNEL_ACTIVITY",0.915096065873742,1,0.370019512328743,0.604598320935894,5000,5,"CACNB3;STAC3;NIPSNAP2"
"GOBP_POSTSYNAPSE_ASSEMBLY",0.999535243996902,1,0.217466463798917,0.612088196140197,6451,85,"LRRTM2;NPTX1;CPEB3;ASIC2;SLITRK3;NRXN3;SYNDIG1;TRIM47;WNT5A;NRXN2;C1QL2;ABI3;ZDHHC8;DOCK4;FGFR1;ARHGEF9;IL1RAP;UBE3B;ARHGEF15;PRICKLE1;NTRK3"
"GOBP_POSTSYNAPSE_ORGANIZATION",1,1,-0.186095850158496,-0.634708107232186,2722,238,"POTEKP;RAPSN;HTR4;ACTL8;POTEI;FCGR2B;ARMCX5-GPRASP2;GHRL;RELN;SHANK1;DOCK10;DISC1;LZTS1;LRFN2;SHISA7;ARC;TREM2;FRRS1L;ITPKA;PTK2B;PLPPR4;ZDHHC15;TANC1;CHRDL1"
"GOBP_POSTSYNAPSE_TO_NUCLEUS_SIGNALING_PATHWAY",0.833556448014279,1,-0.388674438354049,-0.705203176968158,3735,7,"PRR7;KPNA1;RELA;STAT3;WNT3A;RNF10;JAK2"
"GOBP_POSTSYNAPTIC_ACTIN_CYTOSKELETON_ORGANIZATION",0.0702087286527514,1,-0.644222036651871,-1.42707552253411,295,16,"POTEKP;ACTL8;POTEI"
"GOBP_POSTSYNAPTIC_CYTOSKELETON_ORGANIZATION",0.0875388662999282,1,-0.587377018223847,-1.36447755932741,365,20,"POTEKP;ACTL8;POTEI"
"GOBP_POSTSYNAPTIC_DENSITY_ASSEMBLY",0.391670881807452,1,0.436856323828103,1.04102481835179,2322,30,"LRRTM2;NPTX1;SLITRK3;NRXN3;NRXN2;C1QL2;ABI3;FGFR1;IL1RAP;PRICKLE1;NTRK3"
"GOBP_POSTSYNAPTIC_DENSITY_ORGANIZATION",0.975992160705537,1,0.258659397006105,0.668373905884925,5975,48,"LRRTM2;TANC2;NPTX1;PPFIA2;SLITRK3;NRXN3;NRXN2;C1QL2;ABI3;LRRC4;FGFR1;IL1RAP"
"GOBP_POSTSYNAPTIC_DENSITY_PROTEIN_95_CLUSTERING",0.935409457900807,1,-0.310118886334988,-0.613257872025777,4054,10,"RELN;SLC30A1;CDH2"
"GOBP_POSTSYNAPTIC_MEMBRANE_ASSEMBLY",0.996072831131739,1,0.222350897510133,0.398661601024454,5579,8,"NRXN2;NLGN1;NLGN2;LRP4;NLGN3;NRXN1;EPHB2;CDH2"
"GOBP_POSTSYNAPTIC_MEMBRANE_ORGANIZATION",0.885998469778118,1,-0.286402168465327,-0.779938640974601,3473,44,"RAPSN;RELN;SHISA7;FRRS1L;CHRDL1;SLC7A11;SLC30A1;CDH2;FZD9;GLRB;ETV5"
"GOBP_POSTSYNAPTIC_MODULATION_OF_CHEMICAL_SYNAPTIC_TRANSMISSION",0.964250493096647,1,-0.265981179034852,-0.667969274049969,3910,29,"GHRL;SORCS3;GRM3;RASGRF2"
"GOBP_POSTSYNAPTIC_NEUROTRANSMITTER_RECEPTOR_INTERNALIZATION",0.977185678601166,1,0.261520954108464,0.639861205718265,5867,35,"IQSEC3;DRD4;SUSD4;TAMALIN"
"GOBP_POSTSYNAPTIC_SIGNAL_TRANSDUCTION",0.19614062913032,1,-0.409562377038335,-1.15572927865201,741,56,"CHRM5;LY6G6D;OPRM1;CHRNA2;HRH4;LY6S;GNA15;LYNX1;LYPD1;CHRNA9"
"GOBP_POSTSYNAPTIC_SPECIALIZATION_ASSEMBLY",0.515121136173768,1,0.390462282990959,0.963584879119003,3082,37,"LRRTM2;NPTX1;SLITRK3;NRXN3;NRXN2;C1QL2;ABI3;FGFR1;ARHGEF9;IL1RAP;PRICKLE1;NTRK3"
"GOBP_POSTSYNAPTIC_SPECIALIZATION_ORGANIZATION",0.989377112506036,1,0.24132619378288,0.642363813605264,6146,57,"LRRTM2;TANC2;NPTX1;PPFIA2;SLITRK3;NRXN3;NRXN2;C1QL2;ABI3;LRRC4;FGFR1;ARHGEF9;IL1RAP"
"GOBP_POTASSIUM_ION_EXPORT_ACROSS_PLASMA_MEMBRANE",0.493183448935661,1,-0.418736091072145,-0.972724471372968,2061,20,"KCNE4;KCNA2;KCNQ1;KCND3"
"GOBP_POTASSIUM_ION_IMPORT_ACROSS_PLASMA_MEMBRANE",0.980075126571942,1,0.255335305375819,0.659784478506024,6000,48,"SLC12A3;FXYD2;ATP1B2;KCNJ6;KCNE2;SLC12A1;SLC12A7;HCN1;FXYD1;KCNJ4;HCN2;KCNH2;SLC12A6;FXYD7;KCNJ14;KCNJ11;ATP1B1;ANK2"
"GOBP_PRESYNAPSE_ASSEMBLY",0.327084361124815,1,0.423882374047784,1.07858438313447,1988,44,"NLGN4Y;IL1RAPL1;LRFN5;SLITRK3;SLITRK1;WNT5A;DKK1;IGSF11;IL1RAP;CLSTN3;FZD1"
"GOBP_PRESYNAPSE_ORGANIZATION",0.256182317763052,1,0.425188846450517,1.12525362253992,1584,55,"NLGN4Y;IL1RAPL1;LRFN5;PPFIA2;C5AR1;SLITRK3;SLITRK1;WNT5A;DKK1;IGSF11;IL1RAP;CLSTN3;FZD1;DAAM1"
"GOBP_PRESYNAPTIC_ACTIVE_ZONE_ORGANIZATION",0.906728538283063,1,-0.325105264766616,-0.656672777818091,3907,11,"PCDH17;ERC1;RIMS3;BSN;NRXN1"
"GOBP_PRESYNAPTIC_CYTOSKELETON_ORGANIZATION",0.975905797101449,1,0.285455106925037,0.496841106118921,5386,7,"DAAM1;TLN2;PCLO;CLASP2;PFN2;PLS3;CAP2"
"GOBP_PRESYNAPTIC_DENSE_CORE_VESICLE_EXOCYTOSIS",0.432021957913998,1,0.659125141883355,1.07698632313006,2360,5,"SNAP25;STXBP3"
"GOBP_PRESYNAPTIC_ENDOCYTOSIS",1,1,-0.132949330918035,-0.394725719797225,3564,77,"SGIP1;DNM3;STON2;SYNJ2;PRKN;SNCA;CAPN2;LRRK2;ACTB;AMPH;PPP3CC;BIN1;OPHN1;ACTG1;CTBP1;GAK;MX2;AP2S1;CDK5;SYNJ1;SYT11;PIK3C3;NLGN3;PACSIN1;PARK7;AP3D1;TOR1A;AP2M1;AP3B2;RAC1"
"GOBP_PRESYNAPTIC_MEMBRANE_ASSEMBLY",0.35486160397445,1,0.607375852062244,1.117143148136,1999,9,"IL1RAPL1;NLGN1"
"GOBP_PRESYNAPTIC_MEMBRANE_ORGANIZATION",0.306746310611384,1,0.593450912418059,1.14473785678697,1745,11,"IL1RAPL1;NLGN1"
"GOBP_PRESYNAPTIC_MODULATION_OF_CHEMICAL_SYNAPTIC_TRANSMISSION",0.534068136272545,1,0.388022285440421,0.953759149887182,3197,36,"CHRM2;GLRA3;CHRNB3;NOG;ADRA2A;CHRNA3;APBA1;SYT12;NRXN2;ADCY1;CHRNA6;DRD2;BACE1;FBXL20"
"GOBP_PRIMARY_ALCOHOL_METABOLIC_PROCESS",0.878290404755166,1,-0.274521152514946,-0.829496425069056,3102,86,"ADH4;PLB1;CES1;AKR1B10;BCO1;CYP2C8;CYP1A1;RDH8;RBP4;SULT1C4;AKR1B15;AKR1C3;SULT1A3;CYP2D6"
"GOBP_PRODUCTION_OF_MOLECULAR_MEDIATOR_INVOLVED_IN_INFLAMMATORY_RESPONSE",0.905020142547257,1,0.278364604901488,0.785894659354576,5840,87,"MEFV;F2;P2RX1;SLAMF8;PSG9;BTK;ABCD2;CD36;ALOX5;CLEC7A;ADCY7;NLRP7;NLRC3;FCER1G;PDCD4;TLR6"
"GOBP_PRODUCTION_OF_MOLECULAR_MEDIATOR_OF_IMMUNE_RESPONSE",0.975081410165652,1,0.252242084671642,0.772537104806715,6886,178,"CCR6;IL2RG;CD226;APOA2;RAET1G;ARG1;BTK;CD36;SPINK5;LGALS4;CD37;TREX1;PKP3;KLK7;CCR2;PTPRC;NLRP3;BCL6;TNFSF13;XCL1;SPON2;CLEC7A;F2RL1;SHLD1;EVPL;RIGI;SLC15A4;APOA1;FCER1G;B2M;SECTM1;TGFB1;SAMHD1;WNT5A"
"GOBP_PROGESTERONE_METABOLIC_PROCESS",0.67092803030303,1,-0.408050827037266,-0.856591484002863,2833,13,"AFP;LHB;ADM;AKR1C3"
"GOBP_PROLINE_METABOLIC_PROCESS",0.975454545454545,1,-0.259058795118577,-0.484164807568185,4291,8,"NOXRED1;PYCR2"
"GOBP_PRONEPHROS_DEVELOPMENT",0.710610361958836,1,0.448167204281505,0.824311535900575,4004,9,"OSR1;HNF1B"
"GOBP_PROSTAGLANDIN_SECRETION",0.329459203036053,1,-0.495805533780672,-1.09830446793255,1388,16,"OXT;PLA2G3;NOS2;PLA2G4A;ABCC4;ACSL4;PTGES"
"GOBP_PROSTAGLANDIN_TRANSPORT",0.419003868471954,1,-0.425228998744707,-1.01837642624946,1732,23,"SLC22A1;OXT;PLA2G3;NOS2;PLA2G4A;ABCC4;ACSL4;SLC22A2"
"GOBP_PROSTANOID_BIOSYNTHETIC_PROCESS",0.355418719211823,1,-0.42460847687343,-1.057610347481,1442,28,"EDN2;AVP;AKR1C3;PLA2G3;PIBF1;PLA2G4A;FABP5"
"GOBP_PROSTANOID_METABOLIC_PROCESS",0.161448942796263,1,0.474621100958342,1.21309589669688,984,45,"GSTM1;ATP6V1B1;GSTA1;PTGR3;HPGD;PTGDS;AVPR1A;PNPLA8;PTGS2;AKR1C2"
"GOBP_PROSTATE_GLAND_DEVELOPMENT",0.755129053606883,1,0.330423976510753,0.834231074822335,4563,42,"FGF10;PSAPL1;SHH;ID4;PTCH1;NOG;SOX9;SULF1;BMP4;CYP7B1;GLI1;BMP7;PLAG1;WNT5A"
"GOBP_PROSTATE_GLAND_GROWTH",0.629433562731604,1,0.47187123503375,0.88920220125746,3566,10,"PSAPL1;SHH;SOX9;PLAG1;FGFR2"
"GOBP_PROSTATE_GLAND_MORPHOGENESIS",0.814614343707713,1,0.337781685533522,0.771341648715252,4815,24,"FGF10;SHH;ID4;NOG;SOX9;SULF1;BMP4;CYP7B1;BMP7;WNT5A"
"GOBP_PROSTATE_GLANDULAR_ACINUS_DEVELOPMENT",0.129117259552042,1,-0.769766761533281,-1.35520515794483,587,6,"FOXA1"
"GOBP_PROSTATE_GLANDULAR_ACINUS_MORPHOGENESIS",0.691841756577702,1,0.581126978000772,0.865050157844283,3654,3,"FGFR2;SFRP1;FRS2"
"GOBP_PROSTATIC_BUD_FORMATION",0.0562299178864691,1,0.785120065725238,1.40767240385969,314,8,"FGF10;SHH;NOG;SULF1;BMP4;BMP7;WNT5A"
"GOBP_PROSTHETIC_GROUP_METABOLIC_PROCESS",0.915678524374177,1,-0.332262747130648,-0.584961849752334,4169,6,"NFS1;MOCS2;MOCS3;MOCOS"
"GOBP_PROTEIN_DELIPIDATION",0.588053780030857,1,-0.545188872152818,-0.922555957597405,2667,5,"ATG4C;ATG4A;ATG4D"
"GOBP_PROTEIN_DNA_COVALENT_CROSS_LINKING_REPAIR",0.864359861591696,1,-0.352314403737019,-0.696699204854002,3746,10,"TEX264;VCP;HMCES;VCPIP1;FAM111B;GCNA;BRIP1;SPRTN;FAM111A;TRAIP"
"GOBP_PROTEIN_IMPORT_INTO_MITOCHONDRIAL_MATRIX",0.519100580270793,1,-0.400911947202528,-0.960139777009749,2146,23,"GRPEL1;TIMM44;TOMM40;TOMM40L;DNAJC15;TIMM23;TIMM17A;HSPA4;HSP90AA1;TIMM23B;TIMM21;SAMM50;PAM16;TOMM70"
"GOBP_PROTEIN_INSERTION_INTO_MITOCHONDRIAL_INNER_MEMBRANE",0.885863130475965,1,-0.31550492373045,-0.718889052059046,3740,18,"TIMM22;TRMT10B;TIMM8A;TIMM10B;TIMM13;TIMM8B;TIMM29;AGK;TOMM70;TIMM9;BCS1L;MAIP1;ROMO1;TMEM126A;NDUFA13;COX18;OXA1L;TIMM10"
"GOBP_PROTEIN_INSERTION_INTO_MITOCHONDRIAL_INNER_MEMBRANE_FROM_MATRIX",0.826715462031107,1,0.434344603983326,0.709703163012048,4517,5,"OXA1L;COX18;TMEM126A;MAIP1"
"GOBP_PROTEIN_LIPID_COMPLEX_ASSEMBLY",0.610698616267297,1,0.387249404472711,0.90451117863921,3618,27,"APOA2;PRKACG;CD36;APOA1;ZDHHC8;CIDEB;ABCA7;ABCA1"
"GOBP_PROTEIN_LIPID_COMPLEX_ORGANIZATION",0.103733766233766,1,0.487666071158772,1.27009181614961,638,50,"MPO;APOA5;APOA2;PRKACG;CETP;PLA2G5;CD36;AGTR1;PNLIPRP2"
"GOBP_PROTEIN_LOCALIZATION_TO_AXON",0.963783160322953,1,-0.276377253599969,-0.546534035453627,4177,10,"PRICKLE2;CNTNAP1;CNTN2;CNTNAP2;COPE;COPA;TRIM46;ANK3;EPB41L3;UGT8"
"GOBP_PROTEIN_LOCALIZATION_TO_MITOCHONDRION",0.441431670281996,1,-0.344001500697828,-1.00235285279557,1627,68,"PRKN;ISG15;LRRK2;GRPEL1;TIMM22;TIMM44;DNAJA1;TSPO;TOMM40;TOMM40L;AIFM1;DNAJC15;TIMM23;TRABD;TRMT10B;TOMM5;TIMM17A;TIMM8A;GFER;MTX2;HSPA4;HSP90AA1;TIMM23B;TIMM10B;TIMM13;TIMM8B;TIMM21;MTCH2;MOAP1;TIMM29;HSPD1;BAX"
"GOBP_PROTEIN_LOCALIZATION_TO_POSTSYNAPSE",0.968020969855832,1,-0.257048746749092,-0.723861808330899,3692,55,"RAPSN;CACNG2"
"GOBP_PROTEIN_LOCALIZATION_TO_PRESYNAPSE",0.97733661278988,1,0.272881088039983,0.5263743055138,5562,11,"RAB27B;KIF5A;WNT7A;MAPK8IP3"
"GOBP_PROTEIN_LOCALIZATION_TO_SYNAPSE",1,1,0.182312012768028,0.517326247278103,6466,90,"NPTX1;RAB27B;LRRTM1;CACNG3;VWC2;ASIC2;SLITRK3;NRXN3;ERBB4;GRIP1;GRIN2C;NPHS1;WNT5A;NRXN2;C1QL2;CPLX1;ZDHHC2;LGI1;LRRC7;COLQ;CLSTN3;GPHN;CACNG7;GPSM2;CACNA2D2"
"GOBP_PROTEIN_PROCESSING_INVOLVED_IN_PROTEIN_TARGETING_TO_MITOCHONDRION",0.506916555109326,1,-0.540877492145928,-0.981357373093904,2271,7,"LRRK2;PMPCA;IMMP1L;MIPEP"
"GOBP_PROTEIN_TARGETING_TO_MITOCHONDRION",0.462353597322922,1,-0.334279023751329,-0.995446112801003,1657,78,"ADCY10;UBL4B;PRKN;BID;LEPROT;LRRK2;TIMM44;GDAP1;C11orf65;TSPO;TOMM40;FBXW7;BAG3;TIMM23;RAC2;USP36;PMPCA;TOMM5;HAX1;TIMM17A;FZD5;UBE2J2;IMMP1L;TIMM13;TIMM8B;MICALL2;GSK3A;TOMM34;MIPEP;UBE2L3;SREBF2;BCAP31;MFN2;PARL;BAP1;PIN1;PRKAA1;HTRA2;FBXO7;HPS4;HSPA1L;TOMM70;MGARP;TIMM9;ARIH2"
"GOBP_PROTEIN_TARGETING_TO_VACUOLE_INVOLVED_IN_AUTOPHAGY",0.0516029863855951,1,-0.828169753309134,-1.45802595984123,234,6,"IRGM"
"GOBP_PROTEIN_TRANSPORT_WITHIN_LIPID_BILAYER",0.846195652173913,1,0.402940941303383,0.701327873003673,4670,7,"RILPL1;RFTN1;ATP1B1;CD24;ARL6;REEP2"
"GOBP_PROTEOGLYCAN_METABOLIC_PROCESS",1,1,0.166895475418128,0.486591732653448,6620,113,"HS3ST1;BTK;HS3ST6;CHST5;SLC10A7;IDUA;B3GNT4;SULF1;HS3ST3B1;EXTL1;B3GNT3;BMPR1B;PXYLP1;B4GALT4;CYTL1;ST3GAL3;HGSNAT;SLC2A10;CHST11;HS6ST3"
"GOBP_PROTON_MOTIVE_FORCE_DRIVEN_ATP_SYNTHESIS",0.967588711930707,1,-0.250375406930585,-0.738644483418896,3462,74,"ATPSCKMT;NDUFA8;ATP5MC3;NDUFA6;NDUFC1;SDHB;ATP5MK;DNAJC30;NDUFB3;NDUFB9;NDUFC2;NDUFB10;NDUFS3;NDUFS6;NDUFA10;NDUFV2;NDUFS5;NDUFB4;NDUFB2;NDUFS1;NDUFA11;NDUFA9;NDUFA3;ATP6V0C;MT-ND1;NDUFA7;NDUFB11;NDUFV1;NDUFA12;ATP5PB;ATP5IF1;NDUFA5;SDHD;NDUFB6;ATP5MG;ATP5F1B;ATP5MJ;ATP5F1D;STOML2;ATP5PF;ATP5ME;ATP5F1E;NDUFAB1;ATP5MC1;NDUFS7;NDUFA1;ATP5F1C;NDUFB7;MT-ND2;NDUFS8;NDUFA2;MT-ND3;NDUFS2;NDUFA13;ATP5F1A;ATP5MC2;SDHA;MT-ATP6;ATP5PO;SDHC;MT-ATP8;NDUFB1;NDUFB5;MT-ND5;NDUFB8;NDUFV3;NDUFS4;ATP5MF;MT-ND4L;MT-ND4;ATP5PD;ANTKMT;MT-ND6"
"GOBP_PROTON_TRANSPORTING_TWO_SECTOR_ATPASE_COMPLEX_ASSEMBLY",0.0743173176633253,1,0.668508063228397,1.40147606966192,429,16,"ATP6V1B1;ALDOB;TMEM9;OXA1L;FMC1;VMA22"
"GOBP_PROTON_TRANSPORTING_V_TYPE_ATPASE_COMPLEX_ASSEMBLY",0.0376651196001428,1,0.804620396104435,1.44263530716491,210,8,"ATP6V1B1;ALDOB;TMEM9"
"GOBP_PROTOPORPHYRINOGEN_IX_METABOLIC_PROCESS",0.993499648629656,1,0.22477330202454,0.433576733371406,5654,11,"ALAS2;PPOX;ALAD;EIF2AK1;CPOX"
"GOBP_PTERIDINE_CONTAINING_COMPOUND_METABOLIC_PROCESS",0.638478859144358,1,-0.343170893870015,-0.898234808210969,2551,35,"FOLH1;PRKG2;FOLR1;SPR;ALDH1L2;MTHFD2L;TYMS"
"GOBP_PURINE_CONTAINING_COMPOUND_METABOLIC_PROCESS",1,1,-0.142359824515028,-0.516676721061512,1771,536,"SLC2A9;ADCY10;ACOT12;FMO2;TDO2;GDA;HKDC1;PRKAG3;ACSL5;QNG1;GUCY2D;MYH4;MYH6;ENPP3;XDH;GNMT;PDE4D;SULT1C4;NUPR1;ABCG2;PDK4;GPD1;HFE;SULT1A3;DLG2;SIRT4;FOXK1;ATPSCKMT;NPPB;ACOT9;IER3;HMGCS1;TREM2;PRKN;PGAM4;TIGAR;ACSL6;MVD;ACSM1;PRPS1;SNCA;GPD2;EPHA2;NNT;GCKR;SULT1A2;PFAS;SLC2A6;MVK;CROT;NPPC;ALDH1L2;CARD11;ACSS2;SULT1A1;NUDT18;ACSL4;MTHFD2L"
"GOBP_PURINE_DEOXYRIBONUCLEOSIDE_METABOLIC_PROCESS",0.161119682609654,1,-0.7827256780382,-1.3245102281475,730,5,"GDA;XDH"
"GOBP_PURINE_DEOXYRIBONUCLEOSIDE_MONOPHOSPHATE_METABOLIC_PROCESS",0.124824684431978,1,-0.654440396163769,-1.35011500836827,533,12,"GDA;XDH"
"GOBP_PURINE_DEOXYRIBONUCLEOSIDE_TRIPHOSPHATE_METABOLIC_PROCESS",0.949094202898551,1,0.325374995460445,0.566322580070216,5238,7,"SAMHD1;ADA;GUK1;DGUOK;NUDT16;ADK;NUDT15"
"GOBP_PURINE_DEOXYRIBONUCLEOTIDE_METABOLIC_PROCESS",0.436909262759924,1,-0.447888718842341,-1.00837746215333,1848,17,"GDA;XDH"
"GOBP_PURINE_NUCLEOBASE_METABOLIC_PROCESS",0.23938315539739,1,-0.505990864586167,-1.16541903430222,1008,19,"GDA;QNG1;XDH"
"GOBP_PURINE_NUCLEOSIDE_BISPHOSPHATE_METABOLIC_PROCESS",0.530287296642437,1,0.477542392834448,0.95939887258024,3063,13,"SULT1A4;SULT2B1"
"GOBP_PURINE_NUCLEOSIDE_METABOLIC_PROCESS",0.82470703125,1,-0.322549284327235,-0.791746566123645,3377,26,"GDA;XDH;GNMT"
"GOBP_PURINE_NUCLEOSIDE_MONOPHOSPHATE_METABOLIC_PROCESS",0.9717125382263,1,-0.257431465448935,-0.697943755181357,3812,43,"GDA;XDH;DLG2;PFAS;CARD11;AK1;PNP;GMPS;GART;IMPDH1;HPRT1;ADSL;AMPD2;DLG1;PRTFDC1;DNPH1;ADK"
"GOBP_PUTRESCINE_METABOLIC_PROCESS",0.960371295965727,1,0.300250510440727,0.53833085695215,5379,8,"AZIN2;PAOX;SAT2"
"GOBP_PYRAMIDAL_NEURON_DEVELOPMENT",0.77512297962052,1,0.40094750587018,0.773408177407236,4411,11,"FOXG1;DCLK2;PLXNA3;SLC4A10;FGFR2"
"GOBP_PYRAMIDAL_NEURON_DIFFERENTIATION",0.88654809186669,1,0.333513500207953,0.691320179368182,5133,15,"FOXG1;DCLK2;PLXNA3;SLC4A10;FGFR2"
"GOBP_PYRIDINE_CONTAINING_COMPOUND_METABOLIC_PROCESS",0.999428489784255,1,0.221328081933834,0.674797252598938,6994,170,"PFKFB1;RPEL1;ALDOB;GAPDHS;TREX1;SLC4A1;SLC25A18;CD38;ACTN3;PARP14;PARP9;SLC4A4;PGAM2;FBP1;ENO4;INSR;TRIM63;ACMSD;PARP10;DDIT4;NMRK1;ALDH1L1;PNPO;ENO3;IDO1;MLXIPL;P2RX7;PKM;PPARA"
"GOBP_PYRIMIDINE_CONTAINING_COMPOUND_METABOLIC_PROCESS",1,1,0.19637240187151,0.542846171851069,6422,74,"NME9;DHFRP1;ACP3;AK5;NME5;AK9;TPK1;DPYD;TK2"
"GOBP_PYRIMIDINE_DEOXYRIBONUCLEOSIDE_METABOLIC_PROCESS",0.423970722781336,1,0.663146964523484,1.08355783391342,2316,5,"DPYD;TK2;DHFR2"
"GOBP_PYRIMIDINE_DEOXYRIBONUCLEOSIDE_MONOPHOSPHATE_METABOLIC_PROCESS",0.938756428237494,1,-0.302552644300791,-0.624168172207062,4015,12,"DPYS;CDA;TYMS;UPP1;NT5C3A"
"GOBP_PYRIMIDINE_DEOXYRIBONUCLEOSIDE_TRIPHOSPHATE_METABOLIC_PROCESS",0.389781347612673,1,-0.602233371990267,-1.09268026218107,1746,7,"CMPK2;TYMS;DCTPP1;TBPL1"
"GOBP_PYRIMIDINE_DEOXYRIBONUCLEOTIDE_METABOLIC_PROCESS",0.470359572400389,1,-0.403019713829505,-0.983541009205055,1935,25,"CMPK2;DPYS;SMUG1;CDA;TYMS;NEIL2;OGG1;DCTPP1;UPP1;TBPL1;NT5C3A;TDG"
"GOBP_PYRIMIDINE_NUCLEOBASE_METABOLIC_PROCESS",0.998549323017408,1,-0.195763325363826,-0.468831514932528,4129,23,"DPYS;CDA;TYMS;DPYSL4;DPYSL5;CRMP1;CTPS1"
"GOBP_PYRIMIDINE_NUCLEOSIDE_DIPHOSPHATE_METABOLIC_PROCESS",0.940945790080738,1,-0.30564084540155,-0.604402578218491,4078,10,"CMPK2"
"GOBP_PYRIMIDINE_NUCLEOSIDE_METABOLIC_PROCESS",0.911630358397751,1,0.340055465757494,0.655950402829111,5188,11,"DPYD;TK2;TYMP;DHFR2"
"GOBP_PYRIMIDINE_NUCLEOSIDE_MONOPHOSPHATE_METABOLIC_PROCESS",0.985861490534388,1,-0.245793065470124,-0.577509738554481,4113,21,"DPYS;CDA;TYMS;UCK2;UPP1;UPRT;NT5C3A"
"GOBP_PYRIMIDINE_NUCLEOSIDE_TRIPHOSPHATE_METABOLIC_PROCESS",0.613876576883737,1,0.396873985397226,0.896625011319047,3600,23,"NME9;NME5"
"GOBP_PYRIMIDINE_NUCLEOTIDE_METABOLIC_PROCESS",0.999516050975964,1,0.18503926721442,0.485701317994771,6195,52,"NME9;AK5;NME5;AK9;DPYD"
"GOBP_PYRIMIDINE_RIBONUCLEOSIDE_MONOPHOSPHATE_METABOLIC_PROCESS",0.883776091081594,1,-0.330990884838856,-0.705183622979423,3725,14,"DPYS;CDA;UCK2;UPP1;UPRT;NT5C3A"
"GOBP_PYRIMIDINE_RIBONUCLEOSIDE_TRIPHOSPHATE_METABOLIC_PROCESS",0.292720970537262,1,0.536346795216271,1.13871621747425,1688,17,"NME9;NME5;AK3;NME6"
"GOBP_PYRIMIDINE_RIBONUCLEOTIDE_METABOLIC_PROCESS",0.659753835778115,1,0.368156922328407,0.877314742369833,3912,30,"NME9;AK5;NME5;AK9;DPYD;AK3;DHODH;CMPK1;NME6"
"GOBP_PYROPTOTIC_INFLAMMATORY_RESPONSE",0.0102728191310205,1,0.668781727799547,1.60115771070834,60,31,"MEFV;GBP2;NLRC4;ZBP1;GBP1;CASP1;CASP4;NLRP6;NLRP3;ZEB2"
"GOBP_PYRUVATE_METABOLIC_PROCESS",0.88812030075188,1,0.278599449068204,0.818156425005533,5905,120,"LDHAL6A;PFKFB1;ALDOB;GAPDHS;TREX1;SLC4A1;ACTN3;SLC16A3;ME3;SLC4A4;PGAM2;FBP1;ENO4;PDK2;INSR;TPK1;TRIM63;LDHC;DDIT4;SDS;ENO3;PDK1;MLXIPL;P2RX7;PKM;PPARA;SRR"
"GOBP_QUINOLINATE_METABOLIC_PROCESS",0.992131747483989,1,0.255459316785213,0.417411160356725,5421,5,"ACMSD;QPRT"
"GOBP_QUINONE_METABOLIC_PROCESS",0.116295938104449,1,-0.543548924777998,-1.30173956419063,480,23,"ADH4;NQO2;NQO1;FDXR;COQ7;AIFM2;UBIAD1;COQ8B;PDSS1;ADCK2"
"GOBP_REACTIVE_NITROGEN_SPECIES_METABOLIC_PROCESS",0.931824531992177,1,-0.263388713564425,-0.777035662784167,3334,74,"OPRM1;TLR4;CYP1A1"
"GOBP_REACTIVE_OXYGEN_SPECIES_METABOLIC_PROCESS",0.910590518436374,1,0.26807803674677,0.836558756863815,6568,218,"MPO;F2;CYBB;DRD5;HBA2;ITGAM;LPO;CYSLTR1;NCF1C;TFAP2A;NDUFA4L2;ACE2;ABCD2;CD36;ALOX5;AGTR1;NOX5;ITGB2;DHFRP1;GLS2;NOXA1;LCN2;DUOX1;FAS;HBA1;CLEC7A;F2RL1;GRIN1;IFI6;ALOX12;TGFB1;BMP7;BNIP3;TLR6;DDIT4"
"GOBP_RECEPTOR_CLUSTERING",0.231123139377537,1,-0.385018174346604,-1.11849258468344,853,67,"RAPSN;PIGR;DOK7;ITGAL;TNFAIP6;ITGB7;RELN;DLG2;SHISA7;FRRS1L;GRIK2;CHRDL1;SLC7A11;AGRN;CDH2;NME7;FZD9;GLRB;ETV5;PICK1;SSNA1"
"GOBP_RECEPTOR_LOCALIZATION_TO_SYNAPSE",0.99888455103179,1,-0.211086375157172,-0.630225251056319,3581,79,"RAPSN;CACNG2;RELN;DLG2;CEP112;IQSEC2;GRIP2"
"GOBP_RECEPTOR_METABOLIC_PROCESS",1,1,0.172088034466378,0.47571517097689,6422,74,"REP15;RNF43;INPP5F;MYLIP;TGFB1;ABCA2;DTX3L;SNX25;PEX6;NSF;OPTN;SORL1;POPDC1;GPRASP1;UVRAG;GIT1;PSEN1;NEDD4L;ARFGEF2;MVB12A"
"GOBP_REGULATION_OF_ACROSOME_REACTION",0.405676704742125,1,0.526873162231026,1.05850606233502,2343,13,"ZP4;SPINK1;IQCF1;ZP3;PKDREJ;CCDC87;PLCB1"
"GOBP_REGULATION_OF_ACUTE_INFLAMMATORY_RESPONSE",0.902092675635277,1,-0.286392268741648,-0.754681143595399,3620,36,"FCGR2B;CCR7;C2CD4B;NPY5R;C2CD4A;PTGER3;HPSE;C3;TAC1;ADORA1;KLKB1;IL6;PTGES"
"GOBP_REGULATION_OF_ACUTE_INFLAMMATORY_RESPONSE_TO_ANTIGENIC_STIMULUS",0.851799242424242,1,-0.346006330604486,-0.726345975962975,3597,13,"FCGR2B;CCR7;NPY5R"
"GOBP_REGULATION_OF_ADAPTIVE_IMMUNE_RESPONSE",0.208705515383525,1,0.361600267394217,1.109119487939,1471,184,"CD274;CD69;SLC11A1;CD226;MR1;KLRD1;RAET1G;ARG1;IL1RL1;CD80;BTK;TNFSF13B;AZGP1;CCR2;IL23A;ALOX15;PTPRC;NLRP3;ZP3;WAS;BCL6;TNFSF13;EBI3;XCL1;CLEC7A;SHLD1;ADCY7;SUSD4;HLA-H;SLC15A4;JUNB;CD1C;IRF7;FCER1G;B2M;SECTM1;TGFB1;ASCL2;AGER;CR1L;CR2;AHR;EIF2AK4;RIPK3;LAG3;CLEC4G;IL6ST;SIRT1;IL18;APLF;HLA-A;P2RX7;CD1D;JAK3;DENND1B;HLA-F;TNFSF4;PRKCQ;KLHL22;TNFAIP3;IL1R1;KMT5C;HLA-G;CEACAM1;NLRP10;IRF1;LGALS1;TAP2;CARD9;FBXO38;SOCS5"
"GOBP_REGULATION_OF_AIM2_INFLAMMASOME_COMPLEX_ASSEMBLY",0.137302325581395,1,0.825913902042684,1.29208831340303,737,4,"GBP2;IFI16"
"GOBP_REGULATION_OF_ALDOSTERONE_METABOLIC_PROCESS",0.304177079614423,1,0.649383888011683,1.16430571395568,1703,8,"WNT4;BMP5;BMP6"
"GOBP_REGULATION_OF_AMIDE_METABOLIC_PROCESS",0.999522140809175,1,0.205405488518303,0.557250734508368,6274,65,"ALDOB;SPHK1;EFNA1;GSAP;PDK2;TPK1;ABCA2;PDK1;ABCG1;EPHA4;ABCA7;CLU;SAMD8;SORL1"
"GOBP_REGULATION_OF_AMINE_METABOLIC_PROCESS",0.545212765957447,1,-0.394473892435392,-0.944721347821925,2254,23,"FSHR;DRD1;NR4A2;SLC6A3;HTR1A;TACR3;PRKN;SNCA;CHRNB2"
"GOBP_REGULATION_OF_AMINO_ACID_METABOLIC_PROCESS",0.873731884057971,1,0.388142891429728,0.675571530625252,4822,7,"ATP2B4;ACMSD;HNF4A;ATCAY"
"GOBP_REGULATION_OF_ANTIFUNGAL_INNATE_IMMUNE_RESPONSE",0.793961573650503,1,0.456847848801641,0.746472640240793,4338,5,"PLA2G5"
"GOBP_REGULATION_OF_ATP_BIOSYNTHETIC_PROCESS",0.099644128113879,1,-0.587562115728181,-1.35329730520835,419,19,"ADCY10;ATPSCKMT;TREM2;PRKN"
"GOBP_REGULATION_OF_ATP_DEPENDENT_ACTIVITY",0.622549840844362,1,0.371267823362204,0.899294216100974,3715,33,"FGF10;SLN;LTF;TNNI3"
"GOBP_REGULATION_OF_ATPASE_COUPLED_CALCIUM_TRANSMEMBRANE_TRANSPORTER_ACTIVITY",0.638968481375358,1,-0.516248392392099,-0.873583549350058,2898,5,"PLN;STRIT1"
"GOBP_REGULATION_OF_AUTOPHAGY",1,1,-0.1105583756925,-0.389532815895158,2224,362,"ADCY10;IRGM;ADRA1A;IL10RA;NUPR1;ADRB2;LZTS1;FOXK1;RUBCN;TRIM21;HPSE;SLC7A5;MAPK15;EPM2A;HMOX1;TREM2;PRKN;TIGAR;MTMR8;MET;SNCA;ATP6V1G2;TRIB3;TPCN1;RMC1;STK38L;ZC3H12A;ATP6V1C1;LRRK2;DAPK1;DDIT3;RPGR;DAPK3;NEDD4;QSOX1;BAD;PSMD14;OSBPL7;SIRT2;ATP6V0A2;RAB8A;NPC1;TSPO;DRAM1;GPSM1;PIK3R4;FBXW7;PLK2;HGF;EIF4G1;MTDH;PHF23;FEZ2;CASP3;BAG3;SNX6;LEP;ATP6V1E2;ENDOG;MAPK8;USP36;SNX18;SLC35D3;HAX1;STUB1;BCL2;CUL1;PIK3C2A;MTMR9;TRIM23;FZD5;C9orf72;UCHL1;PIP4K2C;TPCN2;ATP6V1D;PIP4K2B"
"GOBP_REGULATION_OF_AUTOPHAGY_OF_MITOCHONDRION",0.0206535947712418,1,-0.514723792908682,-1.44545758711485,78,54,"ADCY10;IRGM"
"GOBP_REGULATION_OF_AXON_DIAMETER",0.572369624885636,1,0.588922397592467,0.96227761207794,3127,5,"NEFL;KEL;XK;WNT7A"
"GOBP_REGULATION_OF_AXON_EXTENSION",0.994261786600496,1,0.239133972281133,0.669142839277869,6410,81,"BARHL2;POU4F2;ISLR2;NTN1;CDKL3;NRP1;NGF;NRCAM;WNT5A;FN1;PLXNA3;SLIT1;DSCAM;SEMA4F;CXCL12;WNT3;CDH1;CDKL5;GOLGA4"
"GOBP_REGULATION_OF_AXON_EXTENSION_INVOLVED_IN_AXON_GUIDANCE",0.53007258900795,1,0.456311962983477,0.956623160734128,3066,16,"NRP1;WNT5A;PLXNA3;SLIT1;DSCAM;CXCL12;WNT3;MEGF8;BMPR2;VEGFA"
"GOBP_REGULATION_OF_AXON_GUIDANCE",0.0911949685534591,1,0.698948018925677,1.37611580792465,521,12,"TBR1;POU4F2;FEZF2;SLIT2"
"GOBP_REGULATION_OF_AXONOGENESIS",0.968501619075655,1,0.255795864932508,0.76425232235875,6579,140,"SHOX2;POU4F2;ISLR2;NTN1;EFNA5;EPHB3;CDKL3;EFNA1;ZEB2;SLIT2;LRRC4C;SLITRK1;NEFL;FSTL4;NRP1;NGF;RET;WNT5A;FN1;KEL;PLXNA3;SLIT1;EPHA4;DSCAM;ULK2;NIN;SEMA4F;CRABP2;ROBO2;ROBO3;CXCL12;EPHA7;WNT3;CDH1;ROBO1;CDKL5;GOLGA4"
"GOBP_REGULATION_OF_BRANCHING_INVOLVED_IN_PROSTATE_GLAND_MORPHOGENESIS",0.554798409994321,1,0.662755692782709,0.986560490834963,2930,3,"BMP4;BMP7;SFRP1"
"GOBP_REGULATION_OF_CALCIUM_IMPORT_INTO_THE_MITOCHONDRION",0.608256477821695,1,-0.508862094733515,-0.895872061417468,2769,6,"MCUB;PSEN2;AFG3L2;VDAC1"
"GOBP_REGULATION_OF_CALCIUM_ION_DEPENDENT_EXOCYTOSIS",0.38963404537175,1,0.415795136632917,1.04129051452498,2352,40,"RPH3A;ADRA2A;ZP3;CDK5R2;DOC2A;SYT12;TRPV6;SYT6;BAIAP3;SYT7;CACNA1B;HYAL3"
"GOBP_REGULATION_OF_CALCIUM_ION_DEPENDENT_EXOCYTOSIS_OF_NEUROTRANSMITTER",0.94945652173913,1,0.324982629506678,0.565639658203542,5240,7,"CACNA1B;PPP3CA;RAB3GAP1;RAB3A;SYT1"
"GOBP_REGULATION_OF_CALCIUM_ION_EXPORT_ACROSS_PLASMA_MEMBRANE",0.614502975534494,1,-0.529665349947926,-0.896287413567026,2787,5,"RGS9;CALM2;CALM3;CALM1"
"GOBP_REGULATION_OF_CALCIUM_ION_IMPORT",0.89065606361829,1,0.299731679910722,0.747667721987556,5375,39,"SPINK1;P2RX1;SLN;TRPV3;ISL1;HES1;SEMG1;GRM6;CASR;PDGFB;CCL2;CXCL12;STC1;KCNN4"
"GOBP_REGULATION_OF_CALCIUM_ION_IMPORT_ACROSS_PLASMA_MEMBRANE",0.519501054111033,1,0.50534779291965,0.97479123764721,2956,11,"P2RX1;GRM6;KCNN4"
"GOBP_REGULATION_OF_CALCIUM_ION_IMPORT_INTO_SARCOPLASMIC_RETICULUM",0.651826237302788,1,-0.529108623443326,-0.861031384396975,3015,4,"PLN;STRIT1"
"GOBP_REGULATION_OF_CALCIUM_ION_TRANSMEMBRANE_TRANSPORT",0.99910727570302,1,0.225340608838954,0.66712190834156,6714,128,"F2;REM1;P2RX1;APLNR;SLN;CACNA1F;P2RX2;CLIC2;CRHR1;XCL1;GRIN1;TRPC3;CACNA1C;NGF;TGFB1;GRM6;UBASH3B;CASQ1"
"GOBP_REGULATION_OF_CALCIUM_ION_TRANSPORT",0.98510164299638,1,0.247368862049362,0.765197148837354,7074,196,"F2;REM1;SPINK1;CCR1;RCVRN;P2RX1;FFAR1;APLNR;SLN;CACNA1F;TRPV3;P2RX2;ADRA2A;ISL1;CLIC2;CRHR1;HES1;XCL1;SEMG1;GRIN1;TRPC3;CACNA1D;CACNA1C;NGF;TSPAN18;TGFB1;GRM6;UBASH3B;CASQ1;CAMK2A;CASR;GSTO1;PDGFB;TMEM38A;P2RX7;DMD;CCL2;CXCL12;CX3CL1;STC1;LIME1;FKBP1B;TRPC6;KCNN4;P2RX4;ATP2A1;GRIN3B;SLC8B1;NOS1;TRPC1;PRKD1"
"GOBP_REGULATION_OF_CALCIUM_ION_TRANSPORT_INTO_CYTOSOL",0.992396751339209,1,0.236945519997677,0.514408454347473,5742,19,"P2RX2;GRIN1;TRPC3;P2RX7;P2RX4;NOS1"
"GOBP_REGULATION_OF_CALCIUM_MEDIATED_SIGNALING",0.994121287128713,1,0.235878267195857,0.667193243341299,6425,88,"ZAP70;NEUROD2;GBP1;P2RX2;RIT2;PTPRC;ACTN3;CDH13;CLEC7A;GPR62;ATP2B4;GRM5;PDK2;ITPR1;CMKLR1;NMUR1;CALCR;MYOZ1;SLC24A4;ERBB3;PDGFRA;CHP2;CIB1;SLC8A2;FKBP1B;P2RX4;SPPL3;HTR2C"
"GOBP_REGULATION_OF_CARBOHYDRATE_METABOLIC_PROCESS",0.994556653774531,1,0.239943488105937,0.729035066491126,6942,165,"PFKFB1;PPP1R3G;SERPINA12;ALDOB;GCGR;GAPDHS;C1QTNF3;PTH1R;TREX1;SLC4A1;IGFBP3;MLYCD;KAT2B;ACTN3;SLC4A4;LHCGR;FBP1;PDK2;INSR;POMC;TRIM63;TGFB1;DDIT4;MST1;PPP1R3C;DGAT2;PDK1;GNB3;PDGFB;SIRT1;MLXIPL;P2RX7"
"GOBP_REGULATION_OF_CARDIAC_MUSCLE_CONTRACTION_BY_CALCIUM_ION_SIGNALING",0.999326712674634,1,0.200586880795984,0.482781422112397,5936,32,"CLIC2;TNNI3;CACNA1C;GSTO1;TMEM38A;DMD;FKBP1B;NOS1;TRDN;TMEM38B;GSTM2;ATP1B1;ANK2;JPH2;FKBP1C;CAMK2D;HRC"
"GOBP_REGULATION_OF_CARDIAC_MUSCLE_CONTRACTION_BY_REGULATION_OF_THE_RELEASE_OF_SEQUESTERED_CALCIUM_ION",0.961798839458414,1,-0.271150913712854,-0.649376451973712,3977,23,"PLN;SLC8A1"
"GOBP_REGULATION_OF_CATECHOLAMINE_METABOLIC_PROCESS",0.758909351829706,1,-0.350430681107055,-0.814050917273331,3172,20,"DRD1;NR4A2;SLC6A3;HTR1A;TACR3;PRKN;SNCA;CHRNB2"
"GOBP_REGULATION_OF_CATECHOLAMINE_UPTAKE_INVOLVED_IN_SYNAPTIC_TRANSMISSION",0.920909090909091,1,-0.329101240127442,-0.615069789558084,4051,8,"DRD1;SNCA;DRD3"
"GOBP_REGULATION_OF_CELLULAR_RESPONSE_TO_OXIDATIVE_STRESS",0.757245141493352,1,0.355959106929285,0.804189364944501,4441,23,"CD36;ALOX5;DHFRP1;BMP7;PNPLA8;SLC25A14"
"GOBP_REGULATION_OF_CENTROSOME_CYCLE",1,1,0.122784647932942,0.331048218586023,6245,62,"C10orf90;KAT2B;POC1B;SIRT1;SPICE1;FBXL13;MDM1;MCPH1;PLK4;CCNL1;CHMP2A;POC1A;MARK4;XRCC3"
"GOBP_REGULATION_OF_CHAPERONE_MEDIATED_AUTOPHAGY",0.727775794359157,1,0.45318512036257,0.812533287102961,4076,8,"GFAP;EEF1A1;CTSA;SNRNP70"
"GOBP_REGULATION_OF_CHOLESTEROL_METABOLIC_PROCESS",0.92843137254902,1,0.283513833577548,0.728165251209649,5681,46,"CYP7A1;SERPINA12;AGTR1;FMO5;APOA1;ABCA2;DGAT2;ABCG1;GNB3;CH25H;TTC39B"
"GOBP_REGULATION_OF_CHRONIC_INFLAMMATORY_RESPONSE",0.198067632850242,1,-0.732077727915578,-1.28885210750273,901,6,"CYP19A1;LTA"
"GOBP_REGULATION_OF_COLLAGEN_METABOLIC_PROCESS",0.889779559118236,1,-0.289499887766876,-0.770313828460465,3551,38,"SERPINB7;RGCC;TGFB3;VSIR;CIITA"
"GOBP_REGULATION_OF_CYCLIN_DEPENDENT_PROTEIN_SERINE_THREONINE_KINASE_ACTIVITY",1,1,-0.156717282948881,-0.402293829992352,4060,32,"GADD45A;CCNE2;PSMD10;CDC6;BCCIP;LATS1;SERTAD1;APC;PKMYT1;CDC37;CCNG1;CDC25A;CDK5RAP1;CDKN3;CCNK;CDK5R1;BLM;TFAP4;CCNT1;MEN1;CCNT2;CCNY;HERC5;GTF2H1;LATS2;INCA1;CDK5RAP3;CDC25C;PIM1;CDKN1B;CDKN2A;CDK5R2"
"GOBP_REGULATION_OF_CYTOKINESIS",0.40645343900368,1,-0.330757900191859,-1.01031972062632,1435,91,"ANKRD53;TEX14;CXCR5;PRKCE;SSTR5"
"GOBP_REGULATION_OF_CYTOKINETIC_PROCESS",0.714859437751004,1,-0.443140585192619,-0.804025471406739,3203,7,"RAB11FIP3;RAB11A;KIF20B;NUP62;ARF6;ECT2;EXOC7"
"GOBP_REGULATION_OF_CYTOSOLIC_CALCIUM_ION_CONCENTRATION",0.939393939393939,1,0.274679101982703,0.735996723627066,5858,59,"F2;CNGB1;WBP2NL;P2RX1;CACNB4;ATP2B3;NPY;ATP2B4;GRM5;TRPC3;ITPR1;SLC8A3;HCRTR1;WNT5A;TRPC7;TMEM64;GRM1;ADCY8"
"GOBP_REGULATION_OF_DENDRITE_DEVELOPMENT",0.981973724411855,1,0.250240600873872,0.71915415311726,6427,99,"IL1RAPL1;TLX2;NEUROG3;CSMD3;SKOR2;BMP5;CDKL3;NFATC4;CHRNA3;COBL;BMP7;FAT3;HECW2;EPHA4;CAPRIN2"
"GOBP_REGULATION_OF_DENDRITE_EXTENSION",0.889326034895655,1,0.319920091273165,0.71532501109914,5198,22,"OSTN;ITSN2;CPNE9;RNF157;CACNG7;RIMS2"
"GOBP_REGULATION_OF_DENDRITE_MORPHOGENESIS",0.868752993772952,1,0.293541609019008,0.794700005188066,5440,64,"IL1RAPL1;TLX2;NEUROG3;SKOR2;CDKL3;NFATC4;CHRNA3;HECW2;EPHA4;CAPRIN2"
"GOBP_REGULATION_OF_DENDRITIC_CELL_ANTIGEN_PROCESSING_AND_PRESENTATION",0.278286761337609,1,-0.612636860800485,-1.17992271182841,1214,9,"CD68;FGL2;FCGR2B;CCR7"
"GOBP_REGULATION_OF_DENDRITIC_CELL_CHEMOTAXIS",0.40152590489709,1,0.585660824696773,1.07720281473197,2262,9,"CCR6;SLAMF8;GAS6"
"GOBP_REGULATION_OF_DENDRITIC_CELL_DIFFERENTIATION",0.802010285179991,1,-0.367061096662557,-0.757249550145772,3430,12,"FCGR2B"
"GOBP_REGULATION_OF_DENDRITIC_SPINE_DEVELOPMENT",0.984870432963142,1,0.247549963167351,0.658930288110742,6118,57,"IL1RAPL1;TANC2;PPFIA2;EFNA1;CPEB3;FSTL4;GRM5;NGEF;CAPRIN2"
"GOBP_REGULATION_OF_DENDRITIC_SPINE_MAINTENANCE",0.107293127629734,1,-0.668014362147764,-1.37811819292946,458,12,"FCGR2B"
"GOBP_REGULATION_OF_DENDRITIC_SPINE_MORPHOGENESIS",0.813725490196078,1,0.314333442102887,0.807321064175995,4979,46,"IL1RAPL1;TANC2;PPFIA2;EFNA1;GRM5;NGEF;ABI3;EPHA4;SRCIN1;CAPRIN2"
"GOBP_REGULATION_OF_DNA_METABOLIC_PROCESS",1,1,0.0925225956060015,0.305923037184077,8126,486,"GATA5;FGF10;MCIDAS;ACVRL1;ZSCAN4;H1-1;SMOC2;PTPRC;KAT2B;WAS;BCL6;TNFSF13;KLF4;SMARCA2;PDGFA;PRKCG;SHLD1;H1-0;SLC15A4;EYA4;TGFB1;GLI1;FANCB;PKIB;AGER;ATR;SENP2;KMT5A;ERCC6;PDGFB;POT1;SIRT1;APLF;FGFR1;WHR1;SLFN11;ANKLE1;EYA2;EYA1;TNFSF4;PRKCQ;TAF10"
"GOBP_REGULATION_OF_DOPAMINERGIC_NEURON_DIFFERENTIATION",0.643863636363636,1,-0.463307716943843,-0.865893364154248,2832,8,"FGF20"
"GOBP_REGULATION_OF_ENDOPLASMIC_RETICULUM_UNFOLDED_PROTEIN_RESPONSE",0.998496993987976,1,0.218968254436431,0.538224179486304,5978,36,"CREBRF;ABCA7;ERN1;PIK3R1;BBC3;DNAJB9;BFAR;FICD;ATF6B;RACK1;AKT3;PTPN2;WFS1;SHISA5"
"GOBP_REGULATION_OF_ESTABLISHMENT_OF_PROTEIN_LOCALIZATION_TO_MITOCHONDRION",0.613232217573222,1,-0.33164432249147,-0.921747003997709,2344,51,"ADCY10;UBL4B;PRKN;LEPROT;LRRK2;DNAJA1;C11orf65;FBXW7;BAG3;RAC2;MAPK8;USP36;HAX1;FZD5;UBE2J2"
"GOBP_REGULATION_OF_EXCITATORY_SYNAPSE_ASSEMBLY",0.227483273288729,1,0.539865965079185,1.19727523712036,1325,21,"LRRTM2;VSTM5;SEMA4A;ABI3;FGFR1;IL1RAP;CLSTN3;PRICKLE1"
"GOBP_REGULATION_OF_EXECUTION_PHASE_OF_APOPTOSIS",0.311286843997124,1,-0.469757965223394,-1.10373252052964,1298,21,"CIDEA;CASP10;CXCR3;ZC3H12A;SIRT2"
"GOBP_REGULATION_OF_FATTY_ACID_METABOLIC_PROCESS",1,1,-0.199218844174044,-0.608525833767442,3532,91,"EDN2;FMO2;UGT1A6;ACADL;AVP;PLIN5;PLA2G3;PDK4;SIRT4"
"GOBP_REGULATION_OF_GENERATION_OF_PRECURSOR_METABOLITES_AND_ENERGY",0.977460555972953,1,0.252832049628769,0.744661356544488,6504,124,"PFKFB1;PPP1R3G;ALDOB;GCGR;NDUFA4L2;GAPDHS;TREX1;SLC4A1;PRDM16;ACTN3;CHCHD2;SLC4A4;FBP1;INSR;POMC;TRIM63;DDIT4;PPP1R3C;MLXIPL;P2RX7;PPARA;PPP1R3F;UQCC2;KHK;NOP53;EPM2AIP1;TMEM135;FLCN;GIT1;RBPJ;IFNAR1;ETFRF1;PSEN1;TRPV4;ABCD1;CISD1"
"GOBP_REGULATION_OF_GLUCOCORTICOID_METABOLIC_PROCESS",0.484769816545517,1,0.495851230167637,0.996181948092044,2800,13,"WNT4;BMP5;POMC;NR5A2"
"GOBP_REGULATION_OF_GLUCOSE_METABOLIC_PROCESS",1,1,0.189030196349422,0.540270350439292,6528,95,"PPP1R3G;SERPINA12;C1QTNF3;IGFBP3;MLYCD;KAT2B;ACTN3;FBP1;PDK2;INSR;MST1;DGAT2;PDK1;GNB3;SIRT1;PPARA;SLC35B4;MTCL2;ACACB;ERFE;EPM2AIP1;RORA;LEPR;SLC45A3"
"GOBP_REGULATION_OF_GLUTAMATE_RECEPTOR_CLUSTERING",0.898705934850513,1,-0.345273149601995,-0.626456741153975,4027,7,"SHISA7;FRRS1L;SLC7A11"
"GOBP_REGULATION_OF_GLUTAMATE_RECEPTOR_SIGNALING_PATHWAY",0.707859848484849,1,-0.397614292990022,-0.834682825583311,2989,13,"FOLH1;ADRB2;FRRS1L"
"GOBP_REGULATION_OF_GLUTAMATE_SECRETION",0.716209829867675,1,-0.369939161713024,-0.832881689906152,3030,17,"NPY5R;AVP;SYT4;SNCA;ADORA1"
"GOBP_REGULATION_OF_GLUTAMATE_SECRETION_NEUROTRANSMISSION",0.729116156050253,1,-0.464713171215843,-0.786376844021471,3307,5,"KMO;SLC38A2;DTNBP1;STXBP1"
"GOBP_REGULATION_OF_GLYCOGEN_METABOLIC_PROCESS",0.711133151500124,1,-0.333543037018174,-0.8615175367614,2867,33,"ADCY10;PRKAG3"
"GOBP_REGULATION_OF_GLYCOPROTEIN_METABOLIC_PROCESS",0.999253174010456,1,-0.196861957025815,-0.52135757141243,4013,37,"CCR7;NECAB3;NECAB2;ITM2A;HBEGF;SOAT1;MUSTN1;BCL2;RAMP1;MESD;FAM20B;ITM2B;CTNNB1;ITM2C;CCDC134;NCSTN;RAB1A;MEST;RAB1B;TCF7L2;TM9SF2;PTX3;CHP1;AATF;ACER2;BACE2;ACOT8;CST3;PAWR;NECAB1;SLC2A10;AGO2;JAK3;PXYLP1;ABCA7;ABCA2;PLCB1"
"GOBP_REGULATION_OF_HORMONE_METABOLIC_PROCESS",0.9874749498998,1,-0.245440537880484,-0.653078803769209,3941,38,"FSHR;GATA3;ADM;AKR1C3;NR3C1;PAX8;DUOXA1"
"GOBP_REGULATION_OF_HUMORAL_IMMUNE_RESPONSE",0.681186128329703,1,0.357505697268122,0.865959249753549,4065,33,"A2M;ZP4;GATA6;SPINK5;CD37;PTPRC;ZP3;SUSD4;EVPL;CR1L;CR2"
"GOBP_REGULATION_OF_HUMORAL_IMMUNE_RESPONSE_MEDIATED_BY_CIRCULATING_IMMUNOGLOBULIN",0.387330528284245,1,-0.512747828764197,-1.05780227379111,1656,12,"LTA;FCGR2B"
"GOBP_REGULATION_OF_HYDROGEN_PEROXIDE_METABOLIC_PROCESS",0.979364326375712,1,-0.260951739710111,-0.555963628186164,4128,14,"DUOXA1;SNCA;NOXO1"
"GOBP_REGULATION_OF_IMMUNE_EFFECTOR_PROCESS",0.960141602202701,1,0.256431745593502,0.824989764264034,7322,320,"A2M;GATA2;IL2RG;CD274;CD69;CD226;MR1;APOA2;CRTAM;KLRD1;RAET1G;TIGIT;ARG1;CD80;SLAMF8;PLA2G5;ITGAM;CFB;BTK;CD36;SPINK5;CD37;PIK3R6;ITGB2;TREX1;PKP3;AZGP1;CCR2;SERPINB9;CD300A;IL23A;PTPRC;NLRP3;ZP3;WAS;CX3CR1;BCL6;TNFSF13;C4B;XCL1;SPON2;CLEC7A;F2RL1;SHLD1;SUSD4;HLA-DMB;EVPL;RIGI;HLA-H;SLC15A4;JUNB;APOA1;POMC;CD1C;FCER1G;B2M;SECTM1;TGFB1;ADGRE2;ASCL2;WNT5A;AGER;CR1L;CR2;AHR;CADM1;RIPK3;LAG3;CLEC4G;SIRT1;IL18;APLF;HLA-A;P2RX7;BST2;CXCL6;CD1D;CFP;JAK3;CLU;DENND1B;HLA-F;TNFSF4;KLHL22;NOD2;IL1R1"
"GOBP_REGULATION_OF_IMMUNE_RESPONSE",0.997808282385512,1,0.242159852603032,0.821092458561854,8649,824,"A2M;ZAP70;GFI1;CD274;C7;MEFV;GBP2;LILRB5;ZP4;CD69;NLRC4;SLC11A1;CTSS;GPR17;ZBP1;CD226;MR1;CRTAM;GBP1;KLRD1;BLNK;RAET1G;C1QA;TIGIT;CASP1;FGL1;ARG1;IFNL4;NLRP2B;IL1RL1;CD8B2;PYDC1;HLA-DRB5;CD80;SLAMF8;FCRLB;PLA2G5;PSG9;ITGAM;GATA6;CFB;BTK;TNFSF13B;LTF;CD36;CFHR4;SPINK5;TNIP3;LPXN;HCK;CD37;FYB2;CCDC92;PIK3R6;ITGB2;TREX1;CACNB4;AZGP1;CCR2;NLRP6;CD38;SERPINB9;ALPK1;CD300A;C5AR1;IL23A;COL3A1;FCMR;BTN3A2;NPY;CLEC4D;ALOX15;PTPRC;NLRP3;IRAK2;ZP3;WAS;MOG;BCL6;TNFSF13;EBI3;PARP14;PARP9;CD72;C4B;XCL1;CLEC7A;ERMAP;NMI;ITK;F2RL1;SHLD1;MYO1G;BANK1;ADCY7;ZDHHC1;NFAM1;RAB7B;GP6;SUSD4;ECM1;HLA-DMB;EVPL;RIGI;NLRC3;CACNB3;HLA-H;SLC15A4;JUNB;POMC;CMKLR1;CD1C;GPR151;BTN3A3;IL15;CD8B;IFI16;IRF7;FCER1G;LCP2;PIK3CD;IFIH1;B2M;SECTM1;TGFB1;FCGR2A;ASCL2;TLR5;ADAM8;SAMHD1;PLCL2;TLR6;WNT5A;C1R;GCSAM;TRIM15;AGER;CR1L;MAPK10;PRKCB;CR2;AHR;EIF2AK4;TRAF3;CASR;CASP8;CADM1;NAIP;RIPK3;LAG3"
"GOBP_REGULATION_OF_IMMUNE_SYSTEM_PROCESS",0.996545022673289,1,0.247734919235211,0.85503967292445,9229,1383,"A2M;ORM1;SIRPB1;ZAP70;GATA2;FGF10;GFI1;CCR6;IL2RG;CD274;C7;MEFV;H4C2;H4C6;GBP2;LILRB5;TAL1;ZP4;CD69;TCIM;NLRC4;LYVE1;SLC11A1;HOXA7;CTSS;GPR17;CCR1;ZBP1;CD226;POU4F2;MR1;CCL25;CRLF2;CD209;APOA2;CRTAM;GBP1;KLRD1;BLNK;RAET1G;C1QA;SHH;TIGIT;CASP1;FGL1;ARG1;CXCL17;IFNL4;NLRP2B;GPR171;IL1RL1;CD8B2;PYDC1;HLA-DRB5;CD80;SLAMF8;BGLAP;MADCAM1;FCRLB;PLA2G5;PSG9;IKZF3;ITGAM;EGR3;VCAM1;GATA6;TSPAN32;CFB;LMO1;BTK;IL7;LST1;TNFSF13B;LTF;CD36;CFHR4;SPINK5;TNIP3;SIGLEC15;PF4;ILDR2;BMP5;PSMB9;LPXN;HCK;CD37;LRFN5;TACR1;PLAGL1;FYB2;SPHK1;CCDC92;H4C3;PIK3R6;ITGB2;TREX1;HOXA5;CACNB4;PKP3;DLK1;PRDM16;AZGP1;CCR2;NLRP6;MEIS2;CD38;IL1A;SERPINB9;ALPK1;CD300A;C5AR1;IL23A;COL3A1;FCMR;LEF1;BTN3A2;NPY;CLEC4D;ALOX15;PTPRC;FLT3LG;MAFB;NLRP3;IRAK2;ZP3;WAS;FAXDC2;CX3CR1;SLIT2;MOG;ID2;HES1;BCL6;TNFSF13;EBI3;SMARCA2;DLL1;PARP14;PARP9;CD72;INHBA;C4B;XCL1;SPON2;MYB;CLEC7A;ERMAP;SOX9;NMI;ITK;F2RL1;SHLD1;MYO1G;H4C15;BANK1;YPEL4;ADCY7;ZDHHC1;NFAM1;MPL;RAB7B;GP6;SUSD4;PRDM1;ECM1;HLA-DMB;PLVAP;EVPL;RIGI;NLRC3;CACNB3;HLA-H;JAG1;SLC15A4;JUNB;APOA1;POMC;CMKLR1;BMP4;F7;CD1C;ZEB1;GPR151;BTN3A3;IL15;CD8B;IFI16;IRF7;FCER1G;LCP2;PIK3CD;IFIH1;TNFRSF13C;RASAL3;ZBTB25;PLCB1;B2M;SECTM1;TGFB1;FCGR2A;TMEM176A;ADGRE2;UBASH3B;ASCL2;TLR5;H4C5;ADAM8;CD101;TESC;SAMHD1;PLCL2;TLR6;WNT5A;MAPK11;C1R;GCSAM;TRIM15;XG;L3MBTL1;FN1;AGER;CR1L;MAPK10;TMEM64;PRKCB;MAP3K8;CR2;CDK6;PSMB8;AHR;CCDC88B;EMILIN1;GCNT1;EIF2AK4;TRAF3;CASR;CASP8;CADM1;BCL6B;MAD1L1;IGFBP2;NAIP;RIPK3;MTUS1;SH3KBP1;LAG3"
"GOBP_REGULATION_OF_INFLAMMASOME_MEDIATED_SIGNALING_PATHWAY",0.481851911598645,1,0.373991480946532,0.981673554749096,2986,52,"MEFV;GBP2;NLRP2B;PYDC1;BTK;CD36;ADCY7;ZDHHC1;NLRC3;IFI16;TLR6;CASR"
"GOBP_REGULATION_OF_INFLAMMATORY_RESPONSE",0.999870884441575,1,0.223383992709622,0.723849653245681,7743,357,"MEFV;GBP2;CD69;NLRC4;GPR17;CCR1;ZBP1;SAA1;GBP1;CASP1;CXCL17;IL1RL1;SLAMF8;SIGLEC10;ACE2;BTK;CASP4;HCK;C1QTNF3;LRFN5;ALOX5;SPHK1;AGTR1;TREX1;CCR2;NLRP6;IL37;IL1A;IL23A;NPY;ALOX15;PTPRC;ISL1;NLRP3;ZP3;BCL6;KLF4;XCL1;NMI;IL22RA1;PDE2A;NLRP7;NLRC3;IL17RB;APOA1;CMKLR1;NLRP12;IL15;IFI16;FCER1G;NAPEPLD;GPR4;TGFB1;PDCD4;ADAM8;TLR6;WNT5A;ASH1L;PTGS2;AGER;MGLL;MAP3K8;AHR;WFDC1;MAPK13;NT5E;BCL6B;NAIP"
"GOBP_REGULATION_OF_INFLAMMATORY_RESPONSE_TO_ANTIGENIC_STIMULUS",0.901394169835234,1,-0.285980783464743,-0.769835580843845,3555,41,"LTA;FCGR2B;CCR7;SYK;NPY5R;FGR;TREM2;LYN;C3"
"GOBP_REGULATION_OF_INFLAMMATORY_RESPONSE_TO_WOUNDING",0.131298793470546,1,0.718142535599073,1.32087571526847,739,9,"SIGLEC10;ALOX5;GIT1"
"GOBP_REGULATION_OF_INHIBITORY_SYNAPSE_ASSEMBLY",0.666788655077768,1,0.538460028644143,0.879823950797779,3643,5,"SEMA4A;CLSTN3;SEMA4D"
"GOBP_REGULATION_OF_INNATE_IMMUNE_RESPONSE",0.757166308877383,1,0.279916847092155,0.917063421619228,5995,421,"A2M;GFI1;CD274;MEFV;GBP2;NLRC4;CTSS;ZBP1;CD226;CRTAM;KLRD1;RAET1G;TIGIT;CASP1;ARG1;NLRP2B;PYDC1;SLAMF8;PLA2G5;BTK;LTF;CD36;TNIP3;HCK;CCDC92;PIK3R6;TREX1;NLRP6;SERPINB9;ALPK1;CD300A;NLRP3;IRAK2;PARP14;PARP9;CLEC7A;NMI;F2RL1;ADCY7;ZDHHC1;RAB7B;SUSD4;RIGI;NLRC3;SLC15A4;IFI16;IRF7;IFIH1;B2M;TGFB1;TLR5;ADAM8;SAMHD1;TLR6;WNT5A;TRIM15;TRAF3;CASR;CASP8;CADM1;NAIP;LAG3"
"GOBP_REGULATION_OF_INTRACELLULAR_LIPID_TRANSPORT",0.994318181818182,1,-0.21972592163675,-0.410654108532794,4374,8,"PCSK9;ARV1;LDLRAP1;TMEM97;ANXA2;NUS1;SCP2;ABCA2"
"GOBP_REGULATION_OF_IRE1_MEDIATED_UNFOLDED_PROTEIN_RESPONSE",0.927333175017811,1,-0.306162638041548,-0.664489850137152,3904,15,"BCL2L11;BAK1;PTPN1;TMEM33;HSPA5;DAB2IP;BAX;DDRGK1;COPS5;UFL1;TMBIM6;FICD;BFAR;DNAJB9;BBC3"
"GOBP_REGULATION_OF_IRON_ION_TRANSMEMBRANE_TRANSPORT",0.32727616884346,1,0.779961085213213,1.16102931961144,1728,3,"LCN2;HEPH"
"GOBP_REGULATION_OF_IRON_ION_TRANSPORT",0.80128087831656,1,0.451511123981135,0.737752627489389,4378,5,"LCN2;B2M;HEPH"
"GOBP_REGULATION_OF_KETONE_METABOLIC_PROCESS",1,1,0.206240951309711,0.606709390823552,6637,123,"GIP;APOA5;CYP7A1;BGLAP;ABCD2;WNT4;PROX1;BMP5;TREX1;MLYCD;EGR1;KAT2B;SOX9;PDK2;TPK1;DKKL1;AVPR1A;BMP6;PTGS2;DGAT2;PDK1;INSIG2;SIRT1;MLXIPL"
"GOBP_REGULATION_OF_L_GLUTAMATE_IMPORT_ACROSS_PLASMA_MEMBRANE",0.718478260869565,1,0.472679046220406,0.822708630765733,3965,7,"ARL6IP1;PSEN1;SEPTIN2;ARL6IP5;ITGB1;PER2"
"GOBP_REGULATION_OF_LIPID_BIOSYNTHETIC_PROCESS",0.989238176154064,1,0.244775928520016,0.748659615238873,6985,175,"GFI1;GIP;CGA;APOA5;CYP7A1;SERPINA12;BGLAP;ABCD2;WNT4;PROX1;BMP5;SPHK1;TREX1;EGR1;KAT2B;PDGFA;ABCA3;LHCGR;DKKL1;POMC;ABHD6;AVPR1A;BMP6;PTGS2;ABCA2;DGAT2;NR5A2;ABCG1;INSIG2;PDGFB;SIRT1;HTR2B;MLXIPL;SNAI2"
"GOBP_REGULATION_OF_LIPID_CATABOLIC_PROCESS",0.933462846041768,1,0.278055612231822,0.733612829566341,5765,54,"ENDOU;APOA5;APOA2;ABCD2;ADRA2A;MLYCD;HCAR1"
"GOBP_REGULATION_OF_LIPID_LOCALIZATION",0.92788011239463,1,-0.260169706316232,-0.83949049566653,2971,142,"ABCA8;OXT;CYP19A1;CES1;ACSL5;CRH;GHRL;SYK;KCNK9;PLIN5;PLA2G3;GDF9;DISP3;SPP1;SAR1B;TREM2;PRKN;APOB;C3;PCSK9;EHD1;PLA2G4A;ABCA5;C1QTNF1;OSBPL6;TAC1;CRY2;ZC3H12A;ACSL4"
"GOBP_REGULATION_OF_LIPID_METABOLIC_PROCESS",1,1,0.211497917708719,0.67710671744714,7556,300,"GFI1;GIP;CGA;ENDOU;APOA5;CYP7A1;PSAPL1;APOA2;SERPINA12;BGLAP;ABCD2;WNT4;PROX1;BMP5;SPHK1;AGTR1;TREX1;FMO5;ADRA2A;MLYCD;HCAR1;EGR1;KAT2B;ID2;PDGFA;ABCA3;SOX9;LHCGR;PDK2;TPK1;HPGD;DKKL1;APOA1;POMC;ABHD6;TM6SF2;AVPR1A;SPATA18;SCT;LACTB;BMP6;BCL11B;PTGS2;CRTC3;ABCA2;DGAT2;NR5A2;PDK1;ABCG1;CIDEB;INSIG2;GNB3;ABCA7;PDGFB;SIRT1;HTR2B;MLXIPL;SNAI2;NR1D2;CH25H;PPARA;CLSTN3;PNPLA2;TTC39B;NPC2"
"GOBP_REGULATION_OF_LIPID_STORAGE",0.998990663638658,1,-0.214451597557121,-0.574699756192972,3958,40,"CES1;PLIN5;TREM2;APOB;C3;EHD1;ZC3H12A;ITGB3;IL6;FBXW7;PPARD;SCARB1;LEP;HILPDA;PLA2G10"
"GOBP_REGULATION_OF_LIPOPROTEIN_METABOLIC_PROCESS",0.574166810568123,1,0.445407883052302,0.9232593505562,3324,15,"HHATL;DGAT2"
"GOBP_REGULATION_OF_LONG_CHAIN_FATTY_ACID_IMPORT_ACROSS_PLASMA_MEMBRANE",0.143610013175231,1,-0.76211435789543,-1.34173279540733,653,6,"ACSL5"
"GOBP_REGULATION_OF_LONG_TERM_NEURONAL_SYNAPTIC_PLASTICITY",0.9912109375,1,-0.234780847623886,-0.576305510289778,4059,26,"NEURL1;GRIK2;SNCA;NETO1;RAB8A;HRAS;EPHB2;KCNJ10"
"GOBP_REGULATION_OF_LONG_TERM_SYNAPTIC_DEPRESSION",0.891603415559772,1,-0.317258483551729,-0.702788464899447,3758,16,"SORCS3;ARC;IQSEC2;ADORA1"
"GOBP_REGULATION_OF_LONG_TERM_SYNAPTIC_POTENTIATION",0.916873654578573,1,0.291496539145797,0.730005126292156,5536,40,"CYP46A1;FAM107A;AGER;EIF2AK4;IGSF11;ADCY1;ADCY8;EPHA4;ZDHHC2"
"GOBP_REGULATION_OF_MACROAUTOPHAGY",1,1,-0.193098313409435,-0.643664096327592,2869,194,"ADCY10;IRGM;NUPR1;ADRB2;LZTS1;RUBCN;EPM2A;HMOX1;PRKN;TIGAR;MTMR8;ATP6V1G2;ATP6V1C1;LRRK2;NEDD4;QSOX1;PSMD14;ATP6V0A2;NPC1;TSPO;GPSM1;PIK3R4;FBXW7;PHF23;FEZ2;CASP3;BAG3;SNX6;ATP6V1E2;MAPK8;USP36;SNX18;STUB1;CUL1;FZD5;C9orf72;UCHL1;PIP4K2C;ATP6V1D;PIP4K2B;UBQLN1;MUL1;ATG5;TRIM13;ELAPOR1;GNAI3;CAPNS1;GSK3A;CDK5;CSNK2A1;UBE2A;UBQLN4;TMEM39A;VDAC1;CDC37;PIK3C3;SUPT5H;SREBF2;UBQLN2;MOAP1;EXOC8;PIP4K2A;SESN2;SESN1;HIF1A;RALB;PARL;RNF41;CLN3;WDR45"
"GOBP_REGULATION_OF_MAST_CELL_ACTIVATION_INVOLVED_IN_IMMUNE_RESPONSE",0.818161780912497,1,-0.410087247936558,-0.693940124318144,3711,5,"ENPP3"
"GOBP_REGULATION_OF_MEMBRANE_LIPID_DISTRIBUTION",0.998657357679914,1,-0.211221833210691,-0.611109659077335,3718,65,"PLSCR2;ANO3;XKR4;PLSCR4;ANO4;ATP10B;TRPC5"
"GOBP_REGULATION_OF_MEMBRANE_LIPID_METABOLIC_PROCESS",0.64621500172831,1,0.424657316433683,0.868886267885243,3738,14,"SPHK1;ABCA2;SAMD8;SCARB2;ORMDL2;ORMDL3"
"GOBP_REGULATION_OF_MESENCHYMAL_TO_EPITHELIAL_TRANSITION_INVOLVED_IN_METANEPHROS_MORPHOGENESIS",0.821062025881303,1,-0.396446087324094,-0.719303902416339,3679,7,"PAX2;LIF;PAX8"
"GOBP_REGULATION_OF_MESONEPHROS_DEVELOPMENT",0.603659652333028,1,0.57217117776915,0.934906732863852,3298,5,"HNF1B;GDNF"
"GOBP_REGULATION_OF_METANEPHROS_DEVELOPMENT",0.680138318564945,1,-0.50962020100269,-0.829317398628661,3146,4,"PAX2"
"GOBP_REGULATION_OF_MIRNA_METABOLIC_PROCESS",1,1,0.197011455701472,0.55327853307081,6475,83,"GATA2;PAX6;EGR1;NFATC4;KLF4;MYB;SOX9;BMP4;TGFB1;SMAD4;NFIB;PDGFB"
"GOBP_REGULATION_OF_MITOCHONDRIAL_ATP_SYNTHESIS_COUPLED_ELECTRON_TRANSPORT",0.45018115942029,1,0.603770179434954,1.05087572971977,2484,7,"NDUFA4L2;CHCHD2"
"GOBP_REGULATION_OF_MITOCHONDRIAL_DEPOLARIZATION",0.0564458263573308,1,-0.617448339088232,-1.43433327588722,235,20,"ADCY10;MYOC"
"GOBP_REGULATION_OF_MITOCHONDRIAL_DNA_METABOLIC_PROCESS",0.90654617588715,1,-0.344809391194482,-0.583478450001887,4112,5,"LIG3;ENDOG;SSBP1"
"GOBP_REGULATION_OF_MITOCHONDRIAL_ELECTRON_TRANSPORT_NADH_TO_UBIQUINONE",0.589574155653451,1,0.55565318713986,0.937403723366066,3211,6,"NDUFA4L2;PINK1"
"GOBP_REGULATION_OF_MITOCHONDRIAL_FISSION",0.312453942520265,1,-0.431757199997903,-1.09189068841056,1271,30,"IRGM;PRKN;LRRK2;INF2;DDHD1;C11orf65;SPIRE1;PGAM5"
"GOBP_REGULATION_OF_MITOCHONDRIAL_FUSION",0.960626185958254,1,-0.281520253483548,-0.599785315508812,4049,14,"PRKN;PLD6;TFRC;MUL1;ADCK1;MTCH2;MIEF1"
"GOBP_REGULATION_OF_MITOCHONDRIAL_GENE_EXPRESSION",0.716043307086614,1,-0.337359445693859,-0.859415255323271,2909,31,"TRUB2;MALSU1;DDX3X;MTG1;MTG2;COA3;METTL8;TACO1;MTERF3;C1QBP;NGRN;TEFM;RPUSD4;THAP11;CDK5RAP1;PRKAA1;SHMT2;ALKBH1;MPV17L2"
"GOBP_REGULATION_OF_MITOCHONDRIAL_MEMBRANE_PERMEABILITY",1,1,-0.162569720527891,-0.456531520807063,3824,54,"SLC25A31;IER3;PPIF;BID;LRRK2;RTL10;BAD;FZD9;BCL2L11;BAK1;GCLC;THEM4;BCL2;MUL1;GSK3A;TMEM14A;SLC35F6;SIVA1;MTCH2"
"GOBP_REGULATION_OF_MITOCHONDRIAL_MEMBRANE_PERMEABILITY_INVOLVED_IN_APOPTOTIC_PROCESS",1,1,0.176950412462108,0.445171463548769,6056,41,"HIP1R;BNIP3;CAMK2A;PPM1K;NAIF1;EYA2;BLOC1S2;RHOT1;BNIP3L;NOL3"
"GOBP_REGULATION_OF_MITOCHONDRIAL_MEMBRANE_POTENTIAL",0.266521026761333,1,-0.373887097395011,-1.09331424510082,975,70,"ADCY10;MYOC;KCNQ3;PRKN;PPIF;TSPAN9;GCLM;BID;LRRK2;RTL10;BAD;PPP2R3C;PPA2;TSPO;FZD9;MLLT11;BAK1;SPART;CLIC1;GCLC;BCL2;VCP;SRC;MUL1;SOD1;PRDX3"
"GOBP_REGULATION_OF_MITOCHONDRIAL_MRNA_STABILITY",0.766622043730477,1,-0.422875009650274,-0.767256013872894,3435,7,"PDE12;TBRG4;FASTKD5;FASTKD2;FASTK;FASTKD3;FASTKD1"
"GOBP_REGULATION_OF_MITOCHONDRIAL_OUTER_MEMBRANE_PERMEABILIZATION_INVOLVED_IN_APOPTOTIC_SIGNALING_PATHWAY",0.827959576515881,1,-0.325712646173257,-0.774066152986666,3440,22,"IER3;LRRK2;FZD9;BAK1;GCLC;MUL1;GSK3A;TMEM14A;SLC35F6;SIVA1;ZNF205;TMEM102;CASP6;GSK3B;BOK;MPV17L;ATP5IF1;HSPA1A"
"GOBP_REGULATION_OF_MITOCHONDRIAL_RNA_CATABOLIC_PROCESS",0.837778267577694,1,-0.397367608460707,-0.672416245573884,3800,5,"GRSF1;SUPV3L1;PNPT1;SLIRP;LRPPRC"
"GOBP_REGULATION_OF_MITOCHONDRIAL_TRANSCRIPTION",0.953513129879347,1,0.308214947498456,0.566898100380372,5373,9,"KANSL1;KAT8;MTRES1;KANSL3;METTL4;PRKAA1;THAP11;TEFM;MTERF3"
"GOBP_REGULATION_OF_MITOCHONDRIAL_TRANSLATION",0.526467757459095,1,-0.402276194421972,-0.956021787648658,2187,22,"TRUB2;MALSU1;DDX3X;MTG1;MTG2;COA3;METTL8;TACO1;C1QBP;NGRN;RPUSD4;CDK5RAP1;SHMT2;ALKBH1;MPV17L2"
"GOBP_REGULATION_OF_MITOCHONDRION_ORGANIZATION",1,1,-0.175981142673582,-0.553483653151053,3380,113,"IRGM;FXN;GPER1;IER3;PRKN;PPIF;BID;PSMD10;LRRK2;INF2;BAD;PLD6;DDHD1;C11orf65;FZD9;SPIRE1;BCL2L11;PGAM5;MLLT11;HGF;BAK1;TFRC;RAP1GDS1;GCLC;OPA1;ENDOG;PISD;SIRT7;TP53;PRMT6;MUL1;GSK3A;SSBP1;LMNA;TMEM14A;MYO19;ADCK1;SLC35F6;SIVA1;MTCH2;MOAP1;ZNF205;HIGD1A;GHITM;BAX;RALA;PARL;PLSCR3;MIEF1;CYRIB;MAPT;PRELID1"
"GOBP_REGULATION_OF_MITOTIC_CENTROSOME_SEPARATION",0.834318181818182,1,-0.382474425786528,-0.714820960531083,3670,8,"MAP9;CHEK1;CEP85;NSFL1C;NEK2;KIF11;UBXN2B;KIF25"
"GOBP_REGULATION_OF_MITOTIC_CYTOKINESIS",0.00215259507294906,1,-0.750271028503002,-1.74288055208811,8,20,"ANKRD53"
"GOBP_REGULATION_OF_MODIFICATION_OF_POSTSYNAPTIC_ACTIN_CYTOSKELETON",0.91195652173913,1,0.360933393136528,0.6282127799812,5033,7,"PRMT8;ITSN1;CYFIP1;BAIAP2;RHOA"
"GOBP_REGULATION_OF_MODIFICATION_OF_POSTSYNAPTIC_STRUCTURE",0.991090146750524,1,0.240724296359214,0.47394727590848,5672,12,"PRMT8;EGLN1;ITSN1"
"GOBP_REGULATION_OF_MODIFICATION_OF_SYNAPTIC_STRUCTURE",0.966031195840555,1,0.280751979059243,0.59606365600421,5573,17,"PRMT8;EPHA4;EGLN1;ITSN1;ABL1"
"GOBP_REGULATION_OF_MOTOR_NEURON_APOPTOTIC_PROCESS",0.971014492753623,1,0.296340616073496,0.5157875823766,5359,7,"MAP3K12;CRLF1;MAP2K4;KCNB1;MAP2K7;VPS54;ZPR1"
"GOBP_REGULATION_OF_MRNA_METABOLIC_PROCESS",1,1,0.125508022616351,0.405211471941938,7712,337,"A1CF;SLC11A1;SRPK3;CELF6;NANOS3;ZC3H12D;RBFOX1;RBM20;PKP3;GDNF;ADARB2;CELF3;CPEB3;DAZL;HMX2"
"GOBP_REGULATION_OF_MYELOID_DENDRITIC_CELL_ACTIVATION",0.136664773802764,1,0.86163643380934,1.28260907045717,721,3,"TSPAN32;CD37;CLEC4D"
"GOBP_REGULATION_OF_NADP_METABOLIC_PROCESS",0.525348089967869,1,0.546495709752979,0.979833484113502,2942,8,"ALDOB;MTOR;MLST8"
"GOBP_REGULATION_OF_NATURAL_KILLER_CELL_MEDIATED_IMMUNE_RESPONSE_TO_TUMOR_CELL",0.231167440199929,1,0.682157488916627,1.2230667819541,1294,8,"CD226;CRTAM;TGFB1;CEACAM1"
"GOBP_REGULATION_OF_NEUROBLAST_PROLIFERATION",0.326926319339066,1,0.457581358139274,1.09041239477523,1938,30,"DMRTA2;SHH;SIX3;FOXG1;PAX6;CX3CR1;SOX10;TGFB1"
"GOBP_REGULATION_OF_NEUROFIBRILLARY_TANGLE_ASSEMBLY",0.852239353891336,1,0.409474364955827,0.690795631549096,4642,6,"CLU;SORL1;DYRK1A"
"GOBP_REGULATION_OF_NEUROGENESIS",1,1,0.216952314724404,0.700640001396579,7717,338,"SHOX2;F2;DMRTA2;POU4F2;IL1RAPL1;SHH;TLX2;ISLR2;ASCL1;HOXB3;GPR37L1;FEZF2;GFAP;NTN1;ID4;EFNA5;BHLHE41;FOXG1;PAX6;NOG;LEF1;EGR2;CDKL3;ZEB2;HES5;CX3CR1;SLIT2;ID2;HES1;NFATC4;DLL1;SLITRK1;HES3;NEFL;FSTL4;GRM5;NRP1;CXCR4;SOX10;BHLHE40;NGF;RNF112;B2M;TGFB1;ASCL2;BMP7;PLAG1;WNT5A;MYRF;FN1;PLXNA3;SLIT1;EPHA4;DSCAM;ULK2;IL6ST;NIN;SEMA4F;CRABP2;CAPRIN2"
"GOBP_REGULATION_OF_NEUROINFLAMMATORY_RESPONSE",0.941265567149108,1,0.288842580513406,0.679949451740661,5592,28,"CCR1;SPHK1;PTPRC;PTGS2;IL18;CX3CL1"
"GOBP_REGULATION_OF_NEUROMUSCULAR_JUNCTION_DEVELOPMENT",0.698731257208766,1,-0.419361312276188,-0.829283985299213,3028,10,"AGRN;SIX1;DCTN1;LIN7A;LIN7B;MYCBP2;SIX4"
"GOBP_REGULATION_OF_NEURON_APOPTOTIC_PROCESS",0.999038329440857,1,0.230938240709546,0.725713311449328,7271,238,"WNT1;CHL1;MTNR1B;TFAP2B;CASP1;EN1;EN2;TFAP2A;CASP4;ASCL1;PCDHGC5;FAIM2;CNTFR;GDNF;EGR1;LCN2;ISL1;CX3CR1;NFATC4;SEMA3E;PCDHGC3;LONRF2;PRKCG;NEFL;FOXB1;NRP1;NGF;NDNF;ADAM8;DKK1;PRODH;CASP8;NAIP;CITED1;EPHA4;IL6ST;SIRT1;ERBB3;NTRK1;CCL2;AGAP2;CLU;EPHA7;CX3CL1"
"GOBP_REGULATION_OF_NEURON_DIFFERENTIATION",0.102878312909661,1,0.390360585673966,1.19201305860214,721,173,"GATA2;NKX2-5;TLX3;POU4F2;PHOX2B;LMX1A;NEUROD2;SHH;S100B;NEUROG3;GDF7;ASCL1;LTK;IRX3;GPR37L1;FEZF2;PROX1;MMD2;ID4;SIX3;CNTN4;FOXG1;PAX6;ISL1;VWC2;HES5;TBX6;ID2;HES1;BCL6;DLL1;SOX9;JAG1;NGF;NRCAM;BMP4;ZEB1;RNF112;B2M;BMP6;BMP7;BCL11B;DKK1;CYB5D2;RAB37;EIF2AK4"
"GOBP_REGULATION_OF_NEURON_MATURATION",0.893073902177794,1,0.367682245265051,0.659231845731367,5002,8,"TBX6;NGF"
"GOBP_REGULATION_OF_NEURON_MIGRATION",0.715122904118509,1,0.332013369659733,0.861634541895603,4392,49,"SOX14;COL3A1;NRG3;ERBB4;ADGRG1;NEXMIF;SCRT1;TNN;CAMK2A;IGSF10;GPR173;CX3CL1;SRGAP2;LRIG2;ARHGEF2;NTNG1"
"GOBP_REGULATION_OF_NEURON_PROJECTION_ARBORIZATION",0.996373683301675,1,0.204342451956916,0.423569242178522,5769,15,"GRIP1;WNT5A;SPRY3;NTNG1"
"GOBP_REGULATION_OF_NEURON_PROJECTION_DEVELOPMENT",0.850408548082967,1,0.271075899851597,0.888972633617049,6764,427,"GFI1;SHOX2;TBR1;POU4F2;IL1RAPL1;PRRX1;TLX2;NEUROG3;CSMD3;SKOR2;ISLR2;LTK;FEZF2;GFAP;BMP5;NTN1;TANC2;RIT2;SNAP25;PPFIA2;EFNA5;EPHB3;CD38;CDKL3;KAT2B;EFNA1;ZEB2;TBX6;NEU4;SLIT2;HES1;NFATC4;LRRC4C;KLF4;ATP1B2;SLITRK1;NEFL;FSTL4;GRM5;NRP1;CHRNA3;INPP5F;COBL;NGF;NRCAM;MYLIP;STMN2;RET;B2M;BMP7;NDNF;WNT5A;DKK1;FN1;NGEF;FAT3;TNN;PRAG1;KEL;PLXNA3;HECW2;ABI3;SLIT1;NDRG4;RTN4RL1;EPHA4;DSCAM;SRCIN1;ULK2;FEZ1;NIN;SEMA4F;CRABP2;CAPRIN2;FGFR1;ROBO2;NTRK1;DMD;ROBO3;LRRC7;RGMA;CXCL12;EPHA7;TENM3;CX3CL1;CIB1;FZD1;NR2F1;WNT3;PTK6;RETREG3;CFLAR;CDH1;ROBO1;MAGI2;PTPN9;CDKL5;FBXO38;GOLGA4"
"GOBP_REGULATION_OF_NEURON_PROJECTION_REGENERATION",0.914675193537529,1,0.29936674370521,0.704723842620209,5434,28,"PRRX1;KLF4;INPP5F;RTN4RL1;EPHA4;NTRK3;KREMEN1;LRIG2;FIGNL2;MAP2K1;STK24;CERS2"
"GOBP_REGULATION_OF_NEURONAL_ACTION_POTENTIAL",0.35805535841022,1,0.606177854443691,1.11493967753949,2017,9,"MTNR1B;UNC79;TRPA1"
"GOBP_REGULATION_OF_NEURONAL_SYNAPTIC_PLASTICITY",0.995346598202824,1,0.229175550054196,0.615977912348771,6202,61,"S100B;NOG;SHISA8;GRM5;GRIN1;GRIN2C;CAMK2A;SLC4A10;ZDHHC2;KIT;SLC8A2;DRD2;PPFIA3"
"GOBP_REGULATION_OF_NEUROTRANSMITTER_RECEPTOR_ACTIVITY",0.204035874439462,1,-0.4447829806751,-1.1720614176581,818,36,"OPRM1;CACNG2;CRH;LYNX1"
"GOBP_REGULATION_OF_NEUROTRANSMITTER_RECEPTOR_LOCALIZATION_TO_POSTSYNAPTIC_SPECIALIZATION_MEMBRANE",0.937841043890866,1,-0.28941568868261,-0.666594154209202,3952,19,"IQSEC2;GPC4;NETO1;OLFM1;HRAS;TRAF6"
"GOBP_REGULATION_OF_NEUROTRANSMITTER_SECRETION",0.966300819292008,1,0.259172308311388,0.73118004522739,6250,86,"P2RX1;BGLAP;PPFIA2;CACNB4;NPY;SV2C;PRKCG;CHRNA3;NGF;GPR151;SNCAIP;RAP1BL;BAIAP3;PRKCB;CAMK2A;MYOF;CSPG5;FBXL20;CACNA1B;RIMS2;SNCG;GIT1;CHRNB4;NLGN1;KCNMB4;FER1L5;CPLX3"
"GOBP_REGULATION_OF_NEUROTRANSMITTER_TRANSPORT",0.973664180240524,1,0.255575248817921,0.737709397058034,6395,103,"P2RX1;BGLAP;GFAP;DRD4;PPFIA2;CACNB4;GDNF;NPY;SV2C;PRKCG;CHRNA3;NGF;GPR151;SNCAIP;RAP1BL;BAIAP3;PRKCB;CAMK2A"
"GOBP_REGULATION_OF_NEUROTRANSMITTER_UPTAKE",0.972524624157595,1,0.273795302894879,0.594409291094146,5627,19,"GFAP;DRD4;GDNF"
"GOBP_REGULATION_OF_NEUROTROPHIN_TRK_RECEPTOR_SIGNALING_PATHWAY",0.950173010380623,1,-0.292552986140601,-0.578521430460621,4118,10,"WASF1;PPP2R5B;CYFIP2;ZDHHC17;SPRY1;SPRY2;CYFIP1;TMEM108;AGT;DOK5"
"GOBP_REGULATION_OF_NITRIC_OXIDE_METABOLIC_PROCESS",0.703392058900868,1,-0.316330637566987,-0.881944433031908,2674,52,"OPRM1;TLR4"
"GOBP_REGULATION_OF_NUCLEOTIDE_METABOLIC_PROCESS",0.999688279301746,1,0.213247846708616,0.594470948478901,6413,79,"PFKFB1;ALDOB;GAPDHS;TREX1;SLC4A1;ACTN3;SLC4A4;FBP1;INSR;TRIM63;ACMSD;DDIT4"
"GOBP_REGULATION_OF_OLIGODENDROCYTE_DIFFERENTIATION",0.308153078202995,1,0.442185664936205,1.09740270046297,1851,38,"OPALIN;SHH;ID4;DUSP15;HES5;ID2;HES1;SOX1;CXCR4;MYRF"
"GOBP_REGULATION_OF_OXIDATIVE_PHOSPHORYLATION",0.996065685939104,1,0.218628698276424,0.488842621289573,5822,22,"NDUFA4L2;ACTN3;MLXIPL;UQCC2;TMEM135;ETFRF1;ABCD1;PINK1"
"GOBP_REGULATION_OF_OXIDATIVE_STRESS_INDUCED_INTRINSIC_APOPTOTIC_SIGNALING_PATHWAY",0.939393939393939,1,0.283542853711324,0.71008642963423,5672,40,"WNT1;GATA4;NME5;PRODH;SIRT1;FZD1"
"GOBP_REGULATION_OF_PEPTIDYL_SERINE_PHOSPHORYLATION",0.3715483234714,1,-0.416508015287532,-1.04599339553702,1506,29,"IRGM;DMTN;TENM1;LIF;GADD45A"
"GOBP_REGULATION_OF_PEPTIDYL_TYROSINE_PHOSPHORYLATION",0.836591086786552,1,0.296265751667801,0.817373980765847,5349,73,"FGF10;IL2RG;FGF7;CD80;GPRC5A;IL7;ITGB2;HES1;PARP14;PARP9;CTF1;ERBB4;BANK1"
"GOBP_REGULATION_OF_PERK_MEDIATED_UNFOLDED_PROTEIN_RESPONSE",0.988363809071479,1,-0.243613306681594,-0.528733913072374,4161,15,"NCK1;PPP1R15A;PTPN1;TMEM33;HSPA5;ATAD3A"
"GOBP_REGULATION_OF_PHOSPHATIDYLCHOLINE_METABOLIC_PROCESS",0.895040369088812,1,-0.337599393799367,-0.667600378310898,3879,10,"MFSD2A;CAPN2;LDLR;APOC1;SCARB1;FABP3"
"GOBP_REGULATION_OF_PHOSPHOLIPID_BIOSYNTHETIC_PROCESS",0.99573055028463,1,-0.203056552876634,-0.449809258010509,4197,16,"ADGRF5"
"GOBP_REGULATION_OF_PHOSPHOLIPID_CATABOLIC_PROCESS",0.357504959224157,1,-0.676569836514444,-1.14487577661369,1621,5,"IDH1;LDLR;APOC1;SCARB1"
"GOBP_REGULATION_OF_PHOSPHOLIPID_METABOLIC_PROCESS",0.830091110563901,1,-0.310793978970263,-0.797809263827605,3370,32,"CHRM5;ADGRF5"
"GOBP_REGULATION_OF_PHOSPHOLIPID_TRANSLOCATION",0.845745654162855,1,0.422913167387329,0.691024614607054,4621,5,"ABCB4;TMEM30A;ATP8A1"
"GOBP_REGULATION_OF_PHOSPHORUS_METABOLIC_PROCESS",1,1,0.174301955768552,0.580340009868758,8267,549,"FGF10;IL2RG;DIRAS2;PFKFB1;NLRP2B;FGF7;CD80;ALDOB;TTC36;GPRC5A;GAPDHS;IL7;TBX1;LTF;ANG;MMD2;LTB;PTH1R;DEPTOR;FAM20A;PIK3R6;ITGB2;TREX1;SLC4A1;ARHGEF5;ARRB1;CD300A;IGFBP3;PTPRC;RSPO1;ACTN3;IRAK2;FAXDC2;SLIT2;HES1;PARP14;CDK5R2;PARP9;CTF1;INHBA;PDGFA;SLC4A4;ABCA3;LHCGR;FBP1;ERBB4;BANK1;PDK2;INSR;NRP1;TPK1;NEK10;PIK3R5;BMP4;IL15;LCP2;SPATA18;TRIM63;ACMSD;PDCD4;TLR6;WNT5A;DDIT4;FN1;MST1;KSR1;ABCA2;RIPK3;PDK1;ADCY8;DSCAM;SRCIN1;GNB3;IL31RA;ERCC6;PDGFB;THBS4;SIRT1;IL18;FGFR1;HTR2B;CDKN2A;MLXIPL;NLRC5;P2RX7;GAS6;AGAP2;LTBR;PPARA;EPHA7;CHP2;INHA;CIB1;KIT;LDB2;FGFR3;AMDHD2;PTK6;CDKN1B;CEACAM1;PIM1;RBL1;CDC25C;DRD2"
"GOBP_REGULATION_OF_POLYSACCHARIDE_METABOLIC_PROCESS",0.884410646387833,1,-0.290260860483393,-0.781357178686151,3488,41,"ADCY10;PRKAG3"
"GOBP_REGULATION_OF_POSTSYNAPSE_ASSEMBLY",0.999745158002039,1,-0.19186194032029,-0.520172788007871,3922,43,"HTR4;DOCK10;LZTS1"
"GOBP_REGULATION_OF_POSTSYNAPSE_ORGANIZATION",1,1,0.165144487293975,0.492606954064972,6779,139,"IL1RAPL1;LRRTM2;TANC2;PPFIA2;EFNA1;CPEB3;ASIC2;SYNDIG1;GRM5;TRIM47;NRCAM;WNT5A;GRID1;NGEF;NRXN2;ABI3;ZDHHC8;EPHA4;SRCIN1;DOCK4;CAPRIN2;FGFR1;IL1RAP;EPHA7"
"GOBP_REGULATION_OF_POSTSYNAPTIC_CYTOSOLIC_CALCIUM_ION_CONCENTRATION",0.621185237757275,1,0.488462469075011,0.898426400384482,3500,9,"GRM5;ITPR1;SLC8A3;WNT5A;GRM1;SLC8A2"
"GOBP_REGULATION_OF_POSTSYNAPTIC_DENSITY_ASSEMBLY",0.435879709643968,1,0.488137793480195,1.02334358235906,2521,16,"LRRTM2;ABI3;FGFR1;IL1RAP;PRICKLE1"
"GOBP_REGULATION_OF_POSTSYNAPTIC_DENSITY_ORGANIZATION",0.637003951211132,1,0.40121327950665,0.880814922509894,3707,20,"LRRTM2;ABI3;FGFR1;IL1RAP;PRICKLE1"
"GOBP_REGULATION_OF_POSTSYNAPTIC_MEMBRANE_NEUROTRANSMITTER_RECEPTOR_LEVELS",1,1,-0.18496104826627,-0.584394472220489,3381,117,"RAPSN;CACNG2;SST;GSG1L;DLG2;SHROOM4;ARC;IQSEC2;PRKN;GRIP2;FRRS1L"
"GOBP_REGULATION_OF_POSTSYNAPTIC_MEMBRANE_ORGANIZATION",0.209389464403791,1,-0.755667829580416,-1.27872356490193,949,5,"RAPSN"
"GOBP_REGULATION_OF_POSTSYNAPTIC_MEMBRANE_POTENTIAL",0.999057788944724,1,-0.212832098179058,-0.68777900641624,3180,144,"CHRNA2;GABRG3;CRH;KCNA2;GABRG2;GHRL;RELN;SLC1A7;SHANK1;INSYN2A;RGS7BP;GABRB1;GRIA3;CHRFAM7A;CHRNA9;ADRB2;KCND2;GABRA4;NLGN4X;CHRNA10;PRKN;MET;GRIK2;SNCA;PTK2B;CHRNB2;PRKAR1B;GRIA1;ADRB1;MPP2;ADORA1"
"GOBP_REGULATION_OF_POSTSYNAPTIC_NEUROTRANSMITTER_RECEPTOR_INTERNALIZATION",0.932332095848802,1,0.293574559861021,0.685711761183849,5524,27,"IQSEC3;DRD4;SUSD4;TAMALIN"
"GOBP_REGULATION_OF_POSTSYNAPTIC_SPECIALIZATION_ASSEMBLY",0.512111321078852,1,0.439181504167354,0.964169538547229,2980,20,"LRRTM2;ABI3;FGFR1;ARHGEF9;IL1RAP;PRICKLE1;GAP43;SPTBN2;ABL1"
"GOBP_REGULATION_OF_POTASSIUM_ION_EXPORT_ACROSS_PLASMA_MEMBRANE",0.892122072391767,1,0.361708166366079,0.665287891029442,5027,9,"WNK4;KCNH2;NEDD4L;KCNIP2"
"GOBP_REGULATION_OF_PRESYNAPSE_ORGANIZATION",0.832519777815183,1,0.321753959507188,0.774411733832021,4945,32,"IL1RAPL1;LRFN5;SLITRK3;SLITRK1;DKK1;IGSF11;IL1RAP;CLSTN3;FZD1"
"GOBP_REGULATION_OF_PRESYNAPTIC_CYTOSOLIC_CALCIUM_ION_CONCENTRATION",0.441029183215334,1,0.491877408786969,1.01958325002658,2553,15,"P2RX1;CACNB4;ATP2B3;NPY"
"GOBP_REGULATION_OF_PRESYNAPTIC_MEMBRANE_POTENTIAL",0.631438289601555,1,-0.367308394931776,-0.896390069875137,2598,25,"SCN1A;KCNA2;GABRB1;KCNJ8;GRIA3;GRIK2;GRIA1"
"GOBP_REGULATION_OF_PRODUCTION_OF_MOLECULAR_MEDIATOR_OF_IMMUNE_RESPONSE",0.992806811509102,1,0.24077859939651,0.721716614644927,6762,145,"IL2RG;CD226;APOA2;RAET1G;ARG1;BTK;CD36;SPINK5;CD37;TREX1;PKP3;CCR2;PTPRC;NLRP3;BCL6;TNFSF13;XCL1;SPON2;CLEC7A;F2RL1;SHLD1;EVPL;RIGI;SLC15A4;APOA1;FCER1G;B2M;SECTM1;TGFB1;WNT5A;SIRT1;IL18;APLF;HLA-A;BST2;JAK3;DENND1B;HLA-F;TNFSF4;NOD2;IL1R1;KIT;KMT5C;HLA-G"
"GOBP_REGULATION_OF_PROSTAGLANDIN_SECRETION",0.308789153810192,1,-0.545278478060544,-1.12491322553616,1320,12,"OXT;PLA2G3;PLA2G4A;ACSL4;PTGES"
"GOBP_REGULATION_OF_PROSTATIC_BUD_FORMATION",0.136013215859031,1,0.774459229926971,1.30653613176527,740,6,"SHH;SULF1;BMP4;BMP7;WNT5A"
"GOBP_REGULATION_OF_PROTEIN_LIPIDATION",0.157402505734957,1,0.688030018117782,1.29653549786264,891,10,"HHATL;RB1CC1;RAB3GAP2;RAB3GAP1"
"GOBP_REGULATION_OF_PROTEIN_LOCALIZATION_TO_CENTROSOME",0.915614773258532,1,-0.316551484498668,-0.653047875174196,3916,12,"CEP72;APC;NSFL1C;GSK3B;RAB11FIP3;RAB11A;NUP62;CEP250;UBXN2B;PARD6A;MARK4;BICD1"
"GOBP_REGULATION_OF_PROTEIN_LOCALIZATION_TO_SYNAPSE",0.998520710059172,1,-0.205261937876681,-0.51548259215593,4049,29,"IQSEC2;GPC4;NETO1;OLFM1;HRAS;TRAF6;DLG1;DVL1;MAPT;RAP1A;GPC6;KIF2C;ABHD17B;OGT;VPS26B;TMEM108;ARHGAP44;GRIPAP1;NLGN2;ADAM10;WNT7A;DAG1;GABARAP;MAP2K1;NETO2;EPB41L3;CACNA2D2;CLSTN3;WNT5A"
"GOBP_REGULATION_OF_PROTEIN_METABOLIC_PROCESS",1,1,0.154404164361564,0.533612798745881,9289,1453,"SOX17;NELL1;WNT1;FGF10;BARHL2;RFPL1;IL2RG;F2;DIRAS2;NLRC4;AGBL4;KRT13;SHH;SERPINB12;NLRP2B;FGF7;CD80;TM4SF20;NANOS3;HHATL;RFX4;ASB5;FETUB;TTC36;GPRC5A;IL7;TBX1;VTN;LTF;HHEX;ANG;SPINK5;GFAP;FAM107A;IGFBP5;MMD2;LTB;DEPTOR;CNDP1;FAM20A;SPHK1;CREBRF;PIK3R6;ITGB2;AZIN2;F8A1;PKP3;ARHGEF5;SERPINF2;ARRB1;CD300A;IL23A;ADRA2A;DHFRP1;IGFBP3;PTPRC;RSPO1;EGR1;KAT2B;ISL1;EFNA1;GSAP;CPEB3;IRAK2;FAXDC2;SLIT2;KRT17;HES1;HPN;KLF4;PARP14;CDK5R2;PARP9;CTF1;DAZL;INHBA;QRICH2;SOX9;NMI;PRKCG;TF;SEMG1;ERBB4;BANK1;ASB9;CRB2;ECM1;NEK10;NLRP7;RIGI;MAGEA2;KCNE2;PIK3R5;NGF;MYLIP;BMP4;IL15;PIWIL2;PABIR3;LCP2;RCN3;TNRC6C;PLCB1;TGFB1;GRIN2C;PDCD4;PARP10;ADAM8;TLR6;WNT5A;PSME1;AQP11;SERPINB1;SMAD4;FN1;AGER;MST1;EIF2AK4;EIF2AK3;TRAF3;CASP8;KSR1;ABCA2;RIPK3;DGAT2;BMI1;ADCY8;ABCG1;EPHA4;SRCIN1;SENP2;DTX3L;RBMS3;ZDHHC2;ABCA7;IL31RA;MIF4GD;ERCC6;PDGFB;THBS4;SIRT1;IL18;CAPRIN2;CTIF;FGFR1;CDKN2A;A2ML1;FXYD1;PTPN3;GAS6;CCBE1;PXYLP1;ARRDC4;RGMA;AGAP2;PKM;EIF5A2;LTBR;JAK3;CLU;CBX4;EPHA7;HELZ;TNFAIP3;CIB1;NOD2;NSF;RPL13A;KIT;YBX2;FGFR3;MARCHF2;GSN;SEPSECS;TSPAN15;AGO2;FRY;PTK6;CDKN1B;CEACAM1;FHIT;CDH1;PIM1;UQCC2;PRKCA;CDC25C;SLC2A10;EIF4EBP3;ELP6;STOX1;UFSP2;TOLLIP;WT1;USP8;CARD9;GGA1;CENPE;ZAR1;METTL14;SORL1;IL17D;FBXL20"
"GOBP_REGULATION_OF_PROTEIN_SERINE_THREONINE_KINASE_ACTIVITY",1,1,0.182408579600635,0.532420894410467,6619,114,"DIRAS2;LTF;PIK3R6;ARHGEF5;CD300A;IRAK2;CDK5R2;NEK10;PIK3R5;PDCD4;TLR6;WNT5A;MST1;KSR1;PDGFB;SIRT1;FGFR1;CDKN2A;CIB1;CDKN1B;PIM1;CDC25C;TAOK3;UVRAG;CDK5RAP3;INCA1;LATS2;MAP3K10;MAP4K2;FGF2;RASIP1;AGT"
"GOBP_REGULATION_OF_PROTEIN_TYROSINE_KINASE_ACTIVITY",0.185362353503946,1,-0.526365463667393,-1.22274764060554,774,20,"LILRA5;CSF1R;DOK7"
"GOBP_REGULATION_OF_REACTIVE_OXYGEN_SPECIES_METABOLIC_PROCESS",0.991868716735659,1,0.240674042067879,0.715963727217295,6708,134,"F2;ITGAM;TFAP2A;NDUFA4L2;ACE2;ABCD2;CD36;ALOX5;AGTR1;NOX5;ITGB2;DHFRP1;NOXA1;LCN2;FAS;CLEC7A;F2RL1;GRIN1"
"GOBP_REGULATION_OF_RECEPTOR_CLUSTERING",0.92705094475006,1,-0.295689459011826,-0.686886988822471,3875,20,"TNFAIP6;SHISA7;FRRS1L;SLC7A11"
"GOBP_REGULATION_OF_RECEPTOR_LOCALIZATION_TO_SYNAPSE",0.993836291913215,1,-0.228403647040643,-0.573599300738915,4030,29,"IQSEC2;GPC4;ITGB3;NETO1;OLFM1;HRAS;TRAF6;DBN1;RAP1A;GPC6;KIF2C;ZDHHC3;OGT;NPTN;VPS26B;TMEM108;ARHGAP44;GRIPAP1;ADAM10;RDX;DAG1;GABARAP;MAP2K1;NETO2;STX7;EPB41L3;CACNA2D2;ZDHHC2;CPLX1"
"GOBP_REGULATION_OF_RELEASE_OF_CYTOCHROME_C_FROM_MITOCHONDRIA",0.998844312365858,1,0.212745480219097,0.53522461730798,6049,41,"CASP1;TNFSF10;BIK;IFI6;BNIP3;CLU;BMF;FAM162A;BBC3;NOL3"
"GOBP_REGULATION_OF_RELEASE_OF_SEQUESTERED_CALCIUM_ION_INTO_CYTOSOL",0.989445196211096,1,-0.23680132886105,-0.687916955670344,3655,67,"PLN;DRD1;GPER1;PRKCE;PDE4D;SLC8A1;CAPN3;CXCR3;LYN;AKAP6;SNCA;PTK2B"
"GOBP_REGULATION_OF_RELEASE_OF_SEQUESTERED_CALCIUM_ION_INTO_CYTOSOL_BY_SARCOPLASMIC_RETICULUM",0.954937207584339,1,-0.271091964812475,-0.695894050435621,3877,32,"PLN;PDE4D;SLC8A1"
"GOBP_REGULATION_OF_RESPIRATORY_BURST",0.707195440512942,1,-0.384028738158248,-0.833489024981894,2977,15,"JCHAIN;LBP"
"GOBP_REGULATION_OF_RESPIRATORY_BURST_INVOLVED_IN_INFLAMMATORY_RESPONSE",0.845447870778267,1,0.413786610526976,0.698070520181107,4605,6,"SLAMF8;RPS19"
"GOBP_REGULATION_OF_RESPIRATORY_GASEOUS_EXCHANGE",0.482758620689655,1,0.442522861644794,0.981394824601027,2813,21,"TLX3;PHOX2B;PHOX2A"
"GOBP_REGULATION_OF_RESPIRATORY_GASEOUS_EXCHANGE_BY_NERVOUS_SYSTEM_PROCESS",0.0541110330288124,1,0.744027345476818,1.43519244983827,307,11,"TLX3;PHOX2B;PBX3;MECP2"
"GOBP_REGULATION_OF_RESPIRATORY_SYSTEM_PROCESS",0.0777739370895264,1,0.683025397513536,1.39753011557744,449,14,"TLX3;PHOX2B;PBX3;MECP2"
"GOBP_REGULATION_OF_RESPONSE_TO_CYTOKINE_STIMULUS",0.712847419171866,1,0.296260363817664,0.906467093115121,5026,176,"GFI1;ZBP1;CASP1;ARG1;NLRP2B;PYDC1;IL7;CASP4;SPHK1;CREBRF;TREX1;NLRP6;IL1A;PTPRC;IRAK2;SLIT2;KLF4;PARP14;PARP9;F2RL1;CXCR4;ECM1;RIGI;APOA1;IRF7;IFIH1;SAMHD1;WNT5A;CASP8;NAIP;IL6ST;TMC8;NLRC5;GAS6;TSLP;C1QTNF4;IL1RAP;TNFAIP3;IL1R1"
"GOBP_REGULATION_OF_RESPONSE_TO_OXIDATIVE_STRESS",0.830971828638106,1,0.319933411190421,0.779748108602019,4984,34,"CD36;ALOX5;DHFRP1;SESN3;BMP7;PNPLA8;SLC25A14;STOX1"
"GOBP_REGULATION_OF_RESPONSE_TO_TYPE_II_INTERFERON",0.742409867172676,1,-0.379703047953987,-0.808965996579883,3129,14,"IRGM"
"GOBP_REGULATION_OF_RYANODINE_SENSITIVE_CALCIUM_RELEASE_CHANNEL_ACTIVITY",0.841720036596523,1,0.425200210669847,0.694761559504408,4599,5,"FKBP1B;CAMK2D;SELENON"
"GOBP_REGULATION_OF_SECONDARY_METABOLIC_PROCESS",0.576051219934245,1,0.429945552611753,0.923289461585473,3328,18,"TYRP1;ZEB2;POMC;WNT5A"
"GOBP_REGULATION_OF_SHORT_TERM_NEURONAL_SYNAPTIC_PLASTICITY",0.982447817836812,1,-0.245655713280857,-0.544174578714717,4141,16,"GSG1L;SHISA9;SYT4;GRIK2"
"GOBP_REGULATION_OF_SKELETAL_MUSCLE_ACETYLCHOLINE_GATED_CHANNEL_CLUSTERING",0.972320794889993,1,0.280451451855053,0.515832851702766,5479,9,"LAMB1;LAMC1;LARGE1;DAG1;LAMA1"
"GOBP_REGULATION_OF_SKELETAL_MUSCLE_CONTRACTION_BY_CALCIUM_ION_SIGNALING",0.423777222420564,1,0.593900753174427,1.06482783636777,2373,8,"REM1;CASQ1;GSTO1;DMD;PRKD1;GSTM2"
"GOBP_REGULATION_OF_SKELETAL_MUSCLE_CONTRACTION_BY_REGULATION_OF_RELEASE_OF_SEQUESTERED_CALCIUM_ION",0.600182982616651,1,0.574075829173416,0.938018863447831,3279,5,"CASQ1;GSTO1;DMD;GSTM2"
"GOBP_REGULATION_OF_SMALL_MOLECULE_METABOLIC_PROCESS",1,1,0.21198140254106,0.680143167129514,7592,307,"GFI1;GIP;PFKFB1;APOA5;CYP7A1;PPP1R3G;SERPINA12;BGLAP;ALDOB;GAPDHS;ABCD2;WNT4;PROX1;BMP5;C1QTNF3;PTH1R;AGTR1;TREX1;SLC4A1;FMO5;IGFBP3;MLYCD;EGR1;KAT2B;ACTN3;SLC4A4;SOX9;LHCGR;FBP1;ATP2B4;PDK2;INSR;TPK1;DKKL1;APOA1;AVPR1A;TRIM63;ACMSD;BMP6;DDIT4;PTGS2;MST1;ABCA2;DGAT2;PDK1;ABCG1;INSIG2;GNB3;SIRT1;MLXIPL;P2RX7;SNAI2"
"GOBP_REGULATION_OF_SODIUM_ION_EXPORT_ACROSS_PLASMA_MEMBRANE",0.413768630234209,1,0.579817472239791,1.0664551678881,2331,9,"FXYD2;ATP1B2;FXYD1;FXYD7;ATP1B1;ATP1B3;FXYD5"
"GOBP_REGULATION_OF_SODIUM_ION_IMPORT_ACROSS_PLASMA_MEMBRANE",0.6912481457936,1,-0.534394945113891,-0.829228855201583,3261,3,"PCSK9;STK39"
"GOBP_REGULATION_OF_SPHINGOLIPID_BIOSYNTHETIC_PROCESS",0.719280027691243,1,0.407978615792079,0.819642883859027,4155,13,"SPHK1;ABCA2;SAMD8;ORMDL2;ORMDL3"
"GOBP_REGULATION_OF_SPONTANEOUS_SYNAPTIC_TRANSMISSION",0.97364953886693,1,-0.271565757616988,-0.478102373127506,4433,6,"PRKN"
"GOBP_REGULATION_OF_STEROID_METABOLIC_PROCESS",0.342250076429227,1,0.366541775957798,1.05183836580277,2238,98,"GFI1;CGA;CYP7A1;SERPINA12;BGLAP;WNT4;PROX1;BMP5;AGTR1;FMO5;EGR1;LHCGR;DKKL1;APOA1;POMC;BMP6;ABCA2;DGAT2;NR5A2;ABCG1;INSIG2;GNB3;SIRT1;SNAI2;CH25H"
"GOBP_REGULATION_OF_STORE_OPERATED_CALCIUM_CHANNEL_ACTIVITY",0.971014492753623,1,0.297421446769088,0.517668792785164,5359,7,"CASQ1;STIM2;STIM1;STIMATE;ASPH;CRACR2A;UBQLN1"
"GOBP_REGULATION_OF_STORE_OPERATED_CALCIUM_ENTRY",0.580539232630487,1,0.447887920930133,0.91641813054371,3358,14,"SPINK1;TSPAN18;CASQ1;SLC8B1"
"GOBP_REGULATION_OF_SULFUR_METABOLIC_PROCESS",0.958017077798861,1,-0.284031425955772,-0.605135425687075,4038,14,"PDK4;SIRT4;SNCA;SLC7A11"
"GOBP_REGULATION_OF_SUPEROXIDE_METABOLIC_PROCESS",0.436091490077363,1,0.42706085617475,1.01229898006272,2592,29,"ITGAM;CD36;ITGB2;DHFRP1;CLEC7A;F2RL1;TGFB1;BMP7"
"GOBP_REGULATION_OF_SUPRAMOLECULAR_FIBER_ORGANIZATION",1,1,-0.222489681097944,-0.785764044871986,2191,374,"ANKRD53;ESAM;PFN3;MYOC;PLEK;DNAI3;RGCC;CAV3;TGFB3;NCKAP1L;CCR7;PRKCE;DMTN;GAS2L2;MAP2;SHANK1;TENM1;SPTBN5;DAAM2;BBOF1;OAZ3;TESK1;NCK1;VIL1;SYNPO2;APC2;KANK4;PPM1F;TREM2;PRKN;KIF21A;SNCA;MAP6D1;PTK2B;CCN2;FGF13;PTGER4;ARHGAP6;SPTBN4;WHAMM;ARHGAP40;HCLS1;CDC42EP1;TOGARAM1;ARHGAP18;TAC1;AP1AR;TACSTD2;CFL2"
"GOBP_REGULATION_OF_SYNAPSE_ASSEMBLY",0.993487186747841,1,0.240726554156055,0.737268705338778,7016,178,"CBLN2;IL1RAPL1;LRRTM2;NTN1;VSTM5;LRFN5;FLRT3;EFNA5;EPHB3;LRRTM1;SRGAP3;CPEB3;ASIC2;SLITRK3;SLITRK1;SYNDIG1;OPCML;LRRN3;TRIM47;LRTM2;ICAM5;SEMA4A;WNT5A;DKK1;NRXN2;SRGAP1;IGSF11;ABI3;ZDHHC8;SLIT1;RTN4RL1;DOCK4;FLRT1;FGFR1;CLSTN2;ROBO2;NTRK1;COLQ;IL1RAP;THBS2;EPHA7;CLSTN3;FZD1;LRRC24;PRKCA;SRGAP2;RTN4RL2;UBE3B;ARHGEF15;PRICKLE1;NTRK3"
"GOBP_REGULATION_OF_SYNAPSE_MATURATION",0.779535509929317,1,0.341516393596605,0.803946163940609,4631,28,"NEUROD2;FGF7;NFATC4;NEFL;C1QL2"
"GOBP_REGULATION_OF_SYNAPSE_PRUNING",0.961245674740484,1,-0.281188583413508,-0.556048405629322,4166,10,"TREM2;ADGRB3"
"GOBP_REGULATION_OF_SYNAPSE_STRUCTURAL_PLASTICITY",0.860144927536232,1,0.395522731697642,0.688416310461875,4747,7,"FRMPD4;DRD2;CTNNA2"
"GOBP_REGULATION_OF_SYNAPSE_STRUCTURE_OR_ACTIVITY",1,1,0.217887775769879,0.700532990664037,7624,317,"CBLN2;NEUROD2;IL1RAPL1;LRRTM2;FGF7;NTN1;TANC2;VSTM5;LRFN5;FRMPD4;PPFIA2;FLRT3;EFNA5;EPHB3;LRRTM1;SRGAP3;EFNA1;CPEB3;NFATC4;ASIC2;SLITRK3;SLITRK1;SYNDIG1;OPCML;NEFL;LRRN3;GRM5;TRIM47;CDH8;NRCAM;LRTM2;ICAM5;SEMA4A;PRMT8;WNT5A;DKK1;GRID1;NGEF;NRXN2;SRGAP1;PCDH8;IGSF11;C1QL2;ABI3;ZDHHC8;SLIT1;RTN4RL1;EPHA4;SRCIN1;DOCK4;FLRT1;CAPRIN2;FGFR1;CLSTN2;ROBO2;NTRK1;COLQ;IL1RAP;THBS2;EPHA7;CLSTN3;FZD1;GPM6A;AGO2;LRRC24;PRKCA;DRD2;EGLN1;CDKL5;SPARCL1;SRGAP2;RTN4RL2;UBE3B;ARHGEF15;PRICKLE1;NTRK3"
"GOBP_REGULATION_OF_SYNAPTIC_ASSEMBLY_AT_NEUROMUSCULAR_JUNCTION",0.801649106733852,1,-0.386915109904566,-0.745188471241298,3499,9,"AGRN;SIX1;LIN7A;LIN7B;MYCBP2;SIX4"
"GOBP_REGULATION_OF_SYNAPTIC_PLASTICITY",1,1,0.184565188380761,0.574188819694187,7207,210,"UNC13C;NEUROD2;LRRTM2;DRD5;S100B;GFAP;CYP46A1;FAM107A;SNAP25;CNTN4;LRRTM1;CD38;NOG;SHISA8;CPEB3;CX3CR1;NFATC4;PRKCG;GRM5;GRIN1;SLC8A3;ABHD6;SYT12;GRIN2C;SCT;GRID1;AGER;EIF2AK4;IGSF11;CAMK2A;ADCY1;ADCY8;EPHA4;SLC4A10;ZDHHC2"
"GOBP_REGULATION_OF_SYNAPTIC_TRANSMISSION_CHOLINERGIC",0.97962052002811,1,0.267099305384741,0.515221528853298,5575,11,"TACR1;CHRNA3;LAMA2;COLQ"
"GOBP_REGULATION_OF_SYNAPTIC_TRANSMISSION_DOPAMINERGIC",0.190986166889781,1,-0.710648821827522,-1.28938709986619,855,7,"SLC6A4"
"GOBP_REGULATION_OF_SYNAPTIC_TRANSMISSION_GABAERGIC",0.198351236572571,1,-0.453837036583692,-1.18001069836966,793,34,"CRH;KCNK2;ADRA1A;GABRG2;PRKCE;NPY5R;GABRB1;GABRA4"
"GOBP_REGULATION_OF_SYNAPTIC_TRANSMISSION_GLUTAMATERGIC",0.916166029492081,1,-0.271817958301037,-0.794845417120061,3354,70,"CACNG2;DRD1;RELN;DISC1;GRM3;UNC13A;IQSEC2;PRKN;FRRS1L;GRIK2;PTK2B;PLPPR4;ADORA1;DRD3;LRRK2"
"GOBP_REGULATION_OF_SYNAPTIC_VESICLE_CLUSTERING",0.588493631971893,1,-0.518124439298745,-0.912178789320942,2679,6,"PCDH17;BRSK2;CDH2"
"GOBP_REGULATION_OF_SYNAPTIC_VESICLE_CYCLE",0.475184041795298,1,-0.453811607789995,-0.984944502633765,2000,15,"RAPGEF4;PRKAR1B;SYN1;ARHGDIA;DNAJC5;CASP3;C9orf72;BSN;PLS3"
"GOBP_REGULATION_OF_SYNAPTIC_VESICLE_ENDOCYTOSIS",0.992059672762271,1,-0.23092249862162,-0.548794442727974,4122,22,"PRKN;LRRK2;ACTB;PPP3CC;OPHN1;ACTG1;SYT11;PARK7;TOR1A;AP2M1;RAC1;ARPC3"
"GOBP_REGULATION_OF_SYNAPTIC_VESICLE_EXOCYTOSIS",0.641071428571429,1,0.345553864577361,0.899970618000379,3948,50,"P2RX1;PPFIA2;CACNB4;NPY;SV2C;PRKCG;GPR151;RAP1BL;PRKCB;CSPG5;FBXL20;CACNA1B;RIMS2;GIT1"
"GOBP_REGULATION_OF_SYNAPTIC_VESICLE_MEMBRANE_ORGANIZATION",0.830613296684419,1,0.343871171223017,0.754927303021057,4834,20,"RPH3A;DOC2A;CPLX1;PRRT2;SYT7"
"GOBP_REGULATION_OF_SYNAPTIC_VESICLE_PRIMING",0.83257203092059,1,0.377383985792603,0.727955296793985,4738,11,"SYP;BRSK1;SYNGR3;UNC13B;NAPB;STX1A;STX1B;STXBP1;STXBP5;NAPA;OSBPL2"
"GOBP_REGULATION_OF_SYNAPTIC_VESICLE_RECYCLING",0.967124631992149,1,-0.266394409206183,-0.659097491173177,3941,27,"PRKN;SNCA;LRRK2;ACTB;PPP3CC;OPHN1;ACTG1;CDK5;SYT11;PARK7;TOR1A;AP2M1;RAC1;ARPC3"
"GOBP_REGULATION_OF_SYNAPTIC_VESICLE_TRANSPORT",0.43883623539784,1,-0.633137943550534,-1.07138133523714,1990,5,"MAP2;PRKN;LRRK2"
"GOBP_REGULATION_OF_T_HELPER_1_TYPE_IMMUNE_RESPONSE",0.571886601417482,1,0.396661453910958,0.926495212268368,3388,27,"SLC11A1;IL1RL1;CD80;CCR2;IL23A;EBI3;XCL1;ASCL2;IL6ST;IL18;JAK3;TNFSF4;IL1R1;NLRP10;SOCS5;IL27RA"
"GOBP_REGULATION_OF_T_HELPER_17_TYPE_IMMUNE_RESPONSE",0.803060881264716,1,0.33201687444078,0.78700807742137,4774,29,"CD69;IL23A;CLEC7A;JUNB;ASCL2;JAK3;PRKCQ;NLRP10;LGALS1;CARD9;IL27RA;MALT1"
"GOBP_REGULATION_OF_TETRAPYRROLE_METABOLIC_PROCESS",0.957681287194181,1,-0.299019607843137,-0.505994041229808,4344,5,"SLC6A9;SRRD;ABCB7;ABCB10;CLYBL"
"GOBP_REGULATION_OF_TRANS_SYNAPTIC_SIGNALING",1,1,0.201930221494458,0.66839854177262,8131,496,"UNC13C;CBLN2;CHRM2;GLRA3;PLG;GRIA2;CHRNB3;NEUROD2;P2RX1;LRRTM2;DRD5;S100B;BGLAP;GFAP;CYP46A1;FAM107A;DLGAP2;C1QTNF3;TACR1;SNAP25;CNTN4;PPFIA2;CACNB4;CCR2;LRRTM1;CBLN3;CD38;NOG;ADRA2A;NPY;GABRB2;CACNG3;SHISA8;NRG3;CPEB3;CX3CR1;NFATC4;LRRC4C;CDH11;NRXN3;SV2C;GRM7;PRKCG;NEFL;GRM5;NXPH1;GRIN1;CHRNA3;NGF;APBA1;SLC8A3;ABHD6;SYT12;GPR151;SNCAIP;PLCB1;GRM6;GRIN2C;SCT;PLCL2;WNT5A;DKK1;RAP1BL;PHF24;GRID1;AGER;NRXN2;BAIAP3;PRKCB;PCDH8;CACNG8;EIF2AK4;IGSF11;CAMK2A;ADCY1;C1QL2;LRRC4;GRM1;ADCY8;EPHA4;SLC4A10;CPLX1;ZDHHC2;MYOF;LGI1;HCN1;CLSTN2;SYN3;NTRK1;CHRNA6;LAMA2;CCL2;PRRT1;COLQ;EPHA7;CLSTN3;CX3CL1;DGKE;CSPG5;VPS13A;CALB2;KIT;GABRR1;SLC8A2;VGF;PRRT2;CDH1;GRIK1;CACNG7;DRD2;BACE1;USP8;SYT7;FBXL20;CDKL5;PPFIA3;SNX14;CACNA1B;RIMS2;CACNA2D2;GRIN3B"
"GOBP_REGULATION_OF_TRANSLATION_AT_SYNAPSE",0.821062025881303,1,-0.396124449934378,-0.718720329928219,3679,7,"EIF4A3;EIF4E;FXR2;FMR1;EEF2K;CYFIP1;FXR1"
"GOBP_REGULATION_OF_TRANSMEMBRANE_RECEPTOR_PROTEIN_SERINE_THREONINE_KINASE_SIGNALING_PATHWAY",0.493485560779046,1,0.311327538404298,0.989824592781555,3673,273,"WFIKKN2;WNT1;FGF10;SMAD5-AS1;TFAP2B;MSX1;SHH;ACVRL1;NKX2-1;PSG9;SKOR2;GDF7;GATA4;ITGA8;TGFBR3L;BMP5;FSTL5;DAND5;CHRD;DMRT1;PRDM16;ONECUT2;NOG;VWC2;ZEB2;ONECUT1;HES5;HES1;FST;HJV;INHBA;MECOM;SULF1;FSTL4;CRB2;BMPER;BMP4;ZEB1;TGFB1;LDLRAD4;ELAPOR2;BMP6;GDF1;BMP7;WNT5A;DKK1;CER1;SMAD4"
"GOBP_REGULATION_OF_TRANSMISSION_OF_NERVE_IMPULSE",0.721742136190805,1,0.398166510882779,0.814683746751962,4175,14,"MTNR1B;AVPR1A;UNC79;TRPA1"
"GOBP_REGULATION_OF_TRIGLYCERIDE_METABOLIC_PROCESS",0.95171261487051,1,0.279855768918575,0.690629540959799,5695,37,"APOA5;SERPINA12;DGAT2;CIDEB;GNB3;SIRT1;PNPLA2;SORL1;SLC27A1"
"GOBP_REGULATION_OF_TRNA_METABOLIC_PROCESS",0.987334801762115,1,0.255181997143629,0.430499742995656,5378,6,"TRDMT1;METTL1;AKT1;ANGEL2;RNH1;NSUN2"
"GOBP_REGULATION_OF_TUMOR_NECROSIS_FACTOR_MEDIATED_SIGNALING_PATHWAY",0.904270519130021,1,0.283488239560078,0.771255549642149,5695,66,"CASP1;NLRP2B;PYDC1;CASP4;SPHK1;F2RL1;APOA1;CASP8;NAIP;TMC8;GAS6;TNFAIP3"
"GOBP_REGULATION_OF_TYPE_2_IMMUNE_RESPONSE",0.952216748768473,1,-0.275668140364129,-0.68663131708238,3865,28,"CD86;TBX21;HLX;GATA3"
"GOBP_REGULATION_OF_TYPE_I_INTERFERON_MEDIATED_SIGNALING_PATHWAY",0.355291398382037,1,0.422025163879032,1.06172999115596,2151,41,"ZBP1;TREX1;IRF7;SAMHD1;WNT5A;NLRC5;STING1;IKBKE;GIGYF2"
"GOBP_REGULATION_OF_TYROSINE_PHOSPHORYLATION_OF_STAT_PROTEIN",0.801896376566204,1,0.335907310234397,0.778932427291303,4735,26,"IL2RG;IL7;HES1;PARP14;PARP9;CTF1;ERBB4;IL31RA;IL18;KIT;FGFR3"
"GOBP_REGULATION_OF_VITAMIN_METABOLIC_PROCESS",0.169760799714388,1,0.71538668180132,1.28264469859173,950,8,"GFI1;SNAI2"
"GOBP_REGULATION_OF_VOLTAGE_GATED_CALCIUM_CHANNEL_ACTIVITY",0.405676704742125,1,0.52691503771405,1.05859019160145,2343,13,"CACNA1F;CRHR1;CACNB3;STAC3;NIPSNAP2"
"GOBP_REGULATION_PROTEIN_CATABOLIC_PROCESS_AT_SYNAPSE",0.970794905577514,1,-0.275022194773613,-0.484187568925569,4420,6,"PRKN;CUL3;CBLB;USP5;RAB26;EGLN1"
"GOBP_RELEASE_OF_CYTOCHROME_C_FROM_MITOCHONDRIA",0.999676218228914,1,0.172707001998214,0.455664503244035,6174,54,"CASP1;TNFSF10;BIK;IFI6;BNIP3"
"GOBP_RELEASE_OF_SEQUESTERED_CALCIUM_ION_INTO_CYTOSOL_BY_ENDOPLASMIC_RETICULUM",0.993522670652715,1,-0.226508991232078,-0.596880863051057,3987,36,"PLN;PDE4D;SLC8A1"
"GOBP_RESPIRATORY_BURST",0.156202659484935,1,0.518115029241622,1.24702228601625,927,32,"MPO;SLC11A1;CYBB;SLAMF8;NCF1C;HCK;NOXA1;CD52;CLEC7A;INSR;PIK3CD"
"GOBP_RESPIRATORY_BURST_INVOLVED_IN_DEFENSE_RESPONSE",0.351365364673349,1,0.539067669120862,1.10297992530448,2032,14,"MPO;SLAMF8;HCK;PIK3CD"
"GOBP_RESPIRATORY_BURST_INVOLVED_IN_INFLAMMATORY_RESPONSE",0.885576579792931,1,0.372899325513302,0.668585752496444,4960,8,"SLAMF8;LIPA;RPS19"
"GOBP_RESPIRATORY_CHAIN_COMPLEX_III_ASSEMBLY",0.27253320683112,1,-0.539850474724269,-1.15016373885511,1148,14,"FXN;UQCC4;OCIAD2;SLC25A33;UQCC5;UQCC3"
"GOBP_RESPIRATORY_CHAIN_COMPLEX_IV_ASSEMBLY",0.64716092239028,1,-0.345409953427275,-0.892168923416385,2609,33,"SCO2;COA4;UQCC5;COA3;CEP89;COA6;SLC25A46;COA7;TACO1;SCO1;COX19;TIMM21;COA8;PET117;COA5;COA1;COX10;COX17;MT-CO3;PET100"
"GOBP_RESPIRATORY_GASEOUS_EXCHANGE_BY_RESPIRATORY_SYSTEM",0.899322514573814,1,0.283141862514565,0.779060989124935,5707,72,"TLX3;PHOX2B;CFAP54;CYSLTR1;SFTPB;HOXA5;MAFB;NEK10;CFAP43;PHOX2A;ECEL1;CFAP221"
"GOBP_RESPIRATORY_SYSTEM_DEVELOPMENT",1,1,0.21163641052216,0.659826601213895,7209,215,"FGF10;WNT7B;PHOX2B;MSX1;SHH;FGF7;NKX2-1;SPDEF;GATA6;FOXP2;ASCL1;PROX1;IGFBP5;HOXA5;COL3A1;NOG;LEF1;ALDH1A2;WNT2B;PKDCC;HES1;RXFP1;ADAMTS2;PDGFA;ABCA3;SOX9"
"GOBP_RESPIRATORY_SYSTEM_PROCESS",0.496895424836601,1,0.378476198073503,0.97206267634092,3040,46,"TLX3;PHOX2B;CFAP54;HOXA5;NEK10;CFAP43;ECEL1;CFAP221"
"GOBP_RESPONSE_TO_ATP",0.718359770502869,1,0.361237055842547,0.843753279861597,4256,27,"P2RX1;P2RX2;TRPC3;RYR3;NT5E;P2RX7;P2RX4;SSH1;KCNJ11"
"GOBP_RESPONSE_TO_AXON_INJURY",0.999843627834246,1,0.197799854891394,0.545714291568777,6393,73,"NDP;FLRT3;GIPR;DHFRP1;ISL1;KLF4;NEFL;INPP5F;MORN4;BNIP3;RTN4RL1;EPHA4;NTRK1;CSPG5;DRD2;P2RX4;LAMB2;RTN4RL2;NTRK3;KREMEN1;LRIG2;FIGNL2"
"GOBP_RESPONSE_TO_CALCIUM_ION",1,1,0.196146708109408,0.580693231029572,6720,128,"NEUROD2;LCN6;TRPM2;GIPR;ALOX15;SMPD1;FOSB;TXNIP;CRHBP;RASA4B;CARF;TRPC3;JUNB;RYR3;TTN;WNT5A;TRPV6;ADCY1;CASR;CPNE9;ADCY8;HCN1;P2RX7"
"GOBP_RESPONSE_TO_HYDROSTATIC_PRESSURE",0.606644640234949,1,0.546176397108951,0.921416092113091,3304,6,"ATP2B4;NTRK1;PLEC"
"GOBP_RESPONSE_TO_INTERFERON_ALPHA",0.986239620403321,1,-0.240866610025489,-0.554773913321809,4156,19,"GATA3;KLHL20;MYC;RO60;MX2;PDE12;OAS1;ADAR;IFNAR2;EIF2AK2;TPR;IFITM3;IFITM2;IFNAR1;LAMP3;AXL;IFITM1;GAS6;BST2"
"GOBP_RESPONSE_TO_INTERFERON_BETA",0.74993754683987,1,-0.324943525120339,-0.844877797753826,3001,34,"IRGM"
"GOBP_RESPONSE_TO_IRON_II_ION",0.348188405797101,1,0.652466780124835,1.1356332707973,1921,7,"PDX1;LCN2"
"GOBP_RESPONSE_TO_IRON_ION",0.954254961318533,1,0.281135172992945,0.666398815919719,5673,29,"PDX1;TFAP2A;LCN2;TF;B2M;BMP6"
"GOBP_RESPONSE_TO_ISCHEMIA",0.987493987493988,1,0.246411428381766,0.660254102493264,6158,59,"SLC26A5;ITGAM;P2RX2;FAIM2;MLYCD;EGR1;CX3CR1;GPR151;NDNF;CAMK2A;CASR;P2RX7;CX3CL1;CIB1;SLC8A2;POPDC1;P2RX4"
"GOBP_RESPONSE_TO_L_GLUTAMATE",0.927656546489564,1,-0.301172355616137,-0.66715460246819,3910,16,"PRKN;GRIA1;AIFM1;PCNA;HPCA;KCNB1;TUBA1A;CREB1"
"GOBP_RESPONSE_TO_LIPID",1,1,0.219403468821652,0.743339041316539,8654,807,"KDM5D;GATA2;FGF10;GFI1;MPO;RXRG;SCNN1B;CD274;WNT7B;GBP2;SLC12A3;SP100;OSR1;PDX1;SLC11A1;POU4F2;CYP7A1;CYBB;OR56A3;CASP1;FFAR1;PPBP;SSTR4;S100B;CD80;BGLAP;WNT8A;OR51Q1;KL;OR56B1;ITGAM;SLC22A4;CA9;CYP24A1;VCAM1;GATA6;GATA4;BTK;WNT8B;SCNN1G;ASCL1;TBX1;LTK;IRF8;CYP26A1;LTF;CST11;CD36;TNIP3;PTGDR;PF4;FAM107A;WNT9B;HCK;TACR1;CREBRF;TFPI;SCN11A;PTCH1;FZD10;EFNA5;CD38;IL37;IL1A;GIPR;PTPRC;ALDH1A2;LCN2;FOSB;ISL1;NLRP3;RHOXF1;IRAK2;TXNIP;MAP4K1;CX3CR1;SLIT2;HES1;CRHBP;KLF4;NR3C2;PTGER1;INHBA;SPON2;ABCA3;SOX9;FBP1;NEFL;ESR2;FGF23;GRM5;NFKB2;CXCL5;SOX10;ESRRB;NLRP7;HPGD;PTGDS;JUNB;F7;CYP7B1;KCNK4;AVPR1A;DSG1;MN1;TRIM63;RET;PLCB1;COL1A1;B2M;ABCB4;TGFB1;ADAMTS13;KCNK10;BMP6;BMP7;PDCD4;TESC;WNT5A;DKK1;DDIT4;KLF9;CFTR;KDM4C;CLDN4;CALCR;AHR;SSTR2;ADCY1;CASR;CASP8;IGFBP2;AKR1C2;ABCA2;CITED1"
"GOBP_RESPONSE_TO_MITOCHONDRIAL_DEPOLARISATION",0.8393906020558,1,0.416837148261088,0.703216869552275,4572,6,"BECN1;SQSTM1;AMBRA1;ATG13;ATG14;GPS2"
"GOBP_RESPONSE_TO_NITROSATIVE_STRESS",0.500346020761246,1,-0.493379608766123,-0.975654635383898,2168,10,"DUSP6;GCLM;DDIT3;DNAJA1;GCLC;ATG5;ATM;PARK7"
"GOBP_RESPONSE_TO_OXIDATIVE_STRESS",1,1,0.174944948029239,0.572224010595499,7916,404,"GATA5;MPO;CRYAA;HBA2;SUMO4;LPO;BTK;CD36;GPR37L1;TRPM2;TACR1;ALOX5;SPHK1;IPCEF1;TREX1;ALDH3B1;CD38;DHFRP1;SELENOP;LCN2;KAT2B;TXNIP;DUOX1;KLF4;CHCHD2;SESN3;HBA1;PDK2;RNF112;PJVK;COL1A1;BMP7;KDM6B;BNIP3;PSME1;PTPRN;PNPLA8;GPR37;PTGS2"
"GOBP_RESPONSE_TO_PROSTAGLANDIN",0.263802148388708,1,-0.431334998113124,-1.12150369257244,1055,34,"OXT;PTGDR2;CCR7;PRKCE;AKR1C3;TGFBR3;GNRH1;AANAT"
"GOBP_RESPONSE_TO_PROSTAGLANDIN_D",0.856829161176987,1,-0.379610150608933,-0.668318846462944,3901,6,"PTGDR2;AKR1C3"
"GOBP_RESPONSE_TO_PROSTAGLANDIN_E",0.2197265625,1,-0.474592438533634,-1.16495974964259,899,26,"OXT;CCR7;PRKCE;TGFBR3;GNRH1;AANAT;PTGER4;GNG2;PTGER2;IGFBP7"
"GOBP_RESPONSE_TO_REDOX_STATE",0.235294117647059,1,-0.559904234983154,-1.19288873208448,991,14,"ARHGDIB;SMPD3;VASN;SLC7A11;NPAS2;SIRT2"
"GOBP_RESPONSE_TO_SUCROSE",0.158201858655716,1,-0.81693619977614,-1.32942022845824,731,4,"OXT;CALCRL;PNPLA3;GRIA1"
"GOBP_RESPONSE_TO_TUMOR_NECROSIS_FACTOR",1,1,0.209255389493859,0.64939253754607,7185,205,"GBP2;UBD;GBP1;CASP1;NLRP2B;PYDC1;VCAM1;CASP4;TNFSF13B;SPHK1;TNFRSF19;SMPD1;LCN2;CXCL16;HES1;CRHBP;FAS;F2RL1;PLVAP;APOA1;TNFRSF13C;COL1A1;ADAMTS13;TRAF3;CASP8;NAIP;AFF3;SIRT1;TMC8;GAS6;CCL2;SLC2A4;TNFAIP3;CIB1;TNFRSF11A;OCSTAMP"
"GOBP_RESPONSE_TO_TYPE_I_INTERFERON",0.573830077237619,1,0.327121767996387,0.947382678429058,3788,106,"SP100;ZBP1;TREX1;SMPD1;IRF7;IFIH1;SAMHD1;WNT5A;PSME1;CR2;TRAF3;MX1;NLRC5;CH25H;AZI2;STING1;IKBKE;IFITM1;TYK2;GIGYF2;IFNAR1;IFITM2;IFITM3"
"GOBP_RESPONSE_TO_TYPE_II_INTERFERON",0.458476218875801,1,0.337592859105211,0.998270521099303,3074,127,"MEFV;GBP2;SP100;SLC11A1;UBD;GBP1;GBP4;CASP1;ARG1;IRF8;PSMB9;HCK;CXCL16;WAS;PARP14;PARP9"
"GOBP_RESPONSE_TO_TYPE_III_INTERFERON",0.459963768115942,1,0.597666329446651,1.04025183998649,2538,7,"IFNL4;IFNGR2"
"GOBP_RETINAL_BIPOLAR_NEURON_DIFFERENTIATION",0.0402329274748544,1,0.774324058117105,1.4591494582523,227,10,"RHO;CABP4;IRX5;NDP;PRDM1"
"GOBP_RETINAL_GANGLION_CELL_AXON_GUIDANCE",0.118649846573474,1,0.581161240475156,1.31297016935409,695,23,"POU4F2;NDP;POU4F3;EFNA5;EPHB3;ISL1;SLIT2;NRP1;NRCAM;SLIT1;SEMA4F;ALCAM;BMPR1B;ROBO2;EPHA7"
"GOBP_RETINAL_METABOLIC_PROCESS",0.720104191333175,1,-0.365107764134533,-0.831910866412703,3040,18,"BCO1;RBP4;ALDH8A1;AKR1C3"
"GOBP_RETINOIC_ACID_METABOLIC_PROCESS",0.91412931919261,1,0.30959448485558,0.692237481660553,5343,22,"ADH6;CYP2W1;CYP26A1;CYP2C18;ALDH1A2;CYP26C1;ADH1B;CRABP2;CYP27C1;BCO2"
"GOBP_RETINOL_METABOLIC_PROCESS",0.0364424057084608,1,-0.519525313107629,-1.40852808070595,142,43,"ADH4;PLB1;CES1;AKR1B10;BCO1;CYP2C8;CYP1A1;RDH8;RBP4;AKR1B15;AKR1C3"
"GOBP_RETROGRADE_AXONAL_TRANSPORT",0.383395840436413,1,0.46748222468471,1.05614444489188,2248,23,"AGBL4;RUFY4;NEFL"
"GOBP_RETROGRADE_NEURONAL_DENSE_CORE_VESICLE_TRANSPORT",0.941150540004408,1,-0.317701096186506,-0.537606422274758,4269,5,"KIF1A;KIF1C;KIF5B;KIF1B;KIF5A"
"GOBP_RETROGRADE_TRANS_SYNAPTIC_SIGNALING",0.734081539166285,1,-0.415146965900522,-0.799562294003402,3204,9,"DAGLA;SYT4;TENM2;FABP5;CNR1"
"GOBP_RETROGRADE_TRANS_SYNAPTIC_SIGNALING_BY_LIPID",0.931893321578135,1,-0.324520913794712,-0.549146759368093,4227,5,"DAGLA;FABP5;CNR1"
"GOBP_RIBOFLAVIN_METABOLIC_PROCESS",0.892406221408966,1,0.387788366541812,0.633631977443802,4876,5,"SLC52A1;SLC52A3;RFK"
"GOBP_RIBONUCLEOSIDE_METABOLIC_PROCESS",0.998315688161694,1,-0.19654820155857,-0.467102865192288,4148,22,"XDH;GNMT"
"GOBP_RIBOSE_PHOSPHATE_METABOLIC_PROCESS",1,1,0.142335162773814,0.461439254240086,7754,359,"SULT1A4;NME9;PFKFB1;ATP6V1B1;ALDOB;MYH8;ADCY4;GAPDHS;MYH7;TREX1;SLC4A1;CACNB4;MYH3;ACTN3;ADSS1;SLC4A4;PGAM2;FBP1;ENO4;AK5;ADCY7;INSR;NME5;SULT2B1;AK9;PDE2A;PDE4C;DPYD;TRIM63;LDHC;TGFB1;PDE10A;DDIT4;NT5E;ADCY1;ENO3;VPS9D1;ADCY8;TJP2"
"GOBP_RISC_COMPLEX_ASSEMBLY",0.972648667725428,1,0.280816893796085,0.529176142927852,5511,10,"AGO2;AGO4;ADAR;TARBP2;PRKRA;DICER1;CLP1;DHX9;AGO3;AGO1"
"GOBP_RNA_IMPORT_INTO_MITOCHONDRION",0.93153488372093,1,0.362345131035547,0.5668652726048,5006,4,"TOMM20;TST;PNPT1;MRPL18"
"GOBP_ROSTROCAUDAL_NEURAL_TUBE_PATTERNING",0.00808151791988756,1,0.821282355644744,1.5842135953368,45,11,"SOX17;WNT1;EN1;GBX2;PAX6;HES1"
"GOBP_RRNA_METABOLIC_PROCESS",0.160951996772892,1,-0.315243324982877,-1.09313327346095,398,286,"UTP14C;METTL15P1;SLFN12;PIH1D2;RNASEL;POLR1B;IPPK;EXOSC3;MRM1;PELO;POLR1A;RPF1;RRP8;RRP1;SPOUT1;DIS3L;MYC;DHX37;FBLL1;UTP14A;GTPBP4;LYAR;MRTO4;ZNHIT6;RIOK2;MAK16;EBNA1BP2;NOL6;MACROH2A1;EXOSC4;NOP9;EXOSC8;PWP1;EXOSC9;TEX10;CHD7;BOP1;METTL18;NOC4L;SENP3;BRIX1;NOP14;IMP3;RRP1B;RIOK1;PPAN;PNO1;RCL1;NOP2;TSR1;TCOF1;FTSJ3;DDX27;LSM6;AK6;EMG1;GTF3C6;WDR36;DDX52;TFB2M;MARS1;TAF1B;POLR1G;DDX49;PELP1;ERI2;POLR2F;GEMIN4;RBFA;PA2G4;NOP10;UTP20;ERI3;PES1;WDR3;RRP9;UTP15;ABT1;REXO5;USP36;DDX56;PAK1IP1;HEATR1;IMP4;SIRT7;UTP4;BUD23;RRP15;NOL7;POLR1C;WDR46;DNTTIP2;FCF1;DDX18;NHP2;NCL;UTP11;DDX47;DDX21;NGDN;FSAF1;SLFN13;UTP6;TRMT61B;DEDD2;MTERF4;DCAF13;NSUN5;BYSL;MRM2;ERI1;BMS1;NOLC1;WDR74;ISG20;RRS1;REXO4;TOP1;URB1;MPHOSPH10;DDX55;METTL15;NAT10;RPP25;SLX9;EIF4A3;SART1;DROSHA;POLR2L;GTF3C4;NOL10;TENT4B;GTF2H5;GTF3C5;PDCD11;TFB1M;EIF6;NAF1;METTL16;ESF1;NUDT16;UTP18;MACROH2A2;SRFBP1;LAS1L;DDX11;DIS3;NVL;RPUSD4;ERCC2;EXOSC2;WDR77;TSR3;MAPT"
"GOBP_S_ADENOSYLMETHIONINE_METABOLIC_PROCESS",0.254324450677887,1,-0.573621942347572,-1.1833859860005,1087,12,"GNMT;BHMT2;BHMT"
"GOBP_SARCOPLASMIC_RETICULUM_CALCIUM_ION_TRANSPORT",0.590367553865653,1,-0.342670927028966,-0.922440553353353,2328,41,"CACNG1;PLN;STRIT1;PDE4D;SLC8A1"
"GOBP_SECONDARY_METABOLIC_PROCESS",0.86084477844001,1,-0.290996207114396,-0.803422956005729,3321,49,"FMO2;AKR1B10;CYP1A1;PRKCE;SULT1C4;AKR1C3;SLC24A5;CYP2D6"
"GOBP_SEQUESTERING_OF_CALCIUM_ION",0.998488055639552,1,0.225947242479734,0.658051994751953,6603,112,"F2;APLNR;CACNA1S;TRPM2;GP5;PTPRC;CLIC2;XCL1;CACNA1C;ITPR1;NGF;RYR3;PLCB1;TGFB1;UBASH3B;CASQ1;PLCL2;GSTO1;PLCB4;TMEM38A;HTR2B;P2RX7;DMD;PLCE1;CX3CL1;LIME1;DRD2;FKBP1B;HTR2C;SLC8B1;TRPC1;PRKD1;TRDN;TMEM38B;ITPR2;NOL3;ERO1A;GSTM2;FGF2;PSEN1"
"GOBP_SERINE_FAMILY_AMINO_ACID_BIOSYNTHETIC_PROCESS",0.439157196969697,1,-0.482330012923929,-1.01252038759352,1854,13,"ENSG00000274276;GGT1;PSAT1;PSPH;RIDA"
"GOBP_SERINE_TRANSPORT",0.570909090909091,1,-0.490886448608195,-0.917436301745439,2511,8,"SLC7A10;SFXN3;SFXN2;SLC1A5"
"GOBP_SEROTONERGIC_NEURON_AXON_GUIDANCE",0.481976212259835,1,0.63592854808468,1.03908393908051,2633,5,"PCDHAC2;WNT5A;FZD3;VANGL2"
"GOBP_SEROTONIN_METABOLIC_PROCESS",0.254407189768406,1,0.562765429097901,1.17979471766561,1471,16,"SULT1A4;TPH2;TPH1"
"GOBP_SHORT_CHAIN_FATTY_ACID_METABOLIC_PROCESS",0.976687964082196,1,0.266190819869506,0.551771023432658,5655,15,"TYRP1;ACSS1;ACOT4;CRAT;MCEE"
"GOBP_SHORT_TERM_SYNAPTIC_POTENTIATION",0.341811527904849,1,0.704012528369575,1.15033066740522,1867,5,"NOG;PRRT2;SYT7"
"GOBP_SKELETAL_MUSCLE_ACETYLCHOLINE_GATED_CHANNEL_CLUSTERING",0.246204933586338,1,-0.525882762906362,-1.16493130624127,1037,16,"RAPSN"
"GOBP_SMALL_MOLECULE_METABOLIC_PROCESS",1,1,0.197548823746195,0.684374157448543,9383,1596,"GSTM1;GFI1;MPO;SCNN1B;SULT1A4;GIP;NME9;CMAHP;PDX1;ACSM6;SP7;ELOVL3;NLRC4;GAD1;LDHAL6A;TPH2;PFKFB1;APOA5;CYP7A1;TFAP2B;ATP6V1B1;TYRP1;APOA2;PPP1R3G;CYP4A22;CASP1;ARG1;GAD2;GLB1L2;SERPINA12;RPEL1;SLC17A3;HSD17B3;FMO3;BGLAP;ADH6;CETP;PLA2G5;CYP2W1;ALDOB;MYH8;LPO;IP6K3;CYP24A1;GSTA1;ADCY4;FTCD;TTC36;CYP4F11;GAPDHS;NDP;LDHD;ASPG;CUBN;ABCD2;CYP26A1;OCA2;CD36;WNT4;PTGDR;PROX1;BMP5;CYP46A1;C1QTNF3;CBR3;RDH16;NUDT13;ALOX5;PTH1R;MYH7;SPHK1;CCDC92;AGTR1;PYCR3;PNLIPRP2;AK8;TREX1;SLC4A1;HMGCLL1;AZIN2;CACNB4;DPEP3;FMO5;GSTO2;ALDH3B1;SLC25A18;CD38;MYH3;DHFRP1;IGFBP3;CYP2C18;ALOX15;ABHD1;MLYCD;GLS2;SMPD1;ALDH1A2;EGR1;KAT2B;ACTN3;SLC16A3;ONECUT1;NPC1L1;ASAH2;ME3;ALDH3B2;GDPD3;FBN3;PARP14;NAAA;PARP9;INHBA;ADSS1;SLC4A4;HYKK;LGSN;PGAM2;OTOG;MOGAT3;SOX9;CYP2R1;LHCGR;FBP1;MGAT4A;ACP3;CYP2E1;ENO4;ATP2B4;FGF23;PLPP2;AK5;ADCY7;CYP26C1;PDK2;INSR;PTGR3;NPL;NME5;SULT2B1;AK9;TPK1;PDE2A;ACSS1;HSD17B14;PLPP3;HECTD4;HPGD;PDE4C;DKKL1;PTGDS;APOA1;DPYD;ABHD3;ABHD6;TPH1;FAAH2;CYP7B1;CYP21A2;ARHGAP11B;AVPR1A;NAPEPLD;ADHFE1;TRIM63;GLYATL1;LDHC;ADH1B;ALOX12;ACMSD;UAP1L1;PLCB1;TGFB1;BMP6;SLC35A1;TK2;PLA2G4D;PARP10;CD101;SAMHD1;MACROD2;PDE10A;DDIT4;PNPLA8;TNXB;PTGS2;CFTR;RENBP;PRODH;FA2H;SDS;NMRK1;ALDH5A1;ALDH1L1;MST1;MGLL;NT5E;GLB1L;ACOT4;ADCY1;GLYATL2;PNPO;GSTO1;AKR1C2;ABCA2;NAIP;LPIN3;ENO3;DGAT2;NR5A2;VPS9D1;ENTPD3;PDK1;ADCY8;ABCG1;HSD17B8;PPIP5K2;INSIG2;CSAD;TJP2;AUH;CPT1B;GNB3;SPTSSB;MACROD1;ENTPD8;CRABP2;SIRT1;ABCA1;SCD5;UCP3;CYP27C1;FGFR1;IDO1;OXCT2;AIG1;MLXIPL;PPM1K"
"GOBP_SNO_S_RNA_METABOLIC_PROCESS",0.992163381619568,1,-0.232890444250573,-0.505461206463205,4177,15,"EXOSC3;FBLL1;EXOSC4;TENT4B;NUDT16;EXOSC2;DKC1;EXOSC10"
"GOBP_SNRNA_METABOLIC_PROCESS",0.626723223753977,1,-0.32177027170628,-0.91742760450333,2363,60,"SAGE2P;MYOD1;EXOSC3;TOE1;EXOSC4;EXOSC8;EXOSC9;SNAPC4;INTS2;ZC3H8;USB1;NOP10;NHP2;ELL;CC2D1A;INTS1;PPP2CA;RPAP2;TUT1;INTS10;INTS15;INTS5;METTL16;ICE1;EXOSC2;ELL2;MEPCE;FTO;INTS3"
"GOBP_SODIUM_ION_EXPORT_ACROSS_PLASMA_MEMBRANE",0.920401453538675,1,0.311147586826397,0.668175972909715,5318,18,"FXYD2;ATP1B2;SLC4A4;FXYD1;FXYD7;ATP1B1;ATP1B3;ATP12A;FXYD5;SLC9A1"
"GOBP_SODIUM_ION_IMPORT_ACROSS_PLASMA_MEMBRANE",0.256010836437521,1,0.498130285081884,1.15510981822749,1511,26,"SCNN1B;SLC9A4;SLC9C1;SCNN1G;SLC6A1;SLC9A2;SLC9A9;HCN1;HCN2;SCNN1D;SLC9A5"
"GOBP_SOMATIC_DIVERSIFICATION_OF_IMMUNE_RECEPTORS",0.986610618091235,1,0.249079196909011,0.688547307265033,6336,74,"CCR6;LEF1;PTPRC;BCL6;TNFSF13;SHLD1;SLC15A4;TGFB1;SAMHD1;BCL11B;APLF;TNFSF4;KMT5C"
"GOBP_SOMATIC_DIVERSIFICATION_OF_IMMUNE_RECEPTORS_VIA_SOMATIC_MUTATION",0.993783457088586,1,0.223608000617808,0.463503645276359,5754,15,"SAMHD1;MLH1;POLL;POLB;REV1;POLM;ADAR;MSH6;MCM3AP;PMS2;UNG;HMCES;POLQ;MSH2;EXO1"
"GOBP_SOMATIC_MOTOR_NEURON_DIFFERENTIATION",0.0976449275362319,1,0.773290238700935,1.34592924851063,538,7,"LHX3;SHH;PHOX2A"
"GOBP_SOMITE_ROSTRAL_CAUDAL_AXIS_SPECIFICATION",0.553202752779248,1,0.504082178060325,0.949901051531223,3134,10,"TBX6;RIPPLY2;SMAD4;GDF3;NRARP;EPB41L5"
"GOBP_SPERM_AXONEME_ASSEMBLY",0.542723467126324,1,-0.366974757788615,-0.94202552547732,2203,32,"ZMYND12;CFAP97D1;MEIG1;CFAP65;BBOF1;PLA2G3;SPEF2;MNS1"
"GOBP_SPERM_MITOCHONDRIAL_SHEATH_ASSEMBLY",0.0838911200356983,1,-0.775445975166912,-1.40695376719564,375,7,"CFAP61;CFAP65"
"GOBP_SPERM_MITOCHONDRION_ORGANIZATION",0.68692031042968,1,0.584015457834292,0.869349872072855,3628,3,"VPS13A;MFSD14A;NECTIN2"
"GOBP_SPERMIDINE_METABOLIC_PROCESS",0.741407151095732,1,-0.402304495013358,-0.795554251577557,3213,10,"SATL1;ODC1"
"GOBP_SPERMINE_METABOLIC_PROCESS",0.904060687193217,1,-0.341841723493299,-0.620230829813802,4051,7,"ODC1;SMS;SMOX"
"GOBP_SPHINGOID_METABOLIC_PROCESS",0.852881009205592,1,0.329256855027157,0.743863146056592,5002,23,"SPHK1;ASAH2;NAAA;PLPP2;PLPP3;ABCA2;SPTSSB"
"GOBP_SPHINGOLIPID_BIOSYNTHETIC_PROCESS",1,1,0.201254309959961,0.584825908598207,6618,109,"PNPLA1;ELOVL3;P2RX1;SPHK1;SMPD1;ASAH2;SGMS2;ST8SIA6;B3GALT4;FA2H;ABCA2;ST8SIA4;SPTSSB;P2RX7;B4GALT4;A4GALT;ALOX12B;ST8SIA5;CERT1;SAMD8;ST3GAL3;HACD1;B4GALNT1;UGT8;SPNS2;PRKD1"
"GOBP_SPHINGOLIPID_MEDIATED_SIGNALING_PATHWAY",0.382236046310696,1,0.4879292956378,1.0592939457237,2211,19,"KLF14;SPHK1;S1PR4;GPR6;PLPP3"
"GOBP_SPHINGOLIPID_METABOLIC_PROCESS",0.996971881759192,1,0.234693867711368,0.709877132357826,6913,159,"PNPLA1;ELOVL3;PSAPL1;P2RX1;SFTPB;FUT3;SPHK1;ALDH3B1;SMPD1;NEU4;ASAH2;ALDH3B2;NAAA;SGMS2;PLPP2;ST8SIA6;PLPP3;B3GALT4;FA2H;ABCA2;ST8SIA4;SPTSSB;P2RX7;B4GALT4;CEL;A4GALT;ALOX12B;ST8SIA5;CERT1;KIT;SAMD8;ST3GAL3;HACD1;B4GALNT1;GALC;UGT8;PLPP1;SPNS2;PRKD1;SMPDL3A"
"GOBP_SPHINGOLIPID_TRANSLOCATION",0.494602012808783,1,0.629162445495156,1.02802837544506,2702,5,"ABCB4;ABCA2;ABCA1;ABCB1"
"GOBP_SPHINGOMYELIN_METABOLIC_PROCESS",0.733838503433578,1,-0.361907097097887,-0.82461803413381,3098,18,"ABCA8"
"GOBP_SPINAL_CORD_ASSOCIATION_NEURON_DIFFERENTIATION",0.00316233309908644,1,0.845395628685152,1.63072692259402,17,11,"WNT1;LHX5;TAL1;LHX3;GDF7;ASCL1;PAX7"
"GOBP_SPINAL_CORD_MOTOR_NEURON_CELL_FATE_SPECIFICATION",0.231093979441997,1,0.727098108845665,1.22663648883705,1258,6,"LHX3;OLIG3;MNX1;ISL1"
"GOBP_SPINAL_CORD_MOTOR_NEURON_DIFFERENTIATION",0.667229159635505,1,0.374670982322621,0.875131344059758,3953,27,"LHX3;OLIG3;SHH;MNX1;PTCH1;ISL1;LONRF2"
"GOBP_SPINAL_CORD_OLIGODENDROCYTE_CELL_DIFFERENTIATION",0.468770261508537,1,-0.645528112424048,-1.05048366191896,2168,4,"SOX6;OLIG2"
"GOBP_SPONTANEOUS_NEUROTRANSMITTER_SECRETION",0.434601449275362,1,0.610698967172707,1.06293544236871,2398,7,"RPH3A;DOC2A;RIMS2"
"GOBP_SPONTANEOUS_SYNAPTIC_TRANSMISSION",0.0868812737971617,1,0.686080187550041,1.3783583788829,501,13,"CBLN2;RPH3A;DOC2A;AGER"
"GOBP_SPROUTING_OF_INJURED_AXON",0.98846511627907,1,0.287768774881301,0.450195438128393,5312,4,"LAMB2;NTRK3;PUM2"
"GOBP_STEROID_METABOLIC_PROCESS",0.999866577718479,1,0.219549748794923,0.699721899357501,7493,282,"GFI1;SCNN1B;SULT1A4;CGA;APOA5;CYP7A1;APOA2;SHH;SERPINA12;HSD17B3;BGLAP;CETP;CYP24A1;CUBN;WNT4;PROX1;BMP5;CYP46A1;RDH16;AGTR1;FMO5;SMPD1;EGR1;FAXDC2;NPC1L1;INHBA;CYP2R1;LHCGR;CYP2E1;FGF23;SULT2B1;HSD17B14;DKKL1;APOA1;POMC;CYP7B1;CYP21A2;BMP6;CFTR;AKR1C2;ABCA2;DGAT2;NR5A2;ABCG1;DHRS2;HSD17B8;INSIG2;GNB3;SIRT1;ABCA1;FGFR1"
"GOBP_STEROL_METABOLIC_PROCESS",1,1,0.187213561563761,0.560559238849033,6810,143,"APOA5;CYP7A1;APOA2;SERPINA12;CETP;CUBN;CYP46A1;AGTR1;FMO5;SMPD1;FAXDC2;NPC1L1;SULT2B1;APOA1;CYP7B1;CYP21A2;CFTR;ABCA2;DGAT2;ABCG1;INSIG2;GNB3;ABCA1;CH25H;TTC39B;NPC2;CYP27A1;PON1;OSBPL5"
"GOBP_STORE_OPERATED_CALCIUM_ENTRY",0.475880944235375,1,0.44232304167528,0.989011766771505,2781,22,"SPINK1;SRL;CRACR2B;TSPAN18;CASQ1"
"GOBP_SUCCINATE_METABOLIC_PROCESS",0.103019213174748,1,0.815132646681646,1.33189686787626,562,5,"GAD1;GAD2;ALDH5A1"
"GOBP_SUCCINYL_COA_METABOLIC_PROCESS",0.893907926618207,1,0.336548048023586,0.676136449219587,5164,13,"ACOT4;NUDT19;MCEE;NUDT7;SUCLA2;PCCA;MMUT;SUCLG2;NUDT8;DLST"
"GOBP_SULFUR_AMINO_ACID_BIOSYNTHETIC_PROCESS",0.139886578449905,1,-0.578698336811175,-1.30288246985613,591,17,"BHMT2;ENSG00000274276;BHMT;GGT1;ADI1;MTHFD2L;MTHFR;MTAP;MRI1;MTHFD1;CTH;CDO1"
"GOBP_SULFUR_AMINO_ACID_CATABOLIC_PROCESS",0.90242214532872,1,-0.332083498529731,-0.656692735002388,3911,10,"ENSG00000274276"
"GOBP_SULFUR_AMINO_ACID_METABOLIC_PROCESS",0.0879340494629028,1,-0.50286386281504,-1.30748416306437,351,34,"GNMT;BHMT2;ENSG00000274276;BHMT;NOX4;GGT1;SMS;GCLM;ADI1;MTHFD2L;SLC7A11"
"GOBP_SULFUR_AMINO_ACID_TRANSPORT",0.505711318795431,1,0.488051659105922,0.980512345151027,2921,13,"SLC22A4;SLC1A2;SLC7A9;SLC1A4"
"GOBP_SULFUR_COMPOUND_BIOSYNTHETIC_PROCESS",0.185621507325177,1,0.392772855442724,1.14514802627392,1228,113,"GSTM1;ELOVL3;CRYAA;FMO3;GSTA1;SLC1A2;MLYCD;PDK2;TPK1;ACSS1"
"GOBP_SULFUR_COMPOUND_CATABOLIC_PROCESS",0.96129191321499,1,-0.268312517401318,-0.673824058218772,3898,29,"GGTLC2;ENSG00000274276;GGT1"
"GOBP_SULFUR_COMPOUND_METABOLIC_PROCESS",0.906410603191777,1,0.266344687605998,0.841486383676024,6701,250,"GSTM1;SULT1A4;ACSM6;ELOVL3;CRYAA;SQOR;FMO3;LPO;GSTA1;NDP;CHST5;SLC1A2;DPEP3;GSTO2;MLYCD;ARSG;ACP3;PDK2;SULT2B1;TPK1;ACSS1"
"GOBP_SULFUR_COMPOUND_TRANSPORT",0.971501761127121,1,0.258779576727434,0.697713593061316,6067,62,"SLC26A9;SLC26A5;SLC22A4;SLC1A2;SLC7A9;SLC36A1;SLC44A4;SLC26A1;SLC13A4;SLC1A4;SLC26A7"
"GOBP_SUPEROXIDE_METABOLIC_PROCESS",0.212772684160607,1,0.420033599265678,1.14998275318248,1345,69,"MPO;CYBB;ITGAM;NCF1C;CD36;NOX5;ITGB2;DHFRP1;NOXA1;DUOX1;CLEC7A;F2RL1;ALOX12;TGFB1;BMP7"
"GOBP_SUPRAMOLECULAR_FIBER_ORGANIZATION",1,1,-0.182086599059173,-0.673354854820762,1380,763,"ANKRD53;ESAM;PFN3;MYOC;MYBPC3;MYO1H;CLRN1;PLEK;DNAI3;FSCN3;MYO7B;KRT83;KASH5;PGM5;RGCC;CAV3;FSCN2;TGFB3;TNFAIP6;TUBB1;KHDC3L;MYH6;RHOJ;NCKAP1L;LDB3;CCR7;PRKCE;GHRL;OOEP;DMTN;GAS2L2;MAP2;MYOM1;SHANK1;TENM1;ARHGAP36;TCHH;SPTBN5;DAAM2;BBOF1;OAZ3;TESK1;PRPH;ANKRD1;TNNT3;RHOH;MYO7A;NCK1;CAPN3;VIL1;ACTC1;MYH11;MYPN;SYNPO2;APC2;CALD1;KANK4;FLNC;SHROOM4;PPM1F;CSRP1;EPPK1;TREM2;PRKN;LCP1;TPPP3;LIMS2;TMSB15C;BCAR1;ADPRHL1;CEP126;SHROOM1;KIF21A;PARVA;SNCA;MAP6D1;ITGB5;PTK2B;CCN2;FBLN5;MYO1A;KRT10;PPFIBP1;FGF13;PTGER4;WIPF1;TPM2;ARHGAP6;SPTBN4;WHAMM;AIF1;ARHGAP40;HCLS1;LOX"
"GOBP_SYMPATHETIC_NEURON_PROJECTION_EXTENSION",0.38197503671072,1,0.659372377262258,1.11238113239652,2080,6,"S100B;NRP1;CLSTN3"
"GOBP_SYNAPSE_ASSEMBLY",0.841360907271514,1,0.275103528617304,0.876776059278742,6305,282,"NLGN4Y;CBLN2;IL1RAPL1;LRRTM2;SPOCK2;PCDHB10;GABRA1;PCDHB9;NTN1;GABRA2;PCDHB11;VSTM5;LRFN5;NPTX1;FLRT3;EFNA5;EPHB3;LRRTM1;PCDHB14;SRGAP3;PCDHB13;GABRB2;NRG3;CPEB3;EGFLAM;ASIC2;SLITRK3;SLITRK1;NRXN3;SYNDIG1;OPCML;LRRN3;ERBB4;GJA10;TRIM47;NRCAM;LRTM2;ICAM5;SEMA4A;GRM6;WNT5A;DKK1;NRXN2;KIRREL3;PCDHB3;SRGAP1;PLXNA3;IGSF11;C1QL2;ABI3;ZDHHC8;SLIT1;LRRC4;PCDHB16;RTN4RL1;DSCAM;DOCK4;ZDHHC2;FLRT1;SDK2;FGFR1;CLSTN2;ROBO2;ARHGEF9;NTRK1;COLQ;IL1RAP;THBS2;EPHA7;CLSTN3;FZD1;GPM6A;GPHN;LRRC24;CDH1;PRKCA;DRD2"
"GOBP_SYNAPSE_MATURATION",0.922507403751234,1,0.28788125896565,0.729958987914245,5606,43,"NEUROD2;FGF7;CX3CR1;NFATC4;LNX1;NEFL;BCAN;C1QL2"
"GOBP_SYNAPSE_ORGANIZATION",0.986936720997124,1,0.248609491248856,0.83052001956241,8234,584,"NLGN4Y;WNT7B;CBLN2;LMX1A;NEUROD2;C1QA;IL1RAPL1;LRRTM2;FGF7;CABP7;CACNA1S;ITGAM;SPOCK2;PCDHB10;CNTN6;POTEE;GABRA1;PCDHB9;PCDHGC5;NTN1;P2RX2;GABRA2;TANC2;PCDHB11;C1QTNF3;VSTM5;LRFN5;CDH9;FRMPD4;CNTN4;NPTX1;PPFIA2;CACNB4;FLRT3;EFNA5;EPHB3;LRRTM1;CBLN3;C5AR1;GDNF;PCDHB14;SRGAP3;PCDHB13;GABRB2;SLC6A1;EFNA1;NRG3;CPEB3;CX3CR1;EGFLAM;NFATC4;LRRC4C;ASIC2;SLITRK3;SEMA3E;HIP1R;PCDHGC3;FILIP1;SLITRK1;NRXN3;SYNDIG1;LNX1;OPCML;NEFL;LRRN3;ERBB4;GRM5;GJA10;INSR;NRP1;TRIM47;PPFIA4;CDH8;NRCAM;LRTM2;SLC8A3;ICAM5;SEMA4A;GRM6;PRMT8;SPTB;WNT5A;DKK1;CDH6;GRID1;PPFIBP2;NGEF;NRXN2;KIRREL3;PCDHB3;SRGAP1;BCAN;PCDH8;PLXNA3;IGSF11;C1QL2;ABI3;ZDHHC8;SLIT1;LRRC4;PCDHB16;POTEF;RTN4RL1;EPHA4;DSCAM;SRCIN1;DOCK4;ZDHHC2;FLRT1;HMCN2;CAPRIN2;SDK2;FGFR1;LAMA5;CLSTN2;ERBB3;ROBO2;SYN3;ARHGEF9;NTRK1;PRRT1;COLQ;IL1RAP;THBS2;EPHA7;CLSTN3;CX3CL1;FZD1;DAAM1;CAPS2;GPM6A;SLC8A2;LAMB1;GPHN;AGO2;TSC1;LRRC24"
"GOBP_SYNAPSE_PRUNING",0.288454891116488,1,0.546716424943572,1.14614920686118,1668,16,"C1QA;ITGAM;CX3CR1;DKK1;NGEF;EPHA4;CX3CL1"
"GOBP_SYNAPTIC_ASSEMBLY_AT_NEUROMUSCULAR_JUNCTION",0.778437425789599,1,-0.362728662720577,-0.78725972663894,3277,15,"KCNJ8;AGRN;SIX1;LIN7A;LIN7B;MYCBP2;SIX4"
"GOBP_SYNAPTIC_MEMBRANE_ADHESION",0.384278740952702,1,0.434586705211455,1.04598260235436,2282,32,"IL1RAPL1;LRFN5;CDH9;FLRT3;EFNA5;LRRC4C;SLITRK3;SLITRK1;CDH6;PCDH8;LRRC4"
"GOBP_SYNAPTIC_SIGNALING",1,1,0.197327751043253,0.667846405592334,8625,785,"UNC13C;MTNR1B;CBLN2;CHRM2;GAD1;GLRA3;PLG;GRIA2;RPH3A;CHRNB3;NEUROD2;P2RX1;IL1RAPL1;LRRTM2;GAD2;DRD5;S100B;BGLAP;SLC6A5;CHRNG;RGS8;EGR3;PCDHB10;GABRA1;PCDHB9;GFAP;CYP46A1;FAM107A;DLGAP2;P2RX2;SLC6A2;GABRA2;PCDHB11;C1QTNF3;TACR1;SLC1A2;DRD4;RIT2;SNAP25;CNTN4;NPTX1;SCN2B;SLC32A1;STX11;PPFIA2;CACNB4;CCR2;HTR1D;LRRTM1;CBLN3;CD38;GDNF;PCDHB14;NOG;ADRA2A;PCDHB13;NPY;GABRB2;CACNG3;SLC6A1;HTR1F;CACNA1E;SHISA8;NRG3;CPEB3;MYCBPAP;CX3CR1;NFATC4;STX19;CRHBP;LRRC4C;CDH11;SLITRK3;NRXN3;SV2C;GRM7;PRKCG;NEFL;UTS2;KCNIP1;GRM5;NXPH1;GRIN1;DOC2A;PVALB;CHRNA3;LY6H;PSCA;CADPS2;CACNB3;SLC1A4;CHRM4;CDH8;GABRP;ITPR1;NGF;APBA1;HTR6;SLC8A3;ABHD6;MYLK2;SYT12;GPR151;NPFF;SNCAIP;HCRTR1;PLCB1;GRM6;GRIN2C;SCT;PLCL2;WNT5A;DKK1;RAP1BL;SLC12A7;PHF24;GRID1;SYT6;AGER;NRXN2;PCDHB3;BAIAP3;VAMP1;PRKCB;KCNN1;PCDH8;CACNG8;EIF2AK4;IGSF11;CAMK2A;ADCY1;C1QL2;LRRC4;PCDHB16;GRM1;ADCY8;EPHA4;DSCAM;SLC4A10"
"GOBP_SYNAPTIC_SIGNALING_VIA_NEUROPEPTIDE",0.97179578721885,1,0.283080999512074,0.507546970796207,5443,8,"NPY;GRID1;GRM1;NPY2R"
"GOBP_SYNAPTIC_TRANSMISSION_CHOLINERGIC",0.499125655758181,1,-0.372318494210561,-0.968056308662081,1997,34,"RAPSN;CHRNA2;TACR2;LYNX1;LYPD1;NQO1;SLC5A7;CHRNA10;CHRNB2;TAC1;ACHE"
"GOBP_SYNAPTIC_TRANSMISSION_DOPAMINERGIC",0.65625,1,-0.361494663734449,-0.887343958244226,2687,26,"SLC6A4;DRD1;CRH;SLC6A3;COMT;PRKN;SNCA;CHRNB2"
"GOBP_SYNAPTIC_TRANSMISSION_GABAERGIC",0.499868039060438,1,-0.343321970623382,-0.971984245932459,1893,57,"GABRG3;CRH;KCNK2;ADRA1A;GABRG2;PRKCE;NPY5R;GABRB1;BEST1;GABRA4;GABBR2"
"GOBP_SYNAPTIC_TRANSMISSION_GLUTAMATERGIC",0.99984776982798,1,0.213534208431406,0.616359341844652,6567,103,"UNC13C;GRIA2;P2RX1;CACNB4;CCR2;CACNG3;GRM7;GRM5;GRIN1;SLC1A4;CDH8;GRM6;GRIN2C;DKK1;GRID1;CACNG8;GRM1;DSCAM;HCN1;NTRK1;CCL2;CLSTN3;GRIK1;CACNG7;DRD2"
"GOBP_SYNAPTIC_TRANSMISSION_GLYCINERGIC",0.75906976744186,1,0.504293098022911,0.788933588445078,4079,4,"SLC6A5"
"GOBP_SYNAPTIC_VESICLE_BUDDING",0.994234800838574,1,0.223183383383376,0.439412050143646,5690,12,"MX1;SLC2A4;DNM1;AP3S2"
"GOBP_SYNAPTIC_VESICLE_CLUSTERING",0.997573656845754,1,0.191458140253321,0.406484183775174,5755,17,"SYNDIG1;SYN3;NLGN1;BRSK1;PCLO;NLGN2;PTEN;RAB3A;SYN2;CTNNB1;CTBP1;NRXN1;BSN;CDH2;SYN1;BRSK2;PCDH17"
"GOBP_SYNAPTIC_VESICLE_COATING",0.927538883806038,1,0.354369306777829,0.579026458687782,5068,5,"AP3S2;AP3S1;AP3M2;AP3B2;AP3D1"
"GOBP_SYNAPTIC_VESICLE_CYTOSKELETAL_TRANSPORT",0.977461447212337,1,-0.255078396539739,-0.587507086338071,4119,19,"MAP2;BLOC1S3;BLOC1S6;BLOC1S4;AP3D1;AP3B1;AP3B2;AP3M2;SNAPIN;DTNBP1;AP3M1;AP3S1;BLOC1S1;TRIM46;BLOC1S5;KIF1B;BORCS5;AP3S2;BLOC1S2"
"GOBP_SYNAPTIC_VESICLE_DOCKING",0.316799170411338,1,0.551931947549327,1.12930137189255,1832,14,"UNC13C;SNAP25;PPFIA3;RIMS2"
"GOBP_SYNAPTIC_VESICLE_ENDOSOMAL_PROCESSING",0.943044712562101,1,0.320761272390364,0.589974488484533,5314,9,"ITSN2;ITSN1;EEA1;GRIPAP1;BTBD8;RAB11A;AP3D1;RAB7A;STX6"
"GOBP_SYNAPTIC_VESICLE_EXOCYTOSIS",0.25879129243416,1,0.379974468269523,1.09784312524231,1699,104,"UNC13C;RPH3A;P2RX1;SNAP25;STX11;PPFIA2;CACNB4;NPY;STX19;SV2C;PRKCG;DOC2A;CADPS2;SYT12;GPR151;RAP1BL;PRKCB;CPLX1;P2RX7;CSPG5;PRRT2;SYT7;FBXL20;PPFIA3;CACNA1B;RIMS2"
"GOBP_SYNAPTIC_VESICLE_LOCALIZATION",1,1,-0.162740319523423,-0.467214989541605,3755,62,"MAP2;DNM3;PRKN;SNCA;BLOC1S3;PCDH17;BRSK2;LRRK2;SYN1;CDH2;LIN7A;LIN7B;BSN;NRXN1;CTBP1;BLOC1S6;BLOC1S4;MX2;CDK5;SYNJ1;AP3D1;AP3B1;TMEM230;TOR1A;AP3B2;AP3M2;SNAPIN;DTNBP1;CTNNB1;AP3M1;DNM2;KIF5B;SYN2;KIF5C;BTBD8;AP3S1;SPG11;LIN7C;RAB3A;BLOC1S1;PTEN;PDZD11;NLGN2;PCLO;TRIM46;BLOC1S5;KIF1B;BRSK1;PINK1;HTT;BORCS5;NLGN1;KIF5A;AP3S2;KIFC2;DNM1;BLOC1S2;SLC2A4;RAB27A;SYN3;MX1;SYNDIG1"
"GOBP_SYNAPTIC_VESICLE_LUMEN_ACIDIFICATION",0.262045060658579,1,0.54948902338155,1.16661844133207,1511,17,"ATP6V1B1;ATP6V1A;ATP6V0D1;ATP6AP1"
"GOBP_SYNAPTIC_VESICLE_MATURATION",0.551473078225533,1,0.40607974906668,0.941654661798313,3256,26,"ATP6V1B1;ZDHHC2"
"GOBP_SYNAPTIC_VESICLE_MEMBRANE_ORGANIZATION",0.543420173680695,1,0.385480119808591,0.94751050432515,3253,36,"RPH3A;SNAP25;STX11;STX19;DOC2A;CPLX1;PRRT2;SYT7;SYNGR1;SYP;CPLX3;STX2;SYT13"
"GOBP_SYNAPTIC_VESICLE_PRIMING",0.114579817752278,1,0.562492884018809,1.31383314118401,678,27,"UNC13C;RPH3A;SNAP25;CADPS2"
"GOBP_SYNAPTIC_VESICLE_RECYCLING",1,1,-0.139052035383407,-0.419306729247079,3546,85,"SGIP1;DNM3;STON2;SYNJ2;PRKN;SNCA;GIT2;CAPN2;LRRK2;ACTB;AMPH;PPP3CC;BIN1;OPHN1;ACTG1;CTBP1;GAK;MX2;AP2S1;CDK5;SYNJ1;SYT11;PIK3C3;NLGN3;PACSIN1;PARK7;RAB7A;AP3D1;TOR1A;AP2M1;AP3B2;RAC1"
"GOBP_SYNAPTIC_VESICLE_RECYCLING_VIA_ENDOSOME",0.919970631424376,1,0.356268942903779,0.601036476217735,5011,6,"ITSN2;ITSN1;GRIPAP1"
"GOBP_SYNAPTIC_VESICLE_TRANSPORT",0.997945557267591,1,-0.219090698213872,-0.601563429890512,3885,47,"MAP2;DNM3;PRKN;SNCA;BLOC1S3;LRRK2;LIN7A;LIN7B;BLOC1S6;BLOC1S4;MX2;CDK5;SYNJ1;AP3D1;AP3B1;TMEM230;TOR1A;AP3B2;AP3M2;SNAPIN;DTNBP1;CTNNB1;AP3M1;DNM2;KIF5B;KIF5C;BTBD8;AP3S1;SPG11;LIN7C;RAB3A;BLOC1S1;PDZD11;TRIM46;BLOC1S5;KIF1B;PINK1;HTT;BORCS5;KIF5A;AP3S2;KIFC2;DNM1;BLOC1S2;SLC2A4;RAB27A;MX1"
"GOBP_SYNAPTONEMAL_COMPLEX_ORGANIZATION",0.905386975792704,1,0.310946974811512,0.702497127724169,5310,23,"SYCE3;TEX12;SYCP1;SYCE2;C14orf39;MCMDC2;MEIOC;MLH3"
"GOBP_T_CELL_ACTIVATION_INVOLVED_IN_IMMUNE_RESPONSE",0.895623891188646,1,-0.265992645369572,-0.840418201898945,3028,117,"SLAMF6;FGL2;GPR183;CD86;TBX21;FCGR2B;ITGAL;PCK1;HLX;NCKAP1L;IL18R1;GATA3;IRF4;APBB1IP;TREM2;SMAD7;LCP1;IL6R;FOXP3;SOCS3;PTGER4;PDP2;ZC3H12A;HLA-DRA;SEMA6D;RORC;ANXA1"
"GOBP_T_CELL_CYTOKINE_PRODUCTION",0.989008243817137,1,-0.240571995582502,-0.62550542514646,3958,34,"TBX21;TNFRSF14;IL18R1;GATA3;HFE;SMAD7;TNFRSF1B;FOXP3"
"GOBP_T_CELL_DIFFERENTIATION_INVOLVED_IN_IMMUNE_RESPONSE",0.964295997696516,1,-0.253042148365544,-0.77490268298841,3348,95,"SLAMF6;FGL2;GPR183;CD86;TBX21;PCK1;HLX;IL18R1;GATA3;IRF4;SMAD7;IL6R;FOXP3;SOCS3;PTGER4;PDP2;ZC3H12A;HLA-DRA;RORC;ANXA1"
"GOBP_T_CELL_MEDIATED_IMMUNE_RESPONSE_TO_TUMOR_CELL",0.413739401280498,1,0.484484598642037,1.04040970190148,2390,18,"CD274;MR1;AHR;LAG3;HLA-A;KLHL22;FBXO38"
"GOBP_T_HELPER_1_CELL_CYTOKINE_PRODUCTION",0.484628897672376,1,-0.574339294723976,-1.01114728969325,2206,6,"TBX21;IL18R1"
"GOBP_T_HELPER_1_TYPE_IMMUNE_RESPONSE",0.734427812650893,1,0.322213691498431,0.857670741921116,4562,57,"SLC11A1;IL1RL1;CD80;PSMB9;CCR2;IL23A;LEF1;EBI3;XCL1;STAT4;SEMA4A;ASCL2;PSMB8;IL6ST;IL18;RELB;JAK3;TNFSF4;IL1R1;NLRP10"
"GOBP_T_HELPER_17_TYPE_IMMUNE_RESPONSE",0.999839897534422,1,0.183197094600578,0.493930412626,6244,62,"CD69;PSMB9;IL23A;CLEC7A;IL17RB;JUNB;ASCL2;PSMB8;IL6ST;JAK3;PRKCQ;NLRP10;LGALS1;CARD9;IL27RA;MALT1;RORA"
"GOBP_T_HELPER_2_CELL_CYTOKINE_PRODUCTION",0.952179283571555,1,0.312380998297673,0.588656079655769,5395,10,"ARG1;NLRP3;XCL1"
"GOBP_TERTIARY_ALCOHOL_METABOLIC_PROCESS",0.899784740492705,1,-0.307568579435089,-0.714482200652691,3761,20,"AKR1B10;SULT1C4;AKR1C3"
"GOBP_TETRAHYDROBIOPTERIN_METABOLIC_PROCESS",0.670588235294118,1,-0.430385986497626,-0.851085199448787,2906,10,"PRKG2"
"GOBP_TETRAHYDROFOLATE_BIOSYNTHETIC_PROCESS",0.949839670178653,1,-0.298356528385237,-0.57462693903863,4146,9,"FOLR1"
"GOBP_TETRAHYDROFOLATE_INTERCONVERSION",0.919261822376009,1,-0.323133961377415,-0.638995089513889,3984,10,"MTHFD2L;TYMS;MTHFR;MTHFD1L;MTHFD1;MTHFS"
"GOBP_TETRAHYDROFOLATE_METABOLIC_PROCESS",0.990672088017221,1,-0.228603025632244,-0.53104511887912,4141,20,"FOLR1;ALDH1L2;MTHFD2L;TYMS;MTHFR"
"GOBP_TETRAPYRROLE_METABOLIC_PROCESS",0.999737876802097,1,-0.18810107393838,-0.529701798791209,3813,55,"CYP1A1;FXN;ABCC2;FECH;HMOX1;AMBP;SLC6A9;FLVCR1;TSPO;HMOX2;BDH2;SRRD;MMADHC;MMAB;NFE2L1;HMBS;SLC25A38;MMAA;BLVRA"
"GOBP_THIAMINE_CONTAINING_COMPOUND_METABOLIC_PROCESS",0.794419970631424,1,0.447634830888563,0.755173491118049,4327,6,"ACP3;TPK1;SLC19A2"
"GOBP_THREONINE_METABOLIC_PROCESS",0.705752700022041,1,-0.477737412848075,-0.808416163466046,3201,5,"SDSL"
"GOBP_THYROID_HORMONE_METABOLIC_PROCESS",0.481544192346766,1,0.424198224947899,0.983669431846423,2843,26,"SULT1A4;CGA;FOXE1;DIO3;HPN;DUOX1"
"GOBP_TOLERANCE_INDUCTION_DEPENDENT_UPON_IMMUNE_RESPONSE",0.887686302342087,1,0.364472208768485,0.670371779400244,5002,9,"PSG9;PRDM16;HLA-G;AIRE"
"GOBP_TOXIN_METABOLIC_PROCESS",0.260635811126695,1,-0.570665184469826,-1.17728617429838,1114,12,"FMO2;CYP1A1;PRKCE"
"GOBP_TRANS_SYNAPTIC_SIGNALING_BY_BDNF_MODULATING_SYNAPTIC_TRANSMISSION",0.769807868252516,1,0.472489731477845,0.772030903216684,4206,5,"PLG"
"GOBP_TRANS_SYNAPTIC_SIGNALING_BY_LIPID",0.965681818181818,1,-0.275416633786797,-0.514736592662008,4248,8,"DAGLA;FABP5;CNR1"
"GOBP_TRANS_SYNAPTIC_SIGNALING_BY_TRANS_SYNAPTIC_COMPLEX",0.179993077189339,1,0.627316620925574,1.26030037939582,1039,13,"CBLN2;IL1RAPL1;NRXN3;GRID1;IL1RAP"
"GOBP_TRANS_SYNAPTIC_SIGNALING_BY_TRANS_SYNAPTIC_COMPLEX_MODULATING_SYNAPTIC_TRANSMISSION",0.179166666666667,1,0.727666213401114,1.26651959478349,988,7,"CBLN2;NRXN3;GRID1"
"GOBP_TRANS_SYNAPTIC_SIGNALING_MODULATING_SYNAPTIC_TRANSMISSION",0.279747698602114,1,0.505897381004671,1.14293267298835,1640,23,"CBLN2;PLG;C1QTNF3;CBLN3;NRXN3;GRID1;C1QL2"
"GOBP_TRANSMISSION_OF_NERVE_IMPULSE",0.715044742729307,1,-0.300583789256279,-0.888209925646989,2556,75,"CHRM5;CACNG2;DRD1;SCN1A;NTRK2;KCNK2;GPER1;KCNA2;GHRL;AVP;KCNJ8;KCNQ3;KCNMB3;GSG1L;KCNMB2;UNC80;KCND2;MAG"
"GOBP_TRANSSULFURATION",0.488648886929689,1,-0.601213241822378,-1.01735909582948,2216,5,"ENSG00000274276;MTHFD1;CTH"
"GOBP_TRICARBOXYLIC_ACID_METABOLIC_PROCESS",0.260890151515151,1,-0.55558129110905,-1.16629147915405,1101,13,"PCK1;SIRT4;IDH1;ACLY;ACO1;IDH3A"
"GOBP_TRIGLYCERIDE_METABOLIC_PROCESS",0.787138661307776,1,0.300148694376717,0.852556461270651,5091,91,"PNPLA1;APOA5;APOA2;SERPINA12;CETP;AGMO;SLC22A4;PNLIPRP2;GPAT3;GPAT2;MOGAT3;PLAAT3;TNXB;MGLL;LPIN3;DGAT2;CIDEB;INSIG2;GNB3;SIRT1"
"GOBP_TRNA_AMINOACYLATION_FOR_MITOCHONDRIAL_PROTEIN_TRANSLATION",0.691363636363636,1,-0.444246541005672,-0.830269209506639,3041,8,"GARS1;TARS2;WARS2;EARS2"
"GOBP_TRNA_METABOLIC_PROCESS",0.833214540270848,1,-0.267078027024979,-0.897109140335462,2337,208,"CTAG1B;QNG1;TYW1B;RPPH1;TRMT5;DTD2;FARS2;TRUB2;TRMT9B;CTU1;EXOSC3;TRMT6;PUS1;ALKBH8;TRMT1;THG1L;DTWD2;WARS1;CARS1;ANKRD16;TSEN2;MARS2;GARS1;TARS2;EXOSC8;THUMPD2;KTI12;EXOSC9;WDR4;TSEN15;CARS2;YARS1;FARSA;LSM6;HARS1;GTF3C6;THADA;PUS3;RPP21;RARS1;TRMU;PUS7;TRMT61A;LCMT2;NSUN2;MARS1;POLR2F;GRSF1;YRDC;DDX1;METTL8;TRMT10B;FARSB;ELP5;FAM98B;THUMPD3;METTL2A;SLFN13;OSGEP;TRMT61B;MOCS3;PUSL1;MTFMT;PYROXD1;RNH1;TP53RK;ANGEL2;TRMT1L;AIMP2;WARS2;SSB;URM1;FTSJ1;NAT10;RPP25;TRUB1;AARS1;METTL6;TSEN34;HSD17B10;DUS3L;LARS2;POLR2L;POLR3A;DUS4L;GTF3C4;GTF3C5;EEF1E1;ELP1;LAGE3;KARS1;GATB;RPUSD4;TYW3;EXOSC2;FAM98A;EARS2;TARS1;NARS1;TRMT10A;CDK5RAP1;QTRT2;LARS1;RPP40;POP5;GTDC1;ADAT3;DUS1L;RARS2;EPRS1;IARS1;TRIT1;TYW5;ELP4"
"GOBP_TRNA_THREONYLCARBAMOYLADENOSINE_METABOLIC_PROCESS",0.256227758007117,1,-0.499545805298725,-1.1505745078562,1079,19,"CTAG1B;TRMT5;TRUB2;PUS1;YRDC;METTL8;OSGEP;TP53RK;HSD17B10;LAGE3;RPUSD4;CDK5RAP1;TRIT1"
"GOBP_TUMOR_NECROSIS_FACTOR_MEDIATED_SIGNALING_PATHWAY",1,1,-0.202747700011089,-0.638753298581383,3377,115,"BIRC7;ST18;BIRC3;TRADD;TNFRSF18;TNFRSF14;SYK;TIFA;AIM2;PRKN;CLDN18;TNFRSF1B;PTK2B;XIAP"
"GOBP_TUMOR_NECROSIS_FACTOR_SUPERFAMILY_CYTOKINE_PRODUCTION",0.878731074260995,1,0.27608869534657,0.834791446971551,6093,158,"ORM1;CD274;CYBB;AZU1;BTK;LTF;CD36;PF4;PSMB9;TREX1;CCR2;IL37;IL1A;IL23A;PTPRC;ISL1;CLEC4A;CX3CR1;NFATC4;SPON2;CLEC7A;RIGI;NLRC3;POMC;FCER1G;IFIH1;TGFB1;FCGR2A;ADAM8;TLR6;WNT5A;AGER;PSMB8"
"GOBP_TYPE_2_IMMUNE_RESPONSE",0.988509575353872,1,0.247129086458101,0.604648739402929,5935,35,"ARG1;CCR2;NLRP3;BCL6;XCL1;MYB;ECM1;ASCL2;BCL6B;IL18;IDO1;DENND1B;TNFSF4;NOD2;SOCS5;IL27RA;PRKCZ"
"GOBP_TYPE_I_INTERFERON_MEDIATED_SIGNALING_PATHWAY",0.140827079674278,1,0.449474568636063,1.21685454822131,881,64,"SP100;ZBP1;TREX1;IRF7;IFIH1;SAMHD1;WNT5A;CR2;TRAF3;NLRC5;AZI2;STING1;IKBKE;IFITM1;TYK2;GIGYF2;IFNAR1;IFITM2;IFITM3"
"GOBP_TYPE_I_INTERFERON_PRODUCTION",0.959048479373683,1,-0.253187020306719,-0.804673777553417,3184,125,"IRGM;TLR4;LTA;NMBR;TRADD;TLR7;SYK"
"GOBP_TYPE_II_INTERFERON_MEDIATED_SIGNALING_PATHWAY",0.780223501523874,1,0.343120419932523,0.79565884221082,4607,26,"SP100;ARG1;HCK;PARP14;PARP9"
"GOBP_TYPE_II_INTERFERON_PRODUCTION",0.910569105691057,1,-0.265584683982506,-0.821085700367851,3135,100,"IRGM;TLR4;PGLYRP1;SLAMF6;LTA;CCR7;TLR7;PDE4D;VSIR;CD96;TNFRSF14;IL18R1;TXK;GATA3"
"GOBP_TYPE_III_INTERFERON_PRODUCTION",0.221953488372093,1,0.789687645020853,1.23541470224274,1192,4,"IL32;RIGI;IFIH1;TLR3"
"GOBP_TYROSINE_METABOLIC_PROCESS",0.687470780738663,1,-0.408125892796167,-0.841966505120687,2940,12,"HGD;TAT;IL4I1"
"GOBP_TYROSINE_PHOSPHORYLATION_OF_STAT_PROTEIN",0.561300101044123,1,0.389763083332066,0.933147752525988,3332,31,"IL2RG;IFNL4;IL7;HES1;PARP14;PARP9;CTF1;ERBB4;IL15;IL31RA;IL18;JAK3;KIT;FGFR3;PTK6"
"GOBP_UDP_ALPHA_D_GLUCOSE_METABOLIC_PROCESS",0.821591948764867,1,0.437586845761927,0.71500086724141,4489,5,"UGP2;ENTPD5;UGGT1;GALT"
"GOBP_UDP_METABOLIC_PROCESS",0.908247054623349,1,0.358657630763301,0.643051262220422,5087,8,"AK9;DHODH;CMPK1;ENTPD5"
"GOBP_UDP_N_ACETYLGLUCOSAMINE_METABOLIC_PROCESS",0.995108315863033,1,0.219261118440736,0.43168974369984,5695,12,"UAP1L1;AMDHD2;UAP1;GNPNAT1"
"GOBP_UNSATURATED_FATTY_ACID_METABOLIC_PROCESS",0.40599205136044,1,0.355394590191661,1.01985009480988,2655,98,"GSTM1;ELOVL3;ATP6V1B1;CYP4A22;GSTA1;CYP4F11;ABCD2;ALOX5;CYP2C18;ALOX15;CYP2E1;PTGR3;HPGD;PTGDS;ABHD6;FAAH2;AVPR1A;ALOX12;PNPLA8;PTGS2;MGLL;AKR1C2"
"GOBP_URATE_METABOLIC_PROCESS",0.433348602840128,1,-0.536537640768553,-1.03335758685245,1891,9,"SLC2A9;ABCG2;HFE;PRPS1;GCKR"
"GOBP_UTP_METABOLIC_PROCESS",0.250878425860857,1,0.6201733247897,1.19628408651952,1427,11,"NME9;NME5;AK3;NME6"
"GOBP_VACUOLAR_PROTON_TRANSPORTING_V_TYPE_ATPASE_COMPLEX_ASSEMBLY",0.038913362701909,1,0.842732831714889,1.4217157618022,211,6,"ATP6V1B1;ALDOB;VMA22"
"GOBP_VALINE_METABOLIC_PROCESS",0.799866131191432,1,-0.407355464784683,-0.739097660082865,3584,7,"HIBCH;ECHS1;ACAD8"
"GOBP_VENTRAL_SPINAL_CORD_INTERNEURON_DIFFERENTIATION",0.151196001428061,1,0.724343644421425,1.29870398640407,846,8,"GATA2;LHX3;DMRT3;ASCL1;FOXN4;SOX1"
"GOBP_VERY_LONG_CHAIN_FATTY_ACID_METABOLIC_PROCESS",0.549907422992762,1,0.391037213242115,0.941165749019799,3266,32,"ELOVL3;ABCD2;ACOT4;HACD1;HSD17B4;ABCD1;SLC27A5;ELOVL1;ACSBG1"
"GOBP_VESICLE_MEDIATED_TRANSPORT_IN_SYNAPSE",0.965597269624573,1,0.255826775499258,0.806119871583128,7072,245,"UNC13C;RPH3A;ATP6V1B1;P2RX1;SLC18A1;IQSEC3;DRD4;SNAP25;SLC32A1;STX11;RAB27B;PPFIA2;CACNB4;NPY;STX19;SYNDIG1;SV2C;PRKCG;DOC2A;SUSD4;CADPS2;SYT12;GPR151;TAMALIN;ITSN2;RAP1BL;PRKCB;MX1;CPLX1;ABCA13;SYN3;P2RX7;SLC2A4;CSPG5;DNM1;AAK1;PRRT2;SCRN1;SYT7;FBXL20;PPFIA3;CACNA1B;RIMS2;FCHO2;SNCG;GIT1;DNAJC6;BLTP1;AP3S2;CADPS;BTBD9;PSEN1;STON1;NLGN1;EPS15L1"
"GOBP_VITAMIN_A_METABOLIC_PROCESS",0.220465524813351,1,-0.719943748501335,-1.26748975164337,1003,6,"RBP2;BCO1"
"GOBP_VITAMIN_B6_METABOLIC_PROCESS",0.978157121879589,1,0.27587698669948,0.465412815958546,5328,6,"PNPO;PLPBP"
"GOBP_VITAMIN_D_METABOLIC_PROCESS",0.626685101970273,1,0.425083361914232,0.891154784965841,3625,16,"GFI1;CYP24A1;CYP2R1;FGF23;FGFR1;SNAI2;CYP27A1"
"GOBP_VITAMIN_D3_METABOLIC_PROCESS",0.371820677035682,1,0.689632918689257,1.12683491223891,2031,5,"CYP24A1;CYP2R1;FGFR1;CYP27A1;CYP27B1"
"GOBP_VITAMIN_E_METABOLIC_PROCESS",0.708666522584828,1,-0.490798412652761,-0.798688242796158,3278,4,"TTPA;NQO1"
"GOBP_VITAMIN_K_METABOLIC_PROCESS",0.500709723207949,1,0.540550650167251,0.994231912586669,2821,9,"CYP4F11;CBR3"
"GOBP_VITAMIN_METABOLIC_PROCESS",0.2248126561199,1,0.476684377688029,1.16629981599112,1349,35,"GFI1;CYP2W1;CYP24A1;CYP4F11;CYP26A1;CBR3;CYP2R1;FGF23;CYP26C1;TPK1"
"GOBP_WNT_SIGNALING_PATHWAY_CALCIUM_MODULATING_PATHWAY",0.346704871060172,1,-0.682553446548223,-1.15500110265493,1572,5,"WNT11"
"GOBP_WOUND_HEALING_INVOLVED_IN_INFLAMMATORY_RESPONSE",0.677508650519031,1,-0.427728980034885,-0.845830988237868,2936,10,"TLR4"
"GOBP_XENOBIOTIC_METABOLIC_PROCESS",0.800794985476227,1,0.295757718250052,0.846484879359559,5237,96,"GSTM1;SULT1A4;SLCO1B1;CYP2W1;LPO;GSTA1;CYP26A1;CYP46A1;CBR3;NAT2;FMO5;GSTO2;CYP2C18;ALDH3A1;CYP2R1;CYP2E1;GRIN1"
"GOBP_XENOBIOTIC_TRANSPORT_ACROSS_BLOOD_BRAIN_BARRIER",0.107597716293368,1,-0.784550766088298,-1.38123298900905,489,6,"SLC22A1;ABCG2;ABCC2"
"GOBP_XMP_METABOLIC_PROCESS",0.921136363636364,1,-0.329074416697796,-0.615019658233081,4052,8,"PFAS;GART;IMPDH1;ADSL"
"GOBP_ZINC_ION_IMPORT_ACROSS_PLASMA_MEMBRANE",0.0558246828143022,1,-0.743778967022693,-1.4708175692375,241,10,"SLC30A8;SLC39A5"
"GOBP_ZYMOSTEROL_METABOLIC_PROCESS",0.064753320683112,1,-0.67869973579703,-1.44598525375567,272,14,"HMGCS1;MVD;HSD17B7;MVK;IDI1;FDFT1;HMGCR;FDPS;LBR;SQLE;LSS;MSMO1"
