"pathway","pval","padj","ES","NES","nMoreExtreme","size","leadingEdge"
"GOCC_ANCHORING_JUNCTION",0.000147666863555818,0.0184495512039405,0.375479573178924,1.41961593721152,0,850,"CLDN14;CLDN20;CLCA2;GJB3;ITGB6;S100A11;ITGA8;GJB2;FAP;STARD8;CASS4;ITGA4;TRPV4;HMCN1;CDH19;DAB2;DDR2;MMP14;PECAM1;PARVG;CD3E;ENG;LCP2;ANXA1;PDGFRB;FLT1;FYB1;GJA5;P2RX7;PMP22;SNTB1;ARHGAP31;ITGB3;ITGA1;AQP7;FLRT2;TRIM29;FXYD1;TGFB1I1;CSPG4;CDC42EP1;CLDN16;ARPC1B;HAVCR2;AHNAK;GJA3;ACTC1;USP53;SYNPO;KRT8;CLDN5;PLAUR;TNS2;FRMD6;GJB1;VAMP5;LAYN;TMEM204;WWTR1;PTPRC;MME;CDH11;ABCC2;TGM2;ITGA5;PHLDB2;TNS3;PRIMA1;FRMPD2;TNC;KIRREL1;JCAD;CCN3;KRT18;DSC3;CGNL1;RRAS;LIMS2;ACTN3;ABCB4;TLN1;GJA1;SCN1A;SCN4B;CDH9;RAB13;CAV1;GJA4;CD99;GJC3;PARVA;GJA8;DLC1;KRT80;HSPB1;SMAD7;ITGB5;PRAG1;MRC2;B2M;CDH6;IGSF5;SCARF2;GSN;KCNJ2;HSPG2;ZNF185;CDH15;FLNC;PGM5;TRIP6;GRHL2;FLRT1;ITGAV;CYBA;ANXA6;CLMP;SLC6A4;CNN1;ICAM1;CDH5;LAMA1;ESAM;NIBAN2;CNN2;FZD1;CCND1;LIMA1;NEDD9;NOX4;MIP;ATP1A2;CSRP1;PDLIM3;SDC4;EPHA2;PLAU;CLDN1;PDLIM2;VCL;MYH9;PLXDC1;PRX;FLNB;MCAM;B4GALT1;EGFR;C1QTNF5;ANXA2;NEXN;SKAP1;SORBS3;LYN;CLDN11;FLNA;FHL3;PLPP3;BCAR3;DSP;TPM4;SLC2A1;EPB41L2;PDLIM7;FHL2;JAG1;ITGB1;RPL9;ACTN1;APOLD1;RHOG;MYZAP;MYH2;CLDN4;CAV2;VIM;TSPAN9;HEG1;SGCA;P4HB;NPHS1;WASF2;TES;TRPC6;ANXA5;FBF1;PTK7;RPL27;PPIB;RPLP1;EHD4;RPS19;FBLIM1;FAT1;RPL31;PKP1;ZYX;CSRP2;SHC1;ADAM9;FHOD1;SVIL;RPL30;CLDN9;RPS9;RPS14;CDH12;FBLN7;AJUBA;HSP90B1;FERMT2;LLGL2;SNAP23;CLDN3;SNTA1;RPL22;CDK4;NRAP;MAP3K1;WTIP;OCEL1;RPS10;WNK4;RHOB;CALR;CDCA3;FAT2;PPFIBP1;BCAR1;BAIAP2L1;CTNNA1;PFN1;FZD4;EFS;LPP;PARD6G;ADA;NECTIN2;RPLP2;RPS11;ILK;TNS1;RPS3;RPL19;VASP;RPL37A;SLC4A2;DSG2;CD151;YAP1;PRICKLE4;SYNM;RPL23;RPL3;RPL7A;RPS7;PLEC;CTNND1;KDR;ADD3;NPHP1;IQGAP1;ARHGAP24;CLDN19;DMD;RPS18;RPL13A;RPS3A;CORO1B;MICALL2;ITGA2B;MXRA8;JAK1;STEAP1;LRP1;PDIA3"
"GOCC_BASEMENT_MEMBRANE",0.000175377060680463,0.0184495512039405,0.604345078378814,1.8849590054024,0,99,"TGFBI;LAMA4;NID2;HMCN1;FN1;LAMA2;COL9A3;LAMC3;COL5A1;ADAMTS1;COL8A2;TIMP3;CCDC80;FBN1;LAMB1;ACTA2;ANXA2P2;COL4A4;FREM1;LOXL2;COL4A1;NID1;SPARC;NPNT;SMOC2;TNC;COL18A1;EFEMP2;COL16A1;COL4A2;P3H2;LAMC1;MATN2;COL8A1;LAMB4;LAMB2;HSPG2;COL13A1;EGFL6;LAMA1;COL2A1;FBLN1;FREM2;LOXL1;ANXA2;NTN5;COLQ;VWA1;VTN;EGFLAM;COL22A1;SPN;TIMP1;ANG;FRAS1;COL4A5;THBS4;COL15A1;CD151;COL4A6;PXDN"
"GOCC_CELL_SUBSTRATE_JUNCTION",0.000160668380462725,0.0184495512039405,0.486874080321609,1.75612159322242,0,410,"ITGB6;ITGA8;FAP;STARD8;CASS4;ITGA4;TRPV4;HMCN1;DAB2;DDR2;MMP14;PARVG;ENG;ANXA1;PDGFRB;FLT1;SNTB1;ARHGAP31;ITGB3;ITGA1;FLRT2;TGFB1I1;CSPG4;CDC42EP1;ARPC1B;AHNAK;ACTC1;PLAUR;TNS2;LAYN;PTPRC;MME;TGM2;ITGA5;PHLDB2;TNS3;TNC;RRAS;LIMS2;ACTN3;TLN1;GJA1;CAV1;CD99;PARVA;DLC1;HSPB1;ITGB5;PRAG1;MRC2;B2M;SCARF2;GSN;HSPG2;ZNF185;FLNC;PGM5;TRIP6;FLRT1;ITGAV;CYBA;ANXA6;SLC6A4;CNN1;ICAM1;CNN2;FZD1;LIMA1;NEDD9;NOX4;CSRP1;SDC4;EPHA2;PLAU;PDLIM2;VCL;MYH9;FLNB;MCAM;EGFR;NEXN;SORBS3;FLNA;FHL3;BCAR3;TPM4;EPB41L2;PDLIM7;FHL2;ITGB1;RPL9;ACTN1;RHOG;CAV2;VIM;TSPAN9;P4HB;NPHS1;TES;ANXA5;PTK7;RPL27;PPIB;RPLP1;RPS19;FBLIM1;FAT1;RPL31;ZYX;CSRP2;SHC1;ADAM9;SVIL;RPL30;RPS9;RPS14;FBLN7;AJUBA;HSP90B1;FERMT2;SNAP23;RPL22;NRAP;RPS10;RHOB;CALR;PPFIBP1;BCAR1;CTNNA1;PFN1;EFS;LPP;NECTIN2;RPLP2;RPS11;ILK;TNS1;RPS3;RPL19;VASP;RPL37A;SLC4A2;CD151;RPL23;RPL3;RPL7A;RPS7;PLEC;IQGAP1;ARHGAP24;DMD;RPS18;RPL13A;RPS3A;CORO1B;ITGA2B;JAK1;LRP1;PDIA3;HSPA5;HSPA1A;PACSIN2;RPS16;HYOU1;LASP1;RPS29;RPL18;RPL7;RPS17;RPLP0;NHERF2;RPS15;RPS8;NUMB;TRIOBP;RPL10A;RPS13;FZD2;ERBIN;RPL38;DOCK7;ITGA6;ACTN4;LIMS1;RPL5;FLRT3;NCSTN;PAK4;XIRP1;RPL8;RPS5;AKAP12;CD81;ITGB2;RPL6"
"GOCC_CELL_SURFACE",0.000149454491107458,0.0184495512039405,0.380191389242233,1.43033504719053,0,774,"CD34;OSMR;CD38;SIRPB1;APOA4;SELL;CFC1B;TLR3;CLEC7A;TMC1;LCT;STRCP1;CX3CR1;CD300E;ITGB6;CD69;SLC6A2;RAET1G;CXCR5;PLAT;WNT3A;TNN;BGN;COL23A1;ITGA8;LY75;CLEC12B;MBL2;TGFBR2;IL7R;TYROBP;FAP;SLITRK6;TNFRSF10C;WNT1;ITGA4;CD80;RS1;AREG;SRPX2;TRPV4;SLAMF8;P2RY12;AZGP1;SULF1;CRYAB;PECAM1;PDGFRA;ITGAL;CD8B;CLEC5A;CD3E;ENG;LPL;ACKR2;FZD10;IL2RB;CD248;TFPI;ADGRG6;CORIN;ANXA1;STAB2;CD1E;FCRL4;SCARA5;ADAMTS15;P2RX7;PLA2R1;LY6G6D;CA4;ITGB3;WNT6;ITGA1;HFE;SMIM1;SFRP4;PRND;CD200R1;TPBG;CSPG4;CD79B;PLVAP;HAVCR2;RSPO2;VASN;IL1R1;DNAI2;GREM1;NT5E;TIGIT;CRIPTO3;CD6;PLAUR;ADGRF5;VAMP5;LAYN;TNFSF18;IL31RA;CXCL12;ADGRA2;PTPRC;FOLR1;IL1RAP;CD163L1;MME;CCRL2;WIF1;THBS1;FCER1G;PKHD1;ABCC2;IL17RC;EGFL8;LPAR1;SPARC;FCGR2A;CD5;ITGA9;TGFB1;CEACAM21;ITGA5;PDGFB;CLEC4M;ACVRL1;GHR;LRRC32;TLR4;MILR1;PTPRT;FLT3LG;BMP2;WNT5A;CD163;ENPP3;NTSR1;TLN1;MICA;CPM;TNFRSF11A;TNFRSF10D;BTN1A1;THBD;TLR2;FAS;PDGFC;EPO;COLEC10;CYP2W1;AQP4;LRP4;TGFBR3;SERPINA5;HLA-E;ITGB5;GPC6;TNFRSF12A;B2M;ITGA10;IGSF5;KCNE2;IL6R;C1S;FCGRT;BTN3A2;LGALS3;GPR37;SDC2;ITGAV;IL9R;CLMP;ICAM1;MFGE8;CD109;CDH5;SCNN1B;IL21R;CD226;SLC6A3;CD1D;CD4;IL18R1;ADAM29;FZD1;ADAMTS9;MELTF;PTGFRN;ATP1A2;BTN2A3P;ANXA4;CCR4;GFRA1;SDC4;EPHA2;ABCB1;CD83;PCSK6;PLAU;TGFA;FZD6;MYH9;NOTCH2;SRPX;MCAM;B4GALT1;P2RX1;AXL;ADAM20;EGFR;CHRNA1;ANXA2;CD58"
"GOCC_COLLAGEN_TRIMER",0.000176959830118563,0.0184495512039405,0.668568959978567,2.0167161352166,0,77,"COL6A3;COL3A1;COL1A2;COL5A2;COLEC12;COL23A1;LUM;COL21A1;MBL2;OTOL1;COL1A1;EMILIN1;COL9A3;COL6A2;COL19A1;COL5A1;COL10A1;COL8A2;C1QTNF7;CCBE1;LOX;COL14A1;COL12A1;COL6A6;COL11A1;COL4A4;EMILIN2;COL4A1;COL5A3;COL18A1;COL16A1;C1QL4;COL25A1;COLEC10;COL4A2;COL9A2;COL27A1;COL11A2;COL8A1;C1QTNF6;COL20A1;COL13A1;C1QTNF8;COL26A1;COL2A1"
"GOCC_COMPLEX_OF_COLLAGEN_TRIMERS",0.000185048112509252,0.0184495512039405,0.809538248039847,2.09558036029486,0,32,"COL6A3;COL3A1;COL1A2;COL5A2;LUM;COL1A1;COL9A3;COL6A2;COL5A1;COL10A1;COL8A2;COL14A1;COL12A1;COL6A6;COL11A1;COL4A4;COL4A1;COL5A3;COL16A1;COL4A2;COL9A2;COL27A1;COL11A2;COL8A1"
"GOCC_ENDOPLASMIC_RETICULUM_LUMEN",0.000162443144899285,0.0184495512039405,0.536514430512357,1.89131520927157,0,311,"COL6A3;APOA4;FMO1;COL3A1;COL1A2;LGALS1;ARSH;COL5A2;WNT3A;COL23A1;GHRL;IGFBP7;COL21A1;WNT1;COL1A1;ENAM;EBI3;FN1;COL9A3;COL6A2;COL19A1;COL5A1;COL10A1;ARSJ;DMP1;COL8A2;WNT6;SPARCL1;FBN1;LAMB1;COL14A1;EVA1A;COL12A1;IGFBP5;F5;PENK;COL11A1;SPP1;COL4A4;PROZ;ADAMTSL1;BMP4;PLAUR;ARSI;COL4A1;THBS1;P4HA3;EDN1;ERP27;PDGFB;IGFBP3;COL5A3;TNC;FSTL1;SERPINH1;IGFBP4;WNT5A;COL18A1;CSF1;COL16A1;GPX7;PTGS2;NOTUM;GPX8;ADAMTS5;APOE;PDGFC;COL25A1;CYP2W1;POGLUT3;CTSC;COL4A2;COL9A2;COL27A1;P4HA1;P3H2;IL23A;LAMC1;COL11A2;COL8A1;B2M;LAMB2;CP;SDC2;COL20A1;COL13A1;CASQ2;SUMF1;APOA1;MFGE8;CD4;COL26A1;SERPINC1;MELTF;SELENOM;COL2A1;ARSL;CALU;CCN1;PDGFD;FKBP10;PDIA5;PNPLA2;SRL;BCHE;STC2;CERCAM;SIL1;CRTAP;FKBP14;WNT4;MATN3;IL12A;P3H1;GPC3;ADAMTS7;COL9A1;P4HA2;F2;VWA1;ERAP2;VTN;P4HB;H6PD;CTSZ;ACE2;GIP;VCAN;PPIB;COL22A1;COLGALT2;PCSK9;TIMP1;APOL1;NUCB1;POGLUT2;SERPING1;WNT7B;PRSS23;EDEM2;BGLAP;HSP90B1;WNT3;PLOD3;PDIA4;COL4A5;HRC;CALR;COL15A1"
"GOCC_EXTERNAL_ENCAPSULATING_STRUCTURE",0.00015890672175433,0.0184495512039405,0.562914611020977,2.04716183810961,0,463,"MGP;COL6A3;OGN;OMD;ANXA8;GDF10;TGFBI;COL3A1;COL1A2;POSTN;CCIN;WNT11;MATN4;LGALS1;COL5A2;CCN4;LAMA4;COLEC12;PLAT;TNN;BGN;COL23A1;LUM;IGFBP7;NID2;COL21A1;KERA;PRG4;COL1A1;ENAM;SRPX2;FBLN2;HMCN1;SULF1;MMP14;EMILIN1;MFAP4;FN1;LAMA2;OLFML2A;COL9A3;ASPN;COL6A2;LAMC3;COL19A1;WNT2;COL5A1;DCN;CD248;ECM2;ANGPTL7;COL10A1;ITIH5;RBP3;ANXA1;ESM1;ADAMTS1;DMP1;COL8A2;ACAN;ADAMTS15;TIMP3;CCDC80;CCBE1;SPAG6;OLFML2B;LTBP2;LOX;WNT6;DSPP;FLRT2;ANGPTL6;SPARCL1;ADAMTSL5;FBN1;TGFB1I1;LAMB1;COL14A1;CSPG4;FBLN5;ADAMTS4;TGM4;COL12A1;COL6A6;ACTA2;PCOLCE;GREM1;ANXA2P2;HAPLN1;MXRA5;CCN2;COL11A1;COL4A4;HPSE2;SEMA3B;ELN;CPZ;FREM1;LOXL2;CBLN1;CXCL12;EMILIN2;WNT2B;COL4A1;NID1;ADAMTSL3;THBS1;PODN;SPARC;NPNT;CLC;TGFB1;RARRES2;TGM2;PDGFB;MMP2;PKHD1L1;PLOD2;SMOC2;COL5A3;ADAMTS12;PRTN3;TNC;CCN3;SERPINA3;SERPINH1;WNT5A;SNED1;COL18A1;EFEMP2;HTRA1;KAZALD1;FBN2;COL16A1;VIT;SFRP2;OPTC;AGT;ADAMTS5;APOE;COL25A1;TNFRSF11B;MFAP2;LOXL4;CTSC;ADAMTS6;COL4A2;TFPI2;COL9A2;COL27A1;P3H2;HAPLN3;LAMC1;COL11A2;MATN2;SERPINA5;BMPER;GPC6;ADAMTS16;COL8A1;PTX3;ADAMTS3;LAMB4;LAMB2;HSPG2;ADAMTS18;ANGPT1;AEBP1;LGALS3;SSC5D;LTBP3;SDC2;FLRT1;TGFB2;SPON2;CBLN4;COL20A1;COL13A1;ANXA6;ANXA11;BMP7;EGFL6;ICAM1;MFGE8;COMP;LAMA1;LOXL3;COL26A1;SERPINC1;ADAMTS9;COL2A1;EMILIN3;ADAMTS8;EFEMP1;ANXA4;CCN1;PCSK6;FBLN1;CRISPLD2;ADAMTS14;FREM2;SRPX;MMP3;LOXL1;ANXA2;NYX;WNT4;NTN5;MATN3;COLQ;MDK;PLOD1;P3H1;EGFL7;MMP19;ADAMTS7;COL9A1;FIBCD1;F2;ADAMTS2;SSPOP;VWA1;TNXB;TSPAN9;VTN;ANGPTL2"
"GOCC_INTERSTITIAL_MATRIX",0.000185150897981855,0.0184495512039405,0.807918827919956,2.08382634187182,0,31,"COL3A1;COL1A2;COL5A2;LUM;COL1A1;COL9A3;COL5A1;ECM2;COL10A1;COL8A2;CCDC80;COL14A1;COL12A1;COL11A1;COL5A3;TNC;KAZALD1;COL16A1;VIT;COL9A2;COL27A1;COL11A2;COL8A1;COL26A1;COL2A1"
"GOCC_RECEPTOR_COMPLEX",0.00016010246557797,0.0184495512039405,0.405639258057765,1.46546427006984,0,418,"OSMR;IL33;CHRNG;CXCL8;ITGB6;LTB;ITGA8;TLR10;ERBB3;TGFBR2;IL7R;IL22RA1;ITGA4;TIE1;EBI3;KCTD12;DDR2;EMILIN1;PDGFRA;ITGAL;CD8B;TREM2;IL1A;CD3E;ENG;IL2RB;PDGFRB;FLT1;PTH1R;PLA2R1;ITGB3;PPARG;ITGA1;HFE;CD200R1;CD79B;GPRC5A;NR3C2;IL1R1;CHRNB3;IL19;CD6;BIRC3;IL31RA;TRAC;MUSK;IL1RAP;TRIL;CCRL2;AMN;ITGA9;TGFB1;RARRES2;ITGA5;ACVRL1;GHR;TLR4;SYK;PTPRB;BMP2;INSRR;CSF1;PLXND1;ACKR1;TLR2;TNFRSF11B;NRP2;ITPR3;LOXL4;ROR2;IL23A;TGFBR3;ITGB5;CALCR;CMKLR2;LTK;ROR1;B2M;ITGA10;EPS8;IL6R;GPR37;TGFB2;ITGAV;CMKLR1;NR1H4;GPRC5C;ERBB4;CD4;IL18R1;GABRE;AHR;ITLN1;GFRA1;EPHA2;LRP1B;GPR101;PLXNA4;NOTCH2;PLXDC1;EPHB4;GRID2;AXL;EGFR;VLDLR;CHRNA1;SMAD3;SKAP1;IL11;LYN;FLNA;IL10RB;FGFR2;IL4R;CD36;GRIK2;DRD1;IRS1;CACNG5;IL12A;GRIN3B;ITGB1;TNFRSF1A"
"GOCC_SOLID_PHASE_OF_INTERSTITIAL_MATRIX",0.000188786105342647,0.0184495512039405,0.832168231843519,1.99285987196656,0,22,"COL3A1;COL1A2;COL5A2;LUM;COL1A1;COL9A3;COL5A1;COL10A1;COL8A2;COL14A1;COL12A1;COL11A1;COL5A3;COL16A1;COL9A2;COL27A1;COL11A2;COL8A1;COL26A1;COL2A1"
"GOCC_PCG_PROTEIN_COMPLEX",0.000224769611148573,0.0201356109987263,-0.687899990145076,-2.03813614892008,0,58,"DNMT3L;ZFP42"
"GOCC_CHROMATIN",0.000418468405635375,0.0311526479750779,0.322433816763995,1.24345784771376,2,1346,"H2AC19;KDM5D;ZFY;ERG;TWIST1;TFAP2D;HOXA9;ACTBL2;SRY;HOXC6;MAEL;MSX2;EP400P1;HOXC8;KLF14;HOXB13;HOXA4;SOX10;FEV;TCF21;H2AC16;FOXC1;BARHL1;FOXD2;PRRX2;TFAP2B;MEOX1;MYOD1;PRRX1;MYOG;SOHLH1;DLX4;FOXA2;SNAI2;TBX1;TBX3;LMX1B;ALX1;TBX18;POTEF;HOXB9;MSX1;GSC;H3C3;TBX15;GATA3;OSR1;LMX1A;ALX4;TBX5;RARG;ZNF705A;EPAS1;GATA6;PTF1A;SIX2;HAND2;FLI1;ETS1;H4C12;HOXB7;FOXC2;FOXD3;FOXE1;FOXL2;PITX3;FOXR1;NFATC2;H1-3;SMAD6;SNAI1;HAND1;ASCL2;H2BC3;ASCL4;PPARG;FOXD1;HOXD8;HSFY1;PITX1;NFIX;ELK3;SP5;HOXC10;FOXS1;FOXF2;HOXC9;FOXL1;TLX2;ATOH8;NR3C2;H3C12;PAX3;CDKN2A;TBX2;RARB;HOXA7;RUNX2;CEBPD;TAL2;POU4F3;GATA1;MEF2B;SIM2;CDX2;LOXL2;PAX7;NR3C1;NR4A2;FOXJ1;EN2;ELF4;POTEI;MAF;ATOH1;H2BC13;EN1;MEF2C;BATF2;TGM2;HES1;HLX;H1-2;HOXC5;NFATC4;PLK2;ALX3;NFATC1;HEYL;NFIA;FOXQ1;SPI1;PBXIP1;POU2F3;HIC1;GATA5;ID2;OLIG3;H3C10;MAFB;H3-5;H2BC12;GATA4;H2AC15;NFIB;SMAD7;TGIF1;POU4F2;H4C14;FAM111A;CSRNP1;H2AJ;TBX4;HOXB8;H2AC17;GRHL3;LHX8;TEAD3;TFAP2A;GRHL2;RFX6;FOXE3;FOXO1;HEY1;H2BC9;TP73;FOXD4;CREB3L2;NKX2-5;STAT6;NR1H4;HOXB4;H2AC12;FANK1;HMX3;HOXB3;HOXA5;NFIC;AHR;MEOX2;JUN;BNC2;NKX3-2;RAX;ELF1;H4C9;BHLHA15;ZFPM2;HOXB5;HOXD9;GBX1;MXD3;SMAD9;SIX5;RXRG;TFAP2C;FOXA1"
"GOCC_CUL2_RING_UBIQUITIN_LIGASE_COMPLEX",0.000434688111280156,0.0311526479750779,-0.72032614790721,-1.90618993411989,1,31,"PRAMEF6;PRAME;PRAMEF5;PRAMEF20;PRAMEF4;PRAMEF12"
"GOCC_FIBRILLAR_COLLAGEN_TRIMER",0.000377643504531722,0.0311526479750779,0.845663931018918,1.78168875762403,1,12,"COL3A1;COL1A2;COL5A2;LUM;COL1A1;COL5A1;COL11A1;COL5A3;COL27A1;COL11A2;COL2A1"
"GOCC_PLASMA_MEMBRANE_SIGNALING_RECEPTOR_COMPLEX",0.000671704450041982,0.0451301427371956,0.463208606394054,1.56414353334441,3,201,"OSMR;CHRNG;CXCL8;ITGB6;ITGA8;ERBB3;TGFBR2;IL22RA1;ITGA4;EMILIN1;ITGAL;CD8B;IL1A;CD3E;IL2RB;ITGB3;ITGA1;HFE;CD79B;IL1R1;CHRNB3;CD6;TRAC;IL1RAP;ITGA9;TGFB1;RARRES2;ITGA5;ACVRL1;SYK;BMP2;INSRR;ACKR1;TLR2;IL23A;ITGB5;CALCR;CMKLR2;B2M;ITGA10;EPS8;IL6R;TGFB2;ITGAV;CMKLR1;CD4;IL18R1;GRID2;CHRNA1;SKAP1;LYN;FLNA;IL10RB;IL4R;GRIK2;DRD1;IRS1;CACNG5;IL12A;GRIN3B;ITGB1"
"GOCC_SMALL_RIBOSOMAL_SUBUNIT",0.00088121254846669,0.0557237346824525,0.564992568793649,1.68676555242031,4,72,"RPS4Y1;RPSA2;RPS12;MRPS28;RPS19;RPS25;RPS9;RPS14;RPS27;RPS24;RPS10;MRPS18A;RPS11;RPS27A;RPS3;RPS23;RPS15A;RPS21;RPS7;RPS18;RPS3A;RPS20;RPS26;RPS6;RPS16;RPS29;RPS17;RPS15;RPS8;CHCHD1;RPS13;RPS5;MRPS7;RPS2;AURKAIP1;FAU;RACK1;RPS27L;MRPS12;MRPS18B"
"GOCC_ESC_E_Z_COMPLEX",0.0010681478316599,0.0637921621685775,-0.812021498831137,-1.88945208342028,4,17,"DNMT3L"
"GOCC_CONTRACTILE_MUSCLE_FIBER",0.00166112956810631,0.0895251419910392,0.425790426955888,1.46160914568472,9,235,"MYOT;MYPN;KLHL40;MYOD1;S100A1;MYH4;CRYAB;PECAM1;FHL5;MYOZ2;MYL3;MYL11;PVALEF;MYL9;TNNC1;TPM2;AHNAK;ACTA2;TNNT2;ACTC1;SYNPO;KRT8;CAPN3;NPNT;KRT19;MMP2;ABCC9;MYL7;TNNI1;ACTN3;CALD1;SCN1A;CA3;LMOD1;PARVA;HSPB1;ANKRD1;CACNA1S;FLNC;PGM5;CASQ2;MYL4;JPH2;SLC4A1;MYBPHL;CSRP1;PDLIM3;SDC4;TPM1;PDLIM2;VCL;UNC45B;MYOZ3;FLNB;NEXN;FLNA;FHL3;TPM4;SLC2A1;PDLIM7;FHL2;ACTN1;MYZAP;MYH2;MYLK2"
"GOCC_CYTOSOLIC_RIBOSOME",0.00174886323889472,0.0895251419910392,0.497007788304717,1.58306762620029,9,116,"RPS4Y1;RPLP0P6;APOD;RPSA2;RPL9;RPS12;RPL27;RPLP1;RPS19;RPS25;RPL31;RPL27A;RPL30;RPL39L;RPS9;RPS14;RPS27;RPL41;RPL22;RPS24;RPS10;RPL24;RPL23A;RPL35A;RPLP2;RPS11;RPL10;RPS27A;RPS3;RPL19;RPS23;RPL37A;RPL21;RPS15A;RPL23;RPL34;RPS21;RPL3;RPL7A;RPS7;RPL26;RPL28;RPS18;RPL13A;RPS3A;RPS20;UBA52;RPS26;RPS6;RPL37;RPS16;RPS29;RPL18;RPL15;RPL11;RPL7;RPS17;RPL14;RPLP0;RPS15;RPS8;RPL39;RPL10A;RPS13;RPL13;EEF1A1;EIF2AK4;RPL38;RPL29;RPL36AL;RPL5;RPL8;RPL26L1;RPS5;RPL6;RPL4;RPL36;RPL35;RPS2;RPL17;FAU;RPL12;RPL18A;RACK1;RPS27L"
"GOCC_RIBOSOMAL_SUBUNIT",0.00169548999660902,0.0895251419910392,0.448998591386071,1.50002010129425,9,178,"RPS4Y1;RPLP0P6;RPSA2;RPL9;RPS12;RPL27;RPLP1;MRPS28;RPS19;RPS25;RPL31;RPL27A;RPL30;RPL39L;RPS9;RPS14;MRPL33;RPS27;RPL41;RPL22;RPS24;RPS10;MRPS18A;RPL24;RPL23A;RPL35A;RPLP2;RPS11;RPL10;MRPL53;RPS27A;RPS3;RPL19;RPS23;RPL37A;RPL21;RPS15A;MRPL51;RPL23;RPL34;RPS21;RPL3;RPL7A;RPS7;RPL26;RPL28;RPS18;RPL13A;RPS3A;RPS20;UBA52;RPS26;RPS6;RPL37;RPS16;RPS29;RPL18;RPL15;RPL11;RPL7;RPS17;RPL14;RPLP0;MRPL54;MRPL28;RPS15;RPS8;RPL39;CHCHD1;RPL10A;RPS13;RPL13;RPL38;GADD45GIP1;RPL29;MRPL17;RPL36AL;RPL5;RPL8;RPL26L1;RPS5;RPL6;MRPL10;RPL4;RPL36;MRPL52;RPL35;MRPS7;MRPL49;RPS2;RPL17;MRPL45;AURKAIP1;FAU;RPL12;RPL18A;RACK1;RPS27L;MRPS12;MRPS18B;MRPL55;MRPL16;MRPL24;MRPL36"
"GOCC_MLL3_4_COMPLEX",0.00188821752265861,0.0922651744026367,0.814088723677957,1.71516446839337,9,12,"UTY;ASH2L"
"GOCC_CYTOSOLIC_SMALL_RIBOSOMAL_SUBUNIT",0.00203101920236337,0.0949280714148096,0.650207706535599,1.75143994901459,10,39,"RPS4Y1;RPSA2;RPS12;RPS19;RPS25;RPS9;RPS14;RPS27;RPS24;RPS10;RPS11;RPS27A;RPS3;RPS23;RPS15A;RPS21;RPS7;RPS18;RPS3A;RPS20;RPS26;RPS6;RPS16;RPS29;RPS17;RPS15;RPS8;RPS13;RPS5;RPS2;FAU;RACK1;RPS27L"
"GOCC_EXTERNAL_SIDE_OF_PLASMA_MEMBRANE",0.00227494312642184,0.100575746671465,0.398592925620579,1.40108435493046,13,302,"CD34;OSMR;SELL;TMC1;LCT;CX3CR1;ITGB6;CD69;RAET1G;CXCR5;LY75;CLEC12B;MBL2;TGFBR2;IL7R;CD80;RS1;AZGP1;PECAM1;PDGFRA;CD3E;ENG;ACKR2;IL2RB;CD248;STAB2;CD1E;FCRL4;P2RX7;LY6G6D;CA4;ITGB3;ITGA1;HFE;PRND;CD200R1;CD79B;IL1R1;DNAI2;NT5E;PLAUR;IL31RA;CXCL12;PTPRC;FOLR1;CD163L1;CCRL2;THBS1;FCER1G;PKHD1;FCGR2A;CD5;CEACAM21;ITGA5;CLEC4M;GHR;TLR4;MILR1;CD163;ENPP3;MICA;TNFRSF11A;BTN1A1;THBD;FAS;COLEC10;AQP4;TGFBR3;SERPINA5;HLA-E;B2M;IL6R;FCGRT;BTN3A2;ITGAV;IL9R;ICAM1;MFGE8;CDH5;SCNN1B;IL21R;CD226;CD1D;CD4;ADAM29;BTN2A3P;CCR4;GFRA1;ABCB1;CD83;PLAU;MCAM;B4GALT1;P2RX1;ADAM20;IL4R;CD36;ITGB1;CLEC2D;MS4A2;F2;ICOSLG;CD274;SDC1;HEG1;P4HB;IL11RA;HYAL2;ANXA5;CD84;SPN;CTSK;PRLR;PCSK9"
"GOCC_PROTEIN_COMPLEX_INVOLVED_IN_CELL_ADHESION",0.00233897085282476,0.100575746671465,0.592723026275879,1.68103684943874,12,53,"ITGB6;LGALS1;TNN;ITGA8;ITGA4;CD80;EMILIN1;ITGAL;LAMA2;ITGB3;ITGA1;LAMB1;PLAUR;EMILIN2;NID1;ITGA9;ITGA5;TNC;LAMC1;ITGB5;ITGA10;LAMB2;ITGAV;LAMA1;PLAU;LYN;ITGB1;TNXB;VTN"
"GOCC_MYELIN_SHEATH",0.0058618794651035,0.242366170191779,0.588727938599054,1.60942196368777,31,43,"ERMN;PMP2;MPZ;MAG;MAL;PMP22;CLDN5;PLP1;PLLP;GJC3"
"GOCC_PROTEIN_COMPLEX_INVOLVED_IN_CELL_MATRIX_ADHESION",0.00676564555534674,0.269372924888805,0.735626392381833,1.66994348223069,35,17,"TNN;EMILIN1;LAMA2;LAMB1;PLAUR;EMILIN2;NID1;TNC;LAMC1;LAMB2;LAMA1;PLAU;TNXB;VTN"
"GOCC_GROWTH_FACTOR_COMPLEX",0.0081470253884047,0.302001803190864,0.797829394992974,1.60698010261999,42,10,"IGF1;IGFBP5;PDGFB;IGFBP3;VEGFC;IGFBP6"
"GOCC_SWR1_COMPLEX",0.00789622109419064,0.302001803190864,0.744071325753533,1.64387594281257,41,15,"EP400P1;ZNHIT1"
"GOCC_COLLAGEN_TYPE_VI_TRIMER",0.0112116443745083,0.401750590086546,0.920794342619145,1.50223452133743,56,4,"COL6A3;COL6A2;COL6A6"
"GOCC_G_PROTEIN_COUPLED_RECEPTOR_COMPLEX",0.0137192257094531,0.446914170838245,0.708039991700226,1.60731966871131,72,17,"CXCL8;RARRES2;ACKR1;CALCR;CMKLR2;CMKLR1;DRD1;GPR156"
"GOCC_LYSOSOMAL_LUMEN",0.0135467980295567,0.446914170838245,0.470149648163146,1.45867983018682,76,94,"OGN;OMD;BGN;LUM;KERA;DCN;PDGFRB;CD1E;ACAN;CSPG4;GPC6;HSPG2;SDC2;SDC4;NPC2;HEXB;GPC3;GLB1;SDC1;VCAN;CTSS;LIPA;CTSK;TPP1;CTSL;CTSA;SGSH;HEXA;GNS;CTSD;NAGLU;GM2A;GBA1;TXNDC5;CHID1;MAN2B2;HYAL1;LGMN;CTSV;RNASET2;CD74"
"GOCC_SUBCORTICAL_MATERNAL_COMPLEX",0.0129763130792997,0.446914170838245,-0.887333211478706,-1.53488902665135,62,5,"NLRP7;OOEP;KHDC3L;NLRP2;TLE6"
"GOCC_CBM_COMPLEX",0.0144240675870596,0.456055078120265,-0.863964756362364,-1.55738320309515,69,6,"CARD11"
"GOCC_GOLGI_LUMEN",0.0160070360598065,0.481404671223109,0.472579206164974,1.45358595202456,90,88,"OGN;OMD;WNT3A;BGN;LUM;MUC7;KERA;WNT1;MMP14;DCN;SOD3;MUC19;ACAN;WNT6;CSPG4;PROZ;TGFB1;NGF;PDGFB;WNT5A;GPC6;HSPG2;SDC2;SDC4;PCSK6;WNT4;GPC3;F2;SDC1;VTN;VCAN;MUC5B;FURIN;MMP16;PROS1;PCSK5;WNT7B;BGLAP;WNT3"
"GOCC_TRANSCRIPTION_REGULATOR_COMPLEX",0.016121458757239,0.481404671223109,0.339055158883986,1.24274890937581,102,515,"TFAP2D;HOXA9;MSX2;HOXB13;TCF21;MYOD1;MYOG;ALX1;TBX18;HOXB9;MSX1;GSC;TBX15;ALX4;TBX5;RARG;EPAS1;GATA6;PTF1A;SIX2;HAND2;GATA2;NFATC2;SMAD6;HAND1;ASCL2;ASCL4;PPARG;PITX1;FOXF2;HOXC9;TBX2;RARB;RUNX2;CEBPD;GATA1;MEF2B;CDX2;WWTR1;NR4A2;MAF;BATF2;NFATC4;NFATC1;SPI1;PBXIP1;POU2F3;TLE2;MAFB;GFI1;GATA4;SMAD7;POU4F2;HOXA11;ANKRD1;TEAD3;GTF2A1L;FOXE3;NKX2-5;STAT6;NR1H4;CCND1;AHR;JUN;GFI1B;MXD3;SMAD9;SIX5;RXRG;ANXA2;SMAD3;TAF7L;POU4F1"
"GOCC_I_BAND",0.0179899671337139,0.522681477533579,0.420164195590688,1.37117371217017,103,143,"MYOT;MYPN;KLHL40;S100A1;CRYAB;FHL5;MYOZ2;MYL3;MYL9;ACTC1;SYNPO;KRT8;CAPN3;KRT19;ACTN3;SCN1A;PARVA;HSPB1;ANKRD1;CACNA1S;FLNC;PGM5;CASQ2;JPH2;SLC4A1;CSRP1;PDLIM3;PDLIM2;UNC45B;MYOZ3;FLNB;NEXN;FLNA;FHL3;SLC2A1;PDLIM7;FHL2;ACTN1;MYZAP;ATP2A1;SYNPO2L;TTN;CSRP2;FERMT2;NRAP;HRC;BAG3;PRICKLE4;PLEC;MYH7;FBXL22;DMD"
"GOCC_NETWORK_FORMING_COLLAGEN_TRIMER",0.0195028680688337,0.551725872999899,0.787154225837751,1.54468889381804,101,9,"COL10A1;COL8A2;COL4A4;COL4A1;COL4A2;COL8A1;COL4A5;COL4A6"
"GOCC_PARANODE_REGION_OF_AXON",0.0212237093690249,0.585012501838506,0.785141498724858,1.54073917581422,110,9,"ERMN;MAG;CLDN5"
"GOCC_COMPACT_MYELIN",0.0259887005649717,0.634951206985105,0.707515434346124,1.53821095634215,137,14,"MAG;MAL;PMP22;CLDN5;PLLP;ANXA2"
"GOCC_HISTONE_METHYLTRANSFERASE_COMPLEX",0.0249770852428964,0.634951206985105,-0.464922992634512,-1.42781644691299,108,74,"DNMT3L"
"GOCC_MICROFIBRIL",0.0247449943332074,0.634951206985105,0.724560482828001,1.54607832385158,130,13,"MFAP4;ADAMTSL5;FBN1;EFEMP2;FBN2;MFAP2"
"GOCC_PERINUCLEAR_THECA",0.0257338158423804,0.634951206985105,0.987426441024891,1.31629595986768,127,1,"CCIN"
"GOCC_PINOSOME",0.0240917782026769,0.634951206985105,0.781492042535886,1.53357758757834,125,9,"CX3CR1;MMP14;APPL2"
"GOCC_MUSCLE_MYOSIN_COMPLEX",0.0270117113713638,0.645279771649247,0.720224373318303,1.53682586655965,142,13,"MYH4;MYL3;MYL11;MYL9;MYH2"
"GOCC_EXTRINSIC_COMPONENT_OF_SYNAPTIC_VESICLE_MEMBRANE",0.0278249787595582,0.650257655794023,-0.720154940665865,-1.57095202804626,130,13,"DOC2A;SYN3;BTBD8;SYN1;ATP6V1A;BIN1;ATP6V1C1;ATP6V1B1;ATP6V1G2;ATP6V1B2"
"GOCC_NUCLEAR_RNA_EXPORT_FACTOR_COMPLEX",0.0298661174047374,0.683108004470057,-0.861819046990375,-1.49075519891819,144,5,"NXF2B;NXF5"
"GOCC_EXTRINSIC_COMPONENT_OF_SYNAPTIC_MEMBRANE",0.0343943601794488,0.754570146794031,-0.668558800992027,-1.55563592988815,160,17,"C1QA;CNKSR2;SARM1;CTNNA2;FGF22;SNAP91;STXBP1;AP2B1;DNAJC6"
"GOCC_METHYLTRANSFERASE_COMPLEX",0.0342481820314333,0.754570146794031,-0.409688804315743,-1.33797560188804,145,113,"DNMT3L"
"GOCC_COLLAGEN_TYPE_XI_TRIMER",0.0365261317272197,0.785311832135224,0.850009139097057,1.45383009359852,187,5,"COL5A2;COL5A1;COL11A1;COL11A2;COL2A1"
"GOCC_ACTIN_CYTOSKELETON",0.0458208247748459,0.789243084501705,0.324855395520027,1.18485086113576,289,481,"MYOT;ACTBL2;POTEF;MYH4;ACTG2;TRPV4;CRYAB;PARVG;MYOZ2;ACKR2;ARSJ;MYL3;ANXA1;MYL11;RCSD1;FYB1;PVALEF;MYL9;TNNC1;TPM2;CDC42EP1;ARPC1B;AHNAK;ACTA2;TNNT2;ACTC1;AIF1;SYNPO;CLDN5;AFAP1L1;ACTL10;POTEI;KRT19;PIEZO2;FILIP1L;PHLDB2;TNS3;MYL7;BMF;TNNI1;CGNL1;ACTN3;PALMD;CALD1;GAS2L1;PLS3;MYO3B;GBP1;LMOD1;PARVA;DLC1;TAGLN2;CCDC102A;GSN;ZNF185;PGM5;MYL12A;TRIP6;TMC2;PLEKHH2;CYBA;MYL4;CNN1;WIPF1;CNN2;LIMA1;MYH14;RFLNA;ARHGAP6;PDLIM3;TPM1;PDLIM2;VCL;MYH9;MYOZ3;SCIN;FLNB;MYLK3;GMFG;FHDC1;PKNOX2;NEXN;ARAP1;FLNA;FHL3;TPM4;SLC2A1;EPB41L2;MYO7B;PDLIM7;FHL2;ARHGEF5;ACTN1;MYZAP;MYH2;DOCK5;WASF2;RAPGEF3;SIGLEC10;SYNPO2L;TTN;FBLIM1;ZYX;TNNI3;MYO5B;PIEZO1;FHOD1;SVIL;NHERF1;POTEE;FERMT2;GAS2;LLGL2;ESPN"
"GOCC_CHYLOMICRON",0.0469874952633573,0.789243084501705,0.733767457219431,1.47794717906085,247,10,"APOA4;APOC3;LPL;APOE;APOA1"
"GOCC_COSTAMERE",0.0415491633765745,0.789243084501705,0.679068090033416,1.50026436727301,220,15,"AHNAK;KRT19;FLNC;PGM5;SDC4;VCL;SVIL;SYNM;PLEC;DMD"
"GOCC_EGG_COAT",0.0431069540463603,0.789243084501705,-0.87685674087443,-1.44353416716918,211,4,"ZP4;ZP3"
"GOCC_ELASTIC_FIBER",0.0441033611812706,0.789243084501705,0.842734417839518,1.44138762892339,226,5,"MFAP4;FBLN5;ELN;EFEMP2;FBLN1"
"GOCC_ENDOPLASMIC_RETICULUM_EXIT_SITE",0.0430683918669131,0.789243084501705,0.554636908107658,1.44580088032852,232,33,"CTAGE8;CRYZL2P-SEC16B;CTAGE6;LRRK2;SEC16B;SEC24D;PLPP3;SEC31B;SURF4;CTAGE15"
"GOCC_FACIT_COLLAGEN_TRIMER",0.0421441056515828,0.789243084501705,0.819514513416685,1.46143782578649,216,6,"COL9A3;COL14A1;COL12A1;COL16A1;COL9A2;COL9A1"
"GOCC_FEMALE_GERM_CELL_NUCLEUS",0.0388575869438508,0.789243084501705,0.847719036199328,1.44991317040674,199,5,"STPG4;AURKA"
"GOCC_IKAPPAB_KINASE_COMPLEX",0.0441237113402062,0.789243084501705,-0.796898891457754,-1.48698866805927,213,7,"PYDC1;PYCARD"
"GOCC_INTEGRIN_COMPLEX",0.045066765578635,0.789243084501705,0.570064379941136,1.44917102940908,242,29,"ITGB6;ITGA8;ITGA4;EMILIN1;ITGAL;ITGB3;ITGA1;ITGA9;ITGA5;ITGB5;ITGA10;ITGAV;LYN;ITGB1"
"GOCC_MYOSIN_II_COMPLEX",0.0415108451757666,0.789243084501705,0.598011328028564,1.47697172653554,221,25,"MYH4;MYL3;MYL11;MYL9;MYL12A;MYL4;MYH14;MYH9;MYH2;MYL6;MYH7B;MYH7"
"GOCC_PERICENTRIOLAR_MATERIAL",0.0394793000426803,0.789243084501705,-0.602851030404014,-1.49871642659372,184,23,"LCK"
"GOCC_SYNAPTIC_CLEFT",0.0467027834858958,0.789243084501705,0.578657554117137,1.4503332385466,249,27,"PRSS12;LAMA2;CBLN1;CBLN3;C1QL4;APOE;LAMB2;CBLN4;COLQ;EGFLAM;C1QL1"
"GOCC_TRIGLYCERIDE_RICH_PLASMA_LIPOPROTEIN_PARTICLE",0.046419845893629,0.789243084501705,0.649210470138052,1.47377093104651,246,17,"APOA4;APOC3;LPL;APOE;APOA1;VLDLR;APOL1"
"GOCC_AUTOPHAGOSOME",0.0614280714035702,0.819989927915057,0.398106144502281,1.27694885095484,350,124,"PEG3;STING1;MAP1LC3C;LRRK2;RUBCNL;CHMP4C"
"GOCC_CONDENSED_NUCLEAR_CHROMOSOME",0.0606757067340841,0.819989927915057,-0.427717024452281,-1.32245866393718,263,77,"DNMT3L;FAM9C;RNF212B;TEX11;HORMAD1;MEI4"
"GOCC_ENDOPLASMIC_RETICULUM_GOLGI_INTERMEDIATE_COMPARTMENT_MEMBRANE",0.0550035486160397,0.819989927915057,0.438974414546734,1.32585945018063,309,78,"STING1;AREG;F5;FOLR1;CTSC;COPZ2;PRRG4;TGFA;PLPP3;TMED1;TMED9;CTSZ;PIEZO1;TAP1;SURF4;CALR;TMED3;RAB43;STX5;MGAT1;ERGIC3;KDELR1;TMED5;LMAN2;MPPE1;TMED10;CNIH3;NAT8;SLC35C2;CNIH1;GOLGA2;ROBO1;BET1;YIF1A;WHAMM;LMAN1;RAB1B;VMP1;GORASP1"
"GOCC_ENDOSOME_LUMEN",0.0602587800369686,0.819989927915057,0.534640871059327,1.39367617036972,325,33,"PGA4;PGA5;RAB32;NGF;B2M;RAB38;IL12A;CTSS;CTSK;PRLR;NAPSA;CTSL;CTSH;AP4M1;CD63;SFTPC;CTSD"
"GOCC_GLYCOCALYX",0.0503568596352102,0.819989927915057,0.899404174434331,1.38879816582073,253,3,"CCIN;SPAG6;PKHD1L1"
"GOCC_IMMUNOGLOBULIN_COMPLEX",0.059429015342785,0.819989927915057,0.800925660388653,1.42828837875609,305,6,"IGLV5-52;CD79B;SYK"
"GOCC_INO80_TYPE_COMPLEX",0.0565652818991098,0.819989927915057,0.556464167170066,1.41459768114327,304,29,"EP400P1;INO80B;ACTL6A;ZNHIT1;INO80E;CFDP1;ACTR5;NFRKB;KAT5;INO80C;ING3;RUVBL2;INO80"
"GOCC_INSULIN_LIKE_GROWTH_FACTOR_BINDING_PROTEIN_COMPLEX",0.0499319992228483,0.819989927915057,0.837815182759328,1.43297391703711,256,5,"IGF1;IGFBP5;IGFBP3;IGFBP6"
"GOCC_PLATELET_ALPHA_GRANULE",0.0541452156932363,0.819989927915057,0.435512759697138,1.32582803463676,304,83,"IGF1;ISLR;PECAM1;FN1;IGF2;HGF;ITGB3;F5;THBS1;SPARC;TGFB1;PDGFB;LHFPL2;SERPINA3;VEGFD;VEGFC;SERPINA5;TGFB2;CD109;PCDH7;CD36;ACTN1;PHACTR2;TIMP1;PROS1;SERPING1"
"GOCC_POLE_PLASM",0.0609573672400898,0.819989927915057,0.572973489015977,1.41513313154261,325,25,"DDX3Y;MAEL;ANKRD34C;EXD1;MOV10L1;PIWIL4"
"GOCC_RIBOSOME",0.0603491271820449,0.819989927915057,0.358077514159012,1.22389201211662,362,226,"RPS4Y1;RPLP0P6;OAS1;RRBP1;APOD;RPSA2;RPL9;RPS12;RPL27;RPLP1;MRPS28;RPS19;RPS25;RPL31;RPL27A;RPL30;RPL39L;RPS9;RPS14;MRPL33;RPS27;RPL41;RPL22;RPS24;RPS10;MRPS18A;CALR;RPL24;RPL23A;RPL35A;RPLP2;RPS11;RPL10;MRPL53;RPS27A;RPS3;RPL19;RPS23;RPL37A;RPL21;RPS15A;MRPL51;RPL23;RPL34;RPS21;RPL3;RPL7A;RPS7;RPL26;RPL28;RPS18;RPL13A;RPS3A;RPS20;UBA52;RPS26;RPS6;RPL37;RPS16;RPS29;RPL18;RPL15;RPL11;RPL7;RPS17;RPL14;RPLP0;MRPL54;MRPL28;RPS15;RPS8;RPL39;MTG1;CHCHD1;RPL10A;RPS13;RPL13;EEF1A1;EIF2AK4;RPL38;GADD45GIP1;RPL29;MRPL17;RPL36AL;RPL5;RPL8;RPL26L1;RPS5;NCK1;RPL6;MRPL10;RPL4;RPL36;MRPL52;RPL35;MRPS7;MRPL49;RPS2;RPL17;MRPL45;AURKAIP1;FAU;RPL12;RPL18A;RACK1;RPS27L;MTG2;MRPS12;MRPS18B"
"GOCC_SCHMIDT_LANTERMAN_INCISURE",0.0538534728829686,0.819989927915057,0.710552091201228,1.46587011258928,282,11,"MAG;MAL;CLDN5;ANXA2;CLDN19"
"GOCC_SMAD_PROTEIN_COMPLEX",0.05717017208413,0.819989927915057,0.74061858928991,1.45336869431622,298,9,"SMAD6;SMAD7;SMAD9;SMAD3;HMGA2"
"GOCC_SOLID_PHASE_OF_BASEMENT_MEMBRANE",0.0581659719590754,0.819989927915057,0.722949811381755,1.45615838345187,306,10,"COL8A2;COL4A4;COL4A1;COL4A2;COL8A1;COL4A5;COL15A1;COL4A6"
"GOCC_SYMMETRIC_SYNAPSE",0.0530503978779841,0.819989927915057,0.726857931455829,1.46403008037994,279,10,"NLGN4Y;PENK;NTSR1"
"GOCC_VACUOLAR_LUMEN",0.0617852875917392,0.819989927915057,0.379780716941548,1.25429878621314,361,157,"BPI;OGN;OMD;BGN;LUM;KERA;TTR;DCN;PDGFRB;CD1E;ACAN;CSPG4;PRTN3;SERPINA3;CTSC;GPC6;HSPG2;SDC2;SDC4;NPC2;ANXA2;HEXB;GPC3;CLN5;GRN;GLB1;SDC1;VCAN;CTSS;LIPA;UNC13D;CTSK;FTL;TPP1;CTSL;DAPK2;CTSA;GGH;PRDX6;SGSH;HEXA;STK11IP;GNS;CTSD;NAGLU;GM2A;GBA1;PADI2;CREG1;TXNDC5;CHID1"
"GOCC_VON_WILLERBRAND_FACTOR_A_DOMAIN_RICH_COLLAGEN_TRIMER",0.059817440279666,0.819989927915057,0.800427990322828,1.42740088518879,307,6,"COL6A3;COL6A2;COL6A6"
"GOCC_STEREOCILIUM_TIP",0.0647887323943662,0.849364479560288,0.607244658320339,1.42600389161531,344,20,"TMC1;STRCP1;PKHD1L1;MYO3B;EPS8;TMC2;NHERF1;ESPNL;ESPN"
"GOCC_AMPHISOME",0.0657347941065357,0.851186207720808,0.672313551935748,1.43459301758011,347,13,"LRRK2;CHMP4C;CHMP4A;SQSTM1;CHMP2A;CHMP6;CHMP5"
"GOCC_MULTIVESICULAR_BODY",0.0665112943707422,0.851186207720808,0.458014820244672,1.32932117401784,370,61,"PGA4;MBL2;LRRK2;CHMP4C;PGA5;ACP3;APOE;GFRA1;EGFR;ARAP1;RAB27A;TPT1;NAPSA;SFTPA2;CTSL;CTSH;SLC2A4;CD63;SFTPC;LAMP1;CHMP4A"
"GOCC_APICAL_CORTEX",0.0691396387648087,0.864245484560109,0.791389615309227,1.41128277756255,355,6,"INSC;MYO5B"
"GOCC_OOPLASM",0.0687777329568374,0.864245484560109,-0.887268340826845,-1.3799706320293,340,3,"OOEP;KHDC3L;TLE6"
"GOCC_INTERLEUKIN_1_RECEPTOR_COMPLEX",0.0717938630999213,0.887108078533511,0.848024773323295,1.38351424468136,364,4,"IL1A;IL1R1;IL1RAP;IL1R2"
"GOCC_HISTONE_DEACETYLASE_COMPLEX",0.0745768688293371,0.911024249903834,0.41656025500447,1.27795593936865,422,87,"TBL1Y;EP400P1"
"GOCC_AGGRESOME",0.0853474320241692,0.984391668841485,0.66557111804605,1.40225985160927,451,12,"UBD;BAG3;HSPA1A"
"GOCC_CATION_CHANNEL_COMPLEX",0.0834377349035329,0.984391668841485,-0.333398908785516,-1.1778561627435,332,224,"KCNE3;PKD1L3;CACNA1F;LRRC38;TRPV5;SCNN1A;CATSPERZ;TRPC7;SCN4A;SCNN1G;KCNQ5;ABCC8;RYR1;KCNMB3;CACNA2D3;KCNH4;CACNB2;KCNN1;C2CD6;KCNH5;HCN1;KCNAB1;CATSPER4;CHRNA2;CNGB1;CATSPER2;SCN5A;KCNQ1;KCNA3;KCNA5;HTR3B;RYR3;KCNIP2;KCNQ3;CNGA4;KCND1;KCNAB3;KCNJ11;CACNB1;KCNMB2;DPP6;KCNE1;SCN7A;CATSPERG;SCN2B;KCNJ16;PDE4B;GRIK4;KCNH2;DMAC2L;KCNE4;SNAP25;CACNG8;CACNG2;KCNJ9;KCNA2;PKD1L1;STX1A;LRRC26;KCNC1;CACNA2D4;CACNG7;HCN4;UNC79;AKAP6;FKBP1B;PDE4D;DLG2;DLG4;TRPC3;GRIK1;HTR3A;GRIK5;KCNS1;KCNC4;VAMP2;TRPV6;CACNA1A;KCNC2;KCNS3;KCNA4;CACNG4;MICU3;KCNJ14;KCNJ3;KCNB1"
"GOCC_EXTRINSIC_COMPONENT_OF_POSTSYNAPTIC_MEMBRANE",0.084038950042337,0.984391668841485,-0.695617398064761,-1.42157746957908,396,10,"C1QA;CNKSR2;CTNNA2;FGF22"
"GOCC_GABA_RECEPTOR_COMPLEX",0.0860770389498601,0.984391668841485,-0.589444089470026,-1.4060381720111,399,19,"GABRG1;GABRP;GABRA1;GABRR1;GABRR2;GABRG3;GABRA5;GABRB2;GABRQ;GABRG2;GABRB3"
"GOCC_PLASMA_MEMBRANE_PROTEIN_COMPLEX",0.0846618170561833,0.984391668841485,0.306055640017428,1.13302637380251,546,597,"OSMR;CHRNG;IGF1;CXCL8;GJB3;ITGB6;ATP1A4;WNT3A;ITGA8;ERBB3;TGFBR2;GJB2;IL22RA1;FXYD3;ITGA4;NOX5;CDH19;EMILIN1;PDGFRA;ITGAL;CD8B;IL1A;CD3E;ATP6V0D2;IL2RB;GNAT1;KCNMB1;GJA5;SNTB1;ITGB3;ITGA1;HFE;FXYD1;CD79B;AHNAK;IL1R1;GJA3;CHRNB3;CD6;GJB1;TRAC;IL1RAP;HLA-DMB;GNG11;KCNA7;CDH11;NCF2;FCER1G;KRT19;ITGA9;TGFB1;RARRES2;ITGA5;ACVRL1;CACNA1G;ABCC9;SYK;KCNE5;BMP2;SCN10A;INSRR;HLA-DRB5;INHA;GJA1;SCN1A;SCN4B;FXYD2;CDH9;CAV1;ACKR1;GJA4;TLR2;FAS;SGCG;GJC3;GJA8;IL23A;TGFBR3;HLA-E;ITGB5;CALCR;CMKLR2;B2M;CDH6;ITGA10;KCNE2;EPS8;CACNA1S;KCNJ2;IL6R;HSPG2;CDH15;PGM5;TGFB2;ITGAV;COL13A1;CYBA;GNG12;CMKLR1;CDH5;SLC6A3;CD4;IL18R1;NOX4;ATP1A2;BTLA;CATSPERE;GFRA1;GRID2;EGFR;CHRNA1;ANXA2;GNG5;SKAP1;LYN;FLNA;IL10RB;IL4R;GRIK2;DRD1;IRS1;CACNG5;IL12A;GRIN3B;ITGB1;KCNJ6"
"GOCC_TRANSFORMING_GROWTH_FACTOR_BETA_LIGAND_RECEPTOR_COMPLEX",0.0823780843209637,0.984391668841485,0.808810291929636,1.38336482319309,423,5,"TGFBR2;TGFB1;TGFB2;TGFB3"
"GOCC_EXTRINSIC_COMPONENT_OF_PRESYNAPTIC_MEMBRANE",0.0881742738589212,0.997761519982529,-0.728729167741121,-1.40785094729198,424,8,"C1QA;CTNNA2;SNAP91;STXBP1;AP2B1;DNAJC6"
"GOCC_3M_COMPLEX",0.393433067806489,1,0.644059104090499,1.10157934134394,2024,5,"CCDC8;CUL7;OBSL1;FBXW8"
"GOCC_90S_PRERIBOSOME",0.935880708294501,1,0.265842236206644,0.671262459494741,5020,28,"PWP2;WDR12;KRI1;RRP7A;UTP18;RRP7BP;MPHOSPH10;PES1;NOC4L;UTP6;SLX9;NOL6;NOC2L;RRP36;IMP3;UTP4;BMS1;IMP4;NOP9;UTP20;SRFBP1;WDR3;TSR1;WDR36;NOP14;TBL3;BOP1;HEATR1"
"GOCC_9PLUS0_MOTILE_CILIUM",0.934136390130173,1,0.329288068937385,0.563204419887361,4807,5,"CFAP45;DNAH11;DNAH5"
"GOCC_9PLUS0_NON_MOTILE_CILIUM",0.949577861163227,1,-0.238756014788824,-0.796926058557575,4048,133,"PPEF2;RPGRIP1;CACNA1F;GUCY2D;OPN1SW;PDE6A;NPY2R;NMUR1;CRB1;USH2A;RCVRN;IMPG1;GNAT2;PTGS1;SSTR3;GUCA1B;TTLL6;RD3;GUCA1A;MYRIP;PCDHB13;CDHR1"
"GOCC_9PLUS2_MOTILE_CILIUM",0.987687188019967,1,0.228859255921526,0.783022867355919,5935,229,"CFAP107;PCDH11Y;ADGB;ATP1A4;CD52;IQUB;CFAP161;SPAG6;SPACA5B;CFAP74;DNAI2;DNAJB13;TEKT1;CFAP52;CFAP126;DRC1;CLXN;TTC29;IRGC;HVCN1;GARIN2;CFAP77;SPAG8;CBY3;TEKT4;RSPH1;RIBC2;CFAP45;TEKT3;MORN5;CATSPERE;CFAP221;CFAP58;CFAP43;CFAP70;MNS1;TEKTIP1;SLC9B1;DNAH9;CFAP69;CFAP141;DNAH7;FHAD1;NHERF1;CATSPER3;EFHB;LRRC23;CTSH;FLACC1;CFAP206;DNAH11;SPEF2;SLC22A14;CCDC146;CFAP210;PACRG"
"GOCC_A_BAND",0.176905995558845,1,0.464526048043481,1.21824570584277,955,34,"KLHL40;S100A1;CRYAB;MYL3;MYL7;MYL4;UNC45B;ATP2A1;TTN"
"GOCC_ACETYLCHOLINE_GATED_CHANNEL_COMPLEX",0.291980421686747,1,0.493379022878147,1.13430855828827,1550,18,"CHRNG;CHRNB3;CHRNA1;CHRNA9;CHRNA10"
"GOCC_ACETYLTRANSFERASE_COMPLEX",0.976357677902622,1,-0.230919398461115,-0.755325901797822,4170,114,"NAA11;ACTL8;SUPT20HL2"
"GOCC_ACROSOMAL_MEMBRANE",0.798238074774388,1,-0.311446216962654,-0.787066776933729,3714,25,"IZUMO1;TMEM190;SPACA4"
"GOCC_ACROSOMAL_VESICLE",0.669165885660731,1,-0.277956016009033,-0.916565116146292,2855,120,"EPPIN;ACR;LY6K;IZUMO1;TCP11X2;DPEP3;TMEM210;SCNN1A;TMEM190;FAM209B;IL4I1;TUBA8;SPACA4;ARC;LYZL4;CT55"
"GOCC_ACTIN_BASED_CELL_PROJECTION",0.648761017794778,1,0.274331371185618,0.932911553326168,3900,214,"ERMN;TMC1;STRCP1;ACTG2;TRPV4;PDGFRA;LRRK2;LY6G6D;ITGB3;ICAM2;ACTA2;ACTC1;OTOP1;SLC38A4;ADGRA2;ACP3;CLRN1;AMN;PIEZO2;TGFB1;PKHD1L1;SLC7A8;MYO3B;EPS8;ANGPT1;CIB1;TMC2;ITGAV;SYTL1;LOXHD1;RHOC;B4GALT1;FOXA1;MYO7B;CD302;ITGB1"
"GOCC_ACTIN_FILAMENT",0.200069954529556,1,0.354810185176396,1.13014027308262,1143,116,"ACTBL2;POTEF;ACKR2;ANXA1;RCSD1;TPM2;ACTC1;AIF1;POTEI;ACTN3;GAS2L1;PLS3;LMOD1;WIPF1;LIMA1;ARHGAP6;PDLIM3;TPM1;PDLIM2;FHDC1;FLNA;TPM4;PDLIM7;ACTN1"
"GOCC_ACTIN_FILAMENT_BUNDLE",0.120084269662921,1,0.388915458389157,1.20842035026497,683,95,"CRYAB;MYL9;ACTA2;SYNPO;AFAP1L1;CALD1;GAS2L1;PLS3;PGM5;TRIP6;CYBA;CNN2;LIMA1;MYH14;RFLNA;PDLIM3;TPM1;PDLIM2;MYH9;FLNB;FHL3;TPM4;PDLIM7;ACTN1;FBLIM1;ZYX;FHOD1;FERMT2;GAS2;LPP;BAG3;PRICKLE4;MYH7;CORO1B;MICALL2"
"GOCC_ACTIVIN_RECEPTOR_COMPLEX",0.148680124223602,1,0.713342971868381,1.31309701557447,765,7,"TGFBR2;ACVR1"
"GOCC_ACTOMYOSIN",0.28066783831283,1,0.35033238401007,1.08572948503253,1596,93,"MYL9;ACTA2;SYNPO;AFAP1L1;CALD1;GAS2L1;PGM5;TRIP6;CYBA;CNN2;LIMA1;MYH14;PDLIM3;TPM1;PDLIM2;MYH9;FLNB;FHL3;TPM4;PDLIM7;ACTN1;FBLIM1;ZYX;FHOD1;FERMT2;GAS2;LPP;BAG3;PRICKLE4;MYH7;CORO1B;MICALL2"
"GOCC_ADHERENS_JUNCTION",0.811181787746903,1,0.260809914527205,0.879431432752453,4845,197,"S100A11;TRPV4;HMCN1;CDH19;ANXA1;TRIM29;CDC42EP1;TMEM204;CDH11;JCAD;KRT18;TLN1;CDH9;SMAD7;CDH6;CDH15;PGM5;CDH5;ESAM;NIBAN2;PDLIM3;PDLIM2;VCL;MYH9;ANXA2;NEXN;LYN;PLPP3;DSP;PDLIM7;JAG1;EHD4;FAT1;PKP1;ZYX;CDH12;AJUBA;FERMT2;LLGL2;SNAP23;WTIP;CDCA3;FAT2;BAIAP2L1;CTNNA1;NECTIN2;PRICKLE4;SYNM;CTNND1;NPHP1;ARHGAP24"
"GOCC_ALPHA_BETA_T_CELL_RECEPTOR_COMPLEX",0.282454760031471,1,0.733338656170334,1.19640900702833,1435,4,"CD3E;TRAC"
"GOCC_ALPHA_DNA_POLYMERASE_PRIMASE_COMPLEX",0.609474768280124,1,-0.52599844697653,-0.90986028005704,2958,5,"POLA1;PRIM2;POLA2"
"GOCC_ALPHA_KETOACID_DEHYDROGENASE_COMPLEX",0.835607675906183,1,-0.314950583178892,-0.742563547356239,3918,18,"PDK1;KGD4;PDHA1;DBT;OGDHL;DLD;DLAT;DLST;BCKDHB;PDHX;OGDH;DHTKD1;BCKDHA"
"GOCC_ALVEOLAR_LAMELLAR_BODY",0.428959627329193,1,0.571517333744071,1.05202929710351,2209,7,"NAPSA;CTSH;SFTPC;LAMP3"
"GOCC_AMINOACYL_TRNA_SYNTHETASE_MULTIENZYME_COMPLEX",0.849378554876764,1,-0.334381513035212,-0.702956767392397,4031,11,"IARS1;EPRS1;LARS1;EEF1E1;KARS1;RARS1;MARS1;AIMP2;QARS1;DARS1;AIMP1"
"GOCC_AMPA_GLUTAMATE_RECEPTOR_COMPLEX",0.434299411636522,1,-0.382872051157753,-1.00557610454415,1992,30,"GRIA1;GRIA3;NRN1;OLFM3;CNIH2;VWC2L;SHISA7;DLG3;CACNG8;CACNG2;CACNG7;DLG4;CACNG4;GRID1;SHISA6"
"GOCC_ANAPHASE_PROMOTING_COMPLEX",0.112138946573532,1,0.556719529581097,1.33322081760373,593,22,"CDC20B;UBE2C;CDC26;CUL7;ANAPC16;CDC20;ANAPC15;ANAPC11;ANAPC5;FZR1"
"GOCC_ANKYRIN_1_COMPLEX",0.263648727414028,1,0.706883495427894,1.20903229277378,1356,5,"RHAG;SLC4A1;AQP1"
"GOCC_ANNULATE_LAMELLAE",0.699897013388259,1,-0.477267750145101,-0.825567016985112,3397,5,"TNPO3;RANBP2;EIF5A"
"GOCC_AP_1_ADAPTOR_COMPLEX",0.274200426439232,1,-0.486009149666614,-1.14587080481462,1285,18,"AP1M2"
"GOCC_AP_2_ADAPTOR_COMPLEX",0.430514237144071,1,-0.479598399731979,-1.02666724208839,2025,12,"BTBD8;SGIP1;EPS15;STON2;AP2B1;AP2A2"
"GOCC_AP_3_ADAPTOR_COMPLEX",0.969454392247735,1,-0.258620059234341,-0.543686518946575,4601,11,"AP3B2;AP3M1;AP3D1;AP3S2;VPS33A;VPS18;VPS39;AP3S1;AP3M2;VPS41;AP3B1"
"GOCC_AP_TYPE_MEMBRANE_COAT_ADAPTOR_COMPLEX",0.315673289183223,1,-0.385740774721035,-1.08128086712334,1429,42,"AP1M2;BTBD8;AP1S2;SGIP1;AP1S3;EPS15;STON2;AP2B1;AP3B2;AP1G2;AP4E1;AP2A2;AP1G1;AFTPH;AP3M1;SLC18A3;AP1B1;AP5M1;AP3D1;AP1M1;AP3S2;AP5S1;AP4B1;AP2A1;SYNRG"
"GOCC_APICAL_DENDRITE",0.63718528082634,1,-0.365986076762058,-0.87300967732955,2960,19,"HCN1;MAP2;MAP1B;NEURL1;MYO1D;OSBP2;CPEB3"
"GOCC_APICAL_JUNCTION_COMPLEX",0.91863065542749,1,0.249409863945907,0.817671741268072,5339,148,"CLDN14;CLDN20;PMP22;CLDN16;USP53;SYNPO;CLDN5;FRMD6;WWTR1;FRMPD2;CGNL1;RAB13;IGSF5;CLMP;CDH5;ESAM;CCND1;CLDN1;VCL;PLXDC1;C1QTNF5;CLDN11;CLDN4;FBF1;CLDN9;CLDN3;CDK4;OCEL1;WNK4;CTNNA1;PARD6G;NECTIN2;VASP;YAP1;NPHP1;CLDN19;MICALL2;MXRA8;AMOTL2;RIGI;EPB41L4B;AMOTL1;NECTIN3;CLDN15;LSR;CLDN22"
"GOCC_APICAL_PART_OF_CELL",0.85915270312994,1,0.246834101209428,0.899655217849182,5434,477,"CD34;OSMR;INSC;LCT;TMPRSS15;PLAT;ITGA8;ERBB3;FAP;CHL1;MFRP;TRPV4;DDR2;FN1;ATP6V0D2;MAL;GNAT1;ANXA1;PDGFRB;LRRC15;SLC13A2;PTH1R;CA4;ITGB3;HFE;FXYD1;CSPG4;SLC2A9;ADGRF5;SLC24A4;SLC9A4;CYBRD1;FOLR1;MME;ACP3;PLD1;PKHD1;ABCC2;AMN;SLC23A1;CFAP126;SLC5A12;FRMPD2;SLC7A8;ENPP3;SLC26A7;PLLP;ACTN3;HVCN1;ABCB4;GJA1;SLC22A3;CAV1;ITPR3;ZMYND10;IGSF5;KCNE2;EPS8;LCTL;KIAA1614;IL6R;NOD1;SLC2A5;CIB1;CYBA;SCNN1B;ABCB5;SLC17A4;LIMA1;MYH14;MIP;IGFBP2;SLC5A1;ITLN1;ABCB1;CLDN1;VCL;FZD6;MYH9;SCIN;FLNB;B4GALT1;SLC22A1;SLC26A4;SLC22A13;C1QTNF5;CD36;SLC2A1;AQP1;MYO7B"
"GOCC_APICAL_PLASMA_MEMBRANE",0.971211724679403,1,-0.230686001160137,-0.856668327479516,3710,378,"CRIPTO;CEACAM6;SLC28A2;SLC52A3;KNCN;SLC5A10;ANXA13;ATP4A;GP2;MUC13;SLC6A14;SLC17A2;SLC26A3;TRPV5;SCNN1A;ATP12A;TRPA1;UPK1A;PTPRQ;RAB17;SLC12A1;TMEM114;SLC39A4;ABCB11;ABCG8;SCNN1G;CRB1;OTOA;USH2A;SLC22A7;MLC1;UPK2;SLC15A1;SLC47A2;GABRP;GPR143;CPO;EPCAM;ADRB2;DPP4;PRKG2;MTTP;ADCY8;ABCC4;BST2;SLC16A3;SLC34A3;DLL1;SLCO2B1;SLC34A2;SLC44A4;ADGRG2;ECRG4;P2RX2;AQP8;RAB27B;OCLN;IL10RA;TCIRG1;DSG1;CLIC5;LRP2;KCNQ1;ATP2B2;KCNA5;MYO1A;HPN;SLC6A6;SLC4A8;PDZK1;SLC29A1;TRPM6;SLC46A1;CEACAM1;SLCO1A2;NRG1;NEDD4L"
"GOCC_APICOLATERAL_PLASMA_MEMBRANE",0.471456061577935,1,-0.40704177955527,-0.982931577796249,2204,20,"SLC28A2;CLDN7;TMEM114"
"GOCC_APOLIPOPROTEIN_B_MRNA_EDITING_ENZYME_COMPLEX",0.739848455410919,1,0.462569923512779,0.791165699595677,3807,5,"APOBEC3F;RBM47;RBM46;APOBEC3G"
"GOCC_ARP2_3_PROTEIN_COMPLEX",0.290071996968549,1,0.575346633591074,1.15885751777595,1530,10,"ARPC1B;ARPC1A;ARPC4;ACTR3;ARPC2;ARPC5;ACTR2"
"GOCC_ARYL_HYDROCARBON_RECEPTOR_COMPLEX",0.956194519490544,1,0.289668031588184,0.550915525214795,4954,8,"AHR;ARNT;AIP;AHRR;HSP90AB1;BMAL1;BMAL2;ARNT2"
"GOCC_ASTER",0.463450600379187,1,-0.476604160214595,-1.00194570192922,2199,11,"CCSAP;FAM161A;MAPRE3;DYNLT3;MAP9;PAFAH1B1;MISP;MAPRE1"
"GOCC_ASTROCYTE_END_FOOT",0.416684221613651,1,-0.494932438203156,-1.04047650146344,1977,11,"MLC1;MT3;GFAP;ADGRG1"
"GOCC_ASTROCYTE_PROJECTION",0.146487294469357,1,-0.528002968322747,-1.28876117765032,685,21,"KCNJ10;MLC1;MT3;GRM3;GFAP;ADGRG1"
"GOCC_ASYMMETRIC_GLUTAMATERGIC_EXCITATORY_SYNAPSE",0.13121234939759,1,0.572659774404426,1.31657985640545,696,18,"NLGN4Y;PLXNA4;ITGB1;GRN;C1QL1"
"GOCC_ATAC_COMPLEX",0.87382779198636,1,-0.313866744679295,-0.695363565465049,4099,14,"MBIP;SGF29;KAT2B;POLE4;MAP3K7;ZZZ3;TADA2A;DR1;KAT14;WDR5;YEATS2;POLE3;KAT2A;TADA3"
"GOCC_ATG1_ULK1_KINASE_COMPLEX",0.839058278656889,1,0.375292483182217,0.713763456560629,4347,8,"ATG101;TBC1D5;ATG13;SMCR8;ULK1;SESN2;RB1CC1;C9orf72"
"GOCC_ATG12_ATG5_ATG16_COMPLEX",0.83608467663624,1,0.393397674928712,0.701544918735263,4304,6,"ATG12;ATG5;ATG16L2;ATG3;ATG16L1;WDFY3"
"GOCC_ATP_BINDING_CASSETTE_ABC_TRANSPORTER_COMPLEX",0.519907795473596,1,-0.482003124559439,-0.961055192723489,2480,9,"ABCG8;ABCB7;ABCB6"
"GOCC_ATPASE_COMPLEX",0.985043837029397,1,0.229165907451069,0.752654442392801,5729,150,"EP400P1;MYOD1;ATP6V0D2"
"GOCC_ATPASE_DEPENDENT_TRANSMEMBRANE_TRANSPORT_COMPLEX",0.885895404120444,1,-0.263423130101894,-0.787625990002635,3912,62,"CHP2;ATP4A;FXYD4;ATP12A;ABCG8;ABCC8"
"GOCC_AUTOLYSOSOME",0.907036797934151,1,-0.288321862382869,-0.687752327282026,4214,19,"HLA-DRA"
"GOCC_AUTOLYSOSOME_MEMBRANE",0.300412371134021,1,-0.625215751582625,-1.16663324251193,1456,7,"HLA-DRA;RAB39A;HLA-DRB1;RAB39B"
"GOCC_AUTOPHAGOSOME_MEMBRANE",0.119606087735004,1,0.426482620292889,1.2415037589689,667,62,"STING1;MAP1LC3C;RUBCNL;CHMP4C;MCOLN3;VAMP8;WIPI1;WDR81;TM9SF1;LAMP1;CHMP4A;ATG4B;RAB30;MAP1LC3B2;SNAP29;ATG12;VAMP7;CHMP2A;VMP1;TEX264;RAB24;CALCOCO2;ATG9A;CHMP6;CHMP5;STX17;SNAP47;SEC22B;STX4"
"GOCC_AXOLEMMA",0.142156862745098,1,-0.595973449782101,-1.32036359374879,666,14,"ADORA2A;MYO1D;KCNC1;MAPT;ANK1;ADORA1;KCNC2;ROBO2;CNTNAP2;EPB41L3;SLC1A2"
"GOCC_AXON",1,1,0.191327234153342,0.711839168351834,6572,642,"MYOT;MYPN;ACTBL2;ERMN;NPY;CPLX4;SLC6A2;TNN;GHRL;POTEF;ITGA4;TRPV4;CRYAB;PRSS12;MAG;LRRK2;CNTN6;GPER1;ALDH1A1;TPBG;TULP1;PENK;CLDN5;IL31RA;MME;CHRM1;POTEI;RIN3;SLC38A8;TGFB1;CCK;SCN10A;TANC1;INSRR;NTSR1;SCN1A;PLXND1;LDLRAP1;NRP2;ROR2;HSPB1;NFIB;CALCR;ROR1;EPS8;CIB1;TGFB2;SLC18A2;MGARP;SLC6A3;MYH14;PCDHGB1;PREX1;GFRA1;CPLX3;NPFF;NEXN;CLDN11;FLNA;EVX1;SEMA3A;CNTN5;AQP1;GRIK2"
"GOCC_AXON_CYTOPLASM",0.390760127446518,1,-0.342375269878858,-1.02881141938535,1716,64,"KIF21A;NEFL;RAB27B;AGBL4;SYBU;AGTPBP1;KIF5C;KIF5A;HAP1;TMEM108;MAPT;DLG2;MAP1A;TRIM46;NETO1;AP3B2;KIF1A;UCHL1;ARMCX1;SPAST;RAB21;KIF1B;FBXW11;KIF4A;KIF3A;OPA1;KIF3B;ARL8A;HDAC6;DYNC1H1;MAPK8IP3"
"GOCC_AXON_HILLOCK",0.696682464454976,1,-0.458000607697758,-0.825592072110743,3380,6,"MAP2;SPTBN4;PRKCZ"
"GOCC_AXON_INITIAL_SEGMENT",0.688317256162915,1,-0.33871464375176,-0.848699530815396,3210,24,"MAP2;KCNQ3;LRRC7;SCN2B;NRCAM;NAV1;BIN1;KCNA2;MAP1A;TRIM46;KCNA4;SPTBN4"
"GOCC_AXONAL_GROWTH_CONE",0.142028362698754,1,-0.505512731573032,-1.27749914646053,660,25,"KIF21A;PTCH1;COBL;EPHA4;GPM6A;TRPV2;KIF5C;MAPK8IP1;L1CAM;OLFM1;FKBP4;CLASP2;SHTN1;NRXN1;SCN11A;RTN4R;TRAK2;HSP90AA1;C9orf72"
"GOCC_AXONEMAL_A_TUBULE_INNER_SHEATH",0.829450139794967,1,0.305777157525947,0.772099760169893,4449,28,"CFAP107;CFAP161;TEKT1;SPAG8;TEKT4;RIBC2;TEKT3;MNS1;TEKTIP1;CFAP141;EFHB"
"GOCC_AXONEMAL_B_TUBULE_INNER_SHEATH",0.426641294005709,1,0.501559721652093,1.03471851642216,2241,11,"CFAP52;CFAP126;CFAP77;CFAP45;CFAP210;PACRG;CFAP144"
"GOCC_AXONEMAL_CENTRAL_APPARATUS",0.999223602484472,1,0.203780206924286,0.375111541149101,5147,7,"SPAG17;SPEF1;HYDIN;SPAG16"
"GOCC_AXONEMAL_DOUBLET_MICROTUBULE",0.538070143558059,1,0.344076909329652,0.948737917101901,2960,45,"CFAP107;CFAP161;TEKT1;CFAP52;CFAP126;CFAP77;SPAG8;TEKT4;RIBC2;CFAP45;TEKT3;CFAP73;CFAP100;MNS1;TEKTIP1;CFAP141;EFHB;CFAP206;CFAP210;PACRG"
"GOCC_AXONEMAL_DYNEIN_COMPLEX",0.734912577552171,1,0.34478864590863,0.818178442830463,3908,21,"DNAI2;DNAI3;DRC1;DNAI7;CFAP70;DNAH9;DNAH7"
"GOCC_AXONEMAL_MICROTUBULE",0.858400718778077,1,0.277658174514429,0.786303075250332,4776,52,"CFAP107;CFAP161;TEKT1;CFAP52;CFAP126;CFAP77;SPAG8;TEKT4;RIBC2;CFAP45;TEKT3;CIMIP2B;MNS1;TEKTIP1;CFAP141;EFHB;CFAP206;CFAP210;PACRG"
"GOCC_AXONEMAL_NEXIN_LINK",0.934728829686013,1,0.296761184199725,0.612218802649027,4911,11,"DRC1;DRC7;IQCD"
"GOCC_AXONEME",0.656967076820752,1,0.272622026920688,0.93146562348232,3950,225,"CFAP107;RP1;CCDC63;CYS1;IQUB;CFAP161;SPAG6;CFAP74;DNAI2;DNAJB13;TEKT1;CFAP52;DNAI3;CFAP126;DRC1;CLXN;DRC7;DCDC2;DNAI7;ERICH3;CFAP77;SPAG8;TEKT4;RSPH1;RIBC2;CCDC17;CFAP45;TEKT3;CFAP73;CFAP100;CFAP221;CFAP46;CFAP43;GLI1;CIMIP2B;KIF19;CFAP70;MNS1;TEKTIP1;SPAG17;DNAH9;CCDC39;CFAP141;DNAH7;DZIP1L;EFHB;CTSH;CFAP206;DNAH11;CCDC146;RP1L1;CFAP210;WDPCP;PACRG;CFAP44;ODAD1;PIK3C3;MAK;NPHP1;BBS5"
"GOCC_AZUROPHIL_GRANULE",0.997743447318174,1,0.209197722932111,0.679702314073901,5747,138,"BPI;FPR1;TTR;IRAG2;ACP3;PRTN3;SERPINA3;CTSC;C3AR1;ANXA11;NPC2;B4GALT1;MAGT1;ANXA2;CD68;HEXB;GRN;GLB1;VAMP8;UNC13D;CMTM6;GLIPR1;FTL;SNAP23;CTSA;GGH;SURF4;PRDX6;CKAP4;HEXA;STK11IP;TMEM179B;CD63;GNS;DDOST;GM2A;LAMP1;PADI2;CREG1;TXNDC5"
"GOCC_AZUROPHIL_GRANULE_LUMEN",0.935512524427074,1,0.250903849595087,0.753753122959923,5265,75,"BPI;TTR;PRTN3;SERPINA3;CTSC;NPC2;ANXA2;HEXB;GRN;GLB1;UNC13D;FTL;CTSA;GGH;PRDX6;STK11IP;GNS;GM2A;PADI2;CREG1;TXNDC5"
"GOCC_AZUROPHIL_GRANULE_MEMBRANE",0.907295173961841,1,-0.258190016519061,-0.762805928821223,4041,57,"CEACAM6;HLA-H;RAB44;SLCO4C1;NFAM1;BST2;STOM"
"GOCC_B_CELL_RECEPTOR_COMPLEX",0.125688434303698,1,0.812656274731223,1.32581213130635,638,4,"CD79B;SYK;LIME1"
"GOCC_B_WICH_COMPLEX",0.677800829875519,1,-0.432043668154435,-0.834676467484013,3266,8,"DDX21;DEK;SMARCA5;BAZ1B;SF3B1"
"GOCC_BARR_BODY",0.94663094992788,1,-0.303209768224026,-0.546566045164479,4593,6,"FIRRE;LRIF1;SMCHD1;MACROH2A1;MACROH2A2;H2AZ1"
"GOCC_BASAL_CORTEX",0.665436176413445,1,0.508000355582568,0.868868545683196,3424,5,"PHLDB2;PKD2;PHLDB1"
"GOCC_BASAL_DENDRITE",0.584380795384298,1,-0.512603414379712,-0.924019112498789,2835,6,"MAP2;MAP1B"
"GOCC_BASAL_PART_OF_CELL",0.742703407793902,1,0.260737903868795,0.915444633366469,4554,298,"CD34;SLC16A12;CD38;ABCA8;CLCA2;SLC39A5;ERBB3;FAP;RHBG;ANXA1;PTH1R;CA4;ITGA1;HFE;AQP7;ALPK2;SLCO2A1;SLC2A9;SLC9A4;FOLR1;CLRN1;EDN1;ITGA9;SLC23A1;PDGFB;PHLDB2;FRMPD2;SLC7A8;SLC26A7;FXYD2;SLC22A3;CAV1;LDLRAP1;AQP4;TGFBR3;NOD1;SLC16A5;SLC26A5;ERBB4;CD1D;SLC4A1;NEDD9;OTOF;HEPH;CLDN1;TGFA;B4GALT1;SLC22A1;EGFR;ANXA2;CLDN11;PLPP3;SLC43A3;DSP;SLC2A1;AQP1;NKD2;CLDN4;SLC40A1;WASF2;NOD2;SLC16A8;CA12"
"GOCC_BASOLATERAL_PLASMA_MEMBRANE",0.989247311827957,1,-0.222886877261864,-0.797334772904342,3955,250,"SLCO1C1;C5AR2;CLDN7;CHP2;ANXA13;DIO1;SLC4A9;CALHM1;SLC10A1;FXYD4;KCNJ10;SLC6A13;ATP12A;VSIG1;RAB17;ABCB11;SLC22A7;MLC1;CA9;EPCAM;SLCO4C1;CDH17;HPGD;MTTP;ADCY8;ABCC4;HCN1;SLCO5A1;SLC16A3;SLCO2B1;AQP8;NDRG4;LIN7C;KCNQ1;ATP2B2;SLC7A7;MYO1A;CASK;SLC6A6;SLC4A8;SLC29A1;SLC46A1;MAP7;SLCO1A2;LRRC7;ATP2C2;EPB41;BEST2;DLG3;KCNJ16;ATP6V0A4;RHCG;LIN7A;MYO1D;CTNNA2;STK39;SLC38A1;SLC26A1"
"GOCC_BBAF_COMPLEX",0.928950359984843,1,0.305128398678456,0.614586612749328,4902,10,"SMARCA2;SMARCD2;SMARCB1;SMARCE1;ARID1B;SMARCC2;SMARCA4;ACTB;ARID1A"
"GOCC_BBSOME",0.579891933616364,1,0.48767183674787,0.927496156898578,3004,8,"BBS5;TTC8;BBS4;BBS9;BBS2;BBS1"
"GOCC_BCL_2_FAMILY_PROTEIN_COMPLEX",0.6898446381205,1,0.417444527245309,0.840812651728289,3640,10,"BCL2L11;BAX;BCL2;BAK1;PMAIP1;BCL2L2;BAD"
"GOCC_BETA_CATENIN_DESTRUCTION_COMPLEX",0.836480362537764,1,0.347071658495513,0.731228623273928,4429,12,"DACT1;AXIN2;AXIN1;CTNNB1"
"GOCC_BETA_CATENIN_TCF_COMPLEX",0.807561597281223,1,-0.343291768749771,-0.748859543795398,3801,13,"TLE1;TLE3;TLE4;LDB1;BCL9;PYGO2;TCF4;TCF7;BCL9L;CTNNB1;LEF1;TCF7L1;TCF7L2"
"GOCC_BLEB",0.136902485659656,1,0.676098560027577,1.3267564379642,715,9,"P2RX7;PTPRC;TPM1;FHOD1;SDF4"
"GOCC_BLOC_1_COMPLEX",0.938714499252616,1,-0.279795209361858,-0.630232823415094,4395,15,"SNAP25;STX12;KXD1;PI4K2A;BLOC1S3;BCAS4;BLOC1S6;BLOC1S5;BLOC1S2;WASHC4;DTNBP1;SNAP47;BLOC1S4;SNAPIN;BLOC1S1"
"GOCC_BLOC_COMPLEX",0.988732394366197,1,0.228308116951806,0.536140184684658,5264,20,"HPS5;BLOC1S1;SNAPIN;BLOC1S4;SNAP47;DTNBP1;HPS6;HPS1;HPS4;WASHC4;BLOC1S2;BLOC1S5;BLOC1S6;HPS3;BCAS4;BLOC1S3;PI4K2A;KXD1;STX12"
"GOCC_BLOOD_MICROPARTICLE",0.156911142454161,1,0.380510827111747,1.17666347893359,889,92,"APOA4;CFH;HBE1;POTEF;ACTG2;FN1;ENG;ACSM1;HSPA7;HBA1;ACTC1;TMPRSS13;TGFB1;SERPINA3;AGT;APOE;GSN;C1S;CP;APOA1;SLC4A1;SERPINC1;BCHE;SLC2A1;F2;VTN;ANXA5;APOL1;PROS1;SERPING1;POTEE"
"GOCC_BORC_COMPLEX",0.960165975103734,1,-0.279723603392805,-0.54040534872125,4627,8,"BORCS5;BORCS6;KXD1;BLOC1S2;BORCS8;BORCS7;SNAPIN;BLOC1S1"
"GOCC_BOX_C_D_RNP_COMPLEX",0.924582732330517,1,-0.327666886013015,-0.590652455125299,4486,6,"FBLL1;NOP58;NOP56;FBL;SNU13;RRP9"
"GOCC_BOX_H_ACA_RNP_COMPLEX",0.786388670338316,1,0.45335575376517,0.739629504907461,3997,4,"GAR1;NHP2;NOP10"
"GOCC_BOX_H_ACA_TELOMERASE_RNP_COMPLEX",0.786388670338316,1,0.45335575376517,0.739629504907461,3997,4,"GAR1;NHP2;NOP10"
"GOCC_BRAHMA_COMPLEX",0.968926553672316,1,0.265815841439333,0.577910840982814,5144,14,"SMARCA2;SMARCD2;ACTL6A;SMARCD3;SMARCB1;SMARCE1;ARID1B;SMARCC2;SMARCD1;ACTB;DPF3;ARID1A;SMARCC1"
"GOCC_BRCA1_A_COMPLEX",0.923002701659591,1,0.322974553963147,0.614260728227628,4782,8,"ABRAXAS1;BABAM1;BABAM2;BARD1;UIMC1;BRCA1;BRCC3;MPND"
"GOCC_BRCA1_C_COMPLEX",0.610344117041006,1,-0.498391173190153,-0.898400121048088,2961,6,"RAD50;MRE11;BRCA1"
"GOCC_BRISC_COMPLEX",0.844838244384917,1,-0.3823937998099,-0.689303211046595,4099,6,"MPND;BRCC3;ABRAXAS2;BABAM2;SHMT2;BABAM1"
"GOCC_BRUSH_BORDER",0.567169414240617,1,0.303827959685716,0.947642777598077,3233,99,"TMPRSS15;CA4;CYBRD1;FOLR1;MME;AMN;ACTN3;ITPR3;EPS8;LCTL;SLC17A4;LIMA1;MYH14;SLC5A1;ITLN1;VCL;MYH9;SCIN;FLNB;B4GALT1;SLC26A4;CD36;AQP1;MYO7B;ACTN1;ACE2;ABCG2;NPPA;NHERF1;ESPN;SLC7A9;MYL6;PLEC;ADD3"
"GOCC_BRUSH_BORDER_MEMBRANE",0.92470799640611,1,0.26052862496478,0.737793725536076,5145,52,"CA4;CYBRD1;FOLR1;AMN;SLC17A4;LIMA1;SLC5A1;ITLN1;B4GALT1;SLC26A4;CD36;AQP1;ACE2;ABCG2;NHERF1;SLC7A9"
"GOCC_CAJAL_BODY",0.984659293613985,1,0.230225744651475,0.672297037386966,5519,63,"SCARNA13;TRIM22;CDK2;HSPB7;ISG20;U2AF1;ZC3H8;GAR1;SNRPC;WRAP53;SMNDC1;SNHG10;COIL;HABP4;PRPF31;PRPF3;SHQ1"
"GOCC_CALCINEURIN_COMPLEX",0.94521080240917,1,0.317675013708646,0.543341799130015,4864,5,"ITPR1;PPP3CB;PPP3CC;PPP3R1;PPP3CA"
"GOCC_CALCITONIN_FAMILY_RECEPTOR_COMPLEX",0.411093627065303,1,0.67335469774344,1.09854787897335,2089,4,"CALCR;CALCRL"
"GOCC_CALCIUM_AND_CALMODULIN_DEPENDENT_PROTEIN_KINASE_COMPLEX",0.811946446961895,1,-0.418876943373225,-0.724563913064187,3941,5,"CAMK2A;CAMK2B"
"GOCC_CALCIUM_CHANNEL_COMPLEX",0.178839590443686,1,-0.385489365682925,-1.16995148239942,785,68,"CACNA1F;TRPV5;CATSPERZ;RYR1;CACNA2D3;CACNB2;C2CD6;CATSPER4;CATSPER2;RYR3;CACNB1;CATSPERG;PDE4B;CACNG8;CACNG2;PKD1L1;CACNA2D4;CACNG7;AKAP6;FKBP1B;PDE4D;TRPV6;CACNA1A;CACNG4;MICU3;TMEM249;CALM3"
"GOCC_CALYX_OF_HELD",0.108241876479449,1,-0.570649185197141,-1.36120550116231,502,19,"PRKCG;NOS1;CPLX1;UNC13C;TSPOAP1;CPLX2;KCNA2;KCNC1;PRKCB;ADORA1;CALM3;TPRG1L;CALB1;KCNK2;ACTB;CALM2"
"GOCC_CAMP_DEPENDENT_PROTEIN_KINASE_COMPLEX",0.105162523900574,1,0.698502379707297,1.37072105163509,549,9,"PRKY;PRKAR1A"
"GOCC_CANONICAL_INFLAMMASOME_COMPLEX",0.843785417453721,1,0.341319565294308,0.728312948214212,4466,13,"CASP4;NLRP6;NLRC4"
"GOCC_CARBOXY_TERMINAL_DOMAIN_PROTEIN_KINASE_COMPLEX",0.861220657276995,1,0.312143379663497,0.733012086715285,4585,20,"GTF2H4;GTF2H2;CDK7;GTF2H5;GTF2H1;MNAT1;GTF2H2C;SNW1;GTF2H3;CCNK;RB1;CDK9;CCNT2;CDK13;CDK12;CCNT1;ERCC3;MMS19;CCNH;ERCC2"
"GOCC_CARDIAC_MYOFIBRIL",0.236642704488051,1,0.720328932773796,1.23202896485172,1217,5,"CRYAB;TNNT2;TNNI3;MYH7B"
"GOCC_CARGO_RECEPTOR_COMPLEX",0.71484593837535,1,0.35540031454592,0.827858044401114,3827,19,"COMMD4;COMMD10;LRP1;VPS26C;LMAN1;CCDC93;VPS29;COMMD9;COMMD6;COMMD8;COMMD3"
"GOCC_CASPASE_COMPLEX",0.219517403373906,1,-0.537355162509764,-1.2103811999412,1027,15,"CAPNS2"
"GOCC_CATALYTIC_STEP_1_SPLICEOSOME",0.878361531611754,1,0.268237276957462,0.791065114398514,4931,67,"MAGOH;SNRPB;SF3B6;EIF4A3;SNRPD2;PPIE;ISY1;SF3B4;CWC15;SF3A2;PHF5A;BUD31;SNRPB2;SNRPF;CRNKL1;SLU7;SF3B5;MAGOHB;PRPF19;SRRM2;RBM8A;CACTIN;PPIL4;SNRPG;PRKRIP1;CIR1;BUD13;SNIP1;FRG1;KIN;XAB2;FAM32A;SYF2;EFTUD2;SNW1;CWC22;CDC40;PSME3IP1;CWC25;CASC3;SF3B2;RBM22;PPIL2;SNRNP40;PPIL1;PPWD1;DHX8;BCAS2;SNRPA1;YJU2;SNRPD3;SF3A3;SNRNP200;RBMX2;PRPF8;CDC5L;DHX16;SF3B1;SRRM1;WDR70;PLRG1;DHX38;SNRPD1;SF3B3;SNRPE;AQR;SF3A1"
"GOCC_CATALYTIC_STEP_2_SPLICEOSOME",0.818563188253802,1,0.268640833700279,0.847843269751941,4682,108,"HNRNPA1L2;HNRNPA1L3;MAGOH;SNRPB;U2AF1;LSM7;SF3B6;EIF4A3;SNRPD2;PPIE;DDX23;ISY1;SNRPN;SF3B4;LSM2;CWC15;SF3A2;PHF5A;BUD31;HNRNPC;SNRPB2;SNRPF;CRNKL1;SLU7;SF3B5;MAGOHB;PRPF19;SRRM2;RBM8A;SCNM1;CACTIN;HNRNPF;ARMC7;HNRNPA1;SNRPG;RALY;RBM44;PRKRIP1;LSM3;BUD13;SNIP1;FRG1;HNRNPA2B1;HNRNPA3;DHX35;ZCCHC8;DDX41;RBM48;XAB2;FAM32A;SYF2;EFTUD2;SNW1;DDX5;CWC22;CDC40;PRP4K;ESS2;HNRNPM;WDR83;CASC3;SF3B2;RNF113A;RBM22;HNRNPK;PPIL2;SNRNP40;SNRPGP15;PPIL1;SRSF1;SART1;HNRNPR;PPWD1;GPKOW;DHX8;HNRNPH1;BCAS2;SNRPA1;SNRPD3;PABPC1;SF3A3;SNRNP200;RBMX2;SYNCRIP;TFIP11;PRPF6;PRPF8;RBMX;CDC5L;DHX16;HNRNPU;PNN;CWC27;CRIPT;PPIL3;SF3B1;ALYREF;SRRM1;NKAP;PLRG1;DHX38;SNRPD1;SF3B3;SNRPE;MTREX;GPATCH1;AQR;SF3A1"
"GOCC_CATENIN_COMPLEX",0.850027772634697,1,0.296704676244345,0.765276162342107,4590,31,"CDH19;CDH11;CDH9;CDH6;CDH15;CDH5"
"GOCC_CATSPER_COMPLEX",0.379339542760373,1,-0.526656363166244,-1.07628535768435,1791,10,"CATSPERZ;C2CD6;CATSPER4;CATSPER2;CATSPERG"
"GOCC_CAVEOLA",0.159196015652793,1,0.38893296967838,1.1782793994776,894,80,"TGFBR2;CAVIN2;TFPI;CAVIN3;LRRK2;FXYD1;PLVAP;CAVIN1;EHD2;MYOF;CAV1;DLC1;CDH15;GASK1A;SLC6A3;ATP1A2;CD36;SLC2A1;IRS1;CAV2;NOS3;ADRA1B;SMPD2"
"GOCC_CCAAT_BINDING_FACTOR_COMPLEX",0.264469618949537,1,-0.700811134743169,-1.21224733454957,1283,5,"ING2;CEBPZ"
"GOCC_CCR4_NOT_COMPLEX",0.899322544222808,1,0.306678834467103,0.686913272207042,4778,16,"ZFP36;CNOT2;CNOT3;PATL1;CNOT8;CNOT11;TNKS1BP1;CNOT10;TOB1;CNOT1;CNOT9;CNOT6L;CNOT6;CNOT4;CPEB3;CNOT7"
"GOCC_CCR4_NOT_CORE_COMPLEX",0.828559653822378,1,-0.390914793903463,-0.704663158286645,4020,6,"CNOT7;CNOT9;CNOT1"
"GOCC_CD40_RECEPTOR_COMPLEX",0.815984776403425,1,0.360550923996623,0.743817138951211,4287,11,"TRAF5;TRAF3;RNF31;BIRC2;TRAF2;DIABLO;IKBKB;HTRA2"
"GOCC_CD95_DEATH_INDUCING_SIGNALING_COMPLEX",0.835113614294038,1,0.39403776715787,0.70268639332829,4299,6,"FAS;CASP8;FADD"
"GOCC_CDC73_PAF1_COMPLEX",0.950116459627329,1,0.304171388878734,0.559908148970313,4894,7,"PEX2;PAF1;LEO1;SKIC8"
"GOCC_CELL_BODY",0.955604189463811,1,0.236150706303657,0.867353558320502,6112,534,"MYOT;ERMN;NPY;S100B;CX3CR1;S100A5;SLC6A2;TNN;ITGA4;ACTG2;CNR2;P2RY12;CRYAB;CD3E;GNAT1;LRRK2;P2RX7;ITGA1;ACTA2;ACTC1;PENK;SYNPO;MME;RLBP1;RIN3;LPAR1;SLC24A1;PIEZO2;TGFB1;GHR;RPE65;TANC1;NTSR1;INHA;SCN1A;SLC22A3;PLXND1;APOE;EPO;KLHL14;ITPR3;LRP4;LYPD6;KCNJ2;APOD;CIB1;FLRT1;TGFB2;CYBA;EPHA7;KREMEN1;SLC6A3;RAB38;ATP1A2;GFRA1;PLXDC1;FLNB;NPFF;CARTPT;RIT2;FLNA;PDE1C;EVX1;GRIK2;GRIN3B;ASS1;PDE1A;DDN;SYNDIG1;KCNN4;CRH;CASP8;SST;PTK7;CYP17A1"
"GOCC_CELL_BODY_FIBER",0.700892857142857,1,0.450945360275344,0.830084587801847,3610,7,"PENK;ASS1"
"GOCC_CELL_BODY_MEMBRANE",0.564154786150713,1,0.361019588963871,0.931160536698353,3046,31,"CX3CR1;SLC6A2;P2RY12;PIEZO2;FLRT1"
"GOCC_CELL_CELL_CONTACT_ZONE",0.108972094666196,1,0.419173500502383,1.24748113745898,616,71,"PECAM1;GJA5;FXYD1;AHNAK;VAMP5;GJA1;SCN1A;SCN4B;KCNJ2;PGM5;ATP1A2;VCL;DSP;SLC2A1;ITGB1;ACTN1;FHOD1;NRAP;CTNNA1;NECTIN2;DSG2"
"GOCC_CELL_CELL_JUNCTION",0.172056514913658,1,0.298159237361314,1.09134339016897,1095,505,"CLDN14;CLDN20;GJB3;S100A11;GJB2;TRPV4;HMCN1;CDH19;PECAM1;CD3E;LCP2;ANXA1;GJA5;P2RX7;PMP22;ITGB3;AQP7;FLRT2;TRIM29;FXYD1;TGFB1I1;CDC42EP1;CLDN16;AHNAK;GJA3;USP53;SYNPO;KRT8;CLDN5;FRMD6;GJB1;VAMP5;TMEM204;WWTR1;CDH11;ABCC2;ITGA5;FRMPD2;KIRREL1;JCAD;CCN3;KRT18;DSC3;CGNL1;LIMS2;ABCB4;TLN1;GJA1;SCN1A;SCN4B;CDH9;RAB13;GJA4;GJC3;GJA8;KRT80;SMAD7;CDH6;IGSF5;KCNJ2;CDH15;PGM5;GRHL2;FLRT1;CLMP;CDH5;LAMA1;ESAM;NIBAN2;CNN2;CCND1;ATP1A2;PDLIM3;EPHA2;CLDN1;PDLIM2;VCL;MYH9;PLXDC1;B4GALT1;C1QTNF5;ANXA2;NEXN;SKAP1;LYN;CLDN11;FLNA;PLPP3;DSP;SLC2A1;PDLIM7;JAG1;ITGB1;ACTN1;APOLD1;MYH2;CLDN4;HEG1;SGCA;NPHS1;WASF2;TRPC6;FBF1;PTK7;EHD4;FAT1;PKP1;ZYX;FHOD1;CLDN9;CDH12;AJUBA;FERMT2;LLGL2;SNAP23;CLDN3;CDK4;NRAP;MAP3K1;WTIP;OCEL1;WNK4;CDCA3;FAT2;BAIAP2L1;CTNNA1;FZD4;PARD6G;NECTIN2;VASP;DSG2;YAP1;PRICKLE4;SYNM;CTNND1;ADD3;NPHP1;IQGAP1;ARHGAP24;CLDN19;MICALL2;MXRA8;STEAP1"
"GOCC_CELL_CORTEX",0.997563748578853,1,0.21902853710257,0.773100709172711,6141,315,"ERMN;INSC;OR2C1;POTEF;OSR1;TRPV4;HMCN1;EXOC3L4;EXOC3L2;MYL9;CLDN5;KRT19;SLC38A8;FAM110C;PIEZO2;PHLDB2;ACTN3;CAV1;GYPC;DLC1;EPS8;GSN;KIAA1614;TMC2;PLEKHH2;SLC4A1;NEDD9;VCL;MYH9;SCIN;FLNB;SEPTIN1;GMFG;BFSP2;FLNA;FGFR2;TPM4;SLC2A1;EPB41L2;CD302;ACTN1;MYZAP;ITPR2;CTSZ;RAPGEF3;SPINK5;TRIP10;COBLL1;NEDD4;AGTRAP;DENND2B;MYO5B;PIEZO1;CYTIP;FERMT2;LLGL2"
"GOCC_CELL_CORTEX_REGION",0.626654240447344,1,0.354680235015125,0.895582019951708,3361,28,"INSC;PHLDB2;MYO5B;GUCY1B1;PKD2"
"GOCC_CELL_DIVISION_SITE",0.998931052912881,1,0.202171311342847,0.593323226474686,5606,65,"HMCN1;ICAM2;LIMA1;RHOC;MYH9;SEPTIN1;ITGB1;PLCD3;SVIL;RHOB;NDE1"
"GOCC_CELL_LEADING_EDGE",1,1,0.19654902376146,0.71163494906575,6260,429,"S100B;S100A11;FAP;ACTG2;TRPV4;FGD2;PLEK2;PLEK;GPER1;ARHGAP31;ITGB3;CSPG4;ACTA2;ACTC1;PEAR1;AIF1;LAYN;CLRN1;ITGA5;PHLDB2;PKHD1L1;TLR4;JCAD;RAB34;TLN1;RAB13;PLXND1;DLC1;TNFRSF12A;EPS8;GSN;CIB1;ITGAV;PLEKHH2;WIPF1;GABRE;LIMA1;NEDD9;EPHA2;TPM1;ARAP3;MYH9;EGFR;ARAP1;PDLIM7;ITGB1;ACTN1;VIM;SH3YL1;DDN;P4HB;WASF2;KCNN4;RAPGEF3;CASP8"
"GOCC_CELL_POLE",0.451126221844454,1,-0.472580431550891,-1.01164401006433,2122,12,"SLC32A1;RAB8B;PKP2;DES;GNB5;VANGL2"
"GOCC_CELL_PROJECTION_MEMBRANE",1,1,0.185746405292695,0.65942831200338,6148,340,"DHRS3;FAP;CYS1;TRPV4;P2RY12;FGD2;PLEK2;PLEK;GNAT1;GPER1;CA4;ITGB3;CSPG4;AIF1;SLC38A4;CYBRD1;FOLR1;AMN;ITGA5;PKHD1L1;SLC7A8;JCAD;RAB34;TLN1;PLXND1;DLC1;GPR157;EPS8;CIB1;ITGAV;SYTL1;SLC17A4;GABRE;LIMA1;SLC5A1;ITLN1;EPHA2;TPM1;B4GALT1;SLC26A4;EGFR;CD36;HHIP;AQP1;DRD1;ITGB1;EVC2;SH3YL1;DDN;KCNN4;ACE2;CNGA1;PRCD"
"GOCC_CELL_TIP",0.378248113998324,1,-0.544445102096038,-1.08555684779123,1804,9,"SLC32A1;RAB8B;PKP2;DES;GNB5"
"GOCC_CELL_TRAILING_EDGE",0.607828377869778,1,0.398969778579441,0.89363074759279,3229,16,"ICAM2;BST1;MYH9;SPN;PIP5K1B;ICAM5"
"GOCC_CENTRAL_ELEMENT",0.816469217323752,1,0.405722804639436,0.723524286363396,4203,6,"SYCE3;SYCE1;SYCE2"
"GOCC_CENTRIOLAR_SATELLITE",1,1,0.159610219550909,0.49275770460718,5663,91,"MYOF;KRT18;TLN1;ZMYND10;TMEM63A;GPRC5C;PTPN20;PAX2;CENPU;CCDC61;KATNA1;BBS5;MAP3K11;CEP63;TTC8;BBS4;TACC3;WDR90;CFAP53;MDM1;NEK6;CCDC15;SPAG5;TEX9;PIK3R5;KIRREL2;DZIP1;CHD3;CCDC66;CCDC18;PIBF1;RASSF7;PLK1;G6PD"
"GOCC_CENTRIOLAR_SUBDISTAL_APPENDAGE",0.141828958509738,1,-0.653616046361318,-1.33574267671796,669,10,"CCDC68"
"GOCC_CENTRIOLE",1,1,-0.164295808870067,-0.564517822444492,4131,171,"CCDC68;SAXO1;C10orf90;DEUP1;CIBAR2;CAPG;PLA2G3"
"GOCC_CENTROSOME",1,1,-0.0801789690590722,-0.308172473934198,3443,626,"LCK;SAXO1;ODF1;KHDC3L;HEPACAM2;C10orf90;SPATC1;NR0B1;MTUS1;CCDC141;CCDC178;CCDC187;CADPS2;ALDOB;CABCOCO1;USP50;BIRC7;DYSF;PLK5;RASSF10;PRKCQ;BRCA2;SNCG;CLIC5;TTC39A;BICDL1;UBXN2B;RAP1GAP2;USH1G;TTC23L;ASAP1;CEP85L;PAK1;KIF25;CCSAP;PDE4B;FAM161A;ZNF365;STX1B;CRMP1;DTL;SNX10;BRSK2;CAMK2B;RAB11FIP4;HAP1;XRCC2;USP9X;CCDC112;CEP68;MLLT11;PARD6A;PDE4D;ZNF766;CCDC13;KATNAL1;SSX2IP;PDE4DIP;TTLL12;CAMSAP3;MAP7D2;CCDC88C;BRSK1;GSK3B;DYNLL2;TPGS2;ARL3;POC5;FRY;CCDC88A;LRRC49;DDX3X;MECP2;IFT57;KIAA0753;CENATAC;PLEKHA7;PRKAR2B;HYLS1;APC;RGS14;ITSN2;SPAST;MAP1S;KIF15;FNIP2;CLASP2;FBXW11;CALM3;FSD1;PCM1;SLC1A4;CEP126;NEIL1;CDC25B;PRKACB;MAP7D1;KIF13A;MIB1;FEZ1;PLK3;DYNC1LI1;TRIM69;DTX4;CKAP5;TAPT1;CYLD;KIF3A;KIF2A;FAM184A;AKAP11;PATJ;CENPF;BICD1;ECT2;KIF3B;PRKAR2A;TRAF3IP1;PPP4R3A;RAB3IP;HAUS6;FAM110A;STIL;FBXL13;AUNIP;USP2;CEP250;CEP41;CFAP263;RAD18;TP53;STOX1;TNKS;ERC1;PROSER3;EYS;ERCC6L2;CEP85;CCDC92;HDAC6;DYNC1H1;ECPAS;MCPH1;DCTN1;PPP1R35;TUBGCP3;CEP97;ALMS1;TACC2;PPP4R2;WDR62;CLIP1;MAGI2;KMT2E;SLMAP;ASPM;CEP120;CEP20;KIFAP3;CHD4;TBC1D31;NUDT21;OFD1;TTLL5;IFT140;MMS19;BIRC6;IFT81;PPP2R3C;B9D2;TUBE1;MZT1;CDIP1;CEP104;ARHGEF7;RPGR;HAUS2;HOOK3;KIZ;CETN2;PDCD6IP;VPS4A;TTC19;AHI1;CLASP1;DCAF1;NPHP4;CAMSAP2;CDC42;MAP10;CEP295;SPAG9;CSNK1A1;LATS1;ORC2;CALM2;TUBGCP4;CROCC;PAFAH1B1"
"GOCC_CEREBELLAR_CLIMBING_FIBER_TO_PURKINJE_CELL_SYNAPSE",0.315487571701721,1,0.581156922502856,1.14044568940759,1649,9,"PLXNA4;ITGB1;GRN;C1QL1"
"GOCC_CEREBELLAR_MOSSY_FIBER",0.782780082987552,1,-0.39125791918794,-0.755881411844231,3772,8,"BIN1;CACNG2;CACNG7;SLC17A7;DLG4"
"GOCC_CHAPERONIN_CONTAINING_T_COMPLEX",0.240262489415749,1,-0.591797430652088,-1.209408931275,1134,10,"CCT8L1P"
"GOCC_CHECKPOINT_CLAMP_COMPLEX",0.804546337672431,1,0.425942995243926,0.728520101914341,4140,5,"HUS1B;RAD9B;RAD9A"
"GOCC_CHITOSOME",0.344431903686983,1,0.446565819784911,1.08217377989202,1830,23,"TYRP1;BACE2;RAB32;MLANA;OCA2;RAB38;GPNMB;RAB27A"
"GOCC_CHLORIDE_CHANNEL_COMPLEX",0.421005183682668,1,-0.348622098769039,-1.01331136370043,1867,52,"CLIC3;GABRG1;CLCN1;BEST4;GABRP;GABRA1;GABRR1;GABRR2;GABRG3;CLIC5;GABRA5;GABRB2;GABRQ;GABRG2;BEST2;GLRA2;GABRB3;SLC17A7"
"GOCC_CHOLINERGIC_SYNAPSE",0.751983377408387,1,0.373859132103453,0.797746377311507,3980,13,"CHRM1;PLD1;CHRNA9;GPR151;CHRNA10"
"GOCC_CHROMAFFIN_GRANULE",0.919650468883205,1,-0.29177781917534,-0.646426128619305,4314,14,"SLC17A9;CHGA;SYT1;DBH;SYT2"
"GOCC_CHROMAFFIN_GRANULE_MEMBRANE",0.302179379715004,1,-0.580655249931411,-1.15775544741292,1441,9,"SLC17A9;SYT1;DBH;SYT2"
"GOCC_CHROMATIN_SILENCING_COMPLEX",0.881400602409639,1,0.306524760441811,0.704719177293196,4681,18,"EED;L3MBTL1;RRP8;CBX3;TASOR2;PPHLN1;EZH2;RB1;YY1;SIRT2;TASOR;SUV39H1;MPHOSPH8;SUZ12;SIRT1;BAZ2A;BAHD1;SMARCA5"
"GOCC_CHROMATOID_BODY",0.531922931620703,1,0.446179348879101,0.952064370333518,2815,13,"MAEL;TDRD7"
"GOCC_CHROMOCENTER",0.994458653026428,1,-0.20353982300885,-0.450937155467606,4665,14,"SALL1;ESCO2;FMR1;CBX5;OIP5;MBD5;TINF2;MBD6;INCENP;CBX1;CDCA8;PIWIL2;SOX30;AURKB"
"GOCC_CHROMOSOMAL_REGION",1,1,0.073326138821968,0.26395618609907,6209,400,"H4C12;SNAI1;H2BC3;SMC1B;CHMP4C;PKHD1;PLK2;EID3;H3-5;RPA4;H4C14;H4C9;CENPW;NABP1;H2AC4;STAG3;H2AC8;CENPQ;CDK2;AURKC;CENPK;AURKB;CENPA;SYCP2L;NDC80;TERT;HJURP;CENPU;SMARCD2;NDE1;H4C5;RAD51;ZWINT;CDT1;CHMP4A;CDK1;DNA2;NCAPD3;SEC13;GAR1;KNL1;TRIOBP;ANAPC16;SEPTIN2;CDC20;SIRT6;CENPM;WRAP53;DAPK3;SPDL1;SMC5;NUP37;RPA2;ITGB3BP;PPP2R5A;ACTL6A;ZSCAN4;PMF1;MIS18A;CHMP2A;CENPB;IKZF1;SEPTIN7;NEK2;SPAG5;LUZP1;H2AX;CCNB1;CDCA8;RAD51AP1;PCNA;CDCA5;DCTN2;NSMCE2;SUN1;PIF1;BUB3;NUF2;DNMT1;KIF22;CFDP1;AURKA"
"GOCC_CHROMOSOME_CENTROMERIC_CORE_DOMAIN",0.632252559726962,1,-0.380160850068147,-0.87206616362205,2963,16,"H4C6;H3-7;H4C3"
"GOCC_CHROMOSOME_CENTROMERIC_REGION",1,1,0.113990858377088,0.395239728761511,6051,262,"H4C12;SNAI1;SMC1B;CHMP4C;PKHD1;PLK2;H3-5;H4C14;H4C9;CENPW;H2AC4;STAG3;H2AC8;CENPQ;AURKC;CENPK;AURKB;CENPA;SYCP2L;NDC80;HJURP;CENPU;SMARCD2;NDE1;H4C5;ZWINT;CDT1;CHMP4A;NCAPD3;SEC13;KNL1;ANAPC16;SEPTIN2;CDC20;SIRT6;CENPM;DAPK3;SPDL1;SMC5;NUP37;ITGB3BP;PPP2R5A;ACTL6A;PMF1;MIS18A;CHMP2A;CENPB;IKZF1;SEPTIN7;NEK2;SPAG5;LUZP1;CCNB1;CDCA8;CDCA5;DCTN2;BUB3;NUF2;DNMT1;KIF22;CFDP1;AURKA"
"GOCC_CHROMOSOME_PASSENGER_COMPLEX",0.355991454651389,1,0.629146648064163,1.12195537039897,1832,6,"AURKC;AURKB;CDCA8;AURKA;BIRC5"
"GOCC_CHROMOSOME_TELOMERIC_REGION",1,1,-0.117689960654324,-0.403120021211543,4170,165,"H4C6;NLRP2;TERB1;H4C3;SPDYA;BRCA2;RAD50;NSMCE1;MCM4;H4C16;ATR;ATRX;TERF1;ORC4;H4C15;MRE11;GATAD2B;TERF2;ORC1;DMC1;NAT10;BLM;TERF2IP;RIF1;POLR2B;PPP1CC;ZBTB10;THOC5;PPP1CB;RBBP7;CBX5;THOC7;EME2;TP53BP1;MCM2;TNKS;WDR82;KDM1A;PTGES3;XRCC3;CHD4;PRKDC;ALYREF;SIRT1;CDC73;ORC3;ORC5;DHX36;ERCC4;SMG6;ORC2;XRCC5;MSH2;PURA;SETX;CHEK1;THOC3;THOC2;TEP1"
"GOCC_CHROMOSOME_TELOMERIC_REPEAT_REGION",0.410634208840487,1,-0.456476859626651,-1.0282045240242,1922,15,"TERB1;TERF1;TERF2;TERF2IP;RIF1"
"GOCC_CILIARY_BASAL_BODY",1,1,-0.105369119200562,-0.371985561506983,3999,223,"KNCN;SAXO1;TTLL2;CIBAR2;CCDC178;CIMIP2A;CADPS2"
"GOCC_CILIARY_BASE",0.999776835527784,1,-0.185170493221972,-0.529017648772793,4479,47,"KCNJ10;KCNQ1;USH1G;GLI3;TTBK2;PRKAR1B;IFT57;PRKAR2B;MOK;CLCN4;CEP126;PRKACB;PRKAR2A;TRAF3IP1;CILK1;CIBAR1;MAGI2;CFAP36;CPLANE2;NPHP4;GLI2;NEK8"
"GOCC_CILIARY_MEMBRANE",0.820341328413284,1,-0.272778017670683,-0.834871308520379,3556,73,"TAS2R43;GUCY2D;PDE6A;SCNN1A;GNAT2;SSTR3;TSPEAR;PTCH1;CDHR1;CNGB1;CASK;CNGA4;GPR37L1;SHANK3;PKD1L1;EPS15;ROM1;FFAR4"
"GOCC_CILIARY_ROOTLET",0.865580016934801,1,-0.335509653545991,-0.685654162236552,4088,10,"KIF5C;KIF5A;KLC3;ODAD3;CROCC;RAB28"
"GOCC_CILIARY_TIP",0.987441693577323,1,0.226370203840682,0.639331700278911,5503,51,"RP1;DYNLRB2;CFAP221;GLI1;IFT43;IFT25;SUFU;SMO;SPEF1;IFT56;IFT80;KIF7;DYNC2I2;TTC21B;IFT46;IFT20;IFT88"
"GOCC_CILIARY_TRANSITION_FIBER",0.881705905055963,1,0.349868698526258,0.665410320731688,4568,8,"FBF1;CEP164;DZIP1;SCLT1;CEP83"
"GOCC_CILIARY_TRANSITION_ZONE",1,1,0.159347469777917,0.48452122969223,5631,82,"RP1;GNAT1;TSGA10IP;SMAD3;CC2D2B;CETN3;TCTN3;TMEM67;RP1L1;CC2D2A;MAK;NPHP1;B9D1;ARL13B;TTC8;BBS4;TMEM80;SEPTIN2;TMEM231;ROPN1L"
"GOCC_CILIUM",0.998511683286203,1,0.221640536632944,0.834709452135442,6708,789,"HOATZ;CFAP107;PCDH11Y;RP1;ADGB;STOML3;STRCP1;ATP1A4;TBX3;CCDC63;CD52;CFAP99;DHRS3;CYS1;PRPH2;CIMIP1;TRPV4;GUCY2F;TSSK1B;IQUB;PDGFRA;CFAP161;ROPN1B;GNAT1;ANXA1;SMAD6;SPAG6;SPACA5B;CFAP74;TULP1;ABCA4;DNAI2;ACTA2;DNAJB13;SLC24A4;DYNLRB2;TEKT1;CCDC81;CFAP52;PKHD1;CNGB3;DAW1;DNAI3;CFAP126;CFAP47;DRC1;CLXN;CFAP96;DRC7;TTC29;CIMAP3;IRGC;RAB34;DCDC2;CCDC170;HVCN1;INHA;ALPK1;DNAI7;CAV1;GARIN2;ERICH3;CFAP77;SPAG8;SMAD7;CALCR;CBY3;SAG;GPR157;KIF12;TEKT4;CIMIP5;TSGA10IP;RSPH1;RIBC2;CCDC17;CFAP45;TEKT3;FANK1;NEDD9;NPY5R;CFAP73;MORN5;CATSPERE;CFAP100;RGS9BP;CFAP221;NOTCH2;PCARE;CFAP58;TTC23;CFAP46;CERKL;FHDC1;SMAD3;C1orf115;CFAP43;GLI1;CIMIP2B;HHIP;DLEC1;KIF19;DRD1;CC2D2B;CEP295NL;CFAP70;MNS1;TEKTIP1;RAB27A;EVC2;OPN3;SPAG17;SLC9B1;DNAH9;ACE2;CNGA1;CFAP69;PRCD;CCDC39;FBF1;VCAN;CFAP141;PCDH15;DNAH7;TUBA1C"
"GOCC_CIS_GOLGI_NETWORK",0.991162955107812,1,0.221658344715177,0.658730889019554,5607,70,"GOLGA8Q;GOLGA8O;GOLGA8R;KDELR3;COPZ2;GOLGA8K;GOLGA8N;TRAPPC3L;BOK;RAB43;GOLIM4;TMEM165;B3GAT3;KDELR1;MAN2A1;TMED5;RAB30;TMED10;SLC35C2;GOLGA2;ANGEL1;MAP6D1;BET1;SCYL1;RAB29;IFT20;GOSR1;GORASP1;BLZF1"
"GOCC_CIS_GOLGI_NETWORK_MEMBRANE",0.77964501510574,1,0.367261630682144,0.773765906871112,4128,12,"TRAPPC3L;BOK;RAB43;TMEM165;RAB30"
"GOCC_CKM_COMPLEX",0.965805323489411,1,0.294681045512703,0.504013606764908,4970,5,"CDK19;MED13;MED12;CCNC;CDK8"
"GOCC_CLATHRIN_ADAPTOR_COMPLEX",0.24218244554669,1,-0.445566968258688,-1.15461942490478,1122,28,"AP1M2;BTBD8;AP1S2;SGIP1;AP1S3;EPS15;STON2;AP2B1;AP1G2"
"GOCC_CLATHRIN_COAT",0.678934296680966,1,-0.305916493317482,-0.883821912579324,3006,50,"AP1M2;KCNQ5;BTBD8;NCALD;AP1S2;SGIP1;MYCBPAP;AP1S3;EPS15;STON2;AP2B1;AP1G2"
"GOCC_CLATHRIN_COAT_OF_COATED_PIT",0.595948827292111,1,-0.380095861374343,-0.896157512422327,2794,18,"BTBD8;SGIP1;EPS15;STON2;AP2B1;AP2A2;SYNJ1;SLC18A3;CLTB;CLTC;AP2A1;EPS15L1;AP2M1"
"GOCC_CLATHRIN_COATED_ENDOCYTIC_VESICLE",0.977991746905089,1,-0.22889650844661,-0.714699003172043,4265,81,"FCGR1A;HLA-DQB1;HLA-DRA;EREG;SFTA3;FZD5;CD207;CPNE6;ADRB2;MYO1E;SYT9;APOB;SH3GL2;LRP2"
"GOCC_CLATHRIN_COATED_ENDOCYTIC_VESICLE_MEMBRANE",0.986776105791154,1,-0.225413163586547,-0.680199878860433,4327,66,"FCGR1A;HLA-DQB1;HLA-DRA;EREG;FZD5;CD207"
"GOCC_CLATHRIN_COATED_PIT",0.950319375443577,1,0.245984560996323,0.742961193153514,5355,78,"CEMIP;DAB2;SPHK1;GAS7;AMN;LRP10;VLDLR;NECAP2"
"GOCC_CLATHRIN_COATED_VESICLE",0.998008959681434,1,-0.211783988065054,-0.744487075585599,4009,212,"FCGR1A;AP1M2;HLA-DQB1;HLA-DRA;EREG;SFTA3;FZD5;CD207;MLC1;PHETA2;ARC;CPNE6;MALL;SLC32A1;RAB8B;ADRB2;MYO1E;STEAP2;FCHO1;ADCY8;CLVS2;DENND1C;SYT9;APOB;RAB27B;CRACR2A;SH3GL2;LRP2;GAD2;SYT1;DENND1B;BTBD8;OCRL;NCALD;AP1S2;ATP6V1A;SGIP1;MYO6;MYCBPAP;DENND1A;AP1S3;EPS15;EGF;HLA-DRB1;SLC17A7;SNAP91;ATP6V1C1;ASTN1;SYT2;STON2;AAK1;ATP6V1G2;ATP6V1B2;AP2B1;AP3B2;VAMP2;DNAJC6;RAB3A;AP1G2;CLVS1;SFTPD;VWF"
"GOCC_CLATHRIN_COATED_VESICLE_MEMBRANE",0.996709753231492,1,-0.210728444060698,-0.702438485251108,4240,132,"FCGR1A;AP1M2;HLA-DQB1;HLA-DRA;EREG;FZD5;CD207;ARC;SLC32A1;ADRB2;ADCY8;SYT9;APOB;SH3GL2;LRP2;GAD2;SYT1;BTBD8;NCALD;AP1S2;ATP6V1A;SGIP1;MYO6;MYCBPAP;DENND1A;AP1S3;EPS15;EGF;HLA-DRB1;SLC17A7;ATP6V1C1;SYT2;STON2;ATP6V1G2;ATP6V1B2;AP2B1;AP3B2;VAMP2;RAB3A"
"GOCC_CLATHRIN_COMPLEX",0.639135468930915,1,0.464144663454694,0.882750159349023,3311,8,"SCN10A;CLTA;SCLT1;VPS41"
"GOCC_CLATHRIN_SCULPTED_GAMMA_AMINOBUTYRIC_ACID_TRANSPORT_VESICLE",0.212240663900415,1,-0.650267396775515,-1.2562685989107,1022,8,"SLC32A1;GAD2;SYT1;VAMP2;RAB3A"
"GOCC_CLATHRIN_SCULPTED_MONOAMINE_TRANSPORT_VESICLE",0.993202883625129,1,-0.245603019146146,-0.424838577124427,4821,5,"SYT1;VAMP2;RAB3A"
"GOCC_CLATHRIN_SCULPTED_VESICLE",0.629834254143646,1,-0.410544558514619,-0.878844987556561,2963,12,"SLC32A1;GAD2;SYT1;SLC17A7;VAMP2;RAB3A"
"GOCC_CLATHRIN_VESICLE_COAT",0.350869565217391,1,-0.384597133681529,-1.05968524563342,1613,38,"AP1M2;BTBD8;NCALD;AP1S2;SGIP1;MYCBPAP;AP1S3;EPS15;STON2;AP2B1;AP1G2;NECAP1;CLTCL1;AP2A2"
"GOCC_CLEAVAGE_FURROW",0.985966174883051,1,0.225887787297892,0.640646098518864,5479,53,"HMCN1;ICAM2;LIMA1;RHOC;MYH9;ITGB1;PLCD3;SVIL;RHOB;NDE1"
"GOCC_CLOCK_BMAL_TRANSCRIPTION_COMPLEX",0.0906282183316169,1,-0.797517286565841,-1.37952746034915,439,5,"PASD1"
"GOCC_CLUSTER_OF_ACTIN_BASED_CELL_PROJECTIONS",0.737399624124381,1,0.270166842945192,0.894693008704917,4315,161,"TMC1;TMPRSS15;STRCP1;CA4;CYBRD1;FOLR1;MME;CLRN1;AMN;PIEZO2;PKHD1L1;ACTN3;DCDC2;MYO3B;ITPR3;EPS8;LCTL;TMC2;LOXHD1;SLC17A4;LIMA1;MYH14;RHOC;SLC5A1;ITLN1;VCL;MYH9;SCIN;FLNB;B4GALT1;SLC26A4;CD36;AQP1;MYO7B;ACTN1;ACE2;PCDH15;ABCG2;NPPA;PIEZO1;NHERF1;ESPNL"
"GOCC_CMG_COMPLEX",0.961659995786813,1,-0.268273063000475,-0.563979639404923,4564,11,"MCM4;MCM2;GINS1;MCM6;GINS3;MCM7;MCM3;MCM5;GINS2;GINS4;CDC45"
"GOCC_COATED_VESICLE",1,1,-0.172163371584995,-0.627828822455954,3845,310,"SLC28A2;FCGR1A;AP1M2;HLA-DQB1;HLA-DRA;EREG;HLA-H;SFTA3;FZD5;CD207;MLC1;PHETA2;ARC;CPNE6;MALL;SLC32A1;RAB8B;ADRB2;MYO1E;COL7A1;STEAP2;FCHO1;ADCY8;HLA-F;CLVS2;GRIA1;PACSIN1;DENND1C;SERPINA1;SYT9;APOB;RAB27B;CRACR2A;SH3GL2;LRP2;GAD2;VMA21;CNIH2;SYT1;DENND1B;BTBD8;OCRL;NCALD;AP1S2;ATP6V1A;SGIP1;MYO6;MYCBPAP;VMA12;DENND1A;AP1S3;EPS15;EGF;HLA-DRB1;SLC17A7;SNAP91;ATP6V1C1;ASTN1"
"GOCC_COATED_VESICLE_MEMBRANE",0.998827863362358,1,0.211053897714457,0.711847313811773,5964,198,"EPGN;IL7R;CRYZL2P-SEC16B;CEMIP;AREG;DAB2;RASSF9;TYRP1;SEC16B;FOLR1;WNT5A;HLA-DRB5;KDELR3;APOE;LDLRAP1;ROR2;HLA-E;COPZ2;B2M;SLC18A2;CD4;SEC24D;TGFA;EGFR"
"GOCC_COHESIN_COMPLEX",0.505287009063444,1,0.46140117476925,0.972103995082772,2675,12,"SMC1B;RAD21L1;STAG3"
"GOCC_COLLAGEN_TYPE_IV_TRIMER",0.13517187803457,1,0.744375393059494,1.32744245305233,695,6,"COL4A4;COL4A1;COL4A2;COL4A5;COL4A6"
"GOCC_COMMITMENT_COMPLEX",0.947347969691082,1,0.314494607932736,0.537902128643903,4875,5,"SNRPC;U2AF2;PRPF39;SNRPD3"
"GOCC_COMPLEMENT_COMPONENT_C1_COMPLEX",0.462283178701089,1,-0.672673798889729,-1.04621121332736,2291,3,"C1QA"
"GOCC_CONDENSED_CHROMOSOME",0.98807409286983,1,-0.227346484629887,-0.822183760251559,3893,281,"DNMT3L;FAM9C;H3-7;RNF212B;TEX11"
"GOCC_CONDENSED_CHROMOSOME_CENTROMERIC_REGION",1,1,-0.0785677485832045,-0.272499532072769,4082,186,"H3-7;REC8;TEX14;PLK5;ERCC6L;CENPI;SEPTIN6;DYNC1I1;PHF6;DYNLT3;ATRX;CENPV;NUP107;MEAF6;ACTL6B;RASSF2;GPATCH11;APC;CLASP2;SUGT1;FBXW11;SEH1L;KNTC1;CENPE;PLK3;DYNC1LI1;CKAP5;PPP1CC;SKA2;ARID2;CENPF;FBXO28;CBX5;TP53BP1;PBRM1;DCTN1;NUP160;SYCP2;CLIP1;NUP133;SMARCC1;SS18L1;SMC1A;CENPT;ACTB;CLASP1;CSNK1A1;ORC2;SMARCA4;PAFAH1B1;NUDCD2;DYNC1LI2;DCTN4;SGO1;HNRNPU;DCTN3;SGO2;KAT2B;BRD7;CHAMP1;SKA1;CHMP1B;SKA3;MTCL1;WAPL;PPP1R12A;KANSL1;CENPC;MTBP;NUP43;NDEL1;KMT5C;CHMP1A;ZWILCH;DCTN5;CENPO;SIN3A;HSF1;SMARCD1;CHMP3;TTK;KMT5B;LRWD1;MIS12;TPR;RANGAP1;SMARCC2;SPC24;GTF2B;KIF18A;PHF10;BUB1B;CEBPB;PRP4K;TRAPPC12;CENPN;MCRS1;INCENP;AHCTF1;SMARCE1;CHMP7;CENPS;XPO1;KAT8;NUP85;CENPH;CHMP4B;SMARCB1;SPC25;PSEN2;CBX3;CHMP2B;H3-3B;KIF2C;ZNF207;PHF2;KNSTRN;NUP98;H3-3A;ZNF276;SUMO3;ZW10;DCTN6;CENPX;SPOUT1;BOD1;BUB1;NSL1;PINX1;NCAPG;CENPP;DSN1;KAT5;CENPL;PSEN1;CHMP5;CHMP6;MAD2L1;NCAPD2;BIRC5;DYNLL1;PLK1;MAD1L1;FIRRM;AURKA;CFDP1;KIF22;NUF2;BUB3;DCTN2;CCNB1;SPAG5;NEK2;SEPTIN7;CENPB;CHMP2A;PMF1;ACTL6A;ITGB3BP;NUP37;SPDL1;CENPM;CDC20;SEPTIN2;ANAPC16;KNL1;SEC13;NCAPD3;CHMP4A;CDT1;ZWINT;NDE1;SMARCD2;CENPU;HJURP;NDC80;SYCP2L;CENPA;AURKB;CENPK;AURKC;CENPQ;CENPW;H3-5;PLK2;CHMP4C"
"GOCC_CONDENSIN_COMPLEX",0.461018911617136,1,0.537754178007521,1.02274705216573,2388,8,"NCAPD3;NCAPD2;NCAPG2;NCAPG;NCAPH;NCAPH2;SMC2;SMC4"
"GOCC_CONE_PHOTORECEPTOR_OUTER_SEGMENT",0.692481977342945,1,-0.482430454582382,-0.834497346974025,3361,5,"GUCA1B;RD3;GUCA1A"
"GOCC_CONNEXIN_COMPLEX",0.142830259691381,1,0.580264199591614,1.29970227902647,758,16,"GJB3;GJB2;GJA5;GJA3;GJB1;GJA1;GJA4;GJC3;GJA8"
"GOCC_CONTRACTILE_RING",0.769362511893435,1,0.378722757399646,0.781305660632162,4042,11,"MYH9;RTKN;DAG1;PRC1;ALKBH4"
"GOCC_COP9_SIGNALOSOME",0.587527757216876,1,0.352030698000244,0.923220318795744,3174,34,"HSPA7;TESPA1;MYH9;EPB41L2;HSPA6;HSPA5;HSPA1A;AMOTL1;DOCK7"
"GOCC_COPI_COATED_VESICLE",0.599663425579656,1,0.367088568073539,0.906637400944243,3206,25,"KDELR3;COPZ2;TMED3;DIPK2A;KDELR1;TMED10;USE1;COPB1;COPB2;SCYL1;COPG1;BNIP1;COPA;TMED7;KDELR2"
"GOCC_COPI_COATED_VESICLE_MEMBRANE",0.328501506024096,1,0.479724627190067,1.10291626723201,1744,18,"KDELR3;COPZ2;TMED3;DIPK2A;KDELR1;COPB1;COPB2;SCYL1;COPG1;COPA;TMED7;KDELR2;TMED2;ARCN1"
"GOCC_COPI_VESICLE_COAT",0.282584057423498,1,0.541433606085591,1.1553193722441,1495,13,"COPZ2;TMED3;DIPK2A;COPB1;COPB2;SCYL1;COPG1;COPA;TMED7;ARCN1;COPE;COPZ1"
"GOCC_COPII_COATED_ER_TO_GOLGI_TRANSPORT_VESICLE",0.832014072119613,1,0.270322096491952,0.831472051365199,4729,88,"CRYZL2P-SEC16B;AREG;SEC16B;F5;FOLR1;HLA-DRB5;CTSC;HLA-E;B2M;SEC24D;TGFA;TMED1;TMED9;CTSZ;PCSK9;SEC31B;SURF4;TMED3;STX5;LMAN2L;ERGIC3;SEC13;TMED5;TEX261;LMAN2;TMED10;CNIH3;CD74;HLA-B;CNIH1;GOLGA2;PDCD6;YIPF5;YIF1A;LMAN1;HLA-A"
"GOCC_COPII_VESICLE_COAT",0.494354535190064,1,0.43601302289347,0.976601899511798,2626,16,"SEC24D;SEC31B;SEC13;PDCD6;SEC23A;TMED7;SEC31A;PEF1;SAR1A"
"GOCC_CORE_MEDIATOR_COMPLEX",0.851438385573207,1,-0.294175751810931,-0.751595738237371,3965,26,"MED14;MED7;MED31;MED16;MED1;MED10;MED29;MED17;MED24;MED8;MED30;MED19;MED18;MED23;MED26;MED6;MED15;MED22;MED27;MED20;MED28;MED4;MED25;MED9;MED21;MED11"
"GOCC_CORNIFIED_ENVELOPE",0.741621621621622,1,-0.307306906385867,-0.837857725113934,3429,36,"HRNR;PKP3;KRT77;DSC1;DSG3;SCEL;LORICRIN"
"GOCC_CORTICAL_ACTIN_CYTOSKELETON",0.612186889323148,1,0.308133883513014,0.92568080307466,3445,75,"TRPV4;CLDN5;KRT19;PIEZO2;ACTN3;DLC1;GSN;TMC2;PLEKHH2;VCL;MYH9;GMFG;SLC2A1;EPB41L2;ACTN1;MYZAP;RAPGEF3;PIEZO1;LLGL2"
"GOCC_CORTICAL_CYTOSKELETON",0.716587843755474,1,0.28346312987338,0.890732315166863,4090,104,"TRPV4;CLDN5;KRT19;PIEZO2;ACTN3;GYPC;DLC1;GSN;TMC2;PLEKHH2;SLC4A1;VCL;MYH9;GMFG;FLNA;TPM4;SLC2A1;EPB41L2;ACTN1;MYZAP;RAPGEF3"
"GOCC_CORTICAL_ENDOPLASMIC_RETICULUM",0.955601659751037,1,-0.285573267037145,-0.551706466979699,4605,8,"OSBPL8;ARV1;TMEM201;C2CD2L;STIMATE;EMD;ASPH;STIM1"
"GOCC_CORTICAL_GRANULE",0.834485563237088,1,-0.42286080707407,-0.696138826918784,4103,4,"ASTL"
"GOCC_CORTICAL_MICROTUBULE_CYTOSKELETON",0.636045314109166,1,-0.513630533664529,-0.888466541854082,3087,5,"PDE4DIP;CLASP2;CLASP1;MAPRE1"
"GOCC_CORVET_COMPLEX",0.708041237113402,1,-0.434321646620115,-0.810430750675968,3433,7,"VPS8;VPS33B;VPS33A;VPS11;VPS18;TGFBRAP1;VPS16"
"GOCC_CRD_MEDIATED_MRNA_STABILITY_COMPLEX",0.518648258808984,1,-0.544223369208708,-0.981017255271007,2516,6,"CSDE1;IGF2BP1;HNRNPU;DHX9;SYNCRIP"
"GOCC_CTF18_RFC_LIKE_COMPLEX",0.674301242236025,1,0.465904934090762,0.857621652728471,3473,7,"CHTF8;RFC3;RFC2;RFC4;RFC5;DSCC1"
"GOCC_CUL3_RING_UBIQUITIN_LIGASE_COMPLEX",0.700498575498576,1,0.29869618698927,0.879400661116349,3933,66,"KLHL40;CCIN;KLHL14;KLHL31"
"GOCC_CUL4_RING_E3_UBIQUITIN_LIGASE_COMPLEX",0.792216216216216,1,-0.295955200011608,-0.806907835341672,3663,36,"DCAF12L2;DCAF4L1;DTL;CUL4B;ARIH1;COP1;DET1;PHIP;DCAF7;CUL4A;DCAF10;DCAF1;GLMN;DCAF16;DCAF15;WDR77;DDB1;DCAF6"
"GOCC_CUL4A_RING_E3_UBIQUITIN_LIGASE_COMPLEX",0.97348402521191,1,-0.236453182175321,-0.625723052068458,4478,31,"DTL;CUL4B;ARIH1;COP1;DET1;PHIP;DCAF7;CUL4A;DCAF10;DCAF1;GLMN;DCAF16;DCAF15;DDB1;DCAF6;DCAF17;CRBN;DCAF11;DCAF12;DCAF5;WDTC1;RBX1;TRPC4AP;DDA1;DCAF4;ERCC8;CDKN1B;DCAF13;AMBRA1;DCAF8"
"GOCC_CUL4B_RING_E3_UBIQUITIN_LIGASE_COMPLEX",0.981007255655143,1,-0.234041774883857,-0.581839019653852,4596,23,"DTL;CUL4B;DCAF7;DCAF10;DCAF1;DCAF16;DCAF15;WDR77;DDB1;DCAF17;CRBN;DCAF11;DCAF12;DCAF5;WDTC1;RBX1;DDA1;DCAF4;ERCC8;DCAF13;AMBRA1;DCAF8;DDB2"
"GOCC_CUL5_RING_UBIQUITIN_LIGASE_COMPLEX",0.325502725051682,1,0.488333915401318,1.10856549958221,1731,17,"ASB9;ASB4;KLHDC1;SOCS2"
"GOCC_CUL7_RING_UBIQUITIN_LIGASE_COMPLEX",0.976879735768409,1,0.280460610491683,0.479691401947696,5027,5,"CUL7;SKP1;FBXW8;RBX1"
"GOCC_CULLIN_RING_UBIQUITIN_LIGASE_COMPLEX",1,1,-0.185209977722534,-0.661981541878209,4000,246,"PRAMEF6;PRAME;PRAMEF5;PRAMEF20;PRAMEF4;PRAMEF12;FBXO40;ZYG11A;FBXW12;NCCRP1;KLHL30;KLHL6;KBTBD8"
"GOCC_CUTICULAR_PLATE",0.509314140558848,1,-0.473250584659312,-0.967144252700494,2405,10,"KNCN"
"GOCC_CYCLIN_CDK_POSITIVE_TRANSCRIPTION_ELONGATION_FACTOR_COMPLEX",0.565352697095436,1,-0.479330214107444,-0.926030582923726,2724,8,"CCNT1;CDK12;CDK13;CCNT2;CDK9;RB1;CCNK"
"GOCC_CYCLIN_DEPENDENT_PROTEIN_KINASE_HOLOENZYME_COMPLEX",1,1,0.180942722323762,0.538494520261516,5661,71,"CCNO;CDKN1A;CCNB3;CDK18;CCND1;CDK2;CCND2;CKS1B;CDK4;CDK19;GTF2H4;GTF2H2;CDK1;CCNE2;CDK7;CKS2;GTF2H5;CCNB1;CCNB2;PCNA;GTF2H1;MNAT1;CDK14;CCNL2;CDK11B;CDK10;GTF2H2C"
"GOCC_CYTOCHROME_COMPLEX",0.944997834560416,1,-0.255023920801936,-0.690335348654796,4363,35,"C15orf48"
"GOCC_CYTOLYTIC_GRANULE",0.167866616142478,1,0.638929275911957,1.2869250491591,885,10,"GNLY;SERPINB1;CALR;LAMP1"
"GOCC_CYTOPLASMIC_DYNEIN_COMPLEX",0.99699021820918,1,0.198083183963127,0.48001978303147,5299,23,"DYNLRB2;DYNC2I2;DYNLT2;DYNLT4;DYNC2LI1;DYNLL1;DYNC2I1;DYNLT1;NUDCD3;DYNLRB1;TPR;DYNC1I2;DYNLT2B;DCTN4;DYNC1LI2;DYNC1H1;DYNC2H1;DYNC1LI1;SNX4;DYNLL2;DYNLT3;DYNC1I1;DYNLT5"
"GOCC_CYTOPLASMIC_EXOSOME_RNASE_COMPLEX",0.940110826939471,1,-0.278870767205441,-0.617830892489394,4410,14,"DIS3L;EXOSC6;EXOSC3;GTPBP1;EXOSC8;DIS3;EXOSC9;EXOSC10;CARHSP1;EXOSC5;EXOSC7;EXOSC4;EXOSC2;EXOSC1"
"GOCC_CYTOPLASMIC_MICROTUBULE",0.979666958808063,1,0.231432978924904,0.737404900877732,5588,117,"CFAP107;TRPV4;CFAP161;TEKT1;CFAP52;GRAMD2B;CFAP126;CFAP96;CFAP77;SPAG8;TEKT4;CLMP;RIBC2;CFAP45;TEKT3;FHDC1;CIMIP2B;MNS1;TEKTIP1;CFAP141;TUBA1C;SCTR;TPT1;TMEM214;EFHB;CFAP206;REEP4;CFAP210;PACRG"
"GOCC_CYTOPLASMIC_REGION",0.998865478119935,1,0.215168851760947,0.764664511686239,6162,343,"CFAP107;INSC;RP1;CCDC63;CYS1;IQUB;CFAP161;LRRK2;SPAG6;CFAP74;DNAI2;DNAJB13;TEKT1;CFAP52;DNAI3;CFAP126;PHLDB2;DRC1;CLXN;DRC7;DCDC2;DNAI7;ERICH3;CFAP77;SPAG8;HSPB1;TEKT4;MGARP;RSPH1;RIBC2;CCDC17;CFAP45;TEKT3;CFAP73;CFAP100;CFAP221;CFAP46;CFAP43;GLI1;CIMIP2B;KIF19;GRIK2;CFAP70;MNS1;TEKTIP1;SPAG17;DNAH9;CCDC39;CFAP141;DNAH7"
"GOCC_CYTOPLASMIC_RIBONUCLEOPROTEIN_GRANULE",0.985235567352356,1,0.228875452861689,0.786135792961101,5938,237,"DDX3Y;BPI;MAEL;MAP1LC3C;APOBEC3B;RNF135;ZC3H12D;ZFP36;ANKRD34C;PABPC4L;EXD1;MOV10L1;PIWIL4;TRIM5;APOBEC3F;SAMD4A"
"GOCC_CYTOPLASMIC_SIDE_OF_ENDOPLASMIC_RETICULUM_MEMBRANE",0.995009242144177,1,0.21104894516286,0.550152264027913,5382,33,"ITPR3;RPL27;EPM2A;RPS26;RPS29;PKD2;KDSR;CERS2;HM13;DEGS1;OTULINL;ALG2;ALG5;SPPL2B;THADA"
"GOCC_CYTOPLASMIC_SIDE_OF_ENDOSOME_MEMBRANE",0.72130510778792,1,0.456970464908212,0.814914088464148,3713,6,"LITAF;SNX5"
"GOCC_CYTOPLASMIC_SIDE_OF_LYSOSOMAL_MEMBRANE",0.999362786745964,1,-0.168827418851569,-0.368281547564559,4704,13,"GFAP;BORCS5;BORCS6;EEF1A2"
"GOCC_CYTOPLASMIC_SIDE_OF_MEMBRANE",1,1,-0.152228514051186,-0.535408275623211,4005,213,"RASAL3;CDH1;CFB;STAC2;C3;PTPN22;GNAT2;RGS4;RGS2;PRMT8;PTPN7;RASGRP4;GNG13;TH;SYT6;KCNAB1;GFAP;RGS8;GNRH1;GNG4;TGM3;FES;BORCS5;DSG1;GNG8"
"GOCC_CYTOPLASMIC_SIDE_OF_MITOCHONDRIAL_OUTER_MEMBRANE",0.17971633961531,1,0.748907255957013,1.28090847020913,924,5,"LRRK2;QTRT2"
"GOCC_CYTOPLASMIC_SIDE_OF_PLASMA_MEMBRANE",1,1,0.195552540275399,0.643957951630773,5827,154,"CNR2;GNAT1;PLEKHA4;CHMP4C;PTPRC;GNG11;ALOX15;NTSR1;LDLRAP1;RGS5;PGM5;RGS18;LITAF;GNG12;SLC4A1;MYH9;SOCS3;GNG5;LYN;MYZAP;TRAF5;TRAF3IP2;NCF1;FERMT2;RGS20;TRADD;SNX18;GNB4;GEM;IQGAP1;JAK1;GM2A;KIT;CHMP4A;EPN3;RASA3;RGS19;SNX5"
"GOCC_CYTOPLASMIC_SIDE_OF_ROUGH_ENDOPLASMIC_RETICULUM_MEMBRANE",0.849767080745342,1,0.378386560552278,0.696520864421385,4377,7,"RPL27;EPM2A;RPS26;RPS29;ALG5"
"GOCC_CYTOPLASMIC_STRESS_GRANULE",1,1,0.184893959996736,0.575457442392216,5705,97,"BPI;RNF135;ZFP36;PABPC4L"
"GOCC_CYTOPLASMIC_UBIQUITIN_LIGASE_COMPLEX",0.784621920135939,1,-0.351336526858522,-0.766408446611225,3693,13,"HERPUD1;HDAC6;UBE2J1;PLAA;USP33;MARCHF6;RBX1;FAM8A1;SEL1L;OS9;SYVN1;VCP;ELOB"
"GOCC_CYTOSOLIC_4FE_4S_ASSEMBLY_TARGETING_COMPLEX",0.864518633540373,1,0.369209958688261,0.679628893804229,4453,7,"NDOR1;CIAO2A;CIAO3;CIAO1;CIAPIN1"
"GOCC_CYTOSOLIC_LARGE_RIBOSOMAL_SUBUNIT",0.136241249326871,1,0.430278275078312,1.22796230680514,758,55,"RPLP0P6;RPL9;RPL27;RPLP1;RPL31;RPL27A;RPL30;RPL39L;RPL41;RPL22;RPL24;RPL23A;RPL35A;RPLP2;RPL10;RPL19;RPL37A;RPL21;RPL23;RPL34;RPL3;RPL7A;RPL26;RPL28;RPL13A;UBA52;RPL37;RPL18;RPL15;RPL11;RPL7;RPL14;RPLP0;RPL39;RPL10A;RPL13;RPL38;RPL29;RPL36AL;RPL5;RPL8;RPL26L1;RPL6;RPL4;RPL36;RPL35;RPL17;RPL12;RPL18A"
"GOCC_CYTOSOLIC_REGION",0.984326710816777,1,-0.221623294852745,-0.621238521145224,4458,42,"PRKCG;SH3GL2;SYT1;ANKS1B;KIF5C;KIF5A;PRKCB;STXBP1;GNAQ;GDI1;UBE3A;CALM3;FABP5;SENP5;BAIAP2"
"GOCC_CYTOSOLIC_TRANSLATION_PREINITIATION_COMPLEX",0.95975898429094,1,-0.257305877619692,-0.613767942166295,4459,19,"EIF3C;EIF1AX;EIF3CL;EIF3B;DHX29;EIF1B;EIF2S1;EIF3A;EIF3J;EIF3M;EIF3I;EIF3L;EIF1;EIF3E;EIF3K;EIF3D;EIF3H;EIF3G;EIF3F"
"GOCC_DEATH_INDUCING_SIGNALING_COMPLEX",0.667686424474187,1,0.436549244974011,0.856671727320433,3491,9,"FAS;CASP8;TRADD;RIPK1;FADD;CASP3"
"GOCC_DECOY_RECEPTOR_COMPLEX",0.702445652173913,1,0.449928075954374,0.828212006086548,3618,7,"IL33;CCRL2;RARRES2"
"GOCC_DENDRITE_CYTOPLASM",0.991373733017037,1,-0.215720842176519,-0.559007943760363,4596,28,"RAB17;MAP2;KIF5C;KIF5A;DLG4;WASF1;STAU2;HIP1R;BAIAP2;KIF3B;TRAK2;FLOT2;KIFAP3;ZC3H14"
"GOCC_DENDRITE_MEMBRANE",0.767569949328046,1,-0.295673322863923,-0.836141670070421,3483,44,"GABRG1;GABRA1;HCN1;GRIA1;GABRG3;GABRA5;ATP2B2;SHISA7;GABRG2;CACNG8;TACR3;KCNC1;KCNC4;KCNC2;KCNB1;GABRA2;SHISA6;MPP2;GABRA3;INSR;GABRA4;AKAP5;OPRD1"
"GOCC_DENDRITE_TERMINUS",0.170435153583618,1,-0.554755059908713,-1.27257479763576,798,16,"SLC32A1;PTCH1;COBL;MAP2;GRM1;MAPK8IP1;IFT57"
"GOCC_DENDRITIC_GROWTH_CONE",0.300829875518672,1,-0.603750159155813,-1.16640073037004,1449,8,"PTCH1;COBL;MAP2;MAPK8IP1"
"GOCC_DENDRITIC_SHAFT",0.985197368421053,1,0.226596535320007,0.618346124790239,5390,42,"GPER1;LPAR1;KIRREL1;NTSR1;PREX1;FLNA;SYNDIG1"
"GOCC_DENDRITIC_SPINE_HEAD",0.56832298136646,1,0.509800055207165,0.938422270116292,2927,7,"GPER1;SRGAP2;NRGN;PPP1R9B"
"GOCC_DENDRITIC_SPINE_MEMBRANE",0.960157865062958,1,0.269593143294051,0.612002664885766,5108,17,"GPER1;DDN;SHISA9;ICAM5;KCNC3;DAGLA;SHISA8;CLCN2"
"GOCC_DENDRITIC_TREE",1,1,-0.202690420940239,-0.778511726076393,3512,610,"KCNE3;HTR2C;HTR4;PNOC;RAB17;FZD5;GABRG1;ARHGEF15;HTR1D;COMT;MT3;RCVRN;FRMPD4;HTR5A;ARC;CPNE6;LYNX1;CYBB;DRD4;SLC32A1;GRM3;KIF21A;ABI3;GRIN2B;MLPH;GABRA1;PRKCG;VSTM5;NOS1;SCGN;ADCY8;GNG13;FGF13;ADORA2A;GRIN1;HCN1;TXNRD2;GRIA1;CRHR2;CPLX1;PSD;GRIA3;EPHA10;PTCH1;DGKI;COBL;CTNND2;CAMK2A;GRM7;DSCAM;CNNM1;RGS8;DRP2;PTCHD1;ADGRB1;ELAVL4;GNRH1;GABRG3;NLGN4X;MAP2;LRP2;PPFIA2;JPH4;GABRA5;CPEB1;ATP2B2;ASIC2;MAP1B;GABRB2;CPLX2;KCNIP2;NEURL1;SLC6A6;SLC4A8;CNIH2;TUBB3;HTR1A;KCND1;FAT3;HTR2A;EPHA4;C4A;ANKS1B;HRH3;KCNN2;SHISA7;SHANK1;GNG3;GABRG2;PAK1;MAGEE1;EPHA3;MAST1;ITPKA;GPM6A;GNAO1;PDE4B;DPYSL5;MYO1D;SYN1;ACTN2;SHANK3;SARM1;CACNG8;BIN1;CRMP1;SLC5A7;EPHB1;CAMK2N1;MAP6;DNM3;STX3;KCNA2;OPHN1;KIF5C;CDK5R1;GAP43;KIF5A;KIF21B;TACR3;NECTIN1;CHRNA7;KCNC1;GABRB3;HAP1;CHRM5;TMEM108;HOMER2;GNAZ;MAPT;HCN4;KNDC1;MARK1;ATCAY;RTN1;ADCY2;LRRC4;CRHBP;EPHB2;EFNB2;AGO2;ABHD17C;MAP1A;RGS7BP;LMTK3;DLG4;OSBP2;IGSF9;PSD2;GRM1;GPHN;GSK3B;DYRK1A;SLC8A2;ADORA1;PPP1R9A;GRIP1;PDYN;MAPK8IP1;NLGN1;FBXO2;KCNC4;SRCIN1;PRKAA2;ADCY10;L1CAM;RUFY3;KCNC2;APBA1;KCNA4;GRIPAP1;AZIN2;IFT57;TENM2;KIF1A;PRKAR2B;WDR47;NCS1;WASF1;SAMD14;CPEB3;CPEB4;KCNB1;RGS14;STAU2;SYAP1;GABRA2;CHRNA4;MAP1S;KIF1B;SHANK2;HTR1B;EEF2K;NSG1;NSG2;SEPTIN4;HIP1R;LRFN3;TRAK1;SLC1A4;GRID1;CNTNAP2;SLC8A3;STRN;PRR7;FEZ1;CHRM2;CTTNBP2;PLK3;BPTF;ERO1A;SHISA6;KCNB2;PPP1CC;INPP5J;SLC8A1;N4BP3;PALM;FMR1;MPP2;TMEM151A;ADCY9;NF1;GNB5;BNIP3;GABRA3;OPA1;INSR;PTPRO;BAIAP2;KIF3B;GABRA4;DTNB;SYT11;ABR;PPP3CA;RAB3IP;FZD3;LZTS3;CDK5;MAPK8;OPRM1"
"GOCC_DENSE_BODY",0.889653815892998,1,0.379477993858751,0.619101265154358,4522,4,"PIWIL2;ACTG1;SND1"
"GOCC_DENSE_CORE_GRANULE",0.249592465133128,1,0.406769346072139,1.13111421039082,1377,47,"IGF1;NPY;GHRL;PENK;SPX;ADRB1"
"GOCC_DENSE_CORE_GRANULE_LUMEN",0.296174014371723,1,0.662305810164603,1.18108800682163,1524,6,"IGF1;GHRL;PENK;CRH"
"GOCC_DENSE_CORE_GRANULE_MEMBRANE",0.296907216494845,1,-0.626818306891537,-1.16962356112052,1439,7,"ADAM8;SYT5;KIF1A;STXBP5;VPS13C"
"GOCC_DERLIN_1_RETROTRANSLOCATION_COMPLEX",0.565804708606716,1,0.492322316466803,0.936340838387281,2931,8,"HM13;VCP;SELENOS;SYVN1;SEL1L;AMFR;DERL1"
"GOCC_DESMOSOME",0.395298684494285,1,-0.397244930106384,-1.02940016971698,1832,28,"PKP3;CDH1;DSC1;DSG3"
"GOCC_DEUTEROSOME",0.31559526121577,1,0.651164399436559,1.16121956178007,1624,6,"CDC20B;CEP152"
"GOCC_DISTAL_AXON",1,1,0.178378415205257,0.620796260399872,6069,273,"NPY;CPLX4;TNN;ITGA4;TRPV4;PRSS12;LRRK2;GPER1;TPBG;TULP1;PENK;CHRM1;TANC1;NTSR1;ROR1;EPS8;CIB1;SLC18A2;SLC6A3;MYH14;PCDHGB1;PREX1;CPLX3;NPFF;FLNA;GRIK2"
"GOCC_DNA_DEPENDENT_PROTEIN_KINASE_COMPLEX",0.889838741014183,1,0.366989581429355,0.627687954138806,4579,5,"ZBTB7A;UVRAG;XRCC6;XRCC5;PRKDC"
"GOCC_DNA_DEPENDENT_PROTEIN_KINASE_DNA_LIGASE_4_COMPLEX",0.553814432989691,1,-0.508968518597258,-0.949719503522688,2685,7,"ATP23;PRKDC;XRCC4;XRCC5;NHEJ1;LIG4"
"GOCC_DNA_LIGASE_III_XRCC1_COMPLEX",0.901979813664596,1,0.347201403867949,0.639116308986906,4646,7,"PNKP;TDP1;XRCC1;POLB;APLF;APTX"
"GOCC_DNA_POLYMERASE_COMPLEX",0.997759103641457,1,0.199480633480853,0.464663761877501,5342,19,"POLD4;POLE2;POLE;POLE3;CHRAC1;POLG2;POLG;POLD2;MAD2L2;MCM3;PRIM1;CRCP;POLD1;POLE4;POLA2;POLD3;PRIM2;REV3L"
"GOCC_DNA_RECOMBINASE_MEDIATOR_COMPLEX",0.996506211180124,1,0.223083391218514,0.41064417367991,5133,7,"SWI5;RAD51B;RAD51D;XRCC3;SFR1;RAD51C;XRCC2"
"GOCC_DNA_REPAIR_COMPLEX",0.982825246887076,1,-0.23250930976156,-0.59404286465329,4577,26,"BRCA2;MSH4;FANCD2;ATP23;KDM1A;PRKDC;XRCC4;BRCA1;XRCC5;RCOR1;ASCC1;ASCC3"
"GOCC_DNA_REPLICATION_FACTOR_A_COMPLEX",0.9072534945221,1,0.312173181701832,0.666119945754143,4802,13,"RPA4;RPA2;RPA1;PRPF19;SMARCAL1;TONSL;BCAS2;ERCC5;CDC5L;RPA3;XPA;PLRG1;HELB"
"GOCC_DNA_REPLICATION_FACTOR_C_COMPLEX",0.76568875072858,1,0.44884916954513,0.767698134239592,3940,5,"RFC3;RFC2;RFC4;RFC5"
"GOCC_DNA_REPLICATION_PREINITIATION_COMPLEX",0.956226094347641,1,-0.268282872604944,-0.574308081659142,4499,12,"MCM4;MCM2;GINS1;ORC3;MCM6;GINS3;MCM7;MCM3;MCM5;GINS2;GINS4;CDC45"
"GOCC_DOPAMINERGIC_SYNAPSE",0.585448392554992,1,0.411636999894119,0.909429160722191,3113,15,"CHRNB3;SLC18A2;SLC6A3"
"GOCC_DRM_COMPLEX",0.840530861596798,1,-0.338184211488537,-0.710951026966898,3989,11,"LIN54;RBL1;TFDP2;LIN9;LIN52;RBBP4;TFDP1;LIN37;RBL2;E2F4;E2F5"
"GOCC_DYNACTIN_COMPLEX",0.820619335347432,1,0.352384086587685,0.742421123107879,4345,12,"DCTN2;DCTN6;CAPZB;ACTR1B;ACTR10;CAPZA1;DCTN5;ACTR1A;DCTN3;DCTN4;ACTB;DCTN1"
"GOCC_DYNEIN_AXONEMAL_PARTICLE",0.182723004694836,1,0.528803196512504,1.24179835226752,972,20,"DNAI2;ZMYND10;DNAAF8;SPAG1;DNAAF3;DNAAF11;DNAI4;NME9;WDR18"
"GOCC_DYNEIN_COMPLEX",0.968194070080863,1,0.24062811686976,0.681437269467301,5387,52,"DNAI2;DYNLRB2;DNAI3;DRC1;DNAI7;CFAP70;DNAH9;DNAH7;DISC1;DNAH11;ODAD1"
"GOCC_DYSTROGLYCAN_COMPLEX",0.686723602484472,1,0.457824936768107,0.842748273738784,3537,7,"SGCG;SGCA;SGCE;DAG1;SGCD"
"GOCC_DYSTROPHIN_ASSOCIATED_GLYCOPROTEIN_COMPLEX",0.343230625583567,1,0.467929132444086,1.08997904798821,1837,19,"SNTB1;KRT19;SGCG;PGM5;SGCA;SNTA1;DMD;SGCE"
"GOCC_EARLY_ENDOSOME",0.45072440694157,1,0.275630458155037,1.0005878762046,2830,446,"TBC1D3;APOA4;SAMD9L;FCMR;TLR3;SLC35D3;APOC3;WNT3A;RHOD;CD8B;FGD2;ATP6V0D2;ACKR2;ANXA1;RCSD1;CD1E;GPER1;HFE;HAVCR2;WLS;EHD2;RAB32;LDLRAD4;SPHK1;MME;ADRB1;HSD17B6;DKK1;RIN3;WDFY4;TLR4;RAB20;MARCHF3;PMEPA1;IFITM3;SIGLEC1;F8A1;CAV1;ACKR1;APOE;LDLRAP1;HLA-E;B2M;TMEM63A;LITAF;APOA1;CD4;RAB38;MELTF;SLC5A1;MCOLN3"
"GOCC_EARLY_ENDOSOME_LUMEN",0.118904216048183,1,0.783017096101318,1.33924891598634,611,5,"RAB32;B2M;RAB38;LNPEP"
"GOCC_EARLY_ENDOSOME_MEMBRANE",0.315939597315436,1,0.310444929905071,1.05037051491551,1882,205,"TBC1D3;FCMR;SLC35D3;WNT3A;CD8B;FGD2;ANXA1;WLS;LDLRAD4;SPHK1;HSD17B6;DKK1;MARCHF3;PMEPA1;IFITM3;CAV1;HLA-E;B2M;TMEM63A;LITAF;MCOLN3;SLC15A4;ATP13A4;EGFR;GPNMB;CD274;VAMP8;SYNDIG1;VAMP3;WDR81;EHD4;CMTM6;BOK"
"GOCC_EARLY_PHAGOSOME",0.835158610271903,1,0.347630632387312,0.732406298544555,4422,12,"SYK;UNC93B1;SLC9A9;APPL2;SNX3;RAB31"
"GOCC_EARP_COMPLEX",0.865087538619979,1,-0.384609760555657,-0.665289311144023,4199,5,"VPS53;VPS50;VPS51;VPS52;EIPR1"
"GOCC_EKC_KEOPS_COMPLEX",0.937590113285273,1,-0.325461524401389,-0.56297602291752,4551,5,"TP53RK;OSGEP;LAGE3;TPRKB;GON7"
"GOCC_ELG1_RFC_LIKE_COMPLEX",0.907067793117659,1,-0.341851283176135,-0.616221254923203,4401,6,"ATAD5;RFC1;RFC5;RFC4;RFC2;RFC3"
"GOCC_ELONGATOR_HOLOENZYME_COMPLEX",0.835565629507521,1,-0.387804343057688,-0.699056258392187,4054,6,"ELP3;ELP2;ELP1;ELP5;ELP6;ELP4"
"GOCC_ELONGIN_COMPLEX",0.320288362512873,1,-0.670277799676301,-1.15943145846723,1554,5,"ELOA2"
"GOCC_EMC_COMPLEX",0.968670618120237,1,-0.263510054844607,-0.538514358635645,4575,10,"MMGT1;EMC4;EMC3;EMC1;EMC7;EMC8;EMC6;EMC10;EMC2;EMC9"
"GOCC_ENDOCYTIC_VESICLE",0.492852501624431,1,0.278464308489784,0.986521713842374,3033,332,"EPGN;GNLY;COLEC12;WNT3A;IL7R;WNT1;CEMIP;AREG;AVPR1A;ATP6V0D2;STAB2;LRRK2;WNT6;HBA1;TYRP1;RAB7B;WLS;EHD2;RAB32;SPHK1;PLD1;NCF2;AMN;RIN3;LPAR1;SPARC;RAB20;SYK;WNT5A;CD163;NOSTRIN;RAB34;HLA-DRB5;HVCN1;RAB13;CAV1;TLR2;APOE;LDLRAP1;ROR2;HLA-E;ITGB5;B2M;GSN;ANXA3;NOD1;ITGAV;CYBA;ANXA11;APOA1;CD4;RAB38;TGFA;FLNB;EGFR;LYN;UNC93B1;CD36;WNT4;MSR1;VIM;RIN1;VAMP8;ACE2;NOD2;VAMP3;HYAL2;NOS3;CTSS;EHD4;ZYX;ANG;WNT7B;DVL2;NCF1;TAP1;HSP90B1;SFTPA2;SNAP23;CTSL;WNT3;CAMK2D"
"GOCC_ENDOCYTIC_VESICLE_LUMEN",0.874840085287847,1,-0.303339792870742,-0.715188619036349,4102,18,"SCGB3A2;LTF"
"GOCC_ENDOCYTIC_VESICLE_MEMBRANE",0.646871330313706,1,0.277044569388419,0.932197876213902,3855,192,"EPGN;COLEC12;WNT3A;IL7R;WNT1;AREG;ATP6V0D2;STAB2;WNT6;TYRP1;RAB7B;WLS;RAB32;RAB20;WNT5A;CD163;NOSTRIN;RAB34;HLA-DRB5;HVCN1;CAV1;TLR2;APOE;LDLRAP1;ROR2;HLA-E;B2M;ANXA3;CYBA;CD4;RAB38;TGFA;EGFR;LYN;CD36;WNT4;MSR1;VAMP8;ACE2;VAMP3;NOS3;WNT7B;TAP1;SNAP23;WNT3;CAMK2D;CALR;FZD4;CFTR;RAB43;RPS27A;PIK3C3;UBA52;SLC2A8;LRP1;FCGR1BP;SLC48A1"
"GOCC_ENDODEOXYRIBONUCLEASE_COMPLEX",0.931222071109384,1,0.332882471211844,0.569352177546366,4792,5,"RAG1;EME1;SLX4"
"GOCC_ENDOLYSOSOME",0.560636919089058,1,0.361845527009008,0.933290839144259,3027,31,"TLR3;SLC15A4;CTSS;CTSK;PCSK9;CTSL;SLC48A1;LGMN;AP2S1;CLTA;CTSB;SMPD1;TPCN1"
"GOCC_ENDOLYSOSOME_LUMEN",0.285797551972023,1,0.695339060500823,1.18928703811876,1470,5,"CTSS;CTSK;CTSL;LGMN;CTSB"
"GOCC_ENDOLYSOSOME_MEMBRANE",0.257433195333082,1,0.52187946699509,1.16892948609963,1367,16,"TLR3;SLC15A4;PCSK9;AP2S1;CLTA"
"GOCC_ENDONUCLEASE_COMPLEX",0.941150145446409,1,-0.252416520210896,-0.723662095827236,4205,48,"RPPH1;DICER1;AGO2;AGO1;LAS1L;NOL9;AGO3;RPP40;PRKRA;ELAC2;EME2;TSEN2;DROSHA;TSEN15;DHX9;RPP14;MUS81;MDN1;TRMT10C;PELP1;TEX10;PRORP;AGO4;CLP1;RPP25L;TSNAX;POP1;RPP21;C18orf21;HSD17B10;DGCR8;RPP38;SLX4;POP4;TSEN54;ERN1;RPP25;POP7;TSN;RPP30;TSEN34;WDR18;TARBP2;EME1;NEPRO;SENP3;POP5;RAG1"
"GOCC_ENDOPEPTIDASE_COMPLEX",0.140139616055846,1,0.370960401713473,1.17967985330012,802,114,"CFI;CFH;F11;MBL2;PSMB8;PIPSL;F5;PLAUR;PSMB9;THBD;COLEC10;HSPB1;PLAU;IMMP2L;CASP7;F2;CASP8;CASP6"
"GOCC_ENDOPLASMIC_RETICULUM_CHAPERONE_COMPLEX",0.149139579349904,1,0.667982889108259,1.31083047793825,779,9,"P4HB;PPIB;HSP90B1;PDIA6;HSPA5;SDF2L1;HYOU1;DNAJB11;DNAJC10"
"GOCC_ENDOPLASMIC_RETICULUM_ENDOSOME_MEMBRANE_CONTACT_SITE",0.616525860292602,1,-0.495574910814261,-0.893323525402924,2991,6,"OSBPL10;TMCC1;STARD3NL;MOSPD2"
"GOCC_ENDOPLASMIC_RETICULUM_GOLGI_INTERMEDIATE_COMPARTMENT",0.109271523178808,1,0.373137995190714,1.20656883579473,626,133,"STING1;GJB2;AREG;FN1;CA4;F5;FOLR1;SERPINH1;CTSC;COPZ2;PRRG4;TGFA;PLPP3;TMED1;TMED9;P4HB;CTSZ;ATP2A1;NUCB1;PIEZO1;TAP1;RER1;SURF4;CALR;TMED3;RAB43;STX5;PDIA6;LMAN2L;MGAT1;HSPA5;ERGIC3;MYDGF;KDELR1;SMO;TMED5;LMAN2;MPPE1;TMED10;CNIH3;HMGB1;NAT8;SLC35C2;CNIH1;GOLGA2;ROBO1;COPB1;BET1;YIF1A;WHAMM;SCYL1;LMAN1;RAB1B;COPG1;VMP1;UGGT2;GORASP1"
"GOCC_ENDOPLASMIC_RETICULUM_PLASMA_MEMBRANE_CONTACT_SITE",0.809029089535323,1,0.35349398471496,0.754290911983753,4282,13,"STIMATE;C1orf43;C2CD2L;BLTP1;ESYT2;GRAMD1C;SARAF;BLTP2;ESYT3;GRAMD1B;GRAMD1A;SACM1L;OSBPL5"
"GOCC_ENDOPLASMIC_RETICULUM_PROTEIN_CONTAINING_COMPLEX",0.653913653913654,1,0.28586818766966,0.91982328598248,3725,128,"P4HA1;B2M;HAS2;TAPBPL;HAS1;MAGT1;OSTC;P4HB;PPIB;EXT1;SSR2;TAP1;HSP90B1;CALR;GANAB;PDIA6;UGT3A1;SEC61B;DDOST;PDIA3;HSPA5;UFD1;PRKCSH;SDF2L1;HYOU1;STT3A;POMT2;SEC11A;EMC9;DAD1;EXT2;MAP3K5;OST4;PIGH;SSR3;PIGK;DPM2;SEC61G;SEC61A1;HM13;SPCS1;SEC61A2;EMC2;TMEM258;HLA-A;PIGT;GPAA1;DNAJB11;DNAJC10;SPCS2;EMC10;TAPBP;PIGQ;SPCS3;TRAF2;SSR4;SRPRA;PIGU;UBXN1;RPN1;EMC6;PIGY;KRTCAP2"
"GOCC_ENDOPLASMIC_RETICULUM_QUALITY_CONTROL_COMPARTMENT",0.993783494105038,1,-0.212759730757975,-0.533100906623454,4635,24,"ASGR2;ERN2;FBXO6;HERPUD1;RNF5;RHBDD1;TRIM13;UGGT1;EDEM1;RNF139;DERL1;MARCHF6;AMFR;SYVN1;CANX;EDEM3;UGGT2;RNF103;RNF185;ERLEC1;MAN1B1;SEC61B;CALR;EDEM2"
"GOCC_ENDOPLASMIC_RETICULUM_TUBULAR_NETWORK",0.995935710326991,1,0.204866447127699,0.525826630240383,5390,30,"ATL3;REEP4;STIM1;ASPH;EMD;STIMATE;REEP3;C2CD2L;ARL6IP1;ZFYVE27;RAB3GAP1;LNPK;TMEM201;ATL2;REEP5;RAB10;RNF41;ARV1;RAB18;RETREG3;PARP16;RTN4;REEP1;KPNB1;SPAST;PARP6;OSBPL8;REEP2;PARP8;ATL1"
"GOCC_ENDOPLASMIC_RETICULUM_TUBULAR_NETWORK_MEMBRANE",0.829998057120653,1,0.409287055605402,0.700032283172334,4271,5,"ATL3;LNPK"
"GOCC_ENDOSOME",0.941006362058994,1,0.23660626575185,0.903416827776515,6507,1057,"TBC1D3;STING1;TBC1D3H;PGA4;APOA4;SAMD9L;FCMR;TLR3;ANXA8;SLC35D3;APOC3;CX3CR1;WNT3A;MBL2;AVPR1A;RHOD;MMP14;CLEC18A;CD8B;FGD2;ATP6V0D2;ACKR2;IL2RB;ANXA1;FLT1;RCSD1;CD1E;LRRK2;GPER1;GRAP2;HFE;RASSF9;TYRP1;HAVCR2;BACE2;RAB7B;TBC1D3D;IFITM2;CHMP4C;WLS;ARHGAP10;EHD2;PGA5;RAB32;VAMP5;LDLRAD4;FOLR1;HLA-DMB;SPHK1;ATP10B;MME;ADRB1;ACP3;HSD17B6;PLD1;DKK1;AMN;RIN3;LPAR1;MYOF;STEAP1B;NGF;WDFY4;TLR4;RAB20;MARCHF3;PMEPA1;SLC26A7;OCA2;HLA-DRB5;IFITM3;SIGLEC1;TMBIM1;RAB13;F8A1;CAV1;ACKR1;APOE;LDLRAP1;AQP4;HLA-E;B2M;TMEM63A;ACAP1;FCGRT;LITAF;GPR182;TGFB2;CYBA;ANXA6;PACSIN3;SLC6A4;PLIN3;CD164;APOA1;CD1D;CD4;RAB38;MELTF;ATP1A2;SLC5A1;MCOLN3"
"GOCC_ENDOSOME_MEMBRANE",0.895894655305964,1,0.242613383310594,0.895812925973199,5782,576,"TBC1D3;FCMR;TLR3;ANXA8;SLC35D3;CX3CR1;WNT3A;RHOD;CD8B;FGD2;ATP6V0D2;ANXA1;TYRP1;RAB7B;IFITM2;CHMP4C;WLS;ARHGAP10;EHD2;LDLRAD4;HLA-DMB;SPHK1;ATP10B;HSD17B6;PLD1;DKK1;AMN;MYOF;TLR4;MARCHF3;PMEPA1;SLC26A7;OCA2;HLA-DRB5;IFITM3;TMBIM1;RAB13;CAV1;AQP4;HLA-E;B2M;TMEM63A;ACAP1;FCGRT;LITAF;ANXA6;SLC6A4;PLIN3;CD164"
"GOCC_ENZYME_ACTIVATOR_COMPLEX",0.951977401129944,1,0.280443209244497,0.609712235451534,5054,14,"FLCN;LAMTOR2;PCNA;RRAGC;LAMTOR4;LAMTOR1;FNIP1;LAMTOR5;PSMC3IP;RRAGA;LAMTOR3;GNB5;FNIP2;SLC38A9"
"GOCC_EPSILON_DNA_POLYMERASE_COMPLEX",0.7759860112687,1,0.441601169804423,0.755301373244026,3993,5,"POLE2;POLE;POLE3;CHRAC1"
"GOCC_ER_MEMBRANE_INSERTION_COMPLEX",0.976982097186701,1,-0.242485189790097,-0.537219597180327,4583,14,"SGTB;NOMO3;BAG6;CCDC47;SGTA;TMEM147;UBL4A;GET4;NOMO1;TMCO1;NCLN;RAB5IF;WDR83OS;NOMO2"
"GOCC_ER_TO_GOLGI_TRANSPORT_VESICLE_MEMBRANE",0.811813434179723,1,0.284737777126495,0.818860829348729,4507,58,"CRYZL2P-SEC16B;AREG;SEC16B;FOLR1;HLA-DRB5;HLA-E;B2M;SEC24D;TGFA"
"GOCC_ER_UBIQUITIN_LIGASE_COMPLEX",0.708041237113402,1,-0.434394764742441,-0.810567186829281,3433,7,"HERPUD1;UBE2J1;MARCHF6;FAM8A1;SEL1L;OS9;SYVN1"
"GOCC_ESCRT_COMPLEX",0.971253709198813,1,0.245220937701878,0.623380606167298,5236,29,"CHMP4C;MVB12A;CHMP4A;UEVLD;CHMP2A;SNF8;CHMP6;CHMP5;VPS25;HGS;DIAPH3;STAM;CHMP2B;CHMP4B;VPS37B;CHMP7"
"GOCC_ESCRT_I_COMPLEX",0.980662983425414,1,-0.234642387011847,-0.502294529100002,4614,12,"VPS37A;VPS37C;UBAP1;VPS37D;MVB12B;UBAP1L;VPS28;TSG101;VPS37B;DIAPH3;UEVLD;MVB12A"
"GOCC_EUCHROMATIN",0.287463976945245,1,0.384027442609191,1.09821619300175,1595,56,"MYOD1;H1-3;H1-2;ID2;H3-5;POU4F2;NR1H4;JUN;H1-4;TCF23;ESR1"
"GOCC_EUKARYOTIC_48S_PREINITIATION_COMPLEX",0.962401196325571,1,-0.257287057016421,-0.59866834390039,4504,17,"EIF3C;EIF1AX;EIF3CL;EIF3B;EIF2S1;EIF3A;EIF3J;EIF3M;EIF3I;EIF3L;EIF1;EIF3E;EIF3K;EIF3D;EIF3H;EIF3G;EIF3F"
"GOCC_EUKARYOTIC_TRANSLATION_ELONGATION_FACTOR_1_COMPLEX",0.719448222265397,1,0.47463749985295,0.811805719606256,3702,5,"EEF1B2;EEF1A1;EEF1D;EEF1G"
"GOCC_EUKARYOTIC_TRANSLATION_INITIATION_FACTOR_2_COMPLEX",0.996502817175053,1,0.236946996709954,0.405267024270648,5128,5,"EIF2S3B;EIF2S2"
"GOCC_EUKARYOTIC_TRANSLATION_INITIATION_FACTOR_2B_COMPLEX",0.806100641150185,1,0.425077682324986,0.727040096695491,4148,5,"EIF2B2;EIF2B1;EIF2B4;EIF2B5;EIF2B3"
"GOCC_EUKARYOTIC_TRANSLATION_INITIATION_FACTOR_3_COMPLEX",0.961390784982935,1,-0.257277647747221,-0.590179475915011,4506,16,"EIF3C;DDX3X;EIF3CL;EIF3B;EIF3A;EIF3J;EIF3M;EIF3I;EIF3L;COPS5;EIF3E;EIF3K;EIF3D;EIF3H;EIF3G;EIF3F"
"GOCC_EUKARYOTIC_TRANSLATION_INITIATION_FACTOR_3_COMPLEX_EIF3M",0.93361801242236,1,0.319593893272064,0.588297360457915,4809,7,"EIF3F;EIF3H;EIF3D;EIF3I;EIF3M"
"GOCC_EUKARYOTIC_TRANSLATION_INITIATION_FACTOR_4F_COMPLEX",0.952209005947324,1,-0.267585333900965,-0.583712891809757,4482,13,"EIF4EBP3;EIF4E3"
"GOCC_EXCITATORY_SYNAPSE",0.614447191805016,1,0.310491009302149,0.924036650672842,3478,71,"NLGN4Y;SRPX2;CNTN6;CBLN1;CBLN3;PLXNA4;GRID2;FGFR2;ITGB1;GRN;SYNDIG1;C1QL1"
"GOCC_EXOCYST",0.151663221199023,1,0.565776336343365,1.28436732974983,806,17,"EXOC3L4;EXOC3L2;SH3BP1"
"GOCC_EXOCYTIC_VESICLE",1,1,-0.194792689573625,-0.703922530017458,3942,279,"ANXA13;HCRT;SYT10;MT3;ABCC8;SLC32A1;RAB8B;DYSF;GRIN1;MCTP1;GRIA1;TH;SV2C;DOC2A;SYT6;DGKI;TMEM163;SYT9;RNF112;RAB27B;UNC13C;SYT17;BORCS5;PPFIA2;BDNF;UNC13B;SNCA;SYTL4;LGI3;RAB3B;SLC4A8;SYT1;SYN3;CBARP;BTBD8;RAB3D;SYNPR;ICA1;SEPTIN6;PDE4B;ATP6V0A4;PTPRN2;STX1B;SYN1;ATP6V1A;SNAP25;BIN1;SLC5A7;STX1A;SYT5;HAP1;PTPRN;SYT12;SLC17A7;SNAP91;ATP6V1C1;SYT2;UNC13A;DPYSL3;ATP6V1B1;DLG4;STON2;SEPTIN5;PRRT1;BRSK1;ATP6V1G2;ATP6V1B2;SYT7;SYP;SYT3;AP2B1;SYT13;VAMP2;RAB3A;RAB40AL;CDK16;APBA1;SYN2;SYNGR3;SLC30A10;SLC17A6;CLCN4;UBE3A;GABRA2;RAB40A;KIF1B;ATP6V0E2;SV2A;SYTL5;SEPTIN4;CALM3;SYTL3;ATP2B1;CTTNBP2;AMPH;STX7;DMXL2;RAB6A;TSNARE1;TPRG1L"
"GOCC_EXON_EXON_JUNCTION_COMPLEX",0.888512878360594,1,0.299133106551081,0.709838511857087,4725,21,"MAGOH;EIF4A3;CCDC9;UPF1;MAGOHB;TDRD3;RBM8A;R3HCC1L;PYM1;ACIN1;CASC3;SRSF1;RNPS1;SMG6;PNN;THRAP3;SAP18;UPF3B;ALYREF;UPF2;UPF3A"
"GOCC_EXORIBONUCLEASE_COMPLEX",0.994011976047904,1,0.216658287640654,0.538214616501418,5311,26,"ZFP36;EXOSC1;C1D;EXOSC2;EXOSC4;MPHOSPH6;EXOSC7"
"GOCC_EXOSOME_RNASE_COMPLEX",0.954314720812183,1,0.269195201674172,0.638796298940694,5075,21,"ZFP36;EXOSC1;C1D;EXOSC2;EXOSC4;MPHOSPH6;EXOSC7;EXOSC5;CARHSP1;KHSRP;EXOSC10"
"GOCC_EXTERNAL_SIDE_OF_APICAL_PLASMA_MEMBRANE",0.529811613905613,1,0.545245079441123,0.972333949397743,2727,6,"LCT;ABCB1;ABCG2"
"GOCC_EXTRINSIC_COMPONENT_OF_CYTOPLASMIC_SIDE_OF_PLASMA_MEMBRANE",0.722679846238331,1,0.312200988565442,0.855461322548343,3947,44,"CNR2;GNAT1;PLEKHA4;GNG11;GNG12;GNG5"
"GOCC_EXTRINSIC_COMPONENT_OF_MEMBRANE",1,1,-0.185746325459803,-0.631182658711553,4149,156,"FOLR3;CDH1;C1QA;GNAT2;CDH22;PLEKHG4;CDH17;GNG13;PIK3R6;CNKSR2;DOC2A;GNG4;TGM3;GNG8;SYN3;CDH10;GNG3;BTBD8;PDE4A;GNAO1;SYN1;ATP6V1A;SARM1;BIN1;CTNNA2;SNX10;FGF22;PIK3CB;CDH7;GNAZ;SNAP91;MCF2L;ATP6V1C1;PIK3R3;STXBP1;APC2;CDHR3;ATP6V1B1;PIK3R4;ATP6V1G2;PIK3CD;ATP6V1B2;AP2B1;GNG2;DNAJC6;GRIPAP1;GNAQ;GNG10;CARMIL2;APC;GNAT3"
"GOCC_EXTRINSIC_COMPONENT_OF_MITOCHONDRIAL_INNER_MEMBRANE",0.608695652173913,1,0.493639619325862,0.908674699924999,3135,7,"COQ6;COQ7;COQ2;COQ5;COQ4"
"GOCC_EXTRINSIC_COMPONENT_OF_ORGANELLE_MEMBRANE",0.172391584370975,1,-0.48325957254711,-1.23468991904629,802,26,"DOC2A;SYN3;BTBD8;SYN1;ATP6V1A;BIN1;SNX10;ATP6V1C1;ATP6V1B1;ATP6V1G2;ATP6V1B2;GRIPAP1"
"GOCC_EXTRINSIC_COMPONENT_OF_PLASMA_MEMBRANE",0.993515597616544,1,0.221393788017268,0.689829845734023,5668,98,"CNR2;CDH19;GNAT1;PLEKHA4;GNG11;CDH11;CDH9;CDH6;CDH15;GNG12;CDH5;GNG5;ARAP1;NOD2;PCSK9;CDH12;TRAF3IP2"
"GOCC_EXTRINSIC_COMPONENT_OF_PRESYNAPTIC_ENDOCYTIC_ZONE_MEMBRANE",0.302574665293512,1,-0.681312921820447,-1.17851976449218,1468,5,"SNAP91;AP2B1;DNAJC6"
"GOCC_F_ACTIN_CAPPING_PROTEIN_COMPLEX",0.156494845360825,1,-0.703239302884728,-1.31222277447343,758,7,"CAPG;ADD2"
"GOCC_FANCONI_ANAEMIA_NUCLEAR_COMPLEX",0.836873406966865,1,-0.331626869492083,-0.723413634712448,3939,13,"FANCB;FAAP24;FANCF;FANCG;FAAP100;CENPS;FANCE;CENPX;FANCC;FANCA;FAAP20;FANCL;FANCM"
"GOCC_FAR_SIN_STRIPAK_COMPLEX",0.492629779961547,1,-0.41472824072424,-0.965010334846561,2305,17,"STK26;STRN;CTTNBP2;STK24;SLMAP;CTTNBP2NL;PPP2R1A;PDCD10;STRN4;MOB4;STRN3;STRIP2"
"GOCC_FASCIA_ADHERENS",0.376881512929371,1,0.575129179931076,1.09383003878916,1952,8,"VCL;DSP;ACTN1;NRAP;CTNNB1;CTNNA3"
"GOCC_FC_RECEPTOR_COMPLEX",0.596153846153846,1,0.61383864120278,0.94784747863604,3006,3,"FCER1G;MS4A2"
"GOCC_FEMALE_PRONUCLEUS",0.606477561388654,1,-0.436031385244373,-0.891082360816756,2864,10,"DPPA3"
"GOCC_FHF_COMPLEX",0.286296583850932,1,0.637586330887175,1.17364681685474,1474,7,"FHIP1A;HOOK1;HOOK2;FHIP2A"
"GOCC_FIBRILLAR_CENTER",0.537274162427644,1,0.307247050786289,0.959673003854003,3062,100,"FOXL2NB;CEMIP;RGS22;EN2;NFIB;SMAD7;NFIC;BNC2;HOXB5;FOXA1;TAX1BP3"
"GOCC_FIBRINOGEN_COMPLEX",0.539626556016597,1,-0.491879077221659,-0.95027405993117,2600,8,"FGL1;FGG;SERPINF2"
"GOCC_FICOLIN_1_RICH_GRANULE",0.983132530120482,1,-0.225514032924921,-0.775290734430722,4079,170,"CDA;FPR2;MMP9;FCN1;HK3;ITGAX;DSC1;TRPM2;AMPD3;ALOX5"
"GOCC_FICOLIN_1_RICH_GRANULE_LUMEN",0.907476635514019,1,-0.249065418592051,-0.820160689624521,3883,119,"CDA;MMP9;FCN1;HK3;AMPD3;ALOX5"
"GOCC_FICOLIN_1_RICH_GRANULE_MEMBRANE",0.989415141729458,1,0.222665928707144,0.628869808743517,5514,51,"SIGLEC14;FPR1;FCER1G;LGALS3;CD58;DSP;STBD1;NCKAP1L;PKP1;CD93;SERPINB6;SIGLEC5;TMEM179B;LAMP1;ATAD3B;TBC1D10C;PRCP;ITGB2"
"GOCC_FILAMENTOUS_ACTIN",0.998043903499239,1,-0.187225674265996,-0.495452923278616,4591,31,"TMSB15B;MYO3A;MYO1A;LDB3;MYO6;APC2;DPYSL3;DUSP22"
"GOCC_FILOPODIUM",0.626556744430802,1,0.296458665955197,0.925975945896598,3571,100,"ERMN;ACTG2;TRPV4;LY6G6D;ITGB3;ACTA2;ACTC1;ADGRA2;ACP3;MYO3B;CIB1;ITGAV;B4GALT1;CD302;ITGB1"
"GOCC_FILOPODIUM_MEMBRANE",0.88761510994174,1,0.308203519656289,0.699651975759221,4722,17,"ITGB3;ITGAV;VASP;DMD;TBC1D10C"
"GOCC_FILOPODIUM_TIP",0.978038379530917,1,-0.236723450789068,-0.558126305359137,4586,18,"MYO3A;MYO5A;EPHB1;NLGN1;TTYH1;VIL1;FMR1;MYO10;FZD3;MORN4;ABI2"
"GOCC_FILTRATION_DIAPHRAGM",0.670807453416149,1,0.467193309020765,0.859993248639897,3455,7,"NPHS1;TRPC6;IQGAP1;CD2AP;KIRREL2"
"GOCC_FLEMMING_BODY",0.982049364248317,1,0.235298025010312,0.581140379724184,5251,25,"CHMP4C;CEP55;RACGAP1;CNTRL;MICAL3;NUP62;ZFYVE19;IST1;EXOC4;EXOC1;TSG101;EXOC2;RAN;DCDC1;KIF23;VPS4B;EXOC7;EXOC6;VPS4A;PDCD6IP;ARF6;RALA;BIRC6"
"GOCC_FLOTILLIN_COMPLEX",0.44593461860855,1,-0.51173096616393,-1.02032886769929,2127,9,"CDH1"
"GOCC_G_PROTEIN_COUPLED_RECEPTOR_DIMERIC_COMPLEX",0.978965650328059,1,0.255703691855924,0.486319228690181,5072,8,"GPR156;TAS1R1;CALCRL"
"GOCC_GABA_ERGIC_SYNAPSE",0.907037358818419,1,0.253123636045823,0.804191446418195,5219,112,"NLGN4Y;NPY;LPAR1;CBLN4;ERBB4;NPY5R;CNTN5;DRD1"
"GOCC_GAMMA_DELTA_T_CELL_RECEPTOR_COMPLEX",0.704599524187153,1,0.546448719785757,0.843788589519111,3553,3,"CD3E"
"GOCC_GAMMA_SECRETASE_COMPLEX",0.398874223602484,1,0.585953708155546,1.07860327470333,2054,7,"APH1A;PSENEN;TMED10;NCSTN;PSEN1;PSEN2"
"GOCC_GAMMA_TUBULIN_COMPLEX",0.604906391220142,1,-0.374382795069676,-0.893038899220213,2810,19,"PDE4B;TUBGCP3;MZT1;BRCA1;ACTB;TUBGCP4;TUBG2;TOPORS;CPAP;BLOC1S2;NME7;CDK5RAP2;TUBGCP5;MZT2B;TUBGCP2;MZT2A;TUBG1;TUBGCP6;MARK4"
"GOCC_GAMMA_TUBULIN_RING_COMPLEX",0.699810406572572,1,-0.392226406815606,-0.824561754381437,3321,11,"MZT1;BRCA1;TUBGCP4;TUBG2;NME7;CDK5RAP2;TUBGCP5;MZT2B;MZT2A;TUBG1;TUBGCP6"
"GOCC_GAP_JUNCTION",0.115608019486603,1,0.542352934652702,1.32580761441897,616,24,"GJB3;GJB2;GJA5;GJA3;GJB1;CCN3;GJA1;GJA4;GJC3;GJA8"
"GOCC_GARP_COMPLEX",0.865087538619979,1,-0.384609760555657,-0.665289311144023,4199,5,"VPS53;VPS51;VPS54;VPS52;EIPR1"
"GOCC_GATOR1_COMPLEX",0.899747425684865,1,0.358362273807348,0.612932066383376,4630,5,"SZT2;NPRL2;DEPDC5;RRAGA"
"GOCC_GATOR2_COMPLEX",0.992197906755471,1,0.218874547515448,0.451538545283846,5213,11,"SESN3;SEC13;WDR24;SZT2;SESN1"
"GOCC_GBAF_COMPLEX",0.968926553672316,1,0.265815841439333,0.577910840982814,5144,14,"SMARCA2;BCL7C;ACTL6A;SS18;BICRA;SMARCD1;BRD9;SMARCA4;BCL7A;ACTB;SMARCC1;BCL7B;BICRAL;ACTL6B"
"GOCC_GEMINI_OF_CAJAL_BODIES",0.973438164045899,1,-0.246160596752962,-0.526951343291447,4580,12,"SMN2;NPAT;GEMIN7;DDX20;GEMIN5;ZPR1;GEMIN4;GEMIN2;SMN1;HABP4;GEMIN8;GEMIN6"
"GOCC_GERM_CELL_NUCLEUS",0.819948186528497,1,0.303122086619125,0.784665447282695,4430,32,"STPG4;DYNLRB2;MLH3;TCFL5;DYNC2I2;H2AX;DYNC2LI1;AURKA;DYNLL1;RPA1"
"GOCC_GID_COMPLEX",0.437118179903097,1,-0.486283668294855,-1.02229454133809,2074,11,"RMND5A;ARMC8;RMND5B;RANBP9;WDR26;MKLN1;GID4;GID8;YPEL5"
"GOCC_GINS_COMPLEX",0.916207710464201,1,0.357544962713847,0.583318512135129,4657,4,"GINS4;GINS2;GINS3"
"GOCC_GLIAL_CELL_PROJECTION",0.188826331745344,1,-0.442830805577159,-1.19871797752108,871,35,"KCNJ10;CRB1;MLC1;MT3;GRM3;GFAP;ADGRG1;SLC4A8;SCN7A;MAPT;SLC7A11;ADCY10"
"GOCC_GLUTAMATERGIC_SYNAPSE",1,1,0.156891019695315,0.57879621365798,6440,569,"NLGN4Y;IGF1;ACTBL2;PLAT;WNT3A;GHRL;SRPX2;PRSS12;LRRK2;ITGB3;FLRT2;SPARCL1;ACTC1;SYNPO;CBLN1;GSG1L;IL1RAP;CDH11;CHRM1;LPAR1;WNT5A;SCN10A;TANC1;PLXND1;APOE;NRP2;CDH6;EPS8;KCNJ2;CBLN4;EPHA7;ERBB4;PCDH7;PLXNA4;GRID2;TAMALIN;P2RX1;SEMA3F;VLDLR;DOCK1;NTNG1;LYN;FLNA;SEMA3A;GRIK2;DRD1;CACNG5;ITGB1;ACTN1;RHOG;GRN"
"GOCC_GLYCINERGIC_SYNAPSE",0.75697896749522,1,0.401838132641969,0.788555635261966,3958,9,"ITGB3;NPPA"
"GOCC_GLYCOGEN_GRANULE",0.976930998970134,1,-0.275379272527874,-0.476344870340074,4742,5,"FASN;PPP1R3E;PCYT1A;PPP1CA;PPP1R3B"
"GOCC_GLYCOPROTEIN_COMPLEX",0.433220466516178,1,0.419417859323937,1.01638546899406,2302,23,"SNTB1;KRT19;SGCG;PGM5;FLNA;SGCA;SNTA1;DMD;SGCE"
"GOCC_GLYCOPROTEIN_IB_IX_V_COMPLEX",0.880439202928019,1,-0.388736557482505,-0.639961440216701,4329,4,"GP5;GP1BB"
"GOCC_GLYCOSYLPHOSPHATIDYLINOSITOL_N_ACETYLGLUCOSAMINYLTRANSFERASE_GPI_GNT_COMPLEX",0.963711340206186,1,-0.279896172266296,-0.522277594880069,4673,7,"PIGA;PIGP;PIGC;PIGY;PIGQ;DPM2;PIGH"
"GOCC_GOLGI_APPARATUS",0.781860401584483,1,0.245092934513278,0.949566034047405,5723,1483,"STING1;NPY;OGN;OMD;FCMR;TLR3;GBP4;SLC35D3;TGFBI;MS4A6A;ABO;POSTN;FIBIN;GCNT7;GASK1B;WNT3A;BGN;LUM;MS4A7;MUC7;GBP3;KERA;GCNT3;SOST;WNT1;CRYZL2P-SEC16B;RHOD;SULF1;MMP14;CLEC18A;PDGFRA;ITM2A;FGD2;LST1;DCN;ABCA6;PLA2G4A;SOD3;MUC19;CD1E;LRRK2;GPER1;ACAN;GOLGA8Q;CA4;WNT6;MS4A4A;TMC8;CSPG4;TGM4;SCRG1;SEC16B;BACE2;RAB7B;GOLGA8O;RAPSN;DKK2;WLS;SPP1;SGMS2;PROZ;RAB32;VAMP5;LDLRAD4;DHH;FOLR1;LGR6;MME;ACP3;CHSY3;PLD1;PKHD1;CBLN3;CPQ;TGFB1;CXCL14;DSE;NGF;GALNT4;FAM114A1;ITGA5;PDGFB;GALNT5;PLOD2;HPD;RAB20;B3GNT9;ST6GALNAC2;CIMAP3;RHBDF1;WNT5A;PMEPA1;PLLP;TMC6;GIMAP8;RAB34;MLANA;GOLGA8R;CCDC170;HLA-DRB5;NTSR1;S100A3;GJA1;KDELR3;TMBIM1;RAB13;CAV1;TLR2;APOE;PDGFC;COLEC10;GBP1;CAPN8;P3H2;BMP1;HLA-E;GPC6;GLT8D2;COPZ2;B2M;HAS2;GOLGA8K;HSPG2;GOLGA8N;CHST2;CIB1;LITAF;SDC2;GASK1A;SLC6A4;PLIN3;CHST14;TAPBPL;CHST3;COL26A1;NEDD9;OTOF;RAB38;SELENOM;CHST7;PTGFRN;ARSL;CALU;PDGFD;GFRA1;RSC1A1;SDC4;GCNT4;PCSK6;TMEM79;MYMX;ITM2C;MYH9;NOTCH2;FUT6;HAS1;B4GALT1;STC2;SLC22A13;EGFR;CERKL;FHDC1;GORAB;PTGDS;LYN;CHST13;ARAP1;FGFR2;GLIPR2;PLPP3;UNC93B1;GALNT10;CD36;WNT4;TMED1;SLC2A1;PLOD1;TRAPPC3L;GPC3;KCNJ6;MPIG6B;TNFRSF1A;LPCAT2;GALNT18;ST8SIA5;CLN5;GRN;PKDCC;F2;LAPTM4A;CAV2;RAB27A;SDC1;TMED9;VTN;SGCA;STX11;PLSCR1;SPAG17;SLC24A5;ST3GAL6;ST6GALNAC3;WIPI1;VAMP3;PRCD;HYAL2;NOTCH3;ABCA12;GDNF;VCAN;NOS3;KIF20A;MUC5B;WDR81;EXT1;FURIN;CLSTN2;TRIP10;PCSK9;TNFRSF10A;BOK;RXYLT1;MMP16;NEDD4;NUCB1;SCARA3;PROS1;NDST4;AGTRAP;A4GNT;PCSK5;PKMYT1;CALN1;AVPR1B;WNT7B;HS3ST5;TMEM214;BGLAP;TPP1;COG6;WNT3;SECTM1;LACTB2;AGPAT3;RER1;PLOD3;RGS20;ESR1"
"GOCC_GOLGI_APPARATUS_SUBCOMPARTMENT",0.996950240770465,1,0.219978126756065,0.790589309055408,6210,388,"FCMR;TGFBI;MS4A6A;ABO;POSTN;MS4A7;SULF1;LRRK2;GPER1;GOLGA8Q;CA4;BACE2;RAB7B;GOLGA8O;WLS;RAB32;VAMP5;LGR6;MME;ACP3;CHSY3;CIMAP3;RAB34;MLANA;GOLGA8R;HLA-DRB5;RAB13;GOLGA8K;GOLGA8N;CHST2;OTOF;RAB38;ARSL;TMEM79;FUT6;B4GALT1;ARAP1;PLPP3;LPCAT2;GRN;SLC24A5;WIPI1;VAMP3;FURIN;BOK;PCSK5;CALN1;COG6;PLOD3;RGS20;CHPF;CHPF2;YIPF2;AP4M1;ARL1;TMED3;RAB43;SLC2A4;GALNT2;SLC35B2;GOLIM4;TMEM165;BET1L;RHOBTB3;RIC1;TMBIM4;ST3GAL1;TMEM87B;CHSY1;GBA1;APH1A;MAN2A1;SCAMP4;STX10;GPR89A;ATP7B;PCSK4;NAGPA;TMEM59"
"GOCC_GOLGI_ASSOCIATED_VESICLE",1,1,-0.170542558907577,-0.547456520048017,4299,99,"AP1M2;ACR;RAB8B;STEAP2;PACSIN1;GNRH1;CNGB1;RAB27B;CNGA4;OCRL;NCALD;AP1S2;MAP6;VMA12;AP1S3"
"GOCC_GOLGI_ASSOCIATED_VESICLE_MEMBRANE",1,1,-0.152425169908096,-0.454766400425951,4423,61,"AP1M2"
"GOCC_GOLGI_CIS_CISTERNA",0.801085329341317,1,0.316523595328036,0.78629637171176,4280,26,"GOLGA8Q;GOLGA8O;GOLGA8R;GOLGA8K;GOLGA8N"
"GOCC_GOLGI_CISTERNA",0.997035745422842,1,0.211181898501618,0.669115761549721,5717,110,"ABO;GOLGA8Q;GOLGA8O;ACP3;CHSY3;RAB34;GOLGA8R;GOLGA8K;GOLGA8N;FUT6;B4GALT1;CHPF;CHPF2;YIPF2;TMED3;GALNT2;GOLIM4;ST3GAL1;TMEM87B;CHSY1;APH1A;MAN2A1;GPR89A;NAGPA;TMEM59;GCNT1;RAB30;UXS1;PSENEN"
"GOCC_GOLGI_CISTERNA_MEMBRANE",0.999292786421499,1,0.19589884151907,0.599896636048952,5651,86,"ABO;GOLGA8Q;GOLGA8O;CHSY3;GOLGA8R;GOLGA8K;GOLGA8N;FUT6;B4GALT1;CHPF;CHPF2;TMED3;GALNT2;GOLIM4;ST3GAL1;TMEM87B;CHSY1;APH1A;GPR89A;NAGPA"
"GOCC_GOLGI_MEDIAL_CISTERNA",0.650435771125426,1,0.432161138197625,0.870454704436287,3432,10,"YIPF2;ST3GAL1;MAN2A1;TMEM59;HLA-A;GOSR1"
"GOCC_GOLGI_MEMBRANE",1,1,0.208062137248871,0.776581343608223,6570,687,"STING1;TLR3;GBP4;ABO;GCNT7;GASK1B;GBP3;GCNT3;CRYZL2P-SEC16B;RHOD;LST1;ABCA6;PLA2G4A;CD1E;LRRK2;GPER1;TMC8;SEC16B;WLS;SGMS2;LDLRAD4;DHH;FOLR1;CHSY3;PLD1;DSE;GALNT4;PDGFB;GALNT5;HPD;B3GNT9;ST6GALNAC2;RHBDF1;PMEPA1;TMC6;HLA-DRB5;GJA1;KDELR3;TMBIM1;CAV1;PDGFC;GBP1;HLA-E;COPZ2;B2M;HAS2;CHST2;LITAF;CHST14;TAPBPL;CHST3;OTOF;CHST7;PDGFD;GCNT4;MYMX;NOTCH2;FUT6;B4GALT1;EGFR;CHST13;GLIPR2;PLPP3;UNC93B1;GALNT10;SLC2A1;TNFRSF1A;LPCAT2;GALNT18;ST8SIA5;CAV2;TMED9;SGCA;ST3GAL6;ST6GALNAC3;WIPI1;HYAL2;NOTCH3;ABCA12;NOS3;EXT1;FURIN;CLSTN2;RXYLT1;SCARA3;PROS1;NDST4;AGTRAP;A4GNT;PCSK5;PKMYT1;HS3ST5;COG6;AGPAT3;RER1;CHPF;GLCE;SURF4;CHPF2;ARL1;TMED3;RAB43;STX5;GALNT2;SLC35B2;FUT10;GOLIM4;TMEM165;LMAN2L;MGAT1;HS3ST2;HHAT;B3GAT3;BET1L;SLC35A1;ARFGAP1;DIPK2A;SHH;C1GALT1;RIC1;TMBIM4;SGCE;ST3GAL1;ERGIC3;TMEM87B;ITM2B;XYLT2;CHSY1;KDELR1;APH1A;PGAP3;MAN2A1;STX10;GPR89A;GALNT17;LEPROT;ECE2;NDST3;ATP7B;PCSK4;GLG1"
"GOCC_GOLGI_STACK",0.988599067196407,1,0.225807959744918,0.737516486007925,5722,144,"ABO;SULF1;GOLGA8Q;GOLGA8O;ACP3;CHSY3;RAB34;GOLGA8R;GOLGA8K;GOLGA8N;ARSL;FUT6;B4GALT1;ARAP1;LPCAT2;CHPF;CHPF2;YIPF2;TMED3;GALNT2;GOLIM4;BET1L;TMBIM4;ST3GAL1;TMEM87B;CHSY1;APH1A;MAN2A1;GPR89A;NAGPA;TMEM59;GCNT1;RAB30;UXS1;MGAT2;PSENEN;NSFL1C"
"GOCC_GOLGI_TRANS_CISTERNA",0.601912045889101,1,0.462576541390935,0.907746947895592,3147,9,"B4GALT1;YIPF2;ST3GAL1;TMEM59"
"GOCC_GOLGI_TRANSPORT_COMPLEX",0.795377036756347,1,0.374844606946984,0.755008312201279,4197,10,"COG6;COG4;TMEM115;COG7;COG8;COG2;COG3"
"GOCC_GPI_ANCHOR_TRANSAMIDASE_COMPLEX",0.714008160093258,1,0.477918000284882,0.817416588984757,3674,5,"PIGK;PIGT;GPAA1;PIGU"
"GOCC_GRANULAR_COMPONENT",0.970309278350516,1,-0.268702414693591,-0.501390389687491,4705,7,"RRP1B;CLEC3B"
"GOCC_GROWTH_CONE_MEMBRANE",0.443983402489627,1,-0.532456856086847,-1.02866733269043,2139,8,"TRPV2;GAP43;NECTIN1"
"GOCC_GTPASE_ACTIVATOR_COMPLEX",0.954116314199396,1,0.280422700014626,0.590809130757946,5052,12,"FLCN;LAMTOR2;RRAGC;LAMTOR4;LAMTOR1;FNIP1;LAMTOR5;RRAGA;LAMTOR3;GNB5;FNIP2;SLC38A9"
"GOCC_GTPASE_COMPLEX",0.991997022147776,1,0.213928419945417,0.56977085080698,5329,37,"GNAT1;GNG11;GNG12;GNG5"
"GOCC_GUANYL_NUCLEOTIDE_EXCHANGE_FACTOR_COMPLEX",0.999626377732113,1,0.169803307845516,0.425590886408201,5350,27,"RASGRP3;DOCK1;RIC1;RAP1A;LAMTOR2;EIF2B2;CCZ1B;WDR41;LAMTOR4;LAMTOR1;EIF2B1"
"GOCC_H3_HISTONE_ACETYLTRANSFERASE_COMPLEX",0.401244813278008,1,-0.551866487330432,-1.0661653071678,1933,8,"KAT6B;MEAF6;ING5;KAT6A;BRPF3;KAT7;BRD1"
"GOCC_H4_H2A_HISTONE_ACETYLTRANSFERASE_COMPLEX",0.16035470164419,1,0.484651863597687,1.24394628719482,867,30,"ACTBL2;POTEF;POTEI;MSL3B;POTEE"
"GOCC_H4_HISTONE_ACETYLTRANSFERASE_COMPLEX",0.167429932222019,1,0.443475747363233,1.21234200277238,913,43,"ACTBL2;POTEF;POTEI;MSL3B;POTEE"
"GOCC_HAPTOGLOBIN_HEMOGLOBIN_COMPLEX",0.604971839192076,1,0.512249590680651,0.913493191161715,3114,6,"HBE1;HBA1;HP"
"GOCC_HAUS_COMPLEX",0.665766113469703,1,0.451945345286133,0.859548448966118,3449,8,"HAUS8;HAUS4;HAUS7;HAUS5;HAUS1;HAUS3"
"GOCC_HEMIDESMOSOME",0.687344398340249,1,-0.428827986856203,-0.828464008641535,3312,8,"COL17A1;LAMA3;EPPK1"
"GOCC_HEMOGLOBIN_COMPLEX",0.722680412371134,1,-0.42909189673506,-0.800672199247147,3504,7,"HBZ;AHSP"
"GOCC_HETEROCHROMATIN",0.100069492703266,1,-0.394934096755349,-1.24632716933724,431,88,"DNMT3L"
"GOCC_HFE_TRANSFERRIN_RECEPTOR_COMPLEX",0.518439440993789,1,0.532511854249626,0.980229362520766,2670,7,"HFE;B2M"
"GOCC_HIGH_DENSITY_LIPOPROTEIN_PARTICLE",0.440894568690096,1,0.446479505544718,1.0135519170538,2345,17,"APOA4;APOC3;APOE;APOA1;LCAT;PLTP;APOL1"
"GOCC_HIPPOCAMPAL_MOSSY_FIBER",0.51621674111478,1,0.551777666724397,0.983983493121167,2657,6,"TNN;SLC30A3"
"GOCC_HIPPOCAMPAL_MOSSY_FIBER_TO_CA3_SYNAPSE",0.954878861969326,1,-0.244431613261594,-0.692097992658602,4295,45,"ADCY8;SYT9;RAPGEF4;SYT1;GRIK4;CACNG2;CTNNA2;NECTIN1;SYT12;EPHB2;P2RX3;GRIK5;SYT7;LNX1;PRKAR1B;PDYN;SLC16A7;C1QL2;PPP3R1;STXBP5;LRRTM2;CALB1;EFNB3"
"GOCC_HISTONE_ACETYLTRANSFERASE_COMPLEX",0.954959691552752,1,0.242985446065521,0.756259335534079,5448,97,"ACTBL2;POTEF;POTEI"
"GOCC_HISTONE_LOCUS_BODY",0.909073246551389,1,0.350100530067629,0.598801428109109,4678,5,"ZC3H8;ICE2;ICE1;ELL;CRAMP1"
"GOCC_HISTONE_PRE_MRNA_3_END_PROCESSING_COMPLEX",0.951641095358322,1,0.296665935512174,0.529043491825728,4899,6,"SNRPB;SLBP;ERI1;YBX1"
"GOCC_HOPS_COMPLEX",0.738383075179448,1,0.379164076498336,0.809066149411352,3908,13,"HOOK1;VIPAS39;VPS41;STX17;HOOK2;VPS39;VPS16;VPS18;VPS11;VPS33A;VPS33B;AKTIP;HOOK3"
"GOCC_HOST_CELLULAR_COMPONENT",0.888145315487572,1,0.336982712511208,0.661285217481679,4644,9,"CLEC4M;IFIT1"
"GOCC_HULC_COMPLEX",0.688237608182533,1,0.517107764293025,0.843638040350019,3498,4,"RNF20;UBE2A;RNF40;UBE2B"
"GOCC_IGG_IMMUNOGLOBULIN_COMPLEX",0.441726332537788,1,-0.77809861471545,-1.0391283449074,2220,1,"IGLL1"
"GOCC_IGM_IMMUNOGLOBULIN_COMPLEX",0.195936431301549,1,0.862767422748275,1.24600573633553,973,2,"CD79B;CD79A"
"GOCC_IMMUNOLOGICAL_SYNAPSE",0.450760079312624,1,-0.353047883779025,-0.998392564802609,2045,44,"CARD11;LCK;HLA-DRA;SCIMP;IL4I1"
"GOCC_INCLUSION_BODY",0.621704035874439,1,0.320693205990763,0.913099014092298,3465,54,"UBD;LRRK2"
"GOCC_INHIBITORY_SYNAPSE",0.105508870214753,1,0.577124936951964,1.34433623754837,564,19,"NLGN4Y;CEP112"
"GOCC_INNER_ACROSOMAL_MEMBRANE",0.0962081484469544,1,-0.867133496418138,-1.34865485901456,476,3,"TMEM190;SPACA4"
"GOCC_INNER_DYNEIN_ARM",0.800535751081805,1,-0.406516779494287,-0.732787303531165,3884,6,"DNAH3;DNAH1"
"GOCC_INNER_KINETOCHORE",0.661905656831423,1,0.379318450583504,0.861089787970756,3521,17,"CENPW;CENPQ;CENPK;CENPU;CENPM;ITGB3BP;CENPL;CENPP;CENPX"
"GOCC_INNER_MITOCHONDRIAL_MEMBRANE_PROTEIN_COMPLEX",0.998918334234721,1,0.197493552469396,0.565824881737214,5540,57,"IMMP2L;TIMM10;MTX1;SAMM50;SLC25A6;PHB2;ACAD9;TIMM22;TIMM21;ROMO1;DNAJC15;IMMP1L;MICOS13;MTX3;DNAJC19;MICU2;TMEM126B;SPG7;TIMM17B;TIMM29;PDSS2;MICU1;ECSIT;TIMM23;MICOS10;GRPEL1;MPC1;PHB1;AGK;TIMM10B;CHCHD3;TIMM50;CHCHD6;TIMM23B;MTX2;NDUFAF1;TIMM44;TMEM186;MCU;TIMM17A;SMDT1;DNAJC11;TRMT10B;PAM16;PDSS1;AFG3L2;COA1;IMMT;MCUB;TIMM9;MPC2;HSPA9;MICU3;CHCHD10;GRPEL2;APOO"
"GOCC_INO80_COMPLEX",0.917662116040956,1,-0.291252194265652,-0.6681150456556,4301,16,"INO80D;ACTR8;YY1AP1;TFPT;YY1;UCHL5;MCRS1;RUVBL1;INO80;RUVBL2;INO80C;NFRKB;ACTR5;INO80E;ACTL6A;INO80B"
"GOCC_INSULIN_RESPONSIVE_COMPARTMENT",0.900038595137013,1,0.339398288079413,0.645496795449276,4663,8,"RAB13;SLC2A4"
"GOCC_INTAC_COMPLEX",0.820898327382071,1,0.332828478514326,0.75555302821063,4367,17,"INTS2;INTS9;INTS8;INTS14;INTS6;INTS3;INTS13;INTS15;INTS4;INTS10;INTS12"
"GOCC_INTEGRATOR_COMPLEX",0.810490693739425,1,0.325200260815278,0.771695489857906,4310,21,"INTS2;SEM1;INTS9;INTS8;INTS14;INTS6;ESRRB"
"GOCC_INTERCALATED_DISC",0.111151274173143,1,0.458139358585848,1.27864954726864,614,48,"GJA5;FXYD1;VAMP5;GJA1;SCN1A;SCN4B;KCNJ2;PGM5;ATP1A2;VCL;DSP;SLC2A1;ITGB1;ACTN1;FHOD1;NRAP;CTNNA1;DSG2"
"GOCC_INTERCELLULAR_BRIDGE",0.822562776957164,1,0.295098548713729,0.794895818548955,4454,39,"CD34;TUBB6"
"GOCC_INTERCELLULAR_CANALICULUS",0.889881530394251,1,0.35881282034391,0.639869849090881,4581,6,"ABCC2;ABCB4"
"GOCC_INTERLEUKIN_5_RECEPTOR_COMPLEX",0.895116422831238,1,-0.350140707859165,-0.631163775054497,4343,6,"IL5RA"
"GOCC_INTERMEDIATE_DENSITY_LIPOPROTEIN_PARTICLE",0.290715971675846,1,0.729893649091793,1.19078863305327,1477,4,"APOC3;APOE"
"GOCC_INTERMEDIATE_FILAMENT_CYTOSKELETON",0.814239332096475,1,-0.264592372832786,-0.85672958344998,3510,105,"KRT77;KRT40;KRTAP15-1;KRTAP3-2;KRTAP4-6;KRTAP4-12;KRT5;KRTAP1-1;KRT72;KRT4"
"GOCC_INTERPHASE_MICROTUBULE_ORGANIZING_CENTER",0.837693099897013,1,-0.404394875734173,-0.699513158268971,4066,5,"NLRP3;MZT1;DYNLT2B"
"GOCC_INTERPHOTORECEPTOR_MATRIX",0.803651194406681,1,0.414132071021886,0.738520506414693,4137,6,"RBP3;VCAN"
"GOCC_INTRACELLULAR_CYCLIC_NUCLEOTIDE_ACTIVATED_CATION_CHANNEL_COMPLEX",0.837575286574704,1,0.404231500335885,0.691385413329874,4310,5,"CNGB3;CNGA1"
"GOCC_INTRACELLULAR_PROTEIN_CONTAINING_COMPLEX",1,1,-0.0987079502108033,-0.389752142554789,3138,998,"CARD11;PRAMEF6;PRAME;PRAMEF5;PRAMEF20;NAA11;CCDC68;ACTL8;SUPT20HL2;PRAMEF4;PRAMEF12"
"GOCC_INTRACILIARY_TRANSPORT_PARTICLE",0.989895209580838,1,0.225835955220604,0.561013443588583,5289,26,"IFT43;IFT25;IFT56;IFT70A;IFT80;TTC21B;IFT46;IFT20;IFT88;IFT172;IFT22;TRIM59;IFT52;IFT74"
"GOCC_INTRACILIARY_TRANSPORT_PARTICLE_B",0.940616246498599,1,0.278178294853766,0.647979559237897,5036,19,"IFT25;IFT56;IFT70A;IFT80;IFT46;IFT20;IFT88;IFT172;IFT22;TRIM59;IFT52;IFT74"
"GOCC_INWARD_RECTIFIER_POTASSIUM_CHANNEL_COMPLEX",0.639958805355304,1,-0.511651562526478,-0.885043362100907,3106,5,"KCNH2;KCNJ9;KCNJ3"
"GOCC_IONOTROPIC_GLUTAMATE_RECEPTOR_COMPLEX",0.504516413306896,1,-0.342623422505552,-0.968912981137911,2289,44,"GRIN2B;GRIN1;GRIA1;GRIA3;NRN1;OLFM3;CNIH2;VWC2L;SHISA7;DLG3;GRIK4;CACNG8;CACNG2;GRIN2C;CACNG7;DLG4;GRIK1;GRIK5"
"GOCC_IRON_SULFUR_CLUSTER_ASSEMBLY_COMPLEX",0.955412647374062,1,-0.256292069066433,-0.642177605193246,4456,24,"FXN;BOLA2B;MMS19;ISCA1;LYRM4;GLRX5;BOLA3;GLRX3;CIAO2B;ISCA2;NDUFAB1;NUBP1;CIAPIN1;NFS1;CIAO1;ISCU;CIAO3;FDX2;IBA57;CIAO2A;BOLA2;NDOR1;NUBP2;BOLA1"
"GOCC_ISWI_TYPE_COMPLEX",0.816997651078369,1,-0.334378890997045,-0.753181418095444,3825,15,"CECR2;BAZ1A;RSF1;BPTF;SMARCA5;RBBP7;BAZ2A;SMARCA1;BAZ1B"
"GOCC_JUNCTIONAL_MEMBRANE_COMPLEX",0.934473521533072,1,-0.317596897902961,-0.572500290673595,4534,6,"JPH4;JPH1;JPH3"
"GOCC_JUNCTIONAL_SARCOPLASMIC_RETICULUM_MEMBRANE",0.907281964436918,1,-0.316682929758353,-0.647179497231117,4285,10,"RYR1;JPH4;JPH1;JPH3;AKAP6"
"GOCC_JUXTAPARANODE_REGION_OF_AXON",0.196345091372716,1,-0.582603027033766,-1.24716730358435,923,12,"KCNAB1;LGI3;KCNA2;DLG2;DLG4;CNTNAP2;SPTBN4;EPB41L3"
"GOCC_KAINATE_SELECTIVE_GLUTAMATE_RECEPTOR_COMPLEX",0.91740473738414,1,-0.343609748520318,-0.594368412713157,4453,5,"GRIK4;GRIK1;GRIK5"
"GOCC_KATANIN_COMPLEX",0.975908296094813,1,0.281709453133586,0.481827384881827,5022,5,"KATNA1;KATNAL2"
"GOCC_KERATIN_FILAMENT",0.195302305350152,1,-0.449394322246438,-1.19770547831181,897,32,"KRT77;KRT40;KRTAP3-2;KRTAP4-6;KRTAP4-12;KRT5;KRTAP1-1;KRT72;KRT4"
"GOCC_KINESIN_COMPLEX",0.925413130861992,1,-0.258596299250419,-0.734590403700448,4143,46,"KIF21A;BORCS5;KIF25;KIF5C;KIF6;KIF5A;KIF21B;KIF14;KIF3C;KLC3;KLC1;KIF1A;KIF1B;KIF15;KLC2;KIF13A;KIF3A;KIF2A;KIF3B"
"GOCC_KINETOCHORE_MICROTUBULE",0.744413145539906,1,0.345465342891536,0.811262670871728,3963,20,"CHMP4C;CHMP4A;CHMP2A;CHMP6;CHMP5;ZW10;CHMP2B;CHMP4B;CHMP7;BBLN;KIF18A;CHMP3;ZWILCH;CHMP1A;RAB11A;CHMP1B;CLASP1;CENPE;KNTC1;CLASP2"
"GOCC_KINOCILIUM",0.710561370123692,1,0.39832418379357,0.821743434963945,3733,11,"STRCP1;DCDC2"
"GOCC_L_TYPE_VOLTAGE_GATED_CALCIUM_CHANNEL_COMPLEX",0.537969283276451,1,-0.408506820201647,-0.937090117098679,2521,16,"CACNA2D3;CACNB2;CACNB1;CACNG8;CACNA2D4;CACNG7;CACNG4;CACNB4;CACNG1"
"GOCC_LAMELLAR_BODY",0.895093062605753,1,0.309736511685996,0.68430052677497,4760,15,"ABCA12;SPINK5;NAPSA;SFTPA2;CTSH;CKAP4;SFTPC;KLK7"
"GOCC_LAMELLIPODIUM",0.829280563474761,1,0.258680059304697,0.874888771957873,4944,204,"FAP;ACTG2;TRPV4;FGD2;PLEK2;ARHGAP31;ITGB3;CSPG4;ACTA2;ACTC1;PEAR1;AIF1;CLRN1;RAB13;PLXND1;GSN;CIB1;ITGAV;PLEKHH2;LIMA1;NEDD9;EPHA2;ARAP3"
"GOCC_LAMELLIPODIUM_MEMBRANE",0.130597714071576,1,0.533455588882512,1.3040576283554,696,24,"FAP;PLEK2;ITGB3;CSPG4;PLXND1;ITGAV;EPHA2;PIEZO1;FERMT2;VASP"
"GOCC_LAMIN_FILAMENT",0.654750340003886,1,0.5143127617355,0.879665095515468,3369,5,"LMNA;EIF6;LMNTD2"
"GOCC_LAMININ_COMPLEX",0.374005305039788,1,0.538402585113112,1.08444517951555,1973,10,"LAMB1;LAMC1;LAMB4;LAMB2;LAMA1"
"GOCC_LARGE_RIBOSOMAL_SUBUNIT",0.186310459228217,1,0.361457211192382,1.14297810120452,1066,109,"RPLP0P6;RPL9;RPL27;RPLP1;RPL31;RPL27A;RPL30;RPL39L;MRPL33;RPL41;RPL22;MRPS18A;RPL24;RPL23A;RPL35A;RPLP2;RPL10;MRPL53;RPL19;RPL37A;RPL21;MRPL51;RPL23;RPL34;RPL3;RPL7A;RPL26;RPL28;RPL13A;UBA52;RPL37;RPL18;RPL15;RPL11;RPL7;RPL14;RPLP0;MRPL54;MRPL28;RPL39;RPL10A;RPL13;RPL38;GADD45GIP1;RPL29;MRPL17;RPL36AL;RPL5;RPL8;RPL26L1;RPL6;MRPL10;RPL4;RPL36;MRPL52;RPL35;MRPL49;RPL17;MRPL45;RPL12;RPL18A;MRPL55;MRPL16;MRPL24;MRPL36;MRPL22;RBM3;MRPL14;RPL32;MRPL2"
"GOCC_LATE_ENDOSOME",0.994971613949716,1,0.221987521568668,0.782419732651405,6133,309,"PGA4;ANXA8;MBL2;CD1E;LRRK2;RAB7B;IFITM2;CHMP4C;PGA5;VAMP5;HLA-DMB;ATP10B;ACP3;PLD1;MYOF;HLA-DRB5;IFITM3;SIGLEC1;APOE;B2M;LITAF;ANXA6;MCOLN3;GFRA1;NPC2;ATP13A4;EGFR;ANXA2;ARAP1;CD68;IL12A;GRN;LAPTM4A;RAB27A;VAMP8;WDR81;CTSS;UNC13D;TPT1;PCSK9;MCOLN2;NAPSA;SFTPA2;CTSL;CTSH;YIPF2;RHOB;HLA-DMA;SLC2A4;SLC30A3;MVB12A;PIK3C3;CD63;SDF4"
"GOCC_LATE_ENDOSOME_LUMEN",0.288431677018634,1,0.637117967984523,1.17278467065869,1485,7,"PGA4;PGA5;IL12A;NAPSA;CTSH;SFTPC"
"GOCC_LATE_ENDOSOME_MEMBRANE",0.999657182036339,1,0.197429940363635,0.655752233354682,5831,168,"ANXA8;RAB7B;IFITM2;CHMP4C;HLA-DMB;ATP10B;PLD1;MYOF;HLA-DRB5;IFITM3;B2M;LITAF;ANXA6;MCOLN3;ATP13A4;ANXA2;CD68;LAPTM4A;RAB27A;VAMP8;WDR81;MCOLN2;YIPF2;RHOB;HLA-DMA;SLC30A3;MVB12A"
"GOCC_LATERAL_ELEMENT",0.952380952380952,1,-0.267994846840179,-0.60365275506324,4459,15,"MEI4;REC8;BRCA2"
"GOCC_LATERAL_PART_OF_CELL",0.372193614830072,1,-0.644289419796286,-1.11447734361808,1806,5,"KCNE3"
"GOCC_LATERAL_PLASMA_MEMBRANE",0.962002275312856,1,-0.240365164187484,-0.729502822108026,4227,68,"CLDN7;CDH1;TACSTD2;TMEM114;EPCAM;FGF13;SLC16A3;SCN5A;DSG1;MYO1A;CEACAM1;CLDN18"
"GOCC_LEADING_EDGE_MEMBRANE",0.994777628032345,1,0.218066727573415,0.730799022410845,5904,182,"FAP;TRPV4;FGD2;PLEK2;PLEK;GPER1;ITGB3;CSPG4;AIF1;ITGA5;PKHD1L1;JCAD;RAB34;TLN1;PLXND1;DLC1;EPS8;CIB1;ITGAV;GABRE;EPHA2;TPM1;EGFR;ITGB1;SH3YL1;DDN;KCNN4"
"GOCC_LEWY_BODY",0.547394259818731,1,0.448067773519148,0.944012491783614,2898,12,"LRRK2;FBXO7;SQSTM1"
"GOCC_LIPID_DROPLET",0.992801966292135,1,0.221819410608113,0.689227141993435,5654,95,"DHRS3;AQP7;CIDEA;ALOX15;TMT1A;IRGC;CAV1;STARD13;PLIN3;PNPLA2;CIDEC;ANXA2;PLIN1;LPCAT2;DHRSX;LDAH;HSD17B13;ABHD4"
"GOCC_LIPOPOLYSACCHARIDE_RECEPTOR_COMPLEX",0.385916601101495,1,0.686035341475158,1.11923577841503,1961,4,"TRIL;TLR4"
"GOCC_LOW_DENSITY_LIPOPROTEIN_PARTICLE",0.336796373252739,1,0.517809347562266,1.10490956535342,1782,13,"APOA4;APOE;APOA1;MSR1"
"GOCC_LSM1_7_PAT1_COMPLEX",0.397915862601312,1,0.565574824998247,1.07565874651003,2061,8,"LSM7;LSM5;LSM6;LSM2;LSM1;LSM3;LSM4"
"GOCC_LSM2_8_COMPLEX",0.345885093167702,1,0.609149173696182,1.12130068363202,1781,7,"LSM8;LSM7;LSM5;LSM6;LSM2;LSM3;LSM4"
"GOCC_LUMENAL_SIDE_OF_ENDOPLASMIC_RETICULUM_MEMBRANE",0.154446854663774,1,-0.479497249779909,-1.25023726693972,711,29,"HLA-DQB1;HLA-DRA;HLA-H"
"GOCC_LUMENAL_SIDE_OF_MEMBRANE",0.205843872655909,1,-0.42486025226487,-1.17529235119465,943,39,"HLA-DQB1;HLA-DRA;HLA-H"
"GOCC_M_BAND",0.537193179688964,1,0.387269541246602,0.946698863067967,2866,24,"S100A1;CRYAB;TTN"
"GOCC_MAD_MAX_COMPLEX",0.971976097259427,1,-0.276556226344973,-0.498520360291635,4716,6,"MXD1;MNT;MXI1"
"GOCC_MAIN_AXON",0.998179749715586,1,-0.203126185465175,-0.616483366222331,4386,68,"ADORA2A;KCNAB1;MAP2;MAP1B;TUBB4A;LGI3;KCNQ3;LRRC7;SCN2B;NRCAM;MBP;MYO1D;NAV1;BIN1;KCNA2;HAPLN2;KCNC1;MAPT;CRHBP;DLG2;ANK1;MAP1A;TRIM46;DLG4;CNTNAP1;ADORA1;KCNC2;KCNA4;ROBO2;CD40;CNTNAP2;SPTBN4;EPB41L3"
"GOCC_MALE_PRONUCLEUS",0.55643153526971,1,-0.482603714150665,-0.932354743312552,2681,8,"DPPA3"
"GOCC_MANCHETTE",0.991585639491399,1,0.216610219608068,0.534985133299162,5302,25,"PPP1R42;CFAP221;RIMBP3B;SPAG17;SPEF2;PACRG;RIMBP3;CFAP53;SNAPIN;IFT20;IFT88"
"GOCC_MANNOSYLTRANSFERASE_COMPLEX",0.487842531840988,1,0.52443811454411,0.997421419728773,2527,8,"POMT2;DPM2;DPM1;PIGV;DPM3;PIGM"
"GOCC_MATRIX_SIDE_OF_MITOCHONDRIAL_INNER_MEMBRANE",0.865567010309278,1,-0.362117500822579,-0.675700049279921,4197,7,"BDH1;PAM16;NDUFAF5;COA8;NOA1;DNAJC19;AMBP"
"GOCC_MCM_COMPLEX",0.826416684221614,1,-0.345350835496727,-0.726017131549611,3922,11,"MCM4;MMS22L;MCM2;MCM8;MCM6;MCM9;MCM7;MCM3;TONSL;MCM5;MCMBP"
"GOCC_MCRD_MEDIATED_MRNA_STABILITY_COMPLEX",0.86529351184346,1,-0.384353865838055,-0.664846670218444,4200,5,"CSDE1;SYNCRIP;PABPC1;PAIP1;HNRNPD"
"GOCC_MEDIATOR_COMPLEX",0.998889300259163,1,0.169658627144696,0.454310516909448,5395,38,"HAVCR2;MED11;MED21;MED9;MED25;MED13L;MED12L;MED4;MED28;MED20;MED27;MED22;MED6;MED26;MED23"
"GOCC_MEIOTIC_COHESIN_COMPLEX",0.435947204968944,1,0.568217186341402,1.04595450015969,2245,7,"SMC1B;RAD21L1;STAG3"
"GOCC_MEIOTIC_SPINDLE",0.988897252540459,1,0.227732383500247,0.51008540256613,5254,16,"RSPH1;SEPTIN1;FBXO5;AURKA;CNTRL"
"GOCC_MEMBRANE_COAT",1,1,-0.142062987737696,-0.453297547120478,4305,95,"AP1M2;KCNQ5;ARL6;BTBD8;NCALD;AP1S2;SGIP1;MYCBPAP;AP1S3;EPS15;STON2;AP2B1;AP3B2;AP1G2"
"GOCC_MEMBRANE_MICRODOMAIN",0.963600264725347,1,0.237155900728596,0.826999839324275,5823,282,"STOML3;TGFBR2;SULF1;PECAM1;MAG;TREM2;CAVIN2;MAL;TFPI;LCP2;CAVIN3;LRRK2;MS4A4A;FXYD1;PLVAP;AHNAK;CAVIN1;EHD2;PTPRC;MME;MYOF;FYB2;PRTN3;SERPINH1;PLLP;ABCB4;NTSR1;GJA1;TNFRSF11A;CAV1;TLR2;FAS;DLC1;LRP4;LYPD6;HAS2;CDH15;ANGPT1;PAG1;GASK1A;SLC6A4;ICAM1;CD226;SLC6A3;CD4;ATP1A2;ITLN1;VCL;P2RX1;EGFR;ANXA2;SKAP1;LYN;RIT2;PLPP3;CD36;SLC2A1;IRS1;ITGB1;TNFRSF1A;CAV2;SGCA;PLSCR1;ACE2;HYAL2;NOS3;ADRA1B;FURIN;TNFRSF10A;ABCG2;SMPD2"
"GOCC_MEMBRANE_PROTEIN_COMPLEX",0.999579242636746,1,0.220263776228719,0.848002688605813,7126,1291,"STING1;CD34;OSMR;CHRNG;IGF1;CXCL8;CPLX4;GJB3;MEP1A;ITGB6;ATP1A4;WNT3A;ITGA8;ERBB3;TGFBR2;GJB2;IL22RA1;FXYD3;ITGA4;NOX5;CLIC6;MTCO2P12;KCNJ15;CDH19;EMILIN1;PDGFRA;ITGAL;CD8B;IL1A;CD3E;ATP6V0D2;IL2RB;GNAT1;KCNMB1;GJA5;SNTB1;ITGB3;RHAG;ITGA1;HFE;FXYD1;CD79B;AHNAK;IL1R1;GJA3;CHMP4C;CHRNB3;CD6;GJB1;IRAG2;TRAC;IL1RAP;HLA-DMB;TRIL;GNG11;KCNA7;CDH11;NCF2;FCER1G;CNGB3;KRT19;ITGA9;TGFB1;RARRES2;ITGA5;KCNK5;ACVRL1;CACNA1G;ABCC9;CLIC2;TLR4;SYK;SLC7A8;KCNE5;BMP2;SCN10A;INSRR;HLA-DRB5;HVCN1;INHA;GJA1;SCN1A;SCN4B;FXYD2;TMEM37;CDH9;CAV1;ACKR1;GJA4;TLR2;FAS;SGCG;GJC3;GJA8;KCNK13;UQCRFS1P1;IL23A;TGFBR3;HLA-E;ITGB5;CALCR;CMKLR2;COPZ2;B2M;CDH6;ITGA10;KCNE2;EPS8;HAS2;TTYH2;CACNA1S;KCNJ2;IL6R;HSPG2;CDH15;PGM5;TGFB2;ITGAV;COL13A1;CYBA;CASQ2;GNG12;CMKLR1;CDH5;SCNN1B;TAPBPL;SLC6A3;CD4;IL18R1;SLC4A1;GABRE;TMEM109;SEC24D;NOX4;ATP1A2;BTLA;CATSPERE;GFRA1;CPLX3;HAS1;GRID2;IMMP2L;EGFR;MAGT1;CHRNA1;ANXA2;GNG5;SKAP1;LYN;FLNA;IL10RB;IL4R;AQP1;GRIK2;DRD1;NECAP2;IRS1;CACNG5;IL12A;GRIN3B;ITGB1;KCNJ6;MS4A2;OSTC;BAX;CLDN4;CAV2;EVC2;GPR156;VTN;SGCA;STX11;VAMP8;KCNN4;ACE2;CNGA1;TRPC6;CASP8;VAMP3;ATP2A1;KCNK17"
"GOCC_METHYLOSOME",0.890207156308851,1,0.314159292035398,0.683014449701933,4726,14,"SNRPB;SNRPD2;ERH;COPRS;SNRPF;SNRPG;CLNS1A;PRMT1;SNRPD3;WDR77;PRMT5;RIOK1;SNRPD1;SNRPE"
"GOCC_MHC_CLASS_I_PEPTIDE_LOADING_COMPLEX",0.242184484754921,1,0.63939648303499,1.21605911201312,1254,8,"B2M;TAPBPL;TAP1;CALR;PDIA3;HLA-A;TAPBP"
"GOCC_MHC_CLASS_I_PROTEIN_COMPLEX",0.791282481139983,1,-0.375381672420663,-0.748465076575698,3775,9,"HLA-H;MR1;HLA-F"
"GOCC_MHC_CLASS_IB_PROTEIN_COMPLEX",0.69683433676442,1,0.469306455104187,0.836912823563746,3587,6,"HLA-E;B2M;HLA-B;HLA-A"
"GOCC_MHC_CLASS_II_PROTEIN_COMPLEX",0.244156396090098,1,-0.556025975981475,-1.19027431202736,1148,12,"HLA-DQB1;HLA-DRA;HLA-DOB;HLA-DOA"
"GOCC_MHC_PROTEIN_COMPLEX",0.237117810562326,1,-0.488347654299002,-1.17927042004797,1108,20,"HLA-DQB1;HLA-DRA;HLA-H;HLA-DOB;HLA-DOA;MR1;HLA-F"
"GOCC_MIB_COMPLEX",0.988954970263382,1,-0.222145025048451,-0.484589020937052,4655,13,"APOOL;APOO;HSPA9;IMMT;DNAJC11;MTX2;CHCHD6;CHCHD3;MICOS10;MTX3;MICOS13;SAMM50;MTX1"
"GOCC_MICOS_COMPLEX",0.569991617770327,1,-0.462143625945609,-0.921457784957406,2719,9,"APOOL;APOO;CHCHD10;IMMT;DNAJC11"
"GOCC_MICROBODY",0.823468685478321,1,0.262748689246451,0.860532154416042,4785,147,"STING1;DHRS4L1;URAD;ACOT6;CRYM"
"GOCC_MICROBODY_LUMEN",1,1,-0.180917870549198,-0.516868237663474,4480,47,"DAO;ACOT4;NOS2;POMC;BAAT;CROT;AMACR;EHHADH;ACOXL;IDH1"
"GOCC_MICROBODY_MEMBRANE",0.999544003647971,1,-0.196196966366234,-0.592037974321132,4383,66,"FAR2;RAB8B;MPV17L;PEX5L;ACSL4;PLAAT3;TMEM35A;SYT7;ABCD2;TRIM37;GDAP1;PEX26;HMGCR;AGPS;PECR;PEX5;PEX16;PEX13;MAP2K2;CNOT1;USP30;ACSL6;ATAD1;PEX7;ACSL3;PEX1;TTC1;PNPLA8;ACSL1;GNPAT;MAVS;SLC25A17;ACOX1;PEX10;TMEM135;PEX12;SLC27A2;ALDH3A2;IMPDH2;ACBD5;FAR1;FIS1;FNDC5;ABCD4;NBR1;ABCD3;HSD17B4;PXMP2;PEX19;PEX11B;PEX14;MARCHF5;PEX3;PXMP4;MPV17;CAT;DECR2;DHRS7B;PJVK;MGST1;PEX11G;DHRS4;PEX6;PEX11A;ABCD1;PEX2"
"GOCC_MICROTUBULE",1,1,-0.151980701427783,-0.574417501137645,3689,472,"SPMIP9;CIMIP2C;SAXO1;TEKT5;PYCARD;CIMAP1D;DNAH3;MX2;MX1;TUBB8B;TRIM54;MTUS1;TUBA8;CIMIP2A;MT3;KIF21A;CFAP276;TUBA3D;TTLL6;DNAH1;CAPN6;FGF13;GAS2L2;EML6;CYP2A6;SPMIP8;TUBA4A;CFAP95;TPPP3;DNAH17;MAP2;DCX;TCP11L1;MAP1B;TUBB4A;ENKUR;DPYSL2;SYBU;GAS8;ARL6;TUBB3;MAP7;KIF25;RAB3D;KIF26A;NAV3;CCSAP;FAM161A;SARM1;NAV1;TEKT2;DNAL1;MAP6;DNM3;KIF5C;KIF6;KIF5A;DYNC1I1;KIF21B;TUBB2A;REEP2;MAPRE3;SHROOM1;SNPH;TUBB1;TUBB8;KIF14;HID1;KIF3C;MAPT;DYNLT3;TUBB2B;SLAIN1;APC2;CRHBP;KATNAL1;MAP1A;PDE4DIP;CAMSAP3;MAP1LC3A;MAP7D2;TUBA1A;MAPRE2;KLC3;DYRK1A;EML1;GAS2L3;DYNLL2;TPGS2;EFHC2;CENPV;ARL3;LRRC49;NCKAP5;ARHGAP18;KLC1;KIF1A;FKBP4;MID2;WDR47;APC;CCDC181;RGS14;STAU2;SNTB2;SPAST;BEX4;MAP1S;KIF1B;KIF15;SHROOM2;CLASP2;PIERCE2;ATAT1;FBXW11;KLC2;CALM3;FSD1;MAP9;SLC8A3;JAKMIP1;CEP170B;KNTC1;TTL;KIF4A;CLIP3;KIF13A;CENPE;FEZ1;DYNC1LI1;SHTN1;CKAP5;HSPH1;REEP1;CYLD;EFCAB6;KIF3A;KIF2A;SKA2;OPA1;EML2;MID1IP1;BICD1;CLIP2;BAIAP2;KIF3B;DYNC2H1;CDK5;HAUS6;FAM110A;RUSC1"
"GOCC_MICROTUBULE_ASSOCIATED_COMPLEX",1,1,0.121962782204535,0.401625585088359,5827,154,"RP1;DNAI2;DYNLRB2;DNAI3;DRC1;DNAI7;KIF12;KIF19;KIF4B;CFAP70;AURKC;DNAH9;HAUS8;KIF20A;DNAH7;AURKB;DISC1;DNAH11;KATNA1;ODAD1;NDE1;HAUS4;KATNAL2;HAUS7;DNAI4;DNAL4;FNTB;DNAH14;KIF27;KIFC3;KIF18B;KIF7;KIFC1;DYNC2I2;HAUS5;HAUS1;DYNLT2;DYNLT4;CDCA8;DCTN2;PXN;CCDC65;DYNC2LI1;KIF22;KIF1C;AURKA"
"GOCC_MICROTUBULE_BUNDLE",0.563362868328869,1,-0.524604138593981,-0.945651622596738,2733,6,"TPPP3;ATAT1;MARK2;TPPP;MTCL1"
"GOCC_MICROTUBULE_CYTOSKELETON",1,1,-0.126542475193392,-0.505675196652363,2902,1272,"LCK;KNCN;SPMIP9;CIMIP2C;CCDC68;SAXO1;TEKT5;MYC;ODF1;KHDC3L;PYCARD;SEPTIN12;CIMAP1D;HEPACAM2;C10orf90;TTLL2;SPATC1;DNAH3;NR0B1;MX2;MX1;TUBB8B;TRIM54;DEUP1;MTUS1;CIBAR2;CCDC141;CCDC178;TUBA8;CCDC187;CIMIP2A;MT3;CADPS2;CAPG;TRIM75;ALDOB;CABCOCO1;PLA2G3;USP44;KIF21A;CFAP276;TUBA3D;USP50;BIRC7;ANKFN1;KBTBD8;DYSF;TTLL6;DNAH1;BCL2L10;CAPN6;FGF13;GAS2L2;EML6;CYP2A6;CCNA1;PLK5;RASSF10;PRKCQ;FTCD;SPMIP8;JADE1;BRCA2;RIMBP3C;TUBA4A;SNCG;CRACR2A;CFAP95;TPPP3;CCDC62;FES;BORCS5;DNAH17;CLIC5;MAP2;CCNJL;DCX;RPS6KA2;TCP11L1;TTC39A;MAP1B;TUBB4A;BICDL1;AGBL4;ENKUR;UBXN2B;DPYSL2;TTBK1;RAP1GAP2;SYBU;USH1G;GAS8;ARL6;TUBB3;AGTPBP1;DNAAF19;TTC23L;MAP7;ASAP1;TBL1X;SEPTIN3;CEP85L;PAK1;KIF25;MAST1;RAB3D;MEIG1;KIF26A;TBC1D30;NAV3;CCSAP;SEPTIN6;PDE4B;FAM161A;ZNF365;NLRP3;STX1B;DYNLT5;SARM1;NSMCE1;NAV1;CRMP1;TEKT2;DNAL1;MAP6;DNM3;DTL;PRKCA;INTU;SNX10;KIF5C;BRSK2;KIF6;KIF5A;DYNC1I1;KIF21B;TUBB2A;SPMIP6;REEP2;MAPRE3;CAMK2B;SHROOM1;RAB11FIP4;HAP1;SNPH;XRCC2;LRGUK;USP9X;CCDC112;TUBB1;TUBB8;KIF14;HID1;KIF3C;CCNJ;MAPT;DYNLT3;CEP68;TUBB2B;STAG2;SLAIN1;MLLT11;MARK1;AFG2A;APC2;CRHBP;PARD6A;PDE4D;ZNF766;CCDC13;KATNAL1;NCOR1;SSX2IP;GAN;MAP1A;BMERB1;PDE4DIP;TTLL12;CAMSAP3;SEPTIN5;TERF1;MAP1LC3A;MAP7D2;TUBA1A;CCDC88C;BRSK1;MAPRE2;KLC3;GSK3B;DYRK1A;EML1;GAS2L3;TTBK2;DYNLL2;TPGS2;EFHC2;CENPV;ARL3;NME3;POC5;FRY;DAAM1;STRBP;PRKAA2;CCDC88A;ADCY10;LRRC49;NCKAP5;DDX3X;CHP1;ARHGAP18;MBIP;MECP2;IFT57;KIAA0753;CENATAC;STK33;KLC1;KIF1A;FKBP4;PLEKHA7;PRKAR2B;MID2;WDR47;HYLS1;APC;SNX4;CCDC181;RGS14;STAU2;CCSER2;ITSN2;FMN2;SNTB2;SPAST;BEX4;MAP1S;KIF1B;KIF15;SHROOM2;FNIP2;CLASP2;PIERCE2;ATAT1;SEPTIN4;MAST3;FBXW11;KLC2;CALM3;FSD1;PCM1;SLC1A4;MAP9;CEP126;NEIL1;FAM234B;SLC8A3;JAKMIP1;CDC25B;PRKACB;CEP170B;KNTC1;MAP7D1;TTL;KIF4A;CLIP3;KIF13A;MIB1;CENPE;RIF1;FEZ1;PLK3;DYNC1LI1;LSM14A;TRIM69;SHTN1;DTX4;CKAP5;TAPT1;TAOK1;HSPH1;REEP1;CYLD;PPP1CC;RAB6A;PTP4A1;EFCAB6;KIF3A;KIF2A;CLTCL1;FAM184A;AKAP11;SKA2;ERCC2;PATJ;OPA1;EML2;MID1IP1;CENPF;BICD1;CLIP2;KLHL42;ECT2;BAIAP2;DNHD1;KIF3B;ODAD3;PRKAR2A;TRAF3IP1;DYNC2H1;PPP4R3A;FER;CCDC78"
"GOCC_MICROTUBULE_END",0.762505437146585,1,-0.305162776768934,-0.821282873678823,3505,34,"GAS2L2;NAV3;MAPRE3;SLAIN1;PDE4DIP;CAMSAP3;MAPRE2;NCKAP5;CLASP2;CLIP3;CKAP5;CLIP2;DCTN1;CLIP1;ASPM;CLIP4;TBCB;CLASP1;CAMSAP2;CAMSAP1;MISP;MAPRE1"
"GOCC_MICROTUBULE_MINUS_END",0.989130434782609,1,0.241655394289475,0.444830873160309,5095,7,"SVIL;NUMA1;ABRAXAS2;CAMSAP1;CAMSAP2;ASPM"
"GOCC_MICROTUBULE_ORGANIZING_CENTER",1,1,-0.0919649184794131,-0.358921253526094,3304,779,"LCK;KNCN;CCDC68;SAXO1;ODF1;KHDC3L;HEPACAM2;C10orf90;TTLL2;SPATC1;NR0B1;DEUP1;MTUS1;CIBAR2;CCDC141;CCDC178;CCDC187;CIMIP2A;CADPS2;CAPG;ALDOB;CABCOCO1;PLA2G3;USP50;BIRC7;DYSF;TTLL6;GAS2L2;CCNA1;PLK5;RASSF10;PRKCQ;FTCD;JADE1;BRCA2;SNCG;CRACR2A;CCDC62;CLIC5;CCNJL;TTC39A;BICDL1;AGBL4;UBXN2B;RAP1GAP2;USH1G;GAS8;TTC23L;ASAP1;CEP85L;PAK1;KIF25;TBC1D30;CCSAP;PDE4B;FAM161A;ZNF365;NLRP3;STX1B;CRMP1;TEKT2;DTL;PRKCA;INTU;SNX10;BRSK2;MAPRE3;CAMK2B;RAB11FIP4;HAP1;XRCC2;USP9X;CCDC112;CCNJ;CEP68;MLLT11;PARD6A;PDE4D;ZNF766;CCDC13;KATNAL1;SSX2IP;PDE4DIP;TTLL12;CAMSAP3;MAP7D2;CCDC88C;BRSK1;MAPRE2;GSK3B;TTBK2;DYNLL2;TPGS2;EFHC2;CENPV;ARL3;NME3;POC5;FRY;DAAM1;PRKAA2;CCDC88A;LRRC49;DDX3X;MECP2;IFT57;KIAA0753;CENATAC;PLEKHA7;PRKAR2B;HYLS1;APC;RGS14;ITSN2;SPAST;MAP1S;KIF15;FNIP2;CLASP2;FBXW11;CALM3;FSD1;PCM1;SLC1A4;CEP126;NEIL1;FAM234B;CDC25B;PRKACB;MAP7D1;KIF13A;MIB1;FEZ1;PLK3;DYNC1LI1;TRIM69;DTX4;CKAP5;TAPT1;CYLD;PPP1CC;RAB6A;KIF3A;KIF2A;FAM184A;AKAP11;PATJ;CENPF;BICD1;ECT2;KIF3B;ODAD3;PRKAR2A;TRAF3IP1;PPP4R3A;CCDC78;RAB3IP"
"GOCC_MICROTUBULE_ORGANIZING_CENTER_ATTACHMENT_SITE",0.946760136415309,1,0.289742629199981,0.583596747534316,4996,10,"IRAG2;CLMN;SYNE4;SUN1;SYNE1"
"GOCC_MICROTUBULE_PLUS_END",0.796479175611851,1,-0.308728451103261,-0.788776731914222,3709,26,"GAS2L2;MAPRE3;SLAIN1;PDE4DIP;MAPRE2;NCKAP5;CLASP2;CLIP3;CKAP5;CLIP2;DCTN1;CLIP1;CLIP4;TBCB;CLASP1"
"GOCC_MICROVESICLE",0.617624223602484,1,0.490640884751671,0.903154733267785,3181,7,"SLC30A3;AP3B1;SNAPIN;BLOC1S5;BLOC1S6;SYT4;PPFIA3"
"GOCC_MICROVILLUS",0.97919605077574,1,0.232208738726147,0.712388023733079,5553,87,"PDGFRA;LRRK2;ITGB3;ICAM2;OTOP1;SLC38A4;CLRN1;AMN;TGFB1;SLC7A8;ANGPT1;ITGAV;SYTL1;FOXA1;MYO7B;CD302;RAPGEF3;HYAL2;SPN;NHERF1;ESPN"
"GOCC_MICROVILLUS_MEMBRANE",0.907387230333406,1,-0.274915622133512,-0.722039071662208,4163,30,"FCRL3"
"GOCC_MIDBODY",1,1,-0.0918199900841992,-0.3184627889187,4082,186,"SEPTIN12;HEPACAM2;CAPG;USP50;FAM50B;TEX14;PTCH1;TTC23L;SEPTIN6;ANKRD45;PITPNM1;CRMP1;MAPRE3;RAB11FIP4;KIF14;APC2;TTLL12;MAP7D2;ARL3;GDI1;URB2;SPAST;MICAL1;NAT10;EXOC5;CEP126;RASGEF1B;MAP7D1;KIF4A;KIF13A;CENPE;CYLD;PPP1CC;CENPF;ECT2"
"GOCC_MIGRASOME",0.809089143523014,1,0.411290154858933,0.7334525256648,4165,6,"TSPAN9;PKD2;PKD1;EPCIP"
"GOCC_MISMATCH_REPAIR_COMPLEX",0.978306374881066,1,0.251489999634356,0.518824275720397,5140,11,"PMS2P6;MLH3;MLH1;MSH3"
"GOCC_MITOCHONDRIA_ASSOCIATED_ENDOPLASMIC_RETICULUM_MEMBRANE_CONTACT_SITE",0.493928638146834,1,0.390383351234618,0.978447349459758,2643,27,"FATE1;RAB32;RAB38"
"GOCC_MITOCHONDRIAL_2FE_2S_ASSEMBLY_COMPLEX",0.26076210092688,1,-0.702046500850388,-1.21438424304949,1265,5,"FXN"
"GOCC_MITOCHONDRIAL_COMPLEX_I_INTERMEDIATE_ASSEMBLY_COMPLEX",0.864439697028549,1,0.376910141112817,0.672142748086661,4450,6,"ACAD9;TMEM126B;ECSIT;NDUFAF1;TMEM186;COA1"
"GOCC_MITOCHONDRIAL_CRISTA",0.87630258587418,1,0.353462264536686,0.672244873012706,4540,8,"LYN;SLC8B1;ATPSCKMT"
"GOCC_MITOCHONDRIAL_CRISTA_JUNCTION",0.645643153526971,1,-0.444712853612703,-0.85915239837632,3111,8,"APOOL;APOO;IMMT"
"GOCC_MITOCHONDRIAL_ENVELOPE",1,1,0.113278114630273,0.427266484949369,6744,809,"STING1;SOX10;RHOD;MTCO2P12;SLC25A2;PLA2G4A;FATE1;LRRK2;GPER1;CIDEA;ACSL5;KMO;RAB32;HKDC1;BMF;ACADL;SLC22A3;SLC25A43;AIFM3;UQCRFS1P1;CYP27B1;IFI27;STARD13;LGALS3;FLVCR2;MGARP;CKMT2;IKBKE;SMIM30;FKBP10;CYP1A1;BCL2L11;UCP1;SQOR;IMMP2L;CYP27A1;SLC25A18;LYN;ASS1;VRK2;BAX;CPS1;C11orf65;SPATA18;CASP8;HSD17B8;MTARC2;TIMM10;MRPS28;ABCD1;BOK;ABCG2;TYMS;CHCHD2;MRPL33;PLSCR3;QTRT2;MTX1;RNF144B;SLC8B1;SLC25A20;MRPS18A;EFHD1;SLC22A14;MRPL53;RPS27A;RPS3;NME4;MT-CO2;MRPL51;SMIM20;PTPMT1;PLEC;TRIAP1;RTN4IP1;COQ6;THG1L;UBA52;ATPSCKMT;TOMM7;BCS1L;TSPO;IFI6;SLC25A3;FAM162A;SLC25A10;SLC25A35;COQ9;ATAD3B;CMC1;ADCK1;REXO2;MRPL54;MRPL28;MTERF3;CHDH;MTG1;CHCHD1;CHCHD5;SAMM50;MGST1;SPART;BLOC1S1;SDHC;SLC25A26;CPT1A;MT-CYB;MT-ATP6;GADD45GIP1;MRPL17;HINT2;SURF1;SLC25A45;BBC3;RNASET2;CMC4;SLC25A6;ATP5PD;MRPL10;PHB2;BCL2;MFN1;ACAD9;DHFR2;TMEM14C;DCAKD;GATM;RNF185;MRPL52;FUNDC2;ALDH18A1;MRPS7;BAK1;TIMM22;MRPL49;COQ7;ANGEL1;ZDHHC8;SPNS1;MT-ND4L;MT-ND4;MAPKAP1;CFL1;MRPL45;PARK7;AURKAIP1;FECH;SDHD;DELE1;MPV17;PPOX;DEGS1;HADHB;MTG2;COX4I1;MRPS12;MLXIP;MRPS18B;NRGN;FBXL4;TOMM6;AMBRA1;KCNK9;TIMM21;MIEF2;NDUFA10;FAM210B;COQ2;SELENON;MTCH1;MARCHF5;UQCC3;MRPL55;MRPL16;AK2;MRPL24;NDUFV3;MRPL36;CCDC51;RAB5IF;ROMO1;ATP5MC2;NDUFC1;MPV17L2;MT-CO3;CDC25C;DNAJC15;PIGBOS1;UQCC2;HAX1;NDUFB5;BNIP1;DNAJC30"
"GOCC_MITOCHONDRIAL_INTERMEMBRANE_SPACE_CHAPERONE_COMPLEX",0.998252087784036,1,0.211778898881334,0.377664688619401,5139,6,"TIMM10;TIMM13"
"GOCC_MITOCHONDRIAL_LARGE_RIBOSOMAL_SUBUNIT",0.95507637017071,1,0.248916832544787,0.704910169685518,5314,52,"MRPL33;MRPS18A;MRPL53;MRPL51;MRPL54;MRPL28;GADD45GIP1;MRPL17;MRPL10;MRPL52;MRPL49;MRPL45;MRPL55;MRPL16;MRPL24;MRPL36;MRPL22;MRPL14;MRPL2;MRPL41;MRPL38;MRPL40;MRPL20;MRPL43;MRPL19;MRPL58;MRPL9;MRPL15;MRPL48;MRPL11;MRPL21"
"GOCC_MITOCHONDRIAL_MATRIX",1,1,0.140115701790806,0.514472141509864,6390,530,"ACSM2B;MTCO2P12;ACSM1;LRRK2;ETNPPL;CDKN2A;ACSM3;PYROXD2;NR3C1;ACADL;ACSS3;PDK4;AKR1B15;ERBB4;ACSF2;ACOT11;DECR1;CYP27A1;CPS1;NUDT1;SPATA18;HSD17B8;GSTK1;LIPT1;MRPS28;TYMS;SHC1;SUCLG2;D2HGDH;PYCR1;MRPL33;LACTB2;HOGA1;TERT;MPG;CHPF;RNASEL;MRPS18A;SIRT3;DMGDH;MRPL53;GLUD2;RPS3;PCK2;NME4;MT-CO2;LIPT2;MRPL51;RTN4IP1;PDK2;GSTZ1;ACOT13;RAD51;MTHFS;FASTKD3;MIPEP;TXN2;CDK1;MSRA;DNA2;CMC1;ACAD10;NDUFAF8;REXO2;MRPL54;MRPL28;MTERF3;TK2;MTG1;CHCHD1;WARS2;HIBADH;BLOC1S1;NUDT9;GADD45GIP1;MRPL17;HINT2;ACAA2;ALKBH7;NUDT2;ETHE1;MRPL10;CSKMT;DHFR2;MRPL52;NUDT13;MTERF2;ALDH18A1;MRPS7;MRPL49;MRPL45;PARK7;AURKAIP1;HMGCL;STYXL1;FECH;HADHB;MTG2;LIAS;ADPRS;MRPS12;MRPS18B;SSBP1;NDUFA10;IBA57;CCNB1;FASTK;MRPL55;MRPL16;TEFM;MRPL24;MRPL36;FDX2;DNAJC15;UQCC2;HAX1;MRPL22;NUBPL;PIF1;NDUFA9;MRPL14;OXA1L;PDPR;ECH1;MRPL2;NEURL4;MMAB;SUCLG1;HARS2;PRDX3;COQ5;ETFB;PMPCB;MRM1;HYKK;MGME1;LARS2"
"GOCC_MITOCHONDRIAL_PERMEABILITY_TRANSITION_PORE_COMPLEX",0.961825726141079,1,-0.278522045896571,-0.538084028353983,4635,8,"SLC25A31;PPIF;SLC25A4"
"GOCC_MITOCHONDRIAL_PROTEIN_CONTAINING_COMPLEX",1,1,-0.164238410596026,-0.566938492388226,4077,180,"FXN;SLC25A31;MRPL23;APOOL;TIMM8A;MRPL42;APOO;GRPEL2;PPIF;TOMM40L;CHCHD10;MICU3;MRPL35;SLC25A4;HSPA9;CLPX;MRPL34;MRPS10;MPC2;TIMM9;MCUB;IMMT;TOMM70;MRPS30;MRPS21;ISCA1;COA1;AFG3L2;LYRM4;TOMM20;MRPL12;PNPT1;PDSS1;TOMM22;PAM16;MRPL44;PTCD3;TRMT10B;MRPL32;MRPL50;DNAJC11;MRPL30;SMDT1;TIMM17A;SLC25A5;MRPS17;SUPV3L1;MCU;MRPS35;TRMT10C;MRPL13;TMEM186;MRPS16;TIMM44;NDUFAF1;MTX2;VDAC1;TIMM23B;CHCHD6;MRPS33;PRORP;MRPS9;MRPL57;MRPL18;TIMM50;MRPL4;CHCHD3;MRPS2;TIMM10B;MRPL3;MRPL37;AGK;PMPCA;PHB1;MPC1;MRPS27;POLRMT;GRPEL1;HSD17B10;ISCA2;MRPL27;NDUFAB1;TIMM8B;MICOS10;TIMM23;UQCRC1;NFS1;MRPL39;MRPL47;MRPL1;MRPL46;ECSIT;TOMM5;MRPS23;TRABD;MRPS31;MRPL21;MRPS18C;MICU1;MRPL11;MRPL48;POLG;POLG2;MRPL15;MRPS11;PDSS2;MRPL9;MRPS5;ISCU;TIMM29;MRPL58;MRPL19;MRPS14;MRPL43;TIMM17B;TOMM40;MRPS24;SPG7;MRPS22;MRPL20;MRPS25;DAP3;TMEM126B;MICU2;MRPL40;MRPL38;MRPS26;HADHA;MRPS34;DNAJC19;TIMM13;MTX3;MICOS13;MRPS6;MRPL41;MRPS15;PMPCB;MUL1;MRPL2;MRPL14;IMMP1L;MRPL22;DNAJC15;ROMO1;MRPL36;MRPL24;MRPL16;MRPL55;TIMM21;TOMM6;MRPS18B;MRPS12;HADHB;AURKAIP1;MRPL45;MRPL49;TIMM22;MRPS7;MRPL52;ACAD9;MFN1;PHB2;MRPL10;SLC25A6;MRPL17;GADD45GIP1;SAMM50;CHCHD1;MRPL28;MRPL54;TOMM7;MRPL51;MRPL53;MRPS18A;MTX1;MRPL33;MRPS28;TIMM10;BAX;IMMP2L"
"GOCC_MITOCHONDRIAL_SMALL_RIBOSOMAL_SUBUNIT",0.924500370096225,1,0.270617831433547,0.700524544789404,4995,32,"MRPS28;MRPS18A;CHCHD1;MRPS7;AURKAIP1;MRPS12;MRPS18B;MRPS15;MRPS6;MRPS34;MRPS26;DAP3;MRPS25;MRPS22;MRPS24;MRPS14;MRPS5;MRPS11;MRPS18C;MRPS31;MRPS23"
"GOCC_MITOCHONDRION",1,1,0.118175638419188,0.460530601636901,7482,1713,"STING1;SAMD9L;SOX10;TRIM34;BBOX1;ACSM2B;S100A1;TMEM71;AKR1B10;HIGD1B;CRYM;CASP4;RHOD;MTCO2P12;CRYAB;SLC25A2;ACSM1;DHFRP1;PLA2G4A;FATE1;LRRK2;GPER1;CIDEA;IER3;ETNPPL;VASN;ACSL5;CDKN2A;CAVIN1;S1PR4;ACSM3;KMO;PYROXD2;RAB32;NR3C1;SULT1C2;HKDC1;SPARC;TGM2;MMP2;ABCC9;BMF;ACADL;OAS1;ASB9;GIMAP8;ACSS3;GJA1;SLC22A3;KANK2;SLC25A43;AIFM3;UQCRFS1P1;STAP1;CYP27B1;PDK4;SUGCT;IFI27;STARD13;LGALS3;BMP6;BDH2;AKR1B15;FOXO1;ANXA6;C10orf67;SLIT3;FLVCR2;MGARP;ERBB4;CDK18;ACSF2;RAB38;NOX4;ACOT11;CKMT2;IKBKE;DECR1;EFEMP1;SMIM30;FKBP10;CYP1A1;BCL2L11;UCP1;SQOR;IMMP2L;MMP3;RMDN2;CYP27A1;SLC25A18;IRF3;LYN;GATD3;FAM72A;ALDH1L1;MSRB3;ASS1;TMEM102;HIF3A;EYA2;VRK2;BAX;CPS1;PPM1J;CRYZ;NUDT1;C11orf65;NOD2;SPATA18;CASP8;HSD17B8;ATP2A1;MTARC2;GSTK1;TIMM10;SGK1;CASP6;ISOC2;LIPT1;WDR81;MRPS28;TMEM256;DHRS4L2;ABCD1;FAHD2B;BOK;ABCG2;TYMS;SHC1;SUCLG2;NTPCR;D2HGDH;PYCR1;XPNPEP3;CHCHD2;MRPL33;PLSCR3;SNAP23;LACTB2;HOGA1;TERT;MPG;TMEM141;CHPF;QTRT2;CLYBL;C1orf53;MTX1;RNASEL;RNF144B;SLC8B1;SLC25A20;MRPS18A;CALR;DISC1;SIVA1;SIRT3;RIPK1;EFHD1;DMGDH;SLC22A14;HSDL2;AKR7A2;MRPL53;RPS27A;GLUD2;VWA8;NT5C;RPS3;PCK2;PTRH1;NME4;PUS10;MT-CO2;LIPT2;MRPL51;HS1BP3;ALDH9A1;SMIM20;PTPMT1;PLEC;TRIAP1;OPRK1;LYRM9;RXRA;RTN4IP1;PDK2;GSTZ1;RPIA;GSTP1;COQ6;THG1L;UBA52;ACOT13;ATPSCKMT;TOMM7;BCS1L;EIF4E2;TSPO;RAD51;HSPA5;DDIT4;BPNT1;HSPA1A;TXNRD3;MTHFS;FASTKD3;CFAP91;AKAP10;FBXO7;DHRS4;HYOU1;BOLA1;IFI6;SLC25A3;MIPEP;ADSS2;TXN2;AP3B1;FAM162A;ATG4B;SLC25A10;CDK1;MSRA;NENF;DNA2;SLC25A35;COQ9;CCS;ATP7B;HEMK1;ATAD3B;CMC1;ACAD10;NDUFAF8;ADCK1;REXO2;PUSL1;TTC8;MRPL54;MRPL28;MTERF3;TK2;CHDH;MTG1;METAP1D;IFIT3;CHCHD1;PTCD2;CHCHD5;WARS2;TRAF3;HIBADH;NIF3L1;SAMM50;MGST1;SPART;BRINP3;BLOC1S1;SDHC;SLC25A26;CPT1A;MT-CYB;MT-ATP6;NUDT9;NDUFA4L2;METTL13;GADD45GIP1;HRK;SCP2;MRPL17;C10orf88;HINT2;PPDPF;SURF1;ACAA2;SLC25A45;BBC3;ALKBH7;HEBP1;IQCN;SHMT1;RNASET2;CMC4;NUDT2;SLC25A6;ATP5PD;ETHE1;MRPL10;MTIF3;PHB2;ENOSF1;BCL2;TRIM32;CSKMT;DEPP1;SH3BP5;KIFC3;LYPLAL1;MFN1;ACAD9;SNAP29;DHFR2;TMEM14C;DCAKD;SLC9A1;GATM;HSCB;RNF185;MRPL52;FUNDC2;NUDT13;MUTYH;MTERF2;ALDH18A1;MRPS7;BAK1;TIMM22;MRPL49;COQ7;ANGEL1;ABCG1;ZDHHC8;SPNS1;MT-ND4L;MT-ND4;MAPKAP1;CFL1;CAT;MRPL45;PARK7;AURKAIP1;HMGCL;STYXL1;PYCR2;FECH;SDHD;DELE1;NR2F6;SQSTM1;RACK1;MPV17;PPOX;DEGS1;MTFMT;HADHB;MTG2;LIAS;COX4I1;BSG;ADPRS;MRPS12;MLXIP;TPM3;RAB29;DMAC2;MRPS18B;SSBP1;NRGN;FBXL4;TOMM6;C14orf119;AMBRA1;GRHPR;PNKD;ADCK5;TSC22D1;TNRC18;KCNK9;TIMM21;MIEF2;RTL10;NDUFA10;STK11;FAM210B;GCKR;MBTPS1;IBA57;DDAH2;CCNB1;COQ2;SELENON;MTCH1;FAHD2A;MARCHF5;YBEY;UQCC3;FASTK;MRPL55;MRPL16;AK2;TEFM;MRPL24;NDUFV3;MRPL36;CCDC51;RAB5IF;ROMO1;ATP5MC2;PTGR3;FDX2;NDUFC1;MPV17L2;MT-CO3;CDC25C;DNAJC15;PIGBOS1;UQCC2;HAX1"
"GOCC_MITOTIC_COHESIN_COMPLEX",0.408921161825726,1,-0.548370894784928,-1.05941208046248,1970,8,"STAG2;SMC1A;SMC3;SGO1;SGO2;STAG1;DDX11"
"GOCC_MITOTIC_SPINDLE",1,1,-0.113559832450859,-0.388246568672283,4152,164,"HEPACAM2;TUBB8B;CAPG;USP44;TUBB4A;TUBB3;TBL1X;CCSAP;FAM161A;NSMCE1;TUBB2A;MAPRE3;TUBB1;TUBB8;DYNLT3;TUBB2B;STAG2;KATNAL1;NCOR1;EML1;MBIP;MAP1S;CLASP2;ATAT1;MAP9;CENPE;LSM14A;KIF2A;EML2;ECT2;HAUS6;MAPKBP1;CCDC117;TNKS;ASPM;SMC1A;BIRC6;KATNBL1;PHLPP2;ARHGEF7;MAP4;HAUS2;SMC3;CLASP1;CAMSAP1;CDC42;MAP10;CEP295;NUDCD2;SGF29;MISP;HNRNPU;TPPP;MAPRE1;KAT2B;KIF11;SKA1;SKA3;DLGAP5;STAG1;KIF20B;TUBB;CUL3;CDC27;RAE1;CLTC;KIF23;TRAPPC14;NIN"
"GOCC_MITOTIC_SPINDLE_ASTRAL_MICROTUBULE",0.572614107883817,1,-0.475667414950137,-0.918954325389889,2759,8,"CCSAP;MAPRE3;DYNLT3"
"GOCC_MITOTIC_SPINDLE_MICROTUBULE",0.946932630786601,1,0.281670567583382,0.630898612874017,5031,16,"EML3;HAUS8;HAUS4;HAUS7;HAUS5;HAUS1"
"GOCC_MITOTIC_SPINDLE_MIDZONE",0.979788439743105,1,0.246754671444765,0.526528920457884,5186,13,"AURKB;KIF18B;PRC1;NUMA1;CTTN;RCC2;KIF18A;KIF20B;HNRNPU;MAP10;CENPE;MAP9;EML1"
"GOCC_MITOTIC_SPINDLE_POLE",0.997038134024435,1,0.193177659029354,0.517289592672072,5385,38,"RMDN2;AURKB;KATNA1;FAM83D;SPAG5;AURKA;CNTRL;MAD1L1;PLK1;SMC6;RMDN3;KAT5;IK;NUMA1;GPSM2;BCCIP;CDK5RAP2;YPEL5;RMDN1;HSF1;GIT1;NIN;RAE1;KIF20B;STAG1;MAPRE1;MAP10;SMC3;ARHGEF7;KATNBL1;SMC1A;ASPM;TNKS;MAPKBP1;EML1;STAG2;NSMCE1;FAM161A"
"GOCC_MKS_COMPLEX",0.433540139123895,1,0.462313241675451,1.02138812467248,2305,15,"TCTN3;TMEM67;CC2D2A;B9D1;TMEM231;TMEM216;TMEM107;TMEM17;MKS1"
"GOCC_MLL1_2_COMPLEX",0.884297520661157,1,-0.277737119437939,-0.740212443758793,4065,32,"LAS1L;RBBP5;HCFC1;TAF1;RNF2;KMT2A;TAF4;DPY30;KMT2B;TAF9;KANSL1;PELP1;TEX10;PHF20;HCFC2;CHD8;MCRS1;WDR5;RUVBL1;MGA;KAT8;MAX;RUVBL2;TAF6;INO80C;MEN1;TAF7;PRPF31;ASH2L;E2F6;SENP3;BACC1"
"GOCC_MMXD_COMPLEX",0.709371781668383,1,-0.472219389381385,-0.816834476110311,3443,5,"ERCC2;MMS19;SLC25A5"
"GOCC_MON1_CCZ1_COMPLEX",0.442224510813594,1,-0.607298626785765,-1.0504915020599,2146,5,"RMC1;CCZ1"
"GOCC_MONOATOMIC_ION_CHANNEL_COMPLEX",0.0910994764397906,1,-0.30912222060423,-1.14072087960198,347,352,"KCNE3;KCNJ1;PKD1L3;CACNA1F;LRRC38;KCNJ10;CLIC3;TRPV5;SCNN1A;KCNU1;CATSPERZ;TRPM5;KCNK15;TRPC7;LRRC8E;SCN4A;GABRG1;SCNN1G;CLCN1;BEST4;KCNQ5;GABRP;ABCC8;RYR1;CYBB;KCNMB3;CACNA2D3;KCNH4;GRIN2B;CACNB2;KCNN1;GABRA1;C2CD6;KCNH5;KCNH7;GRIN1;KCNK10;HCN1;GRIA1;GABRR1;KCNAB1;GRIA3;NRN1;CATSPER4;CHRNA2;OLFM3;GABRR2;KCNH8;CNGB1;GABRG3;CATSPER2;SCN5A;CLIC5;KCNQ1;GABRA5;KCNA3;KCNA5;HTR3B;RYR3;GABRB2;KCNIP2;KCNQ3;CNGA4;CNIH2;GABRQ;KCND1;VWC2L;KCNAB3;SHISA7;KCNJ11;CACNB1;KCNMB2;GABRG2;DPP6;KCNE1;BEST2;SCN7A;CATSPERG;SCN2B;DLG3;KCNJ16;PDE4B;GRIK4;KCNH2;DMAC2L;KCNE4;GLRA2;SNAP25;CACNG8;CACNG2;GRIN2C;KCNJ9;KCNA2;PKD1L1;STX1A;LRRC26;CHRNA7;KCNC1;CACNA2D4;CACNG7;GABRB3;SLC17A7;HCN4;UNC79;AKAP6;FKBP1B;PDE4D;DLG2;KCNH3;DLG4;TRPC3;GRIK1;HTR3A;GRIK5;KCNS1;KCNC4;VAMP2;TRPV6;CACNA1A;CHRNB2;KCNC2;KCNS3;TTYH1;KCNA4;KCNK7;CACNG4;MICU3;KCNJ14;KCNJ3;SLC17A6;KCNB1;LRRC8B"
"GOCC_MOTILE_CILIUM",0.965830307032024,1,0.236468155300671,0.82562414537719,5850,285,"CFAP107;PCDH11Y;ADGB;ATP1A4;CD52;CFAP99;TSSK1B;IQUB;CFAP161;ROPN1B;ANXA1;SPAG6;SPACA5B;CFAP74;DNAI2;ACTA2;DNAJB13;TEKT1;CFAP52;CFAP126;DRC1;CLXN;DRC7;TTC29;IRGC;HVCN1;GARIN2;CFAP77;SPAG8;CBY3;TEKT4;RSPH1;RIBC2;CFAP45;TEKT3;CFAP73;MORN5;CATSPERE;CFAP100;CFAP221"
"GOCC_MPP7_DLG1_LIN7_COMPLEX",0.217713697219361,1,-0.722425759407644,-1.24963582602438,1056,5,"LIN7C;LIN7A;LIN7B"
"GOCC_MRE11_COMPLEX",0.484654994850669,1,-0.58882670362701,-1.01853918494752,2352,5,"RAD50;MRE11"
"GOCC_MRNA_CLEAVAGE_AND_POLYADENYLATION_SPECIFICITY_FACTOR_COMPLEX",0.745353556932279,1,-0.347364956295944,-0.808266088182786,3488,17,"CSTF2;NUDT21;CSNK1A1;SSU72;CPSF6;CPSF2;WDR33;CPSF3;ZC3H3;PIP5K1A;CPSF7;CPSF4;SYMPK;CPSF1;FIP1L1;TUT1;CSTF2T"
"GOCC_MRNA_CLEAVAGE_FACTOR_COMPLEX",0.667800212539851,1,-0.347428487819153,-0.857631323477399,3141,22,"CSTF2;PCF11;NUDT21;CSNK1A1;SSU72;SCAF8;CPSF6;CPSF2;WDR33;CPSF3;ZC3H3;PIP5K1A;CPSF7;CPSF4;CLP1;CSTF3;CSTF1;SYMPK;CPSF1;FIP1L1;TUT1;CSTF2T"
"GOCC_MRNA_EDITING_COMPLEX",0.72069099378882,1,0.442219129744219,0.814021645122781,3712,7,"APOBEC3F;RBM47;RBM46;APOBEC3G"
"GOCC_MSL_COMPLEX",0.862832718088207,1,0.388456271045807,0.66440393510754,4440,5,"MSL3B;KAT8;MSL1"
"GOCC_MULTI_PASS_TRANSLOCON_COMPLEX",0.94302103250478,1,0.29856103635421,0.585887621313757,4931,9,"NOMO2;WDR83OS;RAB5IF;NCLN;TMCO1;NOMO1"
"GOCC_MULTIVESICULAR_BODY_INTERNAL_VESICLE",0.190716644008545,1,0.713034382513438,1.27155212095873,981,6,"LRRK2;APOE;EGFR;CD63"
"GOCC_MULTIVESICULAR_BODY_LUMEN",0.301417751019615,1,0.659601842040512,1.17626602840445,1551,6,"PGA4;PGA5;NAPSA;CTSH;SFTPC"
"GOCC_MULTIVESICULAR_BODY_MEMBRANE",0.988585329341317,1,0.227488146145291,0.565117756027313,5282,26,"CHMP4C;RAB27A;CD63;CHMP4A"
"GOCC_MYELIN_SHEATH_ABAXONAL_REGION",0.793277637458714,1,0.432478186758695,0.739697697136075,4082,5,"ITGB1;SCRIB"
"GOCC_MYELIN_SHEATH_ADAXONAL_REGION",0.204390907324655,1,0.735118606778064,1.2573247789235,1051,5,"MAG;ANXA2"
"GOCC_MYOFILAMENT",0.3209363790825,1,0.459812638613121,1.10115012932561,1699,22,"PVALEF;TNNC1;TPM2;TNNT2;TNNI1;LMOD1;MYBPHL;TPM1;TPM4;TTN;TNNI3"
"GOCC_MYOSIN_COMPLEX",0.318819719323498,1,0.380879295791365,1.08022145762826,1771,53,"MYH4;MYL3;MYL11;MYL9;MYL7;BMF;CGNL1;MYO3B;CCDC102A;MYL12A;MYL4;MYH14;MYH9;MYO7B;MYH2"
"GOCC_MYOSIN_FILAMENT",0.133333333333333,1,0.555900769772408,1.3054320860394,709,20,"MYH4;ACTG2;MYH14;MYH9;MYH2;MYH7B;MYH7;MYO18B;TRIM32;MYH8;MYBPC1"
"GOCC_N_TERMINAL_PROTEIN_ACETYLTRANSFERASE_COMPLEX",0.194750211685013,1,-0.616207010132019,-1.25929283056663,919,10,"NAA11"
"GOCC_NADH_DEHYDROGENASE_COMPLEX",0.666815442981477,1,-0.309413099989016,-0.883969080643285,2987,47,"NDUFC2-KCTD14;NDUFB1;NDUFA5;NDUFA1;NDUFAF2;NDUFS1;NDUFS7;NDUFA6;NDUFV1;NDUFA3;NDUFB8;NDUFA12;NDUFB2;NDUFS2;NDUFB3;NDUFA4;NDUFA7;NDUFAB1;NDUFA13;NDUFS5;NDUFS6;MT-ND1;MT-ND5;MT-ND6;NDUFA2;MT-ND2;NDUFB10;NDUFB11;NDUFB9;NDUFS8;NDUFS3;NDUFC2;NDUFA11;NDUFB7;MT-ND3;NDUFV2;NDUFS4;NDUFA8;NDUFB4;NDUFB6;NDUFA9;NDUFB5;NDUFC1;NDUFV3;NDUFA10;MT-ND4;MT-ND4L"
"GOCC_NADPH_OXIDASE_COMPLEX",0.665315699658703,1,-0.372066444006669,-0.853498082138734,3118,16,"DUOXA2;DUOXA1;NCF1C;CYBB;NOXO1;NOX1"
"GOCC_NASCENT_POLYPEPTIDE_ASSOCIATED_COMPLEX",0.978418717224687,1,-0.303468947618525,-0.4719860003752,4850,3,"NACAD;BTF3;NACA"
"GOCC_NATA_COMPLEX",0.138208032955716,1,-0.766579830281245,-1.326012544476,670,5,"NAA11"
"GOCC_NBAF_COMPLEX",0.97522955370489,1,-0.24543317222821,-0.552833057599143,4566,15,"DPF1;ACTL6B;SMARCC1;SS18L1;ARID1A;DPF3;ACTB;SMARCA4"
"GOCC_NEUROFIBRILLARY_TANGLE",0.34562306900103,1,-0.658035890477111,-1.13825567934387,1677,5,"NEFM;MAPT;NEFH"
"GOCC_NEUROFILAMENT",0.756056456709501,1,-0.371634857806825,-0.781272971471689,3588,11,"NEFL;DLGAP2;HTR2A;NEFM;DYRK1A;NEFH;INA;SHANK2;NRP1"
"GOCC_NEUROMUSCULAR_JUNCTION",0.200703605980651,1,0.371565155935489,1.14288120146593,1140,88,"LAMA2;P2RX7;SNTB1;RAPSN;MUSK;PLS3;SGCG;LRP4;LAMB2;HSPG2;CDH15;EPHA7;ERBB4;SYNGR4;MYH9;PDZRN3;CHRNA1;COLQ;ITGB1;SGCA"
"GOCC_NEURON_PROJECTION",1,1,0.178504416752843,0.687364280328365,7128,1296,"NLGN4Y;CHRNG;MYOT;MYPN;ACTBL2;ERMN;NPY;CPLX4;TMC1;RP1;STRCP1;CX3CR1;ATP1A4;SLC6A2;TNN;GHRL;POTEF;DHRS3;CHL1;ITGA4;PRPH2;CNR2;TRPV4;HRH4;GUCY2F;CRYAB;PRSS12;MAG;CD3E;GNAT1;LRRK2;CNTN6;GPER1;ALDH1A1;FLRT2;TPBG;TULP1;SCRG1;ABCA4;PENK;HRH1;CHRNB3;SYNPO;CLDN5;SLC24A4;IL31RA;MME;CHRM1;POTEI;CLRN1;RIN3;LPAR1;CNGB3;SLC38A8;PIEZO2;TGFB1;PKHD1L1;MYL7;PLK2;EPHA6;CCK;KIRREL1;SCN10A;TANC1;INSRR;DCDC2;PALMD;NTSR1;INHA;SCN1A;PTGS2;RAB13;PLXND1;MYO3B;APOE;KLHL14;LDLRAP1;CNTN3;NRP2;ROR2;LRP4;HSPB1;NFIB;CALCR;CMKLR2;SAG;ROR1;EPS8;LYPD6;KCNJ2;HSPG2;APOD;TMIGD2;GPR37;CIB1;TMC2;FLRT1;TGFB2;SLC18A2;CYBA;SAMD4A;SLC6A4;EPHA7;TSGA10IP;MGARP;SLC6A3;LOXHD1;STMND1;GABRE;MYH14;ATP1A2;PCDHGB1;RHOC;NPY5R;PREX1;GFRA1;RGS9BP;PLXDC1;CPLX3;GRID2;PCARE;CERKL;NPFF;CHRNA1;NEXN;CLDN11;RIT2;FLNA;POU4F1;EVX1;NYX;SEMA3A;CNTN5;AQP1;GRIK2;DRD1"
"GOCC_NEURON_PROJECTION_CYTOPLASM",0.484064665127021,1,-0.307686484392092,-0.978395453863776,2095,92,"RAB17;ARC;KIF21A;CHRNA2;NEFL;RAB27B;MAP2;AGBL4;SYBU;AGTPBP1;KIF5C;KIF5A;HAP1;TMEM108;MAPT;DLG2;MAP1A;TRIM46;DLG4;NETO1;AP3B2;KIF1A;UCHL1;ARMCX1;WASF1;STAU2;SPAST;RAB21;KIF1B;FBXW11;HIP1R;EIF4EBP2;KIF4A;KIF3A;FMR1;OPA1;BAIAP2;KIF3B"
"GOCC_NEURON_PROJECTION_MEMBRANE",0.481801637852593,1,-0.327152896995984,-0.97974561056941,2117,63,"GABRG1;USH2A;GABRA1;ADORA2A;HCN1;GRIA1;GABRG3;GABRA5;ATP2B2;SHISA7;GABRG2;MYO1D;CACNG8;TACR3;KCNC1;MAPT;ANK1;ADORA1;KCNC4;KCNC2;ROBO2;KCNB1;UNC5A;GABRA2;VEZT;CNTNAP2;EPB41L3;SHISA6;MPP2;GABRA3;INSR;GABRA4;SLC1A2;AKAP5;OPRD1"
"GOCC_NEURON_PROJECTION_TERMINUS",0.587486929243639,1,0.292827248202911,0.944014619139666,3370,130,"NPY;CPLX4;TNN;PRSS12;LRRK2;GPER1;TPBG;TULP1;SCRG1;PENK;MME;CHRM1;TANC1;NTSR1;ROR1;FLRT1;SLC18A2;SLC6A3;CPLX3;NPFF"
"GOCC_NEURON_SPINE",0.973633748801534,1,-0.231859990740404,-0.79523530441963,4061,167,"MT3;FRMPD4;ARC;GRM3;ABI3;GABRA1;NOS1;GRIN1;GRIA1;PSD;GRIA3;DGKI;CAMK2A;PTCHD1;ADGRB1;PPFIA2;ATP2B2;ASIC2;MAP1B;GABRB2;NEURL1;CNIH2;KCND1;EPHA4;ANKS1B;KCNN2;SHISA7;SHANK1;GABRG2;ITPKA;GPM6A;PDE4B;ACTN2;SHANK3;DNM3;OPHN1;CDK5R1;TACR3;GABRB3;HAP1;MAPT;LRRC4;EPHB2;ABHD17C;RGS7BP;DLG4;GPHN;SLC8A2;ADORA1;NLGN1;FBXO2;APBA1;KCNA4;TENM2;PRKAR2B;CPEB4;RGS14;SHANK2;EEF2K;HIP1R;EEA1;GRID1;SLC8A3;STRN;CTTNBP2;SHISA6;PPP1CC;PALM;FMR1;MPP2;PTPRO;BAIAP2;KIF3B;SYT11;ABR;PPP3CA;LZTS3"
"GOCC_NEURON_TO_NEURON_SYNAPSE",0.770042194092827,1,-0.249357773739006,-0.930094946691452,2919,400,"GPR50;ARC;DCC;GRM3;ABI3;GRIN2B;USP50;PRKCG;NOS1;ADCY8;ADORA2A;GRIN1;CNKSR2;GRIA1;SLITRK1;CRTAC1;PAK3;PSD;INSYN2A;GRIA3;DGKI;CTNND2;CAMK2A;GRM7;DMTN;RGS9;SYT9;RNF112;DRP2;ADGRB1;RAPGEF4;NLGN4X;FAM81A;LIN7C;PPFIA2;BAALC;DLGAP2;CPEB1;ATP2B2;ASIC2;MAP1B;USP6;IQSEC3;NEURL1;SLC4A8;CNIH2;LRRC4C;SH3GL3;SYT1;SYN3;EPHA4;ADD2;ANKS1B;DLGAP1;SHISA7;SHANK1;GNG3;LRRC7;DLG3;PDE4B;NRCAM;GRIK4;LIN7A;PSD3;SYN1;SH2D5;SHANK3;CACNG8;CACNG2;GRIN2C;CAMK2N1;CTNNA2;DNM3;FGF22;CDK5R1;STX1A;ZDHHC2;LRFN2;GAP43;RTN2;NECTIN1;ZDHHC15;ARHGEF9;ADAM22;MAPRE3;CACNG7;CAMK2B;DLGAP3;CRHR1;LRP8;IGSF21;IGSF9B;TMEM108;HOMER2;SYT12;RTN1;LRRC4;EPHB2;DLG2;EFNB2;ABHD17C;P2RX3;RGS7BP;DLG4;LRRTM3;GRIK1;NETO1;PRRT1;IGSF9;GRM1;GPHN;BRSK1;YWHAH;GRIK5;SLC8A2;ADORA1;SYT7;LNX1;PPP1R9A;PRKAR1B;GRIP1;CAMK1;PDYN;DYNLL2;NLGN1;GRID2IP;LIN7B;DNAJC6;SRCIN1;LRFN1;NEFH;ABLIM1;ARHGAP33;MAPK8IP2;UBE3B;NOTCH1;SYN2;CACNG4;NCS1;ATP1A3;SAMD14;CPEB3;CPEB4;SLC16A7;RGS14;SHANK2;EEF2K;SH3KBP1;NSG2;HIP1R;LRFN3;INPP4A;SOS1;PAK2;GRID1;SLC8A3;STRN;PRR7;MIB1;SHISA6;SLC8A1;PALM;FMR1;MPP2;FABP5;BNIP3;PTPRO;BAIAP2;DTNB;SYT11;C1QL2;VANGL2;LZTS3;CDK5;RUSC1;LZTS1;PPP3R1;STXBP5;AKAP5;OPRD1;LRRC4B;BSN;NEGR1;EGLN1;RTN4"
"GOCC_NEURONAL_DENSE_CORE_VESICLE",0.144097542952152,1,0.4925708940523,1.26427190496728,779,30,"IGF1;NPY;GHRL;PENK;ADRB1;NPFF;CRH;SST"
"GOCC_NEURONAL_DENSE_CORE_VESICLE_MEMBRANE",0.467971163748713,1,-0.596696625394169,-1.03215239856869,2271,5,"SYT5;KIF1A;STXBP5"
"GOCC_NEURONAL_RIBONUCLEOPROTEIN_GRANULE",0.427570574902122,1,-0.589683915524069,-1.06296445359558,2074,6,"ARC;EIF4EBP2;FMR1"
"GOCC_NEUROTRANSMITTER_RECEPTOR_COMPLEX",0.653489948046081,1,-0.306759088994333,-0.897704066802696,2892,54,"GRIN2B;GRIN1;GRIA1;GRIA3;NRN1;CHRNA2;OLFM3;HTR3B;CNIH2;VWC2L;SHISA7;DLG3;GRIK4;CACNG8;CACNG2;GRIN2C;CACNG7;DLG4;GRIK1;HTR3A;GRIK5;CHRNB2;CACNG4;CHRNA4;GRID1"
"GOCC_NF_KAPPAB_COMPLEX",0.714313458924063,1,0.461299613676102,0.822634246752101,3677,6,"NFKB2;RPS3;RELB;RELA"
"GOCC_NLRP1_INFLAMMASOME_COMPLEX",0.796193497224425,1,0.474141048403616,0.732136048598403,4015,3,"CASP4;NLRP1"
"GOCC_NLRP3_INFLAMMASOME_COMPLEX",0.244329896907216,1,-0.655061389529707,-1.22232427922191,1184,7,"PYCARD;NLRP3;GSDMD;DHX33;DDX3X"
"GOCC_NLS_DEPENDENT_PROTEIN_NUCLEAR_IMPORT_COMPLEX",0.9434034416826,1,0.29786845087931,0.584528511426543,4933,9,"SNUPN;KPNA1;KPNA2;KPNA5;MYBBP1A;KPNA6;KPNA3;KPNA4;KPNB1"
"GOCC_NMDA_SELECTIVE_GLUTAMATE_RECEPTOR_COMPLEX",0.914920368818106,1,-0.317859472760687,-0.633772856000101,4365,9,"GRIN2B;GRIN1;GRIN2C"
"GOCC_NODE_OF_RANVIER",0.975898429094039,1,-0.241126257890825,-0.575173674526993,4534,19,"KCNQ3;SCN2B;BIN1;HAPLN2;SPTBN4;SCN9A;SCN8A;KCNQ2;KCNK2;NFASC"
"GOCC_NON_MOTILE_CILIUM",0.991115667179224,1,0.222572263813788,0.737077304509275,5800,161,"RP1;STRCP1;ATP1A4;DHRS3;PRPH2;GUCY2F;GNAT1;TULP1;ABCA4;SLC24A4;PKHD1;CNGB3;CFAP96;DCDC2;INHA;ERICH3;SAG;TSGA10IP;NPY5R;RGS9BP;PCARE;CERKL;C1orf115;DRD1;RAB27A;OPN3;CNGA1;CFAP69;PRCD;VCAN;PCDH15;OPN1MW;OPN5;CETN3"
"GOCC_NONHOMOLOGOUS_END_JOINING_COMPLEX",0.503981559094719,1,-0.488722867513606,-0.974453537113417,2404,9,"ATP23;PRKDC;XRCC4;XRCC5;DCLRE1C;NHEJ1;LIG4"
"GOCC_NPBAF_COMPLEX",0.757627118644068,1,0.365025963577854,0.793603798966907,4022,14,"SMARCA2;ACTL6A;SS18;SMARCD3;SMARCB1;SMARCE1;PHF10;ARID1B;SMARCC2;SMARCD1;SMARCA4;ACTB;ARID1A;SMARCC1"
"GOCC_NSL_COMPLEX",0.628607541605224,1,-0.416687995904786,-0.875986366452024,2983,11,"HCFC1;KANSL1;PHF20;PHF20L1;KANSL3;KANSL2;KANSL1L;MCRS1;WDR5;KAT8;OGT"
"GOCC_NUCLEAR_BODY",1,1,0.194353381492039,0.731351687352217,6702,780,"SRY;MSX2;HOXA4;FEV;WT1;S100A11;TCIM;ALX1;GSC;GLIS1;EPAS1;FLI1;SCARNA13;NUGGC;HOXB7;FOXC2;HSPB3;HOXC10;ADAMTS4;FOXF2;ATOH8;CDKN2A;TRIM22;SIM2;NR3C1;WWTR1;NR4A2;ELF4;MEF2C;NFATC4;NFATC1;IL16;NFKBIZ;TLE2;CDKN1A;F8A1;GFI1;GATA4"
"GOCC_NUCLEAR_CHROMOSOME",0.902377972465582,1,-0.24291278527066,-0.863212291185585,3604,234,"DNMT3L;FAM9C;RNF212B;TEX11"
"GOCC_NUCLEAR_CYCLIN_DEPENDENT_PROTEIN_KINASE_HOLOENZYME_COMPLEX",0.872567365269461,1,0.29490744128192,0.732598310184281,4662,26,"CDK19;GTF2H4;GTF2H2;CDK7;GTF2H5;GTF2H1;MNAT1;GTF2H2C;SNW1;BCCIP;GTF2H3;CCNK;RB1;CDK9;CCNT2;CDK13;CDK12;CCNT1;MED13;ERCC3;MMS19;CCNH;MED12;ERCC2;CCNC;CDK8"
"GOCC_NUCLEAR_DNA_DIRECTED_RNA_POLYMERASE_COMPLEX",1,1,-0.137636536910784,-0.427015961070656,4365,78,"TAF4B;POLR2J2;POLA1;POLR2J3;TAF9B;POLR2M;TAF5;POLR2B;RTF1;TAF1;ERCC2;GTF2E1;TAF2;ATXN7;GTF2A1;TAF4;TCEA1;CCNH;USP22;TBPL1;MMS19;CDC73;PRIM2;ERCC3;TAF3;POLA2;TAF13;TAF9;POLR2D;TBP;POLR2L;TRRAP;PRIM1;GTF2B;POLR2K;CTR9;MCM3;GTF2H3;TUFT1;POLR2I;GTF2F2;TAF5L;POLR2F;SKIC8;POLR2A;TAF11;SUPT3H;POLR2E;ATXN7L3;POLR2J;KAT2A;TAF6;TAF8;LEO1;TAF12;GTF2E2;GTF2F1;GTF2H2C;TAF6L;TAF7;MNAT1;GTF2H1;PAF1;TAF10;TADA3;GTF2A2;ENY2;GTF2H5;CDK7;POLR2C;GTF2H2;POLR2H;GTF2H4;POLR2G;PEX2;MYZAP;TAF7L;GTF2A1L"
"GOCC_NUCLEAR_ENVELOPE",1,1,0.143940576024843,0.52249270060095,6280,447,"CD38;TNMD;CEMIP;GUCY2F;PLA2G4A;NLRP6;LMNTD1;GPER1;TMC8;CHMP4C;IRAG2;RGPD1;MYOF;EDNRB;TMC6;PTGS2;SLC22A3;ALOX5AP;RGPD2;ITPR3;IFI27;RGPD3;NEMP2;ANXA11;CCND1;TMEM109;ANXA4;BCHE;EGFR;PTGDS;SMAD3;AQP1;DNAJC1;RNF43;INTS2;POM121B;MNS1;VRK2;BAX;CDK2;LMNA;ITPR1;ADRA1B;MGST2;BOK;TMEM38B;CETN3;CCND2;AGPAT3;CDK4;MVP;ATRAID;NUP35;CALR;PHF11;CLMN;ZNF354C;NRM;ITPRIP;DTX2;KDR;CMTM3;ZBTB1;ARFGAP1"
"GOCC_NUCLEAR_ENVELOPE_LUMEN",0.925005266484095,1,-0.300152905923295,-0.630999347290635,4390,11,"ALOX5;PTGES"
"GOCC_NUCLEAR_EXOSOME_RNASE_COMPLEX",0.931501693639443,1,0.290557343475717,0.650803619746048,4949,16,"EXOSC1;C1D;EXOSC2;EXOSC4;MPHOSPH6;EXOSC7;EXOSC5;EXOSC10;EXOSC9;WDR74;DIS3;EXOSC8;EXOSC3;NVL;MTREX;EXOSC6"
"GOCC_NUCLEAR_INCLUSION_BODY",0.72163195920102,1,-0.379585780369503,-0.812572115515213,3395,12,"ATXN3;ATXN1;RAD18;NUP153;RANBP2;PABPN1"
"GOCC_NUCLEAR_INNER_MEMBRANE",0.993000677353804,1,-0.212628561585628,-0.614304184555915,4397,50,"TERB1;FAM209B;NPAP1;SPAG4;DPY19L2"
"GOCC_NUCLEAR_LAMINA",0.997010463378176,1,-0.18624977143902,-0.419523692282456,4668,15,"CASK;STX1B;RNF220;PRR14;NARF;LMNB1;SUV39H1;LBR;HLCS;PCNA;LMNB2;LMNTD2;EIF6;FAM111B;LMNA"
"GOCC_NUCLEAR_MATRIX",0.999126179657462,1,0.199127679403278,0.640438416956617,5716,127,"TGFB1I1;KRT8;SPARC;HES1;KRT18;GFI1;GFI1B;CENPW;ANXA2;KIF4B;LMNA;VIM"
"GOCC_NUCLEAR_MEMBRANE",1,1,0.148842183452367,0.516044667662578,6051,261,"CD38;CEMIP;GUCY2F;NLRP6;TMC8;MYOF;EDNRB;TMC6;PTGS2;SLC22A3;ALOX5AP;ITPR3;IFI27;NEMP2;CCND1;TMEM109;ANXA4;EGFR;PTGDS;SMAD3;AQP1;DNAJC1;INTS2;LMNA;ITPR1;ADRA1B;BOK;TMEM38B;CCND2;CDK4;NUP35;PHF11;CLMN;ZNF354C;NRM;ITPRIP;DTX2;KDR;CMTM3;ZBTB1;ARFGAP1"
"GOCC_NUCLEAR_OUTER_MEMBRANE",0.755785965561933,1,0.317875747262652,0.819881691943599,4081,31,"GUCY2F;PTGS2;SLC22A3;ITPR3;TMEM109;BOK;CLMN;ITPRIP;SYNE4"
"GOCC_NUCLEAR_OUTER_MEMBRANE_ENDOPLASMIC_RETICULUM_MEMBRANE_NETWORK",0.997444270907284,1,0.22500344917105,0.863634116041946,7024,1197,"STING1;FMO1;TLR3;CTAGE8;SLC35D3;TMEM119;SLN;MOGAT2;CYP19A1;UGT2B7;DHRS3;MRAP;FXYD3;CASP4;CRYZL2P-SEC16B;NOX5;PNLDC1;AREG;GUCY2F;PDGFRA;TAAR1;ADGRG6;PLA2G4A;FATE1;CTAGE6;CYP26C1;LRRK2;GPER1;DHRS9;HSD17B2;ABCC12;TMC8;FLRT2;CERS3;EVA1A;SEC16B;NR3C2;ACSL5;CYP2J2;CYP21A2;WLS;SGMS2;FMO2;PLAUR;GJB1;DHH;IRAG2;FOLR1;UGT2B15;ATP10B;PLD1;MOXD1;SPTLC3;DSE;PLOD2;HPD;ELOVL3;RPE65;TESPA1;RHBDF1;TMC6;MLANA;OCA2;HLA-DRB5;CYP26A1;GJA1;PTGS2;KDELR3;FMO4;SLC22A3;CAV1;ALOX5AP;KLHL14;ATP10D;SGCG;CYP2W1;ITPR3;HLA-E;FAXDC2;COPZ2;B2M;HAS2;RRBP1;IFI27;LCTL;EIF5AL1;GPR37;DGAT2L6;ATL3;FLRT1;CYBA;CASQ2;SLC37A2;CREB3L2;TRAM2;FLVCR2;TAPBPL;CD1D;CD4;JPH2;TMEM109;SEC24D;OTOF;PTGFRN;NOX4;TMEM39A;RHOC;ATP10A;CALU;SMIM30;DIO2;GPAT3;CYP1A1;PDIA5;MYMX;PNPLA2;TGFA;SRL;FZD6;NOTCH2;HAS1;IKBIP;ATP13A4;EGFR;MAGT1;PTGDS;PLPP3;UNC93B1;PLCD4;TMED1;MBOAT1;DRD1;STBD1;PLOD1;DNAJC1;DPY19L1;RNF43;LPCAT2;CYP7B1;OSTC;RHOG;NCEH1;VRK2;BAX;SLC35G1;ITPR2;ERAP2;SLC27A6;MEST;TMED9;SGCA;DDN;UGT8;NOTCH3;AGPAT2;ATP2A1;ITPR1;CYP17A1;SGK1;RPL27;ELOVL1;DHRSX;WDR81;EXT1;MGST2;SPINK5;TMEM129;CLSTN2;ABCD1;SSR2;BOK;CYB5RL;TMEM38B;SCARA3;PROS1;AGTRAP;PIEZO1;PKMYT1;TMEM214;ABHD4;UBXN8;TAP1;DIPK1C;HSP90B1;SFTPA2;ALG12;AGPAT3;PLOD3;CAMK2D;RNFT1;SEC31B;TMEM116;SURF4;ERLIN1;CALR;CTAGE15;CLMN;TMEM67;CKAP4;CREB3L1;TMED3;REEP4;CFTR;RAB43;SLC39A7;STX5;GALNT2;RPS27A;SLC35B2;FUT10;TRDN;ABCC6;PDIA6;MYRF;LMAN2L;PAPPA-AS1;UGT3A1;PAFAH2;HHAT;ITPRIP;HACD4;LMF1;NOMO2;TBL2;XXYLT1;SLC39A1;ZC3H12A;DPY19L3;EPM2A;DPAGT1;PTGIS;VKORC1;UBA52;SEC61B;TMEM98;DDOST;SHH;PDIA3;TMBIM4;SGCE;PIGO;MOGS;LPIN2;HSPA5;RPS26;SFTPC;UFD1;ERGIC3;EIF5A2;DHRS4;SLC18A1;IFI6;WFS1;CYP39A1;STT3A;RPS29;KDELR1;CYB561D2;PKD2;APH1A;POMT2;CDK1;RNF145;SYNE4;SLC43A1;SEC11A;KDSR"
"GOCC_NUCLEAR_PERIPHERY",0.86724680614701,1,0.291290186479266,0.751310828189274,4683,31,"MSX1;LMNA;LEMD2;FAM111B;EIF6;DAG1;LMNTD2;LMNB2;PCNA"
"GOCC_NUCLEAR_PORE",1,1,-0.114539287639752,-0.366438436326432,4323,96,"NUP210L;MX2;NPAP1"
"GOCC_NUCLEAR_PORE_CENTRAL_TRANSPORT_CHANNEL",0.511361429403768,1,0.554843533672064,0.98945084464795,2632,6,"NUP35;NUTF2;NXT2;NUP54;NXT1;NUP62"
"GOCC_NUCLEAR_PORE_NUCLEAR_BASKET",0.809784661881375,1,0.353164880974147,0.753588665350066,4286,13,"CETN3;NUP35;ENY2;ZC3HC1;MAD1L1;PCID2;MAD2L1"
"GOCC_NUCLEAR_PORE_OUTER_RING",0.968035563082134,1,-0.264351005484461,-0.540232941991912,4572,10,"NUP107;SEH1L;NUP160;NUP133;NUP43;AHCTF1;NUP85;NUP98;NUP37;SEC13"
"GOCC_NUCLEAR_PROTEIN_CONTAINING_COMPLEX",1,1,0.107879971427785,0.416544643841886,7212,1371,"UTY;TBL1Y;EP400P1;CDC20B;TBX18;HOXB9;TBX15;RARG;EPAS1;NFATC2;SMAD6;HAND1;ASCL2;HSPA7;ASCL4;PPARG;HAVCR2;SAMD11;RARB;CHMP4C;RUNX2;CEBPD;IRAG2;RGPD1;MAF;DQX1;BATF2;WEE2-AS1;TESPA1;HNRNPA1L2;MAFB;CDKN1A;PWP2;RGPD2;RPA4;GATA4;SMAD7;HNRNPA1L3;RGPD3;LGALS3;APOBEC3F;GTF2A1L;NKX2-5;STAT6;NR1H4;EPOP;POLR3G;AHR;JUN;POLD4;MYH9;MXD3;SMAD9;RXRG;HUS1B;ANXA2;SMAD3;NABP1;SMARCA2;TAF7L;RBM47;FLNA;POU4F1;EPB41L2;INTS2;POM121B;E2F8;MYZAP;RBM46;BCL7C;LSM8;RPS12;HYAL2;ATF3;PEX2;MAGOH;RAMACL;PHF19;NCR1;RPS19;GCFC2;CETN3;NR5A1;NFKB2;RPS9;RPS14;SLX1B;SNRNP25;RPS27;ZMAT5;TERT;DBP;SWI5;MVP;EAF2;RPS24;POLR2G;CDK19;NUP35;CLMN;RPS11;HSPA6;RPS27A;UBE2C;RPS3;SEM1;RPS23;YAP1;RPS15A;LMO4;STAT2;SMARCD2;APOBEC3G;FOSL2;RPS7;SNRPB;CDC26;RXRA;TEAD2;RPS3A;GTF2H4;TRMT112;CUL7;U2AF1;MAFK;POLR2H;RAD51;HSPA5;RAD51B;HSPA1A;RPS6;RGPD4;GTF2H2;MECOM;RPS16;SNUPN;ZC3H8;LSM7;CHMP4A;AMOTL1;SYNE4;RBM42;LSM5;SEC13;GAR1;RPS17;HDAC7;POP5;SUPT4H1;PPIH;CDC45;EED;RPS8;AKAP17A;RUNX1;SNRPC;HMGXB4;MEPCE;RPS13;CDK2AP2;CBX7;WDR5B;PCGF1;BACC1;DNAJC17;ANAPC16;EXOSC1;SF3B6;EIF4A3;SNRPD2;PPIE;NEUROD1;DOCK7;DDX23;HEXIM1;POLR2C;CDC7;CDK7;PNKP;RFXANK;RXRB;TCF15;NR1H2;BMI1;INTS9;XBP1;CDC20;ERH;ANAPC15;WRAP53;RPS5;INO80B;RARA;POLR1H;RELB;UTP14C;NUP37;ELOF1;MED11;GTF2H5;ENY2;RPA2;LSM6;SENP3;E2F6;ACTL6A;TCF12;TEAD1"
"GOCC_NUCLEAR_REPLICATION_FORK",0.999777728384085,1,-0.18858770964943,-0.533978291706352,4497,45,"TREX1;POLA1;CAMSAP3;RAD51C;MMS22L;ZRANB3;SMARCA5;HELB;ZMIZ2;PLRG1;XPA;EME2;CARM1;RPA3;XRCC3;BAZ1B;TIMELESS;PRIM2;ETAA1;SMARCAD1;POLD3;POLA2;CDC5L;ERCC5;MUS81;PARP1;POLD1;BCAS2;HLTF"
"GOCC_NUCLEAR_RIBONUCLEOPROTEIN_GRANULE",0.632666031140769,1,0.262632069399254,0.95441910361365,3981,455,"SRY;MSX2;FEV;WT1;S100A11;TCIM;GSC;EPAS1;SCARNA13;NUGGC;HSPB3;ADAMTS4;ATOH8;TRIM22;NR3C1;NR4A2;MEF2C;NFATC4;IL16;NFKBIZ"
"GOCC_NUCLEAR_SPECK",0.39568,1,0.282200399884826,1.01623955772863,2472,398,"SRY;MSX2;FEV;WT1;S100A11;TCIM;GSC;EPAS1;NUGGC;HSPB3;ADAMTS4;ATOH8;TRIM22;NR3C1;NR4A2;MEF2C;NFATC4;IL16;NFKBIZ"
"GOCC_NUCLEAR_STRESS_GRANULE",0.759745272095716,1,0.409074290728283,0.778012597706467,3936,8,"PKP1;TIA1;RBFOX1;SYMPK;SUMO1;HSF1;EIF4A1;DHX9"
"GOCC_NUCLEAR_UBIQUITIN_LIGASE_COMPLEX",0.641465594280608,1,0.312147175607286,0.90455251421949,3588,60,"CDC20B;SAMD11;UBE2C;CDC26;CUL7;RAD51;CBX7;PCGF1;ANAPC16;BMI1;CDC20;ANAPC15;E2F6"
"GOCC_NUCLEOCYTOPLASMIC_TRANSPORT_COMPLEX",0.969454392247735,1,-0.25774251343742,-0.541841689813997,4601,11,"XPO5;KPNB1;KPNA4;KPNA3;KPNA6;RAN;MYBBP1A;KPNA5;KPNA2;KPNA1;SNUPN"
"GOCC_NUCLEOID",0.85565154787617,1,0.280399838892754,0.785978148418771,4753,49,"CPS1;TERT;MPG;DNA2;MTERF2;HADHB;SSBP1;TEFM;UQCC2;PIF1;TUFM;HADHA;LONP1;LRRC59;SHMT2;ACADVL;POLG2;POLG;ATAD3A;TFB2M;POLQ;DHX30;HSD17B10;POLDIP2;POLRMT;GRSF1;DDX28;FASTKD5;TWNK;PRORP;VDAC2;DNAJA3;VDAC1;ATP5F1B;FASTKD2;TRMT10C;SUPV3L1;TFB1M;SLC25A5;MTERF1;TFAM;ELAC2;LRPPRC;TOP1MT;DBT;CLPX;HSPA9;MTNAP1;SOD2"
"GOCC_NUCLEOLAR_EXOSOME_RNASE_COMPLEX",0.945623342175066,1,0.290493601462523,0.585109348462657,4990,10,"EXOSC1;EXOSC2;EXOSC4;EXOSC7;EXOSC5;EXOSC10;EXOSC9"
"GOCC_NUCLEOLAR_RIBONUCLEASE_P_COMPLEX",0.934444865479348,1,0.301974405850091,0.608233871485599,4931,10,"POP5;RPP30;POP7;RPP25;POP4;RPP38"
"GOCC_NUCLEOLUS",1,1,0.123691190832744,0.468695627188455,6809,896,"RGCC;FOXL2NB;PCAT18;WT1;TCIM;CEMIP;SCARNA13;IFI35;HAND1;RGS22;PITX1;CCNO;CDKN2A;CAPN3;EN2;H1-2;KRT18;S100A16;ABHD14B;EID3;RAB34;CDKN1A;PWP2;ITPR3;ADAD2;NFIB;SMAD7;PRDM1;ELOVL2-AS1;IFI16;PHLDA1;NOX4;NFIC;ZNF665;BNC2;MDFIC;SCARNA9;HOXB5;HOXD9;EGFR;FOXA1;HUS1B;CERKL;CENPW;ADARB1;FLNA;RASL11A;STAG3;VCX3A;RPL9;FOXI1;TAX1BP3;HMGA2;E2F8;CPS1;ZEB2;SPATS2L;ARL4A;SELENBP1;P3H4;PLSCR1;RPS12;BNC1;ATF3;ITPR1;CASP6;RPL27;RPS19;ZNF577;GCFC2;RPS25;CETN3;NPM3;ARID5A;ANG;ERF;RPS9;RPS14;TWIST2;CCND2;ZNF404;RPS27;TERT;CDK4;HJURP;RPS24;RPS10;ADARB2;RPL23A;RPS11;RPS27A;RPS3;RPL19;CARF;RPS23;TRAIP;RPL21;YAP1;RPS15A;RPL23;AOPEP;RPL3;RPL7A;RPS7;PAX9;ZNF501;RPL26;MAK;ISG20;RPL13A;RPS3A;LRP1;PRDM5;POLR2H;RAD51;RPS26;RPS6;PIMREG;RPS16;CRADD;PTBP1;KLLN;PIDD1;RPL11;NOM1;SMUG1;RPL7;GAR1;KDM5A;RPS17;NLRP1;ZNF354A;POP5;RPS8;CHCHD1;RPL10A;RPS13;RPL13;DOLK;MCIDAS;EXOSC1;EIF4A3;EEF1A1;EEF1D;SNAPC1;L3MBTL3;DDX23;CDK7;RPL29;PNKP;EIF6;SNHG1;RXRB;RPL5;MAGED2;RPL8;ANP32B;SIRT6;RIOX2;SETMAR;NSA2;RPS5;INO80B;RARA;POLR1H;UTP14C;FST;GTF2H5;CDK5RAP3;LSM6;SENP3;RRP1;OSBPL3;ZNF444"
"GOCC_NUCLEOSOME",0.0933544303797468,1,0.396887046779091,1.24079749699821,530,101,"H2AC19;H2AC16;H3C3;H4C12;H1-3;H2BC3;H3C12;H2BC13;TGM2;H1-2;H3C10;H3-5;H2BC12;H2AC15;H4C14;H2AJ;H2AC17;H2BC9;H2AC12;H4C9;H1-4;H2AC4;H2AC8"
"GOCC_NUCLEOTIDE_ACTIVATED_PROTEIN_KINASE_COMPLEX",0.67887383573243,1,-0.409817039383288,-0.837510205261783,3206,10,"PRKAA2;PRKAR2A;PRKAB2;PRKACA;PRKAA1;PRKAG2;PRKAB1;SESN2"
"GOCC_NUCLEOTIDE_EXCISION_REPAIR_COMPLEX",0.888058107242042,1,-0.300917968035695,-0.700190921622233,4156,17,"CUL4B;XPA;RAD23B;CUL4A;CETN2;ERCC4;ERCC3;DDB1;ERCC5;POLD1;RBX1;SLX4;RAD23A;XRCC1;ERCC8;ERCC1;XPC"
"GOCC_NURD_COMPLEX",0.944965870307167,1,-0.274246635459333,-0.62910531483819,4429,16,"MBD2;GATAD2B;RBBP7;CHD4;CHD5;GATAD2A;HDAC2;RBBP4;MTA3;MTA1;MTA2;HDAC1;MBD3;CHD3;CDK2AP1;CDK2AP2"
"GOCC_NURF_COMPLEX",0.950892857142857,1,0.302124081453588,0.556139536429166,4898,7,"HMGXB4;BACC1;RBBP4;SMARCA1;RBBP7;SMARCA5;BPTF"
"GOCC_OLIGOSACCHARYLTRANSFERASE_COMPLEX",0.649036645258784,1,0.409018481274491,0.872769938383873,3435,13,"MAGT1;OSTC;DDOST;STT3A;DAD1;OST4;TMEM258;RPN1;KRTCAP2"
"GOCC_OLIGOSACCHARYLTRANSFERASE_COMPLEX_A",0.264818355640535,1,0.60584980550054,1.18890229533164,1384,9,"OSTC;DDOST;STT3A;DAD1;OST4;TMEM258;RPN1;KRTCAP2;RPN2"
"GOCC_OLIGOSACCHARYLTRANSFERASE_COMPLEX_B",0.362022385179467,1,0.580887851316417,1.10478237430717,1875,8,"MAGT1;DDOST;DAD1;OST4;TMEM258;RPN1;RPN2;STT3B"
"GOCC_OMEGASOME",0.395570235088401,1,0.643145906299951,1.10001743527936,2035,5,"TRIM5;EMC6;ULK1;ZFYVE1"
"GOCC_ORGANELLAR_RIBOSOME",0.801210179747286,1,0.277109836254153,0.844516940588779,4501,84,"MRPS28;MRPL33;MRPS18A;MRPL53;MRPL51;MRPL54;MRPL28;MTG1;CHCHD1;GADD45GIP1;MRPL17;MRPL10;MRPL52;MRPS7;MRPL49;MRPL45;AURKAIP1;MTG2;MRPS12;MRPS18B;MRPL55;MRPL16;MRPL24;MRPL36;MRPL22;MRPL14;MRPL2;MRPS15;MRPL41;MRPS6;MRPS34;MRPS26;MRPL38;MRPL40;DAP3;MRPS25;MRPL20;MRPS22;MRPS24;MRPL43;MRPS14;MRPL19;MRPL58;MRPS5;MRPL9;MRPS11;MRPL15;MRPL48;MRPL11;MRPS18C;MRPL21"
"GOCC_ORGANELLE_ENVELOPE",1,1,0.104309319228445,0.40068159871104,7035,1230,"STING1;CD38;SOX10;TNMD;CEMIP;GUCY2F;RHOD;MTCO2P12;SLC25A2;PLA2G4A;FATE1;NLRP6;LMNTD1;LRRK2;GPER1;CIDEA;TMC8;ACSL5;CHMP4C;KMO;RAB32;IRAG2;RGPD1;MYOF;HKDC1;EDNRB;BMF;ACADL;TMC6;PTGS2;SLC22A3;ALOX5AP;RGPD2;ITPR3;SLC25A43;AIFM3;UQCRFS1P1;CYP27B1;IFI27;STARD13;RGPD3;LGALS3;NEMP2;ANXA11;FLVCR2;MGARP;CCND1;TMEM109;CKMT2;IKBKE;ANXA4;SMIM30;FKBP10;CYP1A1;BCHE;BCL2L11;UCP1;SQOR;IMMP2L;EGFR;CYP27A1;SLC25A18;PTGDS;SMAD3;LYN;AQP1;DNAJC1;ASS1;RNF43;INTS2;POM121B;MNS1;VRK2;BAX;CPS1;CDK2;LMNA;C11orf65;SPATA18;CASP8;HSD17B8;MTARC2;ITPR1;TIMM10;ADRA1B;MGST2;MRPS28;ABCD1;BOK;TMEM38B;CETN3;ABCG2;TYMS;CCND2;CHCHD2;MRPL33;PLSCR3;AGPAT3;CDK4;QTRT2;MVP;MTX1;RNF144B;SLC8B1;SLC25A20;ATRAID;MRPS18A;NUP35;CALR;PHF11;CLMN;EFHD1;SLC22A14;MRPL53;RPS27A;RPS3;ZNF354C;NME4;MT-CO2;MRPL51;NRM;SMIM20;PTPMT1;PLEC;TRIAP1;ITPRIP;DTX2;RTN4IP1;KDR;CMTM3;COQ6;ZBTB1;ARFGAP1;THG1L;UBA52;ATPSCKMT;TOMM7;BCS1L;TSPO;RGPD4;IFI6;SLC25A3;SNUPN;CHMP4A;FAM162A;SLC25A10;SYNE4;SLC25A35;COQ9;BANF1;CERS2;SEC13;ATAD3B;CMC1;ADCK1;REXO2;LEMD2;MRPL54;MRPL28;MTERF3;CHDH;UNC50;MTG1;CHCHD1;CHCHD5;CD2AP;AK9;SAMM50;MGST1;SPART;ERBIN;BLOC1S1;SDHC;SLC25A26;CPT1A;MT-CYB;MT-ATP6;GADD45GIP1;FAM111B;EIF6;MRPL17;GCHFR;HINT2;TOR1A;TMEM38A;SURF1;SLC25A45;BBC3;RNASET2;CMC4;NUP37;P2RX6;SLC25A6;ATP5PD;ENY2;MRPL10;PHB2;OSBPL3;BCL2;LMNTD2;TMEM43;MFN1;ACAD9;DHFR2;TMEM14C;DCAKD;GATM;RNF185;MRPL52;FUNDC2;QRICH2;LTC4S;ALDH18A1;MRPS7;BAK1;TIMM22;MRPL49;COQ7;ANGEL1;ZDHHC8;SPNS1;MT-ND4L;MT-ND4;MAPKAP1;CFL1;ZBED1;MRPL45;PARK7;AURKAIP1;FECH;SDHD;NPIPB3;DELE1;CHMP2A;NUTF2;MPV17;PPOX;LMNB2;DEGS1;HADHB;MTG2;COX4I1;MRPS12;MLXIP;MRPS18B;NRGN;FBXL4;TOMM6;AMBRA1;EMD;TNRC18;KCNK9;TIMM21;MIEF2;NDUFA10;FAM210B;COQ2;SELENON;MTCH1;RGPD6;MARCHF5;UQCC3;OTULINL;MRPL55;MRPL16;AK2;MRPL24;NDUFV3;MRPL36;CCDC51;RAB5IF;ROMO1;ATP5MC2;NDUFC1;MPV17L2;MT-CO3;CDC25C;DNAJC15;FANCL;PCNA;PIGBOS1;UQCC2;HAX1;NDUFB5;AAAS;BNIP1;GABRB1;KPNA1;ZC3HC1;DNAJC30"
"GOCC_ORGANELLE_ENVELOPE_LUMEN",1,1,-0.155253988630112,-0.495387668156341,4305,95,"ALOX5;STAR;ALPL;PTGES;PRELID2;TIMM8A;NLN;PRELID3A;COX17;CHCHD10;MICU3;CPT1B;CLPB;OPA1;THEM4;TIMM9;CCAR1;CYCS;IMMT;CHCHD4;TRAP1;STMP1;AIFM1;PNPT1;PRELID3B;NDUFS1;ARL2BP;THOP1;TUBB;CACYBP;COX6C;OMA1;ARL2;COA7;GFER;COX5A;SIRT5;COX19;GOLPH3;CEP89;PANK2;TIMM10B;PLAAT1;AGK;PINK1;TIMM8B;TIMM23;NDUFS5;PRELID1;CIAPIN1;SORL1;TAFAZZIN;MICU1;COA6;NBR1;TIMM29;CPOX;HTRA2;MICU2;SOD1;SUOX;STOML2;DIABLO;CHCHD7;NDUFB7;APP;IGF2R;TIMM13;COA4;MIX23;NDUFA8;AKT1;HAX1;UQCC2;CDC25C;AK2;TIMM21;FBXL4;COX4I1;PPOX;PARK7;GATM;CMC4;RNASET2;BLOC1S1;CD2AP;CHCHD5;REXO2;CMC1;TRIAP1;NME4;CHCHD2;TIMM10;BCHE;FKBP10"
"GOCC_ORGANELLE_INNER_MEMBRANE",1,1,0.0987818443410597,0.363098129829707,6396,539,"MTCO2P12;SLC25A2;PLA2G4A;LRRK2;PTGS2;SLC25A43;AIFM3;IFI27;LGALS3;NEMP2;MGARP;CKMT2;CYP1A1;UCP1;SQOR;IMMP2L;CYP27A1;SLC25A18;SMAD3;LYN;CPS1;ITPR1;TIMM10;MRPS28;BOK;TYMS;MRPL33;PLSCR3;MTX1;SLC8B1;SLC25A20;MRPS18A;EFHD1;SLC22A14;MRPL53;RPS3;NME4;MT-CO2;MRPL51;NRM;SMIM20;PTPMT1;COQ6;ATPSCKMT;BCS1L;IFI6;SLC25A3;SLC25A10;SLC25A35;COQ9;ATAD3B;ADCK1;LEMD2;MRPL54;MRPL28;CHDH;UNC50;MTG1;CHCHD1;SAMM50;SDHC;SLC25A26;MT-CYB;MT-ATP6;GADD45GIP1;MRPL17;SURF1;SLC25A45;P2RX6;SLC25A6;ATP5PD;MRPL10;PHB2;TMEM43;ACAD9;DHFR2;TMEM14C;GATM;MRPL52;ALDH18A1;MRPS7;TIMM22;MRPL49;COQ7;SPNS1;MT-ND4L;MT-ND4;MRPL45;AURKAIP1;FECH;SDHD;DELE1;NUTF2;MPV17;PPOX;HADHB;MTG2;COX4I1;MRPS12;MRPS18B;EMD;KCNK9;TIMM21;NDUFA10;COQ2;UQCC3;MRPL55;MRPL16;MRPL24;NDUFV3;MRPL36;CCDC51;RAB5IF;ROMO1;ATP5MC2;NDUFC1;MPV17L2;MT-CO3;DNAJC15;UQCC2;NDUFB5;DNAJC30;MRPL22;SUN1;NDUFA9;IMMP1L;MRPL14;CYC1;OXA1L;ATPAF2;MTFP1;NDUFB6;SLC25A30;SLC41A3;MRPL2;PLPP6;SLC25A11;NDUFB4;ABCB8;SLC25A39;MT-ATP8;NDUFA8;COQ5;COX6A1;NDUFS4;COX15;TMEM177;NDUFV2;MT-ND3;AMBP;UQCC4;NDUFAF3;SLC25A52;MRPS15;COQ4;MRPL41;SLC25A38;MRPS6;MICOS13;MTX3;KCNH1;TIMM13;DMAC1;PSEN1;APP;HIGD2A;ARL6IP6;NDUFB7;SLC25A28;CRLS1;ATP5MG;DNAJC19;COX6B1;MRPS34;HADHA;COA3;PGS1;HIGD1A;ATP5MC3;STOML2;MRPS26;MRPL38;PARL;MRPL40;UQCR11;MICU2;TMEM126B;DAP3;MRPS25;MRPL20;NDUFA11;MRPS22;SPG7;MRPS24;TOMM40;NDUFC2;TIMM17B;NDUFS3;NDUFS8;MRPL43;COX8A"
"GOCC_ORGANELLE_MEMBRANE_CONTACT_SITE",0.999465049928673,1,0.177794039929035,0.520266299464483,5604,64,"FATE1;RAB32;RAB38"
"GOCC_ORGANELLE_SUBCOMPARTMENT",0.998907402349085,1,0.224484632632155,0.870142397101143,7313,1502,"STING1;FCMR;FMO1;TLR3;CTAGE8;SLC35D3;TGFBI;MS4A6A;TMEM119;ABO;SLN;MOGAT2;POSTN;CYP19A1;MS4A7;UGT2B7;DHRS3;MRAP;FXYD3;CASP4;CRYZL2P-SEC16B;NOX5;PNLDC1;AREG;SULF1;PDGFRA;TAAR1;ADGRG6;PLA2G4A;FATE1;CTAGE6;CYP26C1;LRRK2;GPER1;DHRS9;GOLGA8Q;CA4;HSD17B2;ABCC12;TMC8;FLRT2;CERS3;EVA1A;SEC16B;NR3C2;BACE2;ACSL5;RAB7B;GOLGA8O;CYP2J2;CYP21A2;WLS;SGMS2;FMO2;PLAUR;RAB32;GJB1;VAMP5;DHH;IRAG2;FOLR1;UGT2B15;ATP10B;LGR6;MME;ACP3;CHSY3;PLD1;MOXD1;SPTLC3;DSE;PLOD2;HPD;ELOVL3;RPE65;TESPA1;CIMAP3;RHBDF1;TMC6;RAB34;MLANA;OCA2;GOLGA8R;HLA-DRB5;CYP26A1;GJA1;PTGS2;KDELR3;FMO4;RAB13;CAV1;ALOX5AP;KLHL14;ATP10D;SGCG;CYP2W1;ITPR3;HLA-E;FAXDC2;COPZ2;B2M;HAS2;RRBP1;IFI27;LCTL;GOLGA8K;GOLGA8N;CHST2;EIF5AL1;GPR37;DGAT2L6;ATL3;FLRT1;CYBA;CASQ2;SLC37A2;CREB3L2;TRAM2;FLVCR2;TAPBPL;CD1D;CD4;JPH2;TMEM109;SEC24D;OTOF;RAB38;PTGFRN;NOX4;TMEM39A;RHOC;ARSL;ATP10A;CALU;SMIM30;DIO2;GPAT3;CYP1A1;TMEM79;PDIA5;MYMX;PNPLA2;TGFA;SRL;FZD6;NOTCH2;FUT6;HAS1;IKBIP;B4GALT1;ATP13A4;EGFR;MAGT1;PTGDS;ARAP1;PLPP3;UNC93B1;PLCD4;TMED1;MBOAT1;DRD1;STBD1;PLOD1;DNAJC1;DPY19L1;RNF43;LPCAT2;CYP7B1;OSTC;RHOG;NCEH1;GRN;VRK2;BAX;SLC35G1;ITPR2;ERAP2;SLC27A6;MEST;TMED9;SGCA;DDN;UGT8;SLC24A5;WIPI1;VAMP3;NOTCH3;AGPAT2;ATP2A1;ITPR1;CYP17A1;SGK1;RPL27;ELOVL1;DHRSX;WDR81;EXT1;FURIN;MGST2;SPINK5;TMEM129;CLSTN2;ABCD1;SSR2;BOK;CYB5RL;TMEM38B;SCARA3;PROS1;AGTRAP;PIEZO1;PCSK5;PKMYT1;CALN1;TMEM214;ABHD4;UBXN8;TAP1;DIPK1C;HSP90B1;COG6;SFTPA2;ALG12;AGPAT3;PLOD3;RGS20;CAMK2D;CHPF;RNFT1;SEC31B;TMEM116;SURF4;ERLIN1;CHPF2;YIPF2;CALR;CTAGE15;TMEM67;CKAP4;CREB3L1;AP4M1;ARL1;TMED3;REEP4;CFTR;RAB43;SLC39A7;SLC2A4;STX5;GALNT2;RPS27A;SLC35B2;FUT10;TRDN;ABCC6;GOLIM4;PDIA6;TMEM165;MYRF;LMAN2L;PAPPA-AS1;UGT3A1;PAFAH2;HHAT;HACD4;LMF1;NOMO2;BET1L;TBL2;XXYLT1;SLC39A1;ZC3H12A;DPY19L3;EPM2A;DPAGT1;PTGIS;VKORC1;UBA52;SEC61B;TMEM98;RHOBTB3;DDOST;SHH;PDIA3;RIC1;TMBIM4;SGCE;PIGO;ST3GAL1;MOGS;LPIN2;HSPA5;RPS26;SFTPC;UFD1;ERGIC3;TMEM87B;EIF5A2;CHSY1;DHRS4;SLC18A1;IFI6;WFS1;CYP39A1;STT3A;RPS29;KDELR1;CYB561D2;GBA1;PKD2;APH1A;MAN2A1;SCAMP4;STX10;POMT2;GPR89A;CDK1;RNF145;SLC43A1;SEC11A;KDSR;ATP7B;PCSK4;ERAP1;EMC9;CERS2;NAGPA;SEC13"
"GOCC_ORIGIN_RECOGNITION_COMPLEX",0.386307053941909,1,-0.558277956415775,-1.07855179205808,1861,8,"ORC4;ORC1;MCM2;ORC3;ORC5;ORC2"
"GOCC_OTHER_ORGANISM_CELL_MEMBRANE",0.249084993899959,1,-0.744212233553184,-1.22516682222,1224,4,"C8G;C6;C7"
"GOCC_OTHER_ORGANISM_PART",0.362013336201334,1,-0.409905003504772,-1.05366333857121,1682,27,"FCN1;CFB;C1QA;C8G;C3;C6;CD209"
"GOCC_OUTER_DENSE_FIBER",0.683917525773196,1,-0.445111638187089,-0.830564540998095,3316,7,"ODF1"
"GOCC_OUTER_DYNEIN_ARM",0.774187380497132,1,0.394132052113918,0.773433443681429,4048,9,"DNAI2;CFAP70;DNAH9;ODAD1"
"GOCC_OUTER_KINETOCHORE",0.711361502347418,1,0.35403750055594,0.831392827673425,3787,20,"NDC80;ZWINT;KNL1;SPDL1;PMF1;CCNB1;NUF2;PLK1;DSN1;NSL1;BUB1;BOD1"
"GOCC_OUTER_MEMBRANE",1,1,0.17017060966875,0.589020782059171,6026,257,"STING1;SOX10;GUCY2F;RHOD;FATE1;LRRK2;ACSL5;KMO;RAB32;SLC24A1;BMF;PTGS2;SLC22A3;ITPR3;CYP27B1;IFI27"
"GOCC_OUTER_MITOCHONDRIAL_MEMBRANE_PROTEIN_COMPLEX",0.991425509110397,1,-0.222234416154521,-0.556841129253349,4624,24,"APOOL;APOO;TOMM40L;HSPA9;IMMT;TOMM70;TOMM20;TOMM22;DNAJC11;MTX2;CHCHD6;CHCHD3;MICOS10;TOMM5;TRABD;TOMM40;MTX3;MICOS13;MUL1;TOMM6;MFN1;SAMM50;TOMM7;MTX1"
"GOCC_OXIDOREDUCTASE_COMPLEX",1,1,-0.116217707246232,-0.377870895553546,4266,110,"DUOXA2;DUOXA1;NCF1C;CYBB;NOXO1;NOX1"
"GOCC_OXOGLUTARATE_DEHYDROGENASE_COMPLEX",0.831120331950208,1,-0.370429950277859,-0.715643313716338,4005,8,"KGD4;OGDHL;DLD;DLST;OGDH;BCKDK;KAT2A;ABHD11"
"GOCC_P_BODY",1,1,0.117670658812549,0.366234009840407,5705,97,"APOBEC3B;ZC3H12D;ZFP36;TRIM5;APOBEC3F;SAMD4A;MOV10;AJUBA;NANOS3;WTIP;POLR2G;RBPMS;APOBEC3G;ISG20;ZC3H12A;EIF4E2"
"GOCC_PALMITOYLTRANSFERASE_COMPLEX",0.867364414843007,1,0.337770810666466,0.696821728332376,4557,11,"SPTLC3;ORMDL1;ORMDL3"
"GOCC_PAM_COMPLEX_TIM23_ASSOCIATED_IMPORT_MOTOR",0.927703398558187,1,-0.334125388411625,-0.577962579969239,4503,5,"GRPEL2;PAM16;GRPEL1;DNAJC19;DNAJC15"
"GOCC_PAR_POLARITY_COMPLEX",0.989284978363899,1,-0.249538993190251,-0.449819085384976,4800,6,"PARD6A;PARD6B;PRKCZ;PRKCI"
"GOCC_PARALLEL_FIBER_TO_PURKINJE_CELL_SYNAPSE",0.913059771407158,1,0.284034956177455,0.694336996447472,4872,24,"CNTN6;CBLN1;CBLN3;GRID2"
"GOCC_PARANODAL_JUNCTION",0.84639564124057,1,-0.353951200312012,-0.705735340079985,4038,9,"KCNA2;CNTNAP1;SPTBN2;CNTNAP2;NFASC"
"GOCC_PARASPECKLES",0.865100416824555,1,0.342961608775137,0.690789891577058,4565,10,"BCL6;NEAT1;BCL11A;HNRNPM;SFPQ;CPSF6;PSPC1;ALKBH5;NUDT21;NONO"
"GOCC_PEPTIDASE_COMPLEX",0.20736534159353,1,0.339086936484604,1.11442285945486,1204,152,"CFI;CFH;F11;MBL2;FAP;PSMB8;PIPSL;F5;PLAUR;PSMB9;THBD;COLEC10;HSPB1;PLAU;IMMP2L;CASP7;F2;ERAP2;CASP8;CASP6"
"GOCC_PEPTIDASE_INHIBITOR_COMPLEX",0.518738049713193,1,0.494293802543752,0.9699879922004,2712,9,"PLAT;CSTA;SERPINA5;PLAU;VTN;SERPINB6"
"GOCC_PERICENTRIC_HETEROCHROMATIN",0.972597667098685,1,0.242896005780797,0.626490035496017,5252,31,"SNAI1;CENPA;NCAPD3;SIRT6;CENPB;IKZF1;DNMT1;CBX1"
"GOCC_PERICHROMATIN_FIBRILS",0.596292481977343,1,-0.533877691007232,-0.923489619119959,2894,5,"TRIM24;NUFIP1;DHX9;CPSF6"
"GOCC_PERICILIARY_MEMBRANE_COMPARTMENT",0.480733566865856,1,-0.562907739098068,-1.0146977076411,2332,6,"USH2A"
"GOCC_PERIKARYON",1,1,-0.175833868432,-0.59493619266587,4186,149,"KCNE3;CACNA1F;FZD5;TRPM2;RCVRN;HTR5A;CPNE6;GHRH;TH;CPLX1;CTNND2;RGS8;RNF112;DRP2;ELAVL4;GNRH1;MAP1B;CPLX2;NEURL1;ENO2;EPHA4;MYO1D;CRMP1;SLC5A7;KCNA2;CDK5R1;GAP43;KIF5A;CPNE5;SMN2;PTPRN;ASTN1;KNDC1;CRHBP;DLG2;KLHL24;RGS7BP;SLC8A2;GRIP1;RUFY3;KCNC2;AZIN2;OLFM1"
"GOCC_PERINEURONAL_NET",0.452065176203107,1,0.50733051076153,1.02186011365625,2385,10,"ACAN;HAPLN1;HAPLN3;VCAN;HAPLN4"
"GOCC_PERINUCLEAR_ENDOPLASMIC_RETICULUM",0.632244666792524,1,0.368942274471066,0.883535595004206,3348,22,"MOGAT2;CYBA;NOX4"
"GOCC_PERINUCLEAR_REGION_OF_CYTOPLASM",1,1,0.208236203479309,0.778335823935756,6591,702,"STING1;CD34;NPY;MAEL;GBP4;S100B;CX3CR1;MOGAT2;CCIN;INHBA;GBP3;BANK1;DAB2;SLC39A12;FOXR1;GPER1;CA4;HFE;RASGRP3;LAMB1;PLVAP;TPD52L1;SLC2A10;ARHGAP10;EHD2;SPP1;AIF1;VAMP5;LAPTM5;PLD1;PKHD1;GALNT4;TGM2;TLR4;KIRREL1;JCAD;KRT18;ENPP3;S100A16;RAB34;CSF1;IFITM3;CAV1;TNFSF13B;APOD;CIB1;FLRT1;HSP90AB3P;CYBA;ANXA6;PTPRR;RAB38;SELENOM;NOX4;SLC5A1;PREX1;ANXA4;HEPH;TGFA;VCL;ITM2C;UNC45B;TAMALIN;STC2;EGFR;CERKL;PTGDS;LYN;FLNA;NMRAL1;INHBB;STBD1;PCLAF;SIPA1;ITGB1;ALDH1A2;CLN5;CAV2;LMNA;GLB1;PLSCR1;VAMP8;DOK1;VAMP3;HYAL2;ATP2A1;ITPR1;PPIB;SPINK5;TRIP10;EHD4;ABCD1;PCSK9;FAT1;PKP1;HSP90AA2P;NEDD4"
"GOCC_PERINUCLEOLAR_COMPARTMENT",0.226776519052523,1,-0.717487589177759,-1.24109389025602,1100,5,"ZDHHC19;CELF1;EPPK1"
"GOCC_PHAGOCYTIC_CUP",0.716495806150979,1,0.33313517417539,0.841179864990889,3843,28,"ANXA1;PEAR1;AIF1;MEGF10;TLR4"
"GOCC_PHAGOCYTIC_VESICLE",0.826419024474918,1,0.263282389771704,0.855428286094719,4760,138,"GNLY;ATP6V0D2;LRRK2;RAB7B;RAB32;NCF2;RAB20;SYK;RAB34;HVCN1;TLR2;HLA-E;ITGB5;B2M;GSN;ANXA3;NOD1;ITGAV;CYBA;ANXA11;RAB38;FLNB;UNC93B1;CD36;VIM;VAMP8;NOD2;VAMP3;CTSS;ZYX;NCF1;TAP1;SNAP23;CALR;SRGAP2;RAB43"
"GOCC_PHAGOCYTIC_VESICLE_LUMEN",0.694686756542427,1,0.552549464102195,0.853208939966272,3503,3,"GNLY;HGS"
"GOCC_PHAGOCYTIC_VESICLE_MEMBRANE",0.959013484740951,1,0.242985700779977,0.733903564677107,5404,78,"ATP6V0D2;RAB7B;RAB32;RAB20;RAB34;HVCN1;TLR2;HLA-E;B2M;ANXA3;CYBA;RAB38;VAMP8;VAMP3;TAP1;SNAP23;CALR;RAB43;PIK3C3;SLC48A1;LAMP1"
"GOCC_PHAGOLYSOSOME",0.880947756845989,1,0.364889385659414,0.650706170178003,4535,6,"NCF2;NCF1;SLC48A1;LAMP1"
"GOCC_PHAGOPHORE_ASSEMBLY_SITE",0.999565217391304,1,-0.175792401727546,-0.484362981652899,4597,38,"ATG9B;SNX30;RAB33B;ULK3;ILRUN;RB1CC1;ATG14;BCAS3;STX12;ATG16L1;ATG2B;ATG3;SNX7;WDR45B;ATG2A;WIPI2;RAB7A;ULK2;ZFYVE1;ULK1;BECN1;ATG16L2;NBR1;ATG13;ATG7;ATG9A;TAX1BP1;ATG5;VMP1;RAB1B;ATG101;PHAF1;SQSTM1;ATG12;WDR45;PIK3C3;WIPI1;STBD1"
"GOCC_PHAGOPHORE_ASSEMBLY_SITE_MEMBRANE",0.998087141339001,1,-0.175689516424025,-0.433691645258154,4695,22,"ATG9B;RAB33B;ULK3;RB1CC1;ATG14;ATG16L1;ATG2B;WDR45B;ATG2A;WIPI2;RAB7A;ULK2;ULK1;ATG16L2;ATG13;ATG9A;ATG5;RAB1B;ATG12;WDR45;WIPI1;STBD1"
"GOCC_PHOSPHATASE_COMPLEX",0.998745069917533,1,0.202901205172351,0.58889113702753,5570,61,"ACP3;PPP1R3G;IER5;ITPR1;PPP2R3B;NKD1;PPP1R3B;NCK1;PPP2R5A;DCPS;PPP1R3C;PPP1R3A;PDPR;PPP1R9B;CTDNEP1;PPP4C;PTPA;TOX4;PPP4R1;PPP1R3F;PPP1R15A;PPP2CB;PPP2CA;PPP2R5D;HRAS;PPP1CA;PPP2R2A;PPP1R3D;CNEP1R1;PPP4R3B;PPP1R10;PPP2R2D;PRR3;PPP1R3E;PPP1R12A;PPP3CB;PPP2R1A;ANKRD28;NRAS;PPP2R5C;PPP2R5B;PPP2R1B;PPP1R15B;PPP4R2;WDR82;PDP1;PPP2R3A;AKAP5;PPP3CC;PPP3R1;PPP1CB;PPP3CA;PPP4R3A;PPP2R5E;KRAS;PPP1CC;PPP4R4;SHOC2;MRAS;PPP2R2B;PPP2R2C"
"GOCC_PHOSPHATIDYLINOSITOL_3_KINASE_COMPLEX",0.469130527665029,1,-0.421707085195686,-0.981249057891974,2195,17,"PIK3R6;PIK3CB;PIK3R3;PIK3R4;PIK3CD"
"GOCC_PHOSPHATIDYLINOSITOL_3_KINASE_COMPLEX_CLASS_I",0.31804979253112,1,-0.593329626513204,-1.14626903069119,1532,8,"PIK3R6;PIK3CB;PIK3R3;PIK3CD"
"GOCC_PHOSPHATIDYLINOSITOL_3_KINASE_COMPLEX_CLASS_III",0.981453154875717,1,0.241307447625315,0.473534819616445,5132,9,"PIK3C3;ATG13;BECN1;UVRAG;ULK1"
"GOCC_PHOSPHOLIPID_TRANSLOCATING_ATPASE_COMPLEX",0.582674199623352,1,0.420948599383856,0.915185331932082,3093,14,"ATP10B;ATP10D;ATP10A"
"GOCC_PHOSPHORYLASE_KINASE_COMPLEX",0.883831101956746,1,-0.371929296517085,-0.643354929725777,4290,5,"PHKA1;PHKA2"
"GOCC_PHOTORECEPTOR_CELL_CILIUM",0.964377782985704,1,-0.236114378377311,-0.767703594612051,4114,110,"PPEF2;RPGRIP1;CACNA1F;GUCY2D;OPN1SW;PDE6A;CRB1;USH2A;RCVRN;IMPG1;GNAT2;PTGS1;GUCA1B;RD3;GUCA1A;MYRIP;PCDHB13;CDHR1"
"GOCC_PHOTORECEPTOR_CONNECTING_CILIUM",0.9468767173475,1,0.256755071313769,0.701898489893177,5168,43,"RP1;GNAT1;TSGA10IP;CETN3;RP1L1;MAK;NPHP1;TTC8;BBS4;SEPTIN2"
"GOCC_PHOTORECEPTOR_DISC_MEMBRANE",0.612153518123667,1,-0.375544463041311,-0.885426614712932,2870,18,"GUCY2D;OPN1SW;PDE6A;GUCA1B;GUCA1A;PCDHB13"
"GOCC_PHOTORECEPTOR_INNER_SEGMENT",0.88006372325899,1,-0.263527690456261,-0.79188049230769,3866,64,"PPEF2;OPN1SW;RDH12;CRB1;USH2A;RCVRN;IMPG1;GNAT2;GUCA1B;NOS1;RD3;GUCA1A;MYO3A"
"GOCC_PHOTORECEPTOR_OUTER_SEGMENT",0.808862786972771,1,0.275801086476814,0.840528408918828,4544,84,"RP1;ATP1A4;DHRS3;PRPH2;GUCY2F;GNAT1;TULP1;ABCA4;SLC24A4;CNGB3;INHA;SAG;RGS9BP;PCARE;CERKL;RAB27A;OPN3;CNGA1;PRCD;VCAN;PCDH15;OPN1MW;OPN5"
"GOCC_PHOTORECEPTOR_OUTER_SEGMENT_MEMBRANE",0.830988917306053,1,-0.331491095084439,-0.734409852924552,3898,14,"GUCY2D;PDE6A;GNAT2;CDHR1"
"GOCC_PHOTORECEPTOR_RIBBON_SYNAPSE",0.747510373443983,1,-0.404758994292226,-0.78196449211114,3602,8,"CACNB2;PACSIN1;SH3GL2"
"GOCC_PI_BODY",0.694677284157586,1,-0.412444719940163,-0.822364253701012,3314,9,"TDRD1;ANKRD34B;DDX4;ANKRD34A"
"GOCC_PICLN_SM_PROTEIN_COMPLEX",0.939405709846572,1,0.31406741244425,0.560075494550194,4836,6,"SNRPD2;SNRPF;CLNS1A;SNRPD3;SNRPD1;SNRPE"
"GOCC_PIGMENT_GRANULE",0.140399652476108,1,0.371470905463663,1.18018897576605,807,112,"MMP14;ITGB3;TYRP1;BACE2;ANXA2P2;RAB32;MLANA;OCA2;APOE;ANXA6;ANXA11;SYTL1;RAB38;CALU;SYTL2;ANXA2;SLC2A1;GPNMB;ITGB1;RAB27A;P4HB;SLC24A5;SYPL1;PPIB;CNP;SERPINF1;HSP90B1;TPP1;PDIA4;GGH;GANAB;PDIA6;TYR;CD63;SLC45A2;PDIA3;HSPA5;CTSD;LAMP1"
"GOCC_PIP_BODY",0.213911016125899,1,0.730448877470497,1.2493378142145,1100,5,"MAEL;PIWIL4"
"GOCC_PITUITARY_GONADOTROPIN_COMPLEX",0.257955449482896,1,-0.867356263021309,-1.15832936981645,1296,1,"CGA"
"GOCC_PLASMA_MEMBRANE_RAFT",0.355671902268761,1,0.327487286259597,1.0414323254663,2037,114,"TGFBR2;TREM2;CAVIN2;MAL;TFPI;LCP2;CAVIN3;LRRK2;MS4A4A;FXYD1;PLVAP;CAVIN1;EHD2;MYOF;PRTN3;CAV1;TLR2;DLC1;LRP4;HAS2;CDH15;GASK1A;SLC6A3;ATP1A2;SKAP1;CD36;SLC2A1;IRS1;CAV2;NOS3;ADRA1B;TNFRSF10A;SMPD2"
"GOCC_PLASMA_MEMBRANE_REGION",0.999433267214508,1,0.220113597075534,0.84572861186092,7053,1238,"NLGN4Y;CD34;SLC16A12;OSMR;CD38;CHRNG;ABCA8;LCT;CLCA2;SLC39A5;SLC6A2;ERBB3;TGFBR2;DHRS3;FAP;MFRP;CYS1;SRPX2;CNR2;TRPV4;KCTD12;HMCN1;P2RY12;CRYAB;DDR2;FN1;FGD2;TREM2;PLEK2;RHBG;ATP6V0D2;PLEK;CAVIN2;MAL;TFPI;LCP2;CAVIN3;GNAT1;ANXA1;PDGFRB;LRRC15;SLC13A2;LRRK2;CNTN6;GPER1;PTH1R;CA4;ITGB3;AQP7;MS4A4A;FLRT2;ALPK2;FXYD1;CSPG4;PLVAP;ICAM2;SLCO2A1;CAVIN1;RAPSN;EHD2;SLC2A9;CHRNB3;AIF1;SLC38A4;KRT8;CLDN5;SLC24A4;SLC9A4;CYBRD1;CBLN1;GSG1L;IL31RA;MUSK;FOLR1;CHRM1;PLD1;PKHD1;ABCC2;AMN;LPAR1;MYOF;KRT19;SLC1A7;ITGA9;SLC23A1;ITGA5;PDGFB;CFAP126;PKHD1L1;SLC5A12;PRTN3;FRMPD2;SLC7A8;JCAD;ENPP3;SLC26A7;PLLP;SCN10A;RAB34;HVCN1;ABCB4;TLN1;GJA1;FXYD2;SLC22A3;PLXND1;CAV1;TLR2;LDLRAP1;NRP2;DLC1;AQP4;LRP4;TGFBR3;GPR157;ZMYND10;IGSF5;KCNE2;EPS8;HAS2;KCNJ2;KIAA1614;IL6R;CDH15;NOD1;SLC2A5;CIB1;SLC16A5;ITGAV;COL13A1;CYBA;GASK1A;CLMP;SLC6A4;SYTL1;SYDE1;SLC26A5;EPHA7;SCNN1B;ABCB5;SLC6A3;ERBB4;CD1D;SLC17A4;ADAM29;SLC4A1;GABRE;LIMA1;NEDD9;OTOF;MIP;ATP1A2;RHOC;IGFBP2;SLC5A1;ITLN1;HEPH;EPHA2;ABCB1;TPM1;CLDN1;TGFA;FZD6;MYH9;CPLX3;GRID2;TAMALIN;B4GALT1;SLC22A1;SLC26A4;P2RX1;ADAM20;SLC22A13;NTM;EGFR;CHRNA1;C1QTNF5;ANXA2;NTNG1;SKAP1;PLPP3;SLC43A3;CD36;HHIP;DSP;SLC2A1;CNTN5;AQP1;GRIK2;DRD1;IRS1;CACNG5;GRIN3B;JAG1;NKD2;ITGB1"
"GOCC_PLATELET_ALPHA_GRANULE_LUMEN",0.0991942703670546,1,0.435470210191715,1.26766690398945,553,62,"IGF1;ISLR;FN1;IGF2;HGF;F5;THBS1;SPARC;TGFB1;PDGFB;SERPINA3;VEGFD;VEGFC;TGFB2"
"GOCC_PLATELET_ALPHA_GRANULE_MEMBRANE",0.105094942658394,1,0.615266400306327,1.35930736594395,558,15,"PECAM1;ITGB3;SPARC;LHFPL2;CD109;PCDH7;CD36;PHACTR2;ITGA2B;APLP2;TMX3"
"GOCC_PLATELET_DENSE_GRANULE",0.767507530120482,1,0.344662334092994,0.792399792355684,4076,18,"TIMP3;ITIH3;SELENOP;RARRES2;ITPR1;CD63;FAM3C"
"GOCC_PLATELET_DENSE_GRANULE_LUMEN",0.583836858006042,1,0.436120465512736,0.918841281828794,3091,12,"TIMP3;ITIH3;SELENOP;RARRES2"
"GOCC_PLATELET_DENSE_GRANULE_MEMBRANE",0.761071060762101,1,-0.442600517357076,-0.765600417626079,3694,5,"ABCC4;RAB27B"
"GOCC_PLATELET_DENSE_TUBULAR_NETWORK",0.607992388201713,1,0.435810572412008,0.899077915271757,3194,11,"ITPR3;SERPINA5;ITPR2;ATP2A1;ITPR1"
"GOCC_PLATELET_DENSE_TUBULAR_NETWORK_MEMBRANE",0.808221797323136,1,0.37898405380931,0.743707445933276,4226,9,"ITPR3;ITPR2;ATP2A1;ITPR1"
"GOCC_PML_BODY",1,1,-0.152227625399116,-0.493738552886451,4317,106,"MLIP;CIITA;ZBTB16;TP53INP2;PPARGC1A;NFE2;HIPK2;ATR;ATRX;MRE11;BASP1;TENM2;RGS14;MKNK2;BLM;SPTBN4;RPAIN;TDP2;N4BP1;RFWD3;CBX5;USP7;BMAL1;TP53;CSNK2A1;RNF111;KAT6A;PIAS2;SIRT1;NR2C1"
"GOCC_PODOSOME",0.345036764705882,1,0.394315976697493,1.06737440341262,1876,40,"AFAP1L1;PHLDB2;TNS3;VCL;SCIN;ARAP1;FLNA;TPM4;ARHGEF5;DOCK5;SVIL;SH3PXD2A;PLEC;AMOTL2"
"GOCC_POLAR_MICROTUBULE",0.904021760248689,1,0.35481630414915,0.606867146416102,4652,5,"KLHL21;TUBG1;KLHL22;CUL3;TUBGCP3"
"GOCC_POLYMERIC_CYTOSKELETAL_FIBER",1,1,0.174806833983252,0.65193087092639,6579,672,"CFAP107;ACTBL2;RP1;KRTAP4-5;POTEF;KRTAP5-6;TRPV4;CFAP161;KRT32;ACKR2;ANXA1;KRT15;KRTAP12-2;RCSD1;MAP1LC3C;LMNTD1;GPER1;SPAG6;TPM2;TRIM55;DNAI2;ACTC1;CHMP4C;AIF1;KRT8;DYNLRB2;TEKT1;KRT6B;POTEI;CFAP52;GRAMD2B;KRT19;FAM110C;CFAP126;CFAP96;KRTAP1-5;KRT18;PBXIP1;ACTN3;DCDC2;GAS2L1;PLS3;LDLRAP1;CFAP77;SPAG8;LMOD1;TUBB6;KRT80;KIF12;TEKT4;CLMP;WIPF1;RSPH1;RIBC2;CFAP45;TEKT3;LIMA1;ARHGAP6;PDLIM3;TPM1;PDLIM2;BCL2L11;RMDN2;FHDC1;BFSP2;CLDN11;FLNA;CIMIP2B;KIF19;DSP;TPM4;KIF4B;PDLIM7;MNS1;ACTN1;TEKTIP1;PTPN20;LMNA;VIM;AURKC;SPAG17;DNAH9;EML3;HAUS8;FBF1;CFAP141;KIF20A;DNAH7;TUBA1C;SCTR;KRT17;TPT1;AURKB;PKP1;SVIL;RASSF3;POTEE;CNP;TMEM214;EFHB;GAS2;CTSH;ESPN;FLACC1;LZTS2;CFAP206"
"GOCC_PORE_COMPLEX",0.681094247704703,1,0.351760176920284,0.859894528475111,3634,24,"CD34;BAX"
"GOCC_POST_MRNA_RELEASE_SPLICEOSOMAL_COMPLEX",0.900631500742942,1,0.275864592863678,0.727279779779281,4848,35,"GCFC2;SNRPB;SNRPD2;PPIE;CCDC12;ISY1;CWC15;BUD31;SNRPB2;SNRPF;CRNKL1;CWF19L2;PRPF19;SNRPG"
"GOCC_POSTSYNAPSE",1,1,-0.197040573930907,-0.768513511207538,3349,761,"CDH1;HTR4;C1QA;HCRT;GPR50;RAB17;GABRG1;ARHGEF15;MT3;CADPS2;FRMPD4;HTR5A;ARC;DCC;DRD4;GRM3;ABI3;GRIN2B;USP50;GABRA1;PRKCG;NOS1;FCHO1;ADCY8;ADORA2A;GRIN1;HCN1;CNKSR2;CALY;GRIA1;GABRR1;SLITRK1;CPLX1;CRTAC1;PAK3;PSD;INSYN2A;GRIA3;PTCH1;DGKI;PCDHB13;CTNND2;CAMK2A;CHRNA2;GRM7;DMTN;DGKB;RGS9;RNF112;DRP2;PTCHD1;NEFL;BEGAIN;GABRR2;ADGRB1;P2RX2;GABRG3;LRRTM4;FGF7;SYT17;NLGN4X;FAM81A;SH3GL2;LIN7C;PPFIA2;BAALC;DLGAP2;GABRA5;CPEB1;ATP2B2;HTR3B;ASIC2;SNCA;MAP1B;USP6;GABRB2;CPLX2;IQSEC3;NEURL1;SLC6A6;CNIH2;LRRC4C;GABRQ;SLC29A1;SH3GL3;SYT1;KCND1;HTR2A;SYN3;EPHA4;ADD2;ANKS1B;DLGAP1;KCNN2;SHISA7;P2RX5;CDH10;NEFM;SHANK1;GNG3;LRRC7;GABRG2;MAGEE1;CARMIL3;ITPKA;DLG3;GPM6A;GNAO1;PDE4B;NRCAM;GRIK4;LIN7A;PSD3;SYN1;ACTN2;SH2D5;GLRA2;SHANK3;CACNG8;CRMP1;CACNG2;GRIN2C;CAMK2N1;CTNNA2;DNM3;STX3;KCNA2;OPHN1;FGF22;KIF5C;CDK5R1;STX1A;ZDHHC2;LRFN2;GAP43;KIF5A;TACR3;RTN2;SNX27;ZDHHC15;SEMA4D;CHRNA7;KCNC1;ARHGEF9;ADAM22;EPS15;CACNG7;GABRB3;CAMK2B;HAP1;DLGAP3;CRHR1;LRP8;CHRM5;BRAF;IGSF21;IGSF9B;TMEM108;HOMER2;SLC17A7;RASGRF2;MAPT;MARK1;CNTN1;STXBP1;RTN1;LRRC4;GRK3;EPHB2;DLG2;ANK1;EFNB2;DOK7;AGO2;ABHD17C;P2RX3;RGS7BP;DLG4;CASKIN1;LRRTM3;KCTD8;SRGAP3;GRIK1;NETO1;PRRT1;IGSF9;PSD2;HTR3A;GRM1;GPHN;BRSK1;GSK3B;GRIK5;SLC8A2;ADORA1;LNX1;PPP1R9A;PRKAR1B;GRIP1;CAMK1;AP2B1;DYNLL2;NLGN1;SLC6A11;FBXO2;GRID2IP;KCNC4;LIN7B;DNAJC6;SIPA1L3;SRCIN1;AGAP1;ZC4H2;LRFN1;RAB3A;NEFH;CHRNB2;KCNC2;APBA1;ABLIM1;ARHGAP33;MAPK8IP2;KCNA4;GRIPAP1;UBE3B;MECP2;GNAQ;INA;TENM2;NOTCH1;SYN2;WASF3;CACNG4;PRKAR2B;NTRK3;NCS1;WASF1;SAMD14;CPEB3;CPEB4;KCNB1;SLC16A7;RGS14;STAU2;ARRB2;UBE3A;SYAP1;GABRA2;PTPN1;FRRS1L;CHRNA4;KIF1B;SHANK2;EEF2K;SPTBN2;LRRTM1;SH3KBP1;FAAH;NSG1;NSG2;HIP1R;CALM3;LRFN3;SUSD4;INPP4A;SOS1;EEA1;PAK2;GRID1;SLC8A3;STRN;PRR7;MIB1;EPB41L3;CHRM2;CTTNBP2;SHISA6;CHRFAM7A;PPP1CC;SLC8A1;ATXN1;PALM;FMR1;MPP2;FABP5;GNB5;AP2A2;BNIP3;GABRA3;SENP5;PTPRO;BAIAP2;KIF3B;GABRA4;DTNB;SYT11;ABR;PPP3CA;VANGL2;LZTS3;CDK5;PDXP;RUSC1;UBE2M;NRP1;TRIO"
"GOCC_POSTSYNAPTIC_ACTIN_CYTOSKELETON",0.955155071248952,1,-0.283316880552813,-0.564899158050841,4557,9,"ITPKA;CTTNBP2;KPTN;ACTB;ITSN1;MYH10;CTTN;MYO9B;ACTN4"
"GOCC_POSTSYNAPTIC_CYTOSKELETON",0.390878090366581,1,-0.474527328011396,-1.05130288668768,1833,14,"NEFL;NEFM;ITPKA;NEFH;INA;SPTBN2;CTTNBP2;KPTN;ACTB"
"GOCC_POSTSYNAPTIC_CYTOSOL",0.614750542299349,1,-0.344779458334308,-0.898975182616165,2833,29,"PRKCG;SYT1;KIF5C;KIF5A;GNAQ;UBE3A;CALM3;FABP5;SENP5;BAIAP2;FBXO45;CALB1"
"GOCC_POSTSYNAPTIC_DENSITY_INTRACELLULAR_COMPONENT",0.641791044776119,1,-0.368096749212626,-0.867867032049193,3009,18,"GRIA1;PSD;FAM81A;USP6;SH3GL3;CTNNA2;GRID2IP;PRR7;FABP5;BAIAP2"
"GOCC_POSTSYNAPTIC_DENSITY_MEMBRANE",0.995326010750175,1,-0.212668213242825,-0.702525853279902,4258,123,"DCC;GRIN2B;GRIN1;CNKSR2;GRIA1;SLITRK1;GRIA3;RGS9;NLGN4X;LIN7C;ATP2B2;ASIC2;IQSEC3;LRRC4C;EPHA4;SHISA7;DLG3;NRCAM;GRIK4;LIN7A;CACNG8;CACNG2;GRIN2C;FGF22;STX1A;LRFN2;ADAM22;CACNG7;CRHR1;LRP8;IGSF21;TMEM108;LRRC4;DLG2;EFNB2;ABHD17C;RGS7BP;DLG4;LRRTM3;GRIK1;NETO1;PRRT1;IGSF9;GRM1;GRIK5;LIN7B;LRFN1"
"GOCC_POSTSYNAPTIC_EARLY_ENDOSOME",0.483625128733265,1,-0.589298659702719,-1.01935556394956,2347,5,"SNX27;GRIPAP1;EEA1;VPS26B"
"GOCC_POSTSYNAPTIC_ENDOCYTIC_ZONE",0.34953897736798,1,-0.557642836728613,-1.11187151413787,1667,9,"FCHO1;CALY;EPS15;AP2B1;HIP1R"
"GOCC_POSTSYNAPTIC_ENDOSOME",0.447149263292761,1,-0.40881716696508,-0.997849870456658,2093,21,"SH3GL3;ZDHHC2;SNX27;AGAP1;GRIPAP1;NSG1;EEA1;AKAP5;ANP32E;VPS26B;TFRC;AP3M1;STX12"
"GOCC_POSTSYNAPTIC_ENDOSOME_MEMBRANE",0.676026823134954,1,-0.41889382012992,-0.835222969568102,3225,9,"ZDHHC2;GRIPAP1;AKAP5;ANP32E;TFRC"
"GOCC_POSTSYNAPTIC_MEMBRANE",1,1,-0.180862437238913,-0.659253192019049,3836,309,"C1QA;GABRG1;CADPS2;HTR5A;ARC;DCC;GRM3;GRIN2B;GABRA1;ADORA2A;GRIN1;HCN1;CNKSR2;GRIA1;GABRR1;SLITRK1;GRIA3;PTCH1;PCDHB13;CHRNA2;GRM7;DGKB;RGS9;GABRR2;GABRG3;LRRTM4;NLGN4X;LIN7C;GABRA5;ATP2B2;HTR3B;ASIC2;GABRB2;IQSEC3;SLC6A6;CNIH2;LRRC4C;GABRQ;SYT1;KCND1;HTR2A;EPHA4;SHISA7;CDH10;SHANK1;LRRC7;GABRG2;MAGEE1;DLG3;GNAO1;NRCAM;GRIK4;LIN7A;GLRA2;SHANK3;CACNG8;CACNG2;GRIN2C;CTNNA2;KCNA2;FGF22;STX1A;LRFN2;SEMA4D;CHRNA7;KCNC1;ADAM22;CACNG7;GABRB3;CRHR1;LRP8;CHRM5;IGSF21;IGSF9B;TMEM108;CNTN1;LRRC4;EPHB2;DLG2;ANK1;EFNB2;DOK7;ABHD17C;RGS7BP;DLG4;LRRTM3;KCTD8;GRIK1;NETO1;PRRT1;IGSF9;HTR3A;GRM1;GPHN;GRIK5;ADORA1;GRIP1;NLGN1;SLC6A11;GRID2IP;KCNC4;LIN7B;ZC4H2;LRFN1;CHRNB2;KCNC2;TENM2;NOTCH1;CACNG4;NTRK3;KCNB1;SLC16A7;SYAP1;GABRA2;CHRNA4;SHANK2;LRRTM1;NSG1;NSG2;LRFN3;SUSD4;GRID1;SLC8A3;STRN"
"GOCC_POSTSYNAPTIC_RECYCLING_ENDOSOME",0.566252369917843,1,-0.438158428176778,-0.921122790195782,2687,11,"ZDHHC2;SNX27;AKAP5;VPS26B;TFRC;AP3M1;STX12;RAB11A"
"GOCC_POSTSYNAPTIC_RECYCLING_ENDOSOME_MEMBRANE",0.868328868740985,1,-0.369073673458897,-0.665292346148008,4213,6,"ZDHHC2;AKAP5;TFRC"
"GOCC_POSTSYNAPTIC_SPECIALIZATION",0.469908015768725,1,-0.267083327801731,-0.992497813689572,1787,384,"GPR50;HTR5A;ARC;DCC;GRM3;ABI3;GRIN2B;USP50;GABRA1;PRKCG;NOS1;ADCY8;GRIN1;CNKSR2;GRIA1;SLITRK1;CRTAC1;PAK3;PSD;INSYN2A;GRIA3;DGKI;CTNND2;CAMK2A;DMTN;RGS9;RNF112;DRP2;ADGRB1;NLGN4X;FAM81A;LIN7C;PPFIA2;BAALC;DLGAP2;GABRA5;CPEB1;ATP2B2;ASIC2;MAP1B;USP6;GABRB2;IQSEC3;NEURL1;CNIH2;LRRC4C;SH3GL3;SYT1;SYN3;EPHA4;ADD2;ANKS1B;DLGAP1;SHISA7;CDH10;SHANK1;GNG3;LRRC7;GABRG2;DLG3;PDE4B;NRCAM;GRIK4;LIN7A;PSD3;SYN1;SH2D5;GLRA2;SHANK3;CACNG8;CACNG2;GRIN2C;CAMK2N1;CTNNA2;DNM3;FGF22;CDK5R1;STX1A;ZDHHC2;LRFN2;GAP43;RTN2;ZDHHC15;ARHGEF9;ADAM22;CACNG7;GABRB3;CAMK2B;DLGAP3;CRHR1;LRP8;IGSF21;IGSF9B;TMEM108;HOMER2;RTN1;LRRC4;DLG2;EFNB2;ABHD17C;RGS7BP;DLG4;LRRTM3;GRIK1;NETO1;PRRT1;IGSF9;GRM1;GPHN;BRSK1;GRIK5;SLC8A2;PPP1R9A;GRIP1;CAMK1;DYNLL2;NLGN1;GRID2IP;LIN7B;DNAJC6;SIPA1L3;SRCIN1;LRFN1;NEFH;ABLIM1;ARHGAP33;MAPK8IP2;UBE3B;NOTCH1;SYN2;CACNG4;NCS1;SAMD14;CPEB3;CPEB4;KCNB1;SLC16A7;RGS14;GABRA2;SHANK2;EEF2K;LRRTM1;SH3KBP1;NSG2;HIP1R;LRFN3;INPP4A;SOS1;PAK2;GRID1;SLC8A3;STRN;PRR7;MIB1;SHISA6;SLC8A1;PALM;FMR1;MPP2;FABP5;BNIP3;GABRA3;PTPRO;BAIAP2;GABRA4;DTNB;SYT11;VANGL2;LZTS3;CDK5;RUSC1"
"GOCC_POSTSYNAPTIC_SPECIALIZATION_INTRACELLULAR_COMPONENT",0.76696542893726,1,-0.323090982270905,-0.80321959819691,3593,23,"GRIA1;PSD;FAM81A;USP6;SH3GL3;CTNNA2;GPHN;GRID2IP;SIPA1L3;PRR7;FABP5;BAIAP2"
"GOCC_POSTSYNAPTIC_SPECIALIZATION_MEMBRANE",0.986360373295047,1,-0.224186410923498,-0.759437548413787,4121,151,"HTR5A;DCC;GRIN2B;GABRA1;GRIN1;CNKSR2;GRIA1;SLITRK1;GRIA3;RGS9;NLGN4X;LIN7C;GABRA5;ATP2B2;ASIC2;GABRB2;IQSEC3;LRRC4C;EPHA4;SHISA7;CDH10;GABRG2;DLG3;NRCAM;GRIK4;LIN7A;GLRA2;CACNG8;CACNG2;GRIN2C;FGF22;STX1A;LRFN2;ADAM22;CACNG7;GABRB3;CRHR1;LRP8;IGSF21;TMEM108;LRRC4;DLG2;EFNB2;ABHD17C;RGS7BP;DLG4;LRRTM3;GRIK1;NETO1;PRRT1;IGSF9;GRM1;GRIK5;NLGN1;LIN7B;LRFN1;NOTCH1;CACNG4;KCNB1;SLC16A7;GABRA2;LRRTM1;NSG2;LRFN3;GRID1"
"GOCC_POTASSIUM_CHANNEL_COMPLEX",0.189478584729981,1,-0.358824862899605,-1.14795905399169,813,97,"KCNE3;LRRC38;KCNQ5;ABCC8;KCNMB3;KCNH4;KCNN1;KCNH5;HCN1;KCNAB1;KCNQ1;KCNA3;KCNA5;KCNIP2;KCNQ3;KCND1;KCNAB3;KCNJ11;KCNMB2;DPP6;KCNE1;KCNJ16;GRIK4;KCNH2;KCNE4;SNAP25;KCNJ9;KCNA2;STX1A;LRRC26;KCNC1;HCN4;DLG2;DLG4;GRIK1;GRIK5;KCNS1;KCNC4;VAMP2;KCNC2;KCNS3;KCNA4;KCNJ14;KCNJ3;KCNB1;CALM3;CNTNAP2;KCNG3;KCNIP4;KCNA6;LRRC55;KCNB2"
"GOCC_PRC1_COMPLEX",0.997039230199852,1,0.205902508082455,0.533001687218375,5387,32,"SAMD11;CBX7;PCGF1;BMI1;E2F6;L3MBTL2;BCORL1;PCGF2;MAX;PCGF5;SKP1;MGA;BCOR;CSNK2B;RYBP;PCGF6;TFDP1;RING1;CBX6;AUTS2;CSNK2A2;CBX2;PHC2;YAF2;CSNK2A1;CBX8;RNF2;CBX4;PCGF3;KDM2B;PHC1"
"GOCC_PRE_SNORNP_COMPLEX",0.829072164948454,1,-0.381311007933316,-0.71151453952444,4020,7,"NUFIP1;NOP58;TAF9;ZNHIT6;NOP56;PIH1D1;ZNHIT3"
"GOCC_PRECATALYTIC_SPLICEOSOME",0.875751148815836,1,0.267643825577135,0.795391914477959,4954,70,"LSM8;SNRNP25;ZMAT5;SNRPB;LSM7;RBM42;LSM5;SNRPC;SF3B6;SNRPD2;DDX23;LSM6;SNRNP48;MFAP1;PDCD7;SF3B4;LSM2;SF3A2;PHF5A;SNRPB2;PRPF31;PRPF3;SNRPF;SNU13;SF3B5;MAGOHB;SRRM2;SNRNP70;SCNM1;SNRPG;SNRPA"
"GOCC_PREFOLDIN_COMPLEX",0.871506211180124,1,0.365250510111475,0.672340478112853,4489,7,"PFDN5;PFDN6;PFDN1;PDRG1"
"GOCC_PRERIBOSOME",0.997361013370866,1,0.213215012217185,0.670770748537866,5668,106,"PWP2;RPS12;RPS19;RPS9;RPS14;RPS27;RPS24;RPS11;RPS27A;RPS23;RPS15A;RPS7;RPS3A;RPS6;RPS16;RPS17;RPS8;RPS13;NSA2;RPS5;UTP14C;RRP1;WDR12;RRP9;DCAF13;SNU13;FTSJ3;EMG1;KRI1;NGDN;KRR1;RPS4X;RRP7A;UTP18;UTP11;FBL;WDR46;RRS1;FCF1;PIN4;RPS19BP1;RPS28;AATF;NOB1;RIOK2;EXOSC10;NOP56;PNO1;NOL11;PPAN;DIMT1;RRP7BP;MPHOSPH10;PES1;WDR74;UTP3;DNTTIP2;NOC4L;UTP6;SLX9;FSAF1;NOL6;BYSL;UTP23;UTP25;UTP15;MRTO4;NOC2L;RCL1;WDR75;RRP36;ZNF622;IMP3;UTP4;PDCD11;BMS1;IMP4;LTV1;NIP7;NOP9;EBNA1BP2;NOL7;UTP20;SRFBP1;XRCC5;RIOK1;RPF1;NOL10;UTP14A;WDR3;TSR1;PRKDC;DHX37;WDR36;NOP58;WDR43;MAK16;NOP14;RRP15;TBL3;NAT10;BOP1;RIOK3;HEATR1"
"GOCC_PRERIBOSOME_LARGE_SUBUNIT_PRECURSOR",0.918941979522184,1,-0.290118490345231,-0.665514396934439,4307,16,"BOP1;RRP15;MAK16;RPF1;EBNA1BP2;NIP7;ZNF622;NOC2L;MRTO4;WDR74;PES1;PPAN;RRS1;FTSJ3;WDR12;NSA2"
"GOCC_PRERIBOSOME_SMALL_SUBUNIT_PRECURSOR",0.867007672634271,1,-0.31743192530812,-0.703262129921503,4067,14,"RRP1B;RIOK3;NOP14;RIOK1;UTP20;NOP9;LTV1"
"GOCC_PRESPLICEOSOME",0.955007530120482,1,0.267756564991588,0.615588724133574,5072,18,"SNRPB;LSM7;SNRPC;SNRPN;SF3A2;PRPF40B;SNRNP70;SNRPG"
"GOCC_PRESYNAPSE",1,1,-0.183532604403271,-0.708836986694563,3439,663,"C1QA;KCNJ10;SLC6A13;HCRT;NPY2R;MX2;MX1;PNOC;WNT7A;USH2A;SYT10;MT3;CADPS2;NRXN3;DAO;ABCC8;CACNA2D3;SLC32A1;RAB8B;GRM3;KIF21A;ITGA2;CACNB2;DYSF;GHRH;PRKCG;NOS1;SCGN;ADCY8;ADORA2A;GRIN1;HCN1;MCTP1;GRIA1;CRHR2;GABRR1;PACSIN1;TH;CPLX1;SV2C;DOC2A;SYT6;PRUNE2;DGKI;TMEM163;NRN1;CHRNA2;GRM7;RGS9;SYT9;RNF112;NEFL;GNRH1;CNGB1;RAB27B;SNCG;UNC13C;TSPOAP1;BORCS5;SH3GL2;LIN7C;PPFIA2;BDNF;S1PR1;GABRA5;UNC13B;GAD2;SLC1A6;SNCA;CPLX2;LGI3;CASK;RAB3B;SLC4A8;SLC29A1;SH3GL3;SYT1;HTR2A;SYN3;EPHA4;ANKS1B;CBARP;HRH3;SEPTIN3;CDH10;RIMS2;BTBD8;RAB3D;NPTX2;SYNPR;ICA1;SEPTIN6;GPM6A;GNAO1;PDE4B;ATP6V0A4;BAIAP3;SNCB;GRIK4;ERC2;PDE2A;LIN7A;PTPRN2;STX1B;SYN1;ATP6V1A;SGIP1;NAPB;SNAP25;BIN1;CRMP1;SLC5A7;CTNNA2;GOT1;DNM3;KCNJ9;RIMS4;STX3;KCNA2;OPHN1;DOC2B;DENND1A;STX1A;SYT5;LRFN2;GAP43;TACR3;NECTIN1;KCNC1;HAP1;RIMS1;SNPH;IGSF21;RIMS3;PTPRN;SYT12;SLC17A7;PRKCB;SNAP91;ATP6V1C1;CNTN1;ATCAY;STXBP1;SYT2;CRHBP;UNC13A;GRK3;EPHB2;EFNB2;LPAR2;RGS7BP;ATP6V1B1;DLG4;STON2;KCTD8;GRIK1;SEPTIN5;PRRT1;AAK1;BRSK1;YWHAH;GSK3B;GRIK5;ATP6V1G2;SLC8A2;ATP6V1B2;ADORA1;SYT7;SYP;EFNB1;AP2B1;PDYN;NLGN1;SLC6A11;SYT13;AP3B2;KCNC4;LIN7B;VAMP2;DNAJC6;SRCIN1;DAAM1;RAB3A;NRXN2;RAB40AL;CDK16;CHRNB2;KCNC2;APBA1;GRIPAP1;GDI1;RAB33B;TENM2;SYN2;SYNGR3;SLC30A10;KCNJ3;SLC17A6;SNX4;CLCN4;UBE3A;ITSN2;YWHAG;SYAP1;GABRA2;CDK5R2;CHRNA4;RAB40A;KIF1B;HTR1B;ATP6V0E2;SPTBN2;FAAH;MICAL1;SV2A;SEPTIN4;CALM3;LRFN3;NECAP1;CNTNAP2;ZNRF2;GRAP;SLC8A3;NUFIP1;KCNA6;ATP2B1;CHRM2;CTTNBP2;PPFIA4;AMPH;TBC1D24;STX7;PPP1CC;DMXL2;SLC8A1;TSNARE1;CACNB4;FMR1;TPRG1L;SCN9A;NF1;GNB5;AP2A2;SENP5;NRXN1;SVOP;BAIAP2"
"GOCC_PRESYNAPTIC_ACTIVE_ZONE",0.2198256080771,1,-0.358998471307393,-1.12936459006141,957,85,"NRXN3;DAO;CACNA2D3;SLC32A1;ADCY8;ADORA2A;HCN1;GRIA1;GRM7;UNC13C;PPFIA2;UNC13B;SYT1;CDH10;RIMS2;GPM6A;ERC2;STX1B;SYN1;CTNNA2;RIMS4;STX1A;NECTIN1;RIMS1;RIMS3;SLC17A7;STXBP1;UNC13A;LPAR2;KCTD8;BRSK1;ADORA1;SYP;RAB3A;NRXN2;APBA1;SV2A;LRFN3;NUFIP1;PPFIA4;TPRG1L;NRXN1;SYT11;FZD3;TRIO;BSN;OSBPL2"
"GOCC_PRESYNAPTIC_ACTIVE_ZONE_CYTOPLASMIC_COMPONENT",0.315430520034101,1,-0.502883966705113,-1.1141262782095,1479,14,"RIMS2;ERC2;CTNNA2;RIMS1;RIMS3;STXBP1;BSN;OSBPL2;ERC1;CTBP1"
"GOCC_PRESYNAPTIC_ACTIVE_ZONE_MEMBRANE",0.575573841489822,1,-0.341738527620392,-0.925066891261634,2657,35,"NRXN3;CACNA2D3;HCN1;GRIA1;CDH10;GPM6A;STX1B;STX1A;NECTIN1;LPAR2;KCTD8;NRXN2;APBA1;LRFN3;NRXN1;SYT11;FZD3"
"GOCC_PRESYNAPTIC_CYTOSOL",0.994360086767896,1,-0.206188900323658,-0.537615277944309,4583,29,"PRKCG;SH3GL2;SYT1;ANKS1B;PRKCB;STXBP1;GDI1;CALM3;SENP5;BAIAP2;FBXO45;CALB1"
"GOCC_PRESYNAPTIC_ENDOCYTIC_ZONE",0.369087136929461,1,-0.566458085631566,-1.09435519773363,1778,8,"PACSIN1;SNAP91;AP2B1;DNAJC6"
"GOCC_PRESYNAPTIC_ENDOSOME",0.961950286806883,1,0.273554897444335,0.536816290965189,5030,9,"PIK3C3;RABGEF1;VAC14;VTI1B;RAB7A;RAB11A;AP3D1;VAMP4;SNX4"
"GOCC_PRESYNAPTIC_MEMBRANE",0.986559139784946,1,-0.225591746445154,-0.778701171564689,4036,179,"C1QA;CADPS2;NRXN3;ABCC8;CACNA2D3;GRM3;ADCY8;ADORA2A;GRIN1;HCN1;GRIA1;GABRR1;RGS9;UNC13C;PPFIA2;GABRA5;UNC13B;GAD2;SLC1A6;CASK;SLC4A8;SYT1;HTR2A;EPHA4;CDH10;RIMS2;GPM6A;GNAO1;GRIK4;ERC2;PDE2A;STX1B;SNAP25;SLC5A7;CTNNA2;KCNJ9;KCNA2;DENND1A;STX1A;NECTIN1;KCNC1;RIMS1;IGSF21;RIMS3;SNAP91;CNTN1;STXBP1;UNC13A;EPHB2;EFNB2;LPAR2;RGS7BP;KCTD8;GRIK1;GRIK5;ADORA1;SYT7;SYP;EFNB1;AP2B1;SLC6A11;KCNC4;VAMP2;DNAJC6;NRXN2;CHRNB2;KCNC2;APBA1;GRIPAP1;TENM2"
"GOCC_PROCENTRIOLE_REPLICATION_COMPLEX",0.759324129404492,1,-0.425714703516853,-0.767393488779885,3684,6,"STIL;SASS6;CPAP;CEP192;PLK4;CEP152"
"GOCC_PRONUCLEUS",0.583617747440273,1,-0.395591694731786,-0.907463594748521,2735,16,"DPPA3"
"GOCC_PROTEASE_INHIBITOR_COMPLEX",0.779957273256943,1,0.426217316777562,0.760072089690058,4015,6,"PLAT;SERPINA5;PLAU;SERPINB6"
"GOCC_PROTEASOME_ACCESSORY_COMPLEX",0.950448765893792,1,0.261979919762719,0.647039472789221,5082,25,"SEM1;PSME1;PSMD9;PSMC3;PSME2;PSMC2;PSMD8;PSMC1;PSMD5;PSMD4;PSMC6;PSMC4;PSMD6;PSMC5;PSMD3;PSMD13;PSMD2;PSMD7;ADRM1;PSMD14;PSMD1;PSME3;PSMD11;PSMD12"
"GOCC_PROTEASOME_COMPLEX",0.370542082738944,1,0.357173623745964,1.04517226543029,2077,64,"PSMB8;PIPSL;PSMB9;HSPB1;SEM1;PSME1;PSMB3;PSMD9;ZFAND2B;PSMC3;PSMB10;PSMB4;PSMA5;PSMB1;PSME2;PSMC2;PAAF1;PSMD8;VCP;PSMC1;PSMA1;PSMB7;PSMB6;PSMD5;PSMD4;PSMC6;PSMA2;PSMA4;PSMA7;DNAJB2;PSMC4;PSMA3;RAD23A"
"GOCC_PROTEASOME_CORE_COMPLEX",0.0922439759036145,1,0.598435570170457,1.37583998782235,489,18,"PSMB8;PSMB9;PSMB3;PSMB10;PSMB4;PSMA5;PSMB1;PSMA1;PSMB7;PSMB6;PSMA2;PSMA4;PSMA7;PSMA3"
"GOCC_PROTEASOME_CORE_COMPLEX_ALPHA_SUBUNIT_COMPLEX",0.69429347826087,1,0.453807626220159,0.835353347736597,3576,7,"PSMA5;PSMA1;PSMA2;PSMA4;PSMA7;PSMA3"
"GOCC_PROTEASOME_CORE_COMPLEX_BETA_SUBUNIT_COMPLEX",0.10401667298219,1,0.682207950003831,1.37409652788612,548,10,"PSMB8;PSMB9;PSMB3;PSMB10;PSMB4;PSMB1;PSMB7;PSMB6"
"GOCC_PROTEASOME_REGULATORY_PARTICLE_BASE_SUBCOMPLEX",0.950701232469188,1,-0.274718443761884,-0.588084587366108,4473,12,"PSMD10;PSMD1;PSMD2;PSMC5;PSMC4;PSMC6;PSMD4;PSMD5;PSMC1;PSMC2;PSMC3;PSMD9"
"GOCC_PROTEASOME_REGULATORY_PARTICLE_LID_SUBCOMPLEX",0.844654573523736,1,0.37181924539339,0.707157754819445,4376,8,"SEM1;PSMD8;PSMD3;PSMD13;ADRM1;PSMD14;PSMD11;PSMD12"
"GOCC_PROTEASOME_STORAGE_GRANULE",0.547525676937442,1,0.402472477231996,0.937506423854056,2931,19,"PSME1;PSMB3;PSMB4;PSMA5;PSMB1;PSME2;PSMA1;PSMB7;PSMB6;PSMA2;PSMA4;PSMA7;PSMA3;PSMB5;PSMD2;PSMA6;PSMB2;PSMD1;PSME3"
"GOCC_PROTEIN_COMPLEX_INVOLVED_IN_CELL_CELL_ADHESION",0.709284028324154,1,0.502859528400352,0.820392684861355,3605,4,"LGALS1"
"GOCC_PROTEIN_DNA_COMPLEX",0.166442953020134,1,0.333949825631908,1.12989782249686,991,205,"H2AC19;H2AC16;MYOG;H3C3;TBX5;H4C12;H1-3;H2BC3;H3C12;GATA1;H2BC13;TGM2;H1-2;H3C10;H3-5;RPA4;H2BC12;H2AC15;H4C14;H2AJ;HOXA11;H2AC17;H2BC9;NKX2-5;H2AC12;H4C9;POLD4;H1-4;H2AC4;H2AC8;HMGA2"
"GOCC_PROTEIN_FOLDING_CHAPERONE_COMPLEX",0.999775078722447,1,-0.175936435868331,-0.506344410513632,4444,49,"CCT8L1P;VBP1;CCT6B;PTGES3;PSMG4;HSP90AA1;CCT6A;CCT2;URI1;STIP1;BAG2;HSP90AB1;DNAJC2;PPP5C;TCP1;CCT8;DNAAF2;HSPA8;CCT5;HSF1;CCDC47;UXT;CCT3;CCT4;PFDN2;RUVBL1;HSPA14;PSMG1;CCT7;RPAP3;DNAJC9;RUVBL2;PDRG1;TSC1;STUB1;PSMG2;PSMG3;DNAJB11;CDC37;WDR83OS;PFDN1;PFDN6;SDF2;PFDN5;SDF2L1;BAG3;PIH1D2;SPAG1;HSPB8"
"GOCC_PROTEIN_KINASE_COMPLEX",0.7531330472103,1,0.269289424741543,0.893398626231946,4386,166,"PRKY;STING1;TGFBR2;CCNO;TGFB1;INSRR;CDKN1A;CSNK2A3;CCNB3;TGFB2;CDK18;CCND1;IKBKE"
"GOCC_PROTEIN_LIPID_COMPLEX",0.288934047663033,1,0.435778952797166,1.11850516027247,1563,30,"APOA4;APOC3;LPL;APOE;APOA1;LCAT;VLDLR;PLTP;MSR1;APOL1"
"GOCC_PROTEIN_PHOSPHATASE_4_COMPLEX",0.888362512873326,1,-0.368963626393712,-0.638224980265813,4312,5,"PPP4R3A;PPP4R2;PPP4R3B;PPP4R1;PPP4C"
"GOCC_PROTEIN_PHOSPHATASE_TYPE_1_COMPLEX",0.988008244332022,1,0.225746268656716,0.551847519924275,5272,24,"PPP1R3G;PPP1R3B;NCK1;PPP1R3C;PPP1R3A;PPP1R9B;TOX4;PPP1R3F;PPP1R15A;HRAS;PPP1CA;PPP1R3D;PPP1R10;PRR3;PPP1R3E;PPP1R12A;NRAS;PPP1R15B;WDR82;PPP1CB;KRAS;PPP1CC;SHOC2;MRAS"
"GOCC_PROTEIN_PHOSPHATASE_TYPE_2A_COMPLEX",0.993411144578313,1,0.21660274432416,0.497982960853002,5276,18,"IER5;PPP2R3B;NKD1;PPP2R5A"
"GOCC_PROTON_TRANSPORTING_ATP_SYNTHASE_COMPLEX",0.916399401325636,1,-0.281675201170446,-0.680194181086387,4285,20,"DMAC2L;ATP5MC1;ATP5MK;ATP5F1E;ATP5F1A;ATP5F1B;ATP5F1D;ATP5F1C;ATP5MF;ATP5PB;ATP5MJ;ATP5PF;ATP5PO;ATP5ME;ATP5MC3;ATP5MG;MT-ATP8;ATP5MC2;ATP5PD;MT-ATP6"
"GOCC_PROTON_TRANSPORTING_TWO_SECTOR_ATPASE_COMPLEX",0.999456620177504,1,0.186693331302356,0.519143052593361,5517,47,"ATP6V0D2;ATP6V1C2;ATP6V0E1;MT-ATP6;ATP5PD;ATP5MC2;MT-ATP8;ATP5MG;ATP5MC3;VMA22;ATP6AP1;RNASEK;ATP6AP2;ATP5ME;ATP6V1F;ATP5PO;ATP5PF;ATP5MJ;ATP5PB;ATP6V1H;ATP6V1E2;ATP6V0D1;ATP5MF;ATP6V1G1;ATP6V0A1;ATP6V1D;ATP5F1C;ATP6V0A2;ATP6V0C;ATP5F1D;ATP5F1B;ATP6V0B;ATP5F1A;ATP6V1E1;ATP5F1E;ATP5MK;ATP5MC1;ATP6V0E2;ATP6V1B2;ATP6V1G2;ATP6V1B1;ATP6V1C1;VMA12;ATP6V1A;DMAC2L;ATP6V0A4;TCIRG1"
"GOCC_PROTON_TRANSPORTING_TWO_SECTOR_ATPASE_COMPLEX_CATALYTIC_DOMAIN",0.351678708032299,1,-0.509029444164277,-1.08966972340603,1654,12,"ATP6V1A;ATP6V1C1;ATP6V1B1;ATP6V1G2;ATP6V1B2"
"GOCC_PROTON_TRANSPORTING_TWO_SECTOR_ATPASE_COMPLEX_PROTON_TRANSPORTING_DOMAIN",0.509870276367738,1,0.437680170075827,0.966966307302764,2711,15,"ATP6V0D2;ATP6V0E1;ATP5MC2"
"GOCC_PROTON_TRANSPORTING_V_TYPE_ATPASE_COMPLEX",0.944797904191617,1,0.265046764364098,0.658419505621521,5048,26,"ATP6V0D2;ATP6V1C2;ATP6V0E1;VMA22;ATP6AP1;RNASEK;ATP6AP2;ATP6V1F;ATP6V1H;ATP6V0D1;ATP6V1G1;ATP6V0A1;ATP6V1D;ATP6V0A2;ATP6V0C;ATP6V0B;ATP6V1E1;ATP6V0E2;ATP6V1B2;ATP6V1G2;ATP6V1B1;ATP6V1C1;VMA12;ATP6V1A;ATP6V0A4;TCIRG1"
"GOCC_PROTON_TRANSPORTING_V_TYPE_ATPASE_V0_DOMAIN",0.434101208459215,1,0.485548655424952,1.02297916337494,2298,12,"ATP6V0D2;ATP6V0E1"
"GOCC_PROXIMAL_DENDRITE",0.366804979253112,1,-0.567432709414537,-1.09623809892224,1767,8,"GRIA1;MAP2;KCNB1;RAB3IP;GIGYF2"
"GOCC_PRP19_COMPLEX",0.866101694915254,1,0.32637314415271,0.709568614083314,4598,14,"ISY1;CWC15;CRNKL1;PRPF19;U2AF2;POLR2A;XAB2;SYF2;RBM22;HSPA8;BCAS2;CTNNBL1;CDC5L"
"GOCC_PSEUDOPODIUM",0.888271736808374,1,-0.300704566206454,-0.699694367612955,4157,17,"RAB25;F2RL1;LDB3;ACTN2"
"GOCC_PTW_PP1_PHOSPHATASE_COMPLEX",0.576970954356846,1,-0.47317424041819,-0.914137696274514,2780,8,"PPP1CC;PPP1CB;WDR82;PPP1R12A;PRR3;PPP1R10;PPP1CA"
"GOCC_PWP2P_CONTAINING_SUBCOMPLEX_OF_90S_PRERIBOSOME",0.6391532336376,1,0.495658131773588,0.883905691203146,3290,6,"PWP2;UTP18"
"GOCC_PYRUVATE_DEHYDROGENASE_COMPLEX",0.897525773195876,1,-0.33959432079926,-0.633672492431313,4352,7,"PDK1;PDHA1;DLD;DLAT"
"GOCC_R2TP_COMPLEX",0.56498931416359,1,0.561342073094719,0.96010261670245,2907,5,"PIH1D2;RUVBL2;RPAP3;PIH1D1;RUVBL1"
"GOCC_RAD17_RFC_LIKE_COMPLEX",0.707402370312804,1,0.48168859366228,0.823865698612693,3640,5,"RFC3;RFC2;RFC4;RFC5"
"GOCC_RADIAL_SPOKE",0.419458035378246,1,0.462210325174541,1.03527981468047,2228,16,"IQUB;DNAJB13;RSPH1;CFAP206;CFAP91;ROPN1L"
"GOCC_RADIAL_SPOKE_HEAD",0.677025963808025,1,0.524442076381882,0.855603640376191,3441,4,"RSPH1;RSPH3;RSPH9;RSPH4A"
"GOCC_RAGULATOR_COMPLEX",0.950133937770451,1,-0.299919573005776,-0.540635137994862,4610,6,"SLC38A9;LAMTOR3;LAMTOR5;LAMTOR1;LAMTOR4;LAMTOR2"
"GOCC_RDNA_HETEROCHROMATIN",0.914513308723528,1,0.344909522939134,0.589922885476604,4706,5,"NOP53;RRP8;SUV39H1;SIRT1;BAZ2A"
"GOCC_RECYCLING_ENDOSOME",1,1,-0.155026139903012,-0.543759209723626,4033,207,"HLA-H;C1orf210;LTF;RAB17;RAB25;SLC39A4;ABCB11;MLC1;PHETA2;WIPF3;PLA2G3;RAB8B;HLA-F;MCTP1;GRIA1;FER1L6;ATG9B;USP6;MYO5A;ENTREP1;BAIAP3;ATP11C;RAP2C;SYT5;ZDHHC2;DYNC1I1;SNX27;RAB11FIP4;RAB11FIP2"
"GOCC_RECYCLING_ENDOSOME_MEMBRANE",1,1,-0.174542278796505,-0.566114408764801,4317,106,"HLA-H;RAB17;SLC39A4;ABCB11;RAB8B;HLA-F;GRIA1;ATG9B;ENTREP1;BAIAP3;ATP11C;RAP2C;SYT5;ZDHHC2;RAB11FIP4;RAB11FIP2;SLC9A7;ABHD17C;GRIPAP1;MTMR4;SLC30A10;RAB11FIP5;CLCN4;NSG1;INPP4A;CLIP3;DYNC1LI1"
"GOCC_REPLICATION_FORK",1,1,0.121628646217854,0.367361934219173,5635,78,"DHFRP1;RPA4;POLD4;BCL6;TYMS;DONSON;POLH;RAD51B;RECQL5;SHMT1;RPA2;RTF2;EME1;H2AX;PCNA;TEX264;DNMT1;RFC3;RFC2;RFC4;TIPIN;RPA1;PRPF19"
"GOCC_REPLISOME",0.992317781525201,1,0.219015294029401,0.535393331437086,5295,24,"RPA4;POLD4;DONSON;RPA2;PCNA;RPA1;PRPF19;SMARCAL1;TONSL"
"GOCC_RESPIRATORY_CHAIN_COMPLEX",1,1,0.163764078730566,0.515899113152159,5707,107,"MTCO2P12;UQCRFS1P1;MT-CO2;BCS1L;SDHC;MT-CYB;MT-ATP6;NDUFA4L2;SURF1;ATP5PD;MT-ND4L;MT-ND4;SDHD;COX4I1;NDUFA10;NDUFV3;ATP5MC2;NDUFC1;MT-CO3;NDUFB5;NDUFA9;CYC1;NDUFB6;NDUFB4;MT-ATP8;NDUFA8;COX6A1;NDUFS4;COX15;NDUFV2;MT-ND3;NDUFB7;ATP5MG;COX6B1;ATP5MC3;UQCR11;NDUFA11;NDUFC2;NDUFS3;NDUFS8;COX8A;NDUFB9;COX7A1;MT-CO1;NDUFB11;NDUFB10;COX7A2L;ATP5ME;MT-ND2;NNT;COX7A2;ATP5PO;ATP5PF;ATP5MJ;NDUFA2;COX5B;MT-ND6;MT-ND5;MT-ND1;SDHA;UQCRH"
"GOCC_RESPIRATORY_CHAIN_COMPLEX_III",0.687759727993955,1,0.395697028105675,0.844344416326526,3640,13,"UQCRFS1P1;BCS1L;MT-CYB;CYC1;UQCR11"
"GOCC_RESPIRATORY_CHAIN_COMPLEX_IV",0.66153517211888,1,-0.355273717263267,-0.857921159446248,3093,20,"C15orf48"
"GOCC_RETROMER_COMPLEX",0.953028692879915,1,-0.258577803789597,-0.638302361093044,4483,22,"SNX27;MAGEL2;SNX12;DCTN1;ANKFY1;VPS26B;DENND4C;VPS35;SNX32;RAB7A;SNX6;TRIM27;SNX8;TBC1D5;VPS26A;DENND5A;VPS29;SNX3;SNX1;SNX2;SNX5;ENTR1"
"GOCC_RETROMER_TUBULATION_COMPLEX",0.483388381581504,1,0.600746224311968,1.02749829307506,2487,5,"SNX5;SNX2;SNX1;SNX6"
"GOCC_RIBBON_SYNAPSE",0.794117647058823,1,-0.344463089556401,-0.763148967469591,3725,14,"CACNB2;PACSIN1;SH3GL2;SNAP25"
"GOCC_RIBONUCLEASE_MRP_COMPLEX",0.928247734138973,1,0.30199648968846,0.636261913017326,4915,12,"POP5;NEPRO;RPP30;POP7;RPP25;POP4;RPP38"
"GOCC_RIBONUCLEASE_P_COMPLEX",0.867433930093777,1,-0.31686854371948,-0.702013972743862,4069,14,"RPPH1"
"GOCC_RIBONUCLEOPROTEIN_COMPLEX",1,1,0.176801711081401,0.661625066875677,6614,711,"RPS4Y1;ERG;DNM3OS;CARMN;NFATC2;LRRK2;RNF135;RPLP0P6;ZFP36;PABPC4L;DQX1;WEE2-AS1;HNRNPA1L2;ZFP36L2;PWP2;HNRNPA1L3;LGALS3;APOBEC3F;RPSA2;RPL9;LSM8;RPS12;RPL27;MAGOH;RPLP1;MRPS28;RPS19;GCFC2;RPS25;RPL31;RPL27A;PIH1D2;RBMS1;RPL30;RPL39L;RPS9;RPS14;RBMS2;SNRNP25;MRPL33;RPS27;ZMAT5;TERT;RPL41;RPL22;MVP;RPS24;RPS10;MRPS18A;RPL24;RPL23A;RPL35A;RPLP2;RPS11;RPL10;MRPL53;RPS27A;RPS3;RPL19;RPS23;RPL37A;RPL21;RPS15A;MRPL51;APOBEC3G;RPL23;RPL34;RPS21;RPL3;RPL7A;RPS7;SNRPB;RPL26;RPL28;IQGAP1;RPS18;RPL13A;RPS3A;NEAT1;RPS20;UBA52;U2AF1;RPS26;HSPA1A;RPS6;RPL37;RPS16;RPS29;EIF3F;SRA1;RIGI;RPL18;LSM7;RPL15;PABPC4;RPL11;RBM42;LSM5;RPL7;GAR1;RPS17;RPL14;RPLP0;POP5;PPIH;MRPL54;MRPL28;RPS15;EIF3G;RPS8;RPL39;AKAP17A;CHCHD1;SNRPC;RPL10A;MEPCE;RPS13;RPL13;DNAJC17;SF3B6;EIF4A3;SNRPD2;PPIE;RPL38;DDX23;HEXIM1;GADD45GIP1;RPL29;ACTN4;MRPL17;RPL36AL;RPL5;ZFP36L1;RPL8;RPL26L1;WRAP53;NSA2;RPS5;BHLHE40-AS1;UTP14C;RPL6;MIR23AHG;LSM6;MRPL10;RRP1;RPL4;RPL36;MRPL52;NEPRO;RPL35;SMNDC1;MRPS7;MRPL49;RPS2;SLBP;CCDC12;RPL17;MRPL45;AURKAIP1;SNRNP48;FAU;PABPC1L;ISY1;RPL12;RPL18A;RACK1;RPS27L;MFAP1;MRPS12;TARBP2;PRPF18;MRPS18B;WDR12;EIF3H;SNRPN;PDCD7;SF3B4;RRP9;LSM2;CWC15;SF3A2;MRPL55;MRPL16;TEFM;MRPL24;EIF3D;MRPL36;PHF5A;BUD31;SREK1"
"GOCC_RIBONUCLEOPROTEIN_GRANULE",0.866747609652451,1,0.243960886611615,0.91029063460077,5710,679,"DDX3Y;BPI;SRY;MAEL;MSX2;FEV;WT1;S100A11;TCIM;GSC;EPAS1;SCARNA13;NUGGC;MAP1LC3C;HSPB3;ADAMTS4;ATOH8;APOBEC3B;RNF135;TRIM22;ZC3H12D;NR3C1;NR4A2;ZFP36;ANKRD34C;PABPC4L;EXD1;MEF2C;NFATC4;IL16;NFKBIZ;MOV10L1;PIWIL4;POU4F2;TRIM5;APOBEC3F;SAMD4A;IFI16;NR1H4"
"GOCC_RIPOPTOSOME",0.994950475820548,1,0.228619671989244,0.407696789860388,5122,6,"CASP8;RIPK1;FADD"
"GOCC_RISC_LOADING_COMPLEX",0.477800829875519,1,-0.517850294513219,-1.00044853418693,2302,8,"DICER1;AGO2;AGO1;AGO3;PRKRA"
"GOCC_RIXOSOME_COMPLEX",0.948247422680412,1,-0.296384308850949,-0.553043947452027,4598,7,"LAS1L;NOL9;MDN1;PELP1;TEX10;WDR18;SENP3"
"GOCC_RNA_CAP_BINDING_COMPLEX",0.978455631399317,1,-0.23720168298187,-0.544126418187493,4586,16,"EIF4EBP3;EIF4E3"
"GOCC_RNA_DECAPPING_COMPLEX",0.692561302287245,1,-0.45995093922168,-0.82910774046811,3360,6,"DDX6;EDC4;DCP2"
"GOCC_RNA_N6_METHYLADENOSINE_METHYLTRANSFERASE_COMPLEX",0.934919124643197,1,0.296427657318366,0.611530736153716,4912,11,"TRMT112;VIRMA;METTL3;METTL5;METTL4;ZC3H13"
"GOCC_RNA_POLYMERASE_COMPLEX",1,1,0.145977296202529,0.457769566985829,5697,103,"GTF2A1L;POLR3G;TAF7L;MYZAP;PEX2;TERT;POLR2G;GTF2H4;POLR2H;GTF2H2;POLR2C;CDK7;POLR1H;GTF2H5;ENY2;GTF2A2;TADA3;TAF10;PAF1;GTF2H1;MNAT1;TAF7;POLR3GL;POLR3D;TAF6L;GTF2H2C;GTF2F1;GTF2E2;TAF12;LEO1;TAF8;TAF6;KAT2A;ZNFX1;POLR2J;ATXN7L3;POLR3K;POLR2E;POLR1D;PRIMPOL;SUPT3H;TAF11;POLR2A;POLR3B;SKIC8;POLR2F;POLR1E;TAF5L;GTF2F2;POLR2I;TUFT1;POLR3E;GTF2H3;POLRMT;MCM3;TENT2;CTR9;POLR2K;GTF2B;PRIM1;TRRAP;RPAP1;CRCP;POLR2L;POLR3C;POLR3H;TBP;POLR3F;POLR2D;TAF9;TAF13;POLA2;TAF3;POLR1F;ERCC3;POLR1G;PRIM2;CDC73;MMS19;TBPL1;POLR3A;USP22;CCNH;TCEA1;TAF4;GTF2A1;ATXN7;TAF2;POLR1A;GTF2E1;POLR1C;ERCC2;TAF1;RTF1;POLR2B;TAF5;POLR1B;POLR2M;TAF9B;POLR2J3;POLA1;POLR2J2"
"GOCC_RNA_POLYMERASE_I_COMPLEX",0.977332829618436,1,0.251435257980766,0.53651642813699,5173,13,"POLR2H;POLR1H;POLR2E;POLR1D;POLR2F;POLR1E;POLR2K;POLR2L;POLR1F;POLR1G;POLR1A;POLR1C;POLR1B"
"GOCC_RNA_POLYMERASE_I_TRANSCRIPTION_REGULATOR_COMPLEX",0.84401401195137,1,-0.383417416100022,-0.691148382166031,4095,6,"TAF1B;POLR1G;TBP;TAF1A;TAF1D;TAF1C"
"GOCC_RNA_POLYMERASE_II_CORE_COMPLEX",0.996617177222327,1,0.197747138207219,0.448905243203278,5302,17,"MYZAP;POLR2G;POLR2H;POLR2C"
"GOCC_RNA_POLYMERASE_II_TRANSCRIPTION_REGULATOR_COMPLEX",0.817880245480179,1,0.256142677204457,0.886864077191307,4930,258,"HOXB9;RARG;EPAS1;NFATC2;SMAD6;HAND1;ASCL2;ASCL4;PPARG;RARB;RUNX2;CEBPD;MAF;BATF2;MAFB;GATA4;SMAD7;GTF2A1L;NKX2-5;STAT6;NR1H4;JUN;MXD3;SMAD9;RXRG;ANXA2;SMAD3;TAF7L;POU4F1"
"GOCC_RNA_POLYMERASE_II_TRANSCRIPTION_REPRESSOR_COMPLEX",0.328087391223847,1,0.421009395152245,1.08588937090681,1771,31,"TBX18;TBX15;MXD3"
"GOCC_RNA_POLYMERASE_III_COMPLEX",0.846009036144578,1,0.319545022309999,0.734653555901521,4493,18,"POLR3G;POLR2H;POLR3GL;POLR3D;POLR3K;POLR2E;POLR1D;POLR3B;POLR2F;POLR3E;POLR2K;CRCP;POLR2L;POLR3C;POLR3H;POLR3F"
"GOCC_RNA_POLYMERASE_III_TRANSCRIPTION_REGULATOR_COMPLEX",0.781117696867062,1,-0.371371115173675,-0.758941354330823,3689,10,"BDP1;GTF3C4;GTF3C1;BRF2;TBP;GTF3C2;GTF3C5;GTF3C6;GTF3C3;BRF1"
"GOCC_RNA_POLYMERASE_TRANSCRIPTION_FACTOR_SL1_COMPLEX",0.866323377960865,1,-0.383403399744105,-0.663202575352011,4205,5,"TAF1B;TBP;TAF1A;TAF1D;TAF1C"
"GOCC_RNAI_EFFECTOR_COMPLEX",0.594213649851632,1,0.361095568935269,0.917947613922157,3203,29,"DNM3OS;CARMN"
"GOCC_ROD_PHOTORECEPTOR_OUTER_SEGMENT",0.217003105590062,1,0.675128317165329,1.24275280385489,1117,7,"ATP1A4;GUCY2F;CNGA1"
"GOCC_ROUGH_ENDOPLASMIC_RETICULUM",0.836168307967771,1,0.27776426530116,0.808580146224486,4669,62,"CA4;EDN1;PLOD2;PTGDS;PLOD1;VTN;RPL27;SSR2;PLOD3;CKAP4;RPS23;RPS21;ZC3H12A;EPM2A;SEC61B;RPS26;RPS29;RPL18;SSR3;RANGRF;SEC61G;SEC61A1;RPL6;HM13;RPL4;SUCO"
"GOCC_ROUGH_ENDOPLASMIC_RETICULUM_MEMBRANE",0.4079068908184,1,0.40143675139307,1.03035971580104,2207,30,"PLOD2;PLOD1;RPL27;SSR2;ZC3H12A;EPM2A;SEC61B;RPS26;RPS29;SSR3;SEC61G;SEC61A1;SUCO;SEC61A2;ALG5;SSR4;SRPRA"
"GOCC_RPAP3_R2TP_PREFOLDIN_LIKE_COMPLEX",0.612726586102719,1,0.425139484653351,0.895705980171457,3244,12,"ASDURF;PFDN6;DNAAF10;PDRG1;RUVBL2;RPAP3;PIH1D1;POLR2E"
"GOCC_RQC_COMPLEX",0.612934550398136,1,0.508696599587928,0.907157152577189,3155,6,"UFD1;TCF25;VCP;LTN1;NPLOC4"
"GOCC_RSC_TYPE_COMPLEX",0.966723068245911,1,0.265825562260011,0.587288115613535,5141,15,"SMARCD2;ACTL6A;SMARCB1;SMARCE1;PHF10;SMARCC2;SMARCD1;BRD7;SMARCA4;SUZ12;ACTB;SMARCC1;PBRM1;ARID2;ACTL6B"
"GOCC_RUFFLE",0.27318803852002,1,0.320163565573182,1.07390636666406,1616,186,"S100B;S100A11;FAP;TRPV4;FGD2;PLEK;ITGB3;CSPG4;AIF1;LAYN;ITGA5;TLR4;JCAD;RAB34;TLN1;DLC1;TNFRSF12A;EPS8;CIB1;ITGAV;WIPF1;LIMA1;EPHA2;TPM1;ARAP3;MYH9;EGFR;ARAP1;PDLIM7;ITGB1;ACTN1;SH3YL1;WASF2;KCNN4"
"GOCC_RUFFLE_MEMBRANE",0.366281107606029,1,0.333598930486011,1.03944424464272,2089,98,"FAP;TRPV4;FGD2;PLEK;ITGB3;AIF1;ITGA5;JCAD;RAB34;TLN1;DLC1;EPS8;CIB1;ITGAV;EPHA2;TPM1;EGFR;ITGB1;SH3YL1;KCNN4"
"GOCC_SAGA_COMPLEX",0.187580575848732,1,-0.481331786890846,-1.21639062384038,872,25,"SUPT20HL2"
"GOCC_SAGA_TYPE_COMPLEX",0.490623637156563,1,-0.35194032747346,-0.973573716890391,2249,39,"SUPT20HL2"
"GOCC_SARCOLEMMA",0.143354210160056,1,0.361287381053376,1.1718552010766,823,135,"MYOT;ANXA8;BGN;LAMA2;COL6A2;ANXA1;SNTB1;FXYD1;AHNAK;KRT8;CAPN3;KRT19;ABCC9;SCN1A;CAV1;SGCG;AQP4;CACNA1S;KCNJ2;FLNC;PGM5;SLC2A5;CIB1;ATP1A2;VCL;ANXA2;SLC2A1;AQP1;STBD1;ITGB1;CAV2;SLC27A6;SGCA;ANXA5"
"GOCC_SARCOPLASM",0.307637906647808,1,0.349581946000291,1.07051696581169,1739,86,"SLN;S100A1;THBS1;MEF2C;ITPR3;P3H2;GSN;CACNA1S;FLNC;CASQ2;JPH2;TMEM109;CALU;SRL;ITPR2;H6PD;ATP2A1;ITPR1;TMEM38B;HSP90B1;CAMK2D;HRC;THBS4;CALR;SLC2A4;TRDN;PLEC;OPRK1"
"GOCC_SARCOPLASMIC_RETICULUM_LUMEN",0.106290261462675,1,0.679137432743029,1.3679119222877,560,10,"CASQ2;CALU;SRL;HSP90B1;HRC;CALR;TRDN;MANF;ASPH"
"GOCC_SARCOPLASMIC_RETICULUM_MEMBRANE",0.971691176470588,1,0.24032336524658,0.650531613642863,5285,40,"SLN;CASQ2;JPH2;TMEM109;SRL;ITPR2;ATP2A1;TMEM38B;CAMK2D;TRDN"
"GOCC_SCAR_COMPLEX",0.991362966083842,1,-0.218304701197872,-0.45893316788856,4705,11,"ABI3;WASF3;WASF1;CYFIP2;ABI2"
"GOCC_SCF_UBIQUITIN_LIGASE_COMPLEX",1,1,0.106446065289584,0.3282628618869,5678,90,"FBXW10;DAW1;SPSB1;SPSB2;FBXL7;CKS1B;FBXL8;FBXO43;FBXL22;CUL7;TMEM183BP;FBXO17;FBXO7;FBXO24;FBXL5;CKS2;FBXW9;FBXO32"
"GOCC_SCHAFFER_COLLATERAL_CA1_SYNAPSE",0.909568874868559,1,0.25496092385451,0.794420007651897,5189,98,"PLAT;GHRL;PRSS12;GSG1L;ADRB1;CDH11;CHRM1;WNT5A;PTN"
"GOCC_SEC61_TRANSLOCON_COMPLEX",0.384152262575257,1,0.615403306092724,1.09744690900999,1977,6,"SEC61B;SEC61G;SEC61A1;SEC61A2;SSR4;ARL6IP1"
"GOCC_SECONDARY_LYSOSOME",0.992694456381607,1,-0.217225045243957,-0.548957113355934,4619,25,"HLA-DRA;MPEG1;ADAM8;RAB39A;HLA-DRB1;CRHBP;MAP1LC3A"
"GOCC_SECRETORY_GRANULE",0.978264105999702,1,0.231212439595312,0.870410899178231,6570,783,"STING1;SIRPB1;BPI;IGF1;NPY;SELL;CXCL1;S100A11;ISLR;PLAT;GHRL;TYROBP;TNFAIP6;SIGLEC14;COL1A1;TSSK1B;IQUB;PECAM1;ITGAL;FN1;FPR1;IGF2;CLEC5A;TTR;DKKL1;KLK10;HGF;TIMP3;CA4;ITGB3;SPAG6;ITGA1;SPACA5B;ANGPTL6;F5;PENK;ITIH3;SPX;ADM;SELENOP;PLAUR;SLC9A4;IRAG2;PTPRC;MME;ADRB1;ACP3;PLD1;THBS1;NCF2;FCER1G;MOXD1;ALDH3B1;EDN1;SPARC;FCGR2A;TGFB1;RARRES2;PDGFB;TMT1A;EPX;CAPN11;PRTN3;LHFPL2;PTPRB;SERPINA3;TMC6;HVCN1;TMBIM1;SPACDR;RAB13;CAV1;TLR2;VEGFD;VEGFC;SPAG8;ITPR3;CTSC;SERPINA5;CALCR;B2M;PTX3;GSN;TMEM63A;ANXA3;SLC2A5;LGALS3;PKDREJ;C3AR1;TGFB2;ITGAV;HSP90AB3P;SLC18A2;CYBA;BST1;ANXA11;APOA1;MFGE8;CD109;TEKT3;CNN2;PCDH7;ANXA4;PLAU;VCL;SV2B;MYH9;CRISPLD2;NPC2;B4GALT1;SLC15A4;CHIT1;P2RX1;GMFG;NPFF;LOXL1;MAGT1;ANXA2;CD58;CARTPT;CD36;CD68;DSP;STBD1;OSCAR;HEXB;SPATA1;ACTN1;APOLD1;RHOG;GRN;TMPRSS4;NCKAP1L;CAV2;RAB27A;ITPR2;GLB1;SPAG17;CTSZ;VAMP8;SYPL1;CRH;RCBTB2;VAMP3;AGPAT2;ABCA12;SST;ITPR1;PYGL;GIP;PHACTR2"
"GOCC_SECRETORY_GRANULE_MEMBRANE",0.645289256198347,1,0.269248535999862,0.93980611241381,3903,284,"STING1;SIRPB1;SELL;TYROBP;SIGLEC14;PECAM1;ITGAL;FPR1;CLEC5A;CA4;ITGB3;PLAUR;SLC9A4;IRAG2;PTPRC;MME;ACP3;PLD1;FCER1G;MOXD1;ALDH3B1;SPARC;FCGR2A;LHFPL2;PTPRB;TMC6;HVCN1;TMBIM1;CAV1;TLR2;ITPR3;SERPINA5;TMEM63A;SLC2A5;LGALS3;PKDREJ;C3AR1;ITGAV;SLC18A2;CYBA;BST1;MFGE8;CD109;TEKT3;PCDH7;ANXA4;PLAU;B4GALT1;SLC15A4;P2RX1;MAGT1;CD58;CD36;CD68;DSP;STBD1;RHOG;NCKAP1L;CAV2;ITPR2;VAMP8;AGPAT2;ABCA12;ITPR1;PHACTR2;LILRB3;CMTM6;PKP1;GLIPR1"
"GOCC_SECRETORY_VESICLE",1,1,0.211102363131517,0.803113115410202,6850,984,"STING1;SIRPB1;BPI;IGF1;NPY;SELL;CXCL1;SLC35D3;S100A11;SLC6A2;ISLR;PLAT;GHRL;TYROBP;TNFAIP6;SIGLEC14;COL1A1;TSSK1B;IQUB;PECAM1;ITGAL;FN1;FPR1;IGF2;CLEC5A;TTR;LRRK2;DKKL1;KLK10;HGF;TIMP3;CA4;ITGB3;SPAG6;ITGA1;SPACA5B;ANGPTL6;F5;PENK;ITIH3;SPX;ADM;SELENOP;PLAUR;SLC9A4;IRAG2;PTPRC;MME;ADRB1;ACP3;PLD1;THBS1;NCF2;FCER1G;MOXD1;ALDH3B1;MYOF;EDN1;SPARC;FCGR2A;TGFB1;RARRES2;NGF;NTF4;PDGFB;TMT1A;EPX;CAPN11;PRTN3;LHFPL2;PTPRB;SERPINA3;TMC6;MCTP2;HVCN1;TMBIM1;SPACDR;RAB13;CAV1;TLR2;VEGFD;VEGFC;SPAG8;ITPR3;CTSC;SERPINA5;CALCR;B2M;PTX3;GSN;TMEM63A;ANXA3;SLC2A5;LGALS3;PKDREJ;C3AR1;TGFB2;ITGAV;HSP90AB3P;SLC18A2;CYBA;BST1;ANXA11;SYTL1;APOA1;MFGE8;CD109;TEKT3;CNN2;OTOF;PCDH7;ANXA4;PLAU;SYNGR4;VCL;SV2B;MYH9;CRISPLD2;CPLX3;NPC2;B4GALT1;SYTL2;SLC15A4;CHIT1;P2RX1;SEPTIN1;GMFG;NPFF;LOXL1;MAGT1;ANXA2;CD58;NTF3;CARTPT;CD36;CD68;DSP;STBD1;OSCAR;NKD2;HEXB;SPATA1;ACTN1;APOLD1;RHOG;GRN;TMPRSS4;NCKAP1L;CAV2;RAB27A;ITPR2;GLB1;TMED9;SLC40A1;SPAG17;CTSZ;VAMP8;SYNDIG1;SYPL1;CRH;RCBTB2;VAMP3;AGPAT2;ABCA12;SST;ITPR1;PYGL;GIP;PHACTR2"
"GOCC_SEH1_ASSOCIATED_COMPLEX",0.99135175784922,1,0.218906564271348,0.483630026147011,5272,15,"SESN3;SEC13;WDR24;SZT2;SESN1;NPRL2;DEPDC5;RRAGA;SESN2;WDR59;NPRL3;SEH1L;CASTOR2;MIOS;CASTOR1"
"GOCC_SEMAPHORIN_RECEPTOR_COMPLEX",0.229755178907721,1,0.552755595116148,1.20174722884014,1219,14,"TREM2;PLXND1;NRP2;PLXNA4;PLXNB2;ERBB2"
"GOCC_SEPTIN_CYTOSKELETON",0.615302642796249,1,-0.400254466565315,-0.886753304331605,2886,14,"SEPTIN12;SEPTIN3;SEPTIN6;SEPTIN5;SEPTIN4;MAPK6"
"GOCC_SERINE_PALMITOYLTRANSFERASE_COMPLEX",0.68081821690467,1,0.444678798413547,0.845728306422739,3527,8,"SPTLC3;ORMDL1;ORMDL3"
"GOCC_SERINE_PROTEASE_INHIBITOR_COMPLEX",0.779957273256943,1,0.426217316777562,0.760072089690058,4015,6,"PLAT;SERPINA5;PLAU;SERPINB6"
"GOCC_SERINE_TYPE_PEPTIDASE_COMPLEX",0.147792351745797,1,0.491186484040516,1.26071856735844,799,30,"CFI;CFH;F11;MBL2;F5;PLAUR;THBD;COLEC10;PLAU;IMMP2L"
"GOCC_SEROTONIN_RECEPTOR_COMPLEX",0.39137348439674,1,-0.756670809269683,-1.09255404786063,1968,2,"HTR3B;HTR3A"
"GOCC_SET1C_COMPASS_COMPLEX",0.951600753295669,1,0.28099173553719,0.610904787744111,5052,14,"WDR5B;ASH2L;BOD1;CXXC1;DYDC2;SETD1A;WDR5;BOD1L1;HCFC2;DPY30;SETD1B;WDR82;HCFC1;RBBP5"
"GOCC_SEX_CHROMATIN",0.96972049689441,1,0.278543487003254,0.512733195553463,4995,7,"EED;PCGF2;MACROH2A1;RING1;SUZ12;RNF2;PHC1"
"GOCC_SEX_CHROMOSOME",0.38539741219963,1,0.400242505205905,1.04333295875663,2084,33,"MAEL;HSF5;CDK2;EED;SMC5;H2AZ1;H2AX;BIRC2"
"GOCC_SHELTERIN_COMPLEX",0.196288659793814,1,-0.681151277902552,-1.27100720346388,951,7,"TERB1;TERF1;TERF2;TERF2IP"
"GOCC_SIDE_OF_MEMBRANE",0.287688056493706,1,0.280694829121916,1.04229244501494,1873,620,"ART3;ENPP6;CD34;OSMR;SELL;TMC1;LCT;CX3CR1;ITGB6;CD69;RAET1G;CXCR5;LY75;CLEC12B;CD52;MBL2;TGFBR2;IL7R;TNFRSF10C;XPNPEP2;CD80;RS1;CNR2;AZGP1;PECAM1;PDGFRA;CD3E;ENG;ACKR2;IL2RB;CD248;TFPI;GNAT1;STAB2;CD1E;FCRL4;LRRK2;CNTN6;P2RX7;PLEKHA4;LY6G6D;CA4;ITGB3;ITGA1;HFE;PRND;CD200R1;CD79B;IL1R1;LYPD6B;DNAI2;NT5E;CHMP4C;PLAUR;IL31RA;CXCL12;PTPRC;FOLR1;CD163L1;GNG11;CCRL2;THBS1;FCER1G;PKHD1;FCGR2A;CD5;ALOX15;CEACAM21;ITGA5;CLEC4M;GHR;TLR4;MILR1;CD163;ENPP3;HLA-DRB5;NTSR1;MICA;CPM;TNFRSF11A;BTN1A1;THBD;FAS;COLEC10;LDLRAP1;RGS5;CNTN3;ITPR3;AQP4;TGFBR3;SERPINA5;HLA-E;GPC6;B2M;LYPD6;IL6R;PGM5;RGS18;FCGRT;BTN3A2;LITAF;ITGAV;IL9R;GNG12;BST1;ICAM1;MFGE8;CD109;CDH5;SCNN1B;IL21R;CD226;CD1D;CD4;ADAM29;SLC4A1;MELTF;BTN2A3P;CCR4;ITLN1;GFRA1;ABCB1;CD83;PLAU;MYH9;SOCS3;LYPD1;MCAM;B4GALT1;P2RX1;ADAM20;NTM;GNG5;NTNG1;LYN;IL4R;CD36;CNTN5;RECK;GPC3;ITGB1;CLEC2D;MS4A2;F2;MYZAP;GAS1;ICOSLG;CD274;SDC1;ART4;HEG1;P4HB;UGT8;IL11RA"
"GOCC_SIGNAL_PEPTIDASE_COMPLEX",0.759471536817564,1,0.45275737831936,0.774382617107715,3908,5,"SEC11A;SPCS1;SPCS2;SPCS3"
"GOCC_SIGNAL_RECOGNITION_PARTICLE",0.435189120271993,1,-0.478137615656005,-1.02354016918863,2047,12,"SNAP25-AS1;TTC9-DT"
"GOCC_SIN3_TYPE_COMPLEX",0.573645058448459,1,-0.371136903318972,-0.916155827009896,2698,22,"SINHCAF;TET1;ING2;RBBP7;ARID4B;SAP130;ING1;CSNK2A1;MORF4L1;ARID4A;BRMS1L;SIN3B;HDAC2;RBBP4;SIN3A"
"GOCC_SITE_OF_DNA_DAMAGE",0.999654039093582,1,0.19748686482713,0.644483276756066,5778,143,"RPA4;HUS1B;NABP1;LMNA;WDR76;HELQ;DDB2;TRAIP;POLH;RAD51;PNKP;SHLD3;SLFN11;POLL;SIRT6;RAD54B;SETMAR;WRAP53;SHLD1;SMC5;UVSSA;RPA2;HROB;XPC;CYREN;ADPRS;H2AX;NKX3-1;CBX1;DYNLL1;RPA1;ZBTB7A;UFL1;PRPF19;ERCC8;STK38;SMC6;VCP;KAT5;ARPC1A;SMARCAL1;NBN;ARPC4;TONSL;ERCC6;INTS3;TDP1;ACTR3;RBBP8;XRCC1;POLK;SPINDOC;SLF2;CBX3;ARPC2;HPF1;ARPC5;POLB;POLQ;ACTR2;FH;OARD1;PARP2;PAXX;SIRT7;RBX1;MDC1;NABP2;APLF;MAD2L2;DGCR8;UBQLN4;PARP9;UIMC1;APTX;PARP3;ASF1A;CHD1L;MACROH2A1;SLF1;ARPC3;ATM;NHEJ1;ELOA;TOPBP1;SMCHD1;RNF8;REV1;RAD17;BRD9;PELI1;RHNO1;PARP1;ZMYND8;PHF1;IFFO1;MBTD1;DDB1;SMARCAD1;KAT7;CUL5;EPC1;EXD2;KDM4D;XRCC5;TIMELESS;SHLD2;XRCC4;ZGRF1;REV3L;WAS;CHD4;ATF2;MARCHF6-DT;RPA3;LIG3;WDR70;RAD18;TP53BP1;AUNIP;CBX5;RNF138;CGAS;AIM2;RFWD3;HELB;HUS1;RAD54L;CNTD1;RNF169;HELLS;SMARCA5;RIF1;MMS22L;INIP;DMC1;RNF168;HTATSF1;ESCO2;MRE11"
"GOCC_SITE_OF_DOUBLE_STRAND_BREAK",0.999648999649,1,0.197776520069255,0.620206527366128,5695,103,"RPA4;HUS1B;NABP1;LMNA;POLH;RAD51;PNKP;SHLD3;POLL;SIRT6;RAD54B;SETMAR;WRAP53;SHLD1;SMC5;RPA2;CYREN;H2AX;DYNLL1;RPA1;ZBTB7A;UFL1;PRPF19;STK38;SMC6;VCP;KAT5;ARPC1A;SMARCAL1;NBN;ARPC4;TONSL;INTS3;ACTR3;RBBP8;SLF2;ARPC2;ARPC5;POLQ;ACTR2;FH;PAXX;SIRT7;MDC1;NABP2;APLF;MAD2L2;DGCR8;UIMC1;PARP3;ASF1A;CHD1L;SLF1;ARPC3;ATM;NHEJ1;TOPBP1;SMCHD1;RNF8;REV1;RAD17;BRD9;PELI1;RHNO1;PARP1;PHF1;IFFO1;MBTD1;DDB1;SMARCAD1;EPC1;KDM4D;TIMELESS;SHLD2;XRCC4;ZGRF1;WAS;ATF2;RPA3;WDR70;RAD18;TP53BP1;RNF138;CGAS;AIM2;RFWD3;HELB;HUS1;RAD54L;CNTD1;RNF169;HELLS;SMARCA5;RIF1;MMS22L;INIP;DMC1;RNF168;HTATSF1;ESCO2;MRE11"
"GOCC_SITE_OF_POLARIZED_GROWTH",0.976867469879518,1,-0.228644469204808,-0.786052806356108,4053,170,"KIF21A;FGF13;CRTAC1;PTCH1;COBL;DSCAM;NEFL;ELAVL4;PTBP2;FRMD7;MAP2;SNCA;MAP1B;MYO5A;TUBB3;ENO2;EPHA4;CBARP;GPM6A;ERC2;SNAP25;CRMP1;STMN2;STX3;TRPV2;KIF5C;CDK5R1;APBB2;GAP43;KIF21B;NECTIN1;HAP1;USP9X;MAPT;ATCAY;DPYSL3;GPRIN1;NGEF;CXADR;MAPK8IP1;FRY;ADCY10;L1CAM;BASP1;RUFY3;LRIG2;TENM2;OLFM1;KLC1;FKBP4;WDR47;CPEB4;SYAP1;CDK5R2;SHANK2;CLASP2;LRRTM1;CALM3;CBL;FEZ1;SHTN1;INPP5J;FMR1;PTPRO;NRXN1;SCN11A;CDK5;APBB1;RAC3;RTN4R;STMN4;ACAP3;TRAK2;DVL1;OTX2;MAPK8IP3;MAP3K12;IGF2BP1;GDPD5;HSP90AA1;NRSN1;FSCN3;COPG2;LMTK2;C9orf72;STMN3;FRYL"
"GOCC_SM_LIKE_PROTEIN_FAMILY_COMPLEX",1,1,-0.149484821820984,-0.481449700994137,4313,101,"RNVU1-7"
"GOCC_SMALL_NUCLEAR_RIBONUCLEOPROTEIN_COMPLEX",1,1,-0.165344947657633,-0.521793135288617,4316,88,"RNVU1-7"
"GOCC_SMALL_SUBUNIT_PROCESSOME",0.73323873714083,1,0.290243709935787,0.869720669409541,4133,74,"PWP2;RPS12;RPS19;RPS9;RPS14;RPS27;RPS24;RPS11;RPS27A;RPS23;RPS15A;RPS7;RPS3A;RPS6;RPS16;RPS17;RPS8;RPS13;RPS5;UTP14C;RRP9;DCAF13;SNU13;EMG1;NGDN;KRR1;RPS4X;RRP7A;UTP18;UTP11;FBL;WDR46"
"GOCC_SMC5_SMC6_COMPLEX",0.731166347992352,1,0.411418649188487,0.807356166365887,3823,9,"EID3;SMC5;NSMCE2;SMC6"
"GOCC_SMN_COMPLEX",0.977459448072467,1,-0.246151596036418,-0.517474571687875,4639,11,"SMN2;FMR1;GEMIN7;DDX20;STRAP;GEMIN5;GEMIN4;GEMIN2;SMN1;GEMIN8;GEMIN6"
"GOCC_SMN_SM_PROTEIN_COMPLEX",0.976974392080912,1,-0.240664203942797,-0.574071508095838,4539,19,"SMN2;FMR1;SNRPE;SNRPD1;GEMIN7;DDX20;STRAP;SNRPD3;GEMIN5;SNRPGP15;GEMIN4;GEMIN2;SNRPG;SMN1;SNRPF;GEMIN8;SNRPD2;GEMIN6;SNRPB"
"GOCC_SMOOTH_ENDOPLASMIC_RETICULUM",0.276084156290253,1,-0.44179723852624,-1.12875694069705,1285,26,"RYR1;TH;FTCD;DMTN;AQP8;APOB;JPH4;RYR3"
"GOCC_SMOOTH_ENDOPLASMIC_RETICULUM_MEMBRANE",0.249072164948454,1,-0.651511197799289,-1.21569973132862,1207,7,"FTCD;AQP8;TTYH1;SVIP"
"GOCC_SNARE_COMPLEX",0.987328023171615,1,0.227657533950198,0.630451718697908,5453,46,"CPLX4;CPLX3;STX11;VAMP8;VAMP3;SNAP23;STX5;BET1L;STX10;USE1;SNAP29;VAMP7;BET1"
"GOCC_SNO_S_RNA_CONTAINING_RIBONUCLEOPROTEIN_COMPLEX",0.932803778445685,1,-0.265713031389478,-0.678875742671064,4344,26,"FBLL1;RPP40;NOP58;RPP14;DKC1;SNRNP40;RPP25L;POP1;C18orf21;MPHOSPH10;RPP38;POP4;NOP56;NOP10;NHP2;RPP25;POP7;FBL;NAF1;RPP30;SNU13;RRP9;NEPRO;LSM6;POP5;GAR1"
"GOCC_SNRNA_ACTIVATING_PROTEIN_COMPLEX",0.672236254128619,1,0.504182273276651,0.86233821241869,3459,5,"SNAPC2;SNAPC1;SNAPC5;SNAPC4"
"GOCC_SODIUM_CHANNEL_COMPLEX",0.847099417726979,1,-0.294783444304658,-0.763886722269067,3927,28,"SCNN1A;SCN4A;SCNN1G;SCN5A;SCN7A;SCN2B;GRIK4;UNC79;GRIK1;GRIK5"
"GOCC_SODIUM_POTASSIUM_EXCHANGING_ATPASE_COMPLEX",0.239736346516008,1,0.548388643651519,1.19225302947343,1272,14,"ATP1A4;FXYD3;FXYD1;FXYD2;ATP1A2"
"GOCC_SOMATODENDRITIC_COMPARTMENT",1,1,-0.159068542709652,-0.622400058949171,3236,825,"KNCN;KCNE3;CACNA1F;HTR2C;HTR4;PYCARD;PNOC;RAB17;FZD5;ASCL1;GABRG1;ARHGEF15;HTR1D;USH2A;COMT;TRPM2;GAL;MT3;RCVRN;FRMPD4;HTR5A;ARC;CPNE6;LYNX1;CYBB;DRD4;SLC32A1;GRM3;KIF21A;ABI3;GRIN2B;KCNN1;MLPH;GHRH;GABRA1;PRKCG;VSTM5;NOS1;SCGN;ADCY8;GNG13;FGF13;ADORA2A;GRIN1;HCN1;CNKSR2;ADAM21;TXNRD2;GRIA1;CRHR2;TH;CPLX1;PSD;GRIA3;EPHA10;PTCH1;DGKI;COBL;CTNND2;CAMK2A;GRM7;DSCAM;CNNM1;RGS8;RNF112;DRP2;PTCHD1;ADGRB1;ELAVL4;GNRH1;P2RX2;APOB;PTBP2;SNCG;GABRG3;FRMD7;NLGN4X;MAP2;LRP2;PPFIA2;JPH4;KCNQ1;GABRA5;CPEB1;ATP2B2;ASIC2;SNCA;MAP1B;GABRB2;TUBB4A;CPLX2;HPN;KCNIP2;NEURL1;SLC6A6;TTBK1;SLC4A8;CNIH2;TUBB3;HTR1A;ENO2;KCND1;FAT3;HTR2A;EPHA4;C4A;ANKS1B;HRH3;KCNN2;SHISA7;SHANK1;MPL;TMPRSS3;GNG3;GABRG2;PAK1;MAGEE1;EPHA3;MAST1;ITPKA;NMNAT3;GPM6A;GNAO1;PDE4B;SNCB;DPYSL5;MBP;MYO1D;SYN1;ACTN2;SHANK3;SARM1;SNAP25;CACNG8;BIN1;CRMP1;SLC5A7;CACNG2;EPHB1;CAMK2N1;STMN2;MAP6;DNM3;SLC38A1;STX3;KCNA2;OPHN1;KIF5C;CDK5R1;SYT5;GAP43;KIF5A;KIF21B;TACR3;NECTIN1;CPNE5;CHRNA7;KCNC1;SMN2;CACNG7;GABRB3;HAP1;CHRM5;PTPRN;TMEM108;HOMER2;POLR2M;GNAZ;MAPT;ASTN1;HCN4;KNDC1;MARK1;ATCAY;RTN1;ADCY2;LRRC4;CRHBP;EPHB2;DLG2;KLHL24;EFNB2;VPS13A;AGO2;ABHD17C;MAP1A;RGS7BP;LMTK3;DLG4;PDE1B;OSBP2;IGSF9;PSD2;GRM1;SRD5A2;GPHN;GSK3B;DYRK1A;SLC8A2;ADORA1;PPP1R9A;GRIP1;PDYN;MAPK8IP1;NLGN1;FBXO2;KCNC4;SRCIN1;ZC4H2;PRKAA2;CACNA1A;ADCY10;L1CAM;RUFY3;KCNC2;APBA1;MAPK8IP2;KCNA4;GRIPAP1;GDI1;AZIN2;IFT57;TENM2;OLFM1;CACNG4;KIF1A;FKBP4;RIC3;PRKAR2B;UCHL1;WDR47;NCS1;WASF1;ATP1A3;SAMD14;CPEB3;CPEB4;KCNB1;RGS14;STAU2;SYAP1;UNC5A;GABRA2;CHRNA4;MAP1S;KIF1B;SHANK2;HCFC1;HTR1B;EEF2K;SPTBN2;CD40;TMPRSS5;NSG1;NSG2;SEPTIN4;FBXW11;HIP1R;LRFN3;TRAK1;SOS1;NEUROG1;SLC1A4;GRID1;CNTNAP2;SPTBN4;SLC8A3;STRN;PRR7;FEZ1;CHRM2;CTTNBP2;PLK3;SHTN1;BPTF;ERO1A;ENDOG;SHISA6;KCNB2;PPP1CC;INPP5J;SLC8A1;N4BP3;PALM;FMR1;MPP2;KCNN3;TMEM151A;ADCY9;NF1;GNB5;BNIP3;GABRA3;OPA1;INSR;PTPRO;NRXN1;BAIAP2;KIF3B;GABRA4;DTNB;MYO10;SYT11;ABR;PPP3CA;RAB3IP;FZD3;LZTS3;SCN11A;CDK5;MAPK8;OPRM1"
"GOCC_SORTING_ENDOSOME",0.951164228312384,1,-0.299316862214482,-0.539548691289979,4615,6,"PTPN1;CLTCL1;NRP1;LDLR"
"GOCC_SPECIALIZED_EXTRACELLULAR_MATRIX",0.887196841511562,1,0.299648074063702,0.711060522275888,4718,21,"RBP3;ACAN;HAPLN1;TNC;HAPLN3"
"GOCC_SPECIFIC_GRANULE",0.917917448405253,1,-0.245272862406491,-0.818678162649114,3913,133,"ITGAM;CD177;FPR2;MCEMP1;CD33;SLPI;FOLR3;LTF;TRPM2;FRK;ADGRG3;RAB44;CYBB;SLCO4C1;TNFRSF1B"
"GOCC_SPECIFIC_GRANULE_LUMEN",0.903149891383056,1,0.268756934113105,0.744268235202151,4988,46,"BPI;CXCL1;B2M;PTX3;CNN2;VCL;CHIT1;OSCAR;RAB27A;CTSZ"
"GOCC_SPECIFIC_GRANULE_MEMBRANE",0.63310502283105,1,-0.293962147860927,-0.916149907984406,2772,80,"ITGAM;CD177;FPR2;MCEMP1;CD33;TRPM2;ADGRG3;RAB44;CYBB;SLCO4C1;TNFRSF1B;STOM;MMP25;ATP8B4"
"GOCC_SPECTRIN",0.989834024896266,1,-0.232150175409724,-0.448496998381003,4770,8,"PRKCB;SPTBN2;SPTBN4"
"GOCC_SPECTRIN_ASSOCIATED_CYTOSKELETON",0.741769743101808,1,0.387981129237672,0.800405696698002,3897,11,"RHBG;ADD3"
"GOCC_SPERM_ANNULUS",0.809029089535323,1,0.35354645060939,0.754402864517798,4282,13,"ADGB;CBY3;DNAH7"
"GOCC_SPERM_END_PIECE",0.69749952998684,1,0.354896377033502,0.842163941803326,3709,21,"SPAG6;DNAJB13;TEKT4;CFAP45;TEKT3;MNS1;DNAH9;PACRG;DCDC2C"
"GOCC_SPERM_FIBROUS_SHEATH",0.982279002678755,1,-0.261845450860613,-0.472002710728812,4766,6,"AKAP3"
"GOCC_SPERM_HEAD",0.264319695528068,1,0.572463174289448,1.18099245381186,1388,11,"PCDH11Y;ADAM29;ADAM20"
"GOCC_SPERM_HEAD_PLASMA_MEMBRANE",0.771411578112609,1,0.493816208360108,0.762517079548132,3890,3,"ADAM29;ADAM20"
"GOCC_SPERM_HEAD_TAIL_COUPLING_APPARATUS",0.561182228915663,1,0.402905611184154,0.926304649683951,2980,18,"DNAJB13;CFAP47;CFAP221;CCDC159;CCDC146"
"GOCC_SPERM_MIDPIECE",0.57705903145988,1,0.316512009883669,0.94061984412969,3264,70,"PCDH11Y;ADGB;ATP1A4;CD52;SPAG6;DNAJB13;CFAP52;IRGC;GARIN2;CFAP45;TEKT3;CFAP58"
"GOCC_SPERM_MITOCHONDRIAL_SHEATH",0.536782061369001,1,0.609070714432295,0.993671453881085,2728,4,"IRGC;AK2"
"GOCC_SPERM_PLASMA_MEMBRANE",0.198144329896907,1,-0.680048850661007,-1.26895010835043,960,7,"CCR6;EPPIN"
"GOCC_SPERM_PRINCIPAL_PIECE",0.762226729772369,1,-0.291351021456921,-0.846846203698681,3381,52,"CCR6;SCNN1A;CATSPERZ;C2CD6;CATSPER4;CATSPER2;AKAP3;DNAH17;PMFBP1;ENKUR;CABS1;GAS8;FSIP2;CATSPERG;TEKT2;SPMIP6"
"GOCC_SPERMATOPROTEASOME_COMPLEX",0.11727118962601,1,0.587359135540577,1.3333623837894,623,17,"PSMB8;PSMB9;PSMB3;PSMB10;PSMB4;PSMA5;PSMB1;PSMA1;PSMB7;PSMB6;PSMA2;PSMA4"
"GOCC_SPHERICAL_HIGH_DENSITY_LIPOPROTEIN_PARTICLE",0.131921507674373,1,0.775652314152541,1.32665241421073,678,5,"APOC3;APOA1"
"GOCC_SPINDLE",1,1,-0.0960850730113331,-0.359641752515048,3755,418,"MYC;SEPTIN12;HEPACAM2;TUBB8B;MTUS1;CAPG;TRIM75;USP44;ANKFN1;KBTBD8;BCL2L10;CAPN6;PLK5;RASSF10;SNCG;RPS6KA2;TUBB4A;UBXN2B;TUBB3;TTC23L;TBL1X;CCSAP;SEPTIN6;FAM161A;STX1B;NSMCE1;CRMP1;DYNC1I1;TUBB2A;MAPRE3;RAB11FIP4;TUBB1;TUBB8;KIF14;DYNLT3;TUBB2B;STAG2;AFG2A;KATNAL1;NCOR1;TTLL12;TERF1;MAPRE2;EML1;CENPV;ARL3;FRY;MBIP;RGS14;FMN2;SPAST;BEX4;MAP1S;KIF15;CLASP2;ATAT1;CALM3;MAP9;CDC25B;KNTC1;MAP7D1;TTL;KIF4A;CENPE;RIF1;PLK3;DYNC1LI1;LSM14A;CKAP5;CYLD;PTP4A1;KIF3A;KIF2A;CLTCL1;SKA2;ERCC2;EML2;CENPF;KLHL42;ECT2;KIF3B;HAUS6;FAM110A;MAPKBP1"
"GOCC_SPINDLE_MICROTUBULE",1,1,0.144812352953546,0.440851095708521,5632,83,"CHMP4C;RMDN2;AURKC;EML3;HAUS8;AURKB;CHMP4A;CDK1;HAUS4;HAUS7;KIF18B;HAUS5;HAUS1;CHMP2A;KLHL21;AURKA;PLK1;PSRC1;BIRC5;CHMP6;CHMP5;RMDN3;BOD1;PRC1;ZW10;HAUS3;NUMA1;TUBG1;PARP4;CHMP2B;CCDC57;CHMP4B;POLB;CHMP7;BBLN;KLHL22;KIF18A;CHMP3;RMDN1;ZWILCH;CHMP1A;CALM1;CSNK1D;RAB11A;CLTC;CUL3;MTCL1;TUBG2;SKA3;CHMP1B;SKA1;KIF11;MAPRE1;HNRNPU;MISP;PAFAH1B1;CALM2;CEP295;CLASP1;HAUS2;KIFAP3;TUBGCP3;FAM110A;HAUS6;KIF3B;SKA2;KIF2A;KIF3A;CENPE;KIF4A;TTL;KNTC1;MAP9;CALM3;CLASP2;MAP1S;ARL3;CENPV;DYNLT3;MAPRE3;FAM161A;CCSAP"
"GOCC_SPINDLE_MIDZONE",0.990694211799739,1,0.217765252717491,0.579989761756289,5322,37,"AURKC;AURKB;GEM;KIF18B;LUZP1;CDCA8;AURKA;RACGAP1;CDC6;FIRRM;PLK1;BIRC5;PRC1;NUMA1;CTTN;CTDP1;INCENP;RCC2;UNC119;KIF18A;PKP4;ARL8B;KIF20B;MAPRE1;HNRNPU;MAP10;CDC42;CCDC69;ARL8A;RIF1;CENPE;MAP9;CENPV;EML1;MAPRE2;KIF14;MAPRE3"
"GOCC_SPINDLE_POLE",1,1,0.152818373423661,0.511423273929994,5923,180,"IRAG2;FAM110C;PLK2;ALPK1;NEDD9;RMDN2;AURKC;ANKRD53;HAUS8;FBF1;TPT1;AURKB;KATNA1;RASSF1;NDE1;POC1B;NEDD1;NEK7;CEP63;KATNAL2;INPPL1;LATS2;NUBP2;TACC3;CDC20;SPDL1;FAM83D;PMF1;CFAP53;GOLGA2;PLEKHG6;NEK6;HAUS1;NEK2;SPAG5;EMD;CCNB1;POC1A;KLHL21;DNAAF1;AAAS;ENKD1;AURKA;ODF2;CNTRL;CDC6;MAD1L1;PLK1;TTC28;PSRC1;MAD2L1;SMC6;CTNNB1;RMDN3;EFHC1;KAT5;DSN1;NSL1;CDC14B;BOD1;TUBGCP6;PRC1;SBDS;SPOUT1"
"GOCC_SPINDLE_POLE_CENTROSOME",0.977578475336323,1,-0.241031267142074,-0.542917858989529,4577,15,"UBXN2B;CEP250;MISP;DLGAP5;BNIP2;ABRAXAS2;TMEM201;NPM1;TBCCD1;NUMA1;SPOUT1;AURKA;EMD;NUBP2;NDE1"
"GOCC_SPLICEOSOMAL_COMPLEX",1,1,0.198403110371379,0.673001369111769,5960,211,"DQX1;HNRNPA1L2;HNRNPA1L3;LGALS3;LSM8;MAGOH;GCFC2;SNRNP25;ZMAT5;SNRPB;U2AF1;LSM7;RBM42;LSM5;PPIH;AKAP17A;SNRPC;DNAJC17;SF3B6;EIF4A3;SNRPD2;PPIE;DDX23;LSM6;SMNDC1;CCDC12;SNRNP48;ISY1;MFAP1;PRPF18;SNRPN;PDCD7;SF3B4;LSM2;CWC15;SF3A2;PHF5A;BUD31;SREK1;HNRNPC;RBM3;SNRPB2;PRPF31;PRPF3;SNRPF;SNU13;CRNKL1;HNRNPH3;UPF1;SLU7;SF3B5;MAGOHB;TSSC4;CD2BP2;CWF19L2;PRPF40B;PRPF19;SRRM2;RBM8A;SNRNP70;SCNM1;CACTIN;HNRNPF;PPIL4;ARMC7;HNRNPA1;SNRPG;RALY;RBM44;SNRPA;CIRBP;PRKRIP1;IK;LSM3;CIR1;RBM5;BUD13;RBM17;DDX39B;SNIP1;FRG1;HNRNPA2B1;GEMIN2;WBP4;HNRNPA3;DHX35;ZCCHC8;AAR2;DDX41;RBM48;U2AF2;LSM4;KIN;XAB2;SART3;FAM32A;HNRNPDL;YBX1;SYF2;PPP1R8;EFTUD2;SNW1;DDX5;YJU2B;CWF19L1;CWC22;CDC40;PRPF38A;PRP4K;CLNS1A;U2AF1L4;PSME3IP1;ZCRB1;ADAR;CWC25;RBM28;ESS2;USP39;KHDC4;TXNL4A;HNRNPM;PRPF38B;DHX15;WDR83;TRA2B;CASC3;IVNS1ABP;DDX42;SF3B2;RNF113A;DHX32;RBM22;HNRNPK;RHEB;LUC7L2;C9orf78;PPIL2;SNRNP40;SNRPGP15;WAC;PPIL1;PRPF40A;SRSF1;PRPF4;SART1;HNRNPR;PRPF39;PPWD1;GPKOW;HSPA8;DHX8;HNRNPH1;BCAS2;SNRPA1;YJU2;ZMAT2;RNPC3;SNRPD3;PABPC1;SF3A3;SNRNP200;SUGP1;RBMX2;SYNCRIP;TFIP11;PRPF6;SF1;CTNNBL1;PRPF8;RBMX;CDC5L;LUC7L3;API5;DHX16;SNRNP27;HNRNPU;DDX46;PNN;CWC27;NCL;DHX40;CRIPT;PPIL3;SF3B1;LUC7L;ALYREF;SRRM1;TXNL4B;TRA2A;SNRNP35;NKAP;SMU1;WDR70;PLRG1;DHX38;ZNF830;SNRPD1;SF3B3;SNRPE;ZRSR2;MTREX;GPATCH1;TTF2;AQR;SF3A1;CENATAC;HTATSF1"
"GOCC_SPLICEOSOMAL_TRI_SNRNP_COMPLEX",0.741206960385043,1,0.313917174243552,0.840604902311919,4003,38,"LSM8;SNRPB;LSM7;RBM42;LSM5;PPIH;SNRPD2;DDX23;LSM6;PRPF18;SNRPN;LSM2;PRPF31;PRPF3;SNRPF;SNU13;CD2BP2"
"GOCC_SREBP_SCAP_INSIG_COMPLEX",0.355303810504634,1,-0.652919948665405,-1.12940623829264,1724,5,"INSIG1;INSIG2;SREBF2"
"GOCC_STEREOCILIA_COUPLING_LINK",0.607216494845361,1,-0.482477090363011,-0.900287318326683,2944,7,"USH2A"
"GOCC_STEREOCILIUM_BASE",0.254893880074181,1,-0.676043603791054,-1.2186364609791,1236,6,"PTPRQ"
"GOCC_STEREOCILIUM_BUNDLE",0.939183163902265,1,0.251837813510995,0.743419053730818,5265,68,"TMC1;STRCP1;CLRN1;PIEZO2;PKHD1L1;DCDC2;MYO3B;EPS8;TMC2;LOXHD1;RHOC"
"GOCC_STEREOCILIUM_MEMBRANE",0.917576756645374,1,-0.334123650431355,-0.602291421156511,4452,6,"USH2A"
"GOCC_STRIATED_MUSCLE_THIN_FILAMENT",0.366199813258637,1,0.4600131174033,1.07153973754615,1960,19,"PVALEF;TNNC1;TPM2;TNNT2;TNNI1;LMOD1;TPM1;TPM4;TTN;TNNI3"
"GOCC_SULFURTRANSFERASE_COMPLEX",0.376907216494845,1,-0.58714311211385,-1.09559087558178,1827,7,"FXN"
"GOCC_SUMO_LIGASE_COMPLEX",0.972421609369097,1,0.261106636193573,0.557153364004967,5147,13,"EID3;SMC5;NSMCE2;SMC6"
"GOCC_SUPER_ELONGATION_COMPLEX",0.891819493097053,1,-0.351963922823224,-0.634450303052019,4327,6,"EAF1;AFF1;AFF3;AFF2"
"GOCC_SUPRAMOLECULAR_COMPLEX",0.120016109544905,1,0.275477490165193,1.07257583427472,893,1686,"DDX3Y;CFAP107;BPI;MYOT;MYPN;COL6A3;ACTBL2;SRY;MAEL;MSX2;RP1;COL3A1;COL1A2;FEV;KLHL40;WT1;MYOD1;KRTAP4-5;COL5A2;S100A11;TCIM;LUM;POTEF;KRTAP5-6;S100A1;GSC;MYH4;COL1A1;ACTG2;TRPV4;CRYAB;EPAS1;PECAM1;CFAP161;MFAP4;SCARNA13;COL9A3;NUGGC;FHL5;KRT32;COL6A2;MYOZ2;ACKR2;COL5A1;COL10A1;MYL3;ANXA1;KRT15;KRTAP12-2;MYL11;RCSD1;MAP1LC3C;HSPB3;ODAM;LMNTD1;COL8A2;GPER1;PVALEF;SPAG6;MYL9;ADAMTSL5;TNNC1;TPM2;FBN1;COL14A1;FBLN5;ADAMTS4;COL12A1;TRIM55;ATOH8;APOBEC3B;AHNAK;COL6A6;DNAI2;ACTA2;TNNT2;ACTC1;CHMP4C;COL11A1;RNF135;TRIM22;COL4A4;AIF1;ELN;SYNPO;KRT8;CAPN3;ZC3H12D;NR3C1;DYNLRB2;TEKT1;NR4A2;COL4A1;KRT6B;ZFP36;POTEI;ANKRD34C;CFAP52;GRAMD2B;PABPC4L;EXD1;NPNT;KRT19;MEF2C;FAM110C;CFAP126;MMP2;ABCC9;NFATC4;COL5A3;MYL7;PLK2;CFAP96;TNNI1;KRTAP1-5;KRT18;PBXIP1;IL16;NFKBIZ;EFEMP2;ACTN3;DCDC2;FBN2;CALD1;COL16A1;SCN1A;MOV10L1;GAS2L1;H3-5;CA3;PLS3;LDLRAP1;PIWIL4;CFAP77;SPAG8;LMOD1;MFAP2;PARVA;COL4A2;TUBB6;COL9A2;COL27A1;KRT80;HSPB1;COL11A2;POU4F2;COL8A1;TRIM5;KIF12;ANKRD1;CACNA1S;FLNC;PGM5;APOBEC3F;TEKT4;CASQ2;MYL4;SAMD4A;IFI16;CLMP;NR1H4;WIPF1;RSPH1;RIBC2;CFAP45;TEKT3;JPH2;SLC4A1;LIMA1;MYH14;COL2A1;MYBPHL;MEOX2;ARHGAP6;CSRP1;PDLIM3;SDC4;TPM1;FBLN1;PDLIM2;VCL;MYH9;UNC45B;MYOZ3;BCL2L11;FLNB;RMDN2;CENPW;FHDC1;NEXN;BCL6;BFSP2;CLDN11;FLNA;FHL3;CIMIP2B;KIF19;DSP;H1-4;TPM4;SLC2A1;KIF4B;PDLIM7;FHL2;COL9A1;CENPQ;HIF3A;NYNRIN;MNS1;ACTN1;MYZAP;TEKTIP1;MYH2;PTPN20;MOV10;CDK2;LMNA;MYLK2;VIM;AURKC;CENPK"
"GOCC_SUPRAMOLECULAR_POLYMER",0.279318949067958,1,0.274639648329299,1.04069419076862,1902,895,"CFAP107;MYOT;MYPN;COL6A3;ACTBL2;RP1;KLHL40;MYOD1;KRTAP4-5;POTEF;KRTAP5-6;S100A1;MYH4;ACTG2;TRPV4;CRYAB;PECAM1;CFAP161;MFAP4;FHL5;KRT32;COL6A2;MYOZ2;ACKR2;MYL3;ANXA1;KRT15;KRTAP12-2;MYL11;RCSD1;MAP1LC3C;ODAM;LMNTD1;GPER1;PVALEF;SPAG6;MYL9;ADAMTSL5;TNNC1;TPM2;FBN1;FBLN5;TRIM55;AHNAK;COL6A6;DNAI2;ACTA2;TNNT2;ACTC1;CHMP4C;AIF1;ELN;SYNPO;KRT8;CAPN3;DYNLRB2;TEKT1;KRT6B;POTEI;CFAP52;GRAMD2B;NPNT;KRT19;FAM110C;CFAP126;MMP2;ABCC9;MYL7;CFAP96;TNNI1;KRTAP1-5;KRT18;PBXIP1;EFEMP2;ACTN3;DCDC2;FBN2;CALD1;SCN1A;GAS2L1;CA3;PLS3;LDLRAP1;CFAP77;SPAG8;LMOD1;MFAP2;PARVA;TUBB6;KRT80;HSPB1;KIF12;ANKRD1;CACNA1S;FLNC;PGM5;TEKT4;CASQ2;MYL4;CLMP;WIPF1;RSPH1;RIBC2;CFAP45;TEKT3;JPH2;SLC4A1;LIMA1;MYH14;MYBPHL;ARHGAP6;CSRP1;PDLIM3;SDC4;TPM1;FBLN1;PDLIM2;VCL;MYH9;UNC45B;MYOZ3;BCL2L11;FLNB;RMDN2;FHDC1;NEXN;BFSP2;CLDN11;FLNA;FHL3;CIMIP2B;KIF19;DSP;TPM4;SLC2A1;KIF4B;PDLIM7;FHL2;MNS1;ACTN1;MYZAP;TEKTIP1;MYH2;PTPN20;LMNA;MYLK2;VIM;AURKC;SPAG17;DNAH9;EML3;ATP2A1;HAUS8;FBF1;SYNPO2L;CFAP141;KIF20A;DNAH7;TUBA1C;SCTR;KRT17;TTN"
"GOCC_SWI_SNF_COMPLEX",0.936449288749307,1,0.265971459934138,0.682663649797704,5068,30,"SMARCA2;BCL7C;NCR1;SMARCD2;ACTL6A;BCL11A;SS18;SMARCD3;SMARCB1;SMARCE1;PHF10;ARID1B;SMARCC2;BICRA;DPF2;RB1;SMARCD1;BRD9;BCL11B;SMARCA4;BCL7A;ACTB;DPF3;ARID1A;SMARCC1;BCL7B;PBRM1;BICRAL;ARID2"
"GOCC_SWI_SNF_SUPERFAMILY_TYPE_COMPLEX",0.989134244654749,1,0.225470417782342,0.701746179022945,5643,97,"EP400P1;SMARCA2;BCL7C;NCR1;SMARCD2;HMGXB4;CDK2AP2;BACC1;INO80B;ACTL6A;ZNHIT1;INO80E;LUZP1;CDK2AP1;CHD3;CFDP1;BCL11A;SS18;MYO1C;ACTR5;NFRKB;KAT5;SMARCD3;INO80C;MBD3;ING3;ERCC6;POLE3;RUVBL2;CHRAC1;INO80;HDAC1;BRD8;MTA2;SMARCB1;VPS72;SMARCE1;RUVBL1;DMAP1;MCRS1;UCHL5;PHF10;MTA1;ARID1B;SMARCC2;BICRA;DPF2;MTA3;ACTR6;RB1;SMARCD1;EP400;YY1;TRRAP;RBBP4;MYBBP1A;HDAC2;BRD9;TFPT;YY1AP1;BRD7;BCL11B;SMARCA4;BCL7A;SUZ12;GATAD2A;ACTR8;ACTB;SF3B1;BAZ1B;DPF3;SMARCA1;ARID1A;CHD5;SS18L1;SMARCC1;CHD4;BCL7B;BAZ2A;PBRM1;ANP32E;RBBP7;BICRAL;ARID2;SMARCA5;BPTF;SRCAP;DEK;GATAD2B;RSF1;ACTL6B;MBD2;INO80D;BAZ1A;DDX21;CECR2;DPF1"
"GOCC_SYMBIONT_CELL_SURFACE",0.563512361466326,1,-0.415459121225019,-0.920438819140252,2643,14,"FCN1;CFB;C1QA;C3"
"GOCC_SYNAPSE",1,1,0.162934010193623,0.634331016124556,7440,1682,"NLGN4Y;CHRNG;IGF1;APOA4;ACTBL2;NPY;CPLX4;SLC35D3;MPZ;SLC6A2;LAMA4;PLAT;WNT3A;TNN;GHRL;POTEF;ERBB3;RS1;SRPX2;CNR2;HRH4;KCTD12;CRYAB;PRSS12;LAMA2;CD3E;KCNMB1;LRRK2;CNTN6;S1PR5;GPER1;ACAN;P2RX7;PMP22;SNTB1;LY6G6D;ITGB3;ALDH1A1;FLRT2;SPARCL1;TPBG;TULP1;HAPLN1;RAPSN;S1PR4;ACTC1;PENK;HRH1;CHRNB3;SYNPO;NR3C1;CBLN1;GSG1L;IL31RA;MUSK;PTPRC;IL1RAP;SPHK1;MME;ADRB1;CDH11;CHRM1;POTEI;PLD1;CBLN3;LPAR1;MYOF;SLC1A7;MEF2C;NGF;ITGA5;NTF4;CACNA1G;PRIMA1;MYL7;FRMPD2;PLP1;WNT5A;MCTP2;SCN10A;TANC1;PALMD;NTSR1;PPFIBP2;RAB13;SLC22A3;PLXND1;S1PR3;C1QL4;PTN;PLS3;PDE7B;APOE;NQO1;SGCG;NRP2;HAPLN3;LRP4;GPC6;ROR1;CDH6;LAMB2;EPS8;LYPD6;KCNJ2;HSPG2;CDH15;GPR37;DACT1;CBLN4;COL13A1;SLC18A2;GNG12;SAMD4A;CLMP;SLC6A4;SYDE1;EPHA7;SLC6A3;ERBB4;LAMA1;GABRE;OTOF;ATP1A2;PCDH7;NPY5R;SYNGR4;PLXNA4;SV2B;MYH9;CPLX3;GRID2;LYPD1;TAMALIN;SLC22A1;P2RX1;SEMA3F;PDZRN3;NTM;SEPTIN1;VLDLR;NPFF;CNTNAP3;CHRNA1;DOCK1;ADARB1;CEP112;NTNG1;LYN;NTF3;SLC12A4;CARTPT;RIT2;FLNA;FGFR2;NYX;SEMA3A;SLC2A1;CNTN5;GRIK2;DRD1;CACNG5;COLQ;CNTNAP3B"
"GOCC_SYNAPSE_ASSOCIATED_EXTRACELLULAR_MATRIX",0.334780966767372,1,0.525793922918087,1.10776998631296,1772,12,"ACAN;HAPLN1;TNC;HAPLN3;VCAN;HAPLN4"
"GOCC_SYNAPTIC_MEMBRANE",1,1,0.180983690532969,0.655727997705954,6261,435,"NLGN4Y;CHRNG;SLC6A2;ERBB3;SRPX2;CNR2;KCTD12;CRYAB;CNTN6;GPER1;ITGB3;FLRT2;RAPSN;CHRNB3;CBLN1;GSG1L;IL31RA;MUSK;CHRM1;LPAR1;SLC1A7;SCN10A;NRP2;LRP4;KCNJ2;COL13A1;CLMP;SLC6A4;SYDE1;EPHA7;SLC6A3;ERBB4;GABRE;OTOF;CPLX3;GRID2;TAMALIN;P2RX1;NTM;CHRNA1;NTNG1;CNTN5;GRIK2;DRD1;CACNG5;GRIN3B;ITGB1"
"GOCC_SYNAPTIC_VESICLE_MEMBRANE",0.965614696184644,1,-0.233947685520234,-0.785625939810645,4099,140,"ABCC8;SLC32A1;DYSF;MCTP1;GRIA1;SV2C;DOC2A;SYT6;DGKI;TMEM163;SYT9;RAB27B;UNC13C;BORCS5;UNC13B;SNCA;RAB3B;SLC4A8;SYT1;SYN3;CBARP;BTBD8;SYNPR;ICA1;ATP6V0A4;PTPRN2;STX1B;SYN1;ATP6V1A;SNAP25;BIN1;SLC5A7;STX1A;SYT5;SYT12;SLC17A7;ATP6V1C1;SYT2;UNC13A;ATP6V1B1;PRRT1;ATP6V1G2;ATP6V1B2;SYT7;SYP;SYT13;VAMP2;RAB3A;SYN2;SYNGR3;SLC17A6;GABRA2;KIF1B;ATP6V0E2;SV2A;CALM3"
"GOCC_SYNAPTOBREVIN_2_SNAP_25_SYNTAXIN_1A_COMPLEX",0.30680412371134,1,-0.622043300714008,-1.16071354737598,1487,7,"STX1B;NAPB;SNAP25;STX1A;VAMP2"
"GOCC_SYNAPTONEMAL_STRUCTURE",0.781594296824368,1,-0.298162781058292,-0.81695333040492,3617,37,"FAM9C;RNF212B;TEX11;HORMAD1;MEI4;REC8;BRCA2;SYCE1L;C14orf39;SYN1"
"GOCC_T_CELL_RECEPTOR_COMPLEX",0.154237288135593,1,0.594174252763649,1.29179562905526,818,14,"CD8B;CD3E;CD6;TRAC;SYK;CD4;SKAP1"
"GOCC_T_TUBULE",0.994788858939802,1,0.214733303360446,0.608105477485976,5535,52,"FXYD1;AHNAK;CAPN3;SCN1A;CACNA1S;KCNJ2;ATP1A2;STBD1"
"GOCC_T_UTP_COMPLEX",0.660210179270554,1,-0.474613233777339,-0.855537998290155,3203,6,"HEATR1;WDR43;UTP4;WDR75;UTP15"
"GOCC_TELOMERASE_HOLOENZYME_COMPLEX",0.990604313474269,1,-0.218369362449248,-0.533000709459684,4638,21,"GNL3L;SMG7;NAT10;LSM11;SNRPE;PTGES3;SMG6;TEP1;HNRNPU;NVL;SNRPD3;DKC1;SMG5;ACD;NOP10;NHP2;HNRNPC;WRAP53;GAR1;SNRPB;TERT"
"GOCC_TERMINAL_BOUTON",0.291274438812455,1,0.39746754511153,1.10070636624317,1608,46,"NPY;CPLX4;TNN;PRSS12;LRRK2;NTSR1;SLC18A2;CPLX3;GRIK2"
"GOCC_TERTIARY_GRANULE",0.574182929696685,1,-0.283336083455025,-0.948432045087417,2441,137,"CDA;ITGAM;CD177;FPR2;MCEMP1;CD33;FOLR3;MMP9;LTF;ITGAX;DSC1;TRPM2;PRSS3"
"GOCC_TERTIARY_GRANULE_LUMEN",0.64177131526768,1,-0.317334321595864,-0.897397327089753,2912,44,"CDA;FOLR3;MMP9;LTF"
"GOCC_TERTIARY_GRANULE_MEMBRANE",0.346948037213524,1,-0.353793924369526,-1.05259632014467,1528,60,"ITGAM;CD177;FPR2;MCEMP1;CD33;ITGAX;TRPM2;CYBB;STOM;ATP8B4;PTAFR;ADAM8;CEACAM1;FRMPD3;SNAP25;RAP2C"
"GOCC_TETRASPANIN_ENRICHED_MICRODOMAIN",0.386748518204911,1,-0.5237920484688,-1.0704317875307,1826,10,"SCIMP;GP6"
"GOCC_THO_COMPLEX",0.591180712961055,1,-0.509152520048065,-0.917798529045372,2868,6,"THOC5;THOC7;THOC3;THOC2;THOC1"
"GOCC_TIGHT_JUNCTION",0.606483095155106,1,0.29083048548216,0.937577468188346,3479,130,"CLDN14;CLDN20;PMP22;CLDN16;USP53;SYNPO;CLDN5;WWTR1;FRMPD2;CGNL1;GJA1;RAB13;IGSF5;CLMP;CDH5;ESAM;CCND1;EPHA2;CLDN1;PLXDC1;C1QTNF5;CLDN11;CLDN4;CLDN9;CLDN3;CDK4;MAP3K1;OCEL1;WNK4;PARD6G;VASP;YAP1;NPHP1;CLDN19;MICALL2;MXRA8;AMOTL2;RIGI;EPB41L4B;AMOTL1;CLDN15;LSR;CLDN22"
"GOCC_TIM22_MITOCHONDRIAL_IMPORT_INNER_MEMBRANE_INSERTION_COMPLEX",0.919642857142857,1,0.332541220341462,0.612130351326198,4737,7,"TIMM10;TIMM22;TIMM29"
"GOCC_TIM23_MITOCHONDRIAL_IMPORT_INNER_MEMBRANE_TRANSLOCASE_COMPLEX",0.97497177267595,1,0.255119953188999,0.571429333083503,5180,16,"TIMM10;SLC25A6;TIMM21;ROMO1;DNAJC15;DNAJC19;TIMM17B"
"GOCC_TOM_COMPLEX",0.843785850860421,1,0.361083689810245,0.708580284626063,4412,9,"TOMM7;TOMM6;MUL1;TOMM40;TRABD;TOMM5;TOMM22;TOMM20;TOMM70"
"GOCC_TOR_COMPLEX",0.627454682779456,1,0.420716827125787,0.886388095245009,3322,12,"SESN3;PRR5L;PRR5;AKT1S1;MAPKAP1"
"GOCC_TORC1_COMPLEX",0.928724024082346,1,0.323426189953937,0.57676497500705,4781,6,"AKT1S1;MLST8;RPTOR;TTI1;MTOR;LARP1"
"GOCC_TORC2_COMPLEX",0.603632887189293,1,0.461733570660088,0.906092726291984,3156,9,"SESN3;PRR5L;PRR5;MAPKAP1;MLST8"
"GOCC_TRAMP_COMPLEX",0.917610710607621,1,-0.343483823798209,-0.594150590961813,4454,5,"MTREX;TENT4A;TENT4B;ZCCHC8;ZCCHC7"
"GOCC_TRANS_GOLGI_NETWORK",0.995387149917628,1,0.222468969851361,0.774467728310287,6041,274,"FCMR;TGFBI;MS4A6A;POSTN;MS4A7;LRRK2;GPER1;CA4;BACE2;RAB7B;WLS;RAB32;VAMP5;LGR6;MME;CIMAP3;MLANA;HLA-DRB5;RAB13"
"GOCC_TRANS_GOLGI_NETWORK_MEMBRANE",0.786432748538012,1,-0.267280329849065,-0.868655254342502,3361,109,"PLD4;AP1M2;HLA-DQB1;HLA-DRA"
"GOCC_TRANS_GOLGI_NETWORK_TRANSPORT_VESICLE",0.998444098688598,1,-0.196627488730665,-0.556742593300952,4491,45,"AP1M2;RAB8B;STEAP2;RAB27B;NCALD;AP1S2;AP1S3"
"GOCC_TRANS_GOLGI_NETWORK_TRANSPORT_VESICLE_MEMBRANE",0.776295977629598,1,-0.314595708052654,-0.808670207030234,3608,27,"AP1M2"
"GOCC_TRANS_SYNAPTIC_PROTEIN_COMPLEX",0.853145503666538,1,0.367068053403503,0.698121530089523,4420,8,"CBLN1;GRID2;EGFLAM"
"GOCC_TRANSCRIPTION_ELONGATION_FACTOR_COMPLEX",0.996393959882804,1,-0.204074980989093,-0.593168069417758,4420,52,"ELOA2"
"GOCC_TRANSCRIPTION_EXPORT_COMPLEX",0.879345987596316,1,0.311706835387485,0.707604843318206,4678,17,"ERH;POLDIP3;SARNP;DDX39B;NXF1;NCBP3;THOC6;CHTOP;ZC3H11A;DDX39A;THOC1;THOC2;THOC3;ALYREF;FYTTD1;THOC7;THOC5"
"GOCC_TRANSCRIPTION_EXPORT_COMPLEX_2",0.697805399106623,1,0.468970701516589,0.836314075176711,3592,6,"CETN3;SEM1;ENY2;PCID2"
"GOCC_TRANSCRIPTION_FACTOR_AP_1_COMPLEX",0.361235191299281,1,0.626665794016023,1.11753127065839,1859,6,"NFATC2;JUN;FOSL2;JUNB"
"GOCC_TRANSCRIPTION_FACTOR_TFIIA_COMPLEX",0.767243054206334,1,0.447135650421495,0.764767382611977,3948,5,"GTF2A1L;GTF2A2"
"GOCC_TRANSCRIPTION_FACTOR_TFIID_COMPLEX",0.99934796783308,1,-0.170185517216144,-0.450359772157251,4597,31,"TAF4B;TAF9B;TAF5;TAF1;ERCC2;GTF2E1;TAF2;GTF2A1;TAF4;TCEA1;ERCC3;TAF3;TAF13;TAF9;TBP;GTF2B;GTF2H3;TAF11;TAF6;TAF8;TAF12;GTF2E2;GTF2F1;TAF6L;TAF7;TAF10;GTF2A2;GTF2H5;GTF2H2;GTF2H4;TAF7L"
"GOCC_TRANSCRIPTION_FACTOR_TFIIH_HOLO_COMPLEX",0.875944108761329,1,0.330867841989743,0.697089579807631,4638,12,"GTF2H4;GTF2H2;CDK7;GTF2H5;GTF2H1;MNAT1;GTF2H2C"
"GOCC_TRANSCRIPTION_FACTOR_TFIIIC_COMPLEX",0.809865993396776,1,0.410579805512905,0.732185761761522,4169,6,"GTF3C3;GTF3C6;GTF3C5;GTF3C2;GTF3C1;GTF3C4"
"GOCC_TRANSCRIPTION_FACTOR_TFTC_COMPLEX",0.895309168443497,1,-0.29496744934533,-0.695449023557068,4198,18,"TAF9B;TAF5;TAF2;ATXN7;TAF4;USP22;TAF9;TRRAP;TAF5L;SUPT3H;ATXN7L3;KAT2A;TAF6;TAF12;TAF7;TAF10;TADA3;ENY2"
"GOCC_TRANSCRIPTION_PREINITIATION_COMPLEX",0.931393372982158,1,-0.284711302885143,-0.621071624200146,4384,13,"POLR2M;RPRD1A;RPRD2;GTF2A1;ERCC3;BRF2;GTF2B;GTF2H3;RPRD1B;RPAP2;BRF1;TAF10;RECQL5"
"GOCC_TRANSCRIPTION_REPRESSOR_COMPLEX",0.984227129337539,1,0.229896245519192,0.715520969232216,5615,97,"TBX18;TBX15;HOXC9;GATA1;CDX2;GFI1;CCND1;JUN;MXD3;SMAD3;HEY2"
"GOCC_TRANSFERASE_COMPLEX",1,1,0.124241402031822,0.472666846424805,6846,986,"UTY;PRKY;STING1;ACTBL2;CDC20B;WDR38;KLHL40;CCIN;POTEF;TGFBR2;FBXW10"
"GOCC_TRANSFERASE_COMPLEX_TRANSFERRING_PHOSPHORUS_CONTAINING_GROUPS",1,1,0.18143571336652,0.639234108137461,6163,308,"PRKY;STING1;TGFBR2;CCNO;TGFB1;INSRR;CDKN1A;CSNK2A3;HAS2;CCNB3;GTF2A1L;TGFB2;POLR3G;CDK18;CCND1;IKBKE;POLD4;HAS1;TAF7L;IRS1;MYZAP;CDK2;PEX2;EXT1;CCND2;CKS1B;TERT;CDK4;POLR2G;CDK19;PHKG1;PARD6G"
"GOCC_TRANSLOCON_COMPLEX",0.281453154875717,1,0.597415588589471,1.17235122978065,1471,9,"SSR2;SEC61B;SSR3;SEC61G;SEC61A1;SEC61A2;SSR4;SSR1;ARL6IP1"
"GOCC_TRANSPORT_VESICLE",1,1,0.179727698449148,0.653686691713655,6299,464,"IL33;IGF1;SLC35D3;SLC6A2;BGN;CRYZL2P-SEC16B;AREG;LRRK2;CA4;RASSF9;SEC16B;PENK;SPX;LAPTM5;FOLR1;MME;CLRN1;MYOF;EDN1;NGF;NTF4;MCTP2;HLA-DRB5;KDELR3;RAB13;ITPR3;HLA-E;COPZ2;B2M;SLC18A2;SYTL1;PLIN3;SEC24D;OTOF;SYNGR4;TGFA;SV2B;CRISPLD2;CPLX3;SYTL2;SEPTIN1;C1QTNF5;NTF3;NKD2;APOLD1;CAV2;RAB27A;ITPR2;TMED9;SLC40A1;SYNDIG1;SYPL1;VAMP3;ABCA12;ITPR1;UNC13D;FURIN"
"GOCC_TRANSPORT_VESICLE_MEMBRANE",0.997747747747748,1,-0.212391907601842,-0.760194369833384,3986,251,"AP1M2;HLA-DQB1;HLA-DRA;HLA-H;SLC30A8;SLC17A9;SYT10;ABCC8;SLC32A1;DYSF;SCGN;HLA-F;MCTP1;GRIA1;SV2C;DOC2A;SYT6;DGKI;TMEM163;SYT9;RAB27B;UNC13C;TMEM184A;BORCS5;UNC13B;SNCA;SYTL4;VMA21;RAB3B;SLC4A8;CNIH2;SYT1;SYN3;CBARP;SLC30A2;CEACAM1;BTBD8;NCALD;SYNPR;ICA1;ATP6V0A4;DBH;PTPRN2;STX1B;AP1S2;SYN1;ATP6V1A;SNAP25;BIN1;SLC5A7;MAP6;STX1A;SYT5;AP1S3;HLA-DRB1;PTPRN;ARFGEF3;SYT12;SLC17A7;ATP6V1C1;SYT2;UNC13A;ATP6V1B1;STON2;PRRT1;ATP6V1G2;ATP6V1B2;SYT7;SYP;SYT3;SYT13;VAMP2;RAB3A"
"GOCC_TRANSPORTER_COMPLEX",0.373925104022191,1,-0.266348944695755,-1.01409185748215,1347,534,"KCNE3;CHP2;KCNJ1;C15orf48;ATP4A;PKD1L3;CACNA1F;FXYD4;LRRC38;KCNJ10;CLIC3;TRPV5;SCNN1A;ATP12A;KCNU1;CATSPERZ;TRPM5;KCNK15;SLC30A8;TRPC7;LRRC8E;SCN4A;GABRG1;ABCG8;SCNN1G;CLCN1;BEST4;KCNQ5;GABRP;ABCC8;RYR1;CYBB;KCNMB3;CACNA2D3;KCNH4;GRIN2B;CACNB2;KCNN1;GABRA1;C2CD6;KCNH5;KCNH7;SLC7A10;GRIN1;KCNK10;HCN1;GRIA1;GABRR1;KCNAB1;GRIA3;NRN1;CATSPER4;CHRNA2;OLFM3;ATP8B4;GABRR2;KCNH8;CNGB1;OSBPL10;GABRG3;CATSPER2;SCN5A;TCIRG1;CLIC5;KCNQ1;GABRA5;KCNA3;KCNA5;HTR3B;RYR3;SLC7A7;GABRB2;KCNIP2;KCNQ3;CNGA4;CNIH2;GABRQ;KCND1;VWC2L;KCNAB3;SLC30A2;SHISA7;KCNJ11;CACNB1;KCNMB2;GABRG2;DPP6;KCNE1;BEST2;ABCB7;SCN7A;CATSPERG;SCN2B;DLG3;KCNJ16;PDE4B;ATP6V0A4;GRIK4;KCNH2;DMAC2L;ATP11C;KCNE4;ATP6V1A;GLRA2;SNAP25;CACNG8;CACNG2;GRIN2C;KCNJ9;KCNA2;VMA12;PKD1L1;STX1A;FXYD7;LRRC26;CHRNA7;KCNC1;CACNA2D4;CACNG7;GABRB3;NDUFC2-KCTD14;SLC17A7;ATP6V1C1;HCN4;UNC79;AKAP6;ATP8A2;FKBP1B;PDE4D;DLG2;ABCB6;KCNH3;SLC7A11;ATP6V1B1;DLG4;TRPC3;GRIK1;HTR3A;GRIK5;ATP6V1G2;ATP6V1B2;KCNS1;KCNC4;VAMP2;TRPV6;CACNA1A;CHRNB2;KCNC2;CHP1;KCNS3;TTYH1;KCNA4;SLC30A10;KCNK7;CACNG4;MICU3;KCNJ14;KCNJ3;ATP1A3;SLC17A6;SLC7A5;KCNB1;LRRC8B"
"GOCC_TRAPP_COMPLEX",0.996805111821086,1,0.194309329627327,0.441101083251159,5303,17,"TRAPPC3L;TRAPPC13;TRAPPC2B;TRAPPC3;TRAPPC11;TRAPPC2L;TRAPPC12;TRAPPC9;TRAPPC6A;TRAPPC4;TRAPPC5;TRAPPC14;TRAPPC1;TRAPPC8;TRAPPC10;TRAPPC6B;TRAPPC2"
"GOCC_TRAPPII_PROTEIN_COMPLEX",0.766468338291543,1,-0.363865730583589,-0.778920501647829,3606,12,"TRAPPC2;TRAPPC6B;TRAPPC10;TRAPPC1;TRAPPC14;TRAPPC5;TRAPPC4;TRAPPC9;TRAPPC2L;TRAPPC3;TRAPPC2B;TRAPPC13"
"GOCC_TRAPPIII_PROTEIN_COMPLEX",0.766468338291543,1,-0.363865730583589,-0.778920501647829,3606,12,"TRAPPC2;TRAPPC8;TRAPPC1;TRAPPC5;TRAPPC4;TRAPPC6A;TRAPPC12;TRAPPC2L;TRAPPC11;TRAPPC3;TRAPPC2B;TRAPPC13"
"GOCC_TRICARBOXYLIC_ACID_CYCLE_HETEROMERIC_ENZYME_COMPLEX",0.96045197740113,1,0.273751188473634,0.595163097482094,5099,14,"SUCLG2;SUCLG1;ABHD11;IDH3B;KAT2A;BCKDK;IDH3G;OGDH;IDH3A;DLST;DLD;SUCLA2;OGDHL;KGD4"
"GOCC_TRNA_INTRON_ENDONUCLEASE_COMPLEX",0.922760041194645,1,-0.337598245293365,-0.583969849673515,4479,5,"TSEN2;TSEN15;CLP1;TSEN54;TSEN34"
"GOCC_TRNA_METHYLTRANSFERASE_COMPLEX",0.935514194397443,1,0.289120497348693,0.6387535894952,4975,15,"TRMT112;TRMT61A;BUD23;TRMT11;THUMPD3;ALKBH8;WDR4;HSD17B10;METTL1;TRMT10C;TRMT6;TRMT61B;METTL6;SARS1;THUMPD2"
"GOCC_TRNA_SPLICING_LIGASE_COMPLEX",0.707834812813586,1,0.434630008774495,0.826616655781078,3667,8,"C2orf49;RTRAF;FAM98C;RTCB;FAM98A;ZBTB8OS;DDX1;FAM98B"
"GOCC_TROPONIN_COMPLEX",0.485248447204969,1,0.546213204506188,1.00545033313482,2499,7,"PVALEF;TNNC1;TNNT2;TNNI1;TNNI3"
"GOCC_TUBULAR_ENDOSOME",0.798795882695669,1,0.416246252833224,0.742290720631884,4112,6,"SNX5;VPS26A;SNX6;SNX32;VPS35;ANKRD27"
"GOCC_TUMOR_NECROSIS_FACTOR_RECEPTOR_SUPERFAMILY_COMPLEX",0.816395919909331,1,0.351498496121599,0.750032907672441,4321,13,"LTB;BIRC3;TNFRSF1A;TRAF5;TRADD;RIPK1"
"GOCC_U1_SNRNP",0.372837924407431,1,-0.431934283184203,-1.05427463264517,1745,21,"RNVU1-7"
"GOCC_U11_U12_SNRNP",0.856175972927242,1,0.31021617469549,0.736138471393979,4553,21,"SNRNP25;ZMAT5;SNRPB;SF3B6;SNRPD2;SNRNP48;PDCD7;SF3B4;SNRPF;SF3B5;SNRPG;ZCRB1;SF3B2;RNPC3;SNRPD3;SF3B1;SNRNP35;SNRPD1;SF3B3;SNRPE;ZRSR2"
"GOCC_U12_TYPE_CATALYTIC_STEP_2_SPLICEOSOME",0.739355794150315,1,0.314435253641754,0.841992211187149,3993,38,"SNRPB;SF3B6;SNRPD2;SF3B4;CWC15;PHF5A;SNRPF;CRNKL1;SF3B5;SRRM2;SCNM1;ARMC7;SNRPG;BUD13;SNIP1;RBM48;EFTUD2;SNW1;CWC22;SF3B2;RNF113A;PPIL2;SNRNP40;GPKOW;SNRPD3;SNRNP200;RBMX2;PRPF8;CDC5L;DHX16;CWC27;CRIPT;SF3B1;SRRM1;PLRG1;SNRPD1;SF3B3;SNRPE"
"GOCC_U12_TYPE_PRECATALYTIC_SPLICEOSOME",0.925334323922734,1,0.267301006404392,0.704703039467746,4981,35,"SNRNP25;ZMAT5;SNRPB;SF3B6;SNRPD2;DDX23;SNRNP48;PDCD7;SF3B4;PHF5A;PRPF31;PRPF3;SNRPF;SNU13;SF3B5;SCNM1;SNRPG"
"GOCC_U12_TYPE_SPLICEOSOMAL_COMPLEX",0.98531781557744,1,0.228756521759709,0.665917128014011,5502,62,"SNRNP25;ZMAT5;SNRPB;LSM7;SF3B6;SNRPD2;DDX23;SNRNP48;PDCD7;SF3B4;CWC15;PHF5A;PRPF31;PRPF3;SNRPF;SNU13;CRNKL1;SF3B5;SRRM2;SCNM1;ARMC7;SNRPG;BUD13;SNIP1;RBM48;YBX1;EFTUD2;SNW1;CWC22;PRP4K;ZCRB1;USP39;DHX15;SF3B2;RNF113A;PPIL2;SNRNP40;SNRPGP15;PRPF4;SART1;GPKOW;RNPC3;SNRPD3;SNRNP200;RBMX2;PRPF6;PRPF8;CDC5L;DHX16;CWC27;CRIPT;SF3B1;SRRM1;TXNL4B;SNRNP35;PLRG1;SNRPD1;SF3B3;SNRPE;ZRSR2"
"GOCC_U2_SNRNP",0.951055482906781,1,0.257747045695679,0.646010934878354,5090,27,"SNRPB;SF3B6;SNRPD2;SNRPN;SF3B4;SF3A2;PHF5A;SNRPB2;SNRPF;SF3B5;SNRPG;BUD13;SNIP1;SF3B2;SNRPGP15;SNRPA1;SNRPD3;SF3A3;U2SURP;RBMX2;DDX46;SF3B1;SNRPD1;SF3B3;SNRPE;SF3A1;HTATSF1"
"GOCC_U2_TYPE_CATALYTIC_STEP_2_SPLICEOSOME",0.896507352941176,1,0.275915080527086,0.746874871611096,4876,40,"MAGOH;SNRPB;EIF4A3;SNRPD2;PPIE;CWC15;BUD31;SNRPB2;SNRPF;CRNKL1;SLU7;PRPF19;SRRM2;RBM8A;CACTIN;SNRPG;PRKRIP1;XAB2;FAM32A;SYF2;EFTUD2;SNW1;CWC22;CDC40;CASC3;RBM22;SNRNP40;PPIL1;DHX8;BCAS2;SNRPA1;SNRPD3;SNRNP200;PRPF8;CDC5L;NKAP;PLRG1;SNRPD1;SNRPE;AQR"
"GOCC_U2_TYPE_PRECATALYTIC_SPLICEOSOME",0.887313834559483,1,0.270794788923501,0.762252097969094,4944,50,"LSM8;SNRPB;LSM7;LSM5;SNRPD2;LSM6;MFAP1;SF3B4;LSM2;SF3A2;PHF5A;SNRPB2;PRPF31;PRPF3;SNRPF;SNU13;SF3B5;MAGOHB;SRRM2;SNRPG;IK;LSM3;BUD13;SNIP1;WBP4;LSM4;EFTUD2;CWC22;PRPF38A;TXNL4A;SF3B2;RNF113A;PRPF4;SART1;SNRPA1;ZMAT2;SNRPD3;SF3A3;SNRNP200;RBMX2;PRPF6;PRPF8;DHX16;CWC27;SF3B1;SMU1;SNRPD1;SF3B3;SNRPE"
"GOCC_U2_TYPE_SPLICEOSOMAL_COMPLEX",0.879163034001744,1,0.258532110091743,0.819141749157859,5041,110,"LSM8;MAGOH;GCFC2;SNRPB;LSM7;LSM5;SNRPC;SF3B6;EIF4A3;SNRPD2;PPIE;LSM6;CCDC12;ISY1;MFAP1;PRPF18;SNRPN;SF3B4;LSM2;CWC15;SF3A2;PHF5A;BUD31;SNRPB2;PRPF31;PRPF3;SNRPF;SNU13;CRNKL1;SLU7;SF3B5;MAGOHB;PRPF40B;PRPF19;SRRM2;RBM8A;SNRNP70;CACTIN;PPIL4;SNRPG;PRKRIP1;IK;LSM3;CIR1;BUD13;SNIP1;FRG1;WBP4;U2AF2;LSM4;KIN;XAB2;FAM32A;SYF2;EFTUD2;SNW1;YJU2B;CWC22;CDC40;PRPF38A;PSME3IP1;CWC25;TXNL4A;DHX15;CASC3;DDX42;SF3B2;RNF113A;RBM22;LUC7L2;PPIL2;SNRNP40;SNRPGP15;PPIL1;PRPF40A;PRPF4;SART1;PRPF39;PPWD1;DHX8;BCAS2;SNRPA1;YJU2;ZMAT2;SNRPD3;SF3A3;SNRNP200;RBMX2;TFIP11;PRPF6;PRPF8;CDC5L;LUC7L3;DHX16;DDX46;CWC27;SF3B1;LUC7L;SRRM1;NKAP;SMU1;WDR70;PLRG1;DHX38;SNRPD1;SF3B3;SNRPE;AQR;SF3A1;HTATSF1"
"GOCC_U2AF_COMPLEX",0.951622304254906,1,0.310034728568817,0.530274084973724,4897,5,"U2AF1;U2AF2;U2AF1L4"
"GOCC_U4_SNRNP",0.890207156308851,1,0.314159292035398,0.683014449701933,4726,14,"SNRPB;SNRPD2;SNRPN;PRPF31;PRPF3;SNRPF;SNU13;SNRPG;DDX39B"
"GOCC_U4_U6_SNRNP",0.416901408450704,1,0.437491188040354,1.02736866952207,2219,20,"LSM8;SNRPB;LSM7;LSM5;PPIH;SNRPD2;LSM6;LSM2;PRPF31;PRPF3;SNRPF;SNU13;SNRPG;LSM3"
"GOCC_U4ATAC_SNRNP",0.909039010466223,1,0.314124830889612,0.648040033834534,4776,11,"SNRPB;SNRPD2;PRPF31;PRPF3;SNRPF;SNU13;SNRPG"
"GOCC_U4ATAC_U6ATAC_X_U5_TRI_SNRNP_COMPLEX",0.87027027027027,1,0.293262442870344,0.740499596631301,4668,28,"LSM8;SNRPB;LSM7;LSM5;SNRPD2;DDX23;LSM6;LSM2;PRPF31;PRPF3;SNRPF;SNU13"
"GOCC_U5_SNRNP",0.842827599172777,1,0.31423973078752,0.74568631148988,4482,21,"SNRPB;SNRPD2;DDX23;PRPF18;SNRPN;SNRPF;TSSC4;CD2BP2;SNRPG;AAR2;EFTUD2;TXNL4A;SNRNP40;SNRPGP15;SNRPD3;SNRNP200;PRPF6;PRPF8;TXNL4B;SNRPD1;SNRPE"
"GOCC_U6_SNRNP",0.351816443594646,1,0.564925029253887,1.10859268728385,1839,9,"LSM8;LSM7;LSM5;LSM6;LSM2;LSM3;DDX39B;LSM4;SART3"
"GOCC_U6ATAC_SNRNP",0.328444615978387,1,0.595825036746688,1.13319119564458,1701,8,"LSM8;LSM7;LSM5;LSM6;LSM2;LSM3;LSM4;SART3"
"GOCC_U7_SNRNP",0.955939440993789,1,0.296676781340255,0.546112335203616,4924,7,"SNRPB;SNRPF;SNRPG;SNRPD3;LSM10;SNRPE;LSM11"
"GOCC_UBIQUINONE_BIOSYNTHESIS_COMPLEX",0.379685375801126,1,0.617459876795395,1.10111438550623,1954,6,"COQ6;COQ9;COQ7;COQ5;COQ4"
"GOCC_UBIQUITIN_CONJUGATING_ENZYME_COMPLEX",0.853941908713693,1,-0.359132787364727,-0.693818029079707,4115,8,"UBE2V1;UBE2N;UBE2V2;UBE2B;RNF40;UBE2A;RNF20;STUB1"
"GOCC_UBIQUITIN_LIGASE_COMPLEX",1,1,-0.144059229022819,-0.535332815506526,3804,384,"PRAMEF6;PRAME;PRAMEF5;PRAMEF20;PRAMEF4;PRAMEF12;FBXO40;ZYG11A;FBXW12;NCCRP1;KLHL30;KLHL6;KBTBD8;DCAF12L2;BRCA2;PHC3;FBXL16;KLHL34;KLHL13;FBXO6;KLHL23;DCAF4L1;FBXO27;ASB12;FBXW7;AMN1;RMND5A;DTL;ZSWIM5;BTRC;KLHL15;DCUN1D3;CUL4B;TRIM21;KLHL18;FBXO41;KLHL24;FBXO16;GAN;FBXL14;FBXO2;KLHL11;ZYG11B;KLHL3;FEM1A;DCUN1D4;SOCS7;KLHL8;RNF168;HERPUD1;PHC1;CUL9;RAB40A;SUGT1;FBXW11;KDM2B;UBE4B;FBXO21;ARMC8;PCGF3;ZSWIM4;CBX4;ZSWIM6;FEM1B;DCUN1D1;ARIH1;RMND5B;KLHL42;MED7;TMEM183A;RNF2;FBXO3;FBXO28;COP1;FBXL13;OTULIN;KCTD2;USP7;FBXO9;MED12;SKP2;RCHY1;DET1;CAND1;UBE2V1;RAD18;KLHDC10;KBTBD6;DYRK2;RANBP9;DCUN1D2;MED31;RNF7;FBXL19;UBE4A;FBXO45;HDAC6;CBX8;FBXO36;RNF144A;RHOBTB2;CSNK2A1;MYCBP2;RNF11;PHIP;ASB1;UBE2J1;YAF2;PHC2;MGRN1;ABTB1;RNF19B;FBXW2;DCAF7;CBX2;BRCC3;CUL4A;BRCA1;KCMF1;KCTD13;DCAF10;WDR26;FBXO34;ANKRD9;DCAF1;ANAPC13;BRAP;FBXO48;CSNK2A2;SMURF2;ASB7;ANAPC1;UBE2N;GLMN;KCTD10;DCAF16;VHL;ELOC"
"GOCC_UDP_N_ACETYLGLUCOSAMINE_TRANSFERASE_COMPLEX",0.793116634799235,1,0.386529336997683,0.758514093422702,4147,9,"HAS2;HAS1;EXT1;UGT3A1;EXT2"
"GOCC_UNCONVENTIONAL_MYOSIN_COMPLEX",0.728215767634855,1,-0.412581455237552,-0.797076909096135,3509,8,"MYO1F;MYO6;DYNLL2"
"GOCC_UNIPLEX_COMPLEX",0.804038738924377,1,-0.404350732368819,-0.728882786147238,3901,6,"MICU3;MCUB;SMDT1;MCU"
"GOCC_VACUOLAR_MEMBRANE",1,1,0.191774532844582,0.70055687672552,6355,492,"STING1;FCMR;TLR3;DAB2;FPR1;ATP6V0D2;MYL11;MAP1LC3C;SLC66A1LP;EVA1A;VASN;AHNAK;RUBCNL;IFITM2;CHMP4C;LAPTM5;CYBRD1;IRAG2;HLA-DMB;ATP10B;ACP3;PLD1;OCA2;HLA-DRB5;IFITM3;TMBIM1;B2M;TMEM63A;CP;LITAF;C3AR1;GLMP;ANXA6;CD164;CD1D;MCOLN3;TMEM79;ITM2C;B4GALT1;SLC15A4;VLDLR;MAGT1;ANXA2;LYN;SLC12A4;CD68;CLN5;GRN;LAPTM4A;VAMP8;WIPI1;DRAM1;WDR81;ABCD1;PCSK9;CMTM6;GLIPR1;GPR137B;MCOLN2;SLC15A3;CTSA;SURF4;ATRAID;SLC66A1;HLA-DMA;CKAP4;CFTR;SLC30A3;GNB4;TSPAN1;STK11IP;TMEM165;ECE1;TMEM179B;CD63;UBA52;DDOST;SLC2A8;LRP1;SLC7A14;CLCN7;SLC48A1;CTSD;TM9SF1;LAMP1;GBA1;AP3B1;CHMP4A;SIDT2;ATG4B;TFEB"
"GOCC_VACUOLE",0.827056564761483,1,0.245190344849502,0.926645293634481,5599,840,"PEG3;STING1;CD34;BPI;OGN;OMD;FCMR;TLR3;GNLY;BGN;LUM;AKR1B10;KERA;CRYAB;DAB2;FPR1;ATP6V0D2;TTR;DCN;PDGFRB;MYL11;MAP1LC3C;CD1E;LRRK2;ACAN;SLC66A1LP;TRIM29;CSPG4;EVA1A;VASN;AHNAK;SLCO2A1;RAB7B;RUBCNL;IFITM2;CHMP4C;LAPTM5;CYBRD1;IRAG2;HLA-DMB;SULT1C2;ATP10B;ACP3;PLD1;NCF2;CPQ;PRTN3;SERPINA3;MARCHF3;OCA2;HLA-DRB5;IFITM3;TMBIM1;CTSC;GPC6;B2M;KCNE2;HAS2;TMEM63A;HSPG2;CP;LITAF;SDC2;C3AR1;GLMP;ANXA6;ANXA11;CD164;CD1D;RAB38;MCOLN3;SDC4;TMEM79;ITM2C;NPC2;SRPX;CTSO;B4GALT1;SLC15A4;CHIT1;VLDLR;MAGT1;ANXA2;TNFAIP8L2;LYN;SLC12A4;CTBS;PDE1C;UNC93B1;CD68;HEXB;GPC3;GLB1L;CLN5;GRN;TNFAIP3;LAPTM4A;RAB27A;GLB1;SDC1;CTSZ;VAMP8;WIPI1;HYAL2;VCAN;DRAM1;WDR81;CTSS;LIPA;UNC13D;PLBD1;CTSK;TRIP10;ABCD1;PCSK9;CMTM6;GLIPR1;GPR137B;MCOLN2;NAPSA;NPPA;SLC15A3;NCF1;FTL;TPP1;SNAP23;CTSL;CTSH;DAPK2;CTSA;SERPINB1;GGH;SURF4;ATRAID;CALR;SLC66A1;PRDX6;HLA-DMA;SGSH;CKAP4;ADA;TRIM17;CFTR;SLC30A3;GNB4;FUT10;HEXA;TSPAN1;STK11IP;TMEM165;ECE1;TYR;TMEM179B;PIK3C3;CD63;GNS;UBA52;DDOST;SLC2A8;LRP1;SLC7A14;CLCN7;TINAG;SLC48A1;PLA2G15;CTSD;NAGLU;GM2A;TM9SF1;LAMP1;GBA1;AP3B1;CHMP4A;SIDT2;ATG4B;TFEB"
"GOCC_VARICOSITY",0.857938144329897,1,-0.366877756949137,-0.684582539885854,4160,7,"MAP1B;BIN1;CRHBP;CD40"
"GOCC_VCP_NPL4_UFD1_AAA_ATPASE_COMPLEX",0.778290025146689,1,-0.380409032559287,-0.75848901692117,3713,9,"RNF125"
"GOCC_VESICLE_COAT",1,1,-0.169051143320833,-0.510123567667771,4385,66,"AP1M2"
"GOCC_VESICLE_LUMEN",0.910193379219928,1,0.245032168063151,0.857957046757346,5553,291,"BPI;IGF1;CXCL1;S100A11;ISLR;GHRL;FN1;IGF2;TTR;HGF;TIMP3;F5;PENK;ITIH3;ADM;SELENOP;THBS1;SPARC;TGFB1;RARRES2;PDGFB;EPX;PRTN3;SERPINA3;VEGFD;VEGFC;CTSC;B2M;PTX3;GSN;TGFB2;HSP90AB3P;APOA1;CNN2;VCL;CRISPLD2;NPC2;CHIT1;EGFR;GMFG;ANXA2;OSCAR;HEXB;ACTN1;GRN;RAB27A;GLB1;CTSZ;CRH;PYGL;GIP;UNC13D;TIMP1;OSTF1;PROS1;SERPING1;FTL;CTSH;CTSA;MVP;SERPINB1;GGH;A2M;PRDX6"
"GOCC_VESICLE_MEMBRANE",0.872696342500709,1,0.241307503185748,0.926581068439391,6155,1209,"TBC1D3;STING1;SIRPB1;SELL;FCMR;TLR3;ANXA8;SLC35D3;CX3CR1;EPGN;SLC6A2;COLEC12;WNT3A;IL7R;TYROBP;WNT1;CRYZL2P-SEC16B;SIGLEC14;CEMIP;AREG;RHOD;DAB2;PECAM1;ITGAL;FPR1;CD8B;FGD2;CLEC5A;ATP6V0D2;ANXA1;STAB2;LRRK2;GPER1;CA4;ITGB3;WNT6;AQP7;RASSF9;TYRP1;GPRC5A;ABCA4;SEC16B;BACE2;RAB7B;ANXA2P2;IFITM2;CHMP4C;WLS;ARHGAP10;EHD2;PLAUR;RAB32;VAMP5;LDLRAD4;SLC9A4;AQP6;IRAG2;PTPRC;FOLR1;HLA-DMB;SPHK1;ATP10B;MME;ACP3;HSD17B6;PLD1;DKK1;FCER1G;MOXD1;AMN;ALDH3B1;MYOF;SPARC;FCGR2A;DSE;TLR4;RAB20;LHFPL2;PTPRB;MARCHF3;WNT5A;CD163;LRIG3;PMEPA1;NOSTRIN;SLC26A7;TMC6;MCTP2;RAB34;MLANA;OCA2;HLA-DRB5;IFITM3;HVCN1;GJA1;KDELR3;TMBIM1;RAB13;CAV1;TLR2;APOE;LDLRAP1;GBP1;ITPR3;ROR2;AQP4;SERPINA5;HLA-E;COPZ2;B2M;TMEM63A;ANXA3;SLC2A5;ACAP1;FCGRT;LGALS3;LITAF;PKDREJ;C3AR1;FLRT1;ITGAV;SLC18A2;CYBA;ANXA6;BST1;ANXA11;SLC6A4;PLIN3;CD164;MFGE8;CD109;GPRC5C;SCNN1B;CD1D;CD4;TEKT3;SEC24D;OTOF;RAB38;PCDH7;MCOLN3;ANXA4;PLAU;SYNGR4;TGFA;SV2B;FZD6;CPLX3;B4GALT1;SLC15A4;P2RX1;ATP13A4;EGFR;MAGT1;ANXA2;CD58;LYN;CD36;WNT4;CD68;DSP;NECAP2;STBD1;GPNMB"
"GOCC_VESICLE_TETHERING_COMPLEX",0.816562778272484,1,0.279779354262698,0.82510413689169,4584,67,"EXOC3L4;EXOC3L2;TRAPPC3L;COG6;COG4;TMEM115;HOOK1;COG7;VIPAS39;SH3BP1;EXOC3;TRAPPC13;TRAPPC2B;TRAPPC3;TRAPPC11;VPS41;STX17;HOOK2;EIPR1;COG8"
"GOCC_VOLTAGE_GATED_CALCIUM_CHANNEL_COMPLEX",0.192579505300353,1,-0.42590540299314,-1.18730469589591,871,41,"CACNA1F;CATSPERZ;RYR1;CACNA2D3;CACNB2;C2CD6;CATSPER4;CATSPER2;CACNB1;CATSPERG;PDE4B;CACNG8;CACNG2;CACNA2D4;CACNG7;PDE4D;CACNA1A;CACNG4;TMEM249"
"GOCC_VOLTAGE_GATED_SODIUM_CHANNEL_COMPLEX",0.926393072289157,1,0.28581304462162,0.65710167548976,4920,18,"SCN10A;SCN1A;SCN4B"
"GOCC_WASH_COMPLEX",0.587570621468927,1,0.419816577709476,0.912724200968972,3119,14,"RCSD1;WASHC3;WASH6P"
"GOCC_WEIBEL_PALADE_BODY",0.493982919254658,1,0.542467130992428,0.99855469086311,2544,7,"EDN1;APOLD1;RAB27A;UNC13D;ECE1"
"GOCC_WNT_SIGNALOSOME",0.130525122780506,1,0.619257079498683,1.32138029908516,690,13,"WNT2;LRRK2;ADGRA2;FZD1;RECK;WNT3;LRP5"
"GOCC_X_CHROMOSOME",0.993368700265252,1,0.214442413162706,0.431927794680111,5242,10,"CDK2;H2AZ1;MACROH2A2;PCGF5"
"GOCC_XY_BODY",0.131227674374883,1,0.598515211493993,1.32229898334808,697,15,"MAEL;HSF5"
"GOCC_ZONA_PELLUCIDA_RECEPTOR_COMPLEX",0.694415825262724,1,-0.458909117496527,-0.827229752224465,3369,6,"CCT2;TCP1;CCT8;CCT3;CCT4;HSPA1L"
"GOCC_ZONULA_ADHERENS",0.873600926283288,1,0.355518048244554,0.67615473892003,4526,8,"VCL;CTNNA1;NECTIN2;KIFC3;SORBS1"
"GOCC_ZYMOGEN_GRANULE",0.230162116040956,1,-0.520379525814037,-1.19371938647223,1078,16,"CUZD1;GP2;DMBT1;RAB27B;SLC30A2;RAB3D;STX3"
