"pathway","pval","padj","ES","NES","nMoreExtreme","size","leadingEdge"
"GOMF_COLLAGEN_BINDING",0.000178284899269032,0.0198517481627589,0.635185240346937,1.85069019169013,0,62,"TGFBI;LUM;NID2;DDR2;FN1;COL6A2;ECM2;ADGRG6;LRRC15;CCBE1;LOX;ITGA1;DSPP;COL14A1;PCOLCE;NID1;THBS1;PODN;SPARC;PDGFB;COL5A3;SERPINH1;SMAD7;MRC2;ITGA10;AEBP1;COMP;CRTAP;SMAD3;PCOLCE2;P3H1;ITGB1;TNXB;VTN;P3H4;PPIB;CTSS;CTSK"
"GOMF_CYTOKINE_ACTIVITY",0.000169894665307509,0.0198517481627589,0.506731906446108,1.66384803487021,0,149,"CXCL6;CMTM5;IL33;CXCL8;GDF10;CXCL1;WNT11;LTB;CCL20;INHBA;WNT3A;CXCL2;WNT1;AREG;CCL26;EBI3;BMP5;GDF7;FAM3B;IFNA21;IL1A;WNT2;MSMP;CXCL13;TNFSF11;CCL2;GDF5;WNT6;CXCL3;WNT8B;GREM1;SPP1;IL19;BMP4;TNFSF18;CXCL12;WNT2B;ALKAL2;EDN1;IL17C;GDF6;TGFB1;CXCL14;TNFSF13;TNFSF15;FLT3LG;BMP2;WNT5A;IL16;CSF1;INHA;ALKAL1;EPO;TNFRSF11B;TNFSF13B;CTF1;BMP1;IL23A"
"GOMF_CYTOKINE_RECEPTOR_BINDING",0.00016767270288397,0.0198517481627589,0.493063721247836,1.65360532438929,0,179,"CXCL6;OSMR;IL33;CXCL8;CXCL1;CX3CR1;LTB;CCL20;CXCL2;TGFBR2;GATA3;CCL26;EBI3;BAMBI;IFNA21;IL1A;ENG;MSMP;RHEX;CXCL13;SMAD6;TNFSF11;CCL2;ITGB3;CXCL3;GREM1;TNFSF18;CXCL12;CCRL2;TGFB1;CXCL14;TNFSF13;NGF;ITGA5;NTF4;SYK;TNFSF15;CSF1;SOCS1;TMBIM1;VEGFD;EPO;VEGFC;TNFSF13B;CTF1;IL23A;TGFBR3;SMAD7;STAP1;IL6R;TRIP6;CISH;TGFB2;CDH5;RASL11B;TGFBR3L;SOCS3;CXCL16;CKLF;SMAD3;IL11;NTF3"
"GOMF_DNA_BINDING_TRANSCRIPTION_ACTIVATOR_ACTIVITY",0.000158002844051193,0.0198517481627589,0.423981330501539,1.53534075855204,0,427,"ZFY;ERG;TWIST1;TFAP2D;HOXA9;SRY;SOX10;FEV;TCF21;FOXC1;BARHL1;FOXD2;WT1;TFAP2B;MEOX1;MYOD1;PRRX1;MYOG;FOXA2;TBX3;ALX1;MSX1;GATA3;GLIS1;LMX1A;ALX4;TBX5;EPAS1;PTF1A;SIX2;HAND2;FLI1;ETS1;GATA2;HOXB7;FOXC2;FOXL2;PITX3;FOXR1;NFATC2;HAND1;ASCL2;PPARG;FOXD1;HOXD8;PITX1;ELK3;HOXC10;FOXF2;TLX2;HOXA7;RUNX2;CEBPD;POU4F3;GATA1;MEF2B;NR3C1;NR4A2;GLIS3;FOXJ1;EN2;ELF4;MAF;ATOH1;MEF2C;NFATC1;HEYL;NFIA;SPI1;POU2F3;ETV2;MAFB;GATA4;NFIB;POU4F2;CSRNP1;GRHL3;TFAP2A;GRHL2;RFX6;LITAF;FOXO1;TP73;CREB3L2;NKX2-5;STAT6;NR1H4;HOXB3;HOXA5;NFIC;MEOX2;JUN;RAX;ELF1;GFI1B;BHLHA15;HOXB5;SIX5;TFAP2C;FOXA1;TLX1;SMAD3;IRF3;GLI1;POU4F1"
"GOMF_EXTRACELLULAR_MATRIX_BINDING",0.000177556818181818,0.0198517481627589,0.690499646441136,1.99987020351446,0,59,"TGFBI;LGALS1;BGN;FBLN2;OLFML2A;DCN;CD248;ADGRG6;LRRC15;DMP1;ADAMTS15;ITGB3;OLFML2B;LTBP2;ADAMTSL5;COL11A1;SPP1;ELN;NID1;THBS1;SMOC2;ADAMTS5;LGALS3;SSC5D;ITGAV;CCN1;PLEKHA2;RPSA2;ITGB1;VWA1;TNXB;VTN"
"GOMF_EXTRACELLULAR_MATRIX_STRUCTURAL_CONSTITUENT",0.000168719419605197,0.0198517481627589,0.646811302790045,2.1553943256838,0,168,"MGP;COL6A3;OGN;TGFBI;COL3A1;COL1A2;POSTN;COL5A2;LAMA4;BGN;COL23A1;LUM;IGFBP7;NID2;COL21A1;PRG4;COL1A1;ENAM;SRPX2;FBLN2;HMCN1;EMILIN1;MFAP4;FN1;LAMA2;COL9A3;ASPN;COL6A2;LAMC3;COL19A1;COL5A1;DCN;COL10A1;ESM1;COL8A2;ACAN;LTBP2;DSPP;FBN1;LAMB1;COL14A1;FBLN5;COL12A1;COL6A6;PCOLCE;HAPLN1;MXRA5;COL11A1;COL4A4;ELN;EMILIN2;COL4A1;NID1;THBS1;PODN;SPARC;NPNT;COL5A3;TNC;COL18A1;EFEMP2;FBN2;COL16A1;OPTC;COL25A1;MFAP2;COL4A2;TFPI2;COL9A2;COL27A1;LAMC1;COL11A2;MATN2;BMPER;COL8A1;LAMB4;LAMB2;HSPG2;AEBP1;COL13A1;MFGE8;COMP;LAMA1;CD4;COL2A1;EMILIN3;EFEMP1;CCN1;FBLN1"
"GOMF_EXTRACELLULAR_MATRIX_STRUCTURAL_CONSTITUENT_CONFERRING_TENSILE_STRENGTH",0.000180277627546421,0.0198517481627589,0.778115789524269,2.11771796878494,0,41,"COL6A3;COL3A1;COL1A2;COL5A2;COL23A1;COL21A1;COL1A1;COL9A3;COL6A2;COL19A1;COL5A1;COL10A1;COL8A2;COL14A1;COL12A1;COL6A6;COL11A1;COL4A4;COL4A1;COL5A3;COL18A1;COL16A1;COL25A1;COL4A2;COL9A2;COL27A1;COL11A2;COL8A1;COL13A1;COL2A1"
"GOMF_GLYCOSAMINOGLYCAN_BINDING",0.000167028561884082,0.0198517481627589,0.520441535592637,1.76494583567573,0,198,"CXCL6;SELL;CXCL8;LYVE1;POSTN;CFH;F11;CCN4;BGN;COL23A1;TGFBR2;SOST;TNFAIP6;CEMIP;FN1;TREM2;ENG;LPL;COL5A1;PLA2G2D;DCN;ECM2;STAB2;SOD3;CXCL13;ADAMTS1;ACAN;ADAMTS15;CCDC80;LTBP2;ADAMTSL5;FBN1;RSPO2;PCOLCE;HAPLN1;CCN2;BMP4;LAYN;PTPRC;LGR6;LIPH;THBS1;RSPO3;SMOC2;COL5A3;HABP2;FSTL1;CCN3;RSPO1;EFEMP2;VIT;PTN;ADAMTS5;TLR2;EVA1C;APOE;COL25A1;TNFRSF11B;NRP2;HAPLN3;TGFBR3;SERPINA5;ADAMTS3;NOD1;COL13A1;BMP7;SLIT3;COMP;LXN;SERPINC1;ADAMTS8;TGFBR3L;CCN1;PCSK6;CRISPLD2;FGFR2;PCOLCE2;COLQ;MDK;GPNMB;MPIG6B;F2;TNXB;SUSD5;VTN;NOD2;EGFLAM;HYAL2"
"GOMF_GROWTH_FACTOR_BINDING",0.000172830971310059,0.0198517481627589,0.540492304892382,1.74173071214566,0,128,"OSMR;COL3A1;COL1A2;IGFBP7;ERBB3;TGFBR2;COL1A1;SRPX2;PDGFRA;ENG;IL2RB;COL5A1;PDGFRB;CXCL13;FLT1;ITGB3;LTBP2;IGFBP5;VASN;IL1R1;CCN2;COL4A1;THBS1;PDGFB;ACVRL1;IGFBP3;GHR;LRRC32;RHBDF1;IGFBP4;HTRA1;KAZALD1;NRP2;TGFBR3;IL6R;LTBP3;ITGAV;IL9R;IGFBP6;EPHA7;COL2A1;IGFBP2;TGFBR3L;CCN1;EPHA2;PCSK6;EGFR;FGFR2;CD36;NKD2;IL11RA;HYAL2;TSKU;FURIN;RPS19"
"GOMF_HEPARIN_BINDING",0.000170590242238144,0.0198517481627589,0.512382538744511,1.67594685408554,0,144,"CXCL6;SELL;CXCL8;POSTN;CFH;F11;CCN4;COL23A1;SOST;FN1;LPL;COL5A1;PLA2G2D;ECM2;SOD3;CXCL13;ADAMTS1;ADAMTS15;CCDC80;LTBP2;ADAMTSL5;FBN1;RSPO2;PCOLCE;CCN2;BMP4;PTPRC;LGR6;LIPH;THBS1;RSPO3;SMOC2;COL5A3;FSTL1;CCN3;RSPO1;EFEMP2;PTN;ADAMTS5;EVA1C;APOE;COL25A1;NRP2;TGFBR3;SERPINA5;ADAMTS3;COL13A1;BMP7;SLIT3;COMP;LXN;SERPINC1;ADAMTS8;CCN1;PCSK6;CRISPLD2;FGFR2;PCOLCE2;COLQ;MDK;GPNMB;MPIG6B;F2;TNXB;VTN"
"GOMF_INTEGRIN_BINDING",0.000170590242238144,0.0198517481627589,0.562842442974279,1.84099564352821,0,144,"IGF1;TGFBI;COL3A1;ICAM4;ITGB6;CCN4;TNN;FAP;ITGA4;MMP14;EMILIN1;FN1;IGF2;COL5A1;ECM2;ESM1;DMP1;ITGB3;SVEP1;FBN1;LAMB1;FBLN5;ICAM2;CCN2;SPP1;CXCL12;THBS1;NPNT;ITGA9;ITGA5;SYK;TNC;CCN3;ACTN3;COL16A1;TLN1;SFRP2;S1PR3;PTN;ADAMTS5;ITGB5;LAMB2;HSPG2;ITGAV;SLC6A4;EGFL6;ICAM1;MFGE8;COMP;CD226;ADAMTS8;CCN1;GFRA1;FBLN1;MYH9;LYN;PLPP3;GPNMB;ITGB1;ACTN1;TNXB;VTN;P4HB"
"GOMF_MOLECULAR_FUNCTION_ACTIVATOR_ACTIVITY",0.000141302811925957,0.0198517481627589,0.340362750004578,1.3006625307828,0,1099,"TBC1D3;CXCL6;CMTM5;TBC1D3H;IL33;IGF1;APOA4;SEMA3G;NPY;OGN;DAND5;CXCL8;RGCC;CDC20B;GDF10;TAFA3;CXCL1;ICAM4;WNT11;EPGN;LTB;CCL20;LGALS1;INHBA;RAET1G;WNT3A;CXCL2;GHRL;IGFBP7;ERBB3;TGFBR2;WNT1;STARD8;TAC4;CD80;AREG;CCL26;CGB2;EBI3;BMP5;GDF7;FAM3B;PECAM1;PDGFRA;FN1;IFNA21;AHSA2P;TREM2;IGF2;IL1A;ENG;WNT2;PLEK;MAL;FGF5;TTR;MSMP;PDGFRB;ASIP;MIA;CXCL13;LRRK2;TNFSF11;HGF;CCL2;GDF5;ARHGAP31;CD72;ALDH1A1;WNT6;CXCL3;ITGA1;HFE;EDN2;RASGRP3;FLRT2;WNT8B;FBN1;LAMB1;LRCOL1;ICAM2;GPRC5A;IGFBP5;PCOLCE;GREM1;TBC1D3D;PENK;ARHGAP10;SPP1;ARHGAP40;ARHGDIB;CRIPTO3;IL19;SPX;ADM;SEMA3B;BMP4;TNFSF18;CXCL12;WNT2B;ARHGAP29;ALKAL2;DKK1;NCF2;RIN3;EDN1;IL17C;GDF6;ARHGAP20;TAC3;TGFB1;CXCL14;TNFSF13;NGF;NTF4;PDGFB;EDN3;IGFBP3;GHR;CGB7;ABCC9;ENDOU;NLRC4;TNFSF15;CCK;AFAP1L2;CCN3;FLT3LG;BMP2;WNT5A;IL16;HTRA1;KAZALD1;CSF1;FBN2;INHA;SFRP2;MICA;FXYD2;AGT;CDKN1A;CAV1;PTN;ALOX5AP;ALKAL1;ARHGAP42;VEGFD;APOE;PDGFC;EPO;COLEC10;RGS5;TNFRSF11B;VEGFC;TNFSF13B;OSGIN1;CTF1;DLC1;CTSC;HSPB2;BMP1;IL23A;LAMC1;HLA-E;ITPRIPL1;LTK;STAP1;CACNA1S;STARD13;NOD1;ANGPT1;ACAP1;RGS18;LGALS3;BMP6;TGFB2;BMP7;SYDE1;APOA1;ICAM1;EPHA7;GPRC5C;LAMA1;WNT10A;CCND1;STK3;NPPB;ARHGAP6;EFEMP1;PREX1;JUN;PDGFD;EPHA2;ARAP3;PLAU;FBLN1;WNT9B;TGFA;MTCP1;ARHGAP28;CXCL16;SEMA3F;STC2;EGFR;GMFG;WNT10B;NPFF;DOCK1;CKLF;IL11;LYN;NTF3;CARTPT;ARAP1;SEMA3A;WNT4;PCOLCE2;INHBB;IL12A;MDK;GPNMB;SCT;PROK1;SIPA1;DNAJC1;JAG1;PDE8A;CLEC2D;LIF;MOB3C;TNFSF4;GRN;F2;NCKAP1L;ICOSLG;CXCL5;DOCK5"
"GOMF_PROTEIN_CONTAINING_COMPLEX_BINDING",0.000139178844815588,0.0198517481627589,0.353567307245624,1.35727475823192,0,1217,"UBD;IGF1;ERMN;FCMR;ANXA8;CDC20B;TGFBI;COL3A1;ICAM4;ITGB6;INHBA;CCN4;COLEC12;TNN;LUM;NID2;H3C3;TGFBR2;MYH4;FAP;PPP1R42;ITGA4;RS1;TRPV4;GUCY2F;TSSK1B;CRYAB;SIX2;DDR2;MMP14;EMILIN1;PDGFRA;ITGAL;FN1;IFNA21;TREM2;IGF2;CD3E;COL6A2;ENG;LPL;TTR;COL5A1;ECM2;ADGRG6;GNAT1;STAB2;ESM1;LRRC15;H1-3;RCSD1;LRRK2;DMP1;CCBE1;ITGB3;SVEP1;LOX;ITGA1;DSPP;TNNC1;TPM2;FBN1;TULP1;LAMB1;COL14A1;FBLN5;ICAM2;ARPC1B;H3C12;PCOLCE;CCN2;SPP1;RNF135;SLFN12;AIF1;RAB32;TRPM3;CXCL12;PTPRC;HLA-DMB;NID1;ZFP36;MEGF10;THBS1;FCER1G;PODN;SPARC;NPNT;KRT19;DNAI3;FCGR2A;ITGA9;TGFB1;ITGA5;PDGFB;HES1;ACVRL1;ABCC9;H1-2;COL5A3;SYK;TNC;CCN3;SERPINH1;RRAS;ACTN3;HLA-DRB5;COL16A1;NTSR1;TLN1;INHA;SFRP2;H3C10;MAFB;CDKN1A;CAV1;S1PR3;GAS2L1;PTN;H3-5;ADAMTS5;PLS3;TLR2;APOE;LDLRAP1;GBP1;MFAP2;TAGLN2;TGFBR3;SMAD7;HLA-E;ITGB5;SAG;MRC2;B2M;PTX3;ITGA10;LAMB2;GSN;HSPG2;FLNC;NOD1;EIF5AL1;AEBP1;FCGRT;LGALS3;ITGAV;MYL4;ANXA11;SLC6A4;CNN1;EGFL6;APOA1;SLC26A5;ICAM1;MFGE8;COMP;CDH5;EPOP;CD226;TAPBPL;SLC6A3;CD4;SLFN5;CNN2;CCND1;LIMA1;RAB38;MYH14;ADAMTS8;AHR;CFAP73;CCN1;GFRA1;CFAP100;TPM1;FBLN1;MYH9;SCIN;FLNB;DNAAF8;P2RX1;EGFR;GMFG;VLDLR;CRTAP;PKNOX2;NEXN;SMAD3;LYN;FMNL3;FLNA;PLPP3;CD36;PCOLCE2;H1-4;TPM4;EPB41L2;MYO7B;DRD1;GPNMB;DAP;PLTP;P3H1;HEXB;ITGB1;MSR1;INCA1;HMGA2;MS4A2;ACTN1;MYH2;NCKAP1L;CAV2;CPS1;TNXB"
"GOMF_SIGNALING_RECEPTOR_BINDING",0.000137931034482759,0.0198517481627589,0.395285372886047,1.52148211964965,0,1294,"NLGN4Y;CXCL6;CMTM5;OSMR;IL33;IGF1;SEMA3G;NPY;OGN;DAND5;CXCL8;CFC1B;GDF10;CLEC7A;TAFA3;CXCL1;TGFBI;COL3A1;ICAM4;APOC3;S100B;CX3CR1;WNT11;ITGB6;EPGN;LTB;CCL20;LGALS1;INHBA;CCN4;LAMA4;RAET1G;PLAT;WNT3A;TCIM;TNN;CYTL1;CXCL2;GHRL;IGFBP7;GPR17;ITPRID1;TLR10;BANK1;MBL2;ERBB3;TGFBR2;TYROBP;GATA3;FAP;MRAP;WNT1;BLK;ITGA4;TAC4;CD80;AREG;CCL26;CGB2;AVPR1A;SRPX2;EBI3;CLIC6;BMP5;GDF7;FAM3B;DAB2;MMP14;EMILIN1;PECAM1;BAMBI;PDGFRA;FN1;LAMA2;MAG;IFNA21;FPR1;CD8B;TREM2;IGF2;IL1A;CD3E;ENG;LPL;WNT2;FGF5;TTR;COL5A1;ECM2;MSMP;GNAT1;ANXA1;PDGFRB;ASIP;RHEX;MIA;ESM1;CXCL13;FYB1;SMAD6;DKKL1;DMP1;TNFSF11;HGF;CCL2;P2RX7;GDF5;CD72;ITGB3;SVEP1;WNT6;CXCL3;ITGA1;HFE;EDN2;HBA1;FLRT2;ANGPTL6;WNT8B;FBN1;PLA2G2C;TGFB1I1;LAMB1;FBLN5;ICAM2;IGFBP5;RSPO2;IL1R1;GREM1;TIGIT;RAPSN;DKK2;CCN2;PENK;SPP1;RNF135;ADAM28;CRIPTO3;IL19;SPX;ADM;SEMA3B;BMP4;AGTR2;PLAUR;TNFSF18;DHH;CXCL12;PTPRC;WNT2B;LGR6;CCRL2;WIF1;ADRB1;ALKAL2;MEGF10;THBS1;DKK1;AMN;IL17RC;EGFL8;EDN1;IL17C;NPNT;GDF6;RSPO3;TAC3;ITGA9;TGFB1;RARRES2;CXCL14;TNFSF13;NGF;EDNRB;ITGA5;NTF4;PDGFB;EDN3;AGTR1;CGB7;ENDOU;TLR4;PRTN3;SYK;TNFSF15;CCK;TNC;TESPA1;CCN3;FLT3LG;BMP2;RSPO1;IGFBP4;WNT5A;SNED1;IL16;KAZALD1;ACTN3;CSF1;FBN2;COL16A1;TLN1;NOTCH2NLA;SOCS1;INHA;SFRP2;MICA;TMBIM1;AGT;BTN1A1;CAV1;S1PR3;PTN;ADAMTS5;TLR2;PTGER1;ALKAL1;VEGFD;APOE;IL17RA;PDGFC;EPO;COLEC10;LDLRAP1;TNFRSF11B;VEGFC;TNFSF13B;OSGIN1;CTF1;LRP4;BMP1;IL23A;LAMC1;TGFBR3;SMAD7;HLA-E;ITGB5;ITPRIPL1;SAG;STAP1;BLNK;LAMB2;IL6R;HSPG2;ANGPT1;TRIP6;NOTCH2NLB;BTN3A2;LGALS3;BMP6;CISH;FLRT1;TGFB2;ITGAV;IGFBP6;SLC6A4;SYTL1;BMP7;EGFL6;APOA1;ICAM1;EPHA7;MFGE8;SLIT3;COMP;CDH5;CD226;SLC6A3;ERBB4;LAMA1;RASL11B;CD4;WNT10A;FZD1;NPPB;COL2A1;ADAMTS8;NXPH3;BTN2A3P;IGFBP2;TGFBR3L;EFEMP1;CCN1;PDGFD;GFRA1;PLAU;FBLN1;WNT9B;TGFA;MYH9;SOCS3;LYPD1;SYTL2;CXCL16;SEMA3F;STC2;GMFG;WNT10B;NPFF;CD58;CKLF;SMAD3;IL11;LYN;PTPN14;NTF3;CARTPT;RIT2;ARAP1;FLNA;PLPP3;UNC93B1;CD36;SEMA3A;WNT4;TMED1;AQP1;INHBB;IRS1;IL12A;MDK;GPNMB;SCT;PROK1;EGFL7;JAG1;ITGB1;RNF43;CLEC2D;LIF"
"GOMF_SIGNALING_RECEPTOR_REGULATOR_ACTIVITY",0.000157952930026852,0.0198517481627589,0.426373559525522,1.55143250785873,0,471,"CXCL6;CMTM5;IL33;IGF1;SEMA3G;NPY;OGN;DAND5;CXCL8;GDF10;TAFA3;CXCL1;ICAM4;WNT11;EPGN;LTB;CCL20;LGALS1;INHBA;RAET1G;WNT3A;CXCL2;GHRL;IGFBP7;CLEC12B;MRAP;WNT1;TAC4;CD80;AREG;CCL26;CGB2;EBI3;BMP5;GDF7;FAM3B;PECAM1;FN1;IFNA21;IGF2;IL1A;ENG;WNT2;FGF5;TTR;MSMP;ASIP;MIA;CXCL13;DKKL1;TNFSF11;HGF;CCL2;GDF5;CD72;LY6G6D;WNT6;CXCL3;EDN2;FLRT2;WNT8B;FBN1;LAMB1;ICAM2;IGFBP5;LYPD6B;GREM1;DKK2;PENK;SPP1;CRIPTO3;IL19;SPX;ADM;SEMA3B;BMP4;AGTR2;CBLN1;TNFSF18;CXCL12;WNT2B;ALKAL2;DKK1;EDN1;IL17C;GDF6;TAC3;TGFB1;CXCL14;TNFSF13;NGF;NTF4;PDGFB;EDN3;CGB7;ENDOU;TNFSF15;CCK;PTPRB;CCN3;FLT3LG;BMP2;WNT5A;IL16;KAZALD1;CSF1;FBN2;INHA;SFRP2;MICA;AGT;PTN;ALKAL1;VEGFD;APOE;PDGFC;EPO;COLEC10;TNFRSF11B;VEGFC;TNFSF13B;OSGIN1;CTF1;BMP1;IL23A;LAMC1;HLA-E;ITPRIPL1;LYPD6;ANGPT1;LGALS3;BMP6;TGFB2;BMP7;APOA1;ICAM1;EPHA7;LAMA1;WNT10A;NPPB;EFEMP1;PDGFD;PLAU;WNT9B;TGFA;GRID2;LYPD1;CXCL16;SEMA3F;STC2;GMFG;WNT10B;NPFF;CKLF;IL11;LYN;NTF3;CARTPT;SEMA3A;WNT4;INHBB;IL12A;MDK;GPNMB;SCT;PROK1;JAG1;CLEC2D;LIF;TNFSF4;GRN;F2;ICOSLG;CXCL5"
"GOMF_SMAD_BINDING",0.000175963399612881,0.0198517481627589,0.622954335585292,1.88425467703548,0,79,"USP9Y;RGCC;COL3A1;COL1A2;COL5A2;TGFBR2;DAB2;SMAD6;PPARG;TGFB1I1;LDLRAD4;ACVRL1;PMEPA1;GATA4;TGFBR3;SMAD7;ANKRD1;JUN;AXIN2;SMAD9;SMAD3;FLNA;HMGA2;ZEB2"
"GOMF_STRUCTURAL_MOLECULE_ACTIVITY",0.000150127608467197,0.0198517481627589,0.436971080710418,1.63245465485782,0,722,"H2AC19;RPS4Y1;CRYGC;MGP;MYOT;COL6A3;ACTBL2;OGN;CLDN14;CLDN20;TGFBI;COL3A1;COL1A2;H2AC16;POSTN;CRYBA2;COL5A2;MPZ;LAMA4;BGN;COL23A1;LUM;POTEF;IGFBP7;NID2;COL21A1;H3C3;PRG4;CRYAA;COL1A1;ACTG2;ENAM;SRPX2;FBLN2;HMCN1;CRYBB1;CRYAB;EMILIN1;MFAP4;FN1;LAMA2;COL9A3;H4C12;ASPN;KRT32;COL6A2;LAMC3;COL19A1;MAL;COL5A1;DCN;COL10A1;MYL3;KRT15;CRYGN;ESM1;CRYBA4;H1-3;MYL11;COL8A2;ACAN;H2BC3;SNTB1;LTBP2;MYL9;DSPP;TPM2;FBN1;LAMB1;COL14A1;FBLN5;COL12A1;CLDN16;ARPC1B;AHNAK;COL6A6;ACTA2;H3C12;PCOLCE;HAPLN1;RAPSN;ACTC1;MXRA5;COL11A1;LIM2;COL4A4;ELN;CLDN5;CAPN3;RPLP0P6;CRYBB3;ACTL10;EMILIN2;COL4A1;KRT6B;NID1;POTEI;THBS1;PODN;H2BC13;SPARC;NPNT;KRT19;CRYGD;H1-2;COL5A3;TNC;PLP1;KRT18;CRYBA1;PLLP;COL18A1;EFEMP2;ACTN3;FBN2;CRYGS;COL16A1;TLN1;H3C10;OPTC;H3-5;PLS3;H2BC12;APOE;COL25A1;H2AC15;MFAP2;COL4A2;TFPI2;TUBB6;COL9A2;COL27A1;KRT80;HSPB2;LAMC1;COL11A2;MATN2;BMPER;H4C14;COL8A1;H2AJ;B2M;LAMB4;LAMB2;H2AC17;HSPG2;PGM5;AEBP1;H2BC9;COL13A1;MFGE8;COMP;H2AC12;LAMA1;CD4;COL2A1;EMILIN3;MIP;EFEMP1;CSRP1;PDLIM3;CCN1;H4C9;TPM1;FBLN1;CLDN1;VCL;SRPX;NEXN;SORBS3;RPSA2;BFSP2;CLDN11;NTN5;DSP;H1-4;TPM4;H2AC4;EPB41L2;MATN3;COLQ;JAG1;H2AC8;RPL9;COL9A1;POM121B;ACTN1;SSPOP;CLDN4;VWA1;TNXB;LMNA;VIM;VTN;MARVELD1;RPS12;RPL27;VCAN;MUC5B;TUBA1C;RPLP1;KRT17;COL22A1;TTN;RPS19;RPS25;RPL31;RPL27A;PKP1;CENPA;CSRP2;H2AC20;HAPLN4;RPL30;CLDN9;RPL39L;RPS9;POTEE;RPS14;FRAS1;BGLAP;MRPL33;CLDN3;RPS27;SNTA1;RPL41;RPL22;H2BC6;SEC31B;RPS24;RPS10;COL4A5;MRPS18A;NUP35;RPL24;SMTN;COL15A1;RPL23A;CTNNA1;RPL35A;MYL6;RPLP2;H2AC11;RPS11;RPL10;RPS27A;RPS3;RPL19;CHADL;RPS23;RPL37A;RPL21;COL4A6;RPS15A;MRPL51;SYNM;PXDN;RPL23;RPL34;RPS21;RPL3;RPL7A;RPS7;CRYBG3;PLEC;RPL26;RPL28;ADD3;NPHP1;CLDN19;H4C5;DMD;RPS18;RPL13A;RPS3A;RPS20;UBA52"
"GOMF_CCR5_CHEMOKINE_RECEPTOR_BINDING",0.000204373594931535,0.0212548538728796,-0.989948722719753,-1.63329571849237,0,4,"CCL5"
"GOMF_CELL_ADHESION_MOLECULE_BINDING",0.000305017538508464,0.0294385909734235,0.368136781268064,1.36523505206958,1,629,"NLGN4Y;IGF1;PCDH11Y;MYPN;TGFBI;COL3A1;ICAM4;PCDHB1;POSTN;ITGB6;S100A11;CCN4;TNN;H3C3;FAP;ITGA4;HMCN1;CDH19;MMP14;EMILIN1;ITGAL;FN1;IGF2;COL5A1;ECM2;ANXA1;ESM1;CNTN6;DMP1;ITGB3;SVEP1;ITGA1;TRIM29;FBN1;LAMB1;FBLN5;CDC42EP1;ICAM2;GPRC5A;VASN;AHNAK;H3C12;CCN2;SPP1;PCDHGB4;CXCL12;CDH11;THBS1;NPNT;ITGA9;PCDHA5;PCDH18;ITGA5;PHLDB2;SYK;TNC;PTPRB;KIRREL1;CCN3;PTPRT;KRT18;ACTN3;CALD1;COL16A1;TLN1;SFRP2;H3C10;CDH9;S1PR3;PTN;ADAMTS5;PARVA;TAGLN2;ITGB5;CDH6;ITGA10;LAMB2;PCDHGA8;HSPG2;CDH15;ITGAV;PCDHGB2;SLC6A4;EGFL6;PLIN3;ICAM1;MFGE8;COMP;CDH5;CD226;CD1D;ESAM;NIBAN2;CNN2;LIMA1;MIP;ADAMTS8;PCDH7;PCDHGB1;CCN1;GFRA1;EPHA2;FBLN1;VCL;MYH9;FLNB;EGFR;ANXA2;NTNG1;NEXN;LYN;RPSA2;FLNA;PLPP3;PCDHB8;DSP;CNTN5;GPNMB;ITGB1;ACTN1;PCDHGA11;TNXB;PCDHGA10;VTN;P4HB;NPHS1;WASF2;TES"
"GOMF_DNA_BINDING_TRANSCRIPTION_FACTOR_BINDING",0.000314514860827174,0.0294385909734235,0.389301627347694,1.41803536140375,1,477,"KDM5D;STING1;CD34;TWIST1;SRY;SOX10;TCF21;FOXC1;MYOD1;PRRX1;FOXA2;TBX3;GSC;SOST;GATA3;TBX5;RARG;EPAS1;ID3;GATA6;HAND2;ETS1;GATA2;FOXL2;HAND1;ASCL2;PPARG;PITX1;TGFB1I1;ATOH8;CDKN2A;TBX2;HOXA7;RUNX2;GATA1;NR4A2;EN2;MEF2C;HES1;NFATC1;NFIA;PTPRT;SPI1;PBXIP1;ID2;GATA4;HSPB1;IFI27;ANKRD1;TEAD3;TRIP6;GRHL2;DACT1;HEY1;H2BC9;TP73;NKX2-5;NR1H4;AHR;ANXA4;JUN;MDFIC;GFI1B;NOTCH2;ZFPM2;SMAD3;BCL6;FLNA;SIK1;POU4F1"
"GOMF_SULFUR_COMPOUND_BINDING",0.000494641384995878,0.0440937463196326,0.434361497326257,1.50076342434656,2,242,"CXCL6;CD34;SELL;CXCL8;POSTN;CFH;F11;CCN4;COL23A1;SOST;GSTM1;FN1;LPL;COL5A1;PLA2G2D;ECM2;SOD3;CXCL13;ADAMTS1;ADAMTS15;CCDC80;LTBP2;ADAMTSL5;FBN1;RSPO2;PCOLCE;CCN2;BMP4;PTPRC;LGR6;LIPH;THBS1;RSPO3;SMOC2;COL5A3;FSTL1;CCN3;RSPO1;EFEMP2;PTN;ADAMTS5;EVA1C;APOE;COL25A1;TNFRSF11B;NRP2;TGFBR3;SERPINA5;ADAMTS3;COL13A1;BMP7;SLIT3;COMP;LXN;SERPINC1;ADAMTS8;CCN1;FABP1;PCSK6;SULT1A3;CRISPLD2;P2RX1;SULT1A1;FGFR2;PCOLCE2;COLQ;MDK;GPNMB;MPIG6B;F2;TNXB;VTN"
"GOMF_HISTONE_H3K4_DEMETHYLASE_ACTIVITY",0.000570017100513015,0.0463944353113202,0.903772457570286,1.73703088626349,2,8,"KDM5D;KDM5A;RIOX2"
"GOMF_STRUCTURAL_CONSTITUENT_OF_EYE_LENS",0.000553607676693117,0.0463944353113202,0.778800779361783,1.85570698397995,2,21,"CRYGC;CRYBA2;CRYAA;CRYBB1;CRYAB;CRYGN;CRYBA4;LIM2;CRYBB3;CRYGD;CRYBA1;CRYGS;HSPB2;MIP;BFSP2;VIM"
"GOMF_PEPTIDASE_ACTIVITY",0.000625488663017983,0.0477855775366943,0.378752013273728,1.38541970662241,3,508,"USP9Y;CFI;PGA4;GGT5;ADGB;FOLH1B;GGTLC3;CLCA2;TMPRSS15;MEP1A;CIROP;F11;PLAT;OVCH2;PRSS56;FAP;XPNPEP2;CASP4;MMP14;PRSS12;ADAM18;ADGRG6;RBP3;CORIN;TMPRSS11D;ADAMTS1;KLK10;PSMB8;CPA1;ADAMTS15;HGF;AMZ1;ADAMTS4;BACE2;USP53;CAPN9;PGA5;PROZ;ADAM28;PRSS51;TMPRSS7;CPZ;CPB1;CAPN3;CPA4;DHH;PSMB9;MME;TMPRSS13;MINDY4B;CPQ;TGM2;MMP2;CAPN11;ADAMTS12;ENDOU;PRTN3;HABP2;RHBDF1;HTRA1;CPM;TRABD2B;ADAMTS5;CNDP1;CTSC;ADAMTS6;CAPN8;BMP1;ADAMTS16;FAM111A;TLL1;AGBL1;PRRG4;ADAMTS3;CAPN14;C1S;ADAMTS18;PRSS33;AEBP1;JOSD2;ADAM29;HTRA3;ADAMTS9;ADAMTS8;KEL;TPSG1;PCSK6;PLAU;ADAMTS14;CTSO;IMMP2L;MMP3;ADAM20;TRABD2A;TMPRSS9;CASP7;PRRG3;MMP19;ADAMTS7;TMPRSS4;F2;TNFAIP3;ADAMTS2;CPS1;ERAP2;SCPEP1;CTSZ;ACE2;CASP8;CASP6;CTSS;PRSS36;PLBD1;FURIN;PRRG2;CTSK;PCSK9;UNC5CL;NAALADL1;CPXM1;MMP16;NAPSA;NAALAD2;ADAM9;PCSK5;PRSS23;MMP15;USP21;XPNPEP3;PIK3IP1;TPP1;CTSL;CTSH;ADAM19;CTSA;OTUD7B;NPEPPSP1;GGH"
"GOMF_RNA_POLYMERASE_II_SPECIFIC_DNA_BINDING_TRANSCRIPTION_FACTOR_BINDING",0.000638162093171666,0.0477855775366943,0.407008386187827,1.45112021689583,3,345,"KDM5D;STING1;CD34;TCF21;FOXC1;MYOD1;PRRX1;FOXA2;TBX3;GSC;GATA3;TBX5;RARG;EPAS1;GATA6;HAND2;ETS1;GATA2;FOXL2;HAND1;PPARG;PITX1;TGFB1I1;CDKN2A;GATA1;NR4A2;EN2;MEF2C;HES1;NFATC1;PTPRT;SPI1;ID2;GATA4;HSPB1;IFI27;ANKRD1;TEAD3;TRIP6;DACT1;HEY1;H2BC9;TP73;NKX2-5;NR1H4;AHR;ANXA4;JUN;MDFIC;GFI1B;NOTCH2;ZFPM2"
"GOMF_STRUCTURAL_CONSTITUENT_OF_RIBOSOME",0.000849617672047579,0.0611724723874257,0.454099205970262,1.50514425123929,4,162,"RPS4Y1;RPLP0P6;RPSA2;RPL9;RPS12;RPL27;RPLP1;RPS19;RPS25;RPL31;RPL27A;RPL30;RPL39L;RPS9;RPS14;MRPL33;RPS27;RPL41;RPL22;RPS24;RPS10;MRPS18A;RPL24;RPL23A;RPL35A;RPLP2;RPS11;RPL10;RPS27A;RPS3;RPL19;RPS23;RPL37A;RPL21;RPS15A;MRPL51;RPL23;RPL34;RPS21;RPL3;RPL7A;RPS7;RPL26;RPL28;RPS18;RPL13A;RPS3A;RPS20;UBA52;RPS26;RPS6;RPL37;RPS16;RPS29;RPL18;RPL15;RPL11;RPL7;RPS17;RPL14;RPLP0;MRPL54;MRPL28;RPS15;RPS8;RPL39;RPL10A;RPS13;RPL13;RPL38;GADD45GIP1;RPL29;MRPL17;RPL36AL;RPL5;RPL8;RPL26L1;RPS5;RPL6;MRPL10;RPL4;RPL36;MRPL52;RPL35;MRPS7;MRPL49;RPS2;RPL17;MRPL45;FAU;RPL12;RPL18A;RPS27L;MRPS12;MRPS18B;MRPL55;MRPL16;MRPL24;MRPL36"
"GOMF_G_PROTEIN_COUPLED_RECEPTOR_BINDING",0.000993377483443709,0.0641242292760904,0.422787825272229,1.45424630530212,5,231,"CXCL6;NPY;CXCL8;CXCL1;CX3CR1;WNT11;CCL20;WNT3A;CXCL2;GHRL;MRAP;WNT1;TAC4;CCL26;AVPR1A;CLIC6;BAMBI;FPR1;WNT2;MSMP;GNAT1;ASIP;CXCL13;CCL2;WNT6;CXCL3;EDN2;HBA1;WNT8B;PENK;SPX;ADM;CXCL12;WNT2B;CCRL2;ADRB1;EDN1;RSPO3;TAC3;CXCL14;EDNRB;EDN3;AGTR1;RSPO1;WNT5A;AGT;PTGER1"
"GOMF_HISTONE_H3K4ME_H3K4ME2_H3K4ME3_DEMETHYLASE_ACTIVITY",0.000965064659332175,0.0641242292760904,0.948993217490562,1.63687284947752,4,5,"KDM5D;KDM5A"
"GOMF_PLATELET_DERIVED_GROWTH_FACTOR_BINDING",0.000952562392836731,0.0641242292760904,0.853045381678961,1.75957895717443,4,11,"COL3A1;COL1A2;COL1A1;PDGFRA;COL5A1;PDGFRB;COL4A1;PDGFB;COL2A1"
"GOMF_ALKALINE_PHOSPHATASE_ACTIVITY",0.00124455507156192,0.0768842628991187,-0.950691468928963,-1.63709706776176,5,5,"ALPG;ALPP"
"GOMF_PROTEIN_DEMETHYLASE_ACTIVITY",0.00127319025100036,0.0768842628991187,0.668024365278404,1.7530886639712,6,34,"KDM5D;UTY;KDM5A"
"GOMF_GLUTATHIONE_HYDROLASE_ACTIVITY",0.00137013114112351,0.0801526717557252,0.96052909486845,1.57214973487728,6,4,"GGT5;GGTLC3;GGT1"
"GOMF_DEMETHYLASE_ACTIVITY",0.00143859018162201,0.0809986370421652,0.61307043061716,1.69388830474544,7,45,"KDM5D;UTY;CYP1A1"
"GOMF_FIBRONECTIN_BINDING",0.00147112909157779,0.0809986370421652,0.720631029800844,1.80767337384964,7,27,"TNFAIP6;ITGA4;LRRC15;CCDC80;ITGB3;IGFBP5;THBS1;MMP2;IGFBP3;SFRP2;MFAP2;SSC5D;ITGAV;IGFBP6;LOXL3;SDC4;FBLN1;PLEKHA2;ITGB1;CTSS;CTSK;CTSL"
"GOMF_ENDOPEPTIDASE_ACTIVITY",0.00159744408945687,0.0854404381560931,0.38954285326468,1.3818605767554,9,325,"CFI;PGA4;ADGB;CLCA2;TMPRSS15;MEP1A;CIROP;F11;PLAT;OVCH2;PRSS56;FAP;CASP4;MMP14;PRSS12;ADAM18;ADGRG6;CORIN;TMPRSS11D;ADAMTS1;KLK10;PSMB8;ADAMTS15;HGF;ADAMTS4;BACE2;CAPN9;PGA5;PROZ;ADAM28;PRSS51;TMPRSS7;CAPN3;PSMB9;MME;TMPRSS13;MMP2;CAPN11;ADAMTS12;PRTN3;HABP2;RHBDF1;HTRA1;TRABD2B;ADAMTS5;CTSC;ADAMTS6;CAPN8;BMP1;ADAMTS16;TLL1;PRRG4;ADAMTS3;CAPN14;C1S;ADAMTS18;PRSS33;ADAM29;HTRA3;ADAMTS9;ADAMTS8;KEL;TPSG1;PCSK6;PLAU;ADAMTS14;CTSO;IMMP2L;MMP3;ADAM20;TRABD2A;TMPRSS9;CASP7;PRRG3;MMP19;ADAMTS7;TMPRSS4;F2;ADAMTS2;CPS1;ERAP2;CTSZ;ACE2;CASP8;CASP6;CTSS;PRSS36;FURIN;PRRG2;CTSK;PCSK9;MMP16;NAPSA;ADAM9;PCSK5;PRSS23;MMP15;PIK3IP1;TPP1;CTSL;CTSH;ADAM19"
"GOMF_E_BOX_BINDING",0.00177179305457123,0.0921332388377038,0.579065180678815,1.6685428877042,9,57,"TWIST1;TCF21;MYOD1;MYOG;SNAI2;GATA3;PTF1A;HAND2;SNAI1;ASCL2;PPARG;ATOH8;ATOH1;HES1;OLIG3"
"GOMF_THREONINE_TYPE_PEPTIDASE_ACTIVITY",0.00189537528430629,0.0958957441140914,0.808533572964123,1.73287074801443,9,13,"GGT5;GGTLC3;PSMB8;PSMB9"
"GOMF_HISTONE_H3_DEMETHYLASE_ACTIVITY",0.00202280250091946,0.0996496389926637,0.700310818216065,1.7567009567405,10,27,"KDM5D;UTY;KDM5A"
"GOMF_EXTRACELLULAR_MATRIX_CONSTITUENT_CONFERRING_ELASTICITY",0.00267379679144385,0.128342245989305,0.832108710437147,1.68084639233615,13,10,"FBLN2;EMILIN1;FBN1;FBLN5;ELN;EMILIN2;FBN2;LAMC1;EMILIN3"
"GOMF_CO_RECEPTOR_BINDING",0.00324427480916031,0.14004252303331,0.814876997323023,1.71427666561588,16,12,"WNT3A;LRRK2;DKKL1;HFE;DKK2;BMP4;DKK1;BMP2;WNT9B"
"GOMF_METALLOPEPTIDASE_ACTIVITY",0.00335965059633798,0.14004252303331,0.431647452953795,1.44207752193095,19,171,"FOLH1B;CLCA2;MEP1A;CIROP;XPNPEP2;MMP14;ADAM18;ADAMTS1;CPA1;ADAMTS15;AMZ1;ADAMTS4;ADAM28;CPZ;CPB1;CPA4;MME;CPQ;MMP2;ADAMTS12;CPM;TRABD2B;ADAMTS5;CNDP1;ADAMTS6;BMP1;ADAMTS16;TLL1;AGBL1;ADAMTS3;ADAMTS18;AEBP1;ADAM29;ADAMTS9;ADAMTS8;KEL;ADAMTS14;MMP3;ADAM20;TRABD2A;MMP19;ADAMTS7;ADAMTS2;ERAP2;ACE2;NAALADL1;CPXM1;MMP16;NAALAD2;ADAM9;MMP15;XPNPEP3;ADAM19;NPEPPSP1;PAPPA;ECE1;CPXM2;AOPEP;MMP21;ADAM7;ADAMTS19;MMP28;MIPEP;RNPEPL1;EIF3F;ECE2;ERAP1;KLK7"
"GOMF_MOLECULAR_TRANSDUCER_ACTIVITY",0.00311262026032824,0.14004252303331,0.323947984383075,1.23489301516227,21,1033,"OSMR;CD38;CHRNG;MYOT;NPY;CLEC1A;FCMR;TLR3;CLEC7A;ICOS;LYVE1;GPR132;OR9G1;OR2C1;CX3CR1;CD300E;PTGIR;CYSLTR1;EDNRA;CD69;NPR3;COLEC12;CXCR5;OR10AC1;ITGA8;GPR17;LY75;TLR10;OR51A4;GCGR;LRRC19;MBL2;ERBB3;TGFBR2;IL7R;IL22RA1;OR1B1;TNFRSF10C;ITGA4;CD80;TIE1;AVPR1A;CNR2;TRPV4;HRH4;SLAMF8;EBI3;GUCY2F;RARG;P2RY12;OR12D3;DDR2;PECAM1;PDGFRA;ITGAL;FPR1;CD8B;OR2A5;TREM2;OR2A12;GPR82;TAAR1;OR13J1;OR2L5;OR52W1;CD3E;ENG;ACKR2;FZD10;IL2RB;ADGRG6;PDGFRB;OR4F17;OR4F4;LRRC15;FLT1;FCRL4;NLRP6;OR2A1;GPR87;S1PR5;GPER1;PTH1R;P2RX7;CYSLTR2;PLA2R1;CD72;ITGB3;PPARG;ITGA1;CD200R1;CSPG4;GPR174;CD79B;OR2A7;GPRC5A;HAVCR2;NR3C2;VASN;IL1R1;TIGIT;OXER1;PTGER2;S1PR4;RARB;PEAR1;HRH1;CHRNB3;AGTR2;PLAUR;ADGRF5;NR3C1;IL31RA;ADGRA2;TRAC;MUSK;NR4A2;PTPRC;FOLR1;GPR25;IL1RAP;SPHK1;TRIL;LGR6;HCAR2;CCRL2;ADRB1;GPA33;CHRM1;FCER1G;PKHD1;IL17RC;STRA6;LPAR1;NR2F2;MAS1;IGSF6;FCGR2A;CD5;LPAR6;ITGA9;EDNRB;ITGA5;CLEC4M;ACVRL1;AGTR1;GHR;TAS2R42;PKHD1L1;ABCC9;LRRC32;TAS2R50;TLR4;EPHA6;TNFRSF19;OR2L3;MILR1;PTPRB;OR52N2;PTPRT;LRIG3;OR1L8;INSRR;GPR142;OR2I1;NTSR1;ANXA2R;OXGR1;TNFRSF11A;TNFRSF10D;BTN1A1;PLXND1;THBD;S1PR3;LILRB5;ACKR1;TLR2;PTGER1;FAS;IL17RA;TNFRSF11B;NRP2;UTS2R;OR8D4;ROR2;PTGER4;LRP4;TGFBR3;GPC6;CALCR;CMKLR2;LTK;MRC2;ROR1;CHAD;ITGA10;TRIM5;GPR157;RRBP1;IL6R;TMEM63A;NOD1;OR5AP2;OR51A7;TMIGD2;GPR37;GPR182;C3AR1;ITGAV;IL9R;CMKLR1;OR10K2;LRRC17;ICAM1;EPHA7;NR1H4;GPRC5C;PTPRR;KREMEN1;IL21R;CD226;ERBB4;CD4;IL18R1;GABRE;FZD1;ADGRL4;TAS2R19;AHR;NPY5R;TGFBR3L;EFEMP1;BTLA;CCR4;GFRA1;SDC4;EPHA2;GPR55;TSPAN12;GPR101;PLXNA4;ADGRF4;FZD6;NOTCH2;CRIM1;EPHB4;GRID2;P2RX1;AXL;PDE3A;RXRG;EGFR;VLDLR;LHCGR"
"GOMF_PLATELET_DERIVED_GROWTH_FACTOR_RECEPTOR_BINDING",0.00319009194970914,0.14004252303331,0.799047367215924,1.74403580014805,16,14,"PDGFRA;PDGFRB;ITGB3;IL1R1;ITGA5;PDGFB;VEGFD;PDGFC;PDGFD;LYN"
"GOMF_PROTEIN_SEQUESTERING_ACTIVITY",0.00336640680368533,0.14004252303331,0.566113001745651,1.6312219318597,18,57,"TMSB4Y;INHBA;LRRC15;SMAD6;TMC8;FRMD6;LAPTM5;MDFI;SPI1;PMEPA1;INHA;CDKN1A;CAV1"
"GOMF_TRANSCRIPTION_FACTOR_BINDING",0.00308451573103023,0.14004252303331,0.352419942298654,1.30074077013412,19,582,"KDM5D;STING1;CD34;TWIST1;SRY;SOX10;TCF21;FOXC1;MYOD1;PRRX1;FOXA2;TBX3;GSC;SOST;GATA3;TBX5;RARG;EPAS1;ID3;GATA6;HAND2;ETS1;GATA2;FOXL2;HAND1;ASCL2;PPARG;PITX1;TGFB1I1;FOXF2;ATOH8;NR3C2;CDKN2A;TBX2;HOXA7;RUNX2;GATA1;NR3C1;NR4A2;EN2;MEF2C;HES1;NFATC1;NFIA;PTPRT;SPI1;PBXIP1;ID2;GATA4;HSPB1;IFI27;ANKRD1;TEAD3;TRIP6;GRHL2;DACT1;HEY1;H2BC9;TP73;IFI16;NKX2-5;STAT6;NR1H4;AHR;ANXA4;JUN;MDFIC;GFI1B;NOTCH2;ZFPM2"
"GOMF_PROTEIN_DIMERIZATION_ACTIVITY",0.00354358610914245,0.144208547745971,0.323605940491104,1.23300591210538,24,1022,"H2AC19;STING1;TWIST1;APOA4;GBP4;LCT;TCF21;H2AC16;S100B;TFAP2B;FIBIN;MYOD1;S100A5;THRSP;MYOG;SOHLH1;S100A11;NPR3;TBX1;TBX18;GBP3;S100A1;ERBB3;H3C3;ALDH1A3;CRYM;TBX15;TYROBP;FAP;C16orf89;PRPH2;GSTM1;CRYAB;EPAS1;ID3;PTF1A;HAND2;PECAM1;PDGFRA;MAG;COL9A3;H4C12;ENG;LPL;PLEK;ROPN1B;ID1;LRRK2;PTH1R;HAND1;ASCL2;H2BC3;ASCL4;CFHR5;CIDEA;SMIM1;TNNC1;TPM2;TYRP1;FBLN5;ATOH8;H3C12;GREM1;TPD52L1;CHMP4C;TAL2;MEF2B;SIM2;WWTR1;NR4A2;MME;ADRB1;ACP3;THBS1;FCER1G;ATOH1;H2BC13;EXD1;NR2F2;CPQ;MEF2C;PDGFB;HES1;KCNK5;AGTR1;GHR;HPD;TLR4;NLRC4;SLC7A8;HEYL;PTPRT;ACADL;S100A16;EFEMP2;CSF1;HVCN1;ID2;OLIG3;H3C10;PTGS2;CAV1;ST13P4;H3-5;H2BC12;APOE;PDGFC;GBP1;H2AC15;KCNK13;COL9A2;ACOX2;LRP4;HSPB1;H4C14;ANO9;H2AJ;B2M;TRIM5;H2AC17;IL6R;NOD1;BMP6;TGFB2;HEY1;H2BC9;CYBA;CASQ2;NKX2-5;APOA1;SLC26A5;H2AC12;ERBB4;CD4;SLC4A1;COL2A1;ATP1A2;AHR;H4C9;TPM1;DPYD;MYH9;BHLHA15;MXD3;STC2;CENPW;SMAD3;IRF3;FLNA;FGFR2;GLIPR2;TPM4;H2AC4;INHBB;HSPB8;IL12A;H2AC8;ITGB1;COL9A1;HIF3A;ACTN1;HEY2;ZBTB7B;BAX;CAV2;VWA1;GLB1;P4HB;SYNDIG1;KCNN4;CER1;TRPC6;ATP2A1;KCNK17;ATF3;ITPR1;TIMM10;GDNF;BDKRB2;ADRA1B;EXT1;ZHX2"
"GOMF_SCAVENGER_RECEPTOR_ACTIVITY",0.00419401896425966,0.163740458015267,0.648910943832696,1.67241229523292,22,31,"COLEC12;PRG4;STAB2;SCARA5;CD6;CD163L1;MEGF10;ENDOU;CD163;SCARF2;SSC5D;ENPP2;CXCL16;CD36;MSR1;VTN;SSC4D;SCARA3"
"GOMF_STRUCTURAL_MOLECULE_ACTIVITY_CONFERRING_ELASTICITY",0.00419847328244275,0.163740458015267,0.805086534194896,1.69368022892512,21,12,"FBLN2;EMILIN1;FBN1;FBLN5;AHNAK;ELN;EMILIN2;FBN2;LAMC1;EMILIN3"
"GOMF_RRNA_BINDING",0.00442399575296408,0.16901469488875,0.529358474838301,1.5683024845716,24,69,"RPS4Y1;CAVIN1;RPLP0P6;RPL9;ANG;RPS9;RNASEL;MRPS18A;RPL23A;RPS11;RPS3;MAP3K20;RPL23;RPS18;RPL37;RPL11;RPLP0;RPS13;RPL5;RPL8;RPS5;MRPS7;NOL12;RPL12"
"GOMF_FRIZZLED_BINDING",0.00492880613362541,0.184534501642935,0.613766784329608,1.63453158103104,26,37,"WNT11;WNT3A;WNT1;BAMBI;WNT2;WNT6;WNT8B;WNT2B;RSPO3;WNT5A;WNT10A;FZD1;WNT9B;WNT10B;WNT4;RNF43;WNT7B;DVL2;WNT3"
"GOMF_PROTEIN_HOMODIMERIZATION_ACTIVITY",0.00543150271575136,0.19936809968405,0.337081742198961,1.25550818072719,35,682,"STING1;TWIST1;APOA4;GBP4;LCT;S100B;TFAP2B;FIBIN;MYOD1;S100A5;THRSP;SOHLH1;S100A11;NPR3;TBX1;TBX18;GBP3;S100A1;ALDH1A3;CRYM;TBX15;TYROBP;FAP;C16orf89;PRPH2;GSTM1;CRYAB;HAND2;PECAM1;PDGFRA;MAG;COL9A3;ENG;LPL;PLEK;LRRK2;PTH1R;HAND1;CIDEA;SMIM1;TNNC1;TPM2;TYRP1;FBLN5;GREM1;TPD52L1;CHMP4C;WWTR1;MME;ACP3;THBS1;FCER1G;EXD1;NR2F2;CPQ;PDGFB;HES1;GHR;HPD;NLRC4;HEYL;PTPRT;ACADL;S100A16;EFEMP2;CSF1;HVCN1;PTGS2;APOE;PDGFC;GBP1;COL9A2;ACOX2;LRP4;HSPB1;B2M;TRIM5;IL6R;NOD1;TGFB2;CASQ2;NKX2-5;APOA1;SLC26A5;ERBB4;CD4;SLC4A1;COL2A1;AHR;TPM1;DPYD;MYH9;STC2;SMAD3;IRF3;FLNA;FGFR2;GLIPR2;TPM4;INHBB;HSPB8;COL9A1;ACTN1;ZBTB7B;BAX;CAV2;VWA1;GLB1;SYNDIG1;KCNN4;CER1;TRPC6;ATP2A1;ATF3;ITPR1;TIMM10;GDNF;EXT1;ZHX2;TTN;ABCD1;NAALADL1;BOK"
"GOMF_METALLOENDOPEPTIDASE_ACTIVITY",0.0057702395523693,0.207728623885295,0.487423093889831,1.51000831488333,32,95,"CLCA2;MEP1A;CIROP;MMP14;ADAM18;ADAMTS1;ADAMTS15;ADAMTS4;ADAM28;MME;MMP2;ADAMTS12;TRABD2B;ADAMTS5;ADAMTS6;BMP1;ADAMTS16;TLL1;ADAMTS3;ADAMTS18;ADAM29;ADAMTS9;ADAMTS8;KEL;ADAMTS14;MMP3;ADAM20;TRABD2A;MMP19;ADAMTS7;ADAMTS2;MMP16;ADAM9;MMP15;ADAM19;PAPPA;ECE1;MMP21;ADAM7;ADAMTS19;MMP28;MIPEP;ECE2;KLK7"
"GOMF_ASPARTIC_TYPE_ENDOPEPTIDASE_INHIBITOR_ACTIVITY",0.00605301607180129,0.213797095970038,-0.873641131820683,-1.64532314210809,28,7,"NLRP7"
"GOMF_HISTONE_H4K20_MONOMETHYLTRANSFERASE_ACTIVITY",0.00617641381972592,0.214115679083832,0.912552471921222,1.57401795658913,31,5,"PRDM6;SETD4"
"GOMF_INSULIN_LIKE_GROWTH_FACTOR_BINDING",0.0063350102478107,0.215620712434575,0.724107765197222,1.67252919488845,33,18,"IGFBP7;ITGB3;IGFBP5;CCN2;IGFBP3;IGFBP4;KAZALD1;ITGAV;IGFBP6;IGFBP2"
"GOMF_CYTOKINE_BINDING",0.00669068450849202,0.220293607131299,0.459712509303963,1.47004684741987,38,119,"OSMR;CX3CR1;CXCR5;BGN;TGFBR2;SOST;IL22RA1;ITGA4;ENG;ACKR2;IL2RB;GDF5;ITGB3;TMC8;VASN;IL1R1;GREM1;IL31RA;CCRL2;ZFP36;THBS1;ACVRL1;GHR;LRRC32;TNFRSF11A;ACKR1;GBP1;NRP2;TGFBR3;IL6R;LTBP3;GPR182;ITGAV;IL9R;CHRDL2;COMP;CD4;IL18R1;TGFBR3L;CCR4;CD36;IL12A;ITGB1;TNFRSF1A;IL11RA;CER1;HYAL2;TSKU;NBL1;PRLR;IL13RA1"
"GOMF_PROTEASOME_BINDING",0.00670765790944662,0.220293607131299,0.723062875759931,1.67011573079747,35,18,"UBD;WFS1"
"GOMF_CYSTEINE_TYPE_ENDOPEPTIDASE_ACTIVATOR_ACTIVITY",0.00715337681464338,0.230881403396766,-0.801904792208632,-1.6817071091853,33,11,"NLRP12;PYCARD"
"GOMF_2_OXOGLUTARATE_DEPENDENT_DIOXYGENASE_ACTIVITY",0.0079660116834838,0.25175455057234,0.521482706869536,1.53872776759231,44,67,"KDM5D;UTY;BBOX1;P4HA3;PLOD2;P4HA1;P3H2;PHYHD1;PLOD1;P3H1;P3H3;P4HA2;P4HB"
"GOMF_S100_PROTEIN_BINDING",0.00806905610808782,0.25175455057234,0.762699912474328,1.66470225258319,42,14,"S100B;S100A11;S100A1;AHNAK;ANXA11;ANXA2"
"GOMF_BILE_ACID_TRANSMEMBRANE_TRANSPORTER_ACTIVITY",0.010057778728868,0.291837117658097,-0.758061176104975,-1.67952090111403,46,14,"SLCO1C1;SLC10A1;AKR1C4;ABCB11;SLC10A4;ABCC4;SLCO2B1;CEACAM1;SLCO1A2"
"GOMF_ICOSANOID_RECEPTOR_ACTIVITY",0.0101332332520173,0.291837117658097,0.754663423314088,1.64716145916089,53,14,"PTGIR;CYSLTR1;CYSLTR2;PPARG;PTGER2;PTGER1;PTGER4"
"GOMF_MOLECULAR_SEQUESTERING_ACTIVITY",0.00970359915314044,0.291837117658097,0.494085164104577,1.50212775294416,54,82,"TMSB4Y;CD69;INHBA;NPR3;ACKR2;TTR;LRRC15;SMAD6;TMC8;FRMD6;LAPTM5;MDFI;SPI1;PMEPA1;INHA;CDKN1A;CAV1"
"GOMF_PROTON_CHANNEL_ACTIVITY",0.010132645541636,0.291837117658097,0.663339625202446,1.62409703926925,54,24,"STING1;NOX5;OTOP1;HVCN1"
"GOMF_TYPE_II_TRANSFORMING_GROWTH_FACTOR_BETA_RECEPTOR_BINDING",0.00954927425515661,0.291837117658097,0.80516774702746,1.62642607371043,49,10,"BAMBI;ENG;TGFB1;TGFBR3;TGFB2;TGFBR3L"
"GOMF_EXTRACELLULAR_MATRIX_STRUCTURAL_CONSTITUENT_CONFERRING_COMPRESSION_RESISTANCE",0.0105026256564141,0.297892654981927,0.715836005804265,1.63097155633654,55,17,"OGN;BGN;LUM;PRG4;ENAM;ASPN;DCN;ACAN;HAPLN1;PODN;HSPG2"
"GOMF_DNA_BINDING_TRANSCRIPTION_REPRESSOR_ACTIVITY",0.0117875020184079,0.329346325051635,0.371235761907894,1.30700098076769,72,296,"TWIST1;MSX2;HOXB13;TCF21;PRRX1;DLX4;FOXA2;SNAI2;TBX3;TBX18;MSX1;GSC;TBX15;GATA3;FOXD3;FOXR1;NFATC2;SNAI1;HAND1;ASCL2;ASCL4;PPARG;ELK3;SP5;FOXS1;SAMD11;TBX2;CDX2;NR3C1;GLIS3;EN1;NR2F2;HES1;NFATC4;HEYL;FOXQ1;SPI1;HIC1;GFI1;TGIF1;POU4F2;HOXB8;TFAP2A;PRDM1;AEBP1;FOXO1;HEY1;JPH2;JUN;NKX3-2;HOXD9;MXD3;TFAP2C;SMAD3;IRF3;BCL6;POU4F1;HEY2;ZBTB7B;E2F8;HSF5;ZEB2"
"GOMF_VASCULAR_ENDOTHELIAL_GROWTH_FACTOR_RECEPTOR_BINDING",0.0121304018195603,0.333942826562012,0.752839586181895,1.61350590805928,63,13,"ITGB3;GREM1;ITGA5;VEGFD;VEGFC;CDH5"
"GOMF_CALCIUM_ION_BINDING",0.0133454655747649,0.356895879370857,0.328306707799,1.219304158838,87,641,"MGP;PCDH11Y;SELL;CAPSL;ANXA8;PCDHB1;S100B;MATN4;DGKG;S100A5;S100A11;S100A1;NID2;GJB2;OTOL1;TNFAIP6;NOX5;FBLN2;HMCN1;SULF1;CDH19;ASPN;LPL;PLA2G2D;CD248;MYL3;PAMR1;PLA2G4A;ANXA1;STAB2;AMY1C;MYL11;DMP1;CCBE1;PVALEF;SVEP1;LTBP2;MYL9;DSPP;RASGRP3;SPARCL1;TNNC1;FBN1;PLA2G2C;FBLN5;ANXA2P2;EHD2;CAPN9;SPP1;PROZ;AIF1;LOXL2;CAPN3;PCDHGB4;DHH;NID1;CDH11;THBS1;EGFL8;MYOF;SPARC;NPNT;PCDHA5;PKD2L2;PCDH18;TGM2;ITGA5;SMOC2;CAPN11;MYL7;CLXN;HABP2;FSTL1;SNED1;DSC3;ENPP3;S100A16;MCTP2;EFEMP2;ACTN3;FBN2;NOTCH2NLA;S100A3;CDH9;THBD;PLS3;ITPR3;CAPN8;LRP4;BMP1;MATN2;PKD1L2;TLL1;PRRG4;CDH6;PCDHGA8;TTYH2;GSN;CAPN14;HSPG2;C1S;CDH15;MYL12A;ANXA3;NOTCH2NLB;CIB1;LTBP3;PKDREJ;CASQ2;MYL4;ANXA6;PCDHGB2;ANXA11;EGFL6;SLIT3;COMP;CDH5;ADGRL4;OTOF;PCDH7;PCDHGB1;CALU;EFEMP1;ANXA4;FKBP10;ITLN1;LRP1B;FBLN1;ENPP2;NOTCH2;SCIN;VLDLR;ANXA2;FKBP14;PCDHB8;PLCD4;TPM4;MATN3;PRRG3;EGFL7;JAG1;NKD2;ITGB1;LPCAT2;ACTN1;F2;PCDHGA11;CPS1;ITPR2;PCDHGA10;PCP4;HEG1;SGCA;PLSCR1;EGFLAM;NOTCH3;ANXA5;ATP2A1;ITPR1;EFCAB12;VCAN;PCDH15;PPP2R3B;DNAH7;CAPS;TTN;PRRG2;CLSTN2;EHD4;TPT1;NAALADL1;FAT1;CABP4;CETN3;NUCB1;PROS1;CALN1;CD93;CDH12;FBLN7;EDEM2;DGKA;NKD1;BGLAP;EFHB;HSP90B1;CRACR2B;PLSCR3;SRR;PCDHB9;PCDHA4;GLCE;PCDHGA2;HRC;THBS4;MELK;CALR;TBC1D8B;FAT2"
"GOMF_NFAT_PROTEIN_BINDING",0.013317892298784,0.356895879370857,0.863041427109567,1.54602159095845,68,6,"GATA6;SPI1;GATA4"
"GOMF_I_SMAD_BINDING",0.0142589118198874,0.375953280659567,0.712838415572756,1.60410705746344,75,16,"SMAD6;TGFB1I1;SMAD7;AXIN2;SMAD9;SMAD3"
"GOMF_TYPE_I_TRANSFORMING_GROWTH_FACTOR_BETA_RECEPTOR_BINDING",0.014514896867838,0.377387318563789,0.789056402704781,1.59388141381108,75,10,"TGFBR2;ENG;SMAD6;TGFB1;SMAD7;FERMT2"
"GOMF_CAMP_DEPENDENT_PROTEIN_KINASE_ACTIVITY",0.0156340474811812,0.395499147091504,0.85898214891163,1.53874994496257,80,6,"PRKY;PRKAG1"
"GOMF_CCR1_CHEMOKINE_RECEPTOR_BINDING",0.0154565792149685,0.395499147091504,-0.971713537501954,-1.40604789926401,75,2,"CCL5"
"GOMF_ADENOSINE_RECEPTOR_BINDING",0.0160718012940931,0.395873842401872,-0.839216933457253,-1.58049225428366,76,7,"P2RY2"
"GOMF_OMEGA_PEPTIDASE_ACTIVITY",0.0160030481996571,0.395873842401872,0.772246221931064,1.59291431739882,83,11,"GGT5;GGTLC3;GGH"
"GOMF_FATTY_ACYL_COA_SYNTHASE_ACTIVITY",0.0164415736934821,0.39972241498959,0.909938001404669,1.48934456572504,83,4,"ACSM2B;ACSM1;ACSM3"
"GOMF_STRUCTURAL_CONSTITUENT_OF_MUSCLE",0.0173473075533068,0.416335381279364,0.563720287216981,1.52723010361173,95,40,"MYOT;MYL3;MYL11;MYL9;TPM2;CAPN3;KRT19;ACTN3;CSRP1;PDLIM3;TPM1;NEXN;TPM4;TTN;CSRP2;SMTN;MYL6;SYNM;PLEC;DMD"
"GOMF_LEUKOTRIENE_C4_GAMMA_GLUTAMYL_TRANSFERASE_ACTIVITY",0.0179162609542356,0.424547348181381,0.935582951246729,1.44826407608693,91,3,"GGT5;GGT1"
"GOMF_CALCIUM_DEPENDENT_PROTEIN_BINDING",0.0192205018686599,0.42466779863751,0.497119357139424,1.46220200510067,107,66,"S100B;S100A5;S100A11;S100A1;MBL2;ANXA1;TNNC1;ANXA2P2;SLC24A4;CLEC4M;S100A16;S100A3;ANXA3;CASQ2;ANXA6;ANXA11;ANXA4;VLDLR;ANXA2"
"GOMF_COA_LIGASE_ACTIVITY",0.0193441414885777,0.42466779863751,0.635090554738126,1.55493302439646,104,24,"ACSM2B;ACSM1;ACSL5;ACSM3;ACSS3;ACSF2;ACSBG1;SLC27A6"
"GOMF_LIPASE_INHIBITOR_ACTIVITY",0.019377678405068,0.42466779863751,0.683514892824608,1.5787686147501,103,18,"ANXA8;APOC3;ANXA1;PLA2R1;ANXA2P2;ANXA3;ANXA4;ANXA2;ANXA5"
"GOMF_MONOAMINE_TRANSMEMBRANE_TRANSPORTER_ACTIVITY",0.0188607353781673,0.42466779863751,0.765128808411591,1.57823320977272,98,11,"SLC6A2;SLC22A3;SLC18A2;SLC6A4;SLC6A3;SLC22A1"
"GOMF_PROTEOGLYCAN_BINDING",0.0186199342825849,0.42466779863751,0.568479711139581,1.51392689333616,101,37,"CFH;FN1;LPL;COL5A1;PLA2G2D;HPSE2;PTPRC;NID1;THBS1;COL5A3;TNC;APOE;COMP;COL2A1;GPNMB;CTSS;CTSK;FBLN7;CTSL"
"GOMF_SPHINGOLIPID_BINDING",0.0182152713891444,0.42466779863751,0.623374885142992,1.55004531604159,98,26,"SELL;MAG;PLA2G4A;LAMB1;LAMA1;CERKL;LYN;PLTP"
"GOMF_TRANSMEMBRANE_SIGNALING_RECEPTOR_ACTIVITY",0.0195093112621933,0.42466779863751,0.316272740762528,1.18836094764428,131,797,"OSMR;CHRNG;MYOT;NPY;CLEC1A;FCMR;TLR3;LYVE1;GPR132;OR9G1;OR2C1;CX3CR1;CD300E;PTGIR;CYSLTR1;EDNRA;CD69;NPR3;CXCR5;OR10AC1;GPR17;LY75;TLR10;OR51A4;GCGR;ERBB3;TGFBR2;IL7R;IL22RA1;OR1B1;TNFRSF10C;TIE1;AVPR1A;CNR2;TRPV4;HRH4;EBI3;P2RY12;OR12D3;DDR2;PECAM1;PDGFRA;ITGAL;FPR1;OR2A5;TREM2;OR2A12;GPR82;TAAR1;OR13J1;OR2L5;OR52W1;CD3E;ENG;ACKR2;FZD10;IL2RB;ADGRG6;PDGFRB;OR4F17;OR4F4;FLT1;FCRL4;NLRP6;OR2A1;GPR87;S1PR5;GPER1;PTH1R;P2RX7;CYSLTR2;PLA2R1;CD72;PPARG;CD200R1;GPR174;CD79B;OR2A7;GPRC5A;HAVCR2;IL1R1;OXER1;PTGER2;S1PR4;HRH1;CHRNB3;AGTR2;ADGRF5;IL31RA;ADGRA2;TRAC;MUSK;PTPRC;GPR25;IL1RAP;SPHK1;LGR6;HCAR2;CCRL2;ADRB1;CHRM1;FCER1G;IL17RC;LPAR1;MAS1;IGSF6;FCGR2A;LPAR6;EDNRB;CLEC4M;ACVRL1;AGTR1;GHR;TAS2R42;ABCC9;TAS2R50;TLR4;EPHA6;TNFRSF19;OR2L3;MILR1;PTPRB;OR52N2;PTPRT;OR1L8;INSRR;GPR142;OR2I1;NTSR1;OXGR1;TNFRSF11A;TNFRSF10D;PLXND1;THBD;S1PR3;LILRB5;ACKR1;TLR2;PTGER1;FAS;IL17RA;NRP2;UTS2R;OR8D4;ROR2;PTGER4;TGFBR3;CALCR;CMKLR2;LTK;MRC2;ROR1;GPR157;IL6R;TMEM63A;OR5AP2;OR51A7;GPR37;GPR182;C3AR1;IL9R;CMKLR1;OR10K2;ICAM1;EPHA7;GPRC5C;PTPRR;KREMEN1;IL21R;ERBB4;CD4;IL18R1;GABRE;FZD1;ADGRL4;TAS2R19;NPY5R;TGFBR3L;EFEMP1;CCR4;GFRA1;EPHA2;GPR55;TSPAN12;GPR101;PLXNA4;ADGRF4;FZD6;CRIM1;EPHB4;GRID2;P2RX1;AXL;EGFR;VLDLR;LHCGR;CHRNA1;OR7D2;OR6K3"
"GOMF_MEDIUM_CHAIN_FATTY_ACID_COA_LIGASE_ACTIVITY",0.0203415851084245,0.437694796815754,0.83238973750322,1.54815262670589,105,7,"ACSM2B;ACSM1;ACSM3;ACSS3;ACSF2"
"GOMF_INTERLEUKIN_2_RECEPTOR_BINDING",0.0206426484907498,0.439125431530495,0.931318267848059,1.44166242975087,105,3,"GATA3;TIMM50"
"GOMF_ANAPHASE_PROMOTING_COMPLEX_BINDING",0.0228310502283105,0.480221640757273,0.787715090231723,1.55002385511621,119,9,"CDC20B;CDC20;FBXO5;FZR1;PLK1"
"GOMF_CCR3_CHEMOKINE_RECEPTOR_BINDING",0.023598820058997,0.490855457227139,0.958438950679569,1.39033555857689,119,2,"CCL26;NARS1"
"GOMF_TRANSFORMING_GROWTH_FACTOR_BETA_BINDING",0.0242246283721784,0.49833521222767,0.633143986008079,1.53892008274118,131,23,"TGFBR2;ENG;VASN;THBS1;ACVRL1;LRRC32;TGFBR3;LTBP3;ITGAV;TGFBR3L;CD36;HYAL2;TSKU;TWSG1;WFIKKN2"
"GOMF_ARYL_SULFOTRANSFERASE_ACTIVITY",0.0248907467224017,0.503913218159904,0.803528136361312,1.544363494539,130,8,"SULT1E1;SULT1B1;SULT1C2;SULT1A2;SULT1A3;SULT1A1;SULT1C4"
"GOMF_G_PROTEIN_COUPLED_SEROTONIN_RECEPTOR_ACTIVITY",0.0254094918101638,0.503913218159904,-0.732168559186464,-1.56832967406068,120,12,"HTR2C;HTR4;HTR1D;HTR5A;DRD4;HTR1A;HTR2A"
"GOMF_NUCLEAR_ANDROGEN_RECEPTOR_BINDING",0.0253909843606256,0.503913218159904,0.608982847723734,1.51425896865787,137,26,"KDM5D;TCF21;TGFB1I1"
"GOMF_OLIGOPEPTIDE_BINDING",0.0255725190839695,0.503913218159904,0.738778758449352,1.55418693965214,133,12,"FOLH1B;GSTM1;MGST2"
"GOMF_PROTEIN_KINASE_C_BINDING",0.0261461318051576,0.509849570200573,0.519592616310101,1.45342615250067,145,48,"AVPR1A;TRPV4;PLEK;CAVIN2;CAVIN3;ITGB3;HSPB1;ITGAV;DACT1;SDC4;DSP;IRS1;ADAM9;AVPR1B;ADD3;ADCY6;PRKCSH;ADCY4;HDAC7"
"GOMF_ACID_THIOL_LIGASE_ACTIVITY",0.0264803236484001,0.511042947111393,0.600324068279314,1.50588829655242,143,27,"ACSM2B;ACSM1;ACSL5;ACSM3;ACSS3;ACSF2;ACSBG1;SLC27A6;SUCLG2"
"GOMF_LIPOPOLYSACCHARIDE_BINDING",0.0270319970577418,0.515273634444619,0.599910002769313,1.50484963020792,146,27,"BPI;CASP4;TREM2;NLRP6;P2RX7;CD6;TRIL;TLR4;TLR2;GBP1;SPON2"
"GOMF_PHOSPHOLIPASE_A2_INHIBITOR_ACTIVITY",0.0272500479754366,0.515273634444619,0.820107086339276,1.52530825728898,141,7,"ANXA8;ANXA1;PLA2R1;ANXA2P2;ANXA3;ANXA2"
"GOMF_BHLH_TRANSCRIPTION_FACTOR_BINDING",0.0280816921954778,0.525689277899343,0.577420757265979,1.48816348861471,153,31,"TWIST1;TCF21;MYOD1;ID3;HAND1;ASCL2;RUNX2"
"GOMF_ACTIVIN_BINDING",0.0283863593065346,0.526131332889433,0.7478066956149,1.54250284205082,148,11,"TGFBR2;ENG;ACVRL1;TGFBR3"
"GOMF_LAMININ_BINDING",0.0287028518859246,0.526781752259321,0.60408534368824,1.50208113895789,155,26,"LGALS1;ADGRG6;LRRC15;NID1;THBS1;LGALS3;SSC5D;PLEKHA2;RPSA2;ITGB1;CTSS;ADAM9;PXDN;BCAM;SHH"
"GOMF_2_ACYLGLYCEROL_O_ACYLTRANSFERASE_ACTIVITY",0.0308820690986296,0.543370742082435,0.855820877718495,1.47616435284729,159,5,"MOGAT2;TMEM68"
"GOMF_C_ACYLTRANSFERASE_ACTIVITY",0.0315078769692423,0.543370742082435,0.667155783361118,1.52005780302275,167,17,"ACSM2B;ACSM1;ACSM3;SPTLC3"
"GOMF_CCR6_CHEMOKINE_RECEPTOR_BINDING",0.0312871287128713,0.543370742082435,0.985635439891809,1.31654234673777,157,1,"CCL20"
"GOMF_OXIDOREDUCTASE_ACTIVITY_ACTING_ON_PAIRED_DONORS_WITH_INCORPORATION_OR_REDUCTION_OF_MOLECULAR_OXYGEN_REDUCED_PTERIDINE_AS_ONE_DONOR_AND_INCORPORATION_OF_ONE_ATOM_OF_OXYGEN",0.0313213026343082,0.543370742082435,-0.829902757979393,-1.5000610304146,150,6,"PAH;TPH2;TPH1;TH"
"GOMF_PROMOTER_SPECIFIC_CHROMATIN_BINDING",0.0304470256951778,0.543370742082435,0.465044977085157,1.39295176599575,172,74,"SOX10;FOXC1;MYOD1;ZNF683;FOXC2;NR3C1;POU4F2;PRDM1;FOXO1;TP73;SMAD3;IRF3"
"GOMF_RNA_POLYMERASE_II_TRANSCRIPTION_REGULATORY_REGION_SEQUENCE_SPECIFIC_DNA_BINDING",0.0316385741917657,0.543370742082435,0.296539771523963,1.14089730367658,228,1282,"UTY;ZFY;PEG3;ZNF876P;ERG;TWIST1;TFAP2D;HOXA9;SRY;HOXC6;MSX2;HOXC8;KLF14;HOXB13;HOXA4;SOX10;FEV;TCF21;FOXC1;BARHL1;FOXD2;WT1;PRRX2;TFAP2B;MEOX1;MYOD1;PRRX1;MYOG;DLX4;FOXA2;SNAI2;TBX1;TBX3;LMX1B;ALX1;TBX18;HOXB9;MSX1;GSC;TBX15;GATA3;OSR1;GLIS1;LMX1A;ALX4;TBX5;RARG;ZNF705A;EPAS1;GATA6;PTF1A;SIX2;HAND2;FLI1;ETS1;GATA2;ZNF683;HOXB7;FOXC2;FOXD3;FOXE1;FOXL2;PITX3;NFATC2;SNAI1;HAND1;ASCL2;ASCL4;PPARG;FOXD1;HOXD8;HSFY1;PITX1;NFIX;ELK3;SP5;HOXC10;FOXS1;FOXF2;HOXC9;FOXL1;ATOH8;NR3C2;PAX3;TBX2;RARB;HOXA7;RUNX2;CEBPD;TAL2;POU4F3;GATA1;MEF2B;SIM2;CDX2;PAX7;NR3C1;NR4A2;GLIS3;FOXJ1;EN2;ELF4;MAF;ATOH1;EN1;NR2F2;MEF2C;BATF2;HES1;HOXC5;NFATC4;ALX3;NFATC1;HEYL;NFIA;FOXQ1;SPI1;NFKBIZ;POU2F3;ETV2;GATA5;OLIG3;MAFB;ZIC4;GFI1;GATA4;NFIB;TGIF1;POU4F2;HOXA11;TBX4;HOXB8;GRHL3;LHX8;TEAD3;TFAP2A;PRDM1;AEBP1;GRHL2;RFX6;LITAF;FOXE3;FOXO1;HEY1;TP73;FOXD4;CREB3L2;NKX2-5;STAT6;NR1H4;HOXB4;HMX3;HOXB3;HOXA5;NFIC;AHR;MEOX2;ZNF665;JUN;NKX3-2;RAX;ELF1;GFI1B;BHLHA15;HOXB5;HOXD9;GBX1;MXD3;SMAD9;SIX5;RXRG;TFAP2C;FOXA1;TLX1;PKNOX2;SMAD3;IRF3;BCL6;ZNF83;GLI1;POU4F1;ZIC2;EVX1"
"GOMF_TRANSFORMING_GROWTH_FACTOR_BETA_RECEPTOR_BINDING",0.0307123034227567,0.543370742082435,0.608636546735633,1.49973543199894,165,25,"TGFBR2;BAMBI;ENG;SMAD6;TGFB1;TGFBR3;SMAD7;TGFB2;RASL11B;TGFBR3L;SMAD3;INHBC;FERMT2"
"GOMF_VASCULAR_ENDOTHELIAL_GROWTH_FACTOR_RECEPTOR_2_BINDING",0.0321537290715373,0.54719800747198,0.771768748492479,1.51864549204538,168,9,"ITGB3;GREM1;ITGA5;CDH5"
"GOMF_CHEMOKINE_RECEPTOR_BINDING",0.0336485994907239,0.557435205722435,0.558246381452984,1.46499956273348,184,34,"CXCL6;CXCL8;CXCL1;CX3CR1;CCL20;CXCL2;CCL26;MSMP;CXCL13;CCL2;CXCL3;CXCL12;CCRL2;CXCL14"
"GOMF_PROCOLLAGEN_PROLINE_DIOXYGENASE_ACTIVITY",0.0332509975299259,0.557435205722435,0.787891166700955,1.51430958103445,174,8,"P4HA3;P4HA1;P3H2;P3H1;P3H3;P4HA2;P4HB"
"GOMF_WNT_PROTEIN_BINDING",0.0333698030634573,0.557435205722435,0.569936974050511,1.46887583260681,182,31,"FZD10;SFRP4;WLS;MUSK;WIF1;APCDD1;SFRP2;TRABD2B;ROR2;ROR1;FZD1;FZD6;TRABD2A;RECK"
"GOMF_MITOGEN_ACTIVATED_PROTEIN_KINASE_KINASE_KINASE_BINDING",0.0346895074946467,0.569638228333145,-0.657695730929434,-1.52856893350157,161,17,"PPEF2;TRIM72;MARVELD3"
"GOMF_INSULIN_LIKE_GROWTH_FACTOR_I_BINDING",0.0368320610687023,0.599561898440093,0.721198778159553,1.51720350522978,192,12,"ITGB3;IGFBP5;IGFBP3;IGFBP4;ITGAV;IGFBP6;IGFBP2"
"GOMF_GROWTH_FACTOR_ACTIVITY",0.039063844432972,0.625021510927551,0.400976194726351,1.30163766173177,226,135,"IGF1;OGN;GDF10;CXCL1;EPGN;INHBA;AREG;BMP5;GDF7;IGF2;FGF5;MIA;HGF;GDF5;CRIPTO3;BMP4;CXCL12;DKK1;GDF6;TGFB1;NGF;NTF4;PDGFB;ENDOU;CCN3;BMP2;CSF1;INHA;AGT;PTN;VEGFD;PDGFC;VEGFC;OSGIN1;BMP1;BMP6;TGFB2;BMP7;EFEMP1;PDGFD;TGFA;GMFG;IL11;NTF3;INHBB;IL12A;MDK;PROK1;JAG1;LIF;GRN;F2"
"GOMF_TRANSMEMBRANE_RECEPTOR_PROTEIN_KINASE_ACTIVITY",0.0387938635161347,0.625021510927551,0.451319674847034,1.36297057700176,219,78,"TGFBR2;TIE1;DDR2;PDGFRA;PDGFRB;FLT1;MUSK;ACVRL1;EPHA6;INSRR;NRP2;ROR2;TGFBR3;LTK;ROR1;EPHA7;ERBB4;TGFBR3L;EFEMP1;EPHA2;CRIM1;EPHB4;AXL;EGFR;FGFR2"
"GOMF_PEPTIDYL_PROLINE_DIOXYGENASE_ACTIVITY",0.0396946564885496,0.629732177513262,0.715856201673207,1.50596419643238,207,12,"P4HA3;P4HA1;P3H2;P3H1;P3H3;P4HA2;P4HB"
"GOMF_CARBOHYDRATE_BINDING",0.0417359494512803,0.639622562028729,0.363855606334129,1.24691172799631,250,222,"CD34;CLEC1A;SELL;CLEC7A;LGALS1;CD69;COLEC12;LY75;CLEC12B;MBL2;SOST;PRG4;SIGLEC14;CEMIP;FAM3B;CLEC18A;MAG;CLEC5A;ENG;CD248;ACAN;PLA2R1;CD72;FREM1;LOXL2;LAYN;P4HA3;HKDC1;CLC;GALNT4;CLEC4M;GALNT5;PLOD2;ENDOU;CRYBG2;SIGLEC1;ALPK1;PTN;PPP1R3G;EVA1C;COLEC10;P4HA1;P3H2;PKD1L2;MRC2;PTX3;SLC2A5;LGALS3;ITLN1;ENPP2;GALNT10;STBD1;PLOD1;CD302;P3H1;P3H3;HEXB;CLEC2D;COL9A1;GALNT18;CLN5;P4HA2"
"GOMF_COPPER_ION_BINDING",0.041044776119403,0.639622562028729,0.481222151344399,1.38913948272017,230,58,"APOA4;S100A5;MTCO2P12;IL1A;SOD3;LOX;PRND;F5;LOXL2;MOXD1;HEPHL1;LOXL4;CP;SUMF1;LOXL3;HEPH;LOXL1"
"GOMF_DNA_BINDING_TRANSCRIPTION_FACTOR_ACTIVITY",0.0410376063683777,0.639622562028729,0.291949028495326,1.12597007857452,298,1354,"ZFY;PEG3;ZNF876P;ERG;TWIST1;TFAP2D;HOXA9;SRY;HOXC6;MSX2;ZIM2;HOXC8;KLF14;HOXB13;HOXA4;SOX10;FEV;TCF21;FOXC1;BARHL1;FOXD2;WT1;PRRX2;TFAP2B;MEOX1;MYOD1;PRRX1;MYOG;SOHLH1;DLX4;FOXA2;SNAI2;TBX1;TBX3;LMX1B;ALX1;TBX18;HOXB9;MSX1;GSC;TBX15;GATA3;OSR1;GLIS1;TPRXL;LMX1A;ALX4;TBX5;RARG;ZNF705A;EPAS1;GATA6;PTF1A;SIX2;HAND2;FLI1;ZNF781;ETS1;GATA2;ZNF683;HOXB7;FOXC2;FOXD3;FOXE1;FOXL2;PITX3;FOXR1;NFATC2;SEBOX;SNAI1;GPER1;HAND1;ASCL2;ASCL4;PPARG;FOXD1;HOXD8;HSFY1;PITX1;NFIX;ELK3;SP5;HOXC10;FOXS1;FOXF2;HOXC9;FOXL1;TLX2;SAMD11;ATOH8;NR3C2;PAX3;TBX2;RARB;HOXA7;RUNX2;CEBPD;TAL2;POU4F3;GATA1;MEF2B;SIM2;CDX2;PAX7;NR3C1;NR4A2;GLIS3;FOXJ1;EN2;ELF4;MAF;ATOH1;EN1;NR2F2;MEF2C;BATF2;HES1;HLX;HOXC5;NFATC4;ALX3;NFATC1;HEYL;NFIA;FOXQ1;SPI1;POU2F3;HIC1;ETV2;GATA5;OLIG3;SP110;MAFB;ZIC4;GFI1;GATA4;NFIB;TGIF1;POU4F2;CSRNP1;HOXA11;TBX4;HOXB8;GRHL3;LHX8;TEAD3;TFAP2A;PRDM1;AEBP1;GRHL2;RFX6;LITAF;FOXE3;FOXO1;HEY1;TP73;FOXD4;CREB3L2;NKX2-5;STAT6;NR1H4;HOXB4;JPH2;HMX3;HOXB3;HOXA5;NFIC;AHR;MEOX2;ZNF665;JUN;NKX3-2;ZNF702P;RAX;ELF1;GFI1B;BHLHA15;HOXB5;HOXD9;GBX1;MXD3;PDE3A;SMAD9;SIX5;RXRG;TFAP2C;FOXA1;TLX1;PKNOX2;SMAD3;IRF3;BCL6;ZNF83;GLI1;POU4F1;ZIC2;ZNF833P;EVX1"
"GOMF_LIGASE_ACTIVITY_FORMING_CARBON_SULFUR_BONDS",0.0419861263234757,0.639622562028729,0.534285930172507,1.42286491948466,229,37,"ACSM2B;ACSM1;ACSL5;ACSM3;ACSS3;ACSF2;ACSBG1;SLC27A6;SUCLG2"
"GOMF_THREONINE_TYPE_ENDOPEPTIDASE_ACTIVITY",0.0420264824409902,0.639622562028729,0.797150883082726,1.48261226433089,218,7,"PSMB8;PSMB9;PSMB10"
"GOMF_PHOTORECEPTOR_ACTIVITY",0.0428391432171357,0.646732871794177,-0.706802993466301,-1.5139957793323,203,12,"GPR52;OPN1SW;RGR;GNAT2"
"GOMF_C2H2_ZINC_FINGER_DOMAIN_BINDING",0.0436493068565006,0.648503987582294,0.67355951907024,1.49503367300829,232,15,"WT1;GATA2;GATA1;HMGA2;THAP7"
"GOMF_HEMOGLOBIN_ALPHA_BINDING",0.0435643564356436,0.648503987582294,0.980591395884353,1.30980486828899,219,1,"HBE1"
"GOMF_ARYLSULFATASE_ACTIVITY",0.0454118971664477,0.648939477065574,0.683354855908177,1.49152025500238,241,14,"ARSH;SULF1;ARSJ;ARSI;ARSL"
"GOMF_CYCLIC_NUCLEOTIDE_DEPENDENT_PROTEIN_KINASE_ACTIVITY",0.0442713281398442,0.648939477065574,0.77476082131228,1.48907334452781,232,8,"PRKY;PRKAG1"
"GOMF_GLYCOSPHINGOLIPID_BINDING",0.0450913242009132,0.648939477065574,0.756635811927765,1.48886770441106,236,9,"SELL;MAG;LAMB1;LAMA1;LYN"
"GOMF_HYALURONIC_ACID_BINDING",0.044411818682327,0.648939477065574,0.600910788401109,1.46057405683784,241,23,"LYVE1;TNFAIP6;CEMIP;STAB2;ACAN;HAPLN1;LAYN;HAPLN3;SUSD5;HYAL2;VCAN;HAPLN4"
"GOMF_INSULIN_LIKE_GROWTH_FACTOR_II_BINDING",0.0449050086355786,0.648939477065574,0.793502503160732,1.4758266821631,233,7,"IGFBP5;IGFBP3;IGFBP4;IGFBP6;IGFBP2"
"GOMF_BMP_BINDING",0.0467672815353084,0.658770213204243,0.6345666387172,1.46570894605402,250,18,"SOST;ENG;GDF5;GREM1;TGFBR3;CHRDL2;COMP;CER1;NBL1"
"GOMF_STAT_FAMILY_PROTEIN_BINDING",0.0468036529680365,0.658770213204243,0.754555244949603,1.48477367537911,245,9,"PPARG;PTPRT;SPI1;H2BC9"
"GOMF_CCR2_CHEMOKINE_RECEPTOR_BINDING",0.0471976401179941,0.659358076872276,0.938957526134951,1.36207531596372,239,2,"MSMP;CCL2"
"GOMF_RETINAL_BINDING",0.0478244561140285,0.663165791447862,0.645270769096624,1.47019465631597,254,17,"RBP3;ABCA4;RLBP1;STRA6;RBP2;ADH4;CYP2W1;ALDH1A2;OPN3;CRABP2;OPN5"
"GOMF_DIAMINE_OXIDASE_ACTIVITY",0.0507624010808724,0.693629305280242,0.833631877170536,1.43789161086707,262,5,"LOX;LOXL2;LOXL4;LOXL3;LOXL1"
"GOMF_PROTEIN_LYSINE_6_OXIDASE_ACTIVITY",0.0507624010808724,0.693629305280242,0.833631877170536,1.43789161086707,262,5,"LOX;LOXL2;LOXL4;LOXL3;LOXL1"
"GOMF_SUMO_LIGASE_ACTIVITY",0.0515728653969613,0.699597130602257,-0.671451073677512,-1.48763206435555,240,14,"TRIM60"
"GOMF_5_3_EXONUCLEASE_ACTIVITY",0.0539614561027837,0.70310959482934,-0.633038578334381,-1.47126255963756,251,17,"PLD4"
"GOMF_ACTIN_BINDING",0.0544045547999367,0.70310959482934,0.325598913524351,1.17796685465116,343,424,"TMSB4Y;MYOT;MYPN;ERMN;ANXA8;SLC6A2;MYH4;PPP1R42;TRPV4;PARVG;MYOZ2;MYL3;RCSD1;LRRK2;SNTB1;TNNC1;TPM2;TULP1;ARPC1B;TNNT2;AIF1;TAGLN;SYNPO;DAAM2;SSH3;TNNI1;ACTN3;CALD1;TLN1;GAS2L1;PLS3;MYO3B;GBP1;LMOD1;PARVA;TAGLN2;EPS8;GSN;FLNC;PLEKHH2;MYL4;SLC6A4;CNN1;WIPF1;CNN2;LIMA1;MYH14;PDLIM3;TPM1;PDLIM2;VCL;MYH9;MYOZ3;SCIN;FLNB;EGFR;GMFG;FHDC1;PKNOX2;NEXN;FMNL3;FLNA;FHL3;TPM4;EPB41L2;MYO7B;PDLIM7;ITGB1;ACTN1;MYH2;P4HB;WASF2;NOD2;SYNPO2L;PHACTR2;UACA;NOS3;TTN;COBLL1;TNNI3;MYO5B;ANG;FHOD1;SVIL;ESPNL;AJUBA;FERMT2;GAS2;ESPN;SNTA1;NRAP;FXYD5;SMTN;BAIAP2L1;CTNNA1;PFN1;CLMN;MYH7B;IMPACT;MICAL2;TNS1;VASP;PACRG;PRICKLE4;PLEC;MYH7;ADD3;IQGAP1;DMD;CORO1B;MICALL2"
"GOMF_CELL_ADHESION_MEDIATOR_ACTIVITY",0.0544442511741172,0.70310959482934,0.42101697053028,1.310990796493,312,98,"NLGN4Y;MYPN;S100A11;HMCN1;EMILIN1;ITGAL;ANXA1;CNTN6;ITGB3;SVEP1;ITGA1;TRIM29;CDC42EP1;ITGA9;KRT18;ITGA10;CDH5;ESAM;MIP;ANXA2;NTNG1;NEXN;RPSA2;DSP;CNTN5;ITGB1"
"GOMF_CORECEPTOR_ACTIVITY",0.0529896168993913,0.70310959482934,0.487467906192623,1.36798909169143,295,49,"ITGA4;CD80;CD8B;ENG;IL2RB;ITGB3;CSPG4;IL1RAP;IL17RC;ROR2;LRP4;TGFBR3;GPC6;ROR1;TMIGD2;ITGAV;CD4;IL10RB;RECK;ITGB1"
"GOMF_DOUBLE_STRANDED_METHYLATED_DNA_BINDING",0.0538506079907354,0.70310959482934,0.808146923151982,1.44768553700144,278,6,"WT1;MBD1"
"GOMF_GLYCOLIPID_BINDING",0.0551341350601295,0.70310959482934,0.57698917445811,1.42175344785943,297,25,"SELL;MAG;TREM2;LAMB1;LAMA1;LYN"
"GOMF_HISTONE_H3K27ME2_H3K27ME3_DEMETHYLASE_ACTIVITY",0.0555877243775333,0.70310959482934,0.829173106486906,1.43020089133445,287,5,"UTY;KDM6A"
"GOMF_HISTONE_H3K9ME2_H3K9ME3_DEMETHYLASE_ACTIVITY",0.0535158680771624,0.70310959482934,-0.830638999200985,-1.43036591197402,257,5,"KDM4E"
"GOMF_LIPOPROTEIN_PARTICLE_RECEPTOR_BINDING",0.0546187683284457,0.70310959482934,0.552891033903021,1.40793834010479,297,29,"APOC3;DAB2;DKK1;APOE;LDLRAP1;HSPG2;APOA1;PCSK9;HSP90B1;RELN;LRP1"
"GOMF_MONOATOMIC_ION_GATED_CHANNEL_ACTIVITY",0.0554333479982402,0.70310959482934,-0.542191309225084,-1.40825300099503,251,29,"PKD1L3;CALHM1;KCNU1;TRPM5;KCNMB3;KCNN1;CATSPER4;CATSPER2;ASIC2;ASIC3;KCNT1;KCNN2;KCNMB2"
"GOMF_PHOSPHOLIPASE_INHIBITOR_ACTIVITY",0.0562957402889848,0.707286079335433,0.669179438740752,1.46058036828682,299,14,"ANXA8;ANXA1;PLA2R1;ANXA2P2;ANXA3;ANXA4;ANXA2;ANXA5"
"GOMF_HISTONE_H4_READER_ACTIVITY",0.0578209277238403,0.718099938722296,-0.617009965041861,-1.45365261764196,267,18,"BRDT"
"GOMF_LIPID_BINDING",0.0579236595871083,0.718099938722296,0.303484212321013,1.13840878832867,389,780,"SULT1E1;BPI;APOA4;SELL;ANXA8;APOC3;ACOT12;PMP2;DGKG;UGT2B7;TLR10;SULT2B1;CASP4;STARD8;RS1;TRPV4;ID3;MAG;FGD2;TREM2;PLEK2;CAVIN2;MAL;PLA2G2D;APOL4;RBP3;PLA2G4A;ANXA1;RCSD1;MAP1LC3C;CYP26C1;FYB1;CD1E;NLRP6;GPER1;P2RX7;PLEKHA4;AKR1D1;PPARG;CIDEA;RASGRP3;TULP1;PLA2G2C;LAMB1;ABCA4;NR3C2;ANXA2P2;RUBCNL;OXER1;S1PR4;CYP21A2;CD6;TNS2;TRPM3;NR3C1;PXDC1;SPHK1;UGT2B15;TRIL;MME;PLD1;THBS1;RLBP1;STRA6;LPAR1;MYOF;NR2F2;TEC;ALOX15;NGF;GHR;TLR4;FRMPD2;DAPP1;RPE65;WNT5A;MCTP2;GSTA1;TLN1;CYP26A1;CAV1;S1PR3;RBP2;ALOX5AP;TLR2;APOE;LDLRAP1;GBP1;ADH4;CYP2W1;ITPR3;DLC1;ACOX2;SERPINA5;STAP1;BLNK;GSN;KCNJ2;STARD13;ANXA3;APOD;SPON2;ANXA6;PACSIN3;ANXA11;APOA1;NR1H4;PHLDA1;MFGE8;LCN12;LAMA1;CD1D;CD4;JPH2;ATP1A2;ACOT11;MCOLN3;PREX1;ANXA4;FABP1;ARAP3;SCIN;UCP1;NPC2;SYTL2;SEC14L2;CIDEC;AXL;CERKL;PLEKHA2;ANXA2;PTGDS;LYN;PLIN1;ARAP1;CD36;PLTP;ARHGEF5;JAG1;ALDH1A2;APOLD1;F2;GAS1;BAX;CPS1;ITPR2;SH3YL1;LPAR3;OPN3"
"GOMF_FIBRINOGEN_BINDING",0.0585300326232969,0.720843559676393,0.778587366792949,1.44808618212435,304,7,"ITGB3;THBS1;MFAP2;CDH5;FBLN1;ITGA2B"
"GOMF_EXOPEPTIDASE_ACTIVITY",0.0589251771211336,0.720966873011517,0.412732441080216,1.29635121019977,340,104,"FOLH1B;MEP1A;F11;FAP;XPNPEP2;MMP14;CPA1;CPZ;CPB1;CPA4;MME;CPQ;CPM;CNDP1;CTSC;AGBL1;AEBP1;ERAP2;SCPEP1;CTSZ;ACE2;PLBD1;NAALADL1;CPXM1;MMP16;NAALAD2;MMP15;XPNPEP3;TPP1;CTSH;CTSA;NPEPPSP1;GGH"
"GOMF_ACTIVIN_RECEPTOR_ACTIVITY_TYPE_I",0.0606409518326617,0.72769142199194,0.777335151284976,1.44575720010965,315,7,"TGFBR2;ACVRL1;ACVR1"
"GOMF_IRON_ION_BINDING",0.0601288475304223,0.72769142199194,-0.374510758017867,-1.24888388277628,251,132,"PPEF2;CYP4F22;CYP2G1P;ALOX12B;ALOX15B;HBZ;CYP4Z1;LTF;FA2H;PAH;CYP2B6;CYP2S1;CYP2C18;TPH2;ALOXE3;CYP24A1;CYP4F3;CYP1B1;CH25H;ALOX5;CYP2A13;FXN;TPH1;KDM7A"
"GOMF_UBIQUITIN_LIKE_PROTEIN_LIGASE_ACTIVITY",0.0604676162321956,0.72769142199194,-0.314388842657489,-1.16391986401738,224,378,"TRIML2;TRIM60;BSPRY;TRIM43B;RFPL3;CBLC;TRIM64B;TRIM50;RFPL4B;RNF225;TRIM72;RNF212B;TRIM49;C10orf90;TRIM49D2;MARCHF11;FBXO40;TRIM54;HERC5;RNF128;ZSWIM2;NCCRP1;HERC6;TRIM75;RNF125;BIRC7;TRIM14;ZNRF4;RNF148;SH3RF1;RNF112;SIAH3;RNF227;MARCHF10;RNF183;TRIM7;PELI2;TRIM71;TRIM48;TRIM49B;TRIM4"
"GOMF_CILIARY_NEUROTROPHIC_FACTOR_RECEPTOR_BINDING",0.0623431769928585,0.743353040322491,0.798984982978462,1.43127316457249,322,6,"OSMR;CNTF"
"GOMF_C_X3_C_CHEMOKINE_BINDING",0.0631152287203243,0.747637412461352,0.821348930725644,1.41670534612179,326,5,"CX3CR1;ITGA4;ITGB3;ITGAV;ITGB1"
"GOMF_PHOSPHATIDYLCHOLINE_STEROL_O_ACYLTRANSFERASE_ACTIVATOR_ACTIVITY",0.0635012545840571,0.747637412461352,0.820481302145942,1.41520881523056,328,5,"APOA4;APOE;APOA1"
"GOMF_MHC_CLASS_IB_RECEPTOR_ACTIVITY",0.0663762704833022,0.762826713925308,-0.818631394718372,-1.40968873674757,319,5,"KLRC4;CD160;KLRC4-KLRK1;KLRK1"
"GOMF_NEUREGULIN_BINDING",0.0663964485620537,0.762826713925308,0.816738944683874,1.4087538024762,343,5,"ERBB3;ITGB3;ITGAV;ITGA6"
"GOMF_PROTEIN_LIPID_COMPLEX_BINDING",0.0664213431462742,0.762826713925308,0.562035098478559,1.3975216079612,360,26,"COLEC12;TREM2;LPL;STAB2;THBS1;APOE;APOA1;VLDLR;CD36;PLTP;MSR1;PCSK9"
"GOMF_SEROTONIN_RECEPTOR_ACTIVITY",0.0660177740160812,0.762826713925308,-0.661004581493586,-1.44533086343474,311,13,"HTR2C;HTR4;HTR1D;HTR5A;HTR3B;HTR1A;HTR2A"
"GOMF_TRANSMEMBRANE_RECEPTOR_PROTEIN_TYROSINE_KINASE_ACTIVITY",0.0668449197860963,0.76301030389983,0.455425132362399,1.32458699230689,374,61,"TIE1;DDR2;PDGFRA;PDGFRB;FLT1;MUSK;EPHA6;INSRR;NRP2;ROR2;LTK;ROR1;EPHA7;ERBB4;EFEMP1;EPHA2;CRIM1;EPHB4;AXL;EGFR;FGFR2"
"GOMF_GLUTATHIONE_TRANSFERASE_ACTIVITY",0.0681650700073692,0.766972907922158,0.570178645812421,1.39600502568482,369,24,"GSTT4;GSTM1;GSTA3;CLIC2;GSTA1;ALOX5AP;GSTK1;MGST2;GSTZ1;GSTP1;GSTT2B;MGST1;GSTO1;LANCL1;LTC4S"
"GOMF_L_ASCORBIC_ACID_BINDING",0.0684424713281539,0.766972907922158,0.598011133145688,1.40975872823221,369,20,"P4HA3;PLOD2;P4HA1;P3H2;PLOD1;P3H1;P3H3;P4HA2;PLOD3"
"GOMF_PROSTANOID_RECEPTOR_ACTIVITY",0.0683728036669213,0.766972907922158,0.71626474360646,1.44684341738956,357,10,"PTGIR;PPARG;PTGER2;PTGER1;PTGER4"
"GOMF_STRUCTURAL_CONSTITUENT_OF_CYTOPLASMIC_LATTICE",0.0688309019930142,0.766972907922158,-0.887268340826845,-1.38391198460371,334,3,"OOEP;KHDC3L;TLE6"
"GOMF_NEUROPEPTIDE_RECEPTOR_ACTIVITY",0.0699411498415573,0.77473273670648,-0.465557737242049,-1.33653672850621,308,48,"NPSR1;MCHR2;NTSR2;NPBWR2;NPY2R;GRPR;NMUR1;GAL;GPR143;SSTR5;SSTR3;GALR1;NMBR;SORCS1;RXFP3;MC4R;MC5R"
"GOMF_METALLODIPEPTIDASE_ACTIVITY",0.0718221546646399,0.790888667836506,0.748102557547817,1.43783674493335,377,8,"MEP1A;CPQ;CNDP1"
"GOMF_CYTOKINE_RECEPTOR_ACTIVITY",0.0736434108527132,0.800490086068333,0.424858309300436,1.28753827604787,417,80,"OSMR;CX3CR1;CXCR5;GPR17;IL7R;IL22RA1;EBI3;ACKR2;IL2RB;IL1R1;IL31RA;GPR25;IL1RAP;CCRL2;IL17RC;GHR;IL17RA;IL6R;IL9R;CMKLR1;IL21R;CD4;IL18R1;CCR4;GFRA1;IL10RB;IL4R"
"GOMF_GMP_KINASE_ACTIVITY",0.0739570164348925,0.800490086068333,-0.720095179143695,-1.43949066513258,350,9,"CARD11;CASK;TJP2;LRGUK;DLG2"
"GOMF_HORMONE_BINDING",0.0739769150052466,0.800490086068333,0.418683532674548,1.27983166413158,422,85,"INHBA;NPR3;GCGR;ALDH1A3;CRYM;SULT2B1;AVPR1A;TTR;GPER1;PTH1R;ALDH1A1;NR3C1;EDNRB;GHR;CALCR;CMKLR2;CMKLR1;ATP1A2;RNLS;PDE3A;EGFR;LHCGR;VIPR1;SLC40A1;SCTR;PRLR;SHC1;CTSH;LEPR;CALR;GALR3;ECE1;CCKAR;SEC61B;TSPO"
"GOMF_CARGO_RECEPTOR_ACTIVITY",0.0752802989855846,0.805284112577225,0.442020288645942,1.30013636176312,422,66,"LYVE1;COLEC12;PRG4;DAB2;STAB2;SCARA5;CD6;FOLR1;CD163L1;MEGF10;AMN;ENDOU;CD163;SCARF2;SSC5D;LRP10;LRP1B;ENPP2;CXCL16;VLDLR;CD36;STBD1;MSR1;SDC1;VTN;SSC4D;SCARA3"
"GOMF_STEROID_HORMONE_BINDING",0.0748890175641768,0.805284112577225,0.789050546794042,1.41347697037756,387,6,"SULT2B1;GPER1;NR3C1;ATP1A2"
"GOMF_MECHANOSENSITIVE_MONOATOMIC_ION_CHANNEL_ACTIVITY",0.0767665556788753,0.80775662275941,0.590348018845428,1.39169360925457,414,20,"TMC1;TRPV4;TMC8;PIEZO2;TMC6;TMC3;TMEM63A;TMC2"
"GOMF_NUCLEOSIDE_MONOPHOSPHATE_KINASE_ACTIVITY",0.0768059181897302,0.80775662275941,-0.581093380432834,-1.39991606110083,352,20,"CARD11;CASK;TJP2;CMPK2;LRGUK;DLG2"
"GOMF_RIBOFLAVIN_TRANSMEMBRANE_TRANSPORTER_ACTIVITY",0.0767475627463182,0.80775662275941,-0.780376381964976,-1.41054140185261,369,6,"SLC52A3;SLC52A1"
"GOMF_C_X_C_CHEMOKINE_RECEPTOR_ACTIVITY",0.0777842115421733,0.808955800038603,0.810482482821388,1.39796233171777,402,5,"CXCR5;GPR25;CXCR4"
"GOMF_METAL_ION_SENSOR_ACTIVITY",0.0776762402088773,0.808955800038603,-0.580351824756395,-1.39812957421834,356,20,"SLC39A4;SYT10;SYT6;SYT9;SYT17;SYT1;SYT5;SYT12;SYT2;SYT7;SYT3;SYT13;MICU3"
"GOMF_GABA_A_RECEPTOR_ACTIVITY",0.0828693790149893,0.820801468338942,-0.603456657543419,-1.40251039509109,386,17,"GABRG1;GABRP;GABRA1;GABRR1;GABRR2;GABRG3;GABRA5;GABRB2;GABRQ;GABRG2;GABRB3"
"GOMF_GAP_JUNCTION_CHANNEL_ACTIVITY_INVOLVED_IN_CARDIAC_CONDUCTION_ELECTRICAL_COUPLING",0.0806794055201698,0.820801468338942,0.809075987132341,1.39553633481508,417,5,"GJA5;GJA1;GJC3;GJC1"
"GOMF_HYDROLASE_ACTIVITY_ACTING_ON_CARBON_NITROGEN_BUT_NOT_PEPTIDE_BONDS",0.0815307820299501,0.820801468338942,-0.378163898157048,-1.2372068126453,342,113,"GDA;CDA;PGLYRP2;AICDA;ACR;PADI3;ALLC;APOBEC3D;AMPD3;UPB1;FAAH2;GCH1"
"GOMF_INTERFERON_RECEPTOR_ACTIVITY",0.0795213279289712,0.820801468338942,0.809790400251578,1.39676859171285,411,5,"IL22RA1;IFNGR1;IFNGR2"
"GOMF_R_SMAD_BINDING",0.0798087532180949,0.820801468338942,0.544108000791021,1.3648725975626,433,27,"RGCC;SMAD6;PPARG;LDLRAD4;PMEPA1;ANKRD1;JUN;SMAD3;ZEB2"
"GOMF_SULFURIC_ESTER_HYDROLASE_ACTIVITY",0.0823330832708177,0.820801468338942,0.610209176301349,1.39030979427317,438,17,"ARSH;SULF1;ARSJ;ARSI;ARSL"
"GOMF_TYPE_I_INTERFERON_RECEPTOR_BINDING",0.0823762376237624,0.820801468338942,0.960269015680398,1.28265966526347,415,1,"IFNA21"
"GOMF_UBIQUITIN_LIGASE_ACTIVATOR_ACTIVITY",0.0818702290076336,0.820801468338942,0.669949107637865,1.40938832013503,428,12,"CDC20B;CDC20"
"GOMF_VASCULAR_ENDOTHELIAL_GROWTH_FACTOR_BINDING",0.0825993345077315,0.820801468338942,0.836602199849918,1.36931190707131,421,4,"PDGFRA;PDGFRB;KDR"
"GOMF_RNA_POLYMERASE_I_TRANSCRIPTION_REGULATORY_REGION_SEQUENCE_SPECIFIC_DNA_BINDING",0.0833158005470229,0.820879887494879,-0.675716748314301,-1.41707303719428,395,11,"UBTFL1"
"GOMF_GAP_JUNCTION_CHANNEL_ACTIVITY_INVOLVED_IN_CELL_COMMUNICATION_BY_ELECTRICAL_COUPLING",0.0846286701208981,0.829449583593305,0.759550405778156,1.41267954521896,440,7,"GJB2;GJA5;GJA1;GJC3"
"GOMF_CIS_REGULATORY_REGION_SEQUENCE_SPECIFIC_DNA_BINDING",0.0859353023909986,0.837869198312236,0.288707227532508,1.1037680874992,610,1113,"UTY;ZFY;ZNF876P;ERG;TWIST1;HOXA9;SRY;HOXC6;MSX2;KLF14;HOXB13;HOXA4;SOX10;FEV;TCF21;FOXC1;FOXD2;WT1;PRRX2;TFAP2B;MEOX1;MYOD1;PRRX1;MYOG;DLX4;FOXA2;SNAI2;TBX1;TBX3;TBX18;HOXB9;MSX1;GSC;TBX15;GATA3;GLIS1;TBX5;RARG;EPAS1;GATA6;PTF1A;SIX2;HAND2;FLI1;ETS1;GATA2;ZNF683;HOXB7;FOXC2;FOXD3;FOXE1;FOXL2;PITX3;NFATC2;SNAI1;HAND1;ASCL2;PPARG;FOXD1;HSFY1;PITX1;NFIX;ELK3;SP5;HOXC10;FOXS1;FOXF2;HOXC9;FOXL1;ATOH8;NR3C2;PAX3;TBX2;RARB;HOXA7;RUNX2;CEBPD;TAL2;POU4F3;GATA1;MEF2B;CDX2;PAX7;NR3C1;NR4A2;GLIS3;FOXJ1;EN2;ELF4;MAF;ATOH1;EN1;NR2F2;MEF2C;BATF2;HES1;HOXC5;NFATC4;NFATC1;HEYL;NFIA;FOXQ1;SPI1;NFKBIZ;POU2F3;ETV2;GATA5;OLIG3;MAFB;ZIC4;GFI1;GATA4;NFIB;TGIF1;POU4F2;HOXA11;TBX4;GRHL3;TEAD3;TFAP2A;PRDM1;GRHL2;RFX6;LITAF;FOXE3;FOXO1;HEY1;TP73;FOXD4;CREB3L2;NKX2-5;STAT6;NR1H4;HOXB4;HOXB3;HOXA5;NFIC;AHR;MEOX2;ZNF665;JUN;NKX3-2;RAX;ELF1;GFI1B;BHLHA15;HOXB5;HOXD9;MXD3;SMAD9;SIX5;RXRG;TFAP2C;FOXA1;TLX1;PKNOX2;SMAD3;IRF3;BCL6;ZNF83;GLI1;POU4F1;ZIC2;EVX1"
"GOMF_RNA_POLYMERASE_I_CORE_PROMOTER_SEQUENCE_SPECIFIC_DNA_BINDING",0.0863885377159713,0.837924054944551,-0.708485988245472,-1.4162835636108,409,9,"UBTFL1"
"GOMF_PEPTIDE_HORMONE_RECEPTOR_BINDING",0.0884573894282632,0.853568211390251,-0.588572637389049,-1.38665532728467,409,18,"PTH;PTHLH;GPHA2;GHRH;GNRH2;GRIA1;GNRH1"
"GOMF_HMG_BOX_DOMAIN_BINDING",0.0889312977099237,0.853740458015267,0.663192937168839,1.39517519910938,465,12,"MEOX1;PRRX1;GATA3;ALX4"
"GOMF_METALLOEXOPEPTIDASE_ACTIVITY",0.0895707697765165,0.855492250110403,0.432103505620009,1.27632911089562,504,68,"FOLH1B;MEP1A;XPNPEP2;MMP14;CPA1;CPZ;CPB1;CPA4;MME;CPQ;CPM;CNDP1;AGBL1;AEBP1;ERAP2;ACE2;CPXM1;MMP16;NAALAD2;MMP15;XPNPEP3;NPEPPSP1;CPXM2;AOPEP"
"GOMF_INSULIN_LIKE_GROWTH_FACTOR_RECEPTOR_BINDING",0.0908237943328955,0.863056563407007,0.636004184174658,1.38817060383958,483,14,"IGF1;IGF2;SOCS1;IRS1;SHC1"
"GOMF_5_3_DNA_EXONUCLEASE_ACTIVITY",0.0936906520362946,0.8813512593565,-0.721274840973374,-1.40041451391576,443,8,"PLD4"
"GOMF_TRACE_AMINE_RECEPTOR_ACTIVITY",0.0932673267326733,0.8813512593565,0.955882890456523,1.27680098835148,470,1,"TAAR1"
"GOMF_GAP_JUNCTION_HEMI_CHANNEL_ACTIVITY",0.0941903107508203,0.881621308627678,0.799661778469992,1.37929821817241,487,5,"GJA5;GJA3;GJA1"
"GOMF_CARBOHYDRATE_PROTON_SYMPORTER_ACTIVITY",0.095375167914028,0.887202096005779,0.751934266778064,1.39851437106182,496,7,"SLC2A10;SLC2A9;SLC45A2"
"GOMF_MICROFIBRIL_BINDING",0.0957344142057518,0.887202096005779,0.776021246197919,1.39013674660157,495,6,"LTBP2;ADAMTSL5;VWA1"
"GOMF_ALPHA_1_4_GLUCOSIDASE_ACTIVITY",0.0964643368076844,0.889562751251159,-0.831885860975343,-1.37251110468882,471,4,"MGAM2"
"GOMF_DNA_BINDING_BENDING",0.0993998499624906,0.896687116564417,0.597153352497384,1.36056320832869,529,17,"FOXC1;FOXD1;FOXL1;FOXD4;FOXI1;HMGA2"
"GOMF_MUSCLE_ALPHA_ACTININ_BINDING",0.0992881228924691,0.896687116564417,0.617680337351277,1.37100416125064,529,15,"MYPN;PDLIM3;PDLIM2;PDLIM7;TTN;NRAP;PRICKLE4;PKD2"
"GOMF_PROTEIN_N_TERMINAL_AMINO_ACID_ACETYLTRANSFERASE_ACTIVITY",0.0983986514959966,0.896687116564417,-0.699868415946947,-1.39905679242954,466,9,"NAA11"
"GOMF_SERINE_HYDROLASE_ACTIVITY",0.098839194264254,0.896687116564417,0.365589542902468,1.20335159519739,578,153,"CFI;TMPRSS15;F11;PLAT;OVCH2;PRSS56;FAP;MMP14;PRSS12;RBP3;CORIN;TMPRSS11D;KLK10;HGF;PROZ;PRSS51;TMPRSS7;TMPRSS13;MMP2;ENDOU;PRTN3;HABP2;RHBDF1;HTRA1;CTSC;BMP1;FAM111A;TLL1;PRRG4;C1S;PRSS33;HTRA3;TPSG1;PCSK6;PLAU;IMMP2L;MMP3;TMPRSS9;PRRG3;MMP19;NCEH1;TMPRSS4;F2;SCPEP1;CTSS;PRSS36;FURIN;PRRG2;CTSK;PCSK9;NAALAD2;PCSK5;PRSS23;TPP1;CTSH;CTSA"
"GOMF_VOLTAGE_GATED_CHANNEL_ACTIVITY",0.0996319018404908,0.896687116564417,-0.343400080811985,-1.17948924836724,405,168,"KCNE3;KCNJ1;CACNA1F;CALHM1;TMC4;LRRC38;KCNJ10;TRPA1;KCNK15;CLCN1;KCNQ5;ABCC8;RYR1;CYBB;CACNA2D3;KCNH4;GRIN2B;CACNB2;KCNN1;CALHM6;KCNH5;KCNH7;GRIN1;KCNK10;HCN1;KCNAB1;CATSPER4;KCNH8;CATSPER2;TSPOAP1;KCNQ1;KCNA3;KCNA5;KCNIP2;KCNQ3;KCND1;KCNAB3;KCNT1;KCNN2;P2RX5;KCNJ11;CACNB1;KCNE1;SCN2B;KCNJ16;KCNH2;KCNE4;SNAP25;CACNG8;CACNG2;GRIN2C;KCNJ9;KCNA2;LRRC26;KCNC1;CACNA2D4;CACNG7"
"GOMF_RETROMER_COMPLEX_BINDING",0.101413292589763,0.908352553722664,0.683759040967354,1.38118241381396,530,10,"RCSD1;SNX3;M6PR;IGF2R;TBC1D5;WASHC2A;WASHC2C"
"GOMF_LONG_CHAIN_FATTY_ACID_COA_LIGASE_ACTIVITY",0.102098164106407,0.910132205748541,0.615580460877751,1.36634327242315,544,15,"ACSM1;ACSL5;ACSF2;ACSBG1;SLC27A6"
"GOMF_IODIDE_TRANSMEMBRANE_TRANSPORTER_ACTIVITY",0.102675793403858,0.910643321413619,-0.793160085074247,-1.36582697118716,494,5,"SLC5A5"
"GOMF_ISOPRENOID_BINDING",0.103128410331029,0.910643321413619,0.498945762112568,1.30937762896041,566,34,"UGT2B7;RBP3;CYP26C1;ABCA4;UGT2B15;RLBP1;STRA6;NR2F2;CYP26A1;RBP2;ADH4;CYP2W1;SERPINA5;LCN12;PTGDS;ALDH1A2;OPN3;CRABP2;OPN5"
"GOMF_CELL_MATRIX_ADHESION_MEDIATOR_ACTIVITY",0.105403348554033,0.917453616857767,0.702277023415367,1.38190337178078,553,9,"EMILIN1;SVEP1;ITGA1;ITGA9;ITGA10;ITGB1"
"GOMF_DIACYLGLYCEROL_O_ACYLTRANSFERASE_ACTIVITY",0.106350125458406,0.917453616857767,0.791662687086299,1.36550096939851,550,5,"MOGAT2;DGAT2L6"
"GOMF_HEXOSAMINIDASE_ACTIVITY",0.105951478392722,0.917453616857767,0.636619149536008,1.3644191642067,558,13,"CEMIP;HEXB;HYAL2;HEXA;NAGLU;GM2A;NAGPA;HYAL1"
"GOMF_INTEGRIN_BINDING_INVOLVED_IN_CELL_MATRIX_ADHESION",0.106350125458406,0.917453616857767,0.791492774873358,1.36520789597815,550,5,"EMILIN1;SVEP1;ITGA9;ITGB1"
"GOMF_NADPLUS_PROTEIN_ARGININE_ADP_RIBOSYLTRANSFERASE_ACTIVITY",0.106350125458406,0.917453616857767,0.791605307122415,1.36540199745303,550,5,"ART3;ART4;ART5;SIRT6;ARF4"
"GOMF_CATALYTIC_ACTIVITY_ACTING_ON_A_GLYCOPROTEIN",0.111607974659959,0.930516044285982,0.579556406479057,1.33864744518635,598,18,"ABO;GCNT3;GCNT4;MGAT1;C1GALT1;GCNT1;MGAT2"
"GOMF_CYCLASE_REGULATOR_ACTIVITY",0.108923603680719,0.930516044285982,-0.616282322861491,-1.36540305038606,508,14,"RCVRN;RGS2;GUCA1B;GUCA1A;GRM7;GNAZ;NCS1;CALM3"
"GOMF_DISACCHARIDE_BINDING",0.111002921129503,0.930516044285982,0.855855801869054,1.3248480110778,569,3,"LGALS1;LGALS3"
"GOMF_HISTONE_H3K9ME2_3_READER_ACTIVITY",0.111062622736199,0.930516044285982,-0.548244441932437,-1.33502034636552,508,21,"DPPA3"
"GOMF_ICOSANOID_BINDING",0.1109824358232,0.930516044285982,0.788723494929129,1.3604312979269,574,5,"PPARG;OXER1;ALOX5AP"
"GOMF_NEUREXIN_FAMILY_PROTEIN_BINDING",0.11184087070745,0.930516044285982,0.62110021501475,1.35564054761807,595,14,"NLGN4Y;SYTL1;SYTL2"
"GOMF_PYRIMIDINE_NUCLEOBASE_TRANSMEMBRANE_TRANSPORTER_ACTIVITY",0.111587982832618,0.930516044285982,-0.821607797301069,-1.35555354213198,545,4,"SLC28A2"
"GOMF_STRUCTURAL_CONSTITUENT_OF_CHROMATIN",0.109501942776404,0.930516044285982,0.42038330840166,1.24989921477839,619,70,"H2AC19;H2AC16;H3C3;H4C12;H1-3;H2BC3;H3C12;H2BC13;H1-2;H3C10;H3-5;H2BC12;H2AC15;H4C14;H2AJ;H2AC17;H2BC9;H2AC12;H4C9;H1-4;H2AC4;H2AC8"
"GOMF_CALCIUM_ACTIVATED_CATION_CHANNEL_ACTIVITY",0.113030170529077,0.931541263660344,-0.528676521704544,-1.32339643909261,516,24,"PKD1L3;CALHM1;KCNU1;TRPM5;KCNMB3;KCNN1;CATSPER4;CATSPER2;KCNN2;KCNMB2"
"GOMF_PHOSPHATIDYLINOSITOL_3_4_BISPHOSPHATE_BINDING",0.113456948779144,0.931541263660344,0.518488746292634,1.31016195308395,617,28,"ANXA8;RS1;PLEK2;PLEK;PLEKHA4;DAPP1;ARAP3;PLEKHA2;PHLDA3;NCF1;SH3PXD2A;TTPA"
"GOMF_PRIMARY_METHYLAMINE_OXIDASE_ACTIVITY",0.112502609058652,0.931541263660344,-0.730835540230893,-1.37637822169728,538,7,"IL4I1;DAO;MAOB;MAOA;VCAM1"
"GOMF_HISTONE_H4K20_METHYLTRANSFERASE_ACTIVITY",0.115737203972498,0.946113737277364,0.671335212947349,1.35608647833763,605,10,"PRDM6;SMYD5"
"GOMF_NEUROPEPTIDE_BINDING",0.116299367226707,0.946575719340853,-0.545008192852416,-1.32713981345486,532,21,"GPR149;NPBWR2;GRPR;NMUR1;SSTR5;SSTR3;GALR1;MC4R"
"GOMF_SEMAPHORIN_RECEPTOR_ACTIVITY",0.118650492797574,0.961531266307612,0.628016172882317,1.3459810348729,625,13,"TREM2;PLXND1;NRP2;PLXNA4;PLXNB2"
"GOMF_ALDEHYDE_DEHYDROGENASE_NAD_P_PLUS_ACTIVITY",0.120877096001474,0.97535311946017,0.545623961793162,1.31131564760479,655,22,"AKR1B10;ALDH1A3;ALDH1A1;ALDH3B1;ADH4;ALDH1L1;ALDH1A2;ALDH9A1;ALDH8A1"
"GOMF_BILE_ACID_SODIUM_SYMPORTER_ACTIVITY",0.122828530553852,0.986845533033527,-0.815418316341908,-1.34534164679005,600,4,"SLC10A1;SLC10A4"
"GOMF_DIOXYGENASE_ACTIVITY",0.123448155271901,0.987585242175205,0.389381774133857,1.20628202474756,705,95,"KDM5D;UTY;BCO1;BBOX1;HAAO;P4HA3;ALOX15;PLOD2;HPD;RPE65;PTGS2;P4HA1;P3H2"
"GOMF_CARBOXYPEPTIDASE_ACTIVITY",0.124014336917563,0.987892930679478,0.450341355294626,1.24997074842347,691,46,"FOLH1B;CPA1;CPZ;CPB1;CPA4;MME;CPQ;CPM;CNDP1;AGBL1;AEBP1;SCPEP1;CTSZ;ACE2;NAALADL1;CPXM1;NAALAD2;CTSA"
"GOMF_CAMP_BINDING",0.125054656755575,0.991958972230663,-0.51939408228502,-1.30016040198946,571,24,"POPDC3;HCN1;RAPGEF4;CNGB1;CNGA4;PDE4A;PDE4B;PDE2A;HCN4;PDE4D;PRKAR1B;POPDC2;NME3;PRKAR2B;PRKAR2A;PDE10A;RAPGEF2;HCN3;HCN2"
"GOMF_ARACHIDONATE_MONOOXYGENASE_ACTIVITY",0.126417471650567,0.994342466091855,-0.630993899942511,-1.35161015180808,601,12,"CYP4Z1;CYP2B6;CYP2S1;CYP2C18;CYP2A13;CYP2A6"
"GOMF_MIRNA_BINDING",0.125925925925926,0.994342466091855,-0.451794952395685,-1.25609654057523,560,41,"LINC-ROR;POU5F1;LIN28A;TUSC8;DND1"
"GOMF_ABC_TYPE_TRANSPORTER_ACTIVITY",0.137177650429799,0.998785958006926,0.443025455587229,1.2392492948547,765,48,"ABCA8;ABCA6;ABCC12;ABCA4;ABCA9;ABCC2;ABCC9;ABCB4;ABCB5;ABCB1;ABCA10;ABCA12;ABCD1;ABCG2;TAP1;CFTR;ABCC6"
"GOMF_ACTININ_BINDING",0.141891891891892,0.998785958006926,0.473877112554363,1.25382021152431,776,36,"MYOT;MYPN;PPARG;PTPRT;CSRP1;PDLIM3;PDLIM2;PDLIM7;TTN;CSRP2;NRAP;PRICKLE4;MICALL2;PKD2"
"GOMF_ACTIVIN_RECEPTOR_ACTIVITY",0.131659056316591,0.998785958006926,0.681840302883003,1.34168908016909,691,9,"TGFBR2;ACVRL1;ACVR1;BMPR2"
"GOMF_CASPASE_BINDING",0.141169023000633,0.998785958006926,-0.687136684035328,-1.33413247031937,668,8,"NLRP7;BCL2L10;NOL3"
"GOMF_CERAMIDE_BINDING",0.144028321222284,0.998785958006926,0.560282771828034,1.29412960102725,772,18,"MAG;PLA2G4A;PLTP;GLTPD2;PLEKHA8P1"
"GOMF_CHEMOKINE_ACTIVITY",0.144980730409249,0.998785958006926,0.524838003126682,1.27567150766101,789,23,"CXCL6;CXCL8;CXCL1;CCL20;CXCL2;CCL26;CXCL13;CCL2;CXCL3;CXCL12;CXCL14"
"GOMF_D_MANNOSE_BINDING",0.145122746035194,0.998785958006926,-0.539573973808204,-1.2842332294199,667,19,"MRC1;ACR;CLEC4A;CLEC6A;CD207;CLEC4G;ASGR2;CD209"
"GOMF_DIPEPTIDASE_ACTIVITY",0.13728432108027,0.998785958006926,0.573461097226658,1.30658241644521,731,17,"FOLH1B;MEP1A;CPQ;CNDP1"
"GOMF_ENDOPEPTIDASE_ACTIVATOR_ACTIVITY",0.130004399472063,0.998785958006926,-0.492554728269014,-1.27933012285,590,29,"NLRP12;PYCARD"
"GOMF_FIBROBLAST_GROWTH_FACTOR_BINDING",0.138750690989497,0.998785958006926,0.535730141143048,1.28753750965342,752,22,"CXCL13;ITGB3;THBS1;TGFBR3;ITGAV;FGFR2;RPS19"
"GOMF_GABA_RECEPTOR_ACTIVITY",0.14204669430504,0.998785958006926,-0.530133946393862,-1.29091979891348,650,21,"GABRG1;GABRP;GABRA1;GABRR1;GABRR2;GABRG3;GABRA5;GABRB2;GABRQ;GABRG2;GABRB3"
"GOMF_GAP_JUNCTION_CHANNEL_ACTIVITY",0.134153158188932,0.998785958006926,0.565674184232539,1.30658257430224,719,18,"GJB3;GJB2;GJA5;GJA3;GJB1;GJA1;GJA4;GJC3;GJA8"
"GOMF_HYDROLASE_ACTIVITY_ACTING_ON_CARBON_NITROGEN_BUT_NOT_PEPTIDE_BONDS_IN_LINEAR_AMIDINES",0.140113948090314,0.998785958006926,-0.687516634132424,-1.33487017472872,663,8,"PADI3;ALLC;ARG2;PADI1;AGMAT"
"GOMF_INTERLEUKIN_1_BINDING",0.144334247731589,0.998785958006926,-0.684827538433337,-1.32964907393276,683,8,"NLRP7"
"GOMF_INTRAMEMBRANE_LIPID_TRANSPORTER_ACTIVITY",0.138720057204147,0.998785958006926,0.435996354339765,1.23081445216067,775,51,"XKR9;ABCA4;ATP10B;PLSCR5;ABCB4;ATP10D;ANO9;TMEM63A;ATP10A;ABCB1;PLSCR1;SERINC2;ABCA12;PLSCR3"
"GOMF_MONOCARBOXYLIC_ACID_BINDING",0.132848527846754,0.998785958006926,0.413396907163376,1.22107434932691,748,68,"PMP2;UGT2B7;ID3;CYP26C1;PPARG;OXER1;UGT2B15;NR2F2;GSTA1;CYP26A1;RBP2;ALOX5AP;CYP2W1;ACOX2;SERPINA5;NR1H4;LCN12;FABP1;UCP1;PTGDS;NOD2;PYGL;CRABP2"
"GOMF_NADPLUS_PROTEIN_ASPARTATE_ADP_RIBOSYLTRANSFERASE_ACTIVITY",0.143038510368176,0.998785958006926,-0.601254665965156,-1.31468366458216,675,13,"PARP15"
"GOMF_NOTCH_BINDING",0.136154553817847,0.998785958006926,0.514493570695855,1.27930779439036,739,26,"TCIM;MEGF10;CCN3;SNED1;NOTCH2NLA;NOTCH2NLB;JAG1"
"GOMF_NUCLEOSIDE_BINDING",0.135682633466976,0.998785958006926,-0.690905744441414,-1.3414504115488,642,8,"CDA"
"GOMF_NUCLEOTIDE_SUGAR_TRANSMEMBRANE_TRANSPORTER_ACTIVITY",0.141205458680819,0.998785958006926,0.614849251526215,1.31776133735837,744,13,"SLC35D3;SLC35A1;SLC35A4;SLC35D2;SLC35B1;SLC35A3;SLC35C1;SLC35A2"
"GOMF_OXIDOREDUCTASE_ACTIVITY_ACTING_ON_THE_CH_NH_GROUP_OF_DONORS",0.141858325666973,0.998785958006926,0.510352944788187,1.26901197088732,770,26,"CRYM;DHFRP1;BLVRB;ALDH1L1;NOXRED1;PYCR1;DMGDH"
"GOMF_OXIDOREDUCTASE_ACTIVITY_ACTING_ON_THE_CH_NH_GROUP_OF_DONORS_NAD_OR_NADP_AS_ACCEPTOR",0.143283025899012,0.998785958006926,0.560663650722217,1.29500934724853,768,18,"CRYM;DHFRP1;BLVRB;ALDH1L1;NOXRED1;PYCR1"
"GOMF_PHOSPHATASE_ACTIVITY",0.132822477650064,0.998785958006926,-0.315459939948531,-1.12996376228862,519,260,"ALPG;ALPP;LCK;PPEF2;PHOSPHO1"
"GOMF_PHOSPHATIDYLETHANOLAMINE_BINDING",0.136942675159236,0.998785958006926,0.590877971372067,1.31151359134447,730,15,"TREM2;MAP1LC3C;ANXA11;PLTP"
"GOMF_PHOSPHATIDYLSERINE_BINDING",0.133499466002136,0.998785958006926,0.433142655672053,1.23206856599739,749,53,"ANXA8;RS1;TREM2;CAVIN2;ANXA1;ANXA2P2;MME;THBS1;RPE65;TLN1;ANXA3;ANXA6;ANXA11;MFGE8;JPH2;ANXA4;SCIN;SYTL2;AXL;ANXA2"
"GOMF_PROCOLLAGEN_PROLINE_4_DIOXYGENASE_ACTIVITY",0.137039181625169,0.998785958006926,0.773638245901257,1.33441147596587,709,5,"P4HA3;P4HA1;P4HA2;P4HB"
"GOMF_PURINE_NUCLEOTIDE_TRANSMEMBRANE_TRANSPORTER_ACTIVITY",0.131172503806831,0.998785958006926,-0.508913994748478,-1.28768111574563,602,25,"SLC25A47;SLC17A9;ABCC4;SLC25A31;SLC25A53;SLC25A23;SLC25A41;ABCC11;SLC25A51"
"GOMF_SECONDARY_ACTIVE_MONOCARBOXYLATE_TRANSMEMBRANE_TRANSPORTER_ACTIVITY",0.140008576329331,0.998785958006926,-0.580707311837119,-1.31022560892701,652,15,"SLC10A1;SLC6A13;SLC32A1;SLC10A4;SLC16A3;SLC6A6"
"GOMF_SEMAPHORIN_RECEPTOR_BINDING",0.138356669123066,0.998785958006926,0.523598080510083,1.28195883377834,750,24,"SEMA3G;TREM2;SEMA3B;SEMA3F;RIT2;SEMA3A"
"GOMF_THYROID_HORMONE_BINDING",0.130090716077977,0.998785958006926,0.778222140511558,1.3423180157537,673,5,"ALDH1A3;CRYM;CTSH"
"GOMF_TOXIN_TRANSMEMBRANE_TRANSPORTER_ACTIVITY",0.129203876116283,0.998785958006926,0.703285348823373,1.35169905049667,679,8,"ABCC2;SLC7A8;SLC22A3;SLC22A1;LRP5;ABCG1"
"GOMF_TRANSCRIPTION_REGULATOR_INHIBITOR_ACTIVITY",0.131963223363981,0.998785958006926,0.461353004373824,1.25561717223692,731,41,"ID3;ID1;SMAD6;MDFI;ID2;NFIB;SMAD7;DACT1;ANXA4"
"GOMF_TYPE_1_ANGIOTENSIN_RECEPTOR_BINDING",0.139741362671299,0.998785958006926,0.77226951299981,1.33205061428291,723,5,"EDNRB;AGT;ARAP1;BDKRB2"
"GOMF_ZINC_PROTON_ANTIPORTER_ACTIVITY",0.140634723086497,0.998785958006926,-0.767698524944857,-1.32198199435632,677,5,"SLC30A8;SLC30A2"
"GOMF_COA_TRANSFERASE_ACTIVITY",0.146689828218491,0.999679436910659,0.76752096233347,1.32386006716745,759,5,"ACSM3;SUGCT"
"GOMF_INSULIN_RECEPTOR_BINDING",0.146152426646983,0.999679436910659,0.538640494078677,1.28345907349417,791,21,"IGF1;IGF2;IRS1;SHC1;SNX2;SNX1;IRS4"
"GOMF_VOLTAGE_GATED_CHLORIDE_CHANNEL_ACTIVITY",0.146854618135914,0.999679436910659,-0.630937220642724,-1.32316407098915,697,11,"TMC4;CLCN1"
"GOMF_1_4_ALPHA_OLIGOGLUCAN_PHOSPHORYLASE_ACTIVITY",0.871453387376954,1,0.369609653033904,0.637521949372646,4514,5,"PYGL;MTAP;PYGM;TYMP;PYGB"
"GOMF_1_ACYLGLYCEROPHOSPHOCHOLINE_O_ACYLTRANSFERASE_ACTIVITY",0.513205396161885,1,0.506514857628982,0.973510472335314,2700,8,"MBOAT1;LPCAT2;PRDX6"
"GOMF_1_ALKYL_2_ACETYLGLYCEROPHOSPHOCHOLINE_ESTERASE_ACTIVITY",0.995021779713752,1,-0.227785491103768,-0.411725512673978,4796,6,"PLA2G7;PAFAH1B2;PAFAH1B3"
"GOMF_1_PHOSPHATIDYLINOSITOL_3_KINASE_ACTIVITY",0.320480404551201,1,-0.568189199902011,-1.13582630876756,1520,9,"PIK3C2B;PIK3C2G;PIK3CB;PIK3R3;PIK3CD"
"GOMF_1_PHOSPHATIDYLINOSITOL_3_KINASE_REGULATOR_ACTIVITY",0.435386849201411,1,-0.5825970986338,-1.05305253620434,2098,6,"PIK3R6;PIK3R3;CCKBR"
"GOMF_1_PHOSPHATIDYLINOSITOL_4_5_BISPHOSPHATE_3_KINASE_ACTIVITY",0.291225886745488,1,-0.653934356237947,-1.18199564323675,1403,6,"PIK3R6;PIK3CB;PIK3CD;IPMK"
"GOMF_1_PHOSPHATIDYLINOSITOL_4_PHOSPHATE_3_KINASE_ACTIVITY",0.217174859987554,1,-0.690514815683253,-1.2481153436004,1046,6,"PIK3C2B;PIK3C2G;PIK3CB;PIK3CD"
"GOMF_1_PHOSPHATIDYLINOSITOL_4_PHOSPHATE_5_KINASE_ACTIVITY",0.732305936073059,1,0.41001424601455,0.806804224193653,3848,9,"PIPSL;PIP5K1B;PIP4K2C"
"GOMF_1_PHOSPHATIDYLINOSITOL_BINDING",0.95391532409142,1,0.272628304835861,0.605126175794237,5091,15,"FRMPD2;SCIN;ZFYVE16"
"GOMF_11_CIS_RETINAL_BINDING",0.255742134723026,1,0.708932478244154,1.22280360319035,1324,5,"ABCA4;RLBP1;OPN3;OPN5"
"GOMF_14_3_3_PROTEIN_BINDING",0.812397745864388,1,0.304316845305312,0.79029251301024,4468,32,"NFATC2;ZFP36;SIK1;ESR1;CFTR;DDIT4;HDAC7;ZFP36L1"
"GOMF_17_BETA_HYDROXYSTEROID_DEHYDROGENASE_NADPLUS_ACTIVITY",0.371271138134144,1,0.567055445528912,1.08986815747372,1953,8,"DHRS9;HSD17B2;HSD17B6;HSD17B8"
"GOMF_17_BETA_HYDROXYSTEROID_DEHYDROGENASE_NADPPLUS_ACTIVITY",0.740243390684012,1,-0.389042723590302,-0.795189940375691,3527,10,"HSD17B3;AKR1C4"
"GOMF_2_ACYLGLYCEROL_3_PHOSPHATE_O_ACYLTRANSFERASE_ACTIVITY",0.773401826484018,1,0.392984787755846,0.773294562048001,4064,9,"MBOAT1;LPCAT2;CRLS1;MBOAT7"
"GOMF_2_IRON_2_SULFUR_CLUSTER_BINDING",1,1,-0.140996052631717,-0.364024487973746,4554,28,"FXN;BOLA2B;CISD1;CISD3;KIAA0753;XDH;AOX1;CISD2;RFESD;ISCA1;GLRX5;NDUFS1;FDX1;UQCRFS1;NFU1"
"GOMF_3_5_CYCLIC_NUCLEOTIDE_PHOSPHODIESTERASE_ACTIVITY",0.803865583132001,1,-0.315263683459831,-0.78092455293113,3659,23,"PDE6A;PDE4C;PDE3B;PDE4A;PDE4B;PDE2A;PDE4D;PDE11A;PDE1B"
"GOMF_3_5_DNA_EXONUCLEASE_ACTIVITY",0.949598088203346,1,-0.266574276280402,-0.634470082557284,4370,19,"MEIOB;TREX1;TREX2"
"GOMF_3_5_DNA_HELICASE_ACTIVITY",0.92043972424073,1,0.288274449564772,0.665850383341986,4939,18,"HELQ;RECQL;HFM1;RECQL5;NAV2;FANCM;FBH1;MCM5;WRN;MCM9;MCM6;RECQL4;DHX9;ERCC3;ASCC3;MCM8;MCM2;BLM"
"GOMF_3_5_EXONUCLEASE_ACTIVITY",0.999822443181818,1,0.171457831637554,0.496587377587274,5630,59,"PNLDC1;EXD1;EXO5"
"GOMF_3_5_RNA_HELICASE_ACTIVITY",0.73491964099353,1,-0.418683002666234,-0.788503206183118,3520,7,"AQR;DHX38;YTHDC2;DHX40;DHX9;SUPV3L1"
"GOMF_3_BETA_HYDROXYSTEROID_3_DEHYDROGENASE_NADPPLUS_ACTIVITY",0.966138187512233,1,0.302571860487308,0.495235670411,4935,4,"DHRS4;DHRS11;CBR3"
"GOMF_3_CHLOROALLYL_ALDEHYDE_DEHYDROGENASE_ACTIVITY",0.21471912311607,1,0.768797384577588,1.25833211174466,1096,4,"ALDH3B1;ALDH1A2"
"GOMF_3_HYDROXYACYL_COA_DEHYDRATASE_ACTIVITY",0.980486781368023,1,-0.242120658135283,-0.494886294054102,4672,10,"EHHADH;HACD3;HTD2;HACD2;HACD1;HSD17B4;HADHA;ECHS1;CDYL;HACD4"
"GOMF_3_OVERHANG_SINGLE_STRANDED_DNA_ENDODEOXYRIBONUCLEASE_ACTIVITY",0.785562632696391,1,0.430669589112738,0.742841302257558,4069,5,"ASTE1;ERCC1;SND1;XRCC1"
"GOMF_3_PHOSPHOADENOSINE_5_PHOSPHOSULFATE_BINDING",0.353771597134429,1,-0.553239531195267,-1.10594149746279,1678,9,"SULT2A1"
"GOMF_3S_3_HYDROXYACYL_COA_DEHYDROGENASE_NADPLUS_ACTIVITY",0.93507571043352,1,-0.318637128025152,-0.5759411376792,4507,6,"EHHADH;HADH;HSD17B10;HSD17B4;HADHA;HADHB"
"GOMF_4_GALACTOSYL_N_ACETYLGLUCOSAMINIDE_3_ALPHA_L_FUCOSYLTRANSFERASE_ACTIVITY",0.341215515453225,1,-0.664196327370059,-1.1437505179053,1644,5,"FUT9;FUT7;FUT3"
"GOMF_4_IRON_4_SULFUR_CLUSTER_BINDING",1,1,-0.152699981695039,-0.433881520898692,4440,45,"RSAD2;TYW1B;PPAT;DPH2;ELP3;ERCC2;CDK5RAP1;REV3L;PRIM2;IREB2;NDUFS1;METTL17;NFU1;NDUFS7;ABCE1;POLR3F;POLD1;DDX11;BRIP1;SDHB;NDUFV1;CDKAL1;NDUFS2;ISCA2;ACO2;NUBP1;CIAPIN1;ETFDH;ACO1;RTEL1;NDUFS8;NTHL1;MOCS1;RSAD1;CIAO3;DPH1;POLE;NUBPL;LIAS;TYW1;MUTYH;NUBP2;DNA2;DPYD;EXO5"
"GOMF_5_3_DNA_HELICASE_ACTIVITY",0.928082191780822,1,0.31201784212643,0.613972113160329,4877,9,"DNA2;PIF1;IGHMBP2;TWNK;BRIP1;DDX11;ZGRF1;HELB;ERCC2"
"GOMF_5_ALPHA_ANDROSTANE_3_BETA_17_BETA_DIOL_DEHYDROGENASE_NADPPLUS_ACTIVITY",0.872640531010164,1,-0.37923422376876,-0.653043869664863,4206,5,"AKR1C4;AKR1C3;AKR1C1;HSD17B7"
"GOMF_5_DEOXYRIBOSE_5_PHOSPHATE_LYASE_ACTIVITY",0.951548546456394,1,0.283110517747428,0.544132219823801,5007,8,"HMGA2;POLL;POLG;POLB;POLQ"
"GOMF_5_N_7_METHYLGUANOSINE_5_TRIPHOSPHO_MRNA_HYDROLASE_ACTIVITY",0.513431129738998,1,0.467755890624121,0.964841308461992,2694,11,"NUDT7;NUDT4;NUDT1;NUDT16L1"
"GOMF_5S_RRNA_BINDING",0.670359052711994,1,0.420357988889959,0.849116467900185,3509,10,"RPL11;RPL5;NOP53;RPF2;RRS1;EEF2;MDM2"
"GOMF_7S_RNA_BINDING",0.78468624064479,1,0.404160421160385,0.751693575063555,4088,7,"EXOSC2;SRP54;SRP14;SRP68;SRP19;SRP72;SRP9"
"GOMF_7SK_SNRNA_BINDING",0.954066582385167,1,-0.273993638258199,-0.547721045775375,4527,9,"CELF3;DDX21;LARP7;CCNT1;CCNT2;CDK9;HEXIM2;HEXIM1;MEPCE"
"GOMF_ABC_TYPE_GLUTATHIONE_S_CONJUGATE_TRANSPORTER_ACTIVITY",0.914603722893878,1,0.322371052687157,0.599574417494108,4765,7,"ABCC2;ABCC6"
"GOMF_ABC_TYPE_XENOBIOTIC_TRANSPORTER_ACTIVITY",0.386846095526914,1,0.494463585983827,1.05974756368924,2040,13,"ABCA8;ABCC2;ABCB5;ABCB1;ABCG2"
"GOMF_ACETYL_COA_BINDING",0.885915785106824,1,-0.369112240414656,-0.635613746632828,4270,5,"TAF1;PANK1;NME1;PANK3"
"GOMF_ACETYL_COA_C_ACYLTRANSFERASE_ACTIVITY",0.951784596117721,1,-0.283405842137974,-0.533736535168021,4559,7,"ACAT2;ACAT1;ACAA1;HADHA;HADHB;ACAA2;SCP2"
"GOMF_ACETYLCHOLINE_BINDING",0.689457601222307,1,0.413618248771665,0.835502299798079,3609,10,"CHRNB3;CHRNA1;CHRNA3;CHRND;CHRM3"
"GOMF_ACETYLCHOLINE_GATED_MONOATOMIC_CATION_SELECTIVE_CHANNEL_ACTIVITY",0.274756189047262,1,0.505311682870798,1.15130976252147,1464,17,"CHRNG;CHRNB3;CHRNA1;CHRNA9;CHRNA10"
"GOMF_ACETYLCHOLINE_RECEPTOR_ACTIVITY",0.157232704402516,1,0.539409167219917,1.27160974006731,849,20,"CHRNG;CHRNB3;CHRM1;CHRNA1"
"GOMF_ACETYLCHOLINE_RECEPTOR_BINDING",0.650331692702761,1,-0.391076220641874,-0.866448127407798,3038,14,"PSCA;LYNX1;LY6H"
"GOMF_ACETYLCHOLINE_RECEPTOR_INHIBITOR_ACTIVITY",0.696027633851468,1,0.44538165995944,0.828360509130101,3626,7,"LY6G6D;LYPD6;LYPD1"
"GOMF_ACETYLESTERASE_ACTIVITY",0.167392657125078,1,-0.7523873147373,-1.29561598797686,806,5,"ABHD1"
"GOMF_ACETYLGALACTOSAMINYLTRANSFERASE_ACTIVITY",0.914696253182976,1,0.274163123878924,0.719483134946385,5028,34,"ABO;CHSY3;GALNT4;GALNT5;GALNT10;GALNT18;CHPF;CHPF2;GALNT2;CHSY1;GALNT17;GALNT12;EXTL2"
"GOMF_ACETYLGLUCOSAMINYLTRANSFERASE_ACTIVITY",0.390661618893095,1,0.381490786295617,1.03826436108957,2166,41,"GCNT7;GCNT3;GCNT4;HEXB;EXT1;A4GNT;HEXA;MGAT1;EXTL1;EXT2;EXTL2;GCNT1;MGAT2;LARGE1;B3GLCT;B3GNT2;EOGT;B3GNT8;PIGQ;POMGNT2;POMGNT1;EXTL3;PIGY"
"GOMF_ACETYLTRANSFERASE_ACTIVATOR_ACTIVITY",0.963040579157935,1,0.272481798550944,0.562048924055629,5054,11,"SERINC2;NUPR1;FNTB;FNTA;BRPF1"
"GOMF_ACETYLTRANSFERASE_ACTIVITY",0.996300863131936,1,0.207794218188938,0.638444241355864,5655,89,"MOGAT2;NAT2;SPHK1;ABHD14B;LCAT;NAT1;LPCAT2"
"GOMF_ACID_AMINO_ACID_LIGASE_ACTIVITY",0.982295081967213,1,-0.230776626497829,-0.567286226716811,4493,22,"TTLL2;TTLL6"
"GOMF_ACID_PHOSPHATASE_ACTIVITY",0.253502206870083,1,0.654881236144227,1.21800649411919,1320,7,"ACP3;MINPP1;ACP2;ACP6;ACP1;ACP5"
"GOMF_ACIDIC_AMINO_ACID_TRANSMEMBRANE_TRANSPORTER_ACTIVITY",0.987270765911543,1,-0.220282727484231,-0.518977944557246,4575,18,"UCP2;SLC1A6;SLC17A7;SLC7A11;SLC17A6;SLC1A4;SLC25A22;SLC1A2;SLC1A3"
"GOMF_ACROSIN_BINDING",0.187410586552217,1,-0.776325472436489,-1.28084318024424,916,4,"ZP4;ZP3"
"GOMF_ACTIN_FILAMENT_BINDING",0.224472715098761,1,0.322653501035899,1.0969123456984,1340,203,"ERMN;ANXA8;MYH4;TRPV4;RCSD1;TNNC1;TPM2;TULP1;ARPC1B;AIF1;ACTN3;TLN1;GAS2L1;PLS3;TAGLN2;GSN;FLNC;MYL4;SLC6A4;CNN1;CNN2;LIMA1;MYH14;TPM1;MYH9;SCIN;FLNB;EGFR;PKNOX2;NEXN;FMNL3;FLNA;TPM4;MYO7B;ACTN1;MYH2;TTN;TNNI3;MYO5B;FHOD1;SVIL;ESPNL;AJUBA;FERMT2;GAS2;ESPN;NRAP;CTNNA1;CLMN;MYH7B;PLEC;MYH7;ADD3;IQGAP1;CORO1B;MICALL2"
"GOMF_ACTIN_MONOMER_BINDING",0.26756160353071,1,0.455566959008745,1.14277102671162,1454,27,"TMSB4Y;MYL3;MYL4;LIMA1;PKNOX2;NOS3;COBLL1;PFN1"
"GOMF_ACTIVE_MONOATOMIC_ION_TRANSMEMBRANE_TRANSPORTER_ACTIVITY",1,1,0.180338553545293,0.572581092909718,5803,114,"ATP1A4;MTCO2P12;ATP6V0D2;ABCC9;UQCRFS1P1;ATP1A2;ATP13A4"
"GOMF_ACTIVE_TRANSMEMBRANE_TRANSPORTER_ACTIVITY",0.971058042068638,1,0.233413595985563,0.844454536164677,6139,424,"SLC16A12;ABCA8;SLC35D3;SLC39A5;ATP1A4;SLC6A2;MTCO2P12;SLC25A2;ATP6V0D2;SLC39A12;ABCA6;SLC13A2;SLC5A4;ABCC12;ABCA4;SLCO2A1;SLC2A10;SLC16A4;SLC2A9;SLC38A4;SLC24A4;SLC9A4;CYBRD1;ABCA9;ABCC2;SLC1A7;SLC24A1;SLC23A1;ABCC9;SLC5A12;SLC7A8;SLC26A7;ABCB4;SLC22A3;SLC13A4;UQCRFS1P1;SLC16A5;SLC18A2;SLC37A2;SLC6A4;SLC26A5;ABCB5;SLC6A3;SLC17A4;SLC4A1;ADAMTS8;ATP1A2;SLC5A1;ABCB1;ABCA10;SLC22A1;SLC26A4;SLC15A4;ATP13A4;SLC25A18;SLC12A4"
"GOMF_ACTIVIN_RECEPTOR_BINDING",0.689038501998738,1,-0.397511700290879,-0.833637931658082,3274,11,"CRIPTO;CFC1;NODAL"
"GOMF_ACYL_COA_BINDING",0.896431679721497,1,-0.290332508889642,-0.699442044842377,4119,20,"SOAT2;ACBD7;PNPLA3;TAF1;ACOT7;PANK1"
"GOMF_ACYL_COA_HYDROLASE_ACTIVITY",0.313523459061638,1,0.444780731756221,1.10596417397557,1703,26,"ACOT12;ACOT6;ACOT11;CLN5;ABCD1;CLYBL;ACOT13"
"GOMF_ACYL_COA_OXIDASE_ACTIVITY",0.63617062343177,1,0.49055271819045,0.878758620389503,3295,6,"ACOX2;CRAT;ACOX1;ACOX3"
"GOMF_ACYLGLYCEROL_O_ACYLTRANSFERASE_ACTIVITY",0.829912023460411,1,0.303190616696559,0.772075630515606,4527,29,"MOGAT2;DGAT2L6;GPAT3;PNPLA2;MBOAT1;LPCAT2;AGPAT2;AGPAT3"
"GOMF_ACYLTRANSFERASE_ACTIVITY",1,1,-0.193261734156524,-0.747650219591952,3358,698,"TRIML2;TRIM60;BSPRY;TRIM43B;GPAT2;RFPL3;CBLC;TRIM64B;TRIM50;RFPL4B;NAA11;RNF225;TRIM72;RNF212B;GLYAT;TRIM49;C10orf90;TRIM49D2;MARCHF11;SOAT2;FBXO40;TRIM54;HERC5;RNF128;ZSWIM2;ZDHHC19;CIITA;PLAAT5;NCCRP1;HERC6;PLA2G4C;TRIM75;PLAAT4;RNF125;BIRC7;TRIM14;ZNRF4;ZDHHC23;PNPLA1;LRAT;MBOAT4;RNF148;SH3RF1;NAT16;RNF112;SIAH3;RNF227;MARCHF10;JADE1;BRCA2;RNF183;TRIM7;PELI2;TGM3;TRIM71;TRIM48;TRIM49B;TRIM4"
"GOMF_ACYLTRANSFERASE_ACTIVITY_ACYL_GROUPS_CONVERTED_INTO_ALKYL_ON_TRANSFER",0.911014312383323,1,-0.347320051192012,-0.598087451044322,4391,5,"HMGCS1;ACLY;HMGCS2"
"GOMF_ACYLTRANSFERASE_ACTIVITY_TRANSFERRING_GROUPS_OTHER_THAN_AMINO_ACYL_GROUPS",1,1,0.187378731731047,0.639817024161137,5996,214,"MOGAT2;ACSM2B;NAT2;ACSM1;PLA2G4A;CERS3;ACSM3;SPHK1;SPTLC3;TGM2;ELOVL3;ABHD14B;PLAAT2;DGAT2L6;LCAT;GPAT3;PNPLA2;NAT1;MBOAT1;LPCAT2;CLN5;AGPAT2;ELOVL1;LIPT1"
"GOMF_ADENINE_TRANSMEMBRANE_TRANSPORTER_ACTIVITY",0.999585148309479,1,-0.208422442945456,-0.358904840690479,4818,5,"SLC29A1;SLC25A4;SLC29A2;SLC25A5"
"GOMF_ADENOSINE_DEAMINASE_ACTIVITY",0.299847211611918,1,0.570317671775881,1.15203264797749,1569,10,"ADAD2;ADARB1;ADARB2;ADA"
"GOMF_ADENYL_NUCLEOTIDE_BINDING",1,1,0.171467966664646,0.665140838064234,7460,1574,"DDX3Y;PRKY;STING1;MAP3K19;ACTBL2;ABCA8;FMO1;ACOT12;DGKG;ACSM2B;SRPK3;ATP1A4;ERBB3;TGFBR2;MYH4;ALDH1A3;CRYM;BLK;ACTG2;TIE1;NOX5;TRPV4;GUCY2F;TSSK1B;DDR2;PDGFRA;HSP90AA5P;ACSM1;ABCA6;DHFRP1;PDGFRB;FLT1;NLRP6;LRRK2;TTLL10;P2RX7;HSPA7;ALDH1A1;ABCC12;NRK;SMC1B;ALPK2;ABCA4;ACSL5;ACTA2;ACTC1;EHD2;ACSM3;RUNX2;FMO2;LRRK1;MUSK;SPHK1;ATP10B;ABCA9;ABCC2;HKDC1;TEC;DQX1;ACVRL1;ABCC9;PLK2;NLRC4;SYK;EPHA6;UBE2L5;ITPKB;PAPSS2;OAS1;INSRR;ABCB4;ACSS3;ALPK1;MOV10L1;FMO4;CSNK2A3;MYO3B;ATP10D;ADH4;ITPR3;ROR2;NLRP11;PRAG1;PARP14;LTK;ROR1;DDX60;PDK4;KIF12;NOD1;BDH2;HSP90AB3P;EPHA7;ABCB5;ERBB4;CFAP45;CDK18;SLFN5;ACSF2;STK3;MYH14;SBK2;ATP1A2;ENTPD8;CKMT2;IKBKE;DECR1;ATP10A;RNLS;EPHA2;ABCB1;RIPK4;ABCA10;DPYD;ITM2C;HSPA12B;MYH9;EPHB4;P2RX1;ATP13A4;AXL;MYLK3;EGFR;SULT1A1;ACSBG1;LYN;SMARCA2;SLC12A4;MAP3K6;FGFR2;SIK1;KIF19;KIF4B;MYO7B;ASS1;PKDCC;VRK2;MYH2;CPS1;MOV10;CDK2;ITPR2;MYLK2;CRYZ;AURKC;H6PD;DNAH9;RAPGEF3;CNGA1;NOD2;HSD17B8;ABCA12;ATP2A1;NLRP14;NMNAT1;ITPR1;PYGL;PTK7;IP6K3;SGK1;NOS3;KIF20A;DNAH7"
"GOMF_ADENYL_NUCLEOTIDE_EXCHANGE_FACTOR_ACTIVITY",0.993443237167479,1,0.211044066556957,0.468433712326988,5302,15,"SIL1;PFN1;BAG3;HYOU1"
"GOMF_ADENYLATE_CYCLASE_ACTIVATOR_ACTIVITY",0.57166562953744,1,-0.548414404969161,-0.944373273176396,2755,5,"CALM3;CALM2;RAF1;CALM1"
"GOMF_ADENYLATE_CYCLASE_ACTIVITY",0.931832526825163,1,-0.29213576561853,-0.612649779202409,4428,11,"ADCY8;ADCY2;ADCY10;ADCY7;ADCY9"
"GOMF_ADENYLATE_CYCLASE_BINDING",0.355942881142377,1,-0.506022478469589,-1.08391716465864,1694,12,"ADRB2;GRIA1;ADCYAP1R1;ADCY2;AKAP6;CALM3;AKAP5;ADCY5;CAP2;CALM2"
"GOMF_ADENYLATE_CYCLASE_INHIBITOR_ACTIVITY",0.355113047085667,1,-0.658010636753525,-1.13309871729346,1711,5,"RGS2;GRM7;GNAZ"
"GOMF_ADENYLATE_CYCLASE_REGULATOR_ACTIVITY",0.422156945027277,1,-0.511121064220244,-1.04471386800714,2011,10,"RGS2;GRM7;GNAZ;CALM3"
"GOMF_ADENYLYLTRANSFERASE_ACTIVITY",0.550907481186366,1,-0.35729488288486,-0.940173621106373,2488,31,"OASL;TENT5D;OAS2"
"GOMF_ADP_BINDING",0.995579133510168,1,-0.195759528558618,-0.534065092294177,4503,37,"ABCC8;MYO3A;NLRP3;MYO6;PGK1;CHORDC1;NME3;ME1"
"GOMF_ADP_D_RIBOSE_MODIFICATION_DEPENDENT_PROTEIN_BINDING",0.58797745773325,1,-0.487671698986021,-0.918429207220018,2816,7,"HTATSF1;CGAS"
"GOMF_ADP_PHOSPHATASE_ACTIVITY",0.988799004355943,1,-0.246056887796774,-0.444751321887043,4766,6,"ALPL;SLC25A42;PGP;ENTPD1"
"GOMF_ADP_RIBOSE_DIPHOSPHATASE_ACTIVITY",0.364862061812902,1,-0.618927726181855,-1.11872066186286,1758,6,"TRPM2;NUDT14"
"GOMF_ADP_TRANSMEMBRANE_TRANSPORTER_ACTIVITY",0.35724805386072,1,-0.520897870606981,-1.09239608076982,1697,11,"SLC17A9;SLC25A31;SLC25A23;SLC25A41;SLC25A4"
"GOMF_ADRENERGIC_RECEPTOR_ACTIVITY",0.808891698272229,1,-0.366238512616937,-0.73212116313713,3838,9,"ADRB2;ADRA2B;ADRA1A"
"GOMF_ADRENERGIC_RECEPTOR_BINDING",0.98330832708177,1,0.238338987020627,0.543035144145848,5242,17,"ADRB1;NEDD4;NHERF1"
"GOMF_ALANINE_TRANSMEMBRANE_TRANSPORTER_ACTIVITY",0.967900706184464,1,-0.256747771940402,-0.568837005350937,4522,14,"SLC6A14"
"GOMF_ALCOHOL_BINDING",0.32254091149041,1,0.347225079701023,1.06493941808582,1832,88,"APOC3;PMP2;SULT2B1;RBP3;RLBP1;STRA6;CAV1;RBP2;ADH4;CYP2W1;ITPR3;APOD;ANXA6;APOA1;FABP1;NPC2;ITPR2;TRPC6;ITPR1;CRABP2"
"GOMF_ALCOHOL_DEHYDROGENASE_NAD_P_PLUS_ACTIVITY",0.316211878009631,1,0.384920118995251,1.08399649397559,1772,50,"DHRS4L1;AKR1B10;DHRS3;DHRS9;AKR1D1;HSD17B6;SDR9C7;ADH4;AKR1E2;ADH1B;AKR1B15"
"GOMF_ALCOHOL_DEHYDROGENASE_NADPLUS_ACTIVITY",0.51905290418054,1,0.405623074971268,0.95622077686942,2805,20,"DHRS3;DHRS9;HSD17B6;SDR9C7;ADH4;ADH1B"
"GOMF_ALCOHOL_DEHYDROGENASE_NADPPLUS_ACTIVITY",0.582694414019715,1,0.34824982205308,0.92742935389692,3191,37,"DHRS4L1;AKR1B10;DHRS3;AKR1D1;ADH4;AKR1E2;AKR1B15"
"GOMF_ALCOHOL_TRANSMEMBRANE_TRANSPORTER_ACTIVITY",0.290138704161125,1,0.609641792041508,1.17171818355703,1526,8,"ABCA4;STRA6;FLVCR2"
"GOMF_ALDEHYDE_LYASE_ACTIVITY",0.415086388537716,1,-0.528789122841833,-1.05706443842553,1969,9,"ALDOB;ALDOC"
"GOMF_ALDOSE_REDUCTASE_NADPH_ACTIVITY",0.280916030534351,1,0.551073184434528,1.15930613359585,1471,12,"AKR1B10;AKR1D1;ADH4;AKR1E2;AKR1B15"
"GOMF_ALKALI_METAL_ION_BINDING",0.950175958510835,1,0.268162096796776,0.625760196320206,5129,19,"CAPN3;SLC6A4;ADPRH;ATP1A2;CPS1"
"GOMF_ALKANE_1_MONOOXYGENASE_ACTIVITY",0.830791132804556,1,-0.521988359992594,-0.755305559388046,4084,2,"CYP4A11"
"GOMF_ALL_TRANS_RETINAL_BINDING",0.221192819918935,1,0.727589357266673,1.25498395829205,1145,5,"ABCA4;ADH4;CYP2W1;OPN3"
"GOMF_ALL_TRANS_RETINOL_DEHYDROGENASE_NADPPLUS_ACTIVITY",0.639120545868082,1,0.407045921867528,0.872391691190915,3371,13,"AKR1B10;DHRS3;AKR1B15"
"GOMF_ALPHA_1_3_FUCOSYLTRANSFERASE_ACTIVITY",0.34815278647464,1,-0.597052553953517,-1.12442552015292,1667,7,"FUT9;FUT7;FUT3"
"GOMF_ALPHA_2A_ADRENERGIC_RECEPTOR_BINDING",0.473267708936499,1,0.60028579171108,1.03540414859578,2451,5,"ADRB1;ADRA2C"
"GOMF_ALPHA_ACTININ_BINDING",0.182052225082751,1,0.487923452092704,1.22393596216435,989,27,"MYOT;MYPN;PPARG;PTPRT;PDLIM3;PDLIM2;PDLIM7;TTN;NRAP;PRICKLE4"
"GOMF_ALPHA_ADRENERGIC_RECEPTOR_ACTIVITY",0.61045426260112,1,-0.494967101293776,-0.894660070531427,2942,6,"ADRA2B;ADRA1A"
"GOMF_ALPHA_AMYLASE_ACTIVITY",0.848685491723466,1,0.435301876941518,0.673838775907065,4357,3,"AMY1C"
"GOMF_ALPHA_CATENIN_BINDING",0.545129391962971,1,-0.450647526932032,-0.94507123182424,2590,11,"PKP3"
"GOMF_ALPHA_GLUCOSIDASE_ACTIVITY",0.235441452723857,1,-0.653286295842758,-1.23033019145071,1127,7,"MGAM2"
"GOMF_ALPHA_KETOGLUTARATE_TRANSMEMBRANE_TRANSPORTER_ACTIVITY",0.806987068133565,1,0.418172632939145,0.72128590240364,4180,5,"SLC13A2;SLC25A11"
"GOMF_ALPHA_N_ACETYLGALACTOSAMINIDE_ALPHA_2_6_SIALYLTRANSFERASE_ACTIVITY",0.852727649865173,1,-0.378905481111897,-0.684877042474613,4110,6,"ST6GALNAC1"
"GOMF_ALPHA_N_ACETYLNEURAMINATE_ALPHA_2_8_SIALYLTRANSFERASE_ACTIVITY",0.721841941505912,1,-0.443821252450487,-0.802213221813761,3479,6,"ST8SIA6;ST8SIA4;ST8SIA3"
"GOMF_ALPHA_TUBULIN_BINDING",0.531638723634397,1,0.351510271901992,0.956669468787476,2948,41,"SLC6A2;TRPV4;FAM110C;GJA1;B4GALT1;DLEC1"
"GOMF_AMIDE_BINDING",0.173855561064287,1,0.326156710001974,1.12009788377501,1051,225,"FOLH1B;INHBA;NPR3;TLR10;GCGR;AVPR1A;GSTM1;CRYAB;ITM2A;MAG;TREM2;DHFRP1;PLA2G4A;CD1E;PPIAL4H;PTH1R;PPIC;FOLR1;EDNRB;GHR;TLR4;NFATC1;FTCDNL1;TLR2;APOE;COL25A1;LDLRAP1;CALCR;CMKLR2;HSPG2;TGFB2;CMKLR1;APOA1;CD1D;FABP1;FKBP10;BCHE;ITM2C;FZD6;P2RX1;CD36;PLTP;MSR1;VIPR1;SLC40A1;NOD2;PPIB;SCTR;MGST2;PRLR;LILRB3"
"GOMF_AMIDE_TRANSMEMBRANE_TRANSPORTER_ACTIVITY",0.998674326115776,1,-0.18686324024088,-0.507141231246153,4519,36,"SLC25A47;SLC15A1;ABCC4;AQP8;SLC46A1"
"GOMF_AMIDINE_LYASE_ACTIVITY",0.943435608432478,1,-0.29377584116638,-0.55326629259773,4519,7,"CHAC1;ASL;PAM"
"GOMF_AMINE_BINDING",0.35590351248413,1,-0.495110398961064,-1.08259210368704,1681,13,"HTR2C;HTR4"
"GOMF_AMINE_TRANSMEMBRANE_TRANSPORTER_ACTIVITY",0.844367683745922,1,0.373853840561814,0.695326695167983,4399,7,"RHAG;FLVCR2"
"GOMF_AMINO_ACID_BINDING",0.637946630483944,1,-0.316933079854498,-0.902883462935064,2820,46,"TDO2;GPR143;NOS2;GRIN2B;NOS1;GRIN1;GRM7;GLRA2;GLDC;CASTOR1;SLC6A11;DDAH1;GNMT;CASTOR2;SLC38A9"
"GOMF_AMINO_ACID_MONOATOMIC_CATION_ANTIPORTER_ACTIVITY",0.68160132752541,1,-0.491936366667424,-0.847117713493217,3285,5,"SLC32A1"
"GOMF_AMINO_ACID_MONOATOMIC_CATION_SYMPORTER_ACTIVITY",0.564703306328005,1,-0.36598033853345,-0.931029071537568,2578,26,"SLC6A14;SLC6A13;SLC6A7;SLC32A1;SLC1A6;SLC6A6"
"GOMF_AMINO_ACID_PROTON_SYMPORTER_ACTIVITY",0.89352135704067,1,-0.373120702149686,-0.61560405232673,4371,4,"SLC32A1"
"GOMF_AMINO_ACID_SODIUM_SYMPORTER_ACTIVITY",0.556502732240437,1,-0.377480123746246,-0.927907120882614,2545,22,"SLC6A14;SLC6A13;SLC6A7;SLC1A6;SLC6A6;SLC38A1"
"GOMF_AMINO_ACID_TRANSMEMBRANE_TRANSPORTER_ACTIVITY",0.999767495931179,1,-0.193640211755502,-0.618182018305286,4299,94,"SLC6A14;SLC6A13;SLC6A7;SLC32A1;SLC7A3;GRIN2B;SLC7A10;GRIN1;GRIA1;UCP2;GRIA3;SLC1A6;SLC7A7;SLC6A6;GRIK4;SLC7A4;GRIN2C;SLC38A1;SFXN3;SLC17A7;SLC16A2;SLC7A11;GRIK1;SLC7A1;GRIK5;SLC47A1;SLC6A11;SLC17A6;SFXN1;SLC7A5;SLC38A9;SLC25A29;SLC1A4;GRID1;SLC25A22"
"GOMF_AMINOACYL_TRNA_DEACYLASE_ACTIVITY",0.787981379602201,1,-0.351738764763959,-0.769100406885295,3723,13,"DTD2;IARS1;DTD1;VARS1;LARS1;AARS1;PRORSD1P;IARS2;VARS2;AARSD1;TARS2;LARS2;AARS2"
"GOMF_AMINOACYLASE_ACTIVITY",0.512366114897761,1,0.655188799941514,1.01421942409847,2630,3,"ACY1;CAT;DARS1"
"GOMF_AMINOACYLTRANSFERASE_ACTIVITY",0.865585486531061,1,-0.241823131608551,-0.912132054602578,3148,480,"TRIML2;TRIM60;BSPRY;TRIM43B;RFPL3;CBLC;TRIM64B;TRIM50;RFPL4B;RNF225;TRIM72;RNF212B;TRIM49;C10orf90;TRIM49D2;MARCHF11;FBXO40;TRIM54;HERC5;RNF128;ZSWIM2;NCCRP1;HERC6;TRIM75;RNF125;BIRC7;TRIM14;ZNRF4;RNF148;SH3RF1;RNF112;SIAH3;RNF227;MARCHF10;RNF183;TRIM7;PELI2;TGM3;TRIM71;TRIM48;TRIM49B;TRIM4"
"GOMF_AMINOPEPTIDASE_ACTIVITY",0.34811609879214,1,0.392239381836184,1.06751771158305,1930,41,"F11;XPNPEP2;MMP14;ERAP2;PLBD1;NAALADL1;MMP16;MMP15;XPNPEP3;CTSH;NPEPPSP1;AOPEP;RNPEPL1;ERAP1;METAP1D"
"GOMF_AMINOPHOSPHOLIPID_FLIPPASE_ACTIVITY",0.303068252974327,1,-0.618036288509148,-1.16394406250942,1451,7,"ATP11C;ATP8A2;TMEM30B;ATP8A1;ATP8B1;ATP11A"
"GOMF_AMMONIA_LYASE_ACTIVITY",0.581207218419415,1,-0.543180309299869,-0.935360125428016,2801,5,"HAL;FTCD"
"GOMF_AMMONIUM_CHANNEL_ACTIVITY",0.268716577540107,1,0.585604484938095,1.18291176801522,1406,10,"RHBG;RHAG;AQP6;AQP1"
"GOMF_AMP_ACTIVATED_PROTEIN_KINASE_ACTIVITY",0.737813731590956,1,-0.461165138161324,-0.794129452206393,3556,5,"PRKAA2;PRKAB2;PRKAA1;PRKAG2"
"GOMF_AMP_BINDING",0.993285774234159,1,-0.210426804541128,-0.430105147867307,4733,10,"FBP1;ACSS2;MPPED2"
"GOMF_AMP_KINASE_ACTIVITY",0.952170248630426,1,-0.276626083141384,-0.552983377680343,4518,9,"AK1;AK7;AK3;AK4;AK6;AK5;AK2;AK8;AK9"
"GOMF_AMPA_GLUTAMATE_RECEPTOR_ACTIVITY",0.797552375025928,1,-0.408154304070639,-0.737744705684614,3844,6,"GRIA1;GRIA3"
"GOMF_AMYLASE_ACTIVITY",0.833431199843414,1,0.423130586536312,0.692560634545524,4257,4,"AMY1C"
"GOMF_AMYLOID_BETA_BINDING",0.9742413549753,1,0.236499438988484,0.719010398752098,5521,82,"CRYAB;ITM2A;TREM2;TLR4;TLR2;APOE;COL25A1;LDLRAP1;CALCR;HSPG2;TGFB2;APOA1;BCHE;ITM2C;FZD6;CD36;MSR1"
"GOMF_ANDROGEN_BINDING",0.192819918934569,1,0.741628344108075,1.27919913282789,998,5,"ALDH1A1;TSPO"
"GOMF_ANDROSTAN_3_ALPHA_17_BETA_DIOL_DEHYDROGENASE_NADPLUS_ACTIVITY",0.865781710914454,1,-0.342588018719246,-0.684843155760402,4108,9,"AKR1C4;RDH16;AKR1C3;AKR1C2"
"GOMF_ANGIOTENSIN_RECEPTOR_BINDING",0.507315219456584,1,0.50936486174735,0.978988117884386,2669,8,"EDNRB;AGT;ARAP1;BDKRB2"
"GOMF_ANKYRIN_BINDING",0.532691239118355,1,0.406814889560435,0.949308527186235,2875,19,"RHBG;RHAG;PTPRC;FLNC;SLC4A1"
"GOMF_ANKYRIN_REPEAT_BINDING",0.338342725944479,1,-0.601699377846717,-1.13317685592491,1620,7,"KIF21A;SHANK1;TERF1"
"GOMF_ANNEALING_ACTIVITY",0.829160530191458,1,-0.345551019148351,-0.724669076845744,3940,11,"DDX3X;BLM;ZRANB3;FMR1;RAD54L;TP53;SMARCA1"
"GOMF_ANTIGEN_BINDING",0.362417632356283,1,-0.35850885616235,-1.04428480155096,1594,52,"LCK;HLA-DQB1;GP2;HLA-DRA;FCN1;HLA-H;SLAMF1;HLA-DOB;C3;HLA-DOA"
"GOMF_ANTIOXIDANT_ACTIVITY",0.445704162976085,1,0.336565483561106,1.00256972764872,2515,71,"APOA4;SOD3;HBA1;EPX;CLIC2;GSTA1;GPX7;PTGS2;GPX8;ALOX5AP;APOE;CP;FABP1"
"GOMF_ANTIPORTER_ACTIVITY",0.999827615928288,1,0.196757423333868,0.635063817436743,5799,129,"SLC35D3;SLC25A2;SLC24A4;SLC9A4;SLC24A1;SLC7A8;SLC26A7;SLC18A2;SLC37A2;SLC6A4;SLC26A5;SLC4A1;SLC26A4;SLC24A5;SLC9B1;SLC38A3;SLC7A9;SLC8B1;SLC25A20;SLC30A3;SLC35B2;SLC4A4;SLC4A2;TMEM165;SLC35A1;CLCN7;SLC18A1;SLC25A10;SLC24A2;SLC25A26;SLC9A9;TMCO3;SLC35D2;SLC25A6;SLC9A1;SLC24A3;SLC35C2;SLC41A1;SLC30A4"
"GOMF_AP_1_ADAPTOR_COMPLEX_BINDING",0.178343949044586,1,0.749776367111277,1.29325326660361,923,5,"RAB32;LDLRAP1;RAB38;SIDT2"
"GOMF_AP_2_ADAPTOR_COMPLEX_BINDING",0.443850267379679,1,0.50770357315245,1.02555316223183,2323,10,"RAB32;LDLRAP1;RAB38;SIDT2"
"GOMF_APOLIPOPROTEIN_A_I_BINDING",0.217525574213472,1,0.730069267324813,1.25926143611644,1126,5,"TREM2;LCAT;ABCA1"
"GOMF_APOLIPOPROTEIN_BINDING",0.593210802700675,1,0.399780283061471,0.910865428911829,3162,17,"TREM2;LPL;LRP4;LCAT;VLDLR;PCSK9"
"GOMF_APOLIPOPROTEIN_RECEPTOR_BINDING",0.638457109959701,1,0.470410649437999,0.874911654656297,3326,7,"APOA1;ABCA12;PCSK9;NR1H2"
"GOMF_ARACHIDONATE_COA_LIGASE_ACTIVITY",0.611354543722614,1,0.431701738745654,0.890472314353779,3208,11,"ACSL5;SLC27A6;SLC27A1"
"GOMF_ARACHIDONATE_OMEGA_HYDROXYLASE_ACTIVITY",0.25035765379113,1,-0.742288289252207,-1.2246859427141,1224,4,"CYP4F3"
"GOMF_ARGININE_BINDING",0.492508968136738,1,-0.513133205393274,-0.996290384169083,2333,8,"NOS2;NOS1;CASTOR1;CASTOR2;SLC38A9"
"GOMF_ARMADILLO_REPEAT_DOMAIN_BINDING",0.876978265456847,1,-0.343229014331676,-0.666407402507504,4155,8,"STRN;CNOT1;STRN4;STRN3;CTNNBIP1;AXIN1;LEF1;TCF7L2"
"GOMF_AROMATIC_AMINO_ACID_TRANSMEMBRANE_TRANSPORTER_ACTIVITY",0.656006732589943,1,-0.410260864780377,-0.860374722317619,3117,11,"SLC6A14"
"GOMF_ARP2_3_COMPLEX_BINDING",0.558074185088048,1,0.419141157140297,0.930326312563115,2978,15,"DNAI3;GMFG;WASF2;CORO1B;WHAMM"
"GOMF_ARRESTIN_FAMILY_PROTEIN_BINDING",0.568272669892699,1,-0.442198666675638,-0.927352783829239,2700,11,"GPR62;GPR61;FFAR4;CHRM2;CREB1;ARRB1;ITCH"
"GOMF_ARYL_HYDROCARBON_RECEPTOR_BINDING",0.835619328972357,1,-0.366335185726821,-0.711269937486705,3959,8,"ARNT2;BMAL1;TAF4;TBP;NCOA2;TAF6;AIP;ARNT"
"GOMF_ARYLESTERASE_ACTIVITY",0.419260129183793,1,0.669847416451581,1.09637536625251,2141,4,"PON2;CA1;CA2;APMAP"
"GOMF_ASPARTIC_ENDOPEPTIDASE_ACTIVITY_INTRAMEMBRANE_CLEAVING",0.456150450969104,1,0.552261177932951,1.02714456308549,2376,7,"NCSTN;HM13;SPPL2B;PSEN1;SPPL2A;PSEN2;SPPL3"
"GOMF_ASPARTIC_TYPE_PEPTIDASE_ACTIVITY",0.315371839822846,1,0.464605532513062,1.10705042204343,1708,21,"PGA4;BACE2;PGA5;CASP7;NAPSA;CTSD;NRIP2;NCSTN;HM13"
"GOMF_ATP_ACTIVATED_INWARD_RECTIFIER_POTASSIUM_CHANNEL_ACTIVITY",0.550923045011408,1,-0.559679612282921,-0.96377203551289,2655,5,"KCNJ10;ABCC8;KCNJ11"
"GOMF_ATP_ADP_ANTIPORTER_ACTIVITY",0.872018253474383,1,-0.379473024461669,-0.653455086055161,4203,5,"SLC25A31;SLC25A4"
"GOMF_ATP_DEPENDENT_ACTIVITY",1,1,0.190656448763095,0.702392281446356,6455,565,"DDX3Y;ABCA8;ACSM2B;ATP1A4;MYH4;HSP90AA5P;ATP6V0D2;ACSM1;ABCA6;HSPA7;ABCC12;SMC1B;ABCA4;DNAI2;ACSL5;TNNT2;ACTC1;ACSM3;DYNLRB2;ATP10B;ABCA9;ABCC2;DQX1;ABCC9;ABCB4;ACSS3;MOV10L1;MYO3B;ATP10D;DDX60;KIF12;HSP90AB3P;ABCB5;ACSF2;MYH14;ATP1A2;ATP10A;ABCB1;ABCA10;MYH9;ATP13A4;ACSBG1;SMARCA2;KIF19;KIF4B;MYO7B;MYH2;MOV10;SLC27A6;DNAH9;PMS2P6;ABCA12;ATP2A1;KIF20A;DNAH7;ABCD1;HSP90AA2P;ABCG2;MYO5B;NTPCR;TAP1;HSP90B1;DNAH11;DDX59;MSH5;HELQ;MYL6;CFTR;MYH7B;HSPA6;VWA8;KATNA1;MLH3;ABCC6"
"GOMF_ATP_DEPENDENT_ACTIVITY_ACTING_ON_DNA",0.999760364246346,1,-0.190203271663501,-0.625523949744642,4171,119,"DDX12P;ERCC6L;RAD50;XRCC2;MCM4;ATRX;CECR2;MSH4;MRE11;PMS2P5;DDX3X;CHD7;RSF1;CHD2;TTF2;DMC1;CHRNA4;RAD54L2;RAD51C;BLM;SRCAP;BPTF;ZRANB3;SMARCA5;ATAD5;HELLS;RAD54L;ERCC2;HELB;TOP2B;MCM2;PMS1;TP53;XRCC3;CHD4;CHD5;ZGRF1;SMARCA1;MCM8;MYO18A;G3BP1;DHX36;XRCC5;MSH2;SMARCA4;SETX;ASCC3;ERCC3;DHX9;SMARCAD1;MORC2;RECQL4;RFC1;WAPL;PMS2P3;RAD51D;SUPV3L1;CHTF18;TOP2A;PMS2;DDX11;MYD88;HLTF;RAD17;BRIP1;DDX1;MSH6;MCM6;MCM9"
"GOMF_ATP_DEPENDENT_ACTIVITY_ACTING_ON_RNA",0.494888967218893,1,0.324951262707931,0.97687972277928,2807,76,"DDX3Y;MOV10L1;DDX60"
"GOMF_ATP_DEPENDENT_CHROMATIN_REMODELER_ACTIVITY",0.88623015009789,1,-0.287185838001125,-0.726652802083779,4073,25,"CECR2;CHD7;RSF1;CHD2;CHRNA4;RAD54L2;SRCAP;SMARCA5;HELLS;CHD4;CHD5;SMARCA1;SMARCA4;SMARCAD1;MORC2"
"GOMF_ATP_DEPENDENT_DIACYLGLYCEROL_KINASE_ACTIVITY",0.503714993332063,1,0.47143679210099,0.972433913640142,2643,11,"DGKG;DGKA"
"GOMF_ATP_DEPENDENT_DNA_DAMAGE_SENSOR_ACTIVITY",0.989481454142831,1,0.223197629759684,0.531829719908908,5361,21,"PMS2P6;MSH5;MLH3;RAD51;RAD51B;MLH1;ERCC6;MSH3;PMS2P1;MSH6;PMS2;RAD51D;PMS2P3;MSH2;XRCC3;PMS1;RAD51C;DMC1;PMS2P5;MSH4;XRCC2"
"GOMF_ATP_DEPENDENT_DNA_DNA_ANNEALING_ACTIVITY",0.608172578303257,1,-0.530083849112474,-0.912807933395623,2931,5,"ZRANB3;RAD54L;TP53;SMARCA1"
"GOMF_ATP_DEPENDENT_PEPTIDASE_ACTIVITY",0.811730327697767,1,-0.383833583153585,-0.722871501900032,3888,7,"CLPX;AFG3L2;YME1L1;LONP2;SPG7;LONP1;CLPP"
"GOMF_ATP_DEPENDENT_PROTEIN_BINDING",0.644789867587795,1,0.467389583289641,0.869292806558698,3359,7,"PLK2;SAE1;PRNP;DDX39B"
"GOMF_ATP_DEPENDENT_PROTEIN_DISAGGREGASE_ACTIVITY",0.943833236826867,1,0.303100095050084,0.542962685740805,4889,6,"HSPA1A;HSPA1B;HSPA8;VPS4A;NSF;CLPB"
"GOMF_ATP_DEPENDENT_PROTEIN_FOLDING_CHAPERONE",0.846420745069394,1,0.292820044993429,0.774765611221834,4634,36,"HSP90AA5P;HSPA7;HSP90AB3P;HSP90AA2P;HSP90B1;HSPA6;HSPA5;HSPA1A;HYOU1"
"GOMF_ATP_GATED_ION_CHANNEL_ACTIVITY",0.854261796042618,1,0.358885503692528,0.706195804647049,4489,9,"P2RX7;P2RX1;CFTR;P2RX6;CCDC51"
"GOMF_ATP_HYDROLYSIS_ACTIVITY",1,1,0.181941855069942,0.654431971874271,6277,391,"DDX3Y;ABCA8;ATP1A4;MYH4;HSP90AA5P;ABCA6;HSPA7;ABCC12;SMC1B;ABCA4;ATP10B;ABCA9;ABCC2;ABCC9;ABCB4;MOV10L1;ATP10D;DDX60;KIF12;HSP90AB3P;ABCB5;ATP1A2;ATP10A;ABCB1;ABCA10;ATP13A4;SMARCA2;KIF19;MOV10;PMS2P6;ABCA12;ATP2A1;KIF20A;ABCD1;HSP90AA2P;ABCG2;NTPCR;TAP1;HSP90B1;DDX59;HELQ;CFTR;HSPA6;VWA8;KATNA1;MLH3;ABCC6;RECQL;PEX6;RHOBTB3;BCS1L;HSPA5;HSPA1A;RIGI;DNA2;ATP7B;KATNAL2;ATAD3B;DDX60L;NLRP1;FIGNL1"
"GOMF_ATP_TRANSMEMBRANE_TRANSPORTER_ACTIVITY",0.448962122833298,1,-0.453337773497892,-1.00439158455039,2097,14,"SLC17A9;SLC25A31;SLC25A23;SLC25A41"
"GOMF_ATPASE_ACTIVATOR_ACTIVITY",0.704902867715079,1,0.344727506119868,0.849439715845985,3809,25,"AHSA2P;FXYD2;DNAJC1;GTF2H4;DNAJB4;HSCB;DNAJC10;DNAJC15;DNAJC24;DNAJB1"
"GOMF_ATPASE_BINDING",0.988850174216028,1,-0.224015818393677,-0.70630931328099,4256,86,"LCK;PGR;FXYD4"
"GOMF_ATPASE_COUPLED_INTRAMEMBRANE_LIPID_TRANSPORTER_ACTIVITY",0.268481059212946,1,0.455171968243145,1.14178020858089,1459,27,"ABCA4;ATP10B;ABCB4;ATP10D;ATP10A;ABCB1;ABCA12"
"GOMF_ATPASE_COUPLED_ION_TRANSMEMBRANE_TRANSPORTER_ACTIVITY",0.895393650211048,1,0.291708402868715,0.709026587000215,4878,23,"ATP6V0D2;ATP6V1C2;ATP6V0E1"
"GOMF_ATPASE_COUPLED_LIPID_TRANSMEMBRANE_TRANSPORTER_ACTIVITY",0.689807976366322,1,-0.426190378902267,-0.827483725205971,3268,8,"ABCB11;ABCC4;ABCC11;ABCG4"
"GOMF_ATPASE_COUPLED_MONOATOMIC_CATION_TRANSMEMBRANE_TRANSPORTER_ACTIVITY",0.910474892069984,1,-0.261494779171191,-0.7616967304421,4006,52,"ATP4A;ATP12A;ABCC8;ATP2A3;ATP13A5;TCIRG1;ATP2B2;KCNJ11;ATP2C2;ATP6V0A4;ATP6V1A;ATP6V1C1;ATP6V1B1;ATP6V1G2;ATP6V1B2"
"GOMF_ATPASE_COUPLED_TRANSMEMBRANE_TRANSPORTER_ACTIVITY",0.587968613775065,1,0.302997572025815,0.940095839291323,3371,96,"ABCA8;ATP1A4;ATP6V0D2;ABCA6;ABCC12;ABCA4;ABCA9;ABCC2;ABCC9;ABCB4;ABCB5;ATP1A2;ABCB1;ABCA10;ATP13A4;ABCA12;ATP2A1;ABCD1;ABCG2;TAP1"
"GOMF_ATPASE_INHIBITOR_ACTIVITY",0.549885915785107,1,-0.526766917722472,-0.952138690695512,2650,6,"FNIP2;ATP5IF1;PLN;HDAC6"
"GOMF_ATPASE_REGULATOR_ACTIVITY",0.995164756446991,1,0.210758778206126,0.58954325080527,5556,48,"AHSA2P;FXYD2;SIL1;DNAJC1;PFN1;BAG3;GTF2H4;HYOU1;DNAJB4"
"GOMF_AXON_GUIDANCE_RECEPTOR_ACTIVITY",0.337778624499905,1,0.53814118468027,1.11002524002725,1772,11,"MYOT;EPHA7;PTK7;EPHB3"
"GOMF_AZOLE_TRANSMEMBRANE_TRANSPORTER_ACTIVITY",0.368332633347333,1,-0.501604581107779,-1.07445387995111,1753,12,"SLC28A2;SLC19A3"
"GOMF_BASAL_TRANSCRIPTION_MACHINERY_BINDING",0.988784048424426,1,0.227582417582418,0.660055832889656,5553,60,"FOXF2;AHR;ESR1;SUPT4H1;RECQL5;ELOF1;UVSSA;GTF2A2;PAF1;EDF1;TAF7;ESRRB;DRAP1;ERCC1;SCAF1;GTF2F1;GTF2E2;LEO1;FBL;ZNF326;RTRAF;RUVBL2;GPN1;RPRD1B;LLPH;TCF4;SMYD3;CTDP1;ZNHIT6;RUVBL1;SMYD2;CTR9;GTF2B;WAC;AR;PCIF1;TBP;ERCC5;DHX9;NCOA3;HNRNPU;SCAF4;SCAF8;ERCC4;ELP2;URI1;CDC73;BRD4;GTF2A1;TP53;NOP58;WDR43;CCAR2;TAF1;RPRD2;PCF11;RPRD1A;AGO1;AGO2;POLR2M"
"GOMF_BASIC_AMINO_ACID_TRANSMEMBRANE_TRANSPORTER_ACTIVITY",0.438771735109138,1,0.430577816137101,1.01504938760824,2371,20,"SLC25A2;SLC66A1LP;SLC38A4;SLC15A4;SLC38A3;SLC7A9;SLC66A1"
"GOMF_BENZODIAZEPINE_RECEPTOR_ACTIVITY",0.446915652538817,1,-0.501372750103025,-1.02478864938308,2129,10,"GABRG1;GABRA1;GABRG3;GABRA5;GABRG2"
"GOMF_BENZODIAZEPINE_RECEPTOR_BINDING",0.817880107861439,1,-0.416522981255755,-0.717255359446307,3942,5,"RIMBP3C;TSPOAP1"
"GOMF_BETA_1_3_GALACTOSYLTRANSFERASE_ACTIVITY",0.948508455253658,1,0.286267914594911,0.550200667471578,4991,8,"C1GALT1;B3GALT4;B3GALT2;B3GALNT1;B3GNT4;C1GALT1C1;B3GALT5;B3GALT1"
"GOMF_BETA_2_ADRENERGIC_RECEPTOR_BINDING",0.979879693009749,1,-0.263381322703278,-0.476065484211887,4723,6,"GRIA1;PDE4D"
"GOMF_BETA_2_MICROGLOBULIN_BINDING",0.712516669841875,1,0.396882723386989,0.818651039600429,3739,11,"HFE;MICA;HLA-E;FCGRT;CD1D"
"GOMF_BETA_CATENIN_BINDING",0.806833791208791,1,0.270335881209633,0.853984732980255,4698,108,"CDH19;TREM2;NR4A2;CDH11;PTPRT;GJA1;CDH9;SMAD7;CDH6;CDH15;FOXO1;DACT1;CDH5;AXIN2;VCL;SMAD3;TAX1BP3"
"GOMF_BETA_GALACTOSIDASE_ACTIVITY",0.517112632233976,1,-0.576312409399701,-0.992413823388859,2492,5,"GBA3;GLB1L3"
"GOMF_BETA_GALACTOSIDE_CMP_ALPHA_2_3_SIALYLTRANSFERASE_ACTIVITY",0.387762980119668,1,0.615485852160562,1.10255937488026,2008,6,"ST3GAL6;ST3GAL1;ST3GAL5;ST3GAL3;ST3GAL2;ST3GAL4"
"GOMF_BETA_GLUCOSIDASE_ACTIVITY",0.688284115035707,1,0.484710718790952,0.83605425288251,3565,5,"LCT;GBA1"
"GOMF_BETA_N_ACETYLGLUCOSAMINYLGLYCOPEPTIDE_BETA_1_4_GALACTOSYLTRANSFERASE_ACTIVITY",0.58907546805636,1,0.538494481966117,0.928823284379863,3051,5,"B4GALT1;B4GALT4;B4GALT3;B4GALT7"
"GOMF_BETA_TUBULIN_BINDING",0.402421395012649,1,0.377603181452893,1.0312930654371,2226,42,"SLC6A2;TRPV4;CIMAP3;DNAI7;B4GALT1;DLEC1"
"GOMF_BH_DOMAIN_BINDING",0.618499328343888,1,0.478304696514353,0.889593707024286,3222,7,"BAX;BOK;BCL2;RACK1"
"GOMF_BICARBONATE_MONOATOMIC_ANION_ANTIPORTER_ACTIVITY",0.672598627787307,1,-0.376004902496331,-0.848364128177153,3136,15,"SLC4A9;SLC26A3;SLC26A8;SLC4A8;SLC26A1"
"GOMF_BICARBONATE_TRANSMEMBRANE_TRANSPORTER_ACTIVITY",0.954183266932271,1,-0.254768919357584,-0.670390282457434,4310,31,"SLC4A9;SLC26A3;SLC39A4;BEST4"
"GOMF_BILE_ACID_BINDING",0.720405148765562,1,-0.41262358116511,-0.801142669925525,3413,8,"AKR1C4;AKR1C3;AKR1C2"
"GOMF_BIOACTIVE_LIPID_RECEPTOR_ACTIVITY",0.223827392120075,1,0.534403828184901,1.20257401060253,1192,16,"S1PR5;GPR174;S1PR4;SPHK1;LPAR1;LPAR6;S1PR3"
"GOMF_BIS_5_ADENOSYL_PENTAPHOSPHATASE_ACTIVITY",0.632503377726308,1,0.492673486402635,0.882557688826389,3276,6,"ENPP3;NUDT4;NUDT4B"
"GOMF_BITTER_TASTE_RECEPTOR_ACTIVITY",0.528565382987727,1,-0.435492773504547,-0.952234165951877,2497,13,"TAS2R43;TAS2R8;TAS2R10;TAS2R3;TAS2R31;TAS2R14"
"GOMF_BMP_RECEPTOR_ACTIVITY",0.830550758011898,1,0.381483325257847,0.709516690839969,4327,7,"ACVRL1;SOSTDC1;ACVR1;BMPR2;BMPR1A"
"GOMF_BMP_RECEPTOR_BINDING",0.257391963608795,1,0.549330819514082,1.17734048399371,1357,13,"BMP5;RSPO2;BMP4;BMP2;BMP6;BMP7;CDH5"
"GOMF_BRANCHED_CHAIN_AMINO_ACID_TRANSMEMBRANE_TRANSPORTER_ACTIVITY",0.710449013848091,1,-0.400216074682658,-0.818027885542567,3385,10,"SLC6A14"
"GOMF_BUBBLE_DNA_BINDING",0.946228386851606,1,0.288169055279321,0.553854618264493,4979,8,"HMGB1;XPC;ABL1;NEIL3;WRN;RECQL4;ERCC5"
"GOMF_C_ACETYLTRANSFERASE_ACTIVITY",0.947610102275099,1,-0.288962819434797,-0.544201957426217,4539,7,"ACAT2;GCAT;ACAT1;ACAA1;HADHA;HADHB;ACAA2"
"GOMF_C_C_CHEMOKINE_BINDING",0.440900562851782,1,0.449784755772473,1.01215490819806,2349,16,"CX3CR1;CXCR5;ACKR2;CCRL2;ZFP36;ACKR1;GPR182;CCR4"
"GOMF_C_METHYLTRANSFERASE_ACTIVITY",0.733042937149969,1,-0.438484037687028,-0.792566130271241,3533,6,"TRMT2B;NOP2"
"GOMF_C_PALMITOYLTRANSFERASE_ACTIVITY",0.5278903686547,1,0.571049348545378,0.984975611119212,2734,5,"SPTLC3;SPTLC1"
"GOMF_C_X_C_CHEMOKINE_BINDING",0.454100606772363,1,0.651954786102055,1.06708953388101,2319,4,"GPR182;A2M;HMGB1;ACKR3"
"GOMF_C3HC4_TYPE_RING_FINGER_DOMAIN_BINDING",0.892105771086663,1,0.354012063608116,0.610618416051425,4621,5,"HSPA1A;PINK1"
"GOMF_C4_DICARBOXYLATE_TRANSMEMBRANE_TRANSPORTER_ACTIVITY",0.971712251779693,1,0.256117459011651,0.568478678760692,5186,15,"SLC13A2;SLC25A18;SLC25A10"
"GOMF_CADHERIN_BINDING",0.804761143952708,1,0.254225043092937,0.903383117550592,5036,333,"S100A11;H3C3;CDH19;ANXA1;TRIM29;CDC42EP1;GPRC5A;VASN;AHNAK;H3C12;CDH11;PHLDB2;PTPRB;PTPRT;KRT18;CALD1;TLN1;H3C10;CDH9;PARVA;TAGLN2;CDH6;CDH15;PLIN3;CDH5;NIBAN2;CNN2;LIMA1;EPHA2;VCL;MYH9;FLNB;EGFR;ANXA2;FLNA;ITGB1;WASF2;TES;NOTCH3;EHD4;PKP1;COBLL1;ARHGEF16;CDH12;FXYD5;RPL24;PPFIBP1;PRDX6;BAIAP2L1;RPL23A;CTNNA1;PFN1;BAG3;STX5;VASP;RPL34;RPL7A;PLEC;CTNND1;KDR;IQGAP1;CORO1B;CAST;HSPA5;RPS26;HSPA1A;PACSIN2;GIPC1;LASP1;RPL15;H3C1;CCS;RPL14;NHERF2;SNX5;NUMB;SNX2;CD2AP;EEF1D;SEPTIN2;PTPRJ;ITGA6;SNX1;RPL29;PAK4;SLC3A2;NCK1;UNC45A;RPL6;PPP1R13L;TMOD3;NDRG1;SWAP70;TWF2;CNN3;GOLGA2;CDH8;RPS2;PARK7;RACK1;BSG;SH3GL1;SEPTIN7;SCYL1;EEF1G;ACVR1;EMD"
"GOMF_CADHERIN_BINDING_INVOLVED_IN_CELL_CELL_ADHESION",0.317495807713807,1,0.481376273891383,1.1118729980622,1703,18,"S100A11;ANXA1;TRIM29;CDC42EP1;KRT18;ANXA2"
"GOMF_CADMIUM_ION_BINDING",0.397097894951972,1,-0.667257533442392,-1.10089426602732,1942,4,"MT3;NOS1"
"GOMF_CALCITONIN_FAMILY_BINDING",0.456861609727852,1,0.609413866421424,1.05114872651897,2366,5,"CALCR;APP;CALCRL"
"GOMF_CALCITONIN_FAMILY_RECEPTOR_ACTIVITY",0.410731519011774,1,0.635036554283872,1.09534407093206,2127,5,"CALCR;CALCRL"
"GOMF_CALCIUM_ACTIVATED_POTASSIUM_CHANNEL_ACTIVITY",0.626341258152746,1,-0.420776740426539,-0.882427992238542,2976,11,"KCNU1;KCNMB3;KCNN1;KCNN2;KCNMB2"
"GOMF_CALCIUM_CALMODULIN_DEPENDENT_PROTEIN_KINASE_ACTIVITY",0.435144609991236,1,-0.393908671650956,-1.00952364343792,1985,27,"CAMK4;PNCK;CAMKV;CAMK2A;PHKA1;ITPKA;CAMK2B;CAMKK1;CAMK1;PHKA2;MAPKAPK3;MKNK2;EEF2K;CAMK1D"
"GOMF_CALCIUM_CHANNEL_INHIBITOR_ACTIVITY",0.939951210358416,1,0.289183887540234,0.631185425781984,5008,14,"PACSIN3;ITPR1;TNNI3;PHPT1"
"GOMF_CALCIUM_CHANNEL_REGULATOR_ACTIVITY",0.986501944635095,1,-0.224757976035514,-0.658037623879791,4311,54,"NPY2R;ATP2A3;GRM3;NOS1;RRAD;HPCAL4;CACNB1;PDE4B;CACNG8;STX1A;CACNG7;PRKCB;FKBP1B;PDE4D;REM2;NRXN2;CACNG4;MICU3;CALM3;YWHAE;SGK3;CACNB4;CACNG1;NRXN1"
"GOMF_CALCIUM_DEPENDENT_CYSTEINE_TYPE_ENDOPEPTIDASE_ACTIVITY",0.464928732183046,1,0.43748600868637,0.996774723088986,2478,17,"ADGB;CAPN9;CAPN3;CAPN11;CAPN8;CAPN14"
"GOMF_CALCIUM_DEPENDENT_PHOSPHOLIPASE_A2_ACTIVITY",0.527276542173731,1,-0.468341408211232,-0.957273723137796,2512,10,"PLA2G2A;PLA2G4D;OC90;PLA2G4C;PLA2G3"
"GOMF_CALCIUM_DEPENDENT_PHOSPHOLIPID_BINDING",0.917518745739605,1,-0.259670489599788,-0.756382836962769,4037,52,"ANXA13;PLA2G4D;SYT10;CPNE6;PLA2G4C;DYSF;CPNE9;MCTP1;DOC2A;SYT6;FER1L6;SYT9;SYT17;SYT1;DOC2B;SYT5;CPNE5;CPNE7;CPNE1;SYT12;SYT2;SYT7;SYT3;SYT13"
"GOMF_CALCIUM_DEPENDENT_PROTEIN_SERINE_THREONINE_KINASE_ACTIVITY",0.196586599241466,1,-0.63199201976864,-1.26336995336793,932,9,"CAMK4;PRKCG;PRKCA;PRKCB;MAPKAPK3;MKNK2"
"GOMF_CALCIUM_DEPENDENT_PROTEIN_SERINE_THREONINE_PHOSPHATASE_ACTIVITY",0.872469213107911,1,-0.353655533477468,-0.666037360617872,4179,7,"PPP3CA;PPP3R1;PPP3CC;PPM1A;PPP3CB;CAMK2G"
"GOMF_CALCIUM_DEPENDENT_PROTEIN_SERINE_THREONINE_PHOSPHATASE_REGULATOR_ACTIVITY",0.704271408134069,1,-0.503417755419608,-0.830578438730562,3445,4,"RCAN2;RCAN3;PPP3R1"
"GOMF_CALCIUM_INDEPENDENT_PHOSPHOLIPASE_A2_ACTIVITY",0.797073912217367,1,0.389370031184484,0.748360679380661,4194,8,"PLA2G4A;PRDX6;PLA2G15;PLB1;PLA2G6"
"GOMF_CALCIUM_INDUCED_CALCIUM_RELEASE_ACTIVITY",0.576643849823688,1,-0.545541601401791,-0.93942628621995,2779,5,"RYR1;RYR3"
"GOMF_CALCIUM_ION_TRANSMEMBRANE_TRANSPORTER_ACTIVITY",0.983551040154814,1,-0.227036586253263,-0.761176131320017,4065,141,"PKD1L3;CACNA1F;CALHM1;TRPM1;TRPV5;TRPA1;TRPC7;TRPM2;RYR1;ATP2A3;CACNA2D3;GRIN2B;CACNB2;GRIN1;GRIA1;GRIA3;CATSPER4;CNGB1;CATSPER2;TSPOAP1;ATP2B2;RYR3;NALF2;CNGA4;TRPM6;CACNB1;ATP2C2;GPM6A;CACNG8;CACNG2;TRPV2;PKD1L1;CHRNA7;CACNA2D4;CACNG7"
"GOMF_CALCIUM_MONOATOMIC_CATION_ANTIPORTER_ACTIVITY",0.599809160305343,1,0.428692513476563,0.901850923502967,3142,12,"SLC24A4;SLC24A1;SLC24A5;SLC8B1;SLC24A2;SLC24A3"
"GOMF_CALCIUM_POTASSIUM_SODIUM_ANTIPORTER_ACTIVITY",0.281219841729396,1,0.697020654359349,1.2022574699352,1456,5,"SLC24A4;SLC24A1;SLC24A5;SLC24A2;SLC24A3"
"GOMF_CALCIUM_SENSITIVE_GUANYLATE_CYCLASE_ACTIVATOR_ACTIVITY",0.180053137134682,1,-0.780150492578965,-1.28715400107614,880,4,"RCVRN;GUCA1B;GUCA1A"
"GOMF_CALCIUM_SODIUM_ANTIPORTER_ACTIVITY",0.411149162861492,1,0.533637316361511,1.05006312637379,2160,9,"SLC24A4;SLC24A1;SLC24A5;SLC8B1;SLC24A2;SLC24A3"
"GOMF_CALMODULIN_BINDING",0.999502487562189,1,-0.200641294148891,-0.699820745054617,4017,195,"TRPV5;MYO1G;MYO1F;SMTNL1;RGS4;RYR1;NOS2;RGS2;KCNN1;CAMK4;MYO1E;NOS1;ADCY8;RRAD;KCNH5;ADORA2A;GRIN1;PNCK;CAMKV;MYO3A;CAMK2A;MYO15A;UNC13C;PHKA1;SCN5A;MAP2;KCNQ1;UNC13B;ATP2B2;RYR3;MYO1A;USP6;ENKUR;CASK;KCNQ3;MYO5A;SYT1;ADD2;KCNN2;CEACAM1;EPB41;MYH11;ITPKA;MBP;MYO1D;MYO6;MAP6;GAP43;ACE;CAMK2B;SPATA17;RASGRF2;CAMKK1;UNC13A;PDE1B;CAMSAP3;RGS16;SLC8A2;SYT7;CAMK1;VAMP2;TRPV6;BASP1;PHKA2"
"GOMF_CALMODULIN_DEPENDENT_PROTEIN_PHOSPHATASE_ACTIVITY",0.934038581207218,1,-0.326023020104086,-0.561413821075438,4502,5,"PPP3CA;PPP3CC;PPM1A;PPP3CB"
"GOMF_CAMP_DEPENDENT_PROTEIN_KINASE_REGULATOR_ACTIVITY",0.905200085598117,1,-0.302516492463657,-0.670239801271736,4229,14,"CXCL10;PKIA;PKIB;PRKAR1B;PRKAR2B;PRKAR2A"
"GOMF_CAMP_RESPONSE_ELEMENT_BINDING",0.426648976497346,1,0.480354478744689,1.02950854822614,2250,13,"CREB3L2;JUN;HMGA2;CREB3L1;TCF12;JDP2;E4F1;ATF4"
"GOMF_CAMP_RESPONSE_ELEMENT_BINDING_PROTEIN_BINDING",0.853705118411001,1,0.351297989031079,0.709616363933538,4469,10,"SIK1;DAPK3;CRTC2;CREB3;ATF4;CREM;CRTC3;CRTC1;DDIT3;ATF2"
"GOMF_CARBOHYDRATE_DERIVATIVE_TRANSMEMBRANE_TRANSPORTER_ACTIVITY",0.999773550724638,1,-0.181969309270578,-0.524225146730199,4414,49,"SLC28A2"
"GOMF_CARBOHYDRATE_KINASE_ACTIVITY",0.817586733580624,1,-0.315455461753352,-0.76816001695965,3746,21,"HK3;HK2;PFKFB1;GCK;RBKS;KHK"
"GOMF_CARBOHYDRATE_MONOATOMIC_CATION_SYMPORTER_ACTIVITY",0.365666041275797,1,0.476322833767967,1.07187379718342,1948,16,"SLC5A4;SLC2A10;SLC2A9;SLC23A1;SLC5A1"
"GOMF_CARBOHYDRATE_PHOSPHATASE_ACTIVITY",0.341678939617084,1,-0.527575281169954,-1.10639954966514,1623,11,"G6PC2;FBP1;PFKFB1"
"GOMF_CARBOHYDRATE_TRANSMEMBRANE_TRANSPORTER_ACTIVITY",0.238865660788947,1,0.446107327367572,1.15851385244183,1313,32,"SLC5A4;AQP7;SLC2A10;SLC2A9;SLC23A1;SLC2A5;SLC5A1;SLC2A1;AQP1;TMEM144;SLC2A12;SLC2A4;SLC2A8;SLC45A2"
"GOMF_CARBON_CARBON_LYASE_ACTIVITY",0.999315693430657,1,-0.178859186201365,-0.522477495865809,4380,53,"GADL1;ACMSD;ALDOB;TYW1B;ALDOC;GAD2;GOT1;ME3;ME1;AZIN2;MVD;PISD;CRY2;AMD1"
"GOMF_CARBON_DIOXIDE_TRANSMEMBRANE_TRANSPORTER_ACTIVITY",0.168886315383131,1,0.754437948664829,1.3012938048709,874,5,"RHBG;RHAG;AQP6;AQP1"
"GOMF_CARBON_NITROGEN_LIGASE_ACTIVITY_WITH_GLUTAMINE_AS_AMIDO_N_DONOR",0.94576012223071,1,0.291590493601462,0.589008170521437,4951,10,"CPS1;QRSL1;CAD;NADSYN1;GMPS"
"GOMF_CARBON_NITROGEN_LYASE_ACTIVITY",0.749055018899622,1,-0.369136946545216,-0.790703752292068,3566,12,"HAL;FTCD;CHAC1;ASL"
"GOMF_CARBON_OXYGEN_LYASE_ACTIVITY",0.940822931114193,1,-0.245421913074734,-0.762219891076084,4069,77,"UROC1;CYP2S1;ALOXE3;CA9;CYP1B1;ENSG00000274276;CA10;CA5BP1;CA5B;ENO2;ECHDC2;CBS;ECHDC3;FASN;EHHADH;HMGA1;PTS"
"GOMF_CARBON_SULFUR_LYASE_ACTIVITY",0.25328330206379,1,0.521416449651205,1.17334838932746,1349,16,"CENPVL2;ALOX5AP;MGST2"
"GOMF_CARBONATE_DEHYDRATASE_ACTIVITY",0.944844579226687,1,0.289747495388495,0.620994570736825,4984,13,"CA4;CA3;CA12;CA1;CA2;CA8;CA14"
"GOMF_CARBONYL_REDUCTASE_NADPH_ACTIVITY",0.606569900687548,1,0.44309740142846,0.895049720430498,3175,10,"DHRS4L1;DHRS4L2;DHRS1;DHRS4"
"GOMF_CARBOXY_LYASE_ACTIVITY",0.995634776282284,1,0.210462598960596,0.552314579534794,5473,34,"URAD;DDC;CSAD;PCK2;UROD;PPCDC;UXS1"
"GOMF_CARBOXYLESTERASE_ACTIVITY",0.725469508335092,1,-0.410359178614926,-0.796746145859406,3437,8,"CES1;CES5A;CES3"
"GOMF_CARBOXYLIC_ACID_TRANSMEMBRANE_TRANSPORTER_ACTIVITY",0.999010880316518,1,-0.203291540865631,-0.697919617839918,4039,169,"SLCO1C1;SLC10A1;SLC6A14;SLC6A13;SLC26A3;AKR1C4;ABCB11;SLC22A7;SLC6A7;FABP3;SLC32A1;SLC16A11;SLC7A3;GRIN2B;SLC13A5;SLC10A4;ABCC4;SLC7A10;GRIN1;GRIA1;UCP2;SLC16A3;GRIA3;SLC26A8;SLCO2B1;SLC1A6;SLC7A7;SLC6A6;SLC46A1;CEACAM1;SLCO1A2;GRIK4;SLC25A44;GRIN2C;SLC38A1;SLC26A1;SLC25A21;SLC13A3;SFXN3;SLC17A7;SLC16A2;SLC7A11;ABCC11;GRIK1;SLC7A1;GRIK5;MFSD2A;SLC47A1;SLC6A11"
"GOMF_CARBOXYLIC_ESTER_HYDROLASE_ACTIVITY",0.835838701980434,1,-0.25840228413652,-0.864336362351914,3502,135,"AADACL3;PLA2G2A;LIPF;ABHD1;CES1;LIPC;PLA2G4D;ABHD12B;AOAH;PLAAT5;OC90;PLA2G4C;ACOT4;PLA2G3;PLAAT4"
"GOMF_CARD_DOMAIN_BINDING",0.372532549349013,1,-0.499872462489931,-1.07074362362655,1773,12,"CARD11"
"GOMF_CARDIOLIPIN_BINDING",0.376055545130418,1,0.487582455572626,1.0642188347427,2003,14,"MME;RPE65;UCP1;SPATA18;GSDMB;NME4"
"GOMF_CARGO_ADAPTOR_ACTIVITY",0.912634114298226,1,-0.277511045827792,-0.705969212373013,4167,26,"AP1M2"
"GOMF_CARNITINE_O_ACYLTRANSFERASE_ACTIVITY",0.848164281269446,1,-0.381517442740536,-0.689598200242061,4088,6,"CROT;CPT1B;CPT1C"
"GOMF_CARNITINE_TRANSMEMBRANE_TRANSPORTER_ACTIVITY",0.364015863076602,1,-0.588427777310369,-1.10818252965073,1743,7,"SLC6A14;SLC22A16"
"GOMF_CATALYTIC_ACTIVITY_ACTING_ON_A_NUCLEIC_ACID",1,1,0.104958381234657,0.390646600122244,6663,661,"DDX3Y;GGT5;NSUN5P2;PNLDC1;AZGP1;SLFN12;ZC3H12D;EXD1;DQX1;TMT1A;RNASE1;ENDOU;ENPP3;MOV10L1;PIWIL4;ADAD2;DDX60;RNASE4;RNASE11;POLR3G;SLFN5;EXO5;POLD4;ENPP2;ADARB1;SMARCA2;HMGA2;NYNRIN;MOV10;ASTE1;PLSCR1;PMS2P6;TRMT44;ANKLE1;ANG;KHNYN;SLX1B;LACTB2;TERT;MPG;QTRT2;RNASEL;ADARB2;DDX59;MSH5;HELQ;TRPT1;RPS3;MLH3;B3GNTL1;PTRH1;PUS10;SLFN13;ISG20;ZC3H12A;RECQL;THG1L;POLH;POLR2H;RAD51;RAG1;RAD51B;MGMT;PSTK;RIGI;DTWD2;DNA2;SMUG1;DDX60L;REXO2;PUSL1;POP5;BIVM;DNASE2;MEPCE;WARS2;HFM1;EXOSC1;EIF4A3;DDX23;POLR2C;CDK7;PNKP;PIWIL2;RECQL5;SLFN11;POLL;RAD54B;SETMAR;ALKBH7;RNASET2;POLR1H"
"GOMF_CATALYTIC_ACTIVITY_ACTING_ON_A_RRNA",0.64801049409707,1,-0.350087796312555,-0.876348625272859,2963,24,"TRMT2B;FBLL1;METTL15P1;NOP2;FDXACB1;TRMT61B;NSUN5;TFB1M;METTL15;DIMT1;TFB2M;METTL5;METTL25B;NSUN4;MRM2;FBL;SPOUT1;MRM3;EMG1;FTSJ3;BUD23;ZCCHC4;MRM1;TSR3"
"GOMF_CATALYTIC_ACTIVITY_ACTING_ON_A_TRNA",1,1,0.152909174142301,0.504086923489686,5879,154,"GGT5;ADAD2;ADARB1;TRMT44;ANG;QTRT2;ADARB2;TRPT1;B3GNTL1;PTRH1;PUS10;THG1L;PSTK;DTWD2;PUSL1;POP5;WARS2;ALKBH7;TRMT61A;TYW1;MTFMT;TSEN34;DARS1;QRSL1;LCMT2;AARS2;HARS2;LARS2;TRMT11;RPP30;TRMT1;GGT1;DUS4L;TARS2;TRMT2A;AARSD1;POP7;RPP25;TARBP1;TRMT12;METTL8;PTRHD1;TRMO;MRPL58;GTDC1;VARS2;THUMPD3;ELAC1;ALKBH1;TRUB2;DUS3L;NSUN2;RPUSD4;PTRH2;DUS2;GATB;TRMT13;POP4;NARS1;QARS1;ALKBH8;RPP38;FARS2;SARS2;DALRD3;BCDIN3D;QTRT1;GATC;RPP21;POP1;YARS2;OSGEP;NSUN6;ADAR;TRMU;IARS2;OSGEPL1;ADAT2;LRRC47;CDKAL1;PRORP;RARS2;TRUB1;HARS1;MARS1;ANKZF1;METTL1;ADAT1;MTRFR;RARS1;FARSA;PARS2;DARS2;WARS1;TRMT10C;TYW5;PRORSD1P;SEPSECS;TRNT1;TYW3;RPP14;FTSJ1;TRIT1;TARS1;NT5C3A;AARS1;TRMT10B;KARS1;CARS2;TRMT61B;ETF1;DUS1L;PUS1;METTL6;EARS2;METTL2B;DTWD1;GTPBP3;NARS2;CDK5RAP1;FARSB;TRMT10A;LARS1;EPRS1;TSEN2;ELAC2;TRMT9B;VARS1;DTD1;IARS1;SARS1;FTO;TARS3;YARS1;PUS7;ELP3;RPP40;MTO1;CARS1;DTD2;THUMPD2;TRMT5;NAT10;TRDMT1;GARS1;TRMT1L;METTL2A;MARS2"
"GOMF_CATALYTIC_ACTIVITY_ACTING_ON_DNA",1,1,-0.170954962115398,-0.609407887434658,3903,249,"PLD4;DNASE2B;MEIOB;DNMT3B;TREX1;DDX12P;ERCC6L;POLN;TREX2;TET1;RAD50;POLA1;XRCC2;MCM4;HMGA1;ATRX;DICER1;CECR2;TERF1;MSH4;PGBD5;MRE11;PMS2P5;DDX3X;CHD7;TET3;RSF1;TERF2;CHD2;TTF2;DMC1;CHRNA4;MAP1S;RAD54L2;RAD51C;BLM;SRCAP;CRY2;NEIL1;TDP2;BPTF;ENDOG;ZRANB3;NIPBL;SMARCA5;ATAD5;HELLS;RAD54L;ERCC2;HELB;FTO;DFFB;TOP1MT;TOP2B;NME5;EME2;MCM2;PMS1;TP53;LIG3;EXO1;PTGES3;XRCC3;CHD4;REV3L;CHD5;ZGRF1;LIG1;SMARCA1;THAP9;MCM8;MYO18A;G3BP1;ALKBH3;TATDN3;DHX36;ERCC4;XRCC5;MSH2;SMARCA4;SETX;OGG1;TEP1;EXD2;ASCC3;ERCC3;PDS5A;DHX9;SMARCAD1;UNG;POLD3;MORC2;ERCC5;RECQL4;MUS81;RFC1;WAPL;PMS2P3;RAD51D;TOP3B;SUPV3L1;CHTF18;TOP2A;N4BP2;POLE4;PMS2;DCLRE1B;NME1;TOP1;POLD1;DDX11;PDS5B;TDG;MYD88;DKC1;HLTF;MAU2;RAD17;NEIL2;BRIP1;DDX1;MSH6;MCM6"
"GOMF_CATALYTIC_ACTIVITY_ACTING_ON_RNA",1,1,0.180385727617411,0.652260109674577,6311,419,"DDX3Y;GGT5;NSUN5P2;PNLDC1;AZGP1;SLFN12;ZC3H12D;TMT1A;RNASE1;ENDOU;MOV10L1;PIWIL4;ADAD2;DDX60;RNASE4;RNASE11;POLR3G;SLFN5"
"GOMF_CATECHOLAMINE_BINDING",0.465179886387545,1,-0.481458520087468,-1.00968621696212,2210,11,"GPR143;DRD4;ADRB2;ADRA2B"
"GOMF_CCR_CHEMOKINE_RECEPTOR_BINDING",0.255526414387411,1,0.529204148929114,1.17462228673842,1363,15,"CCL20;CCL26;MSMP;CXCL13;CCL2;CCRL2"
"GOMF_CD4_RECEPTOR_BINDING",0.375263379688158,1,-0.54425908972802,-1.08798934053231,1780,9,"LCK;PLSCR4"
"GOMF_CDP_ALCOHOL_PHOSPHATIDYLTRANSFERASE_ACTIVITY",0.789099980809825,1,0.401710095601059,0.747136241184918,4111,7,"CDS1;CHPT1;CEPT1;PGS1;PTDSS2;CDIPT"
"GOMF_CELL_ADHESION_RECEPTOR_ACTIVITY",0.834004989445404,1,0.379827964286931,0.706437902959958,4345,7,"ITGAL;ITGB3;ITGB1"
"GOMF_CELL_ADHESIVE_PROTEIN_BINDING_INVOLVED_IN_BUNDLE_OF_HIS_CELL_PURKINJE_MYOCYTE_COMMUNICATION",0.841729395869523,1,0.39503745904173,0.681381151428962,4360,5,"DSP;DSG2;DSC2"
"GOMF_CELL_CELL_ADHESION_MEDIATOR_ACTIVITY",0.358264905390932,1,0.357511863366631,1.04860113431836,2006,65,"MYPN;S100A11;ANXA1;CNTN6;TRIM29;CDC42EP1;KRT18;CDH5;ESAM;ANXA2;NTNG1;NEXN;DSP;CNTN5;CLSTN2;CLDN9;CLDN3;BAIAP2L1;DSG2;CTNND1;CLDN19"
"GOMF_CENTROMERIC_DNA_BINDING",0.830341632889404,1,0.392849309059004,0.70373622252692,4301,6,"MLH3;CENPB;ZW10;KIF2C"
"GOMF_CERAMIDE_1_PHOSPHATE_BINDING",0.352523507963922,1,0.603599337513918,1.12262784816769,1836,7,"PLA2G4A;GLTPD2;PLEKHA8P1;GLTP"
"GOMF_CERAMIDE_TRANSFER_ACTIVITY",0.995357670394598,1,-0.213131781496632,-0.413812909073344,4716,8,"MTTP"
"GOMF_CGMP_BINDING",0.980312433126471,1,-0.234435984438004,-0.519404169805876,4580,14,"PRKG2;CNGB1;CNGA4;PDE2A;PDE11A"
"GOMF_CHANNEL_ACTIVATOR_ACTIVITY",0.832869676867109,1,-0.332862655724139,-0.737473181731177,3891,14,"LRRC38"
"GOMF_CHEMOATTRACTANT_ACTIVITY",0.396077712609971,1,0.409265304427893,1.04219507650717,2160,29,"HGF;CCL2;BMP4;PDGFB;WNT5A;VEGFD;COLEC10;VEGFC;LGALS3;NTF3;GPNMB;GDNF"
"GOMF_CHEMOKINE_BINDING",0.235707678075856,1,0.477141520142685,1.17571980794417,1273,25,"CX3CR1;CXCR5;ITGA4;ACKR2;ITGB3;CCRL2;ZFP36;ACKR1;GPR182;ITGAV;CCR4;ITGB1"
"GOMF_CHEMOREPELLENT_ACTIVITY",0.259225261611896,1,0.454466216980739,1.14838432021455,1411,28,"SEMA3G;FLRT2;SEMA3B;APOA1;EPHA7;SEMA3F;SEMA3A"
"GOMF_CHITIN_BINDING",0.473345778884049,1,-0.563845594056472,-1.01915892516661,2281,6,"CHIA"
"GOMF_CHITINASE_ACTIVITY",0.407112201103617,1,-0.662135809511319,-1.09244404070156,1991,4,"CHIA"
"GOMF_CHLORIDE_CHANNEL_ACTIVITY",0.804998240056318,1,0.279940280499402,0.838506654859713,4573,74,"CLCA2;FXYD3;CLIC6;FXYD1;AQP6;SLC1A7;CLIC2;SLC26A7;OCA2;ANO9;TTYH2;GABRE"
"GOMF_CHLORIDE_CHANNEL_INHIBITOR_ACTIVITY",0.600844367683746,1,0.486543596042686,0.904917146719991,3130,7,"ANO9;VAMP8;CFTR"
"GOMF_CHLORIDE_CHANNEL_REGULATOR_ACTIVITY",0.649166034874905,1,0.40376822223728,0.865366837802067,3424,13,"ANO9;VAMP8;SGK1;NHERF1;CFTR"
"GOMF_CHLORIDE_ION_BINDING",0.5606782244237,1,0.451768242524501,0.931863544588009,2942,11,"NPR3;AMY1C;CTSC"
"GOMF_CHLORIDE_TRANSMEMBRANE_TRANSPORTER_ACTIVITY",0.943353994490358,1,0.245475850763184,0.776809615415894,5478,110,"CLCA2;SLC6A2;FXYD3;CLIC6;FXYD1;AQP6;SLC1A7;CLIC2;SLC26A7;OCA2;ANO9;TTYH2;SLC18A2;SLC6A4;SLC26A5;SLC6A3;SLC4A1;GABRE;SLC22A1;SLC26A4;SLC12A4"
"GOMF_CHOLESTEROL_BINDING",0.271004647836968,1,0.392708873732969,1.10861421769048,1515,51,"APOC3;PMP2;SULT2B1;CAV1;APOD;ANXA6;APOA1;FABP1;NPC2"
"GOMF_CHOLESTEROL_TRANSFER_ACTIVITY",0.650884303610906,1,0.35780392139743,0.87603433792025,3532,24,"APOA4;APOE;APOA1;NPC2;PLTP"
"GOMF_CHOLINE_TRANSMEMBRANE_TRANSPORTER_ACTIVITY",0.954277286135693,1,-0.273677298224796,-0.54708867308593,4528,9,"SLC44A4;SLC5A7;SLC44A5;FLVCR1"
"GOMF_CHONDROITIN_SULFATE_BINDING",0.96370121695342,1,-0.266564694721982,-0.544849063737948,4592,10,"IMPG1;ADGRE2"
"GOMF_CHONDROITIN_SULFOTRANSFERASE_ACTIVITY",0.531567837267319,1,0.515582757180453,0.958926766934217,2769,7,"CHST3;CHST7;CHST13;CHST12;CHST9;UST"
"GOMF_CHROMATIN_BINDING",0.390337423312883,1,0.274858653009522,1.0163993141948,2544,596,"UTY;ERG;KLF14;SOX10;GMNC;FOXC1;MEOX1;MYOD1;MYOG;SNAI2;H3C3;STPG4;RARG;GATA6;PTF1A;FLI1;GATA2;ZNF683;FOXC2;NFATC2;H1-3;SMAD6;GPER1;SVEP1;PPARG;SAMD11;H3C12;RUNX2;GATA1;NR3C1;ATOH1;HES1;H1-2;NFIA;SPI1;H3C10;H3-5;RAD21L1;TGIF1;POU4F2;GRHL3;TFAP2A;PRDM1;GRHL2;FOXO1;TP73;NKX2-5;EPOP;POLR3G;JUN;FABP1;EGFR;FOXA1;SMAD3;IRF3;BCL6;SMARCA2;RIT2;GLI1;POU4F1;ZIC2;H1-4;STAG3;PCLAF"
"GOMF_CHROMATIN_DNA_BINDING",0.216744507870611,1,0.344732485598601,1.11273275130757,1252,130,"UTY;MYOD1;MYOG;H3C3;FOXC2;H1-3;H3C12;RUNX2;GATA1;ATOH1;H1-2;H3C10;H3-5;GRHL3;GRHL2;FOXO1;SMAD3;BCL6;ZIC2;H1-4;HMGA2"
"GOMF_CHROMATIN_PROTEIN_ADAPTOR_ACTIVITY",0.280409426327065,1,-0.322831734428834,-1.07324255231748,1177,129,"BRDT;DPPA3;RAG2;JADE1;PWWP2A;FGF2;JADE3;PTENP1-AS;PRDM16;ING2;JARID2;FIRRE;SPIN3;ATRX;PHF8;TTLL12;HTATSF1;MECP2;TRIM24;BRD3;MLLT3;MLLT10;CBX4;TAF1;FMR1;HELLS;RNF169;CBX5;PYGO1;TP53BP1;MTF2;BAZ2A;BRD4;CBX8;PHF14;ING5;ING1;KMT2E;PHIP;MEG3;CHD5;CBX2;BRPF3;BRCA1"
"GOMF_CHROMO_SHADOW_DOMAIN_BINDING",0.780128604024061,1,-0.416268429129491,-0.752411102054147,3760,6,"ATRX;NIPBL;LBR;CHAF1A;SP100"
"GOMF_CIS_TRANS_ISOMERASE_ACTIVITY",0.836307914187849,1,0.288972101291072,0.786465741500749,4638,41,"PPIAL4H;PPIC;RPE65;FKBP10;FKBP14;PPIB;FKBP7;GSTZ1;FKBP15;PPIH;AIPL1;PPIE"
"GOMF_CLASS_I_DNA_APURINIC_OR_APYRIMIDINIC_SITE_ENDONUCLEASE_ACTIVITY",0.941858255747672,1,0.293872477332553,0.564816470643237,4956,8,"RPS3;NTHL1;NEIL3;ALKBH1;POLB"
"GOMF_CLATHRIN_ADAPTOR_ACTIVITY",0.889155574950905,1,-0.291419008440428,-0.709629274515438,4074,21,"AP1M2"
"GOMF_CLATHRIN_BINDING",0.961877360187017,1,0.247413364029517,0.683592916633476,5348,45,"CEMIP;LRRK2;LDLRAP1"
"GOMF_CLATHRIN_HEAVY_CHAIN_BINDING",0.295294341779387,1,0.55620464172955,1.14728478049294,1549,11,"CEMIP;LRP1;CLTA"
"GOMF_CLATHRIN_LIGHT_CHAIN_BINDING",0.34230849509497,1,-0.599580277181528,-1.12918596625878,1639,7,"CALY;NSG1;NSG2;HIP1R;CLTCL1"
"GOMF_CO_SMAD_BINDING",0.17660506763193,1,0.619133325675102,1.27708794272956,926,11,"USP9Y;SMAD6;GATA4;SMAD3"
"GOMF_COBALAMIN_BINDING",0.55006650199506,1,0.490128692600175,0.9420166217272,2894,8,"MTR;MMAB;MMACHC;CD320;CUBN;LMBRD1;MMUT"
"GOMF_COBALT_ION_BINDING",0.972785176606833,1,0.27614695668068,0.476312630612605,5039,5,"ANKLE1;PML;BIRC5"
"GOMF_COENZYME_A_BINDING",0.533914125700062,1,-0.567789465854986,-0.977737257603041,2573,5,"HMGCR;ACAT1;TMEM120A"
"GOMF_COENZYME_A_DIPHOSPHATASE_ACTIVITY",0.779386218876665,1,0.434162679631224,0.748866366425664,4037,5,"NUDT7;NUDT8"
"GOMF_COLLAGEN_BINDING_INVOLVED_IN_CELL_MATRIX_ADHESION",0.494692144373673,1,0.590213504286913,1.01803094348442,2562,5,"ITGA1;ITGA10;ITGB1"
"GOMF_COLLAGEN_RECEPTOR_ACTIVITY",0.79752943447211,1,0.410795207357475,0.735883863841777,4131,6,"DDR2;OSCAR"
"GOMF_COMPLEMENT_BINDING",0.410139251523064,1,-0.428545280635113,-1.03241138424808,1884,20,"ITGAM;CFB;CR2;VSIG4"
"GOMF_COMPLEMENT_COMPONENT_C1Q_COMPLEX_BINDING",0.370584829183555,1,0.623895034329263,1.11762328350241,1919,6,"MEGF10;PTX3;CD93;CALR"
"GOMF_COMPLEMENT_COMPONENT_C3B_BINDING",0.698693636746734,1,-0.411076519359248,-0.821753608983331,3315,9,"ITGAM;VSIG4;CFHR4"
"GOMF_COMPLEMENT_RECEPTOR_ACTIVITY",0.244988394175987,1,-0.625163433101446,-1.21380629900134,1160,8,"C5AR2;FPR2;CR2"
"GOMF_CONNEXIN_BINDING",0.523781561949501,1,0.616086343511207,1.00838172085283,2675,4,"GJA5;CNST;CXADR;SRC"
"GOMF_COPPER_CHAPERONE_ACTIVITY",0.944714074699304,1,-0.288908395437975,-0.560939446629595,4476,8,"COX17;SCO2;SCO1;COX11"
"GOMF_COPPER_ION_TRANSMEMBRANE_TRANSPORTER_ACTIVITY",0.819804260218768,1,0.388732497349468,0.722999347232092,4271,7,"ATP7B;SLC39A11;SLC11A2;SLC31A2;ATP7A"
"GOMF_CORE_PROMOTER_SEQUENCE_SPECIFIC_DNA_BINDING",0.699457259158752,1,-0.305764277216161,-0.871065619220013,3092,46,"UBTFL1;MYC"
"GOMF_CORTICOTROPIN_RECEPTOR_ACTIVITY",0.179782206698171,1,-0.814884117636069,-1.2710110848865,874,3,"MC4R;MC5R"
"GOMF_CORTICOTROPIN_RELEASING_HORMONE_RECEPTOR_BINDING",0.999034935340668,1,0.198419347041189,0.342244007645935,5175,5,"CRH;UCN"
"GOMF_CREATINE_KINASE_ACTIVITY",0.559012652976561,1,-0.522165102389491,-0.943820844075776,2694,6,"CKB;CKM;CKMT1B;CKMT1A"
"GOMF_CROSSOVER_JUNCTION_DNA_ENDONUCLEASE_ACTIVITY",0.93007790233707,1,0.306323585823507,0.588747228696154,4894,8,"SLX1B;SLX1A;EME1;TEFM;GEN1"
"GOMF_CTPASE_ACTIVITY",0.979926655085891,1,0.259048036850186,0.464049401900778,5076,6,"NTPCR;ENTPD4"
"GOMF_CULLIN_FAMILY_PROTEIN_BINDING",0.697846421579291,1,-0.335632085283442,-0.84923406020975,3207,25,"GMCL2;DCUN1D3;KLHL3;DCUN1D4;DCUN1D1;KCTD2;DCUN1D2;RNF7"
"GOMF_CUPRIC_ION_BINDING",0.669947886508396,1,0.494202244094033,0.852425729287605,3470,5,"SUMF1;PARK7;PRNP;MUC2"
"GOMF_CUPROUS_ION_BINDING",0.300674252001686,1,-0.579872244154143,-1.15918104523625,1426,9,"SNCG;SNCA;SNCB;COX17"
"GOMF_CXCR_CHEMOKINE_RECEPTOR_BINDING",0.341588874071252,1,0.536699180294708,1.10705081378043,1792,11,"CXCL6;CXCL8;CXCL13;CXCL12"
"GOMF_CXCR3_CHEMOKINE_RECEPTOR_BINDING",0.600780768440518,1,-0.601375319117024,-0.937991893856324,2923,3,"CXCL11;CXCL10"
"GOMF_CYCLASE_ACTIVATOR_ACTIVITY",0.184787189211968,1,-0.638422346621513,-1.27622435893342,876,9,"RCVRN;GUCA1B;GUCA1A"
"GOMF_CYCLASE_ACTIVITY",0.933231507746018,1,-0.271363197009217,-0.660791722730762,4276,21,"GUCY2D;NPR1;ADCY8"
"GOMF_CYCLASE_INHIBITOR_ACTIVITY",0.355113047085667,1,-0.658010636753525,-1.13309871729346,1711,5,"RGS2;GRM7;GNAZ"
"GOMF_CYCLIC_NUCLEOTIDE_ACTIVATED_MONOATOMIC_ION_CHANNEL_ACTIVITY",0.943493150684932,1,0.296529273220459,0.583494531121365,4958,9,"CNGB3;AQP1;CNGA1"
"GOMF_CYCLIC_NUCLEOTIDE_BINDING",0.858339402767662,1,0.290141016132133,0.764584024590591,4713,35,"STING1;CNGB3;PDE5A;RAPGEF3;CNGA1"
"GOMF_CYCLIC_NUCLEOTIDE_PHOSPHODIESTERASE_ACTIVITY",0.628834355828221,1,-0.349728269364326,-0.89629648218245,2869,27,"PDE6A;MPPED1;PDE4C;PDE3B;PDE4A;PDE4B;PDE2A;PDE4D;PDE11A;PDE1B;MPPED2"
"GOMF_CYCLIN_BINDING",0.996726677577741,1,0.203186822097564,0.530394411477097,5480,33,"CDKN1A;MDFIC;INCA1;CDK2;CRABP2;NDC80;CDK4;CDK1;CDK5RAP3;RACK1;RBM4;HDAC3;GPS2;CDK14"
"GOMF_CYCLIN_DEPENDENT_PROTEIN_KINASE_ACTIVITY",0.996479647964796,1,-0.19182579252402,-0.502319298498616,4528,30,"CDKL4;CDKL2;CDK15;CDKL1;CDK16;MOK;CDK8;CDK20;CDK17;CDK5"
"GOMF_CYCLIN_DEPENDENT_PROTEIN_KINASE_REGULATOR_ACTIVITY",0.892742223811226,1,0.271903815077372,0.767582439311074,4993,51,"CDKN2B;CCNO;CDKN2A;CDKN1A;CCNB3;CCND1;CDKN2C;INCA1;CCND2;CKS1B;CDK4"
"GOMF_CYCLIN_DEPENDENT_PROTEIN_SERINE_THREONINE_KINASE_ACTIVATOR_ACTIVITY",0.555531732418525,1,-0.41173180944681,-0.928973253394092,2590,15,"CCNYL2"
"GOMF_CYCLIN_DEPENDENT_PROTEIN_SERINE_THREONINE_KINASE_INHIBITOR_ACTIVITY",0.160348749052312,1,0.602706805697695,1.29173732315639,845,13,"CDKN2B;CDKN2A;CDKN1A;CDKN2C;INCA1"
"GOMF_CYCLOHYDROLASE_ACTIVITY",0.326280854594482,1,-0.672810858701422,-1.15858479847227,1572,5,"GCH1;MTHFD2L;MTHFD2"
"GOMF_CYCLOSPORIN_A_BINDING",0.622213755000953,1,0.42775004035409,0.882321135665945,3265,11,"PPIAL4H;PPIC;PPIB;PPIH;PPIE"
"GOMF_CYSTEINE_TYPE_ENDOPEPTIDASE_ACTIVATOR_ACTIVITY_INVOLVED_IN_APOPTOTIC_PROCESS",0.80758239664698,1,0.365689507131359,0.754308710213488,4238,11,"NGF;NOD1;CTSH;NLRP1;RACK1;NKX3-1"
"GOMF_CYSTEINE_TYPE_ENDOPEPTIDASE_ACTIVITY",0.785059901338971,1,0.280900835008474,0.851273398518997,4455,80,"ADGB;CASP4;CAPN9;CAPN3;CAPN11;CTSC;CAPN8;CAPN14;CTSO;CASP7;CTSZ;CASP8;CASP6;CTSS;CTSK;CTSL;CTSH;ATG4C;PDIA3;TINAG;CTSD;ATG4B;PIGK;ESPL1;LGMN;CTSV;MALT1"
"GOMF_CYSTEINE_TYPE_ENDOPEPTIDASE_INHIBITOR_ACTIVITY",0.395177058440148,1,-0.439357885228233,-1.04571017730057,1818,19,"CST1;LTF;HRG;KNG1"
"GOMF_CYSTEINE_TYPE_ENDOPEPTIDASE_INHIBITOR_ACTIVITY_INVOLVED_IN_APOPTOTIC_PROCESS",0.717838765008576,1,-0.363167108203254,-0.819398750090707,3347,15,"TNFSF14;BIRC7;NOL3;SERPINB9;XIAP;CD27;VIL1"
"GOMF_CYSTEINE_TYPE_ENDOPEPTIDASE_REGULATOR_ACTIVITY_INVOLVED_IN_APOPTOTIC_PROCESS",0.964384064622728,1,0.250402966505698,0.632739749899913,5252,28,"FOXL2;BIRC3;NGF;NOD1;TNFAIP8;CTSH"
"GOMF_CYSTEINE_TYPE_EXOPEPTIDASE_ACTIVITY",0.928082191780822,1,0.311981280391942,0.613900168923962,4877,9,"CTSZ;SCRN2;BLMH;ACTMAP;ATG4D;SCRN1;MINDY1;SCRN3;MINDY2"
"GOMF_CYSTEINE_TYPE_PEPTIDASE_ACTIVITY",0.373108958014618,1,0.312133158551879,1.0306397615817,2194,157,"USP9Y;ADGB;CASP4;USP53;CAPN9;CAPN3;MINDY4B;CAPN11;CTSC;CAPN8;CAPN14;JOSD2;CTSO;CASP7;TNFAIP3;CTSZ;CASP8;CASP6;CTSS;CTSK;USP21;CTSL;CTSH;OTUD7B;GGH;OTUB2;ATG4C;UFSP1;ZC3H12A;PDIA3;TINAG;UFD1;CTSD;EIF3F;ATG4B;USP43"
"GOMF_CYTIDINE_DEAMINASE_ACTIVITY",0.458280657395702,1,-0.509165633425209,-1.01783652710116,2174,9,"CDA;AICDA;APOBEC3D"
"GOMF_CYTIDYLYLTRANSFERASE_ACTIVITY",0.686683522966709,1,-0.416192216826119,-0.831980033159592,3258,9,"PCYT1B;PCYT2;CDS2;CRPPA;CMAS;TRNT1;PCYT1A"
"GOMF_CYTOCHROME_B5_REDUCTASE_ACTIVITY_ACTING_ON_NAD_P_H",0.313567453463827,1,0.624155039333915,1.16085917459162,1633,7,"NQO1;CYB5RL;CYB5R4;CYB5R2;CYB5R3;POR;CYB5R1"
"GOMF_CYTOCHROME_B5_REDUCTASE_ACTIVITY_ACTING_ON_NADH",0.571511291256514,1,0.548574295558384,0.946209471017326,2960,5,"CYB5RL;CYB5R4;CYB5R2;CYB5R3;CYB5R1"
"GOMF_CYTOCHROME_C_OXIDASE_ACTIVITY",0.197877179681577,1,0.582117554877286,1.24760989089725,1043,13,"MTCO2P12;MT-CO2;SURF1;COX4I1;MT-CO3;COX6B1;COX8A;COX7A1;MT-CO1;COX7A2L"
"GOMF_CYTOSKELETAL_ANCHOR_ACTIVITY",0.586428834130195,1,0.366755946365826,0.919992245032459,3188,27,"INSC;GAS2L1;WIPF1"
"GOMF_CYTOSKELETAL_MOTOR_ACTIVITY",1,1,0.191914136233369,0.607693140194579,5791,111,"MYH4;MYL3;DNAI2;TNNT2;ACTC1;DYNLRB2;MYO3B;KIF12;MYH14;MYH9;KIF19;KIF4B;MYO7B;MYH2;DNAH9;KIF20A;DNAH7;MYO5B;DNAH11;MYL6;MYH7B"
"GOMF_CYTOSKELETAL_PROTEIN_BINDING",1,1,0.212115194880404,0.80535450936424,6947,972,"TMSB4Y;MYOT;MYPN;ERMN;ANXA8;RP1;S100B;SLC6A2;MYH4;PPP1R42;TRPV4;CRYAB;PARVG;RHBG;MYOZ2;MYL3;RCSD1;LRRK2;SNTB1;RHAG;SPAG6;PPARG;MYL9;TNNC1;TPM2;TULP1;ARPC1B;ANXA2P2;TNNT2;ACTC1;AIF1;TAGLN;SYNPO;CAPN3;DAAM2;IRAG2;PTPRC;SSH3;FAM110C;MYLIP;TNNI1;KIRREL1;CIMAP3;PTPRT;ACTN3;DCDC2;CCDC170;CALD1;TLN1;GJA1;DNAI7;GAS2L1;PLS3;MYO3B;APOE;GBP1;SPAG8;LMOD1;PARVA;TAGLN2;SAG;AGBL1;KIF12;EPS8;GSN;ANKRD1;FLNC;MYL12A;PLEKHH2;MYL4;PACSIN3;SLC6A4;CNN1;SLC26A5;WIPF1;STMND1;CNN2;SLC4A1;LIMA1;MYH14;RFLNA;CSRP1;PDLIM3;TPM1;PDLIM2;VCL;MYH9;MYOZ3;SCIN;BCL2L11;FLNB;B4GALT1;EGFR;GMFG;RMDN2;FHDC1;ANXA2;PKNOX2;NEXN;SORBS3;LYN;FMNL3;FLNA;FHL3;GLI1;DLEC1;KIF19;TPM4;EPB41L2;KIF4B;MYO7B;PDLIM7;NKD2;ITGB1;ACTN1;MYH2;RAB27A;MYLK2;P4HB;NPHS1;WASF2;NOD2;EML3;HAUS8;SYNPO2L;PHACTR2;UACA;NOS3;KIF20A;TTN;FBLIM1;CETN3;COBLL1;TNNI3;MYO5B;CSRP2;ANG;FHOD1;SVIL;NDC80;ESPNL;AJUBA;FERMT2;GAS2;LLGL2;ESPN;SNTA1;CAMK2D;NRAP;FXYD5;DISC1;SMTN;ARHGEF10;BAIAP2L1;CTNNA1;PFN1;CLMN;TMEM67;REEP4;MYH7B;IMPACT;MICAL2;TNS1;RPS3;CCDC61;KATNA1;VASP;PACRG"
"GOMF_CYTOSKELETON_NUCLEAR_MEMBRANE_ANCHOR_ACTIVITY",0.608587429993777,1,-0.495798431834776,-0.896162712299943,2933,6,"SYNE2;AKAP6"
"GOMF_D_GLUCOSE_BINDING",0.859840537138061,1,-0.341749461894406,-0.69852414079185,4097,10,"HK3;HK2;GCK"
"GOMF_D_GLUCOSE_SODIUM_SYMPORTER_ACTIVITY",0.250916811426366,1,0.682221758676571,1.22210769449161,1299,6,"SLC5A4;SLC5A1;SLC5A2"
"GOMF_D_LOOP_DNA_BINDING",0.92843808338519,1,-0.33237068177664,-0.572344536929016,4475,5,"BLM;RECQL4;POT1;WRN;RAD51AP1"
"GOMF_D1_DOPAMINE_RECEPTOR_BINDING",0.684129725580503,1,0.451980550109983,0.840633713207015,3564,7,"PTGER1;CAV2;SNX5"
"GOMF_DAMAGED_DNA_BINDING",0.99007971656333,1,0.221277531425221,0.661242186056516,5588,73,"MPG;RPS3;DDB2;POLH;PNKP;HMGB1;SIRT6;RPA2;XPC;MUTYH;CYREN;H2AX;PCNA;HMGB2;ERCC1;RPA1;APEX1;FEN1;SMC6;ZNF432;NTHL1;NBN;NEIL3;MSH3;RBBP8;XRCC1;POLK;DCLRE1A;RAD23A;POLB;POLQ;POLI;PARP2;SDE2;CREBBP;XRCC6;APTX;WRN;POT1;RAD1;HMCES;DCLRE1C;REV1;MSH6;NEIL2;TDG;POLD1;DCLRE1B;PARP1;FANCG;RECQL4;ERCC5;DDB1;UNG;ERCC3;KDM4D;OGG1;MSH2;XRCC5;ERCC4;BRCA1;RAD23B;RPA3;RAD18;EP300;XPA;AUNIP;ERCC2;NEIL1;CRY2;BLM"
"GOMF_DCMP_KINASE_ACTIVITY",0.970130678282514,1,-0.276595744680851,-0.499950739752275,4676,6,"CMPK2;AK7;AK4;CMPK1;AK8;AK9"
"GOMF_DEACETYLASE_ACTIVITY",0.869142351900973,1,-0.281480539469431,-0.767926503489419,3931,37,"CES1"
"GOMF_DEACYLASE_ACTIVITY",0.985905567300916,1,0.228300899954032,0.687855881481544,5595,77,"ACOT12;ACOT6;ACOT11;CLN5;ABCD1;NDST4;CLYBL;SIRT3;ACOT13;AMDHD2;NDST3;HDAC7;ACAA2;SIRT6;MIER3;NDST1;ADPRS;NDST2;HDAC3;PIGL;PLA2G6;ESD;AARS2"
"GOMF_DEAD_H_BOX_RNA_HELICASE_BINDING",0.767798886969871,1,0.412612365275787,0.767413254071468,4000,7,"SMAD3;ETV3;SMAD5;AKAP8L"
"GOMF_DEAMINASE_ACTIVITY",0.150426976133129,1,-0.494546804590066,-1.25809341057614,686,26,"GDA;CDA;AICDA;APOBEC3D;AMPD3"
"GOMF_DEATH_DOMAIN_BINDING",0.419901065449011,1,0.529637191254675,1.04219189295966,2206,9,"BAX;TRADD;RIPK1;CRADD;BCL2;RACK1"
"GOMF_DEATH_RECEPTOR_ACTIVITY",0.531720327681463,1,0.461238959446333,0.951398817344791,2790,11,"TNFRSF19;TNFRSF11A;FAS;TNFRSF1A;TNFRSF10A;TNFRSF10B;EDA2R;NGFR"
"GOMF_DEATH_RECEPTOR_BINDING",0.972873223842037,1,0.249395638934103,0.594253679770865,5271,21,"NGF;NTF4;TMBIM1;NTF3;CASP8;RIPK1;PIDD1;FADD"
"GOMF_DEHYDROASCORBIC_ACID_TRANSMEMBRANE_TRANSPORTER_ACTIVITY",0.220878909998081,1,0.672049126685642,1.24993686716345,1150,7,"SLC2A10;SLC23A1;SLC2A1;SLC2A8"
"GOMF_DELAYED_RECTIFIER_POTASSIUM_CHANNEL_ACTIVITY",0.366418889374727,1,-0.423738329094847,-1.06071250151821,1675,24,"KCNE3;KCNH5;KCNH8;KCNQ1;KCNA3;KCNA5;KCNE1;KCNH2;KCNE4;KCNA2;KCNC1;KCNC4;KCNC2;KCNS3;KCNA4;KCNB1;KCNA6;KCNB2"
"GOMF_DELTA_CATENIN_BINDING",0.40560106686988,1,0.510130566356166,1.05224766378209,2128,11,"PTPRT;DACT1;PLPP3;PTPRJ;DACT2;ABL1;CDH24"
"GOMF_DENEDDYLASE_ACTIVITY",0.998548019083178,1,-0.213606785113695,-0.386097300075673,4813,6,"UCHL3;SENP8;OTUB1;COPS4;COPS5;USP21"
"GOMF_DEOXYNUCLEOSIDE_KINASE_ACTIVITY",0.380235475776877,1,0.649365775015484,1.12005985597399,1969,5,"TK1;TK2;ADK;DGUOK;DCK"
"GOMF_DEOXYNUCLEOSIDE_PHOSPHATE_KINASE_ACTIVITY_ATP_AS_PHOSPHATE_DONOR",0.955686853766617,1,-0.276615969581749,-0.537072689323794,4528,8,"CMPK2;AK1;AK7;AK4;CMPK1;DTYMK;AK8;AK9"
"GOMF_DEOXYRIBONUCLEASE_I_ACTIVITY",0.875740854281627,1,-0.387310475726869,-0.639015463340339,4284,4,"DICER1"
"GOMF_DEOXYRIBONUCLEOTIDE_BINDING",0.516282928852935,1,-0.576594249460374,-0.992899153858297,2488,5,"TREX1;SAMHD1"
"GOMF_DERMATAN_4_SULFOTRANSFERASE_ACTIVITY",0.787685774946921,1,0.429254328531148,0.74040018721243,4080,5,"CHST14;CHST13;CHST9"
"GOMF_DERMATAN_SULFOTRANSFERASE_ACTIVITY",0.835359969117931,1,0.389695953617092,0.69808741420321,4327,6,"CHST14;CHST13;CHST9;UST"
"GOMF_DESUMOYLASE_ACTIVITY",0.917553746608224,1,-0.321444300083573,-0.60537413654511,4395,7,"DESI1;SENP5;USPL1;SENP2;SENP1"
"GOMF_DEUBIQUITINASE_ACTIVATOR_ACTIVITY",0.752171395483497,1,0.449716687991226,0.775694728858388,3896,5,"VCP;WDR48;DMWD;TANK;WDR20"
"GOMF_DEUBIQUITINASE_ACTIVITY",0.539668700959024,1,0.310101805542996,0.962137799318272,3094,96,"USP9Y;USP53;MINDY4B"
"GOMF_DIACYLGLYCEROL_BINDING",0.924957118353345,1,-0.288577302926649,-0.651104893536513,4313,15,"RASGRP4;RASGRP2;UNC13C;UNC13B;PRKCA;UNC13A;FITM1"
"GOMF_DIACYLGLYCEROL_DEPENDENT_SERINE_THREONINE_KINASE_ACTIVITY",0.492077087794433,1,-0.418212657387246,-0.971979664176757,2297,17,"PRKCG;PRKCQ;PRKCA;PRKCB;PRKD1;PRKCE;PRKCZ;PKN1"
"GOMF_DICARBOXYLIC_ACID_TRANSMEMBRANE_TRANSPORTER_ACTIVITY",0.924989001319842,1,-0.269016342058017,-0.698725827164883,4204,29,"SLC26A3;SLC22A7;SLC13A5;UCP2;SLC26A8;SLC1A6;SLC46A1;SLC26A1;SLC25A21;SLC13A3"
"GOMF_DIHYDROPYRIMIDINASE_ACTIVITY",0.209914955403443,1,-0.729519283494791,-1.25623708523487,1011,5,"DPYSL2;DPYSL5;CRMP1;DPYSL3;DPYSL4"
"GOMF_DINUCLEOTIDE_PHOSPHATASE_ACTIVITY",0.613209537877189,1,-0.460222135118842,-0.893559183037576,2905,8,"ENPP5;CILP2;CILP;ENPP1;NUDT6;NUDT12"
"GOMF_DIPEPTIDE_TRANSMEMBRANE_TRANSPORTER_ACTIVITY",0.887990043559427,1,-0.367732213283061,-0.633237330682539,4280,5,"SLC15A1"
"GOMF_DIPEPTIDYL_PEPTIDASE_ACTIVITY",0.741984732824427,1,0.381206377762231,0.801953178612914,3887,12,"FAP;CTSC;NAALAD2"
"GOMF_DISORDERED_DOMAIN_SPECIFIC_BINDING",0.423685178374402,1,0.407581122086015,1.02240052344439,2303,27,"GJA5;CDKN2A;HSP90AB3P;TEAD2;HSPA1A"
"GOMF_DISULFIDE_OXIDOREDUCTASE_ACTIVITY",0.99820788530466,1,-0.195782733064046,-0.550842343937062,4455,43,"CLIC3;TXNRD2;PDIA2;TXNDC2;GSTO2;GLRX;STAB1"
"GOMF_DNA_APURINIC_OR_APYRIMIDINIC_SITE_ENDONUCLEASE_ACTIVITY",0.984451105282877,1,0.232217955750594,0.515431307100394,5254,15,"HMGA2;RPS3;APEX2;APEX1;NTHL1;NEIL3;ALKBH1;POLB"
"GOMF_DNA_CLAMP_LOADER_ACTIVITY",0.675799086757991,1,0.429929435852437,0.845992275445548,3551,9,"CHTF8;RFC3;RFC2;RFC4;RFC5;DSCC1;RAD17;CHTF18;RFC1"
"GOMF_DNA_DAMAGE_SENSOR_ACTIVITY",0.987049028677151,1,0.223230290835925,0.550059602003298,5334,25,"PMS2P6;MSH5;MLH3;RAD51;RAD51B;SIRT6;XPC;MLH1;ERCC6;MSH3;PMS2P1;MSH6;PMS2;UHRF1;RAD51D;PMS2P3;MSH2;XRCC3;RAD23B;PMS1;RAD51C;DMC1;PMS2P5;MSH4;XRCC2"
"GOMF_DNA_DEMETHYLASE_ACTIVITY",0.894420244762497,1,-0.362785596783038,-0.624719223986313,4311,5,"FTO;ALKBH3;ALKBH1;ALKBH4;ALKBH2"
"GOMF_DNA_DIRECTED_DNA_POLYMERASE_ACTIVITY",0.998894416804865,1,0.176274782354232,0.423646864077534,5420,22,"POLD4;POLH;POLL;POLM;POLE2;POLE;POLE3;CHRAC1;POLG2;POLG;PRIMPOL;POLK"
"GOMF_DNA_DNA_ANNEALING_ACTIVITY",0.926988816205951,1,-0.307096039714917,-0.596252256078201,4392,8,"BLM;ZRANB3;RAD54L;TP53;SMARCA1;RECQL4"
"GOMF_DNA_DNA_TETHERING_ACTIVITY",0.777846919726198,1,-0.417520879856512,-0.754674924544258,3749,6,"MSL2;CTCF;ZNF143"
"GOMF_DNA_ENDONUCLEASE_ACTIVITY",0.993827160493827,1,-0.210568938578735,-0.624126306107295,4346,58,"DNASE2B"
"GOMF_DNA_ENDONUCLEASE_ACTIVITY_PRODUCING_3_PHOSPHOMONOESTERS",0.216323961393202,1,-0.602452623210966,-1.2313924319397,1030,10,"DNASE2B"
"GOMF_DNA_ENDONUCLEASE_ACTIVITY_PRODUCING_5_PHOSPHOMONOESTERS",0.89078626383937,1,0.315983189515333,0.689678756692267,4746,14,"SLX1B;DNA2;SLX1A;DNASE1L1;MGME1;APEX1;FEN1;GEN1;DNASE1L2"
"GOMF_DNA_EXONUCLEASE_ACTIVITY",0.284083424807903,1,-0.433357378418173,-1.11884478213281,1293,28,"PLD4;MEIOB;TREX1;TREX2"
"GOMF_DNA_HELICASE_ACTIVITY",0.978285455779235,1,-0.229300996483001,-0.692441941386675,4324,64,"DDX12P;ERCC6L;RAD50;MCM4;ATRX;MRE11;DDX3X;RAD54L2;BLM;ZRANB3;RAD54L;ERCC2;HELB;MCM2;ZGRF1;MCM8;G3BP1;DHX36;XRCC5;SETX;ASCC3;ERCC3;DHX9;SMARCAD1;RECQL4;SUPV3L1;CHTF18;DDX11;BRIP1;MCM6;MCM9;MCM7;TWNK;CHD8;IGHMBP2;WRN;CHD1L;MCM3;XRCC6;RUVBL1;DHX30;POLQ;DSCC1;WRNIP1;RTEL1;RUVBL2;ERCC6;RFC5;MCM5;FBH1;UPF1;RFC4;RFC2;RFC3;PIF1;FANCM;NAV2;CHTF8;RECQL5;HFM1;DNA2;RAD51;RECQL;HELQ"
"GOMF_DNA_INSERTION_OR_DELETION_BINDING",0.830341632889404,1,0.392849309059004,0.70373622252692,4301,6,"XPC;PCNA;MSH3;MSH6;PMS2;MSH2"
"GOMF_DNA_METHYLTRANSFERASE_ACTIVITY",0.471271520431446,1,-0.564514416433477,-1.02036783111899,2271,6,"DNMT3B"
"GOMF_DNA_N_GLYCOSYLASE_ACTIVITY",0.859260649277538,1,0.327831122111541,0.715538573585879,4578,14,"MPG;RPS3;SMUG1;MUTYH;PCNA;APEX1;NTHL1;MBD4;NEIL3"
"GOMF_DNA_NUCLEASE_ACTIVITY",0.727693018955155,1,-0.282855459758529,-0.878479248353711,3147,77,"PLD4;DNASE2B"
"GOMF_DNA_POLYMERASE_ACTIVITY",0.998714888929686,1,0.176313478706278,0.445524060586781,5439,28,"POLD4;TERT;POLH;POLL;POLM;POLE2;POLE;POLE3;CHRAC1;POLG2;POLG;PRIMPOL;POLK;POLB;POLQ;POLI;REV1;DKC1;POLD1;POLE4;POLD3;TEP1;REV3L;PTGES3;TERF2;TERF1;POLA1;POLN"
"GOMF_DNA_POLYMERASE_BINDING",0.969227934402064,1,0.251481454385837,0.604393482160831,5259,22,"HSP90AB3P;RAD51;CDT1;HMGB1;CDK2AP1;PCNA;LONP1;FANCI;POLG2;RTEL1;HNRNPA2B1"
"GOMF_DNA_REPLICATION_ORIGIN_BINDING",0.653253424657534,1,-0.37699421912278,-0.865026486920754,3051,16,"POLA1;ORC4;ORC1;MCM2;HSPD1;GRWD1;ORC3;ORC5;ORC2;DHX9;KAT7"
"GOMF_DNA_RNA_HELICASE_ACTIVITY",0.874507363617507,1,-0.366655369664036,-0.662734791922377,4215,6,"RAD54L2;G3BP1;SETX;DHX9;DDX1"
"GOMF_DNA_RNA_HYBRID_BINDING",0.511926986102468,1,-0.579058353089391,-0.997142356787497,2467,5,"POLR1B;POLR1A;POLR3A;PRIM2"
"GOMF_DNA_SECONDARY_STRUCTURE_BINDING",0.988134355604235,1,0.224890835098665,0.598910175067092,5412,37,"HAND2;MEF2C;HMGA2;RAD51B;HMGB1;SMC5;XPC;FANCM;RAD51AP1;HMGB2;MEN1;SMC6;ABL1;H1-0;HNRNPD"
"GOMF_DNA_TOPOISOMERASE_ACTIVITY",0.751503837378137,1,-0.430796720927183,-0.778671195968368,3622,6,"TOP1MT;TOP2B;TOP3B;TOP2A;TOP1"
"GOMF_DNA_TRANSLOCASE_ACTIVITY",0.753785521676001,1,-0.429162609961526,-0.775717517172404,3633,6,"ERCC6L;ATRX;RAD54L"
"GOMF_DOLICHYL_PHOSPHATE_MANNOSE_PROTEIN_MANNOSYLTRANSFERASE_ACTIVITY",0.97098726779378,1,-0.259898365809966,-0.489465044957361,4651,7,"TMTC1;TMTC4;TMEM260;TMTC2;POMT1;TMTC3;POMT2"
"GOMF_DOPAMINE_BINDING",0.716448869529143,1,-0.447146871706959,-0.808224325886698,3453,6,"GPR143;DRD4"
"GOMF_DOPAMINE_NEUROTRANSMITTER_RECEPTOR_ACTIVITY",0.957892553412155,1,-0.302182244304984,-0.520359845701235,4617,5,"DRD4"
"GOMF_DOPAMINE_RECEPTOR_BINDING",0.301423754215062,1,0.509950619679969,1.1318871256476,1608,15,"CLIC6;PTGER1;CAV2;NHERF1;SNX5"
"GOMF_DOUBLE_STRANDED_DNA_3_5_DNA_EXONUCLEASE_ACTIVITY",0.536610661688446,1,-0.566854900510523,-0.976127929829463,2586,5,"TREX1;TREX2"
"GOMF_DOUBLE_STRANDED_DNA_EXODEOXYRIBONUCLEASE_ACTIVITY",0.659987476518472,1,-0.450555462314183,-0.848528419677118,3161,7,"TREX1;TREX2"
"GOMF_DOUBLE_STRANDED_RNA_ADENOSINE_DEAMINASE_ACTIVITY",0.21080446271286,1,0.77138166076084,1.26256193584687,1076,4,"ADAD2;ADARB1;ADARB2"
"GOMF_DOUBLE_STRANDED_RNA_BINDING",0.97140827561712,1,0.237951228364228,0.709676050371426,5469,72,"TLR3;MYH4;NLRP6;OAS1;ADAD2;DDX60;ADARB1;ACTN1;VIM"
"GOMF_DOUBLE_STRANDED_TELOMERIC_DNA_BINDING",0.450906026127265,1,-0.511920637888442,-1.02334385907905,2139,9,"RAD50;TERF1;TERF2;XRCC5;PURA;HMBOX1"
"GOMF_DYNACTIN_BINDING",0.610634648370497,1,-0.396227793954687,-0.893992191980009,2847,15,"RUFY4;BICDL1;MAPT;GSK3B;RUFY3;BICD1"
"GOMF_DYNEIN_COMPLEX_BINDING",0.41617538688283,1,0.421286890583304,1.03146377162449,2258,24,"PPP1R42;CFAP73;CFAP100;DNAAF8"
"GOMF_DYNEIN_HEAVY_CHAIN_BINDING",0.394820791893413,1,0.480724412508206,1.04925016941191,2103,14,"DNAI2;DNAI3;DNAI4;DYNC2I2;DYNC2LI1;TRIM58;DNAI1"
"GOMF_DYNEIN_INTERMEDIATE_CHAIN_BINDING",0.995343680709534,1,-0.202179108165503,-0.545227846410719,4488,35,"DNAH3;DNAH1;DNAH17;DYNLT5;DYNLT3;DYNLL2;FRRS1L;BICD1;DNHD1;DYNC2H1;DNAH2;DNAH6;DNAH12;DYNC1H1"
"GOMF_DYNEIN_LIGHT_CHAIN_BINDING",0.246765601217656,1,0.613752576587966,1.20770967402761,1296,9,"DNAI2;DNAI3;DNAI4;DYNC2I2"
"GOMF_DYNEIN_LIGHT_INTERMEDIATE_CHAIN_BINDING",0.87817703768624,1,-0.287579597943682,-0.7370195793805,4007,27,"DNAH3;DNAH1;DNAH17;CCDC88C;CCDC88A;DNHD1;DYNC2H1;DNAH2;DNAH6;DNAH12;DYNC1H1"
"GOMF_DYSTROGLYCAN_BINDING",0.898395721925134,1,0.325559376006066,0.657624774007626,4703,10,"VCL;SNTA1;PLEC;DMD;DAG1;AGRN;FKRP"
"GOMF_EFFLUX_TRANSMEMBRANE_TRANSPORTER_ACTIVITY",0.621129667855132,1,0.405484763286095,0.885028813810494,3309,14,"GJA1;ABCB5;ABCB1;ABCG2"
"GOMF_ELECTRON_TRANSFER_ACTIVITY",0.986194995685936,1,0.229131241711741,0.726656435590683,5714,113,"CYP19A1;DHRS3;MTCO2P12;HAAO;HSD17B6;NCF2;UQCRFS1P1;CYBA;NOX4"
"GOMF_ENDONUCLEASE_ACTIVITY",1,1,0.13329087440067,0.431036667711198,5799,131,"ZC3H12D;RNASE1;ENDOU;PIWIL4;RNASE4;HMGA2;NYNRIN;ASTE1;ANKLE1;ANG;KHNYN;SLX1B;LACTB2;RNASEL;RPS3;SLFN13;ZC3H12A;RAG1;DNA2;POP5;BIVM;DNASE2;PNKP;PIWIL2;SLFN11;SETMAR;RNASET2;SLX1A;EME1;RNASEH2A;YBEY;DNASE1L1;TEFM;TSEN34;APEX2;ENDOD1;NUDT16L1;ERCC1;MGME1;DBR1;APEX1;MBLAC1;FEN1"
"GOMF_ENDOPEPTIDASE_REGULATOR_ACTIVITY",0.20440251572327,1,-0.331339749189149,-1.11086901279867,844,141,"NLRP7;NLRP12;A2ML1;SERPINA4;EPPIN;SLPI;CST1;PZP;ITIH6;PYCARD;LTF;HRG;KNG1;SERPINA6;ITIH2;C3;SPINT1;SERPINF2"
"GOMF_ENDOPOLYPHOSPHATASE_ACTIVITY",0.887666473653735,1,0.358595965057465,0.6185249676356,4598,5,"NUDT4;NUDT4B"
"GOMF_ENONE_REDUCTASE_ACTIVITY",0.517081644470179,1,0.577775779722913,0.99657770939079,2678,5,"AKR1D1;SRD5A1"
"GOMF_ENOYL_COA_HYDRATASE_ACTIVITY",0.950353092231971,1,-0.274674141636543,-0.608553737370459,4440,14,"ECHDC2;ECHDC3;EHHADH"
"GOMF_ENZYME_ACTIVATOR_ACTIVITY",0.394909312604786,1,0.273672837143051,1.0151803678248,2590,631,"TBC1D3;TBC1D3H;IGF1;APOA4;RGCC;CDC20B;CXCL1;WNT11;GHRL;ERBB3;TGFBR2;STARD8;AREG;PDGFRA;FN1;TREM2;IGF2;PLEK;MAL;PDGFRB;LRRK2;ARHGAP31;ALDH1A1;ITGA1;RASGRP3;LRCOL1;GPRC5A;PCOLCE;GREM1;TBC1D3D;ARHGAP10;ARHGAP40;ARHGDIB;ARHGAP29;ALKAL2;NCF2;RIN3;ARHGAP20;TGFB1;NGF;PDGFB;IGFBP3;GHR;NLRC4;AFAP1L2;BMP2;SFRP2;AGT;CAV1;ALOX5AP;ALKAL1;ARHGAP42;APOE;EPO;RGS5;DLC1;CTSC;HSPB2;LTK;STAP1;STARD13;NOD1;ACAP1;RGS18;SYDE1;APOA1;GPRC5C;CCND1;STK3;ARHGAP6;PREX1;JUN;ARAP3;FBLN1;MTCP1"
"GOMF_ENZYME_INHIBITOR_ACTIVITY",0.989669421487603,1,0.227907763117714,0.819692001168512,6226,388,"COL6A3;ANXA8;SLN;APOC3;WFDC10A;CST2;SERPINB7;SERPINB4;TFPI;ITIH5;ANXA1;LRRK2;CSTA;RHOH;PLA2R1;TIMP3;CDKN2B;ANXA2P2;CDKN2A;ITIH3;PTPRC;THBS1;NGF;PTPRB;SERPINA3;SERPINH1;SOCS1;AGT;RAB13;CDKN1A;CAV1;PTN;PARVA;TFPI2;HSPB1;SERPINA5;SAG;ANXA3;LGALS3;CIB1;CD109;LXN;SPRY1;SERPINC1;PREX1;ANXA4;SOCS3;CRIM1;CDKN2C;WFDC1;PPP1R36;SH3RF2;GMFG;ANXA2;SERPINB2"
"GOMF_ENZYME_REGULATOR_ACTIVITY",1,1,0.215900975657367,0.831458207241728,7263,1307,"TBC1D3;TBC1D3H;IGF1;COL6A3;APOA4;RGCC;ANXA8;CDC20B;CXCL1;SLN;APOC3;PTGIR;WFDC10A;WNT11;KIAA1755;GHRL;CST2;GCGR;ERBB3;TGFBR2;SERPINB7;STARD8;SERPINB4;AREG;RHOD;P2RY12;PDGFRA;FN1;FGD2;TREM2;IGF2;PLEK;MAL;TFPI;ITIH5;FOXL2;ANXA1;PDGFRB;LRRK2;CSTA;RHOH;PLA2R1;TIMP3;ARHGAP31;CDKN2B;ALDH1A1;ITGA1;RASGRP3;LRCOL1;GPRC5A;CCNO;PCOLCE;GREM1;ANXA2P2;CDKN2A;TBC1D3D;ARHGAP10;ITIH3;ARHGAP40;ARHGDIB;BIRC3;PTPRC;ARHGAP29;ALKAL2;THBS1;NCF2;RIN3;ARHGAP20;TGFB1;NGF;PDGFB;IGFBP3;GHR;NLRC4;AFAP1L2;PTPRB;SERPINA3;SERPINH1;BMP2;SOCS1;SFRP2;AGT;RAB13;CDKN1A;CAV1;PTN;ALOX5AP;ALKAL1;ARHGAP42;APOE;EPO;RGS5;PARVA;DLC1;CTSC;TFPI2;HSPB2;HSPB1;SERPINA5;SAG;LTK;STAP1;STARD13;CCNB3;ANXA3;NOD1;ACAP1;RGS18;LGALS3;CIB1;GPSM3;SYDE1;APOA1;CD109;GPRC5C;LXN;SPRY1;CCND1;SERPINC1;STK3;ARHGAP6;PREX1;ANXA4;JUN;ARAP3;FBLN1;MTCP1;SOCS3;CRIM1;CDKN2C;WFDC1;ARHGAP28;PPP1R36;EGFR;SH3RF2;GMFG;DOCK1;ANXA2;SERPINB2;LYN;ARAP1;BCAR3;PLCD4;PCOLCE2;SIPA1;ARHGEF5;RECK;TRAPPC3L;PDE8A;GPC3;INCA1;RGL1;MOB3C;NCKAP1L;SSPOP;ZEB2;DOCK5;RIN1;RAPGEF3;RCBTB2;SERINC2;ARHGEF19;HYAL2;ANXA5;PHACTR2;VCAN;TNFAIP8;PPP2R3B;WDR81;RAMACL;RPLP1;FURIN;MGST2;TTN;SPINK5;AGAP11;PTTG1;DOCK10;ARHGEF17;TIMP1;MMP16;NUCB1;PROS1;ARHGEF16;DENND2B;PCSK5;SERPING1;SERPINF1;MMP15;CCND2;NCF1;PIK3IP1;AJUBA;AGAP4;HSP90B1;CKS1B;FERMT2;LLGL2;NANOS3;CTSH;SERPINB6;RGS20;ESR1;CTSA;CDK4;PPP1R14C;RAB3IL1;BTK;SERPINB1;RGS10"
"GOMF_ENZYME_SUBSTRATE_ADAPTOR_ACTIVITY",0.778906627963232,1,-0.262886576040027,-0.891140825430056,3219,152,"PRAMEF6;PRAME;PRAMEF5;PRAMEF20;PRAMEF4;PRAMEF12"
"GOMF_EPHRIN_RECEPTOR_ACTIVITY",0.991310015207473,1,-0.221089948945467,-0.526213407074825,4562,19,"EPHA1;EPHA10;EPHA4;EPHA3;EPHB1;EPHB2;NTRK3;EFNA3"
"GOMF_EPHRIN_RECEPTOR_BINDING",0.998896044158234,1,0.178605399868296,0.44410910686927,5428,26,"EPHA7;LYN;AQP1;EFNA4;SHC1;SIPA1L1;EFNA5;NCK1"
"GOMF_EPIDERMAL_GROWTH_FACTOR_RECEPTOR_BINDING",0.842479449011331,1,-0.291604390942067,-0.772562190971203,3791,32,"CBLC;EREG;MS4A1"
"GOMF_EPINEPHRINE_BINDING",0.544077992117818,1,-0.563654923827476,-0.970617548579671,2622,5,"DRD4;ADRA2B"
"GOMF_EPOXIDE_HYDROLASE_ACTIVITY",0.763932373199749,1,-0.405908447706979,-0.764444962884989,3659,7,"EPHX3"
"GOMF_ER_RETENTION_SEQUENCE_BINDING",0.349546419610114,1,0.663912404216967,1.14515063845006,1810,5,"CEMIP;KDELR3;KDELR1"
"GOMF_ERBB_3_CLASS_RECEPTOR_BINDING",0.299556070256707,1,0.689299222634609,1.18893914297946,1551,5,"ERBB3;ERBB2"
"GOMF_ESTRADIOL_17_BETA_DEHYDROGENASE_NAD_P_PLUS_ACTIVITY",0.606256742179072,1,-0.380614371906159,-0.89671335858571,2809,18,"RDH8;HSD17B3;AKR1C4"
"GOMF_ESTROGEN_16_ALPHA_HYDROXYLASE_ACTIVITY",0.877580216636011,1,-0.385713574596316,-0.636380769522843,4293,4,"CYP1B1"
"GOMF_ESTROGEN_2_HYDROXYLASE_ACTIVITY",0.806215016406099,1,0.418701219663965,0.722197636273288,4176,5,"CYP19A1;CYP1A1"
"GOMF_ESTROGEN_RESPONSE_ELEMENT_BINDING",0.701030927835051,1,-0.392807356805782,-0.823772261868098,3331,11,"PGR;ESRRG;ESR2;NR6A1"
"GOMF_EUKARYOTIC_INITIATION_FACTOR_4E_BINDING",0.968107427612253,1,-0.260539974240631,-0.532534742379785,4613,10,"EIF4EBP3;DDX3X;EIF4EBP2;LARP1;OTX2"
"GOMF_EXCITATORY_EXTRACELLULAR_LIGAND_GATED_MONOATOMIC_ION_CHANNEL_ACTIVITY",0.316296835212805,1,0.417513117443926,1.09567487548929,1738,34,"CHRNG;P2RX7;CHRNB3;SLC1A7;P2RX1;CHRNA1;GRIK2"
"GOMF_EXOGENOUS_PROTEIN_BINDING",0.764257677210806,1,-0.277898512378507,-0.864567235529918,3309,78,"MRC1;SLC52A1;SLC10A1;CR2;SLAMF1;ALB;MOG;ANPEP;CLEC4G;ITGA2;CD209;DPP4"
"GOMF_EXONUCLEASE_ACTIVITY",1,1,-0.148623310005113,-0.4701624063986,4318,88,"PLD4"
"GOMF_EXTRACELLULAR_LIGAND_GATED_MONOATOMIC_ION_CHANNEL_ACTIVITY",0.963916341071018,1,-0.240840494476599,-0.73394976608964,4193,69,"GABRG1;GABRP;GRIN2B;GABRA1;GRIN1;GRIA1;GABRR1;GRIA3;CHRNA2;GABRR2;P2RX2;GABRG3;GABRA5;HTR3B;GABRB2;GABRQ;P2RX5;GABRG2;GRIK4;GLRA2;GRIN2C;CHRNA7;GABRB3;SLC17A7;P2RX3;GRIK1;HTR3A;GRIK5"
"GOMF_EXTRACELLULAR_MATRIX_PROTEIN_BINDING",0.272460364063418,1,0.73706216321247,1.20638936464622,1391,4,"CD248;ITGAV"
"GOMF_EXTRACELLULARLY_ATP_GATED_MONOATOMIC_CATION_CHANNEL_ACTIVITY",0.765879869506813,1,0.413297090104452,0.768686766338988,3990,7,"P2RX7;P2RX1;P2RX6"
"GOMF_FAD_BINDING",0.965085049239033,1,-0.245286737716536,-0.678990234156417,4311,40,"LDHD;DAO;CYBB;NQO2;ACOXL;PRODH;DUOX1;STEAP3;DHCR24;MICAL1;CRY2;XDH;AGPS;AOX1;ERO1A"
"GOMF_FATTY_ACID_BINDING",0.207153231663036,1,0.439365185244925,1.1838257133623,1140,39,"PMP2;ID3;PPARG;OXER1;GSTA1;RBP2;ALOX5AP;ACOX2;FABP1;UCP1;PTGDS"
"GOMF_FATTY_ACID_DERIVATIVE_BINDING",0.987992495309568,1,0.226844627206752,0.510470619288439,5265,16,"OXER1;FABP1;ACBD4;SCP2"
"GOMF_FATTY_ACID_ELONGASE_ACTIVITY",0.82767223181731,1,0.38310021616406,0.712523928664715,4312,7,"ELOVL3;ELOVL1"
"GOMF_FATTY_ACID_OMEGA_HYDROXYLASE_ACTIVITY",0.827421696743414,1,-0.391939168859068,-0.708435618324785,3988,6,"CYP4F3"
"GOMF_FATTY_ACID_TRANSMEMBRANE_TRANSPORTER_ACTIVITY",0.78343949044586,1,0.350482759200794,0.777932034183603,4181,15,"SLC43A3;CD36;SLC2A1;SLC27A6;ABCD1"
"GOMF_FATZ_BINDING",0.380042462845011,1,0.650219581498156,1.12153254579351,1968,5,"MYOZ2;MYOZ3;TCAP"
"GOMF_FERRIC_IRON_BINDING",0.562565942181895,1,-0.481626908584876,-0.935118313796193,2665,8,"FXN;FTH1P19;MIOX;TF"
"GOMF_FERROUS_IRON_BINDING",0.992659203523582,1,0.218205621283572,0.530370690050304,5408,23,"HAAO;FTL"
"GOMF_FERROUS_IRON_TRANSMEMBRANE_TRANSPORTER_ACTIVITY",0.974715305925497,1,0.268228214307942,0.480494443949399,5049,6,"SLC40A1;SLC25A28;SLC11A2"
"GOMF_FIBROBLAST_GROWTH_FACTOR_RECEPTOR_ACTIVITY",0.867247459033396,1,-0.38221731311563,-0.658180769471204,4180,5,"FGFR4"
"GOMF_FIBROBLAST_GROWTH_FACTOR_RECEPTOR_BINDING",0.338737949167397,1,-0.420361353555585,-1.07731755034315,1545,27,"FGF4;FGF19;FGF20;FGF7;FGF10;FGF2;FGF14;FGF3;FGF22;FGF16;FRS3;FGF17;FGF9"
"GOMF_FILAMIN_BINDING",0.979340409401061,1,0.251191289974861,0.538359881529322,5166,13,"RFLNA;FBLIM1;TMEM67;HSPB7;MICALL2;SYNPO2"
"GOMF_FK506_BINDING",0.881659056316591,1,0.343533925314064,0.675987785281436,4633,9,"NFATC1;FKBP10;FKBP7;FKBP2"
"GOMF_FLAP_ENDONUCLEASE_ACTIVITY",0.712899543378995,1,0.417545822390652,0.821624459573621,3746,9,"SLX1B;DNA2;SLX1A;MGME1;FEN1;GEN1"
"GOMF_FLAVIN_ADENINE_DINUCLEOTIDE_BINDING",0.701482004234298,1,0.292567270120363,0.889468957942423,3975,82,"FMO1;NOX5;KMO;FMO2;ACADL;FMO4;ACOX2;NOX4;DPYD;SQOR"
"GOMF_FLIPPASE_ACTIVITY",0.174784563506931,1,0.571070345022965,1.26754855553717,932,15,"ABCA4;ATP10B;ATP10D;ATP10A;ABCB1"
"GOMF_FLOPPASE_ACTIVITY",0.637148217636022,1,0.389929113996778,0.877461188971035,3395,16,"ABCB4;ATP10A;ABCB1;ABCG1"
"GOMF_FMN_BINDING",0.49790004199916,1,-0.454589684375254,-0.973746390202509,2370,12,"NOS2;NOS1;TYW1B"
"GOMF_FOLIC_ACID_BINDING",0.797900763358779,1,0.362140267037246,0.761843335253409,4180,12,"DHFRP1;FOLR1;FTCDNL1;TYMS;MTHFS"
"GOMF_FOLIC_ACID_TRANSMEMBRANE_TRANSPORTER_ACTIVITY",0.868077162414437,1,-0.381897536549956,-0.657630112086435,4184,5,"SLC46A1"
"GOMF_FOUR_WAY_JUNCTION_DNA_BINDING",0.969164882226981,1,-0.252166916578283,-0.586068141561043,4525,17,"XRCC2;HMGB3;RAD51C;BLM;XRCC3;MSH2;RAD51D;MSH6;YY1;WRN;GEN1;ABL1;MEN1;HMGB2;FANCM;HMGB1;RAD51B"
"GOMF_FOUR_WAY_JUNCTION_HELICASE_ACTIVITY",0.913723219455704,1,0.333036917573647,0.59659044048385,4733,6,"RECQL;RECQL5;FANCM"
"GOMF_FRUCTOSE_2_6_BISPHOSPHATE_2_PHOSPHATASE_ACTIVITY",0.890271727857291,1,-0.365806372975241,-0.62992102079237,4291,5,"PFKFB1;PFKFB4"
"GOMF_FRUCTOSE_BINDING",0.636610310999791,1,-0.461827776531974,-0.869757501930828,3049,7,"CLEC4G;ALDOB"
"GOMF_FRUCTOSE_TRANSMEMBRANE_TRANSPORTER_ACTIVITY",0.644541849300772,1,-0.458233078334543,-0.862987628217578,3087,7,"SLC5A10"
"GOMF_FUCOSE_BINDING",0.307612528521054,1,-0.680806152556386,-1.17235274796339,1482,5,"ACR;ASGR2;COLEC11"
"GOMF_FUCOSYLTRANSFERASE_ACTIVITY",0.341663166736665,1,-0.512052715073195,-1.09683413423945,1626,12,"FUT9;FUT7;FUT1;FUT3"
"GOMF_G_PROTEIN_ACTIVITY",1,1,0.174264880351274,0.553296972198755,5803,114,"RAB7B;RAB32;RAB20;RRAS;RAB34;RAB13;GBP1;RAB42;RASL11B;RAB38;RAP1BL;RASL12;RIT2;RASL11A;RERG;RAB27A"
"GOMF_G_PROTEIN_ALPHA_SUBUNIT_BINDING",0.93566715542522,1,0.267056011027583,0.68005877076157,5104,29,"RGS22;LPAR1;SASH1;PLCD4;DRD1;LPAR3;NUCB1;RGS10"
"GOMF_G_PROTEIN_BETA_GAMMA_SUBUNIT_COMPLEX_BINDING",0.700498246909024,1,0.354131178340745,0.843814898889169,3795,21,"GNAT1;TRPM3;CETN3"
"GOMF_G_PROTEIN_BETA_SUBUNIT_BINDING",0.747338692157289,1,-0.339628760812698,-0.808346142464993,3439,19,"F2RL1;GNG13;GRIA1;RGS11;GNG4;GNG8;GNG3;RASD1;GNG2;GNG10"
"GOMF_G_PROTEIN_COUPLED_ACETYLCHOLINE_RECEPTOR_ACTIVITY",0.604709515537541,1,0.528751970033501,0.912018893184761,3132,5,"CHRM1;CHRM3"
"GOMF_G_PROTEIN_COUPLED_ADENOSINE_RECEPTOR_ACTIVITY",0.585437463300059,1,0.578810050432393,0.947369603058427,2990,4,"P2RY12;ADORA2B"
"GOMF_G_PROTEIN_COUPLED_AMINE_RECEPTOR_ACTIVITY",0.736280826483004,1,-0.316558813722642,-0.838675199336749,3313,32,"HTR2C;HTR4;HTR1D;HTR5A;DRD4;ADRB2;ADRA2B;ADRA1A;HTR1A;HTR2A;HRH3"
"GOMF_G_PROTEIN_COUPLED_CHEMOATTRACTANT_RECEPTOR_ACTIVITY",0.351779392584312,1,0.469326588706384,1.08404088352102,1887,18,"CX3CR1;CXCR5;GPR17;ACKR2;GPR25;CCRL2;CMKLR1;CCR4"
"GOMF_G_PROTEIN_COUPLED_GLUTAMATE_RECEPTOR_ACTIVITY",0.816687737041719,1,-0.36334075615517,-0.726328465869664,3875,9,"GRM3;GRM7;GRM1"
"GOMF_G_PROTEIN_COUPLED_GLUTAMATE_RECEPTOR_BINDING",0.949013848090642,1,-0.283178317736434,-0.578806737518267,4522,10,"ADORA2A;HOMER2;CALM3"
"GOMF_G_PROTEIN_COUPLED_NEUROTRANSMITTER_RECEPTOR_ACTIVITY",0.384262796027502,1,0.530391657197149,1.07138273201908,2011,10,"ADRB1;CHRM1;GPR158;GABRB1;CHRM3"
"GOMF_G_PROTEIN_COUPLED_OPIOID_RECEPTOR_ACTIVITY",0.446044667084116,1,-0.552103377069222,-1.03977300294335,2136,7,"NPBWR2;NPBWR1;OPRL1;OPRM1;OPRD1"
"GOMF_G_PROTEIN_COUPLED_PURINERGIC_NUCLEOTIDE_RECEPTOR_ACTIVITY",0.604670734273091,1,-0.428747596291324,-0.899143997809704,2873,11,"P2RY2;P2RY14;P2RY8;GPR34;P2RY6;PTAFR"
"GOMF_G_PROTEIN_COUPLED_RECEPTOR_ACTIVITY",0.409703504043127,1,0.279843792203796,1.01171473202559,2583,417,"NPY;GPR132;OR9G1;OR2C1;CX3CR1;PTGIR;CYSLTR1;EDNRA;NPR3;CXCR5;OR10AC1;GPR17;OR51A4;GCGR;OR1B1;AVPR1A;CNR2;HRH4;P2RY12;OR12D3;FPR1;OR2A5;OR2A12;GPR82;TAAR1;OR13J1;OR2L5;OR52W1;ACKR2;FZD10;ADGRG6;PDGFRB;OR4F17;OR4F4;NLRP6;OR2A1;GPR87;S1PR5;GPER1;PTH1R;CYSLTR2;PPARG;GPR174;OR2A7;GPRC5A;OXER1;PTGER2;S1PR4;HRH1;AGTR2;ADGRF5;ADGRA2;GPR25;SPHK1;LGR6;HCAR2;CCRL2;ADRB1;CHRM1;LPAR1;MAS1;LPAR6;EDNRB;AGTR1;TAS2R42;TAS2R50;OR2L3;OR52N2;OR1L8;GPR142;OR2I1;NTSR1;OXGR1;S1PR3;ACKR1;PTGER1;UTS2R;OR8D4;PTGER4;CALCR;CMKLR2;GPR157;OR5AP2;OR51A7;GPR37;GPR182;C3AR1;CMKLR1;OR10K2;GPRC5C;FZD1;ADGRL4;TAS2R19;NPY5R;CCR4;GPR55;GPR101;ADGRF4;FZD6"
"GOMF_G_PROTEIN_COUPLED_RECEPTOR_ACTIVITY_INVOLVED_IN_REGULATION_OF_POSTSYNAPTIC_MEMBRANE_POTENTIAL",0.60258637328701,1,0.53017886973735,0.9144800839932,3121,5,"ADRB1;GABBR1;GRM5;GRID1;GRM1"
"GOMF_G_PROTEIN_COUPLED_RECEPTOR_KINASE_ACTIVITY",0.75433103736172,1,-0.409979120112702,-0.77211123599088,3613,7,"GRK4;GRK3;GRK6;GRK1"
"GOMF_G_QUADRUPLEX_DNA_BINDING",0.842415316642121,1,-0.339902738674175,-0.712823838457865,4003,11,"RAD50;BLM;DHX36;DDX11;XRN1;POT1;WRN;NME2;CNBP;LONP1;PIF1"
"GOMF_G_QUADRUPLEX_RNA_BINDING",0.234226630090736,1,-0.629520921071882,-1.22226672081472,1109,8,"LIN28A"
"GOMF_G_RICH_STRAND_TELOMERIC_DNA_BINDING",0.936214855224507,1,-0.295356489945155,-0.603698502471917,4461,10,"TERF1;TERF2;TERF2IP;CTC1;POT1;NABP2;HNRNPA2B1;HNRNPA1;RPA1;RPA2"
"GOMF_GABA_RECEPTOR_BINDING",0.623085221143474,1,-0.376656781461405,-0.887389422125167,2887,18,"GABRG1;GABRA5;SHISA7;TRAK1;JAKMIP1;PLCL2;AKAP5;TRAK2;LHFPL4;GABARAPL1"
"GOMF_GALACTOSIDASE_ACTIVITY",0.303650559189702,1,-0.595865158324677,-1.15692128527382,1438,8,"GBA3;MYORG;GLB1L3"
"GOMF_GALACTOSIDE_BINDING",0.467770204479065,1,0.679154440237348,1.05131776567751,2401,3,"GLB1;LGALS4;LGALS9"
"GOMF_GALACTOSYLTRANSFERASE_ACTIVITY",0.590194264569843,1,0.373014496435817,0.919141415273947,3189,25,"ABO;B4GALT1;CERCAM;UGT8;COLGALT2;PLOD3;B3GNTL1;C1GALT1;COLGALT1;B4GALT4;B3GALT4;B4GALT3;B4GALT7;B3GALT2"
"GOMF_GALANIN_RECEPTOR_ACTIVITY",0.790334855403349,1,0.386776247818352,0.761077727398144,4153,9,"CYSLTR1;CYSLTR2;GALR3"
"GOMF_GAMMA_AMINOBUTYRIC_ACID_SODIUM_CHLORIDE_SYMPORTER_ACTIVITY",0.352416511097283,1,-0.624737821424356,-1.12922249159228,1698,6,"SLC6A13;SLC6A6;SLC6A11"
"GOMF_GAMMA_AMINOBUTYRIC_ACID_TRANSMEMBRANE_TRANSPORTER_ACTIVITY",0.394858828487147,1,-0.536534869229448,-1.07254840490996,1873,9,"SLC6A13;SLC32A1;SLC6A6"
"GOMF_GAMMA_CATENIN_BINDING",0.895212095758085,1,-0.313270299785796,-0.67103551633228,4262,12,"CDH1"
"GOMF_GAMMA_TUBULIN_BINDING",1,1,0.151963116103773,0.391648478438023,5483,31,"CIMAP3;LYN;NEDD1;NDRG1;RACGAP1;NDN;MARK4;TUBGCP6;CEP70;CEP57L1;TUBGCP2;TUBGCP5;CDK5RAP2;BLOC1S2;GIT1;CEP57;CPAP;DIXDC1;RAD51D;TUBGCP4;ARHGEF7;B9D2;OFD1;TUBGCP3;FEZ1;RAB11FIP5;DDX3X;BRSK1;PDE4B;PAK1;BRCA2"
"GOMF_GANGLIOSIDE_BINDING",0.247828604516503,1,0.713358283267668,1.23043746183818,1283,5,"MAG;EPDR1"
"GOMF_GATED_CHANNEL_ACTIVITY",0.634903922084759,1,-0.262045570586211,-0.950914620706083,2411,302,"KCNE3;KCNJ1;PKD1L3;CACNA1F;CALHM1;TMC4;LRRC38;KCNJ10;SCNN1A;KCNU1;TRPM5;TRPA1;KCNK15;GABRG1;SCNN1G;TRPM2;CLCN1;BEST4;KCNQ5;GABRP;ABCC8;RYR1;CYBB;KCNMB3;CACNA2D3;KCNH4;GRIN2B;CACNB2;KCNN1;CALHM6;GABRA1;KCNH5;KCNH7;GRIN1;KCNK10;HCN1;GRIA1;GABRR1;KCNAB1;GRIA3;CATSPER4;CHRNA2;GABRR2;KCNH8;P2RX2;CNGB1;GABRG3;CATSPER2;TSPOAP1;KCNQ1;GABRA5;KCNA3;KCNA5;HTR3B;ASIC2;RYR3;GABRB2;KCNIP2;NALF2;KCNQ3;ASIC3;CNGA4;GABRQ;KCND1;KCNAB3;KCNT1;KCNN2;P2RX5;KCNJ11;CACNB1;KCNMB2;GABRG2;KCNE1;BEST2;SCN7A;SCN2B;KCNJ16;GRIK4;KCNH2;KCNE4;GLRA2;SNAP25;CACNG8;CACNG2;GRIN2C;KCNJ9;KCNA2;ANO7;LRRC26;CHRNA7;KCNC1;CACNA2D4;CACNG7;GABRB3"
"GOMF_GDP_BINDING",0.998406555884361,1,-0.189053205134429,-0.569201385877741,4385,63,"SEPTIN12;RAB17;RAB8B;UCP2;RAB27B;RAB9B;RAB3B"
"GOMF_GDP_DISSOCIATION_INHIBITOR_ACTIVITY",0.954817987152034,1,-0.265352052368552,-0.616712082224185,4458,17,"NGB;CCDC88A;GDI1;GPSM1;RGS14;ARHGDIG"
"GOMF_GDP_PHOSPHATASE_ACTIVITY",0.53781512605042,1,0.470128628622747,0.949652370468936,2815,10,"GBP1;ENTPD8;ENTPD3;ENTPD5;CANT1"
"GOMF_GENERAL_TRANSCRIPTION_INITIATION_FACTOR_ACTIVITY",0.828959114443849,1,0.286386839189268,0.811134095595512,4642,52,"PRRX1;RRN3P1;TAF7L;SNAPC2;GTF2H4;GTF2H2;SNAPC1;SNAPC5"
"GOMF_GENERAL_TRANSCRIPTION_INITIATION_FACTOR_BINDING",0.245491876450634,1,0.398201754115273,1.1278277332967,1374,52,"FOXF2;NR3C2;NR3C1;AHR;JUN;ESR1;THAP7"
"GOMF_GI_O_COUPLED_SEROTONIN_RECEPTOR_ACTIVITY",0.300767475627463,1,-0.683298907039878,-1.17664528785561,1449,5,"HTR1D;HTR5A;HTR1A"
"GOMF_GLCNAC_2_PP_DOL_MANNOSYLTRANSFERASE_ACTIVITY",0.646786334684424,1,0.485923296403296,0.870465639529286,3350,6,"ALG12;ALG2;ALG3;ALG1;ALG11;ALG9"
"GOMF_GLIAL_CELL_DERIVED_NEUROTROPHIC_FACTOR_RECEPTOR_ACTIVITY",0.559104186952288,1,0.632359778690236,0.978880546528722,2870,3,"GFRA1;GFRA2"
"GOMF_GLUCOKINASE_ACTIVITY",0.703173615432483,1,-0.479291709826352,-0.825343529844874,3389,5,"HK3;HK2;GCK"
"GOMF_GLUCOSIDASE_ACTIVITY",0.400973338975878,1,-0.479688946746399,-1.04887206381307,1894,13,"GBA3;MGAM2"
"GOMF_GLUCOSYLTRANSFERASE_ACTIVITY",0.491234545119026,1,0.410779627395136,0.978795403952366,2661,21,"PLOD2;POGLUT3;PLOD1;POGLUT2;PLOD3;EPM2A;GBA1;B3GLCT;ALG8;UGGT2;ALG5"
"GOMF_GLUCURONIDASE_ACTIVITY",0.974329280061764,1,0.27172363370499,0.46868305312993,5047,5,"HYAL2;GUSB;KL"
"GOMF_GLUCURONOSYL_N_ACETYLGALACTOSAMINYL_PROTEOGLYCAN_4_BETA_N_ACETYLGALACTOSAMINYLTRANSFERASE_ACTIVITY",0.255356108859294,1,0.679270422798373,1.21682077679967,1322,6,"CHSY3;CHPF;CHPF2;CHSY1;CSGALNACT1"
"GOMF_GLUCURONOSYLTRANSFERASE_ACTIVITY",0.765823952758812,1,0.336472053293127,0.801737178180294,4149,21,"UGT2B7;UGT2A3;UGT2B15;CHSY3;EXT1;CHPF;CHPF2;UGT3A1;B3GAT3;CHSY1;EXTL1;EXT2;LARGE1"
"GOMF_GLUTAMATE_BINDING",0.362972239615947,1,-0.588929819046734,-1.10912802186379,1738,7,"GRIN2B;GRIN1;GRM7"
"GOMF_GLUTAMATE_GATED_CALCIUM_ION_CHANNEL_ACTIVITY",0.34850400337126,1,-0.556035469250859,-1.11153065685155,1653,9,"GRIN2B;GRIN1;GRIA1;GRIA3"
"GOMF_GLUTAMATE_GATED_RECEPTOR_ACTIVITY",0.607119741100324,1,-0.380454653681255,-0.896337068365338,2813,18,"GRIN2B;GRIN1;GRIA1;GRIA3;GRIK4;GRIN2C;GRIK1;GRIK5"
"GOMF_GLUTAMATE_RECEPTOR_ACTIVITY",0.483468359973725,1,-0.386076386882282,-0.982152050741208,2207,26,"GRM3;GRIN2B;GRIN1;GRIA1;GRIA3;GRM7;GRIK4;GRIN2C;GRIK1;GRM1;GRIK5"
"GOMF_GLUTAMATE_RECEPTOR_BINDING",0.464237211407877,1,-0.34422977152811,-0.988224866410979,2050,48,"ADORA2A;GRIA1;CAMK2A;SHISA7;SHANK1;DLG3;SHANK3;CACNG8;CACNG2;IGSF11;OPHN1;CDK5R1;SRC;HOMER2;DLG2;DLG4;NETO1;GRIPAP1;CACNG4;SHANK2;NSG1;CALM3;SHISA6;CDK5;AKAP5"
"GOMF_GLUTAMATE_SODIUM_SYMPORTER_ACTIVITY",0.769735572283343,1,0.439929945663909,0.758814046778511,3987,5,"SLC1A7;SLC1A1;SLC1A3;SLC1A2"
"GOMF_GLUTATHIONE_BINDING",0.336707410236822,1,0.553328511504617,1.11771481378997,1762,10,"GSTM1;MGST2;LANCL1;GSTM4;GSS;PTGES2;MMACHC"
"GOMF_GLUTATHIONE_DISULFIDE_OXIDOREDUCTASE_ACTIVITY",0.627463181912466,1,-0.486552034241369,-0.879449717231269,3024,6,"GSTO2;GLRX"
"GOMF_GLUTATHIONE_PEROXIDASE_ACTIVITY",0.408250092489826,1,0.438868839516872,1.03459474709699,2206,20,"CLIC2;GSTA1;GPX7;GPX8;ALOX5AP;CP;GSTK1;MGST2;PRDX6;GSTZ1;GSTP1"
"GOMF_GLUTATHIONE_TRANSMEMBRANE_TRANSPORTER_ACTIVITY",0.952408366916139,1,0.288739552675592,0.537023556116193,4962,7,"GJA1;SLC25A39;ABCC1;ABCC5"
"GOMF_GLYCEROL_CHANNEL_ACTIVITY",0.53904873752202,1,0.606778016637867,0.993146280610308,2753,4,"AQP7;AQP3;AQP7B"
"GOMF_GLYCEROL_TRANSMEMBRANE_TRANSPORTER_ACTIVITY",0.554719166184134,1,0.556519800970516,0.959914291920984,2873,5,"AQP7;AQP1;AQP3;AQP7B"
"GOMF_GLYCEROPHOSPHODIESTER_PHOSPHODIESTERASE_ACTIVITY",0.359004053271569,1,0.659040017030901,1.13674649166585,1859,5,"ENPP6;GDE1"
"GOMF_GLYCEROPHOSPHOLIPID_FLIPPASE_ACTIVITY",0.269274809160305,1,0.5562878805372,1.17027641730303,1410,12,"ABCA4;ATP10B;ATP10A;ABCB1"
"GOMF_GLYCINE_BINDING",0.662318535661687,1,-0.407604987987662,-0.854804975226912,3147,11,"GRIN2B;GRIN1;GLRA2;GLDC"
"GOMF_GLYCINE_N_ACYLTRANSFERASE_ACTIVITY",0.250667762482022,1,-0.781243588760165,-1.21854045234214,1219,3,"GLYAT"
"GOMF_GLYCINE_TRANSMEMBRANE_TRANSPORTER_ACTIVITY",0.956108683260498,1,0.27743064753017,0.533215633558416,5031,8,"SLC7A8;SLC25A38"
"GOMF_GLYCOGEN_BINDING",0.271689497716895,1,0.601028295293225,1.18267151011449,1427,9,"PPP1R3G;STBD1;EPM2A;PPP1R3B;PPP1R3C;PPP1R3A"
"GOMF_GLYCOSYLCERAMIDASE_ACTIVITY",0.694267515923567,1,0.4807166326241,0.829165045368171,3596,5,"LCT;GBA1"
"GOMF_GLYCOSYLTRANSFERASE_ACTIVITY",0.936442765642963,1,0.242755158535925,0.842335594787257,5701,253,"ART3;ABO;GCNT7;UGT2B7;GCNT3;UGT2A3;UGT2B15;CHSY3;GALNT4;GALNT5;PLOD2;GXYLT2;B3GNT9;ST6GALNAC2;POGLUT3;PARP14;GLT8D2;HAS2;GCNT4;FUT6;HAS1;B4GALT1;CERCAM;GXYLT1;GALNT10;PLOD1;DPY19L1;HEXB;OSTC;GALNT18;ST8SIA5;ART4;UGT8;ST3GAL6;ST6GALNAC3;POFUT1;PYGL;EXT1;COLGALT2;QPRT;RXYLT1;A4GNT;POGLUT2;ALG12;PLOD3;CHPF;QTRT2;CHPF2;SIRT3;GALNT2;FUT10;HEXA;B3GNTL1;GLT1D1;MGAT1;UGT3A1;B3GAT3;XXYLT1;DPY19L3;EPM2A;DPAGT1;C1GALT1;ART5;ST3GAL1;XYLT2;CHSY1;STT3A;GBA1;POMT2;GALNT17;GALNT12;EXTL1;EXT2;EXTL2;GCNT1;COLGALT1;DPY19L4;MGAT2;TIPARP;LARGE1;POFUT2;ST3GAL5;B3GLCT;SIRT6;FUT4;ARF4;ALG8;B4GALT4"
"GOMF_GPI_ANCHOR_BINDING",0.951784596117721,1,-0.283844550871934,-0.53456275271472,4559,7,"ULBP2;PIGU;THY1;GPAA1;PIGT;DPEP1;PIGK"
"GOMF_GPI_LINKED_EPHRIN_RECEPTOR_ACTIVITY",0.95929868503444,1,-0.273495768817576,-0.515072953085915,4595,7,"EPHA4;EPHA3;NTRK3;EPHA8"
"GOMF_GROWTH_FACTOR_RECEPTOR_BINDING",0.254523522316043,1,0.344765688736736,1.09795657542046,1476,116,"EPGN;GATA3;AREG;PDGFRA;IL1A;FGF5;PDGFRB;ESM1;ITGB3;FLRT2;IL1R1;GREM1;ITGA5;PDGFB;VEGFD;PDGFC;VEGFC;IL6R;TRIP6;FLRT1;CDH5;ERBB4;EFEMP1;PDGFD;TGFA;IL11;LYN;IL12A"
"GOMF_GROWTH_HORMONE_RECEPTOR_BINDING",0.5554912179116,1,0.55625915762802,0.95946472073031,2877,5,"JAK1;TYK2;SOCS2;JAK2"
"GOMF_GTP_DEPENDENT_PROTEIN_BINDING",0.932275327551209,1,0.279593268514414,0.66620783492431,5051,21,"RAB32;RAB34;RAB38"
"GOMF_GTPASE_ACTIVATING_PROTEIN_BINDING",0.225541763096991,1,-0.580732346605287,-1.21787739056919,1071,11,"CDH1"
"GOMF_GTPASE_ACTIVATOR_ACTIVITY",0.478790833739639,1,0.283435372011239,0.990144910403759,2945,269,"TBC1D3;TBC1D3H;STARD8;PDGFRB;LRRK2;ARHGAP31;ALDH1A1;RASGRP3;TBC1D3D;ARHGAP10;ARHGAP40;ARHGDIB;ARHGAP29;RIN3;ARHGAP20;ARHGAP42;RGS5;DLC1;STARD13;ACAP1;RGS18;SYDE1;ARHGAP6;PREX1;JUN;ARAP3;ARHGAP28;DOCK1;ARAP1;SIPA1;NCKAP1L;DOCK5;RIN1;ARHGEF19;AGAP11;ARHGEF16;AGAP4;LLGL2;RGS20;RGS10;TBC1D8B;SRGAP2;TBC1D2B;ARHGAP23;IQGAP1;ARHGAP24;ARFGAP1;ARHGAP19;ARHGAP30;RABEP2;ELMOD3;SRGAP2B;SIPA1L1;ARHGAP9;EVI5;VAV3;RASA3;DOCK2;FLCN;RGS19"
"GOMF_GTPASE_ACTIVITY",1,1,0.194397656705348,0.688149635246008,6226,319,"GBP4;RHOJ;GBP3;RHOD;NUGGC;GNAT1;GIMAP4;LRRK2;RHOH;ABCA4;RAB7B;ARHGDIB;RAB32;GNG11;EEF1A1P5;RAB20;IRGC;RRAS;GIMAP8;RAB34;RAB13;RGS5;GBP1;TUBB6;RAB42;RGS18;ATL3;RASL11B;RAB38;RAP1BL;RHOC;RASL12;SEPTIN1;GNG5;RIT2;RASL11A;EIF2S3B;RHOG;RERG;RAB27A;ARL4A"
"GOMF_GTPASE_BINDING",1,1,0.136910567591799,0.48567523267527,6259,325,"FGD2;CDC42EP5;LRRK2;RHOH;RASGRP3;CDC42EP1;ARHGDIB;DAAM2;NCF2;RIN3;CIMAP3;RAB34;CAV1;EPS8;CIB1;SYTL1;TAMALIN;SYTL2;DOCK1;FMNL3;FLNA;POU4F1;DOCK5;RIN1;UNC13D;DOCK10;PIH1D2;ARHGEF16;MYO5B;DVL2;YIPF2;SRGAP2;PFN1;PLEKHG2;NME4;RASSF1;IQGAP1;MICALL2;RHOBTB3;MAP3K11;RIC1"
"GOMF_GTPASE_INHIBITOR_ACTIVITY",0.419847328244275,1,0.49387419404455,1.03897521881429,2199,12,"RHOH;IQGAP1;RTKN;CDC42SE1;SLIT2;GPS2"
"GOMF_GUANINE_NUCLEOTIDE_TRANSMEMBRANE_TRANSPORTER_ACTIVITY",0.192315552830574,1,-0.772629888771003,-1.27474591395191,940,4,"SLC17A9;ABCC4"
"GOMF_GUANYL_NUCLEOTIDE_BINDING",0.998567563265956,1,0.218812230838901,0.785338802701771,6273,377,"STING1;GBP4;RHOJ;GBP3;GUCY2F;RHOD;NUGGC;ACSM1;GNAT1;GIMAP4;LRRK2;P2RX7;RHOH;RAB7B;EHD2;LRRK1;RAB32;CNGB3;EEF1A1P5;TGM2;RAB20;IRGC;RRAS;GIMAP8;RAB34;RAB13;GBP1;TUBB6;RAB42;ATL3;ANXA6;RASL11B;RAB38;RAP1BL;RHOC;RASL12;SRL;UCP1;SEPTIN1;RIT2;RASL11A;ARHGEF5;SPAG1;EIF2S3B;PDE5A;RHOG;RERG;RAB27A;ARL4A"
"GOMF_GUANYL_NUCLEOTIDE_EXCHANGE_FACTOR_ACTIVITY",1,1,0.143893358632319,0.496376537555525,6082,236,"PTGIR;KIAA1755;GCGR;RHOD;P2RY12;FGD2;RASGRP3;RIN3;PREX1;DOCK1;BCAR3;PLCD4;ARHGEF5;TRAPPC3L;RGL1;DOCK5;RIN1;RAPGEF3;RCBTB2;ARHGEF19;DOCK10;ARHGEF17;NUCB1;ARHGEF16;DENND2B"
"GOMF_GUANYLATE_CYCLASE_ACTIVITY",0.866638531335725,1,-0.348513057433635,-0.676666807427483,4106,8,"GUCY2D;NPR1"
"GOMF_GUANYLATE_CYCLASE_REGULATOR_ACTIVITY",0.180053137134682,1,-0.780150492578965,-1.28715400107614,880,4,"RCVRN;GUCA1B;GUCA1A"
"GOMF_GUANYLYLTRANSFERASE_ACTIVITY",0.978178766261016,1,-0.246215722120658,-0.503256463932396,4661,10,"FPGT;RNGTT;TENT4A;TENT4B;GDPGP1;ZBTB8OS;RTCB;GMPPA;GMPPB;THG1L"
"GOMF_HEAT_SHOCK_PROTEIN_BINDING",1,1,-0.170214022850151,-0.564596219435644,4236,125,"PPEF2;ITGAM"
"GOMF_HEME_TRANSMEMBRANE_TRANSPORTER_ACTIVITY",0.91550779603877,1,-0.312905331099619,-0.625506622227004,4344,9,"SLC46A1;ABCB7;FLVCR1;ABCB6"
"GOMF_HEMOGLOBIN_BINDING",0.807202975141906,1,0.438920266892889,0.718404455330349,4123,4,"HBE1;SLC4A1;HP"
"GOMF_HEPARAN_SULFATE_BINDING",0.706251187535626,1,0.4291350420062,0.824788160005174,3716,8,"TNFRSF11B;MDK;FURIN;NRTN;GFRA2;PPIA;APP"
"GOMF_HEPARAN_SULFATE_GLUCOSAMINE_3_SULFOTRANSFERASE_ACTIVITY",0.844708829054477,1,-0.369836969458229,-0.69651176266005,4046,7,"HS3ST3A1;HS3ST3B1"
"GOMF_HEPARAN_SULFATE_PROTEOGLYCAN_BINDING",0.211801701812801,1,0.513033261374371,1.2094308584047,1144,20,"CFH;LPL;PLA2G2D;HPSE2;PTPRC;APOE;COMP"
"GOMF_HEPARAN_SULFATE_SULFOTRANSFERASE_ACTIVITY",0.625,1,-0.391457001238952,-0.883228052001706,2914,15,"HS6ST2;HS3ST3A1;HS6ST3"
"GOMF_HETEROTRIMERIC_G_PROTEIN_BINDING",0.73364215402432,1,0.443302775349936,0.794116760209466,3800,6,"DRD1;CAV2;ADRA2A"
"GOMF_HEXOKINASE_ACTIVITY",0.717693424600705,1,-0.44631759949533,-0.806725404577773,3459,6,"HK3;HK2;GCK"
"GOMF_HEXOSE_TRANSMEMBRANE_TRANSPORTER_ACTIVITY",0.492785793562708,1,0.413826459816356,0.975559536209197,2663,20,"SLC5A4;SLC2A10;SLC2A9;SLC2A5;SLC5A1;SLC2A1;SLC2A12;SLC2A4;SLC2A8;SLC45A2"
"GOMF_HEXOSYLTRANSFERASE_ACTIVITY",0.95622158612561,1,0.240252295353584,0.805664469570435,5678,180,"ABO;GCNT7;UGT2B7;GCNT3;UGT2A3;UGT2B15;CHSY3;GALNT4;GALNT5;PLOD2;B3GNT9;POGLUT3;HAS2;GCNT4;FUT6;HAS1;B4GALT1;CERCAM;GALNT10;PLOD1;DPY19L1;HEXB;OSTC;GALNT18;UGT8;POFUT1;PYGL;EXT1;COLGALT2;A4GNT;POGLUT2;ALG12;PLOD3;CHPF;CHPF2;GALNT2;FUT10;HEXA;B3GNTL1;MGAT1;UGT3A1;B3GAT3;DPY19L3;EPM2A;C1GALT1;CHSY1;STT3A;GBA1;POMT2;GALNT17;GALNT12;EXTL1;EXT2;EXTL2;GCNT1;COLGALT1;DPY19L4;MGAT2"
"GOMF_HIGH_DENSITY_LIPOPROTEIN_PARTICLE_BINDING",0.165905631659056,1,0.659680006935408,1.29808322853421,871,9,"TREM2;APOA1;CD36;PLTP"
"GOMF_HIGH_VOLTAGE_GATED_CALCIUM_CHANNEL_ACTIVITY",0.800342392467366,1,-0.344168630606999,-0.762522111450545,3739,14,"CACNA1F;CACNB2"
"GOMF_HISTAMINE_RECEPTOR_ACTIVITY",0.295309785755646,1,0.660473616808941,1.18314884983546,1529,6,"HRH4;HRH1;HRH2"
"GOMF_HISTONE_ACETYLTRANSFERASE_ACTIVITY",0.353513035793195,1,-0.389714823643192,-1.05767434644991,1599,36,"JADE1;BRCA2;KAT6B;BAZ1A;MEAF6;TAF1;NAA50;ARRB1;EP300;CLOCK;ATF2;USP22;KAT6A;BRPF3;NCOA3;GTF3C4;KAT2B;KAT7;BRD1;MCM3AP;TAF9;NAA40"
"GOMF_HISTONE_ACETYLTRANSFERASE_BINDING",0.982793709528215,1,0.229632339491494,0.56583482821611,5311,25,"CITED2;PAX6;TRIP4;TRIM68;EID1;MYOCD;PCNA;TAF7;ZBTB7A;SP1;STAT1"
"GOMF_HISTONE_BINDING",0.941733430444283,1,-0.239528965359368,-0.820615543796519,3878,163,"BRDT;CTCFL;TSPYL5;NPM2;AIRE;SCML4;PHC3;PWWP2A;RESF1;SNCA;L3MBTL4;TBL1X;USP49;SCML1;PHF6;PRKCB;ATRX;AASS;SBNO1;NAP1L2;CHD7;SPHK2;NAP1L3;RSF1;RNF168;CHD2;PHC1;RBBP5;BRD3;MLLT3;DEK;MLLT10;SRCAP;SCMH1;SMARCA5;RBBP7;APBB1;IPO7;USP3;TP53BP1;MCM2;ANP32E;TSPYL4;TNKS;SCML2;BAZ2A;GRWD1;BRD4;PHF14;PKN1;SFMBT2;CHD4;SMARCC1;DTX3L;SSRP1;PHC2;CHD5;SIRT1"
"GOMF_HISTONE_CHAPERONE_ACTIVITY",0.926171624224267,1,-0.290389819352008,-0.643372575256229,4327,14,"PRDM12;ANP32E;SMARCAD1;IPO9;MYD88;ASF1A;NAP1L1;APLF;VPS72;PTMA;SPTY2D1;JDP2;HIRIP3;ASF1B"
"GOMF_HISTONE_DEACETYLASE_ACTIVITY_HYDROLYTIC_MECHANISM",0.959039817108021,1,0.278730483747121,0.574938103479542,5033,11,"HDAC7;SIRT6;HDAC3;HDAC1;HDAC11;HDAC2;HDAC8;HDAC4;SIRT1;HDAC5;HDAC9"
"GOMF_HISTONE_DEACETYLASE_BINDING",0.533218291630716,1,0.301435374263717,0.965402134636756,3089,122,"TWIST1;TCF21;TBX2;MEF2B;MEF2C;HES1;SPI1;HIC1;ANKRD1;DACT1;HSP90AB3P;ZMYND15;CCND1;SIK1;H1-4;HEY2;ZBTB7B"
"GOMF_HISTONE_DEACETYLASE_REGULATOR_ACTIVITY",0.726820161792159,1,-0.466637871012212,-0.803553534777498,3503,5,"ING2;MAPK8;HOPX"
"GOMF_HISTONE_DECROTONYLASE_ACTIVITY",0.871453387376954,1,0.36965819777006,0.637605681857911,4514,5,"HDAC3;HDAC1;HDAC2;HDAC8;SIRT1"
"GOMF_HISTONE_DEUBIQUITINASE_ACTIVITY",0.555813462755856,1,-0.484365945374036,-0.940436379332088,2633,8,"USP49;USP36;USP3;USP22;USP16"
"GOMF_HISTONE_H2A_DEUBIQUITINASE_ACTIVITY",0.789670192906036,1,-0.412151787672735,-0.744970214111439,3806,6,"USP3;USP22;USP16;MYSM1;USP51;BAP1"
"GOMF_HISTONE_H2A_UBIQUITIN_LIGASE_ACTIVITY",0.405570795526482,1,-0.550595406818559,-1.06902633393326,1921,8,"TRIM37;RNF168;PCGF3;RNF2;BRCA1;UBR2"
"GOMF_HISTONE_H2AX_KINASE_ACTIVITY",0.545115121344119,1,-0.56249311580034,-0.96861690738672,2627,5,"ATR;PRKDC;BAZ1B"
"GOMF_HISTONE_H3_ACETYLTRANSFERASE_ACTIVITY",0.421875,1,-0.448014797985535,-1.0279857014564,1970,16,"JADE1;BRCA2;KAT6B;MEAF6;EP300;KAT6A;BRPF3;GTF3C4;KAT2B;KAT7;BRD1;MCM3AP"
"GOMF_HISTONE_H3_KINASE_ACTIVITY",0.95695086098278,1,-0.268943991860221,-0.576087074216063,4556,12,"PRKCA;PRKCB;DYRK1A"
"GOMF_HISTONE_H3_METHYLTRANSFERASE_ACTIVITY",0.306227598566308,1,-0.385822019252992,-1.08552527642121,1366,43,"PRDM7;SMYD1;PRDM8;SETD7;SUV39H2;PRDM16;JARID2;KMT2C;SETDB2;NSD2;KMT2A;SETBP1;CARM1;NSD1;KMT2E;SETD1B;SETD5;PRMT5;KMT2B;SUV39H1;PRDM2;SETD2;EHMT1;EHMT2;PRMT6;DOT1L;NSD3"
"GOMF_HISTONE_H3_READER_ACTIVITY",0.554814985060906,1,-0.3097340871982,-0.943899659993413,2413,69,"DPPA3;RAG2;PWWP2A;FGF2;ING2;SPIN3;ATRX;PHF8;TRIM24;BRD3;MLLT3;CBX4;TAF1;FMR1;CBX5;PYGO1;MTF2;BRD4;CBX8;ING5;ING1;KMT2E;CHD5;CBX2"
"GOMF_HISTONE_H3K14_ACETYLTRANSFERASE_ACTIVITY",0.647083508182963,1,-0.424280904177038,-0.867215568977918,3083,10,"JADE1;KAT6B;MEAF6;KAT6A;BRPF3;GTF3C4;KAT7;BRD1"
"GOMF_HISTONE_H3K14AC_READER_ACTIVITY",0.815672650067555,1,0.411917382562603,0.710496521279167,4225,5,"BRD2;SETDB1;DPF2;ZMYND8;BRD7"
"GOMF_HISTONE_H3K27_METHYLTRANSFERASE_ACTIVITY",0.621240406554657,1,-0.488658233382143,-0.883256702113523,2994,6,"JARID2;EHMT1;EHMT2;NSD3;EZH2"
"GOMF_HISTONE_H3K27ME3_READER_ACTIVITY",0.706455309396486,1,0.407572599098754,0.823290183382782,3698,10,"H1-2;TAF7;CDYL;HDGFL2"
"GOMF_HISTONE_H3K36_DEMETHYLASE_ACTIVITY",0.591900965169954,1,-0.442837455851185,-0.905144522084064,2820,10,"KDM7A;PHF8;KDM2B;KDM4C;KDM4B"
"GOMF_HISTONE_H3K36_METHYLTRANSFERASE_ACTIVITY",0.920801526717557,1,0.306676905075325,0.645163704437621,4824,12,"SETMAR;SMYD5;SETD4;SETD3;SMYD3;ASH1L;SMYD2;NSD3;SETD2;SETD5;NSD1;NSD2"
"GOMF_HISTONE_H3K36_TRIMETHYLTRANSFERASE_ACTIVITY",0.84401576436424,1,-0.399809035891931,-0.688473833746205,4068,5,"NSD2;SETD5;SETD2"
"GOMF_HISTONE_H3K36ME3_READER_ACTIVITY",0.993529534543937,1,-0.221989150698975,-0.418070845841207,4759,7,"PWWP2A"
"GOMF_HISTONE_H3K4_METHYLTRANSFERASE_ACTIVITY",0.335275080906149,1,-0.464416941530332,-1.09414910776528,1553,18,"PRDM7;SMYD1;SETD7;KMT2C;KMT2A;SETBP1;SETD1B;KMT2B"
"GOMF_HISTONE_H3K4_MONOMETHYLTRANSFERASE_ACTIVITY",0.42013082928888,1,-0.543110741613504,-1.05449423993867,1990,8,"SETD7;KMT2C;KMT2A;SETD1B;KMT2B"
"GOMF_HISTONE_H3K4_TRIMETHYLTRANSFERASE_ACTIVITY",0.469241773962804,1,-0.628660312796258,-1.03721351794388,2295,4,"SMYD1;KMT2A"
"GOMF_HISTONE_H3K4ME3_READER_ACTIVITY",0.747536676155025,1,-0.322831027347391,-0.821260160748469,3413,26,"RAG2"
"GOMF_HISTONE_H3K9_DEMETHYLASE_ACTIVITY",0.159754549301735,1,-0.591617186138436,-1.29361066837415,754,13,"KDM4E;KDM7A;HR;PHF8"
"GOMF_HISTONE_H3K9_METHYLTRANSFERASE_ACTIVITY",0.557958840823184,1,-0.433436856985189,-0.928436322636942,2656,12,"PRDM8;SUV39H2;PRDM16;SETDB2"
"GOMF_HISTONE_H3K9_MONOMETHYLTRANSFERASE_ACTIVITY",0.97495303694427,1,-0.254780097247103,-0.479825840245864,4670,7,"PRDM16;SETD5;EHMT1;EHMT2;ASH1L;SETDB1;MECOM"
"GOMF_HISTONE_H3K9_TRIMETHYLTRANSFERASE_ACTIVITY",0.62352209085252,1,-0.522774630025105,-0.900221409242798,3005,5,"SUV39H2;SUV39H1;PRDM2;EHMT1"
"GOMF_HISTONE_H3K9ME_H3K9ME2_DEMETHYLASE_ACTIVITY",0.275876374196225,1,-0.695435569312912,-1.19754470146031,1329,5,"KDM7A;HR;PHF8"
"GOMF_HISTONE_H4_ACETYLTRANSFERASE_ACTIVITY",0.67248527165612,1,-0.352446244123837,-0.858235617030508,3081,21,"JADE1;BRCA2;MEAF6;NAA50;EP300;ATF2;USP22;KAT6A;BRPF3;KAT7;BRD1;NAA40"
"GOMF_HISTONE_H4_DEMETHYLASE_ACTIVITY",0.28993458535556,1,-0.602643721892077,-1.17008242477853,1373,8,"KDM7A;PHF8;JMJD6;KDM1A;RAD23B;RSBN1"
"GOMF_HISTONE_H4_METHYLTRANSFERASE_ACTIVITY",0.281721632196758,1,0.494439045001169,1.14204511759653,1511,18,"PRDM6;SMYD5"
"GOMF_HISTONE_H4K12_ACETYLTRANSFERASE_ACTIVITY",0.874212515749685,1,-0.323058358929355,-0.692001868156184,4162,12,"JADE1;MEAF6;KAT6A;BRPF3;KAT7;BRD1;BRPF1;ING3;KAT2A;HAT1;JADE2;ING4"
"GOMF_HISTONE_H4K16_ACETYLTRANSFERASE_ACTIVITY",0.908419497784343,1,-0.323011114360924,-0.627152684400703,4304,8,"JADE1;KAT6A;KAT7;KAT8;ING3;KAT5;JADE2;ING4"
"GOMF_HISTONE_H4K16AC_READER_ACTIVITY",0.640531010163866,1,-0.512008773533175,-0.881682532361175,3087,5,"TAF1;BAZ2A;BRD4;MSL3;DPF2"
"GOMF_HISTONE_H4K20ME_METHYLTRANSFERASE_ACTIVITY",0.811567545473125,1,-0.433579470682848,-0.715353711601244,3970,4,"TP53BP1;KMT5C;KMT5B;SETD4"
"GOMF_HISTONE_H4K20ME2_READER_ACTIVITY",0.852727649865173,1,-0.37884770051912,-0.684772603231936,4110,6,"TTLL12;TP53BP1;MBTD1;KDM4A;L3MBTL2;L3MBTL1"
"GOMF_HISTONE_H4K5_ACETYLTRANSFERASE_ACTIVITY",0.867031348621923,1,-0.329531574210041,-0.691074048234232,4120,11,"JADE1;MEAF6;KAT6A;BRPF3;KAT7;BRD1"
"GOMF_HISTONE_H4R3_METHYLTRANSFERASE_ACTIVITY",0.794026135656503,1,-0.42968378724182,-0.739918355374357,3827,5,"PRMT3;PRMT5;PRMT6;PRMT1;PRMT7"
"GOMF_HISTONE_KINASE_ACTIVITY",0.994299374770136,1,0.209636702886621,0.525865068694727,5406,27,"CDK2;AURKB;RPS6KA4;CDK1;AURKA;JAK2;BUB1;PKM;RPS6KA5;HIPK4;VRK1;MAP3K7;ATM;HASPIN;CDK9;PRKAA1;PRKACA;CHEK1;DCAF1;BAZ1B;PRKDC;PKN1;PRKAA2;DYRK1A;ATR;PRKCB;PRKCA"
"GOMF_HISTONE_METHYLTRANSFERASE_ACTIVITY",0.989931350114416,1,-0.218252013643103,-0.648308483637276,4325,59,"PRDM7;PRMT8;SMYD1;PRDM8;FBLL1;SETD7;SUV39H2;PRDM16;JARID2;KMT2C;TTLL12;SETDB2"
"GOMF_HISTONE_METHYLTRANSFERASE_BINDING",0.840525328330206,1,0.328951682647945,0.740243096012249,4479,16,"GATA3;PRDM1"
"GOMF_HISTONE_MODIFYING_ACTIVITY",0.285140562248996,1,0.313414627218444,1.06478317789703,1703,202,"KDM5D;UTY;PRDM6"
"GOMF_HISTONE_OCTAMER_SLIDER_ACTIVITY",0.973364215402432,1,0.269357315200702,0.482517074965415,5042,6,"SMARCA2;SMARCAD1;SMARCA4;SMARCA1;SMARCA5;RSF1"
"GOMF_HISTONE_READER_ACTIVITY",0.212063188128291,1,-0.343660741689449,-1.11835185885659,885,109,"BRDT;DPPA3;RAG2;JADE1;PWWP2A;FGF2;JADE3;ING2;JARID2;SPIN3;ATRX;PHF8;TTLL12;MECP2;TRIM24;BRD3;MLLT3;MLLT10;CBX4;TAF1;FMR1;RNF169;CBX5;PYGO1;TP53BP1;MTF2;BAZ2A;BRD4;CBX8;PHF14;ING5;ING1;KMT2E;PHIP;CHD5;CBX2;BRPF3;BRCA1"
"GOMF_HISTONE_UBIQUITIN_LIGASE_ACTIVITY",0.289963620800342,1,-0.515008442583515,-1.14102591035399,1354,14,"HUWE1;MSL2;TRIM37;RNF168;PCGF3;RNF2;DTX3L;BRCA1;UBR2;UHRF1;HLTF"
"GOMF_HORMONE_ACTIVITY",0.30305143853531,1,0.345048484176294,1.07056516050325,1737,96,"IGF1;NPY;INHBA;GHRL;CGB2;IGF2;TTR;ASIP;EDN2;FBN1;PENK;SPX;ADM;EDN1;EDN3;CGB7;CCK;CCN3;FBN2;INHA;AGT;EPO;NPPB;STC2;NPFF;CARTPT;INHBB;SCT;METRN;CRH;SST;GIP;INHBC;CALCB;NPPA;METRNL;IAPP;BGLAP"
"GOMF_HORMONE_RECEPTOR_BINDING",0.20339351751142,1,-0.47474055473126,-1.20121366972464,934,25,"PTH;PTHLH;GPHA2;GHRH;GNRH2;GRIA1;GNRH1"
"GOMF_HSP70_PROTEIN_BINDING",0.695593220338983,1,-0.305695877145616,-0.874895988377803,3077,47,"PPEF2"
"GOMF_HSP90_PROTEIN_BINDING",0.896969696969697,1,-0.270432890062556,-0.751867226192106,3995,41,"PPEF2"
"GOMF_HYALURONONGLUCOSAMINIDASE_ACTIVITY",0.286045165026057,1,0.664671355116759,1.19066852832739,1481,6,"CEMIP;HYAL2;HYAL1"
"GOMF_HYDRO_LYASE_ACTIVITY",0.508916323731139,1,-0.324972697801568,-0.963219033318038,2225,58,"UROC1;CYP2S1;ALOXE3;CA9;CYP1B1;ENSG00000274276;CA10;CA5BP1;CA5B;ENO2;ECHDC2;CBS;ECHDC3;FASN;EHHADH"
"GOMF_HYDROLASE_ACTIVITY_ACTING_ON_ACID_ANHYDRIDES",1,1,0.169555265927981,0.635602457561821,6723,771,"DDX3Y;ABCA8;GBP4;RHOJ;ATP1A4;GBP3;MYH4;RHOD;HSP90AA5P;NUGGC;ABCA6;GNAT1;GIMAP4;LRRK2;RHOH;HSPA7;ABCC12;SMC1B;ABCA4;RAB7B;ARHGDIB;RAB32;ATP10B;ABCA9;GNG11;ABCC2;EEF1A1P5;ABCC9;RAB20;IRGC;ENPP3;RRAS;GIMAP8;RAB34;ABCB4;MOV10L1;RAB13;RGS5;ATP10D;GBP1;TUBB6;RAB42;DDX60;KIF12;RGS18;ATL3;HSP90AB3P;NUDT7;ABCB5;RASL11B;NUDT4;RAB38;NUDT4B;ATP1A2;ENTPD8;RAP1BL;RHOC;ATP10A;ABCB1;RASL12;ABCA10"
"GOMF_HYDROLASE_ACTIVITY_ACTING_ON_CARBON_NITROGEN_BUT_NOT_PEPTIDE_BONDS_IN_CYCLIC_AMIDES",0.746629574149369,1,-0.361979921224943,-0.801983880251787,3488,14,"DPYSL2;DPYSL5;CRMP1;DPYSL3;OPLAH;DPYSL4"
"GOMF_HYDROLASE_ACTIVITY_ACTING_ON_CARBON_NITROGEN_BUT_NOT_PEPTIDE_BONDS_IN_CYCLIC_AMIDINES",0.149945115257958,1,-0.485844519511759,-1.25435641033211,682,28,"GDA;CDA;AICDA;APOBEC3D;AMPD3;GCH1"
"GOMF_HYDROLASE_ACTIVITY_ACTING_ON_CARBON_NITROGEN_BUT_NOT_PEPTIDE_BONDS_IN_LINEAR_AMIDES",0.528233151183971,1,-0.319084952509229,-0.954904642542578,2319,61,"PGLYRP2;ACR;UPB1;FAAH2;GLS2"
"GOMF_HYDROLASE_ACTIVITY_ACTING_ON_ESTER_BONDS",0.998813408484129,1,-0.217419146190074,-0.837698126323976,3366,659,"ALPG;ALPP;LCK;PPEF2;CCL5;AADACL3;PLD4;PLA2G2A;LIPF;DNASE2B;ABHD1;PHOSPHO1;CES1;LIPC;PLA2G4D;PDE6A;GDPD4;NT5C1B;MPPED1;ABHD12B;PDE4C;PTPRQ;PTPN22;OLAH;AOAH;MEIOB;PLAAT5;OC90;G6PC2;PLA2G4C;ACOT4;FBP1;PLA2G3;PP2D1"
"GOMF_HYDROLASE_ACTIVITY_ACTING_ON_ETHER_BONDS",0.855249316221334,1,-0.335024556980225,-0.702593605499639,4064,11,"EPHX3"
"GOMF_HYDROLASE_ACTIVITY_ACTING_ON_GLYCOSYL_BONDS",0.946641257741782,1,-0.240952799436347,-0.789166307741565,3973,114,"CHIA;GBA3;QNG1;MGAM2;IL1RL2;TREH;AMY2A;IL18RAP"
"GOMF_HYDROLASE_ACTIVITY_HYDROLYZING_N_GLYCOSYL_COMPOUNDS",0.906955571740714,1,0.275137888776916,0.725047554884862,4980,35,"CD38;IL1R1;IL1RAP;BST1;ADPRH;IL18R1"
"GOMF_HYDROLASE_ACTIVITY_HYDROLYZING_O_GLYCOSYL_COMPOUNDS",0.911322065292892,1,-0.253704128296887,-0.790337477816927,3935,79,"CHIA;GBA3;MGAM2;TREH;AMY2A"
"GOMF_HYDROPEROXY_ICOSATETRAENOATE_DEHYDRATASE_ACTIVITY",0.191246629330015,1,-0.704901931616555,-1.27412026013321,921,6,"CYP2S1;ALOXE3;CYP1B1"
"GOMF_HYDROXYAPATITE_BINDING",0.374683544303797,1,0.727861556908206,1.12671542788392,1923,3,"CEMP1;BGLAP;HACD1"
"GOMF_HYDROXYMETHYL_FORMYL_AND_RELATED_TRANSFERASE_ACTIVITY",0.759340429972866,1,-0.40837759167826,-0.769095087025412,3637,7,"FTCD"
"GOMF_ICOSANOID_TRANSMEMBRANE_TRANSPORTER_ACTIVITY",0.884785819793205,1,-0.337623005141527,-0.655522873907512,4192,8,"SLC22A7;ABCC4;SLCO2B1"
"GOMF_ICOSATETRAENOIC_ACID_BINDING",0.581933989577302,1,0.54253137289122,0.935786323767097,3014,5,"PPARG;ALOX5AP"
"GOMF_IGE_BINDING",0.187147030185005,1,0.818218371897503,1.26658600697501,960,3,"FCER1G;LGALS3;MS4A2"
"GOMF_IGG_BINDING",0.495332918481643,1,-0.553134534468041,-0.999798532724761,2387,6,"FCGR1A;C1QA"
"GOMF_IGG_RECEPTOR_ACTIVITY",0.498048078898706,1,-0.652417796096851,-1.01760512061748,2423,3,"FCGR1A"
"GOMF_IGM_BINDING",0.627653359298929,1,0.593206431344549,0.918271932034679,3222,3,"FCMR;CD22"
"GOMF_IMMUNE_RECEPTOR_ACTIVITY",0.261019878997407,1,0.34473867317685,1.09214840558397,1509,112,"OSMR;FCMR;CX3CR1;CXCR5;GPR17;IL7R;IL22RA1;EBI3;FPR1;CD3E;ACKR2;IL2RB;CD200R1;IL1R1;IL31RA;TRAC;GPR25;IL1RAP;CCRL2;FCER1G;IL17RC;FCGR2A;GHR;LILRB5;IL17RA;IL6R;C3AR1;IL9R;CMKLR1;IL21R;CD4;IL18R1;CCR4;GFRA1"
"GOMF_IMMUNOGLOBULIN_BINDING",0.573416095890411,1,-0.401450254418305,-0.921141719522791,2678,16,"FCGR1A;C1QA;MS4A1;HRG"
"GOMF_IMMUNOGLOBULIN_RECEPTOR_ACTIVITY",0.408415363829377,1,0.604250907229647,1.08243349576157,2115,6,"FCMR;CD200R1;FCER1G;FCGR2A"
"GOMF_IMMUNOGLOBULIN_RECEPTOR_BINDING",0.753578095830741,1,-0.429280464190842,-0.77593054036695,3632,6,"CR2;FES;ADAM8"
"GOMF_IMPORTIN_ALPHA_FAMILY_PROTEIN_BINDING",0.952170248630426,1,-0.276699206610362,-0.553129553566592,4518,9,"DESI1;KPNB1;DHX9;EI24;RAN;RB1;TPX2;GOLGA2;CDADC1"
"GOMF_INHIBITORY_MHC_CLASS_I_RECEPTOR_ACTIVITY",0.347809152872444,1,0.741053478086047,1.14713626337582,1785,3,"LILRB5;LILRB3;LILRA6"
"GOMF_INITIATOR_METHIONYL_AMINOPEPTIDASE_ACTIVITY",0.548542752364408,1,0.560262569251745,0.966370013277592,2841,5,"RNPEPL1;METAP1D;METAP1"
"GOMF_INORGANIC_DIPHOSPHATE_PHOSPHATASE_ACTIVITY",0.975938601949803,1,-0.274172911716322,-0.47212758765592,4704,5,"ALPL;PPA1;PPA2;PRUNE1;LHPP"
"GOMF_INOSITOL_1_3_4_5_6_PENTAKISPHOSPHATE_KINASE_ACTIVITY",0.984443061605476,1,-0.260621656352786,-0.448792235288522,4745,5,"PPIP5K1;PPIP5K2;IP6K1"
"GOMF_INOSITOL_1_3_4_5_TETRAKISPHOSPHATE_5_PHOSPHATASE_ACTIVITY",0.930097490147272,1,-0.323771683501305,-0.58522191967953,4483,6,"OCRL;INPP5J;INPP5A"
"GOMF_INOSITOL_1_3_4_5_TETRAKISPHOSPHATE_BINDING",0.772244740397607,1,0.438162737748789,0.755765874671136,4000,5,"ITPR3;ADAP2"
"GOMF_INOSITOL_1_4_5_TRISPHOSPHATE_5_PHOSPHATASE_ACTIVITY",0.957002713420998,1,-0.276520091871918,-0.520768642688063,4584,7,"OCRL;INPP5J;SYNJ1;INPP5A"
"GOMF_INOSITOL_1_4_5_TRISPHOSPHATE_BINDING",0.955152671755725,1,0.279634720161425,0.588274398766384,5004,12,"ITPR3;ITPR2;TRPC6;ITPR1"
"GOMF_INOSITOL_BISPHOSPHATE_PHOSPHATASE_ACTIVITY",0.990980617923623,1,0.229127138348907,0.426151074553695,5163,7,"INPP4B;BPNT1;MINPP1;INPP5K"
"GOMF_INOSITOL_HEXAKISPHOSPHATE_KINASE_ACTIVITY",0.883906517195516,1,0.34336755574667,0.659944928257988,4651,8,"ITPKB;IP6K3"
"GOMF_INOSITOL_PHOSPHATE_KINASE_ACTIVITY",0.967422366164984,1,0.265758756069372,0.548181286608862,5077,11,"ITPKB;IP6K3"
"GOMF_INOSITOL_PHOSPHATE_PHOSPHATASE_ACTIVITY",0.997965223825379,1,0.189173372348208,0.445959611845615,5394,20,"INPP4B;SYNJ2;BPNT1;INPPL1;INPP5D;INPP5F;INPP5B;MINPP1;INPP5K"
"GOMF_INOSITOL_POLYPHOSPHATE_5_PHOSPHATASE_ACTIVITY",0.992236676458246,1,-0.214588665447898,-0.438611848354504,4728,10,"OCRL;INPP5J;SYNJ1;INPP5A;INPP5E;INPP5K;INPP5B;INPP5D;INPPL1;SYNJ2"
"GOMF_INOSITOL_TETRAKISPHOSPHATE_PHOSPHATASE_ACTIVITY",0.932686220721671,1,-0.302646972799064,-0.587614026199096,4419,8,"OCRL;INPP5J;INPP5A;PTEN;INPP5K;MINPP1;INPP5B;INPP5D"
"GOMF_INOSITOL_TRISPHOSPHATE_KINASE_ACTIVITY",0.74174869716271,1,0.454901161624454,0.784637178575261,3842,5,"ITPKB;ITPKC"
"GOMF_INOSITOL_TRISPHOSPHATE_PHOSPHATASE_ACTIVITY",0.997560517920811,1,0.189131865720764,0.412807498402871,5315,14,"INPP4B;SYNJ2;INPPL1;INPP5D;INPP5B;MINPP1;INPP5K"
"GOMF_INSULIN_BINDING",0.809168222360506,1,-0.42178760738439,-0.726321080849867,3900,5,"INSR;IGF1R;IDE;PIK3R1;C2CD2L"
"GOMF_INSULIN_RECEPTOR_SUBSTRATE_BINDING",0.941984732824428,1,0.291626022109266,0.613500793899721,4935,12,"INSRR;PRKCD;JAK2;LONP1;PIK3R1;PIK3CA;NCL;IGF1R;GRB2;PRKCZ;INSR"
"GOMF_INTERLEUKIN_1_RECEPTOR_ACTIVITY",0.84401576436424,1,-0.384440457556023,-0.694881591065717,4068,6,"IL1RL2;IL1RAPL2"
"GOMF_INTERLEUKIN_1_RECEPTOR_BINDING",0.223826714801444,1,0.645534646931074,1.24070346521405,1177,8,"IL1A;TRIP6;ERAP1;IRAK4;TLR5"
"GOMF_INTERLEUKIN_12_RECEPTOR_BINDING",0.569714847590954,1,0.668679065493141,0.970002608274523,2896,2,"IL12A;JAK2"
"GOMF_INTERLEUKIN_17_RECEPTOR_ACTIVITY",0.717271518145544,1,0.425387621866035,0.817585700500299,3774,8,"IL17RC;IL17RA;IL17RE"
"GOMF_INTERLEUKIN_6_RECEPTOR_BINDING",0.542211159510475,1,-0.53137050130372,-0.960459733449124,2613,6,"PYCARD"
"GOMF_INTERMEDIATE_FILAMENT_BINDING",0.944444444444444,1,0.294990084461049,0.580465797351761,4963,9,"VIM;PKP1;SYNM"
"GOMF_INTRACELLULARLY_CALCIUM_GATED_CHLORIDE_CHANNEL_ACTIVITY",0.357839459864966,1,0.472601071848401,1.07678141282218,1907,17,"CLCA2;ANO9;TTYH2"
"GOMF_INTRACELLULARLY_CAMP_ACTIVATED_CATION_CHANNEL_ACTIVITY",0.938805655201519,1,-0.29616158304093,-0.575022107793298,4448,8,"HCN1;CNGB1;CNGA4;HCN4"
"GOMF_INTRACELLULARLY_CGMP_ACTIVATED_CATION_CHANNEL_ACTIVITY",0.68056359776105,1,0.470230892775216,0.842354828088522,3525,6,"CNGB3;AQP1;CNGA1"
"GOMF_INTRACELLULARLY_GATED_CALCIUM_CHANNEL_ACTIVITY",0.738869863013699,1,-0.351288251619057,-0.806043240932564,3451,16,"TRPA1;TRPM2;RYR1"
"GOMF_INTRACELLULARLY_LIGAND_GATED_MONOATOMIC_ION_CHANNEL_ACTIVITY",0.877300613496933,1,-0.287931194589558,-0.737920664206782,4003,27,"TRPA1;TRPM2;RYR1;HCN1;CNGB1;RYR3;CNGA4;BEST2"
"GOMF_INTRACILIARY_TRANSPORT_PARTICLE_B_BINDING",0.915074309978769,1,0.331856893271152,0.59447658709025,4740,6,"IFT56;IFT70A;KATNIP;IFT70B"
"GOMF_INTRAMOLECULAR_OXIDOREDUCTASE_ACTIVITY",0.997724687144482,1,-0.198516694516217,-0.573888465691628,4384,50,"IDI2;CYP2S1;DCT"
"GOMF_INTRAMOLECULAR_OXIDOREDUCTASE_ACTIVITY_INTERCONVERTING_ALDOSES_AND_KETOSES",0.879485583903754,1,-0.363829114618595,-0.65762629575832,4239,6,"MRI1;GPI"
"GOMF_INTRAMOLECULAR_OXIDOREDUCTASE_ACTIVITY_INTERCONVERTING_KETO_AND_ENOL_GROUPS",0.902721482339317,1,0.34218030269796,0.612969574060299,4676,6,"FAHD2B;FAHD2A;DDT;FAHD1"
"GOMF_INTRAMOLECULAR_OXIDOREDUCTASE_ACTIVITY_TRANSPOSING_C_C_BONDS",0.285683714958271,1,-0.51652099032487,-1.14437703243439,1334,14,"IDI2;DCT"
"GOMF_INTRAMOLECULAR_PHOSPHOTRANSFERASE_ACTIVITY",0.996423311592678,1,-0.187351028512709,-0.392901451175052,4735,11,"PGAM2"
"GOMF_INTRAMOLECULAR_TRANSFERASE_ACTIVITY",0.999780026396832,1,-0.160599482083097,-0.417130814813336,4544,29,"ALOXE3;PGAM2"
"GOMF_INTRONIC_TRANSCRIPTION_REGULATORY_REGION_SEQUENCE_SPECIFIC_DNA_BINDING",0.961708394698085,1,-0.262641209517155,-0.550795547677825,4570,11,"NKX2-1;VAX1"
"GOMF_INWARD_RECTIFIER_POTASSIUM_CHANNEL_ACTIVITY",0.684049079754601,1,-0.336741401714165,-0.863013259723581,3121,27,"KCNJ1;KCNJ10;ABCC8;KCNN1;KCNH7;KCNN2;KCNJ11;KCNJ16;KCNH2;KCNJ9"
"GOMF_IONOTROPIC_GLUTAMATE_RECEPTOR_BINDING",0.458610004426737,1,-0.37859224397108,-0.996214773811307,2071,31,"SHISA7;SHANK1;DLG3;SHANK3;CACNG8;CACNG2;IGSF11;OPHN1;CDK5R1;SRC;DLG2;DLG4;NETO1;GRIPAP1;CACNG4;SHANK2;NSG1;SHISA6;CDK5"
"GOMF_IRON_ION_TRANSMEMBRANE_TRANSPORTER_ACTIVITY",0.949200913242009,1,0.289333809913426,0.569335681160482,4988,9,"SLC40A1;MCOLN2;SLC25A28;MCOLN1"
"GOMF_ISOCITRATE_DEHYDROGENASE_NAD_P_PLUS_ACTIVITY",0.785314250155569,1,-0.434361854529148,-0.747974018530253,3785,5,"IDH1;IDH3A"
"GOMF_ISOMERASE_ACTIVITY",1,1,0.146436600062356,0.529785125245393,6322,424,"DDX3Y;MYH4;PPIAL4H;DHRS9;ITGB3;PPIC;DNAI2;TNNT2;CYP2J2;ACTC1;DYNLRB2;ERP27;DQX1;DSE;RPE65;GSTA1;MOV10L1;MYO3B;DDX60;KIF12;PGM5;MYH14;FKBP10;PDIA5;MYH9;PTGDS;SMARCA2;FKBP14;KIF19;KIF4B;MYO7B;MYH2;MOV10;P4HB;DNAH9;PPIB;KIF20A;DNAH7;FAHD2B;MYO5B;FUOM;SRR;L3HYPDH;PDIA4;GLCE;DNAH11;DDX59;HELQ;MYL6;CFTR;MYH7B;KATNA1;FKBP7;PDIA6;PUS10;MYH7;GSTZ1;RPIA;RECQL;PTGIS;PDIA3;RAD51;CRELD2;RIGI;GALM;DNA2;FKBP15;KATNAL2;DDX60L;TXNDC5;FIGNL1;PUSL1;PPIH"
"GOMF_JUN_KINASE_BINDING",0.884930462945323,1,0.331888987126317,0.684588288510521,4644,11,"HES1;GSTP1"
"GOMF_JUN_KINASE_KINASE_KINASE_ACTIVITY",0.752663622526636,1,0.402757839193548,0.792525452827634,3955,9,"LRRK2;RIPK1;MAP3K20;MAP3K11;MAP3K5"
"GOMF_K48_LINKED_DEUBIQUITINASE_ACTIVITY",0.99087013228992,1,0.224197205764026,0.517846086004361,5317,18,"MINDY4B;OTUD7B;DESI2;USP8;USP15;OTUD5;MINDY4;USP13;MINDY3;MINDY1;USP7;MINDY2;CYLD;YOD1;ATXN3;USP27X;USP36;USP9X"
"GOMF_K48_LINKED_POLYUBIQUITIN_MODIFICATION_DEPENDENT_PROTEIN_BINDING",0.613063407181054,1,0.440501245410365,0.889805526466148,3209,10,"IKBKE;UFD1;ZFAND2B;RNF31;UBXN1;VCP"
"GOMF_K63_LINKED_DEUBIQUITINASE_ACTIVITY",0.981245311327832,1,0.241611416996784,0.550491097978763,5231,17,"USP53;TNFAIP3"
"GOMF_K63_LINKED_POLYUBIQUITIN_MODIFICATION_DEPENDENT_PROTEIN_BINDING",0.988025055268976,1,0.2243195785777,0.549216041943794,5362,24,"IKBKE;WDR81;OTUD7B;ZBTB1;RNF31;SQSTM1;FAAP20;TAB2;ASCC2"
"GOMF_KAINATE_SELECTIVE_GLUTAMATE_RECEPTOR_ACTIVITY",0.914540551752748,1,-0.343609748520318,-0.591698285028998,4408,5,"GRIK4;GRIK1;GRIK5"
"GOMF_KERATIN_FILAMENT_BINDING",0.987668819729888,1,0.266024561716996,0.435416736888641,5045,4,"VIM;SIRT1;FAM83H;EPPK1"
"GOMF_KETOSTEROID_MONOOXYGENASE_ACTIVITY",0.888612321095208,1,-0.367010116601524,-0.63199387536752,4283,5,"AKR1C4;AKR1C3;AKR1C2"
"GOMF_KINASE_ACTIVATOR_ACTIVITY",0.176250425314733,1,0.345140121425215,1.13361052208258,1035,150,"IGF1;RGCC;WNT11;GHRL;ERBB3;TGFBR2;AREG;TREM2;IGF2;GPRC5A;GREM1;ALKAL2;TGFB1;NGF;GHR;AFAP1L2;ALKAL1;EPO;LTK;STAP1;GPRC5C;CCND1;STK3;MTCP1;EGFR;PDE8A;MOB3C;NCKAP1L"
"GOMF_KINASE_ACTIVITY",1,1,0.159536166441207,0.596461763721339,6677,730,"PRKY;MAP3K19;DGKG;SRPK3;ERBB3;TGFBR2;BLK;TIE1;GUCY2F;TSSK1B;DDR2;PDGFRA;PDGFRB;FLT1;LRRK2;CCL2;NRK;ALPK2;PIPSL;SGMS2;LRRK1;MUSK;SPHK1;HKDC1;TEC;ACVRL1;PLK2;SYK;EPHA6;ITPKB;PAPSS2;INSRR;ALPK1;CSNK2A3;MYO3B;NRP2;ROR2;TGFBR3;PRAG1;LTK;ROR1;PDK4;EPHA7;ERBB4;CDK18;CCND1;STK3;SBK2;CKMT2;IKBKE;TGFBR3L;EFEMP1;EPHA2;RIPK4;CRIM1;EPHB4;AXL;MYLK3;EGFR;CERKL;LYN;MAP3K6;FGFR2;SIK1"
"GOMF_KINASE_BINDING",1,1,0.203416775712421,0.76110026339001,6676,741,"STING1;ACTBL2;RGCC;RHOJ;POTEF;BANK1;CASS4;AVPR1A;TRPV4;RHOD;GATA6;MAG;TREM2;CD3E;PLEK;CAVIN2;CAVIN3;GNAT1;PDGFRB;SNAI1;RHOH;CDKN2B;ITGB3;RASGRP3;CSPG4;ACTA2;CDKN2A;TRIM22;SPDYE14;CD6;TNS2;NR3C1;IL31RA;PTPRC;ZFP36;POTEI;ALKAL2;HES1;ACVRL1;GHR;SPDYE6;NFATC1;SYK;CIMAP3;FLT3LG;SOCS1;CDKN1A;CAV1;PTN;GATA4;ALKAL1;FAS;ROR2;LRP4;HSPB1;STAP1;BLNK;TRIM5;GSN;ANGPT1;TRIP6;ITGAV;DACT1;TP73;PTPRR;CDH5;CD226;CD4;CCND1;SASH1;NEDD9;NOX4;RHOC;AXIN2;SDC4;MTCP1;BCL2L11;CDKN2C;SPDYE21;EGFR;SMAD3;SKAP1;PTPN14;SLC12A4;FLNA;SIK1;BCAR3;DSP;SLC2A1;IRS1;PDE8A;ITGB1;RHOG;TNFAIP3;VRK2;CAV2;TRIM6;NOD2;HYAL2;GDNF;ANGPT2;KIF20A;TTN;PRLR;RPS19;AURKB;TNNI3;ARHGEF16;SHC1;ADAM9;POTEE;AVPR1B;NRTN;DVL2;CCND2;CKS1B;FERMT2;ESR1;PRAM1;SPDYE3;MVP;MAP3K1;SPDYE12;GRB14"
"GOMF_KINASE_INHIBITOR_ACTIVITY",0.906504770164787,1,0.255778390562258,0.798917904654387,5225,100,"RHOH;CDKN2B;CDKN2A;PTPRC;PTPRB;SOCS1;RAB13;CDKN1A;CAV1;PARVA;HSPB1;CIB1;SPRY1;PREX1;SOCS3;CDKN2C;GMFG"
"GOMF_KINASE_REGULATOR_ACTIVITY",0.513242894056848,1,0.278047254415087,0.97936745293207,3177,298,"IGF1;RGCC;WNT11;GHRL;ERBB3;TGFBR2;AREG;TREM2;IGF2;RHOH;CDKN2B;GPRC5A;CCNO;GREM1;CDKN2A;PTPRC;ALKAL2;TGFB1;NGF;GHR;AFAP1L2;PTPRB;SOCS1;RAB13;CDKN1A;CAV1;ALKAL1;EPO;PARVA;HSPB1;LTK;STAP1;CCNB3;CIB1;GPRC5C;SPRY1;CCND1;STK3;PREX1;MTCP1;SOCS3;CDKN2C;EGFR;GMFG;LYN;PDE8A;INCA1;MOB3C;NCKAP1L"
"GOMF_KINESIN_BINDING",0.998879928315412,1,-0.189950854989302,-0.534434127860129,4458,43,"SNCA;KCNA2;KIF5A;KCNC1;ATCAY;MAP7D2;KLC3;TTBK2;MAPK8IP1;NEFH;MAPK8IP2;KLC1;STAU2;KIF1B;KLC2;SHTN1;TRAK2;DCP1A;MAPK8IP3;KIFAP3;AP1G1;ACTB;SPAG9;CROCC"
"GOMF_KINETOCHORE_BINDING",0.952132792897124,1,0.299031255711936,0.515784659572558,4932,5,"SPDL1;MAD1L1;CENPH"
"GOMF_L_2_HYDROXYCARBOXYLATE_DEHYDROGENASE_NADPLUS_ACTIVITY",0.571837318618434,1,-0.574343979079625,-0.947598133563314,2797,4,"LDHAL6B;LDHAL6A"
"GOMF_L_ALANINE_TRANSMEMBRANE_TRANSPORTER_ACTIVITY",0.84724620994051,1,0.372210448599951,0.692270168317836,4414,7,"SLC7A8;SLC38A3;SLC3A2"
"GOMF_L_AMINO_ACID_N_ACETYLTRANSFERASE_ACTIVITY",0.778751826341056,1,-0.40035862788422,-0.753993020255084,3730,7,"NAT8L;ESCO2;ATAT1;EP300"
"GOMF_L_AMINO_ACID_TRANSMEMBRANE_TRANSPORTER_ACTIVITY",0.631085147813772,1,0.316367411735833,0.908922163802468,3564,56,"SLC25A2;SLC66A1LP;SLC38A11;SLC38A4;SLC1A7;SLC38A8;SLC7A8;SLC15A4;SLC25A18;SLC38A3;SLC7A9;SLC66A1;SLC38A6"
"GOMF_L_ARGININE_TRANSMEMBRANE_TRANSPORTER_ACTIVITY",0.578435114503817,1,0.437169038660156,0.919683196809828,3030,12,"SLC25A2;SLC38A4;SLC66A1"
"GOMF_L_ASPARTATE_TRANSMEMBRANE_TRANSPORTER_ACTIVITY",0.75031605562579,1,-0.389294324058494,-0.778210383435265,3560,9,"UCP2;SLC1A6;SLC1A4;SLC25A22"
"GOMF_L_GLUTAMATE_TRANSMEMBRANE_TRANSPORTER_ACTIVITY",0.987635818658674,1,0.224424099908686,0.498132053513555,5271,15,"SLC1A7;SLC25A18;SLC38A6"
"GOMF_L_GLUTAMINE_TRANSMEMBRANE_TRANSPORTER_ACTIVITY",0.954909397387274,1,-0.272726911267117,-0.545188822630786,4531,9,"SLC38A1;SLC38A9;SLC1A4;SLC38A7;SLC38A5"
"GOMF_L_HISTIDINE_TRANSMEMBRANE_TRANSPORTER_ACTIVITY",0.6388728044779,1,0.510559271252081,0.880639180300433,3309,5,"SLC15A4;SLC38A3;SLC66A1"
"GOMF_L_LEUCINE_BINDING",0.665707157935137,1,0.459754283725378,0.855091995876483,3468,7,"SESN3;GLUD2;SESN1;SESN2;UBR1;UBR2;GLUD1"
"GOMF_L_LEUCINE_TRANSMEMBRANE_TRANSPORTER_ACTIVITY",0.782474425786528,1,0.418137264602608,0.749036162985799,4053,6,"SLC7A8;SLC43A1;SLC3A2"
"GOMF_L_LYSINE_N_ACETYLTRANSFERASE_ACTIVITY_ACTING_ON_ACETYL_PHOSPHATE_AS_DONOR",0.864136071354491,1,-0.384021358224127,-0.661287347213569,4165,5,"ESCO2;ATAT1;EP300;KAT2B"
"GOMF_L_LYSINE_TRANSMEMBRANE_TRANSPORTER_ACTIVITY",0.329337899543379,1,0.572947207911045,1.12741504002811,1730,9,"SLC25A2;SLC66A1LP;SLC66A1"
"GOMF_L_ORNITHINE_TRANSMEMBRANE_TRANSPORTER_ACTIVITY",0.56359776104999,1,0.552503212182799,0.952986270716032,2919,5,"SLC25A2;SLC7A2"
"GOMF_L_PROLINE_TRANSMEMBRANE_TRANSPORTER_ACTIVITY",0.478531425015557,1,-0.59884358072328,-1.03121265109752,2306,5,"SLC6A7;SLC1A4;SLC36A4;SLC36A1"
"GOMF_L_SERINE_TRANSMEMBRANE_TRANSPORTER_ACTIVITY",0.288874973909413,1,-0.625545342362665,-1.17808581892464,1383,7,"SLC7A10;SFXN3;SFXN1;SLC1A4;SLC38A5"
"GOMF_LACTATE_DEHYDROGENASE_ACTIVITY",0.310516490354698,1,-0.679881217121416,-1.17076000295836,1496,5,"LDHD;LDHAL6B"
"GOMF_LACTATE_TRANSMEMBRANE_TRANSPORTER_ACTIVITY",0.792318085311716,1,0.427254057373975,0.736950015505801,4104,5,"SLC5A12;SLC16A8"
"GOMF_LAMIN_BINDING",0.483940042826552,1,-0.420885160148188,-0.978190902144352,2259,17,"MLIP"
"GOMF_LAMININ_1_BINDING",0.284887087434858,1,0.665355032003864,1.19189324268698,1475,6,"NID1;PXDN;SHH;SLIT2;DAG1"
"GOMF_LARGE_RIBOSOMAL_SUBUNIT_RRNA_BINDING",0.301729051871556,1,0.605705253895007,1.16415224338243,1587,8,"RPLP0P6;RPL23;RPLP0;RPL12;NSUN4;RPUSD4;MRPL11;DDX55"
"GOMF_LBD_DOMAIN_BINDING",0.348685473037805,1,0.605215480450754,1.12563369485232,1816,7,"PPARG;CITED2;RXRA;SPON1"
"GOMF_LEUCINE_ZIPPER_DOMAIN_BINDING",0.925941510624869,1,-0.29672536732022,-0.622274819338163,4400,11,"CRX;NRL;PAWR;ATF2;DDIT3"
"GOMF_LEUKOTRIENE_C4_SYNTHASE_ACTIVITY",0.456861609727852,1,0.609428326419153,1.05117366787498,2366,5,"ALOX5AP;MGST2;LTC4S;GSTM4"
"GOMF_LIGAND_GATED_CALCIUM_CHANNEL_ACTIVITY",0.525576289791438,1,-0.368580336241731,-0.951603010674678,2393,28,"TRPA1;TRPM2;RYR1;GRIN2B;GRIN1;GRIA1;GRIA3;RYR3"
"GOMF_LIGAND_GATED_CHANNEL_ACTIVITY",0.580733036156513,1,-0.276715537629801,-0.954219036791252,2344,175,"KCNJ1;PKD1L3;CALHM1;KCNJ10;SCNN1A;KCNU1;TRPM5;TRPA1;GABRG1;SCNN1G;TRPM2;BEST4;GABRP;ABCC8;RYR1;KCNMB3;GRIN2B;KCNN1;GABRA1;KCNH7;GRIN1;HCN1;GRIA1;GABRR1;GRIA3;CATSPER4;CHRNA2;GABRR2;P2RX2;CNGB1;GABRG3;CATSPER2;GABRA5;HTR3B;ASIC2;RYR3;GABRB2;ASIC3;CNGA4;GABRQ;KCNT1;KCNN2;P2RX5;KCNJ11;KCNMB2;GABRG2;BEST2;KCNJ16;GRIK4;KCNH2;GLRA2;GRIN2C;KCNJ9;ANO7;CHRNA7;GABRB3;SLC17A7;ASIC4;HCN4;KCNH3;P2RX3;TRPC3;GRIK1;HTR3A;GRIK5"
"GOMF_LIGAND_GATED_MONOATOMIC_ANION_CHANNEL_ACTIVITY",0.937359676695106,1,-0.255445134544269,-0.722884757442808,4174,44,"GABRG1;BEST4;GABRP;GABRA1;GABRR1;GABRR2;GABRG3;GABRA5;GABRB2;GABRQ;P2RX5;GABRG2;BEST2;GLRA2;ANO7;GABRB3;SLC17A7"
"GOMF_LIGAND_GATED_MONOATOMIC_CATION_CHANNEL_ACTIVITY",0.383301707779886,1,-0.307350977165329,-1.02143308531222,1615,128,"KCNJ1;PKD1L3;CALHM1;KCNJ10;SCNN1A;KCNU1;TRPM5;TRPA1;SCNN1G;TRPM2;ABCC8;RYR1;KCNMB3;GRIN2B;KCNN1;KCNH7;GRIN1;HCN1;GRIA1;GRIA3;CATSPER4;CHRNA2;P2RX2;CNGB1;CATSPER2;HTR3B;ASIC2;RYR3;ASIC3;CNGA4;KCNT1;KCNN2;P2RX5;KCNJ11;KCNMB2;BEST2;KCNJ16;GRIK4;KCNH2"
"GOMF_LIGAND_GATED_MONOATOMIC_ION_CHANNEL_ACTIVITY_INVOLVED_IN_REGULATION_OF_PRESYNAPTIC_MEMBRANE_POTENTIAL",0.400042808219178,1,-0.45617257904438,-1.04670401683752,1868,16,"GRIN2B;GRIA1;GABRR1;GRIA3;GABRA5;GRIK4;HTR3A;GRIK5;GABRA2"
"GOMF_LIGAND_GATED_SODIUM_CHANNEL_ACTIVITY",0.276017130620985,1,-0.493917316557546,-1.14792696729444,1288,17,"SCNN1A;SCNN1G;GRIN1;ASIC2;ASIC3;GRIK4;ASIC4;GRIK1;GRIK5"
"GOMF_LIGAND_MODULATED_TRANSCRIPTION_FACTOR_ACTIVITY",0.797947548460661,1,-0.279802760379452,-0.835171717120893,3498,60,"RORC;PGR;OR51E2;NR5A2;NR2E1;NR1I2;ESRRG;RORB;HNF4G;THRB;ESR2;NR6A1;NR1I3"
"GOMF_LIGASE_ACTIVITY",0.912322274881517,1,0.250084710177408,0.830366870915109,5389,164,"ACSM2B;LGSN;ACSM1;TTLL10;ACSL5;ACSM3;UBE2L5;ACSS3;ACSF2;ACSBG1;ASS1;CPS1;SLC27A6"
"GOMF_LIGASE_ACTIVITY_FORMING_CARBON_CARBON_BONDS",0.748695470674181,1,-0.413489883883986,-0.778723036499094,3586,7,"MCCC1;ACACA;ACACB;PC;PCCA"
"GOMF_LIGASE_ACTIVITY_FORMING_CARBON_NITROGEN_BONDS",0.99140708915145,1,0.218928014328111,0.614381237537672,5537,49,"LGSN;TTLL10;ASS1;CPS1"
"GOMF_LIGASE_ACTIVITY_FORMING_CARBON_OXYGEN_BONDS",0.811447811447811,1,-0.292420491721463,-0.812997945410745,3614,41,"MARS2;GARS1;CARS1;YARS1;TARS3;SARS1;IARS1;VARS1;EPRS1;LARS1;FARSB;NARS2;EARS2;CARS2;KARS1;AARS1;TARS1;WARS1;DARS2;PARS2;FARSA;RARS1;MARS1;HARS1"
"GOMF_LIGASE_ACTIVITY_FORMING_PHOSPHORIC_ESTER_BONDS",0.847450484618626,1,-0.351687324046653,-0.703032924915043,4021,9,"LIG3;LIG1;AARS1;ZBTB8OS;LIG4;RTCA;RTCB;RLIG1;AARS2"
"GOMF_LIM_DOMAIN_BINDING",0.74822490884667,1,0.421022721323031,0.783055583883376,3898,7,"TLN1;LDB2"
"GOMF_LIPASE_ACTIVATOR_ACTIVITY",0.19546925566343,1,-0.522373692234553,-1.23069306514772,905,18,"LCK;CCL5"
"GOMF_LIPASE_ACTIVITY",0.388902063078018,1,-0.312090516608903,-1.02056176227814,1639,112,"CCL5;PLD4;PLA2G2A;LIPF;ABHD1;CES1;LIPC;PLA2G4D;ABHD12B;PLAAT5;OC90;PLA2G4C;PLA2G3;PLAAT4;PLCG2;PLCH1;PNPLA1"
"GOMF_LIPASE_BINDING",0.203069902509853,1,-0.699476068121699,-1.26431293474873,978,6,"PLIN5;APOB"
"GOMF_LIPID_ANTIGEN_BINDING",0.207669616519174,1,0.853388405585204,1.23794660548914,1055,2,"CD1E;CD1D"
"GOMF_LIPID_KINASE_ACTIVITY",0.859595229490423,1,0.284792248425293,0.77155870550205,4756,40,"DGKG;PIPSL;SPHK1;CERKL;PIP5K1B;DGKA"
"GOMF_LIPID_PHOSPHATASE_ACTIVITY",0.997406927208742,1,0.197395852382868,0.460626124330718,5384,19,"PLPP3;LPIN2;SGPP1;PLPP4;PLPP6;PLPP2;INPP5K;SGPP2;EPHX2;PLPPR4;PLPP5;PLPPR3;PLPPR5;LPIN3;PLPP1;LPIN1;PLPPR2;PLPPR1"
"GOMF_LIPID_TRANSFER_ACTIVITY",0.969739869049726,1,0.239325104269415,0.709035886807577,5479,69,"APOA4;CIDEA;APOE;APOA1;FABP1;NPC2;CIDEC;PLTP;NME4;TRIAP1;TTPA;TSPO;GLTPD2;PLEKHA8P1;ABCG5;SCP2"
"GOMF_LIPID_TRANSMEMBRANE_TRANSPORTER_ACTIVITY",0.380824372759857,1,-0.369243220166454,-1.03888017955507,1699,43,"SLCO1C1;SLC10A1;AKR1C4;ABCB11;SLC22A7;FABP3;SLC10A4;ABCC4;SLCO2B1;RBP4;CEACAM1;SLCO1A2"
"GOMF_LIPID_TRANSPORTER_ACTIVITY",0.664652567975831,1,0.276925181935419,0.923771963500232,3959,169,"APOA4;ABCA8;XKR9;ABCA6;CIDEA;ABCA4;SLCO2A1;ATP10B;ABCA9;STRA6;PLSCR5;ABCB4;APOE;ATP10D;ANO9;TMEM63A;APOD;APOA1;ATP10A;FABP1;ABCB1;ABCA10;NPC2;SLC22A1;CIDEC;SLC43A3;CD36;SLC2A1;PLTP;SLC27A6;PLSCR1;SERINC2;ABCA12;ABCD1;ABCG2"
"GOMF_LIPOPEPTIDE_BINDING",0.409380428488709,1,0.603833712921122,1.08168614877643,2120,6,"TLR10;CD1E;TLR2;CD1D"
"GOMF_LIPOPOLYSACCHARIDE_IMMUNE_RECEPTOR_ACTIVITY",0.596988998262884,1,0.534540194004641,0.922002722879675,3092,5,"TLR4;TLR2"
"GOMF_LIPOPROTEIN_LIPASE_ACTIVITY",0.920552677029361,1,0.316843327847542,0.589293462137994,4796,7,"LPL;PNPLA2"
"GOMF_LIPOPROTEIN_PARTICLE_RECEPTOR_ACTIVITY",0.319136960600375,1,0.492760856989507,1.10886443697551,1700,16,"STAB2;LRP10;LRP1B;CXCL16;VLDLR;CD36"
"GOMF_LIPOTEICHOIC_ACID_BINDING",0.24686353985717,1,0.714021637826176,1.23158165027535,1278,5,"TREM2;NLRP6;CD6"
"GOMF_LNCRNA_BINDING",0.783008539522663,1,-0.314600255698764,-0.800321637884737,3575,26,"PPARGC1A;KLF4;BRD3;SUGT1;PPME1;RBM33;CSDE1;NONO;WDR82;ELAVL1;CTBP1;SUZ12;PUM2;HNRNPU"
"GOMF_LONG_CHAIN_FATTY_ACID_BINDING",0.318754774637128,1,0.560539241410275,1.13228037378954,1668,10,"PPARG;OXER1;ALOX5AP;UCP1"
"GOMF_LONG_CHAIN_FATTY_ACID_TRANSMEMBRANE_TRANSPORTER_ACTIVITY",0.939200600487896,1,0.289611799762395,0.632119405750368,5004,14,"CD36;SLC2A1;SLC27A6;ABCD1"
"GOMF_LONG_CHAIN_FATTY_ACYL_COA_BINDING",0.928971241073152,1,0.323335161649867,0.557705300345159,4812,5,"FABP1;SCP2;DBI"
"GOMF_LONG_CHAIN_FATTY_ACYL_COA_HYDROLASE_ACTIVITY",0.976717557251908,1,0.244721886632703,0.514827417141628,5117,12,"ACOT11;CLN5;PLA2G6;HADHA;DESI2"
"GOMF_LOW_DENSITY_LIPOPROTEIN_PARTICLE_BINDING",0.154409005628518,1,0.571394747864113,1.28581502851514,822,16,"COLEC12;TREM2;STAB2;THBS1;CD36;PLTP;MSR1;PCSK9"
"GOMF_LOW_DENSITY_LIPOPROTEIN_PARTICLE_RECEPTOR_ACTIVITY",0.248264214674423,1,0.541372901073915,1.18162421833971,1322,14,"STAB2;LRP10;LRP1B;CXCL16;VLDLR;CD36;LRP1"
"GOMF_LOW_DENSITY_LIPOPROTEIN_PARTICLE_RECEPTOR_BINDING",0.189019896831245,1,0.501267376136284,1.22728513499664,1025,24,"DAB2;DKK1;APOE;LDLRAP1;HSPG2;PCSK9;HSP90B1"
"GOMF_LRR_DOMAIN_BINDING",0.914775160599572,1,-0.290494825000914,-0.675147099118109,4271,17,"CRX;NRL;KRAS;PAWR;ATF2;DDIT3;ZXDC;MRTFA;LRRFIP2;AATF;POLR2J;ATF4;JDP2;STK11;ROBO1;PMF1;DAPK3"
"GOMF_LYASE_ACTIVITY",1,1,0.173829148544792,0.589721840992415,5980,199,"CENPVL2;CD38;URAD;GUCY2F;CA4;ETNPPL;RNASE1;ENDOU;ALOX5AP;CA3;RNASE4;BST1;NPL;ENO3;CYP1A1;HMGA2;ENO4;CA12;CYP17A1;MGST2;THNSL2;DDC;SRR;GMDS;HOGA1;L3HYPDH;CLYBL;TGDS;CSAD;CA1;RPS3;PCK2;CA2;GUCY1B1;HACD4;PTGIS;ADCY6"
"GOMF_LYSINE_N_METHYLTRANSFERASE_ACTIVITY",0.975631607238846,1,0.237609764655819,0.693727455167312,5444,64,"PRDM6;METTL21C;EEF1AKMT3"
"GOMF_LYSOPHOSPHATIDIC_ACID_BINDING",0.977579327379821,1,0.250223740201045,0.4809245530386,5144,8,"LPAR1;TPP1"
"GOMF_LYSOPHOSPHATIDIC_ACID_PHOSPHATASE_ACTIVITY",0.436384571099597,1,0.561213852369894,1.0437955449767,2273,7,"ACP3;PLPP6;ACP6;EPHX2"
"GOMF_LYSOPHOSPHATIDIC_ACID_RECEPTOR_ACTIVITY",0.60586759312874,1,0.528312203980104,0.911260361827887,3138,5,"LPAR1;LPAR6;LPAR3"
"GOMF_LYSOPHOSPHOLIPASE_ACTIVITY",0.844717768504283,1,-0.305237533139975,-0.756089256742785,3845,23,"LIPC;ABHD12B;PLA2G4C"
"GOMF_LYSOPHOSPHOLIPID_ACYLTRANSFERASE_ACTIVITY",0.524267599475295,1,-0.381297951824094,-0.954474675838387,2397,24,"GPAT2"
"GOMF_LYSOZYME_ACTIVITY",0.646310432569975,1,0.539381566101567,0.882834877854907,3301,4,"SPACA5B;LYZ;LYG1"
"GOMF_MACROLIDE_BINDING",0.97775912715065,1,-0.246788104838311,-0.504426394512056,4659,10,"ALB;FKBP5;FKBP1B;FKBP4"
"GOMF_MACROMOLECULAR_CONFORMATION_ISOMERASE_ACTIVITY",1,1,0.129642142787642,0.453629826811614,6161,275,"DDX3Y;MYH4;DNAI2;TNNT2;ACTC1;DYNLRB2;DQX1;MOV10L1;MYO3B;DDX60;KIF12;MYH14;MYH9;SMARCA2;KIF19;KIF4B;MYO7B;MYH2;MOV10;DNAH9;KIF20A;DNAH7"
"GOMF_MACROMOLECULE_TRANSMEMBRANE_TRANSPORTER_ACTIVITY",0.289719626168224,1,0.437189328473779,1.12122310361274,1580,30,"AZGP1;SLC15A4;PEX2;SLC15A3;AP4M1;TOMM7;SIDT2;TMED10;SEC61G;SEC61A1;TIMM22;SEC61A2;PEX14;ABCA1"
"GOMF_MAGNESIUM_ION_BINDING",1,1,-0.112640380701477,-0.398545179002433,3956,227,"ALPP;ATP4A;NT5C1B;COMT;IRAK3;TREX1;ATP8B4;ERN2;RPS6KA2;SNCA;RPS6KA6;ENO2;NIM1K;TREX2;RPS6KA3;MAST1;PDE2A;ATP11C;BRSK2;PRPS1;STK26;IDH1;MARK1;ADCY2;ATP8A2;MTPAP;NUDT3;RPS6KA1;BRSK1;ARL3;SRPK1;ADCY10;PPM1B;PRPS2;MTHFD2;ME1;HPRT1;MAPK12;STK4;TSSK4;SEPTIN4;MAST3;CDC42BPG;MVK;TDP2;PRKACB;ENDOG;OPA1;TKT;PDXP;ATP9A;RHOT1;POLR1A;FOXK2;ABL2;CIB2;PAPOLA;RP2;DYRK2;TSSK2;CILK1;ATP8A1;SUCLA2;PGM2;MARK2;FARSB;NUDT16"
"GOMF_MAGNESIUM_ION_TRANSMEMBRANE_TRANSPORTER_ACTIVITY",0.877913429522753,1,0.303810966617012,0.716207672703402,4745,20,"CLDN16;MAGT1;SLC41A1;SLC41A3;NIPAL3;TRPM7;CNNM4;NIPA2;TMEM94"
"GOMF_MALATE_DEHYDROGENASE_ACTIVITY",0.177041569951467,1,-0.663851304247398,-1.28892198748449,838,8,"LIPF"
"GOMF_MANGANESE_ION_BINDING",1,1,-0.155234007908338,-0.472170296440556,4363,68,"PPEF2;LARGE2;GALNT3;ARG2;PPEF1;ADCY2;MTPAP;NUDT3;PPM1K;MPPED2;MRE11;MGAT5;ADCY10;PPM1B;ME1;SOD2;NPEPL1;NEK4;TDP2"
"GOMF_MANGANESE_ION_TRANSMEMBRANE_TRANSPORTER_ACTIVITY",0.467609200253218,1,-0.522529680998769,-1.01453441552866,2215,8,"TRPM2;ATP2C2;SLC30A10"
"GOMF_MANNOSIDASE_ACTIVITY",0.681715998501311,1,0.38166939593291,0.847153937730822,3638,15,"EDEM2;MAN2A1;MAN2B2;MAN1B1;MAN2B1;MAN1C1;MAN2C1;MAN1A2;MANEA;MANBA;EDEM3"
"GOMF_MANNOSYL_OLIGOSACCHARIDE_1_2_ALPHA_MANNOSIDASE_ACTIVITY",0.560736902705815,1,0.503594682298612,0.936630276743051,2921,7,"EDEM2;MAN1B1;MAN1C1;MAN1A2;EDEM3;MAN1A1"
"GOMF_MANNOSYL_OLIGOSACCHARIDE_MANNOSIDASE_ACTIVITY",0.586707410236822,1,0.450843785286617,0.910697292915101,3071,10,"EDEM2;MAN2A1;MAN2B2;MAN1B1;MAN1C1;MAN1A2;EDEM3;MAN1A1"
"GOMF_MANNOSYLTRANSFERASE_ACTIVITY",0.997813729777,1,-0.177970441908107,-0.445500110966819,4563,24,"DPY19L2;TMTC1;PIGZ;DPY19L2P2;TMTC4;TMEM260;TMTC2;ALG9;ALG11;POMT1;PIGB;GTDC1;ALG1;PIGM;ALG3;ALG2;PIGV;TMTC3;DPM1;DPY19L4;POMT2;DPY19L3;ALG12;DPY19L1"
"GOMF_MAP_KINASE_ACTIVITY",0.21875,1,-0.525074488739317,-1.20480187049753,1021,16,"MAPK13;MAPK10;MAPK12;MAPK11;MAPK9;MAPK6;MAPK8;MAPK4;MAP2K7;MAPK1;MAPK7;NLK"
"GOMF_MAP_KINASE_KINASE_ACTIVITY",0.789169520547945,1,-0.33811230702878,-0.775810572942825,3686,16,"PAK3;MAP3K9;MAPK10;BRAF;MAPKAPK3;MAP2K4;MAPKAPK5;MAP2K7;MAP2K2"
"GOMF_MAP_KINASE_KINASE_KINASE_ACTIVITY",0.851618871415356,1,0.30368181057931,0.74829941419408,4602,25,"LRRK2;EGFR;MAP3K6;MAP3K1;RIPK1;MAP3K20;MAP3K11;MAP3K5"
"GOMF_MAP_KINASE_KINASE_KINASE_KINASE_ACTIVITY",0.833429839799267,1,0.391204211449879,0.700789253420861,4317,6,"MAP4K1;MAP4K3;MAP4K2;MAP3K7;MAP4K4;MAP4K5"
"GOMF_MAP_KINASE_PHOSPHATASE_ACTIVITY",0.648544520547945,1,-0.378401694271688,-0.868255988121916,3029,16,"DUSP2;DUSP13B;DUSP5;DUSP8;DUSP1;DUSP4;DUSP26;DUSP18;DUSP3;DUSP10"
"GOMF_MAP_KINASE_SCAFFOLD_ACTIVITY",0.691516169676606,1,-0.388162115612558,-0.831456304184611,3292,12,"SH3RF1;MAPK8IP1;MAPK8IP2;KSR2;MAPK8IP3;MAP2K2;SPAG9"
"GOMF_MAP_KINASE_TYROSINE_PHOSPHATASE_ACTIVITY",0.991495540344327,1,-0.23850259559845,-0.431096831369792,4779,6,"DUSP8;DUSP10;DUSP7;DUSP6;DUSP16;DUSP9"
"GOMF_MAP_KINASE_TYROSINE_SERINE_THREONINE_PHOSPHATASE_ACTIVITY",0.776354472910542,1,-0.35933619351088,-0.769710209727269,3696,12,"DUSP2;DUSP5;DUSP8;DUSP1;DUSP4"
"GOMF_MDM2_MDM4_FAMILY_PROTEIN_BINDING",0.250954198473282,1,0.564392731471687,1.18732679040342,1314,12,"CDKN2A;TP73;RPS20;RPL37;RPS15;CDK5RAP3;MARCHF7"
"GOMF_MECHANOSENSITIVE_MONOATOMIC_CATION_CHANNEL_ACTIVITY",0.394551343112974,1,0.51465388786864,1.06157793098806,2070,11,"TRPV4;PIEZO2;PIEZO1"
"GOMF_MEDIATOR_COMPLEX_BINDING",0.467123003526239,1,-0.605392725460018,-1.04249032213515,2251,5,"GLI3;NIPBL;SMC1A;SMC3"
"GOMF_MELANOCORTIN_RECEPTOR_ACTIVITY",0.398324136521561,1,-0.666404115105164,-1.09948622893985,1948,4,"MC4R;MC5R"
"GOMF_MELANOCORTIN_RECEPTOR_BINDING",0.388530045018595,1,0.685115390349185,1.12136528195987,1984,4,"MRAP;ASIP"
"GOMF_MEMBRANE_DESTABILIZING_ACTIVITY",0.233614136018081,1,-0.788745723384184,-1.23024186615188,1136,3,"LTF"
"GOMF_MEMBRANE_INSERTASE_ACTIVITY",0.985365853658537,1,0.234566998244587,0.527848344185869,5251,16,"TIMM10;EMC9;EMC2;MTCH1;EMC10;OXA1L;EMC6;EMC8;EMC7;EMC1;COX18;EMC3"
"GOMF_MEMBRANE_POTENTIAL_DRIVEN_UNIPORTER_ACTIVITY",0.320265505081933,1,-0.67537298836723,-1.16299680289242,1543,5,"SLC17A9;UCP2;SLC17A7;SLC17A6"
"GOMF_METAL_CATION_MONOATOMIC_CATION_ANTIPORTER_ACTIVITY",0.998219848687138,1,-0.185396545977359,-0.510887933041582,4485,39,"SLC4A9;SLC30A8"
"GOMF_METAL_CATION_PROTON_ANTIPORTER_ACTIVITY",0.988412767818102,1,-0.215106956126567,-0.538461172522128,4520,24,"SLC30A8;SLC30A2;SLC17A7;SLC9A7;CHP1;SLC17A6;GHITM"
"GOMF_METAL_CLUSTER_BINDING",1,1,-0.124211992376484,-0.384949004450969,4327,76,"RSAD2;FXN;TYW1B;DDX12P;ABAT;BOLA2B;PPAT;CISD1;CISD3;KIAA0753;DPH2;XDH;KIF4A;AOX1;ELP3;ERCC2;CISD2;RFESD;CDK5RAP1;REV3L;ISCA1;GLRX5;PRIM2;IREB2;NDUFS1;FDX1;METTL17;UQCRFS1;NFU1;NDUFS7;ABCE1;POLR3F;POLD1;DDX11;BRIP1;GLRX3;SDHB;NDUFV1;CDKAL1;NDUFS2;ISCA2;ACO2;NUBP1;CIAPIN1;NFS1;ETFDH;ACO1;RTEL1;ISCU;NDUFS8;NTHL1;MOCS1;RSAD1;CIAO3;DPH1;POLE;GLRX2;NDUFV2;SLC25A39;NUBPL;FDX2;LIAS;BOLA2;FECH;TYW1;MUTYH;NUBP2;FBXL5;DNA2;GSTP1;RPS3;KIF4B;DPYD;EXO5;UQCRFS1P1;AIFM3"
"GOMF_METAL_DEPENDENT_DEUBIQUITINASE_ACTIVITY",0.96640067198656,1,-0.257240017551558,-0.551016767682938,4601,12,"STAMBPL1;MPND;BRCC3;PRPF8;MYSM1;STAMBP;PSMD14;PSMD7;COPS6;COPS5;EIF3H;EIF3F"
"GOMF_METAL_ION_SEQUESTERING_ACTIVITY",0.807301389753163,1,-0.423558197057963,-0.72937004810954,3891,5,"SLC39A4"
"GOMF_METAL_ION_TRANSMEMBRANE_TRANSPORTER_ACTIVITY",0.442511552052188,1,-0.267381174034098,-0.999008520545585,1627,424,"SLC28A2;SLC5A5;SLC5A10;KCNE3;KCNJ1;ATP4A;PKD1L3;CACNA1F;SLC4A9;CALHM1;SLC10A1;SLC6A14;SLC17A2;LRRC38;KCNJ10;TRPM1;SLC6A13;TRPV5;SCNN1A;ATP12A;KCNU1;TRPM5;TRPA1;KCNK15;SLC30A8;TRPC7;SLC12A1;SCN4A;SLC39A4;SCNN1G;TRPM2;KCNQ5;ABCC8;RYR1;ATP2A3;SLC6A7;KCNMB3;CACNA2D3;KCNH4;GRIN2B;CACNB2;SLC13A5;KCNN1;SLC10A4;KCNH5;KCNH7;GRIN1;KCNK10;HCN1;GRIA1;KCNAB1;GRIA3;SLC34A3;CATSPER4;SLC34A2;KCNH8;CNGB1;CATSPER2;TSPOAP1;SCN5A;KCNQ1;KCNA3;ATP2B2;SLC12A8;KCNA5;ASIC2;SLC1A6;RYR3;KCNIP2;NALF2;SLC6A6;KCNQ3;ASIC3;SLC4A8;CNGA4;SLC29A1;TRPM6;KCND1;KCNAB3;SLC30A2;KCNT1;KCNN2;KCNJ11;CACNB1;KCNMB2;ATP2C2;KCNE1;SCN7A;SCN2B;KCNJ16;GPM6A;GRIK4;KCNH2;KCNE4;SNAP25;CACNG8;SLC5A7;CACNG2;KCNJ9;SLC38A1;KCNA2;TRPV2;PKD1L1;LRRC26;CHRNA7;KCNC1;CACNA2D4;CACNG7;SLC13A3"
"GOMF_METALLOAMINOPEPTIDASE_ACTIVITY",0.491996320147194,1,0.392989102442727,0.977182321608947,2673,26,"XPNPEP2;MMP14;ERAP2;MMP16;MMP15;XPNPEP3;NPEPPSP1;AOPEP;RNPEPL1;ERAP1;METAP1D"
"GOMF_METALLOCARBOXYPEPTIDASE_ACTIVITY",0.222504999091074,1,0.452254042471475,1.17447650124409,1223,32,"FOLH1B;CPA1;CPZ;CPB1;CPA4;MME;CPM;AGBL1;AEBP1;ACE2;CPXM1;NAALAD2"
"GOMF_METALLOCHAPERONE_ACTIVITY",0.996301131418625,1,-0.196415508412582,-0.473185952783095,4578,20,"FXN;COX17;TF;SCO2;SCO1;COX11;DPH3;ZNG1F;ATP7A;NUBP1;ZNG1B;ISCU;ATOX1;NUBPL;ZNG1C;PARK7;ZNG1E;NUBP2;CCS;ZNG1A"
"GOMF_METALLOENDOPEPTIDASE_INHIBITOR_ACTIVITY",0.404283548142532,1,0.488150329261534,1.04621682326661,2132,13,"TIMP3;NGF;LXN;RECK;TIMP1"
"GOMF_METHYL_CPG_BINDING",0.360616626904019,1,0.439945751805915,1.06933235998888,1964,23,"HOXB13;CDX2;CXXC5"
"GOMF_MHC_CLASS_I_PROTEIN_BINDING",0.885653104925054,1,-0.30289167353205,-0.703958959446349,4135,17,"CD8B2;KLRC4-KLRK1;KLRK1"
"GOMF_MHC_CLASS_I_PROTEIN_COMPLEX_BINDING",0.855839037544078,1,-0.3902903157223,-0.672082533952484,4125,5,"CD160;CD8A"
"GOMF_MHC_CLASS_I_RECEPTOR_ACTIVITY",0.8549363389689,1,-0.363683338165122,-0.684922665482987,4095,7,"CD160;MR1"
"GOMF_MHC_CLASS_IB_PROTEIN_BINDING",0.989234683891172,1,0.261953501973973,0.428753414007683,5053,4,"TAP1;TAP2"
"GOMF_MHC_CLASS_II_PROTEIN_BINDING",0.333333333333333,1,0.672112449119689,1.15929450230323,1726,5,"CD4;COL2A1;CD81;CD74;LAG3"
"GOMF_MHC_CLASS_II_PROTEIN_COMPLEX_BINDING",0.184043715846995,1,-0.501931480204079,-1.23382865845833,841,22,"HLA-DQB1;HLA-DRA;MS4A1;HLA-DOB;HLA-DOA"
"GOMF_MHC_CLASS_II_RECEPTOR_ACTIVITY",0.589647255270298,1,-0.486301209802666,-0.915848173100569,2824,7,"HLA-DQB1;HLA-DOB;HLA-DOA"
"GOMF_MHC_PROTEIN_BINDING",0.586194235358913,1,0.36545770900765,0.923469967721944,3192,28,"CLEC7A;CD8B;HLA-E;CD4;COL2A1"
"GOMF_MHC_PROTEIN_COMPLEX_BINDING",0.19231613611416,1,-0.467739563471637,-1.20761292192037,875,28,"HLA-DQB1;HLA-DRA;MS4A1;HLA-DOB;HLA-DOA;CD160"
"GOMF_MICROFILAMENT_MOTOR_ACTIVITY",0.902213352685051,1,0.274789132096967,0.73608111547587,4972,38,"MYH4;TNNT2;ACTC1;MYO3B;MYH14;MYH9;MYO7B;MYH2;MYO5B;MYL6;MYH7B;MYH7"
"GOMF_MICROTUBULE_BINDING",1,1,-0.172119857249498,-0.620375512783917,3817,281,"SAXO1;MX2;MX1;TRIM54;MTUS1;CCDC187;KIF21A;FMN1;CAPN6;FGF13;GAS2L2;EML6;FTCD;FES;MAP2;DCX;SNCA;MAP1B;GAS8;SPATA4;NEFM;KIF25;MAST1;KIF26A;NAV3;CCSAP;FAM161A;SGIP1;MAP6;DNM3;VASH2;KIF5C;KIF6;KIF5A;DYNC1I1;KIF21B;REEP2;MAPRE3;KIF14;KIF3C;MAPT;APC2;CCDC13;KATNAL1;MAP1A;CAMSAP3;TERF1;MAP1LC3A;MAP7D2;TUBA1A;CCDC88C;MAPRE2;KLC3;EML1;JAKMIP3;GAS2L3;TTBK2;SPIRE1;CENPV;ARL3;STRBP;CCDC88A;NEFH;CHP1;KIF1A;MID2;APC;CCDC181;RGS14;CCSER2;SPAST;MAP1S;KIF1B;JAKMIP2;KIF15;CLASP2;FBXW11;FSD1;MAP9;JAKMIP1;KIF4A;CLIP3;KIF13A;CENPE;CKAP5;REEP1;KIF3A;KIF2A;FMR1;SKA2;OPA1;EML2;CENPF;CLIP2;KIF3B;TRAF3IP1;CDK5;HAUS6"
"GOMF_MICROTUBULE_MINUS_END_BINDING",0.963834795634496,1,-0.26263438894171,-0.581879087708127,4503,14,"CAMSAP3;TUBGCP3;CAMSAP2;CAMSAP1;TUBGCP4;NIN;CEP290;TUBGCP5;TUBGCP2;MACF1;NUMA1;TUBGCP6;HAUS7;HAUS4"
"GOMF_MICROTUBULE_MOTOR_ACTIVITY",1,1,-0.164152741111989,-0.49729259339562,4382,66,"DNAH3;KIF21A;DNAH1;DNAH17;KIF25;KIF26A;KIF5C;KIF6;KIF5A;DYNC1I1;KIF21B;KIF14;KIF3C;KIF1A;KIF1B;KIF15;KIF4A;KIF13A;CENPE;KIF3A;KIF2A;DNHD1;KIF3B;DYNC2H1;DNAH2"
"GOMF_MICROTUBULE_PLUS_END_BINDING",0.283220597861663,1,-0.464262935401445,-1.13051846479219,1297,21,"MAPRE3;MAPRE2;TTBK2;APC;CLASP2;FBXW11;CLIP3;CKAP5;CLIP2;CLIP1;CLIP4;TBCB;CLASP1;PAFAH1B1;MAPRE1"
"GOMF_MICROTUBULE_SEVERING_ATPASE_ACTIVITY",0.690018991348386,1,-0.425799317532328,-0.826724447345183,3269,8,"IQCA1;FIGNL2;KATNAL1;SPAST"
"GOMF_MINOR_GROOVE_OF_ADENINE_THYMINE_RICH_DNA_BINDING",0.323630136986301,1,0.57599287796698,1.1334081475616,1700,9,"HAND2;MEF2C;HMGA2"
"GOMF_MINUS_END_DIRECTED_MICROTUBULE_MOTOR_ACTIVITY",0.667166095890411,1,-0.372865872981841,-0.855553851591229,3116,16,"DNAH3;DNAH1;DNAH17;KIF25;DNHD1;DYNC2H1;DNAH2;DNAH6;DNAH12;DYNC1H1"
"GOMF_MIRNA_INHIBITOR_ACTIVITY_VIA_BASE_PAIRING",0.528313627878034,1,-0.537775375831385,-0.972036635190043,2546,6,"LINC-ROR;TUSC8"
"GOMF_MISFOLDED_PROTEIN_BINDING",0.953978013787963,1,0.265963600584605,0.614317244111098,5119,18,"CLUL1;HSPA5;HSPA1A;SDF2L1;SDF2;TOR1A;DNAJB11;DNAJC10;DNAJC3;STUB1"
"GOMF_MISMATCH_REPAIR_COMPLEX_BINDING",0.911424363559857,1,-0.306956820320575,-0.64373161497671,4331,11,"TREX1;ATR;MCM8;MSH2;PMS2;MSH6;MCM9"
"GOMF_MISMATCHED_DNA_BINDING",0.982173015575155,1,0.242814305565713,0.529977144121241,5233,14,"MSH5;MLH3;XPC;MUTYH;PCNA;MLH1;MSH3"
"GOMF_MITOCHONDRIAL_LARGE_RIBOSOMAL_SUBUNIT_BINDING",0.560579369739675,1,0.594690118260503,0.973361365889115,2863,4,"MPV17L2;GTPBP10;MALSU1;NDUFAB1"
"GOMF_MITOCHONDRIAL_RIBOSOME_BINDING",0.858615611192931,1,-0.33350396723829,-0.69940471499292,4080,11,"UQCC5;GUF1;METTL17;TMEM223;NDUFAB1;TACO1;C1QBP;MALSU1;GTPBP10;OXA1L;MPV17L2"
"GOMF_MITOCHONDRION_TARGETING_SEQUENCE_BINDING",0.909179878645528,1,0.361017692645124,0.59089711369521,4644,4,"TIMM22;TOMM22;TOMM20;TOMM70"
"GOMF_MITOGEN_ACTIVATED_PROTEIN_KINASE_BINDING",0.87532865907099,1,-0.288566610408388,-0.73954913125686,3994,27,"GCH1;PRKG2;DUSP2;DIRAS1;ACE;DUSP1;MAPKAPK3;STAU2"
"GOMF_MITOGEN_ACTIVATED_PROTEIN_KINASE_KINASE_BINDING",0.969366344943349,1,-0.258863003669573,-0.529107072235733,4619,10,"ACE;MAPK8IP1;KSR2"
"GOMF_MITOGEN_ACTIVATED_PROTEIN_KINASE_P38_BINDING",0.305732484076433,1,0.655565207546403,1.17435610077525,1583,6,"NFATC1;DUSP16"
"GOMF_MODIFICATION_DEPENDENT_PROTEIN_BINDING",1,1,-0.161616893961334,-0.505510922329588,4328,81,"VAV1;PLCG2;TNIP3;EPS15;AGAP3;TAB3;HTATSF1;PTPN6;SOCS7;RNF168;UBQLN2;YWHAG;MLLT3;ZRANB3;RNF169;BAG6;MINDY2;CGAS;MPND;OPTN;EP300;ANK2;UBQLN1;RAD18;HDAC6;RAD23B;AFG2B;MINDY1;AGL;PARP10;BRCC3"
"GOMF_MODIFIED_AMINO_ACID_BINDING",0.178004934790271,1,0.382619384890014,1.16695995559035,1009,84,"ANXA8;RS1;GSTM1;TREM2;CAVIN2;DHFRP1;ANXA1;ANXA2P2;FOLR1;MME;THBS1;RPE65;TLN1;FTCDNL1;ANXA3;ANXA6;ANXA11;MFGE8;JPH2;NOX4;ANXA4;SCIN;SYTL2;AXL;ANXA2"
"GOMF_MODIFIED_AMINO_ACID_TRANSMEMBRANE_TRANSPORTER_ACTIVITY",0.965448263320604,1,0.247899383041839,0.647111097150173,5308,33,"SLC16A12;GJA1;SLC22A1;SLC7A9;SLC25A20"
"GOMF_MOLECULAR_ADAPTOR_ACTIVITY",1,1,0.157034501046513,0.608259248892553,7411,1515,"TBL1Y;STING1;SH2D1A;INSC;SLC35D3;COL1A2;GMNC;KLHL40;CCIN;FOXA2;WNT3A;BANK1;TGFBR2;CRYM;TYROBP;CRYZL2P-SEC16B;ID3;DAB2;EMILIN1;FHL5;CD3E;LPL;COL19A1;ROPN1B;LCP2;ID1;SOD3;NFATC2;NLRP6;LRRK2;COL8A2;SPOCD1;LOX;CIDEA;VGLL2;FLRT2;TGFB1I1;COL14A1;TRIM55;SEC16B;RAPSN;COL11A1;EHD2;TRIM22;COL4A4;TRIM38;CAPN3;TCERG1L;IL31RA;WWTR1;ACP3;EN2;ZFP36;DAW1;LMCD1;H1-2;PBXIP1;NFKBIZ;ASB9;NOSTRIN;TLE2;ID2;ZFP36L2;FXYD2;CAV1;GAS2L1;GFI1;LDLRAP1;COL4A2;COL11A2;SMAD7;PARP14;STAP1;BLNK;TRIM5;ZMYND10;KIF12;IFI27;ANKRD1;HSPG2;PAG1;LGALS3;CIB1;GTF2A1L;FLRT1;KLHDC1;SPSB1;CDH5;WIPF1;SPSB2;NIBAN2;SLC4A1;CCND1;SASH1;SERTAD1;AXIN2;VCL;MYH9;NOTCH2;ZFPM2;CIDEC;RXRG;SEPTIN1;CEP112;SORBS3;PTPN14;PLIN1;SMARCA2;RBM47;FHL3;SH2D6;WNT4;IRS1;ARID5B;COLQ;FHL2;PCLAF;SH3D19;JAG1;NKD2;HMGA2;OSTC;ACTN1;RBM46;CAV2;VIM;CD274;TRIM6;STX11;VAMP8;DOK1;SPATA18;WIPI1;VAMP3;EGFLAM;HYAL2"
"GOMF_MOLECULAR_CARRIER_ACTIVITY",1,1,-0.158038931608914,-0.520284479043776,4170,120,"HBZ;SERPINA6;ALB;NGB"
"GOMF_MOLECULAR_CONDENSATE_SCAFFOLD_ACTIVITY",0.997940974605353,1,-0.197268615078695,-0.577555346520518,4361,54,"PGLYRP2;ZAR1;WNK3;FAM81A;DDX4;SYT1;NLRP3;LAT;MECP2;UBQLN2;BRD3;SOS1;MSI1;FMR1;MKI67;CGAS;CAPRIN1;G3BP2;TP53;SHISA5;NUP153"
"GOMF_MOLECULAR_FUNCTION_INHIBITOR_ACTIVITY",0.575577763897564,1,0.264891138173238,0.971812146297321,3685,531,"COL6A3;ANXA8;DNM3OS;SLN;APOC3;STOML3;WFDC10A;THRSP;CST2;CLEC12B;SERPINB7;SOST;OSR1;SERPINB4;ID3;TFPI;ID1;ITIH5;ANXA1;ASIP;SMAD6;LRRK2;DKKL1;CSTA;RHOH;PLA2R1;TIMP3;CDKN2B;LY6G6D;ANXA2P2;CDKN2A;DKK2;ITIH3;AGTR2;MDFI;PTPRC;THBS1;DKK1;NGF;LRRC32;PTPRB;SERPINA3;SERPINH1;ID2;SOCS1;AGT;RAB13;CDKN1A;CAV1;PTN;PARVA;TFPI2;HSPB1;NFIB;SMAD7;SERPINA5;ANO9;SAG;LYPD6;ANXA3;LGALS3;CIB1;DACT1;PACSIN3;CD109;LXN;SPRY1;SERPINC1;IGFBP2;PREX1;ANXA4;RSC1A1;SOCS3;CRIM1;CDKN2C;WFDC1;LYPD1;PPP1R36;SH3RF2;GMFG;ANXA2;SERPINB2"
"GOMF_MOLECULAR_SENSOR_ACTIVITY",0.897222222222222,1,-0.257720935355848,-0.794029635943064,3875,74,"TRPA1;SLC39A4;SYT10;SYT6;SYT9;SYT17;SYT1;SCN7A;ICA1;GCK;NLRP3;SYT5;CASTOR1;XRCC2;SYT12;SYT2;MSH4;SYT7;SYT3;PMS2P5;SYT13;MICU3;DMC1;SLC38A9;RAD51C"
"GOMF_MOLECULAR_TAG_ACTIVITY",0.98266638133961,1,-0.232026621809405,-0.51406611132109,4591,14,"SUMO4;ISG15;UBC;UBL5;SUMO1;UBB;SUMO3;SUMO2;FAU;ATG12;NEDD8;URM1;UBA52;RPS27A"
"GOMF_MOLYBDOPTERIN_COFACTOR_BINDING",0.899191039203485,1,-0.347414760415658,-0.627957117240105,4334,6,"GPHN;MTARC1;XDH;AOX1"
"GOMF_MONOACYLGLYCEROL_LIPASE_ACTIVITY",0.150010699764605,1,-0.587243745281107,-1.30106668872793,700,14,"ABHD1;ABHD12B"
"GOMF_MONOATOMIC_ANION_CHANNEL_ACTIVITY",0.926369561388057,1,0.252816041286495,0.776773035787682,5258,89,"CLCA2;FXYD3;CLIC6;FXYD1;AQP6;SLC1A7;CLIC2;SLC26A7;OCA2;ANO9;TTYH2;GABRE;MCOLN3"
"GOMF_MONOATOMIC_ANION_MONOATOMIC_CATION_SYMPORTER_ACTIVITY",0.660327868852459,1,-0.353081004092755,-0.867930143432643,3020,22,"SLC5A5;SLC6A13;SLC12A1"
"GOMF_MONOATOMIC_ANION_SODIUM_SYMPORTER_ACTIVITY",0.584048027444254,1,-0.403365730842655,-0.91009722030475,2723,15,"SLC5A5;SLC6A13;SLC12A1"
"GOMF_MONOATOMIC_ANION_TRANSMEMBRANE_TRANSPORTER_ACTIVITY",0.952278692436173,1,-0.239183404679502,-0.797606724871532,3990,132,"SLC5A5;SLC4A9;TMC4;SLC6A13;CLIC3;SLC26A3;SLC12A1;LRRC8E;GABRG1;CLCN1;BEST4;GABRP;GABRA1;GABRR1;UCP2;SLC26A8;GABRR2;GABRG3;CLIC5;GABRA5;SLC12A8;GABRB2;SLC6A6;SLC4A8;GABRQ;P2RX5;GABRG2;BEST2"
"GOMF_MONOATOMIC_CATION_BICARBONATE_SYMPORTER_ACTIVITY",0.584723275208491,1,0.424874159662439,0.910601646592256,3084,13,"SLC39A5;SLC39A12;SLC4A4"
"GOMF_MONOATOMIC_CATION_CHANNEL_ACTIVITY",0.998935604044705,1,-0.216350188107758,-0.788918751304613,3753,321,"KCNE3;KCNJ1;PKD1L3;CACNA1F;CALHM1;LRRC38;KCNJ10;TRPM1;TRPV5;SCNN1A;KCNU1;TRPM5;TRPA1;KCNK15;TRPC7;SCN4A;SCNN1G;TRPM2;KCNQ5;ABCC8;RYR1;CYBB;KCNMB3;CACNA2D3;KCNH4;GRIN2B;CACNB2;KCNN1;CALHM6;KCNH5;KCNH7;GRIN1;KCNK10;HCN1;GRIA1;KCNAB1;GRIA3;CATSPER4;CHRNA2;KCNH8;P2RX2;CNGB1;CATSPER2;TSPOAP1;SCN5A;KCNQ1;KCNA3;KCNA5;HTR3B;ASIC2;RYR3;KCNIP2;NALF2;KCNQ3;ASIC3;CNGA4;TRPM6;KCND1;KCNAB3;KCNT1;KCNN2;P2RX5;KCNJ11;CACNB1;KCNMB2;KCNE1;BEST2;SCN7A;SCN2B;KCNJ16;GPM6A;GRIK4;KCNH2;KCNE4;SNAP25;CACNG8;CACNG2;GRIN2C;KCNJ9;KCNA2;TRPV2;PKD1L1;LRRC26;CHRNA7;KCNC1;CACNA2D4;CACNG7"
"GOMF_MONOATOMIC_CATION_TRANSMEMBRANE_TRANSPORTER_ACTIVITY",1,1,-0.202911418360724,-0.77881572003302,3437,614,"SLC28A2;SLC5A5;SLC5A10;KCNE3;KCNJ1;ATP4A;PKD1L3;CACNA1F;SLC4A9;CALHM1;SLC10A1;SLC6A14;SLC17A2;LRRC38;KCNJ10;TRPM1;SLC6A13;TRPV5;SCNN1A;ATP12A;KCNU1;TRPM5;TRPA1;KCNK15;SLC30A8;TRPC7;SLC12A1;SCN4A;SLC39A4;SCNN1G;TRPM2;SLC15A1;KCNQ5;SLC47A2;ABCC8;RYR1;ATP2A3;SLC6A7;CYBB;KCNMB3;CACNA2D3;SLC32A1;KCNH4;GRIN2B;CACNB2;ATP13A5;SLC13A5;KCNN1;CALHM6;SLC10A4;KCNH5;KCNH7;GRIN1;KCNK10;HCN1;GRIA1;UCP2;SLC16A3;KCNAB1;GRIA3;SLC34A3;CATSPER4;CHRNA2;SLC34A2;KCNH8;P2RX2;CNGB1;CATSPER2;TSPOAP1;SCN5A;TCIRG1;KCNQ1;KCNA3;ATP2B2;SLC12A8;KCNA5;HTR3B;ASIC2;SLC1A6;RYR3;KCNIP2;NALF2;SLC6A6;KCNQ3;ASIC3;SLC4A8;CNGA4;SLC29A1;TRPM6;SLC46A1;KCND1;KCNAB3;SLC30A2;KCNT1;KCNN2;P2RX5;KCNJ11;CACNB1;KCNMB2;ATP2C2;KCNE1;BEST2;SCN7A;SCN2B;KCNJ16;GPM6A;ATP6V0A4;GRIK4;KCNH2;DMAC2L;KCNE4;ATP6V1A;SNAP25;CACNG8;SLC5A7;CACNG2;GRIN2C;KCNJ9;SLC38A1;KCNA2;TRPV2;PKD1L1"
"GOMF_MONOATOMIC_ION_TRANSMEMBRANE_TRANSPORTER_ACTIVITY",1,1,0.19458483643457,0.727089521021512,6680,721,"STING1;CHRNG;TMC1;CLCA2;SLC39A5;ATP1A4;SLC6A2;FXYD3;NOX5;TRPV4;CLIC6;MTCO2P12;KCNJ15;ATP6V0D2;SLC39A12;KCNMB1;SLC13A2;SLC5A4;P2RX7;TMC8;CALHM4;FXYD1;CLDN16;SLC2A10;OTOP1;SLC2A9;CHRNB3;SLC38A4;SLC24A4;TRPM3;SLC9A4;AQP6;KCNA7;CNGB3;SLC1A7;SLC24A1;PIEZO2;PKD2L2;SLC23A1;KCNK5;CACNA1G;ABCC9;CLIC2;SLC5A12;KCNE5;SLC26A7;TMC6;SCN10A;OCA2;HVCN1;GJA1;SCN1A;SCN4B;TMBIM1;TMEM37;CALHM5;SLC13A4;ITPR3;KCNK13;UQCRFS1P1;ANO9;PKD1L2;TMC3;KCNE2;TTYH2;CACNA1S;KCNJ2;TMEM63A;TMC2;PKDREJ;SLC18A2;ANXA6;SLC6A4;SLC26A5;SCNN1B;SLC6A3;SLC17A4;SLC4A1;GABRE;TMEM109;ATP1A2;SLC5A1;MCOLN3;SLC39A2;UCP1;GRID2;SLC22A1;SLC26A4;SLC15A4;P2RX1;ATP13A4;MAGT1;CHRNA1;SLC25A18"
"GOMF_MONOCARBOXYLATE_SODIUM_SYMPORTER_ACTIVITY",0.269093204292026,1,-0.559714443155695,-1.17379989160076,1278,11,"SLC10A1;SLC6A13;SLC10A4;SLC6A6"
"GOMF_MONOCARBOXYLIC_ACID_TRANSMEMBRANE_TRANSPORTER_ACTIVITY",0.196387745770462,1,-0.39282306737504,-1.16432751976307,858,58,"SLCO1C1;SLC10A1;SLC6A13;AKR1C4;ABCB11;FABP3;SLC32A1;SLC16A11;SLC10A4;ABCC4;SLC16A3;SLCO2B1;SLC6A6;CEACAM1;SLCO1A2"
"GOMF_MONOOXYGENASE_ACTIVITY",0.479740680713128,1,-0.310765343561612,-0.983090618485001,2071,88,"CYP4F22;CYP2G1P;CYP4Z1;FA2H;PAH;CYP2B6;CYP2S1;CYP2C18;TPH2;AKR1C4;CYP24A1;CYP4F3;CYP1B1;CH25H;CYP2A13;NOS2;TPH1;NOS1;FMO5;CYP2A6;TH"
"GOMF_MONOSACCHARIDE_BINDING",0.907278875244706,1,0.262042577313348,0.770758926335396,5097,66,"COLEC12;MBL2;ENG;P4HA3;HKDC1;CLEC4M;PLOD2;ALPK1;COLEC10;P4HA1;P3H2;SLC2A5;PLOD1;P3H1;P3H3;CLN5;P4HA2;PYGL"
"GOMF_MORPHOGEN_ACTIVITY",0.270773364037613,1,0.647191407880208,1.2037042661009,1410,7,"DAND5;WNT1;GREM1;CER1;NBL1"
"GOMF_MRF_BINDING",0.992117817880108,1,-0.244525680862731,-0.42107485784406,4782,5,"BHLHE41;KDM1A;CREBBP;BHLHE40;KLF5"
"GOMF_MRNA_3_UTR_AU_RICH_REGION_BINDING",0.989902698733248,1,0.216849392881746,0.547953694529501,5391,28,"ZFP36;ZFP36L2;ARID5A;ZC3H12A;ZFP36L1;TIA1;RBMS3;EXOSC4;FXR1;EXOSC7;HNRNPD"
"GOMF_MRNA_3_UTR_BINDING",1,1,-0.153755235050736,-0.499471157287148,4177,108,"PABPC3;DAZL;ZAR1;PABPC1L2B;DND1"
"GOMF_MRNA_5_UTR_BINDING",0.838798820928519,1,0.30816982820512,0.75451199742108,4552,24,"RPS14;RPL41;RPS7;RPL26;RPS3A;RPS13;RPL5;SHMT1;RARA"
"GOMF_MRNA_BINDING",1,1,-0.192579233142033,-0.711361175842392,3754,365,"DPPA5;DDX43;TEX13B;ESRP2;PABPC3;SLPI;TEX13C;DAZL;HYDIN2;ZAR1;ESRP1;LIN28A;ARC;A1CF;PABPC1L2B;DND1;ENSG00000227733;LINC02591;ELAVL4;PTBP2;NOVA2;C12orf50;CPEB1;CELF5;DDX4;MT-TS1;RC3H1;CELF6;ZC3H11B;CELF3;PTENP1-AS;SRRM4;NOCT;NICOL1;LIN28B;KHDRBS3"
"GOMF_MRNA_CDS_BINDING",0.625900681596884,1,0.594559216887651,0.920366017548008,3213,3,"RBPMS;UNK;RBM24"
"GOMF_MRNA_METHYLTRANSFERASE_ACTIVITY",0.673664122137405,1,0.401494261604646,0.844633295955816,3529,12,"TMT1A;TRMT61A;METTL3;METTL8;NSUN4;NSUN2"
"GOMF_MRNA_REGULATORY_ELEMENT_BINDING_TRANSLATION_REPRESSOR_ACTIVITY",0.556476874884835,1,0.390366198734677,0.938179663177684,3019,22,"DHFRP1;ZFP36;ZFP36L2;TYMS;ZFP36L1;SHMT1;RARA"
"GOMF_MUTLALPHA_COMPLEX_BINDING",0.733249843456481,1,-0.41925021636568,-0.789571436366229,3512,7,"TREX1;ATR"
"GOMF_MUTSALPHA_COMPLEX_BINDING",0.735337090377792,1,-0.41853149705244,-0.788217876562688,3522,7,"TREX1;ATR"
"GOMF_MYOSIN_BINDING",0.997174143412222,1,0.204424886337009,0.607803639695557,5645,70,"MYL3;MYL9;ACTC1;KIRREL1;CALD1;GSN;MYL12A;MYL4;NKD2;RAB27A;MYLK2;NPHS1"
"GOMF_MYOSIN_HEAVY_CHAIN_BINDING",0.284054105543913,1,0.56241243472745,1.16008961147168,1490,11,"MYL3;MYL9;MYL12A;MYL4;NKD2"
"GOMF_MYOSIN_II_BINDING",0.423473282442748,1,0.49262232148422,1.03634162389684,2218,12,"MYL3;GSN;MYL4;LLGL2;TRIOBP"
"GOMF_MYOSIN_LIGHT_CHAIN_BINDING",0.874496257915947,1,0.354341597986517,0.659036087253381,4556,7,"MYLK2;CXCR4;MYH8;IQGAP3"
"GOMF_MYOSIN_PHOSPHATASE_REGULATOR_ACTIVITY",0.801908317776395,1,-0.406000226094683,-0.73385117912727,3865,6,"PPP1R12B"
"GOMF_MYOSIN_V_BINDING",0.273875802997859,1,-0.495258312341772,-1.15104361287891,1278,17,"RAB25;GRIA1;RAB27B;RAB3B;RAB3D;RAB6B;RAB3A;RAB39B;RAB6A;RAB3C"
"GOMF_MYRISTOYLTRANSFERASE_ACTIVITY",0.942141805175678,1,-0.283447292405572,-0.594428829144295,4477,11,"ZDHHC2;ZDHHC15;ACAA1;ZDHHC17;ZDHHC3;NMT1;NMT2;ZDHHC7;ZDHHC20;HADHB;SCP2"
"GOMF_N_ACETYL_BETA_D_GLUCOSAMINIDE_BETA_1_3_GALACTOSYLTRANSFERASE_ACTIVITY",0.949802945447003,1,-0.301528112890254,-0.545016349653287,4578,6,"B3GALT1;B3GALT5;B3GNT4;B3GALNT1;B3GALT2;B3GALT4"
"GOMF_N_ACETYLGLUCOSAMINE_6_O_SULFOTRANSFERASE_ACTIVITY",0.911500730536422,1,-0.327241871092845,-0.616292667509524,4366,7,"CHST4;CHST5;CHST1;CHST6"
"GOMF_N_ACETYLLACTOSAMINE_SYNTHASE_ACTIVITY",0.854854275236441,1,0.385688575188769,0.665255710414434,4428,5,"B4GALT1;B4GALT4;B4GALT3"
"GOMF_N_ACETYLLACTOSAMINIDE_BETA_1_3_N_ACETYLGLUCOSAMINYLTRANSFERASE_ACTIVITY",0.908110350549678,1,-0.349491443075594,-0.601826602390214,4377,5,"B3GNT7"
"GOMF_N_ACETYLTRANSFERASE_ACTIVITY",1,1,0.157834834920291,0.460263836045066,5608,63,"NAT2;ABHD14B;NAT1"
"GOMF_N_ACYLSPHINGOSINE_AMIDOHYDROLASE_ACTIVITY",0.953121758971168,1,-0.298566937193829,-0.539663982494955,4594,6,"ACER2;ASAH2B;NAAA;ACER3;ASAH2;ASAH1"
"GOMF_N_ACYLTRANSFERASE_ACTIVITY",1,1,0.177823603869408,0.542348435728134,5673,84,"NAT2;CERS3;TGM2;ABHD14B;PLAAT2"
"GOMF_N_FORMYL_PEPTIDE_RECEPTOR_ACTIVITY",0.770591824283099,1,-0.556654511131517,-0.805466709874594,3788,2,"FPR2"
"GOMF_N_METHYLTRANSFERASE_ACTIVITY",1,1,0.144116396536692,0.451328915875138,5779,102,"PRDM6;METTL21C;EEF1AKMT3;INMT;HNMT;NNMT;PRMT9;SMYD4;METTL23;ATPSCKMT;MECOM;HEMK1"
"GOMF_N_N_DIMETHYLANILINE_MONOOXYGENASE_ACTIVITY",0.211391661773341,1,0.771190742317646,1.26224944934182,1079,4,"FMO1;FMO2;FMO4"
"GOMF_N6_METHYLADENOSINE_CONTAINING_RNA_READER_ACTIVITY",0.784964300713986,1,-0.35719704091006,-0.765128072924047,3737,12,"IGF2BP3;FMR1;RBM33;IGF2BP1;YTHDC2;YTHDF1;YTHDC1;YTHDF2"
"GOMF_NAADP_SENSITIVE_CALCIUM_RELEASE_CHANNEL_ACTIVITY",0.571704304188381,1,0.548182746000171,0.945534105978617,2961,5,"MCOLN3;MCOLN2;TPCN1;MCOLN1"
"GOMF_NAD_BINDING",0.959219858156028,1,0.247058428088104,0.707783754136348,5409,55,"ALDH1A3;ALDH1A1;ADH4;PARP14;BDH2;RNLS;CRYZ;HSD17B8"
"GOMF_NAD_DEPENDENT_PROTEIN_LYSINE_DEACYLASE_ACTIVITY",0.902705814622913,1,0.333016488136585,0.619373747196194,4703,7,"SIRT3;SIRT6;SIRT7;SIRT5;SIRT2;SIRT1;SIRT4"
"GOMF_NAD_P_H_DEHYDROGENASE_QUINONE_ACTIVITY",0.98643289501148,1,-0.238964406474676,-0.450040243976984,4725,7,"VAT1L;NQO2"
"GOMF_NAD_P_H_OXIDASE_H2O2_FORMING_ACTIVITY",0.966820663586728,1,-0.256087781407656,-0.548548639117004,4603,12,"CYBB;FMO5;NOX1"
"GOMF_NAD_TRANSMEMBRANE_TRANSPORTER_ACTIVITY",0.268616469612114,1,-0.698837627113858,-1.20340306774665,1294,5,"SLC25A47;SLC25A53;SLC25A51"
"GOMF_NADH_DEHYDROGENASE_ACTIVITY",0.51030534351145,1,0.459480804441988,0.966621004079064,2673,12,"NQO1;RTN4IP1;MT-ND4;NDUFA9;NDUFV2;NDUFS3;NDUFS8"
"GOMF_NADH_DEHYDROGENASE_UBIQUINONE_ACTIVITY",0.722334455667789,1,-0.309345144404993,-0.860052472189964,3217,41,"NDUFB1;NDUFA5;NDUFA1;NDUFS1;NDUFS7;NDUFA6;NDUFV1;NDUFA3;NDUFB8;NDUFA12;NDUFB2;NDUFS2;NDUFB3;NDUFA4;NDUFA7;NDUFS5;NDUFS6;MT-ND1;MT-ND5;MT-ND6;NDUFA2;MT-ND2;NDUFB10;NDUFB9;NDUFS8;NDUFS3;NDUFC2;NDUFB7;MT-ND3;NDUFV2;NDUFS4;NDUFA8;NDUFB4;NDUFB6;NDUFA9;NDUFB5;NDUFC1;NDUFV3;NDUFA10;MT-ND4;MT-ND4L"
"GOMF_NADP_BINDING",0.21540936717912,1,0.409251869628259,1.15531497155525,1204,51,"FMO1;CRYM;NOX5;DHFRP1;FMO2;FMO4;DECR1;DPYD;CRYZ;H6PD;NOS3"
"GOMF_NADPH_BINDING",0.94149431712316,1,0.274384767324953,0.63376828151907,5052,18,"DHFRP1;DECR1;CRYZ;KDSR;NDOR1"
"GOMF_NADPH_DEHYDROGENASE_ACTIVITY",0.687975646879756,1,0.426224030946885,0.838700976767011,3615,9,"NQO1;ADH4;CRYZ;RTN4IP1"
"GOMF_NADPLUS_BINDING",0.9781441007594,1,0.243059784756021,0.56718358203225,5280,19,"ALDH1A3;PARP14;SIRT3;CRYL1;UXS1;SIRT6"
"GOMF_NADPLUS_NUCLEOSIDASE_ACTIVITY_CYCLIC_ADP_RIBOSE_GENERATING",0.586134453781513,1,0.451042329609256,0.911098349296606,3068,10,"CD38;IL1R1;IL1RAP;BST1;IL18R1"
"GOMF_NADPLUS_PROTEIN_CYSTEINE_ADP_RIBOSYLTRANSFERASE_ACTIVITY",0.811035054967849,1,-0.400007657798605,-0.723019526760031,3909,6,"PARP8;PARP6;SIRT4"
"GOMF_NADPLUS_PROTEIN_GLUTAMATE_ADP_RIBOSYLTRANSFERASE_ACTIVITY",0.325913481730365,1,-0.519222859412041,-1.11219282452029,1551,12,"PARP15"
"GOMF_NADPLUS_PROTEIN_LYSINE_ADP_RIBOSYLTRANSFERASE_ACTIVITY",0.906195715112913,1,0.342058124657284,0.589999640540395,4694,5,"SIRT6;PARP3;PARP11;PARP10;PARP16"
"GOMF_NADPLUS_PROTEIN_MONO_ADP_RIBOSYLTRANSFERASE_ACTIVITY",0.487311511585142,1,0.39048129151152,0.979506299981102,2649,27,"ART3;PARP14;ART4;SIRT3;ART5;TIPARP;SIRT6;ARF4"
"GOMF_NARROW_PORE_CHANNEL_ACTIVITY",0.806409539780138,1,0.330912443811403,0.764334743842599,4327,18,"RHAG;KCNK5;KCNK13;KCNK17"
"GOMF_NATURAL_KILLER_CELL_LECTIN_LIKE_RECEPTOR_BINDING",0.761268143621085,1,0.388040940308596,0.783836542527934,3985,10,"RAET1G;MICA;HLA-E;CLEC2D"
"GOMF_NEDD8_TRANSFERASE_ACTIVITY",0.793196432275462,1,-0.410365076997344,-0.74174070917124,3823,6,"UBE2M;RNF7"
"GOMF_NERVE_GROWTH_FACTOR_BINDING",0.492375989191276,1,0.591248858499288,1.01981677626867,2550,5,"PCSK6;FURIN;NGFR;NTRK1"
"GOMF_NERVE_GROWTH_FACTOR_RECEPTOR_BINDING",0.393746381007528,1,0.643602531111231,1.11011911319741,2039,5,"NGF;NTF4;NTF3"
"GOMF_NETRIN_RECEPTOR_ACTIVITY",0.969503956765103,1,0.280549199925849,0.483905848679925,5022,5,"UNC5CL;UNC5C;UNC5B"
"GOMF_NEUROLIGIN_FAMILY_PROTEIN_BINDING",0.296204107031736,1,-0.685797843173094,-1.18094847259001,1427,5,"NRXN3;SNTG2;DLG4;NRXN2;NRXN1"
"GOMF_NEUROPEPTIDE_ACTIVITY",0.760809567617295,1,0.327578865246226,0.814537283760896,4134,26,"NPY;ASIP;PENK;SPX;CCK;NPFF;CARTPT;CRH;CALCB;NPPA"
"GOMF_NEUROPEPTIDE_RECEPTOR_BINDING",0.175419401896426,1,0.473117776786359,1.2193475769069,961,31,"NPY;MRAP;TAC4;ASIP;EDN2;SPX;EDN1;TAC3;EDN3"
"GOMF_NEUROPEPTIDE_Y_RECEPTOR_ACTIVITY",0.757543785608778,1,-0.395567773646486,-0.768027414770638,3589,8,"NPY2R"
"GOMF_NEUROPILIN_BINDING",0.249673933296069,1,0.508363354524621,1.17420720080564,1339,18,"SEMA3G;SEMA3B;SEMA3F;SEMA3A"
"GOMF_NEUROTRANSMITTER_RECEPTOR_ACTIVITY",0.684259259259259,1,-0.284130912660725,-0.901449733180275,2955,90,"HTR2C;HTR4;GABRG1;HTR1D;GABRP;HTR5A;DRD4;GRIN2B;GABRA1;GRIN1;GRIA1;GABRR1;GRIA3;CHRNA2;GABRR2;GABRG3;GABRA5;HTR3B;GABRB2;GABRQ;HTR1A;HTR2A;HRH3;GABRG2;GRIK4;GLRA2;GRIN2C;CHRNA7;GABRB3;CHRM5;P2RY11;GRIK1;HTR3A;GRM1;GRIK5"
"GOMF_NEUROTRANSMITTER_RECEPTOR_ACTIVITY_INVOLVED_IN_REGULATION_OF_POSTSYNAPTIC_MEMBRANE_POTENTIAL",0.995194019223923,1,0.210712379421308,0.599368581578976,5590,53,"CHRNG;CHRNB3;ADRB1;GRID2;CHRNA1;GRIK2;GRIN3B"
"GOMF_NEUROTRANSMITTER_RECEPTOR_REGULATOR_ACTIVITY",0.931694501782698,1,0.295746238133604,0.6455086997674,4964,14,"LY6G6D;LYPD6B;LYPD6;LYPD1"
"GOMF_NEUROTRANSMITTER_TRANSMEMBRANE_TRANSPORTER_ACTIVITY",0.738655306538248,1,0.349593524699742,0.815781630817757,3987,19,"SLC6A2;SLC22A3;SLC6A4;SLC6A3;CPLX3;SLC22A1"
"GOMF_NEUROTROPHIN_BINDING",0.947678843226788,1,0.291068424183411,0.572748962854897,4980,9,"PCSK6;FURIN;NGFR;NTRK1"
"GOMF_NEUROTROPHIN_RECEPTOR_ACTIVITY",0.853117158849643,1,0.388154293638466,0.669508709814618,4419,5,"GFRA1;NTRK1"
"GOMF_NEUROTROPHIN_RECEPTOR_BINDING",0.354389312977099,1,0.519509243906595,1.09290430006799,1856,12,"NGF;NTF4;NTF3;SHC1;EFNA5"
"GOMF_NEUROTROPHIN_TRK_RECEPTOR_BINDING",0.674387183941324,1,0.473169071909399,0.847618177259098,3493,6,"SHC1;EFNA5;PLCG1;FRS2"
"GOMF_NEUTRAL_L_AMINO_ACID_SODIUM_SYMPORTER_ACTIVITY",0.592437773133194,1,0.472075917645061,0.907319583311024,3117,8,"SLC38A4;SLC38A3"
"GOMF_NEUTRAL_L_AMINO_ACID_TRANSMEMBRANE_TRANSPORTER_ACTIVITY",0.97789566755084,1,-0.234365192149455,-0.639387869890387,4423,37,"SLC6A14;SLC6A7;SLC32A1;SLC7A10;SLC1A6;SLC6A6;SLC38A1;SFXN1;SLC7A5;SLC38A9;SLC1A4;SLC36A4;SLC1A2;SLC1A3;SLC38A7;SLC38A5"
"GOMF_NF_KAPPAB_BINDING",0.933284857298673,1,0.266991435866256,0.693360673449623,5133,32,"CDKN2A;ANXA4;NOTCH2;CDK5RAP3;BRMS1;HDAC3;NFKBIA;AKAP8;RNF25;RELA;ANKRD42"
"GOMF_NITRIC_OXIDE_BINDING",0.747562746318191,1,-0.455309608042381,-0.784046190179532,3603,5,"ENSG00000274276;CBS"
"GOMF_NITRIC_OXIDE_SYNTHASE_BINDING",0.849312452253629,1,0.352836075576754,0.712723274351578,4446,10,"CAV1;SLC6A4;SNTA1;DMD;CD74"
"GOMF_NITRIC_OXIDE_SYNTHASE_REGULATOR_ACTIVITY",0.987426176414555,1,0.227045240751434,0.468326816524724,5182,11,"CAV1;ESR1;AKT1;DYNLL1;ATP2B4"
"GOMF_NITRITE_REDUCTASE_ACTIVITY",0.440792246101981,1,-0.516946837531898,-1.03339137457062,2091,9,"NGB;ENSG00000274276;CBS"
"GOMF_NMDA_GLUTAMATE_RECEPTOR_ACTIVITY",0.533500313087038,1,-0.512571627329377,-0.965323094020857,2555,7,"GRIN2B;GRIN1;GRIN2C"
"GOMF_NODAL_BINDING",0.562124040655466,1,-0.553469812650124,-0.953078719013802,2709,5,"CRIPTO;CFC1"
"GOMF_NON_MEMBRANE_SPANNING_PROTEIN_TYROSINE_KINASE_ACTIVITY",0.853686114880145,1,-0.278389960799555,-0.79308127750014,3774,46,"LCK;BMX;FRK"
"GOMF_NON_MEMBRANE_SPANNING_PROTEIN_TYROSINE_PHOSPHATASE_ACTIVITY",0.222595548089038,1,-0.569852655374191,-1.22064354997524,1059,12,"PTPN22;PTPN7;DUSP22;PTPN6;PTPN18;PTPN1"
"GOMF_NUCLEAR_ESTROGEN_RECEPTOR_BINDING",0.968613933236575,1,0.242774686219093,0.65032361534005,5338,38,"FOXL2;RERG;WIPI1;ARID5A;ESR1;ZNF366;PADI2;XBP1;TRIP4;PHB2;DDX54;NRIP1;TAF10;PCNA;NKX3-1;DCAF13"
"GOMF_NUCLEAR_EXPORT_SIGNAL_RECEPTOR_ACTIVITY",0.971564885496183,1,0.254863244112915,0.536162038861359,5090,12,"CALR;NUP42;XPO1;RANBP17;EIF4ENIF1;RAN;NUP214;XPO6;CSE1L;XPO4;XPO7;XPO5"
"GOMF_NUCLEAR_GLUCOCORTICOID_RECEPTOR_BINDING",0.965096641020829,1,0.268968901423189,0.587063311206397,5142,14,"NR4A2;SMAD3;NCOR2;ETS2;NRIP1"
"GOMF_NUCLEAR_IMPORT_SIGNAL_RECEPTOR_ACTIVITY",0.941502122162761,1,0.273857858736603,0.652541644208128,5101,21,"TMCO6;SNUPN;NUTF2;KPNA1;HIKESHI;KPNA2;IPO8;KPNA5;IPO4;IPO9;RANBP6;KPNA6;TNPO1;KPNA3;IPO11;TNPO2;KPNA4;IPO7;IPO5;KPNB1;TNPO3"
"GOMF_NUCLEAR_LOCALIZATION_SEQUENCE_BINDING",0.847792664177465,1,-0.30448411036242,-0.754222989308256,3859,23,"NPAP1;KPNB1;IPO5;POM121;KPNA4;NUP153;TNPO2;KPNA3;BRAP;TNPO1;KPNA6;NUP214;POM121C;RANBP6"
"GOMF_NUCLEAR_RECEPTOR_BINDING",0.450762116800822,1,0.306844896805433,0.998548216341543,2631,137,"KDM5D;TCF21;MYOD1;RARG;FOXL2;PPARG;TGFB1I1;NR4A2"
"GOMF_NUCLEAR_RETINOIC_ACID_RECEPTOR_BINDING",0.697310243183493,1,0.346515098838431,0.848395188081569,3784,24,"RARG;PPARG;NR4A2;NR1H4"
"GOMF_NUCLEAR_RETINOID_X_RECEPTOR_BINDING",0.174859287054409,1,0.560118635458509,1.26044028566258,931,16,"RARG;PPARG;NR4A2;NR1H4;ARID5A;NCOR2;NR1H2"
"GOMF_NUCLEAR_STEROID_RECEPTOR_ACTIVITY",0.675717100941537,1,-0.340999977760169,-0.867480733966708,3085,26,"PGR;OR51E2;NR2E1;ESRRG"
"GOMF_NUCLEAR_THYROID_HORMONE_RECEPTOR_BINDING",0.346652030735456,1,-0.41520668799458,-1.07198321640461,1578,28,"OASL"
"GOMF_NUCLEAR_VITAMIN_D_RECEPTOR_BINDING",0.976629502572899,1,-0.242603766684952,-0.547376727403656,4554,15,"MED14;MED12;THRAP3;MED13;MED16;MED1;MED17;TOB2;MED24;SNW1;MED30;TAF11;MED4;TAF7;RXRA"
"GOMF_NUCLEASE_ACTIVITY",1,1,0.132705856433431,0.453861479090423,6001,217,"PNLDC1;AZGP1;SLFN12;ZC3H12D;EXD1;RNASE1;ENDOU;ENPP3;PIWIL4;RNASE4;RNASE11;SLFN5;EXO5;ENPP2;HMGA2;NYNRIN;ASTE1;PLSCR1;ANKLE1;ANG;KHNYN;SLX1B;LACTB2;RNASEL;RPS3;SLFN13;ISG20;ZC3H12A;RAG1;DNA2;REXO2;POP5;BIVM;DNASE2;EXOSC1;PNKP;PIWIL2;SLFN11;SETMAR;RNASET2"
"GOMF_NUCLEASE_INHIBITOR_ACTIVITY",0.802161744836904,1,0.408349784309425,0.731503220326233,4155,6,"BRAT1;TMBIM6;RNH1;ABCE1;DFFA;UBE3D"
"GOMF_NUCLEIC_ACID_CONFORMATION_ISOMERASE_ACTIVITY",0.996594585390771,1,0.213970894358601,0.706127662488134,5852,156,"DDX3Y;DQX1;MOV10L1;DDX60"
"GOMF_NUCLEOBASE_CONTAINING_COMPOUND_KINASE_ACTIVITY",0.149955237242614,1,-0.436903826769115,-1.22166759410373,669,42,"CARD11;CASK;TJP2;CMPK2;UCK2;LRGUK;DLG2;NME3;NOL9;AK1"
"GOMF_NUCLEOBASE_CONTAINING_COMPOUND_TRANSMEMBRANE_TRANSPORTER_ACTIVITY",0.762317518248175,1,-0.29047125759434,-0.848514960355582,3341,53,"SLC28A2;SLC25A47;SLC17A9;ABCC4;SLC25A31;TMEM241;SLC29A1;SLC25A53;SLC25A23;SLC25A41;ABCC11;SLC25A51;SIDT1;SLC25A33;SLC25A16;SLC25A4"
"GOMF_NUCLEOBASE_TRANSMEMBRANE_TRANSPORTER_ACTIVITY",0.415488499683478,1,-0.545718795153898,-1.05955799070822,1968,8,"SLC28A2"
"GOMF_NUCLEOCYTOPLASMIC_CARRIER_ACTIVITY",0.952718676122931,1,0.255059099059538,0.665800662370733,5238,33,"CALR;TMCO6;SNUPN;NUTF2;KPNA1;NUP42;HIKESHI;XPO1;KPNA2;RANBP17;IPO8;KPNA5;EIF4ENIF1;RAN;IPO4;IPO9;RANBP6;NUP214;KPNA6;TNPO1;XPO6;KPNA3;IPO11;CSE1L;TNPO2;XPO4;KPNA4;XPO7;IPO7;IPO5;KPNB1;TNPO3;XPO5"
"GOMF_NUCLEOSIDE_DIPHOSPHATE_KINASE_ACTIVITY",0.980085653104925,1,-0.237355081739385,-0.551643544413512,4576,17,"CMPK2;NME3;AK1;NME5;AK7;AK4;NME1;CMPK1;AK5;NME7;NME2;NME6;DTYMK;NME9;AK8;AK9;NME4"
"GOMF_NUCLEOSIDE_DIPHOSPHATE_PHOSPHATASE_ACTIVITY",0.940922730682671,1,0.28049029502542,0.639073320293413,5016,17,"GBP1;ENTPD8;ENTPD3;ENTPD5"
"GOMF_NUCLEOSIDE_KINASE_ACTIVITY",0.962847004800668,1,-0.26856286330567,-0.50578284150468,4612,7,"UCK2;CMPK1;UCKL1;DCK;ADK;UCK1;TK2"
"GOMF_NUCLEOSIDE_TRANSMEMBRANE_TRANSPORTER_ACTIVITY",0.190774368607806,1,-0.679524395954726,-1.27974424917623,913,7,"SLC28A2"
"GOMF_NUCLEOSIDE_TRIPHOSPHATASE_REGULATOR_ACTIVITY",0.999685929648241,1,0.214299329688709,0.781833998756361,6365,490,"TBC1D3;TBC1D3H;PTGIR;KIAA1755;GCGR;STARD8;RHOD;P2RY12;FGD2;PDGFRB;LRRK2;RHOH;ARHGAP31;ALDH1A1;RASGRP3;TBC1D3D;ARHGAP10;ARHGAP40;ARHGDIB;ARHGAP29;RIN3;ARHGAP20;ARHGAP42;RGS5;DLC1;STARD13;ACAP1;RGS18;GPSM3;SYDE1;ARHGAP6;PREX1;JUN;ARAP3;ARHGAP28;DOCK1;ARAP1;BCAR3;PLCD4;SIPA1;ARHGEF5;TRAPPC3L;RGL1;NCKAP1L;DOCK5;RIN1;RAPGEF3;RCBTB2;ARHGEF19;AGAP11;DOCK10;ARHGEF17;NUCB1;ARHGEF16;DENND2B;AGAP4;LLGL2;RGS20;RAB3IL1;RGS10;TBC1D8B;ARHGEF10;SRGAP2;TBC1D2B;IQSEC2;PLEKHG2;ARHGEF39;ARHGAP23;IQGAP1;ARHGAP24;ARFGAP1;THG1L;SEC61B;ARHGAP19;ARHGAP30;RIC1;RABEP2;ARHGEF40;ELMOD3;ARHGEF28"
"GOMF_NUCLEOSIDE_TRIPHOSPHATE_DIPHOSPHATASE_ACTIVITY",0.685446906035141,1,0.415015074363542,0.838323865330779,3588,10,"ENPP3;NUDT1;ASMTL;DUT"
"GOMF_NUCLEOSOMAL_DNA_BINDING",0.706229860365199,1,0.310272410487504,0.87072249805096,3944,49,"H3C3;H1-3;H3C12;H1-2;H3C10;H3-5;H1-4;HMGA2;CENPA;SMARCD2;HMGN3"
"GOMF_NUCLEOSOME_ARRAY_SPACER_ACTIVITY",0.910635012545841,1,0.338447543334599,0.583771922123648,4717,5,"SMARCA2;SMARCAD1;SMARCA4;SMARCA1;SMARCA5"
"GOMF_NUCLEOSOME_BINDING",0.948528115635466,1,0.247315857821445,0.750629509946808,5380,81,"H3C3;H1-3;H3C12;H1-2;H3C10;H3-5"
"GOMF_NUCLEOTIDASE_ACTIVITY",0.828110339650966,1,0.339418779621842,0.740830302671019,4412,14,"NT5E;ACP3;NT5C;BPNT1"
"GOMF_NUCLEOTIDE_RECEPTOR_ACTIVITY",0.783387270765912,1,-0.332758673608382,-0.783967106432508,3630,18,"P2RY2;P2RY14;P2RY8;GPR34;P2RY6;P2RX2;PTAFR;P2RX5"
"GOMF_NUCLEOTIDE_TRANSMEMBRANE_TRANSPORTER_ACTIVITY",0.264276228419655,1,-0.431007490199573,-1.13413847271775,1193,31,"SLC25A47;SLC17A9;ABCC4;SLC25A31;SLC25A53;SLC25A23;SLC25A41;ABCC11;SLC25A51;SLC25A33;SLC25A4"
"GOMF_NUCLEOTIDYLTRANSFERASE_ACTIVITY",1,1,-0.15425870338421,-0.518790302430607,4143,143,"OASL;PARP15;TENT5D"
"GOMF_O_ACETYLTRANSFERASE_ACTIVITY",0.275888276648299,1,0.616716664102651,1.18531593283964,1451,8,"NAT2;LPCAT2"
"GOMF_O_ACYLTRANSFERASE_ACTIVITY",0.871987145152651,1,0.276924262923968,0.784333219330785,4883,52,"MOGAT2;NAT2;PLA2G4A;DGAT2L6;LCAT;GPAT3;PNPLA2;MBOAT1;LPCAT2;AGPAT2;AGPAT3;PRDX6;HHAT;PLA2G15"
"GOMF_O_METHYLTRANSFERASE_ACTIVITY",0.946848231934988,1,-0.264257233785712,-0.654578922279254,4310,23,"COMT;FBLL1;COMTD1;LCMT1;PCMTD2;FTSJ1;ARMT1;PCMT1;COQ3;BCDIN3D;CMTR1;PCMTD1;TRMT13;HENMT1;MRM2;FBL;ICMT;MRM3;FTSJ3;MRM1;CMTR2;MEPCE;ASMTL"
"GOMF_O_PALMITOYLTRANSFERASE_ACTIVITY",0.725990458411118,1,-0.466914889957688,-0.804030563254323,3499,5,"LRAT;CPT1B;CPT1C"
"GOMF_ODORANT_BINDING",0.384219554030875,1,-0.470102423421473,-1.0606724272799,1791,15,"OR12D2;OR8G5;OR5A1;OR10T2;OR8H1;OR13A1"
"GOMF_OLFACTORY_RECEPTOR_ACTIVITY",0.170270885499659,1,-0.395116937003967,-1.18600270542635,747,62,"OR12D2;OR2C3;OR8G5;OR2B3;OR6C3;OR8J2;OR5A1;OR52I2;OR51E2;OR10AD1;OR6A2;OR1D2;OR10T2;OR4D9;OR2T8;OR7C1;OR6C74;OR8H1;OR13A1;OR2AG2;OR51F1;OR2B6"
"GOMF_OLFACTORY_RECEPTOR_BINDING",0.415245531128005,1,-0.695982746646197,-1.08555531606537,2020,3,"RTP5;RTP1;REEP1"
"GOMF_OLIGOPEPTIDE_TRANSMEMBRANE_TRANSPORTER_ACTIVITY",0.972280998730427,1,-0.245534855838464,-0.536878434927722,4594,13,"SLC15A1;ABCC4"
"GOMF_OLIGOSACCHARIDE_BINDING",0.510122230710466,1,0.48187974994185,0.97338944908303,2670,10,"SELL;LGALS1;LOXL2;LGALS3;ITLN1"
"GOMF_OLIGOSACCHARYL_TRANSFERASE_ACTIVITY",0.534066782474426,1,0.567830378358618,0.979423363953612,2766,5,"OSTC;STT3A;RPN1;RPN2;STT3B"
"GOMF_OPIOID_RECEPTOR_BINDING",0.936735117195603,1,-0.31540512657362,-0.570099249119281,4515,6,"PNOC;GNAO1;PDYN"
"GOMF_OPSIN_BINDING",0.401056958308867,1,0.678334317320405,1.11026633428474,2048,4,"SAG;PRCD;IFT20"
"GOMF_OPSONIN_BINDING",0.780382595648912,1,0.344236549719584,0.784313748807978,4160,17,"CFH;CFHR5;MEGF10;PTX3;ITGAV;CD93;CALR;CFHR1"
"GOMF_OPSONIN_RECEPTOR_ACTIVITY",0.369425430408629,1,-0.651529562957566,-1.12193826487111,1780,5,"C5AR2"
"GOMF_ORGANIC_ACID_BINDING",0.183077182908293,1,0.338772445337774,1.12751156853272,1083,167,"SELL;PMP2;UGT2B7;SIGLEC14;ID3;MAG;DHFRP1;CYP26C1;PPARG;OXER1;FOLR1;UGT2B15;P4HA3;NR2F2;PLOD2;GSTA1;CYP26A1;FTCDNL1;RBP2;ALOX5AP;TNFRSF11B;CYP2W1;ACOX2;P4HA1;P3H2;SERPINA5;NR1H4;LCN12;FABP1;UCP1;P2RX1;SESN3;PTGDS;MDK;PLOD1;GRIN3B;P3H1;P3H3;P4HA2;CPS1;NOD2;SIGLEC10;PYGL;NOS3;CRABP2;FURIN;THNSL2;TYMS;NRTN;SRR;PLOD3;SIGLEC5;FABP5P3"
"GOMF_ORGANIC_ACID_SODIUM_SYMPORTER_ACTIVITY",0.615863141524106,1,-0.340964641742339,-0.903334787988518,2771,32,"SLC10A1;SLC6A14;SLC6A13;SLC6A7;SLC13A5;SLC10A4;SLC1A6;SLC6A6"
"GOMF_ORGANOPHOSPHATE_ESTER_TRANSMEMBRANE_TRANSPORTER_ACTIVITY",0.984800362976406,1,-0.226807742370848,-0.659025005464134,4340,51,"SLC25A47;SLC17A9;ABCC4;SLC25A31;SLC44A4;TMEM241;SLC25A53;SLC25A23;SLC25A41;ABCC11;SLC37A1;SLC25A51;MFSD2A;SLC25A33;SLC25A16;SLC25A4"
"GOMF_ORGANOPHOSPHATE_PHOSPHATE_ANTIPORTER_ACTIVITY",0.899059681443101,1,0.336151553254785,0.625204620738909,4684,7,"SLC37A2;SLC37A4;SLC25A25;SLC25A24"
"GOMF_ORNITHINE_DECARBOXYLASE_REGULATOR_ACTIVITY",0.616262186268409,1,-0.525973313836593,-0.905729564159116,2970,5,"AZIN2;AZIN1;OAZ3;OAZ2;OAZ1"
"GOMF_OSMOSENSOR_ACTIVITY",0.737670312799847,1,0.425517515524808,0.791415402771648,3843,7,"TRPV4;TMEM63A;TMEM63C"
"GOMF_OUTWARD_RECTIFIER_POTASSIUM_CHANNEL_ACTIVITY",0.977049180327869,1,-0.237289968296373,-0.583297072998281,4469,22,"KCNK10;KCNQ1;KCNA5;KCNIP2;KCND1;KCNT1;KCNA2"
"GOMF_OXALATE_TRANSMEMBRANE_TRANSPORTER_ACTIVITY",0.933628318584071,1,-0.29523993907098,-0.590193003058809,4430,9,"SLC26A3;SLC26A8;SLC26A1"
"GOMF_OXIDATIVE_PHOSPHORYLATION_UNCOUPLER_ACTIVITY",0.961626218626841,1,-0.296400072794252,-0.510402907688339,4635,5,"UCP2;SLC25A4;UCP3"
"GOMF_OXIDATIVE_RNA_DEMETHYLASE_ACTIVITY",0.918107543226297,1,0.317746417081018,0.610701660408108,4831,8,"ALKBH7;METTL3;ALKBH1;METTL4;ALKBH3;ALKBH5;JMJD6;FTO"
"GOMF_OXIDIZED_DNA_BINDING",0.951228805486759,1,0.288200665472229,0.594472272284632,4992,11,"RPS3;MUTYH;MSH3;XRCC1;WRN;POT1;MSH6;RECQL4;OGG1;MSH2"
"GOMF_OXIDOREDUCTASE_ACTIVITY",0.593607305936073,1,0.261001941017143,0.968383841880015,3899,633,"KDM5D;UTY;FMO1;BCO1;BBOX1;CYP19A1;DHRS4L1;AKR1B10;ALDH1A3;CRYM;DHRS3;NOX5;CLIC6;MTCO2P12;DHFRP1;STAB2;SOD3;CYP26C1;DHRS9;HSD17B2;AKR1D1;ALDH1A1;LOX;HBA1;HAAO;TYRP1;CYP2J2;CYP21A2;KMO;PYROXD2;FMO2;LOXL2;CYBRD1;HSD17B6;BLVRB;NCF2;MOXD1;P4HA3;ALDH3B1;ALOX15;EPX;PLOD2;CLIC2;HPD;RPE65;ACADL;GSTA1;CYP26A1;GPX7;SDR9C7;HEPHL1;PTGS2;FMO4;GPX8;ALOX5AP;NQO1;ADH4;CYP2W1;AKR1E2;OSGIN1;AIFM3;LOXL4;ACOX2;UQCRFS1P1;P4HA1;P3H2;NLRP11;FAXDC2;CYP27B1;ADH1B;CP;CYP4Z2P;BDH2;HSD17B14;AKR1B15;CYBA;SUMF1;LOXL3;SELENOM;NOX4;DECR1;RNLS;DIO2;HEPH;CYP1A1;PDIA5;DPYD;SDR42E2;SQOR;SESN3;CYP27A1;LOXL1;PHYHD1;TECRL;ALDH1L1;PLOD1;P3H1;P3H3;MSRB3;CYP7B1;ALDH1A2;P4HA2;CRYZ;SELENBP1;P4HB;H6PD;PTGR1;NOXRED1;HSD17B8;MTARC2;GSTK1;CYP17A1;DHRSX;NOS3"
"GOMF_OXIDOREDUCTASE_ACTIVITY_ACTING_ON_A_SULFUR_GROUP_OF_DONORS",0.999114103472714,1,0.193860409996064,0.558597579511116,5638,57,"STAB2;SUMF1;PDIA5;SQOR;MSRB3;SELENBP1;P4HB;PDIA4;PDIA6;PDIA3;TXNRD3;TXN2;MSRA;CCS;TXNDC5;TMX3;GSTO1;TXNDC12"
"GOMF_OXIDOREDUCTASE_ACTIVITY_ACTING_ON_A_SULFUR_GROUP_OF_DONORS_DISULFIDE_AS_ACCEPTOR",0.407290349768226,1,-0.531558954875446,-1.06260141113671,1932,9,"CLIC3;IFI30"
"GOMF_OXIDOREDUCTASE_ACTIVITY_ACTING_ON_A_SULFUR_GROUP_OF_DONORS_NAD_P_AS_ACCEPTOR",0.662318535661687,1,-0.407723957943782,-0.855054471953867,3147,11,"TXNRD2;TXNDC2;PGK1"
"GOMF_OXIDOREDUCTASE_ACTIVITY_ACTING_ON_A_SULFUR_GROUP_OF_DONORS_OXYGEN_AS_ACCEPTOR",0.242712897694799,1,0.58167915162808,1.19983111920421,1273,11,"SUMF1;SELENBP1;P4HB;ERO1B;SUOX"
"GOMF_OXIDOREDUCTASE_ACTIVITY_ACTING_ON_CH_OH_GROUP_OF_DONORS",0.998105163429654,1,-0.205273284217651,-0.679977156546209,4213,124,"LIPF;RDH8;HSD17B3;SDR42E1;RDH12;DHDH;AKR1C4;LDHD;RDH16;CYP4F3;DHRS2;HPGD;ABCC4;KCNAB1;GPD1;GPD1L;AKR1C3"
"GOMF_OXIDOREDUCTASE_ACTIVITY_ACTING_ON_CH_OR_CH2_GROUPS",0.925418569254186,1,0.313879724001441,0.617635825278406,4863,9,"ACOX2;VKORC1;RRM2;COX15"
"GOMF_OXIDOREDUCTASE_ACTIVITY_ACTING_ON_CH_OR_CH2_GROUPS_DISULFIDE_AS_ACCEPTOR",0.912758154796371,1,0.337269237799305,0.58173951946411,4728,5,"VKORC1;RRM2;RRM2B"
"GOMF_OXIDOREDUCTASE_ACTIVITY_ACTING_ON_METAL_IONS",0.754126031507877,1,0.352059509973734,0.802137699485808,4020,17,"CYBRD1;HEPHL1;CP;HEPH;STEAP1;CYB561D2"
"GOMF_OXIDOREDUCTASE_ACTIVITY_ACTING_ON_METAL_IONS_NAD_OR_NADP_AS_ACCEPTOR",0.87658162207011,1,-0.365519505334425,-0.660681701002621,4225,6,"STEAP2;STEAP3;STEAP4"
"GOMF_OXIDOREDUCTASE_ACTIVITY_ACTING_ON_METAL_IONS_OXYGEN_AS_ACCEPTOR",0.689635205558772,1,0.465323476294759,0.833563857462672,3572,6,"HEPHL1;CP;HEPH"
"GOMF_OXIDOREDUCTASE_ACTIVITY_ACTING_ON_NAD_P_H",0.769886363636364,1,0.291734824083219,0.844941463791608,4335,59,"NOX5;KMO;NCF2;NQO1;ADH4;AIFM3;CYBA;NOX4;RNLS;CRYZ;NOS3;CYB5RL;NCF1;MICAL2;RTN4IP1;DHRS4"
"GOMF_OXIDOREDUCTASE_ACTIVITY_ACTING_ON_NAD_P_H_HEME_PROTEIN_AS_ACCEPTOR",0.279411764705882,1,0.580491735748452,1.17258409577415,1462,10,"NQO1;CYB5RL;CYB5R4;NDOR1;MTRR;AMBP;CYB5R2"
"GOMF_OXIDOREDUCTASE_ACTIVITY_ACTING_ON_NAD_P_H_OXYGEN_AS_ACCEPTOR",0.411665416354089,1,0.454617394164559,1.03580713024511,2194,17,"NOX5;KMO;NCF2;CYBA;NOX4;NOS3;NCF1;MICAL2"
"GOMF_OXIDOREDUCTASE_ACTIVITY_ACTING_ON_NAD_P_H_QUINONE_OR_SIMILAR_COMPOUND_AS_ACCEPTOR",0.920365535248042,1,-0.279036367889646,-0.672228433834494,4229,20,"AKR1C4;VAT1L;AKR1C3;AKR1C2;NQO2"
"GOMF_OXIDOREDUCTASE_ACTIVITY_ACTING_ON_OTHER_NITROGENOUS_COMPOUNDS_AS_DONORS",0.249047820567076,1,-0.543381048025977,-1.18813911628701,1176,13,"NGB;ENSG00000274276;NQO2;CBS;GMPR;GPHN;MTARC1"
"GOMF_OXIDOREDUCTASE_ACTIVITY_ACTING_ON_OTHER_NITROGENOUS_COMPOUNDS_AS_DONORS_CYTOCHROME_AS_ACCEPTOR",0.426467537855217,1,-0.623151485580239,-1.07307102583353,2055,5,"ENSG00000274276;CBS;MTARC1"
"GOMF_OXIDOREDUCTASE_ACTIVITY_ACTING_ON_PAIRED_DONORS_WITH_INCORPORATION_OR_REDUCTION_OF_MOLECULAR_OXYGEN",0.340882203819503,1,0.313655284665695,1.0424381797475,2016,165,"KDM5D;UTY;FMO1;BBOX1;CYP19A1;CYP26C1;AKR1D1;TYRP1;CYP2J2;CYP21A2;KMO;FMO2;MOXD1;P4HA3;PLOD2;CYP26A1;PTGS2;FMO4;CYP2W1;P4HA1;P3H2;NLRP11;FAXDC2;CYP27B1;CYP4Z2P"
"GOMF_OXIDOREDUCTASE_ACTIVITY_ACTING_ON_PAIRED_DONORS_WITH_INCORPORATION_OR_REDUCTION_OF_MOLECULAR_OXYGEN_ANOTHER_COMPOUND_AS_ONE_DONOR_AND_INCORPORATION_OF_ONE_ATOM_OF_OXYGEN",0.906942392909897,1,-0.324237090808223,-0.629533018654701,4297,8,"FA2H;CH25H"
"GOMF_OXIDOREDUCTASE_ACTIVITY_ACTING_ON_PAIRED_DONORS_WITH_INCORPORATION_OR_REDUCTION_OF_MOLECULAR_OXYGEN_NAD_P_H_AS_ONE_DONOR_AND_INCORPORATION_OF_ONE_ATOM_OF_OXYGEN",0.571845368344274,1,0.359806344378759,0.92731454132632,3135,31,"FMO1;AKR1D1;KMO;FMO2;CYP26A1;FMO4;CYP27B1;CYP1A1"
"GOMF_OXIDOREDUCTASE_ACTIVITY_ACTING_ON_PAIRED_DONORS_WITH_INCORPORATION_OR_REDUCTION_OF_MOLECULAR_OXYGEN_REDUCED_ASCORBATE_AS_ONE_DONOR_AND_INCORPORATION_OF_ONE_ATOM_OF_OXYGEN",0.44157369348209,1,0.658532695847748,1.07785595326173,2255,4,"MOXD1;NLRP11"
"GOMF_OXIDOREDUCTASE_ACTIVITY_ACTING_ON_PAIRED_DONORS_WITH_INCORPORATION_OR_REDUCTION_OF_MOLECULAR_OXYGEN_REDUCED_FLAVIN_OR_FLAVOPROTEIN_AS_ONE_DONOR_AND_INCORPORATION_OF_ONE_ATOM_OF_OXYGEN",0.694389438943894,1,-0.328763877587612,-0.860908422108122,3155,30,"CYP4Z1;CYP2B6;CYP2S1;CYP2C18;CYP4F3;CYP1B1;CYP2A13"
"GOMF_OXIDOREDUCTASE_ACTIVITY_ACTING_ON_PAIRED_DONORS_WITH_INCORPORATION_OR_REDUCTION_OF_MOLECULAR_OXYGEN_REDUCED_IRON_SULFUR_PROTEIN_AS_ONE_DONOR_AND_INCORPORATION_OF_ONE_ATOM_OF_OXYGEN",0.637907739818568,1,0.511303740823625,0.881923280130086,3304,5,"CYP27A1;COQ6"
"GOMF_OXIDOREDUCTASE_ACTIVITY_ACTING_ON_PAIRED_DONORS_WITH_OXIDATION_OF_A_PAIR_OF_DONORS_RESULTING_IN_THE_REDUCTION_OF_MOLECULAR_OXYGEN_TO_TWO_MOLECULES_OF_WATER",0.360260176248426,1,-0.535318747802387,-1.09417310062648,1716,10,"DEGS2;FADS6;FADS3;SCD5;FADS1;SCD"
"GOMF_OXIDOREDUCTASE_ACTIVITY_ACTING_ON_PEROXIDE_AS_ACCEPTOR",0.528673835125448,1,0.34570879939772,0.959551863579215,2949,46,"HBA1;EPX;CLIC2;GSTA1;GPX7;PTGS2;GPX8;ALOX5AP;CP;SESN3;GSTK1;MGST2;PRDX6;PXDN;GSTZ1;GSTP1"
"GOMF_OXIDOREDUCTASE_ACTIVITY_ACTING_ON_SINGLE_DONORS_WITH_INCORPORATION_OF_MOLECULAR_OXYGEN",0.332021857923497,1,-0.443439636426586,-1.0900462579016,1518,22,"IDO1;ALOX12B;ALOX15B;ALOXE3;TDO2;ALOX5;PTGS1"
"GOMF_OXIDOREDUCTASE_ACTIVITY_ACTING_ON_THE_ALDEHYDE_OR_OXO_GROUP_OF_DONORS",0.279401022644266,1,0.424660636517931,1.12359950501699,1529,36,"AKR1B10;ALDH1A3;ALDH1A1;ALDH3B1;ADH4;ALDH1L1;ALDH1A2"
"GOMF_OXIDOREDUCTASE_ACTIVITY_ACTING_ON_THE_ALDEHYDE_OR_OXO_GROUP_OF_DONORS_DISULFIDE_AS_ACCEPTOR",0.58609893550407,1,-0.488541660799821,-0.920067601124403,2807,7,"PDHA1;OGDHL;BCKDHB;OGDH;DHTKD1;BCKDHA"
"GOMF_OXIDOREDUCTASE_ACTIVITY_ACTING_ON_THE_ALDEHYDE_OR_OXO_GROUP_OF_DONORS_NAD_OR_NADP_AS_ACCEPTOR",0.238296309895355,1,0.46285896675928,1.16959184211396,1297,28,"AKR1B10;ALDH1A3;ALDH1A1;ALDH3B1;ADH4;ALDH1L1;ALDH1A2"
"GOMF_OXIDOREDUCTASE_ACTIVITY_ACTING_ON_THE_CH_CH_GROUP_OF_DONORS",0.928877005347594,1,0.258849810722334,0.752855009264334,5210,61,"AKR1D1;BLVRB;ACADL;ACOX2;BDH2;DECR1;DPYD;TECRL;PTGR1;DHRSX"
"GOMF_OXIDOREDUCTASE_ACTIVITY_ACTING_ON_THE_CH_CH_GROUP_OF_DONORS_NAD_OR_NADP_AS_ACCEPTOR",0.908330301927974,1,0.276525559806104,0.725682848397812,4993,34,"AKR1D1;BLVRB;BDH2;DECR1;DPYD;TECRL;PTGR1;DHRSX"
"GOMF_OXIDOREDUCTASE_ACTIVITY_ACTING_ON_THE_CH_CH_GROUP_OF_DONORS_OXYGEN_AS_ACCEPTOR",0.8087899543379,1,0.379664412494273,0.747083436133853,4250,9,"ACOX2;PPOX;RSAD1;CPOX"
"GOMF_OXIDOREDUCTASE_ACTIVITY_ACTING_ON_THE_CH_CH_GROUP_OF_DONORS_QUINONE_OR_RELATED_COMPOUND_AS_ACCEPTOR",0.849063887280448,1,0.390678121001645,0.673861938490456,4398,5,"SDHC;SDHD;SDHA"
"GOMF_OXIDOREDUCTASE_ACTIVITY_ACTING_ON_THE_CH_CH_GROUP_OF_DONORS_WITH_A_FLAVIN_AS_ACCEPTOR",0.834160305343511,1,0.348811489346714,0.733803259694614,4370,12,"ACADL;ACAD10;ACAD9;TECR;ACADVL"
"GOMF_OXIDOREDUCTASE_ACTIVITY_ACTING_ON_THE_CH_NH2_GROUP_OF_DONORS",0.799515558039873,1,0.332616831863876,0.768271504245112,4290,18,"LOX;LOXL2;LOXL4;LOXL3;RNLS;LOXL1;AOC3;GLUD2"
"GOMF_OXIDOREDUCTASE_ACTIVITY_ACTING_ON_THE_CH_NH2_GROUP_OF_DONORS_OXYGEN_AS_ACCEPTOR",0.731281666353913,1,0.37140584695949,0.810646677603807,3896,14,"LOX;LOXL2;LOXL4;LOXL3;RNLS;LOXL1"
"GOMF_OXIDOREDUCTION_DRIVEN_ACTIVE_TRANSMEMBRANE_TRANSPORTER_ACTIVITY",0.151272468410749,1,0.409182460294489,1.20354881639989,849,66,"MTCO2P12;CYBRD1;UQCRFS1P1;MT-CO2;CYB561D2;MT-CYB;SURF1;MT-ND4L;MT-ND4;COX4I1;NDUFA10;NDUFV3;NDUFC1;MT-CO3;NDUFB5;NDUFA9;CYC1;NDUFB6;NDUFB4;NDUFA8;NDUFS4;NDUFV2;MT-ND3;NDUFB7;COX6B1;NDUFC2;NDUFS3;NDUFS8;COX8A;NDUFB9;COX7A1;MT-CO1;NDUFB10;COX7A2L;MT-ND2;NNT;CYB561A3;NDUFA2;COX5B;MT-ND6;MT-ND5;MT-ND1;UQCRH"
"GOMF_OXO_ACID_LYASE_ACTIVITY",0.759739013625024,1,0.4162033027843,0.774091999718689,3958,7,"NPL;HOGA1;CLYBL;TYW1;HMGCL"
"GOMF_OXYGEN_BINDING",0.594943716552869,1,0.381012827685506,0.907867819420211,3223,21,"ADGB;CYP19A1;HBE1;HBA1;CYP26A1;CYP1A1"
"GOMF_OXYGEN_CARRIER_ACTIVITY",0.762557077625571,1,0.397692768896163,0.782558676913164,4007,9,"HBE1;HBA1"
"GOMF_OXYGEN_SENSOR_ACTIVITY",0.426172553561089,1,0.627465893024258,1.08228580071468,2207,5,"NOX4;PARK7;HIF1AN"
"GOMF_OXYSTEROL_BINDING",0.631421232876712,1,-0.383587816857801,-0.880155728685165,2949,16,"RORC"
"GOMF_P_TYPE_CALCIUM_TRANSPORTER_ACTIVITY",0.593341761483354,1,-0.453018476806507,-0.9055967702367,2815,9,"ATP2A3;ATP2B2;ATP2C2"
"GOMF_P_TYPE_POTASSIUM_TRANSMEMBRANE_TRANSPORTER_ACTIVITY",0.622625756627009,1,-0.469488820915122,-0.884185501205589,2982,7,"ATP4A;ATP12A"
"GOMF_P_TYPE_TRANSMEMBRANE_TRANSPORTER_ACTIVITY",0.643637953651071,1,-0.350996821411784,-0.878624119890034,2943,24,"ATP4A;ATP12A;ATP2A3;ATP13A5;ATP2B2;ATP2C2"
"GOMF_P53_BINDING",0.256687333923826,1,0.372960011800269,1.11098266375426,1448,71,"MSX1;TRIM29;CDKN2A;GATA1;POU4F2;ANKRD1;TP73;BCL2L12"
"GOMF_PALMITOYL_HYDROLASE_ACTIVITY",0.982390408392656,1,0.23730115194734,0.526713976657394,5243,15,"CLN5;ABHD17A;LYPLAL1;PPT1;ABHD12;DESI2;PPT2;ABHD17B;ABHD13;ABHD10;CPT1C;LYPLA2;LYPLA1;ABHD17C;DESI1"
"GOMF_PALMITOYLTRANSFERASE_ACTIVITY",0.953580901856764,1,-0.251915528083952,-0.687268153673583,4313,37,"ZDHHC19;ZDHHC23;LRAT;SPTSSB;ZDHHC2;ZDHHC15;ZDHHC11;ZDHHC14"
"GOMF_PARACELLULAR_TIGHT_JUNCTION_CHANNEL_ACTIVITY",0.729781895386991,1,0.462087085282556,0.797031833371076,3780,5,"CLDN16;CLDN19;CLDN15"
"GOMF_PASSIVE_TRANSMEMBRANE_TRANSPORTER_ACTIVITY",0.948142292490119,1,0.237793780733921,0.865146344578521,5996,469,"STING1;CHRNG;TMC1;CLCA2;GJB3;GJB2;FXYD3;NOX5;TRPV4;CLIC6;KCNJ15;RHBG;KCNMB1;GJA5;P2RX7;RHAG;AQP7;TMC8;CALHM4;FXYD1;GJA3;OTOP1;CHRNB3;SLC24A4;GJB1;TRPM3;AQP6;KCNA7;CNGB3;SLC1A7;SLC24A1;PIEZO2;PKD2L2;KCNK5;CACNA1G;ABCC9;CLIC2;KCNE5;SLC26A7;TMC6;SCN10A;OCA2;HVCN1;GJA1;SCN1A;SCN4B;TMBIM1;TMEM37;CALHM5;GJA4;GJC3;ITPR3;GJA8;KCNK13;AQP4;ANO9;PKD1L2;TMC3;KCNE2;TTYH2;CACNA1S;KCNJ2;TMEM63A;TMC2;PKDREJ;ANXA6;SLC6A4;SCNN1B;GABRE;TMEM109;MIP;MCOLN3"
"GOMF_PATCHED_BINDING",0.709291278738362,1,0.428093748034265,0.822786815777676,3732,8,"DHH;CAV1;SHH;SMO"
"GOMF_PATTERN_RECOGNITION_RECEPTOR_ACTIVITY",0.56646030589949,1,0.353939623865858,0.932707087350228,3110,35,"TLR3;CLEC7A;COLEC12;MBL2;NLRP6;CLEC4M;TLR4;TLR2;TRIM5;NOD1"
"GOMF_PDZ_DOMAIN_BINDING",0.372093023255814,1,0.342292776317144,1.03732242367741,2111,80,"SNTB1;CLDN16;ADRB1;ARHGAP29;LPAR1;TGFBR3;GPR37;SDC2;GNG12;FZD1;CRIM1;GRID2;TAMALIN;PLEKHA2;GNG5;GRIK2;SSTR2;TMEM88;SHISA9;ARHGEF16;NHERF1;NKD1;LLGL2;SRR;SNTA1;FZD4;CFTR"
"GOMF_PENTOSYLTRANSFERASE_ACTIVITY",0.873379506304386,1,0.274733566181185,0.784752851086163,4917,54,"ART3;GXYLT2;POGLUT3;PARP14;GXYLT1;ART4;QPRT;RXYLT1;POGLUT2;QTRT2;SIRT3;XXYLT1;ART5;XYLT2;TIPARP;LARGE1;SIRT6;ARF4"
"GOMF_PEPTIDASE_ACTIVATOR_ACTIVITY",0.74680170575693,1,0.296755693948612,0.856641885736916,4202,58,"FN1;MAL;PCOLCE;NGF;NLRC4;SFRP2;CAV1;CTSC;NOD1;FBLN1;PCOLCE2"
"GOMF_PEPTIDASE_ACTIVATOR_ACTIVITY_INVOLVED_IN_APOPTOTIC_PROCESS",0.237943328954776,1,0.547022651941688,1.1939556121714,1267,14,"MAL;NGF;CTSC;NOD1;CTSH;NLRP1"
"GOMF_PEPTIDASE_INHIBITOR_ACTIVITY",0.321162623108335,1,-0.319934111997465,-1.05045426932999,1336,118,"NLRP7;A2ML1;SERPINA4;EPPIN;SLPI;CST1;PZP;ITIH6;UMODL1;LTF;HRG;KNG1;SERPINA6;ITIH2;C3;SPINT1;SERPINF2;MANSC4;BIRC7;SERPINE3;COL7A1;BST2"
"GOMF_PEPTIDASE_REGULATOR_ACTIVITY",0.417225117895259,1,-0.292561326169933,-1.00799713311254,1680,174,"NLRP7;NLRP12;A2ML1;SERPINA4;EPPIN;SLPI;CST1;PZP;ITIH6;UMODL1;PYCARD;LTF;HRG;KNG1;SERPINA6;ITIH2;C3;SPINT1;SERPINF2"
"GOMF_PEPTIDE_ANTIGEN_BINDING",0.517157941047074,1,-0.370200911476408,-0.961536150962757,2350,29,"HLA-DQB1;HLA-DRA;HLA-H;HLA-DOB;HLA-DOA;CD209;HLA-F"
"GOMF_PEPTIDE_BINDING",0.994534161490683,1,-0.218961291282809,-0.765581573402068,4002,200,"ITGAM;FPR2;HLA-DQB1;HLA-DRA;HLA-H;C1QA;BDKRB1;GPR149;HLA-DOB;NPBWR2;GRPR;FZD5;NMUR1;HLA-DOA;SSTR5;NPAP1;ADRB2;ITGA2;GRIN2B;SSTR3;TMEM158;CD209;GALR1;HLA-F;GRIN1;GRIA1;GRIA3"
"GOMF_PEPTIDE_HORMONE_BINDING",0.199170872386446,1,0.428581519208866,1.17988852042281,1104,44,"INHBA;NPR3;GCGR;AVPR1A;PTH1R;EDNRB;GHR;CALCR;CMKLR2;CMKLR1;VIPR1;SLC40A1;SCTR;PRLR;LEPR;GALR3;ECE1;CCKAR"
"GOMF_PEPTIDE_RECEPTOR_ACTIVITY",0.489031950405341,1,-0.300898804133972,-0.980810462258904,2050,110,"NPSR1;MLNR;FPR2;PTH2R;MCHR2;MRGPRD;NTSR2;BDKRB1;GUCY2D;NPBWR2;NPY2R;GRPR;NMUR1;GAL;GPR143;GPRC6A;SSTR5;F2RL3;SSTR3;GALR1;NPR1;NMBR;F2RL1;GLP1R;CRHR2"
"GOMF_PEPTIDE_TRANSMEMBRANE_TRANSPORTER_ACTIVITY",0.930912126904613,1,-0.307113516880534,-0.578385057860874,4459,7,"SLC15A1"
"GOMF_PEPTIDE_YY_RECEPTOR_ACTIVITY",0.735566057119375,1,-0.524494141301936,-0.818076893542441,3579,3,"NPY2R"
"GOMF_PEPTIDOGLYCAN_BINDING",0.831654949648489,1,0.373200155969504,0.717282533061666,4376,8,"TREM2;TLR2;NOD1;NOD2"
"GOMF_PEPTIDOGLYCAN_IMMUNE_RECEPTOR_ACTIVITY",0.214968476713443,1,-0.843568176361246,-1.22062440882307,1056,2,"PGLYRP2"
"GOMF_PEPTIDOGLYCAN_MURALYTIC_ACTIVITY",0.555071561916615,1,-0.556979548126441,-0.959122506977285,2675,5,"PGLYRP2;LYZL4"
"GOMF_PEPTIDYL_PROLINE_4_DIOXYGENASE_ACTIVITY",0.169105073152195,1,0.675671848728641,1.29862650757879,889,8,"P4HA3;P4HA1;P4HA2;P4HB"
"GOMF_PEPTIDYL_TRNA_HYDROLASE_ACTIVITY",0.842694460528855,1,0.3850259559845,0.68972174722255,4365,6,"PTRH1;PTRHD1;MRPL58;PTRH2"
"GOMF_PEROXIREDOXIN_ACTIVITY",0.926657799733992,1,0.309812810763381,0.595453442676137,4876,8,"PRDX6;SELENOF;PARK7;PRDX3"
"GOMF_PEROXISOME_PROLIFERATOR_ACTIVATED_RECEPTOR_BINDING",0.874420564686051,1,-0.338269167489306,-0.676209649788333,4149,9,"HMGA1;NR0B2;ASXL3;MED1;ASXL2;TACC1;PRMT2;DUT;ASXL1"
"GOMF_PEROXISOME_TARGETING_SEQUENCE_BINDING",0.787595934453433,1,-0.433043733066936,-0.745704204556671,3796,5,"PEX5L;PEX5;PEX7"
"GOMF_PH_DOMAIN_BINDING",0.997313375551718,1,0.20505077080519,0.381371700211398,5196,7,"EPB41L2;LONP1;LSM4"
"GOMF_PH_GATED_MONOATOMIC_ION_CHANNEL_ACTIVITY",0.56003376239713,1,-0.482501559470019,-0.936816520533185,2653,8,"PKD1L3;ASIC2;ASIC3"
"GOMF_PHEROMONE_BINDING",0.456987075928918,1,-0.763405095215468,-1.02547713011826,2262,1,"VN1R1"
"GOMF_PHOSPHATASE_ACTIVATOR_ACTIVITY",0.450156049201395,1,0.397973082470979,1.00563260964344,2451,28,"PLEK;ITGA1;IGFBP3;BMP2;VCAN"
"GOMF_PHOSPHATASE_BINDING",0.999832439678284,1,0.191526460586128,0.645645830619914,5966,188,"CLEC12B;MYOZ2;NFATC2;ITGA1;SPHK1;GHR;NFATC1;SYK;PTPRT;PPP1R3G;CTSC;LGALS3;FOXO1;STAT6;CDH5;SLC6A3;IKBKE;PPP1R36;SYTL2;EGFR;SH3RF2;SMAD3;SKAP1"
"GOMF_PHOSPHATASE_INHIBITOR_ACTIVITY",1,1,0.166711995469334,0.478962819913768,5648,56,"PTN;SAG;LGALS3;PPP1R36;SH3RF2;PHACTR2;HSP90B1;PPP1R14C;PPP1R14A;CTNND1"
"GOMF_PHOSPHATASE_REGULATOR_ACTIVITY",1,1,0.180409298856038,0.576904294882238,5828,119,"PLEK;ITGA1;IGFBP3;BMP2;PTN;SAG;LGALS3;PPP1R36;SH3RF2;ZEB2;PHACTR2;VCAN;PPP2R3B;HSP90B1;PPP1R14C;PPP1R14A;B3GAT3;CTNND1"
"GOMF_PHOSPHATE_ION_BINDING",0.952540949181016,1,-0.272828416268099,-0.584407641917426,4535,12,"SLC34A2;PNP;STAT5A;PDE2A"
"GOMF_PHOSPHATE_TRANSMEMBRANE_TRANSPORTER_ACTIVITY",0.698668994108662,1,-0.344981865431038,-0.840059240462533,3201,21,"SLC17A2;UCP2;SLC34A3;SLC34A2;SLC25A23;SLC17A7;SLC37A1;SLC17A6"
"GOMF_PHOSPHATIDATE_PHOSPHATASE_ACTIVITY",0.941827735034716,1,0.288305419439772,0.629268042809016,5018,14,"PLPP3;LPIN2;PLPP4;PLPP6;PLPP2;PLPPR4;PLPP5;PLPPR3;PLPPR5;LPIN3;PLPP1;LPIN1;PLPPR2;PLPPR1"
"GOMF_PHOSPHATIDIC_ACID_BINDING",0.973873045078197,1,0.240931610404709,0.599085595353288,5292,26,"CIDEA;JPH2;CIDEC;PLTP"
"GOMF_PHOSPHATIDIC_ACID_TRANSFER_ACTIVITY",0.994781882696723,1,-0.218349152786406,-0.411215659444141,4765,7,"PRELID2;PRELID3A;PITPNC1"
"GOMF_PHOSPHATIDYLCHOLINE_BINDING",0.722324383964693,1,0.334586313382476,0.839296040476032,3927,27,"APOA4;RPE65;SERPINA5;PLTP"
"GOMF_PHOSPHATIDYLCHOLINE_FLIPPASE_ACTIVITY",0.287782281412855,1,0.693843650594252,1.19677760863596,1490,5,"ATP10B;ATP10A"
"GOMF_PHOSPHATIDYLCHOLINE_FLOPPASE_ACTIVITY",0.260117803534106,1,0.624624959257579,1.20051550307076,1368,8,"ABCB4;ATP10A;ABCB1;ABCG1;ABCA1"
"GOMF_PHOSPHATIDYLCHOLINE_TRANSFER_ACTIVITY",0.967230223335421,1,-0.26397011351143,-0.497133343161319,4633,7,"MTTP"
"GOMF_PHOSPHATIDYLCHOLINE_TRANSPORTER_ACTIVITY",0.555863854975953,1,0.395350511139335,0.932004109786299,3004,20,"ATP10B;ABCB4;ATP10A;ABCB1;PLTP"
"GOMF_PHOSPHATIDYLETHANOLAMINE_FLIPPASE_ACTIVITY",0.545261532522679,1,0.562435391725888,0.970117810468455,2824,5,"ABCA4;ABCB1"
"GOMF_PHOSPHATIDYLGLYCEROL_BINDING",0.937767840506801,1,0.276629294729026,0.638952644665648,5032,18,"MME;RPE65;UCP1;PLTP;SPATA18;GSDMB;NME4"
"GOMF_PHOSPHATIDYLINOSITOL_3_4_5_TRISPHOSPHATE_3_PHOSPHATASE_ACTIVITY",0.20763327110558,1,-0.730568149122853,-1.25804323886125,1000,5,"PTPRQ"
"GOMF_PHOSPHATIDYLINOSITOL_3_4_5_TRISPHOSPHATE_5_PHOSPHATASE_ACTIVITY",0.534289934585356,1,-0.494342140851939,-0.959805984574471,2531,8,"PTPRQ;OCRL"
"GOMF_PHOSPHATIDYLINOSITOL_3_4_5_TRISPHOSPHATE_BINDING",0.882182869533791,1,0.279220586727489,0.756463968511058,4881,40,"ANXA8;DAPP1;JPH2;ARAP3;ARAP1;PHLDA3;FERMT2;BTK;PIRT;IQGAP1;ARHGAP9;ZFYVE16;FUNDC2;MAPKAP1;PARD3;NRGN"
"GOMF_PHOSPHATIDYLINOSITOL_3_5_BISPHOSPHATE_3_PHOSPHATASE_ACTIVITY",0.407811843763125,1,-0.487624735961447,-1.04450858155407,1941,12,"PTPRQ;MTMR1;MTMR7;MTMR6;MTMR4;MTM1;SYNJ1"
"GOMF_PHOSPHATIDYLINOSITOL_3_5_BISPHOSPHATE_5_PHOSPHATASE_ACTIVITY",0.509079524107702,1,-0.524269424888091,-0.987353486517302,2438,7,"PTPRQ;OCRL"
"GOMF_PHOSPHATIDYLINOSITOL_3_5_BISPHOSPHATE_BINDING",0.875711400771067,1,0.292679081819134,0.739566673731723,4769,28,"PLEK2;PLEKHA4;JPH2;WIPI1;PHLDA3"
"GOMF_PHOSPHATIDYLINOSITOL_3_5_BISPHOSPHATE_PHOSPHATASE_ACTIVITY",0.348672945205479,1,-0.473687266067083,-1.08689208184292,1628,16,"PTPRQ;OCRL;MTMR1;MTMR7;MTMR6;MTMR4;MTM1;SYNJ1"
"GOMF_PHOSPHATIDYLINOSITOL_3_KINASE_ACTIVATOR_ACTIVITY",0.652055938217491,1,-0.455468776877658,-0.857781635741813,3123,7,"FLT3;AGAP2;IRS2;PRKD1"
"GOMF_PHOSPHATIDYLINOSITOL_3_KINASE_BINDING",0.437909925666812,1,-0.403167370152323,-1.00921875686414,2002,24,"LCK;PIK3AP1"
"GOMF_PHOSPHATIDYLINOSITOL_3_KINASE_INHIBITOR_ACTIVITY",0.873536749184418,1,0.354776833021987,0.659845576165892,4551,7,"WDR81;PIK3IP1;TRIM27;WDR91"
"GOMF_PHOSPHATIDYLINOSITOL_3_KINASE_REGULATOR_ACTIVITY",0.908447684391081,1,-0.298867060039457,-0.67432124195167,4236,15,"FLT3;AGAP2;IRS2;KLF4;RUBCN;PRKD1"
"GOMF_PHOSPHATIDYLINOSITOL_3_KINASE_REGULATORY_SUBUNIT_BINDING",0.50083927822073,1,-0.479835659544478,-0.980767577355135,2386,10,"PIK3AP1;FAM83B;CBL"
"GOMF_PHOSPHATIDYLINOSITOL_3_PHOSPHATE_BINDING",0.340406401726308,1,0.387093387183348,1.06952305746357,1892,45,"PLEK2;PLA2G4A;PLEKHA4;RUBCNL;JPH2;WIPI1;PHLDA3;SH3PXD2A;BBS5;WDR45"
"GOMF_PHOSPHATIDYLINOSITOL_4_5_BISPHOSPHATE_5_PHOSPHATASE_ACTIVITY",0.99220396123051,1,-0.214580819714087,-0.428953138197982,4708,9,"OCRL;INPP5J;SYNJ1;INPP5E;FIG4;INPP5K;INPP5B;INPP5D;SYNJ2"
"GOMF_PHOSPHATIDYLINOSITOL_4_5_BISPHOSPHATE_BINDING",0.996827075621364,1,0.208664544883484,0.633318730342983,5654,81,"ANXA8;PLEKHA4;TULP1;TRPM3;ALOX15;LDLRAP1;GSN;KCNJ2;JPH2;SCIN;SYTL2;ANXA2"
"GOMF_PHOSPHATIDYLINOSITOL_4_5_BISPHOSPHATE_PHOSPHATASE_ACTIVITY",0.905954134231012,1,-0.31029651083121,-0.650735415588432,4305,11,"PIP4P2;OCRL;PIP4P1;INPP5J;SYNJ1"
"GOMF_PHOSPHATIDYLINOSITOL_4_PHOSPHATE_BINDING",0.669359280337801,1,0.34531615772816,0.872574563817489,3645,28,"PLA2G4A;RUBCNL;JPH2;GSDMB;SH3PXD2A;SNX5"
"GOMF_PHOSPHATIDYLINOSITOL_5_PHOSPHATE_BINDING",0.554361918873866,1,0.400652482467067,0.934928459612878,2992,19,"PLA2G4A;RUBCNL;JPH2;PHLDA3;SH3PXD2A;SNX5"
"GOMF_PHOSPHATIDYLINOSITOL_BINDING",1,1,0.163609100069039,0.572889027749185,6163,278,"ANXA8;FGD2;PLEK2;PLA2G4A;RCSD1;PLEKHA4;TULP1;RUBCNL;TRPM3;PXDC1;PLD1;RLBP1;ALOX15;FRMPD2;DAPP1;TLN1;LDLRAP1;ITPR3;GSN;KCNJ2;PHLDA1;JPH2;ARAP3;SCIN;SYTL2;ANXA2;ARAP1;ITPR2;SH3YL1;WIPI1;ITPR1;PHLDA3;SVIL;NCF1;FERMT2;GSDMB;BTK;SNX33;PFN1;SNX18;WDPCP;SH3PXD2A;PLEKHF2;HS1BP3;PIRT;IQGAP1;BBS5;TTPA"
"GOMF_PHOSPHATIDYLINOSITOL_BISPHOSPHATE_BINDING",0.996393611540443,1,0.21594548751739,0.680807974608132,5801,106,"ANXA8;PLEK2;PLEKHA4;TULP1;TRPM3;RLBP1;ALOX15;LDLRAP1;GSN;KCNJ2;JPH2;SCIN;SYTL2;ANXA2;WIPI1;PHLDA3;SVIL;GSDMB;PFN1;SNX18;SH3PXD2A;PIRT;TTPA"
"GOMF_PHOSPHATIDYLINOSITOL_BISPHOSPHATE_PHOSPHATASE_ACTIVITY",0.516312677906722,1,-0.378358845417182,-0.962519150532423,2357,26,"PTPRQ;PIP4P2;OCRL;MTMR1;MTMR7;MTMR6;PIP4P1;MTMR4;INPP4A;MTM1;INPP5J;SYNJ1"
"GOMF_PHOSPHATIDYLINOSITOL_KINASE_ACTIVITY",0.964542092669132,1,-0.246365649397472,-0.623367401115238,4433,25,"PIK3R6;PIK3C2B;PIP5KL1;PIK3C2G;PIK3CB;PIK3R3;PIK3CD;IPMK;PIP4K2B"
"GOMF_PHOSPHATIDYLINOSITOL_MONOPHOSPHATE_PHOSPHATASE_ACTIVITY",0.952482876712329,1,-0.268889517216687,-0.61697644857524,4449,16,"MTMR1;MTMR7;MTMR6;MTMR4;MTM1;SYNJ1;SACM1L;MTMR2;MTMR3"
"GOMF_PHOSPHATIDYLINOSITOL_PHOSPHATE_4_PHOSPHATASE_ACTIVITY",0.982165337809484,1,-0.23914724145266,-0.488808732667663,4680,10,"PIP4P2;OCRL;PIP4P1;INPP4A;SYNJ1;SACM1L"
"GOMF_PHOSPHATIDYLINOSITOL_PHOSPHATE_5_PHOSPHATASE_ACTIVITY",0.918039803124331,1,-0.29477415083272,-0.653086271975409,4289,14,"PTPRQ"
"GOMF_PHOSPHATIDYLINOSITOL_PHOSPHATE_BINDING",0.984845933658865,1,0.229329505855405,0.769035877138765,5848,180,"ANXA8;FGD2;PLEK2;PLA2G4A;RCSD1;PLEKHA4;TULP1;RUBCNL;TRPM3;RLBP1;ALOX15;DAPP1;LDLRAP1;GSN;KCNJ2;PHLDA1;JPH2;ARAP3;SCIN;SYTL2;ANXA2;ARAP1"
"GOMF_PHOSPHATIDYLINOSITOL_PHOSPHATE_PHOSPHATASE_ACTIVITY",0.806820682068207,1,-0.302556899261131,-0.792282244181198,3666,30,"PTPRQ;PIP4P2;OCRL;MTMR1;MTMR7;MTMR6;PIP4P1;MTMR4;INPP4A;MTM1;INPP5J;SYNJ1"
"GOMF_PHOSPHATIDYLINOSITOL_PHOSPHOLIPASE_C_ACTIVITY",0.915371329879102,1,0.321573501992469,0.598091061624517,4769,7,"PLCD4;PLCB1;PLCB3;PLCG1"
"GOMF_PHOSPHATIDYLINOSITOL_TRANSFER_ACTIVITY",0.942753001715266,1,-0.277335520823713,-0.625740530972098,4396,15,"OSBPL10;PITPNM1;PITPNC1;PITPNM2;OSBPL2;PITPNA;PITPNB"
"GOMF_PHOSPHATIDYLINOSITOL_TRISPHOSPHATE_PHOSPHATASE_ACTIVITY",0.522660511959715,1,-0.470549737617667,-0.961787472457734,2490,10,"PTPRQ;OCRL"
"GOMF_PHOSPHATIDYLSERINE_FLIPPASE_ACTIVITY",0.432482887367766,1,-0.620361908243466,-1.06826735500279,2084,5,"ATP11C;ATP8A2;ATP8A1;ATP8B1;ATP11A"
"GOMF_PHOSPHATIDYLSERINE_FLOPPASE_ACTIVITY",0.433206911083017,1,-0.519981307191221,-1.03945736539341,2055,9,"ATP11C;ATP8A2;ATP8A1;ATP8B1;ABCA7;ATP11A"
"GOMF_PHOSPHATIDYLSERINE_TRANSFER_ACTIVITY",0.482265090230243,1,-0.596691088775801,-1.027506045568,2324,5,"OSBPL10;OSBPL8;OSBPL5"
"GOMF_PHOSPHODIESTERASE_I_ACTIVITY",0.285659139162324,1,0.694783853148022,1.19839931889153,1479,5,"ENPP3;ENPP2;APEX1"
"GOMF_PHOSPHOFRUCTOKINASE_ACTIVITY",0.902316844082655,1,-0.333893905604504,-0.628820404500714,4322,7,"PFKFB1;PFKFB4;PFKP;PFKM;PFKFB3;PFKFB2;PFKL"
"GOMF_PHOSPHOLIPASE_A1_ACTIVITY",0.294382504288165,1,-0.504076634586635,-1.13732701833519,1372,15,"LIPC;PLA2G4D;PLAAT5;PLA2G4C;PLAAT4"
"GOMF_PHOSPHOLIPASE_A2_ACTIVITY",0.584029916410031,1,-0.354726733714587,-0.921344512144055,2654,29,"PLA2G2A;PLA2G4D;PLAAT5;OC90;PLA2G4C;PLA2G3;PLAAT4"
"GOMF_PHOSPHOLIPASE_ACTIVATOR_ACTIVITY",0.190364025695931,1,-0.530807646025211,-1.23366480763472,888,17,"LCK;CCL5"
"GOMF_PHOSPHOLIPASE_ACTIVITY",0.837825169908601,1,-0.26337434964917,-0.843226699299111,3574,96,"CCL5;PLD4;PLA2G2A;LIPC;PLA2G4D;ABHD12B;PLAAT5;OC90;PLA2G4C;PLA2G3;PLAAT4;PLCG2;PLCH1"
"GOMF_PHOSPHOLIPASE_BINDING",0.804311774461028,1,0.3237258200405,0.778020693881703,4364,22,"BANK1;PLA2R1;SYK;TESPA1;BLNK;ARHGAP6"
"GOMF_PHOSPHOLIPASE_C_ACTIVITY",0.958886230150098,1,-0.25139850427081,-0.63610179680009,4407,25,"CCL5"
"GOMF_PHOSPHOLIPASE_D_ACTIVITY",0.474639949906074,1,-0.539130914408679,-1.01534204124968,2273,7,"PLD4"
"GOMF_PHOSPHOLIPID_BINDING",0.999685287175452,1,0.212631610601771,0.774238586152609,6352,474,"APOA4;ANXA8;APOC3;RS1;FGD2;TREM2;PLEK2;CAVIN2;PLA2G2D;PLA2G4A;ANXA1;RCSD1;MAP1LC3C;PLEKHA4;CIDEA;TULP1;PLA2G2C;ANXA2P2;RUBCNL;TRPM3;PXDC1;MME;PLD1;THBS1;RLBP1;LPAR1;MYOF;TEC;ALOX15;FRMPD2;DAPP1;RPE65;WNT5A;MCTP2;TLN1;APOE;LDLRAP1;ITPR3;SERPINA5;STAP1;GSN;KCNJ2;ANXA3;ANXA6;PACSIN3;ANXA11;APOA1;PHLDA1;MFGE8;JPH2;PREX1;ANXA4;ARAP3;SCIN;UCP1;SYTL2;SEC14L2;CIDEC;AXL;PLEKHA2;ANXA2"
"GOMF_PHOSPHOLIPID_SCRAMBLASE_ACTIVITY",0.371223286661754,1,0.434160789761631,1.06298376642804,2014,24,"XKR9;PLSCR5;ANO9;TMEM63A;PLSCR1;SERINC2;PLSCR3"
"GOMF_PHOSPHOLIPID_TRANSFER_ACTIVITY",0.963636363636364,1,-0.247654786063675,-0.667864681390677,4345,35,"MTTP;OSBPL10;PITPNM1;PRELID2;PRELID3A;OSBPL8;VAT1;PITPNC1;PITPNM2;OSBPL2;PLEKHA8;PITPNA;OSBPL5;PITPNB;CERT1;ABCA3;PRELID3B"
"GOMF_PHOSPHOLIPID_TRANSPORTER_ACTIVITY",0.816822101002991,1,0.276851156997364,0.837393782523155,4641,79,"XKR9;ABCA4;ATP10B;PLSCR5;ABCB4;ANO9;TMEM63A;ATP10A;ABCB1;PLTP;PLSCR1;SERINC2;PLSCR3;NME4;TRIAP1;GLTPD2;PLEKHA8P1;TMEM63C"
"GOMF_PHOSPHOPROTEIN_BINDING",0.91894395553497,1,-0.248514013941776,-0.791348965959482,3967,92,"LCK;CBLC;SFN;VAV1;SAMSN1;SLA;PLCG2;TOX3;SNCA;UBASH3B;EPB41;FBXW7;CRMP1;BTRC;SRC;PHF6;PIK3R3;DPYSL3;SH2D3A;GPRIN1;PTPN6;PTPN5;FKBP4;MID2;YWHAE;GRAP;CBL;YWHAB;SH3BP2;CBX4"
"GOMF_PHOSPHOPROTEIN_PHOSPHATASE_ACTIVITY",1,1,-0.162577768709817,-0.557191236760103,4093,164,"LCK;PPEF2;PTPRQ;PTPN22;PP2D1;PTPN7;DUSP2;DUSP13B;DUSP5;PPEF1;UBASH3B;PDP2;PTPRZ1;PTPRN2;MTMR7;PPM1E;MTMR6;PGAM5;DUSP8;DUSP22;PPM1K;DNAJC6;PPM1B;PTPN6;PTPN5;MTMR4;DUSP1;PTPN18;CDC25A;PTPN1;SSH2;CDC25B;MTM1;PPP1CC;PTP4A1;PPM1L;DUSP4;PTPRO;PPP3CA;PPP1CB;PDXP;PPP3R1;PTPRH;PPP3CC;PPM1D;DUSP28;PDP1"
"GOMF_PHOSPHORIC_DIESTER_HYDROLASE_ACTIVITY",0.974353049907579,1,-0.233981785946563,-0.735510018691538,4216,84,"CCL5;PLD4;PDE6A;GDPD4;MPPED1;PDE4C"
"GOMF_PHOSPHORIC_ESTER_HYDROLASE_ACTIVITY",0.381628280664167,1,-0.276620816615953,-1.01456188312396,1424,345,"ALPG;ALPP;LCK;PPEF2;CCL5;PLD4;PHOSPHO1;PDE6A;GDPD4;NT5C1B;MPPED1;PDE4C;PTPRQ;PTPN22;G6PC2;FBP1;PP2D1;PLCG2;PTPN7;PLCH1;DUSP2;NT5M;DUSP13B;PUDP;DUSP5;PPEF1;SMPDL3B;UBASH3B;PLCL1;PLCXD2;PDP2;ALPL;PTPRZ1;PDE3B;PIP4P2;PDE4A;OCRL;PFKFB1;PDE4B;PDE2A;NOCT;PTPRN2;PLPP7;SAMHD1;PLCH2;SMPD3;MTMR1;MTMR7;CILP2;PPM1E;PHOSPHO2;FAM83B;MTMR6;CHRM5"
"GOMF_PHOSPHORUS_OXYGEN_LYASE_ACTIVITY",0.420191246781905,1,0.408743096578167,1.02531528878711,2284,27,"CD38;GUCY2F;RNASE1;RNASE4;BST1"
"GOMF_PHOSPHORYLATION_DEPENDENT_PROTEIN_BINDING",0.55119597146454,1,-0.458384266027566,-0.936921667131526,2626,10,"VAV1;PLCG2;PTPN6;SOCS7;YWHAG"
"GOMF_PHOSPHOSERINE_RESIDUE_BINDING",0.532522031053294,1,-0.466356217949687,-0.953216062551975,2537,10,"SFN"
"GOMF_PHOSPHOTRANSFERASE_ACTIVITY_FOR_OTHER_SUBSTITUTED_PHOSPHATE_GROUPS",0.415390293412069,1,0.431967285683052,1.02928082525778,2250,21,"SGMS2;DPAGT1;PIGO;CDS1;PIGN;CHPT1;PIGG;CRLS1;CEPT1;FKRP;PGS1;SGMS1"
"GOMF_PHOSPHOTRANSFERASE_ACTIVITY_NITROGENOUS_GROUP_AS_ACCEPTOR",0.514454526271365,1,-0.502889541767206,-0.976401467486149,2437,8,"CKB;CKM;CKMT1B;CKMT1A"
"GOMF_PHOSPHOTRANSFERASE_ACTIVITY_PHOSPHATE_GROUP_AS_ACCEPTOR",0.290387182910547,1,-0.398885867226808,-1.09918971333959,1304,39,"CARD11;CASK;TJP2;ITPKA;CMPK2;PPIP5K1;LRGUK;DLG2;NME3;AK1;PPIP5K2"
"GOMF_PHOSPHOTYROSINE_RESIDUE_BINDING",0.297150610583446,1,-0.382230753349014,-1.08890440336008,1313,46,"LCK;CBLC;VAV1;SAMSN1;SLA;PLCG2"
"GOMF_PIRNA_BINDING",0.87658162207011,1,-0.365645600385252,-0.660909619599174,4225,6,"TEX19;PIWIL3"
"GOMF_PLUS_END_DIRECTED_MICROTUBULE_MOTOR_ACTIVITY",0.556376276341516,1,-0.391890716477662,-0.932734165900819,2560,19,"KIF21A;KIF5C;KIF5A;KIF14;KIF1A;KIF1B;KIF15;KIF3A;KIF3B"
"GOMF_POLY_A_BINDING",0.609590540836435,1,-0.355601875179237,-0.904626967153,2783,26,"PABPC3;PABPC1L2B;PABPN1L;ELAVL4"
"GOMF_POLY_A_RNA_POLYMERASE_ACTIVITY",0.582108357832843,1,-0.425830559788455,-0.912143378268207,2771,12,"TENT5D"
"GOMF_POLY_A_SPECIFIC_RIBONUCLEASE_ACTIVITY",0.329795299469295,1,0.515153849003775,1.10409148799229,1739,13,"PNLDC1;TOE1;CNOT2"
"GOMF_POLY_ADP_D_RIBOSE_BINDING",0.810269254852849,1,-0.384418528132198,-0.723973125295632,3881,7,"MARCHF6-DT;AIFM1;APLF;PARP2;HPF1;XRCC1;RNF146"
"GOMF_POLY_ADP_D_RIBOSE_MODIFICATION_DEPENDENT_PROTEIN_BINDING",0.535780958307405,1,-0.567048978213803,-0.97646213293251,2582,5,"HTATSF1;CGAS"
"GOMF_POLY_G_BINDING",0.38615741717662,1,-0.558891575631782,-1.08513402902527,1829,8,"ATXN1;FMR1;PNPT1;DAZAP1;HNRNPU"
"GOMF_POLY_PURINE_TRACT_BINDING",0.707842701621862,1,-0.322009608825023,-0.8531162651699,3185,32,"PABPC3;PABPC1L2B;PABPN1L;ELAVL4"
"GOMF_POLY_PYRIMIDINE_TRACT_BINDING",0.901650165016502,1,-0.277207189813418,-0.725900929659457,4097,30,"PABPC3;PABPC1L2B"
"GOMF_POLYAMINE_TRANSMEMBRANE_TRANSPORTER_ACTIVITY",0.92740243390684,1,-0.303819467236559,-0.6209965368514,4419,10,"SLC22A16;ATP13A5"
"GOMF_POLYOL_TRANSMEMBRANE_TRANSPORTER_ACTIVITY",0.473934550989346,1,0.508499924351501,1.00059910346234,2490,9,"AQP7;SLC5A1;AQP1;SLC2A13;AQP3;AQP7B"
"GOMF_POLYPEPTIDE_CONFORMATION_OR_ASSEMBLY_ISOMERASE_ACTIVITY",1,1,-0.15402093919201,-0.506530646839832,4172,119,"DNAH3;IQCA1;MYO1G;MYO1F;MYO1H;KIF21A;MYO1E;DNAH1;MYO3A;MYO15A;DNAH17;MYO1A;MYO5A;FIGNL2;KIF25;MYH11;KIF26A;MYO1D;MYO6;KIF5C;KIF6;KIF5A;DYNC1I1;KIF21B;KIF14;KIF3C"
"GOMF_POLYPEPTIDE_N_ACETYLGALACTOSAMINYLTRANSFERASE_ACTIVITY",0.97393004562242,1,-0.242730536689431,-0.577719897813858,4482,19,"GALNT14;GALNTL6;GALNT3"
"GOMF_POLYSACCHARIDE_BINDING",0.212969786293294,1,0.49095698387291,1.20204153893747,1155,24,"CLEC7A;PRG4;CLEC18A;ENDOU;PPP1R3G;PTX3;ENPP2;STBD1;VTN"
"GOMF_POLYUBIQUITIN_MODIFICATION_DEPENDENT_PROTEIN_BINDING",1,1,0.168652301675652,0.484537310996177,5648,56,"UBQLNL;IKBKE;WDR81;OTUD7B;ZBTB1;UFD1;ZFAND2B;RNF31;ABRAXAS1;SHARPIN;SQSTM1;FAAP20;TOM1;UBXN1;TAB2;VCP;ASCC2;UBL7;PSMD4;UBAC1;DNAJB2;RAD23A;SPRTN;ATRIP;UBQLN4;BABAM2;NPLOC4;UIMC1;ZRANB1;DZIP3;IKBKG;ZFAND6;ABRAXAS2;PRPF8;TNIP2;BRCC3;PARP10;AGL;MINDY1;AFG2B;RAD23B;HDAC6;RAD18;UBQLN1;OPTN;MPND;MINDY2;BAG6;RNF169;ZRANB3;UBQLN2;RNF168;TAB3;AGAP3;EPS15"
"GOMF_PORE_FORMING_ACTIVITY",0.584299369534269,1,-0.659723481444486,-0.954605219934267,2872,2,"MMD"
"GOMF_PORIN_ACTIVITY",0.945239576851276,1,-0.307377348833809,-0.555588926756163,4556,6,"TOMM40L;VDAC3;VDAC1;VDAC2;TOMM40;BAK1"
"GOMF_POSTSYNAPTIC_NEUROTRANSMITTER_RECEPTOR_ACTIVITY",0.994483004093255,1,0.211988654509449,0.623532822109306,5587,66,"CHRNG;CHRNB3;ADRB1;CHRM1;GRID2;CHRNA1;GRIK2;DRD1;GRIN3B;DRD3"
"GOMF_POTASSIUM_CHANNEL_ACTIVATOR_ACTIVITY",0.643595695294366,1,-0.446918118259253,-0.867728338475737,3049,8,"LRRC38"
"GOMF_POTASSIUM_CHANNEL_ACTIVITY",0.286843997124371,1,-0.325456397014568,-1.07033264543619,1196,119,"KCNE3;KCNJ1;LRRC38;KCNJ10;KCNU1;TRPM5;KCNK15;KCNQ5;ABCC8;KCNMB3;KCNH4;KCNN1;KCNH5;KCNH7;KCNK10;HCN1;KCNAB1;KCNH8;KCNQ1;KCNA3;KCNA5;KCNIP2;KCNQ3;KCND1;KCNAB3;KCNT1;KCNN2;KCNJ11;KCNMB2;KCNE1;SCN2B;KCNJ16;GRIK4;KCNH2;KCNE4;SNAP25;KCNJ9;KCNA2;LRRC26;KCNC1;HCN4;KCNH3;GRIK1;GRIK5;KCNS1;KCNC4;KCNC2;KCNS3;KCNA4;KCNK7;KCNJ14;KCNJ3;KCNB1"
"GOMF_POTASSIUM_CHANNEL_INHIBITOR_ACTIVITY",0.995801526717557,1,0.20213231731706,0.425230698721197,5217,12,"CAV1;NEDD4"
"GOMF_POTASSIUM_CHANNEL_REGULATOR_ACTIVITY",0.724561802868199,1,-0.288765484485325,-0.869415114363331,3182,63,"KCNE3;LRRC38;KCNMB3;DRD4;ADRB2;KCNAB1;KCNIP2;KCNAB3;KCNMB2;NEDD4L;DPP6;KCNE1;KCNE4;STK39;LRRC26;KCNS1;ARPP19;CHP1;KCNS3;KCNB1;YWHAE;KCNG3;SGK3;KCNIP4;PRKACB;LRRC55;KCNB2;KCNS2;KCNIP1;KCNG2;ANK2;KCNIP3"
"GOMF_POTASSIUM_CHLORIDE_SYMPORTER_ACTIVITY",0.490820848280228,1,-0.514429237759327,-0.998806737759728,2325,8,"SLC12A1;SLC12A8"
"GOMF_POTASSIUM_ION_BINDING",0.684722809987304,1,-0.384402877801405,-0.840522681437562,3235,13,"ATP4A"
"GOMF_POTASSIUM_ION_LEAK_CHANNEL_ACTIVITY",0.977958484913332,1,-0.240241346709351,-0.532266228410915,4569,14,"KCNK15;KCNK10"
"GOMF_POTASSIUM_ION_TRANSMEMBRANE_TRANSPORTER_ACTIVITY",0.533929002656363,1,-0.285834599984427,-0.968387838014,2210,151,"KCNE3;KCNJ1;ATP4A;LRRC38;KCNJ10;ATP12A;KCNU1;TRPM5;KCNK15;SLC12A1;KCNQ5;ABCC8;KCNMB3;KCNH4;KCNN1;KCNH5;KCNH7;KCNK10;HCN1;KCNAB1;KCNH8;KCNQ1;KCNA3;SLC12A8;KCNA5;KCNIP2;KCNQ3;KCND1;KCNAB3;KCNT1;KCNN2;KCNJ11;KCNMB2;KCNE1;SCN2B;KCNJ16;GRIK4;KCNH2;KCNE4;SNAP25;KCNJ9;KCNA2;LRRC26;KCNC1;SLC17A7;SLC9A7;HCN4;KCNH3;GRIK1;GRIK5;KCNS1;KCNC4;KCNC2;KCNS3;KCNA4;KCNK7;KCNJ14;KCNJ3;ATP1A3;SLC17A6;KCNB1"
"GOMF_POTASSIUM_PROTON_ANTIPORTER_ACTIVITY",0.856679389312977,1,0.338882445211847,0.712915286751226,4488,12,"SLC9A4;SLC9A9;TMCO3;SLC9A1"
"GOMF_POU_DOMAIN_BINDING",0.394157740993184,1,0.718427748666343,1.11211207757792,2023,3,"NFKBIZ;POU2AF3"
"GOMF_PRE_MIRNA_BINDING",0.404972608512431,1,-0.532304844488747,-1.06409246560655,1921,9,"LIN28A;DICER1;XPO5;PRKRA"
"GOMF_PRE_MRNA_3_SPLICE_SITE_BINDING",0.94209612044007,1,0.310034728568817,0.534764021740204,4880,5,"U2AF1;SLU7;U2AF2;U2AF1L4"
"GOMF_PRE_MRNA_5_SPLICE_SITE_BINDING",0.417126507255263,1,-0.657232828839102,-1.08435471530925,2040,4,"RNVU1-7"
"GOMF_PRE_MRNA_BINDING",0.724354657687991,1,-0.309127802163728,-0.859448209490865,3226,41,"RNVU1-7;ELAVL4;CELF5;CELF3;CELF4;CELF1;RBM41;RBM7"
"GOMF_PRE_MRNA_INTRONIC_BINDING",0.897164621244181,1,-0.309016321352298,-0.675684918168568,4239,13,"ELAVL4;RBM41;RBM7;SOX9;EP300"
"GOMF_PRENYL_DIPHOSPHATE_SYNTHASE_ACTIVITY",0.742433729910248,1,-0.415859320732644,-0.783185382809112,3556,7,"PDSS1;FDPS;COX10;NUS1;DHDDS;GGPS1;PDSS2"
"GOMF_PRENYLTRANSFERASE_ACTIVITY",0.637659414853713,1,0.386534030647698,0.880684967549528,3399,17,"FNTB;COQ2;PGGT1B;RABGGTB;FNTA;PDSS2;GGPS1;PTAR1;DHDDS;NUS1;COX10;FDPS;UBIAD1;CHM;RABGGTA;FDFT1;PDSS1"
"GOMF_PRERIBOSOME_BINDING",0.664697193500739,1,-0.438292843345031,-0.850981656780742,3149,8,"AFG2A;TMA16;AFG2B;GTPBP4;NVL;ZNF622"
"GOMF_PRIMARY_ACTIVE_TRANSMEMBRANE_TRANSPORTER_ACTIVITY",0.492948173322005,1,0.296440428022014,0.982572971293566,2900,162,"ABCA8;ATP1A4;MTCO2P12;ATP6V0D2;ABCA6;ABCC12;ABCA4;CYBRD1;ABCA9;ABCC2;ABCC9;ABCB4;UQCRFS1P1;ABCB5;ATP1A2;ABCB1;ABCA10;ATP13A4"
"GOMF_PRIMARY_MIRNA_BINDING",0.865677321156773,1,0.353259478629666,0.69512521178288,4549,9,"PUS10;SRF;SRSF3;STAT3;DDX5;DGCR8"
"GOMF_PROFILIN_BINDING",0.881016042780749,1,0.335453928842083,0.677611613743338,4612,10,"WIPF1;VASP;ACTG1"
"GOMF_PROLINE_RICH_REGION_BINDING",0.24315259921744,1,0.510704105132248,1.17961381832498,1304,18,"GHR;CCND1;SH3D19;NEDD4;BAIAP2L1;PFN1;YAP1"
"GOMF_PROLINE_SODIUM_SYMPORTER_ACTIVITY",0.376892760838,1,-0.647298739112234,-1.11465275791352,1816,5,"SLC6A7;SLC38A1"
"GOMF_PROMOTER_ENHANCER_LOOP_ANCHORING_ACTIVITY",0.723686899652565,1,-0.492103394573318,-0.811911111116913,3540,4,"MSL2"
"GOMF_PROSTAGLANDIN_E_RECEPTOR_ACTIVITY",0.499517467670334,1,0.587727700617672,1.01374330005313,2587,5,"PTGER2;PTGER1;PTGER4"
"GOMF_PROTEASE_BINDING",0.233304572907679,1,0.345695138309626,1.10715215582391,1351,122,"SELL;COL3A1;COL1A2;BANK1;FAP;CHL1;SERPINB4;COL1A1;FN1;CSTA;CCBE1;ITGB3;ADAMTS4;IL1R1;THBS1;NLRC4;SERPINA5;ITGAV;COMP;SLC6A3;SERPINC1"
"GOMF_PROTEASOME_ACTIVATING_ACTIVITY",0.504342790966995,1,0.557761204942604,0.999153503358759,2612,6,"PSMC3;PSMC2;PSMC1;PSMC6;PSMC4;PSMC5"
"GOMF_PROTEIN_ANTIGEN_BINDING",0.394072218743477,1,-0.574120225939632,-1.08123720333795,1887,7,"LCK"
"GOMF_PROTEIN_ARGININE_DEIMINASE_ACTIVITY",0.336346825559893,1,-0.737746251735591,-1.15069571672297,1636,3,"PADI3;PADI1"
"GOMF_PROTEIN_ARGININE_N_METHYLTRANSFERASE_ACTIVITY",0.964930701385972,1,-0.259270767392306,-0.555366702128878,4594,12,"PRMT8"
"GOMF_PROTEIN_ARGININE_OMEGA_N_ASYMMETRIC_METHYLTRANSFERASE_ACTIVITY",0.770820288040075,1,-0.402741978553378,-0.758481570380411,3692,7,"PRMT8"
"GOMF_PROTEIN_ARGININE_OMEGA_N_MONOMETHYLTRANSFERASE_ACTIVITY",0.369010578718108,1,-0.651749125193205,-1.12231635250932,1778,5,"PRMT8"
"GOMF_PROTEIN_BINDING_INVOLVED_IN_HETEROTYPIC_CELL_CELL_ADHESION",0.627257454850903,1,-0.41050222882669,-0.879309577909625,2986,12,"IZUMO1"
"GOMF_PROTEIN_CARBOXYL_O_METHYLTRANSFERASE_ACTIVITY",0.808545944824725,1,-0.400858318731862,-0.724557108487296,3897,6,"LCMT1;PCMTD2;ARMT1;PCMT1"
"GOMF_PROTEIN_CARRIER_CHAPERONE",0.979038670039754,1,0.234790248188008,0.641248714740387,5417,42,"TIMM10;BAG3;WFS1;EMC9;WRAP53;ASF1B;EMC2;HIRIP3;MTCH1;JDP2;EMC10;OXA1L;PEX19;DUSP16;EMC6;GET4;GET3;SPTY2D1;PTMA;EMC8;EMC7;EMC1;COX18;VPS72;EMC3"
"GOMF_PROTEIN_CONTAINING_COMPLEX_DESTABILIZING_ACTIVITY",0.993782161234991,1,-0.200919307905652,-0.453325827279603,4634,15,"IQCA1;FIGNL2;KATNAL1;SPAST;CLPB"
"GOMF_PROTEIN_CONTAINING_COMPLEX_STABILIZING_ACTIVITY",0.945570353213665,1,0.301892069175977,0.540798671331832,4898,6,"LIMA1;TELO2"
"GOMF_PROTEIN_CYSTEINE_S_ACYLTRANSFERASE_ACTIVITY",0.534705495949201,1,-0.373206625359438,-0.949412253380677,2441,26,"ZDHHC19;ZDHHC23;ZDHHC2;ZDHHC15;ZDHHC11;ZDHHC14"
"GOMF_PROTEIN_CYSTEINE_S_STEAROYLTRANSFERASE_ACTIVITY",0.59757879357128,1,-0.482665173898053,-0.909000448329496,2862,7,"ZDHHC2;ZDHHC15"
"GOMF_PROTEIN_DISULFIDE_ISOMERASE_ACTIVITY",0.149842563437674,1,0.550336138217099,1.28421747147144,808,19,"ITGB3;ERP27;PDIA5;P4HB;PDIA4;PDIA6;PDIA3;CRELD2;TXNDC5;TMX3;ERP29"
"GOMF_PROTEIN_DISULFIDE_REDUCTASE_ACTIVITY",0.998356464572681,1,0.192476180364947,0.509268160004,5466,36,"STAB2;PDIA5;P4HB;PDIA4;PDIA6;PDIA3;TXNRD3;TXN2;CCS;TXNDC5;TMX3;TXNDC12;TXNDC17"
"GOMF_PROTEIN_DISULFIDE_REDUCTASE_NAD_P_H_ACTIVITY",0.579856721449642,1,-0.45750554455232,-0.914566545789976,2751,9,"TXNRD2;TXNDC2;PGK1"
"GOMF_PROTEIN_DOMAIN_SPECIFIC_BINDING",0.938499010503882,1,0.237411057357495,0.880703647254043,6164,630,"TWIST1;MYPN;INSC;WT1;MEOX1;PRRX1;FOXA2;WNT3A;GATA3;WNT1;CASP4;ALX4;TRPV4;ID3;GATA2;CD3E;GJA5;SNTB1;ARHGAP31;PPARG;CLDN16;CDKN2A;EHD2;RUNX2;GATA1;PLAUR;ADRB1;ARHGAP29;LPAR1;HES1;GHR;SYK;AFAP1L2;HEYL;WNT5A;NFKBIZ;PMEPA1;TLN1;PLXND1;DLC1;TGFBR3;PRRG4;BLNK;NOD1;PAG1;GPR37;LITAF;SDC2;HSP90AB3P;CYBA;GNG12;SCNN1B;WIPF1;FZD1;ARHGAP6;MYH9;CRIM1;GRID2;TAMALIN;FOXA1;PLEKHA2;DOCK1;GNG5;SKAP1;IRF3;LYN;EPB41L2;GRIK2;IRS1;HMGA2;VRK2;BAX;SSTR2;RAB27A;CDK2;VIM;TMEM88;PLSCR1;WASF2;RAPGEF3;NOD2;CASP8;SIGLEC10;ITPR1;PTTG1;SHISA9;BOK;OSTF1;NEDD4;TNNI3;ARHGEF16;ADAM9;NHERF1;DVL2;NCF1;NKD1;PLSCR3;LLGL2;SRR;ESPN;WNT3;SNTA1;ADAM19;CITED2;SHCBP1;BCAR1;TRADD;FZD4;EFS;RIPK1;AP4M1;ARL1;CFTR"
"GOMF_PROTEIN_FOLDING_CHAPERONE",0.977977448907681,1,0.235186680789704,0.70860229486565,5550,77,"HSP90AA5P;HSPA7;HSPB1;ZMYND10;HSP90AB3P;WIPF1;HSP90AA2P;HSP90B1;CALR;HSPA6;PDIA3;HSPA5;HSPA1A;HYOU1;CMC1"
"GOMF_PROTEIN_FOLDING_CHAPERONE_BINDING",1,1,0.149444316892038,0.482378635172157,5780,130,"AHSA2P;DNAJB13;HES1;CTSC;CP;GPR37;ATP1A2;CYP1A1;DNAJC1;GRN;BAX;NOD2;TIMM10;TERT;CALR;CFTR;BAG3;RPS3;PACRG;HSPA5;SDF2L1;HYOU1;CDK1;MLEC;DNAJB4;PFDN6"
"GOMF_PROTEIN_GLUTAMIC_ACID_LIGASE_ACTIVITY",0.280948384389425,1,-0.571452819899255,-1.16802990064852,1338,10,"TTLL2;TTLL6"
"GOMF_PROTEIN_GLUTAMIC_ACID_LIGASE_ACTIVITY_ELONGATING",0.751200166979754,1,-0.412263809019956,-0.776413977007423,3598,7,"TTLL6;TTLL11;TTLL7;TTLL5"
"GOMF_PROTEIN_GLUTAMIC_ACID_LIGASE_ACTIVITY_INITIATING",0.672059738643435,1,-0.497151001083082,-0.856097348832684,3239,5,"TTLL6;TTLL11;TTLL7;TTLL5"
"GOMF_PROTEIN_GLUTAMINE_GAMMA_GLUTAMYLTRANSFERASE_ACTIVITY",0.319050376375217,1,0.679561750446588,1.1721434445979,1652,5,"TGM4;TGM2;TGM1"
"GOMF_PROTEIN_HETERODIMERIZATION_ACTIVITY",0.272566655958882,1,0.300149378699797,1.06073703433239,1696,313,"H2AC19;H2AC16;TFAP2B;SOHLH1;ERBB3;H3C3;EPAS1;H4C12;ROPN1B;H2BC3;CFHR5;TPM2;H3C12;SIM2;NR4A2;ADRB1;H2BC13;MEF2C;PDGFB;KCNK5;AGTR1;TLR4;SLC7A8;H3C10;CAV1;H3-5;H2BC12;H2AC15;KCNK13;H4C14;H2AJ;H2AC17;BMP6;H2BC9;CYBA;H2AC12;ATP1A2;AHR;H4C9;TPM1;CENPW;TPM4;H2AC4;IL12A;H2AC8;ITGB1;BAX;CAV2;P4HB;KCNK17;ATF3;BDKRB2;ADRA1B;EXT1;ZHX2"
"GOMF_PROTEIN_HORMONE_RECEPTOR_ACTIVITY",0.689016484534173,1,0.361925994649162,0.844559630799275,3719,19,"LGR6;INSRR;CMKLR2;CMKLR1;LHCGR"
"GOMF_PROTEIN_KINASE_A_BINDING",0.929446460980036,1,-0.255414429757944,-0.742146164003628,4096,51,"AKAP14;SPHKAP;GRIA1;MYRIP;C2orf88;AKAP3;KCNQ1;PKIA;AKAIN1;AKAP6;GSKIP;GSK3B;PRKAR1B;WASF3;PRKAR2B;WASF1;SOX9;AKAP11;PRKAR2A;RYR2;AKAP5;ARFGEF1"
"GOMF_PROTEIN_KINASE_A_CATALYTIC_SUBUNIT_BINDING",0.302581464240372,1,-0.518955697626403,-1.13473144897109,1429,13,"KCNQ1;PKIA;GSK3B;PRKAR1B;PRKAR2B;SOX9;PRKAR2A;RYR2"
"GOMF_PROTEIN_KINASE_A_REGULATORY_SUBUNIT_BINDING",0.247968372501647,1,-0.468635342786511,-1.16083413584779,1128,23,"AKAP14;C2orf88;KCNQ1;AKAP6;GSKIP;WASF3;WASF1;AKAP11;RYR2;AKAP5;ARFGEF1"
"GOMF_PROTEIN_KINASE_ACTIVITY",1,1,0.184853227683788,0.681664908299444,6481,572,"PRKY;MAP3K19;SRPK3;ERBB3;TGFBR2;BLK;TIE1;GUCY2F;TSSK1B;DDR2;PDGFRA;PDGFRB;FLT1;LRRK2;CCL2;NRK;ALPK2;LRRK1;MUSK;TEC;ACVRL1;PLK2;SYK;EPHA6;INSRR;ALPK1;CSNK2A3;MYO3B;NRP2;ROR2;TGFBR3;PRAG1;LTK;ROR1;PDK4;EPHA7;ERBB4;CDK18;CCND1;STK3;SBK2;IKBKE;TGFBR3L;EFEMP1;EPHA2;RIPK4;CRIM1;EPHB4;AXL;MYLK3;EGFR;LYN;MAP3K6;FGFR2;SIK1;HSPB8;PKDCC;VRK2;FJX1;CDK2;MYLK2;AURKC"
"GOMF_PROTEIN_KINASE_B_BINDING",0.769911504424779,1,-0.380312807406101,-0.760256077179212,3653,9,"PDE3B;CCDC88A;ARRB2"
"GOMF_PROTEIN_LYSINE_DEACETYLASE_ACTIVITY",0.923288676821435,1,0.278852836814574,0.67777984184757,5030,23,"SIRT3;HDAC7;SIRT6;MIER3;HDAC3;HDAC1;MTA2;SIRT7;SUDS3;HDAC11;SIRT5;HDAC2;SIRT2;HDAC8;HDAC4;MIER1;SIRT1;HDAC5;MIER2;HDAC6;SIRT4;HDAC10;HDAC9"
"GOMF_PROTEIN_MEMBRANE_ADAPTOR_ACTIVITY",0.399645390070922,1,0.359119594438813,1.02882146827706,2253,55,"CRYZL2P-SEC16B;LPL;SEC16B;RAPSN;CIB1;SLC4A1;MYH9"
"GOMF_PROTEIN_METHYLTRANSFERASE_ACTIVITY",1,1,-0.175202980126387,-0.562723600052833,4252,98,"METTL21EP;NTMT2;PRDM7;PRMT8;SMYD1;PRDM8;FBLL1;CAMKMT;SETD7;SUV39H2;PRDM16;JARID2;KMT2C;TTLL12;SETDB2"
"GOMF_PROTEIN_N_ACYLTRANSFERASE_ACTIVITY",0.753128555176337,1,-0.2932803580467,-0.84783909538229,3309,50,"NAA11;JADE1;BRCA2;KAT6B;BAZ1A;ESCO2;MEAF6;ATAT1;ESCO1;TAF1;NAA50;ARRB1;EP300;CLOCK;ATF2;USP22;KAT6A;BRPF3;NCOA1;NAA30;NCOA3;GTF3C4;KAT2B;KAT7;BRD1;MCM3AP;TAF9"
"GOMF_PROTEIN_PHOSPHATASE_1_BINDING",0.994561670654775,1,-0.193864212564601,-0.490525487831614,4571,25,"SMTNL1;ADISSP;KCNQ1"
"GOMF_PROTEIN_PHOSPHATASE_2A_BINDING",0.914999082063521,1,0.278438783515351,0.703583063341746,4983,28,"SPHK1;FOXO1;SLC6A3"
"GOMF_PROTEIN_PHOSPHATASE_2B_BINDING",0.229906897206916,1,0.64101198798496,1.23201101368864,1209,8,"MYOZ2;NFATC1;SLC9A1"
"GOMF_PROTEIN_PHOSPHATASE_ACTIVATOR_ACTIVITY",0.696903140786295,1,-0.343248255441133,-0.850243794283747,3172,23,"CD33"
"GOMF_PROTEIN_PHOSPHATASE_BINDING",0.998463639467395,1,0.20836373963625,0.68082228367019,5848,143,"CLEC12B;MYOZ2;ITGA1;SPHK1;GHR;NFATC1;PTPRT;PPP1R3G;LGALS3;FOXO1;STAT6;CDH5;SLC6A3;IKBKE;EGFR;SH3RF2;SKAP1"
"GOMF_PROTEIN_PHOSPHORYLATED_AMINO_ACID_BINDING",0.275720164609054,1,-0.370566575326393,-1.09835928027349,1205,58,"LCK;CBLC;SFN;VAV1;SAMSN1;SLA;PLCG2"
"GOMF_PROTEIN_PRENYLTRANSFERASE_ACTIVITY",0.764728459028977,1,0.413885131429825,0.769780458009453,3984,7,"FNTB;PGGT1B;RABGGTB;FNTA;PTAR1;CHM;RABGGTA"
"GOMF_PROTEIN_RNA_ADAPTOR_ACTIVITY",0.998727504090165,1,0.185304329907485,0.48122418069674,5493,32,"ZFP36;ZFP36L2"
"GOMF_PROTEIN_SERINE_KINASE_ACTIVITY",1,1,0.150681217023764,0.538074036244115,6233,357,"PRKY;MAP3K19;SRPK3;TSSK1B;LRRK2;NRK;ALPK2;LRRK1;PLK2;ALPK1;CSNK2A3;MYO3B;CDK18;STK3;SBK2;RIPK4;MAP3K6;SIK1;VRK2;CDK2;AURKC;SGK1;TTN;AURKB;PKMYT1;CDKL3;DAPK2;DYRK4;CAMK2D;CDK4;MAP3K1;WNK4;MELK;CDK19;PHKG1;RIPK1;RPS6KA4;MAST4;MAP3K20"
"GOMF_PROTEIN_SERINE_THREONINE_KINASE_ACTIVATOR_ACTIVITY",0.772090888225843,1,-0.27821893417526,-0.856052995962017,3363,73,"TCL1B;CCNYL2;LTF"
"GOMF_PROTEIN_SERINE_THREONINE_KINASE_ACTIVITY",1,1,0.142130199497032,0.514812860225564,6297,437,"PRKY;MAP3K19;SRPK3;TGFBR2;TSSK1B;LRRK2;NRK;ALPK2;LRRK1;ACVRL1;PLK2;SYK;ALPK1;CSNK2A3;MYO3B;TGFBR3;PDK4;CDK18;STK3;SBK2;IKBKE;TGFBR3L;RIPK4;MYLK3;EGFR;MAP3K6;SIK1;VRK2;FJX1;CDK2;MYLK2;AURKC;SGK1;TTN;AURKB;PKMYT1;CDKL3;DAPK2;DYRK4;CAMK2D;CDK4;MAP3K1;WNK4;MELK;CDK19;PHKG1;RIPK1;ILK;PCK2;RPS6KA4;MAST4;MAP3K20"
"GOMF_PROTEIN_SERINE_THREONINE_KINASE_BINDING",0.592969472710453,1,0.37244445890984,0.917736791315917,3204,25,"STING1;CDKN1A;SLC12A4;FERMT2;RIPK1"
"GOMF_PROTEIN_SERINE_THREONINE_KINASE_INHIBITOR_ACTIVITY",0.968527452331725,1,-0.237602999477528,-0.699062036685102,4215,56,"PPEF2;PYDC1;SFN"
"GOMF_PROTEIN_SERINE_THREONINE_PHOSPHATASE_ACTIVITY",0.507320474087846,1,-0.305458560979075,-0.973695185607572,2182,93,"LCK;PPEF2;PP2D1;DUSP2;DUSP13B;DUSP5;PPEF1;PDP2;PPM1E;MTMR6;PGAM5;DUSP8;DUSP22;PPM1K;PPM1B;MTMR4;DUSP1;SSH2;PPP1CC;PPM1L;DUSP4;PPP3CA;PPP1CB;PDXP;PPP3R1;PPP3CC;PPM1D;DUSP28;PDP1"
"GOMF_PROTEIN_SERINE_THREONINE_PHOSPHATASE_INHIBITOR_ACTIVITY",0.663599400813182,1,-0.38683513196538,-0.857051791992959,3100,14,"PPP1R1A;PPP1R17;PABIR2;PPP4R4;PABIR3;PPP1R2"
"GOMF_PROTEIN_SERINE_THREONINE_TYROSINE_KINASE_ACTIVITY",0.990591397849462,1,-0.219038008550143,-0.616271967158601,4421,43,"PRKCG;PAK3;RPS6KA2;MAP3K9;MAPK10;BRAF;ACVR2B;RPS6KA1;DYRK1A;PRKAA2;MAPKAPK3;MAP2K4;MAPK9;TNK2"
"GOMF_PROTEIN_TRANSPORTER_ACTIVITY",0.816720837847598,1,0.293081892613639,0.803650781081668,4522,43,"AZGP1;PEX2;AP4M1;PEX6;TOMM7;TMED10;SEC61G;SEC61A1;TIMM22;SEC61A2;PEX14;M6PR;ABCA1"
"GOMF_PROTEIN_TYROSINE_KINASE_ACTIVATOR_ACTIVITY",0.18130569194399,1,0.464327693549029,1.21207079873615,996,33,"GHRL;ERBB3;AREG;GREM1;ALKAL2;NGF;GHR;AFAP1L2;ALKAL1;LTK;STAP1"
"GOMF_PROTEIN_TYROSINE_KINASE_ACTIVITY",0.417689161554192,1,0.310288584040688,1.01256301093025,2450,141,"ERBB3;BLK;TIE1;DDR2;PDGFRA;PDGFRB;FLT1;MUSK;TEC;SYK;EPHA6;INSRR;NRP2;ROR2;LTK;ROR1;EPHA7;ERBB4;EFEMP1;EPHA2;CRIM1;EPHB4;AXL;EGFR;LYN;FGFR2;PKDCC;PDGFRL;TTN;EFNA4"
"GOMF_PROTEIN_TYROSINE_KINASE_BINDING",0.950721153846154,1,0.243819146626012,0.770218987931629,5536,108,"BANK1;CASS4;TREM2;ALKAL2;GHR;FLT3LG;ALKAL1;LRP4;STAP1;BLNK;ANGPT1;CDH5;CD4;NEDD9;NOX4;PTPN14;IRS1;ITGB1;TRIM6;HYAL2;GDNF;ANGPT2;ARHGEF16;SHC1;NRTN;GRB14;TRADD"
"GOMF_PROTEIN_TYROSINE_KINASE_INHIBITOR_ACTIVITY",0.229071537290715,1,0.622057221025226,1.22405111161798,1203,9,"PTPRC;PTPRB;CAV1;HYAL2;IBTK;RACK1"
"GOMF_PROTEIN_TYROSINE_PHOSPHATASE_ACTIVATOR_ACTIVITY",0.575399294752126,1,-0.546012657132751,-0.940237447339104,2773,5,"CD33"
"GOMF_PROTEIN_TYROSINE_PHOSPHATASE_ACTIVITY",0.999120337790289,1,0.197884576074911,0.610335529461115,5678,92,"TNS2;PTPRC;ACP3;SSH3;PTPRB;PTPRT;EYA4;PTPRR;PTPN14;EYA2;PTPN20"
"GOMF_PROTEIN_TYROSINE_SERINE_THREONINE_PHOSPHATASE_ACTIVITY",0.821840330650424,1,-0.306126138519984,-0.77457655257277,3777,25,"DUSP2;DUSP13B;DUSP5;DUSP8;DUSP22;DUSP1;DUSP4;SBF1;DUSP15;DUSP26;DUSP18;DUSP3;DUSP10;MTMR3"
"GOMF_PROTEIN_TYROSINE_THREONINE_PHOSPHATASE_ACTIVITY",0.881831610044313,1,-0.339103923585335,-0.658398199046864,4178,8,"DUSP2;DUSP8;DUSP4"
"GOMF_PROTEINASE_ACTIVATED_RECEPTOR_ACTIVITY",0.221945654428542,1,-0.724000877800089,-1.24673435372126,1069,5,"F2RL3;F2RL1"
"GOMF_PROTEOGLYCAN_SULFOTRANSFERASE_ACTIVITY",0.990981082270128,1,-0.214142696068658,-0.556200531526155,4504,29,"HS6ST2;HS3ST3A1;HS6ST3;CHST5;CHST11;GAL3ST3;HS3ST3B1;CHST1;CHST6"
"GOMF_PROTON_TRANSMEMBRANE_TRANSPORTER_ACTIVITY",0.971327967806841,1,0.235677593700205,0.788903919449061,5792,175,"STING1;NOX5;MTCO2P12;ATP6V0D2;SLC2A10;OTOP1;SLC2A9;SLC9A4;HVCN1;UQCRFS1P1;SLC18A2;UCP1;SLC15A4;SLC25A18"
"GOMF_PROTON_TRANSPORTING_ATP_SYNTHASE_ACTIVITY_ROTATIONAL_MECHANISM",0.696702884975646,1,0.37644907661364,0.835566909494717,3718,15,"MT-ATP6;ATP5PD;MT-ATP8;ATP5MG;ATP5ME;ATP5PO;ATP5PF;ATP5PB;ATP5MF;ATP5F1C;ATP6V0C;ATP5F1D;ATP5F1B;ATP5F1A;ATP5F1E"
"GOMF_PSEUDOURIDINE_SYNTHASE_ACTIVITY",0.976936098180279,1,-0.237393498372765,-0.519076810635132,4616,13,"PUS3;PUS7;PUS1;RPUSD3;PUS7L;RPUSD1;DKC1;TRUB1;RPUSD4;TRUB2;RPUSD2;PUSL1;PUS10"
"GOMF_PURINE_NUCLEOTIDE_BINDING",1,1,0.171731273323864,0.670361442078747,7622,1900,"DDX3Y;PRKY;STING1;MAP3K19;ACTBL2;ABCA8;FMO1;GBP4;ACOT12;DGKG;ACSM2B;RHOJ;SRPK3;ATP1A4;GBP3;ERBB3;TGFBR2;MYH4;ALDH1A3;CRYM;BLK;ACTG2;TIE1;NOX5;TRPV4;GUCY2F;RHOD;TSSK1B;DDR2;PDGFRA;HSP90AA5P;NUGGC;ACSM1;ABCA6;GNAT1;DHFRP1;PDGFRB;GIMAP4;FLT1;NLRP6;LRRK2;TTLL10;P2RX7;RHOH;HSPA7;ALDH1A1;ABCC12;NRK;SMC1B;ALPK2;ABCA4;ACSL5;ACTA2;RAB7B;ACTC1;EHD2;ACSM3;RUNX2;FMO2;LRRK1;RAB32;MUSK;SPHK1;ATP10B;ABCA9;ABCC2;CNGB3;HKDC1;TEC;EEF1A1P5;DQX1;TGM2;ACVRL1;ABCC9;PLK2;NLRC4;RAB20;SYK;EPHA6;UBE2L5;IRGC;ITPKB;RRAS;PAPSS2;OAS1;GIMAP8;RAB34;INSRR;ABCB4;ACSS3;ALPK1;MOV10L1;FMO4;RAB13;CSNK2A3;MYO3B;ATP10D;GBP1;ADH4;ITPR3;ROR2;TUBB6;RAB42;NLRP11;PRAG1;PARP14;LTK;ROR1;DDX60;PDK4;KIF12;NOD1;BDH2;ATL3;HSP90AB3P;ANXA6;EPHA7;ABCB5;ERBB4;RASL11B;CFAP45;CDK18;SLFN5;ACSF2;STK3;RAB38;MYH14;SBK2;ATP1A2;ENTPD8;CKMT2;IKBKE;RAP1BL;RHOC;DECR1;ATP10A;RNLS;EPHA2;ABCB1;RIPK4;RASL12;ABCA10;SRL;DPYD;ITM2C;HSPA12B;MYH9;EPHB4;UCP1;P2RX1;ATP13A4;AXL;MYLK3;SEPTIN1;EGFR;SULT1A1;ACSBG1;LYN;SMARCA2;SLC12A4;RIT2;MAP3K6;FGFR2;SIK1;KIF19;RASL11A;KIF4B;MYO7B;ARHGEF5;ASS1;SPAG1;EIF2S3B;PDE5A;RHOG;PKDCC;VRK2;MYH2;RERG;CPS1;MOV10;RAB27A;CDK2;ITPR2;MYLK2;CRYZ;AURKC;ARL4A;H6PD;DNAH9;RAPGEF3;CNGA1;NOD2;HSD17B8;ABCA12;ATP2A1;NLRP14;NMNAT1;ITPR1;PYGL;PTK7;IP6K3;SGK1;ZNG1A;NOS3;KIF20A;DNAH7;TUBA1C"
"GOMF_PURINE_RIBONUCLEOTIDE_TRANSMEMBRANE_TRANSPORTER_ACTIVITY",0.65631067961165,1,-0.36692520507769,-0.86446218871653,3041,18,"SLC17A9;SLC25A31;SLC25A23;SLC25A41"
"GOMF_PUTRESCINE_TRANSMEMBRANE_TRANSPORTER_ACTIVITY",0.817772558230573,1,0.431344367452082,0.706004572431484,4177,4,"SLC22A1;SLC45A4"
"GOMF_PYRIMIDINE_NUCLEOSIDE_TRANSMEMBRANE_TRANSPORTER_ACTIVITY",0.242895664799834,1,-0.712624291502724,-1.22714379603009,1170,5,"SLC28A2"
"GOMF_PYRIMIDINE_NUCLEOTIDE_BINDING",0.994788650839606,1,0.236995064887589,0.408781411737029,5153,5,"NT5C;DUT"
"GOMF_PYRIMIDINE_NUCLEOTIDE_SUGAR_TRANSMEMBRANE_TRANSPORTER_ACTIVITY",0.15221947037531,1,0.633015581674523,1.30572290876925,798,11,"SLC35D3;SLC35A1;SLC35A4;SLC35D2;SLC35B1"
"GOMF_PYRUVATE_DEHYDROGENASE_ACETYL_TRANSFERRING_KINASE_ACTIVITY",0.929550279868751,1,0.322882470671749,0.556924475406026,4815,5,"PDK4;PDK2"
"GOMF_PYRUVATE_DEHYDROGENASE_ACETYL_TRANSFERRING_PHOSPHATASE_ACTIVITY",0.997490831885736,1,0.219504147382063,0.378612167690213,5167,5,"PPM1J;PPM1H"
"GOMF_PYRUVATE_TRANSMEMBRANE_TRANSPORTER_ACTIVITY",0.330014519809168,1,-0.670155071871678,-1.15401151578943,1590,5,"SLC16A11;SLC16A3;SLC16A7;MPC2"
"GOMF_QUATERNARY_AMMONIUM_GROUP_BINDING",0.953615777940102,1,0.254732515051429,0.673990719202042,5221,36,"APOA4;RPE65;SERPINA5;PLTP"
"GOMF_QUATERNARY_AMMONIUM_GROUP_TRANSMEMBRANE_TRANSPORTER_ACTIVITY",0.573212018620398,1,-0.419502726541557,-0.917270855514362,2708,13,"SLC6A14;SLC22A16;SLC44A4"
"GOMF_QUINOL_CYTOCHROME_C_REDUCTASE_ACTIVITY",0.515831894070236,1,0.524079408164055,0.974729595760439,2687,7,"UQCRFS1P1;MT-CYB;CYC1"
"GOMF_QUINONE_BINDING",0.45859872611465,1,0.451467865967375,1.0020787217648,2447,15,"SQOR;HSD17B8;AOC3;VKORC1;AOC2;MT-ND4;SDHD"
"GOMF_RAB_GERANYLGERANYLTRANSFERASE_ACTIVITY",0.813549507817024,1,0.413854871138732,0.713838402325298,4214,5,"RABGGTB;FNTA;PTAR1;CHM;RABGGTA"
"GOMF_RACEMASE_AND_EPIMERASE_ACTIVITY",0.707732149463559,1,0.355448357399578,0.837938286606747,3825,20,"DHRS9;DSE;FUOM;SRR;L3HYPDH;GLCE;GALM"
"GOMF_RACEMASE_AND_EPIMERASE_ACTIVITY_ACTING_ON_CARBOHYDRATES_AND_DERIVATIVES",0.976335877862595,1,0.245181594992649,0.515794516859786,5115,12,"DSE;FUOM;GLCE;GALM"
"GOMF_RAGE_RECEPTOR_BINDING",0.4102223066692,1,0.551199193463962,1.05939278798609,2158,8,"S100B;FPR1;HMGB1;S100A4"
"GOMF_RDNA_BINDING",0.857496194824962,1,0.357127998450487,0.702737479315419,4506,9,"BNC2;BNC1;ALKBH2"
"GOMF_RECEPTOR_ANTAGONIST_ACTIVITY",0.440801798426377,1,0.457420500723296,1.01529119839271,2352,15,"ASIP;DKKL1;DKK2;AGTR2;DKK1"
"GOMF_RECEPTOR_LIGAND_INHIBITOR_ACTIVITY",0.621698650959529,1,0.461360075389785,0.886723968990376,3271,8,"LRRC32;LGALS3;IGFBP2;NOG"
"GOMF_RECEPTOR_SERINE_THREONINE_KINASE_BINDING",0.274743401759531,1,0.445511765339908,1.13449677590512,1498,29,"CFC1B;INHBA;GPR17;BMP5;SMAD6;RSPO2;CRIPTO3;BMP4;BMP2;SMAD7;BMP6;BMP7;CDH5"
"GOMF_RECEPTOR_SIGNALING_PROTEIN_TYROSINE_KINASE_ACTIVATOR_ACTIVITY",0.62352209085252,1,-0.522759463475172,-0.900195292342378,3005,5,"CCL5"
"GOMF_RECEPTOR_TYROSINE_KINASE_BINDING",0.999072356215213,1,-0.185937952376052,-0.574077574803485,4307,75,"CBLC;MST1L;ITGAX;GAB4"
"GOMF_REGULATORY_RNA_BINDING",0.173186913749714,1,-0.405893796765195,-1.18836000520272,756,54,"LINC-ROR;POU5F1;LIN28A;TUSC8;TEX19;DND1;PIWIL3;TRIM71;RC3H1;DICER1;AGO2;AGO1;DDX21;MBD2;SOX2;SOX4;MECP2;CNOT7"
"GOMF_RETINAL_DEHYDROGENASE_NADPLUS_ACTIVITY",0.235607068212046,1,0.637833778786459,1.22590256515764,1239,8,"AKR1B10;ALDH1A3;ALDH1A1;ALDH1A2"
"GOMF_RETINOIC_ACID_4_HYDROXYLASE_ACTIVITY",0.802394071822155,1,0.386904099129108,0.743621211932039,4222,8,"CYP26C1;CYP26A1;CYP2W1"
"GOMF_RETINOIC_ACID_BINDING",0.271101173840134,1,0.498067805679714,1.15042675423659,1454,18,"UGT2B7;CYP26C1;UGT2B15;NR2F2;CYP26A1;CYP2W1;SERPINA5;LCN12"
"GOMF_RETINOIC_ACID_RESPONSIVE_ELEMENT_BINDING",0.579617834394904,1,0.518775844136301,0.929316520284018,3002,6,"RXRG;RXRA;RXRB;RARA;NR2F1"
"GOMF_RETINOL_BINDING",0.407081303859123,1,0.469059014965327,1.04112406126968,2172,15,"RBP3;RLBP1;STRA6;RBP2;ADH4;CYP2W1"
"GOMF_RETINYL_PALMITATE_ESTERASE_ACTIVITY",0.588520784975733,1,-0.470483351079676,-0.913482179024215,2788,8,"CES1"
"GOMF_RIBONUCLEASE_INHIBITOR_ACTIVITY",0.821270025091681,1,0.408334856516176,0.704317194061794,4254,5,"BRAT1;TMBIM6;RNH1;ABCE1;UBE3D"
"GOMF_RIBONUCLEASE_P_ACTIVITY",0.840613187736245,1,-0.337904541665527,-0.723802890802578,4002,12,"RPPH1"
"GOMF_RIBONUCLEASE_P_RNA_BINDING",0.933728036669213,1,0.301974405850091,0.60998350850615,4888,10,"POP5;RPP30;POP7;RPP25;POP4;RPP38"
"GOMF_RIBONUCLEOPROTEIN_COMPLEX_BINDING",1,1,0.143725926518133,0.481308665735156,5960,177,"RNF135;SLFN12;EIF5AL1;SLFN5;DAP;RPLP1;ANG;RNASEL;IMPACT;MAP3K20;SNRPB;NOMO2;ZC3H12A;NEAT1;SEC61B;HSPA5;IFRD2;EIF5A2;PITX2;PPIH;NOPCHAP1;EIF4A3;EIF6;SEC61G;SEC61A1;MTIF3;RACK1;SEC61A2;WDR12;SNRPN;DERL2;MPV17L2;EIF3K;RBM39;RBM3;OXA1L;HABP4;PRPF31;YBX3;SRPRA;CD2BP2;FXR1;ERI1;NCLN;SNRNP70;GTPBP10;CINP;MALSU1;TMCO1;PELO;SNRPA;SRP54;SBDS;SND1;NOMO1;LEMD3;ERAL1;EIF1;PYM1;PRMT7;SECISBP2L;RPSA;YTHDF3;GTPBP6;C1QBP;UHMK1;TACO1;NPM1;MAIP1;GEMIN4;LTN1;TMEM147;NDUFAB1;DDX5;TMEM223;EEF2;DERL1;PES1;MDM2;NMD3;MTRES1;SRP68;SRP19;PIM1;RHBDD2;CPEB2;EFL1;NAA10;TIMM50;ZNF593;RBM23;TTC5;IGHMBP2;UNK;EZH2;DAPL1;PPP1CA;NEMF;CCDC47;RBFA;GEMIN5;ZNF598;MRRF;MTRFR;ZNF622;SHFL;NME1;EIF5A;OLA1;SERBP1;ABCE1;EIF2S1;STRAP;PRPF6;CPSF6;LETMD1;SRP72;NAA16;DNAJC2;UNG;YTHDF1;METTL17;DHX9;NVL;HNRNPU;SRP9;ABCF1;MTOR;MCTS1;PTCD3;PRMT5;USP16;PQBP1;SMG6;GTPBP4;EIF1B;ETF1;EIF2A;G3BP1;DHX29;ZNF574;MTIF2;LETM1;AFG2B;TMA16;CSDE1;RICTOR;LONRF2;ITCH;TOP2B;CBX5;LARP1;LETM2;SNRPD1;BAG6;SECISBP2;FMR1;CKAP5;GUF1;BOP1;STAU2;CPEB4;CPEB3;UCHL1;UQCC5;DDX3X;XPO5;DHX33;NOMO3;EEFSEC;AFG2A;NAA15;PHF6"
"GOMF_RIBOSOMAL_LARGE_SUBUNIT_BINDING",0.916358896371931,1,-0.284005705716689,-0.675958408542268,4217,19,"DHX33;ZNF574;CPSF6;OLA1;MTRFR;MRRF;NEMF;CPEB2;MTRES1;NMD3;NDUFAB1;LTN1;NPM1;GTPBP6;MALSU1;GTPBP10;RBM3;MPV17L2;EIF6"
"GOMF_RIBOSOMAL_PROTEIN_S6_KINASE_ACTIVITY",0.481227961003941,1,-0.558978250565478,-1.01036113262733,2319,6,"RPS6KA2;RPS6KA6;RPS6KA3;RPS6KA1"
"GOMF_RIBOSOMAL_SMALL_SUBUNIT_BINDING",0.693460786443624,1,-0.353715602014858,-0.841874056055218,3191,19,"DDX3X;LARP1;MTIF2;DHX29;G3BP1;EIF1B;USP16;PTCD3;MCTS1;UNG;ABCE1;NME1;RBFA"
"GOMF_RIBOSOME_BINDING",1,1,0.17046172903434,0.540030811925872,5784,112,"SLFN12;EIF5AL1;SLFN5;DAP;ANG;IMPACT;MAP3K20;NOMO2;ZC3H12A;SEC61B;HSPA5;IFRD2;EIF5A2;EIF6;SEC61G;SEC61A1;MTIF3;RACK1;SEC61A2;MPV17L2;EIF3K;RBM3;OXA1L;HABP4;ERI1;NCLN;GTPBP10;MALSU1;TMCO1;PELO;SBDS;NOMO1;ERAL1;EIF1;PYM1;RPSA;YTHDF3;GTPBP6;C1QBP;TACO1;NPM1;MAIP1;LTN1;TMEM147;NDUFAB1;TMEM223;EEF2;NMD3;MTRES1;SRP68;SRP19;PIM1;CPEB2;EFL1;NAA10;TTC5;IGHMBP2;UNK;DAPL1;NEMF;CCDC47;RBFA;GEMIN5;ZNF598;MRRF;MTRFR;SHFL;NME1;EIF5A;OLA1;SERBP1;ABCE1;EIF2S1;CPSF6;LETMD1;SRP72;NAA16;DNAJC2;UNG;YTHDF1;METTL17;DHX9;ABCF1;MTOR;MCTS1;PTCD3;USP16;EIF1B;ETF1;EIF2A;G3BP1;DHX29;ZNF574;MTIF2;LETM1;RICTOR;LARP1;LETM2;BAG6;FMR1;GUF1;STAU2;CPEB4;CPEB3;UCHL1;UQCC5;DDX3X;DHX33;NOMO3;NAA15"
"GOMF_RISC_COMPLEX_BINDING",0.985717043041884,1,0.254798025955036,0.439488884745811,5106,5,"NEAT1;SND1;DHX9;CSDE1;XPO5"
"GOMF_RNA_2_O_METHYLTRANSFERASE_ACTIVITY",0.816198069660092,1,-0.358098720292505,-0.731941462392914,3889,10,"FBLL1;FTSJ1;BCDIN3D;TRMT13;HENMT1;MRM2;FBL;MRM3;FTSJ3;MRM1"
"GOMF_RNA_7_METHYLGUANOSINE_CAP_BINDING",0.994313874147081,1,0.209910191642445,0.449885129041432,5245,13,"EIF4E1B;EIF4E2;DCPS"
"GOMF_RNA_CAP_BINDING",0.999260081391047,1,0.16861741038771,0.397500736776544,5401,20,"EIF4E1B;EIF4E2;SNUPN;DCPS;EIF3D;CYFIP1;NCBP3;EIF4G3;GEMIN5;NCBP2;EIF4A1;MCTS1;EIF4E;NCBP1;LARP1;CYFIP2;LARP1B;AGO2;IFIT5;EIF4E3"
"GOMF_RNA_DIRECTED_DNA_POLYMERASE_ACTIVITY",0.986758779504894,1,0.242386575512741,0.450812157636488,5141,7,"TERT;POLQ;DKC1;TEP1;PTGES3;TERF2;TERF1"
"GOMF_RNA_DNA_HYBRID_RIBONUCLEASE_ACTIVITY",0.750241266164833,1,0.435487505239147,0.780116764437632,3886,6,"NYNRIN;RNASEH2A;APEX1;FEN1"
"GOMF_RNA_ENDONUCLEASE_ACTIVITY",0.969562909219607,1,0.239596823951082,0.709840896403382,5478,69,"ZC3H12D;RNASE1;ENDOU;PIWIL4;RNASE4;NYNRIN;ANG;KHNYN;LACTB2;RNASEL;SLFN13;ZC3H12A"
"GOMF_RNA_ENDONUCLEASE_ACTIVITY_PRODUCING_5_PHOSPHOMONOESTERS_HYDROLYTIC_MECHANISM",0.993779160186625,1,-0.212925332566483,-0.564113801268224,4472,32,"RPPH1;DICER1;AGO2;PLD6;AGO3;RPP40;ELAC2;EXO1;NUDT16;DROSHA"
"GOMF_RNA_EXONUCLEASE_ACTIVITY",0.957741413414853,1,0.249492181287598,0.689336602946356,5325,45,"PNLDC1;ISG20;ZC3H12A;REXO2;EXOSC1;DCPS;EXOSC2;EXOSC4;DIS3L2;ERI1;TOE1;EXOSC7;CNOT2;ISG20L2;MYG1;EXOSC5;ERI3;EXOSC10;XRN2;EXOSC9;CNOT8;POLRMT;PAN2;XRN1;CPSF3;USB1;DIS3;EXOSC8;PAN3;SUPV3L1;EXOSC3;EXD2;CNOT1;PNPT1;PARN;DCP2;ERI2;CNOT6L;CNOT6;HELZ2;EXOSC6;PDE12;CNOT7;DIS3L;NOCT"
"GOMF_RNA_EXONUCLEASE_ACTIVITY_PRODUCING_5_PHOSPHOMONOESTERS",0.832309360318034,1,0.290634478818764,0.787386466772084,4605,40,"PNLDC1;ISG20;REXO2;EXOSC2;EXOSC4;DIS3L2;ERI1;TOE1;EXOSC7;CNOT2;ISG20L2;MYG1;EXOSC5;ERI3;EXOSC10;XRN2;EXOSC9;CNOT8;POLRMT;PAN2;XRN1;CPSF3;USB1;DIS3;PAN3;SUPV3L1;EXOSC3;EXD2;CNOT1;PNPT1;PARN;DCP2;ERI2;CNOT6L;CNOT6;HELZ2;PDE12;CNOT7;DIS3L;NOCT"
"GOMF_RNA_FOLDING_CHAPERONE",0.8056359776105,1,0.419301772984829,0.723233501870079,4173,5,"WRAP53;ERAL1;NOA1"
"GOMF_RNA_METHYLTRANSFERASE_ACTIVITY",0.977474281660163,1,0.235684313254039,0.69615438448237,5510,68,"NSUN5P2;TMT1A"
"GOMF_RNA_NUCLEASE_ACTIVITY",0.99012987012987,1,0.224844506235167,0.720651571063482,5717,123,"PNLDC1;AZGP1;SLFN12;ZC3H12D;RNASE1;ENDOU;PIWIL4;RNASE4;RNASE11;SLFN5;NYNRIN;ANG;KHNYN;LACTB2;RNASEL;SLFN13;ISG20;ZC3H12A"
"GOMF_RNA_POLYMERASE_ACTIVITY",0.996908528823422,1,0.197862919456947,0.516497013118874,5481,33,"POLR3G;TERT;POLR2H;POLR2C;POLR1H;MED21;MED20;POLR2J;POLR3K;POLR2E;POLR1D;PRIMPOL;POLR2A;POLR3B;POLR2F;POLR2I;POLRMT;POLR2K;PRIM1;CRCP;POLR2L;POLR3C;POLR3H;POLR3F;TRNT1;PRIM2;POLR3A;POLR1A;POLR1C;POLR2B;POLR1B;POLR2J3;POLR2J2"
"GOMF_RNA_POLYMERASE_BINDING",1,1,0.14186790903226,0.411458590919886,5616,60,"TCERG1L;ZFP36;PPIB;NEDD4;ERBB2;SUPT4H1;RECQL5;ANP32B;ELOF1;UVSSA"
"GOMF_RNA_POLYMERASE_CORE_ENZYME_BINDING",0.912041181736795,1,-0.264038362984113,-0.738302326265392,4074,42,"POLR2M;AGO2;AGO1;RPRD1A;PCF11;RPRD2;RRN3P2;CCAR2;WDR43;BRD4;CDC73;URI1;ELP2;SCAF8;RRN3;SCAF4;HNRNPU;NCOA3;DHX9;ERCC5;PCIF1;WAC;GTF2B;CTR9;SMYD2;SMYD3;MAF1;RPRD1B;GPN1;SPTY2D1;RTRAF;ZNF326;LEO1;RPAP2;SCAF1;ESRRB;PAF1;UVSSA;ELOF1;RECQL5;SUPT4H1;ERBB2"
"GOMF_RNA_POLYMERASE_I_GENERAL_TRANSCRIPTION_INITIATION_FACTOR_ACTIVITY",0.704445835942392,1,-0.431635634992229,-0.812896821525797,3374,7,"UBTFL1"
"GOMF_RNA_POLYMERASE_II_C_TERMINAL_DOMAIN_BINDING",0.791019723038187,1,-0.368464073380671,-0.753127887441779,3769,10,"RPRD1A;RPRD2;BRD4;SCAF8;SCAF4;HNRNPU"
"GOMF_RNA_POLYMERASE_II_CORE_PROMOTER_SEQUENCE_SPECIFIC_DNA_BINDING",0.952574275696623,1,0.267090968945463,0.636417668760217,5161,21,"GBX2;REST;PAX6;H2AZ1;RELA;STAT1;RUVBL2;H3-3A;HDAC1;H3-3B;CEBPB;GTF2B;EZH2;AR;FOS;TBP;TBPL1;GTF2A1;TAF1;RFX7;POU2F1"
"GOMF_RNA_POLYMERASE_II_CTD_HEPTAPEPTIDE_REPEAT_KINASE_ACTIVITY",0.96430071398572,1,-0.260750329091707,-0.558535973041511,4591,12,"DYRK1A;CDK8;BRD4;CDK11A;CDK12;CDK13;MAPK1;CDK9;CCNK;CDK11B;CDK7;CDK1"
"GOMF_RNA_POLYMERASE_II_CTD_HEPTAPEPTIDE_REPEAT_MODIFYING_ACTIVITY",0.966968075290644,1,0.254812661991197,0.607161226586196,5239,21,"CTDSP1;CTDSPL;CDK1;CTDSP2;CDK7;CDK11B;RPAP2"
"GOMF_RNA_POLYMERASE_II_CTD_HEPTAPEPTIDE_REPEAT_PHOSPHATASE_ACTIVITY",0.400494672754947,1,0.537259865610733,1.05719138609899,2104,9,"CTDSP1;CTDSPL;CTDSP2;RPAP2;CTDSPL2"
"GOMF_RNA_POLYMERASE_II_GENERAL_TRANSCRIPTION_INITIATION_FACTOR_ACTIVITY",0.87844702467344,1,0.281431921518009,0.753875239317661,4841,38,"PRRX1;TAF7L;SNAPC2;GTF2H4;GTF2H2;SNAPC1;SNAPC5;GTF2A2;TAF10;TAF7;DRAP1;TAF6L;GTF2F1;GTF2E2;TAF12;TAF8;TAF6"
"GOMF_RNA_POLYMERASE_II_GENERAL_TRANSCRIPTION_INITIATION_FACTOR_BINDING",0.669859985261607,1,0.35315601813836,0.864654577635975,3635,24,"FOXF2;AHR;ESR1;GTF2A2;EDF1;TAF7;DRAP1;ERCC1;GTF2F1;GTF2E2;FBL"
"GOMF_RNA_POLYMERASE_II_INTRONIC_TRANSCRIPTION_REGULATORY_REGION_SEQUENCE_SPECIFIC_DNA_BINDING",0.78539776324119,1,-0.384588118596178,-0.746709510115195,3721,8,"VAX1;VAX2"
"GOMF_RNA_POLYMERASE_III_GENERAL_TRANSCRIPTION_INITIATION_FACTOR_ACTIVITY",0.917175572519084,1,0.309419335966067,0.650933023363676,4805,12,"SNAPC1;SNAPC5;BRF1;GTF3C3;GTF3C6;GTF3C5;SNAPC4;GTF3C2;TBP;GTF3C1;GTF3C4"
"GOMF_RNA_POLYMERASE_III_TRANSCRIPTION_REGULATORY_REGION_SEQUENCE_SPECIFIC_DNA_BINDING",0.834690043832185,1,-0.374492502515568,-0.705279500349009,3998,7,"SNAPC3;PRDX5;MTOR;BRF2"
"GOMF_RNA_POLYMERASE_INHIBITOR_ACTIVITY",0.951738552156565,1,0.28270050401368,0.543344182399837,5008,8,"SUPT4H1;UVSSA;NELFE;SUPT5H"
"GOMF_RNA_SEQUESTERING_ACTIVITY",0.449826282444308,1,-0.639464110899251,-1.05503847875255,2200,4,"ZAR1"
"GOMF_RNA_STEM_LOOP_BINDING",0.949700342465753,1,-0.271607138179446,-0.6232121253972,4436,16,"RC3H1;DDX3X;CPEB3;RC3H2;FMR1;CSDE1;EPRS1;DAZAP1;METTL16;DHX9"
"GOMF_ROUNDABOUT_BINDING",0.239336035514379,1,0.689957180599708,1.23596465307168,1239,6,"TGFB1I1;LGR6;SLIT3;SLIT2;MYO9B"
"GOMF_RRNA_ADENINE_METHYLTRANSFERASE_ACTIVITY",0.824601803876415,1,0.38533250466128,0.716675737781083,4296,7,"ZCCHC4;METTL25B;METTL5;TFB2M;DIMT1;TFB1M;TRMT61B"
"GOMF_RRNA_CYTOSINE_METHYLTRANSFERASE_ACTIVITY",0.676415681393902,1,-0.494925986710279,-0.852265859201724,3260,5,"METTL15P1;NOP2;NSUN5;METTL15"
"GOMF_RRNA_URIDINE_METHYLTRANSFERASE_ACTIVITY",0.745488487865588,1,-0.456279044266138,-0.785715565840474,3593,5,"TRMT2B"
"GOMF_RS_DOMAIN_BINDING",0.865276973557228,1,0.370329750676318,0.663395489875088,4482,6,"U2AF1;RBM39;SRSF10;SRSF1;SRSF12;LUC7L"
"GOMF_S_ACYLTRANSFERASE_ACTIVITY",0.407481186365649,1,-0.39008273893502,-1.02645047204277,1840,31,"ZDHHC19;ZDHHC23;ZDHHC2;ZDHHC15;FASN;ZDHHC11;ZDHHC14;ZDHHC9;DLAT;DLST;ZDHHC18;ZDHHC11B;ZDHHC17;ZDHHC4;ZDHHC13;MCAT;ZDHHC21;PDHX;GLUL;ZDHHC6"
"GOMF_S_ADENOSYL_L_METHIONINE_BINDING",0.426531956951461,1,-0.410955092792199,-1.01795715444151,1941,23,"ENSG00000274276;PRMT8;SUV39H2;CBS;SETD6;GNMT"
"GOMF_S_ADENOSYLMETHIONINE_DEPENDENT_METHYLTRANSFERASE_ACTIVITY",1,1,0.133231025968433,0.442795371180989,5916,165,"NSUN5P2;PRDM6;METTL21C;TMT1A;EEF1AKMT3;INMT"
"GOMF_S_METHYLTRANSFERASE_ACTIVITY",0.844939117199391,1,0.36311298436319,0.714514416246379,4440,9,"TMT1A;BHMT;INMT;MGMT;TPMT"
"GOMF_SALT_TRANSMEMBRANE_TRANSPORTER_ACTIVITY",0.787756668585684,1,0.402097187355519,0.74785618893228,4104,7,"SLC2A9;SLC23A1;SLC17A4;SLC22A13;ABCG2"
"GOMF_SCAFFOLD_PROTEIN_BINDING",0.197165633303809,1,0.387177680565984,1.15333461307307,1112,71,"NLGN4Y;TREM2;KRT15;KRT8;CACNA1G;SYK;KRT18;CD163;LRP4;GRID2;LYN;DSP;GRIK2;CAV2;ITPR2;VIM;CASP8;NOS3"
"GOMF_SECONDARY_ACTIVE_SULFATE_TRANSMEMBRANE_TRANSPORTER_ACTIVITY",0.783885858161981,1,-0.370380957492813,-0.757045932608577,3735,10,"SLC26A3;UCP2;SLC26A8;SLC26A1"
"GOMF_SECONDARY_ACTIVE_TRANSMEMBRANE_TRANSPORTER_ACTIVITY",0.999233716475096,1,-0.205745381328655,-0.736970992886026,3911,260,"SLCO1C1;SLC28A2;SLC5A5;SLC5A10;SLC4A9;SLC10A1;SLC6A14;SLC17A2;SLC6A13;SLC26A3;SLC30A8;SLC12A1;SLC39A4;SLC17A9;SLC22A7;SLC15A1;SLC47A2;SLC6A7;SLCO4C1;SLC32A1;SLC16A11;SLC13A5;CDH17;SLC10A4;SLC25A31;SLCO5A1;UCP2;SLC16A3;SLC34A3;SLC26A8;SLCO2B1;SLC34A2;SLC44A4;SLC12A8;SLC1A6;TMEM241;SLC6A6;SLC4A8;SLC29A1;SLC46A1;SLC30A2;SLCO1A2"
"GOMF_SELENIUM_BINDING",0.702064896755162,1,-0.409299012662503,-0.818200322735509,3331,9,"DIO1"
"GOMF_SEQUENCE_SPECIFIC_DNA_BINDING",0.273602567531426,1,0.266393878041549,1.03399355935572,2045,1594,"UTY;ZFY;PEG3;ZNF876P;ERG;TWIST1;TFAP2D;HOXA9;SRY;HOXC6;MAEL;MSX2;HOXC8;KLF14;HOXB13;HOXA4;SOX10;FEV;TCF21;FOXC1;BARHL1;FOXD2;WT1;PRRX2;TFAP2B;MEOX1;MYOD1;PRRX1;MYOG;SOHLH1;DLX4;FOXA2;SNAI2;TBX1;TBX3;LMX1B;ALX1;TBX18;HOXB9;MSX1;GSC;TBX15;GATA3;OSR1;GLIS1;LMX1A;ALX4;TBX5;RARG;ZNF705A;EPAS1;GATA6;PTF1A;SIX2;HAND2;FLI1;ETS1;GATA2;ZNF683;HOXB7;FOXC2;FOXD3;FOXE1;FOXL2;PITX3;FOXR1;NFATC2;SMAD6;SNAI1;HAND1;ASCL2;ASCL4;PPARG;FOXD1;HOXD8;HSFY1;PITX1;NFIX;ELK3;SP5;HOXC10;FOXS1;FOXF2;HOXC9;FOXL1;TLX2;ATOH8;NR3C2;PAX3;TBX2;RARB;HOXA7;RUNX2;CEBPD;TAL2;POU4F3;GATA1;MEF2B;SIM2;CDX2;PAX7;NR3C1;NR4A2;GLIS3;FOXJ1;EN2;ELF4;MAF;ATOH1;EN1;NR2F2;MEF2C;BATF2;HES1;HLX;HOXC5;NFATC4;ALX3;NFATC1;HEYL;NFIA;FOXQ1;SPI1;NFKBIZ;POU2F3;HIC1;ETV2;GATA5;OLIG3;MAFB;ZIC4;GFI1;RPA4;GATA4;NFIB;TGIF1;POU4F2;CSRNP1;HOXA11;TBX4;HOXB8;GRHL3;LHX8;TEAD3;TFAP2A;PRDM1;AEBP1;GRHL2;RFX6;LITAF;FOXE3;FOXO1;HEY1;TP73;FOXD4;CREB3L2;NKX2-5;STAT6;NR1H4;HOXB4;ERBB4;MBNL2;JPH2;HMX3;HOXB3;HOXA5;NFIC;AHR;MEOX2;ZNF665;JUN;BNC2;NKX3-2;RAX;ELF1;GFI1B;BHLHA15;HOXB5;HOXD9;GBX1;MXD3;SMAD9;SIX5;RXRG;TFAP2C;FOXA1;TLX1;PKNOX2;SMAD3;IRF3;BCL6;SMARCA2;ZNF83;GLI1;POU4F1;ZIC2;ZNF833P;EVX1"
"GOMF_SEQUENCE_SPECIFIC_MRNA_BINDING",0.897373358348968,1,0.307088121712485,0.691043317168016,4782,16,"DHFRP1;TYMS"
"GOMF_SEQUENCE_SPECIFIC_SINGLE_STRANDED_DNA_BINDING",0.767456622936945,1,-0.357986075635904,-0.782760571231342,3626,13,"RAD50;TERF1;TERF2;TERF2IP"
"GOMF_SERINE_TYPE_CARBOXYPEPTIDASE_ACTIVITY",0.464582127002509,1,0.604496435752148,1.04266688639264,2406,5,"SCPEP1;CTSA;PRCP;CPD;CPVL"
"GOMF_SERINE_TYPE_ENDOPEPTIDASE_INHIBITOR_ACTIVITY",0.63082931311739,1,-0.300867822821875,-0.912004413422457,2745,67,"A2ML1;SERPINA4;EPPIN;SLPI;PZP;ITIH6;HRG;SERPINA6;ITIH2;SPINT1;SERPINF2;MANSC4;SERPINE3;COL7A1"
"GOMF_SERINE_TYPE_EXOPEPTIDASE_ACTIVITY",0.572709923664122,1,0.438836734461297,0.923191569247182,3000,12,"F11;SCPEP1;TPP1;CTSA"
"GOMF_SEROTONIN_BINDING",0.290771175726928,1,-0.584213668880015,-1.16785967626624,1379,9,"HTR2C;HTR4"
"GOMF_SEROTONIN_GATED_MONOATOMIC_CATION_CHANNEL_ACTIVITY",0.943592887798896,1,-0.330709520365899,-0.545630729432438,4616,4,"HTR3B;HTR3A"
"GOMF_SH2_DOMAIN_BINDING",0.773783587509078,1,0.304828587795989,0.821330256742223,4261,39,"TRPV4;GHR;SYK;AFAP1L2;DLC1;BLNK;PAG1;SKAP1;IRS1;SIGLEC10"
"GOMF_SH3_DOMAIN_BINDING",0.999654278305964,1,0.205349648175296,0.65055738822441,5782,112,"MYPN;CD3E;ARHGAP31;AFAP1L2;CYBA;WIPF1;ARHGAP6;DOCK1;SKAP1;LYN;PLSCR1;WASF2;PTTG1;OSTF1;ADAM9;NCF1;PLSCR3;ESPN;ADAM19;BCAR1;EFS;VASP;MVB12A"
"GOMF_SHORT_CHAIN_CARBOXYLESTERASE_ACTIVITY",0.378137315909562,1,-0.611887371419707,-1.10599512056606,1822,6,"ABHD1"
"GOMF_SIALIC_ACID_BINDING",0.459373240758116,1,0.459452563628452,1.00282129985579,2447,14,"SELL;SIGLEC14;MAG"
"GOMF_SIALYLTRANSFERASE_ACTIVITY",0.986074847693647,1,-0.223921271925331,-0.539450276919185,4531,20,"ST6GALNAC1;ST8SIA6"
"GOMF_SIGNAL_PEPTIDASE_ACTIVITY",0.570353213665316,1,0.549666406218502,0.948093200273999,2954,5,"IMMP2L;FURIN;SEC11A;PMPCB"
"GOMF_SIGNAL_RECOGNITION_PARTICLE_BINDING",0.723781388478582,1,-0.411244713472843,-0.798465484726033,3429,8,"DERL3"
"GOMF_SIGNAL_SEQUENCE_BINDING",0.998918529199712,1,0.197601357444977,0.543998195955039,5541,44,"CEMIP;KDELR3;POM121B"
"GOMF_SIGNALING_ADAPTOR_ACTIVITY",0.978914621500173,1,0.232608601406838,0.752947273265926,5663,133,"STING1;BANK1;CD3E;ROPN1B;NLRP6;LRRK2;LDLRAP1;STAP1;BLNK;PAG1;CDH5"
"GOMF_SIGNALING_RECEPTOR_COMPLEX_ADAPTOR_ACTIVITY",0.485499462943072,1,0.349630496852778,0.981173734190942,2711,49,"CD3E;ROPN1B;LRRK2;LDLRAP1;STAP1;BLNK;CDH5;IRS1;SHC1;TRADD;GNB4"
"GOMF_SIGNALING_RECEPTOR_INHIBITOR_ACTIVITY",0.280058651026393,1,0.443985317059623,1.13060967170878,1527,29,"CLEC12B;ASIP;DKKL1;LY6G6D;DKK2;AGTR2;DKK1;PTPRB;LYPD6;LYPD1"
"GOMF_SINGLE_STRANDED_DNA_3_5_DNA_EXONUCLEASE_ACTIVITY",0.850344395742016,1,-0.366571065894981,-0.690361105923792,4073,7,"MEIOB"
"GOMF_SINGLE_STRANDED_DNA_5_3_DNA_EXONUCLEASE_ACTIVITY",0.174237710018668,1,-0.749359327304851,-1.29040177336687,839,5,"PLD4"
"GOMF_SINGLE_STRANDED_DNA_BINDING",1,1,-0.138994647420257,-0.457588247317933,4170,120,"C19orf33;MEIOB;RADX;TREX1;BRCA2;RAD50;POLA1;SAMHD1;MCM4;MAPT;TERF1;TERF2;DMC1;BLM;MMS22L;CRY2;TERF2IP;TDP2;ZRANB3;RTF1;SWSAP1;RAD54L;RNF138;LRPPRC;MCM2;RAD18;TP53;HSPD1;RPA3;RAD23B;SMARCA1;MCM8;SSBP3;SSBP2;DHX36;ERCC4;MSH2;PCBP3;PURA"
"GOMF_SINGLE_STRANDED_DNA_ENDODEOXYRIBONUCLEASE_ACTIVITY",0.996564885496183,1,0.196540880503145,0.41346785636726,5221,12,"ASTE1;SETMAR;ERCC1;SND1;RBBP8;XRCC1"
"GOMF_SINGLE_STRANDED_DNA_EXODEOXYRIBONUCLEASE_ACTIVITY",0.151904060593309,1,-0.628472507844246,-1.3179952216749,721,11,"PLD4;MEIOB"
"GOMF_SINGLE_STRANDED_DNA_HELICASE_ACTIVITY",0.982648802987041,1,-0.228957091121923,-0.567138631581652,4473,23,"MCM4;HELB;MCM2;MCM8;DHX9;CHTF18;MCM6;MCM9;MCM7;MCM3;POLQ;DSCC1;WRNIP1;RFC5;MCM5;RFC4;RFC2;RFC3;PIF1;CHTF8;DNA2;RAD51;HELQ"
"GOMF_SINGLE_STRANDED_RNA_BINDING",0.945252945252945,1,-0.24412915911292,-0.763595645021147,4091,81,"PABPC3;DHX58;A1CF;PABPC1L2B;IFIH1;PABPN1L;ELAVL4;IFIT5;RBM7;AGO2;AGO1;MSI2;STRBP;DDX3X;AQR;AGO3;L1TD1;ZFR2;MSI1;LSM14A;CBX4;ATXN1;FMR1"
"GOMF_SIRNA_BINDING",0.470835081829627,1,-0.491396428336956,-1.00439739097033,2243,10,"DICER1;AGO2;MBD2;MECP2;FMR1;PRKRA"
"GOMF_SMALL_PROTEIN_ACTIVATING_ENZYME_BINDING",0.853117158849643,1,0.388448181319686,0.670015622569438,4419,5,"PARK7;SAE1;SUMO1"
"GOMF_SMALL_RIBOSOMAL_SUBUNIT_RRNA_BINDING",0.387421622648679,1,0.560471148107836,1.07721328191411,2038,8,"MRPS18A;RPS3;MAP3K20;RPS13;MRPS6;CIRBP;MRPS18C"
"GOMF_SNAP_RECEPTOR_ACTIVITY",0.997991234477721,1,0.196457326892109,0.519801781165592,5464,36,"STX11;VAMP8;VAMP3;SNAP23;STX5;BET1L;STX10;USE1;SNAP29;VAMP7;BET1;GOSR1;BNIP1;STX17;SNAP47;SEC22B;STX4;GOSR2"
"GOMF_SNARE_BINDING",0.506551724137931,1,0.309163994479699,0.972799884841021,2937,105,"TXLNGY;CPLX4;EXOC3L4;LRRK2;SLC6A4;SEC24D;CPLX3;GRIK2;TMED9;STX11;VAMP8;VAMP3"
"GOMF_SNORNA_BINDING",0.973611874656405,1,0.244712769849982,0.627594484665749,5312,30,"NUDT7;NUDT4;NUDT1;ISG20;GAR1;RRP9;NUDT16L1;SNU13;NHP2;NOP10;NUDT5;NOP56;SDE2;UTP6;BYSL;UTP25;DKC1;IMP3;IMP4;XRCC5;WDR3;PRKDC;DHX37;NUDT16;NOP58;NOP14;TBL3;NUFIP1;HEATR1;DDX21"
"GOMF_SNRNA_BINDING",0.999640352454594,1,0.192531576057111,0.531956800867147,5558,45,"LSM8;ISG20;LSM7;SNRPC;MEPCE;HEXIM1;COIL;LSM2;SNRPB2;PRPF31;TUT1;SNU13;SNRNP70;TOE1;SNRPA;LSM3;DDX39B;HEXIM2;LSM4;SART3;EFTUD2;RBM22;C9orf78;PRPF4;CDK9;GEMIN5;CCNT2;SNRPA1;RNPC3;SNRPD3;EIF5A;NCBP2;LSM10;CCNT1;PRPF8;LARP7;METTL16;HNRNPU;SNRNP35;SF3B3;LSM11;DDX21;RBM7;RBM41;CELF3"
"GOMF_SNRNP_BINDING",0.844728800611154,1,0.355096114257202,0.717288516626923,4422,10,"SNRPB;SNRPN;RBM39;PRPF31;SNRNP70;SNRPA;LEMD3"
"GOMF_SODIUM_BICARBONATE_SYMPORTER_ACTIVITY",0.311138767890479,1,-0.644192590538665,-1.16438726327606,1499,6,"SLC4A9"
"GOMF_SODIUM_CHANNEL_ACTIVITY",0.675073846852988,1,-0.304004841292921,-0.885522435229173,2970,52,"SCNN1A;TRPM5;SCN4A;SCNN1G;TRPM2;GRIN1;HCN1;CNGB1;SCN5A;ASIC2;ASIC3;SCN7A;SCN2B;GRIK4;ASIC4;HCN4;GRIK1;GRIK5"
"GOMF_SODIUM_CHANNEL_INHIBITOR_ACTIVITY",0.591867756032681,1,0.472248695192396,0.907651657976124,3114,8,"RSC1A1;PCSK9;NEDD4;CAMK2D;SCN1B"
"GOMF_SODIUM_CHANNEL_REGULATOR_ACTIVITY",0.820744488615829,1,0.293547791959008,0.795279210088089,4541,40,"FXYD3;FXYD1;SCN4B;FXYD2;AGT;RSC1A1;SGK1;PCSK9;NEDD4;SNTA1;CAMK2D;FXYD5"
"GOMF_SODIUM_ION_BINDING",0.378871366140984,1,0.564227537214081,1.08443297957553,1993,8,"CAPN3;SLC6A4;ATP1A2"
"GOMF_SODIUM_ION_TRANSMEMBRANE_TRANSPORTER_ACTIVITY",0.477195536147501,1,-0.290886014468636,-0.987793460471758,1966,154,"SLC28A2;SLC5A5;SLC5A10;ATP4A;SLC4A9;SLC10A1;SLC6A14;SLC17A2;SLC6A13;SCNN1A;ATP12A;TRPM5;SLC12A1;SCN4A;SCNN1G;TRPM2;SLC6A7;SLC13A5;SLC10A4;GRIN1;HCN1;SLC34A3;SLC34A2;CNGB1;SCN5A;ASIC2;SLC1A6;SLC6A6;ASIC3;SLC4A8;SLC29A1"
"GOMF_SODIUM_PHOSPHATE_SYMPORTER_ACTIVITY",0.396755162241888,1,-0.535319278880243,-1.07011840536131,1882,9,"SLC17A2;SLC34A3;SLC34A2"
"GOMF_SODIUM_PROTON_ANTIPORTER_ACTIVITY",0.653593544755114,1,0.395778599409308,0.86384371518211,3482,14,"SLC9A4;SLC9B1;SLC38A3;SLC9A9;SLC9A1"
"GOMF_SOLUTE_INORGANIC_ANION_ANTIPORTER_ACTIVITY",0.920982735723772,1,-0.268778579853592,-0.70725482731924,4160,31,"SLC4A9;SLC26A3"
"GOMF_SOLUTE_MONOATOMIC_CATION_SYMPORTER_ACTIVITY",0.507139457401238,1,-0.300088907283805,-0.972596911563319,2130,105,"SLC28A2;SLC5A5;SLC5A10;SLC4A9;SLC10A1;SLC6A14;SLC17A2;SLC6A13;SLC12A1;SLC39A4;SLC15A1;SLC6A7;SLC32A1;SLC13A5;SLC10A4;SLC16A3;SLC34A3;SLC34A2;SLC12A8;SLC1A6;SLC6A6;SLC4A8;SLC29A1;SLC46A1"
"GOMF_SOLUTE_POTASSIUM_ANTIPORTER_ACTIVITY",0.242123030757689,1,0.518795231207502,1.18203088249495,1290,17,"SLC24A4;SLC9A4;SLC24A1;SLC24A5;SLC24A2;SLC9A9;TMCO3;SLC9A1;SLC24A3"
"GOMF_SOLUTE_PROTON_SYMPORTER_ACTIVITY",0.905104109084209,1,0.28879624121958,0.694073311656064,4911,22,"SLC2A10;SLC2A9;SLC15A4;SLC25A18;SLC15A3;SLC45A2;SLC25A3;SLC2A13"
"GOMF_SOLUTE_SODIUM_SYMPORTER_ACTIVITY",0.218202764976959,1,-0.370923134202036,-1.13167858778832,946,70,"SLC28A2;SLC5A5;SLC5A10;SLC4A9;SLC10A1;SLC6A14;SLC17A2;SLC6A13;SLC12A1;SLC6A7;SLC13A5;SLC10A4;SLC34A3;SLC34A2;SLC1A6;SLC6A6;SLC4A8;SLC29A1"
"GOMF_SOMATOSTATIN_RECEPTOR_ACTIVITY",0.460862456570611,1,-0.633455088099439,-1.04512431755813,2254,4,"SSTR5;SSTR3"
"GOMF_SPECTRIN_BINDING",0.898308201544685,1,0.28545032386859,0.716040426619724,4884,27,"PTPRC;GBP1;SAG;SLC26A5;EPB41L2"
"GOMF_SPERMIDINE_TRANSMEMBRANE_TRANSPORTER_ACTIVITY",0.852417302798982,1,0.408346658070383,0.668362982082599,4354,4,"SLC22A3;SLC22A1"
"GOMF_SPHINGOLIPID_TRANSFER_ACTIVITY",0.996852706672262,1,-0.187991771196231,-0.384248711681542,4750,10,"MTTP"
"GOMF_SPHINGOLIPID_TRANSPORTER_ACTIVITY",0.386418158331796,1,0.440267601600582,1.04905861005921,2093,21,"ATP10B;ABCB4;ATP10D;ATP10A;ABCB1;PLTP;ABCG2;GLTPD2;PLEKHA8P1"
"GOMF_SPHINGOMYELIN_PHOSPHODIESTERASE_ACTIVITY",0.903339556108691,1,-0.345091467507283,-0.623757732287372,4354,6,"SMPDL3B;SMPD3;SMPD4;SMPDL3A"
"GOMF_SPHINGOSINE_1_PHOSPHATE_PHOSPHATASE_ACTIVITY",0.984647860295529,1,0.247237964544134,0.459835203373035,5130,7,"PLPP3;SGPP1;PLPP6;PLPP2;SGPP2"
"GOMF_SPHINGOSINE_1_PHOSPHATE_RECEPTOR_ACTIVITY",0.273021308980213,1,0.60033703085348,1.18131127671909,1434,9,"S1PR5;S1PR4;SPHK1;S1PR3"
"GOMF_SPHINGOSINE_N_ACYLTRANSFERASE_ACTIVITY",0.704855114181539,1,0.440966654630333,0.820149088698993,3672,7,"CERS3;CERS2"
"GOMF_SPLICING_FACTOR_BINDING",0.94835096453018,1,-0.303538787745851,-0.5486506730324,4571,6,"DYRK1A;SF3B1;RBM14;SF3B5;SF3B4;RBM20"
"GOMF_STEROID_BINDING",0.229647630619684,1,0.357355600640038,1.11759442833294,1322,101,"SULT1E1;APOC3;PMP2;SULT2B1;GPER1;AKR1D1;NR3C2;CYP21A2;NR3C1;CAV1;APOD;ANXA6;APOA1;NR1H4;ATP1A2;FABP1;NPC2"
"GOMF_STEROID_DEHYDROGENASE_ACTIVITY",0.923725055432372,1,-0.26570552586747,-0.71654313327744,4165,35,"RDH8;HSD17B3;AKR1C4;RDH16"
"GOMF_STEROID_DEHYDROGENASE_ACTIVITY_ACTING_ON_THE_CH_OH_GROUP_OF_DONORS_NAD_OR_NADP_AS_ACCEPTOR",0.756709194896612,1,-0.316246865139559,-0.821399364598022,3439,29,"RDH8;HSD17B3;AKR1C4;RDH16"
"GOMF_STEROID_HYDROXYLASE_ACTIVITY",0.872468117029257,1,0.312416085919507,0.711813523970791,4651,17,"CYP19A1;CYP21A2;CYP1A1;CYP27A1;CYP7B1;CYP17A1"
"GOMF_STEROL_BINDING",0.779721528025705,1,0.287759250042161,0.844013043828338,4367,65,"APOC3;PMP2;SULT2B1;CAV1;APOD;ANXA6;APOA1;FABP1;NPC2"
"GOMF_STEROL_ESTER_ESTERASE_ACTIVITY",0.664579419745356,1,-0.448552073302426,-0.844755449078974,3183,7,"CES1"
"GOMF_STEROL_TRANSFER_ACTIVITY",0.753894080996885,1,0.320951644509279,0.823117984655677,4113,30,"APOA4;APOE;APOA1;NPC2;PLTP"
"GOMF_STORE_OPERATED_CALCIUM_CHANNEL_ACTIVITY",0.79290809903483,1,-0.367683713689083,-0.751532859083714,3778,10,"TRPC7"
"GOMF_STRUCTURAL_CONSTITUENT_OF_CYTOSKELETON",0.484571625581796,1,0.31361024849161,0.984204348946378,2810,103,"ACTBL2;POTEF;ACTG2;KRT15;MYL9;ARPC1B;ACTA2;ACTC1;ACTL10;KRT6B;POTEI;KRT19;TLN1;PLS3;TUBB6;TPM1;SORBS3;BFSP2;DSP;LMNA;VIM"
"GOMF_STRUCTURAL_CONSTITUENT_OF_MYELIN_SHEATH",0.561115355233002,1,0.461313006725349,0.931844954110255,2937,10,"MAL;PLP1;PLLP;MARVELD1"
"GOMF_STRUCTURAL_CONSTITUENT_OF_NUCLEAR_PORE",0.945999125491911,1,-0.261231240649703,-0.653920648000265,4326,24,"NPAP1;NUP62CL;NUP107;NDC1;POM121;NUP153;NUP160;NUP133;NUP155;NUP205;NUP214;POM121C"
"GOMF_STRUCTURAL_CONSTITUENT_OF_POSTSYNAPSE",0.280607519911095,1,0.49128826679395,1.14642839517986,1514,19,"ACTBL2;POTEF;RAPSN;POTEI"
"GOMF_STRUCTURAL_CONSTITUENT_OF_POSTSYNAPTIC_ACTIN_CYTOSKELETON",0.297168915067452,1,0.607415196940633,1.16743871649756,1563,8,"ACTBL2;POTEF;POTEI;POTEE"
"GOMF_STRUCTURAL_CONSTITUENT_OF_POSTSYNAPTIC_SPECIALIZATION",0.680756610692916,1,0.470144825116513,0.842200649558432,3526,6,"RAPSN;DLG1"
"GOMF_STRUCTURAL_CONSTITUENT_OF_PRESYNAPTIC_ACTIVE_ZONE",0.26883740346483,1,-0.635304592024294,-1.19646535570815,1287,7,"RIMS2;ERC2;RIMS1;RIMS3;BSN;ERC1"
"GOMF_STRUCTURAL_CONSTITUENT_OF_SKIN_EPIDERMIS",0.205139468482319,1,-0.484514465223804,-1.20016754860943,933,23,"KRT77;KRT40;KRT5;KRT72;KRT4;KRT86;KRTAP5-8;KRT37;LORICRIN;PNPLA1"
"GOMF_STRUCTURAL_CONSTITUENT_OF_SYNAPSE",0.375873482898124,1,0.421459159145935,1.05721301005275,2043,27,"ACTBL2;POTEF;RAPSN;POTEI;PLS3"
"GOMF_STRUCTURAL_CONSTITUENT_OF_TOOTH_ENAMEL",0.790068159688413,1,0.478016692716207,0.739960473743391,4056,3,"ENAM;TUFT1"
"GOMF_SUCCINATE_TRANSMEMBRANE_TRANSPORTER_ACTIVITY",0.670719938235862,1,0.493422563316245,0.851080895338427,3474,5,"SLC13A2;SLC25A10"
"GOMF_SUGAR_TRANSMEMBRANE_TRANSPORTER_ACTIVITY",0.372512896094326,1,0.433788806439593,1.06207301575218,2021,24,"SLC5A4;SLC2A10;SLC2A9;SLC23A1;SLC2A5;SLC5A1;SLC2A1;SLC2A12;SLC2A4;SLC2A8;SLC45A2"
"GOMF_SULFATE_BINDING",0.189152673229106,1,0.715731744396945,1.28213628617801,979,6,"CD34;SULT1A3;SULT1A4;GNS"
"GOMF_SULFATE_TRANSMEMBRANE_TRANSPORTER_ACTIVITY",0.957543593631539,1,0.278281196487953,0.596419692689529,5051,13,"SLC26A7;SLC13A4;SLC26A5;SLC26A4"
"GOMF_SULFATIDE_BINDING",0.295309785755646,1,0.660470566106649,1.18314338491632,1529,6,"TREM2;TPP1;MANF;PPT1;CLN3"
"GOMF_SULFOTRANSFERASE_ACTIVITY",0.25098319628173,1,0.398005489535884,1.12356652454552,1403,51,"SULT1E1;SULT1B1;SULT2B1;SULT1C2;SULT1A2;CHST2;CHST14;CHST3;CHST7;SULT1A3;SULT1A1;CHST13;SULT1C4"
"GOMF_SULFUR_AMINO_ACID_TRANSMEMBRANE_TRANSPORTER_ACTIVITY",0.976435935198822,1,-0.23991208296595,-0.50312937324151,4640,11,"SLC7A11;SLC1A4;SLC1A2;SLC3A1;SLC43A2;SLC1A1"
"GOMF_SULFUR_COMPOUND_TRANSMEMBRANE_TRANSPORTER_ACTIVITY",0.937070938215103,1,-0.251921358278007,-0.748321864503534,4094,59,"SLC6A13;SLC26A3;SLC25A47;SLC19A3;ABCC4;UCP2;SLC26A8;SLC44A4"
"GOMF_SULFURTRANSFERASE_ACTIVITY",0.515946286193873,1,-0.473672406961573,-0.968170101148173,2458,10,"TSTD1;MOCOS"
"GOMF_SUMO_BINDING",0.758886509635974,1,-0.343012836923527,-0.797205670732562,3543,17,"SOBP;CBX4;RNF111;USP25;HERC2;UBA2;USPL1;SERBP1;PELP1;TDG;CASP8AP2;GCNA;TOLLIP;PML;SIMC1;RNF4;HABP4"
"GOMF_SUMO_POLYMER_BINDING",0.903132130263431,1,-0.345324267017621,-0.624178520711075,4353,6,"SOBP;RNF111;CASP8AP2;GCNA;SIMC1;RNF4"
"GOMF_SUMO_TRANSFERASE_ACTIVITY",0.43370288248337,1,-0.373934316363456,-1.00840983947271,1955,35,"TRIM60;RNF212B"
"GOMF_SUPERCOILED_DNA_BINDING",0.85273113298591,1,0.379514747925493,0.679849165925932,4417,6,"RPS3;HMGB1;HMGB2;ABL1"
"GOMF_SUPEROXIDE_GENERATING_NAD_P_H_OXIDASE_ACTIVITY",0.387891520244461,1,0.529006031001778,1.06858378908962,2030,10,"NOX5;NCF2;CYBA;NOX4;NOS3;NCF1"
"GOMF_SUPEROXIDE_GENERATING_NADPH_OXIDASE_ACTIVATOR_ACTIVITY",0.624048706240487,1,0.447927654724247,0.881408213196215,3279,9,"NCF2;PDGFB;AGT;NCF1;SH3PXD2A"
"GOMF_SUPEROXIDE_GENERATING_NADPH_OXIDASE_ACTIVITY",0.712468193384224,1,0.497979793497738,0.815070365389541,3639,4,"NOX5;NOX4"
"GOMF_SYMPORTER_ACTIVITY",0.895525940028558,1,-0.250795897158776,-0.835408611925476,3762,131,"SLC28A2;SLC5A5;SLC5A10;SLC4A9;SLC10A1;SLC6A14;SLC17A2;SLC6A13;SLC12A1;SLC39A4;SLC15A1;SLC6A7;SLC32A1;SLC16A11;SLC13A5;SLC10A4;SLC16A3;SLC34A3;SLC34A2;SLC12A8;SLC1A6;SLC6A6;SLC4A8;SLC29A1;SLC46A1"
"GOMF_SYNDECAN_BINDING",0.421733256128161,1,0.629285666276496,1.08542464024893,2184,5,"TNC;GPNMB;SEMA5A"
"GOMF_SYNTAXIN_1_BINDING",0.913100152074734,1,-0.286375709711653,-0.681599225245692,4202,19,"CPLX1;UNC13C;UNC13B;CPLX2;SYT1;SNAP25;SNPH;STXBP1;UNC13A;VAMP2"
"GOMF_SYNTAXIN_BINDING",0.179857397504456,1,0.403759780498587,1.17432024554925,1008,61,"TXLNGY;CPLX4;LRRK2;SLC6A4;CPLX3;TMED9;VAMP8;VAMP3"
"GOMF_T_CELL_RECEPTOR_BINDING",0.37302756154008,1,-0.51531363962168,-1.08068516316644,1772,11,"LCK;HLA-DRA"
"GOMF_TAP_BINDING",0.939887288666249,1,-0.299248166744773,-0.563572290778603,4502,7,"HLA-F"
"GOMF_TASTE_RECEPTOR_ACTIVITY",0.302265372168285,1,-0.477050755751087,-1.12391390599112,1400,18,"TAS2R43;PKD1L3;TAS2R8;TAS2R10;TAS2R3;TAS2R31;TAS2R14;FFAR4"
"GOMF_TAT_PROTEIN_BINDING",0.999370541334452,1,-0.16664653595971,-0.340619785330232,4762,10,"DLL1;DNAJA1;GABARAPL1;ACTB;SMARCA4"
"GOMF_TAU_PROTEIN_BINDING",0.964671953857246,1,0.246158083521191,0.677675270487784,5351,44,"S100B;APOE"
"GOMF_TAU_PROTEIN_KINASE_ACTIVITY",0.436065573770492,1,-0.411183588699832,-1.01075568206904,1994,22,"TTBK1;BRSK2;MARK1;BRSK1;GSK3B;DYRK1A;TTBK2;TAOK1;CDK5;MARK2;FYN"
"GOMF_TAURINE_TRANSMEMBRANE_TRANSPORTER_ACTIVITY",0.311346193735739,1,-0.679384080397186,-1.16990393019437,1500,5,"SLC6A13;SLC6A6;SLC6A11"
"GOMF_TBP_CLASS_PROTEIN_BINDING",0.279555966697502,1,0.460953647539003,1.13583142752627,1510,25,"NR3C2;NR3C1;AHR;ESR1"
"GOMF_TELETHONIN_BINDING",0.691038188447515,1,0.448485533644408,0.834133370065124,3600,7,"MYOZ2;MYOZ3;TTN"
"GOMF_TELOMERASE_ACTIVITY",0.985480190831778,1,-0.253110857126192,-0.457501471707684,4750,6,"TERF1;TERF2;PTGES3;TEP1"
"GOMF_TELOMERASE_INHIBITOR_ACTIVITY",0.887326619798594,1,0.3406332260895,0.654689606492043,4669,8,"PIF1;PINX1;TEN1;ACD;MCRS1;POT1;ERCC4;TNKS"
"GOMF_TELOMERASE_RNA_BINDING",0.913948774645292,1,0.284731875045724,0.684305289474896,4959,22,"TERT;SNRPB;GAR1;WRAP53;HNRNPC;NAF1;PINX1;NHP2;NOP10;EXOSC10;SMG5;XRN1;DKC1;SNRPD3;TENT4B;HNRNPU;TEP1;SMG6;DHX36;PARN;DCP2"
"GOMF_TELOMERIC_DNA_BINDING",0.998730043541364,1,0.196727911573091,0.526977539071159,5504,38,"RPA4;TERT;RPA2;PIF1;UPF1;RPA1;APEX1;HNRNPA1;HNRNPD;TELO2;TEN1;HNRNPA2B1;ACD;STN1;NABP2;ZBTB48;XRCC6;TINF2;WRN;SMG5;POT1;SMG1;CTC1;HMBOX1;PURA;XRCC5;SMG6;NCL;KDM1A;UPF2;ZBTB10;UPF3A;TERF2IP;BLM;SMG7;TERF2;TERF1;RAD50"
"GOMF_TESTOSTERONE_6_BETA_HYDROXYLASE_ACTIVITY",0.464762687487158,1,-0.668628906094753,-1.0428903115541,2261,3,"CYP1B1"
"GOMF_TETRAPYRROLE_BINDING",0.204636858291933,1,-0.337442309798687,-1.11722983457214,864,123,"IDO1;CYP4F22;CYP2G1P;HBZ;CYP4Z1;FA2H;HRG;CYP2B6;CYP2S1;CYP2C18;NGB;CYP24A1;TDO2;CYP4F3;CYP1B1;CYP2A13;PTGS1;NOS2;ENSG00000274276;CYBB"
"GOMF_TFIID_CLASS_TRANSCRIPTION_FACTOR_COMPLEX_BINDING",0.875668449197861,1,0.337733089579525,0.682215482270409,4584,10,"AHR;EDF1;ERCC1;FBL;RUVBL2"
"GOMF_THIAMINE_PYROPHOSPHATE_BINDING",0.435323907997468,1,-0.536764499864776,-1.04217248885452,2062,8,"TKTL1"
"GOMF_THIAMINE_TRANSMEMBRANE_TRANSPORTER_ACTIVITY",0.600497822028625,1,-0.500023047360327,-0.903798764906629,2894,6,"SLC19A3;SLC44A4"
"GOMF_THIOESTERASE_BINDING",0.740450725744843,1,0.39611445251985,0.800144909095374,3876,10,"TRAF5;TRAF3;HAUS7;TRAF2;TRAF1;ADRA2A;TRAF4"
"GOMF_THIOL_OXIDASE_ACTIVITY",0.864697934761629,1,0.370629861749017,0.663933098132936,4479,6,"P4HB;ERO1B;QSOX2;QSOX1"
"GOMF_THIOLESTER_HYDROLASE_ACTIVITY",0.788932948810382,1,0.2982856157166,0.821182804244412,4376,44,"ACOT12;ACOT6;PTPRT;ACOT11;CLN5;ABCD1;CLYBL"
"GOMF_THIOREDOXIN_DEPENDENT_PEROXIREDOXIN_ACTIVITY",0.937077784211542,1,0.309790158660525,0.554947026772112,4854,6,"SELENOF;PRDX3;PRDX4;PRDX1;PRDX2;PRDX5"
"GOMF_THIOREDOXIN_DISULFIDE_REDUCTASE_NADPH_ACTIVITY",0.407848048424129,1,-0.567929068124022,-1.06957743268448,1953,7,"TXNRD2;TXNDC2"
"GOMF_THYROID_HORMONE_TRANSMEMBRANE_TRANSPORTER_ACTIVITY",0.451471509079524,1,-0.549119518534713,-1.03415351993049,2162,7,"SLCO1C1"
"GOMF_TITIN_BINDING",0.563154886645075,1,0.450672870862506,0.929604118573723,2955,11,"CAPN3;ANKRD1;CAMK2D;ANKRD23;MYBPC1;TCAP"
"GOMF_TOLL_LIKE_RECEPTOR_4_BINDING",0.674598332316453,1,-0.61251190717828,-0.886291120916364,3316,2,"TIRAP"
"GOMF_TOLL_LIKE_RECEPTOR_BINDING",0.341588874071252,1,0.536954305650178,1.1075770615236,1792,11,"TLR10;SYK;TLR2;UNC93B1;CD36"
"GOMF_TORC2_COMPLEX_BINDING",0.648523451071222,1,0.505287088771773,0.871545445803228,3359,5,"NCKAP1L;RPL23A;SIRT6;AKT1"
"GOMF_TOXIC_SUBSTANCE_BINDING",0.499894803282138,1,-0.467476834995658,-0.980364657288526,2375,11,"ALB;DSG1;A4GALT;CHRNA7"
"GOMF_TPR_DOMAIN_BINDING",0.523898977249009,1,-0.517175406655926,-0.973993364216749,2509,7,"RAB8B;PDE2A;TRAK2;HSP90AA1;HSP90AB1;SRP72"
"GOMF_TRAIL_BINDING",0.272460364063418,1,0.736840181313057,1.2060260349083,1391,4,"TNFRSF10C;TNFRSF10D;TNFRSF10A;TNFRSF10B"
"GOMF_TRANSAMINASE_ACTIVITY",0.952645209027007,1,0.270221897753511,0.637024392695842,5149,20,"ETNPPL;GFPT2"
"GOMF_TRANSCRIPTION_COACTIVATOR_ACTIVITY",1,1,0.192031615552792,0.675010765183791,6164,291,"STING1;GMNC;WNT3A;FHL5;CIDEA;VGLL2;TGFB1I1;TRIM22;TRIM38;IL31RA;WWTR1;PBXIP1;TRIM5;ANKRD1;GTF2A1L;NIBAN2;SERTAD1;NOTCH2;ZFPM2;SMARCA2;ARID5B;ACTN1;CD274"
"GOMF_TRANSCRIPTION_COACTIVATOR_BINDING",0.244190203789775,1,0.400195401637196,1.12974863005266,1365,51,"GATA3;EPAS1;GATA6;HAND2;GATA2;GATA1;STAT6;AHR;SMAD3;VGLL4;TERT;ESR1;RPL23;TEAD2"
"GOMF_TRANSCRIPTION_COREGULATOR_ACTIVITY",1,1,0.1730728674046,0.635118443353092,6401,533,"TBL1Y;STING1;GMNC;FOXA2;WNT3A;CRYM;ID3;FHL5;ID1;CIDEA;VGLL2;TGFB1I1;TRIM22;TRIM38;TCERG1L;IL31RA;WWTR1;EN2;LMCD1;PBXIP1;NFKBIZ;TLE2;ID2;SMAD7;PARP14;TRIM5;ANKRD1;GTF2A1L;NIBAN2;CCND1;SERTAD1;NOTCH2;ZFPM2;PTPN14;SMARCA2;FHL3;WNT4;ARID5B;FHL2;HMGA2;ACTN1"
"GOMF_TRANSCRIPTION_COREGULATOR_BINDING",0.226040407528924,1,0.344125302239661,1.10838690263035,1308,127,"TWIST1;GATA3;EPAS1;GATA6;HAND2;ETS1;GATA2;HAND1;PPARG;GATA1;HES1;TP73;STAT6;NR1H4;AHR;SMAD3;BCL6"
"GOMF_TRANSCRIPTION_COREPRESSOR_ACTIVITY",0.998502994011976,1,0.211548579784392,0.721185207754068,6002,209,"TBL1Y;FOXA2;CRYM;ID3;ID1;TRIM22;WWTR1;EN2;LMCD1;PBXIP1;TLE2;ID2;SMAD7;PARP14;ANKRD1;CCND1;ZFPM2;WNT4;FHL2;HMGA2;ARID5A;KCTD1;IRF2BP2;AJUBA;KCTD15;WTIP;CITED2;ZNF366;TBX6;YAP1;LMO4;SUFU"
"GOMF_TRANSCRIPTION_COREPRESSOR_BINDING",0.968358956024312,1,0.242586971504787,0.684821208851903,5416,51,"ETS1;HES1;TP73;SMAD3;BCL6;ESR1;THAP7;EED;RUNX1;HDGF;PER3;NEK6;HDAC3;PHF12;TCF7L2;ELOB;ZBTB7A;TRAPPC2B;NR1D1;LEF1;CTNNB1;STAT1;CNOT2"
"GOMF_TRANSCRIPTION_ELONGATION_FACTOR_ACTIVITY",0.956622936944562,1,-0.267167395145475,-0.584179433423437,4520,13,"TCEA3;POLR2M;EAF1;WDR43;TCEA1;TCEANC;VHL"
"GOMF_TRANSCRIPTION_REGULATOR_ACTIVATOR_ACTIVITY",0.965839694656489,1,0.266454585344449,0.560547026855484,5060,12,"STK3;HIF1A;SAV1;ELK1;BICRA;NSD3;MBTPS2;PARP1;ZNF143;DDIT3;JMJD6;NOTCH1"
"GOMF_TRANSCRIPTION_REGULATOR_ACTIVITY",0.212908303817395,1,0.26781081034431,1.04519197734396,1622,1874,"ZFY;PEG3;TBL1Y;ZNF876P;STING1;ERG;TWIST1;TFAP2D;HOXA9;SRY;HOXC6;MSX2;ZIM2;HOXC8;KLF14;HOXB13;HOXA4;SOX10;FEV;TCF21;GMNC;FOXC1;BARHL1;FOXD2;WT1;PRRX2;TFAP2B;MEOX1;MYOD1;PRRX1;MYOG;SOHLH1;DLX4;FOXA2;SNAI2;TBX1;TBX3;LMX1B;WNT3A;ALX1;TBX18;HOXB9;MSX1;GSC;CRYM;TBX15;GATA3;OSR1;GLIS1;TPRXL;LMX1A;ALX4;TBX5;RARG;ZNF705A;EPAS1;ID3;GATA6;PTF1A;SIX2;HAND2;FLI1;ZNF781;ETS1;GATA2;ZNF683;HOXB7;FHL5;FOXC2;FOXD3;FOXE1;ID1;FOXL2;PITX3;FOXR1;NFATC2;SEBOX;SNAI1;GPER1;HAND1;ASCL2;ASCL4;PPARG;FOXD1;HOXD8;HSFY1;CIDEA;PITX1;NFIX;VGLL2;ELK3;SP5;HOXC10;TGFB1I1;FOXS1;FOXF2;HOXC9;FOXL1;TLX2;SAMD11;ATOH8;NR3C2;PAX3;TBX2;RARB;HOXA7;RUNX2;TRIM22;CEBPD;TAL2;POU4F3;TRIM38;GATA1;MEF2B;SIM2;CDX2;PAX7;NR3C1;TCERG1L;IL31RA;WWTR1;NR4A2;GLIS3;FOXJ1;EN2;ELF4;MAF;ATOH1;EN1;NR2F2;MEF2C;BATF2;HES1;HLX;LMCD1;HOXC5;NFATC4;ALX3;NFATC1;HEYL;NFIA;FOXQ1;SPI1;PBXIP1;NFKBIZ;POU2F3;HIC1;TLE2;ETV2;GATA5;ID2;OLIG3;SP110;MAFB;ZIC4;GFI1;GATA4;NFIB;SMAD7;TGIF1;POU4F2;CSRNP1;PARP14;HOXA11;TRIM5;TBX4;HOXB8;GRHL3;LHX8;ANKRD1;TEAD3;TFAP2A;PRDM1;AEBP1;GRHL2;RFX6;GTF2A1L;LITAF;FOXE3;FOXO1;HEY1;TP73;FOXD4;CREB3L2;NKX2-5;STAT6;NR1H4;HOXB4;NIBAN2;JPH2;CCND1;HMX3;HOXB3;HOXA5;NFIC;SERTAD1;AHR;MEOX2;ZNF665;JUN;NKX3-2;ZNF702P;RAX;ELF1;GFI1B;BHLHA15;NOTCH2;ZFPM2;HOXB5;HOXD9;GBX1;MXD3;PDE3A;SMAD9;SIX5;RXRG;TFAP2C;FOXA1;TLX1;PKNOX2;SMAD3;IRF3;PTPN14;BCL6;SMARCA2;ZNF83;FHL3;GLI1;POU4F1;ZIC2;ZNF833P;EVX1;WNT4"
"GOMF_TRANSFERASE_ACTIVITY_TRANSFERRING_ALKYL_OR_ARYL_OTHER_THAN_METHYL_GROUPS",0.267235252309879,1,0.384562816862497,1.11011388606561,1503,58,"GSTT4;GSTM1;GSTA3;CLIC2;GSTA1;ALOX5AP;GSTK1;MGST2;GSTZ1;GSTP1;DTWD2;GSTT2B;MGST1;GSTO1;FNTB;LANCL1;LTC4S"
"GOMF_TRANSFERASE_ACTIVITY_TRANSFERRING_NITROGENOUS_GROUPS",0.812210915818686,1,0.315079603180661,0.776384604777035,4389,25,"ETNPPL;BLVRB;GFPT2"
"GOMF_TRANSFERASE_ACTIVITY_TRANSFERRING_ONE_CARBON_GROUPS",1,1,-0.128362452660435,-0.450468151954904,3974,211,"METTL21EP;TMT1B;PRDM14;NTMT2;COMT;FAM86C2P;DNMT3B;PRDM7;PRMT8;FTCD;TRMT2B;SMYD1;PRDM8;FBLL1;CAMKMT;NSUN3;SETD7;SUV39H2;PRDM16"
"GOMF_TRANSFERASE_ACTIVITY_TRANSFERRING_PHOSPHORUS_CONTAINING_GROUPS",1,1,0.144610188636617,0.546711160297222,6891,890,"PRKY;MAP3K19;ART3;DGKG;SRPK3;ERBB3;TGFBR2;BLK;TIE1;GUCY2F;TSSK1B;DDR2;PDGFRA;PDGFRB;FLT1;LRRK2;CCL2;NRK;ALPK2;PIPSL;SGMS2;LRRK1;MUSK;SPHK1;HKDC1;TEC;ACVRL1;PLK2;SYK;EPHA6;ITPKB;PAPSS2;OAS1;INSRR;ALPK1;CSNK2A3;MYO3B;NRP2;ROR2;TGFBR3;PRAG1;PARP14;LTK;ROR1;PDK4;TENT5A;EPHA7;ERBB4;POLR3G;CDK18;CCND1;STK3;SBK2;CKMT2;IKBKE;TGFBR3L;EFEMP1;UAP1L1;EPHA2;RIPK4;POLD4;CRIM1;EPHB4;AXL;MYLK3;EGFR;CERKL;LYN;MAP3K6;FGFR2;SIK1"
"GOMF_TRANSFERASE_ACTIVITY_TRANSFERRING_SULPHUR_CONTAINING_GROUPS",0.187477829017382,1,0.395581123218275,1.16845083809218,1056,68,"SULT1E1;SULT1B1;SULT2B1;ACSM3;SULT1C2;SULT1A2;SUGCT;CHST2;CHST14;CHST3;CHST7;SULT1A3;SULT1A1;CHST13;SULT1C4"
"GOMF_TRANSFERRIN_RECEPTOR_BINDING",0.835016193560678,1,0.354559953728015,0.73135175107407,4382,11,"HFE;SNX2;SNX1;CD81"
"GOMF_TRANSFORMING_GROWTH_FACTOR_BETA_RECEPTOR_ACTIVITY",0.35706106870229,1,0.517894385123313,1.08950708215714,1870,12,"TGFBR2;ACVRL1;TGFBR3;TGFBR3L"
"GOMF_TRANSFORMING_GROWTH_FACTOR_BETA_RECEPTOR_ACTIVITY_TYPE_I",0.683072765875314,1,0.487010685318068,0.840021354747473,3538,5,"ACVRL1;ACVR1;BMPR1A"
"GOMF_TRANSITION_METAL_ION_TRANSMEMBRANE_TRANSPORTER_ACTIVITY",0.933369447453954,1,0.262428187076623,0.719596204464251,5168,43,"SLC39A5;SLC39A12;SLC39A2;SLC40A1;MCOLN2;SLC39A7;SLC30A3;TMEM165;SLC39A1;SLC39A3;ATP7B"
"GOMF_TRANSKETOLASE_OR_TRANSALDOLASE_ACTIVITY",0.440572495332918,1,-0.616474217866556,-1.06157272617271,2123,5,"TKTL1"
"GOMF_TRANSLATION_ACTIVATOR_ACTIVITY",0.430889169827223,1,-0.52117752751188,-1.0418486437062,2044,9,"DAZL"
"GOMF_TRANSLATION_ELONGATION_FACTOR_ACTIVITY",0.586755456899741,1,0.387638726909925,0.913824255724943,3171,20,"EEF1A1P5;EIF5AL1;GTPBP2;EIF5A2;EEF1B2;EEF1A1;EEF1D;EEF1G"
"GOMF_TRANSLATION_FACTOR_ACTIVITY",0.744141308149703,1,0.285674345934972,0.873249232474251,4254,85,"EIF1AY;EEF1A1P5;EIF4E1B;EIF5AL1;EIF2S3B;EIF2D;EIF4E2;GTPBP2;EIF5A2;EIF3F;EEF1B2;EIF3G;EEF1A1;EEF1D;EIF6;MTIF3;EIF2B2"
"GOMF_TRANSLATION_FACTOR_ACTIVITY_RNA_BINDING",0.854426229508197,1,-0.302637699772004,-0.743932352991262,3908,22,"CPEB1;EIF2S3;EIF1AX;CPEB3;CPEB4;EEF2K;EEF1A2;MTIF2;ABCF1;EIF4G2;EIF4A1;EIF2B3"
"GOMF_TRANSLATION_INITIATION_FACTOR_ACTIVITY",0.177332856632106,1,0.422416838359077,1.19247957996274,991,51,"EIF1AY;EIF4E1B;EIF2S3B;EIF2D;EIF4E2;EIF3F;EIF3G;EIF6;MTIF3;EIF2B2"
"GOMF_TRANSLATION_INITIATION_FACTOR_BINDING",0.977797513321492,1,-0.233936780583672,-0.628598607431236,4403,34,"LIN28A;EIF4EBP3;EIF3C;DDX3X;EIF3CL;EIF4EBP2;EIF3B;FMR1;SYT11;LARP1;OTX2;EIF4E;PPP1R15B"
"GOMF_TRANSLATION_REGULATOR_ACTIVITY",1,1,0.169788766745637,0.490127644685107,5627,58,"DHFRP1;ZFP36;ZFP36L2;SAMD4A;C8orf88"
"GOMF_TRANSLATION_REPRESSOR_ACTIVITY",0.83418553688824,1,0.296444820276036,0.784356318160748,4567,36,"DHFRP1;ZFP36;ZFP36L2;SAMD4A;C8orf88"
"GOMF_TRANSLATION_TERMINATION_FACTOR_ACTIVITY",0.546441243999165,1,-0.505491576966152,-0.951989277324717,2617,7,"GSPT2;GSPT1;MTRF1L;MTRF1;ETF1"
"GOMF_TRANSMEMBRANE_EPHRIN_RECEPTOR_ACTIVITY",0.906089193825043,1,-0.300489649359869,-0.677982222340654,4225,15,"EPHA1;EPHA10;EPHA4;EPHA3;EPHB1;EPHB2;EFNA3"
"GOMF_TRANSMEMBRANE_RECEPTOR_PROTEIN_PHOSPHATASE_ACTIVITY",0.325018754688672,1,0.483339585328136,1.10124820395978,1732,17,"PTPRC;PTPRB;PTPRT;PTPRR;PTPRD"
"GOMF_TRANSMEMBRANE_RECEPTOR_PROTEIN_SERINE_THREONINE_KINASE_ACTIVITY",0.421605401350338,1,0.451086710645301,1.027762767643,2247,17,"TGFBR2;ACVRL1;TGFBR3;TGFBR3L"
"GOMF_TRANSMEMBRANE_RECEPTOR_PROTEIN_SERINE_THREONINE_KINASE_BINDING",0.33695652173913,1,0.444296504083578,1.08779968725612,1828,24,"CFC1B;INHBA;BMP5;SMAD6;RSPO2;CRIPTO3;BMP4;BMP2;SMAD7;BMP6;BMP7;CDH5"
"GOMF_TRANSMEMBRANE_RECEPTOR_PROTEIN_TYROSINE_KINASE_ACTIVATOR_ACTIVITY",0.5420773313116,1,0.438953320987281,0.940776481172042,2859,13,"AREG;GREM1;NGF"
"GOMF_TRANSMEMBRANE_RECEPTOR_PROTEIN_TYROSINE_KINASE_ADAPTOR_ACTIVITY",0.959474671669794,1,0.270222817202534,0.608084972263952,5113,16,"STAP1;BLNK;IRS1;SHC1;TRADD"
"GOMF_TRANSMEMBRANE_TRANSPORTER_BINDING",0.995652173913044,1,-0.213370834020665,-0.717925124166646,4121,144,"KCNE3;LRRC38;PYCARD;ABCC8;ATP2A3;NOS1;KCNH5;FGF13;TMEM74;KCNAB1;WNK3;GPD1L;SCN5A;KCNQ1;KCNIP2;KCNAB3;CBARP;KCNJ11;NEDD4L;RIMS2;KCNE1;SCN7A;PDE4B;TRAPPC2;KCNE4;ACTN2;STK39;RIMS4;STX1A;LRRC26;KCNC1;SRC;HAP1;RIMS3;AKAP6;FKBP1B;PDE4D;PGK1;ANK1"
"GOMF_TRANSPORTER_ACTIVATOR_ACTIVITY",0.967424573677306,1,-0.245684982232243,-0.615004860772668,4424,24,"LRRC38;WNK3;PDZK1;ACTN2;STK39;LRRC26"
"GOMF_TRANSPORTER_ACTIVITY",1,1,0.210015453859462,0.804370917330701,7122,1167,"STING1;SLC16A12;CHRNG;APOA4;ABCA8;TMC1;SLC35D3;CLCA2;GJB3;SLC39A5;ATP1A4;SLC6A2;GJB2;FXYD3;NOX5;TRPV4;CLIC6;MTCO2P12;AZGP1;KCNJ15;XKR9;RHBG;SLC25A2;ATP6V0D2;SLC39A12;ABCA6;KCNMB1;SLC13A2;SLC5A4;GJA5;P2RX7;RHAG;SLC66A1LP;ABCC12;AQP7;CIDEA;TMC8;CALHM4;FXYD1;CLDN16;ABCA4;SLCO2A1;GJA3;SLC38A11;SLC2A10;SLC16A4;OTOP1;SLC2A9;CHRNB3;SLC38A4;SLC24A4;GJB1;TRPM3;SLC9A4;CYBRD1;AQP6;ATP10B;ABCA9;KCNA7;ABCC2;STRA6;CNGB3;SLC1A7;SLC38A8;SLC24A1;PIEZO2;PKD2L2;SLC23A1;KCNK5;CACNA1G;ABCC9;CLIC2;SLC5A12;SLC7A8;KCNE5;PLSCR5;SLC26A7;TMC6;SCN10A;OCA2;HVCN1;ABCB4;GJA1;SCN1A;SCN4B;TMBIM1;TMEM37;SLC22A3;CALHM5;GJA4;APOE;ATP10D;GJC3;SLC13A4;ITPR3;GJA8;KCNK13;AQP4;UQCRFS1P1;ANO9;PKD1L2;TMC3;KCNE2;TTYH2;CACNA1S;KCNJ2;TMEM63A;SLC2A5;APOD;SLC16A5;TMC2;PKDREJ;SLC18A2;SLC37A2;ANXA6;SLC6A4;APOA1;SLC26A5;FLVCR2;SCNN1B;ABCB5;SLC6A3;SLC17A4;SLC4A1;GABRE;TMEM109;MIP;ADAMTS8;ATP1A2;SLC5A1;ATP10A;MCOLN3;FABP1;ABCB1;ABCA10;SLC22A31;SV2B;SLC39A2;CPLX3;UCP1;GRID2;NPC2;SLC22A1;SLC26A4;SLC15A4;P2RX1;ATP13A4;CIDEC;SLC22A13;MAGT1;CHRNA1;SLC25A18;SLC12A4;SLC43A3;CD36;SLC2A1;AQP1;GRIK2;CACNG5;PLTP;GRIN3B;KCNJ6;SLC44A3;BAX;CLDN4;ITPR2;SLC27A6;SLC40A1;SLC23A3;PLSCR1;SLC24A5;SLC9B1;KCNN4;CNGA1;SLC16A8;SERINC2;TRPC6;ABCA12;ATP2A1;KCNK17;ITPR1;ORAI3;PEX2"
"GOMF_TRANSPORTER_INHIBITOR_ACTIVITY",0.771631205673759,1,0.293739186643296,0.841516826073255,4351,55,"STOML3;OSR1;CAV1;ANO9;PACSIN3;RSC1A1;VAMP8;ITPR1;PCSK9;NEDD4;TNNI3;CAMK2D;WNK4;CFTR;ANKRD36C;LAMP1;PHPT1"
"GOMF_TRANSPORTER_REGULATOR_ACTIVITY",1,1,-0.174879062888055,-0.607163167391185,4032,186,"KCNE3;HAMP;FXYD4;LRRC38;NPY2R;ATP2A3;LYNX1;KCNMB3;DRD4;GRM3;ADRB2;NOS1;RRAD;FGF13;STOM;KCNAB1;WNK3;GPD1L;SNCA;KCNIP2;HPCAL4;PDZK1;KCNAB3;FGF14;CACNB1;KCNMB2;NEDD4L;TMPRSS3;DPP6;KCNE1;SCN2B;PDE4B;KCNE4;ACTN2;GLRX;CACNG8;CACNG2;STK39;STX1A;FXYD7;LRRC26;CHRNA7;CACNG7"
"GOMF_TRIACYLGLYCEROL_LIPASE_ACTIVITY",0.496145610278373,1,-0.416734686310812,-0.968544670507484,2316,17,"LIPF;LIPC"
"GOMF_TRIPEPTIDE_TRANSMEMBRANE_TRANSPORTER_ACTIVITY",0.785082174462705,1,-0.374621217635736,-0.748878427971857,3725,9,"SLC15A1;ABCC4;SLC13A3"
"GOMF_TRIPLET_CODON_AMINO_ACID_ADAPTOR_ACTIVITY",0.205593821749113,1,-0.670457689055075,-1.26266897405311,984,7,"HYDIN2;ENSG00000227733;LINC02591;MT-TS1"
"GOMF_TRNA_BINDING",0.236786469344609,1,0.369340780115213,1.11929172830992,1343,80,"EIF1AY;EIF2S3B;TERT;RPL35A;PTRH1;SLFN13;THG1L;PSTK;EEF1A1;EIF2AK4;SLFN11"
"GOMF_TRNA_CYTIDINE_METHYLTRANSFERASE_ACTIVITY",0.426883308714919,1,-0.540053103506243,-1.04855758370104,2022,8,"NSUN3;METTL2A;TRDMT1;METTL2B;METTL6"
"GOMF_TRNA_GUANINE_METHYLTRANSFERASE_ACTIVITY",0.732255354892902,1,-0.374104139242358,-0.801343646078769,3486,12,"TRMT1L;TRMT5;THUMPD2;TRMT10A;TRMT10B;FTSJ1;TRMT10C;METTL1;THUMPD3;TARBP1;TRMT1;TRMT11"
"GOMF_TRNA_METHYLTRANSFERASE_ACTIVITY",0.92871419053964,1,-0.264093102856953,-0.705410918302482,4181,33,"TRMT2B;NSUN3;METTL2A;TRMT1L;TRDMT1;TRMT5;THUMPD2;TRMT9B;TRMT10A;METTL2B;METTL6;TRMT61B;TRMT10B;FTSJ1;TYW3"
"GOMF_TRNA_PSEUDOURIDINE_SYNTHASE_ACTIVITY",0.985650981219667,1,-0.237350102369114,-0.460834773868632,4670,8,"PUS3;PUS7;PUS1;TRUB1;RPUSD4;TRUB2;PUSL1;PUS10"
"GOMF_TRNA_SPECIFIC_ADENOSINE_DEAMINASE_ACTIVITY",0.16406099208647,1,0.729532418330057,1.30685832060204,849,6,"ADAD2;ADARB1;ADARB2"
"GOMF_TRNA_SPECIFIC_RIBONUCLEASE_ACTIVITY",0.990792291220557,1,-0.209450316351534,-0.486789303367671,4626,17,"RPPH1;RPP40;ELAC2;TSEN2;RPP14;PRORP;POP1;RPP21;RPP38;POP4;ELAC1;RPP25;POP7;RPP30;TSEN34;POP5;ANG"
"GOMF_TRNA_URIDINE_METHYLTRANSFERASE_ACTIVITY",0.960174237710019,1,-0.298737569830697,-0.514428093218379,4628,5,"TRMT2B"
"GOMF_TROPOMYOSIN_BINDING",0.681972069403301,1,-0.385281309976939,-0.842443432322321,3222,13,"PYCARD;LMOD3;SMTNL1;TNNT1"
"GOMF_TUBULIN_BINDING",1,1,-0.149945932004642,-0.556097025123153,3715,386,"SAXO1;TTLL2;MX2;MX1;TRIM54;MTUS1;CCDC187;WIPF3;RGS2;KIF21A;FMN1;TTLL6;CAPN6;FGF13;GAS2L2;EML6;FTCD;NEFL;BRCA2;TPPP3;FES;MAP2;DCX;SNCA;MAP1B;AGBL4;GAS8;AGTPBP1;SPATA4;NEFM;PAK1;KIF25;MAST1;NCALD;KIF26A;NAV3;CCSAP;PDE4B;FAM161A;SGIP1;STMN2;DNAL1;MAP6;DNM3;VASH2;KIF5C;CDK5R1;KIF6;KIF5A;DYNC1I1;KIF21B;SPMIP6;REEP2;MAPRE3;PHF6;KIF14;KIF3C;MAPT;TRIM36;APC2;CCDC13;KATNAL1;MAP1A;CAMSAP3;TERF1;MAP1LC3A;MAP7D2;TUBA1A;CCDC88C;BRSK1;MAPRE2;KLC3;DYRK1A;EML1;JAKMIP3;GAS2L3;TTBK2;SPIRE1;CENPV;ARL3;STRBP;CCDC88A;NEFH;DDX3X;CHP1;ARL4C;KIF1A;RAB11FIP5;MID2;APC;CCDC181;RGS14;CCSER2;SPAST;BEX4;MAP1S;KIF1B;JAKMIP2;KIF15;CLASP2;FBXW11;FSD1;MAP9;JAKMIP1;KIF4A;CLIP3;KIF13A;CENPE;FEZ1;CKAP5;TAOK1;HSPH1;REEP1;VBP1;KIF3A;KIF2A;FMR1;SKA2;OPA1;EML2;CENPF;CLIP2;KIF3B;TRAF3IP1;SYT11;CDK5;HAUS6"
"GOMF_TUMOR_NECROSIS_FACTOR_BINDING",0.662420382165605,1,0.478298420631988,0.856806709377698,3431,6,"TMC8;TNFRSF1A;A2M"
"GOMF_TUMOR_NECROSIS_FACTOR_RECEPTOR_ACTIVITY",0.504085122553677,1,0.510911984389853,0.981961653747706,2652,8,"TNFRSF19;TNFRSF11A;FAS;TNFRSF1A"
"GOMF_TUMOR_NECROSIS_FACTOR_RECEPTOR_BINDING",0.615667524825303,1,0.359724852542983,0.902355034633534,3347,27,"LTB;TNFSF11;TNFSF18;TNFSF13;TNFSF15;TNFSF13B;TNFSF4;CASP8;TRAF5;SIVA1"
"GOMF_TUMOR_NECROSIS_FACTOR_RECEPTOR_SUPERFAMILY_BINDING",0.495234670023377,1,0.351791038609248,0.971984124914633,2753,45,"LTB;TNFSF11;TNFSF18;TNFSF13;NGF;NTF4;TNFSF15;TMBIM1;TNFSF13B;NTF3;TNFSF4;CASP8;TRAF5;SIVA1;RIPK1"
"GOMF_TYPE_1_FIBROBLAST_GROWTH_FACTOR_RECEPTOR_BINDING",0.711678075088156,1,-0.449421934937426,-0.812336535011127,3430,6,"FGF17;NRXN1;FGF18;NPTN"
"GOMF_TYPE_2_FIBROBLAST_GROWTH_FACTOR_RECEPTOR_BINDING",0.310516490354698,1,-0.679709935377034,-1.170465054649,1496,5,"FGF7;FGF10;FGF17"
"GOMF_U1_SNRNA_BINDING",0.546076382291469,1,0.49207375782191,0.945754994519654,2873,8,"ISG20;SNRPC;COIL;SNRPB2;SNRNP70;SNRPA"
"GOMF_U1_SNRNP_BINDING",0.888505085396277,1,0.345102186762115,0.641851806727313,4629,7,"SNRPB;RBM39;SNRNP70;SNRPA;LEMD3"
"GOMF_U2_SNRNA_BINDING",0.938042848870874,1,0.31438493876805,0.542267490504157,4859,5,"ISG20;COIL;SNRPA1;PRPF8"
"GOMF_U3_SNORNA_BINDING",0.923135464231355,1,0.316149318123652,0.622101811869858,4851,9,"ISG20;RRP9;SNU13;NHP2;UTP25;XRCC5;PRKDC;DHX37;TBL3"
"GOMF_U4_SNRNA_BINDING",0.688284115035707,1,0.465891642904146,0.834581650835945,3565,6,"PRPF31;SNU13;DDX39B;SART3;PRPF4;GEMIN5"
"GOMF_U6_SNRNA_BINDING",0.612685306811785,1,0.408213267022599,0.890984165636358,3264,14,"LSM8;LSM7;LSM2;TUT1;LSM3;DDX39B;LSM4;SART3;RBM22;PRPF4;EIF5A;PRPF8;LARP7;METTL16"
"GOMF_UBIQUINONE_BINDING",0.905616676317313,1,0.340059954668421,0.609171258323601,4691,6,"MT-ND4;SDHD;ETFDH;COQ10B;SDHB"
"GOMF_UBIQUITIN_BINDING",0.996379310344828,1,0.216190426522414,0.680253929241251,5778,105,"HSPB1;NOD1;SMAD3;TNFAIP3;NOD2;NEDD4;UBXN8;CKS1B;RNFT1;OTUB2;UBXN11;SEM1;MVB12A;FBXO7;UEVLD;CUEDC2;CXCR4;NSFL1C;CKS2;CUEDC1;ZFAND2B;MARCHF7;GGA2;TRIM32;RNF31;RNF185;TOM1L1;SHARPIN;SQSTM1;BIRC2;OTULINL;BUB3;FAAP20;TOM1;UBXN1;UBXN2A;TAB2;AUP1;DNAAF10;MARK4;ASCC2"
"GOMF_UBIQUITIN_CONJUGATING_ENZYME_BINDING",0.993779160186625,1,-0.2134915711532,-0.565613965657906,4472,32,"TRIM72;RNF125;SIAH3"
"GOMF_UBIQUITIN_LIGASE_COMPLEX_SCAFFOLD_ACTIVITY",0.917540914813261,1,-0.313341034279474,-0.64045829225776,4372,10,"CUL4B;CUL9;CUL4A;CUL5;DDB1;CUL3;CUL1;CUL2"
"GOMF_UBIQUITIN_LIGASE_INHIBITOR_ACTIVITY",0.250568612585292,1,0.553162779564982,1.18555324311937,1321,13,"CDKN2A;RPL23;RPS7;RPS20;RPL37;RPL11;RPS15;RPL5;FBXO5;ARHGAP5-AS1"
"GOMF_UBIQUITIN_LIKE_LIGASE_SUBSTRATE_ADAPTOR_ACTIVITY",0.464715600660845,1,-0.298637330906023,-0.990573544932479,1968,125,"PRAMEF6;PRAME;PRAMEF5;PRAMEF20;PRAMEF4;PRAMEF12"
"GOMF_UBIQUITIN_LIKE_MODIFIER_ACTIVATING_ENZYME_ACTIVITY",0.76982794796475,1,-0.376599634369287,-0.76975669416449,3668,10,"UBA1;NAE1;UBA6;UBA2;MOCS3;UBA5;UBA7;UBA3;ATG7;SAE1"
"GOMF_UBIQUITIN_LIKE_PROTEIN_BINDING",1,1,0.176275357592682,0.565500771480569,5779,124,"HSPB1;NOD1;SMAD3;TNFAIP3;NOD2;NEDD4;UBXN8;CKS1B;RNFT1;OTUB2;UBXN11;SEM1;MVB12A;FBXO7;UEVLD;CUEDC2;CXCR4;NSFL1C;CKS2;CUEDC1;ZFAND2B;MARCHF7;GGA2;TRIM32;RNF31;RNF185;TOM1L1;SHARPIN;SQSTM1;BIRC2;OTULINL;BUB3;HABP4;FAAP20;RNF4;SIMC1;TOM1;PML;UBXN1;UBXN2A;TAB2;AUP1;DNAAF10;MARK4;ASCC2"
"GOMF_UBIQUITIN_LIKE_PROTEIN_CONJUGATING_ENZYME_ACTIVITY",0.978907517577069,1,0.233646912405286,0.635892847071396,5429,41,"UBE2L5;UBE2C;UBE2E3;UBE2J2;UBE2Z;UBE2H;CDC34;UBE2A;UBE2E1;UBE2B;UFC1;UBE2S;UBE2F;TSG101;UBE2E2;UBE2I;UBE2Q1;UBE2K;UBE2L3;ATG3;UBE2D1;AKTIP;UBE2O;UBE2G2;UBE2T;UBE2Q2;UBE2D4;UBE2N;BIRC6;UBE2J1;UBE2D3;UBE2D2;UBE2V1;UBE2R2;UBE2W;UBE2M;TAF1;ATG10;UBE2G1;UBE2L6;UBE2QL1"
"GOMF_UBIQUITIN_LIKE_PROTEIN_CONJUGATING_ENZYME_BINDING",0.998886414253898,1,-0.176008825157887,-0.482234787723275,4484,38,"TRIM72;RNF125;SIAH3"
"GOMF_UBIQUITIN_LIKE_PROTEIN_LIGASE_BINDING",1,1,0.200589818655749,0.708194778018806,6236,307,"STING1;TLR3;MYOD1;ERBB3;FATE1;MAP1LC3C;SMAD6;LAPTM5;CDKN1A;ASB4;SMAD7;GPR37;FOXO1;H2BC9;IKBKE;JUN;DIO2;AXIN2;ABCB1;PDLIM2;VCL;FZD6;EGFR;SMAD3;LYN;GRIK2;NKD2;PRR5L;CASP8;BOK;TRAF5;ERLIN1;CALR;PRDX6;FZD4;RIPK1;UBE2C;PACRG;STAT2;RPL23;RHOBTB3;JAK1;CUL7;EIF4E2;HSPA5;HSPA1A;FBXO7;WFS1;RIGI;SNCAIP;RPL11;ERLIN2;TRIOBP;CXCR4;TRAF3;MAP1LC3B2;SPART;PAX6;RPL5;XBP1;WRAP53;TRIP4;NEDD8;HM13;CDK5RAP3;RPA2"
"GOMF_UBIQUITIN_LIKE_PROTEIN_PEPTIDASE_ACTIVITY",0.620020604395604,1,0.292797892423553,0.92637874731869,3610,109,"USP9Y;USP53;MINDY4B"
"GOMF_UBIQUITIN_LIKE_PROTEIN_READER_ACTIVITY",0.971447397320448,1,-0.245747521673922,-0.608729401975641,4422,23,"ANKRD13B;JARID2;RIOK3;ANKRD13D;RNF169;TP53BP1;SAYSD1;BRCA1;DNAJC2;PEX1;USP15;ANKRD13A;UIMC1;BARD1;FAN1;CCDC38;DNAJB2;VCP;STK38;DDRGK1;FAAP20;SQSTM1;PEX6"
"GOMF_UBIQUITIN_LIKE_PROTEIN_SPECIFIC_ENDOPEPTIDASE_ACTIVITY",0.596556730968679,1,-0.535404861999634,-0.92197075317448,2875,5,"SENP5;SENP6;SENP2;SENP7;SENP1"
"GOMF_UBIQUITIN_MODIFIED_HISTONE_READER_ACTIVITY",0.388116308470291,1,-0.538962431814912,-1.07740117129697,1841,9,"JARID2;RNF169;TP53BP1;BRCA1;DNAJC2;USP15"
"GOMF_UBIQUITIN_PROTEIN_TRANSFERASE_ACTIVATOR_ACTIVITY",0.15725731321036,1,0.55296980342989,1.27723825731425,843,18,"CDC20B;BMI1;CDC20"
"GOMF_UBIQUITIN_PROTEIN_TRANSFERASE_INHIBITOR_ACTIVITY",0.243151969981238,1,0.525623861614736,1.18281636843312,1295,16,"CDKN2A;RPL23;RPS7;RPS20;RPL37;RPL11;RPS15;RPL5;PARK7;FBXO5;ARHGAP5-AS1"
"GOMF_UBIQUITIN_PROTEIN_TRANSFERASE_REGULATOR_ACTIVITY",0.383856829802776,1,0.394996048254597,1.04511067458872,2101,36,"CDC20B;CDKN2A;RPL23;RPS7;RPS20;RPL37;RPL11;RPS15;RPL5;BMI1;CDC20;PARK7;FBXO5;TRIB1;FZR1;ARHGAP5-AS1"
"GOMF_UBIQUITIN_SPECIFIC_PROTEASE_BINDING",0.84940668824164,1,-0.312120547143589,-0.735344445116598,3936,18,"LCOR;BAG6;SPATA2;PRKN;CLTC;CHMP3;SUMO1;DERL1;MARCHF6;AMFR;SART3;RAD23A;SYVN1;PTEN;SELENOS;VCP;HDAC3;PARK7"
"GOMF_UBIQUITIN_UBIQUITIN_LIGASE_ACTIVITY",0.842037671232877,1,-0.323069046225863,-0.741293282268026,3933,16,"PELI2;HUWE1;UBE4B;ITCH;UBE4A;TRAF6;PELI1;UBE2K;PPIL2;AMFR;RBX1;UBR5;PRPF19;STUB1;UBOX5;ANAPC11"
"GOMF_UDP_GLUCOSYLTRANSFERASE_ACTIVITY",0.841793893129771,1,0.345101211931067,0.725997858367175,4410,12,"POGLUT3;POGLUT2;EPM2A;B3GLCT;UGGT2;ALG5"
"GOMF_UDP_GLYCOSYLTRANSFERASE_ACTIVITY",0.41306602143104,1,0.314541208617472,1.01360570414328,2389,128,"ABO;GCNT7;UGT2B7;GCNT3;UGT2A3;UGT2B15;CHSY3;GALNT4;GALNT5;GXYLT2;B3GNT9;POGLUT3;GLT8D2;HAS2;GCNT4;HAS1;B4GALT1;CERCAM;GXYLT1;GALNT10;HEXB;GALNT18;UGT8;EXT1;COLGALT2;RXYLT1;A4GNT;POGLUT2;PLOD3;CHPF;CHPF2;GALNT2;HEXA;B3GNTL1;MGAT1;UGT3A1;B3GAT3;XXYLT1;EPM2A;XYLT2;CHSY1;GALNT17;GALNT12;EXTL1;EXT2;EXTL2;GCNT1;COLGALT1;MGAT2"
"GOMF_UDP_N_ACETYLGLUCOSAMINE_TRANSMEMBRANE_TRANSPORTER_ACTIVITY",0.891723708774113,1,-0.364685195898284,-0.627990346367369,4298,5,"TMEM241"
"GOMF_UDP_XYLOSYLTRANSFERASE_ACTIVITY",0.619927605258144,1,0.428206304316864,0.883262272544543,3253,11,"GXYLT2;POGLUT3;GXYLT1;RXYLT1;POGLUT2;XXYLT1;XYLT2;LARGE1"
"GOMF_UNFOLDED_PROTEIN_BINDING",0.997070985527223,1,0.217439743865511,0.690378644704247,5786,114,"CRYAA;CRYAB;HSP90AA5P;DNAJB13;SERPINH1;HSPB2;HSPB1;HSP90AB3P;SIL1;PPIB;HSP90AA2P;HSP90B1;CALR;TMEM67;HSPA6;HSPA5;HSPA1A;HYOU1;PFDN5;DNAJB4;PFDN6;AIPL1;TOR1A;ERLEC1"
"GOMF_UNIPORTER_ACTIVITY",0.366057838660578,1,0.554612317636531,1.09133661819913,1923,9,"SLC16A12;SLC2A4"
"GOMF_UNMETHYLATED_CPG_BINDING",0.853771597134429,1,-0.347921465394318,-0.695504866773215,4051,9,"KDM2B;KMT2A;FBXL19;KMT2B;TLR9;DNMT3A;KDM2A;CXXC1;MBD1"
"GOMF_UREA_TRANSMEMBRANE_TRANSPORTER_ACTIVITY",0.552209998069871,1,0.557210621652808,0.961105855356697,2860,5,"AQP7;AQP3;AQP7B;SLC14A2"
"GOMF_URIDYLYLTRANSFERASE_ACTIVITY",0.82249088466705,1,0.386618403570328,0.71906736718739,4285,7,"UAP1L1;GALT;UAP1;TUT1"
"GOMF_VASCULAR_ENDOTHELIAL_GROWTH_FACTOR_RECEPTOR_ACTIVITY",0.278257532143542,1,0.64305588703487,1.19601265582383,1449,7,"PDGFRA;FLT1;NRP2;KDR"
"GOMF_VASOPRESSIN_RECEPTOR_ACTIVITY",0.656629994209612,1,0.480945018085164,0.861547729538095,3401,6,"AVPR1A;NLRP6;AVPR1B"
"GOMF_VERY_LONG_CHAIN_FATTY_ACID_COA_LIGASE_ACTIVITY",0.920932009167303,1,0.310442038167906,0.627087991435491,4821,10,"ACSBG1;SLC27A6;SLC27A1"
"GOMF_VERY_LOW_DENSITY_LIPOPROTEIN_PARTICLE_BINDING",0.318857363443351,1,0.679587050200939,1.17218708292981,1651,5,"TREM2;VLDLR;PLTP;PCSK9"
"GOMF_VINCULIN_BINDING",0.212977099236641,1,0.585275940023052,1.23125930689413,1115,12,"TLN1;SORBS3;ACTN1;NRAP;CTNNA1;SYNM;DMD;DAG1;PXN"
"GOMF_VIRION_BINDING",0.505605168155045,1,0.510301213243966,0.980787764970771,2660,8,"CLEC4M;SIGLEC1;PTX3"
"GOMF_VITAMIN_B6_BINDING",0.768688934333106,1,-0.289396706975391,-0.842971038284313,3382,52,"KYNU;ALB;GADL1;ENSG00000274276;GAD2;ABAT;MOCOS;CBS;GLDC;GOT1;CISD1;CTH;PNPO;GCAT;MTARC1"
"GOMF_VITAMIN_BINDING",0.699535363964894,1,0.279739130120262,0.908081307602595,4064,135,"RBP3;DHFRP1;ETNPPL;ABCA4;FOLR1;RLBP1;P4HA3;STRA6;SPTLC3;PLOD2;FTCDNL1;RBP2;ADH4;CYP2W1;P4HA1;P3H2;SEC14L2;PLOD1;P3H1;P3H3;ALDH1A2;P4HA2;OPN3;MTARC2;PYGL;CRABP2;THNSL2;OPN5;TYMS;DDC;SRR;PLOD3;CSAD"
"GOMF_VITAMIN_D_BINDING",0.754615225057042,1,-0.451657841433372,-0.777757823655643,3637,5,"IRX5;VDR;CALB1"
"GOMF_VITAMIN_TRANSMEMBRANE_TRANSPORTER_ACTIVITY",0.801239486498451,1,-0.303830575057207,-0.799489457133981,3619,31,"SLC52A3;SLC52A1;SLC19A3;SLC44A4;RBP4;SLC46A1;RTBDN"
"GOMF_VOLTAGE_GATED_CALCIUM_CHANNEL_ACTIVITY",0.569472502805836,1,-0.335122682307724,-0.93172010816614,2536,41,"CACNA1F;CALHM1;TRPA1;RYR1;CACNA2D3;CACNB2;CATSPER4;CATSPER2;TSPOAP1;CACNB1;CACNG8;CACNG2;CACNA2D4;CACNG7"
"GOMF_VOLTAGE_GATED_CALCIUM_CHANNEL_ACTIVITY_INVOLVED_IN_CARDIAC_MUSCLE_CELL_ACTION_POTENTIAL",0.829183555298205,1,0.402528209147517,0.694301586732817,4295,5,"CACNA1G;CACNA1C"
"GOMF_VOLTAGE_GATED_MONOATOMIC_ANION_CHANNEL_ACTIVITY",0.149400684931507,1,-0.561164722183552,-1.28761217968758,697,16,"TMC4;CLCN1"
"GOMF_VOLTAGE_GATED_MONOATOMIC_CATION_CHANNEL_ACTIVITY",0.165025222195532,1,-0.340368004082347,-1.13919559363043,686,137,"KCNE3;KCNJ1;CACNA1F;CALHM1;LRRC38;KCNJ10;TRPA1;KCNQ5;ABCC8;RYR1;CYBB;CACNA2D3;KCNH4;CACNB2;KCNN1;KCNH5;KCNH7;KCNK10;HCN1;KCNAB1;CATSPER4;KCNH8;CATSPER2;TSPOAP1;KCNQ1;KCNA3;KCNA5;KCNIP2;KCNQ3;KCND1;KCNAB3;KCNT1;KCNN2;KCNJ11;CACNB1;KCNE1;SCN2B;KCNJ16;KCNH2;KCNE4;SNAP25;CACNG8;CACNG2;KCNJ9;KCNA2;LRRC26;KCNC1;CACNA2D4;CACNG7"
"GOMF_VOLTAGE_GATED_MONOATOMIC_ION_CHANNEL_ACTIVITY_INVOLVED_IN_REGULATION_OF_PRESYNAPTIC_MEMBRANE_POTENTIAL",0.801184110007639,1,0.373238998197886,0.753936854320988,4194,10,"SCN10A;SCN1A"
"GOMF_VOLTAGE_GATED_POTASSIUM_CHANNEL_ACTIVITY",0.174761794097142,1,-0.362860683986573,-1.15667310129245,751,93,"KCNE3;KCNJ1;LRRC38;KCNJ10;KCNQ5;ABCC8;KCNH4;KCNN1;KCNH5;KCNH7;KCNK10;HCN1;KCNAB1;KCNH8;KCNQ1;KCNA3;KCNA5;KCNIP2;KCNQ3;KCND1;KCNAB3;KCNT1;KCNN2;KCNJ11;KCNE1;SCN2B;KCNJ16;KCNH2;KCNE4;SNAP25;KCNJ9;KCNA2;LRRC26;KCNC1;HCN4;KCNH3;KCNS1;KCNC4;KCNC2;KCNS3;KCNA4;KCNK7;KCNJ14;KCNJ3;KCNB1"
"GOMF_VOLTAGE_GATED_POTASSIUM_CHANNEL_ACTIVITY_INVOLVED_IN_CARDIAC_MUSCLE_CELL_ACTION_POTENTIAL_REPOLARIZATION",0.534988230258934,1,-0.426905575316139,-0.945829781482275,2499,14,"KCNE3;KCNQ1;KCNA5;KCNE1;SCN2B;KCNH2;KCNE4"
"GOMF_VOLTAGE_GATED_SODIUM_CHANNEL_ACTIVITY",0.989681223512069,1,0.221374403994348,0.532036237893485,5370,22,"SCN10A;SCN1A;SCN4B"
"GOMF_VOLUME_SENSITIVE_ANION_CHANNEL_ACTIVITY",0.894880402853546,1,-0.324581352723942,-0.66343311638806,4264,10,"LRRC8E"
"GOMF_VOLUME_SENSITIVE_CHLORIDE_CHANNEL_ACTIVITY",0.798494499131442,1,0.424423433050495,0.732067607479295,4136,5,"TTYH2;CLCN2;TTYH3"
"GOMF_WATER_CHANNEL_ACTIVITY",0.276737967914438,1,0.581571895525114,1.17476600138453,1448,10,"AQP7;AQP6;AQP4;MIP;AQP1"
"GOMF_WATER_TRANSMEMBRANE_TRANSPORTER_ACTIVITY",0.190839694656489,1,0.596564047175386,1.2550063739408,999,12,"AQP7;AQP6;AQP4;MIP;SLC5A1;AQP1"
"GOMF_WD40_REPEAT_DOMAIN_BINDING",0.517734909769757,1,-0.543196707461469,-0.981835769164538,2495,6,"MYB;MAP1S;CCT6A;DDB1;CDC5L"
"GOMF_WIDE_PORE_CHANNEL_ACTIVITY",0.390616475722859,1,0.398222412366654,1.03951102666876,2147,33,"GJB3;GJB2;GJA5;GJA3;GJB1;GJA1;GJA4;GJC3;GJA8"
"GOMF_WNT_RECEPTOR_ACTIVITY",0.629080675422139,1,0.392354379176414,0.882918786241165,3352,16,"FZD10;ROR1;FZD1;TSPAN12;FZD6;FZD4;LRP5;FZD2"
"GOMF_WW_DOMAIN_BINDING",0.728207010460635,1,0.341222800312316,0.829376305697241,3967,23,"PPARG;PMEPA1;PRRG4;LITAF;SCNN1B"
"GOMF_XENOBIOTIC_TRANSMEMBRANE_TRANSPORTER_ACTIVITY",0.531668808518451,1,0.377423171586569,0.953705327571203,2895,28,"ABCA8;ABCC2;ABCB5;ABCB1;SLC22A1;SLC43A3;SLC2A1;ABCG2;ATRAID"
"GOMF_ZINC_CHAPERONE_ACTIVITY",0.578845782667439,1,0.544257870955912,0.938764277407526,2998,5,"ZNG1A;ZNG1E;ZNG1C;ZNG1B"
"GOMF_ZINC_ION_TRANSMEMBRANE_TRANSPORTER_ACTIVITY",0.615823367065317,1,0.363876079161403,0.904791684051139,3346,26,"SLC39A5;SLC39A12;SLC39A2;SLC39A7;SLC30A3;SLC39A1;SLC39A3"
