"pathway","pval","padj","ES","NES","nMoreExtreme","size","leadingEdge"
"GOBP_CELL_SURFACE_RECEPTOR_PROTEIN_SERINE_THREONINE_KINASE_SIGNALING_PATHWAY",0.000159033078880407,0.0398472438570926,0.481603185014941,1.72827236920442,0,380,"USP9Y;DAND5;MSX2;CFC1B;RGCC;GDF10;COL3A1;TMEM119;COL1A2;SLC39A5;ITGB6;TFAP2B;INHBA;ITGA8;MSX1;TGFBR2;SOST;WNT1;TNFAIP6;BMP5;GDF7;SULF1;DAB2;EMILIN1;BAMBI;ASPN;ENG;ID1;SMAD6;GDF5;CDKN2B;LTBP2;PPARG;FOXD1;LOX;HFE;CIDEA;SFRP4;FBN1;TGFB1I1;ATOH8;VASN;GREM1;SLC2A10;RUNX2;CRIPTO3;BMP4;CLDN5;LDLRAD4;WWTR1;FOLR1;THBS1;DKK1;NPNT;GDF6;TGFB1;HES1;ACVRL1;LRRC32;NFIA;FSTL1;CCN3;BMP2;WNT5A;SPI1;PMEPA1;HTRA1;ETV2;FBN2;INHA;SFRP2;CAV1;GATA4;TGFBR3;SMAD7;TGIF1;ITGB5;BMPER;BMP6;LTBP3;TGFB2;DACT1;CHRDL2;BMP7;APOA1;CD109;COMP;CDH5;RASL11B;HTRA3;FZD1;SPRY1;TGFBR3L;JUN;CCN1;PCSK6;NOTCH2;CRIM1"
"GOBP_NEGATIVE_REGULATION_OF_TRANSMEMBRANE_RECEPTOR_PROTEIN_SERINE_THREONINE_KINASE_SIGNALING_PATHWAY",0.000171408981830648,0.0398472438570926,0.512073440242281,1.68749509306335,0,151,"DAND5;INHBA;SOST;WNT1;TNFAIP6;EMILIN1;BAMBI;ASPN;ENG;SMAD6;PPARG;CIDEA;FBN1;VASN;GREM1;SLC2A10;LDLRAD4;DKK1;LRRC32;CCN3;BMP2;WNT5A;PMEPA1;HTRA1;FBN2;INHA;SFRP2;CAV1;TGFBR3;SMAD7;BMPER;CHRDL2;CD109;RASL11B;HTRA3;FZD1;SPRY1"
"GOBP_POSITIVE_REGULATION_OF_RNA_METABOLIC_PROCESS",0.000133922592741395,0.0398472438570926,0.325984178101708,1.27040271332677,0,1760,"ZFY;PEG3;STING1;ERG;TWIST1;IL33;CD38;TFAP2D;IGF1;HOXA9;SRY;TLR3;RGCC;KLF14;DNM3OS;HOXA4;SOX10;FEV;TCF21;GMNC;FOXC1;BARHL1;FOXD2;WT1;WNT11;SLC39A5;TFAP2B;MEOX1;MYOD1;PRRX1;MYOG;INHBA;FOXA2;TBX1;TBX3;LMX1B;WNT3A;ALX1;TBX18;CYTL1;LUM;ITGA8;HOXB9;MSX1;TBX15;SOST;GATA3;OSR1;WNT1;GLIS1;LMX1A;COL1A1;ALX4;CD80;PNLDC1;TBX5;RARG;BMP5;GDF7;EPAS1;DAB2;GATA6;PTF1A;SIX2;HAND2;BAMBI;FLI1;ETS1;GATA2;HOXB7;IGF2;IL1A;FHL5;ENG;WNT2;FOXC2;DCN;FOXD3;FOXE1;FOXL2;PITX3;FOXR1;NFATC2;SMAD6;SNAI1;TNFSF11;GPER1;HGF;HAND1;ASCL2;PPARG;FOXD1;WNT6;HOXD8;CIDEA;PITX1;NFIX;VGLL2;ELK3;HOXC10;TGFB1I1;FBLN5;FOXF2;TLX2;ATOH8;GREM1;PAX3;CDKN2A;TBX2;RARB;SPP1;HOXA7;RUNX2;TRIM22;CEBPD;POU4F3;TRIM38;SPX;GATA1;MEF2B;BMP4;AGTR2;CDX2;PAX7;CAPN3;ZC3H12D;NR3C1;IL31RA;WWTR1;NR4A2;GLIS3;FOXJ1;EN2;ELF4;ZFP36;MAF;ATOH1;EN1;NR2F2;EDN1;NPNT;GDF6;MEF2C;TGFB1;PDGFB;HES1;ACVRL1;NFATC4;TLR4;NFATC1;AFAP1L2;HEYL;NFIA;BMP2;WNT5A;SPI1;PBXIP1;NFKBIZ;ABHD14B;POU2F3;ETV2;GATA5;ID2;OLIG3;SFRP2;ZFP36L2;MAFB;AGT;AAMDC;TLR2;GATA4;APOE;EPO;SPAG8;IL23A;NFIB;POU4F2;CSRNP1;HOXA11;TRIM5;TBX4;GRHL3;ANKRD1;TEAD3;TFAP2A;BMP6;GRHL2;RFX6;GTF2A1L;LITAF;FOXO1;TGFB2;HEY1;GLMP;TP73;SAMD4A;IFI16;CREB3L2;BMP7;NKX2-5;IER5;STAT6;NR1H4;HOXB4;ERBB4;NIBAN2;FANK1;FZD1;HOXB3;HOXA5;NFIC;SERTAD1;AHR;MEOX2;JUN;CCN1;RAX;ELF1;MDFIC;GFI1B;BHLHA15;NOTCH2;ZFPM2;HOXB5;HOXD9;SEC14L2;BCL2L12;SMAD9;SIX5;RXRG;EGFR;TFAP2C;FOXA1;WNT10B;ANXA2;TLX1;PKNOX2;SMAD3;SKAP1;IL11;IRF3;SMARCA2;RIT2;FGFR2;PLPP3;GLI1;POU4F1;ZIC2;ZNF833P;EVX1;WNT4;RASL11A;ARID5B;MDK;JAG1;HEXB;NR2E3;TNFRSF1A;LIF;FOXI1;PRR5L;HMGA2;NYNRIN;ACTN1;HEY2;ZBTB7B;RHOG;E2F8;HSF5"
"GOBP_POSITIVE_REGULATION_OF_TRANSMEMBRANE_RECEPTOR_PROTEIN_SERINE_THREONINE_KINASE_SIGNALING_PATHWAY",0.000175870559268378,0.0398472438570926,0.590774735801081,1.85970567960551,0,104,"MSX2;INHBA;ITGA8;MSX1;TGFBR2;BMP5;GDF7;SULF1;DAB2;ENG;GDF5;CDKN2B;FOXD1;HFE;TGFB1I1;ATOH8;SLC2A10;BMP4;THBS1;NPNT;GDF6;TGFB1;HES1;ACVRL1;BMP2;GATA4;TGFBR3;BMPER;BMP6;TGFB2;BMP7;CDH5;CCN1;NOTCH2;SMAD3"
"GOBP_REGULATION_OF_TRANSMEMBRANE_RECEPTOR_PROTEIN_SERINE_THREONINE_KINASE_SIGNALING_PATHWAY",0.000162972620599739,0.0398472438570926,0.528872309022353,1.84837590076282,0,273,"DAND5;MSX2;TFAP2B;INHBA;ITGA8;MSX1;TGFBR2;SOST;WNT1;TNFAIP6;BMP5;GDF7;SULF1;DAB2;EMILIN1;BAMBI;ASPN;ENG;SMAD6;GDF5;CDKN2B;PPARG;FOXD1;LOX;HFE;CIDEA;SFRP4;FBN1;TGFB1I1;ATOH8;VASN;GREM1;SLC2A10;BMP4;LDLRAD4;FOLR1;THBS1;DKK1;NPNT;GDF6;TGFB1;HES1;ACVRL1;LRRC32;FSTL1;CCN3;BMP2;WNT5A;PMEPA1;HTRA1;FBN2;INHA;SFRP2;CAV1;GATA4;TGFBR3;SMAD7;BMPER;BMP6;TGFB2;DACT1;CHRDL2;BMP7;CD109;CDH5;RASL11B;HTRA3;FZD1;SPRY1;TGFBR3L;CCN1;PCSK6;NOTCH2;CRIM1"
"GOBP_RESPIRATORY_SYSTEM_DEVELOPMENT",0.000166861338227933,0.0398472438570926,0.491513125202705,1.6809363639651,0,220,"IGF1;COL3A1;TCF21;WT1;WNT11;ITGB6;MSX1;TGFBR2;ALDH1A3;TBX5;RARG;EPAS1;GATA6;MMP14;PDGFRA;WNT2;ID1;CCBE1;LOX;EDN2;FBN1;EVA1A;IGFBP5;RSPO2;TBX2;CCN2;BMP4;SIM2;WNT2B;MME;FOXJ1;STRA6;TGFB1;SLC23A1;HES1;BMP2;WNT5A;NFIB;TBX4;GRHL2;LTBP3;TP73;LAMA1;LOXL3;SPRY1;HOXA5;ZFPM2;CRISPLD2;FOXA1;ANXA2;FGFR2;GLI1;HHIP;ASS1;GPC3;LIF;HMGA2;ALDH1A2;PKDCC;ADAMTS2;HEG1;CTSZ;CRH;ABCA12;CCDC39;PTK7;NOS3;EXT1;LIPA;TMEM38B;DNAAF3;WNT7B;CTSH;NPHP3;PLOD3"
"GOBP_RESPONSE_TO_LIPID",0.000146348602370847,0.0398472438570926,0.362335951629078,1.36730888921485,0,827,"KDM5D;CXCL6;CD38;BPI;IGF1;HOXA9;APOA4;MSX2;FMO1;CXCL8;HOXB13;SOX10;TCF21;S100B;CX3CR1;PTGIR;WNT11;CYP19A1;MYOD1;MYOG;INHBA;SNAI2;TBX1;WNT3A;IGFBP7;GBP3;OR51A4;TGFBR2;OSR1;COL1A1;CD80;TIE1;AREG;AVPR1A;CNR2;RARG;CRYAB;ID3;DAB2;GATA6;HAND2;GATA2;ZNF683;NUGGC;TREM2;IL1A;SCGB2A2;LPL;WNT2;FZD10;TFPI;ANXA1;CXCL13;METTL21C;SMAD6;GPER1;CCL2;P2RX7;HSD17B2;PPARG;LOX;WNT6;WNT8B;ETNPPL;ARPC1B;HAVCR2;NR3C2;TBX2;PTGER2;PENK;SPP1;KMO;CD6;GATA1;NR3C1;DHH;PTPRC;ZFP36;THBS1;DKK1;LPAR1;NR2F2;EDN1;MEF2C;TGFB1;EDNRB;HES1;MMP2;GHR;TLR4;SYK;HEYL;WNT5A;SPI1;NFKBIZ;PMEPA1;ABCB4;NTSR1;CYP26A1;ZFP36L2;TNFRSF11A;CAV1;CA3;GFI1;TLR2;PTGER1;GATA4;NQO1;EPO;KANK2;PTGER4;TGFBR3;POU4F2;CALCR;LTK;STAP1;CYP27B1;B2M;HOXA11;TRIM5;PDK4;ANKRD1;OR51A7;BMP6;LITAF;FOXO1;TGFB2;SPON2;CYBA;SLC6A4;BMP7;NR1H4;SLIT3;SCNN1B;LCAT;MGARP;CD4;IL18R1;CCND1;SASH1;ATP1A2;AHR;IGFBP2;JUN;FABP1;DIO2;AXIN2;CYP1A1;CLDN1;WNT9B;BCHE;BCL2L11;UCP1;MMP3;AXL;STC2;PDE3A;RXRG;EGFR;FOXA1;WNT10B;LOXL1;ACSBG1;PTGDS;SMAD3;IRF3;LYN;CARTPT;FGFR2;CD36;POU4F1;P2RY4;CD68;AQP1;INHBB;IRS1;IL12A;MDK;CASP7;ASS1;NR2E3;CYP7B1;HMGA2;ALDH1A2;TNFSF4;TNFAIP3;SSTR2;CLDN4;CPS1;CXCL5;GLB1;VIM;CD274;TRIM6;MEST"
"GOBP_INFLAMMATORY_RESPONSE",0.000296340198547933,0.0587494443621277,0.367596314009337,1.38030534008734,1,764,"CXCL6;STING1;OSMR;IL33;IGF1;NPY;CXCL8;TLR3;CLEC7A;TAFA3;GGT5;CXCL1;CX3CR1;PTGIR;CYSLTR1;ITGB6;CFH;CCL20;LGALS1;CYP19A1;CD69;CCN4;CXCL2;GHRL;GPR17;GBP3;LY75;TLR10;LRRC19;MBL2;TYROBP;IL22RA1;GATA3;CASP4;TNFAIP6;TAC4;CCL26;CNR2;TRPV4;HRH4;SLAMF8;ITGAL;FN1;ETS1;FPR1;TREM2;IL1A;LPL;ACKR2;PLA2G2D;MSMP;ANXA1;IFI35;CXCL13;NLRP6;ODAM;LRRK2;TNFSF11;GPER1;HGF;CCL2;P2RX7;PPARG;CXCL3;HBA1;CD200R1;IER3;HAVCR2;IL1R1;NT5E;PTGER2;HRH1;CD6;ADM;AIF1;BIRC3;AGTR2;NR3C1;TNFSF18;IL31RA;PTPRC;IL1RAP;SPHK1;TRIL;CCRL2;ELF4;ZFP36;THBS1;FCER1G;IL17RC;IL17C;MAS1;FCGR2A;TGFB1;RARRES2;ALOX15;EDNRB;FAM114A1;AGTR1;NFATC4;PLK2;ADAMTS12;TLR4;NLRC4;NFATC1;SYK;TNC;AFAP1L2;PLP1;CCN3;SERPINA3;BMP2;WNT5A;CD163;PBXIP1;IL16;ENPP3;NFKBIZ;CSF1;SIGLEC1;PTGS2;TNFRSF11A;AGT;S1PR3;PTN;ACKR1;ALOX5AP;TLR2;PTGER1;APOE;IL17RA;EPO;GBP1;CTSC;KCNK13;PTGER4;IL23A;NLRP11;HLA-E;CMKLR2;STAP1;BLNK;PTX3;IFI27;IL6R;HSPG2;NOD1;CHST2;APOD;BMP6;C3AR1;SLC18A2;CYBA;GPSM3;CMKLR1;BST1;IFI16;APOA1;NR1H4;CDH5;LXN;CD4;IL18R1;LOXL3;NOX4;AHR;NPY5R;JUN;FABP1;CCR4;EPHA2;SOCS3;NOTCH2;WFDC1;B4GALT1;P2RX1;MMP3;AXL;NPFF;SMAD3;TNFAIP8L2;IRF3;LYN;BCL6;IL10RB;IL4R;CD36;CD68;MDK;CASP7;ASS1;ITGB1;TNFRSF1A;TNFSF4;GRN;F2;TNFAIP3;ZEB2;CXCL5;PLSCR1;VAMP8;ACE2;CRH;NOD2;CASP8;VAMP3;HYAL2;CCDC39;SIGLEC10;NLRP14;CASP6;UACA;BDKRB2;THEMIS2;EXT1;LIPA;UNC13D;FURIN;MGST2;SPN"
"GOBP_COLLAGEN_METABOLIC_PROCESS",0.000356125356125356,0.0627572016460905,0.564033316235274,1.75880881663304,1,97,"RGCC;COL1A2;INHBA;SERPINB7;FAP;COL1A1;DDR2;MMP14;EMILIN1;MFAP4;COL5A1;ID1;P2RX7;PCOLCE;BMP4;TNS2;TGFB1;MMP2;PLOD2;PRTN3;SERPINH1;P3H2;MRC2;ADAMTS3;IL6R;TRAM2;ADAMTS14;MMP3;WNT4;PLOD1;P3H1;P3H3;MMP19;ITGB1;F2;ADAMTS2;TNXB;VIM;P3H4;CTSS;FURIN;CTSK;MMP16;MMP15;CTSL;PLOD3"
"GOBP_CELL_SURFACE_RECEPTOR_PROTEIN_TYROSINE_KINASE_SIGNALING_PATHWAY",0.000449842555105713,0.0673909040692322,0.368721441362001,1.37034371785993,2,629,"IGF1;FOXC1;PTGIR;EPGN;PLAT;GHRL;ERBB3;GATA3;WNT1;BLK;CASS4;COL1A1;TIE1;AREG;RHOD;BMP5;SULF1;DDR2;MMP14;EMILIN1;PDGFRA;CD8B;IGF2;CD3E;FOXC2;FGF5;DCN;LCP2;PDGFRB;ESM1;FLT1;GPER1;HGF;CCBE1;ITGB3;SVEP1;LOX;ITGA1;FLRT2;CSPG4;GPRC5A;IGFBP5;IL1R1;GREM1;TBX2;CCN2;RUNX2;AGTR2;PLAUR;TNS2;IL31RA;ADGRA2;TMEM204;MUSK;COL4A1;BLVRB;ALKAL2;THBS1;NR2F2;TGFB1;RARRES2;NGF;ITGA5;NTF4;PDGFB;MMP2;IGFBP3;GHR;SMOC2;NFATC4;ADAMTS12;SYK;EPHA6;AFAP1L2;RPE65;JCAD;RHBDF1;PTPRT;BMP2;IGFBP4;WNT5A;INSRR;CSF1;SOCS1;AGT;ALKAL1;VEGFD;APOE;PDGFC;VEGFC;NRP2;ROR2;COL4A2;HSPB1;CSRNP1;LTK;STAP1;ROR1;BLNK;ADAMTS3;PDK4;ANGPT1;APOD;FOXO1;FLRT1;IGFBP6;EPHA7;STAT6;NR1H4;PTPRR;ERBB4;CD4;SPRY1;NEDD9;IGFBP2;EFEMP1;PDGFD;GFRA1;EPHA2;PLAU;TGFA;SOCS3;CRIM1;EPHB4;AXL;SESN3;EGFR;LYN;NTF3;FGFR2;SH2D6;HHIP;WNT4;BCAR3;IRS1;ARID5B;IL12A"
"GOBP_DOPAMINERGIC_NEURON_DIFFERENTIATION",0.00055238445958387,0.0673909040692322,0.666182470177879,1.79726358982999,2,38,"FOXA2;LMX1B;WNT3A;WNT1;LMX1A;WNT2;PITX3;RSPO2;NR4A2;DKK1;EN1;WNT5A;SFRP2;VEGFD;FZD1;WNT9B;FOXA1"
"GOBP_METANEPHROS_DEVELOPMENT",0.000534473543559594,0.0673909040692322,0.563851336029555,1.7317978120959,2,86,"CD34;TCF21;WT1;TFAP2B;ITGA8;OSR1;ID3;SIX2;PDGFRA;FOXC2;PDGFRB;FOXD1;FBN1;GREM1;BMP4;AGTR2;WWTR1;FOXJ1;GDF6;PDGFB;HES1;ID2;HOXA11;LAMB2;BMP7;SPRY1;WNT9B;SLC22A1;WNT4;AQP1;GPC3;LIF;IRX1;GDNF;PAX2;OSR2;WNT7B;FRAS1;CTSH"
"GOBP_REGULATION_OF_IMMUNE_SYSTEM_PROCESS",0.000549601538884309,0.0673909040692322,0.327586152150541,1.26642562943041,3,1405,"CFI;CXCL6;STING1;IL33;CD38;SIRPB1;BPI;IGF1;HOXA9;NPY;FCMR;CXCL8;TLR3;RGCC;SH2D1A;CLEC7A;TAFA3;ICOS;LYVE1;COL3A1;CX3CR1;CD300E;CFH;CCL20;LGALS1;CYP19A1;CD69;INHBA;COLEC12;RAET1G;WNT3A;TCIM;GPR17;CLEC12B;TLR10;LRRC19;BANK1;MBL2;TGFBR2;IL7R;TYROBP;GATA3;TNFAIP6;SERPINB4;BLK;ITGA4;CD80;CNR2;TRPV4;SLAMF8;EBI3;RARG;BMP5;P2RY12;AZGP1;GATA6;MMP14;EMILIN1;FN1;ETS1;GATA2;FPR1;ZNF683;CD8B;H4C12;TREM2;LST1;IGF2;IL1A;CD3E;IL2RB;PLA2G2D;LCP2;PLA2G4A;ANXA1;RHEX;IFI35;CXCL13;NFATC2;FYB1;CD1E;NLRP6;LRRK2;PSMB8;TNFSF11;GPER1;CCL2;P2RX7;ASCL2;RHOH;CD72;ITGB3;PPARG;LOX;HFE;EDN2;CFHR5;CD200R1;FBN1;CD79B;PLVAP;HAVCR2;IL1R1;GREM1;RAB7B;CDKN2A;TIGIT;HOXA7;RNF135;OTOP1;CD6;AIF1;GATA1;BIRC3;BMP4;ADGRF5;LAPTM5;TNFSF18;IL31RA;CXCL12;TRAC;PTPRC;HLA-DMB;SPHK1;TRIL;PSMB9;FOXJ1;HCAR2;ZFP36;THBS1;FCER1G;RIN3;TEC;EDN1;FYB2;MEF2C;FCGR2A;CD5;CLC;TGFB1;RARRES2;ALOX15;TNFSF13;HES1;EDN3;HLX;LRRC32;PLK2;TLR4;NLRC4;SYK;MILR1;TESPA1;CCN3;FLT3LG;WNT5A;SPI1;ITPKB;IL16;ENPP3;NFKBIZ;OAS1;CSF1;HLA-DRB5;ID2;SOCS1;INHA;XG;ALPK1;ZFP36L2;MICA;TNFRSF11A;MAFB;BTN1A1;CDKN1A;CAV1;LILRB5;PTN;GFI1;TLR2;VEGFD;APOE;EPO;CD99;COLEC10;TNFRSF11B;VEGFC;GBP1;TNFSF13B;CTSC;KCNK13;PTGER4;IL23A;SMAD7;HLA-E;POU4F2;ITPRIPL1;H4C14;TMEM176A;FAXDC2;PARP14;STAP1;BLNK;B2M;TRIM5;DDX60;HOXB8;IL6R;C1S;SIGLEC15;NOD1;ANGPT1;PAG1;CHST2;PRDM1;BTN3A2;LGALS3;APOD;TMIGD2;CIB1;C3AR1;TGFB2;SPON2;CYBA;GPSM3;CMKLR1;BST1;IFI16;APOA1;LRRC17;ICAM1;STAT6;NR1H4;CD226;TAPBPL;POLR3G;CD1D;CD4;IL18R1;LOXL3;GCSAML;NEDD9;HOXA5;BTN2A3P;IKBKE;AHR;NPY5R;IGFBP2;BTLA;PDGFD;SMIM30;SDC4;CD83;ELF1;GPR55;H4C9"
"GOBP_MESONEPHROS_DEVELOPMENT",0.000711617149973314,0.0806160571326912,0.528222921871085,1.65329212373518,3,101,"TCF21;FOXC1;WT1;WNT11;GATA3;OSR1;WNT1;SIX2;HOXB7;FOXC2;SMAD6;FOXD1;WNT6;GREM1;RARB;BMP4;AGTR2;WNT2B;FOXJ1;NPNT;TGFB1;HES1;BMP2;AGT;SMAD7;BMPER;ADAMTS16;HOXA11;BMP7;SPRY1;SDC4;WNT9B;SMAD3;FGFR2;WNT4;GPC3"
"GOBP_CELLULAR_RESPONSE_TO_LIPID",0.000908953188910771,0.0961066505074989,0.370667989694556,1.36913984196386,5,563,"KDM5D;CXCL6;BPI;IGF1;MSX2;CXCL8;SOX10;TCF21;CX3CR1;WNT11;MYOD1;MYOG;INHBA;SNAI2;TBX1;WNT3A;IGFBP7;GBP3;OR51A4;OSR1;COL1A1;CD80;ID3;DAB2;HAND2;ZNF683;NUGGC;TREM2;IL1A;SCGB2A2;LPL;WNT2;FZD10;TFPI;ANXA1;CXCL13;METTL21C;GPER1;CCL2;WNT6;WNT8B;ETNPPL;HAVCR2;NR3C2;TBX2;PTGER2;PENK;SPP1;KMO;CD6;GATA1;NR3C1;ZFP36;LPAR1;EDN1;MEF2C;TGFB1;EDNRB;HES1;MMP2;TLR4;SYK;HEYL;WNT5A;SPI1;NFKBIZ;PMEPA1;ABCB4;ZFP36L2;GFI1;TLR2;KANK2;PTGER4;POU4F2;LTK;STAP1;CYP27B1;B2M;TRIM5;PDK4;ANKRD1;OR51A7;BMP6;LITAF;SPON2;CYBA;SLC6A4;NR1H4;SCNN1B;MGARP;CD4;IL18R1;SASH1;ATP1A2;AHR;AXIN2;CLDN1;WNT9B;BCL2L11;UCP1;MMP3;AXL;PDE3A;RXRG;EGFR;FOXA1;WNT10B;SMAD3;IRF3;LYN;CARTPT;FGFR2;CD36;POU4F1;P2RY4;CD68;AQP1;INHBB;IRS1;CASP7;ASS1;NR2E3;CYP7B1;HMGA2;ALDH1A2;TNFSF4;TNFAIP3;SSTR2;CPS1;CXCL5;VIM;CD274"
"GOBP_NEGATIVE_REGULATION_OF_INFLAMMATORY_RESPONSE",0.00102774922918808,0.101875642343268,0.471580302405763,1.56613320311941,5,163,"IL33;IGF1;NPY;TAFA3;CYP19A1;CD69;GHRL;GPR17;IL22RA1;GATA3;TNFAIP6;SLAMF8;TREM2;IL1A;NLRP6;GPER1;HGF;PPARG;CD200R1;IER3;IL1R1;NT5E;PTPRC;IL1RAP;ELF4;PLK2;NFATC1;SYK;CCN3;ENPP3;APOE;PTGER4;APOA1;NR1H4;CDH5;IL18R1;AHR;NPY5R;SOCS3;WFDC1;SMAD3;TNFAIP8L2;LYN;IL10RB;MDK;TNFRSF1A;GRN;TNFAIP3;SIGLEC10;UACA;FURIN;SPN;RPS19"
"GOBP_NEGATIVE_REGULATION_OF_IMMUNE_SYSTEM_PROCESS",0.00139362031588727,0.1279754700234,0.370410035517138,1.35486572885602,8,492,"IL33;BPI;NPY;TLR3;SH2D1A;TAFA3;COL3A1;CX3CR1;LGALS1;CYP19A1;CD69;INHBA;GPR17;CLEC12B;BANK1;IL7R;TYROBP;TNFAIP6;SERPINB4;CD80;CNR2;SLAMF8;EBI3;BMP5;EMILIN1;FN1;GATA2;TREM2;LST1;PLA2G2D;ANXA1;NLRP6;PSMB8;GPER1;CCL2;ASCL2;CD72;PPARG;HFE;CD200R1;FBN1;HAVCR2;GREM1;RAB7B;CDKN2A;TIGIT;HOXA7;OTOP1;BMP4;ADGRF5;LAPTM5;TNFSF18;IL31RA;CXCL12;PTPRC;PSMB9;FOXJ1;THBS1;FCER1G;RIN3;CD5;TGFB1;ALOX15;HLX;LRRC32;PLK2;TLR4;SYK;MILR1;CCN3;SPI1;ENPP3;OAS1;ID2;SOCS1;INHA;MICA;MAFB;TNFRSF11B;GBP1;PTGER4;SMAD7;HLA-E;ITPRIPL1;TMEM176A;PARP14;STAP1;ANGPT1;PAG1;LGALS3;APOD;TGFB2;IFI16;APOA1;LRRC17;STAT6;TAPBPL;LOXL3;AHR;NPY5R;BTLA;SMIM30;SDC4;ELF1;GPR55"
"GOBP_POSITIVE_REGULATION_OF_MIRNA_METABOLIC_PROCESS",0.00145243282498184,0.1279754700234,0.580089761854953,1.68143914879471,7,60,"DNM3OS;WT1;GATA3;ETS1;GATA2;SMAD6;PPARG;ATOH8;NR3C1;TGFB1;PDGFB;BMP2;SPI1;AGT;TGFB2;JUN;NOTCH2;EGFR;FOXA1;SMAD3"
"GOBP_POSITIVE_REGULATION_OF_SMALL_MOLECULE_METABOLIC_PROCESS",0.00155038759689922,0.129416564667483,0.465933215569855,1.52320828395496,8,141,"TWIST1;IGF1;APOA4;AVPR1A;DAB2;TREM2;IGF2;GPER1;PTH1R;P2RX7;PPARG;EDN2;ADM;EDN1;AGTR1;ACTN3;NTSR1;PTGS2;AGT;PPP1R3G;APOE;LDLRAP1;BMP6;FOXO1;APOA1;NR1H4"
"GOBP_POSITIVE_REGULATION_OF_TUMOR_NECROSIS_FACTOR_SUPERFAMILY_CYTOKINE_PRODUCTION",0.00177053824362606,0.140403682719547,0.50091854288133,1.57322423632255,9,103,"TWIST1;IL33;TLR3;CLEC7A;TYROBP;IL1A;LPL;LRRK2;PSMB8;HAVCR2;PTPRC;PSMB9;THBS1;FCER1G;FCGR2A;TGFB1;NFATC4;TLR4;SYK;WNT5A;OAS1;TLR2;HSPB1;IL23A;HLA-E;NOD1;SPON2;CYBA"
"GOBP_REGULATION_OF_LIPID_LOCALIZATION",0.0020671834625323,0.156121570075058,0.463207083039344,1.51429613192357,11,141,"APOA4;ABCA8;APOC3;CYP19A1;GHRL;DAB2;TREM2;LPL;PLA2G4A;TNFSF11;P2RX7;PLA2R1;ITGB3;PPARG;ACSL5;SPP1;THBS1;EDN1;AGTR1;SYK;ABCB4;NTSR1;TNFRSF11A;AGT;CAV1;APOE;LDLRAP1;BMP6;ITGAV;PLIN3;APOA1;IKBKE;PNPLA2;ANXA2;CD36;PLTP;MSR1;CRH;ABCA12;FURIN;PCSK9;AVPR1B;EEPD1;SURF4;ERFE;TTC39B;TRIAP1;GDF9;RXRA;ZC3H12A;SHH;LRP1;TSPO;PLIN2"
"GOBP_AXONEME_ASSEMBLY",0.0024906600249066,0.171747252152255,0.497609067925997,1.55747340495389,13,101,"HOATZ;RP1;CCDC63;SPAG6;CFAP74;DNAI2;DNAJB13;FOXJ1;DAW1;DNAI3;CFAP47;DRC1;CLXN;DRC7;ZMYND10;RSPH1;CFAP97D1;CFAP73;CFAP100;CFAP58;DNAAF8;CFAP46;TTC12;CFAP43;SPAG1;MNS1;SPAG17;CFAP69;CCDC39;DNAH7;DNAAF3;LRRC23;CFAP206;SPEF2;CCDC146;RP1L1;CFAP44;ODAD1;CC2D2A;DNAAF11;LRRC46"
"GOBP_MIDBRAIN_DOPAMINERGIC_NEURON_DIFFERENTIATION",0.00242854474126658,0.171747252152255,0.767412589749888,1.74748358403786,12,17,"WNT3A;WNT1;LMX1A;WNT2;NR4A2;DKK1;WNT5A;SFRP2;FZD1;WNT9B"
"GOBP_NEGATIVE_REGULATION_OF_LIPID_METABOLIC_PROCESS",0.00267284390591589,0.176630434782609,0.497059293108951,1.54366084093557,14,94,"FMO1;APOC3;SNAI2;BMP5;DKKL1;SNAI1;GPER1;CIDEA;FMO2;SPHK1;HCAR2;PDGFB;ENDOU;BMP2;ACADL;FMO4;GFI1;APOE;KIF12;APOD;CIDEC;SLC22A13;PLIN1;SIK1;WNT4"
"GOBP_REGULATION_OF_INFLAMMATORY_RESPONSE",0.00318674314850223,0.202166985340982,0.37388391795859,1.33868193121463,19,365,"STING1;OSMR;IL33;IGF1;NPY;TLR3;TAFA3;LGALS1;CYP19A1;CD69;CCN4;GHRL;GPR17;GBP3;LRRC19;IL22RA1;GATA3;CASP4;TNFAIP6;TRPV4;SLAMF8;ETS1;TREM2;IL1A;LPL;PLA2G2D;ANXA1;IFI35;NLRP6;LRRK2;TNFSF11;GPER1;HGF;PPARG;CD200R1;IER3;IL1R1;NT5E;BIRC3;TNFSF18;PTPRC;IL1RAP;SPHK1;ELF4;FCER1G;MAS1;TGFB1;RARRES2;ALOX15;EDNRB;AGTR1;PLK2;ADAMTS12;TLR4;NLRC4;NFATC1;SYK;TNC;CCN3;WNT5A;IL16;ENPP3;NFKBIZ;PTGS2;TNFRSF11A;AGT;TLR2;APOE;IL17RA;GBP1;CTSC;PTGER4;IL23A;NLRP11;HLA-E;CMKLR2;STAP1;GPSM3;CMKLR1;BST1;IFI16;APOA1;NR1H4;CDH5;CD4;IL18R1;AHR;NPY5R;SOCS3;WFDC1;MMP3;SMAD3;TNFAIP8L2;IRF3;LYN;BCL6;IL10RB;MDK;TNFRSF1A;TNFSF4;GRN;TNFAIP3;VAMP8;ACE2;NOD2;VAMP3;HYAL2;SIGLEC10;NLRP14;UACA;FURIN;MGST2;SPN;RPS19"
"GOBP_FLAVIN_CONTAINING_COMPOUND_METABOLIC_PROCESS",0.00369230769230769,0.216888888888889,-0.901737572215327,-1.6246442566772,17,6,"SLC52A3;SLC52A1"
"GOBP_REGULATION_OF_MIRNA_METABOLIC_PROCESS",0.00357589844448418,0.216888888888889,0.51160639926859,1.56500629418044,19,84,"TWIST1;DNM3OS;WT1;GATA3;ETS1;GATA2;SMAD6;PPARG;ATOH8;BMP4;NR3C1;TGFB1;PDGFB;NFATC4;BMP2;SPI1;AGT;NFIB;TGFB2;JUN;NOTCH2;EGFR;FOXA1;SMAD3"
"GOBP_CYTOKINE_MEDIATED_SIGNALING_PATHWAY",0.00394819962097284,0.223637307102247,0.362799298014266,1.31446059050065,24,430,"CXCL6;STING1;OSMR;IL33;FOXC1;CX3CR1;INHBA;CXCR5;GPR17;IL7R;IL22RA1;CASP4;CCL26;EBI3;IFNA21;TREM2;IL1A;ACKR2;IL2RB;RHEX;CXCL13;NLRP6;TNFSF11;CCL2;PPARG;EDN2;TMC8;PLVAP;IL1R1;IFITM2;OTOP1;KRT8;BIRC3;LAPTM5;TNFSF18;IL31RA;CXCL12;PTPRC;GPR25;IL1RAP;SPHK1;CCRL2;FCER1G;IL17RC;EDN1;PDGFB;GHR;SYK;TNFRSF19;KRT18;WNT5A;SPI1;IL16;NFKBIZ;OAS1;CSF1;IFITM3;SOCS1;TNFRSF11A;CAV1;LILRB5;ACKR1;GFI1;FAS;IL17RA;EPO;TNFRSF11B;TNFSF13B;IL23A;PARP14;STAP1;IFI27;IL6R;ANGPT1;CIB1;CISH;IL9R;CMKLR1;APOA1;STAT6;NR1H4;SLIT3;IL21R;CD4;IL18R1;IKBKE;ANXA4;SMIM30;CCR4;SOCS3;AXL;IL11;IRF3;LYN;RBM47;IL10RB;IL4R;IRS1;IL12A;TRIM56;TNFRSF1A;TIFA;TNFAIP3;VRK2;TRIM6;P4HB;IL11RA;CCDC3;DOK1;CASP8;AGPAT2"
"GOBP_GLUTATHIONE_METABOLIC_PROCESS",0.00420091324200913,0.227912004148626,0.568789940090013,1.62114860654579,22,54,"GGT5;GGTLC3;GSTT4;CRYAA;GSTM1;CRYAB;GSTA3;ABCC2;GSTA1"
"GOBP_GMP_METABOLIC_PROCESS",0.00433839479392625,0.227912004148626,-0.685498368560953,-1.72962697849458,19,25,"CARD11;GDA"
"GOBP_MICROGLIAL_CELL_ACTIVATION_INVOLVED_IN_IMMUNE_RESPONSE",0.00445477435599458,0.227912004148626,0.876854126031687,1.62271895958924,22,7,"IL33;CX3CR1;TYROBP;TREM2;IL1R1;IL1RAP"
"GOBP_NEGATIVE_REGULATION_OF_IMMUNE_RESPONSE",0.00508388408744281,0.251970005083884,0.417080035702187,1.40760078822582,29,190,"IL33;NPY;COL3A1;LGALS1;CD69;GPR17;CLEC12B;IL7R;SERPINB4;CD80;SLAMF8;EBI3;TREM2;ANXA1;NLRP6;ASCL2;PPARG;HFE;HAVCR2;TIGIT;OTOP1;TNFSF18;PTPRC;FOXJ1;TGFB1;ALOX15;HLX;PLK2;SYK;SPI1;ENPP3;OAS1;MICA;SMAD7;HLA-E;PARP14;LGALS3;IFI16;STAT6;LOXL3;AHR;NPY5R;BTLA;SMIM30;LYN;BCL6;IL12A;ZBTB7B;TNFSF4;GRN;TNFAIP3;NCKAP1L;CD274;FURIN;SPN;SPINK5;RPS19;AURKB"
"GOBP_TUMOR_NECROSIS_FACTOR_SUPERFAMILY_CYTOKINE_PRODUCTION",0.00530095759233926,0.254767234589396,0.435193377264446,1.44402497121999,30,160,"TWIST1;IL33;BPI;IGF1;TLR3;CLEC7A;CX3CR1;GHRL;TYROBP;TREM2;IL1A;LPL;LRRK2;PSMB8;CIDEA;HAVCR2;PTPRC;PSMB9;ELF4;ZFP36;THBS1;FCER1G;FCGR2A;TGFB1;NFATC4;TLR4;SYK;WNT5A;OAS1;TLR2;HSPB1;IL23A;HLA-E;NOD1;ANGPT1;SPON2;CYBA;NR1H4"
"GOBP_T_HELPER_1_TYPE_IMMUNE_RESPONSE",0.00547945205479452,0.255600322320709,0.558343813686541,1.59137535974732,29,54,"IL33;CD80;EBI3;PLA2G4A;ANXA1;PSMB8;ASCL2;HAVCR2;IL1R1;PSMB9;HLX;TLR4;NFKBIZ;IL23A;STAT6;IL18R1;IL12A;TNFSF4;SPN;ARID5A"
"GOBP_NEUROGENESIS",0.00587842351369405,0.266376562649108,0.299921305413165,1.16907854938235,43,1763,"TWIST1;IL33;CD38;IGF1;MYOT;MYPN;APOA4;ACTBL2;SEMA3G;NPY;HOXC8;TMC1;RP1;COL3A1;SOX10;FEV;BARHL1;S100B;CX3CR1;WNT11;KIAA1755;CFH;EDNRA;DGKG;PRRX1;INHBA;FOXA2;LMX1B;WNT3A;ALX1;TNN;PRDM6;GHRL;POTEF;GPR17;ERBB3;GATA3;CHL1;SLITRK6;WNT1;MFRP;ITGA4;LMX1A;ALX4;PRPH2;AREG;TRPV4;BMP5;P2RY12;GDF7;ID3;DAB2;PTF1A;DDR2;MMP14;HAND2;FN1;LAMA2;GATA2;MAG;TREM2;LST1;CD3E;LAMC3;WNT2;FGF5;FZD10;SLC39A12;ADGRG6;ID1;GNAT1;DHFRP1;PITX3;IGSF10;LRRK2;CNTN6;GPER1;CCL2;GDF5;ASCL2;PMP22;SPAG6;FOXD1;WNT6;ITGA1;EDN2;FLRT2;WNT8B;TPBG;TULP1;HOXC10;LAMB1;CSPG4;TLX2;SAMD11;RSPO2;TBX2;RARB;PENK;SPP1;RUNX2;POU4F3;SEMA3B;BMP4;PAX7;DAAM2;NR3C1;CBLN1;CXCL12;NR4A2;FOLR1;WNT2B;LGR6;MME;GAS7;EN2;CDH11;CHRM1;POTEI;ALKAL2;CLRN1;DKK1;ATOH1;LPAR1;EN1;NR2F2;EDN1;GDF6;MEF2C;SLC38A8;TGFB1;NGF;EDNRB;TGM2;NTF4;HES1;MYLIP;MMP2;EDN3;NFATC4;ALX3;APCDD1;TLR4;EPHA6;CCK;TNC;HEYL;NFIA;PLP1;PTPRT;BMP2;WNT5A;LGI4;CSF1;DCDC2;ID2;OLIG3;SFRP2;RAB13;PLXND1;PTN;GFI1;TLR2;ALKAL1;VEGFD;APOE;COL25A1;EPO;VEGFC;NRP2;CTF1;LRP4;NFIB;MATN2;TGIF1;POU4F2;TNFRSF12A;PRAG1;LTK;STAP1;B2M;GPR157;LAMB2;LYPD6;LHX8;ANKRD1;TEAD3;PRDM1;APOD;GPR37;BMP6;CIB1;RFX6;SDC2;FLRT1;TGFB2;HEY1;SLC6A4;BMP7;NKX2-5;EPHA7;SLIT3;EPOP;KREMEN1;MGARP;ERBB4;LAMA1;HMG20B;STMND1;WNT10A;FZD1;CCND1;HOXB3;MCOLN3;PREX1;JUN;CTDSP1;CCR4;GFRA1;SDC4;EPHA2;KEL;WNT9B;PLXNA4;VCL;BCHE;ITM2C;BHLHA15;NOTCH2;PRX;GRID2;HOXD9;GBX1;CDKN2C;PCARE;SEMA3F;AXL;NTM;EGFR;TFAP2C;VLDLR;FOXA1;WNT10B;ANXA2;ADARB1;NTNG1;NEXN;SMAD3;LYN;BCL6;NTF3;RIT2;FLNA;FGFR2;PLPP3;POU4F1;HHIP;EVX1;SEMA3A;WNT4;NTN5;MBOAT1;CNTN5;DRD1;MDK;P3H1;JAG1;HEXB;ITGB1;NR2E3;LIF;HMGA2;ALDH1A2;HEY2;CLN5;GRN;F2;NCKAP1L;BAX;ZEB2;MOV10;TNXB;VIM;MEST;PCP4;VTN;LPAR3;IRX1;UGT8;WASF2;DRD3;METRN;GBX2;NOTCH3;CCDC39;PTK7;DMRT3;SGK1;TSKU;GDNF;VCAN;DLX1;HOXD3;EXT1;ZHX2;TUBA1C;CRABP2;NBL1;SPINK5;C1QL1;PAX2"
"GOBP_RIBOFLAVIN_METABOLIC_PROCESS",0.00640760644894585,0.28229066188967,-0.917153401212637,-1.58450974738984,30,5,"SLC52A3;SLC52A1"
"GOBP_NEGATIVE_REGULATION_OF_INFLAMMATORY_RESPONSE_TO_ANTIGENIC_STIMULUS",0.0066815144766147,0.286402215132727,0.645735622382481,1.65153642985477,35,29,"NPY;GPR17;TREM2;NLRP6;PLK2;SYK;NPY5R;LYN;FURIN;SPN"
"GOBP_ADAPTIVE_IMMUNE_RESPONSE_BASED_ON_SOMATIC_RECOMBINATION_OF_IMMUNE_RECEPTORS_BUILT_FROM_IMMUNOGLOBULIN_SUPERFAMILY_DOMAINS",0.0100096867936713,0.289310470631157,0.371210927372499,1.30577551456122,61,297,"KDM5D;CFI;IL33;FCMR;CLEC7A;LGALS1;CD69;RAET1G;MBL2;IL7R;GATA3;CD80;EBI3;AZGP1;TREM2;IL2RB;PLA2G4A;ANXA1;CXCL13;CD1E;PSMB8;P2RX7;ASCL2;HFE;HAVCR2;IL1R1;TNFSF18;PTPRC;PSMB9;FOXJ1;FCER1G;IL17RC;IL17C;MEF2C;FCGR2A;CLC;TGFB1;TNFSF13;HLX;TLR4;NFKBIZ;MICA;IL17RA;TNFSF13B;CTSC;IL23A;SMAD7;HLA-E;B2M;IL6R;C1S;BTN3A2;IL9R;ICAM1;STAT6;IL21R;CD226;CD1D;CD4;IL18R1;LOXL3;AHR;BTLA;SOCS3;SLC15A4;SLC22A13;BCL6;IL12A;JAG1;ZBTB7B;TNFSF4;TNFAIP3;NCKAP1L;RAB27A;CD274"
"GOBP_ALCOHOL_METABOLIC_PROCESS",0.00976312419974392,0.289310470631157,0.366176639839692,1.2995243650566,60,327,"SULT1E1;IGF1;APOA4;SULT1B1;BCO1;MOGAT2;AKR1B10;ALDH1A3;DHRS3;SULT2B1;BMP5;DAB2;PLEK;DHFRP1;PLA2G4A;GPER1;PTH1R;DHRS9;AKR1D1;ALDH1A1;CYP21A2;SPHK1;ACP3;HSD17B6;MOXD1;ALDH3B1;SPTLC3;EDNRB;SULT1A2;AGTR1;RPE65;BMP2;ITPKB;ACADL;NTSR1;SDR9C7;AGT;APOE;LDLRAP1;ADH4;CYP27B1;ADH1B;BMP6;AKR1B15;APOA1;NR1H4;SCNN1B;LCAT;NUDT4;LIMA1;NUDT4B;FABP1;CYP1A1;PNPLA2;SULT1A3;NPC2;SEC14L2;INPP4B;VLDLR;LHCGR;CYP27A1;SULT1A1;PLPP3;WNT4;SULT1C4;CYP7B1;ALDH1A2;CCDC3;H6PD;CYP17A1;IP6K3;TSKU;NOS3;LIPA"
"GOBP_CALCIUM_ION_REGULATED_EXOCYTOSIS",0.00906478001326553,0.289310470631157,-0.517506610345376,-1.56239573385805,40,66,"ZP4;ZP3;SYT10;CADPS2;DOC2A;SYT6;SYT9;RAPGEF4;UNC13C;SYT17;UNC13B;SYT1;CBARP;RIMS2;BAIAP3;STX1B;SNAP25;DOC2B;STX1A;SYT5;RIMS1;RIMS3;SYT12;STXBP1;SYT2;UNC13A;SYT7;SYT3;SYT13;VAMP2;TRPV6;RAB3A;NOTCH1;SYN2;KCNB1;CDK5R2"
"GOBP_CYTOKINE_PRODUCTION",0.00862966820413629,0.289310470631157,0.332042131396539,1.24190804915893,57,706,"CXCL6;STING1;CD34;TWIST1;IL33;BPI;IGF1;CXCL8;TLR3;RGCC;CLEC7A;COL3A1;CX3CR1;WNT11;ITGB6;LTB;INHBA;CCN4;SNAI2;RAET1G;WNT3A;LUM;GHRL;LRRC19;BANK1;SERPINB7;TYROBP;GATA3;CD80;NOX5;TRPV4;EBI3;SULF1;GATA6;FN1;ZNF683;TREM2;IL1A;CLEC5A;CD3E;LPL;ANXA1;NLRP6;LRRK2;PSMB8;HGF;P2RX7;PLA2R1;CCBE1;HFE;CIDEA;CD200R1;GPR174;HAVCR2;IL1R1;RAB7B;TIGIT;SLC2A10;RNF135;TRIM38;IL19;CD6;AIF1;LAPTM5;PTPRC;IL1RAP;SPHK1;TRIL;PSMB9;FOXJ1;ELF4;ZFP36;THBS1;FCER1G;IL17RC;FCGR2A;CLC;TGFB1;EPX;NFATC4;LRRC32;TLR4;NLRC4;SYK;AFAP1L2;WNT5A;IL16;CRYBA1;OAS1;SIGLEC1;SOCS1;INHA;PTGS2;AGT;BTN1A1;S1PR3;ACKR1;TLR2;GATA4;IL17RA;GBP1;PTGER4;HSPB1;IL23A;SMAD7;HLA-E;B2M;ADAMTS3;IL6R;NOD1;ANGPT1;BTN3A2;SSC5D;APOD;TMIGD2;LITAF;C3AR1;TGFB2;ITGAV;SPON2;CYBA;GPSM3;CMKLR1;IFI16;APOA1;NR1H4;CD226;POLR3G;CD4;IL18R1;BTN2A3P;IKBKE;BTLA;ANXA4;JUN;EPHA2;CD83;ELF1;FBLN1"
"GOBP_GENERATION_OF_NEURONS",0.00951216197852969,0.289310470631157,0.301073732661466,1.16793802540152,69,1526,"TWIST1;CD38;MYOT;MYPN;APOA4;ACTBL2;SEMA3G;NPY;HOXC8;TMC1;RP1;COL3A1;SOX10;FEV;BARHL1;S100B;CX3CR1;WNT11;KIAA1755;EDNRA;DGKG;PRRX1;INHBA;FOXA2;LMX1B;WNT3A;ALX1;TNN;GHRL;POTEF;ERBB3;GATA3;CHL1;SLITRK6;WNT1;MFRP;ITGA4;LMX1A;ALX4;PRPH2;AREG;TRPV4;BMP5;GDF7;ID3;DAB2;PTF1A;DDR2;HAND2;FN1;LAMA2;GATA2;MAG;LST1;CD3E;WNT2;FZD10;SLC39A12;ID1;GNAT1;DHFRP1;PITX3;IGSF10;LRRK2;CNTN6;GDF5;ASCL2;PMP22;SPAG6;FOXD1;WNT6;ITGA1;EDN2;FLRT2;WNT8B;TPBG;TULP1;HOXC10;LAMB1;TLX2;SAMD11;RSPO2;SPP1;RUNX2;POU4F3;SEMA3B;BMP4;PAX7;CBLN1;CXCL12;NR4A2;FOLR1;WNT2B;LGR6;GAS7;EN2;CDH11;POTEI;ALKAL2;CLRN1;DKK1;ATOH1;LPAR1;EN1;NR2F2;EDN1;GDF6;MEF2C;SLC38A8;TGFB1;NGF;EDNRB;NTF4;HES1;MYLIP;MMP2;EDN3;NFATC4;ALX3;EPHA6;CCK;TNC;HEYL;NFIA;PLP1;PTPRT;BMP2;WNT5A;LGI4;DCDC2;ID2;OLIG3;SFRP2;RAB13;PLXND1;PTN;GFI1;ALKAL1;VEGFD;APOE;COL25A1;EPO;VEGFC;NRP2;CTF1;LRP4;NFIB;MATN2;TGIF1;POU4F2;TNFRSF12A;PRAG1;LTK;B2M;LAMB2;LYPD6;LHX8;ANKRD1;TEAD3;PRDM1;APOD;GPR37;BMP6;CIB1;RFX6;SDC2;FLRT1;TGFB2;HEY1;SLC6A4;BMP7;NKX2-5;EPHA7;SLIT3;EPOP;KREMEN1;MGARP;ERBB4;LAMA1;HMG20B;STMND1;WNT10A;FZD1;CCND1;MCOLN3;PREX1;JUN;CTDSP1;CCR4;GFRA1;SDC4;EPHA2;KEL;WNT9B;PLXNA4;VCL;BCHE;ITM2C;BHLHA15;NOTCH2;GRID2;HOXD9;GBX1;PCARE;SEMA3F;AXL;NTM;EGFR;TFAP2C;VLDLR;FOXA1;WNT10B;ADARB1;NTNG1;NEXN;SMAD3;LYN;BCL6;NTF3;RIT2;FLNA;FGFR2;POU4F1;HHIP;EVX1;SEMA3A;WNT4;MBOAT1;CNTN5;DRD1;MDK;P3H1;JAG1;ITGB1;NR2E3;LIF;ALDH1A2;HEY2;CLN5;GRN;NCKAP1L;BAX;ZEB2;MOV10;TNXB;VIM;MEST;PCP4;LPAR3;IRX1;UGT8;WASF2;METRN;GBX2;NOTCH3;CCDC39;PTK7;DMRT3;SGK1;TSKU;GDNF;DLX1;HOXD3;EXT1;ZHX2;TUBA1C;CRABP2;NBL1;SPINK5;C1QL1;PAX2;EFNA4;PCSK9;DOCK10"
"GOBP_GLUTATHIONE_CATABOLIC_PROCESS",0.00813480534572923,0.289310470631157,0.862805724406538,1.5967207838468,41,7,"GGT5;GGTLC3;DPEP1"
"GOBP_GLYCINE_IMPORT_ACROSS_PLASMA_MEMBRANE",0.00888613349865675,0.289310470631157,-0.866730653983392,-1.61640638768393,42,7,"SLC6A14;RGS4;SLC6A7;RGS2"
"GOBP_HIPPOCAMPAL_NEURON_APOPTOTIC_PROCESS",0.00968241673121611,0.289310470631157,0.900949545619224,1.53748163466668,49,5,"CX3CR1;TREM2;CX3CL1"
"GOBP_MACROPHAGE_ACTIVATION_INVOLVED_IN_IMMUNE_RESPONSE",0.00790513833992095,0.289310470631157,0.709126855328857,1.64956718584203,41,19,"IL33;CX3CR1;TYROBP;TREM2;IFI35;HAVCR2;IL1R1;IL1RAP;SYK"
"GOBP_MIRNA_METABOLIC_PROCESS",0.00832447750619908,0.289310470631157,0.466569872349097,1.46254965486046,46,102,"TWIST1;DNM3OS;WT1;GATA3;ETS1;GATA2;SMAD6;PPARG;ATOH8;BMP4;NR3C1;TGFB1;PDGFB;NFATC4;BMP2;SPI1;AGT;NFIB;TGFB2;JUN;NOTCH2;EGFR;FOXA1;SMAD3"
"GOBP_NEGATIVE_REGULATION_OF_LIPID_BIOSYNTHETIC_PROCESS",0.0100328347318497,0.289310470631157,0.524040014284019,1.51366629825578,54,59,"APOC3;SNAI2;BMP5;DKKL1;SNAI1;GPER1;SPHK1;PDGFB;BMP2;ACADL;GFI1;APOE;KIF12;SIK1;WNT4;CCDC3"
"GOBP_NEURON_APOPTOTIC_PROCESS",0.00825643516270034,0.289310470631157,0.376260416431254,1.32054773261754,50,288,"TFAP2D;BARHL1;CX3CR1;TFAP2B;ERBB3;GATA3;CHL1;WNT1;CASP4;MAG;TREM2;COL6A2;PITX3;CCL2;GDF5;ITGA1;RAPSN;USP53;POU4F3;NR3C1;NR4A2;EN2;DKK1;EN1;MEF2C;TGFB1;NGF;NTF4;MMP2;NFATC4;TMBIM1;PLXND1;FAS;HSPG2;TFAP2A;ANGPT1;TGFB2;EPHA7;FZD1;CCND1;JUN;BCL2L11;GRID2;AXL;ADARB1;NTF3;POU4F1;GRIK2;MDK;CASP7;GRN;BAX;CRH;GRM4;CASP8;CASP6;GDNF;DLX1;PCSK9;BOK"
"GOBP_PRIMARY_ALCOHOL_METABOLIC_PROCESS",0.00711490572749911,0.289310470631157,0.476878686447499,1.48519238035264,39,96,"SULT1E1;IGF1;SULT1B1;BCO1;AKR1B10;ALDH1A3;DHRS3;BMP5;DAB2;DHRS9;ALDH1A1;CYP21A2;ACP3;HSD17B6;ALDH3B1;EDNRB;SULT1A2;RPE65;BMP2;SDR9C7;ADH4;ADH1B;BMP6;AKR1B15;SCNN1B;FABP1;CYP1A1;PNPLA2;SULT1A3;SULT1A1;WNT4;SULT1C4"
"GOBP_REGULATION_OF_CALCIUM_MEDIATED_SIGNALING",0.00817632420902951,0.289310470631157,0.477938723998459,1.4766160746359,45,90,"IGF1;CLEC7A;ERBB3;PDGFRA;TREM2;CD3E;PLEK;MYOZ2;PDGFRB;LRRK2;EDN2;SLC24A4;PTPRC;EDN1;LMCD1;SYK;ACTN3;GBP1;CALCR;CIB1;CMKLR1;BST1;CD4"
"GOBP_REGULATION_OF_FATTY_ACID_METABOLIC_PROCESS",0.00782361308677098,0.289310470631157,0.474829349751448,1.47128454590733,43,92,"TWIST1;APOA4;FMO1;APOC3;AVPR1A;PPARG;EDN2;FMO2;EDN1;ACADL;PTGS2;FMO4;CAV1;PDK4;KIF12"
"GOBP_REGULATION_OF_LIPID_METABOLIC_PROCESS",0.00995184590690209,0.289310470631157,0.371292585987305,1.31163411888445,61,308,"TWIST1;APOA4;FMO1;APOC3;THRSP;SNAI2;IGFBP7;AVPR1A;BMP5;DAB2;TREM2;DKKL1;SNAI1;GPER1;PPARG;EDN2;CIDEA;RUBCNL;ADM;FMO2;ADGRF5;NR3C1;DHH;SPHK1;HCAR2;EDN1;RARRES2;PDGFB;AGTR1;ENDOU;SERPINA3;BMP2;ACADL;ID2;PTGS2;FMO4;AGT;CAV1;GFI1;APOE;LDLRAP1;PDK4;KIF12;APOD;BMP6;APOA1;NR1H4;RAB38;CCN1;PNPLA2;NPC2;SEC14L2;CIDEC;SLC22A13;LHCGR;PLIN1;CARTPT;SIK1;WNT4;IRS1;SCT"
"GOBP_REGULATION_OF_T_HELPER_1_TYPE_IMMUNE_RESPONSE",0.00803588114371146,0.289310470631157,0.678640684518392,1.65046364153636,42,23,"IL33;CD80;EBI3;PLA2G4A;ANXA1;ASCL2;HAVCR2;IL1R1;HLX;IL23A;IL18R1;IL12A;TNFSF4"
"GOBP_T_CELL_ACTIVATION_INVOLVED_IN_IMMUNE_RESPONSE",0.00894266175697002,0.289310470631157,0.452681485377198,1.44123680240708,50,113,"ICOS;LGALS1;CD69;TYROBP;GATA3;CD80;ITGAL;IFNA21;TREM2;ANXA1;PSMB8;ASCL2;HAVCR2;TNFSF18;HLA-DMB;PSMB9;FCER1G;HLX;NFKBIZ;PTGER4;IL23A;SMAD7;IL6R;LGALS3;ICAM1;STAT6;IL18R1;LOXL3;SOCS3;BCL6;MDK;ZBTB7B;TNFSF4;NCKAP1L;ICOSLG;RAB27A"
"GOBP_CALCIUM_MEDIATED_SIGNALING",0.0127196652719665,0.31520920502092,0.392094103026099,1.33923355531659,75,216,"IGF1;CXCL8;CLEC7A;CX3CR1;CCL20;CXCR5;ERBB3;AVPR1A;P2RY12;PDGFRA;TREM2;CD3E;PLEK;MYOZ2;ACKR2;PDGFRB;NFATC2;LRRK2;TNFSF11;P2RX7;EDN2;SLC24A4;PTPRC;SPHK1;CCRL2;EDN1;EDNRB;AGTR1;LMCD1;NFATC4;CLIC2;NFATC1;SYK;MCTP2;ACTN3;GBP1;ITPR3;CALCR;CIB1;C3AR1;CASQ2;CMKLR1;BST1;CD4;NUDT4;JPH2;ATP1A2;MCOLN3;CCR4;BHLHA15;P2RX1"
"GOBP_HORMONE_METABOLIC_PROCESS",0.012193085017538,0.31520920502092,0.392807058822247,1.34272958191526,72,218,"SULT1E1;SULT1B1;BCO1;MEP1A;CYP19A1;INHBA;UGT2B7;AKR1B10;ALDH1A3;CRYM;DHRS3;GATA3;BMP5;DAB2;PDGFRA;FOXE1;CORIN;CYP26C1;DHRS9;HSD17B2;AKR1D1;ALDH1A1;HFE;BACE2;CYP21A2;SPP1;ADM;NR3C1;CPA4;UGT2B15;MME;HSD17B6;CPQ;EDNRB;GHR;RPE65;BMP2;PAPSS2;SLC26A7;CYP26A1;SDR9C7;ADH4;CYP2W1;ADH1B;BMP6;AKR1B15;SCNN1B;SELENOM;FABP1;DIO2;CYP1A1;GCNT4;PCSK6;PNPLA2;SULT1A3;BCHE;STC2;FOXA1;LHCGR;SULT1A1;WNT4;ALDH1A2;SCPEP1;P4HB;H6PD;CTSZ;ACE2;HSD17B8;CYP17A1;CRABP2;FURIN;CTSK"
"GOBP_INFLAMMATORY_RESPONSE_TO_WOUNDING",0.0122380864083071,0.31520920502092,0.65463964839497,1.61100121384451,65,24,"IL33;TLR3;IL1A;PPARG;TGFB1;TLR4;NFKBIZ;MDK;GRN;SIGLEC10;TIMP1"
"GOBP_MINERALOCORTICOID_METABOLIC_PROCESS",0.012464046021093,0.31520920502092,0.765418499427595,1.60503925962481,64,12,"BMP5;DAB2;CYP21A2;EDNRB;BMP2;BMP6;SCNN1B;WNT4"
"GOBP_POSITIVE_REGULATION_OF_FATTY_ACID_METABOLIC_PROCESS",0.0125832716506292,0.31520920502092,0.607305022484411,1.59631228870932,67,33,"TWIST1;APOA4;AVPR1A;PPARG;EDN2;EDN1;PTGS2"
"GOBP_POSITIVE_REGULATION_OF_LIPID_TRANSPORT",0.0126811594202899,0.31520920502092,0.492778173214359,1.47593192208509,69,74,"ABCA8;CYP19A1;GHRL;DAB2;TREM2;PLA2G4A;TNFSF11;P2RX7;PLA2R1;PPARG;ACSL5;SPP1;EDN1;ABCB4;NTSR1;TNFRSF11A;CAV1;APOE;LDLRAP1;BMP6;APOA1"
"GOBP_REGULATION_OF_CALCIUM_ION_DEPENDENT_EXOCYTOSIS",0.0121092029942756,0.31520920502092,-0.575545910682862,-1.59824669805307,54,40,"ZP3;SYT10;DOC2A;SYT6;SYT9;SYT17;SYT1;CBARP;BAIAP3;DOC2B;STX1A;SYT5;SYT12;STXBP1;SYT2;SYT7;SYT3;SYT13;TRPV6;RAB3A;NOTCH1;KCNB1;CDK5R2;SYT11;PPP3CA;CDK5;RPH3AL;CACNA1B;SYT15;HYAL3;SCAMP5"
"GOBP_REGULATION_OF_SMALL_MOLECULE_METABOLIC_PROCESS",0.0115848753016895,0.31520920502092,0.368612337698682,1.30239735454817,71,310,"TWIST1;IGF1;APOA4;FMO1;APOC3;SNAI2;AVPR1A;BMP5;DAB2;TREM2;IGF2;PLEK;DKKL1;SNAI1;GPER1;PTH1R;P2RX7;PPARG;EDN2;IER3;ADM;FMO2;NR3C1;EDN1;AGTR1;IGFBP3;BMP2;IGFBP4;ACADL;ACTN3;NTSR1;PTGS2;FMO4;AGT;CAV1;PPP1R3G;GFI1;APOE;LDLRAP1;PDK4;KIF12;BMP6;FOXO1;APOA1;NR1H4;SLC4A1"
"GOBP_RESPONSE_TO_TUMOR_NECROSIS_FACTOR",0.012409860808318,0.31520920502092,0.396926202879464,1.35065847520451,73,206,"UBD;CXCL8;MYOD1;MYOG;GBP3;GATA3;CASP4;COL1A1;TNFSF11;GPER1;CCL2;TMC8;PLVAP;KRT8;BIRC3;LAPTM5;TNFSF18;SPHK1;ZFP36;THBS1;EDN1;NPNT;HES1;ADAMTS12;SYK;TNFRSF19;KRT18;ZFP36L2;TNFRSF11A;FAS;TNFRSF11B;GBP1;TNFSF13B;HAS2;ANKRD1;CIB1;CYBA;APOA1;NR1H4;ANXA4;CLDN1;CXCL16;CD58;ASS1;TNFRSF1A;ADAMTS7;TIFA;TNFAIP3;CCDC3;CASP8;HYAL2"
"GOBP_NEURON_PROJECTION_REGENERATION",0.0133211678832117,0.323667025046789,0.521151752727279,1.49347932134847,72,56,"APOA4;PRRX1;MAG;DHFRP1;SPP1;FOLR1;MMP2;TNC;PTN;MATN2;LAMB2;APOD;KREMEN1;JUN"
"GOBP_SULFUR_COMPOUND_METABOLIC_PROCESS",0.0134691195795007,0.323667025046789,0.378149141976219,1.31545928471862,81,261,"SULT1E1;FMO1;SULT1B1;GGT5;GGTLC3;ACOT12;ACSM2B;GSTT4;ACOT6;SULT2B1;CRYAA;GSTM1;CRYAB;ACSM1;GSTA3;ACSL5;ACSM3;SULT1C2;ACP3;ABCC2;SULT1A2;GHR;BHMT;ELOVL3;PAPSS2;ABHD14B;GSTA1;PDK4;CHST2;NUDT7;CHST3;ACSF2;CHST7;NOX4;ACOT11;FABP1;SULT1A3;SQOR;SULT1A1;ACSBG1"
"GOBP_REGULATION_OF_DENDRITE_EXTENSION",0.0137604816168566,0.325733191706486,-0.663735599879719,-1.64330006083444,63,23,"CPNE6;RASAL1;CPNE9;OSTN;SYT17;SYT1;NEDD4L;RIMS2;CPNE5;CACNG7;RIMS1;RNF157;SYT2;UNC13A;SYT3;ITSN2"
"GOBP_MEDIUM_CHAIN_FATTY_ACID_METABOLIC_PROCESS",0.0149604616371019,0.343873799368749,-0.729452999496483,-1.63808714250317,69,15,"ABHD1;CES1;CYP4Z1;OLAH"
"GOBP_REGULATION_OF_KETONE_METABOLIC_PROCESS",0.0148497554157932,0.343873799368749,0.429155287331952,1.3836470021659,84,125,"TWIST1;APOA4;FMO1;APOC3;AVPR1A;BMP5;DAB2;DKKL1;PPARG;EDN2;ADM;FMO2;EDN1;BMP2;ACADL;PTGS2;FMO4;CAV1;PDK4;KIF12;BMP6;NR1H4"
"GOBP_CELL_DIFFERENTIATION_INVOLVED_IN_METANEPHROS_DEVELOPMENT",0.0153673163418291,0.348179481687728,0.677968595053474,1.59700506997289,81,20,"CD34;TCF21;OSR1;SIX2;GREM1;WWTR1;PDGFB;LAMB2;WNT9B;WNT4;LIF;GDNF;PAX2"
"GOBP_NEGATIVE_REGULATION_OF_NEUROINFLAMMATORY_RESPONSE",0.0156817747179193,0.350299925389014,0.740024901368593,1.57857844361193,81,13,"IGF1;TAFA3;TREM2;CD200R1;PTPRC"
"GOBP_POSITIVE_REGULATION_OF_LIPID_LOCALIZATION",0.0161749022396019,0.351416369205596,0.461068965550117,1.42449609512964,90,90,"ABCA8;CYP19A1;GHRL;DAB2;TREM2;LPL;PLA2G4A;TNFSF11;P2RX7;PLA2R1;PPARG;ACSL5;SPP1;EDN1;ABCB4;NTSR1;TNFRSF11A;CAV1;APOE;LDLRAP1;BMP6;PLIN3;APOA1;IKBKE;ANXA2;CD36;PLTP;MSR1;CRH;ABCA12"
"GOBP_RESPONSE_TO_AXON_INJURY",0.0159883720930233,0.351416369205596,0.474398139785518,1.43153415016108,87,78,"APOA4;TYROBP;P2RY12;MAG;TREM2;DHFRP1;SPP1;FOLR1;MMP2;TNC;PTN;EPO;MATN2;LAMB2;APOD;KREMEN1;JUN;LYN;GRN;BAX"
"GOBP_PROSTATE_GLAND_DEVELOPMENT",0.0164383561643836,0.35231395779341,0.538360882196169,1.50677017847834,89,48,"IGF1;HOXA9;HOXB13;CYP19A1;RARG;SULF1;BMP4;MMP2;TNC;WNT5A;HOXA11;BMP7;FOXA1;FGFR2;GLI1;CYP7B1;PRLR;SERPINF1;ESR1;HOXA13;EAF2"
"GOBP_POSITIVE_REGULATION_OF_ACROSOME_REACTION",0.0175656127299029,0.371454157195013,-0.836493291413576,-1.56001532111678,84,7,"ZP4;ZP3"
"GOBP_ADAPTIVE_IMMUNE_RESPONSE",0.0185861795075457,0.385812374936242,0.343819286456553,1.24136021725461,116,411,"KDM5D;CFI;IL33;FCMR;SH2D1A;CLEC7A;IGLV5-52;CX3CR1;LGALS1;CD69;RAET1G;MBL2;IL7R;GATA3;CD80;EBI3;AZGP1;IFNA21;ZNF683;CD8B;TREM2;CD3E;IL2RB;PLA2G4A;ANXA1;CXCL13;CD1E;FCRL4;PSMB8;P2RX7;ASCL2;HFE;CD79B;HAVCR2;IL1R1;CD6;TNFSF18;TRAC;PTPRC;HLA-DMB;PSMB9;FOXJ1;FCER1G;IL17RC;TEC;IL17C;MEF2C;FCGR2A;CLC;TGFB1;ALOX15;TNFSF13;CLEC4M;HLX;TLR4;SYK;NFKBIZ;HLA-DRB5;MICA;TNFRSF11A;LILRB5;IL17RA;TNFSF13B;CTSC;IL23A;SMAD7;HLA-E;B2M;IL6R;C1S;PAG1;PRDM1;BTN3A2;IL9R;ICAM1;STAT6;IL21R;CD226;CD1D;CD4;IL18R1;LOXL3;AHR;BTLA;SOCS3;SLC15A4;SLC22A13;SKAP1;LYN;BCL6;UNC93B1;IL12A;SIPA1;JAG1;ZBTB7B;TNFSF4;TNFAIP3;NCKAP1L;ICOSLG;RAB27A;ERAP2;CD274"
"GOBP_FLAVONE_METABOLIC_PROCESS",0.0187311178247734,0.385812374936242,0.991264300595782,1.31653680914585,92,1,"LCT"
"GOBP_REGULATION_OF_NEURON_APOPTOTIC_PROCESS",0.0191646191646192,0.38968058968059,0.377042416954502,1.30256098448498,116,241,"TFAP2D;BARHL1;CX3CR1;TFAP2B;ERBB3;GATA3;CHL1;WNT1;CASP4;MAG;TREM2;PITX3;CCL2;GDF5;ITGA1;RAPSN;NR3C1;NR4A2;EN2;DKK1;EN1;MEF2C;NGF;NTF4;MMP2;NFATC4;TMBIM1;PLXND1;HSPG2;TFAP2A;ANGPT1;TGFB2;EPHA7;FZD1;CCND1;JUN;BCL2L11;GRID2;AXL;NTF3;POU4F1;GRIK2;MDK;CASP7;GRN;BAX;GRM4;CASP8;CASP6;GDNF;DLX1;PCSK9;BOK"
"GOBP_ARACHIDONATE_METABOLIC_PROCESS",0.0199379707576429,0.400273691412932,-0.530610477508947,-1.5102804231247,89,47,"ALOX12B;ALOX15B;CYP4Z1;CYP2B6;CYP2S1;CYP2C18;ALOXE3;CYP4F3;CYP1B1;ALOX5;CYP2A13;PTGS1;PLA2G4C;FAAH2"
"GOBP_PROSTATE_GLAND_MORPHOGENESIS",0.0222841225626741,0.441782729805014,0.60669340659655,1.53906098266232,119,28,"IGF1;HOXB13;RARG;SULF1;BMP4;MMP2;TNC;WNT5A;BMP7;FOXA1;FGFR2;CYP7B1;ESR1;HOXA13"
"GOBP_POSITIVE_REGULATION_OF_EXCITATORY_POSTSYNAPTIC_POTENTIAL",0.023053501522401,0.445888456274732,-0.572795896608978,-1.53641240011244,105,33,"WNT7A;RGS4;ADRB2;GRIN2B;GRIN1;GRIA1;SHANK1;RIMS2;STX1B;SHANK3;GRIN2C;STX1A;CHRNA7;RIMS1;DLG4;NETO1;PRKAR1B;NLGN1;CUX2;TBC1D24;NRXN1;BAIAP2;PRKCZ"
"GOBP_REGULATION_OF_COLLAGEN_METABOLIC_PROCESS",0.0228740084855193,0.445888456274732,0.562864640240067,1.51101263167483,123,37,"RGCC;INHBA;SERPINB7;FAP;DDR2;EMILIN1;MFAP4;BMP4;TGFB1;IL6R;WNT4;ITGB1;F2;VIM"
"GOBP_NEGATIVE_REGULATION_OF_T_HELPER_1_TYPE_IMMUNE_RESPONSE",0.0233940556088207,0.447023761392646,0.738974858353964,1.54958844138309,121,12,"IL33;EBI3;ASCL2;HAVCR2;IL12A;TNFSF4"
"GOBP_CEREBROSPINAL_FLUID_CIRCULATION",0.0253235790658413,0.478133290457432,0.69228842530799,1.55481816796545,134,16,"GMNC;DAW1;AQP4;CFAP45;CFAP221;CFAP43;DNAH9;CCDC39;NHERF1;DNAAF3;DNAAF11"
"GOBP_LIPID_EXPORT_FROM_CELL",0.025805270863836,0.481495995176987,0.529501254955712,1.46974359645662,140,45,"CYP19A1;INHBA;GHRL;DAB2;PLA2G4A;TNFSF11;P2RX7;SPP1;EDN1;AGTR1;PTGS2;TNFRSF11A;AGT;BMP6;SELENOM"
"GOBP_DITERPENOID_METABOLIC_PROCESS",0.0265756868378524,0.490105108428301,0.457529538100206,1.39444418838456,147,82,"BCO1;DHRS4L1;AKR1B10;ALDH1A3;DHRS3;LPL;TTR;RBP3;CYP26C1;DHRS9;ALDH1A1;ABCA4;HSD17B6;RLBP1;RARRES2;RPE65;CYP26A1;SDR9C7;RBP2;ADH4;CYP2W1;ADH1B;AKR1B15;FABP1;CYP1A1;PNPLA2;ALDH1A2;SCPEP1;CRH;CRABP2;LIPA;DHRS4L2"
"GOBP_POSITIVE_REGULATION_OF_CYTOSOLIC_CALCIUM_ION_CONCENTRATION",0.0269058295964126,0.490490180918509,0.404253880932113,1.32367119110757,155,144,"CD38;CXCL8;CX3CR1;PTGIR;CYSLTR1;EDNRA;CXCR5;GHRL;CD52;TAC4;AVPR1A;TRPV4;HRH4;GATA2;FPR1;ACKR2;CXCL13;GPER1;CCL2;P2RX7;PTGER2;GATA1;CCRL2;LPAR1;EDN1;EDNRB;AGTR1;CAV1;S1PR3;PTGER1;EPO;ITPR3;PTGER4;CALCR;C3AR1;ITGAV;CMKLR1;CD4;JPH2"
"GOBP_LIPID_LOCALIZATION",0.0277513479226134,0.500154975059828,0.337367630837996,1.21800062560572,174,410,"APOA4;ABCA8;APOC3;PMP2;CYP19A1;INHBA;GHRL;DAB2;XKR9;TREM2;LPL;PLA2G2D;APOL4;ABCA6;PLA2G4A;ANXA1;TNFSF11;P2RX7;PLA2R1;ITGB3;PPARG;CIDEA;PLA2G2C;ETNPPL;ABCA4;SLCO2A1;ACSL5;SPP1;SPX;ATP10B;ABCA9;CARD6;THBS1;ABCC2;STRA6;EDN1;AGTR1;SYK;PLSCR5;ABCB4;NTSR1;PTGS2;TNFRSF11A;AGT;CAV1;RBP2;APOE;LDLRAP1;ATP10D;SERPINA5;ANO9;APOD;BMP6;ITGAV;LRP10;PLIN3;APOA1;NR1H4;LCAT;SLC4A1;SELENOM;IKBKE;ATP10A;FABP1;ABCB1;ABCA10;PNPLA2;NPC2;SLC22A1;CIDEC;VLDLR;ANXA2;LYN;SLC43A3;CD36;SLC2A1;PLTP;MSR1;APOLD1;SLC27A6;PLSCR1;DRD3;KCNN4;CRH;SERINC2;ABCA12;TSKU;BDKRB2;CRABP2;LIPA;FURIN;ABCD1;PCSK9;ABCG2;APOL1"
"GOBP_ANDROGEN_METABOLIC_PROCESS",0.0289156626506024,0.508159306173685,0.597249973246119,1.50470641161138,155,27,"CYP19A1;INHBA;UGT2B7;DHRS9;HSD17B2;AKR1D1;SPP1;HSD17B6"
"GOBP_DENDRITE_EXTENSION",0.0292066259808195,0.508159306173685,-0.556963148274723,-1.50067101463529,133,34,"CPNE6;RASAL1;CPNE9;OSTN;SYT17;SH3GL2;SYT1;NEDD4L;RIMS2;CPNE5;CACNG7;RIMS1;TMEM108;RNF157;SYT2;UNC13A;SYT3;WASF1;ITSN2;CCDC134;CYFIP2"
"GOBP_PEPTIDOGLYCAN_METABOLIC_PROCESS",0.0294770845951948,0.508159306173685,-0.956774270712849,-1.3776884964853,145,2,"PGLYRP2"
"GOBP_REGULATION_OF_ADAPTIVE_IMMUNE_RESPONSE",0.0293469041560645,0.508159306173685,0.3844755594911,1.29311235291369,172,183,"IL33;CLEC7A;LGALS1;CD69;RAET1G;IL7R;GATA3;CD80;EBI3;AZGP1;TREM2;PLA2G4A;ANXA1;CD1E;P2RX7;ASCL2;HFE;HAVCR2;IL1R1;TNFSF18;PTPRC;FOXJ1;FCER1G;MEF2C;CLC;TGFB1;ALOX15;TNFSF13;HLX;NFKBIZ;TNFSF13B;IL23A;SMAD7;HLA-E;B2M;STAT6;CD226;CD1D;CD4;IL18R1;LOXL3;AHR;BTLA;SLC15A4;SLC22A13;SKAP1;BCL6;IL12A;ZBTB7B;TNFSF4;TNFAIP3;NCKAP1L;CD274"
"GOBP_ALDEHYDE_METABOLIC_PROCESS",0.0318355466618155,0.51521609189428,0.467626790636417,1.39225446745515,174,71,"BCO1;DHRS4L1;ALDH1A3;BMP5;DAB2;ALDH1A1;ABCA4;ALDH3B1;EDNRB;RPE65;BMP2;ADH4;BMP6;SCNN1B;FABP1;WNT4;ALDH1A2;DHRS4L2;HOGA1;AKR7A2;ALDH9A1;ALDH8A1;RPIA;TKFC;DHRS4;SLC25A10;REST"
"GOBP_DETOXIFICATION_OF_COPPER_ION",0.0303094085455694,0.51521609189428,-0.753997822981789,-1.54062952337216,143,10,"MT1H;MT1G;MT3;MT1X;MT1E;MT1F"
"GOBP_ENSHEATHMENT_OF_NEURONS",0.0316042597045689,0.51521609189428,0.397898329613064,1.30896194712282,183,149,"IGF1;SOX10;S100B;CFH;MPZ;ERBB3;MAG;MAL;ADGRG6;PMP22;CLDN5;DHH;LPAR1;TGFB1;PLP1;PLLP;LGI4;PTN;GJC3;CTSC;CDK18;KEL;PRX;ACSBG1;CLDN11;HEXB;MARVELD1;UGT8;CCDC39"
"GOBP_NEGATIVE_REGULATION_OF_ADAPTIVE_IMMUNE_RESPONSE",0.0313754104341481,0.51521609189428,0.48922632953586,1.41310851662647,171,59,"IL33;LGALS1;CD69;IL7R;CD80;EBI3;ASCL2;HFE;HAVCR2;TNFSF18;PTPRC;FOXJ1;ALOX15;SMAD7;LOXL3;AHR;BTLA;BCL6;IL12A;ZBTB7B;TNFSF4;NCKAP1L;CD274"
"GOBP_NEGATIVE_REGULATION_OF_IMMUNE_EFFECTOR_PROCESS",0.0305584826132771,0.51521609189428,0.428646671318906,1.35300105860594,173,106,"IL33;CX3CR1;LGALS1;CD69;CLEC12B;IL7R;SERPINB4;CD80;SLAMF8;ANXA1;ASCL2;HFE;HAVCR2;TIGIT;TNFSF18;PTPRC;FOXJ1;TGFB1;HLX;SPI1;ENPP3;MICA;SMAD7;HLA-E;ANGPT1;LGALS3;TGFB2;APOA1;LOXL3;AHR;BTLA;BCL6;ZBTB7B;TNFSF4;GRN;NCKAP1L;CD274;CD84;SPN;SPINK5;RPS19"
"GOBP_POSITIVE_REGULATION_OF_CALCIUM_MEDIATED_SIGNALING",0.0313576218959579,0.51521609189428,0.506213526219275,1.42677808520309,172,50,"IGF1;CLEC7A;ERBB3;PDGFRA;TREM2;CD3E;PDGFRB;EDN2;PTPRC;EDN1;LMCD1;SYK;CALCR;CIB1;CD4"
"GOBP_REGULATION_OF_LIPID_BIOSYNTHETIC_PROCESS",0.0336522036214554,0.53911510044069,0.383222589657847,1.28488687751641,196,178,"APOA4;APOC3;THRSP;SNAI2;IGFBP7;AVPR1A;BMP5;DAB2;DKKL1;SNAI1;GPER1;EDN2;ADM;ADGRF5;NR3C1;DHH;SPHK1;EDN1;PDGFB;BMP2;ACADL;PTGS2;GFI1;APOE;PDK4;KIF12;BMP6;NR1H4;RAB38;CCN1;SEC14L2;LHCGR;CARTPT;SIK1;WNT4"
"GOBP_NEGATIVE_REGULATION_OF_CYTOKINE_PRODUCTION",0.0340834964122635,0.5405642530985,0.357242096256095,1.24515213338469,208,266,"CD34;TWIST1;IL33;BPI;IGF1;RGCC;CX3CR1;WNT11;INHBA;GHRL;BANK1;TYROBP;GATA3;GATA6;FN1;ZNF683;TREM2;IL1A;ANXA1;NLRP6;HGF;HFE;CIDEA;CD200R1;GPR174;HAVCR2;TIGIT;SLC2A10;IL19;LAPTM5;PTPRC;IL1RAP;FOXJ1;ELF4;ZFP36;THBS1;TGFB1;EPX;LRRC32;TLR4;CRYBA1;OAS1;SIGLEC1;INHA;GBP1;PTGER4;IL23A;SMAD7;IL6R;ANGPT1;SSC5D;APOD;TGFB2;CMKLR1;APOA1;NR1H4;BTLA;ANXA4;EPHA2;CD83;FBLN1;AXL;SMAD3;BCL6;INHBB;IL12A;GPNMB;TNFSF4;F2;TNFAIP3;NCKAP1L"
"GOBP_SYNAPTIC_VESICLE_MATURATION",0.0363164721141375,0.570276482901208,-0.588731647297537,-1.49919939505902,167,26,"ATP6V0A4;ATP6V1A;ZDHHC2;ZDHHC15;SLC17A7;ATP6V1C1;STXBP1;ATP6V1B1;DLG4;ATP6V1G2;ATP6V1B2;SYP;RAB3A"
"GOBP_WOUND_HEALING_INVOLVED_IN_INFLAMMATORY_RESPONSE",0.0373262235764616,0.580386182277139,0.751112833501898,1.51471662857295,195,10,"IL1A;PPARG;TGFB1;TLR4;TIMP1"
"GOBP_DENDRITIC_CELL_DIFFERENTIATION",0.0379769947051305,0.584771976721719,0.523523517798757,1.43960580496015,207,42,"UBD;ITGB6;LGALS1;TGFBR2;TREM2;GATA1;TGFB1;BATF2;PRTN3;FLT3LG;SPI1;TMEM176A;LGALS3;NOTCH2;AXL;LYN"
"GOBP_REGULATION_OF_NITRIC_OXIDE_METABOLIC_PROCESS",0.0385036496350365,0.587180656934307,0.487102222166162,1.39590261834683,210,56,"IGF1;CLEC7A;CX3CR1;EDN1;TLR4;PTGS2;CAV1;APOE;PTX3;SMAD3;CD36;ASS1;ESR1;CHRNA9;ZC3H12A;PTGIS;TSPO;PKD2"
"GOBP_CARBOHYDRATE_IMPORT_ACROSS_PLASMA_MEMBRANE",0.0407055630936228,0.614847838728436,0.782333307923332,1.49423135517306,209,8,"SLC5A4;SLC2A10;SLC2A5;SLC5A1;SLC2A1"
"GOBP_ANTIBACTERIAL_INNATE_IMMUNE_RESPONSE",0.0451761102603369,0.628502726955213,0.725476151901877,1.49171696957509,235,11,"CXCL6;IL33;TLR2"
"GOBP_AROMATIC_AMINO_ACID_METABOLIC_PROCESS",0.0433729634522237,0.628502726955213,-0.519314248158575,-1.44209569899751,196,40,"IDO1;KYNU;PAH;UROC1;TPH2;DCT;TDO2;IL4I1;ACMSD;TPH1;ABCC4;HAL;TH;FTCD"
"GOBP_GLUCOSYLCERAMIDE_METABOLIC_PROCESS",0.0447886144830473,0.628502726955213,-0.717268387649458,-1.50153181394014,213,11,"GBA3;FA2H"
"GOBP_KETONE_METABOLIC_PROCESS",0.0422606070769747,0.628502726955213,0.369720717661034,1.256911078628,251,203,"TWIST1;APOA4;FMO1;APOC3;CYP19A1;INHBA;AKR1B10;AVPR1A;BMP5;DAB2;DKKL1;DHRS9;PPARG;EDN2;CYP21A2;KMO;ADM;FMO2;HSD17B6;EDN1;EDNRB;BMP2;ACADL;PTGS2;FMO4;CAV1;NQO1;ADH4;PDK4;KIF12;BMP6;NR1H4;SCNN1B"
"GOBP_NEGATIVE_REGULATION_OF_LIPID_TRANSPORT",0.0444856348470806,0.628502726955213,0.576808797667569,1.45320709083829,239,27,"APOC3;PLA2R1;ITGB3;THBS1;APOE;ITGAV;PCSK9;SHH;TSPO"
"GOBP_PHOSPHOLIPID_EFFLUX",0.0433365292425695,0.628502726955213,0.71102169194442,1.49097223397278,225,12,"APOA4;APOC3;APOE;APOA1;ABCA12"
"GOBP_POSITIVE_REGULATION_OF_INFLAMMATORY_RESPONSE",0.0424052832811957,0.628502726955213,0.400470740908244,1.29874553844793,243,132,"OSMR;IL33;TLR3;TAFA3;LGALS1;CCN4;GBP3;CASP4;TRPV4;ETS1;TREM2;IL1A;LPL;IFI35;NLRP6;LRRK2;TNFSF11;IL1R1;TNFSF18;IL1RAP;FCER1G;TGFB1;AGTR1;TLR4;NLRC4;WNT5A;IL16;NFKBIZ;PTGS2;TNFRSF11A;AGT;TLR2;IL17RA;GBP1;CTSC;PTGER4;IL23A;HLA-E;STAP1"
"GOBP_REGULATION_OF_HYDROGEN_PEROXIDE_METABOLIC_PROCESS",0.0449582530507386,0.628502726955213,-0.662410812579437,-1.50801444484057,209,16,"DUOXA2;MT3;DUOXA1;MPV17L;NOXO1;SNCA"
"GOBP_T_HELPER_17_TYPE_IMMUNE_RESPONSE",0.0437386569872958,0.628502726955213,0.473139910132568,1.37400715634721,240,61,"CLEC7A;LGALS1;CD69;PSMB8;ASCL2;TNFSF18;PSMB9;IL17RC;IL17C;NFKBIZ;IL17RA;IL23A;SMAD7;IL6R;LOXL3;SOCS3"
"GOBP_NEGATIVE_REGULATION_OF_NEURON_PROJECTION_DEVELOPMENT",0.0478510527231599,0.653127573800338,0.399632274613945,1.29147890822553,274,128,"CD38;SEMA3G;WNT3A;TRPV4;DAB2;MAG;LRRK2;PMP22;SPP1;DKK1;LPAR1;HES1;MYLIP;WNT5A;GFI1;APOE;LRP4;PRAG1;B2M;CIB1;EPHA7;KREMEN1;MGARP;ITM2C;SEMA3F;RIT2;SEMA3A"
"GOBP_POSITIVE_REGULATION_OF_CYTOKINE_PRODUCTION",0.0478075035618173,0.653127573800338,0.327253637447946,1.1847584943348,301,426,"STING1;CD34;TWIST1;IL33;TLR3;RGCC;CLEC7A;WNT11;LTB;RAET1G;WNT3A;LUM;SERPINB7;TYROBP;GATA3;CD80;NOX5;TRPV4;EBI3;SULF1;TREM2;IL1A;CLEC5A;CD3E;LPL;ANXA1;LRRK2;PSMB8;HGF;P2RX7;PLA2R1;CCBE1;HAVCR2;IL1R1;RAB7B;TIGIT;RNF135;IL19;CD6;AIF1;LAPTM5;PTPRC;IL1RAP;SPHK1;PSMB9;THBS1;FCER1G;IL17RC;FCGR2A;TGFB1;EPX;NFATC4;TLR4;NLRC4;SYK;AFAP1L2;WNT5A;IL16;OAS1;PTGS2;AGT;TLR2;GATA4;IL17RA;PTGER4;HSPB1;IL23A;HLA-E;B2M;IL6R;NOD1;BTN3A2;TMIGD2;C3AR1;SPON2;CYBA;GPSM3;IFI16;NR1H4;CD226;POLR3G;CD4;IL18R1"
"GOBP_REGULATION_OF_GLYCOPROTEIN_METABOLIC_PROCESS",0.0485933503836317,0.653127573800338,0.511959931154452,1.40313753885566,265,41,"IL33;IGF1;ITM2A;BACE2;SLC2A10;GATA1;PTX3;ITM2C"
"GOBP_REGULATION_OF_IMMUNE_EFFECTOR_PROCESS",0.0484284797947402,0.653127573800338,0.339125218776314,1.20417531947966,301,330,"CFI;CXCL6;IL33;TLR3;SH2D1A;CLEC7A;CX3CR1;CFH;LGALS1;CD69;RAET1G;CLEC12B;MBL2;IL7R;TYROBP;GATA3;SERPINB4;CD80;SLAMF8;AZGP1;GATA2;ZNF683;TREM2;ANXA1;CD1E;P2RX7;ASCL2;HFE;HAVCR2;IL1R1;TIGIT;GATA1;LAPTM5;TNFSF18;PTPRC;HLA-DMB;TRIL;FOXJ1;FCER1G;CLC;TGFB1;TNFSF13;HLX;TLR4;SYK;WNT5A;SPI1;ENPP3;NFKBIZ;MICA;COLEC10;IL23A;SMAD7;HLA-E;STAP1;B2M;DDX60;ANGPT1;LGALS3;TGFB2;SPON2;APOA1;ICAM1;STAT6;CD226;CD1D;IL18R1;LOXL3;AHR;BTLA"
"GOBP_FLAVONOID_METABOLIC_PROCESS",0.0493898895990703,0.658255167261559,0.7907453160205,1.463364747247,254,7,"SULT1B1;LCT;CYP1A1;SULT1A3;SULT1A1;SULT1C4"
"GOBP_DGMP_METABOLIC_PROCESS",0.0506302955156024,0.665680005387484,-0.783182005302515,-1.46059261925488,244,7,"GDA"
"GOBP_NEGATIVE_REGULATION_OF_T_HELPER_17_TYPE_IMMUNE_RESPONSE",0.0507864316846693,0.665680005387484,0.678272263836871,1.47629119199415,267,14,"LGALS1;CD69;ASCL2;TNFSF18;SMAD7;LOXL3;ZBTB7B"
"GOBP_ENERGY_HOMEOSTASIS",0.0520777599429285,0.666091348947456,0.425998757975927,1.31229152084603,291,88,"TWIST1;FMO1;SLC35D3;TRPV4;GPR82;EDN2;FMO2;ADRB1;ALKAL2;FMO4;APOE;FOXO1;FABP1;UCP1;CD36;SCT;TSKU;SCTR;LIPA;METRNL;LEPR;WNK4;NMU"
"GOBP_PHOSPHOLIPID_TRANSFER_TO_MEMBRANE",0.0514921006436513,0.666091348947456,0.812481726920213,1.44888753847575,263,6,"P2RX7;ETNPPL;ABCA4"
"GOBP_REACTIVE_OXYGEN_SPECIES_METABOLIC_PROCESS",0.0519458827459496,0.666091348947456,0.361567955911656,1.23594517810054,310,218,"APOA4;CLEC7A;CYSLTR1;TGFBR2;TYROBP;NOX5;CRYAB;DHFRP1;PDGFRB;SOD3;LRRK2;P2RX7;PLA2R1;HBA1;FBLN5;IER3;CCN2;IL19;BLVRB;THBS1;NCF2;EDN1;TGFB1;PDGFB;EPX;AGTR1;ABCC9;TLR4;SYK;HVCN1;AGT;CDKN1A;CA3;FAS;NQO1;TFAP2A;FOXO1;SLC18A2;CYBA;BST1;BMP7;NOX4;PREX1;CCN1;CYP1A1;UCP1;IMMP2L;MMP3"
"GOBP_INDOLE_CONTAINING_COMPOUND_METABOLIC_PROCESS",0.0528710725893825,0.670828169014085,-0.537668385536564,-1.42152541162016,243,31,"IDO1;KYNU;TPH2;TDO2;IL4I1;ACMSD;MAOB;TPH1;ABCC4;TH;MAOA"
"GOBP_AXONOGENESIS_INVOLVED_IN_INNERVATION",0.0538944962864216,0.671968816579508,0.728072409869691,1.46825262043937,282,10,"EDNRA;ITGA4;EDN1;COL25A1;SEMA3A;ECE1"
"GOBP_ISOPRENOID_METABOLIC_PROCESS",0.0533895328415876,0.671968816579508,0.408302376341713,1.29313875084508,303,109,"BCO1;DHRS4L1;AKR1B10;ALDH1A3;DHRS3;LPL;TTR;RBP3;CYP26C1;DHRS9;ALDH1A1;ABCA4;HSD17B6;RLBP1;RARRES2;RPE65;CYP26A1;SDR9C7;RBP2;ADH4;CYP2W1;ADH1B;AKR1B15;FABP1;CYP1A1;PNPLA2;NPC2;ALDH1A2;SCPEP1;CRH;CRABP2;LIPA;DHRS4L2"
"GOBP_MITOCHONDRIAL_RESPIRASOME_ASSEMBLY",0.0542320356381948,0.671968816579508,0.784484928356648,1.45177918306372,279,7,"HIGD1B;RAB5IF;HIGD2A;HIGD1A;COX7A1;COX7A2L"
"GOBP_AXON_EXTENSION",0.0574087078651685,0.674116011514051,0.404471513429603,1.28542880528491,326,112,"SEMA3G;EDNRA;WNT3A;FN1;MAG;EDN2;POU4F3;CXCL12;EDN1;NGF;EDN3;WNT5A;APOE;NRP2;POU4F2;TNFRSF12A;LAMB2;SLIT3;PLXNA4;VCL;SEMA3F;SEMA3A;ITGB1"
"GOBP_CEREBRAL_CORTEX_NEURON_DIFFERENTIATION",0.0625947585011913,0.674116011514051,-0.545355579470853,-1.41428005595766,288,28,"NR2E1;ASCL1;ARX;LHX6;EOMES;CAPS2;NKX2-1;ID4;ELAVL4;FEZF2;OPHN1;EMX1"
"GOBP_EPOXIDE_METABOLIC_PROCESS",0.0654051830522419,0.674116011514051,-0.855125660849954,-1.40908818956021,317,4,"EPHX3;ALOX5"
"GOBP_GALACTOLIPID_METABOLIC_PROCESS",0.0671626369084522,0.674116011514051,-0.766782160490648,-1.43000778440556,324,7,"GBA3;FA2H"
"GOBP_GDP_METABOLIC_PROCESS",0.0655085809962327,0.674116011514051,-0.69511168581563,-1.45514890725091,312,11,"CARD11;CASK;TJP2;LRGUK;DLG2"
"GOBP_HUMORAL_IMMUNE_RESPONSE",0.0622754491017964,0.674116011514051,0.368613771638675,1.23516496832808,363,177,"CFI;CXCL6;BPI;NPY;FCMR;CXCL8;SH2D1A;CXCL1;WFDC10A;CFH;CCL20;GNLY;CXCL2;MUC7;MBL2;GATA3;CCL26;EBI3;GATA6;IFNA21;TREM2;CXCL13;CCL2;H2BC3;CXCL3;CFHR5;ADM;CXCL12;PTPRC;FOXJ1;H2BC13;MEF2C;RARRES2;CXCL14;PRTN3;H2BC12;COLEC10;HLA-E;BLNK;B2M;RNASE4;C1S;LGALS3;SPON2;H2BC9;BST1"
"GOBP_HYPEROSMOTIC_RESPONSE",0.0616184112843356,0.674116011514051,0.548603320053072,1.40311040184532,331,29,"TLR3;TRPV4;RCSD1;FXYD2;EPO;SLC2A1;AQP1;ICOSLG;SST"
"GOBP_IMMUNE_EFFECTOR_PROCESS",0.0627283800243605,0.674116011514051,0.314308515027023,1.15804158099178,411,546,"KDM5D;CFI;CXCL6;IL33;FCMR;TLR3;SH2D1A;CLEC7A;ICOS;CX3CR1;CFH;LGALS1;CD69;RAET1G;TCIM;CLEC12B;MBL2;IL7R;TYROBP;GATA3;SERPINB4;CD80;SLAMF8;AZGP1;ITGAL;ITM2A;GATA2;IFNA21;ZNF683;TREM2;IL2RB;ANXA1;IFI35;CD1E;NLRP6;PSMB8;P2RX7;ASCL2;HFE;CFHR5;HAVCR2;IL1R1;TIGIT;GATA1;LAPTM5;TNFSF18;PTPRC;IL1RAP;HLA-DMB;TRIL;PSMB9;FOXJ1;FCER1G;FCGR2A;CLC;TGFB1;TNFSF13;HLX;TLR4;SYK;MILR1;WNT5A;SPI1;ENPP3;NFKBIZ;MICA;COLEC10;CTSC;PTGER4;IL23A;SMAD7;HLA-E;STAP1;B2M;PTX3;DDX60;IL6R;C1S;ANXA3;ANGPT1;BTN3A2;LGALS3;TGFB2;SPON2;IL9R;SLC18A2;APOA1;ICAM1;STAT6;SCNN1B;IL21R;CD226;CD1D;IL18R1;LOXL3"
"GOBP_IMMUNE_SYSTEM_DEVELOPMENT",0.064983164983165,0.674116011514051,0.359990103672008,1.22176277378324,385,200,"ICOS;TCF21;LTB;TBX1;CXCR5;TGFBR2;IL7R;GATA3;HAND2;CD3E;CD248;FOXE1;CDKN2B;FOXL1;HAVCR2;PTPRC;FOXJ1;BLVRB;CLC;TGFB1;TNFSF13;HES1;NFKBIZ;ID2;TNFRSF11A;MAFB;HLA-E;NKX2-5;LRRC17;STAT6;HOXB4;BTLA;CCR4;NKX3-2;BCL2L11;SLC15A4;SMAD3;LYN;BCL6"
"GOBP_KYNURENINE_METABOLIC_PROCESS",0.0675816177999584,0.674116011514051,-0.722585463870709,-1.43830939816116,324,9,"IDO1;KYNU;TDO2"
"GOBP_NEGATIVE_REGULATION_OF_GLYCOPROTEIN_METABOLIC_PROCESS",0.0581504408178578,0.674116011514051,0.64428779255488,1.44701302035638,309,16,"ITM2A;BACE2;SLC2A10;PTX3;ITM2C;MEST;ITM2B;CST3"
"GOBP_NEGATIVE_REGULATION_OF_RESPONSE_TO_TYPE_II_INTERFERON",0.0637226418748789,0.674116011514051,0.775471784525341,1.43509932840334,328,7,"PPARG;OTOP1;PARP14;NR1H2"
"GOBP_POSITIVE_REGULATION_OF_CALCIUM_ION_DEPENDENT_EXOCYTOSIS",0.0667951188182402,0.674116011514051,-0.613306321107194,-1.43429317440031,311,18,"ZP3;SYT10;DOC2A;SYT1;DOC2B;STX1A;STXBP1;SYT7;KCNB1;CDK5R2;PPP3CA;CDK5;RPH3AL;CACNA1B;HYAL3;SCAMP5"
"GOBP_POSITIVE_REGULATION_OF_GLUTAMATE_SECRETION",0.0622738525995049,0.674116011514051,0.719672782267999,1.45131367993054,326,10,"AVPR1A;P2RX7;KMO;NTSR1"
"GOBP_POSITIVE_REGULATION_OF_IMMUNE_SYSTEM_PROCESS",0.054907047124946,0.674116011514051,0.297389803319806,1.13112249451679,380,966,"CFI;STING1;IL33;CD38;SIRPB1;IGF1;FCMR;CXCL8;TLR3;RGCC;SH2D1A;CLEC7A;TAFA3;ICOS;LYVE1;CX3CR1;CFH;CCL20;LGALS1;RAET1G;WNT3A;TLR10;LRRC19;BANK1;MBL2;TGFBR2;IL7R;TYROBP;GATA3;BLK;ITGA4;CD80;TRPV4;EBI3;P2RY12;AZGP1;MMP14;GATA2;FPR1;ZNF683;CD8B;TREM2;IGF2;IL1A;CD3E;IL2RB;LCP2;PLA2G4A;ANXA1;IFI35;CXCL13;NFATC2;FYB1;CD1E;NLRP6;LRRK2;TNFSF11;CCL2;P2RX7;ASCL2;RHOH;CD72;ITGB3;EDN2;CFHR5;CD79B;PLVAP;HAVCR2;IL1R1;RAB7B;RNF135;CD6;AIF1;GATA1;BIRC3;LAPTM5;TNFSF18;CXCL12;TRAC;PTPRC;HLA-DMB;TRIL;FOXJ1;HCAR2;THBS1;FCER1G;TEC;EDN1;FYB2;MEF2C;CD5;TGFB1;RARRES2;TNFSF13;HES1;EDN3;HLX;TLR4;NLRC4;SYK;TESPA1;FLT3LG;WNT5A;SPI1;ITPKB;IL16;ENPP3;NFKBIZ;OAS1;CSF1;HLA-DRB5;ID2;SOCS1;XG;ALPK1;TNFRSF11A;BTN1A1;CDKN1A;CAV1;PTN;GFI1;TLR2;VEGFD;EPO;CD99;COLEC10;VEGFC;GBP1;TNFSF13B;CTSC;KCNK13;IL23A;HLA-E;POU4F2;ITPRIPL1;STAP1;BLNK;B2M;TRIM5;DDX60;IL6R;C1S;NOD1;BTN3A2;LGALS3;TMIGD2;C3AR1;TGFB2;SPON2;CYBA;GPSM3;CMKLR1;BST1;IFI16;ICAM1;STAT6;NR1H4;CD226;POLR3G;CD1D;CD4;IL18R1;GCSAML;NEDD9;BTN2A3P;IKBKE"
"GOBP_POSITIVE_REGULATION_OF_RECEPTOR_CLUSTERING",0.0655800575263663,0.674116011514051,0.689373534975284,1.44557727440495,341,12,"TNFAIP6;LAMB1;LRP4;LAMC1;LAMA1;LARGE1;CD81;DAG1"
"GOBP_POSITIVE_REGULATION_OF_RESPONSE_TO_CYTOKINE_STIMULUS",0.0563971527651031,0.674116011514051,0.453182981392815,1.3315665656732,308,66,"STING1;CASP4;TREM2;NLRP6;IL1R1;LAPTM5;EDN1;TLR4;WNT5A;CSF1;GFI1;TLR2;PARP14;IKBKE;AXL;IRF3;RBM47;TRIM56;TRIM6;AGPAT2"
"GOBP_POSTSYNAPSE_TO_NUCLEUS_SIGNALING_PATHWAY",0.0604299825682743,0.674116011514051,0.778671892683383,1.44102149496061,311,7,"WNT3A;KPNA1;RELA;JAK2"
"GOBP_PROSTATE_GLAND_GROWTH",0.0572358346094946,0.674116011514051,0.713418171182346,1.46692346752685,298,11,"IGF1;CYP19A1;FGFR2;PRLR;ESR1;SHH"
"GOBP_RECEPTOR_CLUSTERING",0.0649753604672385,0.674116011514051,0.446844331886403,1.31294200539444,355,66,"TNFAIP6;ITGA4;ITGAL;LAMB1;RAPSN;MUSK;PTN;APOE;LRP4;LAMC1;GSN;LAMA1;FLNA;GRIK2;COLQ"
"GOBP_REGULATION_OF_ALDOSTERONE_METABOLIC_PROCESS",0.0672610971118434,0.674116011514051,0.751783491060661,1.43588219147432,346,8,"BMP5;DAB2;BMP2;BMP6;WNT4"
"GOBP_REGULATION_OF_DENDRITIC_CELL_DIFFERENTIATION",0.0660826509236336,0.674116011514051,0.717196969294436,1.44632088136151,346,10,"LGALS1;TMEM176A;LGALS3;HMGB1;HLA-B"
"GOBP_REGULATION_OF_PROSTATIC_BUD_FORMATION",0.0665106299980495,0.674116011514051,0.795681178609937,1.4189273507204,340,6,"SULF1;BMP4;WNT5A;BMP7;SHH"
"GOBP_REGULATION_OF_RESPONSE_TO_CYTOKINE_STIMULUS",0.0672369546621044,0.674116011514051,0.367211748099514,1.2304670148234,392,177,"STING1;CASP4;TREM2;IL1A;NLRP6;PPARG;TMC8;IL1R1;OTOP1;LAPTM5;PTPRC;IL1RAP;SPHK1;EDN1;TLR4;SYK;WNT5A;OAS1;CSF1;CAV1;GFI1;TLR2;TNFRSF11B;PARP14;STAP1;ANGPT1;CISH;APOA1;NR1H4;SLIT3;IKBKE;ANXA4;SMIM30;AXL;IL11;IRF3;RBM47;TRIM56;TNFRSF1A;TNFAIP3;VRK2;TRIM6;IL11RA;CCDC3;CASP8;AGPAT2;EXT1"
"GOBP_REGULATION_OF_T_HELPER_17_TYPE_IMMUNE_RESPONSE",0.0595768374164811,0.674116011514051,0.550767569463506,1.40864569619913,320,29,"CLEC7A;LGALS1;CD69;ASCL2;TNFSF18;NFKBIZ;IL23A;SMAD7;LOXL3"
"GOBP_REGULATION_OF_VITAMIN_METABOLIC_PROCESS",0.0666795890676488,0.674116011514051,0.752129198735314,1.43654248196938,343,8,"SNAI2;SNAI1;GFI1"
"GOBP_RESPIRATORY_BURST",0.0640311804008909,0.674116011514051,0.545521863817554,1.39522925505156,344,29,"CXCL8;CLEC7A;CD52;SLAMF8;TREM2;NCF2;CYBA;GRN;LIPA;RPS19;NCF1"
"GOBP_RESPONSE_TO_TYPE_III_INTERFERON",0.0627710097047285,0.674116011514051,-0.745686957398411,-1.44035647062783,303,8,"IFNL1;IFNL3"
"GOBP_SUPRAMOLECULAR_FIBER_ORGANIZATION",0.0671685857691172,0.674116011514051,0.301277065979012,1.13200371197508,454,767,"TMSB4Y;MYPN;ERMN;RGCC;COL3A1;RHOJ;GHRL;KANK4;TNFAIP6;CRYAA;CCL26;TRPV4;RHOD;CRYAB;EMILIN1;PDGFRA;MFAP4;TREM2;KRT32;PLEK;MYOZ2;COL5A1;SLC39A12;PDGFRB;KRT15;CDC42EP5;RHOH;LTBP2;MYL9;LOX;TPM2;FBLN5;CDC42EP1;ARPC1B;CDKN2A;TNNT2;ACTC1;CCN2;ARHGAP40;AIF1;ELN;SYNPO;KRT8;CAPN3;DAAM2;CXCL12;KRT6B;CLRN1;LPAR1;EDN1;KRT19;DNAI3;SSH3;ALOX15;PHLDB2;KIRREL1;CGNL1;EFEMP2;LIMS2;CALD1;TLN1;KANK3;GAS2L1;PLS3;APOE;KANK2;LMOD1;PARVA;DLC1;TAGLN2;KRT80;PTGER4;ITGB5;B2M;ADAMTS3;EPS8;GSN;ANKRD1;HSPG2;FLNC;PGM5;CIB1;PLEKHH2;CNN1;NKX2-5;APOA1;CDH5;WIPF1;STMND1;ESAM;CNN2;LOXL3;LIMA1;NEDD9;RFLNA;RHOC;ARHGAP6;PREX1;CSRP1;PDLIM3;SDC4;TPM1;SCIN;ARHGAP28;MYLK3;GMFG;FHDC1;SMAD3;SORBS3;BFSP2;ARAP1;FLNA;CD36;WNT4;KIF19;DSP;TPM4;MYO7B;ARHGEF5;ITGB1;ACTN1;RHOG;NCKAP1L;BAX;ZEB2;TNXB;VIM;NPHS1;WASF2;RAPGEF3;ANKRD53;HAUS8;SYNPO2L;KRT17;FURIN;TTN;AURKB;PKP1;ZYX;MYO5B;CSRP2;ANG;IAPP;FHOD1;SVIL"
"GOBP_SYNAPTIC_TRANSMISSION_CHOLINERGIC",0.0668271010736764,0.674116011514051,0.518390125446106,1.37728395479387,360,35,"CHRNG;LAMA2;RAPSN;CHRNB3;APOE;NQO1;HSPG2;LYPD1;CHRNA1;COLQ"
"GOBP_SYNAPTIC_VESICLE_PRIMING",0.0646841762535272,0.674116011514051,-0.550657588571982,-1.41534467063518,297,27,"CADPS2;UNC13C;UNC13B;SNCA;RIMS2;ERC2;STX1B;NAPB;SNAP25;STX1A;RIMS1;RIMS3;STXBP1;UNC13A;BRSK1;SYP;SYNGR3;SV2A;STXBP5;SYNJ1;OSBPL2"
"GOBP_PURINE_NUCLEOSIDE_BISPHOSPHATE_METABOLIC_PROCESS",0.06809229037704,0.674964828362409,0.633893661045281,1.42366872638793,362,16,"SULT1E1;SULT1B1;SULT2B1;SULT1A2;PAPSS2;ABHD14B;SULT1A3;SULT1A1;SULT1C4"
"GOBP_CORTISOL_METABOLIC_PROCESS",0.0699904122722915,0.682204018324441,0.68365441122935,1.43358459569423,364,12,"BMP5;CYP21A2;BMP2;WNT4;H6PD;CYP17A1"
"GOBP_METANEPHROS_MORPHOGENESIS",0.0703284468361477,0.682204018324441,0.534920509704051,1.37642108106816,378,30,"WT1;SIX2;GREM1;BMP4;AGTR2;FOXJ1;HES1;WNT9B;WNT4;LIF;GDNF;PAX2;WNT7B;FRAS1"
"GOBP_PEPTIDE_CROSS_LINKING",0.0702526799387443,0.682204018324441,0.70041410570009,1.44018463524064,366,11,"COL3A1;ANXA1;CSTA;TGM4;TGM2;TGM1;DSP"
"GOBP_PEPTIDYL_TYROSINE_MODIFICATION",0.0714034470629617,0.682204018324441,0.394412922589034,1.2574178699007,405,115,"BANK1;IL7R;BLK;CASS4;CD80;DDR2;PDGFRA;PDGFRB;FLT1;CSPG4;GPRC5A;TNFSF18;IL31RA;PDGFB;HES1;SYK;SFRP2;CTF1;PARP14;LTK;ANGPT1;EPHA7;ERBB4;NEDD9;EFEMP1;EGFR;IL11;LYN;IL10RB;FGFR2;IL4R;IL12A;LIF;PKDCC"
"GOBP_POSITIVE_REGULATION_OF_COLLAGEN_METABOLIC_PROCESS",0.0709073900841908,0.682204018324441,0.582167277841488,1.40088161796946,378,22,"RGCC;INHBA;SERPINB7;DDR2;BMP4;TGFB1;WNT4;F2;VIM"
"GOBP_PROSTATE_GLANDULAR_ACINUS_MORPHOGENESIS",0.0712763896959132,0.682204018324441,0.768032005908076,1.42133116622109,367,7,"IGF1;HOXB13;FGFR2;ESR1"
"GOBP_GUANINE_METABOLIC_PROCESS",0.0737908226539893,0.688424968995453,-0.816524267014682,-1.41065895667452,356,5,"GDA"
"GOBP_HYALURONAN_METABOLIC_PROCESS",0.0736959346575088,0.688424968995453,0.526164763969361,1.36462733704404,396,31,"LYVE1;TNFAIP6;CEMIP;ITIH5;STAB2;ITIH3;TGFB1;PDGFB;HAS2;HAS1;HEXB;HYAL2"
"GOBP_NEGATIVE_REGULATION_OF_LIPID_LOCALIZATION",0.0730988768182655,0.688424968995453,0.504148600536147,1.36011973320976,396,38,"APOC3;TREM2;PLA2R1;ITGB3;PPARG;THBS1;APOE;ITGAV;PNPLA2"
"GOBP_SKELETAL_MUSCLE_ACETYLCHOLINE_GATED_CHANNEL_CLUSTERING",0.0736035867737717,0.688424968995453,0.618847482172093,1.40918435605982,393,17,"LAMB1;RAPSN;MUSK;LRP4;LAMC1;LAMA1;COLQ;RER1"
"GOBP_NEURON_PROJECTION_EXTENSION_INVOLVED_IN_NEURON_PROJECTION_GUIDANCE",0.0751499250374813,0.688946711615291,0.592040807277753,1.39459582309833,400,20,"WNT3A;CXCL12;WNT5A;NRP2;SLIT3;PLXNA4;SEMA3F;SEMA3A;WNT3;SEMA5A"
"GOBP_PRESYNAPSE_ASSEMBLY",0.0744875549048316,0.688946711615291,0.480634535231691,1.33410359990887,406,45,"NLGN4Y;WNT3A;CBLN1;IL1RAP;DKK1;WNT5A;LRP4;FZD1;GRID2;CNTN5"
"GOBP_WNT_SIGNALING_PATHWAY_CALCIUM_MODULATING_PATHWAY",0.075135553834237,0.688946711615291,0.817437232709357,1.39496683126644,387,5,"WNT11;DKK1;WNT5A;FZD4"
"GOBP_CHONDROITIN_SULFATE_PROTEOGLYCAN_METABOLIC_PROCESS",0.0785832872163807,0.695955369595537,0.502789485816883,1.34974061226972,425,37,"IGF1;CYTL1;CHSY3;DSE;CHST3;CHST7;CHST13;HEXB;EXT1;CHPF;CHPF2;SLC35B2;B3GAT3;XYLT2;CHSY1;CHST12;HYAL1"
"GOBP_CONNECTIVE_TISSUE_REPLACEMENT_INVOLVED_IN_INFLAMMATORY_RESPONSE_WOUND_HEALING",0.0777282419073464,0.695955369595537,0.743526160872602,1.42011095745929,400,8,"IL1A;PPARG;TGFB1;TIMP1"
"GOBP_DENDRITE_SELF_AVOIDANCE",0.0785968861376852,0.695955369595537,0.62445248668684,1.40246468933805,418,16,"MYPN;TNN;CNTN6;NEXN;EXT1"
"GOBP_LIPID_CATABOLIC_PROCESS",0.0803025426456389,0.695955369595537,0.332281271541649,1.17362611654282,498,309,"SULT1E1;ENPP6;TWIST1;APOA4;BCO1;LCT;APOC3;CYP19A1;AKR1B10;LPL;PLA2G2D;PLA2G4A;CYP26C1;AKR1D1;CIDEA;PLA2G2C;LRCOL1;ETNPPL;SPP1;SPHK1;LIPH;HCAR2;HSD17B6;BLVRB;PLD1;ALDH3B1;RARRES2;ENDOU;ACADL;PLAAT2;CYP26A1;APOE;CYP2W1;ACOX2;CYP27B1;BDH2;ABHD15;SUMF1;NUDT7;DECR1;FABP1;CYP1A1;PNPLA2;ENPP2;CIDEC;CYP27A1;PLIN1;CARTPT;PLPP3;PLCD4;IRS1;SCT;HEXB;NCEH1;PLCD3;CPS1;GLB1"
"GOBP_NEGATIVE_REGULATION_OF_SMALL_MOLECULE_METABOLIC_PROCESS",0.0802337938363443,0.695955369595537,0.400922730092,1.25676653224414,452,102,"FMO1;APOC3;SNAI2;BMP5;PLEK;DKKL1;SNAI1;IER3;FMO2;BMP2;ACADL;ACTN3;FMO4;GFI1;APOE;KIF12;SLC4A1;SLC22A13;SIK1;WNT4"
"GOBP_NEGATIVE_REGULATION_OF_SYNAPSE_ASSEMBLY",0.0797943248904971,0.695955369595537,0.706206595312819,1.42415736413524,418,10,"CBLN1;DKK1;WNT5A;TLR2;EPHA7"
"GOBP_POSITIVE_REGULATION_OF_DENDRITIC_CELL_CHEMOTAXIS",0.0771470160116448,0.695955369595537,-0.713703340958945,-1.42062949523151,370,9,"CCR7;CCR6;SLAMF1"
"GOBP_POSITIVE_REGULATION_OF_NUCLEOTIDE_METABOLIC_PROCESS",0.0775638652350981,0.695955369595537,0.510201820936107,1.35552887138274,418,35,"IGF1;TREM2;P2RX7"
"GOBP_POSITIVE_REGULATION_OF_RESPONSE_TO_TYPE_II_INTERFERON",0.0791794871794872,0.695955369595537,-0.785161801784996,-1.41461180185549,385,6,"NLRC5"
"GOBP_REGULATION_OF_NEUROINFLAMMATORY_RESPONSE",0.0781221005752459,0.695955369595537,0.528655702384219,1.36030090487859,420,30,"IL33;IGF1;TAFA3;TREM2;LRRK2;CD200R1;PTPRC;SPHK1;PTGS2;CTSC;STAP1"
"GOBP_POSITIVE_REGULATION_OF_NEURON_APOPTOTIC_PROCESS",0.0813677089047358,0.701354273494081,0.453082061656479,1.30062745411463,444,57,"TFAP2B;CASP4;PITX3;ITGA1;RAPSN;NR3C1;MMP2;TFAP2A;TGFB2;EPHA7;BCL2L11;GRIK2;CASP7;GRN;BAX;CASP8;CASP6;PCSK9"
"GOBP_MYELOID_DENDRITIC_CELL_DIFFERENTIATION",0.0831309546048944,0.712679427045203,0.610906312778966,1.3911014325609,444,17,"UBD;ITGB6;TGFBR2;TGFB1;BATF2;SPI1;NOTCH2"
"GOBP_PROTEOGLYCAN_METABOLIC_PROCESS",0.0850764633503252,0.72543694018073,0.388944426496943,1.23916124581751,483,114,"IGF1;EDNRA;CYTL1;SULF1;ADAMTS4;FOXL1;SLC2A10;COL11A1;CHSY3;DSE;EDNRB;ADAMTS12;BMP2;ANGPT1;CHST2;CHST14;CHST3;CHST7;COL2A1;CHST13;HEXB;ADAMTS7;GLB1;ST3GAL6;EXT1;NDST4;HS3ST5;CHPF;GLCE;BTK;CHPF2;SGSH;SLC35B2;HEXA;HS3ST2;B3GAT3;GNS;ST3GAL1;NAGLU;XYLT2;CHSY1;NDST3;EXTL1;EXT2;EXTL2;CHST12;HYAL1"
"GOBP_LIPID_IMPORT_INTO_CELL",0.088394692580826,0.742351985304507,0.561094948074558,1.36459076558899,472,23,"ACSL5;SPX;THBS1;STRA6;FABP1;CD36;SLC2A1;SLC27A6;LIPA"
"GOBP_NEGATIVE_REGULATION_OF_FATTY_ACID_METABOLIC_PROCESS",0.0875507942371629,0.742351985304507,0.505881835602276,1.33746814849101,473,34,"FMO1;APOC3;FMO2;ACADL;FMO4;KIF12;SLC22A13"
"GOBP_POSITIVE_REGULATION_OF_CYTOKINE_PRODUCTION_INVOLVED_IN_INFLAMMATORY_RESPONSE",0.0884643916913947,0.742351985304507,0.547165678303052,1.35602369198572,476,25,"TLR3;CLEC7A;CD6;IL1RAP;IL17RC;TLR4;IL17RA;GPSM3;IRF3;NOD2"
"GOBP_REGULATION_OF_LIPID_CATABOLIC_PROCESS",0.0892010215249909,0.742984086951654,0.445797767147301,1.28766704369034,488,59,"TWIST1;APOA4;APOC3;CIDEA;HCAR2;RARRES2;ENDOU;PNPLA2;CIDEC;PLIN1;CARTPT;IRS1;SCT"
"GOBP_RETINAL_METABOLIC_PROCESS",0.0894766460326393,0.742984086951654,0.59692302971802,1.37332190304714,476,18,"BCO1;DHRS4L1;ALDH1A3;ABCA4;RPE65;ALDH1A2;DHRS4L2"
"GOBP_NUCLEOSIDE_MONOPHOSPHATE_METABOLIC_PROCESS",0.089957693164106,0.743088027907667,-0.413070609689356,-1.27017422564752,403,75,"CARD11;GDA;CDA;AMPD3;NT5M;UPP2;UPRT;UPP1;PNP;CASK;TJP2;CMPK2;UCK2;IMPDH1;PRPS1;LRGUK;PPAT;DLG2"
"GOBP_TRANS_SYNAPTIC_SIGNALING_BY_BDNF_MODULATING_SYNAPTIC_TRANSMISSION",0.0908210689388071,0.746332721953099,0.806001941060332,1.37545236346641,468,5,"PLAT;SYT4"
"GOBP_LIPID_METABOLIC_PROCESS",0.0914396887159533,0.747543022183,0.284371501873669,1.09530735585104,657,1266,"SULT1E1;ENPP6;TWIST1;APOA4;ABCA8;FMO1;GGT5;BCO1;LCT;GGTLC3;APOC3;MOGAT2;ACOT12;CYP19A1;DGKG;ACSM2B;DHRS4L1;THRSP;INHBA;SNAI2;IGFBP7;UGT2B7;ACOT6;AKR1B10;ALDH1A3;DHRS3;SULT2B1;AVPR1A;GSTM1;BMP5;DAB2;GATA6;PDGFRA;TREM2;GPR82;LPL;TTR;PLA2G2D;APOL4;ACSM1;RBP3;PLA2G4A;CYP26C1;GSTA3;DKKL1;SNAI1;GPER1;P2RX7;DHRS9;HSD17B2;AKR1D1;PPARG;ALDH1A1;EDN2;CIDEA;CERS3;TYRP1;PLA2G2C;LRCOL1;ETNPPL;ABCA4;ACSL5;PIPSL;RUBCNL;CYP2J2;CYP21A2;ACSM3;SPP1;SGMS2;ADM;FMO2;ADGRF5;NR3C1;DHH;SPHK1;UGT2B15;LIPH;HCAR2;ACP3;HSD17B6;BLVRB;PLD1;RLBP1;ABCC2;ALDH3B1;EDN1;SPTLC3;RARRES2;ALOX15;EDNRB;PDGFB;SULT1A2;AGTR1;ABCC9;ENDOU;ELOVL3;RPE65;PLP1;SERPINA3;BMP2;ITPKB;ACADL;PLAAT2;GSTA1;ABCB4;ID2;ACSS3;CYP26A1;SDR9C7;PTGS2;FMO4;AGT;CAV1;RBP2;GFI1;APOE;LDLRAP1;ADH4;CYP2W1;ACOX2;ANO9;FAXDC2;CYP27B1;ADH1B;PDK4;KIF12;HSPG2;APOD;BMP6;DGAT2L6;BDH2;HSD17B14;AKR1B15;LRP10;ABHD15;SUMF1;APOA1;NR1H4;NUDT7;SCNN1B;LCAT;ACSF2;LIMA1;RAB38;ACOT11;DECR1;CCN1;FABP1;GPAT3;CYP1A1;PNPLA2;SULT1A3;ENPP2;FUT6;NPC2;B4GALT1;SDR42E2;SEC14L2;INPP4B;P2RX1;CIDEC;PDE3A;SLC22A13;VLDLR;LHCGR;WNT10B;CERKL;CYP27A1;SULT1A1;ACSBG1;PTGDS;PLIN1;TECRL;CARTPT;PLPP3;CD36;SIK1;WNT4;PLCD4;MBOAT1;IRS1;SCT;PLTP;FAH;HEXB;TNFRSF1A;LPCAT2;SLC44A3;CYP7B1;ALDH1A2;ST8SIA5;NCEH1;PLCD3;BAX;CPS1;TNXB;GLB1;SLC27A6;SCPEP1;SH3YL1;UGT8;CCDC3;H6PD;PLSCR1;CRH;PTGR1;ST3GAL6;SERINC2;SPATA18;ST6GALNAC3;AGPAT2;HSD17B8;ABCA12;GIP;CYP17A1;IP6K3;PEX2;TSKU;ELOVL1;DHRSX;LIPT1;CRABP2;LIPA;PLBD1;MGST2;PRLR;DHRS4L2;ABCD1;PCSK9"
"GOBP_ACROSOMAL_VESICLE_EXOCYTOSIS",0.0920916787115424,0.748235825695592,-0.722508757899623,-1.39558584765481,445,8,"ZP4;ZP3;SYT6;UNC13B;RIMS1;STXBP1;RAB3A"
"GOBP_DENDRITIC_CELL_MIGRATION",0.0924679835033645,0.748235825695592,-0.527943389859717,-1.35696280000933,425,27,"NLRP12;CCL5;CCR7;CCR6;SLAMF1;TRPM2;ALOX5;CD209"
"GOBP_LOW_DENSITY_LIPOPROTEIN_RECEPTOR_PARTICLE_METABOLIC_PROCESS",0.094712376525276,0.754843362658732,0.751001867849348,1.38981494580095,488,7,"MYLIP;APOE;ANXA2;FURIN;PCSK9;PCSK5"
"GOBP_PURINE_NUCLEOSIDE_MONOPHOSPHATE_METABOLIC_PROCESS",0.0943521594684385,0.754843362658732,-0.466668177424394,-1.31060736648027,425,43,"CARD11;GDA"
"GOBP_REGULATION_OF_POLYSACCHARIDE_METABOLIC_PROCESS",0.0938582103152907,0.754843362658732,0.474133741239705,1.30908199887635,514,43,"IGF1;GCGR;IGF2;RUBCNL;TGFB1;PDGFB;PPP1R3G;HAS2"
"GOBP_AXO_DENDRITIC_TRANSPORT",0.0970608339029392,0.760640329777811,-0.394429195835981,-1.24516595577057,425,89,"RAB17;KIF21A;RUFY4;NEFL;RAB27B;BORCS5;MAP2;AGBL4;SYBU;AGTPBP1;KIF5C;KIF5A;HAP1;TMEM108;MAPT;DLG2;MAP1A;TRIM46;NETO1;KLC3;AP3B2;RUFY3;APBA1;KIF1A;TERF2;UCHL1;ARMCX1;WASF1;STAU2;SPAST;RAB21;KIF1B;FBXW11;KIF4A;FEZ1;KIF3A;OPA1;KIF3B;ARL8A;TRAK2;HDAC6;DYNC1H1;DCTN1;MAPK8IP3;FLOT2;KIFAP3;SPG11"
"GOBP_PROSTATE_GLANDULAR_ACINUS_DEVELOPMENT",0.0976956770139021,0.760640329777811,0.692078074909928,1.39566536687883,512,10,"IGF1;HOXB13;FOXA1;FGFR2;ESR1"
"GOBP_PURINE_DEOXYRIBONUCLEOSIDE_MONOPHOSPHATE_METABOLIC_PROCESS",0.0963024858993106,0.760640329777811,-0.654456887984802,-1.39993074617804,460,12,"GDA"
"GOBP_SOMATIC_DIVERSIFICATION_OF_IMMUNE_RECEPTORS_VIA_SOMATIC_MUTATION",0.0978377221151788,0.760640329777811,-0.605276481276036,-1.37794501471407,456,16,"AICDA"
"GOBP_T_CELL_DIFFERENTIATION_INVOLVED_IN_IMMUNE_RESPONSE",0.0972617354196302,0.760640329777811,0.399950433029318,1.23926815297539,546,92,"ICOS;LGALS1;CD69;GATA3;CD80;ANXA1;PSMB8;ASCL2;TNFSF18;PSMB9;FCER1G;HLX;NFKBIZ;PTGER4;IL23A;SMAD7;IL6R;STAT6;IL18R1;LOXL3;SOCS3;BCL6;ZBTB7B;TNFSF4;ICOSLG"
"GOBP_NEGATIVE_REGULATION_OF_VITAMIN_METABOLIC_PROCESS",0.100838697093817,0.77943247019491,0.768372679205002,1.37022847766111,516,6,"SNAI2;SNAI1;GFI1"
"GOBP_SULFUR_COMPOUND_CATABOLIC_PROCESS",0.101237760945871,0.77943247019491,0.504635185080181,1.31840097612013,547,32,"FMO1;GGT5;GGTLC3;NUDT7;ABCD1;SUCLG2;CSAD"
"GOBP_EXCITATORY_CHEMICAL_SYNAPTIC_TRANSMISSION",0.101733862544391,0.779468144905334,-0.64832870679615,-1.38682212218516,486,12,"PVALB;GRIN2B;GRIN1;KCNQ3;CHRDL1;GRIN2C"
"GOBP_NEURON_PROJECTION_EXTENSION",0.103246864799863,0.787257344098952,0.35727915638218,1.18976157515629,600,169,"SEMA3G;S100B;EDNRA;WNT3A;TNN;ITGA4;FN1;MAG;SLC39A12;SPAG6;EDN2;POU4F3;CXCL12;EDN1;NGF;EDN3;WNT5A;APOE;NRP2;POU4F2;TNFRSF12A;LAMB2;FLRT1;SLIT3;PLXNA4;VCL;SEMA3F"
"GOBP_BRANCHING_INVOLVED_IN_PROSTATE_GLAND_MORPHOGENESIS",0.10556511761331,0.79726798349862,0.639978851525056,1.3651659795726,551,13,"IGF1;HOXB13;BMP4;BMP7;FGFR2;ESR1;HOXA13;SHH"
"GOBP_NEGATIVE_REGULATION_OF_TYPE_II_INTERFERON_PRODUCTION",0.105486791058563,0.79726798349862,0.502830546265052,1.31368620860935,570,32,"IL33;INHBA;GATA3;ZNF683;NLRP6;HAVCR2;IL19;LAPTM5;TLR4;INHA;NR1H4;AXL;TNFSF4;CD274"
"GOBP_CELLULAR_RESPONSE_TO_TYPE_III_INTERFERON",0.107282051282051,0.806394944707741,-0.76244463981617,-1.37368270246132,522,6,"IFNL1;IFNL3"
"GOBP_SYMPATHETIC_NEURON_PROJECTION_EXTENSION",0.109225668031988,0.817131648578926,0.76338100722049,1.36132689736104,559,6,"S100B;NRP2;SEMA3F;SEMA3A"
"GOBP_REGULATION_OF_TRIGLYCERIDE_METABOLIC_PROCESS",0.10989010989011,0.818242790073776,0.476325613258854,1.29344185583086,599,39,"APOA4;APOC3;THRSP;APOE;PNPLA2;CIDEC;PLIN1;SIK1"
"GOBP_ANTIMICROBIAL_HUMORAL_IMMUNE_RESPONSE_MEDIATED_BY_ANTIMICROBIAL_PEPTIDE",0.115552325581395,0.826711071146334,0.413883140931592,1.23680907938302,635,73,"CXCL6;BPI;NPY;CXCL8;CXCL1;CCL20;GNLY;CXCL2;MUC7;CCL26;CXCL13;CCL2;H2BC3;CXCL3;ADM;CXCL12;H2BC13;CXCL14;H2BC12;B2M;LGALS3;H2BC9"
"GOBP_C21_STEROID_HORMONE_METABOLIC_PROCESS",0.115470022205774,0.826711071146334,0.49321511862324,1.29642490295017,623,33,"BMP5;DAB2;DHRS9;AKR1D1;ADM;EDNRB;BMP2;BMP6;SCNN1B;WNT4;CYP17A1"
"GOBP_GLIAL_CELL_DERIVED_NEUROTROPHIC_FACTOR_RECEPTOR_SIGNALING_PATHWAY",0.114553451902849,0.826711071146334,0.632970250654709,1.35021563637017,598,13,"GATA3;SULF1;MMP14;GFRA1;GDNF;NRTN"
"GOBP_NEGATIVE_REGULATION_OF_NEURON_APOPTOTIC_PROCESS",0.115107913669065,0.826711071146334,0.354461449792814,1.18161226019236,671,170,"TFAP2D;BARHL1;CX3CR1;TFAP2B;ERBB3;CHL1;WNT1;MAG;CCL2;GDF5;NR4A2;EN2;EN1;MEF2C;NGF;NTF4;NFATC4;TMBIM1;PLXND1;HSPG2;ANGPT1;FZD1;CCND1;JUN;AXL;NTF3;POU4F1;GRIK2;MDK;GRN;BAX;GDNF;DLX1"
"GOBP_NEGATIVE_REGULATION_OF_SYNAPSE_ORGANIZATION",0.116099943640804,0.826711071146334,0.608928601731829,1.34725877282964,617,15,"CBLN1;DKK1;NFATC4;WNT5A;TLR2;APOE;EPHA7"
"GOBP_POSITIVE_REGULATION_OF_LIPID_CATABOLIC_PROCESS",0.11623995514857,0.826711071146334,0.541639099877418,1.31727387051156,621,23,"TWIST1;APOA4;PNPLA2;IRS1;SCT;ABCD1"
"GOBP_POSITIVE_REGULATION_OF_PHOSPHORUS_METABOLIC_PROCESS",0.115117219078416,0.826711071146334,0.326228224925276,1.14678650562994,711,293,"IGF1;TLR3;LTB;TBX1;BANK1;CASS4;CD80;CEMIP;AREG;DDR2;TREM2;LCP2;PDGFRB;FLT1;ODAM;GPER1;PTH1R;P2RX7;CSPG4;TPD52L1;BMP4;PLAUR;ADGRF5;TNFSF18;IL31RA;MUSK;PTPRC;THBS1;RARRES2;PDGFB;HES1;TNFSF15;CIMAP3;BMP2;RSPO1;WNT5A;NTSR1;CDKN1A;CTF1;FAXDC2;PARP14;ANGPT1;CIB1;NR1H4;ERBB4;SASH1;NEDD9;RAB38;ITLN1;NIBAN1;EGFR;LHCGR;IL11;LYN;IL10RB;IL4R;IL12A;ARHGEF5;TNFRSF1A;LIF;HMGA2"
"GOBP_POSITIVE_REGULATION_OF_SYNAPTIC_VESICLE_FUSION_TO_PRESYNAPTIC_ACTIVE_ZONE_MEMBRANE",0.113015873015873,0.826711071146334,-0.616289989694989,-1.36287971342625,533,14,"DOC2A;SYT9;SYT1;ERC2;DOC2B;SYT5;SYT2;SYT7;SYT13;SYT11;RPH3AL;PRRT2"
"GOBP_ROSTROCAUDAL_NEURAL_TUBE_PATTERNING",0.114471669218989,0.826711071146334,0.659875747498488,1.35683005950509,597,11,"WNT1;EN1;HES1;GBX2;PAX6;BMI1"
"GOBP_VITAMIN_METABOLIC_PROCESS",0.115327656423547,0.826711071146334,0.485221890405363,1.2891609839114,622,35,"BCO1;SNAI2;CYP26C1;SNAI1;CYP26A1;GFI1;CYP2W1;CYP27B1;CYP27A1;PLTP"
"GOBP_RESPIRATORY_BURST_INVOLVED_IN_DEFENSE_RESPONSE",0.117737296260786,0.833622106560745,0.646083716283014,1.35480097543243,613,12,"SLAMF8;TREM2;GRN;LIPA;RPS19;NCF1"
"GOBP_AMYLOID_BETA_METABOLIC_PROCESS",0.133406232914161,0.840360127374808,0.432078388305516,1.23533262640309,731,55,"IGF1;TREM2;BACE2;MME;APOE;LRP4;APOA1;CD36"
"GOBP_AXONEMAL_DYNEIN_COMPLEX_ASSEMBLY",0.133699633699634,0.840360127374808,0.463575774180037,1.25882021244111,729,39,"CCDC63;DNAI2;DAW1;DNAI3;DRC1;CLXN;ZMYND10;CFAP73;CFAP100;DNAAF8;TTC12;SPAG1;CCDC39;DNAH7;DNAAF3;ODAD1;DNAAF11"
"GOBP_CALCIUM_ION_IMPORT_INTO_SARCOPLASMIC_RETICULUM",0.12006196746708,0.840360127374808,0.787105691036365,1.34320567715952,619,5,"SLN;ATP2A1"
"GOBP_CALCIUM_ION_REGULATED_EXOCYTOSIS_OF_NEUROTRANSMITTER",0.131652062406497,0.840360127374808,-0.588122067052127,-1.32070907505415,615,15,"SYT1;RIMS2;STX1B;SNAP25;DOC2B;STXBP1;SYT7;RAB3A;PPP3CA;CDK5"
"GOBP_DEOXYRIBONUCLEOTIDE_METABOLIC_PROCESS",0.121639488761569,0.840360127374808,-0.447084777278774,-1.26682683664985,551,45,"GDA;CDA"
"GOBP_ESTROGEN_METABOLIC_PROCESS",0.124605385329619,0.840360127374808,0.509300146849854,1.29199357691727,670,28,"SULT1E1;CYP19A1;UGT2B7;PDGFRA;HSD17B2;UGT2B15;AKR1B15;CYP1A1;SULT1A1"
"GOBP_ETHANOL_METABOLIC_PROCESS",0.135114648474512,0.840360127374808,0.60826219971797,1.32391102473651,712,14,"SULT1E1;SULT1B1;ALDH3B1;SULT1A2;ADH4;SULT1A3;SULT1A1;SULT1C4"
"GOBP_HEPARIN_PROTEOGLYCAN_METABOLIC_PROCESS",0.126499250374813,0.840360127374808,0.554862809973366,1.30702030614999,674,20,"EDNRA;EDNRB;ANGPT1;EXT1;NDST4;GLCE;NAGLU;XYLT2;NDST3;EXT2;NDST1;NDST2;B4GALT7;CSGALNACT1"
"GOBP_L_TRYPTOPHAN_METABOLIC_PROCESS",0.120634920634921,0.840360127374808,-0.609533670951715,-1.34793861441991,569,14,"IDO1;KYNU;TDO2;IL4I1;ACMSD;ABCC4"
"GOBP_NEGATIVE_REGULATION_OF_ACUTE_INFLAMMATORY_RESPONSE_TO_ANTIGENIC_STIMULUS",0.124322230828815,0.840360127374808,0.784151315283909,1.33816399809615,641,5,"NPY;NPY5R;SPN"
"GOBP_NEUROMUSCULAR_JUNCTION_DEVELOPMENT",0.132323416681876,0.840360127374808,0.415487864466281,1.22080874940603,724,66,"ERBB3;LRRK2;LAMB1;RAPSN;MUSK;COL4A1;TNC;PPFIBP2;LRP4;LAMC1;LAMB2;CACNA1S;LAMA1;PDZRN3;CHRNA1;COLQ;NEDD4;RER1;COL4A5;PPFIBP1"
"GOBP_NEURON_CELL_CELL_ADHESION",0.128306133933596,0.840360127374808,0.571535022705438,1.31491251964378,683,18,"NLGN4Y;ITGAL"
"GOBP_PHOSPHOLIPID_TRANSPORT",0.134157105030891,0.840360127374808,0.376393120473369,1.18953377959615,759,108,"APOA4;APOC3;XKR9;P2RX7;ETNPPL;ABCA4;ATP10B;PLSCR5;ABCB4;APOE;ATP10D;ANO9;APOA1;SLC4A1;ATP10A;ABCB1;NPC2;PLTP;PLSCR1;KCNN4;SERINC2;ABCA12"
"GOBP_POSITIVE_REGULATION_OF_ACUTE_INFLAMMATORY_RESPONSE_TO_ANTIGENIC_STIMULUS",0.123270699979352,0.840360127374808,-0.696125535083185,-1.34462445517954,596,8,"CCR7;FCGR1A;ZP3;C3"
"GOBP_POSITIVE_REGULATION_OF_DENDRITIC_CELL_DIFFERENTIATION",0.13458162668227,0.840360127374808,0.748805963214249,1.33533542095772,689,6,"LGALS1;LGALS3;HMGB1"
"GOBP_POSITIVE_REGULATION_OF_GLYCOPROTEIN_METABOLIC_PROCESS",0.125867567060589,0.840360127374808,0.572761374324097,1.31773394796016,670,18,"IL33;IGF1;SLC2A10"
"GOBP_POSITIVE_REGULATION_OF_INFLAMMATORY_RESPONSE_TO_ANTIGENIC_STIMULUS",0.130770837685398,0.840360127374808,-0.626222770047495,-1.33953592030439,625,12,"CCR7;FCGR1A;ZP3;C3"
"GOBP_POSITIVE_REGULATION_OF_PROSTAGLANDIN_BIOSYNTHETIC_PROCESS",0.132287429788882,0.840360127374808,0.722197612792957,1.33650937374602,682,7,"AVPR1A;EDN2;EDN1;PTGS2"
"GOBP_POSITIVE_REGULATION_OF_SKELETAL_MUSCLE_ACETYLCHOLINE_GATED_CHANNEL_CLUSTERING",0.120859965136549,0.840360127374808,0.729849520222782,1.35067010458456,623,7,"LAMB1;LRP4;LAMC1;LAMA1;LARGE1;DAG1;MESD"
"GOBP_PRESYNAPSE_ORGANIZATION",0.12956204379562,0.840360127374808,0.431610234039978,1.23687765808667,709,56,"NLGN4Y;WNT3A;CBLN1;IL1RAP;DKK1;WNT5A;PLS3;LRP4;FZD1;GRID2;CNTN5"
"GOBP_PURINE_DEOXYRIBONUCLEOTIDE_METABOLIC_PROCESS",0.134222413422241,0.840360127374808,-0.567131670480868,-1.30810593721105,623,17,"GDA"
"GOBP_PYRIMIDINE_RIBONUCLEOSIDE_MONOPHOSPHATE_METABOLIC_PROCESS",0.128888888888889,0.840360127374808,-0.603433038364654,-1.33444751683437,608,14,"CDA;UPP2;UPRT;UPP1;UCK2"
"GOBP_REGULATION_OF_MITOCHONDRIAL_FISSION",0.120475218117691,0.840360127374808,0.498581578684321,1.29308934883146,648,31,"DCN;LRRK2;PPARG;C11orf65;STAT2;KDR"
"GOBP_REGULATION_OF_PROSTAGLANDIN_SECRETION",0.128737383355551,0.840360127374808,0.669026732771491,1.34917934015868,675,10,"PLA2G4A;TNFSF11;P2RX7;EDN1;TNFRSF11A"
"GOBP_RESPIRATORY_BURST_INVOLVED_IN_INFLAMMATORY_RESPONSE",0.132481115630447,0.840360127374808,0.721714793775238,1.33561586187119,683,7,"SLAMF8;GRN;LIPA;RPS19;NCF1"
"GOBP_RESPONSE_TO_OXIDATIVE_STRESS",0.130897537728356,0.840360127374808,0.309909243224589,1.11892793875338,823,411,"CD38;APOA4;EDNRA;MBL2;CRYAA;COL1A1;AREG;CRYAB;EPAS1;DDR2;MMP14;PDGFRA;ANGPTL7;DHFRP1;SOD3;LRRK2;HGF;PLA2R1;HBA1;FBLN5;PENK;AIF1;SELENOP;NR4A2;SPHK1;ALDH3B1;EDN1;CRYGD;EPX;MMP2;ABCC9;GATA5;GPX7;PTGS2;GPX8;CA3;APOE;NQO1;APOD;GPR37;FOXO1;BMP7;FABP1;PDGFD;TPM1;UCP1;MMP3;STC2;SESN3;CD36;AQP1;MSRB3;PRR5L;TNFAIP3;VRK2"
"GOBP_SPONTANEOUS_NEUROTRANSMITTER_SECRETION",0.132258731142798,0.840360127374808,-0.718065065544069,-1.33915300374314,639,7,"DOC2A;SYT1;RIMS2;STX1B;DOC2B"
"GOBP_SULFUR_COMPOUND_BIOSYNTHETIC_PROCESS",0.128142028476006,0.840360127374808,0.372609286696687,1.18711814966673,728,114,"FMO1;GGT5;GGTLC3;CRYAA;GSTM1;ACSL5;BHMT;ELOVL3;PAPSS2;GSTA1;PDK4"
"GOBP_SYNAPTIC_VESICLE_LUMEN_ACIDIFICATION",0.134437513443751,0.840360127374808,-0.56682978756926,-1.30740963536516,624,17,"ATP6V0A4;ATP6V1A;SLC17A7;ATP6V1C1;ATP6V1B1;ATP6V1G2;ATP6V1B2"
"GOBP_TRANS_SYNAPTIC_SIGNALING_MODULATING_SYNAPTIC_TRANSMISSION",0.122209821428571,0.840360127374808,0.518837072468863,1.29804805209268,656,26,"PLAT;CNR2;CBLN1;CBLN3;C1QL4;CBLN4;GRID2;C1QL1"
"GOBP_VITAMIN_A_METABOLIC_PROCESS",0.134716030238418,0.840360127374808,0.699231619618385,1.33550981401475,694,8,"BCO1;RLBP1;RPE65;RBP2;ALDH1A2;LIPA"
"GOBP_DETOXIFICATION_OF_INORGANIC_COMPOUND",0.137233813723381,0.850206361583136,-0.564299813213213,-1.30157417483916,637,17,"MT1H;MT1G;MT3;MT1X;MT1E;MT1F"
"GOBP_REGULATION_OF_NEURON_MATURATION",0.138398914518318,0.854088242902924,0.696978091183915,1.33120564747543,713,8,"LRRK2;NGF;EDNRB;TBX6"
"GOBP_CELLULAR_RESPONSE_TO_IRON_ION",0.142081798798217,0.866998514151682,0.693828582019409,1.32519018667459,732,8,"HFE;B2M;TFAP2A;BMP6"
"GOBP_LONG_CHAIN_FATTY_ACID_IMPORT_ACROSS_PLASMA_MEMBRANE",0.141687297657589,0.866998514151682,0.660374988728408,1.33173197408571,743,10,"ACSL5;THBS1;CD36;SLC2A1"
"GOBP_PURINE_DEOXYRIBONUCLEOSIDE_METABOLIC_PROCESS",0.142414220752377,0.866998514151682,-0.765939017738097,-1.32326592030032,688,5,"GDA"
"GOBP_REGULATION_OF_VOLTAGE_GATED_CALCIUM_CHANNEL_ACTIVITY",0.142677561282212,0.866998514151682,-0.602549814197543,-1.31377341054911,680,13,"CACNA1F;STAC2;CBARP;CRHR1"
"GOBP_EMBRYONIC_VISCEROCRANIUM_MORPHOGENESIS",0.144734336316892,0.872808583264604,0.658326057131109,1.327600037281,759,10,"TBX1;FOXC2;NDST1"
"GOBP_NEGATIVE_REGULATION_OF_STEROID_METABOLIC_PROCESS",0.144578313253012,0.872808583264604,0.500567703004262,1.26112593703827,779,27,"SNAI2;BMP5;DKKL1;SNAI1;BMP2;GFI1;APOE"
"GOBP_POSITIVE_REGULATION_OF_GLUTAMATE_RECEPTOR_SIGNALING_PATHWAY",0.145686535897924,0.873059699724366,0.656830432794554,1.32458391646448,764,10,"FOLH1B;CCL2"
"GOBP_REGULATION_OF_SYNAPTIC_VESICLE_PRIMING",0.145876935956467,0.873059699724366,-0.629793970680338,-1.3184126046642,696,11,"UNC13B;STX1B;NAPB;STX1A;STXBP1;BRSK1;SYP;SYNGR3;STXBP5;OSBPL2"
"GOBP_INFLAMMATORY_RESPONSE_TO_ANTIGENIC_STIMULUS",0.148811700182815,0.879134643903029,0.412062748232563,1.20777239267667,813,65,"NPY;CYSLTR1;GPR17;GATA3;TREM2;PLA2G2D;NLRP6;CD6;IL31RA;FCER1G;FCGR2A;PLK2;SYK;HLA-E;NPY5R;NOTCH2;NPFF;LYN;CD68;EXT1;FURIN;SPN"
"GOBP_REGULATION_OF_ATPASE_COUPLED_CALCIUM_TRANSMEMBRANE_TRANSPORTER_ACTIVITY",0.149109217660728,0.879134643903029,0.771289191407621,1.31621462330734,769,5,"SLN;ATP2A1"
"GOBP_REGULATION_OF_LONG_CHAIN_FATTY_ACID_IMPORT_ACROSS_PLASMA_MEMBRANE",0.147844743514726,0.879134643903029,0.742529301799733,1.32414233660221,757,6,"ACSL5;THBS1;AKT1"
"GOBP_REGULATION_OF_SECONDARY_METABOLIC_PROCESS",0.148880105401845,0.879134643903029,0.552040434283142,1.28415357394574,790,19,"ASIP;TYRP1;WNT5A;RAB38;ZEB2;OPN3;SLC24A5"
"GOBP_REGULATION_OF_RECEPTOR_CLUSTERING",0.149925037481259,0.879563933719367,0.54255404944523,1.27802611215349,799,20,"TNFAIP6;LAMB1;LRP4;LAMC1;GSN;LAMA1"
"GOBP_VITAMIN_D_METABOLIC_PROCESS",0.150291189179034,0.879563933719367,0.587343272717712,1.29950108203309,799,15,"SNAI2;SNAI1;GFI1;CYP27B1;CYP1A1;CYP27A1"
"GOBP_AXONAL_TRANSPORT",0.152719200887902,0.883987783241654,-0.390670881697296,-1.19383004637862,687,72,"KIF21A;RUFY4;NEFL;RAB27B;BORCS5;MAP2;AGBL4;SYBU;AGTPBP1;KIF5C;KIF5A;HAP1;TMEM108;MAPT;DLG2;MAP1A;TRIM46;NETO1;AP3B2;RUFY3;KIF1A;TERF2;UCHL1;ARMCX1;SPAST;RAB21;KIF1B;FBXW11;KIF4A;FEZ1;KIF3A;OPA1;KIF3B;ARL8A;HDAC6;DYNC1H1;DCTN1;MAPK8IP3"
"GOBP_DENDRITIC_CELL_CHEMOTAXIS",0.152215799614644,0.883987783241654,-0.547551824383465,-1.28051809889364,710,18,"CCL5;CCR7;CCR6;SLAMF1;TRPM2"
"GOBP_NEGATIVE_REGULATION_OF_AMINE_METABOLIC_PROCESS",0.15171558495246,0.883987783241654,-0.760779608743041,-1.31435232543972,733,5,"ITGAM"
"GOBP_ACUTE_INFLAMMATORY_RESPONSE",0.153915229885057,0.884454907962685,0.389974046606138,1.19031218934109,856,83,"OSMR;NPY;MBL2;IL22RA1;GATA3;FN1;IL1A;PLA2G2D;NLRP6;TNFSF11;CD6;IL31RA;FCER1G;FCGR2A;EDNRB;SERPINA3;CD163;PTGS2;TNFRSF11A;EPO;HLA-E;IL6R;NPY5R;B4GALT1;NPFF;IL10RB;ASS1;TNFSF4;F2;PLSCR1;EXT1;LIPA;SPN"
"GOBP_CHOLINE_METABOLIC_PROCESS",0.153696118587868,0.884454907962685,0.739197385402729,1.31820057571466,787,6,"ENPP6;BCHE;DMGDH;CHDH"
"GOBP_MACROPHAGE_INFLAMMATORY_PROTEIN_1_ALPHA_PRODUCTION",0.157436096049574,0.894989727434598,0.766952258685084,1.30881359353369,812,5,"TRPV4;TREM2;MCOLN2"
"GOBP_POSITIVE_REGULATION_OF_LIPID_METABOLIC_PROCESS",0.15794096978215,0.894989727434598,0.362394441608045,1.15974094779353,898,118,"TWIST1;APOA4;AVPR1A;DAB2;PPARG;EDN2;ADM;ADGRF5;EDN1;AGTR1;PTGS2;AGT;APOE;LDLRAP1;BMP6;APOA1;NR1H4;RAB38;CCN1;PNPLA2;WNT4;IRS1;SCT;CCDC3;SPATA18"
"GOBP_REGULATION_OF_AXON_EXTENSION_INVOLVED_IN_AXON_GUIDANCE",0.156631026073907,0.894989727434598,0.57219797052963,1.28510569833177,834,16,"WNT3A;CXCL12;WNT5A;PLXNA4;SEMA3F;SEMA3A;WNT3;SEMA5A"
"GOBP_REGULATION_OF_RESPIRATORY_BURST",0.158005752636625,0.894989727434598,0.619785891848579,1.2996559264278,823,12,"CLEC7A;SLAMF8;GRN;RPS19;NCF1"
"GOBP_REACTIVE_NITROGEN_SPECIES_METABOLIC_PROCESS",0.160065406976744,0.900226012287646,0.392494716971051,1.18438405208734,880,78,"IGF1;CLEC7A;CX3CR1;EDN1;TLR4;PTGS2;CAV1;APOE;NQO1;PTX3;CYP1A1;SMAD3;CD36;ASS1;CPS1;MTARC2;NOS3"
"GOBP_SYNAPTIC_VESICLE_DOCKING",0.15957671957672,0.900226012287646,-0.58057050880879,-1.28388872430113,753,14,"UNC13C;UNC13B;RIMS2;STX1B;SNAP25;STX1A;RIMS1;SNPH;RIMS3;UNC13A"
"GOBP_NEGATIVE_REGULATION_OF_INFLAMMATORY_RESPONSE_TO_WOUNDING",0.160690056212444,0.90054568605278,0.682393921705848,1.30335035472159,828,8,"IL33;MDK;SIGLEC10;DSG2"
"GOBP_SPHINGOLIPID_MEDIATED_SIGNALING_PATHWAY",0.161678900809336,0.902896960153543,0.545952297866537,1.26999138282254,858,19,"KLF14;S1PR5;S1PR4;SPHK1;S1PR3;PLPP3"
"GOBP_CELL_ACTIVATION_INVOLVED_IN_IMMUNE_RESPONSE",0.169165580182529,0.921981478245675,0.319533184588877,1.11674865144644,1037,273,"IL33;ICOS;CX3CR1;LGALS1;CD69;TCIM;TYROBP;GATA3;CD80;ITGAL;ITM2A;GATA2;IFNA21;ZNF683;TREM2;ANXA1;IFI35;PSMB8;ASCL2;HAVCR2;IL1R1;GATA1;TNFSF18;PTPRC;IL1RAP;HLA-DMB;PSMB9;FCER1G;TGFB1;TNFSF13;HLX;TLR4;SYK;MILR1;SPI1;ENPP3;NFKBIZ;PTGER4;IL23A;SMAD7;IL6R;ANXA3;LGALS3;SLC18A2;ICAM1;STAT6;SCNN1B;IL18R1;LOXL3;SOCS3;NOTCH2;SLC15A4;PTGDS;LYN;BCL6;MDK;ZBTB7B;TNFSF4;GRN;NCKAP1L;ICOSLG;RAB27A;VAMP8;VAMP3;CD84;UNC13D;SPN;DOCK10"
"GOBP_NEUROEPITHELIAL_CELL_DIFFERENTIATION",0.168085894113291,0.921981478245675,0.459807024335253,1.22163753866546,907,35,"WNT11;MSX1;DSPP;BMP4;TGFB1;HES1;BMP2;RFX6;WNT4"
"GOBP_NEURON_DEVELOPMENT",0.166385846672283,0.921981478245675,0.278081316029383,1.06792130320459,1184,1182,"CD38;MYOT;MYPN;APOA4;ACTBL2;SEMA3G;NPY;TMC1;RP1;FEV;S100B;KIAA1755;EDNRA;DGKG;PRRX1;WNT3A;ALX1;TNN;GHRL;POTEF;GATA3;CHL1;SLITRK6;MFRP;ITGA4;LMX1A;ALX4;PRPH2;AREG;TRPV4;BMP5;GDF7;DAB2;DDR2;HAND2;FN1;LAMA2;GATA2;MAG;LST1;CD3E;SLC39A12;GNAT1;DHFRP1;PITX3;LRRK2;CNTN6;PMP22;SPAG6;FOXD1;ITGA1;EDN2;FLRT2;TPBG;TULP1;LAMB1;TLX2;SAMD11;SPP1;POU4F3;SEMA3B;CXCL12;NR4A2;FOLR1;LGR6;GAS7;EN2;CDH11;POTEI;ALKAL2;CLRN1;DKK1;ATOH1;LPAR1;EN1;EDN1;MEF2C;SLC38A8;NGF;EDNRB;NTF4;HES1;MYLIP;MMP2;EDN3;NFATC4;ALX3;EPHA6;CCK;TNC;PLP1;PTPRT;WNT5A;LGI4;DCDC2;ID2;OLIG3;SFRP2;RAB13;PLXND1;PTN;GFI1;ALKAL1;APOE;COL25A1;EPO;NRP2;CTF1;LRP4;NFIB;MATN2;POU4F2;TNFRSF12A;PRAG1;LTK;B2M;LAMB2;LHX8;ANKRD1;PRDM1;APOD;GPR37;CIB1;SDC2;FLRT1;TGFB2;BMP7;EPHA7;SLIT3;KREMEN1;MGARP;LAMA1;STMND1;FZD1;PREX1;JUN;GFRA1;SDC4;KEL;PLXNA4;VCL;ITM2C;BHLHA15;NOTCH2;GRID2;HOXD9;GBX1;PCARE;SEMA3F;NTM;VLDLR;ADARB1;NTNG1;NEXN;SMAD3;LYN;NTF3;RIT2;FGFR2;POU4F1;EVX1;SEMA3A;MBOAT1;CNTN5;DRD1;MDK;P3H1;ITGB1;NR2E3;LIF;CLN5;GRN;NCKAP1L;ZEB2;MOV10;TNXB;VIM;MEST;LPAR3;UGT8;METRN;GBX2;NOTCH3;CCDC39;PTK7;SGK1;TSKU;GDNF"
"GOBP_PROSTATIC_BUD_FORMATION",0.165729792595464,0.921981478245675,0.679316112456841,1.29747183844403,854,8,"SULF1;BMP4;WNT5A;BMP7;SHH;NOG"
"GOBP_REGULATION_OF_GLUTAMATE_RECEPTOR_SIGNALING_PATHWAY",0.167718493019698,0.921981478245675,0.599899808006944,1.27967167523059,876,13,"FOLH1B;CCL2;CX3CL1"
"GOBP_REGULATION_OF_SYNAPSE_STRUCTURAL_PLASTICITY",0.168629882207068,0.921981478245675,-0.697060005119268,-1.29997968768665,815,7,"FRMPD4;SHANK3;CTNNA2;CAMK2B;CAMK1"
"GOBP_SPHINGOMYELIN_METABOLIC_PROCESS",0.168448696304633,0.921981478245675,0.550521176865911,1.26656663027123,897,18,"ABCA8;SGMS2;SMPD2"
"GOBP_POSITIVE_REGULATION_OF_VOLTAGE_GATED_CALCIUM_CHANNEL_ACTIVITY",0.170111616370401,0.923308908721287,-0.752051069125582,-1.2992725622441,822,5,"STAC2"
"GOBP_SOMITE_ROSTRAL_CAUDAL_AXIS_SPECIFICATION",0.170573461699456,0.923308908721287,-0.612774549526345,-1.28278409690114,814,11,"GDF3;MESP2;RIPPLY2"
"GOBP_POSITIVE_REGULATION_OF_PROTEIN_METABOLIC_PROCESS",0.171171171171171,0.923392780535638,0.287073885178636,1.07730418075749,1158,753,"IL33;IGF1;TLR3;CDC20B;ECSCR;KLHL40;LTB;INHBA;TBX1;BANK1;CASS4;CD80;CEMIP;DAB2;DDR2;MMP14;TREM2;LCP2;PDGFRB;FLT1;ODAM;LRRK2;GPER1;CCBE1;TGFB1I1;CSPG4;IER3;ANXA2P2;CDKN2A;TPD52L1;SLC2A10;BIRC3;BMP4;PLAUR;CAPN3;LAPTM5;TNFSF18;IL31RA;MUSK;PTPRC;SPHK1;PLD1;THBS1;TGFB1;RARRES2;NGF;PDGFB;HES1;MYLIP;PLK2;NLRC4;SYK;TNFSF15;BMP2;RSPO1;WNT5A;ASB9;CSF1;PRR16;CDKN1A;CAV1;CSNK2A3;APOE;CTF1;CTSC;IL23A;SMAD7;FAXDC2;PARP14;KCNE2;GSN;ANGPT1;EIF5AL1;CIB1;FOXO1;DACT1;PACSIN3;SAMD4A;ERBB4;SASH1;NEDD9;MELTF;AXIN2;ITLN1;MYH9;NIBAN1;EGFR;SH3RF2;ANXA2;IL11;LYN;IL10RB;IL4R;IL12A;SH3D19;ARHGEF5;NKD2;GPC3;TNFRSF1A;LIF;HMGA2;GRN;TNFAIP3;VGLL4"
"GOBP_MITOCHONDRIAL_ELECTRON_TRANSPORT_CYTOCHROME_C_TO_OXYGEN",0.171825173513412,0.923778729465328,0.548885026260187,1.26280239040837,915,18,"MTCO2P12;MT-CO2;COX4I1;MT-CO3;COX6A1;COX6B1;COX8A;COX7A1;MT-CO1;COX7A2L;COX7A2"
"GOBP_NEGATIVE_REGULATION_OF_MIRNA_METABOLIC_PROCESS",0.173123262279889,0.926061125605225,0.48774345652504,1.22881664149073,933,27,"TWIST1;PPARG;BMP4;TGFB1;PDGFB;NFATC4;NFIB;SMAD3"
"GOBP_TUMOR_NECROSIS_FACTOR_MEDIATED_SIGNALING_PATHWAY",0.173417499561634,0.926061125605225,0.3616562760409,1.15143285442151,988,113,"CASP4;TNFSF11;TMC8;PLVAP;KRT8;BIRC3;LAPTM5;TNFSF18;SPHK1;SYK;TNFRSF19;KRT18;TNFRSF11A;FAS;TNFRSF11B;TNFSF13B;APOA1;NR1H4;ANXA4;TNFRSF1A;TIFA;TNFAIP3;CCDC3;CASP8;EXT1;TRAF5;TRAF3IP2;TRADD;RIPK1;ILK;TRAIP"
"GOBP_LYMPHOCYTE_ACTIVATION_INVOLVED_IN_IMMUNE_RESPONSE",0.174783641608688,0.930224347622079,0.333581038784754,1.12761706619983,1029,194,"ICOS;LGALS1;CD69;TYROBP;GATA3;CD80;ITGAL;ITM2A;IFNA21;ZNF683;TREM2;ANXA1;PSMB8;ASCL2;HAVCR2;TNFSF18;PTPRC;HLA-DMB;PSMB9;FCER1G;TGFB1;TNFSF13;HLX;TLR4;SPI1;NFKBIZ;PTGER4;IL23A;SMAD7;IL6R;LGALS3;ICAM1;STAT6;IL18R1;LOXL3;SOCS3;NOTCH2;SLC15A4;BCL6;MDK;ZBTB7B;TNFSF4;NCKAP1L;ICOSLG;RAB27A"
"GOBP_BRANCHIOMOTOR_NEURON_AXON_GUIDANCE",0.180127832655433,0.937150331028885,0.694404214206628,1.2850745073315,929,7,"NRP2;PLXNA4;SEMA3F;SEMA3A"
"GOBP_ESTABLISHMENT_OF_MITOCHONDRION_LOCALIZATION_MICROTUBULE_MEDIATED",0.179414951245937,0.937150331028885,-0.461437499837465,-1.21998084607269,827,31,"NEFL;MAP1B;AGBL4;SYBU;AGTPBP1;MAPT;UCHL1;ARMCX1;WASF1;SPAST;MAP1S;KIF1B;FEZ1;OPA1;RHOT1;LRPPRC;TRAK2;HDAC6"
"GOBP_LEUKOTRIENE_METABOLIC_PROCESS",0.176976266118483,0.937150331028885,0.508823779468821,1.23746655206559,946,23,"GGT5;GGTLC3;PLA2G4A;CPA1;SYK;ALOX5AP;PTGR1;MGST2;NCF1"
"GOBP_MODULATION_OF_EXCITATORY_POSTSYNAPTIC_POTENTIAL",0.181315032100952,0.937150331028885,-0.408193120111176,-1.18862327633326,818,53,"NPY2R;PNOC;WNT7A;RGS4;ADRB2;GRIN2B;GRIN1;GRIA1;NLGN4X;SHANK1;RIMS2;STX1B;SHANK3;GRIN2C;STX1A;CELF4;CHRNA7;RIMS1;TMEM108;DLG4;NETO1;SLC8A2;PRKAR1B;NLGN1;MAPK8IP2;SLC8A3;CUX2;TBC1D24;TMEM25;NRXN1;BAIAP2"
"GOBP_POSITIVE_REGULATION_OF_CARBOHYDRATE_METABOLIC_PROCESS",0.180729450190528,0.937150331028885,0.390753857291996,1.17264928015986,995,75,"IGF1;IGF2;GPER1;PTH1R;P2RX7;PDGFB;ACTN3;NTSR1;PPP1R3G;HAS2;FOXO1;LHCGR;IRS1"
"GOBP_POSITIVE_REGULATION_OF_INTERFERON_BETA_PRODUCTION",0.181402995981001,0.937150331028885,0.437751373576826,1.19975284699764,992,41,"STING1;TLR3;RNF135;TLR4;OAS1;TLR2;POLR3G;IRF3;TRIM56;IRF1;OAS3;TRADD"
"GOBP_POSITIVE_REGULATION_OF_NEUROEPITHELIAL_CELL_DIFFERENTIATION",0.180515204338563,0.937150331028885,0.693849187505604,1.28404736687097,931,7,"BMP4;BMP2;SERPINE1;LEF1;CTNNB1"
"GOBP_REGULATION_OF_RESPIRATORY_BURST_INVOLVED_IN_INFLAMMATORY_RESPONSE",0.177962819519752,0.937150331028885,0.756069646552452,1.29024228022044,918,5,"SLAMF8;GRN;RPS19;NCF1"
"GOBP_XENOBIOTIC_TRANSPORT_ACROSS_BLOOD_BRAIN_BARRIER",0.179512006196747,0.937150331028885,0.755315881143024,1.28895597014961,926,5,"ABCC2;ABCB1;SLC22A1;ABCG2"
"GOBP_POSITIVE_REGULATION_OF_HUMORAL_IMMUNE_RESPONSE",0.182577814915396,0.940157189791617,-0.593271139604405,-1.26904999305558,873,12,"CCR7;ZP4;ZP3;C3;C6"
"GOBP_DENDRITIC_TRANSPORT",0.183910518391052,0.941998401882507,-0.541676098141584,-1.24939190827331,854,17,"RAB17;KIF5C;KIF5A;WASF1;STAU2;KIF3B;TRAK2;FLOT2;KIFAP3;PURA;STAU1;KIFC2;HNRNPU"
"GOBP_LIPID_DROPLET_FUSION",0.184123268968208,0.941998401882507,0.720457804467384,1.2847825376298,943,6,"CIDEA;PNPLA2;CIDEC;LDAH"
"GOBP_OLEFINIC_COMPOUND_METABOLIC_PROCESS",0.186616074508451,0.951681974824449,0.346522567637039,1.13463830895615,1081,144,"BCO1;CYP19A1;DHRS4L1;INHBA;AKR1B10;ALDH1A3;DHRS3;BMP5;DAB2;PLA2G4A;DKKL1;DHRS9;ALDH1A1;ABCA4;CYP2J2;CYP21A2;ADM;HSD17B6;ALOX15;EDNRB;ELOVL3;RPE65;BMP2;GSTA1;SDR9C7;PTGS2;ADH4;ADH1B;BMP6;AKR1B15;SCNN1B;FABP1;CYP1A1;PNPLA2"
"GOBP_NEURONAL_DENSE_CORE_VESICLE_EXOCYTOSIS",0.188313029114185,0.954199566054627,-0.659351936001143,-1.27359318547504,911,8,"UNC13B;SNAP25;STXBP1;UNC13A;RAB3A"
"GOBP_REGULATION_OF_SKELETAL_MUSCLE_ACETYLCHOLINE_GATED_CHANNEL_CLUSTERING",0.187752744078567,0.954199566054627,0.648546799662501,1.2755624476499,974,9,"LAMB1;LRP4;LAMC1;LAMA1;LARGE1;DAG1;MESD"
"GOBP_NEGATIVE_REGULATION_OF_CALCIUM_MEDIATED_SIGNALING",0.189897100093545,0.956116827772581,0.507019454522476,1.22005179752963,1014,22,"PLEK;MYOZ2;SLC24A4;ACTN3;FHL2;ITPR1"
"GOBP_POSITIVE_REGULATION_OF_RESPIRATORY_BURST",0.18988326848249,0.956116827772581,0.782790401088994,1.27554803838299,975,4,"CLEC7A;RPS19"
"GOBP_COLLAGEN_ACTIVATED_TYROSINE_KINASE_RECEPTOR_SIGNALING_PATHWAY",0.191562799616491,0.956273444935894,0.599342057096102,1.25678636236638,998,12,"COL1A1;DDR2;COL4A1;SYK;COL4A2;TSPAN9;COL4A5;COL4A6"
"GOBP_NEUROPEPTIDE_SIGNALING_PATHWAY",0.191737046336453,0.956273444935894,-0.354378570566765,-1.14116252634774,839,101,"NPSR1;MCHR2;NTSR2;HCRT;PYY;GPR149;NPBWR2;NPY2R;GRPR;PNOC;GALP;NMUR1;GAL;GRP;GPR143;SSTR5;SSTR3;GALR1;POMC;NMBR;SORCS1;ECRG4;RXFP3;MC4R;MC5R;SCG5"
"GOBP_REGULATION_OF_GLUTAMATE_SECRETION",0.191333708497468,0.956273444935894,0.555286122750967,1.24712319390317,1019,16,"AVPR1A;P2RX7;KMO;NTSR1;NPY5R"
"GOBP_GLYCOSAMINOGLYCAN_METABOLIC_PROCESS",0.193355119825708,0.958316312636165,0.404775778286562,1.17327676654472,1064,60,"LYVE1;FOXC1;TNFAIP6;CEMIP;ITIH5;STAB2;ITIH3;TGFB1;PDGFB;GALNT5;HAS2;HAS1;HEXB;HYAL2;EXT1;TGDS;SGSH;HEXA;HS3ST2;B3GAT3;GNS;NAGLU;XYLT2"
"GOBP_REGULATION_OF_GLYCOGEN_METABOLIC_PROCESS",0.193076638282118,0.958316312636165,0.45061240749002,1.1972088359765,1042,35,"IGF1;GCGR;IGF2;RUBCNL;PPP1R3G"
"GOBP_CMP_METABOLIC_PROCESS",0.194011228945727,0.958572614043373,-0.636684495377066,-1.26732315989155,932,9,"CDA;UPP2;UPP1;UCK2"
"GOBP_MULTICELLULAR_ORGANISMAL_LEVEL_IRON_ION_HOMEOSTASIS",0.195660237388724,0.961396120469627,0.489872456533942,1.21403568142546,1054,25,"EPAS1;RHAG;HFE;CYBRD1;B2M;BMP6;HEPH;SLC40A1;HYAL2"
"GOBP_NEGATIVE_REGULATION_OF_NEURON_MIGRATION",0.196401225114855,0.961396120469627,0.612222222445999,1.25884534726539,1025,11,"COL3A1;TNN;ERBB4;SRGAP2"
"GOBP_PERIPHERAL_NERVOUS_SYSTEM_AXON_REGENERATION",0.195968210893584,0.961396120469627,0.662836507622039,1.26599632536587,1010,8,"APOA4;MMP2;TNC;APOD;TSPO;CERS2"
"GOBP_ALKANESULFONATE_METABOLIC_PROCESS",0.202580396687849,0.962988596664689,0.639335772939946,1.25744619174099,1051,9,"FMO1;GHR;CSAD"
"GOBP_AXON_DEVELOPMENT",0.199140840748696,0.962988596664689,0.292700573068016,1.07606385694561,1297,531,"MYOT;MYPN;APOA4;ACTBL2;SEMA3G;S100B;KIAA1755;EDNRA;WNT3A;TNN;POTEF;GATA3;CHL1;SLITRK6;ITGA4;LMX1A;GDF7;FN1;LAMA2;MAG;DHFRP1;CNTN6;FOXD1;EDN2;FLRT2;SPP1;POU4F3;SEMA3B;CXCL12;NR4A2;FOLR1;LGR6;CDH11;POTEI;ATOH1;EDN1;NGF;MMP2;EDN3;EPHA6;CCK;TNC;PLP1;WNT5A;OLIG3;PLXND1;PTN;APOE;COL25A1;NRP2;LRP4;NFIB;MATN2;POU4F2;TNFRSF12A;LAMB2;APOD;TGFB2;BMP7;EPHA7;SLIT3;KREMEN1;MGARP;JUN;KEL;PLXNA4;VCL;BHLHA15;NOTCH2;GBX1;SEMA3F;ADARB1;NTNG1;NEXN;FGFR2;POU4F1;EVX1;SEMA3A;CNTN5;ITGB1;GRN;ZEB2;LPAR3;METRN;GBX2;NOTCH3;PTK7;TSKU;GDNF;EXT1;CRABP2;PAX2;EFNA4"
"GOBP_CELLULAR_OXIDANT_DETOXIFICATION",0.201831567606393,0.962988596664689,0.377195218330994,1.14960376606964,1123,82,"APOA4;DHFRP1;SOD3;HBA1;FBLN5;EPX;CLIC2;GSTA1;GPX7;PTGS2;GPX8;ALOX5AP;APOE;NQO1;CP;BMP7;FABP1;CD36;GSTK1;NOS3;MGST2"
"GOBP_CEREBRAL_CORTEX_GABAERGIC_INTERNEURON_DIFFERENTIATION",0.203676624190516,0.962988596664689,-0.581031296817172,-1.24286808167102,974,12,"ASCL1;ARX;LHX6;NKX2-1;FEZF2"
"GOBP_DIACYLGLYCEROL_METABOLIC_PROCESS",0.20326409495549,0.962988596664689,0.486658958793323,1.20607176986592,1095,25,"MOGAT2;DGKG;PNPLA2;DGKA"
"GOBP_KETONE_BODY_METABOLIC_PROCESS",0.20287631831256,0.962988596664689,0.593676229572025,1.24490544281556,1057,12,"TYRP1;ACSS3;FABP1"
"GOBP_NEGATIVE_REGULATION_OF_CYTOKINE_PRODUCTION_INVOLVED_IN_INFLAMMATORY_RESPONSE",0.201862681394845,0.962988596664689,-0.460977758253436,-1.19546159291243,931,28,"NLRP7;PYCARD"
"GOBP_NORADRENERGIC_NEURON_DEVELOPMENT",0.200496072757338,0.962988596664689,-0.734656879118788,-1.26922168571976,969,5,"ASCL1;PHOX2B;INSM1"
"GOBP_OLIGOSACCHARIDE_METABOLIC_PROCESS",0.200088241782484,0.962988596664689,-0.39234094246955,-1.15642372058232,906,57,"GBA3;MGAM2;B4GALNT2;TREH;ST6GALNAC1;FUT9;FUT7;FUT1;ST8SIA6;FUT3"
"GOBP_POSITIVE_REGULATION_OF_MITOCHONDRIAL_DEPOLARIZATION",0.204884667571235,0.962988596664689,0.65817255935435,1.25708833478192,1056,8,"DCN;P2RX7;KDR;TSPO"
"GOBP_PYRIMIDINE_NUCLEOSIDE_MONOPHOSPHATE_METABOLIC_PROCESS",0.205227077977721,0.962988596664689,-0.494342758548811,-1.20230631414515,957,21,"CDA;NT5M;UPP2;UPRT;UPP1"
"GOBP_REGULATION_OF_CALCIUM_ION_IMPORT_INTO_SARCOPLASMIC_RETICULUM",0.204914783987317,0.962988596664689,0.814746572645717,1.25668296468593,1033,3,"SLN;ATP2A1"
"GOBP_REGULATION_OF_RESPIRATORY_GASEOUS_EXCHANGE_BY_NERVOUS_SYSTEM_PROCESS",0.19966478106013,0.962988596664689,-0.567476081507924,-1.23730016911645,952,13,"GSX2;TLX3;PHOX2B"
"GOBP_RETINOL_METABOLIC_PROCESS",0.20317055393586,0.962988596664689,0.41791012947341,1.16747008594557,1114,47,"BCO1;AKR1B10;ALDH1A3;DHRS3;DHRS9;ALDH1A1;HSD17B6;RPE65;SDR9C7;ADH4;ADH1B;AKR1B15;FABP1;CYP1A1;PNPLA2"
"GOBP_CALCIUM_INDEPENDENT_CELL_CELL_ADHESION",0.211473565804274,0.963299854715432,0.504237373864774,1.20196274204576,1127,21,"CLDN14;CLDN20;CLDN16;CLDN5;BMP2;CLDN1;CLDN11;CLDN4;CLDN9;CLDN3"
"GOBP_GLYCINE_METABOLIC_PROCESS",0.212165859818985,0.963299854715432,-0.608934871994067,-1.24422513303141,1007,10,"GLYAT;NDP;BAAT;GLDC;RIDA"
"GOBP_MESENCHYMAL_TO_EPITHELIAL_TRANSITION_INVOLVED_IN_METANEPHROS_MORPHOGENESIS",0.208843797856049,0.963299854715432,0.60498616778,1.24396664241789,1090,11,"SIX2;GREM1;WNT9B;LIF;GDNF;PAX2"
"GOBP_METABOLIC_COMPOUND_SALVAGE",0.212403100775194,0.963299854715432,-0.41196214553618,-1.15696901732325,958,43,"CDA;QNG1;NMRK2;AMPD3;UPP2;MRI1;UPP1;PNP;NMNAT3"
"GOBP_MYELOID_DENDRITIC_CELL_ACTIVATION",0.211053412462908,0.963299854715432,0.483756727973086,1.19887926143948,1137,25,"UBD;ITGB6;TGFBR2;HAVCR2;TGFB1;BATF2;SPI1"
"GOBP_NEGATIVE_REGULATION_OF_AMIDE_METABOLIC_PROCESS",0.210311572700297,0.963299854715432,0.484106317304573,1.19974563781278,1133,25,"IGF1;SPHK1;APOE"
"GOBP_NEGATIVE_REGULATION_OF_ATP_DEPENDENT_ACTIVITY",0.213189312109153,0.963299854715432,0.56267904491838,1.22469716398792,1124,14,"SLN;TNNC1;TNNT2;TNNI3"
"GOBP_NEGATIVE_REGULATION_OF_TRIGLYCERIDE_METABOLIC_PROCESS",0.212620807276862,0.963299854715432,0.563145169014047,1.22571170480508,1121,14,"APOC3;APOE;CIDEC;PLIN1;SIK1"
"GOBP_NEGATIVE_REGULATION_OF_TUMOR_NECROSIS_FACTOR_SUPERFAMILY_CYTOKINE_PRODUCTION",0.213150684931507,0.963299854715432,0.406275787164924,1.15795547672921,1166,54,"TWIST1;BPI;IGF1;GHRL;TREM2;CIDEA;HAVCR2;ELF4;THBS1;TLR4"
"GOBP_NEUROINFLAMMATORY_RESPONSE",0.207608695652174,0.963299854715432,0.383803261525382,1.14953850693235,1145,74,"IL33;IGF1;TAFA3;CX3CR1;TYROBP;TREM2;LRRK2;CD200R1;IL1R1;AIF1;NR3C1;PTPRC;IL1RAP;SPHK1;PTGS2;CTSC;STAP1;JUN;MMP3;LYN;ITGB1;GRN;ZEB2"
"GOBP_PROSTAGLANDIN_SECRETION",0.206540447504303,0.963299854715432,0.580505916070844,1.23830174336553,1079,13,"PLA2G4A;TNFSF11;P2RX7;EDN1;PTGS2;TNFRSF11A"
"GOBP_SYNAPTIC_VESICLE_BUDDING",0.210988092751201,0.963299854715432,-0.576096155981502,-1.23231145751531,1009,12,"MX2;MX1;BTBD8;DNM3;AP3B2"
"GOBP_TERTIARY_ALCOHOL_METABOLIC_PROCESS",0.212909260991581,0.963299854715432,0.497349079764256,1.19678176715641,1137,22,"AKR1B10;BMP5;CYP21A2;BMP2;WNT4;SULT1C4;H6PD;CYP17A1"
"GOBP_ANTIGEN_PROCESSING_AND_PRESENTATION_ENDOGENOUS_LIPID_ANTIGEN_VIA_MHC_CLASS_IB",0.214455445544554,0.96626800180018,0.853388405585204,1.23851822834887,1082,2,"CD1E;CD1D"
"GOBP_NEGATIVE_REGULATION_OF_AXON_EXTENSION_INVOLVED_IN_AXON_GUIDANCE",0.216060080878105,0.97074019340701,0.630593068884133,1.24025103328779,1121,9,"WNT3A;WNT5A;SEMA3F;WNT3;SEMA5A"
"GOBP_ALDITOL_PHOSPHATE_METABOLIC_PROCESS",0.228113953004783,0.97414108856494,-0.617330565214894,-1.22879908068507,1096,9,"GPAT2;GPD1;GPD1L;GK"
"GOBP_AMINO_ACID_NEUROTRANSMITTER_REUPTAKE",0.226689118080404,0.97414108856494,-0.600833018225201,-1.22767076811163,1076,10,"KCNJ10;SLC6A13"
"GOBP_CYTOKINE_PRODUCTION_INVOLVED_IN_IMMUNE_RESPONSE",0.219039145907473,0.97414108856494,0.369495442176431,1.13660334753217,1230,87,"TLR3;CLEC7A;RAET1G;GATA3;HFE;IL1R1;LAPTM5;TRIL;FCER1G;CLC;TGFB1;TLR4;WNT5A;SMAD7;HLA-E;B2M;ANGPT1;TGFB2;SPON2;APOA1;CD226;IL18R1;BTLA;BCL6;CD36;TNFSF4;TRIM6;NOD2"
"GOBP_EPITHELIAL_CELL_DIFFERENTIATION_INVOLVED_IN_PROSTATE_GLAND_DEVELOPMENT",0.229099219196344,0.97414108856494,0.606014721201563,1.22210743102912,1202,10,"HOXB13;FOXA1;FGFR2"
"GOBP_GLYCEROL_METABOLIC_PROCESS",0.224348152316639,0.97414108856494,0.538419668229384,1.20924263868855,1195,16,"MOGAT2;PLA2G4A;FABP1;PCK2;TKFC;SCP2"
"GOBP_INHIBITORY_POSTSYNAPTIC_POTENTIAL",0.227077977720651,0.97414108856494,-0.48422814564791,-1.17770625124226,1059,21,"PNOC;DRD4;ADORA2A;INSYN2A;CHRNA2;UNC13B;ABAT;SYT1;RIMS2;GABRB3;RIMS1"
"GOBP_MACROPHAGE_CYTOKINE_PRODUCTION",0.224121735863235,0.97414108856494,0.546754683864647,1.20969854647548,1192,15,"LAPTM5;TGFB1;TLR4;WNT5A;TGFB2;SPON2;CD36"
"GOBP_MAINTENANCE_OF_PRESYNAPTIC_ACTIVE_ZONE_STRUCTURE",0.227957877348751,0.97414108856494,-0.638027035491514,-1.23240236387116,1103,8,"RIMS2;ERC2;RIMS1;RIMS3;RAB3A;BSN;ERC1"
"GOBP_MENAQUINONE_METABOLIC_PROCESS",0.227740763173834,0.97414108856494,-0.842834845516393,-1.21362363793476,1127,2,"CYP4F3"
"GOBP_NEGATIVE_REGULATION_OF_RESPIRATORY_BURST",0.219403563129357,0.97414108856494,0.732805446260593,1.25054163231196,1132,5,"SLAMF8;GRN;RPS19"
"GOBP_NEGATIVE_REGULATION_OF_RESPIRATORY_BURST_INVOLVED_IN_INFLAMMATORY_RESPONSE",0.225291828793774,0.97414108856494,0.76484004523038,1.24629813806244,1157,4,"SLAMF8;GRN;RPS19"
"GOBP_NEURON_INTRINSIC_APOPTOTIC_SIGNALING_PATHWAY_IN_RESPONSE_TO_OXIDATIVE_STRESS",0.22132834424696,0.97414108856494,0.494085860558397,1.1889294127303,1182,22,"WNT1;TREM2;MMP2;FZD1;PYCR1;FBXO7;MAP3K5"
"GOBP_ORGAN_OR_TISSUE_SPECIFIC_IMMUNE_RESPONSE",0.219130434782609,0.97414108856494,-0.430606190148179,-1.16638223143085,1007,35,"RORC;H2BC17;H2BC19P;GP2;LTF;RAB17;CD160;NOS2;H2BC7;ZBTB16;TREX1;H2BC15"
"GOBP_PIGMENT_METABOLIC_PROCESS",0.225759505184646,0.97414108856494,0.38107923217924,1.13457841612081,1240,71,"LCT;ASIP;TYRP1;TBX2;BLVRB;ABCC2;RPE65;WNT5A;OCA2;BDH2;RAB38;ZEB2;OPN3;SLC24A5"
"GOBP_POSITIVE_REGULATION_OF_DENDRITIC_SPINE_MAINTENANCE",0.222373540856031,0.97414108856494,0.767011924780461,1.24983719103991,1142,4,"APOE;NEDD9;ZNF804A"
"GOBP_POSITIVE_REGULATION_OF_HUMORAL_IMMUNE_RESPONSE_MEDIATED_BY_CIRCULATING_IMMUNOGLOBULIN",0.229377431906615,0.97414108856494,0.762659059427158,1.24274424654925,1178,4,"TREM2;PTPRC;HPX"
"GOBP_POSITIVE_REGULATION_OF_NEUROINFLAMMATORY_RESPONSE",0.226429527634347,0.97414108856494,0.571566261144111,1.21923218701064,1183,13,"IL33;TAFA3;TREM2;LRRK2;CTSC;STAP1"
"GOBP_POSITIVE_REGULATION_OF_TYPE_I_INTERFERON_MEDIATED_SIGNALING_PATHWAY",0.22211843825892,0.97414108856494,0.530918672902063,1.20896070477277,1188,17,"STING1;WNT5A;IKBKE;IRF3;RBM47;TRIM56;TRIM6"
"GOBP_STEROID_METABOLIC_PROCESS",0.225177304964539,0.97414108856494,0.30693234398188,1.08042880465725,1396,298,"SULT1E1;APOA4;CYP19A1;INHBA;SNAI2;IGFBP7;UGT2B7;SULT2B1;BMP5;DAB2;PDGFRA;DKKL1;SNAI1;DHRS9;HSD17B2;AKR1D1;CYP21A2;SPP1;ADM;NR3C1;DHH;UGT2B15;HSD17B6;ABCC2;EDNRB;SULT1A2;AGTR1;BMP2;ACADL;SDR9C7;AGT;GFI1;APOE;LDLRAP1;ACOX2;FAXDC2;CYP27B1;BMP6;HSD17B14;AKR1B15;APOA1;NR1H4;SCNN1B;LCAT;LIMA1;FABP1;CYP1A1;SULT1A3;NPC2;SDR42E2;SEC14L2;VLDLR;LHCGR;CYP27A1;SULT1A1"
"GOBP_TYPE_II_INTERFERON_PRODUCTION",0.229715489989463,0.97414108856494,0.353074904475958,1.11446268334079,1307,106,"IL33;TLR3;CLEC7A;INHBA;GATA3;EBI3;ZNF683;CD3E;NLRP6;PSMB8;HAVCR2;IL1R1;IL19;LAPTM5;PSMB9;TLR4;WNT5A;INHA;IL23A;BTN3A2;NR1H4;CD226;IL18R1"
"GOBP_ZYMOSTEROL_METABOLIC_PROCESS",0.229417989417989,0.97414108856494,-0.542408797971087,-1.19949692433683,1083,14,"HMGCS1;HSD17B7;MVD;HMGCR;MVK;LSS;SQLE;MSMO1;IDI1;FDFT1;NSDHL;LBR;FDPS"
"GOBP_MYELOID_LEUKOCYTE_CYTOKINE_PRODUCTION",0.231569173630455,0.976778482388036,0.460851909334505,1.16908999624886,1246,28,"LAPTM5;FCER1G;TGFB1;TLR4;WNT5A;TGFB2;SPON2;BCL6;CD36"
"GOBP_PROSTANOID_BIOSYNTHETIC_PROCESS",0.231026785714286,0.976778482388036,0.469946348172141,1.17573121544727,1241,26,"AVPR1A;PLA2G4A;EDN2;EDN1;PTGS2;PTGDS"
"GOBP_REGULATION_OF_MEMBRANE_LIPID_DISTRIBUTION",0.23303620156449,0.980359192788543,0.384411182602894,1.13221993298005,1280,67,"XKR9;P2RX7;ABCA4;ATP10B;PLSCR5;ABCB4;ATP10D;ANO9;SLC4A1;ATP10A;ABCB1;TLCD2;PLSCR1;KCNN4;SERINC2;ABCA12"
"GOBP_LYSINE_METABOLIC_PROCESS",0.234431536850124,0.982417384157404,0.603468427260359,1.21697249843052,1230,10,"CRYM;HYKK;ALDH7A1"
"GOBP_POSITIVE_REGULATION_OF_MACROPHAGE_CYTOKINE_PRODUCTION",0.235383736431156,0.982417384157404,0.602978420388857,1.2159843359025,1235,10,"LAPTM5;TLR4;WNT5A;SPON2;CD36"
"GOBP_RETROGRADE_AXONAL_TRANSPORT",0.235003225112879,0.982417384157404,-0.474240282961181,-1.17414085666262,1092,23,"RUFY4;NEFL;AGBL4;AGTPBP1;KIF5A;HAP1;TMEM108;DLG2;MAP1A;RUFY3;KIF1A;KIF1B;FBXW11"
"GOBP_L_ARGININE_IMPORT_ACROSS_PLASMA_MEMBRANE",0.237967914438503,0.985423269711397,-0.74746186408771,-1.23167825859159,1156,4,"SLC7A3;SLC7A1;SLC47A1"
"GOBP_NEUROTRANSMITTER_RECEPTOR_TRANSPORT",0.237790573683088,0.985423269711397,-0.495638257637138,-1.17817689474356,1114,19,"GRIP2;CPLX1;LRRC7;STX3;NETO1;GRIP1;GRIPAP1;NSG1;AKAP5;ARHGAP44;SACM1L;SLC1A1;AP3D1;HIP1;VPS35;RAB11A"
"GOBP_REGULATION_OF_OXIDATIVE_STRESS_INDUCED_INTRINSIC_APOPTOTIC_SIGNALING_PATHWAY",0.237721380317692,0.985423269711397,0.415000313228722,1.14118437791748,1301,42,"WNT1;TREM2;MMP2;CA3;GATA4;HSPB1;FZD1;P4HB;PYCR1"
"GOBP_AMINO_ACID_BETAINE_METABOLIC_PROCESS",0.249859313449634,0.98686483802395,0.510604283023591,1.17473109723582,1331,18,"BBOX1;BHMT;ACADL;DMGDH;ALDH9A1;CHDH;CPT1A;SHMT1"
"GOBP_ANTEROGRADE_DENDRITIC_TRANSPORT",0.253871912934282,0.98686483802395,-0.568209829303854,-1.18949217668603,1212,11,"RAB17;KIF5C;KIF5A;STAU2;KIF3B;FLOT2;KIFAP3;STAU1;KIFC2"
"GOBP_CDP_DIACYLGLYCEROL_METABOLIC_PROCESS",0.248465608465608,0.98686483802395,-0.534571430315892,-1.18216516564768,1173,14,"GPAT2"
"GOBP_DENDRITIC_SPINE_MAINTENANCE",0.243532058492688,0.98686483802395,0.492170517783118,1.17319868730581,1298,21,"TREM2;TANC1;APOE;NEDD9"
"GOBP_GLYCEROLIPID_CATABOLIC_PROCESS",0.247731397459165,0.98686483802395,0.38816436028312,1.12723656881642,1364,61,"ENPP6;APOA4;APOC3;LPL;PLA2G4A"
"GOBP_LIPID_TRANSLOCATION",0.251179673321234,0.98686483802395,0.387308717808642,1.12475176705265,1383,61,"XKR9;P2RX7;ABCA4;ATP10B;PLSCR5;ABCB4;ATP10D;ANO9;SLC4A1;ATP10A;ABCB1;PLSCR1;KCNN4;SERINC2;ABCA12"
"GOBP_MALATE_METABOLIC_PROCESS",0.246546672247802,0.98686483802395,-0.572391225214384,-1.19824552354259,1177,11,"LIPF"
"GOBP_MAST_CELL_CYTOKINE_PRODUCTION",0.252711076684741,0.98686483802395,0.717072910283652,1.22369386347863,1304,5,"FCER1G;BCL6;KIT"
"GOBP_MODIFIED_AMINO_ACID_METABOLIC_PROCESS",0.250553945798534,0.98686483802395,0.324445068323617,1.08875632511258,1469,180,"SULT1B1;GGT5;GGTLC3;BBOX1;GSTT4;CRYM;GATA3;CRYAA;GSTM1;CRYAB;FOXE1;DHFRP1;GSTA3;FOLR1;ABCC2;CPQ;PLOD2;BHMT;ACADL;SLC26A7;GSTA1;CKMT2;FABP1;DIO2;GCNT4;SULT1A3;SULT1A1;ALDH1L1;MBOAT1;PLOD1;ASS1;P4HB;PLSCR1;SERINC2;GSTK1;MGST2;CTSK"
"GOBP_MONOACYLGLYCEROL_METABOLIC_PROCESS",0.251673360107095,0.98686483802395,0.55929618725856,1.19305837299244,1315,13,"MOGAT2;PLA2G4A;DGAT2L6;FABP1"
"GOBP_NEGATIVE_REGULATION_OF_ACUTE_INFLAMMATORY_RESPONSE",0.249181590602734,0.98686483802395,0.613596876842462,1.20682290700194,1293,9,"NPY;NPY5R;SPN;GSTP1"
"GOBP_NEURON_PROJECTION_GUIDANCE",0.245536445536446,0.98686483802395,0.312072611057148,1.07811108037334,1498,241,"MYOT;MYPN;SEMA3G;KIAA1755;EDNRA;WNT3A;GATA3;CHL1;LMX1A;GDF7;LAMA2;CNTN6;FOXD1;FLRT2;POU4F3;SEMA3B;CXCL12;LGR6;ALKAL2;ATOH1;EDN1;EDN3;EPHA6;WNT5A;NRP2;NFIB;MATN2;POU4F2;LAMB2;TGFB2;BMP7;EPHA7;SLIT3;PLXNA4;NOTCH2;GBX1;SEMA3F;NEXN;EVX1;SEMA3A;CNTN5"
"GOBP_NICOTINATE_METABOLIC_PROCESS",0.253445635528331,0.98686483802395,0.581682718426688,1.19605031772708,1323,11,"CD38;NNMT;NMRK1"
"GOBP_PEPTIDE_METABOLIC_PROCESS",0.241970802919708,0.98686483802395,0.395102409806839,1.13225615336317,1325,56,"GGT5;CRYAA;CPZ;CPA4;MME;CPQ;CPM;AEBP1;BDH2;ERAP2;FURIN;MGST2;SPINK5;NAALADL1;PCSK5;TPP1;CTSH;NPEPPSP1;ECE1;DMD;ERAP1;KLK7"
"GOBP_POSITIVE_REGULATION_OF_ACUTE_INFLAMMATORY_RESPONSE",0.252678954136305,0.98686483802395,-0.481395537656249,-1.15614539155249,1178,20,"C2CD4A;CCR7;FCGR1A;ZP3;CREB3L3;C2CD4B;C3"
"GOBP_POSITIVE_REGULATION_OF_AMINE_METABOLIC_PROCESS",0.243463102847182,0.98686483802395,0.66113370961535,1.22350362912887,1256,7,"NPY;GPR37"
"GOBP_POSITIVE_REGULATION_OF_PYROPTOTIC_INFLAMMATORY_RESPONSE",0.240101423834601,0.98686483802395,0.688316490361756,1.22746537228947,1230,6,"GBP3;GBP1"
"GOBP_POSITIVE_REGULATION_OF_TUMOR_NECROSIS_FACTOR_MEDIATED_SIGNALING_PATHWAY",0.246731097214326,0.98686483802395,0.547876252836729,1.19247819716265,1301,14,"CASP4;LAPTM5;RIPK1;HSPA1A;TRIM32"
"GOBP_PRESYNAPTIC_ENDOCYTOSIS",0.250444839857651,0.98686483802395,-0.35778237660275,-1.10579460057172,1125,77,"MX2;MX1;PACSIN1;RAB27B;SNCG;SH3GL2;SNCA;BTBD8;SNCB;SGIP1;BIN1;DNM3;OPHN1;STX1A;SLC17A7;STON2;AAK1;SYT7;AP2B1;NLGN1;AP3B2;VAMP2;DNAJC6;ITSN2;CALM3;NECAP1;AMPH;TBC1D24;MYLK;AP2A2;SYT11;CDK5;PPP3CC;SYNJ1;DNM1"
"GOBP_REGULATION_OF_ATP_DEPENDENT_ACTIVITY",0.24422686125993,0.98686483802395,0.441658140131576,1.15386826023309,1321,32,"SLN;TNNC1;TPM2;TNNT2;PLSCR1;ATP2A1;TNNI3"
"GOBP_REGULATION_OF_MESENCHYMAL_TO_EPITHELIAL_TRANSITION_INVOLVED_IN_METANEPHROS_MORPHOGENESIS",0.251210536509781,0.98686483802395,0.656918637516612,1.21570315558647,1296,7,"WNT9B;LIF;GDNF;PAX2;PAX8;CTNNB1;STAT1"
"GOBP_REGULATION_OF_POSTSYNAPTIC_MEMBRANE_ORGANIZATION",0.252711076684741,0.98686483802395,0.716992265208747,1.22355624165264,1304,5,"RAPSN;APOE"
"GOBP_SERINE_TRANSPORT",0.244476564113153,0.98686483802395,-0.630058585928157,-1.21701063980307,1183,8,"SLC7A10;SFXN3;SFXN1;SLC1A4;SFXN2;SLC38A5"
"GOBP_TRANS_SYNAPTIC_SIGNALING_BY_LIPID",0.239360677835548,0.98686483802395,0.61816814741344,1.21581368620464,1242,9,"CNR2;DAGLA;PLCB1"
"GOBP_TYPE_III_INTERFERON_PRODUCTION",0.245525291828794,0.98686483802395,0.75550745644936,1.23109079099214,1261,4,"TLR3;RIGI"
"GOBP_HISTAMINE_METABOLIC_PROCESS",0.254863813229572,0.98805739948286,0.751206602485167,1.22408259846733,1309,4,"SLC22A3;HNMT;HDC"
"GOBP_REGULATION_OF_CHRONIC_INFLAMMATORY_RESPONSE",0.255424674519529,0.98805739948286,-0.649405266499034,-1.21110614484478,1235,7,"IDO1;CCL5"
"GOBP_NEUROMUSCULAR_PROCESS",0.257430816535702,0.993394829746043,0.323482342002007,1.08458694128065,1506,178,"CHRNG;EDNRA;ALDH1A3;SLITRK6;RCSD1;PVALEF;TNNC1;HOXC10;FOXS1;PENK;POU4F3;CLRN1;STRA6;TNNI1;ACTN3;SCN1A;CA3;POU4F2;KCNJ2;COMP;SLC6A3;HMX3;MYH14;GRID2;GBX1;CHRNA1;ADARB1;POU4F1;HEXB;DRD3;ATP2A1;ITPR1;PCDH15;TTN;TNNI3;HOXA1;TPP1"
"GOBP_NEURON_NEURON_SYNAPTIC_TRANSMISSION",0.259721355791225,0.998911513708784,-0.600351556217071,-1.19500229202257,1248,9,"PNOC;DLGAP2;TMOD2;KIF1B;OPRL1"
"GOBP_PROTEIN_PROCESSING_INVOLVED_IN_PROTEIN_TARGETING_TO_MITOCHONDRION",0.26012008522177,0.998911513708784,0.652044857157807,1.20668366698704,1342,7,"LRRK2;IMMP2L;MIPEP;IMMP1L;PMPCB"
"GOBP_10_FORMYLTETRAHYDROFOLATE_METABOLIC_PROCESS",0.940901111761264,1,0.312007452433174,0.556398617671785,4823,6,"ALDH1L1;ALDH1L2;MTHFD1L;MTHFD1;AASDHPPT"
"GOBP_2_OXOGLUTARATE_METABOLIC_PROCESS",0.793934179393418,1,-0.335586130458665,-0.774039314938013,3690,17,"GOT1;IDH1;KGD4;OGDHL;GOT2;DLD;GPT2;DLST;AADAT;ADHFE1;OGDH"
"GOBP_2FE_2S_CLUSTER_ASSEMBLY",0.54416073670992,1,-0.447508537468416,-0.936815726984255,2599,11,"FXN;BOLA2B"
"GOBP_4FE_4S_CLUSTER_ASSEMBLY",0.439644481190575,1,-0.612645791991165,-1.05843060476456,2126,5,"FXN"
"GOBP_5_PHOSPHORIBOSE_1_DIPHOSPHATE_METABOLIC_PROCESS",0.823118058412176,1,-0.433256706351522,-0.713926544270559,4001,4,"PRPS1;PRPS2"
"GOBP_ACETYL_COA_METABOLIC_PROCESS",0.996713529304364,1,0.205467472780405,0.565002634053328,5458,42,"ACOT12;PDK4;NUDT7"
"GOBP_ACETYLCHOLINE_METABOLIC_PROCESS",0.96574358974359,1,-0.275928099821916,-0.497134661396234,4707,6,"SLC44A4;SLC5A7;CHAT"
"GOBP_ACROSOME_ASSEMBLY",0.941953649555989,1,-0.261808171935737,-0.678951660153016,4348,28,"PLA2G3;CHN2;MYCBPAP;GARIN1B;CCDC136;ACRBP"
"GOBP_ACROSOME_REACTION",0.679739978331528,1,-0.327652742235541,-0.866271314818042,3136,31,"ACR;ZP4;ZP3"
"GOBP_ACTIN_CROSSLINK_FORMATION",0.687511843850673,1,0.386331631095216,0.840868799423252,3627,14,"AIF1;GAS2L1;EPS8;FLNA;GAS2;BAIAP2L1"
"GOBP_ACTIVATION_OF_IMMUNE_RESPONSE",0.544783010156971,1,0.266001412322403,0.97666610187631,3539,522,"CFI;STING1;CD38;FCMR;TLR3;RGCC;SH2D1A;CLEC7A;CFH;TLR10;LRRC19;BANK1;MBL2;TYROBP;GATA3;BLK;CD80;FPR1;ZNF683;CD8B;TREM2;CD3E;LCP2;IFI35;NFATC2;FYB1;NLRP6;P2RX7;CD72;CFHR5;CD79B;HAVCR2;RAB7B;RNF135;BIRC3;LAPTM5;TRAC;PTPRC;TRIL;FCER1G;TEC;FYB2;MEF2C;CD5;TLR4;NLRC4;SYK;TESPA1;ENPP3;NFKBIZ;OAS1;ALPK1;BTN1A1;GFI1;TLR2;COLEC10;GBP1;KCNK13;ITPRIPL1;STAP1;BLNK;TRIM5;DDX60;C1S;NOD1;BTN3A2;LGALS3;C3AR1;CYBA;CMKLR1;IFI16;NR1H4;CD226;CD4;GCSAML;BTN2A3P;IKBKE"
"GOBP_ACTIVATION_OF_INNATE_IMMUNE_RESPONSE",0.97636775655552,1,0.232249300140283,0.816434503739208,6031,294,"STING1;TLR3;CLEC7A;TLR10;LRRC19;MBL2;TYROBP;TREM2;IFI35;NLRP6;P2RX7;HAVCR2;RAB7B;RNF135;BIRC3;TRIL;TLR4;NLRC4;SYK;ENPP3;NFKBIZ;OAS1;ALPK1;GFI1;TLR2;COLEC10;KCNK13;TRIM5;DDX60;NOD1;CYBA;IFI16;NR1H4"
"GOBP_ACTIVATION_OF_STORE_OPERATED_CALCIUM_CHANNEL_ACTIVITY",0.967548573790823,1,-0.287466187718937,-0.496637722635506,4680,5,"CRACR2A"
"GOBP_ACUTE_INFLAMMATORY_RESPONSE_TO_ANTIGENIC_STIMULUS",0.421042795739114,1,0.421790659170533,1.02580078557279,2252,23,"NPY;GATA3;PLA2G2D;NLRP6;CD6;IL31RA;FCER1G;FCGR2A;HLA-E;NPY5R;NPFF;EXT1;SPN"
"GOBP_ACYL_COA_METABOLIC_PROCESS",0.541607648725212,1,0.3052607741206,0.958726034541877,3058,103,"ACOT12;ACSM2B;ACOT6;ACSM1;ACSL5;ACSM3;ELOVL3;PDK4;NUDT7;ACSF2;ACOT11;ACSBG1"
"GOBP_ADAPTIVE_IMMUNE_MEMORY_RESPONSE",0.365333333333333,1,-0.618247310929367,-1.1138849858944,1780,6,"CD160;CD70;TNFRSF14;CD27"
"GOBP_ADENOSINE_METABOLIC_PROCESS",0.725385640830318,1,0.399944436697375,0.806539925494728,3808,10,"NT5E;ACP3;ADA"
"GOBP_ADENYLATE_CYCLASE_INHIBITING_G_PROTEIN_COUPLED_GLUTAMATE_RECEPTOR_SIGNALING_PATHWAY",0.830941983780412,1,-0.36334075615517,-0.723231299884646,3995,9,"GRM3;GRM7;GRM1"
"GOBP_AIM2_INFLAMMASOME_COMPLEX_ASSEMBLY",0.468375361719719,1,-0.598127514817863,-1.03334826666715,2265,5,"PYDC5"
"GOBP_ALANINE_METABOLIC_PROCESS",0.324051654560129,1,-0.750934556790658,-1.16343900708563,1605,3,"DAO"
"GOBP_ALKALOID_METABOLIC_PROCESS",0.338906631598723,1,0.495220991799456,1.09567989382283,1803,15,"CD38;BCHE;NNMT;NMRK1"
"GOBP_ALLANTOIN_METABOLIC_PROCESS",0.747046290916134,1,0.423768418640689,0.7842319799708,3856,7,"URAD;DNPH1"
"GOBP_ALPHA_AMINO_ACID_METABOLIC_PROCESS",0.989715964740451,1,-0.223857791332233,-0.779242095714916,4041,196,"IDO1;KYNU;GLYAT;PAH;UROC1;DCT;TDO2;MAT1A;IL4I1;ACMSD;DAO;NOS2;ENSG00000274276;TPH1;MTTP;NOS1;ABCC4;GLS2;HAL;RIMKLA;TH;UCP2;FTCD;MRI1;ARG2;GAD2;SMS;NDP;ASPA;ASRGL1;AGMAT;CBS;BAAT;GLDC;GOT1;SLC25A21;ALDH6A1;HNF4A;ATCAY;QDPR;PRODH;NAT8L;SLC7A11;AASS;MTHFD2L;HGD;ASL;DDAH1;RIDA;MECP2;AZIN2;CTH"
"GOBP_ALPHA_LINOLENIC_ACID_METABOLIC_PROCESS",0.600457055798895,1,0.446752817895079,0.900935108474335,3152,10,"ELOVL3;ELOVL1;ABCD1;SCP2"
"GOBP_AMIDE_METABOLIC_PROCESS",0.278247261345853,1,0.288947633579725,1.05040902321505,1777,450,"SLC16A12;IGF1;ABCA8;GGT5;LCT;GGTLC3;MEP1A;ACOT12;ACSM2B;GSTT4;URAD;ACOT6;CRYAA;GSTM1;CRYAB;TREM2;SLC25A2;ACSM1;DHFRP1;CORIN;GSTA3;P2RX7;CERS3;BACE2;ACSL5;ACSM3;SGMS2;FOLR1;SPHK1;MME;ABCC2;SPTLC3;ELOVL3;PLAAT2;GSTA1;APOE;LRP4;PDK4;APOA1;NR1H4;NUDT7;ACSF2;ACOT11;CCN1;FABP1;NPL;PCSK6;BCHE;FUT6;P2RX1;ACSBG1;PLPP3;CD36;ASS1;HEXB;CPS1;GLB1;P4HB;UGT8;CTSZ;ACE2;ST6GALNAC3;ABCA12;GSTK1;ELOVL1;FURIN;MGST2;ABCD1"
"GOBP_AMINE_METABOLIC_PROCESS",0.499822190611664,1,0.316021061376038,0.979208433571308,2810,92,"NPY;SULT1B1;EDNRA;GATA3;EPAS1;HAND2;NR4A2;SULT1C2;MOXD1;SULT1A2;SLC22A3;INMT;GPR37;TGFB2;SLC6A3;CYP1A1;SULT1A3;SULT1A1;DRD1;DRD3;HNMT"
"GOBP_AMINO_ACID_IMPORT_ACROSS_PLASMA_MEMBRANE",0.347932414406403,1,-0.363945442897901,-1.05459664727863,1564,52,"SLC6A14;KCNJ10;SLC6A13;RGS4;SLC6A7;SLC7A3;RGS2;SLC7A10;GFAP;SLC1A6;SLC7A7;SLC6A6;SLC38A1;SLC16A2;SLC7A11;GRM1;SLC7A1;SLC47A1"
"GOBP_AMINO_ACID_METABOLIC_PROCESS",1,1,-0.201026346874092,-0.723075696388551,3847,275,"IDO1;DIO1;KYNU;GLYAT;PAH;UROC1;TPH2;DCT;TDO2;MAT1A;IL4I1;ACMSD;DAO;UPB1;NOS2;ENSG00000274276;TPH1;MTTP;NOS1;ABCC4;GLS2;HAL;RIMKLA;TH;UCP2;FTCD;MRI1;ARG2;GAD2;SMS;ABAT;NDP;ASPA;ASRGL1;AGMAT;SLC25A44;CBS;BAAT;GLDC;GOT1;SLC38A1;HPDL;SLC25A21;BCAT1;ALDH6A1;HNF4A;SLC16A2;ATCAY;PTS;QDPR;PRODH;NAT8L;SLC7A11;AASS"
"GOBP_AMINO_SUGAR_METABOLIC_PROCESS",0.714002642007926,1,-0.307823055652961,-0.854800934469749,3242,40,"CHIA;B4GALNT2;CHST4"
"GOBP_AMINOGLYCAN_METABOLIC_PROCESS",0.379843551027833,1,0.349707222649185,1.04117525510469,2087,71,"LYVE1;FOXC1;TNFAIP6;CEMIP;ITIH5;STAB2;ITIH3;TGFB1;PDGFB;GALNT5;B3GNT9;HAS2;HAS1;CHIT1;CTBS;HEXB;HYAL2;EXT1;TGDS;SGSH;HEXA;HS3ST2;B3GAT3;GNS;NAGLU;XYLT2"
"GOBP_AMINOPHOSPHOLIPID_TRANSLOCATION",0.319487497416822,1,-0.618036288509148,-1.15260467594561,1545,7,"ATP11C;ATP8A2;TMEM30B;ATP8A1;ATP8B1;ATP11A"
"GOBP_AMINOPHOSPHOLIPID_TRANSPORT",0.475358702432938,1,-0.50113610776941,-0.997513525530338,2285,9,"ATP11C;ATP8A2;TMEM30B;ATP8A1;ATP8B1;ATP11A"
"GOBP_AMP_METABOLIC_PROCESS",0.997942001870907,1,0.191259515721868,0.460231878421476,5333,22,"NT5E;ADA;ADSS2;ADSS1;NUDT2;AK2;APRT"
"GOBP_AMPA_GLUTAMATE_RECEPTOR_CLUSTERING",0.500940045957802,1,-0.451466249935566,-0.965719050024233,2397,12,"CHRDL1;SHISA7;SHANK3;ZDHHC2;SLC7A11;DLG4;NLGN1;FRRS1L;SHISA6"
"GOBP_AMPA_SELECTIVE_GLUTAMATE_RECEPTOR_SIGNALING_PATHWAY",0.956041828040279,1,0.297514363543928,0.507711971466668,4936,5,"MEF2C"
"GOBP_AMYLOID_PRECURSOR_PROTEIN_METABOLIC_PROCESS",0.413154069767442,1,0.342476475479079,1.02342418054093,2273,73,"IGF1;ITM2A;BACE2;APOE;LDLRAP1;APOA1;ITM2C;LYN;ADAM9;ADAM19;NAGLU;NECAB1;ITM2B;APH1A;SLC2A13;PSENEN;TMED10;NCSTN"
"GOBP_ANTERIOR_POSTERIOR_AXON_GUIDANCE",0.678859268443893,1,-0.451601390363337,-0.842212478254207,3284,7,"DCC;LHX1;NTN1;UNC5A"
"GOBP_ANTEROGRADE_AXONAL_TRANSPORT",0.289810322011469,1,-0.385442183430329,-1.09513362845352,1313,46,"KIF21A;NEFL;RAB27B;BORCS5;MAP2;AGBL4;AGTPBP1;KIF5C;KIF5A;HAP1;DLG2;MAP1A;TRIM46;NETO1;AP3B2;KIF1A;SPAST;RAB21;KIF1B;KIF4A;FEZ1;KIF3A;KIF3B;ARL8A"
"GOBP_ANTEROGRADE_DENDRITIC_TRANSPORT_OF_NEUROTRANSMITTER_RECEPTOR_COMPLEX",0.461045670593098,1,-0.546275211337469,-1.01877409894423,2230,7,"KIF5C;KIF5A;KIF3B;KIFAP3;KIFC2;KIF17"
"GOBP_ANTEROGRADE_NEURONAL_DENSE_CORE_VESICLE_TRANSPORT",0.441504754030591,1,-0.611494071685677,-1.05644084814599,2135,5,"MAP2;TRIM46;KIF1A"
"GOBP_ANTIFUNGAL_INNATE_IMMUNE_RESPONSE",0.287440076701822,1,0.554442850649521,1.16263526838752,1498,12,"CLEC7A;CX3CR1;RARRES2;SPI1"
"GOBP_ANTIGEN_PROCESSING_AND_PRESENTATION_OF_LIPID_ANTIGEN_VIA_MHC_CLASS_IB",0.29705654531371,1,0.695364854116962,1.18664879492525,1533,5,"CD1E;CD1D;AP3B1"
"GOBP_ANTIVIRAL_INNATE_IMMUNE_RESPONSE",0.97513160283173,1,0.235627068455133,0.69943385744392,5371,70,"STING1;MBL2;NLRP6;RNF135;OAS1;APOBEC3F"
"GOBP_APOPTOTIC_MITOCHONDRIAL_CHANGES",0.991218826835265,1,0.221616010339674,0.699519479927382,5643,106,"IGF1;LRRK2;GPER1;HGF;IER3;PLAUR;BMF;ERBB4;BCL2L11;SMAD3;TMEM102;EYA2;BAX;LMNA;ATP2A1;CASP6;BOK"
"GOBP_ARACHIDONATE_METABOLITE_PRODUCTION_INVOLVED_IN_INFLAMMATORY_RESPONSE",0.916700946112711,1,-0.35064384788247,-0.577795904641705,4456,4,"ALOX5"
"GOBP_ARGININE_METABOLIC_PROCESS",0.913416202314616,1,-0.287661023825116,-0.690862172599038,4261,20,"NOS2;NOS1;ARG2;AGMAT;ASL;DDAH1;AZIN2"
"GOBP_ASPARTATE_METABOLIC_PROCESS",0.82114296859762,1,0.39909690214712,0.711704040849182,4209,6,"SLC38A8;ASS1;ADSS2"
"GOBP_ASYMMETRIC_NEUROBLAST_DIVISION",0.992393212404915,1,0.235131531802668,0.419306841057184,5087,6,"TEAD3;DOCK7;ARHGEF2"
"GOBP_ATF6_MEDIATED_UNFOLDED_PROTEIN_RESPONSE",0.536850123785946,1,0.470299181477164,0.948419410258827,2818,10,"HSPA5;WFS1;MANF;XBP1;MBTPS1;ATF6B;ATF6;CREBZF"
"GOBP_ATP_BIOSYNTHETIC_PROCESS",0.927770859277709,1,0.252004585575558,0.787784265555236,5214,100,"TREM2;TGFB1;LIPA;ATPSCKMT;SDHC;MT-ATP6;NUDT2;ATP5PD;MT-ND4L;MT-ND4;SDHD;NDUFA10;UQCC3;NDUFV3;ATP5MC2;NDUFC1;NDUFB5;DNAJC30;NDUFA9;NDUFB6;NDUFB4;MT-ATP8;NDUFA8;TMSB4X;NDUFS4;NDUFV2;MT-ND3;VCP;FAM3A;NDUFB7;ATP5MG;MAP2K1;ATP5MC3;STOML2;VPS9D1;NDUFA11;NDUFC2;NDUFS3;NDUFS8;NDUFB9;BCL2L13"
"GOBP_ATP_EXPORT",0.633187772925764,1,-0.43832219527877,-0.872482169119429,3044,9,"CALHM1;SLC17A9;CALHM6"
"GOBP_ATP_METABOLIC_PROCESS",0.99071464102139,1,0.224819031574517,0.771492625333731,5974,226,"IGF1;MYH4;TREM2;P2RX7;IER3;NT5E;HKDC1;TGFB1;ABCC9;ENPP3;ACTN3;SLC4A1;ATP1A2;FABP1;ENO3"
"GOBP_ATP_SYNTHESIS_COUPLED_ELECTRON_TRANSPORT",0.803377777777778,1,0.273295429093112,0.850551897939851,4518,95,"MTCO2P12;UQCRFS1P1;CHCHD2;MT-CO2;CDK1;COQ9;SDHC;MT-CYB;NDUFA4L2;MT-ND4L;MT-ND4;PARK7;SDHD;COX4I1;NDUFA10;CCNB1;UQCC3;NDUFV3;NDUFC1;MT-CO3;DNAJC15;NDUFB5;NDUFA9;CYC1;NDUFB6;NDUFB4;NDUFA8;COX6A1;NDUFS4;NDUFV2;MT-ND3;NDUFB7;COX6B1;UQCR11;NDUFA11;NDUFC2;NDUFS3;NDUFS8;COX8A;NDUFB9;ISCU;COX7A1;MT-CO1;NDUFB10;COX7A2L;MT-ND2;COX7A2"
"GOBP_ATP_TRANSPORT",0.757256503977639,1,-0.327705926373926,-0.811345916722967,3521,23,"CALHM1;SLC17A9;CALHM6;SLC25A31"
"GOBP_AUTOPHAGY_OF_MITOCHONDRION",1,1,0.104649571280856,0.334574342113782,5703,117,"MAP1LC3C;CDKN2A;NOD2;SPATA18;WIPI1;CTSK;ATG4C;TOMM7;TSPO;WDR45;FBXO7;GBA1;ATG4B;MAP1LC3B2;PHB2;FUNDC2;ATG12;PARK7;DELE1;SQSTM1;FBXL4;AMBRA1;CDC37;ARFIP2;HAX1;ATG5;MUL1;STUB1;ATG9A;VCP;ATG7;FKBP8;PARL;ATG13;BCL2L13;EIF2AK1;HTRA2;OGT;NIPSNAP2;GSK3A;SKP1;CTTN;UBE2A;BECN1;ULK1;TIMM23;RBX1;SREBF1;MFN2;PINK1;ULK2;ARHGAP26;WIPI2;ATG2A;NIPSNAP1;TSC2;UBXN6;ATG4D;VDAC1;NIPSNAP3A;CLEC16A;WDR45B;TIGAR;EIF2S1;CUL1;BNIP3L;HTT;SNX7;GABARAPL2;ATG3;SLC25A5;ATG2B;GABARAP;RNF41;USP30;PRKN;MAP1LC3B;CSNK2A2;ATP13A2;ATG14;SLC25A46;RB1CC1;VPS13D;SPATA33;GABARAPL1;CAMKK2;LRBA;ABI2;PPTC7;MARK2;DNM1L;HDAC6;RETREG1;ULK3;FUNDC1;VPS13C;OPTN;NIPSNAP3B;CISD2;SREBF2;ATP5IF1;RIMOC1;BNIP3;ATG10;IRGM;SLC25A4;ADCY10;HUWE1;CERS1;MAP1LC3A;SNX30;USP36;FBXW7;ATG4A;HK2;ATG9B"
"GOBP_AUTOPHAGY_OF_PEROXISOME",0.783530294503845,1,0.347185334339852,0.779747350596834,4176,16,"WIPI1;PEX2;PIK3C3;WDR45;PJVK;SQSTM1"
"GOBP_AXO_DENDRITIC_PROTEIN_TRANSPORT",0.623622374714078,1,-0.441675318887547,-0.879156575734068,2998,9,"RAB27B;KIF5C;KIF5A;DLG2;MAP1A;NETO1"
"GOBP_AXON_CHOICE_POINT_RECOGNITION",0.381483777640008,1,-0.586090019357511,-1.09302658985618,1845,7,"FOXG1;GAP43;ROBO2;ROBO3"
"GOBP_AXON_ENSHEATHMENT_IN_CENTRAL_NERVOUS_SYSTEM",0.503059521602077,1,0.39401612712199,0.969633386282254,2712,24,"SOX10;CFH;MAG;PLP1"
"GOBP_AXON_MIDLINE_CHOICE_POINT_RECOGNITION",0.377015295576685,1,-0.647284761213224,-1.11827422994146,1823,5,"FOXG1"
"GOBP_AXONAL_FASCICULATION",0.543754031391099,1,-0.377851061246014,-0.935497014239486,2528,23,"CRTAC1;FEZF2;EPHA4;EPHA3;NRCAM;NCAM2;CDK5R1;EPHB2"
"GOBP_AXONAL_TRANSPORT_OF_MITOCHONDRION",0.466197483471956,1,-0.416005565582971,-0.988882794865713,2185,19,"NEFL;AGBL4;SYBU;AGTPBP1;MAPT;UCHL1;ARMCX1;SPAST;FEZ1;OPA1"
"GOBP_AXONEMAL_CENTRAL_APPARATUS_ASSEMBLY",0.369221767115272,1,0.625682394201513,1.11577084624239,1892,6,"DNAJB13;SPAG17;CFAP91;SPEF1;HYDIN"
"GOBP_B_CELL_ACTIVATION_INVOLVED_IN_IMMUNE_RESPONSE",0.934900542495479,1,0.252579615807078,0.765581854482898,5169,80,"LGALS1;ITM2A;IFNA21;PTPRC;TGFB1;TNFSF13;TLR4;SPI1;NFKBIZ;STAT6;NOTCH2;SLC15A4;BCL6;TNFSF4"
"GOBP_B_CELL_PROLIFERATION_INVOLVED_IN_IMMUNE_RESPONSE",0.495452666391071,1,-0.586178057260027,-1.01270392085611,2396,5,"CD19"
"GOBP_BENZENE_CONTAINING_COMPOUND_METABOLIC_PROCESS",0.498500428449015,1,-0.396919482065295,-0.965360149899324,2326,21,"IDO1;KYNU;TDO2;CYP1B1"
"GOBP_BILE_ACID_METABOLIC_PROCESS",0.305469783855315,1,-0.38130934410501,-1.08339124134407,1384,46,"SULT2A1;CES1;NR5A2;AKR1C4;ABCB11;FGF19;FGFR4;STAR"
"GOBP_BRAIN_DERIVED_NEUROTROPHIC_FACTOR_RECEPTOR_SIGNALING_PATHWAY",0.974396035515177,1,-0.261441817421451,-0.504996647292159,4718,8,"CAPS2;BDNF;VPS13A"
"GOBP_BRANCHED_CHAIN_AMINO_ACID_METABOLIC_PROCESS",0.430214890384198,1,-0.393349229653943,-1.01101800364345,1981,27,"DAO;SLC25A44;BCAT1;ALDH6A1;PPM1K;MCCC1;DBT;ACAT1;MCRIP2;DLD"
"GOBP_CALCIUM_ACTIVATED_PHOSPHATIDYLCHOLINE_SCRAMBLING",0.937990905332782,1,-0.318607397528514,-0.550438483144648,4537,5,"PLSCR4"
"GOBP_CALCIUM_ACTIVATED_PHOSPHOLIPID_SCRAMBLING",0.803265137425088,1,-0.3950259608162,-0.736702323183926,3886,7,"PLSCR4;SYT1;ANO7"
"GOBP_CALCIUM_DEPENDENT_CELL_CELL_ADHESION",0.626737381126555,1,0.325506911468495,0.905703767883757,3426,46,"SELL;CDH19;PCDHGB4;CDH11;CDH9;CDH6;CDH15;CDH5"
"GOBP_CALCIUM_IMPORT_INTO_THE_MITOCHONDRION",0.905801755512738,1,-0.299889831651012,-0.682715603976193,4230,16,"UCP2;SLC25A23;MICU3;HSPA9;MCUB;AFG3L2;MCUR1;SMDT1;MCU"
"GOBP_CALCIUM_ION_EXPORT_ACROSS_PLASMA_MEMBRANE",0.984084372003835,1,0.2419738106618,0.507405381766511,5131,12,"SLC24A4;SLC35G1;ATP2B3"
"GOBP_CALCIUM_ION_HOMEOSTASIS",0.99143641945387,1,0.223921118979161,0.78748585089812,6135,296,"NPY;EDNRA;CEMIP;TRPV4;FATE1;METTL21C;TNFSF11;GPER1;PTH1R;P2RX7;ITGB3;EDN2;NT5E;SLC24A4;CAPN3;CXCL12;PTPRC;PKHD1;EDN1;SLC24A1;TGFB1;NGF;TGM2;EDN3;CLIC2;WNT5A;NTSR1;CAV1;APOE;ITPR3;CYP27B1;CACNA1S;CYBA;CASQ2;ANXA6;CDH5;JPH2;ATP1A2;KEL;SV2B;P2RX1;ATP13A4;STC2;LYN;CARTPT;FLNA;GRIK2;DRD1;HEXB;F2;BAX;CAV2;SLC35G1;ITPR2;CCDC3;DRD3;SLC24A5;TRPC6;ATP2A1;ITPR1;TPT1;BOK;CALCB;TMEM38B;TNNI3"
"GOBP_CALCIUM_ION_IMPORT",0.911876537687318,1,-0.254393171392208,-0.789621392939739,4076,79,"FCRL3;EPPIN;CACNA1F;TRPM1;TRPV5;MS4A1;TRPM2;GCG;CACNB2"
"GOBP_CALCIUM_ION_IMPORT_ACROSS_PLASMA_MEMBRANE",0.593086851892365,1,-0.332581817194134,-0.916385831249529,2710,38,"CACNA1F;TRPM1;TRPV5;MS4A1;TRPM2"
"GOBP_CALCIUM_ION_TRANSMEMBRANE_IMPORT_INTO_CYTOSOL",0.54269313561349,1,-0.281150100938231,-0.964705729981842,2268,169,"LCK;NPSR1;CCR7;CXCL11;CD19;CACNA1F;HTR2C;FASLG;BDKRB1;TRPM1;TRPV5;MS4A1;TRPA1;CXCL10;TRPM2;RYR1;F2RL3;GRIN2B;PLCG2;NOS1;PLCH1;GRIN1;NOL3;P2RY6;P2RX2;JPH4;GP5;SNCA;RYR3;UBASH3B;FGF2;NALF2;PLCL1;HTR2A;P2RX5"
"GOBP_CALCIUM_ION_TRANSMEMBRANE_TRANSPORT",0.997110585763068,1,-0.216909881682145,-0.78880751489037,3795,304,"LCK;NPSR1;CCR7;CXCL11;CD19;PKD1L3;CACNA1F;CALHM1;HTR2C;FASLG;BDKRB1;TRPM1;TRPV5;MS4A1;TRPM5;TRPA1;TRPC7;CXCL10;TRPM2;RYR1;ATP2A3;CACNA2D3;F2RL3;GRIN2B;CACNB2;PLCG2;NOS1;PLCH1;GRIN1;UCP2;NOL3;CATSPER4;RGS9;P2RY6;P2RX2;CNGB1;CATSPER2;JPH4;GP5;ATP2B2;SNCA;RYR3;UBASH3B;FGF2;NALF2;PLCL1;CNGA4;TRPM6;HTR2A;CBARP;P2RX5;CACNB1;ATP2C2;GPM6A;PDE4B;JPH1;PLCH2;CACNG8;BIN1;CACNG2;GRIN2C;NOS1AP;JPH3;TRPV2;PKD1L1;SLC25A23;CHRNA7;CACNA2D4;CACNG7;ADCYAP1R1;GP1BB;CRHR1"
"GOBP_CALCIUM_ION_TRANSMEMBRANE_TRANSPORT_VIA_HIGH_VOLTAGE_GATED_CALCIUM_CHANNEL",0.527724256047955,1,-0.405074021637368,-0.947316021971691,2464,18,"CACNB2;NOS1;CACNB1;PDE4B;BIN1;NOS1AP;PDE4D"
"GOBP_CALCIUM_ION_TRANSPORT",0.876358695652174,1,-0.242370141367523,-0.901269628591706,3224,388,"FCRL3;BSPRY;LCK;CCL5;NPSR1;CCR7;CXCL11;EPPIN;CD19;PKD1L3;CACNA1F;CALHM1;HTR2C;FASLG;BDKRB1;TRPM1;HCRT;TRPV5;MS4A1;TRPM5;TRPA1;TRPC7;FFAR1;CXCL10;TRPM2;RCVRN;RGS4;RYR1;ATP2A3;CACNA2D3;F2RL3;GRIN2B;GCG;CACNB2;PLCG2;NOS1;ADORA2A;GRAMD2A;MYB;PLCH1;GRIN1;ANKRD22;UCP2;NOL3;CAMK2A;WNK3;CATSPER4;RGS9;P2RY6;P2RX2;CNGB1;CATSPER2;CRACR2A;JPH4;GP5;ATP2B2;SNCA;RYR3;UBASH3B;FGF2;NALF2;CASK;PLCL1;CNGA4;TRPM6;HTR2A;CBARP;P2RX5;CACNB1;ATP2C2;EPB41;GPM6A;PDE4B;GCK;JPH1;PLCH2;CACNG8;BIN1;CACNG2;GRIN2C;NOS1AP;JPH3;TRPV2;PKD1L1;SLC25A23;CHRNA7;CACNA2D4;CACNG7;CAMK2B;EGF;ADCYAP1R1;ISL1;GP1BB;CRHR1"
"GOBP_CALCIUM_ION_TRANSPORT_INTO_CYTOSOL",0.990244959895946,1,-0.222026355555471,-0.582964694117647,4567,30,"TRPV5;NOS1;GRIN1;P2RX2;JPH4;P2RX5;JPH1;JPH3;ADCYAP1R1;P2RX3;TRPC3"
"GOBP_CAMP_METABOLIC_PROCESS",0.670125378296584,1,-0.338368460013025,-0.861651981657795,3099,26,"PTH;PTHLH;PDE4C;ADCY8;PDE4A;PDE4B;ADCYAP1R1;ADCY2;PDE4D;ADCY10;PDE7A;ADCY7;CACNB4;ADCY9;PDE10A"
"GOBP_CARBOHYDRATE_DERIVATIVE_METABOLIC_PROCESS",1,1,0.20253826777027,0.769602706034624,6896,959,"SULT1E1;IL33;IGF1;SULT1B1;LYVE1;LCT;FOXC1;EDNRA;CYTL1;AKR1B10;MYH4;GCNT3;SULT2B1;TNFAIP6;CEMIP;GUCY2F;SULF1;ITM2A;TREM2;ITIH5;STAB2;LRRK2;P2RX7;ALDH1A1;ADAMTS4;IER3;FOXL1;BACE2;NT5E;SLC2A10;COL11A1;ITIH3;GATA1;ACP3;CHSY3;HKDC1;TGFB1;DSE;EDNRB;GALNT4;PDGFB;GALNT5;SULT1A2;PLOD2;ABCC9;ADAMTS12;GXYLT2;B3GNT9;ST6GALNAC2;BMP2;ENPP3;PAPSS2;ABHD14B;ACTN3;NTSR1;PDE7B;POGLUT3;PTX3;HAS2;ANGPT1;CHST2;SUMF1;PHLDA1;CHST14;CHST3;NUDT4;SLC4A1;CHST7;NPPB;COL2A1;NUDT4B;ATP1A2;FABP1;NPL;ENO3;UAP1L1;EPHA2;GPAT3;GCNT4;PCSK6;SULT1A3;DPYD;ITM2C;FUT6;HAS1;B4GALT1;CHIT1;SULT1A1;MAGT1;CHST13;GXYLT1;CARTPT;CTBS;GALNT10;SULT1C4;PLOD1;PDE8A;HEXB;ADAMTS7;PDE5A;OSTC;GALNT18;ST8SIA5;BAX;GLB1;ENO4;MEST;NUDT1;UGT8;H6PD;ST3GAL6;ST6GALNAC3;HYAL2;POFUT1;NMNAT1;EXT1;LIPA;RXYLT1;NDST4;A4GNT;TYMS;POGLUT2;NPPA;EDEM2;HS3ST5;FUOM;CTSL;ALG12;GMDS;PLOD3;CHPF;GLCE;BTK;TK1;TGDS;CHPF2;SGSH;GFPT2;DNPH1;ADA;AKR7A2;SLC2A4;GALNT2;GANAB;NT5C;SLC35B2;FUT10;SLC4A4;HEXA;ABCC6;TMEM165;NME4;GUCY1B1;MGAT1;GANC;HS3ST2;MYH7;SULT1A4;B3GAT3;LMF1;XXYLT1;SLC35A1;VEGFB;ENTPD5;RPIA;DPAGT1;ADCY6;GNS;AMDHD2;ATPSCKMT;DDOST;C1GALT1;FBXO17;PIGO;ST3GAL1;MOGS;TSPO;DDIT4;BPNT1;HSPA1A;TKFC;NAGLU;PRKCSH;GM2A;NECAB1;ITM2B;XYLT2;CHSY1;ADCY4;STT3A;ADSS2;GBA1;KIT;GALM;PGAP3;MAN2A1;POMT2;DCTD;SLC25A10;GALNT17;NDST3;CRYL1;KDSR;OVGP1;CERS2;SMUG1;TMEM59;NUPR1;GALNT12;ADSS1;FIGNL1;PGLS;FLCN;EXTL1;TK2;GUCY1A1;DAD1;EXT2;CST3;EXTL2;GALK1;GCNT1;ADPGK;COLGALT1;AK9;UXS1;MGAT2;GMPPB;MAN2B2;CHST12;OST4;HYAL1;MPPE1;PIGH;RRM2;SDHC;MT-ATP6;NUDT9;LARGE1;PRPSAP1;PIGK;EIF6;NCSTN;MAN1B1;DPM2;POFUT2;SLC35A4;RAB23;ST3GAL5;B3GLCT;ERH;SIRT6"
"GOBP_CARBOHYDRATE_METABOLIC_PROCESS",0.999846907532149,1,0.202857715029169,0.746164235551481,6530,534,"IGF1;LCT;ABO;MOGAT2;TFAP2B;GHRL;GCGR;GCNT3;IGF2;PLEK;PLA2G4A;AMY1C;GPER1;PTH1R;P2RX7;FBN1;IER3;RUBCNL;NR3C1;HKDC1;TGFB1;SLC23A1;PDGFB;IGFBP3;IGFBP4;OAS1;ACTN3;FBN2;NTSR1;PPP1R3G;AKR1E2;PDK4;HAS2;LCTL;PGM5;CHST2;SLC2A5;APOD;HSD17B14;FOXO1;CHST14;CHST3;SLC4A1;CHST7;ATP1A2;FABP1;NPL;ENO3;GCNT4;FUT6;HAS1;PGGHG;B4GALT1;CHIT1;LHCGR;CHST13;CARTPT;CTBS;SIK1;SLC2A1;IRS1;STBD1;HEXB;GLB1L;ST8SIA5;GLB1;ENO4;H6PD;ST3GAL6;ST6GALNAC3;WIPI1;HYAL2;POFUT1;ATF3;PYGL;EXT1;LIPA"
"GOBP_CARDIOLIPIN_METABOLIC_PROCESS",0.97265251482119,1,0.259906559791886,0.554417684975242,5085,13,"SPATA18;PTPMT1;PHB2;PLA2G6;CRLS1;DNAJC19;HADHA;PGS1"
"GOBP_CARNITINE_METABOLIC_PROCESS",0.328785294675005,1,0.510017995135567,1.1100779349548,1734,14,"BBOX1;ACADL;ALDH9A1;CPT1A;SHMT1"
"GOBP_CATECHOL_CONTAINING_COMPOUND_METABOLIC_PROCESS",0.751691351252514,1,0.296812046456511,0.852035269111974,4110,57,"NPY;EDNRA;GATA3;EPAS1;HAND2;NR4A2;MOXD1;SULT1A2;GPR37;TGFB2;SLC6A3;SULT1A3;SULT1A1;DRD1"
"GOBP_CATECHOLAMINE_UPTAKE_INVOLVED_IN_SYNAPTIC_TRANSMISSION",0.528859060402685,1,0.454667636643517,0.953412293326344,2757,12,"SLC6A2;SLC6A3;DRD1;DRD3;GDNF"
"GOBP_CD4_POSITIVE_ALPHA_BETA_T_CELL_CYTOKINE_PRODUCTION",0.876404494382023,1,0.339247320838323,0.684136304364358,4601,10,"GATA3;IL1R1;IL18R1;ARID5A"
"GOBP_CELL_MORPHOGENESIS_INVOLVED_IN_NEURON_DIFFERENTIATION",0.657958320749018,1,0.257354359310716,0.953567621385132,4356,603,"MYOT;MYPN;ACTBL2;SEMA3G;S100B;KIAA1755;EDNRA;WNT3A;TNN;POTEF;GATA3;CHL1;SLITRK6;ITGA4;LMX1A;GDF7;FN1;LAMA2;MAG;LRRK2;CNTN6;FOXD1;EDN2;FLRT2;TPBG;TLX2;SPP1;POU4F3;SEMA3B;CXCL12;NR4A2;LGR6;CDH11;POTEI;CLRN1;ATOH1;EDN1;MEF2C;NGF;HES1;EDN3;NFATC4;EPHA6;CCK;WNT5A;DCDC2;ID2;PLXND1;PTN;APOE;COL25A1;NRP2;LRP4;NFIB;MATN2;POU4F2;TNFRSF12A;LAMB2;SDC2;TGFB2;BMP7;EPHA7;SLIT3;KEL;PLXNA4;VCL;NOTCH2;GBX1;SEMA3F;VLDLR;ADARB1;NTNG1;NEXN;SMAD3;FGFR2;POU4F1;EVX1;SEMA3A;CNTN5;ITGB1;ZEB2;LPAR3;METRN;GBX2;NOTCH3;PTK7;TSKU;GDNF;EXT1;CRABP2;PAX2;EFNA4;DOCK10;SLITRK2;CABP4;NEDD4;NHERF1;POTEE;WNT7B;CNP;CDKL3;SKOR2"
"GOBP_CELL_PROLIFERATION_INVOLVED_IN_METANEPHROS_DEVELOPMENT",0.318605979813369,1,0.559409578398497,1.12812210468115,1672,10,"WT1;OSR1;PDGFRB;BMP7;GPC3"
"GOBP_CELL_REDOX_HOMEOSTASIS",0.99981731823164,1,0.174904797830397,0.484347682690852,5472,44,"SLC2A10;HVCN1;NQO1;NOS3;PRDX6;TXNRD3;BOLA1;TXN2"
"GOBP_CELL_SURFACE_RECEPTOR_PROTEIN_TYROSINE_PHOSPHATASE_SIGNALING_PATHWAY",0.446058493124153,1,0.564174786152213,1.04407003951113,2302,7,"PTN;PTPRD;PTPRU"
"GOBP_CELLULAR_COMPONENT_DISASSEMBLY_INVOLVED_IN_EXECUTION_PHASE_OF_APOPTOSIS",0.653303637713437,1,0.343737959206506,0.879145802517334,3519,29,"FOXL2;GPER1;CIDEA;GATA5;BAX;BOK"
"GOBP_CELLULAR_DETOXIFICATION_OF_ALDEHYDE",0.266207687894435,1,0.552009011364946,1.17751378961532,1391,13,"AKR1B10;ALDH1A1;ADH4"
"GOBP_CELLULAR_HYPEROSMOTIC_RESPONSE",0.565804274465692,1,0.390073002454339,0.929826387192349,3017,21,"RCSD1;FXYD2;EPO;SLC2A1;AQP1;EFHD1"
"GOBP_CELLULAR_RESPONSE_TO_ATP",0.758705063052889,1,0.344438036448571,0.801229960777519,4030,19,"P2RY12;P2RX7;ABCC9;P2RY4;HSP90B1"
"GOBP_CELLULAR_RESPONSE_TO_BRAIN_DERIVED_NEUROTROPHIC_FACTOR_STIMULUS",0.271158244957372,1,-0.595543645283432,-1.18543212513279,1303,9,"GRIA1;SH3GL2;TMEM108;MAPT;WASF1;EEF2K"
"GOBP_CELLULAR_RESPONSE_TO_CALCIUM_ION",0.988211743772242,1,-0.224659585212497,-0.694353250860348,4442,77,"CHP2;TRPM2;RYR1;CPNE6;RASAL1;PLCG2;ADCY8;GUCA1A;CPNE9;RASGRP2;SCN5A;AKR1C3;RYR3;KCNQ3;SYT1;ITPKA;RASA4;CPNE5;SLC25A23;BRAF;CPNE7;CPNE1;CRHBP;TUBA1A;NLGN1;PRKAA2;PPIF;MICU3;KCNB1"
"GOBP_CELLULAR_RESPONSE_TO_INTERFERON_ALPHA",0.718082033506644,1,0.411429771329357,0.809200456198405,3728,9,"GATA3;OAS1;AXL"
"GOBP_CELLULAR_RESPONSE_TO_INTERFERON_BETA",0.602864583333333,1,0.362977585454546,0.908112339603209,3240,26,"STING1;IFITM2;OAS1;IFI16;TRIM6;IRF1"
"GOBP_CELLULAR_RESPONSE_TO_L_GLUTAMATE",0.509196114899773,1,-0.52691579040225,-0.982669812661367,2463,7,"GRIA1;BAIAP2;FYN;PRKN"
"GOBP_CELLULAR_RESPONSE_TO_NITROSATIVE_STRESS",0.911059098888239,1,0.340498647364188,0.607206575468334,4670,6,"PARK7;ATG5;ATM;DDIT3;DNAJA1;STOX1"
"GOBP_CELLULAR_RESPONSE_TO_OXIDATIVE_STRESS",0.419856068040563,1,0.29217907847964,1.01001848879203,2566,242,"APOA4;EDNRA;DDR2;PDGFRA;DHFRP1;SOD3;LRRK2;HGF;PLA2R1;FBLN5;PENK;AIF1;NR4A2;SPHK1;ALDH3B1;EDN1;CRYGD;MMP2;GATA5;GPX7;GPX8;CA3;NQO1;GPR37;FOXO1;BMP7;FABP1;PDGFD;TPM1;UCP1;MMP3;CD36;AQP1;PRR5L;TNFAIP3;VRK2;PEX2;NOS3;ABCD1;NPPA;PYCR1;CHCHD2;TMEM161A;BTK;RHOB;RIPK1;RPS3;PDK2;ZC3H12A;ZNF580;HSPA1A;NAGLU;FOXP1;PKD2;CDK1;MSRA;CCS"
"GOBP_CELLULAR_RESPONSE_TO_PROSTAGLANDIN_E_STIMULUS",0.846182704933408,1,0.32059454089197,0.737581703309836,4510,18,"IGFBP7;PTGER2;PTGER4;P2RY4;TNFSF4"
"GOBP_CELLULAR_RESPONSE_TO_PROSTAGLANDIN_STIMULUS",0.939637450943749,1,0.273004581958914,0.663950963705904,5027,23,"IGFBP7;PTGER2;PTGER4;P2RY4;TNFSF4"
"GOBP_CELLULAR_RESPONSE_TO_TYPE_II_INTERFERON",0.717739068610025,1,0.286605933104722,0.885483654406332,4037,90,"GBP4;GBP3;CCL2;PPARG;RAB7B;OTOP1;AIF1;EDN1;TLR4;RAB20;WNT5A;TLR2;GBP1;AQP4;PARP14;GSN;CLDN1;FLNB;CD58;ASS1;VIM;VAMP3;IRF1;ZYX"
"GOBP_CELLULAR_RESPONSE_TO_UNFOLDED_PROTEIN",0.999295154185022,1,0.19705139563078,0.62079251206796,5670,105,"CCND1;BHLHA15;BCL2L11;STC2;HSPB8;BAX;ATF3;BOK;EDEM2;CREB3L1;BAG3;PACRG;TBL2;TMBIM4;HSPA5;HSPA1A;WFS1;MANF;ERLEC1;XBP1;BBC3;NCK2;NCK1;CDK5RAP3;ERMP1;BAK1;RACK1;DERL2;MBTPS1;DNAJC10;PIGBOS1;AKT1;ATF6B;PTPN2;STUB1;DDRGK1;TMBIM6;UFL1;CREB3;VCP;HERPUD2;TMED2;RPAP2;COPS5"
"GOBP_CENTRAL_NERVOUS_SYSTEM_NEURON_AXONOGENESIS",0.999084249084249,1,0.181143042540667,0.491886194218412,5454,39,"NR4A2;CDH11;NFIB;PLXNA4;ADARB1;ZEB2;TSKU"
"GOBP_CENTRAL_NERVOUS_SYSTEM_NEURON_DEVELOPMENT",0.998753561253561,1,0.203722084689897,0.63526069893714,5608,97,"NPY;GATA2;NR4A2;CDH11;WNT5A;NRP2;NFIB;LHX8;SLIT3;PLXNA4;ADARB1;FGFR2;DRD1;ZEB2;GBX2;TSKU"
"GOBP_CENTRAL_NERVOUS_SYSTEM_NEURON_DIFFERENTIATION",0.785869383664607,1,0.261194288032558,0.89283858141489,4704,218,"NPY;INHBA;WNT3A;WNT1;LMX1A;GDF7;PTF1A;GATA2;WNT2;HOXC10;PAX7;CBLN1;NR4A2;CDH11;DKK1;HES1;BMP2;WNT5A;OLIG3;SFRP2;NRP2;NFIB;POU4F2;B2M;LYPD6;LHX8;SLIT3;ERBB4;FZD1;WNT9B;PLXNA4;GRID2;GBX1;TFAP2C;ADARB1;FGFR2;POU4F1;WNT4;DRD1;ZEB2;GBX2;DMRT3;TSKU;DLX1"
"GOBP_CENTRAL_NERVOUS_SYSTEM_PROJECTION_NEURON_AXONOGENESIS",0.971232368225687,1,0.24655123146038,0.630580575809069,5232,29,"NR4A2;CDH11;NFIB;PLXNA4;ADARB1;ZEB2;TSKU"
"GOBP_CENTROSOME_DUPLICATION",1,1,0.120101192474952,0.36739009213057,5592,84,"CHMP4C;PKHD1;PLK2;CEP295NL;CDK2;NDC80;ARHGEF10;TMEM67;NDE1;POC1B;PKD2;SPICE1;CEP63;RAB6C;RTTN;WDR90;MDM1;CCDC15;CHMP2A"
"GOBP_CENTROSOME_SEPARATION",0.969651634964736,1,-0.262305962023596,-0.589044152384555,4536,15,"UBXN2B;KIF25;KIF15;MAP9;KIF3B;CEP85;CHEK1;KIF11"
"GOBP_CERAMIDE_METABOLIC_PROCESS",0.997683039851715,1,-0.210234538915186,-0.677813505240024,4305,104,"CYP4F22;GBA3;ALOX12B;FA2H;ALOXE3;FUT7;ST8SIA6;FUT3"
"GOBP_CEREBRAL_CORTEX_GABAERGIC_INTERNEURON_DEVELOPMENT",0.418955193062152,1,-0.543449308881579,-1.04971760701936,2028,8,"ARX;LHX6;FEZF2"
"GOBP_CEREBRAL_CORTEX_GABAERGIC_INTERNEURON_MIGRATION",0.438153846153846,1,-0.581106042489516,-1.04696823503942,2135,6,"ARX;LHX6;FEZF2"
"GOBP_CGMP_METABOLIC_PROCESS",0.979178390545864,1,0.245081536700723,0.550431311524019,5219,16,"GUCY2F;NPPB;PDE5A;NPPA;GUCY1B1;GUCY1A1"
"GOBP_CHAPERONE_MEDIATED_AUTOPHAGY",0.991023723017739,1,-0.219418540866703,-0.492734543375178,4636,15,"GFAP;SNCA;EEF1A2;PLK3;HSP90AA1;ATP13A2;LAMP2;CLU;HSPA8;SNRNP70;STUB1;ATG5;EEF1A1;BAG3;CTSA"
"GOBP_CHEMICAL_SYNAPTIC_TRANSMISSION_POSTSYNAPTIC",0.961691193646344,1,-0.23453324769558,-0.771940839779595,4116,122,"HCRT;NPY2R;PNOC;WNT7A;RGS4;DRD4;ADRB2;GRIN2B;ADORA2A;GRIN1;GRIA1;INSYN2A;CHRNA2;BEGAIN;P2RX2;NLGN4X;UNC13B;HTR3B;SNCA;ABAT;SLC29A1;SYT1;P2RX5;SHANK1;RIMS2;STX1B;GLRA2;SHANK3;GRIN2C;STX1A;CELF4;CHRNA7;GABRB3;RIMS1;TMEM108;SLC17A7;P2RX3;DLG4;NETO1;HTR3A;GSK3B;GRIK5;SLC8A2;ADORA1;PRKAR1B;NLGN1;CHRNB2;MAPK8IP2;MECP2;NOTCH1;ARRB2;CHRNA4;EEA1;SLC8A3;CUX2;TBC1D24;CHRFAM7A;ATXN1;MPP2;TMEM25;NRXN1;BAIAP2;PPP3CA;CDK5"
"GOBP_CHEMOREPULSION_OF_AXON",0.30368636629608,1,0.658022106695863,1.17344181271269,1556,6,"SEMA3B;WNT5A;PLXNA4;UNC5C"
"GOBP_CHITIN_METABOLIC_PROCESS",0.408473879062114,1,-0.662135809511319,-1.09107677594416,1985,4,"CHIA"
"GOBP_CHRONIC_INFLAMMATORY_RESPONSE",0.454934703489617,1,-0.437348347778555,-0.995647434118724,2124,16,"IDO1;CCL5"
"GOBP_CILIARY_NEUROTROPHIC_FACTOR_MEDIATED_SIGNALING_PATHWAY",0.880712625871418,1,0.367372136016183,0.626925131334567,4547,5,"IL6R;CNTF;IL6ST"
"GOBP_CITRULLINE_METABOLIC_PROCESS",0.671702498547356,1,0.456358559056769,0.844543766365859,3467,7,"ASS1;CPS1;ALDH18A1;CAD;ATP2B4"
"GOBP_CLUSTERING_OF_VOLTAGE_GATED_SODIUM_CHANNELS",0.636102564102564,1,-0.488430915327842,-0.879997136441243,3100,6,"NDRG4;NRCAM;SPTBN4;GLDN"
"GOBP_CMP_N_ACETYLNEURAMINATE_METABOLIC_PROCESS",0.915758754863813,1,0.350965053370376,0.571893555088022,4706,4,"NANP;NANS;CMAS;GNE"
"GOBP_COBALAMIN_METABOLIC_PROCESS",0.290039992382403,1,0.573921876211186,1.15738803895257,1522,10,"AMN;CLYBL;MTR;MMAB;MTRR;MMAA;MMACHC"
"GOBP_COENZYME_A_METABOLIC_PROCESS",0.989495404239355,1,0.223794894301807,0.514877823159171,5274,18,"NUDT7;PPCDC;VNN1;DCAKD;PANK4;COASY;NUDT8;MCCC2;PANK2;PANK3;NUDT19;PPCS;PANK1;ACAT1;ACOT7;HMGCR;ACLY;CROT"
"GOBP_COMMISSURAL_NEURON_AXON_GUIDANCE",0.999620996778473,1,0.16464914835312,0.358366544590873,5274,14,"NFIB;GDNF;SMO;DAG1"
"GOBP_COMMITMENT_OF_NEURONAL_CELL_TO_SPECIFIC_NEURON_TYPE_IN_FOREBRAIN",0.784820512820513,1,-0.415475168669219,-0.748554088649257,3825,6,"TBR1;ASCL1"
"GOBP_CYCLIC_GMP_AMP_TRANSMEMBRANE_IMPORT_ACROSS_PLASMA_MEMBRANE",0.440380243852036,1,-0.557207491319152,-1.03916221734425,2130,7,"LRRC8E;SHOC2;LRRC8B;LRRC8D;LRRC8A"
"GOBP_CYCLIC_NUCLEOTIDE_METABOLIC_PROCESS",0.948172757475083,1,-0.252008472740857,-0.707749481896309,4280,43,"PTH;GUCY2D;PTHLH;PDE4C;NPR1;ADCY8"
"GOBP_CYSTEINE_METABOLIC_PROCESS",0.583507743825869,1,-0.432798644079434,-0.906021991635612,2787,11,"ENSG00000274276;CBS;SLC7A11;CTH"
"GOBP_CYTOCHROME_METABOLIC_PROCESS",0.651378033730975,1,-0.533744605633114,-0.879511929616927,3166,4,"CYP2S1"
"GOBP_CYTOKINE_PRECURSOR_PROCESSING",0.36008719778042,1,0.742800626914328,1.14571196165948,1816,3,"FURIN;PCSK5;ADAM17"
"GOBP_CYTOKINE_PRODUCTION_INVOLVED_IN_INFLAMMATORY_RESPONSE",0.709741550695825,1,-0.295721937862192,-0.874034194148397,3212,58,"NLRP7;PLD4;IL1RL2;PYCARD;ALOX5;NOS2;PLA2G3"
"GOBP_CYTOKINESIS",1,1,0.196294232800319,0.661258623991162,5882,187,"CXCR5;NOX5;ROPN1B;CHMP4C;ANXA11;MYH14;RHOC;MYH9;SEPTIN1;KIF4B;E2F8;AURKC;DRD3;ANKRD53;KIF20A;AURKB;OPN1MW;CENPA;SVIL;LZTS2;RHOB;SNX33;SNX18;PLEC;PIK3C3;IQGAP1;CUL7;GIPC1;ENTR1;CHMP4A;RTKN;BBS4;SPART;SEPTIN2;ESPL1;MITD1;CEP55"
"GOBP_CYTOKINETIC_PROCESS",0.316678779069767,1,0.381601082910678,1.08160672650515,1742,52,"CHMP4C;ANXA11;MYH9;KIF20A;AURKB;SNX33;SNX18;PLEC;IQGAP1;CHMP4A;RTKN;SPART;MITD1;CEP55;CHMP2A;ARF1;IQGAP3;LUZP1;RACGAP1;PLK1;SNX9;CHMP6;CHMP5;RHOA"
"GOBP_CYTOSKELETON_DEPENDENT_CYTOKINESIS",0.997215938750653,1,0.211423831437677,0.683251669955244,5730,128,"NOX5;ROPN1B;CHMP4C;MYH14;RHOC;SEPTIN1;KIF4B;ANKRD53;KIF20A;AURKB;CENPA;LZTS2;RHOB;SNX33;SNX18;PLEC;IQGAP1;CUL7;CHMP4A;RTKN;BBS4;SPART;SEPTIN2;ESPL1;MITD1;CEP55;CFL1;CHMP2A;SEPTIN7;ARF1;IQGAP3;LUZP1;CDCA8;SEPTIN11;RACGAP1;BIN3;EXOC3;PLK1;SEPTIN9;SNX9;BIRC5;CHMP6;CHMP5;RHOA;SPTBN1;EFHC1"
"GOBP_D_XYLULOSE_5_PHOSPHATE_METABOLIC_PROCESS",0.94031597425395,1,0.31300723842948,0.558181522349138,4820,6,"CRYL1;XYLB;AKR1A1;SORD;DCXR;TKT"
"GOBP_DAMP_METABOLIC_PROCESS",0.939450299648688,1,-0.308047183780863,-0.574491548537031,4545,7,"PNP;XDH"
"GOBP_DCMP_METABOLIC_PROCESS",0.308512820512821,1,-0.647438009747042,-1.16647733941697,1503,6,"CDA;UPP2;UPP1"
"GOBP_DENDRITE_ARBORIZATION",0.472434915773354,1,0.485514780620164,0.998310744373834,2467,11,"TPBG;PTN;SEMA3A"
"GOBP_DENDRITE_DEVELOPMENT",1,1,0.179513759562003,0.620772271260912,6103,243,"DGKG;GHRL;BMP5;LST1;CD3E;LRRK2;TPBG;TULP1;TLX2;LPAR1;MEF2C;NFATC4;DCDC2;PTN;APOE;LRP4;MATN2;GPR37;SDC2;FLRT1;BMP7;MGARP;PREX1;VLDLR;SMAD3;SEMA3A;ITGB1"
"GOBP_DENDRITE_MORPHOGENESIS",0.937796771130105,1,-0.240888395949755,-0.811278011731808,3949,146,"NEUROG3;NR2E1;WNT7A;ARC;ABI3;PREX2;GPRASP3;PAK3;CTNND2;DSCAM;ELAVL4;MAP2;PPFIA2;EPHA4;KLF7;SHANK1;NEDD4L;ITPKA;ZNF365;DPYSL5;SHANK3;SARM1;EPHB1;CTNNA2;MAP6;CDK5R1;ZDHHC15;SEMA4D;CHRNA7;MAPRE3;GABRB3;CAMK2B;LRP8;KNDC1;EPHB2;SULT4A1;DLG4;PARP6;YWHAH;GSK3B;NGEF;NLGN1;EFHC2;SRCIN1;CHRNB2;ARHGAP33;MAPK8IP2;HPRT1;HECW1;KIF1A;STAU2;CELSR2;RAB21;EEF2K;CUX2;TBC1D24;BAIAP2;PPP3CA;LZTS3;CDK5;ARMCX5-GPRASP2;NRP1;LZTS1;RAPGEF2;CAPRIN1"
"GOBP_DENDRITIC_CELL_ANTIGEN_PROCESSING_AND_PRESENTATION",0.2628714943491,1,-0.562959967579389,-1.17850210026024,1255,11,"CCR7;HLA-DRA;CLEC4A;MPEG1"
"GOBP_DENDRITIC_CELL_APOPTOTIC_PROCESS",0.557966522008679,1,-0.503994669153757,-0.939923145483202,2699,7,"CCR7"
"GOBP_DENDRITIC_CELL_CYTOKINE_PRODUCTION",0.306696679797411,1,0.501670559296724,1.12670741184344,1634,16,"TLR3;CLEC7A;TLR4"
"GOBP_DENDRITIC_SPINE_DEVELOPMENT",0.850125656842586,1,-0.261022731329415,-0.836588519988144,3720,98,"WNT7A;ARC;ABI3;GPRASP3;PAK3;CTNND2;CAMK2A;DSCAM;PPFIA2;NEURL1;NDP;EPHA4;SHANK1;ITPKA;ZNF365;SHANK3;EPHB1;CDK5R1;ZDHHC15;FOXO6;MAPRE3;CAMK2B;LRP8;EPHB2;DLG4;NGEF;CAMK1;NLGN1;SRCIN1;ARHGAP33;KIF1A;CPEB3;STAU2;EEF2K;PAK2;CUX2;FMR1;MAPK6;BAIAP2;LZTS3;CDK5;ARMCX5-GPRASP2;CAPRIN1;WASL;HDAC6;ARHGAP44;DVL1;SLC12A5;TANC2;IQSEC1"
"GOBP_DENDRITIC_SPINE_MORPHOGENESIS",0.287845057880677,1,-0.364610299907265,-1.08553957850031,1292,61,"WNT7A;ARC;ABI3;GPRASP3;PAK3;CTNND2;PPFIA2;EPHA4;SHANK1;ITPKA;ZNF365;SHANK3;EPHB1;CDK5R1;ZDHHC15;MAPRE3;CAMK2B;LRP8;EPHB2;DLG4;NGEF;NLGN1;SRCIN1;ARHGAP33;KIF1A;STAU2;EEF2K;CUX2;BAIAP2;LZTS3;CDK5;ARMCX5-GPRASP2;CAPRIN1;WASL;HDAC6;ARHGAP44;DVL1;TANC2"
"GOBP_DEOXYRIBONUCLEOSIDE_METABOLIC_PROCESS",0.270824612808707,1,-0.559541434416112,-1.17134573258804,1293,11,"GDA"
"GOBP_DEOXYRIBONUCLEOSIDE_TRIPHOSPHATE_METABOLIC_PROCESS",0.981700977334165,1,-0.244337593683543,-0.486355005588659,4720,9,"SAMHD1;NUDT15;NUDT16;ITPA"
"GOBP_DERMATAN_SULFATE_PROTEOGLYCAN_METABOLIC_PROCESS",0.417522884363908,1,0.452498140164892,1.0303884537567,2234,17,"DSE;CHST14;HEXB;HEXA;B3GAT3;XYLT2;CHST12;UST;B4GALT7;CSGALNACT1"
"GOBP_DETECTION_OF_CALCIUM_ION",0.933295433011181,1,0.292509719056125,0.636661035455665,4924,14,"KCNMB1;CASQ2"
"GOBP_DETOXIFICATION",0.421705426356589,1,0.308869775238518,1.00974342370335,2447,141,"APOA4;AKR1B10;GSTM1;DHFRP1;SOD3;ALDH1A1;HBA1;FBLN5;ABCC2;EPX;CLIC2;GSTA1;GPX7;PTGS2;SLC22A3;GPX8;ALOX5AP;APOE;NQO1;ADH4;CP;BMP7;FABP1;ABCB1;SLC22A1;CD36;MTARC2;GSTK1;NOS3;MGST2;ABCG2"
"GOBP_DETOXIFICATION_OF_CADMIUM_ION",0.454545454545455,1,-0.635077879089418,-1.04649033451572,2209,4,"MT3;ABCB6"
"GOBP_DETOXIFICATION_OF_NITROGEN_COMPOUND",0.265879163439194,1,0.710591728123924,1.21263364530108,1372,5,"GSTM1;MTARC2"
"GOBP_DIADENOSINE_POLYPHOSPHATE_METABOLIC_PROCESS",0.949408800155069,1,0.295109626946186,0.563649857842472,4897,8,"NUDT4;NUDT4B"
"GOBP_DICARBOXYLIC_ACID_METABOLIC_PROCESS",0.999821937321937,1,0.191603409237821,0.597471382920683,5614,97,"FOLH1B;DHFRP1;HAAO;KMO;FOLR1;SLC38A8;NR1H4;ALDH1L1;ASS1;FAHD2B;QPRT;D2HGDH;HOGA1;AMDHD1;GLUD2;PCK2"
"GOBP_DIOL_METABOLIC_PROCESS",0.834842046924072,1,0.296831516941066,0.775496781137328,4518,32,"DHFRP1;SPHK1;SPTLC3;PLPP3;NOS3"
"GOBP_DIPHOSPHOINOSITOL_POLYPHOSPHATE_METABOLIC_PROCESS",0.890782339271882,1,0.358595965057465,0.611948486152455,4599,5,"NUDT4;NUDT4B"
"GOBP_DISACCHARIDE_METABOLIC_PROCESS",0.653027485017566,1,-0.463010151901952,-0.863489209314574,3159,7,"MGAM2;TREH"
"GOBP_DNA_METABOLIC_PROCESS",1,1,0.13344681600685,0.508438181032229,6981,999,"TWIST1;GMNC;S100A11;IL7R;ID3;NUGGC;FOXL2;DHFRP1;PDGFRB;SYCE3;H1-3;HGF;LOX;CIDEA;NFIX;IER3;APOBEC3B;NT5E;CCN2;PTPRC;SPHK1;IHO1;TGFB1;TNFSF13;PDGFB;ACVRL1;SMOC2;H1-2;NFIA;NFKBIZ;EID3;GATA5;EYA4;CDKN1A;CSNK2A3;RPA4;RAD21L1;SYCE1;NFIB;HSF2BP;FAM111A;ANKRD1;CIB1;APOBEC3F;HSP90AB3P;TP73;STAT6;NIBAN2;NOX4;NFIC;EXO5;AXIN2;POLD4;SLC15A4;EGFR;HUS1B;NABP1;BCL6;SMARCA2;GLI1;H1-4;PCLAF;HMGA2;NYNRIN;EYA2;TNFSF4;E2F8;BCL7C;BAX;CDK2;LMNA;SYCE2;ASTE1;NUDT1;ANKRD31;PMS2P6"
"GOBP_DOPAMINE_METABOLIC_PROCESS",0.786932447397564,1,-0.292860050864375,-0.822478494524776,3552,43,"ITGAM;COMT;GNAT2;DAO;DRD4;GCH1;MAOB;NPR1;TH;MAOA;SNCA;ABAT;HTR1A;DBH;SNCB"
"GOBP_DOPAMINERGIC_NEURON_AXON_GUIDANCE",0.749366101033743,1,0.438032076465183,0.781136604079447,3841,6,"WNT5A;WNT7B"
"GOBP_DTMP_METABOLIC_PROCESS",0.975878561031399,1,-0.254799130550552,-0.50717873862423,4692,9,"UPP2;UPP1"
"GOBP_DUMP_METABOLIC_PROCESS",0.824695436712781,1,-0.375272140248333,-0.724869397392781,3993,8,"NT5M;UPP2;UPP1"
"GOBP_ELASTIN_METABOLIC_PROCESS",0.575307173999207,1,0.624424474503258,0.963125990567899,2902,3,"CTSL;CST3;HIF1A"
"GOBP_EMBRYONIC_NEUROCRANIUM_MORPHOGENESIS",0.988951347160302,1,0.229489616847031,0.438317757542149,5101,8,"HOXA1;NDST1;TULP3"
"GOBP_EMBRYONIC_OLFACTORY_BULB_INTERNEURON_PRECURSOR_MIGRATION",0.863786688714345,1,-0.380410830059405,-0.657212487512804,4178,5,"ARX"
"GOBP_ENDOPLASMIC_RETICULUM_CALCIUM_ION_HOMEOSTASIS",0.926557863501484,1,0.275173974130716,0.681955106351625,4995,25,"TGM2;BAX;ATP2A1;ITPR1;CAMK2D;WFS1;SELENOK;BCL2;BAK1;PML;TMBIM6;THADA;PSEN1;TMCO1;GRINA"
"GOBP_ENERGY_RESERVE_METABOLIC_PROCESS",0.737815723941658,1,0.282473087584442,0.876583331323194,4147,93,"IGF1;GCGR;IGF2;EVA1A;RUBCNL;ADGRF5;PPP1R3G;AKR1E2"
"GOBP_EPINEPHRINE_METABOLIC_PROCESS",0.984895429899303,1,0.259205421671483,0.442337284439199,5085,5,"SULT1A3;SULT1A4"
"GOBP_EPITHELIAL_CELL_PROLIFERATION_INVOLVED_IN_PROSTATE_GLAND_DEVELOPMENT",0.877679938744257,1,0.33266108335968,0.684014466725003,4584,11,"SERPINF1;EAF2;SHH;STK11;NKX3-1;CDKN1B;CTNNB1"
"GOBP_ESTABLISHMENT_OF_CENTROSOME_LOCALIZATION",0.329459616502034,1,0.61825727991684,1.1441558866416,1700,7,"PKHD1;FHOD1;EZR;CEP83"
"GOBP_ESTABLISHMENT_OF_MITOCHONDRION_LOCALIZATION",0.349814045066725,1,-0.383374855262831,-1.05633942463886,1598,38,"NEFL;MAP1B;AGBL4;SYBU;AGTPBP1;MAPT;MARK1;UCHL1;ARMCX1;WASF1;SPAST;MAP1S;KIF1B;FEZ1;OPA1;RHOT1;LRPPRC;TRAK2;HDAC6;DNM1L"
"GOBP_ESTABLISHMENT_OF_PROTEIN_LOCALIZATION_TO_MITOCHONDRIAL_MEMBRANE",0.968969338751385,1,0.245902548680347,0.650125786985749,5245,34,"BAX;TIMM10;MTX1;TOMM7;BCS1L;AP3B1;SAMM50;TIMM22;TOMM6;MTCH1;ROMO1;OXA1L;MTX3;TIMM13"
"GOBP_ESTABLISHMENT_OF_PROTEIN_LOCALIZATION_TO_MITOCHONDRION",0.999826207855405,1,0.180403158231106,0.582738916327364,5752,126,"UBL4B;LRRK2;CDKN2A;MGARP;IMMP2L;BAX;C11orf65;TIMM10;MTX1;BAG3;MICALL2;TOMM7;BCS1L;TSPO;FBXO7;MIPEP;AP3B1;LEPROT;SAMM50;BBC3;RNF31;TIMM22;LMAN1;TOMM6;TIMM21;MTCH1;ROMO1;DNAJC15;HAX1;DNLZ;IMMP1L;OXA1L"
"GOBP_ETHER_LIPID_METABOLIC_PROCESS",0.994767333208746,1,0.205760804608299,0.500413156190698,5322,23,"PLA2G4A;LPCAT2;NCEH1"
"GOBP_EXCITATORY_SYNAPSE_ASSEMBLY",1,1,-0.17065921384313,-0.481520884012403,4527,44,"WNT7A;NRXN3;ABI3;VSTM5;SEMA4A;SHANK3;LRRC4;CASKIN1;NLGN1;LRFN1;NRXN2;NTRK3"
"GOBP_EXECUTION_PHASE_OF_APOPTOSIS",0.546739130434783,1,0.318547962130273,0.95409076858342,3017,74,"FAP;XKR9;FOXL2;GPER1;CIDEA;NFKBIZ;GATA5;AIFM3;DLC1;CIDEC;CASP7;TNFRSF1A;BAX;PLSCR1;CASP8;BOK"
"GOBP_EXPORT_ACROSS_PLASMA_MEMBRANE",0.985688729874776,1,-0.224877733667981,-0.699655775324294,4407,80,"KCNE3;HAMP;ATP4A;FXYD4;ATP12A;SLC47A2;ABCC4;TMEM163;RGS9;KCNQ1;KCNA5;KCNIP2;PDZK1;SLC30A2;NEDD4L;KCNE1;KCNH2;KCNE4;KCNA2;FXYD7"
"GOBP_EXTRASYNAPTIC_SIGNALING_VIA_GABA",0.325067162636908,1,-0.615009132271187,-1.14695919120699,1572,7,"GABRA1;GABRB2;GABRG2;GABRB3"
"GOBP_FARNESYL_DIPHOSPHATE_METABOLIC_PROCESS",0.386045540004178,1,-0.494904723106676,-1.05863709439919,1847,12,"ACAT2;HMGCS1;MVD;HMGCR;MVK;HMGCS2;IDI1;FDFT1"
"GOBP_FATTY_ACID_DERIVATIVE_METABOLIC_PROCESS",0.652898550724638,1,0.303054764548181,0.907686714732128,3603,74,"GGT5;GGTLC3;TYRP1;ACSL5;ALOX15;ELOVL3;ACSS3;NUDT7;FABP1;ACSBG1;PTGR1;ELOVL1;ABCD1"
"GOBP_FATTY_ACID_METABOLIC_PROCESS",0.670580768010156,1,0.263201289723442,0.943143389137946,4225,366,"TWIST1;APOA4;FMO1;GGT5;APOC3;ACOT12;ACSM2B;ACOT6;AVPR1A;GSTM1;LPL;ACSM1;PLA2G4A;PPARG;EDN2;TYRP1;ACSL5;CYP2J2;ACSM3;FMO2;EDN1;ALOX15;ABCC9;ELOVL3;PLP1;ACADL;GSTA1;PTGS2;FMO4;CAV1;APOE;ADH4;ACOX2;PDK4;KIF12;BDH2;NUDT7;ACSF2;ACOT11;DECR1;FABP1;CYP1A1;SLC22A13;ACSBG1;PTGDS;TECRL;CD36;IRS1;TNFRSF1A;TNXB;SLC27A6;CCDC3;PTGR1;HSD17B8;GIP;PEX2;ELOVL1"
"GOBP_FATTY_ACYL_COA_METABOLIC_PROCESS",0.959627329192547,1,0.247740155562164,0.686043903566105,5252,44,"ACSL5;ELOVL3;NUDT7;ACSBG1;ELOVL1;ABCD1"
"GOBP_FERROPTOSIS",0.997398655972252,1,-0.198803577056804,-0.52198968090281,4600,30,"CAMK2A;ADGRG1;ACSL4;TMEM164;PRKCB;SLC7A11;ACLY"
"GOBP_FOLIC_ACID_CONTAINING_COMPOUND_METABOLIC_PROCESS",0.862395543175488,1,0.295814685103526,0.750423253312417,4643,28,"DHFRP1;FOLR1;ALDH1L1;TYMS;GGH;MTHFS;SHMT1;DHFR2;MTR"
"GOBP_FOLIC_ACID_METABOLIC_PROCESS",0.329018945788783,1,0.49337413850343,1.10807438938208,1753,16,"DHFRP1;FOLR1;MTHFS;SHMT1;DHFR2"
"GOBP_FOREBRAIN_GENERATION_OF_NEURONS",0.320819112627986,1,-0.336304763158605,-1.0596693507716,1409,88,"GSX2;CSF1R;DLX5;FOXG1;NR2E1;TBR1;DCT;ASCL1;ARX;LHX6;EOMES;CAPS2;NKX2-1;SOX1;SALL1;ID4;LHX5;ELAVL4;SEMA3E;FGF2;FEZF2;SHANK3;OTP;NHLH2;OPHN1;EMX1"
"GOBP_FOREBRAIN_NEUROBLAST_DIVISION",0.550020669698222,1,-0.55878074000217,-0.965371254161517,2660,5,"DCT"
"GOBP_FOREBRAIN_NEURON_DEVELOPMENT",0.986436228396412,1,-0.226162330519461,-0.623160811973766,4508,38,"FOXG1;ARX;LHX6;SOX1;SEMA3E;FEZF2"
"GOBP_FOREBRAIN_NEURON_FATE_COMMITMENT",0.74003716704522,1,-0.411366630909321,-0.794588912615296,3583,8,"TBR1;ASCL1;NKX2-1"
"GOBP_FORMATE_METABOLIC_PROCESS",0.306834606648771,1,-0.600079694953237,-1.1591039147765,1485,8,"UROC1;HAL;FTCD"
"GOBP_FRUCTOSE_1_6_BISPHOSPHATE_METABOLIC_PROCESS",0.390769230769231,1,-0.602888252908117,-1.08621284915411,1904,6,"ALDOB;ALDOC"
"GOBP_FRUCTOSE_2_6_BISPHOSPHATE_METABOLIC_PROCESS",0.886316659776767,1,-0.365806372975241,-0.631981261662692,4287,5,"PFKFB1;PFKFB4"
"GOBP_FRUCTOSE_6_PHOSPHATE_METABOLIC_PROCESS",0.351351351351351,1,-0.496716170296031,-1.08301833599233,1676,13,"HK3;FBP1;HK2"
"GOBP_FRUCTOSE_METABOLIC_PROCESS",0.278441231929604,1,-0.530173171486646,-1.15596652637469,1328,13,"FBP1;ALDOB;ALDOC;PFKFB1;KHK"
"GOBP_FUCOSE_METABOLIC_PROCESS",0.846927852708199,1,-0.323821488191689,-0.737197329012916,3955,16,"FUT9;FUT7;FUT1"
"GOBP_G_PROTEIN_COUPLED_GLUTAMATE_RECEPTOR_SIGNALING_PATHWAY",0.325496901047232,1,-0.492478688765399,-1.10592870079398,1522,15,"TRPM1;GRM3;GRM7;HOMER2;GRM1;GNAQ"
"GOBP_GABAERGIC_NEURON_DIFFERENTIATION",0.747889701744513,1,0.351977589266019,0.809783688441535,3986,18,"INHBA;GATA2;DRD1;DLX1"
"GOBP_GALACTOSE_METABOLIC_PROCESS",0.877202956225128,1,0.321064059048651,0.698810887177024,4628,14,"B4GALT1;GLB1L;GLB1;MGAT1;GALM;GALK1;PGM1;GALT;GALE;SLC35A2"
"GOBP_GAMMA_AMINOBUTYRIC_ACID_METABOLIC_PROCESS",0.786198875751115,1,0.395398067706322,0.755197541198806,4055,8,"ALDH1A1;GAD1;PHGDH"
"GOBP_GAMMA_AMINOBUTYRIC_ACID_RECEPTOR_CLUSTERING",0.452046300124018,1,-0.605720167502089,-1.0464656275915,2186,5,"SHISA7;GPHN;NRXN1;LHFPL4"
"GOBP_GANGLIOSIDE_METABOLIC_PROCESS",0.999348817017582,1,-0.178648520103904,-0.459176875236814,4603,27,"ST8SIA6;ST8SIA4;ST8SIA3;B4GALNT1;ITGB8;B4GALT5;ABCA2;ST6GALNAC5;ST6GALNAC6;ST8SIA2;CLN6;NEU4;NEU3;B4GALT6;ST3GAL2;ST3GAL3;ST6GALNAC4;NEU1;B3GALT4;ST3GAL5;GM2A;NAGLU;ST3GAL1;HEXA;ST6GALNAC3;GLB1;HEXB"
"GOBP_GDP_L_FUCOSE_METABOLIC_PROCESS",0.995545225644005,1,0.217416736738201,0.40235456544382,5139,7,"FUOM;GMDS;FCSK;SLC35C1;GFUS"
"GOBP_GDP_MANNOSE_METABOLIC_PROCESS",0.408493620262807,1,0.520342795053552,1.04933885971707,2144,10,"GMDS;GMPPB;GMPPA;SLC35C1;PMM1;MPI;GFUS;GUK1;PMM2"
"GOBP_GENERATION_OF_PRECURSOR_METABOLITES_AND_ENERGY",1,1,0.187781921744684,0.683939653246491,6409,461,"IGF1;GCGR;AVPR1A;TRPV4;MTCO2P12;IGF2;ACSM1;CAVIN3;ASIP;P2RX7;TYRP1;EVA1A;IER3;RUBCNL;ADGRF5;HKDC1;ABCC9;NFATC4;OAS1;ACTN3;ACSS3;PPP1R3G;AKR1E2;UQCRFS1P1;PDK4;SLC4A1;FABP1;ENO3;PDIA5;IMMP2L;IL10RB;ALDH1L1;IRS1;STBD1;ENO4;OPN3;H6PD;WIPI1;PYGL;LIPA;ABCD1"
"GOBP_GEPHYRIN_CLUSTERING_INVOLVED_IN_POSTSYNAPTIC_DENSITY_ASSEMBLY",0.730461538461538,1,-0.446270524593765,-0.804037523826777,3560,6,"NRXN3;NRXN2;NRXN1"
"GOBP_GERANYLGERANYL_DIPHOSPHATE_METABOLIC_PROCESS",0.612393428987315,1,-0.446158676048922,-0.888080716978172,2944,9,"HMGCS1;MVD;HMGCR;MVK;IDI1"
"GOBP_GLUCAN_METABOLIC_PROCESS",0.892780172413793,1,0.261325463281211,0.797639963571708,4970,83,"IGF1;GCGR;IGF2;RUBCNL;PPP1R3G;AKR1E2;IRS1;STBD1;WIPI1;PYGL"
"GOBP_GLUCOCORTICOID_METABOLIC_PROCESS",0.741443452380952,1,0.330076837011825,0.825799886051565,3985,26,"BMP5;CYP21A2;NR3C1;BMP2;APOA1;WNT4;H6PD;CRH;CYP17A1"
"GOBP_GLUCOSE_6_PHOSPHATE_METABOLIC_PROCESS",0.459172622915313,1,-0.38181073332817,-0.990156378010355,2119,28,"HK3;RPEL1;G6PC2;ALDOB;HK2;GCK;RBKS;GPI;PRPS2"
"GOBP_GLUCOSE_METABOLIC_PROCESS",0.993230665087155,1,0.221241581197036,0.74627015476125,5868,189,"IGF1;TFAP2B;GHRL;IGF2;FBN1;NR3C1;HKDC1;IGFBP3;IGFBP4;OAS1;ACTN3;FBN2;PPP1R3G;PDK4;APOD;FOXO1;FABP1;ENO3;CARTPT;SIK1;IRS1"
"GOBP_GLUCURONATE_METABOLIC_PROCESS",0.91535010727521,1,0.33600204723258,0.599187850024635,4692,6,"CRYL1;XYLB;AKR1A1;SORD;DCXR;ABHD10"
"GOBP_GLUTAMATE_BIOSYNTHETIC_PROCESS",0.261475886112725,1,0.651301135366051,1.20530732465561,1349,7,"FOLH1B;GLUD2"
"GOBP_GLUTAMATE_METABOLIC_PROCESS",0.965951147298298,1,0.245908115105793,0.646373949668427,5219,33,"FOLH1B;NR1H4;AMDHD1;GLUD2;MTHFS"
"GOBP_GLUTAMATE_RECEPTOR_SIGNALING_PATHWAY",0.984942426926484,1,-0.231012871799781,-0.689842108082578,4447,62,"TRPM1;GRM3;ADRB2;GRIN2B;GRIN1;GRIA1;GRIA3;GRM7;SHANK1;GRIK4;SHANK3;GRIN2C;CDK5R1;HOMER2;EPHB2;DLG4;GRIK1;GRM1;GRIK5;NLGN1;GNAQ;CPEB4;KCNB1;FRRS1L"
"GOBP_GLUTAMATE_REUPTAKE",0.582153846153846,1,-0.513948675372733,-0.925972022680429,2837,6,"KCNJ10"
"GOBP_GLUTAMATE_SECRETION",0.299536607970343,1,0.442295938069339,1.11431655697764,1615,27,"AVPR1A;P2RX7;KMO;NTSR1;GJA1;NPY5R"
"GOBP_GLUTAMATE_SECRETION_NEUROTRANSMISSION",0.838340763713898,1,0.370233540225459,0.707134106318561,4324,8,"KMO;DTNBP1;SLC38A2"
"GOBP_GLUTAMATERGIC_NEURON_DIFFERENTIATION",0.942838792549775,1,-0.274713734268116,-0.642452263109662,4403,18,"WNT7A;GNAT2;VSX2;IRX5;NDP;OPHN1;KNDC1"
"GOBP_GLUTAMINE_FAMILY_AMINO_ACID_METABOLIC_PROCESS",0.998673446827327,1,-0.19673332508868,-0.59395436054648,4516,66,"UROC1;DAO;NOS2;MTTP;NOS1;GLS2;HAL;RIMKLA;UCP2;FTCD;GAD2;AGMAT;GOT1;ATCAY;PRODH;SLC7A11;ASL;DDAH1;MECP2;AZIN2"
"GOBP_GLUTAMINE_METABOLIC_PROCESS",0.82027736131934,1,0.32187595002275,0.758202559586303,4376,20,"LGSN;NR1H4;FABP1;CPS1"
"GOBP_GLUTATHIONE_TRANSMEMBRANE_TRANSPORT",0.969440429485856,1,-0.27044999232306,-0.52239668745559,4694,8,"ABCC4;SLC13A3;SLC7A11"
"GOBP_GLUTATHIONE_TRANSPORT",0.804938744257274,1,0.363930784010338,0.748310919436558,4204,11,"ABCC2;GJA1;NHERF1;MGST1"
"GOBP_GLYCERALDEHYDE_3_PHOSPHATE_METABOLIC_PROCESS",0.527208036835496,1,-0.454384946504529,-0.95121082247595,2518,11,"RPEL1;ALDOB"
"GOBP_GLYCEROL_3_PHOSPHATE_METABOLIC_PROCESS",0.276710064062823,1,-0.638815344625521,-1.19135650603514,1338,7,"GPAT2;GPD1;GPD1L;GK"
"GOBP_GLYCEROLIPID_BIOSYNTHETIC_PROCESS",1,1,0.163111984035392,0.562224280375952,6092,236,"MOGAT2;DGKG;THRSP;PLA2G4A;PIPSL;LIPH;PLD1;ALOX15;PDGFB;ITPKB;DGAT2L6;APOA1;NR1H4;LCAT;RAB38;FABP1;GPAT3;PNPLA2;INPP4B;SIK1;LPCAT2;SLC44A3;SH3YL1;PLSCR1;AGPAT2;IP6K3;PIP5K1B;DGKA;ABHD4;AJUBA;SYNJ2;PI4KAP2;AGPAT3"
"GOBP_GLYCEROLIPID_METABOLIC_PROCESS",1,1,0.185009903252126,0.663115957910763,6307,367,"ENPP6;APOA4;APOC3;MOGAT2;DGKG;THRSP;GPR82;LPL;PLA2G2D;PLA2G4A;PLA2G2C;PIPSL;LIPH;PLD1;ALOX15;PDGFB;ITPKB;PLAAT2;CAV1;APOE;DGAT2L6;APOA1;NR1H4;LCAT;RAB38;FABP1;GPAT3;PNPLA2;ENPP2;INPP4B;CIDEC;PLIN1;SIK1;MBOAT1;LPCAT2;SLC44A3;CPS1;TNXB;SH3YL1;PLSCR1;SERINC2;SPATA18;AGPAT2;IP6K3;LIPA;PCSK9;PIP5K1B;DGKA;ABHD4;AJUBA;SYNJ2;PI4KAP2;AGPAT3"
"GOBP_GLYCEROPHOSPHOLIPID_BIOSYNTHETIC_PROCESS",1,1,-0.150718826499976,-0.525577289612089,4059,201,"GPAT2;BMX;HTR2C;PTPRQ;CPNE6;PLA2G4C;DGKK;FABP3;PLCG2;DGKI;PCYT1B;PIK3C2B;DGKB;SLC44A4;HTR2A;OCRL;ITPKA;PIP5KL1;PIK3C2G;PITPNM1;LCLAT1;EFR3B;MTMR1;SLC44A5;MTMR7;PIGA;PIK3CB;MTMR6;CPNE7;CHAT;CPNE1;PIK3R3;PIK3R4;PNPLA3;PIK3CD;MFSD2A;PIGZ"
"GOBP_GLYCEROPHOSPHOLIPID_CATABOLIC_PROCESS",0.813042675041567,1,0.30248333547877,0.79026262247631,4400,32,"ENPP6;PLA2G4A;ENPP2"
"GOBP_GLYCEROPHOSPHOLIPID_METABOLIC_PROCESS",1,1,-0.166299251426806,-0.60157404962756,3824,288,"GPAT2;PLA2G2A;BMX;HTR2C;LIPC;PLA2G4D;ABHD12B;PTPRQ;PLAAT5;OC90;CPNE6;PLA2G4C;DGKK;FABP3;PLA2G3;PLAAT4;PLCG2;PLCH1;DGKI;PCYT1B;PIK3C2B;DGKB;SLC44A4;OSBPL10;PLA2G7;PLCL1;HTR2A;PIP4P2;OCRL;ITPKA;PIP5KL1;PIK3C2G;PITPNM1;LCLAT1;PLCH2;EFR3B;MTMR1;SLC44A5;MTMR7;PIGA;PIK3CB;PLAAT3;MTMR6;CHRM5;CPNE7;OSBPL8;CHAT;CPNE1;PIK3R3;GDPD3;PAFAH1B2;PIK3R4;PNPLA3;PIK3CD;MFSD2A;PIGZ;MTMR9"
"GOBP_GLYCOLIPID_BIOSYNTHETIC_PROCESS",1,1,-0.1938969017362,-0.608416685663403,4388,86,"FA2H;A3GALT2;FUT9;FUT1;ST8SIA6;GAL3ST3;A4GALT;GAL3ST2;ST8SIA4;PIGA;ST8SIA3;B4GALNT1;PIGZ;B4GALT5;GBGT1;PGAP1"
"GOBP_GLYCOLIPID_CATABOLIC_PROCESS",0.76311844077961,1,0.339593193591403,0.799936834612495,4071,20,"LCT;SUMF1;HEXB;GLB1;HEXA;GM2A;GBA1"
"GOBP_GLYCOLIPID_TRANSPORT",0.575692963752665,1,0.485389946975579,0.927079124602194,2969,8,"NPC2;PLTP;GLTP;PSAP;CLN3;RFT1;CPTP"
"GOBP_GLYCOPROTEIN_METABOLIC_PROCESS",0.529990479212948,1,0.272868153942736,0.977783185514712,3339,366,"IL33;IGF1;EDNRA;CYTL1;GCNT3;SULF1;ITM2A;ADAMTS4;FOXL1;BACE2;SLC2A10;COL11A1;GATA1;CHSY3;DSE;EDNRB;GALNT4;GALNT5;PLOD2;ADAMTS12;GXYLT2;ST6GALNAC2;BMP2;POGLUT3;PTX3;ANGPT1;CHST2;PHLDA1;CHST14;CHST3;CHST7;COL2A1;GCNT4;PCSK6;ITM2C;FUT6;B4GALT1;MAGT1;CHST13;GXYLT1;GALNT10;PLOD1;HEXB;ADAMTS7;OSTC;GALNT18;ST8SIA5;GLB1;MEST;ST3GAL6;ST6GALNAC3;POFUT1;EXT1;RXYLT1;NDST4;A4GNT;POGLUT2;EDEM2;HS3ST5;CTSL;ALG12;PLOD3;CHPF;GLCE;BTK;CHPF2;SGSH;GFPT2;GALNT2;GANAB;SLC35B2;FUT10;HEXA;TMEM165;MGAT1;GANC;HS3ST2;B3GAT3;LMF1;XXYLT1;SLC35A1;VEGFB;ENTPD5;DPAGT1;GNS;DDOST;C1GALT1;FBXO17;ST3GAL1;MOGS;NAGLU;PRKCSH;NECAB1;ITM2B;XYLT2;CHSY1;STT3A;MAN2A1;POMT2;GALNT17;NDST3;TMEM59;GALNT12;EXTL1;DAD1;EXT2;CST3;EXTL2;GCNT1;COLGALT1;MGAT2;GMPPB;MAN2B2;CHST12;OST4;HYAL1;LARGE1;NCSTN;MAN1B1;POFUT2;SLC35A4;ST3GAL5;B3GLCT"
"GOBP_GLYCOSIDE_METABOLIC_PROCESS",0.677565067756507,1,-0.367449830744125,-0.847533880123522,3149,17,"GBA3;AKR1C4;AKR1C3;AKR1C2"
"GOBP_GLYCOSPHINGOLIPID_BIOSYNTHETIC_PROCESS",0.615689731159101,1,-0.321174287719301,-0.910056051116699,2793,45,"FA2H;A3GALT2;FUT9;FUT1;ST8SIA6"
"GOBP_GLYCOSPHINGOLIPID_METABOLIC_PROCESS",0.963817980022198,1,-0.241607633993672,-0.736798446348078,4341,71,"GBA3;FA2H;A3GALT2;FUT9;FUT1;ST8SIA6"
"GOBP_GLYCOSYLCERAMIDE_METABOLIC_PROCESS",0.562834510811389,1,-0.393915508075418,-0.9212204490295,2628,18,"GBA3;FA2H"
"GOBP_GLYOXYLATE_METABOLIC_PROCESS",0.992978349912229,1,0.230935146596476,0.4118234847792,5090,6,"HOGA1;GRHPR;IDH2"
"GOBP_GONADOTROPHIN_RELEASING_HORMONE_NEURONAL_MIGRATION_TO_THE_HYPOTHALAMUS",0.927052857421494,1,0.324812717742657,0.579234071958386,4752,6,"NRP2;PLXNA3;PLXNA1;NDNF;NRP1"
"GOBP_GPI_ANCHOR_METABOLIC_PROCESS",0.813880126182965,1,0.305344974444741,0.785692924835666,4385,30,"PIGO;PGAP3;MPPE1;PIGH;PIGK;DPM2;DPM1;PIGN;PIGT;GPAA1;PIGV;PIGL;PIGQ;PIGG;PIGU;PIGY;PGAP2"
"GOBP_GTP_METABOLIC_PROCESS",0.753198590765808,1,0.330067296240832,0.812261854591393,4061,24,"LRRK2;NME4;RAB23;MFN1;NME9"
"GOBP_HEME_A_BIOSYNTHETIC_PROCESS",0.72367168158446,1,0.400438756855576,0.807536786325842,3799,10,"UROD;FECH;PPOX;COX15;CPOX;ALAD;UROS;ALAS1"
"GOBP_HEME_B_BIOSYNTHETIC_PROCESS",0.973799126637555,1,-0.257943036817667,-0.51343669724231,4682,9,"ABCB6;HMBS;ALAS1;UROS;ALAD;CPOX;PPOX;FECH;UROD"
"GOBP_HEME_TRANSPORT",0.920357662715741,1,-0.312905331099619,-0.622839374659547,4425,9,"SLC46A1;ABCB7;FLVCR1;ABCB6"
"GOBP_HEMOGLOBIN_METABOLIC_PROCESS",0.39786156443444,1,0.456327134687448,1.04985738164107,2120,18,"INHBA;INHA;EPO"
"GOBP_HEPARAN_SULFATE_PROTEOGLYCAN_METABOLIC_PROCESS",0.884052670080468,1,0.276134537778691,0.768328052331406,4833,46,"SULF1;DSE;EXT1;NDST4;HS3ST5;GLCE;SGSH;HS3ST2;B3GAT3;GNS;NAGLU;XYLT2;NDST3;EXTL1;EXT2;EXTL2;SLC35D2;NDST1;TM9SF2;NDST2;PXYLP1;B4GALT7;CSGALNACT1;TCF7L2;GUSB"
"GOBP_HISTONE_MRNA_METABOLIC_PROCESS",0.972543037698845,1,-0.24077868852459,-0.640975332609056,4462,32,"MTPAP;CSTF2;TUT4;LSM11;SNRPE;DCP2;NCBP1;ZNF473;LSM10;NCBP2;CPSF2;TENT4B;SNRPD3;TUT7;ATM;CPSF3;XRN1;SSB;TENT2;EXOSC10;SYMPK;LSM1;SNRPG;ERI1;FIP1L1;MBLAC1;EXOSC4;UPF1;TUT1;SNRPF;SLBP;SNRPB"
"GOBP_HOMOCYSTEINE_METABOLIC_PROCESS",0.999153439153439,1,-0.182616086411052,-0.403841963485559,4720,14,"ENSG00000274276;CBS;CTH"
"GOBP_HUMORAL_IMMUNE_RESPONSE_MEDIATED_BY_CIRCULATING_IMMUNOGLOBULIN",0.304950129294422,1,0.416684711579982,1.1016456620505,1650,34,"CFI;FCMR;MBL2;TREM2;PTPRC;FOXJ1"
"GOBP_HYDROCARBON_METABOLIC_PROCESS",0.266042519992198,1,0.67546757274822,1.20455207344677,1363,6,"BCO1;CYP1A1"
"GOBP_HYDROGEN_PEROXIDE_METABOLIC_PROCESS",0.925574204946996,1,-0.260436098606608,-0.734829474516786,4190,44,"DUOXA2;MT3;DUOXA1;CYBB;MAOB;MPV17L;NOXO1;NOX1;TPO;SNCA"
"GOBP_HYDROGEN_SULFIDE_METABOLIC_PROCESS",0.511179487179487,1,-0.54607052512224,-0.983845377764408,2491,6,"ENSG00000274276;CBS;CTH"
"GOBP_HYPEROSMOTIC_SALINITY_RESPONSE",0.454650491045638,1,0.517873029882989,1.01855315593751,2360,9,"TRPV4;FXYD2;EFHD1"
"GOBP_HYPOTHALAMUS_GONADOTROPHIN_RELEASING_HORMONE_NEURON_DIFFERENTIATION",0.980810234541578,1,0.248973103911985,0.475530588679099,5059,8,"NRP2;UBB;PLXNA3;PLXNA1;NDNF;NRP1;NHLH2;SEMA3E"
"GOBP_ICOSANOID_METABOLIC_PROCESS",0.292093871041239,1,-0.333869066501065,-1.07252655510937,1281,99,"CYP4F22;ALOX12B;ALOX15B;CYP4Z1;PYCARD;DPEP3;CYP2B6;CYP2S1;CYP2C18;ALOXE3;AKR1C4;COMT;CYP4F3;CYP1B1;ALOX5;CYP2A13;PTGS1;PLA2G4C;FAAH2;PLA2G3"
"GOBP_IMIDAZOLE_CONTAINING_COMPOUND_METABOLIC_PROCESS",0.591664912649968,1,-0.442253651883109,-0.903648541338997,2810,10,"UROC1;HAL;FTCD"
"GOBP_IMMUNE_COMPLEX_CLEARANCE",0.741166969513426,1,-0.579428320783683,-0.834336537380672,3670,2,"CR1;CLU"
"GOBP_IMMUNE_RESPONSE_IN_GUT_ASSOCIATED_LYMPHOID_TISSUE",0.797685472205001,1,-0.398257987678571,-0.742729880697314,3859,7,"RORC;ZBTB16"
"GOBP_IMMUNE_RESPONSE_INHIBITING_SIGNAL_TRANSDUCTION",0.858078182168303,1,0.354002713224672,0.696252865006121,4455,9,"CLEC12B;LILRB5;LYN;NCR1;LILRB3"
"GOBP_IMMUNE_RESPONSE_REGULATING_CELL_SURFACE_RECEPTOR_SIGNALING_PATHWAY",0.637210796915167,1,0.267695924462622,0.948153116243781,3965,320,"CD38;FCMR;RGCC;SH2D1A;CLEC7A;CLEC12B;BANK1;MBL2;TYROBP;GATA3;BLK;CD80;FPR1;ZNF683;CD8B;TREM2;CD3E;LCP2;IFI35;NFATC2;FYB1;CD72;CD200R1;CD79B;RAB7B;LAPTM5;TRAC;PTPRC;TRIL;FCER1G;TEC;FYB2;MEF2C;FCGR2A;CD5;TLR4;SYK;TESPA1;NFKBIZ;OAS1;BTN1A1;LILRB5;TLR2;COLEC10;GBP1;ITPRIPL1;STAP1;BLNK;BTN3A2;LGALS3;C3AR1;CYBA;CMKLR1;CD226;CD4;GCSAML;BTN2A3P;BTLA;ELF1"
"GOBP_IMMUNE_RESPONSE_REGULATING_CELL_SURFACE_RECEPTOR_SIGNALING_PATHWAY_INVOLVED_IN_PHAGOCYTOSIS",0.749409491088684,1,-0.333277528703747,-0.818443513260227,3489,22,"VAV1;MYO1G;NOS2"
"GOBP_IMMUNE_RESPONSE_REGULATING_SIGNALING_PATHWAY",0.667442582247052,1,0.259059934879928,0.948350788714298,4300,502,"STING1;CD38;FCMR;TLR3;RGCC;SH2D1A;CLEC7A;CLEC12B;TLR10;LRRC19;BANK1;MBL2;TYROBP;GATA3;BLK;CD80;FPR1;ZNF683;CD8B;TREM2;CD3E;LCP2;IFI35;NFATC2;FYB1;NLRP6;P2RX7;CD72;CD200R1;CD79B;HAVCR2;RAB7B;RNF135;BIRC3;LAPTM5;TRAC;PTPRC;TRIL;FCER1G;TEC;FYB2;MEF2C;FCGR2A;CD5;TLR4;NLRC4;SYK;TESPA1;ENPP3;NFKBIZ;OAS1;ALPK1;BTN1A1;LILRB5;GFI1;TLR2;COLEC10;GBP1;KCNK13;ITPRIPL1;STAP1;BLNK;DDX60;NOD1;BTN3A2;LGALS3;C3AR1;CYBA;CMKLR1;IFI16;NR1H4;CD226;CD4;GCSAML;BTN2A3P;BTLA"
"GOBP_IMMUNE_RESPONSE_TO_TUMOR_CELL",0.845114729829756,1,0.292858608333158,0.769784174390768,4566,33,"HAVCR2;TGFB1;MICA;CD226;AHR;BTLA;SLC22A13;IL12A;CD274"
"GOBP_IMMUNOGLOBULIN_PRODUCTION_INVOLVED_IN_IMMUNOGLOBULIN_MEDIATED_IMMUNE_RESPONSE",0.851513802315227,1,-0.277157951354668,-0.799886344252327,3824,51,"AICDA;CCR6"
"GOBP_IMMUNOLOGICAL_SYNAPSE_FORMATION",0.886700431438754,1,0.309515347221439,0.69514391333342,4726,16,"HAVCR2;CD6;LGALS3;NEDD9;DOCK2;CD2AP;CD81;NCK2"
"GOBP_IMP_METABOLIC_PROCESS",0.790492579049258,1,-0.336361782284685,-0.775828378768578,3674,17,"AMPD3;PNP;PPAT;HPRT1;XDH"
"GOBP_IMPORT_ACROSS_PLASMA_MEMBRANE",0.959305210918114,1,-0.235712108058226,-0.823347473981633,3865,205,"KCNJ1;ATP4A;CACNA1F;FXYD4;SLC6A14;KCNJ10;TRPM1;SLC6A13;TRPV5;MS4A1;SCNN1A;ATP12A;SLC30A8;SLC12A1;LRRC8E;SLC39A4;SCNN1G;TRPM2;SLC15A1;RGS4;ABCC8;SLC6A7;SLC7A3;RGS2;STEAP2;SLC7A10;HCN1;GFAP;AQP8;LRP2;KCNQ1;SLC12A8;SLC1A6;SLC7A7;NALF2;SLC6A6;SLC46A1;P2RX5;KCNJ11;NEDD4L"
"GOBP_IMPORT_INTO_THE_MITOCHONDRION",0.445948717948718,1,-0.576682590727693,-1.03899858209274,2173,6,"SFXN3;SFXN1;SFXN2;MPC2"
"GOBP_INFLAMMASOME_MEDIATED_SIGNALING_PATHWAY",0.961487088156723,1,-0.243389457004811,-0.724633639355831,4318,61,"PYDC1;PYDC5;PYCARD;PTPN22;USP50;PLCG2"
"GOBP_INFLAMMATORY_CELL_APOPTOTIC_PROCESS",0.790194819096553,1,-0.333200430954357,-0.779230683555186,3690,18,"CCL5;FASLG"
"GOBP_INHIBITORY_SYNAPSE_ASSEMBLY",0.943866493281318,1,-0.26151417781435,-0.683028915799622,4354,29,"GABRG1;GABRA1;FGF13;SEMA4A;GABRG3;GABRA5;GABRB2;GABRG2;SEMA4D;GABRB3"
"GOBP_INNATE_IMMUNE_RESPONSE_ACTIVATING_CELL_SURFACE_RECEPTOR_SIGNALING_PATHWAY",0.861743772241993,1,0.265446511420404,0.816538877161862,4842,87,"CLEC7A;MBL2;TYROBP;TREM2;IFI35;RAB7B;TRIL;TLR4;SYK;OAS1;TLR2;COLEC10;CYBA;IRF3;LYN;CD36"
"GOBP_INNATE_IMMUNE_RESPONSE_IN_MUCOSA",0.825209362250376,1,-0.311831276753571,-0.765777058787179,3842,22,"H2BC17;H2BC19P;LTF;NOS2;H2BC7;H2BC15"
"GOBP_INNER_MITOCHONDRIAL_MEMBRANE_ORGANIZATION",0.998718887262079,1,0.196046128500824,0.544167816936142,5456,45,"TIMM10;MTX1;BCS1L;ADCK1;SAMM50;TIMM22;UQCC3;ROMO1;OXA1L;MICOS13;MTX3;TIMM13;TIMM29;MICU1;TAFAZZIN;COX18;MAIP1;NDUFA13;MICOS10;TMEM126A;TIMM8B;PINK1;AGK;TIMM10B;CHCHD3;CHCHD6;TMEM11;MTX2;OMA1;DNAJC11;TRMT10B;SLC25A46;AFG3L2;TOMM70;LETM1;IMMT;CIBAR1;TIMM9;OPA1;HSPA9;GHITM;CHCHD10;APOO;TIMM8A;APOOL"
"GOBP_INORGANIC_ION_IMPORT_ACROSS_PLASMA_MEMBRANE",0.733754090696587,1,-0.270932044543827,-0.89441597825984,3138,125,"KCNJ1;ATP4A;CACNA1F;FXYD4;KCNJ10;TRPM1;TRPV5;MS4A1;SCNN1A;ATP12A;SLC30A8;SLC12A1;SLC39A4;SCNN1G;TRPM2;ABCC8"
"GOBP_INOSINE_METABOLIC_PROCESS",0.781727986771393,1,-0.431470349363747,-0.745424891160655,3781,5,"PNP;XDH;ADA2;MAPDA"
"GOBP_INOSITOL_METABOLIC_PROCESS",0.337394177162916,1,-0.585258532454459,-1.13047560487307,1633,8,"ITPKA;PPIP5K1;MIOX;MECP2;PPIP5K2"
"GOBP_INOSITOL_PHOSPHATE_METABOLIC_PROCESS",0.675091575091575,1,0.321296948451613,0.877219248062681,3685,40,"PLEK;GPER1;PTH1R;ITPKB;NTSR1;NUDT4;NUDT4B;INPP4B;LHCGR;IP6K3;AVPR1B"
"GOBP_INOSITOL_TRISPHOSPHATE_METABOLIC_PROCESS",0.516778523489933,1,0.458570105761531,0.961595550131046,2694,12,"GPER1;ITPKB;NTSR1;LHCGR"
"GOBP_INSULIN_METABOLIC_PROCESS",0.72425604795547,1,-0.351421285352167,-0.821842419640573,3382,18,"SLC30A8;PCSK2;CEACAM1;HID1"
"GOBP_INTERFERON_ALPHA_PRODUCTION",0.45097312326228,1,0.398233332668743,1.00330561042502,2432,27,"TLR3;HAVCR2;TLR4;IRF3"
"GOBP_INTERFERON_BETA_PRODUCTION",0.409041394335512,1,0.352693547667214,1.02231202405402,2252,60,"STING1;TLR3;RNF135;TRIM38;TLR4;OAS1;TLR2;POLR3G;IRF3;TRIM56;IRF1;OAS3;TRADD;TRAIP"
"GOBP_INTERFERON_MEDIATED_SIGNALING_PATHWAY",0.862105825761625,1,0.265034753365147,0.817640417911791,4838,89,"STING1;IFNA21;PPARG;IFITM2;OTOP1;WNT5A;OAS1;IFITM3;PARP14;IFI27;IKBKE;SMIM30;IRF3;RBM47;IL10RB;TRIM56;TRIM6"
"GOBP_INTERMEMBRANE_LIPID_TRANSFER",1,1,0.173915165713802,0.481607185984446,5473,44,"CIDEA;FABP1;CIDEC;PLTP;NME4;TRIAP1;TTPA;GLTPD2;PLEKHA8P1;SCP2"
"GOBP_INTERNEURON_MIGRATION",0.434647945488334,1,-0.536463220843363,-1.03622339606343,2104,8,"ARX;LHX6;SOX1;FEZF2"
"GOBP_INTERNEURON_MIGRATION_FROM_THE_SUBPALLIUM_TO_THE_CORTEX",0.509395003097254,1,-0.505824814304576,-0.977042761790527,2466,8,"ARX;LHX6;FEZF2"
"GOBP_INTERSTRAND_CROSS_LINK_REPAIR",0.999817751047931,1,0.176410293956144,0.487068352551018,5485,43,"EXO5;RAD51;FIGNL1;HROB;FANCM;RAD51AP1;FANCL;FAAP20;FIRRM;ERCC1;FANCA;VCP;FANCC;CENPX;FANCI;NEIL3;FANCE;DCLRE1A;SPRTN;CENPS;FAN1;FAAP100;HMCES;DCLRE1C;RNF8;MCM9;NUCKS1;DCLRE1B;RAD51D;FANCG;FANCF;ERCC4;MCM8;XRCC3;FAAP24;ERCC6L2;XPA;RFWD3;FANCB;RNF168;FANCD2;ATR"
"GOBP_INTESTINAL_LIPID_ABSORPTION",0.746497291238558,1,0.355434859224911,0.809364597331888,3995,17,"APOA4;APOA1;LIMA1;CD36"
"GOBP_INTRACELLULAR_DISTRIBUTION_OF_MITOCHONDRIA",0.460778617083091,1,0.557339967074065,1.03142142422358,2378,7,"LRRK2;BHLHA15"
"GOBP_INTRACELLULAR_GLUTAMATE_HOMEOSTASIS",0.607069036792063,1,-0.530031072929995,-0.915702215536305,2936,5,"SLC7A11;GRM2;SLC1A1;KCTD7;GLS"
"GOBP_INTRACELLULAR_IRON_ION_HOMEOSTASIS",0.989448790249227,1,0.223212300751685,0.664564839173423,5438,71,"SCARA5;HFE;CYBRD1;BMP2;HEPHL1;B2M;CP;BMP6;SMAD9"
"GOBP_INTRACELLULAR_LIPID_TRANSPORT",0.999113867966327,1,-0.189528665634869,-0.539456805815643,4509,47,"CES1;FABP3;STAR;SYT7;ABCD2;SERAC1;STARD4;CPT1B;TMEM97;VPS53;OSBPL2;PLEKHA8;PIP4K2A;TMEM41B;ABCA2;LDLR;NPC1;RELCH;TPCN2;CERT1;GRAMD1A;VPS4A;ARV1;GRAMD1B"
"GOBP_INTRACELLULAR_SPHINGOLIPID_HOMEOSTASIS",0.918280402788536,1,0.333906050082252,0.569814838357803,4741,5,"ORMDL1;ORMDL3;ORMDL2;ABCA2;RTN4"
"GOBP_INTRINSIC_APOPTOTIC_SIGNALING_PATHWAY_IN_RESPONSE_TO_OXIDATIVE_STRESS",0.683369644153958,1,0.305037853961861,0.884177972518751,3763,60,"WNT1;TREM2;MMP2;CA3;GATA4;HSPB1;FZD1;P4HB;UACA;PYCR1;MELK"
"GOBP_IRE1_MEDIATED_UNFOLDED_PROTEIN_RESPONSE",0.972528499345917,1,0.248604138523057,0.604608743814052,5203,23,"BCL2L11;BAX;HSPA5;XBP1;BBC3;BAK1;DNAJC10;DDRGK1;TMBIM6;UFL1;COPS5"
"GOBP_IRON_COORDINATION_ENTITY_TRANSPORT",0.944011786992212,1,-0.288699625854024,-0.589894497597176,4484,10,"SLC46A1;ABCB7;FLVCR1;ABCB6"
"GOBP_IRON_IMPORT_INTO_CELL",0.842798992052723,1,0.367993473244017,0.70285565071983,4347,8,"CYBRD1;SLC39A8"
"GOBP_IRON_ION_IMPORT_ACROSS_PLASMA_MEMBRANE",0.468321226795803,1,-0.674459659413508,-1.0449548091394,2320,3,"STEAP2"
"GOBP_IRON_ION_TRANSMEMBRANE_TRANSPORT",0.945190872254212,1,-0.270146334268201,-0.642162230881464,4431,19,"HAMP"
"GOBP_IRON_ION_TRANSPORT",0.997260273972603,1,0.207191945174056,0.579891025766301,5459,48,"SCARA5;HFE;CYBRD1;B2M;FLVCR2;MELTF;HEPH;SLC40A1;MCOLN2;FTL"
"GOBP_ISOCITRATE_METABOLIC_PROCESS",0.775527077304671,1,-0.434361854529148,-0.75042036750425,3751,5,"IDH1;IDH3A"
"GOBP_ISOLEUCINE_METABOLIC_PROCESS",0.812525837122778,1,-0.413927983915189,-0.715118021002661,3930,5,"ACAT1;ACADSB;HSD17B10;BCAT2;BCKDK"
"GOBP_KERATAN_SULFATE_PROTEOGLYCAN_METABOLIC_PROCESS",0.88006725200822,1,0.309098831794872,0.703852323536757,4710,17,"CHST2;CHST3;GLB1;ST3GAL6;GNS;ST3GAL1;B4GALT4;B3GNT2"
"GOBP_L_AMINO_ACID_METABOLIC_PROCESS",0.892857142857143,1,-0.247545828674996,-0.845550344153222,3724,164,"IDO1;KYNU;PAH;UROC1;DCT;TDO2;MAT1A;IL4I1;ACMSD;DAO;NOS2;ENSG00000274276;MTTP;NOS1;ABCC4;GLS2;HAL;RIMKLA;TH;UCP2;FTCD"
"GOBP_L_ASCORBIC_ACID_METABOLIC_PROCESS",0.553407350689127,1,0.45548104721237,0.936555675421327,2890,11,"SLC23A1;ATP1A2;SLC2A1;GSTO1;SELENON"
"GOBP_L_ASPARTATE_IMPORT_ACROSS_PLASMA_MEMBRANE",0.423384615384615,1,-0.588347465047679,-1.06001497494667,2063,6,"SLC1A6;SLC1A4;SLC1A2;SLC1A3;SLC1A1"
"GOBP_L_GLUTAMATE_CATABOLIC_PROCESS",0.892126472411655,1,-0.344777663108585,-0.64299193113589,4316,7,"GAD2;GOT1"
"GOBP_L_GLUTAMATE_IMPORT",0.994339967135293,1,0.212843260042716,0.585284867416254,5445,42,"KMO;SLC1A7;NTSR1;TTYH2;ATP1A2;SLC25A18;ITGB1"
"GOBP_L_GLUTAMATE_IMPORT_ACROSS_PLASMA_MEMBRANE",0.976664525797474,1,-0.246267506922378,-0.575927219562459,4561,18,"KCNJ10"
"GOBP_L_GLUTAMATE_TRANSMEMBRANE_TRANSPORT",0.982264917790504,1,0.233351718533681,0.60965058043908,5316,32,"SLC1A7;NTSR1;TTYH2;ATP1A2;SLC25A18;ITGB1;SLC38A6;EPM2A"
"GOBP_L_GLUTAMINE_IMPORT_ACROSS_PLASMA_MEMBRANE",0.997312939231087,1,-0.225488115988776,-0.38956200482099,4824,5,"SLC38A1;SLC38A5"
"GOBP_L_HISTIDINE_METABOLIC_PROCESS",0.354325831096428,1,-0.575898482260797,-1.11239588827339,1715,8,"UROC1;HAL;FTCD"
"GOBP_L_KYNURENINE_METABOLIC_PROCESS",0.620297643654403,1,-0.521290927175671,-0.900602401129005,3000,5,"KYNU"
"GOBP_L_LEUCINE_IMPORT_ACROSS_PLASMA_MEMBRANE",0.660921766072812,1,0.507183803058208,0.865515484628441,3412,5,"SLC7A8;SLC43A1;SLC3A2"
"GOBP_L_LEUCINE_METABOLIC_PROCESS",0.369931378665003,1,-0.548484823095795,-1.09176134208617,1778,9,"DAO"
"GOBP_L_PHENYLALANINE_METABOLIC_PROCESS",0.683199008059516,1,-0.449712008026085,-0.83868888108515,3305,7,"PAH;IL4I1"
"GOBP_L_SERINE_CATABOLIC_PROCESS",0.580405126085159,1,-0.544592244214412,-0.940858659161839,2807,5,"ENSG00000274276;CBS"
"GOBP_L_SERINE_METABOLIC_PROCESS",0.695579300230463,1,-0.380335490288265,-0.829266962590191,3319,13,"ENSG00000274276;NDP;CBS"
"GOBP_L_TYROSINE_CATABOLIC_PROCESS",0.933772269558482,1,0.320999946338524,0.547790411376772,4821,5,"HPD;FAH;GSTZ1"
"GOBP_LACTATE_METABOLIC_PROCESS",0.99397719939772,1,-0.20476095213663,-0.472287179751055,4620,17,"LDHD"
"GOBP_LACTONE_METABOLIC_PROCESS",0.583125599232982,1,0.434565110382147,0.911258433847813,3040,12,"SLC23A1;ATP1A2;SLC2A1;PON2;GSTO1;SELENON"
"GOBP_LEUKOCYTE_CHEMOTAXIS_INVOLVED_IN_INFLAMMATORY_RESPONSE",0.836161497952019,1,0.388455764091479,0.692727845061419,4286,6,"SLAMF8;PTN;MDK"
"GOBP_LEUKOCYTE_MIGRATION_INVOLVED_IN_INFLAMMATORY_RESPONSE",0.504550264550265,1,-0.43504209714928,-0.962063409442375,2383,14,"CCR6;SLAMF1;ALOX5;FUT7"
"GOBP_LEUKOTRIENE_B4_METABOLIC_PROCESS",0.700968523002421,1,-0.547450985246941,-0.848177547489411,3473,3,"CYP4F3"
"GOBP_LINOLEIC_ACID_METABOLIC_PROCESS",0.349541480059714,1,-0.45466406428882,-1.08077753716797,1638,19,"ALOX12B;ALOX15B;CYP2C18;ALOXE3"
"GOBP_LIPID_BIOSYNTHETIC_PROCESS",0.490002984183826,1,0.265141776781912,0.990429600472379,3283,694,"APOA4;ABCA8;GGT5;BCO1;GGTLC3;APOC3;MOGAT2;CYP19A1;DGKG;ACSM2B;THRSP;INHBA;SNAI2;IGFBP7;ALDH1A3;AVPR1A;GSTM1;BMP5;DAB2;LPL;ACSM1;PLA2G4A;DKKL1;SNAI1;GPER1;P2RX7;DHRS9;HSD17B2;EDN2;CERS3;ACSL5;PIPSL;CYP21A2;ACSM3;SGMS2;ADM;ADGRF5;NR3C1;DHH;SPHK1;LIPH;HSD17B6;PLD1;EDN1;SPTLC3;ALOX15;PDGFB;ELOVL3;RPE65;PLP1;BMP2;ITPKB;ACADL;ACSS3;PTGS2;GFI1;APOE;FAXDC2;CYP27B1;PDK4;KIF12;BMP6;DGAT2L6;AKR1B15;APOA1;NR1H4;LCAT;RAB38;CCN1;FABP1;GPAT3;CYP1A1;PNPLA2;FUT6;SDR42E2;SEC14L2;INPP4B;P2RX1;LHCGR;CERKL;CYP27A1;ACSBG1;PTGDS;TECRL;CARTPT;SIK1;WNT4;MBOAT1;HEXB;LPCAT2;SLC44A3;CYP7B1;ALDH1A2;ST8SIA5;SH3YL1;UGT8;CCDC3;H6PD;PLSCR1;CRH;ST3GAL6;ST6GALNAC3;AGPAT2;HSD17B8;GIP;CYP17A1;IP6K3;ELOVL1;DHRSX;LIPA;PRLR;ABCD1;TMEM38B;ABCG2;SMPD2;NR5A1;HSD17B13;PIP5K1B;DGKA;ABHD4;AJUBA;BGLAP;SYNJ2;PI4KAP2"
"GOBP_LIPID_DIGESTION",0.729310666915748,1,0.360368472711037,0.820598982449029,3903,17,"APOA4;APOA1;LIMA1;CD36;AQP1"
"GOBP_LIPID_DROPLET_DISASSEMBLY",0.584737555684679,1,0.498799994504665,0.923086502185744,3018,7,"PLIN3;PNPLA2;PLIN2;CHKA;KAT5"
"GOBP_LIPID_DROPLET_FORMATION",0.557048411175091,1,-0.390234993747285,-0.927623818518969,2611,19,"SMIM22;PLIN5;PLA2G4C;BSCL2;FITM1;PISD;CDS2;SQLE;NEGR1"
"GOBP_LIPID_DROPLET_ORGANIZATION",0.987219280628081,1,0.227394923910976,0.625299611862994,5406,42,"CIDEA;PLIN3;PTGFRN;FABP1;PNPLA2;CIDEC;LDAH"
"GOBP_LIPID_HOMEOSTASIS",0.4926243567753,1,0.296332360206473,0.984215323482368,2871,164,"APOA4;APOC3;ITGB6;TREM2;LPL;ACSM1;PPARG;ETNPPL;ACSM3;TGFB1;MYLIP;ABCB4;CAV1;APOE;LDLRAP1;APOA1;NR1H4;LCAT;LIMA1;FABP1;PNPLA2;NPC2;TLCD2;CYP7B1;ABCA12;TSKU;LIPA;FURIN;ABCD1;PCSK9;LDAH;PCSK5;ABHD4;PLSCR3;SURF4;TTC39B;HSDL2"
"GOBP_LIPID_HYDROXYLATION",0.759101471727343,1,0.448668187612033,0.765657857165099,3919,5,"CYP1A1;CYP3A5"
"GOBP_LIPID_MODIFICATION",0.949744463373083,1,0.240411230629938,0.803764780428899,5574,172,"TWIST1;FMO1;DGKG;ACSM1;FMO2;ALOX15;ABCC9;ACADL;FMO4;ADH4;ACOX2;PDK4;APOD;BDH2;DECR1;FABP1;CYP1A1;PLPP3;MBOAT1;IRS1"
"GOBP_LIPID_OXIDATION",0.487530734106077,1,0.31021181696915,0.98247510848956,2775,109,"TWIST1;FMO1;ACSM1;FMO2;ALOX15;ABCC9;ACADL;FMO4;ADH4;ACOX2;PDK4;APOD;BDH2;DECR1;FABP1"
"GOBP_LIPID_PHOSPHORYLATION",0.296134069701009,1,0.571096950041253,1.15169120825918,1554,10,"DGKG;DGKA"
"GOBP_LIPID_TRANSPORT_ACROSS_BLOOD_BRAIN_BARRIER",0.633703920421299,1,0.4935300782846,0.880105430801571,3248,6,"APOE;CD36;SLC27A1"
"GOBP_LIPOPROTEIN_METABOLIC_PROCESS",0.622844827586207,1,0.302250819665529,0.922555841900865,3467,83,"APOA4;APOC3;APOL4;ITGB3;NOTUM;APOE;APOD;ITGAV;APOA1;LCAT;FABP1;APOLD1;LIPA;PCSK9;APOL1"
"GOBP_LIPOSACCHARIDE_METABOLIC_PROCESS",0.999536607970343,1,-0.192551102178035,-0.630416894634204,4313,115,"GBA3;FA2H;A3GALT2;FUT9;AOAH;FUT1;ST8SIA6"
"GOBP_LIPOXIN_A4_METABOLIC_PROCESS",0.545865898807075,1,-0.590496525781778,-0.973028548375463,2653,4,"ALOX15B;CYP4F3"
"GOBP_LONG_CHAIN_FATTY_ACID_METABOLIC_PROCESS",0.434564523483812,1,-0.312228805359083,-0.999119040677965,1905,97,"ALOX12B;ALOX15B;CYP4Z1;CYP2B6;CYP2S1;CYP2C18;ALOXE3;CYP4F3;CYP1B1;ALOX5;CYP2A13;PTGS1;PLA2G4C;FAAH2;ACOT4"
"GOBP_LONG_CHAIN_FATTY_ACYL_COA_METABOLIC_PROCESS",0.888373817912108,1,0.292864434542605,0.720709417305815,4790,24,"ACSL5;ELOVL3;ACSBG1;ELOVL1"
"GOBP_LONG_TERM_SYNAPTIC_DEPRESSION",0.356298485408201,1,0.402365520632253,1.06378808255874,1928,34,"CD38;PENK;CBLN1;SLC24A1;PLK2;GRID2;DRD1"
"GOBP_LONG_TERM_SYNAPTIC_POTENTIATION",0.997715330134796,1,-0.206313507712829,-0.661243222733787,4366,98,"NR2E1;ARC;GRIN2B;PRKCG;ADCY8;ADORA2A;FAM107A;GRIA1;CRHR2;TNR;GRIA3;CAMK2A;GFAP;SNCA;EPHA4;SHISA7;SERPINE2;SHANK3;SNAP25;GRIN2C;IGSF11;STX3;ZDHHC2;CHRNA7;CAMK2B;BRAF;SYT12;RASGRF2;EPHB2;PRRT1;GSK3B;SLC8A2;ADORA1;PRKAR1B;VAMP2;MECP2;RGS14;SHANK2;LRRTM1;NSG1;HMGCR;CALM3"
"GOBP_MACROAUTOPHAGY",1,1,0.116460973108942,0.418642806314278,6319,385,"STING1;ATP6V0D2;DCN;MAP1LC3C;LRRK2;RUBCNL;CHMP4C"
"GOBP_MAINTENANCE_OF_CENTROSOME_LOCATION",0.825846153846154,1,-0.395152445711779,-0.711939006667331,4025,6,"ASPM;PAFAH1B1;GPSM2;AKAP9;TBCCD1;SPOUT1"
"GOBP_MAINTENANCE_OF_POSTSYNAPTIC_DENSITY_STRUCTURE",0.380657160570366,1,-0.586417367902905,-1.09363707741346,1841,7,"PPFIA2;SHANK1;CSMD2;TANC2;ARF6"
"GOBP_MAINTENANCE_OF_POSTSYNAPTIC_SPECIALIZATION_STRUCTURE",0.313710450623202,1,0.541772154543186,1.13606553599583,1635,12,"ITGB3;RAPSN"
"GOBP_MAINTENANCE_OF_PROTEIN_LOCATION_IN_MITOCHONDRION",0.921661843737081,1,-0.3356787494794,-0.579931612136523,4458,5,"HK2"
"GOBP_MAINTENANCE_OF_SYNAPSE_STRUCTURE",0.327269352144051,1,0.406424417189878,1.08446457219834,1762,36,"ITGB3;RAPSN;CBLN1;CBLN3;C1QL4;CBLN4;PLXNA4;GRN;C1QL1"
"GOBP_MALONYL_COA_METABOLIC_PROCESS",0.686756387751121,1,0.468343545450977,0.835190631673256,3520,6,"NUDT7;NUDT8;MLYCD;NUDT19;ACACB;ACACA"
"GOBP_MANNOSE_METABOLIC_PROCESS",0.792220296553052,1,0.381368303212027,0.750075532797897,4113,9,"MAN2A1;MAN2B2;MAN2B1;MAN2C1;PMM1;MPI"
"GOBP_MAST_CELL_ACTIVATION_INVOLVED_IN_IMMUNE_RESPONSE",0.770348837209302,1,0.29547364492031,0.837487879785733,4239,52,"GATA2;GATA1;FCER1G;SYK;MILR1;ENPP3;SLC18A2;PTGDS;LYN;VAMP8;VAMP3;CD84;UNC13D;SNAP23;BTK;ADORA2B"
"GOBP_MATURE_CONVENTIONAL_DENDRITIC_CELL_DIFFERENTIATION",0.44220485396956,1,-0.642047995395948,-1.0579757910013,2149,4,"CCR7;F2RL1"
"GOBP_MEDIUM_CHAIN_FATTY_ACYL_COA_METABOLIC_PROCESS",0.72810610493466,1,0.448097983963562,0.799086999090956,3732,6,"NUDT7;HSD17B4;NUDT8"
"GOBP_MEIOTIC_CYTOKINESIS",0.343795168284121,1,-0.58069134161635,-1.12165369534255,1664,8,"ORC4;SPIRE1;CENPV;FMN2"
"GOBP_MEMBRANE_LIPID_BIOSYNTHETIC_PROCESS",1,1,-0.146984125893023,-0.496495038449442,4148,152,"CYP4F22;ALOX12B;FA2H;ALOXE3;A3GALT2;FUT9;FUT1;ST8SIA6"
"GOBP_MEMBRANE_LIPID_CATABOLIC_PROCESS",0.309948979591837,1,0.388600644352624,1.08559136442211,1700,47,"LCT;ETNPPL;SPHK1;BLVRB;ALDH3B1;SUMF1;FABP1;ENPP2;PLPP3;HEXB;GLB1;MGST2;SMPD2;HEXA;CEL;GM2A;GBA1"
"GOBP_MEMBRANE_LIPID_METABOLIC_PROCESS",1,1,0.1842946036043,0.628321614876266,5992,210,"ABCA8;LCT;P2RX7;CERS3;ETNPPL;SGMS2;SPHK1;BLVRB;ALDH3B1;SPTLC3;ELOVL3;SUMF1;CCN1;FABP1;ENPP2;FUT6;P2RX1;CERKL;TECRL;PLPP3;HEXB;ST8SIA5;BAX;GLB1;UGT8;ST3GAL6;ST6GALNAC3;ABCA12;ELOVL1;MGST2;ABCG2;SMPD2"
"GOBP_METALLO_SULFUR_CLUSTER_ASSEMBLY",0.954269614217599,1,-0.256338955764516,-0.669512148428678,4402,29,"FXN;BOLA2B;ABCB7;XDH;HSPA9;MMS19;ISCA1;LYRM4;GLRX5;NFU1;BOLA3;GLRX3;CIAO2B;ISCA2;NDUFAB1;NUBP1;CIAPIN1;NFS1;CIAO1;ISCU;CIAO3;NUBPL;FDX2;CIAO2A;BOLA2;HSCB;NDOR1;NUBP2;BOLA1"
"GOBP_METHIONINE_METABOLIC_PROCESS",0.902329557597777,1,-0.30538994978447,-0.685795178766745,4221,15,"MAT1A;MRI1;SMS"
"GOBP_METHYLGLYOXAL_METABOLIC_PROCESS",0.902282036278525,1,0.34612853695986,0.617246280495403,4625,6,"PARK7;PNKD;TPI1;GATD1;GLO1"
"GOBP_MICROAUTOPHAGY",0.983465750483144,1,-0.230558197380935,-0.566191371525481,4579,22,"ATG9B;ATG4A;SNX30;ULK3;VPS4A;RB1CC1;ATG16L1;ATG2B;SNX7;VPS4B;ATG4D;ATG2A;ULK2;ULK1;ATG13;ATG7;ATG9A;ATG5;ZNF418;ATG12;ATG4B;ATG4C"
"GOBP_MITOCHONDRIAL_ADP_TRANSMEMBRANE_TRANSPORT",0.613890037205457,1,-0.526010625379973,-0.908756334592663,2969,5,"SLC25A31;SLC25A41;SLC25A4"
"GOBP_MITOCHONDRIAL_ATP_TRANSMEMBRANE_TRANSPORT",0.358661986372083,1,-0.57438717245841,-1.10947666750468,1736,8,"SLC25A31;SLC25A23;SLC25A41;ADCY10;SLC25A4"
"GOBP_MITOCHONDRIAL_CALCIUM_ION_HOMEOSTASIS",0.437604301872798,1,0.411663440499375,1.01306161942054,2359,24,"FATE1;TGM2;ANXA6;ATP2A1;SLC8B1;DISC1"
"GOBP_MITOCHONDRIAL_CALCIUM_ION_TRANSMEMBRANE_TRANSPORT",0.999349099587763,1,-0.159606379865379,-0.398502046718366,4605,24,"UCP2;SLC25A23;MICU3;GHITM;SLC8A3;HSPA9;LETM2;MCUB;LETM1;AFG3L2;MCUR1;SMDT1;MCU;VDAC1;MAIP1;PSEN2;MICU1;SPG7;MICU2;PMPCB;SELENON;SLC8B1;ITPR1;BHLHA15"
"GOBP_MITOCHONDRIAL_DEPOLARIZATION",0.332403273809524,1,0.434904861878096,1.08806297537726,1786,26,"DCN;LRRK2;P2RX7;CDKN2A;ABCD1;BOK;KDR;TSPO;IFI6"
"GOBP_MITOCHONDRIAL_DNA_METABOLIC_PROCESS",0.878935532233883,1,0.302743233357718,0.713134033198289,4689,20,"DNA2;SSBP1;TEFM;NEURL4;MGME1;TOP3A;POLG2;POLG;PRIMPOL;METTL4;RRM2B;POLRMT;TWNK;SESN2;DNAJA3;PARP1;RRM1;LIG3;STOX1;ENDOG"
"GOBP_MITOCHONDRIAL_DNA_REPAIR",0.901696898771211,1,0.347188710974629,0.619136874299202,4622,6,"DNA2;NEURL4;MGME1;PRIMPOL"
"GOBP_MITOCHONDRIAL_DNA_REPLICATION",0.913394702235581,1,0.302687877125617,0.669699036515716,4861,15,"DNA2;SSBP1;TEFM;MGME1;POLG2;POLG;PRIMPOL;METTL4;RRM2B;POLRMT;TWNK;DNAJA3;RRM1;LIG3;ENDOG"
"GOBP_MITOCHONDRIAL_ELECTRON_TRANSPORT_NADH_TO_UBIQUINONE",0.911071587372165,1,-0.262340706020214,-0.760178852112293,4097,52,"SNCA;NDUFC2-KCTD14;NDUFB1;NDUFA5;DLD;NDUFA1;NDUFS1;NDUFS7;NDUFAF1;NDUFA6;NDUFV1;NDUFA3;NDUFB8;NDUFB2;NDUFS2;NDUFB3;PINK1;NDUFA4;NDUFA7;NDUFAB1;NDUFS5;NDUFS6;MT-ND1;MT-ND5;MT-ND6;NDUFA2;MT-ND2;NDUFB10;ISCU;NDUFB9;NDUFS8;NDUFS3;NDUFC2;NDUFA11;NDUFB7;MT-ND3;NDUFV2;NDUFS4;NDUFA8;NDUFB4;NDUFB6;NDUFA9;NDUFB5;DNAJC15;NDUFC1;NDUFV3;NDUFA10;PARK7;MT-ND4;MT-ND4L;NDUFA4L2;COQ9"
"GOBP_MITOCHONDRIAL_ELECTRON_TRANSPORT_SUCCINATE_TO_UBIQUINONE",0.716498838109992,1,0.475378961490787,0.811240125879261,3699,5,"SDHC;SDHD;SDHAF2;SDHA"
"GOBP_MITOCHONDRIAL_ELECTRON_TRANSPORT_UBIQUINOL_TO_CYTOCHROME_C",0.820731476217548,1,0.342938638192057,0.746421928111107,4330,14,"UQCRFS1P1;MT-CYB;UQCC3;CYC1;UQCR11"
"GOBP_MITOCHONDRIAL_FISSION",0.370329870603244,1,0.378146741142846,1.04406214683124,2031,43,"DCN;LRRK2;PPARG;C11orf65;STAT2;KDR;AP3B1"
"GOBP_MITOCHONDRIAL_FRAGMENTATION_INVOLVED_IN_APOPTOTIC_PROCESS",0.773736600306279,1,0.374679673831048,0.77041268157941,4041,11,"ERBB4;BAX;PTPMT1"
"GOBP_MITOCHONDRIAL_FUSION",0.879565217391304,1,-0.280260098065617,-0.759140035702495,4045,35,"BCL2A1;PID1;NME3;HUWE1;PLD6;GDAP1;VAT1;BNIP3;OPA1;FUNDC1;MTCH2;MIGA2;AFG3L2;TFRC;PRKN;USP30"
"GOBP_MITOCHONDRIAL_GENE_EXPRESSION",0.999521645539345,1,-0.201206281490199,-0.690395813532286,4178,169,"MRPL23;NSUN3;MTPAP;MRPL42;YRDC;DDX3X;SLIRP;GARS1;SLC25A33;MRPL35;TRMT5;NGRN;MTO1;MRPL34;LRPPRC;MRPS10;ELAC2;TFAM;MTRF1L;CDK5RAP1;GTPBP3;MRPS30;MTIF2;MTERF1;EARS2;MRPS21;MTRF1;PUS1;TBRG4;MRPL12;PNPT1;RPUSD3;TRMT61B;MRPL44;PTCD3;MRPL32;GFM2;MRPL50;TRIT1;MRPL30;TRNT1;GFM1;TFB1M;MRPS17;PRKAA1;SUPV3L1;KANSL1;MRPS35;TRMT10C;MRPL13;DARS2;FASTKD2;TSFM;MRPS16;MTRFR;ANGEL2;RARS2;MRPS33;PRORP;RMND1;MRPS9;TWNK;FASTKD5;MRPL57;MRPL18;MRPL4;OSGEPL1;MRPS2;MRPL3;MRPL37;IARS2;KANSL3;YARS2;MRPS27;POLRMT;MTRES1;GATC;HSD17B10;SARS2;MRPL27;MRPL39;MRPL47;MRPL1;TACO1;MRPL46;KAT8;MRPS23;FOXO3;GATB;C1QBP;MRPS31;METTL4;MRPL21;MRPS18C;TFB2M;MRPL11;RPUSD4;TRUB2;ALKBH1;MRPL48;MRPL15;MRPS11;MRPL9;MRPS5;MRPL58;SHMT2;METTL8;MRPL19;MRPS14;MRPL43;MRPS24;MRPS22;MRPL20;MRPS25;DAP3;MRPL40;MRPL38;MRPS26;TARS2;FASTKD1;COA3;MRPS34;MALSU1;TUFM;MRPS6;MRPL41;MRPS15;LARS2;HARS2;AARS2;MRPL2;QRSL1;OXA1L;MRPL14;MRPL22;UQCC2;MPV17L2;MRPL36;MRPL24;TEFM;MRPL16;MRPL55;FASTK;THAP11;MRPS18B;MRPS12;MTG2;AURKAIP1;MRPL45;MRPL49;MRPS7;MTERF2;MRPL52;MTIF3;MRPL10;MRPL17;GADD45GIP1;WARS2;CHCHD1;MTG1;MTERF3;MRPL28;MRPL54;FASTKD3;MRPL51;MRPL53;MRPS18A;MRPL33;MRPS28"
"GOBP_MITOCHONDRIAL_LARGE_RIBOSOMAL_SUBUNIT_ASSEMBLY",0.482622581251174,1,0.443444871091607,0.981124866109649,2568,15,"MTG1;MTG2;GTPBP10;TUFM;MALSU1;MRM3;MRM2;NSUN4;RCC1L;GTPBP6;DHX30;NDUFAB1"
"GOBP_MITOCHONDRIAL_MEMBRANE_ORGANIZATION",1,1,0.124056922707212,0.395867595009789,5686,116,"LRRK2;IER3;BCL2L11;TMEM102;EYA2;BAX;TIMM10;CASP6;BOK;PLSCR3;MTX1;SIVA1;TOMM7;BCS1L;HSPA1A;AP3B1;ADCK1;SAMM50;ACAA2;ALKBH7;SLC25A6;BCL2;SLC9A1;BAK1;TIMM22;TOMM6;RTL10;MTCH1;UQCC3;ROMO1"
"GOBP_MITOCHONDRIAL_MRNA_CATABOLIC_PROCESS",0.529144274493592,1,-0.568049716687991,-0.981384697373518,2559,5,"SLIRP;PDE12;LRPPRC;PNPT1;SUPV3L1"
"GOBP_MITOCHONDRIAL_OUTER_MEMBRANE_PERMEABILIZATION",0.617412288843512,1,0.348080656299707,0.902759765780268,3325,31,"LRRK2;IER3;TMEM102;EYA2;CASP6;BOK;SIVA1;HSPA1A"
"GOBP_MITOCHONDRIAL_PROTEIN_CATABOLIC_PROCESS",0.994316985897706,1,-0.197849479606881,-0.404262108159351,4723,10,"AFG1L;PISD;BNIP3"
"GOBP_MITOCHONDRIAL_PROTEIN_PROCESSING",0.358194683495888,1,0.511452817022848,1.09100165465206,1872,13,"LRRK2;IMMP2L;MIPEP;IMMP1L;PMPCB;STOML2;SPG7;YME1L1"
"GOBP_MITOCHONDRIAL_PROTON_TRANSPORTING_ATP_SYNTHASE_COMPLEX_ASSEMBLY",0.886846995663845,1,-0.342497806376133,-0.661563041562129,4294,8,"ATPAF1;FMC1;ATP23;ATP5F1D;TMEM242;TMEM70;ATPAF2;OXA1L"
"GOBP_MITOCHONDRIAL_RESPIRATORY_CHAIN_COMPLEX_ASSEMBLY",1,1,0.128667609800309,0.401915597557013,5612,99,"HIGD1B;IMMP2L;SMIM20;BCS1L;FASTKD3;CMC1;NDUFAF8;SURF1;ACAD9;MT-ND4;DMAC2;TIMM21;UQCC3;RAB5IF;UQCC2;NUBPL;OXA1L;ATPAF2;NDUFS4;UQCC4;COA4;NDUFAF3;DMAC1;HIGD2A;CHCHD7;NDUFAF7;COA3;HIGD1A;TMEM126B;NDUFC2;NDUFS3;NDUFS8;UQCC1;UQCC6;COA6;COX7A1;TMEM70;COX7A2L;MT-ND2;SDHAF3;COX18;SDHAF2;ECSIT;SDHAF1;MT-ND6;MT-ND5;MT-ND1;TACO1;NDUFS6;NDUFS5;NDUFA13;TMEM126A;TIMMDC1;COA5;TMEM223;NDUFS2;COX14;CEP89;COX19;NDUFAF4;TMEM242;ATP5F1D;NDUFA6;NDUFAF1;FOXRED1;COA7;COA8;OMA1;TMEM186;PET117;NDUFS7;NDUFAF5;UQCRFS1;NDUFS1;NDUFAF2;NDUFAF6;TTC19;AIFM1;STMP1;LYRM2;COA1;CHCHD4;COX11;COX16;SDHAF4;TFAM;SCO1;ATP23;SCO2;FMC1;SLC25A33;ATPAF1;UQCC5;PET100;COX17;COX20"
"GOBP_MITOCHONDRIAL_RIBOSOME_ASSEMBLY",0.819568452380952,1,0.30975381845206,0.774954917459368,4405,26,"MTERF3;MTG1;MTG2;MPV17L2;GTPBP10;TUFM;MALSU1;MRM3;MRM2;ERAL1;NSUN4;RCC1L;GTPBP6;NOA1;DHX30;NDUFAB1;MRPS2;DDX28;MTERF4;RBFA;FASTKD2;METTL15;TFB1M;MCAT;METTL17"
"GOBP_MITOCHONDRIAL_RNA_3_END_PROCESSING",0.448275862068966,1,-0.530841409344105,-1.02536439888067,2170,8,"MTPAP;ELAC2;PNPT1;TRNT1;SUPV3L1;TRMT10C;ANGEL2"
"GOBP_MITOCHONDRIAL_RNA_CATABOLIC_PROCESS",0.949677687668954,1,-0.28651798794561,-0.570315257377131,4566,9,"SLIRP;PDE12;LRPPRC;PNPT1;SUPV3L1"
"GOBP_MITOCHONDRIAL_RNA_METABOLIC_PROCESS",0.92407856985213,1,-0.2542770267795,-0.762143707816692,4186,63,"MTPAP;YRDC;SLIRP;PDE12;GARS1;SLC25A33;TRMT5;MTO1;LRPPRC;ELAC2;TFAM;CDK5RAP1;GTPBP3;MTERF1;EARS2;PUS1;TBRG4;MRPL12;PNPT1;TRMT61B;TRIT1;TRNT1;TFB1M;PRKAA1;SUPV3L1;KANSL1;TRMT10C;DARS2;FASTKD2;ANGEL2;PRORP;TWNK;FASTKD5;GRSF1;OSGEPL1;KANSL3;YARS2;POLRMT;MTRES1;HSD17B10;SARS2;KAT8;FOXO3;C1QBP;METTL4;TFB2M;RPUSD4;TRUB2;MYG1;NSUN4;PTCD1;METTL8;TARS2;FASTKD1;AARS2;TEFM;FASTK;THAP11;MTERF2;WARS2;MTERF3;REXO2;FASTKD3"
"GOBP_MITOCHONDRIAL_RNA_MODIFICATION",0.563048597730679,1,-0.406012287887654,-0.924309179877591,2629,16,"YRDC;TRMT5;MTO1;CDK5RAP1;GTPBP3;PUS1;TRIT1;TRMT10C;FASTKD2;OSGEPL1;HSD17B10;RPUSD4;TRUB2;NSUN4;PTCD1;METTL8"
"GOBP_MITOCHONDRIAL_RNA_PROCESSING",0.618335500650195,1,-0.342052248440089,-0.893380153808383,2852,29,"MTPAP;YRDC;SLIRP;TRMT5;MTO1;LRPPRC;ELAC2;CDK5RAP1;GTPBP3;PUS1;TBRG4;PNPT1;TRMT61B;TRIT1;TRNT1;SUPV3L1;TRMT10C;FASTKD2"
"GOBP_MITOCHONDRIAL_SMALL_RIBOSOMAL_SUBUNIT_ASSEMBLY",0.74168903572166,1,-0.410792629423808,-0.793480180934253,3591,8,"METTL17;MCAT;TFB1M;METTL15;RBFA;NOA1;RCC1L;ERAL1"
"GOBP_MITOCHONDRIAL_TRANSCRIPTION",0.93167701863354,1,0.280311619911488,0.652059425674664,4949,19,"MTERF3;MTERF2;THAP11;TEFM;TFB2M;METTL4;FOXO3;KAT8;MTRES1;POLRMT;KANSL3;TWNK;KANSL1;PRKAA1;TFB1M;MRPL12;MTERF1;TFAM;SLC25A33"
"GOBP_MITOCHONDRIAL_TRANSLATION",0.998832321345166,1,-0.200918105031216,-0.667514635600861,4276,130,"MRPL23;NSUN3;MRPL42;DDX3X;GARS1;MRPL35;NGRN;MRPL34;LRPPRC;MRPS10;MTRF1L;CDK5RAP1;MRPS30;MTIF2;EARS2;MRPS21;MTRF1;MRPL12;RPUSD3;MRPL44;PTCD3;MRPL32;GFM2;MRPL50;MRPL30;GFM1;MRPS17;MRPS35;TRMT10C;MRPL13;DARS2;FASTKD2;TSFM;MRPS16;MTRFR;RARS2;MRPS33;RMND1;MRPS9;MRPL57;MRPL18;MRPL4;MRPS2;MRPL3;MRPL37;IARS2;YARS2;MRPS27;GATC;SARS2;MRPL27;MRPL39;MRPL47;MRPL1;TACO1;MRPL46;MRPS23;GATB;C1QBP;MRPS31;MRPL21;MRPS18C;MRPL11;RPUSD4;TRUB2;ALKBH1;MRPL48;MRPL15;MRPS11;MRPL9;MRPS5;MRPL58;SHMT2;METTL8;MRPL19;MRPS14;MRPL43;MRPS24;MRPS22;MRPL20;MRPS25;DAP3;MRPL40;MRPL38;MRPS26;TARS2;COA3;MRPS34;MALSU1;TUFM;MRPS6;MRPL41;MRPS15;LARS2;HARS2;AARS2;MRPL2;QRSL1;OXA1L;MRPL14;MRPL22;UQCC2;MPV17L2;MRPL36;MRPL24;MRPL16;MRPL55;MRPS18B;MRPS12;MTG2;AURKAIP1;MRPL45;MRPL49;MRPS7;MRPL52;MTIF3;MRPL10;MRPL17;GADD45GIP1;WARS2;CHCHD1;MTG1;MRPL28;MRPL54;FASTKD3;MRPL51;MRPL53;MRPS18A;MRPL33;MRPS28"
"GOBP_MITOCHONDRIAL_TRANSLATIONAL_ELONGATION",0.843338497288923,1,0.394187534271614,0.672685942852222,4354,5,"TUFM;TSFM;GFM1;GFM2;MRPL44"
"GOBP_MITOCHONDRIAL_TRANSLATIONAL_TERMINATION",0.787102108309219,1,-0.429204193673062,-0.741509792796253,3807,5,"MTRF1L;MTRF1;GFM2;MTRFR"
"GOBP_MITOCHONDRIAL_TRANSMEMBRANE_TRANSPORT",0.946412015575746,1,0.268713775476808,0.661277115633384,5103,24,"SLC25A2;UCP1;SLC25A20"
"GOBP_MITOCHONDRIAL_TRANSPORT",0.999822253821543,1,0.178512043594975,0.551522067270899,5624,90,"SLC25A2;LRRK2;IER3;BCL2L11;UCP1;TMEM102;EYA2;BAX;CASP6;BOK;SLC25A20;SIVA1;HSPA1A;CPT1A;ACAA2;ALKBH7;SLC25A6;BCL2;TMEM14C;SLC9A1;BAK1"
"GOBP_MITOCHONDRIAL_TRNA_MODIFICATION",0.467630421118793,1,-0.452639675683379,-0.986915863984377,2231,13,"YRDC;TRMT5;MTO1;CDK5RAP1;GTPBP3;PUS1;TRIT1;TRMT10C"
"GOBP_MITOCHONDRIAL_TRNA_PROCESSING",0.377500537750054,1,-0.458617566454851,-1.05781495341321,1754,17,"YRDC;TRMT5;MTO1;ELAC2;CDK5RAP1;GTPBP3;PUS1;TRMT61B;TRIT1;TRNT1;TRMT10C"
"GOBP_MITOCHONDRION_DISTRIBUTION",0.691134952004517,1,0.364680800703108,0.848318573222657,3671,19,"LRRK2;BHLHA15;TSPAN9"
"GOBP_MITOCHONDRION_ENDOPLASMIC_RETICULUM_MEMBRANE_TETHERING",0.916167664670659,1,-0.324034805498684,-0.625900217481336,4436,8,"PDZD8;CALM1;ATP2A2;PACS2;PSEN2;AHCYL1;SELENON;VMP1"
"GOBP_MITOCHONDRION_LOCALIZATION",0.89424778761062,1,-0.262313780826804,-0.777777867759263,4041,59,"PLIN5;TLE6;NEFL;MAP1B;AGBL4;SYBU;AGTPBP1;HAP1;MAPT;MARK1;ATCAY;UCHL1;ARMCX1;WASF1;SPAST;MAP1S;KIF1B;TRAK1;CLUH;FEZ1;MTM1;OPA1;RHOT1;LRPPRC;ARMC1;TRAK2;HDAC6;DNM1L;MARK2"
"GOBP_MITOCHONDRION_ORGANIZATION",1,1,0.207371714788401,0.7486348555654,6305,409,"IGF1;EDNRA;HIGD1B;CRYAA;EPAS1;DCN;LRRK2;GPER1;HGF;P2RX7;PPARG;IER3;PYROXD2;PLAUR;RAB32;EDN1;ABCC9;BMF;MGARP;ERBB4;RAB38;MYH14;BCL2L11;IMMP2L;SMAD3;TMEM102;EYA2;BAX;CAV2;LMNA;C11orf65;SPATA18;ATP2A1;TIMM10;CASP6;NOS3;WDR81;LIPA;BOK;CCDC188;CHCHD2;PLSCR3;TERT;MTX1;SIVA1;NECTIN2;STAT2;SMIM20;PTPMT1;PLEC;TRIAP1;KDR;EPM2A;THG1L;TOMM7;BCS1L;HSPA1A;FASTKD3;FBXO24;IFI6;GBA1;AP3B1;MAN2A1;FAM162A;ATAD3B;CMC1;NDUFAF8;ADCK1"
"GOBP_MITOTIC_CYTOKINESIS",0.978651485500801,1,0.23373718535234,0.731577202667028,5500,101,"CHMP4C;MYH14;RHOC;KIF4B;ANKRD53;KIF20A;AURKB;CENPA;LZTS2;RHOB;SNX33;SNX18;IQGAP1;CUL7;CHMP4A;RTKN;BBS4;SPART;ESPL1;MITD1;CEP55;CFL1;CHMP2A;ARF1;IQGAP3;CDCA8;RACGAP1;EXOC3;PLK1;SNX9;BIRC5;CHMP6;CHMP5;RHOA;SPTBN1;EFHC1"
"GOBP_MITOTIC_CYTOKINETIC_PROCESS",0.567667096299024,1,0.346093688480592,0.933710526501909,3082,38,"CHMP4C;KIF20A;AURKB;IQGAP1;CHMP4A;SPART;MITD1;CEP55;CHMP2A;ARF1;IQGAP3;PLK1;CHMP6;CHMP5;RHOA"
"GOBP_MODIFICATION_OF_POSTSYNAPTIC_ACTIN_CYTOSKELETON",0.417999573469823,1,-0.431497796730193,-1.02570922725755,1959,19,"ABI3;PRMT8;ITPKA;CTNNA2;WASF3;WASF1;CTTNBP2;BAIAP2"
"GOBP_MODIFICATION_OF_POSTSYNAPTIC_STRUCTURE",0.441926345609065,1,-0.375614022388778,-0.999919570990954,2027,32,"ABI3;PRMT8;CAMKV;FILIP1;ITPKA;SARM1;CTNNA2;DLGAP3;AGAP1;WASF3;WASF1;CTTNBP2;BAIAP2;PDXP;EGLN1;ARHGAP44"
"GOBP_MODIFICATION_OF_SYNAPTIC_STRUCTURE",0.523117569352708,1,-0.345212827883504,-0.954380569739634,2375,39,"ABI3;PRMT8;CAMKV;FILIP1;EPHA4;ITPKA;SARM1;CTNNA2;DLGAP3;AGAP1;WASF3;WASF1;CTTNBP2;BAIAP2;PDXP;EGLN1;ARHGAP44"
"GOBP_MODULATION_OF_INHIBITORY_POSTSYNAPTIC_POTENTIAL",0.485792464744264,1,-0.483950488310102,-0.988846900369534,2307,10,"PNOC;CHRNA2;UNC13B;ABAT;RIMS2;RIMS1"
"GOBP_MONOCARBOXYLIC_ACID_METABOLIC_PROCESS",0.983451180983902,1,0.230329282259659,0.852352302922407,6536,581,"TWIST1;CD38;IGF1;APOA4;FMO1;GGT5;APOC3;ACOT12;ACSM2B;ACOT6;ALDH1A3;AVPR1A;GSTM1;LPL;ACSM1;PLA2G4A;CYP26C1;P2RX7;DHRS9;AKR1D1;PPARG;ALDH1A1;EDN2;HAAO;TYRP1;IER3;ACSL5;CYP2J2;ACSM3;KMO;FMO2;ABCC2;HKDC1;EDN1;ALOX15;ABCC9;ELOVL3;PLP1;ACADL;ACTN3;GSTA1;CYP26A1;PTGS2;FMO4;CAV1;APOE;ADH4;CYP2W1;ACOX2;ADH1B;PDK4;KIF12;BDH2;NR1H4;NUDT7;SLC4A1;ACSF2;ACOT11;DECR1;FABP1;ENO3;CYP1A1;SLC22A13;CYP27A1;ACSBG1;PTGDS;TECRL;CD36;IRS1;FAH;TNFRSF1A;CYP7B1;ALDH1A2;TNXB;SLC27A6;ENO4;SCPEP1;CCDC3;PTGR1;HSD17B8;GIP;PEX2;ELOVL1;CRABP2;LIPA"
"GOBP_MONOSACCHARIDE_METABOLIC_PROCESS",1,1,0.189584903484588,0.657673266207468,6095,253,"IGF1;TFAP2B;GHRL;IGF2;FBN1;NR3C1;HKDC1;SLC23A1;IGFBP3;IGFBP4;OAS1;ACTN3;FBN2;PPP1R3G;PDK4;APOD;HSD17B14;FOXO1;ATP1A2;FABP1;ENO3;FUT6;B4GALT1;CARTPT;SIK1;SLC2A1;IRS1;GLB1L;GLB1;H6PD;POFUT1;ATF3;LIPA;FUOM;BRS3;LEPR;ERFE;NNMT;CD101;FUT10;PCK2;MGAT1;PDK2;RPIA;TKFC;LRP5;GALM;MAN2A1;SLC25A10;INPPL1;GALK1;ADPGK;PPP1R3B;FBN3;UXS1;MAN2B2;CPT1A;GSTO1;POFUT2;HMGB1;B3GLCT;SIRT6"
"GOBP_MONOTERPENOID_METABOLIC_PROCESS",0.482333939026852,1,-0.713499939004303,-1.02739035559225,2388,2,"CYP2D6"
"GOBP_MOTOR_NEURON_APOPTOTIC_PROCESS",0.908586727863836,1,0.310167876953908,0.661632228259903,4750,13,"FAS;ADARB1;FADD;VPS54;ZPR1;SLC1A1;MAP2K7;SPG11;MAP3K12;ATF2;CRLF1;MAP2K4;KCNB1"
"GOBP_MOTOR_NEURON_AXON_GUIDANCE",0.998054474708171,1,-0.199261108141192,-0.50741646751171,4616,26,"LHX3;EPHA4;LHX4;LHX1;KIF5C;HOXA2;SLIT1;CHN1;ARK2C;CDK5;NRP1;RAC3;EGR2"
"GOBP_MOTOR_NEURON_MIGRATION",0.840647552174761,1,0.38528596795658,0.687075191017404,4309,6,"OLIG3;RELN"
"GOBP_MRNA_METABOLIC_PROCESS",1,1,-0.0956516245803544,-0.371672772094645,3220,755,"BRDT;RNVU1-7;PKP3;AICDA;ESRP2;PABPC3;EREG;TENT5D"
"GOBP_MYCOTOXIN_METABOLIC_PROCESS",0.947085572550641,1,-0.309379273599582,-0.534495618738125,4581,5,"CYP2A13"
"GOBP_MYELOID_CELL_ACTIVATION_INVOLVED_IN_IMMUNE_RESPONSE",0.364056939501779,1,0.338495999190313,1.04124609369944,2045,87,"IL33;CX3CR1;TYROBP;GATA2;TREM2;IFI35;HAVCR2;IL1R1;GATA1;IL1RAP;FCER1G;SYK;MILR1;SPI1;ENPP3;ANXA3;SLC18A2;SCNN1B;PTGDS;LYN;GRN;VAMP8;VAMP3;CD84;UNC13D"
"GOBP_MYELOID_DENDRITIC_CELL_CHEMOTAXIS",0.522598870056497,1,-0.642211606654224,-0.99499220967793,2589,3,"CCR7"
"GOBP_MYELOID_DENDRITIC_CELL_CYTOKINE_PRODUCTION",0.713163876834057,1,-0.437577500790385,-0.816058673053349,3450,7,"CAMK4;DDX21;TICAM1"
"GOBP_N_ACETYLGLUCOSAMINE_METABOLIC_PROCESS",0.995076000856348,1,-0.204796940832575,-0.478943138632491,4647,18,"CHST4"
"GOBP_N_ACETYLNEURAMINATE_METABOLIC_PROCESS",0.677567412507172,1,0.396321604094009,0.845410390655074,3542,13,"NPL;SLC35A1;AMDHD2;ST3GAL1;GNPDA2;NANP;NAGK"
"GOBP_N_ACYLETHANOLAMINE_METABOLIC_PROCESS",0.560975609756098,1,-0.553370604813395,-0.956024495015252,2713,5,"GDPD3;GDPD1;NAAA"
"GOBP_N_ACYLPHOSPHATIDYLETHANOLAMINE_METABOLIC_PROCESS",0.775139376419575,1,-0.396632053068012,-0.766127848189894,3753,8,"PLAAT5;PLAAT4"
"GOBP_N_TERMINAL_PROTEIN_LIPIDATION",0.769230769230769,1,-0.425442198109786,-0.766511505125725,3749,6,"HHATL;PPM1B"
"GOBP_NADPLUS_METABOLIC_PROCESS",0.546740331491713,1,-0.337683214860517,-0.944996644669839,2473,42,"IDO1;KYNU;ACMSD;NMRK2"
"GOBP_NADPPLUS_METABOLIC_PROCESS",0.992073976221929,1,-0.216679643273252,-0.601702692989188,4505,40,"RPEL1;ALDOB;NOX1;GCK;NOCT;RBKS;IDH1;PRPS2;ME1;TKT;TP53;DCXR;ME2;NAMPT;NMNAT2"
"GOBP_NATURAL_KILLER_CELL_ACTIVATION_INVOLVED_IN_IMMUNE_RESPONSE",0.932965149495334,1,0.304867626336564,0.614805183094226,4898,10,"IFNA21;RAB27A;UNC13D;LAMP1"
"GOBP_NATURAL_KILLER_CELL_CYTOKINE_PRODUCTION",0.835173348828201,1,0.37927477238754,0.701891393078663,4311,7,"RAET1G;HLA-E;CD226"
"GOBP_NATURAL_KILLER_CELL_MEDIATED_IMMUNE_RESPONSE_TO_TUMOR_CELL",0.54419410745234,1,0.480545064906223,0.945136479768065,2825,9,"HAVCR2;TGFB1;CD226;IL12A;NECTIN2"
"GOBP_NEGATIVE_REGULATION_OF_AUTOPHAGY",0.986813970064148,1,0.227767224632852,0.707350914445617,5537,94,"TREM2;LRRK2;HGF;BMF;GATA4;TMEM39A;DAP;CTSA;LEPR;ERFE"
"GOBP_NEGATIVE_REGULATION_OF_AUTOPHAGY_OF_MITOCHONDRION",0.882465543644717,1,0.330395992540861,0.679357009132216,4609,11,"TSPO;FBXL4;HTRA2;RBX1;PINK1;TSC2;TIGAR;RNF41;USP30;PPTC7;VPS13C"
"GOBP_NEGATIVE_REGULATION_OF_AXON_EXTENSION",0.387215961573989,1,0.397499928060193,1.03850129490866,2095,32,"SEMA3G;WNT3A;MAG;WNT5A;SEMA3F;CDKL3;WNT3"
"GOBP_NEGATIVE_REGULATION_OF_AXONOGENESIS",0.516351744186046,1,0.341069432965443,0.966724177213805,2841,52,"SEMA3G;WNT3A;MAG;SPP1;WNT5A;LRP4;EPHA7;SEMA3F"
"GOBP_NEGATIVE_REGULATION_OF_CALCIUM_ION_DEPENDENT_EXOCYTOSIS",0.940736119775421,1,-0.296072970621653,-0.589334490491234,4523,9,"CBARP;NOTCH1;CDK5"
"GOBP_NEGATIVE_REGULATION_OF_CALCIUM_ION_EXPORT_ACROSS_PLASMA_MEMBRANE",0.600987248046072,1,-0.561156601842375,-0.924681805670402,2921,4,"CALM3;YWHAE;CALM2;CALM1"
"GOBP_NEGATIVE_REGULATION_OF_CALCIUM_ION_IMPORT",0.618548847838507,1,0.440009781533883,0.887336899459911,3247,10,"SLN;HES1"
"GOBP_NEGATIVE_REGULATION_OF_CALCIUM_ION_IMPORT_ACROSS_PLASMA_MEMBRANE",0.548951048951049,1,-0.588828776136862,-0.970280406862017,2668,4,"PPP3CA;PPP3R1;PPP3CC;PPP3CB"
"GOBP_NEGATIVE_REGULATION_OF_CALCIUM_ION_TRANSMEMBRANE_TRANSPORT",0.834937083641747,1,0.295663608751438,0.777157168968052,4511,33,"SLN;TGFB1;NTSR1;EPO;ATP1A2"
"GOBP_NEGATIVE_REGULATION_OF_CALCIUM_ION_TRANSMEMBRANE_TRANSPORT_VIA_HIGH_VOLTAGE_GATED_CALCIUM_CHANNEL",0.665254237288136,1,-0.569616551522462,-0.882519134497068,3296,3,"BIN1;SESTD1;UBR3"
"GOBP_NEGATIVE_REGULATION_OF_CALCIUM_ION_TRANSMEMBRANE_TRANSPORTER_ACTIVITY",0.665963566634708,1,0.405684490301683,0.850697408596766,3472,12,"SLN"
"GOBP_NEGATIVE_REGULATION_OF_CALCIUM_ION_TRANSPORT",0.906335585174366,1,0.27156869465615,0.746770404730368,4963,42,"SLN;TGFB1;HES1;NTSR1;EPO;PACSIN3;ATP1A2"
"GOBP_NEGATIVE_REGULATION_OF_CALCIUM_ION_TRANSPORT_INTO_CYTOSOL",0.945972114639814,1,0.30925747652569,0.527751740209618,4884,5,"EPO;CALCA;BCL2;TMBIM6"
"GOBP_NEGATIVE_REGULATION_OF_CARBOHYDRATE_METABOLIC_PROCESS",0.913083090379009,1,0.267055482247295,0.746043861641603,5010,47,"PLEK;IER3;TGFB1;ACTN3;SLC4A1;SIK1;LEPR;ERFE;DDIT4;NUPR1;FLCN;PPP1R3B;SIRT6"
"GOBP_NEGATIVE_REGULATION_OF_CELLULAR_RESPONSE_TO_OXIDATIVE_STRESS",0.633072809543398,1,-0.54177318557923,-0.892741537496741,3077,4,"NCOA7;TBC1D24"
"GOBP_NEGATIVE_REGULATION_OF_CENTROSOME_DUPLICATION",0.971620325982742,1,0.262322656135732,0.550075758688579,5066,12,"TMEM67;MDM1;KAT2A;NPM1;NUBP1;CDK5RAP2;RBM14;CCNF;KAT2B;BRCA1;CENATAC;TRIM37"
"GOBP_NEGATIVE_REGULATION_OF_CHOLESTEROL_METABOLIC_PROCESS",0.939716999418492,1,0.304452477641239,0.58149440097244,4847,8,"APOE;ERLIN1;CHLSN;ERLIN2"
"GOBP_NEGATIVE_REGULATION_OF_COLLAGEN_METABOLIC_PROCESS",0.776989453499521,1,0.368090516838428,0.77186497460289,4051,12,"EMILIN1;IL6R;CST3;RAP1A"
"GOBP_NEGATIVE_REGULATION_OF_CYCLIN_DEPENDENT_PROTEIN_SERINE_THREONINE_KINASE_ACTIVITY",0.624539639465013,1,0.464000158710083,0.886225319730128,3221,8,"CDKN2A;INCA1;LATS2"
"GOBP_NEGATIVE_REGULATION_OF_CYTOKINE_PRODUCTION_INVOLVED_IN_IMMUNE_RESPONSE",0.467079347214406,1,0.43242269652954,0.994861198099955,2489,18,"HFE;TGFB1;SMAD7;ANGPT1;TGFB2;APOA1;BTLA;BCL6"
"GOBP_NEGATIVE_REGULATION_OF_CYTOKINESIS",0.501452643811737,1,0.538193989335303,0.995989600212938,2588,7,"CHMP4C;E2F8;AURKB"
"GOBP_NEGATIVE_REGULATION_OF_CYTOSOLIC_CALCIUM_ION_CONCENTRATION",0.861752016507222,1,0.319414984723736,0.717377617786872,4593,16,"EPO;ATP1A2;SMAD3;CARTPT;DRD3;CALCA;BCL2"
"GOBP_NEGATIVE_REGULATION_OF_DENDRITE_DEVELOPMENT",0.600454263886021,1,-0.466158008611934,-0.90042302252639,2907,8,"ZNF296;DCC;FAT3"
"GOBP_NEGATIVE_REGULATION_OF_DENDRITE_MORPHOGENESIS",0.401240550494282,1,0.559954906508078,1.06949578947157,2069,8,"TLX2;NFATC4;GORASP1"
"GOBP_NEGATIVE_REGULATION_OF_DENDRITIC_CELL_APOPTOTIC_PROCESS",0.553064582476347,1,-0.586491015681168,-0.966428212033873,2688,4,"CCR7"
"GOBP_NEGATIVE_REGULATION_OF_DENDRITIC_CELL_DIFFERENTIATION",0.438565200158541,1,0.702115697104603,1.08295863451716,2212,3,"TMEM176A;TMEM176B;ZBTB46"
"GOBP_NEGATIVE_REGULATION_OF_DENDRITIC_SPINE_DEVELOPMENT",0.950038284839204,1,0.282787290719261,0.581464461981574,4962,11,"APOE;SRGAP2C;EFNA1;DTNBP1;FSTL4"
"GOBP_NEGATIVE_REGULATION_OF_DENDRITIC_SPINE_MAINTENANCE",0.965866978740004,1,0.28254976699494,0.503867130587661,4951,6,"APOE;CFL1;APP;PRNP"
"GOBP_NEGATIVE_REGULATION_OF_DENDRITIC_SPINE_MORPHOGENESIS",0.849731293923109,1,-0.390621891576181,-0.674853512976086,4110,5,"NGEF;NLGN1;GRM5"
"GOBP_NEGATIVE_REGULATION_OF_DNA_METABOLIC_PROCESS",0.972760607647983,1,0.234845931575195,0.760248406528752,5570,131,"TWIST1;S100A11;H1-3;H1-2;CDKN1A;ANKRD1;NIBAN2;BCL6;H1-4;HMGA2"
"GOBP_NEGATIVE_REGULATION_OF_ENDOPLASMIC_RETICULUM_CALCIUM_ION_CONCENTRATION",0.357714062804759,1,0.630960252566298,1.12518277879571,1833,6,"TGM2;BAX;ATP2A1;BAK1;THADA"
"GOBP_NEGATIVE_REGULATION_OF_ENDOPLASMIC_RETICULUM_UNFOLDED_PROTEIN_RESPONSE",0.805586801649794,1,0.324222254809197,0.772856378010632,4296,21,"HSPA5;WFS1;XBP1;NCK2;NCK1;RACK1;AKT1;ATF6B;DDRGK1;TMBIM6;UFL1;CREBRF;ATAD3A;BFAR"
"GOBP_NEGATIVE_REGULATION_OF_EPITHELIAL_CELL_PROLIFERATION_INVOLVED_IN_PROSTATE_GLAND_DEVELOPMENT",0.52155256485274,1,0.55426642343335,0.988415723455362,2673,6,"SERPINF1;EAF2;STK11;NKX3-1;CDKN1B"
"GOBP_NEGATIVE_REGULATION_OF_ESTABLISHMENT_OF_PROTEIN_LOCALIZATION_TO_MITOCHONDRION",0.749370032952122,1,0.411172176220427,0.785325579086192,3865,8,"LRRK2;C11orf65;BAG3"
"GOBP_NEGATIVE_REGULATION_OF_EXCITATORY_POSTSYNAPTIC_POTENTIAL",0.72289156626506,1,0.381805130887273,0.814444687150983,3779,13,"LRRK2;CBLN1;EIF4A3;S1PR2"
"GOBP_NEGATIVE_REGULATION_OF_EXECUTION_PHASE_OF_APOPTOSIS",0.662375658279696,1,0.479248145249725,0.854636655179976,3395,6,"CIDEA;BCL2L1;DFFA"
"GOBP_NEGATIVE_REGULATION_OF_FERROPTOSIS",0.997654084026445,1,-0.191720170202206,-0.455736156981474,4677,19,"CAMK2A;ADGRG1;SLC7A11;ACLY"
"GOBP_NEGATIVE_REGULATION_OF_GLYCOGEN_METABOLIC_PROCESS",0.945488333677473,1,-0.297693345333171,-0.575019493044967,4578,8,"GRB10;GSK3B;ENPP1"
"GOBP_NEGATIVE_REGULATION_OF_HORMONE_METABOLIC_PROCESS",0.320623916811092,1,0.577553653691791,1.13593306224874,1664,9,"BMP5;BMP2;WNT4;REST;ATP1A1;DKK3"
"GOBP_NEGATIVE_REGULATION_OF_HUMORAL_IMMUNE_RESPONSE",0.424235947852105,1,-0.454273947606991,-1.02013469443929,1984,15,"CR2;VSIG4;CR1L"
"GOBP_NEGATIVE_REGULATION_OF_HUMORAL_IMMUNE_RESPONSE_MEDIATED_BY_CIRCULATING_IMMUNOGLOBULIN",0.62471585038231,1,-0.474938980337208,-0.885735837366457,3022,7,"CR2;CR1L"
"GOBP_NEGATIVE_REGULATION_OF_HYDROGEN_PEROXIDE_METABOLIC_PROCESS",0.327384615384615,1,-0.636858643472119,-1.14741668675323,1595,6,"MT3;MPV17L"
"GOBP_NEGATIVE_REGULATION_OF_INFLAMMASOME_MEDIATED_SIGNALING_PATHWAY",0.27575175943698,1,-0.480834862895151,-1.14298788868918,1292,19,"PYDC1;PYDC5"
"GOBP_NEGATIVE_REGULATION_OF_INNATE_IMMUNE_RESPONSE",0.596453519613111,1,0.304641760874303,0.933200891892099,3329,85,"CLEC12B;SERPINB4;SLAMF8;PPARG;HAVCR2;TIGIT;OTOP1;TGFB1;OAS1;MICA;HLA-E;PARP14;IFI16;SMIM30;GRN;TNFAIP3;RPS19;AURKB;SERPING1;OAS3"
"GOBP_NEGATIVE_REGULATION_OF_INTERFERON_ALPHA_PRODUCTION",0.522762645914397,1,0.616512737383899,1.00460048017216,2686,4,"HAVCR2;NLRC3"
"GOBP_NEGATIVE_REGULATION_OF_INTERFERON_BETA_PRODUCTION",0.530455225475529,1,-0.41945676905539,-0.941947926322661,2481,15,"PYCARD;NMI;PPM1B;REL;TRAF3IP1"
"GOBP_NEGATIVE_REGULATION_OF_INTRACELLULAR_LIPID_TRANSPORT",0.788514851485149,1,0.522959945319057,0.758969093949465,3981,2,"PCSK9;ABCA2"
"GOBP_NEGATIVE_REGULATION_OF_IRE1_MEDIATED_UNFOLDED_PROTEIN_RESPONSE",0.697874000390092,1,0.462563725069456,0.824883557128752,3577,6,"HSPA5;DDRGK1;TMBIM6;UFL1;BFAR"
"GOBP_NEGATIVE_REGULATION_OF_LIPID_CATABOLIC_PROCESS",0.298177083333333,1,0.445963539192422,1.1157300317776,1602,26,"APOC3;CIDEA;HCAR2;ENDOU;CIDEC;PLIN1"
"GOBP_NEGATIVE_REGULATION_OF_LIPID_STORAGE",0.329581691990246,1,0.493224815184877,1.10773902250305,1756,16,"TREM2;ITGB3;PPARG;ITGAV;PNPLA2"
"GOBP_NEGATIVE_REGULATION_OF_LONG_TERM_SYNAPTIC_POTENTIATION",0.314477468839885,1,0.541468756729943,1.13542932795813,1639,12,"TYROBP;PTN;APOE"
"GOBP_NEGATIVE_REGULATION_OF_MACROAUTOPHAGY",0.984065934065934,1,0.231287288166612,0.628050751227891,5372,39,"LRRK2;TMEM39A;TSPO;NUPR1;FBXL4;AKT1;SEC22B;PHF23;TSC1;SCFD1;HTRA2;SMCR8;FEZ2;BECN1;QSOX1;RBX1;UBQLN4;POLDIP2;PINK1;TSC2;NRBP2;CLEC16A;EHMT2;PIK3CA;TIGAR;HMOX1;RNF41;MTOR;USP30;NPC1;PPTC7;HDAC6;VPS13C;LZTS1;MTM1;FEZ1;LYPLA1;RUBCN;USP36"
"GOBP_NEGATIVE_REGULATION_OF_MACROPHAGE_CYTOKINE_PRODUCTION",0.722695584817971,1,0.47078784923618,0.803405335564449,3731,5,"TGFB1;TGFB2;CUEDC2;TGFB3"
"GOBP_NEGATIVE_REGULATION_OF_MITOCHONDRIAL_FISSION",0.422540666150271,1,0.637568898131537,1.08801927530601,2181,5,"PPARG;C11orf65"
"GOBP_NEGATIVE_REGULATION_OF_MITOCHONDRIAL_FUSION",0.953541193475119,1,-0.289581900593995,-0.559351561883916,4617,8,"HUWE1;VAT1;BNIP3;TFRC;PRKN"
"GOBP_NEGATIVE_REGULATION_OF_MITOCHONDRIAL_OUTER_MEMBRANE_PERMEABILIZATION_INVOLVED_IN_APOPTOTIC_SIGNALING_PATHWAY",0.905081495685523,1,0.313783709792903,0.657986674773292,4719,12,"IER3;BOK;HSPA1A;ACAA2;BAK1"
"GOBP_NEGATIVE_REGULATION_OF_MOTOR_NEURON_APOPTOTIC_PROCESS",0.558908639933857,1,-0.554272388054234,-0.957582450678126,2703,5,"MAP2K4;CRLF1;MAP3K12"
"GOBP_NEGATIVE_REGULATION_OF_MRNA_METABOLIC_PROCESS",0.99232201023732,1,-0.217655850273373,-0.713685696644321,4264,117,"PKP3;TENT5D;DAZL;ZAR1;A1CF;DND1;MEIOC"
"GOBP_NEGATIVE_REGULATION_OF_NEUROBLAST_PROLIFERATION",0.611468695143359,1,0.506322278049561,0.90291758548153,3134,6,"TGFB1;PTN;CTNNA1;KCTD11"
"GOBP_NEGATIVE_REGULATION_OF_NEURON_DIFFERENTIATION",0.985659829370122,1,0.22771875434356,0.675958869272138,5429,70,"WNT3A;LMX1A;MAG;HES1;ID2;POU4F2;B2M;HEY1;SLC6A4;BMP7;CTDSP1;JAG1;NOTCH3;DLX1;ZHX2"
"GOBP_NEGATIVE_REGULATION_OF_NEURON_PROJECTION_REGENERATION",0.969190306218298,1,0.263867129009888,0.583807860903375,5158,15,"SPP1;KREMEN1;CERS2;RTN4RL1"
"GOBP_NEGATIVE_REGULATION_OF_NEUROTRANSMITTER_SECRETION",0.841627090646294,1,-0.367850344486142,-0.710533580675474,4075,8,"SYT1;NF1;SYT11;PRKN;ASIC1;SLC30A1"
"GOBP_NEGATIVE_REGULATION_OF_NEUROTRANSMITTER_TRANSPORT",0.379447467559648,1,-0.511082423186514,-1.06990149179029,1812,11,"NOS1;SNCA;SYT1;GPM6B;NF1;SYT11"
"GOBP_NEGATIVE_REGULATION_OF_NLRP3_INFLAMMASOME_COMPLEX_ASSEMBLY",0.729001923487925,1,-0.361561725907388,-0.811936635861353,3410,15,"PYDC1"
"GOBP_NEGATIVE_REGULATION_OF_NUCLEOBASE_CONTAINING_COMPOUND_METABOLIC_PROCESS",0.579623866865106,1,0.252461487241002,0.980042358401282,4283,1554,"PEG3;TBL1Y;TWIST1;IL33;CD38;MAEL;MSX2;HOXC8;HOXB13;SOX10;TCF21;FOXC1;WT1;TFAP2B;PRRX1;DLX4;FOXA2;S100A11;SNAI2;TBX3;ALX1;TBX18;PRDM6;S100A1;MSX1;GSC;CRYM;TBX15;GATA3;OSR1;GLIS1;TRPV4;RARG;RIPPLY3;CRYAB;ID3;DAB2;GATA6;GATA2;ZNF683;IGF2;ENG;FOXC2;MYOZ2;FOXD3;FOXE1;ID1;FOXL2;FOXR1;NFATC2;H1-3;SNAI1;TNFSF11;HAND1;ASCL2;ASCL4;PPARG;FOXD1;HOXD8;PITX1;NFIX;SFRP4;ELK3;TRIM29;SP5;FBLN5;FOXS1;FOXF2;IER3;SAMD11;ATOH8;APOBEC3B;GREM1;CDKN2A;TBX2;RARB;HOXA7;RUNX2;TRIM22;CEBPD;GATA1;BMP4;SIM2;CDX2;LOXL2;CAPN3;NR3C1;MDFI;WWTR1;NR4A2;PTPRC;GLIS3;FOXJ1;EN2;ZFP36;MAF;DKK1;EN1;NR2F2;EDN1;MEF2C;TGFB1;EDNRB;PDGFB;HES1;LMCD1;H1-2;NFATC4;HEYL;FOXQ1;BMP2;WNT5A;SPI1;PBXIP1;NOSTRIN;HIC1;ACTN3;TLE2;GATA5;ID2;OLIG3;SFRP2;MAFB;CDKN1A;CAV1;GFI1;GATA4;EPO;KANK2;NFIB;SMAD7;TGIF1;POU4F2;PARP14;HOXB8;IFI27;ANKRD1;TFAP2A;PRDM1;AEBP1;BMP6;APOBEC3F;FOXO1;DACT1;HEY1;TENT5A;IFI16;BMP7;NKX2-5;STAT6;NR1H4;HOXB4;EPOP;ZMYND15;ZNF503;NIBAN2;JPH2;SLC4A1;LOXL3;FZD1;CCND1;HOXB3;IKBKE;NFIC;AHR;ZNF665;ANXA4;JUN;AXIN2;NKX3-2;MDFIC;FZD6;GFI1B;NOTCH2;ZFPM2;HOXD9;MXD3;SIX5;TFAP2C;FOXA1;WNT10B;SMAD3;SORBS3;IRF3;BCL6;SMARCA2;RBM47;RIPPLY1;FLNA;FGFR2;CD36;SIK1;POU4F1;ZIC2;WNT4"
"GOBP_NEGATIVE_REGULATION_OF_NUCLEOTIDE_METABOLIC_PROCESS",0.996663577386469,1,0.202985762112576,0.511400571617523,5376,27,"IER3;ACTN3;SLC4A1;TSPO;DDIT4;NUPR1;FLCN;SIRT6"
"GOBP_NEGATIVE_REGULATION_OF_OLIGODENDROCYTE_DIFFERENTIATION",0.63186077643909,1,0.410877019331002,0.876459163052387,3303,13,"DAAM2;HES1;ID2;DRD3;DLX1;TMEM98"
"GOBP_NEGATIVE_REGULATION_OF_OXIDATIVE_STRESS_INDUCED_INTRINSIC_APOPTOTIC_SIGNALING_PATHWAY",0.306421677802524,1,0.431786254947432,1.10433853304418,1650,29,"WNT1;CA3;GATA4;HSPB1;FZD1;PYCR1"
"GOBP_NEGATIVE_REGULATION_OF_OXIDATIVE_STRESS_INDUCED_NEURON_INTRINSIC_APOPTOTIC_SIGNALING_PATHWAY",0.440428380187416,1,0.47914433060445,1.02208305460024,2302,13,"WNT1;FZD1;PYCR1;FBXO7;PARK7;AKT1;CTNNB1;ATF4;HIF1A"
"GOBP_NEGATIVE_REGULATION_OF_PEPTIDYL_SERINE_PHOSPHORYLATION",0.947923124612523,1,-0.299598661122621,-0.55873550491666,4586,7,"DMTN;RASSF2;PAQR3"
"GOBP_NEGATIVE_REGULATION_OF_PEPTIDYL_TYROSINE_PHOSPHORYLATION",0.618202205195291,1,0.36848878041198,0.896169870534143,3307,23,"IL7R;GPRC5A;SFRP2;PARP14"
"GOBP_NEGATIVE_REGULATION_OF_PERK_MEDIATED_UNFOLDED_PROTEIN_RESPONSE",0.95647171620326,1,0.279471990639169,0.586036942243771,4987,12,"HSPA5;NCK2;NCK1;AKT1;DDRGK1;ATAD3A"
"GOBP_NEGATIVE_REGULATION_OF_PHOSPHOLIPID_METABOLIC_PROCESS",0.581821728106105,1,0.522942451791913,0.932556113739728,2982,6,"PDGFB;PDGFA"
"GOBP_NEGATIVE_REGULATION_OF_PHOSPHORUS_METABOLIC_PROCESS",0.916238437821172,1,0.248226196268045,0.824367103282705,5348,163,"INHBA;IL7R;PLEK;GPRC5A;IER3;CDKN2A;PTPRC;PDGFB;IGFBP3;ACTN3;INHA;SFRP2;AGT;CDKN1A;PARP14;CIB1;MYCNOS;SLC4A1;FBLN1;NIBAN1;ADARB1;LYN;KLHL31;INCA1;PRR5L;HEG1"
"GOBP_NEGATIVE_REGULATION_OF_POTASSIUM_ION_EXPORT_ACROSS_PLASMA_MEMBRANE",0.588307692307692,1,-0.510580341286789,-0.919903356146046,2867,6,"KCNE3"
"GOBP_NEGATIVE_REGULATION_OF_PRODUCTION_OF_MOLECULAR_MEDIATOR_OF_IMMUNE_RESPONSE",0.722335495829472,1,0.332017842591857,0.836482878018431,3896,27,"IL33;HFE;TGFB1;SMAD7;ANGPT1;TGFB2;APOA1;BTLA;BCL6"
"GOBP_NEGATIVE_REGULATION_OF_PROSTAGLANDIN_BIOSYNTHETIC_PROCESS",0.952871287128713,1,0.369617662109803,0.536424222600924,4811,2,"PIBF1;SIRT1"
"GOBP_NEGATIVE_REGULATION_OF_PROTEIN_METABOLIC_PROCESS",0.999539524174981,1,0.212465825559479,0.780994732163951,6511,529,"IGF1;KLHL40;WT1;PLAT;BANK1;IL7R;WNT1;CRYAB;ITM2A;TREM2;DHFRP1;LRRK2;CSTA;TIMP3;ITGB3;HFE;FXYD1;GPRC5A;IGFBP5;BACE2;CDKN2A;SLC2A10;CAPN3;PTPRC;ZFP36;THBS1;EDN1;EDNRB;IGFBP3;SFRP2;ZFP36L2;AGT;CDKN1A;F8A1;CAV1;APOE;NQO1;PARP14;PTX3;HSPG2;APOD;CIB1;ITGAV;SAMD4A;C8orf88;MYCNOS;HMG20B;PLAU;FBLN1;ITM2C;NIBAN1;EGFR;SH3RF2;CRTAP;ANXA2;ADARB1;SMAD3;LYN;FLNA;KLHL31;INHBB;DAP;P3H1;DNAJC1;INCA1;PRR5L;F2;TNFAIP3;GAS1;MEST;VTN;HEG1;CTSZ;CD84;FURIN;SPINK5;TIMP1;TYMS;CNKSR3;NPPA;PCSK5;ANG;IAPP"
"GOBP_NEGATIVE_REGULATION_OF_PROTEIN_SERINE_THREONINE_KINASE_ACTIVITY",0.998482549317147,1,-0.192311212301902,-0.504942968479986,4605,30,"PYCARD;PTPN22"
"GOBP_NEGATIVE_REGULATION_OF_PROTEIN_TARGETING_TO_MITOCHONDRION",0.628437682855471,1,0.497552997276754,0.887279447155296,3221,6,"LRRK2;C11orf65;BAG3;LMAN1"
"GOBP_NEGATIVE_REGULATION_OF_PROTEIN_TYROSINE_KINASE_ACTIVITY",0.717162032598274,1,0.38909873084225,0.815918010002413,3739,12,"GPRC5A;CHMP6;VPS25"
"GOBP_NEGATIVE_REGULATION_OF_REACTIVE_OXYGEN_SPECIES_METABOLIC_PROCESS",0.924691585343399,1,0.265791605783658,0.717067165441719,5021,38,"CRYAB;CA3;TFAP2A;SLC18A2;MMP3;PAX2;ABCD1;SIRT3;HP"
"GOBP_NEGATIVE_REGULATION_OF_RELEASE_OF_CYTOCHROME_C_FROM_MITOCHONDRIA",0.263493253373313,1,0.493380552655153,1.16219431071753,1405,20,"IGF1;HGF;LMNA;TRIAP1;IFI6"
"GOBP_NEGATIVE_REGULATION_OF_RELEASE_OF_SEQUESTERED_CALCIUM_ION_INTO_CYTOSOL",0.351082504388531,1,0.633343046230143,1.12943198210935,1799,6,"TGFB1;NTSR1;GSTO1"
"GOBP_NEGATIVE_REGULATION_OF_RESPONSE_TO_CYTOKINE_STIMULUS",0.549794385839442,1,0.311890555078532,0.954074621605895,3074,84,"TREM2;IL1A;PPARG;IL1R1;OTOP1;PTPRC;IL1RAP;OAS1;CAV1;TNFRSF11B;PARP14;STAP1;CISH;APOA1;NR1H4;SLIT3;ANXA4;SMIM30;IL11;IL11RA;CCDC3"
"GOBP_NEGATIVE_REGULATION_OF_RESPONSE_TO_OXIDATIVE_STRESS",0.511681751210271,1,-0.47449503666814,-0.969526754458746,2430,10,"MCTP1;NCOA7;TBC1D24;USP25;GGT7"
"GOBP_NEGATIVE_REGULATION_OF_SPHINGOLIPID_BIOSYNTHETIC_PROCESS",0.485859176906573,1,0.570270409156717,1.01695541205664,2490,6,"SPHK1;ORMDL1;ORMDL3"
"GOBP_NEGATIVE_REGULATION_OF_SUPRAMOLECULAR_FIBER_ORGANIZATION",0.693814959959107,1,0.275004179588526,0.90983871763092,4071,155,"KANK4;CRYAB;TREM2;DNAI3;SSH3;PHLDB2;CGNL1;KANK3;GAS2L1;APOE;KANK2;LMOD1;DLC1;EPS8;GSN;HSPG2;CIB1;PLEKHH2;CDH5;LIMA1;ARHGAP6;SCIN;ARHGAP28;GMFG;ARAP1"
"GOBP_NEGATIVE_REGULATION_OF_SYNAPTIC_TRANSMISSION",0.369328493647913,1,0.35988537492689,1.04511386595076,2034,61,"CD38;CNR2;PENK;CBLN1;SLC24A1;PLK2;HSPG2;SLC6A4;NPY5R;BCHE;GRID2;GRIK2;DRD1;COLQ;DRD3"
"GOBP_NEGATIVE_REGULATION_OF_SYNAPTIC_TRANSMISSION_GABAERGIC",0.733487386866936,1,0.404021707609686,0.794630269597336,3808,9,"CNR2;NPY5R"
"GOBP_NEGATIVE_REGULATION_OF_SYNAPTIC_TRANSMISSION_GLUTAMATERGIC",0.681119764260156,1,-0.409806877575896,-0.837350659684379,3235,10,"NPY2R;HCN1;HTR2A"
"GOBP_NEGATIVE_REGULATION_OF_SYNAPTIC_VESICLE_EXOCYTOSIS",0.992252566337401,1,0.228605296755518,0.423060276840504,5122,7,"RAP1BL;RAP1A;RAP1B"
"GOBP_NEGATIVE_REGULATION_OF_T_CELL_CYTOKINE_PRODUCTION",0.814836335463878,1,0.390185032031861,0.72208207776986,4206,7,"HFE;SMAD7;BTLA"
"GOBP_NEGATIVE_REGULATION_OF_T_CELL_MEDIATED_IMMUNE_RESPONSE_TO_TUMOR_CELL",0.838809671419715,1,-0.378015735261299,-0.704979160842175,4058,7,"IL4I1"
"GOBP_NEGATIVE_REGULATION_OF_TRANSMISSION_OF_NERVE_IMPULSE",0.780954339777869,1,-0.459976925124329,-0.757956499654899,3796,4,"HCRT;GRP"
"GOBP_NEGATIVE_REGULATION_OF_TRNA_METABOLIC_PROCESS",0.785448532451426,1,-0.429793456406507,-0.74252782592319,3799,5,"TRDMT1;METTL1;ANGEL2;RNH1;NSUN2"
"GOBP_NEGATIVE_REGULATION_OF_TUMOR_NECROSIS_FACTOR_MEDIATED_SIGNALING_PATHWAY",0.921206859127415,1,-0.2711016968609,-0.696807507633341,4243,27,"PYDC1;BIRC7;F2RL1;NOL3"
"GOBP_NEGATIVE_REGULATION_OF_TYPE_2_IMMUNE_RESPONSE",0.56922490954104,1,0.458167020318614,0.923953330826121,2988,10,"ANXA1;ASCL2;HLX;STAT6;BCL6"
"GOBP_NEGATIVE_REGULATION_OF_TYPE_I_INTERFERON_MEDIATED_SIGNALING_PATHWAY",0.938491213030433,1,-0.274908295883316,-0.660234535892185,4378,20,"NLRC5;TREX1;SAMHD1;ISG15;TTLL12;CNOT7"
"GOBP_NEGATIVE_REGULATION_OF_TYPE_I_INTERFERON_PRODUCTION",0.748125275694751,1,-0.297942446947248,-0.846525904590406,3391,46,"XAF1;PYCARD;DHX58;RNF125"
"GOBP_NEGATIVE_REGULATION_OF_TYROSINE_PHOSPHORYLATION_OF_STAT_PROTEIN",0.540081919251024,1,0.544720721963988,0.971393004732326,2768,6,"IL7R;PARP14;IL7"
"GOBP_NEGATIVE_REGULATION_OF_VOLTAGE_GATED_CALCIUM_CHANNEL_ACTIVITY",0.264310808018186,1,-0.644659067829818,-1.20225473776592,1278,7,"CACNA1F;CBARP;CRHR1;CALM3;FMR1"
"GOBP_NEUROBLAST_DIVISION",0.875978835978836,1,-0.31617267409685,-0.69919247541176,4138,14,"DCT;FGF13"
"GOBP_NEUROBLAST_PROLIFERATION",0.803266787658802,1,0.285371071651548,0.828722934308875,4425,61,"SOX10;CX3CR1;LRRK2;TGFB1;PTN;VEGFC;TEAD3;FGFR2;HHIP;DISC1;CTNNA1;PLXNB2;NDE1;DMRTA2;SHH;SMO;KCTD11;NUMB;PAX6;DOCK7"
"GOBP_NEUROENDOCRINE_CELL_DIFFERENTIATION",0.357836602551895,1,0.543372950103838,1.09578215992091,1878,10,"WNT11;HES1;BMP2;RFX6;WNT4"
"GOBP_NEUROFIBRILLARY_TANGLE_ASSEMBLY",0.886024423337856,1,0.341564326344715,0.652376833587219,4570,8,"APOE;SORL1;PPP2CB;CLU;HSP90AA1;MARK2;DYRK1A;MAPT"
"GOBP_NEUROFILAMENT_CYTOSKELETON_ORGANIZATION",0.659650599873711,1,-0.417278518632103,-0.852617322860819,3133,10,"NEFL;ATP8A2;NEFH;INA"
"GOBP_NEUROMUSCULAR_PROCESS_CONTROLLING_BALANCE",0.836131386861314,1,0.282026109197258,0.808210199739816,4581,56,"ALDH1A3;FOXS1;POU4F3;CLRN1;POU4F2;HMX3;POU4F1;HEXB;PCDH15;TPP1"
"GOBP_NEUROMUSCULAR_PROCESS_CONTROLLING_POSTURE",0.994541690193864,1,0.208062593511105,0.483994117946559,5283,19,"SCN1A;GBX1;ADARB1;POU4F1;HEXA;LARGE1;TCF15"
"GOBP_NEUROMUSCULAR_SYNAPTIC_TRANSMISSION",0.992621287585316,1,0.215896578814333,0.57957532664461,5380,37,"RAPSN;CHRNB3;CHRM1;CHRNA1;ADARB1;MYLK2;RIMBP3B"
"GOBP_NEURON_CELLULAR_HOMEOSTASIS",0.406561537067247,1,0.363407795995901,1.02427582919685,2242,50,"NPY;SLC6A2;HAAO;SV2B;P2RX1;CHRNA1"
"GOBP_NEURON_FATE_COMMITMENT",0.398430370505567,1,0.349713368808321,1.02754659507054,2182,66,"FEV;PRRX1;WNT1;PTF1A;GATA2;HOXC10;BMP4;PAX7;ATOH1;NFIA;ID2;OLIG3;NFIB;TGFB2;EPOP;GBX1;TFAP2C;FOXA1;POU4F1;NOTCH3;DMRT3;DLX1"
"GOBP_NEURON_FATE_DETERMINATION",0.34425276216321,1,0.587992794431554,1.12304725001119,1775,8,"PRRX1;WNT1;ATOH1"
"GOBP_NEURON_FATE_SPECIFICATION",0.930202338964173,1,0.268488718330162,0.696335197281646,5010,31,"FEV;HOXC10;ATOH1;NFIA;OLIG3;NFIB;FOXA1;POU4F1;DMRT3;LMO4;DBX1;DMRTA2"
"GOBP_NEURON_GLIAL_CELL_SIGNALING",0.979743695742042,1,-0.269041188833823,-0.464805980758401,4739,5,"ADRA1A"
"GOBP_NEURON_MATURATION",0.461440291704649,1,0.350585590605673,0.997016394094609,2530,53,"FEV;EDNRA;LRRK2;NR4A2;NGF;EDNRB;LGI4"
"GOBP_NEURON_MIGRATION",0.535096642929807,1,0.287236118226636,0.969750285333666,3155,191,"TWIST1;COL3A1;BARHL1;TNN;GATA3;CHL1;GATA2;IGSF10;FLRT2;CXCL12;NR4A2;ATOH1;NR2F2;MEF2C;CCK;DCDC2;OLIG3;NRP2;MATN2;ERBB4;CCR4;AXL;NTNG1;FLNA;EVX1;SEMA3A;DRD1;MDK;BAX;MEST;WASF2"
"GOBP_NEURON_PROJECTION_ARBORIZATION",0.508700481303221,1,0.363232982994804,0.9650549552813,2747,35,"LRRK2;TPBG;WNT5A;PTN;NTNG1;SEMA3A;MOV10;DVL2;FZD4"
"GOBP_NEURON_PROJECTION_MAINTENANCE",0.767495299770211,1,-0.365079873192385,-0.780932325223948,3673,12,"EPHB2;MAP1A;ADCY10;ABCD2;ATP1A3;INSR;DCTN1"
"GOBP_NEURON_PROJECTION_ORGANIZATION",0.947909527073338,1,-0.240724412381202,-0.768006642496885,4148,95,"WNT7A;ARC;ABI3;GRIN2B;GPRASP3;PAK3;CTNND2;PPFIA2;EPHA4;SHANK1;ITPKA;ZNF365;SHANK3;EPHB1;CDK5R1;ZDHHC15;CHRNA7;MAPRE3;GABRB3;CAMK2B;LRP8;EPHB2;MAP1A;DLG4;GSK3B;NGEF;NLGN1;SRCIN1;ADCY10;ABCD2;ARHGAP33;KIF1A;ATP1A3;STAU2;EEF2K;CUX2;INSR;BAIAP2;LZTS3;CDK5;ARMCX5-GPRASP2;CAPRIN1;WASL;HDAC6;ARHGAP44;DVL1;DCTN1;TANC2;FYN"
"GOBP_NEURON_RECOGNITION",0.816385716875113,1,0.288172186483338,0.812221995548545,4503,50,"MYPN;TNN;CNTN6;PLXND1;NTM;NEXN"
"GOBP_NEURON_REMODELING",0.845291005291005,1,-0.327074950035345,-0.723302051999406,3993,14,"C1QA;C3"
"GOBP_NEURONAL_ACTION_POTENTIAL",0.894494568219481,1,0.275411936344884,0.743021420640304,4857,38,"GPER1;SCN1A;SCN4B;MYH14;P2RX1;CHRNA1;GRIK2;DRD1"
"GOBP_NEURONAL_ION_CHANNEL_CLUSTERING",0.477125548360142,1,-0.45912930425985,-0.982110878966902,2283,12,"NDRG4;KCNIP2;NRCAM;KCNB1;CNTNAP2;SPTBN4"
"GOBP_NEURONAL_SIGNAL_TRANSDUCTION",0.374767705967376,1,-0.56654479436381,-1.09432846097969,1814,8,"P2RY11;NLGN1;OLFM1;NRXN1;RTN4R;CLU;MACO1"
"GOBP_NEURONAL_STEM_CELL_POPULATION_MAINTENANCE",0.695010278452626,1,0.34812256217191,0.846638942772738,3718,23,"PRRX1;HES1;FOXO1;JAG1"
"GOBP_NEUROPEPTIDE_CATABOLIC_PROCESS",0.59275755228505,1,0.548234575317645,0.935569139402627,3060,5,"MME;CTSH;ECE1;LNPEP"
"GOBP_NEUROTRANSMITTER_GATED_ION_CHANNEL_CLUSTERING",0.693111537641288,1,-0.354097125951726,-0.841720843504487,3249,19,"CHRDL1;SHISA7;SHANK3;ZDHHC2;SLC7A11;DLG4;GPHN;NLGN1;FRRS1L;SHISA6;NRXN1"
"GOBP_NEUROTRANSMITTER_LOADING_INTO_SYNAPTIC_VESICLE",0.97024178549287,1,-0.273288641935392,-0.509668724044343,4694,7,"SLC32A1;SLC17A7;SLC17A6"
"GOBP_NEUROTRANSMITTER_RECEPTOR_LOCALIZATION_TO_POSTSYNAPTIC_SPECIALIZATION_MEMBRANE",0.97528131341081,1,0.241639183112767,0.648681462447616,5286,37,"RAPSN;GPC6;ERBB4;IQSEC2;LGI1;ERBB2;CNIH3;RAP1A;DAG1;C1QL3"
"GOBP_NEUROTRANSMITTER_RECEPTOR_TRANSPORT_ENDOSOME_TO_POSTSYNAPTIC_MEMBRANE",0.463270890338876,1,-0.492516384808092,-1.00634943504101,2200,10,"GRIP2;LRRC7;GRIP1;GRIPAP1;NSG1"
"GOBP_NEUROTRANSMITTER_RECEPTOR_TRANSPORT_TO_PLASMA_MEMBRANE",0.327634109852533,1,-0.491333078124432,-1.10335607437038,1532,15,"GRIP2;CPLX1;LRRC7;STX3;GRIP1;GRIPAP1;NSG1;ARHGAP44;SACM1L"
"GOBP_NEUROTRANSMITTER_REUPTAKE",0.590690801625416,1,0.347043305886557,0.917525269943109,3197,34,"SLC6A2;ITGB3;SLC22A3;SLC18A2;SLC6A4;SLC6A3;ATP1A2;SLC22A1;DRD1;ITGB1;DRD3;GDNF"
"GOBP_NEUROTRANSMITTER_SECRETION",0.922278542119237,1,-0.244482863756174,-0.827681884710628,3820,156,"HCRT;PNOC;WNT7A;SYT10;CADPS2;ABCC8;SLC32A1;DYSF;PRKCG;ADORA2A;MCTP1;CPLX1;SV2C;DOC2A;CAMK2A;SYT9;SNCG;UNC13C;TSPOAP1;LIN7C;PPFIA2;UNC13B;SNCA;CPLX2;CASK;SLC4A8;SYT1;SYN3;HRH3;RIMS2;BAIAP3;ERC2;LIN7A;PTPRN2;STX1B;SYN1;NAPB;SNAP25;RIMS4;DOC2B;STX1A;SYT5;RIMS1;BRAF;SNPH;RIMS3;SYT12;PRKCB;STXBP1;SYT2;UNC13A;SEPTIN5;BRSK1;GRIK5;SYT7;SYP;AP2B1;NLGN1;SYT13;LIN7B;VAMP2;RAB3A;NRXN2;SYN2;SYNGR3;MICU3"
"GOBP_NEUROTRANSMITTER_TRANSPORT",0.850012416190713,1,-0.249633143195844,-0.878472720062909,3422,216,"SLC28A2;KCNJ10;SLC6A13;HCRT;PNOC;WNT7A;SYT10;CADPS2;ABCC8;SLC6A7;DRD4;SLC32A1;DYSF;PRKCG;NOS1;ADORA2A;MCTP1;CPLX1;SV2C;DOC2A;CAMK2A;GFAP;SYT9;SNCG;UNC13C;TSPOAP1;LIN7C;PPFIA2;UNC13B;SLC1A6;SNCA;CPLX2;CASK;SLC6A6;RAB3B;SLC4A8;GABRQ;SLC29A1;SYT1;SYN3;HRH3;RIMS2;ICA1;BAIAP3;ERC2;LIN7A;PTPRN2;STX1B;SYN1;NAPB;SNAP25;SLC5A7;SLC38A1;RIMS4;STX3;DOC2B;STX1A;SYT5;RIMS1;BRAF;SNPH;RIMS3;GPM6B;CHAT;SYT12;SLC17A7;PRKCB;STXBP1;SYT2;UNC13A;SEPTIN5;BRSK1;GRIK5;SLC6A16;SYT7;SYP;AP2B1;NLGN1;SLC6A11;SYT13;LIN7B;VAMP2;RAB3A;NRXN2"
"GOBP_NEUROTRANSMITTER_UPTAKE",0.807944606413994,1,0.291783976710848,0.815125167694285,4433,47,"SLC6A2;ITGB3;SLC1A7;SLC22A3;SLC18A2;SLC6A4;SLC6A3;ATP1A2;SLC22A1;DRD1;ITGB1;DRD3;GDNF"
"GOBP_NEUROTROPHIN_PRODUCTION",0.341595662277304,1,0.676038081193434,1.15366741592153,1763,5,"NPY;PCSK6;FURIN"
"GOBP_NEUROTROPHIN_SIGNALING_PATHWAY",0.625091575091575,1,0.332747746053575,0.903562290582054,3412,39,"AGTR2;NGF;NTF4;AGT;SPRY1;GFRA1;NTF3;BCAR1;DDIT4;AKT1S1;CD2AP;RAP1A"
"GOBP_NEUROTROPHIN_TRK_RECEPTOR_SIGNALING_PATHWAY",0.583147321428571,1,0.368773419011926,0.922612595769584,3134,26,"AGTR2;NGF;AGT;SPRY1;BCAR1;DDIT4;AKT1S1;CD2AP"
"GOBP_NEUTRAL_LIPID_BIOSYNTHETIC_PROCESS",0.726160029229083,1,0.310223609399058,0.859073554255086,3974,44,"MOGAT2;THRSP;PLA2G4A;DGAT2L6;FABP1;GPAT3;PNPLA2;SIK1;AGPAT2"
"GOBP_NEUTRAL_LIPID_CATABOLIC_PROCESS",0.434564692778912,1,0.378895336837884,1.01100857131788,2340,36,"APOA4;APOC3;LPL;PNPLA2;PLIN1;CPS1"
"GOBP_NEUTRAL_LIPID_METABOLIC_PROCESS",0.595815752461322,1,0.293166923086742,0.939506067962697,3388,120,"APOA4;APOC3;MOGAT2;DGKG;THRSP;GPR82;LPL;PLA2G4A;CAV1;APOE;DGAT2L6;FABP1;GPAT3;PNPLA2;CIDEC;PLIN1;SIK1;CPS1;TNXB;AGPAT2;LIPA;PCSK9"
"GOBP_NEUTROPHIL_ACTIVATION_INVOLVED_IN_IMMUNE_RESPONSE",0.62106615285806,1,-0.378583848046697,-0.885365453614286,2900,18,"ITGAM;CD177"
"GOBP_NITROGEN_CYCLE_METABOLIC_PROCESS",0.341671404206936,1,0.505054569835968,1.09927480847803,1802,14,"SLC25A2;NR1H4;ASS1;CPS1"
"GOBP_NMDA_GLUTAMATE_RECEPTOR_CLUSTERING",0.906855151045701,1,0.343848400193992,0.586781582807094,4682,5,"APOE;RELN"
"GOBP_NMDA_SELECTIVE_GLUTAMATE_RECEPTOR_SIGNALING_PATHWAY",0.729033507650591,1,0.431273513060228,0.798121016523789,3763,7,"MEF2C;APP"
"GOBP_NON_PROTEINOGENIC_AMINO_ACID_METABOLIC_PROCESS",0.862823061630219,1,-0.26973248079595,-0.797219892417989,3905,58,"IDO1;KYNU;TDO2;DAO;UPB1;ENSG00000274276"
"GOBP_NORADRENERGIC_NEURON_DIFFERENTIATION",0.563587684069612,1,0.434692909151337,0.927261845794939,2946,13,"EDNRA;HAND2;EDN1"
"GOBP_NOREPINEPHRINE_METABOLIC_PROCESS",0.286568279469456,1,0.502385779100834,1.14398814087596,1533,17,"EDNRA;GATA3;EPAS1;HAND2;MOXD1;SULT1A3"
"GOBP_NUCLEOBASE_CONTAINING_SMALL_MOLECULE_METABOLIC_PROCESS",1,1,0.172546645674659,0.643231603617414,6677,665,"SULT1E1;IGF1;SULT1B1;ACOT12;ACSM2B;URAD;ACOT6;MYH4;SULT2B1;GUCY2F;TREM2;TTR;ACSM1;DHFRP1;LRRK2;P2RX7;HAAO;IER3;ACSL5;NT5E;ACSM3;KMO;FMO2;ACP3;HKDC1;TGFB1;SULT1A2;ABCC9;ELOVL3;ENPP3;PAPSS2;ABHD14B;ACTN3;NTSR1;PDE7B;PARP14;PDK4;NUDT7;NUDT4;SLC4A1;ACSF2;NPPB;NUDT4B;ATP1A2;ACOT11;ENTPD8;FABP1;ENO3;UAP1L1;EPHA2;SULT1A3;DPYD;SLC22A13;SULT1A1;SLC25A18;ACSBG1;CARTPT;ALDH1L1"
"GOBP_NUCLEOBASE_METABOLIC_PROCESS",0.372128975265018,1,-0.374164029564016,-1.04217310929048,1684,41,"GDA;CDA;QNG1"
"GOBP_NUCLEOSIDE_DIPHOSPHATE_METABOLIC_PROCESS",1,1,-0.16603443274077,-0.552323822468524,4274,131,"CARD11;HK3;FBP1;ALDOB;PGAM2;MTTP;UCP2;TREX1;GPD1;ALDOC;HK2;CASK;TJP2;ENO2;HTR2A;ZBTB20;PFKFB1;GCK;CMPK2;ENTPD2;LRGUK;DLG2;PGK1;NCOR1"
"GOBP_NUCLEOSIDE_METABOLIC_PROCESS",0.288648409893993,1,-0.38767076696268,-1.09382649907918,1306,44,"GDA;QNG1;NT5C1B;UPB1;UPP2;UPP1;MACROD2;PNP"
"GOBP_NUCLEOSIDE_TRIPHOSPHATE_METABOLIC_PROCESS",0.999837635979867,1,0.206484171389946,0.722191262366404,6157,274,"IGF1;MYH4;TREM2;LRRK2;P2RX7;IER3;NT5E;HKDC1;TGFB1;ABCC9;ENPP3;ACTN3;SLC4A1;ATP1A2;ENTPD8;FABP1;ENO3"
"GOBP_NUCLEOTIDE_METABOLIC_PROCESS",1,1,0.157947989678801,0.576930135608676,6428,482,"SULT1E1;IGF1;SULT1B1;MYH4;SULT2B1;GUCY2F;TREM2;LRRK2;P2RX7;HAAO;IER3;NT5E;KMO;FMO2;ACP3;HKDC1;TGFB1;SULT1A2;ABCC9;ENPP3;PAPSS2;ABHD14B;ACTN3;NTSR1;PDE7B;PARP14;NUDT4;SLC4A1;NPPB;NUDT4B;ATP1A2;FABP1;ENO3;EPHA2;SULT1A3;DPYD;SLC22A13;SULT1A1;SLC25A18;CARTPT;ALDH1L1;SULT1C4;PDE8A;PDE5A"
"GOBP_NUCLEOTIDE_SUGAR_METABOLIC_PROCESS",1,1,-0.18352995362738,-0.511192865446356,4527,41,"B4GALNT2"
"GOBP_OLFACTORY_BULB_INTERNEURON_DEVELOPMENT",0.926439437704602,1,0.310995616919172,0.611666468067139,4810,9,"WNT5A;SLIT3;SLIT2;ROBO1"
"GOBP_OLFACTORY_BULB_INTERNEURON_DIFFERENTIATION",0.307513227513228,1,-0.508624277982025,-1.12478495806958,1452,14,"GSX2;DLX5;ARX;SALL1"
"GOBP_OLIGODENDROCYTE_DEVELOPMENT",0.495062179956108,1,0.349068644610511,0.971262899603336,2706,46,"SOX10;CFH;MAG;LPAR1;TGFB1;PLP1;ID2"
"GOBP_OLIGODENDROCYTE_DIFFERENTIATION",0.941551540913921,1,0.248023408871507,0.777475299071437,5315,102,"SOX10;CFH;GPR17;MAG;DAAM2;LPAR1;TGFB1;HES1;PLP1;ID2;PTN;CDKN2C;LYN;MDK;VTN;DRD3;CCDC39;DLX1;BOK;CNP"
"GOBP_OLIGODENDROCYTE_PROGENITOR_PROLIFERATION",0.75738789005993,1,-0.417586497922832,-0.778776520192123,3664,7,"LRP2;PTPRZ1;EMX1;MIOS"
"GOBP_OLIGOPEPTIDE_IMPORT_ACROSS_PLASMA_MEMBRANE",0.917941298057048,1,-0.338954315368917,-0.585590606666004,4440,5,"SLC15A1"
"GOBP_ONE_CARBON_METABOLIC_PROCESS",0.987947339143334,1,0.22599147808054,0.55614191165917,5327,24,"DHFRP1;ALDH1L1;TYMS;MTHFS;SHMT1;DHFR2"
"GOBP_ORGANIC_ACID_METABOLIC_PROCESS",0.885660046728972,1,0.241783327253166,0.913295364910431,6064,852,"SULT1E1;TWIST1;CD38;IGF1;APOA4;FMO1;SULT1B1;GGT5;FOLH1B;GGTLC3;APOC3;ACOT12;ACSM2B;ACOT6;ALDH1A3;CRYM;SULT2B1;AVPR1A;GSTM1;LGSN;SLC25A2;LPL;ACSM1;DHFRP1;PLA2G4A;CYP26C1;CPA1;P2RX7;DHRS9;AKR1D1;PPARG;ALDH1A1;EDN2;HAAO;TYRP1;IER3;ACSL5;CYP2J2;ACSM3;KMO;FMO2;FOLR1;ABCC2;HKDC1;EDN1;SLC38A8;ALOX15;SLC23A1;SULT1A2;GHR;PLOD2;ABCC9;BHMT;HPD;NLRC4;SYK;ELOVL3;PLP1;ACADL;PAPSS2;ABHD14B;ACTN3;OCA2;GSTA1;CYP26A1;PTGS2;FMO4;CAV1;ALOX5AP;APOE;ADH4;CYP2W1;ACOX2;ADH1B;PDK4;KIF12;BDH2;NR1H4;NUDT7;SLC4A1;ACSF2;NOX4;ATP1A2;ACOT11;DECR1;FABP1;NPL;ENO3;CYP1A1;SULT1A3;DPYD;SLC22A13;CYP27A1;SULT1A1;ACSBG1;PTGDS;TECRL;ALDH1L1;CD36;SLC2A1;SULT1C4;IRS1;PLOD1;FAH;ASS1;TNFRSF1A;CYP7B1;ALDH1A2;CPS1;TNXB;SLC27A6;ENO4;SCPEP1;ART4;P4HB;CCDC3;PTGR1;HNMT;NOXRED1;HSD17B8;MTARC2;GIP;PEX2;ELOVL1;NOS3;CRABP2;LIPA;MGST2;ABCD1;FAHD2B;QPRT"
"GOBP_ORGANOPHOSPHATE_METABOLIC_PROCESS",1,1,0.164246884423591,0.626761414247606,6984,1035,"SULT1E1;ENPP6;IGF1;APOA4;ABCA8;SULT1B1;ACOT12;DGKG;ACSM2B;ACOT6;MYH4;SULT2B1;GUCY2F;GATA6;TREM2;LPL;PLEK;PLA2G2D;ACSM1;PLA2G4A;LRRK2;GPER1;PTH1R;P2RX7;HAAO;PLA2G2C;IER3;ETNPPL;ACSL5;PIPSL;NT5E;ACSM3;SGMS2;KMO;FMO2;ADGRF5;LIPH;ACP3;PLD1;HKDC1;TGFB1;ALOX15;PDGFB;SULT1A2;ABCC9;ELOVL3;ITPKB;ENPP3;PAPSS2;ABHD14B;PLAAT2;ACTN3;NTSR1;PDE7B;CYP2W1;PARP14;PDK4;APOA1;NR1H4;NUDT7;LCAT;NUDT4;SLC4A1;ACSF2;RAB38;NPPB;NUDT4B;ATP1A2;ACOT11;ENTPD8;CKMT2;FABP1;ENO3;UAP1L1;EPHA2;GPAT3;SULT1A3;DPYD;ENPP2;INPP4B;SLC22A13;LHCGR;SULT1A1;SLC25A18;ACSBG1;CARTPT;ALDH1L1;PLPP3;MBOAT1;SULT1C4;PDE8A;HEXB;LPCAT2;PDE5A;SLC44A3;CPS1;ENO4;SH3YL1;H6PD;PLSCR1;SERINC2;SPATA18;AGPAT2;NMNAT1;IP6K3;ELOVL1;DHRSX;LIPA;ABCD1;PCSK9;ENTPD3;QPRT;TMEM38B;SMPD2;TYMS;NPPA;SUCLG2;AVPR1B;CNP;PIP5K1B;DGKA;FUOM;ABHD4;AJUBA;SYNJ2;PI4KAP2"
"GOBP_ORNITHINE_METABOLIC_PROCESS",0.36425251742835,1,0.665846132718851,1.13627472875349,1880,5,"SLC25A2;ALDH18A1"
"GOBP_OUTER_MITOCHONDRIAL_MEMBRANE_ORGANIZATION",0.972522266439265,1,0.255430410297667,0.555956191923233,5131,14,"MTX1;TOMM7;SAMM50;TOMM6;MTCH1;MTX3;TOMM40"
"GOBP_OXALOACETATE_METABOLIC_PROCESS",0.995429442011046,1,0.20599634369287,0.415418394280478,5226,10,"FAHD2B;PCK2;FAHD2A;MDH1;FAHD1;NIT2;GOT2;ACLY;MDH1B;GOT1"
"GOBP_OXIDATIVE_DEMETHYLATION",0.959794871794872,1,-0.285881406741244,-0.515067354254651,4678,6,"CYP2C8;CYP2D6;JMJD6;ALKBH1;ALKBH7;CYP3A5"
"GOBP_OXIDATIVE_PHOSPHORYLATION",0.995334370139969,1,0.215657193354388,0.704448912350754,5759,140,"MTCO2P12;ACTN3;UQCRFS1P1;ABCD1;CHCHD2;SIRT3;MT-CO2;ATPSCKMT;CDK1;COQ9;NUPR1;SDHC;MT-CYB;MT-ATP6;NDUFA4L2;ATP5PD;MT-ND4L;MT-ND4;PARK7;SDHD;COX4I1;NDUFA10;CCNB1;UQCC3;TEFM;NDUFV3;NDUFC1;MT-CO3;DNAJC15;UQCC2;NDUFB5;DNAJC30;NDUFA9;CYC1;NDUFB6;NDUFB4;MT-ATP8;NDUFA8;COX6A1;NDUFS4;NDUFV2;MT-ND3;VCP;RHOA;NDUFB7;MLXIPL;ATP5MG;COX6B1;STOML2;UQCR11;NDUFA11;NDUFC2;NDUFS3;NDUFS8;COX8A;NDUFB9;BCL2L13;SHMT2;ISCU;COX7A1;MT-CO1;NDUFB11;NDUFB10;COX7A2L;ATP5ME;MT-ND2"
"GOBP_OXYGEN_METABOLIC_PROCESS",0.396398140975988,1,0.651122348131116,1.11114840674522,2046,5,"FMO2;ABCC9;FKRP"
"GOBP_PANTOTHENATE_METABOLIC_PROCESS",0.947923124612523,1,-0.299309033744013,-0.558195365321184,4586,7,"SLC25A16;SLC25A42;AASDHPPT;VNN2;PANK2;PANK4;VNN1"
"GOBP_PENTOSE_METABOLIC_PROCESS",0.772470144563168,1,-0.35755937247451,-0.779606905821116,3686,13,"DHDH;RBKS;OTOG;OTOGL;DCXR"
"GOBP_PENTOSE_PHOSPHATE_SHUNT_NON_OXIDATIVE_BRANCH",0.568205128205128,1,-0.522109590230466,-0.940675395215162,2769,6,"RPEL1"
"GOBP_PEPTIDYL_SERINE_AUTOPHOSPHORYLATION",0.890450599421248,1,-0.363052205985927,-0.627223056072724,4307,5,"TNNI3K"
"GOBP_PEPTIDYL_SERINE_MODIFICATION",0.952559576345984,1,-0.243133918598089,-0.732316039188524,4316,65,"PRKX;MBOAT4;DMTN;TNNI3K;PDK3;TENM1;STK39;CDK5R1;BRAF;HIPK2;MAP3K10;BRSK1;GSK3B;TTBK2;CREBL2;RASSF2;STK4;IRGM;MAPK8;CNOT9;PAQR3;STOX1;TNKS;SPRY2;NSD1;TLK2;CSNK2A1;PRKDC;LMTK2"
"GOBP_PEPTIDYL_TYROSINE_AUTOPHOSPHORYLATION",0.534839203675345,1,0.461755456515756,0.949457054477528,2793,11,"PDGFRA;LTK;PTK2B;PDGFA;NTRK1"
"GOBP_PEPTIDYL_TYROSINE_DEPHOSPHORYLATION",0.987807165634965,1,0.230648269498222,0.530645166348263,5265,18,"TNS2;EPM2A;PTPRJ;PTPN2;PTPN12"
"GOBP_PERIPHERAL_NERVOUS_SYSTEM_AXON_ENSHEATHMENT",0.985886722376973,1,0.231626763915354,0.587591213298813,5308,28,"ADGRG6;LGI4;PRX;ARHGEF10;ILK;PLEC;DAG1;NDRG1;PARD3;SH3TC2;POU3F1;AKT1"
"GOBP_PERIPHERAL_NERVOUS_SYSTEM_NEURON_DIFFERENTIATION",0.615122228538943,1,0.408630688490344,0.88940373705431,3245,14,"HAND2;HOXD9;POU4F1"
"GOBP_PERK_MEDIATED_UNFOLDED_PROTEIN_RESPONSE",0.923191926742665,1,0.279584445988953,0.679953285104508,4939,23,"BOK;HSPA5;NCK2;NCK1;AKT1;PTPN2;DDRGK1;TMED2;RPAP2;ATF4;ATAD3A;EIF2AK3;NFE2L2;PPP1R15A;AKT2;QRICH1;TMEM33;EIF2S1;AKT3;DDIT3;ABCA7;PPP1R15B"
"GOBP_PHENOL_CONTAINING_COMPOUND_METABOLIC_PROCESS",0.787110283852955,1,-0.266099855875645,-0.872531846853812,3382,117,"SLCO1C1;SLC5A5;ITGAM;SULT2A1;RTL4;DIO1;DUOXA2;PAH;TPH2;DCT;COMT;DUOXA1;GNAT2;DAO;DRD4;GCH1;MAOB;TPH1;DIO3;POMC;NPR1;CGA;INSM1;SLITRK1;TH;TG;MAOA;TPO;SNCA;ABAT;HPN"
"GOBP_PHENYLPROPANOID_METABOLIC_PROCESS",0.688605512134924,1,-0.51283839630311,-0.845062381434615,3347,4,"CYP2A13;CYP2A6"
"GOBP_PHOSPHATIDIC_ACID_METABOLIC_PROCESS",0.756821654660555,1,-0.304266349504887,-0.834113477507195,3466,37,"GPAT2;PLA2G2A;DGKK;PLA2G3;DGKI;DGKB"
"GOBP_PHOSPHATIDYLCHOLINE_METABOLIC_PROCESS",0.922431100565797,1,0.260011469533838,0.763979658853765,5053,66,"APOA4;PLA2G2D;PLA2G4A;PLA2G2C;PLAAT2;APOA1;LCAT;RAB38;ENPP2;MBOAT1;LPCAT2;SLC44A3"
"GOBP_PHOSPHATIDYLETHANOLAMINE_METABOLIC_PROCESS",0.737354085603113,1,-0.324157606407447,-0.825464181619269,3410,26,"PLA2G2A;PLAAT5;PLA2G3;PLAAT4"
"GOBP_PHOSPHATIDYLGLYCEROL_METABOLIC_PROCESS",0.786473011055712,1,-0.307536133263171,-0.807483901671738,3627,30,"PLA2G2A;PLA2G4D;OC90;PLA2G3"
"GOBP_PHOSPHATIDYLINOSITOL_METABOLIC_PROCESS",0.906755470980019,1,-0.246714084876511,-0.831079886805842,3811,147,"BMX;HTR2C;PLA2G4D;PTPRQ;PLA2G3;PLCG2;PLCH1;PIK3C2B;PLCL1;HTR2A;PIP4P2;OCRL;ITPKA;PIP5KL1;PIK3C2G;PITPNM1;LCLAT1;PLCH2;EFR3B;MTMR1;MTMR7;PIGA;PIK3CB;MTMR6;CHRM5;PIK3R3;PIK3R4;PIK3CD;PIGZ;MTMR9"
"GOBP_PHOSPHATIDYLSERINE_ACYL_CHAIN_REMODELING",0.889646621202728,1,-0.346720574075582,-0.646615356341081,4304,7,"OSBPL10;OSBPL8;LPCAT4"
"GOBP_PHOSPHATIDYLSERINE_EXPOSURE_ON_APOPTOTIC_CELL_SURFACE",0.855687253067166,1,-0.352449793245163,-0.701552792508401,4114,9,"FASLG"
"GOBP_PHOSPHATIDYLSERINE_METABOLIC_PROCESS",0.765195137555982,1,-0.337334547591782,-0.801874681075125,3587,19,"ABHD12B;PLA2G3;OSBPL10"
"GOBP_PHOSPHOCREATINE_METABOLIC_PROCESS",0.588052914427449,1,-0.541732252489666,-0.935917626659181,2844,5,"CKB;CKM;CKMT1B;CKMT1A"
"GOBP_PHOSPHOLIPID_BIOSYNTHETIC_PROCESS",1,1,0.151648707728379,0.525792615001606,6084,252,"ABCA8;DGKG;PLA2G4A;PIPSL;SGMS2;ADGRF5;LIPH;PLD1;ALOX15;PDGFB;ITPKB;APOA1;NR1H4;LCAT;RAB38;GPAT3;INPP4B;MBOAT1;HEXB;LPCAT2;SLC44A3;SH3YL1;PLSCR1;AGPAT2;IP6K3;DHRSX;TMEM38B;PIP5K1B;DGKA;ABHD4;AJUBA;SYNJ2;PI4KAP2;AGPAT3"
"GOBP_PHOSPHOLIPID_CATABOLIC_PROCESS",0.838499184339315,1,0.283844828932216,0.800025207827577,4625,50,"ENPP6;PLA2G4A;ETNPPL;PLD1"
"GOBP_PHOSPHOLIPID_DEPHOSPHORYLATION",0.953985028621752,1,-0.248575581382154,-0.690275258300921,4332,40,"PIP4P2;OCRL;MTMR1;MTMR7;MTMR6;CHRM5;MTMR9;PIP4P1;MTMR4;PLPPR1;MTM1;PLPPR2;INPP5J;SYNJ1;INPP5A;PLPP1;SACM1L;PLPPR5;PLPPR3;MTMR2;MTMR3"
"GOBP_PHOSPHOLIPID_HOMEOSTASIS",0.603613777526821,1,0.388705129141211,0.904203840513807,3206,19,"ITGB6;TGFB1;APOA1;TLCD2"
"GOBP_PHOSPHOLIPID_METABOLIC_PROCESS",1,1,0.171366693731494,0.614287450068745,6297,370,"ENPP6;APOA4;ABCA8;DGKG;GATA6;LPL;PLA2G2D;PLA2G4A;PLA2G2C;ETNPPL;PIPSL;SGMS2;ADGRF5;LIPH;PLD1;ALOX15;PDGFB;ITPKB;PLAAT2;CYP2W1;APOA1;NR1H4;LCAT;RAB38;FABP1;GPAT3;ENPP2;INPP4B;PLPP3;MBOAT1;HEXB;LPCAT2;SLC44A3;SH3YL1;PLSCR1;SERINC2;SPATA18;AGPAT2;IP6K3;DHRSX;PCSK9;TMEM38B;SMPD2;PIP5K1B;DGKA;ABHD4;AJUBA;SYNJ2;PI4KAP2;AGPAT3"
"GOBP_PHOSPHORUS_METABOLIC_PROCESS",1,1,0.191332200466896,0.746066436590248,7489,1780,"PRKY;SULT1E1;ENPP6;ERG;IGF1;APOA4;ABCA8;TLR3;SULT1B1;ACOT12;LTB;DGKG;ACSM2B;INHBA;TBX1;ACOT6;BANK1;IL7R;MYH4;SULT2B1;BLK;CASS4;CD80;CEMIP;AREG;SRPX2;GUCY2F;TSSK1B;GATA6;DDR2;PDGFRA;FN1;TREM2;LPL;PLEK;PLA2G2D;LCP2;ACSM1;PLA2G4A;PDGFRB;FLT1;ODAM;LRRK2;GPER1;PTH1R;CCL2;P2RX7;HAAO;PLA2G2C;CSPG4;GPRC5A;IER3;ETNPPL;ACSL5;PIPSL;NT5E;CDKN2A;TPD52L1;ACSM3;SGMS2;KMO;FMO2;BMP4;PLAUR;ADGRF5;TNS2;TNFSF18;IL31RA;MUSK;PTPRC;LIPH;ACP3;PLD1;THBS1;HKDC1;TEC;TGFB1;RARRES2;ALOX15;PDGFB;HES1;SULT1A2;IGFBP3;ABCC9;PLK2;SYK;TNFSF15;DAPP1;ELOVL3;PTPRB;CIMAP3;PTPRT;BMP2;RSPO1;WNT5A;ITPKB;ENPP3;PAPSS2;ABHD14B;PLAAT2;ACTN3;NTSR1;INHA;SFRP2;AGT;CDKN1A;CSNK2A3;PDE7B;CYP2W1;CTF1;HSPB1;FAXDC2;PARP14;LTK;PDK4;ANGPT1;CIB1;APOA1;EPHA7;MYCNOS;NR1H4;NUDT7;PTPRR;LCAT;ERBB4;SLC17A4;NUDT4;SLC4A1;ACSF2;SASH1;NEDD9;STK3;RAB38;NPPB;NUDT4B;ATP1A2;ACOT11;ENTPD8;CKMT2;SERTAD1;EFEMP1;CTDSP1;FABP1;ITLN1;ENO3;UAP1L1;EPHA2;GPAT3;FBLN1;SULT1A3;DPYD;ENPP2;NIBAN1;INPP4B;SLC22A13;EGFR;GMFG;LHCGR;SULT1A1;SLC25A18;ACSBG1;ADARB1;IL11;LYN;PTPN14;CARTPT;MAP3K6;IL10RB;ALDH1L1;FGFR2;PLPP3;KLHL31;IL4R;SIK1;MBOAT1;SULT1C4;IL12A;ARHGEF5;PDE8A;HEXB;TNFRSF1A;LPCAT2;LIF;PDE5A;INCA1;SLC44A3;PRR5L;HMGA2;PKDCC;VRK2;CPS1;CDK2;MYLK2;ENO4;AURKC;TRIM6;HEG1;SH3YL1"
"GOBP_PIECEMEAL_MICROAUTOPHAGY_OF_THE_NUCLEUS",0.987154784842646,1,-0.230524467851657,-0.539110163050325,4610,18,"ATG9B;ATG4A;SNX30;ULK3;RB1CC1;ATG2B;SNX7;ATG4D;ATG2A;ULK2;ULK1;ATG13;ATG7;ATG9A;ATG5;ATG12;ATG4B;ATG4C"
"GOBP_PLASMA_MEMBRANE_PHOSPHOLIPID_SCRAMBLING",0.634811653367972,1,0.346835958879721,0.892454704603978,3420,30,"XKR9;P2RX7;PLSCR5;ANO9;SLC4A1;PLSCR1;SERINC2;PLSCR3"
"GOBP_PLATELET_ACTIVATING_FACTOR_METABOLIC_PROCESS",0.879838243789717,1,0.341306669315583,0.671282274059445,4568,9,"PLA2G4A;LPCAT2"
"GOBP_POLY_N_ACETYLLACTOSAMINE_METABOLIC_PROCESS",0.847956614371489,1,0.372909001087818,0.690110804410833,4377,7,"B3GNT9;B3GNT2;B3GNT8"
"GOBP_POLYAMINE_METABOLIC_PROCESS",0.297580817812032,1,-0.483523800273502,-1.13078059450029,1389,18,"SMS;AGMAT;AZIN2;AMD1;SRM;ODC1;HDAC10;HDAC6;AZIN1;OAZ3"
"GOBP_POLYKETIDE_METABOLIC_PROCESS",0.814321081698724,1,0.364916531022411,0.735901602165082,4275,10,"AKR1B10;SULT1C4;AKR7A2"
"GOBP_POLYOL_METABOLIC_PROCESS",0.395154106538393,1,0.326920614519127,1.02119324624187,2217,99,"MOGAT2;PLEK;DHFRP1;PLA2G4A;GPER1;PTH1R;SPHK1;SPTLC3;ITPKB;NTSR1;CYP27B1;NUDT4;NUDT4B;FABP1;INPP4B;LHCGR;CYP27A1;PLPP3"
"GOBP_POLYSACCHARIDE_METABOLIC_PROCESS",0.965297450424929,1,0.240082497806608,0.754022005441496,5451,103,"IGF1;GCGR;IGF2;RUBCNL;TGFB1;PDGFB;PPP1R3G;AKR1E2;HAS2;CHST7;HAS1;CHIT1;IRS1;STBD1;WIPI1;PYGL;EXT1"
"GOBP_PORPHYRIN_CONTAINING_COMPOUND_METABOLIC_PROCESS",0.993606138107417,1,0.213007328264709,0.589861496773941,5438,44,"BLVRB;ABCC2;BDH2;CYP1A1;SLC48A1;TSPO;UROD;TMEM14C;FECH;PPOX;IBA57;SRRD;SLC25A39;ABCC1;COX15;AMBP;SLC25A38;HPX;RSAD1"
"GOBP_POSITIVE_REGULATION_OF_ADAPTIVE_IMMUNE_RESPONSE",0.503259911894273,1,0.308194739069775,0.976469760925951,2855,110,"CLEC7A;RAET1G;GATA3;AZGP1;TREM2;PLA2G4A;CD1E;P2RX7;IL1R1;PTPRC;FCER1G;TGFB1;TNFSF13;NFKBIZ;TNFSF13B;IL23A;HLA-E;B2M;STAT6;CD226;CD1D;CD4;IL18R1"
"GOBP_POSITIVE_REGULATION_OF_AMIDE_METABOLIC_PROCESS",0.959755192878338,1,0.258128536462454,0.639711928032923,5174,25,"APOE;CCN1;SIRT3;SLC2A13;ABCG1;EFNA1;PDPR;IFNGR1;PLA2G6;CASP3;GSAP;RELA;PRKCD;SP1"
"GOBP_POSITIVE_REGULATION_OF_ATP_DEPENDENT_ACTIVITY",0.957981616957419,1,0.268096199433558,0.616800432343387,5106,18,"TNNT2;PLSCR1;ATP2A1;SETMAR;SSBP1;VMP1;DNAJB11;DNAJC24"
"GOBP_POSITIVE_REGULATION_OF_AUTOPHAGY",0.981090289608177,1,0.229458657422913,0.760750855122807,5758,158,"STING1;SLC35D3;DCN;LRRK2;TRIM22;PLK2;NOD1;FOXO1;SESN3;HSPB8;NOD2;WIPI1;DHRSX;BAG3;SNX18;KDR;ZC3H12A;EPM2A;TOMM7;WDR45;FBXO7;GBA1;TFEB;TMEM59;FLCN;PIP4K2C;XBP1;HMGB1;CDK5RAP3;TRIM32;RNF31;TRIM65;ORMDL3;PARK7;DELE1;SQSTM1;AMBRA1;TPCN1;ATG101;STK11;CDC37"
"GOBP_POSITIVE_REGULATION_OF_AUTOPHAGY_OF_MITOCHONDRION",0.998697634035164,1,-0.191563311747704,-0.492371517251681,4600,27,"HK2;CERS1;HUWE1;SLC25A4;IRGM;BNIP3;ATP5IF1;HDAC6;CAMKK2;VPS13D;PRKN;SLC25A5;HTT;VDAC1;PINK1;UBE2A;EIF2AK1;STUB1;MUL1;CDC37;AMBRA1;DELE1;PARK7;GBA1;FBXO7;TOMM7;NOD2"
"GOBP_POSITIVE_REGULATION_OF_AXON_EXTENSION",0.627289377289377,1,0.332253688023921,0.902220697106968,3424,39,"FN1;CXCL12;NGF;POU4F2;TNFRSF12A"
"GOBP_POSITIVE_REGULATION_OF_AXON_EXTENSION_INVOLVED_IN_AXON_GUIDANCE",0.818903738136742,1,0.387636022148618,0.717364843120538,4227,7,"CXCL12;SEMA5A;MEGF8;BMPR2"
"GOBP_POSITIVE_REGULATION_OF_AXONOGENESIS",0.919905557573556,1,0.256099098090879,0.771880480863444,5064,77,"WNT3A;FN1;CXCL12;NGF;PLXND1;POU4F2;TNFRSF12A;ZEB2;LPAR3;METRN;CRABP2;WNT3;DISC1;PLXNB2"
"GOBP_POSITIVE_REGULATION_OF_CALCIUM_ION_IMPORT",0.580011125533098,1,0.374130237741848,0.920696246577483,3127,24,"PDGFRB;CCL2;CXCL12;PDGFB;LGALS3;P2RX1;CRH"
"GOBP_POSITIVE_REGULATION_OF_CALCIUM_ION_IMPORT_ACROSS_PLASMA_MEMBRANE",0.586608442503639,1,-0.457011963309122,-0.909684230815368,2820,9,"MS4A1;P2RX5;PPP3CA;PPP3R1;PPP3CC;AKAP5"
"GOBP_POSITIVE_REGULATION_OF_CALCIUM_ION_TRANSMEMBRANE_TRANSPORT",0.450167224080268,1,-0.345231775343623,-0.991910640580605,2018,50,"NPSR1;CXCL11;CD19;BDKRB1;MS4A1;CXCL10;F2RL3;CACNB2;GRIN1;P2RY6;P2RX2;SNCA"
"GOBP_POSITIVE_REGULATION_OF_CALCIUM_ION_TRANSPORT",0.441050011314777,1,-0.318432146055537,-0.99772400779778,1948,85,"CCL5;NPSR1;CXCL11;CD19;BDKRB1;HCRT;MS4A1;FFAR1;CXCL10;F2RL3;GCG;CACNB2;GRIN1;CAMK2A;WNK3;P2RY6;P2RX2;CRACR2A;SNCA;CASK;P2RX5;ATP2C2"
"GOBP_POSITIVE_REGULATION_OF_CALCIUM_ION_TRANSPORT_INTO_CYTOSOL",0.790208452859055,1,0.360209351923846,0.768377816858338,4131,13,"P2RX7;CAV1;CD4;BAX"
"GOBP_POSITIVE_REGULATION_OF_CENTROSOME_DUPLICATION",0.887296669248644,1,0.361944799853774,0.617663314493169,4581,5,"POC1A;ROCK2;NPM1;CEP295;CEP120"
"GOBP_POSITIVE_REGULATION_OF_CHOLESTEROL_METABOLIC_PROCESS",0.549868766404199,1,0.394648662422559,0.940733497785752,2932,21,"AGTR1;AGT;APOE;LDLRAP1;APOA1"
"GOBP_POSITIVE_REGULATION_OF_CYTOKINE_PRODUCTION_INVOLVED_IN_IMMUNE_RESPONSE",0.545388261028071,1,0.326862003363694,0.950544632985541,2991,62,"CLEC7A;RAET1G;GATA3;IL1R1;LAPTM5;FCER1G;TLR4;WNT5A;HLA-E;B2M;SPON2;CD226;IL18R1;CD36;TNFSF4;TRIM6;NOD2"
"GOBP_POSITIVE_REGULATION_OF_CYTOKINESIS",0.936426744610888,1,0.261382605826165,0.71637588006464,5125,41,"CXCR5;AURKC;DRD3;AURKB;OPN1MW;SVIL"
"GOBP_POSITIVE_REGULATION_OF_DENDRITE_DEVELOPMENT",0.897426263385309,1,0.30970669237351,0.685228214141303,4776,15,"BMP5;PTN;BMP7;VLDLR"
"GOBP_POSITIVE_REGULATION_OF_DENDRITIC_CELL_ANTIGEN_PROCESSING_AND_PRESENTATION",0.417317976141506,1,-0.656731945290567,-1.08217221185485,2028,4,"CCR7"
"GOBP_POSITIVE_REGULATION_OF_DENDRITIC_CELL_CYTOKINE_PRODUCTION",0.658690658499234,1,0.41676732176238,0.856952891707724,3440,11,"CLEC7A;KIT;RIGI"
"GOBP_POSITIVE_REGULATION_OF_DENDRITIC_SPINE_DEVELOPMENT",0.700088339222615,1,-0.310275652118223,-0.864222414650512,3169,41,"GPRASP3;NEURL1;SHANK1;ITPKA;SHANK3;FOXO6;MAPRE3;CAMK2B;LRP8;EPHB2;CAMK1;NLGN1;CPEB3;STAU2;EEF2K;CUX2;FMR1;MAPK6;BAIAP2;ARMCX5-GPRASP2;CAPRIN1"
"GOBP_POSITIVE_REGULATION_OF_DENDRITIC_SPINE_MORPHOGENESIS",0.332404629232748,1,-0.452464692220311,-1.08666351852283,1550,20,"GPRASP3;ITPKA;MAPRE3;CAMK2B;LRP8;EPHB2;STAU2;EEF2K;CUX2;BAIAP2;ARMCX5-GPRASP2;CAPRIN1"
"GOBP_POSITIVE_REGULATION_OF_DNA_METABOLIC_PROCESS",1,1,0.108822235382129,0.380642017316233,6141,276,"PDGFRB;HGF;PTPRC;TGFB1;TNFSF13;PDGFB;SMOC2;GATA5;EYA4;CDKN1A;STAT6;NOX4;EGFR;SMARCA2;GLI1;EYA2;TNFSF4;E2F8;BCL7C;BAX;CDK2;ANKRD31"
"GOBP_POSITIVE_REGULATION_OF_ENDOPLASMIC_RETICULUM_UNFOLDED_PROTEIN_RESPONSE",0.583094281889463,1,0.427928413345532,0.912832213439057,3048,13,"BCL2L11;BAX;BOK;BBC3;BAK1;PTPN2"
"GOBP_POSITIVE_REGULATION_OF_ESTABLISHMENT_OF_PROTEIN_LOCALIZATION_TO_MITOCHONDRION",0.920770085153647,1,0.268535504002944,0.713458113496014,4973,35,"UBL4B;MICALL2;TOMM7;LEPROT;BBC3;RNF31"
"GOBP_POSITIVE_REGULATION_OF_EXECUTION_PHASE_OF_APOPTOSIS",0.27368223597824,1,0.501382251227792,1.15351426085115,1458,18,"FAP;DLC1;TNFRSF1A;CASP8;BOK;RIPK1;ZC3H12A;PTGIS;FADD"
"GOBP_POSITIVE_REGULATION_OF_FERROPTOSIS",0.85173632771886,1,-0.355089452349728,-0.706807045033356,4095,9,"ACSL4;TMEM164;PRKCB"
"GOBP_POSITIVE_REGULATION_OF_GLUCOSE_METABOLIC_PROCESS",0.49597364568082,1,0.349957524899263,0.971381703893263,2709,45,"IGF1;IGF2;ACTN3;PPP1R3G;FOXO1;IRS1"
"GOBP_POSITIVE_REGULATION_OF_GLYCOGEN_METABOLIC_PROCESS",0.433658170914543,1,0.43344366330894,1.02100854361462,2313,20,"IGF1;IGF2;PPP1R3G;IRS1"
"GOBP_POSITIVE_REGULATION_OF_HORMONE_METABOLIC_PROCESS",0.813826789404471,1,0.339701332291858,0.751591563888598,4331,15,"GATA3;DAB2;ADM;BMP6;WNT4"
"GOBP_POSITIVE_REGULATION_OF_IMMUNE_EFFECTOR_PROCESS",0.509084847474579,1,0.286520205088622,0.978432052598752,3053,214,"IL33;SH2D1A;CLEC7A;RAET1G;MBL2;TYROBP;GATA3;CD80;AZGP1;GATA2;TREM2;ANXA1;CD1E;P2RX7;IL1R1;GATA1;LAPTM5;PTPRC;HLA-DMB;FCER1G;TGFB1;TNFSF13;HLX;TLR4;SYK;WNT5A;SPI1;ENPP3;NFKBIZ;COLEC10;IL23A;HLA-E;STAP1;B2M;DDX60;SPON2;STAT6;CD226;CD1D;IL18R1"
"GOBP_POSITIVE_REGULATION_OF_IMMUNE_RESPONSE",0.812856713727846,1,-0.242565470598802,-0.93655817110888,2705,667,"FCRL3;CARD11;LCK;IDO1;CCL5;C5AR2;OASL;CCR7;ITGAM;FCGR1A;CD177;PDCD1LG2;IFNL1;FPR2;CD19;HLA-DQB1;ZP4;RAET1L;FGL1;HLA-DRA;PYDC1;FCN1;PYDC5;TICAM2;BMX;CFB;EREG;HLA-H;C1QA;NLRC5;ZP3;CR2;PYCARD;IL15;C8G;IFNL3;VSIG4;LTF;MS4A1;HRG;TLR1;SLAMF1;HLA-DOB;KLRC4;IL18RAP;SCIMP;RSAD2;CLEC6A;VAV1;FZD5;MYO1G;C3;TRAF3IP3;PTPN22;MOG;CLNK;HLA-DOA;PIK3AP1;CD160;C6;IRF4;DHX58;TRDC;IRF5;NOS2;CR1L;MR1;CFHR4;KLRC4-KLRK1;NFAM1;RNF125;USP50;KLHL6;PLCG2;IRAK3;RASGRP4;F2RL1;FCHO1;IFIH1;HLA-F"
"GOBP_POSITIVE_REGULATION_OF_INFLAMMASOME_MEDIATED_SIGNALING_PATHWAY",1,1,0.172616749586115,0.444165682125824,5388,30,"P2RX7;TLR4;CD36;BTK;NEK7;LATS2;TLR6;KCNK6"
"GOBP_POSITIVE_REGULATION_OF_INHIBITORY_POSTSYNAPTIC_POTENTIAL",0.805951642901426,1,-0.393894073993665,-0.734591414700797,3899,7,"UNC13B;ABAT;RIMS2;RIMS1"
"GOBP_POSITIVE_REGULATION_OF_INTERFERON_ALPHA_PRODUCTION",0.671276396935152,1,0.354348880457949,0.861781435974473,3591,23,"TLR3;TLR4;IRF3"
"GOBP_POSITIVE_REGULATION_OF_IRE1_MEDIATED_UNFOLDED_PROTEIN_RESPONSE",0.52411388727484,1,0.528473156849167,0.978000086666788,2705,7,"BCL2L11;BAX;BBC3;BAK1"
"GOBP_POSITIVE_REGULATION_OF_LIPID_BIOSYNTHETIC_PROCESS",0.400859752821064,1,0.334263705425535,1.02394099592594,2237,85,"APOA4;AVPR1A;DAB2;EDN2;ADM;ADGRF5;EDN1;PTGS2;APOE;BMP6;NR1H4;RAB38;CCN1"
"GOBP_POSITIVE_REGULATION_OF_LIPID_STORAGE",0.808853873569687,1,0.333835885586929,0.768045645543686,4311,18,"LPL;PLIN3;IKBKE;CD36;MSR1;ZC3H12A;PLIN2"
"GOBP_POSITIVE_REGULATION_OF_LONG_TERM_NEURONAL_SYNAPTIC_PLASTICITY",0.784570596797671,1,-0.381970581586978,-0.760314045586635,3772,9,"NEURL1;SHANK3;EPHB2;FMR1"
"GOBP_POSITIVE_REGULATION_OF_LONG_TERM_SYNAPTIC_DEPRESSION",0.800697269029634,1,0.39881948824017,0.73806112762434,4133,7,"CBLN1;GRID2;IQSEC2"
"GOBP_POSITIVE_REGULATION_OF_LONG_TERM_SYNAPTIC_POTENTIATION",0.886476026660933,1,-0.290395610945995,-0.718971718889399,4122,23,"ADCY8;ADORA2A;SHISA7;SHANK3;IGSF11;ZDHHC2;CHRNA7;EPHB2;PRKAR1B"
"GOBP_POSITIVE_REGULATION_OF_MACROAUTOPHAGY",0.996977777777778,1,0.213382405358369,0.664090176944369,5607,95,"STING1;DCN;NOD1;SESN3;HSPB8;NOD2;WIPI1;BAG3;SNX18;KDR;EPM2A;TOMM7;WDR45;FBXO7;GBA1"
"GOBP_POSITIVE_REGULATION_OF_MITOCHONDRIAL_CALCIUM_ION_CONCENTRATION",0.703061813980358,1,0.417237192985461,0.820622498502909,3650,9,"TGM2;ATP2A1"
"GOBP_POSITIVE_REGULATION_OF_MITOCHONDRIAL_FISSION",0.61889616463985,1,0.37231039862823,0.895898504551777,3307,22,"DCN;KDR;MIEF2;MARCHF5;AURKA;MUL1"
"GOBP_POSITIVE_REGULATION_OF_MITOCHONDRIAL_FUSION",0.810458867300537,1,-0.414792713065811,-0.716611960583761,3920,5,"PLD6;PRKN;MIEF1"
"GOBP_POSITIVE_REGULATION_OF_MITOCHONDRIAL_MEMBRANE_PERMEABILITY",0.581108451482232,1,0.343679400600303,0.927197128301182,3155,38,"LRRK2;IER3;BCL2L11;TMEM102;EYA2;BAX;CASP6;BOK;SIVA1;HSPA1A;ACAA2;SLC9A1;BAK1"
"GOBP_POSITIVE_REGULATION_OF_MITOCHONDRIAL_MEMBRANE_POTENTIAL",0.947923124612523,1,-0.29960150623332,-0.55874081089619,4586,7,"BID;PRKN;BAD;MTLN;NDUFC2;VCP;MFN1"
"GOBP_POSITIVE_REGULATION_OF_MITOCHONDRIAL_OUTER_MEMBRANE_PERMEABILIZATION_INVOLVED_IN_APOPTOTIC_SIGNALING_PATHWAY",0.511265164644714,1,0.49385928058931,0.971322891533715,2654,9,"LRRK2;BOK;SIVA1;BAK1"
"GOBP_POSITIVE_REGULATION_OF_MITOCHONDRIAL_TRANSLATION",0.970881082096562,1,0.259133296763577,0.573334224084857,5167,15,"FASTKD3;MPV17L2;UQCC2;COA3;METTL8;TRUB2;RPUSD4;C1QBP;TACO1;RMND1;TRMT10C;RPUSD3;CDK5RAP1;NGRN;DDX3X"
"GOBP_POSITIVE_REGULATION_OF_MITOTIC_CYTOKINESIS",0.904697986577181,1,0.314026619862513,0.658496043437067,4717,12,"AURKB;CDCA8;BIRC5;NUP62;INCENP;RAB11FIP3;WNK1;RAB11A;EXOC7;KIF20B;ARF6;ECT2"
"GOBP_POSITIVE_REGULATION_OF_MRNA_METABOLIC_PROCESS",1,1,0.1501092019343,0.490334972794941,5786,140,"SLC39A5;PNLDC1;ZC3H12D;ZFP36;ZFP36L2;SAMD4A;PRR5L;NYNRIN;MOV10;KHNYN;NANOS3;POLR2G;PRDX6"
"GOBP_POSITIVE_REGULATION_OF_MYELOID_LEUKOCYTE_CYTOKINE_PRODUCTION_INVOLVED_IN_IMMUNE_RESPONSE",0.357717492984097,1,0.446707974137865,1.07492298758244,1911,22,"LAPTM5;FCER1G;TLR4;WNT5A;SPON2;CD36"
"GOBP_POSITIVE_REGULATION_OF_NATURAL_KILLER_CELL_CYTOKINE_PRODUCTION",0.750926467719914,1,0.437496002609823,0.78018063091353,3849,6,"RAET1G;HLA-E;CD226"
"GOBP_POSITIVE_REGULATION_OF_NATURAL_KILLER_CELL_MEDIATED_IMMUNE_RESPONSE_TO_TUMOR_CELL",0.928613224107665,1,0.323712313474125,0.577271736093916,4760,6,"CD226;IL12A;NECTIN2;CRTAM"
"GOBP_POSITIVE_REGULATION_OF_NEUROBLAST_PROLIFERATION",0.423511959948081,1,0.415227039938,1.02183127313057,2283,24,"SOX10;CX3CR1;VEGFC"
"GOBP_POSITIVE_REGULATION_OF_NEUROGENESIS",0.996166027671279,1,0.219787211884313,0.750546903986788,5975,214,"SOX10;CX3CR1;WNT3A;FN1;MAG;WNT2;GPER1;CXCL12;MME;TGFB1;NGF;TGM2;HES1;BMP2;ID2;PLXND1;PTN;VEGFC;POU4F2;TNFRSF12A"
"GOBP_POSITIVE_REGULATION_OF_NEURON_DIFFERENTIATION",0.306581059390048,1,0.34843243120464,1.07334802390071,1718,88,"S100B;GDF7;GATA2;GDF5;BMP4;CXCL12;DKK1;ATOH1;GDF6;MEF2C;NGF;HEYL;BMP2;EPO;TGIF1;BMP6;BMP7;NKX2-5;HMG20B;FOXA1;BCL6;PCP4;DLX1;HOXD3;NBL1"
"GOBP_POSITIVE_REGULATION_OF_NEURON_MIGRATION",0.907334458825736,1,0.30087039204213,0.675728113671512,4836,16,"FLNA;MDK;RELN;SRGAP2C;SEMA6A;ARHGEF2;DAB2IP;PLAA;KIF20B;ZNF609;WDR62;NSMF;RAPGEF2;NIPBL;TBC1D24;SHTN1"
"GOBP_POSITIVE_REGULATION_OF_NEURON_PROJECTION_ARBORIZATION",0.820701686373328,1,0.3804234519789,0.726596508716913,4233,8,"WNT5A;DVL2;FZD4"
"GOBP_POSITIVE_REGULATION_OF_NEURON_PROJECTION_DEVELOPMENT",0.996378061400483,1,0.214242775701581,0.703284663450731,5776,147,"TNN;BMP5;DDR2;ALKAL2;NGF;WNT5A;PTN;ALKAL1;APOE;EPO;LTK;ANKRD1;BMP7;FZD1;VLDLR;LYN;RIT2;MDK;P3H1;GRN"
"GOBP_POSITIVE_REGULATION_OF_NEURON_PROJECTION_REGENERATION",0.78617083091226,1,0.405155034546098,0.749785781480405,4058,7,"PTN;GRN;CNTF"
"GOBP_POSITIVE_REGULATION_OF_NEUROTRANSMITTER_SECRETION",0.916041979010495,1,0.285945011329375,0.67356458124797,4887,20,"GPER1;KMO;BGLAP"
"GOBP_POSITIVE_REGULATION_OF_NEUROTRANSMITTER_TRANSPORT",0.973627323821876,1,-0.244043709785086,-0.621454925613767,4503,26,"DRD4;ADORA2A;SNCA;RAB3B;SLC4A8;SYT1;BAIAP3;STX1B;STX1A;STXBP1;NLGN1;MICU3"
"GOBP_POSITIVE_REGULATION_OF_NEUROTRANSMITTER_UPTAKE",0.753846153846154,1,-0.432615650546937,-0.779435784496644,3674,6,"DRD4;RAB3B"
"GOBP_POSITIVE_REGULATION_OF_NEUROTROPHIN_TRK_RECEPTOR_SIGNALING_PATHWAY",0.634353038445639,1,-0.512611492672112,-0.885607473830544,3068,5,"TMEM108;WASF1;CYFIP2;PPP2R5B"
"GOBP_POSITIVE_REGULATION_OF_OLIGODENDROCYTE_DIFFERENTIATION",0.444706892849474,1,-0.407713904418818,-1.00124002249849,2070,22,"GSX2;IL34;TNFRSF1B;PTPRZ1;ZNF365"
"GOBP_POSITIVE_REGULATION_OF_OXIDATIVE_STRESS_INDUCED_INTRINSIC_APOPTOTIC_SIGNALING_PATHWAY",0.963797419603312,1,0.277488899832794,0.545765425795935,5004,9,"MMP2;VNN1;PARK7"
"GOBP_POSITIVE_REGULATION_OF_PEPTIDYL_SERINE_PHOSPHORYLATION",0.940711462450593,1,0.275496035426094,0.640857438205056,4997,19,"EGFR;IL11;LIF;TRIM6"
"GOBP_POSITIVE_REGULATION_OF_PEPTIDYL_TYROSINE_PHOSPHORYLATION",0.307833089311859,1,0.39211302499419,1.08839327986229,1681,45,"BANK1;CASS4;CD80;CSPG4;TNFSF18;IL31RA;HES1;CTF1;PARP14;ANGPT1;ERBB4;NEDD9;IL11;IL10RB;IL4R;IL12A;LIF"
"GOBP_POSITIVE_REGULATION_OF_PHOSPHOLIPID_BIOSYNTHETIC_PROCESS",0.898283800753453,1,-0.32005547749525,-0.670005105424758,4291,11,"HTR2C;FABP3"
"GOBP_POSITIVE_REGULATION_OF_PHOSPHOLIPID_METABOLIC_PROCESS",0.936084656084656,1,-0.287124739276616,-0.634955116789372,4422,14,"HTR2C;FABP3"
"GOBP_POSITIVE_REGULATION_OF_PHOSPHOLIPID_TRANSPORT",0.904462602137021,1,-0.307757832295414,-0.671021793436967,4316,13,"FASLG"
"GOBP_POSITIVE_REGULATION_OF_POTASSIUM_ION_IMPORT_ACROSS_PLASMA_MEMBRANE",0.583298883836296,1,-0.543259604760975,-0.938556339614274,2821,5,"STK39;ANK2;ATP1B3"
"GOBP_POSITIVE_REGULATION_OF_PRODUCTION_OF_MOLECULAR_MEDIATOR_OF_IMMUNE_RESPONSE",0.342419978895533,1,0.333187430245236,1.04884403284447,1946,104,"IL33;CLEC7A;RAET1G;GATA3;IL1R1;LAPTM5;PTPRC;FCER1G;TGFB1;TNFSF13;TLR4;WNT5A;HLA-E;B2M;SPON2;STAT6;CD226;IL18R1;CD36;TNFSF4;TRIM6;NOD2;VAMP3;IL13RA1;ARID5A;SECTM1;BTK;CD28;GALNT2"
"GOBP_POSITIVE_REGULATION_OF_PROTEIN_LOCALIZATION_TO_CENTROSOME",0.374044224013226,1,-0.589005125494477,-1.09846310713973,1809,7,"PARD6A;GSK3B;APC;BICD1;CEP250"
"GOBP_POSITIVE_REGULATION_OF_PROTEIN_LOCALIZATION_TO_SYNAPSE",0.894358974358974,1,-0.349348381341033,-0.629414653235339,4359,6,"WNT7A"
"GOBP_POSITIVE_REGULATION_OF_PROTEIN_SERINE_THREONINE_KINASE_ACTIVITY",0.897226753670473,1,0.270807462371488,0.763278997119749,4949,50,"CEMIP;PDGFRB;FLT1;TPD52L1;PDGFB;WNT5A;CIB1;SASH1;ARHGEF5;HMGA2"
"GOBP_POSITIVE_REGULATION_OF_PROTEIN_TYROSINE_KINASE_ACTIVITY",0.859577764865388,1,0.365189490089021,0.675824965427334,4437,7,"CASS4;NEDD9"
"GOBP_POSITIVE_REGULATION_OF_REACTIVE_OXYGEN_SPECIES_METABOLIC_PROCESS",0.372144032169622,1,0.357123176152768,1.04069908961983,2035,63,"CLEC7A;TGFBR2;TYROBP;NOX5;PDGFRB;THBS1;TGFB1;PDGFB;AGTR1;TLR4;SYK;AGT;CDKN1A;FAS;CYBA;CD36;F2;RAB27A;ACE2"
"GOBP_POSITIVE_REGULATION_OF_RELEASE_OF_CYTOCHROME_C_FROM_MITOCHONDRIA",0.855765109301329,1,-0.308779421332134,-0.741581250872145,3992,20,"MMP9;PYCARD"
"GOBP_POSITIVE_REGULATION_OF_RELEASE_OF_SEQUESTERED_CALCIUM_ION_INTO_CYTOSOL",0.309746038636857,1,-0.429423600345774,-1.10373926884495,1426,27,"NPSR1;CXCL11;CD19;BDKRB1;CXCL10;F2RL3"
"GOBP_POSITIVE_REGULATION_OF_SEQUESTERING_OF_CALCIUM_ION",0.363442527621632,1,0.578239670366215,1.10441909799245,1874,8,"TGFB1;NTSR1;GSTO1"
"GOBP_POSITIVE_REGULATION_OF_SPHINGOLIPID_BIOSYNTHETIC_PROCESS",0.749612703330751,1,0.454986803843607,0.776440654559014,3870,5,"CCN1;SIRT3;PLA2G6;PRKCD"
"GOBP_POSITIVE_REGULATION_OF_STEROID_METABOLIC_PROCESS",0.532791428043599,1,0.363912109648719,0.950750353458952,2883,32,"DAB2;ADM;AGTR1;AGT;APOE;LDLRAP1;BMP6;APOA1;WNT4"
"GOBP_POSITIVE_REGULATION_OF_SYNAPSE_ASSEMBLY",0.267562170992921,1,0.373297054051798,1.10809254726019,1473,70,"GHRL;SLITRK6;SRPX2;LRRC15;FLRT2;TPBG;CBLN1;IL1RAP;AMIGO2"
"GOBP_POSITIVE_REGULATION_OF_SYNAPSE_MATURATION",0.972950650423291,1,-0.26448149933299,-0.510868046096302,4711,8,"NEURL1;CAMK2B;NRXN1"
"GOBP_POSITIVE_REGULATION_OF_SYNAPTIC_PLASTICITY",0.395074721111345,1,-0.521358518698651,-1.06528202295369,1876,10,"ADCY8;MAP1B;CPLX2;EPHB2"
"GOBP_POSITIVE_REGULATION_OF_SYNAPTIC_TRANSMISSION",0.996592264440279,1,0.213360059164045,0.705891971947221,5848,155,"S100B;TYROBP;LAMA2;GPER1;CCL2;RAPSN;KMO;MME;SLC24A1;NFATC4;PLK2;PTN;APOE;ITPR3"
"GOBP_POSITIVE_REGULATION_OF_SYNAPTIC_TRANSMISSION_CHOLINERGIC",0.355689087032371,1,0.582222309936491,1.11202581096503,1834,8,"LAMA2;APP"
"GOBP_POSITIVE_REGULATION_OF_SYNAPTIC_TRANSMISSION_GABAERGIC",0.317829457364341,1,-0.513242414428878,-1.1190514399887,1516,13,"ADORA2A;ADRA1A;HAP1;NLGN1;PRKCE;NRXN1"
"GOBP_POSITIVE_REGULATION_OF_SYNAPTIC_TRANSMISSION_GLUTAMATERGIC",0.988296488946684,1,-0.222500420734228,-0.581131862177454,4559,29,"GRIN2B;ADORA2A;GRIN1;TNR;SHANK3;CACNG8;CACNG2;GRIN2C;CACNG7;STXBP1;NLGN1;CACNG4"
"GOBP_POSITIVE_REGULATION_OF_SYNAPTIC_VESICLE_EXOCYTOSIS",0.390243902439024,1,-0.639225004569549,-1.10434988212069,1887,5,"SLC4A8;SYT1;NLGN1;PPP3CA;CACNA1B"
"GOBP_POSITIVE_REGULATION_OF_SYNAPTIC_VESICLE_RECYCLING",0.381948479566144,1,0.59372155863121,1.09874972507448,1971,7,"LRRK2;TOR1A;ABCA13"
"GOBP_POSITIVE_REGULATION_OF_T_CELL_CYTOKINE_PRODUCTION",0.924821897262842,1,0.281583154465912,0.67121653014659,4932,21,"GATA3;IL1R1;B2M;IL18R1;TNFSF4;ARID5A;SECTM1"
"GOBP_POSITIVE_REGULATION_OF_T_CELL_MEDIATED_IMMUNE_RESPONSE_TO_TUMOR_CELL",0.852777204212265,1,-0.361477388757327,-0.69822368584635,4129,8,"MR1;HLA-DRB1;YWHAG;HSPD1"
"GOBP_POSITIVE_REGULATION_OF_T_HELPER_1_TYPE_IMMUNE_RESPONSE",0.422950184144214,1,0.549957188555773,1.0504004710271,2181,8,"PLA2G4A;IL1R1;IL23A;IL18R1;ARID5A"
"GOBP_POSITIVE_REGULATION_OF_T_HELPER_17_TYPE_IMMUNE_RESPONSE",0.5251482118952,1,0.448128624762024,0.955922139520605,2745,13,"CLEC7A;NFKBIZ;IL23A;ARID5A"
"GOBP_POSITIVE_REGULATION_OF_T_HELPER_2_CELL_CYTOKINE_PRODUCTION",0.768675638775112,1,0.427228096919706,0.761870015292613,3940,6,"GATA3;CD81"
"GOBP_POSITIVE_REGULATION_OF_TRANSMISSION_OF_NERVE_IMPULSE",0.293128205128205,1,-0.655054275533674,-1.18019942758191,1428,6,"HCRT;ITGA2;TNR"
"GOBP_POSITIVE_REGULATION_OF_TRIGLYCERIDE_METABOLIC_PROCESS",0.434970826275174,1,0.43893910860471,1.02105786108086,2310,19,"APOA4;PNPLA2"
"GOBP_POSITIVE_REGULATION_OF_TYPE_2_IMMUNE_RESPONSE",0.660019175455417,1,0.407099209462642,0.853663994583884,3441,12,"IL33;GATA3;TNFSF4;NOD2"
"GOBP_POSITIVE_REGULATION_OF_TYPE_I_INTERFERON_PRODUCTION",0.786231884057971,1,0.281656197103985,0.843595343615246,4339,74,"STING1;TLR3;RNF135;TLR4;SYK;OAS1;TLR2;POLR3G;IKBKE;IRF3;TRIM56"
"GOBP_POSITIVE_REGULATION_OF_TYPE_II_INTERFERON_PRODUCTION",0.521557213025287,1,0.324542469479149,0.96625281540506,2866,71,"TLR3;CLEC7A;EBI3;CD3E;PSMB8;HAVCR2;IL1R1;PSMB9;TLR4;WNT5A;IL23A;BTN3A2;CD226;IL18R1"
"GOBP_POSTSYNAPSE_ASSEMBLY",0.995247793618466,1,-0.216014895735881,-0.676826288386205,4397,85,"HTR4;WNT7A;ARHGEF15;NRXN3;ABI3;ASIC2;MAP1B;CARMIL3;SHANK3;CRMP1;GAP43;ARHGEF9;MARK1;EPHB2;CASKIN1;NLGN1;LRFN1;NRXN2;ARHGAP33;UBE3B;NTRK3;CPEB3;PTPN1;SPTBN2;NRXN1;CYFIP2;C1QL2;UBE2M;LZTS1;RAC3;NAE1;LRRC4B;RTN4R;RTN4"
"GOBP_POSTSYNAPSE_ORGANIZATION",0.999672131147541,1,0.204926401070159,0.707588700988277,6097,240,"ACTBL2;GHRL;POTEF;TREM2;LRRK2;ITGB3;LAMB1;RAPSN;CBLN1;MUSK;IL1RAP;POTEI;WNT5A;TANC1;APOE;NRP2;LRP4;LAMC1;EPHA7;LAMA1;NEDD9;GRID2;SEMA3F;DOCK1;SMAD3;COLQ;ACTN1;RHOG;WASF2;SYNDIG1"
"GOBP_POSTSYNAPTIC_ACTIN_CYTOSKELETON_ORGANIZATION",0.414907528488698,1,0.453716381076009,1.03316252343188,2220,17,"ACTBL2;POTEF;POTEI;WASF2;POTEE"
"GOBP_POSTSYNAPTIC_CYTOSKELETON_ORGANIZATION",0.49718785151856,1,0.408977652531529,0.97488985575287,2651,21,"ACTBL2;POTEF;POTEI"
"GOBP_POSTSYNAPTIC_DENSITY_ASSEMBLY",0.999814436815736,1,0.181241275144134,0.466357724825468,5387,30,"CBLN1;IL1RAP;GRID2;RELN;PTPRD;SLITRK3;ZDHHC12;PTK2B;C1QL3"
"GOBP_POSTSYNAPTIC_DENSITY_ORGANIZATION",0.923470319634703,1,0.264652449289337,0.740712097475758,5055,48,"ITGB3;RAPSN;CBLN1;IL1RAP;GRID2"
"GOBP_POSTSYNAPTIC_DENSITY_PROTEIN_95_CLUSTERING",0.81877499473795,1,-0.360063540029727,-0.735711036758643,3889,10,"LRRC4;NLGN1;NRXN2;NRXN1;CDH2;CRIPT;ZMYND8;SLC30A1"
"GOBP_POSTSYNAPTIC_MEMBRANE_ASSEMBLY",0.970343089746075,1,0.26610536500203,0.508252654129322,5005,8,"LRP4;NLGN2;NLGN3;CDH2;NRXN1;NRXN2;NLGN1;EPHB2"
"GOBP_POSTSYNAPTIC_MEMBRANE_ORGANIZATION",0.55106149341142,1,0.339899950152094,0.943464761407881,3010,45,"LAMB1;RAPSN;MUSK;APOE;LRP4;LAMC1;LAMA1;COLQ;GDNF;RER1;RELN"
"GOBP_POSTSYNAPTIC_MODULATION_OF_CHEMICAL_SYNAPTIC_TRANSMISSION",0.504546298014474,1,0.376625623464057,0.969107443820344,2718,30,"IGF1;GHRL;CHRM1;WNT5A;CLMP"
"GOBP_POSTSYNAPTIC_NEUROTRANSMITTER_RECEPTOR_INTERNALIZATION",0.990744168826361,1,0.218894991284132,0.581570798673947,5351,35,"ITGB3;GSG1L;LPAR1;TAMALIN"
"GOBP_POSTSYNAPTIC_SIGNAL_TRANSDUCTION",0.346455257882267,1,0.371513355427626,1.06217432189578,1900,55,"CHRNG;WNT3A;HRH4;LY6G6D;CHRNB3;CHRM1"
"GOBP_POSTSYNAPTIC_SPECIALIZATION_ASSEMBLY",1,1,-0.153295408395864,-0.420242877304794,4580,37,"NRXN3;ABI3;SHANK3;GAP43;ARHGEF9;CASKIN1;LRFN1;NRXN2;NTRK3;SPTBN2;NRXN1;C1QL2;LRRC4B;LRRTM2;CSMD2;CRKL;NPTX1;CRIPT;LATS1;LRFN4"
"GOBP_POSTSYNAPTIC_SPECIALIZATION_ORGANIZATION",0.98921192174072,1,0.226208914297381,0.649360345949222,5409,57,"ITGB3;RAPSN;CBLN1;IL1RAP"
"GOBP_POTASSIUM_ION_EXPORT_ACROSS_PLASMA_MEMBRANE",0.661525278491859,1,-0.356969502719895,-0.868196569395092,3087,21,"KCNE3;KCNQ1;KCNA5;KCNIP2;NEDD4L;KCNE1;KCNH2;KCNE4;KCNA2"
"GOBP_POTASSIUM_ION_IMPORT_ACROSS_PLASMA_MEMBRANE",0.89239662072032,1,-0.266802559850491,-0.773107867111329,4013,52,"KCNJ1;ATP4A;FXYD4;KCNJ10;ATP12A;SLC12A1;ABCC8;HCN1;KCNQ1;SLC12A8;KCNJ11;KCNJ16;KCNH2;KCNJ9;STK39;FXYD7"
"GOBP_PRESYNAPTIC_ACTIVE_ZONE_ORGANIZATION",0.368354960234408,1,-0.516493530684319,-1.08122912060609,1759,11,"RIMS2;ERC2;RIMS1;RIMS3;RAB3A;NRXN1;BSN;ERC1"
"GOBP_PRESYNAPTIC_CYTOSKELETON_ORGANIZATION",0.760216928142553,1,0.416899643651929,0.771520525382731,3924,7,"PLS3;PFN2"
"GOBP_PRESYNAPTIC_DENSE_CORE_VESICLE_EXOCYTOSIS",0.391897478296817,1,-0.638416876235796,-1.10295372830358,1895,5,"SNAP25;STXBP1;RAB3A"
"GOBP_PRESYNAPTIC_MEMBRANE_ASSEMBLY",0.987868284228769,1,0.232200346952583,0.456691857947839,5129,9,"LRP4;PTPRD"
"GOBP_PRESYNAPTIC_MEMBRANE_ORGANIZATION",0.778139356814701,1,0.373105992150751,0.767176892696406,4064,11,"APOE;LRP4;PTPRD;CNTN2"
"GOBP_PRESYNAPTIC_MODULATION_OF_CHEMICAL_SYNAPTIC_TRANSMISSION",0.998908535254311,1,-0.183847924372462,-0.50399931435182,4575,37,"ADORA2A;NRN1;CHRNA2;HTR2A;SYT12;YWHAH;GSK3B;RAB3A;NRXN2;APBA1;CHRNA4;CHRM2;FMR1"
"GOBP_PRODUCTION_OF_MOLECULAR_MEDIATOR_INVOLVED_IN_INFLAMMATORY_RESPONSE",0.480427046263345,1,0.320348047301652,0.985421256602657,2699,87,"TLR3;CLEC7A;SLAMF8;TREM2;CD6;IL1RAP;ZFP36;FCER1G;IL17RC;TLR4;SYK;PBXIP1;ALOX5AP;IL17RA;APOD;SLC18A2;GPSM3;P2RX1;IRF3;LYN;IL4R;CD36;GRN;F2;VAMP8;NOD2;VAMP3;LIPA;RPS19;ABCD1;NCF1;SNAP23;BTK"
"GOBP_PRODUCTION_OF_MOLECULAR_MEDIATOR_OF_IMMUNE_RESPONSE",0.755706984667802,1,0.266636481506259,0.892905685231513,4435,175,"IL33;TLR3;CLEC7A;RAET1G;GATA3;HFE;IL1R1;LAPTM5;PTPRC;TRIL;FCER1G;CLC;TGFB1;TNFSF13;TLR4;WNT5A;NFKBIZ;SMAD7;HLA-E;B2M;ANGPT1;TGFB2;SPON2;APOA1;STAT6;CD226;IL18R1;BTLA;SLC15A4;BCL6;CD36;TNFSF4;TRIM6;NOD2;VAMP3"
"GOBP_PROGESTERONE_METABOLIC_PROCESS",0.78057486379861,1,0.352684935310685,0.780317876005163,4154,15,"DHRS9;ADM;CYP17A1;AFP;SCP2"
"GOBP_PROLINE_METABOLIC_PROCESS",0.966729049698482,1,-0.267592430589669,-0.532643856039117,4648,9,"DAO;PRODH;ALDH4A1;PYCR3"
"GOBP_PRONEPHROS_DEVELOPMENT",0.864432890429424,1,0.350668544499337,0.689695218861881,4488,9,"OSR1;PAX2;OSR2;HNF1B;SEC61A1;PAX8"
"GOBP_PROSTAGLANDIN_TRANSPORT",0.286169415292354,1,0.484605835069524,1.14152481573787,1526,20,"PLA2G4A;TNFSF11;P2RX7;SLCO2A1;EDN1;PTGS2;TNFRSF11A;SLC22A1"
"GOBP_PROSTANOID_METABOLIC_PROCESS",0.569053708439898,1,0.337291784051709,0.934030947250078,3114,44,"AVPR1A;GSTM1;PLA2G4A;EDN2;EDN1;GSTA1;PTGS2;PTGDS;TNFRSF1A;PTGR1"
"GOBP_PROSTHETIC_GROUP_METABOLIC_PROCESS",0.631384615384615,1,-0.491036273168137,-0.884691162488562,3077,6,"MOCOS;GPHN"
"GOBP_PROTEIN_DELIPIDATION",0.937645236250968,1,0.317112977726369,0.541157250968652,4841,5,"ATG4C;ATG4B;SIRT6"
"GOBP_PROTEIN_DNA_COVALENT_CROSS_LINKING_REPAIR",0.564083031803466,1,0.46020700744672,0.928067229946458,2961,10,"FAM111A;TRAIP;FAM111B;TEX264;VCP;GCNA"
"GOBP_PROTEIN_IMPORT_INTO_MITOCHONDRIAL_MATRIX",0.965613903943188,1,0.255185280023411,0.620614172038342,5166,23,"TOMM7;SAMM50;TIMM21;ROMO1;DNAJC15;DNLZ;DNAJC19;TOMM40;TIMM17B;TIMM23;GRPEL1;TIMM50;TIMM23B;TIMM44;TIMM17A;PAM16;TOMM22;TOMM20;HSP90AA1;TOMM70;HSPA4;TOMM40L;GRPEL2"
"GOBP_PROTEIN_INSERTION_INTO_MITOCHONDRIAL_INNER_MEMBRANE",0.993622209716751,1,0.211871845512398,0.487446842549612,5296,18,"TIMM10;BCS1L;TIMM22;ROMO1;OXA1L;TIMM13;TIMM29;COX18;MAIP1;NDUFA13;TMEM126A;TIMM8B"
"GOBP_PROTEIN_INSERTION_INTO_MITOCHONDRIAL_INNER_MEMBRANE_FROM_MATRIX",0.614446165762974,1,0.534856516176202,0.912739314649991,3172,5,"BCS1L;OXA1L;COX18;MAIP1;TMEM126A"
"GOBP_PROTEIN_LIPID_COMPLEX_ASSEMBLY",0.30710706995732,1,0.428833155743924,1.10344431577972,1654,30,"APOA4;APOC3;APOE;APOA1;LCAT;FABP1;CD36"
"GOBP_PROTEIN_LIPID_COMPLEX_ORGANIZATION",0.484200913242009,1,0.351098485388289,0.98265818521937,2650,48,"APOA4;APOC3;LPL;AGTR1;AGT;APOE;APOA1;NR1H4;LCAT;FABP1;PCSK6;CD36;PLTP"
"GOBP_PROTEIN_LOCALIZATION_TO_AXON",0.593606431852986,1,0.439552853243931,0.903804278735006,3100,11,"MAL;UGT8;CNTN2;COPA"
"GOBP_PROTEIN_LOCALIZATION_TO_MITOCHONDRION",0.999818379949146,1,0.171149054668035,0.505696219056477,5504,68,"LRRK2;BAX;TIMM10;MTX1;TOMM7;BCS1L;TSPO;SAMM50;TIMM22;TOMM6;TIMM21;MTCH1;MARCHF5;ROMO1;DNAJC15;DNLZ;OXA1L;AKT1"
"GOBP_PROTEIN_LOCALIZATION_TO_POSTSYNAPSE",0.999778516057586,1,-0.182843389978263,-0.535878564002299,4513,55,"GRIP2;CPLX1;LRRC7;CACNG2;GRIN2C;STX3;ZDHHC2;ZDHHC15;CACNG7;TMEM108;DLG4;NETO1;GPHN;GRIP1;GRIPAP1;OLFM1;NSG1;EPB41L3"
"GOBP_PROTEIN_LOCALIZATION_TO_PRESYNAPSE",0.398702385935538,1,-0.503622761918514,-1.0542854143108,1904,11,"WNT7A;RAB27B;KIF5C;KIF5A;DLG2;MAP1A;NETO1"
"GOBP_PROTEIN_LOCALIZATION_TO_SYNAPSE",0.990227272727273,1,-0.219266934011207,-0.695401622750094,4356,91,"WNT7A;NRXN3;GRIP2;CPLX1;RAB27B;ASIC2;SHANK1;LRRC7;DLG3;CACNG2;GRIN2C;STX3;KIF5C;ZDHHC2;KIF5A;ZDHHC15;CACNG7;TMEM108;MAPT;DLG2;MAP1A;DLG4;NETO1;GPHN;GRIP1;NLGN1;NRXN2;GRIPAP1;OLFM1;STAU2;LRRTM1;NSG1;EPB41L3;NRXN1;BAIAP2;C1QL2;CDK5"
"GOBP_PROTEIN_TARGETING_TO_MITOCHONDRION",0.774427896839811,1,0.282979225650531,0.852896954334397,4263,77,"UBL4B;LRRK2;CDKN2A;MGARP;IMMP2L;C11orf65;TIMM10;BAG3;MICALL2;TOMM7;TSPO;FBXO7;MIPEP;LEPROT"
"GOBP_PROTEIN_TARGETING_TO_VACUOLE_INVOLVED_IN_AUTOPHAGY",0.939692307692308,1,-0.315456605980844,-0.568352455225497,4580,6,"IRGM;LAMP2;CLU;SMURF1;HSPA8;SQSTM1"
"GOBP_PROTEIN_TRANSPORT_WITHIN_LIPID_BILAYER",0.277123372597644,1,-0.638499095602246,-1.19076671849391,1340,7,"ARL6;REEP2;CD24"
"GOBP_PROTON_MOTIVE_FORCE_DRIVEN_ATP_SYNTHESIS",0.626811594202899,1,0.306494172835887,0.917988170358288,3459,74,"ATPSCKMT;SDHC;MT-ATP6;ATP5PD;MT-ND4L;MT-ND4;SDHD;NDUFA10;NDUFV3;ATP5MC2;NDUFC1;NDUFB5;DNAJC30;NDUFA9;NDUFB6;NDUFB4;MT-ATP8;NDUFA8;NDUFS4;NDUFV2;MT-ND3;NDUFB7;ATP5MG;ATP5MC3;STOML2;VPS9D1;NDUFA11;NDUFC2;NDUFS3;NDUFS8;NDUFB9;NDUFB11;NDUFB10;ATP5ME;MT-ND2;ATP5PO;ATP5PF;ATP5MJ;NDUFA2;MT-ND6;MT-ND5;MT-ND1;SDHA;NDUFS6;ATP5PB;NDUFS5;NDUFA13;NDUFAB1;ANTKMT;NDUFA7;NDUFB3;NDUFS2;NDUFB2;NDUFA12;ATP5MF;NDUFB8;ATP5F1C;NDUFA3;ATP6V0C;NDUFV1;SDHB;ATP5F1D;NDUFA6;ATP5F1B;NDUFS7;ATP5F1A;NDUFS1;ATP5F1E;NDUFA1;ATP5MK;ATP5MC1;NDUFA5;ATP5IF1;NDUFB1"
"GOBP_PROTON_TRANSPORTING_TWO_SECTOR_ATPASE_COMPLEX_ASSEMBLY",0.309783772211518,1,-0.49032125950015,-1.11624316496189,1446,16,"ALDOB;VMA21;VMA12;ATP6V1B1;PIP4P1;ATPAF1;FMC1;ATP23"
"GOBP_PROTON_TRANSPORTING_V_TYPE_ATPASE_COMPLEX_ASSEMBLY",0.29609746025191,1,-0.60573196864443,-1.17002175222034,1433,8,"ALDOB;VMA21;VMA12;ATP6V1B1;PIP4P1"
"GOBP_PROTOPORPHYRINOGEN_IX_METABOLIC_PROCESS",0.732431917729956,1,0.397989031078611,0.802596595978524,3845,10,"UROD;FECH;PPOX;EIF2AK1;CPOX;ALAD;UROS;ALAS1"
"GOBP_PTERIDINE_CONTAINING_COMPOUND_METABOLIC_PROCESS",0.983709737134395,1,0.231190196119486,0.614237293480468,5313,35,"DHFRP1;FOLR1;ALDH1L1;NOS3;TYMS;GGH;MTHFS"
"GOBP_PURINE_CONTAINING_COMPOUND_METABOLIC_PROCESS",0.99787524662316,1,0.219161859949728,0.809175515736414,6574,559,"SULT1E1;IGF1;SULT1B1;ACOT12;ACSM2B;URAD;ACOT6;MYH4;SULT2B1;GUCY2F;TREM2;TTR;ACSM1;LRRK2;P2RX7;HFE;HAAO;IER3;ACSL5;NT5E;ACSM3;KMO;SLC2A9;FMO2;ACP3;HKDC1;TGFB1;SULT1A2;ABCC9;ELOVL3;ENPP3;PAPSS2;ABHD14B;ACTN3;NTSR1;PDE7B;PARP14;PDK4;NUDT7;NUDT4;SLC4A1;ACSF2;NPPB;NUDT4B;ATP1A2;ACOT11;FABP1;ENO3;EPHA2;SULT1A3;DPYD;SLC22A13;SULT1A1;SLC25A18;ACSBG1;CARTPT;ALDH1L1"
"GOBP_PURINE_DEOXYRIBONUCLEOSIDE_TRIPHOSPHATE_METABOLIC_PROCESS",0.942550113659847,1,-0.305847828458858,-0.570389868303458,4560,7,"SAMHD1;NUDT15;NUDT16"
"GOBP_PURINE_NUCLEOBASE_METABOLIC_PROCESS",0.5353470437018,1,-0.38754105078192,-0.942550577080095,2498,21,"GDA;QNG1"
"GOBP_PURINE_NUCLEOSIDE_METABOLIC_PROCESS",0.440121054907047,1,-0.39407680400648,-1.00351273604072,2035,26,"GDA;NT5C1B"
"GOBP_PUTRESCINE_METABOLIC_PROCESS",0.579871874354205,1,-0.493225816479884,-0.919839810285495,2805,7,"AGMAT;AZIN2;ODC1;AZIN1"
"GOBP_PYRAMIDAL_NEURON_DEVELOPMENT",0.483884470489745,1,-0.468870876209207,-0.981535711569912,2311,11,"FOXG1"
"GOBP_PYRAMIDAL_NEURON_DIFFERENTIATION",0.941440478734772,1,-0.283571324088925,-0.636798450747761,4404,15,"FOXG1"
"GOBP_PYRIDINE_CONTAINING_COMPOUND_METABOLIC_PROCESS",1,1,0.176658262424792,0.591257713491059,5870,174,"CD38;IGF1;P2RX7;HAAO;IER3;KMO;FMO2;HKDC1;ACTN3;PARP14;SLC4A1;FABP1;ENO3;SLC22A13;SLC25A18;ALDH1L1;ENO4;H6PD;NMNAT1;LIPA;QPRT"
"GOBP_PYRIMIDINE_CONTAINING_COMPOUND_METABOLIC_PROCESS",0.992651970607882,1,-0.217604542729048,-0.670790753870177,4457,76,"CDA;SLC19A3;TKTL1;UPB1;NT5M;UPP2;UPRT;UPP1;DPYSL2;DPYSL5;CMPK2;CRMP1;UCK2;ALDH6A1;PRPS1"
"GOBP_PYRIMIDINE_DEOXYRIBONUCLEOSIDE_METABOLIC_PROCESS",0.402401239349342,1,0.648071650520929,1.10594235323047,2077,5,"DPYD;TK1;TK2;DHFR2;DTYMK"
"GOBP_PYRIMIDINE_DEOXYRIBONUCLEOSIDE_MONOPHOSPHATE_METABOLIC_PROCESS",0.275120116983497,1,-0.544745217029975,-1.16524952545293,1316,12,"CDA;NT5M;UPP2;UPP1"
"GOBP_PYRIMIDINE_DEOXYRIBONUCLEOSIDE_TRIPHOSPHATE_METABOLIC_PROCESS",0.997933457325894,1,-0.207399553979454,-0.386789093375727,4828,7,"CMPK2;NME3;TBPL1;DCTPP1;DUT;DTYMK;TYMS"
"GOBP_PYRIMIDINE_DEOXYRIBONUCLEOTIDE_METABOLIC_PROCESS",0.417787418655098,1,-0.40603359558219,-1.02449063820298,1925,25,"CDA;NT5M;UPP2;UPP1;CMPK2"
"GOBP_PYRIMIDINE_NUCLEOBASE_METABOLIC_PROCESS",0.730727936439768,1,-0.337218427575216,-0.828121342816614,3402,22,"CDA"
"GOBP_PYRIMIDINE_NUCLEOSIDE_DIPHOSPHATE_METABOLIC_PROCESS",0.978109871605978,1,-0.243985374771481,-0.49853071214112,4646,10,"CMPK2;DHODH;CMPK1;ENTPD7;ENTPD4;UMPS;CAD;DTYMK;AK9;ENTPD5"
"GOBP_PYRIMIDINE_NUCLEOSIDE_METABOLIC_PROCESS",0.823480259034886,1,-0.345932994892041,-0.739975763962111,3941,12,"UPB1;UPP2;UPP1"
"GOBP_PYRIMIDINE_NUCLEOSIDE_TRIPHOSPHATE_METABOLIC_PROCESS",0.994624811868415,1,-0.207520942312617,-0.513787684717441,4625,23,"CMPK2;UCK2;NME3;CTPS2;NME5;CTPS1;TBPL1;AK3;NME1;DCTPP1;ENTPD7;UCKL1;NME7;NME2;NME6;ENTPD4;UCK1;CAD;DUT;DTYMK;NME9;NME4;TYMS"
"GOBP_PYRIMIDINE_NUCLEOTIDE_METABOLIC_PROCESS",0.899733214762117,1,-0.265114763947438,-0.768217178313366,4046,52,"CDA;NT5M;UPP2;UPRT;UPP1;CMPK2;UCK2;PRPS1"
"GOBP_PYRIMIDINE_RIBONUCLEOSIDE_TRIPHOSPHATE_METABOLIC_PROCESS",0.98408259840826,1,-0.237355081739385,-0.547466501715985,4574,17,"UCK2;NME3;CTPS2;NME5;CTPS1;AK3;NME1;ENTPD7;UCKL1;NME7;NME2;NME6;ENTPD4;UCK1;CAD;NME9;NME4"
"GOBP_PYRIMIDINE_RIBONUCLEOTIDE_METABOLIC_PROCESS",0.322133102102753,1,-0.412413705476921,-1.08285626299537,1485,30,"CDA;UPP2;UPRT;UPP1"
"GOBP_PYROPTOTIC_INFLAMMATORY_RESPONSE",0.359250324735572,1,0.412582733702621,1.06162983480893,1935,30,"GBP3;CASP4;TREM2;NLRP6;NLRC4;GBP1;IFI27;ZEB2;CASP8;CASP6;GSDMB"
"GOBP_PYRUVATE_METABOLIC_PROCESS",1,1,0.162664955291588,0.522432688897306,5708,121,"IGF1;P2RX7;IER3;HKDC1;ACTN3;PDK4;SLC4A1;FABP1;ENO3"
"GOBP_QUINOLINATE_METABOLIC_PROCESS",0.818313352625052,1,-0.411098782567961,-0.710230183149054,3958,5,"KYNU;ACMSD"
"GOBP_QUINONE_METABOLIC_PROCESS",0.694823397495795,1,0.34815032809302,0.846706469881429,3717,23,"NQO1;ADH4;RTN4IP1;COQ6;COQ9;COQ7;COQ2;FDX2;NDUFA9;COQ5;COQ4;COQ8B"
"GOBP_RECEPTOR_LOCALIZATION_TO_SYNAPSE",1,1,0.180001026921537,0.545592404830772,5529,80,"TYROBP;ITGB3;RAPSN;GPC6;ERBB4;CEP112;CACNG5"
"GOBP_RECEPTOR_METABOLIC_PROCESS",0.996739130434783,1,0.200577264000786,0.600753854116974,5501,74,"LAPTM5;TGFB1;MYLIP;APOE;ANXA2;ARAP1;RNF43;VAMP3;PEX2;FURIN;PCSK9;NEDD4;PCSK5;MVB12A;ECE1;PEX6;CTSD"
"GOBP_REGULATION_OF_ACROSOME_REACTION",0.371912934282126,1,-0.514301368201408,-1.0766400410285,1776,11,"ZP4;ZP3"
"GOBP_REGULATION_OF_ACUTE_INFLAMMATORY_RESPONSE",0.644619078803755,1,-0.324523243918487,-0.889645575191734,2952,37,"C2CD4A;CCR7;FCGR1A;ZP3;CREB3L3;C2CD4B;C3;FUT7"
"GOBP_REGULATION_OF_ACUTE_INFLAMMATORY_RESPONSE_TO_ANTIGENIC_STIMULUS",0.529600341953409,1,-0.419954029147302,-0.94306459232253,2477,15,"CCR7;FCGR1A;ZP3;C3;FUT7"
"GOBP_REGULATION_OF_AIM2_INFLAMMASOME_COMPLEX_ASSEMBLY",0.455779514603044,1,-0.633993169246078,-1.04470293425477,2215,4,"PYDC5"
"GOBP_REGULATION_OF_AMIDE_METABOLIC_PROCESS",0.983938674940683,1,0.233459370029102,0.685962854603368,5390,66,"IGF1;SPHK1;APOE;PDK4;CCN1"
"GOBP_REGULATION_OF_AMINE_METABOLIC_PROCESS",0.842843779232928,1,0.311382456189689,0.74928628873072,4504,22,"NPY;NR4A2;GPR37;SLC6A3;DRD1"
"GOBP_REGULATION_OF_AMINO_ACID_METABOLIC_PROCESS",0.697295065042329,1,-0.427824031482146,-0.826377752650108,3376,8,"ACMSD;HNF4A;ATCAY;SLC7A11"
"GOBP_REGULATION_OF_ANTIFUNGAL_INNATE_IMMUNE_RESPONSE",0.433657587548638,1,0.66524052255292,1.08400185083361,2228,4,"SPI1;TRIM62;FAM3A"
"GOBP_REGULATION_OF_ATP_BIOSYNTHETIC_PROCESS",0.425936382458122,1,0.441385896599292,1.02674956652996,2262,19,"TREM2;ATPSCKMT;DNAJC30;TMSB4X;VCP;MAP2K1;NDUFC2"
"GOBP_REGULATION_OF_AUTOPHAGY",1,1,0.164454883012108,0.589300059613309,6301,366,"STING1;SLC35D3;TREM2;ATP6V0D2;DCN;NLRP6;LRRK2;HGF;TRIM22;PLK2;BMF;CRYBA1;GATA4;HSPB1;NOD1;FOXO1;IFI16;TMEM39A;SESN3;HSPB8;DAP;NOD2;WIPI1;ITPR1;DHRSX;DRAM1;BOK;GPR137B;NEDD4;DAPK2;CTSA;LEPR;ERFE;BAG3;SNX18;PIK3C3;KDR;ZC3H12A;EPM2A;TOMM7;TSPO;WDR45;FBXO7;GBA1;TFEB;ATP6V1C2;TMEM59;NUPR1;FLCN;SNX5"
"GOBP_REGULATION_OF_AUTOPHAGY_OF_MITOCHONDRION",0.989617848464767,1,-0.224882710300361,-0.657706932686503,4479,54,"FZD5;HK2;FBXW7;USP36;CERS1;HUWE1;ADCY10;SLC25A4;IRGM;BNIP3;ATP5IF1;SREBF2;VPS13C;HDAC6;DNM1L;PPTC7;CAMKK2;VPS13D;ATP13A2;CSNK2A2;PRKN;USP30;RNF41;SLC25A5;HTT;BNIP3L;CUL1;TIGAR"
"GOBP_REGULATION_OF_AXON_DIAMETER",0.656056221579165,1,-0.501345438533121,-0.866143802241636,3173,5,"WNT7A;NEFL"
"GOBP_REGULATION_OF_AXON_EXTENSION",0.41576867816092,1,0.332671191120552,1.01540750539571,2314,83,"SEMA3G;WNT3A;FN1;MAG;CXCL12;NGF;WNT5A;APOE;POU4F2;TNFRSF12A;PLXNA4;SEMA3F;SEMA3A"
"GOBP_REGULATION_OF_AXON_GUIDANCE",0.549613536661792,1,-0.434314741969443,-0.929030730616324,2630,12,"TBR1;KIF21A;NOVA2;FEZF2;TUBB2B"
"GOBP_REGULATION_OF_AXONOGENESIS",0.996549939623943,1,0.213658186992859,0.698689406908379,5776,142,"SEMA3G;WNT3A;FN1;MAG;SPP1;CXCL12;NGF;WNT5A;PLXND1;LRP4;POU4F2;TNFRSF12A;EPHA7;KEL;SEMA3F;ZEB2;LPAR3;METRN;CRABP2"
"GOBP_REGULATION_OF_BRANCHING_INVOLVED_IN_PROSTATE_GLAND_MORPHOGENESIS",0.697714949651433,1,0.48678387761945,0.830702757474999,3602,5,"BMP4;BMP7;ESR1"
"GOBP_REGULATION_OF_CALCIUM_IMPORT_INTO_THE_MITOCHONDRION",0.65374358974359,1,-0.479750446882186,-0.864357693614372,3186,6,"UCP2;MCUB;AFG3L2"
"GOBP_REGULATION_OF_CALCIUM_ION_DEPENDENT_EXOCYTOSIS_OF_NEUROTRANSMITTER",0.401322587311428,1,-0.576514053706393,-1.0751679252577,1941,7,"SYT1;RAB3A;PPP3CA;CDK5;CACNA1B"
"GOBP_REGULATION_OF_CALCIUM_ION_EXPORT_ACROSS_PLASMA_MEMBRANE",0.544233154195949,1,-0.561177115700969,-0.969511325656791,2632,5,"RGS9;CALM3;YWHAE;CALM2;CALM1"
"GOBP_REGULATION_OF_CALCIUM_ION_IMPORT",0.874504623513871,1,-0.274936629399988,-0.76347785981317,3971,40,"FCRL3;EPPIN;MS4A1"
"GOBP_REGULATION_OF_CALCIUM_ION_IMPORT_ACROSS_PLASMA_MEMBRANE",0.844996866513474,1,-0.338095295391134,-0.723210356320961,4044,12,"MS4A1;P2RX5;PPP3CA;PPP3R1;PPP3CC;AKAP5;FYN"
"GOBP_REGULATION_OF_CALCIUM_ION_TRANSMEMBRANE_TRANSPORT",0.946496375560925,1,0.243087082175949,0.790860684367186,5483,135,"TMC1;SLN;CEMIP;METTL21C;GPER1;P2RX7;ITGB3;CAPN3;TGFB1;NGF;CLIC2;NTSR1;CAV1;EPO;TMC2;CYBA;CASQ2;CD4;JPH2;ATP1A2;P2RX1;LYN;DRD1;F2;BAX;KCNN4"
"GOBP_REGULATION_OF_CALCIUM_ION_TRANSPORT",0.984642060936339,1,-0.227616214991828,-0.794583573950453,3974,204,"FCRL3;CCL5;NPSR1;CXCL11;EPPIN;CD19;CACNA1F;BDKRB1;HCRT;MS4A1;FFAR1;CXCL10;RCVRN;RGS4;F2RL3;GCG;CACNB2;NOS1;ADORA2A;GRAMD2A;GRIN1;UCP2;CAMK2A;WNK3;RGS9;P2RY6;P2RX2;CRACR2A;JPH4;SNCA;UBASH3B;CASK;CBARP;P2RX5;CACNB1;ATP2C2;EPB41;PDE4B;JPH1;BIN1;NOS1AP;JPH3;TRPV2;CAMK2B;EGF;ADCYAP1R1;ISL1;CRHR1"
"GOBP_REGULATION_OF_CALCIUM_ION_TRANSPORT_INTO_CYTOSOL",0.825710521362695,1,0.325109216724026,0.756267361322898,4386,19,"P2RX7;CAV1;EPO;CD4;BAX"
"GOBP_REGULATION_OF_CARBOHYDRATE_METABOLIC_PROCESS",0.320261437908497,1,0.317587145692812,1.05585078126656,1861,166,"IGF1;GCGR;IGF2;PLEK;GPER1;PTH1R;P2RX7;IER3;RUBCNL;NR3C1;TGFB1;PDGFB;IGFBP3;IGFBP4;ACTN3;NTSR1;PPP1R3G;PDK4;HAS2;FOXO1;SLC4A1;LHCGR;SIK1;IRS1"
"GOBP_REGULATION_OF_CARDIAC_MUSCLE_CONTRACTION_BY_CALCIUM_ION_SIGNALING",0.795336787564767,1,0.305466809680482,0.802925060772572,4297,33,"CLIC2;CASQ2;JPH2;ATP1A2;TMEM38B;TNNI3;CAMK2D;HRC;TRDN;DMD;GSTO1;TMEM38A;CACNA1C;SLC9A1;ASPH"
"GOBP_REGULATION_OF_CARDIAC_MUSCLE_CONTRACTION_BY_REGULATION_OF_THE_RELEASE_OF_SEQUESTERED_CALCIUM_ION",0.388466530687929,1,0.425139155043902,1.04622397452977,2094,24,"CLIC2;CASQ2;ATP1A2;TMEM38B;CAMK2D;HRC;TRDN;DMD;GSTO1;TMEM38A;CACNA1C;ASPH"
"GOBP_REGULATION_OF_CATECHOLAMINE_METABOLIC_PROCESS",0.836769115442279,1,0.316932443594744,0.746557765289678,4464,20,"NPY;NR4A2;GPR37;SLC6A3;DRD1"
"GOBP_REGULATION_OF_CATECHOLAMINE_UPTAKE_INVOLVED_IN_SYNAPTIC_TRANSMISSION",0.890563700185835,1,-0.339595633356474,-0.655957252636529,4312,8,"DRD4;SNCA;RAB3B"
"GOBP_REGULATION_OF_CELLULAR_RESPONSE_TO_OXIDATIVE_STRESS",0.746963184451504,1,0.334875898489098,0.814422871324477,3996,23,"DHFRP1;FBLN5;BMP7;CD36;ABCD1"
"GOBP_REGULATION_OF_CENTROSOME_CYCLE",0.99872052641199,1,0.195100784202664,0.568546714585032,5463,63,"CHMP4C;PKHD1;PLK2;CEP295NL;TMEM67;POC1B;SPICE1;RAB6C;MDM1;CCDC15;CHMP2A;POC1A;AURKA;CCNL2;CDK11B;CHMP5;MARK4"
"GOBP_REGULATION_OF_CHAPERONE_MEDIATED_AUTOPHAGY",0.85339665496593,1,-0.361300017528396,-0.697881078543435,4132,8,"GFAP;SNCA;EEF1A2;PLK3"
"GOBP_REGULATION_OF_CHOLESTEROL_METABOLIC_PROCESS",0.951901975128018,1,0.253710048515513,0.705933234578068,5204,46,"AGTR1;ACADL;AGT;APOE;LDLRAP1;APOA1;NR1H4;SEC14L2;ERLIN1;TTC39B;LMF1;CHLSN;ERLIN2"
"GOBP_REGULATION_OF_CYCLIN_DEPENDENT_PROTEIN_SERINE_THREONINE_KINASE_ACTIVITY",0.996299037749815,1,0.204908476803292,0.538605655266419,5383,33,"CDKN2A;SERTAD1;INCA1;PKMYT1;CCNE2;DIRAS3;LATS2;CDKN3;CDK5RAP3;CDC37;CDC25C;GTF2H1;GADD45A;CDC6;CDKN1B;MEN1"
"GOBP_REGULATION_OF_CYTOKINESIS",1,1,0.170174715785746,0.525861202417753,5601,91,"CXCR5;CHMP4C;E2F8;AURKC;DRD3;ANKRD53;KIF20A;AURKB;OPN1MW;SVIL;PIK3C3;GIPC1;ENTR1"
"GOBP_REGULATION_OF_CYTOKINETIC_PROCESS",0.477991320520769,1,-0.538852113360456,-1.00493041759836,2312,7,"ECT2;ARF6;KIF20B;EXOC7;RAB11A"
"GOBP_REGULATION_OF_CYTOSOLIC_CALCIUM_ION_CONCENTRATION",0.876759919546535,1,0.273167025112654,0.784159344383212,4794,57,"NPY;GPER1;WNT5A;CAV1;SV2B;P2RX1;F2;CAV2;SLC35G1;TRPC6;ITPR1;BOK;CALCB;HRC;SLC8B1;MYH7B;TMEM64"
"GOBP_REGULATION_OF_DENDRITE_DEVELOPMENT",0.996804382561059,1,-0.212668682158093,-0.683864399636799,4366,100,"NEUROG3;KHDC3L;NR2E1;RAB17;ZNF296;DCC;PACSIN1;GPRASP3;COBL;FAT3;EPHA4;NEDD4L;ITPKA;DPYSL5;SARM1;ALK;ZDHHC15;SEMA4D;MAPRE3;CAMK2B;LRP8;KNDC1;MARK1;EPHB2;PARP6;YWHAH;GSK3B;MFSD2A;EFHC2;CHRNB2;HECW1;KIAA0319;STAU2;RAB21;EEF2K;CAMK1D;CUX2;TBC1D24;BAIAP2;PPP3CA;ARMCX5-GPRASP2;LZTS1;RAPGEF2;CAPRIN1"
"GOBP_REGULATION_OF_DENDRITE_MORPHOGENESIS",0.758605472197705,1,-0.285333139678404,-0.859419516221121,3437,65,"NEUROG3;NR2E1;GPRASP3;EPHA4;NEDD4L;ITPKA;DPYSL5;SARM1;SEMA4D;MAPRE3;CAMK2B;LRP8;KNDC1;EPHB2;PARP6;YWHAH;GSK3B;EFHC2;CHRNB2;HECW1;STAU2;RAB21;EEF2K;CUX2;TBC1D24;BAIAP2;PPP3CA;ARMCX5-GPRASP2;LZTS1;RAPGEF2;CAPRIN1"
"GOBP_REGULATION_OF_DENDRITIC_CELL_ANTIGEN_PROCESSING_AND_PRESENTATION",0.652407522215334,1,-0.46336296766415,-0.86414719187129,3156,7,"CCR7"
"GOBP_REGULATION_OF_DENDRITIC_CELL_CHEMOTAXIS",0.404562578484722,1,-0.501008468191378,-1.04881264390872,1932,11,"CCR7;CCR6;SLAMF1"
"GOBP_REGULATION_OF_DENDRITIC_SPINE_DEVELOPMENT",0.990955217295389,1,-0.219894082717621,-0.648137132132428,4491,57,"GPRASP3;PPFIA2;NEURL1;SHANK1;ITPKA;SHANK3;FOXO6;MAPRE3;CAMK2B;LRP8;EPHB2;NGEF;CAMK1;NLGN1;KIF1A;CPEB3;STAU2;EEF2K;CUX2;FMR1;MAPK6;BAIAP2;ARMCX5-GPRASP2;CAPRIN1"
"GOBP_REGULATION_OF_DENDRITIC_SPINE_MAINTENANCE",0.832023010546501,1,0.34802243032598,0.729783333328067,4338,12,"APOE;NEDD9;CFL1;APP;PRNP;ZNF804A"
"GOBP_REGULATION_OF_DENDRITIC_SPINE_MORPHOGENESIS",0.549404499338333,1,-0.331716006094813,-0.942484681198334,2490,46,"ARC;ABI3;GPRASP3;PPFIA2;EPHA4;ITPKA;SHANK3;CDK5R1;ZDHHC15;MAPRE3;CAMK2B;LRP8;EPHB2;NGEF;NLGN1;SRCIN1;ARHGAP33;KIF1A;STAU2;EEF2K;CUX2;BAIAP2;LZTS3;CDK5;ARMCX5-GPRASP2;CAPRIN1"
"GOBP_REGULATION_OF_DNA_METABOLIC_PROCESS",1,1,0.197454763342278,0.722250599995175,6458,490,"TWIST1;GMNC;S100A11;IL7R;ID3;NUGGC;PDGFRB;H1-3;HGF;CIDEA;IER3;PTPRC;TGFB1;TNFSF13;PDGFB;ACVRL1;SMOC2;H1-2;EID3;GATA5;EYA4;CDKN1A;ANKRD1;STAT6;NIBAN2;NOX4;AXIN2;SLC15A4;EGFR;BCL6;SMARCA2;GLI1;H1-4;HMGA2;EYA2;TNFSF4;E2F8;BCL7C;BAX;CDK2;LMNA"
"GOBP_REGULATION_OF_DOPAMINERGIC_NEURON_DIFFERENTIATION",0.355882923047102,1,0.582126917455101,1.11184361440597,1835,8,"WNT3A;DKK1;SFRP2;SHH"
"GOBP_REGULATION_OF_ENDOPLASMIC_RETICULUM_UNFOLDED_PROTEIN_RESPONSE",0.450529051420085,1,0.375653596689042,1.00235861773488,2426,36,"BCL2L11;BAX;BOK;HSPA5;WFS1;XBP1;BBC3;NCK2;NCK1;BAK1;RACK1;PIGBOS1;AKT1;ATF6B;PTPN2;DDRGK1;TMBIM6;UFL1;COPS5;CREBRF;ERN1;ATAD3A;ATF6;BFAR"
"GOBP_REGULATION_OF_ESTABLISHMENT_OF_PROTEIN_LOCALIZATION_TO_MITOCHONDRION",0.651259742613739,1,0.318045961554199,0.896422131233832,3592,50,"UBL4B;LRRK2;CDKN2A;C11orf65;BAG3;MICALL2;TOMM7;LEPROT"
"GOBP_REGULATION_OF_EXCITATORY_SYNAPSE_ASSEMBLY",0.943873179091688,1,-0.269794950984192,-0.656176645623394,4405,21,"WNT7A;ABI3;VSTM5;SEMA4A"
"GOBP_REGULATION_OF_EXECUTION_PHASE_OF_APOPTOSIS",0.317510745655018,1,0.453825549913125,1.10371008814983,1698,23,"FAP;CIDEA;DLC1;TNFRSF1A;CASP8;BOK;RIPK1;ZC3H12A;PTGIS"
"GOBP_REGULATION_OF_GENERATION_OF_PRECURSOR_METABOLITES_AND_ENERGY",0.447514772332291,1,0.309091353024158,0.99842797583795,2574,126,"IGF1;GCGR;TRPV4;IGF2;CAVIN3;P2RX7;IER3;RUBCNL;OAS1;ACTN3;PPP1R3G"
"GOBP_REGULATION_OF_GLUCOCORTICOID_METABOLIC_PROCESS",0.740868234844138,1,0.376823472617151,0.803818101012987,3873,13,"BMP5;NR3C1;BMP2;WNT4;H6PD"
"GOBP_REGULATION_OF_GLUCOSE_METABOLIC_PROCESS",0.963022222222222,1,0.240549356029904,0.74863934606728,5416,95,"IGF1;IGF2;NR3C1;IGFBP3;IGFBP4;ACTN3;PPP1R3G;PDK4;FOXO1;SIK1;IRS1"
"GOBP_REGULATION_OF_GLUTAMATE_RECEPTOR_CLUSTERING",0.266790659227113,1,-0.643397245830792,-1.19990150711696,1290,7,"SHISA7;ZDHHC2;SLC7A11;FRRS1L;SHISA6"
"GOBP_REGULATION_OF_GLUTAMATE_SECRETION_NEUROTRANSMISSION",0.353214562354764,1,0.670689474984866,1.14453995272814,1823,5,"KMO;DTNBP1;SLC38A2"
"GOBP_REGULATION_OF_HORMONE_METABOLIC_PROCESS",0.726569692505984,1,0.314868756262182,0.849470192534439,3945,38,"GATA3;BMP5;DAB2;ADM;NR3C1;BMP2;BMP6;STC2;LHCGR;WNT4;H6PD"
"GOBP_REGULATION_OF_HUMORAL_IMMUNE_RESPONSE",0.390755522554297,1,0.389237899009429,1.03860568848508,2104,36,"CFI;CFH;GATA6;TREM2;CXCL13;PTPRC;FOXJ1"
"GOBP_REGULATION_OF_HUMORAL_IMMUNE_RESPONSE_MEDIATED_BY_CIRCULATING_IMMUNOGLOBULIN",0.650459418070444,1,0.419781273671202,0.863150150151143,3397,11,"TREM2;PTPRC;FOXJ1"
"GOBP_REGULATION_OF_IMMUNE_RESPONSE",0.300803506208912,1,0.27420080039502,1.0350572741678,2058,836,"CFI;STING1;IL33;CD38;NPY;FCMR;TLR3;RGCC;SH2D1A;CLEC7A;COL3A1;CD300E;CFH;LGALS1;CD69;RAET1G;GPR17;CLEC12B;TLR10;LRRC19;BANK1;MBL2;IL7R;TYROBP;GATA3;SERPINB4;BLK;CD80;SLAMF8;EBI3;AZGP1;GATA6;FPR1;ZNF683;CD8B;TREM2;CD3E;PLA2G2D;LCP2;PLA2G4A;ANXA1;IFI35;CXCL13;NFATC2;FYB1;CD1E;NLRP6;P2RX7;ASCL2;CD72;PPARG;HFE;CFHR5;CD200R1;CD79B;HAVCR2;IL1R1;RAB7B;TIGIT;RNF135;OTOP1;BIRC3;LAPTM5;TNFSF18;TRAC;PTPRC;HLA-DMB;TRIL;FOXJ1;FCER1G;TEC;FYB2;MEF2C;FCGR2A;CD5;CLC;TGFB1;ALOX15;TNFSF13;HLX;PLK2;TLR4;NLRC4;SYK;TESPA1;WNT5A;SPI1;ENPP3;NFKBIZ;OAS1;HLA-DRB5;ALPK1;MICA;BTN1A1;LILRB5;GFI1;TLR2;APOE;COLEC10;GBP1;TNFSF13B;KCNK13;IL23A;SMAD7;HLA-E;ITPRIPL1;PARP14;STAP1;BLNK;B2M;TRIM5;DDX60;C1S;NOD1;BTN3A2;LGALS3;C3AR1;TGFB2;CYBA;CMKLR1;IFI16;STAT6;NR1H4;CD226;POLR3G;CD1D;CD4;IL18R1;LOXL3;GCSAML;BTN2A3P;IKBKE;AHR;NPY5R;BTLA;SMIM30"
"GOBP_REGULATION_OF_INFLAMMASOME_MEDIATED_SIGNALING_PATHWAY",0.965494211932324,1,-0.242999640936125,-0.701304413216329,4336,51,"PYDC1;PYDC5;PTPN22;USP50;PLCG2"
"GOBP_REGULATION_OF_INFLAMMATORY_RESPONSE_TO_ANTIGENIC_STIMULUS",0.424093311463459,1,0.367289474967772,1.01408526379053,2326,43,"NPY;GPR17;TREM2;PLA2G2D;NLRP6;FCER1G;PLK2;SYK;HLA-E;NPY5R;LYN;FURIN;SPN"
"GOBP_REGULATION_OF_INFLAMMATORY_RESPONSE_TO_WOUNDING",0.317653780232337,1,0.560200000167207,1.12971609288539,1667,10,"IL33;MDK;GRN;SIGLEC10;DSG2"
"GOBP_REGULATION_OF_INHIBITORY_SYNAPSE_ASSEMBLY",0.82707203718048,1,0.405562728642132,0.692097853897045,4270,5,"CBLN1"
"GOBP_REGULATION_OF_INNATE_IMMUNE_RESPONSE",0.660296904611497,1,0.261398086487533,0.947073175170898,4180,430,"CFI;STING1;TLR3;SH2D1A;CLEC7A;CD300E;CFH;RAET1G;CLEC12B;TLR10;LRRC19;MBL2;TYROBP;SERPINB4;SLAMF8;TREM2;IFI35;NLRP6;P2RX7;PPARG;HAVCR2;RAB7B;TIGIT;RNF135;OTOP1;BIRC3;TRIL;TGFB1;TLR4;NLRC4;SYK;WNT5A;SPI1;ENPP3;NFKBIZ;OAS1;ALPK1;MICA;GFI1;TLR2;APOE;COLEC10;KCNK13;HLA-E;PARP14;B2M;TRIM5;DDX60;NOD1;CYBA;IFI16;NR1H4;CD226;POLR3G;CD1D;IKBKE;SMIM30;SLC15A4;IRF3;LYN;RBM47;UNC93B1;CD36;IL12A;TRIM56;TIFA;GRN;TNFAIP3;CD274;TRIM6;PLSCR1;NOD2;CASP8;CASP6;CTSS;NCR1;IRF1;RPS19;AURKB"
"GOBP_REGULATION_OF_INTRACELLULAR_LIPID_TRANSPORT",0.341806277681494,1,0.567021915350129,1.11521922950129,1774,9,"LDLRAP1;ANXA2;ABCA12;PCSK9;SCP2"
"GOBP_REGULATION_OF_IRE1_MEDIATED_UNFOLDED_PROTEIN_RESPONSE",0.595153109148976,1,0.407536609532814,0.901677587291481,3167,15,"BCL2L11;BAX;HSPA5;BBC3;BAK1;DDRGK1;TMBIM6;UFL1;COPS5"
"GOBP_REGULATION_OF_IRON_ION_TRANSMEMBRANE_TRANSPORT",0.293381759483454,1,-0.764156604126042,-1.18392420847156,1453,3,"HAMP"
"GOBP_REGULATION_OF_IRON_ION_TRANSPORT",0.792889623811492,1,-0.42500551428259,-0.734255991620167,3835,5,"HAMP"
"GOBP_REGULATION_OF_L_GLUTAMATE_IMPORT_ACROSS_PLASMA_MEMBRANE",0.499127737933708,1,0.518020510986903,0.989402448163767,2574,8,"ATP1A2;ITGB1;SEPTIN2;SLC17A8;ARL6IP5;PSEN1"
"GOBP_REGULATION_OF_LIPID_STORAGE",0.367519793776468,1,0.389819652870894,1.05167683040046,1995,38,"TREM2;LPL;ITGB3;PPARG;ITGAV;PLIN3;IKBKE;PNPLA2;CD36;MSR1;MEST"
"GOBP_REGULATION_OF_LIPOPROTEIN_METABOLIC_PROCESS",0.473417245913958,1,0.446454979184571,0.987784751232269,2519,15,"ITGB3;APOD;ITGAV;PIK3C3;ATG101;LIPG;RABL3"
"GOBP_REGULATION_OF_LONG_TERM_NEURONAL_SYNAPTIC_PLASTICITY",0.288153912667531,1,-0.439844018885466,-1.12005850213818,1332,26,"KCNJ10;SNCA;NEURL1;SHANK3;CAMK2B;EPHB2;DLG4;NETO1;SYP;FMR1;NF1;KRAS"
"GOBP_REGULATION_OF_LONG_TERM_SYNAPTIC_DEPRESSION",0.934533858563121,1,0.286593669390643,0.643663865670167,4981,16,"PENK;CBLN1;GRID2;IQSEC2"
"GOBP_REGULATION_OF_LONG_TERM_SYNAPTIC_POTENTIATION",0.992514150082162,1,0.218444950873445,0.600688619804334,5435,42,"TYROBP;MME;PTN;APOE"
"GOBP_REGULATION_OF_MACROAUTOPHAGY",1,1,0.176057932532934,0.596041941803043,5917,196,"STING1;ATP6V0D2;DCN;LRRK2"
"GOBP_REGULATION_OF_MAST_CELL_ACTIVATION_INVOLVED_IN_IMMUNE_RESPONSE",0.759143968871595,1,0.47268017494431,0.770226958703083,3901,4,"ENPP3;FER;SPHK2;PTPN6"
"GOBP_REGULATION_OF_MEMBRANE_LIPID_METABOLIC_PROCESS",0.499715747583854,1,0.446125523091929,0.9710129919492,2636,14,"SPHK1;CCN1;SIRT3;ORMDL1;ORMDL3;SCARB2;PLA2G6;PRKCD;PAQR4"
"GOBP_REGULATION_OF_MESONEPHROS_DEVELOPMENT",0.448683191324555,1,0.62523448539576,1.06697044615918,2316,5,"GATA3;GDNF;HNF1B"
"GOBP_REGULATION_OF_METANEPHROS_DEVELOPMENT",0.348373353989156,1,0.673306105457961,1.14900526526052,1798,5,"WT1;AGTR2;PAX2"
"GOBP_REGULATION_OF_MITOCHONDRIAL_ATP_SYNTHESIS_COUPLED_ELECTRON_TRANSPORT",0.974820840596552,1,0.266848633300226,0.493833949959774,5032,7,"CHCHD2;CDK1;NDUFA4L2;CCNB1;DNAJC15"
"GOBP_REGULATION_OF_MITOCHONDRIAL_DEPOLARIZATION",0.432533733133433,1,0.433742333182661,1.02171208254852,2307,20,"DCN;LRRK2;P2RX7;ABCD1;BOK;KDR;TSPO;IFI6"
"GOBP_REGULATION_OF_MITOCHONDRIAL_DNA_METABOLIC_PROCESS",0.850558081852005,1,-0.390372948239246,-0.67442342882288,4114,5,"ENDOG;STOX1;LIG3"
"GOBP_REGULATION_OF_MITOCHONDRIAL_ELECTRON_TRANSPORT_NADH_TO_UBIQUINONE",0.949333333333333,1,-0.300154526875744,-0.540782976366759,4627,6,"SNCA"
"GOBP_REGULATION_OF_MITOCHONDRIAL_FUSION",0.752592592592593,1,-0.35921731452668,-0.794382512885154,3555,14,"PID1;HUWE1;PLD6;VAT1;BNIP3;MTCH2;TFRC;PRKN;MIEF1;OMA1"
"GOBP_REGULATION_OF_MITOCHONDRIAL_GENE_EXPRESSION",0.955362946912243,1,-0.253979289399539,-0.671488269756422,4408,31,"NSUN3;DDX3X;NGRN;LRPPRC;CDK5RAP1;RPUSD3;PRKAA1;KANSL1;TRMT10C;RMND1;KANSL3;MTRES1;TACO1;KAT8;C1QBP;METTL4;RPUSD4;TRUB2;ALKBH1;SHMT2;METTL8;COA3;MALSU1;UQCC2;MPV17L2;TEFM;THAP11;MTG2;MTG1;MTERF3;FASTKD3"
"GOBP_REGULATION_OF_MITOCHONDRIAL_MEMBRANE_PERMEABILITY",0.998721461187215,1,0.201604398658672,0.574607015565864,5467,54,"LRRK2;IER3;BCL2L11;TMEM102;EYA2;BAX;CASP6;BOK;SIVA1;HSPA1A;ACAA2;ALKBH7;SLC25A6;BCL2;SLC9A1;BAK1"
"GOBP_REGULATION_OF_MITOCHONDRIAL_MEMBRANE_PERMEABILITY_INVOLVED_IN_APOPTOTIC_PROCESS",0.875776397515528,1,0.280262433068318,0.768120152845595,4793,41,"LRRK2;IER3;BCL2L11;TMEM102;EYA2;BAX;CASP6;BOK;SIVA1;HSPA1A"
"GOBP_REGULATION_OF_MITOCHONDRIAL_MEMBRANE_POTENTIAL",0.995633982172094,1,0.207356224639192,0.617356909161795,5472,71,"DCN;LRRK2;P2RX7;CDKN2A;SMAD3;BAX;TSPAN9;LIPA;ABCD1;BOK;PYCR1"
"GOBP_REGULATION_OF_MITOCHONDRIAL_MRNA_STABILITY",0.975595583962812,1,0.266076847146565,0.492405671313288,5036,7,"FASTKD3;FASTK;FASTKD1"
"GOBP_REGULATION_OF_MITOCHONDRIAL_OUTER_MEMBRANE_PERMEABILIZATION_INVOLVED_IN_APOPTOTIC_SIGNALING_PATHWAY",0.537137511693171,1,0.394698797818741,0.949772190132383,2870,22,"LRRK2;IER3;TMEM102;CASP6;BOK;SIVA1;HSPA1A;ACAA2;BAK1"
"GOBP_REGULATION_OF_MITOCHONDRIAL_RNA_CATABOLIC_PROCESS",0.596940884663084,1,-0.536390862066878,-0.92668963363388,2887,5,"SLIRP;LRPPRC;PNPT1;SUPV3L1"
"GOBP_REGULATION_OF_MITOCHONDRIAL_TRANSCRIPTION",0.670903138840747,1,0.430258491462835,0.846232800436435,3483,9,"MTERF3;THAP11;TEFM;METTL4;KAT8;MTRES1;KANSL3;KANSL1;PRKAA1"
"GOBP_REGULATION_OF_MITOCHONDRIAL_TRANSLATION",0.963281082241787,1,-0.253895676347941,-0.623502190981812,4485,22,"NSUN3;DDX3X;NGRN;LRPPRC;CDK5RAP1;RPUSD3;TRMT10C;RMND1;TACO1;C1QBP;RPUSD4;TRUB2;ALKBH1;SHMT2;METTL8;COA3;MALSU1;UQCC2;MPV17L2;MTG2;MTG1;FASTKD3"
"GOBP_REGULATION_OF_MITOCHONDRION_ORGANIZATION",0.637383833070314,1,0.290572262121536,0.925117221393055,3634,113,"IGF1;DCN;LRRK2;GPER1;HGF;PPARG;IER3;PLAUR;BMF;MGARP;BCL2L11;TMEM102;BAX;LMNA;C11orf65;CASP6;BOK;PLSCR3;SIVA1;STAT2;TRIAP1;KDR;HSPA1A;IFI6;FAM162A"
"GOBP_REGULATION_OF_MITOTIC_CENTROSOME_SEPARATION",0.795787734875077,1,-0.387850791164285,-0.749166109382716,3853,8,"UBXN2B;KIF25;MAP9;CEP85;CHEK1;KIF11"
"GOBP_REGULATION_OF_MITOTIC_CYTOKINESIS",0.990817091454273,1,0.220848573518654,0.52022511688429,5286,20,"ANKRD53;AURKB;CDCA8;BIRC5;NUP62;RBX1;INCENP;RAB11FIP3;WNK1;DCAF11;DCDC1;RAB11A;EXOC7;KIF20B;DDB1;ARF6;CUL4A;ECT2;MAP9;CUL4B"
"GOBP_REGULATION_OF_MODIFICATION_OF_POSTSYNAPTIC_ACTIN_CYTOSKELETON",0.493697044843976,1,-0.532070221123545,-0.992282550718438,2388,7,"PRMT8;CTTNBP2;BAIAP2"
"GOBP_REGULATION_OF_MODIFICATION_OF_POSTSYNAPTIC_STRUCTURE",0.421140589095467,1,-0.482634351111947,-1.03238987882574,2015,12,"PRMT8;CAMKV;AGAP1;CTTNBP2;BAIAP2;PDXP;EGLN1"
"GOBP_REGULATION_OF_MODIFICATION_OF_SYNAPTIC_STRUCTURE",0.418799741879974,1,-0.443054266646308,-1.02191774304425,1946,17,"PRMT8;CAMKV;EPHA4;AGAP1;CTTNBP2;BAIAP2;PDXP;EGLN1"
"GOBP_REGULATION_OF_MOTOR_NEURON_APOPTOTIC_PROCESS",0.440380243852036,1,-0.5572199213044,-1.039185398603,2130,7,"KCNB1;MAP2K4;CRLF1;MAP3K12;MAP2K7"
"GOBP_REGULATION_OF_MRNA_METABOLIC_PROCESS",1,1,0.131161592136487,0.466336345350631,6248,335,"SLC39A5;MYOD1;SRPK3;PNLDC1;H1-3;ZC3H12D;ZFP36;H1-2;ZFP36L2;CALCR;TENT5A;SAMD4A;IKBKE;AXIN2;RBM47;PRR5L;NYNRIN;RBM46;MOV10;VIM;CRYZ;GDNF;MAGOH;PKP1;ARID5A;TRAF5;KHNYN;TRAF3IP2;NANOS3;POLR2G;RNASEL;ADARB2;PRDX6;TENT5C"
"GOBP_REGULATION_OF_MYELOID_DENDRITIC_CELL_ACTIVATION",0.491478398731669,1,0.674542495693977,1.0404291245346,2479,3,"HAVCR2;TSPAN32"
"GOBP_REGULATION_OF_NADP_METABOLIC_PROCESS",0.518893247986785,1,-0.501934193087058,-0.969527702837418,2512,8,"ALDOB;ME1;TP53;ME2;MTOR;TIGAR"
"GOBP_REGULATION_OF_NATURAL_KILLER_CELL_MEDIATED_IMMUNE_RESPONSE_TO_TUMOR_CELL",0.54419410745234,1,0.480545064906223,0.945136479768065,2825,9,"HAVCR2;TGFB1;CD226;IL12A;NECTIN2"
"GOBP_REGULATION_OF_NEUROBLAST_PROLIFERATION",0.297372316802369,1,0.420995888885521,1.10659534507853,1606,33,"SOX10;CX3CR1;LRRK2;TGFB1;PTN;VEGFC"
"GOBP_REGULATION_OF_NEUROFIBRILLARY_TANGLE_ASSEMBLY",0.64638189974644,1,0.48769572722254,0.869701112441139,3313,6,"APOE;SORL1"
"GOBP_REGULATION_OF_NEUROGENESIS",0.996967278531524,1,0.221060417542173,0.788193967919137,6245,345,"SEMA3G;SOX10;CX3CR1;WNT3A;FN1;MAG;TREM2;WNT2;PITX3;GPER1;ASCL2;TLX2;SPP1;DAAM2;CXCL12;MME;ATOH1;TGFB1;NGF;TGM2;HES1;NFATC4;HEYL;BMP2;WNT5A;ID2;PLXND1;PTN;VEGFC;LRP4;POU4F2;TNFRSF12A;B2M;HEY1;BMP7;EPHA7;HOXB3;CTDSP1;SEMA3F;ANXA2;LYN;POU4F1;MDK;LIF;HMGA2;HEY2;F2;ZEB2;MEST;LPAR3;DRD3;METRN"
"GOBP_REGULATION_OF_NEUROMUSCULAR_JUNCTION_DEVELOPMENT",0.966059443911793,1,0.271145804253293,0.568577400774262,5037,12,"MUSK;COLQ"
"GOBP_REGULATION_OF_NEURON_DIFFERENTIATION",0.412044105173876,1,0.301279824976779,1.01329890481677,2428,183,"S100B;WNT3A;LMX1A;GDF7;GATA2;MAG;LRRK2;GDF5;BMP4;CXCL12;DKK1;ATOH1;GDF6;MEF2C;NGF;EDNRB;HES1;HEYL;BMP2;ID2;SFRP2;EPO;TGIF1;POU4F2;LTK;B2M;BMP6;HEY1;SLC6A4;BMP7;NKX2-5;HMG20B;CTDSP1;FOXA1;BCL6;JAG1;HEY2;PCP4;NOTCH3;DLX1;HOXD3;ZHX2;NBL1"
"GOBP_REGULATION_OF_NEURON_MIGRATION",0.39028384279476,1,0.367102981031873,1.03194369729751,2144,49,"COL3A1;TNN;IGSF10;FLRT2;ERBB4;NTNG1;FLNA;MDK"
"GOBP_REGULATION_OF_NEURON_PROJECTION_ARBORIZATION",0.657336088671802,1,0.390434097845263,0.863838161055066,3498,15,"WNT5A;NTNG1;MOV10;DVL2;FZD4"
"GOBP_REGULATION_OF_NEURON_PROJECTION_DEVELOPMENT",0.731545741324921,1,0.256527579767496,0.930048087333703,4637,433,"CD38;SEMA3G;DGKG;PRRX1;WNT3A;TNN;GATA3;TRPV4;BMP5;DAB2;DDR2;FN1;MAG;SLC39A12;LRRK2;PMP22;TLX2;SPP1;CXCL12;ALKAL2;DKK1;LPAR1;NGF;HES1;MYLIP;NFATC4;WNT5A;SFRP2;PLXND1;PTN;GFI1;ALKAL1;APOE;EPO;LRP4;POU4F2;TNFRSF12A;PRAG1;LTK;B2M;ANKRD1;CIB1;SDC2;BMP7;EPHA7;KREMEN1;MGARP;FZD1;PREX1;KEL;ITM2C;GRID2;SEMA3F;VLDLR;NTNG1;SMAD3;LYN;RIT2;SEMA3A;MBOAT1;MDK;P3H1;GRN;ZEB2;VIM;LPAR3;METRN;PTK7;TSKU"
"GOBP_REGULATION_OF_NEURON_PROJECTION_REGENERATION",0.511321455085375,1,0.377594823601874,0.96573827629677,2754,29,"PRRX1;SPP1;PTN;KREMEN1;GRN"
"GOBP_REGULATION_OF_NEURONAL_ACTION_POTENTIAL",0.474705760892009,1,-0.519831544638041,-1.00409792812806,2298,8,"TRPA1;UNC79;FMR1;FGF12"
"GOBP_REGULATION_OF_NEURONAL_SYNAPTIC_PLASTICITY",0.968388245770258,1,-0.240522824864485,-0.716098930802297,4349,61,"KCNJ10;ARC;GRIN2B;GRIN1;MCTP1;CAMK2A;SNCA;NEURL1;SHANK3;GRIN2C;JPH3;ZDHHC2;CAMK2B;EPHB2;DLG4;NETO1;SLC8A2;SYP;RAB3A"
"GOBP_REGULATION_OF_NEUROTRANSMITTER_RECEPTOR_ACTIVITY",0.318743228602384,1,-0.394356243748902,-1.07719169185049,1470,36,"PSCA;LYNX1;CNIH2;SHISA7;CACNG8;CACNG2;CACNG7;CRHBP;PRRT1;CACNG4"
"GOBP_REGULATION_OF_NEUROTRANSMITTER_RECEPTOR_LOCALIZATION_TO_POSTSYNAPTIC_SPECIALIZATION_MEMBRANE",0.989083380387728,1,0.226582787754654,0.527075697032169,5254,19,"GPC6;IQSEC2;RAP1A;DAG1;GPC4;NETO2;MAP2K1;OGT;CACNA2D2;KIF2C"
"GOBP_REGULATION_OF_NEUROTRANSMITTER_SECRETION",0.665241403883841,1,0.29395209706496,0.906851318321667,3733,89,"NPY;CPLX4;LRRK2;GPER1;KMO;MYOF;MEF2C;NGF;MCTP2;OTOF;RAP1BL;SV2B;CPLX3;P2RX1"
"GOBP_REGULATION_OF_NEUROTRANSMITTER_TRANSPORT",0.80663856691254,1,0.270753385904801,0.855923093660243,4592,107,"NPY;CPLX4;LRRK2;GPER1;ITGB3;KMO;MYOF;MEF2C;NGF;MCTP2;OTOF;ATP1A2;RAP1BL;SV2B;CPLX3;P2RX1;DRD1;ITGB1;DRD3;GDNF"
"GOBP_REGULATION_OF_NEUROTRANSMITTER_UPTAKE",0.922413793103448,1,0.283059593285107,0.666767766057257,4921,20,"ITGB3;ATP1A2;DRD1;ITGB1;DRD3;GDNF"
"GOBP_REGULATION_OF_NEUROTROPHIN_TRK_RECEPTOR_SIGNALING_PATHWAY",0.362748851454824,1,0.532565061820566,1.09505507250361,1894,11,"AGTR2;AGT;SPRY1"
"GOBP_REGULATION_OF_NUCLEOTIDE_METABOLIC_PROCESS",0.873802205749412,1,0.265377864607577,0.803350762341895,4832,79,"IGF1;TREM2;P2RX7;IER3;ACTN3"
"GOBP_REGULATION_OF_OLIGODENDROCYTE_DIFFERENTIATION",0.859092910612065,1,-0.279223732666385,-0.775382815634334,3901,40,"GSX2;IL34;HES5;TNFRSF1B;SOX1;ID4"
"GOBP_REGULATION_OF_OXIDATIVE_PHOSPHORYLATION",0.9444340505145,1,0.271117235694668,0.652395224285975,5047,22,"ACTN3;ABCD1;SIRT3;NUPR1;NDUFA4L2;TEFM;DNAJC15;UQCC2;VCP;RHOA;MLXIPL"
"GOBP_REGULATION_OF_PEPTIDYL_SERINE_PHOSPHORYLATION",0.998887859128823,1,0.187152584495713,0.471510601013107,5388,27,"EGFR;IL11;LIF;TRIM6;CNKSR3"
"GOBP_REGULATION_OF_PEPTIDYL_TYROSINE_PHOSPHORYLATION",0.30744042204839,1,0.362486445743935,1.08179688899961,1689,72,"BANK1;IL7R;CASS4;CD80;CSPG4;GPRC5A;TNFSF18;IL31RA;HES1;SFRP2;CTF1;PARP14;ANGPT1;EPHA7;ERBB4;NEDD9;EGFR;IL11;IL10RB;IL4R;IL12A;LIF"
"GOBP_REGULATION_OF_PERK_MEDIATED_UNFOLDED_PROTEIN_RESPONSE",0.885778696223934,1,0.314270473310753,0.695325611254014,4714,15,"BOK;HSPA5;NCK2;NCK1;AKT1;PTPN2;DDRGK1"
"GOBP_REGULATION_OF_PHOSPHATIDYLCHOLINE_METABOLIC_PROCESS",0.969480109450642,1,-0.25809129680527,-0.527353076446762,4605,10,"FABP3;MFSD2A;LDLR;ABCA3;LPCAT1;SCARB1;APOC1;ACSL3"
"GOBP_REGULATION_OF_PHOSPHOLIPID_BIOSYNTHETIC_PROCESS",0.964359407240668,1,0.264587163175174,0.608727303795304,5140,18,"ADGRF5;PDGFB;NR1H4;RAB38"
"GOBP_REGULATION_OF_PHOSPHOLIPID_CATABOLIC_PROCESS",0.728813559322034,1,-0.459314769411897,-0.79352998995697,3525,5,"IDH1;LDLR;SCARB1;APOC1"
"GOBP_REGULATION_OF_PHOSPHOLIPID_METABOLIC_PROCESS",1,1,-0.176893358457317,-0.476618132708929,4587,34,"HTR2C;FABP3;HTR2A;MTMR1;CHRM5;IDH1;MFSD2A;MTMR9;CHP1"
"GOBP_REGULATION_OF_PHOSPHOLIPID_TRANSLOCATION",0.56451282051282,1,-0.523708501426683,-0.943556124566926,2751,6,"FASLG"
"GOBP_REGULATION_OF_PHOSPHORUS_METABOLIC_PROCESS",0.575720603934726,1,0.2627310619423,0.968645364579551,3774,552,"IGF1;TLR3;LTB;INHBA;TBX1;BANK1;IL7R;CASS4;CD80;CEMIP;AREG;SRPX2;DDR2;FN1;TREM2;PLEK;LCP2;PDGFRB;FLT1;ODAM;GPER1;PTH1R;P2RX7;CSPG4;GPRC5A;IER3;CDKN2A;TPD52L1;BMP4;PLAUR;ADGRF5;TNFSF18;IL31RA;MUSK;PTPRC;THBS1;RARRES2;PDGFB;HES1;IGFBP3;TNFSF15;CIMAP3;BMP2;RSPO1;WNT5A;ACTN3;NTSR1;INHA;SFRP2;AGT;CDKN1A;CTF1;HSPB1;FAXDC2;PARP14;PDK4;ANGPT1;CIB1;EPHA7;MYCNOS;NR1H4;ERBB4;SLC4A1;SASH1;NEDD9;RAB38;SERTAD1;ITLN1;FBLN1;NIBAN1;EGFR;LHCGR;ADARB1;IL11;LYN;IL10RB;KLHL31;IL4R;IL12A;ARHGEF5;TNFRSF1A;LIF;INCA1;PRR5L;HMGA2"
"GOBP_REGULATION_OF_POSTSYNAPSE_ASSEMBLY",0.789147286821705,1,-0.29242937576902,-0.821268971399272,3562,43,"HTR4;ARHGEF15;ASIC2;MAP1B;CARMIL3;CRMP1;MARK1;NRXN2;ARHGAP33;UBE3B;CPEB3;PTPN1;CYFIP2;UBE2M;LZTS1;RAC3;NAE1;RTN4R;RTN4"
"GOBP_REGULATION_OF_POSTSYNAPSE_ORGANIZATION",1,1,0.160417779356993,0.523705880187013,5793,139,"GHRL;LRRK2;CBLN1;IL1RAP;WNT5A;TANC1;APOE;NRP2;LRP4;EPHA7;NEDD9;GRID2;SEMA3F;DOCK1;SMAD3;RHOG;SYNDIG1"
"GOBP_REGULATION_OF_POSTSYNAPTIC_CYTOSOLIC_CALCIUM_ION_CONCENTRATION",0.985942615058733,1,0.23968257239555,0.471407905895136,5119,9,"WNT5A;ITPR1"
"GOBP_REGULATION_OF_POSTSYNAPTIC_DENSITY_ASSEMBLY",0.689176514725192,1,0.375337109785972,0.842973731862183,3673,16,"CBLN1;IL1RAP;GRID2;PTPRD"
"GOBP_REGULATION_OF_POSTSYNAPTIC_DENSITY_ORGANIZATION",0.772488755622189,1,0.336947110090206,0.793703789604488,4121,20,"CBLN1;IL1RAP;GRID2;PTPRD;PTK2B;CFL1"
"GOBP_REGULATION_OF_POSTSYNAPTIC_MEMBRANE_NEUROTRANSMITTER_RECEPTOR_LEVELS",1,1,-0.148332319879545,-0.486376336382133,4297,117,"ARC;DRD4;GRIP2;CALY;CPLX1;SYT17;USP6;IQSEC3;NRG1;LRRC7;DLG3;CACNG8;CACNG2;STX3;OPHN1;ZDHHC2;SNX27;EPS15;CACNG7;TMEM108;DLG2;EFNB2;DLG4;NETO1;GPHN;GRIP1;AP2B1;GRID2IP;GRIPAP1;OLFM1;CACNG4;FRRS1L;NSG1;NSG2;SUSD4;GRID1;EPB41L3;SHISA6;AP2A2;C1QL2;PPP3R1;CPT1C;RABEP1;PORCN;ARHGAP44;SLC12A5;LHFPL4;FLOT2;IQSEC1;SACM1L"
"GOBP_REGULATION_OF_POSTSYNAPTIC_MEMBRANE_POTENTIAL",0.863213177369301,1,-0.253446153786993,-0.855546660808523,3615,150,"HCRT;NPY2R;PNOC;WNT7A;RGS4;DRD4;ADRB2;GRIN2B;GABRA1;NOS1;ADORA2A;GRIN1;HCN1;GRIA1;INSYN2A;GRIA3;CHRNA2;BEGAIN;GABRR2;P2RX2;GABRG3;NLGN4X;GABRA5;UNC13B;HTR3B;SNCA;ABAT;GABRB2;SLC29A1;SYT1;P2RX5;SHANK1;GABRG2;RIMS2;GRIK4;STX1B;GLRA2;SHANK3;GRIN2C;KCNA2;STX1A;CELF4;CHRNA7;GABRB3;RIMS1;TMEM108;SLC17A7;P2RX3;RGS7BP;DLG4;GRIK1;NETO1;HTR3A;GRM1;GSK3B;GRIK5;SLC8A2;ADORA1;PRKAR1B;NLGN1;CHRNB2;MAPK8IP2;MECP2"
"GOBP_REGULATION_OF_POSTSYNAPTIC_NEUROTRANSMITTER_RECEPTOR_INTERNALIZATION",0.926598702502317,1,0.272959272772784,0.687691228544823,4998,27,"ITGB3;GSG1L;LPAR1;TAMALIN"
"GOBP_REGULATION_OF_POSTSYNAPTIC_SPECIALIZATION_ASSEMBLY",0.901424287856072,1,0.293966144154166,0.692458951697545,4809,20,"CBLN1;IL1RAP;GRID2;PTPRD"
"GOBP_REGULATION_OF_POTASSIUM_ION_EXPORT_ACROSS_PLASMA_MEMBRANE",0.596505998737108,1,-0.440903111453415,-0.900889007564395,2833,10,"KCNE3;KCNIP2;NEDD4L;KCNH2"
"GOBP_REGULATION_OF_PRESYNAPSE_ORGANIZATION",0.659338629225938,1,0.335947002765626,0.877689208889505,3568,32,"WNT3A;CBLN1;IL1RAP;DKK1;FZD1;GRID2"
"GOBP_REGULATION_OF_PRESYNAPTIC_CYTOSOLIC_CALCIUM_ION_CONCENTRATION",0.499154612060868,1,0.438886565015516,0.971039582165372,2656,15,"NPY;SV2B;P2RX1"
"GOBP_REGULATION_OF_PRESYNAPTIC_MEMBRANE_POTENTIAL",0.526224534026875,1,-0.362526935688301,-0.946856426297175,2427,29,"GRIN2B;GRIA1;GABRR1;GRIA3;GABRA5;KCNJ11;GRIK4;KCNJ9;KCNA2;KCNC1;HTR3A;GRIK5;KCNC2;KCNA4;KCNJ3;GABRA2"
"GOBP_REGULATION_OF_PRODUCTION_OF_MOLECULAR_MEDIATOR_OF_IMMUNE_RESPONSE",0.395376919096084,1,0.311939242628608,1.02008094092325,2291,142,"IL33;TLR3;CLEC7A;RAET1G;GATA3;HFE;IL1R1;LAPTM5;PTPRC;TRIL;FCER1G;CLC;TGFB1;TNFSF13;TLR4;WNT5A;SMAD7;HLA-E;B2M;ANGPT1;TGFB2;SPON2;APOA1;STAT6;CD226;IL18R1;BTLA;SLC15A4;BCL6;CD36;TNFSF4;TRIM6;NOD2;VAMP3;SPINK5;IL13RA1;ARID5A"
"GOBP_REGULATION_OF_PROTEIN_LIPIDATION",0.95074721111345,1,-0.280677428562268,-0.573502893253917,4516,10,"HHATL"
"GOBP_REGULATION_OF_PROTEIN_LOCALIZATION_TO_CENTROSOME",0.473156465427199,1,-0.46019453632104,-0.984389487598963,2264,12,"UBXN2B;PARD6A;GSK3B;APC;BICD1;CEP250"
"GOBP_REGULATION_OF_PROTEIN_LOCALIZATION_TO_SYNAPSE",1,1,0.144692671513347,0.370066649344241,5387,29,"WNT5A;GPC6;IQSEC2;RAP1A;DAG1"
"GOBP_REGULATION_OF_PROTEIN_METABOLIC_PROCESS",1,1,0.211321713303912,0.818611454143425,7315,1461,"IL33;IGF1;TLR3;CDC20B;ECSCR;KLHL40;WT1;LTB;INHBA;TBX1;PLAT;BANK1;IL7R;WNT1;SERPINB4;CASS4;CD80;CEMIP;CRYAB;EPAS1;DAB2;DDR2;MMP14;ITM2A;FN1;TREM2;LCP2;DHFRP1;PDGFRB;FLT1;ODAM;LRRK2;GPER1;CSTA;TIMP3;CCBE1;ITGB3;HFE;FXYD1;TGFB1I1;CSPG4;FOXF2;GPRC5A;IER3;IGFBP5;BACE2;ANXA2P2;CDKN2A;TPD52L1;SLC2A10;GATA1;BIRC3;BMP4;PLAUR;CAPN3;LAPTM5;TNFSF18;IL31RA;MUSK;PTPRC;SPHK1;ZFP36;PLD1;THBS1;EDN1;TGFB1;RARRES2;NGF;EDNRB;PDGFB;HES1;MYLIP;IGFBP3;PLK2;NLRC4;SYK;TNFSF15;RHBDF1;EIF4E1B;BMP2;RSPO1;WNT5A;ASB9;CSF1;PRR16;SFRP2;ZFP36L2;AGT;CDKN1A;F8A1;CAV1;CSNK2A3;CNDP1;APOE;NQO1;PIWIL4;CTF1;CTSC;HSPB1;IL23A;SMAD7;FAXDC2;PARP14;PTX3;KCNE2;GSN;HSPG2;ANGPT1;EIF5AL1;APOD;CIB1;FOXO1;ITGAV;DACT1;HSP90AB3P;PACSIN3;SAMD4A;C8orf88;EPHA7;MYCNOS;ERBB4;HMG20B;SASH1;NEDD9;MELTF;SERTAD1;DIO2;AXIN2;ITLN1;PLAU;FBLN1;ITM2C;MYH9;NIBAN1;EGFR;SH3RF2;WNT10B;CRTAP;ANXA2;ADARB1;SMAD3;IL11;LYN;FLNA;IL10RB;KLHL31;IL4R;INHBB;IL12A;DAP;SH3D19;ARHGEF5;P3H1;DNAJC1;NKD2;GPC3;TNFRSF1A;LIF;INCA1;PRR5L;HMGA2;GRN;F2;TNFAIP3;GAS1;VGLL4;CDK2;TRIM6;MEST;VTN;HEG1"
"GOBP_REGULATION_OF_PROTEIN_SERINE_THREONINE_KINASE_ACTIVITY",1,1,0.182999272825819,0.583953562938779,5686,116,"CEMIP;PDGFRB;FLT1;CDKN2A;TPD52L1;PDGFB;WNT5A;AGT;CIB1;SASH1;SERTAD1;LYN;ARHGEF5;INCA1;HMGA2;HEG1"
"GOBP_REGULATION_OF_PROTEIN_TYROSINE_KINASE_ACTIVITY",0.770989505247376,1,0.337448460126732,0.794884756622733,4113,20,"CASS4;GPRC5A;NEDD9"
"GOBP_REGULATION_OF_REACTIVE_OXYGEN_SPECIES_METABOLIC_PROCESS",0.290160816185371,1,0.3299512471075,1.07253279746569,1677,134,"CLEC7A;TGFBR2;TYROBP;NOX5;CRYAB;DHFRP1;PDGFRB;LRRK2;FBLN5;IER3;THBS1;TGFB1;PDGFB;AGTR1;TLR4;SYK;HVCN1;AGT;CDKN1A;CA3;FAS;TFAP2A;FOXO1;SLC18A2;CYBA;BST1;BMP7"
"GOBP_REGULATION_OF_RECEPTOR_LOCALIZATION_TO_SYNAPSE",0.439970309890518,1,0.392487873975494,1.00992310820608,2370,30,"TYROBP;ITGB3;GPC6"
"GOBP_REGULATION_OF_RELEASE_OF_CYTOCHROME_C_FROM_MITOCHONDRIA",0.605311355311355,1,0.333944931417353,0.91175133484466,3304,40,"IGF1;GPER1;HGF;PLAUR;BMF;BCL2L11;BAX;LMNA"
"GOBP_REGULATION_OF_RELEASE_OF_SEQUESTERED_CALCIUM_ION_INTO_CYTOSOL",0.915590321993815,1,0.256596442644031,0.765781001303343,5032,72,"CEMIP;METTL21C;GPER1;ITGB3;CAPN3;TGFB1;NGF;CLIC2;NTSR1;CYBA;CASQ2;JPH2;ATP1A2;LYN;DRD1;F2;BAX"
"GOBP_REGULATION_OF_RELEASE_OF_SEQUESTERED_CALCIUM_ION_INTO_CYTOSOL_BY_SARCOPLASMIC_RETICULUM",0.632249722940525,1,0.337942243965812,0.893463563078403,3422,34,"METTL21C;CLIC2;CASQ2;JPH2;ATP1A2;TMEM38B;CAMK2D;HRC;TRDN;DMD;GSTO1;TMEM38A;CACNA1C;ASPH"
"GOBP_REGULATION_OF_RESPIRATORY_GASEOUS_EXCHANGE",0.268170969841614,1,-0.456964916250501,-1.14094094833744,1235,24,"GSX2;GRPR;GRP;TLX3;NMBR;PHOX2B"
"GOBP_REGULATION_OF_RESPIRATORY_SYSTEM_PROCESS",0.276172125883109,1,-0.504356465980088,-1.14819508015731,1289,16,"GSX2;TLX3;PHOX2B"
"GOBP_REGULATION_OF_RESPONSE_TO_OXIDATIVE_STRESS",0.854266715921685,1,0.289364794976494,0.765032798845074,4624,34,"DHFRP1;FBLN5;BMP7;SESN3;CD36;ABCD1"
"GOBP_REGULATION_OF_RESPONSE_TO_TYPE_II_INTERFERON",0.531362516581391,1,0.43450087879293,0.945711411885172,2803,14,"PPARG;OTOP1;PARP14"
"GOBP_REGULATION_OF_RYANODINE_SENSITIVE_CALCIUM_RELEASE_CHANNEL_ACTIVITY",0.994771494965143,1,0.235313471029062,0.401565372729273,5136,5,"CAMK2D;SELENON"
"GOBP_REGULATION_OF_SHORT_TERM_NEURONAL_SYNAPTIC_PLASTICITY",0.865691239917464,1,0.317801004579906,0.713752762078434,4614,16,"GSG1L;GRIK2;SHISA9"
"GOBP_REGULATION_OF_SKELETAL_MUSCLE_CONTRACTION_BY_CALCIUM_ION_SIGNALING",0.978113499903157,1,0.263846744415603,0.488278610863974,5049,7,"DMD;GSTO1;GSTM2"
"GOBP_REGULATION_OF_SKELETAL_MUSCLE_CONTRACTION_BY_REGULATION_OF_RELEASE_OF_SEQUESTERED_CALCIUM_ION",0.800348567002324,1,0.423325711496169,0.722410605646325,4132,5,"DMD;GSTO1;GSTM2"
"GOBP_REGULATION_OF_SODIUM_ION_EXPORT_ACROSS_PLASMA_MEMBRANE",0.476290230432299,1,0.494006179012417,0.996227651282705,2500,10,"FXYD3;FXYD1;FXYD2;FXYD5"
"GOBP_REGULATION_OF_SODIUM_ION_IMPORT_ACROSS_PLASMA_MEMBRANE",0.834947538337369,1,-0.455238183415688,-0.705310276789223,4137,3,"NEDD4L;STK39"
"GOBP_REGULATION_OF_SPHINGOLIPID_BIOSYNTHETIC_PROCESS",0.556894243641232,1,0.437133306075648,0.932467559780306,2911,13,"SPHK1;CCN1;SIRT3;ORMDL1;ORMDL3;PLA2G6;PRKCD;PAQR4"
"GOBP_REGULATION_OF_SPONTANEOUS_SYNAPTIC_TRANSMISSION",0.995318899941486,1,0.226703138227892,0.404276602203503,5102,6,"ITGB1;AGER;APP"
"GOBP_REGULATION_OF_STEROID_METABOLIC_PROCESS",0.366577777777778,1,0.331870549371954,1.03601864593939,2061,98,"SNAI2;IGFBP7;BMP5;DAB2;DKKL1;SNAI1;ADM;NR3C1;DHH;AGTR1;BMP2;ACADL;AGT;GFI1;APOE;LDLRAP1;BMP6;APOA1;NR1H4;SEC14L2;LHCGR;WNT4"
"GOBP_REGULATION_OF_STORE_OPERATED_CALCIUM_CHANNEL_ACTIVITY",0.96011572638975,1,-0.285562826746609,-0.532559423295929,4645,7,"CRACR2A;UBQLN1;CASQ1;STIMATE;ASPH;STIM2;STIM1"
"GOBP_REGULATION_OF_STORE_OPERATED_CALCIUM_ENTRY",0.988061398521887,1,0.224954215562698,0.489623333790096,5213,14,"STC2;CD84;EFHB;SLC8B1;STIM1"
"GOBP_REGULATION_OF_SULFUR_METABOLIC_PROCESS",0.905396825396825,1,-0.305621751296233,-0.675859890292206,4277,14,"SNCA;PDK3;PDK1;PGK1;SLC7A11;TPK1;SIRT4;PDP1"
"GOBP_REGULATION_OF_SUPEROXIDE_METABOLIC_PROCESS",0.446176688938382,1,0.392713034211571,1.00440468203726,2403,29,"CLEC7A;TYROBP;DHFRP1;FBLN5;TGFB1;SYK;AGT;CYBA;BST1;BMP7"
"GOBP_REGULATION_OF_SUPRAMOLECULAR_FIBER_ORGANIZATION",0.287141271602981,1,0.292732392337845,1.04981767780795,1810,373,"TMSB4Y;RGCC;KANK4;CCL26;TRPV4;CRYAB;TREM2;PLEK;SLC39A12;CDC42EP5;CDC42EP1;CCN2;ARHGAP40;ELN;SYNPO;DAAM2;CXCL12;LPAR1;EDN1;DNAI3;SSH3;ALOX15;PHLDB2;KIRREL1;CGNL1;KANK3;GAS2L1;APOE;KANK2;LMOD1;DLC1;PTGER4;EPS8;GSN;HSPG2;CIB1;PLEKHH2;APOA1;CDH5;ESAM;LIMA1;RHOC;ARHGAP6;PREX1;SDC4;TPM1;SCIN;ARHGAP28;MYLK3;GMFG;SMAD3;SORBS3;ARAP1;FLNA;WNT4;ARHGEF5;NCKAP1L;NPHS1;WASF2;RAPGEF3;ANKRD53;HAUS8;SYNPO2L"
"GOBP_REGULATION_OF_SYNAPSE_ASSEMBLY",0.953615279672578,1,0.240962213489314,0.808475089824315,5591,179,"WNT3A;GHRL;SLITRK6;SRPX2;LRRC15;FLRT2;TPBG;CBLN1;MUSK;IL1RAP;DKK1;AMIGO2;MEF2C;WNT5A;TLR2;LRP4;FLRT1;EPHA7;FZD1;GRID2;NTM;VLDLR;DOCK1;COLQ;RHOG;SYNDIG1;CLSTN2;DOCK10;SLITRK2"
"GOBP_REGULATION_OF_SYNAPSE_MATURATION",0.512237383582413,1,-0.369361036330077,-0.957870363472459,2364,28,"ARHGEF15;NRN1;NEFL;FGF7;NEURL1;FGF22;SNX27;CAMK2B;AGO2;IGSF9;CNTNAP1"
"GOBP_REGULATION_OF_SYNAPSE_PRUNING",0.417825176156922,1,0.51656903236933,1.04172857690054,2193,10,"TREM2;KCNK13;ITGB1;C1QL1"
"GOBP_REGULATION_OF_SYNAPSE_STRUCTURE_OR_ACTIVITY",1,1,0.188725369584212,0.668447036109118,6223,320,"WNT3A;GHRL;SLITRK6;SRPX2;TREM2;LRRC15;LRRK2;FLRT2;SPARCL1;TPBG;CBLN1;MUSK;IL1RAP;DKK1;AMIGO2;SPARC;MEF2C;NFATC4;WNT5A;TANC1;TLR2;APOE;NRP2;KCNK13;LRP4;FLRT1;EPHA7;FZD1;NEDD9;GRID2;SEMA3F;NTM;VLDLR;DOCK1;SMAD3"
"GOBP_REGULATION_OF_SYNAPTIC_ASSEMBLY_AT_NEUROMUSCULAR_JUNCTION",0.935250428489811,1,0.302212130613972,0.609450030913746,4910,10,"MUSK;COLQ"
"GOBP_REGULATION_OF_SYNAPTIC_PLASTICITY",1,1,0.189919997912122,0.648553959150043,5998,214,"CD38;S100B;CX3CR1;TYROBP;PENK;HRH1;CBLN1;GSG1L;MME;MEF2C;SLC24A1;NFATC4;PLK2;PTN;APOE;ITPR3;LYPD6"
"GOBP_REGULATION_OF_SYNAPTIC_TRANSMISSION_CHOLINERGIC",0.390028763183126,1,0.50833453455575,1.06594873993147,2033,12,"LAMA2;HSPG2;COLQ"
"GOBP_REGULATION_OF_SYNAPTIC_TRANSMISSION_DOPAMINERGIC",0.860546194073213,1,0.364832926383961,0.675165103464752,4442,7,"SLC6A4;CNTNAP4;PNKD"
"GOBP_REGULATION_OF_SYNAPTIC_TRANSMISSION_GABAERGIC",0.729162108947714,1,-0.307880992968469,-0.84832593088711,3332,38,"PNOC;ADORA2A;ADRA1A;GABRB2;PLCL1;SYN3;GABRG2;BAIAP3;SLC38A1;GABRB3;HAP1;STXBP1;ADORA1;NLGN1;PRKCE;NF1;KRAS;NRXN1;PLCL2;GABRA4"
"GOBP_REGULATION_OF_SYNAPTIC_TRANSMISSION_GLUTAMATERGIC",0.992230854605993,1,-0.221243982749643,-0.676087537006792,4469,72,"NPY2R;PNOC;GRM3;GRIN2B;ADORA2A;GRIN1;HCN1;TNR;GRM7;SYT1;HTR2A;SERPINE2;SHANK3;CACNG8;CACNG2;GRIN2C;OPHN1;CACNG7;HOMER2;STXBP1;UNC13A;GRIK1;GRM1;ADORA1;NLGN1;MAPK8IP2;CACNG4"
"GOBP_REGULATION_OF_SYNAPTIC_VESICLE_CLUSTERING",0.649230769230769,1,-0.48250197702537,-0.869315075653156,3164,6,"BRSK2;BRSK1;CDH2"
"GOBP_REGULATION_OF_SYNAPTIC_VESICLE_CYCLE",0.516250234829983,1,0.432667590625351,0.957280058008808,2747,15,"PLD1;LPAR1;PLS3"
"GOBP_REGULATION_OF_SYNAPTIC_VESICLE_ENDOCYTOSIS",0.893919550982226,1,0.294549497640083,0.708780779222155,4777,22,"LRRK2;TOR1A;PARK7;ABCA13;ACTG1;ROCK1;RAC1;BTBD9;DGKQ;ARPC3;AP2M1;PPP3CB;PRKN;ACTB;PPP3CC;SYT11;MYLK;CALM3;NLGN1;SYT7;SLC17A7;OPHN1"
"GOBP_REGULATION_OF_SYNAPTIC_VESICLE_EXOCYTOSIS",0.99673735725938,1,0.210859227458983,0.594313089672386,5498,50,"NPY;LRRK2;RAP1BL;SV2B;P2RX1"
"GOBP_REGULATION_OF_SYNAPTIC_VESICLE_MEMBRANE_ORGANIZATION",0.859392575928009,1,0.307870554085319,0.733878436156494,4583,21,"CPLX4;CPLX3"
"GOBP_REGULATION_OF_SYNAPTIC_VESICLE_RECYCLING",0.992215013901761,1,0.216129674714671,0.544515231227362,5352,27,"LRRK2;TOR1A;PARK7;ABCA13;ACTG1;ROCK1;RAC1;BTBD9;DGKQ;ARPC3;AP2M1;PLAA;PPP3CB;PRKN;ACTB;PPP3CC;CDK5;SYT11;MYLK;CALM3;GRIPAP1;NLGN1;SYT7;SLC17A7;OPHN1;STX1B;SNCA"
"GOBP_REGULATION_OF_SYNAPTIC_VESICLE_TRANSPORT",0.604763749031758,1,0.542311961183035,0.925462124525427,3122,5,"LRRK2;PINK1"
"GOBP_REGULATION_OF_TETRAPYRROLE_METABOLIC_PROCESS",0.985531211244316,1,-0.253769107552644,-0.438421341481086,4767,5,"ABCB7"
"GOBP_REGULATION_OF_TRANS_SYNAPTIC_SIGNALING",0.97107501933488,1,0.233578186978638,0.855768202497087,6277,508,"CD38;IGF1;NPY;CPLX4;S100B;CX3CR1;PLAT;WNT3A;GHRL;TYROBP;CNR2;LAMA2;LRRK2;GPER1;CCL2;RAPSN;PENK;KMO;HRH1;CHRNB3;CBLN1;GSG1L;MME;CDH11;CHRM1;DKK1;CBLN3;MYOF;EDN1;MEF2C;SLC24A1;NGF;NTF4;NFATC4;PLK2;WNT5A;MCTP2;C1QL4;PTN;APOE;ITPR3;LYPD6;HSPG2;CBLN4;CLMP;SLC6A4;EPHA7;OTOF;ATP1A2;RAP1BL;NPY5R;BCHE;SV2B;CPLX3;GRID2;P2RX1;CHRNA1;NTNG1;NTF3;GRIK2;DRD1;CACNG5;COLQ;SCT;GRIN3B;ITGB1"
"GOBP_REGULATION_OF_TRANSLATION_AT_SYNAPSE",0.962231260894829,1,0.283990787116587,0.525557468365158,4967,7,"EIF4A3;CYFIP1;FXR1;FXR2;EIF4E;FMR1;EEF2K"
"GOBP_REGULATION_OF_TRANSMISSION_OF_NERVE_IMPULSE",0.795224779522478,1,-0.335172875612607,-0.773086130438104,3696,17,"HCRT;TRPA1;GRP;ITGA2;TNR"
"GOBP_REGULATION_OF_TRNA_METABOLIC_PROCESS",0.893948717948718,1,-0.350149886671054,-0.630858710876094,4357,6,"TRDMT1;METTL1;ANGEL2;RNH1;NSUN2;AKT1"
"GOBP_REGULATION_OF_TUMOR_NECROSIS_FACTOR_MEDIATED_SIGNALING_PATHWAY",0.693053016453382,1,0.301255641699821,0.882992332463373,3790,65,"CASP4;TMC8;LAPTM5;SPHK1;SYK;TNFRSF11B;APOA1;NR1H4;ANXA4;TNFRSF1A;TNFAIP3;CCDC3;CASP8;EXT1"
"GOBP_REGULATION_OF_TYPE_2_IMMUNE_RESPONSE",0.64810315828817,1,0.360913970130845,0.877747825929755,3467,23,"IL33;GATA3;ANXA1;ASCL2;HLX;STAT6;BCL6;TNFSF4;NOD2"
"GOBP_REGULATION_OF_TYPE_I_INTERFERON_MEDIATED_SIGNALING_PATHWAY",0.37985347985348,1,0.381300286035221,1.04104303453189,2073,40,"STING1;WNT5A;OAS1;IKBKE;SMIM30;IRF3;RBM47;TRIM56;TRIM6;OAS3"
"GOBP_REGULATION_OF_TYROSINE_PHOSPHORYLATION_OF_STAT_PROTEIN",0.646577380952381,1,0.352875118852029,0.882837570719929,3475,26,"IL7R;TNFSF18;IL31RA;HES1;CTF1;PARP14;ERBB4;IL10RB;IL4R;IL12A"
"GOBP_REGULATION_PROTEIN_CATABOLIC_PROCESS_AT_SYNAPSE",0.915935244782524,1,0.333881699203042,0.595406662417038,4695,6,"RAB26;USP5;CBLB;CUL3;PRKN;EGLN1"
"GOBP_RELEASE_OF_CYTOCHROME_C_FROM_MITOCHONDRIA",0.972420091324201,1,0.240222870470669,0.6846762649535,5323,54,"IGF1;GPER1;HGF;PLAUR;BMF;BCL2L11;SMAD3;BAX;LMNA;BOK;PLSCR3"
"GOBP_RELEASE_OF_SEQUESTERED_CALCIUM_ION_INTO_CYTOSOL_BY_ENDOPLASMIC_RETICULUM",0.996886446886447,1,0.199769081438556,0.542464407206029,5442,39,"METTL21C;CLIC2;CASQ2;JPH2;ATP1A2;ITPR1;TMEM38B;CAMK2D;HRC;TRDN;DMD"
"GOBP_RESPIRATORY_CHAIN_COMPLEX_III_ASSEMBLY",0.65968253968254,1,-0.387206274239748,-0.856278026410732,3116,14,"FXN;OCIAD2;LYRM7;UQCC5;SLC25A33"
"GOBP_RESPIRATORY_CHAIN_COMPLEX_IV_ASSEMBLY",0.968911917098446,1,0.243422256376478,0.63983982482064,5235,33,"SMIM20;BCS1L;FASTKD3;CMC1;SURF1;TIMM21;MT-CO3;COA4;COA3;UQCC6;COA6;COX18;TACO1;COA5;TMEM223;COX14;CEP89;COX19;COA7;COA8;COX10;PET117;SLC25A46;STMP1;COA1;COX11;COX16;SCO1;SCO2;UQCC5;PET100;COX17;COX20"
"GOBP_RESPIRATORY_GASEOUS_EXCHANGE_BY_RESPIRATORY_SYSTEM",0.481837994914639,1,0.327247507688682,0.986321175978791,2652,77,"CYSLTR1;EDNRA;TMPRSS11D;CCBE1;ELN;NR4A2;EDN1;NTSR1;MAFB;ATP1A2;HOXA5;CFAP221;CFAP43;DNAH9;HNMT;VANGL1"
"GOBP_RESPIRATORY_SYSTEM_PROCESS",1,1,-0.169001409177996,-0.483764955455375,4526,48,"GSX2;TLX3;PHOX2B;HIPK2;JAG2;CCDC88C;ADORA1;FLT4;RAB3A;MECP2;ODAD4;ECEL1;STARD7;NEK10;FTO"
"GOBP_RESPONSE_TO_ATP",0.810284017078151,1,0.30473235368039,0.79033437582728,4364,31,"P2RY12;P2RX7;NT5E;ABCC9;P2RX1;P2RY4"
"GOBP_RESPONSE_TO_CALCIUM_ION",0.948394891266828,1,0.242666396449443,0.789492023397669,5494,135,"KCNMB1;NFATC2;P2RX7;TNNT2;PENK;CAPN3;THBS1;EDN1;MEF2C;ALOX15;ABCC9;WNT5A;ITPKB;S100A16;CAV1;ALOX5AP;ITPR3;CASQ2;ANXA11;CCND1;JUN"
"GOBP_RESPONSE_TO_HYDROSTATIC_PRESSURE",0.429881022040179,1,0.597679087180119,1.06583293227452,2203,6,"COL18A1;PLEC;PKD2;NTRK1;ATP2B4"
"GOBP_RESPONSE_TO_INTERFERON_ALPHA",0.665349143610013,1,0.372287123992973,0.866012362718259,3534,19,"GATA3;IFITM2;OAS1;IFITM3;AXL"
"GOBP_RESPONSE_TO_INTERFERON_BETA",0.798300701884004,1,0.302548099756372,0.799887282627724,4321,34,"STING1;IFITM2;OAS1;IFITM3;IFI16;IKBKE;TRIM6;PLSCR1;IRF1"
"GOBP_RESPONSE_TO_IRON_II_ION",0.507027697395618,1,-0.580028847307828,-1.00208030751604,2452,5,"SNCA;MAP1LC3A"
"GOBP_RESPONSE_TO_IRON_ION",0.528505106778087,1,0.377605126651087,0.957909400305085,2845,28,"HFE;CYBRD1;B2M;TFAP2A;BMP6;SLC6A3;CCND1;CYP1A1"
"GOBP_RESPONSE_TO_ISCHEMIA",0.381004566210046,1,0.359705791658869,1.03673811926978,2085,58,"CX3CR1;NPR3;TREM2;P2RX7;MEF2C;CSF1;CAV1;CIB1;SLC26A5;RNLS"
"GOBP_RESPONSE_TO_L_GLUTAMATE",0.348961678441447,1,-0.474480469488148,-1.08018074010085,1629,16,"HCN1;GRIA1;GABRB3;TUBA1A;KCNB1;BAIAP2;CREB1;FYN;AIFM1;PRKN"
"GOBP_RESPONSE_TO_MITOCHONDRIAL_DEPOLARISATION",0.831870489565048,1,0.391827534668298,0.698740677362116,4264,6,"SQSTM1;AMBRA1;GPS2;ATG13;BECN1"
"GOBP_RESPONSE_TO_NITROSATIVE_STRESS",0.873547895638926,1,0.34054844606947,0.68676019246155,4586,10,"PARK7;ATG5;GCLC;ADH5;ATM;DUSP6;GCLM;DDIT3;DNAJA1;STOX1"
"GOBP_RESPONSE_TO_PROSTAGLANDIN",0.691171038049501,1,0.326084517661355,0.86211369018397,3741,34,"IGFBP7;PTGER2;EDN1;PTGER1;PTGER4;TGFBR3;P2RY4;TNFSF4"
"GOBP_RESPONSE_TO_PROSTAGLANDIN_D",0.295990078544853,1,-0.687786824636691,-1.18824716380294,1431,5,"AKR1C3;AKR1C2"
"GOBP_RESPONSE_TO_PROSTAGLANDIN_E",0.71484375,1,0.336821736179292,0.842674553823915,3842,26,"IGFBP7;PTGER2;PTGER1;PTGER4;TGFBR3;P2RY4;TNFSF4"
"GOBP_RESPONSE_TO_REDOX_STATE",0.367633124881561,1,0.494758952254222,1.07686591700118,1939,14,"VASN;ARHGDIB;GLRX2;NPAS2;ADH5;SELENOS"
"GOBP_RESPONSE_TO_SUCROSE",0.36682808716707,1,-0.72949008187496,-1.13021462238022,1817,3,"GRIA1;PNPLA3"
"GOBP_RESPONSE_TO_TYPE_I_INTERFERON",0.99104320337197,1,0.221925785633728,0.701566129516062,5642,107,"STING1;IFNA21;IFITM2;WNT5A;OAS1;IFITM3;IFI27;IKBKE;SMIM30;IRF3;RBM47;TRIM56;TRIM6"
"GOBP_RESPONSE_TO_TYPE_II_INTERFERON",0.460066121454672,1,0.307528387254407,0.993829705579595,2643,128,"UBD;GBP4;GBP3;PSMB8;CCL2;PPARG;RAB7B;IFITM2;OTOP1;AIF1;PSMB9;EDN1;TLR4;RAB20;WNT5A;IFITM3;TLR2;GBP1;AQP4;PARP14;CYP27B1;GSN;CLDN1;FLNB;CXCL16;CD58;ASS1;VIM;VAMP3;ATF3;IRF1;ZYX;LCN10"
"GOBP_RETINAL_BIPOLAR_NEURON_DIFFERENTIATION",0.795411492317407,1,-0.370386734639156,-0.7568042255001,3778,10,"GNAT2;VSX2;IRX5;NDP"
"GOBP_RETINAL_GANGLION_CELL_AXON_GUIDANCE",0.984488880583069,1,0.233504621740174,0.567886507697893,5267,23,"POU4F3;POU4F2;EPHA7;RPL24;EPHB3;EFNA5;SLIT2"
"GOBP_RETINOIC_ACID_METABOLIC_PROCESS",0.2992768403486,1,0.454242889823795,1.11784528890138,1613,24,"ALDH1A3;CYP26C1;DHRS9;CYP26A1;CYP2W1;ADH1B;CYP1A1;ALDH1A2;SCPEP1;CRABP2;ADH6"
"GOBP_RETROGRADE_NEURONAL_DENSE_CORE_VESICLE_TRANSPORT",0.522116577097974,1,-0.571043529287284,-0.986556924003399,2525,5,"KIF5A;KIF1A;KIF1B"
"GOBP_RETROGRADE_TRANS_SYNAPTIC_SIGNALING",0.96021890128394,1,-0.269396709323583,-0.550453212506484,4561,10,"TENM2;FABP5;ABHD6;SYT4;CNR1;FARP1;PLCB1;DAG1;DAGLA;GUCY1A1"
"GOBP_RETROGRADE_TRANS_SYNAPTIC_SIGNALING_BY_LIPID",0.946165762974438,1,0.309230488027783,0.527705684001386,4885,5,"DAGLA;PLCB1;CNR1;ABHD6;FABP5"
"GOBP_RIBONUCLEOSIDE_METABOLIC_PROCESS",0.978714254998925,1,-0.238505804204745,-0.590501101086111,4551,23,"NT5C1B;UPP2;UPP1;PNP"
"GOBP_RIBOSE_PHOSPHATE_METABOLIC_PROCESS",1,1,0.196616580202101,0.704745897722112,6287,372,"SULT1E1;IGF1;SULT1B1;MYH4;SULT2B1;GUCY2F;TREM2;LRRK2;P2RX7;IER3;NT5E;HKDC1;TGFB1;SULT1A2;ABCC9;ENPP3;PAPSS2;ABHD14B;ACTN3;NTSR1;PDE7B;NUDT4;SLC4A1;NPPB;NUDT4B;ATP1A2;FABP1;ENO3;EPHA2;SULT1A3;DPYD"
"GOBP_RISC_COMPLEX_ASSEMBLY",0.434645337823616,1,-0.503368339652853,-1.02852302959334,2064,10,"DICER1;AGO2;AGO1;AGO3;PRKRA"
"GOBP_RNA_IMPORT_INTO_MITOCHONDRION",0.695804195804196,1,-0.509606622855568,-0.839737019321473,3382,4,"TOMM20;PNPT1"
"GOBP_RRNA_METABOLIC_PROCESS",1,1,0.121858742320188,0.4273520102902,6159,286,"CDKN2A;CAVIN1;SLFN12;PWP2;SLFN5;RPL27;RPS19;RPS25;NPM3;PIH1D2;ANG;RPS14;RPS27;RPS24;RNASEL;RPL35A;SLFN13;RPS21;RPL7A;RPS7;RPL26;ISG20;TRMT112;POLR2H;RPS6;RPS16;RPL11;RPL7;GAR1;RPS17;RPL14;POP5;RPS15;RPS8;EXOSC1;EIF4A3;EIF6;RPL5;NSA2;POLR1H;UTP14C;GTF2H5;LSM6;SENP3;RRP1;COPRS;TRIR;RPL35;DDX54;WDR12;C1D;WDR18;RRP9;ABT1;YBEY;NOP53;DCAF13;DDX47;URB1;TSR3;EXOSC2;SNU13;EXOSC4;MRM1;ZCCHC4;MPHOSPH6;BUD23;DDX51;FTSJ3;BRF1;EMG1;ERI1;RPP30;NAF1;EXOSC7;KRI1;NGDN;RPUSD2;KRR1;ZNHIT3;MRM3;PELO;RRP7A;UTP18;RPF2;SBDS;REXO4;SPOUT1;UTP11;FBL;RRP8;WDR46;GTF3C3;POP7;RPP25;RRS1;ERCC6;MRM2;FCF1;PIN4;MACROH2A2;NSUN4;NHP2;NOP10;BRIX1;METTL25B;PIH1D1;FRG1;POLR2E;MYG1;EXOSC5;POLR1D;GTF3C6;RPUSD4;GTF3C5;METTL5;TFB2M;RPS28;DDX55;ERI3;AATF;SMARCB1;NOB1;RIOK2;EXOSC10;NOP56;PNO1;POP4;NOL11;PPAN;METTL18;POLR2F;POLR1E;GEMIN4;SIRT7;ZNHIT6;SDE2;DIMT1;XRN2;RPP38;RRP7BP;EXOSC9;DDX56;MPHOSPH10;PES1;WDR74;UTP3;DNTTIP2;PAK1IP1;NOC4L;UTP6;SLX9;SPIN1;FSAF1;NOL6;PA2G4;AK6;POLR2K;ESF1;GTF3C2;WBP11;XRN1;MACROH2A1;MTERF4;DDX52;REXO1;BYSL;UTP23;UTP25;UTP15;DIS3;DDX49;MRTO4;PWP1;RNF10;TSR2;SART1;EXOSC8;RBFA;TCOF1;MARS1;DEDD;YTHDF2;RCL1;WDR75;POLR2L;DDX17;RRP36;DKC1;DDX11;TEX10;TOP1;TENT4B;IMP3;PELP1;DEDD2;UTP4;METTL15;PDCD11;MDN1;TFB1M;BMS1;WDR55;REXO5;IMP4;GTF3C1;NOP9;EBNA1BP2;EXOSC3;SUV39H1;WDR77;KAT2B;NOL7;GTF3C4;RPUSD1;POLR1F;METTL16;NVL;POLR1G;IPPK;MTOR;UTP20;SRFBP1;DDX27;LYAR;PRMT5;SMARCA4;NSUN5;GTPBP4;NCL;RIOK1;TRMT61B;RPUSD3;RPF1;GTF3A;NOL10;UTP14A;WDR3;TSR1;PRKDC;DHX37;FDXACB1;DROSHA;DDX18;NUDT16;WDR36;NOP58;NIFK;WDR43;MAK16;ERI2;NOP14;POLR1A;RRP15;RPL7L1;NOLC1;POLR1C;TAF1B;TBL3;ERCC2;RPP40;DDX10;MTREX;EXOSC6;NOL8;NAT10;BOP1;RIOK3;RBM34;NOL9;HEATR1;NOP2;CHD7;POLR1B;LAS1L;DDX21;USP36;MAPT;RRP1B"
"GOBP_S_ADENOSYLMETHIONINE_METABOLIC_PROCESS",0.893260778568439,1,-0.32273972629185,-0.675624319981019,4267,11,"MAT1A"
"GOBP_SARCOPLASMIC_RETICULUM_CALCIUM_ION_TRANSPORT",0.575680116852291,1,0.338310701802248,0.930300232246443,3152,42,"SLN;METTL21C;CLIC2;CASQ2;JPH2;ATP1A2;ATP2A1;TMEM38B;CAMK2D;HRC;TRDN;DMD"
"GOBP_SECONDARY_METABOLIC_PROCESS",0.322374429223744,1,0.377874183940016,1.07700605015455,1764,54,"FMO1;AKR1B10;ASIP;TYRP1;FMO2;WNT5A;OCA2;CYP2W1;BDH2;RAB38;CYP1A1;SULT1C4;ZEB2;OPN3;SLC24A5"
"GOBP_SEQUESTERING_OF_CALCIUM_ION",0.720213259156235,1,-0.27324643210369,-0.898911605511137,3106,120,"LCK;NPSR1;CCR7;CXCL11;CD19;HTR2C;FASLG;BDKRB1;CXCL10;TRPM2;RYR1;F2RL3;PLCG2;PLCH1;NOL3;P2RY6;JPH4;GP5;SNCA;RYR3;UBASH3B;FGF2;PLCL1;HTR2A"
"GOBP_SERINE_FAMILY_AMINO_ACID_BIOSYNTHETIC_PROCESS",0.456735805573015,1,-0.456986168627596,-0.996392768175041,2179,13,"ENSG00000274276;CBS;RIDA;CTH;SEPHS1"
"GOBP_SEROTONERGIC_NEURON_AXON_GUIDANCE",0.818938807126259,1,0.411463415554014,0.702167449695222,4228,5,"WNT5A;FZD3;VANGL2;PCDHAC2;CELSR3"
"GOBP_SEROTONIN_METABOLIC_PROCESS",0.291245429124543,1,-0.492936665774884,-1.1369729689446,1353,17,"TPH2;MAOB;TPH1;TH;MAOA;HTR1A"
"GOBP_SHORT_CHAIN_FATTY_ACID_METABOLIC_PROCESS",0.67011083975202,1,0.386419881907756,0.854956680332274,3566,15,"ACSM1;TYRP1"
"GOBP_SHORT_TERM_SYNAPTIC_POTENTIATION",0.984911120297644,1,-0.255967830378359,-0.442219940215546,4764,5,"SYT7;PRRT2;ELOVL4;NCSTN;NOG"
"GOBP_SMALL_MOLECULE_METABOLIC_PROCESS",0.995547760388559,1,0.227136358873515,0.883124289658658,7378,1627,"SULT1E1;SLC16A12;TWIST1;CD38;IGF1;APOA4;FMO1;SULT1B1;GGT5;BCO1;FOLH1B;GGTLC3;APOC3;MOGAT2;ACOT12;TFAP2B;CYP19A1;ACSM2B;INHBA;SNAI2;URAD;GHRL;ACOT6;AKR1B10;MYH4;ALDH1A3;CRYM;DHRS3;SULT2B1;AVPR1A;GSTM1;GUCY2F;BMP5;DAB2;LGSN;TREM2;SLC25A2;IGF2;LPL;PLEK;TTR;ACSM1;DHFRP1;PLA2G4A;CYP26C1;LRRK2;DKKL1;SNAI1;GPER1;CPA1;PTH1R;P2RX7;DHRS9;AKR1D1;PPARG;ALDH1A1;HFE;EDN2;HAAO;FBN1;TYRP1;IER3;ACSL5;NT5E;CYP2J2;CYP21A2;ACSM3;KMO;SLC2A9;ADM;FMO2;NR3C1;FOLR1;SPHK1;MME;ACP3;HSD17B6;MOXD1;ABCC2;ALDH3B1;HKDC1;EDN1;SPTLC3;SLC38A8;TGFB1;ALOX15;EDNRB;SLC23A1;SULT1A2;AGTR1;IGFBP3;GHR;PLOD2;ABCC9;BHMT;HPD;NLRC4;SYK;ELOVL3;RPE65;PLP1;BMP2;IGFBP4;ITPKB;ACADL;ENPP3;PAPSS2;OAS1;ABHD14B;ACTN3;OCA2;FBN2;GSTA1;NTSR1;ACSS3;CYP26A1;SDR9C7;PTGS2;FMO4;AGT;CAV1;PPP1R3G;ALOX5AP;GFI1;PDE7B;APOE;LDLRAP1;ADH4;CYP2W1;ACOX2;PARP14;CYP27B1;ADH1B;PDK4;KIF12;APOD;BMP6;BDH2;HSD17B14;AKR1B15;FOXO1;APOA1;NR1H4;NUDT7;SCNN1B;LCAT;NUDT4;SLC4A1;ACSF2;LIMA1;NPPB;NOX4;NUDT4B;ATP1A2;ACOT11;ENTPD8;DECR1;FABP1;NPL;ENO3;UAP1L1;EPHA2;CYP1A1;PNPLA2;SULT1A3;DPYD;FUT6;NPC2;B4GALT1;SEC14L2;INPP4B;SLC22A13;VLDLR;LHCGR;CYP27A1;SULT1A1;SLC25A18;ACSBG1;PTGDS;TECRL;CARTPT;ALDH1L1;PLPP3;CD36;SIK1;WNT4;SLC2A1;SULT1C4;IRS1;PLOD1;PLTP;FAH;ASS1;PDE8A;TNFRSF1A;PDE5A;CYP7B1;ALDH1A2;GLB1L;CPS1;TNXB;GLB1;SLC27A6;ENO4;SCPEP1;ART4;P4HB;NUDT1;CCDC3;H6PD;PTGR1;HNMT;NOXRED1;POFUT1;HSD17B8;MTARC2;ATF3;NMNAT1;GIP;CYP17A1;IP6K3;PEX2;TSKU;ELOVL1"
"GOBP_SNO_S_RNA_METABOLIC_PROCESS",0.790553537080573,1,-0.343609434997257,-0.771622294925528,3698,15,"FBLL1;EXOSC6;NUDT16;PARN;LARP7;EXOSC3;TENT4B;DKC1;EXOSC10;EXOSC5;FBL;EXOSC4;EXOSC2;NUDT16L1;ZCCHC7"
"GOBP_SNRNA_METABOLIC_PROCESS",0.950747902225465,1,0.25052074801396,0.723618050046532,5211,59,"MYOD1;INTS2;SNAPC2;ZC3H8;MEPCE;SNAPC1;CDK7;SNAPC5;INTS9;INTS8;INTS14;INTS6;ZCCHC7;TUT1;EXOSC2;EXOSC4;TOE1;EXOSC7;RPAP2"
"GOBP_SODIUM_ION_EXPORT_ACROSS_PLASMA_MEMBRANE",0.78804347826087,1,0.331505558446897,0.780885813039959,4204,20,"ATP1A4;FXYD3;FXYD1;FXYD2;ATP1A2;NPPA;FXYD5;SLC4A4"
"GOBP_SODIUM_ION_IMPORT_ACROSS_PLASMA_MEMBRANE",0.898616515348033,1,-0.281930131370833,-0.717932328489983,4156,26,"SCNN1A;SCNN1G;HCN1;NEDD4L;STK39;SLC9A7;HCN4"
"GOBP_SOMATIC_DIVERSIFICATION_OF_IMMUNE_RECEPTORS",0.692496103317747,1,-0.288896297198218,-0.89055569593137,3109,76,"AICDA;CCR6;RAG2"
"GOBP_SOMATIC_MOTOR_NEURON_DIFFERENTIATION",0.385203554453399,1,-0.584078339714628,-1.08927491474259,1863,7,"LHX3;LHX4;PHOX2A"
"GOBP_SPERM_AXONEME_ASSEMBLY",0.467208571956401,1,0.377586470344825,0.986475746817525,2528,32,"SPAG6;CFAP47;DRC7;CFAP97D1;CFAP58;TTC12;CFAP43;MNS1;CFAP69;CFAP206;SPEF2;CCDC146;CFAP44"
"GOBP_SPERM_MITOCHONDRIAL_SHEATH_ASSEMBLY",0.893196355882923,1,0.337203374904477,0.64404755715939,4607,8,"CFAP58;CCDC188;LRRC46;CFAP61"
"GOBP_SPERM_MITOCHONDRION_ORGANIZATION",0.78443579766537,1,0.454689032617558,0.740910597297485,4031,4,"CCDC188;NECTIN2;MFSD14A"
"GOBP_SPERMIDINE_METABOLIC_PROCESS",0.631446011366028,1,-0.427360247104775,-0.873217128401632,2999,10,"AMD1;SRM;ODC1;HDAC10;HDAC6"
"GOBP_SPERMINE_METABOLIC_PROCESS",0.329200247985121,1,-0.612278545151139,-1.14186679203697,1592,7,"SMS;AMD1;SRM;ODC1"
"GOBP_SPHINGOID_METABOLIC_PROCESS",0.833302186507195,1,0.311204776412393,0.756854371184089,4458,23,"SPHK1;SPTLC3;PLPP3;GBA1;KDSR;ASAH1;SGPP1"
"GOBP_SPHINGOLIPID_BIOSYNTHETIC_PROCESS",0.999535531816071,1,-0.183794152716997,-0.59883801493435,4303,112,"CYP4F22;ALOX12B;FA2H;ALOXE3;A3GALT2;FUT9;FUT1;ST8SIA6"
"GOBP_SPHINGOLIPID_METABOLIC_PROCESS",0.999657827202737,1,0.202668114840547,0.672934558344066,5842,162,"ABCA8;LCT;P2RX7;CERS3;ETNPPL;SGMS2;SPHK1;ALDH3B1;SPTLC3;ELOVL3;SUMF1;CCN1;ENPP2;FUT6;P2RX1;CERKL;TECRL;PLPP3;HEXB;ST8SIA5;BAX;GLB1;UGT8;ST6GALNAC3;ABCA12;ELOVL1;ABCG2;SMPD2"
"GOBP_SPHINGOLIPID_TRANSLOCATION",0.396785437645236,1,0.650418947812516,1.10994804532995,2048,5,"ABCB4;ABCB1;ABCC1;ABCA1"
"GOBP_SPINAL_CORD_ASSOCIATION_NEURON_DIFFERENTIATION",0.527251864601262,1,0.447531108928986,0.954647553203299,2756,13,"WNT3A;WNT1;GDF7;PAX7"
"GOBP_SPINAL_CORD_MOTOR_NEURON_CELL_FATE_SPECIFICATION",0.622312608948286,1,0.4822791252568,0.89251274201114,3212,7,"HOXC10;OLIG3;LMO4"
"GOBP_SPINAL_CORD_MOTOR_NEURON_DIFFERENTIATION",0.999783221331021,1,-0.169769420811643,-0.445755992464881,4611,30,"LHX3;PTCH1;LHX4;LBX1;PHOX2A;ISL1;GLI3;OLIG2;ZC4H2"
"GOBP_SPINAL_CORD_OLIGODENDROCYTE_CELL_DIFFERENTIATION",0.48677139313766,1,-0.589857709332544,-1.01906103033005,2354,5,"ASCL1"
"GOBP_SPONTANEOUS_SYNAPTIC_TRANSMISSION",0.544311753614079,1,-0.42881352649391,-0.934966364468579,2597,13,"DOC2A;SYT1;RIMS2;STX1B;DOC2B"
"GOBP_SPROUTING_OF_INJURED_AXON",0.968582058701943,1,-0.285305621293501,-0.492905044376382,4685,5,"TNR;NTRK3;KIAA0319"
"GOBP_STEROL_METABOLIC_PROCESS",0.955200823892894,1,0.240672228641062,0.790977489750768,5564,148,"APOA4;CYP19A1;SULT2B1;AKR1D1;CYP21A2;AGTR1;ACADL;AGT;APOE;LDLRAP1;FAXDC2;APOA1;NR1H4;LCAT;LIMA1;FABP1;NPC2;SEC14L2;VLDLR;CYP27A1;CYP7B1;CCDC3;TSKU;LIPA;PCSK9;APOL1;LEPR;ERLIN1;TTC39B;CFTR"
"GOBP_STORE_OPERATED_CALCIUM_ENTRY",0.931842614491507,1,-0.272325264933518,-0.674232517455899,4333,23,"MS4A1;GRAMD2A;CRACR2A;JPH4"
"GOBP_SUCCINATE_METABOLIC_PROCESS",0.64510128152129,1,-0.507024021424119,-0.875954342038196,3120,5,"GAD2;ALDH5A1"
"GOBP_SUCCINYL_COA_METABOLIC_PROCESS",0.994343180389692,1,-0.209976629196209,-0.457823910612425,4745,13,"ACOT4"
"GOBP_SULFUR_AMINO_ACID_BIOSYNTHETIC_PROCESS",0.93320488118176,1,-0.286774661634246,-0.652858202109809,4358,16,"ENSG00000274276;MRI1;CBS;MTHFD2L;CTH"
"GOBP_SULFUR_AMINO_ACID_CATABOLIC_PROCESS",0.467840735068913,1,0.487658439447448,1.00271851469303,2443,11,"FMO1;CSAD;TXN2"
"GOBP_SULFUR_AMINO_ACID_METABOLIC_PROCESS",0.911895086811969,1,0.273144413832839,0.72214878600007,4936,34,"FMO1;BHMT;NOX4;CPS1;CSAD;TXN2;ADI1;MSRA"
"GOBP_SULFUR_AMINO_ACID_TRANSPORT",0.983935742971888,1,0.238856181665265,0.509514232295325,5144,13,"SLC7A9;SLC3A2;CTNS;SLC22A4;MFSD12;NFE2L1;SLC1A1;SLC43A2;SLC3A1;SLC1A2;SLC1A4;SLC7A5;SLC7A11"
"GOBP_SULFUR_COMPOUND_TRANSPORT",0.977572559366755,1,-0.232918010808258,-0.700577188019747,4445,64,"SLC6A13;SLC26A3;SLC25A47;SLC19A3;ABCC4;UCP2;SLC26A8;SLC44A4"
"GOBP_SUPEROXIDE_METABOLIC_PROCESS",0.271885216127861,1,0.373144986779513,1.10253608668936,1496,68,"APOA4;CLEC7A;TYROBP;NOX5;DHFRP1;SOD3;FBLN5;NCF2;EDN1;TGFB1;SYK;AGT;NQO1;CYBA;BST1;BMP7;NOX4;PREX1;IMMP2L;CD36"
"GOBP_SYNAPSE_ASSEMBLY",1,1,0.190267573131606,0.667139689954445,6162,285,"NLGN4Y;WNT3A;GHRL;SLITRK6;SRPX2;LRRC15;FLRT2;TPBG;CBLN1;MUSK;IL1RAP;DKK1;AMIGO2;MEF2C;WNT5A;PLXND1;TLR2;LRP4;FLRT1;CBLN4;EPHA7;ERBB4;GABRE;FZD1;PLXNA4;GRID2;NTM;VLDLR;DOCK1;POU4F1;CNTN5;DRD1;COLQ"
"GOBP_SYNAPSE_MATURATION",0.992912513842746,1,-0.216416463552041,-0.607791628142174,4482,43,"ARHGEF15;NRN1;NEFL;FGF7;NEURL1;SYBU;CHRDL1;SHANK1;FGF22;SNX27;CAMK2B;IGSF21;AGO2;IGSF9;CNTNAP1;LNX1"
"GOBP_SYNAPSE_ORGANIZATION",1,1,0.213076428396936,0.788788803747605,6624,591,"NLGN4Y;MYOT;ACTBL2;CX3CR1;WNT3A;GHRL;POTEF;ERBB3;SLITRK6;LMX1A;SRPX2;TREM2;LRRC15;LRRK2;CNTN6;ITGB3;FLRT2;SPARCL1;TPBG;LAMB1;RAPSN;CBLN1;GSG1L;MUSK;IL1RAP;COL4A1;POTEI;DKK1;CBLN3;AMIGO2;SPARC;MEF2C;NFATC4;TNC;NFIA;WNT5A;TANC1;PPFIBP2;CDH9;PLXND1;C1QL4;PLS3;TLR2;APOE;NRP2;KCNK13;LRP4;LAMC1;CDH6;LAMB2;CACNA1S;FLRT1;CBLN4;EPHA7;ERBB4;LAMA1;GABRE;FZD1;NEDD9;PLXNA4;GRID2;SEMA3F;PDZRN3;NTM;VLDLR;CHRNA1;DOCK1;NTNG1;SMAD3;POU4F1;CNTN5;DRD1;COLQ;ITGB1;ACTN1;RHOG;GRN"
"GOBP_SYNAPSE_PRUNING",0.872069030200713,1,0.315593538381116,0.708794989529339,4648,16,"CX3CR1;TREM2;DKK1;KCNK13;ITGB1;C1QL1"
"GOBP_SYNAPTIC_ASSEMBLY_AT_NEUROMUSCULAR_JUNCTION",0.840930407053086,1,0.326502626384657,0.733295829935986,4482,16,"MUSK;LRP4;COLQ;LARGE1;DAG1"
"GOBP_SYNAPTIC_MEMBRANE_ADHESION",0.499907629780159,1,0.370637673028396,0.968321441617054,2705,32,"SPARCL1;IL1RAP;CDH9;CDH6;NTNG1;SLITRK2;PTPRD;SLITRK3;EFNA5;FLRT3"
"GOBP_SYNAPTIC_SIGNALING",1,1,0.183113660003447,0.689821458297417,6796,804,"CD38;CHRNG;IGF1;NPY;CPLX4;S100B;CX3CR1;MPZ;SLC6A2;PLAT;WNT3A;GHRL;TYROBP;CNR2;HRH4;LAMA2;KCNMB1;LRRK2;GPER1;CCL2;P2RX7;PMP22;LY6G6D;TPBG;RAPSN;PENK;KMO;HRH1;CHRNB3;NR3C1;CBLN1;GSG1L;IL1RAP;MME;CDH11;CHRM1;DKK1;CBLN3;MYOF;EDN1;SLC1A7;MEF2C;SLC24A1;NGF;NTF4;CACNA1G;NFATC4;PLK2;PLP1;WNT5A;MCTP2;NTSR1;C1QL4;PTN;PDE7B;APOE;NQO1;ITPR3;LYPD6;HSPG2;CBLN4;SLC18A2;CLMP;SLC6A4;EPHA7;SLC6A3;GABRE;OTOF;ATP1A2;RAP1BL;NPY5R;BCHE;SV2B;CPLX3;GRID2;LYPD1;P2RX1;NPFF;CHRNA1;ADARB1;NTNG1;NTF3;SLC12A4;CARTPT;RIT2;GRIK2;DRD1;CACNG5;COLQ;SCT;GRIN3B;ITGB1;HRH2;MYLK2;LPAR3;STX11;RIMBP3B;DRD3;SYPL1;CRH;GRM4;SST;ITPR1;GDNF;EXT1;SCTR;C1QL1;CLSTN2;SHISA9"
"GOBP_SYNAPTIC_SIGNALING_VIA_NEUROPEPTIDE",0.360485268630849,1,0.558173535963461,1.09781622870926,1871,9,"NPY;PENK;NPY5R;GRID2;NPPA"
"GOBP_SYNAPTIC_TRANSMISSION_DOPAMINERGIC",0.945319740500463,1,0.263322449383934,0.663412299134487,5099,27,"SLC6A2;SLC6A4;SLC6A3;DRD1;DRD3;CRH;GDNF"
"GOBP_SYNAPTIC_TRANSMISSION_GABAERGIC",0.621326803205699,1,-0.308002448881093,-0.917003300840607,2790,61,"PNOC;GABRG1;GABRP;GABRA1;ADORA2A;GABRR1;GABRR2;ADRA1A;GABRG3;GABRA5;GABRB2;PLCL1;GABRQ;SYN3;GABRG2;BAIAP3;SLC38A1;GABRB3;HAP1;STXBP1;ADORA1;NLGN1;GABRA2;PRKCE;NF1;GABRA3;KRAS;NRXN1;PLCL2;GABRA4"
"GOBP_SYNAPTIC_TRANSMISSION_GLUTAMATERGIC",0.988161559888579,1,-0.224446277384449,-0.725402605831634,4256,106,"NPY2R;PNOC;ABCC8;GRM3;GRIN2B;ADORA2A;GRIN1;HCN1;GRIA1;TNR;GRIA3;GRM7;DSCAM;UNC13C;UNC13B;CNIH2;SYT1;HTR2A;GRIK4;SERPINE2;NAPB;SHANK3;CACNG8;CACNG2;GRIN2C;OPHN1;CACNG7;HOMER2;SLC17A7;STXBP1;UNC13A;GRIK1;GRM1;GRIK5;ADORA1;NLGN1"
"GOBP_SYNAPTIC_TRANSMISSION_GLYCINERGIC",0.45721372467962,1,-0.602998773151841,-1.04176404128243,2211,5,"SLC7A10"
"GOBP_SYNAPTIC_VESICLE_CLUSTERING",0.430630243063024,1,-0.439382354693172,-1.01344836974556,2001,17,"SYN3;SYN1;BRSK2;BRSK1;NLGN1;RAB3A;SYN2;NRXN1;BSN;CTBP1;CDH2"
"GOBP_SYNAPTIC_VESICLE_COATING",0.836916081025217,1,-0.399195759458965,-0.689666059290741,4048,5,"AP3B2;AP3D1;AP3S2;AP3S1;AP3M2"
"GOBP_SYNAPTIC_VESICLE_CYTOSKELETAL_TRANSPORT",0.921305182341651,1,-0.283797926037601,-0.674613297261723,4319,19,"BORCS5;MAP2;TRIM46;AP3B2;KIF1B"
"GOBP_SYNAPTIC_VESICLE_ENDOSOMAL_PROCESSING",0.404865876481597,1,-0.531565704579994,-1.05808376567946,1946,9,"BTBD8;GRIPAP1;ITSN2;EEA1;STX6;AP3D1;RAB11A"
"GOBP_SYNAPTIC_VESICLE_EXOCYTOSIS",0.949721964782206,1,-0.241569397469214,-0.778839675451165,4098,104,"WNT7A;SYT10;CADPS2;PRKCG;CPLX1;SV2C;DOC2A;SYT9;UNC13C;PPFIA2;UNC13B;SNCA;CPLX2;CASK;SLC4A8;SYT1;RIMS2;ERC2;STX1B;SYN1;NAPB;SNAP25;RIMS4;DOC2B;STX1A;SYT5;RIMS1;BRAF;SNPH;RIMS3;SYT12;PRKCB;STXBP1;SYT2;UNC13A;SEPTIN5;BRSK1;GRIK5;SYT7;SYP;NLGN1;SYT13;VAMP2;RAB3A"
"GOBP_SYNAPTIC_VESICLE_LOCALIZATION",0.461248892825509,1,-0.330461520229456,-0.986811990081834,2082,62,"MX2;MX1;BORCS5;MAP2;LIN7C;SNCA;SYN3;BTBD8;LIN7A;SYN1;DNM3;KIF5C;BRSK2;KIF5A;TRIM46;BRSK1;NLGN1;AP3B2;LIN7B;RAB3A;SYN2;KIF1B;NRXN1;CDK5;SYNJ1;DNM1;BSN"
"GOBP_SYNAPTIC_VESICLE_MEMBRANE_ORGANIZATION",0.936294691224269,1,-0.258531672658159,-0.706184254166144,4320,36,"CPLX1;DOC2A;SYT9;CPLX2;SYT1;ERC2;STX1B;SNAP25;DOC2B;SYT5;STXBP1;SYT2;GRIK5;SYT7;SYP;SYT13;AP3B2;RAB3A"
"GOBP_SYNAPTIC_VESICLE_RECYCLING",0.499886852229011,1,-0.309809600484637,-0.970707512035707,2208,85,"MX2;MX1;WNT7A;PACSIN1;RAB27B;SNCG;SH3GL2;SNCA;SYT1;BTBD8;SNCB;STX1B;SGIP1;BIN1;DNM3;OPHN1;STX1A;SLC17A7;STON2;SYT7;AP2B1;NLGN1;AP3B2;VAMP2;DNAJC6;RAB3A;GRIPAP1;ITSN2;CALM3;AMPH;TBC1D24;MYLK;AP2A2;SYT11;CDK5;PPP3CC;SYNJ1;DNM1"
"GOBP_SYNAPTIC_VESICLE_RECYCLING_VIA_ENDOSOME",0.414974358974359,1,-0.592772890851798,-1.06798818448961,2022,6,"BTBD8;GRIPAP1;ITSN2"
"GOBP_SYNAPTIC_VESICLE_TRANSPORT",0.542312804607887,1,-0.332012007840112,-0.94500816877441,2447,47,"MX2;MX1;BORCS5;MAP2;LIN7C;SNCA;BTBD8;LIN7A;DNM3;KIF5C;KIF5A;TRIM46;AP3B2;LIN7B;RAB3A"
"GOBP_SYNAPTONEMAL_COMPLEX_ORGANIZATION",0.84691464201247,1,-0.302856375370826,-0.749822519932884,3938,23,"TEX11;TEX15;HORMAD1;REC8;MEIOC;MCMDC2;SYCE1L;C14orf39"
"GOBP_T_CELL_CYTOKINE_PRODUCTION",0.667470773798478,1,0.339504309722566,0.873589403543665,3596,30,"GATA3;HFE;IL1R1;CLC;SMAD7;B2M;IL18R1;BTLA;TNFSF4;ARID5A;SECTM1"
"GOBP_T_CELL_MEDIATED_IMMUNE_RESPONSE_TO_TUMOR_CELL",0.986990829601194,1,-0.226247090923734,-0.537809765331798,4627,19,"IL4I1;MR1"
"GOBP_T_HELPER_1_CELL_CYTOKINE_PRODUCTION",0.843968871595331,1,0.410588133052581,0.66904868400272,4337,4,"IL1R1;IL18R1;ARID5A"
"GOBP_T_HELPER_2_CELL_CYTOKINE_PRODUCTION",0.768675638775112,1,0.427228096919706,0.761870015292613,3940,6,"GATA3;CD81"
"GOBP_TETRAHYDROBIOPTERIN_METABOLIC_PROCESS",0.89202056751095,1,0.331501294441466,0.668515435614211,4683,10,"DHFRP1;NOS3"
"GOBP_TETRAHYDROFOLATE_BIOSYNTHETIC_PROCESS",0.35528596187175,1,0.560811358378873,1.1030043002847,1844,9,"DHFRP1;FOLR1;DHFR2"
"GOBP_TETRAHYDROFOLATE_INTERCONVERSION",0.853932584269663,1,0.348870332675262,0.703542358150454,4483,10,"ALDH1L1;TYMS;MTHFS;SHMT1"
"GOBP_TETRAHYDROFOLATE_METABOLIC_PROCESS",0.665292353823088,1,0.366391264764811,0.86306166936395,3549,20,"DHFRP1;FOLR1;ALDH1L1;TYMS;MTHFS;SHMT1;DHFR2;MTR"
"GOBP_TETRAPYRROLE_METABOLIC_PROCESS",0.90283105022831,1,0.266899614036672,0.760709546506196,4942,54,"BLVRB;ABCC2;AMN;BDH2;CYP1A1;CLYBL;SLC48A1;TSPO;UROD;TMEM14C;FECH;MTR;PPOX;IBA57;SRRD;MMAB;SLC25A39;ABCC1;COX15;MTRR;AMBP;SLC25A38;HPX;RSAD1"
"GOBP_THIAMINE_CONTAINING_COMPOUND_METABOLIC_PROCESS",0.545153957429221,1,-0.509934911267616,-0.951001379826365,2637,7,"SLC19A3;TKTL1"
"GOBP_THREONINE_METABOLIC_PROCESS",0.804671351798264,1,-0.418717434165727,-0.72339246080366,3892,5,"RIDA;GCAT;SDSL"
"GOBP_THYROID_HORMONE_METABOLIC_PROCESS",0.583351398222415,1,-0.349640639855006,-0.918035825765953,2690,30,"SLCO1C1;SLC5A5;SULT2A1;DIO1;DUOXA2"
"GOBP_TOLERANCE_INDUCTION_DEPENDENT_UPON_IMMUNE_RESPONSE",0.640049906425452,1,-0.435694684612457,-0.867252098111796,3077,9,"RORC;ZBTB16;AIRE;PRDM16"
"GOBP_TOXIN_METABOLIC_PROCESS",0.367565500095621,1,0.507840924458885,1.08329697372637,1921,13,"FMO1;FMO2;CYP2W1;CYP1A1"
"GOBP_TRANS_SYNAPTIC_SIGNALING_BY_TRANS_SYNAPTIC_COMPLEX",0.699560145343278,1,0.388858111021885,0.829489697640673,3657,13,"CBLN1;IL1RAP;GRID2;PTPRD;DAG1;CBLN2"
"GOBP_TRANS_SYNAPTIC_SIGNALING_BY_TRANS_SYNAPTIC_COMPLEX_MODULATING_SYNAPTIC_TRANSMISSION",0.864807282587643,1,0.362475157606019,0.6708017823778,4464,7,"CBLN1;GRID2;CBLN2"
"GOBP_TRANSMISSION_OF_NERVE_IMPULSE",0.815584885192551,1,0.27583447294497,0.835004963387552,4510,79,"GHRL;AVPR1A;MAG;GPER1;PENK;GSG1L;SCN1A;SCN4B;MYH14;ATP1A2;P2RX1;CHRNA1;CARTPT;GRIK2;DRD1;CACNG5"
"GOBP_TRANSSULFURATION",0.40429929723026,1,-0.631537271199758,-1.09106825612043,1955,5,"ENSG00000274276;CBS;CTH"
"GOBP_TRICARBOXYLIC_ACID_METABOLIC_PROCESS",0.988686481303931,1,0.230985812490859,0.484364171680479,5155,12,"ASS1;IDH3B;ACO1;IDH2;ACO2;IDH3G;CS;GLUD1;IDH3A;SIRT4;ACLY;IDH1"
"GOBP_TRIGLYCERIDE_METABOLIC_PROCESS",0.604944859480612,1,0.301011085935202,0.93411129085143,3400,93,"APOA4;APOC3;MOGAT2;THRSP;GPR82;LPL;CAV1;APOE;FABP1;GPAT3;PNPLA2;CIDEC;PLIN1;SIK1;CPS1;TNXB;AGPAT2;LIPA;PCSK9"
"GOBP_TRNA_AMINOACYLATION_FOR_MITOCHONDRIAL_PROTEIN_TRANSLATION",0.95968210893584,1,0.279650482597251,0.534123391339796,4950,8,"WARS2;AARS2;TARS2;SARS2"
"GOBP_TRNA_METABOLIC_PROCESS",1,1,-0.195381555686506,-0.683211197318259,4027,208,"QNG1;RPPH1;TYW1B;TRMT2B;NSUN3;PUS3;SLC35F2;DICER1;YRDC;TP53RK;MARS2;METTL2A;TRMT1L;GARS1;TRDMT1;NAT10;TRMT5;THUMPD2;DTD2;CARS1;MTO1;RPP40;ELP3;PUS7;YARS1;TARS3;SARS1;IARS1;DTD1;VARS1;TRMT9B;ELAC2;TSEN2;ADAT3;EPRS1;LARS1;TRMT10A;FARSB;CDK5RAP1;NARS2;GTPBP3;POLR3A;DTWD1;METTL2B;EEF1E1;EARS2;METTL6;PUS1;DUS1L;CTU1;TRMT61B;ELP2;CARS2;DPH3;KARS1;PYROXD1;TRMT10B;TSEN15;AARS1;GTF3C4;TARS1;TRIT1;EXOSC3;FTSJ1;RPP14;MOCS3;TYW3;TRNT1;GTF3C1;MPST;SEPSECS;PRORSD1P;FAM98B;TRMT6;TYW5;TRMT10C;WDR6;WARS1;DARS2;PARS2;FARSA;RARS1;ADAT1;DDX1;POLR2L;METTL1;THUMPD1;MARS1;ANGEL2;HARS1;EXOSC8;TRUB1;RARS2;ZBTB8OS;PRORP;AIMP2;FAM98A;GTF3C2;CDKAL1;LRRC47;ADAT2;GRSF1;SSB;KTI12;CLP1;OSGEPL1;IARS2;RPP25L;TRMU;NSUN6;OSGEP;YARS2;RNH1;POP1;RPP21;GATC;QTRT1;ELP1;HSD17B10;BCDIN3D;ELP5;DALRD3;SARS2;EXOSC9;WDR4;FARS2;RPP38;RTCB;ALKBH8;QARS1;NARS1;POLR2F;CTU2;POP4;TRMT13;TSEN54;GATB;DUS2;EXOSC10;GTF3C5;RPUSD4;NSUN2;DUS3L;GTF3C6;TRUB2;ALKBH1;ELAC1;THUMPD3;POLR2E;VARS2;GTDC1;ELP6;RTRAF;TRMO;PTCD1;METTL8;TRMT12;TARBP1;RPP25;POP7;GTF3C3;AARSD1;TRMT2A;TARS2;DUS4L;ELP4;LAGE3;TPRKB;TRMT1;EXOSC7;RPP30;TRMT11;BRF1;THADA;LARS2;POLR3D;HARS2;AARS2;LCMT2;EXOSC2;AKT1;QRSL1;DARS1;ZCCHC7;C2orf49;TSEN34;AIMP1;GON7;MTFMT;TYW1;TRMT61A;LSM6;ANKRD16;WARS2;URM1;POP5;PUSL1;DTWD2;TRMT112;THG1L;SLFN13;PUS10;B3GNTL1;TRPT1;QTRT2;ANG;TRMT44;CTAG1B"
"GOBP_TRNA_THREONYLCARBAMOYLADENOSINE_METABOLIC_PROCESS",0.969320534537926,1,0.256574375480048,0.596841971699865,5149,19,"CTAG1B;GON7;TPRKB;LAGE3;METTL8;TRUB2;RPUSD4;HSD17B10;OSGEP;OSGEPL1;TRMT10C;TRIT1;PUS1;GTPBP3;CDK5RAP1;MTO1;TRMT5;TP53RK;YRDC"
"GOBP_TYPE_2_IMMUNE_RESPONSE",0.750974206717387,1,0.320300765808607,0.824176150181934,4046,30,"IL33;GATA3;ANXA1;ASCL2;HLX;STAT6;BCL6;TNFSF4;NOD2"
"GOBP_TYPE_I_INTERFERON_MEDIATED_SIGNALING_PATHWAY",0.691956124314442,1,0.301474489655376,0.88363378457242,3784,65,"STING1;IFNA21;IFITM2;WNT5A;OAS1;IFITM3;IFI27;IKBKE;SMIM30;IRF3;RBM47;TRIM56;TRIM6"
"GOBP_TYPE_I_INTERFERON_PRODUCTION",0.753843466107617,1,0.274473474839209,0.886839771051879,4314,129,"STING1;TLR3;LTB;TYROBP;HAVCR2;RNF135;TRIM38;TLR4;SYK;OAS1;SIGLEC1;TLR2"
"GOBP_TYPE_II_INTERFERON_MEDIATED_SIGNALING_PATHWAY",0.931547619047619,1,0.270139466267338,0.675846092325486,5007,26,"PPARG;OTOP1;PARP14;IRF1;JAK1;NR1H2;TYK2;CDC37;IFNGR1;IFNGR2;PTPN2;JAK2;HPX"
"GOBP_TYROSINE_METABOLIC_PROCESS",0.569566146612524,1,-0.407950931491405,-0.916109983932536,2664,15,"PAH;DCT;IL4I1;TH"
"GOBP_TYROSINE_PHOSPHORYLATION_OF_STAT_PROTEIN",0.876414919280015,1,0.289014862421963,0.743673391023452,4722,30,"IL7R;TNFSF18;IL31RA;HES1;CTF1;PARP14;ERBB4;IL10RB;IL4R;IL12A"
"GOBP_UDP_ALPHA_D_GLUCOSE_METABOLIC_PROCESS",0.736831913245546,1,0.461416822101016,0.787413560899228,3804,5,"ENTPD5;UGGT2;GALT;UGGT1;UGP2"
"GOBP_UDP_METABOLIC_PROCESS",0.718550106609808,1,0.423657714126819,0.80917255330675,3706,8,"ENTPD5;AK9;CAD;UMPS;ENTPD4"
"GOBP_UDP_N_ACETYLGLUCOSAMINE_METABOLIC_PROCESS",0.607584328514561,1,-0.40823543672877,-0.890098792466521,2899,13,"B4GALNT2"
"GOBP_UNSATURATED_FATTY_ACID_METABOLIC_PROCESS",0.331509347925217,1,-0.328614896326648,-1.05155384235857,1453,97,"ALOX12B;ALOX15B;CYP4Z1;CYP2B6;CYP2S1;CYP2C18;ALOXE3;AKR1C4;COMT;CYP4F3;CYP1B1;ALOX5;CYP2A13;PTGS1;PLA2G4C;FAAH2;PLA2G3;HPGD"
"GOBP_URATE_METABOLIC_PROCESS",0.434968017057569,1,0.54535549685322,1.04161138847219,2243,8,"HFE;SLC2A9;ABCG2"
"GOBP_UTP_METABOLIC_PROCESS",0.973392036753446,1,0.255402391312297,0.525155899600324,5084,11,"NME4;NME9;CAD;NME6;NME2;NME7;ENTPD7;NME1;AK3;NME5;NME3"
"GOBP_VACUOLAR_PROTON_TRANSPORTING_V_TYPE_ATPASE_COMPLEX_ASSEMBLY",0.334153846153846,1,-0.634036281602663,-1.14233168847572,1628,6,"ALDOB;VMA21;VMA12;ATP6V1B1"
"GOBP_VALINE_METABOLIC_PROCESS",0.967761934283943,1,-0.275545643987862,-0.513877912351993,4682,7,"ALDH6A1;ACAD8;HIBCH;BCAT2;BCKDK;ECHS1;HIBADH"
"GOBP_VENTRAL_SPINAL_CORD_INTERNEURON_DIFFERENTIATION",0.597558408756051,1,-0.440493217306279,-0.900051478588466,2838,10,"ASCL1;LHX3;FOXN4;SOX1"
"GOBP_VERY_LONG_CHAIN_FATTY_ACID_METABOLIC_PROCESS",0.537749814951887,1,0.360269772326822,0.946975644072787,2905,33,"ELOVL3;ACOX2;ACSBG1;TECRL;SLC27A6;PEX2;ELOVL1;ABCD1;HACD4"
"GOBP_VESICLE_MEDIATED_TRANSPORT_IN_SYNAPSE",0.976178278688525,1,-0.229782704072695,-0.817767634000571,3810,246,"MX2;MX1;WNT7A;SYT10;CADPS2;ARC;DRD4;SLC32A1;PRKCG;CALY;PACSIN1;CPLX1;SV2C;DOC2A;SYT9;RAPGEF4;RAB27B;SNCG;UNC13C;SYT17;SH3GL2;PPFIA2;UNC13B;SNCA;USP6;CPLX2;IQSEC3;CASK;RAB3B;SLC4A8;SYT1;SYN3;NRG1;RIMS2;BTBD8;ATP6V0A4;SNCB;ERC2;STX1B;SYN1;ATP6V1A;SGIP1;NAPB;SNAP25;BIN1;DNM3;RIMS4;OPHN1;DOC2B;BRSK2;STX1A;SYT5;EPS15;RIMS1;BRAF;SNPH;RIMS3;SYT12;SLC17A7;PRKCB;ATP6V1C1;STXBP1;SYT2;UNC13A;EFNB2;ATP6V1B1;STON2;SEPTIN5;AAK1;BRSK1;GRIK5;ATP6V1G2;ATP6V1B2;SYT7;SYP;PRKAR1B;AP2B1;NLGN1;SYT13;AP3B2;VAMP2;DNAJC6;RAB3A"
"GOBP_VITAMIN_B6_METABOLIC_PROCESS",0.56348717948718,1,-0.523994674010713,-0.944071716530031,2746,6,"ALPL;PNPO;PDXP"
"GOBP_VITAMIN_D3_METABOLIC_PROCESS",0.874948325754444,1,-0.372579578724127,-0.643682914315342,4232,5,"CYP24A1"
"GOBP_VITAMIN_E_METABOLIC_PROCESS",0.355252918287938,1,0.705751561695247,1.15001412747747,1825,4,"NQO1;PLTP;TTPA;NPC1L1"
"GOBP_VITAMIN_K_METABOLIC_PROCESS",0.946558536078187,1,-0.288909150923045,-0.575074877318218,4551,9,"CYP4F3"
"GOBP_XENOBIOTIC_METABOLIC_PROCESS",0.360528634361234,1,0.329110521886369,1.03683278657237,2045,105,"FMO1;SULT1B1;ACSM2B;NAT2;UGT2B7;GSTM1;ACSM1;GSTA3;UGT2A3;CYP2J2;FMO2;UGT2B15;ABCC2;SULT1A2;GSTA1;CYP26A1;FMO4;NQO1;CYP2W1;AHR;ABCB1;CYP1A1;SULT1A3;BCHE;DPYD;NAT1;SLC22A1;SULT1A1;SULT1C4;NCEH1;CRYZ"
"GOBP_XMP_METABOLIC_PROCESS",0.505058847821598,1,-0.507798945200852,-0.980855960053023,2445,8,"IMPDH1;PPAT;PFAS;PAICS"
"GOBP_ZINC_ION_IMPORT_ACROSS_PLASMA_MEMBRANE",0.386102603369066,1,0.522929472087176,1.07524246711406,2016,11,"SLC39A5;SLC39A12"
