"pathway","pval","padj","ES","NES","nMoreExtreme","size","leadingEdge"
"GOCC_DENDRITIC_TREE",0.000523423187647213,0.0543194488891883,0.351194623095213,1.3587067004535,1,611,"CRYAB;CD3E;PRSS12;DRD1;CHRM1;APOD;CNR2;NCF1;TNN;PENK;ADCY10;SYNPO;LPAR1;PALMD;GPER1;EPHA6;IL1RAPL1;SLITRK2;RPH3A;NYX;NTSR1;LRRK2;GPR179;CHRM3;SHISA8;KCNJ2;DDN;GRM7;OPRD1;HRH1;SLC18A2;GABRE;ICAM5;HTR2A;RCVRN;RELN;RIN3;GABRA1;GRIK2;SLC17A8;CHL1;CHRM2;THY1;CRHR2;GRIN2A;TPBG;HTR5A;SLC5A7;NTRK2;GRID2;ATP1A2;VSTM5;BRINP3;TMEM266;LYPD6;KCNA4;HTR1E;GABRA2;HCN1;CALB1;KCNIP1;PLXDC1;RIT2;GRIA1;LYNX1;LRP4;UNC5C;GRM5;ASIC2;CX3CR1;KCNA1;GRM6;PDYN;EPM2A;TRPC5;SRGAP2B;TMEM151A;ATP2B2;ADCY2;GABRA3;APOE;GRIN1;DNER;OPRK1;KIF17;HAP1;SEZ6;P2RY1;PLK2;HRH4;TANC1;GABRB1;FZD4;GABRG2;HTR1B;CACNA1C;HTR2B;CYP46A1;PRNP;BRINP1;EPHB1;SRGAP2C;GRIA2;PTPRO;NLGN3;APBA1;HRH2;SLC32A1;IL6ST;GLRA3;NPFF;KCNC2;GLRB;SLC4A10;FRMPD4;SRGAP2;NEGR1;BRINP2;GLRA1;ADCY8;SLC1A1;CNIH3;CAMK2A;TACR3;INPP5F;SHANK2;GABRA5;CALB2;HCN2;OPHN1;ALCAM;KCNH1;SEMA4F;PTEN;RGS7BP;PRICKLE2;GABRG3;CNNM1;HTR6;NSG2;KCND2;NOS1;KIRREL1;NLGN4Y;ADORA2A;KCND3;ATP7A;ITPKA;CHRNA4;ATP6AP2;KCNK2;HTR7;SLC8A3;AMFR;KCNC4;SYN1;PLEC;FGF13;CLSTN3;CLU;ANK3;EPHA7;CPNE6;OSBP2;DAGLA;NSF;KLHL1;WFS1;MAGEE1;SIPA1L1;DRP2;MT-ND1;KCNB1;TMEM108;RABGEF1;GRIA4;GOPC;SLC1A4;KIFAP3;CTNND2;RARA;PPP3CA;EPHB6;LRFN3;KIF1C;NSG1;COBL;XRN1;DTNB;MAGI2;SRCIN1;SIGMAR1;MPDZ;KCNK1;DNM3;LHFPL4;CLSTN2;SNX14;STRN3;BMPR2;RACK1;CDKL5;MYH10;FLNA;SLC8A1;PPT1;UBXN2A;ATXN10;KCNC3;TMEM185A;BACE1;GRIN2B;FARP1;AKAP5;KIF5A;NDFIP1;ADORA1;GPR37;PPFIA2;DOCK10;NGFR;AMIGO1;KIF1A"
"GOCC_EXTERNAL_ENCAPSULATING_STRUCTURE",0.000250752256770311,0.0543194488891883,0.415364911773191,1.5758699935519,0,466,"CTSF;OGN;MGP;SPARCL1;ACAN;MATN4;ASPN;COL19A1;CCN3;TGFBI;ANXA8;MUC2;MMP3;GDF10;CLC;FGL2;COL23A1;NID2;LAMA2;MXRA5;ENAM;CCBE1;TNN;LAMA4;POSTN;COL6A3;OMD;COL4A4;EGFL6;COL5A2;ANXA2P2;ADAMTSL3;LGALS1;FREM3;PLAT;OLFML2A;LAMC3;ITIH5;ECM2;ZAN;COL14A1;COL9A3;COL6A6;CBLN1;SEMA3B;COL8A2;OPTC;LUM;MATN2;COL10A1;EGFLAM;COL6A2;HMCN1;COL3A1;ADAMTS3;NYX;FREM1;DCN;SHH;CTHRC1;SNED1;TNFRSF11B;KERA;BGN;CCDC80;SERPINA3;MMP1;FBN1;FBLN5;FLRT1;PRELP;COLEC12;COL11A2;ADAMTS15;MMP28;CHADL;TNXB;ELN;ADAMTS1;LAMB4;HTRA1;WNT5A;MMP17;ANGPT2;RELN;TIMP4;ABI3BP;ANGPTL7;WNT11;LTBP2;CTSS;SERPINA5;ADAMTS4;COL1A2;COL11A1;FLRT2;ADAMTS18;RBP3;KAZALD1;CXCL12;DGCR6;SRPX2;THBS2;SPOCK3;THBS1;LTBP3;ADAMTS5;TNR;TIMP3;VIT;F13A1;NID1;SULF1;ANGPTL3;FIBCD1;FLRT3;LAMC1;TGM4;COL28A1;ADAMTS8;LAMB1;CCN4;SERPINB6;FMOD;COL17A1;AEBP1;LGALS3;APOE;DMBT1;VCAN;ANXA2;CCIN;ADAMTS16;LOX;HMCN2;SMOC2;COL5A1;COL2A1;C6orf15;NPNT;COL9A2;WNT2;COL12A1;OLFML2B;ACHE;MMP2;ANXA6;PTX3;ADAMTS2;PRG4;LAMA1;FBLN2;ESM1;SERPINB9;PODN;LOXL3;LAMB2;WNT4;ZP1;ANGPT1;PCOLCE;ANGPTL5;HSD17B12;BCAN;EMILIN1;THSD4;EFNA5;VWC2;SRPX;F7;GPLD1;TIMP1;SFRP2;MATN1;FBN3;SDC3;BCAM;OVGP1;COL18A1;WNT2B;MFAP4;FREM2;SPOCK1;RTBDN;TGFB1I1;HAPLN4;TGFB2;CTSD;ADAMTS6;GPC4;LGALS3BP;CCN5;MMP15;ADAMTS20;HSPG2;SPOCK2;CRISPLD2;PLOD2;FBLN1;SSPOP;COL1A1;ADAMTS12;PLOD1;GPC6;ADAMTS10;F12"
"GOCC_INTERSTITIAL_MATRIX",0.000611246943765281,0.0543194488891883,0.701943271289357,1.86520136808797,2,31,"COL5A2;ECM2;COL14A1;COL9A3;COL8A2;LUM;COL10A1;EGFLAM;COL3A1;CCDC80;COL11A2;COL1A2;COL11A1;KAZALD1;VIT;COL5A1;COL2A1;COL9A2;COL12A1"
"GOCC_LYSOSOMAL_LUMEN",0.000656886358659952,0.0543194488891883,0.517460693504288,1.66081248846943,2,95,"IFI30;CTSF;OGN;ACAN;CD1E;OMD;NEU4;LUM;DCN;KERA;BGN;PRELP;PDGFRB;CTSS;CUBN;NAAA;FMOD;LIPA;VCAN;CTSA;BCAN;SDC3;GLB1;CTSD;ATP13A2;TPP1;NSG2;GPC4;GNS;ARSB;HSPG2;SCARB2;GYG1;CSPG5;GBA1;GPC6;TCN2;FUCA1;CTSK;MAN2B2;CSPG4;CTSB;LAMP2;MAN2B1;SGSH;HGSNAT;HEXB;GM2A;SMPD1;NSG1;PSAP"
"GOCC_NEURON_PROJECTION",0.000306560392397302,0.0543194488891883,0.322589910848642,1.30129843826825,0,1302,"MYOT;CNGB3;NPY;OPN1MW;SLC6A2;CRYAB;DHRS3;TRPA1;CD3E;PRSS12;CNGA1;ERMN;IQCJ-SCHIP1;USH1C;DRD1;CHRM1;SCN10A;APOD;ATP1A4;CNR2;NCF1;TNN;CALCA;PENK;CCK;NFIB;NEU4;SCN1A;GNAT1;ADCY10;ITGA4;SYNPO;SLC18A1;LPAR1;PALMD;SLC6A4;STMND1;FRMD7;ACTBL2;USH1G;TRPV4;GNAT2;TH;CNTN3;GPER1;EPHA6;CHRNA6;IL1RAPL1;SLITRK2;CASR;RPH3A;PIEZO2;NYX;MAG;NTSR1;CTHRC1;LRRK2;GPR179;PDE6G;RP1;CHRM3;SHISA8;KCNJ2;FLRT1;DDN;CYP17A1;GRM7;TULP1;SLC6A1;OPRD1;HRH1;SLC18A2;PRPH2;CLDN11;HTR3B;CALCR;RAB37;GABRE;SCRG1;GAD2;KCNK4;CNTN6;CRH;LGI3;INHA;ICAM5;HTR2A;GHRL;RCVRN;LOXHD1;RELN;RIN3;CDHR1;PACRG;GABRA1;GRIK2;SLC17A8;PCARE;FLRT2;CHL1;CHRM2;STRCP1;CNTN5;THY1;CX3CL1;NRP2;CRHR2;GRIN2A;TPBG;HTR5A;SLC5A7;NTRK2;GRID2;ATP1A2;VSTM5;SLC24A4;BRINP3;CLRN1;TMEM266;BOC;LYPD6;PTGS1;KCNA4;HTR1E;MYH14;NPY5R;GABRA2;IRX3;HCN1;SLC1A3;CNTN1;CALB1;SCN2B;KCNIP1;FLRT3;SRD5A2;PLXDC1;RIT2;EPS8;GRIA1;LYNX1;LRP4;UNC5C;GRM5;ASIC2;CX3CR1;ROR2;KCNA1;GRM6;NPY4R;PDYN;SYT2;VIM;TSGA10;EPM2A;ATP8B1;TRPC5;SRGAP2B;SH3KBP1;GRIN3A;CMKLR2;TMEM151A;SCN2A;CRTAC1;CPLX4;ATP2B2;RET;RAB27B;ADCY2;ABCA4;NCAM2;RASGRF1;ROR1;GABRA3;APOE;VCAN;GRK1;GRIN1;HMCN2;DNER;OPRK1;KIF17;HAP1;SEZ6;P2RY1;SSTR1;PLK2;HRH4;DLG2;CABP4;CHRNA2;TANC1;GUCY2F;BCL11B;LPAR3;SYBU;GABRB1;HTR3A;FZD4;GABRG2;ESPN;SPTBN1;HTR1B;FSCN2;CACNA1C;KCNA3;HTR2B;CYP46A1;PRNP;BRINP1;MGARP;TRPV2;EPHB1;ROBO4;SRGAP2C;PRKN;GRIA2;SLC2A13;ANKRD24;PTPRN;PTPRO;NLGN3;CPNE5;APBA1;SSTR2;LRRTM1;HRH2;DCDC2;SLC32A1;IL6ST;TENM1;UNC80;DMD;CAMK2D;NPY1R;GLRA3;NPFF;KCNC2;UNC5A;GLRB;SLC4A10;NPY6R;GAD1;FRMPD4;ASS1;SRGAP2;ALDH1A1;DNAAF4;GABBR2;NEGR1;BRINP2;GLRA1;ADCY8;PIP4K2A;SLC1A1;CNIH3;CAMK2A;TACR3;INPP5F;SHANK2;NEFH;GABRA5;CALB2;SCN9A;HCN2;SPOCK1;OPHN1;NRP1;ALCAM;PEX6;KCNH1;ARMCX1;SEMA4F;CLIC5;RAB13;PTEN;RGS7BP;PRICKLE2;PIEZO1;GABRG3;TGFB2;ROM1;GCH1;CNNM1;HTR6;ATP13A2;UNC13C;LDLRAP1;NGEF;NSG2;ADGRV1;KCND2;NOS1;KIRREL1;NLGN4Y;ADORA2A;KCND3;TMC1;HSPG2;SYT13;MAP7D2;ATP7A;ITPKA;SEMA3A;CHRNA4;ATP6AP2;KCNK2;HTR7;SLC8A3;IFT122;AMFR;CHRNB3;SSTR3;AQP1;KCNC4;PCSK1;AGBL4;CYGB;SYN1;TTC8;VPS35;PLEC;NF2;IQGAP1;TENM3;ATP2B3;NDRG2;CNTN4;RASGRP2;FGF13;RDX;CLSTN3;RHOC;PINK1;ROBO1;CLU;ANK3;ADRA2A;EPHA7;CPNE6;OSBP2;MPP1;DAGLA;CD200;SHTN1;KCNN3;NSF;CHRNA9;KLHL1;NRXN1;WFS1;SNCB;MAGEE1;CDH23;SLC30A3;CNGB1;SIPA1L1;FKBP15;DRP2;MT-ND1;KCNB1;CLCN3;RAP1GAP"
"GOCC_NEURON_PROJECTION_TERMINUS",0.000445831475702185,0.0543194488891883,0.492515523720507,1.65115759329955,1,130,"NPY;PRSS12;CHRM1;TNN;PENK;SLC18A1;GPER1;CASR;NTSR1;LRRK2;FLRT1;TULP1;OPRD1;SLC18A2;SCRG1;GRIK2;SLC17A8;CRHR2;TPBG;NTRK2;HCN1;CALB1;FLRT3;KCNA1;PDYN;CPLX4;ROR1;GRIN1;OPRK1;CABP4;TANC1;PRNP;PRKN;PTPRN;SLC32A1;DMD;NPFF;KCNC2;SLC4A10;GAD1;SLC1A1;TACR3;CALB2;SCN9A;OPHN1;GCH1;UNC13C;NOS1;KCNK2;SLC8A3;KCNC4"
"GOCC_NEURON_SPINE",0.000456829602558246,0.0543194488891883,0.451575012108483,1.56033406123157,1,167,"CRYAB;CD3E;DRD1;SYNPO;LPAR1;PALMD;GPER1;RPH3A;NTSR1;SHISA8;KCNJ2;DDN;OPRD1;ICAM5;GABRA1;GRIN2A;NTRK2;GRID2;ATP1A2;KCNA4;GRIA1;GRM5;ASIC2;SRGAP2B;ATP2B2;GRIN1;HAP1;SEZ6;GABRG2;SRGAP2C;GRIA2;PTPRO;APBA1;FRMPD4;SRGAP2;NEGR1;SLC1A1;CAMK2A;TACR3;SHANK2;OPHN1;PTEN;RGS7BP;KCND2;NOS1;KCND3;ITPKA;ATP6AP2;SLC8A3"
"GOCC_POSTSYNAPSE",0.000550357732526142,0.0543194488891883,0.343394493588466,1.34574966418245,1,761,"CRYAB;CD3E;ERBB3;KCTD12;IGF1;DRD1;CHRM1;CNR2;SYNPO;GSG1L;LPAR1;PALMD;SLC6A4;MEF2C;CBLN1;P2RX7;GPER1;CHRNA6;IL1RAPL1;SLITRK2;RPH3A;NYX;NTSR1;LRRK2;GPR179;MET;CLMP;OPCML;SSPN;CHRM3;SLC24A2;SHISA8;KCNJ2;DDN;GRM7;OPRD1;HTR3B;GABRE;ICAM5;HTR2A;GHRL;WNT5A;DLGAP2;ITGB3;GABRA1;SLC1A7;GRIK2;INSYN2A;TRIM47;FLRT2;PLPPR4;CHRM2;GLRA2;THY1;FAIM2;NRP2;GRIN2A;HTR5A;NTRK2;GRID2;ATP1A2;ERBB4;KCNA4;GABRA2;HCN1;CNTN1;CALB1;SLC6A17;FLRT3;EPS8;GRIA1;LRP4;GRM5;ASIC2;GABRR1;ADD3;SRGAP2B;SH3KBP1;GRIN3A;SLC6A11;SYN2;CRTAC1;SHROOM4;ATP2B2;GABRA3;GRIN3B;GRIN1;PRKAR1B;OPRK1;KIF17;HAP1;SEZ6;P2RY1;DLG2;CHRNA2;LRFN5;TANC1;GRIN2C;GABRB1;CSMD2;DOCK1;HTR3A;SHC4;GABRG2;SPTBN1;CACNA1C;CYP46A1;PRNP;ELMO1;SRGAP2C;NTM;PRKN;GRIA2;GRIK4;PTPRO;NLGN3;APBA1;LRRTM1;TNIK;DMD;CAMK2D;GLRA3;NPFF;KCNC2;GLRB;FRRS1L;SLC4A10;FRMPD4;SLITRK3;NEDD4;P2RX5;SPTB;SRGAP2;GABBR2;NEGR1;GLRA1;VWC2;ADCY8;SH3GL2;SLC1A1;CNIH3;CAMK2A;TACR3;GPR158;SHANK2;NEFH;GABRA5;RASGRF2;LRRTM3;JAK2;SPOCK1;OPHN1;NRP1;KCNH1;SEMA4F;NECTIN3;PTEN;RGS7BP;PRICKLE2;CDH10;GABRG3;SYN3;ABLIM1;ZDHHC15;NSG2;KCND2;ZDHHC2;NOS1;NLGN4Y;ADORA2A;FAAH;KCND3;ATP7A;CSPG5;ITPKA;CHRNA4;ATP6AP2;KCNK2;ADGRB3;SLC8A3;CHRNB3;KCNC4;SYN1;VPS35;SYNE1;ERBB2;DGKB;CLSTN3;CTNNB1;ANK3;ADRA2A;EPHA7;STAT3;DAGLA;NSF;CHRNA9;USP8;MAGEE1;DLGAP1;AP2A1;SIPA1L1;DRP2;KCNB1;TMEM108;DNAJC6;ERBIN;GRIA4;GOPC;PRICKLE1;ADAM22;KIFAP3;CTNND2;PPP3CA;CAMK2B;EEF2;CALY;IGSF21;LRFN3;ADGRA1;NSG1;NETO2;DTNB;MAGI2;ARHGEF9;LRRC4B;LYN;GRK3;SRCIN1;SIGMAR1;MPDZ;DISC1;ADCY1;DNM3;NEFL;LHFPL4;CLSTN2;SNX14;STRN3;BMPR2;MYH10;NAPEPLD;FLNA;SLC8A1;DIXDC1;KCNC3;PLCB1;NPAS4;LRFN2;PJA2;GRIN2B;FARP1;AKAP5;KIF5A;ADORA1;RPL7;PPFIA2;CALR;DOCK10;NGFR;SNX6"
"GOCC_POSTSYNAPTIC_MEMBRANE",0.000483558994197292,0.0543194488891883,0.408134422990562,1.50205319773575,1,309,"ERBB3;KCTD12;DRD1;CHRM1;CNR2;GSG1L;LPAR1;SLC6A4;CBLN1;CHRNA6;IL1RAPL1;SLITRK2;RPH3A;GPR179;CLMP;SSPN;CHRM3;SHISA8;KCNJ2;GRM7;OPRD1;HTR3B;GABRE;HTR2A;ITGB3;GABRA1;GRIK2;FLRT2;PLPPR4;CHRM2;GLRA2;FAIM2;NRP2;GRIN2A;HTR5A;GRID2;ERBB4;GABRA2;HCN1;CNTN1;FLRT3;GRIA1;GRM5;ASIC2;GABRR1;GRIN3A;SLC6A11;ATP2B2;GABRA3;GRIN3B;GRIN1;OPRK1;P2RY1;DLG2;CHRNA2;LRFN5;GRIN2C;GABRB1;CSMD2;HTR3A;SHC4;GABRG2;CACNA1C;NTM;GRIA2;GRIK4;PTPRO;NLGN3;LRRTM1;DMD;GLRA3;KCNC2;GLRB;SLITRK3;SRGAP2;GABBR2;GLRA1;VWC2;CNIH3;GPR158;SHANK2;GABRA5;LRRTM3;NRP1;KCNH1;SEMA4F;NECTIN3;RGS7BP;CDH10;GABRG3;NSG2;KCND2;NLGN4Y;ADORA2A;KCND3;CSPG5;CHRNA4;KCNK2;ADGRB3;SLC8A3;CHRNB3;KCNC4;SYNE1;ERBB2;DGKB;CLSTN3;CTNNB1;ANK3;ADRA2A;EPHA7"
"GOCC_PRESYNAPTIC_MEMBRANE",0.000227634873662645,0.0543194488891883,0.447437839806281,1.56178679016929,0,179,"SLC6A2;KCTD12;DRD1;CHRM1;SCN10A;LPAR1;SLC6A4;GPER1;CHRNA6;CASR;OPRD1;GAD2;CNTN6;HTR2A;NTNG1;GRIK2;SNCAIP;FLRT2;CNTN5;GRIN2A;SLC5A7;ERBB4;HCN1;CNTN1;FLRT3;GRIA1;GABRR1;KCNA1;SLC6A11;GRIN3B;KCNJ3;GRIN1;OPRK1;P2RY1;ATP2B4;GABRB1;HTR1B;NTM;GRIK4;APBA1;CACNA2D3;GLRA3;KCNC2;RIMS1;CNTNAP4;ADCY8;GPR158;CACNA2D2;GABRA5;KCNH1;RGS7BP;CDH10;UNC13C;ADORA2A;CHRNA4;SNAP91;NRXN3;KCNC4;NRXN2;ATP2B3;ERC1;ERBB2;CTNNB1;ADRA2A"
"GOCC_SOMATODENDRITIC_COMPARTMENT",0.000556018904642758,0.0543194488891883,0.338822737262811,1.33555153741424,1,828,"MYOT;NPY;SLC6A2;S100B;CRYAB;CD3E;PRSS12;ERMN;DRD1;CHRM1;APOD;CNR2;NCF1;TNN;CALCA;ITPR3;PENK;SCN1A;GNAT1;ADCY10;ITGA4;SYNPO;LPAR1;PALMD;FRMD7;TH;P2RX7;GPER1;GHR;EPHA6;IL1RAPL1;SLITRK2;CASR;RPH3A;PIEZO2;NYX;NTSR1;LRRK2;GPR179;CHRM3;SHISA8;KCNJ2;FLRT1;DDN;CYP17A1;GRM7;SLC6A1;OPRD1;HRH1;SLC18A2;GABRE;CRH;INHA;ICAM5;HTR2A;RCVRN;RELN;RIN3;GABRA1;GRIK2;SNCAIP;CD22;SLC17A8;CHL1;CHRM2;TRPM2;THY1;CX3CL1;CRHR2;GRIN2A;TPBG;HTR5A;SLC5A7;NTRK2;GRID2;PDE1C;ATP1A2;VSTM5;BRINP3;TMEM266;LYPD6;KCNA4;HTR1E;GABRA2;HCN1;SLC1A3;CALB1;KCNIP1;SRD5A2;PLXDC1;SLC22A3;RIT2;GRIA1;LYNX1;LRP4;UNC5C;GRM5;ASIC2;CX3CR1;KCNA1;GRM6;PDYN;EPM2A;TRPC5;SRGAP2B;GRIN3A;TMEM151A;CARTPT;ATP2B2;ADCY2;TMPRSS5;GABRA3;APOE;GRIN3B;GRIN1;PPP1R1B;SLC24A1;HMCN2;DNER;OPRK1;KIF17;HAP1;SEZ6;P2RY1;PLK2;HRH4;DLG2;TANC1;AKAP12;GABRB1;FZD4;GABRG2;HTR1B;CACNA1C;HTR2B;CYP46A1;PRNP;BRINP1;S100A5;EPHB1;SRGAP2C;PRKN;GRIA2;PTPRN;PTPRO;NLGN3;CPNE5;APBA1;HRH2;SLC32A1;IL6ST;GLRA3;NPFF;KCNC2;UNC5A;GLRB;SLC4A10;FRMPD4;ASS1;SRGAP2;KREMEN1;NEGR1;BRINP2;GLRA1;ADCY8;SLC1A1;CNIH3;CAMK2A;TACR3;INPP5F;SHANK2;GABRA5;CALB2;ASTN2;HCN2;ASTN1;OPHN1;ALCAM;KCNH1;SEMA4F;PTEN;RGS7BP;PRICKLE2;GABRG3;TGFB2;CNNM1;HTR6;ATP13A2;NSG2;KCND2;NOS1;KIRREL1;NLGN4Y;ADORA2A;KCND3;ATP7A;ITPKA;CHRNA4;ATP6AP2;KCNK2;HTR7;SLC8A3;AMFR;KCNC4;CACNA1E;CYGB;SYN1;VPS35;PLEC;FGF13;CLSTN3;CLU;ANK3;ADRA2A;EPHA7;TMEM100;CPNE6;OSBP2;DAGLA;CD200;SHTN1;KCNN3;NSF;KLHL1;NRXN1;WFS1;SNCB;MAGEE1;SIPA1L1;DRP2;MT-ND1;KCNB1;KLHL14;TMEM108;FLNB;RABGEF1;GRIA4;GOPC;SLC1A4;KIFAP3;CTNND2;RARA;PPP3CA;EPHB6;LRFN3;KIF1C;NSG1;PDE1A;COBL;XRN1;DTNB;MAGI2;SRCIN1;SIGMAR1;MPDZ;CACNA1A;KCNK1;PRKCZ;DNM3;LHFPL4;CLSTN2;SNX14;STRN3;SIAH2;BMPR2;RACK1;CDKL5;MYH10;NAPEPLD;FLNA;SLC8A1;TPX2;PPT1;UBXN2A;ATXN10;KCNC3;TMEM185A;BACE1;GRIN2B;FARP1;RAPGEF2;AKAP5;KIF5A;NDFIP1;ADORA1;GPR37;PPFIA2;DOCK10;POLR2M;NGFR;AMIGO1"
"GOCC_SYNAPSE",0.000334112930170398,0.0543194488891883,0.307806471851217,1.25373546054418,0,1687,"MPZ;NPY;SLC6A2;SPARCL1;ACAN;CRYAB;CD3E;ERBB3;PRSS12;KCTD12;GALR3;PLP1;IGF1;USH1C;DRD1;CHRM1;S1PR4;SCN10A;LAMA2;CNR2;PCDHB5;CACNA1G;TNN;LAMA4;SLC35D3;SNTB1;CALCA;PENK;IL1RAPL2;SLC6A7;PRIMA1;SYNPO;PLAT;SLC18A1;GSG1L;PDE7B;PMP22;LPAR1;PALMD;SLC6A4;WNT3A;UTS2;ACTBL2;GNAT2;MEF2C;TH;CBLN1;P2RX7;GPER1;CHRNA6;IL1RAPL1;SLITRK2;EGFLAM;CASR;RPH3A;NYX;NTSR1;GUCY1A1;FGFR2;LRRK2;GPR179;PLD1;SV2B;MET;CLMP;OPCML;SSPN;CHRM3;SLC24A2;SHISA8;MX1;KCNJ2;DDN;GRM7;TULP1;SLC6A1;OPRD1;HRH1;SLC18A2;HTR3B;GABRE;PHF24;SGCD;GAD2;CNTN6;CRH;LGI3;ICAM5;HTR2A;HCRTR1;NTNG1;GHRL;DRD3;WNT5A;DRD5;SPHK1;DLGAP2;S1PR5;ITGB3;GABRA1;SLC1A7;GRIK2;CPNE4;SNCAIP;CBLN2;INSYN2A;SLC17A8;RASD2;TRIM47;FLRT2;PLPPR4;CHRM2;CNTN5;ANO1;IL1RAP;SRPX2;GLRA2;THY1;FAIM2;NRP2;CRHR2;GRIN2A;TPBG;MCTP2;NPTX1;HTR5A;SLC5A7;NTRK2;GRID2;SLC35F1;ATP1A2;TNR;LY6S;ERBB4;LYPD6;HCRTR2;KCNA4;HTR1E;NPY5R;GABRA2;HCN1;NR3C1;ARHGAP22;SLC1A3;PTN;CNTN1;CALB1;SLC6A17;SGCZ;SCN2B;KCNIP1;FLRT3;SLC22A3;S1PR3;RIT2;NWD2;EPS8;GRIA1;PCDHB6;PLS3;LYNX1;LRP4;UNC5C;GRM5;ASIC2;PHACTR1;GABRR1;NTF4;KCNA1;GRM6;PDYN;SYT2;ADD3;CEP112;ABLIM3;OLFM3;TRPC5;SRGAP2B;SH3KBP1;GRIN3A;SLC6A11;GUCY1B1;SYN2;CRTAC1;SHROOM4;CARTPT;CPLX4;ATP2B2;RAB27B;NCAM2;ROR1;GABRA3;RAPGEF4;SLC30A10;APOE;VCAN;GRIN3B;KCNJ3;GRIN1;PRKAR1B;SLC6A5;OPRK1;CDH11;KIF17;HAP1;LYPD1;SEZ6;PCDH9;P2RY1;HRH4;DLG2;CABP4;CHRNA2;LRFN5;ATP2B4;TANC1;GRIN2C;SLC40A1;LPAR3;AKAP12;GABRB1;CSMD2;DOCK1;HTR3A;ADARB1;SHC4;ABTB3;FZD4;GABRG2;CNP;SPTBN1;ACHE;HTR1B;EEF1A2;SV2C;CACNA1C;LAMA1;HTR2B;CYP46A1;PRNP;APOA4;BRINP1;LY6H;ELMO1;SLC9B2;EPHB1;STON1;RPS6KA4;SRGAP2C;NTM;PRKN;GRIA2;GRIK4;SLC2A13;PTPRN;PTPRO;NLGN3;APBA1;DYSF;LRRTM1;HRH2;LAMB2;TNIK;SLC32A1;CACNA2D3;VLDLR;DMD;PPFIBP1;CAMK2D;GLRA3;NPFF;KCNC2;BDNF;GLRB;FRRS1L;PLXNC1;SLC4A10;ADGRB2;SDK2;GAD1;RIMS1;FRMPD4;SLITRK3;NRG3;NEDD4;DOC2B;P2RX5;PLCXD3;BCAN;SPTB;GNG12;SRGAP2;PCDHB9;TLN2;ALDH1A1;EFNA5;GABBR2;C1QL4;NEGR1;CNTNAP4;GLRA1;CNTNAP5;GPR176;VWC2;ADCY8;SH3GL2;SLC1A1;CNIH3;CAMK2A;TACR3;GPR158;CACNA2D2;SHANK2;NEFH;GABRA5;CLN8;C1QL3;CALB2;SCN9A;RASGRF2;LRRTM3;JAK2;SPOCK1;PPFIBP2;OPHN1;NRP1;KCNH1;FGF12;SEMA4F;SGCG;HAPLN4;NECTIN3;RAB13;PTEN;SNTA1;RGS7BP;PDZRN3;PRICKLE2;CDH10;SPART;PTPRC;GABRG3;SYN3;SLC18B1;ABLIM1;HTR6;ZDHHC15;UNC13C;PLXNA4;NGEF;NSG2;ELMOD1;PACSIN2;KCND2;ZDHHC2;GPC4;NOS1;NLGN4Y;CANX;ADORA2A;FAM171B;FAAH;KCND3;HSPG2;SYT9;EFR3A;SYT13;PCDH7;SGCA;ATP7A;CSPG5;CDH6;ITPKA;PPM1H;SEMA3A;CHRNA4;ATP6AP2;KCNK2;HTR7;GPC6;ADGRB3;SNAP91;SLC8A3;AKAP7;GNB4;CLCN5;CHRNB3;ADORA2B;NRXN3;KCNC4;CACNA1E;RAB3B;SYN1;VPS35;RHOB;NRXN2;SYNE1;ATP2B3;NPTXR;ERC1;NRN1;CNTN4;RASGRP2;VAMP4;ERBB2;NDE1;SYNGR1;DGKB;CLSTN3;WASF2;CBLN3;CTNNB1;CLU;ANK3;GNG7;ADRA2A;EPHA7;STAT3;S1PR2;EIF3L;OLFM2;FER1L5;DAGLA;ATP6AP1;NSF;RAB40B;CHRNA9;USP8;NRXN1;SQSTM1;WFS1;SNCB;MAGEE1;CDH23;DLGAP1;SLC30A3;AP2A1;CNGB1;SIPA1L1;RAB3C;DRP2;QKI;ATP6V1C1;KCNB1;CLCN3;SERPINE2;ATP1B2;AMPH;PTPRN2;GIT2;CNNM2;TMEM108;DNAJC6;RABGEF1;ATP6V0A4;ERBIN;CHAT;GRIA4;SYPL1;PSEN2;GOPC;SNAP29;SLC1A4;SLC35G2;PRICKLE1;PCDHB16;ADAM22;COLQ;ATG9A;KIFAP3;ATP6V0D1;ADGRL1;CTNND2;PRKAR1A;ETV5;PPP3CA;CAMK2B;EEF2;CALY;IGSF21;LRFN3;ADGRA1;NSG1;NETO2;EXOC4;PLXND1;KCNAB2;DTNB;MAGI2;ARHGEF9;LRRC4B;KIDINS220;LYN;GRK3;SRCIN1;LARGE1;SCAMP1;GRN;TMOD2;RAP2A;SIGMAR1;EHD1;ATP2B1;TENM4;MPDZ;DISC1;CACNA1A;ADCY1;KCNK1;FBXO41;OPRL1;USP46;DNM3;ADAM23;NEFL;LHFPL4;CLSTN2;SNX14;STRN3;ATP6V0A1;SLC12A4;BMPR2;CDKL5;NXPH1;TIAM1;MYH10;NAPEPLD;FLNA;SLC8A1;BTBD9;DGKE;PPT1;SLC22A1;ITSN2;DIXDC1;KCNC3;PLCB1;RAB33B;NPAS4;BACE1;LRFN2;PJA2;GRIN2B;FARP1;RAPGEF2;VAMP3;AKAP5;KIF5A;SLC18A3;CACNB2;NDFIP1;ADORA1;RPL7;PRKAR2A;GPR37;PPFIA2;RABEP1;CALR;RPS6KA3;DOCK10;SLC38A6;NGFR;SNX6;KCNA6;KIF1A;SH2D5;SLC29A4;BEST1;CALM1"
"GOCC_SYNAPTIC_MEMBRANE",0.000248880039820806,0.0543194488891883,0.41067710146689,1.55279054733953,0,436,"SLC6A2;CRYAB;ERBB3;KCTD12;DRD1;CHRM1;SCN10A;CNR2;SLC6A7;GSG1L;LPAR1;SLC6A4;CBLN1;GPER1;CHRNA6;IL1RAPL1;SLITRK2;CASR;RPH3A;GPR179;CLMP;SSPN;CHRM3;SHISA8;KCNJ2;DDN;GRM7;OPRD1;HTR3B;GABRE;GAD2;CNTN6;ICAM5;HTR2A;NTNG1;ITGB3;GABRA1;SLC1A7;GRIK2;SNCAIP;FLRT2;PLPPR4;CHRM2;CNTN5;SRPX2;GLRA2;FAIM2;NRP2;GRIN2A;HTR5A;SLC5A7;GRID2;ERBB4;GABRA2;HCN1;CNTN1;FLRT3;GRIA1;LRP4;GRM5;ASIC2;GABRR1;KCNA1;GRIN3A;SLC6A11;ATP2B2;NCAM2;GABRA3;GRIN3B;KCNJ3;GRIN1;OPRK1;PCDH9;P2RY1;DLG2;CHRNA2;LRFN5;ATP2B4;GRIN2C;GABRB1;CSMD2;HTR3A;SHC4;GABRG2;HTR1B;CACNA1C;NTM;GRIA2;GRIK4;PTPRO;NLGN3;APBA1;LRRTM1;CACNA2D3;DMD;GLRA3;KCNC2;GLRB;RIMS1;SLITRK3;SRGAP2;GABBR2;CNTNAP4;GLRA1;VWC2;ADCY8;CNIH3;TACR3;GPR158;CACNA2D2;SHANK2;GABRA5;LRRTM3;NRP1;KCNH1;SEMA4F;NECTIN3;RGS7BP;CDH10;GABRG3;UNC13C;NSG2;KCND2;NLGN4Y;ADORA2A;KCND3;CSPG5;CHRNA4;ATP6AP2;KCNK2;ADGRB3;SNAP91;SLC8A3;CHRNB3;NRXN3;KCNC4;NRXN2;SYNE1;ATP2B3;ERC1;ERBB2;DGKB;CLSTN3;CTNNB1;ANK3;ADRA2A;EPHA7"
"GOCC_PRESYNAPSE",0.000795334040296925,0.0610702923799424,0.343180536682254,1.33516588465332,2,663,"NPY;SLC6A2;PRSS12;KCTD12;DRD1;CHRM1;S1PR4;SCN10A;TNN;SLC35D3;PENK;SLC18A1;LPAR1;SLC6A4;WNT3A;TH;P2RX7;GPER1;CHRNA6;EGFLAM;CASR;RPH3A;NTSR1;LRRK2;SV2B;SLC24A2;MX1;DDN;GRM7;TULP1;SLC6A1;OPRD1;SLC18A2;PHF24;GAD2;CNTN6;CRH;LGI3;HTR2A;NTNG1;SPHK1;S1PR5;GRIK2;SNCAIP;SLC17A8;FLRT2;CHRM2;CNTN5;ANO1;THY1;CRHR2;GRIN2A;TPBG;MCTP2;SLC5A7;NTRK2;SLC35F1;ERBB4;NPY5R;GABRA2;HCN1;CNTN1;CALB1;SLC6A17;FLRT3;SLC22A3;S1PR3;GRIA1;GABRR1;NTF4;KCNA1;PDYN;SYT2;TRPC5;GRIN3A;SLC6A11;GUCY1B1;SYN2;SHROOM4;CPLX4;RAB27B;ROR1;SLC30A10;GRIN3B;KCNJ3;GRIN1;OPRK1;HAP1;P2RY1;CABP4;CHRNA2;ATP2B4;TANC1;SLC40A1;GABRB1;HTR1B;SV2C;CYP46A1;PRNP;SLC9B2;STON1;NTM;PRKN;GRIK4;SLC2A13;PTPRN;NLGN3;APBA1;DYSF;TNIK;SLC32A1;CACNA2D3;PPFIBP1;GLRA3;NPFF;KCNC2;BDNF;SLC4A10;GAD1;RIMS1;DOC2B;CNTNAP4;ADCY8;SH3GL2;SLC1A1;TACR3;GPR158;CACNA2D2;GABRA5;CLN8;CALB2;SCN9A;PPFIBP2;OPHN1;KCNH1;RAB13;RGS7BP;CDH10;SYN3;SLC18B1;UNC13C;NOS1;CANX;ADORA2A;FAAH;SYT9;EFR3A;SYT13;CHRNA4;ATP6AP2;KCNK2;SNAP91;SLC8A3;CLCN5;CHRNB3;ADORA2B;NRXN3;KCNC4;RAB3B;SYN1;VPS35;NRXN2;ATP2B3;ERC1;NRN1;VAMP4;ERBB2;SYNGR1;CTNNB1;ADRA2A;S1PR2;FER1L5;ATP6AP1;RAB40B;NRXN1;WFS1;SNCB;SLC30A3;AP2A1;CNGB1;RAB3C;ATP6V1C1;CLCN3;AMPH;PTPRN2;GIT2;DNAJC6;RABGEF1;ATP6V0A4;SYPL1;PSEN2;SNAP29"
"GOCC_AXON",0.00104602510460251,0.0702798117154812,0.332645500739933,1.29290704041976,3,646,"MYOT;NPY;SLC6A2;CRYAB;TRPA1;PRSS12;ERMN;IQCJ-SCHIP1;CHRM1;SCN10A;TNN;CALCA;PENK;CCK;NFIB;SCN1A;ADCY10;ITGA4;SLC18A1;FRMD7;ACTBL2;TRPV4;TH;GPER1;IL1RAPL1;CASR;MAG;NTSR1;LRRK2;CYP17A1;GRM7;TULP1;SLC6A1;OPRD1;SLC18A2;CLDN11;CALCR;GAD2;KCNK4;CNTN6;CRH;LGI3;HTR2A;GHRL;RIN3;GRIK2;SLC17A8;CNTN5;THY1;NRP2;CRHR2;TPBG;SLC5A7;NTRK2;VSTM5;BOC;KCNA4;MYH14;GABRA2;IRX3;HCN1;CNTN1;CALB1;SCN2B;FLRT3;EPS8;GRIA1;UNC5C;ROR2;KCNA1;PDYN;SYT2;VIM;TRPC5;TMEM151A;SCN2A;CRTAC1;CPLX4;RET;RAB27B;NCAM2;RASGRF1;ROR1;GRIN1;HMCN2;OPRK1;HAP1;DLG2;CABP4;TANC1;LPAR3;SYBU;GABRG2;SPTBN1;KCNA3;PRNP;MGARP;TRPV2;EPHB1;ROBO4;PRKN;SLC2A13;PTPRN;PTPRO;LRRTM1;SLC32A1;UNC80;NPFF;KCNC2;SLC4A10;GAD1;ALDH1A1;ADCY8;SLC1A1;TACR3;INPP5F;SHANK2;NEFH;CALB2;SCN9A;HCN2;SPOCK1;OPHN1;NRP1;ALCAM;KCNH1;ARMCX1;RGS7BP;PRICKLE2;TGFB2;UNC13C;LDLRAP1;NGEF;NOS1;ADORA2A;SYT13;MAP7D2;ATP7A;SEMA3A;ATP6AP2;KCNK2;SLC8A3;AMFR;AQP1;KCNC4;AGBL4;SYN1;PLEC;TENM3;ATP2B3;NDRG2;CNTN4;FGF13;PINK1;ROBO1;ANK3;ADRA2A;CPNE6;DAGLA;CD200;SHTN1;NRXN1;SNCB;SLC30A3;CNGB1;FKBP15;KCNB1;CLCN3;RAP1GAP"
"GOCC_CELL_BODY",0.00102406554019457,0.0702798117154812,0.353231374538765,1.35462540460762,3,537,"MYOT;NPY;SLC6A2;S100B;CRYAB;P2RY12;CD3E;ERMN;APOD;CNR2;NCF1;TNN;CALCA;ITPR3;PENK;SCN1A;GNAT1;ADCY10;ITGA4;SYNPO;LPAR1;RPE65;FRMD7;TH;P2RX7;GHR;CASR;PIEZO2;NTSR1;LRRK2;RLBP1;KCNJ2;FLRT1;DDN;CYP17A1;SLC6A1;CRH;INHA;HTR2A;RCVRN;RIN3;PACRG;GRIK2;SNCAIP;CD22;SLC17A8;TRPM2;THY1;CX3CL1;HTR5A;SLC5A7;PDE1C;ATP1A2;BRINP3;TMEM266;LYPD6;RAB38;GABRA2;HCN1;SLC1A3;CALB1;SRD5A2;PLXDC1;SLC22A3;RIT2;GRIA1;LRP4;UNC5C;GRM5;ASIC2;CX3CR1;KCNA1;PDYN;EPM2A;TRPC5;GRIN3A;CARTPT;TMPRSS5;APOE;GRIN3B;PPP1R1B;SLC24A1;HMCN2;DNER;OPRK1;SEZ6;P2RY1;DLG2;TANC1;AKAP12;CACNA1C;BRINP1;S100A5;TRPV2;PRKN;GRIA2;SLC2A13;PTPRN;CPNE5;IL6ST;GLRA3;NPFF;KCNC2;UNC5A;SLC4A10;ASS1;KREMEN1;NEGR1;BRINP2;GLRA1;ADCY8;SLC1A1;TACR3;INPP5F;SHANK2;GABRA5;ASTN2;HCN2;ASTN1;ALCAM;KCNH1;SEMA4F;RGS7BP;TGFB2;CNNM1;ATP13A2;KCND2;ADORA2A;KCND3;ATP7A;CHRNA4;KCNK2;SLC8A3;AMFR;KCNC4;CACNA1E;CYGB;SYN1;VPS35;NF2;PINK1;ADRA2A;EPHA7;TMEM100;CPNE6;CD200;SHTN1;KCNN3;KLHL1;NRXN1;SNCB;DRP2;MT-ND1;KCNB1;KLHL14;ATP1B2;FLNB"
"GOCC_GLUTAMATERGIC_SYNAPSE",0.00156046814044213,0.098676661822076,0.34549003591641,1.32889639730399,5,568,"SPARCL1;PRSS12;IGF1;DRD1;CHRM1;SCN10A;IL1RAPL2;SYNPO;PLAT;GSG1L;LPAR1;WNT3A;ACTBL2;CBLN1;IL1RAPL1;SLITRK2;CASR;GUCY1A1;LRRK2;KCNJ2;PHF24;ICAM5;HTR2A;NTNG1;GHRL;WNT5A;DLGAP2;ITGB3;GRIK2;CPNE4;CBLN2;SLC17A8;TRIM47;FLRT2;PLPPR4;IL1RAP;SRPX2;THY1;NRP2;GRIN2A;NPTX1;GRID2;TNR;ERBB4;HCN1;ARHGAP22;CNTN1;CALB1;SLC6A17;FLRT3;EPS8;GRIA1;GRM5;GABRR1;ABLIM3;SRGAP2B;SH3KBP1;GRIN3A;GUCY1B1;SYN2;CRTAC1;SHROOM4;ATP2B2;APOE;PRKAR1B;CDH11;PCDH9;P2RY1;LRFN5;ATP2B4;TANC1;GRIN2C;CSMD2;DOCK1;ABTB3;FZD4;SPTBN1;BRINP1;ELMO1;EPHB1;SRGAP2C;PRKN;GRIK4;PTPRO;NLGN3;APBA1;TNIK;VLDLR;PLXNC1;ADGRB2;NRG3;NEDD4;BCAN;SPTB;SRGAP2;VWC2;ADCY8;SH3GL2;CNIH3;C1QL3;RASGRF2;LRRTM3;JAK2;OPHN1;NRP1;SEMA4F;RGS7BP;CDH10;SYN3;PLXNA4;NGEF;NSG2;ELMOD1;PACSIN2;KCND2;ZDHHC2;GPC4;NLGN4Y;ADORA2A;FAAH;EFR3A;PCDH7;CSPG5;CDH6;ITPKA;PPM1H;SEMA3A;ADGRB3;ADORA2B;VPS35;NRXN2;ATP2B3;NPTXR;NRN1;CLSTN3;CTNNB1;ADRA2A;EPHA7;STAT3;S1PR2;USP8;NRXN1;SQSTM1;DLGAP1;SLC30A3;AP2A1;DRP2;CLCN3;CNNM2;TMEM108;ERBIN;PRICKLE1;KIFAP3;PRKAR1A;PPP3CA;EEF2;CALY;LRFN3;ADGRA1;NSG1;NETO2;PLXND1;LRRC4B;LYN;SRCIN1;GRN;SIGMAR1;EHD1;ATP2B1;TENM4;DISC1;ADCY1;USP46;ADAM23;CLSTN2;CDKL5;NXPH1;MYH10;FLNA;BTBD9;DGKE;DIXDC1;PLCB1;PJA2;FARP1;PPFIA2;RABEP1;CALR;DOCK10;SNX6"
"GOCC_BASEMENT_MEMBRANE",0.00197976242850858,0.115206001428912,0.482341853811983,1.55462740624282,8,98,"TGFBI;NID2;LAMA2;LAMA4;COL4A4;EGFL6;ANXA2P2;FREM3;LAMC3;COL9A3;COL8A2;MATN2;EGFLAM;HMCN1;FREM1;CCDC80;FBN1;ADAMTS1;LAMB4;THBS2;TIMP3;NID1;LAMC1;COL28A1;LAMB1;COL17A1;ANXA2;HMCN2;SMOC2;COL5A1;COL2A1;NPNT;ACHE;LAMA1;LAMB2;EFNA5;VWC2;TIMP1;COL18A1;FREM2"
"GOCC_VACUOLAR_LUMEN",0.00203619909502262,0.115206001428912,0.432931227991658,1.48519442602195,8,157,"IFI30;CTSF;OGN;ACAN;CD1E;OMD;C3;NEU4;BPI;LUM;DCN;KERA;BGN;SERPINA3;PRELP;TTR;PDGFRB;CTSS;CUBN;PRKCD;LYZ;NAAA;FMOD;LIPA;VCAN;ANXA2;AGA;DNAJC3;CTSA;BCAN;SDC3;GLB1;CTSD;ATP13A2;TPP1;NSG2;CLN5;GPC4;GNS;AZU1;ARSB;HSPG2;SCARB2;GYG1;CSPG5;GBA1;GPC6;TCN2;FUCA1;CTSK;MAN2B2;CSPG4;CTSB;LAMP2;MAN2B1;CTSC;SGSH;HGSNAT;HEXB;GM2A;SMPD1;NSG1;PSAP"
"GOCC_ENDOPLASMIC_RETICULUM_LUMEN",0.00266472868217054,0.137751229657667,0.377188586099226,1.38839930468973,10,311,"ARSH;FMO1;SPARCL1;GCG;COL19A1;COL23A1;WNT1;ENAM;ARSL;COL6A3;PENK;C3;COL4A4;SERPIND1;COL5A2;LGALS1;GIP;WNT3A;COL14A1;COL9A3;COL8A2;COL10A1;COL6A2;COL3A1;SCG2;SHH;P4HA3;PDGFD;EVA1A;FBN1;COL11A2;GHRL;WNT5A;COL1A2;COL11A1;IGFBP5;THBS1;CP;PROZ;ADAMTS5;IL12A;CD4;PTGS1;ACE2;ADAMTSL1;FSTL1;LAMC1;ARSD;COL28A1;VGF;LAMB1;PCSK9;PTGIS;COL17A1;TRDN;H6PD;APOE;IL23A;VCAN;BCHE;COL5A1;COL2A1;COL9A2;PDGFA;COL12A1;SPP1;CRTAP;DNAJC3;MSLN;APOA4;POGLUT3;LAMB2;P4HA2;MGAT4A;WNT4;CFP;BDNF;CYP2W1;GPX8;F7;TIMP1;CSF1;COL18A1;SIL1;MTTP;STS;CERCAM;ARSJ;SUMF2;APLP2;P4HA1;CANX;ARSB;SUMF1;GPX7;COL1A1;WNT3;COL22A1;NOTUM;FKBP14;SERPINH1;MELTF;P4HB;NUCB1;HSP90B1;FKBP10;FSTL3;CLU;MIA3;F8"
"GOCC_SWR1_COMPLEX",0.00269095425377769,0.137751229657667,0.785907235391177,1.7614239121388,12,15,"EP400P1;ZNHIT1"
"GOCC_SOLID_PHASE_OF_INTERSTITIAL_MATRIX",0.00289136720363486,0.141282715632158,0.717431097730674,1.75980065084125,13,22,"COL5A2;COL14A1;COL9A3;COL8A2;LUM;COL10A1;COL3A1;COL11A2;COL1A2;COL11A1;COL5A1;COL2A1;COL9A2;COL12A1"
"GOCC_DISTAL_AXON",0.00312424897861091,0.146024680522032,0.379402174430943,1.38048270665183,12,273,"NPY;PRSS12;CHRM1;TNN;PENK;ADCY10;ITGA4;SLC18A1;FRMD7;TRPV4;GPER1;CASR;NTSR1;LRRK2;TULP1;OPRD1;SLC18A2;GRIK2;SLC17A8;THY1;CRHR2;TPBG;NTRK2;BOC;MYH14;HCN1;CALB1;FLRT3;EPS8;UNC5C;KCNA1;PDYN;TRPC5;CRTAC1;CPLX4;RASGRF1;ROR1;GRIN1;OPRK1;HAP1;CABP4;TANC1;PRNP;TRPV2;PRKN;SLC2A13;PTPRN;PTPRO;LRRTM1;SLC32A1;NPFF;KCNC2;SLC4A10;GAD1;SLC1A1;TACR3;SHANK2;CALB2;SCN9A;OPHN1;UNC13C;NGEF;NOS1;KCNK2;SLC8A3;AMFR;KCNC4;NDRG2;FGF13;PINK1;ADRA2A;SHTN1;NRXN1;SNCB;CNGB1;FKBP15;CLCN3;ATP6V0D1;ADGRL1;PCDHGB1;EXOC4;COBL;SIGMAR1;DISC1;NEFL;CDKL5;MYH10;FLNA;SLC8A1;KCNC3;SLC18A3;ADORA1;NGFR;KCNA6;CALM1;PTCH1;AAK1;SNCA;FEZ1;SYNJ1;KCNA2;ACTG1;LAMP5;SYAP1;EXOC8;CDK5R2;SIRT2;APP;SYP"
"GOCC_CBM_COMPLEX",0.0049299940840071,0.220822651679485,-0.893970240414712,-1.60842811806475,24,6,"CARD11"
"GOCC_MITOCHONDRIAL_PROTEIN_CONTAINING_COMPLEX",0.00534854697807096,0.224911081665388,-0.422043046187437,-1.43076251027055,29,179,"FXN;ROMO1;IMMP1L;PAM16;MRPL14;CHCHD1;MRPL34;TIMM10;MRPS18C;ISCA2;MRPS21;MRPL52;MRPL18;MRPL33;TIMM8B;MRPL40;TOMM5;AURKAIP1;NDUFAB1;COA1;SMDT1;GRPEL2;PPIF;MRPL51;MRPL46;MRPL41;MRPL16;MRPL11;MICOS10;PDSS1;MRPL21;MRPL39;MRPL22;MRPS11;MRPL24;TIMM50;MRPL32;MRPS24;MRPS34;MRPL13;NDUFAF1;MCUB;TOMM7;TOMM6;MRPS26;BAX;POLG2;MRPL58;GRPEL1;MRPL27;PHB1;MRPS17;MRPL36;MRPL55;TMEM186;MRPL12;PTCD3;MRPS12;MRPS31;POLG;MRPL48;MRPL35;MRPL50;TIMM23B;TRABD;MRPS33;TIMM44;ISCU;CHCHD10;POLRMT;MICOS13;MRPL57;SUPV3L1;MRPL43;TIMM23;MRPL53;MRPL42;HSD17B10;CHCHD6;TIMM13;MRPS15;MRPL54;DNAJC19;ISCA1;SPG7;PMPCB;MRPL2;MRPL44;TIMM9;DNAJC15;MRPL17;TIMM8A;MRPS23;GADD45GIP1;NFS1;MICU2;MRPS9;TIMM17A;MRPL9;PNPT1;MTX2;MRPL4;TIMM21;MRPL20;MRPL10"
"GOCC_PLASMA_MEMBRANE_REGION",0.00543970988213962,0.224911081665388,0.294031146144343,1.18309499177703,17,1240,"SLC6A2;CRYAB;ABCA8;DHRS3;CD38;RHCG;TRPA1;P2RY12;ERBB3;CNGA1;SLC22A8;KCTD12;ITLN1;PTH1R;SLC13A2;TGFBR2;DRD1;AQP7;MS4A4A;FXYD1;CHRM1;SCN10A;ADTRP;CNR2;ABCC2;FGD2;SLC6A7;SLC5A1;SLC9A4;GNAT1;FAP;SLC16A12;PKHD1;LRRC15;GSG1L;LPAR1;SLC6A4;CFAP126;CD34;JCAD;TRPV4;ABCG2;GNAT2;CBLN1;GPER1;SPATA13;CHRNA6;PAPPA2;IL1RAPL1;SLITRK2;PLB1;CASR;ADRA1A;RPH3A;HMCN1;PLEK2;SLC26A7;SLCO1A2;LRRK2;SLC9A2;GPR179;PLD1;CD36;PDE6G;MET;LCP2;NAALADL1;CLCA2;CLMP;CDHR2;MAL;SSPN;TGFBR3;CHRM3;SHISA8;CA12;KCNJ2;DDN;PSD4;GRM7;SKAP1;OPRD1;CYBRD1;HTR3B;SLC4A4;GABRE;SLC5A12;GAD2;CNTN6;NOD2;CYS1;ADGRG2;ICAM5;SLC34A2;HTR2A;NTNG1;SLCO2A1;ADRA1B;CD1D;PLEK;DRD5;PDGFRB;C5AR1;DDR2;SLC2A5;CDHR1;ITGB3;GABRA1;SLC1A7;ATP6V0D2;PLLP;GRIK2;CLDN1;SNCAIP;FLRT2;PLPPR4;TSHR;CHRM2;SLC16A5;RHBG;GPR157;TGFA;CNTN5;ANO1;SRPX2;GLRA2;THY1;SLC7A8;PTPRH;FAIM2;C1QTNF5;FXYD5;CAVIN2;NRP2;GRIN2A;FERMT1;FFAR4;HTR5A;SLC5A7;GRID2;CRB3;ATP1A2;TREM2;SLC24A4;ERBB4;ACE2;CR1;GABRA2;HCN1;SLC1A3;CNTN1;CUBN;IGSF5;SCNN1B;FLRT3;SLC22A3;MLC1;EPS8;GRIA1;RIGI;LRP4;CA4;GRM5;SLC15A2;ASIC2;MAL2;GABRR1;KCNA1;PDZK1;PTGIS;ATP8B1;GRIN3A;SLC6A11;AMN;FGD5;SHROOM4;ATP2B2;ZMYND10;RAB27B;NCAM2;OSMR;GABRA3;ANXA2;GRIN3B;KCNJ3;EHD2;GRIN1;HMCN2;ABCB1;OPRK1;KIF17;TFPI;PLPP3;PCDH9;P2RY1;DLG2;CHRNA2;LRFN5;ATP2B4;GRIN2C;SLC22A5;ADCYAP1R1;SLC40A1;SLC38A3;HEPH;GABRB1;CSMD2;HTR3A;RAB34;SHC4;GABRG2;HAS2;SPTBN1;KRT19;EGFR;HTR1B;SLC26A5;CACNA1C;SLC9B2;PLPP2;NTM;GRIA2;GRIK4;SLC2A13;EPCAM;SLC38A4;SLCO3A1;PTPRO;NLGN3;APBA1;LRRTM1;PTPRJ;VSIG1;SLCO4C1;TNIK;DLC1;CACNA2D3;DMD;BEST2;GLRA3;PDE4D;TBC1D10C;KCNC2;UNC5A;GLRB;SLC4A10;TLN1;RIMS1;SLC22A13;SLITRK3;SLC23A1;SCNN1G;ABCB4;NEDD4;LMO7;SRGAP2;TMEM17;DSTYK;EFNA5;GABBR2;CNTNAP4;IFIT5;CRIPTO;GLRA1;ARHGEF4;VWC2;ADCY8;TIRAP;PRKG2;BBS9;SLC1A1;CNKSR3;SLC6A20;CNIH3;NHS;TACR3;TMEM67;AQP7B;GPR158;CACNA2D2;SLC39A4;SHANK2;GABRA5;MSN;CLDN19;LRRTM3;SPRED1;HCN2;F2RL2;JAK2;NRP1;NHERF2;MTTP;KCNH1;TLR9;ABCB5;SEMA4F;CLIC5;NECTIN3;PTEN;RGS7BP;IL10RA;STIM1;SLC2A9;PIEZO1;CDH10;GABRG3;ROM1;SH3YL1;UNC13C;LDLRAP1;NSG2;PACSIN2;ADGRV1;ITGA9;KCND2;NOS1;ITPK1;NLGN4Y;ADORA2A;AQP4;ADGRE2;SLC17A4;KCND3;SLC43A1;TWF1;ENPP1;ATP7A;CSPG5;EVC;TRPM6;CHRNA4;BBS5;ATP6AP2;KCNK2;CDH17;ADGRB3;SNAP91;SLC8A3;AKAP7;CYP4A11;GJA1;CHRNB3;SSTR3;NRXN3;AQP1;KCNC4;SLC23A2;NOD1;CTSK;CHP1;ICAM2;TTC8;B4GALT1;RHOB;NF2;IQGAP1;NRXN2;SYNE1;ATP2B3;ERC1;CSPG4;RASGRP2;CTSB;RDX;ERBB2;NDE1;DGKB;CLSTN3;SCN3A;LEPR;WASF2;RHOC;CTNNB1;ANK3;ADRA2A;IRS1;SLC9A1;EPHA7;HCK;SPEF1;IQCE;SLC26A2;TMEM231;ATP7B;EHD3;DAGLA;RAB40B;CHRNA9;SLC36A1;NRXN1;SLC27A4;MAGEE1;AP2A1;CNGB1;SPRY4;SLC22A7;NKD2;CAVIN1;KCNB1;SLC5A3;CLCN3;IDE;ATP1B2;LCP1;CNNM2;TMEM108;DNAJC6;ATP6V0A4;ERBIN;ATP1B1"
"GOCC_GABA_ERGIC_SYNAPSE",0.00642588078883226,0.238200753379127,0.442761581443535,1.45834449428027,28,113,"NPY;DRD1;LPAR1;SLITRK2;GUCY1A1;SLC6A1;GABRA1;CNTN5;GLRA2;ERBB4;NPY5R;GABRA2;CALB1;SLC6A17;GABRR1;SH3KBP1;SLC6A11;SHROOM4;ATP2B2;GABRA3;LRFN5;GABRB1;GABRG2;PTPRO;NLGN3;LRRTM1;SLC32A1;CACNA2D3;KCNC2;GLRB;SLC4A10;GAD1;SLITRK3;EFNA5;CACNA2D2;GABRA5;CDH10;GABRG3;KCND2;NLGN4Y;KCND3;CSPG5;ATP2B3;CLSTN3;ADRA2A;NSF;NRXN1;CLCN3"
"GOCC_MYELIN_SHEATH",0.00620347394540943,0.238200753379127,0.574806184868723,1.62828772070932,29,44,"MPZ;PMP2;GJC3;PLP1;ERMN;PMP22;MAG;MAL;PLLP;ANXA2;BCL2;CNP;PRXL2B"
"GOCC_SCHAFFER_COLLATERAL_CA1_SYNAPSE",0.00637923449186098,0.238200753379127,0.461149458177883,1.48632257472896,28,98,"PRSS12;CHRM1;PLAT;GSG1L;NTNG1;GHRL;WNT5A;PLPPR4;TNR;PTN;GRIA1;GRM5;SYN2;PRKAR1B;CDH11;AKAP12;GABRB1;GRIA2;APBA1;ADCY8;SLC1A1;NEFH;KCNK2;ADORA2B;SYN1;RHOB;SYNGR1;CTNNB1;EPHA7;STAT3"
"GOCC_PIGMENT_GRANULE",0.00708905626938414,0.254024516319598,0.444931732041342,1.46349073719566,31,112,"GPNMB;MLANA;TYR;ANXA2P2;TH;BACE2;OCA2;ITGB3;RAB38;RAB27B;APOE;ANXA2;CNP;ANXA6;TRPV2;TYRP1;SND1;CTSD;TPP1;CANX;ATP7A;P4HB;HSP90B1;RAB32;CTSB;SYNGR1;MYH11;TMED10;CTNS;CALU;SYPL1;STOM;SLC1A4;HSPA5;SLC24A5;PPIB;PDIA4;MMP14;CLTC;ATP6V0A1;RPN1;PDIA3;PDIA6;SLC2A1;RAB27A;LAMP1;ITGB1;SEC22B;RAB29;ATP1A1;RAB2A;NAP1L1"
"GOCC_INO80_TYPE_COMPLEX",0.00825082508250825,0.277176155115512,0.62430074954908,1.63201428178304,39,29,"EP400P1;INO80E;NFRKB;ZNHIT1;UCHL5;ACTR8;INO80B"
"GOCC_RIBOSOMAL_SUBUNIT",0.00820549411344988,0.277176155115512,-0.414090268461732,-1.40292730464029,45,178,"TIFAB;RPL3L;RPS29;RPS21;RPL36;RPL39;RPS27;MRPL14;RPS27L;CHCHD1;RPL37A;RPL37;MRPL34;RPL41;RPL36AL;MRPS18C;MRPS21;MRPL52;MRPL18;MRPL33;RPS28;RPL35A;RPL35;MRPL40;RPL36A;AURKAIP1;RPLP2;RPS25;RPS13;RPS26;MRPL51;MRPL46;MRPL41;MRPL16;MRPL11;MRPL21;MRPL39;MRPL22;MRPS11;MRPL24;MRPL32;RPS11;MRPS24;MRPS34;MRPL13;FAU;MRPS26;RPS19;RPS23;RPL34;MRPL58;MRPL27;MRPS17;MRPL36;MRPL55;MRPL12;UBA52;PTCD3;MRPS12;MRPS31;RPS14;RPS17;MRPL48;RPL26L1;MRPL35;RPL24;RPL31;RPL30;MRPL50;RPL8;RPS27A;MRPS33;RPS18;MRPL57;RPL38;MRPL43;RPLP1;MRPL53;MRPL42;MRPS15;MRPL54;RPL27;RBM3;MRPL2;MRPL44;MRPL17;MRPS23;GADD45GIP1;MRPS9;MRPL9;MRPL4;RPS3;MRPL20;RPS7;MRPL10;MRPS5;RPL18A;RPS12;RPL22;RPS16;MRPS6;RPL21;RPS10"
"GOCC_MYOFILAMENT",0.0110486528396976,0.359918236444695,-0.642473784867737,-1.6254591399961,56,26,"MYBPC3;TNNC2;LMOD2;TNNI2;TMOD4;TNNT3;TNNT1"
"GOCC_CELL_SURFACE",0.0134026258205689,0.400217298808655,0.301142486885591,1.18305853467495,48,780,"CFC1B;CORIN;ITGB7;KLRC4-KLRK1;RAET1G;SLC6A2;CRYAB;CD80;SLAMF8;CD38;CLEC5A;P2RY12;CD3E;CCR8;MS4A2;FCRL4;CD1E;AREG;SLITRK6;TGFBR2;COL23A1;WNT1;ADTRP;ABCC2;IL13RA2;ITGAX;TNN;CD8B;PRND;CLEC7A;GFRA3;PDGFRA;IL1RAPL2;C3;AZGP1;CRIPTO3;LPL;FAP;PKHD1;ITGA4;CD27;PLAT;FZD10;LPAR1;WNT3A;CD5;CD300E;CD34;IL1R1;TRPV4;HAVCR2;ABCG2;P2RX7;GHR;SFRP4;LY75;IL1R2;IL1RAPL1;MBL2;ADGRF5;CASR;ADGRG6;SCARA5;CD79B;NTSR1;SHH;FGFR2;CRLF2;CCR9;EGFL8;CD36;PLA2R1;MET;BGN;CLMP;COLEC10;TGFBR3;IL2RB;HSPA2;SLC6A1;HTR3B;SLC4A4;ADAMTS15;STAB2;DNAI2;NOD2;SMIM1;ADGRG2;RSPO2;ITGA6;WNT5A;CD1D;CD84;NDP;LAYN;NT5E;SERPINA5;ITGB3;HFE;MST1R;IL18R1;TYROBP;CD22;FOLH1;TSHR;STRCP1;ACE;CXCL12;TGFA;IL1RAP;SRPX2;THY1;CX3CL1;THBS1;GRIN2A;TPBG;ATP1A2;TNR;CD4;ACE2;CR1;VCAM1;SULF1;ANGPTL3;HCN1;SLC1A3;CUBN;IGSF5;BMP2;ITGB5;BTN3A2;ENG;SCNN1B;GRIA1;LIFR;IL9R;LRP4;CA4;UNC5C;SLIT2;CX3CR1;KCNA1;PCSK9;SIRPB1;CD83;CD109;ACVRL1;FCRLA;PLXNB3;ADGRA2;LGALS3;OSMR;MCAM;ACKR2;ANXA2;KCNJ3;GRIN1;WIF1;ABCB1;CD28;RTP1;CD69;TFPI;P2RY1;CLEC2D;LRFN5;IL13RA1;ADCYAP1R1;CPM;UNC5D;PDGFA;FGF10;GJD3;BTN2A3P;FZD4;EGFR;ACHE;FCER1G;SELL;FCGRT;NOTCH2;PRNP;MSLN;APOA4;TRPV2;ROBO4;GRIA2;EPCAM;C1S;NLGN3;LRRTM1;PTPRJ;RAMP2;SLC32A1;IL6ST;DMD;SLC4A3;WNT4;HLA-B;ACKR3;VASN;CYP2W1;TLN1;MASP1;SLITRK3;PROCR;SCNN1G;LMO7;SPTB;EFNA5;IL11RA;DCBLD2;ADAM9;CRIPTO;GLRA1;TIRAP;SRPX;SLC1A1;CD55;MR1;ITGBL1;SDC3;BCAM;MSN;FCRLB;RAMP1;ITGB8;ASTN1;PRLR;ALCAM;RTBDN"
"GOCC_COMPLEX_OF_COLLAGEN_TRIMERS",0.0130825838103025,0.400217298808655,0.591168833151241,1.58648763622623,63,33,"COL6A3;COL4A4;COL5A2;COL14A1;COL9A3;COL6A6;COL8A2;LUM;COL10A1;COL6A2;COL3A1;COL11A2;COL1A2;COL11A1;COL5A1;COL2A1;COL9A2;COL12A1"
"GOCC_ORGANELLAR_RIBOSOME",0.0131159827618512,0.400217298808655,-0.476346479362062,-1.47314167254948,69,84,"MRPL14;CHCHD1;MRPL34;MRPS18C;MRPS21;MRPL52;MRPL18;MRPL33;MRPL40;AURKAIP1;MRPL51;MRPL46;MRPL41;MRPL16;MRPL11;MRPL21;MRPL39;MRPL22;MRPS11;MRPL24;MRPL32;MRPS24;MRPS34;MRPL13;MRPS26;MRPL58;MRPL27;MRPS17;MRPL36;MRPL55;MRPL12;PTCD3;MRPS12;MRPS31;MRPL48;MRPL35;MRPL50;MRPS33;MRPL57;MRPL43;MRPL53;MRPL42;MRPS15;MRPL54;MRPL2;MRPL44;MRPL17;MRPS23;GADD45GIP1;MRPS9;MRPL9;MRPL4;MRPL20;MRPL10;MTG1;MRPS5;MRPS6"
"GOCC_TERMINAL_BOUTON",0.0156895127993394,0.455843952953779,0.537689703242682,1.53528584085958,75,46,"NPY;PRSS12;TNN;SLC18A1;NTSR1;LRRK2;SLC18A2;GRIK2;NTRK2;CALB1;CPLX4;GRIN1;CABP4;PRNP;PRKN;KCNC2;CALB2;OPHN1;UNC13C"
"GOCC_CYTOPLASMIC_MICROTUBULE",0.0175049855971637,0.472368693134822,0.417358507044157,1.37702671905127,78,115,"CFAP107;TEKT4;MNS1;CFAP52;CFAP95;EFHB;TEKT1;CFAP126;GRAMD2B;TRPV4;CFAP161;CFAP45;CLMP;TOGARAM2;CFAP144;PACRG;CFAP90;ARHGAP18;TEKT3;SPAG8;CYP2A6;CFAP141;TEKTIP1;ENKUR;SYBU;EFHC2"
"GOCC_DENDRITE_MEMBRANE",0.0175765095119934,0.472368693134822,0.54291993571035,1.53796164327521,84,44,"GPER1;SHISA8;DDN;OPRD1;GABRE;ICAM5;GABRA1;THY1;GABRA2;HCN1;GRIA1;ATP2B2;GABRA3;GABRG2;KCNC2;TACR3;GABRA5;HCN2;GABRG3;ATP6AP2;KCNC4;DAGLA;KCNB1"
"GOCC_FIBRILLAR_COLLAGEN_TRIMER",0.0171638741315897,0.472368693134822,0.74912516871253,1.60094146182303,83,12,"COL5A2;LUM;COL3A1;COL11A2;COL1A2;COL11A1;COL5A1;COL2A1"
"GOCC_STRIATED_MUSCLE_THIN_FILAMENT",0.0182170542635659,0.477642276422764,-0.65203624370563,-1.5943451624111,93,22,"TNNC2;LMOD2;TNNI2;TMOD4;TNNT3;TNNT1;TNNT2"
"GOCC_MITOCHONDRIAL_LARGE_RIBOSOMAL_SUBUNIT",0.0192015209125475,0.480038022813688,-0.518878956858991,-1.4903152010759,100,52,"MRPL14;MRPL34;MRPL52;MRPL18;MRPL33;MRPL40;MRPL51;MRPL46;MRPL41;MRPL16;MRPL11;MRPL21;MRPL39;MRPL22;MRPL24;MRPL32;MRPL13;MRPL58;MRPL27;MRPL36;MRPL55;MRPL12;MRPL48;MRPL35;MRPL50;MRPL57;MRPL43;MRPL53;MRPL42;MRPL54;MRPL2;MRPL44;MRPL17;GADD45GIP1;MRPL9;MRPL4;MRPL20;MRPL10"
"GOCC_PHOTORECEPTOR_OUTER_SEGMENT",0.0188719708342269,0.480038022813688,0.445495757739896,1.40491991053986,87,83,"CNGB3;OPN1MW;DHRS3;CNGA1;USH1C;ATP1A4;GNAT1;GNAT2;PDE6G;RP1;TULP1;PRPH2;INHA;RCVRN;CDHR1;PCARE;SLC24A4;PTGS1;ABCA4;VCAN;GRK1;KIF17;GUCY2F"
"GOCC_AXONEMAL_DOUBLET_MICROTUBULE",0.021505376344086,0.508626370841008,0.534514488300934,1.5141510316915,103,44,"CFAP107;TEKT4;MNS1;CFAP52;CFAP95;EFHB;TEKT1;CFAP126;CFAP73;CFAP161;CFAP45;CFAP144;PACRG;CFAP90;TEKT3;SPAG8;CFAP141;TEKTIP1;ENKUR;EFHC2"
"GOCC_CELL_SUBSTRATE_JUNCTION",0.0211510083620266,0.508626370841008,0.324087047233689,1.22079106007922,85,411,"ITGB7;ARHGAP31;SNTB1;STARD8;PARVG;FAP;ITGA4;SLC6A4;TRPV4;PGM5;DAB2;HMCN1;ARPC1B;TNS2;FLRT1;SYNPO2;ITGA6;PDGFRB;PARVB;DDR2;LAYN;ITGB3;TNS3;FLRT2;NRAP;AHNAK;THY1;FERMT1;ARHGAP22;ITGB5;ENG;FLRT3;CASS4;ARHGAP24;VIM;GSN;SH3KBP1;COL17A1;MCAM;JAK1;AKAP12;EGFR;ANXA6;LIMS2;PARVA;DLC1;CD99;DMD;PPFIBP1;TLN1;RND3;PROCR;LMO7;TLN2;ADAM9;CDC42EP1;NHS;ITGBL1;ARHGAP26;MSN;PHLDB2;FBLIM1;ITGB8;NRP1;ALCAM;NHERF2;TGFB1I1;PRAG1;PDLIM2;SHC1;PTPRC;ITGA8;PACSIN2;HSPG2;TES;TWF1;SCARB2;EPB41L2;SCARF2;PEAK3;GJA1;CHP1;PLEC;P4HB;RHOB;CD59;IQGAP1;HSP90B1;CSPG4;RDX;FZD1;CTNNB1;SLC9A1;HCK;THSD1;NPHS1;EHD3;CPNE3;SPRY4;PVR;PIK3R2;GIT2;LCP1;FLNB;ERBIN;RPS4X;HYOU1;HSPA5;CD99L2;PPIB;TNS1;ITGA2B;CAT;NEDD9;MRC2;HSPA1A;SRCIN1;ADAM17;VCL;MMP14;CLTC;RPL4;SORBS3;TGM2;FLNA;LIMD1;DIXDC1;LRP1;AIF1L;PABPC1;AMBRA1;PPP1CB;CNN2;PPP1R12A;RPL7;PRKAR2A;PDIA3;CALR"
"GOCC_MYOSIN_FILAMENT",0.0217644772638943,0.508626370841008,-0.627459865252715,-1.56498685818062,111,24,"MYBPC3;MYBPH;MYH13;MYH8;MYH6;MYH2;MYH1;MYH4;MYBPC1"
"GOCC_NEURON_TO_NEURON_SYNAPSE",0.0251851851851852,0.564043209876543,0.32481993248789,1.21950706403932,101,400,"CHRM1;CALCA;PENK;SYNPO;GSG1L;GPER1;NTSR1;OPCML;SHISA8;GRM7;OPRD1;DLGAP2;GRIK2;INSYN2A;PLPPR4;GRIN2A;NTRK2;GRID2;ERBB4;CALB1;EPS8;GRIA1;LRP4;GRM5;ASIC2;PDYN;ADD3;SH3KBP1;GRIN3A;SYN2;CRTAC1;ATP2B2;RAPGEF4;GRIN3B;GRIN1;PRKAR1B;P2RY1;DLG2;LRFN5;TANC1;GRIN2C;CSMD2;SPTBN1;CACNA1C;PRNP;NTM;PRKN;GRIA2;GRIK4;PTPRO;NLGN3;TNIK;CAMK2D;PLXNC1;SLITRK3;SRGAP2;NEGR1;ADCY8;SLC1A1;CAMK2A;GPR158;SHANK2;NEFH;C1QL3;LRRTM3;SPOCK1;KCNH1;SEMA4F;NECTIN3;PTEN;RGS7BP;PRICKLE2;SYN3;ABLIM1;ZDHHC15;PLXNA4;NSG2;ZDHHC2;NOS1;NLGN4Y;ADORA2A;SYT9;ATP7A;KCNK2;ADGRB3;SLC8A3;AKAP7;SYN1;VPS35;CLSTN3;CTNNB1;ADRA2A;EPHA7;STAT3;DAGLA;USP8;DLGAP1;SLC30A3;SIPA1L1;DRP2;ATP1B2;TMEM108;DNAJC6;GRIA4;GOPC;PRICKLE1;ADAM22;CTNND2;CAMK2B;IGSF21;LRFN3;ADGRA1;NETO2;DTNB;MAGI2;ARHGEF9;LRRC4B;SRCIN1;GRN;SIGMAR1;MPDZ;DISC1;ADCY1;DNM3;CLSTN2;BMPR2;NAPEPLD;SLC8A1;BACE1;LRFN2;PJA2;GRIN2B;AKAP5;ADORA1;RPL7;PPFIA2;NGFR;SH2D5;PAK6;PPP1R9A;SHANK3"
"GOCC_SYNAPTIC_VESICLE_MEMBRANE",0.0250281848928974,0.564043209876543,0.391621293154978,1.32177442465966,110,140,"SLC6A2;SLC35D3;SLC18A1;RPH3A;LRRK2;SV2B;OPRD1;SLC18A2;PHF24;SLC17A8;MCTP2;SLC5A7;SLC35F1;GABRA2;SLC6A17;GRIA1;SYT2;SYN2;RAB27B;OPRK1;SV2C;SLC9B2;PRKN;DYSF;SLC32A1;SYN3;SLC18B1;UNC13C;SYT9;SYT13;ATP6AP2;RAB3B;SYN1;SYNGR1;FER1L5;ATP6AP1;WFS1;SLC30A3;ATP6V1C1;CLCN3;AMPH;PTPRN2;ATP6V0A4;SYPL1;SLC35G2;ATP6V0D1"
"GOCC_POSTSYNAPTIC_DENSITY_MEMBRANE",0.0267535971223022,0.586941161356629,0.401189565595778,1.33352557464488,118,123,"CHRM1;GSG1L;OPRD1;GRIK2;PLPPR4;GRIN2A;GRID2;ERBB4;GRIA1;GRM5;ASIC2;GRIN3A;ATP2B2;GRIN3B;GRIN1;DLG2;LRFN5;GRIN2C;CSMD2;CACNA1C;NTM;GRIA2;GRIK4;PTPRO;SLITRK3;GPR158;LRRTM3;KCNH1;SEMA4F;NECTIN3;RGS7BP;NSG2;NLGN4Y;KCNK2;ADGRB3;CLSTN3;ADRA2A;EPHA7;DAGLA;TMEM108;GRIA4;ADAM22;IGSF21;LRFN3;NETO2;LRRC4B;SIGMAR1;ADCY1;CLSTN2;LRFN2;GRIN2B"
"GOCC_CHITOSOME",0.0276916718330234,0.595370944410002,0.622873441716995,1.54229332296646,133,23,"GPNMB;MLANA;TYR;TH;BACE2;OCA2;RAB38;TYRP1;CANX;ATP7A;RAB32;CTNS"
"GOCC_9PLUS0_NON_MOTILE_CILIUM",0.0289274588340009,0.609745455814725,0.390997713318378,1.31376990112779,129,133,"CNGB3;OPN1MW;DHRS3;CNGA1;GALR3;USH1C;DRD1;ATP1A4;GNAT1;PKHD1;USH1G;GNAT2;PDE6G;RP1;TULP1;PRPH2;RAB37;INHA;RCVRN;DRD5;CDHR1;PCARE;SLC24A4;PTGS1;NPY5R;ABCA4;VCAN;GRK1;KIF17;GUCY2F"
"GOCC_LARGE_RIBOSOMAL_SUBUNIT",0.0300875273522976,0.622001767379229,-0.421910242023127,-1.35259873341147,164,109,"TIFAB;RPL3L;RPL36;RPL39;MRPL14;RPL37A;RPL37;MRPL34;RPL41;RPL36AL;MRPL52;MRPL18;MRPL33;RPL35A;RPL35;MRPL40;RPL36A;RPLP2;MRPL51;MRPL46;MRPL41;MRPL16;MRPL11;MRPL21;MRPL39;MRPL22;MRPL24;MRPL32;MRPL13;RPL34;MRPL58;MRPL27;MRPL36;MRPL55;MRPL12;UBA52;MRPL48;RPL26L1;MRPL35;RPL24;RPL31;RPL30;MRPL50;RPL8;MRPL57;RPL38;MRPL43;RPLP1;MRPL53;MRPL42;MRPL54;RPL27;RBM3;MRPL2;MRPL44;MRPL17"
"GOCC_COLLAGEN_TRIMER",0.0332903780068729,0.639223315225371,0.435160863967314,1.36200552044516,154,79,"COL19A1;COL23A1;CCBE1;COL6A3;COL4A4;COL5A2;COL14A1;COL9A3;COL6A6;COL8A2;LUM;COL10A1;MBL2;COL6A2;COL3A1;CTHRC1;COLEC10;COLEC12;COL11A2;COL1A2;COL11A1;C1QTNF5;C1QTNF7;COL28A1;C1QTNF6;COL17A1;LOX;COL5A1;COL2A1;COL9A2;COL12A1"
"GOCC_INTERLEUKIN_1_RECEPTOR_COMPLEX",0.033274266587911,0.639223315225371,0.887893995739611,1.46916426925767,168,4,"IL1R1;IL1R2;IL1A;IL1RAP"
"GOCC_PHOSPHOLIPID_TRANSLOCATING_ATPASE_COMPLEX",0.0332990750256937,0.639223315225371,0.694734210564245,1.53765056016631,161,14,"TMEM30B;ATP10B;ATP10D;ATP10A;ATP8B1;ATP8A2;ATP8B4;ATP8B3"
"GOCC_PROTEIN_COMPLEX_INVOLVED_IN_CELL_MATRIX_ADHESION",0.0332363938512671,0.639223315225371,0.662870004410085,1.52843940705164,159,17,"LAMA2;TNN;TNXB;TNR;NID1;LAMC1;LAMB1;LAMA1;LAMB2;EMILIN1"
"GOCC_TRANSCRIPTION_REGULATOR_COMPLEX",0.0340850845720144,0.642832735349394,0.307148190711428,1.17310608568554,132,514,"CDX2;ALX4;NR1H4;SPI1;POU2F3;TLE2;SKOR2;HOXA9;RARG;HOXB13;MYOD1;TCF21;BATF2;ASCL4;MSX2;SOX17;NFATC2;GTF2A1L;RUNX3;HOXB9;KLF4;MSX1;EPAS1;TBX2;MYOG;GSC;RARB;SIX2;TBX15;RXRG;TBX18;TAF1L;ALX1;AHR;TBX5;CHD5;HOXA10;GATA6;LDB2;FOXF2;GATA1;NR4A2;PITX1;MAF;SMAD9;HIF3A;SMAD6;WWTR1;GATA4;SOX9;SOX8;CCND1;SIX6;HEY2;STAT6;MAFB;HLF;GATA2;JAZF1;FOXP1;THRB;ANXA2;ASCL5"
"GOCC_RECEPTOR_COMPLEX",0.0354574758244483,0.657185974332447,0.314000224222067,1.18524623872832,142,423,"ITGB7;NR3C2;CMKLR1;NR1H4;CD3E;ERBB3;KCTD12;ITLN1;PTH1R;TGFBR2;CXCL8;DRD1;GPRC5A;TLR10;IL13RA2;ITGAX;CD8B;GFRA3;PDGFRA;ITPR3;TIE1;ITGA4;IL1R1;GHR;IL1R2;CHRNA6;IL33;CD79B;FGFR2;CRLF2;TNFRSF11B;CD36;PLA2R1;MET;TGFBR3;SHISA8;IL2RB;PTPRB;GRM7;TRIL;SKAP1;AHR;HTR3B;CALCR;GABRE;IL1A;VIPR1;HTR2A;ITGA6;PDGFRB;DDR2;GPBAR1;ITGB3;HFE;GABRA1;GRIK2;MST1R;IL18R1;TSHR;IL1RAP;NRP2;GRIN2A;NTRK2;GRID2;IL12A;TREM2;CD4;ERBB4;GABRA2;CUBN;BMP2;ITGB5;GP5;ENG;PLXDC1;EPS8;GRIA1;LIFR;GPR20;BIRC3;GABRR1;ROR2;OLFM3;ACVRL1;GRIN3A;CMKLR2;AMN;PLXNB3;RET;ROR1;OSMR;GABRA3;IL23A;GRIN3B;GRIN1;IL10RB;JAK1;CHRNA2;IL13RA1;GRIN2C;ADCYAP1R1;CR1L;ALK;GABRB1;HTR3A;GABRG2;EGFR;HTR1B;IFNLR1;HTR2B;NOTCH2;IL20RA;GRIA2;GRIK4;RAMP2;IL6ST;VLDLR;PLXNC1;MTNR1A;EMILIN1;GABBR2;IL11RA;VWC2;CNIH3;ITGBL1;GABRA5;CSF1;RAMP1;JAK2;ITGB8;PRLR;NRP1;ALCAM;MTTP;IL10RA;GABRG3;ITGA8;TGFB2;CD6;PLXNA4;ADGRV1;ITGA9"
"GOCC_POSTSYNAPTIC_SPECIALIZATION_MEMBRANE",0.036379968560521,0.662855359365425,0.378516048389059,1.29173418332013,161,151,"CHRM1;GSG1L;OPRD1;GABRA1;GRIK2;PLPPR4;GLRA2;GRIN2A;HTR5A;GRID2;ERBB4;GABRA2;GRIA1;GRM5;ASIC2;GRIN3A;ATP2B2;GABRA3;GRIN3B;GRIN1;DLG2;LRFN5;GRIN2C;GABRB1;CSMD2;GABRG2;CACNA1C;NTM;GRIA2;GRIK4;PTPRO;LRRTM1;SLITRK3;GPR158;GABRA5;LRRTM3;KCNH1;SEMA4F;NECTIN3;RGS7BP;CDH10;NSG2;KCND2;NLGN4Y;KCND3;KCNK2;ADGRB3;CLSTN3;ADRA2A;EPHA7;DAGLA;CHRNA9;KCNB1;TMEM108;GRIA4;ADAM22;IGSF21;LRFN3;NETO2;LRRC4B;SIGMAR1;ADCY1;CLSTN2"
"GOCC_PHAGOCYTIC_VESICLE_LUMEN",0.0372253864930838,0.666954841334418,-0.917322723342675,-1.42917136389853,182,3,"LTF"
"GOCC_MUSCLE_MYOSIN_COMPLEX",0.0390640108296268,0.688423141669652,-0.67259275176728,-1.504854795674,201,15,"MYL1;MYL11;MYH13;MYH8;MYH6;MYH2;MYH1;MYH4"
"GOCC_DENDRITIC_SHAFT",0.0409090909090909,0.709310850439883,0.50552837013839,1.4210415340503,197,42,"LPAR1;GPER1;NTSR1;GRM7;HTR2A;HCN1;GRIA1;GRM5;SEZ6;NEGR1;SLC1A1;CNIH3;HCN2;RGS7BP;KIRREL1"
"GOCC_A_BAND",0.0445005829770696,0.716481768145855,-0.522415227617659,-1.4285733060533,228,40,"MYBPC3;LMOD2;MYBPH;UNC45B;ATP2A1;MYH1;MYL7;MYBPC1;MYL4;SMTNL1;MYOM3"
"GOCC_BASAL_PART_OF_CELL",0.0476997578692494,0.716481768145855,0.328383130494959,1.20184372983911,196,294,"ABCA8;CD38;RHCG;ERBB3;SLC22A8;PTH1R;AQP7;SLC9A4;FAP;SLC16A12;ADCY10;CD34;CASR;SLC26A7;SLCO1A2;SLC9A2;MET;CLCA2;TGFBR3;CHRM3;CA12;CLDN11;SLC4A4;NOD2;SLCO2A1;CD1D;C5AR1;HFE;CLDN1;TSHR;SLC16A5;RHBG;TGFA;SLC7A8;FXYD5;CLRN1;ERBB4;HCN1;SLC1A3;SLC22A3;MLC1;CA4;SHROOM4;ATP2B2;ANXA2;PLPP3;P2RY1;DLG2;ATP2B4;SLC22A5;SLC40A1;SLC38A3;HEPH;EGFR;SLC26A5;SLC9B2;EPCAM;SLCO3A1;VSIG1;SLCO4C1;BEST2;KCNC2;SLC4A10;SLC23A1;DSTYK;ADCY8;AQP7B;PRCP;MSN;PHLDB2;CLDN19;MTTP;TLR9;SLC2A9;LDLRAP1;ITGA9;AQP4;ENPP1;ATP7A;CDH17;AQP1;SLC23A2;NOD1;CHP1;B4GALT1;IQGAP1;ERBB2;SCN3A;LEPR;WASF2;CTNNB1;ANK3;ADRA2A;SLC9A1;SPEF1;ATP7B;AP2A1;SLC22A7;NKD2;SLC5A3;IDE;CNNM2;ATP6V0A4;ERBIN;ATP1B1"
"GOCC_CLOCK_BMAL_TRANSCRIPTION_COMPLEX",0.0438262957774665,0.716481768145855,-0.839196140681887,-1.44815916979692,218,5,"PASD1"
"GOCC_COLLAGEN_TYPE_XI_TRIMER",0.0471528471528472,0.716481768145855,0.847414789139226,1.46005365918609,235,5,"COL5A2;COL11A2;COL11A1;COL5A1;COL2A1"
"GOCC_ENDOCYTIC_VESICLE_LUMEN",0.0479876160990712,0.716481768145855,-0.626220590192215,-1.47852500147495,247,19,"LTF;CSF3;HBB;HP;HBA1"
"GOCC_PHOTORECEPTOR_CELL_CILIUM",0.0429393536963258,0.716481768145855,0.396884266426854,1.29934073980001,193,109,"CNGB3;OPN1MW;DHRS3;CNGA1;USH1C;ATP1A4;GNAT1;USH1G;GNAT2;PDE6G;RP1;TULP1;PRPH2;RAB37;INHA;RCVRN;CDHR1;PCARE;SLC24A4;PTGS1;ABCA4;VCAN;GRK1;KIF17;GUCY2F"
"GOCC_PROTEIN_COMPLEX_INVOLVED_IN_CELL_ADHESION",0.0442757748260595,0.716481768145855,0.474406425770032,1.38895681074596,209,53,"ITGB7;CD80;LAMA2;ITGAX;TNN;LGALS1;ITGA4;TNXB;ITGA6;ITGB3;TNR;NID1;ITGB5;LAMC1;LAMB1;CD28;LAMA1;LAMB2;EMILIN1;ITGBL1;ITGB8;ITGA8;ITGA9"
"GOCC_U2_TYPE_PRECATALYTIC_SPLICEOSOME",0.0464135021097046,0.716481768145855,-0.489619040941145,-1.39502868591455,241,50,"SNRPE;SNRPG;LSM6;SNRPD1;SNRPF;LSM7;SNRPA1;SNRPB;TXNL4A;LSM4;SNRPD2;PHF5A;SF3A2;SNIP1;LSM3;LSM2;SART1;LSM5;SNRPB2;PRPF3;SF3B4;DHX16;SF3B5;SF3A1;ZMAT2;BUD13"
"GOCC_U4_U6_SNRNP",0.0451113262342691,0.716481768145855,-0.617587297949214,-1.47666478838161,232,20,"SNRPE;SNRPG;LSM6;SNRPD1;SNRPF;LSM7;SNRPB;PPIH;LSM4;SNRPD2;LSM3;LSM2;LSM5;PRPF3"
"GOCC_ZONA_PELLUCIDA_RECEPTOR_COMPLEX",0.0478817733990148,0.716481768145855,-0.782375387175289,-1.45128509252252,242,7,"ZPBP2"
"GOCC_MYOSIN_II_COMPLEX",0.0492343477418104,0.72502635373214,-0.565502915389926,-1.44072748282494,253,27,"MYL1;MYL11;MYH13;MYH8;MYH6;MYH2;MYH1;MYH4;MYL4"
"GOCC_CATALYTIC_STEP_1_SPLICEOSOME",0.0500187336080929,0.726623494982431,-0.453649092570423,-1.35739080788848,266,67,"SNRPE;SNRPG;SNRPD1;KIN;SNRPF;MAGOH;SNRPA1;SNRPB;SLU7;RBM8A;SNRPD2;PHF5A;SF3A2;SNIP1;PRKRIP1;SF3B6;DHX38;SNRPB2;SYF2;PPWD1;FAM32A;BCAS2;PSME3IP1;SF3B4;DHX16;SNRNP40;YJU2;SF3B5;SF3A1;BUD13;CWC25;PLRG1;PPIL1;SF3A3;FRG1;CACTIN;CWC15;ISY1;CASC3;PPIL2;RBMX2"
"GOCC_AXONEMAL_B_TUBULE_INNER_SHEATH",0.0554073466037349,0.730969735288153,0.707259904616562,1.47355053157729,269,11,"CFAP52;CFAP126;CFAP45;CFAP144;PACRG;CFAP90;ENKUR"
"GOCC_AXONEMAL_MICROTUBULE",0.0536164844407065,0.730969735288153,0.471712064597721,1.37201005077928,254,51,"CFAP107;TEKT4;MNS1;CFAP52;CFAP95;EFHB;TEKT1;CFAP126;CFAP161;CFAP45;CFAP144;PACRG;CFAP90;TEKT3;SPAG8;CFAP141;TEKTIP1;ENKUR;EFHC2"
"GOCC_CELL_BODY_MEMBRANE",0.0576609616951915,0.730969735288153,0.529258311868588,1.40634345786368,282,31,"SLC6A2;P2RY12;PIEZO2;FLRT1;CD22;THY1;GRIA1;CX3CR1;KCNC2;UNC5A;ADCY8;TACR3;GABRA5;KCND2;KCNC4;KCNB1;ATP1B2"
"GOCC_CILIUM",0.0559517279210093,0.730969735288153,0.285523435850677,1.12295752590741,203,791,"CNGB3;CFAP107;OPN1MW;HOATZ;TEKT4;CIMIP1;DHRS3;CEP295NL;CNGA1;GALR3;CFAP99;IRGC;USH1C;DRD1;SPACA5B;MNS1;ATP1A4;CFAP52;ROPN1B;GARIN2;CFAP95;PDGFRA;GNAT1;EFHB;PKHD1;ADCY10;TEKT1;SLC9B1;TBX3;CFAP126;USH1G;TRPV4;GNAT2;STOML3;SPAG17;CFAP73;DRC1;CFAP161;CFAP45;DRC7;PDE6G;OXCT2;DNAH3;TOGARAM2;CBY3;RP1;CFAP47;CFAP144;IQUB;PGAM4;TTC29;TULP1;DLEC1;PRPH2;CALCR;RAB37;DNAI3;DNAI7;DNAI2;ADGB;WDR49;INHA;CYS1;CATSPERD;RCVRN;CIMIP5;RAB6C;DRD5;CDHR1;PACRG;TACR2;PCARE;GPR83;CFAP90;SLC26A8;STRCP1;GPR157;CIMAP3;KIF27;SMAD6;FFAR4;OAZ3;CFAP61;TUBA4A;SLC24A4;TEKT3;SPAG8;PTGS1;ACE2;NPY5R;RSPH1;DNAJB13;TSGA10;TTLL13;ADCY5;ALPK1;CFAP74;DNAI4;CFAP141;RILP;ABCA4;TEKTIP1;ROPN1;DYNLT4;VCAN;GRK1;PRKAR1B;PRKCA;DNAI1;ENKUR;KIF17;P2RY1;CABS1;RAB6D;ATP2B4;CPLANE2;GUCY2F;CFAP44;PRKACB;CFAP221;EFHC2;RAB34;CFAP43;TBC1D30;NOTCH2;SLC9B2;DAW1;DCDC2;TTLL9;RIBC1;FANK1;CCDC170;CCDC39;TTC23;BEST2;CFAP65;DNAH9;AK9;C11orf42;AKAP14;TMEM17;NME9;RSPH4A;EFCAB6;PIP4K2A;GLI1;BBS9;TACR3;TMEM67;SHANK2;ERICH3;CFAP69;CEP126;LRRC46;CFAP53;CLXN;PEX6;KCNF1;CFAP46;DNAH11;LRRC23;ROM1;MORN5;LRRC56;HTR6;ELMOD1;DNAH5;LZTFL1;TMEM262;SMAD3;TUB;EVC;SCLT1;CC2D2A;BBS5;BBOF1;TTLL4;RSPH10B2;IFT70A;CCDC81;IFT122;HYDIN;SSTR3;AGBL4;RSPH3;TTC8;NECAB1;IFT70B;DNAAF11;ERC1;ABHD2;DNAH7;MACIR;SPEF1;CFAP184;IQCE;TMEM231;AHI1;EHD3;GSTM3;DYDC2;CD52;IFT56;CFAP96;CFAP70;SQSTM1;NEK5;CDH23;CNGB1"
"GOCC_CONTRACTILE_MUSCLE_FIBER",0.0571774054240802,0.730969735288153,-0.346032090882037,-1.21716920975802,330,249,"MYBPC3;TNNC2;RYR1;TRIM54;HRC;LMOD2;MYBPH;TNNI2;MYL1;ANKRD2;AKAP4;MYL11;UNC45B;ABCC9;MYH13;ACTC1;ATP2A1;MYH8;MYH6;MYH2;C10orf71;CSRP3;CAV3;MYH1;MYL7;ANKRD1;MYH4;LDB3;DES;ITGB1BP2;MYBPC1;TMOD4;CASQ2;JPH2;MYL4;TNNT3;SMTNL1;TNNT1;MYOM3;KCNN1"
"GOCC_DEUTEROSOME",0.0577976069762726,0.730969735288153,0.804918652760103,1.43967447264153,284,6,"CDC20B;PLK4"
"GOCC_DYNEIN_AXONEMAL_PARTICLE",0.0568534215422783,0.730969735288153,0.606948219348584,1.45713912789874,274,20,"DNAI2;DNAAF8;DNAI4;ZMYND10;DNAI1;NME9;DNAAF4;DNAAF3;DNAAF11;SPAG1"
"GOCC_INTRACELLULAR_CYCLIC_NUCLEOTIDE_ACTIVATED_CATION_CHANNEL_COMPLEX",0.0521478521478521,0.730969735288153,0.842402887156382,1.45141840060515,260,5,"CNGB3;CNGA1;CNGB1"
"GOCC_PHOTORECEPTOR_OUTER_SEGMENT_MEMBRANE",0.0520041109969167,0.730969735288153,0.669764592367851,1.48238547198872,252,14,"DHRS3;CNGA1;GNAT1;GNAT2;PDE6G;CDHR1"
"GOCC_POSTSYNAPTIC_SPECIALIZATION",0.0530801071341612,0.730969735288153,0.31320691463335,1.17393128546835,217,384,"CHRM1;SYNPO;GSG1L;GPER1;OPCML;SHISA8;OPRD1;DLGAP2;GABRA1;GRIK2;INSYN2A;PLPPR4;GLRA2;GRIN2A;HTR5A;NTRK2;GRID2;ERBB4;GABRA2;EPS8;GRIA1;LRP4;GRM5;ASIC2;ADD3;SH3KBP1;GRIN3A;SYN2;CRTAC1;ATP2B2;GABRA3;GRIN3B;GRIN1;P2RY1;DLG2;LRFN5;TANC1;GRIN2C;GABRB1;CSMD2;GABRG2;SPTBN1;CACNA1C;PRNP;NTM;PRKN;GRIA2;GRIK4;PTPRO;LRRTM1;TNIK;CAMK2D;GLRB;SLITRK3;SRGAP2;NEGR1;ADCY8;CAMK2A;GPR158;SHANK2;NEFH;GABRA5;LRRTM3;SPOCK1;KCNH1;SEMA4F;NECTIN3;PTEN;RGS7BP;PRICKLE2;CDH10;SYN3;ABLIM1;ZDHHC15;NSG2;KCND2;ZDHHC2;NOS1;NLGN4Y;KCND3;ATP7A;KCNK2;ADGRB3;SLC8A3;SYN1;VPS35;CLSTN3;CTNNB1;ADRA2A;EPHA7;STAT3;DAGLA;NSF;CHRNA9;USP8;DLGAP1;SIPA1L1;DRP2;KCNB1;TMEM108;DNAJC6;ERBIN;GRIA4;GOPC;PRICKLE1;ADAM22;CTNND2;CAMK2B;IGSF21;LRFN3;ADGRA1;NETO2;DTNB;MAGI2;ARHGEF9;LRRC4B;LYN;SRCIN1;SIGMAR1;MPDZ;DISC1;ADCY1;DNM3;LHFPL4;CLSTN2;BMPR2;SLC8A1;LRFN2;PJA2;GRIN2B;AKAP5;RPL7;PPFIA2;NGFR;SH2D5;PAK6;PPP1R9A;SHANK3"
"GOCC_SODIUM_CHANNEL_COMPLEX",0.0557275541795666,0.730969735288153,0.54753563749757,1.41807654391863,269,28,"SCN10A;SCN1A;SCN4B;NALCN;GRIK2;SCN2B;SCNN1B;SCN2A;SCN7A;GRIK4;UNC80;SCNN1G;SCN9A"
"GOCC_CORTICAL_GRANULE",0.0604362617570542,0.755453271963178,-0.823137952492853,-1.42044835065829,301,5,"PADI6;ASTL"
"GOCC_PERIKARYON",0.0612244897959184,0.756509500351865,0.362906883372138,1.23743337121191,272,149,"NPY;CRYAB;CNR2;PENK;SYNPO;TH;NTSR1;LRRK2;DDN;CRH;RCVRN;GRIK2;SLC17A8;TRPM2;HTR5A;SLC5A7;TMEM266;LYPD6;KCNA1;EPM2A;OPRK1;DLG2;CACNA1C;PTPRN;CPNE5;GLRA3;NPFF;KCNC2;SLC4A10;ASS1;GLRA1;SLC1A1;ASTN2;ASTN1;KCNH1;SEMA4F;RGS7BP"
"GOCC_BASOLATERAL_PLASMA_MEMBRANE",0.0676727186984202,0.757793464591684,0.330882510924518,1.19321513109591,286,246,"ABCA8;CD38;RHCG;ERBB3;SLC22A8;PTH1R;AQP7;SLC9A4;SLC16A12;CASR;SLC26A7;SLCO1A2;SLC9A2;TGFBR3;CHRM3;CA12;SLC4A4;NOD2;SLCO2A1;CD1D;C5AR1;CLDN1;TSHR;SLC16A5;RHBG;TGFA;SLC7A8;FXYD5;ERBB4;HCN1;SLC22A3;MLC1;CA4;ATP2B2;ANXA2;PLPP3;P2RY1;DLG2;ATP2B4;SLC40A1;SLC38A3;HEPH;EGFR;SLC26A5;SLC9B2;EPCAM;SLCO3A1;VSIG1;SLCO4C1;BEST2;KCNC2;SLC4A10;DSTYK;ADCY8;AQP7B;MSN;CLDN19;MTTP;TLR9;SLC2A9;AQP4;ENPP1;ATP7A;CDH17;AQP1;SLC23A2;NOD1;CHP1;B4GALT1;IQGAP1;ERBB2;LEPR;WASF2;CTNNB1;ANK3;ADRA2A;SLC9A1;SPEF1;ATP7B;AP2A1;SLC22A7;NKD2;SLC5A3;IDE;CNNM2;ATP6V0A4;ERBIN;ATP1B1"
"GOCC_CENTRAL_ELEMENT",0.0628571428571429,0.757793464591684,-0.765913233554957,-1.42074824469777,318,7,"TEX12;TEX11;SYCE2"
"GOCC_CLATHRIN_SCULPTED_MONOAMINE_TRANSPORT_VESICLE",0.0667332667332667,0.757793464591684,0.828313154471348,1.4271424898854,333,5,"SLC18A1;SLC18A2;SYT1"
"GOCC_DOPAMINERGIC_SYNAPSE",0.0635479196853653,0.757793464591684,0.644931307593159,1.44545994199443,306,15,"CHRNA6;SLC18A2;SV2C;PRKN;CHRNB3;RAB3B;VPS35;ADRA2A"
"GOCC_FACIT_COLLAGEN_TRIMER",0.0626647738795376,0.757793464591684,0.799428690803426,1.42985514734983,308,6,"COL14A1;COL9A3;COL9A2;COL12A1"
"GOCC_IRON_SULFUR_CLUSTER_ASSEMBLY_COMPLEX",0.0676253400699573,0.757793464591684,-0.566216431757746,-1.41223578376587,347,24,"FXN;CIAO2B;BOLA2B;BOLA3;ISCA2;BOLA2;IBA57;NDUFAB1;GLRX3;BOLA1;GLRX5;CIAO3;NUBP1;ISCU;NDOR1;ISCA1;NFS1;FDX2"
"GOCC_PLASMA_MEMBRANE_PROTEIN_COMPLEX",0.0649182030641392,0.757793464591684,0.292618708636031,1.13150484851999,249,604,"GJA8;ITGB7;NOX5;FXYD3;CMKLR1;GJB1;CD3E;ERBB3;MS4A2;GJC3;CDH19;IGF1;TGFBR2;CXCL8;DRD1;FXYD1;SCN10A;ATP1A4;CACNA1G;ITGAX;NCF1;SNTB1;CD8B;PDGFRA;GJA3;NCF2;SCN1A;GNAT1;ITGA4;KCNA7;WNT3A;SCN4B;KCNMB2;IL1R1;GNAT2;IL1R2;PGM5;CHRNA6;CD79B;SSPN;TGFBR3;C7;SHISA8;IL2RB;HSPA2;KCNJ2;SKAP1;HTR3B;CALCR;NALCN;SGCD;IL1A;INHA;CATSPERD;ITGA6;NCF4;ITGB3;HFE;ATP6V0D2;GRIK2;KCNJ5;IL18R1;GJB3;AHNAK;IL1RAP;GLRA2;FXYD5;GRIN2A;GRID2;IL12A;CRB3;ATP1A2;CD4;VCAM1;KCNA4;CACNA1D;C6;HCN1;SGCZ;BMP2;ITGB5;GP5;SCN2B;KCNIP1;EPS8;GRIA1;KCNV1;KCNQ5;KCNA1;OLFM3;ACVRL1;CACNA1I;GRIN3A;CMKLR2;SCN2A;RET;OSMR;IL23A;ANXA2;GRIN3B;KCNJ3;SCN7A;GRIN1;IL10RB;PRKCA;CDH11;DLG2;JAK1;CHRNA2;IL13RA1;GRIN2C;KCNMB3;CDH18;PDGFA;HTR3A;GJD3;KRT19;EGFR;FCER1G;CACNG6;CACNA1C;IFNLR1;CDH22;KCNA3;STON1;IL20RA;GRIA2;GRIK4;RAMP2;IL6ST;CACNA2D3;UNC80;DMD;GLRA3;PDE4D;HLA-B;KCNC2;GLRB;CACHD1;KCNS1;CDH9;KCNG3;EMILIN1;GNG12;GABBR2;GLRA1;VWC2;CNIH3;CACNA2D2;MR1;ITGBL1;SCN9A;HCN2;RAMP1;JAK2;ITGB8;ALCAM;KCNH1;SGCG;SNTA1;KCNF1;CDH10;SHC1;ITGA8;TGFB2;CD6;CDH4;ITGA9;KCND2;KCNJ11;TMEM262;KCND3;HSPG2;SGCA;CDH6;EVC;HLA-DPA1;CHRNA4;KCNK2;CDH17;GNB4;GJA1;CHRNB3;HLA-E;KCNC4;CACNA1E;KCNS2;CALCRL"
"GOCC_SPLICEOSOMAL_COMPLEX",0.0665963802495168,0.757793464591684,-0.349746843952286,-1.20980038242532,378,212,"RNF113B;SNRPE;SNRPG;LSM6;SNRNP25;SNRPD1;CTNNBL1;KIN;SNRPF;LUC7L;MAGOH;LSM7;SNRPA1;CIRBP;ZNF830;SNRPB;HNRNPDL;RBM44;U2AF1;SNRNP35;PPIH;SLU7;ALYREF;YJU2B;SNRPC;CENATAC;TXNL4A;TRA2A;RBM41;RBM8A;LSM4;SNRNP27;RBM17;HNRNPH3;CCDC12;SNRPD2;PHF5A;U2AF1L4;SF3A2;BCLAF3;KHDC4;SNIP1;ZCCHC8;LSM3;PRKRIP1;SF3B6;TRA2B;LSM2;SUGP1;HNRNPA3;HNRNPA2B1;SNRPA;DHX38;DDX39B;SART1;RNPC3;TTF2;SCNM1;U2AF2;LSM5;LUC7L3;SNRPB2;RBM28;SRSF1;SYF2;PPWD1;LUC7L2;PTBP2;DDX5;DHX15;PNN;PRPF3;SMNDC1;PPP1R8;CD2BP2;USP39;DDX41;PRPF39;HNRNPR;HNRNPF;FAM32A;DHX35;BCAS2;PSME3IP1;SF3B4;DHX16;SNRNP40;YJU2;PRPF38B;RBM5;RBM3;SF3B5;SF3A1;ZMAT2;BUD13;HTATSF1;API5;SNRNP70;IVNS1ABP;C9orf78;CWC25;HNRNPC;PLRG1;PPIL1;DDX46;HNRNPK;WDR83;SF3A3;FRG1;PRP4K;ZMAT5;PRPF38A;ZRSR2;GPATCH1;PRPF31;RHEB;CRIPT;CACTIN;CWC15;ISY1;DDX42;TSSC4"
"GOCC_U4ATAC_U6ATAC_X_U5_TRI_SNRNP_COMPLEX",0.0674810936591041,0.757793464591684,-0.541351657057166,-1.3871897504957,347,28,"SNRPE;SNRPG;LSM6;SNRPD1;SNRPF;LSM7;SNRPB;CENATAC;LSM4;SNRPD2;LSM3;LSM2;SART1;LSM5;PRPF3;USP39"
"GOCC_SPERM_MITOCHONDRIAL_SHEATH",0.0700925379011616,0.768872226977028,0.851974134102223,1.4097290466663,355,4,"IRGC;HSP90AA1"
"GOCC_U2_TYPE_SPLICEOSOMAL_COMPLEX",0.069429298436932,0.768872226977028,-0.394428032685136,-1.26804308514097,381,111,"RNF113B;SNRPE;SNRPG;LSM6;SNRPD1;KIN;SNRPF;LUC7L;MAGOH;LSM7;SNRPA1;SNRPB;SLU7;YJU2B;SNRPC;TXNL4A;RBM8A;LSM4;CCDC12;SNRPD2;PHF5A;SF3A2;SNIP1;LSM3;PRKRIP1;SF3B6;LSM2;DHX38;SART1;U2AF2;LSM5;LUC7L3;SNRPB2;SYF2;PPWD1;LUC7L2;DHX15;PRPF3;PRPF39;FAM32A;BCAS2;PSME3IP1;SF3B4;DHX16;SNRNP40;YJU2;SF3B5;SF3A1;ZMAT2;BUD13;HTATSF1;SNRNP70;CWC25;PLRG1;PPIL1;DDX46;SF3A3;FRG1;PRPF38A;PRPF31;CACTIN;CWC15;ISY1;DDX42;CASC3;PPIL2;RBMX2"
"GOCC_TROPONIN_COMPLEX",0.0721951219512195,0.783936930278394,-0.720039743599429,-1.41678079215551,369,9,"TNNC2;TNNI2;TNNT3;TNNT1;TNNT2"
"GOCC_CUL5_RING_UBIQUITIN_LIGASE_COMPLEX",0.0745741587037806,0.801672206065642,0.614487801015457,1.41688017858098,358,17,"ASB9;ASB4"
"GOCC_ANAPHASE_PROMOTING_COMPLEX",0.0846757538207352,0.812736029975807,0.560871956932932,1.37577369864682,409,22,"CDC20B;CUL7;FZR1"
"GOCC_ENDOPLASMIC_RETICULUM_EXIT_SITE",0.0809699958898479,0.812736029975807,0.499136981306289,1.34645671727606,393,34,"CTAGE6;LRRK2;SEC16B;CTAGE8;CRYZL2P-SEC16B;PLPP3;SEC24D;TMED5;CTAGE1;MIA3"
"GOCC_INSULIN_LIKE_GROWTH_FACTOR_BINDING_PROTEIN_COMPLEX",0.0793206793206793,0.812736029975807,0.819812265233811,1.41249587928021,396,5,"IGF1;IGFBP6;IGFBP5"
"GOCC_METHYLOSOME",0.0837064434494841,0.812736029975807,-0.640849370292803,-1.40398616776771,429,14,"SNRPE;SNRPG;SNRPD1;SNRPF;ERH;SNRPB;SNRPD2"
"GOCC_MYOSIN_COMPLEX",0.0813953488372093,0.812736029975807,-0.451034150893494,-1.30814879658596,426,55,"MYL1;MYL11;MYH13;MYO1A;MYH8;MYH6;MYH2;MYH1;MYL7;MYO1H;MYH4;MYL4;MYO3B;MYO1E;MYO1F;MYO7B"
"GOCC_NEURON_PROJECTION_MEMBRANE",0.0808636748518205,0.812736029975807,0.427554491907623,1.29005150591755,381,63,"GPER1;SHISA8;DDN;OPRD1;GABRE;ICAM5;GABRA1;THY1;GABRA2;HCN1;GRIA1;ATP2B2;GABRA3;GABRG2;SPTBN1;KCNC2;UNC5A;TACR3;GABRA5;HCN2;GABRG3;ADGRV1;ADORA2A;ATP6AP2;KCNC4;DAGLA;KCNB1"
"GOCC_NEURONAL_DENSE_CORE_VESICLE",0.0812193126022913,0.812736029975807,0.515978157531616,1.36035548173884,396,30,"NPY;IGF1;CALCA;PENK;SCG2;OPRD1;CRH;GHRL;PLCB2;PDYN"
"GOCC_NEUROTRANSMITTER_RECEPTOR_COMPLEX",0.0841573742899221,0.812736029975807,0.441183792146436,1.29546768052124,399,54,"CHRNA6;SHISA8;HTR3B;GRIK2;GRIN2A;GRID2;EPS8;GRIA1;OLFM3;GRIN3A;GRIN3B;GRIN1;CHRNA2;GRIN2C;HTR3A;GRIA2;GRIK4;VWC2;CNIH3;CHRNA4;CHRNB3;NRN1;OLFM2;GRIA4"
"GOCC_NMDA_SELECTIVE_GLUTAMATE_RECEPTOR_COMPLEX",0.0820176337912651,0.812736029975807,0.717437322225586,1.41697534632664,399,9,"GRIN2A;EPS8;GRIN3A;GRIN3B;GRIN1;GRIN2C"
"GOCC_PRERIBOSOME",0.0809679767103348,0.812736029975807,-0.393971764654712,-1.25786670877024,444,106,"RPS27;PIN4;RRP7BP;RPS28;RPF1;SLX9;RPS13;NOP56;RPS11;RRS1;RCL1;IMP4;IMP3;EBNA1BP2;PNO1;RPS19;FSAF1;RPS23;RRP9;RPS19BP1;TBL3;NGDN;RRP1B;KRI1;FBLL1;RPS14;RPS17;BOP1;NOL7;UTP6;RPS27A;LTV1;EXOSC10;WDR74;WDR12;SRFBP1;BYSL;NOC4L;RIOK3;RRP36;NOC2L;UTP4;MAK16;WDR75;WDR46;UTP3;UTP11;MRTO4;NIP7;RPS7;WDR36;DCAF13;TSR1;RPS12;RPS16;NAT10;AATF;RIOK1;FCF1;PWP2;UTP20;PPAN;RPS5;NOP58;UTP15"
"GOCC_SODIUM_POTASSIUM_EXCHANGING_ATPASE_COMPLEX",0.0842191332788226,0.812736029975807,0.648807530703222,1.41132909812273,411,13,"FXYD3;FXYD1;ATP1A4;FXYD5;ATP1A2"
"GOCC_U12_TYPE_PRECATALYTIC_SPLICEOSOME",0.0824261275272162,0.812736029975807,-0.503604875602718,-1.34489058845593,423,35,"SNRPE;SNRPG;SNRNP25;SNRPD1;SNRPF;SNRPB;SNRNP35;CENATAC;SNRPD2;PHF5A;SF3B6;SART1;SCNM1;PRPF3;USP39;SF3B4;SNRNP40;SF3B5;PRP4K;ZMAT5;PRPF31"
"GOCC_BLOOD_MICROPARTICLE",0.0873965041398344,0.831426919914354,-0.39881417605967,-1.25412328044272,474,95,"C9;C8G;AFM;HBB;C4BPA;AGT;SERPINF2;AHSG;ACTC1;HP;KNG1;HBA1;CFB;HSPA6;HBG2;ALB;HPX;FGG;POTEE;APOA2;SLC4A1;TGFB1;TF;A1BG;APOA1;C4B;ITIH2;HBE1;C4A"
"GOCC_NADH_DEHYDROGENASE_COMPLEX",0.0901528342039079,0.83546807559656,-0.466254317205613,-1.31186317193036,465,47,"NDUFC2-KCTD14;NDUFB1;NDUFA1;NDUFA2;NDUFB3;NDUFA3;NDUFA13;NDUFS6;NDUFB2;NDUFA7;NDUFB4;NDUFAF2;NDUFB8;NDUFAB1;NDUFC1;NDUFS5;NDUFA12;NDUFB7;NDUFA4;NDUFS4;MT-ND3;NDUFA6;NDUFB9;NDUFV2;NDUFS3;NDUFA8;NDUFA11;NDUFB5;NDUFC2;NDUFB6"
"GOCC_PLASMA_MEMBRANE_SIGNALING_RECEPTOR_COMPLEX",0.0888578739241684,0.83546807559656,0.333827106772063,1.17878535816859,381,201,"ITGB7;CMKLR1;CD3E;ERBB3;TGFBR2;CXCL8;DRD1;ITGAX;CD8B;ITGA4;IL1R1;IL1R2;CHRNA6;CD79B;SHISA8;IL2RB;SKAP1;HTR3B;CALCR;IL1A;ITGA6;ITGB3;HFE;GRIK2;IL18R1;IL1RAP;GRIN2A;GRID2;IL12A;CD4;BMP2;ITGB5;GP5;EPS8;GRIA1;OLFM3;ACVRL1;GRIN3A;CMKLR2;OSMR;IL23A;GRIN3B;GRIN1;IL10RB;JAK1;CHRNA2;IL13RA1;GRIN2C;HTR3A;IFNLR1;IL20RA;GRIA2;GRIK4;RAMP2;IL6ST;EMILIN1;GABBR2;VWC2;CNIH3;ITGBL1;RAMP1;JAK2;ITGB8;ALCAM;ITGA8;TGFB2;CD6;ITGA9"
"GOCC_TRANS_SYNAPTIC_PROTEIN_COMPLEX",0.0900406504065041,0.83546807559656,0.732965582083507,1.40813907075981,442,8,"CBLN1;EGFLAM;CBLN2;GRID2;NRXN3;NRXN2;NRXN1"
"GOCC_U11_U12_SNRNP",0.0913312693498452,0.839154825222937,-0.563045162096714,-1.36227808545339,471,21,"SNRPE;SNRPG;SNRNP25;SNRPD1;SNRPF;SNRPB;SNRNP35;SNRPD2;SF3B6;RNPC3"
"GOCC_ANCHORING_JUNCTION",0.0946778711484594,0.843119261160226,0.275984935039125,1.08966310355715,337,858,"GJA8;CLDN14;ITGB7;KIAA1210;GJB1;CD3E;GJC3;CDH19;CCN3;ARHGAP31;AQP7;FXYD1;ABCC2;SNTB1;STARD8;CLDN16;GJA3;PRIMA1;SCN1A;USP53;PARVG;FAP;ITGA4;SYNPO;PMP22;SLC6A4;SCN4B;JCAD;TRPV4;PCDHA10;HAVCR2;P2RX7;PGM5;KDF1;DAB2;HMCN1;ARPC1B;PKP1;LCP2;CLDN20;TNS2;CLCA2;CLMP;CDHR2;KCNJ2;FLRT1;SKAP1;CLDN11;SYNPO2;TRIM29;ITGA6;PDGFRB;PARVB;DDR2;LAYN;ITGB3;CGNL1;TNS3;CLDN1;FLRT2;GJB3;NRAP;AHNAK;THY1;C1QTNF5;PPL;WWTR1;FERMT1;VSIG10L2;FAT2;CRB3;ATP1A2;CLDN34;ARHGAP22;IGSF5;PRKCD;ITGB5;ENG;CCND1;FLRT3;PLXDC1;MLC1;GRIA1;CASS4;PCDHGA12;RIGI;KCNA1;ARHGAP24;ADD3;VIM;DCHS2;GSN;SH3KBP1;SHROOM4;MYZAP;COL17A1;PCDH1;MPP4;MCAM;ANXA2;CDH11;FRMD6;PLPP3;DLG2;JAK1;ADCYAP1R1;CDH18;CLDN9;AKAP12;GJD3;FZD4;EGFR;STEAP1;ANXA6;LIMS2;CLDN22;CDH22;LAMA1;PARVA;TRPC6;EPCAM;PTPRJ;TMEM204;DLC1;PCDH12;CD99;DMD;PPFIBP1;TLN1;RND3;CDH9;PROCR;ABCB4;LMO7;PRKCH;TLN2;DSTYK;EFNA5;ADAM9;CDC42EP1;NHS;KIFC3;ITGBL1;MAP3K1;ARHGAP26;CALB2;MSN;PHLDB2;CLDN19;FBLIM1;ITGB8;NRP1;ALCAM;NHERF2;TGFB1I1;PRAG1;PERP;PTPRM;NECTIN3;RAB13;SNTA1;HEG1;PDLIM2;CDH10;SHC1;PTPRC;ITGA8;FRMD1;CDH4;PACSIN2;KCND2;KIRREL1;PRX;HSPG2;EPB41L4B;TES;TWF1;TMEM65;SCARB2;SGCA;CDH6;EPB41L2;SCARF2;CDH17;SLC8A3;PEAK3;GJA1;CXCR4;YAP1;CHP1;PLEC;P4HB;B4GALT1;RHOB;CD59;NF2;IQGAP1;DSC3;HSP90B1;CDH3;CSPG4;NIBAN2;FGF13;RDX;WASF2;CDHR3;SYNM;FZD1;CTNNB1;ANK3;SLC9A1;HCK;THSD1;NPHS1;AHI1;MPP1;EHD3;CPNE3;TMOD3;FRMD4A;SPRY4;PVR;PIK3R2;GIT2;LCP1;FLNB;ERBIN;RPS4X;ATP1B1;HYOU1;HSPA5;CTNND2;CD99L2;PPIB;TNS1;GAB1;CYTH3;RPGRIP1L;MAGI2;ITGA2B;AMOTL1;CAT;NEDD9;MRC2;KAZN;PALS2;HSPA1A;LYN;SRCIN1;ADAM17;EHD4;SIGMAR1;MPDZ;VCL;MTDH;CLDN5;PRKCZ;MMP14;CLTC;RPL4;SORBS3;TMEM47;KDR;TGM2;BMPR2;TIAM1;FLNA;SLC8A1;FRS2;LIMD1;DIXDC1;LRP1;AIF1L;DDX6;PABPC1;AMBRA1;RAPGEF2;PPP1CB;ILDR2;CNN2;PPP1R12A;RPL7;PRKAR2A;PDIA3"
"GOCC_CAVEOLA",0.0948999354422208,0.843119261160226,0.396726826813044,1.24378934124937,440,80,"TGFBR2;FXYD1;ADTRP;ADRA1A;LRRK2;CD36;HTR2A;ADRA1B;CAVIN2;ATP1A2;MLC1;PTGIS;EHD2;TFPI;ATP2B4;ADCYAP1R1;PLPP2;DLC1;EFNA5;ADCY8;SPRED1;JAK2;PACSIN2;NOS1;CTNNB1;IRS1;HCK;CAVIN1;ATP1B1;ENTPD1"
"GOCC_GROWTH_FACTOR_COMPLEX",0.09420438255171,0.843119261160226,0.684752161315622,1.39582236123862,459,10,"IGF1;IGFBP6;IGFBP5;VEGFC;PDGFA;VEGFB;PDGFB"
"GOCC_NEUROFILAMENT",0.0935768520418633,0.843119261160226,0.667176779209917,1.39003878382416,455,11,"CLDN11;HTR2A;DLGAP2;SHANK2;NEFH;NRP1;LDLRAP1;NEFL"
"GOCC_DENDRITIC_SPINE_MEMBRANE",0.0961778147071043,0.847468449263419,0.595821134403664,1.37383875468497,462,17,"GPER1;SHISA8;DDN;ICAM5;GRIA1;ATP2B2;TACR3;ATP6AP2;DAGLA"
"GOCC_ACROSOMAL_MEMBRANE",0.100600891645668,0.879235435114576,-0.521942373681432,-1.3297486215349,518,27,"DCST1;PLA1A;TMEM190;IZUMO1"
"GOCC_NON_MOTILE_CILIUM",0.108169269065399,0.937757776171809,0.342601055240992,1.17929231948848,477,161,"CNGB3;OPN1MW;DHRS3;CNGA1;GALR3;USH1C;DRD1;ATP1A4;GNAT1;PKHD1;USH1G;GNAT2;PDE6G;RP1;TULP1;PRPH2;RAB37;INHA;RCVRN;DRD5;CDHR1;PCARE;GPR83;STRCP1;SLC24A4;PTGS1;NPY5R;ABCA4;VCAN;GRK1;KIF17;GUCY2F"
"GOCC_APICAL_DENDRITE",0.113156805957799,0.965425130195507,0.561095440840801,1.33022417650046,546,19,"SLC17A8;HCN1;SEZ6;SLC4A10;NEGR1;SLC1A1;CLU;OSBP2;FLNA"
"GOCC_U4ATAC_SNRNP",0.11230259309807,0.965425130195507,-0.654897607378782,-1.3560248672045,575,11,"SNRPE;SNRPG;SNRPD1;SNRPF;SNRPB;SNRPD2"
"GOCC_CILIARY_MEMBRANE",0.117873981997428,0.971535648338201,0.396523808971636,1.22352064684215,549,72,"DHRS3;CNGA1;DRD1;GNAT1;GNAT2;PDE6G;CYS1;DRD5;CDHR1;GPR157;FFAR4;TMEM17;BBS9;TMEM67;SHANK2;ROM1;EVC;BBS5;SSTR3;TTC8;IQCE;TMEM231;EHD3;CNGB1;SNAP29;EFCAB7;EHD1;GPR88;NAPEPLD;EVC2;SHANK3;MCHR1;PTCH1;TCTN3"
"GOCC_IGM_IMMUNOGLOBULIN_COMPLEX",0.117835030956661,0.971535648338201,0.899550170302137,1.30342310936474,589,2,"CD79B;CD79A"
"GOCC_LEADING_EDGE_MEMBRANE",0.116727941176471,0.971535648338201,0.331527997532137,1.15810206134798,507,183,"FGD2;FAP;JCAD;TRPV4;GPER1;SPATA13;PLEK2;SHISA8;DDN;PSD4;OPRD1;GABRE;ICAM5;PLEK;ITGB3;GABRA1;THY1;FERMT1;GABRA2;HCN1;EPS8;GRIA1;RIGI;FGD5;ATP2B2;GABRA3;RAB34;GABRG2;SPTBN1;EGFR;PTPRJ;DLC1;KCNC2;UNC5A;TLN1;IFIT5;ARHGEF4;TIRAP;TACR3;GABRA5;HCN2;PIEZO1;GABRG3;SH3YL1;PACSIN2;ADGRV1;ADORA2A;ADGRE2;TWF1;ATP6AP2;KCNC4;NF2;CSPG4;RASGRP2;ERBB2;DAGLA;RAB40B;SPRY4;KCNB1;CLCN3;AMPH;LCP1"
"GOCC_MISMATCH_REPAIR_COMPLEX",0.119228401395444,0.971535648338201,0.647565587651304,1.34917957272308,580,11,"PMS2P1;MLH3"
"GOCC_RNA_POLYMERASE_I_COMPLEX",0.119765166340509,0.971535648338201,-0.625050611364636,-1.34433049866179,611,13,"POLR2L;POLR1H;POLR2F;POLR1C;POLR2K;POLR1B;POLR1G"
"GOCC_SARCOPLASMIC_RETICULUM_LUMEN",0.115842938073843,0.971535648338201,-0.6711385701706,-1.355796530515,592,10,"SRL;HRC;CASQ2"
"GOCC_VOLTAGE_GATED_SODIUM_CHANNEL_COMPLEX",0.120199294166494,0.971535648338201,0.567222586752727,1.32679830257074,578,18,"SCN10A;SCN1A;SCN4B;NALCN;SCN2B;SCN2A;SCN7A;UNC80;SCN9A"
"GOCC_CELL_CORTEX_REGION",0.121775025799794,0.976926512946105,0.499940185923292,1.29480786722907,589,28,"INSC;MYO5B;GUCY1B1;RIMS1;PHLDB2;ERC1;CTNNB1;PRKCZ;PCLO;CLASP1;SPTBN5;GPSM2;CTNNA2;NUMA1"
"GOCC_AXONEMAL_A_TUBULE_INNER_SHEATH",0.126161470163122,0.980276319986082,0.502997266056995,1.29192371143534,610,27,"CFAP107;TEKT4;MNS1;CFAP95;EFHB;TEKT1;CFAP161;TEKT3;SPAG8;CFAP141;TEKTIP1;EFHC2;RIBC1;EFCAB6;CFAP53"
"GOCC_EXOCYTIC_VESICLE",0.126464260100406,0.980276319986082,0.309588286588306,1.12894119680333,528,278,"SLC6A2;IGF1;SLC35D3;PENK;SLC18A1;TH;RPH3A;LRRK2;SV2B;OPRD1;SLC18A2;PHF24;LGI3;SNCAIP;SLC17A8;SYTL5;GRIN2A;MCTP2;SLC5A7;SLC35F1;GABRA2;SLC6A17;GRIA1;NTF4;SYT2;SYN2;RAB27B;SLC30A10;GRIN1;OPRK1;HAP1;SLC40A1;SV2C;SLC9B2;STON1;PRKN;SLC2A13;PTPRN;APBA1;DYSF;SLC32A1;BDNF;RAB13;SYN3;SLC18B1;UNC13C;SYT9;SYT13;ATP6AP2;SNAP91;CLCN5;RAB3B;SYN1;SYNGR1;FER1L5;ATP6AP1;RAB40B;WFS1;SLC30A3;AP2A1;RAB3C;NKD2;ATP6V1C1;CLCN3;AMPH;PTPRN2;ATP6V0A4;SYPL1;PSEN2;SLC35G2;ATP6V0D1"
"GOCC_LAMELLIPODIUM_MEMBRANE",0.125,0.980276319986082,0.522002739304309,1.30570196803367,606,24,"FAP;PLEK2;ITGB3;PIEZO1;CSPG4;RAB40B;PLXND1;RAP2A;ANTXR1;ITGAV;KCNA2"
"GOCC_RESPIRATORY_CHAIN_COMPLEX",0.127183406113537,0.980276319986082,-0.375879749491386,-1.20010281396814,698,106,"NDUFC2-KCTD14;ATP5ME;NDUFB1;NDUFA1;NDUFA2;ATP5MF;NDUFB3;NDUFA3;NDUFA13;UQCRQ;NDUFS6;ATP5MK;COX7C;NDUFB2;COX5B;COX6C;COX6B1;NDUFA4L2;NDUFA7;COX7A2;NDUFB4;ATP5F1E;ATP5PF;ATP5MJ;UQCR10;DMAC2L;COX8A;NDUFAF2;NDUFB8;ATP5MC1;UQCRH;ATP5MC3;ATP5MC2;COX7B;ATP5F1D;NDUFAB1;NDUFC1;NDUFS5;NDUFA12;NDUFB7;NDUFA4;NDUFS4;UQCRFS1;MT-ND3;NDUFA6;NDUFB9;UQCR11;ATP5MG;NDUFV2;NDUFS3;COX5A;NDUFA8;NDUFA11;ATP5F1C;UQCRB;COX6A1;NDUFB5;BCS1L;STMP1;CYC1;COX4I1;NDUFC2;NDUFB6;COX6B2"
"GOCC_ROD_PHOTORECEPTOR_OUTER_SEGMENT",0.127663892835397,0.980276319986082,0.725244528506581,1.34552938240723,628,7,"CNGA1;ATP1A4;GUCY2F;CNGB1"
"GOCC_SEMAPHORIN_RECEPTOR_COMPLEX",0.126207605344296,0.980276319986082,0.607306224285434,1.34414678558374,613,14,"NRP2;TREM2;PLXNB3;PLXNC1;NRP1;PLXNA4;ERBB2;PLXNB2;PLXND1"
"GOCC_TETRASPANIN_ENRICHED_MICRODOMAIN",0.131080289118969,0.999370998602065,-0.660768568456865,-1.33484763416213,670,10,"SCIMP;GP6"
"GOCC_3M_COMPLEX",0.913086913086913,1,0.340947832497023,0.587436208110664,4569,5,"FBXW8;CUL7;OBSL1;CCDC8"
"GOCC_90S_PRERIBOSOME",0.206903238316851,1,-0.466650581741981,-1.19577153891851,1066,28,"RRP7BP;SLX9;IMP4;IMP3;TBL3;KRI1;BOP1;UTP6;WDR12;SRFBP1;NOC4L;RRP36;NOC2L;UTP4;WDR36;TSR1;PWP2;UTP20"
"GOCC_9PLUS0_MOTILE_CILIUM",0.142857142857143,1,0.771158416129048,1.32866770997123,714,5,"CFAP45;ENKUR;DNAH11;DNAH5"
"GOCC_9PLUS2_MOTILE_CILIUM",0.336353077816492,1,0.288559124829359,1.03561478260579,1447,231,"CFAP107;TEKT4;IRGC;SPACA5B;MNS1;ATP1A4;CFAP52;GARIN2;CFAP95;EFHB;TEKT1;SLC9B1;CFAP126;DRC1;CFAP161;CFAP45;DNAH3;CBY3;CFAP144;IQUB;PGAM4;TTC29;DNAI2;ADGB;CATSPERD;PACRG;TACR2;CFAP90;SLC26A8;OAZ3;CFAP61;TEKT3;SPAG8;RSPH1;DNAJB13;TSGA10;CFAP74;CFAP141;TEKTIP1;DYNLT4;DNAI1;ENKUR;CABS1;ATP2B4;CFAP221;EFHC2;CFAP43;SLC9B2;RIBC1;CFAP65;DNAH9;C11orf42;RSPH4A;EFCAB6;BBS9;TACR3;CFAP69;LRRC46;CFAP53;CLXN;DNAH11;LRRC23;MORN5;DNAH5;TMEM262"
"GOCC_ACETYLCHOLINE_GATED_CHANNEL_COMPLEX",0.699517839922854,1,-0.360401724543431,-0.840771957556472,3626,18,"CHRNG;CHRND;CHRNA1"
"GOCC_ACETYLTRANSFERASE_COMPLEX",0.933867735470942,1,-0.245854579136364,-0.792933151258282,5125,115,"ACTL8;SUPT20HL2;NAA11;POTEE;MSL3B;ENY2;ACTL6B;MBIP;TAF10;TAF12;ACTL6A;TAF6L;JADE1;NAA16;ASF1B;POLE3;POLE4;EPC1;PHF20;ATXN7L3;ING5;KANSL2;POTEJ;BRD1;RUVBL1;KANSL1L;PDHA1;KAT2B;JADE3;SUPT7L;WDR5;VPS72;ASF1A;MCRS1;EP300;MBTD1;SF3B5;SGF29;NAA20;MORF4L1;NAA38;DMAP1;RBBP7;MSL1;TAF9;TADA1;TRRAP;PDHB;KAT5;BRPF1"
"GOCC_ACROSOMAL_VESICLE",0.414836154123154,1,-0.310920516059426,-1.01263788444911,2303,123,"SEMG2;DCST1;PLA1A;IQCF1;ZPBP2;TMEM190;IZUMO1;GNAT3;LY6K;MYCBPAP;ACR;CATSPER4;CCDC62;IL4I1;SPINK2;TCP11X2;SLIRP;ACRBP"
"GOCC_ACTIN_BASED_CELL_PROJECTION",0.962057728119181,1,0.23214066921365,0.826539486732004,4132,217,"ERMN;USH1C;PDGFRA;OTOP1;ACP3;TRPV4;SPATA13;PIEZO2;LRRK2;CD302;CDHR2;LOXHD1;ITGB3;STRCP1;SLC7A8;PTPRH;CLRN1;VCAM1;CALB1;CUBN;EPS8;UNC5C;PDZK1;ATP8B1;AMN;ADGRA2;PDGFA;ESPN;FSCN2;ANKS4B;KITLG;EPHB1;ANKRD24;SLC38A4;DMD;TBC1D10C;ANGPT1;CALB2;MSN;MTTP;CLIC5;PIEZO1;ADGRV1;TMC1;TWF1;RAPGEF3;ICAM2;B4GALT1;NF2;FGF13;RDX;RHOC;CTNNB1;SPEF1;SLC26A2;MPP1;SHTN1;SLC27A4;CDH23;AP2A1"
"GOCC_ACTIN_CYTOSKELETON",1,1,-0.19258973786781,-0.71429913069166,6010,491,"TNNC2;KNCN;LMOD2;SPTA1;SEPTIN12;ACTL8;TNNI2;LAD1;XIRP1;MYL1;FGR;LSP1;MYL11;MYH13;FYB1;TM4SF19;ACTC1;MYO1A;MYH8;MYH6;FSCN3;MYH2;MYH1;MYL7;MYO1H;MYH4;LDB3;CAPG;FAM107A;HSPB7;TMOD4;MYL4;TNNT3;TNNT1;TMSB15A;CDH1;TEK;AVIL;TMSB15B;ADAM8;POTEE;GMFG;FERMT3;MICAL1"
"GOCC_ACTIN_FILAMENT",0.895363521558723,1,-0.252033890330993,-0.817642198308755,4962,119,"LMOD2;ACTL8;ACTC1;MYO1A;MYO1H;LDB3;TMSB15A;TEK;AVIL;TMSB15B;POTEE"
"GOCC_ACTIN_FILAMENT_BUNDLE",0.860959054083643,1,0.259345881798887,0.832381830603985,3931,95,"CRYAB;AFAP1L1;SYNPO;MYH7;PGM5;SYNPO2;MST1R;MYH14;PLS3;RFLNA;ABLIM3;SHROOM4"
"GOCC_ACTIVIN_RECEPTOR_COMPLEX",0.134767607063122,1,0.721942190182449,1.33940263057235,663,7,"TGFBR2;ACVR2A"
"GOCC_ACTOMYOSIN",0.9997813729777,1,0.178483267369759,0.571171869757573,4572,93,"AFAP1L1;SYNPO;MYH7;PGM5;SYNPO2;MST1R;MYH14;ABLIM3;SHROOM4"
"GOCC_ADHERENS_JUNCTION",0.999768679157992,1,0.192935673894256,0.679744282003634,4321,196,"CDH19;JCAD;TRPV4;PGM5;HMCN1;PKP1;CDHR2;TRIM29;FAT2;ARHGAP24;DCHS2;SHROOM4;MPP4;ANXA2;CDH11;PLPP3;DLG2;CDH18;CDH22;TMEM204;TLN1;CDH9;EFNA5;CDC42EP1;KIFC3;MSN;PTPRM;NECTIN3;PDLIM2;CDH10;CDH4;PACSIN2;CDH6;CDH17;NF2;CDH3;NIBAN2;RDX;CDHR3;SYNM;CTNNB1;AHI1;TMOD3;FRMD4A;PVR;CTNND2;CD99L2;CYTH3;LYN;EHD4;VCL;TMEM47;BMPR2;FRS2;LIMD1;DDX6"
"GOCC_AGGRESOME",0.406007355946056,1,0.492075033535622,1.05160439992831,1986,12,"PRKN;SQSTM1;HSPA1A;RNF32;UBD;PSEN1;EPS15;BAG3;HSPA1B;TRIM37"
"GOCC_ALPHA_BETA_T_CELL_RECEPTOR_COMPLEX",0.596574128765505,1,0.561493504992958,0.929081848637515,3029,4,"CD3E;TRAC"
"GOCC_ALPHA_DNA_POLYMERASE_PRIMASE_COMPLEX",0.923954372623574,1,-0.3266415834304,-0.563669184533382,4616,5,"PRIM2;MCM3;PRIM1"
"GOCC_ALPHA_KETOACID_DEHYDROGENASE_COMPLEX",0.99916960763961,1,0.16923743813893,0.395865663494886,4812,18,"PDK2;OGDHL;DBT;OGDH"
"GOCC_ALVEOLAR_LAMELLAR_BODY",0.425418719211823,1,-0.572208472034912,-1.06143117343913,2158,7,"NAPSA;SFTPB;CTSH"
"GOCC_AMINOACYL_TRNA_SYNTHETASE_MULTIENZYME_COMPLEX",0.891596802495613,1,-0.324665944384254,-0.672250271124975,4572,11,"EEF1E1;MARS1;AIMP2;LARS1;KARS1;EPRS1;AIMP1;QARS1;RARS1;IARS1;DARS1"
"GOCC_AMPA_GLUTAMATE_RECEPTOR_COMPLEX",0.919189852700491,1,0.266994507478057,0.703920188365106,4492,30,"SHISA8;GRID2;GRIA1;OLFM3;GRIA2;VWC2;CNIH3;NRN1;OLFM2;GRIA4"
"GOCC_AMPHISOME",0.494276369582993,1,0.447257985572931,0.97290518302503,2417,13,"LRRK2;CHMP2B;SQSTM1;CHMP4C"
"GOCC_ANKYRIN_1_COMPLEX",0.477223427331887,1,-0.572168640469106,-1.0294438092016,2419,6,"GYPA;SLC4A1;RHCE"
"GOCC_ANNULATE_LAMELLAE",0.766433566433566,1,0.437355574812247,0.753541967350708,3835,5,"BICD2;RANBP2;EIF5A;XPO1"
"GOCC_AP_1_ADAPTOR_COMPLEX",0.261330761812922,1,-0.497332956057753,-1.1602153223649,1354,18,"AP1M2"
"GOCC_AP_2_ADAPTOR_COMPLEX",0.346546791990192,1,0.516249544604967,1.10326729780788,1695,12,"STON1;AP2A1;TBC1D5;SLC18A3;BTBD8;AP2B1;SGIP1;EPS15;AP2M1"
"GOCC_AP_3_ADAPTOR_COMPLEX",0.604350502770367,1,0.430087948501703,0.896072746387706,2944,11,"VPS41;VPS18;VPS39;AP3M1;AP3B1;AP3S2;AP3D1;VPS33A"
"GOCC_AP_TYPE_MEMBRANE_COAT_ADAPTOR_COMPLEX",0.91747384734599,1,-0.265160663941875,-0.731517926114274,4735,42,"AP1M2"
"GOCC_APICAL_CORTEX",0.141553437436625,1,0.741931541929814,1.32701596329172,697,6,"INSC;MYO5B;PRKCZ"
"GOCC_APICAL_JUNCTION_COMPLEX",0.78254039497307,1,0.260170096160315,0.887283346422543,3486,150,"CLDN14;CLDN16;USP53;SYNPO;PMP22;CLDN20;CLMP;CLDN11;CGNL1;CLDN1;C1QTNF5;WWTR1;CRB3;CLDN34;IGSF5;CCND1;PLXDC1;RIGI;SHROOM4;FRMD6;ADCYAP1R1;CLDN9;CLDN22;EPCAM;NHS;KIFC3;CLDN19;NECTIN3;RAB13"
"GOCC_APICAL_PART_OF_CELL",0.256672486904465,1,0.275599152759828,1.04877136454029,1028,480,"INSC;RHCG;TRPA1;ERBB3;SLC22A8;ITLN1;PTH1R;SLC13A2;USH1C;FXYD1;ABCC2;ITPR3;SLC5A1;SLC9A4;GNAT1;FAP;PKHD1;ADCY10;PLAT;LRRC15;ACP3;CFAP126;CD34;TRPV4;ABCG2;PAPPA2;PLB1;ADGRF5;CASR;MYO5B;SLC26A7;SLCO1A2;SLC9A2;PLD1;CD36;NAALADL1;CDHR2;MAL;CA12;CYBRD1;SLC5A12;ADGRG2;SLC34A2;DRD5;PDGFRB;C5AR1;DDR2;SLC2A5;ITGB3;HFE;ATP6V0D2;PLLP;CLDN1;CHL1;ANO1;THY1;SLC7A8;PTPRH;C1QTNF5;CRB3;SLC24A4;ACE2;VCAM1;MYH14;CUBN;IGSF5;SCNN1B;SLC22A3;MLC1;EPS8;CA4;SLC15A2;MAL2;ADD3;PDZK1;ATP8B1;AMN;SHROOM4;ATP2B2;ZMYND10;RAB27B;OSMR;ABCB1;P2RY1;SLC22A5;SLC38A3;ESPN;ANKS4B;SLC9B2;SLC2A13;EPCAM;SLCO3A1;PTPRO;TNIK;EDAR;PDE4D;KCNC2;SLC4A10;SLC22A13;SLC23A1;SCNN1G;ABCB4;LMO7;SNX10;DSTYK;IFIT5;CRIPTO;ADCY8;PRKG2;SLC1A1;CNKSR3;SLC6A20;NHS;SLC39A4;SHANK2;MSN;F2RL2;NHERF2;MTTP;TLR9;ABCB5;CLIC5;PTEN;IL10RA;SLC2A9;ITGA8;ITPK1;SLC17A4;CORO2A;SLC43A1;EPB41L4B;TRPM6;KCNK2;AKAP7;CYP4A11;CLCN5;GJA1;AQP1;SLC23A2;NOD1;CTSK;PLEC;CA2;B4GALT1;NF2;IQGAP1;DNAAF11;CSPG4;CTSB;RDX;ERBB2"
"GOCC_APICAL_PLASMA_MEMBRANE",0.502688172043011,1,0.263184656456238,0.985782035018537,2056,382,"RHCG;TRPA1;ERBB3;SLC22A8;ITLN1;PTH1R;SLC13A2;FXYD1;ABCC2;SLC5A1;SLC9A4;GNAT1;PKHD1;LRRC15;CFAP126;CD34;TRPV4;ABCG2;PAPPA2;PLB1;CASR;SLC26A7;SLCO1A2;SLC9A2;PLD1;CD36;NAALADL1;CDHR2;MAL;CA12;CYBRD1;SLC5A12;ADGRG2;SLC34A2;DRD5;PDGFRB;DDR2;SLC2A5;ITGB3;ATP6V0D2;PLLP;CLDN1;ANO1;THY1;SLC7A8;PTPRH;C1QTNF5;CRB3;SLC24A4;ACE2;CUBN;IGSF5;SCNN1B;SLC22A3;MLC1;CA4;SLC15A2;MAL2;PDZK1;ATP8B1;AMN;SHROOM4;ATP2B2;ZMYND10;RAB27B;OSMR;ABCB1;P2RY1;SLC22A5;SLC38A3;SLC9B2;SLC2A13;EPCAM;SLCO3A1;PTPRO;TNIK;PDE4D;KCNC2;SLC4A10;SLC22A13;SLC23A1;SCNN1G;ABCB4;LMO7;DSTYK;CRIPTO;ADCY8;PRKG2;SLC1A1;CNKSR3;SLC6A20;NHS;SLC39A4;SHANK2;MSN;F2RL2;NHERF2;MTTP;TLR9;ABCB5;CLIC5;PTEN;IL10RA;SLC2A9;ITPK1;SLC17A4;SLC43A1;TRPM6;KCNK2;AKAP7;CYP4A11;GJA1;AQP1;SLC23A2;NOD1;CTSK;B4GALT1;IQGAP1;CSPG4;CTSB;RDX;ERBB2"
"GOCC_APICOLATERAL_PLASMA_MEMBRANE",0.432333010648596,1,-0.425659882420164,-1.01776212413002,2232,20,"SLC28A2;CLDN7;TMEM114;CLDN4;EPPK1;CLDN6"
"GOCC_APOLIPOPROTEIN_B_MRNA_EDITING_ENZYME_COMPLEX",0.320879120879121,1,0.677747674588096,1.16772563444681,1605,5,"RBM47;APOBEC3F;APOBEC3G"
"GOCC_ARP2_3_PROTEIN_COMPLEX",0.289780872414499,1,0.569406067165029,1.16069691499308,1414,10,"ARPC1B;ACTR3;ACTR2;ARPC1A"
"GOCC_ARYL_HYDROCARBON_RECEPTOR_COMPLEX",0.472560975609756,1,0.526781386284076,1.01202767211396,2324,8,"AHR;ARNT2;BMAL1;BMAL2;ARNT;AHRR;HSP90AB1"
"GOCC_ASTER",0.934537246049661,1,0.295738533766703,0.616160580849089,4553,11,"MAP9;DYNLT3;NUMA1;MISP;PAFAH1B1;MAPRE3;KIF18A;MAPRE1;KIF18B;CCSAP;FAM161A"
"GOCC_ASTROCYTE_END_FOOT",0.628034455755677,1,-0.416500517301987,-0.879703257832668,3207,12,"HEPACAM"
"GOCC_ASTROCYTE_PROJECTION",0.517441860465116,1,-0.391819245058203,-0.958068088896209,2669,22,"HEPACAM;KCNJ10;GRM2"
"GOCC_ASYMMETRIC_GLUTAMATERGIC_EXCITATORY_SYNAPSE",0.971070395371263,1,-0.253288261626027,-0.590889701826961,5034,18,"C1QL2;C1QL1;TMEM240;SHISA6"
"GOCC_ATAC_COMPLEX",0.875218999416002,1,-0.319727489100096,-0.700465652242957,4495,14,"MBIP;POLE3;POLE4;KAT2B;WDR5;SGF29"
"GOCC_ATG1_ULK1_KINASE_COMPLEX",0.910365853658537,1,0.31961145415809,0.614022523108171,4478,8,"TBC1D5;SMCR8;ATG101;ATG13;RB1CC1;SESN2;C9orf72;ULK1"
"GOCC_ATG12_ATG5_ATG16_COMPLEX",0.752119897456123,1,-0.431792640153992,-0.776879802257079,3813,6,"WDFY3;ATG16L2"
"GOCC_ATP_BINDING_CASSETTE_ABC_TRANSPORTER_COMPLEX",0.814439024390244,1,-0.374259713996822,-0.7364093145993,4173,9,"ABCD4;ABCB6;ABCB10;ABCB7;ABCG5;ABCB8;ABCA2;ABCG8;FECH"
"GOCC_ATPASE_COMPLEX",1,1,0.197583409018017,0.673837888898092,4455,150,"EP400P1;MYOD1;BCL11A;SMARCA2;CHD5;ATP6V0D2;BCL11B;UBXN6;PEX6;SMARCD3;ATP6AP2;AMFR;CINP;ATP6AP1;ATP6V1C1;SMARCA1;ATP6V0A4;ATP6V0D1;ERCC6;GATAD2B;ATP6V1H;ATP6V0A1;AFG2A;UBXN2A"
"GOCC_ATPASE_DEPENDENT_TRANSMEMBRANE_TRANSPORT_COMPLEX",0.843133092761622,1,0.272453465976372,0.817302211925147,3971,61,"FXYD3;FXYD1;ATP1A4;SLC9A2;ATP6V0D2;FXYD5;ATP1A2"
"GOCC_AUTOLYSOSOME",0.927548266555948,1,0.279651945069236,0.654137784167999,4467,18,"LRRK2;NCOA4;LAMP2;SQSTM1;RAB30;LAMP1;STX17"
"GOCC_AUTOLYSOSOME_MEMBRANE",0.745809505028594,1,-0.435103431006982,-0.78283656553648,3781,6,"RAB39A;HLA-DRB1;PLEKHM1"
"GOCC_AUTOPHAGOSOME",0.945143884892086,1,0.238903729362997,0.794099000332892,4203,123,"STING1;LRRK2;RUBCNL;TICAM1;HAP1;UVRAG;SRPX;PIP4K2A;ATP13A2;ATG9B;PEG3;MAP1LC3C;ATP6AP2;CHMP2B;NCOA4;LAMP2;SQSTM1;TEX264;SNAP29;ATG9A;CHMP4C;TAX1BP1;ULK2;TBC1D5;AMBRA1;RAB30;TRIM32;LAMP1;PRKD1;SEC22B;VAMP7;NBR1;VPS18;TM9SF1;RAB2A;PIP4K2B;TBC1D17;UBQLN2;STX17;WDR81;RAB23;FYCO1;CALCOCO2;WIPI1;VTI1A;TBC1D25;FTL;HPSE;RAB12;TBC1D12;OPTN;PIK3C3;VMP1;ATG5;RAB3GAP2;SNAP47"
"GOCC_AUTOPHAGOSOME_MEMBRANE",0.479728295478667,1,0.327169639959135,0.981439048518268,2259,61,"STING1;RUBCNL;UVRAG;ATP13A2;MAP1LC3C;ATP6AP2;CHMP2B;LAMP2;TEX264;SNAP29;ATG9A;CHMP4C;RAB30;LAMP1;PRKD1;SEC22B;VAMP7;TM9SF1;RAB2A;STX17;WDR81"
"GOCC_AXOLEMMA",0.489003083247688,1,0.440228685868832,0.974355192437861,2378,14,"THY1;SPTBN1;KCNC2;ADORA2A;ADORA1;CNTNAP2;MAPT;MYO1D;GABBR1"
"GOCC_AXON_CYTOPLASM",0.872033898305085,1,0.26602556907126,0.804833761135211,4115,64,"RAB27B;HAP1;DLG2;SYBU;MGARP;ARMCX1;AGBL4;TMEM108;BLOC1S3;KIF3A;KIF1C;NEFL;KIF5A;KIF1A;KIF3B;HIF1A;MAP1A;MAPT;KIF4A;RAB21;AP3M1;AP3B1;KIF21A;ACTR10;KIF5B;BLOC1S6;AP3S2;OPA1;ARL8B;DYNC1H1;AP3D1"
"GOCC_AXON_HILLOCK",0.95781788683837,1,0.29142444484564,0.521240665139661,4722,6,"PRKCZ;TPX2;MAP2;NDEL1"
"GOCC_AXON_INITIAL_SEGMENT",0.25,1,0.464087102910708,1.16083575426661,1213,24,"IQCJ-SCHIP1;SCN1A;KCNA4;SCN2B;KCNA1;PRICKLE2;ANK3"
"GOCC_AXONAL_GROWTH_CONE",0.844595990907212,1,0.29918029174813,0.755077041900707,4086,25,"BOC;FLRT3;TRPV2;SHTN1;NRXN1;COBL;PTCH1;OLFM1;RTN4R;GPM6A;KIF21A"
"GOCC_AXONEMAL_CENTRAL_APPARATUS",0.809214532169677,1,0.39284214727687,0.72883094050696,3986,7,"SPAG17;CFAP65;HYDIN;SPEF1"
"GOCC_AXONEMAL_DYNEIN_COMPLEX",0.805658818669971,1,0.316007818562138,0.775141705643402,3900,22,"DRC1;DNAH3;DNAI3;DNAI7;DNAI2;DNAI4;DNAI1;DNAH9;DNAH5;DNAH7;CFAP70"
"GOCC_AXONEMAL_NEXIN_LINK",0.577057254258157,1,0.441274963298639,0.91938048869458,2811,11,"DRC1;DRC7;IQCG;IQCD;CCDC65"
"GOCC_AXONEME",0.284261613126878,1,0.295270804863317,1.0574187232726,1229,226,"CFAP107;TEKT4;MNS1;CFAP52;CFAP95;EFHB;TEKT1;CFAP126;SPAG17;CFAP73;DRC1;CFAP161;CFAP45;DRC7;DNAH3;RP1;CFAP144;IQUB;DNAI3;DNAI7;DNAI2;CYS1;PACRG;CFAP90;CFAP61;TEKT3;SPAG8;RSPH1;DNAJB13;CFAP74;DNAI4;CFAP141;TEKTIP1;DYNLT4;DNAI1;ENKUR;KIF17;CFAP44;CFAP221;EFHC2;CFAP43;DCDC2;RIBC1;CCDC39;CFAP65;DNAH9;AKAP14;NME9;RSPH4A;EFCAB6;GLI1;ERICH3;CFAP53;CLXN;CFAP46;DNAH11;DNAH5;BBS5;BBOF1;RSPH10B2;IFT70A;HYDIN;RSPH3;IFT70B;DNAH7;SPEF1;CFAP184;DYDC2;CFAP70"
"GOCC_AZUROPHIL_GRANULE",0.694246208742194,1,0.271670261093778,0.915147889061234,3112,136,"FPR1;C3;BPI;ACP3;C3AR1;SERPINA3;RAB37;TTR;IRAG2;NFAM1;PRKCD;LYZ;CD68;ANXA2;ABCA13;AGA;DNAJC3;SLCO4C1;CTSA;PRCP;GLB1;GNS;MAGT1;AZU1;ARSB;FUCA1;B4GALT1;SYNGR1;CPNE3;LAMP2;MAN2B1;CTSC;SNAP29;STOM;HEXB;GM2A;PSAP"
"GOCC_AZUROPHIL_GRANULE_LUMEN",0.6406852248394,1,0.294962185528424,0.913098953346406,2991,74,"C3;BPI;SERPINA3;TTR;PRKCD;LYZ;ANXA2;AGA;DNAJC3;CTSA;GLB1;GNS;AZU1;ARSB;FUCA1;MAN2B1;CTSC;HEXB;GM2A;GRN;PRTN3;RNASET2;PSMD1;CYB5R3;CPPED1;NPC2;VCP;CREG1;FAF2;C6orf120"
"GOCC_AZUROPHIL_GRANULE_MEMBRANE",0.727425099518123,1,0.292604713260334,0.866962372394193,3471,56,"FPR1;ACP3;C3AR1;RAB37;IRAG2;NFAM1;CD68;ABCA13;SLCO4C1;PRCP;MAGT1;AZU1;B4GALT1;SYNGR1;CPNE3;LAMP2;SNAP29;STOM;PSAP"
"GOCC_B_CELL_RECEPTOR_COMPLEX",0.840913565662532,1,0.407362994669472,0.674047982369402,4270,4,"CD79B;CD79A"
"GOCC_B_WICH_COMPLEX",0.871341463414634,1,0.348571841259524,0.669659859401557,4286,8,"ERCC6;MYBBP1A;SF3B1;DDX21;MYO1C;BAZ1B;SMARCA5;DEK"
"GOCC_BARR_BODY",0.570893314928022,1,-0.525430739531701,-0.945353141919236,2894,6,"H2AZ1;LRIF1;MACROH2A1;FIRRE"
"GOCC_BASAL_CORTEX",0.507692307692308,1,0.581049026247277,1.00111865855042,2540,5,"PHLDB2;CLASP1;PHLDB1;PKD2;CLASP2"
"GOCC_BASAL_DENDRITE",0.321233015615494,1,0.650392055614178,1.16328878261894,1583,6,"SLC17A8;SLC4A10;MAP2"
"GOCC_BBAF_COMPLEX",0.84681548228548,1,0.349490668759199,0.712413801748449,4134,10,"SMARCA2;SMARCA4;SMARCC2;ARID1B"
"GOCC_BBSOME",0.567479674796748,1,0.485962179926214,0.933607728920274,2791,8,"BBS9;BBS5;TTC8;BBS4"
"GOCC_BCL_2_FAMILY_PROTEIN_COMPLEX",0.960270325619496,1,0.264670831678163,0.539514128022913,4688,10,"BCL2;BCL2L11;BAD;BIK"
"GOCC_BETA_CATENIN_DESTRUCTION_COMPLEX",0.81630568042501,1,0.347430387518509,0.742487017799112,3994,12,"AXIN2;CTNNB1;DACT1;CTNNBIP1;APC;GSK3B;AXIN1;CSNK1A1;GSK3A;CACYBP;APC2;SIAH1"
"GOCC_BETA_CATENIN_TCF_COMPLEX",0.978864970645793,1,-0.237720312048541,-0.511278062652469,5001,13,"TLE1;LDB1;TCF7;PYGO2;TCF4;TCF7L1;TLE4;BCL9;TCF7L2;BCL9L;TLE3;CTNNB1;LEF1"
"GOCC_BLEB",0.546032396965348,1,0.478896613495151,0.94584526583714,2662,9,"P2RX7;PTPRC;ANLN;FHOD1"
"GOCC_BLOC_1_COMPLEX",0.946432024753433,1,-0.27869258166516,-0.623545030682541,4893,15,"BLOC1S1;BLOC1S5;BCAS4;BLOC1S4;BLOC1S2;KXD1;SNAPIN"
"GOCC_BLOC_COMPLEX",0.965537270087125,1,-0.252700408222246,-0.604212224037899,4986,20,"BLOC1S1;BLOC1S5;BCAS4;BLOC1S4;BLOC1S2;KXD1;SNAPIN;HPS4;DTNBP1;HPS1;HPS6;WASHC4;HPS3;BLOC1S6;SNAP47;SNAP25;PI4K2A;STX12;BLOC1S3;HPS5"
"GOCC_BORC_COMPLEX",0.5271546635183,1,-0.505099778865549,-0.965075745427447,2678,8,"BLOC1S1;BORCS8;BLOC1S2;KXD1;SNAPIN;BORCS6"
"GOCC_BOX_C_D_RNP_COMPLEX",0.442516268980477,1,-0.58969537342639,-1.06097784560669,2243,6,"NOP56;RRP9;FBLL1"
"GOCC_BOX_H_ACA_RNP_COMPLEX",0.429412959577493,1,-0.65851897317399,-1.08616511342753,2113,4,"NOP10;DKC1;NHP2;GAR1"
"GOCC_BOX_H_ACA_TELOMERASE_RNP_COMPLEX",0.429412959577493,1,-0.65851897317399,-1.08616511342753,2113,4,"NOP10;DKC1;NHP2;GAR1"
"GOCC_BRAHMA_COMPLEX",0.981089414182939,1,0.233653819888778,0.517144429587227,4772,14,"SMARCA2;SMARCD3;SMARCC2;ARID1B"
"GOCC_BRCA1_A_COMPLEX",0.887249114521842,1,-0.343046979381071,-0.65544736544212,4508,8,"BARD1;BRCA1;BABAM1;UIMC1;MPND;BRCC3;BABAM2;ABRAXAS1"
"GOCC_BRCA1_C_COMPLEX",0.72214553342536,1,-0.447578308136849,-0.805281320672595,3661,6,"BARD1;MRE11;BRCA1;RBBP8"
"GOCC_BRISC_COMPLEX",0.893314928022086,1,-0.344791478606247,-0.620347617838086,4529,6,"SHMT2;BABAM1;MPND;BRCC3;ABRAXAS2;BABAM2"
"GOCC_BRUSH_BORDER",0.958075904677846,1,0.237775444685379,0.772360112129389,4341,103,"ITLN1;USH1C;ITPR3;SLC5A1;ABCG2;PLB1;CD36;CDHR2;CYBRD1;SLC34A2;DRD5;ACE2;MYH14;CUBN;EPS8;CA4;ADD3;PDZK1;AMN;SLC22A5;ESPN;ANKS4B"
"GOCC_BRUSH_BORDER_MEMBRANE",0.667367978119083,1,0.303930254405453,0.892443985304373,3171,54,"ITLN1;SLC5A1;ABCG2;PLB1;CD36;CDHR2;CYBRD1;SLC34A2;DRD5;ACE2;CUBN;CA4;PDZK1;AMN;SLC22A5"
"GOCC_CAJAL_BODY",0.991320914479255,1,0.217162883657426,0.6552411690068,4682,63,"SCARNA13;USH1G"
"GOCC_CALCINEURIN_COMPLEX",0.53986013986014,1,0.563410943719142,0.970729117010336,2701,5,"PPP3CA;PPP3CB;PPP3R1;PPP3CC;ITPR1"
"GOCC_CALCITONIN_FAMILY_RECEPTOR_COMPLEX",0.202008269344359,1,0.765425858396216,1.26652092177385,1025,4,"CALCR;RAMP2;RAMP1;CALCRL"
"GOCC_CALCIUM_AND_CALMODULIN_DEPENDENT_PROTEIN_KINASE_COMPLEX",0.691108891108891,1,0.47963983644542,0.826395653307978,3458,5,"CAMK2D;CAMK2A;CAMK2B;CAMK2G"
"GOCC_CALCIUM_CHANNEL_COMPLEX",0.448585877505151,1,-0.33202954814663,-0.996420374775616,2394,68,"RYR1;CACNA1F;CACNA2D4;PKD1L1;STAC3;ATP2A1;CATSPER4;CASQ2;CATSPERZ"
"GOCC_CALYX_OF_HELD",0.989656599089781,1,0.217377018023114,0.515349339421855,4783,19,"CALB1;UNC13C;NOS1;KCNK2;ADORA1;CALM1;KCNA2;ACTG1"
"GOCC_CAMP_DEPENDENT_PROTEIN_KINASE_COMPLEX",0.867356905645634,1,-0.344616182104389,-0.696174299649758,4439,10,"AKAP4"
"GOCC_CANONICAL_INFLAMMASOME_COMPLEX",0.33600782778865,1,-0.51721165453309,-1.11239536256775,1716,13,"MEFV;NLRP6;GSDMD;NLRP3"
"GOCC_CARBOXY_TERMINAL_DOMAIN_PROTEIN_KINASE_COMPLEX",0.826524685382381,1,-0.316029045193454,-0.755632385401507,4268,20,"MNAT1;GTF2H5;CDK7;CCNH;ERCC3;CDK9;CDK12;MMS19;GTF2H2;CCNK;SNW1;GTF2H3;CDK13;GTF2H1;CCNT2;GTF2H2C;ERCC2;CCNT1;RB1;GTF2H4"
"GOCC_CARDIAC_MYOFIBRIL",0.663774403470716,1,-0.481559305550992,-0.866419811921966,3365,6,"MYBPC3;DES;TNNT2"
"GOCC_CARGO_RECEPTOR_COMPLEX",0.902283281733746,1,-0.292283794523517,-0.690090527998035,4662,19,"COMMD6;COMMD3;COMMD4;COMMD5;COMMD1;VPS26C;COMMD2;COMMD10;CCDC93;VPS29;COMMD7;COMMD8;LMAN1;CCDC22;DENND10;VPS35L;COMMD9;LRP1;MCFD2"
"GOCC_CASPASE_COMPLEX",0.322761554824985,1,-0.497277604419819,-1.11260578682443,1668,15,"CAPNS2"
"GOCC_CATALYTIC_STEP_2_SPLICEOSOME",0.51141135658207,1,-0.303386119517376,-0.970842922620463,2800,108,"SNRPE;SNRPG;SNRPD1;SNRPF;MAGOH;LSM7;SNRPA1;SNRPB;RBM44;U2AF1;SLU7;ALYREF;RBM8A;SNRPD2;PHF5A;SF3A2;SNIP1;ZCCHC8;LSM3;PRKRIP1;SF3B6;LSM2;HNRNPA3;HNRNPA2B1;DHX38;SART1;SCNM1;SNRPB2;SRSF1;SYF2;PPWD1;DDX5;PNN;DDX41;HNRNPR;HNRNPF;FAM32A;DHX35;BCAS2;SF3B4;DHX16;SNRNP40;SF3B5;SF3A1;BUD13;HNRNPC;PLRG1;PPIL1;HNRNPK;WDR83;SF3A3;FRG1;PRP4K;GPATCH1;CRIPT;CACTIN;CWC15;ISY1;CASC3;PPIL2;RBMX2"
"GOCC_CATENIN_COMPLEX",0.576202118989405,1,0.348681113580526,0.926514316295427,2827,31,"CDH19;CDH11;CDH18;CDH22;CDH9;CDH10;CDH4;CDH6;CDH17;CDH3;CDHR3;CTNNB1;CDH23"
"GOCC_CATION_CHANNEL_COMPLEX",0.866558366210258,1,0.24544205063139,0.876408128677881,3733,222,"CNGB3;CNGA1;SCN10A;CACNA1G;SCN1A;KCNA7;SCN4B;KCNMB2;CHRNA6;HSPA2;KCNJ2;HTR3B;NALCN;KCNK4;CATSPERD;GRIK2;KCNJ5;KCNA4;CACNA1D;HCN1;SCN2B;KCNIP1;SCNN1B;KCNV1;KCNQ5;KCNA1;CACNA1I;TRPC5;SCN2A;KCNJ3;SCN7A;DLG2;CHRNA2;KCNMB3;HTR3A;CACNG6;CACNA1C;KCNA3;TRPC6;GRIK4;CACNA2D3;UNC80;PDE4D;KCNC2;CACHD1;KCNS1;SCNN1G;KCNG3;MT-ATP8;CACNA2D2;SCN9A;HCN2;KCNH1;KCNF1;KCND2;KCNJ11;TMEM262;KCND3;CHRNA4;KCNK2;CHRNB3;KCNC4;CACNA1E;KCNS2"
"GOCC_CATSPER_COMPLEX",0.919146316437513,1,0.306917944315063,0.639452479978007,4478,11,"HSPA2;CATSPERD;TMEM262"
"GOCC_CCAAT_BINDING_FACTOR_COMPLEX",0.95004995004995,1,0.307697862507221,0.530148158652913,4754,5,"NFYA;NFYC;CEBPZ;NFYB;ING2"
"GOCC_CCR4_NOT_COMPLEX",0.977145070695332,1,-0.248582264764313,-0.564303685121743,5044,16,"CNOT9;TOB1;TNKS1BP1;CNOT3;CNOT11;CNOT6;CNOT7;CNOT8;CNOT1;CNOT4;PATL1;CNOT10;CPEB3;CNOT2;CNOT6L;ZFP36"
"GOCC_CCR4_NOT_CORE_COMPLEX",0.672648392821929,1,-0.476714723048062,-0.857703456090723,3410,6,"CNOT9"
"GOCC_CD40_RECEPTOR_COMPLEX",0.840514720218366,1,-0.347959552184904,-0.720481797807467,4310,11,"CD40;TRAF2;HTRA2;IKBKB;TRAF6;CHUK;DIABLO;TRAF5;TRAF3;RNF31;BIRC2"
"GOCC_CD95_DEATH_INDUCING_SIGNALING_COMPLEX",0.989745612305265,1,-0.239104531503882,-0.430196033649995,5018,6,"CASP10;CFLAR;FADD;FAF1;CASP8;FAS"
"GOCC_CDC73_PAF1_COMPLEX",0.619443880657601,1,0.480560181466799,0.891572178434796,3051,7,"PEX2;CTR9;PAF1;CDC73;RTF1;LEO1"
"GOCC_CELL_BODY_FIBER",0.165820986401461,1,0.703308099194449,1.30483123299085,816,7,"PENK;HTR2A;SRD5A2;ASS1"
"GOCC_CELL_CELL_CONTACT_ZONE",0.779871520342612,1,0.277288232758329,0.858386625571385,3641,74,"FXYD1;SCN1A;SCN4B;PCDHA10;PGM5;KCNJ2;NRAP;AHNAK;ATP1A2"
"GOCC_CELL_CELL_JUNCTION",0.430289076490151,1,0.26233247116535,1.00176802036203,1681,512,"GJA8;CLDN14;KIAA1210;GJB1;CD3E;GJC3;CDH19;CCN3;AQP7;FXYD1;ABCC2;CLDN16;GJA3;SCN1A;USP53;SYNPO;PMP22;SCN4B;JCAD;TRPV4;PCDHA10;P2RX7;PGM5;HMCN1;PKP1;LCP2;CLDN20;CLMP;CDHR2;KCNJ2;FLRT1;SKAP1;CLDN11;TRIM29;ITGB3;CGNL1;CLDN1;FLRT2;GJB3;NRAP;AHNAK;C1QTNF5;PPL;WWTR1;VSIG10L2;FAT2;CRB3;ATP1A2;CLDN34;IGSF5;PRKCD;CCND1;FLRT3;PLXDC1;MLC1;GRIA1;PCDHGA12;RIGI;ARHGAP24;ADD3;DCHS2;SH3KBP1;SHROOM4;COL17A1;PCDH1;MPP4;ANXA2;CDH11;FRMD6;PLPP3;DLG2;ADCYAP1R1;CDH18;CLDN9;GJD3;FZD4;STEAP1;LIMS2;CLDN22;CDH22;LAMA1;TRPC6;EPCAM;PTPRJ;TMEM204;PCDH12;TLN1;CDH9;ABCB4;PRKCH;EFNA5;CDC42EP1;NHS;KIFC3;MAP3K1;CALB2;MSN;CLDN19;TGFB1I1;PERP;PTPRM;NECTIN3;RAB13;HEG1;PDLIM2;CDH10;FRMD1;CDH4;PACSIN2;KIRREL1;EPB41L4B;TWF1;TMEM65;SGCA;CDH6;CDH17;GJA1;YAP1;B4GALT1;NF2;IQGAP1;DSC3;CDH3;NIBAN2;FGF13;RDX;WASF2;CDHR3;SYNM;CTNNB1;ANK3;SLC9A1;NPHS1;AHI1"
"GOCC_CELL_CORTEX",1,1,0.174836298630856,0.643857675417298,4115,315,"OR2C1;BFSP2;INSC;ERMN;OSR1;EXOC3L4;TRPV4;KDF1;PIEZO2;HMCN1;MYO5B;FGFR2;CD302;GRM7;CYTIP;NLRP2;FAM110C;CALB1;EPS8;ADD3;GSN;GUCY1B1;SHROOM4;MYZAP;HMCN2;COBLL1;AKAP12;SPTBN1;KRT19;DLC1;PPFIBP1;GAD1;RIMS1;NEDD4;SPTB;PLEKHH2;CALB2;PHLDB2;ASTN2;CLIC5;STIM1;PIEZO1"
"GOCC_CELL_DIVISION_SITE",0.912353607857952,1,-0.258828431949411,-0.77174556978571,4829,66,"SEPTIN12;OR2A4"
"GOCC_CELL_LEADING_EDGE",0.620434353405726,1,0.254273282742609,0.96144648038686,2513,430,"S100B;ARHGAP31;FGD2;FAP;JCAD;TRPV4;GPER1;KDF1;SPATA13;PLEK2;SHISA8;DDN;PSD4;OPRD1;GABRE;ICAM5;ARAP1;PLEK;PARVB;LAYN;LDB2;ITGB3;GABRA1;THY1;ARHGAP18;FERMT1;PEAR1;CLRN1;ANGPTL3;GABRA2;HCN1;EPS8;GRIA1;RIGI;UNC5C;PLCE1;VIM;GSN;ABLIM3;FGD5;ATP2B2;GABRA3;KLHL41;RAB34;GABRG2;SPTBN1;EGFR;KITLG;STON1;PTPRO;PTPRJ;DLC1;MCC;KCNC2;UNC5A;TLN1;SRGAP2;TLN2;IFIT5;ARHGEF4;TIRAP;NHS;TACR3;PLEKHH2;GABRA5;PHLDB2;CARMIL1;HCN2;CORO6;ARAP3;LMO4;CDC42BPG;PTPRM;RAB13;PIEZO1;WIPF1;GABRG3;ABLIM1;SH3YL1;PACSIN2;ADGRV1;ADORA2A;ADGRE2;TWF1;RAPGEF3;ATP6AP2;KCNC4;CXCR4;P4HB;NF2;IQGAP1;CSPG4;RASGRP2;RDX;ERBB2;WASF2;CTNNB1;SLC9A1;SPEF1;DAGLA;SHTN1;RAB40B;SNX2;SPRY4;KCNB1;CLCN3;AMPH;LCP1"
"GOCC_CELL_POLE",0.990994518402506,1,-0.222045718567877,-0.468989434340435,5061,12,"DES;LRIT3;RAB8B;PKP2;SLC3A2"
"GOCC_CELL_PROJECTION_MEMBRANE",0.136946527945802,1,0.299136696428662,1.11173052014454,565,344,"DHRS3;P2RY12;CNGA1;ITLN1;DRD1;FGD2;SLC5A1;GNAT1;FAP;JCAD;TRPV4;ABCG2;GNAT2;GPER1;SPATA13;PLB1;PLEK2;CD36;PDE6G;CDHR2;SHISA8;DDN;PSD4;OPRD1;CYBRD1;GABRE;CYS1;ICAM5;SLC34A2;PLEK;DRD5;CDHR1;ITGB3;GABRA1;GPR157;THY1;SLC7A8;PTPRH;FERMT1;FFAR4;ACE2;GABRA2;HCN1;CUBN;EPS8;GRIA1;RIGI;CA4;PDZK1;AMN;FGD5;ATP2B2;GABRA3;SLC22A5;RAB34;GABRG2;SPTBN1;EGFR;SLC38A4;PTPRJ;DLC1;DMD;TBC1D10C;KCNC2;UNC5A;TLN1;TMEM17;IFIT5;ARHGEF4;TIRAP;BBS9;TACR3;TMEM67;SHANK2;GABRA5;MSN;HCN2;MTTP;PIEZO1;GABRG3;ROM1;SH3YL1;PACSIN2;ADGRV1;ADORA2A;ADGRE2;SLC17A4;TWF1;EVC;TRPM6;BBS5;ATP6AP2;SSTR3;AQP1;KCNC4;TTC8;B4GALT1;NF2;CSPG4;RASGRP2;ERBB2;CTNNB1;IQCE;SLC26A2;TMEM231;EHD3;DAGLA;RAB40B;SLC27A4;CNGB1;SPRY4;KCNB1;CLCN3;ATP1B2;LCP1;ATP6V0A4"
"GOCC_CELL_TIP",0.945365853658537,1,-0.295292833275158,-0.581030724990322,4844,9,"DES;LRIT3;RAB8B;PKP2"
"GOCC_CELL_TRAILING_EDGE",0.945767964361805,1,-0.279773426531239,-0.635110375796128,4882,16,"SCIMP;PSTPIP1"
"GOCC_CENTRIOLAR_SATELLITE",1,1,-0.118434216344097,-0.370392671161021,5423,91,"PIK3R5;ALDOB;KIRREL2;NR0B1;WRAP73;CCDC57;CEP68;TBC1D31;WDR62;CCDC14;MIB1;WDR90;SPAG5;PARD6A;CENPU;GPRC5C;CCDC18;PLK1;KRT18"
"GOCC_CENTRIOLAR_SUBDISTAL_APPENDAGE",0.325649540925962,1,-0.557709045106325,-1.12665256028987,1666,10,"CCDC68"
"GOCC_CENTRIOLE",1,1,-0.0926858603313777,-0.312927233658889,5601,171,"SAXO1;CCDC68;HSPA6;CAPG;FTCD;EYS;CIBAR2;WRAP73;PPP1R35;TEDC2;STIL;CCDC57;CROCC;WDR62;ENKD1;MAPK15;WDR90;CCDC78;CEP76;STARD9;CETN3;SAXO2;CEP85;FAM161A;PLK1;DEUP1;CEP83;CEP152;HTT;INTU;CEP19;CCDC88A;NUBP1;PCNT;RAN;CCSAP;POC5;CIBAR1;C10orf90;IFT20;BNIP2;IFT43;DYNC2I2;TEDC1;POC1A;TEKT2;CCHCR1;CEP20;CBY1"
"GOCC_CENTROSOME",1,1,0.0806574542074054,0.312831332419402,3834,626,"CEP295NL;RGCC;CROCC2;PKHD1;USH1G;RASSF10;PAX2;BOD1L2;RAB6C;IRAG2;TTC39A;FAM110C;NR3C1;TENT5C;CEP112;CCDC15;ALPK1;ZMYND10;DNAI1;HAP1;EEF1AKMT3;AXIN2;PLK2;KIAA1217;PRKACB;RAB34;DYSF;PDE4D;TLN1;PROCR;SNX10;UVRAG;BBS9;TRIM69;KIFC3;TMEM67;UBXN6;TMEM63A;PTPN20;CEP126;CFAP53;EVI5;CLIC5;PROSER3;MAP7D2;SLMAP;SCLT1;BBS5;HOOK1;CCDC81;ECPAS;PLK5;TTC8;STK3;FAM110B;ERC1;PRKCQ;NDE1;CTNNB1;CFAP184;AHI1;IFT56;CFAP96;ARHGEF10;CDH23;ROCK2;TTC12;CABCOCO1;NEK9;PDE4DIP;SPICE1;CNTLN;DYNLRB2;PSEN2;FBXL7;SLC1A4;TEX9;KIF3A;KIFAP3;ATP6V0D1;PRKAR1A;CAMK2B;RRP7A;NEK6;EXOC4;RPGRIP1L;MAGI2;HSPA1A;CNTRL;TWSG1;DISC1;BICD2;KIF15;DYRK3;KIF13A;CDKL5;DTX4;ITSN2;SLAIN2;ANKRD26;PJA2;PPP1R12A;GNAI1;TNKS;PRKAR2A;CALM1;CLUAP1;POC1B;CFAP263;TRIM32;NEDD1;B9D1;IFT80;FEZ1;MAP3K11;KIAA0586;CUL7;DZIP1;CEP120;DTL;CIR1;KIF3B;OBSL1;MARCHF7;MDM1;TUBG2;ZNF365;SIRT2;KIZ;KLHL21;ASPM;LRRCC1;ERCC6L2;RGS14;CEP164;HOOK3;TTC19;CLASP1;CHD3;RILPL2;RILPL1;TRIOBP"
"GOCC_CEREBELLAR_CLIMBING_FIBER_TO_PURKINJE_CELL_SYNAPSE",0.750439024390244,1,-0.403289338300254,-0.79352923677331,3845,9,"C1QL2;C1QL1;TMEM240"
"GOCC_CEREBELLAR_MOSSY_FIBER",0.635162601626016,1,0.455695372431939,0.875460559091774,3124,8,"NFIB;LRRC4B"
"GOCC_CHAPERONIN_CONTAINING_T_COMPLEX",0.245555772611838,1,-0.596393165521733,-1.20480005259076,1256,10,"CCT8L1P"
"GOCC_CHECKPOINT_CLAMP_COMPLEX",0.485691414848909,1,-0.594520509695995,-1.02593456524838,2426,5,"RAD9B;HUS1B;RAD1;RAD9A"
"GOCC_CHLORIDE_CHANNEL_COMPLEX",0.919460257221168,1,0.256475109254155,0.750902244224776,4360,53,"CLIC6;GABRE;GABRA1;SLC17A8;ANO1;GLRA2;GABRA2;GABRR1;GABRA3;GABRB1;GABRG2;BEST2;GLRA3;GLRB;GLRA1;GABRA5;CLIC5;GABRG3;ANO2"
"GOCC_CHOLINERGIC_SYNAPSE",0.162305805396566,1,0.593828667069984,1.29173543381491,793,13,"CHRM1;PLD1;CHRM2;CHRNA9;KCNB1;NEFL"
"GOCC_CHROMAFFIN_GRANULE",0.845220966084275,1,0.328216065780607,0.726438413034597,4111,14,"PENK;SYT2;CHGA;CLU;CYB561"
"GOCC_CHROMAFFIN_GRANULE_MEMBRANE",0.884878048780488,1,-0.338746025412962,-0.666531072055794,4534,9,"SLC17A9;DBH;ATP8A1"
"GOCC_CHROMATIN",0.335556229160352,1,0.250661934335841,1.01397854370609,1106,1354,"EP400P1;PAX1;HOXC5;ERG;CDX2;ALX4;NR3C2;SOX10;NR1H4;H2AC4;SPI1;POU2F3;FOXD2;EGR4;LMX1A;HOXB5;FOXR1;HOXA9;FOXD3;KLF17;RARG;HOXA13;TFAP2B;SOX30;NFIX;HOXA5;OSR1;HOXB13;LMX1B;MYOD1;TCF21;BATF2;ASCL4;MSX2;SOX17;NFATC2;H3C2;RUNX3;NFIB;PRRX1;HOXB9;FOXI1;TWIST1;DLX1;KLF4;MSX1;BHLHA15;ATOH1;DLX2;NFIA;EPAS1;H3-7;H1-3;TBX2;SNAI1;TBX3;FOXC1;MYOG;ACTBL2;GSC;MEF2C;FOXL2;PITX3;RARB;H3C4;HSFY1;ETS1;SIX2;MEOX1;H2AC16;FOXE1;FOXJ1;PAX3;PRRX2;HR;SUPT20HL1;BCL11A;TBX15;TLX2;TBX1;H1-4;MIXL1;RXRG;H3C10;HIC1;TP73;NFIC;TBX18;H3C1;ALX1;H4C14;H3C12;IRX6;FLI1;AHR;CREB3L3;SOHLH1;H1-5;SETSIP;SMARCA2;TBX5;PAX2;CHD5;HOXA10;GATA6;NKX3-2;HOXB6;MEOX2;FOXA2;IRX4;BARHL1;FOXO1;EN2;HMX1;SHOX;FOXF2;TFAP2C;GATA1;JADE2;PAX7;NR4A2;PITX1;GBX1;NKX6-3;GATA3;MAF;HNF4G;DMRTC1;SMAD9;HIF3A;SMAD6;GATA4;FEV;NPAS1;KLF2;FOXB1;SOX9;EHF;SOX8;POU4F3;DRGX;IRX3;NR3C1;HES1;H2BC18;H2AC15;NKX1-2;SIX6;NAP1L3;HEY2;NACC2;SP5;STAT6;MAFB;ELF4;ATOH8;FOXD4L4;HLF;SOX6;MKX;H4C9;TFCP2L1;NR1I3;EN1;FOXP1;H3C3;HNF4A;H2AC17;THRB;ASCL5;TFAP2A;ELK3;H2AC11;H2BC8;TRIM66;BNC2;H2BC3;PLK2;TBX6"
"GOCC_CHROMATIN_SILENCING_COMPLEX",0.808678881388621,1,-0.328829967850305,-0.767119014546825,4192,18,"EZH2;PPHLN1;SIRT1;EED;BAZ2A;SMARCA5;CBX3;RRP8;YY1;SUV39H1;BAHD1;L3MBTL1;SUZ12;TASOR;TASOR2;RB1;MPHOSPH8;SIRT2"
"GOCC_CHROMATOID_BODY",0.628571428571429,1,-0.409370296687337,-0.880455062481282,3211,13,"TDRD1"
"GOCC_CHROMOCENTER",0.368756423432682,1,0.485368929500955,1.07426379036138,1793,14,"SOX30;MBD5"
"GOCC_CHROMOSOMAL_REGION",1,1,-0.107248337631909,-0.392355287981861,5963,402,"TERB1;H4C4;TEX14;H4C12;DMC1;SYCP2L;KASH5;PLK3;H4C3;PIF1;H2BC11;CHEK2;KMT5C;H4C11;SP100;CENPV;ZSCAN4;MUS81;H3-3B;ZBTB48;MCM7;AURKC;BLM;CENPT;SEPTIN6;KNTC1;SUN1;ACTL6B;RECQL4;H3-3A;UHRF2;LRIF1;MAD2L1;ALYREF;CEBPB;RPA4;NSMCE4A;CHMP1B;ACTL6A;CENPH;SMC1B;MCM4;EZH2;BRCA2;NUP85;POLD1;ESCO2;SPAG5;ZWINT;POLE3;KDM4D;CTC1;XRCC3;AURKB;CENPU;BAZ1A;H3-5;MRE11;FEN1;ORC1;SS18L1;PCNA;DNA2;NGDN;SMARCD2;MTBP;SPC24;TINF2;MCM2;HNRNPA2B1;PLK1;SKA2;CENPX;SIRT1;SUGT1;SUV39H2;MIS18A;KIF22;CENPS;THOC3;NUP160;CDK1;EID3;SPC25;KAT2B;RNF8;BUB3;PPP2CB;MACROH2A1;DYNC1LI1;CHMP2A;MCM3;DYNC1LI2;NUDCD2;SMARCB1;SMARCD1;NHP2;H4C15;ACD;RAD51AP1;ZWILCH;GAR1;H2AX;PBRM1;TEP1;CDK11B;MCRS1;DCTN3;MCM5;OIP5;ORC2;CENPE;SMARCA5;BUB1B;CDC20;KDM1A;DSN1;DYNLL1;BOD1;WDR82;C9orf78;DSCC1;PPP1CC;KMT5B;MIS12;CHMP4A;CDCA8;HDAC2;TELO2;CBX3;POLR2B;FMR1;DAPK3;CFDP1;PRP4K;PINX1;RBBP7;ERCC1;CENPW;SKA3;SKA1;WAPL;AURKA;THOC5;NSMCE2;LUZP1;NABP2;CENPC;KAT5;RPA2;NUP107;PPP1CA;HMBOX1;THOC7;RAD17;ERCC6L;DCTN5;WRN;CHMP5;CLIP1;NAT10;CCNB1;APEX1;PTGES3"
"GOCC_CHROMOSOME_CENTROMERIC_CORE_DOMAIN",0.625882841711674,1,0.383637680929554,0.884588147995122,3012,17,"H2AC4;H3-7;H4C14;H4C9;H4C5"
"GOCC_CHROMOSOME_CENTROMERIC_REGION",1,1,0.136148253936255,0.493310249612731,4175,264,"H2AC4;PKHD1;H3-7;SNAI1;SYCP2;SYCP3;H4C14;BOD1L2"
"GOCC_CHROMOSOME_PASSENGER_COMPLEX",0.517254979294025,1,-0.552265164113437,-0.993633544418238,2622,6,"AURKC;AURKB;CDCA8;AURKA;INCENP"
"GOCC_CHROMOSOME_TELOMERIC_REGION",0.991977179532894,1,-0.221444099254181,-0.745900718713443,5563,166,"TERB1;H4C4;H4C12;DMC1;KASH5;H4C3;PIF1;CHEK2;H4C11;SP100;ZSCAN4;MUS81;H3-3B;ZBTB48;MCM7;BLM;SUN1;RECQL4;H3-3A;LRIF1;ALYREF;RPA4;NSMCE4A;MCM4;EZH2;BRCA2;POLD1;CTC1;XRCC3;MRE11;FEN1;ORC1;PCNA;DNA2;TINF2;MCM2;HNRNPA2B1;SIRT1;THOC3;CDK1;EID3;RNF8;MACROH2A1;MCM3;NHP2;H4C15;ACD;RAD51AP1;GAR1;H2AX;TEP1;MCM5;ORC2;KDM1A;WDR82;PPP1CC;HDAC2;TELO2;CBX3;POLR2B;PINX1;RBBP7;ERCC1;THOC5;NSMCE2;NABP2;RPA2;PPP1CA;HMBOX1;THOC7;RAD17;WRN;NAT10;APEX1;PTGES3"
"GOCC_CHROMOSOME_TELOMERIC_REPEAT_REGION",0.72152388319474,1,-0.36691500494911,-0.820933326075249,3730,15,"TERB1"
"GOCC_CHYLOMICRON",0.924226909686668,1,0.300528427739804,0.61260748534352,4512,10,"LPL;APOE;APOC3;APOA4"
"GOCC_CILIARY_BASAL_BODY",1,1,0.152975815210968,0.546646697871576,4311,223,"PKHD1;CFAP126;USH1G;RAB6C;CFAP90;CIMAP3;SMAD6;TTLL13;ALPK1;RILP;PRKCA;KIF17;RAB6D;CPLANE2;EFHC2;TBC1D30;DAW1;TTLL9;FANK1;CCDC170;EVC;SCLT1;BBS5;BBOF1;TTLL4;CCDC81;IFT122;AGBL4;TTC8;ERC1;CFAP184;AHI1;IFT56;CFAP70;SPICE1;KIFAP3;AGBL2;RPGRIP1L;NEDD9;DISC1;IQCD;CDKL5;ATXN10;PJA2;GNAI1;CCDC65;POC1B;CFAP263;IFT172;TOGARAM1;NEDD1;CFAP206;B9D1;IFT80;FBXW8;KIAA0586;DZIP1;DLG5;ARMC9;SMAD7;WHRN;DAAM1;RILPL2;RILPL1"
"GOCC_CILIARY_BASE",0.577281191806331,1,0.325156255282519,0.931645108366296,2789,47,"USH1G;CFAP144;PRKAR1B;CPLANE2;PRKACB;FANK1;GLI1;CEP126;KCNF1;IFT56;PRKAR1A;MAGI2;SUFU;DISC1;PRKAR2A;CLUAP1;DZIP1;CFAP36;NPHP3;KCNQ1;IFT88;ODAD2;TULP3"
"GOCC_CILIARY_ROOTLET",0.956436804063294,1,-0.281246614423459,-0.568158650094404,4895,10,"CROCC;RAB28;SPAG5;KIF5C;PJVK;KIF5B;ODAD3;PSEN1;KIF5A;KLC3"
"GOCC_CILIARY_TIP",0.99390243902439,1,0.214936544226542,0.625159119493945,4726,51,"RP1;CFAP221;GLI1;IFT122;IFT70B;SPEF1;IFT56;DYNLRB2;KIF3A;KIFAP3;SUFU;CDKL5;CLUAP1;IFT172;DYNC2H1;IFT80;KIF3C;KIF3B;ARMC9"
"GOCC_CILIARY_TRANSITION_FIBER",0.926219512195122,1,0.306647889358322,0.589117530926968,4556,8,"SCLT1;DZIP1;CEP164;CENPF;CEP89"
"GOCC_CILIARY_TRANSITION_ZONE",0.882428940568475,1,0.258816371096105,0.814299467115778,4097,82,"GNAT1;USH1G;RP1;RAB37;KIF17;CPLANE2;TMEM17;BBS9;TMEM67;CFAP53;SMAD3;CC2D2A;IFT122;TTC8;MACIR;TMEM231;AHI1;EHD3;KIFAP3;PCDHB15;RPGRIP1L;EHD1"
"GOCC_CIS_GOLGI_NETWORK",0.772113943028486,1,-0.282293902305609,-0.854697225377834,4119,72,"GOLGA6A;GOLGA8F;GOLGA6C;GOLGA6B;GOLGA6L7;GOLGA8M"
"GOCC_CIS_GOLGI_NETWORK_MEMBRANE",0.796894156109522,1,0.355559335682769,0.75985924169534,3899,12,"RNF183;RAB43;TRAPPC3L;ATP2C1;RAB18;RAB30;BOK"
"GOCC_CKM_COMPLEX",0.941658341658342,1,0.315352397458117,0.543336542792131,4712,5,"CDK19;CDK8;MED12"
"GOCC_CLATHRIN_ADAPTOR_COMPLEX",0.566608493310064,1,-0.364438169161344,-0.933856738701461,2921,28,"AP1M2"
"GOCC_CLATHRIN_COAT",0.999616417337936,1,-0.186729187619524,-0.532031133278717,5211,50,"AP1M2;MYCBPAP"
"GOCC_CLATHRIN_COAT_OF_COATED_PIT",0.361220676769774,1,0.458378762587469,1.07220018796723,1739,18,"STON1;AP2A1;CLTC;TBC1D5;SLC18A3;BTBD8;SYNJ1;AP2B1;SGIP1;EPS15;PICALM;AP2M1;CLTB"
"GOCC_CLATHRIN_COATED_ENDOCYTIC_VESICLE",0.990481522956327,1,-0.220961997262075,-0.681728870440393,5306,82,"AVPR2;BTC;HLA-DQA1;HLA-DQB1;CD207;FZD5;EREG;EGF;MYO1E;TF;LRP2;SFTPB;HLA-DRB1"
"GOCC_CLATHRIN_COATED_ENDOCYTIC_VESICLE_MEMBRANE",0.937628769432478,1,-0.250331264406665,-0.751243898895374,5005,68,"AVPR2;BTC;HLA-DQA1;HLA-DQB1;CD207;FZD5;EREG;EGF"
"GOCC_CLATHRIN_COATED_PIT",0.277527366387637,1,0.347548190133715,1.08547013610506,1292,78,"GAS7;CEMIP;DAB2;SPHK1;CUBN;AMN;STON1;ARRB1;RAMP2;VLDLR;ACKR3;EPN3;ADCY8;INPP5F;SNAP91;AP2A1;CLTC;TBC1D5;BMPR2;LRP1;SLC18A3;AAK1;BTBD8;SYNJ1;FNBP1;APP;AP2B1;LRP10"
"GOCC_CLATHRIN_COATED_VESICLE",1,1,0.19199912963219,0.68280046468522,4312,214,"AREG;GAS7;SLC18A1;CEMIP;DAB2;SLC18A2;GAD2;RASSF9;WNT5A;CHRM2;TGFA;CD4;CLRN1;MLC1;MALL;KIAA0319;ROR2;EPGN;SYT2;RAB27B;APOE;FZD4;EGFR;STON1;TYRP1;SLC32A1;GAD1;EPN3;ABCB4;ADCY8;SH3GL2;INPP5F;ASTN2;ASTN1;RAB13;LDLRAP1;SYT9;SCARB2;ATP7A;HLA-DPA1;ATP6AP2;SNAP91;VPS41;VAMP4;CLBA1;CPNE6;ATP6AP1;TMED10;AP2A1;LMBRD1;ATP6V1C1;DNAJC6;GOPC;ATP6V0D1;HLA-DPB1;SCAMP1;ATP6V1H;CLTC;TBC1D5;ATP6V0A1;VAMP3;EPN2;SLC18A3;SFTPD;HEATR5B;RAB27A;AAK1;STEAP2;BTBD8;NCALD;DENND1C;SNX18;SYT1;VAMP7;GPR107;VPS18"
"GOCC_CLATHRIN_COATED_VESICLE_MEMBRANE",0.999330058061635,1,0.200026978492909,0.67221120760697,4474,134,"AREG;SLC18A1;CEMIP;DAB2;SLC18A2;GAD2;RASSF9;WNT5A;CHRM2;TGFA;CD4;KIAA0319;ROR2;EPGN;SYT2;APOE;FZD4;EGFR;STON1;TYRP1;SLC32A1;GAD1;EPN3;ADCY8;SH3GL2;LDLRAP1;SYT9;SCARB2;HLA-DPA1;ATP6AP2;VAMP4;CLBA1;ATP6AP1;AP2A1;ATP6V1C1"
"GOCC_CLATHRIN_COMPLEX",0.601422764227642,1,0.472301925659332,0.907364289637583,2958,8,"SCN10A;SCLT1;VPS41;CLTC"
"GOCC_CLATHRIN_SCULPTED_GAMMA_AMINOBUTYRIC_ACID_TRANSPORT_VESICLE",0.230284552845528,1,0.641222681434693,1.23188691646191,1132,8,"GAD2;SLC32A1;GAD1;SYT1;HSPA8"
"GOCC_CLATHRIN_SCULPTED_VESICLE",0.203718839395178,1,0.581153063345115,1.24197140028503,996,12,"SLC18A1;SLC18A2;GAD2;SLC32A1;GAD1"
"GOCC_CLATHRIN_VESICLE_COAT",0.609912536443149,1,-0.336629984703807,-0.912094123102764,3137,38,"AP1M2;MYCBPAP"
"GOCC_CLEAVAGE_FURROW",0.831396456467899,1,-0.27865834254562,-0.805604287708882,4363,54,"SEPTIN12;OR2A4"
"GOCC_CLUSTER_OF_ACTIN_BASED_CELL_PROJECTIONS",0.986158384388473,1,0.223077567092932,0.769979182317228,4345,164,"TRPA1;ITLN1;USH1C;ITPR3;SLC5A1;ABCG2;PLB1;PIEZO2;CD36;CDHR2;CYBRD1;SLC34A2;LOXHD1;DRD5;STRCP1;CLRN1;ACE2;MYH14;CALB1;CUBN;EPS8;CA4;ADD3;PDZK1;ATP8B1;AMN;SLC22A5;ESPN;FSCN2;ANKS4B;ANKRD24;DCDC2;SHANK2;CALB2;MTTP;CLIC5;PIEZO1;ADGRV1;SLC17A4;TMC1;CORO2A;TRPM6;AQP1;PLEC;B4GALT1;RDX;RHOC;TMPRSS15;MPP1;SLC27A4;CDH23;FLNB;ATP6V0A4"
"GOCC_CMG_COMPLEX",0.212517059855722,1,-0.596353779282884,-1.23480456371748,1089,11,"MCM7;GINS1;MCM4;CDC45;MCM2;GINS2;MCM3;MCM5"
"GOCC_COATED_VESICLE",1,1,0.166106065512725,0.61142230255584,4113,313,"AREG;GAS7;SLC18A1;CEMIP;DAB2;SEC16B;SLC18A2;GAD2;RASSF9;WNT5A;CHRM2;TGFA;COPZ2;CD4;CLRN1;MLC1;GRIA1;MALL;CRYZL2P-SEC16B;KIAA0319;ROR2;EPGN;PCSK9;SYT2;RAB27B;APOE;FZD4;EGFR;STON1;SEC24D;TYRP1;SLC32A1;HLA-B;GAD1;EPN3;TMED1;ABCB4;KDELR3;ADCY8;SH3GL2;TMED5;CNIH3;INPP5F;ASTN2;ASTN1;TMED3;RAB13;LDLRAP1;SYT9;DIPK2A;SCARB2;ATP7A;HLA-DPA1;ATP6AP2;SNAP91;HLA-E;ECPAS;VPS41;CD59;VAMP4;CLBA1;F8;CPNE6;ATP6AP1;TMED10;AP2A1;LMBRD1;ATP6V1C1;DNAJC6;KDELR2;CTSC;GOPC;ATP6V0D1;HLA-DPB1;SCAMP1;ATP6V1H;CLTC;TBC1D5;ATP6V0A1;MCFD2;VAMP3;EPN2;SLC18A3;SURF4;SFTPD;ERGIC2;HEATR5B;RAB27A;AAK1;STEAP2;BTBD8;ERGIC1;NCALD;DENND1C;SNX18;SEC31A;SYT1;PEF1;SEC22B;VAMP7;GPR107;VPS18;SEC24B;TMED2;TMED9;TGOLN2;AP2B1;TEX261;SAR1B;AFTPH;STX17;SAR1A;COPG1;FCGR1BP"
"GOCC_COATED_VESICLE_MEMBRANE",0.998839907192575,1,0.205090282467325,0.723932512903925,4304,200,"AREG;SLC18A1;CEMIP;DAB2;SEC16B;SLC18A2;GAD2;RASSF9;WNT5A;CHRM2;TGFA;COPZ2;CD4;GRIA1;CRYZL2P-SEC16B;KIAA0319;ROR2;EPGN;SYT2;APOE;FZD4;EGFR;STON1;SEC24D;TYRP1;SLC32A1;HLA-B;GAD1;EPN3;KDELR3;ADCY8;SH3GL2;CNIH3;TMED3;LDLRAP1;SYT9;DIPK2A;SCARB2;HLA-DPA1;ATP6AP2;HLA-E;CD59;VAMP4;CLBA1;ATP6AP1;TMED10;AP2A1;ATP6V1C1"
"GOCC_COHESIN_COMPLEX",0.739068246832857,1,0.374584774876576,0.800518153859653,3616,12,"REC8;RAD21L1;SMC1A;STAG1;SGO2;STAG2;RAD21;SGO1;STAG3"
"GOCC_COLLAGEN_TYPE_IV_TRIMER",0.698844047860475,1,0.461193167709422,0.824888363850384,3445,6,"COL4A4;COL4A2"
"GOCC_COLLAGEN_TYPE_VI_TRIMER",0.487712287712288,1,0.592321823045293,1.02054112842603,2440,5,"COL6A3;COL6A6;COL6A2"
"GOCC_COMMITMENT_COMPLEX",0.39823894336602,1,-0.638417733423988,-1.10168582766323,1989,5,"SNRPD1;SNRPC;U2AF2;PRPF39"
"GOCC_COMPACT_MYELIN",0.294555992548127,1,0.50618872454104,1.13450148224916,1422,15,"PMP22;MAG;MAL;PLLP;ANXA2;CLDN19;PTEN"
"GOCC_COMPLEMENT_COMPONENT_C1_COMPLEX",0.577990812861993,1,0.663634066211777,0.961587253962263,2893,2,"C1S;C1R"
"GOCC_CONDENSED_CHROMOSOME",1,1,-0.147046445213118,-0.522489485363686,5826,282,"TEX12;TEX11;RNF212;MSH4;TEX14;DMC1;SYCE2;RAD9B;SYCE1L;SYCP2L;KASH5;PLK3;FKBP6;HMGB2;FAM9C;KMT5C;CENPV;HUS1B;H3-3B;AURKC;BLM;CENPT;SEPTIN6;KNTC1;ACTL6B;H3-3A;MAD2L1;CEBPB;NSMCE4A;PSMC3IP;CHMP1B;ACTL6A;CENPH;SMC1B;BRCA2;NUP85;SPAG5;ZWINT;RRS1;ESRRB;RGS12;AURKB;CENPU;H3-5;RCC1;SS18L1;IHO1;SMARCD2;MTBP;SPC24;PLK1;SKA2;UBE2I;CENPX;SUGT1;TOP3B;BANF1;KIF22;CENPS;FANCD2;RAD1;NUP160;EID3;SPC25;KAT2B;BUB3;MACROH2A1;DYNC1LI1;HORMAD1;BRCA1;CHMP2A;DYNC1LI2;NUDCD2;SMARCB1;SMARCD1;NCAPH;ZWILCH;AKAP8;SETMAR;H2AX;PBRM1;MCRS1;DCTN3;ORC2;CENPE;SMARCA5;RAD9A;BUB1B;CDC20;DSN1;NCAPG2;TUBA1A;DYNLL1;BOD1;HMGB1;PPP1CC;KMT5B;XRCC4;MIS12;CHMP4A;CBX3;CFDP1;PRP4K;PINX1;CENPW;SKA3;SKA1;WAPL;AURKA"
"GOCC_CONDENSED_CHROMOSOME_CENTROMERIC_REGION",1,1,-0.115969966217544,-0.395192684122498,5623,187,"TEX14;SYCP2L;PLK3;KMT5C;CENPV;H3-3B;AURKC;CENPT;SEPTIN6;KNTC1;ACTL6B;H3-3A;MAD2L1;CEBPB;CHMP1B;ACTL6A;CENPH;NUP85;SPAG5;ZWINT;AURKB;CENPU;H3-5;SS18L1;SMARCD2;MTBP;SPC24;PLK1;SKA2;CENPX;SUGT1;KIF22;CENPS;NUP160;SPC25;KAT2B;BUB3;DYNC1LI1;CHMP2A;DYNC1LI2;NUDCD2;SMARCB1;SMARCD1;ZWILCH;PBRM1;MCRS1;DCTN3;ORC2;CENPE;BUB1B;CDC20;DSN1;DYNLL1;BOD1;PPP1CC;KMT5B;MIS12;CHMP4A;CBX3;CFDP1;PRP4K;PINX1;CENPW;SKA3;SKA1;WAPL;AURKA;CENPC;KAT5;NUP107;ERCC6L;DCTN5;CHMP5;CLIP1;CCNB1;SEH1L;MTCL1;NCAPD3;TRAPPC12;CENPA"
"GOCC_CONDENSED_NUCLEAR_CHROMOSOME",0.966397597146612,1,-0.23709707686814,-0.724411088856655,5147,77,"TEX12;TEX11;RNF212;MSH4;DMC1;SYCE2;RAD9B;SYCE1L;SYCP2L;KASH5;FKBP6;FAM9C"
"GOCC_CONDENSIN_COMPLEX",0.88739837398374,1,0.338460982919871,0.650235352964963,4365,8,"SMC2;NCAPG;SMC4;NCAPD2;NCAPH2;NCAPD3;NCAPG2;NCAPH"
"GOCC_CONE_PHOTORECEPTOR_OUTER_SEGMENT",0.867332667332667,1,0.37552917693818,0.647018149726496,4340,5,"SLC24A4;TMEM237;GUCA1B;RD3;GUCA1A"
"GOCC_CONNEXIN_COMPLEX",0.497820220053976,1,0.415093885239131,0.970951924703352,2397,18,"GJA8;GJB1;GJC3;GJA3;GJB3"
"GOCC_CONTRACTILE_RING",0.849579314590601,1,0.345576020223908,0.719995188441193,4139,11,"ANLN;UTRN;KIF20B;BLOC1S6;MYH9;ALKBH4;DAG1"
"GOCC_COP9_SIGNALOSOME",0.901438569206843,1,-0.273945664543123,-0.731579386620146,4636,35,"THEMIS;HSPA6;COPS9;TESPA1;LAT;BASP1"
"GOCC_COPI_COATED_VESICLE",0.774953502789833,1,0.31779413103029,0.802055011677608,3749,25,"COPZ2;KDELR3;TMED3;DIPK2A;TMED10;KDELR2;TMED2;COPG1;COPB2;PACS1;COPA;COPG2;KDELR1;TMED7;ARCN1"
"GOCC_COPI_COATED_VESICLE_MEMBRANE",0.482457961386755,1,0.419774807640178,0.98190113589702,2323,18,"COPZ2;KDELR3;TMED3;DIPK2A;KDELR2;TMED2;COPG1;COPB2;COPA;COPG2;KDELR1;TMED7;ARCN1"
"GOCC_COPI_VESICLE_COAT",0.344439901880621,1,0.506047341445616,1.10078768234356,1684,13,"COPZ2;TMED3;DIPK2A;COPG1;COPB2;COPA;COPG2;TMED7;ARCN1;COPB1;SCYL1"
"GOCC_COPII_COATED_ER_TO_GOLGI_TRANSPORT_VESICLE",0.999629903774982,1,-0.193695747175042,-0.60399696130959,5401,90,"LMAN1L;SERPINA1;HLA-DQA1;HLA-DQB1;COL7A1"
"GOCC_COPII_VESICLE_COAT",0.990493903699111,1,0.213916080521508,0.486755030552,4792,16,"SEC24D;SEC31A;PEF1;SEC24B;SAR1B;SAR1A;SEC23A;TMED7;SEC23B"
"GOCC_CORE_MEDIATOR_COMPLEX",0.897654584221748,1,-0.28325255192908,-0.716629161071725,4630,26,"MED31;MED30;MED11;MED10;MED27;MED17;MED6;MED4;MED25;MED7;MED18;MED22;MED9;MED8;MED20;MED19;MED26"
"GOCC_CORNIFIED_ENVELOPE",0.812208398133748,1,-0.295841799953389,-0.795431495339014,4177,36,"PKP3;SERPINB5;DSC1;DSG3;FLG;KRT75;KRT10"
"GOCC_CORTICAL_ACTIN_CYTOSKELETON",0.999811817839669,1,-0.181728299283924,-0.554320416087795,5312,76,"KNCN;SPTA1;MYO1A"
"GOCC_CORTICAL_CYTOSKELETON",0.989253187613843,1,-0.225607168274811,-0.719361236026853,5430,105,"NOS2;KNCN;SPTA1"
"GOCC_CORTICAL_ENDOPLASMIC_RETICULUM",0.819308943089431,1,0.376304481276857,0.722938505627641,4030,8,"STIM1;ASPH;C2CD2L;TMEM201;STIMATE;OSBPL8;EMD;ARV1"
"GOCC_CORTICAL_MICROTUBULE_CYTOSKELETON",0.644755244755245,1,0.507079423350112,0.873672700841507,3226,5,"PDE4DIP;CLASP1;NUMA1;CLASP2;MAPRE1"
"GOCC_CORVET_COMPLEX",0.833976050334889,1,0.378276883079367,0.701808343065762,4108,7,"VPS18;VPS8;TGFBRAP1;VPS33A;VPS16;VPS11"
"GOCC_COSTAMERE",0.191981814424468,1,0.544540940487322,1.23907488150276,928,16,"PGM5;AHNAK;KRT19;DMD;PLEC;SYNM;ANK3;VCL;SVIL;SDC4;FXR1"
"GOCC_CRD_MEDIATED_MRNA_STABILITY_COMPLEX",0.706763951883258,1,-0.456616717819101,-0.821543195641474,3583,6,"IGF2BP1;SYNCRIP;HNRNPU;DHX9;CSDE1;YBX1"
"GOCC_CTF18_RFC_LIKE_COMPLEX",0.383645320197044,1,-0.588842331368377,-1.09228653069791,1946,7,"CHTF18;RFC4;RFC2;RFC5;DSCC1;RFC3"
"GOCC_CUL2_RING_UBIQUITIN_LIGASE_COMPLEX",0.899399108354332,1,-0.282774247363386,-0.715419050174875,4639,26,"PRAME"
"GOCC_CUL3_RING_UBIQUITIN_LIGASE_COMPLEX",1,1,-0.144601580341858,-0.433949212296462,5338,68,"KLHL38;KLHL30;KLHL32;KBTBD8;KLHL40;RBX1;KLHL17;KLHL4;KBTBD12;KLHL25;DEPDC5;KCTD5"
"GOCC_CUL4_RING_E3_UBIQUITIN_LIGASE_COMPLEX",0.878077146733863,1,-0.279151874041456,-0.754200875025235,4529,37,"DCAF4L2"
"GOCC_CUL4A_RING_E3_UBIQUITIN_LIGASE_COMPLEX",0.939144091087554,1,-0.264040477050958,-0.686539167844094,4783,31,"RBX1;DCAF15;CDKN1B;PHIP;COP1;DET1;DDA1;DCAF13;DCAF10;CRBN;DCAF12;CUL4A;WDTC1;DCAF1;ARIH1;GLMN;TRPC4AP;DCAF17;DCAF5;ERCC8;DDB1;DCAF16;DCAF8;DCAF7;DCAF6;DTL;CUL4B;DCAF4;AMBRA1;DDB2;DCAF11"
"GOCC_CUL4B_RING_E3_UBIQUITIN_LIGASE_COMPLEX",0.9463490218865,1,-0.263964159260062,-0.652660232155047,4885,23,"RBX1;DCAF15;DDA1;DCAF13;DCAF10;CRBN;WDR77;DCAF12;WDTC1;DCAF1;DCAF17;DCAF5;ERCC8;DDB1;DCAF16;DCAF8;DCAF7;DTL;CUL4B;DCAF4;AMBRA1;DDB2;DCAF11"
"GOCC_CUL7_RING_UBIQUITIN_LIGASE_COMPLEX",0.80708425055033,1,-0.418990024579192,-0.723030310476368,4032,5,"RBX1;CUL9"
"GOCC_CULLIN_RING_UBIQUITIN_LIGASE_COMPLEX",1,1,0.123129142468638,0.44356625472256,4236,244,"CDC20B;ASB9;ASB4;KLHL31;DCAF12L1;FBXW10;TMEM183BP;FBXL8;CCIN;KLHL29;KLHL41;FBXL22;DAW1;PRKN;FBXO27;LMO7;KLHL5;FBXO43;ZER1;KLHL13;IPP;KBTBD6;KLHL1;KBTBD7;KLHL15;KLHL14;FBXL7;DCAF11;KLHL6;FBXW9;USP47;FBXO25;KLHL36;FBXL2;FBXO36;RHOBTB2;FBXO41;DDB2;AMBRA1;DCAF4;SPSB2;FBXO2;KBTBD3;FBXW8;CUL4B;KLHL10;CUL7;PEF1;KLHDC10;FZR1;DTL"
"GOCC_CUTICULAR_PLATE",0.360304152856307,1,-0.530406626258771,-1.09825500480252,1847,11,"KNCN;SPTA1"
"GOCC_CYCLIN_CDK_POSITIVE_TRANSCRIPTION_ELONGATION_FACTOR_COMPLEX",0.83780487804878,1,0.365904741270357,0.702959013292859,4121,8,"RB1;CCNT1;CCNT2;CDK13;SNW1;CCNK;CDK12;CDK9"
"GOCC_CYCLIN_DEPENDENT_PROTEIN_KINASE_HOLOENZYME_COMPLEX",1,1,0.131596027803982,0.405193226633594,4685,71,"CCNO;CDK18;CCND1;CCND2;CDK15;CCNA1;CCNB3"
"GOCC_CYTOCHROME_COMPLEX",0.969626168224299,1,-0.244326665697636,-0.648207194719539,4979,34,"UQCRQ;COX7C;COX5B;COX6C;COX6B1;NDUFA4L2;COX7A2;UQCR10;COX8A;UQCRH;COX7B;NDUFA4;UQCRFS1;UQCR11;COX5A;UQCRB;COX6A1;BCS1L;CYC1;COX4I1;COX6B2"
"GOCC_CYTOLYTIC_GRANULE",0.630591912482907,1,-0.437572302470083,-0.883959044981719,3227,10,"PRF1;STXBP2"
"GOCC_CYTOPLASMIC_DYNEIN_COMPLEX",0.994007026245092,1,0.208504949779608,0.516277899028895,4809,23,"DYNC1I1;DYNLT4;DYNLT2;NUDCD3;DYNLRB2;DYNC2H1;DYNLT3"
"GOCC_CYTOPLASMIC_EXOSOME_RNASE_COMPLEX",0.525403932256181,1,-0.436447982796776,-0.95617934447969,2698,14,"CARHSP1;EXOSC5;EXOSC8;EXOSC9;EXOSC7;EXOSC3;EXOSC10;EXOSC6;EXOSC4"
"GOCC_CYTOPLASMIC_REGION",0.226469876602952,1,0.287801811958202,1.06960483928168,935,344,"CFAP107;TEKT4;INSC;MNS1;CFAP52;CFAP95;EFHB;TEKT1;CFAP126;SPAG17;CFAP73;DRC1;MYO5B;LRRK2;CFAP161;CFAP45;DRC7;DNAH3;RP1;CFAP144;IQUB;DNAI3;DNAI7;DNAI2;CYS1;PACRG;GRIK2;CFAP90;CFAP61;TEKT3;SPAG8;RSPH1;DNAJB13;CFAP74;GUCY1B1;DNAI4;CFAP141;RAB27B;TEKTIP1;DYNLT4;DNAI1;ENKUR;KIF17;HAP1;DLG2;CHRNA2;SYBU;CFAP44;CFAP221;EFHC2;CFAP43;MGARP;DCDC2;RIBC1;CCDC39;CFAP65;DNAH9;RIMS1;AKAP14;NME9;RSPH4A;EFCAB6;GLI1;ERICH3;PHLDB2;CFAP53;CLXN;ARMCX1;CFAP46;DNAH11;DNAH5;BBS5;BBOF1;RSPH10B2;IFT70A;HYDIN;AGBL4;RSPH3;IFT70B;ERC1;DNAH7;CTNNB1;SPEF1;CFAP184;DYDC2;CFAP70"
"GOCC_CYTOPLASMIC_RIBONUCLEOPROTEIN_GRANULE",1,1,-0.180725404631498,-0.633258920903085,5756,239,"ZAR1L;ASZ1;TDRD1;LIN28A;GRB7;TDRD9;FLG;APOBEC3D;MOBP;NANOS2;APOBEC3H;MYH1;PIWIL3;ZC3H12A;SNRPG;TRIM71;LSM6;SMN2;PAN2;TRIM21;MAEL;CPEB1;CNOT9;RBM20;PSMA2;CIRBP;ZC3H12C;LSM14A;TNRC6C"
"GOCC_CYTOPLASMIC_SIDE_OF_ENDOPLASMIC_RETICULUM_MEMBRANE",0.801512673753066,1,0.299403753810766,0.803493565668036,3920,33,"ITPR3;EPM2A;EPM2AIP1;KDSR;ALG1;SPPL3;THADA;SQLE;HM13;ALG13"
"GOCC_CYTOPLASMIC_SIDE_OF_ENDOSOME_MEMBRANE",0.860474548773068,1,0.3715833182885,0.66461252446441,4242,6,"LITAF;RAB21;MICALL1;RAB5A"
"GOCC_CYTOPLASMIC_SIDE_OF_LYSOSOMAL_MEMBRANE",0.983033524121014,1,0.23197775209477,0.504613365528597,4808,13,"EEF1A2;LITAF;EEF1A1;GFAP;BORCS7;BORCS5;BORCS6;CDIP1;SNAPIN;KXD1;BLOC1S2;BORCS8;BLOC1S1"
"GOCC_CYTOPLASMIC_SIDE_OF_MEMBRANE",0.99628079962808,1,0.212677747833583,0.756456294388401,4285,215,"CNR2;NCF1;ITPR3;C3;PLEKHA4;GNAT1;GNAT2;TH;PGM5;NTSR1;LRRK2;ALOX15;KCNIP1;EPM2A;SHROOM4;MYZAP;PTPN4;JAK1;GEM;RASGRP4;EEF1A2;LITAF;CFP;EPN3;TRAF3IP2;SPTB;GNG12;TIRAP;RGS1;JAK2;PTEN;PTPRC;LDLRAP1;PTPN7;GNB4;IQGAP1;EPM2AIP1;RGS4;GNG7;HCK;AP2A1;STAC;KDSR;GNAL;SAMD12;PPP3CA;GM2A;JAK3;KCNAB2;CHMP4C;ALG1;EFCAB7;LYN;GPR88;EEF1A1;SPPL3;MYH10;THADA;FARP1;AKAP5;GNAI1;SQLE"
"GOCC_CYTOPLASMIC_SIDE_OF_MITOCHONDRIAL_OUTER_MEMBRANE",0.637162837162837,1,0.512435675465272,0.882901257624433,3188,5,"LRRK2;QTRT2"
"GOCC_CYTOPLASMIC_SIDE_OF_PLASMA_MEMBRANE",0.99841628959276,1,0.207953246095712,0.713395066018368,4412,157,"CNR2;NCF1;PLEKHA4;GNAT1;GNAT2;TH;PGM5;NTSR1;ALOX15;KCNIP1;SHROOM4;MYZAP;PTPN4;JAK1;GEM;RASGRP4;LITAF;EPN3;TRAF3IP2;SPTB;GNG12;TIRAP;RGS1;JAK2;PTEN;PTPRC;LDLRAP1;PTPN7;GNB4;IQGAP1;RGS4;GNG7;HCK;AP2A1;STAC;GNAL;SAMD12;PPP3CA;GM2A;JAK3;KCNAB2;CHMP4C;EFCAB7;LYN;GPR88;MYH10;FARP1;AKAP5;GNAI1"
"GOCC_CYTOPLASMIC_SIDE_OF_ROUGH_ENDOPLASMIC_RETICULUM_MEMBRANE",0.891231527093596,1,-0.347584029377563,-0.644758933503551,4522,7,"RPS29;RPS28;RPS26"
"GOCC_CYTOPLASMIC_STRESS_GRANULE",1,1,0.147831118954246,0.474889716817809,4553,96,"BPI;PKP1;PABPC4L;RNF135;TRIM25;RBFOX1;PABPC5;ATXN2;ZFP36;QKI;RC3H1;HABP4;DYRK3;PABPC1L2B;DDX6;PABPC1;NANOS3;PABPC1L2A;STAU2;MOV10;LARP1;MBNL1;IGF2BP3;VCP;ZNFX1;IGF2BP2;FXR1;DDX19A"
"GOCC_CYTOPLASMIC_UBIQUITIN_LIGASE_COMPLEX",0.993049877350777,1,0.209946547240682,0.456689630051025,4857,13,"SEL1L;FAM8A1;OS9;VCP;MARCHF6;UBE2J1;PLAA"
"GOCC_CYTOSOLIC_4FE_4S_ASSEMBLY_TARGETING_COMPLEX",0.481379310344828,1,-0.546833249079223,-1.01436082409188,2442,7,"CIAO2B;CIAO3;NDOR1;CIAO2A;CIAO1;CIAPIN1;MMS19"
"GOCC_CYTOSOLIC_LARGE_RIBOSOMAL_SUBUNIT",0.214830346930995,1,-0.396589968827016,-1.15024259123481,1126,55,"TIFAB;RPL3L;RPL36;RPL39;RPL37A;RPL37;RPL41;RPL36AL;RPL35A;RPL35;RPL36A;RPLP2;RPL34;UBA52;RPL26L1;RPL24;RPL31;RPL30;RPL8;RPL38;RPLP1"
"GOCC_CYTOSOLIC_REGION",0.995454545454545,1,0.203948081998626,0.573298577151281,4817,42,"LRRK2;CALB1;NEDD4;SH3GL2;PPT1;PLCB1;KIF5A;CALM1;SYT1;ARL6IP5;PLCB3;SENP1;ANKS1B;PIAS3;KIF5B;FBXO45;PIAS1;SENP5;CALM3;DAG1;HOMER1;GNAQ;USP14;UBE3A;SENP7;SUMO1;STXBP1;PIN1;C9orf72;FUS;FABP5;BAIAP2;PNKD;KIF5C;HTT;UBE2I;PRKCB;DBN1;SUMO2;CALM2;GDI1"
"GOCC_CYTOSOLIC_RIBOSOME",0.560087399854334,1,-0.295115863235635,-0.953090519062157,3075,116,"TIFAB;RPL3L;RPS29;RPS21;RPL36;RPL39;RPS27;RPS27L;RPL37A;RPL37;RPL41;RPL36AL;RPS28;RPL35A;RPL35;RPL36A;RPLP2;RPS25;RPS13;RPS26;RPS11;FAU;RPS19;RPS23;RPL34;ISG15;UBA52;RPS14;RPS17;RPL26L1;RPL24;RPL31;RPL30;ZNF598;RPL8;RPS27A;RPS18;RPL38;RPLP1;UBB"
"GOCC_CYTOSOLIC_SMALL_RIBOSOMAL_SUBUNIT",0.24873786407767,1,-0.417251129965306,-1.13644371729287,1280,39,"RPS29;RPS21;RPS27;RPS27L;RPS28;RPS25;RPS13;RPS26;RPS11;FAU;RPS19;RPS23;RPS14;RPS17;RPS27A;RPS18"
"GOCC_CYTOSOLIC_TRANSLATION_PREINITIATION_COMPLEX",0.986967314853124,1,0.226537099920526,0.537065720471758,4770,19,"EIF3CL;EIF3L;EIF3M;EIF3E;EIF3F;EIF3D;EIF3H;EIF1AX;DHX29;EIF3I;EIF3J;EIF3K;EIF3A;EIF3G;EIF3B;EIF2S1;EIF3C;EIF1;EIF1B"
"GOCC_DEATH_INDUCING_SIGNALING_COMPLEX",0.967414634146341,1,-0.269728759209946,-0.530729766707411,4957,9,"CASP3;CASP10"
"GOCC_DECOY_RECEPTOR_COMPLEX",0.508104862917751,1,-0.584508843353305,-1.00865792905302,2538,5,"IL18;TNFRSF6B"
"GOCC_DENDRITE_CYTOPLASM",0.814654282765738,1,0.302441839932297,0.783301852401319,3946,28,"LRRK2;GRIK2;KIF17;KIFAP3;CDKL5;KIF5A;KIF3B;STAU2"
"GOCC_DENDRITE_TERMINUS",0.267203967761934,1,0.509249539169719,1.15877111432128,1292,16,"GPR179;SLC32A1;CALB2;COBL;CDKL5;PTCH1"
"GOCC_DENDRITIC_GROWTH_CONE",0.604878048780488,1,0.470520205680479,0.903941332848475,2975,8,"COBL;CDKL5;PTCH1;TAOK2;HSP90AB1;HSP90AA1;MAP2"
"GOCC_DENDRITIC_SPINE_HEAD",0.65902171706921,1,0.462338561792716,0.85776602933221,3246,7,"GPER1;SRGAP2;TACR3;RGS7BP"
"GOCC_DENSE_BODY",0.433766233766234,1,0.620342505137341,1.06881937415141,2170,5,"PIWIL1;SND1;ACTG1"
"GOCC_DENSE_CORE_GRANULE",0.160976619077178,1,0.419362073015811,1.2015657629593,777,47,"NPY;IGF1;CALCA;PENK;SCG2;OPRD1;CRH;GHRL;PLCB2;PDYN;SYT2;SLC6A5"
"GOCC_DENSE_CORE_GRANULE_LUMEN",0.437436625430947,1,0.592301358179314,1.05938797983826,2156,6,"IGF1;PENK;CRH;GHRL"
"GOCC_DENSE_CORE_GRANULE_MEMBRANE",0.783645320197044,1,-0.410524027934092,-0.761510921265167,3976,7,"ADAM8;CADPS"
"GOCC_DERLIN_1_RETROTRANSLOCATION_COMPLEX",0.603048780487805,1,0.47142025783744,0.905670470803815,2966,8,"SEL1L;AMFR;HM13;VCP;DERL1"
"GOCC_DESMOSOME",0.199534613147179,1,-0.470006637634793,-1.20437128415972,1028,28,"PKP3;XIRP1;DSC1;DSG3;CDH1"
"GOCC_DNA_DEPENDENT_PROTEIN_KINASE_COMPLEX",0.743656343656344,1,0.450829288857385,0.776756508501699,3721,5,"UVRAG;ZBTB7A;PRKDC;XRCC5"
"GOCC_DNA_DEPENDENT_PROTEIN_KINASE_DNA_LIGASE_4_COMPLEX",0.776748768472906,1,-0.413844153968369,-0.767669664878304,3941,7,"XRCC4;XRCC6;NHEJ1;LIG4;XRCC5;PRKDC;ATP23"
"GOCC_DNA_LIGASE_III_XRCC1_COMPLEX",0.75448275862069,1,-0.424929587636311,-0.788232843232518,3828,7,"APTX;POLB;PNKP;XRCC1;TDP1;APLF;LIG3"
"GOCC_DNA_POLYMERASE_COMPLEX",0.578173374613003,1,-0.389502797604771,-0.91962741791407,2987,19,"POLD1;PRIM2;POLE3;POLE4;POLG2;MAD2L2;POLG;MCM3;POLD4;PRIM1;POLD3;POLE2"
"GOCC_DNA_RECOMBINASE_MEDIATOR_COMPLEX",0.801970443349754,1,-0.400769932687856,-0.743417339521733,4069,7,"RAD51C;XRCC3;XRCC2;SWI5"
"GOCC_DNA_REPAIR_COMPLEX",0.542934677263035,1,-0.373348633490005,-0.944572312528386,2800,26,"MSH4;PAXX;BRCA2;FANCD2;FANCI;PALB2;BRCA1;KDM1A;XRCC4;MSH5;XRCC6;NHEJ1;FIRRM;PHF21A"
"GOCC_DNA_REPLICATION_FACTOR_A_COMPLEX",0.500782778864971,1,-0.454382220103581,-0.977264665338524,2558,13,"RPA3;RPA4;BCAS2;TONSL;PLRG1;RPA2"
"GOCC_DNA_REPLICATION_FACTOR_C_COMPLEX",0.799279567740644,1,-0.423769394434334,-0.731277832058093,3993,5,"RFC4;RFC2;RFC5;RFC3"
"GOCC_DNA_REPLICATION_PREINITIATION_COMPLEX",0.214565387627251,1,-0.584258368371808,-1.23402965595843,1095,12,"MCM7;GINS1;MCM4;CDC45;MCM2;GINS2;MCM3;MCM5"
"GOCC_DRM_COMPLEX",0.956326769350751,1,-0.28013723365836,-0.580049538722628,4904,11,"E2F4;TFDP1;LIN9;LIN37;TFDP2;LIN52;RBL2;RBBP4;RBL1;LIN54;E2F5"
"GOCC_DYNACTIN_COMPLEX",0.824588880187941,1,-0.352197623605042,-0.743887183846244,4211,12,"ACTR1B;DCTN3;DCTN5;ACTB;DCTN6;ACTR1A;CAPZB;DCTN4;ACTR10;DCTN1;CAPZA1;DCTN2"
"GOCC_DYNEIN_COMPLEX",0.899430740037951,1,0.262452778299413,0.768403533587204,4265,53,"DRC1;DNAH3;DNAI3;DNAI7;DNAI2;DNAI4;DYNC1I1;DYNLT4;DNAI1;DNAH9;DNAH11;DYNLT2;DNAH5;DNAH7;NUDCD3;CFAP70;DYNLRB2"
"GOCC_DYSTROGLYCAN_COMPLEX",0.154455043637102,1,0.711051741099519,1.31919783253152,760,7,"SGCD;SGCZ;SGCG;SGCA"
"GOCC_DYSTROPHIN_ASSOCIATED_GLYCOPROTEIN_COMPLEX",0.191234236096754,1,0.51008880840184,1.22460259002538,924,20,"SNTB1;PGM5;SSPN;SGCD;SGCZ;KRT19;DMD;SGCG;SNTA1;SGCA"
"GOCC_EARLY_ENDOSOME",1,1,0.201641004276414,0.763970053642352,4023,447,"F8A3;GPNMB;CD1E;FGD2;SLC35D3;CD8B;SLC5A1;WNT3A;HAVCR2;GPER1;RCSD1;HSD17B6;RAB20;CYTIP;ARAP1;SPHK1;RIN3;ATP13A4;HFE;ATP6V0D2;CD22;RASEF;DKK1;TMEM72;SLC5A7;NTRK2;LDLRAD4;CD4;WLS;RAB38;VCAM1;ANGPTL3;TICAM1;MLC1;GRIA1;RHOD;KIAA0319;PCSK9;FGD5;SLC30A10;APOE;ACKR2;ANXA2;EHD2;DNER;HAP1;SGK3;APOC3;EGFR;ZFYVE28;APOA4;EPHB1;PLPP2;SLC2A13;SLC9A6;DYSF;LITAF;HLA-B;ACKR3;C8orf44-SGK3;PMEPA1;MAGEL2;UVRAG;SH3GL2;SLC1A1;SAMD9L;UBXN6;MR1;INPP5F;TMEM63A;ASTN2;NRP1;NIPA1;KCNH1;TLR9;RAB11FIP5;MARCHF3;LDLRAP1;NSG2;PACSIN2;ATP7A;SLC9A9;CLCN5;HLA-E;LNPEP;WDFY4;ECPAS;CXCR4;VPS41;VPS35;MELTF;RHOB;NF2;RAB32;ERBB2;WASF2;PI4K2B;ATP9A;EHD3;DAGLA;USP8;SNX2;HPS5;FKBP15;CLCN3;CTNS;SIGLEC1;TMEM108;RABGEF1"
"GOCC_EARLY_ENDOSOME_LUMEN",0.758241758241758,1,0.442298835586663,0.762058960533383,3794,5,"RAB38;LNPEP;RAB32;B2M"
"GOCC_EARLY_ENDOSOME_MEMBRANE",1,1,-0.198562679631986,-0.684674882725055,5683,205,"OR51E2;CLEC10A;GPR65;RAB44;PLA2G4E;NTRK1;SNX20;TMEM184A;TBC1D3;CD207;FZD5;KREMEN2"
"GOCC_EARLY_PHAGOSOME",0.362426614481409,1,-0.507759865806209,-1.09206688416708,1851,13,"PLA2G5;SYK"
"GOCC_EARP_COMPLEX",0.589210789210789,1,0.536879261728084,0.925016344620851,2948,5,"VPS51;VPS50;VPS53;VPS52"
"GOCC_EGG_COAT",0.74593165174939,1,-0.510317229810766,-0.795064542489399,3666,3,"ZP3"
"GOCC_EKC_KEOPS_COMPLEX",0.487092255353212,1,-0.593815833827295,-1.02471854104198,2433,5,"LAGE3;TPRKB;GON7;OSGEP"
"GOCC_ELASTIC_FIBER",0.246753246753247,1,0.715554592720971,1.23286507958031,1234,5,"FBLN5;ELN;MFAP4;FBLN1;EFEMP2"
"GOCC_ELG1_RFC_LIKE_COMPLEX",0.721948333662,1,-0.447726845489666,-0.805548568556308,3660,6,"RFC4;RFC2;RFC5;ATAD5;RFC3"
"GOCC_ELONGATOR_HOLOENZYME_COMPLEX",0.946756063892723,1,-0.301101281819823,-0.541740369164499,4800,6,"ELP5;ELP3;ELP2;ELP6;ELP1;ELP4"
"GOCC_ELONGIN_COMPLEX",0.648182002843794,1,-0.534950718659568,-0.882350899033986,3190,4,"ELOC;ELOB"
"GOCC_EMC_COMPLEX",0.924594647392069,1,-0.310859123903073,-0.627980182333414,4732,10,"EMC4;EMC6;EMC8;EMC9;EMC7;EMC3;EMC1;EMC10;EMC2;MMGT1"
"GOCC_ENDOCYTIC_VESICLE",1,1,-0.20234108487973,-0.729114525506083,5877,339,"AVPR2;LTF;CLEC4E;PLD4;CSF3R;CSF3;SLC11A1;HBB;TLR1;PLA2G5;BTC;SCIMP;SLAMF1;HLA-DQA1;HLA-DQB1;STAB1;HP;HBA1;CYBB;CD207;SYK;FZD5;EREG;MPEG1;WNT6;TCIRG1;CD163;HPX;EGF;ADAM8"
"GOCC_ENDOCYTIC_VESICLE_MEMBRANE",0.998592788038698,1,-0.209097363738787,-0.717883923670048,5676,197,"AVPR2;CLEC4E;CSF3R;SLC11A1;TLR1;BTC;HLA-DQA1;HLA-DQB1;STAB1;CYBB;CD207;FZD5;EREG;MPEG1;WNT6;TCIRG1;CD163"
"GOCC_ENDODEOXYRIBONUCLEASE_COMPLEX",0.961777066239744,1,-0.282702789539205,-0.487846186549086,4805,5,"MUS81;EME1"
"GOCC_ENDOLYSOSOME",0.191693944353519,1,0.455912838520507,1.20199570470865,936,30,"CTSS;RASEF;PRKCD;PCSK9;TLR9;CTSK;CTSB;AP2A1;SMPD1;RAP2A;CLTC;SLC48A1;AP2B1;SLC15A4;LDLR;LGMN;MON2"
"GOCC_ENDOLYSOSOME_LUMEN",0.342257742257742,1,0.667267032340814,1.14966800757992,1712,5,"CTSS;CTSK;CTSB;LGMN"
"GOCC_ENDOLYSOSOME_MEMBRANE",0.884686918784873,1,0.306446761275433,0.697303831874328,4280,16,"PCSK9;TLR9;AP2A1;CLTC;AP2B1;SLC15A4;LDLR"
"GOCC_ENDONUCLEASE_COMPLEX",0.463027487417731,1,-0.351821105084856,-0.994432342929806,2391,48,"RPPH1;RPP25L;POP7;MUS81;EME1;RPP21;TSEN54;C18orf21;PELP1;RPP38;POP5;LAS1L;TARBP2;RPP30;CLP1;DGCR8;RPP40;AGO4;HSD17B10;TSEN15;AGO1;TSEN34"
"GOCC_ENDOPEPTIDASE_COMPLEX",0.953252480705623,1,0.237448859852407,0.78329722168282,4322,114,"CFI;CFH;C3;PIPSL;MBL2;COLEC10;PSMB8"
"GOCC_ENDOPLASMIC_RETICULUM_CHAPERONE_COMPLEX",0.42508302402813,1,-0.513852524165366,-1.03805607429579,2175,10,"MZB1"
"GOCC_ENDOPLASMIC_RETICULUM_ENDOSOME_MEMBRANE_CONTACT_SITE",0.851145812208477,1,0.376963438665147,0.6742353875195,4196,6,"OSBPL10;MOSPD2;OSBPL9;TMCC1"
"GOCC_ENDOPLASMIC_RETICULUM_GOLGI_INTERMEDIATE_COMPARTMENT",0.994870651204282,1,0.214433187470622,0.72163267328886,4460,135,"AREG;STING1;RAB37;TGFA;COPZ2;PRRG4;GRIA1;CA4;MAN1A1;PLPP3;TAPBP;MGAT4A;TMED1;UVRAG;TMED5;CNIH3;CD55;CLN8;TMED3;PIEZO1;ECPAS;CHP1;SERPINH1;P4HB;CD59;NUCB1;RAB43;ROBO1;F8;ATP6AP1;TMED10;ZDHHC9;CTSC;HSPA5;FN1;NUCB2;SPPL3;UGGT2;MCFD2;ZDHHC20;TAP1;SURF4;CALR;ERGIC2;GOLGB1;PDIA6;ERGIC1;LAMP5;SEC22B;WHAMM;RGMB;RAB2A;TMED2;TMED9;YIPF7;GBF1;STX17;COPG1;RER1"
"GOCC_ENDOPLASMIC_RETICULUM_GOLGI_INTERMEDIATE_COMPARTMENT_MEMBRANE",0.958037443511943,1,0.241398595151817,0.756815469360464,4451,80,"AREG;STING1;TGFA;COPZ2;PRRG4;GRIA1;PLPP3;TAPBP;TMED1;UVRAG;TMED5;CNIH3;CD55;CLN8;TMED3;PIEZO1;CD59;RAB43;ROBO1;F8;ATP6AP1;TMED10;ZDHHC9;CTSC;SPPL3;MCFD2;ZDHHC20;TAP1;SURF4;CALR;ERGIC2;ERGIC1;LAMP5;SEC22B;WHAMM;RAB2A;TMED2;TMED9"
"GOCC_ENDOPLASMIC_RETICULUM_PLASMA_MEMBRANE_CONTACT_SITE",0.627146361406378,1,0.402281070962661,0.875068420457778,3067,13,"GRAMD1C;GRAMD1B;SARAF;BLTP1;C2CD2L;C1orf43;ESYT3;ESYT2;GRAMD1A"
"GOCC_ENDOPLASMIC_RETICULUM_PROTEIN_CONTAINING_COMPLEX",1,1,-0.157804006119817,-0.516678811090742,5548,129,"RYR1;MZB1"
"GOCC_ENDOPLASMIC_RETICULUM_QUALITY_CONTROL_COMPARTMENT",0.987563155849203,1,-0.219424070527875,-0.547279285514646,5081,24,"ERN2;ASGR2;SEC61B;RNF5;EDEM1;HERPUD1;TRIM13;FBXO6;SYVN1;RNF139;RNF185;RHBDD1;MARCHF6;UGGT1;ERLEC1;DERL1;RNF103;MAN1B1;CALR;EDEM2;UGGT2;EDEM3;AMFR;CANX"
"GOCC_ENDOPLASMIC_RETICULUM_TUBULAR_NETWORK",0.715630114566285,1,0.322792815583101,0.851030164232249,3497,30,"STIM1;LNPK;RAB18;REEP5;ASPH;PARP8;ATL3;C2CD2L;RAB3GAP1;ATL1;REEP1;RAB10;ARL6IP1;REEP3;RNF41;KPNB1;REEP4;TMEM201;SPAST;ATL2;STIMATE;RETREG3;RTN4;ZFYVE27;OSBPL8;EMD;REEP2;ARV1;PARP16;PARP6"
"GOCC_ENDOPLASMIC_RETICULUM_TUBULAR_NETWORK_MEMBRANE",0.574025974025974,1,0.546341542460223,0.941319385096742,2872,5,"LNPK;ATL3;ATL1;ATL2"
"GOCC_ENDOSOME",1,1,0.186497015023461,0.744972236126559,3401,1068,"TBC1D3C;F8A3;GRAP2;ATP10B;GPNMB;ANXA8;CD1E;RNF133;STING1;FGD2;SLC35D3;CD8B;SLC5A1;ACP3;LPAR1;SLC6A4;WNT3A;SH3TC2;HAVCR2;BACE2;GPER1;MBL2;RCSD1;MYO5B;SLC26A7;LRRK2;PLD1;IL2RB;HSD17B6;RAB20;RAB37;RAB7B;CYTIP;AVPR1A;PACSIN3;ARAP1;RASSF9;NCF4;CD1D;OCA2;SPHK1;RIN3;CTSS;ATP13A4;HFE;TMBIM1;ATP6V0D2;SLC30A4;CD22;SLC17A8;RASEF;DKK1;ACE;FFAR4;TMEM72;SLC5A7;NTRK2;IL12A;ATP1A2;LDLRAD4;CD4;WLS;RAB38;VCAM1;ANGPTL3;CUBN;PRKCD;TICAM1;GRB14;ELAPOR1;MLC1;GRIA1;STEAP3;RHOD;KIAA0319;CX3CR1;RNF128;PCSK9;AMN;FGD5;CD68;RET;RILP;RAB27B;DYNC1I1;SLC30A10;APOE;ACKR2;ANXA2;EHD2;PRKAR1B;SLC6A5;DNER;HAP1;SGK3;JAK1;ADCYAP1R1;APOC3;EGFR;ZFYVE28;STEAP1;ANXA6;FCGRT;APOA4;IFITM2;SLC9B2;SLA2;EPHB1;PLPP2;IRAK2;SLC2A13;PTPRN;SLC9A6;DYSF;LITAF;SLA;TNIK;TYRP1;STAMBPL1;TMEM106B;HLA-B;TTPA;ACKR3;PGA4;EPN3;C8orf44-SGK3;PMEPA1;SLC9A7;SNX10;MAGEL2;NEGR1;UVRAG;SH3GL2;TRAPPC9;SLC1A1;SAMD9L;STEAP1B;OSBPL1A;UBXN6;MR1;ATP8A2;INPP5F;SLC39A4;EXPH5;TMEM63A;ARHGAP26;ASTN2;CARMIL1;JAK2;ASTN1;PLIN3;PRLR;NRP1;TOM1L1;NIPA1;YIPF2;KCNH1;TLR9;RAB11FIP5;MARCHF3;RAB13;STS;TGFB2;ANKRD50;CTSD;RAB9B;ATP13A2;TPP1;LDLRAP1;NSG2;ATG9B;PACSIN2;ZDHHC2;UNC93B1;AQP4;SCARB2;ATP7A;TMEM45B;HLA-DPA1;ATP6AP2;CD164;SLC9A9;GOLIM4;CHMP2B;CLCN5;HLA-E;LNPEP;WDFY4;ECPAS;CXCR4;CTSK;CALCRL;RAB3B;VPS41;VPS35;MELTF;RHOB;PGA3;NF2;RNF148;AP5B1;RAB32;VAMP4;CTSB;ERBB2;WASF2;PI4K2B;ATP9A;THSD1;ATP7B;CPNE6;ITM2B;EHD3;DAGLA;ATP6AP1;RAB40B;USP8;SNX2;LAMP2;HPS5;SQSTM1;AP4S1;SLC30A3;AP2A1;FKBP15;RAB3C;RIPK1;CLCN3;CTNS;SIGLEC1;TMEM108;RABGEF1;ATP6V0A4;ABCG1;TPT1;PSEN2;TOM1L2;RAB31;ATG9A;TAB2;ATP6V0D1;SLC31A2;PRKAR1A;UEVLD;VPS37B;HLA-DPB1;CALY;ZFYVE16;SMPD1;IFITM3;NSG1;TMEM192;LAMP3;PSAP;RNF13;JAK3;CHMP4C;MAGI2;PIP4P2;DTX3L;SNX16;ACAP1;VPS51;KIDINS220;RHOV;VPS50;SCAMP1;GRN;ATP6V1H;EHD4;RAP2A;RHOBTB2;EHD1;STOML1;KCNK1;PRKCZ;MARCHF8;MMP14;CLTC;TBC1D5;RFFL;KDR;SNX14;KIF13A;NEURL3;ATP6V0A1;SIAH2;SLC48A1;ASAH1;WASHC2C;KIF16B;NAPEPLD;WDR44;LRP1;ANTXR1;RAB33B;CLEC18A;BACE1;GRIN2B;RAPGEF2;VAMP3;EPN2;AKAP5;SNX21;ITCH;COMMD9;NDFIP1;SFTPD;EHBP1;PDIA3;RABEP1;NGFR;PLD3;SNX6"
"GOCC_ENDOSOME_LUMEN",0.8851246105919,1,-0.279571756105369,-0.74171365303263,4545,34,"PRL;PRF1;NGF;NAPSA;PGA5;PDLIM4;LRP2;SFTPB;CTSH"
"GOCC_ENDOSOME_MEMBRANE",1,1,0.174010939627912,0.671002289687545,3860,582,"ATP10B;GPNMB;ANXA8;FGD2;SLC35D3;CD8B;SLC6A4;WNT3A;SLC26A7;PLD1;HSD17B6;RAB7B;NCF4;CD1D;OCA2;SPHK1;ATP13A4;TMBIM1;ATP6V0D2;SLC30A4;DKK1;FFAR4;TMEM72;SLC5A7;NTRK2;LDLRAD4;WLS;TICAM1;GRB14;ELAPOR1;GRIA1;STEAP3;RHOD;KIAA0319;CX3CR1;PCSK9;AMN;CD68;RET;RILP;RAB27B;SLC30A10;ANXA2;EHD2;EGFR;ZFYVE28;STEAP1;ANXA6;FCGRT;IFITM2;SLC9B2;SLA2;EPHB1;PLPP2;IRAK2;SLC9A6;DYSF;LITAF;TYRP1;TMEM106B;HLA-B;PMEPA1;SLC9A7;SNX10;SLC1A1;UBXN6;MR1;ATP8A2;INPP5F;SLC39A4;TMEM63A;ARHGAP26;PLIN3;TOM1L1;YIPF2;KCNH1;TLR9;RAB11FIP5;MARCHF3;RAB13;CTSD;ATP13A2;NSG2;ATG9B;PACSIN2;ZDHHC2;AQP4;SCARB2;ATP7A;TMEM45B;HLA-DPA1;ATP6AP2;CD164;SLC9A9;GOLIM4;CHMP2B;CLCN5;HLA-E;VPS41;VPS35;RHOB;VAMP4;ERBB2;PI4K2B;ATP9A;THSD1;ITM2B;EHD3;DAGLA;ATP6AP1;USP8;SNX2;LAMP2;SLC30A3;AP2A1;RIPK1;CLCN3;TMEM108;RABGEF1;ATP6V0A4;RAB31;ATG9A;TAB2;ATP6V0D1;SLC31A2;UEVLD;VPS37B;HLA-DPB1;ZFYVE16;IFITM3;NSG1;LAMP3;RNF13;CHMP4C;PIP4P2;DTX3L;SNX16;ACAP1;RHOV;SCAMP1;ATP6V1H;EHD4;RAP2A;RHOBTB2;EHD1;STOML1;MARCHF8;CLTC;TBC1D5;RFFL;SNX14;KIF13A;ATP6V0A1;SLC48A1;WASHC2C;KIF16B;NAPEPLD;WDR44;ANTXR1;BACE1;VAMP3;AKAP5;SNX21;ITCH;COMMD9;NDFIP1;PDIA3;RABEP1;PLD3;SNX6"
"GOCC_ENZYME_ACTIVATOR_COMPLEX",0.602102394393615,1,-0.411645405706712,-0.901841341239502,3092,14,"LAMTOR5;SLC38A9;LAMTOR4;PSMC3IP;LAMTOR2;PCNA"
"GOCC_EPSILON_DNA_POLYMERASE_COMPLEX",0.758455073043826,1,-0.447087876192068,-0.771517379818365,3789,5,"POLE3;POLE4;POLE2;POLE"
"GOCC_ER_MEMBRANE_INSERTION_COMPLEX",0.978211716341213,1,0.239173619388161,0.529361364730435,4758,14,"NOMO1;NOMO3;NOMO2;UBL4A;SGTA;CCDC47;TMCO1;SGTB;NCLN;WDR83OS;TMEM147;BAG6;GET4;RAB5IF"
"GOCC_ER_TO_GOLGI_TRANSPORT_VESICLE_MEMBRANE",0.976887192536047,1,0.234294268253311,0.699283308677071,4606,59,"AREG;SEC16B;TGFA;GRIA1;CRYZL2P-SEC16B;SEC24D;HLA-B;CNIH3;HLA-DPA1;HLA-E;CD59;TMED10;HLA-DPB1;MCFD2;SEC31A;PEF1;SEC22B;SEC24B;TMED2;SAR1B;STX17;SAR1A;B2M;SREBF2;STX5;HLA-C;VTI1A;SCAP;USO1"
"GOCC_ER_UBIQUITIN_LIGASE_COMPLEX",0.833976050334889,1,0.378376391181991,0.701992958144685,4108,7,"SEL1L;FAM8A1;OS9;MARCHF6;UBE2J1"
"GOCC_ESC_E_Z_COMPLEX",0.826457485957776,1,-0.329395254103689,-0.747756304853693,4266,16,"PHF1;EZH2;MTF2;LCOR;SIRT1;EED;HDAC2;RBBP7;JARID2"
"GOCC_ESCRT_COMPLEX",0.988164532402018,1,-0.230052038161318,-0.592976179683731,5092,29,"UBAP1L;DIAPH3;CHMP1B;VPS37A;VPS37D;VPS25;SNF8;VPS28;CHMP2A;VPS37C;TSG101;HGS;CHMP4A;CHMP5;STAM;MVB12A;CHMP7;CHMP1A;CHMP6;STAM2;VPS36;CHMP3;CHMP4B;UBAP1;MVB12B;CHMP4C;VPS37B;UEVLD;CHMP2B"
"GOCC_ESCRT_I_COMPLEX",0.922670321064996,1,-0.302917595359041,-0.639801355394176,4712,12,"UBAP1L;DIAPH3;VPS37A;VPS37D;VPS28;VPS37C;TSG101"
"GOCC_EUCHROMATIN",0.553038323099725,1,0.318707868678683,0.948687263261205,2611,58,"NR1H4;MYOD1;KLF4;H1-3;H1-4;H1-5"
"GOCC_EUKARYOTIC_48S_PREINITIATION_COMPLEX",0.963439966763606,1,0.257368877329866,0.593438731036993,4637,17,"EIF3CL;EIF3L;EIF3M;EIF3E;EIF3F;EIF3D;EIF3H;EIF1AX;EIF3I;EIF3J;EIF3K;EIF3A;EIF3G;EIF3B;EIF2S1;EIF3C;EIF1"
"GOCC_EUKARYOTIC_TRANSLATION_ELONGATION_FACTOR_1_COMPLEX",0.305094905094905,1,0.686985018302375,1.18364111959534,1526,5,"EEF1A2;EEF1A1;EEF1G;EEF1D"
"GOCC_EUKARYOTIC_TRANSLATION_INITIATION_FACTOR_2_COMPLEX",0.465334665334665,1,0.603003664152865,1.03894541095195,2328,5,"EIF2S3B;EIF2A"
"GOCC_EUKARYOTIC_TRANSLATION_INITIATION_FACTOR_2B_COMPLEX",0.879927956774064,1,-0.36644280762565,-0.632352183648058,4396,5,"EIF2B4;EIF2B1;EIF2B5;EIF2B3;EIF2B2"
"GOCC_EUKARYOTIC_TRANSLATION_INITIATION_FACTOR_3_COMPLEX",0.936143831370118,1,0.281670856368922,0.640927535523341,4529,16,"EIF3CL;EIF3L;EIF3M;EIF3E;EIF3F;EIF3D;EIF3H;DDX3X"
"GOCC_EUKARYOTIC_TRANSLATION_INITIATION_FACTOR_3_COMPLEX_EIF3M",0.801096001623706,1,0.396367444211743,0.735371342290271,3946,7,"EIF3M;EIF3F;EIF3D;EIF3H;EIF3I;EIF3A;EIF3B"
"GOCC_EUKARYOTIC_TRANSLATION_INITIATION_FACTOR_4F_COMPLEX",0.465862632869992,1,0.456767133601346,0.993590111414059,2278,13,"EIF4E1B;EIF4G3;EIF4B"
"GOCC_EXCITATORY_SYNAPSE",0.496585574050363,1,0.317100030423688,0.976372817911889,2326,71,"CBLN1;FGFR2;CNTN6;SLC17A8;SRPX2;GRID2;GRIA1;KCNJ3;GRIN1;GRIA2;NLGN3;PLXNC1;ADCY8;CALB2;UNC13C;PLXNA4;NLGN4Y;ADGRB3;ATP2B3;CBLN3"
"GOCC_EXOCYST",0.790610718737017,1,0.336373647994284,0.77560718642824,3805,17,"EXOC3L4;EXOC4;EXOC2;EXOC8;MYRIP;RAB10;EXOC6;EXOC6B;SH3BP1;EXOC7"
"GOCC_EXON_EXON_JUNCTION_COMPLEX",0.552631578947368,1,-0.386760496066117,-0.935760368045666,2855,21,"MAGOH;PYM1;ALYREF;RBM8A;UPF3A;SAP18;SRSF1;PNN;ACIN1;RNPS1"
"GOCC_EXORIBONUCLEASE_COMPLEX",0.519674355495251,1,-0.379883703277054,-0.961106043812156,2680,26,"PAN2;CARHSP1;EXOSC5;EXOSC8;LAS1L;EXOSC9;EXOSC7;MPHOSPH6;EXOSC3;EXOSC10;WDR74;SUPV3L1;PNPT1;EXOSC6;EXOSC4;NVL"
"GOCC_EXOSOME_RNASE_COMPLEX",0.841331269349845,1,-0.309462217146834,-0.748738511712025,4347,21,"CARHSP1;EXOSC5;EXOSC8;EXOSC9;EXOSC7;MPHOSPH6;EXOSC3;EXOSC10;WDR74;EXOSC6;EXOSC4;NVL"
"GOCC_EXTERNAL_SIDE_OF_APICAL_PLASMA_MEMBRANE",0.568647333198134,1,0.525123991050312,0.939234793844555,2803,6,"ABCG2;ABCB1"
"GOCC_EXTERNAL_SIDE_OF_PLASMA_MEMBRANE",0.603436543041851,1,-0.266817026325616,-0.956424547297201,3546,312,"CCR6;MUC16;CLEC4E;CXCR6;CXCR2;FCRL5;CSF3R;PDCD1LG2;TNF;FCN1;CLEC10A;CCR7;CSF2RB;CCR1;ITGB2;IL12RB1;IZUMO1R;P2RX1;CD19;SLAMF1;CD40LG;IL3RA;BTNL8;ENPEP;ANPEP;MPL;HHLA2;CLEC4A;CLEC4D;FCGR2A;F10;ACKR4;MOG;SLC22A11;CD163L1;CD207;COLEC11;FCGR2C;MS4A1;IL5RA;BTN1A1;ADAM29;PLAU;LY6G6C;CD163;THBD;MICB;FGG;EPOR;BTN2A2;ITGB6;TLR4;CD274;CD14;ST14;TNFRSF14;FOLR1;BTNL9;SCNN1A;LAG3;LY6G6D;TRPM8;ULBP2;CD40;ASGR2;ADAM21;LRP2"
"GOCC_EXTRINSIC_COMPONENT_OF_CYTOPLASMIC_SIDE_OF_PLASMA_MEMBRANE",0.881928703894498,1,0.271285030677884,0.77154950445266,4279,45,"CNR2;PLEKHA4;GNAT1;GNAT2;JAK1;TRAF3IP2;GNG12;TIRAP;JAK2;GNB4;GNG7;GNAL;JAK3;GPR88"
"GOCC_EXTRINSIC_COMPONENT_OF_MEMBRANE",0.378054298642534,1,0.299128074292527,1.02399106739205,1670,155,"PIK3R6;CDH19;KIAA1755;CNR2;GFRA3;PLEKHA4;GNAT1;GNAT2;RPH3A;NOD2;ARAP1;CUBN;PCSK9;CDH11;JAK1;CDH18;CDH22;PRNP;CDH9;TRAF3IP2;SNX10;GNG12;UVRAG;VWC2;TIRAP;JAK2;CDH10;SYN3;CDH4;CDH6;GFRA2;CDH17;SNAP91;GNB4;SYN1;CDH3;CDHR3;CTNNB1;GNG7;CDH23;ATP6V1C1;PIK3R2;DNAJC6;GNAL"
"GOCC_EXTRINSIC_COMPONENT_OF_MITOCHONDRIAL_INNER_MEMBRANE",0.554285714285714,1,-0.513077053317613,-0.951743997831572,2812,7,"COQ3;COQ8A;COQ5"
"GOCC_EXTRINSIC_COMPONENT_OF_ORGANELLE_MEMBRANE",0.995870328308899,1,0.202384823848239,0.515639997744287,4822,26,"RPH3A;SNX10;SYN3;SYN1;ATP6V1C1"
"GOCC_EXTRINSIC_COMPONENT_OF_PLASMA_MEMBRANE",0.426748790145183,1,0.313594172144776,1.0107397701472,1939,98,"CDH19;CNR2;PLEKHA4;GNAT1;GNAT2;NOD2;ARAP1;CUBN;PCSK9;CDH11;JAK1;CDH18;CDH22;CDH9;TRAF3IP2;GNG12;VWC2;TIRAP;JAK2;CDH10;CDH4;CDH6;CDH17;SNAP91;GNB4;CDH3;CDHR3;CTNNB1;GNG7;CDH23;DNAJC6;GNAL"
"GOCC_EXTRINSIC_COMPONENT_OF_POSTSYNAPTIC_MEMBRANE",0.721960221447611,1,0.409802291276427,0.809380451250457,3520,9,"VWC2;FARP1;AKAP9;CTNNA2;PPP1R9B;CNKSR2;RNF10"
"GOCC_EXTRINSIC_COMPONENT_OF_PRESYNAPTIC_ENDOCYTIC_ZONE_MEMBRANE",0.545254745254745,1,0.5605141536684,0.965738091401997,2728,5,"SNAP91;DNAJC6;AP2B1;PICALM;AP2M1"
"GOCC_EXTRINSIC_COMPONENT_OF_PRESYNAPTIC_MEMBRANE",0.657195047696367,1,0.462942841547264,0.858887135570146,3237,7,"SNAP91;DNAJC6;AP2B1;CTNNA2;PICALM;AP2M1"
"GOCC_EXTRINSIC_COMPONENT_OF_SYNAPTIC_MEMBRANE",0.507542880760488,1,0.423603937142557,0.963888955253374,2455,16,"VWC2;SNAP91;DNAJC6;FARP1;AP2B1;AKAP9;CTNNA2;SARM1;PICALM;PPP1R9B;AP2M1;CNKSR2;RNF10"
"GOCC_EXTRINSIC_COMPONENT_OF_SYNAPTIC_VESICLE_MEMBRANE",0.893499591169256,1,0.312485880192372,0.679739976183663,4370,13,"RPH3A;SYN3;SYN1;ATP6V1C1;BTBD8;ATP6V1A"
"GOCC_F_ACTIN_CAPPING_PROTEIN_COMPLEX",0.549556650246305,1,-0.51536078137903,-0.955980251355442,2788,7,"CAPG"
"GOCC_FANCONI_ANAEMIA_NUCLEAR_COMPLEX",0.33385518590998,1,-0.518309744727276,-1.11475708514107,1705,13,"FANCG;FANCA;FANCE;FANCB;CENPX;CENPS;FAAP100;FANCL;FAAP24"
"GOCC_FAR_SIN_STRIPAK_COMPLEX",0.928749480681346,1,0.280486923854934,0.646744104772246,4470,17,"SLMAP;STRN3;CTTNBP2NL;STK26;PPP2R1A;SIKE1;STRN;CTTNBP2;PPP2CA;STK25;STRIP1;STK24;PDCD10;STRN4"
"GOCC_FASCIA_ADHERENS",0.978861788617886,1,0.253520618741444,0.487051912421663,4815,8,"NRAP;CTNNB1;VCL;CTNNA3;DSP"
"GOCC_FC_RECEPTOR_COMPLEX",0.759929217459693,1,0.501382853709133,0.780891472439938,3864,3,"MS4A2;FCER1G"
"GOCC_FEMALE_GERM_CELL_NUCLEUS",0.482317682317682,1,0.594175878056586,1.02373557326965,2413,5,"STPG4;MARCKS;GTF2B;AURKA;WAPL"
"GOCC_FEMALE_PRONUCLEUS",0.99335807774956,1,-0.215952180850631,-0.436254494328957,5084,10,"DPPA3;METTL23;TET3;TBP;AKAP8"
"GOCC_FHF_COMPLEX",0.175157296529328,1,0.698588713810981,1.29607546655517,862,7,"FHIP1A;HOOK1;HOOK3;FHIP2A"
"GOCC_FIBRILLAR_CENTER",0.951634275618375,1,0.239543475533522,0.776510305557465,4308,101,"HOXB5;NFIB;RGS22;CEMIP;NFIC;EN2;BNC2;ZNF385B;FOXL2NB;CNTNAP5"
"GOCC_FIBRINOGEN_COMPLEX",0.653876426603699,1,-0.455357144084113,-0.870034305399421,3322,8,"FGL1;SERPINF2;FGG"
"GOCC_FICOLIN_1_RICH_GRANULE",0.176027274358514,1,-0.333928796292874,-1.12885494016778,980,175,"LRG1;FPR2;SLC11A1;FCN1;HBB;SERPINB10;LILRB2;MMP9;ITGB2;DSC1;SERPINA1;HK3;CLEC4D;MVP;GSDMD;HSPA6;TCIRG1;MGAM;ADAM8;GMFG"
"GOCC_FICOLIN_1_RICH_GRANULE_LUMEN",0.330624774286746,1,-0.325297323014379,-1.05597585713475,1830,120,"LRG1;FCN1;HBB;MMP9;SERPINA1;HK3;MVP;GSDMD;HSPA6"
"GOCC_FICOLIN_1_RICH_GRANULE_MEMBRANE",0.301181852840259,1,-0.374312206176522,-1.08562968255785,1579,55,"FPR2;SLC11A1;SERPINB10;LILRB2;ITGB2;DSC1;CLEC4D;TCIRG1;MGAM;ADAM8;NCKAP1L"
"GOCC_FILAMENTOUS_ACTIN",0.329603455045151,1,-0.415385446551304,-1.08005553540506,1678,31,"MYO1A;LDB3;TMSB15A;TMSB15B;PDLIM4;TMSB15C;DIAPH3;MYO6;KPTN;PDLIM7;PDLIM3"
"GOCC_FILOPODIUM",0.979240282685512,1,0.228018824615346,0.739151700043436,4433,101,"ERMN;ACP3;TRPV4;SPATA13;CD302;ITGB3;VCAM1;UNC5C;ADGRA2;KITLG;EPHB1;DMD;TBC1D10C;MSN;TWF1;RAPGEF3;B4GALT1;NF2;FGF13;RDX;SPEF1;SHTN1;AP2A1;LCP1;FZD9;ACTA2;MYO3A;ANTXR1;FARP1;ARL4C;ITGAV;INPPL1;ITGB1"
"GOCC_FILOPODIUM_MEMBRANE",0.2823016202742,1,0.496351363427406,1.1444822945057,1358,17,"ITGB3;DMD;TBC1D10C;NF2;FZD9;ANTXR1;ITGAV;UTRN"
"GOCC_FILOPODIUM_TIP",0.998457087753134,1,-0.172741393635083,-0.402983975344712,5176,18,"MYO3B;CIB1;MYO10;OSBPL3;MORN4;FMR1;ABI2;UBE2K;FZD3;MYO5A;TTYH1;VIL1;ABI1;ABITRAM;NLGN1;MYO3A;AP2A1;EPHB1"
"GOCC_FILTRATION_DIAPHRAGM",0.915973208849198,1,0.323837340595419,0.600807920314839,4512,7,"TRPC6;IQGAP1;NPHS1;MAGI2"
"GOCC_FLEMMING_BODY",0.583058732312464,1,-0.363954190968984,-0.92080436616135,3007,26,"OR2A4;CAPG"
"GOCC_FLOTILLIN_COMPLEX",0.882536585365854,1,-0.341364903980267,-0.671684088794283,4522,9,"CDH1;SORBS1;SLC6A3;FLOT1;CORO1C"
"GOCC_G_PROTEIN_COUPLED_RECEPTOR_COMPLEX",0.474241794765268,1,0.428897955485863,0.988948862381953,2282,17,"CMKLR1;CXCL8;DRD1;CALCR;CMKLR2;RAMP2;GABBR2;RAMP1"
"GOCC_G_PROTEIN_COUPLED_RECEPTOR_DIMERIC_COMPLEX",0.768824842703471,1,0.412215117691398,0.764773163981476,3787,7,"RAMP2;GABBR2;CALCRL;GABBR1;GPR156"
"GOCC_GABA_RECEPTOR_COMPLEX",0.77692784783957,1,0.330844811481706,0.794280145660011,3757,20,"GABRE;GABRA1;GABRA2;GABRR1;GABRA3;GABRB1;GABRG2;GABBR2;GABRA5;GABRG3"
"GOCC_GAMMA_DELTA_T_CELL_RECEPTOR_COMPLEX",0.767597325992922,1,0.494900414717832,0.770795233026342,3903,3,"CD3E"
"GOCC_GAMMA_SECRETASE_COMPLEX",0.981477832512315,1,-0.252617895573048,-0.468599334742921,4980,7,"PSENEN;NCSTN;APH1B;APH1A;PSEN1;PSEN2;TMED10"
"GOCC_GAMMA_TUBULIN_COMPLEX",0.798568111455108,1,-0.328010981865472,-0.774443454977402,4126,19,"MZT2A;MZT2B;MZT1;BRCA1;BLOC1S2;TUBGCP6;TUBG1;NME7;ACTB;TUBGCP3;MARK4;PDE4B;TUBGCP5;CPAP;TUBGCP4;TUBGCP2;CDK5RAP2;TOPORS;TUBG2"
"GOCC_GAMMA_TUBULIN_RING_COMPLEX",0.885552739325405,1,-0.327916215240159,-0.678980251592299,4541,11,"MZT2A;MZT2B;MZT1;BRCA1;TUBGCP6;TUBG1;NME7;TUBGCP5;TUBGCP4;CDK5RAP2;TUBG2"
"GOCC_GAP_JUNCTION",0.387776171794342,1,0.40948937321457,1.04330500412918,1877,26,"GJA8;GJB1;GJC3;CCN3;GJA3;GJB3"
"GOCC_GARP_COMPLEX",0.684515484515484,1,0.484089896242305,0.83406288566374,3425,5,"VPS51;VPS53;VPS54;VPS52"
"GOCC_GATOR1_COMPLEX",0.966780068040825,1,-0.276140958983247,-0.476522760916381,4830,5,"DEPDC5;NPRL2;SZT2;RRAGA;NPRL3"
"GOCC_GATOR2_COMPLEX",0.890621793556331,1,0.327374503430842,0.682072983929295,4339,11,"SESN3;WDR59;SESN1;SZT2;CASTOR1;SEC13;SESN2;SEH1L;WDR24;MIOS;CASTOR2"
"GOCC_GBAF_COMPLEX",0.979650565262076,1,0.236355494133447,0.523124027039794,4765,14,"SMARCA2;SMARCA4;BCL7C;SMARCC1;BICRAL;ACTB;SS18;BRD9;SMARCD1;BICRA;BCL7B;ACTL6A;ACTL6B;BCL7A"
"GOCC_GEMINI_OF_CAJAL_BODIES",0.971025841816758,1,-0.255227707753982,-0.539074110771268,4959,12,"SMN2;GEMIN7;SMN1;GEMIN6;NPAT;ZPR1;GEMIN5;DDX20;GEMIN2;GEMIN4;HABP4;GEMIN8"
"GOCC_GERM_CELL_NUCLEUS",0.79718137254902,1,0.301749966698792,0.805803881518003,3902,32,"HSPA2;STPG4;DYNC1I1;REC8;MLH3;DYNLRB2"
"GOCC_GID_COMPLEX",0.731331643595243,1,-0.39006861682918,-0.807672433639694,3750,11,"RMND5B;WDR26;RANBP10;RANBP9;GID8;MAEA;ARMC8;RMND5A;YPEL5;MKLN1;GID4"
"GOCC_GINS_COMPLEX",0.662197846841357,1,-0.52643257581952,-0.868301023539194,3259,4,"GINS1;GINS2"
"GOCC_GLIAL_CELL_PROJECTION",0.769634525660964,1,-0.304674621792176,-0.819180352614748,3958,36,"HEPACAM;KCNJ10;GRM2"
"GOCC_GLYCINERGIC_SYNAPSE",0.268197662497437,1,0.60098273791271,1.18697159571861,1307,9,"ITGB3;GLRA2;GLRA3;GLRB;GLRA1"
"GOCC_GLYCOCALYX",0.623677786818552,1,-0.592807923973675,-0.923583475778377,3065,3,"PKHD1L1"
"GOCC_GLYCOGEN_GRANULE",0.470929070929071,1,0.600075609825812,1.03390051854589,2356,5,"PPP1R3B;PCYT1A;PPP1R3E;FASN"
"GOCC_GLYCOPROTEIN_COMPLEX",0.164126853377265,1,0.501164474657601,1.25357855734836,796,24,"SNTB1;PGM5;SSPN;SGCD;SGCZ;GP5;KRT19;DMD;SGCG;SNTA1;SGCA"
"GOCC_GLYCOPROTEIN_IB_IX_V_COMPLEX",0.585745225438078,1,0.567309346479727,0.938705099328507,2974,4,"GP5;FLNA;GP1BB"
"GOCC_GLYCOSYLPHOSPHATIDYLINOSITOL_N_ACETYLGLUCOSAMINYLTRANSFERASE_GPI_GNT_COMPLEX",0.844137931034483,1,-0.377843576225897,-0.700889571004849,4283,7,"PIGP;PIGY;DPM2;PIGQ;PIGC;PIGA;PIGH"
"GOCC_GOLGI_APPARATUS",0.645649432534678,1,0.240507964982598,0.975940622692777,2047,1495,"ST6GALNAC2;MUC7;TMEM30B;OGN;NPY;GCNT3;ACAN;MS4A7;A4GNT;LST1;SOST;ABO;MLANA;MS4A6A;TGFBI;MUC2;CD1E;PTGDS;RNF133;RESP18;MBOAT4;MS4A4A;STING1;WNT1;ARSL;POSTN;OMD;FGD2;SLC35D3;PDGFRA;C3;PKHD1;LGR6;ACP3;FIBIN;PLA2G4A;SLC6A4;TMC8;WNT3A;FUT6;DHH;BACE2;GPER1;LUM;GASK1B;SPAG17;GAL3ST2;GOLGA8Q;GCNT1;GBP3;ABCA6;ECE2;NTSR1;DCN;SHH;PDGFD;FGFR2;ITM2A;LRRK2;PLD1;KERA;CD36;BGN;SSPN;SEC16B;COLEC10;CXCL14;PRELP;GOLGA8N;RAB20;CREB3L3;RAB37;RAB7B;SCRG1;SGCD;GAD2;GOLGA8O;ARAP1;GOLGA8R;RAB6C;WNT5A;GALNT6;SYNDIG1L;SOD3;GDNF;TMBIM1;PLLP;FAM20A;GALNT10;RNF183;RASEF;GOLGA8K;CIMAP3;PLD6;GOLGA8T;FAIM2;TMC6;GBP1;PROZ;DKK2;COPZ2;FAT2;LDLRAD4;SLC30A8;WLS;RAB38;VCAM1;CHST3;SULF1;ANGPTL3;ST6GALNAC3;CUBN;DSE;SGCZ;PRKCD;ST8SIA5;RETREG1;ELAPOR1;SECTM1;TGM4;MALL;CRYZL2P-SEC16B;LYZ;B3GNT7;RHOD;VGF;CA4;CREG2;CHST7;CPQ;PLCE1;RNF128;GRM6;PCSK9;OLFM3;ATP8B1;MAN1A1;GLT8D2;ZDHHC23;HAS1;FGD5;FMOD;RAB27B;GALNT4;SLC30A10;APOE;VCAN;GSAP;SGSM1;TMEM130;PLPP3;SPINT2;B3GNT9;RAB6D;CHST13;HHAT;FUT10;SORCS1;NDST4;PDGFA;SYBU;TAPBP;DSEL;RAB34;FAM3C;HAS2;EGFR;ACHE;GOLGA8J;SPP1;ZDHHC14;PROS1;NOTCH2;PRNP;MSLN;MAN1C1;STON1;CGA;GOLGA8H;PRKN;SLC2A13;PTPRN;CHST2;ARRB1;APBA1;LITAF;CCDC170;TENM1;MGAT4A;CHST15;WNT4;HLA-B;CFP;ZDHHC19;GALNT5;SLC22A13;RND3;TMED1;EXTL1;NEDD4;KDELR3;PMEPA1;SLC9A7;GGTA1;BCAN;GLCE;SH3GL2;TRAPPC9;ST6GAL2;TMED5;F7;CD55;KIFC3;NTN3;RBFOX1;MR1;ATP8A2;TAPBPL;FAM114A1;SDC3;PLSCR1;HS3ST5;SGMS1;CALN1;XYLT2;PLIN3;CHST5;TOM1L1;MTTP;SCARA3;ITM2C;YIPF2;CHPF;TMED3;TLR9;PERP;RAB11FIP5;CLIC5;OSBPL10;RAB13;STS;LPCAT2;AGPAT3;NIPAL1;TPP1;ZDHHC15;GALNT18;NSG2;LYSMD3;ELMOD1;FUT2;ATG9B;CLN5;C1GALT1;B3GNT4;ZDHHC2;UNC93B1;PGAP4;GPC4;ST8SIA4;SLC10A7;DHCR24;HSPG2;SLC16A13;ATP8B4;ST3GAL4;GALNT13;DIPK2A;SCARB2;SGCA;GALNT15;CCDC186;ATP7A;CSPG5;MANSC1;ATP8B3;MGAT4C;PLOD2;TMEM45B;GBA1;HLA-DPA1;RNF125;ATP6AP2;HPD;HTR7;IL17RD;PLOD1;GPC6;GOLIM4;TNFRSF1A;CLCN5;GJA1;HS3ST1;HLA-E;GBP2;WNT3;B3GALT1;FUT1;NUDT18;ECPAS;AGBL4;MMP16;CHP1;RAB3B;SYN1;VPS41;COG6;B4GALT1;CD59;NUCB1;B4GAT1;SYNE1;PXYLP1;RNF148;NDRG2;ERC1;RAB32;GALNT9;CSPG4;RAB43;VAMP4;FUT11;CLSTN3;ST8SIA6;PI4K2B;CBLN3;ATP9A;HS3ST3B1;ATXN2;CLU;ANK3;B3GALNT2;CLBA1;JAKMIP3;HCK;ACER3;F8;GOLGA1;PTGFRN;ATP7B;ITM2B;B3GNT5;ATP6AP1;B4GALT6;NSF;PREPL;GALNT2;LAMP2;TMED10;B3GAT2;AP4S1;AP2A1;GAL3ST1;PRKG1;FAM241A;CLCN3;RAP1GAP;TMEM87B;PDE4DIP;CALU;ABCG1;ZDHHC9;KDELR2;ST6GALNAC4;PSEN2;CANT1;GOPC;SNAP29;TMEM214;GCNT7;GORAB;TRIM7;SLC35G2;MAN1A2;EXT2;RAB31;FZD9;ATG9A;KIFAP3;SLC24A5;HLA-DPB1;LTBR;KIF1C;TMEM59L;NSG1;PDGFC;FGD1;TMEM192;TRIM23;CYTH3;PDGFB;FAM174B;TRAPPC3L;NEDD9;KIAA0319L;SLC35E4;PCSK6;CHPT1;NUCB2;VPS51;LYN;ATP2C1;ST3GAL6;LARGE1;SCAMP1;GNPTAB;GRN;ATP6V1H;ADAM17;RAP2A;MARCHF8;MMP14;CLTC;GOLM2;BICD2;TBC1D5;RFFL;TBC1D4;CLSTN2;KIF20A;SPPL3;KDR;KIF13A;DPAGT1;RHBDD2;STRN3;GALNT8;SYS1;SELENOM;NAPEPLD;GOLGA8S;ST6GALNAC6;PPT1;MCFD2;SLC35E3;NDST1;UBXN2A;EXTL3;WDR44;COL26A1;LACTB2;ZDHHC20;RAB33B;RAB36;RNF175;CLEC18A;WSCD2;MANEA;BACE1;PJA2;OSBP;VAMP3;SLC18A3;SURF4;DUSP26;GPR89A;NDFIP1;TNKS;RAB18;RAB30;KCNIP3;RHBDF1"
"GOCC_GOLGI_APPARATUS_SUBCOMPARTMENT",0.804937668051821,1,0.24487691514867,0.918722584221149,3292,391,"MS4A7;ABO;MLANA;MS4A6A;TGFBI;ARSL;POSTN;LGR6;ACP3;FUT6;BACE2;GPER1;GAL3ST2;GOLGA8Q;GCNT1;LRRK2;GOLGA8N;RAB7B;GOLGA8O;ARAP1;GOLGA8R;GOLGA8K;CIMAP3;GOLGA8T;WLS;RAB38;SULF1;ELAPOR1;CA4;ATP8B1;RAB27B;GSAP;PLPP3;RAB34;GOLGA8J;ZDHHC14;GOLGA8H;CHST2;MGAT4A;SLC9A7;GGTA1;TRAPPC9;ST6GAL2;RBFOX1;ATP8A2;SGMS1;CALN1;CHST5;TOM1L1;YIPF2;CHPF;TMED3;OSBPL10;RAB13;LPCAT2;NSG2;FUT2;ATG9B;ATP8B4;ST3GAL4;CCDC186;ATP7A;ATP8B3;TMEM45B;GBA1;HLA-DPA1;HTR7;GOLIM4;FUT1;ECPAS;COG6;B4GALT1;RAB32;RAB43;VAMP4;PI4K2B;ATP9A;ATXN2;CLBA1;GOLGA1;ATP7B;B4GALT6;NSF;PREPL;GALNT2;LAMP2;AP4S1;TMEM87B;CANT1;RAB31;ATG9A;SLC24A5;HLA-DPB1;NSG1;KIAA0319L;VPS51;ATP2C1;SCAMP1;GRN;CLTC;KIF13A;SYS1;GOLGA8S;NDST1;BACE1;OSBP;VAMP3;GPR89A;RAB30;PLOD3;GOLGB1;PCSK4;GOLGA4;ARFGEF1;PCSK1N;BOK;SLC39A9;FUT3;B4GALNT3;ARL5A;B4GALT3;PRKD1;DNMBP;RAB29;VPS53;VAMP7;SMPD3"
"GOCC_GOLGI_ASSOCIATED_VESICLE",0.958928179222491,1,0.236881968307453,0.765056285782329,4365,99,"TYR;LRRK2;RASSF9;COPZ2;CLRN1;RAB27B;STON1;KDELR3;TMED3;RAB13;DIPK2A;ATP7A;CSPG5;GJA1;VPS41;CLBA1;ITM2B;TMED10;AP2A1;CNGB1;KDELR2;RHOQ;GOPC;CLTC;SPPL3;BACE1;SLC18A3;GPR89A;STEAP2;NCALD;TMED2;APP;TMED9;TGOLN2;AFTPH;COPG1;COPB2;FURIN;PACS1;AP1B1;AP1G1;STK26;COPA;RAB14;COPG2;KDELR1;AP3M1;RAB12;SPPL2A;TMED7;ARCN1"
"GOCC_GOLGI_ASSOCIATED_VESICLE_MEMBRANE",0.999363192528126,1,0.193487719507838,0.580421836688334,4707,61,"RASSF9;COPZ2;STON1;KDELR3;TMED3;DIPK2A;CSPG5;GJA1;CLBA1;ITM2B;AP2A1;CNGB1;KDELR2;RHOQ;GOPC;CLTC;SPPL3;SLC18A3;GPR89A;NCALD;TMED2;AFTPH;COPG1;COPB2;AP1B1;AP1G1;COPA;COPG2;KDELR1;AP3M1;SPPL2A;TMED7;ARCN1"
"GOCC_GOLGI_CIS_CISTERNA",0.593138205078504,1,-0.358748070149334,-0.913979733805918,3059,27,"GOLGA6A;GOLGA6C;GOLGA6B;GOLGA8M"
"GOCC_GOLGI_CISTERNA",0.838888888888889,1,0.259884041133734,0.852751992637564,3774,111,"ABO;ACP3;FUT6;GAL3ST2;GOLGA8Q;GCNT1;GOLGA8N;GOLGA8O;GOLGA8R;GOLGA8K;GOLGA8T;RAB34;GOLGA8J;ZDHHC14;GOLGA8H;GGTA1;ST6GAL2;SGMS1;YIPF2;CHPF;TMED3;NSG2;FUT2;ST3GAL4;GOLIM4;FUT1;B4GALT1;B4GALT6;GALNT2;TMEM87B;CANT1"
"GOCC_GOLGI_CISTERNA_MEMBRANE",0.945576756287944,1,0.243456533469482,0.772507619687741,4360,87,"ABO;FUT6;GAL3ST2;GOLGA8Q;GOLGA8N;GOLGA8O;GOLGA8R;GOLGA8K;GOLGA8T;GOLGA8J;ZDHHC14;GOLGA8H;GGTA1;ST6GAL2;CHPF;TMED3;NSG2;FUT2;ST3GAL4;GOLIM4;FUT1;B4GALT1;B4GALT6;GALNT2;TMEM87B;CANT1"
"GOCC_GOLGI_LUMEN",0.666958041958042,1,0.284934314180901,0.910084213314676,3051,92,"MUC7;OGN;ACAN;MUC2;WNT1;OMD;WNT3A;LUM;DCN;KERA;BGN;PRELP;WNT5A;SOD3;PROZ;FMOD;VCAN;PDGFA;PROS1;CGA;WNT4;BCAN;F7;SDC3;GPC4;HSPG2;CSPG5;GPC6;GOLIM4;HS3ST1;WNT3;MMP16"
"GOCC_GOLGI_MEDIAL_CISTERNA",0.973172230186361,1,0.249033982160269,0.507639436054851,4751,10,"YIPF2;B3GALT6;ST3GAL1;GOSR1;YIPF1;YIPF6;TMEM59;MAN2A1;HID1;HLA-A"
"GOCC_GOLGI_MEMBRANE",0.581945190757657,1,0.250610588744553,0.97663607348679,2165,692,"ST6GALNAC2;GCNT3;A4GNT;LST1;ABO;CD1E;STING1;C3;PLA2G4A;TMC8;FUT6;DHH;GPER1;GASK1B;GCNT1;GBP3;ABCA6;ECE2;SHH;PDGFD;LRRK2;PLD1;SSPN;SEC16B;CREB3L3;SGCD;GAD2;GALNT6;TMBIM1;GALNT10;FAIM2;TMC6;GBP1;COPZ2;LDLRAD4;SLC30A8;WLS;CHST3;ST6GALNAC3;DSE;SGCZ;ST8SIA5;MALL;CRYZL2P-SEC16B;B3GNT7;RHOD;CHST7;PLCE1;GRM6;MAN1A1;ZDHHC23;GALNT4;SLC30A10;TMEM130;PLPP3;B3GNT9;CHST13;HHAT;FUT10;NDST4;PDGFA;SYBU;TAPBP;DSEL;HAS2;EGFR;PROS1;NOTCH2;MAN1C1;PRKN;CHST2;ARRB1;LITAF;MGAT4A;CHST15;HLA-B;CFP;ZDHHC19;GALNT5;RND3;KDELR3;PMEPA1;SLC9A7;GLCE;SH3GL2;ST6GAL2;CD55;MR1;ATP8A2;TAPBPL;HS3ST5;SGMS1;XYLT2;CHST5;SCARA3;CHPF;TMED3;TLR9;RAB11FIP5;LPCAT2;AGPAT3;NIPAL1;ZDHHC15;GALNT18;LYSMD3;FUT2;ATG9B;C1GALT1;B3GNT4;ZDHHC2;UNC93B1;PGAP4;ST8SIA4;SLC10A7;DHCR24;SLC16A13;ST3GAL4;GALNT13;DIPK2A;SCARB2;SGCA;GALNT15;CSPG5;MGAT4C;HLA-DPA1;RNF125;ATP6AP2;HPD;IL17RD;GOLIM4;TNFRSF1A;CLCN5;GJA1;HLA-E;GBP2;B3GALT1;FUT1;CHP1;COG6;B4GALT1;CD59;B4GAT1;PXYLP1;ERC1;GALNT9;RAB43;VAMP4;FUT11;CLSTN3;ST8SIA6;PI4K2B;HS3ST3B1;B3GALNT2;ACER3;GOLGA1;ATP7B;ITM2B;B3GNT5;ATP6AP1;B4GALT6;GALNT2;TMED10;B3GAT2;GAL3ST1;CLCN3;RAP1GAP;TMEM87B;ABCG1;ZDHHC9;KDELR2;ST6GALNAC4;PSEN2;GOPC;SNAP29;GCNT7;MAN1A2;EXT2;ATG9A;HLA-DPB1;TMEM59L;PDGFC;TRIM23;CYTH3;PDGFB;KIAA0319L;CHPT1;ATP2C1;ST3GAL6;LARGE1;GNPTAB;ATP6V1H;ADAM17;MARCHF8;RFFL;CLSTN2;KIF13A;RHBDD2;GALNT8;SYS1;NAPEPLD;ST6GALNAC6;NDST1;EXTL3;ZDHHC20;RAB33B;RAB36;RNF175;WSCD2;MANEA;PJA2;OSBP;SURF4;GPR89A;NDFIP1;TNKS;RAB30;RHBDF1;PLD3;GALNT11;GOLGB1;PCSK4;FNDC3A;B3GALT5;SLC2A1;MMGT1;GOLGA4;ARFGEF1;SERINC3;STEAP2;FUT3;ERGIC1;B4GALT3;ARHGAP21;QSOX1;C6orf89;MGAT5B;SEC22B;RAB29;SLC35D2;WHAMM;ARFGAP2;SLC35A5;SMPD3;ST3GAL5;PARM1;STX18;RASGRP1;RAB2A"
"GOCC_GOLGI_STACK",0.585037070321276,1,0.279741416080315,0.94951082089282,2603,145,"ABO;ARSL;ACP3;FUT6;GAL3ST2;GOLGA8Q;GCNT1;GOLGA8N;GOLGA8O;ARAP1;GOLGA8R;GOLGA8K;GOLGA8T;SULF1;RAB27B;RAB34;GOLGA8J;ZDHHC14;GOLGA8H;MGAT4A;GGTA1;ST6GAL2;SGMS1;TOM1L1;YIPF2;CHPF;TMED3;LPCAT2;NSG2;FUT2;ST3GAL4;GOLIM4;FUT1;B4GALT1;B4GALT6;NSF;GALNT2"
"GOCC_GOLGI_TRANS_CISTERNA",0.498667213450892,1,0.498439737163691,0.984443933024719,2431,9,"SGMS1;YIPF2;B4GALT1;ST3GAL1;GCC1;YIPF1"
"GOCC_GOLGI_TRANSPORT_COMPLEX",0.940200696293262,1,0.288433064894731,0.587951881637195,4590,10,"COG6;TMEM115;COG5;COG4;COG2;CDC42;COG8;COG1"
"GOCC_GPI_ANCHOR_TRANSAMIDASE_COMPLEX",0.367632367632368,1,0.654209994222992,1.12717137838912,1839,5,"PIGK;PIGS;PIGU;PIGT;GPAA1"
"GOCC_GRANULAR_COMPONENT",0.592709359605911,1,-0.495921113119289,-0.919920194749105,3007,7,"CLEC3B;RRP1B;CDKN2AIP"
"GOCC_GROWTH_CONE_MEMBRANE",0.424186991869919,1,0.54772625439579,1.05226596957422,2086,8,"FLRT3;TRPV2;EXOC4;LAMP5"
"GOCC_GTPASE_ACTIVATOR_COMPLEX",0.756656225528583,1,-0.374789288913154,-0.79160371899043,3864,12,"LAMTOR5;SLC38A9;LAMTOR4;LAMTOR2"
"GOCC_GTPASE_COMPLEX",0.943051506316812,1,-0.256276764135506,-0.694378222609784,4851,38,"GNA15;GNAT3"
"GOCC_GUANYL_NUCLEOTIDE_EXCHANGE_FACTOR_COMPLEX",0.998967582077225,1,0.173375731733757,0.445307030334661,4837,27,"DOCK1;ELMO1;RASGRP3;RGP1;RAP1A;EIF2B2;MON1A;SMCR8;KNDC1;RIC1;EIF2B3;LAMTOR1;EIF2B5;WDR41;EIF2B1;LAMTOR3;CCZ1B;EIF2B4;C9orf72;MON1B;CCZ1;PDE3B;LAMTOR2;RMC1;LAMTOR4;SLC38A9;LAMTOR5"
"GOCC_H3_HISTONE_ACETYLTRANSFERASE_COMPLEX",0.948445493900039,1,-0.296031488101686,-0.565616579146789,4819,8,"ING5;BRD1;BRPF1;KAT6B;BRPF3;MEAF6;KAT6A;KAT7"
"GOCC_H4_H2A_HISTONE_ACETYLTRANSFERASE_COMPLEX",0.843541421279937,1,-0.297337522955938,-0.77311576565436,4296,31,"ACTL8;POTEE;MSL3B;ACTL6B;ACTL6A;EPC1;POTEJ;RUVBL1;VPS72;MBTD1;MORF4L1;DMAP1"
"GOCC_H4_HISTONE_ACETYLTRANSFERASE_COMPLEX",0.845915602013163,1,-0.283830736250747,-0.788743211287347,4369,44,"ACTL8;POTEE;MSL3B;ACTL6B;ACTL6A;EPC1;PHF20;KANSL2;POTEJ;RUVBL1;KANSL1L;WDR5;VPS72;MCRS1;MBTD1;MORF4L1;DMAP1;MSL1;TRRAP;KAT5"
"GOCC_HAPTOGLOBIN_HEMOGLOBIN_COMPLEX",0.251231527093596,1,-0.653044906303905,-1.21138056334878,1274,7,"HBB;HP;HBA1;HBG2"
"GOCC_HAUS_COMPLEX",0.417748917748918,1,-0.553808461485435,-1.05814165072987,2122,8,"HAUS1;HAUS5;HAUS7;HAUS4;HAUS3"
"GOCC_HEMIDESMOSOME",0.94706808343172,1,-0.297127766441912,-0.567711198231291,4812,8,"LAMA3;ITGB4;EPPK1"
"GOCC_HEMOGLOBIN_COMPLEX",0.388571428571429,1,-0.586646586020707,-1.08821348271828,1971,7,"HBB;HBA1;HBG2"
"GOCC_HETEROCHROMATIN",0.86990459670425,1,0.259377197648111,0.823025197561747,4011,87,"H1-3;SNAI1;FOXC1;H1-4;H1-5;CHD5"
"GOCC_HFE_TRANSFERRIN_RECEPTOR_COMPLEX",0.968337730870712,1,0.270738561514021,0.502294984862443,4770,7,"HFE;BMPR1A;B2M"
"GOCC_HIGH_DENSITY_LIPOPROTEIN_PARTICLE",0.548324617470463,1,-0.413206126673298,-0.93801438416253,2830,16,"SAA2;APOC1;APOA2;APOM;APOA1"
"GOCC_HIPPOCAMPAL_MOSSY_FIBER",0.477793551003853,1,0.570308357272405,1.02005138119704,2355,6,"TNN;SLC30A3"
"GOCC_HIPPOCAMPAL_MOSSY_FIBER_TO_CA3_SYNAPSE",0.396455800535751,1,0.361270269843872,1.02747245940924,1923,45,"CALCA;GPER1;GRIK2;CALB1;PDYN;RAPGEF4;PRKAR1B;GRIK4;ADCY8;C1QL3;NECTIN3;SYT9;AKAP7;EPHA7;SLC30A3;ADCY1;NAPEPLD;BACE1;EFNB3;SYT1"
"GOCC_HISTONE_ACETYLTRANSFERASE_COMPLEX",0.948130498533724,1,-0.243481084882595,-0.769254140160684,5172,98,"ACTL8;SUPT20HL2;POTEE;MSL3B;ENY2;ACTL6B;MBIP;TAF10;TAF12;ACTL6A;TAF6L;JADE1;ASF1B;POLE3;POLE4;EPC1;PHF20;ATXN7L3;ING5;KANSL2;POTEJ;BRD1;RUVBL1;KANSL1L;KAT2B;JADE3;SUPT7L;WDR5;VPS72;ASF1A;MCRS1;EP300;MBTD1;SF3B5;SGF29;MORF4L1;DMAP1;RBBP7;MSL1;TAF9;TADA1;TRRAP;KAT5;BRPF1"
"GOCC_HISTONE_DEACETYLASE_COMPLEX",0.973330442324371,1,0.232271077677138,0.737015247780007,4488,87,"EP400P1;HR;CHD5"
"GOCC_HISTONE_LOCUS_BODY",0.947652347652348,1,0.309598882129289,0.533423521191964,4742,5,"ZC3H8;ICE1;ICE2;ELL"
"GOCC_HISTONE_METHYLTRANSFERASE_COMPLEX",0.601796407185629,1,-0.305908266791338,-0.928953376978632,3215,73,"TRMT112;PHF1;PELP1;HDAC9;EZH2;DPY30;PAGR1;KMT2C;LAS1L;KMT2D;PHF20;MTF2;KDM6B;LCOR;SIRT1;INO80C;RUVBL1;WDR5;HCFC2;KMT2B;KMT2A;BACC1;EED;MCRS1;CXXC1;SETD1B;TAF1;KDM1A;MGA;PRMT5;BOD1;WDR82;HDAC2;RBBP7;KDM6A;TAF9;JARID2;PRPF31;SETD1A;TAF4;EZH1;HCFC1;KANSL1"
"GOCC_HISTONE_PRE_MRNA_3_END_PROCESSING_COMPLEX",0.935712877144547,1,-0.310395096339886,-0.558461767620909,4744,6,"SNRPB;SLBP;ERI1"
"GOCC_HOPS_COMPLEX",0.385936222403925,1,0.489627468772346,1.0650700881502,1887,13,"HOOK1;VPS41;VIPAS39;VPS18;HOOK3;STX17;VPS39"
"GOCC_HOST_CELLULAR_COMPONENT",0.578839450481854,1,0.466029065948412,0.920431202369053,2822,9,"IFIT1;KPNA3;KPNA6;KPNA2;NMT2"
"GOCC_HULC_COMPLEX",0.974812106439163,1,-0.278911073401451,-0.460037584364694,4798,4,"UBE2B;UBE2A;RNF40;RNF20"
"GOCC_I_BAND",0.860234445446348,1,-0.254593225138471,-0.84645822078871,4769,148,"RYR1;TRIM54;HRC;ANKRD2;AKAP4;UNC45B;ACTC1;ATP2A1;MYH6;C10orf71;CSRP3;CAV3;ANKRD1;LDB3;DES;ITGB1BP2;CASQ2;JPH2;SMTNL1;KCNN1;SLC4A1;BMP10"
"GOCC_IGG_IMMUNOGLOBULIN_COMPLEX",0.30944819372767,1,0.844151624548736,1.12332596133859,1558,1,"IGLL1"
"GOCC_IKAPPAB_KINASE_COMPLEX",0.910565808152505,1,0.335398485112359,0.599892468043991,4489,6,"IFIT5;ERC1;CHUK;IKBKG;IKBKB;PYCARD"
"GOCC_IMMUNOGLOBULIN_COMPLEX",0.321290846356809,1,0.623052165317612,1.15593425700652,1582,7,"IGLV5-52;CD79B;IGLL1"
"GOCC_IMMUNOLOGICAL_SYNAPSE",0.521352657004831,1,-0.345631366928598,-0.9586814762606,2697,43,"CARD11;LCK;SCIMP;CD37;PRF1;IL4I1;CRACR2A"
"GOCC_INCLUSION_BODY",1,1,0.127784363221714,0.375218935002878,4752,54,"LRRK2;HAP1;PRNP;PRKN;NEFH;PINK1;CLU;SQSTM1;SNCB;HSPA1A;SNCA;GYS1;ATXN1;FBXO7;RNF32;AGL;UBD;NBN;MAPT;PSEN1;EPS15;TPR;PICALM;BAG3;HSPA1B;TRIM37;NUB1"
"GOCC_INHIBITORY_SYNAPSE",0.192594124948283,1,0.516899711039132,1.22544658609237,930,19,"GABRA2;CEP112;NLGN3;SLC32A1;GAD1;GLRA1;NLGN4Y;IGSF21;DTNB;LHFPL4"
"GOCC_INNER_ACROSOMAL_MEMBRANE",0.286004882017901,1,-0.766866545770018,-1.19476349953764,1405,3,"TMEM190"
"GOCC_INNER_DYNEIN_ARM",0.479618738592578,1,0.568511170413045,1.01683693954494,2364,6,"DNAH3;DNAI3;DNAH7"
"GOCC_INNER_KINETOCHORE",0.901888974556669,1,-0.298924296076066,-0.689071179653019,4678,17,"CENPT;CENPH;CENPU;CENPX;CENPS;ORC2;CENPW;CENPC"
"GOCC_INNER_MITOCHONDRIAL_MEMBRANE_PROTEIN_COMPLEX",0.209975252236817,1,-0.396046061418202,-1.15507845564223,1102,57,"ROMO1;IMMP1L;PAM16;TIMM10;COA1;SMDT1;GRPEL2;MICOS10;PDSS1;TIMM50;NDUFAF1;MCUB;GRPEL1;PHB1;TMEM186;TIMM23B;TIMM44;CHCHD10;MICOS13;TIMM23;CHCHD6;DNAJC19;SPG7;TIMM9;DNAJC15;MICU2;TIMM17A;MTX2;TIMM21"
"GOCC_INO80_COMPLEX",0.639550648847569,1,-0.387104930467762,-0.878762364639599,3301,16,"ACTL6A;TFPT;INO80C;RUVBL1;MCRS1;INO80D;YY1;ACTR5;RUVBL2;YY1AP1;INO80;INO80B;ACTR8;UCHL5;NFRKB;INO80E"
"GOCC_INSULIN_RESPONSIVE_COMPARTMENT",0.95630081300813,1,0.28277904163507,0.543261821089153,4704,8,"RAB13;RAB10;EPHA5;SLC2A4;MYO5A"
"GOCC_INTAC_COMPLEX",0.899667636061487,1,0.295916126636643,0.682320615089592,4330,17,"INTS13;INTS4;INTS6;INTS3;INTS10;INTS8;PPP2R1A;INTS1;INTS9;INTS5"
"GOCC_INTEGRATOR_COMPLEX",0.959558823529412,1,-0.256683526011561,-0.62104137629086,4958,21,"SEM1;ESRRB;INTS11;INTS2;INTS12;INTS6L;INTS14;NIPBL;PPP2CA;INTS15;INTS7;INTS5;INTS9;INTS1;PPP2R1A;INTS8;INTS10;INTS3;INTS6;INTS4;INTS13"
"GOCC_INTEGRIN_COMPLEX",0.383250825082508,1,0.399557772904606,1.04450297752923,1857,29,"ITGB7;ITGAX;ITGA4;ITGA6;ITGB3;ITGB5;EMILIN1;ITGBL1;ITGB8;ITGA8;ITGA9"
"GOCC_INTERCALATED_DISC",0.504385964912281,1,0.333318519452539,0.96682588684283,2414,50,"FXYD1;SCN1A;SCN4B;PGM5;KCNJ2;NRAP;ATP1A2;TMEM65;GJA1;FGF13;CTNNB1;ANK3;SLC9A1;ATP1B1;VCL;SLC8A1;SLC2A1;ITGB1;FHOD1;PIK3CA;ANKRD23;OBSL1;AKAP6;DSG2"
"GOCC_INTERCELLULAR_BRIDGE",0.749514563106796,1,-0.306551863697111,-0.834938276984341,3859,39,"TUBB8;TUBB8B;TEX14;MICAL1"
"GOCC_INTERCELLULAR_CANALICULUS",0.627053336037315,1,0.497682911541285,0.890153782321956,3091,6,"ABCC2;ABCB4;MTDH;STARD10"
"GOCC_INTERLEUKIN_5_RECEPTOR_COMPLEX",0.290475251429698,1,-0.656606265413377,-1.18136368756351,1472,6,"CSF2RB;IL5RA"
"GOCC_INTERMEDIATE_DENSITY_LIPOPROTEIN_PARTICLE",0.560740303209293,1,0.582692186432186,0.964158496835758,2847,4,"APOE;APOC3;APP"
"GOCC_INTERMEDIATE_FILAMENT_CYTOSKELETON",0.91300488237905,1,0.248756235236084,0.811016407288726,4113,106,"KRTAP5-6;BFSP2;KRTAP4-5;KRT32;C12orf54;MNS1;KRTAP10-7;GPER1;PKP1;CLDN11;HTR2A;DLGAP2;LMNTD1;PPL;VIM;KRTAP1-5;KRTAP5-2"
"GOCC_INTERPHASE_MICROTUBULE_ORGANIZING_CENTER",0.326796077646588,1,-0.676068942906649,-1.16665865299338,1632,5,"NLRP3;DYNLT2B;MZT1"
"GOCC_INTERPHOTORECEPTOR_MATRIX",0.80125735145001,1,0.406452581406846,0.726979557231218,3950,6,"RBP3;VCAN;RTBDN;IMPG1"
"GOCC_INTRACELLULAR_PROTEIN_CONTAINING_COMPLEX",1,1,-0.0975823768822449,-0.377257555777921,6536,999,"CARD11;ACTL8;DCAF4L2;PRAME;SUPT20HL2;KLHL38;AKAP4;EIF4EBP3;KLHL30;CCDC68;RPPH1;CCT8L1P;NAA11;FBXO40;KLHL32;POLR2L;POTEE;MSL3B;TRIM21;SEM1;DCAF4L1;CIAO2B;TBPL1;POLR2J;POLR2J2;LAMTOR5;KBTBD8;CNOT9;POLR1H;DPM3;CKS2;PAXX;FBXW12;FBXO10;NCCRP1;ANAPC11;SPSB3;PSMA2;RPP25L;RNASEH2B;POLR3K;POP7;MUS81;EEF1E1;POLR2F;KLHL40;UBE2B;PHC2;TRAF2;POLR2I;UBE2C;MED31;RBX1;ELOC;CBX2;CUL9;EME1;RPP21;PFDN6;PFDN2;ZBTB8OS;ENY2;CAMK1G;ACTL6B;SLC38A9;KLHL17;MBIP;PSMG1;LAMTOR4;RMND5B;KLHL4;TAF10;FBXL14;TSEN54;MED30;MAT1A;POLR1C;IGF2BP1;BLOC1S1;UXT;FBXO24;C18orf21;DPM1;PELP1;TAF12;FBXL6;KBTBD12;MED11;PCGF6;PDRG1;ACTL6A;PSMG3;MNAT1;PRR5L;KLHL25;TAF6L;JADE1;NAA16;RMC1;BRCA2;MAT2A;LAMTOR2;TRAPPC6A;BLOC1S5;PSMG4;POLR3F;DEPDC5;POLD1;RPP38;POP5;RNASEH2A;GTF2H5;BARD1;DYRK2;KCTD5;POLR2K;PRIM2;UBE3D;NFKB2;ASF1B;POLE3;ANKRD9;DCAF15;CKS1B;POLE4;ELP5;POLR1B;EPC1;MED10;GTF2E1;LAS1L;POLR1G;MARS1;TARBP2;POLG2;PSMB6;MAD2L2;PDCD6;DNAJC9;DCUN1D5;HERPUD1;PFDN5;COMMD1;PHF20;DCUN1D2;BORCS8;RNF7;MED17;FBXO15;SPSB4;ANAPC10;PDE3B;FBXL15;ATXN7L3;CDK7;PSMA7;ING5;ANAPC15;CCNH;CDKN1B;RAD23B;KANSL2;DCUN1D4;SOCS2;POTEJ;RPP30;SUGT1;MYCBP2;RING1;CIAO3;POLG;CCAR2;BRD1;BCAS4;MAT2B;EIF4E2;CEP83;BLOC1S4;PSMD10;AIMP2;CLP1;DGCR8;DNAJB2;DNAAF2;TRAPPC1;CCZ1;TFDP1;PPP5C;PSMB10;KLHDC3;WDR26;CDC37;RUVBL1;KANSL1L;RPP40;ZFAND2A;TOB1;KAT2B;RNF8;VBP1;CTU1;JADE3;TRAF7;FBXO9;SUPT7L;WDR5;PSMG2;TBP;TRAPPC10;SMURF2;ZYG11A;POLRMT;ELOB;VPS72;BRCA1;UBE2J2;NDOR1;AGO4;MCM3;GTF2A1;RANBP10;PRIMPOL;CBX8;TUFT1;ARMC5;BLOC1S2;KXD1;POLR3E;RICTOR;MON1B;HSD17B10;NCBP3;KLHL18;TRAPPC4;PHIP;COP1;ERCC3;PSMA5;PSMD6;ASF1A;KCTD10;ASB2;PSMB7;POLD4;DET1;SNAPIN;SIAH1;TSEN15;EIF4H;MCRS1;EP300;MIB2;PSME2;PCGF3;APC2;C9orf72;EIF2B4;AGO1;MBTD1;TNFAIP1;FBXO16;SF3B5;FAM98B;PSMB1;CSNK2A1;IKBKG;GTF2F2;TRAPPC5;TCP1;CACYBP;UBE2S;GTF2A2;SGF29;NAA20;FBXO11;TSEN34;FBXO31;BUB1B;BAG2;CDC20;TAF1;ADRM1;TRAPPC14;KCTD13;RANBP9;MGA;FNTA;PRIM1;IVNS1ABP;EIF4E3;MORF4L1;STIP1;DDX1;ZSWIM5;PSMD9;CCZ1B;KEAP1;TCEA1;NAA38;UBE2N;TAF11;DMAP1;PSMA6;ASB7;PSMD4;XRCC4;AGO2;POLR2D;AIP;ANAPC5;TRAPPC6B;NIN;ECT2;POLR2G;PSMB5;TRAPPC2B;POLR2B;KLHL23;LRR1;TNKS1BP1;CARD10;AUTS2;RBBP7;MED7;FBXO42;TAF4B;HSPB1;UBQLN1;LRRC75A;CCT6B;GID8"
"GOCC_INTRACILIARY_TRANSPORT_PARTICLE",0.984307247573818,1,0.2310027100271,0.588553205780972,4766,26,"IFT70A;IFT122;IFT70B;IFT56;CLUAP1;IFT172;IFT80;IFT22;IFT88;TRIM59;TTC21B;IFT140;UBXN10;IFT52"
"GOCC_INTRACILIARY_TRANSPORT_PARTICLE_B",0.863467107985106,1,0.306835475906084,0.727434120025408,4173,19,"IFT70A;IFT70B;IFT56;CLUAP1;IFT172;IFT80;IFT22;IFT88;TRIM59;UBXN10;IFT52"
"GOCC_INWARD_RECTIFIER_POTASSIUM_CHANNEL_COMPLEX",0.293106893106893,1,0.693700391314953,1.195211374287,1466,5,"KCNJ5;KCNJ3;KCNK1;KCNJ9"
"GOCC_IONOTROPIC_GLUTAMATE_RECEPTOR_COMPLEX",0.224358974358974,1,0.405138595905588,1.1476602344652,1084,44,"SHISA8;GRIK2;GRIN2A;GRID2;EPS8;GRIA1;OLFM3;GRIN3A;GRIN3B;GRIN1;GRIN2C;GRIA2;GRIK4;VWC2;CNIH3"
"GOCC_ISWI_TYPE_COMPLEX",0.845484432411526,1,-0.326567081608453,-0.730659135972644,4371,15,"CECR2;POLE3;BAZ1A;BACC1;BAZ2A;SMARCA5;RBBP7;LUZP1"
"GOCC_JUNCTIONAL_MEMBRANE_COMPLEX",0.689804772234273,1,-0.465837053766393,-0.838132391707719,3497,6,"JPH2;JPH1"
"GOCC_JUNCTIONAL_SARCOPLASMIC_RETICULUM_MEMBRANE",0.170736471967181,1,-0.63395343473237,-1.2806772036656,873,10,"RYR1;CASQ2;JPH2;JPH1"
"GOCC_JUXTAPARANODE_REGION_OF_AXON",0.534736411932979,1,0.443320392500443,0.947411763571342,2616,12,"LGI3;KCNA1;DLG2;KCNAB2;KCNA2;SIRT2;CNTNAP2"
"GOCC_KAINATE_SELECTIVE_GLUTAMATE_RECEPTOR_COMPLEX",0.305494505494506,1,0.68656823535213,1.18292302323995,1528,5,"GRIK2;GRIK4;GRIK5;GRIK1"
"GOCC_KATANIN_COMPLEX",0.859115469281569,1,-0.381535239745812,-0.658396445424084,4292,5,"KATNAL1;KATNBL1;KATNA1;KATNB1;KATNAL2"
"GOCC_KERATIN_FILAMENT",0.212690951821387,1,-0.451128158887755,-1.18202969853079,1085,32,"KRTAP4-12;KRTAP1-4;KRTAP3-2;KRT31;KRT33B;KRTAP10-1;KRT75;KRT6A;KRT10;KRT20"
"GOCC_KINESIN_COMPLEX",0.460776218001652,1,0.347149232417982,0.99122839433666,2231,46,"KIF27;KIF17;KIFC3;NDE1;KIF3A;KIFAP3;KIF1C;KLC3;DISC1;KIF15;KIF20A;KIF13A;KIF16B;KIF5A;KIF13B;KIF1A;KIF3C;KIF3B;KIF12"
"GOCC_KINETOCHORE_MICROTUBULE",0.984898354307841,1,-0.229977240706622,-0.549880631626199,5086,20,"KNTC1;CHMP1B;BBLN;CHMP2A;ZWILCH;CENPE;CHMP4A;CHMP5;KIF18A;RAB11A;CLASP2;CHMP7;CHMP1A;CHMP6;ZW10;CHMP3;CHMP4B;CLASP1;CHMP4C;CHMP2B"
"GOCC_KINOCILIUM",0.514135309027101,1,-0.465354748155275,-0.963559193773727,2636,11,"KNCN"
"GOCC_L_TYPE_VOLTAGE_GATED_CALCIUM_CHANNEL_COMPLEX",0.902252531514776,1,0.298882136262502,0.680090917023294,4365,16,"CACNA1D;CACNG6;CACNA1C;CACNA2D3;CACNA2D2"
"GOCC_LAMELLAR_BODY",0.732168550873587,1,0.365980997239399,0.810023282081269,3561,14,"KLK7;SPINK5;SMPD1;LAMP3;ABCA3;CKAP4"
"GOCC_LAMELLIPODIUM",0.947429365446966,1,0.235276205863404,0.833234706489609,4090,205,"ARHGAP31;FGD2;FAP;TRPV4;SPATA13;PLEK2;PARVB;ITGB3;PEAR1;CLRN1;ANGPTL3;UNC5C;PLCE1;GSN;ABLIM3;FGD5;KITLG;PTPRO;MCC;SRGAP2;NHS;PLEKHH2;CARMIL1;CORO6;ARAP3;PTPRM;RAB13;PIEZO1;ABLIM1;RAPGEF3;P4HB;NF2;CSPG4;RDX;WASF2;CTNNB1;SLC9A1;SPEF1;SHTN1;RAB40B;SNX2"
"GOCC_LAMIN_FILAMENT",0.96337802681609,1,-0.28105141536684,-0.484996492020542,4813,5,"NARF;EIF6;LMNB1;LMNTD2;LMNA"
"GOCC_LAMININ_COMPLEX",0.538193733360639,1,0.466475872522498,0.95088046541423,2627,10,"LAMB4;LAMC1;LAMB1;LAMA1;LAMB2"
"GOCC_LATE_ENDOSOME",0.991513094083414,1,0.219880011624787,0.809407043255959,4088,312,"ATP10B;ANXA8;CD1E;RNF133;ACP3;MBL2;LRRK2;PLD1;RAB7B;ARAP1;CTSS;ATP13A4;SLC30A4;SLC17A8;IL12A;ELAPOR1;STEAP3;RNF128;PCSK9;CD68;RILP;RAB27B;APOE;ANXA2;PRKAR1B;EGFR;ANXA6;IFITM2;SLA2;SLC9A6;DYSF;LITAF;TMEM106B;TTPA;PGA4;NEGR1;UVRAG;SLC1A1;OSBPL1A;UBXN6;MR1;ASTN2;YIPF2;RAB9B;ATP13A2;NSG2;SCARB2;ATP7A;HLA-DPA1;SLC9A9;CHMP2B;ECPAS;CXCR4;VPS41;VPS35;RHOB;PGA3;RNF148;AP5B1;ATP9A;ATP7B;LAMP2;SQSTM1;SLC30A3;CLCN3;CTNS;SIGLEC1;TPT1;PSEN2;RAB31;ATG9A;SLC31A2;PRKAR1A;VPS37B;HLA-DPB1;IFITM3;NSG1;TMEM192;LAMP3;PSAP;RNF13;CHMP4C;MAGI2;PIP4P2;SNX16;KIDINS220;GRN;STOML1;MARCHF8;SNX14;BACE1;GRIN2B;RAPGEF2;SFTPD;PLD3;IFNAR1;RAB27A;LAMP1;ABCA3;STX7;VIPAS39;MAPK3;WDR48;LAMP5;VAMP7;NBR1;VPS18;PARM1;EXOC8"
"GOCC_LATE_ENDOSOME_LUMEN",0.809261083743842,1,-0.396593096140815,-0.735669421177178,4106,7,"NAPSA;PGA5;SFTPB;CTSH"
"GOCC_LATE_ENDOSOME_MEMBRANE",1,1,-0.175681902001519,-0.593139572753754,5601,171,"SLC11A1;GPR65;SPAAR;ATP13A5;NTRK1;HLA-DQA1;HLA-DQB1;CD300LG"
"GOCC_LATERAL_ELEMENT",0.587042020285655,1,0.404218329466658,0.905959124925195,2835,15,"SYCP2;SYCP3;MEI4;REC8"
"GOCC_LATERAL_PART_OF_CELL",0.661196718030818,1,-0.499895694431818,-0.862645213364792,3303,5,"KCNE3"
"GOCC_LATERAL_PLASMA_MEMBRANE",0.981775300171527,1,0.228687014736339,0.696116913753339,4578,67,"ERBB3;SLC26A7;CLDN1;C1QTNF5;SLC26A5;EPCAM;PTPRO;DMD;VANGL1;RAB13;SNTA1;AKAP7;IQGAP1;FGF13;CTNNB1;ANK3;NKD2;KCNB1;ATP1B2;ATP1B1;NSG1;CLDN5;SLC22A1"
"GOCC_LEWY_BODY",0.855128729055987,1,0.333124239334988,0.711913614658292,4184,12,"LRRK2;PRKN;PINK1;SQSTM1;SNCA;FBXO7"
"GOCC_LIPID_DROPLET",0.322134387351779,1,0.329563042457534,1.05868169715141,1466,96,"DHRS3;IRGC;AQP7;STARD13;PLIN1;CIDEC;SETSIP;HSD17B13;TMT1A;ALOX15;AIFM2;RDH10;ANXA2;CIDEA;DHRSX;PNPLA3;LDAF1;PLIN3;LPCAT2;SPART;TMEM135"
"GOCC_LIPOPOLYSACCHARIDE_RECEPTOR_COMPLEX",0.853747714808044,1,-0.394865948921826,-0.651294246135601,4202,4,"TLR4;CD14"
"GOCC_LOW_DENSITY_LIPOPROTEIN_PARTICLE",0.845792563600783,1,-0.337001694859227,-0.724807956768292,4321,13,"APOBR;APOM;APOA1;LSR;APOB"
"GOCC_LSM1_7_PAT1_COMPLEX",0.193427784336875,1,-0.663444104423521,-1.2676184793904,982,8,"LSM6;LSM7;LSM4;LSM3;LSM1;LSM2;LSM5"
"GOCC_LSM2_8_COMPLEX",0.327881773399015,1,-0.615083756771046,-1.14096366205673,1663,7,"LSM6;LSM7;LSM4;LSM3;LSM2;LSM5"
"GOCC_LUMENAL_SIDE_OF_ENDOPLASMIC_RETICULUM_MEMBRANE",0.990614000782167,1,-0.224571271107932,-0.581180544044376,5065,30,"HLA-DQA1;HLA-DQB1;ALG10B;HLA-DRB1;HLA-H"
"GOCC_LUMENAL_SIDE_OF_MEMBRANE",0.998056743101438,1,-0.192791805103243,-0.527199843795316,5135,40,"HLA-DQA1;HLA-DQB1;ALG10B;PAM16;HLA-DRB1;HLA-H"
"GOCC_M_BAND",0.194218083042297,1,-0.468201089585477,-1.20682301119833,1000,29,"MYBPC3;LMOD2;MYBPH;MYBPC1;SMTNL1;MYOM3"
"GOCC_MAD_MAX_COMPLEX",0.708933149280221,1,-0.455425166997653,-0.819399361586739,3594,6,"MXD3;MNT;MXI1;MXD4;MAX;MXD1"
"GOCC_MAIN_AXON",0.171072426391575,1,0.382543117510658,1.17013329754844,795,69,"ERMN;IQCJ-SCHIP1;SCN1A;MAG;KCNK4;CRH;LGI3;THY1;KCNA4;SCN2B;KCNA1;SCN2A;DLG2;SPTBN1;KCNC2;SCN9A;SPOCK1;PRICKLE2;ADORA2A;KCNK2;ANK3;DAGLA"
"GOCC_MALE_PRONUCLEUS",0.978551751279024,1,-0.254334849446157,-0.485948330780726,4972,8,"DPPA3;METTL23;TET3;TBP"
"GOCC_MANCHETTE",0.980956082394092,1,-0.233772988576917,-0.583067818645474,5047,24,"CCDC38;MEIG1"
"GOCC_MANNOSYLTRANSFERASE_COMPLEX",0.999803227075954,1,-0.18531758928249,-0.354079566257785,5080,8,"DPM3;DPM1;DPM2;POMT1;PIGX;POMT2;PIGM;PIGV"
"GOCC_MATRIX_SIDE_OF_MITOCHONDRIAL_INNER_MEMBRANE",0.702068965517241,1,-0.448570945280496,-0.832086919521745,3562,7,"PAM16;COA8;AMBP;NDUFAF5;DNAJC19"
"GOCC_MCM_COMPLEX",0.345681419379996,1,-0.536572760532701,-1.11102254482062,1772,11,"MCM7;MCM4;MCM8;MCM2;MCM3;TONSL;MCM5"
"GOCC_MCRD_MEDIATED_MRNA_STABILITY_COMPLEX",0.951570942565539,1,-0.295854997111496,-0.510542299025735,4754,5,"HNRNPD;SYNCRIP;CSDE1;PAIP1;PABPC1"
"GOCC_MEDIATOR_COMPLEX",0.994029236154005,1,0.209955536275892,0.579884013278139,4827,38,"HAVCR2;MED14;NFE2L2;MED21;MED28;MED16;MED13L;CDK8;MED12L;MED12;MED23;BCLAF1;THRAP3;MED29;MED1;MED24;MED26;MED19;MED20;MED8;MED9;MED13;MED22;MED18;MED7;MED25;PPARGC1B;CCNC;MED4;MED6;MED17;MED27;MED10;BCLAF3;MED11;UXT;MED30;MED31"
"GOCC_MEIOTIC_COHESIN_COMPLEX",0.606048305256749,1,0.487546061364974,0.904532919668265,2985,7,"REC8;RAD21L1;SMC1A;RAD21;STAG3"
"GOCC_MEIOTIC_SPINDLE",0.974239783071857,1,-0.252996552958751,-0.574324509003418,5029,16,"TUBB8;KASH5"
"GOCC_MEMBRANE_COAT",0.99934311364134,1,0.196284649542542,0.629984076756542,4563,95,"SCN10A;COPZ2;KCNQ5;STON1;SEC24D;EPN3;TMED3;DIPK2A;SCLT1;VPS41;AP5B1;CLBA1;AP4S1;AP2A1;CLTC;TBC1D5;EPN2;SLC18A3;BTBD8;SYNJ1;NCALD;SEC31A;PEF1;VPS18;SEC24B;AP2B1;SAR1B;AFTPH;SAR1A;COPG1;VPS39;COPB2;AP1B1;AP1G1;SGIP1;SEC23A;COPA;COPG2;AP3M1;AP3B1;EPS15;TMED7;ARCN1"
"GOCC_MEMBRANE_MICRODOMAIN",0.30450493856902,1,0.286146310995152,1.0426630360866,1263,279,"ITLN1;TGFBR2;MS4A4A;FXYD1;ADTRP;FYB2;SLC6A4;ABCG2;STOML3;ADRA1A;MAG;NTSR1;SHH;LRRK2;CD36;LCP2;MAL;SKAP1;HTR2A;ADRA1B;PAG1;BTK;PLLP;AHNAK;THY1;FAIM2;CAVIN2;ATP1A2;TREM2;TNR;CD4;LYPD6;ACE2;CR1;SULF1;NFAM1;RIT2;MLC1;MALL;LRP4;ARID3C;MAL2;PTGIS;ADCY2;ANXA2;EHD2;INPP5D;TFPI;PLPP3;ATP2B4;ADCYAP1R1;HAS2;EGFR;PRNP;EPHB1;PLPP2;DLC1;IL6ST;DMD;UNC5A;ANGPT1;ABCB4;EFNA5;CRIPTO;ADCY8;SLC1A1;CD55;PLSCR1;SPRED1;JAK2;STIM1;PTPRC;CTSD;TPP1;PACSIN2;KCND2;NOS1;SGCA;HK1;TNFRSF1A;GJA1;CHP1;SERPINH1;FAS;CTNNB1;IRS1;SLC9A1;HCK"
"GOCC_MEMBRANE_PROTEIN_COMPLEX",1,1,0.205655573910754,0.829318760370346,3272,1296,"GJA8;CNGB3;ITGB7;NOX5;MEP1A;FXYD3;CMKLR1;GJB1;CD3E;ERBB3;CNGA1;PIK3R6;MS4A2;GJC3;CDH19;MTCO2P12;IGF1;TGFBR2;CXCL8;DRD1;KCNK17;FXYD1;STING1;SCN10A;ATP1A4;CACNA1G;ITGAX;NCF1;SNTB1;CD8B;PDGFRA;GJA3;TMEM37;NCF2;CLIC6;SCN1A;GNAT1;ITGA4;KCNA7;WNT3A;CD34;SCN4B;KCNMB2;IL1R1;GNAT2;IL1R2;PGM5;CHRNA6;RHAG;CD79B;SLC9A2;SSPN;TGFBR3;C7;SHISA8;IL2RB;HSPA2;KCNJ2;TRIL;SKAP1;HTR3B;CALCR;GABRE;NALCN;SGCD;KCNK4;IL1A;INHA;CATSPERD;ITGA6;NCF4;KCNK5;ITGB3;HFE;GABRA1;ATP6V0D2;GRIK2;KCNJ5;IL18R1;SLC30A4;SLC17A8;GJB3;AHNAK;ANO1;IL1RAP;GLRA2;IRAG2;SLC7A8;FXYD5;GRIN2A;GRID2;COPZ2;IL12A;CRB3;ATP1A2;SLC30A8;CD4;ACE2;VCAM1;KCNA4;GABRA2;CACNA1D;C6;HCN1;SLC1A3;SGCZ;BMP2;ITGB5;GP5;SCN2B;KCNIP1;SCNN1B;EPS8;GRIA1;KCNV1;KCNK12;KCNJ13;GABRR1;MAP3K5;KCNQ5;KCNA1;OLFM3;ACVRL1;CACNA1I;TRPC5;GRIN3A;CMKLR2;HAS1;SYN2;SCN2A;CPLX4;RET;OSMR;GABRA3;SLC30A10;IL23A;ANXA2;GRIN3B;KCNJ3;SCN7A;GRIN1;IL10RB;PRKCA;CDH11;BCL2;DLG2;JAK1;CHRNA2;IL13RA1;GRIN2C;KCNMB3;CDH18;PDGFA;GABRB1;TAPBP;HTR3A;GJD3;GABRG2;HAS2;KRT19;EGFR;FCER1G;CACNG6;CACNA1C;IFNLR1;CDH22;KCNA3;SPAG4;STON1;IL20RA;TRPC6;GRIA2;GRIK4;RAMP2;SEC24D;IL6ST;CACNA2D3;COX7A1;UNC80;MT-CO1;DMD;BEST2;GLRA3;PDE4D;HLA-B;KCNC2;MT-ND5;GLRB;STT3A;CACHD1;KCNS1;CDH9;SCNN1G;EPN3;KCNG3;HSD17B12;DOC2B;EMILIN1;GNG12;MAGEL2;MT-ND6;GABBR2;GLRA1;MT-CO2;UVRAG;VWC2;CNIH3;SEL1L;MT-ATP8;CACNA2D2;MR1;ITGBL1;TAPBPL;GABRA5;SCN9A;HCN2;RAMP1;JAK2;ITGB8;ALCAM;KCNH1;TMED3;CLIC5;SGCG;SNTA1;KCNF1;MT-ND4;CDH10;SHC1;GABRG3;MT-CYB;ITGA8;TGFB2;CD6;CDH4;ITGA9;KCND2;MAGT1;KCNJ11;TMEM262;KCND3;HSPG2;DIPK2A;SGCA;CDH6;EVC;HLA-DPA1;UQCRHL;SCLT1;ANO2;CHRNA4;RNF125;ATP6AP2;KCNK2;CDH17;HOOK1;CHMP2B;GNB4;AMFR;GJA1;CHRNB3;HLA-E;AQP1;KCNC4;CACNA1E;KCNS2;CALCRL;CHP1;VPS41;VPS35;SLC7A10;C5;SYNE1;FAS;AP5B1;RYR3;NRN1;CDH3;VAMP4;ERBB2;SCN3A;CDHR3"
"GOCC_METHYLTRANSFERASE_COMPLEX",0.174380466472303,1,-0.359033480448607,-1.15423334740099,956,112,"SNRPE;SNRPG;SNRPD1;METTL1;SNRPF;TRMT112;ERH;SNRPB;PHF1;WDR4;PELP1;METTL3;HDAC9;EZH2;SNRPD2;DPY30;PAGR1;KMT2C;METTL14;LAS1L;KMT2D;TRMT6;PHF20;MTF2;KDM6B;LCOR;SIRT1;TRMT61B;INO80C;METTL5;RUVBL1;WDR5;HCFC2;SARS1;KMT2B;KMT2A;HSD17B10;BACC1;EED;MCRS1;CXXC1;SETD1B;TAF1;KDM1A;MGA;PRMT5;BOD1;WDR82;HDAC2;METTL6;RBBP7;KDM6A;TAF9;JARID2;TRMT61A;PRPF31;TRMT10C;RIOK1;SETD1A;RBM15;TAF4;WDR77;PRMT1;EZH1;HCFC1;KANSL1;THUMPD2;UTY;BUD23"
"GOCC_MHC_CLASS_I_PEPTIDE_LOADING_COMPLEX",0.521951219512195,1,0.506962322862051,0.973952217778037,2567,8,"TAPBP;TAPBPL;TAP1;PDIA3;CALR;B2M"
"GOCC_MHC_CLASS_I_PROTEIN_COMPLEX",0.611031371744925,1,0.452365885518265,0.893445723328357,2979,9,"HFE;HLA-B;MR1;HLA-E;B2M;HLA-C"
"GOCC_MHC_CLASS_IB_PROTEIN_COMPLEX",0.80450212938552,1,0.404445807633124,0.723390249212963,3966,6,"HLA-B;HLA-E;B2M;HLA-C"
"GOCC_MHC_CLASS_II_PROTEIN_COMPLEX",0.145792563600783,1,-0.609249564968512,-1.31034632490872,744,13,"HLA-DQA1;HLA-DQB1;HLA-DMB;HLA-DRB1;HLA-DOB;HLA-DOA"
"GOCC_MHC_PROTEIN_COMPLEX",0.555534055727554,1,-0.38588126230865,-0.93363307709208,2870,21,"HLA-DQA1;HLA-DQB1;HLA-DMB;HLA-DRB1;HLA-DOB;HLA-H;HLA-DOA"
"GOCC_MIB_COMPLEX",0.913307240704501,1,-0.303850043340075,-0.65350688865014,4666,13,"MICOS10;MICOS13;CHCHD6;MTX2;MTX3;MTX1;HSPA9;CHCHD3;APOO;DNAJC11;IMMT;SAMM50;APOOL"
"GOCC_MICOS_COMPLEX",0.882731707317073,1,-0.341176350818277,-0.671313083581609,4523,9,"MICOS10;CHCHD10;MICOS13;CHCHD6"
"GOCC_MICROBODY",0.396540103347562,1,0.299662801328973,1.01712887733157,1764,145,"URAD;ACOT6;CRYM;DHRS4L1;STING1;XDH;ACOXL;VIM;LACC1;FAR2;PXMP4;MGAT4A;ACSL6;ACOX2;PEX6;ABCD1;TMEM135;MTARC2;HSDL2;ABCD3;PEX2;EHHADH;ACOX1;CRAT;KCNIP4;IDE;TYSND1;PLAAT3;DHRS4L2;NUDT7;HSD17B4;ACSL1;TMEM35A;ECI2;PEX12;CAT;LONP2;EPHX2;MARF1;MIEF2;CCDC33;FAR1;ACSL3;DHRS4;MAVS;VWA8;ACBD5;PIPOX;AMACR;NBR1;PEX5L;PNPLA8;PEX26;MVD;GBF1;MVK;ATAD1;USP30;MPV17L"
"GOCC_MICROBODY_LUMEN",0.995743857612691,1,-0.208498528851227,-0.586635943750341,5146,47,"NOS2;POMC;DAO;ACOT4;CROT;PRDX5;BAAT;ACAA1"
"GOCC_MICROBODY_MEMBRANE",0.90696686491079,1,0.257631545436984,0.783512592843116,4269,66,"FAR2;PXMP4;ACSL6;PEX6;ABCD1;TMEM135;ABCD3;PEX2;ACOX1;PLAAT3;HSD17B4;ACSL1;TMEM35A;PEX12;CAT;FAR1;ACSL3;DHRS4;MAVS;ACBD5;NBR1;PEX5L;PNPLA8;PEX26;ATAD1;USP30;MPV17L;ALDH3A2"
"GOCC_MICROFIBRIL",0.469337694194603,1,0.455390865619818,0.990596362178379,2295,13,"FBN1;THSD4;FBN3;MFAP4;ADAMTS10;FBN2;EFEMP2"
"GOCC_MICROTUBULE",1,1,0.189700275354622,0.720767169586161,3988,475,"CFAP107;TEKT4;MNS1;CFAP52;CFAP95;EFHB;TEKT1;CFAP126;GRAMD2B;TRPV4;SPAG17;CFAP161;CFAP45;CLMP;DNAH3;TOGARAM2;KIF4B;RP1;CFAP144;MX1;DNAI2;PACRG;CFAP90;KIF27;TRIM55;FAM110C;ARHGAP18;TUBA4A;TEKT3;SPAG8;DCDC1;CYP2A6;TTLL13;CFAP141;TEKTIP1;DYNC1I1;DNAI1;ENKUR;KIF17;KIF26B;SYBU;EFHC2;CNP;DCDC2;TTLL9;RIBC1;DNAH9;MID1;EFCAB6;TUBB1;KIFC3;RASSF5;PTPN20;JAKMIP1;MID2;CFAP53;DNAH11;STIM1;DYNLT2;DNAH5;MAP1LC3C;NAV3;MAP7D2;HOOK1;TTLL4;SLC8A3;IFT70A;CHMP2B;TPPP3;CLIP4;IQGAP1;IFT70B;FGF13;NDE1;DNAH7;SPEF1;GAS2L1;SHTN1;CFAP96;TUBB6;FAM161B;PDE4DIP;TPT1;DYNLRB2;TMEM214;RMDN2;KIF3A;EML5;KIFAP3;EML6;KIF1C;NEK6;EML2;KCNAB2;CHMP4C;EML1;KLC3;DISC1;CLTC;MAP7;DNM3;KIF15;KIF20A;KIF13A;MAP9"
"GOCC_MICROTUBULE_ASSOCIATED_COMPLEX",0.999773396782234,1,0.176876888496803,0.606081515287687,4411,156,"DRC1;DNAH3;KIF4B;RP1;DNAI3;DNAI7;DNAI2;KIF27;DNAI4;DYNC1I1;DYNLT4;DNAI1;KIF17;DNAH9;MID1;KIFC3;DNAH11;DYNLT2;DNAH5;NDE1;DNAH7;NUDCD3;SHTN1;CFAP70;DYNLRB2;PEA15;KIF3A;KIFAP3;KIF1C;EML2;EML1;KLC3;DISC1;MAP7;KIF15;KIF20A;KIF13A;KIF16B;KIF5A;KIF13B;KIF1A;CCDC65"
"GOCC_MICROTUBULE_BUNDLE",0.958020685459339,1,0.29120779924174,0.520853173627973,4723,6,"TPPP3;NUMA1;TPPP"
"GOCC_MICROTUBULE_CYTOSKELETON",1,1,0.124187152159397,0.500499319906057,3301,1276,"CFAP107;TEKT4;CEP295NL;RGCC;CROCC2;CCNO;MNS1;CFAP52;CFAP95;EFHB;PKHD1;ADCY10;TEKT1;CFAP126;GRAMD2B;USH1G;TRPV4;SPAG17;DRC1;CFAP161;CFAP45;CLMP;DNAH3;TOGARAM2;KIF4B;RP1;CFAP144;HSPA2;MX1;DNAI3;DNAI7;DNAI2;RASSF10;PAX2;BOD1L2;RAB6C;PACRG;CFAP90;CIMAP3;IRAG2;TTC39A;KIF27;SMAD6;TRIM55;FAM110C;ARHGAP18;TUBA4A;TEKT3;SPAG8;CLRN1;DCDC1;NR3C1;CCND1;CYP2A6;RSPH1;TENT5C;VIM;TSGA10;TTLL13;CEP112;CCDC15;ALPK1;DNAI4;CFAP141;ZMYND10;RILP;TEKTIP1;DYNC1I1;DYNLT4;PRKCA;DNAI1;ENKUR;KIF17;HAP1;EEF1AKMT3;AXIN2;PLK2;KIAA1217;RAB6D;CPLANE2;GEM;KIF26B;SYBU;PRKACB;CFAP221;EFHC2;RAB34;CNP;TBC1D30;DAW1;CCND2;DYSF;DCDC2;TTLL9;RIBC1;FANK1;CCDC170;PDE4D;DNAH9;TLN1;PROCR;SNX10;MID1;FAM234B;EFCAB6;UVRAG;KLHL5;BBS9;TUBB1;TRIM69;MAST4;KIFC3;TMEM67;UBXN6;RASSF5;TMEM63A;PTPN20;JAKMIP1;CEP126;MID2;CFAP53;EVI5;CLIC5;DNAH11;STIM1;DYNLT2;CCNA1;PROSER3;DNAH5;LZTFL1;MAP1LC3C;NAV3;MAP7D2;EVC;SLMAP;SCLT1;RIMBP3;BBS5;BBOF1;HOOK1;TTLL4;SLC8A3;IFT70A;CHMP2B;CCDC81;IFT122;TPPP3;CLIP4;ECPAS;AGBL4;PLK5;CHP1;VPS41;TTC8;IQGAP1;IFT70B;STK3;FAM110B;ERC1;PRKCQ;FGF13;NDE1;DNAH7;NUDCD3;CTNNB1;SPEF1;CFAP184;AHI1;GAS2L1;SHTN1;IFT56;CFAP96;MAP7D3;CFAP70;SMC1A;ARHGEF10;TUBB6;CDH23;ROCK2;TTC12;CABCOCO1;FAM161B;NEK9;PDE4DIP;IQCG;TPT1;SPICE1;CNTLN;DYNLRB2;PSEN2;LRRIQ1;FBXL7;TMEM214;PEA15;SLC1A4;RMDN2;TEX9;KIF3A;EML5;KIFAP3;ATP6V0D1;PRKAR1A;EML6;CAMK2B;AGBL2;KIF1C;RRP7A;NEK6;EXOC4;EML2;KCNAB2;CHMP4C;RPGRIP1L;TRIM75;MAGI2;NEDD9;EML1;HSPA1A;STAG1;KLC3;CNTRL;TWSG1;DISC1;IQCD;PRKCZ;CLTC;MAP7;DNM3;BICD2;KIF15;MAST3;KIF20A;DYRK3;KIF13A;MAP9;ZNF665;KIF16B;CDKL5;DTX4;MYH10;AFG2A;TPX2;ATXN10;ITSN2;LRP1;SLAIN2;ZNF836;ANKRD26;PJA2;PKNOX2;KIF5A;PPP1R12A;GNAI1;TNKS;PRKAR2A;RADIL;KIF13B;KIF1A;CALM1;CCDC65;SEPTIN7;CLUAP1;POC1B;CFAP263;SEPTIN10;TRIM32;IFT172;TOGARAM1;NEDD1;CFAP206;PLA2G3;B9D1;DYNC2H1;IFT80;FEZ1;INPPL1;KAT14;MAP3K11;FBXW8;SVIL;SYNJ1;KIAA0586;CUL7;DZIP1;SHROOM2;KIF3C;CEP120;WHAMM;DTL;CIR1;KIF3B;OBSL1;TM9SF2;MARCHF7;MDM1;TUBG2;ZNF365;DLG5;SIRT2;ODAD1;KANSL3;KIZ;ARMC9;TTL;KLHL21;KIF12;STAU2;ZNF397;EML3;ASPM;LRRCC1;ERCC6L2;MAP1A;CEP170B;RGS14;CEP164;RIMBP3B;DYNLT3;TUBA8;SMAD7;WHRN;HOOK3;DAAM1;TTC19;CLASP1;CHD3;RILPL2;RILPL1;IK;TRIOBP"
"GOCC_MICROTUBULE_END",0.988901869158878,1,-0.221852748762063,-0.588583106576839,5078,34,"SLAIN1;SPAG5;TBCB;NCKAP5;GAS2L2;CAMSAP3;MAPRE2;DST;KIF18B;CLIP1;CAMSAP1;MAPRE1;MAPRE3;CLASP2;CLIP2;NCKAP5L;KIF2C;ABRAXAS2;KNSTRN;DCTN1;CDK5RAP2;MISP;CAMSAP2;NUMA1;CKAP5;CLIP3;CLASP1;ASPM;SVIL;SLAIN2;PDE4DIP;GAS2L1;CLIP4;NAV3"
"GOCC_MICROTUBULE_MINUS_END",0.906028008930384,1,0.331660287426879,0.615321652449315,4463,7,"SVIL;ASPM;NUMA1;CAMSAP2;ABRAXAS2"
"GOCC_MICROTUBULE_ORGANIZING_CENTER",1,1,0.0982545740235874,0.385908874667522,3653,779,"CEP295NL;RGCC;CROCC2;CCNO;PKHD1;CFAP126;USH1G;RASSF10;PAX2;BOD1L2;RAB6C;CFAP90;CIMAP3;IRAG2;TTC39A;SMAD6;FAM110C;SPAG8;NR3C1;CCND1;TENT5C;VIM;TSGA10;TTLL13;CEP112;CCDC15;ALPK1;ZMYND10;RILP;DYNLT4;PRKCA;DNAI1;KIF17;HAP1;EEF1AKMT3;AXIN2;PLK2;KIAA1217;RAB6D;CPLANE2;PRKACB;CFAP221;EFHC2;RAB34;TBC1D30;DAW1;CCND2;DYSF;DCDC2;TTLL9;FANK1;CCDC170;PDE4D;DNAH9;TLN1;PROCR;SNX10;FAM234B;UVRAG;BBS9;TRIM69;KIFC3;TMEM67;UBXN6;TMEM63A;PTPN20;CEP126;CFAP53;EVI5;CLIC5;CCNA1;PROSER3;MAP7D2;EVC;SLMAP;SCLT1;BBS5;BBOF1;HOOK1;TTLL4;CCDC81;IFT122;ECPAS;AGBL4;PLK5;TTC8;STK3;FAM110B;ERC1;PRKCQ;NDE1;CTNNB1;CFAP184;AHI1;IFT56;CFAP96;CFAP70;ARHGEF10;CDH23;ROCK2;TTC12;CABCOCO1;NEK9;PDE4DIP;SPICE1;CNTLN;DYNLRB2;PSEN2;FBXL7;SLC1A4;TEX9;KIF3A;KIFAP3;ATP6V0D1;PRKAR1A;CAMK2B;AGBL2;RRP7A;NEK6;EXOC4;RPGRIP1L;MAGI2;NEDD9;HSPA1A;CNTRL;TWSG1;DISC1;IQCD;PRKCZ;BICD2;KIF15;DYRK3;KIF13A;CDKL5;DTX4;ATXN10;ITSN2;LRP1;SLAIN2;ANKRD26;PJA2;PPP1R12A;GNAI1;TNKS;PRKAR2A;CALM1;CCDC65;CLUAP1;POC1B;CFAP263;TRIM32;IFT172;TOGARAM1;NEDD1;CFAP206;PLA2G3;B9D1;IFT80;FEZ1;MAP3K11;FBXW8;KIAA0586;CUL7;DZIP1;CEP120;DTL;CIR1;KIF3B;OBSL1;TM9SF2;MARCHF7;MDM1;TUBG2;ZNF365;DLG5;SIRT2;KIZ;ARMC9;KLHL21;ASPM;LRRCC1;ERCC6L2;RGS14;CEP164;SMAD7;WHRN;HOOK3;DAAM1;TTC19;CLASP1;CHD3;RILPL2;RILPL1;TRIOBP"
"GOCC_MICROTUBULE_ORGANIZING_CENTER_ATTACHMENT_SITE",0.961089494163424,1,0.263661092208441,0.53745584035259,4692,10,"IRAG2;SPAG4;SYNE1;CLMN"
"GOCC_MICROTUBULE_PLUS_END",0.982748594688893,1,-0.231111111111111,-0.584711278122492,5069,26,"SLAIN1;SPAG5;TBCB;NCKAP5;GAS2L2;MAPRE2;DST;KIF18B;CLIP1;MAPRE1;MAPRE3;CLASP2;CLIP2;NCKAP5L;KIF2C;KNSTRN;DCTN1;CDK5RAP2;NUMA1;CKAP5;CLIP3;CLASP1;SLAIN2;PDE4DIP;GAS2L1;CLIP4"
"GOCC_MICROVESICLE",0.981477832512315,1,-0.254098360655738,-0.471345557259282,4980,7,"BLOC1S5;SNAPIN;PPFIA3;BLOC1S6;AP3B1;SYT4;SLC30A3"
"GOCC_MICROVILLUS",0.897302001740644,1,0.253848734807762,0.806961082901374,4123,89,"USH1C;PDGFRA;OTOP1;LRRK2;CD302;CDHR2;ITGB3;SLC7A8;PTPRH;CLRN1;VCAM1;CUBN;PDZK1;AMN;PDGFA;ESPN;ANKS4B;SLC38A4;ANGPT1;MSN;MTTP;RAPGEF3;ICAM2;RDX;CTNNB1;SPEF1;SLC26A2;SLC27A4"
"GOCC_MICROVILLUS_MEMBRANE",0.962005483744614,1,-0.250427724406996,-0.656161673246838,4911,32,"S100P;IZUMO1R;CEACAM1;CDHR5;MUC20"
"GOCC_MIDBODY",1,1,-0.180111892832759,-0.613770139739801,5623,187,"HEPACAM2;SEPTIN12;OR2A4"
"GOCC_MIGRASOME",0.983978908943419,1,0.25835560473063,0.462093862179894,4851,6,"EPCIP;TOMM20;HSPD1;TSPAN9"
"GOCC_MITOCHONDRIA_ASSOCIATED_ENDOPLASMIC_RETICULUM_MEMBRANE_CONTACT_SITE",0.483997522196985,1,0.38233901395223,0.982018931839927,2343,27,"FATE1;RAB38;CANX;RAB32;PSEN2;STX17;MBOAT7;SELENON;BCAP31;CLCC1;PSEN1;PDZD8;ACSL4;ATG5;AHCYL1;ZFYVE1;TOMM20"
"GOCC_MITOCHONDRIAL_2FE_2S_ASSEMBLY_COMPLEX",0.456674004402642,1,-0.608676348025458,-1.05036259355928,2281,5,"FXN;NDUFAB1;ISCU;NFS1"
"GOCC_MITOCHONDRIAL_COMPLEX_I_INTERMEDIATE_ASSEMBLY_COMPLEX",0.798067442319069,1,-0.409062476453224,-0.735983771526156,4046,6,"COA1;NDUFAF1;TMEM186"
"GOCC_MITOCHONDRIAL_CRISTA",0.836284927194018,1,-0.374981585625001,-0.716463654134648,4249,8,"SLC8B1;COX6B2;PTPN1;CIBAR1;TMEM70"
"GOCC_MITOCHONDRIAL_CRISTA_JUNCTION",0.940181031090122,1,-0.303795182898205,-0.580450387943637,4777,8,"MICOS10;MICOS13;CHCHD6;CHCHD3;APOO;IMMT;MICU1;APOOL"
"GOCC_MITOCHONDRIAL_ENVELOPE",1,1,-0.147421392397412,-0.563822126253254,6377,806,"GPAT2;PRODH2;TRAF3IP3;PGR;FGR;PET100;GSDMD;UQCC5;UCP2;DAO;NDUFC2-KCTD14;HSP90B2P;SLC8B1;AQP8;OCIAD2;ATP5ME;NDUFB1;NDUFA1;SLC25A48;RSAD2;COX17;PRELID3A;ROMO1;ALPL;NDUFA2;GATM;ATP5MF;NDUFB3;NDUFA3;NDUFA13;PLEKHN1;PLN;NRGN;IMMP1L;UQCRQ;KGD4;NDUFS6;CYP24A1;PAM16;ATP5MK;COX7C;SNN;SLC25A34;MRPL14;OTC;CHCHD1;NDUFB2;COX5B;COX6C;COX6B1;SLC25A29;MRPL34;NDUFA7;COX7A2;TIMM10;SLC30A2;BCL2L10;MRPS18C;MRPS21;MRPL52;HINT2;EFHD1;NDUFB4;COX14;COQ3;MRPL18;MRPL33;VPS13A;ATP5F1E;ATP5PF;ATP5MJ;UQCR10;DMAC2L;ACADVL;COX8A;TIMM8B;NDUFAF2;ADAP2;MRPL40;RAC2;NDUFB8;ATP5MC1;MTLN;SLC25A21;UQCRH;ATP5MC3;PEMT;ATP5MC2;COX7B;COQ8A;SIRT4;TOMM5;AURKAIP1;SLC44A2;SLC25A42;HK2;HMOX1;ATP5F1D;BLOC1S1;TMEM14B;NDUFAB1;SMIM26;UQCC4;COA1;NDUFC1;NDUFS5;QTRT1;SMDT1;ANTKMT;TMEM160;RAB5IF;ACACB;SLC25A22;NME3;NDUFA12;GRPEL2;PPIF;HIGD2A;MRPL51;MRPL46;MRPL41;NDUFB7;RNF5;PTRH2;COQ10A;MRPL16;MRPL11;COA6;PLA2G4B;NDUFA4;NDUFS4;MICOS10;TAFAZZIN;CYP2E1;PDSS1;MRPL21;MRPL39;UQCRFS1;MRPL22;MRPS11;MT-ND3;MRPL24;FDXR;NDUFA6;TIMM50;MRPL32;SLC25A19;NDUFB9;IFI27L1;SHMT2;UQCC2;MRPS24;MRPS34;COA5;GFER;AFG1L;TMEM223;MRPL13;PMAIP1;SLC25A28;NDUFAF6;ARL2;SPHK2;NDUFAF1;MCUB;TOMM7;COX11;TOMM6;EPHA4;UQCR11;MRPS26;UQCC3;THOP1;BAX;TRAK1;MISFA;ATAD3B;FOXRED1;COA8;CYP27C1;MRPL58;CHCHD5;BPHL;SCO2;ATP5MG;RAF1;GRPEL1;MRPL27;PHB1;PPP1R15A;MRPS17;CPT1B;MRPL36;NDUFV2;COA4;MRPL55;IFI27;CARD19;IFI27L2;MIGA2;TMEM186;MRPL12;NDUFS3;UBA52;PTCD3;RHOT2;BBC3;COQ5;PRELID3B;MRPS12;COX5A;MIX23;MRPS31;PRELID1;TIMMDC1;NDUFA8;NDUFA11;MAP1LC3B;PGAM5;BECN1;ATP5F1C;VDAC2;UQCRB;PARL;CDC25C;COX6A1;CISD1;NDUFB5;ATXN3;MRPL48;GRAMD4;BCS1L;PISD;STMP1;CYC1;MRPL35;COX4I1;CPOX;COX20;NDUFC2;NDUFB6;COX6B2;FIS1;PPOX;HTRA2;TMEM11;MRPL50;TIMM23B;TIGAR;PTPN1;ULK1;TRABD;RPS27A;MRPS33"
"GOCC_MITOCHONDRIAL_INTERMEMBRANE_SPACE_CHAPERONE_COMPLEX",0.375862748964701,1,-0.617560538936451,-1.11111275356528,1905,6,"TIMM10;TIMM8B;TIMM13;TIMM9;TIMM8A"
"GOCC_MITOCHONDRIAL_MATRIX",1,1,-0.138322830080033,-0.516529202061146,6123,530,"ACSM5;ACSM6;ACSM4;FXN;CSKMT;DHRS2;TXNRD2;SLIRP;GLDC;PCK2;HSPE1;AMT;PAM16;NUDT1;NT5M;PIF1;MTHFD2;PUS1;MRPL14;PIN4;OTC;CHCHD1;CDKN2A;ACOT13;MRPL34;BOLA3;MRPS18C;ISCA2;MRPS21;PRDX5;HOGA1;MRPL52;HINT2;COQ3;MRPL18;MRPL33;ATP5F1E;DGUOK;ACADVL;YRDC;MTRF1;CDK5RAP1;MRPL40;NDUFB8;MCEE;SIRT4;AURKAIP1;RBFA;IBA57;ATP5F1D;BLOC1S1;NDUFAB1;ECI1;SMDT1;GRPEL2;PPIF;MRPL51;MRPL46;MRPL41;MRPL16;MRPL11;PDSS1;SDHAF4;MRPL21;NDUFAF8;MRPL39;UQCRFS1;MRPL22;MRPS11;MRPL24;FDXR;SDHAF3;TBRG4;MRPL32;MTERF1;SHMT2;UQCC2;MRPS24;GPX1;MRPS34;SSBP1;FLAD1;MRPL13;ARL2;ETFA;NDUFAF1;MRPS26;ARG2;POLG2;MRPL58;GRPEL1;MRPL27;AADAT;DNA2;ACAD8;MRPS17;ALDH4A1;MRPL36;BCKDHB;TRMT5;MRPL55;METTL8;DDX28;FOXO3B;MRPL12;NDUFS3;PTCD3;COQ5;HAGH;MRPS12;TFB1M;METTL17;MRPS31;GLRX5;NSUN3;POLG;ATP5F1C;VDAC2;CCAR2;ATXN3;MRPL48;TRMT61B;ACADS;MRPL35;PGK1;CDK1;MRPL50;PTPN1;PDHA1;MRPS33;OXSM;PRDX3;GARS1;TIMM44;ISCU;ACADM;MTHFS;POLRMT;ABHD11;ACSM3;NARS2;MRPL57;SUPV3L1;NAXD;MTHFD1L;PRIMPOL;MRPL43;PPA2;ACSF2;TRIT1;MRPL53;MRPL42;MAIP1;HSD17B10;GFM2;YARS2;MRPS15;MRM1;MRM2;C1QBP;IDH3B;NDUFS8;MRPL54;SDHAF2;FDX1;MTERF3;DNAJC19;MTERF2;ISCA1;PMPCB;NDUFS7;MTPAP;MALSU1;TFAM;MRPL2;NDUFAF7;MRPL44;YWHAG;DNAJC15;MRPL17;MPST;ETHE1;SDHAF1;TARS2;CPS1;MRPS23;NSUN4;GADD45GIP1;NFS1;CBR4;TP53AIP1;NAT8L;MTNAP1;MRPS9;MRPL9;BCKDHA;PNPT1;MTERF4;GCSH;SARS2;NAGS;FDX2;ADPRS;MRPL4;TST;RIDA;RPS3;MTHFD2L;MRPL20;COX10;ACOT11;MTIF2;MRPL10;HAX1;MTG1;MRPS5;THEM4;NGRN;PDHB"
"GOCC_MITOCHONDRIAL_PERMEABILITY_TRANSITION_PORE_COMPLEX",0.927684729064039,1,-0.320141546905467,-0.593853873903765,4707,7,"PPIF;BAX;SPG7;VDAC1;SLC25A4;SLC25A5;SLC25A6"
"GOCC_MITOCHONDRIAL_SMALL_RIBOSOMAL_SUBUNIT",0.358597728162946,1,-0.4037237678532,-1.05782242629632,1830,32,"CHCHD1;MRPS18C;MRPS21;AURKAIP1;MRPS11;MRPS24;MRPS34;MRPS26;MRPS17;PTCD3;MRPS12;MRPS31;MRPS33;MRPL42;MRPS15;MRPS23;MRPS9;MRPS5;MRPS6"
"GOCC_MITOCHONDRION",1,1,-0.105839826533789,-0.419154798323878,7002,1712,"GPAT2;FAM83A;LGALS12;XAF1;PRODH2;CCR7;TDRD10;CCN6;ACSM5;TRAF3IP3;ATAD3C;PGR;KYNU;RAB40AL;FGR;NTRK1;ABCC9;HK3;SLC6A13;GLYATL1;ACSM6;ATP2A1;ACSM4;MOBP;FXN;CYP1A2;PET100;GSDMD;UQCC5;CSKMT;UCP2;DAO;NDUFC2-KCTD14;KHDC3L;HSP90B2P;CKB;SLC8B1;NLRP3;KCNQ3;EYA2;AQP8;OCIAD2;ATP5ME;NDUFB1;PET117;NDUFA1;SLC25A48;DHRS2;ECHDC2;TXNRD2;DEPP1;PHYHIP;SLIRP;RSAD2;ECHDC3;COX17;PRELID3A;ROMO1;ALPL;FMC1;NDUFA2;GLDC;PCK2;GATM;ATP5MF;PLIN5;NDUFB3;NDUFA3;NDUFA13;PLEKHN1;PLN;NRGN;TSPOAP1;G0S2;HSPE1;AMT;IMMP1L;UQCRQ;TMEM256;KGD4;NDUFS6;CYP24A1;PAM16;NUDT1;NT5M;PLAAT1;PIF1;ATP5MK;COX7C;SNN;MTHFD2;PUS1;SLC25A34;ATP5IF1;MRPL14;STAP1;PIN4;OTC;CHCHD1;NDUFB2;COX5B;COX6C;CDKN2A;ACOT13;CAPN10;COX6B1;NDUFA4L2;FANCG;SIVA1;SLC25A29;MRPL34;SHMT1;NDUFA7;COX7A2;PTS;CCS;TIMM10;SLC30A2;BOLA3;ACSBG2;BCL2L10;MRPS18C;ISCA2;MRPS21;PRDX5;NCBP2AS2;HOGA1;PECR;UNG;MRPL52;HINT2;EFHD1;C15orf61;NDUFB4;DCTPP1;COX14;COQ3;ESR2;MRPL18;MRPL33;NUDT8;VPS13A;ATP5F1E;DGUOK;DDAH2;ATP5PF;ATP5MJ;UQCR10;DMAC2L;ACADVL;YRDC;MTRF1;CISD3;COX8A;EOLA1;PFDN2;TIMM8B;MIEN1;NDUFAF2;ADAP2;TDH;MTFR2;CDK5RAP1;MRPL40;RAC2;NDUFB8;ATP5MC1;MTLN;SLC25A21;MAPK12;UQCRH;ATP5MC3;PEMT;ATP5MC2;COX7B;MYOM2;COQ8A;RAD51C;YJEFN3;MCEE;SIRT4;TOMM5;AURKAIP1;SLC44A2;SLC25A42;RBFA;HK2;SIAH3;IBA57;HMOX1;ATP5F1D;BLOC1S1;TMEM14B;DNLZ;NDUFAB1;SMIM26;UQCC4;COA1;NDUFC1;NTHL1;NDUFS5;HEBP2;QTRT1;ECI1;SMDT1;ANTKMT;TMEM160;PLGRKT;RAB5IF;ACACB;SLC25A22;MSRB2;NME3;NDUFA12;GRPEL2;TDRP;PPIF;HIGD2A;MRPL51;RALA;TMEM69;MRPL46;MLLT11;MRPL41;NDUFB7;RNF5;PTRH2;COQ10A;MRPL16;MRPL11;ILF3;COA6;PLA2G4B;NDUFA4;NT5C;NDUFS4;MICOS10;ARGLU1;TAFAZZIN;CYP2E1;SULT1C2;PDSS1;SDHAF4;MRPL21;PRICKLE3;CYP2D6;NDUFAF8;NAPA;MRPL39;UQCRFS1;MACROD1;MRPL22;MRPS11;MT-ND3;MRPL24;FDXR;NDUFA6;TIMM50;SDHAF3;TBRG4;MRPL32;SLC25A19;NDUFB9;HTATIP2;SDR39U1;MTERF1;IFI27L1;SHMT2;UQCC2;CMC2;GIMAP8;BOLA1;MRPS24;GPX1;HRK;OXLD1;MRPS34;COA5;SSBP1;C22orf39;GFER;AFG1L;FLAD1;TMEM223;MRPL13;AKR1B1;SELENOO;PMAIP1;SLC25A28;NDUFAF6;ARL2;SPHK2;ETFA;NDUFAF1;MCUB;DTYMK;NR2F6;TOMM7;COX11;TOMM6;HDHD5;XRCC3;EPHA4;GK5;BCLAF3;GTPBP3;PYCARD;UQCR11;MRPS26;PYCR2;UQCC3;THOP1;BAX;TRAK1;MISFA;ATAD3B;CPT1C;ARG2;NAPG;FOXRED1;COA8;POLG2;CYP27C1;MRPL58;CHCHD5;BPHL;SCO2;ATP5MG;RAF1;FEN1;GRPEL1;MRPL27;NOX4;PHB1;AADAT;DNA2;ACAD8;PPP1R15A;MRPS17;CPT1B;VARS2;ALDH4A1;MRPL36;BCKDHB;ALKBH3;TRMT5;PNPLA4;KYAT1;NDUFV2;COA4;MRPL55;IFI27;METTL8;DDX28;CARD19;IFI27L2;MIGA2;FOXO3B;TMEM186;MRPL12;NDUFS3;UBA52;NR4A1;PTCD3;RHOT2;BBC3;SMIM12;COQ5;HAGH;SPATA33;PRELID3B;MRPS12;TFB1M;KANSL2;METTL17;COX5A;ADCK5;MIX23;LRRC10;MRPS31;GLRX5;PRELID1;TIMMDC1;UBE3B;NDUFA8;NDUFA11;SIRT1;MAP1LC3B;FKBP4;PGAM5;CYB5R2;BECN1;NSUN3;GLYATL2;IER3;POLG;ATP5F1C;VDAC2;CCAR2;UQCRB;PARL;CDC25C;COX6A1;CISD1;NDUFB5;ATXN3;MRPL48;EIF4E2;GRAMD4;TRMT61B;BCS1L;PISD;ACADS;STMP1;CYC1;MRPL35;COX4I1;CPOX;OXR1;COX20;NDUFC2;ENOSF1;NDUFB6;PGK1;TCHP;COX6B2;TRMT1"
"GOCC_MITOTIC_COHESIN_COMPLEX",0.800609756097561,1,0.385027695020405,0.739697134402492,3938,8,"SMC1A;STAG1;SGO2;STAG2;RAD21;SGO1;SMC3"
"GOCC_MITOTIC_SPINDLE",0.998035012504466,1,-0.208340448475364,-0.701114134990124,5586,165,"HEPACAM2;OR2A4;TUBB8;TUBB8B"
"GOCC_MITOTIC_SPINDLE_ASTRAL_MICROTUBULE",0.885569105691057,1,0.33979706062904,0.652802162744084,4356,8,"DYNLT3;NUMA1;MISP;MAPRE3;KIF18A;MAPRE1;KIF18B;CCSAP"
"GOCC_MITOTIC_SPINDLE_MICROTUBULE",0.935115243075731,1,-0.286328336644392,-0.649990600401054,4827,16,"HAUS1;HAUS5;HAUS7;HAUS4;MAP1S;HAUS3;SKA1;TUBG1;MAPRE1;HNRNPU;HAUS2;HAUS8;HAUS6;CEP295;EML3;CLTC"
"GOCC_MITOTIC_SPINDLE_MIDZONE",0.134514307961845,1,-0.60215434027404,-1.31921228887184,690,14,"OR2A4"
"GOCC_MITOTIC_SPINDLE_POLE",0.800776699029126,1,-0.296180382427944,-0.80669004976361,4123,39,"OR2A4"
"GOCC_MKS_COMPLEX",0.481887807907266,1,0.437820042800136,0.981269363448398,2327,15,"TMEM17;TMEM67;CC2D2A;TMEM231;AHI1;TCTN3;B9D1;TMEM107"
"GOCC_MLL1_2_COMPLEX",0.565021543282413,1,-0.355809785952842,-0.932279942491437,2884,32,"PELP1;DPY30;LAS1L;PHF20;INO80C;RUVBL1;WDR5;HCFC2;KMT2B;KMT2A;BACC1;MCRS1;TAF1;MGA;TAF9;PRPF31;TAF4;HCFC1;KANSL1"
"GOCC_MLL3_4_COMPLEX",0.698316366483947,1,-0.394616415483724,-0.833481188796654,3566,12,"DPY30;PAGR1;KMT2C;KMT2D;KDM6B;WDR5"
"GOCC_MMXD_COMPLEX",0.748849309585751,1,-0.452171232784048,-0.780289476239164,3741,5,"CIAO2B"
"GOCC_MON1_CCZ1_COMPLEX",0.682609565739444,1,-0.48852592576023,-0.843024967319749,3410,5,"RMC1;CCZ1;MON1B;CCZ1B"
"GOCC_MONOATOMIC_ION_CHANNEL_COMPLEX",0.98031113271755,1,0.225041860174569,0.837144789072075,4032,349,"CNGB3;CNGA1;KCNK17;SCN10A;CACNA1G;TMEM37;CLIC6;SCN1A;KCNA7;SCN4B;KCNMB2;CHRNA6;SHISA8;HSPA2;KCNJ2;HTR3B;GABRE;NALCN;KCNK4;CATSPERD;KCNK5;GABRA1;GRIK2;KCNJ5;SLC17A8;ANO1;GLRA2;GRIN2A;GRID2;KCNA4;GABRA2;CACNA1D;HCN1;SCN2B;KCNIP1;SCNN1B;EPS8;GRIA1;KCNV1;KCNK12;KCNJ13;GABRR1;KCNQ5;KCNA1;OLFM3;CACNA1I;TRPC5;GRIN3A;SCN2A;GABRA3;GRIN3B;KCNJ3;SCN7A;GRIN1;DLG2;CHRNA2;GRIN2C;KCNMB3;GABRB1;HTR3A;GABRG2;CACNG6;CACNA1C;KCNA3;TRPC6;GRIA2;GRIK4;CACNA2D3;UNC80;BEST2;GLRA3;PDE4D;KCNC2;GLRB;CACHD1;KCNS1;SCNN1G;KCNG3;GLRA1;VWC2;CNIH3;MT-ATP8;CACNA2D2;GABRA5;SCN9A;HCN2;KCNH1;CLIC5;KCNF1;GABRG3;KCND2;KCNJ11;TMEM262;KCND3;ANO2;CHRNA4;KCNK2;CHRNB3;KCNC4;CACNA1E;KCNS2"
"GOCC_MOTILE_CILIUM",0.149192576524464,1,0.304459631402396,1.1121035215873,618,287,"CFAP107;TEKT4;CFAP99;IRGC;SPACA5B;MNS1;ATP1A4;CFAP52;ROPN1B;GARIN2;CFAP95;EFHB;ADCY10;TEKT1;SLC9B1;CFAP126;CFAP73;DRC1;CFAP161;CFAP45;DRC7;OXCT2;DNAH3;CBY3;CFAP144;IQUB;PGAM4;TTC29;DNAI2;ADGB;CATSPERD;PACRG;TACR2;CFAP90;SLC26A8;OAZ3;CFAP61;TEKT3;SPAG8;RSPH1;DNAJB13;TSGA10;CFAP74;DNAI4;CFAP141;TEKTIP1;ROPN1;DYNLT4;DNAI1;ENKUR;CABS1;ATP2B4;CFAP44;CFAP221;EFHC2;CFAP43;SLC9B2;RIBC1;CCDC39;CFAP65;DNAH9;AK9;C11orf42;RSPH4A;EFCAB6;BBS9;TACR3;CFAP69;LRRC46;CFAP53;CLXN;DNAH11;LRRC23;MORN5"
"GOCC_MPP7_DLG1_LIN7_COMPLEX",0.49689813888333,1,-0.589784650547022,-1.01776212793489,2482,5,"LIN7A;LIN7B;MPP7"
"GOCC_MRE11_COMPLEX",0.726235741444867,1,-0.463814741323907,-0.800382101601936,3628,5,"SP100;MRE11;MRNIP"
"GOCC_MRNA_CLEAVAGE_AND_POLYADENYLATION_SPECIFICITY_FACTOR_COMPLEX",0.37145612343298,1,-0.455138059393263,-1.06177992804919,1925,18,"CPSF4;CPSF1;CPSF7;SSU72L5;PIP5K1A;TUT1;NUDT21"
"GOCC_MRNA_CLEAVAGE_FACTOR_COMPLEX",0.238814642649622,1,-0.474002436993008,-1.17198691457625,1232,23,"CPSF4;CPSF1;CPSF7;CSTF3;SSU72L5;PCF11;PIP5K1A;CLP1;TUT1;NUDT21;CSTF1;CSTF2;CPSF6;SCAF8"
"GOCC_MRNA_EDITING_COMPLEX",0.341181246194439,1,0.611210758820181,1.13396516969174,1680,7,"RBM47;APOBEC3F;APOBEC3G"
"GOCC_MSL_COMPLEX",0.884930958575145,1,-0.36180832443494,-0.624354685799172,4421,5,"MSL3B"
"GOCC_MULTI_PASS_TRANSLOCON_COMPLEX",0.946278449866721,1,0.289962079285666,0.572689913096279,4614,9,"NOMO1;NOMO3;NOMO2;CCDC47;TMCO1"
"GOCC_MULTIVESICULAR_BODY",0.637154989384289,1,0.303346679035192,0.912455536827151,3000,62,"ACP3;MBL2;LRRK2;ARAP1;SLC17A8;STEAP3;RAB27B;APOE;PRKAR1B;EGFR;PGA4;ATP13A2;NSG2;CHMP2B;ECPAS;PGA3;TPT1;PRKAR1A;NSG1;CHMP4C;BACE1;SFTPD;RAB27A;LAMP1;ABCA3"
"GOCC_MULTIVESICULAR_BODY_INTERNAL_VESICLE",0.519772865544514,1,0.550485913963697,0.984597033706058,2562,6,"LRRK2;APOE;EGFR"
"GOCC_MULTIVESICULAR_BODY_LUMEN",0.522776572668113,1,-0.549297505640108,-0.988294143711677,2650,6,"NAPSA;PGA5;SFTPB;CTSH"
"GOCC_MULTIVESICULAR_BODY_MEMBRANE",0.998449311882148,1,-0.190994611097531,-0.486595520183903,5150,27,"CD300LG;PMEL"
"GOCC_MYELIN_SHEATH_ABAXONAL_REGION",0.647152847152847,1,0.504419161123124,0.869089200944304,3238,5,"EXOC4;PRKCZ;ITGB1;DLG1"
"GOCC_MYELIN_SHEATH_ADAXONAL_REGION",0.161038961038961,1,0.760102982500091,1.30961974605707,805,5,"MAG;ANXA2;PTEN"
"GOCC_N_TERMINAL_PROTEIN_ACETYLTRANSFERASE_COMPLEX",0.446180894705997,1,-0.504756138737716,-1.01968006619376,2283,10,"NAA11;NAA16;NAA20;NAA38"
"GOCC_NADPH_OXIDASE_COMPLEX",0.413327797384264,1,0.441489504607371,1.03269428791491,1990,18,"NOX5;NCF1;NCF2;NCF4"
"GOCC_NASCENT_POLYPEPTIDE_ASSOCIATED_COMPLEX",0.646873771136453,1,0.573832045635064,0.89372930832043,3289,3,"NACAD;NACA;BTF3"
"GOCC_NATA_COMPLEX",0.338803281969182,1,-0.669511157727261,-1.15534220826644,1692,5,"NAA11;NAA16"
"GOCC_NBAF_COMPLEX",0.947215897329745,1,0.276040478338868,0.618678995902489,4575,15,"SMARCA2;SMARCD3;SMARCA4;SMARCC2;ARID1B"
"GOCC_NETWORK_FORMING_COLLAGEN_TRIMER",0.316383022349805,1,0.578236719650888,1.14204704815798,1542,9,"COL4A4;COL8A2;COL10A1"
"GOCC_NEUROFIBRILLARY_TANGLE",0.723876123876124,1,0.460991572135797,0.794265618652351,3622,5,"NEFH;CLU;MAPT;PICALM"
"GOCC_NEUROMUSCULAR_JUNCTION",0.814403829416884,1,0.267445949204832,0.850185339514711,3742,89,"LAMA2;SNTB1;P2RX7;SSPN;SGCD;SLC5A7;ERBB4;GRIA1;PLS3;LRP4;DLG2;ACHE;LAMB2;SPOCK1;SGCG;SNTA1;PDZRN3;UNC13C;HSPG2;SGCA;SLC8A3;ERBB2;SYNGR1;ANK3;EPHA7;NRXN1;SERPINE2;ERBIN;COLQ;PRKAR1A"
"GOCC_NEURON_PROJECTION_CYTOPLASM",0.923076923076923,1,0.247525774930829,0.790600811982262,4223,92,"LRRK2;GRIK2;RAB27B;KIF17;HAP1;DLG2;CHRNA2;SYBU;MGARP;ARMCX1;AGBL4;TMEM108;BLOC1S3;KIF3A;KIFAP3;KIF1C;NEFL;CDKL5;KIF5A;KIF1A;KIF3B;STAU2;HIF1A;MAP1A;UHMK1;MAPT;KIF4A;RAB21;MAP2K1;AP3M1;AP3B1;KIF21A;ACTR10;KIF5B;BLOC1S6;AP3S2;OPA1;ARL8B;DYNC1H1;AP3D1"
"GOCC_NEURONAL_DENSE_CORE_VESICLE_MEMBRANE",0.946968180908545,1,-0.302642980935875,-0.522255986140311,4731,5,"CADPS;STXBP5;SYT4;SYT5;KIF1A"
"GOCC_NEURONAL_RIBONUCLEOPROTEIN_GRANULE",0.662985604417275,1,-0.482216313848361,-0.867601898944013,3361,6,"HNRNPAB;ARC;PQBP1;FMR1"
"GOCC_NF_KAPPAB_COMPLEX",0.850740214966538,1,0.377180995812239,0.674624509413911,4194,6,"NFKB1;REL"
"GOCC_NLRP1_INFLAMMASOME_COMPLEX",0.581399921352733,1,0.614879806956277,0.95766018776985,2956,3,"CASP4;NLRP1;PYCARD"
"GOCC_NLRP3_INFLAMMASOME_COMPLEX",0.302660098522167,1,-0.626306907392067,-1.16178230161827,1535,7,"GSDMD;NLRP3;PYCARD;NLRP1"
"GOCC_NLS_DEPENDENT_PROTEIN_NUCLEAR_IMPORT_COMPLEX",0.433668238671314,1,0.527083634262603,1.04101709245552,2114,9,"KPNA3;KPNA5;SNUPN;KPNA1;KPNA6;KPNA2;MYBBP1A;KPNB1;KPNA4"
"GOCC_NODE_OF_RANVIER",0.548407116259826,1,0.394618702782954,0.93554732534366,2650,19,"SCN1A;KCNK4;SCN2B;SCN2A;SCN9A;SPOCK1;KCNK2;ANK3"
"GOCC_NONHOMOLOGOUS_END_JOINING_COMPLEX",0.725268292682927,1,-0.413874043044923,-0.814356151545984,3716,9,"PAXX;XRCC4;XRCC6;NHEJ1;LIG4;DCLRE1C;XRCC5;PRKDC;ATP23"
"GOCC_NPBAF_COMPLEX",0.748612538540596,1,0.360908498065226,0.798796353742334,3641,14,"SMARCA2;SMARCD3;SMARCA4;SMARCC2;ARID1B"
"GOCC_NSL_COMPLEX",0.776369662702281,1,-0.373485420571636,-0.773335422403744,3981,11,"PHF20;KANSL2;KANSL1L;WDR5;MCRS1;HCFC1;KANSL1;KAT8"
"GOCC_NUCLEAR_BODY",1,1,0.155430674719816,0.610815703779906,3661,781,"F8A3;NR1H4;SCARNA13;NUGGC;TLE2;IL16;MSX2;MCIDAS;EPAS1;WT1;HSPB3;SUMO4;USH1G;SP140;GSC;MEF2C;GCNT1;HR;POLR3G;PKP1;BCL11A;H1-4;ALX1;IFI16;FLI1;ESRP1;CHD5;HOXA10;MEOX2;PPP1R16B;ADAMTS4;FOXF2;NR4A2;PLXDC2;CGAS;HIF3A;WWTR1;GATA4;FEV"
"GOCC_NUCLEAR_CHROMOSOME",1,1,-0.183143223089585,-0.639927695896844,5717,234,"TEX12;TEX11;RNF212;MSH4;DMC1;SYCE2;RAD9B;SYCE1L;TREX1;RPA3;SYCP2L;KASH5;FKBP6;FAM9C;E2F1;H2AZ1;SAP30;MUS81;HUS1B;ZRANB3;SIRT7;MCM7;ORC6;EME1;BLM;SINHCAF;RAD51C;SLX1A;LRIF1;RPA4;PSMC3IP;GINS1;ING1;ACTL6A;SMC1B;MCM4;BRMS1;BRCA2;POLD1;RRS1;PRIM2;POLE3;RGS12;POLE4;XRCC3;CDC45;EXOSC9;BAZ1A;RCC1;ORC1;PCNA;IHO1;MCM2;PLK1;UBE2I;ZMIZ2;ING2;RAD1;GINS2;TFPT;INO80C;RUVBL1;SPIDR;MACROH2A1;PHF12;HORMAD1;VPS72;TRIM24;BRMS1L;BRCA1;CAMSAP3;MCM3;SWI5;SMARCB1;NCAPH;H2AX;BCAS2;TONSL;POLD4;HDAC1;PBRM1;MCRS1;MCM5;ORC2;CSNK2A1;SMARCA5;RAD9A;ACTR6;PRIM1;FIRRE;MORF4L1;NCAPG2;HLTF;SLX1B;DMAP1;PLRG1"
"GOCC_NUCLEAR_CYCLIN_DEPENDENT_PROTEIN_KINASE_HOLOENZYME_COMPLEX",0.823027718550107,1,-0.305510388437218,-0.772941503521837,4245,26,"MNAT1;GTF2H5;CDK7;CCNH;CCNC;ERCC3;CDK9;BCCIP;CDK12;MED13;MMS19;GTF2H2;CCNK;SNW1;MED12;GTF2H3;CDK13;GTF2H1;CCNT2;GTF2H2C;CDK8;ERCC2;CCNT1;RB1;GTF2H4;CDK19"
"GOCC_NUCLEAR_DNA_DIRECTED_RNA_POLYMERASE_COMPLEX",1,1,-0.158980415163581,-0.487759350358177,5345,79,"POLR2L;TBPL1;POLR2J;POLR2J2;POLR2F;POLR2I;ENY2;TAF10;TAF12;MNAT1;TAF6L;GTF2H5;POLR2K;PRIM2;GTF2E1;ATXN7L3;CDK7;CCNH;TBP;MCM3;GTF2A1;TUFT1;ERCC3;GTF2F2;GTF2A2;TAF1;PRIM1;TCEA1;TAF11;POLR2D;POLR2G;POLR2B;TAF4B;TAF9;TAF7L;TRRAP"
"GOCC_NUCLEAR_ENVELOPE",1,1,0.182292720653282,0.690618389007078,4017,448,"CD38;EDNRB;PTGDS;TNMD;MNS1;ITPR3;RANBP3L;PLA2G4A;TMC8;CEMIP;GPER1;ADRA1A;SPDYA;MX1;ADRA1B;LMNTD1;IRAG2;TMC6;CCND1;SLC22A3;GRM5;BCHE;BCL2;DNAJC1;GUCY2F;GABRB1;RGPD3;MTMR8;EGFR;SPAG4;CCND2;NEMP2;AK9;LMO7;ZBED1;PRKG2;RNF43;BROX;TEX2;PHF11;POM121B;KCNH1;PRICKLE2;AGPAT3;GCH1;CANX;NAV3;PTGES;SMAD3;RNF180;DPY19L2P2;TMEM38A;CHMP2B;AQP1;ZNF354C;SYNE1;TMX4;TMEM38B;FAM156B;DNAJB14;FAM169A;RGPD5;RAB40B;NRXN1;SENP2;DHCR7;ERBIN;MYORG;PSEN2;PLAAT3;PRICKLE1;PLA2G4C;RETSAT;RNF13;CHMP4C;DTX2;TOR1AIP2;PTGER3;NUCB2;LMNA;SLC67A1;VRK2;SIGMAR1;NPIPB3;HABP4;MTDH;PRKCZ;BICD2;ERN1;CLMN;KDR;PLPP6;NAPEPLD;PLCB1;BRIP1;TNKS;CALR;TMEM97;POLR2M"
"GOCC_NUCLEAR_ENVELOPE_LUMEN",0.986455981941309,1,0.225708021413078,0.470254531274203,4806,11,"BCHE;PTGES;APP;SORL1"
"GOCC_NUCLEAR_EXOSOME_RNASE_COMPLEX",0.393957001743173,1,-0.46111498237128,-1.04677171584896,2033,16,"EXOSC5;EXOSC8;EXOSC9;EXOSC7;MPHOSPH6;EXOSC3;EXOSC10;WDR74;EXOSC6;EXOSC4;NVL"
"GOCC_NUCLEAR_INCLUSION_BODY",0.86335160532498,1,-0.335403951027484,-0.708416763369572,4409,12,"PABPN1;ATXN3;NXF1;RAD18;NUP153;RANBP2;STUB1;NUP98;SLF1;TPR;NBN;ATXN1"
"GOCC_NUCLEAR_INNER_MEMBRANE",1,1,-0.143504038741104,-0.408873499289619,5213,50,"TERB1;TMEM120B;NPAP1;MFSD10;FAM209B;SUN1;ARL6IP6;IFFO1"
"GOCC_NUCLEAR_LAMINA",0.942951073293367,1,-0.281152929278336,-0.629049796969398,4875,15,"NARF;PCNA;EIF6;FAM111B;RNF220;LMNB1;PRR14;LMNB2;SUV39H1;STX1B;LBR;CASK;LMNTD2;HLCS;LMNA"
"GOCC_NUCLEAR_MATRIX",1,1,0.114265533047484,0.381632342325463,4451,127,"BCL11A;RNASEL;KIF4B;PRKCD;HES1;VIM;ANXA2;TENM1;FOS;TGFB1I1;PHACTR3;SMC1A;SPARC;NCOR2;STAG1;LMNA;PRKCZ;ARFGEF1;POLA1;HLCS;AHCTF1;SMARCA4;SMARCC2;ATXN1"
"GOCC_NUCLEAR_MEMBRANE",0.953577410863843,1,0.233077112585749,0.843599627936424,3984,261,"CD38;EDNRB;PTGDS;ITPR3;TMC8;CEMIP;ADRA1A;MX1;ADRA1B;TMC6;CCND1;SLC22A3;GRM5;BCL2;DNAJC1;GUCY2F;EGFR;SPAG4;CCND2;NEMP2;AK9;ZBED1;PRKG2;BROX;TEX2;PHF11;KCNH1;PRICKLE2;GCH1;CANX;NAV3;SMAD3;DPY19L2P2;TMEM38A;AQP1;ZNF354C;SYNE1;TMX4;TMEM38B;DNAJB14;FAM169A;NRXN1;SENP2;DHCR7;ERBIN;MYORG;PSEN2;PRICKLE1;RETSAT;RNF13;DTX2;TOR1AIP2;NUCB2;LMNA;SIGMAR1;HABP4;MTDH;ERN1;CLMN;KDR;PLPP6;PLCB1;BRIP1;TNKS;TMEM97"
"GOCC_NUCLEAR_OUTER_MEMBRANE",0.649551752241239,1,0.333571954596117,0.886366308385024,3187,31,"ITPR3;SLC22A3;GUCY2F;NAV3;SYNE1;DHCR7;RETSAT;NUCB2;SIGMAR1;CLMN;SNCA;BOK;ITPRIP;PTGS2;NUTF2;PSEN1;TMEM53;LRPPRC;ENO1;TMEM109"
"GOCC_NUCLEAR_OUTER_MEMBRANE_ENDOPLASMIC_RETICULUM_MEMBRANE_NETWORK",0.621353383458647,1,0.24319062895236,0.977014243077754,2065,1205,"TMEM30B;FMO1;NOX5;UGT2B15;ATP10B;DHRS3;FXYD3;NR3C2;GJB1;MRAP;MLANA;FATE1;CTAGE6;AREG;PTGDS;RNF133;MBOAT4;DRD1;STING1;MOXD1;CYP2J2;SLC35D3;PDGFRA;ITPR3;NEU4;MOGAT2;TAAR1;ACSL5;CYP26C1;SLC18A1;TMEM119;PLA2G4A;TMC8;RPE65;UGT8;DHH;GPER1;DHRS9;ADGRG6;SHH;EVA1A;LRRK2;PLD1;TM4SF20;SEC16B;CYP26A1;ZNRF4;CHRM3;MX1;FLRT1;DDN;CYP17A1;CASP4;ATP10D;CREB3L3;ATP10A;FAXDC2;TMEM86A;SGCD;MGLL;GUCY2C;CTAGE8;HSD17B2;CD1D;OCA2;CYP7B1;PNLDC1;ATP13A4;NCEH1;GSG1;RNF183;FLRT2;DIO2;FLVCR2;TGFA;IRAG2;GRAMD2A;TMC6;GRIN2A;COPZ2;CD4;PTGS1;WLS;UGT2B7;EIF5AL1;DSE;SHISA3;SGCZ;FLRT3;SRD5A2;SGPP2;RETREG1;SLC22A3;ELAPOR1;CYP2A6;GRIA1;APOL2;CRYZL2P-SEC16B;KCNK12;LMF1;MAP3K5;ABHD12B;GRM6;PTGIS;IFI6;EPM2A;RDH10;GRIN3A;HAS1;TMEM151A;TRDN;CDS1;GRIN1;HMGCLL1;BCL2;PLPP3;KLHL41;GRIN2C;DNAJC1;GUCY2F;HHAT;FUT10;MBOAT1;CYP1A1;TAPBP;HAS2;EGFR;P4HTM;JSRP1;ANKS4B;EEF1A2;ZDHHC14;PROS1;NOTCH2;PCYT1B;CYP46A1;ELOVL7;PLPP2;FMO4;PRKN;SLC9A6;DHRSX;SEC24D;DPY19L1;ELOVL1;CYP4X1;CAMK2D;HLA-B;RRBP1;FRRS1L;STT3A;ACSL6;SPTLC3;MBLAC2;PIGV;CYP2W1;PIGN;TMED1;EXTL1;SLC35G1;KDELR3;CHODL;HSD17B12;TMEM63C;DIPK1A;RNF145;PNPLA3;TMED5;RNF43;CNIH3;SEL1L;SIK2;TMEM67;TMCC3;MR1;TAPBPL;CLN8;LDAF1;CYP2R1;RASGRF2;SGMS1;PIGZ;TEX2;SCARA3;TMED3;TLR9;SGCG;STS;LPCAT2;CYP2U1;ABCD1;STIM1;AGPAT3;PIEZO1;GRAMD1C;ATG9B;ANO5;ZDHHC2;UNC93B1;NOS1;CANX;MAGT1;SLC10A7;DHCR24;FAAH;SLN;NAV3;SLC43A1;SCARB2;SGCA;CSPG5;ATP8B3;PTGES;PLOD2;SLMAP;HLA-DPA1;RNF125;RNF180;HACD4;ATP6AP2;SGK1;KCNK2;HPD;TMEM38A;PLOD1;SMIM30;CTAGE1;SLC8A3;CYP4A11;MLEC;AMFR;GJA1;HLA-E;NOMO1;CREB3L2;PLCD4;SC5D;AGPAT2;CD59;EPM2AIP1;SYNE1;FREY1;HSP90B1;TMX4;RYR3;LPGAT1;RAB43;FUT11;LPIN2;CLSTN3;TMEM38B;PI4K2B;RHOC;ELOVL4;NBAS;MIA3;CYB5RL;B3GALNT2;DNAJB14;ERMP1;CYP1B1;ACER3;PTGFRN;PAFAH2;PIGK;ATP6AP1;ABHD4;GRAMD1B;GALNT2;GDPD1;TMED10;SLC27A4;DHCR7;WFS1;ITPR2;EIF5A2;SCD;TEX264;LMBRD1;SPINK5;SRD5A3;KLHL14;KDSR;CALU;ABCG1;MYORG;ZDHHC9;SEC61A2;PTDSS1;KDELR2;PSEN2;CANT1;SELENOT;TMEM214;PLAAT3;STIM2;EXT2;FZD9;PLA2G4C;NOMO3;ATG9A;HSPA5;LRRC8B;PIGM;RYR2;HLA-DPB1;CAMK2B;RETSAT;STT3B;NSG1;ACSL1;TMEM35A;RNF13;ALG1;TOR1AIP2;INSIG1;NOMO2;CHPT1;NUCB2;AQP11;FAM8A1;POR;XXYLT1;VRK2;SIGMAR1;BSCL2;TMBIM6;XK;MTDH;DNAJC18;MOSPD2;MARCHF8;BICD2;CLSTN2;ERN1;CLMN;SPPL3;DPAGT1;RHBDD2;SPCS3;PLPP6;POMK;SUCO;NAPEPLD;NFE2L1;MCFD2;RPN1;EXTL3;ZDHHC20;LNPK;RNF175;ILVBL;SLC51A;THADA;PJA2;GRIN2B;TAP1;OSBP;ILDR2;ERO1B;SURF4;SFTPD;SQLE;RAB18;PDIA3;GPR37;RHBDF1;PCYT2;POMGNT2;CALR;RETREG2;ERG28;TMEM97;PLD3;PIGS;ERGIC2;ERAP1;PLOD3"
"GOCC_NUCLEAR_PERIPHERY",0.953137734311328,1,0.250222910050957,0.664891499418059,4677,31,"MSX1;LMNA;HLCS;LEMD2;MAPT;LMNTD2;TPR;PIAS1;NUP98;DAG1;ANAPC4;CASK;NUP153;LBR;STX1B;SUV39H1;NUP205;LMNB2;NUP107;PSIP1;PRR14;LMNB1;RNF220;FAM111B;NUP93;EIF6;PCNA;EBNA1BP2;NARF;ATF4;SP100"
"GOCC_NUCLEAR_PORE",0.999632892804699,1,-0.187647499794688,-0.591389596242512,5445,96,"MX2;MVP;NUP210L;NUP62CL;NPAP1;RGPD4;NXT1;ENY2;MAD2L1;CHMP1B;NUP85;RANBP1;CETN3;UBE2I;NUP210;NUP54;RAE1;NUP160;RGPD6;NUP93;NUP88;NDC1;RAN;CHMP2A;NUP58;AAAS;PCID2;NUP188;MCM3AP;SUMO1;CHMP4A;NXF1;GLE1;NUP42;ZC3HC1;NUP62;NUP107;VPS4A;RGPD8;NPIPA1;CHMP5"
"GOCC_NUCLEAR_PORE_CENTRAL_TRANSPORT_CHANNEL",0.869453756655492,1,-0.364434013359812,-0.655688397407037,4408,6,"NXT1;NUP54;NUP62;NUP35;NXT2;NUTF2"
"GOCC_NUCLEAR_PORE_NUCLEAR_BASKET",0.74559686888454,1,-0.370810459404796,-0.79752231377285,3809,13,"ENY2;MAD2L1;CETN3;PCID2;MCM3AP;ZC3HC1;NUP153;RANBP2;NUP98;TPR;MAD1L1;NUP35;CETN2"
"GOCC_NUCLEAR_PORE_OUTER_RING",0.896464153154913,1,-0.32840995269221,-0.663435383148242,4588,10,"NUP85;NUP160;NUP107;SEH1L;NUP37;SEC13;NUP43;NUP133;NUP98;AHCTF1"
"GOCC_NUCLEAR_PROTEIN_CONTAINING_COMPLEX",1,1,-0.140165112292105,-0.549182631642051,6724,1369,"ZFP42;PASD1;RNF113B;ZNF541;THEMIS;TERB1;TCF15;MX2;NKX2-5;CRX;NEUROD1;MYF6;MVP;HSPA6;NUP210L;SNRPE;RAD9B;POLR2L;RPA3;MYCL;RCOR2;SNRPG;CECR2;LSM6;KASH5;SNRNP25;SNRPD1;NUP62CL;CTNNBL1;SEM1;KIN;E2F1;TBPL1;NPAP1;ELL2;POLR2J;COPS9;POLR2J2;SNRPF;RPS27;LUC7L;POLR1H;MAGOH;SCML2;NR1H3;RGPD4;RRP7BP;RN7SK;PAXX;TESPA1;SYNE3;SP100;LSM7;FANCG;CHTF18;RFXANK;ANAPC11;POLR3K;POP7;TLE1;NFE2;A1CF;SNRPA1;CPSF4;MBD2;SAP30;HMGA1;HUS1B;POLR2F;CIRBP;EAF2;BCL7A;TRMT112;ZNF830;ERH;DDIT3;SNRPB;PHC2;RPS28;POLR2I;UBE2C;MCM7;MED31;RBX1;ELOC;NOP10;CBX2;FANCA;ORC6;RPP21;NFIL3;ATF4;HDAC10;NXT1;HNRNPDL;PHF1;SUN1;SINHCAF;ENY2;ACTL6B;RAD51C;DBF4B;SLX1A;RBM44;TAF10;U2AF1;RFC4;TSEN54;MED30;HNRNPAB;POLR1C;TAF1D;SNRNP35;UXT;RBM46;MAD2L1;PYM1;PPIH;JUNB;PELP1;TAF12;ASXL2;SLU7;ALYREF;CEBPB;RPA4;RPS13;YJU2B;HDAC9;MED11;GINS1;ING1;CHMP1B;PCGF6;NOP56;ACTL6A;LAT;SNRPC;CENATAC;TXNL4A;MNAT1;TRA2A;BASP1;TAF6L;RBM41;HINT1;TRERF1;BCL7B;MCM4;EZH2;BRMS1;RBM8A;BRCA2;LSM4;NUP85;SNRNP27;POLR3F;RBM17;ZNF217;POLD1;E2F2;RPP38;HNRNPH3;CCDC12;SHMT2;POP5;SNRPD2;RPS11;GTF2H5;BICRA;PHF5A;BARD1;CEBPA;BATF3;DPY30;DDX39A;PAGR1;POLR2K;FANCE;FANCB;PRIM2;NFKB2;POLE3;CTC1;U2AF1L4;MXD3;MYCN;ESRRB;FOSL1;E2F4;RCL1;POLE4;EXOSC5;IMP4;SF3A2;XRCC3;IMP3;CPSF1;BCLAF3;POLR1B;KHDC4;CDC45;PNO1;SNIP1;LDB1;RPS19;FSAF1;MED10;KMT2C;EXOSC8;UPF3A;RPS23;GTF2E1;LAS1L;POLR1G;RANBP1;EXOSC9;CLOCK;SAP18;ZCCHC8;BAZ1A;CEBPG;LSM3;KMT2D;MAD2L2;MRE11;PRKRIP1;RRP9;SF3B6;XRCC2;CPSF7;EXOSC7;ORC1;SS18L1;PPHLN1;PCNA;PHF20;MED27;CETN3;RPS19BP1;TBL3;PSPC1;MED17;NGDN;SMARCD2;TRA2B;LSM2;ANAPC10;MTF2;ATXN7L3;MPHOSPH6;TINF2;MCM2;CDK7;SUGP1;CSTF3;SSU72L5;ANAPC15;HNRNPA3;HNRNPA2B1;CCNH;SNRPA;PCF11;RAD23B;BIN1;INTS11;DHX38;FBLL1;KDM6B;BACH2;DDX39B;SART1;RNPC3;RPS14;UBE2I;NUP210;CENPX;RPS17;LCOR;RPP30;SIRT1;TTF2;RING1;NUP54;SCNM1;MIS18A;U2AF2;SMAD1;RAE1;BRD1;LSM5;MYB;ING2;NR5A2;CENPS;LUC7L3;DPF3;PIP5K1A;RAD1;GINS2;SNRPB2;ELOF1;THOC3;CLP1;DGCR8;BOP1;MED6;TFPT;MAU2;INO80C;TFDP1;RBM28;MED4;NUP160;SRSF1;NOL7;CCNC;SYF2;ATF1;LIN9;RUVBL1;PPWD1;RPP40;SFPQ;LUC7L2;UTP6;PTBP2;LIN37;RPS27A;DDX5;RGPD6;TAF1C;BUB3;FOXM1;WDR5;DKC1;DHX15;TFDP2;NUP93;HCFC2;TBP;TUT1;PNN;NUP88;EXOSC3;NDC1;ACIN1;LSM10;PHF12;EXOSC10;PRPF3;ELOB;WDR74;RFC2;VPS72;TCF3;NELFA;WDR12;BRMS1L;SMNDC1;RAN;BRCA1;PPP1R8;CD2BP2;EAF1;RFC5;CAMSAP3;USP39;DDX41;PRPF39;HNRNPR;CHMP2A;MCM3;ATF5;CDC7;RFXAP;GTF2A1;HNRNPF;FAM32A;SWI5;SMARCB1;SMARCD1;CBX8;NUDT21;TUFT1;NHP2;DHX35;KMT2B;POLR3E;ACD;SLBP;KMT2A;NCBP3;INTS2;BACC1;GAR1;PMS1;EED;NELFCD;MLXIP;ERCC3;BCAS2;TONSL;PSME3IP1;TENT4A;NUP58;POLD4;TCEA2;HDAC1;RERE;SF3B4;MIER2;MYBL2;FAAP100;NFYB;PBRM1;TSEN15;RNPS1;DEK;TEP1;ASCL2;MCRS1;WDR6;NOC4L;ERI1;BAZ2A;DHX16;MRNIP;PCGF3;SNRNP40;DRAP1;NOC2L;YJU2;PRPF38B;RBM5;CHTOP;UTP4;MCM5;OIP5;ORC2;RBM3;AAAS;SF3B5;MNT;CSNK2A1;SMARCA5;SF3A1;ZMAT2;GTF2F2;RAD9A;ACTR6;BUD13;RBBP8;PCID2;UBE2S;GTF2A2;CXXC1;TSEN34;CREBZF;SETD1B;BUB1B;CDC20;NUP188;HTATSF1;API5;TAF1;MAML1;BABAM1;SNRNP70;CSTF1;CDK9;KDM1A;MGA;DNTTIP1;PRIM1;IVNS1ABP;MORF4L1;MCM3AP;PRMT5;TAF1B;CDK2AP2;WDR75;FOSL2;HLTF;DYNLL1;AFF1;TCEA1;WDR46;BOD1;WDR82;SLX1B;C9orf78;DSCC1;TAF11;DMAP1;SUMO1;TAF1A;CWC25;SYNE2;HNRNPC;PLRG1;PPIL1;XRCC4;TCF7;PPARGC1B;TEAD2;DDX46;JDP2;POLR2D;ANAPC5;HNRNPK;EXOSC6;CHMP4A;WDR83;HDAC2;EXOSC4;NXF1;POLR2G;BCCIP;CBX3;RRP8;POLR2B;GLE1;CFDP1;UTP3;COPS8;MED25;NVL;SF3A3;FRG1;PRP4K;FANCL;UTP11;ZMAT5;AUTS2;RBBP7;MED7;TAF4B;NUP42;PRPF38A;KDM6A;RPS3;ERCC1;SUPT4H1;RPS7;CCDC9;CDK12;COPS7B;THOC5;SETD5;STAT5B;TAF9;CSTF2;WDR36;JARID2;LARP7;LIN52;BRD9;TAF7L;PYGO2;ZRSR2;ZC3HC1;GPATCH1;TRRAP;LUZP1;NABP2;DCAF13;PRPF31;POLD3;RHEB;RPS12;KAT5;RPA2;NUP62;NUP107;VPS4A;CRIPT;RPS16;FLOT1;MXI1;ATF3;RGPD8"
"GOCC_NUCLEAR_REPLICATION_FORK",0.158865799184308,1,-0.436117909768158,-1.21641981209049,817,45,"TREX1;RPA3;MUS81;ZRANB3;EME1;RAD51C;RPA4;POLD1;PRIM2;XRCC3;PCNA;ZMIZ2;CAMSAP3;MCM3;BCAS2;TONSL;POLD4;SMARCA5;PRIM1;HLTF;PLRG1;POLD3;RPA2"
"GOCC_NUCLEAR_RIBONUCLEOPROTEIN_GRANULE",1,1,0.174062684624575,0.659772691265467,3998,456,"NR1H4;SCARNA13;NUGGC;IL16;MSX2;EPAS1;WT1;HSPB3;USH1G;GSC;MEF2C;GCNT1;PKP1;BCL11A;H1-4;IFI16;CHD5;MEOX2;PPP1R16B;ADAMTS4;NR4A2;HIF3A;FEV;NR3C1;ATOH8;TERT;MAML2"
"GOCC_NUCLEAR_RNA_EXPORT_FACTOR_COMPLEX",0.858218063466233,1,-0.417941942034519,-0.651145600265201,4218,3,"NXT1;NXF1"
"GOCC_NUCLEAR_SPECK",1,1,0.173291550900054,0.65017638749063,4039,399,"NR1H4;NUGGC;IL16;MSX2;EPAS1;WT1;HSPB3;USH1G;GSC;MEF2C;GCNT1;H1-4;IFI16;CHD5;MEOX2;PPP1R16B;ADAMTS4;NR4A2;HIF3A;FEV;NR3C1;ATOH8;TERT;MAML2"
"GOCC_NUCLEAR_STRESS_GRANULE",0.283943089430894,1,0.612053796609768,1.17584902412907,1396,8,"PKP1;RBFOX1"
"GOCC_NUCLEAR_UBIQUITIN_LIGASE_COMPLEX",0.734451284228402,1,0.290987243540401,0.869739359821728,3459,60,"CDC20B;SAMD11"
"GOCC_NUCLEOCYTOPLASMIC_TRANSPORT_COMPLEX",0.875999220120881,1,-0.332105453232214,-0.687654448639073,4492,11,"RAN;XPO5;KPNA4;KPNB1;MYBBP1A;KPNA2;KPNA6;KPNA1;SNUPN;KPNA5;KPNA3"
"GOCC_NUCLEOID",0.999807135969142,1,-0.175765362689292,-0.49893652137483,5183,49,"PIF1;ACADVL;MTERF1;SHMT2;UQCC2;SSBP1;POLG2;DNA2;DDX28;TFB1M;POLG;VDAC2;POLRMT;SUPV3L1;HSD17B10;MTERF2;TFAM;CPS1;MTNAP1"
"GOCC_NUCLEOLAR_EXOSOME_RNASE_COMPLEX",0.340886891971088,1,-0.550415139615139,-1.11191782114898,1744,10,"EXOSC5;EXOSC8;EXOSC9;EXOSC7;EXOSC3;EXOSC10;EXOSC6;EXOSC4"
"GOCC_NUCLEOLAR_RIBONUCLEASE_P_COMPLEX",0.572377417464349,1,-0.458512959779916,-0.92626218741646,2929,10,"POP7;RPP21;RPP38;POP5;RPP30;RPP40"
"GOCC_NUCLEOLUS",1,1,-0.120786341028302,-0.464469486124093,6454,889,"C2CD4A;SERPINB13;LIN28A;SCARNA2;TWIST2;CRX;SNORD3B-1;INKA2;VCX3B;CAPG;SNORD3A;FST;ZNF385A;POLR2L;VCX3A;YPEL4;PWAR5;USP44;LSM6;CLEC3B;PLK3;FKBP6;STOX1;RASL10A;HMGB2;RPL36;SIX1;LIN28B;RBM34;CBFA2T3;RBIS;SP140L;PUS1;RPS27;RPS27L;PIN4;POLR1H;CHCHD1;SNHG12;CDKN2A;RRP7BP;SNHG1;PRDM1;SP100;ANAPC11;POP7;CHD7;FMN2;NOP2;FGF18;NTRK3;MUS81;HUS1B;POLR2F;TIAM2;PAX9;KDM7A;TRAF4;CA9;PIMREG;SNHG7;YPEL3;RPS28;POLR2I;SIRT7;SDCBP2;TMA16;MCM7;RPF1;DEDD2;RPL35;NOP10;ZNF692;ORC6;EME1;BLM;PIM1;RPP21;H1-10;SLX9;MAD2L1BP;DFFB;CDK5RAP3;METTL22;XNDC1N;SNHG10;MBIP;LYAR;MARCHF6-DT;TSEN54;POLR1C;TAF1D;SNRNP35;FAM193B;SAPCD2;PYM1;HMGN2;PELP1;GNL3;RPS25;ZNF593;MIDN;RPS13;RPS26;NOP56;PARP10;TRA2A;NARF;ILF3;ESRRA;MRO;TAF15;RPP38;POP5;RPS11;GTF2H5;CEBPA;BATF3;BRIX1;POLR2K;RRS1;N4BP1;PIDD1;RNF213;GET4;ARL2;FAU;RGS12;RCL1;EXOSC5;IMP4;OARD1;IMP3;CCNY;EBNA1BP2;POLR1B;EPC1;PYCARD;PNO1;TDP2;RPS19;FSAF1;NSUN5;CUTC;EXOSC8;IP6K2;UPF3A;TRIM41;RPS23;PPM1D;LAS1L;POLR1G;EXOSC9;MARS1;ZCCHC8;PRKRIP1;RRP9;NLRP1;FEN1;EXOSC7;NOX4;HINFP;MED27;NOL12;CETN3;RPS19BP1;TBL3;PSPC1;NGDN;CEP85;DDX28;SPC24;MPHOSPH6;MCM2;CDK7;MAPKBP1;NR4A1;RRP1B;KRI1;FBLL1;ALKBH2;PELI1;DDX11;RPS14;ISG20;UBE2I;RPS17;RPP30;SIRT1;KRT18;NUSAP1;RAE1;RBM14;RSL24D1;FANCD2;JMJD6;OXR1;EIF6;DGCR8;BOP1;INO80C;DDX55;RBM28;NOL7;EMX1;METTL5;TRMT10A;EID3;RPP40;LLPH;UTP6;RPL8;HMGB3;RPS27A;DDX5;TAF1C;FOXM1;DKC1;DHX15;MACROH2A1;ADARB2;TBP;TUT1;EXOSC3;PHLDA1;RRN3;EXOSC10;WDR74;AEN;WDR12;RAN;ZNF274;ZNF174;HNRNPR;MCM3;SELENBP1;DDX17;FAM32A;SMARCB1;HDHD3;RESF1;NHP2;G2E3;OSBPL3;SLBP;MYSM1;CCDC137;TTF1;AKAP8;SETMAR;GAR1;IPPK;NFKBIE;NOP16;CAMKMT;BCAS2;UBE2M;CDK4;PRDM5;TENT4A;RPF2;GON7;BYSL;CERKL;TSEN15;DEK;MCRS1;NOC4L;ERI1;MRM2;BAZ2A;C1QBP;CDKN2AIP;MOB2;S100A16;RRP36;URB2;PNMA2;RPL27;NOC2L;CHTOP;UTP4;MAK16;SMARCA5;KATNBL1;ACTR6;APEX2;SGF29;PANO1;FBXO11;ABT1;TSEN34;TAF1;ARL6IP4;PARP2;DYRK1B;AIRIM;ANG;TOE1;DNTTIP1;MAP1S;DSN1;TAF1B;WDR75;CPS1;PARP3;HLTF;ILF2;WDR46;UBE2N;SUMO1;TAF1A;SYNE2;PLRG1;PPP1CC;PPIL1;GPATCH4;THYN1;DHX33;WDR55;EXOSC6;DDX27;NOL8;NSUN2;CDCA8;EXOSC4;RBM4B;RRP8;FMR1;GLE1;ANP32B;PIH1D1;UTP3;NVL;FRG1;PINX1;UTP11;DDX24;TAF4B;MRTO4;RPS3"
"GOCC_NUCLEOSOME",0.918286219081272,1,0.248133204835292,0.806873506732926,4157,104,"H2AC4;H3C2;H3-7;H1-3;H3C4;H2AC16;H1-4;H3C10;H3C1;H4C14;H3C12;H1-5;H2BC18;H2AC15;H4C9;H3C3;H2AC17;H2AC11;H2BC8;H2BC3;H2AC25;H1-2"
"GOCC_NUCLEOTIDE_ACTIVATED_PROTEIN_KINASE_COMPLEX",0.579766536964981,1,0.451091417635412,0.919520263344036,2830,10,"PRKAR1A;PRKAR2A;PRKAG1;PRKAG2;PRKAA2;PRKACA;PRKAA1;PRKAB2"
"GOCC_NUCLEOTIDE_EXCISION_REPAIR_COMPLEX",0.907671549730147,1,-0.296814044213264,-0.684206691354296,4708,17,"RBX1;POLD1;RAD23B;ERCC3;ERCC1;CUL4A;XPA;RAD23A;XPC;XRCC1;ERCC5;ERCC8;DDB1;SLX4;CETN2;CUL4B;ERCC4"
"GOCC_NURD_COMPLEX",0.948336433147345,1,0.272442632725129,0.619929187616423,4588,16,"CHD5;GATAD2B;CHD3;CDK2AP1;MTA3"
"GOCC_NURF_COMPLEX",0.894459102902375,1,0.34094027587203,0.632538600155301,4406,7,"SMARCA1;RBBP4;HMGXB4;BPTF;RBBP7;SMARCA5;BACC1"
"GOCC_OLIGOSACCHARYLTRANSFERASE_COMPLEX",0.962230919765166,1,-0.260280740200307,-0.559800008037135,4916,13,"TREX1;TMEM258;OST4"
"GOCC_OLIGOSACCHARYLTRANSFERASE_COMPLEX_A",0.981268292682927,1,-0.244562971500786,-0.481212493580838,5028,9,"TMEM258;OST4"
"GOCC_OLIGOSACCHARYLTRANSFERASE_COMPLEX_B",0.967729240456513,1,-0.271256859499669,-0.518280598878731,4917,8,"TMEM258;OST4"
"GOCC_OMEGASOME",0.911288711288711,1,0.342568153709562,0.590227941209667,4560,5,"TRIM5;ZFYVE1;ATG14;ULK1;EMC6"
"GOCC_OOPLASM",0.161106590724166,1,-0.831109199421861,-1.29485233262083,791,3,"PADI6;KHDC3L"
"GOCC_ORGANELLE_ENVELOPE",1,1,-0.0990286634101232,-0.386358805864785,6663,1227,"GPAT2;PRODH2;TRAF3IP3;MLIP;PGR;FGR;TERB1;MX2;SLC52A3;CYBB;ALOX5AP;TRPC7;NLRP6;MVP;PET100;GSDMD;NUP210L;UQCC5;FAM156A;OIT3;UCP2;IL15RA;DES;DAO;NDUFC2-KCTD14;HSP90B2P;SLC8B1;AQP8;OCIAD2;ATP5ME;NDUFB1;TREX1;S100A6;NDUFA1;SLC25A48;DHRS2;TMEM120B;RSAD2;CALR3;COX17;PRELID3A;ROMO1;ALPL;SPATA46;NDUFA2;KASH5;GATM;ATP5MF;NDUFB3;NDUFA3;NDUFA13;PLEKHN1;GUCY2D;PLN;NUP62CL;NRGN;IMMP1L;UQCRQ;KGD4;NDUFS6;NPAP1;CYP24A1;PAM16;PLAAT1;ATP5MK;COX7C;SNN;SLC25A34;MRPL14;OTC;CHCHD1;CLK1;NDUFB2;COX5B;STX1A;RGPD4;COX6C;COX6B1;SYNE3;PLPP7;SLC25A29;MRPL34;HPN;NDUFA7;COX7A2;TIMM10;SLC30A2;BCL2L10;HMGA1;MRPS18C;MRPS21;MRPL52;HINT2;EFHD1;MFSD10;NDUFB4;COX14;COQ3;MRPL18;MRPL33;VPS13A;ATP5F1E;ATP5PF;FAM209B;ATP5MJ;UQCR10;DMAC2L;ACADVL;COX8A;TIMM8B;NDUFAF2;ADAP2;WDFY3;NXT1;MAD2L1BP;MRPL40;SUN1;RAC2;NDUFB8;ATP5MC1;MTLN;SLC25A21;UQCRH;ATP5MC3;PEMT;ARL6IP6;ATP5MC2;COX7B;ENY2;IFFO1;COQ8A;SIRT4;TOMM5;AURKAIP1;SLC44A2;SLC25A42;HK2;HMOX1;CPNE1;ATP5F1D;BLOC1S1;OSBPL7;TMEM14B;MAD2L1;NDUFAB1;SMIM26;UQCC4;COA1;NDUFC1;NDUFS5;QTRT1;SMDT1;ANTKMT;TMEM160;RAB5IF;ACACB;SLC25A22;NME3;NDUFA12;GRPEL2;PPIF;CHMP1B;HIGD2A;MRPL51;MTMR6;MRPL46;MRPL41;NDUFB7;RNF5;PTRH2;COQ10A;MRPL16;NARF;MRPL11;COA6;PLA2G4B;NDUFA4;NDUFS4;MICOS10;TAFAZZIN;CYP2E1;PDSS1;MRPL21;MYO6;NUP85;MRPL39;UQCRFS1;MRPL22;MRPS11;MT-ND3;MRPL24;FDXR;NDUFA6;TIMM50;MRPL32;SLC25A19;NDUFB9;IFI27L1;SHMT2;UQCC2;MRPS24;MRPS34;COA5;GFER;AFG1L;TMEM223;MRPL13;PMAIP1;SLC25A28;NDUFAF6;ARL2;SPHK2;NDUFAF1;MCUB;TOMM7;COX11;TOMM6;EPHA4;EPC1;UQCR11;MRPS26;UQCC3;THOP1;BAX;TRAK1;MISFA;IST1;ATAD3B;FOXRED1;RANBP1;COA8;CC2D1B;CYP27C1;MRPL58;CHCHD5;BPHL;SCO2;ATP5MG;RAF1;REPIN1;GRPEL1;MRPL27;PHB1;PCNA;PHF20;PPP1R15A;MRPS17;CPT1B;CETN3;MRPL36;NDUFV2;TRA2B;COA4;MRPL55;IFI27;CARD19;IFI27L2;MIGA2;TMEM186;MRPL12;NDUFS3;UBA52;NR4A1;PTCD3;RHOT2;BBC3;COQ5;PRELID3B;MRPS12;COX5A;MIX23;MRPS31;UBE2I;PRELID1;TIMMDC1;NUP210;NDUFA8;NDUFA11;SIRT1;MAP1LC3B;PGAM5;BECN1;BANF1;NUP54;ATP5F1C;VDAC2;UQCRB;PARL;CDC25C;SMAD1;COX6A1;CISD1;RAE1;NDUFB5;ATXN3;MRPL48;GRAMD4;BCS1L;PISD;STMP1;CYC1;MRPL35;COX4I1;CPOX;COX20;NDUFC2;EIF6;NDUFB6;DNAJB2;COX6B2;FIS1;ATRAID;PPOX;HTRA2;NUP160;TMEM11;MRPL50;TIMM23B;TIGAR;PTPN1;ULK1;TRABD;RPS27A;MRPS33;TMEM176B;QSOX2;RGPD6;CYCS;PARP6;PARP16;CCDC51;NUP93;TIMM44;NUP88;ACADM;NDC1;CHCHD10;DISP3;MGST2;AEN;MICOS13;GCHFR;MRPL57;RAN"
"GOCC_ORGANELLE_ENVELOPE_LUMEN",0.815161527165932,1,-0.268368075530511,-0.845788449118796,4440,96,"FGR;COX17;PRELID3A;ALPL;GATM;PLAAT1;COX6C;TIMM10;TIMM8B;BLOC1S1;NDUFS5;NDUFB7;COA6;TAFAZZIN;UQCC2;GFER;ARL2;THOP1;CHCHD5;CPT1B;COA4;PRELID3B;COX5A;MIX23;PRELID1;NDUFA8;CDC25C;STMP1;COX4I1;CPOX;PPOX;HTRA2;CYCS;CHCHD10;TIMM23;TIMM13;CCAR1;CACYBP;TIMM9;TIMM8A;MICU2;PNPT1;STOML2"
"GOCC_ORGANELLE_INNER_MEMBRANE",0.934132720105125,1,-0.235894274403867,-0.880910144471108,5686,538,"PRODH2;FGR;TERB1;PET100;UQCC5;UCP2;NDUFC2-KCTD14;HSP90B2P;SLC8B1;AQP8;OCIAD2;ATP5ME;NDUFB1;NDUFA1;SLC25A48;TMEM120B;RSAD2;ROMO1;NDUFA2;GATM;ATP5MF;NDUFB3;NDUFA3;NDUFA13;IMMP1L;UQCRQ;KGD4;NDUFS6;NPAP1;CYP24A1;PAM16;ATP5MK;COX7C;SLC25A34;MRPL14;OTC;CHCHD1;NDUFB2;COX5B;COX6C;COX6B1;SLC25A29;MRPL34;NDUFA7;COX7A2;TIMM10;SLC30A2;MRPS18C;MRPS21;MRPL52;EFHD1;MFSD10;NDUFB4;COX14;COQ3;MRPL18;MRPL33;ATP5F1E;ATP5PF;FAM209B;ATP5MJ;UQCR10;DMAC2L;ACADVL;COX8A;TIMM8B;NDUFAF2;MRPL40;SUN1;NDUFB8;ATP5MC1;MTLN;SLC25A21;UQCRH;ATP5MC3;ARL6IP6;ATP5MC2;COX7B;IFFO1;COQ8A;SIRT4;AURKAIP1;SLC25A42;ATP5F1D;NDUFAB1;UQCC4;COA1;NDUFC1;NDUFS5;SMDT1;TMEM160;RAB5IF;SLC25A22;NDUFA12;GRPEL2;HIGD2A;MRPL51;MRPL46;MRPL41;NDUFB7;COQ10A;MRPL16;MRPL11;PLA2G4B;NDUFA4;NDUFS4;MICOS10;TAFAZZIN;CYP2E1;PDSS1;MRPL21;MRPL39;UQCRFS1;MRPL22;MRPS11;MT-ND3;MRPL24;FDXR;NDUFA6;TIMM50;MRPL32;SLC25A19;NDUFB9;SHMT2;UQCC2;MRPS24;MRPS34;COA5;TMEM223;MRPL13;SLC25A28;NDUFAF6;SPHK2;NDUFAF1;MCUB;COX11;UQCR11;MRPS26;UQCC3;ATAD3B;FOXRED1;COA8;MRPL58;SCO2;ATP5MG;GRPEL1;MRPL27;PHB1;MRPS17;MRPL36;NDUFV2;TRA2B;MRPL55;IFI27;TMEM186;MRPL12;NDUFS3;PTCD3;COQ5;MRPS12;COX5A;MRPS31;TIMMDC1;NDUFA8;NDUFA11;SIRT1;PGAM5;ATP5F1C;UQCRB;PARL;SMAD1;COX6A1;NDUFB5;MRPL48;BCS1L;PISD;STMP1;CYC1;MRPL35;COX4I1;CPOX;COX20;NDUFC2;NDUFB6;COX6B2;PPOX;TMEM11;MRPL50;TIMM23B;PTPN1;MRPS33;CYCS;CCDC51;TIMM44;CHCHD10;MICOS13;MRPL57;SDHD;COX16;ENDOG;MRPL43;NDUFB10;TMEM126A;SLC25A37;TIMM23;MRPL53;MRPL42;MAIP1;LETMD1;GPD2;CHCHD6;TIMM13;CIBAR1;SURF1;MRPS15;SLC22A14;AMBP;TMEM14C;ACAD11;NDUFAF5;SCO1;HIGD1A;MTFP1;NDUFS8;MRPL54;DNAJC19;NDUFV1;SMIM20;SPG7;SDHC;NDUFS7;LMNB1;UCP3;MRPL2;MRPL44;TIMM9;NDUFAF4;DNAJC15;MRPL17;PTPMT1;SLC25A41;CPS1;TIMM8A;MRPS23;GADD45GIP1;MICU2;NDUFB11;NEMP1;MTNAP1;UNC50;MRPS9;TIMM17A;MRPL9"
"GOCC_ORGANELLE_MEMBRANE_CONTACT_SITE",0.255508474576271,1,0.366115193484264,1.10764491251499,1205,64,"FATE1;GRAMD2A;RAB38;OSBPL1A;OSBPL10;GRAMD1C;CANX;RAB32;CLSTN3;GRAMD1B;PSEN2;MOSPD2;OSBP;APOOL;SARAF;STX17;MBOAT7;BLTP1;C2CD2L;ATG2A;SELENON;BCAP31;CLCC1;PSEN1;PDZD8;OSBPL9;C1orf43;ACSL4;MICU1;ATG5;ATG16L1;IMMT;OSBPL11;ESYT3;CERT1;AHCYL1;ZFYVE1;ESYT2;TMCC1;TOMM20"
"GOCC_ORGANELLE_SUBCOMPARTMENT",0.51925505050505,1,0.243864367385354,0.989871545832096,1644,1512,"TMEM30B;FMO1;NOX5;UGT2B15;ATP10B;DHRS3;MS4A7;FXYD3;NR3C2;GJB1;MRAP;ABO;MLANA;MS4A6A;TGFBI;FATE1;CTAGE6;AREG;PTGDS;RNF133;MBOAT4;DRD1;STING1;MOXD1;ARSL;CYP2J2;POSTN;SLC35D3;PDGFRA;ITPR3;NEU4;MOGAT2;TAAR1;ACSL5;CYP26C1;LGR6;SLC18A1;ACP3;TMEM119;PLA2G4A;TMC8;FUT6;RPE65;UGT8;DHH;BACE2;GPER1;GAL3ST2;DHRS9;GOLGA8Q;GCNT1;ADGRG6;SHH;EVA1A;LRRK2;PLD1;TM4SF20;SEC16B;CYP26A1;ZNRF4;CHRM3;MX1;FLRT1;DDN;CYP17A1;GOLGA8N;CASP4;ATP10D;CREB3L3;ATP10A;RAB7B;FAXDC2;TMEM86A;SGCD;MGLL;GOLGA8O;ARAP1;GOLGA8R;GUCY2C;CTAGE8;HSD17B2;CD1D;OCA2;CYP7B1;PNLDC1;ATP13A4;NCEH1;GSG1;RNF183;FLRT2;GOLGA8K;DIO2;FLVCR2;CIMAP3;TGFA;IRAG2;GOLGA8T;GRAMD2A;TMC6;GRIN2A;COPZ2;CD4;PTGS1;WLS;RAB38;UGT2B7;EIF5AL1;SULF1;DSE;SHISA3;SGCZ;FLRT3;SRD5A2;SGPP2;RETREG1;ELAPOR1;CYP2A6;GRIA1;APOL2;CRYZL2P-SEC16B;KCNK12;CA4;LMF1;MAP3K5;ABHD12B;GRM6;PTGIS;IFI6;EPM2A;RDH10;ATP8B1;GRIN3A;HAS1;TMEM151A;RAB27B;TRDN;CDS1;GSAP;GRIN1;HMGCLL1;BCL2;PLPP3;KLHL41;GRIN2C;DNAJC1;HHAT;FUT10;MBOAT1;CYP1A1;TAPBP;RAB34;HAS2;EGFR;GOLGA8J;P4HTM;JSRP1;ANKS4B;EEF1A2;ZDHHC14;PROS1;NOTCH2;PCYT1B;CYP46A1;ELOVL7;PLPP2;FMO4;GOLGA8H;PRKN;SLC9A6;DHRSX;CHST2;SEC24D;DPY19L1;ELOVL1;MGAT4A;CYP4X1;CAMK2D;HLA-B;RRBP1;FRRS1L;STT3A;ACSL6;SPTLC3;MBLAC2;PIGV;CYP2W1;PIGN;TMED1;EXTL1;SLC35G1;KDELR3;CHODL;SLC9A7;HSD17B12;GGTA1;TMEM63C;DIPK1A;RNF145;TRAPPC9;ST6GAL2;PNPLA3;TMED5;RNF43;CNIH3;SEL1L;SIK2;TMEM67;TMCC3;RBFOX1;MR1;ATP8A2;TAPBPL;CLN8;LDAF1;CYP2R1;RASGRF2;SGMS1;CALN1;PIGZ;TEX2;CHST5;TOM1L1;SCARA3;YIPF2;CHPF;TMED3;TLR9;SGCG;OSBPL10;RAB13;STS;LPCAT2;CYP2U1;ABCD1;STIM1;AGPAT3;PIEZO1;GRAMD1C;NSG2;FUT2;ATG9B;ANO5;ZDHHC2;UNC93B1;NOS1;CANX;MAGT1;SLC10A7;DHCR24;FAAH;SLN;SLC43A1;ATP8B4;ST3GAL4;SCARB2;SGCA;CCDC186;ATP7A;CSPG5;ATP8B3;PTGES;PLOD2;TMEM45B;SLMAP;GBA1;HLA-DPA1;RNF125;RNF180;HACD4;ATP6AP2;SGK1;KCNK2;HPD;HTR7;TMEM38A;PLOD1;SMIM30;CTAGE1;GOLIM4;SLC8A3;CYP4A11;MLEC;AMFR;GJA1;HLA-E;NOMO1;FUT1;ECPAS;CREB3L2;PLCD4;SC5D;COG6;AGPAT2;B4GALT1;CD59;EPM2AIP1;FREY1;HSP90B1;TMX4;RYR3;LPGAT1;RAB32;RAB43;VAMP4;FUT11;LPIN2;CLSTN3;TMEM38B;PI4K2B;RHOC;ELOVL4;NBAS;ATP9A;ATXN2;MIA3;CYB5RL;B3GALNT2;DNAJB14;CLBA1;ERMP1;CYP1B1;ACER3;GOLGA1;PTGFRN;PAFAH2;ATP7B;PIGK;ATP6AP1;ABHD4;B4GALT6;NSF;PREPL;GRAMD1B;GALNT2;GDPD1;LAMP2;TMED10;SLC27A4;AP4S1;DHCR7;WFS1;ITPR2;EIF5A2;SCD;TEX264;LMBRD1;SPINK5;TMEM87B;SRD5A3;KLHL14;KDSR;CALU;ABCG1;MYORG;ZDHHC9;SEC61A2;PTDSS1;KDELR2;PSEN2;CANT1;SELENOT;TMEM214;PLAAT3;STIM2;EXT2;RAB31;FZD9;PLA2G4C;NOMO3;ATG9A;HSPA5;LRRC8B;PIGM;SLC24A5;RYR2;HLA-DPB1;CAMK2B;RETSAT;STT3B;NSG1;ACSL1;TMEM35A;RNF13;ALG1;KIAA0319L;TOR1AIP2;INSIG1;NOMO2;CHPT1;VPS51;AQP11;FAM8A1;POR;ATP2C1;XXYLT1;SCAMP1;GRN;VRK2;SIGMAR1;BSCL2;TMBIM6;XK;MTDH;DNAJC18;MOSPD2;MARCHF8;CLTC;CLSTN2;ERN1;SPPL3;KIF13A;DPAGT1;RHBDD2;SPCS3;PLPP6;POMK;SYS1;SUCO;NAPEPLD;NFE2L1;GOLGA8S;MCFD2;RPN1;NDST1;EXTL3;ZDHHC20;LNPK;RNF175;ILVBL;BACE1;SLC51A;THADA;PJA2;GRIN2B;TAP1;OSBP;VAMP3;ILDR2;ERO1B;SURF4;GPR89A;SFTPD;SQLE;RAB18;PDIA3;GPR37;RAB30;RHBDF1;PCYT2;POMGNT2;CALR;RETREG2;ERG28;TMEM97;PLD3;PIGS;ERGIC2;ERAP1;PLOD3;GOLGB1"
"GOCC_ORIGIN_RECOGNITION_COMPLEX",0.604486422668241,1,-0.475768764051262,-0.909034044024176,3071,8,"ORC6;ORC1;MCM2;ORC2"
"GOCC_OTHER_ORGANISM_CELL_MEMBRANE",0.197718631178707,1,-0.73884471104679,-1.27498768343831,987,5,"C9;C8G"
"GOCC_OTHER_ORGANISM_PART",0.21000581733566,1,-0.465497101349158,-1.19281579627422,1082,28,"C9;GBP5;C8G;FCN1"
"GOCC_OUTER_DENSE_FIBER",0.954249654900414,1,-0.293765869377615,-0.52854252085114,4838,6,"FLACC1;CTSH"
"GOCC_OUTER_DYNEIN_ARM",0.507325649540926,1,-0.480557263174213,-0.970794853825441,2596,10,"DNAH8"
"GOCC_OUTER_KINETOCHORE",0.874540174249758,1,-0.300852263672161,-0.719344367581399,4516,20,"ZWINT;SPC24;PLK1;SKA2;SPC25;BUB1B;DSN1;BOD1;MIS12;SKA3;SKA1;CCNB1"
"GOCC_OUTER_MEMBRANE",0.997374701670644,1,0.209071228306475,0.755723245564302,4178,255,"SOX10;FATE1;STING1;ITPR3;NEU4;ACSL5;KMO;LRRK2;PLD6;C11orf65;TRIM14;SLC22A3;AIFM2;RHOD;IFI6;SLC24A1;BCL2;CPT1A;GUCY2F;PRNP;MGARP;PRKN;TSPO;ACSL6;MAOA;ASS1;CYP27B1;ARMCX1;RAB11FIP5;MAOB;RTN4IP1;SPART;NAV3;MTARC2;HK1;SLC8A3;BMF;PLEC;SYNE1;RAB32;STAR;PINK1"
"GOCC_OUTER_MITOCHONDRIAL_MEMBRANE_PROTEIN_COMPLEX",0.829576369996114,1,-0.306464761970045,-0.764372912975722,4268,24,"TOMM5;MICOS10;TOMM7;TOMM6;TRABD;MICOS13;CHCHD6;MTX2;MTX3;TOMM40;TOMM22;MTX1;HSPA9;CHCHD3;TOMM40L;APOO;DNAJC11;TOMM20;IMMT;SAMM50;MUL1;TOMM70;MFN1"
"GOCC_OXIDOREDUCTASE_COMPLEX",0.993820428934933,1,-0.215503622181535,-0.692820629583071,5467,111,"NCF1B;DUOXA1;CYBB;NDUFC2-KCTD14;NDUFB1;NDUFA1;NDUFA2;GLDC;NDUFB3;NDUFA3;NDUFA13;AMT;KGD4;NDUFS6;NDUFB2;NDUFA7;NDUFB4;RRM2;DUOX1;NDUFAF2;RAC2;NDUFB8;NDUFAB1;NDUFC1;NDUFS5;NDUFA12;NDUFB7;NDUFA4;NDUFS4;MT-ND3;NDUFA6;NDUFB9"
"GOCC_OXOGLUTARATE_DEHYDROGENASE_COMPLEX",0.999606454151909,1,-0.192286859495179,-0.367395496945188,5079,8,"KGD4;ABHD11;BCKDK;DLST;KAT2A;DLD;OGDH;OGDHL"
"GOCC_P_BODY",0.976505139500734,1,-0.230999725356123,-0.729255689148678,5319,97,"LIN28A;APOBEC3D;NANOS2;APOBEC3H;ZC3H12A;TRIM71;LSM6;PAN2;TRIM21;CPEB1;CNOT9;PSMA2;LSM14A;TNRC6C;IGF2BP1;DCPS;CARHSP1;LSM4;RBPMS;LSM3;LSM1;DCP2;LSM2;AJUBA;ISG20;TNRC6A"
"GOCC_PALMITOYLTRANSFERASE_COMPLEX",0.724312731526613,1,-0.392171014002085,-0.812025637583452,3714,11,"SPTSSB;ORMDL3;GOLGA7B;ORMDL1"
"GOCC_PAM_COMPLEX_TIM23_ASSOCIATED_IMPORT_MOTOR",0.404042425455273,1,-0.634857019064125,-1.09554127944465,2018,5,"PAM16;GRPEL2;GRPEL1;DNAJC19;DNAJC15"
"GOCC_PAR_POLARITY_COMPLEX",0.960454268910971,1,0.287367007888689,0.513983548670507,4735,6,"PRKCZ;PARD6B;PARD3;PARD6G;PRKCI"
"GOCC_PARALLEL_FIBER_TO_PURKINJE_CELL_SYNAPSE",0.466021416803954,1,0.395822958933457,0.990084491052897,2262,24,"CBLN1;CNTN6;GRID2;KCNJ3;CALB2;UNC13C;ATP2B3;CBLN3;KCNJ9;SUSD4;GNAO1;CADPS2;CTNNA2;GPM6A;PPP3R1;P2RX6"
"GOCC_PARANODAL_JUNCTION",0.829813409883125,1,0.365341224071927,0.7215675731795,4046,9,"CLDN19;KCNA2;SIRT2;CNTNAP1;CNTNAP2;MARVELD2"
"GOCC_PARANODE_REGION_OF_AXON",0.598402621339341,1,0.44285039968255,0.902721488856237,2921,10,"ERMN;MAG;KCNA1"
"GOCC_PARASPECKLES",0.856031128404669,1,0.344424051615582,0.702085835070246,4179,10,"BCL11A;BCL6"
"GOCC_PCG_PROTEIN_COMPLEX",0.762421473443746,1,-0.290182511535976,-0.846324707987501,4004,57,"ZFP42"
"GOCC_PEPTIDASE_COMPLEX",0.979932356257046,1,0.226982116875573,0.776484249959185,4345,154,"CFI;CFH;C3;FAP;PIPSL;MBL2;SUPT20HL1;COLEC10;PSMB8"
"GOCC_PEPTIDASE_INHIBITOR_COMPLEX",0.828455284552846,1,0.372234114115187,0.715118707300423,4075,8,"PLAT;SERPINA5;SERPINB6;CTSB"
"GOCC_PERICENTRIC_HETEROCHROMATIN",0.994498777506112,1,0.205050901246544,0.544860585144159,4880,31,"SNAI1;IKZF1;ATRX;KDM4A;CENPB;DNMT1;CHRAC1;ZNF618;CBX5;ZNF512;LRWD1;FLYWCH1;BAZ1B;INCENP;HELLS;KDM4C;CBX1;CENPA;SIRT6;NCAPD3;CENPC;CBX3;SMARCA5;MACROH2A1;BAZ1A;KDM4D;POLE3;ESCO2;EZH2;UHRF2;KMT5C"
"GOCC_PERICENTRIOLAR_MATERIAL",0.470269223319775,1,-0.397370695137379,-0.982512364053408,2427,23,"LCK"
"GOCC_PERICHROMATIN_FIBRILS",0.603562137282369,1,-0.532988334966006,-0.919751542289801,3015,5,"TRIM24;NUFIP1;CPSF6;TARDBP"
"GOCC_PERICILIARY_MEMBRANE_COMPARTMENT",0.86807335831197,1,-0.36534118824823,-0.657320583281431,4401,6,"USH2A"
"GOCC_PERINEURONAL_NET",0.401187794388695,1,0.520452360265525,1.06090799483171,1958,10,"ACAN;TNR;VCAN;BCAN;HAPLN4"
"GOCC_PERINUCLEAR_ENDOPLASMIC_RETICULUM",0.993597686906237,1,0.210514658732972,0.516375488352444,4810,22,"MOGAT2;OSBPL1A;CLU;OSBP2;OSBP;PIK3R1"
"GOCC_PERINUCLEAR_REGION_OF_CYTOPLASM",1,1,0.19042225846925,0.743248228474419,3715,705,"NPY;S100B;FOXR1;OAS2;PTGDS;TYR;STING1;APOD;SLC39A12;TNFSF13B;MOGAT2;SLC5A1;PKHD1;ADCY10;SCEL;CD34;JCAD;TH;GPER1;PTPRR;DAB2;HSP90AA2P;GBP3;PKP1;TPD52L1;PLD1;S100A14;ALDH1A2;MX1;FLRT1;INHBB;GALNT6;BTK;PPP1R16B;HFE;FSD2;RASEF;LAPTM5;TGFA;NHLRC1;CX3CL1;NTRK2;RNF207;RAB38;SLC1A3;PRKCD;MLC1;CA4;LAMB1;MAL2;CX3CR1;RNF128;PCSK9;INHBA;DYNC1I1;GALNT4;EHD2;CCIN;HSP90AB3P;PRKCA;HMGCLL1;BCL3;SEZ6;HEPH;RAB34;EGFR;ACHE;ANXA6;SPP1;KCNA3;SLC2A10;PRKN;APBA1;TENM1;BDNF;ZDHHC19;GAD1;KCNS1;PROCR;EPN3;NEDD4;CHODL;EIF2AK2;SH3GL2;OSBPL1A;PLSCR1;DOK1;MSN;CSF1;INF2;CLDN19;GLB1;CALN1;ITM2C;PTPRM;ABCD1;STAT1;CLN5;NOS1;KIRREL1;TWF1;ATP7A;PTGES;TNFSF12;CHGA;SLC8A3;AMFR;TPPP3;GBP2;LNPEP;KCNS2;RAB3B;VPS35;PLEC;NF2;NDRG2;HSP90B1;CTSB;ERBB2;SLC2A12;PINK1;ATP9A;CTNNB1;ATXN2;CLU;SLC9A1;GOLGA1;TMEM100;ATP7B;OSBP2;EHD3;SHTN1;RAB40B;GALNT2;GDPD1;LAMP2;MAGEE1;SPINK5;RAB3C;KCNB1;SLC5A3;LCP1;STOM;PLAAT3;FZD9;WWC1;RARA;PPIB;IFITM3;TMEM192;LAMP3;COBL;MAGI2;EML1;HSPA1A;LYN;LMNA;CNTRL;VPS50;MAP3K4;EHD4;EHD1;DISC1;VCL;MTDH;MAP7;DNM3;TGM2;RHBDD2;ATP6V0A1;RACK1;SELENOM;FLNA;ZNF675;ATXN10;WDR44;ZDHHC20;DDX6;AMBRA1;RAPGEF2;OSBP;VAMP3;KIF5A;NANOS3;NDFIP1;CALR;KIF1A;RASGRP3;CDK19;ACSL3;MALT1;HEATR5B;AIFM1;PTCH1;LAMP1;PIK3R1;NELL1;SNCA;ARFGEF1;SERINC3;MRFAP1;SLC39A9;STX7;ITGB1;FBXW8;CKAP4;SYNJ1;PIK3CA;PRKD1;CUL7;SEC31A;TPD52;SYAP1;RAB29;VPS53"
"GOCC_PERINUCLEAR_THECA",0.295553791186979,1,0.850505415162455,1.13178105132685,1488,1,"CCIN"
"GOCC_PERINUCLEOLAR_COMPARTMENT",0.940764458675205,1,-0.309776215798601,-0.53456545585305,4700,5,"EPPK1;CELF1;PDCL3"
"GOCC_PHAGOCYTIC_CUP",0.204770215241419,1,-0.467647481617367,-1.19832605089123,1055,28,"CLEC4E;TNF"
"GOCC_PHAGOCYTIC_VESICLE",0.772097209720972,1,-0.26608668127038,-0.880536218433001,4288,142,"LTF;CLEC4E;PLD4;SLC11A1;TLR1;PLA2G5;SCIMP;SLAMF1"
"GOCC_PHAGOCYTIC_VESICLE_MEMBRANE",0.862745098039216,1,-0.263745195510301,-0.810961101504768,4619,80,"CLEC4E;SLC11A1;TLR1"
"GOCC_PHAGOLYSOSOME",0.73739837398374,1,0.413774519626421,0.794924184454342,3627,8,"NCF1;NCF2;NCF4"
"GOCC_PHAGOPHORE_ASSEMBLY_SITE",0.915997529339098,1,0.264396486281314,0.730246500192202,4448,38,"ATG9B;SQSTM1;ATG9A;TAX1BP1;ULK2;WDR45;RAB33B;NBR1;ILRUN;ATG2A;WIPI1;RAB1B;STX12;PIK3C3;VMP1;ATG5;ATG101;ATG16L1;ZFYVE1;ATG12"
"GOCC_PHAGOPHORE_ASSEMBLY_SITE_MEMBRANE",0.9454770755886,1,0.264243650420897,0.648168373886031,4577,22,"ATG9B;ATG9A;ULK2;WDR45;RAB33B;ATG2A;WIPI1;RAB1B;ATG5;ATG16L1;ATG12"
"GOCC_PHOSPHATASE_COMPLEX",0.869666737423052,1,0.266619836806467,0.799802570263302,4096,61,"ACP3;PPP1R3G;PPP1R3B;PPP2R2C;PPP1R3D;PPP4R4;PPP2R3A;PPP3CA;AKAP5;PPP1CB;PPP1R12A;PPP1R10;IER5;PPP4R1;PPP3CB;PPP2R5A;PPP1R3A;PPP1R3F;PPP3R1;PPP1R3E;PPP2R1A;PPP2R2A;PTPA;PRR3;TOX4;NCK1;PPP1R9B;PPP2R2D"
"GOCC_PHOSPHATIDYLINOSITOL_3_KINASE_COMPLEX",0.729954299958455,1,0.353092145357287,0.814156540036485,3513,17,"PIK3R6;UVRAG;PIK3R2;PIK3R1;PIK3CA"
"GOCC_PHOSPHATIDYLINOSITOL_3_KINASE_COMPLEX_CLASS_I",0.651422764227642,1,0.448490174614428,0.861618271258081,3204,8,"PIK3R6;PIK3R2;PIK3R1;PIK3CA"
"GOCC_PHOSPHATIDYLINOSITOL_3_KINASE_COMPLEX_CLASS_III",0.932950584375641,1,0.301856131734797,0.596181274036427,4549,9,"UVRAG;PIK3C3;ATG13;RB1CC1;ATG14;PIK3R4;ULK1;NRBF2;BECN1"
"GOCC_PHOSPHORYLASE_KINASE_COMPLEX",0.331468531468531,1,0.672183702784651,1.15813918694159,1658,5,"PHKG1;PHKA2;PHKB"
"GOCC_PHOTORECEPTOR_CONNECTING_CILIUM",0.792624818727988,1,0.292935361150596,0.826364624303704,3825,43,"GNAT1;USH1G;RP1;RAB37;KIF17;IFT122;TTC8;KIFAP3;PCDHB15;RPGRIP1L"
"GOCC_PHOTORECEPTOR_DISC_MEMBRANE",0.496782229603488,1,0.415577180760626,0.972082408031301,2392,18,"OPN1MW;GNAT1;PDE6G;ABCA4;GRK1;GUCY2F"
"GOCC_PHOTORECEPTOR_INNER_SEGMENT",0.303132938187976,1,0.357098649501973,1.07746652010541,1431,63,"USH1C;GNAT1;HKDC1;USH1G;GNAT2;RP1;SLC24A2;TULP1;PRPH2;INHA;RCVRN;PCARE"
"GOCC_PHOTORECEPTOR_RIBBON_SYNAPSE",0.338617886178862,1,0.58770221437737,1.12906590741193,1665,8,"EGFLAM;SH3GL2;CDH23;ATP2B1;CACNB2"
"GOCC_PI_BODY",0.641365853658537,1,-0.445234022719802,-0.8760613799597,3286,9,"ASZ1;TDRD1"
"GOCC_PICLN_SM_PROTEIN_COMPLEX",0.178268586077697,1,-0.71378479800516,-1.28423910266417,903,6,"SNRPE;SNRPD1;SNRPF;SNRPD2"
"GOCC_PINOSOME",0.6093910190691,1,0.453351145797911,0.895391662691594,2971,9,"CX3CR1;CARMIL1;MMP14;APPL1;APPL2;NCL;ANKFY1"
"GOCC_PIP_BODY",0.850710426255753,1,-0.387634202965244,-0.668921123844671,4250,5,"TDRD9;MAEL"
"GOCC_PITUITARY_GONADOTROPIN_COMPLEX",0.262009607686149,1,-0.822197294055593,-1.19377290781294,1308,2,"LHB"
"GOCC_PLASMA_MEMBRANE_RAFT",0.287170396631952,1,0.32611965625485,1.07415553902679,1295,113,"TGFBR2;MS4A4A;FXYD1;ADTRP;ADRA1A;LRRK2;CD36;LCP2;MAL;SKAP1;HTR2A;ADRA1B;CAVIN2;ATP1A2;TREM2;CR1;MLC1;LRP4;PTGIS;EHD2;TFPI;ATP2B4;ADCYAP1R1;HAS2;PLPP2;DLC1;EFNA5;ADCY8;SPRED1;JAK2;STIM1;PACSIN2;KCND2;NOS1"
"GOCC_PLATELET_ALPHA_GRANULE",0.957556270096463,1,0.239901058051328,0.757575783031281,4466,84,"ISLR;IGF1;LHFPL2;CD36;SERPINA3;SERPINA5;ITGB3;IGF2;THBS2;THBS1;F13A1;VEGFC;CD109;PDGFA;PROS1;TIMP1;HGF;TGFB2;APLP2;PCDH7;VEGFD;VEGFB;CLU;F8;TEX264;SERPINE2;SPARC;FN1;PDGFB;ITGA2B"
"GOCC_PLATELET_ALPHA_GRANULE_LUMEN",0.84750566893424,1,-0.273412489468006,-0.807310778219688,4484,62,"SERPINF2;SERPINA1;AHSG;SERPINE1;KNG1;LEFTY2;ALB;EGF;FGG;FERMT3;TGFB1"
"GOCC_PLATELET_ALPHA_GRANULE_MEMBRANE",0.156489339681225,1,0.574993598255127,1.28871122148302,755,15,"LHFPL2;CD36;ITGB3;CD109;APLP2;PCDH7;SPARC;ITGA2B;SNCA;CYB5R1;PECAM1"
"GOCC_PLATELET_DENSE_GRANULE",0.340152924157884,1,0.481329222829317,1.09523987160142,1645,16,"SELENOP;TIMP3;RAB27B;ITIH3;FAM3C;LGALS3BP;LAMP2;RARRES2"
"GOCC_PLATELET_DENSE_GRANULE_LUMEN",0.445013311488839,1,0.502585910214605,1.02448840843842,2172,10,"SELENOP;TIMP3;ITIH3;FAM3C;LGALS3BP;RARRES2"
"GOCC_PLATELET_DENSE_GRANULE_MEMBRANE",0.672327672327672,1,0.491261684324189,0.846419520886613,3364,5,"RAB27B;LAMP2"
"GOCC_PLATELET_DENSE_TUBULAR_NETWORK",0.589164785553047,1,0.436753750325353,0.909960704345613,2870,11,"ITPR3;SERPINA5;ITPR2;EHD1"
"GOCC_PLATELET_DENSE_TUBULAR_NETWORK_MEMBRANE",0.777117080172237,1,0.389759265542749,0.76979445195743,3789,9,"ITPR3;ITPR2;EHD1"
"GOCC_PML_BODY",0.997813809437056,1,-0.212617757933081,-0.679706960990002,5476,107,"ANKRD2;MLIP;ZBTB16;CIITA;RPAIN;LRCH4;CHEK2;SP100;GCNA;NFE2;CIART;BLM;WDFY3;MKNK2;RFWD3;BASP1;SRSF2;MAPK7;N4BP1;SUMO2;TDP2;PIAS4;MRE11;SPTBN4;ISG20;UBE2I;SIRT1"
"GOCC_PODOSOME",0.177306425041186,1,0.429055093646078,1.19604566998991,860,40,"AFAP1L1;SPATA13;ARHGEF5;ARAP1;TNS3;DOCK5;VCAM1;PHLDB2;SH3PXD2A;PLEC;ERC1"
"GOCC_POLAR_MICROTUBULE",0.753446553446553,1,0.445432433069082,0.767457993603444,3770,5,"KLHL21;KLHL22;CUL3;TUBGCP3"
"GOCC_POLE_PLASM",0.743547387982655,1,0.323663312952455,0.824635695440585,3600,26,"ANKRD34C;EXD1;SNRPGP15;PIWIL4;MOV10L1;PIWIL1"
"GOCC_POLYMERIC_CYTOSKELETAL_FIBER",1,1,0.157844826785576,0.614704387253816,3777,677,"CFAP107;KRTAP5-6;TEKT4;BFSP2;KRTAP4-5;KRT32;MNS1;CFAP52;CFAP95;EFHB;TEKT1;CFAP126;GRAMD2B;ACTBL2;TRPV4;KRTAP10-7;GPER1;SPAG17;RCSD1;PKP1;CFAP161;CFAP45;CLMP;DNAH3;TOGARAM2;KIF4B;RP1;CFAP144;MX1;CLDN11;DNAI2;HTR2A;DLGAP2;LMNTD1;PACRG;CFAP90;KIF27;PPL;TRIM55;FAM110C;ARHGAP18;TUBA4A;TEKT3;SPAG8;DCDC1;CYP2A6;RSPH1;PLS3;VIM;KRTAP1-5;KRTAP5-2;TTLL13;CFAP141;SHROOM4;TEKTIP1;DYNC1I1;ACKR2;DNAI1;ENKUR;KIF17;KIF26B;SYBU;EFHC2;ESPN;CNP;KRT19;DCDC2;TTLL9;RIBC1;DNAH9;MID1;EFCAB6;TUBB1;KIFC3;RASSF5;SHANK2;NEFH;PTPN20;JAKMIP1;INF2;CARMIL1;CORO6;MID2;NRP1;CFAP53;PDLIM2;DNAH11;STIM1;DYNLT2;WIPF1;LDLRAP1;DNAH5;ADORA2A;MAP1LC3C;CORO2A;NAV3;MAP7D2;TWF1;HOOK1;TTLL4;SLC8A3;IFT70A;CHMP2B;TPPP3;CLIP4;PLEC;IQGAP1;KRT37;IFT70B;FGF13;NDE1;DNAH7;SYNM;KRTAP5-1"
"GOCC_PORE_COMPLEX",0.175670423630004,1,-0.49702107834816,-1.23965132899831,903,24,"C9;C8G"
"GOCC_POST_MRNA_RELEASE_SPLICEOSOMAL_COMPLEX",0.173794712286159,1,-0.455929409407898,-1.21757195257313,893,35,"SNRPE;SNRPG;SNRPD1;SNRPF;SNRPA1;SNRPB;YJU2B;CCDC12;SNRPD2;SNRPB2;SYF2;DHX15;BCAS2;SNRNP40;PLRG1;PPIL1"
"GOCC_POSTSYNAPTIC_ACTIN_CYTOSKELETON",0.976419930285011,1,0.253647262747364,0.500966296067934,4761,9,"ITPKA;MYH10;MYO9B;ITSN1"
"GOCC_POSTSYNAPTIC_CYTOSKELETON",0.96896197327852,1,0.253693068949326,0.561497164884714,4713,14,"NEFH;ITPKA;NEFL;MYH10;MYO9B"
"GOCC_POSTSYNAPTIC_CYTOSOL",0.99463696369637,1,0.203852269442035,0.532899912972363,4821,29,"CALB1;NEDD4;PLCB1;KIF5A;SYT1;PLCB3;SENP1;PIAS3;KIF5B;FBXO45;PIAS1;SENP5;CALM3;DAG1;HOMER1;GNAQ;UBE3A;SENP7;SUMO1;PIN1;FUS;FABP5;BAIAP2;KIF5C;HTT;UBE2I;DBN1;SUMO2"
"GOCC_POSTSYNAPTIC_DENSITY_INTRACELLULAR_COMPONENT",0.976333817728877,1,0.243205297147535,0.568884919197044,4702,18,"GRIA1;TANC1;TNIK;CTNNB1;PRR7;CTNNA2;FAM81A;SLC30A1;SH3GL3"
"GOCC_POSTSYNAPTIC_EARLY_ENDOSOME",0.953446553446553,1,0.303329000577701,0.522620826196095,4771,5,"SNX6;VPS26B;EEA1;SNX27"
"GOCC_POSTSYNAPTIC_ENDOCYTIC_ZONE",0.921263071560385,1,0.311134894648353,0.61450730459772,4492,9,"GRIA2;AP2A1;CALY;AP2B1;EPS15;ITSN1"
"GOCC_POSTSYNAPTIC_ENDOSOME",0.775548200248242,1,0.327236329328434,0.795359583858685,3748,21,"ZDHHC2;NSG1;AKAP5;SNX6;CLSTN1;STX12;VPS26B;AP3M1;PIK3C3;EEA1;MKLN1;SH3GL3"
"GOCC_POSTSYNAPTIC_ENDOSOME_MEMBRANE",0.930900143530859,1,0.303372815253503,0.599176801433189,4539,9,"ZDHHC2;AKAP5;MKLN1;ABHD17A;ABHD17B;ANP32E;TFRC;RAB11FIP3;GRIPAP1"
"GOCC_POSTSYNAPTIC_RECYCLING_ENDOSOME",0.887543607633901,1,0.329156400351098,0.685785501968167,4324,11,"ZDHHC2;AKAP5;STX12;VPS26B;AP3M1;ABHD17A;ABHD17B"
"GOCC_POSTSYNAPTIC_RECYCLING_ENDOSOME_MEMBRANE",0.862502534982762,1,0.369828897567482,0.661474574166376,4252,6,"ZDHHC2;AKAP5;ABHD17A;ABHD17B"
"GOCC_POSTSYNAPTIC_SPECIALIZATION_INTRACELLULAR_COMPONENT",0.973134945236619,1,0.242352991949812,0.600088840286383,4708,23,"GRIA1;TANC1;TNIK;CTNNB1;NSF;LYN;PRR7;ZDHHC5;CTNNA2;GPHN;FAM81A;SLC30A1;SH3GL3"
"GOCC_POTASSIUM_CHANNEL_COMPLEX",0.972332015810277,1,0.231378360905717,0.743275198520903,4427,96,"KCNA7;KCNMB2;KCNJ2;KCNK4;GRIK2;KCNJ5;KCNA4;HCN1;KCNIP1;KCNV1;KCNQ5;KCNA1;KCNJ3;DLG2;KCNMB3;KCNA3;GRIK4;KCNC2;KCNS1;KCNG3;HCN2;KCNH1;KCNF1;KCND2;KCNJ11;KCND3;KCNK2;KCNC4;KCNS2;KCNB1;KCNIP4;KCNH4;KCNAB2;KCNK1;KCNC3;KCNIP3;AMIGO1;KCNA6;CALM1;DPP10;KCNJ9"
"GOCC_PRC1_COMPLEX",0.994485294117647,1,0.206693411399039,0.551961463365456,4868,32,"SAMD11;CBX7;CBX6;BCORL1;YAF2;PHC3;CBX4;PCGF2;RNF2;BMI1;MAX;SKP1;PHC1;BCOR;CSNK2A2;E2F6;L3MBTL2;RYBP;PCGF1;PCGF5;CSNK2B;KDM2B;AUTS2;MGA;CSNK2A1;PCGF3;CBX8;TFDP1;RING1;PCGF6;CBX2;PHC2"
"GOCC_PRE_SNORNP_COMPLEX",0.432118226600985,1,-0.569253597802028,-1.05594996199669,2192,7,"NOP56;ZNHIT3;PIH1D1;TAF9;NUFIP1;NOP58"
"GOCC_PRECATALYTIC_SPLICEOSOME",0.132771535580524,1,-0.405766704245966,-1.22205946398971,708,70,"SNRPE;SNRPG;LSM6;SNRNP25;SNRPD1;SNRPF;LSM7;SNRPA1;SNRPB;SNRNP35;SNRPC;CENATAC;TXNL4A;LSM4;SNRNP27;SNRPD2;PHF5A;SF3A2;SNIP1;LSM3;SF3B6;LSM2;SNRPA;SART1;SCNM1;LSM5;SNRPB2;PRPF3;USP39;SF3B4;DHX16;SNRNP40;PRPF38B;SF3B5;SF3A1;ZMAT2;BUD13;SNRNP70;SF3A3;PRP4K;ZMAT5;PRPF38A"
"GOCC_PREFOLDIN_COMPLEX",0.36807881773399,1,-0.59626901208172,-1.10606282169949,1867,7,"PFDN6;PFDN2;PDRG1;PFDN5;VBP1"
"GOCC_PRERIBOSOME_LARGE_SUBUNIT_PRECURSOR",0.36625992639938,1,-0.472616314966577,-1.07288075614389,1890,16,"RPF1;RRS1;EBNA1BP2;BOP1;WDR74;WDR12;NOC2L;MAK16;MRTO4;NIP7"
"GOCC_PRERIBOSOME_SMALL_SUBUNIT_PRECURSOR",0.639088962429433,1,-0.398610896272368,-0.873285066086894,3282,14,"SLX9;RRP1B;LTV1;BYSL;NOC4L;RIOK3;RIOK1;UTP20;FTSJ3"
"GOCC_PRESPLICEOSOME",0.871359691417551,1,-0.308397935153521,-0.7194536484915,4517,18,"SNRPG;LUC7L;LSM7;SNRPB;SNRPC;SF3A2;U2AF2;LUC7L3;LUC7L2;PRPF39;SF3A1;SNRNP70"
"GOCC_PRESYNAPTIC_ACTIVE_ZONE",0.574913644214162,1,0.298971473901834,0.947735386716166,2662,86,"GPER1;EGFLAM;GRM7;NTNG1;HCN1;GRIA1;GUCY1B1;P2RY1;ATP2B4;GABRB1;NTM;APBA1;SLC32A1;CACNA2D3;PPFIBP1;GAD1;RIMS1;ADCY8;CACNA2D2;PPFIBP2;CDH10;UNC13C;ADORA2A;NRXN3;SYN1;NRXN2;ERC1;CTNNB1;ADRA2A;NRXN1"
"GOCC_PRESYNAPTIC_ACTIVE_ZONE_CYTOPLASMIC_COMPONENT",0.417471736896197,1,0.467614428259491,1.03496787206014,2030,14,"GUCY1B1;RIMS1;ERC1;CTNNB1;PCLO;CTNNA2"
"GOCC_PRESYNAPTIC_ACTIVE_ZONE_MEMBRANE",0.941539728283244,1,0.255396691052915,0.697192322195821,4573,36,"NTNG1;HCN1;GRIA1;P2RY1;ATP2B4;GABRB1;NTM;APBA1;CACNA2D3;CACNA2D2;CDH10;NRXN3;NRXN2;ADRA2A;NRXN1;LRFN3"
"GOCC_PRESYNAPTIC_CYTOSOL",0.99463696369637,1,0.203852269442035,0.532899912972363,4821,29,"LRRK2;CALB1;SH3GL2;PPT1;CALM1;SYT1;ARL6IP5;SENP1"
"GOCC_PRESYNAPTIC_ENDOCYTIC_ZONE",0.457723577235772,1,0.532962177293209,1.02390191767324,2251,8,"SNAP91;DNAJC6;AP2B1;PICALM;AP2M1;CLTB;PACSIN1"
"GOCC_PRESYNAPTIC_ENDOSOME",0.797211400451097,1,0.381125181541424,0.752741695167418,3887,9,"VAMP4;RABGEF1;PIK3C3;VAC14;AP3D1"
"GOCC_PROCENTRIOLE_REPLICATION_COMPLEX",0.787024255570893,1,-0.414154179454775,-0.745144745690946,3990,6,"STIL;CEP152;SASS6;CPAP;PLK4;CEP192"
"GOCC_PRONUCLEUS",0.981018787526632,1,-0.240939717165995,-0.546954427412075,5064,16,"DPPA3;EZH2;METTL23;TET3;TBP;AKAP8;EED"
"GOCC_PROTEASE_INHIBITOR_COMPLEX",0.813786213786214,1,0.411236379110071,0.708539888382158,4072,5,"PLAT;SERPINA5;SERPINB6"
"GOCC_PROTEASOME_ACCESSORY_COMPLEX",0.872942087933372,1,-0.292419424772366,-0.734719502468497,4506,25,"SEM1;PSMD10;PSMD6;PSME2;ADRM1;PSMD9;PSMD4;PSMC5;PSMC2;PSMD14;PSMD13;PSMD3;PSMC6;PSMD12;PSMD2;PSMC4;PSMD11;PSMD7;PSMC3;PSME1;PSME3;PSMC1;PSMD8;PSMD1;PSMD5"
"GOCC_PROTEASOME_COMPLEX",1,1,0.183873640024767,0.55629131361848,4719,64,"PIPSL;PSMB8;PSMB9;ECPAS;IDE;PRICKLE1;PSMD5;PSMD1;VCP;PAAF1;UBR1;PSMD8;TXNL1;UCHL5;PSMC1;UBQLN4;PSMF1;PSME3;PSME1;ZFAND2B;PSME4;PSMC3;PSMB2;PSMD7;PSMD11;PSMC4;PSMD2;USP14;PSMD12;PSMC6;UBE3A;RAD23A;UBE3C;PSMD3;PSMD13;PSMA4;PSMD14;PSMC2;PSMC5;PSMA3;PSMA1;PSMB3;PSMB4;UBQLN1;HSPB1;PSMB5;PSMD4;PSMA6;PSMD9;ADRM1;PSMB1;PSME2;PSMB7;PSMD6;PSMA5;ZFAND2A;PSMB10;DNAJB2;PSMD10;RAD23B;PSMA7;PSMB6"
"GOCC_PROTEASOME_CORE_COMPLEX",0.937720572970729,1,0.273587652633718,0.639952712738103,4516,18,"PSMB8;PSMB9"
"GOCC_PROTEASOME_CORE_COMPLEX_ALPHA_SUBUNIT_COMPLEX",0.465812807881773,1,-0.554271683397126,-1.02815891771067,2363,7,"PSMA2;PSMA7;PSMA5;PSMA6;PSMA1;PSMA3;PSMA4"
"GOCC_PROTEASOME_CORE_COMPLEX_BETA_SUBUNIT_COMPLEX",0.536964980544747,1,0.467365020919168,0.952692936092889,2621,10,"PSMB8;PSMB9"
"GOCC_PROTEASOME_REGULATORY_PARTICLE_BASE_SUBCOMPLEX",0.903759705762158,1,0.308859113727473,0.660057066134928,4422,12,"PSMD5;PSMD1;PSMC1;PSMC3;PSMC4;PSMD2;PSMC6;PSMC2;PSMC5;PSMD4;PSMD9;PSMD10"
"GOCC_PROTEASOME_REGULATORY_PARTICLE_LID_SUBCOMPLEX",0.727666273120819,1,-0.423841127556162,-0.80981780082694,3697,8,"SEM1"
"GOCC_PROTEASOME_STORAGE_GRANULE",0.39125386996904,1,-0.443441188987364,-1.04697752656193,2021,19,"PSMA2;PSMB6;PSMA7;PSMA5;PSMB7;PSME2;PSMB1;PSMA6;PSMB5;PSMB4;PSMB3;PSMA1;PSMA3"
"GOCC_PROTEIN_COMPLEX_INVOLVED_IN_CELL_CELL_ADHESION",0.796059313426772,1,-0.438114363996832,-0.722628439346602,3918,4,"IZUMO1"
"GOCC_PROTEIN_DNA_COMPLEX",0.992771509167842,1,-0.220674528838659,-0.761644118916111,5630,208,"RAG2;H2AC21;H3C13;H2BC17;H2AB1;H2AB3;TERB1;H4C4;NKX2-5;H3C8;H2BC7;H3C7;NUPR1;IRF4;H4C12;H2AC12;H3C15;ST18;TREX1;RPA3"
"GOCC_PROTEIN_FOLDING_CHAPERONE_COMPLEX",0.532883317261331,1,-0.33673515975451,-0.955873595695362,2762,49,"CCT8L1P;PFDN6;PFDN2;PSMG1;UXT;PDRG1;PSMG3;PSMG4;DNAJC9;PFDN5;DNAAF2;PPP5C;CDC37;RUVBL1;VBP1;PSMG2;TCP1;BAG2;STIP1;CCT6B;CCT2;PTGES3;CCT8;WDR83OS;CCT5"
"GOCC_PROTEIN_KINASE_COMPLEX",0.997496016389711,1,0.209915371950139,0.724950967180878,4381,166,"CCNO;TGFBR2;STING1;PHKG1;CDK18;CSNK2A3;CCND1;MAP3K5;PRKAR1B;PRKACB;IRAK2;CCND2;AKAP14;IFIT5;UVRAG;CDK15;TGFB2;CCNA1;CCNB3;IKBKE;ERC1;IRS1;CDKN1A;TAB2;PRKAR1A;PHKA2;PRKCZ;TBC1D5;ERN1;PRKAR2A;NEK10;CDK14;CDK19;ACVR2A;GTF2H4;PRKY;CDK5R2;PHKB;SMG9"
"GOCC_PROTEIN_LIPID_COMPLEX",0.883973612727978,1,-0.285384385248695,-0.735599405502749,4555,29,"SAA2;APOBR;APOC1;APOA2;APOM"
"GOCC_PROTEIN_PHOSPHATASE_4_COMPLEX",0.897538523113868,1,-0.35051993067591,-0.604874864405887,4484,5,"PPP4R3A;PPP4C;PPP4R2;PPP4R3B;PPP4R1"
"GOCC_PROTEIN_PHOSPHATASE_TYPE_1_COMPLEX",0.969316309719934,1,0.248136821431708,0.620672482517616,4706,24,"PPP1R3G;PPP1R3B;PPP1R3D;PPP1CB;PPP1R12A;PPP1R10;PPP1R3A;PPP1R3F;PPP1R3E;PRR3;TOX4;NCK1;PPP1R9B;MRAS"
"GOCC_PROTEIN_PHOSPHATASE_TYPE_2A_COMPLEX",0.818974465434918,1,0.32474804031355,0.759622692597443,3944,18,"PPP2R2C;PPP2R3A;IER5;PPP2R5A;PPP2R1A;PPP2R2A;PTPA;PPP2R2D;PPP2R5D;PPP2R5E;PPP2R5C"
"GOCC_PROTON_TRANSPORTING_ATP_SYNTHASE_COMPLEX",0.175024201355276,1,-0.521351407457708,-1.2465626613799,903,20,"ATP5ME;ATP5MF;ATP5MK;ATP5F1E;ATP5PF;ATP5MJ;DMAC2L;ATP5MC1;ATP5MC3;ATP5MC2;ATP5F1D"
"GOCC_PROTON_TRANSPORTING_TWO_SECTOR_ATPASE_COMPLEX",0.382500967866822,1,-0.367682502570516,-1.03926503328248,1975,48,"SPAAR;TCIRG1;ATP5ME;ATP5MF;VMA12;ATP5MK;ATP6V1B1;ATP5F1E;ATP5PF;ATP5MJ;DMAC2L;ATP5MC1;ATP5MC3;ATP5MC2;ATP5F1D;ATP6V1G2;ATP6V1G1"
"GOCC_PROTON_TRANSPORTING_TWO_SECTOR_ATPASE_COMPLEX_CATALYTIC_DOMAIN",0.970830070477682,1,-0.256130593376431,-0.540981122624853,4958,12,"ATP6V1B1;ATP6V1G2;ATP6V1G1;ATP6V1F;ATP6V1B2;ATP6V1E1;ATP6V1C2;ATP6V1E2;ATP6V1D;ATP6V1A;ATP6V1H;ATP6V1C1"
"GOCC_PROTON_TRANSPORTING_TWO_SECTOR_ATPASE_COMPLEX_PROTON_TRANSPORTING_DOMAIN",0.997292593308838,1,-0.184422556224307,-0.412625868232122,5156,15,"TCIRG1;ATP5MC1;ATP5MC3;ATP5MC2"
"GOCC_PROTON_TRANSPORTING_V_TYPE_ATPASE_COMPLEX",0.934677263035472,1,-0.267314981306681,-0.68103634775042,4821,27,"SPAAR;TCIRG1;VMA12;ATP6V1B1;ATP6V1G2;ATP6V1G1"
"GOCC_PROTON_TRANSPORTING_V_TYPE_ATPASE_V0_DOMAIN",0.896403759705762,1,0.313024285519126,0.66895837728475,4386,12,"ATP6V0D2;ATP6AP2;ATP6V0A4;ATP6V0D1;ATP6V0A1;ATP6V0A2;ATP6V0E2"
"GOCC_PROXIMAL_DENDRITE",0.486585365853659,1,0.521714367325385,1.00229315313732,2393,8,"GRIA1;SLC1A1;KCNB1;RAB3IP"
"GOCC_PRP19_COMPLEX",0.747712672766206,1,-0.364620392221127,-0.798817960811296,3840,14,"CTNNBL1;U2AF2;SYF2;BCAS2;PLRG1;CWC15;ISY1"
"GOCC_PSEUDOPODIUM",0.731881264456438,1,-0.35477000388353,-0.817805003777021,3796,17,"F2RL1;LDB3;RAB25;ACTN3;MYOZ1"
"GOCC_PTW_PP1_PHOSPHATASE_COMPLEX",0.828252032520325,1,0.372296248149352,0.715238076290277,4074,8,"PPP1CB;PPP1R12A;PPP1R10;PRR3;TOX4;PPP1CA;PPP1CC;WDR82"
"GOCC_PWP2P_CONTAINING_SUBCOMPLEX_OF_90S_PRERIBOSOME",0.512127785446657,1,-0.554317203881122,-0.997325567164096,2596,6,"TBL3;UTP6;WDR36;PWP2"
"GOCC_PYRUVATE_DEHYDROGENASE_COMPLEX",0.710980312563426,1,0.438028594243655,0.812664309378551,3502,7,"PDK2;DLD;PDHX;PDK1;DLAT;PDHB;PDHA1"
"GOCC_R2TP_COMPLEX",0.922877122877123,1,0.331007761499794,0.570309958701191,4618,5,"PIH1D2;RPAP3;RUVBL2"
"GOCC_RAD17_RFC_LIKE_COMPLEX",0.480888533119872,1,-0.597884170999422,-1.03173906877803,2402,5,"RFC4;RFC2;RFC5;RFC3;RAD17"
"GOCC_RADIAL_SPOKE",0.664996144949884,1,-0.37461224499756,-0.863544733437285,3449,17,"RSPH6A"
"GOCC_RADIAL_SPOKE_HEAD",0.337802681608965,1,-0.670047589701724,-1.15626790232666,1687,5,"RSPH6A"
"GOCC_RAGULATOR_COMPLEX",0.22894892526129,1,-0.688926030693552,-1.23951329578958,1160,6,"LAMTOR5;SLC38A9;LAMTOR4;LAMTOR2"
"GOCC_RDNA_HETEROCHROMATIN",0.945167100260156,1,-0.304484402079723,-0.525433635304372,4722,5,"SIRT1;BAZ2A;RRP8;SUV39H1;NOP53"
"GOCC_RECYCLING_ENDOSOME",1,1,0.150508432450882,0.534314892243877,4317,210,"SH3TC2;GPER1;MYO5B;SLC26A7;RASSF9;ATP13A4;HFE;CD22;MLC1;GRIA1;DYNC1I1;SLC30A10;ACKR2;EHD2;SGK3;SLC9B2;SLC9A6;TNIK;HLA-B;ACKR3;C8orf44-SGK3;SLC9A7;SLC1A1;INPP5F;SLC39A4;RAB11FIP5;RAB13;TPP1;LDLRAP1;ATG9B;PACSIN2;ZDHHC2;SLC9A9;HLA-E;MELTF;ATP9A;EHD3;CLCN3;RABGEF1;ABCG1;ATG9A;SLC31A2;NSG1;ACAP1;VPS51;VPS50;SCAMP1;EHD4;RAP2A;EHD1;KCNK1;RFFL;BACE1;VAMP3;AKAP5;PDIA3;RABEP1;BOK;PLA2G3;STX7;VIPAS39;ITGB1;SNX18;LAMP5;RAB29;WIPF3;VPS53;ATP11C;APP;SYT5;CMTM6;TBC1D17;FIG4;CLIP3;PLEKHB2;B2M;RAP2B;REP15;MCOLN2;FCHSD2;PANK1;SLC31A1;ATP11B;HLA-C;ST8SIA2;BAIAP3;NDRG1;RAC1"
"GOCC_RECYCLING_ENDOSOME_MEMBRANE",0.771637816245007,1,0.270092918591214,0.880580091840037,3476,106,"SLC26A7;ATP13A4;GRIA1;SLC30A10;EHD2;SLC9B2;SLC9A6;HLA-B;SLC9A7;SLC1A1;SLC39A4;RAB11FIP5;RAB13;ATG9B;PACSIN2;ZDHHC2;SLC9A9;HLA-E;ATP9A;EHD3;ATG9A;NSG1;ACAP1;SCAMP1;EHD4;RAP2A;EHD1;RFFL;VAMP3;PDIA3;BOK;SNX18;LAMP5;ATP11C;SYT5;CMTM6;CLIP3;PLEKHB2;B2M;RAP2B;MCOLN2;SLC31A1;ATP11B;HLA-C;BAIAP3;NDRG1;RAC1;SORL1;RAB10;SCAMP2;STX12;SLC9A5;RAB14;MICALL1;RAB12;SCAMP4;FZD7;OPTN"
"GOCC_REPLICATION_FORK",0.948343627175744,1,-0.245318737832431,-0.750970554982123,5066,78,"TREX1;RPA3;SHMT1;MUS81;ZRANB3;UBE2B;EME1;BLM;RAD51C;RFC4;RPA4;POLD1;PRIM2;UHRF1;XRCC3;MRE11;XRCC2;PCNA;ZMIZ2;RFC2;RFC5;CAMSAP3;MCM3;PRIMPOL;H2AX;BCAS2;TONSL;POLD4;SMARCA5;PRIM1;HLTF;DMAP1;PLRG1"
"GOCC_REPLISOME",0.311698406529343,1,-0.443131070939231,-1.10524089408028,1603,24,"RPA3;RPA4;POLD1;PRIM2;PCNA;MCM3;BCAS2;TONSL;POLD4;PRIM1;PLRG1;POLD3;RPA2;DONSON"
"GOCC_RESPIRATORY_CHAIN_COMPLEX_III",0.847358121330724,1,-0.336246857537216,-0.723184486900322,4329,13,"UQCRQ;UQCR10;UQCRH;UQCRFS1;UQCR11;UQCRB;BCS1L;CYC1"
"GOCC_RESPIRATORY_CHAIN_COMPLEX_IV",0.972486553578817,1,0.248548797745963,0.589250233982227,4700,19,"MTCO2P12;COX7A1;MT-CO1;MT-CO2"
"GOCC_RETROMER_COMPLEX",0.868855844692276,1,0.298351945512682,0.731833272287386,4206,22,"MAGEL2;VPS35;SNX2;TBC1D5;SNX6;SNX3;VPS26A;SNX8;VPS26B;DCTN1;ANKFY1;ENTR1"
"GOCC_RETROMER_TUBULATION_COMPLEX",0.98699219531719,1,-0.252021952628538,-0.434901787551822,4931,5,"SNX32;SNX1;SNX5;SNX6;SNX2"
"GOCC_RIBBON_SYNAPSE",0.479136690647482,1,0.443530458740175,0.981662984148649,2330,14,"EGFLAM;SH3GL2;CDH23;ATP2B1;CACNB2"
"GOCC_RIBONUCLEASE_MRP_COMPLEX",0.508418167580266,1,-0.457057169991289,-0.965364182646595,2596,12,"RPP25L;POP7;C18orf21;RPP38;POP5;RPP30;RPP40"
"GOCC_RIBONUCLEASE_P_COMPLEX",0.478100058399844,1,-0.451961796708632,-0.990167331596875,2455,14,"RPPH1;POP7;RPP21;RPP38;POP5;RPP30;RPP40;HSD17B10"
"GOCC_RIBONUCLEOPROTEIN_COMPLEX",0.777724968314322,1,-0.245529727238015,-0.932919210247211,4908,713,"TIFAB;ESRP2;RNF113B;MIRLET7BHG;TDRD1;RPL3L;RPPH1;MVP;NEAT1;SPACA6-AS1;SNRPE;MIR29B2CHG;MIR155HG;TTC9-DT;BHLHE40-AS1;SLIRP;SNRPG;MIR133A1HG;RPS29;LSM6;RPL22L1;SNRNP25;RPS21;ELAVL4;SNRPD1;GJD2-DT;RPL36;TRIM21;CTNNBL1;KIN;PCBP4;SNAP25-AS1;RPL39;SNRPF;RPS27;MRPL14;CPEB1;RPS27L;LUC7L;PIN4;CHCHD1;MAGOH;RRP7BP;RN7SK;RPL37A;RPL37;LSM7;MRPL34;RPP25L;RPL41;POP7;SNRPA1;RPL36AL;MRPS18C;CIRBP;MRPS21;LSM14A;MRPL52;ZNF830;MIR9-2HG;TNRC6C;SNRPB;MRPL18;MRPL33;RPS28;RPF1;RPL35A;RPL35;NOP10;RPP21;SLX9;HNRNPDL;MRPL40;RPL36A;EIF1B;AURKAIP1;RBM44;U2AF1;RPS6KL1;CELF3;HNRNPAB;IGF2BP1;SNRNP35;C18orf21;PPIH;RPLP2;SLU7;ALYREF;HNRNPD;RPS25;RPS13;YJU2B;PABPN1;RPS26;NOP56;MRPL51;MRPL46;SNRPC;CENATAC;MRPL41;TXNL4A;TRA2A;MRPL16;MRPL11;ILF3;RBM41;MRPL21;RBM8A;LSM4;MIR137HG;MRPL39;MRPL22;MRPS11;SNRNP27;MRPL24;RBM17;MRPL32;SRP14;RPP38;CELF1;ZNHIT3;HNRNPH3;CCDC12;EIF1;POP5;SNRPD2;RPS11;MRPS24;PHF5A;DYRK2;MRPS34;RRS1;MRPL13;FAU;U2AF1L4;RCL1;IMP4;SF3A2;IMP3;EBNA1BP2;BCLAF3;KHDC4;PNO1;MRPS26;SNIP1;RPS19;FSAF1;RPS23;EIF3C;LARP6;RPL34;ZCCHC8;TARBP2;LSM3;MRPL58;PRKRIP1;RRP9;LSM1;SF3B6;HNRNPA0;MRPL27;MRPS17;DCP2;MRPL36;RPS19BP1;TBL3;NGDN;DAZAP1;TRA2B;CSNK1E;MRPL55;LSM2;MRPL12;SUGP1;UBA52;PTCD3;HNRNPA3;HNRNPA2B1;RRP1B;SNRPA;KRI1;MRPS12;SRRT;DHX38;FBLL1;DDX39B;MRPS31;SART1;RNPC3;RPS14;TNRC6A;RPS17;RPP30;TTF2;ELAVL2;SCNM1;U2AF2;PABPC1L;LSM5;RBM14;MRPL48;RPL26L1;MIR3677HG;LUC7L3;MRPL35;JMJD6;SNRPB2;RPL24;RPL31;BOP1;RPL30;RBM28;AKAP8L;SRSF1;NOL7;MRPL50;SYF2;LSM14B;RUVBL1;PPWD1;RPP40;LUC7L2;UTP6;PTBP2;SRP9;RPL8;RPS27A;MRPS33;DDX5;DKC1;DHX15;PNN;RPS18;ACTN4;LTV1;LSM10;EXOSC10;PRPF3;WDR74;MRPL57;WDR12;SMNDC1;BRCA1;SRFBP1;PPP1R8;EIF2S1;MIR23AHG;RPL38;CD2BP2;AGO4;USP39;DDX41;PRPF39;HNRNPR;DDX17;HNRNPF;FAM32A;MRPL43;RPLP1;NHP2;DHX35;ACD;MRPL53;SLBP;MRPL42;HSD17B10;GAR1;BCAS2;ELAVL3;PSME3IP1;MRPS15;HDAC1;SF3B4;BYSL;TNRC6B;TEP1;NOC4L;ERI1;DHX16;RIOK3;RRP36;MRPL54;SNRNP40;RPL27;NOC2L;YJU2;PRPF38B;RBM5;UTP4;AGO1;PCBP1;RBM3;SF3B5;MAK16;SF3A1;ZMAT2;BUD13;PABPC4;NAF1;MRPL2;MRPL44;HTATSF1;API5;SNRNP70;MRPL17;IVNS1ABP;HNRNPLL;DDX1;SECISBP2;WDR75;MRPS23;GADD45GIP1;ILF2;WDR46;C9orf78;CWC25;HNRNPC;PLRG1;MRPS9;MRPL9;PPIL1;DDX46;AGO2;HNRNPK;WDR83;RBM12;FMR1;PIH1D1;UTP3;NVL;SF3A3;MRPL4;FRG1;PRP4K;RBM45;UTP11;ZMAT5;PRPF38A;MRTO4;RPS3;NIP7;MRPL20;MKRN3;RPS7;MRPL10;TAF9;DYRK1A;WDR36;JARID2;LARP7;SRA1;ZRSR2;GPATCH1;MRPS5;EIF3B;RPL18A;DCAF13;PRPF31;TSR1;RHEB;RPS12;EIF3G;RPL22;NUP62;CRIPT;RPS16;MRPS6;CACTIN;XPO5;RPL21;CWC15;IGHMBP2;U2SURP;ISY1;RPS10"
"GOCC_RIBONUCLEOPROTEIN_GRANULE",1,1,0.136790559617331,0.532960535229881,3780,682,"ANKRD34C;NR1H4;SCARNA13;NUGGC;IL16;EXD1;MSX2;BPI;EPAS1;WT1;HSPB3;SNRPGP15;USH1G;GSC;MEF2C;GCNT1;PKP1;PIWIL4;BCL11A;H1-4;APOBEC3F;IFI16;APOBEC3B;CHD5;MEOX2;PPP1R16B;ADAMTS4;SNCAIP;NR4A2;HIF3A;FEV;NR3C1;PABPC4L;SHFL;MOV10L1;RNF135"
"GOCC_RIBOSOME",0.544066011235955,1,-0.278149847289382,-0.96763316482347,3098,225,"TIFAB;RPL3L;RPS29;NR0B1;RPL22L1;RPS21;RPL36;RPL39;RPS27;MRPL14;RPS27L;CHCHD1;RPL37A;RPL37;MRPL34;RPL41;RPL36AL;MRPS18C;MRPS21;MRPL52;MRPL18;MRPL33;RPS28;RPL35A;RPL35;MRPL40;RPL36A;AURKAIP1;RPS6KL1;RPLP2;RPS25;RPS13;RPS26;MRPL51;MRPL46;MRPL41;MRPL16;MRPL11;MRPL21;MRPL39;MRPL22;MRPS11;MRPL24;MRPL32;RPS11;MRPS24;MRPS34;MRPL13;FAU;MRPS26;RPS19;RPS23;RPL34;MRPL58;MRPL27;MRPS17;MRPL36;MRPL55;ISG15;MRPL12;UBA52;PTCD3;MRPS12;MRPS31;RPS14;RPS17;MRPL48;RPL26L1;MRPL35;RPL24;RPL31;RPL30;MRPL50;ZNF598;RPL8;RPS27A;MRPS33;RPS18;MRPL57;RPL38;MRPL43;RPLP1;MRPL53;MRPL42;UBB;MRPS15;RIOK3;MRPL54;RPL27;RBM3;MRPL2;MRPL44;MRPL17;MRPS23;GADD45GIP1;PSMA6;MRPS9;MRPL9;PNPT1;MRPL4;RPS3;MRPL20;RPS7;MRPL10;MTG1;MRPS5;RPL18A;RPS12;RPL22;RPS16;MRPS6;RPL21;RPS10;FUBP3;UBC;MRPL47;APEX1"
"GOCC_RIPOPTOSOME",0.469753694581281,1,-0.5522857669596,-1.02447509666003,2383,7,"RIPK3"
"GOCC_RISC_LOADING_COMPLEX",0.488783943329398,1,-0.522448606454205,-0.998223518239819,2483,8,"TARBP2;AGO4;AGO1;AGO2;PRKRA"
"GOCC_RIXOSOME_COMPLEX",0.75448275862069,1,-0.424704586634774,-0.787815472486088,3828,7,"PELP1;LAS1L"
"GOCC_RNA_CAP_BINDING_COMPLEX",0.465798718743542,1,0.437212066842933,0.994853553949807,2253,16,"EIF4E1B;EIF4G3;EIF4B"
"GOCC_RNA_DECAPPING_COMPLEX",0.961468262015818,1,0.286441595955949,0.512328360370826,4740,6,"XRN1;DDX6;EDC3;DCP1B"
"GOCC_RNA_N6_METHYLADENOSINE_METHYLTRANSFERASE_COMPLEX",0.928641060635601,1,-0.301803909726674,-0.624912355760384,4762,11,"TRMT112;METTL3;METTL14;METTL5"
"GOCC_RNA_POLYMERASE_COMPLEX",1,1,-0.133282433296342,-0.424454865504419,5473,104,"POLR2L;TBPL1;POLR2J;POLR2J2;POLR1H;POLR3K;POLR2F;POLR2I;ENY2;TAF10;POLR1C;TAF12;MNAT1;TAF6L;POLR3F;GTF2H5;POLR2K;PRIM2;POLR1B;GTF2E1;POLR1G;ATXN7L3;CDK7;CCNH;TBP;POLRMT;MCM3;GTF2A1;PRIMPOL;TUFT1;POLR3E;ERCC3;GTF2F2;GTF2A2;TAF1;PRIM1;TCEA1;TAF11;POLR2D;POLR2G;POLR2B;TAF4B;TAF9;TAF7L;TRRAP"
"GOCC_RNA_POLYMERASE_I_TRANSCRIPTION_REGULATOR_COMPLEX",0.357128771445474,1,-0.626394656075104,-1.12700706610693,1810,6,"TAF1D;POLR1G;TAF1C;TBP;TAF1B;TAF1A"
"GOCC_RNA_POLYMERASE_II_CORE_COMPLEX",0.630300693909021,1,-0.385125735233296,-0.887780110802415,3269,17,"POLR2L;POLR2J;POLR2J2;POLR2F;POLR2I;POLR2K"
"GOCC_RNA_POLYMERASE_II_TRANSCRIPTION_REGULATOR_COMPLEX",0.96266156055529,1,0.230648702409371,0.834307429905083,4021,259,"NR1H4;RARG;BATF2;ASCL4;NFATC2;GTF2A1L;RUNX3;HOXB9;EPAS1;RARB;RXRG;TAF1L;MAF;SMAD9;SMAD6;GATA4;STAT6;MAFB;HLF;THRB;ANXA2;ASCL5"
"GOCC_RNA_POLYMERASE_II_TRANSCRIPTION_REPRESSOR_COMPLEX",0.724938875305624,1,0.31854710513508,0.846442327464791,3557,31,"TBX15;TBX18;CTNNB1;E2F5;LIN54;FOXO3;RBL1"
"GOCC_RNA_POLYMERASE_III_COMPLEX",0.895274831243973,1,-0.299356326359504,-0.698360710784734,4641,18,"POLR2L;POLR3K;POLR2F;POLR1C;POLR3F;POLR2K"
"GOCC_RNA_POLYMERASE_III_TRANSCRIPTION_REGULATOR_COMPLEX",0.910334049619066,1,-0.319273410133256,-0.644978251859864,4659,10,"GTF3C2;GTF3C5;TBP;GTF3C6;GTF3C3;GTF3C4;BDP1;BRF2;GTF3C1;BRF1"
"GOCC_RNA_POLYMERASE_TRANSCRIPTION_FACTOR_SL1_COMPLEX",0.424854912947769,1,-0.626372039283651,-1.08089917055143,2122,5,"TAF1D;TAF1C;TBP;TAF1B;TAF1A"
"GOCC_RNAI_EFFECTOR_COMPLEX",0.651181744091279,1,0.333172584225708,0.885305102741025,3195,31,"MEG3;DNM3OS;CARMN"
"GOCC_ROUGH_ENDOPLASMIC_RETICULUM",0.989040060468632,1,-0.222690377826093,-0.657542537923662,5233,62,"HCRT;LIN28A;ZC3H12A;EDN1;RPS29;RPS21;HGFAC;SYNE3"
"GOCC_ROUGH_ENDOPLASMIC_RETICULUM_MEMBRANE",1,1,-0.141483863973113,-0.366153999270345,5113,30,"ZC3H12A;RPS29;RPS28;SEC61B;RPS26;SRP9;SEC61G;SSR4;RPL27;MACO1;RP9;GNRH1;UBA1;CCDC47;ARL6IP1;SRPRA;SRPRB;SEC63;ALG5;SSR3;PI4KB;SEC61A1;SSR1;SSR2;TMEM97;SUCO;SEC61A2;PLOD1;PLOD2;EPM2A"
"GOCC_RPAP3_R2TP_PREFOLDIN_LIKE_COMPLEX",0.917654270535349,1,0.299121230994965,0.639246418104459,4490,12,"ASDURF;RPAP3;URI1;RUVBL2;POLR2E;DNAAF10;PIH1D1;RUVBL1;PDRG1;UXT;PFDN2;PFDN6"
"GOCC_RQC_COMPLEX",0.568444534577165,1,0.525215289878272,0.939398090584597,2802,6,"VCP;TCF25;LTN1;UFD1;NPLOC4"
"GOCC_RSC_TYPE_COMPLEX",0.751498742989751,1,-0.35881053604065,-0.802800438274657,3885,15,"ACTL6B;ACTL6A;SMARCD2;SMARCB1;SMARCD1;PBRM1"
"GOCC_RUFFLE",0.998858186800639,1,0.206072293305176,0.723171586120928,4373,188,"S100B;FGD2;FAP;JCAD;TRPV4;SPATA13;PSD4;ARAP1;PLEK;LAYN;ITGB3;ARHGAP18;FERMT1;EPS8;RIGI;FGD5;KLHL41;RAB34;EGFR;PTPRJ;DLC1;TLN1;TLN2;IFIT5;ARHGEF4;TIRAP;ARAP3;WIPF1;SH3YL1;PACSIN2;ADGRE2;TWF1;NF2;IQGAP1;CSPG4;RASGRP2;RDX;ERBB2;WASF2;RAB40B;SPRY4;CLCN3;LCP1"
"GOCC_RUFFLE_MEMBRANE",0.506039973643751,1,0.302370630186507,0.976564628000317,2303,99,"FGD2;FAP;JCAD;TRPV4;SPATA13;PSD4;PLEK;ITGB3;FERMT1;EPS8;RIGI;FGD5;RAB34;EGFR;PTPRJ;DLC1;TLN1;IFIT5;ARHGEF4;TIRAP;SH3YL1;PACSIN2;ADGRE2;TWF1;NF2;RASGRP2;ERBB2;SPRY4;CLCN3;LCP1;WWC1"
"GOCC_SAGA_COMPLEX",0.874297888824327,1,-0.291834543669802,-0.733249957300581,4513,25,"SUPT20HL2;ENY2;TAF10;TAF12;TAF6L;ATXN7L3;KAT2B;SUPT7L;SF3B5;SGF29;TAF9;TADA1;TRRAP"
"GOCC_SAGA_TYPE_COMPLEX",0.903106796116505,1,-0.271501485293528,-0.739473508970885,4650,39,"SUPT20HL2;ENY2;MBIP;TAF10;TAF12;TAF6L;POLE3;POLE4;ATXN7L3;KAT2B;SUPT7L;WDR5"
"GOCC_SARCOLEMMA",0.366591928251121,1,0.306518017561496,1.03243750856104,1634,137,"MYOT;ANXA8;CAPN3;FXYD1;LAMA2;SNTB1;SCN1A;PGM5;COL6A2;BGN;SSPN;KCNJ2;SGCD;SLC2A5;AHNAK;ATP1A2;VCAM1;CACNA1D;SGCZ;SCN2B;ANXA2;KCNJ3;OPRK1;ATP2B4;KRT19;CACNG6;CACNA1C;DYSF;CACNA2D3;DMD;CAMK2D;CACNA2D2;SGCG;SNTA1;AHNAK2;NOS1;AQP4;KCNJ11;KCND3;SGCA;SLMAP;KCNK2;SLC8A3;AQP1;PLEC;RYR3;FGF13;SYNM;ANK3;SLC9A1"
"GOCC_SARCOPLASM",0.847858472998138,1,-0.266417645781888,-0.826905841011318,4552,86,"RYR1;SRL;HRC;RASD1;ATP2A1;MB;CASQ2;JPH2"
"GOCC_SARCOPLASMIC_RETICULUM_MEMBRANE",0.221725612125923,1,-0.423476294385531,-1.15801932624425,1140,40,"RYR1;SRL;ATP2A1;CASQ2;JPH2"
"GOCC_SCAR_COMPLEX",0.483914993176058,1,-0.477396896757994,-0.988493554162091,2481,11,"ABI3;NCKAP1L"
"GOCC_SCF_UBIQUITIN_LIGASE_COMPLEX",1,1,0.140192093361393,0.446693539316312,4597,90,"FBXW10;TMEM183BP;FBXL8;FBXL22;DAW1;PRKN;FBXO27;LMO7;FBXO43;FBXL7;FBXW9;USP47;FBXO25;FBXL2;FBXO36;FBXO41;SPSB2;FBXO2;FBXW8;CUL7"
"GOCC_SCHMIDT_LANTERMAN_INCISURE",0.652431548835309,1,0.402670812963632,0.860540303361298,3192,12,"MAG;MAL;ANXA2;CLDN19;PTEN"
"GOCC_SEC61_TRANSLOCON_COMPLEX",0.978110826267009,1,-0.261310705903593,-0.470149304670042,4959,6,"SEC61B;SEC61G;SSR4;ARL6IP1;SEC61A1;SEC61A2"
"GOCC_SECONDARY_LYSOSOME",0.686970885814578,1,0.336119737556635,0.85637241676519,3326,26,"NCF1;NCF2;LRRK2;NCF4"
"GOCC_SECRETORY_GRANULE",0.996538158929976,1,-0.221867451132166,-0.847090058094193,6332,784,"LTF;CXCR2;LRG1;FPR2;CUZD1;SLC11A1;SEMG2;FCN1;PADI6;HBB;S100P;DCST1;PLA1A;CHI3L1;SERPINB10;LAIR1;LILRB2;RAB44;IQCF1;MMP9;HCRT;ITGB2;ZG16;ZPBP2;TMEM190;P2RX1;IZUMO1;DSC1;FGR;SERPINF2;SERPINA1;ASTL;AHSG;RAB26;BST2;SERPINE1;HK3;ANPEP;GNAT3;PLAC8;LILRB3;ARHGAP9;TMEM184A;CLEC4D;HP;FCGR2A;SST;KNG1;TREML1;LEFTY2;LY6K;MYCBPAP;ACR;SLC17A9;POMC;CYBB;CEACAM1;MVP;GSDMD;HSPA6;CATSPER4;PLAU;CCDC62;ECRG4;IL4I1;SPINK2;CRACR2A;NAPSA;ADGRE5;TCIRG1;GLIPR1;ALB;MGAM;EGF;MMP25;FGG;ADAM8;TCP11X2;EDN1;GMFG;FERMT3;SLIRP;ACRBP;FRMPD3;FRK;ORMDL3"
"GOCC_SECRETORY_GRANULE_MEMBRANE",0.714676234409704,1,-0.25946076209392,-0.923986739045926,4182,287,"CXCR2;FPR2;CUZD1;SLC11A1;DCST1;PLA1A;SERPINB10;LAIR1;LILRB2;RAB44;ITGB2;ZG16;TMEM190;P2RX1;IZUMO1;DSC1;RAB26;BST2;ANPEP;LILRB3;TMEM184A;CLEC4D;FCGR2A;SLC17A9;CYBB;CEACAM1;PLAU;ADGRE5;TCIRG1;GLIPR1;MGAM;MMP25;ADAM8;ACRBP;FRMPD3;ORMDL3;NCKAP1L;CD14"
"GOCC_SECRETORY_VESICLE",1,1,-0.18702888105042,-0.722919925075771,6558,984,"LTF;CXCR2;LRG1;FPR2;CUZD1;SLC11A1;SEMG2;FCN1;PADI6;HBB;S100P;DCST1;PLA1A;CHI3L1;SERPINB10;LAIR1;LILRB2;RAB44;IQCF1;MMP9;HCRT;ITGB2;ZG16;ZPBP2;TMEM190;P2RX1;IZUMO1;DSC1;RAB40AL;FGR;SERPINF2;SERPINA1;ASTL;AHSG;RAB26;BST2;SERPINE1;HK3;ANPEP;GNAT3;PLAC8;LILRB3;ARHGAP9;TMEM184A;CLEC4D;HP;FCGR2A;SST;KNG1;TREML1;SYNGR4;LEFTY2;LY6K;MYCBPAP;ACR;SLC17A9;POMC;CYBB;CEACAM1;MVP;GSDMD;HSPA6;SYT10;CATSPER4;PLAU;CCDC62;NGF;ECRG4;IL4I1;SPINK2;CRACR2A;NAPSA;ADGRE5;TCIRG1;SLC17A7;GLIPR1;ALB;MGAM;EGF;MMP25;FGG;ADAM8;TCP11X2;EDN1;GMFG;FERMT3;SLIRP;ACRBP;FRMPD3;FRK;ORMDL3"
"GOCC_SEH1_ASSOCIATED_COMPLEX",0.967501552473608,1,0.255435960413205,0.572498875733102,4673,15,"SESN3;NPRL3;WDR59;SESN1;RRAGA;SZT2;NPRL2;CASTOR1;SEC13;SESN2;SEH1L;WDR24;MIOS"
"GOCC_SEPTIN_CYTOSKELETON",0.152228927389527,1,-0.591415675137459,-1.29568579729526,781,14,"SEPTIN12"
"GOCC_SERINE_PALMITOYLTRANSFERASE_COMPLEX",0.608421881149154,1,-0.474557143722017,-0.906719045203454,3091,8,"SPTSSB;ORMDL3"
"GOCC_SERINE_PROTEASE_INHIBITOR_COMPLEX",0.813786213786214,1,0.411236379110071,0.708539888382158,4072,5,"PLAT;SERPINA5;SERPINB6"
"GOCC_SERINE_TYPE_PEPTIDASE_COMPLEX",0.450900163666121,1,0.379235277515117,0.999838425534178,2203,30,"CFI;CFH;C3;MBL2;COLEC10"
"GOCC_SEROTONIN_RECEPTOR_COMPLEX",0.235670061913321,1,0.836889418390556,1.21262942738,1179,2,"HTR3B;HTR3A"
"GOCC_SET1C_COMPASS_COMPLEX",0.963001027749229,1,0.259652544515477,0.574687232112216,4684,14,"DYDC2;WDR5B;ASH2L;BOD1L1;RBBP5;HCFC1;SETD1A;WDR82;BOD1;SETD1B;CXXC1;HCFC2;WDR5;DPY30"
"GOCC_SEX_CHROMATIN",0.733399014778325,1,-0.435617823355239,-0.808059230179903,3721,7,"RING1;MACROH2A1;EED;PHC1;SUZ12;RNF2;PCGF2"
"GOCC_SEX_CHROMOSOME",0.931725265739984,1,0.262184066851573,0.703609116634735,4557,33,"SPDYA;HSF5;SMC5;BIRC2;CDK2;SMCHD1;PCGF2;RNF2;PLK4;SUZ12;SMARCC1;PHC1;SMC6;PCGF5;MACROH2A2;HNRNPU;DNMT3A;SIN3B;SUMO1;FIRRE;PCGF3;H2AX;EED;SMARCB1;BRCA1;MACROH2A1;RING1;ESCO2;LRIF1;UBE2B;H2AZ1;MAEL;PBX4"
"GOCC_SHELTERIN_COMPLEX",0.246896551724138,1,-0.656136820296556,-1.21711597982334,1252,7,"TERB1"
"GOCC_SIDE_OF_MEMBRANE",0.976810838978635,1,0.226685489368481,0.879480175476664,3748,629,"KLRC4-KLRK1;RAET1G;ART3;XPNPEP2;CD80;CD3E;CCR8;MS4A2;ITLN1;ENPP6;FCRL4;CD1E;TGFBR2;CNR2;IL13RA2;ITGAX;NCF1;PRND;GFRA3;PDGFRA;ITPR3;C3;AZGP1;PLEKHA4;GNAT1;PKHD1;CD27;CD5;UGT8;CD34;IL1R1;ABCG2;GNAT2;TH;CNTN3;P2RX7;GHR;LY75;PGM5;MBL2;CD79B;NTSR1;OMG;CRLF2;LRRK2;CCR9;CD36;OPCML;COLEC10;TGFBR3;IL2RB;STAB2;DNAI2;CNTN6;NTNG1;MDGA2;MMP17;CD1D;CD84;NT5E;SERPINA5;ITGB3;LYPD6B;HFE;CD22;ACE;CXCL12;CNTN5;THY1;ALOX15;THBS1;CD4;LY6S;LYPD6;VCAM1;SPRN;CNTN1;CUBN;KCNIP1;BTN3A2;ENG;SCNN1B;GRIA1;LIFR;LSAMP;IL9R;LYNX1;CA4;CX3CR1;PCSK9;CD83;CD109;EPM2A;FCRLA;SHROOM4;MYZAP;OSMR;MCAM;ACKR2;KCNJ3;ABCB1;PTPN4;LYPD1;CD28;CD69;TFPI;CLEC2D;JAK1;IL13RA1;CPM;GEM;TAPBP;BTN2A3P;RASGRP4;ACHE;FCER1G;EEF1A2;SELL;FCGRT;PRNP;MSLN;LY6H;ROBO4;NTM;GRIA2;LITAF;IL6ST;SLC4A3;HLA-B;CFP;ACKR3;MASP1;SCNN1G;EPN3;TRAF3IP2;CTSA;BCAN;SPTB;GNG12;EFNA5;IL11RA;NEGR1;ADAM9;CRIPTO;GLRA1;TIRAP"
"GOCC_SIGNAL_PEPTIDASE_COMPLEX",0.873726273726274,1,0.371714326978625,0.640445352420997,4372,5,"SPCS3;SPCS2;SEC11A"
"GOCC_SIGNAL_RECOGNITION_PARTICLE",0.708104933437745,1,-0.391623915217426,-0.827160639063894,3616,12,"TTC9-DT;BHLHE40-AS1;GJD2-DT;SNAP25-AS1"
"GOCC_SIN3_TYPE_COMPLEX",0.446511627906977,1,-0.41018298087388,-1.00297070534453,2303,22,"SAP30;SINHCAF;ING1;BRMS1;ING2;PHF12;BRMS1L;HDAC1;CSNK2A1;MORF4L1;HDAC2;RBBP7"
"GOCC_SITE_OF_DNA_DAMAGE",0.962683889486904,1,-0.235543053127087,-0.780344336228625,5365,143,"SLFN11;DMC1;RPA3;PAXX;CNTD1;HUS1B;SIRT7;RBX1;PHF1;IFFO1;NKX3-1;RFWD3;MARCHF6-DT;RPA4;RAD54L;ESCO2;KDM4D;OARD1;EPC1;MAD2L2;MRE11;SPINDOC;PELI1;WAS;WDR76;DGCR8;RNF8;SHLD1;MACROH2A1;AUNIP;SETMAR;H2AX;ASF1A;SHLD3;TONSL;MBTD1;SMARCA5;ARPC3;AIM2;RBBP8;HTATSF1;PARP2;UVSSA;PARP3;ZGRF1;DYNLL1;STK38;XRCC4;PARP9;CBX3;RNF138;ADPRS;TRAIP;ARPC2;BRD9;NABP2;KAT5;RPA2;RAD17"
"GOCC_SITE_OF_DOUBLE_STRAND_BREAK",0.957586837294333,1,-0.239592286626747,-0.761526874760969,5237,103,"DMC1;RPA3;PAXX;CNTD1;HUS1B;SIRT7;PHF1;IFFO1;RFWD3;RPA4;RAD54L;ESCO2;KDM4D;EPC1;MAD2L2;MRE11;PELI1;WAS;DGCR8;RNF8;SHLD1;SETMAR;H2AX;ASF1A;SHLD3;TONSL;MBTD1;SMARCA5;ARPC3;AIM2;RBBP8;HTATSF1;PARP3;ZGRF1;DYNLL1;STK38;XRCC4;RNF138;ARPC2;BRD9;NABP2;KAT5;RPA2;RAD17;UIMC1;ARPC5;SIRT6"
"GOCC_SITE_OF_POLARIZED_GROWTH",0.720935513169846,1,0.263374448349327,0.913543008174977,3174,170,"ADCY10;ITGA4;FRMD7;TRPV4;LRRK2;THY1;BOC;MYH14;FLRT3;EPS8;UNC5C;GRM6;TRPC5;CRTAC1;RASGRF1;HAP1;TRPV2;SLC2A13;PTPRO;LRRTM1;SHANK2;NGEF;AMFR;NDRG2;FGF13;PINK1;SHTN1;NRXN1;FKBP15;ADGRL1;PCDHGB1;EXOC4;COBL;SIGMAR1;DISC1;NEFL;CDKL5;MYH10;FLNA;NGFR;PTCH1;SNCA;FEZ1;LAMP5;SYAP1;EXOC8;CDK5R2;SIRT2;APP;WHRN;TENM2;FRY;NRSN1;DCTN2;APBB1;NEO1;ABITRAM;MAPT;PSEN1;ENO2;OLFM1;EXOC6;COPA;RTN4R;TSHZ3;ALS2;COPG2;GPM6A;GIT1;PI4K2A;KIF20B;PALLD;CNR1;KIF21A"
"GOCC_SM_LIKE_PROTEIN_FAMILY_COMPLEX",0.186148772444119,1,-0.362273469745043,-1.14668062123442,1015,100,"SNRPE;SNRPG;LSM6;SMN2;SNRNP25;SNRPD1;SNRPF;LUC7L;RN7SK;LSM7;SNRPA1;SNRPB;SNRNP35;PPIH;SLU7;SNRPC;CENATAC;TXNL4A;LSM4;SNRNP27;SNRPD2;PHF5A;SF3A2;SNIP1;LSM3;LSM1;SF3B6;LSM2;SNRPA;GEMIN7;DDX39B;SART1;RNPC3;LSM5;LUC7L3;SNRPB2;LUC7L2;LSM10;PRPF3;CD2BP2;USP39;PRPF39;SMN1;SF3B4;SNRNP40;SF3B5;SF3A1;ZMAT2;BUD13;HTATSF1;GEMIN6;SNRNP70;DDX46;FMR1;SF3A3;ZMAT5;STRAP;LARP7;ZRSR2;PRPF31"
"GOCC_SMAD_PROTEIN_COMPLEX",0.310436743899938,1,0.580585919845711,1.14668683850137,1513,9,"SMAD9;SMAD6;HMGA2;SMAD3;SMAD7;SMAD2;SMAD5"
"GOCC_SMALL_NUCLEAR_RIBONUCLEOPROTEIN_COMPLEX",0.203710575139147,1,-0.36679948696446,-1.14045279508289,1097,87,"SNRPE;SNRPG;LSM6;SNRNP25;SNRPD1;SNRPF;LUC7L;RN7SK;LSM7;SNRPA1;SNRPB;SNRNP35;PPIH;SLU7;SNRPC;CENATAC;TXNL4A;LSM4;SNRNP27;SNRPD2;PHF5A;SF3A2;SNIP1;LSM3;SF3B6;LSM2;SNRPA;DDX39B;SART1;RNPC3;LSM5;LUC7L3;SNRPB2;LUC7L2;LSM10;PRPF3;CD2BP2;USP39;PRPF39;SF3B4;SNRNP40;SF3B5;SF3A1;ZMAT2;BUD13;HTATSF1;SNRNP70;DDX46;SF3A3;ZMAT5;LARP7;ZRSR2;PRPF31"
"GOCC_SMALL_RIBOSOMAL_SUBUNIT",0.139430284857571,1,-0.400498368009694,-1.21258320179959,743,72,"RPS29;RPS21;RPS27;RPS27L;CHCHD1;MRPS18C;MRPS21;RPS28;AURKAIP1;RPS25;RPS13;RPS26;MRPS11;RPS11;MRPS24;MRPS34;FAU;MRPS26;RPS19;RPS23;MRPS17;PTCD3;MRPS12;MRPS31;RPS14;RPS17;RPS27A;MRPS33;RPS18;MRPL42;MRPS15;MRPS23;MRPS9;RPS3;RPS7;MRPS5;RPS12;RPS16;MRPS6;RPS10"
"GOCC_SMALL_SUBUNIT_PROCESSOME",0.322018004501125,1,-0.34966866000381,-1.06353973761868,1716,74,"RPS27;RPS28;RPS13;NOP56;RPS11;RCL1;IMP4;IMP3;PNO1;RPS19;FSAF1;RPS23;RRP9;RPS19BP1;TBL3;NGDN;FBLL1;RPS14;RPS17;NOL7;UTP6;RPS27A;EXOSC10;NOC4L;UTP4;WDR75;WDR46;UTP3;UTP11;RPS7;WDR36;DCAF13;RPS12;RPS16;NAT10;AATF;FCF1;PWP2;UTP20;RPS5;NOP58;UTP15"
"GOCC_SMC5_SMC6_COMPLEX",0.926048780487805,1,-0.311606240069334,-0.613129677313524,4745,9,"NSMCE4A;EID3;NSMCE2;NSMCE1;SLF2;SMC6;NSMCE3;SLF1;SMC5"
"GOCC_SMN_COMPLEX",0.970949502827062,1,-0.265400242880507,-0.549535263304037,4979,11,"SMN2;GEMIN7;SMN1;GEMIN6;FMR1;STRAP"
"GOCC_SMN_SM_PROTEIN_COMPLEX",0.810758513931889,1,-0.323738965708772,-0.764357100754448,4189,19,"SNRPE;SNRPG;SMN2;SNRPD1;SNRPF;SNRPB"
"GOCC_SMOOTH_ENDOPLASMIC_RETICULUM",0.611164954448537,1,-0.35653034578936,-0.902022032492095,3152,26,"RYR1;AQP8;FTCD"
"GOCC_SMOOTH_ENDOPLASMIC_RETICULUM_MEMBRANE",0.52551724137931,1,-0.527267360502861,-0.978066632226578,2666,7,"AQP8;FTCD;SVIP"
"GOCC_SNARE_COMPLEX",0.99922615592958,1,-0.191657842173051,-0.539252625617171,5164,47,"STX19;STX1A;STX11;CPLX1;CPLX3;NAPA;NAPG;TSNARE1;VAMP8;STX3;CPLX2;STX2;SNX4;BET1;STX8"
"GOCC_SNO_S_RNA_CONTAINING_RIBONUCLEOPROTEIN_COMPLEX",0.151579763520062,1,-0.50002627497714,-1.26506683703385,781,26,"LSM6;RPP25L;POP7;NOP10;C18orf21;NOP56;RPP38;POP5;RRP9;FBLL1;RPP30;RPP40;DKC1;NHP2;GAR1;SNRNP40;NAF1"
"GOCC_SNRNA_ACTIVATING_PROTEIN_COMPLEX",0.867132867132867,1,0.376010976314269,0.64784826615952,4339,5,"SNAPC2;SNAPC5;SNAPC1;SNAPC4;SNAPC3"
"GOCC_SOLID_PHASE_OF_BASEMENT_MEMBRANE",0.580176121236945,1,0.450848133241097,0.919024344065631,2832,10,"COL4A4;COL8A2;COL28A1;COL15A1;COL4A2"
"GOCC_SORTING_ENDOSOME",0.962685053741635,1,0.285049143907497,0.509837825878104,4746,6,"NRP1;KDR;LDLR;ARHGAP1"
"GOCC_SPECIALIZED_EXTRACELLULAR_MATRIX",0.538763696506099,1,0.392476544533403,0.942243360456527,2605,20,"ACAN;RBP3;TNR;VCAN;ZP1;BCAN;OVGP1;RTBDN;HAPLN4"
"GOCC_SPECIFIC_GRANULE",0.303173164097915,1,-0.324811270138841,-1.06399560926401,1671,132,"LTF;LRG1;FPR2;CHI3L1;LAIR1;RAB44;ITGB2;P2RX1;CLEC4D;HP;CYBB;CEACAM1;GSDMD;PLAU;CRACR2A;MMP25;ADAM8;FRK;ORMDL3"
"GOCC_SPECIFIC_GRANULE_LUMEN",0.191934858472276,1,-0.422808358836964,-1.1840312533195,989,46,"LTF;LRG1;CHI3L1;HP;GSDMD;CRACR2A;FRK"
"GOCC_SPECIFIC_GRANULE_MEMBRANE",0.696782641227086,1,-0.290436865198446,-0.891073888211299,3724,79,"FPR2;LAIR1;RAB44;ITGB2;P2RX1;CLEC4D;CYBB;CEACAM1;PLAU;MMP25;ADAM8;ORMDL3"
"GOCC_SPECTRIN",0.467512195121951,1,-0.514426581465927,-1.01220759836364,2395,9,"SPTA1"
"GOCC_SPECTRIN_ASSOCIATED_CYTOSKELETON",0.793265465935787,1,-0.361680168669241,-0.763915552213126,4051,12,"SPTA1"
"GOCC_SPERM_ANNULUS",0.889411283728536,1,0.315068837280171,0.685358595457798,4350,13,"CBY3;ADGB;SLC26A8;DNAH7;DDX6;SEPTIN7;SEPTIN10"
"GOCC_SPERM_END_PIECE",0.560925237505163,1,0.377431217310552,0.925808351452669,2715,22,"TEKT4;MNS1;CFAP45;PACRG;TEKT3;DNAJB13"
"GOCC_SPERM_FIBROUS_SHEATH",0.596256157635468,1,-0.494205878451402,-0.916738481028956,3025,7,"AKAP4"
"GOCC_SPERM_HEAD",0.351530512770521,1,-0.533993326670604,-1.10568159316512,1802,11,"CCDC38;ADAM29;ADAM21;PCDH11Y"
"GOCC_SPERM_HEAD_PLASMA_MEMBRANE",0.382628152969894,1,-0.719546537656149,-1.12103982648902,1880,3,"ADAM29;ADAM21;ADAM20"
"GOCC_SPERM_HEAD_TAIL_COUPLING_APPARATUS",0.853537443111295,1,0.310903890923876,0.737079366845796,4125,19,"CFAP47;SPATA6L;DNAJB13;CFAP221;CNTLN;PRKAR1A"
"GOCC_SPERM_MIDPIECE",0.762556221889055,1,-0.283813251025357,-0.859297335846195,4068,72,"DNAH8;CCR6;SAXO1;CCDC172;AKAP4;MYCBPAP"
"GOCC_SPERM_PLASMA_MEMBRANE",0.1668309998028,1,-0.719904454129094,-1.29524956647789,845,6,"CCR6;ADAM29;ADAM21"
"GOCC_SPERM_PRINCIPAL_PIECE",0.809503784693019,1,0.280931263912676,0.82816609569677,3849,55,"TEKT4;SLC9B1;CFAP45;PGAM4;TTC29;CATSPERD;PACRG;TEKT3;DNAJB13;TSGA10;ENKUR;CABS1;ATP2B4;SLC9B2"
"GOCC_SPERMATOPROTEASOME_COMPLEX",0.88097216452015,1,0.303815013000442,0.700533792801559,4240,17,"PSMB8;PSMB9"
"GOCC_SPHERICAL_HIGH_DENSITY_LIPOPROTEIN_PARTICLE",0.693015809485691,1,-0.481542700455644,-0.830974361663511,3462,5,"APOA2;APOM;APOA1"
"GOCC_SPINDLE",1,1,-0.140636133181379,-0.515546629919648,5960,419,"HEPACAM2;SEPTIN12;OR2A4;TUBB8;TUBB8B;CAPG;USP44;KASH5;PLK3;CIAO2B;FAM110A;KBTBD8;PIN4;ANKFN1;ACOT13;CENPV;CDC25B;FMN2;CCDC57;TUBB3;BCL2L10;LSM14A;ANKRD53;DYNLT2B;AURKC;KIF14;SEPTIN6;DYNLT1;KNTC1;MAD2L1BP;CLTCL1;MBIP;WDR62;MAP7D1;UXT;ENKD1;MAD2L1;MAPK15;MZT2A;DIAPH3;CHMP1B;AFG2B;NUP85;ARHGEF2;BORA;SPAG5;CEP95;BEX4;CALM2;UHRF1;CRMP1;BIRC6;UNC119;AURKB;MZT2B;HAUS1;UBXN2B;MAD2L2;DCUN1D5;HAUS5;BBLN;CEP85;ATAT1;MAPKBP1;FAM83D;E4F1;FAM161A;PLK1;DDX11;SKA2;TUBB2B;NUSAP1;HAUS7;MZT1;CCAR2;RAE1;KIF22;SAC3D1;CEP19;CDK1;KAT2B;RASSF1;WDR5;PPP2CB;AUNIP;DYNC1LI1;CHMP2A;NUDCD2;CDC7;KATNAL1;RAB24;CCSAP;ZWILCH;CTDP1;BNIP2;HECW2;MCRS1;DCTN3;HAUS4;ARL3;WDR73;CENPE;AAAS;IKBKG;KATNBL1;POC1A;MAPRE2;SGF29;BUB1B;CDC20;TRAPPC14;MAP1S;DSN1;DYNLL1;KIFC1;BOD1;PSRC1;ARL8A;ANAPC5;MIS12;CHMP4A;HAUS3;NIN;ECT2;NSUN2;RMDN3;CDCA8;HASPIN;BCCIP;CBX3;DAPK3;PINX1;HSPB1;RPS3;EMD;NUDC;SKA3;SKA1;TACC3;AURKA;KIF18B;CEP44;EFHC1;HMMR;CEP63;JTB;LUZP1;KAT5;NUP62;VPS4A;MAEA;ANAPC7"
"GOCC_SPINDLE_MICROTUBULE",0.973215958044578,1,-0.235647928738163,-0.727149690730484,5195,83,"FAM110A;CENPV;CCDC57;AURKC;KNTC1;CHMP1B;CALM2;AURKB;HAUS1;HAUS5;BBLN;FAM161A;PLK1;SKA2;HAUS7;CDK1;CHMP2A;CCSAP;ZWILCH;HAUS4;ARL3;CENPE;MAP1S;BOD1;PSRC1;CHMP4A;HAUS3;RMDN3;SKA3;SKA1;AURKA;KIF18B;CHMP5;MTCL1;POLB;TUBG1;MAPRE1;PRC1;KIF18A;HNRNPU;HAUS2;RAB11A;MAPRE3;CLASP2;CHMP7;HAUS8;KIF2A;TUBGCP3;BIRC5;CHMP1A;HAUS6;KIF11;CHMP6;PAFAH1B1;CSNK1D;CEP295;ZW10;CALM3;CHMP3;CHMP4B;CUL3;PARP4;RMDN1;MISP;KIF4A;NUMA1;KLHL22;CAPN6;CLASP1;DYNLT3;EML3;KLHL21;TTL;TUBG2;KIF3B;CALM1;MAP9;CLTC;CHMP4C;KIFAP3;KIF3A;RMDN2"
"GOCC_SPINDLE_MIDZONE",0.726919339164237,1,-0.312775219688522,-0.847459978887764,3739,38,"OR2A4;CENPV;AURKC;KIF14;UNC119;AURKB;PLK1;CTDP1;CENPE;MAPRE2;ARL8A;CDCA8;AURKA;KIF18B;LUZP1;CTTN;CDC6;FIRRM;MAPRE1;INCENP;PRC1;MAP10;KIF18A;RCC2;HNRNPU"
"GOCC_SPINDLE_POLE",1,1,-0.0926235465116279,-0.314475778955895,5632,181,"OR2A4;KASH5;PLK3;FAM110A;CDC25B;ANKRD53;DYNLT2B;AURKC;KNTC1;WDR62;UXT;ENKD1;MAD2L1;DIAPH3;SPAG5;CEP95;BEX4;CALM2;BIRC6;UNC119;AURKB;HAUS1;UBXN2B;CEP85;MAPKBP1;FAM83D;FAM161A;PLK1;DDX11;RAE1;CEP19;RASSF1;PPP2CB;AUNIP;DYNC1LI1;NUDCD2;KATNAL1;CTDP1;BNIP2;MCRS1;WDR73;AAAS;IKBKG;KATNBL1;POC1A;CDC20;DSN1;BOD1;PSRC1;MIS12;NIN;RMDN3;BCCIP;EMD;TACC3;AURKA;CEP44;EFHC1;CEP63;KAT5;NUP62;VPS4A;CCNB1;TBCCD1;CDC6;MTCL1;ARHGEF7;TUBGCP6;CSPP1;BRCC3;KANSL1;TUBG1;DNAAF1;MAPRE1;NPM1;LATS1;PRC1;MAP10;NSMCE1;CEP250;ALMS1;CDC14A;HNRNPU;RAB11A;CKAP2L;NUBP2;GOLGA2;NSL1;FBF1;KATNA1;HAUS8;SMC6;SBDS;PPP2CA;KIF2A;KATNB1;HSF1;CEP104;TUBGCP3;PMF1;KIF11;TOPBP1;DYNC2I1;SPAST;SMC3;CEP89;TMEM201;CKAP2;ZW10;DLGAP5;CDC14B;CALM3;LATS2;TUBGCP5;CENPF;PKP4;SPDL1;TUBGCP4;YPEL5;SGO1;TUBGCP2;ABRAXAS2;CUL3;TTC28;PLEKHG6;DCTN4;KNSTRN;NEK2;MAD1L1;MAPK14;KIF20B;DCTN1;GIT1;RALBP1;CDK5RAP2;TOPORS;RAD21;RMDN1;STAG2;MISP;ODF2;KATNAL2;NEK7;NUMA1;KLHL22;GPSM2;SPOUT1;VPS4B;CKAP5;CEP128;FRY;IK;RGS14;ASPM;KLHL21;KANSL3;INPPL1;NEDD1;POC1B;CALM1;TNKS;TPX2;KIF15;CNTRL;STAG1;EML1;NEDD9;NEK6;RMDN2;TPT1;SMC1A;CTNNB1;NDE1;PLK5;CFAP53;PLK2;DYNC1I1;ALPK1;FAM110C;IRAG2;RASSF10"
"GOCC_SPINDLE_POLE_CENTROSOME",0.947629890291865,1,0.275626670519396,0.617751544219358,4577,15,"NDE1;SPOUT1;NUMA1;MISP;ABRAXAS2;DLGAP5;TMEM201;NUBP2;CEP250;NPM1;TBCCD1;AURKA;EMD;BNIP2;UBXN2B"
"GOCC_SPLICEOSOMAL_TRI_SNRNP_COMPLEX",0.353741496598639,1,-0.391457881499052,-1.06064952434852,1819,38,"SNRPE;SNRPG;LSM6;SNRPD1;SNRPF;LSM7;SNRPB;PPIH;CENATAC;TXNL4A;LSM4;SNRNP27;SNRPD2;LSM3;LSM2;SART1;LSM5;PRPF3;CD2BP2;USP39;SNRNP40;ZMAT2"
"GOCC_SREBP_SCAP_INSIG_COMPLEX",0.813786213786214,1,0.411334036468632,0.708708147168223,4072,5,"INSIG1;SREBF2;SCAP;SREBF1"
"GOCC_STEREOCILIA_COUPLING_LINK",0.71260401867262,1,0.437249424735926,0.811218734230699,3510,7,"USH1C;ADGRV1;PDZD7;WHRN"
"GOCC_STEREOCILIUM_BASE",0.863143364227963,1,-0.367967344956318,-0.662045555210892,4376,6,"PTPRQ"
"GOCC_STEREOCILIUM_BUNDLE",0.66852487135506,1,0.294984252870283,0.897923863104529,3117,67,"TRPA1;USH1C;PIEZO2;LOXHD1;STRCP1;CLRN1;CALB1;EPS8;ATP8B1;ESPN;FSCN2;ANKRD24;DCDC2;CALB2;CLIC5;PIEZO1;ADGRV1;TMC1;RDX;RHOC;MPP1;CDH23"
"GOCC_STEREOCILIUM_MEMBRANE",0.184381778741866,1,-0.710460310839091,-1.27825769702637,934,6,"PKHD1L1;USH2A"
"GOCC_STEREOCILIUM_TIP",0.808352284473847,1,0.321471776536559,0.771777705533579,3909,20,"USH1C;STRCP1;EPS8;ESPN;TMC1;CDH23;ESPNL;MYO3A;PDZD7"
"GOCC_SUBCORTICAL_MATERNAL_COMPLEX",0.191514908945367,1,-0.742764921921752,-1.28175259696794,956,5,"NLRP7;PADI6;KHDC3L"
"GOCC_SULFURTRANSFERASE_COMPLEX",0.479014778325123,1,-0.548037836248514,-1.01659530057222,2430,7,"FXN;NDUFAB1;CTU1;ISCU;NFS1"
"GOCC_SUMO_LIGASE_COMPLEX",0.370605069501227,1,0.495162943283582,1.07711121880902,1812,13,"SUMO4;SMC5"
"GOCC_SUPER_ELONGATION_COMPLEX",0.967146623402961,1,0.28068796432845,0.502037436498346,4768,6,"AFF2;AFF4"
"GOCC_SUPRAMOLECULAR_COMPLEX",1,1,0.154942357829102,0.631318408743867,2986,1707,"MYOT;CFAP107;KRTAP5-6;ANKRD34C;CRYAB;TEKT4;BFSP2;NR1H4;SCARNA13;KRTAP4-5;NUGGC;KRT32;FHL5;IL16;CAPN3;EXD1;MYOD1;MNS1;CFAP52;COL6A3;MSX2;CFAP95;COL4A4;SCN1A;BPI;COL5A2;EFHB;SYNPO;EPAS1;TEKT1;H3-7;WT1;HSPB3;SNRPGP15;MYH7;CFAP126;GRAMD2B;ACTBL2;USH1G;TRPV4;COL14A1;COL9A3;KRTAP10-7;GSC;COL6A6;MEF2C;GPER1;COL8A2;PGM5;LUM;SPAG17;COL10A1;MYOZ3;GCNT1;RCSD1;COL6A2;COL3A1;PKP1;PIWIL4;BCL11A;H1-4;CFAP161;CFAP45;CLMP;DNAH3;TOGARAM2;KIF4B;APOBEC3F;RP1;IFI16;CFAP144;MX1;FBN1;FBLN5;COL11A2;CLDN11;APOBEC3B;DNAI2;SYNPO2;ELN;BOD1L2;HTR2A;CHD5;MEOX2;PARVB;DLGAP2;LMNTD1;PPP1R16B;PACRG;ADAMTS4;SNCAIP;COL1A2;COL11A1;NR4A2;CFAP90;NRAP;IGFN1;AHNAK;HIF3A;KIF27;PPL;TRIM55;FAM110C;ARHGAP18;FEV;TUBA4A;TEKT3;SPAG8;DCDC1;MYH14;CACNA1D;NR3C1;PABPC4L;SHFL;MOV10L1;RNF135;CYP2A6;RSPH1;MYL3;S100A1;ATOH8;PLS3;VIM;KRTAP1-5;TERT;KRTAP5-2;TTLL13;MAML2;CFAP141;MYBPHL;SHROOM4;MYZAP;TEKTIP1;DYNC1I1;ACKR2;DNAI1;COL5A1;PIWIL1;ENKUR;COL2A1;KIF17;REC8;CA3;PLK2;NPNT;KLHL41;COL9A2;ATP2B4;MYOZ2;APOBEC3C;AFF2;KIF26B;SYBU;EFHC2;COL12A1;ESPN;CNP;SPTBN1;KRT19;MMP2"
"GOCC_SUPRAMOLECULAR_POLYMER",1,1,-0.189158175166516,-0.728726654867623,6525,913,"MYBPC3;DNAH8;TNNC2;RYR1;TRIM54;KRTAP4-12;KRTAP1-4;HRC;KRTAP3-2;KRT31;LMOD2;SAXO1;ACTL8;TEKT5;MYBPH;CIMIP2A;TUBA4B;TNNI2;KRT33B;COL6A5;MYL1;ANKRD2;KRTAP5-8;SPMIP9;TUBB8;AKAP4;MYL11;CIMAP1D;UNC45B;ABCC9;MYH13;TUBB8B;MX2;ACTC1;KRTAP5-9;MYO1A;TTLL6;MEFV;ATP2A1;MYH8;MYH6;MYH2;C10orf71;CSRP3;KRTAP10-1;CAV3;MYH1;MYL7;ANKRD1;MYO1H;MYH4;LDB3;DES;ITGB1BP2;MYBPC1;TMOD4;CASQ2;JPH2;CFAP276;MYL4;KRT75;MFAP5;TNNT3;SMTNL1;TNNT1;MYOM3;KCNN1;TMSB15A;TEK;AVIL;KRT6A;TMSB15B;POTEE;KRT10;MICAL1;SLC4A1;TUBA3D;BMP10"
"GOCC_SWI_SNF_COMPLEX",0.925536303630363,1,0.265142623149053,0.693121941630239,4486,29,"BCL11A;SMARCA2;BCL11B;SMARCD3"
"GOCC_SWI_SNF_SUPERFAMILY_TYPE_COMPLEX",0.541941150636803,1,0.299060996538901,0.960697537583855,2467,96,"EP400P1;BCL11A;SMARCA2;CHD5"
"GOCC_SYMBIONT_CELL_SURFACE",0.709168775549932,1,-0.376196844055408,-0.824179892960397,3642,14,"GBP5;FCN1"
"GOCC_SYMMETRIC_SYNAPSE",0.184517714519762,1,0.624388284285048,1.27277455776992,900,10,"PENK;NTSR1;NLGN3;NLGN4Y"
"GOCC_SYNAPSE_ASSOCIATED_EXTRACELLULAR_MATRIX",0.448917041275031,1,0.47637314526553,1.01804818661391,2196,12,"ACAN;TNR;VCAN;BCAN;HAPLN4"
"GOCC_SYNAPTIC_CLEFT",0.173859178195333,1,0.478497475595733,1.2289972059491,841,27,"PRSS12;LAMA2;CBLN1;EGFLAM;CBLN2;NPTX1;APOE;GRIN1;ACHE;LAMB2;C1QL4;SLC1A1;C1QL3;ADGRB3;CBLN3"
"GOCC_SYNAPTOBREVIN_2_SNAP_25_SYNTAXIN_1A_COMPLEX",0.54128078817734,1,-0.519164914712162,-0.963036815361468,2746,7,"STX1A;NAPA"
"GOCC_SYNAPTONEMAL_STRUCTURE",0.528279883381924,1,-0.352843990824078,-0.956025740505365,2717,38,"TEX12;TEX11;RNF212;MSH4;DMC1;SYCE2;SYCE1L;SYCP2L;KASH5;FKBP6;FAM9C"
"GOCC_T_CELL_RECEPTOR_COMPLEX",0.612332990750257,1,0.400247278705811,0.885864612608019,2978,14,"CD3E;CD8B;SKAP1;CD4;ALCAM;CD6"
"GOCC_T_TUBULE",0.239300021083702,1,0.384710594616663,1.12634730798938,1134,53,"CAPN3;FXYD1;SCN1A;KCNJ2;AHNAK;ATP1A2;CACNA1D;SCN2B;KCNJ3;OPRK1;ATP2B4;CACNG6;CACNA1C;DYSF;CACNA2D3;CACNA2D2;AHNAK2;NOS1;KCNJ11;ANK3;SLC9A1;STAC;ATP1B1"
"GOCC_T_UTP_COMPLEX",0.705580753303096,1,-0.457808268640549,-0.823687029696208,3577,6,"UTP4;WDR75;UTP15;NOL11;HEATR1;WDR43"
"GOCC_TELOMERASE_HOLOENZYME_COMPLEX",0.922407120743034,1,-0.278762540992838,-0.674461173284382,4766,21,"SNRPE;SNRPB;NOP10;DKC1;NHP2;ACD;GAR1;TEP1;HNRNPC;NVL;NAT10;PTGES3"
"GOCC_TERTIARY_GRANULE",0.21091366002513,1,-0.338200160655074,-1.11677931658591,1174,139,"LTF;LRG1;FPR2;SLC11A1;HBB;SERPINB10;LAIR1;LILRB2;MMP9;ITGB2;DSC1;CLEC4D;HP;CYBB;CEACAM1;GSDMD;PLAU;TCIRG1;MGAM;ADAM8;FRMPD3;NCKAP1L"
"GOCC_TERTIARY_GRANULE_LUMEN",0.16182733255904,1,-0.437099929380389,-1.21466620038073,835,44,"LTF;LRG1;HBB;MMP9;HP;GSDMD"
"GOCC_TERTIARY_GRANULE_MEMBRANE",0.341523341523342,1,-0.359974837720371,-1.06202457883747,1806,61,"FPR2;SLC11A1;LAIR1;LILRB2;ITGB2;CLEC4D;CYBB;CEACAM1;PLAU;MGAM;ADAM8;FRMPD3"
"GOCC_THO_COMPLEX",0.881482942220469,1,-0.35407113197328,-0.637043537597682,4469,6,"THOC3;THOC5;THOC7;THOC6;THOC1;THOC2"
"GOCC_TIGHT_JUNCTION",0.590474070776764,1,0.282786570767309,0.9489597789402,2652,131,"CLDN14;CLDN16;USP53;SYNPO;PMP22;CLDN20;CLMP;CLDN11;CGNL1;CLDN1;C1QTNF5;WWTR1;CRB3;CLDN34;IGSF5;CCND1;PLXDC1;RIGI;ADCYAP1R1;CLDN9;CLDN22;EPCAM;NHS;MAP3K1;CLDN19;RAB13;EPB41L4B;GJA1;YAP1;CTNNB1;ANK3;FRMD4A;CYTH3;RPGRIP1L;MAGI2;AMOTL1;MPDZ;MTDH;CLDN5;PRKCZ"
"GOCC_TIM22_MITOCHONDRIAL_IMPORT_INNER_MEMBRANE_INSERTION_COMPLEX",0.754285714285714,1,-0.425074023254134,-0.788500767380455,3827,7,"TIMM10;TIMM9;TRMT10B;AGK;TIMM10B;TIMM29;TIMM22"
"GOCC_TIM23_MITOCHONDRIAL_IMPORT_INNER_MEMBRANE_TRANSLOCASE_COMPLEX",0.204532248692621,1,-0.538290578676445,-1.22196713229496,1055,16,"ROMO1;PAM16;TIMM10;GRPEL2;TIMM50;GRPEL1;TIMM23B;TIMM44;TIMM23;DNAJC19;DNAJC15;TIMM17A;TIMM21"
"GOCC_TOM_COMPLEX",0.735024390243902,1,-0.409886555648829,-0.806510201927277,3766,9,"TOMM5;TOMM7;TOMM6;TRABD"
"GOCC_TOR_COMPLEX",0.967511238250919,1,0.256055218977388,0.54721084499349,4734,12,"SESN3;AKT1S1;MLST8;LARP1;RPTOR;MAPKAP1"
"GOCC_TORC1_COMPLEX",0.61549381464206,1,0.502606733041385,0.898960510923946,3034,6,"AKT1S1;MLST8;LARP1;RPTOR;MTOR"
"GOCC_TORC2_COMPLEX",0.980930900143531,1,0.245594395493283,0.485061472032748,4783,9,"SESN3;MLST8;MAPKAP1"
"GOCC_TRAMP_COMPLEX",0.972427572427572,1,0.278523974581167,0.47988299646193,4866,5,"ZCCHC7;TENT4B;MTREX"
"GOCC_TRANS_GOLGI_NETWORK",0.931861804222649,1,0.236122812298111,0.859809132006242,3883,276,"MS4A7;MLANA;MS4A6A;TGFBI;POSTN;LGR6;BACE2;GPER1;GCNT1;LRRK2;RAB7B;ARAP1;CIMAP3;WLS;RAB38;ELAPOR1;CA4;ATP8B1;GSAP;PLPP3;CHST2;SLC9A7;TRAPPC9;RBFOX1;ATP8A2;CALN1;CHST5;YIPF2;OSBPL10;RAB13;NSG2;ATG9B;ATP8B4;CCDC186;ATP7A;ATP8B3;TMEM45B;GBA1;HLA-DPA1;HTR7;ECPAS;COG6;RAB32;RAB43;VAMP4;PI4K2B;ATP9A;ATXN2;CLBA1;GOLGA1;ATP7B;PREPL;LAMP2;AP4S1;RAB31;ATG9A;SLC24A5;HLA-DPB1;NSG1;KIAA0319L;VPS51;ATP2C1;SCAMP1;GRN;CLTC;KIF13A;SYS1;NDST1;BACE1;OSBP;VAMP3;RAB30;PLOD3;PCSK4;GOLGA4;ARFGEF1;PCSK1N;BOK;SLC39A9;ARL5A;PRKD1;RAB29;VPS53;VAMP7;APP;TGOLN2;YIPF7;AFTPH;GBF1;CLIP3;RGP1;TPST2;SYT17;CHID1;VPS54;MMP24;RAB9A;BAIAP3;KLHL20;SNX9;RAC1;FURIN;TMEM79;GCC2;ARL1;NBEA;PCSK7;NMNAT2;AP1B1;WIPI1;SORL1;RAB10;VTI1A;SCAMP2;AP1G1;GOLT1A;ATP9B;LAP3;OSBPL9;RAB21;RAB6A;MARCHF4;BPNT2;COG5;SCOC;RAB14"
"GOCC_TRANS_GOLGI_NETWORK_MEMBRANE",0.686224489795918,1,-0.280517619123826,-0.900554726401955,3765,110,"PLD4;AP1M2;HLA-DQA1;HLA-DQB1;ATP2C2;CRACR2A;FCMR"
"GOCC_TRANS_GOLGI_NETWORK_TRANSPORT_VESICLE",0.994848547290336,1,0.209832849647865,0.596776131580702,4827,45,"RASSF9;CLRN1;RAB27B;STON1;RAB13;ATP7A;CLBA1;TMED10;AP2A1;GOPC;CLTC;SLC18A3;STEAP2;NCALD;TMED9;TGOLN2;AFTPH;FURIN;AP1B1;AP1G1;RAB14;AP3M1;RAB12"
"GOCC_TRANS_GOLGI_NETWORK_TRANSPORT_VESICLE_MEMBRANE",0.866446985849971,1,-0.291155051804699,-0.741773514304717,4469,27,"AP1M2"
"GOCC_TRANSCRIPTION_ELONGATION_FACTOR_COMPLEX",0.999789739276703,1,0.170488245931284,0.495877897795413,4754,51,"AFF2;ZC3H8;PEX2;ELL3;ERCC6;ELP4;MLLT1;MLLT3;RB1;CTR9;SUPT6H;CCNT1;PAF1;CCNT2;CDC73;EPOP;MMS22L;CDK13;RTF1;SNW1;AFF4;ICE1;ICE2;ELL;NELFE;ELOA;ELP2;LEO1;SSRP1;CCNK;NELFB;AFF3;SUPT5H;SKIC8;NUFIP1;SUPT16H;CDK12;SUPT4H1;AFF1;CDK9;TCEA2;TONSL;NELFCD;EAF1;NELFA;ELOB;ELOF1;TTF2;ELOC;EAF2;ELL2"
"GOCC_TRANSCRIPTION_EXPORT_COMPLEX",0.48727833461835,1,-0.424568450210501,-0.978702255622467,2527,17,"ERH;ALYREF;DDX39A;DDX39B;THOC3;NCBP3;CHTOP;NXF1;THOC5;THOC7;ZC3H11A;SARNP"
"GOCC_TRANSCRIPTION_EXPORT_COMPLEX_2",0.531256162492605,1,-0.544352894441762,-0.979397816602814,2693,6,"SEM1;ENY2;CETN3;PCID2;MCM3AP"
"GOCC_TRANSCRIPTION_FACTOR_AP_1_COMPLEX",0.442709389576151,1,0.589610234779347,1.05457464665438,2182,6,"NFATC2;FOS;JUND;JUN"
"GOCC_TRANSCRIPTION_FACTOR_TFIIA_COMPLEX",0.463936063936064,1,0.604544194675902,1.04159966864968,2321,5,"GTF2A1L;GTF2A2;GTF2A1;TBP"
"GOCC_TRANSCRIPTION_FACTOR_TFIID_COMPLEX",0.981821895424837,1,0.229932415338465,0.614019728961537,4806,32,"TAF1L;GTF2H4;GTF2F1;ERCC2;TAF13;TAF7;GTF2H3;TAF8;TAF3;TAF6;TAF5;TAF2;GTF2H2;GTF2E2;TAF9B;GTF2B;TAF4;TAF7L;TAF9;TAF4B;TAF11;TCEA1;TAF1;GTF2A2;ERCC3;GTF2A1;TBP;GTF2E1;GTF2H5;TAF6L;TAF12;TAF10"
"GOCC_TRANSCRIPTION_FACTOR_TFIIH_HOLO_COMPLEX",0.899373531714957,1,-0.315937737007476,-0.66730158780629,4593,12,"MNAT1;GTF2H5;CDK7;CCNH;ERCC3;MMS19;GTF2H2;GTF2H3;GTF2H1;GTF2H2C;ERCC2;GTF2H4"
"GOCC_TRANSCRIPTION_FACTOR_TFIIIC_COMPLEX",0.759613488463814,1,-0.428142778776323,-0.77031298448006,3851,6,"GTF3C2;GTF3C5;GTF3C6"
"GOCC_TRANSCRIPTION_FACTOR_TFTC_COMPLEX",0.925747348119576,1,-0.285020897182357,-0.66491795501837,4799,18,"ENY2;TAF10;TAF12;ATXN7L3;TAF9;TRRAP;TAF4;TADA3;TAF9B;KAT2A;TAF2;TAF5"
"GOCC_TRANSCRIPTION_PREINITIATION_COMPLEX",0.917416829745597,1,-0.301646922854666,-0.648768517057645,4687,13,"TAF10;GTF2A1;RPRD1A;ERCC3;GTF2B;RECQL5;GTF2H3;BRF2;RPAP2;RPRD2;RPRD1B;BRF1;POLR2M"
"GOCC_TRANSCRIPTION_REPRESSOR_COMPLEX",1,1,0.167663279612339,0.539305806734692,4553,97,"CDX2;TBX15;TBX18;GATA1;CCND1;HEY2;JAZF1;PRDM16;CRY2;CORO2A;SMAD3;CTNNB1;REST;MDM2;NCOR2;E2F5;LIN54;FOXO3;MIER1"
"GOCC_TRANSFERASE_COMPLEX",1,1,0.0703819814642797,0.279736126420701,3452,985,"CDC20B;ASB9;WDR38;PIK3R6;CCNO;TGFBR2;STING1;GTF2A1L;ASB4;PKLR;SUMO4;ACTBL2;PHKG1;KLHL31;SUPT20HL1;POLR3G;CDK18;TAF1L;SAMD11;RNF144B;JADE2;DCAF12L1;CSNK2A3;FBXW10;F13A1;CCND1;TMEM183BP;MAP3K5;TERT;FBXL8;HAS1;MYZAP;CCIN;PRKAR1B;KLHL29;KLHL41;TIFA;PRKACB;PDK2;HAS2;FBXL22;IRAK2;DAW1;CCND2;PRKN;FBXO27;RNF217;STT3A;SPTLC3;PIGV;NEDD4;LMO7;HSD17B12;AKAP14;OGDHL;IFIT5;UVRAG;KLHL5;SEL1L;CDK15;RNF168;TGFB2;CCNA1;MAGT1;CCNB3;IKBKE;HADHA;FBXO43;ZER1;UBR3;AMFR;PEX2;KLHL13;SUPT3H;CBX7;ERC1;IPP;IRS1;PIGK;KBTBD6;DYDC2;KLHL1;KBTBD7;KLHL15;KLHL14;PIK3R2;CDKN1A;ZDHHC9;WDR5B;FBXL7;DCAF11;KLHL6;EXT2;PFKFB2;TAB2;PRKAR1A;PIGM;FBXW9;USP47;FBXO25;KLHL36;MEGF8;STT3B;VIRMA;PHKA2;CBX6;ASH2L;FBXL2;PEX12;RNF20;FAM8A1;GNPTAB;FBXO36;RHOBTB2;ABAT;FBXO41;PRKCZ;TBC1D5;ERN1;RPN1;ZNF335;ILVBL;DDB2;AMBRA1;KAT7;PFKL;PRKAR2A;GPR37;NEK10;POLR2M;PIGS;CDK14;DCAF4;SPSB2;BCORL1;MED21;CDK19;FBXO2;QTRT2;PIGU;ALG13;PIK3R1;ACVR2A;TUSC3;SMC5;MSL3;KBTBD3;MAVS;KAT14;FBXW8;GTF2H4;CUL4B;RPN2;KLHL10;PRKY;PIK3CA;PHF19;CUL7;POLA1;ACTG1;PEF1;KLHDC10;FZR1;RNF144A;DTL;AEBP2;UBE4A;CDK5R2;PHKB;KANSL3;PIGT;SMG9;ALKBH8;KLHL21;DBT;OGDH;PFKM;FBXO7;YAF2;REV3L;ASB12;DCUN1D1;HADHB;FIG4;MSL2;OS9;THG1L;KLHL2;CAB39L;BABAM2;OSTC;APPBP2;GPAA1;VCP;ZNFX1;OTULIN;POMT2;PFKP"
"GOCC_TRANSFERASE_COMPLEX_TRANSFERRING_PHOSPHORUS_CONTAINING_GROUPS",1,1,0.156135733871472,0.57462484204104,4135,309,"PIK3R6;CCNO;TGFBR2;STING1;GTF2A1L;PKLR;PHKG1;POLR3G;CDK18;TAF1L;CSNK2A3;CCND1;MAP3K5;TERT;HAS1;MYZAP;PRKAR1B;PRKACB;HAS2;IRAK2;CCND2;AKAP14;IFIT5;UVRAG;CDK15;TGFB2;CCNA1;CCNB3;IKBKE;PEX2;SUPT3H;ERC1;IRS1;PIK3R2;CDKN1A;EXT2;PFKFB2;TAB2;PRKAR1A;PHKA2;GNPTAB;PRKCZ;TBC1D5;ERN1;PFKL;PRKAR2A;NEK10;POLR2M;CDK14;CDK19;ALG13;PIK3R1;ACVR2A;GTF2H4;PRKY;PIK3CA;POLA1"
"GOCC_TRANSFORMING_GROWTH_FACTOR_BETA_LIGAND_RECEPTOR_COMPLEX",0.414785214785215,1,0.629693186999361,1.08493013530817,2075,5,"TGFBR2;TGFB2"
"GOCC_TRANSLOCON_COMPLEX",0.973073170731707,1,-0.261339014877943,-0.514221749300958,4986,9,"SEC61B;SEC61G;SSR4;ARL6IP1;SSR3;SEC61A1;SSR1;SSR2;SEC61A2"
"GOCC_TRANSPORT_VESICLE",0.399350649350649,1,0.2664368604349,1.01118372875719,1598,465,"SLC6A2;AREG;IGF1;SLC35D3;ITPR3;PENK;SLC18A1;TH;IL33;RPH3A;ECE2;LRRK2;SV2B;BGN;SSPN;SEC16B;OPRD1;SLC18A2;PHF24;LGI3;RASSF9;SNCAIP;SLC17A8;SYTL5;LAPTM5;TGFA;C1QTNF5;GRIN2A;MCTP2;NPTX1;SLC5A7;SLC35F1;COPZ2;SLC30A8;CLRN1;GABRA2;SLC6A17;GRIA1;CRYZL2P-SEC16B;VGF;CA4;NTF4;SYT2;SYN2;RAB27B;SLC30A10;GRIN1;OPRK1;HAP1;SLC40A1;SV2C;SLC9B2;STON1;PRKN;SLC2A13;PTPRN;APBA1;DYSF;SEC24D;SLC32A1;HLA-B;BDNF;KDELR3;CNIH3;CD55;PAM;OVGP1;PLIN3;YIPF2;TMED3;RAB11FIP5;RAB13;SYN3;SLC18B1;ATP13A2;UNC13C;SYT9;SYT13;CRISPLD2;GALNT15;ATP7A;HLA-DPA1;ATP6AP2;CHGA;GOLIM4;SNAP91;CLCN5;HLA-E;PCSK1;CHP1;RAB3B;SYN1;CD59;VAMP4;SYNGR1;CLBA1;HCK;FER1L5;ATP6AP1;RAB40B;TMED10;WFS1;ITPR2;SLC30A3;AP2A1;RAB3C;NKD2;ARFGEF3;ATP6V1C1;CLCN3;AMPH;PTPRN2;ATP6V0A4;KDELR2;SYPL1;PSEN2;BLOC1S3;GOPC;SLC35G2"
"GOCC_TRANSPORT_VESICLE_MEMBRANE",0.710038058991437,1,0.256873478571564,0.928215173019844,2984,253,"SLC6A2;AREG;SLC35D3;ITPR3;SLC18A1;RPH3A;ECE2;LRRK2;SV2B;SEC16B;OPRD1;SLC18A2;PHF24;RASSF9;SLC17A8;TGFA;MCTP2;SLC5A7;SLC35F1;SLC30A8;GABRA2;SLC6A17;GRIA1;CRYZL2P-SEC16B;CA4;SYT2;SYN2;RAB27B;OPRK1;SV2C;SLC9B2;STON1;PRKN;PTPRN;DYSF;SEC24D;SLC32A1;HLA-B;CNIH3;PAM;RAB11FIP5;SYN3;SLC18B1;UNC13C;SYT9;SYT13;HLA-DPA1;ATP6AP2;HLA-E;RAB3B;SYN1;CD59;SYNGR1;CLBA1;FER1L5;ATP6AP1;TMED10;WFS1;ITPR2;SLC30A3;AP2A1;ARFGEF3;ATP6V1C1;CLCN3;AMPH;PTPRN2;ATP6V0A4;SYPL1;SLC35G2;ATP6V0D1;HLA-DPB1"
"GOCC_TRANSPORTER_COMPLEX",0.998194945848375,1,0.215264846339405,0.824129287683283,3870,530,"CNGB3;TMEM30B;ATP10B;FXYD3;CNGA1;MTCO2P12;KCNK17;FXYD1;SCN10A;ATP1A4;CACNA1G;TMEM37;CLIC6;SCN1A;KCNA7;SCN4B;KCNMB2;CHRNA6;SLC9A2;SHISA8;HSPA2;KCNJ2;ATP10D;HTR3B;ATP10A;GABRE;NALCN;KCNK4;CATSPERD;KCNK5;GABRA1;ATP6V0D2;GRIK2;KCNJ5;SLC30A4;SLC17A8;ANO1;GLRA2;SLC7A8;FXYD5;GRIN2A;GRID2;ATP1A2;SLC30A8;ACE2;KCNA4;GABRA2;CACNA1D;HCN1;SCN2B;KCNIP1;SCNN1B;EPS8;GRIA1;KCNV1;KCNK12;KCNJ13;GABRR1;KCNQ5;KCNA1;OLFM3;CACNA1I;ATP8B1;TRPC5;GRIN3A;SCN2A;GABRA3;SLC30A10;GRIN3B;KCNJ3;SCN7A;GRIN1;DLG2;CHRNA2;GRIN2C;KCNMB3;GABRB1;HTR3A;GABRG2;CACNG6;CACNA1C;KCNA3;TRPC6;GRIA2;GRIK4;CACNA2D3;COX7A1;UNC80;MT-CO1;BEST2;GLRA3;PDE4D;KCNC2;MT-ND5;GLRB;CACHD1;KCNS1;SCNN1G;KCNG3;MT-ND6;GLRA1;MT-CO2;VWC2;CNIH3;MT-ATP8;CACNA2D2;ATP8A2;GABRA5;SCN9A;HCN2;KCNH1;CLIC5;OSBPL10;KCNF1;MT-ND4;GABRG3;MT-CYB;KCND2;KCNJ11;TMEM262;KCND3;ATP8B4;ATP8B3;UQCRHL;ANO2;CHRNA4;ATP6AP2;KCNK2"
"GOCC_TRAPP_COMPLEX",0.969879518072289,1,0.252167316861725,0.581445021946562,4668,17,"TRAPPC9;TRAPPC3L;TRAPPC11;TRAPPC3;TRAPPC2L;TRAPPC2;TRAPPC13;TRAPPC8;TRAPPC12;TRAPPC2B;TRAPPC6B;TRAPPC14;TRAPPC5;TRAPPC4;TRAPPC10;TRAPPC1;TRAPPC6A"
"GOCC_TRAPPII_PROTEIN_COMPLEX",0.897221087045362,1,0.312759579616454,0.668392679224564,4390,12,"TRAPPC9;TRAPPC3;TRAPPC2L;TRAPPC2;TRAPPC13;TRAPPC2B;TRAPPC6B;TRAPPC14;TRAPPC5;TRAPPC4;TRAPPC10;TRAPPC1"
"GOCC_TRAPPIII_PROTEIN_COMPLEX",0.639976507439311,1,-0.412763191158944,-0.871809538984693,3268,12,"TRAPPC6A;TRAPPC1;TRAPPC4;TRAPPC5;TRAPPC2B;TRAPPC12;TRAPPC8;TRAPPC13;TRAPPC2;TRAPPC2L;TRAPPC3;TRAPPC11"
"GOCC_TRICARBOXYLIC_ACID_CYCLE_HETEROMERIC_ENZYME_COMPLEX",0.996094552929085,1,0.195764289004169,0.433283785468607,4845,14,"OGDHL;IDH3G;IDH3A;SUCLG2;OGDH"
"GOCC_TRIGLYCERIDE_RICH_PLASMA_LIPOPROTEIN_PARTICLE",0.97008724553386,1,0.251501674830611,0.579910190826468,4669,17,"LPL;APOE;APOC3;APOA4;VLDLR"
"GOCC_TRNA_INTRON_ENDONUCLEASE_COMPLEX",0.449469681809085,1,-0.611811917670218,-1.05577349062312,2245,5,"TSEN54;CLP1;TSEN15;TSEN34"
"GOCC_TRNA_METHYLTRANSFERASE_COMPLEX",0.425256236704699,1,-0.459756850480254,-1.02865708777155,2198,15,"METTL1;TRMT112;WDR4;TRMT6;TRMT61B;SARS1;HSD17B10;METTL6;TRMT61A;TRMT10C;THUMPD2;BUD23"
"GOCC_TRNA_SPLICING_LIGASE_COMPLEX",0.989177489177489,1,-0.233308056187484,-0.445773202960162,5026,8,"ZBTB8OS;FAM98B;DDX1;RTCB;RTRAF;FAM98A;C2orf49;FAM98C"
"GOCC_TUBULAR_ENDOSOME",0.991126010648787,1,-0.235999277847987,-0.424609072174021,5025,6,"SNX32;ANKRD27;SNX5;VPS26A;SNX6;VPS35"
"GOCC_TUMOR_NECROSIS_FACTOR_RECEPTOR_SUPERFAMILY_COMPLEX",0.327397260273973,1,-0.520665731526763,-1.1198242346669,1672,13,"TNF;LTA;TNFRSF14;TNFRSF1B"
"GOCC_U1_SNRNP",0.643756050338819,1,-0.367889071460276,-0.879630846780256,3324,20,"SNRPE;SNRPG;SNRPD1;SNRPF;LUC7L;SNRPB;SNRPC;SNRPD2;SNRPA;LUC7L3;SNRPB2;LUC7L2;PRPF39"
"GOCC_U12_TYPE_CATALYTIC_STEP_2_SPLICEOSOME",0.188338192419825,1,-0.441204432718384,-1.19543709251987,968,38,"SNRPE;SNRPG;SNRPD1;SNRPF;SNRPB;SNRPD2;PHF5A;SNIP1;SF3B6;SCNM1;SF3B4;DHX16;SNRNP40;SF3B5;BUD13;PLRG1;CRIPT;CWC15;PPIL2;RBMX2"
"GOCC_U12_TYPE_SPLICEOSOMAL_COMPLEX",0.455971277399849,1,-0.336804918110328,-0.994490928621918,2412,62,"SNRPE;SNRPG;SNRNP25;SNRPD1;SNRPF;LSM7;SNRPB;SNRNP35;CENATAC;RBM41;SNRPD2;PHF5A;SNIP1;SF3B6;SART1;RNPC3;SCNM1;DHX15;PRPF3;USP39;SF3B4;DHX16;SNRNP40;SF3B5;BUD13;PLRG1;PRP4K;ZMAT5;ZRSR2;PRPF31;CRIPT;CWC15;PPIL2;RBMX2"
"GOCC_U2_SNRNP",0.559216902500485,1,-0.367539167383955,-0.936376745466541,2884,27,"SNRPE;SNRPG;SNRPD1;SNRPF;SNRPA1;SNRPB;SNRPD2;PHF5A;SF3A2;SNIP1;SF3B6;SNRPB2;SF3B4;SF3B5;SF3A1;BUD13;HTATSF1;DDX46;SF3A3"
"GOCC_U2_TYPE_CATALYTIC_STEP_2_SPLICEOSOME",0.184609405363389,1,-0.436616819264638,-1.19395281760787,949,40,"SNRPE;SNRPG;SNRPD1;SNRPF;MAGOH;SNRPA1;SNRPB;SLU7;RBM8A;SNRPD2;PRKRIP1;SNRPB2;SYF2;FAM32A;BCAS2;SNRNP40;PLRG1;PPIL1"
"GOCC_U2AF_COMPLEX",0.535721432859716,1,-0.57075407557505,-0.98492200830591,2676,5,"U2AF1;U2AF1L4;U2AF2;ZRSR2"
"GOCC_U4_SNRNP",0.772824605801051,1,-0.356706448797222,-0.781479928483072,3969,14,"SNRPE;SNRPG;SNRPD1;SNRPF;SNRPB"
"GOCC_U5_SNRNP",0.784442724458204,1,-0.32592501982726,-0.78856997964112,4053,21,"SNRPE;SNRPG;SNRPD1;SNRPF;SNRPB;TXNL4A;SNRPD2"
"GOCC_U6_SNRNP",0.232585365853659,1,-0.620310964821581,-1.22055020981117,1191,9,"LSM6;LSM7;LSM4;LSM3;LSM2;DDX39B;LSM5"
"GOCC_U6ATAC_SNRNP",0.290830381739473,1,-0.613309416798539,-1.17182795827768,1477,8,"LSM6;LSM7;LSM4;LSM3;LSM2;LSM5"
"GOCC_U7_SNRNP",0.28256157635468,1,-0.637067624381109,-1.18174313935299,1433,7,"SNRPE;SNRPG;SNRPF;SNRPB"
"GOCC_UBIQUINONE_BIOSYNTHESIS_COMPLEX",0.872608952869257,1,-0.36171977091144,-0.650804941922901,4424,6,"COQ3;COQ5"
"GOCC_UBIQUITIN_CONJUGATING_ENZYME_COMPLEX",0.960842188114915,1,-0.278951359549345,-0.532982199793724,4882,8,"UBE2B;UBE2N;UBE2A;UBE2V1;UBE2V2;STUB1;RNF40;RNF20"
"GOCC_UBIQUITIN_LIGASE_COMPLEX",1,1,0.100392379106667,0.376028774278407,4091,382,"CDC20B;ASB9;ASB4;KLHL31;SAMD11;RNF144B;DCAF12L1;FBXW10;TMEM183BP;FBXL8;CCIN;KLHL29;KLHL41;TIFA;FBXL22;DAW1;PRKN;FBXO27;RNF217;NEDD4;LMO7;KLHL5;SEL1L;RNF168;FBXO43;ZER1;UBR3;AMFR;PEX2;KLHL13;CBX7;IPP;KBTBD6;KLHL1;KBTBD7;KLHL15;KLHL14;FBXL7;DCAF11;KLHL6;FBXW9;USP47;FBXO25;KLHL36;MEGF8;CBX6;FBXL2;PEX12;RNF20;FAM8A1;FBXO36;RHOBTB2;FBXO41;DDB2;AMBRA1;GPR37;DCAF4;SPSB2;BCORL1;MED21;FBXO2;KBTBD3;MAVS;FBXW8;CUL4B;KLHL10;CUL7;PEF1;KLHDC10;FZR1;RNF144A;DTL"
"GOCC_UDP_N_ACETYLGLUCOSAMINE_TRANSFERASE_COMPLEX",0.928849702686077,1,0.304982897802331,0.602356796683733,4529,9,"HAS1;HAS2;EXT2;ALG13;EXT1"
"GOCC_UNCONVENTIONAL_MYOSIN_COMPLEX",0.231404958677686,1,-0.643520921752952,-1.22955198011323,1175,8,"MYO1F;MYL6;MYO6;MYL6B;DYNLL2"
"GOCC_UNIPLEX_COMPLEX",0.877538946953264,1,-0.357717999638924,-0.643604969098535,4449,6,"SMDT1;MCUB;MICU2;MCU;MICU1;MICU3"
"GOCC_VACUOLAR_MEMBRANE",1,1,0.177399410504733,0.676936556352605,3969,497,"ATP10B;FPR1;STING1;SLC66A1LP;ACP3;C3AR1;DAB2;IFITM1;EVA1A;PLD1;CYBRD1;RAB37;CD1D;RUBCNL;OCA2;SLC7A14;TMBIM1;ATP6V0D2;SLC30A4;RNF183;TRPM2;LAPTM5;AHNAK;IRAG2;CP;FFAR4;NFAM1;CUBN;ELAPOR1;PCSK9;CD68;RILP;SLC30A10;ANXA2;ABCA13;ANXA6;EEF1A2;IFITM2;DRAM1;ARRB1;LITAF;SLCO4C1;TM6SF1;VLDLR;TMEM106B;VASN;TMEM63C;CTSA;UVRAG;GPR137B;GLMP;GPLD1;UBXN6;TMEM63A;PRCP;GPR137C;ITM2C;TLR9;OSBPL10;ABCD1;CTSD;ATP13A2;CLN5;MAGT1;AZU1;MAP1LC3C;ENPP1;SCARB2;TMEM45B;GBA1;HLA-DPA1;ATP6AP2;CD164;CHMP2B;GNB4;CLCN5;LNPEP;VPS41;VPS35;B4GALT1;AP5B1;SYNGR1;TMEM150C;ATP6AP1;CPNE3;NSF;LAMP2;SLC36A1;CYB561;SLC30A3;AP2A1;TEX264;LMBRD1;ATP6V1C1;CLCN3;CTNS;ATP6V0A4;GOPC;SNAP29;STOM;PLAAT3;HGSNAT;GPR155;ATG9A;TAB2;ATP6V0D1;SLC31A2;TFEB;SLC35F6;HLA-DPB1;MFSD1;IFITM3;TMEM192;LAMP3;TRIM23;PSAP;RNF13;NPRL3;CHMP4C;PIP4P2;DTX3L;LYN;GRN;ATP6V1H;MARCHF8;CLTC;EEF1A1;SNX14;SIDT2;ATP6V0A1;SLC12A4;SLC48A1;FNIP1;SPNS1;PPT1;RNF152;RRAGC;MROH1;LRP1"
"GOCC_VACUOLE",0.633893557422969,1,0.2460233397594,0.970166077275994,2262,845,"IFI30;CTSF;OGN;ACAN;ATP10B;CRYAB;FPR1;CD1E;TYR;STING1;NCF1;OMD;C3;ACP5;NEU4;NCF2;BPI;SLC66A1LP;ACP3;CD34;LUM;C3AR1;AKR1B10;DAB2;IFITM1;DCN;EVA1A;LRRK2;PLD1;KERA;BGN;SERPINA3;PRELP;CYBRD1;RAB37;RAB7B;TRIM29;TTR;SLCO2A1;NCF4;CD1D;RUBCNL;OCA2;PDGFRB;CTSS;SLC7A14;TMBIM1;ATP6V0D2;MST1R;SLC30A4;RNF183;RASEF;TRPM2;ACE;LAPTM5;AHNAK;IRAG2;CP;FFAR4;PDE1C;CHIT1;RAB38;NFAM1;CUBN;PRKCD;TICAM1;ELAPOR1;MLC1;ARSD;LYZ;CPQ;PCSK9;NAAA;CD68;FMOD;RILP;LIPA;SLC30A10;VCAN;ANXA2;GLB1L3;HAP1;ABCA13;FUT10;SIAE;HAS2;ANXA6;EEF1A2;AGA;DNAJC3;IFITM2;DRAM1;SLC2A13;ARRB1;LITAF;SLCO4C1;TM6SF1;RAMP2;VLDLR;TMEM106B;VASN;TMEM63C;CTSA;BCAN;GLB1L;UVRAG;SRPX;PIP4K2A;GPR137B;GLMP;GPLD1;UBXN6;TMEM63A;SDC3;PRCP;GLB1;GPR137C;PLA2G15;TOM1L1;ITM2C;TLR9;OSBPL10;MARCHF3;STS;ABCD1;CTSD;CTBS;RAB9B;ATP13A2;TPP1;NSG2;ATG9B;CLN5;UNC93B1;GPC4;PEG3;GNS;MAGT1;AZU1;ARSB;MAP1LC3C;HSPG2;ENPP1;SCARB2;GYG1;CSPG5;TMEM45B;GBA1;HLA-DPA1;ATP6AP2;CD164;GPC6;CHMP2B;GNB4;TCN2;CLCN5;LNPEP;FUCA1;CXCR4;CTSK;CALCRL;VPS41;VPS35;MAN2B2;B4GALT1;NCOA4;SIDT1;AP5B1;CSPG4;VAMP4;CTSB;SYNGR1;ANK3;HCK;TMEM150C;ATP6AP1;CPNE3;NSF;LAMP2;SLC36A1;SQSTM1;CYB561;SLC30A3;AP2A1;TEX264;LMBRD1;ATP6V1C1;CLCN3;CTNS;DNASE2;ATP6V0A4;MAN2B1;NAGA;PSEN2;CTSC;GOPC;SNAP29;STOM;PLAAT3;SGSH;HGSNAT;GPR155;ATG9A;TAB2;ATP6V0D1;SLC31A2;TFEB;HEXB;SLC35F6;HLA-DPB1;GM2A;MFSD1;SMPD1;IFITM3;NSG1;TMEM192;LAMP3;TRIM23;PSAP;RNF13;NPRL3;CHMP4C;PIP4P2;DTX3L;SNX16;TAX1BP1;LYN;GNPTAB;GRN;ATP6V1H;ULK2;RAP2A;TINAGL1;IDS;MARCHF8;CLTC;TBC1D5;RFFL;EEF1A1;SNX14;SIDT2;ATP6V0A1;SLC12A4;SLC48A1;ASAH1;FNIP1;SPNS1;PPT1;RNF152;GALC;RRAGC;MROH1;LRP1;BACE1;AMBRA1;GRIN2B;SURF4;GNAI1;SLC22A17;SFTPD;RAB30;CALR;TMEM97;PLD3;SNX6;KICS2;PRTN3;RNASET2;PCYOX1;IFNAR1"
"GOCC_VARICOSITY",0.942764359650903,1,0.300393972880302,0.557313982969014,4644,7,"CRH;DAGLA;CRHBP"
"GOCC_VCP_NPL4_UFD1_AAA_ATPASE_COMPLEX",0.980315767890096,1,0.24732774808609,0.488484931914761,4780,9,"RNF125;VCP;FAF2;FAF1"
"GOCC_VESICLE_COAT",0.999811106913487,1,-0.180441587617322,-0.53802047479848,5292,66,"AP1M2;MYCBPAP"
"GOCC_VESICLE_LUMEN",0.944757995553275,1,-0.237219648403558,-0.844816532418436,5523,288,"LTF;LRG1;FCN1;S100P;CHI3L1;HCRT;FGR;SERPINF2;SERPINA1;AHSG;SERPINE1;HK3;PLAC8;ARHGAP9;HP;KNG1;LEFTY2;POMC;MVP;GSDMD;HSPA6;PRF1;CRACR2A;ALB;EGF;FGG;GMFG;FERMT3;FRK;TGFB1;CLEC3B;ARHGAP45"
"GOCC_VESICLE_MEMBRANE",1,1,0.186398614310476,0.749745737665148,3339,1225,"SLC6A2;ATP10B;GPNMB;CLEC5A;FPR1;SIGLEC5;MLANA;ANXA8;AREG;AQP7;TYR;GPRC5A;STING1;WNT1;MOXD1;ITGAX;FGD2;SLC35D3;CD8B;ITPR3;AQP6;SLC9A4;ANXA2P2;SLC18A1;ACP3;SLC6A4;CEMIP;WNT3A;NOSTRIN;TH;BACE2;GPER1;C3AR1;DAB2;RPH3A;MYO5B;PKP1;ECE2;SLC26A7;LRRK2;PLD1;LHFPL2;CD36;SV2B;SEC16B;FLRT1;PTPRB;COLEC12;HSD17B6;OPRD1;RAB20;SLC18A2;RAB37;RAB7B;STAB2;PHF24;GAD2;RASSF9;WNT5A;NCF4;CD1D;OCA2;SPHK1;C5AR1;SLC2A5;ATP13A4;SERPINA5;ITGB3;ALDH3B1;GABRA1;TMBIM1;ATP6V0D2;SLC30A4;TYROBP;SLC17A8;CHRM2;TRPM2;DKK1;TGFA;IRAG2;TMC6;GBP1;GRIN2A;FFAR4;MCTP2;TMEM72;SLC5A7;NTRK2;SLC35F1;COPZ2;LDLRAD4;SLC30A8;CD4;TEKT3;WLS;ACE2;CR1;RAB38;GABRA2;NFAM1;SLC6A17;DSE;SCNN1B;TICAM1;GRB14;ELAPOR1;GRIA1;STEAP3;CRYZL2P-SEC16B;RHOD;CA4;SLC15A2;KIAA0319;CX3CR1;ROR2;EPGN;PCSK9;SYT2;SIRPB1;CD109;SH3KBP1;AMN;SYN2;SERPINB6;CD68;RET;RILP;RAB27B;ABCA4;LGALS3;SLC30A10;APOE;DMBT1;ANXA2;EHD2;SGSM1;OPRK1;ABCA13;SNX22;TAPBP;RAB34;FZD4;GABRG2;EGFR;ZFYVE28;STEAP1;FCER1G;ANXA6;SV2C;SELL;FCGRT;IFITM2;SLC9B2;SLA2;EPHB1;STON1;PLPP2;IRAK2;PRKN;GRIA2;PTPRN;SLC9A6;ARRB1;DYSF;PTPRJ;LITAF;SLCO4C1;SEC24D;TYRP1;SLC32A1;CAMK2D;TMEM106B;WNT4;HLA-B;TBC1D10C;CFAP65;GAD1;EPN3;KDELR3;PMEPA1;SLC9A7;SNX10;ADCY8;SH3GL2;SLC1A1;CNIH3;CAMK2A;CD55;KIFC3;TMEM67;UBXN6;MR1;ATP8A2;INPP5F;SLC39A4;PAM;TMEM63A;ARHGAP26;PRCP;PLIN3;TOM1L1;YIPF2;KCNH1;TMED3;TLR9;SNX24;RAB11FIP5;MARCHF3;RAB13;PTPRC;SYN3;APLP2;SLC18B1;CTSD;RAB9B;ATP13A2;UNC13C;LDLRAP1;NSG2;ATG9B;PACSIN2;ZDHHC2;SH3BP5;CANX;MAGT1;AZU1;AQP4;SYT9;SYT13;ATP8B4;DIPK2A;PCDH7;SCARB2;ATP7A;CSPG5;ATP8B3;TMEM45B;HLA-DPA1;ATP6AP2;CD164;SIRPA;SLC9A9;GOLIM4;CHMP2B;MLEC;CLCN5;GJA1;HLA-E;GBP2;WNT3;LNPEP;RAB3B;SYN1;VPS41;VPS35;AGPAT2;B4GALT1;RHOB;CD59;IQGAP1;RAB32;RAB43;VAMP4;ERBB2;NDE1;SYNGR1;PI4K2B;ATP9A;ADGRG3;CLBA1;THSD1;ITM2B;FER1L5;EHD3;DAGLA;ATP6AP1;CPNE3;USP8;SNX2;LAMP2;TMED10;WFS1;ITPR2;CYB561;SLC30A3;AP2A1;CNGB1;ARFGEF3;ATP6V1C1;RIPK1;CLCN3;CTNS;AMPH;PTPRN2;TMEM108;RABGEF1;ATP6V0A4;GRIA4;KDELR2;SPARC;RHOQ;SYPL1;GOPC;SNAP29;STOM;SLC35G2;RAB31;HGSNAT;ATG9A;TAB2;ATP6V0D1;SLC31A2;UEVLD;VPS37B;HLA-DPB1;CAMK2B;CALY;GDE1;ZFYVE16;IFITM3;NSG1;LAMP3;PSAP;RNF13;KCNAB2;CHMP4C;MDM2;PIP4P2;ITGA2B;DTX3L;SNX16;ACAP1;AQP11;LYN;RHOV;SCAMP1;ATP6V1H;ULK2;EHD4;RAP2A;RHOBTB2;EHD1;ATP2B1;STOML1;MOSPD2;MARCHF8;CLTC;TBC1D5;RFFL;SPPL3;SNX14;KIF13A;ATP6V0A1;SLC48A1;WASHC2C;KIF16B;NAPEPLD;ZPLD1;ANO6;PPT1;MCFD2;WDR44;LRP1;ANTXR1;BACE1;TAP1;VAMP3;EPN2;AKAP5;SNX21;SLC18A3;ITCH;SURF4;COMMD9;GPR89A;NDFIP1;RAB18;PDIA3"
"GOCC_VESICLE_TETHERING_COMPLEX",0.981132075471698,1,0.229491347443185,0.698565280146885,4575,67,"EXOC3L4;TRAPPC9;HOOK1;VPS41;COG6;NBAS;EXOC4;TRAPPC3L;VPS51;EXOC2;VIPAS39;VPS53;VPS18;EXOC8;HOOK3;STX17;MYRIP;VPS39;VPS54;TMEM115;RAB10;VPS8;COG5;EXOC6;EXOC6B;TRAPPC11;TRAPPC3;TGFBRAP1;SH3BP1;COG4"
"GOCC_VOLTAGE_GATED_CALCIUM_CHANNEL_COMPLEX",0.558891902363425,1,-0.340611829341121,-0.939670520150094,2884,42,"RYR1;CACNA1F;CACNA2D4;STAC3;CATSPER4;CATSPERZ"
"GOCC_VON_WILLERBRAND_FACTOR_A_DOMAIN_RICH_COLLAGEN_TRIMER",0.637913537649685,1,0.471884832543234,0.875477004434204,3142,7,"COL6A3;COL6A6;COL6A2;COL28A1"
"GOCC_WASH_COMPLEX",0.342446043165468,1,0.496496433779152,1.09889222081211,1665,14,"RCSD1;WASHC2C;WIPF3;WASHC2A;CAPZA1;WASHC5;DNAJC13;WASHC3"
"GOCC_WEIBEL_PALADE_BODY",0.347783251231527,1,-0.605434065593692,-1.12306374702527,1764,7,"CRACR2A;EDN1;UNC13D"
"GOCC_WNT_SIGNALOSOME",0.137571545380213,1,0.607711250857147,1.32193374923013,672,13,"LRRK2;ADGRA2;WNT2;WNT3;FZD1;CTNNB1;LRP5;RECK"
"GOCC_X_CHROMOSOME",0.732955655401446,1,-0.401643042022423,-0.811376766412145,3751,10,"H2AZ1;LRIF1;MACROH2A1;PCGF3;FIRRE"
"GOCC_XY_BODY",0.563858414406955,1,0.411502571261961,0.92228501823964,2723,15,"SPDYA;HSF5"
"GOCC_ZONULA_ADHERENS",0.895325203252033,1,0.331672263748962,0.637193184357536,4404,8,"KIFC3;VCL;PLEKHA7;CTNNA1;NECTIN2;JUP"
"GOCC_ZYMOGEN_GRANULE",0.434049970947124,1,-0.449580111977024,-1.02058654178978,2240,16,"CUZD1;ZG16"
