"pathway","pval","padj","ES","NES","nMoreExtreme","size","leadingEdge"
"GOCC_CYTOSOLIC_SMALL_RIBOSOMAL_SUBUNIT",0.000153092467850582,0.165339865278628,0.776665253817837,1.87899687196321,0,39,"RPS4Y1;RPSA2"
"GOCC_RESPIRATORY_CHAIN_COMPLEX_IV",0.00157894736842105,0.568421052631579,-0.775288491904761,-1.78463262482868,5,20,"COX6A2;COX7A1"
"GOCC_SMALL_RIBOSOMAL_SUBUNIT",0.00142877553936277,0.568421052631579,0.616763218879169,1.63659676057161,9,72,"RPS4Y1;RPSA2"
"GOCC_TRIGLYCERIDE_RICH_PLASMA_LIPOPROTEIN_PARTICLE",0.00294261893084846,0.794507111329083,0.80075197146377,1.64081566525147,17,16,"APOA5;APOBR;APOC4;APOA2;APOM"
"GOCC_CYTOSOLIC_RIBOSOME",0.00376344086021505,0.812903225806452,0.534361555460596,1.50041015767133,27,114,"RPS4Y1;RPSA2;RPL9;EIF2AK4;RNF25;LTN1;RPS28;RPL26L1;RPLP0P6;RPL13A;RPL39;RPL37;RPL41;RPL38;RPL30;RPS18;RPS3;RPS2;RPL31;RPL23A;RPS25;RPS27L;HBS1L;RPS19;RPS27;RPL32;EEF1A1;RPL39L;RPS11;RPL22;RPS3A;ISG15;RPL3;RPL36;RPL35;RPS15A;RPL37A;RPS24;RPL7A;RPL18A;RPL21;RPL15;RNF14;RPS16;RPS13;RPS27A;RPLP2;RPS7;RPS10;RPS20;RPS21;RPS12;RACK1;RPL27;RPL4;RPS17;NEMF;RPL6;RPL26"
"GOCC_CHYLOMICRON",0.00618238021638331,0.915512856739192,0.870221272552901,1.57768745535125,35,9,"APOA5;APOBR;APOA2"
"GOCC_CYTOCHROME_COMPLEX",0.00678157671658661,0.915512856739192,-0.640053640192074,-1.65447414738196,23,35,"COX6A2;COX7A1"
"GOCC_EXTERNAL_SIDE_OF_PLASMA_MEMBRANE",0.00577408877661494,0.915512856739192,0.445592290268116,1.34983810462726,47,279,"IL9R;MR1;CD22;CD274;CD163;PRND;LY6G6C;CUBN;GLRA1;GRIA2;FCGR3A;CD226;CXCR6;SCNN1B;UMODL1;CD209;CD3E;FCRLB;SLC22A11;F2;IL5RA;PLG;VCAM1;CX3CR1;FCGR2C;CD33;IL2RG;STAB2;CLEC4D;IL31RA;CCR4;ITGAM;CD8A;CDH5;ITGB2;HLA-H;LRRC24;P2RX1;ITGAX;FCGR1A;CCR8;ACKR2;PTPRC;BTN2A3P;CLEC6A;THBD;FAS;CD36;CD200R1;CD34;CD1C;IL2RB;SCNN1G;BTN3A2;EPHA5;MPL;FCER1G;GP1BA;BTN3A3;MASP1;ULBP1;FCGR2A;RTBDN;SPA17;GFRA3;ASGR2;CDH13;ITGB3;ERMAP;MOG;COLEC11;ACKR3;ALCAM;P2RX7;HLA-G;LY75;GFRA1;CD79B;GHR;ATP1B2;ITGA2;TNFRSF13C;RTN4RL2;HLA-F;ABCB1;ENPEP;HLA-A;B2M;MASP2;CXCR4;TNFRSF11A;ENG;MICB;MUC16"
"GOCC_MYOSIN_COMPLEX",0.008,0.96,-0.558367214327983,-1.56350587937526,25,54,"MYO16;MYL1;MYH7B;MYL2;MYH4;MYO7B;MYL4;MYO1A;MYH11;MYO3A;MYH7;MYO15A"
"GOCC_3M_COMPLEX",0.945203018325548,1,0.345304708134669,0.556711270202168,5260,5,"ANKRA2;CUL7"
"GOCC_90S_PRERIBOSOME",0.999683444127889,1,0.21938610818823,0.500005173374621,6315,28,"PWP2;RRP7BP;WDR12;WDR3;HEATR1;MPHOSPH10;TBL3;RRP36;UTP20;UTP4;SRFBP1;NOC2L;BMS1;UTP18;NOP14;NOL6;IMP4;TSR1;KRI1;WDR36;BOP1;SLX9;NOP9;UTP6;RRP7A;PES1;IMP3;NOC4L"
"GOCC_9PLUS0_MOTILE_CILIUM",0.926284941388638,1,-0.322042389145147,-0.545061563438142,4108,5,"CFAP45;DNAH5;DNAH11"
"GOCC_9PLUS0_NON_MOTILE_CILIUM",0.0555037934247305,1,0.449118024463499,1.27697816355045,416,130,"RHO;PDE6A;GUCA1ANB-GUCA1A;PDE6C;SAG;GUCY2F;PRLHR;CNGB1;IMPG1;CACNA1F;PDC;DRD5;GNAT2;GRK7;ATP1A4;GALR2;PRPH2;GRK1;TULP1;RP1L1;RGS9BP;CNGA1;NPFFR1;PCDHB13;CEP250;RAB27A;NPY2R;CRB1"
"GOCC_9PLUS2_MOTILE_CILIUM",0.216159366493442,1,0.371109219426412,1.10593460309995,1746,220,"PCDH11Y;RSPH6A;CFAP206;NME8;RHO;TMEM232;CIMAP1A;CFAP144;SSX1;SPMIP10;TCP11X1;CCDC38;ADGB;PACRG;C11orf42;FSIP2;CFAP61;TACR1;CST11;CATSPERE;RSPH14;CFAP210;CFAP43;FLACC1;DNAJB13;ENKUR;ATP1A4;TTC29;AKAP3;SPACA9;CFAP74;EFHB;SAXO1;CFAP77;CFAP90;GSTM3;IQUB;SLC9B1;DRC3;SAXO2;DNAH3;TEKT5;CFAP57;MYCBPAP;QRICH2;TEKT2;SPA17;CATSPERG"
"GOCC_A_BAND",0.1740125930166,1,-0.451760168447542,-1.18679305436089,607,38,"KLHL40;MYL2;MYOM3;MYL4;MYBPC3;CRYAB;TRIM63"
"GOCC_ACETYLCHOLINE_GATED_CHANNEL_COMPLEX",0.255083655083655,1,-0.531483301019717,-1.16272445799695,990,16,"CHRNA2;CHRNA1"
"GOCC_ACETYLTRANSFERASE_COMPLEX",0.999612102404965,1,-0.220710543804451,-0.688765518220972,2576,113,"POTEKP;POTEI;ACTL8;ACTL6B;ACTG1;RBBP7;ACTB;TAF12;NAA10;ASF1A;SGF29;MSL3B;NAA20;SUPT20HL2;ACTL6A;TAF5;PDHA1;ING5;MORF4L2;YEATS4;WDR5;TADA2A;BRPF1;MRGBP;DMAP1;ZZZ3;NAA15;SF3B5;VPS72;SUPT7L;KAT7;MCRS1;TAF5L;ENY2;RUVBL2;PDK2;HAT1;DLAT"
"GOCC_ACROSOMAL_MEMBRANE",0.0361940888256678,1,0.641475391134039,1.45420711301823,228,27,"EQTN;DCST2;TEX101;SPACA4;PKDREJ;IZUMO1;SPACA6;HYAL3;ATP8B3;PCSK4"
"GOCC_ACROSOMAL_VESICLE",0.888357256778309,1,-0.270117163866526,-0.848653191490564,2227,120,"GLIPR1L1;LY6K;PLA2G10;SPACDR;TSSK1B;SPAG17;ACRV1;TCP11X2;DPEP3;CATSPER4"
"GOCC_ACTIN_BASED_CELL_PROJECTION",0.991783891447778,1,0.252269704080319,0.749317697933601,7966,213,"CUBN;STRCP1;CDHR5;SLC10A2;VCAM1;FABP2;ERMN;SCIMP;CA9;ANKS4B;MYO1G;CLIC5;PDZD7;TSPEAR;ATP8B1;ACP3;CEACAM1;AOC3;MTTP;CDHR2;GPM6A;MORN4;PDGFA;PIEZO2;ITGB3;ADGRA2;CALB2;TENM2;HLA-G;ACTA2;CRB1;SYTL1;INPPL1;PLEKHG6;PKHD1L1;EPS8;SLC26A2;FOXA1;MYO3B;RIPOR2;USH1C;FZD3"
"GOCC_ACTIN_CYTOSKELETON",1,1,-0.205497445009549,-0.733149861169975,1019,476,"MYO16;FSCN2;POTEKP;MYL1;MYH7B;MYL2;MYOT;MYH4;MYO7B;PGM5;MYL4;CATIP;TMSB15C;POTEI;ARHGAP6;MYO1A;CRYAB;ACTL10;MYH11;VIL1;RAC2;TNNT3;IFIT5;USH1G;ACTL8;TNNC2;TNNI1;ACTC1;ANXA1;MYO3A;PDLIM4;LCP1;ACTG2;MYH7;CLDN5;MYO15A;AFAP1L1;LPP;NEXN;RCSD1;APC2;CALB1;PDLIM7;SPTBN5;ASB2;MTSS2;VCL;PKNOX2;ARSJ;MYH2;CNN1;CALD1;ARHGAP36;ZYX;GAS2;TAGLN2;ACTG1;FGR;ACTB;INF2;DAPK1;IPP;CAPN2;ABLIM1;TPM2;CNN2;SHROOM2;DLC1;CASK;SYNPO"
"GOCC_ACTIN_FILAMENT",0.979865771812081,1,-0.252098072531223,-0.790398917052712,2481,118,"POTEKP;TMSB15C;POTEI;ARHGAP6;MYO1A;RAC2;ACTL8;ACTC1;ANXA1;MYO3A;PDLIM4;LCP1;RCSD1;APC2;PDLIM7;GAS2;ACTG1;ACTB;INF2;TPM2"
"GOCC_ACTIN_FILAMENT_BUNDLE",0.939513242662849,1,-0.263710953479036,-0.801154707708055,2624,93,"PGM5;CRYAB;VIL1;PDLIM4;LCP1;MYH7;AFAP1L1;LPP;PDLIM7;ASB2;CALD1;ZYX;GAS2;ABLIM1;CNN2;SYNPO;BAG3;GAS2L1;PXN"
"GOCC_ACTIVIN_RECEPTOR_COMPLEX",0.920782851817335,1,-0.315491982927673,-0.572605910680099,3951,7,"ACVR1B;TGFBR1;TGFBR2;ACVR1;ACVR2A;ACVR1C;ACVR2B"
"GOCC_ACTOMYOSIN",1,1,-0.202809906897428,-0.614539173307194,2826,91,"PGM5;PDLIM4;LCP1;MYH7;AFAP1L1;LPP;PDLIM7;ASB2;CALD1;ZYX;GAS2;ABLIM1;CNN2;SYNPO;BAG3;GAS2L1;PXN;FSCN1;DBN1;FHOD1;TRIP6;SHROOM4;MYLK;TLNRD1;SEPTIN9;ACTN4;CORO1B;PRICKLE4;SH2B2"
"GOCC_ADHERENS_JUNCTION",1,1,-0.189567081038089,-0.627817681163951,2056,195,"CDH10;PGM5;CDH19;TMEM204;TRIM29;ARHGAP24;ESAM;CDH17;PTPRM;CDH18;CDH15;DCHS2;DLG2;PKP1;ANXA1;PDLIM4;LYN;NEXN;FRMD4A;PDLIM7;CDH6;VCL;FAT2;ZYX;ACTB;MAGI1;WTIP;SHROOM2;MPP3;AJUBA"
"GOCC_AGGRESOME",0.38863901382642,1,0.558390119555408,1.07855215814307,2332,12,"UBD;HDAC6;PSEN1;TRIM37"
"GOCC_ALPHA_BETA_T_CELL_RECEPTOR_COMPLEX",0.755866900175131,1,0.456751760374551,0.786722198687447,4315,7,"CD3E;TRAC;TRBC2"
"GOCC_ALPHA_DNA_POLYMERASE_PRIMASE_COMPLEX",0.442741208295762,1,-0.629430558916856,-1.06532064126607,1963,5,"POLA1"
"GOCC_ALPHA_KETOACID_DEHYDROGENASE_COMPLEX",0.995287617809555,1,0.232997384212956,0.488048634292487,6124,18,"PDK1;DHTKD1;BCKDHB;OGDHL;KAT2A;BCKDHA;DBT;PDHX;PDHB;OGDH;ABHD11;DLD;KGD4;DLST;BCKDK;DLAT;PDK2"
"GOCC_ALVEOLAR_LAMELLAR_BODY",0.182432432432432,1,-0.721298489384216,-1.30912923540347,782,7,"SFTPB;NAPSA"
"GOCC_AMINOACYL_TRNA_SYNTHETASE_MULTIENZYME_COMPLEX",0.943377646479567,1,-0.300696073529977,-0.604857940627394,3831,11,"RARS1;KARS1;AIMP2;EEF1E1;MARS1;QARS1;EPRS1;AIMP1;IARS1;LARS1;DARS1"
"GOCC_AMPA_GLUTAMATE_RECEPTOR_COMPLEX",0.490223904131189,1,0.427303686027201,0.980097633009776,3108,29,"GRIA2;CACNG3;VWC2;GRID1;OLFM3;SHISA6;CACNG8"
"GOCC_AMPHISOME",0.94752774974773,1,-0.29666099415798,-0.619323498464903,3755,13,"LRRK2;CHMP6;CHMP1A;CHMP4B;CHMP4A;CHMP2B"
"GOCC_ANAPHASE_PROMOTING_COMPLEX",0.155128205128205,1,0.576381965518244,1.25357581488308,967,22,"CDC20B;ANAPC11"
"GOCC_ANCHORING_JUNCTION",1,1,0.201095353534808,0.643176040481432,9570,854,"HAVCR2;SGCA;CDH12;FBP2;RHO;CLDN34;ZAP70;GJA10;GJA9;CD3E;CLDN20;CCDC85A;FYB1;KCNA1;CLDN16;JAML;CDH20;PEAK3;ILDR2;GJD4;TRIM15;CDH5;GJB2;ITGB2;ARHGAP31;IGSF5;AKAP6;LPXN;FAM107A;MLC1;WAS;NPHS1;PTPRC;SCN4B;SRCIN1;CAV3;CEACAM1;CDH8;FBLN7;CLDN9;XIRP2;PARD3B;CDHR2;WNK4;DSG3;DLL1;HMCN1;NECTIN4;PKP3;LRRC7;FAT4;NRP1;CDH11;CADM1;TRPC6;KIRREL3;EFNA1;MYZAP;COL17A1;ACTN3;CDH13;ITGB3;LAMA3;TNS4;FRMD1;DAB2;SH3KBP1;CALB2;ALCAM;DDR2;P2RX7;CTNNA3;TENM2;APBB1IP;PRAG1;RIGI;ASH1L;CCN3;EPB41L3;ITGA2;CRB1;HPN;RHOU;CLDN4;JAG1;PLPP3;LAYN;SORBS2;DPP4;CLDN23;CLDN18;CDHR3;KLHL24;B2M;PDPK1;CXCR4;GJA5;FXYD1;ENG;FMN1;DSP;TJP3;AHNAK;FBF1;TLN2;CRB2;THSD1;MME;TMEM114;PDLIM3;SLC8A3;AJAP1;GJA3;PIK3R1;FERMT3;DIXDC1;EVPL;L1CAM;CLDN15;AVIL;PRKCG;LMO7;ANK2;RPL9;CGN;FAT3;S100A11;ADA"
"GOCC_ANKYRIN_1_COMPLEX",0.276083467094703,1,0.712707370861332,1.18839015587345,1547,6,"RHAG;GYPB;SLC4A1;ANK1;RHCE"
"GOCC_ANNULATE_LAMELLAE",0.47204688908927,1,-0.611020537950605,-1.03416140524925,2093,5,"EIF5A;TNPO3;BICD2;XPO1"
"GOCC_AP_1_ADAPTOR_COMPLEX",0.480987975300617,1,0.475881536364116,0.996806615198913,2959,18,"SLC18A3;AP1S1;SYNRG;CLBA1"
"GOCC_AP_2_ADAPTOR_COMPLEX",0.586040313176745,1,0.477299934341876,0.921923322489758,3517,12,"SLC18A3;TBC1D5;BTBD8"
"GOCC_AP_3_ADAPTOR_COMPLEX",0.784006734006734,1,0.407447659196653,0.771664935285726,4656,11,"AP3B2;VPS39;AP3S1;AP3S2;VPS41;AP3B1;AP3M1"
"GOCC_AP_TYPE_MEMBRANE_COAT_ADAPTOR_COMPLEX",0.995303741857294,1,0.23613686915486,0.578721317124021,6569,42,"SLC18A3;AP3B2;AP1S1;AP4B1;SYNRG"
"GOCC_APICAL_CORTEX",0.599824868651489,1,0.541622133089078,0.932905338016002,3424,7,"FABP2;INSC;PRKCZ"
"GOCC_APICAL_DENDRITE",0.438318512530315,1,0.483701170389389,1.02277910914029,2710,19,"SLC17A8;SEZ6;CPEB3;SLC4A10;HCN1;NEGR1"
"GOCC_APICAL_JUNCTION_COMPLEX",0.963233376792699,1,0.265878787326508,0.767176970240166,7387,150,"CLDN34;CLDN20;CLDN16;JAML;ILDR2;CDH5;IGSF5;CLDN9;PARD3B;WNK4;DSG3;RIGI;ASH1L;CRB1;CLDN4;CLDN23;CLDN18;TJP3;FBF1;CRB2;TMEM114;CLDN15;CGN;POPDC1;MPP7;CCDC88C;PMP22;C1QTNF5;NHS;CGNL1;ILDR1;TJP2;CLDN19;PARD6A;CLDN3;OCLN;AJM1;MAGI3;TJP1"
"GOCC_APICAL_PART_OF_CELL",0.310695905124189,1,0.336575378510099,1.05115226419822,2776,463,"CHL1;EDAR;SLC34A3;CUBN;CEACAM6;ABCB5;AQP2;CEACAM7;SLC22A4;SCNN1B;SLCO2B1;CDHR5;SLC28A3;SLC12A3;SLC22A11;ATP4B;MGAM2;KL;SLC34A1;SLC10A2;VCAM1;FABP2;CYP4A11;ATP6V0D2;SLC17A3;REN;DRD5;C5AR1;OTOA;PTH1R;DUOX1;ANKS4B;CASR;CLIC5;MGAM;IGSF5;TF;MLC1;ATP8B1;ACY3;ZMYND10;KIAA1614;ACP3;ADCY8;PDZK1P1;CD36;CD34;TRPA1;CEACAM1;SCNN1G;PARD3B;MTTP;CDHR2;DLL1;NIN;SLC12A1;SCIN;GABRP;RAB27B;ACTN3;ITGB3;FN1;DNAAF11;DDR2;SCNN1D;PTCH1;SLC7A9;CFTR;SLC6A20;RAB27A;ATP1B2;CRB1;HPN;SLC34A2;CLDN4;JAG1;TMPRSS15;SORBS2;SLC36A1;DPP4;P2RX2;ABCB1;SLC4A10;ENPEP"
"GOCC_APICAL_PLASMA_MEMBRANE",0.358157256667821,1,0.33639029812436,1.03752789229235,3101,367,"SLC34A3;CUBN;CEACAM6;ABCB5;AQP2;CEACAM7;SLC22A4;SCNN1B;SLCO2B1;CDHR5;SLC28A3;SLC12A3;SLC22A11;ATP4B;KL;SLC34A1;SLC10A2;CYP4A11;ATP6V0D2;SLC17A3;DRD5;OTOA;PTH1R;DUOX1;CASR;CLIC5;MGAM;IGSF5;TF;MLC1;ATP8B1;ACY3;ZMYND10;KIAA1614;ADCY8;PDZK1P1;CD36;CD34;TRPA1;CEACAM1;SCNN1G;PARD3B;MTTP;CDHR2;DLL1;SLC12A1;GABRP;RAB27B;ITGB3;FN1;DDR2;SCNN1D;SLC7A9;CFTR;SLC6A20;RAB27A;ATP1B2;CRB1;HPN;SLC34A2;CLDN4;JAG1;SORBS2;SLC36A1;DPP4;P2RX2;ABCB1;SLC4A10;ENPEP"
"GOCC_APICOLATERAL_PLASMA_MEMBRANE",0.965561843168957,1,0.290181090858439,0.61358370780585,5971,19,"CLDN4;CRB2;TMEM114;FZD6;CLDN3;OCLN;NEDD4;MPDZ"
"GOCC_APOLIPOPROTEIN_B_MRNA_EDITING_ENZYME_COMPLEX",0.702838663312972,1,0.525858173131608,0.84780532849299,3911,5,"A1CF;APOBEC3G"
"GOCC_ARP2_3_PROTEIN_COMPLEX",0.320163815947964,1,-0.575740373995313,-1.13359647181737,1328,10,"ARPC5L;ARPC5;ARPC4;ARPC3;ARPC1B;ACTR3;ACTR2;ACTR3B;ARPC2"
"GOCC_ARYL_HYDROCARBON_RECEPTOR_COMPLEX",0.448383192114819,1,0.590921344051173,1.04843018521814,2592,8,"AHRR;AHR;BMAL1"
"GOCC_ASTER",0.935858585858586,1,0.326616159673884,0.61857819533177,5558,11,"CCSAP;NUMA1;FAM161A;PAFAH1B1;KIF18A;MAP9;DYNLT3;MAPRE1;MAPRE3;MISP;KIF18B"
"GOCC_ASTROCYTE_END_FOOT",0.193983934370193,1,0.676584691735736,1.25311207896851,1134,10,"SLC17A8;MLC1;GFAP;ATP1B2;ADGRG1;AQP4"
"GOCC_ASTROCYTE_PROJECTION",0.193808448887456,1,0.572251313961733,1.22293036555026,1201,20,"SLC17A8;MLC1;SLC1A2;GFAP;ATP1B2;GRM5;ADGRG1;AQP4"
"GOCC_ASYMMETRIC_GLUTAMATERGIC_EXCITATORY_SYNAPSE",0.142996425089373,1,0.613378215024685,1.28481442467162,879,18,"NLGN4Y;PLXNC1;SHISA6;ADGRB3;C1QL2"
"GOCC_ATAC_COMPLEX",0.996178343949045,1,-0.209576923076923,-0.444870031292474,3909,14,"SGF29;WDR5;TADA2A;ZZZ3;TADA3;YEATS2;DR1;POLE3;KAT14;MBIP;MAP3K7;KAT2A;KAT2B;POLE4"
"GOCC_ATG1_ULK1_KINASE_COMPLEX",0.906375918464091,1,-0.337152964700454,-0.628025803491499,3823,8,"ATG101;C9orf72;ATG13;RB1CC1;ULK1;TBC1D5;SESN2;SMCR8"
"GOCC_ATG12_ATG5_ATG16_COMPLEX",0.937756375958623,1,0.342448534656506,0.571009202538836,5257,6,"WDFY3;ATG16L1;ATG3;ATG12;ATG16L2"
"GOCC_ATP_BINDING_CASSETTE_ABC_TRANSPORTER_COMPLEX",0.120407679544916,1,-0.733403574938745,-1.36613471527282,507,8,"ABCG8"
"GOCC_ATPASE_COMPLEX",0.997855917667238,1,-0.231684107034171,-0.747806346284559,2326,150,"EP400P1;MYOD1;CHD5;SPAAR;ACTL6B;ATP6V0A4;PEX26;VMA12;DPF1;RB1;RBBP7;ACTB;AFG2B;NCR1;ATP6V1C1;DERL2;INO80;SMARCA1;SMARCA4;ACTL6A;ATP6V0A2;CDK2AP1;SMARCE1;AIRIM;ATP6V1D;ATP6V1E1;DMAP1;BICRA;DPF2;BCL7A;UBXN6;VPS72;BCL7C;MCRS1;BRD7"
"GOCC_ATPASE_DEPENDENT_TRANSMEMBRANE_TRANSPORT_COMPLEX",0.992071043450682,1,-0.236038099513984,-0.673861400182547,3127,61,"ABCG8;PLN;FXYD2;SPAAR;ATP6V0A4;CHP2;VMA12;FECH;ATP6V1C1;ABCC8;ATP1A3;TESC;SLC9A3;ABCB7"
"GOCC_AUTOLYSOSOME",0.991616452711554,1,-0.22488940180804,-0.511149030746917,3784,19,"LRRK2;MAP1LC3A;FTH1;CLN3;C9orf72;GAA;PLEKHM1;FTL;SQSTM1;LAMP2;NCOA4;RAB30;LAMP1;RAB39B;RAB39A;PIK3C3;HLA-DRB1;STX17;HLA-DRA"
"GOCC_AUTOLYSOSOME_MEMBRANE",0.559369527145359,1,0.559455624637196,0.963622250129277,3193,7,"HLA-DRA;STX17;HLA-DRB1;RAB39A;RAB39B;RAB30"
"GOCC_AUTOPHAGOSOME",0.0443912812333865,1,0.459233492318353,1.3022788832527,333,125,"PEG3;STING1"
"GOCC_AUTOPHAGOSOME_MEMBRANE",0.999682136045772,1,-0.204843287474173,-0.589436641146508,3144,63,"IRGM;TMEM150B"
"GOCC_AXOLEMMA",0.918350447167936,1,0.333897258136838,0.654469255780625,5544,13,"SLC1A2;EPB41L3;ANK1;ROBO2"
"GOCC_AXON",1,1,0.189794438995977,0.600386387312786,9235,630,"GAD2;EVX1;UNC13C;IL1RAPL1;ZNF804A;TH;GAD1;HTR2A;GHRH;SLC17A8;SCN2B;SLC18A3;KCNA1;CNGB1;CNTN5;ERMN;CNTN6;CRH;IL31RA;GRM7;POTEE;NTS;POTEF;CASR;NPFF;SYBU;ALDH1A1;SLC1A2;ADCY8;SRCIN1;ANG;CPNE6;CALCR;CPLX3;TRPA1;NPY;CDH8;SLC32A1;EPHA5;SLC6A2;AGBL4;ELAVL4;TULP1;ADRA2A;SCN2A;GPM6A;NIN;ATP2B3;GLDN;STMN2;LRRC7;SNAP25;NRP1;DGKI;KIRREL3;RAB27B;SYNJ1;DSCAM;PRKCB;LRRTM1;CALB2;ALCAM;TENM2;PTCH1;P2RX3;GFRA1;NEFL;EPB41L3;ITGA2;C4B;INPP5F;RTN4RL2;ROR2;SLC4A10;KLHL24;NRGN;KIF13B;GRIK3;VPS16;HAPLN2;MME;NTRK3;AP3B2;SLC8A3;COBL;SLC8A2;EPS8;MBP;SARM1;HCN1;L1CAM;AVIL;FEZ1;PRKCG;KCNAB2;ROBO1;AP1S1;RGS7BP;UNC80;FZD3;CCSAP;NRCAM;HMCN2;PRSS12;KIF3A;MYH14;ROGDI;BSN;LRIG2;AAK1;TENM3;ITGA4;TRIM46;OPRK1;DSCAML1;ANK1;SPTBN4;CHRNA10;FLRT3;FSCN3"
"GOCC_AXON_CYTOPLASM",1,1,0.116763005780347,0.30450748672744,6873,64,"SYBU;AGBL4;RAB27B;NEFL;AP3B2;KIF3A;TRIM46;BLOC1S2;HDAC6;TMEM108;KIF5A;DST;SPAST"
"GOCC_AXON_HILLOCK",0.9419795221843,1,-0.298780082103032,-0.525626707349101,4139,6,"MAP2;NDEL1"
"GOCC_AXON_INITIAL_SEGMENT",0.937847130388786,1,-0.295050843873448,-0.684851436922085,3545,21,"LGI1;SCN1A;PRICKLE2;KCNA2;MAP2;MAP1A;NFASC"
"GOCC_AXONAL_GROWTH_CONE",0.999681883251153,1,0.186509362179847,0.416087560857516,6284,25,"GPM6A;NIN;PTCH1;COBL;L1CAM;FLRT3;MYO9A"
"GOCC_AXONEMAL_A_TUBULE_INNER_SHEATH",0.188401924104757,1,-0.511153078277188,-1.21025924116097,704,23,"CIMIP2A;SPMIP9;RIBC1;MNS1;TEKT4;CFAP161;CFAP53;PIERCE1;SPAG8"
"GOCC_AXONEMAL_B_TUBULE_INNER_SHEATH",0.0664843616475816,1,0.754365580728678,1.39717116381111,388,10,"CFAP144;SPMIP10;PACRG;CFAP210;ENKUR;CFAP77;CFAP90"
"GOCC_AXONEMAL_CENTRAL_APPARATUS",0.303122087604846,1,-0.651613173651142,-1.18265304635395,1300,7,"SPAG17;HYDIN;CFAP65"
"GOCC_AXONEMAL_DOUBLET_MICROTUBULE",0.446988322065151,1,0.417933785612842,1.00678307720965,2908,38,"CFAP206;CFAP144;SPMIP10;PACRG;CFAP210;ENKUR;SPACA9;EFHB;CFAP77;CFAP90;DRC3;TEKT5;TEKT2"
"GOCC_AXONEMAL_DYNEIN_COMPLEX",0.969584765934938,1,-0.268125862276272,-0.622355047846053,3665,21,"DNAI3;DRC1;DNAL1;DNAH12;DNAH1"
"GOCC_AXONEMAL_MICROTUBULE",0.374211000901713,1,0.423289191766943,1.05084585613881,2489,46,"CFAP206;CFAP144;SPMIP10;PACRG;CFAP210;ENKUR;SPACA9;EFHB;SAXO1;CFAP77;CFAP90;SAXO2;TEKT5;TEKT2;CIMIP2B"
"GOCC_AXONEMAL_NEXIN_LINK",0.360154179715731,1,-0.555387176366029,-1.09352230980812,1494,10,"TCTE1;DRC1;IQCD;GAS8"
"GOCC_AXONEME",0.90772478887233,1,0.278379533782008,0.82781260212627,7308,215,"RSPH6A;CFAP54;CFAP206;NME8;CFAP144;SPMIP10;PACRG;NME9;CFAP61;C1orf87;CFAP44;RSPH14;CFAP210;CFAP43;DNAJB13;ENKUR;SPACA9;CFAP74;KIF19;EFHB;SAXO1;CFAP77;CFAP90;CCDC17;IQUB;DRC3;RP1L1;SAXO2;CCDC40;DNAH3;TEKT5;CFAP57;MYCBPAP;TEKT2;ODAD1"
"GOCC_AZUROPHIL_GRANULE",0.778727320536419,1,0.303343214931731,0.868413535223123,5922,137,"ARG1;CEACAM6;MPO;PRSS57;SERPINB3;HRNR;IRAG2;HLA-H;NFAM1;ACP3;AZU1"
"GOCC_AZUROPHIL_GRANULE_LUMEN",0.267910554052129,1,0.415023649771084,1.10939922525779,1880,76,"ARG1;MPO;PRSS57;SERPINB3;HRNR;AZU1"
"GOCC_AZUROPHIL_GRANULE_MEMBRANE",0.660074165636588,1,-0.319497383251061,-0.897779557349142,2135,55,"PIGR;RAB44;CD68;GLIPR1"
"GOCC_B_CELL_RECEPTOR_COMPLEX",0.988110481068228,1,0.284607202017122,0.438864822285026,5401,4,"CD79B;LIME1"
"GOCC_B_WICH_COMPLEX",0.773880066366438,1,-0.407367530569869,-0.758816761198556,3264,8,"BAZ1B;DDX21;MYBBP1A;SMARCA5;SF3B1;ERCC6;DEK;MYO1C"
"GOCC_BARR_BODY",0.829124004550626,1,-0.389687788372808,-0.685555434802774,3643,6,"FIRRE;H2AZ1;LRIF1;MACROH2A1;SMCHD1;MACROH2A2"
"GOCC_BASAL_CORTEX",0.772542831379621,1,-0.434272751739782,-0.735013131812237,3426,5,"PHLDB2;PKD2;PHLDB1;CLASP2;CLASP1"
"GOCC_BASAL_DENDRITE",0.36900303192438,1,0.671465594077011,1.11962235081766,2068,6,"SLC17A8;SLC4A10"
"GOCC_BASAL_PART_OF_CELL",0.995555021624219,1,0.248215122947792,0.75322929137855,8286,289,"SLC14A1;AQP2;SLC22A4;SLCO2B1;SLC22A11;ERBB4;TSHR;BEST2;C5AR1;SLCO6A1;LPO;PTH1R;CA9;SLC6A12;CASR;TF;MLC1;ADCY8;NAIP;CD34;SLC26A1;CEACAM1;MTTP;SLC4A4;SCN3A;ADRA2A;HPGD;LRRC7;BEST1;CADM1;SLC51B;SLC16A7;SLC39A5;SLCO1B1;CFTR;ITGA2;CLDN4;PLPP3;CLCNKB;SLC4A10;INPPL1;DSP;SLC4A1;AJAP1;SLC8A2;HCN1;ANK2;AQP4;SLC22A5;KCNJ4;CHRM3;SLC39A8;CA11;LEPR;ATP1B1;ANK1;SLC16A12;SLCO4C1;NKD2;ATP2B4;ABCC6;SLC12A6;NOD2;SLC26A11;CNNM4;PDGFB;CLDN19;NDRG4;TACSTD2;ITGB4;CTNNA2;CNNM2;PDPN;SLC6A6;AQP7;SLC51A;EGFR;SLC7A7;PKD1;ITGA3;CA4;TJP1;WASF2;ITGA9;SLC38A3;SLC46A1;SLCO1A2;LRP1"
"GOCC_BASEMENT_MEMBRANE",0.977116073890267,1,0.262684046383925,0.724343870036828,7087,97,"VWC2;COL13A1;ANG;NTN1;COL8A1;HMCN1;VTN;SMOC2;COL17A1;LAMA3;FN1;COL22A1;COL28A1;ACTA2;THBS2;PAPLN;LAMA4;FBN1;SMOC1;FRAS1;THBS4;CCDC80;ANXA2P2;LAMA5;VWA2;HMCN2;COL4A1;CD151;PXDN;HSPG2;COL4A2;LAMB2;ITGB4;NID1;COL4A3;RELL2;DST;ENTPD2"
"GOCC_BASOLATERAL_PLASMA_MEMBRANE",0.999632533072023,1,0.228203181133985,0.684965061347677,8160,243,"SLC14A1;AQP2;SLCO2B1;ERBB4;TSHR;BEST2;C5AR1;SLCO6A1;LPO;PTH1R;CA9;SLC6A12;CASR;MLC1;ADCY8;NAIP;SLC26A1;MTTP;SLC4A4;ADRA2A;HPGD;LRRC7;BEST1;CADM1;SLC51B;SLC16A7;SLC39A5;SLCO1B1;CFTR;PLPP3;CLCNKB;SLC4A10;DSP;SLC4A1;AJAP1;SLC8A2;HCN1;ANK2;AQP4;KCNJ4;CHRM3;SLC39A8;CA11;LEPR;ATP1B1;ANK1;SLC16A12;SLCO4C1;NKD2;ATP2B4;ABCC6;SLC12A6;NOD2;SLC26A11;CNNM4;PDGFB;CLDN19;NDRG4;CTNNA2;CNNM2;PDPN;SLC6A6;AQP7;SLC51A;EGFR;SLC7A7;PKD1;ITGA3;CA4;TJP1;WASF2;SLC38A3;SLC46A1;SLCO1A2;LRP1"
"GOCC_BBAF_COMPLEX",0.850397494579619,1,-0.359949716247197,-0.708718281363413,3529,10,"ACTL6B;ACTB;SMARCA4;SMARCE1"
"GOCC_BBSOME",0.984437143351202,1,0.25699618846765,0.455970264381178,5692,8,"BBS1;BBS2;BBS9"
"GOCC_BCL_2_FAMILY_PROTEIN_COMPLEX",0.803420862442785,1,-0.377275400344596,-0.742831460240103,3334,10,"BCL2L11;BAD;BAK1"
"GOCC_BETA_CATENIN_DESTRUCTION_COMPLEX",0.511877969492373,1,-0.468868904109383,-0.961983169518173,2046,12,"DACT1;APC2;GSK3A;CACYBP"
"GOCC_BETA_CATENIN_TCF_COMPLEX",0.919021190716448,1,-0.317295488635053,-0.662401043407633,3642,13,"TLE1;LDB1;LEF1;TCF7L1;TCF7L2;CTNNB1;TCF7;TCF4;BCL9;PYGO2;TLE3;TLE4;BCL9L"
"GOCC_BLEB",0.528593508500773,1,0.537620271432625,0.974690903031474,3077,9,"PTPRC;P2RX7;PANX1;TPM1"
"GOCC_BLOC_1_COMPLEX",0.998519249753208,1,0.201398534435755,0.406591401176064,6068,15,"SNAP25;STX12;BLOC1S2;BCAS4"
"GOCC_BLOC_COMPLEX",0.99871009351822,1,0.195622163451614,0.418054582004178,6193,20,"SNAP25;STX12;BLOC1S2;HPS3;BCAS4;HPS4"
"GOCC_BLOOD_MICROPARTICLE",0.616492617933021,1,-0.307843143955699,-0.936500630429018,1711,94,"PZP;PON1;HBE1;SERPINC1;HBG2;FGA;JCHAIN;HRG;C3;HSPA6;C4A;ORM2;CFHR3;FCN3;ITIH4;KNG1;ACTC1;IGLC1;GC;IGKC"
"GOCC_BORC_COMPLEX",0.969220127961266,1,0.285088056602323,0.505811690499995,5604,8,"BLOC1S2;BORCS5;SNAPIN;BORCS6"
"GOCC_BOX_C_D_RNP_COMPLEX",0.664163822525597,1,-0.478122116271916,-0.841132889173408,2918,6,"RRP9;FBL;FBLL1;NOP58;NOP56;SNU13"
"GOCC_BOX_H_ACA_RNP_COMPLEX",0.213480613165014,1,-0.759754122444213,-1.28589522300858,946,5,"TERC"
"GOCC_BOX_H_ACA_TELOMERASE_RNP_COMPLEX",0.213480613165014,1,-0.759754122444213,-1.28589522300858,946,5,"TERC"
"GOCC_BRAHMA_COMPLEX",0.998189896330426,1,0.202670409222636,0.403451128779942,6065,14,"DPF3;SMARCA2;SMARCC2;SMARCD3"
"GOCC_BRCA1_A_COMPLEX",0.903164447518589,1,0.362877797431362,0.643828557222613,5222,8,"MPND;ABRAXAS1;BARD1;BRCA1;UIMC1;BABAM1;BABAM2;BRCC3"
"GOCC_BRCA1_C_COMPLEX",0.856655290102389,1,-0.370924330975085,-0.652545957527613,3764,6,"RAD50;RBBP8;NBN;BRCA1;MRE11;BARD1"
"GOCC_BRISC_COMPLEX",0.919386481184234,1,0.362849892340818,0.605027052823153,5154,6,"MPND;ABRAXAS2;SHMT2;BABAM1;BABAM2;BRCC3"
"GOCC_BRUSH_BORDER",0.648936170212766,1,0.330782111986588,0.910606569228859,4696,96,"SLC34A3;CUBN;CDHR5;SLC28A3;SLC34A1;SLC17A3;DRD5;ANKS4B;CD36;MTTP;CDHR2;SCIN;ACTN3;SLC7A9;SLC34A2;TMPRSS15;ENPEP;MME;EPS8;USH1C;SLC22A5;CLTRN;SLC15A1;MFSD4B;MYH14"
"GOCC_BRUSH_BORDER_MEMBRANE",0.170909632276314,1,0.479712461230802,1.2057890222433,1147,50,"SLC34A3;CUBN;CDHR5;SLC28A3;SLC34A1;SLC17A3;DRD5;CD36;MTTP;CDHR2"
"GOCC_CAJAL_BODY",1,1,0.160629146011795,0.418906461171792,6873,64,"SCARNA10;HSPB7;ANKS1B;TRIM22"
"GOCC_CALCINEURIN_COMPLEX",0.887890765361121,1,0.402591410665539,0.649070720219329,4941,5,"ITPR1;PPP3CC;PPP3CA;PPP3CB"
"GOCC_CALCITONIN_FAMILY_RECEPTOR_COMPLEX",0.916097736255839,1,0.375259098857115,0.60500469486269,5098,5,"CALCR;RAMP1"
"GOCC_CALCIUM_AND_CALMODULIN_DEPENDENT_PROTEIN_KINASE_COMPLEX",0.568810636004312,1,0.598133568811659,0.964330027941089,3165,5,"CAMK2A;CAMK1G;CAMK2B;CAMK2D"
"GOCC_CALCIUM_CHANNEL_COMPLEX",0.963531114327062,1,0.272993308039838,0.717194460921159,6657,68,"PKD2L1;CACNG3;CACNA1F;CASQ2;CATSPERE;CACNA1D;AKAP6;ATP2A1;CACNB3;CATSPERG;CACNA1B;PDE4B;CATSPERZ;CACNG8"
"GOCC_CALYX_OF_HELD",0.531932093775263,1,0.4538117282479,0.959578317251437,3289,19,"UNC13C;PRKCB;PRKCG"
"GOCC_CAMP_DEPENDENT_PROTEIN_KINASE_COMPLEX",0.0118495620814013,1,0.841157158506573,1.52499500852416,68,9,"PRKY;PRKAR2B;PRKACA"
"GOCC_CANONICAL_INFLAMMASOME_COMPLEX",0.451607529568549,1,0.529774543000771,1.02328006293822,2710,12,"NLRC4;NAIP;CASP4"
"GOCC_CARBOXY_TERMINAL_DOMAIN_PROTEIN_KINASE_COMPLEX",0.571052631578947,1,-0.400798646255706,-0.922596359372981,2169,20,"RB1;GTF2H4;CDK9;GTF2H3;MNAT1;CCNH;SNW1;GTF2H2C;ERCC2;MMS19;CCNT2;CDK7;ERCC3;CDK13;CDK12"
"GOCC_CARDIAC_MYOFIBRIL",0.0174743709226468,1,-0.864173799894862,-1.56844247223905,74,7,"MYH7B;MYL2;MYBPC3;CRYAB"
"GOCC_CARGO_RECEPTOR_COMPLEX",0.938884397736459,1,0.309251779188305,0.653908401676264,5806,19,"COMMD3;COMMD6;LRP1;LMAN1;COMMD8;CCDC22;MCFD2;DENND10;CCDC93;COMMD10;VPS26C;VPS35L;COMMD7;COMMD4;VPS29;COMMD2;COMMD1;COMMD9;COMMD5"
"GOCC_CASPASE_COMPLEX",0.624053965120105,1,0.442582460432559,0.893503139073869,3792,15,"CAPNS2;CASP7;CASP8;PIGK"
"GOCC_CATALYTIC_STEP_1_SPLICEOSOME",0.974450194049159,1,-0.255520869464678,-0.742000479137274,3012,67,"KIN;WDR70;DHX8;YJU2;CRNKL1;RBMX2;SNRPB2;XAB2;SF3A3;SF3A1;SNRPG;SF3B4;CWC15;CIR1;SNRPB;BUD13;PHF5A;SF3B5;SNW1;SNRPA1;SF3A2;SNRPF;PPIL2;BCAS2;BUD31;SF3B3;CWC25;PLRG1;SNRPD1;SNRNP200;SNRPD3;SNRNP40;RBM8A;PRPF19;EIF4A3;SNRPD2;RBM22;PPWD1;PPIL1;SRRM1;DHX16;SYF2;MAGOH;FAM32A;CWC22;SF3B1;CACTIN;FRG1;EFTUD2;PRKRIP1;SF3B2;CDC5L;CASC3;PSME3IP1;MAGOHB;SF3B6;PPIL4;AQR;PRPF8;DHX38;PPIE;SNRPE;CDC40;SRRM2;SNIP1;SLU7;ISY1"
"GOCC_CATALYTIC_STEP_2_SPLICEOSOME",1,1,0.153960885956905,0.429573573261208,7353,108,"SNRPGP15;RBM44;HNRNPA1L2;ISY1;SLU7;SNIP1;ZCCHC8;SNRPN;RBM48;SRRM2;CDC40;HNRNPH1;SNRPE;PPIE;HNRNPA1L3;SART1;DHX38;PRPF8;AQR;SF3B6;MAGOHB;CASC3;PABPC1;SCNM1;CDC5L;SF3B2;DHX35;PRKRIP1;WDR83;GPKOW;PNN;HNRNPA1;EFTUD2;FRG1;CACTIN;SF3B1;DDX23;CWC22;DDX41;FAM32A;MAGOH;SYF2;DHX16;SRRM1;PPIL1;GPATCH1;PPWD1;RBM22;HNRNPR;SNRPD2;EIF4A3;PRPF19;HNRNPA3;RBM8A;RALY;PRP4K;SNRNP40;SNRPD3;SNRNP200;SNRPD1;PLRG1;SYNCRIP;ALYREF;SF3B3;RNF113A;NKAP;LSM3;ESS2;DDX5;LSM2;BUD31;BCAS2;PPIL2;LSM7;HNRNPA2B1;PRPF6;SNRPF;SF3A2;SNRPA1;SNW1;HNRNPM;HNRNPU;HNRNPC;SF3B5;PHF5A;HNRNPF;BUD13;HNRNPK;SNRPB;CWC15;SF3B4;SNRPG;SF3A1;MTREX;SF3A3;RBMX;XAB2;SNRPB2;SRSF1;RBMX2;ARMC7;CRNKL1;CWC27;TFIP11;CRIPT;DHX8"
"GOCC_CATENIN_COMPLEX",0.958575239290758,1,0.284837021667486,0.662241712396436,6108,31,"CDH12;CDH20;CDH5;CDH8;CDH11;CDH13"
"GOCC_CATION_CHANNEL_COMPLEX",0.824369643522544,1,0.290564492597312,0.864266194851827,6636,216,"PKD2L1;KCNJ5;CACNG3;KCNIP4;SCNN1B;SCN2B;KCNA1;CNGB1;ABCC9;CACNA1F;KCNG2;CASQ2;CATSPERE;CACNA1D;TRPC7;AKAP6;GRIK1;TRPC3;LRRC26;SCN4B;ATP2A1;KCNB2;KCNV1;SCNN1G;SCN3A;SCN2A;SNAP25;CNGA1;CACNB3;TRPC6;CATSPERG;CACNA1B;PDE4B;CATSPERZ;LRRC55;KCNJ6;CACNG8;SCN3B;SCNN1D"
"GOCC_CATSPER_COMPLEX",0.558591826686361,1,-0.460427613057103,-0.926162069801494,2268,11,"C2CD6;CATSPER4;TMEM262;CATSPER2"
"GOCC_CAVEOLA",0.8671388101983,1,0.296693463762318,0.797750288776017,6121,79,"ADRA1B;HTR2A;AKAP6;MLC1;ADCY8;CAV3;CD36;PLPP2;CDH13;PTCH1;TFPI;FXYD1"
"GOCC_CBM_COMPLEX",0.633493846976993,1,0.543098220781908,0.905578650701481,3551,6,"CARD14;CARD9;MALT1;BCL10"
"GOCC_CCAAT_BINDING_FACTOR_COMPLEX",0.695897204688909,1,-0.48091045407359,-0.813948141009957,3086,5,"NFYC;CEBPZ;NFYB;NFYA;ING2"
"GOCC_CCR4_NOT_COMPLEX",0.978420794507111,1,0.277724914107984,0.569084318164074,5984,16,"CPEB3;CNOT6;CNOT10;CNOT6L;TOB1;CNOT1;CNOT7"
"GOCC_CCR4_NOT_CORE_COMPLEX",0.797724687144482,1,-0.409604737003999,-0.720594183221899,3505,6,"CNOT2;CNOT3;CNOT9;CNOT8;CNOT7;CNOT1"
"GOCC_CD40_RECEPTOR_COMPLEX",0.977597242737568,1,-0.248279044725609,-0.499419729465463,3970,11,"TRAF6;CD40;TRAF2;DIABLO;RNF31;BIRC2;HTRA2;IKBKB;CHUK;TRAF5;TRAF3"
"GOCC_CD95_DEATH_INDUCING_SIGNALING_COMPLEX",0.593722133047976,1,0.56495705726387,0.942026745889015,3328,6,"FAS;CASP8"
"GOCC_CDC73_PAF1_COMPLEX",0.626747437092265,1,-0.484932114917516,-0.880133284857599,2689,7,"CDC73;PEX2;LEO1;RTF1;PAF1"
"GOCC_CELL_BODY",0.996910174354447,1,0.249536975074795,0.783647353387322,9033,520,"EVX1;CD22;S100A5;GLRA1;ZNF804A;GRIA2;TH;CNR2;SLC22A4;RLBP1;HTR2A;GHRH;CD3E;SLC17A8;KCNA1;CX3CR1;NEUROG1;PACRG;CACNA1F;ERMN;RTN4RL1;RIT2;CRH;TACR1;PSD2;SKOR1;CASR;NPFF;BGLAP;SLC1A2;ASCL1;ADCY8;TMPRSS5;ANG;CPNE6;KCNB2;NPY;EPHA5;SLC6A2;SYNDIG1;ELAVL4;MPL;RGS8;ADRA2A;GFAP;WNK4;GPM6A;STMN2;TRPM2;SEZ6;BRINP2;IAPP;GRIP1;PIEZO2;CACNA1B;DSCAM;MAPK8IP2;ALCAM;P2RX7;TMPRSS3;GLRA3;GFRA1;SLC1A4;ACTA2;GHR;ATP1B2;HPN;INPP5F;RTN4RL2;SORBS2;P2RX2;SLC4A10;KLHL24;NRGN;GRM5;RDH5;GRIK3;VPS16;SRR;MME;SORL1;SLC8A3;RNF157;CACNA1E;COBL;KLHL14;NCF1;SLC8A2;MBP;HCN1;L1CAM;FEZ1"
"GOCC_CELL_BODY_FIBER",0.640726933830382,1,-0.476668275446948,-0.865134731544617,2749,7,"SRD5A2"
"GOCC_CELL_BODY_MEMBRANE",0.223746452223273,1,0.512512907233447,1.17554026256278,1418,29,"CD22;CX3CR1;ADCY8;KCNB2;SLC6A2;RGS8;PIEZO2;ATP1B2"
"GOCC_CELL_CELL_CONTACT_ZONE",0.987927565392354,1,-0.248371948294842,-0.727113876766096,2945,73,"PGM5;NRAP;SCN1A;PCDHA10;KCNJ2;SCN5A;SLC8A1;FGF13;VCL;RAP2C;ANKRD23;TMEM65;MYH1;CADM4"
"GOCC_CELL_CELL_JUNCTION",1,1,0.212954745709387,0.668387126620931,9062,510,"SGCA;CDH12;RHO;CLDN34;ZAP70;GJA10;GJA9;CD3E;CLDN20;CCDC85A;CLDN16;JAML;CDH20;ILDR2;GJD4;CDH5;GJB2;IGSF5;AKAP6;LPXN;MLC1;WAS;NPHS1;SCN4B;CAV3;CEACAM1;CDH8;CLDN9;XIRP2;PARD3B;CDHR2;WNK4;DSG3;DLL1;HMCN1;NECTIN4;PKP3;LRRC7;FAT4;CDH11;CADM1;TRPC6;KIRREL3;COL17A1;CDH13;ITGB3;LAMA3;FRMD1;SH3KBP1;CALB2;P2RX7;CTNNA3;TENM2;RIGI;ASH1L;CCN3;EPB41L3;CRB1;HPN;CLDN4;JAG1;PLPP3;DPP4;CLDN23;CLDN18;CDHR3;KLHL24;GJA5;FXYD1;FMN1;DSP;TJP3;AHNAK;FBF1;CRB2;TMEM114;PDLIM3;AJAP1;GJA3;PIK3R1;EVPL;CLDN15;PRKCG;ANK2;CGN;FAT3;S100A11"
"GOCC_CELL_CORTEX",1,1,0.207134275716063,0.631977180579341,8437,309,"OSR1;GAD1;FABP2;ERMN;EXOC3L4;BIN2;GRM7;POTEF;CLIC5;KIAA1614;SPINK5;GMFG;PARD3B;HMCN1;PFN4;SNAP25;DMTN;FAM110C;SCIN;PIEZO2;MYZAP;ACTN3;PRKCB;CALB2;ITPR2;PLEKHH2;STOX1;GPSM2;KANK1;SLC4A1;COBL;EPS8;EXOC3L2;MYRIP;EPB41L2;HMCN2;PJVK;MPP7;BSN;MYO6;PPFIA3;SPTBN4;FGFR2;ACTN2;INSC;ITCH;RAPGEF3;WASHC1;PARD6A;NUMA1;C2CD5;CTNNA2;CRIP2;SEPTIN4;MYO10;SEPTIN6;PLS1;FAM110A;TRPV4;MAP2K1;NEDD4;DST;GSN;DLG4;SEPTIN2;SPTB;ADD3;CLIP4;KCNC3;PRKCZ;CDH1;STIM1"
"GOCC_CELL_CORTEX_REGION",0.982970671712394,1,0.265099949758186,0.608054275601237,6233,29,"FABP2;GPSM2;BSN;PPFIA3;INSC;NUMA1;CTNNA2"
"GOCC_CELL_DIVISION_SITE",1,1,-0.190668152799194,-0.550675908582085,3105,65,"OR2A4;PSD4;RHOB;PITPNM1;NDE1;ANKRD45;SPIRE1;SEPTIN10;SVIL"
"GOCC_CELL_LEADING_EDGE",1,1,-0.131596288306157,-0.467266644038596,1173,427,"TLR4;PLEK;ANGPTL3;PEAR1;UNC5C;DUOXA1;PSD4;GABRG2;SNTG1;VIL1;RAC2;IFIT5;PTPRM;GABRE;ACTC1;PDLIM4;LCP1;ACTG2;TESK1;SHISA7;CLRN1;ARHGEF6;APC2;RAB40B;PDLIM7;KCNC1;GBF1;DAGLA;KCNA2;MTSS2;DDN;INPP5J;FGR;ACTB;PTPRJ;ABLIM1;TIRAP;DLC1;AJUBA;SH2D3C;ERBB2;FAM89B;HPCA;SAMSN1;DDX3X;TUBB3;PARVB;CADM4;TESC;FERMT1;MCC;SPRY4;PXN;TACR3;PIEZO1;MYADM;SH3RF1;CD177;DPP9;PACSIN1;SNX9;TWF1;FGD3;CLIP1;SNX1;KLHL2;BCAR1;MAPT;SSX2IP;NME1;FSCN1;ATP2B2;SH3BP1"
"GOCC_CELL_POLE",0.99074768692173,1,-0.216578242842194,-0.444355816032972,3961,12,"GRM6"
"GOCC_CELL_PROJECTION_MEMBRANE",0.993900293255132,1,0.252731739668674,0.774866487324052,8472,336,"PKD2L1;SLC34A3;CUBN;RHO;PLA2G4F;PDE6A;CDHR5;SLC28A3;SLC34A1;CNGB1;SLC17A3;DRD5;SCIMP;CA9;PSD2;GPR37L1;GNAT2;FAM107A;SLC1A2;TSPEAR;ADGRE2;CD36;FGD2;GABRG1;GABRG3;CEACAM1;MTTP;CDHR2;GABRA1;CNGA1;DMTN;ITGB3;SHISA6;CACNG8;HLA-G;PTCH1;SLC7A9;RIGI;EPB41L3;ATP1B2;PSD;SLC34A2;SYTL1;DPP4;PLEK2;KANK1;EVC;PLCG2;PKHD1L1;SH3YL1;EPS8;HCN1;SLC26A2;BBS1;RIPOR2;SGCE;SLC22A5;CLTRN;ROM1;POPDC1;MFSD4B;PRCD;ABCA7;MYO6"
"GOCC_CELL_SUBSTRATE_JUNCTION",1,1,-0.107821826231185,-0.381657706099527,1213,410,"SLC6A4;PGM5;ITGBL1;ARHGAP24;NRAP;ITGB7;TNS2;RAC2;ITGA11;FLNC;ACTC1;ANXA1;LCP1;FZD2;NOX4;LPP;NEXN;RHOB;PDLIM7;CSRP1;TSPAN9;TGM2;MTSS2;VCL;STARD8;CNN1;ZYX;SCARF2;ACTG1;ACTB;HSPA8;CAPN2;LIMS2;DOCK7;CNN2;DLC1;CASK;NFASC;HSPA1A;AJUBA;SNTB2;RHOG;ITGB5;PARVB;EPPK1;CDC42EP1;SVIL;FERMT1;SPRY4;PXN;PVR;CAPN5;ITGA1;FZD1;TWF1"
"GOCC_CELL_SURFACE",0.167318465278512,1,0.343603656657543,1.09428138148635,1582,735,"IL9R;MR1;CD22;HAVCR2;FGF10;IL1RAPL1;CD274;CFB;PKD2L1;CD163;IL12B;PRND;LY6G6C;TIGIT;CUBN;STRCP1;CEACAM6;GLRA1;GRIA2;CLEC7A;TSPAN32;FCGR3A;CD226;CYP2W1;CEACAM7;CXCR6;SCNN1B;UMODL1;CD209;ZPLD1;CD3E;FCRLB;SLC22A11;SIRPB1;SLC34A1;F2;IL5RA;KCNA1;PLG;VCAM1;CX3CR1;FCGR2C;CD33;TSHR;IL2RG;STAB2;MSLN;RTN4RL1;CLEC4D;OTOA;LRFN5;TACR1;IL31RA;SERPINF2;CCR4;DUOX1;GP6;ITGAM;CD8A;FZD10;CDH5;ITGB2;CASR;TREML2;HLA-H;LRRC24;P2RX1;ITGAX;IGSF5;TF;ISLR2;FCGR1A;CCR8;SLC1A2;TSPEAR;ACKR2;PTPRC;BTN2A3P;CLEC6A;CAV3;THBD;AQP11;FAS;CD36;CD200R1;CD34;WNT4;CD1C;CEACAM1;AOC3;IL2RB;ADGRG6;HCST;SLC32A1;GPRC6A;SCNN1G;BTN3A2;AREG;EPHA5;SLC6A2;MPL;ITGA10;SLC4A4;ALPP;FCER1G;CRIPTO3;GP1BA;FGFBP1;BTN3A3;GLDN;IL17RB;SLITRK3;MASP1;PDGFA;ULBP1;FCGR2A;RTBDN;CFC1;TNFRSF10C;WNT5A;RTP1;SPA17;GFRA3;ASGR2;CDH13;CUZD1;ITGB3;H1-1;SEMA6D;ERMAP;MOG;COLEC11;ADGRA2;LRRTM1;ACKR3;ALCAM;P2RX7;HLA-G;CFTR;LY75;GFRA1;CD79B;SLC1A4;GPR37;GHR;FLT3LG;ATP1B2;ITGA2;HPN;TFPI;LAYN;C4B;TNFRSF13C;RTN4RL2;TPO;HLA-F;DPP4;ABCB1;TNFSF4;ENPEP;HLA-A;B2M;MASP2;SLC46A2;CXCR4;PDGFC;TNFRSF11A;ENG;HLA-DRA"
"GOCC_CELL_TIP",0.980378080880593,1,-0.244257958403002,-0.470311361393034,4096,9,"GRM6"
"GOCC_CELL_TRAILING_EDGE",0.973516429622364,1,0.283193896825167,0.580290775138436,5954,16,"SCIMP;PRICKLE1;ICAM2;ICAM5;PSTPIP1"
"GOCC_CENTRAL_ELEMENT",0.161120840630473,1,0.745663975611909,1.28435280007321,919,7,"TEX12;SYCP1;SYCE3;SYCE2;C14orf39;TEX11"
"GOCC_CENTRIOLAR_SATELLITE",1,1,0.186840975494873,0.511181878493985,7174,91,"ALDOB;ZMYND10;CHD3;PRKCQ;PIK3R5;CENPU;CFAP263;NR0B1;BBS1;IFT74;TUBG2;HOOK3;CCDC61;DZIP1;ODF2L;PARD6A;PJA2;BBS2;FAM184A;CCDC57;SDCCAG8"
"GOCC_CENTRIOLAR_SUBDISTAL_APPENDAGE",0.945650316185268,1,0.323382072192577,0.59894051067987,5532,10,"NIN;CCDC61;CNTRL"
"GOCC_CENTRIOLE",1,1,0.166566272852814,0.486540998077391,7818,169,"TSKS;FTCD;AGBL3;CCDC102B;SAXO1;AGBL4;RILPL1;SAXO2;NIN;TEKT2;CPLANE2;CEP250;STARD9;CCDC92;CEP295NL;CCDC146;TSGA10;FBF1;POC1B;ODAD3;CCSAP;KIF3A;PLK4;CEP350;POC5;CEP164;CCP110;DZIP1;ODF2L;LRRCC1;WASHC1;SPICE1;CAPG;CEP104;CCHCR1;CCDC57;HTT;SDCCAG8;CEP83;CNTROB;AHI1;POC1A;MPHOSPH9"
"GOCC_CENTROSOME",1,1,-0.0791562612193777,-0.288260543439001,802,618,"BIRC7;RGCC;CFAP184;EYS;PLK5;KHDC3L;PARP3;CEP112;USH1G;TESK1;CCDC178;IFT46;CDH23;TUBD1;TCHP;SIRT2;CCDC18;RAD51;DTL;DAPK3;IFT88;TTLL5;TMEM63A;CFAP58;CFAP53;MYOF;GLI2;GEN1;CCDC15;NDE1;EEF1AKMT3;B9D2;OFD1;FRY;WRN;TTC28;POLR3H;H2AX;FNIP2;HSPA1A;AJUBA;PIBF1;CEP126;CHEK1;TUBGCP3;FAM110B;PSEN2;PCNT;CBY1;DYNLT2B;C2CD3;DDX3X;KIF24;SPOUT1;HAUS7;SAC3D1;BBS5;SNX10;PCLAF;CCDC85B;FBXO31;ODF2;LRWD1;RRP7A;LRRC45;RASSF7;PTPN20;ZNF365;CEP89;IFT57;TEX9;TPGS1;CAMSAP3;BRSK2;CLIP1;NDRG1;TBC1D31;KLHL21;SSX2IP;SNCG;CEP68;SEPTIN1;CCDC8;NPHP4;KATNAL1;TACC2;NDEL1;HSPA1B;NCKAP5L;SPATC1L;ILK;MPLKIP;DCAF12;KIF13A;TRIM32;DYNC1LI1;NEIL1;ATP6V1D;CALM2;CEP120;CC2D1A;GNAI3;DYSF;BCCIP;CDC14A;MLLT11;KIRREL2;GNAI1;RTTN;PPP2R3C;TMEM67;MAP3K11;CIR1;GPRC5C;FBXL13;LRRC49;DYNC1I2;NSFL1C;UBXN6;NEK9;CEP72;SKI;HNRNPU;KATNB1;CTDP1;MCRS1;MAP7D1;WDR62;CDC25B;CDK1;SPATC1;USP50;TMEM201;PPP1R35;TRAF3IP1;CEP85;HSF1;TRAPPC14;DNAH14;SPMIP4;TTLL12;BBS4;CRMP1;ASAP1;FLOT1;CEP192;RABL2B;CETN2;NPM1;KRT18;MZT2B;DYNC2LI1;TAPT1;PRKAR2A;WDR35;TMUB1;MASTL;BOD1;EMD;CALM1;PTK2;SSNA1;UVRAG;CDK2;CCNF;SCYL1;TEDC1;CDC42;SPAG5;TP53;SPDL1;GLE1;CENATAC;KNSTRN;DCTN1;JTB;CEP41;TPGS2;PCNA;CEP76;NUBP2;DNM2;MARCHF7;APC;TLN1;PSKH1;PDCD6IP;CCT4;MISP;LUZP1;CDC20;TBCD;AKAP9"
"GOCC_CEREBELLAR_CLIMBING_FIBER_TO_PURKINJE_CELL_SYNAPSE",0.84406663232011,1,0.397526362027764,0.72070446255897,4914,9,"PLXNC1;ADGRB3;C1QL2"
"GOCC_CEREBELLAR_MOSSY_FIBER",0.209291301256222,1,-0.681455076773373,-1.26936855653692,882,8,"CACNG2"
"GOCC_CHAPERONIN_CONTAINING_T_COMPLEX",0.386456089973678,1,-0.559815773325723,-1.07790845466626,1614,9,"CCT2;CCT7;CCT4;CCT6A;CCT3;CCT5;CCT8"
"GOCC_CHECKPOINT_CLAMP_COMPLEX",0.687556357078449,1,-0.486098900956731,-0.82272966501196,3049,5,"RAD9B;HUS1;HUS1B"
"GOCC_CHITOSOME",0.752499193808449,1,0.380540077610369,0.813233635055824,4666,20,"TH;DCT;RAB27A;OCA2"
"GOCC_CHLORIDE_CHANNEL_COMPLEX",0.317284688995215,1,0.434233399732714,1.08790388057645,2121,49,"GLRA1;SLC17A8;BEST2;CLIC5;GABRB2;GABRG1;GABRG3;GABRR1;GABRA1;BEST1;GABRP;CLIC6;GLRA3;CFTR;CLDN4;GLRB;CLCNKB"
"GOCC_CHOLINERGIC_SYNAPSE",0.995748937234309,1,-0.206234517212286,-0.42313348740577,3981,12,"CHRM1;PLD1"
"GOCC_CHROMAFFIN_GRANULE",0.972993630573248,1,-0.265496774937873,-0.563571393455904,3818,14,"PENK;DBH;SYT2"
"GOCC_CHROMAFFIN_GRANULE_MEMBRANE",0.911940655659249,1,-0.322397073190183,-0.620765879615824,3810,9,"DBH;SYT2;DNAJC5"
"GOCC_CHROMATIN",0.129891249110682,1,0.33664339704478,1.08622441262591,1277,1289,"KDM5D;ZFY;SRY;H2BC19P;SOX17;FOXB2;TAL1;EVX1;EBF2;DMBX1;BHLHE22;MYT1L;SHOX;DLX1;H2AC7;BHLHA9;FOXD4;HOXB2;EN2;SOX14;SP5;SOHLH1;H2AB2;EGR3;GATA5;OSR1;MAEL;NKX2-5;OLIG3;FOXQ1;H2BC14;HOXB1;SP9;RAX2;DPRX;EOMES;TFEC;POU4F2;H2BK1;TBX4;EBF1;FOXE1;VSX1;SHOX2;NR2E1;HSF4;DNMT3L;H4C2;TLX2;TLX3;DMRTC2;PROX1;NEUROG1;TCF23;H2AB3;BHLHE23;FOXA2;HOXD1;TBX3;MNX1;GATA4;SIX6;PROX2;CDX1;TBX5;FOXC1;GATA6;LMX1B;PITX3;ZHX3;SETSIP;H2BC26;POTEE;HNF1B;GCM2;H3C13;SP7;FOXP2;PDX1;TLX1;SUPT20HL1;TAL2;PAX5;POTEF;HMX3;TBX10;NR1I3;IRX1;ESR2;CREB3L3;EBF3;PAX7;SPDEF;H3C2;MEF2C;PHOX2A;AHRR;DMRT1;CDX4;ASCL1;NR5A1;SIX3;FLI1;SOX21;ARRB1;MIXL1;FOXI2;RBPJL;H2BC8;H4C3;RFX8;RAX;ETV7;IRX5;POU3F3;NR5A2;PRM1;PAX8;POU4F3;TFAP2E;MSX1;GATA3;CDX2;MYF6;SOX18;MAFB;H2AC12;TBX6;EGR2;ZC3H6;EGR1;SP8;POU3F2;ONECUT2;TWIST1;TBXT;PITX2;IRF8;H2AC15;TBX1;HNF4A;RHOXF1;SIM2;L3MBTL1;GRHL3;PAX6;FANK1;MSX2;TFAP2C;TFEB;FOXF2;NKX3-2;OVOL3;ID2;IRF5;MEOX2;LHX5;NEUROG3;CHD3;NFATC4;FOXD1;FOXP3;DPF3;GBX2;NKX2-6;NFKB2;LHX1"
"GOCC_CHROMATIN_SILENCING_COMPLEX",0.999220374220374,1,-0.164909986151716,-0.370486536816559,3844,18,"SIRT2;RB1;EZH2;MPHOSPH8;EED;SMARCA5;SUV39H1;CBX3;PPHLN1;BAHD1;TASOR2;BAZ2A;YY1;TASOR;RRP8;SUZ12;SIRT1;L3MBTL1"
"GOCC_CHROMATOID_BODY",0.422247819647853,1,0.522980444982395,1.04108464411398,2565,14,"MAEL;PIWIL1;TDRD1"
"GOCC_CHROMOCENTER",0.947013328945203,1,0.310702522507739,0.618508068846005,5754,14,"MBD5;MBD6;SALL1;PIWIL2;TINF2;ESCO2;CBX5;OIP5"
"GOCC_CHROMOSOMAL_REGION",1,1,-0.203940298192877,-0.72089262697386,1228,404,"H4C1;RPA4;NLRP2;TERC;TERB1;PLK5;H2BW1;TEX14;H3-7;H4C13;H4C4;H4C16;ACTL6B;STAG3;H3-5;REC8;THOC3;H4C14;H4C11;H4C12;SIRT2;RAD51;DAPK3;TERT;H2BC11;RBBP7;ACTB;ATF7;NSMCE1;FBXO28;NDE1;SPC25;WRN;ORC5;H2AX;CHEK1;H4C8;CENPP;PSEN2;KDM4D;EME2;SPOUT1;MCM5;SMARCA4;ACTL6A;TFIP11;LRWD1;TP53BP1;STAG1;CHMP6;THOC7;CLIP1;SPC24;RTEL1;CENPS;STAG2;NDEL1;UPF1;SMG6;MCM2;CENPT;TELO2;SMARCE1;DYNC1LI1;PHF6;NUP107;NAT10;ERCC1;C9orf78;MCM6;RPA2;CHMP1A;IKZF1;CDC73;NUP37;CENPV;ITGB3BP;MTCL1;NHP2;PPP2CB;SNAI1;MIS18A;TERF2IP;TERF2;CDCA5;CHMP4B;EZH2;NSL1;HNRNPU;PIF1;KAT7;PINX1;MCRS1;BRD7;CDK1;RAD50;RNF8;MAD2L1;PARP1;SSB;HSF1;DYNC1I1;KDM1A;CHMP4A;BLM;DNMT3A;TTK;XRCC6;HAT1;NCAPG;ERCC4;HNRNPA2B1;NUP98;BUB3;MCM4;TOX4;MIS18BP1;BOD1;BAZ1B;CHMP2B;RPA1;UVRAG;MCM7;CDK2;SPAG5;SPDL1;ACD;WRNIP1;AHCTF1;PPP2CA;SMARCB1;KNSTRN;DCTN1;PCNA;CENPW;PTGES3;APC;CENPM;LUZP1;POLD1;CDC20;FMR1"
"GOCC_CHROMOSOME_CENTROMERIC_CORE_DOMAIN",0.304951532617239,1,-0.489670832538784,-1.11296828318695,1163,19,"H4C1;H3-7;H4C13;H4C4;H4C16;H4C14;H4C11;H4C12;H2BC11"
"GOCC_CHROMOSOME_CENTROMERIC_REGION",1,1,-0.204262914425626,-0.698648521803631,1745,266,"H4C1;PLK5;TEX14;H3-7;H4C13;H4C4;H4C16;ACTL6B;STAG3;H3-5;REC8;H4C14;H4C11;H4C12;DAPK3;H2BC11;ACTB;NSMCE1;FBXO28;NDE1;SPC25;H4C8;CENPP;PSEN2;KDM4D;SPOUT1;SMARCA4;ACTL6A;LRWD1;TP53BP1;STAG1;CHMP6;CLIP1;SPC24;CENPS;STAG2;NDEL1;CENPT;SMARCE1;DYNC1LI1;PHF6;NUP107;C9orf78;CHMP1A;IKZF1;NUP37;CENPV;ITGB3BP;MTCL1;PPP2CB;SNAI1;MIS18A;CDCA5;CHMP4B;EZH2;NSL1;HNRNPU;KAT7;PINX1;MCRS1;BRD7;MAD2L1;HSF1;DYNC1I1;CHMP4A;DNMT3A;TTK;NCAPG;NUP98;BUB3;MIS18BP1;BOD1;BAZ1B;CHMP2B;UVRAG;SPAG5;SPDL1;AHCTF1;PPP2CA;SMARCB1;KNSTRN;DCTN1;CENPW;APC;CENPM;LUZP1;CDC20;FMR1;CBX1;ZW10;DCTN5;DCTN2;H3-3B;SKA3;H2AC8;PLK1"
"GOCC_CHROMOSOME_PASSENGER_COMPLEX",0.113251293026574,1,0.791885235512839,1.32041375877406,634,6,"AURKC;BIRC5"
"GOCC_CHROMOSOME_TELOMERIC_REGION",0.935454545454545,1,-0.260219987597224,-0.8501155728406,2057,168,"H4C1;RPA4;NLRP2;TERC;TERB1;H2BW1;H4C13;H4C4;H4C16;THOC3;H4C14;H4C11;H4C12;SIRT2;RAD51;TERT;RBBP7;ATF7;NSMCE1;WRN;ORC5;H2AX;CHEK1;H4C8"
"GOCC_CHROMOSOME_TELOMERIC_REPEAT_REGION",0.438073394495413,1,-0.466489503345685,-1.00806350648402,1718,15,"TERB1"
"GOCC_CILIARY_BASAL_BODY",1,1,0.161150902398189,0.479928186617378,8062,219,"CFAP206;TTLL2;TTLL9;SPACA9;RAB6C;SAXO1;CFAP90;AGBL4;RILPL1;SAXO2;NIN;FANK1;GAS2L2;CPLANE2;CEP250;PRKCA;CCDC81;SAXO4;CADPS2;CCDC146;EVC;FBF1;CFAP263;KIFAP3;IFT74;POC1B;ODAD3;CCSAP;CEP350;CCDC61;DZIP1;MKKS;ODF2L;TTLL7;SPICE1;PJA2;BBS2;ALPK1;IFT80;PRKAA2;FAM184A;CDKL5;MAP2K1;HDAC6;SDCCAG8;MARK4;EFHC2;PKHD1;WHRN;CNTROB;AHI1;POC1A;MPHOSPH9;CFAP70;TBC1D30;KIAA0586"
"GOCC_CILIARY_BASE",0.9995497523638,1,0.202221818121658,0.503397906016598,6659,47,"CFAP144;SPACA9;FANK1;CPLANE2"
"GOCC_CILIARY_MEMBRANE",0.626780626780627,1,0.344623205478163,0.916233152225208,4399,73,"PKD2L1;RHO;PDE6A;CNGB1;DRD5;GPR37L1;GNAT2;TSPEAR"
"GOCC_CILIARY_ROOTLET",0.962399589813707,1,0.301281463931275,0.55800766146961,5630,10,"ODAD3;PJVK;KIF5A;PSEN1;CROCC"
"GOCC_CILIARY_TIP",0.987929993964997,1,-0.243096476025419,-0.669327336281444,3273,49,"CFAP221;IFT46;IFT88;GLI2;IFT57;IFT172;DYNC2H1;KIF3C;PSMA6;TRAF3IP1;SMO;DYNC2LI1;WDR35;KIF3B;IFT20;DYNLL1;DYNLL2;IFT52;DYNLRB1;GLI3;IFT43;WDR19;IFT140;IFT70B;CLUAP1;SPEF1;DYNC2I2;TTC21B;IFT27;KIF7;IFT56;IFT25;IFT122;ARMC9;ULK3;CYLD;CILK1;IFT81;IFT22;GLI1;SUFU;DYNC2I1;CDKL5;IFT80;RPGRIP1;KIF3A;ODAD3;IFT74;KIFAP3"
"GOCC_CILIARY_TRANSITION_FIBER",0.594501123984091,1,0.524488995651678,0.930563941194086,3437,8,"NIN;FBF1;CEP164;DZIP1;CEP83;SCLT1"
"GOCC_CILIARY_TRANSITION_ZONE",1,1,-0.157283874450528,-0.466841514809753,2906,80,"ROPN1L;USH1G;TMEM17;SPTBN5;CFAP53;B9D2;EHD1;GNAT1;TMEM237;IFT57;NPHP4;INTU;KIF17;TMEM67;TTBK2;TRAF3IP1;EHD3;BBS4;CETN2;DYNC2LI1;ARL13B;TMEM216;TCTN2;ARL3;MYO7A;IFT20;CDKL1;USH2A;CETN3;PCM1;SPATA7;NPHP1;CFAP36;UNC119B;TBCC;TTC8;IFT52;RPGR;TMEM80;MAK;CEP131;CIBAR1;TCTN3;TOPORS;MACIR;BBS9;WDR19;IFT140;B9D1;KIAA1549;LCA5;CCDC66;RPGRIP1L;FAM161A;CFAP410;IFT122;CEP290;IQCB1;MKS1;TCTN1;RAB37;AHI1;SEPTIN2;WHRN;CC2D2B;BBS2;TMEM231;SMAD3;RPGRIP1;POC5;PCDHB15;TSGA10IP;CCSAP;TMEM107;CC2D2A;KIFAP3;CPLANE1;CPLANE2;PCDHB13;RP1L1"
"GOCC_CILIUM",0.736770120988953,1,0.293004269393254,0.934664697087823,7002,768,"PCDH11Y;RSPH6A;CFAP54;TUBA3D;PKD2L1;CFAP206;HOATZ;NME8;STRCP1;RHO;PDE6A;TMEM232;GUCA1ANB-GUCA1A;PDE6C;PDE4C;SAG;CIMAP1A;CFAP144;GUCY2F;TTLL2;SSX1;PRLHR;SPMIP10;TCP11X1;CNGB1;CCDC38;IMPG1;ADGB;PACRG;CACNA1F;NME9;PDC;DRD5;C11orf42;BEST2;FSIP2;CFAP61;TBX3;ROPN1B;TACR1;CST11;C1orf87;CATSPERE;CFAP44;RSPH14;CFAP210;CFAP43;GPR37L1;GNAT2;FLACC1;SNTN;GRK7;DNAJB13;ENKUR;ATP1A4;TTLL9;TTC29;GALR2;PDZD7;AKAP3;SPACA9;TSPEAR;CFAP74;KIF19;PRPH2;CALCR;EFHB;RAB6C;GRK1;TTC21A;SAXO1;CFAP77;CFAP90;GSTM3;TOGARAM2;CCDC17;TRPV3;IQUB;AGBL4;SLC9B1;DRC3;TULP1;RILPL1;RP1L1;RGS9BP;SAXO2;NIN;CCDC40;DNAH3;CNGA1;FANK1;TEKT5;CFAP57;MYCBPAP;QRICH2;TEKT2;ODAD1;SPA17;NPFFR1;GAS2L2;PCDHB13;CATSPERG;CPLANE2;CIMIP2B"
"GOCC_CIS_GOLGI_NETWORK",0.548625083836351,1,-0.325876634611461,-0.954010405629807,1635,73,"GOLGA8IP;GOLGA6L7;GOLGA8F;GOLGA8R;AZIN2;GOLGA8M"
"GOCC_CIS_GOLGI_NETWORK_MEMBRANE",0.464434449441946,1,0.523953194759614,1.01203590318518,2787,12,"RNF183;HLA-G;VPS13B;ATP2C1;RAB30"
"GOCC_CKM_COMPLEX",0.864517583408476,1,-0.374355003191835,-0.633601445642818,3834,5,"CDK19;CDK8;MED12;CCNC"
"GOCC_CLATHRIN_ADAPTOR_COMPLEX",0.926400759734093,1,0.305434196149334,0.696118270483907,5852,28,"SLC18A3;AP1S1;AP4B1;SYNRG"
"GOCC_CLATHRIN_COAT",0.999252392344498,1,0.210554953250647,0.527512510223692,6682,49,"SLC18A3;MYCBPAP;SYNJ1;NCALD;AP1S1;AP4B1;BAIAP2L2;SYNRG"
"GOCC_CLATHRIN_COAT_OF_COATED_PIT",0.774618134546636,1,0.377757563909686,0.791270956893118,4766,18,"SLC18A3;SYNJ1"
"GOCC_CLATHRIN_COATED_ENDOCYTIC_VESICLE",0.449694085656016,1,-0.334483897026741,-0.992249099434365,1322,79,"SFTPB;SFTPA2;BTC;AVP;CD3D;HLA-DQA1;SFTPD;SGIP1"
"GOCC_CLATHRIN_COATED_ENDOCYTIC_VESICLE_MEMBRANE",0.937540244687701,1,-0.269683485594267,-0.77888308183072,2911,65,"BTC;AVP;CD3D;HLA-DQA1;SGIP1;EGF;FZD2;HLA-DPB1;AP2A2;TGFA"
"GOCC_CLATHRIN_COATED_PIT",0.507893613995164,1,0.363984462710081,0.97408900524271,3570,77,"CUBN;CDHR5;SLC18A3;TF;ARRB1;ADCY8;SPHK1;GAS7;SYNJ1;DAB2;ACKR3;INPP5F"
"GOCC_CLATHRIN_COATED_VESICLE",1,1,-0.18912379935769,-0.632340001394061,1994,210,"CCDC158;SFTPB;SFTPA2;BTC;AVP;CD3D;HLA-DQA1;SFTPD;SGIP1;VWF;EGF;ABCB4;FZD2;CRACR2A;FOLR1;PHETA2;MALL;CLRN1;HLA-DPB1;AP2A2;TGFA"
"GOCC_CLATHRIN_COATED_VESICLE_MEMBRANE",0.996273126580594,1,0.24437347489135,0.694827582482299,7484,130,"GAD2;GAD1;HLA-DRB5;SLC18A3;TF;FCGR1A;ADCY8;SLC32A1;AREG;MYCBPAP;WNT5A;RASSF9;DAB2;NCALD;CFTR;ROR2;NRGN;HLA-DQB1;HLA-DRA"
"GOCC_CLATHRIN_COMPLEX",0.956663560111836,1,-0.281578036682432,-0.51105339231083,4105,7,"CLTCL1;CLTA;VPS33A;CLTC;VPS41;SCLT1;BAIAP2L2"
"GOCC_CLATHRIN_SCULPTED_GAMMA_AMINOBUTYRIC_ACID_TRANSPORT_VESICLE",0.0788518070205775,1,0.775517446295435,1.37594606802528,455,8,"GAD2;GAD1;SLC32A1"
"GOCC_CLATHRIN_SCULPTED_MONOAMINE_TRANSPORT_VESICLE",0.940683572216097,1,-0.315609381007305,-0.514887246636005,4265,4,"RAB3A;VAMP2;SLC18A2;SYT1"
"GOCC_CLATHRIN_SCULPTED_VESICLE",0.032996632996633,1,0.7757572492375,1.46920629930865,195,11,"GAD2;GAD1;SLC18A3;SLC32A1"
"GOCC_CLATHRIN_VESICLE_COAT",0.996926859250154,1,0.230330603860326,0.554855726224713,6487,38,"SLC18A3;MYCBPAP;NCALD;AP1S1"
"GOCC_CLEAVAGE_FURROW",0.998456313677061,1,-0.209339097590976,-0.583695838288887,3233,53,"OR2A4;PSD4;RHOB;PITPNM1;NDE1;ANKRD45;SPIRE1;SVIL"
"GOCC_CLOCK_BMAL_TRANSCRIPTION_COMPLEX",0.932083792723263,1,-0.326720492118416,-0.533013987320352,4226,4,"NPAS2;BMAL2;BMAL1;CLOCK"
"GOCC_CLUSTER_OF_ACTIN_BASED_CELL_PROJECTIONS",0.84825256593478,1,0.291103376282713,0.842815805440539,6528,156,"SLC34A3;CUBN;STRCP1;CDHR5;SLC28A3;SLC34A1;SLC17A3;DRD5;ANKS4B;CLIC5;PDZD7;TSPEAR;ATP8B1;CD36;TRPA1;MTTP;CDHR2;MORN4;SCIN;PIEZO2;ACTN3;IDO1;CALB2;SLC7A9;SLC34A2;TMPRSS15;ENPEP;MME;PKHD1L1;EPS8;MYO3B;RIPOR2;USH1C;SLC22A5;CLTRN;SLC15A1;PJVK;MFSD4B;MYH14"
"GOCC_CMG_COMPLEX",0.370014771048744,1,-0.53681722853781,-1.07982176000817,1502,11,"MCM5;CDC45;MCM2;MCM6;GINS2;MCM4;MCM7"
"GOCC_COATED_VESICLE",1,1,-0.159993216511798,-0.553053440352111,1563,309,"CCDC158;LMAN1L;SFTPB;SFTPA2;BTC;AVP;CD3D;HLA-DQA1;SFTPD;SGIP1;CIDEB;VWF;EGF;ABCB4;FZD2;TEPSIN;F8;CRACR2A;FOLR1;PHETA2;MALL;CLRN1;HLA-DPB1;AP2A2;TGFA;VMA12;SAR1B;PCSK9;TEX261;ERGIC2;HSPA8;CLTCL1;SYT2;REEP6;COPZ2;KIAA0319;ATP6V1C1;AP1S2"
"GOCC_COATED_VESICLE_MEMBRANE",0.999622451547949,1,0.22823392534869,0.674002937580529,7942,197,"GAD2;GAD1;HLA-DRB5;SLC18A3;SEC16B;HLA-H;TF;FCGR1A;ADCY8;SLC32A1;AREG;MYCBPAP;WNT5A;RASSF9;DAB2;CRYZL2P-SEC16B;NCALD;HLA-G;CFTR;HLA-F;ROR2;HLA-A;B2M;NRGN;HLA-DQB1;HLA-DRA;SEC31B;AP3B2;AP1S1;STX17"
"GOCC_COHESIN_COMPLEX",0.888555722138931,1,0.353215136345693,0.682248725850966,5333,12,"RAD21L1;SMC1B;SGO2"
"GOCC_COLLAGEN_TRIMER",0.974567795399343,1,0.266748227124756,0.707823150015247,6820,72,"MSR1;C1QL4;COL21A1;COL13A1;COL10A1;C1QTNF9;C1QTNF9B;COL8A1;GLDN;COL6A3;COL17A1;COL12A1;COLEC11;COL22A1;CCBE1;COL28A1;EMILIN1;C1QL2;COL6A6;COL27A1;C1QTNF6;C1QTNF2;COL11A2;LOX;COL4A1;C1QTNF5;COL5A2"
"GOCC_COLLAGEN_TYPE_IV_TRIMER",0.973378839590444,1,-0.265956628729622,-0.467882283426817,4277,6,"COL4A4;COL4A5;COL4A6;COL4A3;COL4A2;COL4A1"
"GOCC_COLLAGEN_TYPE_VI_TRIMER",0.931018935978359,1,-0.314646636620746,-0.532544141602923,4129,5,"COL6A1;COL6A5;COL6A2"
"GOCC_COLLAGEN_TYPE_XI_TRIMER",0.787100251527129,1,0.474325972030124,0.764723469324328,4380,5,"COL11A2;COL5A2;COL5A1"
"GOCC_COMMITMENT_COMPLEX",0.548917944093778,1,-0.56659478754557,-0.9589701577959,2434,5,"U2AF2;SNRPD1;SNRPD3;SNRPC"
"GOCC_COMPACT_MYELIN",0.472611464968153,1,-0.465193036862569,-0.987467693616883,1854,14,"NCMAP;PLLP;CLDN5;SIRT2;MAG"
"GOCC_COMPLEMENT_COMPONENT_C1_COMPLEX",0.724191361611466,1,0.608850252824532,0.85471491879303,3738,2,"C1R;C1S"
"GOCC_COMPLEX_OF_COLLAGEN_TRIMERS",0.993120700437774,1,0.243981504428443,0.570153164150463,6351,32,"COL10A1;COL8A1;COL6A3;COL12A1;COL6A6;COL27A1;COL11A2;COL4A1;COL5A2;COL4A2;COL4A3;COL1A1;COL1A2;COL5A1"
"GOCC_CONDENSED_CHROMOSOME",1,1,0.119938126276172,0.363674283307282,8324,283,"HORMAD1;FAM9C;DNMT3L;TEX12;KASH5;AURKC;SMC1B;CDX2;TTN;SYCP1;SYCE3;L3MBTL1;RNF212;SYCE2"
"GOCC_CONDENSED_CHROMOSOME_CENTROMERIC_REGION",1,1,-0.207203984493119,-0.683618717375067,2125,186,"PLK5;TEX14;H3-7;ACTL6B;H3-5;REC8;ACTB;FBXO28;NDE1;SPC25;CENPP;PSEN2;SPOUT1;SMARCA4;ACTL6A;LRWD1;TP53BP1;CHMP6;CLIP1;SPC24;CENPS;NDEL1;CENPT;SMARCE1;DYNC1LI1;PHF6;NUP107;CHMP1A;NUP37;CENPV;ITGB3BP;MTCL1;CHMP4B;NSL1;HNRNPU;PINX1;MCRS1;BRD7;MAD2L1;HSF1;DYNC1I1;CHMP4A;TTK;NCAPG;NUP98;BUB3;BOD1;CHMP2B;SPAG5;SPDL1;AHCTF1;SMARCB1;KNSTRN;DCTN1;CENPW;APC;CENPM;CDC20;ZW10;DCTN5;DCTN2;H3-3B;SKA3;PLK1;MIS12;SEH1L;ORC2;ERCC6L;CHMP7;XPO1;SMC1A;DYNLL1;NUP133;PRP4K;HJURP;SUMO3;CENPI;ZNF207;CEBPB;KIF2C;NEK2;H3-3A;CHMP1B;TRAPPC12;ZWINT;ZWILCH;SEC13;CENPE;CENPH;ZNF276"
"GOCC_CONDENSED_NUCLEAR_CHROMOSOME",0.910481586402266,1,0.287663562808679,0.773470663596423,6427,79,"HORMAD1;FAM9C;DNMT3L;TEX12;KASH5;SMC1B;CDX2;TTN;SYCP1;SYCE3;RNF212;SYCE2"
"GOCC_CONDENSIN_COMPLEX",0.90495378051671,1,-0.337806660001538,-0.62924346301013,3817,8,"NCAPH;NCAPG;NCAPH2;NCAPD3;NCAPG2;SMC2;NCAPD2;SMC4"
"GOCC_CONE_PHOTORECEPTOR_OUTER_SEGMENT",0.301943998573212,1,0.700119023341428,1.16739995865788,1692,6,"GUCA1ANB-GUCA1A;SLC24A4;RD3"
"GOCC_CONNEXIN_COMPLEX",0.583197920051999,1,0.442533882481231,0.926954857037007,3588,18,"GJA10;GJA9;GJD4;GJB2"
"GOCC_CONTRACTILE_MUSCLE_FIBER",0.226595744680851,1,-0.312933037018313,-1.05965676602052,425,236,"KLHL40;MYL1;MYH7B;MYL2;MYOT;MYH4;MYPN;MYOD1;PGM5;MYOM3;MYL4;IGFN1;ANKRD1;MYBPHL;MYBPC3;NRAP;FBXO32;SCN1A;KCNE1;C10orf71;CRYAB;MYH11;TNNT3;FLNC;TRIM63;TNNC2;TNNI1;ACTC1;PDLIM4;MYH7;NEXN;SCN5A;SLC8A1;PDLIM7;ADPRHL1;CSRP1;ASB2;VCL;MYH2;CALD1;SCO2;COL6A1"
"GOCC_CONTRACTILE_RING",0.951747907434761,1,-0.290504941737492,-0.584358215052991,3865,11,"ALKBH4;MAEA;RTKN;BLOC1S6;ANLN;PDXP;MYH9;KIF20B;PRC1;DAG1;UTRN"
"GOCC_COP9_SIGNALOSOME",0.043842502094387,1,-0.550331890621868,-1.41586517157855,156,34,"HSPA6;SLA;TESPA1;GRAP;HSPA7;DOCK7;HSPA1A;AMOTL1;COPS8;COPS7B;HSPA1L;BASP1;COPS3;COPS7A;LAT;COPS5;FLOT1"
"GOCC_COPI_COATED_VESICLE",0.303903095558546,1,-0.454452773901303,-1.09611587227319,1128,25,"CIDEB;VMA12;COPZ2;PACSIN1;USE1;KDELR3;TMED3;TMED10;COPA;VMA22;SCYL1;COPZ1;KDELR2;COPB1;DIPK2A;COPE"
"GOCC_COPI_COATED_VESICLE_MEMBRANE",0.481029106029106,1,-0.437013776010256,-0.981794518290805,1850,18,"VMA12;COPZ2;KDELR3;TMED3;COPA;SCYL1;COPZ1;KDELR2;COPB1;DIPK2A;COPE"
"GOCC_COPI_VESICLE_COAT",0.68188698284561,1,-0.404638283142956,-0.844741985174752,2702,13,"COPZ2;TMED3;COPA;SCYL1;COPZ1;COPB1;DIPK2A;COPE;ARCN1;COPB2;COPG2;COPG1;TMED7"
"GOCC_COPII_COATED_ER_TO_GOLGI_TRANSPORT_VESICLE",0.998745644599303,1,0.22592780518223,0.618120300170689,7165,91,"SERPINA1;HLA-DRB5;SEC16B;HLA-H;AREG;CRYZL2P-SEC16B;HLA-G;F5;HLA-F;HLA-A;B2M;HLA-DQB1;HLA-DRA;SEC31B"
"GOCC_COPII_VESICLE_COAT",0.746460746460746,1,-0.370652628717044,-0.810875668159854,2899,16,"CIDEB;SAR1B;SAR1A"
"GOCC_CORE_MEDIATOR_COMPLEX",0.0649420641336567,1,-0.568001210822425,-1.38393533178148,240,26,"MED21;MED31;MED10;MED8;MED28;MED27;MED18;MED26;MED22;MED9;MED15;MED25;MED20;MED30;MED24;MED19;MED14;MED4;MED17"
"GOCC_CORNIFIED_ENVELOPE",0.789771121785815,1,-0.320588071604656,-0.828687852270895,2794,35,"TCHH;DSG4;CSTA;PKP1;ANXA1"
"GOCC_CORTICAL_ACTIN_CYTOSKELETON",1,1,-0.133924441017733,-0.393636784181995,2987,74,"MYO1A;CLDN5;CALB1;SPTBN5;MTSS2;VCL;CAPN2;SHROOM2;DLC1;PIEZO1;MYADM;SNX9;SHROOM1;SHROOM3;MED28;GMFB;SLC2A1;LASP1;SHROOM4;KRT19;ACTN4;FLOT1;CAP1;CDH2;CFL1;WDR1;MISP;SPTBN2;SPTAN1;NF2;MLPH;MAEA;LANCL2;DSTN;ACTR2;ACTN1;COTL1;CORO1A;RTKN;LLGL1;TMC2;AKAP13;CIB2;FLOT2;LLGL2;ANLN;RDX;MYH9;PPP1R9B;SPTBN1;EEF1A1;WASL;IQGAP1;HIP1R;FCHSD1;HIP1;CDH1;SPTB;GSN;TRPV4;PLS1;RAPGEF3;ACTN2;SPTBN4;PJVK;EPB41L2;MYRIP;PLEKHH2;CALB2;PRKCB;ACTN3;MYZAP;PIEZO2;GMFG"
"GOCC_CORTICAL_CYTOSKELETON",1,1,-0.134069157147268,-0.413328626343262,2710,102,"MYO1A;CLDN5;CALB1;SPTBN5;MTSS2;VCL;NOS2;ACTB;CAPN2;SHROOM2;DLC1;PIEZO1;MYADM;SNX9;SHROOM1;SHROOM3;MED28;ARPC5L;GMFB;ARPC5;DBN1;SLC2A1;LASP1;CAPZB;SHROOM4;KRT19;EZR;FLNA;ACTN4;FLOT1;CAP1;CDH2;GYPC;CFL1;WDR1;TRPC4;MISP;SPTBN2;SPTAN1;NF2;MLPH;MAEA;LANCL2;TPM4;DSTN;ACTR2;ACTN1;MAPRE1;COTL1;CORO1A;EPB41;NSMF;RTKN;CTTN;LLGL1;TMC2;PDE4DIP;AKAP13;CIB2;TMOD1;FLOT2;LLGL2;CLASP2;ANLN;RDX;MYH9;PPP1R9B;CAPZA2;CAPZA1;MPP1;SPTBN1;CLASP1;EEF1A1;WASL;IQGAP1;PCLO;HIP1R;FCHSD1;HIP1;CDH1;SPTB;DLG4;GSN;TRPV4;PLS1;NUMA1;RAPGEF3;ACTN2;SPTBN4;BSN;PJVK;EPB41L2;MYRIP;SLC4A1;PLEKHH2;CALB2;PRKCB;ACTN3;MYZAP;PIEZO2;DMTN;GMFG"
"GOCC_CORTICAL_ENDOPLASMIC_RETICULUM",0.885517895235838,1,-0.351255383911073,-0.654294838864781,3735,8,"STIMATE;ARV1;TMEM201;EMD"
"GOCC_CORTICAL_GRANULE",0.549062844542448,1,-0.588111279345619,-0.95944865888139,2489,4,"ASTL"
"GOCC_CORTICAL_MICROTUBULE_CYTOSKELETON",0.881422924901186,1,0.407551232265754,0.657067102886533,4905,5,"NUMA1;CLASP1;CLASP2;PDE4DIP;MAPRE1"
"GOCC_CORVET_COMPLEX",0.8,1,0.434256588727924,0.747975876433158,4567,7,"VPS16;VPS11;TGFBRAP1;VPS33B;VPS8"
"GOCC_COSTAMERE",0.45045045045045,1,-0.458421955798797,-1.0028883674565,1749,16,"PGM5;FLNC;VCL"
"GOCC_CRD_MEDIATED_MRNA_STABILITY_COMPLEX",0.425483503981798,1,-0.608188668197565,-1.06995153378893,1869,6,"IGF2BP1;HNRNPU;YBX1;SYNCRIP;DHX9"
"GOCC_CTF18_RFC_LIKE_COMPLEX",0.753494874184529,1,-0.421694159264813,-0.765358808339871,3233,7,"CHTF18;RFC3;RFC2;RFC4;CHTF8;RFC5;DSCC1"
"GOCC_CUL2_RING_UBIQUITIN_LIGASE_COMPLEX",0.366208569118836,1,-0.428546095785398,-1.04415285030059,1358,26,"ASB4"
"GOCC_CUL3_RING_UBIQUITIN_LIGASE_COMPLEX",0.337737673219465,1,-0.362473556020594,-1.04984446582781,1047,66,"KLHL40;KBTBD13;KLHL30;CCIN;KLHL6;KLHL4;IPP;DEPDC5;KLHL18;SPOPL;KLHL2;KLHL21;KLHL26;GLMN;KLHL10;KCTD17;SPOP;KLHL13"
"GOCC_CUL4_RING_E3_UBIQUITIN_LIGASE_COMPLEX",1,1,-0.138809762106398,-0.360804882943365,3533,36,"DCAF12L2;DTL;DCAF6;AMBRA1;GLMN;DCAF12;DCAF12L1;DCAF15;WDR77;DCAF11;DCAF13;DDA1;CRBN;CUL4A;COP1;TRPC4AP;DCAF7;RBX1;FBXW5;DCAF16;DCAF10;DDB1;DCAF8;ARIH1;PHIP;CUL4B;DCAF1;DET1;DCAF4;DCAF5;DCAF17;ERCC8;WDTC1;CDKN1B;DDB2;DCAF4L1"
"GOCC_CUL4A_RING_E3_UBIQUITIN_LIGASE_COMPLEX",0.993937723890879,1,-0.231189623984913,-0.584869397238367,3606,31,"DTL;DCAF6;AMBRA1;GLMN;DCAF12;DCAF15;DCAF11;DCAF13;DDA1;CRBN;CUL4A;COP1;TRPC4AP;DCAF7;RBX1;DCAF16;DCAF10;DDB1;DCAF8;ARIH1;PHIP;CUL4B;DCAF1;DET1;DCAF4;DCAF5;DCAF17;ERCC8;WDTC1;CDKN1B;DDB2"
"GOCC_CUL4B_RING_E3_UBIQUITIN_LIGASE_COMPLEX",0.992784607161945,1,-0.231118464083721,-0.547220135899425,3714,23,"DTL;AMBRA1;DCAF12;DCAF15;WDR77;DCAF11;DCAF13;DDA1;CRBN;DCAF7;RBX1;DCAF16;DCAF10;DDB1;DCAF8;CUL4B;DCAF1;DCAF4;DCAF5;DCAF17;ERCC8;WDTC1;DDB2"
"GOCC_CUL5_RING_UBIQUITIN_LIGASE_COMPLEX",0.41981981981982,1,-0.468261791578511,-1.02441494731667,1630,16,"ASB4"
"GOCC_CUL7_RING_UBIQUITIN_LIGASE_COMPLEX",0.802073940486925,1,-0.415779153369987,-0.703712439789069,3557,5,"FBXW8;SKP1;RBX1;CUL7;CUL9"
"GOCC_CULLIN_RING_UBIQUITIN_LIGASE_COMPLEX",1,1,-0.14369724089865,-0.487211015690907,1844,242,"KLHL40;KBTBD13;ASB4;KLHL30;FBXO32;FBXO15;FBXL16;CCIN;DCAF12L2;KLHL6;FBXW10;KLHL4;SPSB1;FBXO4;DTL;IPP;FBXO28;TRIM21;FBXW7;UBE2S;DEPDC5;KLHL18;FZR1;DCAF6;FBXL14;FBXO31;SPOPL;AMN1;SPSB4;KLHL2;KLHL21;CACYBP;KLHL26;FBXL20;AMBRA1;GLMN;KLHL10;KCTD17;ANAPC1;DCAF12;DCAF12L1;SPOP;KDM2B;PRKN;FBXL15;KLHL13;DCAF15"
"GOCC_CUTICULAR_PLATE",0.950025759917568,1,0.322987399300779,0.585567354172425,5531,9,"PIEZO2;CALB2;FCHSD1"
"GOCC_CYCLIN_CDK_POSITIVE_TRANSCRIPTION_ELONGATION_FACTOR_COMPLEX",0.689973927470965,1,-0.442666191222439,-0.824568725557522,2910,8,"RB1;CDK9;SNW1"
"GOCC_CYCLIN_DEPENDENT_PROTEIN_KINASE_HOLOENZYME_COMPLEX",0.372093023255814,1,-0.352088459437385,-1.02948495502378,1119,71,"CDK15;CDK5R2;CCNB3;RB1;CCNP;CCNE2;GTF2H4;CDK9;CCNE1;CDK19;CCNQ;CDK14;GTF2H3;MNAT1;CCNY;CDKN2D;CCNO;CCNH;BCCIP;CDK5R1;CDK8;CDK1;MED12;SNW1;GTF2H2C;CDK2;CCNF;PCNA;CDK18;CCND3;CDK5;CKS2;CNPPD1;CCNC;CCNA2"
"GOCC_CYTOLYTIC_GRANULE",0.34978469691951,1,0.563124196086634,1.10377508213573,2111,13,"GZMB;SRGN;NKG7;SERPINB1"
"GOCC_CYTOPLASMIC_DYNEIN_COMPLEX",0.989420788151283,1,-0.232293309737237,-0.539183026465663,3740,21,"DYNLT2B;DYNC1LI1;NUDCD3;DYNC2H1;DYNC1I2;DYNC1I1;DYNC2LI1;DYNLL1;DYNLL2;DYNLT3;DYNLT5;DYNLRB1;DYNC2I2;DCTN4;DYNC1H1;SNX4;DYNLT1;TPR;DYNC1LI2;DYNC2I1;DYNLT2"
"GOCC_CYTOPLASMIC_EXOSOME_RNASE_COMPLEX",0.638726114649682,1,-0.411721721978074,-0.873963853706112,2506,14,"EXOSC3;EXOSC8;EXOSC9;DIS3L;EXOSC2"
"GOCC_CYTOPLASMIC_MICROTUBULE",0.557687111591462,1,0.340588593950369,0.954848201274852,4127,112,"CFAP206;SAA1;CFAP144;SPMIP10;PACRG;CFAP210;ENKUR;SYBU;SPACA9;EFHB;SAXO1;CFAP77;CFAP90;TOGARAM2;SAXO2;NIN;TEKT5;FAM161B;TEKT2;CIMIP2B"
"GOCC_CYTOPLASMIC_REGION",1,1,0.225331566486261,0.690559108184138,8518,334,"RSPH6A;CFAP54;CFAP206;NME8;CFAP144;SPMIP10;FABP2;PACRG;NME9;CFAP61;C1orf87;CFAP44;RSPH14;CFAP210;CFAP43;DNAJB13;ENKUR;SYBU;SPACA9;CFAP74;KIF19;EFHB;SAXO1;CFAP77;CFAP90;CCDC17;IQUB;AGBL4;DRC3;RP1L1;SAXO2;CCDC40;DNAH3;TEKT5;CFAP57;MYCBPAP;TEKT2;ODAD1;RAB27B;CIMIP2B"
"GOCC_CYTOPLASMIC_RIBONUCLEOPROTEIN_GRANULE",0.444430814524043,1,0.335317998649496,1.00576581112488,3622,241,"DDX3Y;AICDA;DDX4;MAEL;ANKRD34C;PIWIL1;SNRPGP15;NANOS3;TDRD1;NANOS2;RBFOX1;PIWIL3;ANG"
"GOCC_CYTOPLASMIC_SIDE_OF_ENDOPLASMIC_RETICULUM_MEMBRANE",0.160559440559441,1,-0.474209367959053,-1.211874394519,573,33,"EPM2A;ALG14;ALG1;FDFT1;SQLE;HMGCR;SPPL2B;DNAJA1;ALG13;LSS;HM13;THADA;SPPL2A;DEGS1;OTULINL;DNAJB2"
"GOCC_CYTOPLASMIC_SIDE_OF_ENDOSOME_MEMBRANE",0.885096700796359,1,-0.350545985850508,-0.616695500650902,3889,6,"RAB21;MICALL1;CDIP1;LITAF;RAB5A;SNX5"
"GOCC_CYTOPLASMIC_SIDE_OF_LYSOSOMAL_MEMBRANE",0.878436568400133,1,0.355812577383516,0.697425291890661,5303,13,"GFAP;BLOC1S2;BORCS5;EEF1A1;SNAPIN;BORCS6"
"GOCC_CYTOPLASMIC_SIDE_OF_MEMBRANE",1,1,-0.185257829122621,-0.620864891599229,1949,215,"GNG8;GNGT1;PGM5;NPHS2;PTPN7;TRADD;C3;TGM3;GNGT2;EPM2A;LYN;ALG14;PRMT8;ALG1;AP2A2;LRRK2;RGS16;DSG1;NTSR1;TIRAP;TRAF6;FDFT1;RGS20;KCNAB1;GNA11;SQLE;GNAT1;HMGCR;GNA14;RASAL3;SPPL2B;SYAP1;STAC2;KCNIP1;DNAJA1;CYTH1;AP2M1;FKBP1A;ATP2C2;ASPSCR1;ALG13;SOCS3;QTRT2;GNG10;GNG2;LSS;RGS19;FER;EEF1A2;HM13;THADA;GNAI3"
"GOCC_CYTOPLASMIC_SIDE_OF_MITOCHONDRIAL_OUTER_MEMBRANE",0.549819657348963,1,-0.566146198478938,-0.958210914086869,2438,5,"LRRK2;QTRT2;BECN1"
"GOCC_CYTOPLASMIC_SIDE_OF_PLASMA_MEMBRANE",1,1,-0.208993017286034,-0.677518595436114,2304,156,"GNG8;GNGT1;PGM5;NPHS2;PTPN7;TRADD;TGM3"
"GOCC_CYTOPLASMIC_SIDE_OF_ROUGH_ENDOPLASMIC_RETICULUM_MEMBRANE",0.732758620689655,1,-0.432808317596137,-0.785530581624549,3144,7,"EPM2A"
"GOCC_CYTOPLASMIC_STRESS_GRANULE",1,1,0.134664120105852,0.370715428568232,7237,96,"NANOS3;RBFOX1;ANG;PABPC1L2A;RC3H1"
"GOCC_CYTOPLASMIC_UBIQUITIN_LIGASE_COMPLEX",0.948284561049445,1,-0.295334794815584,-0.616554862100268,3758,13,"HERPUD1;SEL1L;VCP;RBX1;PLAA;ELOB;USP33;SYVN1;UBE2J1;FAM8A1;OS9;HDAC6;MARCHF6"
"GOCC_CYTOSOLIC_4FE_4S_ASSEMBLY_TARGETING_COMPLEX",0.949211908931699,1,0.32498942592379,0.559771013259526,5419,7,"CIAO3;CIAPIN1;CIAO2A;CIAO1;MMS19;CIAO2B;NDOR1"
"GOCC_CYTOSOLIC_LARGE_RIBOSOMAL_SUBUNIT",0.980450236966825,1,0.26358884763348,0.670184696505195,6619,54,"RPL9;RPL26L1;RPLP0P6;RPL13A;RPL39;RPL37;RPL41;RPL38;RPL30;RPL31;RPL23A;RPL32;RPL39L;RPL22;RPL3;RPL36;RPL35;RPL37A;RPL7A;RPL18A;RPL21;RPL15;RPLP2;RPL27;RPL4;RPL6;RPL26;RPL5;RPL23;RPL10A;RPL14;RPLP0;RPL24;RPL27A;RPL18;RPL17;RPL7"
"GOCC_CYTOSOLIC_REGION",1,1,0.169225635264809,0.414736093021431,6600,42,"ANKS1B;SENP7;PRKCB;PRKCG;PIAS3;SYT1;HTT;NEDD4;KIF5A;PPT1;PIAS1;DAG1"
"GOCC_CYTOSOLIC_TRANSLATION_PREINITIATION_COMPLEX",0.274299187843856,1,-0.500390334534931,-1.13733253962309,1046,19,"EIF3CL;EIF1AX;EIF3C;EIF2S1;EIF3J;EIF3M;EIF3I;EIF3G;DHX29;EIF3B"
"GOCC_DEATH_INDUCING_SIGNALING_COMPLEX",0.669777458722182,1,-0.437380885221473,-0.842163755567005,2798,9,"TRADD"
"GOCC_DECOY_RECEPTOR_COMPLEX",0.127232635060639,1,-0.834174799917013,-1.36087832551616,576,4,"TNFRSF6B"
"GOCC_DENDRITE_CYTOPLASM",0.999457111834962,1,-0.20257061494651,-0.501928853878583,3681,28,"LRRK2;MAP2;GRIK2;HPCA;KIF17;SOD1;WASF1;BAIAP2;KIF5C;KIF3B;STAU2;ZC3H14;TRAK2;STAU1;ABHD12;KIF5B;FLOT2;ABHD13;UHMK1;HIP1R;RAB17;DLG4;KIF5A;MAP2K1;CDKL5;KIFAP3;GRIK3;KIFC2"
"GOCC_DENDRITE_MEMBRANE",1,1,-0.147373682060112,-0.395612110034249,3387,43,"GABRG2;GABRE;SHISA7;KCNC1;DAGLA;DDN"
"GOCC_DENDRITE_TERMINUS",0.902403138793526,1,0.333784481964934,0.683955614651508,5519,16,"SLC32A1;CALB2;PTCH1;RGS7;COBL;GRM1;CDKL5"
"GOCC_DENDRITIC_GROWTH_CONE",0.996541587411378,1,0.217613320353567,0.386096011019137,5762,8,"PTCH1;COBL;CDKL5"
"GOCC_DENDRITIC_SHAFT",0.262838963793365,1,0.461293286027088,1.13053187765859,1734,42,"ZNF804A;HTR2A;GRM7;SYNDIG1;SEZ6;KIRREL3;GRM5;JPH4;HCN1;RGS7BP"
"GOCC_DENDRITIC_SPINE_HEAD",0.870052539404553,1,0.394054988715647,0.678731499298243,4967,7,"NRGN;RGS7BP;SRGAP2"
"GOCC_DENDRITIC_SPINE_MEMBRANE",0.948400412796698,1,-0.291691395461236,-0.646793692789286,3675,17,"SHISA7;DAGLA;DDN;TACR3;ATP2B2"
"GOCC_DENDRITIC_TREE",0.999782679561013,1,0.237688876845385,0.750660121814062,9200,597,"NLGN4Y;CHL1;IL1RAPL1;GLRA1;ZNF804A;GRIA2;CACNG3;CNR2;HTR2A;CD3E;SLC17A8;KCNA1;CX3CR1;RPH3A;RIT2;TACR1;PSD2;GRM7;EPHA10;SKOR1;ADCY4;CYP46A1;NPFF;BGLAP;GRID1;GNG13;ADCY8;GABRB2;SRCIN1;CPNE6;EPHB3;HTR1F;KCNB2;GABRG1;GABRG3;SLC32A1;ANKS1B;EPHA5;SYNDIG1;ELAVL4;APBA1;GABRA1;RGS8;CAMK2A;GPM6A;NIN;EPHA6;SEZ6;BRINP2;KCNK9;DGKI;GRIP1;KIRREL3;FRMPD4;PDE4B;SHISA6;DSCAM;CPEB3;CACNG8;CALB2;ALCAM;TENM2;PTCH1;GLRA3;RAB27A;SLC1A4;GPR37;KIFC2;HTR1D;PSD;TRIM9;C4B;GLRB;INPP5F;RTN4RL2;SORBS2;HTR6;SLC4A10;DRD4;NRGN;RGS7;GRM5;JPH4;GRIK3;SAMD14;MME;PCDH8;SLITRK2;HRH2;SLC8A3;CLSTN3;COBL;NCF1;SLC8A2;SARM1;HCN1;L1CAM;FEZ1;PRKCG;KIFAP3;RGS7BP;FAT3;DNM3;DCP1A;SRGAP2;FZD3;SGCE;PTCHD1"
"GOCC_DENSE_BODY",0.404240028745958,1,0.680595039120522,1.09727704197509,2249,5,"PIWIL1;PIWIL2"
"GOCC_DENSE_CORE_GRANULE",0.239545997610514,1,-0.412754155451929,-1.12104889270644,801,46,"AVP;SST;OXT;GHRL;CALCA;CRHBP;SCG2;PENK;SPX;SYT5;ADRB1;SYT4;TAC1;SYT2"
"GOCC_DENSE_CORE_GRANULE_LUMEN",0.833958103638368,1,-0.404761095170189,-0.660329947013612,3781,4,"GHRL;PENK"
"GOCC_DENSE_CORE_GRANULE_MEMBRANE",0.940121155638397,1,-0.297440129419291,-0.539842485373026,4034,7,"SYT5;SYT4"
"GOCC_DERLIN_1_RETROTRANSLOCATION_COMPLEX",0.878407205498933,1,-0.35499500115358,-0.661260745647071,3705,8,"HM13;SEL1L;VCP;SELENOS;SYVN1;RNF139;DERL1;AMFR"
"GOCC_DESMOSOME",0.705034013605442,1,-0.349710658251804,-0.859371683466998,2590,27,"DSG4;KRT80;PKP1;TCHP;VCL;DSG1"
"GOCC_DEUTEROSOME",0.209381130729445,1,0.743938763063966,1.24046633828051,1173,6,"CDC20B;PLK4"
"GOCC_DISTAL_AXON",1,1,0.214300690108051,0.647620531140481,8270,268,"UNC13C;ZNF804A;GAD1;GHRH;SLC17A8;SLC18A3;KCNA1;CNGB1;NTS;CASR;NPFF;ANG;CPLX3;NPY;CDH8;SLC32A1;ELAVL4;TULP1;ADRA2A;GPM6A;NIN;STMN2;SNAP25;SYNJ1;DSCAM;PRKCB;LRRTM1;CALB2;TENM2;PTCH1;NEFL;ITGA2;SLC4A10;GRIK3;SLC8A3;COBL;SLC8A2;EPS8;HCN1;L1CAM;FEZ1;PRKCG;AP1S1"
"GOCC_DNA_DEPENDENT_PROTEIN_KINASE_COMPLEX",0.827321911632101,1,-0.400654677930811,-0.678114038749559,3669,5,"ZBTB7A;XRCC6;UVRAG;XRCC5"
"GOCC_DNA_DEPENDENT_PROTEIN_KINASE_DNA_LIGASE_4_COMPLEX",0.957595526561044,1,-0.281039720075364,-0.510076368209731,4109,7,"XRCC4;XRCC6;XRCC5;PRKDC;NHEJ1;LIG4;ATP23"
"GOCC_DNA_LIGASE_III_XRCC1_COMPLEX",0.944133099824869,1,0.33277942095236,0.573188721845073,5390,7,"APLF;XRCC1;PNKP;POLB"
"GOCC_DNA_POLYMERASE_COMPLEX",0.997413096200485,1,0.218031003037031,0.461023393579264,6168,19,"REV3L;POLE4;CRCP;POLE2;POLG2;POLD4"
"GOCC_DNA_RECOMBINASE_MEDIATOR_COMPLEX",0.999649737302977,1,0.201920141577761,0.347792984116953,5707,7,"RAD51D;XRCC3;SWI5"
"GOCC_DNA_REPAIR_COMPLEX",0.95580706009162,1,-0.281245190087733,-0.685254094603851,3546,26,"MSH4;XRCC4;FIGNL1;MSH5;KDM1A;XRCC6;ASCC2;XRCC5;PAXX;ASCC3;PALB2;ATM;RCOR1;BRCA2;BRCA1;CYREN;PHF21A;PRKDC;NHEJ1;FIRRM;DCLRE1C;ASCC1;FANCD2;LIG4;FANCI;ATP23"
"GOCC_DNA_REPLICATION_FACTOR_A_COMPLEX",0.0209384460141271,1,-0.761269648103629,-1.58926246127124,82,13,"RPA4"
"GOCC_DNA_REPLICATION_FACTOR_C_COMPLEX",0.786970243462579,1,-0.426352416471222,-0.721607845831421,3490,5,"RFC1;RFC3;RFC2;RFC4;RFC5"
"GOCC_DNA_REPLICATION_PREINITIATION_COMPLEX",0.253784056508577,1,-0.56336777250333,-1.17611316168967,1005,13,"SLC5A8;MCM5;CDC45;MCM2;MCM6;GINS2;MCM4;MCM7"
"GOCC_DOPAMINERGIC_SYNAPSE",0.795293730459108,1,0.384713116521114,0.765839185464854,4832,14,"SV2C;ADRA2A;CHRNA6;SEPTIN4"
"GOCC_DRM_COMPLEX",0.740521910388971,1,-0.396258712397096,-0.797084664001361,3007,11,"LIN37;LIN52;E2F5;E2F4;TFDP2;TFDP1"
"GOCC_DYNACTIN_COMPLEX",0.724181045261315,1,-0.396277209445427,-0.813046040394258,2895,12,"ACTB;CAPZB;DCTN1;DCTN5;DCTN2;DCTN6;ACTR10;DCTN3;CAPZA1;ACTR1A;ACTR1B;DCTN4"
"GOCC_DYNEIN_AXONEMAL_PARTICLE",0.572029102667745,1,0.440821196093818,0.932110025427554,3537,19,"NME9;ZMYND10;DNAAF11;DNAAF3;DNAAF4"
"GOCC_DYNEIN_COMPLEX",0.988432267884323,1,-0.242651000312675,-0.669781727779816,3246,50,"DNAI3;DNAH6;DRC1;DNAL1;DNAH12;DNAH1"
"GOCC_DYSTROGLYCAN_COMPLEX",0.828196147110333,1,0.419150222883494,0.721956243051643,4728,7,"SGCA;SGCD;SGCG;SGCE"
"GOCC_DYSTROPHIN_ASSOCIATED_GLYCOPROTEIN_COMPLEX",0.731842105263158,1,-0.359545922820275,-0.827636925723926,2780,20,"SGCZ;PGM5;SNTG1"
"GOCC_EARLY_ENDOSOME",0.854997176736307,1,0.282419623825565,0.879285655302974,7570,438,"TBC1D3;MR1;CD22;HAVCR2;CD274;ATP13A4;APOA5;NOX1;TMEM207;VCAM1;ATP6V0D2;APOA2;TACR1;SNX31;REP15;CLVS1;ACKR1;STEAP4;HLA-H;TF;FCGR1A;MLC1;TMEM184A;F8A1;ACKR2;FGD2;AOC3;PLPP2;SNX32;SYNDIG1;RFTN1;HSD17B6;PLA2G4E;LNPEP;SPHK1;NRP1;KREMEN2;DKK1;NIPA1;ACKR3;HLA-G;CFTR;HYAL3;CCDC154;INPP5F;F2RL1;HLA-F;DTX3L;HLA-A;DOP1B;B2M;CXCR4;HLA-DRA;VPS16;SLC9A9;SERPINB1;MME;SORL1;AP3B2"
"GOCC_EARLY_ENDOSOME_LUMEN",0.920409629895796,1,0.370388839233917,0.597152706873034,5122,5,"LNPEP;B2M"
"GOCC_EARLY_ENDOSOME_MEMBRANE",0.264002004761308,1,0.367159681742703,1.08585444977823,2106,201,"TBC1D3;MR1;CD274;ATP13A4;TMEM207;REP15;CLVS1;STEAP4;HLA-H;FCGR1A;TMEM184A;FGD2;PLPP2;SNX32;SYNDIG1;HSD17B6;PLA2G4E;SPHK1;KREMEN2;DKK1;HLA-G;CFTR;INPP5F;HLA-F;DTX3L;HLA-A;DOP1B;B2M;HLA-DRA;SLC9A9"
"GOCC_EARLY_PHAGOSOME",0.48625372639947,1,0.507489463878994,0.994725903395342,2935,13,"PLA2G5;TLR7;SLC9A9"
"GOCC_EARP_COMPLEX",0.993688007213706,1,-0.240955054019762,-0.407820035154253,4407,5,"EIPR1;VPS53;VPS52;VPS51;VPS50"
"GOCC_EGG_COAT",0.535727646838758,1,0.682372429857513,1.005203402166,2863,3,"ZP2;OVGP1"
"GOCC_EKC_KEOPS_COMPLEX",0.658250676284941,1,-0.502900462126882,-0.851166558751053,2919,5,"OSGEP;TP53RK"
"GOCC_ELASTIC_FIBER",0.811767357980162,1,-0.40970433311546,-0.69343071559019,3600,5,"FBLN5;MFAP4;EFEMP2;FBLN1;ELN"
"GOCC_ELG1_RFC_LIKE_COMPLEX",0.765870307167235,1,-0.426368809597047,-0.750086257180854,3365,6,"RFC1;RFC3;RFC2;RFC4;ATAD5;RFC5"
"GOCC_ELONGATOR_HOLOENZYME_COMPLEX",0.710125142207053,1,-0.45523505680686,-0.800868994663291,3120,6,"ELP5;ELP3;ELP4;ELP1"
"GOCC_ELONGIN_COMPLEX",0.806109383574172,1,0.485936821042785,0.749315460386214,4406,4,"EPOP;ELOA;ELOB"
"GOCC_EMC_COMPLEX",0.811370754035172,1,-0.374327026611291,-0.737026298377854,3367,10,"EMC8;EMC9;EMC4;EMC2;EMC6;MMGT1;EMC1;EMC7;EMC10;EMC3"
"GOCC_ENDOCYTIC_VESICLE",0.998353909465021,1,0.244542843703986,0.748728404648707,8490,329,"DMBT1;CD163;CUBN;GRIA2;CACNG3;SLC11A1;HLA-DRB5;MPO;SAA1;PLA2G5;SLC18A3;MSR1;ATP6V0D2;STAB2;SCIMP;NOSTRIN;AVPR1A;WNT7B;HLA-H;HBA1;TF;FCGR1A;WAS;ARRB1;ANG;CPNE6;CD36;WNT4;AREG;TLR6;CAMK2A;SPHK1;WNT5A;HPX;TLR7;RAB7B;TAP1;CACNG8;SH3KBP1;SCGB3A2;HLA-G;PTCH1;CFTR;STXBP4;INPP5F;HLA-F;ROR2;DPP4;HLA-A;B2M;HLA-DQB1;CD82"
"GOCC_ENDOCYTIC_VESICLE_LUMEN",0.696549500161238,1,0.396969582147637,0.848344327682236,4319,20,"MPO;SAA1;HBA1;HPX;SCGB3A2"
"GOCC_ENDOCYTIC_VESICLE_MEMBRANE",0.946263750158048,1,0.27044160892208,0.79624025009024,7483,190,"DMBT1;CD163;GRIA2;CACNG3;SLC11A1;HLA-DRB5;SLC18A3;MSR1;ATP6V0D2;STAB2;NOSTRIN;WNT7B;HLA-H;TF;FCGR1A;ARRB1;CD36;WNT4;AREG;TLR6;CAMK2A;WNT5A;RAB7B;TAP1;CACNG8;HLA-G;PTCH1;CFTR;HLA-F;ROR2;HLA-A;B2M;HLA-DQB1;HLA-DRA;SLC9A9"
"GOCC_ENDODEOXYRIBONUCLEASE_COMPLEX",0.910348544735897,1,0.382939766133459,0.617387711759599,5066,5,"EME1;RAG1;SLX4"
"GOCC_ENDOLYSOSOME",0.999214824120603,1,0.219462013790629,0.506922581140758,6362,30,"RUFY4;TLR7;DOP1A;SLC15A4;TLR3;CTSK;RASEF;CTSB;SLC48A1;SMPD1;ATG16L1;PRKCD;RUFY3"
"GOCC_ENDOLYSOSOME_LUMEN",0.752880921895006,1,0.524469626296243,0.808733116052866,4115,4,"CTSK;CTSB;LGMN;CTSL"
"GOCC_ENDOLYSOSOME_MEMBRANE",0.995366795366795,1,-0.206412799686658,-0.451568676153756,3866,16,"AP2A2;PCSK9;LDLR;AP2M1;RNF167"
"GOCC_ENDONUCLEASE_COMPLEX",0.999550022498875,1,0.206500808749904,0.515317345437975,6663,48,"ERN1;RPPH1;RPP25L;EME1;RAG1;SLX4;AGO4;MDN1;TARBP2;PRKRA;AGO2;WDR18;POP7;POP4;TSNAX;DGCR8;MUS81;RPP38;NEPRO;RPP30;NOL9;TSEN2;DICER1;HSD17B10;C18orf21;POP5;CLP1;POP1;DHX9;AGO3;DROSHA;RPP14;RPP21;TRMT10C;TSN;ELAC2;RPP25;TEX10;LAS1L;PELP1;RPP40;TSEN54;AGO1;TSEN15;SENP3;PRORP;TSEN34;EME2"
"GOCC_ENDOPEPTIDASE_COMPLEX",1,1,0.144384548146423,0.404179400747494,7379,111,"F2;CAPNS2;PSMB9;THBD;PROC;MASP1;PSMB8;COLEC11;F5;MASP2;PRICKLE1;PIDD1;PSME1"
"GOCC_ENDOPLASMIC_RETICULUM_CHAPERONE_COMPLEX",0.584173645530679,1,0.503563617410486,0.932657299542663,3417,10,"MZB1;P4HB;PDIA6;HSP90B1;HYOU1"
"GOCC_ENDOPLASMIC_RETICULUM_ENDOSOME_MEMBRANE_CONTACT_SITE",0.803459960763332,1,0.450031842960474,0.750396914455189,4504,6,"TMCC1;MOSPD2;STARD3"
"GOCC_ENDOPLASMIC_RETICULUM_EXIT_SITE",0.100046678076863,1,0.558768284411699,1.31312419494004,642,33,"CTAGE9;SEC16B;CTAGE15;CRYZL2P-SEC16B;CTAGE8;PLPP3;CTAGE4;HLA-A;SEC31B"
"GOCC_ENDOPLASMIC_RETICULUM_GOLGI_INTERMEDIATE_COMPARTMENT",1,1,0.167128869474897,0.475877402654272,7526,132,"SERPINA1;GJB2;FTCD;STING1;ATP2A1;AREG;MGAT4A;FN1;TAP1;F5;PLPP3;TAPBP;ROBO1;STX17;TAP2;TRIP11;GRIA1;GOLGB1;TMED4;NUCB1;CLN8;RGMB;CA4;TRAPPC2B;DDHD2;LMAN1"
"GOCC_ENDOPLASMIC_RETICULUM_GOLGI_INTERMEDIATE_COMPARTMENT_MEMBRANE",1,1,0.142435838339888,0.382034725814294,7051,78,"SERPINA1;STING1;AREG;TAP1;F5;PLPP3;TAPBP;ROBO1;STX17;TAP2;TRIP11"
"GOCC_ENDOPLASMIC_RETICULUM_LUMEN",0.971544231456126,1,0.262791559839312,0.800644493584365,8159,303,"IL12B;APOA5;IGFBP1;SERPINA1;FMO1;CYP2W1;ITIH2;F2;ERAP2;GIP;ALB;LIPC;CASQ2;COL21A1;MSLN;APOA2;WNT7B;COL13A1;BGLAP;COL10A1;TF;WNT4;FGF23;MZB1;MTTP;COL8A1;MGAT4A;IGFBP3;TBXAS1;PROC;PDGFA;COL6A3;VTN;IL6;WNT5A;COL17A1;COL12A1;FN1;ARSG;ERAP1;COL22A1;FKBP7;COL28A1;F5;CST3;IGFBP5;EVA1A;VGF;FBN1;PNPLA2;B2M;CASQ1;PDGFC;RDH5"
"GOCC_ENDOPLASMIC_RETICULUM_PLASMA_MEMBRANE_CONTACT_SITE",0.98234106962664,1,-0.24775970154994,-0.517234851106905,3893,13,"STIMATE;GRAMD1C;BLTP2;GRAMD1B;OSBPL5;C2CD2L;SARAF;ESYT3;GRAMD1A;SACM1L;ESYT2;C1orf43;BLTP1"
"GOCC_ENDOPLASMIC_RETICULUM_PROTEIN_CONTAINING_COMPLEX",0.999597099113618,1,-0.195691667804713,-0.6213986895212,2480,129,"PLN;TAPBPL;ALG14;TREX1;RP9;POMT1;PIGA;AFG2B;INSIG1;SREBF1;EMC8;PIGH;SPCS2;UGT3A1;FKBP1A;RYR1;ALG13;DPM2;SREBF2;DNAJB11;HM13;SRP9;SEC61G;EMC9;HERPUD1;SEC61B;ELOVL6;SEL1L;EMC4;SEC63;EXT1;UFD1;FAF2;TRAF2;PIGY;PIGQ;SSR2;EMC2;SEC61A2;VCP;UGT3A2;EMC6;STT3A;MAP3K5;PIGU;INSIG2;ZW10"
"GOCC_ENDOPLASMIC_RETICULUM_QUALITY_CONTROL_COMPARTMENT",0.802863961813842,1,0.352941242017236,0.780900209192466,5045,24,"ASGR2;ERN2;RNF103;EDEM2;MARCHF6;UGGT2;FBXO6;UGGT1;AMFR;EDEM3;DERL1;RNF139;CALR;TRIM13;ERLEC1;CANX"
"GOCC_ENDOPLASMIC_RETICULUM_TUBULAR_NETWORK",0.993395707209686,1,-0.239724445812808,-0.602507456352799,3609,30,"PARP16;STIMATE;ARV1;KPNB1;TMEM201;REEP4;EMD;RAB18;RTN4;PARP6;REEP1;ATL2;REEP5;ZFYVE27;ASPH;C2CD2L;RAB10;RNF41;LNPK;ATL1;ARL6IP1;OSBPL8;RAB3GAP1;REEP2;SPAST;STIM1;REEP3;PARP8;ATL3;RETREG3"
"GOCC_ENDOPLASMIC_RETICULUM_TUBULAR_NETWORK_MEMBRANE",0.861660079051383,1,0.423835797998661,0.683321599452278,4795,5,"ATL3;ATL1;LNPK;ATL2;RTN4"
"GOCC_ENDOSOME",1,1,0.227161043200504,0.729613065633078,9697,1056,"TBC1D3;TBC1D3C;MR1;CD22;HAVCR2;TBC1D3D;CD274;TBC1D3I;CLEC18B;ATP13A4;IL12B;APOA5;CUBN;SLC11A1;AQP2;HLA-DRB5;NOX1;TMEM207;SLC17A8;PLA2G5;ZP2;SLC34A1;CLEC18C;VCAM1;CX3CR1;ATP6V0D2;ANXA8;GALNTL5;IL2RG;SLC36A2;APOA2;TACR1;SNX31;TMEM45B;AVPR1A;HLA-DMB;REP15;CLVS1;ACKR1;STEAP4;HLA-H;STING1;SLA2;TF;IL15;FCGR1A;MLC1;TMEM184A;F8A1;ACKR2;ACP3;CPNE6;LHCGR;FGD2;CD1C;AOC3;IL2RB;NGF;PLPP2;SNX32;GPR182;SYNDIG1;AVPR1B;DENND6B;RFTN1;HSD17B6;RUFY4;PLA2G4E;CALY;TOM1L2;STMN2;LNPEP;UBAP1L;SPHK1;NRP1;MYCBPAP"
"GOCC_ENDOSOME_LUMEN",0.539234850600391,1,-0.368793960049072,-0.948813856547498,1930,34,"SFTPB;NAPSA;GH1;PRF1"
"GOCC_ENDOSOME_MEMBRANE",1,1,0.208311928512567,0.657092483854908,9170,577,"TBC1D3;MR1;CD274;ATP13A4;SLC11A1;HLA-DRB5;TMEM207;CX3CR1;ATP6V0D2;ANXA8;GALNTL5;SLC36A2;TMEM45B;HLA-DMB;REP15;CLVS1;STEAP4;HLA-H;SLA2;TF;FCGR1A;TMEM184A;FGD2;CD1C;PLPP2;SNX32;SYNDIG1;HSD17B6;PLA2G4E;UBAP1L;SPHK1;KREMEN2;ABCA3;RAB27B;TLR7;DKK1;RAB7B;MCOLN2;HLA-G;CFTR;RAB27A;RHOU;INPP5F;HLA-F;DTX3L;COMMD3;HLA-A;DOP1B;B2M;SLC39A4;SLC46A2;HLA-DQB1;HLA-DRA;VPS16;SLC9A9;GPR62;THSD1;SORL1;CHMP4C;AQP4;RNF144A;HLA-DOA;TRAF3;OCA2;OPTN;MARCHF2;GGA1;SLC15A4;WIPI1;HLA-DRB1;ZDHHC1;TOM1;SUN2;ABCA7"
"GOCC_ENZYME_ACTIVATOR_COMPLEX",0.267770700636943,1,-0.543601685049011,-1.15390614142013,1050,14,"FNIP2;SLC38A9;LAMTOR4;LAMTOR5;LAMTOR2;PSMC3IP;PCNA;RRAGA;GNB5;RRAGC;LAMTOR1;LAMTOR3"
"GOCC_EPSILON_DNA_POLYMERASE_COMPLEX",0.951670858785483,1,0.336395380964345,0.542347368613826,5296,5,"POLE4;POLE2"
"GOCC_ER_MEMBRANE_INSERTION_COMPLEX",0.494522292993631,1,-0.457985389917742,-0.972167983730821,1940,14,"NOMO3;SGTB;GET4;NCLN;UBL4A;WDR83OS;SGTA;BAG6;CCDC47;RAB5IF"
"GOCC_ER_TO_GOLGI_TRANSPORT_VESICLE_MEMBRANE",0.907775504238527,1,0.293145362359283,0.757776396598418,6210,60,"HLA-DRB5;SEC16B;HLA-H;AREG;CRYZL2P-SEC16B;HLA-G;HLA-F;HLA-A;B2M;HLA-DQB1;HLA-DRA;SEC31B;STX17;HLA-DRB1;HLA-B;GRIA1"
"GOCC_ER_UBIQUITIN_LIGASE_COMPLEX",0.941752096924511,1,-0.295266658976429,-0.535897719453075,4041,7,"HERPUD1;SEL1L;SYVN1;UBE2J1;FAM8A1;OS9;MARCHF6"
"GOCC_ESC_E_Z_COMPLEX",0.503591250408097,1,0.474203827735445,0.981337254588724,3084,17,"DNMT3L;PHF19;EPOP;LCOR;SIRT1;TRIM37;SUZ12"
"GOCC_ESCRT_COMPLEX",0.987431693989071,1,-0.248585943323587,-0.620568009653657,3613,29,"VPS37B;VPS37D;VPS25;CHMP6;VPS37A;CHMP1A;HGS;CHMP4B;UEVLD;CHMP4A;STAM;CHMP2B;DIAPH3;MVB12A;CHMP7;SNF8"
"GOCC_ESCRT_I_COMPLEX",0.945736434108527,1,-0.29835153255114,-0.612130918469256,3781,12,"VPS37B;VPS37D;VPS37A;UEVLD"
"GOCC_EUCHROMATIN",0.433170875793827,1,0.394555979786362,1.01155780582272,2932,57,"H2AB2;POU4F2;TCF23;H2AB3;ID2;H1-1;H1-0;KLF4;H1-5"
"GOCC_EUKARYOTIC_48S_PREINITIATION_COMPLEX",0.299277605779154,1,-0.502880960352524,-1.11508340129648,1159,17,"EIF3CL;EIF1AX;EIF3C;EIF2S1;EIF3J;EIF3M;EIF3I;EIF3G;EIF3B"
"GOCC_EUKARYOTIC_TRANSLATION_ELONGATION_FACTOR_1_COMPLEX",0.800495942290352,1,-0.417432427236726,-0.706510630552055,3550,5,"EEF1A2;EEF1B2;EEF1G;EEF1D;EEF1A1"
"GOCC_EUKARYOTIC_TRANSLATION_INITIATION_FACTOR_2_COMPLEX",0.630297565374211,1,-0.518361005913506,-0.877333760498346,2795,5,"EIF2S1;EIF2S3;EIF2S3B;EIF2S2"
"GOCC_EUKARYOTIC_TRANSLATION_INITIATION_FACTOR_2B_COMPLEX",0.783137962128043,1,-0.429120688992272,-0.726293188504328,3473,5,"EIF2B3;EIF2B4;EIF2B1;EIF2B5;EIF2B2"
"GOCC_EUKARYOTIC_TRANSLATION_INITIATION_FACTOR_3_COMPLEX",0.338223938223938,1,-0.497192302931062,-1.08770614210573,1313,16,"EIF3CL;EIF3C;DDX3X;COPS5;EIF3J;EIF3M;EIF3I;EIF3G;EIF3B"
"GOCC_EUKARYOTIC_TRANSLATION_INITIATION_FACTOR_3_COMPLEX_EIF3M",0.649813606710158,1,-0.470719421694159,-0.854337788975718,2788,7,"EIF3M;EIF3I;EIF3B;EIF3F;EIF3D;EIF3A;EIF3H"
"GOCC_EUKARYOTIC_TRANSLATION_INITIATION_FACTOR_4F_COMPLEX",0.961079827757536,1,0.29875774008692,0.585592576903571,5802,13,"EIF4EBP3;EIF4E1B;EIF4G3;EIF4B;EIF4E2;EIF4A2;EIF4E3;EIF4A1;EIF4G1;EIF4H;EIF4G2;EIF4E;OTUD6B"
"GOCC_EXCITATORY_SYNAPSE",0.0295224312590449,1,0.535753770479417,1.40750569808616,203,68,"NLGN4Y;UNC13C;GRIA2;CACNG3;SLC17A8;CNTN6;CBLN3;ADCY8;PLXNC1;SYNDIG1;GPM6A;ATP2B3;PDE4B;SLC16A7;SHISA6;CALB2"
"GOCC_EXOCYST",0.85847208619001,1,0.35083892483553,0.726040759614105,5258,17,"EXOC3L4;EXOC3L2;MYRIP;WASHC1;EXOC8;EXOC4;EXOC6;EXOC7;EXOC5"
"GOCC_EXOCYTIC_VESICLE",0.990960588164397,1,0.251405507480043,0.760499960743189,8221,270,"UNC13C;TH;SLC17A8;SYTL3;SLC18A3;RPH3A;SYT15;SV2C;CPLX3;NGF;SLC32A1;SLC6A2;SYNDIG1;APBA1;SNAP25;KCNK9;DMXL2;DGKI;KIRREL3;RAB27B;PDE4B;RAB27A;SV2B;TRIM9;SYTL1;SYNGR4;SYTL2;SYNGR1;DOC2A"
"GOCC_EXON_EXON_JUNCTION_COMPLEX",0.50383496429516,1,-0.414263313050829,-0.96155910446625,1904,21,"CCDC9;SRSF1;UPF1;SMG6;PYM1;UPF3B;RNPS1;ALYREF;TDRD3;SAP18;RBM8A;EIF4A3;UPF2;R3HCC1L;MAGOH;UPF3A"
"GOCC_EXORIBONUCLEASE_COMPLEX",0.740231743465373,1,-0.345058619410752,-0.840735558022555,2746,26,"EXOSC3;EXOSC8;WDR74;NVL;MTREX;EXOSC9;DIS3L;LAS1L;KHSRP;EXOSC2;C1D;ZFP36"
"GOCC_EXOSOME_RNASE_COMPLEX",0.390108436921449,1,-0.448419173098331,-1.04083930419642,1474,21,"EXOSC3;EXOSC8;WDR74;NVL;MTREX;EXOSC9;DIS3L;KHSRP;EXOSC2;C1D;ZFP36"
"GOCC_EXTERNAL_ENCAPSULATING_STRUCTURE",1,1,0.21349360319804,0.664548632941692,8843,437,"ADAMTS18;DMBT1;MUC6;SERPINA1;TPSAB1;SRGN;CLEC3B;ITIH1;ITIH2;A2M;ZP2;F2;IL7;PLG;IMPG1;ANXA8;RBP3;COL21A1;SERPINF2;VWC2;PXDNL;GP6;HRNR;ADAMTSL5;SPOCK2;KAZALD1;COL13A1;COL10A1;BMPER;PRG4;DGCR6;S100A4;HAPLN1;ANG;SERPINB9;WNT4;NTN1;SPOCK3;FBN3;FBLN7;FMOD;COL8A1;ANGPTL6;SPON2;HMCN1;COL6A3;RTBDN;VTN;WNT5A;PTX3;HPX;SMOC2;MATN1;BCAN;COL17A1;ADAMTS3;COL12A1;CDH13;LAMA3;ECM1;FN1;OPTC;FGL2;MATN4;CLC;COL22A1;SSPOP;CCBE1;COL28A1;ACTA2;CCN3;HPSE2;PODNL1;THBS2;PAPLN;LAMA4;EDIL3;LGALS9;FBN1;EMILIN1;SMOC1;ADAMTS14;TFPI2;SERPINB1;HAPLN2;FRAS1;THBS4;PKHD1L1;CCDC80;WNT2B;COL6A6;SPAG6;PF4;ANXA2P2;LAMA5;VWA2;L1CAM;ADAMTS9"
"GOCC_EXTERNAL_SIDE_OF_APICAL_PLASMA_MEMBRANE",0.757224118316268,1,-0.432736706766208,-0.761288934408212,3327,6,"LCT;ABCG2;SLC7A5"
"GOCC_EXTRINSIC_COMPONENT_OF_CYTOPLASMIC_SIDE_OF_PLASMA_MEMBRANE",0.957885304659498,1,-0.26767955522477,-0.72702325348201,3206,46,"GNG8;GNGT1;TGM3;GNGT2"
"GOCC_EXTRINSIC_COMPONENT_OF_MEMBRANE",0.999350396258282,1,0.230772862659108,0.668144143841747,7691,156,"CDH12;CUBN;CNR2;RPH3A;CDH20;VWC2;GNAT2;CDH5;GNG5B;GNG13;PIK3R6;CDH8;CDH11;GFRA3;CDH13;ARHGEF25;GNG11;GFRA1;DOC2A;CDHR3;KIAA1755;PIK3R5"
"GOCC_EXTRINSIC_COMPONENT_OF_MITOCHONDRIAL_INNER_MEMBRANE",0.479030754892824,1,-0.553094441504708,-1.00384530672055,2055,7,"COQ3;COQ6"
"GOCC_EXTRINSIC_COMPONENT_OF_ORGANELLE_MEMBRANE",0.984889454429776,1,0.262208069876194,0.584965360220033,6191,25,"RPH3A;DOC2A;ATP6V1A"
"GOCC_EXTRINSIC_COMPONENT_OF_PLASMA_MEMBRANE",0.976577569578396,1,0.262824922451482,0.726045701505331,7087,99,"CDH12;CUBN;CNR2;CDH20;VWC2;GNAT2;CDH5;GNG5B;GNG13;CDH8;CDH11;CDH13;GNG11"
"GOCC_EXTRINSIC_COMPONENT_OF_POSTSYNAPTIC_MEMBRANE",0.749957066804053,1,0.441399465093521,0.800245202962979,4366,9,"VWC2;CTNNA2;FARP1"
"GOCC_EXTRINSIC_COMPONENT_OF_PRESYNAPTIC_ENDOCYTIC_ZONE_MEMBRANE",0.947926059513075,1,-0.298070534332291,-0.504488840395404,4204,5,"AP2M1;PICALM"
"GOCC_EXTRINSIC_COMPONENT_OF_PRESYNAPTIC_MEMBRANE",0.964818266542404,1,-0.273464836390203,-0.496328243358545,4140,7,"AP2M1;PICALM;STXBP1;AP2B1;DNAJC6;CTNNA2;SNAP91"
"GOCC_EXTRINSIC_COMPONENT_OF_SYNAPTIC_MEMBRANE",0.951937224129475,1,0.304889278699014,0.62474664126281,5822,16,"VWC2;SARM1;SNAP91;CTNNA2;FARP1"
"GOCC_EXTRINSIC_COMPONENT_OF_SYNAPTIC_VESICLE_MEMBRANE",0.699816758287523,1,0.431957313358879,0.834342292660625,4200,12,"RPH3A;DOC2A;ATP6V1A;ATP6V1G2"
"GOCC_F_ACTIN_CAPPING_PROTEIN_COMPLEX",0.933597390493942,1,-0.302726189102934,-0.549436481996882,4006,7,"ADD2;CAPZB;MTPN;ADD1;CAPZA2;CAPZA1;CAPG"
"GOCC_FACIT_COLLAGEN_TRIMER",0.84430176565008,1,0.424733183444203,0.708213152710734,4733,6,"COL12A1;COL9A1;COL9A3;COL16A1"
"GOCC_FANCONI_ANAEMIA_NUCLEAR_COMPLEX",0.957870837537841,1,-0.285296719356948,-0.595598901817918,3796,13,"FAAP24;CENPS;FAAP20;FANCG;CENPX;FANCF;FANCL;FANCA;FAAP100;FANCE;FANCC;FANCB;FANCM"
"GOCC_FAR_SIN_STRIPAK_COMPLEX",0.986584107327141,1,-0.236719621494788,-0.524899810295032,3823,17,"STK26;STK25;PPP2CB;PPP2CA;STRN3;MOB4;PPP2R1A;PDCD10;STK24;STRN4;CTTNBP2;SLMAP;STRIP1;STRN;STRIP2;CTTNBP2NL;SIKE1"
"GOCC_FASCIA_ADHERENS",0.747570514339891,1,-0.419058677587349,-0.780594241357788,3153,8,"NRAP;VCL"
"GOCC_FC_RECEPTOR_COMPLEX",0.404227459783015,1,0.74947565707121,1.10405322279197,2160,3,"FCGR3A;FCER1G"
"GOCC_FEMALE_GERM_CELL_NUCLEUS",0.646085997794928,1,-0.530334486735871,-0.865191214532471,2929,4,"GTF2B;AURKA;MARCKS;WAPL"
"GOCC_FEMALE_PRONUCLEUS",0.516152189519024,1,-0.499333046431512,-0.961450780933282,2156,9,"DPPA3"
"GOCC_FHF_COMPLEX",0.574605954465849,1,0.55210616458435,0.950963331492162,3280,7,"HOOK3;HOOK1;HOOK2;AKTIP;FHIP1A;FHIP1B"
"GOCC_FIBRILLAR_CENTER",1,1,0.170939597535956,0.473073109014555,7283,100,"EN2;STOX1;FOXA1;SAP30L;FOXL2NB;RNMT;ZNF385B;AFF4;SESN1;BCL9L;DEPDC1;PAK6;NFIB;EIF3L"
"GOCC_FIBRILLAR_COLLAGEN_TRIMER",0.862875430822255,1,-0.350300833429443,-0.704639200042861,3504,11,"COL3A1"
"GOCC_FIBRINOGEN_COMPLEX",0.791929666366096,1,-0.423164911965585,-0.716212946750215,3512,5,"FGA"
"GOCC_FICOLIN_1_RICH_GRANULE",1,1,-0.166935816082603,-0.545500698281388,2182,169,"CD93;PRG2;TBC1D10C;CALML5;HSPA6;CFD"
"GOCC_FICOLIN_1_RICH_GRANULE_LUMEN",1,1,-0.176858154514911,-0.554649914622692,2511,119,"PRG2;CALML5;HSPA6;CFD;AMPD3;VCL;IMPDH1;HSPA8;ACLY;HSPA1A;LRG1;DDX3X;PSMC2;ATG7;PSMD14;KPNB1;ALDOC;PSMA5;HSPA1B;ARPC5;TIMP2;PSMB1;IDH1;HSP90AB3P;PSMD3;PSMD2;GSDMD;PSMD12;HSP90AA1;GPI;PSMD11;PSMD6;CDA;MIF;GYG1;PSMB7;GLB1;PRDX4;FTH1;COMMD9;XRCC6;PNP"
"GOCC_FICOLIN_1_RICH_GRANULE_MEMBRANE",0.972011314574959,1,0.270129572894634,0.678988560655525,6528,50,"SLC11A1;CLEC4D;ITGB2;MGAM;ITGAX;FCER1G;TRPM2;UBR4;PTPRN2;DSP;ATAD3B;CR1"
"GOCC_FILAMENTOUS_ACTIN",0.172499311104988,1,-0.475199853467667,-1.20217268869961,625,31,"TMSB15C;MYO1A;MYO3A;PDLIM4;APC2;PDLIM7;ACTG1"
"GOCC_FILOPODIUM",0.999862788144896,1,0.21913915886259,0.607131666824872,7286,101,"VCAM1;ERMN;SCIMP;MYO1G;ACP3;GPM6A;MORN4;ITGB3;ADGRA2;TENM2;HLA-G;ACTA2;INPPL1;MYO3B;RIPOR2;FZD3;MYO6;FSCN3;ACTN2;UTRN;RAPGEF3;MYO10;PDPN;NLGN1;FARP1;ITGA3;TRPV4;ITGAV;KITLG;TTYH1"
"GOCC_FILOPODIUM_MEMBRANE",0.712577962577963,1,-0.371779443364118,-0.835239160743371,2741,18,"TBC1D10C"
"GOCC_FILOPODIUM_TIP",0.992983367983368,1,-0.218390570863677,-0.49063594122334,3820,18,"VIL1;MYO3A"
"GOCC_FILTRATION_DIAPHRAGM",0.805404124200047,1,-0.39452824554672,-0.734900606998094,3397,8,"NPHS2"
"GOCC_FLEMMING_BODY",0.93478846672056,1,-0.291679188717633,-0.710676539275705,3468,26,"OR2A4"
"GOCC_FLOTILLIN_COMPLEX",0.770997846374731,1,-0.397103319354544,-0.764610512428786,3221,9,"SLC6A3"
"GOCC_G_PROTEIN_COUPLED_RECEPTOR_COMPLEX",0.944866612772837,1,0.305683716195904,0.646363784230359,5843,19,"CXCL8;ACKR1;CALCR;TAS1R3"
"GOCC_G_PROTEIN_COUPLED_RECEPTOR_DIMERIC_COMPLEX",0.351040918880115,1,-0.576328495106321,-1.10970320441244,1466,9,"TAS1R1;GABBR2;RAMP3"
"GOCC_GABA_ERGIC_SYNAPSE",0.327652031633488,1,0.38281210752919,1.06503473314669,2402,105,"NLGN4Y;GAD1;ERBB4;CNTN5;LRFN5;IQSEC3;GRID1;GABRB2;GABRG3;NPY;SLC32A1;GABRR1;GABRA1;ADRA2A;ATP2B3;SLITRK1;SLITRK3;NXPH1;LRRTM1;SH3KBP1"
"GOCC_GABA_RECEPTOR_COMPLEX",0.656646083847904,1,0.415383153986302,0.87008350628448,4040,18,"GABRB2;GABRG1;GABRG3;GABRR1;GABRA1;GABRP"
"GOCC_GAMMA_DELTA_T_CELL_RECEPTOR_COMPLEX",0.660867697594502,1,-0.558251717824024,-0.865827793668024,3076,3,"TRGC1"
"GOCC_GAMMA_SECRETASE_COMPLEX",0.969245107176142,1,-0.269119852347445,-0.488442263113956,4159,7,"PSEN2;TMED10;NCSTN;APH1A;PSENEN;PSEN1;APH1B"
"GOCC_GAMMA_TUBULIN_COMPLEX",0.981891673403395,1,0.27017307682455,0.571277052329343,6072,19,"PDE4B;TUBG2;BLOC1S2;TUBGCP5;MARK4;TUBGCP4;CPAP;BRCA1;CDK5RAP2;TUBG1;NME7;MZT2A"
"GOCC_GAMMA_TUBULIN_RING_COMPLEX",0.754040404040404,1,0.42044774922146,0.796285799834268,4478,11,"TUBG2;TUBGCP5;TUBGCP4;BRCA1;CDK5RAP2;TUBG1;NME7;MZT2A"
"GOCC_GAP_JUNCTION",0.700970256083983,1,0.381264106265394,0.850569913297523,4406,25,"GJA10;GJA9;GJD4;GJB2;CALB2;CCN3;GJA5;GJA3;PANX1;GJA4"
"GOCC_GARP_COMPLEX",0.878944995491434,1,-0.364181629435964,-0.616382858302391,3898,5,"EIPR1;VPS53;VPS54;VPS52;VPS51"
"GOCC_GATOR1_COMPLEX",0.935321595400647,1,0.354808855559592,0.57203415998754,5205,5,"SZT2;NPRL2;NPRL3"
"GOCC_GATOR2_COMPLEX",0.604882154882155,1,0.478814272991118,0.906826132490412,3592,11,"SZT2;CASTOR2;CASTOR1;SESN3;SESN1;SESN2"
"GOCC_GBAF_COMPLEX",0.679745222929936,1,-0.399846793416529,-0.848756880709226,2667,14,"ACTL6B;ACTB;SMARCA4;ACTL6A;BICRA;BCL7A;BCL7C"
"GOCC_GEMINI_OF_CAJAL_BODIES",0.477119279819955,1,-0.480788319121849,-0.986438356313455,1907,12,"GEMIN8;ZPR1;SMN1;SMN2;GEMIN5;HABP4"
"GOCC_GERM_CELL_NUCLEUS",1,1,-0.180275763401691,-0.456066216381381,3628,31,"REC8;HSPA2;H2AX;DYNLT2B;DYNC1LI1;DYNC2H1;DYNC1I2;TERF2;TRIP13;DYNC1I1;DYNC2LI1;RPA1"
"GOCC_GID_COMPLEX",0.864844903988183,1,-0.349651963235011,-0.703333980839528,3512,11,"GID4;RANBP10;ARMC8;MKLN1;MAEA;RANBP9;WDR26;RMND5A;GID8;RMND5B;YPEL5"
"GOCC_GINS_COMPLEX",0.48038773669973,1,-0.607582152950551,-1.02834188717647,2130,5,"SLC5A8"
"GOCC_GLIAL_CELL_PROJECTION",0.315232612416368,1,0.467423752615508,1.09846148389635,2025,33,"SLC17A8;MLC1;SLC1A2;GFAP;ATP1B2;CRB1;GRM5;SCN7A;ADGRG1;AQP4;ABCA7"
"GOCC_GLUTAMATERGIC_SYNAPSE",1,1,0.189037437442958,0.595555112131171,9142,558,"NLGN4Y;IL1RAPL1;CACNG3;HTR2A;SLC17A8;PLG;ERBB4;CBLN2;LRFN5;PSD2;VWC2;CASR;P2RX1;GRID1;GRIK1;SLC1A2;ADCY8;SRCIN1;CDH8;NTN1;ANKS1B;PLXNC1;GABRR1;SYNDIG1;APBA1;ADRA2A;GPM6A;ATP2B3;CALY;SLITRK1;SNAP25;NRP1;CDH11;DGKI;WNT5A;BCAN;NXPH1;TRIM47;ITGB3;SLC16A7;TENM4;SHISA6;CACNG8;SH3KBP1;NRG3;LRRTM3;NPY2R;EPB41L3;PDE10A;DOC2A;ADGRB3;DRD4;CADPS;NRGN;RGS7;CADPS2;GRM5;NRN1;GRIK3;NPTX1;PCDH9;PRICKLE1;SLITRK4;PCDH8;C1QL2;SLITRK2;NTRK3;CLSTN3;EPS8;CRHR1;GRIN2D;DIXDC1;SARM1;HCN1;LAMA5;FILIP1;KIFAP3;RGS7BP;PIAS3;SRGAP2;FZD3;NRCAM;PRSS12;ZDHHC8;NETO2;IL1RAP;CARMIL3"
"GOCC_GLYCINERGIC_SYNAPSE",0.112259194395797,1,0.77130022281415,1.32850940003575,640,7,"GLRA1;IQSEC3;ITGB3;GLRA3;GLRB"
"GOCC_GLYCOCALYX",0.914733676975945,1,-0.364428629537894,-0.565215343164821,4258,3,"CCIN"
"GOCC_GLYCOGEN_GRANULE",0.996406755300036,1,0.248217139660279,0.400183593941414,5545,5,"PPP1R3E;PCYT1A"
"GOCC_GLYCOPROTEIN_COMPLEX",0.929673826571201,1,0.307264301587125,0.679837686339431,5842,24,"SGCA;GP5;SGCD;CAV3;GP1BA;SGCG"
"GOCC_GLYCOPROTEIN_IB_IX_V_COMPLEX",0.67770257911103,1,0.571235160553711,0.880845654792252,3704,4,"GP5;GP1BA"
"GOCC_GLYCOSYLPHOSPHATIDYLINOSITOL_N_ACETYLGLUCOSAMINYLTRANSFERASE_GPI_GNT_COMPLEX",0.325955265610438,1,-0.639413263343044,-1.16051067466083,1398,7,"PIGA;PIGH;DPM2;PIGY;PIGQ"
"GOCC_GOLGI_APPARATUS",1,1,0.192112951910624,0.620993638287666,9874,1469,"MR1;GAD2;EEF1AKMT4-ECE2;SGCA;CFB;CLEC18B;GALNT15;B3GALT2;GARIN1A;GCNT7;APOA5;ABCA12;GBP3;CUBN;MUC6;SERPINA1;RHO;TPTE2;AQP2;SRGN;HLA-DRB5;DEFA6;GBP1;PLA2G5;SCRG1;GBP4;SLC18A3;F2;CLEC18C;VCAM1;LST1;KLK11;CD33;GALNTL5;MSLN;MS4A7;GOLGA8N;RSAD2;FAIM2;MMD2;SPATA16;CSGALNACT1;SEC16B;TMEM45B;WNT7B;CLVS1;CBLN3;STEAP4;CLIC5;FTCD;HLA-H;RBFOX1;SYBU;BGLAP;CREB3L3;B4GALNT1;STING1;RNF183;IL15;SGCD;CREG2;ST8SIA6;FUT3;ATP8B1;ARRB1;GOLGA6A;ZDHHC11B;MALRD1;SLC35E2A;ACP3;ARL5C;CAV3;STX11;SLC24A5;CD36;FGD2;RAB6C;GALNT5;WNT4;B3GNT4;AOC3;FGF23;NPY;NGF;B3GNT8;GDNF;SNX32;GOLGA6C;FMOD;AGBL4;MTTP;MGAT4A;GOLGA8J;APBA1;MPL;AVPR1B;GFY;TLR6;PROC;SOST;OLFM3;GAL3ST4;STMN2;SNAP25;TMC8;SLC10A7;PDGFA;LHB"
"GOCC_GOLGI_APPARATUS_SUBCOMPARTMENT",1,1,0.11743650428447,0.363370786410765,8734,385,"HLA-DRB5;MS4A7;GOLGA8N;CSGALNACT1;TMEM45B;CLVS1;RBFOX1;FUT3;ATP8B1;GOLGA6A;ACP3;ARL5C;SLC24A5;SNX32;GOLGA6C;MGAT4A;GOLGA8J;GAL3ST4;SNAP25;PCSK1N;RAB27B;TMEM79;MARCHF9;RAB7B;GPR89B;TRAPPC9;PLPP3;DOP1A;GOLGA8O;ATP8B3;HLA-A;DOP1B;HLA-DQB1;PCSK4;HLA-DRA;GOLT1A;MME;SORL1;AP1S1;OPTN;GSAP;GGA1;WIPI1;HLA-DRB1;LGR5;BIRC6;AP4B1;STX16;SLC2A4;TRAPPC6B;COG4;GOLGB1;ATP8A1;ST3GAL3;SLC9A7;CHAC1;PLK3;RHOBTB3;GOLGA8S;TMEM87B;SYT17;YIPF4;SLC30A7;SLC39A9;CD74;GPR89A;GOLGA8A;ARFGEF2;TTPAL;SLC35B2;CA4;GOLGA4;SGMS1;BET1L;CLBA1;SCAMP4;PHAF1;GOLIM4;PARP12;TOM1L1;CDH1;TGOLN2;B4GALNT4;CD2AP;BACE2;IGF2R;GOLGA7;PCSK7;GOLGA5;ST6GAL1;CORO7;GOLGA1;GAL3ST2;MGAT4B;HID1;FUT9;INPP5E"
"GOCC_GOLGI_ASSOCIATED_VESICLE",0.992586490939044,1,0.247705972379679,0.68552305120807,7229,100,"RHO;SLC18A3;CNGB1;RAB27B;RASSF9;ACR;NCALD;CFTR"
"GOCC_GOLGI_ASSOCIATED_VESICLE_MEMBRANE",0.580075845974329,1,0.359593214383391,0.93568832446482,3976,63,"RHO;SLC18A3;CNGB1;RASSF9;NCALD;CFTR;NRGN"
"GOCC_GOLGI_CIS_CISTERNA",0.793715846994536,1,-0.326697217707503,-0.81556438566692,2904,29,"GOLGA8IP;GOLGA8R;GOLGA8M;GOLGA8K"
"GOCC_GOLGI_CISTERNA",1,1,-0.186812801989803,-0.581356014351875,2661,109,"GOLGA8IP;GOLGA8R;ABO;GOLGA8M;ZDHHC14;GOLGA8K;ST3GAL1;GBF1;PITPNM1;SAR1B"
"GOCC_GOLGI_CISTERNA_MEMBRANE",0.995459308417744,1,-0.232358180128714,-0.697265561789613,2849,85,"GOLGA8IP;GOLGA8R;ABO;GOLGA8M;ZDHHC14;GOLGA8K;ST3GAL1"
"GOCC_GOLGI_LUMEN",0.971106412966878,1,0.264323064683475,0.712329383812667,6889,80,"MUC6;DEFA6;F2;WNT7B;BGLAP;WNT4;FGF23;NGF;FMOD;PROC;PDGFA;LHB;VTN;WNT5A;BCAN"
"GOCC_GOLGI_MEDIAL_CISTERNA",0.991327390990123,1,-0.217274265497616,-0.427799320509028,4114,10,"ST3GAL1;GOSR1;B3GALT6;YIPF2;MAN2A1;YIPF1;YIPF6;TMEM59;HID1;HLA-A"
"GOCC_GOLGI_MEMBRANE",1,1,0.219846481712594,0.697676094090289,9360,684,"MR1;GAD2;EEF1AKMT4-ECE2;SGCA;CFB;GALNT15;B3GALT2;GCNT7;ABCA12;GBP3;RHO;TPTE2;HLA-DRB5;GBP1;GBP4;LST1;FAIM2;MMD2;CSGALNACT1;SEC16B;STEAP4;FTCD;HLA-H;SYBU;CREB3L3;B4GALNT1;STING1;SGCD;ST8SIA6;FUT3;ARRB1;CAV3;GALNT5;B3GNT4"
"GOCC_GOLGI_STACK",1,1,0.138676346010769,0.398290552504253,7630,143,"GOLGA8N;CSGALNACT1;FUT3;GOLGA6A;ACP3;GOLGA6C;MGAT4A;GOLGA8J;GAL3ST4;RAB27B;MARCHF9;GPR89B;GOLGA8O;HLA-A;GOLT1A;SORL1"
"GOCC_GOLGI_TRANS_CISTERNA",0.908111988513999,1,-0.325398961738127,-0.626545925838122,3794,9,"ST3GAL1;B4GALT1;GCC1;YIPF2;YIPF1;YIPF6;TMEM59;HID1;SGMS1"
"GOCC_GOLGI_TRANSPORT_COMPLEX",0.957118766562274,1,-0.28810952161206,-0.56726947066436,3972,10,"COG5;COG3;CDC42;COG2;TMEM115;COG8;COG7;COG6;COG1;COG4"
"GOCC_GPI_ANCHOR_TRANSAMIDASE_COMPLEX",0.932267337405677,1,0.359068014917913,0.578900912628051,5188,5,"PIGK;GPAA1;PIGS;PIGT"
"GOCC_GRANULAR_COMPONENT",0.253415061295972,1,0.69959374207407,1.20500012195061,1446,7,"CLEC3B;CARF"
"GOCC_GROWTH_CONE_MEMBRANE",0.877745114992219,1,0.380840886651605,0.675699203202594,5075,8,"FLRT3;EXOC4;EXOC7;GAP43;NECTIN1"
"GOCC_GROWTH_FACTOR_COMPLEX",0.73827923750644,1,0.446592256680064,0.809659592616209,4298,9,"IGFBP3;PDGFA;IGFBP5;PDGFB"
"GOCC_GTPASE_ACTIVATOR_COMPLEX",0.341085271317829,1,-0.536051092395862,-1.09982155857866,1363,12,"FNIP2;SLC38A9;LAMTOR4;LAMTOR5;LAMTOR2;RRAGA;GNB5;RRAGC;LAMTOR1;LAMTOR3"
"GOCC_GTPASE_COMPLEX",0.816138328530259,1,-0.309286390703669,-0.815709740678635,2831,39,"GNG8;GNGT1;GNGT2"
"GOCC_GUANYL_NUCLEOTIDE_EXCHANGE_FACTOR_COMPLEX",0.999727891156463,1,-0.173546331094938,-0.426469137252293,3673,27,"CCZ1;MON1A;EIF2B3;RIC1;SLC38A9;LAMTOR4;LAMTOR5;LAMTOR2;EIF2B4"
"GOCC_H3_HISTONE_ACETYLTRANSFERASE_COMPLEX",0.93647783835032,1,-0.310043836037837,-0.577528746983571,3950,8,"ING5;BRPF1;KAT7;BRPF3;MEAF6;KAT6A;BRD1;KAT6B"
"GOCC_H4_H2A_HISTONE_ACETYLTRANSFERASE_COMPLEX",0.470831040176114,1,-0.390847399794624,-0.982329824035755,1710,30,"POTEKP;POTEI;ACTL8;ACTL6B"
"GOCC_H4_HISTONE_ACETYLTRANSFERASE_COMPLEX",0.628394332939788,1,-0.338056107249787,-0.907482856026503,2128,43,"POTEKP;POTEI;ACTL8;ACTL6B"
"GOCC_HAPTOGLOBIN_HEMOGLOBIN_COMPLEX",0.329801623083859,1,-0.692046541749059,-1.1712991293444,1462,5,"HBE1;HBG2"
"GOCC_HAUS_COMPLEX",0.966816781227779,1,-0.274590479120203,-0.511488624855474,4078,8,"HAUS7;HAUS3;HAUS2;HAUS8;HAUS6;HAUS5;HAUS1;HAUS4"
"GOCC_HEMIDESMOSOME",0.672142486598651,1,0.48708094750456,0.864193472023597,3886,8,"COL17A1;LAMA3;ITGB4;DST;PLEC;ERBIN"
"GOCC_HEMOGLOBIN_COMPLEX",0.267474370922647,1,-0.671403167475199,-1.21857113001117,1147,7,"HBE1;HBG2"
"GOCC_HETEROCHROMATIN",1,1,0.19483150288798,0.530842379348316,7144,88,"DNMT3L;FOXC1;H1-5;SALL1;BMI1;BAZ1A;KDM4C;ZBTB18;EME1"
"GOCC_HFE_TRANSFERRIN_RECEPTOR_COMPLEX",0.752550579284109,1,0.447838002224378,0.794567473905912,4351,8,"TF;B2M;HJV;BMPR1A;BMPR1B"
"GOCC_HIGH_DENSITY_LIPOPROTEIN_PARTICLE",0.165197518772445,1,0.607963152582489,1.25814440152359,1011,17,"APOA5;APOC4;SAA1;LIPC;APOA2"
"GOCC_HIPPOCAMPAL_MOSSY_FIBER",0.96382252559727,1,-0.278798831128883,-0.490474835496291,4235,6,"MAPK8IP1;MAP1B;SLC4A8;SLC30A3;TNN;MICAL1"
"GOCC_HIPPOCAMPAL_MOSSY_FIBER_TO_CA3_SYNAPSE",1,1,-0.196997533701836,-0.531150201082205,3389,44,"CACNG2;CALCA;CALB1;EPHB2;PRKAR1B;GRIK2;C1QL3;NECTIN3;SLC39A3;DTNBP1"
"GOCC_HISTONE_ACETYLTRANSFERASE_COMPLEX",0.997816593886463,1,-0.229094852556389,-0.700304960909088,2741,97,"POTEKP;POTEI;ACTL8;ACTL6B;ACTG1;RBBP7;ACTB;TAF12;ASF1A;SGF29;MSL3B;SUPT20HL2;ACTL6A;TAF5;ING5;MORF4L2;YEATS4;WDR5;TADA2A;BRPF1;MRGBP;DMAP1;ZZZ3;SF3B5;VPS72;SUPT7L;KAT7;MCRS1;TAF5L;ENY2;RUVBL2"
"GOCC_HISTONE_DEACETYLASE_COMPLEX",0.96042511536848,1,0.270880210672127,0.737151103410606,6867,87,"TBL1Y;CHD3"
"GOCC_HISTONE_LOCUS_BODY",0.785392245266005,1,-0.427854858036091,-0.724150750666079,3483,5,"ELL;CRAMP1;ZC3H8"
"GOCC_HISTONE_METHYLTRANSFERASE_COMPLEX",0.256629597946963,1,0.418335854447284,1.11601081676478,1799,75,"UTY;DNMT3L;KDM6B;KMT2C"
"GOCC_HISTONE_PRE_MRNA_3_END_PROCESSING_COMPLEX",0.739476678043231,1,-0.441914362465413,-0.777434659091069,3249,6,"SNRPB;YBX1;SLBP;ERI1;SYNCRIP"
"GOCC_HOPS_COMPLEX",0.510599536270288,1,0.49893567212714,0.97795968688558,3082,13,"VPS16;STX17;HOOK3;HOOK1;HOOK2;VPS39;VPS11;VPS41;AKTIP"
"GOCC_HOST_CELLULAR_COMPONENT",0.127096662631852,1,0.742499508382449,1.31736466271622,734,8,"CD209;IFIT1"
"GOCC_HULC_COMPLEX",0.470121278941566,1,-0.641791618608228,-1.04702312195089,2131,4,"UBE2A;RNF20;UBE2B;RNF40"
"GOCC_I_BAND",0.758200168208579,1,-0.283302194813388,-0.90832223336377,1802,142,"KLHL40;MYOT;MYPN;PGM5;IGFN1;ANKRD1;NRAP;FBXO32;SCN1A;KCNE1;C10orf71;CRYAB;FLNC;TRIM63;ACTC1;PDLIM4;MYH7;NEXN;SCN5A;SLC8A1;PDLIM7;CSRP1;ASB2"
"GOCC_IGA_IMMUNOGLOBULIN_COMPLEX",0.0683572216097023,1,-0.873356401384083,-1.42479945116135,309,4,"PIGR;JCHAIN;IGLC1;IGKC"
"GOCC_IGA_IMMUNOGLOBULIN_COMPLEX_CIRCULATING",0.0390576565406076,1,-0.956212517299708,-1.38538375361229,188,2,"PIGR;JCHAIN"
"GOCC_IGD_IMMUNOGLOBULIN_COMPLEX",0.193015085761521,1,-0.87328925111487,-1.26524252591391,933,2,"IGLC1;IGKC"
"GOCC_IGE_IMMUNOGLOBULIN_COMPLEX",0.193015085761521,1,-0.87328925111487,-1.26524252591391,933,2,"IGLC1;IGKC"
"GOCC_IGG_IMMUNOGLOBULIN_COMPLEX",0.193015085761521,1,-0.87328925111487,-1.26524252591391,933,2,"IGLC1;IGKC"
"GOCC_IGM_IMMUNOGLOBULIN_COMPLEX",0.318530207394049,1,-0.699020247908999,-1.18310223139126,1412,5,"JCHAIN;IGLC1;IGKC"
"GOCC_IKAPPAB_KINASE_COMPLEX",0.961646234676007,1,0.305125542088016,0.525556895829662,5490,7,"PYDC1;CHUK;IKBKB;PYCARD;ERC1"
"GOCC_IMMUNOGLOBULIN_COMPLEX",0.200550137534384,1,-0.608305508517396,-1.24806668983621,801,12,"PIGR;IGKV1D-43;TRAV18;JCHAIN;IGLC1;IGKC;SYK"
"GOCC_IMMUNOGLOBULIN_COMPLEX_CIRCULATING",0.0390576565406076,1,-0.956212517299708,-1.38538375361229,188,2,"PIGR;JCHAIN"
"GOCC_IMMUNOLOGICAL_SYNAPSE",0.0892316999395039,1,0.53181193394973,1.31126083094069,589,44,"HAVCR2;GZMB;ZAP70;CD3E;SCIMP;FYB2;CD37"
"GOCC_INCLUSION_BODY",0.994442729237419,1,-0.233093951726787,-0.649931002468891,3220,53,"MIOX;ATXN1;SNCB;LRRK2;ATXN3;HSPA1A;BAG3;STUB1;PICALM;MAPT;HSPA1B;NEFH;PRKN;NXF1;HERPUD1"
"GOCC_INHIBITORY_SYNAPSE",0.027162489894907,1,0.705896051288761,1.49260696206619,167,19,"NLGN4Y;GLRA1;GAD1;IQSEC3;SLC32A1"
"GOCC_INNER_ACROSOMAL_MEMBRANE",0.105359429303091,1,0.851463013941878,1.31295751353964,575,4,"EQTN;SPACA4"
"GOCC_INNER_DYNEIN_ARM",0.65551763367463,1,-0.483968802445085,-0.85141862971031,2880,6,"DNAI3;DNAH1"
"GOCC_INNER_KINETOCHORE",0.990970072239422,1,-0.225218294418587,-0.499396878335621,3840,17,"CENPP;CENPS;CENPT;ITGB3BP;CENPW;CENPM;ORC2;CENPI;CENPH;CENPX;CENPL;CENPO;CENPN;CENPC;CENPQ;CENPK;CENPU"
"GOCC_INNER_MITOCHONDRIAL_MEMBRANE_PROTEIN_COMPLEX",0.980191891055401,1,-0.254266671803367,-0.719342242647672,3166,57,"MPC1;APOO;MICU3;MCUB;MTX2;MICOS10;NDUFAF1;TIMM22;IMMP2L;TIMM17A;AFG3L2;GRPEL1;CHCHD10;TIMM9;TIMM23;TIMM44;PAM16;CHCHD3;TRMT10B;CHCHD6;TIMM29;ROMO1;HSPA9;PHB2;COA1;TIMM10B;IMMT;SAMM50;DNAJC19;PHB1;MICOS13;PDSS1;TIMM23B;DNAJC11;IMMP1L;SPG7;MCU;MICU1;AGK;ACAD9;TMEM186;MPC2;ECSIT;SLC25A6;TMEM126B;MICU2;TIMM50;TIMM17B;PDSS2;MTX1;TIMM21;DNAJC15;GRPEL2;SMDT1;MTX3;APOOL;TIMM10"
"GOCC_INO80_COMPLEX",0.974002574002574,1,-0.265481960150781,-0.580794105161983,3783,16,"INO80;ACTL6A;MCRS1;RUVBL2;INO80B;RUVBL1;UCHL5;ACTR5;INO80E;TFPT;NFRKB;YY1AP1;YY1;ACTR8;INO80C;INO80D"
"GOCC_INO80_TYPE_COMPLEX",0.202459016393443,1,-0.470742442587077,-1.17515776133608,740,29,"EP400P1"
"GOCC_INSULIN_LIKE_GROWTH_FACTOR_BINDING_PROTEIN_COMPLEX",0.565575269800622,1,0.632424323167861,0.975199454647299,3091,4,"IGFBP3;IGFBP5"
"GOCC_INSULIN_RESPONSIVE_COMPARTMENT",0.556804426768113,1,0.54117182391669,0.96016311019336,3219,8,"EPHA5;SLC2A4;RAB4B;MYO5A"
"GOCC_INTAC_COMPLEX",0.857069143446852,1,-0.334115474862484,-0.740864438125227,3321,17,"INTS13;INTS2;INTS6;INTS1;PPP2CA;INTS5;INTS7;INTS3;PPP2R1A;INTS15;INTS8;INTS14;INTS11;INTS12;INTS9;INTS10;INTS4"
"GOCC_INTEGRATOR_COMPLEX",0.334662413609782,1,-0.459470004877787,-1.07657735036532,1258,22,"SAGE2P"
"GOCC_INTEGRIN_COMPLEX",0.785048206100838,1,0.353175435421109,0.800639022838789,4966,27,"TSPAN32;ITGAM;ITGB2;ITGAX;ITGA10;ITGB3;ITGA2;EMILIN1"
"GOCC_INTERCALATED_DISC",0.957077625570776,1,-0.267029558465517,-0.737073075350403,3143,50,"PGM5;NRAP;SCN1A;KCNJ2;SCN5A;SLC8A1;FGF13;VCL;ANKRD23;TMEM65"
"GOCC_INTERCELLULAR_BRIDGE",0.604562155541947,1,0.378407521200328,0.915486491982986,3948,39,"TUBB8;TUBB8B;RBM44;CD34;MTUS2"
"GOCC_INTERCELLULAR_CANALICULUS",0.426510369702435,1,-0.639843052320426,-1.08294394218898,1891,5,"ABCC2;ABCB4;STARD10"
"GOCC_INTERLEUKIN_1_RECEPTOR_COMPLEX",0.47979797979798,1,0.713890277190419,1.05163236966488,2564,3,"IL1A;IL1RAP;IL1R1"
"GOCC_INTERLEUKIN_5_RECEPTOR_COMPLEX",0.0571325907294287,1,0.851962521772425,1.37356116637597,317,5,"IL5RA;JAK1"
"GOCC_INTERMEDIATE_DENSITY_LIPOPROTEIN_PARTICLE",0.877577319587629,1,-0.394640728922379,-0.612073193336978,4085,3,"APOE;APOB;APP"
"GOCC_INTERMEDIATE_FILAMENT_CYTOSKELETON",0.93137601697913,1,-0.266438297781894,-0.807341089797312,2632,91,"KRT87P;KRTAP4-9;PRPH;KRTAP5-4;KRT83;KRTAP10-2;KRTAP10-12;MNS1;KRT86;KRT80;PRKCE;PKP1"
"GOCC_INTERPHASE_MICROTUBULE_ORGANIZING_CENTER",0.924706943192065,1,-0.32457995309316,-0.54935642839831,4101,5,"DYNLT2B;MZT1;BIRC5;NLRP3;DYNC2I1"
"GOCC_INTERPHOTORECEPTOR_MATRIX",0.665239878723025,1,0.526454822669003,0.877826937605325,3729,6,"IMPG1;RBP3;RTBDN;VCAN"
"GOCC_INTERSTITIAL_MATRIX",0.660018993352327,1,0.386622744255488,0.881155939491745,4169,28,"VWC2;KAZALD1;COL10A1;COL8A1;COL12A1;CCDC80;COL27A1;COL11A2;COL5A2;COL1A1;COL26A1;COL1A2;COL5A1"
"GOCC_INTRACELLULAR_CYCLIC_NUCLEOTIDE_ACTIVATED_CATION_CHANNEL_COMPLEX",0.916407536125846,1,0.392127988189158,0.604662069792831,5009,4,"CNGB1;CNGA1"
"GOCC_INTRACELLULAR_PROTEIN_CONTAINING_COMPLEX",1,1,-0.132460275457324,-0.491694729934668,318,991,"PRKAG3;KLHL40;POTEKP;KBTBD13;ASB4;KLHL30;PIPSL;FBXO32;PIH1D2;POTEI;TAF7L;FBXO15;FBXL16;ACTL8;ACTL6B;CCIN;CCZ1;DCAF12L2;DACT1;PRR5L;CSNK2A3;KLHL6;FBXW10;TIFA;APC2;PRKX;KLHL4;SPAG1;XRCC4;SPSB1;ASB2;FBXO4;POMT1;RAD51;DTL;TERT;NFKB1;BLOC1S3;MED21;POLA1;PRKAR1B;ACTG1;RBBP7;ACTB;IPP;HSPA8;MED31;FASN;FBXO28;TAF12;PRIMPOL;DNAJC2;TRIM21;FBXW7;TRAF6;NAA10;POLR2F;POLR3H;ASF1A;UBXN8;TRAPPC4;SGF29;GTF2H4;PSMD10;UBE2S;CTU1;ABTB1;UBE2A;DEPDC5;MED10;GID4;TRAPPC10;EME2;POLR3K;TAF11;TSEN34;KLHL18;MON1A;MSL3B;PEX12;FZR1;BAG3;GTF2H3;DCAF6;PSMC2;PGGT1B;PSMD14;CCDC68;RNF20;PCGF3;NAA20;PRR5;SUPT20HL2;MNAT1;ACTL6A;FBXL14;STUB1;PSME3;PRORP;ELP5;FBXO31;EIF2B3;SPOPL;TAF5;AMN1;CARD10;POLE;ADRM1;SENP3;ODF2;CEP89;PDRG1;TSEN15;GSK3A;RIC1;PSMC4;SPSB4;ZNF326;KLHL2;KLHL21;AGO1;RARS1;SLC38A9;RPAP3;CACYBP;KLHL26;ING5;TRAPPC2;DPM2;FBXL20;AMBRA1;POLR2G;GLMN;TXNL1;PSMA5;POLR3E;MORF4L2;DTNBP1;PSMA7;KLHL10;TSEN54;POLR1D;LAMTOR4;AKT1S1;KCTD17;UBE2J2;ANAPC1;DCAF12;ELP3;POLR1B;PSMB1;BRAP;TENT2;DCAF12L1;SPOP;GTF2E1;PSMD5;KDM2B;PSMD3;PRKN;FBXL15;RPP40;DNAJB11;CNOT2;GTF2A1;ELP4;YEATS4;PSMD2;PSMB2;WDR5;TADA2A;CCNH;KLHL13;PSMC1;PSMG1;GTF2A2;BLOC1S4;DCAF15;TTI1;POLR3G;LAMTOR5;BRPF1;IGF2BP1;MRGBP;CDC26;TAF1;LAMTOR2;PELP1;DMAP1;CCAR2;HERPUD1;CDC73;PSMD12;CCT2;BORCS8;RANBP10;HSP90AA1;POLR1C;LAS1L;FBXO27;ZZZ3;BLOC1S5;WDR77;FBXL13;PSMD11;DDX1;GATB;FAM98B;ANAPC13;DCUN1D5;NAA15;FBXL6;TEX10;CSNK2A1;WDR83OS;KLHL20;STIP1;SF3B5;EIF2B4;KEAP1;SEL1L;VPS72;RPP25;PSMD6;CARD11;OTUD6B;TAF3;SUPT7L;HNRNPU;KAT7;POLG;MCRS1;POLR3B;PSMB7;DPM1;PSMD4;TAF5L;ENY2;KCTD10;PPP5C;PSMA6;PSMB5;POLR2M;MED12;PEX2;POLR2E;RUVBL2;MIB2;FBXW4;ELP1;CDC37;TNFAIP1;RNF8;NCBP1;RTCB;ASB7;POLR3D;TRAF7;HSF1;TFDP1;TRAPPC14;DCAF11;EIF4E;UBE3D;LEO1;DNAJB2;RBCK1;PSMA1;POLR1E;YBX1;PSMG4;CUL1;TRAPPC13;PSME4;SNAP47;FAM98A;KLHL29;ARMC8;XRCC6;CDC23;HAT1;GTF2H2C;NDOR1;ELAC2;CIAO2B;PSMB3;TNKS1BP1;TRAF2;FEM1A;PI4K2A;OTULIN;RMC1;UBE2B;TAF4;BAG2;UBR2;MAD2L2;KLHL25;ZFAND2B;TSN;KARS1;PRKAR2A;POLR1G;RING1;PSMD1;DCAF13;UBE2L3;MKLN1;FBXO44;CBX2;TRMT10C;CCNF;RPP21;ANKRD9;AIMP2;PEF1;EEF1E1;VCP;ZBTB8OS;POLR1A;MED30;POLR2L;ATXN7L3;AXIN1;CSNK2B;FBXL22;KCTD5;SKP2;GTF2F2;RTF1;PSMF1;DCTN1;ZER1;PSMD8;EIF4G2;C9orf72;COMMD1;RNF2;KDM2A;SOCS7;PFDN1;UBQLN4;CCT7;PSMB6;PTGES3;APC;PHF20;TSPAN17;RPP14;CCT4;FBXO10;POLD1;CDC20;RPAP1;UBAC1;ENC1;GTF2E2;POLR2J;RNF40;TADA3;POLR2C;CKS2;UBE2C;SUPT20H;HSP90AB1;POLR1H;BORCS7;DDA1;UBQLN1;KCMF1;SF3B3;YEATS2;PDCD6;BRCC3;POLRMT;EIF4H;PRKACB;ZFP36"
"GOCC_INTRACILIARY_TRANSPORT_PARTICLE",1,1,0.143797137140219,0.323325149401659,6290,26,"TTC21A;IFT74;IFT80;IFT22;IFT81;IFT122;IFT25;IFT56;IFT27;TTC21B;TRIM59;CLUAP1;IFT70B"
"GOCC_INTRACILIARY_TRANSPORT_PARTICLE_B",0.96882368352109,1,-0.273391408298563,-0.621388790413639,3697,19,"IFT46;IFT88;UBXN10;IFT57;IFT172;IFT70A;TRAF3IP1"
"GOCC_INWARD_RECTIFIER_POTASSIUM_CHANNEL_COMPLEX",0.0145526410348545,1,0.904318173434872,1.45797061881788,80,5,"KCNJ5;KCNK1"
"GOCC_IONOTROPIC_GLUTAMATE_RECEPTOR_COMPLEX",0.640459631085576,1,0.365168740231664,0.898338995960284,4235,43,"GRIA2;CACNG3;VWC2;GRID1;GRIK1;OLFM3;SHISA6;CACNG8;NRN1;GRIK3;EPS8;GRIN2D"
"GOCC_IRON_SULFUR_CLUSTER_ASSEMBLY_COMPLEX",0.703255313424805,1,-0.358682168530316,-0.85643007381632,2613,24,"LYRM4;ISCA1;FXN;BOLA2B;ISCA2;GLRX3;BOLA3;NDOR1;CIAO2B;NUBP2;NDUFAB1;GLRX5;FDX2;MMS19;NFS1;CIAO1"
"GOCC_ISWI_TYPE_COMPLEX",0.966360856269113,1,-0.273818223777838,-0.59170925995342,3791,15,"RBBP7;SMARCA1;BAZ1B;LUZP1;POLE3;SMARCA5;RBBP4;HMGXB4;CHRAC1;BAZ2A;BPTF;BACC1;RSF1;CECR2;BAZ1A"
"GOCC_JUNCTIONAL_MEMBRANE_COMPLEX",0.668985197075085,1,0.523671538158599,0.87318600354404,3750,6,"JPH4;TRDN;JPH2;JPH1;JPH3"
"GOCC_JUNCTIONAL_SARCOPLASMIC_RETICULUM_MEMBRANE",0.38523329345411,1,0.587065000231256,1.08731139192959,2253,10,"CASQ2;AKAP6;JPH4;TRDN"
"GOCC_JUXTAPARANODE_REGION_OF_AXON",0.881649831649832,1,0.361464650595867,0.684577736340639,5236,11,"KCNA1;EPB41L3;KCNAB2;SPTBN4"
"GOCC_KAINATE_SELECTIVE_GLUTAMATE_RECEPTOR_COMPLEX",0.650197628458498,1,0.556696873067916,0.897524464689159,3618,5,"GRIK1;GRIK3"
"GOCC_KATANIN_COMPLEX",0.999640675530004,1,0.23311161521012,0.37582998535859,5563,5,"KATNAL2;KATNA1;KATNB1;KATNAL1;KATNBL1"
"GOCC_KERATIN_FILAMENT",0.450901264460586,1,-0.415067927021986,-0.991063081933445,1675,24,"KRT87P;KRTAP4-9;KRT83;KRTAP10-2;KRTAP10-12"
"GOCC_KINESIN_COMPLEX",1,1,0.144689927368145,0.359203148951545,6653,46,"KIF19;KIF12;KIFC2;KIF13B;KIFAP3;KIF3A;KIF25"
"GOCC_KINETOCHORE_MICROTUBULE",0.987368421052632,1,-0.241055628221897,-0.554884720997789,3751,20,"CHMP6;CHMP1A;CHMP4B;CHMP4A;CHMP2B;ZW10;CHMP7;CHMP1B;ZWILCH;CENPE;CHMP5;CLASP2;RAB11A;CHMP3;KIF18A;CLASP1;KNTC1;BBLN;CHMP2A;CHMP4C"
"GOCC_KINOCILIUM",0.376687745684498,1,0.591253396471234,1.09506877985742,2203,10,"STRCP1;MKKS"
"GOCC_L_TYPE_VOLTAGE_GATED_CALCIUM_CHANNEL_COMPLEX",0.516602316602317,1,-0.437206588804387,-0.95647557133957,2006,16,"CACNG1;CACNA2D4;CACNA2D3"
"GOCC_LAMELLAR_BODY",0.82834722903384,1,0.362140493022742,0.74205973278767,5066,16,"KRTDAP;ABCA12;SPINK5;KLK7;ABCA3"
"GOCC_LAMELLIPODIUM",1,1,-0.176886078094915,-0.589068163394312,1993,205,"ANGPTL3;PEAR1;UNC5C;VIL1;RAC2;PTPRM;ACTC1;PDLIM4;ACTG2;TESK1;CLRN1;ARHGEF6;APC2;RAB40B;KCNA2;MTSS2;ACTB;ABLIM1;AJUBA;FAM89B;DDX3X;TUBB3;PARVB;TESC;MCC;PXN;PIEZO1;SH3RF1;CD177;FGD3;SNX1;KLHL2;BCAR1;FSCN1;SH3BP1;ITGB1BP1;ARPC5;ILK;FER;LIMK1;SPATA13;RAPH1;CD44;IGF2BP1;ANKRD28"
"GOCC_LAMELLIPODIUM_MEMBRANE",0.998396579369321,1,-0.18225539609865,-0.431526849301744,3735,23,"APC2;RAB40B;KCNA2;PIEZO1;CD44;PLXND1;CFL1;VASP;SYNE2;SLC39A6;EPHA2;DOCK8;FERMT2;RAP2A;PDXP;ANTXR1;CSPG4;NCKAP1;ITGAV;PDPN;PLEK2;DPP4;ITGB3"
"GOCC_LAMIN_FILAMENT",0.976104922745239,1,0.302779806989888,0.488151267474665,5432,5,"LMNTD2;NARF;LMNB1"
"GOCC_LAMININ_COMPLEX",0.992443757513309,1,0.229587912032857,0.416236628704689,5778,9,"LAMA3;LAMA5;LAMB2;LAMB1;LAMC1"
"GOCC_LARGE_RIBOSOMAL_SUBUNIT",0.640861027190332,1,-0.299567717515456,-0.929580958674374,1696,108,"MRPL23;RPL3L;MRPS18A;MRPL19;MRPL13;MRPL12;ZCCHC17;MRPL20;MRPL58;MRPL42;MRPL30;MRPL46;MRPL2;MRPL54;MRPL34;GADD45GIP1;MRPL36;MRPL32;MRPL39;MRPL3;MRPL4;MRPL21;NPM1;MRPL24;MRPL38;MRPL9;MRPS30;MRPL43;MRPL27;MRPL47;MRPL52;MRPL28;MRPL16;MRPL55;RPL36AL;RPL7L1;MRPL50;MRPL57;UBA52;MRPL15;RPL13;MRPL18;MRPL44;MRPL37;MRPL22;MRPL53;RPLP1;MRPL35;RPL12;RPL19;RPL29;MRPL45;RPL8;RPL36A;MRPL17;RPL10;RPL28;RPL34;MRPL14;RPL35A;RBM3;RPL11;RPL7;RPL17;RPL18;RPL27A;RPL24;MRPL11;RPLP0;RPL14;RPL10A;RPL23;RPL5;RPL26;RPL6;MRPL1;MRPL48;RPL4;RPL27;MRPL41;RPLP2;RPL15;RPL21;RPL18A;RPL7A;RPL37A;RPL35;RPL36;RPL3;RPL22;RPL39L;RPL32;MRPL51;MRPL49;RPL23A;MRPL10;RPL31;MRPL33;RPL30;RPL38;RPL41;RPL37;RPL39;RPL13A;MRPL40;RPLP0P6;RPL26L1"
"GOCC_LATE_ENDOSOME",1,1,0.215076876568471,0.656210458610314,8437,309,"MR1;ATP13A4;IL12B;APOA5;SLC11A1;HLA-DRB5;SLC17A8;ZP2;ANXA8;GALNTL5;HLA-DMB;SLA2;TF"
"GOCC_LATE_ENDOSOME_LUMEN",0.640027958993476,1,-0.477018583502519,-0.865770527298657,2746,7,"SFTPB;NAPSA"
"GOCC_LATE_ENDOSOME_MEMBRANE",0.968793963422433,1,0.264856084672797,0.773773814054324,7574,170,"MR1;ATP13A4;SLC11A1;HLA-DRB5;ANXA8;GALNTL5;HLA-DMB"
"GOCC_LATERAL_ELEMENT",0.493747943402435,1,0.489848357069996,0.988925418066615,3000,15,"KASH5;SMC1B;SYCP2;SYCP2L;DMC1;MEI4"
"GOCC_LATERAL_PART_OF_CELL",0.798897464167585,1,-0.428743803526092,-0.699455497188433,3622,4,"KCNQ1;KCNE3"
"GOCC_LATERAL_PLASMA_MEMBRANE",1,1,-0.163556979037042,-0.473715630940532,3102,66,"SLC22A1;MYO1A;ANXA1;CLDN5;SCN5A;FGF13;DSG1"
"GOCC_LEADING_EDGE_MEMBRANE",1,1,0.18949497530207,0.555538299522611,7850,181,"PLA2G4F;SCIMP;PSD2;MYO1G;FAM107A;SLC1A2;ADGRE2;FGD2;GABRG1;GABRG3;GABRA1;ITGB3;SHISA6;CACNG8;RIGI;EPB41L3;PSD;DPP4;PLEK2;KANK1;PLCG2;PKHD1L1;SH3YL1;EPS8;HCN1;RIPOR2;SGCE;ABCA7;MYO6;ANK1;EPS8L1;GRIA1;ADGRV1;UNC5A;C2CD5;PDPN;MACF1;ROBO2;INSR;EGFR;CDKL5;TRPV4;ADAM17;ITGAV;KCNC4;JCAD;TPM1;ARHGEF4;KCNC3;ARHGAP44;FGD5;EPB41L5"
"GOCC_LEWY_BODY",0.450612653163291,1,-0.491950359594561,-1.00933962994905,1801,12,"LRRK2;PRKN;HERPUD1;NUB1;ATF4"
"GOCC_LIPID_DROPLET",0.581202736766295,1,-0.311664426271385,-0.9481254899328,1613,94,"PLIN1;CES1;CIDEA;ALDH3B2;HSD17B13;CIDEB;LIPE;PLA2G4C;PNPLA5;TMT1A;PNPLA4;GBF1;PITPNM1;PLIN5;ACSL4;C18orf32;TRAF6;SDR16C5;DHRSX;EHD1"
"GOCC_LIPOPOLYSACCHARIDE_RECEPTOR_COMPLEX",0.0659316427783903,1,-0.874942800478628,-1.42738751321213,298,4,"TLR4"
"GOCC_LOW_DENSITY_LIPOPROTEIN_PARTICLE",0.015071215634316,1,0.784490222894541,1.53767280153752,90,13,"APOA5;APOBR;MSR1;APOM"
"GOCC_LSM1_7_PAT1_COMPLEX",0.735719364778384,1,-0.424174747303273,-0.790124110973249,3103,8,"LSM6;LSM7;LSM2;LSM3"
"GOCC_LSM2_8_COMPLEX",0.759086672879776,1,-0.41969469758142,-0.761729861678644,3257,7,"LSM6;LSM7;LSM2;LSM3;LSM8;LSM4;LSM5"
"GOCC_LUMENAL_SIDE_OF_ENDOPLASMIC_RETICULUM_MEMBRANE",0.839322140279303,1,0.332923680691121,0.77404245806078,5348,31,"HLA-DRB5;HLA-H;HLA-G;ALG9;HLA-F;HLA-A;HLA-DQB1;HLA-DRA;TAPBP;HLA-DRB1;ALG8;HLA-B"
"GOCC_LUMENAL_SIDE_OF_MEMBRANE",0.825178003332828,1,0.324613439107589,0.795558600013884,5446,42,"AQP2;HLA-DRB5;HLA-H;HLA-G;ALG9;HLA-F;HLA-A;HLA-DQB1;HLA-DRA;TAPBP;HLA-DRB1;ALG8;HLA-B"
"GOCC_LYSOSOMAL_LUMEN",1,1,-0.17696883265765,-0.53319293704228,2850,87,"CTSF"
"GOCC_M_BAND",0.923740231743465,1,-0.297945133214112,-0.725943517251161,3427,26,"MYOM3;MYBPC3;CRYAB;TRIM63"
"GOCC_MAD_MAX_COMPLEX",0.929552345282682,1,0.352578905138181,0.587900893361711,5211,6,"MXD1;MXI1;MXD3"
"GOCC_MAIN_AXON",0.69639407598197,1,-0.308367807958006,-0.890608737388779,2162,65,"LGI1;UCN;MYOC;SCN1A;NCMAP;CRHBP;DLG2;PRICKLE2;CLDN5;SIRT2;KCNC1;DAGLA;KCNA2;MAP2"
"GOCC_MALE_PRONUCLEUS",0.404007455731594,1,-0.5931680771785,-1.07657742636529,1733,7,"DPPA3"
"GOCC_MANCHETTE",0.702832709780866,1,-0.359385073339791,-0.850917513029097,2629,23,"RIMBP3C;MEIG1;SPAG17;CFAP221;RIMBP3B;STK33;SPEF2"
"GOCC_MANNOSYLTRANSFERASE_COMPLEX",0.971557241052382,1,-0.265131123586865,-0.49386837535058,4098,8,"POMT1;DPM2;DPM1;PIGV;DPM3;PIGM;PIGX;POMT2"
"GOCC_MATRIX_SIDE_OF_MITOCHONDRIAL_INNER_MEMBRANE",0.635834109972041,1,-0.479514643645503,-0.870300781215167,2728,7,"BDH1;PAM16;COA8;DNAJC19;AMBP"
"GOCC_MCM_COMPLEX",0.337764647956672,1,-0.551529777135779,-1.10941643260192,1371,11,"MMS22L;MCM5;MCM2;MCM6;MCM4;MCM7;MCMBP;MCM9"
"GOCC_MCRD_MEDIATED_MRNA_STABILITY_COMPLEX",0.76014427412083,1,-0.444105289198608,-0.751654848618829,3371,5,"PAIP1;HNRNPD;SYNCRIP"
"GOCC_MEDIATOR_COMPLEX",0.298094652735095,1,0.459482082074478,1.10687099353622,1939,38,"HAVCR2;MED13L"
"GOCC_MEIOTIC_COHESIN_COMPLEX",0.763747810858144,1,0.452893585154066,0.780076768158854,4360,7,"RAD21L1;SMC1B"
"GOCC_MEIOTIC_SPINDLE",0.586888997874775,1,0.450362986756932,0.922835871848549,3589,16,"TUBB8;KASH5;CNTRL;ASPM;RPS6KA2"
"GOCC_MEMBRANE_COAT",1,1,0.09562899414075,0.26285306743333,7224,94,"SLC18A3;MYCBPAP;SYNJ1;NCALD;SEC31B;AP3B2;AP1S1;AP4B1;BAIAP2L2;SYNRG"
"GOCC_MEMBRANE_MICRODOMAIN",0.995785163776493,1,0.247631219387092,0.749559938964948,8268,276,"SGCA;ADRA1B;ZAP70;CD226;HTR2A;TEX101;RTN4RL1;RIT2;FAIM2;FYB2;GP6;ITGAM;CD8A;ITGB2;P2RX1;AKAP6;BTK;MLC1;SLC1A2;PTPRC;NFAM1;ADCY8;CAV3;FAS;CD36;PLPP2;TLR6;RFTN1;DLL1;BEST1;ARID3C;CDH13;CD48;PTCH1;BAALC;TFPI;PLPP3;RTN4RL2;DPP4;FXYD1;TNFRSF11A;ADGRG1;GAB2;AHNAK;PLCG2;MME"
"GOCC_MEMBRANE_PROTEIN_COMPLEX",1,1,0.210644892939712,0.67968894564099,9839,1287,"MR1;KCNJ15;SGCA;CDH12;PKD2L1;KCNJ5;IL12B;GLRA1;GRIA2;TSPAN32;FCGR3A;ZAP70;CACNG3;GJA10;GJA9;RHAG;HLA-DRB5;NOX1;KCNIP4;SCNN1B;CD3E;SLC17A8;CXCL8;ATP4B;SCN2B;SLC18A3;IL5RA;C8G;KCNA1;CNGB1;VCAM1;ABCC9;GYPB;BTLA;ATP6V0D2;CACNA1F;KCNG2;CASQ2;IL2RG;BEST2;KASH5;KCNH7;CDH20;NCF1C;GP5;CATSPERE;TRAC;CACNA1D;NCF1B;DUOX1;GJD4;VWC2;GNAT2;HLA-DMB;ITGAM;CD8A;ACKR1;CDH5;IRAG2;TRPC7;GJB2;ITGB2;ATP1A4;CLIC5;HLA-H;COL13A1;ITGAX;GNG5B;AKAP6;STING1;TF;GRID1;SGCD;GRIK1;GNG13;TRPC3;SLC1A2;LRRC26;SCN4B;ATP2A1;GABRB2;PIK3R6;CAV3;CALCR;FAS;STX11;KCNB2;GABRG1;CPLX3;CD34;GABRG3;CEACAM1;IL2RB;KCNV1;CDH8;SNX32;SCNN1G;GABRR1;IL10RB;ITGA10;GABRA1;SCN3A;TLR6;SCN2A;FCER1G;GP1BA;STX19;OLFM3;SNAP25;CNGA1;CACNB3;ERN1;PDGFA;UBAP1L;NOXA1;MYCBPAP;BEST1;VTN;IL6;CDH11;CLMN;TRPC6;GABRP;CATSPERG;CACNA1B;CDH13;ITGB3;PDE4B;CLIC6;SYNJ1;CATSPERZ;GNG11;SHISA6;LRRC55;TAP1;KCNJ6;CACNG8;SCN3B;SGCG;ALCAM;TAS1R3;IL1A;SCNN1D;APBB1IP;NCALD;HLA-G;GLRA3;SLC7A9;CFTR;GFRA1;CD79B;GPR89B;ATP1B2;ITGA2;CRB1"
"GOCC_METHYLOSOME",0.420127388535032,1,-0.482984026007682,-1.02523271937215,1648,14,"CLNS1A;RIOK1;SNRPG;WDR77;SNRPB;PRMT5;SNRPF;ERH;PRMT1;SNRPD1;SNRPD3;SNRPD2;COPRS"
"GOCC_METHYLTRANSFERASE_COMPLEX",0.539784946236559,1,0.343994667482795,0.96588739964849,4015,114,"UTY;DNMT3L"
"GOCC_MHC_CLASS_I_PEPTIDE_LOADING_COMPLEX",0.850077814283244,1,0.396919503185636,0.704226361817744,4915,8,"TAP1;HLA-A;B2M;TAPBP;TAP2"
"GOCC_MHC_CLASS_I_PROTEIN_COMPLEX",0.160485387113314,1,0.693039027939614,1.28358738782539,938,10,"MR1;HLA-H;HLA-G;HLA-F;HLA-A;B2M"
"GOCC_MHC_CLASS_IB_PROTEIN_COMPLEX",0.387215411558669,1,0.63890491021648,1.10046795507812,2210,7,"HLA-G;HLA-F;HLA-A;B2M;HLA-B;HLA-E;HLA-C"
"GOCC_MHC_CLASS_II_PROTEIN_COMPLEX",0.938446014127144,1,-0.305235784664517,-0.637224635991207,3719,13,"HLA-DOB;HLA-DQA1"
"GOCC_MHC_PROTEIN_COMPLEX",0.536217948717949,1,0.439741178504359,0.956395132324448,3345,22,"MR1;HLA-DRB5;HLA-DMB;HLA-H;HLA-G;HLA-F;HLA-A;B2M;HLA-DQB1;HLA-DRA;HLA-DOA;HLA-DRB1;HLA-DMA;HLA-B"
"GOCC_MIB_COMPLEX",0.975782038345106,1,-0.258643898311603,-0.539957214171676,3867,13,"APOO;MTX2;MICOS10;CHCHD3;CHCHD6;HSPA9;IMMT;SAMM50;MICOS13;DNAJC11;MTX1;MTX3;APOOL"
"GOCC_MICOS_COMPLEX",0.901890404402967,1,-0.331241731656469,-0.637796003799012,3768,9,"APOO;MICOS10;CHCHD10;CHCHD3;CHCHD6"
"GOCC_MICROBODY",0.76033381144869,1,0.304915153262917,0.878284396010234,5830,147,"ACOT6;KCNIP4;URAD;CD33;ABCD2;DEPP1;STING1;DHRS4L1;PTGR3;MGAT4A;POMC;SZT2;DDO;PEX39;CROT;CCDC33;PAOX;ACOT4;HAO2;ACOX1;MTARC2;PLAAT3;NUDT7;LACC1;EPHX2;PJVK;VWA8;PMVK;PNPLA8;ALDH3A2;TMEM35A;PIPOX;PEX11A"
"GOCC_MICROBODY_LUMEN",0.9998499174546,1,0.185707114301461,0.462287271176146,6661,47,"POMC;DDO;CROT;PAOX;ACOT4;HAO2;ACOX1;NUDT7;EPHX2;PIPOX"
"GOCC_MICROBODY_MEMBRANE",1,1,-0.132538519107661,-0.383875812409019,3102,66,"ACSL6;PEX26;FNDC5;ACSL4;AGPS;DHRS4;HMGCR;PEX12;USP30;PXMP4;PEX7;ACSL3;FAR1;GDAP1;PEX3;PEX2;TTC1;PXMP2;SYT7;PEX11G;TMEM135;PEX16;GNPAT;MARCHF5;FIS1;MGST1;PEX19;ABCD4;MAP2K2;SLC25A17;PECR;FAR2;MAVS;HSD17B4;ATAD1;CAT;PEX14;PEX10;RAB8B;MPV17L;PEX1;PEX11B;DHRS7B;NBR1;MPV17;CNOT1;IMPDH2;ABCD3;PEX13;TRIM37;PEX5;ACSL1;DECR2;SLC27A2;ACBD5;PEX5L;ABCD1;PEX6;PEX11A;TMEM35A;ALDH3A2;PNPLA8;PJVK;PLAAT3;ACOX1"
"GOCC_MICROFIBRIL",0.866677707850282,1,0.360809826808012,0.707220359181869,5232,13,"ADAMTSL5;FBN3;FBN1;THSD4;LTBP1;FBN2"
"GOCC_MICROTUBULE",1,1,0.192196898929189,0.600455741509228,8938,466,"TUBA3D;CFAP206;ZNF804A;SAA1;CFAP144;SPMIP10;TUBB8;PACRG;KIF4B;NICN1;TUBA4B;CFAP210;TUBB8B;ENKUR;AURKC;SYBU;TTLL9;SPACA9;KIF19;EFHB;DCDC1;SAXO1;CFAP77;CFAP90;TOGARAM2;NAV3;RP1L1;SAXO2;NIN;DNAH3;TEKT5;FAM110C;FAM161B;TEKT2;GAS2L2;CIMIP2B;SYNJ1;MAP1LC3B2;KIF12;MTUS2;KIFC2;MAP1LC3C;DNAH7;KATNAL2;SLAIN2;SAXO4;KIF13B;CCDC181;DYNLT2;EML5;TUBA8;SLC8A3;SPAG6;MX1;SARM1;CHMP4C;FEZ1;KCNAB2;KIFAP3;KIF26B;DNM3;TUBG2;CCSAP;KIF3A;HOOK3"
"GOCC_MICROTUBULE_ASSOCIATED_COMPLEX",1,1,-0.133647413284312,-0.432096040038314,2328,151,"DNAI3;DNAH6;DRC1;KIF27;DNAL1;KIF6;DNAH12;DNAH1;SPTBN5;MAP2;ACTB;EML1;MAP1A;NDE1;DYNLT2B;HAUS7;DNAH5;DNAH11;DNAL4;CCDC65;PXN;PEA15;KATNBL1;KLC3;KIF9;KATNAL1;NDEL1;KIF21B;KIF21A;KIF13A;DYNC1LI1"
"GOCC_MICROTUBULE_BUNDLE",0.936063708759954,1,-0.303560442940634,-0.534036522720069,4113,6,"MTCL1;ATAT1;MARK2;TPPP3;TPPP;NUMA1"
"GOCC_MICROTUBULE_CYTOSKELETON",1,1,-0.111704761671519,-0.419312084065456,173,1257,"CIMIP2A;RIMBP3C;BIRC7;MEIG1;DNAI3;SCTR;RGCC;OR2A4;TEX35;SPMIP9;SPAG17;TUBAL3;DNAH6;CFAP184;EYS;PLK5;RAB6D;HSPA6;KHDC3L;RIBC1;DRC1;DCDC2C;CCDC170;CFAP45;MNS1;RSPH1;RADIL;TTLL6;CFAP221;PARP3;CIMAP1D;CEP112;NCKAP5;DCDC2B;IQCD;CRHBP;USH1G;TRIM63;RIMBP3B;TEKT4;KIF27;DNAL1;BCL2L11;KIF6;TOGARAM1;ANKRD53;RASSF5;CFAP161;STK33;DNAH12;SPEF2;TESK1;CRACR2A;EML6;AGBL1;CCDC178;IFT46;CDH23;PLA2G3;CLRN1;MAPK15;DNAH1;CYP2A6;TUBD1;APC2;CAPN6;KLHL4;MYC;TCHP;SPTBN5;SIRT2;FGF13;LYST;CCDC18;GAS8;MAP2;RAD51;MID2;BCL2L10;DTL;PKNOX2;MAP6D1;DAPK3;IFT88;TTLL5;TMEM63A;RB1;HSPA2;CFAP58;CFAP53;ACTB;MYOF;GLI2;MAST4;CDC42EP2;PIERCE1;CLTCL1;SPAG8;GEN1;CCDC15;NSMCE1;EML1;MAP1A;NDE1;EEF1AKMT3;CCNE2;MICAL3;B9D2;AFG2B;CCDC78;MAST1;OFD1;FRY;SHROOM2;KIF26A;WRN;TTC28;POLR3H;H2AX;RAE1;FNIP2;HSPA1A;SGF29;AJUBA;PIBF1;CEP126;CHEK1;SNTB2;TUBB6;TUBGCP3;FAM110B;CCNE1;PSEN2;PCNT;CBY1;TBL1X;DYNLT2B;SNPH;C2CD3;DDX3X;EFCAB6;INO80;KIF24;SPOUT1;HAUS7;SEPTIN10;CLIP3;TUBB3;HSPH1;SAC3D1;DNAH5;DNAH11;DNAL4;SHCBP1;ATXN10;GAS2L1;BBS5;SVIL;DEUP1;CCDC68;SNX10;CCDC65;PXN;PCLAF;AAMP;DNAJA1;CCDC62;CCDC85B;FBXO31;DPP9;PEA15;ODF2;LRWD1;RRP7A;LRRC45;RASSF7;PTPN20;WDR47;ZNF365;CEP89;IFT57;STAG1;KATNBL1;CHMP6;TUBA3E;TEX9;SHROOM1;FKBP4;TPGS1;CAMSAP3;BRSK2;CLIP1;KLC3;CIMAP3;NDRG1;SHROOM3;TBC1D31;KLHL21;MAPT;SSX2IP;TBCK;NME3;CAMSAP1;SNCG;CEP68;CDC45;KIF9;SLAIN1;HERC2;SEPTIN1;STAG2;CCDC8;NPHP4;KATNAL1;LSM14A;TACC2;FAM83D;TUBA1A;NDEL1;KIF21B;DTNBP1;HSPA1B;NCKAP5L;SERP1;MFN2;SPATC1L;CLNS1A;ILK;MPLKIP;DCAF12;E4F1;INTU;KIF21A;KIF13A;FER;TRIM32;DYNC1LI1;RP2;NEIL1;ATP6V1D;FMN2;CALM2;CEP120;KIF17;DCDC2;CCNO;CC2D1A;TUBB4A;IFT172;WDR5;TADA2A;GNAI3;DYSF"
"GOCC_MICROTUBULE_END",0.999720748394303,1,-0.150384911470362,-0.38690245306556,3579,34,"NCKAP5;CLIP3;GAS2L1;SVIL;CAMSAP3;CLIP1;CAMSAP1;SLAIN1;NCKAP5L;KIF18B;MAPRE2;SPAG5;KNSTRN;DCTN1;MISP;MAPRE3;KIF2C;MAPRE1;CLIP2;PDE4DIP;TBCB;CAMSAP2;CLASP2;CKAP5;ABRAXAS2;CLASP1;CDK5RAP2;CLIP4;DST;ASPM;NUMA1;SLAIN2;GAS2L2;NAV3"
"GOCC_MICROTUBULE_MINUS_END",0.926374650512581,1,-0.310253345509671,-0.563097983658873,3975,7,"SVIL;CAMSAP3;CAMSAP1"
"GOCC_MICROTUBULE_ORGANIZING_CENTER",1,1,-0.085348013901574,-0.313116651276947,501,767,"CIMIP2A;BIRC7;RGCC;CFAP184;EYS;PLK5;RAB6D;HSPA6;KHDC3L;DCDC2C;CCDC170;TTLL6;CFAP221;PARP3;CEP112;DCDC2B;IQCD;USH1G;TOGARAM1;TESK1;CRACR2A;CCDC178;IFT46;CDH23;PLA2G3;MAPK15;TUBD1;TCHP;SIRT2;CCDC18;GAS8;RAD51;DTL;DAPK3;IFT88;TTLL5;TMEM63A;CFAP58;CFAP53;ACTB;MYOF;GLI2;SPAG8;GEN1;CCDC15;NDE1;EEF1AKMT3;CCNE2;B9D2;CCDC78;OFD1;FRY;WRN;TTC28;POLR3H;H2AX;FNIP2;HSPA1A;AJUBA;PIBF1;CEP126;CHEK1;TUBGCP3;FAM110B;CCNE1;PSEN2;PCNT;CBY1;DYNLT2B;C2CD3;DDX3X;KIF24;SPOUT1;HAUS7;SAC3D1;ATXN10;BBS5;DEUP1;CCDC68;SNX10;CCDC65;PCLAF;CCDC62;CCDC85B;FBXO31;ODF2;LRWD1;RRP7A;LRRC45;RASSF7;PTPN20;ZNF365;CEP89;IFT57;KATNBL1;TEX9;TPGS1;CAMSAP3;BRSK2;CLIP1;CIMAP3;NDRG1;TBC1D31;KLHL21;SSX2IP;NME3;SNCG;CEP68;CDC45;HERC2;SEPTIN1;CCDC8;NPHP4;KATNAL1;TACC2;NDEL1;HSPA1B;NCKAP5L;SPATC1L;ILK;MPLKIP;DCAF12;INTU;KIF13A;TRIM32;DYNC1LI1;RP2;NEIL1;ATP6V1D;CALM2;CEP120;KIF17;DCDC2;CCNO;CC2D1A;IFT172;GNAI3;DYSF;BCCIP"
"GOCC_MICROTUBULE_ORGANIZING_CENTER_ATTACHMENT_SITE",0.660058109724833,1,0.470398998124796,0.871232638995477,3861,10,"KASH5;IRAG2;CLMN;SUN2;SYNE1"
"GOCC_MICROTUBULE_PLUS_END",0.999191592562652,1,-0.187961845059909,-0.457969161770973,3707,26,"NCKAP5;CLIP3;GAS2L1;CLIP1;SLAIN1;NCKAP5L;KIF18B;MAPRE2;SPAG5;KNSTRN;DCTN1"
"GOCC_MICROVESICLE",0.970643056849953,1,-0.265351636097974,-0.48160309440626,4165,7,"SYT4;BLOC1S5;BLOC1S6;AP3B1;SNAPIN;SLC30A3;PPFIA3"
"GOCC_MICROVILLUS",0.622396197399692,1,0.338520381510622,0.920245095089831,4451,86,"CUBN;CDHR5;SLC10A2;VCAM1;FABP2;CA9;ANKS4B;MYO1G;CEACAM1;AOC3;MTTP;CDHR2;PDGFA;ITGB3;CRB1;SYTL1;PLEKHG6;SLC26A2;FOXA1;USH1C;MYO6;FSCN3;ICAM2;TGFB1;PDZK1;RAPGEF3;ATP6V1A;ESPN;BBS2;PDPN;SLC6A6"
"GOCC_MICROVILLUS_MEMBRANE",0.406023336486913,1,0.45120243976462,1.03491371051124,2574,29,"CUBN;CDHR5;CA9;CEACAM1;MTTP;CDHR2;ITGB3;SYTL1"
"GOCC_MIDBODY",1,1,-0.146809128424998,-0.484506114226913,2153,185,"OR2A4;TEX14;VPS37B;APC2;SIRT2;PITPNM1;DAPK3;MICAL3;ANKRD45;TTC28;ALKBH4;CEP126;EXOC1;SHCBP1;ATXN10;SVIL;OSGIN2;CHMP6;TBCK;SEPTIN1;MPLKIP;SPART;KIF13A;GNAI3;SLC2A1;SAFB;NAT10;CHMP1A;GNAI1;MTCL1;KEAP1;CHMP4B;HNRNPU;KATNB1;CTDP1;URB2;MAP7D1;CDK1;RNF8;USP50;TRAPPC14;TTLL12;CHMP4A;CRMP1;CIAO2B;FAM50B;ERH;NUDC;CHMP2B;SSNA1;UVRAG;CDC42;SPAG5;JTB;DNM2;PKN2;PDCD6IP;LUZP1;PKN1;CTNND1;ARL3;PLK1;ARF6;LATS1;RAB11FIP3;RCC2;PSRC1;CHMP7;RAN;MAPRE3;TTC23L;GNAI2;PIN1;KATNA1"
"GOCC_MIGRASOME",0.194043160335295,1,0.751316462112871,1.25276814022781,1087,6,"EPCIP;PKD1"
"GOCC_MISMATCH_REPAIR_COMPLEX",0.247474747474747,1,0.63475102521869,1.20215467617037,1469,11,"PMS2P1;PMS2P6;PMS2P3;MLH3"
"GOCC_MITOCHONDRIA_ASSOCIATED_ENDOPLASMIC_RETICULUM_MEMBRANE_CONTACT_SITE",0.963082727027755,1,-0.275723747891426,-0.671801096982957,3573,26,"BCL2L10;ACSL4;PSEN2;ATAD3A;TOMM40;ATG5;BCAP31;CLCC1;RAB32;RAB38;PDZD8;ATG14;MBOAT7;AHCYL1"
"GOCC_MITOCHONDRIAL_2FE_2S_ASSEMBLY_COMPLEX",0.537871956717764,1,-0.572445604370944,-0.968872752838415,2385,5,"LYRM4;FXN;NDUFAB1;NFS1"
"GOCC_MITOCHONDRIAL_COMPLEX_I_INTERMEDIATE_ASSEMBLY_COMPLEX",0.680318543799773,1,-0.469124884650877,-0.825304574250483,2989,6,"NDUFAF1;COA1;ACAD9;TMEM186;ECSIT;TMEM126B"
"GOCC_MITOCHONDRIAL_CRISTA",0.498459350557004,1,-0.524826963269561,-0.977612270425115,2102,8,"LYN;ATPSCKMT;OPA1"
"GOCC_MITOCHONDRIAL_CRISTA_JUNCTION",0.946432803981986,1,-0.299663132754534,-0.558192273029988,3992,8,"APOO;MICOS10;CHCHD3;CHCHD6;IMMT;MICOS13"
"GOCC_MITOCHONDRIAL_ENVELOPE",0.287784679089027,1,-0.278189336761776,-1.0232722133711,138,803,"COX6A2;COX7A1;SLC25A52;MYOC;PLN;ACSL5;ALAS2;IRGM;CYP2E1;PLA2G2A;IFI27;CHCHD2;CIDEA;CKMT2;ADAP2;HKDC1;SLC25A45;ACSL6;RAC2;UQCRHL;PLD6;SIRT4;HSP90B2P;SLC25A34;MRPL23;PLA2G4C;KMO;SLC25A31;BCL2L11;SFXN3;C11orf65;CNR1;LYN;MISFA;BDH1;SLC25A24;AIFM3;SLC30A2;PGR;GPAT2;ACOT9;STAR;COQ3;BID;UQCC5;SFXN2;PPP2R2B;ARMCX1;MIEF2;PPIF;RAB11FIP5;LRRK2;BCL2L10;ATXN3;FECH;MAOB;NDUFC2-KCTD14;SCO2;GATM;ACSL4;DUSP18;GRAMD4;FGR;CLPB;COQ6;CYP1A1;FDXR;HMOX1;TWNK;ABCG2;UCP3;MPC1;MAPK8IP1;SLC25A25;APOO;VRK2;TMEM65;PLA2G4B;SLC25A1;MRPS18A;BAD;MICU3;COA3;FUNDC1;EXOG;PPP1R15A;SLC25A33;MRPL19;UQCC3;SPIRE1;MRPL13;COA4;SLC25A32;SIRT5;MCUB;MGARP;SORD;TIMM13;NDUFA6;DMPK;MTFP1;SLC25A48;BAK1;MIX23;MTX2;UQCC4;MRPS6;NNT;COA6;UBC;ABCB7;PMPCA;ANGEL1;ATPAF2;MTNAP1;MICOS10;ATAD3A;NDUFC1;CEP89;SLC25A53;NDUFAF1;PGAM5;COX7B;CHCHD7;ATPSCKMT;PTRH2;SLC25A22;USP30;TIMMDC1;ARMCX3;SDHB;GK;ARMCX6;NME3;DNAJC30;NDUFB10;MCUR1;AMBRA1;QTRT2;MTHFD2L;PLEKHN1;OCIAD2;TOMM5;TOMM40L;MRPL12;STARD13;MFN2;TOMM34;NDUFC2;MRPS31;GFER;SPATA18;TMEM14C;SPART;MRPS9;SLC25A40;MRPL20;HK2;MRPL58;AIFM1;MTERF3;PRKN;MRPL42;UQCRB;MUL1;RNF5;EPHA4;MRPS16;TRABD;TIMM22;NDUFV1;TOMM40;MRPL30;HCCS;THOP1;GSDMD;IMMP2L;CKMT1B;MRPS12;NLN;OPA1;MRPL46;TIMM8B;TIMM17A;AFG3L2;MRPS10;GRPEL1;ATP5MC3;ATP5MK;RDH13;TOMM7;SLC25A23;SLC27A3;CRLS1;CHCHD10;DEGS1;ACSL3;NDUFV2;TIMM9;NDUFA3;SLC25A38;MIEF1;MRPS23;NDUFA10;AIFM2;RHBDD1;TIMM23;COA7;TIMM44;MRPS18C;NDUFS7;SLC25A46;MRPL2;SLC25A28;RCC1L;NDUFA12;GHITM;MRPS2;MRPL54;AURKAIP1;CYP11A1;GDAP1;PPTC7;COX5A;CYC1;MRPL34;CYB5B;SLC25A13;GADD45GIP1;STARD7;SDHD;PRELID2;PLSCR3;PAM16;UQCC1;TAMM41;TRAP1;ACADM;MRPL36;PGRMC1;MPV17L2;VDAC1;UCP2;MLXIP;LETM1;UCP1;MRPS22;MRPL32;PRELID1;CCDC51;NDUFB3;MRPL39;UBB;SOD1;REXO2;MRPS7;CHCHD3;NDUFB2;SCO1;NDUFAF6;TOMM70;MRPL3;MRPL4;FLVCR1;CYCS;MRPL21;SPHK2;RHOT2;LGALS3;TRMT10B;MRPL24;SLC25A51;MRPL38;MRPS34;SLC25A39"
"GOCC_MITOCHONDRIAL_INTERMEMBRANE_SPACE_CHAPERONE_COMPLEX",0.961092150170648,1,-0.281424782758519,-0.495094521986194,4223,6,"TIMM13;TIMM8B;TIMM9;TIMM8A;TIMM10B"
"GOCC_MITOCHONDRIAL_LARGE_RIBOSOMAL_SUBUNIT",0.128764597418562,1,-0.444389622867807,-1.23588695597821,418,52,"MRPL23;MRPS18A;MRPL19;MRPL13;MRPL12;MRPL20;MRPL58;MRPL42;MRPL30;MRPL46;MRPL2;MRPL54;MRPL34;GADD45GIP1;MRPL36;MRPL32;MRPL39;MRPL3;MRPL4;MRPL21;MRPL24;MRPL38;MRPL9;MRPS30;MRPL43;MRPL27;MRPL47;MRPL52;MRPL28;MRPL16;MRPL55"
"GOCC_MITOCHONDRIAL_MATRIX",1,1,0.12844737410055,0.403662892955253,9069,528,"TP53AIP1;DMGDH;DHRS2;ERBB4;LDHAL6B;THEM5;ACSM6;ME3;NGB"
"GOCC_MITOCHONDRIAL_PERMEABILITY_TRANSITION_PORE_COMPLEX",0.376866556055937,1,-0.585819545128465,-1.09122513829057,1589,8,"SLC25A31;PPIF"
"GOCC_MITOCHONDRIAL_PROTEIN_CONTAINING_COMPLEX",0.0285582680792262,1,-0.381464091991978,-1.25596271993022,61,180,"MRPL23;SLC25A31;PPIF;LYRM4;MPC1;APOO;MRPS18A;MICU3;MRPL19;MRPL13;MCUB;TIMM13;ISCA1;FXN;MTX2;MRPS6;PMPCA;PRORP;MICOS10;NDUFAF1;ISCA2;TOMM5;TOMM40L;MRPL12;MRPS31;MRPS9;MRPL20;MRPL58;MRPL42;MUL1;MRPS16;TRABD;TIMM22;TOMM40;MRPL30;IMMP2L;MRPS12;MRPL46;TIMM8B;TIMM17A;AFG3L2;MRPS10;GRPEL1;TOMM7;CHCHD10;TIMM9;MRPS23;TIMM23;TIMM44;MRPS18C;MRPL2;MRPS2;MRPL54;AURKAIP1;POLG;MRPL34;GADD45GIP1;PAM16;MRPL36;VDAC1;MRPS22;MRPL32;MRPL39;MRPS7;CHCHD3;TOMM70;MRPL3;MRPL4;MRPL21;TRMT10B;MRPL24;MRPL38;MRPS34;CHCHD6;TRMT10C;MRPL9;TIMM29;NDUFAB1;MRPS30;MRPL43;UQCRC1;MRPL27;POLRMT;MRPL47;MRPL52;ROMO1;MRPL28;MRPL16;MFN1;HSPA9;MRPS26;MRPL55;MRPS24;PHB2;TIMM8A;MRPS14;COA1;TIMM10B;IMMT;SAMM50;SLC25A5;MRPS27;DNAJC19;NFS1;MRPS25;MRPL50;MRPL57;MRPL15;PHB1;PMPCB;MRPS15;CLPX;MRPS28;MICOS13;MRPL18;MRPS5;CHCHD1;MRPS17;PDSS1;TIMM23B"
"GOCC_MITOCHONDRIAL_SMALL_RIBOSOMAL_SUBUNIT",0.296727676095397,1,-0.430628368635096,-1.09426269404543,1069,32,"MRPS18A;MRPS6;MRPS31;MRPS9;MRPL42;MRPS16;MRPS12;MRPS10;MRPS23;MRPS18C;MRPS2;AURKAIP1;MRPS22;MRPS7;MRPS34;MRPS26;MRPS24;MRPS14;MRPS27;MRPS25;MRPS15;MRPS28;MRPS5;CHCHD1;MRPS17"
"GOCC_MITOCHONDRION",1,1,-0.14688866636164,-0.556303580177006,74,1701,"COX6A2;COX7A1;SLC25A52;MYOC;PLN;ACSL5;ALAS2;TRIM31;IRGM;AKR1B10;CYP2E1;PLA2G2A;IFI27;CHCHD2;XAF1;CMPK2;HIGD1C;CCR7;CIDEA;PCK1;KHDC3L;GCKR;CKMT2;CRYAB;KYNU;ADAP2;PAGE4;HKDC1;SLC25A45;ACSL6;HPDL;RAC2;UQCRHL;PLD6;AZIN2;SIRT4;HSP90B2P;SLC25A34;MRPL23;PLA2G4C;KMO;PRKCE;SLC25A31;BCL2L11;SULT1C2;GCK;SFXN3;PRXL2B;ACOT2;C11orf65;CNR1;RNASEL;ACOT1;LYN;MISFA;BDH1;PABPC5;SLC25A24;ACSS2;AIFM3;SLC30A2;OLFM4;PGR;GPAT2;ACOT9;STAR;COQ3;NOX4;ETNPPL;PNPLA4;OXSM;CA5BP1;BID;UQCC5;SFXN2;PPP2R2B;ARMCX1;RAD51C;MIEF2;HCLS1;TCHP;HSD17B7;PPIF;SIRT2;SARDH;RAB11FIP5;DOK7;CYP2D6;VASN;LRRK2;CRY2;RAD51;TGM2;BCL2L10;PLIN5;ATXN3;NDUFA4L2;PDF;FECH;TXNRD2;MAOB;NDUFC2-KCTD14;LDHC;TERT;SCO2;GATM;SPHKAP;ACSL4;ACP6;DUSP18;COL6A1;CLUH;GRAMD4;ACSF3;FGR;PYCR2;ECHDC3;CLPB;COQ6;CYP1A1;FAM72A;LDHAL6A;MSRB3;OVCA2;PRIMPOL;TRMT5;MMAB;LYRM4;FDXR;HMOX1;TWNK;ABCG2;AKAP10;UCP3;WARS2;SPR;MPC1;MAPK8IP1;SLC25A25;ADCK5;MALSU1;HSPA1A;CA5B;APOO;VRK2;MMADHC;TMEM65;PLA2G4B;AGPS;HDHD5;USP35;SLC25A1;DHRS4;FAM110B;METTL13;MRPS18A;OXCT1;BAD;MICU3;COA3;FUNDC1;EXOG;PPP1R15A;SLC25A33;C1orf53;PDK3;NOCT;HOGA1;SNPH;DHRS4L2;MRPL19;DDX3X;UQCC3;SPIRE1;MRPL13;ALKBH3;COA4;ORAI2;SLC25A32;ACADSB;SIRT5;MCUB;MGARP;SORD;TIMM13;ISCA1;NDUFA6;DMPK;FAM210A;MTFP1;D2HGDH;PPA2;PDP2;FXN;SLC25A48;BAK1;MIX23;MTX2;FAM185A;UQCC4;MRPS6;NNT;ARG2;PGK1;EIF2S1;IRF3;COA6;UBC;STUB1;ABCB7;PMPCA;PRORP;RAP1GDS1;DNAJA1;ANGEL1;ATPAF2;TRMT61B;MTNAP1;MICOS10;ATAD3A;NDUFC1;C10orf67;CEP89;FARS2;VPS35;SLC25A53;PDHA1;CXorf38;NDUFAF1;PGAM5;FKBP4;PRICKLE3;EARS2;COX7B;PUSL1;CHCHD7;ATPSCKMT;PTRH2;ABHD18;SLC25A22;USP30;GSK3A;TIMMDC1;NR2F6;KLC3;ARMCX3;ISCA2;DCTPP1;SDHB;GLUL;HADH;SPATA33;GK;DUS2;MAPT;ARMCX6;ACOT7;GRSF1;PPDPF;SMIM10L1;NME3;DNAJC30;NDUFB10;GLUD2;QDPR;LIPT1;MCUR1;PC;AMBRA1;QTRT2;MTHFD2L;ALDH6A1;BCAT1;PLEKHN1;RIDA;NDUFAF8;CLIC1;OCIAD2;GPS2;TOMM5;TOMM40L;MRPL12;AIM2;HSPA1B;STARD13;MFN2;TOMM34;IER3;GCDH;LIPT2;METTL17;DDX28;NDUFC2;MRPS31;GFER;SUGCT;SPATA18;TMEM14C;SPART;MRPS9;SLC25A40;MRPL20;HK2;BCLAF3;MRPL58;TRIM32;AIFM1;YRDC;TARS2;TFB2M;IDH1;MTERF3;SNAP29;TEFM;PRKN;MRPL42;TXNRD1;CMC2;UQCRB;EOLA1;DNAJC5;PLA2G6;FASTKD5;MUL1;RNF5;EPHA4;MRPS16;TRABD;TIMM22;NDUFV1;STXBP1;FAM136A;TOMM40;LIAS;MRPL30;HCCS;C15orf62;THOP1;NAGS;GPT2;RMDN2;GSDMD;IMMP2L;MLLT11;CKMT1B;MRPS12;NLN;OPA1;CTPS2;MRPL46;TIMM8B;CCAR2;TBRG4;TIMM17A;HTD2;AFG3L2;MRPS10;GRPEL1;ATP5MC3;RPIA;RAB29;ATP5MK;RDH13;HARS2;MFHAS1;TSFM;TFB1M;ACACA;TOMM7;HSP90AA1;SLC25A23;SLC27A3;CRLS1;LIG3;CHCHD10;UBE3B;DEGS1;DDX1;ACSL3;FASTKD3;NDUFV2;GATB;TIMM9;NDUFA3;SLC25A38;MIEF1;TRMT1;MRPS23;TRMU;NUDT9;NDUFA10;AIFM2;SLC9A1;RHBDD1;TIMM23;COA7;NEURL4;ECHS1;TIMM44;MRPS18C;NDUFS7;NSUN3;FDPS;SLC25A46;SLC9A6;MRPL2;SLC25A28;RCC1L;C14orf119;NDUFA12;TFAM;GHITM;MLYCD;NSUN2;MSRA;MRPS2;MRPL54;AURKAIP1;BOLA3;CYP11A1;SNAP23;GDAP1;PIF1;PPTC7;POLG;METTL15;COX5A;CYC1;MRPL34;MARS2;CYB5B;SLC25A13;GADD45GIP1;ADPRS;STARD7;CDK1;SDHD;PRELID2;NAPA;USP15;NUDT8;CASP6;PLSCR3;PIN4;PAM16;LRRC59;UQCC1;TAMM41;TRAP1;FADS1;ACADM;MRPL36;SSBP1;PGRMC1;PARP1;MPV17L2;VDAC1;UCP2;MLXIP;LETM1;GCAT;UCP1;MRPS22;ALKBH1;PUS1;TTC5;PUS10;MRPL32;PRELID1;CCDC51;NDUFB3;MRPL39;C1QBP;UBA1;UBB;SOD1;PLEKHO1;NTHL1;REXO2;MRPS7;CHCHD3;NDUFB2;SCO1;PTGES2;C8orf82;NDUFAF6;SLC35F6;TOMM70;GSR;PDK2;ABCE1;MRPL3;POLDIP2;MRPL4;C15orf40;FLVCR1;PYURF;HAT1;ADH5;DLAT;CYCS;MRPL21;SPHK2;ELAC2;MPST;RHOT2;FEM1A;LGALS3;NR4A1;PI4K2A;TRMT10B;TACO1;MRPL24;MBLAC2;CRYM;SLC25A51;MRPL38;MRPS34;NIT2;SLC25A39;GCLC"
"GOCC_MITOTIC_COHESIN_COMPLEX",0.881251481393695,1,-0.353341536568484,-0.65818078333524,3717,8,"STAG1;STAG2;SMC1A;SMC3;DDX11;RAD21;SGO1;SGO2"
"GOCC_MITOTIC_SPINDLE",1,1,0.0848149377888131,0.246835096327212,7770,164,"TUBB8;TUBB8B;DCDC1;NIN;HECW2;GPSM2;NUDCD2;KAT2B;CCSAP;CDC7;BIRC6;HAUS4;CAPG;NUMA1;MAP10;CNTRL;TUBB1;ASPM;PKHD1;EFHC1;WNK1;CKAP2L;TPR;SMC6;YPEL5;TPPP;GIT1"
"GOCC_MITOTIC_SPINDLE_ASTRAL_MICROTUBULE",0.941725747881722,1,0.326578481888795,0.579425234342657,5445,8,"CCSAP;NUMA1;KIF18A;DYNLT3;MAPRE1;MAPRE3;MISP;KIF18B"
"GOCC_MITOTIC_SPINDLE_MICROTUBULE",0.968854568854569,1,-0.274674974998077,-0.600905636766404,3763,16,"HAUS7;HNRNPU;HAUS3;HAUS2;MAPRE1;HAUS8;HAUS6;CEP295;HAUS5;CLTC;SKA1;MAP1S;HAUS1;TUBG1;EML3;HAUS4"
"GOCC_MITOTIC_SPINDLE_MIDZONE",0.245859872611465,1,-0.554871935710684,-1.17782956147479,964,14,"OR2A4"
"GOCC_MITOTIC_SPINDLE_POLE",0.989048991354467,1,-0.246500888911333,-0.650119702045238,3431,39,"OR2A4;NSMCE1;EML1;RAE1;STAG1;KATNBL1;STAG2;FAM83D;BCCIP;RMDN2"
"GOCC_MKS_COMPLEX",0.984199796126402,1,-0.243317050655794,-0.525797552811538,3861,15,"TMEM17;B9D2;TMEM237;TMEM67;TMEM216;TCTN2;TCTN3;B9D1;CEP290;MKS1;TCTN1;AHI1;TMEM231;TMEM107;CC2D2A"
"GOCC_MLL1_2_COMPLEX",0.98114254021076,1,-0.256292818104842,-0.651261482128566,3537,32,"SENP3;WDR5;PRPF31;TAF1;PELP1;LAS1L;TEX10;MCRS1;RUVBL2;TAF4;RNF2;KMT2B;PHF20;RBBP5;RUVBL1;TAF9;HCFC1;TAF6;MEN1;E2F6;TAF7;MAX;CHD8;KAT8;ASH2L;DPY30;BACC1;MGA;INO80C;KMT2A;KANSL1;HCFC2"
"GOCC_MLL3_4_COMPLEX",0.0453106779943362,1,0.748412634139524,1.44558801000171,271,12,"UTY;KDM6B;KMT2C"
"GOCC_MMXD_COMPLEX",0.518485121731289,1,-0.58472067361298,-0.989648491243958,2299,5,"CIAO2B;ERCC2;MMS19;SLC25A5;CIAO1"
"GOCC_MON1_CCZ1_COMPLEX",0.639089269612263,1,-0.512939696941187,-0.868158113925306,2834,5,"CCZ1;MON1A"
"GOCC_MONOATOMIC_ION_CHANNEL_COMPLEX",0.849255655843395,1,0.283727568217102,0.87000503013767,7244,337,"KCNJ15;PKD2L1;KCNJ5;GLRA1;GRIA2;CACNG3;KCNIP4;SCNN1B;SLC17A8;SCN2B;KCNA1;CNGB1;ABCC9;CACNA1F;KCNG2;CASQ2;BEST2;KCNH7;CATSPERE;CACNA1D;VWC2;TRPC7;CLIC5;AKAP6;GRID1;GRIK1;TRPC3;LRRC26;SCN4B;ATP2A1;GABRB2;KCNB2;GABRG1;GABRG3;KCNV1;SCNN1G;GABRR1;GABRA1;SCN3A;SCN2A;OLFM3;SNAP25;CNGA1;CACNB3;BEST1;TRPC6;GABRP;CATSPERG;CACNA1B;PDE4B;CLIC6;CATSPERZ;SHISA6;LRRC55;KCNJ6;CACNG8;SCN3B;SCNN1D;GLRA3;CFTR;GPR89B;CLDN4;GLRB;CLCNKB;KCNJ14"
"GOCC_MOTILE_CILIUM",0.512885356454721,1,0.325476306664728,0.985190805755355,4258,276,"PCDH11Y;RSPH6A;CFAP206;NME8;RHO;TMEM232;CIMAP1A;CFAP144;SSX1;SPMIP10;TCP11X1;CCDC38;ADGB;PACRG;C11orf42;FSIP2;CFAP61;ROPN1B;TACR1;CST11;CATSPERE;CFAP44;RSPH14;CFAP210;CFAP43;FLACC1;DNAJB13;ENKUR;ATP1A4;TTC29;AKAP3;SPACA9;CFAP74;EFHB;SAXO1;CFAP77;CFAP90;GSTM3;IQUB;SLC9B1;DRC3;SAXO2;CCDC40;DNAH3;TEKT5;CFAP57;MYCBPAP;QRICH2;TEKT2;SPA17;CATSPERG;CATSPERZ;DNAAF19;DNAAF11"
"GOCC_MPP7_DLG1_LIN7_COMPLEX",0.951850521020482,1,0.335046894900145,0.540173296346738,5297,5,"MPP7;DLG1;LIN7C;LIN7B"
"GOCC_MRE11_COMPLEX",0.0197628458498024,1,0.898658480692536,1.44884588156029,109,5,"SP100;MRE11"
"GOCC_MRNA_CLEAVAGE_AND_POLYADENYLATION_SPECIFICITY_FACTOR_COMPLEX",0.343395252837977,1,-0.485014864532128,-1.07546729238408,1330,17,"CSTF2;FIP1L1;ZC3H3;CSTF2T;SYMPK;CPSF6;CPSF4;PIP5K1A;NUDT21"
"GOCC_MRNA_CLEAVAGE_FACTOR_COMPLEX",0.855661881977671,1,-0.325600184672207,-0.762908961132512,3218,22,"CSTF2;FIP1L1;ZC3H3;CSTF2T;SYMPK;CPSF6;CPSF4;PIP5K1A;NUDT21;CLP1;TUT1;CPSF2;SSU72;CPSF7;WDR33;CSNK1A1;CPSF3;CPSF1;PCF11;SCAF8;CSTF1;CSTF3"
"GOCC_MRNA_EDITING_COMPLEX",0.658844133099825,1,0.509738009424748,0.877987218265669,3761,7,"A1CF;APOBEC3G"
"GOCC_MSL_COMPLEX",0.926284941388638,1,-0.321965473489946,-0.544931382540565,4108,5,"MSL3B;KAT8;MSL1;MSL3;MSL2"
"GOCC_MULTI_PASS_TRANSLOCON_COMPLEX",0.838717396506341,1,-0.368889924526591,-0.710286468218275,3504,9,"NOMO3;NCLN;WDR83OS;CCDC47;RAB5IF"
"GOCC_MULTIVESICULAR_BODY",0.935126582278481,1,-0.272478217819904,-0.775717772223275,2954,60,"SFTPB;SFTPA2;NAPSA;SFTPD;CRHBP"
"GOCC_MULTIVESICULAR_BODY_INTERNAL_VESICLE",0.800910125142207,1,-0.407827025131698,-0.71746675641528,3519,6,"LRRK2;APOE;LAPTM4B"
"GOCC_MULTIVESICULAR_BODY_LUMEN",0.119251577998197,1,-0.810256646317192,-1.37137150050375,528,5,"SFTPB;NAPSA"
"GOCC_MULTIVESICULAR_BODY_MEMBRANE",0.834525512637101,1,0.340874253194282,0.766449325995619,5249,26,"ABCA3;RAB27B;RAB27A;SORL1;CHMP4C"
"GOCC_MUSCLE_MYOSIN_COMPLEX",0.156407669021191,1,-0.616577500540069,-1.28719630227447,619,13,"MYL1;MYH4;MYH11;MYH7;MYH2"
"GOCC_MYELIN_SHEATH",0.810643928256395,1,-0.306603527313021,-0.81965265057078,2756,42,"NCMAP;GJC2;GJC3;PRXL2B;PLLP;CLDN5;TSPAN2;SIRT2;GPM6B;PLP1;MAG;ERBB2"
"GOCC_MYELIN_SHEATH_ABAXONAL_REGION",0.719906575637801,1,0.515621246537073,0.831301028745108,4006,5,"PRKCZ;EXOC4;DLG1;ITGB1"
"GOCC_MYELIN_SHEATH_ADAXONAL_REGION",0.847385031559964,1,-0.385674189703564,-0.652759338221209,3758,5,"MAG;PALS1;STX4;ANXA2;PTEN"
"GOCC_MYOFILAMENT",0.886581469648562,1,0.328994916941341,0.721759062124819,5549,23,"LMOD2;TMOD4;MYOM1;TTN"
"GOCC_MYOSIN_FILAMENT",0.478709336154456,1,-0.421064202088535,-0.977344853690604,1809,21,"MYH7B;MYH4;MYBPC3;MYH11;ACTG2;MYH7"
"GOCC_MYOSIN_II_COMPLEX",0.0934051144010767,1,-0.54960696002578,-1.32562269831565,346,25,"MYL1;MYH7B;MYH4;MYL4;MYH11"
"GOCC_N_TERMINAL_PROTEIN_ACETYLTRANSFERASE_COMPLEX",0.827949270160325,1,-0.374115826546977,-0.72034878557237,3459,9,"NAA10;NAA20;NAA15;NAA50;NAA25"
"GOCC_NADH_DEHYDROGENASE_COMPLEX",0.994010182689428,1,-0.232833981592021,-0.634765164298451,3318,47,"NDUFC2-KCTD14;NDUFA6;NDUFC1;NDUFB10;NDUFC2;NDUFV1;NDUFV2;NDUFA3;NDUFA10;NDUFS7;NDUFA12;NDUFB3;NDUFB2;NDUFA5;NDUFA7;NDUFB11;NDUFAB1;NDUFAF2;NDUFB4;NDUFB7;NDUFS5;NDUFB9;NDUFS3;NDUFS8;NDUFS6;NDUFB6;MT-ND1;NDUFA11;NDUFA8;NDUFB5;NDUFS2;NDUFA13;NDUFA2;NDUFA4;NDUFB8;NDUFS1;NDUFS4;NDUFA9;MT-ND2;MT-ND3;NDUFA1;NDUFB1;MT-ND5;MT-ND6;MT-ND4;MT-ND4L;NDUFV3"
"GOCC_NADPH_OXIDASE_COMPLEX",0.75515995872033,1,-0.364416706676049,-0.808054097901681,2926,17,"NOX3;CYBB;DUOXA1;RAC2"
"GOCC_NASCENT_POLYPEPTIDE_ASSOCIATED_COMPLEX",0.534288864388093,1,-0.600281706570692,-0.979303574930786,2422,4,"NACA2;BTF3;NACAD"
"GOCC_NATA_COMPLEX",0.616979051819184,1,-0.546801004969077,-0.892054802071338,2797,4,"NAA10;NAA15;NAA50"
"GOCC_NBAF_COMPLEX",0.976554536187564,1,-0.256621041690629,-0.554546898202207,3831,15,"ACTL6B;DPF1;ACTB;SMARCA4;SMARCE1"
"GOCC_NETWORK_FORMING_COLLAGEN_TRIMER",0.729177399965653,1,0.450719311711008,0.817141830933325,4245,9,"COL10A1;COL8A1;COL4A1;COL4A2;COL4A3"
"GOCC_NEUROFIBRILLARY_TANGLE",0.52502254283138,1,-0.580533387681073,-0.982561447135676,2328,5,"PICALM;MAPT;NEFH"
"GOCC_NEUROFILAMENT",0.335858585858586,1,0.59241631652397,1.12197699074775,1994,11,"HTR2A;NRP1;NEFL;INA;CLDN11;DYRK1A"
"GOCC_NEUROMUSCULAR_JUNCTION",0.933379986004199,1,0.280861095314487,0.765240579131801,6668,88,"UNC13C;SGCA;ERBB4;SGCD;CAV3;SGCG;P2RX7;NEFL;SYNGR4;SYNGR1;SLC8A3;SARM1;LAMA5;HSPG2;SYNGR3;GRIA1;UTRN;LAMB2;NLGN1;DLGAP4;ITGA3;UNC13B;SNTB1;DLG4;EPHA7;CD2AP;TRIP4;SYP"
"GOCC_NEURON_PROJECTION",0.99969465648855,1,0.24756225840406,0.798498662700275,9821,1267,"NLGN4Y;CHL1;GAD2;EVX1;UNC13C;IL1RAPL1;TPH2;STRCP1;GLRA1;RHO;ZNF804A;PDE6A;GRIA2;CACNG3;TH;CNR2;GAD1;GUCA1ANB-GUCA1A;PDE6C;SAG;HTR2A;GHRH;GUCY2F;CD3E;SLC17A8;PRLHR;SCRG1;SCN2B;SLC18A3;KCNA1;CNGB1;CX3CR1;NPY6R;IMPG1;CNTN5;PACRG;CACNA1F;ERMN;PDC;CNTN6;RPH3A;RIT2;CRH;TACR1;IL31RA;CNTN3;PNLIPRP2;PSD2;GRM7;EPHA10;POTEE;SKOR1;GNAT2;ADCY4;CYP46A1;GRK7;NTS;POTEF;CASR;ATP1A4;CLIC5;NPFF;SYBU;ALDH1A1;BGLAP;FAM107A;PDZD7;GRID1;GNG13;SLC1A2;TSPEAR;ATP8B1;ADCY8;GABRB2;PRPH2;SRCIN1;ANG;CPNE6;CALCR;EPHB3;HTR1F;KCNB2;GABRG1;CPLX3;GRK1;GABRG3;TRPA1;NPY;CDH8;SLC32A1;ANKS1B;EPHA5;SLC6A2;AGBL4;SYNDIG1;ELAVL4;TULP1;APBA1;GABRA1;RGS8;ADRA2A;SCN2A;CAMK2A;RGS6;RP1L1;GPM6A;RGS9BP;NIN;EPHA6;ATP2B3;SSTR1;GLDN;STMN2;LRRC7;SNAP25;CNGA1;MORN4;SEZ6;BRINP2;PCSK2;NRP1;KCNK9;PLPPR1;DGKI;CADM1;GRIP1;KIRREL3;PIEZO2;NEU4;FRMPD4;PCDHB13;RAB27B;OPRL1;CDH13;PDE4B;TENM4;SYNJ1;SHISA6;TMIGD2;DSCAM;CPEB3;PRKCB;CEP250;CACNG8;LRRTM1;SH3KBP1;CALB2;ALCAM;TENM2;NMB;MFAP3L;NPBWR1;PTCH1;GLRA3;P2RX3;GFRA1;RAB27A;SLC1A4;GPR37;KIFC2;NEFL;EPB41L3;HTR1D;ITGA2;CRB1;BAALC;PSD;TRIM9;C4B;STMND1;RGS11;GLRB;INPP5F;PCSK1;RTN4RL2;SORBS2;ROR2;HTR6;BCL11B;SLC4A10;DOC2A;KLHL24;DRD4;NRGN;RGS7;GRM5;SSTR2;TSGA10;JPH4;KIF13B;GRIK3;SAMD14;VPS16;HAPLN2;MME;PCDH8;SLITRK2;NTRK3;PKHD1L1;HRH2;AP3B2;SLC8A3;CLSTN3;COBL;KLHL14;NCF1;SLC8A2;EPS8;CRHR1;MBP;SARM1;HCN1;L1CAM;AVIL;FEZ1;PRKCG;ANK2;KCNAB2;KIFAP3;ROBO1;VCAN;AP1S1;MYO3B;RGS7BP;ABCA4;FAT3;DNM3;UNC80;RIPOR2;MYRIP;DCP1A;SRGAP2;USH1C;FZD3;SGCE;PTCHD1;CCSAP;NRCAM;TSGA10IP;HMCN2;TMEM266"
"GOCC_NEURON_PROJECTION_CYTOPLASM",1,1,-0.179872150905834,-0.545590588363237,2800,92,"CHRNA2;NETO1;DLG2;ARMCX1;LRRK2;MAP2;BLOC1S3;MAP1A;GRIK2;HPCA;MGARP;ARC;ARMCX3;MAPT;ARMCX6;NDEL1;DTNBP1;KIF21A;KIF17;BLOC1S4;OPA1;BLOC1S5;HNRNPAB;HIF1A"
"GOCC_NEURON_PROJECTION_MEMBRANE",0.999416228838295,1,0.215294944302811,0.559131752940451,6847,62,"SLC1A2;GABRG1;GABRG3;GABRA1;SHISA6;CACNG8;EPB41L3;PKHD1L1;HCN1;RIPOR2;SGCE;ANK1;GRIA1;ADGRV1;UNC5A;ROBO2;INSR;KCNC4;KCNC3"
"GOCC_NEURON_PROJECTION_TERMINUS",0.400318979266348,1,0.362741754594557,1.02865086058456,3011,125,"UNC13C;GAD1;GHRH;SLC17A8;SCRG1;SLC18A3;KCNA1;CNGB1;NTS;CASR;NPFF;SLC1A2;CPLX3;NPY;CDH8;SLC32A1;TULP1;ADRA2A;SYNJ1;PRKCB;CALB2;ITGA2;SLC4A10;GRIK3;MME;SLC8A3;SLC8A2;HCN1;PRKCG;AP1S1"
"GOCC_NEURON_SPINE",1,1,0.22394917241279,0.651754478468786,7770,164,"ZNF804A;GRIA2;CD3E;RPH3A;GRID1;GABRB2;ANKS1B;SYNDIG1;APBA1;GABRA1;CAMK2A;GPM6A;SEZ6;DGKI;FRMPD4;PDE4B;SHISA6;TENM2;PSD;NRGN;GRM5;SLC8A3;SLC8A2;RGS7BP;DNM3;SRGAP2;PTCHD1"
"GOCC_NEURON_TO_NEURON_SYNAPSE",1,1,0.201490998962411,0.624366040289873,8753,398,"NLGN4Y;GRIA2;CACNG3;ERBB4;LRFN5;GRM7;GPR50;IQSEC3;GRID1;GRIK1;ADCY8;SRCIN1;ANKS1B;PLXNC1;OPCML;SYNDIG1;ADRA2A;CAMK2A;SLITRK1;SLITRK3;LRRC7;DMTN;DGKI;GRIP1;PDE4B;SLC16A7;SHISA6;CPEB3;MAPK8IP2;CACNG8;SH3KBP1;LRRTM3;LNX1;P2RX3;ATP1B2;BAALC;PSD;ADGRB3;GPSM2;PDPK1;GRM5;GRIK3;SAMD14;PRICKLE1;AKAP7;C1QL2;SLC8A3;CLSTN3;SLC8A2;EPS8;CRHR1;GRIN2D;PRKCG;RGS7BP;DNM3;SRGAP2;NRCAM;NETO2;ROGDI;BSN;PRRT1;ADCY1;RAPGEF4;NEGR1"
"GOCC_NEURONAL_DENSE_CORE_VESICLE",0.319757842597689,1,-0.428104951694857,-1.07597047361252,1161,30,"AVP;SST;OXT;GHRL;CALCA;SCG2;PENK;SYT5;ADRB1;SYT4;TAC1"
"GOCC_NEURONAL_DENSE_CORE_VESICLE_MEMBRANE",0.847159603246168,1,-0.385825532573094,-0.653015488292944,3757,5,"SYT5;SYT4"
"GOCC_NEURONAL_RIBONUCLEOPROTEIN_GRANULE",0.807963594994312,1,-0.402376191940941,-0.707877417386387,3550,6,"ARC;HNRNPAB;FMR1;EIF4EBP2;UHMK1;PQBP1"
"GOCC_NEUROTRANSMITTER_RECEPTOR_COMPLEX",0.958500669344043,1,0.27901089742282,0.702986483360317,6443,51,"GRIA2;CACNG3;VWC2;GRID1;GRIK1;OLFM3;SHISA6;CACNG8;NRN1;GRIK3;EPS8;GRIN2D;CHRNA4;CHRNA6"
"GOCC_NF_KAPPAB_COMPLEX",0.922061708578563,1,0.360617443522271,0.601304599109441,5169,6,"NFKB2;REL;RELB;RPS3"
"GOCC_NLRP1_INFLAMMASOME_COMPLEX",0.760094501718213,1,-0.484133748051565,-0.750873560317198,3538,3,"NLRP1"
"GOCC_NLRP3_INFLAMMASOME_COMPLEX",0.325722273998136,1,-0.639470385982706,-1.16061435007217,1397,7,"NLRP1;DDX3X;CARD8;GSDMD"
"GOCC_NLS_DEPENDENT_PROTEIN_NUCLEAR_IMPORT_COMPLEX",0.982413876174416,1,-0.242847254268574,-0.478150921949471,4077,10,"KPNB1;KPNA5;KPNA3;KPNA2;MYBBP1A;KPNA4;KPNA1;KPNA6;SNUPN;KPNA7"
"GOCC_NMDA_SELECTIVE_GLUTAMATE_RECEPTOR_COMPLEX",0.798037808088059,1,-0.386833960562814,-0.744837170566968,3334,9,"GRIN2C;GRIN3B;GRIN2A;GRIN2B;GRIN3A"
"GOCC_NODE_OF_RANVIER",0.816578947368421,1,-0.33903954706532,-0.78043340397504,3102,20,"MYOC;SCN1A"
"GOCC_NON_MOTILE_CILIUM",0.0827604099104942,1,0.421561276515446,1.22175146513541,637,157,"PKD2L1;STRCP1;RHO;PDE6A;GUCA1ANB-GUCA1A;PDE6C;SAG;GUCY2F;PRLHR;CNGB1;IMPG1;CACNA1F;PDC;DRD5;GNAT2;GRK7;ATP1A4;GALR2;PRPH2;GRK1;TULP1;RP1L1;RGS9BP;CNGA1;NPFFR1;PCDHB13;CEP250;RAB27A;NPY2R;CRB1"
"GOCC_NONHOMOLOGOUS_END_JOINING_COMPLEX",0.95142378559464,1,-0.281061334358777,-0.541175156222032,3975,9,"XRCC4;XRCC6;XRCC5;PAXX;PRKDC;NHEJ1;DCLRE1C;LIG4;ATP23"
"GOCC_NPBAF_COMPLEX",0.997707006369427,1,-0.196877761708871,-0.417913455004157,3915,14,"ACTB;SMARCA4;ACTL6A;SMARCE1"
"GOCC_NSL_COMPLEX",0.95150172328902,1,-0.291504826366189,-0.586369508882933,3864,11,"WDR5;MCRS1;PHF20;PHF20L1;KANSL3;HCFC1;KANSL2;KAT8;KANSL1L;OGT;KANSL1"
"GOCC_NUCLEAR_BODY",1,1,0.159414224108386,0.508521079902004,9504,768,"SRY;SP100;ZBTB20;GFI1;MAGEA11;POU4F2;TCIM;HSF4;SCARNA10;GATA4;PDX1;APOL6;RBFOX1;HSPB7;LPXN;FAM107A;IL15;SFMBT2;MEF2C;AIRE;F8A1;FLI1;AMER3;MAMLD1;ANKS1B;CELF3;PLAGL1;IQCH;SIM2;L3MBTL1;TCP11L2;MSX2;FOXF2;MEOX2;CHD3;NFATC4;ALX1;TENM2;CREBRF;GSC;NFATC1;H1-0;SH3BP5;PHF7;TRIM22;BCL6;SNURF;MAGEA2;INPPL1;PLAG1;NRDE2;EPAS1;SETBP1;EIF4ENIF1;STAT4;NR0B1;CBX4;NFE2;CIART;EAF2;PIAS3;S100A11;WHR1;POLI;OGFOD2;KDM5A;RAPGEF5;CASP8AP2;FAM76A;ISY1;FBXL4;CALCOCO2"
"GOCC_NUCLEAR_CHROMOSOME",1,1,-0.168015855838537,-0.568390934498842,1859,237,"RPA4;SHOC1;EP400P1;IHO1;FKBP6;RSPH1;RNF212B;RAD9B;MSH4;SLC5A8;STAG3;TREX1;REC8;RAD51C;RAD51;CARM1;POLA1;FIGNL1;HSPA2;RBBP7;FIRRE;ORC5;H2AX;CHEK1;SIRT7;MMS22L;EME2;INO80;HUS1;MCM5;ACTL6A;SYN1;POLE;LRWD1;CAMSAP3;XPA;BRMS1;SPIDR;CDC45;REV1;MCM2;NCAPH;HUS1B"
"GOCC_NUCLEAR_CYCLIN_DEPENDENT_PROTEIN_KINASE_HOLOENZYME_COMPLEX",0.524656426839127,1,-0.388844051825358,-0.947418793518065,1946,26,"RB1;GTF2H4;CDK9;CDK19;GTF2H3;MNAT1;CCNH;BCCIP;CDK8;MED12;SNW1;GTF2H2C;CCNC;ERCC2;MMS19;CCNT2;CDK7;ERCC3;CDK13;CDK12"
"GOCC_NUCLEAR_DNA_DIRECTED_RNA_POLYMERASE_COMPLEX",0.935711881521373,1,-0.268249598298641,-0.79397467822167,2779,77,"TAF7L;POLA1;TAF12;POLR2F;GTF2H4;TAF11;GTF2H3;MNAT1;TAF5;POLR2G;GTF2E1;GTF2A1;CCNH;GTF2A2;TAF1;CDC73;TAF3;TAF5L;ENY2;POLR2M;PEX2;POLR2E;LEO1;GTF2H2C;TAF4;POLR2L;ATXN7L3;GTF2F2;RTF1;GTF2E2;POLR2J;TADA3;POLR2C"
"GOCC_NUCLEAR_ENVELOPE",1,1,0.160471158364868,0.499944525068789,8870,444,"POM121L2;ADRA1B;RGPD2;LMNTD1;GUCY2F;NELL1;DHRS2;KASH5;SPDYA;RGPD1;IRAG2;TRPC7;AKAP6;NPAP1;FAM156A;POM121B;ALOX5;NAV3;RANBP3L;PAK5;TMC8;ERN1;RGPD4;QRICH2;CLMN;NPIPB3;DPY19L2P2;CLGN;AK9;AGPAT3;HPN;CCND2;PTGDS;NEMP2;GRM5;TMEM38A;PRICKLE1;GOLT1A;SORL1;ATP2A3;MX1;CHMP4C;LMO7;PLAAT3;TMEM18;ROGDI;SUN2;MYO6;RGPD5;LMNTD2;PARP8;DNAJB14;SCRN1;RNF43;RANBP17;NAPEPLD;ATR;KDR"
"GOCC_NUCLEAR_ENVELOPE_LUMEN",0.960942760942761,1,0.303389562632196,0.574589353824079,5707,11,"ALOX5;SORL1;CD2AP;IGF2R;APP"
"GOCC_NUCLEAR_EXOSOME_RNASE_COMPLEX",0.315830115830116,1,-0.506154614371785,-1.10731296454459,1226,16,"EXOSC3;EXOSC8;WDR74;NVL;MTREX;EXOSC9;EXOSC2;C1D"
"GOCC_NUCLEAR_INCLUSION_BODY",0.351837959489872,1,-0.530944907656316,-1.0893451466502,1406,12,"ATXN1;ATXN3;STUB1;NXF1"
"GOCC_NUCLEAR_INNER_MEMBRANE",0.759208523592085,1,-0.308067824841223,-0.850349678054657,2493,50,"TERB1;IFI27;PTGS2;KCNH1;SPAG4"
"GOCC_NUCLEAR_LAMINA",0.972222222222222,1,-0.2626254855956,-0.567522240056462,3814,15,"CASK;LBR;EIF6;LMNA;RNF220;PCNA;LMNB2;SUV39H1;PRR14;STX1B;LMNB1;NARF;HLCS;FAM111B;LMNTD2"
"GOCC_NUCLEAR_MATRIX",0.994772818657016,1,-0.233963002775537,-0.741857155982485,2473,128,"GFI1B;GMCL2;ATXN1;ACTL6B;RNASEL;TENM1;PHACTR3;ATXN3;POLA1;ACTB;KIN;CASK;CFL2;PIAS4;SMARCA4;NCOR2;ACTL6A;STAG1;SFPQ;ZNF326;PSPC1;STAG2;MORC2;SMARCE1;YEATS4;BASP1;CHMP1A;PHF5A;HNRNPU;HNRNPM;LMNA;BRD7;PSMA6;SNW1;RUVBL2;BLM;DNMT3A;HAT1;GHRHR;HNRNPA2B1;KRT18;IFFO1;PAXIP1;CFL1;TP53;AHCTF1;SMARCB1"
"GOCC_NUCLEAR_MEMBRANE",1,1,-0.118862671613627,-0.405973363228361,1789,259,"TERB1;IFI27;H2BW1;GUCY2D;PTGS2;ADRA1A;EDNRB;PRKG2;KCNH1;SYNE3;SPAG4;SMOX;PRICKLE2;DISP3;OSBPL6;AQP1;DPY19L2;MINDY3;GRK5;BCL2L10;DTL"
"GOCC_NUCLEAR_OUTER_MEMBRANE",0.892745465916198,1,0.315160066730623,0.736488241931621,5709,32,"GUCY2F;KASH5;NAV3;CLMN"
"GOCC_NUCLEAR_OUTER_MEMBRANE_ENDOPLASMIC_RETICULUM_MEMBRANE_NETWORK",1,1,-0.142275187409663,-0.532338208778251,211,1192,"PON1;SRD5A2;MLANA;LMAN1L;SGCZ;DIO1;CYBB;GJB1;RNF133;PLN;UGT1A6;PLD4;SFTPB;ACSL5;CYP19A1;SFTPA2;PTCHD3;FREY1;RAB44;IRGM;HLA-DQA1;CYP2E1;PLA2G2A;IFI27;CERS3;MBOAT4;DUOXA1;IHH;TRPM8;ABCC12;CYP26C1;MINAR2;FITM1;GUCY2D;HHAT;SFTPD;DRD1;CALR3;TAPBPL;PTGS2;FRRS1L;GRM6;SLC35D3;CYP2B6;ACSL6;RAC2;CYP2F1;TESPA1;CYP2C8;CYP26B1;TRPM1;CIDEB;SYNE3;ZDHHC14;PLA2G4C;MGLL"
"GOCC_NUCLEAR_PERIPHERY",0.306762906009729,1,0.476954500269814,1.10891190739453,1954,31,"SP100;MSX1"
"GOCC_NUCLEAR_PORE",0.25158883669522,1,0.402243337088648,1.10733141820049,1820,96,"POM121L2;RGPD2;RGPD1;NPAP1;POM121B;RANBP3L;RGPD4"
"GOCC_NUCLEAR_PORE_CENTRAL_TRANSPORT_CHANNEL",0.526279863481229,1,-0.553569162380399,-0.973862561600307,2312,6,"NXT2;NUP35;NUTF2;NXT1"
"GOCC_NUCLEAR_PORE_NUCLEAR_BASKET",0.858728557013118,1,-0.346563593707934,-0.723502521472264,3403,13,"NUP35;ENY2;MAD2L1;CETN2;NUP98;PCID2;CETN3;ZC3HC1;NUP153;RANBP2;MCM3AP;MAD1L1;TPR"
"GOCC_NUCLEAR_PORE_OUTER_RING",0.576487593351,1,-0.464831699302963,-0.915224288792021,2392,10,"NUP107;NUP37;NUP98;AHCTF1;SEH1L;NUP133;SEC13;NUP160"
"GOCC_NUCLEAR_PROTEIN_CONTAINING_COMPLEX",1,1,0.124511053618641,0.402225672297533,9854,1367,"UTY;TBL1Y;SP100;HAVCR2;POM121L2;A1CF;CDC20B;SAMD11;RGPD2;NKX2-5"
"GOCC_NUCLEAR_REPLICATION_FORK",0.155218554861731,1,-0.443899934339666,-1.20169959812287,521,45,"RPA4;TREX1;RAD51C;CARM1;POLA1;MMS22L;EME2;CAMSAP3;XPA;REV1"
"GOCC_NUCLEAR_RIBONUCLEOPROTEIN_GRANULE",1,1,0.148523331909638,0.463094460160848,8883,451,"SRY;POU4F2;TCIM;HSF4;SCARNA10;PDX1;RBFOX1;HSPB7;LPXN;FAM107A;IL15;SFMBT2;MEF2C;ANKS1B;IQCH;TCP11L2;MSX2;MEOX2;NFATC4;GSC;PHF7;TRIM22;BCL6;SNURF;INPPL1;PLAG1;NRDE2;EPAS1;EIF4ENIF1;NR0B1;CBX4;EAF2;PIAS3;S100A11;WHR1;POLI;FAM76A;ISY1;FBXL4"
"GOCC_NUCLEAR_RNA_EXPORT_FACTOR_COMPLEX",0.75946588622645,1,0.519737488054859,0.801436150292286,4151,4,"NXF2B;NXT1;NXF1;NXT2"
"GOCC_NUCLEAR_SPECK",1,1,0.138782844293591,0.429588693366251,8732,393,"SRY;POU4F2;TCIM;HSF4;PDX1;LPXN;FAM107A;IL15;SFMBT2;MEF2C;IQCH;TCP11L2;MSX2;MEOX2;NFATC4;GSC;PHF7;TRIM22;SNURF;INPPL1;PLAG1;NRDE2;EPAS1;EIF4ENIF1;NR0B1;CBX4;EAF2;PIAS3;S100A11;WHR1;POLI;FAM76A;ISY1;FBXL4"
"GOCC_NUCLEAR_STRESS_GRANULE",0.815320767767595,1,0.417257338650636,0.740310353059833,4714,8,"RBFOX1;TIA1;SUMO1;DHX9;EIF4A1;SYMPK"
"GOCC_NUCLEAR_UBIQUITIN_LIGASE_COMPLEX",0.186056708564747,1,0.457933475438142,1.18375121511902,1272,60,"CDC20B;SAMD11;CBX4;BMI1;PHC3"
"GOCC_NUCLEOCYTOPLASMIC_TRANSPORT_COMPLEX",0.982745686421605,1,-0.242865933389739,-0.498290542031225,3929,12,"KPNB1;KPNA5;KPNA3;KPNA2;MYBBP1A;RAN;XPO5;KPNA4;KPNA1;KPNA6;SNUPN;KPNA7"
"GOCC_NUCLEOID",0.955642727821364,1,-0.266872212500745,-0.734790030859935,3166,49,"TERT;TWNK;PRORP;MTNAP1;ATAD3A;GRSF1;DDX28;TFB2M;TEFM;FASTKD5;TFB1M;TFAM;PIF1;POLG;LRRC59;SSBP1;VDAC1;POLDIP2;ELAC2;TRMT10C;MPG;DHX30;SOD2;POLRMT;HSPA9;ATP5F1B;VDAC2;TUFM;TOP1MT;DNAJA3;SLC25A5;LONP1"
"GOCC_NUCLEOLAR_EXOSOME_RNASE_COMPLEX",0.479402553601542,1,-0.500039702512809,-0.984546625770844,1989,10,"EXOSC3;EXOSC8;EXOSC9;EXOSC2"
"GOCC_NUCLEOLAR_RIBONUCLEASE_P_COMPLEX",0.429535051794748,1,-0.521612337080572,-1.02702178217532,1782,10,"RPP40;RPP25;RPP21;RPP14;POP1;POP5;RPP30;RPP38"
"GOCC_NUCLEOLUS",1,1,-0.152425071572088,-0.564258260683677,401,893,"WT1;SNORD3B-1;RGCC;FKBP6;PLK5;VCX;ADAD2;NLRP1;LRRC34;SNORD17;SCARNA2;VCX3B;RGS22;PITX1;SP140;PARP3;CEBPA;ATXN1;ZEB1;NPM2;STAG3;ZNF501;FGF18;HAND1;NOL4;ZNF112;NOX4;CHP2;ZNF800;FGF22;MYC;CBFA2T3;SIRT2;NRG2;EXOSC3;RAD51;ZSCAN26;SELENBP1;FGF12;TERT;NSUN5;POLA1;ERGIC2;MDFIC;PUM3;POLN;GLI2;HSPA8;CERKL;DNAJC2;FBXW7;WRN;POLR2F;ALKBH4;CASK;RAE1;SGF29;EIPR1;ZNF16;LLPH;BRF2;IFI35;EMG1;GRWD1;SLC29A2;IPPK;SIRT7;PPAN;PTPN6;RRP1;CAMK4;PLSCR1;MRTO4;TSEN34;HUS1;DHX37;GPATCH4;SETD7;EBNA1BP2;TAX1BP3;NOP16;L3MBTL3;ATF3;DDX54;TENT4B;USP36;CCDC86;PANO1;SHQ1;CASP2;SMARCA4;NOC4L;ZPR1;NANOG;RNF20;DDX24;IMP3;LDOC1;UTP11;TFIP11;PES1;ZNF432;EXOSC8;HOMEZ;TAF5;SENP3;LRWD1;SCAF11;RRP7A;PNMA3;RRP1B;KATNBL1;RPS19BP1;UTP6;SMUG1;PARN;NOP9;CHD7;DDX49;UTP14C;TSEN15;WDR74;SPC24;PSPC1;NVL;RARA;AOPEP;CCNY;CMAS;S100A16;PNO1;GTPBP4;SURF6;E2F8;PWP1;RBMX2;CAPN3;SNHG12;STAG2;MED27;NOC3L;H1-2;REV1;RCL1;MORF4L2;ZCCHC17;SMG6;MCM2;UTP15;GET4;TSEN54;HUS1B;ZFP69B;NOL7;POLR1D;DDX10;DDX28;SPRN;FSAF1;ZNF622;RSL1D1;ELP3;DDX27;POLR1B;NOP10;TTF1;SDCBP2;MTREX;TOE1;KLLN;NPM3;RPF1;BRIX1;TCOF1;NF1;ERF;AIRIM;PHF6;PYM1;LYAR;KDM2B;FMN2;DIMT1;RPP40;TAF1C;TNPO1;CCNO;PIMREG;NLE1;PPID;EXOSC9;CDC14A;ISG20L2;SLX9;LIAT1;NAT10;TAF1;SSRP1;TULP3;LSM6;TBC1D1;PELP1;MARCHF6-DT;RRN3;PARP2;NUDT16;BYSL;FOXM1;POLR1C;CNTNAP5;LAS1L;ZZZ3;NHP2;NIP7;BOP1;JMJD6;DNTTIP2;HMGA2;METTL18;ARL4A;TEX10;XPO6;HMGB3;WDR75;CDK8;RPP25;RBM14;TOP1;G2E3;TRIM41;TANK;WDR36;NSUN2;FLNA;SBDS;TENT4A;REXO4;BUD23;EIF6;HNRNPM;KAT7;PINX1;TGS1;ELAVL1;MCRS1;CUTC;DDX56;RBM4;URB2;NOP2;NFKBIE;PELI1;SMAD7;KRI1;EXOSC2;PAK1IP1;CASP6;PIN4;ZCCHC9;TAF1A;FAM193B;POLR2E;KNOP1;PARP1;CEP85;BTBD10;RRP9;MLLT1;SNHG7;PUS1;ARL6IP4;ZNF593;LEO1;ZCCHC7;POLR1E;C1QBP;TSR1;BLM;DDX51;OARD1;NMD3;XRCC6;DDX18;FTSJ3;MAK16;NPM1;KIF18B;PA2G4;NR4A1;IMP4;ISG20;PANK1;KRT18;GCFC2;PIK3CB;RBM10;PTBP1;GNL2;POLR1G;TMUB1;BCAS2;NCL;SRP19;GPATCH2;MIDN;ESRRA;NOL6;BAZ1B;NUB1;DCAF13;HABP4;SNRNP35;PRMT6;SUB1;UPF3B;RXRB;BNC2;MCM7;NOP14;C1D;TP53;DKC1;RTF2;RPP21;DYRK1B;BATF3;ABT1;STK35;UTP14A;DDX52;UBE2I;POLR1A;GLE1;POLR2L;CDC6;AXIN1;SMARCB1;HDHD3;ITPR3;FBL;UTP18;DDX5;COIL;RTF1;MRM2"
"GOCC_NUCLEOSOME",0.917069892473118,1,0.280967163055387,0.788915259925519,6822,114,"H2BC19P;H2AC7;H2AB2;H2BC14;H2BK1;H4C2;H2AB3;H2BC26;H3C13;H3C2;H2BC8;H4C3;PRM1;H2AC12"
"GOCC_NUCLEOTIDE_ACTIVATED_PROTEIN_KINASE_COMPLEX",0.068931560807484,1,-0.722223753408563,-1.45277178724231,279,11,"PRKAG3"
"GOCC_NUCLEOTIDE_EXCISION_REPAIR_COMPLEX",0.898864809081527,1,-0.317959764588222,-0.705040921660503,3483,17,"XPA;ERCC1;ERCC4;CETN2;POLD1;ERCC5;CUL4A;ERCC3;RBX1;DDB1;RAD23B;CUL4B;RAD23A;XPC;XRCC1;ERCC8;SLX4"
"GOCC_NURD_COMPLEX",0.944401544401544,1,-0.296893577899376,-0.649513209132829,3668,16,"CHD5;RBBP7"
"GOCC_NURF_COMPLEX",0.695712954333644,1,-0.450054519646768,-0.816831780277316,2985,7,"RBBP7;SMARCA1"
"GOCC_OLIGOSACCHARYLTRANSFERASE_COMPLEX",0.854439959636731,1,-0.348640436906273,-0.72783823739275,3386,13,"TREX1;STT3A;STT3B;MAGT1;RPN2;RPN1;OSTC;DAD1;TMEM258;DDOST;KRTCAP2;OST4;TUSC3"
"GOCC_OLIGOSACCHARYLTRANSFERASE_COMPLEX_A",0.766929887532903,1,-0.398846375696981,-0.767966715054716,3204,9,"STT3A;RPN2;RPN1;OSTC;DAD1;TMEM258;DDOST;KRTCAP2;OST4"
"GOCC_OLIGOSACCHARYLTRANSFERASE_COMPLEX_B",0.794975112585921,1,-0.398831038991002,-0.742915560425847,3353,8,"STT3B;MAGT1;RPN2;RPN1;DAD1;TMEM258;DDOST;OST4"
"GOCC_OMEGASOME",0.93496227093065,1,0.355569226037141,0.573260053537232,5203,5,"TRIM5;ZFYVE1;ULK1;ATG14;EMC6"
"GOCC_OOPLASM",0.157216494845361,1,-0.851305832692007,-1.32034390100845,731,3,"KHDC3L;OOEP"
"GOCC_ORGANELLAR_RIBOSOME",0.0665737190658766,1,-0.419946310456292,-1.2568208450165,190,84,"MRPL23;MRPS18A;MRPL19;MRPL13;MRPS6;MRPL12;MRPS31;MRPS9;MRPL20;MRPL58;MRPL42;MRPS16;MRPL30;MRPS12;MRPL46;MRPS10;MRPS23;MRPS18C;MRPL2;MRPS2;MRPL54;AURKAIP1;MRPL34;GADD45GIP1;MRPL36;MRPS22;MRPL32;MRPL39;MRPS7;MRPL3;MRPL4;MRPL21;MRPL24;MRPL38;MRPS34;MRPL9;MRPS30;MRPL43;MRPL27;MRPL47;MRPL52;MTG1;MRPL28;MRPL16;MRPS26;MRPL55;MRPS24;MRPS14;MRPS27;MRPS25;MRPL50;MRPL57;MRPL15;MRPS15;MRPS28;MRPL18;MRPS5;CHCHD1;MRPS17"
"GOCC_ORGANELLE_ENVELOPE",1,1,-0.179844168031081,-0.674088260063737,199,1220,"COX6A2;COX7A1;SLC25A52;MYOC;CYBB;PLN;ACSL5;ALAS2;IRGM;TERB1;CYP2E1;PLA2G2A;IFI27;CHCHD2;H2BW1;CIDEA;GUCY2D;MNS1;CALR3;PTGS2;CKMT2;ADAP2;HKDC1;ADRA1A;SLC25A45;EDNRB;PRKG2;ACSL6;RAC2;UQCRHL;PLD6;SIRT4;HSP90B2P;KCNH1;SYNE3;SLC25A34;MRPL23;PLA2G4C;KMO;SLC25A31;BCL2L11;TOR4A;SFXN3;C11orf65;CNR1;SPAG4;SMOX;LYN;PRICKLE2;MISFA;BDH1;PTGER3;DISP3;TREX1;SLC25A24;OSBPL6;AIFM3;SLC30A2;PGR;GPAT2;ACOT9;STAR;COQ3;AQP1;PARP16;BID;UQCC5;SFXN2;PPP2R2B;ARMCX1;RAB40B;MIEF2;PPIF;RAB11FIP5;DPY19L2;MINDY3;LRRK2;RGPD6;GRK5;BCL2L10;DTL;ATXN3;FECH;MAOB;NDUFC2-KCTD14;SCO2;GATM;ACSL4;DUSP18;POLA1;GRAMD4;MGST2;FGR;MYOF;SLC30A1;CLPB;COQ6;CYP1A1;FDXR;HMOX1;RNF6;TWNK;ABCG2;UCP3;CASK;MPC1;NXT2;TMEM97;MAPK8IP1;SLC25A25;RAE1;APOO;VRK2;TMEM65;PLA2G4B;SLC25A1;MRPS18A;PSEN2;BAD;MICU3;COA3;FUNDC1;EXOG;PPP1R15A;BRIP1;SLC25A33;TXLNG;GHDC;MRPL19;UQCC3;SPIRE1;SREBF1;MRPL13;COA4;SLC25A32;DHX37;SIRT5;MCUB;MGARP;FZR1;SORD;TIMM13;NDUFA6;DMPK;MTFP1;SLC25A48;BAK1;NOC4L;MIX23;MTX2;UQCC4;MRPS6;NNT;COA6;UBC;SLC67A1;ABCB7;PMPCA;ANGEL1;ATPAF2;MTNAP1;MICOS10;ATAD3A;NDUFC1;CEP89;SLC25A53;DTX2;CHMP6;NDUFAF1;PGAM5;CMTM3;COX7B;CHCHD7;TMEM168;ATPSCKMT;PTRH2;SLC25A22;USP30;TIMMDC1;KPNB1;BCHE;RTEL1;ARMCX3;GCH1;SDHB;GK;ARMCX6;CPNE1;CACYBP;NME3;DNAJC30;ZNF383;NDUFB10;MCUR1;RBMX2;AMBRA1;QTRT2;MTHFD2L;PLEKHN1;CLIC1;OCIAD2;TOMM5;TOMM40L;MRPL12;DHCR7;STARD13;MFN2;TOMM34;NDUFC2;MRPS31;GFER;SPATA18;TMEM14C;SPART;DUSP2;MRPS9;SLC25A40;MRPL20;FAM156B;HK2;MRPL58;AIFM1;PTGES;MTERF3;PRKN;MRPL42;NUP107;UQCRB;MUL1;RNF5;EPHA4;MRPS16;NXF1;TRABD;TIMM22;OSBPL7;NDUFV1;INTS2;TOMM40;MRPL30;HCCS;LBR;THOP1;SLC52A3;SMPD4;GSDMD;IMMP2L;TBC1D20;CKMT1B;MRPS12;NLN;OPA1;CHMP1A;MRPL46;TIMM8B;TIMM17A;AFG3L2;MRPS10;IPO9;GRPEL1;ATP5MC3;ATP5MK;ARFGAP1;RDH13;QSOX2;TOMM7;SLC25A23;NUP35;NUP37;SLC27A3;CRLS1;CHCHD10;MX2;LEMD3;DEGS1;ACSL3;NDUFV2;HMGA1;TIMM9;NDUFA3;SLC25A38;NRXN1;MIEF1;MRPS23;NDUFA10;AIFM2;ITPRIP;RHBDD1;NUTF2;TIMM23;COA7;TIMM44;MRPS18C;NDUFS7;CHMP4B;NUP50;TAF3;SLC25A46;MRPL2;SLC25A28;RCC1L;NDUFA12;GHITM;TYRO3;ENO1;MRPS2;MRPL54;AURKAIP1;CYP11A1;EIF6;GDAP1;CPTP;PPTC7;COX5A;CYC1;LMNA;MRPL34;MTMR6;ENY2;CYB5B;SLC25A13;TRA2B;GADD45GIP1;EIF5A;STARD7;TMPO;SDHD;PRELID2;POLR2M;PLSCR3;PAM16;LRRC59;UQCC1;TAMM41;TRAP1;MAD2L1;ACADM;MRPL36;PGRMC1;PARP1;RTCB;NUP58;TMEM201;MPV17L2;VDAC1;UCP2;MLXIP;OTULINL;LETM1;FAM209B;UCP1;MRPS22;RNF220;MRPL32;DNAJB2;PRELID1;CCDC51;NDUFB3;MRPL39;UBB;SOD1;CHMP4A;TEX2;REXO2;MRPS7;CHCHD3;NDUFB2;SCO1;NDUFAF6;TOMM70;MRPL3;MRPL4;FLVCR1;POM121;CYCS;GHRHR;MRPL21;SPHK2;CETN2;RHOT2;NUP98;LGALS3;NR4A1;TRMT10B;ABCF1;CEPT1;MRPL24;SLC25A51;MRPL38;MRPS34;SLC25A39"
"GOCC_ORGANELLE_ENVELOPE_LUMEN",0.860262008733624,1,-0.279530456858039,-0.85447823675866,2363,97,"MYOC;CHCHD2;STAR;GATM;FGR;CLPB;MICU3;COA4;SIRT5;TIMM13;MIX23;COA6;CEP89;CHCHD7;BCHE;CACYBP;GFER;AIFM1;PTGES;THOP1;NLN;OPA1;TIMM8B;CHCHD10;TIMM9;TIMM23;COA7;COX5A;PRELID2;TRAP1;PRELID1;SOD1;REXO2;CYCS"
"GOCC_ORGANELLE_INNER_MEMBRANE",0.449834619625138,1,-0.277217320432521,-0.99780606048291,407,536,"COX6A2;COX7A1;SLC25A52;MYOC;ALAS2;TERB1;CYP2E1;IFI27;PTGS2;CKMT2;SLC25A45;UQCRHL;SIRT4;HSP90B2P;KCNH1;SLC25A34;MRPL23;SLC25A31;SFXN3;SPAG4;LYN;BDH1;SLC25A24;AIFM3;SLC30A2;ACOT9;COQ3;UQCC5;SFXN2;DPY19L2;LRRK2;FECH;NDUFC2-KCTD14;SCO2;GATM;DUSP18;FGR;COQ6;CYP1A1;FDXR;TWNK;UCP3;MPC1;SLC25A25;APOO;TMEM65;PLA2G4B;SLC25A1;MRPS18A;PSEN2;MICU3;COA3;EXOG;SLC25A33;MRPL19;UQCC3;MRPL13;SLC25A32;SIRT5;MCUB;MGARP;TIMM13;NDUFA6;MTFP1;SLC25A48;MTX2;UQCC4;MRPS6;NNT;ABCB7;PMPCA;ATPAF2;MTNAP1;MICOS10;ATAD3A;NDUFC1;SLC25A53;NDUFAF1;PGAM5;COX7B;ATPSCKMT;SLC25A22;TIMMDC1;SDHB;DNAJC30;NDUFB10;MCUR1;MTHFD2L;OCIAD2;MRPL12;NDUFC2;MRPS31;TMEM14C;MRPS9;SLC25A40;MRPL20;MRPL58;AIFM1;MRPL42;UQCRB;MRPS16;TIMM22;NDUFV1;TOMM40;MRPL30;HCCS;LBR;IMMP2L;CKMT1B;MRPS12;OPA1;MRPL46;TIMM8B;TIMM17A;AFG3L2;MRPS10;GRPEL1;ATP5MC3;ATP5MK;RDH13;SLC25A23;CRLS1;CHCHD10;LEMD3;NDUFV2;TIMM9;NDUFA3;SLC25A38;MRPS23;NDUFA10;NUTF2;TIMM23;TIMM44;MRPS18C;NDUFS7;MRPL2;SLC25A28;RCC1L;NDUFA12;GHITM;MRPS2;MRPL54;AURKAIP1;CYP11A1;COX5A;CYC1;MRPL34;SLC25A13;TRA2B;GADD45GIP1;TMPO;SDHD;PLSCR3;PAM16;UQCC1;TAMM41;TRAP1;MRPL36;TMEM201;MPV17L2;UCP2;LETM1;FAM209B;UCP1;MRPS22;MRPL32;CCDC51;NDUFB3;MRPL39;MRPS7;CHCHD3;NDUFB2;SCO1;NDUFAF6;MRPL3;MRPL4;FLVCR1;CYCS;GHRHR;MRPL21;SPHK2;LGALS3;TRMT10B;MRPL24;SLC25A51;MRPL38;MRPS34;SLC25A39"
"GOCC_ORGANELLE_MEMBRANE_CONTACT_SITE",0.991099809281627,1,-0.23798697545374,-0.684807616484652,3117,63,"GRAMD2A;BCL2L10;ACSL4;APOO;PSEN2;PIK3R4;STIMATE;MICOS10;ATAD3A;TOMM40;GRAMD1C;OSBPL10;CHCHD3;ATG5;BCAP31;CHCHD6;CLCC1;STARD3NL;RAB32;BLTP2;RAB38;PDZD8;ATG14;GRAMD1B;MBOAT7;AHCYL1;IMMT;TMX1;MICOS13;OSBPL5;OSBPL9;TOMM20;RMDN3;C2CD2L;MICU1;SARAF;SERAC1;ESYT3;TMX2;OSBPL11;TMEM41B;SELENON;CANX;GRAMD1A;SACM1L;ESYT2;ATG16L1;OSBPL1A;OSBP;ZFYVE1;C1orf43;PSEN1;ATG2A;EIF2AK3;CERT1;VPS13A;STARD3;MOSPD2;APOOL;TMCC1;BLTP1;STX17;CLSTN3"
"GOCC_ORGANELLE_SUBCOMPARTMENT",1,1,0.12942229787743,0.418494238128491,9883,1493,"MR1;CTAGE9;SGCA;ATP13A4;CYP3A43;HHATL;MRLN;TPTE2;UGT2B15;CYP3A4;FMO1;CYP2W1;HLA-DRB5;SLC28A3;ERAP2;TM4SF20;CYP4A11;SLC17A3;DIO2;CASQ2;UGT2B4;SLC36A2;MOGAT3;MS4A7;GOLGA8N;RSAD2;CSGALNACT1;SEC16B;TMEM45B;ILDR2;MYRFL;ANKS4B;CTAGE15;CYP46A1;CLVS1;PIGZ;IRAG2;AGMO;FTCD;HLA-H;RBFOX1;FMO5;CREB3L3;SLC37A2;AKAP6;STING1;RNF183;SGCD;CH25H;ELOVL3;FUT3;ATP8B1;ATP2A1;GOLGA6A;SPINK5;ACP3;CYP2C18;ARL5C;AQP11;SLC24A5;SGPP2;ADGRG6;IZUMO1;CASP4;ERLN;PLPP2;SNX32;GOLGA6C;AREG;MGAT4A;GOLGA8J;SHISA3;TBXAS1;TMEM63C;PAPPA-AS1;GAL3ST4;SNAP25;TMC8;ERN1;SLC10A7;TMEM86A;RDH16;CYP26A1;GRIP1;NEU4;PCSK1N;DHH;RAB27B;TLR7;CYP4F11;TMEM79;MARCHF9;RNF145;RAB7B;TAP1;SCD5;ERAP1;CYB5R4;SGCG;CRYZL2P-SEC16B;TMPRSS3;HLA-G;CFTR;ALG9;CLGN;GPR37;GPR89B;ITPR2;TRAPPC9;AGPAT3;HPN;CTAGE8;PLPP3;DOP1A;GSG1;PNPLA7;HLA-F;GOLGA8O;EVA1A;GDPD3;ATP8B3;CTAGE4;HLA-A;DOP1B;PNPLA2;SAMD8;PIGN;B2M;SPTSSB;HLA-DQB1;PTGDS;PCSK4;P4HTM;CASQ1;RDH5;JPH4;HLA-DRA;TMTC2;EXTL1;ATP10D;TMEM178A;FMN1;TMEM38A;LDAF1;SEC31B;ERN2;HAS1;GOLT1A;TAPBP;MME;GUCY2C;SORL1;SLC8A3;FMO2;ATP2A3;CLSTN3;KLHL14;PIK3R1;STRIT1;RNF170;RETREG3;MX1;IFI6;GRIN2D;ATL3;TMCC2;AP1S1;STX17;MCTP1;RNF144A;TAP2;BLTP1;MOXD1;NAT8L;PLAAT3;TMCC1;SGCE;OCA2;OPTN;ATP11A;PANX1;MOGAT1;MARCHF2;GSAP;TMEM129;GGA1;WIPI1;HLA-DRB1;LGR5;ZDHHC1;RYR3;DPY19L4;TRAF3IP3;RNF103;SERP2;BIRC6;FICD;CHRM3;SRL;TMEM106C;POMT2;PARP8"
"GOCC_ORIGIN_RECOGNITION_COMPLEX",0.418819625503674,1,-0.562716296239329,-1.04818996444966,1766,8,"ORC5;LRWD1;MCM2;ORC2;ORC6;ORC1;ORC3;ORC4"
"GOCC_OTHER_ORGANISM_CELL_MEMBRANE",0.116792562463684,1,0.909645737680821,1.2769770221913,602,2,"C8G;C5"
"GOCC_OTHER_ORGANISM_PART",0.181160585114933,1,0.5741337549004,1.23617414600119,1126,21,"CFB;CD209;GBP1;C8G;MASP1;C4B;MASP2"
"GOCC_OUTER_DENSE_FIBER",0.172679509632224,1,0.739894270527693,1.27441489624136,985,7,"TMEM232;CIMAP1A;FLACC1"
"GOCC_OUTER_DYNEIN_ARM",0.486862442040185,1,0.555566299620704,1.00722656314313,2834,9,"NME8;ODAD1;DNAAF19"
"GOCC_OUTER_KINETOCHORE",0.562631578947368,1,-0.402477494806494,-0.926460892288361,2137,20,"SPC25;SPC24;NSL1;BOD1;SPDL1;SKA3;PLK1;MIS12;ZWINT;CCNB1;CENPF;BUB1;PMF1;SKA1;DSN1;KNL1;BUB1B;NUF2;NDC80;SKA2"
"GOCC_OUTER_MEMBRANE",0.994410285075461,1,-0.243353890142257,-0.829450803202683,1778,255,"MYOC;ACSL5;PLA2G2A;IFI27;GUCY2D;PTGS2;ACSL6;RAC2;PLD6;SYNE3;KMO;BCL2L11;C11orf65;CNR1;MISFA;PGR;GPAT2;STAR;BID;SFXN2;PPP2R2B;ARMCX1;MIEF2;RAB11FIP5;LRRK2;BCL2L10;MAOB;ACSL4;HMOX1;APOO;BAD;FUNDC1;PPP1R15A;SPIRE1;MGARP;DMPK;BAK1;MTX2;UBC;ANGEL1;MICOS10;PGAM5;PTRH2;USP30;ARMCX3;GK;ARMCX6;NME3;AMBRA1;QTRT2;TOMM5;TOMM40L;DHCR7;MFN2;TOMM34;SPATA18;SPART;HK2;MTERF3;PRKN;MUL1;EPHA4;ANKH;TRABD;TOMM40;SMPD4;OPA1;TOMM7;ACSL3;MIEF1;AIFM2;ITPRIP;NUTF2;SLC25A46;ENO1;GDAP1;CPTP;PPTC7;CYB5B;STARD7"
"GOCC_OUTER_MITOCHONDRIAL_MEMBRANE_PROTEIN_COMPLEX",0.79149852031208,1,-0.338800982225942,-0.80895950698001,2941,24,"APOO;MTX2;MICOS10;TOMM5;TOMM40L;MUL1;TRABD;TOMM40;TOMM7;CHCHD3;TOMM70;CHCHD6;MFN1;HSPA9;IMMT;SAMM50"
"GOCC_OXIDOREDUCTASE_COMPLEX",0.999729802756012,1,0.214551268937597,0.60149957122802,7399,112,"NOX1;LDHAL6B;NCF1C;NCF1B;DUOX1"
"GOCC_OXOGLUTARATE_DEHYDROGENASE_COMPLEX",0.806826262147428,1,-0.394216719218642,-0.734320316764923,3403,8,"BCKDK;DLST;KGD4;DLD;ABHD11;OGDH;KAT2A;OGDHL"
"GOCC_P_BODY",0.954062629328183,1,0.273476724212955,0.754483151937766,6915,98,"AICDA;NANOS3;NANOS2;RC3H1;EIF4ENIF1;DCP1A;APOBEC3H;TNRC6C;DCP1B;ZC3H12D;SYNE1;TRIM5;MOV10;PAN2;FAM184A;APOBEC3D;APOBEC3B;DCP2"
"GOCC_PALMITOYLTRANSFERASE_COMPLEX",0.991967185096565,1,0.236194431625904,0.437459048173567,5803,10,"SPTSSB;GOLGA7;ORMDL2;SPTLC2;SPTLC1"
"GOCC_PAM_COMPLEX_TIM23_ASSOCIATED_IMPORT_MOTOR",0.88390441839495,1,-0.360682840555192,-0.610461105757468,3920,5,"GRPEL1;PAM16;DNAJC19;DNAJC15;GRPEL2"
"GOCC_PAR_POLARITY_COMPLEX",0.873015873015873,1,0.403645668164457,0.673051182181379,4894,6,"PARD6A;PRKCZ;PARD3;PARD6B;PARD6G"
"GOCC_PARALLEL_FIBER_TO_PURKINJE_CELL_SYNAPSE",0.1314696485623,1,0.586913305592198,1.28758827319004,822,23,"UNC13C;CNTN6;CBLN3;GPM6A;ATP2B3;SLC16A7;CALB2;CADPS2"
"GOCC_PARANODAL_JUNCTION",0.73271117492223,1,-0.411904891245396,-0.793110494465228,3061,9,"SIRT2;KCNA2;NFASC"
"GOCC_PARANODE_REGION_OF_AXON",0.582122714065972,1,0.504421015457994,0.93424529859576,3405,10,"KCNA1;ERMN;EPB41L3;SPTBN4;CNTNAP1"
"GOCC_PARASPECKLES",0.991112630319604,1,0.238347946469774,0.441447603480913,5798,10,"BCL6;BCL11A;NEAT1;NONO;NUDT21;CPSF6;HNRNPM;ALKBH5;PSPC1;SFPQ"
"GOCC_PCG_PROTEIN_COMPLEX",0.594765475665343,1,0.360460213605548,0.926636023211237,4044,58,"SAMD11;DNMT3L;ASXL3;PHF19;CBX4;BMI1;PHC3;ASXL1;EPOP;CBX7;LCOR;BCORL1;AUTS2"
"GOCC_PEPTIDASE_COMPLEX",1,1,0.201770823706943,0.582197364336039,7669,150,"TPSAB1;F2;ERAP2;CAPNS2;PSMB9;SUPT20HL1;THBD;PROC;MASP1;PSMB8;COLEC11;ERAP1;F5;MASP2;KAT2B;PRICKLE1"
"GOCC_PEPTIDASE_INHIBITOR_COMPLEX",0.445321847331898,1,-0.531780369142502,-1.02392712609534,1860,9,"CSTA;SERPINE1;KLK8;PLAT"
"GOCC_PERICENTRIC_HETEROCHROMATIN",0.954808487186553,1,-0.273986837547627,-0.693138877799224,3464,31,"KDM4D;LRWD1;IKZF1;SNAI1;EZH2;BAZ1B;CBX1;POLE3;SMARCA5;MACROH2A1;INCENP;ZNF618;CHRAC1;HELLS;FLYWCH1;ZNF512;DNMT1;ATRX;CBX3;CENPB;UHRF2;KMT5C;NCAPD3;SIRT6;CBX5;CENPA;KDM4A;CENPC;ESCO2;KDM4C;BAZ1A"
"GOCC_PERICENTRIOLAR_MATERIAL",0.886741214057508,1,0.32896371524156,0.721690610886181,5550,23,"NIN;TUBG2;HOOK3;CEP85L;DYNC2I1;TUBE1;NEK1;TNKS;CDK5RAP2;TUBG1"
"GOCC_PERICHROMATIN_FIBRILS",0.798467087466186,1,-0.418508977661579,-0.708332708258185,3541,5,"CPSF6;NUFIP1;DHX9;TARDBP;TRIM24"
"GOCC_PERICILIARY_MEMBRANE_COMPARTMENT",0.949349028000713,1,0.326799933899109,0.544916245101325,5322,6,"KIFAP3;ADGRV1;WHRN"
"GOCC_PERIKARYON",0.881369218709172,1,0.286455144019321,0.823671561913652,6745,144,"GLRA1;TH;CNR2;GHRH;SLC17A8;KCNA1;NEUROG1;CACNA1F;RTN4RL1;CRH;NPFF;BGLAP;CPNE6;KCNB2;NPY;ELAVL4;RGS8"
"GOCC_PERINEURONAL_NET",0.731066460587326,1,0.449881991548994,0.815623792294892,4256,9,"HAPLN1;BCAN;HAPLN2;VCAN;HAPLN3;PTPRZ1"
"GOCC_PERINUCLEAR_ENDOPLASMIC_RETICULUM",0.798245614035088,1,-0.340869383457897,-0.798685994228007,3002,22,"CYBB"
"GOCC_PERINUCLEAR_REGION_OF_CYTOPLASM",1,1,0.175522966428845,0.557218809442994,9366,690,"DDX4;GBP3;MAEL;HHATL;TH;GAD1;AQP2;NELL1;GBP4;SLC34A1;CX3CR1;CCDC38;NANOS3;SLC17A3;MOGAT3;MMD2;HRNR;REP15;TRPC7;NANOS2;AKAP6;STING1;LPXN;TF;INHBA;BTK;MLC1;TMEM184A;ATP2A1;S100A4;SPINK5;CD34;RASGRP3;NPY;ALOX5;EPHA5;APBA1;BANK1;FAM83E;STMN2;SNAP25;SEZ6;DMTN;LNPEP"
"GOCC_PERINUCLEAR_THECA",0.233220474009162,1,-0.885941644562334,-1.1763821597497,1170,1,"CCIN"
"GOCC_PERINUCLEOLAR_COMPARTMENT",0.936429215509468,1,-0.307338821882107,-0.520175555786217,4153,5,"ZDHHC19;EPPK1;PDCL3"
"GOCC_PHAGOCYTIC_CUP",0.27156462585034,1,-0.453471201767645,-1.11435068068834,997,27,"TLR4;IRGM;PEAR1;ANXA1;LCP1"
"GOCC_PHAGOCYTIC_VESICLE",0.99921218487395,1,0.232061973683974,0.665620776471328,7609,140,"DMBT1;SLC11A1;MPO;PLA2G5;ATP6V0D2;SCIMP;HLA-H;WAS;CD36;TLR6;TLR7;RAB7B;TAP1;HLA-G;STXBP4;HLA-F;HLA-A;B2M;CD82;SLC9A9;TAPBP;NCF1;TAP2;SRGAP2"
"GOCC_PHAGOCYTIC_VESICLE_LUMEN",0.675383228133454,1,-0.492699320744191,-0.833900974286652,2995,5,"GNLY;PGLYRP1;LTF"
"GOCC_PHAGOCYTIC_VESICLE_MEMBRANE",0.968413597733711,1,0.265627164950859,0.71421912993695,6836,79,"DMBT1;SLC11A1;ATP6V0D2;HLA-H;TLR6;RAB7B;TAP1;HLA-G;HLA-F;HLA-A;B2M;SLC9A9;TAPBP"
"GOCC_PHAGOLYSOSOME",0.284109149277689,1,0.708749182785427,1.18179015152831,1592,6,"PLA2G5;NCF1"
"GOCC_PHAGOPHORE_ASSEMBLY_SITE",0.975504322766571,1,-0.259480269489894,-0.684351428639543,3384,39,"BECN2;SNX7;ATG7;ATG9B;WDR45;ILRUN;ATG5;ATG101;BECN1;ATG13;ATG14;RAB33B;WIPI2;RAB1B;RAB7A;SQSTM1;WDR45B;ATG16L2;TAX1BP1;RB1CC1;STBD1;SNX30;ULK1;ATG12;VMP1;ATG9A;ULK2;NBR1;ATG3;ULK3;ATG16L1;ZFYVE1;ATG2A;BCAS3;PHAF1;PIK3C3;STX12;ATG2B;WIPI1"
"GOCC_PHAGOPHORE_ASSEMBLY_SITE_MEMBRANE",0.977139819245082,1,-0.259310557094491,-0.607586718425278,3675,22,"ATG9B;WDR45;ATG5;ATG13;ATG14;RAB33B;WIPI2;RAB1B;RAB7A;WDR45B;ATG16L2;RB1CC1;STBD1;ULK1;ATG12;ATG9A;ULK2;ULK3;ATG16L1;ATG2A;ATG2B;WIPI1"
"GOCC_PHOSPHATASE_COMPLEX",0.999707687810582,1,0.20916644972077,0.540692157921393,6839,60,"PPP1R3G;ACP3;PPP1R3E;PPP1R3F;PPP1R3C;MRAS;NKD1;PPP2R3B;ITPR1;PRR3;PPP2R5A;PDPR;AKAP5;PPP4R4;PPP3CC;PPP2R5C;PPP2R3A;PDP1;PPP1R10;PPP2R5D;DCPS"
"GOCC_PHOSPHATIDYLINOSITOL_3_KINASE_COMPLEX",0.995937601559961,1,0.227211232888753,0.475928655945409,6128,18,"PIK3R6;PIK3R5;PIK3R1;PIK3CD;PIK3C3"
"GOCC_PHOSPHATIDYLINOSITOL_3_KINASE_COMPLEX_CLASS_I",0.423482621476742,1,0.601415631456788,1.06704946136913,2448,8,"PIK3R6;PIK3R5;PIK3R1;PIK3CD;PIK3R3"
"GOCC_PHOSPHATIDYLINOSITOL_3_KINASE_COMPLEX_CLASS_III",0.577451216574319,1,-0.464082751677439,-0.913749658169926,2396,10,"BECN2;PIK3R4;UVRAG;BECN1;ATG13;ATG14"
"GOCC_PHOSPHOLIPID_TRANSLOCATING_ATPASE_COMPLEX",0.913444133618562,1,0.33380913257909,0.664505844008752,5550,14,"ATP8B1;ATP8B3;ATP10D;ATP11A;ATP10A;ATP8A1;TMEM30A;TMEM30B"
"GOCC_PHOSPHORYLASE_KINASE_COMPLEX",0.19522091974752,1,-0.768774546490685,-1.30116242571037,865,5,"PHKG1"
"GOCC_PHOTORECEPTOR_CELL_CILIUM",0.0642339756730901,1,0.460850354887248,1.28276096068609,469,106,"RHO;PDE6A;GUCA1ANB-GUCA1A;PDE6C;SAG;GUCY2F;CNGB1;IMPG1;CACNA1F;PDC;GNAT2;GRK7;ATP1A4;PRPH2;GRK1;TULP1;RP1L1;RGS9BP;CNGA1;PCDHB13;CEP250;RAB27A;CRB1;KIFAP3;VCAN;ABCA4;MYRIP;USH1C;TSGA10IP;ROM1;PRCD;INHA;PCDHB15;POC5"
"GOCC_PHOTORECEPTOR_CONNECTING_CILIUM",1,1,-0.157053750192515,-0.419856626424105,3400,42,"USH1G;SPTBN5;GNAT1;TMEM237;IFT57;NPHP4;KIF17;BBS4;CETN2;ARL3;MYO7A;IFT20;USH2A;CETN3;SPATA7;NPHP1;TBCC;TTC8;IFT52;RPGR;MAK;TOPORS;WDR19;IFT140;KIAA1549;LCA5;RPGRIP1L;FAM161A;CFAP410;IFT122;CEP290;IQCB1;RAB37;SEPTIN2;WHRN;RPGRIP1;POC5;PCDHB15;TSGA10IP;KIFAP3;PCDHB13;RP1L1"
"GOCC_PHOTORECEPTOR_DISC_MEMBRANE",0.167825383993533,1,0.594248070804513,1.25652892668524,1037,19,"RHO;PDE6A;GUCA1ANB-GUCA1A;PDE6C;GUCY2F;GRK7;GRK1;PCDHB13"
"GOCC_PHOTORECEPTOR_INNER_SEGMENT",0.324430823117338,1,0.414543241304439,1.07658955917777,2222,62,"RHO;GUCA1ANB-GUCA1A;SAG;IMPG1;PDC;GNAT2;PRPH2;TULP1;SNAP25;CEP250;ATP1B2;CRB1"
"GOCC_PHOTORECEPTOR_OUTER_SEGMENT",0.0372093023255814,1,0.507384969253055,1.36736165244089,263,80,"RHO;PDE6A;GUCA1ANB-GUCA1A;PDE6C;SAG;GUCY2F;CNGB1;IMPG1;CACNA1F;PDC;GNAT2;GRK7;ATP1A4;PRPH2;GRK1;TULP1;RP1L1;RGS9BP;CNGA1;PCDHB13;CEP250;RAB27A;CRB1;KIFAP3;VCAN;ABCA4;MYRIP;USH1C;ROM1;PRCD;INHA"
"GOCC_PHOTORECEPTOR_OUTER_SEGMENT_MEMBRANE",0.333168805528134,1,0.549668537475779,1.10969278629963,2024,15,"RHO;PDE6A;GNAT2;CNGA1;ROM1;PRCD;NAPEPLD;DHRS3"
"GOCC_PHOTORECEPTOR_RIBBON_SYNAPSE",0.973543143697043,1,0.276833147517803,0.491165585823681,5629,8,"CPLX3;CACNB2;DAG1"
"GOCC_PI_BODY",0.386742229091534,1,0.600192437092293,1.08813253440623,2251,9,"DDX4;ANKRD34C;TDRD1"
"GOCC_PICLN_SM_PROTEIN_COMPLEX",0.856882821387941,1,-0.370745191657309,-0.652230807973143,3765,6,"CLNS1A;SNRPF;SNRPD1;SNRPD3;SNRPD2"
"GOCC_PIGMENT_GRANULE",1,1,0.192349338412794,0.537066490466879,7339,109,"TH;DCT;SLC24A5;RAB27B;ITGB3;RAB27A;SLC1A4;SYTL1;SYTL2;SYNGR1;ANXA2P2;MYRIP;OCA2"
"GOCC_PINOSOME",0.306199553494762,1,0.636803300946382,1.15450703300096,1782,9,"CX3CR1;CARMIL2;MMP14"
"GOCC_PIP_BODY",0.703526734926052,1,-0.459326833283408,-0.808067422956898,3091,6,"TDRD9;GTSF1;PIWIL4"
"GOCC_PITUITARY_GONADOTROPIN_COMPLEX",0.277164439279489,1,0.832807934799323,1.16911073463467,1430,2,"CGB3;LHB"
"GOCC_PLASMA_MEMBRANE_PROTEIN_COMPLEX",0.922416603281539,1,0.272742389493146,0.861364814534268,8488,597,"MR1;SGCA;CDH12;KCNJ5;IL12B;GLRA1;GRIA2;TSPAN32;FCGR3A;ZAP70;CACNG3;GJA10;GJA9;HLA-DRB5;NOX1;KCNIP4;CD3E;CXCL8;ATP4B;SCN2B;SLC18A3;IL5RA;C8G;KCNA1;VCAM1;ABCC9;BTLA;ATP6V0D2;CACNA1F;KCNG2;IL2RG;CDH20;NCF1C;GP5;CATSPERE;TRAC;CACNA1D;NCF1B;DUOX1;GJD4;VWC2;GNAT2;HLA-DMB;ITGAM;CD8A;ACKR1;CDH5;GJB2;ITGB2;ATP1A4;HLA-H;COL13A1;ITGAX;GNG5B;TF;GRID1;SGCD;GRIK1;GNG13;LRRC26;SCN4B;CAV3;CALCR;FAS;KCNB2;CEACAM1;IL2RB;KCNV1;CDH8;IL10RB;ITGA10;SCN3A;TLR6;SCN2A;FCER1G;GP1BA;OLFM3;SNAP25;CACNB3;PDGFA;NOXA1;VTN;IL6;CDH11;CATSPERG;CACNA1B;CDH13;ITGB3;PDE4B;SYNJ1;CATSPERZ;GNG11;SHISA6;LRRC55;KCNJ6;CACNG8;SCN3B;SGCG;ALCAM;TAS1R3;IL1A;APBB1IP;HLA-G;GLRA3;GFRA1;CD79B;ATP1B2;ITGA2;CRB1;GLRB;HLA-F;IL18;IL22RA1;PRKCA;KCNJ14;CDHR3;EMILIN1;HLA-A;B2M;HLA-DQB1;GJA5;FXYD1;SCN7A;HLA-DRA;NRN1;GRIK3;EVC"
"GOCC_PLASMA_MEMBRANE_RAFT",0.896392103471749,1,0.286498788236479,0.800424535810696,6583,110,"ADRA1B;HTR2A;TEX101;ITGAM;CD8A;ITGB2;AKAP6;MLC1;ADCY8;CAV3;CD36;PLPP2"
"GOCC_PLASMA_MEMBRANE_REGION",0.964252885302829,1,0.267925482642514,0.863239630252787,9440,1206,"NLGN4Y;GAD2;UNC13C;IL1RAPL1;SLC14A1;PKD2L1;ADRA1B;SLC34A3;CUBN;CEACAM6;GLRA1;RHO;PLA2G4F;PDE6A;GRIA2;ABCB5;CACNG3;CNR2;AQP2;CEACAM7;SLC22A4;SCNN1B;HTR2A;SLCO2B1;CDHR5;SLC28A3;SLC12A3;SLC22A11;ATP4B;KL;SLC34A1;CNTNAP4;KCNA1;CNGB1;SLC10A2;ERBB4;CYP4A11;TEX101;ATP6V0D2;CNTN5;SLC17A3;TSHR;DRD5;BEST2;C5AR1;CNTN6;RPH3A;OTOA;SCIMP;FAIM2;LRFN5;SLCO6A1;TACR1;LPO;IL31RA;PTH1R;CA9;PSD2;GRM7;SLC6A12;DUOX1;GPR37L1;VWC2;GNAT2;ITGAM;CD8A;KCTD16;ITGB2;CASR;CLIC5;MGAM;P2RX1;COL13A1;IQSEC3;IGSF5;AKAP6;TF;FAM107A;GRID1;GRIK1;MLC1;SLC1A2;TSPEAR;ADGRE2;ATP8B1;ACY3;ZMYND10;KIAA1614;ADCY8;GABRB2;CAV3;PDZK1P1;STX11;CD36;FGD2;NAIP;GABRG1;CPLX3;CD34;GABRG3;SLC26A1;TRPA1;CEACAM1;CDH8;PLPP2;SCNN1G;SLC6A2;GABRR1;SYNDIG1;PARD3B;MTTP;CDHR2;APBA1;SLC4A4;GABRA1;SCN3A;ADRA2A;GPM6A;DLL1;ATP2B3;HMCN1;STX19;HPGD;SLITRK1;SLC12A1;SLITRK3;LRRC7;SNAP25;CNGA1;DMTN;NRP1;BEST1;DGKI;CADM1;SLC51B;GRIP1;GABRP;PCDHB13;RAB27B;OPRL1;CDH13;ITGB3;SLC16A7;SYNJ1;SHISA6;FN1;CACNG8;LRRTM1;SLC39A5;SLCO1B1;DDR2;LRRTM3;TENM2;SCNN1D;HLA-G;NRXN3;PTCH1;GLRA3;SLC7A9;CFTR;RIGI;SLC6A20;RAB27A;EPB41L3;ATP1B2;CRB1;PSD;HPN;TFPI;SLC34A2;CLDN4;JAG1;PLPP3;SYTL1;GLRB;SORBS2;SLC36A1;CLCNKB;DPP4;P2RX2;ABCB1;SLC4A10;ADGRB3;PLEK2;ENPEP;INPPL1;DGKB;SLC39A4;NRGN;KANK1;RGS7;CADPS2;GRM5;FXYD1;GRIK3;EVC;DSP;SHC4;PCDH9;SLC4A1;PLCG2;PLEKHG6;CRB2;AKAP7;PCDH8;SLITRK2;NTRK3;PKHD1L1;TMEM114;SLC8A3;AJAP1;CLSTN3;SLC8A2;SH3YL1;EPS8;CRHR1;GRIN2D;SARM1;HCN1;SLC26A2;PRKCG;LMO7;ANK2;KIFAP3;AQP4;RGS7BP;BBS1"
"GOCC_PLASMA_MEMBRANE_SIGNALING_RECEPTOR_COMPLEX",0.922296027071062,1,0.276469170931453,0.817726351946672,7358,202,"IL12B;GRIA2;TSPAN32;ZAP70;CACNG3;CD3E;CXCL8;IL5RA;IL2RG;GP5;TRAC;VWC2;ITGAM;CD8A;ACKR1;ITGB2;ITGAX;TF;GRID1;GRIK1;CALCR;CEACAM1;IL2RB;IL10RB;ITGA10;TLR6;GP1BA;OLFM3;IL6;ITGB3;SHISA6;CACNG8;ALCAM;TAS1R3;IL1A;APBB1IP;CD79B;ITGA2;IL18;IL22RA1;EMILIN1;B2M;NRN1;GRIK3"
"GOCC_PLATELET_ALPHA_GRANULE",0.785583813404524,1,0.312731320959261,0.846693312311594,5590,83,"ORM1;SERPINA1;SRGN;A2M;PLG;ALB;SERPINF2;CD36;PDGFA;ISLR;ITGB3;FN1;F5;THBS2"
"GOCC_PLATELET_ALPHA_GRANULE_LUMEN",0.533566841798015,1,0.369031238968491,0.958392609740183,3655,62,"ORM1;SERPINA1;SRGN;A2M;PLG;ALB;SERPINF2"
"GOCC_PLATELET_ALPHA_GRANULE_MEMBRANE",0.957951070336391,1,-0.285073682019086,-0.616031815167165,3758,15,"SYTL4"
"GOCC_PLATELET_DENSE_GRANULE",0.664034221783481,1,0.42686305747619,0.861768180864826,4035,15,"CLEC3B;RAB27B;ECM1"
"GOCC_PLATELET_DENSE_GRANULE_LUMEN",0.673364245234415,1,0.476035913802757,0.863040140698954,3920,9,"CLEC3B;ECM1;SELENOP"
"GOCC_PLATELET_DENSE_GRANULE_MEMBRANE",0.748293208767517,1,0.500532160209503,0.806973922228113,4164,5,"RAB27B;ITPR1;LAMP2"
"GOCC_PLATELET_DENSE_TUBULAR_NETWORK",0.502020202020202,1,0.522713475606645,0.989966812233663,2981,11,"ATP2A1;DMTN;ITPR2;ATP2A3;SERPINA5;ITPR1;IRAG1"
"GOCC_PLATELET_DENSE_TUBULAR_NETWORK_MEMBRANE",0.514339687446334,1,0.542973916168025,0.984396915060654,2994,9,"ATP2A1;DMTN;ITPR2;ATP2A3;ITPR1;IRAG1"
"GOCC_PML_BODY",1,1,0.190369330553549,0.53030061756277,7323,107,"SP100;CHD3;TENM2;MAGEA2;EIF4ENIF1;NFE2;CIART;CASP8AP2;CALCOCO2;SPTBN4;LRCH4;ATR;IKBKE;HIPK2;SENP2;ZNF451;SMC5;WDFY3"
"GOCC_PODOSOME",0.528674109191008,1,0.394414688357232,0.95821473201622,3456,40,"VCAM1;BIN2;LPXN;ARHGEF5;SCIN;RHOU;FERMT3;PTPN12;DOCK5;TJP1;SCN8A;PLEC;CD2AP;TNS3"
"GOCC_POLAR_MICROTUBULE",0.675834084761046,1,-0.492521173091906,-0.833599456718933,2997,5,"TUBGCP3;KLHL21"
"GOCC_POLE_PLASM",0.143195827406354,1,0.556883659043682,1.26243997711788,905,27,"DDX3Y;DDX4;MAEL;ANKRD34C;PIWIL1;SNRPGP15;TDRD1;PIWIL3"
"GOCC_POLYMERIC_CYTOSKELETAL_FIBER",1,1,0.195807437508577,0.620275063569567,9284,655,"TUBA3D;CFAP206;ZNF804A;LMNTD1;TMEM232;SAA1;CIMAP1A;CFAP144;HTR2A;KRTAP9-2;LMOD2;SPMIP10;KRTAP5-10;KRT72;KRTAP10-6;KRTAP10-8;TUBB8;PACRG;KIF4B;NICN1;TUBA4B;POTEE;CFAP210;FLACC1;TUBB8B;ENKUR;POTEF;AURKC;SYBU;TTLL9;WAS;SPACA9;KRTAP19-1;KRT15;ACKR2;KIF19;EFHB;DCDC1;SAXO1;CFAP77;CFAP90;TOGARAM2;NAV3;GFAP;RP1L1;SAXO2;NIN;DNAH3;TEKT5;DMTN;FAM110C;FAM161B;NRP1;TEKT2;GAS2L2;ACTN3;CIMIP2B;SYNJ1;MAP1LC3B2;KIF12;MTUS2;SLC1A4;KIFC2;NEFL;VMAC;MAP1LC3C;DNAH7;KATNAL2;SLAIN2;SAXO4;KIF13B;FMN1;DSP;FBF1;CCDC181;DYNLT2;EML5;TUBA8;PDLIM3;SLC8A3;COBL;SPAG6;MX1;SARM1;EVPL;CHMP4C;AVIL;FEZ1;KCNAB2;KIFAP3;KIF26B"
"GOCC_PORE_COMPLEX",0.671955128205128,1,0.398730250601409,0.867200274676835,4192,22,"C8G;CD34"
"GOCC_POST_MRNA_RELEASE_SPLICEOSOMAL_COMPLEX",0.96439672223792,1,-0.267665667722374,-0.691888772408986,3412,35,"TFIP11;CRNKL1;SNRPB2;XAB2;SNRPG;CWC15;SNRPB;SNW1;SNRPA1;SNRPF;GCFC2;BCAS2;BUD31;PLRG1;SNRPD1;SNRPD3;SNRNP40;YJU2B;PRPF19;SNRPD2;RBM22;CWF19L1;PPIL1;SYF2"
"GOCC_POSTSYNAPSE",1,1,0.201858847275712,0.643110859475936,9466,745,"NLGN4Y;IL1RAPL1;GLRA1;ZNF804A;GRIA2;CACNG3;CNR2;HTR2A;CD3E;ERBB4;RPH3A;FAIM2;LRFN5;TACR1;PSD2;GRM7;VWC2;CYP46A1;KCTD16;GPR50;NPFF;P2RX1;COL13A1;IQSEC3;GRID1;GRIK1;MEF2C;ADCY8;GABRB2;SRCIN1;GABRG1;GABRG3;ANKS1B;OPCML;GABRR1;SYNDIG1;APBA1;GABRA1;ADRA2A;CAMK2A;GPM6A;CALY;SLITRK1;SLITRK3;LRRC7;SEZ6;DMTN;SRGAP3;NRP1;DGKI;WNT5A;GRIP1;FRMPD4;SENP7;PCDHB13;TRIM47;ITGB3;PDE4B;SLC16A7;SHISA6;CPEB3;MAPK8IP2;CACNG8;LRRTM1;SH3KBP1;P2RX7;LRRTM3;TENM2;LNX1;PTCH1;GLRA3;P2RX3;NEFL;EPB41L3;BAALC;PSD;GLRB;P2RX2;SLC4A10;ADGRB3;GPSM2;DRD4;DGKB;PDPK1;NRGN;RGS7;CADPS2;GRM5;GRIK3;SAMD14;SHC4;PRICKLE1;PCDH8;SLITRK2;NTRK3;SLC8A3;CLSTN3;SLC8A2;EPS8;CRHR1;GRIN2D;DIXDC1;HCN1;PRKCG;ANK2;KIFAP3;RGS7BP;DNM3;PIAS3;SRGAP2;PTCHD1;NRCAM;BEGAIN;ZDHHC8;DIP2A;NETO2;CARMIL3;KCNJ4;LHFPL4;CHRNA4;BSN;CHRNA6;CHRM3;PRRT1;ADCY1;OPRK1;NEGR1;ANK1"
"GOCC_POSTSYNAPTIC_ACTIN_CYTOSKELETON",0.790859057190715,1,-0.389617381272832,-0.750196563530118,3304,9,"ACTB;ACTN4;KPTN;ITPKA;MYO9B;CTTN;MYH10;CTTNBP2;ITSN1"
"GOCC_POSTSYNAPTIC_CYTOSKELETON",0.997452229299363,1,-0.202846153846154,-0.430582592225456,3914,14,"ACTB;NEFH;ACTN4;KPTN;SPTBN2;ITPKA;MYO9B;CTTN;MYH10;NEFM;CTTNBP2;ITSN1;INA;NEFL"
"GOCC_POSTSYNAPTIC_CYTOSOL",0.999726775956284,1,-0.178295170290552,-0.445094672203734,3658,29,"CALB1;DBN1;PLCB3;FABP5;HOMER1;FUS;BAIAP2;UBE2I;KIF5C;SUMO2;SENP5;CALM3;PIN1;SUMO1;SENP1;KIF5B;PLCB1;GNAQ;UBE3A;FBXO45;DAG1;PIAS1;KIF5A;NEDD4;HTT;SYT1;PIAS3;PRKCG;SENP7"
"GOCC_POSTSYNAPTIC_DENSITY_INTRACELLULAR_COMPONENT",0.994282744282744,1,-0.208924231907453,-0.469368877790343,3825,18,"SLC30A1;USP6;CRIPT;TANC1;PRR7;FABP5;CFL1;BAIAP2;PTK2B"
"GOCC_POSTSYNAPTIC_DENSITY_MEMBRANE",0.953751832600293,1,0.270736098943778,0.766049687677495,7155,122,"NLGN4Y;GRIA2;CACNG3;ERBB4;LRFN5;IQSEC3;GRID1;GRIK1;SYNDIG1;ADRA2A;SLITRK1;SLITRK3;SLC16A7;SHISA6;CACNG8;LRRTM3;ADGRB3;GRM5;GRIK3;CLSTN3;CRHR1;GRIN2D;RGS7BP;NRCAM;NETO2;PRRT1;ADCY1"
"GOCC_POSTSYNAPTIC_EARLY_ENDOSOME",0.795311091073039,1,-0.420815871429121,-0.712237160485608,3527,5,"SNX6;EEA1;VPS26B;GRIPAP1;SNX27"
"GOCC_POSTSYNAPTIC_ENDOCYTIC_ZONE",0.2181006354113,1,0.678993939420655,1.2309975109444,1269,9,"GRIA2;CALY"
"GOCC_POSTSYNAPTIC_ENDOSOME",0.956360751124041,1,-0.279921517331589,-0.649734299530336,3615,21,"TFRC;SNX6;EEA1;MKLN1;ANP32E;AGAP1;RAB11FIP3;ABHD17A;VPS26B;NSG1;ABHD17B;ZDHHC2;GRIPAP1;AP3M1;RAB11A;SNX27;AKAP5;CLSTN1;SH3GL3;PIK3C3;STX12"
"GOCC_POSTSYNAPTIC_ENDOSOME_MEMBRANE",0.839195979899497,1,-0.368617615564549,-0.709762145492027,3506,9,"TFRC;MKLN1;ANP32E;RAB11FIP3;ABHD17A;ABHD17B;ZDHHC2"
"GOCC_POSTSYNAPTIC_MEMBRANE",0.974585371674025,1,0.261659106909335,0.796207472517078,8167,298,"NLGN4Y;IL1RAPL1;GLRA1;GRIA2;CACNG3;CNR2;HTR2A;ERBB4;RPH3A;FAIM2;LRFN5;TACR1;GRM7;VWC2;KCTD16;P2RX1;COL13A1;IQSEC3;GRID1;GRIK1;GABRB2;GABRG1;GABRG3;GABRR1;SYNDIG1;GABRA1;ADRA2A;SLITRK1;SLITRK3;LRRC7;NRP1;GRIP1;PCDHB13;ITGB3;SLC16A7;SHISA6;CACNG8;LRRTM1;LRRTM3;TENM2;PTCH1;GLRA3;GLRB;ADGRB3;DGKB;NRGN;RGS7;CADPS2;GRM5;GRIK3;SHC4;PCDH8;SLITRK2;NTRK3;SLC8A3;CLSTN3;CRHR1;GRIN2D;HCN1;ANK2;RGS7BP;SRGAP2;NRCAM;NETO2;KCNJ4;LHFPL4;CHRNA4;CHRNA6;CHRM3;PRRT1;ADCY1;OPRK1;ANK1;CHRNA10;FLRT3"
"GOCC_POSTSYNAPTIC_RECYCLING_ENDOSOME",0.960118168389956,1,-0.279813867630658,-0.562852842563617,3899,11,"TFRC;RAB11FIP3;ABHD17A;VPS26B;ABHD17B;ZDHHC2;AP3M1;RAB11A;SNX27;AKAP5;STX12"
"GOCC_POSTSYNAPTIC_RECYCLING_ENDOSOME_MEMBRANE",0.870079635949943,1,-0.364003383574285,-0.640370330663824,3823,6,"TFRC;RAB11FIP3;ABHD17A;ABHD17B;ZDHHC2;AKAP5"
"GOCC_POSTSYNAPTIC_SPECIALIZATION",1,1,0.17007140662599,0.525158256858993,8663,380,"NLGN4Y;GRIA2;CACNG3;ERBB4;LRFN5;GPR50;IQSEC3;GRID1;GRIK1;ADCY8;GABRB2;SRCIN1;ANKS1B;OPCML;SYNDIG1;GABRA1;ADRA2A;CAMK2A;SLITRK1;SLITRK3;LRRC7;DMTN;DGKI;GRIP1;PDE4B;SLC16A7;SHISA6;CPEB3;MAPK8IP2;CACNG8;LRRTM1;SH3KBP1;LRRTM3;BAALC;PSD;GLRB;ADGRB3;GPSM2;PDPK1;GRM5;GRIK3;SAMD14;PRICKLE1;SLC8A3;CLSTN3;SLC8A2;EPS8;CRHR1;GRIN2D;PRKCG;RGS7BP;DNM3;SRGAP2;NRCAM"
"GOCC_POSTSYNAPTIC_SPECIALIZATION_INTRACELLULAR_COMPONENT",0.980491715660075,1,-0.25244238893284,-0.597708880276061,3668,23,"LYN;SLC30A1;USP6;CRIPT;TANC1;PRR7;FABP5;CFL1;BAIAP2;PTK2B"
"GOCC_POSTSYNAPTIC_SPECIALIZATION_MEMBRANE",1,1,0.209756831741748,0.60418824812052,7668,147,"NLGN4Y;GRIA2;CACNG3;ERBB4;LRFN5;IQSEC3;GRID1;GRIK1;GABRB2;SYNDIG1;GABRA1;ADRA2A;SLITRK1;SLITRK3;SLC16A7;SHISA6;CACNG8;LRRTM1;LRRTM3"
"GOCC_POTASSIUM_CHANNEL_COMPLEX",0.930910099889012,1,0.28051807672395,0.769598442049573,6709,93,"KCNJ5;KCNIP4;KCNA1;ABCC9;KCNG2;GRIK1;LRRC26;KCNB2;KCNV1;SNAP25;LRRC55;KCNJ6"
"GOCC_PRC1_COMPLEX",0.447623514696685,1,0.430163907471396,1.00523731715932,2862,32,"SAMD11;CBX4;BMI1;PHC3;CBX7;BCORL1;AUTS2;CBX8"
"GOCC_PRE_SNORNP_COMPLEX",0.638863000931966,1,-0.477448379282501,-0.866550590239462,2741,7,"ZNHIT6;NUFIP1;TAF9;NOP58;NOP56;PIH1D1;ZNHIT3"
"GOCC_PRECATALYTIC_SPLICEOSOME",0.99735274652548,1,-0.224164543168806,-0.654567628018566,3013,70,"SNRNP25;TXNL4B;PDCD7;ZMAT2;CWC27;RBM42;RBMX2;SNRPB2;SF3A3;SF3A1;SNRNP48;SNRNP27;PRPF31;PRPF4;LSM6;SNRPG;SF3B4;SNRPB;ZMAT5;BUD13;PHF5A;SF3B5;IK;SMU1;SNRPA1;SF3A2;SNRPF;PRPF6;LSM7;SNRNP35;LSM2;CENATAC;LSM3;RNF113A;SF3B3;USP39;SNRPD1;SNRNP200;SNRPD3;SNRNP40;PRP4K;MFAP1;PRPF38B;LSM8;SNRPD2;SNRPC"
"GOCC_PREFOLDIN_COMPLEX",0.712255358807083,1,-0.440881301188142,-0.800182738800489,3056,7,"PDRG1;PFDN1;PFDN4;PFDN2;VBP1;PFDN5;PFDN6"
"GOCC_PRERIBOSOME",0.629422718808194,1,-0.301182293812494,-0.933232270160525,1689,106,"RIOK2;EMG1;PPAN;RRP1;MRTO4;DHX37;EBNA1BP2;NOC4L;IMP3;UTP11;PES1;RRP7A;RRP1B;RPS19BP1;UTP6;NOP9;UTP14C;WDR74;PNO1;RCL1;UTP15;NOL7;FSAF1;ZNF622;RPF1;RIOK1;DIMT1;SLX9;NAT10;BYSL;NIP7;BOP1;DNTTIP2;WDR75;WDR36;KRI1;PIN4;RRP9;TSR1;FTSJ3;MAK16;IMP4;NOL6;DCAF13;NOP14;UTP14A;FBL;UTP18;AATF;BMS1;RRS1;RPS4X;LTV1;UTP3;NOC2L;PDCD11;SRFBP1;WDR43;EXOSC10;UTP4;XRCC5;UTP20"
"GOCC_PRERIBOSOME_LARGE_SUBUNIT_PRECURSOR",0.391248391248391,1,-0.477081973746287,-1.04371083396219,1519,16,"PPAN;MRTO4;EBNA1BP2;PES1;WDR74;ZNF622;RPF1;NIP7;BOP1;FTSJ3;MAK16;RRS1;NOC2L"
"GOCC_PRERIBOSOME_SMALL_SUBUNIT_PRECURSOR",0.181910828025478,1,-0.589120112036832,-1.25052834457664,713,14,"RIOK2;RRP1;NOC4L;RRP1B;NOP9;RIOK1;SLX9;BYSL;FTSJ3;NOP14;LTV1;UTP20;NOB1"
"GOCC_PRESPLICEOSOME",0.380727981800455,1,0.510604312042505,1.06953877614538,2342,18,"SNRPGP15;PRPF40B;SNRPN"
"GOCC_PRESYNAPSE",1,1,0.229817569328669,0.727677847591147,9260,645,"GAD2;UNC13C;ZNF804A;TH;GAD1;HTR2A;GHRH;SLC17A8;SLC18A3;CNTNAP4;KCNA1;CNGB1;ERBB4;CNTN5;CNTN6;RPH3A;CRH;IL31RA;GRM7;SLC6A12;CYP46A1;SV2C;KCTD16;NTS;CASR;NPFF;P2RX1;GRIK1;SLC1A2;ADCY8;SRCIN1;STX11;CPLX3;NPY;NGF;CDH8;SLC32A1;ANKS1B;SLC6A2;GABRR1;SYNDIG1;TULP1;APBA1;ADRA2A;GPM6A;ATP2B3;STX19;SNAP25;SPHK1;BEST1;KCNK9;DMXL2;DGKI;KIRREL3;SENP7;RAB27B;PDE4B;SYNJ1;PRKCB;CALB2;P2RX7;TENM2;NRXN3;GLRA3;NPY2R;NEFL;ITGA2;SV2B;TRIM9;SYNGR4;SYNGR1;SLC4A10;DOC2A;CADPS;RGS7;CADPS2;NRN1;GRIK3;VPS16;PTPRN2;MME;PCDH8;AP3B2;SLC8A3;SLC8A2;MX1;GRIN2D;HCN1;PRKCG;AP1S1;RGS7BP;MCTP1;DNM3;PIAS3;BLTP1;FZD3"
"GOCC_PRESYNAPTIC_ACTIVE_ZONE",0.621057058741063,1,0.338873464357361,0.918942305821177,4429,84,"UNC13C;GAD1;GRM7;P2RX1;ADCY8;STX11;CPLX3;SLC32A1;APBA1;ADRA2A;GPM6A;STX19"
"GOCC_PRESYNAPTIC_ACTIVE_ZONE_CYTOPLASMIC_COMPONENT",0.977070063694268,1,-0.261576923076923,-0.55525070339881,3834,14,"RIMS1;ERC2;STXBP1;CTBP1;OSBPL2;RIMS2;RIMS3;CTNNB1;ERC1;GUCY1B1;PCLO;CTNNA2;PPFIA3;BSN"
"GOCC_PRESYNAPTIC_ACTIVE_ZONE_MEMBRANE",0.990871112486461,1,0.250363525092071,0.594832209588227,6403,35,"P2RX1;STX11;CPLX3;APBA1;ADRA2A;GPM6A;STX19;NRXN3;GRIN2D;HCN1;FZD3;ATP2B4;CACNA2D2;GRIA1"
"GOCC_PRESYNAPTIC_CYTOSOL",0.997319457584358,1,0.231333503496891,0.530604875705961,6324,29,"ANKS1B;SENP7;PRKCB;PRKCG;PIAS3;SYT1;HTT;PPT1"
"GOCC_PRESYNAPTIC_ENDOCYTIC_ZONE",0.907086987437781,1,-0.336196283536096,-0.626243762341527,3826,8,"PACSIN1;AP2M1;PICALM"
"GOCC_PRESYNAPTIC_ENDOSOME",0.933237616654702,1,-0.301634301095943,-0.580787785662282,3899,9,"VTI1B;AP3D1;RAB7A;VAC14;VAMP4;RAB11A;RABGEF1;SNX4;PIK3C3"
"GOCC_PRESYNAPTIC_MEMBRANE",0.392893660531697,1,0.351429401519424,1.02897434256894,3073,176,"GAD2;UNC13C;HTR2A;CNTNAP4;KCNA1;ERBB4;CNTN5;CNTN6;IL31RA;KCTD16;CASR;P2RX1;GRIK1;SLC1A2;ADCY8;STX11;CPLX3;SLC6A2;GABRR1;APBA1;ADRA2A;GPM6A;ATP2B3;STX19;SNAP25"
"GOCC_PROCENTRIOLE_REPLICATION_COMPLEX",0.924380238986981,1,0.359058255513604,0.598704761144503,5182,6,"PLK4;CPAP;SASS6;STIL;CEP152"
"GOCC_PRONUCLEUS",0.477319062181447,1,-0.454626235558754,-0.982427501305166,1872,15,"DPPA3;SLC2A1;EZH2;HSF1;EED;CBX1;CCNA2;HNRNPL;AKAP8"
"GOCC_PROTEASE_INHIBITOR_COMPLEX",0.37292377701934,1,-0.636850060070037,-1.12037388099471,1638,6,"SERPINE1;KLK8;PLAT"
"GOCC_PROTEASOME_ACCESSORY_COMPLEX",0.420188425302826,1,-0.419275698569504,-1.01127064120479,1560,25,"PSMD10;PSMC2;PSMD14;PSME3;ADRM1;PSMC4;PSMD5;PSMD3;PSMD2;PSMC1;PSMD12;PSMD11;PSMD6;PSMD4;PSMD1;PSMD8"
"GOCC_PROTEASOME_COMPLEX",0.970268542199488,1,-0.257023055123093,-0.741265495513604,3034,64,"PIPSL;PSMD10;PSMC2;PSMD14;PSME3;ADRM1;PSMC4;TXNL1;PSMA5;PSMA7;PSMB1;PSMD5;PSMD3;PSMD2;PSMB2;PSMC1;PSMD12;PSMD11;PSMD6;PSMB7;PSMD4;PSMA6;PSMB5;DNAJB2;PSMA1;PSME4;PSMB3;ZFAND2B;PSMD1;VCP;PSMF1;PSMD8;UBQLN4;PSMB6;UBQLN1;PSMB10"
"GOCC_PROTEASOME_CORE_COMPLEX",0.833604159896003,1,0.357177601855398,0.748163080775477,5129,18,"PSMB9;PSMB8"
"GOCC_PROTEASOME_CORE_COMPLEX_ALPHA_SUBUNIT_COMPLEX",0.466449207828518,1,-0.56137647901242,-1.01887688877656,2001,7,"PSMA5;PSMA7;PSMA6;PSMA1;PSMA4"
"GOCC_PROTEASOME_CORE_COMPLEX_BETA_SUBUNIT_COMPLEX",0.571697145787045,1,0.508154082505132,0.941159364884145,3344,10,"PSMB9;PSMB8"
"GOCC_PROTEASOME_REGULATORY_PARTICLE_BASE_SUBCOMPLEX",0.493123280820205,1,-0.47576078846366,-0.976123319775469,1971,12,"PSMD10;PSMC2;PSMC4;PSMD5;PSMD2;PSMC1;PSMD4;PSMD1;PSMC6;PSMC5"
"GOCC_PROTEASOME_REGULATORY_PARTICLE_LID_SUBCOMPLEX",0.306944773643043,1,-0.623873959344207,-1.16211033452627,1294,8,"PSMD14;ADRM1;PSMD3;PSMD12;PSMD11;PSMD8"
"GOCC_PROTEASOME_STORAGE_GRANULE",0.466334817919832,1,-0.433889074046508,-0.986182442869663,1779,19,"PSME3;PSMA5;PSMA7;PSMB1;PSMD2;PSMB2;PSMB7;PSMA6;PSMB5;PSMA1;PSMB3;PSMD1;PSMB6"
"GOCC_PROTEIN_COMPLEX_INVOLVED_IN_CELL_ADHESION",0.995514354066986,1,0.240454301713871,0.602420652342359,6657,49,"TSPAN32;ITGAM;ITGB2;ITGAX;IZUMO1;ITGA10;VTN;ITGB3;ITGA2;EMILIN1;ITGA4;ITGA6;LAMB2;ITGB4;NID1;NLGN1;ITGA3;ITGA9;TNN;TNXB;ITGAV"
"GOCC_PROTEIN_COMPLEX_INVOLVED_IN_CELL_CELL_ADHESION",0.340847610459874,1,-0.686409847228927,-1.16175893950814,1511,5,"GLIPR1L1"
"GOCC_PROTEIN_COMPLEX_INVOLVED_IN_CELL_MATRIX_ADHESION",0.48602256007847,1,0.485338246713111,0.994503449921991,2972,16,"VTN;EMILIN1;LAMB2;NID1;TNN;TNXB;LAMB1;LAMC1;MMRN1;TNC;MMRN2;LAMA1"
"GOCC_PROTEIN_DNA_COMPLEX",0.997764530551416,1,0.243488974008073,0.724059123256228,8033,215,"H2BC19P;H2AC7;H2AB2;NKX2-5;H2BC14;RAG2;H2BK1;H4C2;H2AB3;TBX5;H2BC26;H3C13;H3C2;H2BC8;H4C3;PRM1;H2AC12"
"GOCC_PROTEIN_FOLDING_CHAPERONE_COMPLEX",0.0401799100449775,1,-0.511603147242986,-1.40355381585109,133,48,"PIH1D2;SPAG1;HSPA8;DNAJC2;BAG3;STUB1;PDRG1;RPAP3;DNAJB11;PSMG1;CCT2;HSP90AA1;WDR83OS;STIP1;PPP5C;RUVBL2;CDC37;HSF1;PSMG4;BAG2;PFDN1;CCT7;PTGES3;CCT4;HSP90AB1;DNAJC9;CCT6A;CCT3;RUVBL1;CCDC47;URI1;CCT5;CCT8"
"GOCC_PROTEIN_KINASE_COMPLEX",1,1,0.172664618452804,0.503775410146837,7799,167,"PRKY;STING1;PYDC1;CCNI2;ERN1"
"GOCC_PROTEIN_LIPID_COMPLEX",0.0271207820876695,1,0.644633853083149,1.47858334534598,171,29,"APOA5;APOBR;APOC4;SAA1;MSR1;LIPC;APOA2"
"GOCC_PROTEIN_PHOSPHATASE_4_COMPLEX",0.606402164111812,1,-0.533046253220039,-0.9021887613497,2689,5,"PPP4R1;PPP4C;PPP4R2;PPP4R3B;PPP4R3A"
"GOCC_PROTEIN_PHOSPHATASE_TYPE_1_COMPLEX",0.574600638977636,1,0.423585581907143,0.929274941902539,3596,23,"PPP1R3G;PPP1R3E;PPP1R3F;PPP1R3C;MRAS;PRR3"
"GOCC_PROTEIN_PHOSPHATASE_TYPE_2A_COMPLEX",0.974272349272349,1,-0.266848745960917,-0.599502007440277,3748,18,"PPP2R2B;PPP2R2A;PPP2R2D;PPP2CB;PPP2CA;PPP2R5E;PPP2R5B;IER5;PPP2R1B;PPP2R1A;PPP2R2C;PTPA;PPP2R5D;PPP2R3A;PPP2R5C;PPP2R5A;PPP2R3B;NKD1"
"GOCC_PROTON_TRANSPORTING_ATP_SYNTHASE_COMPLEX",0.971460819090616,1,0.282796029853043,0.604349599077495,6024,20,"DMAC2L;MT-ATP6;ATP5PF;ATP5ME;ATP5MF;ATP5PD;MT-ATP8;ATP5F1D;ATP5F1A;ATP5MG;ATP5MC2;ATP5F1C;ATP5MJ;ATP5MC1;ATP5PO;ATP5F1B;ATP5F1E;ATP5PB;ATP5MK;ATP5MC3"
"GOCC_PROTON_TRANSPORTING_TWO_SECTOR_ATPASE_COMPLEX",0.9998499174546,1,0.195597937652503,0.486908846681413,6661,47,"ATP6V0D2;DMAC2L;ATP6V1A;ATP6V0A1;ATP6V1G2;ATP6V1E2;MT-ATP6;ATP6V1C2;ATP5PF;ATP6V0E2;ATP6AP1;ATP5ME"
"GOCC_PROTON_TRANSPORTING_TWO_SECTOR_ATPASE_COMPLEX_CATALYTIC_DOMAIN",0.949286065977351,1,-0.295273622274353,-0.593950539472712,3855,11,"ATP6V1C1;ATP6V1D;ATP6V1E1;ATP6V1B2;ATP6V1H;ATP6V1G1;ATP6V1F;ATP6V1C2;ATP6V1E2;ATP6V1G2;ATP6V1A"
"GOCC_PROTON_TRANSPORTING_TWO_SECTOR_ATPASE_COMPLEX_PROTON_TRANSPORTING_DOMAIN",0.426620598881211,1,0.513511841134742,1.03669820434606,2592,15,"ATP6V0D2;ATP6V0A1"
"GOCC_PROTON_TRANSPORTING_V_TYPE_ATPASE_COMPLEX",0.976633285646161,1,0.273407718184707,0.614752095122989,6143,26,"ATP6V0D2;ATP6V1A;ATP6V0A1;ATP6V1G2;ATP6V1C2;ATP6V0E2;ATP6AP1"
"GOCC_PROTON_TRANSPORTING_V_TYPE_ATPASE_V0_DOMAIN",0.403798100949525,1,0.551830073182138,1.0658811743172,2423,12,"ATP6V0D2;ATP6V0A1"
"GOCC_PROXIMAL_DENDRITE",0.812988859919412,1,-0.39115338282499,-0.728614140336378,3429,8,"MAP2;GSK3A;SLC1A1;PPP5C;KCNB1"
"GOCC_PRP19_COMPLEX",0.813503184713376,1,-0.359966674795438,-0.764103144226986,3192,14,"HSPA8;CRNKL1;XAB2;U2AF2;CWC15;CTNNBL1;BCAS2;PLRG1;PRPF19;RBM22;SYF2"
"GOCC_PSEUDOPODIUM",0.722576426352787,1,0.402505079218177,0.824770544263778,4419,16,"ARRB1;ACTN3;F2RL1;ACTN2"
"GOCC_PTW_PP1_PHOSPHATASE_COMPLEX",0.937229811516514,1,0.331500422979312,0.588157888292482,5419,8,"PRR3;PPP1R10;PPP1CB;PPP1R12A;WDR82;PPP1CC;PPP1CA;TOX4"
"GOCC_PWP2P_CONTAINING_SUBCOMPLEX_OF_90S_PRERIBOSOME",0.532905296950241,1,0.594736059143258,0.991681168071338,2987,6,"PWP2;WDR3"
"GOCC_PYRUVATE_DEHYDROGENASE_COMPLEX",0.995271453590193,1,0.232898834929058,0.401151564992067,5682,7,"PDK1;PDHX;PDHB;DLD;DLAT;PDK2;PDHA1"
"GOCC_R2TP_COMPLEX",0.368349864743012,1,-0.671322297786089,-1.13622303627009,1633,5,"PIH1D2"
"GOCC_RAD17_RFC_LIKE_COMPLEX",0.84287646528404,1,-0.389096082125418,-0.658550942358552,3738,5,"RFC3;RFC2;RFC4;RFC5;RAD17"
"GOCC_RADIAL_SPOKE",0.302242443938902,1,0.54033983368456,1.13182437122363,1859,18,"RSPH6A;CFAP206;CFAP61;RSPH14;DNAJB13;IQUB"
"GOCC_RADIAL_SPOKE_HEAD",0.416277398490837,1,0.674452699623158,1.08737416621627,2316,5,"RSPH6A"
"GOCC_RAGULATOR_COMPLEX",0.460295790671217,1,-0.588553487464841,-1.03540848351563,2022,6,"SLC38A9;LAMTOR4;LAMTOR5;LAMTOR2"
"GOCC_RDNA_HETEROCHROMATIN",0.748652533237513,1,0.500050269440056,0.806197002550978,4166,5,"NOP53;SIRT1;RRP8;BAZ2A;SUV39H1"
"GOCC_RECEPTOR_COMPLEX",0.947775628626692,1,0.26877606369094,0.83409072849487,8329,409,"PKD2L1;IL12B;GPRC5D;CUBN;GRIA2;TSPAN32;ZAP70;CACNG3;LTK;HTR2A;CD3E;CXCL8;IL7;IL5RA;ERBB4;TSHR;IL2RG;SCIMP;IL31RA;GP5;PTH1R;TRAC;GRM7;IL37;GPR37L1;VWC2;ITGAM;CD8A;ACKR1;KCTD16;ITGB2;GPRC5A;ITGAX;TF;IL15;LTB;GRID1;GRIK1;AHRR;GABRB2;CALCR;CD36;CD200R1;GABRG1;GABRG3;CEACAM1;IL2RB;TRPV3;PLXNC1;GABRR1;IL10RB;MTTP;MPL;ITGA10;GABRA1;TLR6;ADRA2A;GP1BA;OLFM3;NRP1;IL6;GABRP;GFRA3;TLR7;ITGB3;SHISA6;AMHR2;CACNG8;ALCAM;DDR2;TAS1R3;IL1A;APBB1IP;P2RX3;GFRA1;CD79B;PPARG;GPR37;GHR;ITPR2;ITGA2;TIE1;ROR2;IL18;IL22RA1;P2RX2"
"GOCC_RECYCLING_ENDOSOME",0.724865742475334,1,0.304402510210901,0.903257400565605,5803,210,"CD22;CD274;ATP13A4;AQP2;PLA2G5;SLC36A2;REP15;ACKR1;HLA-H;TF;MLC1;ACKR2;SNX32;DENND6B;RASSF9;MCOLN2;ACKR3;HLA-G;CFTR;INPP5F;HLA-F;HLA-A;B2M;SLC39A4;VPS16;SLC9A9;SORL1;C1orf210;VPS50;ANK2;MCTP1;OPTN;ATP11A"
"GOCC_RECYCLING_ENDOSOME_MEMBRANE",0.867149098853086,1,0.292575784406853,0.815011108689183,6350,107,"CD274;ATP13A4;SLC36A2;HLA-H;MCOLN2;HLA-G;CFTR;HLA-F;HLA-A;B2M;SLC39A4;SLC9A9;SORL1"
"GOCC_REPLICATION_FORK",0.64,1,-0.311095149044002,-0.921953137357956,1887,78,"RPA4;TREX1;RAD51C;CARM1;POLA1;PRIMPOL;WRN;H2AX;TEX264;CHEK1;BRIP1;MMS22L;EME2;CAMSAP3;XPA;REV1;RADX;RFC1;RPA2;DMAP1;PARP1;BLM;RAD51B;UBE2B;BCAS2;BAZ1B;RPA1;RTF2;PCNA;POLD1;RFC3;HELB;ERCC5"
"GOCC_REPLISOME",0.027710519235943,1,-0.639610180123582,-1.52720553692819,102,24,"RPA4"
"GOCC_RESPIRATORY_CHAIN_COMPLEX",0.100074682598954,1,-0.386758403129017,-1.20038693773427,267,107,"COX6A2;COX7A1"
"GOCC_RESPIRATORY_CHAIN_COMPLEX_III",0.936175580221998,1,-0.306770501308063,-0.640428582919017,3710,13,"UQCRHL"
"GOCC_RETROMER_COMPLEX",1,1,0.177169898430286,0.385327635290956,6239,22,"SNX32;SNX5;MAGEL2;SNX8;SNX27;ENTR1;TBC1D5;DENND5A;SNX3;TRIM27;ANKFY1;DENND4C;RAB7A;VPS26B;VPS29;SNX2;DCTN1;VPS26A;SNX6;SNX1;VPS35;SNX12"
"GOCC_RETROMER_TUBULATION_COMPLEX",0.816564858066834,1,0.454902514938439,0.733408351938173,4544,5,"SNX32;SNX5"
"GOCC_RIBBON_SYNAPSE",0.962481487576107,1,0.296423493143282,0.590083147136573,5848,14,"CPLX3;SNAP25;BSN;CACNB2"
"GOCC_RIBONUCLEASE_MRP_COMPLEX",0.95198799699925,1,-0.291631412968233,-0.598343179766077,3806,12,"RPP40;RPP25;RPP14;POP1;POP5;C18orf21;RPP30;NEPRO;RPP38;POP4;POP7;RPP25L"
"GOCC_RIBONUCLEASE_P_COMPLEX",0.914140127388535,1,-0.318896620029265,-0.676923524062867,3587,14,"PRORP;RPP40;RPP25;TRMT10C;RPP21;RPP14;POP1;POP5;HSD17B10;RPP30;RPP38"
"GOCC_RIBONUCLEOPROTEIN_COMPLEX",1,1,-0.214711364469817,-0.786914159103578,591,712,"MKRN3;MEG3;RBMXL2;TERC;ERG;PIH1D2;PABPC3;GJD2-DT;SNRNP25;DQX1;MIR29B2CHG;MRPL23;U2AF1;ZRSR2;PABPC5;EIF3CL;ELAVL3;JRK;RPL3L;EIF1AX;MIR155HG;RN7SK;LRRK2;RIOK2;TERT;TXNL4B;EEFSEC;EIF3C;ACTB;HSPA8;KIN;TRIM21;U2AF1L4;PPIL3;HSPA1A;WDR70;EMG1;MRPS18A;PPAN;MRPL19;DDX3X;RRP1;MRPL13;MRTO4;DHX37;DHX8;EBNA1BP2;CRIPT;TSSC4;NFATC2;NOC4L;AKAP17A;MRPS6;IMP3;YJU2;UTP11;TFIP11;EIF2S1;PES1;PRORP;CELF4;PDCD7;RRP7A;RRP1B;MIR23AHG;RPS19BP1;UTP6;ZMAT2;CWC27;TNRC6B;NOP9;PCBP3;UTP14C;WDR74;CRNKL1;NVL;AGO1;GRSF1;ELAVL2;RBM42;PNO1;ARMC7;RBMX2;ZNF830;LSM14A;SRSF1;MRPL12;SNRPB2;XAB2;RCL1;RBM17;UPF1;ZCCHC17;HSPA1B;SMG6;UTP15;RBMX;NOL7;CLNS1A;FSAF1;MRPS31;ZNF622;SF3A3;MRPS9;NOP10;MRPL20;BCLAF3;MTREX;MRPL58;RPF1;SF3A1;RIOK1;U2AF2;SNRNP48;TEFM;DIMT1;MRPL42;RPP40;HNRNPLL;SNRNP27;MRPS16;PRPF31;MRPL30;SLX9;RPL22L1;PRPF4;IGF2BP1;CPEB1;NAT10;SRRT;C9orf78;CD2BP2;SRP9;RO60;MRPS12;LSM6;LUC7L;ZC3H18;PPP1R8;MRPL46;SNRPG;MRPS10;SF3B4;BYSL;DDX39B;CWC15;CIR1;NHP2;SND1;CTNNBL1;DDX1;NIP7;BOP1;JMJD6;SNRPB;DNTTIP2;MRPS23;ZMAT5;HNRNPK;WDR75;BUD13;HNRNPF;PHF5A;MRPS18C;HNRNPAB;SF3B5;RPP25;RBM14;MRPL2;RBMS2;WDR36;HNRNPC;MRPS2;HNRNPU;ACTN4;MRPL54;AURKAIP1;HNRNPM;TGS1;ELAVL1;MRPL34;DAZAP1;TRA2B;GADD45GIP1;IK;KRI1;RBM45;CELF2;PIN4;SNW1;SMU1;RUVBL2;MRPL36;NCBP1;SNRPA1;SF3A2;HTATSF1;RRP9;SSB;HSF1;ZFP36L1;MRPS22;EIF4E;SMG7;MRPL32;SNRPF;EIF3J;PRPF6;MRPL39;YBX1;L1TD1;TSR1;MRPS7;ESRP2;MRPL3;MRPL4;PUF60;MRPL21;HNRNPA2B1;FTSJ3;MAK16;NPM1;PA2G4;NUP98;LGALS3;IMP4;MRPL24;GCFC2;MRPL38;MRPS34;LSM7;PPIL2;BCAS2;NCL;SRP19;NOL6;DCAF13;HNRNPD;API5;SNRNP35;BUD31;TRMT10C;LSM2;NOP14;ZFP36L2;DKC1;RPP21;PCBP1;ESRP1;SLIRP;UTP14A;DNAJC17;ACD;HNRNPA0;CENATAC;FBL;UTP18;EIF3M;DDX5"
"GOCC_RIBONUCLEOPROTEIN_GRANULE",1,1,0.229157578351782,0.727013876569045,9347,679,"DDX3Y;SRY;AICDA;DDX4;MAEL;ANKRD34C;PIWIL1;POU4F2;TCIM;SNRPGP15;HSF4;NANOS3;SCARNA10;TDRD1;PDX1;NANOS2;RBFOX1;HSPB7;LPXN;FAM107A;IL15;SFMBT2;MEF2C;PIWIL3"
"GOCC_RIBOSOMAL_SUBUNIT",0.128110246267704,1,0.400335175499274,1.17277271350583,1003,177,"RPS4Y1;RPSA2"
"GOCC_RIBOSOME",0.5913859064544,1,0.319787584019962,0.95435242549295,4791,223,"RPS4Y1;OAS1;DAZL"
"GOCC_RIPOPTOSOME",0.707705779334501,1,0.481348591022182,0.829088478068567,4040,7,"RIPK3;CASP8"
"GOCC_RISC_LOADING_COMPLEX",0.82484000948092,1,-0.385064985003461,-0.717273083504091,3479,8,"AGO1;AGO3;DHX9;DICER1;AGO2;PRKRA;TARBP2;AGO4"
"GOCC_RIXOSOME_COMPLEX",0.526328052190121,1,-0.528964014660501,-0.960049502751118,2258,7,"SENP3;PELP1;LAS1L;TEX10"
"GOCC_RNA_CAP_BINDING_COMPLEX",0.957495504332189,1,0.298792214785753,0.612253187187846,5856,16,"EIF4EBP3;EIF4E1B;EIF4G3;EIF4B;EIF4E2;NCBP3;EIF4A2;NCBP2;EIF4E3;EIF4A1;EIF4G1;EIF4H;EIF4G2;EIF4E;NCBP1;OTUD6B"
"GOCC_RNA_DECAPPING_COMPLEX",0.658462635990726,1,0.529866592018675,0.883515826587013,3691,6,"DCP1B;DCP2;XRN1;DDX6"
"GOCC_RNA_N6_METHYLADENOSINE_METHYLTRANSFERASE_COMPLEX",0.906060606060606,1,0.349035433158162,0.661038047123552,5381,11,"METTL4;METTL14;RBM15;METTL5;CBLL1;METTL3;WTAP;TRMT112;VIRMA;RBM15B;ZC3H13"
"GOCC_RNA_POLYMERASE_COMPLEX",0.322021394319439,1,-0.339443657571649,-1.0464881236697,872,102,"TAF7L;TERT;POLA1;TAF12;PRIMPOL;POLR2F;POLR3H;GTF2H4;POLR3K;TAF11;GTF2H3;MNAT1;TAF5;POLR2G;POLR3E;POLR1D;POLR1B;TENT2;GTF2E1;GTF2A1;CCNH;GTF2A2;POLR3G;TAF1;CDC73;POLR1C;TAF3;POLR3B;TAF5L;ENY2;POLR2M;PEX2;POLR2E;POLR3D;LEO1;POLR1E;GTF2H2C;TAF4;POLR1G;POLR1A;POLR2L;ATXN7L3;GTF2F2;RTF1;RPAP1;GTF2E2;POLR2J;TADA3;POLR2C;POLR1H;POLRMT"
"GOCC_RNA_POLYMERASE_I_COMPLEX",0.164732593340061,1,-0.610530240715299,-1.27457175713859,652,13,"POLR2F;POLR1D;POLR1B;POLR1C;POLR2E;POLR1E;POLR1G;POLR1A;POLR2L;POLR1H"
"GOCC_RNA_POLYMERASE_I_TRANSCRIPTION_REGULATOR_COMPLEX",0.552445961319681,1,-0.538003367413377,-0.946478548923834,2427,6,"TAF1C;TAF1A;POLR1G;TAF1B"
"GOCC_RNA_POLYMERASE_II_CORE_COMPLEX",0.902383284361737,1,0.332784039311049,0.688677223606562,5527,17,"POLR2J2;MYZAP;POLR2J3"
"GOCC_RNA_POLYMERASE_II_TRANSCRIPTION_REGULATOR_COMPLEX",1,1,-0.230823439620691,-0.786780272490759,1795,254,"HOXB9;NEUROD1;RUNX3;THRB;TAF7L;POU2AF1;CEBPA;HLF;VDR;LIN37;HAND1;NR1H3;MYC;JUND;BATF2;MED21;RB1;NPAS2;RUNX1;ATF7;MED31;TAF12;GTF2H4;ASCL5;STAT5A;LIN52;MED10;TAF11;BACH2;GTF2H3;ATF3;NFATC2;MNAT1;FOSL2;ASCL2;MAFF;MED8;TAF5;TEAD2;SFPQ;THRA;PSPC1;RARA;TLE1;E2F8;MED28;MED27;MED18;GTF2E1;GTF2A1;CCNH;NR1H2;GTF2A2;MED26;LDB1;DDIT3;TAF1;E2F5;E2F4;LEF1;E2F1;TRIM28;MED22;FOXM1;MED9;HMGA1;NFYC;HNRNPAB;HIF1A;TAF3;TFDP2;HNRNPU;HYAL2;TAF5L;ENY2;SMAD7;MYBL2;CREM;TEAD1;MLXIP;TFDP1;MAFG;NOTCH1;GEMIN5;GTF2H2C;FOXH1;TAF4;MED15;RARB;RFXANK;TCF3;RXRB;BATF3;MED25;MED20;MED30;ATXN7L3;JUN;GTF2F2;MED24;RXRA;E2F3;CEBPZ;TCF15;MED19;GTF2E2;SMAD6;MED14;CEBPG;TADA3"
"GOCC_RNA_POLYMERASE_II_TRANSCRIPTION_REPRESSOR_COMPLEX",0.999724821133737,1,-0.205049261083744,-0.515357156437263,3632,30,"LIN37;MYC;MNT;LIN52;BIN1;E2F5;E2F4;TFDP2;TFDP1;MXD4;DRAP1;DR1;RBBP4;LIN9;MLX;FOXO3;RBL2;DDX20;E2F6;CTNNB1;ETV3;MAX;CTNNBIP1;MGA;MXD3;RBL1;LIN54;MXI1;TBX15;MXD1"
"GOCC_RNA_POLYMERASE_III_COMPLEX",0.209199584199584,1,-0.536726831140484,-1.20580972399587,804,18,"POLR2F;POLR3H;POLR3K;POLR3E;POLR1D;POLR3G;POLR1C;POLR3B;POLR2E;POLR3D;POLR2L"
"GOCC_RNA_POLYMERASE_III_TRANSCRIPTION_REGULATOR_COMPLEX",0.63791857383763,1,-0.438823997797143,-0.864016765403507,2647,10,"BRF2;GTF3C6;GTF3C5;BRF1;GTF3C2;GTF3C4;TBP;GTF3C3"
"GOCC_RNA_POLYMERASE_TRANSCRIPTION_FACTOR_SL1_COMPLEX",0.619702434625789,1,-0.525662207783836,-0.889691153936467,2748,5,"TAF1C;TAF1A;TAF1B;TBP"
"GOCC_RNAI_EFFECTOR_COMPLEX",0.447440836543753,1,-0.396314170086608,-0.99606964039833,1625,30,"MEG3"
"GOCC_ROD_PHOTORECEPTOR_OUTER_SEGMENT",0.125919439579685,1,0.764302427448015,1.31645619863835,718,7,"GUCY2F;CNGB1;ATP1A4;CNGA1"
"GOCC_ROUGH_ENDOPLASMIC_RETICULUM",0.783174603174603,1,-0.299752327826366,-0.858709450651627,2466,62,"MYOC;HGFAC;SYNE3;EPM2A;RP9;ZC3H12A"
"GOCC_ROUGH_ENDOPLASMIC_RETICULUM_MEMBRANE",0.706659328563566,1,-0.342625208581003,-0.8611313802585,2567,30,"EPM2A;RP9;ZC3H12A;TMEM97;SRP9;SEC61G;SEC61B;PLOD1;SEC63;UBA1;SSR2;SEC61A2;MACO1"
"GOCC_RPAP3_R2TP_PREFOLDIN_LIKE_COMPLEX",0.292073018254564,1,-0.560227004168005,-1.14942352626883,1167,12,"ASDURF"
"GOCC_RQC_COMPLEX",0.915813424345848,1,-0.326245770532144,-0.57394552188471,4024,6,"TCF25;UFD1;VCP;NPLOC4;NEMF;LTN1"
"GOCC_RSC_TYPE_COMPLEX",0.627166156982671,1,-0.40942842554551,-0.884757001710696,2460,15,"ACTL6B;ACTB;SMARCA4;ACTL6A;SMARCE1;BRD7"
"GOCC_RUFFLE",1,1,-0.14236490876143,-0.46952988471495,2151,184,"TLR4;PLEK;PSD4;SNTG1;VIL1;IFIT5;LCP1;RAB40B;PDLIM7;MTSS2;INPP5J;FGR;PTPRJ;TIRAP;DLC1;SH2D3C;ERBB2;SAMSN1;TESC;FERMT1;SPRY4;MYADM;PACSIN1;SNX9;TWF1;FGD3;CLIP1;KLHL2;BCAR1;NME1;FSCN1"
"GOCC_RUFFLE_MEMBRANE",1,1,0.157628800277775,0.434875305794345,7248,98,"PLA2G4F;PSD2;FAM107A;ADGRE2;FGD2;ITGB3;RIGI;PSD;KANK1;PLCG2;SH3YL1;EPS8;ABCA7;MYO6;EPS8L1;C2CD5;PDPN;MACF1;EGFR;CDKL5;TRPV4;ADAM17;ITGAV;JCAD;TPM1;ARHGEF4;FGD5;EPB41L5"
"GOCC_SAGA_COMPLEX",0.99952282487673,1,0.193099829315602,0.430790369142195,6283,25,"SUPT20HL1;KAT2B;TAF10;ATXN7;KAT2A;TADA2B;TAF6L;TRRAP;SUPT3H;TAF6;USP22;TADA1;TAF9;SF3B3;SUPT20H;TADA3;ATXN7L3;ENY2;TAF5L;SUPT7L;SF3B5;TADA2A;SUPT20HL2;SGF29;TAF12"
"GOCC_SAGA_TYPE_COMPLEX",0.999693815064299,1,0.18436958614052,0.446047861598352,6529,39,"SUPT20HL1;POLE4;KAT2B;TAF10;ATXN7;KAT2A;TADA2B;TAF6L;TAF2;MAP3K7;TRRAP;TAF7;MBIP;SUPT3H;TAF6;USP22;KAT14;TADA1;TAF9;TAF9B;POLE3;DR1;YEATS2;SF3B3;SUPT20H;TADA3;ATXN7L3;TAF4;ENY2;TAF5L;SUPT7L;SF3B5;ZZZ3;TADA2A;WDR5;TAF5;SUPT20HL2;SGF29;TAF12"
"GOCC_SARCOLEMMA",1,1,0.203191195151948,0.581697481342466,7605,137,"SGCA;SCN2B;VCAM1;ABCC9;ANXA8;POPDC2;CACNA1D;AKAP6;SGCD;CAV3;CACNB3;CACNG8;SGCG;AHNAK2;CASQ1;FXYD1;AHNAK;CACNA1S;SLC8A3;SLC8A2;ANK2;AQP4;SGCE;POPDC1;CLCN1;RYR3;OPRK1;ATP1B1;ANK1;ATP2B4;SLC2A4;CACNA2D2;BGN;UTRN;KCNJ11;CACNG7"
"GOCC_SARCOPLASM",0.615685726268698,1,0.339532510081115,0.922996499151351,4403,86,"CLEC18B;MRLN;CASQ2;AKAP6;SGCD;MEF2C;ATP2A1;NOL3;ITPR2;CASQ1;JPH4;TMEM38A;CACNA1S;THBS4;SLC8A3;ATP2A3;STRIT1;GSTM2;RYR3;SRL;H6PD;OPRK1;ANK1;SLC2A4;TRDN"
"GOCC_SARCOPLASMIC_RETICULUM_LUMEN",0.24030080328149,1,0.653283041825907,1.2099547635303,1405,10,"CASQ2;CASQ1;SRL;TRDN"
"GOCC_SARCOPLASMIC_RETICULUM_MEMBRANE",0.600703471478819,1,0.378736584811813,0.920125405652976,3927,40,"MRLN;CASQ2;AKAP6;ATP2A1;ITPR2;CASQ1;JPH4;TMEM38A;ATP2A3;STRIT1;RYR3;SRL"
"GOCC_SCAR_COMPLEX",0.919497784342688,1,-0.320809137407222,-0.645315889591217,3734,11,"NCKAP1L;WASF1;WASF3;ABI1;CYFIP2;ABI3;BRK1;CYFIP1;ABI2;NCKAP1;WASF2"
"GOCC_SCF_UBIQUITIN_LIGASE_COMPLEX",0.998611303985558,1,0.2249950302807,0.616736284918672,7190,92,"FBXO40;FBXL21P;FBXW12;FBXO43;FBXO48;FBXO24;FBXL8;FBXO8;FBXO17;LMO7;FBXO36;FBXL4"
"GOCC_SCHAFFER_COLLATERAL_CA1_SYNAPSE",0.999639899171768,1,-0.222625583667736,-0.677257244632565,2775,94,"CACNG2;NTNG2;GHRL;GSG1L;SHANK1;SYN2;NETO1;PLPPR4;IQSEC2;CHRM1;RHOB;ADRB1;PRKAR1B;ACTG1;PLAT;ACTB;SLC30A1"
"GOCC_SCHMIDT_LANTERMAN_INCISURE",0.359428852781881,1,-0.542520702242239,-1.09129444509775,1459,11,"NCMAP;CLDN5;SIRT2;MAG"
"GOCC_SEC61_TRANSLOCON_COMPLEX",0.65551763367463,1,-0.483398296751548,-0.850414971678265,2880,6,"SEC61G;SEC61B;SEC61A2;SEC61A1;SSR4"
"GOCC_SECONDARY_LYSOSOME",0.909336726578654,1,0.317278556394759,0.70782323793156,5716,25,"PLA2G5;HLA-DRA;NCF1;STX17;HLA-DRB1;PIK3C3;RAB39A"
"GOCC_SECRETORY_GRANULE",0.999894858584797,1,0.235857465306642,0.752655579072307,9509,785,"ORM1;ARG1;EQTN;KRTDAP;KLK3;DMBT1;ABCA12;SERPINA1;CEACAM6;SPAM1;SLC11A1;SRGN;CLEC3B;KLK15;MPO;DCST2;TRH;A2M;SIRPB1;TCP11X1;KLK4;PLG;PRSS57;GIP;ALB;TEX101;CHIT1;KLK11;CD33;BIN2;C5AR1;RPH3A;CLEC4D;SERPINB3;SPATA16;CRH;PNLIPRP2;SERPINF2;HRNR;ADGRG3;ITGAM;IRAG2;ENKUR;ITGB2;MGAM;HLA-H;NPFF;P2RX1;ITGAX;STING1;SPACA4;TF;AKAP3;TMEM184A;SPACA9;PTPRC;NFAM1;SPINK5;ACP3;GMFG;CALCR;PKDREJ;CD36;AZU1;CEACAM1;NPY;IZUMO1;ALOX5;TEX22;IQUB;EPHA5;SEMG1;ANGPTL6;FCER1G;CXCL1;QPCT;KLK7;LRRC7;SNAP25;SPACA6;TRPM2;PDGFA;PCSK2;FCGR2A;MYCBPAP;POMC;DMXL2;PTX3;ABCA3;CHGA;PCSK1N;RAB27B;CUZD1;ISLR;ITGB3;ACR;ECM1;FN1;MORN3;PTAFR;FGL2"
"GOCC_SECRETORY_GRANULE_MEMBRANE",0.912312312312312,1,0.2756088211482,0.83569623451879,7594,283,"EQTN;DMBT1;ABCA12;CEACAM6;SLC11A1;DCST2;SIRPB1;TEX101;CD33;C5AR1;CLEC4D;PNLIPRP2;ADGRG3;ITGAM;IRAG2;ITGB2;MGAM;HLA-H;P2RX1;ITGAX;STING1;SPACA4;TMEM184A;PTPRC;NFAM1;ACP3;PKDREJ;CD36;AZU1;CEACAM1;IZUMO1;FCER1G;SNAP25;SPACA6;TRPM2;FCGR2A;ABCA3;RAB27B;CUZD1;ITGB3"
"GOCC_SECRETORY_VESICLE",0.999896512470247,1,0.240518740149975,0.771598872814306,9661,980,"ORM1;ARG1;UNC13C;EQTN;KRTDAP;KLK3;DMBT1;ABCA12;SERPINA1;CEACAM6;TH;SPAM1;SLC11A1;SRGN;CLEC3B;KLK15;MPO;DCST2;SLC17A8;SYTL3;TRH;A2M;SLC18A3;SIRPB1;TCP11X1;KLK4;PLG;PRSS57;GIP;ALB;TEX101;CHIT1;KLK11;CD33;BIN2;C5AR1;RPH3A;CLEC4D;SERPINB3;SPATA16;CRH;PNLIPRP2;SERPINF2;HRNR;SYT15;SV2C;ADGRG3;ITGAM;IRAG2;ENKUR;ITGB2;MGAM;HLA-H;NPFF;P2RX1;ITGAX;STING1;SPACA4;TF;AKAP3;TMEM184A;SPACA9;PTPRC;NFAM1;SPINK5;ACP3;GMFG;CALCR;PKDREJ;CD36;CPLX3;AZU1;CEACAM1;NPY;IZUMO1;NGF;SLC32A1;ALOX5;TEX22;IQUB;EPHA5;SLC6A2;SYNDIG1;SEMG1;APBA1;ANGPTL6;FCER1G;CXCL1;QPCT;KLK7;LRRC7;SNAP25;SPACA6;TRPM2;PDGFA;PCSK2;FCGR2A;MYCBPAP;POMC;KCNK9;DMXL2;DGKI;PTX3;ABCA3;KIRREL3;CHGA;PCSK1N;RAB27B;CUZD1;ISLR;ITGB3;PDE4B;ACR;ECM1"
"GOCC_SEH1_ASSOCIATED_COMPLEX",0.894373149062192,1,0.341271310506422,0.688972145247961,5435,15,"SZT2;CASTOR2;CASTOR1;SESN3;SESN1;SESN2;NPRL2;NPRL3"
"GOCC_SEMAPHORIN_RECEPTOR_COMPLEX",0.970191082802548,1,-0.270037381181296,-0.573209762088967,3807,14,"PLXNB3;PLXNA4;TREM2;ERBB2"
"GOCC_SEPTIN_CYTOSKELETON",0.937941473259334,1,-0.305565170570363,-0.637912277560442,3717,13,"SEPTIN10;SEPTIN1;SEPTIN9;SEPTIN5;MAPK6;SEPTIN3;SEPTIN7;SEPTIN8;MAPKAPK5;SEPTIN11;SEPTIN2;SEPTIN6;SEPTIN4"
"GOCC_SERINE_PALMITOYLTRANSFERASE_COMPLEX",0.96507003285492,1,0.291510468902402,0.517206524998876,5580,8,"SPTSSB;ORMDL2;SPTLC2;SPTLC1"
"GOCC_SERINE_PROTEASE_INHIBITOR_COMPLEX",0.37292377701934,1,-0.636850060070037,-1.12037388099471,1638,6,"SERPINE1;KLK8;PLAT"
"GOCC_SERINE_TYPE_PEPTIDASE_COMPLEX",0.958639455782313,1,-0.277305899861042,-0.681445739143939,3522,27,"COLEC10;C3;FCN3;F8;F7;F10"
"GOCC_SEROTONIN_RECEPTOR_COMPLEX",0.972117108145788,1,-0.516395648329681,-0.685686954435377,4880,1,"HTR3A"
"GOCC_SET1C_COMPASS_COMPLEX",0.247451580020387,1,-0.541271280246096,-1.16966367048058,970,15,"DYDC1;DYDC2"
"GOCC_SEX_CHROMATIN",0.798462255358807,1,-0.402084054293075,-0.729767216085532,3426,7,"RING1;EED;RNF2;PCGF2;MACROH2A1;PHC1;SUZ12"
"GOCC_SEX_CHROMOSOME",0.159632456003738,1,0.523671947227119,1.23553853868088,1024,34,"MAEL;DMRTC2;SPDYA;PBX4;PLK4"
"GOCC_SHELTERIN_COMPLEX",0.19524697110904,1,-0.712351161165622,-1.29289017609293,837,7,"TERB1"
"GOCC_SIDE_OF_MEMBRANE",0.284349902322553,1,0.334622102215012,1.05714186118226,2619,604,"IL9R;MR1;CD22;CD274;CFB;CD163;PRND;LY6G6C;CUBN;CEACAM6;GLRA1;GRIA2;FCGR3A;TH;CNR2;SPAM1;AQP2;CD226;CEACAM7;HLA-DRB5;CXCR6;SCNN1B;UMODL1;CD209;CD3E;FCRLB;SLC22A11;F2;IL5RA;PLG;VCAM1;CX3CR1;FCGR2C;TEX101;CNTN5;CD33;IL2RG;STAB2;MSLN;CNTN6;RTN4RL1;CLEC4D;OTOA;IL31RA;TREH;CNTN3;CCR4;GNAT2;ITGAM;CD8A;CDH5;LY6L;ITGB2;HLA-H;LRRC24;P2RX1;ITGAX;GNG5B;SPACA4;FCGR1A;GNG13;CCR8;ACKR2;PTPRC;BTN2A3P;CLEC6A;THBD;FAS;CD36;CD200R1;CD34;CD1C;IL2RB;PRSS42P;OPCML;SCNN1G;BTN3A2;EPHA5;MPL;ALPP;RGS8;GFAP;FCER1G;GP1BA;BTN3A3;MASP1;ULBP1;FCGR2A;RTBDN;CFC1;TNFRSF10C;BCAN;SPA17;EFNA1;MYZAP;GFRA3;ASGR2;CDH13;ITGB3;GNG11;ERMAP;CD48;MOG;COLEC11;ACKR3;ALCAM;P2RX7;HLA-G;ALG9;LY75;GFRA1;CD79B;PTPN22;GHR;ATP1B2;ITGA2"
"GOCC_SIGNAL_PEPTIDASE_COMPLEX",0.868575293056808,1,-0.370794724902918,-0.627575621354335,3852,5,"SPCS2;SPCS1;SEC11C;SEC11A;SPCS3"
"GOCC_SIGNAL_RECOGNITION_PARTICLE",0.986496624156039,1,-0.234213070625061,-0.480537374195149,3944,12,"GJD2-DT"
"GOCC_SIN3_TYPE_COMPLEX",0.995746943115364,1,-0.207063711911357,-0.485167910766298,3745,22,"RBBP7;BRMS1;BRMS1L;CSNK2A1;ING1;MORF4L1;HDAC2;SUDS3;RBBP4;SIN3B;ARID4B;TET1;PHF12;SIN3A;SINHCAF;HDAC1;ING2;SAP130;SAP30;OGT;SAP30L;ARID4A"
"GOCC_SITE_OF_DNA_DAMAGE",1,1,-0.15970532268663,-0.512623948722751,2370,143,"RPA4;PARP3;XRCC4;RAD51;H2AX;ASF1A;WDR70;SIRT7;KDM4D;CGAS;MMS22L;HUS1;TP53BP1;RNF138;RAD54L;REV1;AIM2;ARPC5;HUS1B;ARPC4;POLK;ZBTB7A;NKX3-1;RPA2;MARCHF6-DT;PARP2;LIG3;ARPC3;KAT7;LMNA;CNTD1;PELI1;ADPRS;RAD50;RNF8;PARP1;HTATSF1;OARD1;SHLD3;MAD2L2;IFFO1;RBBP8;RPA1;EXD2;VCP"
"GOCC_SITE_OF_DOUBLE_STRAND_BREAK",0.913108057927961,1,-0.268680760725377,-0.829478143048481,2458,103,"RPA4;PARP3;XRCC4;RAD51;H2AX;ASF1A;WDR70;SIRT7;KDM4D;CGAS;MMS22L;HUS1;TP53BP1;RNF138;RAD54L;REV1;AIM2;ARPC5;HUS1B;ARPC4;ZBTB7A;RPA2;ARPC3;LMNA;CNTD1;PELI1;RAD50;RNF8;PARP1;HTATSF1;SHLD3;MAD2L2;IFFO1;RBBP8;RPA1"
"GOCC_SITE_OF_POLARIZED_GROWTH",0.999541914796152,1,-0.223901956121969,-0.732737327060157,2181,170,"STMN4;FRMD7;SCN11A;UNC5C;NRSN1;GRM6;CDK5R2;RASGRF1;CNR1;TRPC5;SIRT2;FGF13;LRRK2;MAP2;CRTAC1;GDPD5;INPP5J;DOCK7;FRY;NGEF;MAPK8IP1;TUBB3;SYAP1;ZPR1;WDR47;FKBP4;SLC2A13;MAPT;FSCN1;KIF21B;DTNBP1;KIF21A;DBN1;ERC2;STMN3;OLFM1;EPHA4;RTN4R;IGF2BP1;BASP1;NGFR;CBARP;CDK5R1;HSP90AA1"
"GOCC_SM_LIKE_PROTEIN_FAMILY_COMPLEX",0.999632082413539,1,-0.1955244342708,-0.600256992266066,2716,100,"SNRNP25;ZRSR2;GEMIN8;RN7SK;TXNL4B;TSSC4;PDCD7;ZMAT2;RBM42;RBMX2;SNRPB2;CLNS1A;SF3A3;SF3A1;SNRNP48;SNRNP27;PRPF31;PRPF4;CD2BP2;LSM6;LUC7L;SNRPG;SMN1;SF3B4;DDX39B;SNRPB;ZMAT5;BUD13;PHF5A;SF3B5;TGS1;SMN2;SNRPA1;SF3A2;HTATSF1;SNRPF;PRPF6;GEMIN5;LSM7;SNRNP35;LSM2;CENATAC;LSM3;FMR1;SF3B3;AAR2;STRAP;USP39;SNRPD1;SNRNP200;LUC7L3;SNRPD3;SNRNP40;GEMIN4;HEXIM1"
"GOCC_SMAD_PROTEIN_COMPLEX",0.91825519491671,1,0.351351831848426,0.636991297507318,5346,9,"SMAD5;SMAD4;SMAD3;SMAD1;SMAD9"
"GOCC_SMALL_NUCLEAR_RIBONUCLEOPROTEIN_COMPLEX",1,1,-0.163998010577953,-0.494112887653551,2850,87,"SNRNP25;ZRSR2;RN7SK;TXNL4B;TSSC4;PDCD7;ZMAT2;RBM42;RBMX2;SNRPB2;SF3A3;SF3A1;SNRNP48;SNRNP27;PRPF31;PRPF4;CD2BP2;LSM6;LUC7L;SNRPG;SF3B4;DDX39B;SNRPB;ZMAT5;BUD13;PHF5A;SF3B5;TGS1;SNRPA1;SF3A2;HTATSF1;SNRPF;PRPF6;LSM7;SNRNP35;LSM2;CENATAC;LSM3;SF3B3;AAR2;USP39;SNRPD1;SNRNP200;LUC7L3;SNRPD3;SNRNP40;GEMIN4;HEXIM1"
"GOCC_SMALL_SUBUNIT_PROCESSOME",0.992971887550201,1,-0.241991740296914,-0.71127308596695,2966,74,"EMG1;DHX37;NOC4L;IMP3;UTP11;RRP7A;RPS19BP1;UTP6;UTP14C;PNO1;RCL1;UTP15;NOL7;FSAF1;DIMT1;NAT10;DNTTIP2;WDR75;WDR36;RRP9;IMP4;NOL6;DCAF13;NOP14;UTP14A;FBL;UTP18;AATF;BMS1;RPS4X;UTP3;PDCD11;WDR43;EXOSC10;UTP4;XRCC5;UTP20"
"GOCC_SMC5_SMC6_COMPLEX",0.992443757513309,1,0.229718597566188,0.416473558015699,5778,9,"EID3;SMC5;SMC6;SLF2"
"GOCC_SMN_COMPLEX",0.333333333333333,1,-0.553905179076194,-1.11419461513346,1353,11,"GEMIN8;SMN1;SMN2;GEMIN5;FMR1;STRAP;GEMIN4"
"GOCC_SMN_SM_PROTEIN_COMPLEX",0.390622473726758,1,0.500233985455645,1.05773750680435,2415,19,"SNRPGP15;SNRPE"
"GOCC_SMOOTH_ENDOPLASMIC_RETICULUM",0.190710990933673,1,0.544256114363619,1.21419212666107,1198,25,"TH;FTCD;DMTN;CASQ1;JPH4;STX17;RYR3;NAPEPLD"
"GOCC_SMOOTH_ENDOPLASMIC_RETICULUM_MEMBRANE",0.519172462992688,1,0.601644241121394,1.00320008283698,2910,6,"FTCD;STX17;NAPEPLD;TTYH1"
"GOCC_SNARE_COMPLEX",0.999849714457469,1,0.195579649017828,0.4855405422887,6652,46,"STX11;CPLX3;STX19;SNAP25;STX17;STX16;STX12;BNIP1;BET1L;STX7;SNX4;STX5;STX18;STX8;STX1A;STX1B;TSNARE1"
"GOCC_SNO_S_RNA_CONTAINING_RIBONUCLEOPROTEIN_COMPLEX",0.194829931972789,1,-0.483205986074401,-1.18742031995803,715,27,"TERC;NOP10;RPP40;LSM6;NHP2;RPP25;RRP9;DKC1;FBL;RPP14;GAR1;SNRNP40"
"GOCC_SNRNA_ACTIVATING_PROTEIN_COMPLEX",0.860234445446348,1,-0.377138682763659,-0.638312864979746,3815,5,"SNAPC4;SNAPC5;SNAPC3;SNAPC1;SNAPC2"
"GOCC_SODIUM_CHANNEL_COMPLEX",0.396554449186028,1,0.45955150872395,1.04179066262105,2508,27,"SCNN1B;SCN2B;GRIK1;SCN4B;SCNN1G;SCN3A;SCN2A;SCN3B;SCNN1D;SCN7A;GRIK3;UNC80;UNC79"
"GOCC_SODIUM_POTASSIUM_EXCHANGING_ATPASE_COMPLEX",0.635181833141353,1,0.444466058070762,0.884787934858483,3859,14,"ATP4B;ATP1A4;ATP1B2;FXYD1;ATP1B1;FXYD3"
"GOCC_SOLID_PHASE_OF_BASEMENT_MEMBRANE",0.811852565646832,1,-0.374046959372279,-0.736474863654228,3369,10,"COL15A1;COL4A4"
"GOCC_SOLID_PHASE_OF_INTERSTITIAL_MATRIX",0.953865937952098,1,0.298442555477235,0.642580179267606,5933,21,"COL10A1;COL8A1;COL12A1;COL27A1;COL11A2;COL5A2;COL1A1;COL26A1;COL1A2;COL5A1"
"GOCC_SOMATODENDRITIC_COMPARTMENT",1,1,0.229542937436607,0.732805242148438,9519,807,"NLGN4Y;CHL1;CD22;IL1RAPL1;S100A5;GLRA1;ZNF804A;GRIA2;CACNG3;TH;CNR2;SLC22A4;HTR2A;GHRH;CD3E;SLC17A8;KCNA1;CX3CR1;NEUROG1;CACNA1F;ERMN;RPH3A;RTN4RL1;RIT2;CRH;TACR1;PSD2;GRM7;EPHA10;SKOR1;ADCY4;CYP46A1;CASR;NPFF;BGLAP;GRID1;GNG13;ASCL1;ADCY8;GABRB2;TMPRSS5;SRCIN1;ANG;CPNE6;EPHB3;HTR1F;KCNB2;GABRG1;GABRG3;NPY;SLC32A1;ANKS1B;EPHA5;SLC6A2;SYNDIG1;ELAVL4;APBA1;MPL;GABRA1;RGS8;ADRA2A;CAMK2A;GPM6A;NIN;EPHA6;STMN2;SNAP25;TRPM2;SEZ6;BRINP2;IAPP;KCNK9;DGKI;GRIP1;KIRREL3;PIEZO2;FRMPD4;CACNA1B;PDE4B;SHISA6;DSCAM;CPEB3;MAPK8IP2;CACNG8;CALB2;ALCAM;P2RX7;TENM2;TMPRSS3;PTCH1;GLRA3;GFRA1;RAB27A;SLC1A4;GPR37;GHR;KIFC2;HTR1D;PSD;HPN;TRIM9;C4B;GLRB;INPP5F;RTN4RL2;SORBS2;P2RX2;HTR6;SLC4A10;KLHL24;DRD4;NRGN;RGS7;GRM5;JPH4;GRIK3;SAMD14;VPS16;SRR;MME;PCDH8;SORL1;SLITRK2;HRH2;SLC8A3;CACNA1E;CLSTN3;COBL;KLHL14;NCF1;SLC8A2;MBP;SARM1;HCN1;L1CAM;FEZ1;PRKCG;KIFAP3;RGS7BP;FAT3;DNM3;DCP1A;SRGAP2;FZD3;SGCE;PTCHD1;HMCN2;TMEM266"
"GOCC_SORTING_ENDOSOME",0.977349741394685,1,0.286381387663477,0.477521119942046,5479,6,"NRP1;KDR;ARHGAP1"
"GOCC_SPECIALIZED_EXTRACELLULAR_MATRIX",0.481487469684721,1,0.46965718712748,0.993083310228258,2977,19,"ZP2;IMPG1;RBP3;HAPLN1;RTBDN;BCAN;HAPLN2;LAMA5;VCAN"
"GOCC_SPECIFIC_GRANULE",0.978936282253818,1,0.260478522324669,0.745051998692854,7435,136,"ORM1;ARG1;CHIT1;CD33;CLEC4D;ADGRG3;ITGAM;ITGB2;P2RX1;CD36;CEACAM1;CXCL1;QPCT;LRRC7;SNAP25;TRPM2;PTX3"
"GOCC_SPECIFIC_GRANULE_LUMEN",0.535287081339713,1,0.38127765365938,0.955231539647674,3579,49,"ORM1;ARG1;CHIT1;CXCL1;QPCT;LRRC7;PTX3;RAB27A;B2M;DNASE1L1;OSCAR"
"GOCC_SPECIFIC_GRANULE_MEMBRANE",0.995872033023736,1,-0.234900728136774,-0.697219674530449,2894,80,"CD93;CYBB;RAB44;TARM1"
"GOCC_SPECTRIN",0.92875670067439,1,0.339851690071674,0.602974954205898,5370,8,"PRKCB;EPB41L2;SPTBN4;SPTB"
"GOCC_SPECTRIN_ASSOCIATED_CYTOSKELETON",0.828114478114478,1,0.388910401726678,0.736557231846842,4918,11,"DMTN;ANK1;SPTB;ADD3;RHBG"
"GOCC_SPERM_ANNULUS",0.353489921705814,1,0.573351553186566,1.10745074708058,2121,12,"ADGB;DNAH7;DNHD1;SEPTIN4;SEPTIN6;SEPTIN2"
"GOCC_SPERM_END_PIECE",0.691207201414564,1,0.396704868043749,0.854149921133916,4299,21,"PACRG;FSIP2;DNAJB13;SPACA9;SAXO1"
"GOCC_SPERM_FIBROUS_SHEATH",0.261102193686463,1,0.719392965194741,1.19953792116509,1463,6,"AKAP3;GSTM3;SPA17;TSGA10"
"GOCC_SPERM_HEAD",0.0538720538720539,1,0.751742072831326,1.42372396770345,319,11,"PCDH11Y;RHO;CCDC38;TACR1;CST11"
"GOCC_SPERM_HEAD_PLASMA_MEMBRANE",0.708502808444703,1,0.617045301916612,0.866219275877137,3657,2,"RHO"
"GOCC_SPERM_HEAD_TAIL_COUPLING_APPARATUS",0.948001299967501,1,0.305469513821516,0.639852586938575,5833,18,"FSIP2;DNAJB13;CCDC159;SPATA6L;TEKT2;CCDC146"
"GOCC_SPERM_MIDPIECE",0.166332378223496,1,0.450218064024001,1.18993332161976,1160,70,"PCDH11Y;NME8;RHO;ADGB;PACRG;FSIP2;TACR1;DNAJB13;ENKUR;ATP1A4;AKAP3;SAXO1;MYCBPAP;TEKT2;CATSPERZ;LRRC46;HYAL3;DNAH7"
"GOCC_SPERM_MITOCHONDRIAL_SHEATH",0.467353951890034,1,-0.679037541618886,-1.05316214479249,2175,3,"SPATA33;HSP90AA1"
"GOCC_SPERM_PLASMA_MEMBRANE",0.583902263744161,1,0.590384016292663,0.951835952057635,3249,5,"RHO;ABHD2"
"GOCC_SPERM_PRINCIPAL_PIECE",0.493678417373197,1,0.388981747039904,0.98006534142121,3318,51,"NME8;PACRG;FSIP2;CATSPERE;DNAJB13;ENKUR;TTC29;AKAP3;SLC9B1;TEKT2;SPA17;CATSPERG;CATSPERZ"
"GOCC_SPERMATOPROTEASOME_COMPLEX",0.775873326803787,1,0.382045813096916,0.790621600719779,4752,17,"PSMB9;PSMB8"
"GOCC_SPHERICAL_HIGH_DENSITY_LIPOPROTEIN_PARTICLE",0.426510369702435,1,-0.639583708364605,-1.08250499866231,1891,5,"PON1"
"GOCC_SPINDLE",1,1,-0.0726228611610282,-0.25759960092486,1214,416,"OR2A4;PLK5;RSPH1;ANKRD53;MAPK15;CAPN6;MYC;SIRT2;BCL2L10;DAPK3;RB1;HSPA2;CFAP53;CLTCL1;SPAG8;NSMCE1;EML1;NDE1;MICAL3;AFG2B;FRY;TTC28;RAE1;SGF29;TUBB6;TUBGCP3;TBL1X;DYNLT2B;INO80;SPOUT1;HAUS7;TUBB3;SAC3D1;SHCBP1;ODF2;CEP89;STAG1;KATNBL1;CHMP6;KLHL21;TBCK;CAMSAP1;SNCG;SEPTIN1;STAG2;KATNAL1;LSM14A;FAM83D;NDEL1;E4F1;DYNC1LI1;FMN2;CALM2;DCDC2;TUBB4A;WDR5;TADA2A;BCCIP;CDC14A;RMDN2;CHMP1A;CCAR2;CENPV;MTCL1;ZZZ3;PPP2CB;DCUN1D5;CHMP4B;NSL1;NSUN2;SBDS;HNRNPU;KATNB1;PINX1;CTDP1;MCRS1;MAP7D1;WDR62;IK;CDC25B;CDK1;PIN4;MAD2L1;TMEM201;CEP85;HSF1;TRAPPC14;DYNC1I1;MAP7D3;TTLL12;CHMP4A;CRMP1;TTK;CIAO2B;NPM1;KIF18B;MZT2B;NUDC;MAD2L2;BOD1;EMD;MAPRE2;CLTA;CHMP2B;CALM1;CDC42;SPAG5;NCOR1;SPDL1;CDC6;PPP2CA;KNSTRN;DCTN1;JTB;NUBP2;MISP;LUZP1;CDC20;HAUS3;TADA3;CBX1;TACC3;DIAPH3;ZW10;YEATS2;BRCC3;SKA3;AKT1;ALMS1;ARL3;PLK1;ATAT1;MIS12;TOPBP1;LATS1;KIF3B;DR1;MAEA;AFG2A;ERCC2;CUL3;RCC2;HAUS2;KIF15;PSRC1;WDR73;CHMP7;CALM3;MAPRE3;SMC1A;UNC119;TTC23L;DYNLL1;KATNA1;TUBB4B;ESPL1;MMS19;ZNF207;EML2;SMC3;DDX11;PRPF19;AUNIP;MAP4;CDC16;CCDC117;KIF2C;SLC25A5;NEIL2;NEK2;TUBB;TBL1XR1;BEX4;RASSF10;CHMP1B;MAPRE1;CSPP1;KANSL3;ZWILCH;CEP44;HDAC3;TUBGCP2;CENPE;CIAO1;CCDC69;RAB11FIP4;USP44;KIF2A;HAUS8;INCENP;KIF23;KAT14;NEK6;KLHL22;AURKB;CCNB1;BNIP2;PKD2;DIAPH1;HAUS6;CDCA8;CEP162;HSPB1;DYNLT3;CTTN;ARHGEF7;CHAMP1;PHLPP2;MID1;CEP295;MBIP;AURKA;VPS4A;MYH10;RMDN3;ANAPC7;FBXO5;HAUS5;MAK;RALBP1;IKBKG;CENPF;MZT1;CDC14B;KIF20A;TUBB2B;NUP85;CEP19;KAT5;UHRF1;TPX2;TBCCD1;CEP63;TOPORS;PMF1;NEDD1;SEPTIN7;POLB;MAD2L1BP;TUBGCP6;PTP4A1;ECT2;DIDO1;CSNK1A1;NUSAP1;CTNNB1;EML4;CBX3;RTRAF;RACGAP1;BIRC5;CLTC;ARL8B;MAP9;RMDN1;CHMP5;SKA1;PLK2;KIF22;MAPK1;CLASP2;INVS;RANGAP1;DCTN3;CEP128;DSN1;RAB11A;CHMP3;KIF18A;ANAPC5;RGS14;MYH9;MZT2A;FLCN;NME7;CEP95;ARL8A;ENKD1;NUP62;CSNK1D;CCDC66;PAFAH1B1;CKAP5;KIF20B;LIMK2;ATM;FAM161A;ARL2BP;MAP1S;KLHL42;CKAP2;TERF1;AAAS;NEDD9;NEK7;DLGAP5;KIFC1;KIF11;CDC27;RAD21;PARP4;TTL;ABRAXAS2;CLASP1;UXT;NR3C1;HAUS1;TUBG1;LATS2;CEP170;KIF14;PRC1;BUB1B;KNTC1;SGO1;GOLGA2;UBXN2B;TPT1;AGBL5;VPS4B;KIF4A;BBLN;LEMD2;CDK5RAP2;PKP4;RASSF1;STX1B;KAT2A;TNKS;MAPKBP1;SPIN1;EML3;SKA2;RIF1;EVI5;GEM;CHMP2A;DCTN4;CYLD;RPS3;HASPIN;TUBB2A;MAPK14;MAD1L1;MAP2K5;ARHGEF2;ANXA11;BORA;TUBGCP4;DYNLT1;SPECC1L;GIT1;TPPP;DNAAF1;YPEL5;KIF16B;HMMR;SMC6;TPR;FIRRM;RAB24;CKAP2L;WNK1;SPAST;POC1A;SEPTIN2;EFHC1;PKHD1;RPS6KA2;DYNC2I1;TUBGCP5;KBTBD8;FAM110A;CCDC57;ASPM;CEP104;MTUS1;TUBB1;ALPK1;SEPTIN6;CNTRL;MAP10;NUMA1;CAPG;SPICE1;PLK3;KANSL1;HAUS4;CEP350;BIRC6;KIF3A;CDC7;CCSAP;TUBG2;POC1B;KPNA7;KIFAP3;CHMP4C;ACOT13;PLEKHG6;FBF1;KAT2B;NUDCD2;INPPL1;GPSM2;KATNAL2;CEP250;HECW2;FAM110C;NIN;DCDC1;AURKC;IRAG2;TUBB8B;KASH5;TUBB8"
"GOCC_SPINDLE_MICROTUBULE",1,1,0.151787435887548,0.410951504520564,7116,83,"AURKC;CHMP4C;KIFAP3;TUBG2;CCSAP;KIF3A;HAUS4;NUMA1;CCDC57;FAM110A;CHMP2A;SKA2;EML3;BBLN;KIF4A;KNTC1;PRC1;TUBG1;HAUS1;CLASP1;TTL;PARP4;KIF11;MAP1S;FAM161A;PAFAH1B1;CSNK1D;KIF18A;CHMP3;RAB11A;CLASP2;SKA1;CHMP5;RMDN1;MAP9;CLTC;BIRC5;POLB;HAUS5;RMDN3;AURKA;CEP295;DYNLT3;HAUS6;AURKB;KLHL22;HAUS8;KIF2A;CENPE;ZWILCH;MAPRE1;CHMP1B;MAPRE3;CALM3;CHMP7;PSRC1;HAUS2;CUL3;KIF3B;PLK1;ARL3;SKA3;ZW10;HAUS3;MISP;CALM1;CHMP2B;BOD1;KIF18B;CHMP4A;CDK1;HNRNPU;CHMP4B;MTCL1;CENPV;CHMP1A;RMDN2;CALM2;KLHL21;CHMP6;HAUS7;TUBGCP3"
"GOCC_SPINDLE_MIDZONE",0.936748712077848,1,-0.278343229708875,-0.73121942751628,3272,38,"OR2A4"
"GOCC_SPINDLE_POLE",1,1,-0.084504316184725,-0.278156306922963,2150,181,"OR2A4;PLK5;ANKRD53;CFAP53;NSMCE1;EML1;NDE1;FRY;TTC28;RAE1;TUBGCP3;DYNLT2B;SPOUT1;ODF2;CEP89;STAG1;KATNBL1;KLHL21;STAG2;KATNAL1;FAM83D;DYNC1LI1;CALM2;BCCIP;CDC14A;RMDN2;MTCL1;PPP2CB;NSL1;SBDS;HNRNPU;KATNB1;CTDP1;MCRS1;WDR62;IK;CDC25B;MAD2L1;TMEM201;CEP85;HSF1;DYNC1I1;NPM1;BOD1;EMD;CALM1;SPAG5;SPDL1;CDC6;PPP2CA;KNSTRN;DCTN1;NUBP2;MISP;CDC20;TACC3;DIAPH3;ZW10;BRCC3;ALMS1;PLK1;MIS12;TOPBP1;LATS1;CUL3;KIF15;PSRC1;WDR73;CALM3;SMC1A;UNC119;KATNA1;SMC3;DDX11;AUNIP;NEK2;BEX4;RASSF10;MAPRE1;CSPP1;KANSL3;CEP44;TUBGCP2;KIF2A;HAUS8;NEK6;KLHL22;AURKB;CCNB1;BNIP2;ARHGEF7;AURKA;VPS4A;RMDN3;RALBP1;IKBKG;CENPF;CDC14B;CEP19;KAT5;TPX2;TBCCD1;CEP63;TOPORS;PMF1;NEDD1;TUBGCP6;CTNNB1;RMDN1;PLK2;CEP128;DSN1;RAB11A;RGS14;CEP95;ENKD1;NUP62;CKAP5;KIF20B;FAM161A;CKAP2;AAAS;NEDD9;NEK7;DLGAP5;KIF11;RAD21;ABRAXAS2;UXT;HAUS1;TUBG1;LATS2;PRC1;KNTC1;SGO1;GOLGA2;UBXN2B;TPT1;VPS4B;CDK5RAP2;PKP4;RASSF1;TNKS;MAPKBP1;DCTN4;MAPK14;MAD1L1;TUBGCP4;GIT1;DNAAF1;YPEL5;SMC6;CKAP2L;SPAST;POC1A;EFHC1;DYNC2I1;TUBGCP5;FAM110A;ASPM;CEP104;ALPK1;CNTRL;MAP10;NUMA1;PLK3;KANSL1;BIRC6;POC1B;PLEKHG6;FBF1;NUDCD2;INPPL1;GPSM2;KATNAL2;CEP250;FAM110C;NIN;AURKC;IRAG2;KASH5"
"GOCC_SPINDLE_POLE_CENTROSOME",0.99796126401631,1,-0.188930343474749,-0.408270246508105,3915,15,"NDE1;SPOUT1;TMEM201;NPM1;EMD;NUBP2;MISP;BNIP2;AURKA;TBCCD1;DLGAP5;ABRAXAS2;UBXN2B;NUMA1;CEP250"
"GOCC_SPLICEOSOMAL_COMPLEX",0.998992950654582,1,-0.22549706819123,-0.754092843412516,1983,211,"SNRNP25;DQX1;U2AF1;ZRSR2;TXNL4B;HSPA8;KIN;U2AF1L4;PPIL3;WDR70;DHX8;CRIPT;TSSC4;AKAP17A;YJU2;TFIP11;PDCD7;ZMAT2;CWC27;CRNKL1;RBM42;ARMC7;RBMX2;ZNF830;SRSF1;SNRPB2;XAB2;RBM17;UPF1;RBMX;CLNS1A;SF3A3;BCLAF3;MTREX;SF3A1;U2AF2;SNRNP48;SNRNP27;PRPF31;PRPF4;C9orf78;CD2BP2;LSM6;LUC7L;PPP1R8;SNRPG;SF3B4;DDX39B;CWC15;CIR1;CTNNBL1;SNRPB;ZMAT5;HNRNPK;BUD13;HNRNPF;PHF5A;SF3B5;HNRNPC;HNRNPU;HNRNPM;TRA2B;IK;SNW1;SMU1;SNRPA1;SF3A2;HTATSF1;SNRPF;PRPF6;YBX1;HNRNPA2B1;LGALS3;GCFC2;LSM7;PPIL2;BCAS2;NCL;API5;SNRNP35;BUD31;LSM2;DNAJC17;CENATAC;DDX5;ESS2;LSM3;NKAP;RNF113A;SF3B3;AAR2;HNRNPH3;ALYREF;RBMXL1;SYNCRIP;USP39;CWC25;PLRG1;SNRPD1;SNRNP200;LUC7L3;SNRPD3;SNRNP40;PRP4K;RALY;YJU2B;MFAP1;SF1;RBM8A;HNRNPA3;PRPF19;PRPF38B;LSM8;EIF4A3;SNRPD2;HNRNPR;SNRPC;RBM22;PPWD1"
"GOCC_SPLICEOSOMAL_TRI_SNRNP_COMPLEX",0.849108789182545,1,0.322007845545317,0.775701943187921,5525,38,"SNRPGP15;SNRPN;SNRPE;SART1;SART3;PRPF8;LSM5;LSM4;SNU13;PRPF18;EFTUD2;TXNL4A;DDX23;PPIH;PRPF3;SNRPD2;LSM8;SNRNP40;SNRPD3;SNRNP200;SNRPD1;USP39;LSM3;CENATAC;LSM2;LSM7;PRPF6;SNRPF;SNRPB;SNRPG;LSM6;CD2BP2;PRPF4;PRPF31;SNRNP27;RBM42;ZMAT2"
"GOCC_SREBP_SCAP_INSIG_COMPLEX",0.581379621280433,1,-0.547839817986411,-0.927227091122952,2578,5,"INSIG1;SREBF1;SREBF2"
"GOCC_STEREOCILIA_COUPLING_LINK",0.490017513134851,1,0.594177218089574,1.02342770839481,2797,7,"PDZD7;USH1C;ADGRV1;WHRN"
"GOCC_STEREOCILIUM_BASE",0.986474301172227,1,-0.254719520166096,-0.431116600111206,4375,5,"TPRN;MYO7A;RDX;TRIOBP;PJVK"
"GOCC_STEREOCILIUM_BUNDLE",0.999130308740397,1,0.223651360594732,0.585552963480349,6892,66,"STRCP1;CLIC5;PDZD7;TSPEAR;ATP8B1;TRPA1;MORN4;PIEZO2;IDO1;CALB2;PKHD1L1;EPS8;MYO3B;RIPOR2;USH1C;PJVK"
"GOCC_STEREOCILIUM_MEMBRANE",0.584269662921348,1,0.569127747622563,0.948981083065965,3275,6,"PKHD1L1;RIPOR2;ADGRV1;MYO1C"
"GOCC_STEREOCILIUM_TIP",0.522734601741374,1,0.451565858644772,0.9650193666823,3241,20,"STRCP1;PDZD7;MORN4;PKHD1L1;EPS8;MYO3B;USH1C"
"GOCC_STRIATED_MUSCLE_THIN_FILAMENT",0.588682295877122,1,0.435409052708281,0.920666126737081,3640,19,"LMOD2;TMOD4;TTN"
"GOCC_SUBCORTICAL_MATERNAL_COMPLEX",0.0674030658250676,1,-0.848490901320081,-1.43608354932468,298,5,"NLRP2;KHDC3L;OOEP"
"GOCC_SULFURTRANSFERASE_COMPLEX",0.420549860205033,1,-0.584966405598273,-1.06169170540112,1804,7,"LYRM4;CTU1;FXN;MOCS2;NDUFAB1"
"GOCC_SUMO_LIGASE_COMPLEX",0.992248062015504,1,-0.212945158064764,-0.436901778499904,3967,12,"NSMCE1;UBE2I;NSMCE3;NSMCE2;NSMCE4A;SLF1;RANBP2;RANGAP1;SLF2;SMC6;SMC5;EID3"
"GOCC_SUPER_ELONGATION_COMPLEX",0.445871232388086,1,0.637366293029676,1.06276412913567,2499,6,"AFF3;AFF1;EAF2;AFF4"
"GOCC_SUPRAMOLECULAR_COMPLEX",1,1,0.161315107147307,0.522495460748395,9922,1666,"DDX3Y;SRY;AICDA;DDX4;FBP2;TUBA3D;CFAP206;ZNF804A;MAEL;LMNTD1;TMEM232;SAA1;CIMAP1A;CFAP144;HTR2A;ANKRD34C;PIWIL1;KRTAP9-2;LMOD2;POU4F2;TCIM;SPMIP10;KRTAP5-10;KRT72;SNRPGP15;HSF4;ABCC9;NANOS3;KRTAP10-6;KRTAP10-8;TUBB8;PACRG;MYH15;SCARNA10;CASQ2;TMOD4;SYNPO2L;TCAP;KIF4B;NICN1;TUBA4B;CACNA1D;POTEE;CFAP210;FLACC1;TDRD1;TUBB8B;PDX1;ADAMTSL5;ENKUR;POTEF;NANOS2;AURKC;RBFOX1;SYBU;COL10A1;HSPB7;TTLL9;LPXN;MYOM1;FAM107A;IL15;WAS;SFMBT2;MEF2C;SPACA9;KRTAP19-1;PIWIL3;KRT15;ACKR2;ATP2A1;KIF19;CAV3;ANG;EFHB;DCDC1;MYH3;SAXO1;CFAP77;CFAP90;TOGARAM2;ANKS1B;FBN3;XIRP2;COL8A1;NAV3;TTN;GFAP;IQCH;RP1L1;SAXO2;RBM20;NIN;DNAH3;TCP11L2;TEKT5;DMTN;MSX2;FAM110C;FAM161B;NRP1;COL6A3;MEOX2"
"GOCC_SUPRAMOLECULAR_POLYMER",1,1,-0.190842195611202,-0.704361756829386,411,877,"KRT87P;KLHL40;POTEKP;MYL1;MYH7B;MYL2;CIMIP2A;KRTAP4-9;MYOT;MYH4;PRPH;MYPN;SCTR;KRTAP5-4;MYOD1;KRT83;PGM5;KRTAP10-2;KRTAP10-12;SPMIP9;SPAG17;TUBAL3;MYOM3;DNAH6;MYL4;IGFN1;ANKRD1;MYBPHL;MYBPC3;TMSB15C;NRAP;FBXO32;RIBC1;DCDC2C;POTEI;CFAP45;SCN1A;ARHGAP6;MNS1;MYO1A;KCNE1;RSPH1;RADIL;C10orf71;CRYAB;TTLL6;CIMAP1D;MYH11;RAC2;TNNT3;NCKAP5;DCDC2B;FLNC;KRT86;CRHBP;TRIM63;TEKT4;KRT80;ACTL8;KIF27;DNAL1;BCL2L11;MFAP5;KIF6;TOGARAM1;PKP1;TNNC2;ADAMTS10;TNNI1;RASSF5;ACTC1;ANXA1;CFAP161;MYO3A;PDLIM4;LCP1"
"GOCC_SWI_SNF_COMPLEX",0.999724821133737,1,-0.207559355624387,-0.52166586088232,3632,30,"ACTL6B;RB1;ACTB;NCR1;SMARCA4;ACTL6A;SMARCE1;BICRA;DPF2;BCL7A;BCL7C"
"GOCC_SWI_SNF_SUPERFAMILY_TYPE_COMPLEX",0.997816593886463,1,-0.227676173452785,-0.695968294226683,2741,97,"EP400P1;CHD5;ACTL6B;DPF1;RB1;RBBP7;ACTB;NCR1;INO80;SMARCA1;SMARCA4;ACTL6A;CDK2AP1;SMARCE1;DMAP1;BICRA;DPF2;BCL7A;VPS72;BCL7C;MCRS1;BRD7;RUVBL2"
"GOCC_SWR1_COMPLEX",0.0632008154943935,1,-0.668777133842359,-1.44519826869047,247,15,"EP400P1"
"GOCC_SYMBIONT_CELL_SURFACE",0.623063973063973,1,0.471467839269923,0.892912725027908,3700,11,"CFB;GBP1;MASP1;C4B;MASP2;C1R"
"GOCC_SYMMETRIC_SYNAPSE",0.125790463168689,1,0.713433224876846,1.32135976848235,735,10,"NLGN4Y;IQSEC3"
"GOCC_SYNAPSE",1,1,0.195602756538309,0.633293786966176,9918,1643,"NLGN4Y;GAD2;UNC13C;SGCA;IL1RAPL1;EGR3;GLRA1;ZNF804A;GRIA2;CACNG3;TH;CNR2;GAD1;HTR2A;GHRH;CDHR5;CD3E;SLC17A8;SCN2B;SLC18A3;CNTNAP4;KCNA1;CNGB1;PLG;ERBB4;C1QL4;CNTN5;CBLN2;DRD5;CNTN6;RPH3A;RIT2;FAIM2;LRFN5;CRH;TACR1;IL31RA;PSD2;GRM7;SLC6A12;POTEE;VWC2;GNAT2;TDRD1;CYP46A1;SV2C;KCTD16;NTS;CBLN3;POTEF;GPR50;CASR;PCDHB10;NPFF;P2RX1;COL13A1;ALDH1A1;IQSEC3;PCDHB9;FAM107A;GRID1;SGCD;GRIK1;GNG13;MEF2C;SLC1A2;PTPRC;HAPLN1;ADCY8;GABRB2;PCDHB11;SRCIN1;CAV3;STX11;HTR1F;PCDHB14;GABRG1;CPLX3;GABRG3;NPY;NGF;CDH8;NTN1;SLC32A1;ANKS1B;PLXNC1;OPCML;SLC6A2;GABRR1;SYNDIG1;TULP1;APBA1;GABRA1;RGS8;ADRA2A;CAMK2A;GPM6A;ATP2B3;MPZ;STX19;OLFM3;CALY;SLITRK1;SLITRK3;PAK5;LRRC7;SNAP25;CACNB3;SEZ6;DMTN;SRGAP3;SPHK1;NRP1;MYCBPAP;BEST1;KCNK9;CDH11;DMXL2;DGKI;WNT5A;CADM1;GRIP1;KIRREL3;BCAN;GABRP;HCRTR1;FRMPD4;SENP7;PCDHB13;CACNA1B;RAB27B;OPRL1;NXPH1;TRIM47;ITGB3;PDE4B;SLC16A7;LAMA3;TENM4;SYNJ1;SHISA6;DSCAM;CPEB3;PRKCB;MAPK8IP2;CACNG8;LRRTM1;SLC12A7;SH3KBP1;SGCG;CALB2;NRG3;P2RX7;LRRTM3;TENM2;LNX1;NPBWR1;NRXN3;PTCH1;GLRA3;NWD2;P2RX3;SLC1A4;NPY2R;GPR37;NEFL;EPB41L3;HTR1D;ATP1B2;ITGA2;BAALC;PSD;SV2B;PDE10A;TRIM9;C4B;GLRB;LAMA4;SORBS2;SYNGR4;P2RX2;HTR6;SYNGR1;SLC4A10;DOC2A;ADGRB3;GPSM2;DRD4;CADPS;DGKB;PDPK1;NRGN;RGS7;CADPS2;GRM5;MYLK2;NRN1;GRIK3;SAMD14;VPS16;PTPRN2;NPTX1;HAPLN2;SHC4;PCDH9;PRICKLE1;TLN2;SLITRK4;UTS2;AKAP7;MME;PCDHB16;PCDH8;C1QL2;SLITRK2;NTRK3;HRH2;AP3B2;SLC8A3;CACNA1E;RIMBP2;CLSTN3;SLC8A2;EPS8;CRHR1;MBP;MX1;GRIN2D;DIXDC1;SARM1;HCN1;LAMA5;PRKCG;FILIP1;ANK2;KCNAB2;KIFAP3;VCAN;AP1S1;RGS7BP;MCTP1;DNM3;PIAS3;MYRIP;BLTP1;SRGAP2;USH1C;FZD3;SDK1;SGCE;PTCHD1;NRCAM"
"GOCC_SYNAPSE_ASSOCIATED_EXTRACELLULAR_MATRIX",0.653872053872054,1,0.459222042013093,0.86972041520744,3883,11,"HAPLN1;BCAN;HAPLN2;LAMA5;VCAN;HAPLN3"
"GOCC_SYNAPTIC_CLEFT",0.79240184390399,1,0.353545697668825,0.794940829785932,4984,26,"C1QL4;CBLN2;CBLN3;CDH8;NXPH1;ADGRB3;NPTX1;C1QL2;LAMA5;PRSS12"
"GOCC_SYNAPTIC_MEMBRANE",0.7462482946794,1,0.294577245379903,0.915126837202544,6563,421,"NLGN4Y;GAD2;UNC13C;IL1RAPL1;GLRA1;GRIA2;CACNG3;CNR2;HTR2A;CNTNAP4;KCNA1;ERBB4;CNTN5;CNTN6;RPH3A;FAIM2;LRFN5;TACR1;IL31RA;GRM7;VWC2;KCTD16;CASR;P2RX1;COL13A1;IQSEC3;GRID1;GRIK1;SLC1A2;ADCY8;GABRB2;STX11;GABRG1;CPLX3;GABRG3;CDH8;SLC6A2;GABRR1;SYNDIG1;APBA1;GABRA1;ADRA2A;GPM6A;ATP2B3;STX19;SLITRK1;SLITRK3;LRRC7;SNAP25;NRP1;DGKI;GRIP1;PCDHB13;OPRL1;ITGB3;SLC16A7;SYNJ1;SHISA6;CACNG8;LRRTM1;LRRTM3;TENM2;NRXN3;PTCH1;GLRA3;GLRB;ADGRB3;DGKB;NRGN;RGS7;CADPS2;GRM5;GRIK3;SHC4;PCDH9;PCDH8;SLITRK2;NTRK3;SLC8A3;CLSTN3;CRHR1;GRIN2D;SARM1;HCN1;PRKCG;ANK2"
"GOCC_SYNAPTIC_VESICLE_MEMBRANE",0.806129159542286,1,0.298985237134622,0.856216715463434,6128,138,"UNC13C;SLC17A8;SLC18A3;RPH3A;SV2C;CPLX3;SLC32A1;SLC6A2;SYNDIG1;SNAP25;DMXL2;DGKI;RAB27B;SV2B;SYNGR4;SYNGR1;DOC2A;PTPRN2;MCTP1;BSN;PRRT1;OPRK1;SYNGR3;STX12;GRIA1;ATP8A1;ATP6V1A;BORCS5;ATP6V0A1;SYT6;SLC17A7;SYT1"
"GOCC_SYNAPTOBREVIN_2_SNAP_25_SYNTAXIN_1A_COMPLEX",0.785464098073555,1,0.44191542288579,0.761167669811509,4484,7,"SNAP25;STX1A;STX1B;VAMP1;NAPB;VAMP2"
"GOCC_SYNAPTONEMAL_STRUCTURE",0.361862323294407,1,0.440482800890134,1.06110260764826,2354,38,"HORMAD1;FAM9C;TEX12;KASH5;SMC1B;SYCP1;SYCE3;RNF212;SYCE2;C14orf39;SYCP2;SYCP2L"
"GOCC_T_CELL_RECEPTOR_COMPLEX",0.589736842105263,1,-0.39677146408756,-0.913326209282471,2240,20,"TRGC1;TRAV18;TRAV36DV7;CD3D;CD6"
"GOCC_T_TUBULE",0.996603890089534,1,-0.223049103890416,-0.621923162816354,3227,53,"CACNG1;CACNA2D4;SCN1A;CACNA2D3;KCNJ12;KCNJ2;SCN5A;SLC8A1"
"GOCC_T_UTP_COMPLEX",0.54061433447099,1,-0.545833291203073,-0.9602532859525,2375,6,"UTP15;WDR75;WDR43;UTP4"
"GOCC_TELOMERASE_HOLOENZYME_COMPLEX",0.1632110579479,1,-0.531346623043714,-1.24499038781458,613,22,"TERC;TERT;NVL;SMG6;NOP10;NAT10;NHP2;SNRPB;HNRNPC;HNRNPU;SMG7;DKC1;ACD;PTGES3;SMG5;GAR1;SNRPD3;WRAP53"
"GOCC_TERMINAL_BOUTON",0.391758824420542,1,0.4237577021036,1.03854013301928,2585,42,"UNC13C;GHRH;SLC18A3;CNGB1;CPLX3;NPY;SYNJ1;CALB2"
"GOCC_TERTIARY_GRANULE",0.991686460807601,1,0.251656455846621,0.71898708555765,7514,135,"ORM1;SLC11A1;CHIT1;CD33;CLEC4D;ITGAM;ITGB2;MGAM;ITGAX;CEACAM1;FCER1G;CXCL1;QPCT;SNAP25;TRPM2;PTX3;PTAFR;CST3;B2M;UBR4;PTPRN2;DSP;OSCAR;KCNAB2;ATAD3B;CR1;ATP11A"
"GOCC_TERTIARY_GRANULE_LUMEN",0.730873903840339,1,0.344704948192168,0.847996728485148,4833,43,"ORM1;CHIT1;CXCL1;QPCT;PTX3;CST3;B2M;OSCAR"
"GOCC_TERTIARY_GRANULE_MEMBRANE",0.770331435246021,1,0.324036153905412,0.839370128074872,5275,61,"SLC11A1;CD33;CLEC4D;ITGAM;ITGB2;MGAM;ITGAX;CEACAM1;FCER1G;SNAP25;TRPM2"
"GOCC_TETRASPANIN_ENRICHED_MICRODOMAIN",0.405229875235003,1,0.578259989014527,1.0710035060937,2370,10,"SCIMP;GP6;SAMHD1;TSPAN33;PDPN"
"GOCC_THO_COMPLEX",0.700113765642776,1,-0.460946575976506,-0.810916943622844,3076,6,"THOC3;THOC7"
"GOCC_TIGHT_JUNCTION",0.844069597556116,1,0.293909922029873,0.836334787101704,6354,131,"CLDN34;CLDN20;CLDN16;JAML;ILDR2;CDH5;IGSF5;CLDN9;PARD3B;WNK4;DSG3;RIGI;ASH1L;CLDN4;CLDN23;CLDN18;TJP3;TMEM114;CLDN15;CGN;POPDC1;MPP7;PMP22;C1QTNF5;NHS;CGNL1;ILDR1;TJP2;CLDN19;PARD6A;CLDN3;OCLN;MAGI3;TJP1;GJA1"
"GOCC_TIM22_MITOCHONDRIAL_IMPORT_INNER_MEMBRANE_INSERTION_COMPLEX",0.981611208406305,1,0.272157496058753,0.468771797426754,5604,7,"TIMM10;AGK;TIMM10B;TIMM29;TRMT10B;TIMM9;TIMM22"
"GOCC_TIM23_MITOCHONDRIAL_IMPORT_INNER_MEMBRANE_TRANSLOCASE_COMPLEX",0.97417034494033,1,0.282137087468267,0.578125273947329,5958,16,"TIMM10;GRPEL2;DNAJC15;TIMM21;TIMM17B;TIMM50;SLC25A6;TIMM23B;DNAJC19;HSPA9;ROMO1;PAM16;TIMM44;TIMM23;GRPEL1;TIMM17A"
"GOCC_TOM_COMPLEX",0.291935869825317,1,-0.606376674079249,-1.16756007037717,1219,9,"TOMM5;MUL1;TRABD;TOMM40;TOMM7;TOMM70"
"GOCC_TOR_COMPLEX",0.96574143535884,1,-0.27251749865395,-0.559126964502495,3861,12,"PRR5L;PRR5;AKT1S1;TTI1;RPTOR;MLST8;RICTOR;LARP1;MAPKAP1;MTOR;SESN2;SESN3"
"GOCC_TORC1_COMPLEX",0.849601820250284,1,-0.37603814211012,-0.661542392932524,3733,6,"AKT1S1;TTI1;RPTOR;MLST8;LARP1;MTOR"
"GOCC_TORC2_COMPLEX",0.957884661402249,1,-0.272486060373005,-0.52466372376376,4002,9,"PRR5L;PRR5;TTI1;MLST8;RICTOR;MAPKAP1;MTOR;SESN2;SESN3"
"GOCC_TRAMP_COMPLEX",0.812218214607755,1,-0.409518169678362,-0.693115631186708,3602,5,"TENT4B;MTREX;TENT4A;ZCCHC7"
"GOCC_TRANS_GOLGI_NETWORK",1,1,0.110722333812148,0.334938013115608,8291,271,"HLA-DRB5;MS4A7;TMEM45B;CLVS1;RBFOX1;ATP8B1;ARL5C;SLC24A5;SNX32;SNAP25;PCSK1N;TMEM79;MARCHF9;RAB7B;TRAPPC9;PLPP3;DOP1A;ATP8B3;DOP1B;HLA-DQB1;PCSK4;HLA-DRA;GOLT1A;MME;SORL1;AP1S1;OPTN;GSAP;GGA1;WIPI1;HLA-DRB1;LGR5;BIRC6;AP4B1;STX16;SLC2A4;TRAPPC6B;COG4;ATP8A1;SLC9A7;CHAC1;RHOBTB3;SYT17;YIPF4;SLC39A9;CD74;ARFGEF2;TTPAL;SLC35B2;CA4;GOLGA4"
"GOCC_TRANS_GOLGI_NETWORK_MEMBRANE",0.999623635679338,1,-0.19986685684952,-0.62281303385432,2655,110,"PLD4;HLA-DQA1;CABP7;ST3GAL1;FCMR;TEPSIN;CRACR2A;HLA-DPB1;COG5;RAB9A;PICK1;AP4S1;AP1S2;RABEPK;COG3;CLIP3;ATP2C2;RIC1;SYS1;HLA-DPA1;AP1S3;SCAMP2;KIF13A;AP1M1;SLC9A8"
"GOCC_TRANS_GOLGI_NETWORK_TRANSPORT_VESICLE",0.71140231962645,1,0.347073351021502,0.859216269959347,4722,45,"SLC18A3;RAB27B;RASSF9;NCALD;NRGN;AP1S1;AP4B1;SLC2A4;STEAP2;SYNRG;CLBA1;TGOLN2;IGF2R"
"GOCC_TRANS_GOLGI_NETWORK_TRANSPORT_VESICLE_MEMBRANE",0.585427532795954,1,0.407618464293748,0.924059875665091,3703,27,"SLC18A3;RASSF9;NCALD;NRGN;AP1S1;AP4B1;SYNRG"
"GOCC_TRANS_SYNAPTIC_PROTEIN_COMPLEX",0.257824658481757,1,0.675678229726865,1.19880836708964,1490,8,"CBLN2;GRID1;NRXN3"
"GOCC_TRANSCRIPTION_ELONGATION_FACTOR_COMPLEX",1,1,0.174286484612718,0.439126371216445,6722,51,"AFF3;AFF1;EAF2;EPOP;MLLT3;AFF4;ICE2;SUPT4H1;ELL3;CCNT1;TTF2;ELP2;CTR9;CCNK;ELOA;ERCC6;NELFA;NELFE;ELOB;TONSL;SUPT6H;AFF2;ICE1;SKIC8;NELFB;CDK12;CDK13;ELOC;CCNT2;SUPT16H;PAF1;ELL2;NUFIP1;EAF1;NELFCD;ELOF1;RTF1;LEO1;MLLT1;SNW1;PEX2;SUPT5H;ZC3H8;TCEA2;CDC73;SSRP1;ELP4;ELL;MMS22L;CDK9;RB1"
"GOCC_TRANSCRIPTION_EXPORT_COMPLEX",0.777863777089783,1,-0.357512190671906,-0.792744090569513,3014,17,"THOC3;THOC7;DDX39A;NXF1;DDX39B;ERH;SARNP;CHTOP;ALYREF"
"GOCC_TRANSCRIPTION_EXPORT_COMPLEX_2",0.805233219567691,1,-0.404760073823439,-0.712071244417247,3538,6,"ENY2;CETN2;PCID2;CETN3;SEM1;MCM3AP"
"GOCC_TRANSCRIPTION_FACTOR_AP_1_COMPLEX",0.518543799772469,1,-0.558629236999731,-0.982764461427028,2278,6,"JUND;NFATC2;FOSL2"
"GOCC_TRANSCRIPTION_FACTOR_TFIIA_COMPLEX",0.591841234840132,1,-0.562322183775471,-0.917376156571838,2683,4,"GTF2A1;GTF2A2;TBP;TBPL1"
"GOCC_TRANSCRIPTION_FACTOR_TFIID_COMPLEX",0.541747037751447,1,-0.37235469101831,-0.941992378122338,1965,31,"TAF7L;TAF12;GTF2H4;TAF11;GTF2H3;TAF5;GTF2E1;GTF2A1;GTF2A2;TAF1;TAF3"
"GOCC_TRANSCRIPTION_FACTOR_TFIIH_HOLO_COMPLEX",0.759939984996249,1,-0.384803408168409,-0.789505123898946,3038,12,"GTF2H4;GTF2H3;MNAT1;CCNH;GTF2H2C;ERCC2;MMS19;CDK7;ERCC3"
"GOCC_TRANSCRIPTION_FACTOR_TFIIIC_COMPLEX",0.800455062571104,1,-0.407951399569363,-0.717685561248883,3517,6,"GTF3C6;GTF3C5;GTF3C2;GTF3C4;GTF3C3;GTF3C1"
"GOCC_TRANSCRIPTION_FACTOR_TFTC_COMPLEX",0.937370062370062,1,-0.298815202338821,-0.671317802190583,3606,18,"TAF12;TAF5;TAF5L;ENY2;TAF4;ATXN7L3;TADA3;TAF9B;TAF9;USP22;TAF6;SUPT3H;TAF7;TRRAP;TAF2;KAT2A;ATXN7;TAF10"
"GOCC_TRANSCRIPTION_PREINITIATION_COMPLEX",0.88773965691221,1,-0.333916402984646,-0.697099648972186,3518,13,"BRF2;GTF2H3;GTF2A1;POLR2M;RECQL5;RPRD1B;BRF1"
"GOCC_TRANSCRIPTION_REGULATOR_COMPLEX",1,1,0.174033130068488,0.544977406367301,9008,492,"SOX17;TAL1;DMBX1;GFI1;SOX14;NKX2-5;POU4F2;GATA4;SIX6;TBX5;GATA6;HNF1B;IL37;SKOR1;FOXP2;ASCL1;NR5A1;SIX3;RBPJL;NR5A2;MSX1;CDX2;MYF6;SOX18;MAFB;POU3F2;PITX2;MSX2;TFEB;FOXF2;CHD3;NFATC4;FOXP3;LHX1;SPI1;ALX1;FOXE3;GSC;NFATC1;PPARG;H1-0;MXD1;ARID4A;SOX9;TBX15;KLF4;FOSL1;BORCS8-MEF2B;LDB2;RCOR3;EPAS1;SMAD5;MYB"
"GOCC_TRANSCRIPTION_REPRESSOR_COMPLEX",0.999584775086505,1,0.204805758828457,0.562944559019791,7221,94,"GFI1;IL37;CDX2;H1-0;MXD1;ARID4A;TBX15;RCOR3;MXI1;SPEN;LIN54;SMAD3;RELB;MDM2;SP1;HEY2;RBL1;DEPDC1;MXD3;CCND1;HDAC4"
"GOCC_TRANSFERASE_COMPLEX",1,1,-0.112096834433088,-0.416053583992376,335,981,"PRKAG3;KLHL40;POTEKP;KBTBD13;PHKG1;CDK15;ASB4;TERC;DYDC1;KLHL30;FBXO32;POTEI;TAF7L;BECN2;FBXO15;IFIT5;FBXL16;ACTL8;ACTL6B;CCIN;CDK5R2;DYDC2;DCAF12L2;CSNK2A3;KLHL6;ALG14;TGFB3;TREX1;CCNB3;FBXW10;TIFA;KDM6A;PRKX;KLHL4;IRAK4;SPSB1;ASB2;FBXO4;POMT1;RAD51;DTL;PRPS1;TERT;MED21;POLA1;PRKAR1B;RB1;ACTG1;RBBP7;ACTB;DAPK1;IPP;PIGA;MED31;CCNP;NSMCE1;FBXO28;TAF12;PRIMPOL;CCNE2;TRIM21;FBXW7;LYRM4;DPH1;TRAF6;NAA10;SMG9;POLR2F;POLR3H;ASF1A;UBXN8;SGF29;GTF2H4;CDK9;UBE2S;CTU1;ABTB1;CCNE1;UBE2A;DEPDC5;PIAS4;MED10;GID4;PIK3R4;HDAC9;POLR3K;TAF11;CDK19;CCNQ;KLHL18;MSL3B;PEX12;CDK14;FZR1;PKLR;GTF2H3;DCAF6;PIGH;FXN;PGGT1B;OSGEP;RNF20;PCGF3;NAA20;SUPT20HL2;MNAT1;ACTL6A;FBXL14;STUB1;FBXO31;SPOPL;TRMT61B;TAF5;AMN1;POLE;SENP3;UGT3A1;PDHA1;PFKFB4;SPTLC3;SPSB4;KLHL2;ALG13;KLHL21;CCNY;CACYBP;KLHL26;ING5;DPM2;FBXL20;AMBRA1;POLR2G;QTRT2;TRMT61A;GLMN;POLR3E;MORF4L2;KLHL10;CLNS1A;TP53RK;POLR1D;KCTD17;UBE2J2;ANAPC1;DCAF12;CDKN2D;POLR1B;BRAP;TENT2;DCAF12L1;PRKCI;ACVR1B;SPOP;RIOK1;GTF2E1;THUMPD2;KDM2B;PRKN;FBXL15;TGFBR1;GTF2A1;CCNO;YEATS4;WDR5;TADA2A;CCNH;KLHL13;GTF2A2;IRAK1;BCCIP;DCAF15;TRMT6;PRPF31;POLR3G;BRPF1;ZBTB7A;MRGBP;CDC26;TAF1;PELP1;DMAP1;SNRPG;HERPUD1;CDC73;CDK5R1;ZDHHC9;RANBP10;POLR1C;LAS1L;FBXO27;ZZZ3;WDR77;FBXL13;ANAPC13;SNRPB;DCUN1D5;NAA15;FBXL6;CHM;TEX10;CDK8;CSNK2A1;ELOVL6;KLHL20;SF3B5;KEAP1;SEL1L;TGFB2;VPS72;EZH2;TAF3;TANK;SUPT7L;BUD23;KAT7;POLG;MCRS1;POLR3B;DPM1;TAF5L;ENY2;KCTD10;CDK1;POLR2M;MED12;PEX2;SNW1;POLR2E;RUVBL2;PRMT5;MIB2;MYD88;FBXW4;TNFAIP1;RNF8;ASB7;POLR3D;TBK1;TRAF7;TFDP1;DCAF11;UBE3D;SNRPF;LEO1;RBCK1;KDM1A;POLR1E;EXT1;CUL1;KLHL29;ARMC8;PDK2;XRCC6;CDC23;HAT1;DLAT;GTF2H2C;ATG5;TRAF2;FEM1A;ERH;PIGY;OTULIN;PIGQ;ATG101;UBE2B;TAF4;MOCS2;BCKDK;UBR2;MAD2L2;KLHL25;PIK3CB;DPH2;PRKAR2A;POLR1G;THG1L;RING1;GNPTAB;BOD1;PAXIP1;DCAF13;UBE2L3;PHKA2;MKLN1;FBXO44;ZC3H13;CBX2;TRMT10C;UVRAG;CDK2;CCNF;DLST;ANKRD9;BECN1;PEF1;EED;VCP;UBE2I;POLR1A;MED30;POLR2L;ATXN7L3;CSNK2B;GTPBP3;KGD4;FBXL22;UGT3A2;KCTD5;SKP2;GTF2F2;RTF1;PCNA;ZER1;C9orf72;COMMD1;RNF2;METTL1;KDM2A;NDUFAB1;KMT2B;SOCS7;ATG13;PHF20;CDK18;TSPAN17;CCND3;FBXO10;POLD1;CDC20;RPAP1;STT3A;MAP3K5;CDK5;UBAC1;ENC1;GTF2E2;POLR2J;RBBP5;RNF40;TADA3;PIGU;POLR2C;CKS2;UBE2C;SUPT20H;POLR1H;DDA1;KCMF1;SF3B3;YEATS2;PDCD6;BRCC3;POLRMT;DLD;PRKACB;CNPPD1;PRMT1;IGF1R"
"GOCC_TRANSFERASE_COMPLEX_TRANSFERRING_PHOSPHORUS_CONTAINING_GROUPS",1,1,-0.15733418682698,-0.544225583889355,1571,310,"PRKAG3;PHKG1;CDK15;TERC;TAF7L;BECN2;IFIT5;CDK5R2;CSNK2A3;ALG14;TGFB3;CCNB3;PRKX;IRAK4;PRPS1;TERT;POLA1;PRKAR1B;RB1;DAPK1;CCNP;TAF12;PRIMPOL;CCNE2;SMG9;POLR2F;POLR3H;GTF2H4;CDK9;CCNE1;PIK3R4;POLR3K;TAF11;CDK19;CCNQ;CDK14;PKLR;GTF2H3;MNAT1;TAF5;POLE;UGT3A1;PFKFB4;ALG13;CCNY;POLR2G;POLR3E;POLR1D;CDKN2D;POLR1B;TENT2;PRKCI;ACVR1B;GTF2E1;TGFBR1;GTF2A1;CCNO;CCNH;GTF2A2;IRAK1;BCCIP;POLR3G;ZBTB7A;TAF1;CDC73;CDK5R1;POLR1C;LAS1L;CDK8;CSNK2A1;TGFB2;TAF3;TANK;POLG;POLR3B;TAF5L;ENY2;CDK1;POLR2M;MED12;PEX2;SNW1;POLR2E;MYD88;POLR3D;TBK1;LEO1;POLR1E;EXT1;XRCC6;GTF2H2C;ATG101;TAF4;MAD2L2;PIK3CB;PRKAR2A;POLR1G;GNPTAB;PHKA2;UVRAG;CDK2;CCNF;BECN1;POLR1A;POLR2L;ATXN7L3;CSNK2B;UGT3A2;GTF2F2;RTF1;PCNA;C9orf72;ATG13;CDK18;CCND3;POLD1;RPAP1;MAP3K5;CDK5;GTF2E2;POLR2J;TADA3;POLR2C;CKS2;POLR1H;POLRMT;PRKACB;CNPPD1;IGF1R"
"GOCC_TRANSFORMING_GROWTH_FACTOR_BETA_LIGAND_RECEPTOR_COMPLEX",0.792155094679892,1,-0.422936392332795,-0.715826173851607,3513,5,"TGFB3;TGFBR1;TGFB2"
"GOCC_TRANSLOCON_COMPLEX",0.547499401770759,1,-0.488416235087817,-0.94043078863214,2287,9,"SEC61G;SEC61B;SSR2;SEC61A2;SEC61A1;SSR4;SSR1;SSR3"
"GOCC_TRANSPORT_VESICLE",0.998318385650224,1,0.244702506818018,0.763969980634587,8904,459,"EEF1AKMT4-ECE2;UNC13C;GALNT15;ABCA12;TH;AQP2;HLA-DRB5;DEFA6;SLC17A8;SYTL3;SLC18A3;RPH3A;SEC16B;SYT15;SV2C;NTS;HLA-H;TMEM184A;CPLX3;CEACAM1;NGF;SLC32A1;AREG;SLC6A2;SYNDIG1;APBA1;SNAP25;PCSK2;KCNK9;DMXL2;DGKI;KIRREL3;CHGA;RAB27B;RASSF9;PDE4B;CRYZL2P-SEC16B;NCALD;HLA-G;RAB27A;ITPR2;SV2B;TRIM9;SYTL1;PCSK1;HLA-F;SYNGR4;VGF;SYTL2;SYNGR1;DOC2A;HLA-A;B2M;NRGN;HLA-DQB1;HLA-DRA;PTPRN2;NPTX1;SEC31B;MME;SORL1"
"GOCC_TRANSPORT_VESICLE_MEMBRANE",0.941965374298951,1,0.270949494865694,0.814902110484661,7725,252,"EEF1AKMT4-ECE2;UNC13C;ABCA12;AQP2;HLA-DRB5;SLC17A8;SLC18A3;RPH3A;SEC16B;SV2C;HLA-H;TMEM184A;CPLX3;CEACAM1;SLC32A1;AREG;SLC6A2;SYNDIG1;SNAP25;DMXL2;DGKI;RAB27B;RASSF9;CRYZL2P-SEC16B;NCALD;HLA-G;ITPR2;SV2B;HLA-F;SYNGR4;SYNGR1;DOC2A;HLA-A;B2M;NRGN;HLA-DQB1;HLA-DRA;PTPRN2;SEC31B"
"GOCC_TRANSPORTER_COMPLEX",1,1,0.197858723209784,0.62134688268114,9066,518,"KCNJ15;PKD2L1;KCNJ5;GLRA1;GRIA2;CACNG3;KCNIP4;SCNN1B;SLC17A8;ATP4B;SCN2B;KCNA1;CNGB1;ABCC9;ATP6V0D2;CACNA1F;KCNG2;CASQ2;BEST2;KCNH7;CATSPERE;CACNA1D;VWC2;TRPC7;ATP1A4;CLIC5;AKAP6;GRID1;GRIK1;TRPC3;LRRC26;ATP8B1;SCN4B;ATP2A1;GABRB2;KCNB2;GABRG1;GABRG3;KCNV1;SCNN1G;GABRR1;GABRA1;SCN3A;SCN2A;OLFM3;SNAP25;CNGA1;CACNB3;BEST1;TRPC6;GABRP;CATSPERG;CACNA1B;PDE4B;CLIC6;CATSPERZ;SHISA6;LRRC55;KCNJ6;CACNG8;SCN3B;SCNN1D;GLRA3;SLC7A9;CFTR;GPR89B;ATP1B2"
"GOCC_TRAPP_COMPLEX",0.996396396396396,1,-0.203592584044927,-0.445398898670295,3870,16,"TRAPPC4;TRAPPC10;TRAPPC2;TRAPPC14;TRAPPC13;TRAPPC3;TRAPPC12;TRAPPC5;TRAPPC8;TRAPPC2L;TRAPPC1;TRAPPC6A;TRAPPC11;TRAPPC2B;TRAPPC6B;TRAPPC9"
"GOCC_TRAPPII_PROTEIN_COMPLEX",0.996249062265566,1,-0.203561264518114,-0.417648747263859,3983,12,"TRAPPC4;TRAPPC10;TRAPPC2;TRAPPC14;TRAPPC13;TRAPPC3;TRAPPC5;TRAPPC2L;TRAPPC1;TRAPPC2B;TRAPPC6B;TRAPPC9"
"GOCC_TRAPPIII_PROTEIN_COMPLEX",0.913728432108027,1,-0.322282901315283,-0.661231154746107,3653,12,"TRAPPC4;TRAPPC2;TRAPPC13;TRAPPC3;TRAPPC12;TRAPPC5;TRAPPC8;TRAPPC2L;TRAPPC1;TRAPPC6A;TRAPPC11;TRAPPC2B"
"GOCC_TRICARBOXYLIC_ACID_CYCLE_HETEROMERIC_ENZYME_COMPLEX",0.801783439490446,1,-0.363615384615385,-0.771848279654808,3146,14,"BCKDK;DLST;IDH3A;KGD4;DLD;IDH3B;SUCLG1;ABHD11;OGDH;IDH3G;KAT2A;OGDHL;SUCLA2;SUCLG2"
"GOCC_TRNA_INTRON_ENDONUCLEASE_COMPLEX",0.387285843101894,1,-0.660926626802317,-1.11862820754445,1717,5,"TSEN34;TSEN15;TSEN54"
"GOCC_TRNA_METHYLTRANSFERASE_COMPLEX",0.544597349643221,1,-0.43535725418738,-0.940788071503872,2136,15,"TRMT61B;TRMT61A;THUMPD2;TRMT6;BUD23;TRMT10C;METTL1;TRMT112"
"GOCC_TRNA_SPLICING_LIGASE_COMPLEX",0.489926522872719,1,-0.528874073925109,-0.985150955198443,2066,8,"DDX1;FAM98B;RTCB;FAM98A;ZBTB8OS;FAM98C"
"GOCC_TROPONIN_COMPLEX",0.207595526561044,1,-0.706279786135846,-1.28187086208138,890,7,"TNNT3;TNNC2;TNNI1"
"GOCC_TUBULAR_ENDOSOME",0.843410023185304,1,0.425527736320755,0.709538014576095,4728,6,"SNX32;SNX5"
"GOCC_TUMOR_NECROSIS_FACTOR_RECEPTOR_SUPERFAMILY_COMPLEX",0.474118529632408,1,-0.481739064896138,-0.988389011230726,1895,12,"TRADD;LTA;BIRC3;TNFRSF1B"
"GOCC_U1_SNRNP",0.258787487907127,1,0.543203888143693,1.16085452892522,1604,20,"SNRPGP15;WEE2-AS1;PRPF40B;SNRPN"
"GOCC_U11_U12_SNRNP",0.33245173234594,1,-0.467511905749631,-1.08515602337388,1256,21,"SNRNP25;ZRSR2;PDCD7;SNRNP48;SNRPG;SF3B4;SNRPB;ZMAT5;SF3B5;SNRPF;SNRNP35;SF3B3;SNRPD1;SNRPD3"
"GOCC_U12_TYPE_CATALYTIC_STEP_2_SPLICEOSOME",0.933028048082427,1,-0.28011165707462,-0.735865160941651,3259,38,"CRIPT;CWC27;CRNKL1;ARMC7;RBMX2;SNRPG;SF3B4;CWC15;SNRPB;BUD13;PHF5A;SF3B5;SNW1;SNRPF;PPIL2;RNF113A;SF3B3;PLRG1;SNRPD1;SNRNP200;SNRPD3;SNRNP40"
"GOCC_U12_TYPE_PRECATALYTIC_SPLICEOSOME",0.207685786945465,1,-0.448934032393114,-1.16044922461725,734,35,"SNRNP25;TXNL4B;PDCD7;SNRNP48;PRPF31;PRPF4;SNRPG;SF3B4;SNRPB;ZMAT5;PHF5A;SF3B5;SNRPF;PRPF6;SNRNP35;CENATAC;SF3B3;USP39;SNRPD1;SNRNP200;SNRPD3;SNRNP40;PRP4K"
"GOCC_U12_TYPE_SPLICEOSOMAL_COMPLEX",0.99968253968254,1,-0.207852974188302,-0.595442626170139,3148,62,"SNRNP25;ZRSR2;TXNL4B;CRIPT;PDCD7;CWC27;CRNKL1;ARMC7;RBMX2;SNRNP48;PRPF31;PRPF4;SNRPG;SF3B4;CWC15;SNRPB;ZMAT5;BUD13;PHF5A;SF3B5;SNW1;SNRPF;PRPF6;YBX1;LSM7;PPIL2;SNRNP35;CENATAC;RNF113A;SF3B3;USP39;PLRG1;SNRPD1;SNRNP200;SNRPD3;SNRNP40;PRP4K"
"GOCC_U2_SNRNP",0.727675043464517,1,0.369820983385896,0.838374023409406,4603,27,"SNRPGP15;SNIP1;SNRPN;SNRPE;SF3B6;SF3B2;U2SURP;DDX46;SF3B1;SNRPD2;SNRPD3;SNRPD1;SF3B3;SNRPF;HTATSF1;SF3A2;SNRPA1;SF3B5;PHF5A;BUD13;SNRPB;SF3B4;SNRPG;SF3A1;SF3A3;SNRPB2;RBMX2"
"GOCC_U2_TYPE_CATALYTIC_STEP_2_SPLICEOSOME",0.95321975166041,1,-0.273696773696774,-0.72537246666213,3300,40,"DHX8;CRNKL1;SNRPB2;XAB2;SNRPG;CWC15;SNRPB;SNW1;SNRPA1;SNRPF;BCAS2;BUD31;NKAP;PLRG1;SNRPD1;SNRNP200;SNRPD3;SNRNP40;RBM8A;PRPF19;EIF4A3;SNRPD2;RBM22;PPIL1;SYF2;MAGOH;FAM32A;CWC22;CACTIN;EFTUD2;PRKRIP1;CDC5L;CASC3;AQR;PRPF8;PPIE;SNRPE;CDC40;SRRM2;SLU7"
"GOCC_U2_TYPE_PRECATALYTIC_SPLICEOSOME",0.498325722983257,1,-0.349309988358946,-0.96418909146191,1636,50,"ZMAT2;CWC27;RBMX2;SNRPB2;SF3A3;SF3A1;PRPF31;PRPF4;LSM6;SNRPG;SF3B4;SNRPB;BUD13;PHF5A;SF3B5;IK;SMU1;SNRPA1;SF3A2;SNRPF;PRPF6;LSM7;LSM2;LSM3;RNF113A;SF3B3;SNRPD1;SNRNP200;SNRPD3;MFAP1;LSM8;SNRPD2"
"GOCC_U2_TYPE_SPLICEOSOMAL_COMPLEX",1,1,0.180705682520074,0.504858198318441,7344,110,"SNRPGP15;ISY1;PRPF40B;SLU7;SNIP1;SNRPN;SRRM2;CDC40;SNRPE;PPIE;SART1;DHX38;PRPF8;AQR;PPIL4;SF3B6;LUC7L2;MAGOHB;PSME3IP1;LSM5;CASC3;CDC5L;SF3B2;PRKRIP1;DDX46;LSM4;SNU13;PRPF18;WBP4;EFTUD2;SNRNP70;FRG1;CACTIN;DHX15;SF3B1;TXNL4A;CCDC12;PRPF39;PRPF40A;PRPF38A;CWC22;FAM32A;MAGOH;SYF2;PRPF3;DHX16;SRRM1;PPIL1;DDX42;PPWD1;RBM22;SNRPC;SNRPD2;EIF4A3;LSM8;PRPF19;RBM8A;MFAP1;YJU2B;SNRNP40;SNRPD3;LUC7L3;SNRNP200;SNRPD1;PLRG1;CWC25;SF3B3;RNF113A;NKAP;LSM3;LSM2;BUD31;BCAS2;PPIL2;LSM7;GCFC2;PRPF6;SNRPF;HTATSF1;SF3A2;SNRPA1;SMU1;SNW1;IK;SF3B5;PHF5A;BUD13;SNRPB;CIR1;CWC15;SF3B4;SNRPG;LUC7L;LSM6;PRPF4;PRPF31;U2AF2;SF3A1;SF3A3;XAB2;SNRPB2;RBMX2;CRNKL1;CWC27;ZMAT2;TFIP11;YJU2;DHX8;WDR70;KIN"
"GOCC_U2AF_COMPLEX",0.314923354373309,1,-0.701573739412419,-1.18742405397733,1396,5,"U2AF1;ZRSR2;U2AF1L4;U2AF2"
"GOCC_U4_SNRNP",0.342274148428501,1,0.555337471586924,1.10549700188062,2079,14,"SNRPGP15;SNRPN"
"GOCC_U4_U6_SNRNP",0.731052631578947,1,-0.3598522736016,-0.828342113024788,2777,20,"PRPF31;PRPF4;LSM6;SNRPG;SNRPB;SNRPF;LSM7;LSM2;LSM3;SNRPD1;SNRPD3;LSM8;SNRPD2;PRPF3;PPIH;SNU13;LSM4;LSM5;SART3;SNRPE"
"GOCC_U4ATAC_SNRNP",0.655834564254062,1,-0.423835929530617,-0.852556950578967,2663,11,"PRPF31;PRPF4;SNRPG;SNRPB;SNRPF;SNRPD1;SNRPD3;SNRPD2;PRPF3"
"GOCC_U4ATAC_U6ATAC_X_U5_TRI_SNRNP_COMPLEX",0.511672095548317,1,-0.386572429455869,-0.957847990485092,1884,28,"TXNL4B;PRPF31;PRPF4;LSM6;SNRPG;SNRPB;SNRPF;PRPF6;LSM7;LSM2;CENATAC;LSM3;USP39;SNRPD1;SNRNP200;SNRPD3;SNRNP40;LSM8;SNRPD2"
"GOCC_U5_SNRNP",0.475486256228902,1,0.461858200911014,0.994432329072626,2957,21,"SNRPGP15;SNRPN"
"GOCC_U6_SNRNP",0.832735104091888,1,-0.372159200153817,-0.71658136022942,3479,9,"LSM6;DDX39B;LSM7;LSM2;LSM3;LSM8;LSM4;LSM5;SART3"
"GOCC_U6ATAC_SNRNP",0.851623607489926,1,-0.372144889640852,-0.693206401253504,3592,8,"LSM6;LSM7;LSM2;LSM3;LSM8;LSM4;LSM5;SART3"
"GOCC_U7_SNRNP",0.873951537744641,1,-0.359672395893413,-0.65279167440605,3750,7,"SNRPG;SNRPB;SNRPF;SNRPD3;LSM10;LSM11;SNRPE"
"GOCC_UBIQUINONE_BIOSYNTHESIS_COMPLEX",0.618657565415245,1,-0.504575067966914,-0.887670053904194,2718,6,"COQ3;COQ6"
"GOCC_UBIQUITIN_CONJUGATING_ENZYME_COMPLEX",0.404835269021095,1,-0.570925183273633,-1.06348092557192,1707,8,"UBE2A;RNF20;STUB1;UBE2B;RNF40;UBE2V1;UBE2N"
"GOCC_UBIQUITIN_LIGASE_COMPLEX",1,1,-0.109081943142855,-0.384316260561588,1337,380,"KLHL40;KBTBD13;ASB4;KLHL30;FBXO32;FBXO15;FBXL16;CCIN;DCAF12L2;KLHL6;FBXW10;TIFA;KLHL4;SPSB1;ASB2;FBXO4;RAD51;DTL;MED21;IPP;MED31;FBXO28;TRIM21;FBXW7;TRAF6;UBXN8;UBE2S;ABTB1;UBE2A;DEPDC5;MED10;GID4;KLHL18;PEX12;FZR1;DCAF6;RNF20;PCGF3;FBXL14;STUB1;FBXO31;SPOPL;AMN1;SPSB4;KLHL2;KLHL21;CACYBP;KLHL26;FBXL20;AMBRA1;GLMN;KLHL10;KCTD17;UBE2J2;ANAPC1;DCAF12;BRAP;DCAF12L1;SPOP;KDM2B;PRKN;FBXL15;KLHL13;DCAF15;CDC26;HERPUD1;RANBP10;FBXO27;WDR77;FBXL13;ANAPC13;DCUN1D5;FBXL6;CSNK2A1;KLHL20;KEAP1;SEL1L;KCTD10;MED12;PEX2;MIB2;FBXW4;TNFAIP1;RNF8;ASB7;TRAF7;TFDP1;DCAF11;UBE3D;RBCK1;CUL1;KLHL29;ARMC8;CDC23;TRAF2;FEM1A;OTULIN;UBE2B;UBR2;MAD2L2;KLHL25;RING1;DCAF13;UBE2L3;MKLN1;FBXO44;CBX2;CCNF;ANKRD9;PEF1;VCP;MED30;CSNK2B;FBXL22;KCTD5;SKP2;ZER1;COMMD1;RNF2;KDM2A;SOCS7;TSPAN17;FBXO10;CDC20;UBAC1;ENC1;RNF40;CKS2;UBE2C;DDA1;KCMF1;PDCD6;BRCC3"
"GOCC_UDP_N_ACETYLGLUCOSAMINE_TRANSFERASE_COMPLEX",0.881789901890404,1,-0.346005848891832,-0.666223868021449,3684,9,"ALG14;UGT3A1;ALG13;EXT1;UGT3A2"
"GOCC_UNCONVENTIONAL_MYOSIN_COMPLEX",0.954521874459623,1,0.305445843639467,0.541931080413479,5519,8,"MYO6;MYO9A;MYO1C;MYO1F;MYL6B"
"GOCC_UNIPLEX_COMPLEX",0.720364050056883,1,-0.450951986156801,-0.793334033472814,3165,6,"MICU3;MCUB"
"GOCC_VACUOLAR_LUMEN",0.950768429278458,1,0.270669614236952,0.781688437636889,7299,152,"ARG1;GZMB;CUBN;MPO;PRSS57;SERPINB3;HRNR;AZU1;FMOD;LIPA;BCAN;NEU4"
"GOCC_VACUOLAR_MEMBRANE",1,1,0.171223716091089,0.536180759926172,9000,493,"CUBN;CEACAM6;SLC11A1;HLA-DRB5;ATP6V0D2;SLC36A2;NKG7;TMEM45B;HLA-DMB;IRAG2;HLA-H;STING1;RNF183;ARRB1;NFAM1;RNF152;ACP3;AZU1;GFAP;SLC46A3;TMEM63C;PLA2G4E;TRPM2;TFEB;LNPEP;GPR155;SZT2;MFSD1;TECPR1;ABCA3;TLR7;TMEM79;MARCHF9;DEPTOR;MAP1LC3B2;MCOLN2;DAB2;CFTR;SLC66A1LP;HLA-F;SLC36A1;DTX3L;DPP4;MAP1LC3C;EVA1A;SYNGR1;ENPEP;B2M;HLA-DQB1;HLA-DRA;VPS16;AHNAK;CHMP4C;TMEM150C;AP1S1;STX17;HLA-DOA;PLAAT3;OCA2;ATP11A;CLCN7;MARCHF2;SLC15A4;SLC22A17;CALCOCO2;WIPI1;HLA-DRB1;TOM1;TRAF3IP3;TMEM192;MYO6;SLC39A8;SLC3A1;SLCO4C1;IFITM2;TLR3;GPR137B;HLA-DMA;BLOC1S2;OSTM1;SLC26A11;HGSNAT;ATP8A1;RRAGB;STOM;ATP6V1A;BST2;ABHD6;STARD3;SLC12A4;P2RX4;VPS13A;BORCS5;CCZ1B;SLC31A2;ATP6V0A1;CD74;ABCD1;MYL11;DRAM1;OCLN;TMEM30A;WDFY3;VPS13C;GPR137C;RAB39A;SLC2A8;LRP1;ZFYVE26;SPG11;JMY;MARCHF8;SLC17A9;ENTPD4;TMEM74;TMEM179B;IFITM3;ENPP1;IFITM1;SESN2;CDH1;MFSD8;LRBA;RAB24;STX7;TMEM63B;TMEM163;PPT1;ATP6V1G2;ABCA2;GPLD1;CLEC16A;MANBA;PSEN1;MREG;CLCN4;SLC7A11;RAB37"
"GOCC_VACUOLE",1,1,0.18990331125232,0.606990278495454,9550,839,"PEG3;ARG1;GZMB;PSAPL1;CUBN;CEACAM6;SLC11A1;SRGN;HLA-DRB5;MPO;TNFAIP8L2;PLA2G5;PRSS57;ATP6V0D2;RNASE6;CHIT1;SLC36A2;NKG7;SERPINB3;TMEM45B;CPA2;HLA-DMB;HRNR;IRAG2;HLA-H;STING1;RNF183;MLC1;ARRB1;NFAM1;RNF152;ACP3;CD34;AZU1;CD1C;TRPV3;FMOD;GFAP;RUFY4;SLC46A3;TMEM63C;PLA2G4E;TRPM2;LIPA;TFEB;LNPEP;GPR155;SZT2;MFSD1;TECPR1;ABCA3;BCAN;NEU4;TLR7;CPQ;ACR;TMEM79;MARCHF9;DEPTOR;RAB7B;MAP1LC3B2;ARSG;MCOLN2;GALC;DAB2;CFTR;SLC66A1LP;RAB27A;HYAL3;DOP1A;HLA-F;SLC36A1;DTX3L;DPP4;MAP1LC3C;EVA1A;SYNGR1;DOC2A;ENPEP;GLB1L2;B2M;HLA-DQB1;CXCR4;AGA;HLA-DRA;VPS16;RNASET2;AHNAK;SERPINB1;PLAC8;CTSO;BBC3;NCF1;CHMP4C;ANK2;VCAN;TMEM150C;AP1S1;ARSB;STX17;HLA-DOA;ADA;PLAAT3;OCA2;OPTN;ATP11A;CLCN7;MARCHF2;SLC15A4;SLC22A17;CALCOCO2;WIPI1;HLA-DRB1;TOM1;TRAF3IP3;TMEM192;MYO6;CTSV;SLC39A8;SIAE"
"GOCC_VARICOSITY",0.560810810810811,1,-0.513805482126735,-0.932537344611554,2406,7,"UCN;CRHBP;DAGLA"
"GOCC_VCP_NPL4_UFD1_AAA_ATPASE_COMPLEX",0.927973199329983,1,-0.308671409344357,-0.594337526199788,3877,9,"AFG2B;UFD1;FAF2;VCP;NPLOC4;UBXN1;FAF1;RNF125;UBXN7"
"GOCC_VESICLE_COAT",1,1,0.146801876431565,0.384349433691769,6898,66,"SLC18A3;MYCBPAP;NCALD;SEC31B;AP1S1"
"GOCC_VESICLE_LUMEN",0.808934790440735,1,0.290806258583347,0.88225757281575,6735,287,"ORM1;ARG1;GZMB;SERPINA1;SRGN;CLEC3B;MPO;A2M;PLG;PRSS57;GIP;ALB;CHIT1;BIN2;SERPINB3;CRH;SERPINF2;HRNR;TF;GMFG;AZU1;ALOX5;CXCL1;QPCT;LRRC7;PDGFA;POMC;PTX3;ISLR;ECM1;FN1;RAB27A;F5;PCSK1;B2M;AGA;DNASE1L1;RNASET2;SERPINB1;PLAC8;OSCAR;PF4;FERMT3;NHLRC2;ARSB;PYGL;S100A11;ADA;GAS6"
"GOCC_VESICLE_MEMBRANE",0.960461789946874,1,0.268818579203554,0.866074545080988,9400,1203,"TBC1D3;MR1;GAD2;EEF1AKMT4-ECE2;UNC13C;EQTN;CD274;GPR18;DMBT1;ATP13A4;CD163;ABCA12;CEACAM6;RHO;GRIA2;CACNG3;TH;GAD1;SLC11A1;AQP2;HLA-DRB5;TMEM207;SCNN1B;DCST2;ZPLD1;SLC17A8;GBP1;SLC18A3;SIRPB1;MSR1;CNGB1;CX3CR1;AQP6;TEX101;ATP6V0D2;CD33;ANXA8;GALNTL5;STAB2;SLC36A2;C5AR1;RPH3A;CLEC4D;DCT;NOSTRIN;SEC16B;TMEM45B;PNLIPRP2;WNT7B;HLA-DMB;REP15;SV2C;ADGRG3;ITGAM;CLVS1;IRAG2;STEAP4;ITGB2;MGAM;HLA-H;P2RX1;GPRC5A;ITGAX;STING1;SLA2;SPACA4;TF;FCGR1A;WAS;TMEM184A;PTPRC;ARRB1;NFAM1;MALRD1;ACP3;ADCY8;GABRB2;AQP11;PKDREJ;CD36;FGD2;CPLX3;AZU1;WNT4;CD1C;CEACAM1;IZUMO1;PLPP2;SLC32A1;SNX32;AREG;SLC6A2;SYNDIG1;GABRA1;TLR6;FCER1G;CAMK2A;HSD17B6;PLA2G4E;CALY;SNAP25;SPACA6;TRPM2;LNPEP;UBAP1L;FCGR2A;SPHK1;MYCBPAP;DMXL2;DGKI;KREMEN2;WNT5A;ABCA3;RAB27B;TLR7;RASSF9;DKK1;CUZD1;ITGB3;SYNJ1;RAB7B;TAP1;MCOLN2;PTAFR;CACNG8;DAB2;SH3KBP1"
"GOCC_VESICLE_TETHERING_COMPLEX",0.999420205826931,1,0.208235396285565,0.545191645927281,6894,66,"EXOC3L4;TRAPPC9;VPS16;EXOC3L2;STX17;MYRIP;HOOK3;TRAPPC6B;COG4;WASHC1;HOOK1;TRAPPC2B;EXOC8;VPS51;EXOC4;EXOC6;TRAPPC11;HOOK2;COG1;EXOC7;VPS39;VPS11;VPS41;EXOC5;TRAPPC6A;COG6;RINT1;TGFBRAP1;AKTIP"
"GOCC_VOLTAGE_GATED_CALCIUM_CHANNEL_COMPLEX",0.68979711849456,1,-0.32896277591164,-0.879426318340488,2345,42,"CACNG2;CACNG1;CACNA2D4;C2CD6;CATSPER4;TMEM262;CACNA2D3;CATSPER2"
"GOCC_VOLTAGE_GATED_SODIUM_CHANNEL_COMPLEX",0.854391119817173,1,0.352052978300909,0.728553172684089,5233,17,"SCN2B;SCN4B;SCN3A;SCN2A;SCN3B;SCN7A;UNC80;UNC79"
"GOCC_VON_WILLERBRAND_FACTOR_A_DOMAIN_RICH_COLLAGEN_TRIMER",0.922416812609457,1,0.353921394375861,0.609604257064223,5266,7,"COL6A3;COL28A1;COL6A6"
"GOCC_WASH_COMPLEX",0.947261146496815,1,-0.298153846153846,-0.632892729414435,3717,14,"RCSD1;CAPZB;WASH6P;WASHC4;WASHC2A;CAPZA1;WASHC5;DNAJC13;SNX27;WIPF3;TBC1D23;WASHC3;WASHC2C;WASHC1"
"GOCC_WEIBEL_PALADE_BODY",0.702935694315005,1,-0.445615746899988,-0.808775577113653,3016,7,"VWF;CRACR2A"
"GOCC_WNT_SIGNALOSOME",0.133451059535822,1,-0.630186460332571,-1.31560700929406,528,13,"WNT2"
"GOCC_X_CHROMOSOME",0.628764153216092,1,-0.442833577138155,-0.871911374153805,2609,10,"FIRRE;PCGF3;H2AZ1;CDK2;PCGF5;LRIF1;MACROH2A1;SIN3B"
"GOCC_XY_BODY",0.0863168219715547,1,0.668363776831477,1.36953987525879,527,16,"MAEL;DMRTC2;SPDYA;PBX4;PLK4"
"GOCC_ZONA_PELLUCIDA_RECEPTOR_COMPLEX",0.480091012514221,1,-0.578923231431867,-1.01846652495563,2109,6,"HSPA1L;CCT2;CCT4;CCT3;CCT8"
"GOCC_ZONULA_ADHERENS",0.823654894524769,1,-0.385834038298854,-0.718705624114245,3474,8,"VCL;CAMSAP3;CTNNA1;SORBS1;JUP;NECTIN2;KIFC3;PLEKHA7"
"GOCC_ZYMOGEN_GRANULE",0.291319274153997,1,0.556827268749374,1.1409911407811,1781,16,"DMBT1;PNLIPRP2;RAB27B;CUZD1"
