"pathway","pval","padj","ES","NES","nMoreExtreme","size","leadingEdge"
"GOMF_PROTEIN_DEMETHYLASE_ACTIVITY",0.000153798831128883,0.287450015379883,0.769478882374309,1.79881293141599,0,33,"UTY;KDM5D;KDM6B"
"GOMF_HISTONE_H3_DEMETHYLASE_ACTIVITY",0.000315457413249211,0.294794952681388,0.798073785678288,1.79199137209242,1,26,"UTY;KDM5D;KDM6B"
"GOMF_DEMETHYLASE_ACTIVITY",0.000903750564844103,0.563036601897876,0.705126377960545,1.73011406627024,5,44,"UTY;KDM5D;KDM6B"
"GOMF_HISTONE_DEACETYLASE_REGULATOR_ACTIVITY",0.00136116152450091,0.636002722323049,-0.960412440869302,-1.61659398007963,5,5,"UCN;HOPX"
"GOMF_1_4_ALPHA_OLIGOGLUCAN_PHOSPHORYLASE_ACTIVITY",0.72135835567471,1,0.519021836169999,0.829347598918478,4035,5,"PYGL;TYMP;PYGM;PYGB"
"GOMF_1_ACYLGLYCEROPHOSPHOCHOLINE_O_ACYLTRANSFERASE_ACTIVITY",0.877420470262794,1,0.387150358323468,0.683639209265811,5074,8,"TAFAZZIN;MBOAT2;LPCAT4;MBOAT1;LPCAT1;PRDX6;LPCAT2"
"GOMF_1_ALKYL_2_ACETYLGLYCEROPHOSPHOCHOLINE_ESTERASE_ACTIVITY",0.0502607871028924,1,-0.796858548298394,-1.48561710595424,211,8,"PLA2G10;ASPG"
"GOMF_1_PHOSPHATIDYLINOSITOL_3_KINASE_ACTIVITY",0.963372494816862,1,0.30636416073832,0.553254260441435,5575,9,"PIK3CD;PIK3C3;PIK3R3;PIK3C2B;ATM;PIK3CA"
"GOMF_1_PHOSPHATIDYLINOSITOL_3_KINASE_REGULATOR_ACTIVITY",0.906343877010072,1,0.381979853089194,0.632742270969639,5128,6,"PIK3R6;PIK3R5;PIK3R1"
"GOMF_1_PHOSPHATIDYLINOSITOL_4_5_BISPHOSPHATE_3_KINASE_ACTIVITY",0.664251634564411,1,0.534652032601589,0.885640796369092,3758,6,"PIK3R6;PIK3CD"
"GOMF_1_PHOSPHATIDYLINOSITOL_4_PHOSPHATE_3_KINASE_ACTIVITY",0.964304647464216,1,0.306328821900954,0.507427794595763,5456,6,"PIK3CD;PIK3C2B;PIK3CA;PIK3C2A;PIK3CB;PIK3C2G"
"GOMF_1_PHOSPHATIDYLINOSITOL_4_PHOSPHATE_5_KINASE_ACTIVITY",0.315614617940199,1,-0.598397902374212,-1.14773997533248,1329,9,"PIPSL"
"GOMF_1_PHOSPHATIDYLINOSITOL_BINDING",0.997680583167661,1,0.219431516596792,0.440951453577133,6021,15,"SCIN;SNAP91;WDFY3;ZFYVE1;ZFYVE16;WDFY1;EPB41;ZFYVE9;FRMPD2;EEA1;SESTD1;SCARB1;PICALM;SNX9;SNX10"
"GOMF_11_CIS_RETINAL_BINDING",0.0520107238605898,1,0.861382154648943,1.37640687139671,290,5,"RHO;RLBP1;ABCA4"
"GOMF_14_3_3_PROTEIN_BINDING",0.998312710911136,1,-0.199361120732787,-0.502144063817822,3549,31,"PRKCE;AANAT;NFATC2;FOXK1;YWHAQ;ZFP36L1;TP53;ZFP36;AKT1;TBC1D22B;HDAC7;TMCC3;DAB2IP;KLHL22;PPP1R12A;TBC1D22A;KSR1;RPTOR;SRPK2;PI4KB;NEK1;RIPOR1;IRS2;SYNPO2;RBM7;SIK1;RIPOR2;KIF13B;DDIT4;HLA-F;CFTR"
"GOMF_17_BETA_HYDROXYSTEROID_DEHYDROGENASE_NADPLUS_ACTIVITY",0.682931188561215,1,0.543131933502429,0.867873244544285,3820,5,"HSD17B6;AKR1C3;HSD17B8"
"GOMF_17_BETA_HYDROXYSTEROID_DEHYDROGENASE_NADPPLUS_ACTIVITY",0.350877192982456,1,-0.601696773570392,-1.12176875221136,1479,8,"SRD5A2"
"GOMF_2_ACYLGLYCEROL_3_PHOSPHATE_O_ACYLTRANSFERASE_ACTIVITY",0.89202657807309,1,-0.343433955008652,-0.65871367109751,3758,9,"CRLS1;LPCAT3;MBOAT7;LPGAT1;LPCAT2;LPCAT1;MBOAT1;LPCAT4;MBOAT2"
"GOMF_2_ACYLGLYCEROL_O_ACYLTRANSFERASE_ACTIVITY",0.30924191553278,1,0.702963542201226,1.16444557089613,1749,6,"MOGAT3;MOGAT1"
"GOMF_2_IRON_2_SULFUR_CLUSTER_BINDING",0.793399889073766,1,-0.328998904261842,-0.81071248667587,2860,28,"AIFM3;FECH;AOX1;ISCA1;FXN;BOLA2B;ISCA2;SDHB;XDH;NDUFV2;SLC25A39;NFU1;GLRX5;FDX2;FDX1"
"GOMF_2_OXOGLUTARATE_DEPENDENT_DIOXYGENASE_ACTIVITY",0.00780685268179847,1,0.587369301982035,1.52881723629964,53,65,"UTY;KDM5D;KDM6B;TET2;P4HTM;METTL4;HSPBAP1;PHF8;KDM5A"
"GOMF_3_5_CYCLIC_NUCLEOTIDE_PHOSPHODIESTERASE_ACTIVITY",0.15673430260425,1,0.580158199738451,1.26383702401721,980,22,"PDE6A;PDE6C;PDE4C;PDE11A;PDE4B;PDE10A"
"GOMF_3_5_DNA_EXONUCLEASE_ACTIVITY",0.531037827352085,1,0.446693601151336,0.95265442122223,3284,20,"NME8;EXO5;RAD9A"
"GOMF_3_5_DNA_HELICASE_ACTIVITY",0.936126196017585,1,-0.29473590875512,-0.664303079929415,3619,18,"HFM1;WRN;MCM5;MCM2;MCM6"
"GOMF_3_5_EXONUCLEASE_ACTIVITY",0.98990637799883,1,0.250952778894901,0.645371263131592,6766,60,"NME8;EXO5;APLF;RAD9A;PAN2;PNLDC1;CNOT6;CNOT6L;MRE11;PAN3;CNOT1;CNOT7;SUPV3L1;PNPT1;EXD1;NME7;TRIR;DIS3;ERI2;CNOT8;MYG1;EXOSC7;EXD3;EXOSC5;USB1;EXOSC4;APEX1;TATDN1;APEX2;EXOSC10;TATDN3;DIS3L2;POLRMT;ERI1;POLD1;PDE12;EXD2;HELZ2;ISG20;REXO2;RAD50;EXOSC2;POLG;REXO4;DIS3L;ISG20L2;EXOSC9;CNOT2;TOE1;NME1;PARN;POLE;ERI3;NME5;NOCT;WRN;TREX2;EXOSC3;MEIOB;TREX1"
"GOMF_3_5_RNA_HELICASE_ACTIVITY",0.850827423167849,1,-0.374091590725574,-0.674341798342963,3598,7,"YTHDC2;SKIC2;DHX9;DHX40;SUPV3L1;AQR;DHX38"
"GOMF_3_BETA_HYDROXYSTEROID_3_DEHYDROGENASE_NADPPLUS_ACTIVITY",0.778019586507073,1,0.504912312425786,0.779369168289498,4289,4,"CBR3;DHRS11"
"GOMF_3_CHLOROALLYL_ALDEHYDE_DEHYDROGENASE_ACTIVITY",0.243194192377495,1,-0.739846707120128,-1.24533136183614,1071,5,"ALDH1A2;ALDH3B2;ALDH3A1"
"GOMF_3_HYDROXYACYL_COA_DEHYDRATASE_ACTIVITY",0.85465808911127,1,-0.358812628707044,-0.704834563699406,3586,10,"HACD4;EHHADH;HTD2;ECHS1"
"GOMF_3_OVERHANG_SINGLE_STRANDED_DNA_ENDODEOXYRIBONUCLEASE_ACTIVITY",0.891787658802178,1,-0.355530777807682,-0.59843968141094,3930,5,"ERCC1;SND1;ERCC4;ASTE1;XRCC1"
"GOMF_3_PHOSPHOADENOSINE_5_PHOSPHOSULFATE_BINDING",0.84352773826458,1,-0.373515780417251,-0.696361272545355,3557,8,"HS3ST5;CHST15;SULT1A1"
"GOMF_3S_3_HYDROXYACYL_COA_DEHYDROGENASE_NADPLUS_ACTIVITY",0.481464425512319,1,-0.580357402473219,-1.01589361975218,2090,6,"EHHADH;HADH"
"GOMF_4_GALACTOSYL_N_ACETYLGLUCOSAMINIDE_3_ALPHA_L_FUCOSYLTRANSFERASE_ACTIVITY",0.54121732772802,1,0.681469063323913,1.00168909068729,2960,3,"FUT3;FUT9"
"GOMF_4_IRON_4_SULFUR_CLUSTER_BINDING",1,1,0.17249982945553,0.424836836246048,6655,45,"RSAD2;DPYD;REV3L;EXO5;DNA2;CIAO3;NUBPL"
"GOMF_5_3_DNA_EXONUCLEASE_ACTIVITY",0.179943100995733,1,-0.699074697627042,-1.30331453600171,758,8,"PLD4"
"GOMF_5_3_DNA_HELICASE_ACTIVITY",0.947318462268628,1,-0.293597385118247,-0.563126064139457,3991,9,"TWNK;BRIP1;PIF1;HELB;ERCC2;DDX11;IGHMBP2;DNA2;ZGRF1"
"GOMF_5_3_EXONUCLEASE_ACTIVITY",0.234795996920708,1,-0.53099016858963,-1.18218047152378,914,17,"PLD4"
"GOMF_5_ALPHA_ANDROSTANE_3_BETA_17_BETA_DIOL_DEHYDROGENASE_NADPPLUS_ACTIVITY",0.647805585781647,1,0.587217921992748,0.906413910307335,3571,4,"HSD17B6;AKR1C1;AKR1C3"
"GOMF_5_DEOXYRIBOSE_5_PHOSPHATE_LYASE_ACTIVITY",0.584874348032243,1,-0.489244032897747,-0.912118350002013,2466,8,"HMGA1;HMGA2;POLG;XRCC6;XRCC5"
"GOMF_5_N_7_METHYLGUANOSINE_5_TRIPHOSPHO_MRNA_HYDROLASE_ACTIVITY",0.97512353041404,1,0.284789864845296,0.536834917714021,5722,11,"DCP1A;NUDT7;DCP1B;DCP2;NUDT3"
"GOMF_5S_RRNA_BINDING",0.893367786391042,1,0.366982002768805,0.676821440106988,5185,10,"MDM2;NOP53;EEF2;RPL5;RPF2;RPL11"
"GOMF_7S_RNA_BINDING",0.552245862884161,1,-0.521440487243613,-0.939954611689299,2335,7,"SRP9;EXOSC2;SRP19;SRP14;SRP68"
"GOMF_7SK_SNRNA_BINDING",0.903248099516241,1,0.362704759500887,0.654998133569716,5227,9,"CELF3;CCNT1;LARP7"
"GOMF_ABC_TYPE_GLUTATHIONE_S_CONJUGATE_TRANSPORTER_ACTIVITY",0.243954480796586,1,-0.659505551234337,-1.22954410224714,1028,8,"ABCC11;ABCC2;ABCC3"
"GOMF_ABC_TYPE_TRANSPORTER_ACTIVITY",0.772686298076923,1,0.334694566165781,0.824294035811033,5142,45,"ABCA12;ABCB5;ABCA10;ABCC9;ABCD2;ABCA3;TAP1;CFTR;SLC36A1;ABCB1"
"GOMF_ABC_TYPE_XENOBIOTIC_TRANSPORTER_ACTIVITY",0.882293930780806,1,0.358704330330645,0.699505616231674,5276,13,"ABCB5;ABCA3;ABCB1"
"GOMF_ACETYL_COA_BINDING",0.948956442831216,1,-0.306638373883937,-0.516142573948227,4182,5,"NME1;TAF1;PANK1"
"GOMF_ACETYL_COA_C_ACYLTRANSFERASE_ACTIVITY",0.369503546099291,1,-0.615728442031187,-1.10991916200226,1562,7,"ACAT2;ACAA1"
"GOMF_ACETYLCHOLINE_BINDING",0.970574276222117,1,-0.260796000769083,-0.500212307399318,4089,9,"CHRNA1;CHRNB2;CHRND;CHRNA7;CHRNB1;ACHE;CHRNA3;CHRM3;CHRNA4"
"GOMF_ACETYLCHOLINE_GATED_MONOATOMIC_CATION_SELECTIVE_CHANNEL_ACTIVITY",0.230206757438225,1,-0.548407512553791,-1.19012627290661,912,15,"CHRNA2;CHRNA1"
"GOMF_ACETYLCHOLINE_RECEPTOR_ACTIVITY",0.103156274056967,1,-0.606164140056207,-1.34954553078791,401,17,"CHRNA2;CHRNA1;CHRM5;CHRM1"
"GOMF_ACETYLCHOLINE_RECEPTOR_BINDING",0.0267366316841579,1,-0.734555341594079,-1.57072365629732,106,14,"RAPSN;PSCA;LY6S;LYNX1;LY6H;LY6E"
"GOMF_ACETYLCHOLINE_RECEPTOR_INHIBITOR_ACTIVITY",0.0907801418439716,1,-0.788193521514218,-1.42080669525148,383,7,"LY6S;LYNX1;LY6G6D;LY6H;LY6E;LYPD1"
"GOMF_ACETYLESTERASE_ACTIVITY",0.628060768543342,1,0.578947988267454,0.925103898347408,3513,5,"SIAE;ABHD3;CEL;ABHD2"
"GOMF_ACETYLGALACTOSAMINYLTRANSFERASE_ACTIVITY",0.49446324207936,1,0.420287603078185,0.982507502997474,3214,33,"GALNT15;CSGALNACT1;B4GALNT1;GALNT5"
"GOMF_ACETYLGLUCOSAMINYLTRANSFERASE_ACTIVITY",0.946317858763043,1,0.287594553718182,0.698092851052863,6257,41,"GCNT7;B3GNT4;B3GNT8;MGAT4A;EXTL1;B3GNT3;LFNG;GCNT2"
"GOMF_ACETYLTRANSFERASE_ACTIVATOR_ACTIVITY",0.603435760948464,1,-0.445244381869482,-0.89553282447084,2493,11,"NUPR1;SERINC2;BRPF1;NAA15;PDCD5"
"GOMF_ACETYLTRANSFERASE_ACTIVITY",1,1,0.173975085811254,0.471496426550041,7137,85,"ARRB1;SPHK1;NAT2;KAT2B;NAT8L;BAZ1A;NAT9;HGSNAT;NAA80;TAF10;NCOA1;KAT6B;ABHD14B;CLOCK;BRD1;SAT2;SATL1;LPCAT4;EP300;ESCO2;JADE1;NCOA3;KAT2A;MCM3AP;ESCO1;PHF10;KAT6A;BRCA2;LPCAT1;NAA16;CRAT;ING3;HADHA;PDHX;KAT8;LPCAT2;GNPNAT1;ACAA2;ATF2;LCAT;CASD1;KAT5;ING4;ACAT1;HADHB;PAFAH1B2;NAA30;NAA60;GTF2B;PAFAH2;BLOC1S1;USP22;KAT14;MEAF6;JADE2;GTF3C4;BRPF3;CREBBP;TAF9;GNPAT;NAA50;ATAT1;SAT1;NAA40;NAT1;DLAT;PAFAH1B3;HAT1;GCAT;KAT7;NAT14;NAA15;TAF1;NAT10;NAGS;BRPF1;TADA2A;SMARCE1;ELP3;ACAA1;NAA20;NAA10;AANAT;FASN;ACAT2"
"GOMF_ACID_AMINO_ACID_LIGASE_ACTIVITY",0.600998711340206,1,0.420987202133919,0.906869598192092,3730,21,"TTLL2;TTLL9;CARNS1"
"GOMF_ACID_PHOSPHATASE_ACTIVITY",0.930772878141299,1,-0.307574592929537,-0.57342432680025,3925,8,"ACP6;ACP2;ACP7;ACP5"
"GOMF_ACID_THIOL_LIGASE_ACTIVITY",0.935608145294441,1,-0.290061229523089,-0.697914882854119,3399,25,"ACSL5;ACSL6;ACSS2;ACSL4;AACS;ACSF3"
"GOMF_ACIDIC_AMINO_ACID_TRANSMEMBRANE_TRANSPORTER_ACTIVITY",0.866666666666667,1,0.345169843326668,0.719895058555675,5316,18,"SLC17A8;SLC1A2;SLC25A18;SLC1A4"
"GOMF_ACROSIN_BINDING",0.526594772436483,1,0.689289565207375,1.01318442017761,2880,3,"ZP2;SERPINA5"
"GOMF_ACTIN_BINDING",0.999122807017544,1,-0.238894156822429,-0.846482852148639,1138,426,"MYO16;FSCN2;PFN3;SLC6A4;ACTR3C;MYH7B;MYL2;KBTBD13;MYOT;MYH4;MYO7B;MYPN;MYL4;SPATA32;MYBPC3;TMSB15C;NRAP;SNTG1;MYO1A;MYH11;VIL1;TNNT3;FLNC;MICAL2;SYNE3;PRKCE;CDK5R2;TNNC2;TNNI1;GC;MYO3A;PDLIM4;LCP1;MYH7;TRPC5;PHACTR3;TAGLN;MYO15A;NEXN;RCSD1;KLHL4;HCLS1;PDLIM7;SPTBN5;LRRK2;MTSS2;VCL;PKNOX2;MYH2;CNN1;CALD1;PICK1;GAS2;TAGLN2;INF2;IPP;MAP1A;ABLIM1;FMNL3;MICAL3;TPM2;CNN2;SHROOM2;ALKBH4;SYNPO;STK38L;AJUBA;SNTB2;CFL2"
"GOMF_ACTIN_FILAMENT_BINDING",0.296921549155909,1,-0.313269291092182,-1.04064925485272,597,203,"MYO16;FSCN2;SLC6A4;MYH7B;KBTBD13;MYH4;MYO7B;MYL4;NRAP;MYO1A;MYH11;VIL1;FLNC;SYNE3;LCP1;MYH7;MYO15A;NEXN;RCSD1;HCLS1;SPTBN5;PKNOX2;MYH2;CNN1;PICK1;GAS2;TAGLN2;ABLIM1;FMNL3;TPM2;CNN2;SHROOM2"
"GOMF_ACTIN_MONOMER_BINDING",0.557535959974984,1,0.413276146550401,0.940428549791108,3565,28,"TMSB4Y;LMOD2;PFN4"
"GOMF_ACTININ_BINDING",0.913130733944954,1,-0.289005324408579,-0.746582630727796,3184,35,"MYOT;MYPN;NRAP;PDLIM4;TRPC5;PDLIM7;CSRP1;NFKB1;MAGI1"
"GOMF_ACTIVE_MONOATOMIC_ION_TRANSMEMBRANE_TRANSPORTER_ACTIVITY",0.920544217687075,1,0.282144885848514,0.788917608109929,6765,113,"ATP13A4;ATP4B;ABCC9;ATP6V0D2;ATP1A4;ATP2A1;ATP2B3"
"GOMF_ACTIVE_TRANSMEMBRANE_TRANSPORTER_ACTIVITY",0.752636951343995,1,0.29445776717725,0.914446901474865,6635,416,"SLC5A4;ATP13A4;ABCA12;SLC34A3;ABCB5;SLC26A10P;SLC11A1;SLC22A4;ABCA10;SLCO2B1;SLC17A8;SLC28A3;SLC12A3;SLC22A11;ATP4B;SLC18A3;SLC34A1;SLC10A2;ABCC9;ATP6V0D2;SLC17A3;SLC36A2;SLCO6A1;SLC6A12;ABCD2;ATP1A4;SLC37A2;SLC1A2;SLC25A18;ATP2A1;SLC35E2A;SLC24A5;SLC26A1;SLC32A1;MFSD2B;SLC16A4;SLC6A2;SLC16A14;SLC9B1;SLC4A4;SLC46A3;ATP2B3;SLC12A1;SLC10A7;MFSD1;ABCA3;SLC16A7;TAP1;SLC12A7;SLC39A5;SLCO1B1;SLC7A9;CFTR;SLC6A20;SLC1A4;SLC34A2;SLC36A1;ABCB1;SLC4A10;SLC39A4;SLC46A2;SLC35A1;SLC13A4;SLC9A9;SLC4A1;MTCO2P12;SLC45A1;NDUFV3;SLC44A5;SLC8A3;ATP2A3;SLC13A5;SLC8A2;SLC26A2;ABCA4;TAP2;SLC22A5;CLCN7;SLC15A1;SLC24A3;SLC15A4;MFSD4B"
"GOMF_ACTIVIN_BINDING",0.961771110573433,1,-0.279904795940766,-0.562980562358331,3974,11,"FSTL3;ACVRL1;TGFBR3;ACVR1B;TGFBR1"
"GOMF_ACTIVIN_RECEPTOR_ACTIVITY",0.923113431419079,1,-0.315516246875601,-0.605166909792304,3889,9,"ACVRL1;ACVR1B;TGFBR1;BMPR2;TGFBR2;ACVR1;ACVR2A;ACVR1C;ACVR2B"
"GOMF_ACTIVIN_RECEPTOR_ACTIVITY_TYPE_I",0.7451536643026,1,-0.430448433483109,-0.775931290425202,3151,7,"ACVRL1;ACVR1B;TGFBR1"
"GOMF_ACTIVIN_RECEPTOR_BINDING",0.353660637381568,1,0.603602747262564,1.11321884335607,2052,10,"INHBA;CRIPTO3;CFC1;NODAL"
"GOMF_ACYL_COA_BINDING",0.931730023273856,1,-0.297584243729805,-0.670722921014764,3602,18,"ACOT7;NME1;GCDH;TAF1;PANK1;ECI2;SOAT1;ACADVL;SCP2;ACBD3;ACBD6;DBI;PANK3;PNPLA3;ACBD4;ACBD7;ACBD5;NAA80"
"GOMF_ACYL_COA_HYDROLASE_ACTIVITY",0.416719242902208,1,0.458817435180608,1.03022665317898,2641,26,"ACOT6;THEM5;ABCD2;ACOT4;ACOT13"
"GOMF_ACYL_COA_OXIDASE_ACTIVITY",0.993991871355363,1,0.25415256844048,0.420998835481109,5624,6,"ACOX1;ACOX2;CRAT;ACOXL;ACOX3;ACAA1"
"GOMF_ACYLGLYCEROL_O_ACYLTRANSFERASE_ACTIVITY",0.930605259063327,1,0.301288428187786,0.690677019669951,5980,29,"MOGAT3;AGPAT3;PNPLA2;MOGAT1;GPAT3;TAFAZZIN;ABHD5;LCLAT1;MBOAT2;LPCAT4;MBOAT1"
"GOMF_ACYLTRANSFERASE_ACTIVITY",1,1,-0.178052956323364,-0.649744599250726,623,685,"MKRN3;PLAAT2;TRIM49D2;RNF133;ALAS2;BIRC7;TRIM31;TRIM43B;ASB4;TRIM61;CERS3;TRIM4;MBOAT4;HHAT;TGM3;GGT1;ASPG;RNF212B;MARCHF11;SIRT4;BIRC3;DTX1;GGT6;TRIM63;BAAT;NHLRC1;ZDHHC14;PLA2G4C"
"GOMF_ACYLTRANSFERASE_ACTIVITY_ACYL_GROUPS_CONVERTED_INTO_ALKYL_ON_TRANSFER",0.382936065938962,1,-0.696030467729997,-1.1282111694352,1718,4,"HMGCS1;ACLY"
"GOMF_ACYLTRANSFERASE_ACTIVITY_TRANSFERRING_GROUPS_OTHER_THAN_AMINO_ACYL_GROUPS",1,1,-0.147382982949667,-0.491921879297884,1988,211,"PLAAT2;ALAS2;CERS3;MBOAT4;HHAT;ASPG;SIRT4;BAAT;ZDHHC14;PLA2G4C;ZDHHC11;GPAT2;PNPLA4;OXSM;SIRT2;TGM2;ACAT2;FASN;AANAT;NAA10;ZDHHC15;SIRT7;SIRT5;ZDHHC19;ZDHHC6;ELOVL2;OSGEP;NAA20;GPAT4;ZDHHC24"
"GOMF_ADENINE_TRANSMEMBRANE_TRANSPORTER_ACTIVITY",0.816696914700545,1,-0.414702602945134,-0.698039407775322,3599,5,"SLC29A2;SLC25A5;SLC25A4;SLC43A3;SLC29A1"
"GOMF_ADENOSINE_DEAMINASE_ACTIVITY",0.906599952346914,1,-0.329412569166227,-0.647082476728946,3804,10,"ADAD2"
"GOMF_ADENOSINE_RECEPTOR_BINDING",0.705301455301455,1,0.48764602238049,0.836441955323285,4070,7,"GRM5;P2RY2;P2RY1;ADA2"
"GOMF_ADENYL_NUCLEOTIDE_BINDING",1,1,0.131836770505385,0.427070700605516,9888,1557,"DDX3Y;PRKY;DDX4;ATP13A4;NWD1;ABCA12;PFKFB1;ABCB5;ZAP70;NLRC4;FMO1;LTK;SLC22A4;NOX1;ABCA10;IP6K3;GUCY2F;TTLL2;SLC12A3;CNGB1;ABCC9;ERBB4;MYH15;ACSM6;POPDC2;ME3;KIF4B;GAPDHS;EPHA10;DUOX1;ADCY4;CBR3;MYO1G;GRK7;ABCD2;ATP1A4;AURKC;PARP9;P2RX1;FMO5;ALDH1A1;TTLL9;STING1;SLFNL1;MYLK3;BTK;OAS1;ATP8B1;DHFRP1;ATP2A1;WEE2;KIF19;ADCY8;SBK3;IFIH1;EPHB3;NAIP;ACSM1;GRK1;MYH3;SMC1B;DPYD;RIPK3;EPHA5;TPK1;NAV3;TTN;ATAD3C;CAMK2A;WNK4;CARNS1;EPHA6;ATP2B3;HPGD;CDKL4;GAL3ST4;PAK5;DNAH3;CNGA1;ERN1;ACSS1;PARP14;SPHK1;SRMS;CHD3;DGKI;NLRP14;ABCA3;CACNA1B;NRK;PDE4B;DDX60L;ALDH1A3;AK5;SMARCA2;PRKCB;MAT1A;TAP1;AMHR2;RAD51D;STARD9;ADCY5;DDR2;P2RX7;STK31;CPS1;PPIP5K2;MAP3K8;AGAP2;KIF12;PRAG1;CFTR;RIGI;P2RX3;AK9;ACTA2;KIFC2;STYK1;ITPR2;PAPOLB;PDE10A;PRKCQ;DDX60;TIE1;ROR2;CAMK1G;PRKCA;P2RX2;DNAH7;KATNAL2;ABCB1;ATP8B3;NMRK1;DGKB;PDPK1;NLRP12;MYH6;OAS2;DGKH;TDRD12;MYLK2;KSR2;KIF13B;ATP10D;CDC42BPG;PDK1;SRR;ERN2;FBP1;MAB21L1;ADCY7;GUCY2C;SLFN11;NTRK3;CDK20;NLRC5;FMO2;ATP2A3;MAPK13;HCN1;RNF213;PRKCG;MAP3K14;KIF26B;MYO3B;ABCA4;NTPCR;DMC1;ATAD3B;TAP2;PYGL;CDC7;GPD1L;ATP11A;SLC22A5;RIMKLA;CLCN7;KIF3A;TSSK6;POPDC1;DNHD1;MYH14;PLK4;VWA8;KIF25;MAPK10;ABCA7;MYO6;FICD;STK32C;NUDT6;AAK1;H6PD;PMVK;PIK3CD;ADCY1;PARP15;PKDCC;CDKL3;RAPGEF4;PNPLA8;PFKFB2;ENTPD8;AK4;FGFR2;SGK3;ACSF2;ATP2B4;ATP10A;FN3K;ABCC6;ATR;KDR;CDC42BPA;MKNK1;SMG1;SIK1;IKBKE;NOD2;DNAH10;TAOK1;TRPM6;MKKS;HIPK2;FANCM;DCLK2;NAV2;MST1R;SBK2;SCYL2;TK2;MLH3;TAOK3;TARS3;DNAH17;ADCY6;FMO4;SLK;CDK17;LIG4;CIT;RAPGEF3;STK32A;ATP8A1;ZGRF1;CRYZ;AK3;PAPOLG;ATP6V1A;CMPK1;VARS2;PRKCH;KCNJ11;SLC12A4;MYO9A;PLK3;TTLL7;NEK8;P2RX4;DARS1;MOV10;RHOBTB3;KCNJ1;PIK3C3;DNA2;TSSK3;HCK;PEX6;HELQ;CNNM2;FGFR1;MYO10;CRYL1;ALPK1;EIF2AK4;RUNX2;MAP3K12;NUAK1;TM7SF2;HSD17B8;IDNK;ABCD1;PEAK1;FCSK;SMC5;TESK2;STK36;CSNK1G1;PRKAA2;ACOT12;ACACB;ERCC6L2;INSR;MLKL;ACVR2B;EGFR;SLFN5;DHFR2;ITPKB;HLTF;PFKFB3;CDKL5;TRPV4;MAP2K1;MAGI3;CHKB;DCAKD"
"GOMF_ADENYL_NUCLEOTIDE_EXCHANGE_FACTOR_ACTIVITY",0.479072112960161,1,-0.450159918363697,-0.976914308411453,1899,15,"HSPH1;BAG3;CCAR2;GRPEL1;PFN1;HSPBP1;HSPA4L;BAG2;HSPA4"
"GOMF_ADENYLATE_CYCLASE_ACTIVATOR_ACTIVITY",0.645417422867514,1,-0.516322720854424,-0.869089327451962,2844,5,"CALM2;CALM1;CALM3;GNAS"
"GOMF_ADENYLATE_CYCLASE_ACTIVITY",0.204293746805248,1,0.658249094148765,1.24081346253189,1198,11,"ADCY4;ADCY8;ADCY5;ADCY7;ADCY1;ADCY6"
"GOMF_ADENYLATE_CYCLASE_BINDING",0.777181208053691,1,0.407187967143343,0.782887645920157,4631,12,"AKAP6;ADCY5;GRIA1;AKAP5"
"GOMF_ADENYLATE_CYCLASE_INHIBITOR_ACTIVITY",0.488829311885612,1,0.649571001190693,1.03795276541722,2734,5,"GRM7;ADGRV1;RGS2"
"GOMF_ADENYLATE_CYCLASE_REGULATOR_ACTIVITY",0.501464254952627,1,0.539529514675024,0.9950491859205,2910,10,"GRM7;ADGRV1;RGS2"
"GOMF_ADENYLYLTRANSFERASE_ACTIVITY",0.991140814423376,1,0.25004458102729,0.57568314989568,6376,30,"OAS1;PAPOLB;OAS2;FICD;TENT5D;PAPOLG;FHIT"
"GOMF_ADP_BINDING",1,1,-0.165569542287408,-0.43337810592022,3469,37,"MYO3A;CHORDC1;ABCC8;PGK1;NME3;GLUD2;NME1;MIEF1;PPP5C;RUVBL2;GCLC;GLUD1;VCP;MSH2;ACTA1;RUVBL1;MYO9B;LONP1;MSH6;MYH10;ATP5F1A;MYH9;COQ8A;ATP5F1D;NLRP3;PRKAG2;ME1;MYO18A;ABCG1;P2RY1;APAF1;PRKAG1;ABCD1;NOD2;MYO6;TAP1;ERN1"
"GOMF_ADP_D_RIBOSE_MODIFICATION_DEPENDENT_PROTEIN_BINDING",0.985815602836879,1,-0.245433921636482,-0.442422006251735,4169,7,"CGAS;PARP2;HTATSF1;MACROH2A1;CHD1L;XRCC1;APLF"
"GOMF_ADP_PHOSPHATASE_ACTIVITY",0.847570803591987,1,-0.38434327899108,-0.672778331520788,3680,6,"ALPL;PGP;CANT1;SLC25A42;ENTPD1;ENTPD5"
"GOMF_ADP_RIBOSE_DIPHOSPHATASE_ACTIVITY",0.969605937444778,1,0.298097052117785,0.493792026466691,5486,6,"TRPM2;NUDT6;ADPRM"
"GOMF_ADP_TRANSMEMBRANE_TRANSPORTER_ACTIVITY",0.909024921364626,1,-0.325989915976096,-0.655672889071203,3756,11,"SLC25A31;SLC25A24"
"GOMF_ADRENERGIC_RECEPTOR_ACTIVITY",0.397028334485142,1,0.601611146909902,1.08643233384358,2297,9,"ADRA1B;ADRA1D;ADRA2A"
"GOMF_ADRENERGIC_RECEPTOR_BINDING",1,1,0.154869979996923,0.323000793591597,6134,18,"ADRA2A;GRIA1;NEDD4;DLG4;AKAP5;ADRA2C;MAGI2"
"GOMF_ALANINE_TRANSMEMBRANE_TRANSPORTER_ACTIVITY",0.371,1,0.544869830097313,1.07893714745375,2225,14,"SLC36A2;SLC1A4;SLC36A1;SLC6A6;SLC38A3"
"GOMF_ALCOHOL_BINDING",0.746071829405163,1,0.319444078947455,0.864637878658418,5317,84,"CYP2W1;RLBP1;C8G;RBP3;APOA2;RPH3A;TRPC7;TRPC3;SULT2B1;TPK1;GPR155;TRPC6;PTCH1;ITPR2"
"GOMF_ALCOHOL_DEHYDROGENASE_NAD_P_PLUS_ACTIVITY",0.905518896220756,1,0.299312159256034,0.742058564305326,6037,47,"DHRS2;ADH6;SDR9C7;CBR3;DHRS4L1;AKR1D1;HSD17B6;ADHFE1;AKR1C1;RDH16"
"GOMF_ALCOHOL_DEHYDROGENASE_NADPLUS_ACTIVITY",0.895028524857376,1,0.333639620349024,0.695847330441155,5490,18,"ADH6;SDR9C7;HSD17B6;ADHFE1;RDH16;RDH5;AKR1C3"
"GOMF_ALCOHOL_DEHYDROGENASE_NADPPLUS_ACTIVITY",0.890391254315305,1,-0.295690346136507,-0.768652200620969,3094,36,"AKR1B10;RDH8;MIOX;ADH4;DHRS7;ALDH3A1;SPR;DHRSX;KCNAB1;DHRS4;DHRS4L2;CBR1"
"GOMF_ALCOHOL_TRANSMEMBRANE_TRANSPORTER_ACTIVITY",0.981981981981982,1,-0.244635853264631,-0.456084971562046,4141,8,"RBP4;FLVCR1;MFSD10;FLVCR2;SLC44A1;STRA6;SLC44A2;ABCA4"
"GOMF_ALDEHYDE_DEHYDROGENASE_NAD_P_PLUS_ACTIVITY",0.492118621426663,1,-0.411194856292898,-0.965994358255784,1841,22,"AKR1B10;ALDH1A2;ALDH3B2;ADH4"
"GOMF_ALDEHYDE_LYASE_ACTIVITY",0.16845196959226,1,0.705897255125659,1.27475962883846,974,9,"ALDOB;DERA"
"GOMF_ALDOSE_REDUCTASE_NADPH_ACTIVITY",0.606581175901282,1,-0.443922278662074,-0.892873640283944,2506,11,"AKR1B10;ADH4"
"GOMF_ALKALI_METAL_ION_BINDING",0.234807344194466,1,-0.525173179592819,-1.1836839364887,907,18,"SLC6A4"
"GOMF_ALKALINE_PHOSPHATASE_ACTIVITY",0.698766775480595,1,0.55586327572636,0.858015715251955,3852,4,"ALPP;ALPG"
"GOMF_ALKANE_1_MONOOXYGENASE_ACTIVITY",0.130987875173922,1,0.936031984007996,1.25090949120602,658,1,"CYP4A11"
"GOMF_ALL_TRANS_RETINAL_BINDING",0.618945487042002,1,0.584472698212735,0.933931860118054,3462,5,"CYP2W1;ABCA4;CYP27C1"
"GOMF_ALL_TRANS_RETINOL_DEHYDROGENASE_NADPPLUS_ACTIVITY",0.13031584183039,1,-0.634074388863624,-1.32721813164001,523,13,"AKR1B10;RDH8"
"GOMF_ALPHA_1_3_FUCOSYLTRANSFERASE_ACTIVITY",0.668990169794459,1,0.55318582296857,0.883938405020124,3742,5,"FUT3;FUT11;FUT9"
"GOMF_ALPHA_1_4_GLUCOSIDASE_ACTIVITY",0.141095393543707,1,0.831588436559,1.2836177138291,777,4,"MGAM2;MGAM"
"GOMF_ALPHA_2A_ADRENERGIC_RECEPTOR_BINDING",0.685117967332123,1,-0.491449202865321,-0.827221503032498,3019,5,"ADRB1;APLP1"
"GOMF_ALPHA_ACTININ_BINDING",0.932361836678581,1,-0.290499174501463,-0.711295949717526,3390,27,"MYOT;MYPN;NRAP"
"GOMF_ALPHA_ADRENERGIC_RECEPTOR_ACTIVITY",0.396713200212052,1,0.665506320390119,1.10239840426863,2244,6,"ADRA1B;ADRA1D;ADRA2A"
"GOMF_ALPHA_AMYLASE_ACTIVITY",0.235142118863049,1,0.881251681851382,1.17770130914645,1182,1,"AMY2B"
"GOMF_ALPHA_CATENIN_BINDING",0.994888396660419,1,0.232191141388112,0.437685211686601,5838,11,"PKP3;PTPRT;PKP2"
"GOMF_ALPHA_GLUCOSIDASE_ACTIVITY",0.104989604989605,1,0.775691315329801,1.33051584703689,605,7,"MGAM2;MGAM;GANAB"
"GOMF_ALPHA_KETOGLUTARATE_TRANSMEMBRANE_TRANSPORTER_ACTIVITY",0.77701047003787,1,-0.446905036524414,-0.724398251599642,3487,4,"SLC22A7;SLC25A11;SLC13A3;SLC25A21"
"GOMF_ALPHA_N_ACETYLGALACTOSAMINIDE_ALPHA_2_6_SIALYLTRANSFERASE_ACTIVITY",0.930719536645133,1,-0.329488658208381,-0.534075448744746,4177,4,"ST6GALNAC3;ST6GALNAC4;ST6GALNAC6;ST6GALNAC5"
"GOMF_ALPHA_N_ACETYLNEURAMINATE_ALPHA_2_8_SIALYLTRANSFERASE_ACTIVITY",0.840432880497352,1,-0.38758918562728,-0.678460167968423,3649,6,"ST8SIA4;ST8SIA2"
"GOMF_ALPHA_TUBULIN_BINDING",0.682764865680652,1,0.359022980211393,0.87391036282259,4523,42,"PACRG;CAV3;SLC6A2;FAM110C;NCALD;SPMIP6;TAOK1;TTLL7;WASHC1;TRPV4;HDAC6;GJA1;EFHC1;SPAST"
"GOMF_AMIDE_BINDING",0.980673934588702,1,0.259594451046624,0.7722226482652,7915,220,"GSTM1;GRIA2;MSR1;PTH1R;AVPR1A;GLTPD2;ITGAM;ITGB2;FTCD;P2RX1;GALR2;INHBA;GIPR;DHFRP1;CALCR;CD36;CD1C;GSTM3;GALR1;APBA1;TLR6;IAPP;LANCL1;VIPR2;PPIC;HCRTR1;CACNA1B;MAPK8IP2;NFATC1;FKBP7;GHR;ITGA2;CST3"
"GOMF_AMIDE_TRANSMEMBRANE_TRANSPORTER_ACTIVITY",0.662872962165488,1,0.375156384507156,0.877004127354947,4309,33,"SLC14A1;MFSD1;SLC25A16;SLC15A1;SLC15A4;PDPN;ABCD1;AQP7;SLC38A3;SLC46A1;GJA1"
"GOMF_AMIDINE_LYASE_ACTIVITY",0.818439716312057,1,-0.392268943343233,-0.707108502960759,3461,7,"GGACT;PAM;GGCT;ADSL"
"GOMF_AMINE_BINDING",0.396338446313706,1,-0.512472231031507,-1.04895204560167,1601,12,"SLC6A4;HTR4"
"GOMF_AMINE_TRANSMEMBRANE_TRANSPORTER_ACTIVITY",0.642553191489362,1,-0.475947679838706,-0.857948754520486,2717,7,"SLC22A16"
"GOMF_AMINO_ACID_BINDING",0.943810096153846,1,0.285460050058089,0.703038054727939,6281,45,"GLRA1;GRM7;CASR;CPS1;THNSL2;GLRA3;GLRB;CASTOR2;SRR;CASTOR1;GRIN2D"
"GOMF_AMINO_ACID_MONOATOMIC_CATION_ANTIPORTER_ACTIVITY",0.622877569258266,1,0.582079991152658,0.930108541488855,3484,5,"SLC32A1;SLC25A12;SLC38A3"
"GOMF_AMINO_ACID_MONOATOMIC_CATION_SYMPORTER_ACTIVITY",0.636725593247332,1,0.402778662638783,0.884417030340001,3997,23,"SLC36A2;SLC6A12;SLC1A2;SLC25A18;SLC32A1;SLC6A20;SLC36A1"
"GOMF_AMINO_ACID_PROTON_SYMPORTER_ACTIVITY",0.272564789991063,1,0.743730265889707,1.18841032741559,1524,5,"SLC36A2;SLC25A18;SLC32A1;SLC36A1"
"GOMF_AMINO_ACID_SODIUM_SYMPORTER_ACTIVITY",0.952417895009051,1,-0.284055385834501,-0.640230328491047,3682,18,"SLC1A7;SLC6A1"
"GOMF_AMINO_ACID_TRANSMEMBRANE_TRANSPORTER_ACTIVITY",0.64158858900853,1,0.335919656195131,0.914667050269207,4587,89,"GRIA2;SLC22A4;SLC17A8;SLC36A2;SLC6A12;GRID1;GRIK1;SLC1A2;SLC25A18;SLC32A1;SLC7A9;SLC66A1LP;SLC6A20;SLC1A4;SLC36A1"
"GOMF_AMINOACYL_TRNA_DEACYLASE_ACTIVITY",0.973081424510951,1,0.285458159300859,0.556669013295845,5819,13,"PRORSD1P;VARS2;DTD1;AARSD1;IARS2;LARS1;AARS2;IARS1"
"GOMF_AMINOACYLASE_ACTIVITY",0.279714030384272,1,0.741214865652246,1.18439095674199,1564,5,"PM20D1;ACY3;DARS1;ACY1"
"GOMF_AMINOACYLTRANSFERASE_ACTIVITY",1,1,-0.197246322791317,-0.704736251600897,998,471,"MKRN3;TRIM49D2;RNF133;BIRC7;TRIM31;TRIM43B;ASB4;TRIM61;TRIM4;TGM3;GGT1;RNF212B;MARCHF11;BIRC3;DTX1;GGT6;TRIM63;NHLRC1"
"GOMF_AMINOPEPTIDASE_ACTIVITY",0.961439588688946,1,0.280300091018799,0.680386631665618,6357,41,"ERAP2;LNPEP;NPEPPSP1;XPNPEP3;ERAP1;METAP1D;DPP4;ENPEP"
"GOMF_AMINOPHOSPHOLIPID_FLIPPASE_ACTIVITY",0.763513513513513,1,0.457943415839574,0.78549412605155,4406,7,"ATP8B1;ATP11A;ATP8A1;TMEM30A;TMEM30B"
"GOMF_AMMONIA_LYASE_ACTIVITY",0.546279491833031,1,-0.576126169357533,-0.969752220521759,2407,5,"SDS"
"GOMF_AMMONIUM_CHANNEL_ACTIVITY",0.191430545957153,1,0.694919062181331,1.2549344247292,1107,9,"RHAG;AQP6;RHCE"
"GOMF_AMP_ACTIVATED_PROTEIN_KINASE_ACTIVITY",0.0948653004835367,1,-0.80473366028302,-1.40865574833271,411,6,"PRKAG3"
"GOMF_AMP_BINDING",0.245100411323494,1,-0.595393646017732,-1.19753235571774,1012,11,"PRKAG3;CFAP45;ACSS2;MPPED2"
"GOMF_AMP_KINASE_ACTIVITY",0.659813407049067,1,0.481124839069201,0.868849562487161,3818,9,"AK5;AK9;AK4;AK3;AK6"
"GOMF_AMPA_GLUTAMATE_RECEPTOR_ACTIVITY",0.366142427990811,1,0.679190770867629,1.12506643296722,2071,6,"GRIA2;GRID1;GRIA1"
"GOMF_AMYLASE_ACTIVITY",0.182613657979836,1,0.881285560510534,1.23346701988844,959,2,"MGAM;AMY2B"
"GOMF_AMYLOID_BETA_BINDING",0.999859826184469,1,0.2060034669202,0.557009295059406,7132,83,"GRIA2;MSR1;ITGAM;ITGB2;CALCR;CD36;APBA1;TLR6;IAPP;CACNA1B;MAPK8IP2;ITGA2;CST3"
"GOMF_ANAPHASE_PROMOTING_COMPLEX_BINDING",0.110746371803732,1,0.737086194775902,1.33108284137926,640,9,"CDC20B;PTEN"
"GOMF_ANDROGEN_BINDING",0.859159964253798,1,0.430191796469859,0.687405632313022,4806,5,"ALDH1A1;SLC39A9;AR"
"GOMF_ANDROSTAN_3_ALPHA_17_BETA_DIOL_DEHYDROGENASE_NADPLUS_ACTIVITY",0.145876645876646,1,0.752160130950788,1.29015363967801,841,7,"HSD17B6;AKR1C1;RDH16;RDH5;AKR1C3;AKR1C2"
"GOMF_ANGIOTENSIN_RECEPTOR_BINDING",0.860597439544808,1,-0.362929403030179,-0.676624641282623,3629,8,"EDNRB;ZBTB16"
"GOMF_ANKYRIN_BINDING",0.611327491074326,1,0.426604983193184,0.899041584148937,3766,19,"RHAG;CACNA1D;PTPRC;SLC4A1;NRCAM;SPTBN4;KCNJ11;OBSCN;PLEC;SPTB;KCNQ2;CDH1;RHBG"
"GOMF_ANKYRIN_REPEAT_BINDING",0.424113475177305,1,-0.587530636604321,-1.05908947405339,1793,7,"SHANK1;HIF1AN;KIF21A;TNKS1BP1"
"GOMF_ANNEALING_ACTIVITY",0.468182917977256,1,-0.497475817800259,-1.00058741302928,1934,11,"DDX3X;SMARCA1;RAD54L;BLM;TP53;FMR1"
"GOMF_ANTIGEN_BINDING",0.985068007096393,1,0.257223109236477,0.648518843437531,6662,52,"HLA-DRB5;CD209;PLG;HLA-DMB;HLA-H;CD1C;SPON2;TAP1;HLA-G;SLC7A9;C4B;HLA-F;HLA-A;B2M;HLA-DQB1;HLA-DRA;TAPBP;TAP2;HLA-DOA;HLA-DRB1;ITGA4;HLA-DMA;HLA-B"
"GOMF_ANTIOXIDANT_ACTIVITY",0.134033976389289,1,0.468161564010877,1.22521173432708,930,67,"IPCEF1;MPO;TXNDC2;ALB;LPO;DUOX1;PXDNL;HBA1"
"GOMF_ANTIPORTER_ACTIVITY",1,1,0.203685186027634,0.575137376153011,7422,125,"SLC26A10P;SLC11A1;SLC22A11;SLC18A3;SLC37A2;SLC35E2A;SLC24A5;SLC26A1;SLC32A1;SLC9B1;SLC4A4"
"GOMF_AP_1_ADAPTOR_COMPLEX_BINDING",0.608212341197822,1,-0.538623416212755,-0.906626502454857,2680,5,"AP1AR;RAB32;RAB38;LDLRAP1"
"GOMF_AP_2_ADAPTOR_COMPLEX_BINDING",0.970216821539195,1,-0.264036302107368,-0.51866042861216,4071,10,"FCHO1;LMBRD1;RAB32;RAB38;LDLRAP1;BMP2K;SIDT2;TBC1D5;HIP1;AAK1"
"GOMF_APOLIPOPROTEIN_A_I_BINDING",0.746597096188748,1,-0.454793554600653,-0.765521656384381,3290,5,"TREM2;SCARB1;HSPD1"
"GOMF_APOLIPOPROTEIN_BINDING",0.253581425983863,1,0.576970707552351,1.17576731680347,1539,16,"PLG;LIPC;MTTP"
"GOMF_APOLIPOPROTEIN_RECEPTOR_BINDING",0.0824670824670825,1,0.789010468251954,1.35336171843162,475,7,"ABCA12;APOA2"
"GOMF_ARACHIDONATE_COA_LIGASE_ACTIVITY",0.169883249940434,1,-0.659787798329989,-1.2960559572439,712,10,"ACSL5;ACSL6;ACSL4"
"GOMF_ARACHIDONATE_MONOOXYGENASE_ACTIVITY",0.593765462642256,1,-0.443218673009974,-0.907200635567874,2399,12,"CYP2E1;CYP2B6;CYP2F1;CYP2C8;CYP2A6;CYP2J2;CYP1A1"
"GOMF_ARACHIDONATE_OMEGA_HYDROXYLASE_ACTIVITY",0.326448546883568,1,0.784673537126449,1.15338900060526,1785,3,"CYP4A11;CYP4F11"
"GOMF_ARGININE_BINDING",0.992887624466572,1,-0.221102822425594,-0.412211346507665,4187,8,"NOS2;RARS1;SLC38A9;SLC7A6;NOS3;NOS1;CASTOR1;CASTOR2"
"GOMF_ARMADILLO_REPEAT_DOMAIN_BINDING",0.841156946420104,1,-0.375259555487195,-0.699612266185792,3547,8,"LEF1;AXIN1;STRN3;TCF7L2;CTNNBIP1;STRN4;CNOT1;STRN"
"GOMF_AROMATIC_AMINO_ACID_TRANSMEMBRANE_TRANSPORTER_ACTIVITY",0.931379556826304,1,-0.310348931807714,-0.609634768802587,3908,10,"SLC16A10;SLC7A5;SLC66A1;SLC3A2"
"GOMF_ARP2_3_COMPLEX_BINDING",0.708270297528997,1,-0.381494241447696,-0.827899526020714,2808,15,"DNAI3"
"GOMF_ARRESTIN_FAMILY_PROTEIN_BINDING",0.797104888467015,1,-0.389559519163826,-0.747183489684123,3358,9,"DRD1;GPR61"
"GOMF_ARYL_HYDROCARBON_RECEPTOR_BINDING",0.798482693219535,1,-0.395831731138968,-0.737965843643462,3367,8,"TAF4;TBP;ARNT2;TAF6;AIP;ARNT;NCOA2;BMAL1"
"GOMF_ARYL_SULFOTRANSFERASE_ACTIVITY",0.724686340342817,1,0.497197251011852,0.8235976719213,4100,6,"SULT1A4;SULT1A3"
"GOMF_ARYLESTERASE_ACTIVITY",0.0256352087114338,1,-0.883818476718767,-1.4876688057617,112,5,"PON1"
"GOMF_ARYLSULFATASE_ACTIVITY",0.924047501237011,1,-0.314709393514697,-0.644161853282947,3734,12,"ARSD;ARSJ;ARSI;STS"
"GOMF_ASPARTIC_ENDOPEPTIDASE_ACTIVITY_INTRAMEMBRANE_CLEAVING",0.592198581560284,1,-0.500741215459223,-0.902641866614215,2504,7,"PSEN2;SPPL2B;HM13;SPPL2A"
"GOMF_ASPARTIC_TYPE_ENDOPEPTIDASE_INHIBITOR_ACTIVITY",0.775294525294525,1,0.452396516718843,0.775979726397726,4474,7,"CRB2;SORL1;WFDC2;PRNP;NLRP7"
"GOMF_ASPARTIC_TYPE_PEPTIDASE_ACTIVITY",0.432273577344376,1,-0.428507110689622,-1.00666495473818,1617,22,"PGC;NAPSA;ASTL;PGA4;PSEN2;SPPL2B;NRIP3;ASPRV1;CASP3"
"GOMF_ATP_ACTIVATED_INWARD_RECTIFIER_POTASSIUM_CHANNEL_ACTIVITY",0.395174262734584,1,0.691490892009966,1.1049367695093,2210,5,"ABCC9;KCNJ11"
"GOMF_ATP_ADP_ANTIPORTER_ACTIVITY",0.455308529945554,1,-0.625966876865953,-1.05364553998781,2006,5,"SLC25A31"
"GOMF_ATP_DEPENDENT_ACTIVITY",1,1,0.158931516833265,0.500702434085096,9155,557,"DDX3Y;PMS2P1;DDX4;ATP13A4;ABCA12;ABCB5;ABCA10;ATP4B;ABCC9;ATP6V0D2;MYH15;ACSM6;KIF4B;MYO1G;ABCD2;ATP1A4;PMS2P6;ATP8B1;ATP2A1;KIF19;IFIH1;ACSM1;MYH3;SMC1B;NAV3;ATAD3C;CARNS1;ATP2B3;DNAH3;ACSS1;CHD3;ABCA3;DDX60L;SMARCA2;TAP1;RAD51D;STARD9;KIF12;CFTR;RIGI;KIFC2;DDX60;SLC36A1;DNAH7;KATNAL2;ABCB1;ATP8B3;MYH6;TDRD12;KIF13B;ATP10D;SLFN11;ATP2A3;RNF213;KIF26B;MYO3B;ABCA4;NTPCR;DMC1;ATAD3B;TAP2;ATP11A;KIF3A;DNHD1;MYH14;VWA8;KIF25;SMPDL3A;CHRNA4;ABCA7;MYO6"
"GOMF_ATP_DEPENDENT_ACTIVITY_ACTING_ON_DNA",1,1,0.169316690167181,0.475833468755839,7395,119,"PMS2P1;PMS2P6;CHD3;SMARCA2;RAD51D;DMC1;CHRNA4;PMS2P3;FANCM;NAV2;MLH3;ZGRF1;DNA2;HELQ;HLTF;CECR2;XRCC3;RSF1"
"GOMF_ATP_DEPENDENT_ACTIVITY_ACTING_ON_RNA",0.160790446403185,1,0.448923350989805,1.19640971016697,1130,76,"DDX3Y;DDX4"
"GOMF_ATP_DEPENDENT_CHROMATIN_REMODELER_ACTIVITY",0.999174463401211,1,-0.185718565637407,-0.446856517824792,3630,25,"CHD5;INO80;SMARCA1;SMARCA4;CHD7;MORC2"
"GOMF_ATP_DEPENDENT_DIACYLGLYCEROL_KINASE_ACTIVITY",0.894749576578756,1,-0.334770900228521,-0.673334335120653,3697,11,"DGKG;DGKK"
"GOMF_ATP_DEPENDENT_DNA_DAMAGE_SENSOR_ACTIVITY",0.613724226804124,1,0.416816647577777,0.897885597929386,3809,21,"PMS2P1;PMS2P6;RAD51D;DMC1;PMS2P3;MLH3"
"GOMF_ATP_DEPENDENT_DNA_DNA_ANNEALING_ACTIVITY",0.609573502722323,1,-0.537476334991441,-0.904695702188087,2686,5,"SMARCA1;RAD54L;TP53"
"GOMF_ATP_DEPENDENT_PEPTIDASE_ACTIVITY",0.515366430260047,1,-0.540694568737093,-0.974662240146201,2179,7,"LONP2;AFG3L2;LONP1;CLPX;CLPP;SPG7"
"GOMF_ATP_DEPENDENT_PROTEIN_BINDING",0.805910165484634,1,-0.400853616334064,-0.722583333099536,3408,7,"DNAJC5;DDX39B;SAE1;HSP90AB1;PLK2;PRNP;STX1A"
"GOMF_ATP_DEPENDENT_PROTEIN_DISAGGREGASE_ACTIVITY",0.257425742574257,1,-0.70557949218304,-1.23509013804612,1117,6,"HSPA8;CLPB;HSPA1A;HSPA1B"
"GOMF_ATP_DEPENDENT_PROTEIN_FOLDING_CHAPERONE",0.0385054192812322,1,-0.559767582584551,-1.43903481991476,134,34,"HSPA6;HSP90B2P;HSP90AA2P;HSPA7;HSPA2;HSPA8;HSPA1A;HSPH1;HSPA1B;HSP90AB3P;HSPA1L;CCT2;HSP90AA1;HSPA4L;TRAP1;HSPA4;HSPD1;CCT7;CCT4;HSP90AB1;CCT6A;HSPA9;CCT3"
"GOMF_ATP_GATED_ION_CHANNEL_ACTIVITY",0.277143845089903,1,0.671387824973673,1.18555241370126,1602,8,"P2RX1;P2RX7;CFTR;P2RX3;P2RX2;P2RX4"
"GOMF_ATP_HYDROLYSIS_ACTIVITY",1,1,0.204008567864493,0.631212729509281,8774,387,"DDX3Y;PMS2P1;DDX4;ATP13A4;ABCA12;ABCB5;ABCA10;ABCC9;ABCD2;ATP1A4;PMS2P6;ATP8B1;ATP2A1;KIF19;IFIH1;MYH3;SMC1B;NAV3;ATAD3C;CARNS1;ATP2B3;CHD3;ABCA3;DDX60L;SMARCA2;TAP1;KIF12;CFTR;RIGI;KIFC2;DDX60;KATNAL2;ABCB1;ATP8B3;TDRD12;KIF13B;ATP10D;SLFN11;ATP2A3;RNF213;ABCA4;NTPCR;ATAD3B;TAP2;ATP11A;KIF3A;VWA8;KIF25;SMPDL3A;ABCA7"
"GOMF_ATP_TRANSMEMBRANE_TRANSPORTER_ACTIVITY",0.982258870564718,1,-0.249566344190624,-0.533655857413226,3930,14,"SLC25A31;SLC25A24;SLC25A25"
"GOMF_ATPASE_ACTIVATOR_ACTIVITY",0.999214454045562,1,0.205961172412484,0.465499465534475,6359,27,"ATP4B;AHSA2P;ATP1B2;ATP1B1;DNAJC24"
"GOMF_ATPASE_BINDING",1,1,-0.147493645793984,-0.437856877770777,2867,83,"PLN;TRPC5;ATP6V0A4;PGR;PEX26"
"GOMF_ATPASE_COUPLED_INTRAMEMBRANE_LIPID_TRANSPORTER_ACTIVITY",0.643990573448547,1,0.391140961051175,0.884030257670679,4098,27,"ABCA12;ATP8B1;ABCA3;ABCB1;ATP8B3;ATP10D;ABCA4;ATP11A;ABCA7;ATP10A;ATP8A1"
"GOMF_ATPASE_COUPLED_ION_TRANSMEMBRANE_TRANSPORTER_ACTIVITY",0.74324972040262,1,0.374471754174617,0.815762437879726,4651,22,"ATP6V0D2;ATP6V1A;ATP6V0A1;ATP6V1G2;ATP6V1E2;ATP6V1C2;ATP6V0E2"
"GOMF_ATPASE_COUPLED_LIPID_TRANSMEMBRANE_TRANSPORTER_ACTIVITY",0.547199170124481,1,0.547081776997568,0.966049870262205,3164,8,"ABCA12;ABCD1"
"GOMF_ATPASE_COUPLED_MONOATOMIC_CATION_TRANSMEMBRANE_TRANSPORTER_ACTIVITY",0.0770486935866983,1,0.524990378067525,1.31926703323831,518,51,"ATP13A4;ATP4B;ABCC9;ATP6V0D2;ATP1A4;ATP2A1;ATP2B3"
"GOMF_ATPASE_COUPLED_TRANSMEMBRANE_TRANSPORTER_ACTIVITY",0.4,1,0.377177027538446,1.03071019560083,2865,92,"ATP13A4;ABCA12;ABCB5;ABCA10;ATP4B;ABCC9;ATP6V0D2;ABCD2;ATP1A4;ATP2A1;ATP2B3;ABCA3;TAP1;CFTR;SLC36A1;ABCB1"
"GOMF_ATPASE_INHIBITOR_ACTIVITY",0.14506101772968,1,-0.772658273964841,-1.35250900121988,629,6,"PLN"
"GOMF_ATPASE_REGULATOR_ACTIVITY",0.938949938949939,1,-0.2747174121264,-0.758465896494267,3075,50,"PLN;MYBPC3;FXYD2"
"GOMF_AXON_GUIDANCE_RECEPTOR_ACTIVITY",0.863053472054198,1,-0.349981037408438,-0.703926921268799,3566,11,"MYOT"
"GOMF_AZOLE_TRANSMEMBRANE_TRANSPORTER_ACTIVITY",0.713013359722909,1,-0.404770063614393,-0.828502230007719,2881,12,"SLC22A1"
"GOMF_BASAL_TRANSCRIPTION_MACHINERY_BINDING",1,1,0.197665983748709,0.507196637809275,6833,59,"FOXF2;ESRRB;UVSSA;GTF2F1;SMYD2;WAC;SUPT4H1;AHR;SMYD3;AR;NCOA3;TCF4;ELP2;SCAF8;BRD4;PCF11;CTR9;SCAF4;AGO2;PCIF1;TAF7;RTRAF;RPRD1A;RPRD2;NOP58;GTF2B;TBP;EDF1;PAF1;URI1;RPRD1B;DHX9;WDR43;RUVBL1;RECQL5;GPN1;ZNHIT6;DRAP1;ERCC5;GTF2E2;ELOF1;FBL;TP53;ERCC4;SCAF1;LEO1;RUVBL2;POLR2M;CTDP1;HNRNPU;CDC73;CCAR2;TAF1;ERCC1;GTF2A2;GTF2A1;AGO1;ZNF326"
"GOMF_BASIC_AMINO_ACID_TRANSMEMBRANE_TRANSPORTER_ACTIVITY",0.839152925961849,1,0.350737034627094,0.74800978984849,5190,20,"SLC7A9;SLC66A1LP;SLC15A4;SLC7A2;SLC3A1;SLC7A7;SLC38A3"
"GOMF_BENZODIAZEPINE_RECEPTOR_ACTIVITY",0.858914728682171,1,0.385773167601784,0.711477807851422,4985,10,"GABRG1;GABRG3;GABRA1"
"GOMF_BENZODIAZEPINE_RECEPTOR_BINDING",0.822877569258266,1,0.457175753751295,0.730523433185947,4603,5,"RIMBP3;TSPOAP1"
"GOMF_BETA_1_3_GALACTOSYLTRANSFERASE_ACTIVITY",0.348825155494126,1,0.625192769580478,1.12901771060298,2018,9,"B3GALT2;B3GNT4;B3GNT3;B3GALT4;C1GALT1;B3GALT5"
"GOMF_BETA_2_ADRENERGIC_RECEPTOR_BINDING",0.918890263297402,1,0.36666783580127,0.607378209191162,5199,6,"GRIA1;NEDD4;AKAP5"
"GOMF_BETA_2_MICROGLOBULIN_BINDING",0.183557046979866,1,0.654644352300785,1.25866434483136,1093,12,"MR1;HLA-H;HLA-G;HLA-F;HLA-A"
"GOMF_BETA_CATENIN_BINDING",0.86667582040368,1,0.293750056319336,0.815541996454397,6311,107,"SOX17;CDH12;CDHR5;CDH20;CDH5;AMER3;CDH8;KDM6B;CDH11;GRIP1;CDH13;CTNNA3;SOX9;CDHR3;KLF4;KANK1;AJAP1;PTPRT;SALL1"
"GOMF_BETA_GALACTOSIDASE_ACTIVITY",0.147459165154265,1,-0.79599558224396,-1.33984277136273,649,5,"GBA3"
"GOMF_BETA_GALACTOSIDE_CMP_ALPHA_2_3_SIALYLTRANSFERASE_ACTIVITY",0.779184895233709,1,-0.421649815370875,-0.738082008396066,3383,6,"ST3GAL1;ST3GAL5"
"GOMF_BETA_GLUCOSIDASE_ACTIVITY",0.698956442831216,1,-0.482903909297604,-0.81283781790751,3080,5,"GBA3"
"GOMF_BETA_N_ACETYLGLUCOSAMINYLGLYCOPEPTIDE_BETA_1_4_GALACTOSYLTRANSFERASE_ACTIVITY",0.958891867739053,1,0.329655119381753,0.526757571026149,5364,5,"B4GALT4;B4GALT3;B4GALT2;B4GALT7;B4GALT1"
"GOMF_BETA_TUBULIN_BINDING",0.973287051011168,1,0.270159258628106,0.657604077567842,6448,42,"PACRG;SLC6A2;IFT74;TAOK1;TTLL7;HTT;TRPV4;HDAC6;SPAST;BCAS3;RGS2"
"GOMF_BH_DOMAIN_BINDING",0.112529550827423,1,-0.77179740432865,-1.39125086608324,475,7,"IRGM"
"GOMF_BHLH_TRANSCRIPTION_FACTOR_BINDING",0.994656917885264,1,-0.2300362443347,-0.57940753006922,3536,31,"MYOD1;KLF5;HAND1"
"GOMF_BICARBONATE_MONOATOMIC_ANION_ANTIPORTER_ACTIVITY",0.878030677882237,1,-0.33984995131442,-0.695620718631623,3548,12,"SLC26A4"
"GOMF_BICARBONATE_TRANSMEMBRANE_TRANSPORTER_ACTIVITY",0.31044776119403,1,0.490733179235968,1.10912183096765,1975,27,"SLC26A10P;BEST2;SLC26A1;SLC4A4;BEST1;SLC39A5;CFTR;SLC4A10;SLC39A4;SLC4A1;SLC26A2;SLC39A8;SLC26A11;SLC39A10"
"GOMF_BILE_ACID_BINDING",0.795900335748365,1,0.455612430862603,0.754713218130604,4503,6,"AKR1C1;AKR1C3;AKR1C2;PYGL;NAPEPLD"
"GOMF_BILE_ACID_SODIUM_SYMPORTER_ACTIVITY",0.315638963360143,1,0.725264324018706,1.15890350615062,1765,5,"SLC10A2;SLC10A4"
"GOMF_BILE_ACID_TRANSMEMBRANE_TRANSPORTER_ACTIVITY",0.477799867461895,1,0.497534391722293,0.999804023766051,2883,15,"SLCO2B1;SLC10A2;CEACAM1;SLC51B;SLCO1B1"
"GOMF_BIOACTIVE_LIPID_RECEPTOR_ACTIVITY",0.589166666666667,1,0.465062267333911,0.920904275459711,3534,14,"GPR6;GPR174;SPHK1"
"GOMF_BIS_5_ADENOSYL_PENTAPHOSPHATASE_ACTIVITY",0.835129881604524,1,0.430140897347949,0.712520113361337,4725,6,"NUDT4B;ENPP3;NUDT3;NUDT10;NUDT4"
"GOMF_BITTER_TASTE_RECEPTOR_ACTIVITY",0.675583574714602,1,0.449527750443362,0.847369315795429,3964,11,"TAS2R10;TAS2R13;TAS2R1;TAS2R14"
"GOMF_BMP_BINDING",0.719204655674103,1,0.387866525224048,0.827195104533429,4448,20,"MICOS10-NBL1;TCAP;SOST"
"GOMF_BMP_RECEPTOR_ACTIVITY",0.934566145092461,1,-0.304885298046976,-0.568410560569066,3941,8,"SOSTDC1;ACVRL1"
"GOMF_BMP_RECEPTOR_BINDING",0.544724962380873,1,0.486977105243353,0.949649032059278,3257,13,"BMP5;CDH5;BMP3;ELAPOR2"
"GOMF_BRANCHED_CHAIN_AMINO_ACID_TRANSMEMBRANE_TRANSPORTER_ACTIVITY",0.988609397247271,1,-0.229728232192644,-0.440623662789969,4165,9,"SLC7A5;SLC38A9;SLC3A2;SLC43A1;SLC7A8;SLC43A2"
"GOMF_BUBBLE_DNA_BINDING",0.451161688003793,1,-0.551494257249192,-1.02817407701087,1902,8,"WRN;BLM;HMGB1;ERCC5;NEIL3"
"GOMF_C_ACETYLTRANSFERASE_ACTIVITY",0.440898345153664,1,-0.578557140992262,-1.04291374779148,1864,7,"ACAT2;ACAA1;GCAT"
"GOMF_C_ACYLTRANSFERASE_ACTIVITY",0.379713485921291,1,0.525615683362329,1.07111458798049,2305,16,"ACSM6;ACSM1;SPTSSB"
"GOMF_C_C_CHEMOKINE_BINDING",0.410039761431412,1,0.522836758263025,1.05064956992148,2474,15,"CXCR6;CX3CR1;CCR4;ACKR1;CCR8;ACKR2;GPR182;ACKR3;CXCR4"
"GOMF_C_METHYLTRANSFERASE_ACTIVITY",0.864379461201934,1,-0.371847123961858,-0.650904286128205,3753,6,"NSUN5;NOP2;NSUN4;TRMT2A;COQ5;TRMT2B"
"GOMF_C_PALMITOYLTRANSFERASE_ACTIVITY",0.952993744414656,1,0.338304870501574,0.540579051785808,5331,5,"SPTSSB;SPTLC2;SPTLC1"
"GOMF_C_X_C_CHEMOKINE_BINDING",0.270777479892761,1,0.744678484532518,1.18992549074758,1514,5,"A2M;GPR182;ACKR3"
"GOMF_C_X_C_CHEMOKINE_RECEPTOR_ACTIVITY",0.663356973995272,1,-0.466709675393279,-0.841296221597341,2805,7,"GPR25;CXCR5"
"GOMF_C_X3_C_CHEMOKINE_BINDING",0.482752457551385,1,0.652840872053287,1.04317770849221,2700,5,"CX3CR1;ITGB3;ITGA4;ITGAV"
"GOMF_C2H2_ZINC_FINGER_DOMAIN_BINDING",0.0281024620741109,1,-0.743283962160256,-1.55581106706471,112,13,"WT1"
"GOMF_C3HC4_TYPE_RING_FINGER_DOMAIN_BINDING",0.23570780399274,1,-0.74373464241602,-1.25187564690245,1038,5,"HSPA8;HSPA1A;DNAJA1;HSPA1B"
"GOMF_C4_DICARBOXYLATE_TRANSMEMBRANE_TRANSPORTER_ACTIVITY",0.8085,1,0.384647428732012,0.761668891554182,4850,14,"SLC25A18;SLC1A4;SLC13A5;SLC25A12"
"GOMF_CADHERIN_BINDING",1,1,-0.175574038138587,-0.611558666163968,1413,333,"H3C4;H3C3;CDH10;CDH19;TRIM29;CDH17;SFN;PTPRM;CDH18;PTPRH;CDH15;PKP1;ANXA1;OLFM4;CDH23;VASN;CDH6;VCL;H3C10;CALD1;TAGLN2;HSPA8;PTPRJ;FASN;CNN2;HSPA1A;EHD1;DDX3X;EFHD2;BAG3;H3C7;CDC42EP1;SNX9;TWF1;PICALM;LAD1;CDH7;ZC3H15;NDRG1;NUMB;SNX1;RARS1;FSCN1;EIF2S3;CLIC1;SH3GL1;CDH22;PCMT1;RSL1D1;DBN1;IDH1;MB21D2;CC2D1A;EIF5;PLCB3;LASP1;VAPB;MYO1B;CAPZB;CDK5R1;MRTFB;EHD4;ARHGAP18;SND1;SLC3A2;HNRNPK;SEPTIN9;PFN1;PPME1;CHMP4B;EZR;ENO1;FLNA;NIBAN2;CORO1B;TMPO;BZW2;LRRC59;NHERF2;CNN3;BZW1;SWAP70;HDLBP;H3C1;ASAP1;BMPR2;MMP24;PUF60;TNKS1BP1;KRT18;PHLDB2;ALDOA;SERBP1;NUDC;CDH2;EMD;CHMP2B;SCYL1;VASP;UBFD1;PCBP1;BAIAP2;RANBP1;NCK1;PRDX1;TRPC4;ARFIP2;EIF4G2;PKN2;PSMB6;APC;TLN1;SPTBN2;PARVA;CTNND1;HSP90AB1;SPTAN1;DIAPH3;PPFIBP1"
"GOMF_CADHERIN_BINDING_INVOLVED_IN_CELL_CELL_ADHESION",0.839410395655547,1,-0.334837098572237,-0.75468685439674,3245,18,"TRIM29;ANXA1"
"GOMF_CADMIUM_ION_BINDING",0.887662767600971,1,-0.390680865787551,-0.603114445736795,4021,3,"SLC11A2;NOS3;NOS1"
"GOMF_CALCITONIN_FAMILY_BINDING",0.67846291331546,1,0.546385869649726,0.873072725457668,3795,5,"CALCR;RAMP1;APP"
"GOMF_CALCITONIN_FAMILY_RECEPTOR_ACTIVITY",0.931083230252695,1,0.351892959317922,0.582903910811906,5268,6,"CALCR;RAMP1;CRCP"
"GOMF_CALCIUM_ACTIVATED_CATION_CHANNEL_ACTIVITY",0.961335676625659,1,0.28905211117483,0.62968128372189,6016,22,"PKD2L1;TRPC3;TMEM63C"
"GOMF_CALCIUM_ACTIVATED_POTASSIUM_CHANNEL_ACTIVITY",0.463738156761413,1,0.554588834567444,1.02282294730313,2691,10,"PKD2L1;KCNMB4"
"GOMF_CALCIUM_CALMODULIN_DEPENDENT_PROTEIN_KINASE_ACTIVITY",0.962056640087985,1,-0.273428014374025,-0.669496701659543,3498,27,"PHKG1"
"GOMF_CALCIUM_CHANNEL_INHIBITOR_ACTIVITY",0.985257371314343,1,-0.240153846153846,-0.51352880572079,3942,14,"SLC30A1;MCUB;CALM2;CALM1;PHPT1;AMBP;YWHAE;MICU1;TNNI3;STX1A;FKBP1B;PACSIN3;ITPR1;GSTM2"
"GOMF_CALCIUM_CHANNEL_REGULATOR_ACTIVITY",1,1,-0.160837880145721,-0.44912336939648,3233,54,"CACNG1;C8orf44-SGK3"
"GOMF_CALCIUM_DEPENDENT_CYSTEINE_TYPE_ENDOPEPTIDASE_ACTIVITY",0.237773752675778,1,0.584188469949072,1.1904758782875,1443,16,"ADGB;CAPNS2;CAPN14;CAPN9"
"GOMF_CALCIUM_DEPENDENT_PHOSPHOLIPASE_A2_ACTIVITY",0.675305132920916,1,0.437994071350585,0.854127722694336,4038,13,"PLA2G4F;PLA2G5;PLA2G2C;PLA2G4E"
"GOMF_CALCIUM_DEPENDENT_PHOSPHOLIPID_BINDING",0.513305736250739,1,0.384951230789017,0.970550926439639,3471,52,"PLA2G4F;SYTL3;ANXA8;RPH3A;SYT15;CPNE6;PLA2G4E"
"GOMF_CALCIUM_DEPENDENT_PROTEIN_BINDING",0.252380952380952,1,0.43058318283006,1.12381393073437,1748,66,"DMBT1;S100A5;A2M;CASQ2;SNTN;SPACA9;S100Z;S100A4;MASP1;STMN2;SNAP25"
"GOMF_CALCIUM_DEPENDENT_PROTEIN_SERINE_THREONINE_KINASE_ACTIVITY",0.60798203178991,1,0.50272617197032,0.907858790687865,3518,9,"PRKCB;PRKCA;PRKCG;MKNK1"
"GOMF_CALCIUM_DEPENDENT_PROTEIN_SERINE_THREONINE_PHOSPHATASE_ACTIVITY",0.519621749408983,1,-0.538309459580218,-0.970362814984113,2197,7,"PPM1F"
"GOMF_CALCIUM_DEPENDENT_PROTEIN_SERINE_THREONINE_PHOSPHATASE_REGULATOR_ACTIVITY",0.73721436343852,1,0.531975765208196,0.821143591623984,4064,4,"RCAN2;RCAN1;RCAN3"
"GOMF_CALCIUM_INDEPENDENT_PHOSPHOLIPASE_A2_ACTIVITY",0.557014512785073,1,0.526684193191733,0.951123894806276,3223,9,"PLA2G5;PNPLA8;PLB1"
"GOMF_CALCIUM_INDUCED_CALCIUM_RELEASE_ACTIVITY",0.987976406533575,1,-0.260486754584951,-0.438458834385111,4354,5,"RYR2;RYR1;PKD2;BNIP1;RYR3"
"GOMF_CALCIUM_ION_BINDING",0.879533678756477,1,0.279098766915784,0.883762023466283,8147,631,"PCDH11Y;PCDHB18P;EFCAB5;CDHR4;UNC13C;SGCA;CDH12;PKD2L1;S100A5;CUBN;PLA2G4F;GUCA1ANB-GUCA1A;CLEC3B;ITIH1;KCNIP4;UMODL1;CDHR5;NELL1;PLA2G5;F2;PLA2G2C;ANXA8;CAPNS2;CASQ2;STAB2;AOAH;RPH3A;CDH20;PCDHGC5;PNLIPRP2;CALML6;GRM7;CAPN14;DUOX1;SNTN;HRNR;NOTCH2NLB;CDH5;DLL4;SPOCK2;GJB2;CASR;PCDHB10;SPATA21;BGLAP;PCDHB9;AMY2B;CAPN9;ADGRE2;NOTCH2NLA;S100Z;CLEC6A;ATP2A1;S100A4;PCDHB11;THBD;CPNE6;EFHB;PCDHB1;PKDREJ;PCDHB14;RASGRP3;AOC3;CDH8;SPOCK3;FBN3;FBLN7;PCDHAC2;PCDHGA10;PCDHGC3;CDHR2;ADGRL4;TTN;PCDHGC4;PROC;DSG3;DLL1;NIN;HMCN1;PLA2G4E;MASP1;TRPM2;FAT4;SCIN;CDH11;PCDHGB7;SMOC2;MATN1;NOL3;PCDHB13;CACNA1B;DHH;ACTN3;PRRG3;CDH13;PCDHGA2;COLEC11;NOTCH2NLC;MATN4;CALB2;CPS1;TENM2;PCDH20;PCDHGB6;NCALD;CRACR2B;CCBE1;FKBP7;CLGN;TLL2;ITPR2;CRB1;MYL10;JAG1;THBS2;PCDHB8;TPO;EDIL3;EFHD1;CLXN;DNAH7;FBN1;CDHR3;DGKB;SMOC1;MASP2;ENPP2;P4HTM;CASQ1;PCDH10"
"GOMF_CALCIUM_ION_TRANSMEMBRANE_TRANSPORTER_ACTIVITY",0.997617787188989,1,0.240367320999067,0.6875725040047,7537,141,"PKD2L1;CACNG3;CNGB1;CACNA1F;FAIM2;CACNA1D;TRPC7;P2RX1;GRIK1;TRPC3;ATP2A1;PKDREJ;SLC24A5;TRPA1;TRPV3;GPM6A;ATP2B3;TRPM2;CNGA1;CACNB3;TRPC6;CACNA1B;MCOLN2;CACNG8"
"GOMF_CALCIUM_MONOATOMIC_CATION_ANTIPORTER_ACTIVITY",0.758221476510067,1,0.413213675723572,0.794473088482403,4518,12,"SLC24A5;SLC8A3;SLC8A2;SLC24A3;SLC24A4;SLC24A2"
"GOMF_CALCIUM_POTASSIUM_SODIUM_ANTIPORTER_ACTIVITY",0.492940125111707,1,0.647656169334369,1.03489304597633,2757,5,"SLC24A5;SLC24A3;SLC24A4;SLC24A2"
"GOMF_CALCIUM_SENSITIVE_GUANYLATE_CYCLASE_ACTIVATOR_ACTIVITY",0.126586869785999,1,0.838435790986241,1.29418710735271,697,4,"GUCA1ANB-GUCA1A;GUCA1B"
"GOMF_CALCIUM_SODIUM_ANTIPORTER_ACTIVITY",0.627332411886662,1,0.494258320105558,0.892566939612085,3630,9,"SLC24A5;SLC8A3;SLC8A2;SLC24A3;SLC24A4;SLC24A2"
"GOMF_CALMODULIN_BINDING",1,1,0.190267633154836,0.559826524779216,7878,192,"SRY;UNC13C;MYH15;RIT2;MYO1G;ENKUR;ADCY8;FAS;CEACAM1;MYH3;TTN;SCN2A;CAMK2A;ATP2B3;SPHK1;SPA17;RRAD;CAMK1G;NRGN;MYH6;UBR4;MYLK2;CACNA1S;SLC8A3;SLC8A2;MBP;PCP4;PHKA1;MYH14;RYR3;MYO6"
"GOMF_CALMODULIN_DEPENDENT_PROTEIN_PHOSPHATASE_ACTIVITY",0.417422867513612,1,-0.646852252129635,-1.08880040729921,1839,5,"PPM1F"
"GOMF_CAMP_BINDING",0.910804020100503,1,0.316351120718119,0.706693350398747,5799,25,"CNGB1;POPDC2;CNGA1;PDE4B;PDE10A;HCN1;POPDC1;RAPGEF4;RAPGEF3"
"GOMF_CAMP_DEPENDENT_PROTEIN_KINASE_ACTIVITY",0.0143134829475172,1,0.882987520704971,1.46265182461928,80,6,"PRKY;PRKAG1;PRKAA1"
"GOMF_CAMP_DEPENDENT_PROTEIN_KINASE_REGULATOR_ACTIVITY",0.975422170205651,1,0.282461658585484,0.550825568145588,5833,13,"PKIB;PKIG;PJA2;PRKAG1;PRKAR2B;PKIA;PRKAG2;PPP1R1B"
"GOMF_CAMP_RESPONSE_ELEMENT_BINDING",0.664760009947774,1,-0.408324393824623,-0.854687633806187,2672,13,"CREB5;ATF7;E4F1;HMGA2;JUN;ATF4;TCF12;CREB1"
"GOMF_CAMP_RESPONSE_ELEMENT_BINDING_PROTEIN_BINDING",0.934953538241601,1,-0.306680720266127,-0.602429107477933,3923,10,"CRTC1;DAPK3;DDIT3;CREM"
"GOMF_CARBOHYDRATE_BINDING",0.670451740311034,1,0.310502086310392,0.924964632661092,5431,222,"CD22;CLEC18B;GALNT15;CLEC7A;ENDOU;CLEC3B;ITIH1;CD209;ALDOB;MGAM2;SIGLEC11;CHI3L2;CLEC18C;CD33;REG1A;CLEC4D;CLEC1A;LGALS12;MGAM;SIGLEC10;PPP1R3G;PRG4;CLEC6A;DCDC1;GALNT5;CD34;SOST;CLEC2L;LGALS14;VTN;PTX3;BCAN;FAM3D;ASGR2;ACR;COLEC11;CLC;LY75;PPP1R3E;PPP1R3F;LAYN;C4B;LGALS9;FAM3B;PPP1R3C;ENPP2;P4HTM;ENG;HLA-DRA"
"GOMF_CARBOHYDRATE_DERIVATIVE_TRANSMEMBRANE_TRANSPORTER_ACTIVITY",0.982087708462014,1,-0.249199430780906,-0.691117473907533,3179,52,"SLC22A1;SLC5A1;SLC35D3;SLC5A2;SLC25A31;ABCC3;SLC25A24"
"GOMF_CARBOHYDRATE_KINASE_ACTIVITY",0.598933074684772,1,0.425773951426221,0.908039506771509,3704,20,"PFKFB1;PFKFB2"
"GOMF_CARBOHYDRATE_MONOATOMIC_CATION_SYMPORTER_ACTIVITY",0.894166666666667,1,0.350149264412595,0.693356518676912,5364,14,"SLC5A4;SLC45A1;MFSD4B"
"GOMF_CARBOHYDRATE_PHOSPHATASE_ACTIVITY",0.0635542681887886,1,0.746260751810433,1.40671729841574,372,11,"FBP2;PFKFB1;FBP1;PFKFB2"
"GOMF_CARBOHYDRATE_PROTON_SYMPORTER_ACTIVITY",0.402717015887635,1,-0.622511456938255,-1.08968269316663,1748,6,"SLC2A9;SLC45A4"
"GOMF_CARBOHYDRATE_TRANSMEMBRANE_TRANSPORTER_ACTIVITY",0.915915449176251,1,0.308253243815453,0.70969823715505,5892,30,"SLC5A4;AQP2;AQP11"
"GOMF_CARBON_CARBON_LYASE_ACTIVITY",0.21483451536643,1,0.457452373943044,1.15925544328466,1453,54,"GAD2;GAD1;ALDOB;URAD;ME3;GADL1"
"GOMF_CARBON_DIOXIDE_TRANSMEMBRANE_TRANSPORTER_ACTIVITY",0.20017873100983,1,0.776239262607616,1.24035661655479,1119,5,"RHAG;AQP6;RHBG"
"GOMF_CARBON_NITROGEN_LIGASE_ACTIVITY_WITH_GLUTAMINE_AS_AMIDO_N_DONOR",0.999310938845823,1,0.19781572065836,0.364829664456706,5800,10,"CPS1;ASNSD1;QRSL1;ASNS;CAD;GATC"
"GOMF_CARBON_NITROGEN_LYASE_ACTIVITY",0.621969322117763,1,-0.433326030294759,-0.886951913424149,2513,12,"SDS"
"GOMF_CARBON_OXYGEN_LYASE_ACTIVITY",0.94509936005389,1,-0.264560307952119,-0.778717443977677,2805,77,"UROC1;ALOXE3;ENSG00000274276;CA7;ETNPPL;CA5BP1;ENO4;ECHDC3;CYP1A1;FASN;CA5B;HACD4;L3HYPDH;EHHADH;APIP;CA14;NEIL1;HTD2;HMGA1;HMGA2;ECHS1;ENO1;POLG;CA10;ALKBH1;NTHL1;XRCC6"
"GOMF_CARBON_SULFUR_LYASE_ACTIVITY",0.999495713565305,1,-0.175385106875715,-0.380611896794264,3963,15,"CENPVL1;MGST2;CTH;ACCS;HCCS;CENPV;GLO1;SCLY"
"GOMF_CARBONATE_DEHYDRATASE_ACTIVITY",0.955191439558602,1,0.309811056624759,0.604159347281718,5712,13,"CA9;CA11;CA4"
"GOMF_CARBONYL_REDUCTASE_NADPH_ACTIVITY",0.298880275624462,1,0.629479628491187,1.16094333089632,1734,10,"DHRS2;CBR3;DHRS4L1"
"GOMF_CARBOXY_LYASE_ACTIVITY",0.23595333128646,1,0.490612829804502,1.15872187965402,1536,35,"GAD2;GAD1;URAD;ME3;GADL1"
"GOMF_CARBOXYLESTERASE_ACTIVITY",0.320567375886525,1,-0.641574932676389,-1.15651034291797,1355,7,"CES1;CES3;OVCA2"
"GOMF_CARBOXYLIC_ACID_TRANSMEMBRANE_TRANSPORTER_ACTIVITY",0.627402597402597,1,0.323447775890849,0.93775923220292,4830,164,"GRIA2;SLC26A10P;SLCO2B1;SLC17A8;SLC10A2;FABP2;SLC36A2;SLC6A12;ABCD2;GRID1;GRIK1;SLC1A2;SLC25A18;CD36;SLC26A1;CEACAM1;SLC32A1;SLC16A4;SLC16A14;SLC51B;SLC16A7;SLCO1B1;SLC7A9;SLC66A1LP;SLC6A20;SLC1A4;SLC36A1;ABCB1"
"GOMF_CARBOXYLIC_ESTER_HYDROLASE_ACTIVITY",0.948934459187776,1,-0.259555588457822,-0.824414131029353,2359,137,"PON1;PLAAT2;LIPN;PLA2G10;PLA2G2A;CES1;LIPH;ASPG;BAAT;LIPE;PLA2G4C;MGLL;ACOT2;ACOT1;PNPLA5;PLA2G4D;ACOT9;PLA2G3;PNPLA4;NOTUM;DAGLA"
"GOMF_CARBOXYPEPTIDASE_ACTIVITY",0.470251543907215,1,0.404930494423536,0.993546640944302,3121,44,"CPA5;CPA2;CNDP1;CPA4;CPA6;AGBL3;MATCAP2;AGBL4;CPQ;NAALAD2;MME;CPXM1;MINDY1;CPO;SCPEP1"
"GOMF_CARD_DOMAIN_BINDING",0.833498268184067,1,-0.360260124658919,-0.737397212623707,3368,12,"IRGM"
"GOMF_CARDIOLIPIN_BINDING",0.779905496145238,1,-0.374158113689656,-0.783172197633014,3135,13,"IRGM"
"GOMF_CARGO_ADAPTOR_ACTIVITY",0.997815401419989,1,-0.196125706727579,-0.477787999354628,3653,26,"AP2A2;AP1S2;COG3;AP2M1;AP1S3;AP1M1;AP4M1;AP4E1;AP2A1"
"GOMF_CARGO_RECEPTOR_ACTIVITY",0.217103368845379,1,0.439806625721954,1.15100486689424,1507,67,"LYVE1;DMBT1;CD163;CUBN;APOBR;ENDOU;MSR1;STAB2;ITGAM;ITGB2;PRG4;CD36;CXCL16;VTN;ASGR2;DAB2;ACKR3"
"GOMF_CARNITINE_O_ACYLTRANSFERASE_ACTIVITY",0.545856158331861,1,0.597765133810537,0.990186433171463,3088,6,"CROT;CPT1B;CPT2;CPT1A;CRAT;CPT1C"
"GOMF_CARNITINE_TRANSMEMBRANE_TRANSPORTER_ACTIVITY",0.600736817867833,1,-0.514119712660323,-0.899947056166908,2608,6,"SLC22A16;SLC22A1"
"GOMF_CASPASE_BINDING",0.312932226832642,1,0.655842448146158,1.15810202164138,1809,8,"NLRC4;NOL3"
"GOMF_CATALYTIC_ACTIVITY_ACTING_ON_A_GLYCOPROTEIN",0.823894491854151,1,-0.338821429067962,-0.763667107366072,3185,18,"ABO;MGAT4C"
"GOMF_CATALYTIC_ACTIVITY_ACTING_ON_A_NUCLEIC_ACID",1,1,0.133556660210292,0.423571300409225,9314,658,"DDX3Y;PMS2P1;DDX4;NME8;ENDOU;PIWIL1"
"GOMF_CATALYTIC_ACTIVITY_ACTING_ON_A_RRNA",0.29951560818084,1,-0.459043182715873,-1.09929396185635,1112,24,"METTL15P1;NSUN5;EMG1;SPOUT1;TRMT61B;TFB2M;DIMT1;TFB1M;BUD23;METTL15;NOP2;FTSJ3;FBL;MRM2"
"GOMF_CATALYTIC_ACTIVITY_ACTING_ON_A_TRNA",1,1,-0.157017062032705,-0.504285403579143,2354,153,"ADAD2;GGT1;TYW1B;B3GNTL1;TRMT5;WARS2;TSEN34;OSGEP;PRORP;TRMT61B;FARS2;EARS2;PUSL1;PTRH2;PUS3;DTD2;DUS2;LCMT2;RARS1;QTRT2;TRMT61A;ELP3;MRPL58;TARS2;THUMPD2;RPP40;NAT10;HARS2;YARS1;METTL2B;TYW5;GATB;PSTK;TRMT1;TRMU;DUS3L;RPP25;NSUN3;NSUN2;MARS2;HARS1;ALKBH1;PUS1;PUS10;FARSA;ELAC2;TRMT10B;TRUB1;KARS1;THG1L;GARS1;TRMT10C;RPP21;GTPBP3;METTL1;DUS1L;RPP14;PUS7"
"GOMF_CATALYTIC_ACTIVITY_ACTING_ON_DNA",1,1,-0.148331447754351,-0.502097088681134,1742,250,"PLD4;TERC;CHD5;PMS2P5;HFM1;MSH4;TREX1;MEIOB;RAD51C;DDX12P;CRY2;RAD51;TERT;POLA1;POLN;GEN1;TREX2;PRIMPOL;LIG1;TWNK;WRN;ALKBH4;TOP3B;EXOG;BRIP1;POLM;DDX3X;NME5;EME2;INO80;ALKBH3;SMARCA1;MCM5;SMARCA4;MSH5;POLE;CHTF18;SMUG1;CHD7;RTEL1;EXO1;NME1;RAD54L;MORC2;REV1;PGBD5;UPF1;MCM2;POLK;NEIL1;TEFM;ERCC1;MCM6;RFC1;LIG3;SND1;DDX1;HMGA1;HMGA2;TERF2;TOP1;PIF1;POLG;G3BP1;RAD50;RUVBL2;MYD88;ALKBH1;N4BP2;NTHL1;REXO2;BLM;DNMT3A;TDG;XRCC6;MSH3;ERCC4;RAD51B;ISG20;MCM4;TOP3A;MGME1;RBBP8;UNG;MCM7;TP53;DKC1;EXD2;WRNIP1;PCNA;MPG;MGMT;PTGES3;DHX30;POLD1;RFC3;ALKBH2;DNMT3B;MSH2;HELB;ERCC5"
"GOMF_CATALYTIC_ACTIVITY_ACTING_ON_RNA",1,1,0.155084301921332,0.481588438978239,8816,415,"DDX3Y;DDX4;ENDOU;PIWIL1;RNASE6;NSUN5P2;TRMT9B;PIWIL3;ANG;IFIH1"
"GOMF_CATECHOLAMINE_BINDING",0.863926174496644,1,0.371068083808669,0.713441069113926,5148,12,"DRD5;ADRA2A;DRD4"
"GOMF_CCR_CHEMOKINE_RECEPTOR_BINDING",0.084,1,0.693395843592148,1.37304451855589,503,14,"CCL22;CCL25;XCL1;CCL5;MSMP;CCL2;CCL27;CX3CL1"
"GOMF_CCR1_CHEMOKINE_RECEPTOR_BINDING",0.245387102910405,1,0.853760981311617,1.19494300202243,1289,2,"CCL5;CREB3"
"GOMF_CCR2_CHEMOKINE_RECEPTOR_BINDING",0.417158074947689,1,0.774642472704905,1.08420696434968,2192,2,"MSMP;CCL2"
"GOMF_CCR3_CHEMOKINE_RECEPTOR_BINDING",0.996248068858972,1,-0.265041713121372,-0.409158727505359,4513,3,"CCL26;NARS1;CCL27"
"GOMF_CCR5_CHEMOKINE_RECEPTOR_BINDING",0.50671019223794,1,0.664343135254113,1.02546233086352,2793,4,"CCL5;STAT3"
"GOMF_CD4_RECEPTOR_BINDING",0.315998617829993,1,0.638671211130835,1.1533580420369,1828,9,"CD22;HLA-DRB1"
"GOMF_CDP_ALCOHOL_PHOSPHATIDYLTRANSFERASE_ACTIVITY",0.877304964539007,1,-0.356442496251009,-0.642527337921602,3710,7,"CEPT1;PGS1;PTDSS2;CHPT1;CDIPT;SELENOI;CDS1"
"GOMF_CELL_ADHESION_MEDIATOR_ACTIVITY",0.35376121463078,1,0.38159607783752,1.05172302350307,2562,98,"NLGN4Y;CD209;VCAM1;CNTN5;CNTN6;ITGAM;CDH5;ITGB2;IZUMO1;CLDN9;ITGA10;HMCN1;NECTIN4;PKP3;GLDN;RPSA2;ITGB3;DSCAM;MADCAM1"
"GOMF_CELL_ADHESION_MOLECULE_BINDING",1,1,0.182425369998288,0.577456730652151,9273,620,"NLGN4Y;PCDH11Y;PCDHB18P;CDHR4;CDH12;CD226;CD209;CDHR5;VCAM1;CNTN5;CNTN6;JAML;CDH20;PCDHGC5;ITGAM;CDH5;ITGB2;CASR;PCDHB10;GPRC5A;ITGAX;PCDHB9;H3C2;NPHS1;PCDHB11;PCDHB1;PCDHB14;IZUMO1;CDH8;CLDN9;PCDHAC2;PCDHGA10;PCDHGC3;CDHR2;ITGA10;PCDHGC4;GFAP;HMCN1;NECTIN4;PKP3;GLDN;RPSA2;VTN;CDH11;PCDHGB7;KIRREL3;PCDHB13;ACTN3;CDH13;ITGB3;PCDHGA2;TENM4;DSCAM;MADCAM1;FN1;CTNNA3;TENM2;PCDH20;PCDHGB6;NRXN3;GFRA1;CCN3;ITGA2;PLPP3;PCDHB8;EDIL3;PRKCA;FBN1;CDHR3;EMILIN1;H3C12;PCDH10;DSP;TJP3;AHNAK;PCDH9;TLN2;THBS4;PCDHB16;PCDH8;PTPRT;CLSTN3;FERMT3;EVPL;LAMA5"
"GOMF_CELL_ADHESION_RECEPTOR_ACTIVITY",0.168918918918919,1,0.741895261429883,1.27254667245353,974,7,"CD209;ITGAM;ITGB2;ITGB3"
"GOMF_CELL_ADHESIVE_PROTEIN_BINDING_INVOLVED_IN_BUNDLE_OF_HIS_CELL_PURKINJE_MYOCYTE_COMMUNICATION",0.662913315460232,1,0.556713952710963,0.88957602125631,3708,5,"DSP;PKP2;DSC2;DSG2;JUP"
"GOMF_CELL_CELL_ADHESION_MEDIATOR_ACTIVITY",0.998697916666667,1,-0.22240980530324,-0.639634396401018,3067,66,"MYPN;NTNG2;TRIM29;PLXNB3;ESAM"
"GOMF_CELL_MATRIX_ADHESION_MEDIATOR_ACTIVITY",0.913787145818936,1,0.35574456224711,0.642428912761106,5288,9,"ITGA10;MADCAM1;ITGA2;EMILIN1;ITGA9"
"GOMF_CENTROMERIC_DNA_BINDING",0.924898391942039,1,0.359197170101507,0.595003195319896,5233,6,"MLH3;CENPC;CENPB;KIF2C;ZW10;MSH2"
"GOMF_CERAMIDE_1_PHOSPHATE_BINDING",0.591995841995842,1,0.544348340023852,0.933701433026908,3416,7,"GLTPD2;PLEKHA8P1;CERT1"
"GOMF_CERAMIDE_BINDING",0.980277098614507,1,0.269684885395633,0.562461698543379,6013,18,"GLTPD2;PLEKHA8P1;CERT1;CLN8"
"GOMF_CERAMIDE_TRANSFER_ACTIVITY",0.434474412171508,1,0.599391771222091,1.05842008849786,2512,8,"GLTPD2;MTTP;PLEKHA8P1;CERT1"
"GOMF_CGMP_BINDING",0.59404781809062,1,0.469094821960374,0.914776975800688,3552,13,"PDE6C;CNGB1;PDE11A;CNGA1;PDE10A"
"GOMF_CHANNEL_ACTIVATOR_ACTIVITY",0.3685,1,0.546065938988437,1.08130565134908,2210,14,"ABCC9;LRRC26;LRRC55;ANK2;ACTN2;SMDT1"
"GOMF_CHEMOATTRACTANT_ACTIVITY",0.867871170463472,1,0.329855973038145,0.745518086511456,5523,27,"FGF10;CCL5;S100A4;GDNF;WNT5A"
"GOMF_CHEMOKINE_ACTIVITY",0.251034043907095,1,0.525181681763056,1.16180782237041,1577,24,"CXCL8;CCL22;CCL25;XCL1;CXCL11;CCL5;CXCL2;CXCL1;CXCL16;CXCL6;CXCL14;CXCL5;CCL2;PF4"
"GOMF_CHEMOKINE_BINDING",0.286032453070315,1,0.509644385591452,1.12743618897669,1797,24,"CXCR6;A2M;CX3CR1;CCR4;ACKR1;CCR8;ACKR2;GPR182;ITGB3;ACKR3"
"GOMF_CHEMOKINE_RECEPTOR_BINDING",0.138700738916256,1,0.534564820661625,1.25610773461851,900,34,"CXCL8;CCL22;CX3CR1;CCL25;XCL1;CXCL11;CCL5;CXCL2;MSMP;CXCL1;CXCL16;CXCL6;CXCL14;CXCL5;CCL2;PF4"
"GOMF_CHEMOREPELLENT_ACTIVITY",0.807535959974984,1,0.344997682205212,0.785057818278834,5164,28,"SEMA6D;SEMA3E;NRG3;DPP4;SEMA3D;SEMA4A;SEMA5B;FLRT3;SEMA7A;FLRT2;EPHA7;SEMA3B;EFNA5;SEMA6A;SEMA4D"
"GOMF_CHITIN_BINDING",0.102737352737353,1,0.777101631672925,1.33293491272292,592,7,"CHI3L2;CHIT1;OVGP1;CTBS"
"GOMF_CHITINASE_ACTIVITY",0.13083109919571,1,0.809618962813987,1.29369420717151,731,5,"CHI3L2;CHIT1;OVGP1;CTBS"
"GOMF_CHLORIDE_CHANNEL_ACTIVITY",0.650745840504877,1,0.3421129421162,0.902453061093354,4536,71,"GLRA1;SLC17A8;AQP6;BEST2;CLIC5;GABRB2;GABRG1;GABRG3;GABRR1;GABRA1;BEST1;GABRP;CLIC6;GLRA3;CFTR;SLC1A4;CLDN4;GLRB;CLCNKB;FXYD1"
"GOMF_CHLORIDE_CHANNEL_INHIBITOR_ACTIVITY",0.784650034650035,1,0.447199605856948,0.767065649211688,4528,7,"CFTR;ANO9;STX7;STX8;STX1A;VAMP8"
"GOMF_CHLORIDE_CHANNEL_REGULATOR_ACTIVITY",0.94127936031984,1,-0.295084297051295,-0.63098838131718,3766,14,"C8orf44-SGK3"
"GOMF_CHLORIDE_ION_BINDING",0.907676348547718,1,0.366182992356506,0.646614541247644,5249,8,"AMY2B;WNK4"
"GOMF_CHLORIDE_TRANSMEMBRANE_TRANSPORTER_ACTIVITY",0.757893285537019,1,0.314192594323058,0.868743934374722,5496,103,"GLRA1;SLC26A10P;SLC17A8;SLC12A3;AQP6;BEST2;SLC6A12;CLIC5;GABRB2;GABRG1;GABRG3;SLC26A1;SLC6A2;GABRR1;GABRA1;SLC12A1;BEST1;GABRP;CLIC6;SLC12A7;GLRA3;CFTR;SLC1A4;CLDN4;GLRB;CLCNKB;SLC4A10;FXYD1;SLC4A1"
"GOMF_CHOLESTEROL_BINDING",0.995800839832034,1,-0.228266863957139,-0.623220178050759,3319,47,"SIDT1;MINAR2;NR1H3;OSBPL6;STAR"
"GOMF_CHOLESTEROL_TRANSFER_ACTIVITY",0.725593247332378,1,0.378322973936723,0.830717493638892,4555,23,"APOA5;APOA2;MTTP"
"GOMF_CHOLINE_TRANSMEMBRANE_TRANSPORTER_ACTIVITY",0.900086132644272,1,0.362082222550959,0.667784821749058,5224,10,"SLC44A3;SLC44A5;SLC44A4;SLC44A2;SLC44A1;FLVCR2"
"GOMF_CHONDROITIN_SULFATE_BINDING",0.043755383290267,1,0.774433670330239,1.42828070059464,253,10,"IMPG1;RTN4RL1;ADGRE2"
"GOMF_CHONDROITIN_SULFOTRANSFERASE_ACTIVITY",0.839716312056738,1,-0.381704925596955,-0.688065683230608,3551,7,"CHST7;CHST3;CHST11;CHST9;UST;CHST12;CHST13"
"GOMF_CHROMATIN_BINDING",1,1,0.234755663786784,0.74126358000419,9198,588,"UTY;TAL1;EBF2;DLX1;SOX14;SAMD11;NKX2-5;MPO;RAG2;EOMES;POU4F2;NEUROG1;SCML4;IKZF3;RIT2;FOXC1;GATA6;SETSIP;BAHCC1;HNF1B;H3C13;PDX1;RAD21L1;H3C2;SFMBT2;PRDM1;AIRE;DMRT1;ASCL1;NR5A1;FLI1;RBPJL;NR5A2;EGR2;EGR1;KDM6B;PITX2;HNF4A;ZNF750;L3MBTL1;GRHL3;PAX6;ARID3C;NEUROG3;CHD3;MLLT6"
"GOMF_CHROMATIN_DNA_BINDING",1,1,0.205874698891065,0.583517460127852,7481,129,"UTY;EOMES;H3C13;H3C2;KDM6B;PITX2;GRHL3;PAX6;NEUROG3;H1-1;H1-0;BCL6;KLF4;H3C12"
"GOMF_CHROMATIN_PROTEIN_ADAPTOR_ACTIVITY",0.951015531660693,1,-0.25815166026101,-0.815444527253937,2387,130,"MEG3;CDYL2;CHD5;CASC11;DPPA3;MORC4;PTENP1-AS"
"GOMF_CHROMO_SHADOW_DOMAIN_BINDING",0.0111327089591801,1,0.895585630972241,1.48352035167894,62,6,"SP100;NIPBL"
"GOMF_CILIARY_NEUROTROPHIC_FACTOR_RECEPTOR_BINDING",0.977434952797605,1,-0.264726238080591,-0.463393238547482,4244,6,"CLCF1;CNTF;CRLF1;OSMR;LIFR;IL6ST"
"GOMF_CIS_REGULATORY_REGION_SEQUENCE_SPECIFIC_DNA_BINDING",0.673175745118191,1,0.298007914606304,0.958983100623887,6549,1054,"UTY;ZFY;SRY;SOX17;FOXB2;TAL1;EVX1;EBF2;HSFX4;BHLHE22;MYT1L;DLX1;FOXD4;ZBTB20;HOXB2;EN2;GFI1;TPRX2;SOX14;SP5;EGR3;GATA5;NKX2-5;OLIG3;ZSCAN5C;ZIC4;FOXQ1;HOXB1;SP9;RAX2;DPRX;EOMES;TFEC;POU4F2;TBX4;EBF1;FOXE1;NR2E1;HSF4;DMRTC2;PROX1;NEUROG1;BHLHE23;FOXA2;IKZF3;HOXD1;TBX3;GATA4;SIX6;PROX2;CDX1;TBX5;FOXC1;GATA6;PITX3;HNF1B;GCM2;SKOR1;SP7;FOXP2;ZIC1;PDX1;TLX1;TAL2;PAX5;TBX10;NR1I3;IRX1;ESR2;CREB3L3;EBF3;PAX7;MEF2C;PRDM1;DMRT1;CDX4;ASCL1;NR5A1;SIX3;FLI1;SOX21;MIXL1;FOXI2;RBPJL;RFX8;RAX;IRX5;POU3F3;NR5A2;PAX8;POU4F3;FEZF1;CARF;NTN1;TFAP2E;MSX1;GATA3;CDX2;MYF6;SOX18;MAFB;TBX6;EGR2;PLAGL1;ZNF774;EGR1;SP8;KDM6B;POU3F2;ONECUT2;TWIST1;TBXT;PITX2;IRF8;TBX1;NANOGP1;HNF4A;ZNF75D;ZNF750;GRHL3;PAX6;MSX2;TFAP2C;TFEB;FOXF2;NKX3-2;OVOL3;IRF5;MEOX2;NEUROG3;NFATC4;FOXD1;ZNF283;FOXP3;NKX2-6;GZF1;NFKB2;LHX1"
"GOMF_CIS_TRANS_ISOMERASE_ACTIVITY",0.541666666666667,1,-0.356417797549785,-0.942775832154275,1845,39,"FKBP6;PPIL6"
"GOMF_CLASS_I_DNA_APURINIC_OR_APYRIMIDINIC_SITE_ENDONUCLEASE_ACTIVITY",0.735893788525367,1,-0.422705449201328,-0.788067653229726,3103,8,"NEIL1;ALKBH1;NTHL1;NEIL3;NEIL2;OGG1"
"GOMF_CLATHRIN_ADAPTOR_ACTIVITY",0.997627833421191,1,-0.19047435848113,-0.443892670357105,3784,21,"AP2A2;AP1S2;AP2M1;AP1S3;AP1M1;AP4M1;AP2A1;AP2S1;STON1;LDLRAP1;AP1G1;AP1G2;STON2;AP3M2;AP3M1;AP2B1;AP1M2;HIP1R;HIP1;AP1S1;DAB2"
"GOMF_CLATHRIN_BINDING",0.906934854398079,1,-0.284343280875048,-0.773958224485741,3020,46,"CCDC158"
"GOMF_CLATHRIN_HEAVY_CHAIN_BINDING",0.973384950399226,1,-0.26070068838211,-0.524354788774765,4022,11,"LDLR;PICALM;LMBRD1;CLTA;CLTB;CEMIP;DNAJC6;GPR107;LRP1;SNAP91;TOM1"
"GOMF_CLATHRIN_LIGHT_CHAIN_BINDING",0.948717948717949,1,0.3299391612333,0.565932960577651,5475,7,"CALY;HIP1;HIP1R"
"GOMF_CO_RECEPTOR_BINDING",0.353290450272143,1,-0.528425622293565,-1.08160619032467,1427,12,"WNT3A"
"GOMF_CO_SMAD_BINDING",0.0228318282501278,1,0.789843609642565,1.48887190708049,133,11,"USP9Y;GATA4;PAX6"
"GOMF_COA_LIGASE_ACTIVITY",0.917445899011488,1,-0.302214154243454,-0.709972810983487,3433,22,"ACSL5;ACSL6;ACSS2;ACSL4;AACS;ACSF3"
"GOMF_COA_TRANSFERASE_ACTIVITY",0.511343012704174,1,-0.596447383597985,-1.00395747569243,2253,5,"OXCT1;ACAA1;SUGCT;ACSM3;OXCT2"
"GOMF_COBALAMIN_BINDING",0.0530774550484094,1,0.794305519608699,1.40260337015383,306,8,"CUBN;MTR"
"GOMF_COBALT_ION_BINDING",0.00893655049151028,1,0.916310706093972,1.46417747964157,49,5,"MYT1L;ANKLE1"
"GOMF_COENZYME_A_BINDING",0.573956442831216,1,-0.559990177596378,-0.942591652797244,2529,5,"HMGCR;NME1"
"GOMF_COENZYME_A_DIPHOSPHATASE_ACTIVITY",0.623185117967332,1,-0.530472695894591,-0.892906974428199,2746,5,"FITM1"
"GOMF_COLLAGEN_BINDING",0.915468153800998,1,0.291781166543826,0.746698705724857,6237,58,"GP6;ADGRG6;ITGA10;PDGFA;VTN;FN1;DDR2;CCBE1;ITGA2;ADGRG1;SMAD4;LOX;CTSK;TMEM131;PDGFB;SMAD3;CRTAP;PCOLCE2;PCOLCE;NID1;TNXB;CTSB;RELL2"
"GOMF_COLLAGEN_BINDING_INVOLVED_IN_CELL_MATRIX_ADHESION",0.960321715817694,1,0.327721726349334,0.523668192588752,5372,5,"ITGA10;ITGA2;ITGB1"
"GOMF_COLLAGEN_RECEPTOR_ACTIVITY",0.671143311539141,1,0.529422218669125,0.876977710298939,3797,6,"GP6;DDR2;ITGA2;OSCAR"
"GOMF_COMPLEMENT_BINDING",0.891980899061419,1,0.344192069357974,0.701404387704276,5416,16,"CFB;ITGAM;ITGB2;PTX3;C4B;MASP2;CR2;CR1"
"GOMF_COMPLEMENT_COMPONENT_C1Q_COMPLEX_BINDING",0.219203315680405,1,-0.725598244117862,-1.27013220398569,951,6,"CD93;C4A"
"GOMF_COMPLEMENT_COMPONENT_C3B_BINDING",0.630384271671135,1,0.576990148310265,0.92197545604613,3526,5,"ITGAM;ITGB2;CR1"
"GOMF_COMPLEMENT_RECEPTOR_ACTIVITY",0.442553191489362,1,-0.577750374829301,-1.04145946183943,1871,7,"C5AR2;FPR3"
"GOMF_CONNEXIN_BINDING",0.396425379803396,1,0.690966799295675,1.10409931912876,2217,5,"CAV3;GJA5;CNST;SRC"
"GOMF_COPPER_CHAPERONE_ACTIVITY",0.905879563774301,1,-0.332615550257633,-0.620109243007184,3820,8,"SCO2;SCO1;COX17;ATP7A;PARK7;CCS;COX11;ATOX1"
"GOMF_COPPER_ION_BINDING",0.333579444772593,1,0.421572164024536,1.07375272250706,2258,56,"S100A5;PRND;HEPHL1;ALB;DCT;ANG;AOC3;ACR;IL1A;F5;SOD3;MTCO2P12;MOXD1;LACC1;LOXL4;LOX;SNAI3"
"GOMF_COPPER_ION_TRANSMEMBRANE_TRANSPORTER_ACTIVITY",0.515419265419265,1,0.583143453770376,1.00024531795542,2974,7,"SLC46A3;SLC39A11;SLC31A2"
"GOMF_CORE_PROMOTER_SEQUENCE_SPECIFIC_DNA_BINDING",1,1,-0.166159651892641,-0.450637498395088,3345,45,"MYC;SMARCA4;AGO1;TAF1C;GTF2A1;TAF1;RRN3;H2AZ1;EZH2;ZNF143;RUVBL2;NPM1;TAF4;TP53;SMARCB1;TAF1B;DRAP1;H3-3B;RELA;CEBPB;H3-3A;UBTF;THAP11;FOS;TBP;TBPL1;GTF2B;SNAPC3;PARK7;HDAC1;RFX7;KLF10;ZBTB17;AGO2;BAZ2A;POU2F1;REST;NR3C1;AR;FOXP1;STAT1;JPH2;ISL1;GBX2;PAX6"
"GOMF_CORECEPTOR_ACTIVITY",0.574933095450491,1,0.372840634048772,0.934475711615509,3866,50,"CXCR6;ZP2;IL2RG;CD8A;CCR8;IL2RB;IL10RB;NRP1;ITGB3;TMIGD2;ACKR3;ROR2;CXCR4;ENG;IL1RAP;HJV;IL6ST;ITGA4;KDR"
"GOMF_CORTICOTROPIN_RECEPTOR_ACTIVITY",0.675869336143309,1,-0.603695820893568,-0.873494441439354,3206,2,"MC5R"
"GOMF_CORTICOTROPIN_RELEASING_HORMONE_RECEPTOR_BINDING",0.563974591651543,1,-0.566009332065582,-0.952723267576491,2485,5,"UCN"
"GOMF_CREATINE_KINASE_ACTIVITY",0.0978586230716095,1,-0.802396509632381,-1.40456465476818,424,6,"CKM;CKMT2"
"GOMF_CROSSOVER_JUNCTION_DNA_ENDONUCLEASE_ACTIVITY",0.806306306306306,1,-0.391405368418402,-0.729713588348124,3400,8,"RAD51C;GEN1;TEFM"
"GOMF_CTPASE_ACTIVITY",0.990329265484688,1,-0.244732390033836,-0.428394765919349,4300,6,"DDX3X;ABCE1;ENTPD7;ENTPD1;ENTPD4;NTPCR"
"GOMF_CULLIN_FAMILY_PROTEIN_BINDING",0.221243808475509,1,-0.487194418809797,-1.17223606991487,803,25,"GMCL2"
"GOMF_CUPRIC_ION_BINDING",0.208938294010889,1,-0.757393081373671,-1.27486592613731,920,5,"MUC2"
"GOMF_CUPROUS_ION_BINDING",0.265068818224964,1,-0.624054882297878,-1.19695061157946,1116,9,"MUC2;SNCB"
"GOMF_CXCR_CHEMOKINE_RECEPTOR_BINDING",0.709731543624161,1,0.430720653447092,0.828133210301076,4229,12,"CXCL8;CXCL11;CXCL6;CXCL5;PF4;CCL27;CX3CL1;ITCH"
"GOMF_CXCR3_CHEMOKINE_RECEPTOR_BINDING",0.440935894997147,1,0.761648469936952,1.06602026688317,2317,2,"CXCL11;PF4"
"GOMF_CYCLASE_ACTIVATOR_ACTIVITY",0.0964063579820318,1,0.745127845966965,1.3456050288692,557,9,"GUCA1ANB-GUCA1A;RAF1"
"GOMF_CYCLASE_ACTIVITY",0.360491432266408,1,0.507388564986066,1.08209734472516,2229,20,"GUCY2F;ADCY4;ADCY8;ADCY5;ADCY7;GUCY2C;GUCY1A2;DGLUCY;ADCY1;ADCY6"
"GOMF_CYCLASE_INHIBITOR_ACTIVITY",0.89556458738293,1,0.391828027258614,0.649055581837917,5067,6,"GRM7;ADGRV1;RGS2"
"GOMF_CYCLASE_REGULATOR_ACTIVITY",0.356196156394964,1,0.543304293114088,1.09177943760726,2149,15,"GUCA1ANB-GUCA1A;GRM7;ADGRV1"
"GOMF_CYCLIC_NUCLEOTIDE_ACTIVATED_MONOATOMIC_ION_CHANNEL_ACTIVITY",0.92674253200569,1,-0.314745780009703,-0.586793874280217,3908,8,"CNGA2"
"GOMF_CYCLIC_NUCLEOTIDE_BINDING",0.642241379310345,1,0.379150442759964,0.890918716172472,4171,34,"PDE6C;CNGB1;POPDC2;PDE11A;STING1;CNGA1;PDE4B;PDE10A;HCN1;POPDC1;PDE5A;RAPGEF4"
"GOMF_CYCLIC_NUCLEOTIDE_DEPENDENT_PROTEIN_KINASE_ACTIVITY",0.0551521438450899,1,0.791866194809697,1.39829595304604,318,8,"PRKY;PRKAG1"
"GOMF_CYCLIC_NUCLEOTIDE_PHOSPHODIESTERASE_ACTIVITY",0.220977917981073,1,0.526692264617523,1.18263249699432,1400,26,"PDE6A;PDE6C;PDE4C;PDE11A;MPPED1;PDE4B;PDE10A"
"GOMF_CYCLIN_BINDING",0.645714285714286,1,-0.348084308262577,-0.888521995587365,2259,33,"CDK15;MDFIC;POLN;FBXW7;CDK14;FBXO31;GPS2;GAK;RBM4;CDK1;TNFAIP1;UBE3D;XRCC6;CDK2;INCA1"
"GOMF_CYCLIN_DEPENDENT_PROTEIN_KINASE_ACTIVITY",0.75420403587444,1,-0.331961844493092,-0.830454195759785,2690,30,"CDK15;MOK;CDK9;CDK19;CDK14"
"GOMF_CYCLIN_DEPENDENT_PROTEIN_KINASE_REGULATOR_ACTIVITY",0.11996336996337,1,-0.446593198731434,-1.23299687567029,392,50,"CDKN2B;CDKN2C;CDK5R2;CCNB3;CDKN1C;CCNP;CCNE2;CCNE1;CCNQ;SAP30BP;MNAT1;CASP3;CCNY;CDKN2D;CCNO;CCNH"
"GOMF_CYCLIN_DEPENDENT_PROTEIN_SERINE_THREONINE_KINASE_ACTIVATOR_ACTIVITY",0.982508745627186,1,-0.248319044679974,-0.530988716168817,3931,14,"CDK5R2;MNAT1;CCNY;CDK5R1"
"GOMF_CYCLIN_DEPENDENT_PROTEIN_SERINE_THREONINE_KINASE_INHIBITOR_ACTIVITY",0.0281024620741109,1,-0.742945599810615,-1.55510282107119,112,13,"CDKN2B;CDKN2C"
"GOMF_CYCLOHYDROLASE_ACTIVITY",0.972549909255898,1,-0.280556730362567,-0.472241197713381,4286,5,"GCH1;MTHFD2L;MTHFD1;MTHFD2;ATIC"
"GOMF_CYCLOSPORIN_A_BINDING",0.983759502418798,1,0.266341350994128,0.480978214991314,5693,9,"PPIC;NKTR;PPIE"
"GOMF_CYSTEINE_TYPE_ENDOPEPTIDASE_ACTIVATOR_ACTIVITY",0.776675538349867,1,-0.384507316430102,-0.773370618774683,3209,11,"NLRP1;BAD;AIM2;CARD8"
"GOMF_CYSTEINE_TYPE_ENDOPEPTIDASE_ACTIVATOR_ACTIVITY_INVOLVED_IN_APOPTOTIC_PROCESS",0.973868860391967,1,-0.259717168573307,-0.52237660711057,4024,11,"NLRP1"
"GOMF_CYSTEINE_TYPE_ENDOPEPTIDASE_ACTIVITY",1,1,0.194665672746242,0.518796584308396,7033,76,"ADGB;CAPNS2;CAPN14;CAPN9;CASP4;SENP7;MALT1;CTSO;USP20;CTSV;CASP7;CTSK;CASP8;CTSH;SENP2;USP27X;USP2"
"GOMF_CYSTEINE_TYPE_ENDOPEPTIDASE_INHIBITOR_ACTIVITY",0.86115992970123,1,0.338194497147749,0.7367347854549,5389,22,"CST1;SERPINB3;CST11;FETUB;NAIP"
"GOMF_CYSTEINE_TYPE_ENDOPEPTIDASE_INHIBITOR_ACTIVITY_INVOLVED_IN_APOPTOTIC_PROCESS",0.490254872563718,1,-0.455466275187125,-0.973938398609299,1961,14,"BIRC7;VIL1;BIRC3;CD27"
"GOMF_CYSTEINE_TYPE_ENDOPEPTIDASE_REGULATOR_ACTIVITY_INVOLVED_IN_APOPTOTIC_PROCESS",0.592521308770965,1,-0.373013746034175,-0.913335355249812,2154,27,"BIRC7;NLRP1;VIL1;BIRC3;CD27;BID"
"GOMF_CYSTEINE_TYPE_EXOPEPTIDASE_ACTIVITY",0.747926744989634,1,0.442335897575155,0.798801724359239,4328,9,"MINDY1;SCRN1;ACTMAP;MINDY2;SCRN2;CTSZ;ATG4D"
"GOMF_CYSTEINE_TYPE_PEPTIDASE_ACTIVITY",0.998164175190139,1,0.239468521400685,0.690111815587585,7611,154,"USP9Y;ADGB;CAPNS2;CAPN14;CAPN9;CASP4"
"GOMF_CYTIDINE_DEAMINASE_ACTIVITY",0.278552971576227,1,0.639247893106235,1.17895884902587,1616,10,"AICDA;APOBEC3H;APOBEC3D;APOBEC3B"
"GOMF_CYTIDYLYLTRANSFERASE_ACTIVITY",0.887517797816801,1,-0.345942325133763,-0.663524778646678,3739,9,"CRPPA;PCYT2;PCYT1B;CMAS;TAMM41"
"GOMF_CYTOCHROME_B5_REDUCTASE_ACTIVITY_ACTING_ON_NAD_P_H",0.887907137907138,1,0.386092561211525,0.662250899246674,5124,7,"CYB5R4;CYB5R2;CYB5R1;CYB5RL"
"GOMF_CYTOCHROME_B5_REDUCTASE_ACTIVITY_ACTING_ON_NADH",0.620196604110813,1,0.583487720645281,0.932357959515752,3469,5,"CYB5R4;CYB5R2;CYB5R1;CYB5RL;CYB5R3"
"GOMF_CYTOCHROME_C_OXIDASE_ACTIVITY",0.0606814225317085,1,-0.698524693506839,-1.46212282802035,243,13,"COX7A1"
"GOMF_CYTOKINE_ACTIVITY",0.927119091629258,1,0.277874162644226,0.795617431021533,7021,143,"IL12B;CXCL8;CCL22;IL7;CCL25;XCL1;BMP5;WNT7B;IL37;CXCL11;CCL5;IL15;LTB;INHBA;CXCL2;INHBC;WNT9B;CMTM5;WNT4;MSMP;IL32;AREG;TNFSF10;CXCL1;CXCL16;CXCL6;GDF7;IL6;GDF1;WNT5A;BMP8B;FAM3D;TNFSF13;BMP3;IL1A;CXCL14;THNSL2;FLT3LG;CTF1;IL18;CXCL5;TNFSF4;FAM3B;CCL2;NODAL;WNT2B;PF4;TSLP;CMTM1"
"GOMF_CYTOKINE_BINDING",0.083581685180168,1,0.443644768571144,1.24604602356287,616,118,"IL9R;MICOS10-NBL1;IL1RAPL1;WFIKKN2;IL12B;CXCR6;GBP1;A2M;IL5RA;CX3CR1;IL2RG;IL31RA;TCAP;CCR4;ACKR1;CCR8;ACKR2;CD36;IL2RB;GPR182;SOST;TMC8;NRP1"
"GOMF_CYTOKINE_RECEPTOR_ACTIVITY",0.427978235967927,1,0.38358793991036,1.01645728943492,2988,73,"IL9R;IL12B;CXCR6;IL5RA;CX3CR1;IL2RG;IL31RA;CCR4;IL17REL;CCR8;ACKR2;IL2RB;IL10RB;MPL;IL17RB;GFRA3;ACKR3;GFRA1;GHR;IL22RA1"
"GOMF_CYTOKINE_RECEPTOR_BINDING",0.486399794713882,1,0.338875121208609,0.990708954065897,3790,179,"IL12B;CXCL8;CCL22;IL7;CX3CR1;CCL25;XCL1;IL37;CXCL11;CDH5;AMH;CCL5;IL15;LTB;CXCL2;INHBC;TLR5;MSMP;NGF;GATA3;TNFSF10;CXCL1;CXCL16;CXCL6;IL6;NOL3;TNFSF13;ITGB3;ECM1;ERAP1;IL1A;CXCL14;CTF1;IL18;CXCL5;TNFSF4;GH2;ENG;CCL2;PF4;PIK3R1;TSLP;PIDD1;EBI3;TRAF3;CD70;CASP8AP2"
"GOMF_CYTOSKELETAL_ANCHOR_ACTIVITY",0.970463472113119,1,0.277394829258598,0.62694896931009,6176,27,"GAS2L2;EPB41L3;SORBS2;ANK2;ANK1;SPTBN4;INSC;MARK4"
"GOMF_CYTOSKELETAL_MOTOR_ACTIVITY",0.135730007336757,1,-0.376650100114079,-1.16287106005179,369,108,"MYO16;MYL1;MYH7B;MYH4;MYO7B;DNAH6;MYO1A;MYH11;KIF27;KIF6;ACTC1;MYO3A;DNAH12;MYH7;MYO15A;DNAH1"
"GOMF_CYTOSKELETAL_PROTEIN_BINDING",1,1,-0.150484779699889,-0.556302756575088,322,971,"MYO16;FSCN2;STMN4;PFN3;SLC6A4;ACTR3C;MYOC;MYH7B;MYL2;KBTBD13;MYOT;MYH4;MYO7B;MYPN;MYL4;ANKRD1;SPATA32;UNC5C;MYBPC3;TMSB15C;NRAP;CCDC170;SNTG1;MYO1A;SGIP1;KCNE1;CRYAB;TTLL6;MYH11;VIL1;TNNT3;FLNC;USH1G;TRIM63;MICAL2;SYNE3;PRKCE;KIF27;DNAL1;BCL2L11;KIF6;CDK5R2;TOGARAM1;TNNC2;TNNI1;ACTC1;GC;MYO3A;PDLIM4;LCP1;LYN;EPB41L4A;MYH7;TRPC5;PHACTR3;TAGLN;EML6;AGBL1;MYO15A;PTPRN;NEXN;SCN5A;RCSD1;APC2;CAPN6;FABP3;KLHL4;HCLS1;SLC8A1;PDLIM7;SPTBN5;CSRP1;KCNC1;RAB11FIP5;FGF13;KCNA2;LRRK2;GAS8;MAP2;MTSS2;MID2;VCL;PKNOX2;MAP6D1;MYH2;CNN1;PPP2R2A;CALD1;NFKB1;IFT88;PICK1;GAS2;TTLL5;TAGLN2;HSPA2;ACTB;INF2;IPP;SPAG8;CAPN2;EML1;MAP1A;NDE1;ABLIM1;FMNL3;MICAL3;B9D2;MAGI1;TPM2;RHCG;CNN2;MAST1;OFD1;SHROOM2;KIF26A;ALKBH4;MAPK8IP1;SYNPO;RAE1;STK38L;AJUBA;SNTB2;ANKRD23;TUBGCP3"
"GOMF_CYTOSKELETON_NUCLEAR_MEMBRANE_ANCHOR_ACTIVITY",0.912528715320728,1,0.374688306651038,0.620663964705977,5163,6,"AKAP6;SUN2;SYNE1"
"GOMF_D_GLUCOSE_BINDING",0.459658281917418,1,-0.525774751614557,-1.00844721890612,1936,9,"HKDC1;GCK"
"GOMF_D_GLUCOSE_SODIUM_SYMPORTER_ACTIVITY",0.602403251457855,1,0.568376626036835,0.941504935970095,3408,6,"SLC5A4;MFSD4B"
"GOMF_D_LOOP_DNA_BINDING",0.841424682395644,1,-0.397631589065324,-0.669304983794955,3708,5,"WRN;BLM;RECQL4;POT1;RAD51AP1"
"GOMF_D_MANNOSE_BINDING",0.90839445802771,1,0.327612622685339,0.683277269875618,5572,18,"CD209;CLEC4D;CLEC6A;ASGR2;ACR;COLEC11"
"GOMF_D1_DOPAMINE_RECEPTOR_BINDING",0.308274231678487,1,-0.649562688968766,-1.17090916415979,1303,7,"PTGER1"
"GOMF_DAMAGED_DNA_BINDING",1,1,-0.206815465864847,-0.604033428596045,3017,73,"CRY2;WRN;H2AX;KDM4D;ZNF432;XPA;REV1;POLK;NEIL1;ERCC1;RPA2;PARP2;PARP1;NTHL1;BLM;TDG;XRCC6;MSH3;ERCC4;HMGB1;RBBP8;RPA1;UNG;PCNA;MPG;POLD1;FANCG;MSH2;ERCC5;NEIL3;ERCC2;FEN1;HMCES;XRCC5;AUNIP;NEIL2;CREBBP;RAD18;OGG1;APEX1;ERCC3;DCLRE1B;MSH6;RECQL4;HMGB2;APTX;DDB1;RPA3;POLB;SDE2;RAD23B;POLQ;NBN;CUL4B;RAD23A;XPC;PNKP;DCLRE1A;SIRT6;POT1;BRCA1;CYREN;RPS3;EP300;MUTYH;XRCC1;SMC6;RAD1;DCLRE1C;POLH;POLI;DDB2;XNDC1N"
"GOMF_DCMP_KINASE_ACTIVITY",0.6702740041446,1,-0.477110038489124,-0.835163025327631,2910,6,"CMPK2"
"GOMF_DEACETYLASE_ACTIVITY",0.673475258918297,1,-0.338375740155393,-0.879613625218317,2340,36,"CES1;SIRT4;SIRT2;SIRT7;HDAC9;SIRT5;YDJC;HDAC10;MIER2;ADPRS;NDST1;PIGL;OARD1;HDAC5"
"GOMF_DEACYLASE_ACTIVITY",0.999715666761444,1,0.210157453136594,0.560083179104425,7031,76,"ACOT6;THEM5;ABCD2;PRORSD1P;NDST3;ACOT4;ACOT13;AMDHD2;CES2;PPT2;VARS2;DTD1;ABCD1;ACOT12;MACROD1;HDAC6"
"GOMF_DEAD_H_BOX_RNA_HELICASE_BINDING",0.427904564315353,1,0.603293939281959,1.06531062864465,2474,8,"SP7;SMAD5;SMAD3"
"GOMF_DEAMINASE_ACTIVITY",0.883970305196591,1,-0.306619610086554,-0.750767320192281,3214,27,"GDA;ADAD2;APOBEC2;AMPD3"
"GOMF_DEATH_DOMAIN_BINDING",0.0332225913621262,1,-0.796667968457403,-1.52802620269493,139,9,"IRGM;TRADD"
"GOMF_DEATH_RECEPTOR_ACTIVITY",0.963939318577468,1,-0.282012778711463,-0.590297415940163,3875,13,"TNFRSF4;TNFRSF18;TNFRSF1B"
"GOMF_DEATH_RECEPTOR_BINDING",0.946168768186227,1,0.303196190589087,0.646620391959845,5852,20,"NGF;NOL3;PIDD1;CASP8AP2;CASP8"
"GOMF_DEHYDROASCORBIC_ACID_TRANSMEMBRANE_TRANSPORTER_ACTIVITY",0.398581560283688,1,-0.601266705052172,-1.08385026881309,1685,7,"SLC2A14;SLC2A6;SLC23A1;SLC2A1"
"GOMF_DELAYED_RECTIFIER_POTASSIUM_CHANNEL_ACTIVITY",0.767298958055036,1,-0.344751556189481,-0.809903268930294,2871,22,"KCNE1;KCNH5;KCNH1;KCNQ1;KCNC1;KCNE4;KCNA2;KCNE3;KCNE5"
"GOMF_DELTA_CATENIN_BINDING",0.981369465279458,1,-0.242732688694868,-0.488215234486749,4055,11,"DACT1;PTPRJ;CCDC85B"
"GOMF_DENEDDYLASE_ACTIVITY",0.963244389468104,1,0.307943709627807,0.510102825017882,5450,6,"SENP8;USP21;COPS4;OTUB1;COPS5;UCHL3"
"GOMF_DEOXYNUCLEOSIDE_KINASE_ACTIVITY",0.922609472743521,1,0.372558864451947,0.5953136807674,5161,5,"TK2;ADK;DCK;DGUOK;TK1"
"GOMF_DEOXYNUCLEOSIDE_PHOSPHATE_KINASE_ACTIVITY_ATP_AS_PHOSPHATE_DONOR",0.622569938359412,1,-0.470267237255936,-0.876739106995995,2625,8,"CMPK2"
"GOMF_DEOXYRIBONUCLEASE_I_ACTIVITY",0.670656510700036,1,0.573243813785051,0.884843849876256,3697,4,"DNASE1L1;DNASE1L2;DNASE1"
"GOMF_DEOXYRIBONUCLEOTIDE_BINDING",0.852994555353902,1,-0.389283977989956,-0.655254043554873,3759,5,"TREX1;DCTPP1;HSP90AA1"
"GOMF_DERMATAN_4_SULFOTRANSFERASE_ACTIVITY",0.804468275245755,1,0.468366702731524,0.748405506770481,4500,5,"CHST14;CHST13;CHST8;CHST9;CHST11"
"GOMF_DERMATAN_SULFOTRANSFERASE_ACTIVITY",0.753843435235907,1,0.481192239607583,0.797085678733881,4265,6,"CHST14;CHST13;UST;CHST8;CHST9"
"GOMF_DESUMOYLASE_ACTIVITY",0.942080378250591,1,-0.30372591994463,-0.547499831957145,3984,7,"SENP3;DESI1;SENP5;USPL1;SENP1;HINT1;SENP2"
"GOMF_DEUBIQUITINASE_ACTIVATOR_ACTIVITY",0.977658623771224,1,0.299780845092083,0.47902131808851,5469,5,"WDR48;WDR20;DMWD;VCP;TANK"
"GOMF_DEUBIQUITINASE_ACTIVITY",0.339130434782609,1,0.385578295568655,1.06176792570608,2456,97,"USP9Y;MINDY1;USP20;USP40;USP31;USP27X;USP2;PAN2;OTUD3;JOSD2;OTUD7B;USP32;USP38;OTUB2;MPND;USP48;USP45;TNFAIP3;USP21;OTUD5;USP5;PRPF8;USP51;OTUD1;CYLD;USP8;USP46;USP9X;USP28"
"GOMF_DIACYLGLYCEROL_BINDING",0.52766732935719,1,0.477392846520621,0.959329237957198,3184,15,"UNC13C;RASGRP3;PRKCA"
"GOMF_DIACYLGLYCEROL_DEPENDENT_SERINE_THREONINE_KINASE_ACTIVITY",0.961834561834562,1,0.295226179502117,0.609269651189627,5871,17,"PRKCB;PRKCQ;PRKCA;PRKCG;SMG1;PRKCH;PRKD3;PRKCZ;PRKD1;PRKCD;PKN3"
"GOMF_DIACYLGLYCEROL_O_ACYLTRANSFERASE_ACTIVITY",0.341912421805183,1,0.714440624333536,1.14160826205925,1912,5,"MOGAT3;MOGAT1"
"GOMF_DIAMINE_OXIDASE_ACTIVITY",0.977895463965001,1,-0.264111042756075,-0.462316362466616,4246,6,"AOC1;LOXL1;LOXL2;LOXL3;LOX;LOXL4"
"GOMF_DICARBOXYLIC_ACID_TRANSMEMBRANE_TRANSPORTER_ACTIVITY",0.906309148264984,1,0.31737245025034,0.712626705443125,5745,26,"SLC26A10P;SLC25A18;SLC26A1;SLC1A4;SLC13A5;SLC26A2;SLC25A12"
"GOMF_DIHYDROPYRIMIDINASE_ACTIVITY",0.922864379461202,1,-0.32478468163642,-0.568523265941986,4007,6,"DPYSL4;DPYSL5;CRMP1;DPYSL3;DPYSL2;DPYS"
"GOMF_DINUCLEOTIDE_PHOSPHATASE_ACTIVITY",0.957033957033957,1,0.316152183178172,0.542284645297366,5523,7,"NUDT13;NUDT6;ENPP1;ENPP5;NUDT12"
"GOMF_DIOXYGENASE_ACTIVITY",0.40374479889043,1,0.374677209082059,1.02728563827029,2910,94,"UTY;KDM5D;BCO2;ALOX5;KDM6B"
"GOMF_DIPEPTIDASE_ACTIVITY",0.978793903247184,1,0.279708787362136,0.562079678792296,5907,15,"CNDP1;CPQ;NAALAD2;SCRN1;ADAM17"
"GOMF_DIPEPTIDE_TRANSMEMBRANE_TRANSPORTER_ACTIVITY",0.558534405719392,1,0.615192198659043,0.983018704176724,3124,5,"MFSD1;SLC15A1;SLC15A4;SLC15A2"
"GOMF_DIPEPTIDYL_PEPTIDASE_ACTIVITY",0.978701652751746,1,0.27607717006919,0.520411303812806,5743,11,"NAALAD2;DPP4;DPP6;PRCP;PRSS16;DPP10"
"GOMF_DISACCHARIDE_BINDING",0.520311933260791,1,0.656113303935818,1.0127589829121,2868,4,"LGALS12;LGALS9"
"GOMF_DISORDERED_DOMAIN_SPECIFIC_BINDING",0.893008641005499,1,0.3201913502507,0.72367476192046,5683,27,"KCNA1;GJA5;NUMA1;MDM2;CDKN2A"
"GOMF_DISULFIDE_OXIDOREDUCTASE_ACTIVITY",0.920313914880773,1,0.297280876460979,0.723621753836658,6097,42,"TXNDC2;STAB2;GSTO2"
"GOMF_DNA_APURINIC_OR_APYRIMIDINIC_SITE_ENDONUCLEASE_ACTIVITY",0.962178517397882,1,-0.278495384485514,-0.604376611137194,3815,15,"NEIL1;HMGA1;HMGA2;ALKBH1;NTHL1;NEIL3;TATDN3;HMCES;APEX2;NEIL2;OGG1;APEX1"
"GOMF_DNA_BINDING_BENDING",0.505516219331467,1,0.47991190788682,0.977978134508541,3069,16,"FOXD4;FOXC1;FOXD1"
"GOMF_DNA_BINDING_TRANSCRIPTION_ACTIVATOR_ACTIVITY",0.0516261087104844,1,0.387608123827774,1.20032751490979,453,394,"ZFY;SRY;SOX17;EBF2;SP100;MYT1L;SHOX;HOXB2;EN2;SOX14;EGR3;NKX2-5;HOXB1;RAX2;TFEC;POU4F2;NR2E1;TLX2;PROX1;FOXA2;IKZF3;TBX3;GATA4;CDX1;TBX5;FOXC1;PITX3;GCM2;SP7;ZIC1;PDX1;TLX1;PAX5;NR1I3;CREB3L3;BNC1;MEF2C;PHOX2A;DMRT1;CDX4;SIX3;FLI1;SOX21;MIXL1;RBPJL;RAX;NR5A2;POU4F3;CARF;TFAP2E;MSX1;GATA3;MYF6;SOX18;MAFB;EGR2;PLAGL1;EGR1;POU3F2;ONECUT2;TWIST1;HNF4A;ZNF750;GRHL3;PAX6;TFAP2C;TFEB;FOXF2;IRF5;MEOX2;NEUROG3;FOXD1;FOXP3;GBX2;NKX2-6;NFKB2"
"GOMF_DNA_BINDING_TRANSCRIPTION_FACTOR_ACTIVITY",0.602402280130293,1,0.302990507876206,0.978555157770186,5917,1279,"PEG3;ZFY;SRY;SOX17;FOXB2;TAL1;EVX1;EBF2;SP100;DMBX1;HSFX4;BHLHE22;MYT1L;SHOX;DLX1;BHLHA9;FOXD4;ZBTB20;HOXB2;EN2;GFI1;TPRX2;ZNF556;SOX14;SP5;SOHLH1;EGR3;GATA5;OSR1;SAMD11;NKX2-5;OLIG3;ZSCAN5C;ZIC4;FOXQ1;HOXB1;SP9;ZNF861P;RAX2;DPRX;EOMES;TFEC;POU4F2;ZIM2;TBX4;EBF1;FOXE1;VSX1;SHOX2;NR2E1;HSF4;TLX2;TLX3;DMRTC2;PROX1;NEUROG1;TCF23;BHLHE23;FOXA2;IKZF3;ZNF491;HOXD1;TBX3;MNX1;GATA4;SIX6;PROX2;CDX1;TBX5;FOXC1;GATA6;LMX1B;PITX3;ZHX3;HNF1B;MYRFL;GCM2;SKOR1;SP7;FOXP2;ZIC1;PDX1;TLX1;TAL2;PAX5;HMX3;ZNF709;TBX10;NR1I3;IRX1;ESR2;CREB3L3;EBF3;PAX7;SPDEF;BNC1;MEF2C;PHOX2A;PRDM1;AHRR;DMRT1;CDX4;ASCL1;NR5A1;SIX3;FLI1;SOX21;MIXL1;FOXI2;RBPJL;RFX8;RAX;ETV7;IRX5;POU3F3;NR5A2;PAX8;POU4F3;FEZF1;CARF;NTN1;TFAP2E;MSX1;GATA3;CDX2;MYF6;SOX18;MAFB;TBX6;EGR2;PLAGL1;ZNF774;ZC3H6;EGR1;ZGLP1;SP8;ZNF705EP;POU3F2;AFF3;ONECUT2;TWIST1;TBXT;PITX2;IRF8;TBX1;NANOGP1;HNF4A;RHOXF1;SIM2;ZNF75D;ZNF750;GRHL3;PAX6;MSX2;TFAP2C;TFEB;FOXF2;NKX3-2;OVOL3;IRF5;MEOX2;ARID3C;LHX5;NEUROG3;NFATC4;FOXD1;ZNF283;FOXP3;GBX2;NKX2-6;GZF1;NFKB2;LHX1;HDX;ZBTB49;ZNF425;KLF9;POU6F1;SPI1;ZNF514;RFX2;ZNF415;ZNF483;ALX1;NPAS3;ZNF516;CREBRF;OTX1;TWIST2;ZNF701;HES1;FOXE3;ZBTB8B;HES3;TEF;GSC;NFATC1;ZNF702P;PPARG;NOTO;ESRRB;ONECUT1;MXD1;ZNF554;LBX2;ZNF286B"
"GOMF_DNA_BINDING_TRANSCRIPTION_FACTOR_BINDING",0.986222222222222,1,0.257084034705147,0.804067580194965,8875,469,"KDM5D;SRY;SOX17;TAL1;SP100;EN2;NKX2-5;EOMES;PROX1;TCF23;FOXA2;TBX3;GATA4;TBX5;FOXC1;GATA6;PDX1;PARP9;STING1;MEF2C;ASCL1;MIXL1;CD34;GATA3;TBX6;EGR2;TWIST1;SOST;TBXT;DLL1;PITX2;HNF4A;ID2;FOXP3;GBX2;ZBTB49;SPI1;PRKCB;ZNF653;ZNF516;HES1;GSC;NFATC1;PPARG;ESRRB;BCL6;SOX9;DTX3L;MAGEA2"
"GOMF_DNA_BINDING_TRANSCRIPTION_REPRESSOR_ACTIVITY",0.991913426091093,1,0.251488742069972,0.762874897552014,8340,284,"DMBX1;MYT1L;ZBTB20;GFI1;SP5;SAMD11;FOXQ1;TFEC;POU4F2;NR2E1;PROX1;FOXA2;TBX3;MNX1;FOXP2;IRX1;PRDM1;ASCL1;ETV7;FEZF1;MSX1;GATA3;CDX2;PLAGL1;ZC3H6;TWIST1;PITX2;IRF8;ZNF750;PAX6;MSX2;TFAP2C;NKX3-2;NEUROG3;NFATC4;FOXP3;GZF1;ZBTB49;POU6F1;SPI1"
"GOMF_DNA_CLAMP_LOADER_ACTIVITY",0.798528713811106,1,-0.389155931551625,-0.746409400011958,3364,9,"CHTF18;RFC1;RFC3;RFC2;RFC4;CHTF8;RFC5;DSCC1;RAD17"
"GOMF_DNA_DAMAGE_SENSOR_ACTIVITY",0.581501256281407,1,0.411059087300067,0.918260453626702,3702,25,"PMS2P1;PMS2P6;RAD51D;DMC1;PMS2P3;MLH3"
"GOMF_DNA_DEMETHYLASE_ACTIVITY",0.463929219600726,1,-0.621261326784684,-1.04572502208255,2044,5,"ALKBH4;ALKBH3;ALKBH1;ALKBH2"
"GOMF_DNA_DIRECTED_DNA_POLYMERASE_ACTIVITY",0.998397007747796,1,-0.188910329683735,-0.443795222381726,3736,22,"POLA1;POLN;PRIMPOL;POLM;POLE;REV1;POLK"
"GOMF_DNA_DNA_ANNEALING_ACTIVITY",0.594594594594595,1,-0.484968284327854,-0.904146891040122,2507,8,"SMARCA1;RAD54L;BLM;TP53"
"GOMF_DNA_DNA_TETHERING_ACTIVITY",0.626477541371158,1,-0.484132590586748,-0.872702968648651,2649,7,"CASC11"
"GOMF_DNA_ENDONUCLEASE_ACTIVITY",0.997199751088986,1,-0.218245559964557,-0.615053675152587,3204,57,"RAD51C;GEN1;EXOG;EME2;EXO1;NME1;NEIL1;TEFM;ERCC1;SND1;HMGA1;HMGA2;RAD50;ALKBH1;N4BP2;NTHL1;ERCC4;MGME1;RBBP8;ERCC5;ENDOG;NEIL3;FEN1;TATDN3;HMCES;APEX2;NEIL2;OGG1;DFFB;TATDN1;APEX1;SLX1B;MBD4;DICER1;MUS81;POLB;SLX1A;ENDOV;ZRANB3;MRE11;DNASE1;RPS3;SETMAR;ASTE1;ANKLE1;DNASE1L2;XRCC1;FAN1;DCLRE1C;XRCC3;DNASE2;RAG1;DNA2;EME1;APLF;DNASE1L1;BIVM"
"GOMF_DNA_ENDONUCLEASE_ACTIVITY_PRODUCING_3_PHOSPHOMONOESTERS",0.92453725676317,1,-0.312866933367878,-0.600085469820777,3895,9,"RAD51C;GEN1;TEFM"
"GOMF_DNA_ENDONUCLEASE_ACTIVITY_PRODUCING_5_PHOSPHOMONOESTERS",0.990754622688656,1,-0.226115384615385,-0.483509905322313,3964,14,"GEN1;EXO1;MGME1;FEN1;APEX1;SLX1B;DICER1;SLX1A;ENDOV;DNASE1;DNASE1L2;FAN1;DNA2;DNASE1L1"
"GOMF_DNA_EXONUCLEASE_ACTIVITY",0.944453088532752,1,0.293606610097159,0.673067132505038,6069,29,"NME8;EXO5"
"GOMF_DNA_HELICASE_ACTIVITY",0.519317450096587,1,-0.337346791446144,-0.965439181482912,1612,64,"HFM1;DDX12P;RAD51;TWNK;WRN;BRIP1;DDX3X;MCM5;CHTF18;RTEL1;RAD54L;UPF1;MCM2;MCM6;PIF1;G3BP1;RAD50;RUVBL2;BLM;XRCC6;MCM4;MCM7;WRNIP1;DHX30;RFC3;HELB;MCM9;RFC2;ERCC6L;ERCC2;RECQL5;RUVBL1;DHX9;XRCC5;DDX11"
"GOMF_DNA_INSERTION_OR_DELETION_BINDING",0.663366336633663,1,-0.480961964738298,-0.841905676121117,2880,6,"MSH3;PCNA;MSH2;PMS2;MSH6"
"GOMF_DNA_METHYLTRANSFERASE_ACTIVITY",0.954408906167167,1,0.319978468163642,0.530038170782721,5400,6,"METTL4;HEMK2;DNMT1;DNMT3B;MGMT;DNMT3A"
"GOMF_DNA_N_GLYCOSYLASE_ACTIVITY",0.719640179910045,1,-0.382660423650655,-0.818255270532068,2879,14,"SMUG1;NEIL1;NTHL1;TDG;UNG;PCNA;MPG;NEIL3;NEIL2;OGG1;APEX1"
"GOMF_DNA_NUCLEASE_ACTIVITY",1,1,0.163902672171247,0.437445539655948,7032,77,"NME8;BIVM;DNASE1L1;EXO5;APLF;RAD9A;EME1;DNA2;RAG1;DNASE2;XRCC3;DCLRE1C;FAN1;XRCC1;DNASE1L2;ANKLE1;ASTE1"
"GOMF_DNA_POLYMERASE_ACTIVITY",0.666853146853147,1,-0.352899972216163,-0.876346083439923,2383,29,"TERC;TERT;POLA1;POLN;PRIMPOL;POLM;POLE;REV1;POLK"
"GOMF_DNA_POLYMERASE_BINDING",0.262154176739189,1,-0.479195450359947,-1.13577977637134,975,23,"TERC;RAD51;SMARCA4;RTEL1;CDK2AP1;SMG6;HSP90AB3P;NAT10;HSP90AA1;HNRNPA2B1;HMGB1;ACD;PCNA;PTGES3;HSP90AB1"
"GOMF_DNA_REPLICATION_ORIGIN_BINDING",0.184016289132095,1,-0.562889453034849,-1.23829626890442,722,16,"POLA1;ORC5;GRWD1;MCM5;CDC45;MCM2;KAT7;CDC6;HSPD1;ORC2;DHX9;DDX11;ORC1;MCM10;ORC3;ORC4"
"GOMF_DNA_RNA_HELICASE_ACTIVITY",0.517844807736588,1,-0.561250384497078,-0.982447509524704,2248,6,"DDX1;PIF1;G3BP1;DHX9;SETX;RAD54L2"
"GOMF_DNA_RNA_HYBRID_BINDING",0.558756805807623,1,-0.569110692452613,-0.957943567021168,2462,5,"POLR1B;POLR3B;POLR1A;POLR3A;PRIM2"
"GOMF_DNA_SECONDARY_STRUCTURE_BINDING",0.997548268464603,1,0.224309336725127,0.532823522504971,6509,36,"MEF2C;RAD51D;H1-0;NR0B1;LIN54;FANCM;SMC5;XRCC3;KMT2A;SMC6"
"GOMF_DNA_TOPOISOMERASE_ACTIVITY",0.474556758001382,1,-0.583885285243911,-1.02206904472773,2060,6,"TOP3B;TOP1;TOP3A;TOP2B;TOP1MT"
"GOMF_DNA_TRANSLOCASE_ACTIVITY",0.931153580474327,1,-0.317440787450015,-0.555668057726653,4043,6,"RAD54L;ERCC6L;ATRX;FBH1;RAD54B;HLTF"
"GOMF_DOLICHYL_PHOSPHATE_MANNOSE_PROTEIN_MANNOSYLTRANSFERASE_ACTIVITY",0.995035460992908,1,-0.22559310954743,-0.406656730483931,4208,7,"POMT1;TMTC4;TMTC1;TMEM260;TMTC3;POMT2;TMTC2"
"GOMF_DOPAMINE_BINDING",0.898745361371267,1,0.388738886790528,0.643938480139193,5085,6,"DRD5;DRD4"
"GOMF_DOPAMINE_NEUROTRANSMITTER_RECEPTOR_ACTIVITY",0.908668453976765,1,0.389161911009391,0.621843772254028,5083,5,"DRD5;DRD4"
"GOMF_DOPAMINE_RECEPTOR_BINDING",0.538073625819465,1,-0.431918317772325,-0.937327308549684,2133,15,"PTGER1"
"GOMF_DOUBLE_STRANDED_DNA_3_5_DNA_EXONUCLEASE_ACTIVITY",0.633620689655172,1,-0.522893992990046,-0.880150282645646,2792,5,"TREX1;TREX2"
"GOMF_DOUBLE_STRANDED_DNA_EXODEOXYRIBONUCLEASE_ACTIVITY",0.666430260047281,1,-0.465783166634305,-0.839626086266323,2818,7,"TREX1;TREX2;EXO1"
"GOMF_DOUBLE_STRANDED_METHYLATED_DNA_BINDING",0.107529357586921,1,-0.795600737906289,-1.39266891412904,466,6,"WT1"
"GOMF_DOUBLE_STRANDED_RNA_ADENOSINE_DEAMINASE_ACTIVITY",0.411004678102027,1,-0.680148696408835,-1.10246805526753,1844,4,"ADAD2"
"GOMF_DOUBLE_STRANDED_RNA_BINDING",0.996373227827234,1,-0.234106076811857,-0.682429606299286,3021,72,"MYH4;SIDT1;ADAD2;NLRP1"
"GOMF_DOUBLE_STRANDED_TELOMERIC_DNA_BINDING",0.943996203132416,1,-0.296789079023265,-0.569247801313468,3977,9,"TERF2;RAD50;XRCC6;XRCC5;APEX1;TERF1;HMBOX1;ZBTB48;PURA"
"GOMF_DYNACTIN_BINDING",0.959078860172299,1,0.303304479238592,0.609495632491417,5788,15,"SNX32;RUFY4;HOOK3;HTT;SNX5"
"GOMF_DYNEIN_COMPLEX_BINDING",0.753155456143154,1,0.370871562742302,0.807919654260085,4713,22,"KASH5;GPSM2;CFAP73;NUMA1;HDAC6;TPR;DNAAF1"
"GOMF_DYNEIN_HEAVY_CHAIN_BINDING",0.203183287739368,1,-0.58849248038399,-1.23180797713535,816,13,"DNAI3;DNAL1"
"GOMF_DYNEIN_INTERMEDIATE_CHAIN_BINDING",0.666,1,-0.344305104026343,-0.87887517724479,2330,33,"DNAH6;FRRS1L;DNAH12;DNAH1;SPTBN5;DYNLT2B;BAG3;DNAH5;DNAH11"
"GOMF_DYNEIN_LIGHT_CHAIN_BINDING",0.231626363205311,1,-0.666123266973136,-1.24188178968853,976,8,"DNAI3"
"GOMF_DYNEIN_LIGHT_INTERMEDIATE_CHAIN_BINDING",0.998350288699478,1,-0.187913198775533,-0.460111108463161,3630,27,"DNAH6;DNAH12;DNAH1"
"GOMF_DYSTROGLYCAN_BINDING",0.819394805813676,1,-0.374906998234757,-0.736449582281555,3438,10,"MAP2;VCL"
"GOMF_E_BOX_BINDING",0.412825059101655,1,0.406689589010508,1.02803359736269,2793,53,"TAL1;BHLHE22;OLIG3;NEUROG1;BHLHE23;ASCL1;GATA3;MYF6;TWIST1;NEUROG3;HES1;PPARG"
"GOMF_EFFLUX_TRANSMEMBRANE_TRANSPORTER_ACTIVITY",0.119545529392393,1,0.650127838201393,1.32484899821701,725,16,"ABCB5;SLC17A3;ABCB1"
"GOMF_ELECTRON_TRANSFER_ACTIVITY",0.816204051012753,1,-0.283085549983407,-0.878186924503821,2175,112,"COX7A1;CYBB;CYP19A1"
"GOMF_ENDONUCLEASE_ACTIVITY",0.984131217495666,1,0.257483927633603,0.73101590068553,7379,131,"ENDOU;PIWIL1;RNASE6;PXDNL;PIWIL3;ANG;ERN1;ZC3H12C;STK31;RNASE4;BIVM;DNASE1L1;RNASET2;ZC3H12B;ERN2;SLFN11;APLF;KHNYN"
"GOMF_ENDOPEPTIDASE_ACTIVATOR_ACTIVITY",0.974793838493854,1,0.272020712337748,0.623583374960664,6264,29,"NLRC4;NLRP12;MALT1;PSME1;APH1B"
"GOMF_ENDOPEPTIDASE_ACTIVITY",0.930392270981259,1,0.272373335341634,0.834267629585359,7992,325,"EEF1AKMT4-ECE2;ADAMTS18;CFB;KLK3;GZMB;PRSS51;PRSS46P;TPSAB1;KLK15;F2;ERAP2;KLK4;PLG;PRSS57;CELA2A;ADGB;KLK11;PRSS33;CAPNS2;REN;CAPN14;PSMB9;OVCH2;CAPN9;TMPRSS5;CIROP;AZU1;ADGRG6;CASP4;PRSS42P;PROC;KLK7;MASP1;PRSS22;PCSK2;TMPRSS11E;RHBDL2;SENP7;PRRG3;ADAMTS3;ACR;TMPRSS13;PSMB8;ERAP1;CPS1;TMPRSS3;HTRA4;TLL2;HPN;TMPRSS15;TPSG1;PCSK1;DPP4;KLK6;ADAMTS14;MASP2"
"GOMF_ENDOPEPTIDASE_REGULATOR_ACTIVITY",0.547559200952507,1,0.336699989193547,0.963321919239333,4138,142,"WFIKKN2;SERPINA1;NLRC4;C3P1;ITIH1;CST1;ITIH2;A2M;ITIH6;SERPINB3;CST11;SERPINF2;SPOCK2;SERPINB4;FETUB;SERPINE3;SPINK5;SERPINB9;NAIP;NGF;SPOCK3;WFDC5;COL6A3;PCSK1N;WFDC10B;RARRES1;COL28A1;HMSD;CST3;TFPI;C4B;PAPLN;SERPINA11;NLRP12;TFPI2;MALT1;SERPINB1;WFIKKN1;CRB2;SORL1"
"GOMF_ENDOPOLYPHOSPHATASE_ACTIVITY",0.797676496872207,1,0.472811117469845,0.755507259403905,4462,5,"NUDT4B;NUDT3;NUDT10;NUDT4"
"GOMF_ENONE_REDUCTASE_ACTIVITY",0.399500907441016,1,-0.657076112344395,-1.10600950432152,1760,5,"SRD5A2"
"GOMF_ENOYL_COA_HYDRATASE_ACTIVITY",0.66391804097951,1,-0.398099125686838,-0.851268350878245,2656,14,"ECHDC3;HACD4;EHHADH;HTD2;ECHS1"
"GOMF_ENZYME_ACTIVATOR_ACTIVITY",1,1,0.238902643926923,0.756542019233615,9286,623,"TBC1D3;TBC1D3C;TBC1D3D;TBC1D3I;GPRC5D;APOA5;CDC20B;NLRC4;GUCA1ANB-GUCA1A;LTK;HTR2A;DNMT3L;NANOS3;CD33;APOA2;NCF1C;CLPSL2;SPDYA;NCF1B;TBC1D26;NANOS2;ARHGAP31;CCL5;ALDH1A1;GPRC5A;BTK;ARRB1;GMFG;RASGRP3;NGF;AREG;RGS8;IGFBP3;CXCL1;RGS6;ARHGAP25;PRSS22;SRGAP3;NRP1;NOXA1"
"GOMF_ENZYME_INHIBITOR_ACTIVITY",1,1,0.210216181590125,0.650946955188457,8795,392,"WFIKKN2;SERPINA1;MRLN;C3P1;SAG;ITIH1;UMODL1;CST1;ITIH2;A2M;ITIH6;ANXA8;PDC;APOA2;SERPINB3;CST11;GRM7;SERPINF2;PPP1R14C;SPOCK2;SERPINB4;FETUB;PARP9;SERPINE3;PPP1R2B;PTPRC;ARRB1;SPINK5;GMFG;SERPINB9;NAIP;PYDC1;NGF;SPOCK3"
"GOMF_ENZYME_REGULATOR_ACTIVITY",1,1,0.176476664941299,0.570073379260629,9827,1302,"TBC1D3;TBC1D3C;TBC1D3D;TBC1D3I;WFIKKN2;GPRC5D;APOA5;CDC20B;SERPINA1;MRLN;NLRC4;GUCA1ANB-GUCA1A;C3P1;LTK;SAG;ITIH1;HTR2A;UMODL1;CST1;ITIH2;A2M;DNMT3L;ITIH6;NANOS3;CD33;ANXA8;PDC;APOA2;SERPINB3;NCF1C;CST11;RGL4;CLPSL2;NGB;PSD2;CALML6;GRM7;SERPINF2;SPDYA;NCF1B;PPP1R14C;SPOCK2;SERPINB4;TBC1D26;FETUB;NANOS2;ARHGAP31;CCL5;PARP9;ALDH1A1;GPRC5A;IQSEC3;BTK;SERPINE3;WAS;ARHGEF5;PPP1R2B;PTPRC;ARRB1;SPINK5;PIK3R6;GMFG;SERPINB9;FGD2;NAIP;PYDC1;RASGRP3;NGF;SPOCK3;CCNI2;AREG;TTN;RGS8;WFDC5;IGFBP3;DENND6B;CXCL1;RGS6;ARHGAP25"
"GOMF_ENZYME_SUBSTRATE_ADAPTOR_ACTIVITY",1,1,-0.163005117320605,-0.520900588048198,2432,145,"KLHL40;RBM46;KLHL30;FBXO32"
"GOMF_EPHRIN_RECEPTOR_ACTIVITY",0.593800714053879,1,0.432762806082967,0.912018785690984,3658,19,"EPHA10;EPHB3;EPHA5;EPHA6;NTRK3;EPHA7;NTRK1;EPHA1;EPHB6;EPHB1;EFNA4"
"GOMF_EPHRIN_RECEPTOR_BINDING",0.997815401419989,1,-0.192318222693823,-0.468512467812044,3653,26,"LYN;AQP1;EFNA2;NGEF;EFNA3"
"GOMF_EPIDERMAL_GROWTH_FACTOR_RECEPTOR_BINDING",0.800168161434978,1,-0.322478946799418,-0.806731251968767,2854,30,"BTC;SLA;EGF;GRAP;TGFA"
"GOMF_EPINEPHRINE_BINDING",0.53755080402898,1,0.601252640010652,0.995963420034083,3041,6,"ADRA2A;DRD4;ADRA2C"
"GOMF_EPOXIDE_HYDROLASE_ACTIVITY",0.975817923186344,1,-0.2540567561332,-0.473648759369764,4115,8,"RNPEP;EPHX3;EPHX1;AKR7A2;EPHX4;ALOX12;LTA4H;EPHX2"
"GOMF_ER_RETENTION_SEQUENCE_BINDING",0.529491833030853,1,-0.586540414196025,-0.987281778445584,2333,5,"KCNIP2"
"GOMF_ERBB_3_CLASS_RECEPTOR_BINDING",0.985480943738657,1,-0.264279245731158,-0.444842465099968,4343,5,"ERBB2;NRG1"
"GOMF_ESTRADIOL_17_BETA_DEHYDROGENASE_NAD_P_PLUS_ACTIVITY",0.769036812909733,1,-0.364357037764249,-0.790709232523738,3049,15,"RDH8;HSD17B13;HSD17B7"
"GOMF_ESTROGEN_16_ALPHA_HYDROXYLASE_ACTIVITY",0.110266831595688,1,0.793893226518758,1.31506884196219,623,6,"CYP3A43;CYP3A4"
"GOMF_ESTROGEN_2_HYDROXYLASE_ACTIVITY",0.811650932535114,1,-0.405433565997877,-0.709696078959938,3524,6,"CYP19A1;CYP2B6"
"GOMF_ESTROGEN_RESPONSE_ELEMENT_BINDING",0.938673557278208,1,0.334140859795291,0.616252830435694,5448,10,"ESR2;ESRRB"
"GOMF_EUKARYOTIC_INITIATION_FACTOR_4E_BINDING",0.893257088396474,1,-0.339119105423854,-0.666149537642689,3748,10,"HHEX;DDX3X;ANGEL1;EIF4EBP1;EIF4G1;C8orf88"
"GOMF_EXCITATORY_EXTRACELLULAR_LIGAND_GATED_MONOATOMIC_ION_CHANNEL_ACTIVITY",0.859020979020979,1,-0.307444886799976,-0.763468811654526,3070,29,"CHRNA2;SLC1A7"
"GOMF_EXOGENOUS_PROTEIN_BINDING",0.860395189003436,1,0.301168816834566,0.798057517901952,6008,73,"HTR2A;CD209;ALB;CLDN9;NECTIN4;ITGB3;MOG;ITGA2;HYAL3;DPP4;CDHR3;CXCR4;SLC52A1;CR2;CR1"
"GOMF_EXONUCLEASE_ACTIVITY",1,1,-0.187419649269545,-0.562682808531554,2850,89,"PLD4;TREX1;MEIOB;EXOSC3;ZC3H12A;TREX2;WRN;EXOG;NOCT;NME5;ERI3;EXOSC8;POLE;PARN;EXO1;NME1;TOE1;CNOT2;EXOSC9;ISG20L2;DIS3L;DDX1;REXO4;POLG;EXOSC2;RAD50;REXO2;ISG20;HELZ2;MGME1;TATDN2;EXD2;PDE12;REXO5;POLD1;ERI1"
"GOMF_EXOPEPTIDASE_ACTIVITY",0.810425884955752,1,0.304578303168957,0.840124237564918,5860,100,"ERAP2;CPA5;CPA2;CNDP1;CPA4;CPA6;AGBL3;MATCAP2;AGBL4;LNPEP;NPEPPSP1;XPNPEP3;CPQ;NAALAD2;ERAP1;METAP1D;HPN;DPP4;ENPEP;MME;CPXM1;MINDY1;CPO;SCRN1;SCPEP1"
"GOMF_EXTRACELLULAR_LIGAND_GATED_MONOATOMIC_ION_CHANNEL_ACTIVITY",0.80174672489083,1,0.319416113231882,0.826759019151889,5507,63,"GLRA1;GRIA2;P2RX1;GRID1;GRIK1;GABRB2;GABRG1;GABRG3;GABRR1;GABRA1;GABRP;P2RX7;GLRA3;P2RX3;GLRB;P2RX2;GRIK3"
"GOMF_EXTRACELLULAR_MATRIX_BINDING",0.939746611667649,1,0.283884694409954,0.724661394773531,6378,57,"ADAMTSL5;SPOCK2;PLEKHA2;ADGRG6;RPSA2;VTN;SMOC2;ITGB3;ITGA2;SMOC1;ADGRG1;THSD1;SLIT2;PXDN;LTBP2;BGN;LTBP1;NID1;TNXB;ITGAV"
"GOMF_EXTRACELLULAR_MATRIX_CONSTITUENT_CONFERRING_ELASTICITY",0.689061154177433,1,0.456070610847222,0.841126718191014,3999,10,"FBN3;FBN1;EMILIN1;FBN2;LAMC1"
"GOMF_EXTRACELLULAR_MATRIX_PROTEIN_BINDING",0.926724137931034,1,-0.325810296435849,-0.548413308129805,4084,5,"CD248;GABBR1;CLEC14A;ITGB8;ITGAV"
"GOMF_EXTRACELLULAR_MATRIX_STRUCTURAL_CONSTITUENT",0.999869332287992,1,0.213903271367957,0.617501297304805,7651,156,"MUC6;ZP2;IMPG1;COL21A1;COL13A1;COL10A1;BMPER;PRG4;HAPLN1;FBN3;FMOD;COL8A1;HMCN1;COL6A3;VTN;MATN1;COL17A1;COL12A1;LAMA3;ECM1;FN1;OPTC;FGL2;COL22A1;SSPOP;COL28A1;PODNL1;THBS2;LAMA4;EDIL3;FBN1;EMILIN1;TFPI2;FRAS1;COL6A6;LAMA5;VCAN;COL27A1;HMCN2;THSD4;OTOGL;TECTA;COL11A2;COL4A1;PXDN;COL5A2;LTBP2;HSPG2;COL4A2;BGN;THBS3"
"GOMF_EXTRACELLULAR_MATRIX_STRUCTURAL_CONSTITUENT_CONFERRING_COMPRESSION_RESISTANCE",0.328085957021489,1,-0.516036108881976,-1.10345685046078,1312,14,"AMBN;PRG2"
"GOMF_EXTRACELLULAR_MATRIX_STRUCTURAL_CONSTITUENT_CONFERRING_TENSILE_STRENGTH",0.881596854680175,1,0.310289529232899,0.753181516525885,5829,41,"COL21A1;COL13A1;COL10A1;COL8A1;COL6A3;COL17A1;COL12A1;COL22A1;COL28A1;COL6A6;COL27A1;COL11A2;COL4A1;COL5A2;COL4A2"
"GOMF_EXTRACELLULARLY_ATP_GATED_MONOATOMIC_CATION_CHANNEL_ACTIVITY",0.352535783707369,1,0.686009051458093,1.13636078346772,1994,6,"P2RX1;P2RX7;P2RX3;P2RX2;P2RX4"
"GOMF_FAD_BINDING",0.99697519661222,1,0.229334094311531,0.554849568226784,6591,40,"SQOR;DUOX1;STEAP4;LDHD;DDO"
"GOMF_FATTY_ACID_BINDING",0.633772601900092,1,0.376547624888998,0.894449757702669,4135,36,"ALB;FABP2;FABP5P3;FABP6;HNF4A;CYP4F11;PPARG;PTGDS;GSTM2;ACOX1"
"GOMF_FATTY_ACID_DERIVATIVE_BINDING",0.89480259870065,1,-0.324846153846154,-0.694629130864477,3580,14,"OXER1;ACOT7;GCDH;ECI2;SOAT1;ACADVL;SCP2;ACBD3;ACBD6;DBI;PNPLA3;ACBD4;ACBD7;ACBD5"
"GOMF_FATTY_ACID_ELONGASE_ACTIVITY",0.720547470547471,1,0.480240423157889,0.823739393198704,4158,7,"ELOVL3;ELOVL4"
"GOMF_FATTY_ACID_OMEGA_HYDROXYLASE_ACTIVITY",0.655942806076854,1,0.561101522984951,0.89658694183466,3669,5,"CYP4A11;CYP4F11"
"GOMF_FATTY_ACID_TRANSMEMBRANE_TRANSPORTER_ACTIVITY",0.402129402129402,1,0.510526656993592,1.05359354903437,2454,17,"FABP2;ABCD2;CD36"
"GOMF_FATTY_ACYL_COA_SYNTHASE_ACTIVITY",0.203070736611223,1,0.83692819923682,1.23019795319103,1110,3,"ACSM6;ACSM1"
"GOMF_FATZ_BINDING",0.538991657598839,1,0.647676220745762,0.99973572650341,2971,4,"TCAP;ACTN2"
"GOMF_FERRIC_IRON_BINDING",0.613416320885201,1,0.514312193515132,0.908184568943834,3547,8,"FTH1P19;TF"
"GOMF_FERROUS_IRON_BINDING",0.589106545628285,1,0.41674340866299,0.915080668595482,3698,23,"FTH1P19;TF;TET2"
"GOMF_FERROUS_IRON_TRANSMEMBRANE_TRANSPORTER_ACTIVITY",0.884528130671506,1,-0.361105771079242,-0.607823671224349,3898,5,"SLC25A28;SLC11A2;SLC39A14;MMGT1;SLC25A37"
"GOMF_FIBRINOGEN_BINDING",0.16008316008316,1,0.746434622202541,1.28033287725443,923,7,"CDH5;ITGB3;FBLN1;ITGA2B;CD47;MFAP2"
"GOMF_FIBROBLAST_GROWTH_FACTOR_BINDING",0.517175267614635,1,0.442255486891302,0.963424904896576,3236,22,"KL;KLB;FGFBP1;ITGB3;FGFR2;FGFR1;ITGAV;CEP57;GLG1"
"GOMF_FIBROBLAST_GROWTH_FACTOR_RECEPTOR_ACTIVITY",0.956032171581769,1,0.333854017967017,0.533467012165444,5348,5,"FGFR2;FGFR1;FGFRL1"
"GOMF_FIBROBLAST_GROWTH_FACTOR_RECEPTOR_BINDING",0.603627760252366,1,0.403840363072143,0.906781377003748,3826,26,"FGF10;FGF17;KL;FGF21;FGF4;KLB;FGF23;FGF9"
"GOMF_FIBRONECTIN_BINDING",0.737575095576188,1,-0.343244270138822,-0.836188156340782,2700,26,"MYOC;SSC5D;FSTL3;LRRC15"
"GOMF_FILAMIN_BINDING",0.545059354622973,1,0.486862682063822,0.949425896596611,3259,13,"HSPB7;CEACAM1;NEBL;SMAD4"
"GOMF_FK506_BINDING",0.646175839885633,1,-0.440756820999471,-0.865801860837906,2711,10,"FKBP6"
"GOMF_FLAP_ENDONUCLEASE_ACTIVITY",0.939250118652112,1,-0.30228802153432,-0.579794890661463,3957,9,"GEN1;EXO1;MGME1;FEN1;SLX1B;MUS81;SLX1A;FAN1;DNA2"
"GOMF_FLAVIN_ADENINE_DINUCLEOTIDE_BINDING",0.989400791407575,1,0.251961036037431,0.67819596752223,7000,81,"SQOR;FMO1;DUOX1;STEAP4;FMO5;LDHD;DPYD;DDO;CHDH;ACADL;PRODH;FMO2;PPOX;ACOX1"
"GOMF_FLIPPASE_ACTIVITY",0.610172299536117,1,0.449883849447823,0.904049429323378,3682,15,"ATP8B1;ABCA3;ABCB1;ATP10D;ABCA4;ATP11A;ATP10A;ATP8A1;TMEM30A;TMEM30B"
"GOMF_FLOPPASE_ACTIVITY",0.857566276963609,1,0.357209276128378,0.727931221868253,5207,16,"ATP8B1;ABCB1;ATP8B3;ATP11A;ABCA7;ATP10A;ATP8A1;ABCA2;ABCA1;ABCG1"
"GOMF_FMN_BINDING",0.803531459835862,1,-0.366309613708092,-0.76674404398944,3230,13,"TYW1B;NOS2;PPCDC;DUS2;NDUFV1"
"GOMF_FOLIC_ACID_BINDING",0.654966774578293,1,0.460300854076548,0.867676843963918,3843,11,"FTCD;DHFRP1;SLC46A1"
"GOMF_FOLIC_ACID_TRANSMEMBRANE_TRANSPORTER_ACTIVITY",0.948049001814882,1,-0.30827790380253,-0.518902278095914,4178,5,"SLC25A32;SLC19A1;SLC19A2;SLC46A1;PDPN"
"GOMF_FOUR_WAY_JUNCTION_DNA_BINDING",0.99153194765204,1,-0.227951496277523,-0.507504325493789,3863,17,"RAD51C;GEN1;WRN;HMGB3;BLM;RAD51B;HMGB1;MSH2"
"GOMF_FOUR_WAY_JUNCTION_HELICASE_ACTIVITY",0.962238084273544,1,-0.285219932328514,-0.499266672991317,4178,6,"WRN;BLM;RECQL5;RECQL4;RECQL;FANCM"
"GOMF_FRIZZLED_BINDING",0.0946100917431193,1,-0.508619617215708,-1.31390856773224,329,35,"WNT3A;WNT2;MYOC;NDP;WNT11;WNT6;CTHRC1"
"GOMF_FRUCTOSE_2_6_BISPHOSPHATE_2_PHOSPHATASE_ACTIVITY",0.176586237712243,1,0.787747857916863,1.25874625880391,987,5,"PFKFB1;PFKFB2;PFKFB3"
"GOMF_FRUCTOSE_BINDING",0.283783783783784,1,0.689366142641028,1.18244533497789,1637,7,"ALDOB;KHK"
"GOMF_FRUCTOSE_TRANSMEMBRANE_TRANSPORTER_ACTIVITY",0.258346764909049,1,-0.704942831078266,-1.23397568693112,1121,6,"SLC2A9;SLC2A5"
"GOMF_FUCOSE_BINDING",0.771514401837781,1,0.470760015819905,0.779804900919828,4365,6,"ASGR2;ACR;COLEC11;FUOM"
"GOMF_FUCOSYLTRANSFERASE_ACTIVITY",0.681481481481481,1,0.459559822971523,0.847561839142424,3955,10,"FUT3;FUT11;FUT9;FUT2;POFUT2;FUT10;FUT1"
"GOMF_G_PROTEIN_ACTIVITY",0.992078460958129,1,-0.239491799576588,-0.744890967296721,2629,114,"ERAS;RAB44;IRGM;RAB6D;RAC2;CRACR2A;RAB40B;SAR1B;RAB9A;RAP2C;RASL10B;RAB36;GNA11;RAB15;RASL12;GNA14;SAR1A"
"GOMF_G_PROTEIN_ALPHA_SUBUNIT_BINDING",0.274819744869662,1,-0.451410246412413,-1.11235605541322,990,28,"OPRM1;DRD1;RGS22"
"GOMF_G_PROTEIN_BETA_GAMMA_SUBUNIT_COMPLEX_BINDING",0.988240979381443,1,0.25583519251607,0.551107390116437,6134,21,"GNAT2;PIK3R5;GNAL;GNAO1"
"GOMF_G_PROTEIN_BETA_SUBUNIT_BINDING",0.192091904889126,1,-0.514774738605586,-1.20932809750758,718,22,"OPRM1;GNG8;GNGT1;GNGT2"
"GOMF_G_PROTEIN_COUPLED_ACETYLCHOLINE_RECEPTOR_ACTIVITY",0.481844508799287,1,-0.644857991060498,-1.04526457094149,2162,4,"CHRM5;CHRM1"
"GOMF_G_PROTEIN_COUPLED_ADENOSINE_RECEPTOR_ACTIVITY",0.850805561686162,1,-0.420437507208489,-0.649051326370556,3854,3,"ADORA1;ADORA2B;ADORA2A"
"GOMF_G_PROTEIN_COUPLED_AMINE_RECEPTOR_ACTIVITY",0.695384615384615,1,-0.346427742879837,-0.860273787388453,2485,29,"HRH4;HTR4;HTR5A;HRH1;ADRA1A;CHRM5;CHRM1;ADRB1"
"GOMF_G_PROTEIN_COUPLED_CHEMOATTRACTANT_RECEPTOR_ACTIVITY",0.879466491025852,1,0.348704737230521,0.710600430634493,5340,16,"CXCR6;CX3CR1;CCR4;CCR8;ACKR2"
"GOMF_G_PROTEIN_COUPLED_GLUTAMATE_RECEPTOR_ACTIVITY",0.955597788527989,1,0.315476584808228,0.56971012599528,5530,9,"GRM7;GRM5;GRIK3;GRM1"
"GOMF_G_PROTEIN_COUPLED_GLUTAMATE_RECEPTOR_BINDING",0.699070764832023,1,-0.420550684510075,-0.826109881634516,2933,10,"NHERF2;HOMER1;NHERF1;HOMER2;NECAB2;HOMER3;CALM3;FYN;PRNP;ADORA2A"
"GOMF_G_PROTEIN_COUPLED_NEUROTRANSMITTER_RECEPTOR_ACTIVITY",0.563063063063063,1,-0.498954537349155,-0.930222054293397,2374,8,"CHRM5;CHRM1;ADRB1"
"GOMF_G_PROTEIN_COUPLED_OPIOID_RECEPTOR_ACTIVITY",0.337094174533732,1,-0.659252362095686,-1.15399625404187,1463,6,"OPRM1"
"GOMF_G_PROTEIN_COUPLED_PURINERGIC_NUCLEOTIDE_RECEPTOR_ACTIVITY",0.849643103845268,1,-0.382695886185567,-0.669894632901259,3689,6,"P2RY11;P2RY8;P2RY6"
"GOMF_G_PROTEIN_COUPLED_RECEPTOR_ACTIVITY",0.529059730693981,1,0.318361684522555,0.981185915895683,4596,365,"GPR150;GPR18;TRHR;GPRC5D;ADRA1B;RHO;OR56B4;OR52N4;CNR2;OR5H6;ADGRF2P;OR2A5;CXCR6;OR1L8;HTR2A;PRLHR;MLNR;GPR4;GPR12;CX3CR1;OR1G1;NPY6R;F2RL3;OR1M1;OR2A2;OR2W6P;TAS2R10;GPR82;GPR6;TSHR;DRD5;GPR152;TAS2R13;OR56B1;OR2A1;OR13A1;C5AR1;HCAR1;TACR1;GPR139;PTH1R;AVPR1A;GPR45;GRM7;CCR4;OR2A7;GPR37L1;GNAT2;ADGRG3;FZD10;ACKR1;TAS2R1;GPR50;CASR;MAS1;GPRC5A;RRH;GALR2;GRID1;GIPR;ADRA1D;CCR8;GPR174;ADGRE2;ACKR2;OR7C1;CALCR;LHCGR;HTR1F;OR2I1;OR10A3;GPR39;TAS2R14;NPY;PAX8;ADGRG6;OR52N2;GPRC6A;GPR182;GALR1;ADGRL4;AVPR1B;ADRA2A;GP1BA;HPGD;SSTR1;APLNR;LANCL1;SPHK1;VIPR2"
"GOMF_G_PROTEIN_COUPLED_RECEPTOR_ACTIVITY_INVOLVED_IN_REGULATION_OF_POSTSYNAPTIC_MEMBRANE_POTENTIAL",0.733690795352994,1,0.51165982705539,0.817583807576918,4104,5,"GRID1;GRM5;GRM1"
"GOMF_G_PROTEIN_COUPLED_RECEPTOR_BINDING",0.888148970279936,1,0.281539967981257,0.839190957463176,7201,224,"QRFP;SAA1;SAG;GHRH;CXCL8;CCL22;GIP;CX3CR1;PACRG;CCL25;XCL1;CRH;RLN3;NPB;AVPR1A;WNT7B;CXCL11;GNAT2;NTS;CCL5;NPFF;HBA1;CXCL2;ARRB1;WNT9B;WNT4;MSMP;NPY;ADRA2A;CXCL1;CXCL16;CXCL6;APLN;CALCB;POMC;WNT5A;RTP1;RTP3;CLIC6;UCN2;NMB;CXCL14;PTCH1"
"GOMF_G_PROTEIN_COUPLED_RECEPTOR_KINASE_ACTIVITY",0.430873180873181,1,0.624257656516298,1.07076705412888,2486,7,"GRK7;GRK1;GRK3"
"GOMF_G_PROTEIN_COUPLED_SEROTONIN_RECEPTOR_ACTIVITY",0.605371400919429,1,-0.444532278595352,-0.894100550685109,2501,11,"HTR4;HTR5A"
"GOMF_G_QUADRUPLEX_DNA_BINDING",0.848536172271957,1,-0.35559711118453,-0.715222691897106,3506,11,"WRN;PIF1;RAD50;BLM;CNBP;DDX11;LONP1"
"GOMF_G_QUADRUPLEX_RNA_BINDING",0.889284020862968,1,-0.344408208718507,-0.642094795112461,3750,8,"GRSF1;MCRS1;DHX30;FMR1"
"GOMF_G_RICH_STRAND_TELOMERIC_DNA_BINDING",0.72003812246843,1,-0.413551761267497,-0.81236152771558,3021,10,"RPA2;TERF2IP;TERF2;HNRNPA2B1;RPA1;CTC1;HNRNPA1;NABP2;TERF1;POT1"
"GOMF_GABA_A_RECEPTOR_ACTIVITY",0.497283056150173,1,0.483091238159277,0.984457064157389,3019,16,"GABRB2;GABRG1;GABRG3;GABRR1;GABRA1;GABRP"
"GOMF_GABA_RECEPTOR_ACTIVITY",0.512770772712577,1,0.453189328138784,0.966507726972963,3171,20,"GRID1;GABRB2;GABRG1;GABRG3;GABRR1;GABRA1;GABRP"
"GOMF_GABA_RECEPTOR_BINDING",0.523996723996724,1,0.466200657102711,0.962116273754468,3198,17,"ERBB4;GABRG1;LHFPL4;JAKMIP1;ARFGEF2;AKAP5;PLCL2"
"GOMF_GALACTOSIDASE_ACTIVITY",0.134898055950688,1,-0.72843793784527,-1.35805766707258,568,8,"GBA3"
"GOMF_GALACTOSIDE_BINDING",0.455307879055396,1,-0.689815471582328,-1.06490415128311,2062,3,"LGALS4"
"GOMF_GALACTOSYLTRANSFERASE_ACTIVITY",0.91394472361809,1,0.314645116116329,0.702882325152185,5819,25,"B3GALT2;B3GNT4;B4GALT4;B3GNT3;B3GALT4;C1GALT1;CERCAM;UGT8;B3GALT5"
"GOMF_GALANIN_RECEPTOR_ACTIVITY",0.401654846335697,1,-0.599711161532089,-1.08104622819646,1698,7,"CYSLTR2;MCHR2"
"GOMF_GAMMA_AMINOBUTYRIC_ACID_SODIUM_CHLORIDE_SYMPORTER_ACTIVITY",0.813583556747096,1,0.462698608914249,0.739348431190597,4551,5,"SLC6A12;SLC6A6"
"GOMF_GAMMA_AMINOBUTYRIC_ACID_TRANSMEMBRANE_TRANSPORTER_ACTIVITY",0.684993084370678,1,0.481203565016029,0.849720573960028,3961,8,"SLC6A12;SLC32A1;SLC6A6"
"GOMF_GAMMA_CATENIN_BINDING",0.878772884710539,1,-0.33890239205043,-0.693681210170276,3551,12,"APC2;DSG1;PTPRJ"
"GOMF_GAMMA_TUBULIN_BINDING",0.999156355455568,1,-0.182503944887042,-0.459684778112763,3552,31,"LYN;RAB11FIP5;B9D2;OFD1;TUBGCP3;DDX3X;CIMAP3;NDRG1;PAK1;TUBGCP2;ARHGEF7;BRSK1;NEDD1;TUBGCP6;CEP70;RACGAP1;BRCA2;CDK5RAP2;CPAP;TUBGCP4;GIT1;CEP57;MARK4;TUBGCP5;NDN;BLOC1S2;CEP57L1;FEZ1;DIXDC1;RAD51D;PDE4B"
"GOMF_GANGLIOSIDE_BINDING",0.425589836660617,1,-0.642319676938077,-1.08117104572794,1875,5,"MAG;CLIP3;EPDR1;RTN4R"
"GOMF_GAP_JUNCTION_CHANNEL_ACTIVITY",0.584060782411898,1,0.429964012497578,0.916975565390955,3612,20,"GJA10;GJA9;GJD4;GJB2;GJA5;GJA3;PANX1;GJA4"
"GOMF_GAP_JUNCTION_CHANNEL_ACTIVITY_INVOLVED_IN_CARDIAC_CONDUCTION_ELECTRICAL_COUPLING",0.930580762250454,1,-0.322321907442734,-0.542541550948752,4101,5,"GJC3"
"GOMF_GAP_JUNCTION_CHANNEL_ACTIVITY_INVOLVED_IN_CELL_COMMUNICATION_BY_ELECTRICAL_COUPLING",0.963120567375886,1,-0.277744072884221,-0.50066465601265,4073,7,"GJC2;GJC3"
"GOMF_GAP_JUNCTION_HEMI_CHANNEL_ACTIVITY",0.482752457551385,1,0.653044133810818,1.0435025014755,2700,5,"GJA5;GJA3;PANX1;GJA1"
"GOMF_GATED_CHANNEL_ACTIVITY",0.949500950570342,1,0.269015112069316,0.817064134318313,7990,290,"KCNJ15;PKD2L1;KCNJ5;GLRA1;GRIA2;CACNG3;SCNN1B;SCN2B;KCNA1;CNGB1;ASIC4;ABCC9;AQP6;SLC17A3;CACNA1F;KCNG2;BEST2;KCNH7;CACNA1D;P2RX1;GRID1;GRIK1;TRPC3;LRRC26;GABRB2;KCNB2;GABRG1;GABRG3;TRPA1;KCNV1;SCNN1G;GABRR1;GABRA1;TMEM63C;SNAP25;TRPM2;TMC8;CNGA1;CACNB3;BEST1;KCNK9;PIEZO2;GABRP;CACNA1B;LRRC55;KCNT1;KCNJ6;MCOLN2;CACNG8;P2RX7;SCNN1D;GLRA3;CFTR;P2RX3;GPR89B;ITPR2;GLRB;CLCNKB;P2RX2;KCNJ14"
"GOMF_GDP_BINDING",1,1,0.185419526303867,0.479045993705915,6869,62,"GBP1;RAB27B;RAB27A;RERG;RASEF;RRAS;DNM1;RHOT1;RAB22A;RAB17;RAB5B;RRAGD"
"GOMF_GDP_DISSOCIATION_INHIBITOR_ACTIVITY",0.837823967154221,1,-0.337954947273079,-0.752412685873759,3264,17,"ARHGDIB"
"GOMF_GDP_PHOSPHATASE_ACTIVITY",0.252368647717485,1,0.651347063982027,1.20127323554747,1464,10,"GBP1;ENTPD8;ENTPD2;ENTPD4;ENTPD5;ENTPD1"
"GOMF_GENERAL_TRANSCRIPTION_INITIATION_FACTOR_ACTIVITY",0.98958971218616,1,-0.241443752808538,-0.668802934734884,3231,51,"PRRX1;TAF7L;TAF12;GTF2H4;BRF2;TAF11;GTF2H3;TAF5;SNAPC4;GTF2E1;TAF1C;GTF2A1;CCNH;GTF2A2;TAF1;GTF3C6;RRN3;TAF3;GTF3C5"
"GOMF_GENERAL_TRANSCRIPTION_INITIATION_FACTOR_BINDING",0.959889773423148,1,-0.266820932019846,-0.739098114189266,3134,51,"TAF12;BRF2;HHEX;TAF11;THRA;GTF2A1;GTF2A2;ERCC1;TAF1;HNRNPU;CTDP1;RUVBL2;HSF1;POLR1E;ERCC4;TP53;JUN;FBL;TAF1B;GTF2E2;YEATS2;DRAP1;ZNHIT6;ATF4;DR1;RELA;RUVBL1;CAND2;BRF1;PSMC5;ZBTB43;EDF1"
"GOMF_GI_O_COUPLED_SEROTONIN_RECEPTOR_ACTIVITY",0.590744101633394,1,-0.549542030483828,-0.925005029585817,2603,5,"HTR5A"
"GOMF_GLCNAC_2_PP_DOL_MANNOSYLTRANSFERASE_ACTIVITY",0.995394888326042,1,-0.229723588275898,-0.402122427734229,4322,6,"ALG1"
"GOMF_GLIAL_CELL_DERIVED_NEUROTROPHIC_FACTOR_RECEPTOR_ACTIVITY",0.373057941875343,1,0.764714928299566,1.12405190842727,2040,3,"GFRA3;GFRA1;GFRA2"
"GOMF_GLUCOKINASE_ACTIVITY",0.280686121630653,1,-0.759069892700102,-1.23039316672334,1259,4,"HKDC1;GCK"
"GOMF_GLUCOSIDASE_ACTIVITY",0.637518809563618,1,0.452621541127137,0.882652600692117,3812,13,"MGAM2;KL;MGAM"
"GOMF_GLUCOSYLTRANSFERASE_ACTIVITY",0.708223510806537,1,-0.360186285487528,-0.839399346799246,2686,21,"ALG10B;GYG2;EPM2A"
"GOMF_GLUCURONIDASE_ACTIVITY",0.410187667560322,1,0.68501359288839,1.09458666070926,2294,5,"KL;HYAL3"
"GOMF_GLUCURONOSYL_N_ACETYLGALACTOSAMINYL_PROTEOGLYCAN_4_BETA_N_ACETYLGALACTOSAMINYLTRANSFERASE_ACTIVITY",0.136066442834423,1,0.779537843160899,1.29128942586725,769,6,"CSGALNACT1;CHSY1;CSGALNACT2"
"GOMF_GLUCURONOSYLTRANSFERASE_ACTIVITY",0.408179760750081,1,0.49197622084166,1.04922774965435,2524,20,"UGT2B15;UGT2B4;CSGALNACT1;EXTL1"
"GOMF_GLUTAMATE_BINDING",0.589397089397089,1,0.546361238937077,0.937154087258819,3401,7,"GRM7;CPS1;GRIN2D;GRIN1;SLC1A3"
"GOMF_GLUTAMATE_GATED_CALCIUM_ION_CHANNEL_ACTIVITY",0.979612992398065,1,0.276898474754569,0.500043022325161,5669,9,"GRIK1;GRIK3;GRIN2D;GRIA1;GRIN1"
"GOMF_GLUTAMATE_GATED_RECEPTOR_ACTIVITY",0.600651996740016,1,0.436193618929409,0.909736574361211,3684,18,"GRIA2;GRID1;GRIK1;GRIK3;GRIN2D"
"GOMF_GLUTAMATE_RECEPTOR_ACTIVITY",0.667192429022082,1,0.387076971817192,0.869140931928421,4229,26,"GRIA2;GRM7;GRID1;GRIK1;GRM5;GRIK3;GRIN2D"
"GOMF_GLUTAMATE_RECEPTOR_BINDING",0.471229557843731,1,-0.357049488409782,-0.977501647203863,1555,48,"RAPSN;CACNG2;SHANK1;NETO1;DLG2;RASGRF1;SHISA7"
"GOMF_GLUTAMATE_SODIUM_SYMPORTER_ACTIVITY",0.557168784029038,1,-0.569881829920769,-0.959241567896403,2455,5,"SLC1A7"
"GOMF_GLUTATHIONE_BINDING",0.00671834625322997,1,0.855412144651094,1.57762853562195,38,10,"GSTM1;GSTM3;LANCL1"
"GOMF_GLUTATHIONE_DISULFIDE_OXIDOREDUCTASE_ACTIVITY",0.814101431348295,1,0.444802687825069,0.73680708694894,4606,6,"GSTO2;GSTO1;GLRX2"
"GOMF_GLUTATHIONE_HYDROLASE_ACTIVITY",0.0541323234573402,1,-0.884592623086031,-1.43385573482221,242,4,"GGTLC2;GGT1;GGT6"
"GOMF_GLUTATHIONE_PEROXIDASE_ACTIVITY",0.887509697439876,1,-0.318205251158092,-0.717200456798297,3431,18,"CLIC2;MGST2;CP;PTGES;GPX8"
"GOMF_GLUTATHIONE_TRANSFERASE_ACTIVITY",0.16264579006231,1,0.5769104020998,1.25676190742988,1017,22,"GSTM1;GSTM3;GSTO2;LANCL1"
"GOMF_GLUTATHIONE_TRANSMEMBRANE_TRANSPORTER_ACTIVITY",0.91016548463357,1,-0.333942809296658,-0.601969143781169,3849,7,"SLC25A40;ABCC4;ABCC1;SLC25A39"
"GOMF_GLYCEROL_CHANNEL_ACTIVITY",0.898007676841528,1,0.433238109458888,0.636815244111357,4912,3,"AQP11;AQP7"
"GOMF_GLYCEROL_TRANSMEMBRANE_TRANSPORTER_ACTIVITY",0.553529937444147,1,0.617971458488588,0.987459697417804,3096,5,"AQP2;AQP11;AQP7"
"GOMF_GLYCEROPHOSPHODIESTER_PHOSPHODIESTERASE_ACTIVITY",0.312987302294498,1,-0.738639411801823,-1.19727694866244,1404,4,"ENPP6;GDPD5"
"GOMF_GLYCEROPHOSPHOLIPID_FLIPPASE_ACTIVITY",0.61510067114094,1,0.467739330985508,0.899307870781466,3665,12,"ATP8B1;ABCA3;ABCB1;ABCA4;ATP11A;ATP10A;ATP8A1"
"GOMF_GLYCINE_BINDING",0.586907838070629,1,0.500328277245961,0.922750714141138,3406,10,"GLRA1;GLRA3;GLRB;SRR"
"GOMF_GLYCINE_N_ACYLTRANSFERASE_ACTIVITY",0.309267044416012,1,0.791549728960824,1.16349629192143,1691,3,"GLYATL1B;GLYATL1;GLYATL2"
"GOMF_GLYCINE_TRANSMEMBRANE_TRANSPORTER_ACTIVITY",0.231673582295989,1,0.691363520463167,1.22082596666427,1339,8,"SLC36A2;SLC32A1;SLC36A1"
"GOMF_GLYCOGEN_BINDING",0.529910096818811,1,0.555031018568641,0.980086828010208,3064,8,"PPP1R3G;PPP1R3E;PPP1R3F;PPP1R3C"
"GOMF_GLYCOLIPID_BINDING",0.961199779856907,1,-0.273242266559673,-0.65744685965212,3492,25,"LYN;DPEP1;HSPA2;TREM2;MAG;CLIP3;EPDR1;GLTP;RTN4R"
"GOMF_GLYCOSAMINOGLYCAN_BINDING",0.253289473684211,1,0.369812587576123,1.09002268744271,2001,195,"FGF10;LYVE1;DMBT1;APOA5;CLEC3B;MPO;SAA1;ITIH1;NELL1;ITIH2;CXCL8;F2;PRSS57;IMPG1;LIPC;STAB2;RTN4RL1;CXCL11;ADAMTSL5;SPOCK2;COL13A1;TMEM184A;ADGRE2;PTPRC;FGF4;HAPLN1;ANG;AZU1;SPOCK3;FBLN7;FGF9;SOST;FGFBP1;CXCL6;NRP1;VTN;SMOC2;BCAN;ADAMTS3;H1-1;FN1;PTCH1;CCN3;THBS2;LAYN;SOD3;FBN1;SMOC1;ENG;ADGRG1;HAPLN2;THBS4;CCDC80;GFRA2;PF4"
"GOMF_GLYCOSPHINGOLIPID_BINDING",0.560749881347888,1,-0.485140928773974,-0.930510677618668,2362,9,"LYN;MAG;CLIP3;EPDR1;RTN4R"
"GOMF_GLYCOSYLCERAMIDASE_ACTIVITY",0.319419237749546,1,-0.700273446473707,-1.17872050569685,1407,5,"GBA3;LCT"
"GOMF_GLYCOSYLTRANSFERASE_ACTIVITY",0.997684338817794,1,0.243466025565839,0.730035974763979,8185,245,"GALNT15;B3GALT2;GCNT7;UGT2B15;ALG1L2;GALNTL5;UGT2B4;CSGALNACT1;PIGZ;PARP9;B4GALNT1;ST8SIA6;FUT3;GALNT5;B3GNT4;B3GNT8;MGAT4A;PARP14;ST8SIA3;GXYLT2;DPY19L2P2;ALG9;TMTC2;EXTL1;HAS1;B4GALT4;B3GNT3;B3GALT9;B3GALT4;PYGL;LACC1;LFNG;DPY19L4;GALNT8;B3GNT9;POMT2;PARP8;ALG8;PARP15;GCNT2;GALNT12"
"GOMF_GMP_KINASE_ACTIVITY",0.921452301850973,1,-0.317748754197751,-0.60944890658522,3882,9,"DLG2;CASK"
"GOMF_GPI_ANCHOR_BINDING",0.909509555606723,1,-0.336665641341126,-0.589320435253703,3949,6,"DPEP1;PIGU;PIGT;GPAA1;THY1;PIGK"
"GOMF_GPI_LINKED_EPHRIN_RECEPTOR_ACTIVITY",0.938322938322938,1,0.341621632912706,0.585971490589297,5415,7,"EPHA5;NTRK3;EPHA7;NTRK1"
"GOMF_GROWTH_FACTOR_ACTIVITY",0.960234073680011,1,0.269854549584601,0.767436559170323,7219,133,"FGF10;IL12B;FGF17;ENDOU;F2;IL7;REG1A;BMP5;FGF21;AMH;INHBA;FGF4;INHBC;GMFG;FGF23;NGF;GDNF;AREG;CXCL1;CRIPTO3;FGF9;OSGIN1;GDF7;PDGFA;IL6;GDF1;BMP8B;DKK1;BMP3;NRG3;CCN3;JAG1;VGF;GH2"
"GOMF_GROWTH_FACTOR_BINDING",0.672139901214791,1,0.321563168138868,0.912256665889968,5034,130,"IL9R;IL1RAPL1;WFIKKN2;IGFBP1;KL;A2M;IL2RG;KAZALD1;KLB;CD36;IL2RB;IGFBP3;FGFBP1;PDGFA;NRP1"
"GOMF_GROWTH_FACTOR_RECEPTOR_BINDING",0.588899469459937,1,0.336749854486714,0.942439152345215,4328,114,"FGF10;IL12B;FGF17;KL;IL7;ERBB4;FGF21;IL37;CDH5;FGF4;KLB;TLR5;FGF23;GDNF;GATA3;AREG;FGF9;ERN1;PDGFA;IL6;ITGB3;ECM1;ERAP1;IL1A"
"GOMF_GROWTH_HORMONE_RECEPTOR_BINDING",0.235182550972025,1,-0.664015760286005,-1.23795267580501,991,8,"GH1;CSH2"
"GOMF_GTP_DEPENDENT_PROTEIN_BINDING",0.980495519240907,1,-0.254068403031585,-0.592095979607821,3719,21,"RAB3A;EEA1;CDC42;RAB32;ARFIP2;RAB38;RAC1;AP1G1;HPS6;RAB34;DNM1L;RAB3C;RAB3D;AP3B1;RAPGEF6;RAB3B;RAB5B;UNC13B;PARD6A;MRAS;RAPGEF5"
"GOMF_GTPASE_ACTIVATING_PROTEIN_BINDING",0.901524316477135,1,-0.329961927469907,-0.663661909970127,3725,11,"FMNL3;NKIRAS2;PIN1;TUBB;NKIRAS1;RGS14;FMNL1;PLXNB1;GAPVD1;CDH1;PLCD1"
"GOMF_GTPASE_ACTIVATOR_ACTIVITY",0.671043122139244,1,0.30864448400326,0.93061372129244,5570,263,"TBC1D3;TBC1D3C;TBC1D3D;TBC1D3I"
"GOMF_GTPASE_ACTIVITY",1,1,-0.185754930524958,-0.642251131581887,1457,314,"AGAP7P;GNG8;RHOJ;ARHGDIB;ERAS;RAB44;GNGT1;IRGM"
"GOMF_GTPASE_BINDING",1,1,-0.0822201843214431,-0.285205614847547,1410,325,"ARHGDIB;SYTL4;DOCK10;PIH1D2;RADIL;RIN3;SYTL5;RIN2;RIMS1;LCP1;RIN1;RAB11FIP5;LRRK2;GAS8;MTSS2;DAPK3;INF2;PLEKHG1;CDC42EP2;DOCK7;FMNL3;EHD1;DEPDC5;WDR44;RAP1GAP;CDC42EP1;DAAM2;PICALM;ODF2;BIN1;FGD3;RIC1;KPNB1;CIMAP3;NDRG1;PLEKHG3;CYRIA;AMBRA1;RAB11FIP2;OCRL;GGA2;BICDL2;ERRFI1;NPC1L1;TNPO1;PREB;GIT2;C15orf62;TBC1D20;NGFR;UNC13D;IPO9;RAB29;NCF2;RANBP10;HSP90AA1;MAP3K11;GNB1;NUTF2;CHM;XPO6;PFN1;RABGAP1L;ENO1;FLNA"
"GOMF_GTPASE_INHIBITOR_ACTIVITY",0.976001979218209,1,-0.25667256364895,-0.52536936517998,3944,12,"GPS2;CPEB2;CDC42SE1;TNK2;RTKN;GPS1;IPO5;PDE6D;RHOH;IQGAP1;IQGAP2;SLIT2"
"GOMF_GUANINE_NUCLEOTIDE_TRANSMEMBRANE_TRANSPORTER_ACTIVITY",0.99142091152815,1,0.26594973145572,0.424962411684684,5546,5,"SLC46A2;SLC17A9"
"GOMF_GUANYL_NUCLEOTIDE_BINDING",1,1,0.225841604095272,0.697278932038818,8725,374,"DIRAS2;TUBA3D;GBP3;PDE6C;GUCY2F;GBP1;GBP4;GBP6;CNGB1;TUBB8;ACSM6;RIT2;PDE11A;TUBA4B;GNAT2;TUBB8B;STING1;ARHGEF5;ARL5C;RAB6C;ACSM1;NIN;ARL10;CNGA1;ZNG1A;RAB27B;CPLANE2;RAB7B;GIMAP4;P2RX7;RRAD;AGAP2;RIGI;RAB27A;RHOU;PDE10A"
"GOMF_GUANYL_NUCLEOTIDE_EXCHANGE_FACTOR_ACTIVITY",1,1,-0.154364344900127,-0.520579622199033,1848,233,"FRMD7;DOCK10;PSD4;MCF2;RIN3;ARHGEF37;EGF;RIN2;RASGRF1;CCZ1;VAV1;ECT2L;GCGR;IQSEC2;ARHGEF6;RIN1;GBF1;SH2D3A;PLEKHG1;DOCK7;ARHGEF28;NGEF;PLEKHG4;SH2D3C;DENND2D;DOCK6;TRAPPC10;MON1A;DENND6A;RAP1GDS1;EIF2B3;PTGIR;CYTH1;DENND1A;RAB3IL1;FGD3;RAPGEF2;RIC1;RASGEF1C;PLEKHG3;SLC38A9;FARP2;HERC2"
"GOMF_GUANYLATE_CYCLASE_ACTIVITY",0.693693693693694,1,0.492589080539032,0.844920607955832,4003,7,"GUCY2F;GUCY2C;GUCY1A2"
"GOMF_GUANYLATE_CYCLASE_REGULATOR_ACTIVITY",0.580160857908847,1,0.604654894935197,0.966181093630442,3245,5,"GUCA1ANB-GUCA1A;GUCA1B"
"GOMF_GUANYLYLTRANSFERASE_ACTIVITY",0.619728377412437,1,-0.449254322953665,-0.882493951927345,2600,10,"TENT4B;FPGT;TENT4A;RTCB;THG1L;ZBTB8OS"
"GOMF_HEAT_SHOCK_PROTEIN_BINDING",1,1,0.188282357989817,0.531645052161398,7422,125,"GBP1;PACRG;APOA2;ITGAM;ITGB2;DNAJB7"
"GOMF_HEME_TRANSMEMBRANE_TRANSPORTER_ACTIVITY",0.962681409813407,1,0.307695071220202,0.555657713549635,5571,9,"HPX;SLC46A1;SLC48A1;FLVCR2"
"GOMF_HEMOGLOBIN_ALPHA_BINDING",0.0273972602739726,1,-0.965016146393972,-1.39629298497823,129,2,"HBE1;HBG2"
"GOMF_HEMOGLOBIN_BINDING",0.0697259968812653,1,-0.872869016856551,-1.41485268235916,312,4,"HBE1;HBG2"
"GOMF_HEPARAN_SULFATE_BINDING",0.0176348547717842,1,0.844410126134171,1.49107926291545,101,8,"DMBT1;GFRA2"
"GOMF_HEPARAN_SULFATE_GLUCOSAMINE_3_SULFOTRANSFERASE_ACTIVITY",0.564775413711584,1,-0.515516894023621,-0.929276674511202,2388,7,"HS3ST1;HS3ST2;HS3ST5"
"GOMF_HEPARAN_SULFATE_PROTEOGLYCAN_BINDING",0.772950607706232,1,-0.353475500362923,-0.796695810030312,2988,18,"HRG;FGF20"
"GOMF_HEPARAN_SULFATE_SULFOTRANSFERASE_ACTIVITY",0.231634182908546,1,-0.559812303679888,-1.19706491626361,926,14,"HS6ST3;HS3ST1;HS3ST2;HS6ST2;HS3ST5"
"GOMF_HEPARIN_BINDING",0.409445693874851,1,0.35712535264181,1.02176029449818,3094,142,"FGF10;APOA5;CLEC3B;MPO;SAA1;NELL1;CXCL8;F2;PRSS57;IMPG1;LIPC;RTN4RL1;CXCL11;ADAMTSL5;COL13A1;TMEM184A;PTPRC;FGF4;ANG;AZU1;FBLN7;FGF9;SOST;FGFBP1;CXCL6;NRP1;VTN;SMOC2;ADAMTS3;H1-1;FN1;PTCH1;CCN3;THBS2;SOD3;FBN1;SMOC1"
"GOMF_HETEROTRIMERIC_G_PROTEIN_BINDING",0.784250518075063,1,-0.419458729930082,-0.734246596441039,3405,6,"DRD1"
"GOMF_HEXOKINASE_ACTIVITY",0.232078039927405,1,-0.74556470166037,-1.25495605551828,1022,5,"HKDC1;GCK"
"GOMF_HEXOSAMINIDASE_ACTIVITY",0.316833333333333,1,0.56764600490747,1.12403793983051,1900,14,"SPAM1;HYAL3;NAGA;NAGLU;GM2A;HEXA"
"GOMF_HEXOSE_TRANSMEMBRANE_TRANSPORTER_ACTIVITY",0.548228600982674,1,-0.41343453646216,-0.931837037030975,2119,18,"SLC2A9;SLC2A14;SLC5A1;SLC5A2;SLC2A5"
"GOMF_HEXOSYLTRANSFERASE_ACTIVITY",0.809127034995513,1,0.296124250284678,0.864930858953928,6311,176,"GALNT15;B3GALT2;GCNT7;UGT2B15;ALG1L2;UGT2B4;CSGALNACT1;PIGZ;B4GALNT1;FUT3;GALNT5;B3GNT4;B3GNT8;MGAT4A"
"GOMF_HIGH_DENSITY_LIPOPROTEIN_PARTICLE_BINDING",0.295611610228058,1,0.64804595487527,1.17028762317542,1710,9,"APOA2;CD36;ABCA1"
"GOMF_HIGH_VOLTAGE_GATED_CALCIUM_CHANNEL_ACTIVITY",0.381166666666667,1,0.541724337128414,1.07270852361786,2286,14,"CACNA1F;CACNA1D;CACNB3;CACNA1B;CACNA1S;CACNA1E"
"GOMF_HISTAMINE_RECEPTOR_ACTIVITY",0.268017499424361,1,-0.700112812027412,-1.22552092178789,1163,6,"HRH4;HRH1"
"GOMF_HISTONE_ACETYLTRANSFERASE_ACTIVITY",0.973797119215446,1,0.270421125567788,0.642357285650371,6354,36,"ARRB1;KAT2B;BAZ1A;TAF10;KAT6B;CLOCK;BRD1;EP300;JADE1;NCOA3;KAT2A;MCM3AP;PHF10;KAT6A;BRCA2"
"GOMF_HISTONE_ACETYLTRANSFERASE_BINDING",0.807631909547739,1,0.350471157621842,0.782913732171017,5142,25,"EGR1;PAX6;FOXP3;KAT2B;KANSL1;MTF1;SP1;TRIP4;BCAS3;NR4A3;STAT1;MYOCD;KANSL1L;TRIM68"
"GOMF_HISTONE_BINDING",1,1,0.219932941014214,0.637208536602854,7689,162,"SAMD11;SCML4;SETSIP;PARP9;SFMBT2;AIRE;L3MBTL1;CHD3;MLLT6;SMARCA2;PRKCB;L3MBTL4;DTX3L;APLF;AASS;HPF1;KDM5A;SCML1;SAP30L"
"GOMF_HISTONE_CHAPERONE_ACTIVITY",0.833833083458271,1,-0.348532230852924,-0.745277842231378,3336,14,"PRDM12;ASF1A;IPO9;VPS72;MYD88;ANP32E;PTMA"
"GOMF_HISTONE_DEACETYLASE_ACTIVITY_HYDROLYTIC_MECHANISM",0.847810307282845,1,-0.35584355651271,-0.715718374470114,3503,11,"HDAC9;HDAC5;HDAC2;HDAC7;HDAC3;HDAC8;HDAC1;SIRT6;HDAC11;SIRT1;HDAC4"
"GOMF_HISTONE_DEACETYLASE_BINDING",0.986369770580297,1,0.255197286766906,0.719571574751941,7308,124,"TAL1;MAGEA11;NR2E1;IKZF3;MEF2C;SIX3;TWIST1;FOXP3;SPI1;HES1;MAGEA2;ANKRA2;KLF4;BORCS8-MEF2B;KAT2B;H1-5;MAGEA4"
"GOMF_HISTONE_DECROTONYLASE_ACTIVITY",0.918319928507596,1,0.377369372140413,0.603000415164643,5137,5,"SIRT1;HDAC1;HDAC8;HDAC3;HDAC2"
"GOMF_HISTONE_DEUBIQUITINASE_ACTIVITY",0.807491702228544,1,-0.390679074059832,-0.728359527046588,3405,8,"USP36;USP16;BAP1;USP22;MYSM1;USP49;USP3;USP51"
"GOMF_HISTONE_H2A_DEUBIQUITINASE_ACTIVITY",0.837669813492977,1,-0.390649031067364,-0.68381631134966,3637,6,"USP16;BAP1;USP22;MYSM1;USP3;USP51"
"GOMF_HISTONE_H2A_UBIQUITIN_LIGASE_ACTIVITY",0.84850640113798,1,-0.370952857032992,-0.691583106045121,3578,8,"PCGF3;UBR2;RNF2;PCGF5;RNF168;BRCA1;TRIM37;BARD1"
"GOMF_HISTONE_H2AX_KINASE_ACTIVITY",0.954959785522788,1,0.335383905571148,0.535911627252286,5342,5,"ATR;PRKDC;ATM"
"GOMF_HISTONE_H3_ACETYLTRANSFERASE_ACTIVITY",0.894121521488556,1,0.343036556272335,0.699049650275755,5429,16,"KAT2B;KAT6B;BRD1;EP300;JADE1;KAT2A;MCM3AP;KAT6A;BRCA2"
"GOMF_HISTONE_H3_KINASE_ACTIVITY",0.993959731543624,1,0.231891470080419,0.445850520568832,5923,12,"PRKCB;PRKCA;DYRK1A;PKM;HASPIN"
"GOMF_HISTONE_H3_METHYLTRANSFERASE_ACTIVITY",0.991397524901902,1,0.250944900895637,0.610833739002054,6568,42,"PRDM7;KMT2C;ASH1L;SETBP1;SMYD2;SETD5;KMT2D;KMT2A;SETMAR;NSD2;SUV39H2;SMYD3;NSD1;METTL23;PRMT2"
"GOMF_HISTONE_H3_READER_ACTIVITY",1,1,0.190255985420512,0.499265019875299,6939,69,"RAG2;ZCWPW2;PHF19;CBX4;PHF8;FGF2;MLLT3;SPIN2B;HLTF;CXXC1;CHD1;ZCWPW1"
"GOMF_HISTONE_H3K14_ACETYLTRANSFERASE_ACTIVITY",0.931617822253991,1,-0.310067681895093,-0.609082294771315,3909,10,"KAT7;BRPF3;GTF3C4;JADE2;MEAF6;ING4;KAT6A;JADE1;BRD1;KAT6B"
"GOMF_HISTONE_H3K14AC_READER_ACTIVITY",0.635889292196007,1,-0.521364994588114,-0.877576628341587,2802,5,"DPF2;BRD7;SETDB1;BRD2"
"GOMF_HISTONE_H3K27_METHYLTRANSFERASE_ACTIVITY",0.711259498042828,1,-0.455667486927099,-0.797628652146144,3088,6,"EZH2;EHMT2;EHMT1;EZH1;NSD3;JARID2"
"GOMF_HISTONE_H3K27ME2_H3K27ME3_DEMETHYLASE_ACTIVITY",0.0775692582663092,1,0.841353855202945,1.34440355111537,433,5,"UTY;KDM6B"
"GOMF_HISTONE_H3K27ME3_READER_ACTIVITY",0.40385989992852,1,-0.535909582054171,-1.05271544597134,1694,10,"CDYL2;CHD5;LRWD1;H1-2;TAF1;HDGFL2"
"GOMF_HISTONE_H3K36_DEMETHYLASE_ACTIVITY",0.979985704074339,1,-0.246192893401015,-0.483609680159489,4112,10,"KDM8;KDM2B;KDM2A;RIOX1;RIOX2;KDM7A;KDM4B;KDM4A;KDM4C;PHF8"
"GOMF_HISTONE_H3K36_METHYLTRANSFERASE_ACTIVITY",0.635234899328859,1,0.458938739131704,0.882387246413646,3785,12,"ASH1L;SMYD2;SETD5;SETMAR;NSD2;SMYD3;NSD1"
"GOMF_HISTONE_H3K36_TRIMETHYLTRANSFERASE_ACTIVITY",0.78266309204647,1,0.483099608039748,0.771947290161781,4378,5,"ASH1L;SETD5;NSD2;SETD2"
"GOMF_HISTONE_H3K36ME3_READER_ACTIVITY",0.992376992376992,1,0.244458248785434,0.419310578215792,5727,7,"PHF19;ZMYND11;MTF2;PHF1"
"GOMF_HISTONE_H3K4_DEMETHYLASE_ACTIVITY",0.00311203319502075,1,0.905473942356538,1.59890718594202,17,8,"KDM5D;KDM5A"
"GOMF_HISTONE_H3K4_METHYLTRANSFERASE_ACTIVITY",0.531866340668297,1,0.45883762290985,0.956963488550254,3262,18,"PRDM7;KMT2C;ASH1L;SETBP1;SMYD2;KMT2D;KMT2A"
"GOMF_HISTONE_H3K4_MONOMETHYLTRANSFERASE_ACTIVITY",0.936376210235131,1,0.340974830672207,0.602101376399945,5415,8,"KMT2C;KMT2D;KMT2A;SETD1B;SETD1A"
"GOMF_HISTONE_H3K4_TRIMETHYLTRANSFERASE_ACTIVITY",0.774573812114617,1,0.508139429870365,0.784350460638403,4270,4,"SMYD2;KMT2A;SMYD3"
"GOMF_HISTONE_H3K4ME_H3K4ME2_H3K4ME3_DEMETHYLASE_ACTIVITY",0.00571939231456658,1,0.930231014060231,1.4864208096587,31,5,"KDM5D;KDM5A"
"GOMF_HISTONE_H3K4ME3_READER_ACTIVITY",0.434858044164038,1,0.452191406605697,1.01534859772777,2756,26,"RAG2;ZCWPW2;PHF19;PHF8;SPIN2B;CXXC1;CHD1;ZCWPW1"
"GOMF_HISTONE_H3K9_DEMETHYLASE_ACTIVITY",0.979960415635824,1,-0.246211829859242,-0.50395784774981,3960,12,"KDM4D;KDM1A;KDM3A;PHF2;KDM7A;JMJD1C;HR;KDM4B;KDM3B;KDM4A;KDM4C;PHF8"
"GOMF_HISTONE_H3K9_METHYLTRANSFERASE_ACTIVITY",0.99744419833021,1,0.221666730761835,0.417846475095272,5853,11,"ASH1L;SETD5;SUV39H2"
"GOMF_HISTONE_H3K9_MONOMETHYLTRANSFERASE_ACTIVITY",0.873007623007623,1,0.394019180207169,0.675847148139372,5038,7,"ASH1L;SETD5;PRDM16;EHMT1;SETDB1;EHMT2;MECOM"
"GOMF_HISTONE_H3K9_TRIMETHYLTRANSFERASE_ACTIVITY",0.911349419124218,1,0.386327809604368,0.617315147384038,5098,5,"SUV39H2;SUV39H1;PRDM2;EHMT1;SETDB1"
"GOMF_HISTONE_H3K9ME_H3K9ME2_DEMETHYLASE_ACTIVITY",0.892761394101877,1,0.404438974376268,0.646255068540405,4994,5,"PHF8;KDM3B;HR;KDM7A"
"GOMF_HISTONE_H3K9ME2_3_READER_ACTIVITY",0.380337374802319,1,-0.450072395916447,-1.04887523586102,1442,21,"CDYL2;DPPA3"
"GOMF_HISTONE_H3K9ME2_H3K9ME3_DEMETHYLASE_ACTIVITY",0.979282691022499,1,-0.281314878892734,-0.455989505071798,4395,4,"KDM4D;KDM4B;KDM4A;KDM4C"
"GOMF_HISTONE_H4_ACETYLTRANSFERASE_ACTIVITY",0.802055877701634,1,-0.337013811410764,-0.785396847571852,3042,21,"BRPF1;KAT7;HAT1;NAA40;NAA50;BRPF3;JADE2;MEAF6;USP22;NAA60;ING4;KAT5;ATF2;KAT8;ING3;BRCA2;KAT6A;KAT2A;JADE1;EP300;BRD1"
"GOMF_HISTONE_H4_DEMETHYLASE_ACTIVITY",0.969653864390706,1,-0.265494421568292,-0.494972482957645,4089,8,"RSBN1;JMJD6;KDM1A"
"GOMF_HISTONE_H4_METHYLTRANSFERASE_ACTIVITY",0.201955990220049,1,0.58757441790874,1.22546024273016,1238,18,"PRDM6;KMT5A"
"GOMF_HISTONE_H4_READER_ACTIVITY",0.994947025264874,1,0.230997076473304,0.481773414187168,6103,18,"L3MBTL1;BRDT;MSL3;NCAPG2;MBTD1;KDM4A;NCAPD3;BRD4;BAZ2A;THAP7;BRD2;TDRD3;L3MBTL2;TTLL12;DPF2;TAF1;PWP1;TP53BP1"
"GOMF_HISTONE_H4K12_ACETYLTRANSFERASE_ACTIVITY",0.881989114299852,1,-0.336897161756788,-0.689576811354004,3564,12,"BRPF1;KAT7;HAT1;BRPF3;JADE2;MEAF6;ING4;ING3;KAT6A;KAT2A;JADE1;BRD1"
"GOMF_HISTONE_H4K16_ACETYLTRANSFERASE_ACTIVITY",0.799193930772878,1,-0.395293393832193,-0.736962198625878,3370,8,"KAT7;JADE2;ING4;KAT5;KAT8;ING3;KAT6A;JADE1"
"GOMF_HISTONE_H4K16AC_READER_ACTIVITY",0.883393829401089,1,-0.362451459110308,-0.610088772213792,3893,5,"TAF1;DPF2;BAZ2A;BRD4;MSL3"
"GOMF_HISTONE_H4K20_METHYLTRANSFERASE_ACTIVITY",0.0801033591731266,1,0.743567718140722,1.37135491662277,464,10,"PRDM6;KMT5A"
"GOMF_HISTONE_H4K20_MONOMETHYLTRANSFERASE_ACTIVITY",0.0604110813226095,1,0.853373635886641,1.36361001904187,337,5,"PRDM6;KMT5A"
"GOMF_HISTONE_H4K20ME_METHYLTRANSFERASE_ACTIVITY",0.889284918690131,1,-0.366051518646674,-0.593340997374414,3991,4,"TP53BP1;SETD4;KMT5C;KMT5B"
"GOMF_HISTONE_H4K20ME2_READER_ACTIVITY",0.916946456971196,1,0.369043233684455,0.611313010042326,5188,6,"L3MBTL1;MBTD1;KDM4A"
"GOMF_HISTONE_H4K5_ACETYLTRANSFERASE_ACTIVITY",0.890878296636825,1,-0.336884205668577,-0.677584887102367,3681,11,"BRPF1;KAT7;BRPF3;JADE2;MEAF6;ING4;KAT8;ING3;KAT6A;JADE1;BRD1"
"GOMF_HISTONE_H4R3_METHYLTRANSFERASE_ACTIVITY",0.463248638838476,1,-0.621817023515178,-1.04666038688109,2041,5,"PRMT7;PRMT5;PRMT6;PRMT1"
"GOMF_HISTONE_KINASE_ACTIVITY",0.999528672427337,1,0.197176600394813,0.445645171973818,6361,27,"PRKCB;PRKCA;ATR;PRKAA2;HIPK4;PRKAA1;DYRK1A;PKM;PRKACA;PRKDC;HASPIN"
"GOMF_HISTONE_METHYLTRANSFERASE_ACTIVITY",0.93014382154388,1,0.287133665219948,0.734805260837718,6337,58,"PRDM6;PRDM7;KMT2C;ASH1L;KMT5A;SETBP1"
"GOMF_HISTONE_METHYLTRANSFERASE_BINDING",0.898238103079203,1,0.340517404959707,0.693916052086628,5454,16,"PRDM1;GATA3;PAXBP1;LCOR;PRDM14"
"GOMF_HISTONE_MODIFYING_ACTIVITY",0.247861097131354,1,0.369620340920211,1.09232668516042,1969,201,"UTY;KDM5D;PRDM6"
"GOMF_HISTONE_OCTAMER_SLIDER_ACTIVITY",0.996465806679625,1,0.239247463016527,0.396308815369521,5638,6,"SMARCA2;RSF1"
"GOMF_HISTONE_READER_ACTIVITY",1,1,0.200563718490084,0.558178426628806,7296,109,"RAG2;CCDC38;ZCWPW2;L3MBTL1;MLLT6"
"GOMF_HISTONE_UBIQUITIN_LIGASE_ACTIVITY",0.996333333333333,1,0.219923076923077,0.435485989804679,5977,14,"DTX3L;HLTF;MSL2;BARD1;TRIM37;BRCA1;HUWE1"
"GOMF_HMG_BOX_DOMAIN_BINDING",0.179401993355482,1,-0.673491047602657,-1.2917702339784,755,9,"ALX4;PRRX1;DLX5;OLIG2;CEBPA"
"GOMF_HORMONE_ACTIVITY",0.596929518492673,1,0.342628528339733,0.936299646264838,4276,92,"OSTN;TG;QRFP;GHRH;TRH;KL;GIP;REG1A;CCL25;CRH;RLN3;NTS;AMH;NPFF;BGLAP;INHBA;C1QTNF9;INHBC;NPY;CGB3;FBN3;ADM5;APLN;ERFE;CALCB;LHB;IAPP;POMC"
"GOMF_HORMONE_BINDING",0.974814607527634,1,0.26207792070587,0.711158283329038,6966,86,"MLNR;PTH1R;AVPR1A;ALDH1A1;GALR2;INHBA;GIPR;SULT2B1;CALCR;LHCGR;GALR1;ADRA2A;VIPR2;HCRTR1;CDH13;ALDH1A3;AMHR2;UCN2;GHR;DRD4;RXFP1;PIK3R1;CRHR1"
"GOMF_HORMONE_RECEPTOR_BINDING",0.245694294940797,1,-0.478922419257115,-1.14689977655729,912,24,"UCN;NPPB;GH1;LEP;CSH2"
"GOMF_HSP70_PROTEIN_BINDING",1,1,-0.177765005573664,-0.485338679930412,3333,47,"CYP2E1;PGLYRP1;MVD;DNAJA4;CYP1A1;DNAJC2;RNF207;SGTB;STUB1;DNAJA1"
"GOMF_HSP90_PROTEIN_BINDING",0.989263571752608,1,0.253089076734751,0.614335956171235,6541,41,"GBP1;PACRG;ERN1;UNC45B"
"GOMF_HYALURONIC_ACID_BINDING",0.104517976455616,1,0.599810583784605,1.32690200816241,656,24,"LYVE1;ITIH1;ITIH2;IMPG1;STAB2;HAPLN1;BCAN;LAYN;HAPLN2;VCAN"
"GOMF_HYALURONONGLUCOSAMINIDASE_ACTIVITY",0.245495495495495,1,0.707250192118267,1.21312121179693,1416,7,"SPAM1;HYAL3"
"GOMF_HYDRO_LYASE_ACTIVITY",0.697302383939774,1,-0.315375794104929,-0.889265055861321,2222,58,"UROC1;ALOXE3;ENSG00000274276;CA7;CA5BP1;ENO4;ECHDC3;CYP1A1;FASN;CA5B;HACD4;L3HYPDH;EHHADH;APIP;CA14"
"GOMF_HYDROLASE_ACTIVITY_ACTING_ON_ACID_ANHYDRIDES",1,1,0.148763271845495,0.474481982774977,9481,759,"DDX3Y;PMS2P1;DDX4;DIRAS2;ATP13A4;ABCA12;GBP3;ABCB5;ABCA10;GBP1;GBP4;GBP6;ABCC9;TUBB8;RIT2;GNAT2;TUBB8B;ABCD2;ATP1A4;PMS2P6;ATP8B1;ATP2A1;KIF19;ARL5C;IFIH1;RAB6C;MYH3;SMC1B;NAV3;ATAD3C;RGS8;RGS6;CARNS1;ATP2B3;ARL10;TRPM2;CHD3;ABCA3;RAB27B;CPLANE2;DDX60L;GNG11;SMARCA2;RAB7B;TAP1;GIMAP4;RRAD;AGAP2;KIF12;CFTR;RIGI;RAB27A;NUDT4B;KIFC2;RHOU;DDX60;RGS11;KATNAL2;ABCB1;ATP8B3;AGAP9;RGS7;RABL2A;TDRD12;KIF13B;ATP10D;SLFN11;NUDT13;ATP2A3;MX1;RNF213;ATL3;ABCA4;NTPCR;ATAD3B;DNM3;TAP2;DCP1A;AGAP6;NUDT7;ATP11A;RERG;KIF3A;VWA8;KIF25;SMPDL3A;MRAS;PLPP5;ABCA7;LHPP;GNAL;NUDT6"
"GOMF_HYDROLASE_ACTIVITY_ACTING_ON_CARBON_NITROGEN_BUT_NOT_PEPTIDE_BONDS",0.999728555917481,1,0.224215537312727,0.629171853256476,7365,117,"ARG1;AICDA;KLK3;PM20D1;UPB1;ACY3;GLS2;FAAH2"
"GOMF_HYDROLASE_ACTIVITY_ACTING_ON_CARBON_NITROGEN_BUT_NOT_PEPTIDE_BONDS_IN_CYCLIC_AMIDES",0.313161875945537,1,-0.511123049188158,-1.10921341448126,1241,15,"AMDHD1;CD101;DPEP1;DPYSL4"
"GOMF_HYDROLASE_ACTIVITY_ACTING_ON_CARBON_NITROGEN_BUT_NOT_PEPTIDE_BONDS_IN_CYCLIC_AMIDINES",0.907132867132867,1,-0.295295776816876,-0.733299285473751,3242,29,"GDA;ADAD2;APOBEC2;AMPD3"
"GOMF_HYDROLASE_ACTIVITY_ACTING_ON_CARBON_NITROGEN_BUT_NOT_PEPTIDE_BONDS_IN_LINEAR_AMIDES",0.997671033478894,1,0.231867266769756,0.599047400410038,6853,62,"KLK3;PM20D1;UPB1;ACY3;GLS2;FAAH2;ACR;NAALAD2"
"GOMF_HYDROLASE_ACTIVITY_ACTING_ON_CARBON_NITROGEN_BUT_NOT_PEPTIDE_BONDS_IN_LINEAR_AMIDINES",0.258984105044921,1,0.663365633186481,1.19795299132372,1498,9,"ARG1;AGMAT"
"GOMF_HYDROLASE_ACTIVITY_ACTING_ON_ESTER_BONDS",1,1,-0.155564650573997,-0.565574097013224,687,651,"PON1;F2RL2;ASPA;PLAAT2;NT5C1A;LIPN;PLA2G10;PLD4;PLA2G2A;CES1;PTPN7;PTPRR;LIPH;PDE1A;ASPG;TNS2;ARSD;PLD6;BAAT;LIPE;PTPRM;DUSP13B;PTPRH;PLA2G4C;MGLL;IAH1;PLPPR4;CHRM5;ACOT2;EPM2A;ACOT1;PNPLA5;PPM1F;PDE3A;TREX1;PLA2G4D;ACOT9;PLPPR5;CHRM1;PP2D1;PLA2G3;SYNJ2;ENPP6;PNPLA4;PHOSPHO1;MEIOB;RAD51C;MPPED2;DUSP5;NOTUM;DAGLA;LPIN3;EXOSC3;ARSJ;PLCH2;PUDP;ZC3H12A;ACP6;PPEF1;DUSP18;PLD1;PTPRE;EYA3;GDPD5;INPP5J;ACP2;OLAH;PTPRJ;GEN1;TREX2;FASN;ARSI;CES3;NCEH1;OVCA2;DUSP9;PTPRU;ACP7"
"GOMF_HYDROLASE_ACTIVITY_ACTING_ON_ETHER_BONDS",0.999664429530201,1,0.187857983920868,0.361188705626317,5957,12,"TMEM86A;EPHX2"
"GOMF_HYDROLASE_ACTIVITY_ACTING_ON_GLYCOSYL_BONDS",0.44278470604358,1,0.361640807028096,1.00646367244978,3230,109,"IL1RAPL1;SPAM1;MGAM2;KL;CHI3L2;CHIT1;TREH;MGAM;AMY2B;KLB"
"GOMF_HYDROLASE_ACTIVITY_HYDROLYZING_N_GLYCOSYL_COMPOUNDS",0.826361119655491,1,0.333622952351009,0.77991130705813,5372,33,"IL1RAPL1;SARM1;IL1RAP;IL1R1;ADPRH;MACROD1"
"GOMF_HYDROLASE_ACTIVITY_HYDROLYZING_O_GLYCOSYL_COMPOUNDS",0.235996588001137,1,0.425394159049364,1.13370289474323,1659,76,"SPAM1;MGAM2;KL;CHI3L2;CHIT1;TREH;MGAM;AMY2B;KLB;NEU4;GALC;HPSE2;HYAL3;GLB1L2"
"GOMF_HYDROPEROXY_ICOSATETRAENOATE_DEHYDRATASE_ACTIVITY",0.940594059405941,1,-0.308339737682476,-0.539737015316426,4084,6,"ALOXE3;CYP1A1"
"GOMF_HYDROXYAPATITE_BINDING",0.306525315298848,1,0.792732720136657,1.1652351666833,1676,3,"BGLAP;HACD1"
"GOMF_HYDROXYMETHYL_FORMYL_AND_RELATED_TRANSFERASE_ACTIVITY",0.543832293832294,1,0.568936831856209,0.975877202422726,3138,7,"FTCD;ATIC"
"GOMF_I_SMAD_BINDING",0.995883418409353,1,0.231248557581352,0.47124488731073,6047,16,"SMAD5;SMAD4;SMAD3;AXIN2;SMAD1;SMAD9;CTNNB1;SMURF1;SMAD2;TGFB1I1;SMAD6;AXIN1;SMAD7;TGFBR1;ACVR1B;FKBP1A"
"GOMF_ICOSANOID_BINDING",0.995321897972822,1,-0.252755266114894,-0.409696597469939,4467,4,"OXER1"
"GOMF_ICOSANOID_RECEPTOR_ACTIVITY",0.388805597201399,1,-0.492908389024262,-1.05400209240552,1555,14,"CYSLTR2;PTGER1;PTGER4;PTGER3;PTGDR2;PTGFR"
"GOMF_ICOSANOID_TRANSMEMBRANE_TRANSPORTER_ACTIVITY",0.387118759584256,1,0.571897636533661,1.07803913884424,2271,11,"SLCO2B1;SLC22A11;SLCO1B1"
"GOMF_ICOSATETRAENOIC_ACID_BINDING",0.995990198262419,1,-0.249326222476593,-0.404138384844809,4470,4,"FABP3"
"GOMF_IGE_BINDING",0.529336501553647,1,0.687249346598172,1.01018550968637,2895,3,"FCER1G;FCER2"
"GOMF_IGG_BINDING",0.463790713790714,1,0.607222052940463,1.04154648652223,2676,7,"FCGR3A;FCGR2C;FCGR1A;FCER1G;FCGR2A"
"GOMF_IGG_RECEPTOR_ACTIVITY",0.588561215370867,1,0.600839415678093,0.960084320161424,3292,5,"FCGR3A;FCGR2C;FCGR1A;FCGR2A"
"GOMF_IGM_BINDING",0.188510557352102,1,0.878978600968277,1.23023814761469,990,2,"CD22;FCMR"
"GOMF_IMMUNE_RECEPTOR_ACTIVITY",0.76236943375481,1,0.312129958285005,0.867316280895047,5546,108,"IL9R;MR1;IL12B;FCGR3A;CXCR6;CD3E;IL5RA;CX3CR1;FCGR2C;IL2RG;C5AR1;IL31RA;TRAC;CCR4;GP6;IL17REL;FCGR1A;CCR8;ACKR2;CD200R1;LILRA6;IL2RB;IL10RB;MPL;FCER1G;IL17RB;FCGR2A"
"GOMF_IMMUNOGLOBULIN_BINDING",0.795448668218257,1,-0.347664832771303,-0.783599189418786,3075,18,"PIGR;JCHAIN;FCGR2B;HRG"
"GOMF_IMMUNOGLOBULIN_RECEPTOR_ACTIVITY",0.741774332472007,1,0.435319387208088,0.802855432510912,4305,10,"FCGR3A;FCGR2C;FCGR1A;CD200R1;FCER1G;FCGR2A"
"GOMF_IMMUNOGLOBULIN_RECEPTOR_BINDING",0.456278294019538,1,-0.513764289928025,-1.00921428111553,1914,10,"JCHAIN;TARM1;ADAM28"
"GOMF_IMPORTIN_ALPHA_FAMILY_PROTEIN_BINDING",0.438300901756051,1,-0.535263403738016,-1.02664665662291,1846,9,"RB1;KPNB1;DESI1;EI24;RAN;DHX9"
"GOMF_INHIBITORY_MHC_CLASS_I_RECEPTOR_ACTIVITY",0.301258000441404,1,-0.780120017632058,-1.20431199284326,1364,3,"LILRB3;LILRA5"
"GOMF_INITIATOR_METHIONYL_AMINOPEPTIDASE_ACTIVITY",0.985522788203753,1,0.278538610780033,0.445078245187445,5513,5,"METAP1D;ACTMAP"
"GOMF_INORGANIC_DIPHOSPHATE_PHOSPHATASE_ACTIVITY",0.986842105263158,1,-0.262562958975739,-0.441953561625966,4349,5,"PPA2;ALPL;PRUNE1;PPA1;LHPP"
"GOMF_INOSITOL_1_3_4_5_6_PENTAKISPHOSPHATE_KINASE_ACTIVITY",0.31295799821269,1,0.726200781994233,1.16039987705329,1750,5,"IP6K3;PPIP5K2"
"GOMF_INOSITOL_1_3_4_5_TETRAKISPHOSPHATE_5_PHOSPHATASE_ACTIVITY",0.268938521759153,1,-0.699067847802776,-1.22369175154874,1167,6,"INPP5J;INPP5A;OCRL"
"GOMF_INOSITOL_1_3_4_5_TETRAKISPHOSPHATE_BINDING",0.479582577132486,1,-0.6139232156532,-1.03337330132644,2113,5,"ADAP2;SYT2"
"GOMF_INOSITOL_1_4_5_TRISPHOSPHATE_5_PHOSPHATASE_ACTIVITY",0.770685579196217,1,-0.419066459421007,-0.755414013244914,3259,7,"SYNJ2;INPP5J;INPP5A;OCRL"
"GOMF_INOSITOL_1_4_5_TRISPHOSPHATE_BINDING",0.254362416107383,1,0.61902141569517,1.19017323205219,1515,12,"RPH3A;TRPC7;TRPC3;TRPC6;ITPR2"
"GOMF_INOSITOL_BISPHOSPHATE_PHOSPHATASE_ACTIVITY",0.841822591822592,1,0.414808611543852,0.711506523586397,4858,7,"INPP4B;INPP4A;INPP1;INPP5K"
"GOMF_INOSITOL_HEXAKISPHOSPHATE_KINASE_ACTIVITY",0.303077455048409,1,0.659733674669463,1.16497324096554,1752,8,"IP6K3;PPIP5K2;ITPKB"
"GOMF_INOSITOL_PHOSPHATE_KINASE_ACTIVITY",0.370420855341625,1,0.580047803583267,1.09340237608517,2173,11,"IP6K3;PPIP5K2;ITPKB"
"GOMF_INOSITOL_PHOSPHATE_PHOSPHATASE_ACTIVITY",0.997413514387326,1,0.222206390861716,0.473895081847235,6169,20,"SYNJ1;INPP5F;INPPL1;INPP4B;INPP4A;INPP1;INPP5E;PTEN"
"GOMF_INOSITOL_POLYPHOSPHATE_5_PHOSPHATASE_ACTIVITY",0.973552537526805,1,-0.259112603453768,-0.508988547762249,4085,10,"SYNJ2;INPP5J;INPP5A;OCRL"
"GOMF_INOSITOL_TETRAKISPHOSPHATE_PHOSPHATASE_ACTIVITY",0.46633475580844,1,-0.544113388382904,-1.01441361090559,1966,8,"INPP5J;INPP5A;OCRL;MINPP1"
"GOMF_INOSITOL_TRISPHOSPHATE_KINASE_ACTIVITY",0.958355674709562,1,0.330577876888769,0.528232049881365,5361,5,"ITPKB;ITPKC;ITPKA;IPMK;ITPK1"
"GOMF_INOSITOL_TRISPHOSPHATE_PHOSPHATASE_ACTIVITY",0.997166666666667,1,0.214531216832678,0.424809167884908,5982,14,"SYNJ1;INPPL1;INPP4B;INPP4A;INPP1;INPP5E"
"GOMF_INSULIN_BINDING",0.772475424486148,1,0.488637769268506,0.780796745805857,4321,5,"PIK3R1;INSR;C2CD2L"
"GOMF_INSULIN_LIKE_GROWTH_FACTOR_BINDING",0.486692632262253,1,0.468608308432065,0.98756079407384,2998,19,"IGFBP1;KAZALD1;IGFBP3;ITGB3;IGFBP5;ITGA6;ITGB4;INSR;ITGAV;IGFBPL1;IGF2R"
"GOMF_INSULIN_LIKE_GROWTH_FACTOR_I_BINDING",0.20514964052834,1,0.631154355231934,1.23080760075257,1226,13,"IGFBP1;IGFBP3;ITGB3;IGFBP5;ITGA6;ITGB4;INSR;ITGAV"
"GOMF_INSULIN_LIKE_GROWTH_FACTOR_II_BINDING",0.209889349930844,1,0.701978685068484,1.2395704740139,1213,8,"IGFBP1;IGFBP3;IGFBP5;INSR;IGF2R"
"GOMF_INSULIN_LIKE_GROWTH_FACTOR_RECEPTOR_BINDING",0.345833333333333,1,0.555174729930267,1.09934264362258,2074,14,"REN;ARRB1;PIK3R1;SOCS2;INSR"
"GOMF_INSULIN_RECEPTOR_BINDING",0.992887164565147,1,0.241748095714396,0.515571281099121,6141,20,"PIK3R1;ENPP1;IRS2;SNX4;APP;SORBS1;PTPN11;CCDC88A;PHIP;PTPN1;IGF2;GRB10;IRS1;SHC1;SNX2;IGF1R;LMBRD1;IRS4;INSL3;SNX1"
"GOMF_INSULIN_RECEPTOR_SUBSTRATE_BINDING",0.938422818791946,1,0.32639796938697,0.627555228803038,5592,12,"PIK3R1;INSR;PRKCZ;PRKCD;PIK3CA;GRB2;INSRR;LONP1;IGF1R;NCL;PIK3CB;JAK2"
"GOMF_INTEGRIN_BINDING",1,1,-0.190986725172682,-0.606622095894361,2486,137,"SLC6A4;ANGPTL3;ITGBL1;FGF1;COL3A1;ITGB7;CDH17;VWF;ICAM4;COMP;SPP1;DMP1;LCP1;LYN;SYK"
"GOMF_INTEGRIN_BINDING_INVOLVED_IN_CELL_MATRIX_ADHESION",0.908668453976765,1,0.389323727535691,0.622102339694164,5083,5,"MADCAM1;EMILIN1;ITGA9;ITGB1"
"GOMF_INTERFERON_RECEPTOR_ACTIVITY",0.529043789097408,1,0.631704410011919,1.00940364963373,2959,5,"IL22RA1;IFNAR2;IFNGR2;IFNAR1;IFNGR1"
"GOMF_INTERLEUKIN_1_BINDING",0.0206167706167706,1,0.856807135705584,1.46965094152933,118,7,"IL1RAPL1;A2M;PXDN;IL1R1"
"GOMF_INTERLEUKIN_1_RECEPTOR_ACTIVITY",0.864335041211851,1,-0.382811318101901,-0.620507326751558,3879,4,"IL18R1"
"GOMF_INTERLEUKIN_1_RECEPTOR_BINDING",0.383125864453665,1,0.622333969335442,1.09893196157206,2215,8,"IL37;TLR5;ERAP1;IL1A"
"GOMF_INTERLEUKIN_12_RECEPTOR_BINDING",0.0347285688174008,1,0.927876232822674,1.36388216273982,189,3,"IL12B;IL12A"
"GOMF_INTERLEUKIN_17_RECEPTOR_ACTIVITY",0.791666666666667,1,0.429590499830087,0.758581009413839,4578,8,"IL17REL;IL17RB;IL6ST;IL27RA"
"GOMF_INTERLEUKIN_2_RECEPTOR_BINDING",0.342898921586547,1,0.777856492732938,1.14336864991406,1875,3,"GATA3;ECM1;TIMM50"
"GOMF_INTERLEUKIN_6_RECEPTOR_BINDING",0.48977823977824,1,0.594685410359096,1.02004282740745,2826,7,"IL6;ERAP1;IL6ST;ADAM17;IL6R"
"GOMF_INTERMEDIATE_FILAMENT_BINDING",0.635975320360702,1,-0.45401192473628,-0.870804582084921,2679,9,"PKP1;NES;EPPK1"
"GOMF_INTRACELLULARLY_CALCIUM_GATED_CHLORIDE_CHANNEL_ACTIVITY",0.653579676674365,1,-0.389220782653813,-0.866549393158625,2546,17,"BEST3;NMUR2;TTYH2;ANO4;ANO7;ANO10;ANO5"
"GOMF_INTRACELLULARLY_CAMP_ACTIVATED_CATION_CHANNEL_ACTIVITY",0.895271867612293,1,-0.343804110576593,-0.619745238737528,3786,7,"CNGA2"
"GOMF_INTRACELLULARLY_CGMP_ACTIVATED_CATION_CHANNEL_ACTIVITY",0.898593466424682,1,-0.349643437878301,-0.588529940675069,3960,5,"CNGA2"
"GOMF_INTRACELLULARLY_GATED_CALCIUM_CHANNEL_ACTIVITY",0.619298534496954,1,0.440355482868839,0.89736892662859,3760,16,"TRPA1;TRPM2;MCOLN2;ITPR2;RYR3;BNIP1;ITPR1"
"GOMF_INTRACELLULARLY_LIGAND_GATED_MONOATOMIC_ION_CHANNEL_ACTIVITY",0.577760252365931,1,0.410683400269722,0.922146702662887,3662,26,"CNGB1;BEST2;TRPA1;TRPM2;CNGA1;MCOLN2;CFTR;ITPR2;HCN1;RYR3"
"GOMF_INTRACILIARY_TRANSPORT_PARTICLE_B_BINDING",0.959356776815692,1,0.312365426022762,0.517427313078446,5428,6,"KIFAP3;IFT56;IFT70B;KATNIP"
"GOMF_INTRAMEMBRANE_LIPID_TRANSPORTER_ACTIVITY",0.94937648456057,1,0.280214171728249,0.70416017978849,6394,51,"ABCA12;XKR9;ATP8B1;TMEM63C;ABCA3;ABCB1;ATP8B3;ATP10D;ABCA4;ATP11A;ABCA7;ATP10A;ATP8A1;ANO9;ANO6;TMEM30A"
"GOMF_INTRAMOLECULAR_OXIDOREDUCTASE_ACTIVITY",1,1,0.186888325330332,0.463335945738919,6667,47,"DCT;TBXAS1;ITGB3;PTGDS"
"GOMF_INTRAMOLECULAR_OXIDOREDUCTASE_ACTIVITY_INTERCONVERTING_ALDOSES_AND_KETOSES",0.519686852406171,1,-0.560326772275579,-0.980830761364092,2256,6,"HYI;RPIA;GPI"
"GOMF_INTRAMOLECULAR_OXIDOREDUCTASE_ACTIVITY_INTERCONVERTING_KETO_AND_ENOL_GROUPS",0.927699746718858,1,-0.32167025530606,-0.563071580782604,4028,6,"DDT;MIF;FAHD1;FAHD2A;FAHD2B;DDTL"
"GOMF_INTRAMOLECULAR_OXIDOREDUCTASE_ACTIVITY_TRANSPOSING_C_C_BONDS",0.610570469798658,1,0.469298710600488,0.902306041489782,3638,12,"DCT;ECH1;ECI2;ECI1;EBP;MIF;ECHS1;DDT;EBPL;SREBF2;IDI1;EHHADH"
"GOMF_INTRAMOLECULAR_PHOSPHOTRANSFERASE_ACTIVITY",0.102105008468425,1,-0.685481413380132,-1.37872847192157,421,11,"PGM5"
"GOMF_INTRAMOLECULAR_TRANSFERASE_ACTIVITY",0.154125874125874,1,-0.498151745560896,-1.23704552437213,550,29,"PGM5;ALOXE3;CYP2J2;TMEM86B;RPUSD1;PUSL1;PUS3;PUS7L;LSS;PMM2;PUS1;PUS10;TRUB1;DKC1;PUS7;PMM1"
"GOMF_INTRONIC_TRANSCRIPTION_REGULATORY_REGION_SEQUENCE_SPECIFIC_DNA_BINDING",0.900332225913621,1,-0.336660438139069,-0.645721920869168,3793,9,"VAX1"
"GOMF_INWARD_RECTIFIER_POTASSIUM_CHANNEL_ACTIVITY",0.352523659305994,1,0.478771843652548,1.07503219429387,2234,26,"KCNJ15;KCNJ5;ABCC9;KCNH7"
"GOMF_IODIDE_TRANSMEMBRANE_TRANSPORTER_ACTIVITY",0.354823854478471,1,-0.64862921669904,-1.13540084096682,1540,6,"SLC26A4;SLC5A8;SLC5A6;SLC5A5"
"GOMF_IONOTROPIC_GLUTAMATE_RECEPTOR_BINDING",0.28037120359955,1,-0.441595186274834,-1.11227505435048,996,31,"RAPSN;CACNG2;SHANK1;NETO1;DLG2;SHISA7"
"GOMF_IRON_ION_BINDING",0.60752903484181,1,0.330782506031039,0.93841141021564,4550,130,"TPH2;FTH1P19;CYP3A43;TH;CYP3A4;CYP2W1;CYP4A11;CYP46A1;AGMO;HBA1;TF;CH25H;CYP2C18;HBQ1;ALOX5;TBXAS1;CYP26A1;CYP4F11;SCD5;TET2;CYP27A1"
"GOMF_IRON_ION_TRANSMEMBRANE_TRANSPORTER_ACTIVITY",0.234277816171389,1,0.674780365251877,1.21856652892472,1355,9,"SLC11A1;MCOLN2;TTYH1;SLC25A37"
"GOMF_ISOCITRATE_DEHYDROGENASE_NAD_P_PLUS_ACTIVITY",0.616606170598911,1,-0.533936454855481,-0.898737273627108,2717,5,"IDH1;IDH3A;IDH3B"
"GOMF_ISOMERASE_ACTIVITY",1,1,-0.181408774966731,-0.642796664517092,1184,415,"MYL1;MYH7B;TDRD9;DDX43;MYH4;MYO7B;PGM5;DNAH6;FKBP6;PPIL6;MYO1A;MOV10L1;MYH11;DQX1;HFM1;KIF27;ALOXE3;KIF6;PDIA2;ACTC1;MYO3A;DNAH12;MYH7;MYO15A;DNAH1;PPIF;DDX12P;CYP2J2;RAD51;TMEM86B;MYH2;SDSL;FIGNL1;DHX58;TWNK;KIF26A;WRN;TOP3B;PPIL3;GALE;HYI;BRIP1;L3HYPDH;DDX3X;KIF24;DHX37;SMARCA1;DHX8;DNAH5;DNAH11;MYH1;DNAL4;DDX54;DHX34;MCM5;PSMC2;SMARCA4;EHHADH;DDX24;IDI1;FKBP1A;CHTF18;RPUSD1;FKBP4;CWC27;PUSL1;DDX49;PUS3;PSMC4;RTEL1;SREBF2;KIF9;PUS7L;EBPL;RAD54L;KATNAL1;KIF21B;UPF1;MCM2;GFUS;DDX10;DDX28;DDX27;LSS;KIF21A;KIF13A;DDX39A;DSEL;MTREX"
"GOMF_ISOPRENOID_BINDING",0.34051724137931,1,0.458717847855083,1.0778843171632,2211,34,"RHO;UGT2B15;CYP2W1;RLBP1;C8G;RBP3;UGT2B4"
"GOMF_JUN_KINASE_BINDING",0.9304821945817,1,0.33603166681007,0.633426798033289,5460,11,"MAPK8IP2;HES1;SPAG9;DUSP16;RNF13"
"GOMF_JUN_KINASE_KINASE_KINASE_ACTIVITY",0.865211200759374,1,-0.358123437800423,-0.686888413271874,3645,9,"LRRK2;MAP3K11;MAP3K21;MAP3K5;RIPK1;RIPK2;MAP3K20;MAP3K9;MAP3K10"
"GOMF_K48_LINKED_DEUBIQUITINASE_ACTIVITY",0.326351176622705,1,-0.486309606089332,-1.09608961625648,1261,18,"USP26;MINDY3;ATXN3"
"GOMF_K48_LINKED_POLYUBIQUITIN_MODIFICATION_DEPENDENT_PROTEIN_BINDING",0.951937984496124,1,0.319527764959237,0.589302037708159,5525,10,"MINDY1;IKBKE;MINDY2;UBXN1;RNF31;NPLOC4;UBQLN4;VCP;ZFAND2B;UFD1"
"GOMF_K63_LINKED_DEUBIQUITINASE_ACTIVITY",0.926096997690531,1,-0.304381274762473,-0.677665275568977,3608,17,"STAMBPL1;ATXN3;PSMD14;USP54;BRCC3;DESI2;USP14;YOD1;OTUD4;USP53;STAMBP;USP9X;USP8;CYLD;OTUD5;TNFAIP3;USP27X"
"GOMF_K63_LINKED_POLYUBIQUITIN_MODIFICATION_DEPENDENT_PROTEIN_BINDING",0.978471474703983,1,-0.250942670257791,-0.60094512362521,3635,24,"TNIP2;SPRTN;FAAP20;ASCC2;NPLOC4;ZRANB1;SQSTM1;IKBKG;RNF31;RNF168;UIMC1;WDR81;TAB2;ATRIP;TAB3;ZRANB3;MINDY2;ZBTB1;PRPF8;RNF169;OTUD7B;PARP10;IKBKE;OPTN"
"GOMF_KAINATE_SELECTIVE_GLUTAMATE_RECEPTOR_ACTIVITY",0.662913315460232,1,0.556696873067916,0.889548729608899,3708,5,"GRIK1;GRIK3"
"GOMF_KERATIN_FILAMENT_BINDING",0.937625306304299,1,-0.324221453287197,-0.525537719867497,4208,4,"EPPK1;FAM83H;SIRT1;VIM"
"GOMF_KETOSTEROID_MONOOXYGENASE_ACTIVITY",0.299782372143634,1,0.759938485198001,1.17302076139607,1652,4,"AKR1D1;AKR1C1;AKR1C3;AKR1C2"
"GOMF_KINASE_ACTIVATOR_ACTIVITY",0.993374741200828,1,-0.239470047697017,-0.767189895128561,2398,148,"BTC;IRGM;RGCC;ALK;GREM1;GHRL;TCL1A;WNT11;ANGPT4;LTF;EGF;CDK5R2;ALKAL1;MAP3K13"
"GOMF_KINASE_ACTIVITY",1,1,-0.152743965483789,-0.558038292150195,542,731,"TNNI3K;ANKK1;PRKAG3;SPEGNB;PHKG1;CDK15;AVP;TSSK1B;CSF1R;ALK;CKM;STKLD1;PLK5;CMPK2;DGKG;PCK1;PIPSL;GUCY2D;TEX14;C8orf44-SGK3;CKMT2;MOS;HKDC1;ALPK2;PRKG2;FLT4;MOK;PRKCE;NTRK2;GCK;DLG2;HUNK;PI4KAP2;RNASEL;MYO3A;AATK;CSNK2A3;STK33;LYN;TEC;FLT3;SYK;MET;MAP3K13;TESK1;XYLB;NEK5;MAPK15;STK26;SGK2;PRKX;STK32B;IRAK4;FGGY;EPHB2;DGKK;SOSTDC1;LRRK2;ULK4;GRK5;SIK2;RIOK2;PRPS1;EPHA3;DAPK3;WEE1;FGR;DAPK1;MAST4;CERKL;MAST1;ACVRL1;MAP2K6;RPS6KA4;CASK;ADCK5;STK38L;CDK9;CHEK1;VRK2;CCNE1;ERBB2;EFNA3;IPPK;PDK3;LMTK3;PIK3R4;MATK;MAP3K1;NME5;CAMK4;CIITA;CDK19;NEK4"
"GOMF_KINASE_BINDING",1,1,-0.155210741475205,-0.566960621034337,524,741,"SPDYE10;CDKN2B;PRKAG3;POTEKP;CDKN2C;PLEK;MYOC;SPDYE11;RHOJ;CD160;IRGM;GAB4;RGCC;TRADD;UNC5C;TCL1A;ANGPT1;PTPRR;SPDYE5;TEX14;POTEI;SPDYE3;CD6;TNS2;SPDYE2B;SPDYE16;PRKG2;DOK2;CEBPA;SFN;RAC2;HSP90B2P;MICAL2;ANGPT4;ACTL8;IL12RB2;BCL2L11;DLG2;CDK5R2;DACT1;ALKAL1;KCNQ1;SYK;MAP3K13;TESK1;NOX4;PARP16;SCN5A;ANGPT2;CAVIN2;HCLS1;AP2A2;GADD45A;IRAK4;DOK7;PITPNM1;ARHGAP33;CAVIN3;GRK5;CRY2;CBLB;CD247;FRS3;PRLR;PICK1;POLA1;PRKAR1B;RB1;ACTG1;FGR;ACTB;ATF7;MEF2A;PTPRJ;CCNE2;TIRAP;TRAF6;ACVRL1;PER1;MAP2K6;TREM2;TTC28;MAPK8IP1;MAG;TNIP2;PTPN5;CDK9;VRK2;CCNE1;ERBB2;BAD;DUSP1;PPP1R15A;GNAT1;RHOG;HPCA;HDAC9;MAP3K1;PTPN6;SREBF1"
"GOMF_KINASE_INHIBITOR_ACTIVITY",0.971304031965129,1,-0.255644042411231,-0.778276493415961,2673,99,"CDKN2B;CDKN2C"
"GOMF_KINASE_REGULATOR_ACTIVITY",0.986919555264879,1,-0.246260474693142,-0.846271233289797,1508,296,"CDKN2B;PRKAG3;CDKN2C;BTC;IRGM;RGCC;ALK;GREM1;GHRL;TCL1A;GCKR;WNT11;CCKBR;SFN;RAC2;ANGPT4;LTF;EGF;CDK5R2;ALKAL1;LYN;FLT3;CCNB3;MAP3K13;TESK1"
"GOMF_KINESIN_BINDING",0.996144721233689,1,-0.235468027868646,-0.634160087074095,3358,43,"SPTBN5;KCNC1;KCNA2;IFT88;ACTB;MAPK8IP1;KLC3;CIMAP3;FAM83D;NEFH;DCDC2;RAB29;TTBK2"
"GOMF_KINETOCHORE_BINDING",0.869101633393829,1,-0.374562651389904,-0.630474681118783,3830,5,"SPDL1;CENPE;CENPH;CLASP1;MAD1L1"
"GOMF_L_2_HYDROXYCARBOXYLATE_DEHYDROGENASE_NADPLUS_ACTIVITY",0.470956210902592,1,0.657710421509184,1.05095878602618,2634,5,"LDHAL6B;LDHA"
"GOMF_L_ALANINE_TRANSMEMBRANE_TRANSPORTER_ACTIVITY",0.378112033195021,1,0.624881416324125,1.10343030338564,2186,8,"SLC36A2;SLC1A4;SLC36A1;SLC38A3"
"GOMF_L_AMINO_ACID_N_ACETYLTRANSFERASE_ACTIVITY",0.865877363491783,1,0.411894557791449,0.682295403250337,4899,6,"KAT2B;NAT8L;EP300;ESCO2"
"GOMF_L_AMINO_ACID_TRANSMEMBRANE_TRANSPORTER_ACTIVITY",0.962913711583924,1,0.274418733226141,0.695419738430066,6516,54,"SLC17A8;SLC36A2;SLC1A2;SLC25A18;SLC7A9;SLC66A1LP;SLC6A20;SLC1A4;SLC36A1;SLC15A4;SLC7A2;SLC3A1;SLC25A12"
"GOMF_L_ARGININE_TRANSMEMBRANE_TRANSPORTER_ACTIVITY",0.972043542800594,1,-0.266825628797785,-0.546151132097497,3928,12,"SLC66A1;SLC38A9;SLC47A1;SLC7A6;SLC25A15;SLC25A29;SLC7A3;SLC38A4;SLC22A2;SLC7A1;SLC7A7;SLC7A2"
"GOMF_L_ASCORBIC_ACID_BINDING",0.441561844863732,1,-0.435578072644645,-1.00357744922131,1684,20,"P4HA3;DBH;EGLN3;ALKBH3;EGLN1;PAM;EGLN2;OGFOD1;P3H1;P3H3;PLOD1;PLOD3"
"GOMF_L_ASPARTATE_TRANSMEMBRANE_TRANSPORTER_ACTIVITY",0.849689011748445,1,0.393960835318024,0.711442585390835,4917,9,"SLC25A18;SLC1A4;SLC25A12"
"GOMF_L_GLUTAMATE_TRANSMEMBRANE_TRANSPORTER_ACTIVITY",0.856693174287608,1,0.36232464263835,0.728097678565336,5170,15,"SLC17A8;SLC1A2;SLC25A18;SLC1A4"
"GOMF_L_GLUTAMINE_TRANSMEMBRANE_TRANSPORTER_ACTIVITY",0.994125777470629,1,0.238169799541956,0.430104017348228,5753,9,"SLC1A4;SLC38A3;SLC38A6;SLC38A7;SLC38A1"
"GOMF_L_HISTIDINE_TRANSMEMBRANE_TRANSPORTER_ACTIVITY",0.972832886505809,1,0.306151946614337,0.489201733211191,5442,5,"SLC15A4;SLC38A3;SLC7A1;SLC38A5"
"GOMF_L_LEUCINE_BINDING",0.967139479905437,1,-0.272465105548506,-0.491148728857872,4090,7,"GLUD2;UBR2;GLUD1;UBR1;SESN2;SESN1;SESN3"
"GOMF_L_LEUCINE_TRANSMEMBRANE_TRANSPORTER_ACTIVITY",0.354133087727377,1,-0.649684712396186,-1.13724844614914,1537,6,"SLC7A5;SLC38A9;SLC3A2;SLC43A1;SLC7A8;SLC43A2"
"GOMF_L_LYSINE_N_ACETYLTRANSFERASE_ACTIVITY_ACTING_ON_ACETYL_PHOSPHATE_AS_DONOR",0.785999274573812,1,0.498285797281184,0.769140656387909,4333,4,"KAT2B;EP300;ESCO2"
"GOMF_L_LYSINE_TRANSMEMBRANE_TRANSPORTER_ACTIVITY",0.967669432918396,1,0.302225565276258,0.533677012104808,5596,8,"SLC66A1LP;SLC7A2;SLC7A1"
"GOMF_L_ORNITHINE_TRANSMEMBRANE_TRANSPORTER_ACTIVITY",0.959738846572361,1,0.33440984236832,0.516186106578116,5291,4,"SLC7A2;SLC7A1;SLC7A3"
"GOMF_L_PROLINE_TRANSMEMBRANE_TRANSPORTER_ACTIVITY",0.233780160857909,1,0.761247221820055,1.21640075927949,1307,5,"SLC36A2;SLC6A20;SLC1A4;SLC36A1"
"GOMF_L_SERINE_TRANSMEMBRANE_TRANSPORTER_ACTIVITY",0.73096926713948,1,-0.437565965017123,-0.788761434521999,3091,7,"SFXN3;SLC7A10;SLC1A5"
"GOMF_LACTATE_DEHYDROGENASE_ACTIVITY",0.42056900512458,1,0.654912323874188,1.08484965304543,2379,6,"LDHAL6B;LDHD"
"GOMF_LACTATE_TRANSMEMBRANE_TRANSPORTER_ACTIVITY",0.941515081740732,1,-0.307428817304823,-0.538142483747058,4088,6,"SLC5A8;SLC16A3;SLC16A8"
"GOMF_LAMIN_BINDING",0.327818783405447,1,-0.497956983265057,-1.09545181763042,1287,16,"IFI27;PKP1"
"GOMF_LAMININ_1_BINDING",0.627882037533512,1,0.579074910910777,0.92530670867667,3512,5,"SLIT2;PXDN;NID1;DAG1;NTN4"
"GOMF_LAMININ_BINDING",0.974069360483614,1,0.278047321485304,0.615096764240358,6122,24,"PLEKHA2;ADGRG6;RPSA2;ITGA2;SLIT2;PXDN;NID1"
"GOMF_LARGE_RIBOSOMAL_SUBUNIT_RRNA_BINDING",0.881396957123098,1,0.383565331077444,0.677308683827886,5097,8,"RPLP0P6;RPL23;RPLP0;MRPL11;DDX55;RPL12;NSUN4;RPUSD4"
"GOMF_LBD_DOMAIN_BINDING",0.277027027027027,1,0.692338469217611,1.18754366150876,1598,7,"PROX1;PPARG"
"GOMF_LEUCINE_ZIPPER_DOMAIN_BINDING",0.869344301959835,1,-0.346774230782643,-0.697476978917876,3592,11,"NRL;DAPK3"
"GOMF_LEUKOTRIENE_C4_GAMMA_GLUTAMYL_TRANSFERASE_ACTIVITY",0.130434782608696,1,-0.871854279719238,-1.34592696168043,590,3,"GGT1;GGT6"
"GOMF_LEUKOTRIENE_C4_SYNTHASE_ACTIVITY",0.92292269993317,1,-0.336332179930796,-0.545168264366283,4142,4,"MGST2;GSTM4;MGST3;LTC4S"
"GOMF_LIGAND_GATED_CALCIUM_CHANNEL_ACTIVITY",0.905253283302064,1,0.313652239343401,0.71372984636672,5789,28,"P2RX1;GRIK1;TRPA1;TRPM2;MCOLN2;ITPR2;GRIK3;GRIN2D;RYR3;GRIA1;P2RX4;BNIP1;GRIN1;ITPR1"
"GOMF_LIGAND_GATED_CHANNEL_ACTIVITY",0.435295643153527,1,0.348356061624962,1.01065094812229,3356,165,"KCNJ15;PKD2L1;KCNJ5;GLRA1;GRIA2;SCNN1B;CNGB1;ASIC4;ABCC9;AQP6;BEST2;KCNH7;P2RX1;GRID1;GRIK1;TRPC3;GABRB2;GABRG1;GABRG3;TRPA1;SCNN1G;GABRR1;GABRA1;TMEM63C;TRPM2;CNGA1;BEST1;GABRP;KCNT1;KCNJ6;MCOLN2;P2RX7;SCNN1D;GLRA3;CFTR;P2RX3;ITPR2;GLRB;P2RX2;KCNJ14"
"GOMF_LIGAND_GATED_MONOATOMIC_ANION_CHANNEL_ACTIVITY",0.576365831572593,1,0.383537388509383,0.933581739394262,3818,42,"GLRA1;AQP6;BEST2;GABRB2;GABRG1;GABRG3;GABRR1;GABRA1;BEST1;GABRP;GLRA3;CFTR;GLRB"
"GOMF_LIGAND_GATED_MONOATOMIC_CATION_CHANNEL_ACTIVITY",0.513593940213716,1,0.346530546221654,0.974592744809726,3796,120,"KCNJ15;PKD2L1;KCNJ5;GRIA2;SCNN1B;CNGB1;ASIC4;ABCC9;BEST2;KCNH7;P2RX1;GRIK1;TRPC3;TRPA1;SCNN1G;TMEM63C;TRPM2;CNGA1;KCNT1;KCNJ6;MCOLN2;P2RX7;SCNN1D;P2RX3;ITPR2;P2RX2;KCNJ14"
"GOMF_LIGAND_GATED_MONOATOMIC_ION_CHANNEL_ACTIVITY_INVOLVED_IN_REGULATION_OF_PRESYNAPTIC_MEMBRANE_POTENTIAL",0.681742876076872,1,0.423883116540188,0.851800503792962,4114,15,"GLRA1;GABRR1;GRIK3;GRIN2D;GRIA1"
"GOMF_LIGAND_GATED_SODIUM_CHANNEL_ACTIVITY",0.153972153972154,1,0.619952237425299,1.27941933905504,939,17,"SCNN1B;ASIC4;GRIK1;SCNN1G;SCNN1D;GRIK3"
"GOMF_LIGAND_MODULATED_TRANSCRIPTION_FACTOR_ACTIVITY",0.992321323095097,1,0.245808290246562,0.626078625180979,6719,56,"NR2E1;NR1I3;ESR2;AHRR;NR5A1;NR5A2;HNF4A;PPARG;ESRRB;RORB;PAQR8"
"GOMF_LIGASE_ACTIVITY",1,1,0.155793132820421,0.45077569934611,7675,160,"LGSN;TTLL2;ACSM6;TTLL9;ACSM1;CARNS1;ACSS1"
"GOMF_LIGASE_ACTIVITY_FORMING_CARBON_CARBON_BONDS",0.925059101654846,1,-0.321012573283882,-0.578660951824909,3912,7,"PC;ACACA;PCCB;PCCA"
"GOMF_LIGASE_ACTIVITY_FORMING_CARBON_NITROGEN_BONDS",0.59134328358209,1,0.372237860523653,0.926725311048408,3961,48,"LGSN;TTLL2;TTLL9;CARNS1;CPS1;ADSS1"
"GOMF_LIGASE_ACTIVITY_FORMING_CARBON_OXYGEN_BONDS",0.896134552965477,1,-0.289685442574982,-0.772461710984316,3036,41,"WARS2;FARS2;EARS2;RARS1;TARS2;HARS2;YARS1;MARS2;HARS1;FARSA;KARS1;GARS1;MARS1;FARSB;DALRD3;QARS1;WARS1;EPRS1;VARS1;NARS1;YARS2;PARS2;CARS1;SARS2;CARS2;AARS1;TARS1;LARS2;NARS2;SARS1;IARS1;LRRC47;AARS2;RARS2;DARS2;LARS1;IARS2;AARSD1;DARS1;VARS2;TARS3"
"GOMF_LIGASE_ACTIVITY_FORMING_CARBON_SULFUR_BONDS",0.936066513761468,1,-0.280974280568597,-0.72583616922293,3264,35,"ACSL5;ACSL6;UBA7;ACSS2;ACSL4;AACS;ACSF3"
"GOMF_LIGASE_ACTIVITY_FORMING_PHOSPHORIC_ESTER_BONDS",0.669909824394874,1,-0.441427426107791,-0.846667244557289,2822,9,"LIG1;RTCA;RLIG1;LIG3;RTCB;ZBTB8OS"
"GOMF_LIM_DOMAIN_BINDING",0.88045738045738,1,0.390412908094266,0.669661437277178,5081,7,"LDB2;ACTN2;ISL1;RIPK2"
"GOMF_LIPASE_ACTIVATOR_ACTIVITY",0.283511846802986,1,0.543690292198242,1.14579107333811,1746,19,"APOA5;CCL5;BTK;PDPK1"
"GOMF_LIPASE_ACTIVITY",0.318747642399095,1,-0.33558102670104,-1.043757139191,844,114,"F2RL2;PLAAT2;LIPN;PLA2G10;PLD4;PLA2G2A;CES1;LIPH;ASPG;PLD6;LIPE;PLA2G4C;MGLL;CHRM5;PNPLA5;PLA2G4D;CHRM1;PLA2G3;PNPLA4;NOTUM;DAGLA;PLCH2;PLD1;GDPD5"
"GOMF_LIPASE_BINDING",0.713963963963964,1,0.48394922661927,0.83010097245245,4120,7,"APOA5;ANGPTL4"
"GOMF_LIPASE_INHIBITOR_ACTIVITY",0.571801140994295,1,0.446231882118064,0.930672632958759,3507,18,"ANXA8;PDC;APOA2;ANXA2P2"
"GOMF_LIPID_ANTIGEN_BINDING",0.502377782004946,1,0.732449899991192,1.02515329405414,2640,2,"CD1C;CD1D"
"GOMF_LIPID_BINDING",1,1,0.238013491740011,0.759429579793798,9496,763,"UNC13C;DMBT1;APOL4;APOA5;RHO;PLA2G4F;UGT2B15;CYP3A4;CYP2W1;RLBP1;RAG2;GBP1;SYTL3;BLNK;PLA2G5;KL;STARD6;F2;PLA2G2C;C8G;FYB1;GPR12;ALB;FABP2;FABP5P3;ANXA8;RBP3;UGT2B4;BIN2;APOA2;RPH3A;NCF1C;SNX31;PSD2;GLTPD2;NCF1B;TNFAIP8L3;SYT15;CLVS1;MYO1G;APOL6;ESR2;BTK;SULT2B1;ARHGEF5;ATP8B1;NR5A1;AKR1D1;AMER3;IRX5;CPNE6;CD36;FGD2;PLEKHA2;CD1C;RASGRP3;NR5A2;NGF;CASP4;SNX32;PARD3B;MTTP;TULP1;TLR6;SPON2;RUFY4;PLA2G4E;PFN4;FABP6;HNF4A;TOM1L2;SNAP25;IAPP;SCIN;GPR155;SPHK1;MYCBPAP;WNT5A;TECPR1;CYP26A1;PAQR6;FRMPD4;CYB5D2"
"GOMF_LIPID_KINASE_ACTIVITY",0.998525073746313,1,-0.211992988889178,-0.563135994274268,3384,40,"DGKG;PIPSL"
"GOMF_LIPID_PHOSPHATASE_ACTIVITY",0.942135289323553,1,0.309703970965286,0.645926527544226,5779,18,"SGPP2;PLPP2;PLPPR1;PLPP3;EPHX2;PLPP5;PLPP6;LPIN1;PLPP1"
"GOMF_LIPID_TRANSFER_ACTIVITY",0.993217893217893,1,0.243365871051263,0.635180302108212,6882,66,"APOA5;APOA2;GLTPD2;TNFAIP8L3;MTTP;ABCA3;PRELID3A;PLEKHA8P1;TTPA;BLTP1"
"GOMF_LIPID_TRANSMEMBRANE_TRANSPORTER_ACTIVITY",0.198410317936413,1,0.476253760330397,1.1807344630242,1322,47,"ABCA12;SLCO2B1;SLC22A11;SLC10A2;FABP2;ABCD2;CD36;CEACAM1;SLC51B;SLCO1B1"
"GOMF_LIPID_TRANSPORTER_ACTIVITY",0.642783238489395,1,0.32033325437679,0.930783734055897,4969,168,"APOA5;ABCA12;APOC4;ABCA10;SLCO2B1;SLC22A11;SLC10A2;FABP2;APOA2;GLTPD2;TNFAIP8L3;XKR9;ABCD2;ATP8B1;CD36;CEACAM1;MFSD2B;MTTP;TMEM63C;ABCA3;SLC51B"
"GOMF_LIPOPEPTIDE_BINDING",0.465063520871143,1,-0.620366024475469,-1.044218023358,2049,5,"LBP;TLR2"
"GOMF_LIPOPOLYSACCHARIDE_BINDING",0.860599395105856,1,-0.311985581498289,-0.763906062283434,3129,27,"TLR4;LBP;TLR2;CD6;LTF"
"GOMF_LIPOPOLYSACCHARIDE_IMMUNE_RECEPTOR_ACTIVITY",0.232078039927405,1,-0.745576902550254,-1.25497659240879,1022,5,"TLR4;TLR2"
"GOMF_LIPOPROTEIN_LIPASE_ACTIVITY",0.90076071922545,1,0.370764953966595,0.654705476835494,5209,8,"LIPC;PNLIPRP2;PNPLA2"
"GOMF_LIPOPROTEIN_PARTICLE_RECEPTOR_ACTIVITY",0.489271089271089,1,0.477505080392771,0.985445648020834,2986,17,"APOBR;STAB2;CD36;CXCL16;SORL1;ILDR1;LRP12;LRP1;LRP6;LRP10"
"GOMF_LIPOPROTEIN_PARTICLE_RECEPTOR_BINDING",0.725999688812821,1,0.365114970609916,0.836993711489521,4665,29,"APOA5;APOA2;LANCL1;DKK1;DAB2;ANKRA2"
"GOMF_LIPOTEICHOIC_ACID_BINDING",0.776652083813032,1,-0.423010249020348,-0.740463395897468,3372,6,"LBP;CD6"
"GOMF_LNCRNA_BINDING",0.97192429022082,1,0.278243804833,0.62476741693142,6161,26,"KLF4;RBM33;SUZ12;PUM2;SIRT6;YY1;EEF2;PDIA3;STAT3;SUGT1;NONO;DNMT1;PPARGC1A;CSDE1;BRD3;WDR82;HADHB;PCBP2;ATP2A2;DNMT3A;ELAVL1;HNRNPU;EZH2;PPME1;HNRNPK;CTBP1"
"GOMF_LONG_CHAIN_FATTY_ACID_BINDING",0.659603789836348,1,0.469491822572094,0.865879332158656,3828,10,"FABP2;PPARG"
"GOMF_LONG_CHAIN_FATTY_ACID_COA_LIGASE_ACTIVITY",0.472763618190905,1,-0.461802929502449,-0.987488273303911,1891,14,"ACSL5;ACSL6"
"GOMF_LONG_CHAIN_FATTY_ACID_TRANSMEMBRANE_TRANSPORTER_ACTIVITY",0.243041749502982,1,0.589647819298532,1.18490756045786,1466,15,"FABP2;ABCD2;CD36;ABCD1;SLC27A2;SLC27A5"
"GOMF_LONG_CHAIN_FATTY_ACYL_COA_BINDING",0.847182000445533,1,-0.399038831218762,-0.646810861437774,3802,4,"ACOT7;SCP2;DBI;PNPLA3"
"GOMF_LONG_CHAIN_FATTY_ACYL_COA_HYDROLASE_ACTIVITY",0.768098980103662,1,0.403560947114545,0.786980042137174,4593,13,"THEM5;ACOT8;CLN5"
"GOMF_LOW_DENSITY_LIPOPROTEIN_PARTICLE_BINDING",0.32932652725177,1,0.54477057070065,1.11014896216041,1999,16,"MSR1;LIPC;STAB2;CD36;CDH13;SORL1"
"GOMF_LOW_DENSITY_LIPOPROTEIN_PARTICLE_RECEPTOR_ACTIVITY",0.861333333333333,1,0.363937149171653,0.72065893152789,5167,14,"STAB2;CD36;CXCL16;SORL1;LRP12;LRP1;LRP6;LRP10"
"GOMF_LOW_DENSITY_LIPOPROTEIN_PARTICLE_RECEPTOR_BINDING",0.434359296482412,1,0.455735152977173,1.01806183401796,2765,25,"APOA5;LANCL1;DKK1;DAB2;ANKRA2"
"GOMF_LRR_DOMAIN_BINDING",0.984090325891712,1,-0.242951109743432,-0.540899011815198,3834,17,"NRL;DAPK3;DDIT3;AATF;POLR2J;LRRFIP2;ATF4;STK11;ZXDC;PMF1;ATF2;KRAS;CRX;JDP2;MRTFA;PAWR;ROBO1"
"GOMF_LYASE_ACTIVITY",0.944886866388573,1,0.272347761633923,0.803399150463733,7474,198,"GAD2;GAD1;ENDOU;GUCY2F;ALDOB;URAD;RSAD2;ME3;GADL1;CA9;PM20D1;ADCY4;FTCD;ADCY8;KYAT1"
"GOMF_LYSINE_N_METHYLTRANSFERASE_ACTIVITY",0.714556040756914,1,0.335785837166575,0.867529236237076,4908,62,"PRDM6;PRDM7;KMT2C;ETFBKMT;ASH1L;KMT5A;SETBP1;SMYD2;SETD5;KMT2D;METTL21A;KMT2A;FAM86B2;HEMK2;KMT5B;CAMKMT;SETMAR;NSD2;SUV39H2;EEF2KMT;ANTKMT;FAM86B1;SMYD3;NSD1"
"GOMF_LYSOPHOSPHATIDIC_ACID_BINDING",0.704125177809388,1,-0.436117864907209,-0.813072987297329,2969,8,"VIL1;LPAR4;LPAR1"
"GOMF_LYSOPHOSPHATIDIC_ACID_PHOSPHATASE_ACTIVITY",0.928620928620929,1,0.354631106419366,0.608286179847946,5359,7,"ACP3;PLPPR1;EPHX2;PLPP6;PLPP1"
"GOMF_LYSOPHOSPHATIDIC_ACID_RECEPTOR_ACTIVITY",0.42967332123412,1,-0.64047009734767,-1.07805777990142,1893,5,"LPAR6;LPAR4;LPAR1"
"GOMF_LYSOPHOSPHOLIPASE_ACTIVITY",0.665829145728643,1,0.388127868315395,0.867034651308635,4239,25,"PLA2G4F;LIPC;CLC;PNPLA7;GDPD3;ENPP2;PNPLA8;ABHD12B"
"GOMF_LYSOPHOSPHOLIPID_ACYLTRANSFERASE_ACTIVITY",0.996770721205597,1,-0.204924971142747,-0.490744208590596,3703,24,"GPAT2;GPAT4;CRLS1;LPCAT3;AGPAT2;MBOAT7;LPGAT1;AGPAT1;ABHD8;ABHD4;AGPAT4;LPCAT2;LPCAT1;SH3GLB1;AGPAT5;PNPLA3;MBOAT1;LPCAT4;MBOAT2;LCLAT1;ABHD5;TAFAZZIN;GPAT3;AGPAT3"
"GOMF_LYSOZYME_ACTIVITY",0.317239991953329,1,-0.836927690001153,-1.11969802783503,1576,1,"LYG1"
"GOMF_MACROLIDE_BINDING",0.919295302013423,1,0.340353796527308,0.654387663792261,5478,12,"ALB;NFATC1;FKBP7"
"GOMF_MACROMOLECULAR_CONFORMATION_ISOMERASE_ACTIVITY",1,1,-0.180858969747061,-0.617733726131034,1643,273,"MYL1;MYH7B;TDRD9;DDX43;MYH4;MYO7B;DNAH6;MYO1A;MOV10L1;MYH11;DQX1;HFM1;KIF27;KIF6;ACTC1;MYO3A;DNAH12;MYH7;MYO15A;DNAH1;DDX12P;RAD51;MYH2;FIGNL1;DHX58;TWNK;KIF26A;WRN;TOP3B;BRIP1;DDX3X;KIF24;DHX37;SMARCA1;DHX8;DNAH5;DNAH11;MYH1;DNAL4;DDX54;DHX34;MCM5;PSMC2;SMARCA4;DDX24"
"GOMF_MACROMOLECULE_TRANSMEMBRANE_TRANSPORTER_ACTIVITY",0.166199551569507,1,-0.48907707758568,-1.22350239302702,592,30,"SIDT1;BLOC1S3;AZGP1;PEX12;TOMM40L;TIMM22;TOMM40;SEC61G;TIMM17A;TOMM7;TIMM23;TMED10;AP4M1;PEX2;TOMM70;SEC61A2;SLC15A3"
"GOMF_MAGNESIUM_ION_BINDING",1,1,-0.198703516794393,-0.667069958780788,1862,227,"NT5C1A;TSSK1B;PGM5;PCK1;MOV10L1;COMT;TREX1;ATP10B;STK26;ATP9B;ADPRHL1;IRAK4;ATP8B4;LRRK2;SIK2;PRPS1;FIGNL1;WEE1;ENO4;MAST4;GEN1;TREX2;MAST1;WRN;RPS6KA4;STK38L;ATP11C;PLSCR1;MVK;PKLR;PPA2;HPRT1;TESC;IDI1;FOXK2;PRPSAP1;BRSK2;PRPS2;DCTPP1;YDJC;NME1;MORC2;ILK;ATP8A2;RP2;IDH1;RPS6KA6;PRTFDC1;MARK1;UBA2;OPA1;GNAI1"
"GOMF_MAGNESIUM_ION_TRANSMEMBRANE_TRANSPORTER_ACTIVITY",0.127384416424184,1,0.611022287392484,1.30311489139188,787,20,"NIPAL4;CLDN16;NIPAL2;NIPA1;SLC41A2;NIPAL3;TRPM6;CNNM4;TMEM94;CNNM2;SLC41A3"
"GOMF_MALATE_DEHYDROGENASE_ACTIVITY",0.23024948024948,1,0.712780000990014,1.22260629715181,1328,7,"ME3;ME1;ME2;PHGDH;MDH2"
"GOMF_MANGANESE_ION_BINDING",0.636887608069164,1,0.346319771978026,0.908803722824569,4419,69,"ARG1;ENDOU;XPNPEP3"
"GOMF_MANGANESE_ION_TRANSMEMBRANE_TRANSPORTER_ACTIVITY",0.155148583275743,1,0.712173967665802,1.28609456418478,897,9,"SLC11A1;TRPM2"
"GOMF_MANNOSIDASE_ACTIVITY",0.936050364479788,1,0.321506563168798,0.646073037103286,5649,15,"EDEM2;MAN2B1;MANBA;EDEM3;MAN1A2;MAN2B2;MAN1C1;MAN2A2;MAN1A1;MAN2A1"
"GOMF_MANNOSYL_OLIGOSACCHARIDE_1_2_ALPHA_MANNOSIDASE_ACTIVITY",0.816874566874567,1,0.429612689373636,0.736899434096063,4714,7,"EDEM2;EDEM3;MAN1A2;MAN1C1;MAN1A1"
"GOMF_MANNOSYL_OLIGOSACCHARIDE_MANNOSIDASE_ACTIVITY",0.7557278208441,1,0.430712594472494,0.794359168198073,4386,10,"EDEM2;EDEM3;MAN1A2;MAN2B2;MAN1C1;MAN2A2;MAN1A1;MAN2A1"
"GOMF_MANNOSYLTRANSFERASE_ACTIVITY",0.585584170854271,1,0.409950959718202,0.915785019394889,3728,25,"ALG1L2;PIGZ;DPY19L2P2;ALG9;TMTC2;DPY19L4;POMT2;DPY19L1;PIGB;GTDC1;DPY19L3"
"GOMF_MAP_KINASE_ACTIVITY",0.986510562484093,1,-0.238710670051542,-0.52513780544081,3875,16,"MAPK15;MAPK12;MAP2K7;MAPK6;MAPK8;MAPK3;NLK;MAPK1;MAP3K7;MAPK7;MAPK14;MAPK4;MAPK9;MAPK11;MAPK10;MAPK13"
"GOMF_MAP_KINASE_KINASE_ACTIVITY",0.974641857401614,1,0.285194042018208,0.581176529696976,5918,16,"MAPK10;SBK2;MAP2K1;MAP3K9;MAP2K5;MAPK14;PAK3;PBK"
"GOMF_MAP_KINASE_KINASE_KINASE_ACTIVITY",0.986346258874932,1,-0.241688865303032,-0.588785842234457,3611,26,"MOS;MAP3K13;LRRK2;MAP3K1"
"GOMF_MAP_KINASE_KINASE_KINASE_KINASE_ACTIVITY",0.696589503445838,1,0.511458012919102,0.847220349405402,3941,6,"MAP4K3;MAP4K1;MAP4K2;MAP4K5;MAP3K7;MAP4K4"
"GOMF_MAP_KINASE_PHOSPHATASE_ACTIVITY",0.836345125986256,1,-0.343433568999364,-0.75551692222258,3285,16,"DUSP13B;DUSP5;DUSP18;DUSP9;DUSP1;DUSP6;DUSP2;STYXL2;DUSP7"
"GOMF_MAP_KINASE_SCAFFOLD_ACTIVITY",0.961744966442953,1,0.302420207513546,0.581453931460647,5731,12,"MAPK8IP2;KSR2;MAP2K1;SPAG9;DUSP19;IQGAP1"
"GOMF_MAP_KINASE_TYROSINE_PHOSPHATASE_ACTIVITY",0.98056193673794,1,0.27727869478955,0.459306818445395,5548,6,"DUSP8;DUSP16"
"GOMF_MAP_KINASE_TYROSINE_SERINE_THREONINE_PHOSPHATASE_ACTIVITY",0.929985155863434,1,-0.310944860005195,-0.636456430654329,3758,12,"DUSP5;DUSP18;DUSP9;DUSP1;DUSP6;DUSP2"
"GOMF_MDM2_MDM4_FAMILY_PROTEIN_BINDING",0.313458683819891,1,-0.547256924443382,-1.12015097717416,1266,12,"TP63"
"GOMF_MECHANOSENSITIVE_MONOATOMIC_CATION_CHANNEL_ACTIVITY",0.936275345033225,1,0.330521805959637,0.623040593812628,5494,11,"PIEZO2;TMEM150C;KCNK4;TRPV4;TMEM63B;NALF1"
"GOMF_MECHANOSENSITIVE_MONOATOMIC_ION_CHANNEL_ACTIVITY",0.999475890985325,1,-0.169415482413265,-0.390335437839201,3813,20,"TMC4;TMEM63A;TMC3;PIEZO1;NALF2;KCNK10"
"GOMF_MEDIATOR_COMPLEX_BINDING",0.663566243194192,1,-0.504056032651188,-0.84844168331387,2924,5,"ELK1;SMC1A;SMC3"
"GOMF_MEDIUM_CHAIN_FATTY_ACID_COA_LIGASE_ACTIVITY",0.315956882841491,1,0.70066184327462,1.16063285094734,1787,6,"ACSM6;ACSM1;ACSF2"
"GOMF_MELANOCORTIN_RECEPTOR_ACTIVITY",0.187596557051424,1,-0.843452525080845,-1.30208169049686,849,3,"OPRM1"
"GOMF_MELANOCORTIN_RECEPTOR_BINDING",0.560395662925623,1,0.702732142147911,0.983559654208865,2945,2,"POMC;MRAP2"
"GOMF_MEMBRANE_DESTABILIZING_ACTIVITY",0.597237692136333,1,-0.571012972670989,-0.925567548444897,2680,4,"LTF;NINJ2;MROH1"
"GOMF_MEMBRANE_INSERTASE_ACTIVITY",0.980402137948587,1,-0.253865681975537,-0.558477202047912,3851,16,"EMC8;EMC9;TIMM9;EMC4;EMC2;EMC6;MTCH1;MTCH2;MMGT1;EMC1;EMC7;OXA1L;EMC10;EMC3;COX18;TIMM10"
"GOMF_MEMBRANE_POTENTIAL_DRIVEN_UNIPORTER_ACTIVITY",0.430205540661305,1,0.676126891705803,1.08038655625417,2406,5,"SLC17A8;SLC17A7;SLC17A9"
"GOMF_METAL_CATION_MONOATOMIC_CATION_ANTIPORTER_ACTIVITY",0.946009389671362,1,-0.277034622145446,-0.732796028212466,3223,39,"SLC30A8;SLC9C1"
"GOMF_METAL_CATION_PROTON_ANTIPORTER_ACTIVITY",0.614199229499174,1,-0.373238398494221,-0.898047055754544,2231,25,"SLC30A8;SLC9C1"
"GOMF_METAL_CLUSTER_BINDING",1,1,0.134157412948714,0.357538165900324,7033,76,"RSAD2;KIF4B;DPYD;REV3L"
"GOMF_METAL_DEPENDENT_DEUBIQUITINASE_ACTIVITY",0.870113805047006,1,-0.343550496115683,-0.703195166190104,3516,12,"STAMBPL1;PSMD14;COPS5;BRCC3;PSMD7;MYSM1;EIF3F;COPS6;EIF3H;STAMBP;PRPF8;MPND"
"GOMF_METAL_ION_SENSOR_ACTIVITY",0.941319107662464,1,0.306485383816907,0.653635187924374,5822,20,"SYT15;EFHB;EFHD1;SLC39A4;SYT17;SYT6;SYT1"
"GOMF_METAL_ION_SEQUESTERING_ACTIVITY",0.115921540908288,1,0.790708538286527,1.30979346723209,655,6,"MYT1L;CASQ2;SLC39A4"
"GOMF_METAL_ION_TRANSMEMBRANE_TRANSPORTER_ACTIVITY",0.700113250283126,1,0.300072248863165,0.931795850455141,6181,412,"KCNJ15;NIPAL4;SLC5A4;PKD2L1;KCNJ5;SLC34A3;CACNG3;SLC11A1;KCNIP4;SCNN1B;SLC17A8;SLC28A3;SLC12A3;ATP4B;SCN2B;SLC34A1;KCNA1;CNGB1;SLC10A2;ASIC4;ABCC9;CLDN16;SLC17A3;CACNA1F;KCNG2;KCNH7;FAIM2;SLC6A12;CACNA1D;TRPC7;ATP1A4;P2RX1;GRIK1;TRPC3;SLC1A2;LRRC26;SCN4B;ATP2A1;PKDREJ;SLC24A5;KCNB2;TRPA1;KCNV1;TRPV3;SCNN1G;SLC6A2;SLC9B1;SLC4A4;SCN3A;SCN2A;GPM6A;SLC46A3;ATP2B3;SLC12A1;SNAP25;TRPM2;CNGA1;CACNB3;NIPAL2;KCNK9;TRPC6;CACNA1B;LRRC55;NIPA1;KCNT1;KCNJ6;MCOLN2;CACNG8;SLC12A7;SLC39A5;SCN3B;P2RX7;SCNN1D"
"GOMF_METALLOAMINOPEPTIDASE_ACTIVITY",0.629495268138801,1,0.397540845723023,0.892636468424429,3990,26,"ERAP2;LNPEP;NPEPPSP1;XPNPEP3;ERAP1;METAP1D;ENPEP"
"GOMF_METALLOCARBOXYPEPTIDASE_ACTIVITY",0.591389493316755,1,0.397763332634467,0.915779287450429,3804,30,"CPA5;CPA2;CPA4;CPA6;AGBL3;AGBL4;NAALAD2;MME;CPXM1;CPO"
"GOMF_METALLOCHAPERONE_ACTIVITY",0.998060135790495,1,0.217260146373232,0.46334632612686,6173,20,"TF;ZNG1A;NUBPL;ZNG1B;ATOX1"
"GOMF_METALLODIPEPTIDASE_ACTIVITY",0.681046431046431,1,0.499209852981987,0.85627698449491,3930,7,"CNDP1;CPQ;ADAM17;ADAM10;ACE"
"GOMF_METALLOENDOPEPTIDASE_ACTIVITY",0.992992291520673,1,0.247129322324646,0.671600688779664,7084,88,"EEF1AKMT4-ECE2;ADAMTS18;CIROP;KLK7;ADAMTS3;TLL2;ADAMTS14;MME;ADAMTS9"
"GOMF_METALLOENDOPEPTIDASE_INHIBITOR_ACTIVITY",0.325,1,0.564072823608806,1.11696241862386,1949,14,"SPOCK2;FETUB;NGF;SPOCK3;RARRES1"
"GOMF_METALLOEXOPEPTIDASE_ACTIVITY",0.462917449761457,1,0.38297350973048,0.996811547260657,3201,65,"ERAP2;CPA5;CPA2;CNDP1;CPA4;CPA6;AGBL3;AGBL4;LNPEP;NPEPPSP1;XPNPEP3;CPQ;NAALAD2;ERAP1;METAP1D;ENPEP;MME;CPXM1"
"GOMF_METALLOPEPTIDASE_ACTIVITY",0.990247074122237,1,0.251589122601994,0.72892553475221,7614,162,"EEF1AKMT4-ECE2;ADAMTS18;ERAP2;CPA5;CPA2;CNDP1;CPA4;CPA6;AGBL3;CIROP;MATCAP2;AGBL4;KLK7;LNPEP;NPEPPSP1;XPNPEP3;ADAMTS3;CPQ;NAALAD2;ERAP1;METAP1D;TLL2"
"GOMF_METHYL_CPG_BINDING",0.398789616180921,1,0.474929205011194,1.04284441078854,2503,23,"CDX1;CDX2;CXXC4;LHX4"
"GOMF_MHC_CLASS_I_PROTEIN_BINDING",0.531333333333333,1,0.485245081422149,0.960869761998144,3187,14,"CD8A;TAP1;TAPBP;CD8B;HLA-E;DERL1"
"GOMF_MHC_CLASS_I_PROTEIN_COMPLEX_BINDING",0.568946313210069,1,-0.589462143164104,-0.955472216677353,2553,4,"CD160;TAPBPL"
"GOMF_MHC_CLASS_I_RECEPTOR_ACTIVITY",0.623532120653926,1,-0.502559217403552,-0.879710847715908,2707,6,"CD160;LILRB3;LILRA5"
"GOMF_MHC_CLASS_IB_PROTEIN_BINDING",0.480168159385853,1,0.713911057502719,1.04937546912764,2626,3,"TAP1;TAP2;CYRIB"
"GOMF_MHC_CLASS_IB_RECEPTOR_ACTIVITY",0.0579360289680145,1,-0.970591627263291,-1.29852261296122,287,1,"CD160"
"GOMF_MHC_CLASS_II_PROTEIN_BINDING",0.942831215970962,1,-0.310969279864662,-0.523432480074801,4155,5,"CD4;CD81;COL2A1;LAG3;CD74"
"GOMF_MHC_CLASS_II_PROTEIN_COMPLEX_BINDING",0.973016297087897,1,-0.264930602630566,-0.622384895029273,3641,22,"HLA-DOB;HLA-DQA1"
"GOMF_MHC_CLASS_II_RECEPTOR_ACTIVITY",0.587565258661604,1,-0.473233101001259,-0.907671209265095,2475,9,"HLA-DOB;CD3D;HLA-DQA1"
"GOMF_MHC_PROTEIN_BINDING",0.242443525294305,1,0.528304394178658,1.16871589216309,1523,24,"CLEC7A;CD8A;TAP1;TAPBP;TAP2;CD74;LAG3;MARCHF8;CD8B;HLA-E;DERL1"
"GOMF_MHC_PROTEIN_COMPLEX_BINDING",0.742095133351663,1,-0.340859108136565,-0.834603759056968,2698,27,"CD160;HLA-DOB;HLA-DQA1;TAPBPL"
"GOMF_MICROFIBRIL_BINDING",0.845202332567591,1,0.423787819337598,0.701996361976527,4782,6,"ADAMTSL5;LTBP2;LTBP1"
"GOMF_MICROFILAMENT_MOTOR_ACTIVITY",0.0794856808883694,1,-0.503485434282875,-1.32289250759464,271,38,"MYL1;MYH7B;MYH4;MYO7B;MYO1A;MYH11;ACTC1;MYO3A;MYH7;MYO15A"
"GOMF_MICROTUBULE_BINDING",1,1,0.180308227217019,0.546882488720185,8403,280,"NME8;CFAP144;KIF4B;IRAG2;FTCD;SPACA9;KIF19;DCDC1;SAXO1;TOGARAM2;NAV3;SAXO2;NIN;GAS2L2;MAP1LC3B2;STARD9;KIF12;MTUS2;KIFC2;CCDC88B;KATNAL2;KIF13B;FMN1;CCDC181;EML5;SPAG6;MX1;KIF26B;CGN;DNM3;CCSAP;KIF3A;HOOK3;KIF25;SUN2;CEP350;CCDC88C;CCSER2;CCDC61;CCP110;HAUS4;CEP57L1;DNAH10;DCLK2;REEP3;HOOK1;NUMA1;MAP10;DNM1;MACF1;JAKMIP1;MTUS1;TRPV4;HDAC6;TUBGCP5;TRIM54;MARK4;JMY;KIF5A;DST"
"GOMF_MICROTUBULE_MINUS_END_BINDING",0.9915,1,0.247408738931974,0.489912386947021,5948,14,"NIN;HAUS4;NUMA1;MACF1;TUBGCP5;TUBGCP4;CEP290"
"GOMF_MICROTUBULE_MOTOR_ACTIVITY",1,1,0.16308710512745,0.423264732368548,6895,64,"KIF4B;KIF19;DNAH3;STARD9;KIF12;KIFC2;DNAH7;KIF13B;KIF26B;KIF3A;DNHD1;KIF25;DNAH10;DNAH17;APPBP2"
"GOMF_MICROTUBULE_PLUS_END_BINDING",0.909594095940959,1,-0.303735621128765,-0.707843391732851,3450,21,"CLIP3;CLIP1;TTBK2;MAPRE2;KNSTRN;APC;MAPRE3;KIF2C;MAPRE1;CLIP2;TBCB;CLASP2;KIF18A;PAFAH1B1;CKAP5;CLASP1;FBXW11;STIM1;CLIP4;DST;NUMA1"
"GOMF_MICROTUBULE_SEVERING_ATPASE_ACTIVITY",0.995495495495496,1,-0.213181573483042,-0.397443426963217,4198,8,"FIGNL1;KATNAL1;IQCA1;KATNA1;FIGN;FIGNL2;SPAST;KATNAL2"
"GOMF_MINOR_GROOVE_OF_ADENINE_THYMINE_RICH_DNA_BINDING",0.76365836791148,1,0.443780021531267,0.783637200599254,4416,8,"MEF2C;H1-0;LIN54;KMT2A"
"GOMF_MINUS_END_DIRECTED_MICROTUBULE_MOTOR_ACTIVITY",0.899465512853143,1,-0.320431991679984,-0.704915925490559,3533,16,"DNAH6;DNAH12;DNAH1;DNAH5;DNAH11"
"GOMF_MIRNA_BINDING",0.947183098591549,1,-0.276290515570971,-0.730827760354395,3227,39,"DND1;ZC3H12A;SPOUT1;ZNF697;SOX4;SOCS3;AGO1;ELAVL1;RBM4;POU5F1;ZC3H10;YBX1;HNRNPA2B1;RBM10;DDX21;FMR1"
"GOMF_MIRNA_INHIBITOR_ACTIVITY_VIA_BASE_PAIRING",0.701124410591222,1,0.554248366013072,0.855522983723858,3865,4,"LINC-ROR;NEAT1;OIP5-AS1;TUSC8"
"GOMF_MISFOLDED_PROTEIN_BINDING",0.128606356968215,1,0.625822679711351,1.30523179636494,788,18,"CLUL1;HDAC6;DNAJC3;EIF2AK3;DNAJB9"
"GOMF_MISMATCH_REPAIR_COMPLEX_BINDING",0.948705540769417,1,-0.295876968841577,-0.595105852857769,3920,11,"TREX1;WRN"
"GOMF_MISMATCHED_DNA_BINDING",0.908545727136432,1,-0.316815911330683,-0.677457801257803,3635,14,"MSH4;MSH5;TDG;MSH3;PCNA;MSH2"
"GOMF_MITOCHONDRIAL_LARGE_RIBOSOMAL_SUBUNIT_BINDING",0.524615727333482,1,-0.618531334102268,-1.00259111078244,2354,4,"MALSU1;MPV17L2;NDUFAB1;GTPBP10"
"GOMF_MITOCHONDRIAL_RIBOSOME_BINDING",0.413743043793854,1,-0.517011291110466,-1.03987967207455,1709,11,"UQCC5;MALSU1;METTL17;MPV17L2;C1QBP;TACO1;NDUFAB1;TMEM223;GTPBP10"
"GOMF_MITOCHONDRION_TARGETING_SEQUENCE_BINDING",0.698151035865449,1,-0.502734412074735,-0.814893320420249,3133,4,"TIMM22;TOMM70"
"GOMF_MITOGEN_ACTIVATED_PROTEIN_KINASE_BINDING",0.758867198240308,1,-0.33791948636613,-0.827406006902938,2759,27,"PRKG2;MICAL2;ATF7;PTPRJ;DUSP1;GCH1;DUSP2;DIRAS1"
"GOMF_MITOGEN_ACTIVATED_PROTEIN_KINASE_KINASE_BINDING",0.98927805575411,1,-0.224696200584525,-0.441382593122758,4151,10,"MAPK8IP1;MAP3K11;PIN1;DAB2IP;TRIB1;TRIB3;TAOK2;TRIB2;ACE;KSR2"
"GOMF_MITOGEN_ACTIVATED_PROTEIN_KINASE_KINASE_KINASE_BINDING",0.994400610842454,1,-0.211400876990538,-0.465059197341716,3906,16,"MAPK8IP1;DAZAP2;MAP3K11;PPP5C;TRAF2;TCF3;STK38;MARVELD3;PPARA;DAB2IP;MAP4K2;SASH1;TRIM72;DUSP19;MAP2K1;ROR2"
"GOMF_MITOGEN_ACTIVATED_PROTEIN_KINASE_P38_BINDING",0.832302526948224,1,0.433342715918829,0.71782386416753,4709,6,"NFATC1;MAPK14;DUSP16;DUSP10"
"GOMF_MODIFICATION_DEPENDENT_PROTEIN_BINDING",0.984962406015038,1,-0.243885431655943,-0.723061853288829,2881,81,"UBQLNL"
"GOMF_MODIFIED_AMINO_ACID_BINDING",0.136691665487477,1,0.454281461513624,1.21812564201567,965,79,"GSTM1;ANXA8;FTCD;DHFRP1;CPNE6;GSTM3;SCIN;LANCL1"
"GOMF_MODIFIED_AMINO_ACID_TRANSMEMBRANE_TRANSPORTER_ACTIVITY",0.923790776152981,1,-0.288039446780714,-0.725504039176069,3284,31,"SLC22A16;SLC22A1"
"GOMF_MOLECULAR_ADAPTOR_ACTIVITY",1,1,-0.128339854186653,-0.484016038711842,125,1514,"MEG3;FSCN2;WNT3A;COX7A1;TLE7;ZNF541;TCHH;KLHL40;RAPSN;RBM46;FGA;TRIM31;SAGE2P;FREY1;JCHAIN;IRGM;CLNK;GAB4;MT-TS1;SH2D4B;PLIN1;KLHL30;IFI27;TRADD;ANKRD1;CIDEA;PGLYRP1;FITM1;FBXO32;DOK6;NLRP1;ARID5B;NHERF4;FXYD2;CDYL2;CHD5;ENSG00000227733;SHANK1;BECN2;CASC11;ADAP2;PAGE4;DPPA3;POU2AF1;CEP112;SLC35D3;DOK2"
"GOMF_MOLECULAR_CARRIER_ACTIVITY",1,1,-0.213035718525295,-0.667635351296814,2608,120,"HBE1;RBP2;HBG2;PRDM12;MB;ZNG1C"
"GOMF_MOLECULAR_CONDENSATE_SCAFFOLD_ACTIVITY",0.441953681710214,1,0.402595099206253,1.01169557446213,2976,51,"DDX4;BLNK"
"GOMF_MOLECULAR_FUNCTION_ACTIVATOR_ACTIVITY",0.999178307313065,1,0.249002232521217,0.801416655679251,9727,1074,"TBC1D3;TBC1D3C;MICOS10-NBL1;FGF10;TBC1D3D;CD274;TBC1D3I;OSTN;TG;IL12B;GPRC5D;APOA5;CDC20B;FGF17;ENDOU;NLRC4;QRFP;GUCA1ANB-GUCA1A;LTK;HTR2A;GHRH;TRH;CXCL8;ATP4B;KL;CCL22;F2;IL7;DNMT3L;GIP;ABCC9;NANOS3;CD33;REG1A;CCL25;APOA2;XCL1;CRH;NCF1C;RLN3;BMP5;CLPSL2;CA9;WNT7B;SPDYA;FGF21;NCF1B;IL37;CXCL11;DLL4;NTS;TBC1D26;AMH;NANOS2;ARHGAP31;CCL5;NPFF;KAZALD1;ALDH1A1;GPRC5A;BGLAP;IL15;TAFA2;LTB;INHBA;BTK;C1QTNF9;LRRC26;CXCL2;FGF4;NCR3LG1;INHBC;ARRB1;S100A4;WNT9B;GMFG;ANG;CMTM5;WNT4;MSMP;RASGRP3;FGF23;NPY;IL32;IZUMO1;NGF;CGB3;GDNF;FBN3;AREG;RGS8;IGFBP3;TNFSF10;CXCL1;CRIPTO3;ADM5;FGF9;RGS6;ARHGAP25;DLL1;CXCL16;CXCL6;NECTIN4;OSGIN1;APLN;ERFE;GDF7;CALCB;PDGFA;LHB;PRSS22;ULBP1;SRGAP3;IAPP;NRP1;NOXA1;POMC;IL6;GDF1;WNT5A;EFNA1;BMP8B;ARHGAP20;PCSK1N;FAM3D;DKK1;TNFSF13;AHSA2P;LRRC55;DEPTOR;RAMACL;SEMA6D;CD48;FN1;BMP3;MAPK8IP2;SEMA3E;UCN2;NRG3;IL1A;NMB;CXCL14;THNSL2;AGAP2;CCN3;GHR;FLT3LG;ATP1B2;HSPB2;JAG1;IGFBP5;RGS11;CTF1;LGALS9;IL18;DPP4;CCND2;VGF;CXCL5;ARHGAP11B;TNFSF4;GH2;FBN1;ADGRB3;AGAP9;FAM3B"
"GOMF_MOLECULAR_FUNCTION_INHIBITOR_ACTIVITY",1,1,0.202895490543773,0.637606407757197,9101,527,"WFIKKN2;SERPINA1;OSR1;MRLN;C3P1;SAG;ITIH1;UMODL1;CST1;ITIH2;A2M;ITIH6;TCF23;ANXA8;REG1A;PDC;APOA2;SERPINB3;CST11;GRM7;SERPINF2;PPP1R14C;SPOCK2;SERPINB4;FETUB;CCL5;PARP9;ESR2;SERPINE3;PPP1R2B;PTPRC;ARRB1;SPINK5;CAV3;GMFG;SERPINB9;NAIP;PYDC1;KCNV1;NGF;SPOCK3;WFDC5;WNK4;SOST;ID2;COL6A3;LINC-ROR;PKIB;PCSK1N;DKK1;WFDC10B;DEPTOR;SCN3B;RARRES1;SSPOP;PPP1R1C;CFTR;TXNIP;COL28A1;HMSD;CST3;SH3BP5;TFPI;C4B;PAPLN;SERPINA11;DTX3L;FST"
"GOMF_MOLECULAR_SENSOR_ACTIVITY",0.853574996432139,1,0.302313135941095,0.802398167542803,5980,74,"PMS2P1;PKD2L1;SYT15;PMS2P6;EFHB;TRPA1;TMEM63C;RAD51D;EFHD1;SLC39A4;SCN7A;CASTOR1;PYROXD1;DMC1"
"GOMF_MOLECULAR_SEQUESTERING_ACTIVITY",0.557659694742793,1,0.35233560165087,0.948371176798305,3945,81,"TMSB4Y;MYT1L;CASQ2;TRIM15;INHBA;ACKR2;ERFE;TMC8;SPI1;FRMD1"
"GOMF_MOLECULAR_TAG_ACTIVITY",0.861477244466551,1,-0.342871428021999,-0.717684208800262,3463,13,"UBC;URM1;UBB;SUMO2;SUMO3;SUMO1;UBA52;FAU;NEDD8;RPS27A;ATG12;ISG15;UBL5"
"GOMF_MOLECULAR_TRANSDUCER_ACTIVITY",0.561149591646852,1,0.306210107310471,0.983472570457705,5427,957,"IL9R;GPR150;MR1;HAVCR2;LYVE1;EDAR;GPR18;TRHR;DMBT1;PKD2L1;IL12B;GPRC5D;TIGIT;ADRA1B;CUBN;GLRA1;RHO;OR56B4;GRIA2;CLEC7A;OR52N4;FCGR3A;CNR2;OR5H6;ADGRF2P;OR2A5;CD226;LTK;CXCR6;OR1L8;HTR2A;CD209;GUCY2F;CD3E;FCRLB;PRLHR;ZP2;MLNR;F2;IL5RA;GPR4;NR2E1;GPR12;CX3CR1;ABCC9;ERBB4;OR1G1;NPY6R;F2RL3;FCGR2C;BTLA;OR1M1;OR2A2;CD33;OR2W6P;TAS2R10;GPR82;GPR6;TSHR;DRD5;GPR152;TAS2R13;OR56B1;IL2RG;OR2A1;OR13A1;C5AR1;HCAR1;RTN4RL1;CLEC4D;CLEC1A;TACR1;IL31RA;GPR139;PTH1R;TRAC;AVPR1A;GPR45;GRM7;EPHA10;CCR4;OR2A7;GPR37L1;GNAT2;GP6;ADGRG3;ITGAM;CD8A;FZD10;ACKR1;TAS2R1;GPR50;ITGB2;CASR;TREML2;LRRC24;IL17REL;NR1I3;P2RX1;ESR2;MAS1;GPRC5A;ITGAX;RRH;GALR2;FCGR1A;GRID1;GRIK1;GIPR;ADRA1D;CCR8;GPR174;AHRR;ADGRE2;ACKR2;PTPRC;NR5A1;UNC5CL;CLEC6A;NFAM1;OR7C1;GABRB2;THBD;CALCR;FAS;IFIH1;EPHB3;LHCGR;HTR1F;OR2I1;OR10A3;CD36;CD200R1;LILRA6;GABRG1;TLR5;GABRG3;GPR39;TAS2R14;NR5A2;TRPA1;IL2RB;NPY;PAX8;ADGRG6;LRRC19;PLXNC1;OR52N2;GPRC6A;GPR182;GALR1;TMIGD3;EPHA5;GABRR1;IL10RB;ADGRL4;MPL;ITGA10;AVPR1B;GABRA1;TLR6;ADRA2A;FCER1G;GP1BA;EPHA6;TMEM63C;HPGD;SSTR1;HNF4A;IL17RB;APLNR;FCGR2A;LANCL1;SPHK1;NRP1;VIPR2;RTBDN;TNFRSF10C;KREMEN2;GABRP;PAQR6;NPFFR1;GFRA3;HCRTR1;TLR7;QRFPR;OPRL1;OR10A6;ASGR2;ITGB3;TMIGD2;GNRHR;AMHR2;PVRIG;ADGRA2;PTAFR;LRRTM1;ACKR3;DDR2;P2RX7;LRRTM3;TAS1R3;PTGDR;OR2A42;NPBWR1;NRXN3;PTCH1;GLRA3;RIGI;P2RX3;LY75;GFRA1;CD79B;PPARG;NPY2R;GPR37;GHR;PDGFRL;HTR1D;ITGA2;ESRRB"
"GOMF_MOLYBDOPTERIN_COFACTOR_BINDING",0.95717246143219,1,-0.29083751125651,-0.509100031826899,4156,6,"AOX1;XDH"
"GOMF_MONOACYLGLYCEROL_LIPASE_ACTIVITY",0.960238568588469,1,0.302282590532175,0.607442129341653,5795,15,"PNLIPRP2;ABHD15;ABHD3;ABHD12B;ABHD6"
"GOMF_MONOAMINE_TRANSMEMBRANE_TRANSPORTER_ACTIVITY",0.525768207113477,1,-0.475612488688794,-0.956613070693246,2172,11,"SLC6A4;SLC22A1"
"GOMF_MONOATOMIC_ANION_CHANNEL_ACTIVITY",0.653118430273301,1,0.334417999848773,0.908817120227074,4659,88,"GLRA1;SLC17A8;AQP6;SLC17A3;BEST2;CLIC5;GABRB2;GABRG1;GABRG3;GABRR1;GABRA1;BEST1;GABRP;CLIC6;GLRA3;CFTR;SLC1A4;GPR89B;CLDN4;GLRB;CLCNKB"
"GOMF_MONOATOMIC_ANION_MONOATOMIC_CATION_SYMPORTER_ACTIVITY",0.914338429098577,1,-0.301666837365266,-0.703022176129375,3468,21,"SLC6A4;SLC22A1;SLC6A1;SLC6A3"
"GOMF_MONOATOMIC_ANION_SODIUM_SYMPORTER_ACTIVITY",0.828335832083958,1,-0.349906568199773,-0.748216632626318,3314,14,"SLC6A4;SLC22A1;SLC6A1;SLC6A3"
"GOMF_MONOATOMIC_ANION_TRANSMEMBRANE_TRANSPORTER_ACTIVITY",0.703217158176944,1,0.317319544775587,0.897845179264281,5245,127,"GLRA1;SLC26A10P;SLC17A8;SLC12A3;AQP6;SLC17A3;BEST2;SLC6A12;CLIC5;SLC1A2;GABRB2;GABRG1;GABRG3;SLC26A1;SLC6A2;GABRR1;SLC4A4;GABRA1;SLC12A1;BEST1;GABRP;CLIC6;SLC12A7;GLRA3;CFTR;SLC1A4;GPR89B;CLDN4;GLRB;CLCNKB;SLC4A10"
"GOMF_MONOATOMIC_CATION_BICARBONATE_SYMPORTER_ACTIVITY",0.489691599931845,1,0.528352100780192,0.995954883087017,2873,11,"SLC4A4;SLC39A5;SLC4A10;SLC39A4;SLC39A8;SLC39A10"
"GOMF_MONOATOMIC_CATION_CHANNEL_ACTIVITY",0.951351351351351,1,0.268535008438955,0.819333676822074,8095,307,"KCNJ15;PKD2L1;KCNJ5;OTOP2;GRIA2;CACNG3;KCNIP4;SCNN1B;SCN2B;KCNA1;CNGB1;ASIC4;ABCC9;CACNA1F;KCNG2;BEST2;KCNH7;FAIM2;CACNA1D;TRPC7;P2RX1;STING1;GRIK1;TRPC3;LRRC26;SCN4B;PKDREJ;SLC24A5;KCNB2;TRPA1;KCNV1;TRPV3;SCNN1G;SCN3A;SCN2A;GPM6A;TMEM63C;SNAP25;TRPM2;CNGA1;CACNB3;KCNK9;TRPC6;PIEZO2;CACNA1B;LRRC55;KCNT1;KCNJ6;MCOLN2;CACNG8;SCN3B;P2RX7;SCNN1D"
"GOMF_MONOATOMIC_CATION_TRANSMEMBRANE_TRANSPORTER_ACTIVITY",0.90153077841711,1,0.276119720808944,0.872167691136886,8303,593,"KCNJ15;NIPAL4;SLC5A4;ATP13A4;PKD2L1;KCNJ5;SLC34A3;OTOP2;GRIA2;CACNG3;SLC11A1;KCNIP4;SCNN1B;SLC17A8;SLC28A3;SLC12A3;ATP4B;SCN2B;SLC18A3;SLC34A1;KCNA1;CNGB1;SLC10A2;ASIC4;ABCC9;CLDN16;ATP6V0D2;SLC17A3;CACNA1F;KCNG2;BEST2;SLC36A2;KCNH7;FAIM2;SLC6A12;CACNA1D;TRPC7;ATP1A4;P2RX1;STING1;GRIK1;TRPC3;SLC1A2;LRRC26;SLC25A18;SCN4B;ATP2A1;PKDREJ;SLC24A5;KCNB2;TRPA1;KCNV1;SLC32A1;TRPV3;SCNN1G;SLC6A2;SLC9B1;SLC4A4;SCN3A;SCN2A;GPM6A;SLC46A3;ATP2B3;TMEM63C;SLC12A1;SNAP25;TRPM2;CNGA1;CACNB3;NIPAL2;KCNK9;TRPC6;PIEZO2;CACNA1B;LRRC55;NIPA1;KCNT1;KCNJ6;MCOLN2;CACNG8;SLC12A7;SLC39A5;SCN3B;P2RX7"
"GOMF_MONOATOMIC_ION_GATED_CHANNEL_ACTIVITY",0.97910447761194,1,0.268273793786264,0.606334223881329,6231,27,"PKD2L1;TRPC3;TMEM63C;KCNT1"
"GOMF_MONOATOMIC_ION_TRANSMEMBRANE_TRANSPORTER_ACTIVITY",0.83971495426505,1,0.283503476385774,0.901336616999216,7894,695,"KCNJ15;NIPAL4;SLC5A4;ATP13A4;PKD2L1;KCNJ5;SLC34A3;GLRA1;OTOP2;GRIA2;TPTE2;CACNG3;SLC26A10P;SLC11A1;KCNIP4;SCNN1B;SLC17A8;SLC28A3;SLC12A3;ATP4B;SCN2B;SLC18A3;SLC34A1;KCNA1;CNGB1;SLC10A2;ASIC4;ABCC9;CLDN16;AQP6;ATP6V0D2;SLC17A3;CACNA1F;KCNG2;BEST2;SLC36A2;KCNH7;FAIM2;SLC6A12;CACNA1D;TRPC7;ATP1A4;CLIC5;P2RX1;STING1;GRID1;GRIK1;TRPC3;SLC1A2;LRRC26;SLC25A18;SCN4B;ATP2A1;GABRB2;PKDREJ;SLC24A5;KCNB2;GABRG1;GABRG3;SLC26A1;TRPA1;KCNV1;SLC32A1;TRPV3;SCNN1G;SLC6A2;GABRR1;SLC9B1;SLC4A4;GABRA1;SCN3A;SCN2A;GPM6A;SLC46A3;ATP2B3;TMEM63C;SLC12A1;SNAP25;TRPM2;TMC8;CNGA1;CACNB3;NIPAL2;BEST1;KCNK9;TRPC6;PIEZO2;GABRP;CACNA1B;CLIC6;LRRC55;NIPA1;KCNT1;KCNJ6;MCOLN2;CACNG8;SLC12A7;SLC39A5;SCN3B;P2RX7;SCNN1D;GLRA3;CFTR;P2RX3;SLC6A20;SLC1A4;GPR89B;ITPR2;SLC34A2;CLDN4;GLRB;SLC36A1;CLCNKB;P2RX2;KCNJ14;SLC4A10;SLC41A2;SLC39A4;SLC39A11;FXYD1;SCN7A;NIPAL3;SLC13A4;GRIK3;SLC9A9;TMEM38A;CACNA1S;SLC4A1;MTCO2P12;SLC45A1;NDUFV3;SLC8A3;ATP2A3;SLC13A5;CACNA1E;SLC8A2;GRIN2D;HCN1;SLC26A2;KCNAB2;TMEM150C;DMAC2L"
"GOMF_MONOCARBOXYLATE_SODIUM_SYMPORTER_ACTIVITY",0.529362416107383,1,0.498724898245552,0.958882857684695,3154,12,"SLC10A2;SLC6A12;SLC6A6"
"GOMF_MONOCARBOXYLIC_ACID_BINDING",0.751382823871907,1,0.328925455742152,0.851372475896518,5161,63,"UGT2B15;CYP2W1;ALB;FABP2;FABP5P3;UGT2B4;AKR1C1;FABP6;HNF4A;CYP26A1;CYP4F11;PPARG;PTGDS;AKR1C3;GSTM2;AKR1C2;ACOX1;PYGL"
"GOMF_MONOCARBOXYLIC_ACID_TRANSMEMBRANE_TRANSPORTER_ACTIVITY",0.283499122293739,1,0.429987873045998,1.1057929622496,1937,60,"SLCO2B1;SLC10A2;FABP2;SLC6A12;ABCD2;CD36;CEACAM1;SLC32A1;SLC16A4;SLC16A14;SLC51B;SLC16A7;SLCO1B1;SLC1A4"
"GOMF_MONOOXYGENASE_ACTIVITY",0.374579124579125,1,0.386442668893719,1.04598266637562,2669,84,"TPH2;CYP3A43;TH;CYP3A4;FMO1;CYP2W1;CMAHP;CYP4A11;CYP46A1;AGMO;FMO5;CH25H;AKR1D1;CYP2C18;TBXAS1;AKR1C1;OSGIN1;CYP26A1;CYP4F11"
"GOMF_MONOSACCHARIDE_BINDING",0.997746297488731,1,-0.221759204807568,-0.634643727476801,3098,64,"LMAN1L;COLEC10;HKDC1;P4HA3;CLEC17A;GCK;SLC2A5;DBH"
"GOMF_MORPHOGEN_ACTIVITY",0.790775755433822,1,0.45866595475157,0.759771321651874,4474,6,"MICOS10-NBL1;NODAL"
"GOMF_MRF_BINDING",0.576451905626134,1,-0.558591197161019,-0.940236848492539,2540,5,"KLF5;BHLHE41"
"GOMF_MRNA_3_UTR_AU_RICH_REGION_BINDING",0.997781475318913,1,-0.203080727023772,-0.500427445406786,3597,28,"RBM24;ELAVL3;ZC3H12A;MEX3D;EXOSC8;EXOSC9;CPEB1;CPEB2;KHSRP;ELAVL1;ZFP36L1;HNRNPD;ZFP36L2;HNRNPA0;ZFP36;ARID5A"
"GOMF_MRNA_3_UTR_BINDING",1,1,-0.156790369116341,-0.485144762537491,2693,110,"DND1;PABPC3;RBM24;PABPC5;ELAVL3;CSDC2;ZC3H12A;FUBP3;MEX3D;RNF20;ZAR1L;EXOSC8;ANGEL1;PARN;ELAVL2;RSL1D1;FUBP1;EXOSC9;IGF2BP1;CPEB1;CPEB2;NHP2;KHSRP;RBMS2;HNRNPC;HNRNPU;ELAVL1;NICOL1;DAZAP1;RBM4;CELF2;ZFP36L1;LARP4B;GEMIN5;HNRNPA2B1;SERBP1;FUS;HNRNPD;ZFP36L2;TP53;HNRNPA0;RNPS1;DDX5"
"GOMF_MRNA_5_UTR_BINDING",0.973358449946179,1,-0.259869180454021,-0.622321889752326,3616,24,"DDX3X;RARA;RSL1D1;IGF2BP1;NCL;FMR1;SYNCRIP;CCT5;SHMT1;MYH10;RPS14;DHX36;IGF2BP3;RPL5;RPL26;IGF2BP2;RPS7;RPS13;RPS3A;LARP1;GNL3;RPL41;UTP23;LARP6"
"GOMF_MRNA_BINDING",0.997704579364168,1,0.244468516183668,0.753870557381429,8692,367,"DDX3Y;A1CF;DDX4;CELF6;PIWIL1;LINC02591;NANOS3;C12orf50;NANOS2;RBFOX1;DHFRP1;RBM44;LINC01783;DAZL;RBMS3;CELF3;ELAVL4;RBM20;ZC3H11B;ZC3H12C;HNRNPA1L2;KHDRBS2;CPEB3;NOVA1;PABPC1L2A"
"GOMF_MRNA_CDS_BINDING",0.189803575369676,1,-0.842316559044305,-1.30032804042976,859,3,"RBM24"
"GOMF_MRNA_METHYLTRANSFERASE_ACTIVITY",0.969816922315685,1,-0.272094454272748,-0.556935609626664,3919,12,"TMT1A;TRMT61B;TRMT61A;NSUN2;METTL1;NSUN4;METTL16;METTL3;PCIF1;METTL8;METTL14;RNMT"
"GOMF_MRNA_REGULATORY_ELEMENT_BINDING_TRANSLATION_REPRESSOR_ACTIVITY",0.998881610480908,1,0.207010894735974,0.450959812789342,6251,22,"DHFRP1;CPEB3;PURA"
"GOMF_MUSCLE_ALPHA_ACTININ_BINDING",0.928926441351889,1,0.326184246716933,0.655472923646084,5606,15,"PKD2L1;TTN;PDLIM3"
"GOMF_MUTLALPHA_COMPLEX_BINDING",0.821513002364066,1,-0.390498869792667,-0.703917748047041,3474,7,"TREX1;WRN"
"GOMF_MUTSALPHA_COMPLEX_BINDING",0.939716312056738,1,-0.305533620892469,-0.550758414449383,3974,7,"TREX1"
"GOMF_MYOSIN_BINDING",0.254785478547855,1,-0.377353184179679,-1.09636231397688,771,71,"MYOC;MYL2;MYL4;MYBPC3"
"GOMF_MYOSIN_HEAVY_CHAIN_BINDING",0.0281024620741109,1,-0.742772664601923,-1.5547408402869,112,13,"MYL2;MYL4;MYBPC3"
"GOMF_MYOSIN_II_BINDING",0.405492330529441,1,-0.509356533107377,-1.04257468988736,1638,12,"MYL4"
"GOMF_MYOSIN_LIGHT_CHAIN_BINDING",0.375886524822695,1,-0.613046812981739,-1.10508522667592,1589,7,"MYOC"
"GOMF_MYOSIN_PHOSPHATASE_REGULATOR_ACTIVITY",0.979507253050886,1,-0.259227929867733,-0.453768658574745,4253,6,"DMPK;PPP1R16B;PPP1R12C;PPP1R12A;PPP1R16A;PPP1R12B"
"GOMF_MYOSIN_V_BINDING",0.906633906633907,1,0.331849295409421,0.684850187752987,5534,17,"RAB27B;RAB27A;GRIA1;RAB39B;RAB3B;RAB6B;RAB3D;RAB11A;RAB3C;RAB25;RAB6A"
"GOMF_MYRISTOYLTRANSFERASE_ACTIVITY",0.526494072102589,1,-0.475129367583115,-0.955641355325354,2175,11,"ZDHHC15;ACAA1;ZDHHC20"
"GOMF_N_ACETYL_BETA_D_GLUCOSAMINIDE_BETA_1_3_GALACTOSYLTRANSFERASE_ACTIVITY",0.341822591822592,1,0.664926236996551,1.14052443020891,1972,7,"B3GALT2;B3GNT4;B3GNT3;B3GALT4"
"GOMF_N_ACETYLGLUCOSAMINE_6_O_SULFOTRANSFERASE_ACTIVITY",0.72387706855792,1,-0.441321995733733,-0.795532098634385,3061,7,"CHST5;CHST7"
"GOMF_N_ACETYLLACTOSAMINE_SYNTHASE_ACTIVITY",0.958891867739053,1,0.329655119381753,0.526757571026149,5364,5,"B4GALT4;B4GALT3;B4GALT5;B4GALT2;B4GALT1"
"GOMF_N_ACETYLLACTOSAMINIDE_BETA_1_3_N_ACETYLGLUCOSAMINYLTRANSFERASE_ACTIVITY",0.418978618130412,1,0.655904416377592,1.08649303517289,2370,6,"B3GNT4;B3GNT8;B3GNT3;B3GNT7"
"GOMF_N_ACETYLTRANSFERASE_ACTIVITY",0.999853950635315,1,0.204060883100774,0.525881745413405,6845,61,"ARRB1;NAT2;KAT2B;NAT8L;BAZ1A;NAT9;HGSNAT;NAA80;TAF10;NCOA1;KAT6B;ABHD14B;CLOCK;BRD1;SAT2;SATL1;EP300;ESCO2;JADE1;NCOA3;KAT2A;MCM3AP"
"GOMF_N_ACYLSPHINGOSINE_AMIDOHYDROLASE_ACTIVITY",0.476585969252518,1,0.628471855801804,1.04105152683977,2696,6,"ASAH2B;ASAH2;ACER2;ASAH1;ACER3;NAAA"
"GOMF_N_ACYLTRANSFERASE_ACTIVITY",0.989213639526792,1,-0.242733622380147,-0.722444543556347,2842,84,"PLAAT2;ALAS2;CERS3"
"GOMF_N_FORMYL_PEPTIDE_RECEPTOR_ACTIVITY",0.237723919915701,1,-0.854644954623203,-1.2365956354685,1127,2,"FPR3"
"GOMF_N_METHYLTRANSFERASE_ACTIVITY",1,1,0.161576700051569,0.445703658878781,7248,99,"PRDM6;PRDM7;KMT2C;INMT;ETFBKMT;ASH1L;KMT5A;SETBP1;RNMT;METTL25B;SMYD2;SETD5;KMT2D;METTL21A;NDUFAF7;KMT2A;FAM86B2;THUMPD3;HEMK2;ZCCHC4;KMT5B;CAMKMT;SETMAR;NSD2;SUV39H2;EEF2KMT;ANTKMT;FAM86B1;SMYD3;NSD1;FDXACB1;METTL23"
"GOMF_N_N_DIMETHYLANILINE_MONOOXYGENASE_ACTIVITY",0.316829887558941,1,0.752006302411813,1.16077685577394,1746,4,"FMO1;FMO5;FMO2;FMO4"
"GOMF_N6_METHYLADENOSINE_CONTAINING_RNA_READER_ACTIVITY",0.773132112815438,1,-0.383482705872645,-0.784930274111268,3124,12,"IGF2BP1;HNRNPC;YTHDF1;YTHDC2;HNRNPA2B1;YTHDF3;FMR1"
"GOMF_NAADP_SENSITIVE_CALCIUM_RELEASE_CHANNEL_ACTIVITY",0.928686327077748,1,0.365322300679964,0.5837503391689,5195,5,"MCOLN2;TPCN2"
"GOMF_NAD_BINDING",0.968694624926167,1,0.271355619822398,0.691148183908395,6559,56,"ME3;GAPDHS;PARP9;ALDH1A1;HPGD;PARP14;ALDH1A3"
"GOMF_NAD_DEPENDENT_PROTEIN_LYSINE_DEACYLASE_ACTIVITY",0.295035460992908,1,-0.65743126037042,-1.18509314134861,1247,7,"SIRT4;SIRT2;SIRT7;SIRT5"
"GOMF_NAD_P_H_DEHYDROGENASE_QUINONE_ACTIVITY",0.931219681219681,1,0.350751758926354,0.601632072455471,5374,7,"CBR3;RTN4IP1;CBR4"
"GOMF_NAD_P_H_OXIDASE_H2O2_FORMING_ACTIVITY",0.692613777667247,1,-0.399252040314313,-0.835697760871702,2784,13,"NOX3;CYBB;MICAL2;KMO;NOX4"
"GOMF_NAD_TRANSMEMBRANE_TRANSPORTER_ACTIVITY",0.0552461572733348,1,-0.88374957567797,-1.4324892206447,247,4,"SLC25A52"
"GOMF_NADH_DEHYDROGENASE_ACTIVITY",0.937159821870361,1,-0.306476424890393,-0.627310229415531,3787,12,"NQO1;AIFM1;NDUFV2;NDUFS7;NDUFS3;NDUFS8;ENOX1;MT-ND1;NDUFS2;NDUFA9;RTN4IP1;MT-ND4"
"GOMF_NADH_DEHYDROGENASE_UBIQUINONE_ACTIVITY",0.994688698731189,1,-0.232780194817695,-0.620720827300794,3370,41,"NDUFA6;NDUFC1;NDUFB10;NDUFC2;NDUFV1;NDUFV2;NDUFA3;NDUFA10;NDUFS7;NDUFA12;NDUFB3;NDUFB2;NDUFA5;NDUFA7;NDUFB4;NDUFB7;NDUFS5;NDUFB9;NDUFS3;NDUFS8;NDUFS6;NDUFB6;MT-ND1;NDUFA8;NDUFB5;NDUFS2;NDUFA2;NDUFA4;NDUFB8;NDUFS1;NDUFS4;NDUFA9;MT-ND2;MT-ND3;NDUFA1;NDUFB1;MT-ND5;MT-ND6;MT-ND4;MT-ND4L;NDUFV3"
"GOMF_NADP_BINDING",0.172316384180791,1,0.480502739454179,1.20431653199557,1158,50,"FMO1;NOX1;ME3;GAPDHS;DUOX1;CBR3;FMO5;DHFRP1;DPYD"
"GOMF_NADPH_BINDING",0.877682958365658,1,-0.321486023398215,-0.724594965030654,3393,18,"CYBB"
"GOMF_NADPH_DEHYDROGENASE_ACTIVITY",0.958189357290947,1,0.311570603797665,0.562656426795969,5545,9,"CBR3;CRYZ"
"GOMF_NADPLUS_BINDING",0.938656280428432,1,0.310462982131993,0.654280053613799,5783,19,"PARP9;HPGD;PARP14;ALDH1A3;PARP15;CRYL1"
"GOMF_NADPLUS_NUCLEOSIDASE_ACTIVITY_CYCLIC_ADP_RIBOSE_GENERATING",0.326590594744122,1,0.649807250959075,1.14744492848872,1888,8,"IL1RAPL1;SARM1;IL1RAP;IL1R1"
"GOMF_NADPLUS_PROTEIN_ARGININE_ADP_RIBOSYLTRANSFERASE_ACTIVITY",0.607484963243484,1,-0.563756081229862,-0.91380469270963,2726,4,"ART3;ART5"
"GOMF_NADPLUS_PROTEIN_ASPARTATE_ADP_RIBOSYLTRANSFERASE_ACTIVITY",0.532454613280279,1,-0.451412317053158,-0.944877482139464,2140,13,"PARP3;TIPARP;PARP16"
"GOMF_NADPLUS_PROTEIN_CYSTEINE_ADP_RIBOSYLTRANSFERASE_ACTIVITY",0.511167395809348,1,-0.565346441257879,-0.989617501518789,2219,6,"SIRT4;TIPARP"
"GOMF_NADPLUS_PROTEIN_GLUTAMATE_ADP_RIBOSYLTRANSFERASE_ACTIVITY",0.775111331024245,1,-0.382479022764108,-0.78287588874932,3132,12,"PARP3;TIPARP;PARP16"
"GOMF_NADPLUS_PROTEIN_LYSINE_ADP_RIBOSYLTRANSFERASE_ACTIVITY",0.483892921960073,1,-0.611139254288732,-1.02868725709059,2132,5,"PARP3;PARP16"
"GOMF_NADPLUS_PROTEIN_MONO_ADP_RIBOSYLTRANSFERASE_ACTIVITY",0.966684871654833,1,-0.266677474521856,-0.649661378667324,3539,26,"PARP3;SIRT4;TIPARP;PARP16;SIRT2;ART3;SIRT5"
"GOMF_NARROW_PORE_CHANNEL_ACTIVITY",0.918826405867971,1,0.322557370948421,0.672733907483098,5636,18,"RHAG;KCNK9;KCNK17;PANX1"
"GOMF_NATURAL_KILLER_CELL_LECTIN_LIKE_RECEPTOR_BINDING",0.386761229314421,1,-0.607740192659494,-1.09551945193,1635,7,"CLEC2B"
"GOMF_NEDD8_TRANSFERASE_ACTIVITY",0.941515081740732,1,-0.307597662257767,-0.538438040432804,4088,6,"UBE2F;UBA3;UBE2M;RBX1;RNF7;MDM2"
"GOMF_NERVE_GROWTH_FACTOR_BINDING",0.907214156079855,1,-0.34488061824753,-0.580513025008774,3998,5,"NGFR;PCSK6;FURIN;SORT1;NTRK1"
"GOMF_NERVE_GROWTH_FACTOR_RECEPTOR_BINDING",0.805004468275246,1,0.467949557125953,0.747738947712133,4503,5,"NGF;BDNF;BEX3;NTF4;NTF3"
"GOMF_NETRIN_RECEPTOR_ACTIVITY",0.775635208711434,1,-0.439755781450846,-0.740209641969222,3418,5,"UNC5C"
"GOMF_NEUREGULIN_BINDING",0.53047363717605,1,0.631050790111115,1.00835922711129,2967,5,"ITGB3;ITGA6;ITGB4;ITGAV;ERBB3"
"GOMF_NEUREXIN_FAMILY_PROTEIN_BINDING",0.226717940143789,1,0.620136922051242,1.20932261789985,1355,13,"NLGN4Y;SYTL3;SYTL1;SYTL2;CLSTN3"
"GOMF_NEUROLIGIN_FAMILY_PROTEIN_BINDING",0.734763181411975,1,0.510539834006285,0.815794165058338,4110,5,"NRXN3;DLG4;SNTG2;NRXN2"
"GOMF_NEUROPEPTIDE_ACTIVITY",0.852448453608247,1,0.34417955645655,0.741414405206537,5291,21,"QRFP;GHRH;CRH;NTS;NPFF;NPY;CALCB;PCSK1N;NMB;VGF"
"GOMF_NEUROPEPTIDE_BINDING",0.897916666666667,1,-0.313100670052427,-0.71416298266526,3447,19,"OPRM1;SSTR5"
"GOMF_NEUROPEPTIDE_RECEPTOR_ACTIVITY",0.154007805463825,1,-0.443963156031475,-1.20842994749787,512,46,"OPRM1;HCRTR2;NMBR;CYSLTR2;NTSR2;MCHR2;SORCS2;SSTR5;SORCS3;NPY4R;CCKBR;SORCS1"
"GOMF_NEUROPEPTIDE_RECEPTOR_BINDING",0.660644147682639,1,0.386732224592679,0.874065930700339,4204,27,"QRFP;GHRH;CRH;NTS;NPY;APLN;POMC;UCN2;NMB"
"GOMF_NEUROPEPTIDE_Y_RECEPTOR_ACTIVITY",0.492850990525409,1,0.542864652553388,1.00120014919597,2860,10,"PRLHR;NPY6R;QRFPR;NPY2R"
"GOMF_NEUROPILIN_BINDING",0.99870700801655,1,-0.189952300353901,-0.428132081692206,3861,18,"SEMA3C;SEMA4F;PXN;SEMA3A;SEMA3F;SEMA4B;SEMA4C;TAOK2;SEMA3G;ABL1;SEMA4G;VEGFA;SEMA4D;SEMA3B;SEMA7A;SEMA4A;SEMA3D;SEMA3E"
"GOMF_NEUROTRANSMITTER_RECEPTOR_ACTIVITY",0.993375174337517,1,-0.238185790721051,-0.707090031526887,2848,83,"HRH4;CHRNA2;HTR4;HTR5A;GABRG2;DRD1;DRD3;P2RY11;CHRNA1;CHRM5;GRIA3;GABRE;CHRM1;GRIN2C;ADRB1;GRIN3B"
"GOMF_NEUROTRANSMITTER_RECEPTOR_ACTIVITY_INVOLVED_IN_REGULATION_OF_POSTSYNAPTIC_MEMBRANE_POTENTIAL",0.815074626865672,1,0.32350449701066,0.805398476114205,5460,48,"GLRA1;GRIA2;GRID1;GRIK1;GABRB2;GABRG3;GABRA1"
"GOMF_NEUROTRANSMITTER_RECEPTOR_REGULATOR_ACTIVITY",0.0279878971255673,1,-0.721464828410708,-1.56568651525434,110,15,"SPDYE11;PSCA;LY6S;LYNX1;LY6G6D;LY6H;LY6E"
"GOMF_NEUROTRANSMITTER_TRANSMEMBRANE_TRANSPORTER_ACTIVITY",0.607919506653684,1,0.42804789275937,0.902082419941472,3745,19,"SLC22A4;SLC17A8;SLC18A3;CPLX3;SLC6A2"
"GOMF_NEUROTROPHIN_BINDING",0.95609871855719,1,-0.28202544166926,-0.540930829102715,4028,9,"NTRK2"
"GOMF_NEUROTROPHIN_RECEPTOR_ACTIVITY",0.988382484361037,1,0.270353474662491,0.43199917507356,5529,5,"GFRA1;NTRK3;NTRK1"
"GOMF_NEUROTROPHIN_RECEPTOR_BINDING",0.942281879194631,1,0.322200145637592,0.619484203580474,5615,12,"NGF;PIK3R1;NTRK1;EFNA5"
"GOMF_NEUROTROPHIN_TRK_RECEPTOR_BINDING",0.878070330447075,1,0.402809396107314,0.667246007870829,4968,6,"PIK3R1;EFNA5;FRS2;GRB2"
"GOMF_NEUTRAL_L_AMINO_ACID_SODIUM_SYMPORTER_ACTIVITY",0.853603603603604,1,0.4069673549429,0.698056693786751,4926,7,"SLC38A3;SLC6A15;SLC38A7;SLC38A1;SLC38A4;SLC38A2"
"GOMF_NEUTRAL_L_AMINO_ACID_TRANSMEMBRANE_TRANSPORTER_ACTIVITY",0.94151059256985,1,0.292029093619784,0.68970984800298,6132,35,"SLC36A2;SLC1A2;SLC32A1;SLC7A9;SLC6A20;SLC1A4;SLC36A1"
"GOMF_NF_KAPPAB_BINDING",0.99660598580685,1,0.226541451774305,0.526973157836651,6459,32,"FOXP3;COMMD6;ANKRD42;NFKBIA;RNF25;CDKN2A;COMMD8;EP300;BCL10;TAF4B;ANXA4;GSK3B;NOTCH2;CDK5RAP3;FAF1;HDAC1;TP53BP2;MTDH;HDAC3;COMMD7;DNAJA3;PPARD;AKAP8;RELA;PDCD11;HDAC2;SETD6;NPM1;PSMA6;CPNE1;BRMS1;HIF1AN"
"GOMF_NFAT_PROTEIN_BINDING",0.136066442834423,1,0.779690925231422,1.29154300336921,769,6,"GATA4;GATA6;FOXP3;SPI1"
"GOMF_NITRIC_OXIDE_BINDING",0.447822141560799,1,-0.630645848253998,-1.06152131986841,1973,5,"ENSG00000274276"
"GOMF_NITRIC_OXIDE_SYNTHASE_BINDING",0.342850229857247,1,-0.548375030748946,-1.1029624632071,1416,11,"SLC6A4"
"GOMF_NITRIC_OXIDE_SYNTHASE_REGULATOR_ACTIVITY",0.960447939004051,1,-0.275226888171051,-0.540642686801228,4030,10,"ACTB;HSP90AA1;HSP90AB1;AKT1;CALM3;DYNLL1;NOS1AP;DDAH1;CAV1;ATP2B4"
"GOMF_NITRITE_REDUCTASE_ACTIVITY",0.909986178299931,1,0.357886625187366,0.646297202854093,5266,9,"NGB;MTARC2"
"GOMF_NMDA_GLUTAMATE_RECEPTOR_ACTIVITY",0.571394799054374,1,-0.51220845375122,-0.923312842074675,2416,7,"GRIN2C;GRIN3B;GRIN2A;GRIN2B;GRIN3A"
"GOMF_NODAL_BINDING",0.373775843307943,1,0.730195015006739,1.12710953472458,2060,4,"CRIPTO3;CFC1;ACVR1C"
"GOMF_NON_MEMBRANE_SPANNING_PROTEIN_TYROSINE_KINASE_ACTIVITY",0.913806026083046,1,0.296218473729554,0.732590356478965,6095,46,"ZAP70;BTK;WEE2;SRMS;STYK1"
"GOMF_NON_MEMBRANE_SPANNING_PROTEIN_TYROSINE_PHOSPHATASE_ACTIVITY",0.64200890648194,1,-0.425917976625905,-0.871788763931678,2594,12,"PTPN7"
"GOMF_NOTCH_BINDING",0.313880126182965,1,0.491359332924014,1.10329608740196,1989,26,"TCIM;NOTCH2NLB;DLL4;NOTCH2NLA;DLL1;CCN3;JAG1;AAK1;DNER;ATRNL1;CHAC1;NOTCH4;DLL3;ADAM17"
"GOMF_NUCLEAR_ANDROGEN_RECEPTOR_BINDING",0.0299684542586751,1,0.666666875164553,1.49693087255002,189,26,"KDM5D;PRKCB"
"GOMF_NUCLEAR_ESTROGEN_RECEPTOR_BINDING",0.988204833141542,1,-0.240395719454923,-0.624912856281019,3434,36,"PADI2;DDX54;CCDC62;PPID;NKX3-1;LEF1;WBP2;PARP1;DCAF13;PCNA;ARID5A;LATS1;PHB2;MMS19;MED1;PPARGC1B;CTNNB1;XBP1;PAGR1;DCAF1;PRMT2;CNOT1;NSD1;STRN;TRIP4;NRIP1;ISL1;LCOR;NCOA1;TACC1;TAF10;FOXL2;DNAAF4;WIPI1;RERG;NCOA6"
"GOMF_NUCLEAR_EXPORT_SIGNAL_RECEPTOR_ACTIVITY",0.966275167785235,1,0.295092685178063,0.567365532061472,5758,12,"EIF4ENIF1;RANBP17;CALR;XPO4;NUP214;XPO5;NUP42;XPO1;RAN;CSE1L;XPO7"
"GOMF_NUCLEAR_GLUCOCORTICOID_RECEPTOR_BINDING",0.915792103948026,1,-0.312245733500587,-0.667685240873668,3664,14,"FLT3;NCOR2;ETS2;FKBP4;NR4A2"
"GOMF_NUCLEAR_IMPORT_SIGNAL_RECEPTOR_ACTIVITY",0.950040074806305,1,-0.28660504236722,-0.673303300703707,3555,22,"TMCO6;KPNB1;TNPO1;KPNA5;IPO9;NUTF2;HIKESHI;TNPO3;KPNA3;KPNA2;IPO8;IPO4"
"GOMF_NUCLEAR_LOCALIZATION_SEQUENCE_BINDING",0.125785175879397,1,0.580116702592678,1.29591643376154,800,25,"POM121L2;NPAP1;POM121B;KPNA7"
"GOMF_NUCLEAR_RECEPTOR_BINDING",0.9981368112856,1,0.236644121083163,0.67242086242026,7499,132,"KDM5D;PROX1;PRKCB;PPARG;PRAME;NR0B1;NCOA6;RERG;WIPI1;DNAAF4;FOXL2;KDM4C;ASAH1;ASXL1;SMAD3;TAF10;TACC1;NCOA1;LCOR;ISL1;TCF21;MED13"
"GOMF_NUCLEAR_RETINOIC_ACID_RECEPTOR_BINDING",0.997061180870959,1,-0.20117728531856,-0.472613214034261,3731,22,"VDR;NCOR2;NR4A2;NR1H2;HMGA1;ACTN4;SNW1;MED25;ARID5A;RARG;LRIF1;MED1;PRMT2;CNOT1;NSD1;NRIP1;NCOA1;TACC1;ASXL1;NCOA6;PRAME;PPARG"
"GOMF_NUCLEAR_RETINOID_X_RECEPTOR_BINDING",0.996501749125437,1,-0.201115384615385,-0.430051589544204,3987,14,"VDR;NCOR2;NR4A2;NR1H2;HMGA1;MED25;ARID5A;RARG;NSD1;NRIP1;NCOA1;TACC1;NCOA6;PPARG"
"GOMF_NUCLEAR_STEROID_RECEPTOR_ACTIVITY",0.778627169931518,1,0.363121099512273,0.797337382224868,4888,23,"NR2E1;ESR2;ESRRB;PAQR8"
"GOMF_NUCLEAR_THYROID_HORMONE_RECEPTOR_BINDING",0.987438558164937,1,-0.240303216869324,-0.585410220527356,3615,26,"TAF11;TRIP6;MED12;NCOR1;MED30;TRIP12;MED24;ARID5A;HMGN3;MED4;MED17;MED16;GTF2B;MED1;BRD8;TAF7;JMJD1C;ZNHIT3;THRAP3;PRMT2;NCOA3;NSD1;GTF2H1;MED13;TACC1;NCOA6"
"GOMF_NUCLEAR_VITAMIN_D_RECEPTOR_BINDING",0.663640948058497,1,-0.395055609382462,-0.857329721461617,2631,15,"TAF11;TOB2;MED12;SNW1;MED30;MED24;RXRA;MED14;MED4;MED17"
"GOMF_NUCLEASE_ACTIVITY",1,1,0.161819172878631,0.480300005668796,8030,214,"NME8;ENDOU;PIWIL1;RNASE6;PXDNL;PIWIL3;ANG;ERN1;ZC3H12C;STK31;RNASE4;BIVM;ENPP2;DNASE1L1;RNASET2;ZC3H12B;ERN2;SLFN11;EXO5;APLF;KHNYN;HARBI1;SAMHD1;MBLAC1;RAD9A;FANCM;ZC3H12D;RPPH1;EME1;DNA2;RAG1;ELAC1;PAN2;ENPP3;SLFN5;DNASE2;XRCC3;DCP2;DCLRE1C"
"GOMF_NUCLEASE_INHIBITOR_ACTIVITY",0.492516693529818,1,-0.575099503516617,-1.00668986706366,2138,6,"BRAT1;UBE3D;ABCE1"
"GOMF_NUCLEIC_ACID_CONFORMATION_ISOMERASE_ACTIVITY",0.657258591402065,1,0.319695247276485,0.922904211202179,5029,156,"DDX3Y;DDX4"
"GOMF_NUCLEOBASE_CONTAINING_COMPOUND_KINASE_ACTIVITY",1,1,0.158491096106702,0.385788706954649,6625,42,"NME9;AK5;AK9;AK4;TK2;TJP2;AK3;CMPK1;MAGI3;LRGUK"
"GOMF_NUCLEOBASE_CONTAINING_COMPOUND_TRANSMEMBRANE_TRANSPORTER_ACTIVITY",0.370439084724799,1,-0.36968194495079,-1.03229911119766,1197,54,"SLC25A52;SIDT1;SLC22A1;ABCC11;SLC35D3;SLC25A31;SLC25A24"
"GOMF_NUCLEOBASE_TRANSMEMBRANE_TRANSPORTER_ACTIVITY",0.188278008298755,1,0.712779508563966,1.25864282219884,1088,8,"SLC28A3;SLC29A1"
"GOMF_NUCLEOCYTOPLASMIC_CARRIER_ACTIVITY",0.992584141471763,1,-0.233987682832948,-0.601528980069015,3479,34,"TMCO6;KPNB1;TNPO1;KPNA5;IPO9;NUTF2;XPO6;HIKESHI;TNPO3;KPNA3;KPNA2;XPO7;IPO8;CSE1L;RAN;XPO1;IPO4;NUP42;IPO11;XPO5;KPNA4;NUP214;KPNA1;IPO7;IPO5;KPNA6;XPO4;RANBP6;CALR;SNUPN;TNPO2;RANBP17;KPNA7;EIF4ENIF1"
"GOMF_NUCLEOSIDE_BINDING",0.238975817923186,1,-0.662371770274832,-1.23488771567146,1007,8,"POLR1B;ADORA1;CDA;ACTN4;POLR3B;OARD1;PNP"
"GOMF_NUCLEOSIDE_DIPHOSPHATE_KINASE_ACTIVITY",0.966584766584767,1,0.290694802577976,0.599918073891719,5900,17,"NME9;AK5;AK9;AK4;CMPK1"
"GOMF_NUCLEOSIDE_DIPHOSPHATE_PHOSPHATASE_ACTIVITY",0.418673218673219,1,0.50348313194493,1.0390575547781,2555,17,"GBP1;ENTPD8;ENTPD2;ENTPD4;ENTPD5;ENTPD1"
"GOMF_NUCLEOSIDE_KINASE_ACTIVITY",0.9548463356974,1,-0.288114738339678,-0.519358936682477,4038,7,"UCKL1;UCK2;UCK1;DCK;ADK;CMPK1;TK2"
"GOMF_NUCLEOSIDE_MONOPHOSPHATE_KINASE_ACTIVITY",0.967767295597484,1,-0.27126165207616,-0.624990315075491,3692,20,"CMPK2;DLG2"
"GOMF_NUCLEOSIDE_TRANSMEMBRANE_TRANSPORTER_ACTIVITY",0.62551867219917,1,0.507878931442298,0.896824563452641,3617,8,"SLC28A3;SLC29A1"
"GOMF_NUCLEOSIDE_TRIPHOSPHATASE_REGULATOR_ACTIVITY",1,1,0.195440106823038,0.611961768548463,9007,482,"TBC1D3;TBC1D3C;TBC1D3D;TBC1D3I"
"GOMF_NUCLEOSIDE_TRIPHOSPHATE_DIPHOSPHATASE_ACTIVITY",0.926375982844889,1,-0.314797723427165,-0.618373764727519,3887,10,"ITPA;DCTPP1;ASMTL;NUDT16;NUDT15;DHX9;NUDT1;DUT;ENPP1;ENPP3"
"GOMF_NUCLEOSOMAL_DNA_BINDING",0.657072872014697,1,-0.325735726707722,-0.902293007940773,2145,51,"H3C4;H3C3;H3-7;H3C15;H3-5;H1-3;H3C10;ACTB"
"GOMF_NUCLEOSOME_ARRAY_SPACER_ACTIVITY",0.97372654155496,1,0.304854679034418,0.487128822829423,5447,5,"SMARCA2;SMARCAD1"
"GOMF_NUCLEOSOME_BINDING",0.989191073919107,1,-0.243426560324955,-0.722648037456759,2836,83,"H3C4;H3C3;H3-7;H3C15;H3-5;H1-3;H3C10;ACTB;CGAS;SMARCA1;H3C7;SMARCA4;ACTL6A"
"GOMF_NUCLEOTIDASE_ACTIVITY",0.183287739368316,1,-0.599312398861341,-1.25445578035564,736,13,"NT5C1A"
"GOMF_NUCLEOTIDE_RECEPTOR_ACTIVITY",0.697651006711409,1,0.435033897459547,0.836426150475316,4157,12,"P2RX1;PTAFR;P2RX7;P2RX3;P2RX2;P2RY2;P2RX4"
"GOMF_NUCLEOTIDE_SUGAR_TRANSMEMBRANE_TRANSPORTER_ACTIVITY",0.98383486694852,1,-0.243478210618189,-0.509638461144704,3955,13,"SLC35D3"
"GOMF_NUCLEOTIDE_TRANSMEMBRANE_TRANSPORTER_ACTIVITY",0.453318335208099,1,-0.393226142578649,-0.990444739215269,1611,31,"SLC25A52;ABCC11;SLC25A31;SLC25A24;SLC25A25;SLC25A33;SLC25A32"
"GOMF_NUCLEOTIDYLTRANSFERASE_ACTIVITY",1,1,-0.183637786831362,-0.584711257340277,2442,142,"TERC;PARP3;SIRT4;OAS3;TIPARP;PARP16;TERT;MED21;POLA1;POLN;CRPPA;PRIMPOL;POLR2F;POLR3H;CTU1;PCYT2;ART3;CGAS;POLM;POLR3K;PCYT1B;TENT4B;POLE;CMAS;ART5;REV1;POLR1D;POLR1B;TENT2;POLK;YRDC;MB21D2;FPGT;POLR3G;PARP2;POLR1C;TERF2;TENT4A;POLG;POLR3B;POLR2E;TAMM41;PARP1;RTCB;MOCS3;KARS1;THG1L;GARS1;DKC1;ZBTB8OS;MED20;POLR1A;POLR2L;PTGES3;NMNAT1;POLD1;RPAP1;FLAD1;POLR2J;POLR2C;POLR1H;POLRMT"
"GOMF_O_ACETYLTRANSFERASE_ACTIVITY",0.808212058212058,1,0.434751493306939,0.745713842524973,4664,7,"NAT2;LPCAT4;LPCAT1;CRAT;LPCAT2;CASD1"
"GOMF_O_ACYLTRANSFERASE_ACTIVITY",0.999084249084249,1,-0.203581040296806,-0.56206585175208,3272,50,"MBOAT4;HHAT;PLA2G4C;GPAT2;PNPLA4"
"GOMF_O_METHYLTRANSFERASE_ACTIVITY",0.983315392895587,1,-0.243670642554829,-0.583530430530275,3653,24,"COMT;COQ3;HENMT1;PCMTD2;PCMT1;ASMTL;CMTR1;FTSJ3;FBL;MRM2;CMTR2;MEPCE;MRM1;FBLL1;ASMT;ARMT1;FTSJ1;LCMT1;ICMT;TRMT13;MRM3;PCMTD1;BCDIN3D;COMTD1"
"GOMF_O_PALMITOYLTRANSFERASE_ACTIVITY",0.714924039320822,1,0.524191870908492,0.837608823394764,3999,5,"CPT1B;CPT2;CPT1A;LRAT;CPT1C"
"GOMF_ODORANT_BINDING",0.722742534016611,1,0.498408381011052,0.825603885442604,4089,6,"OR5H6;OR13A1;OR2A7"
"GOMF_OLFACTORY_RECEPTOR_ACTIVITY",0.510586811857229,1,0.401642539884953,0.971731614985911,3375,40,"OR56B4;OR52N4;OR5H6;OR2A5;OR1L8;OR1G1;OR1M1;OR2A2;OR2W6P;OR56B1;OR2A1;OR13A1;OR2A7;OR7C1;OR2I1;OR10A3;OR52N2"
"GOMF_OLFACTORY_RECEPTOR_BINDING",0.348565161762018,1,0.775340741735724,1.13967075596052,1906,3,"RTP1;RTP3;REEP1"
"GOMF_OLIGOPEPTIDE_BINDING",0.00460044300562276,1,0.854302269792247,1.61037784457658,26,11,"GSTM1;GSTM3;LANCL1"
"GOMF_OLIGOPEPTIDE_TRANSMEMBRANE_TRANSPORTER_ACTIVITY",0.985955525831801,1,0.258831472824253,0.504744586526707,5896,13,"MFSD1;SLC15A1;SLC15A4;GJA1"
"GOMF_OLIGOSACCHARIDE_BINDING",0.681237042156185,1,0.471455715854113,0.851388369896656,3942,9,"LGALS12;COLEC11;LGALS9;SELL;CHID1;LOXL2"
"GOMF_OLIGOSACCHARYL_TRANSFERASE_ACTIVITY",0.678539019963702,1,-0.495174747202891,-0.833492446944036,2990,5,"STT3A;STT3B;RPN2;RPN1;OSTC"
"GOMF_OMEGA_PEPTIDASE_ACTIVITY",0.0638761190418582,1,-0.723340995242088,-1.45487653725092,263,11,"GGTLC2;GGT1;GGT6"
"GOMF_OPIOID_RECEPTOR_BINDING",0.786070780399274,1,-0.433468413276886,-0.729626562129723,3464,5,"PENK"
"GOMF_OPSIN_BINDING",0.386108088501995,1,0.724725661455281,1.11866718657109,2128,4,"SAG;PRCD"
"GOMF_OPSONIN_BINDING",0.594876896294454,1,-0.431068523168426,-0.902294699134218,2391,13,"CD93;C4A;CFHR3"
"GOMF_OPSONIN_RECEPTOR_ACTIVITY",0.644241479171308,1,-0.537524484169324,-0.871285317239844,2891,4,"C5AR2"
"GOMF_ORGANIC_ACID_BINDING",0.504299114121939,1,0.339539689699457,0.982432526448117,3870,160,"CD22;DMBT1;GLRA1;UGT2B15;CYP2W1;SIGLEC11;ALB;FABP2;FABP5P3;CD33;UGT2B4;GRM7;FTCD;SIGLEC10;P2RX1;DHFRP1;CCDC144A;AKR1C1;FABP6;HNF4A;CYP26A1;CYP4F11;ST8SIA3;CPS1;THNSL2;GLRA3;PPARG;GLRB;PTGDS;CASTOR2;P4HTM;AKR1C3;SRR;CASTOR1;GFRA2;GSTM2;AKR1C2;GRIN2D;ACOX1;PYGL"
"GOMF_ORGANIC_ACID_SODIUM_SYMPORTER_ACTIVITY",0.954411078263576,1,0.287474549601305,0.659009927277519,6133,29,"SLC10A2;SLC6A12;SLC1A2;SLC6A20;SLC13A5"
"GOMF_ORGANOPHOSPHATE_ESTER_TRANSMEMBRANE_TRANSPORTER_ACTIVITY",0.877832210655236,1,-0.28945965687646,-0.801807732668256,2866,51,"SLC25A52;ABCC11;SLC35D3;SLC25A31;SLC25A24"
"GOMF_ORGANOPHOSPHATE_PHOSPHATE_ANTIPORTER_ACTIVITY",0.860706860706861,1,0.402510105558569,0.690411331742796,4967,7,"SLC37A2;SLC37A1"
"GOMF_ORNITHINE_DECARBOXYLASE_REGULATOR_ACTIVITY",0.41016333938294,1,-0.651085137854447,-1.09592532289787,1807,5,"AZIN2"
"GOMF_OSMOSENSOR_ACTIVITY",0.356895356895357,1,0.658340254231587,1.12922772717264,2059,7,"PKD2L1;TRPA1;TMEM63C;SCN7A"
"GOMF_OUTWARD_RECTIFIER_POTASSIUM_CHANNEL_ACTIVITY",0.652417846647075,1,-0.371652487314658,-0.873099943939863,2441,22,"KCNK3;KCNIP2;KCNQ1;KCNA2;KCNK7;KCND2;KCND3"
"GOMF_OXALATE_TRANSMEMBRANE_TRANSPORTER_ACTIVITY",0.76022176022176,1,0.459558773847151,0.788264892444371,4387,7,"SLC26A10P;SLC26A1;SLC26A2"
"GOMF_OXIDATIVE_PHOSPHORYLATION_UNCOUPLER_ACTIVITY",0.566243194192377,1,-0.564901443336864,-0.950858437246072,2495,5,"UCP3;UCP2;UCP1"
"GOMF_OXIDATIVE_RNA_DEMETHYLASE_ACTIVITY",0.973447131341868,1,-0.25984783719286,-0.484445316804668,4105,8,"ALKBH3;ALKBH5;JMJD6;ALKBH1"
"GOMF_OXIDIZED_DNA_BINDING",0.848536172271957,1,-0.355612813906088,-0.715254275232373,3506,11,"WRN;BLM;MSH3;MSH2;OGG1;MSH6;RECQL4;POT1;RPS3;MUTYH;XRCC1"
"GOMF_OXIDOREDUCTASE_ACTIVITY",0.949449125081011,1,0.269245023107683,0.852325544085386,8789,626,"UTY;KDM5D;IPCEF1;TPH2;FTH1P19;CYP3A43;SQOR;DMGDH;TH;CYP3A4;FMO1;CYP2W1;MPO;NOX1;CMAHP;DHRS2;ALDH8A1;VCAM1;TXNDC2;HEPHL1;LDHAL6B;CYP4A11;DIO2;ADH6;STAB2;DCT;LPO;ME3;NGB;GAPDHS;DUOX1;PXDNL;SDR9C7;CYP46A1;CBR3;STEAP4;AGMO;CLIC5;FMO5;HBA1;ALDH1A1;NOXRED1;CH25H;DHRS4L1;DHFRP1;AKR1D1;BCO2;CYP2C18;LDHD;AOC3;ALOX5;DPYD;PTGR3;TBXAS1;KDM6B;HSD17B6;ADHFE1;AKR1C1;HPGD;OSGIN1"
"GOMF_OXIDOREDUCTASE_ACTIVITY_ACTING_ON_A_SULFUR_GROUP_OF_DONORS",0.687684583579445,1,0.345473866435137,0.879928838513584,4656,56,"SQOR;TXNDC2;STAB2;GSTO2"
"GOMF_OXIDOREDUCTASE_ACTIVITY_ACTING_ON_A_SULFUR_GROUP_OF_DONORS_DISULFIDE_AS_ACCEPTOR",0.793741109530583,1,-0.397539775232819,-0.741150222513423,3347,8,"IFI30;MSRB3;MSRB1;MSRA"
"GOMF_OXIDOREDUCTASE_ACTIVITY_ACTING_ON_A_SULFUR_GROUP_OF_DONORS_NAD_P_AS_ACCEPTOR",0.4804907139206,1,0.532145851208877,1.00310618287192,2819,11,"TXNDC2;TXNRD3"
"GOMF_OXIDOREDUCTASE_ACTIVITY_ACTING_ON_A_SULFUR_GROUP_OF_DONORS_OXYGEN_AS_ACCEPTOR",0.966368255504476,1,-0.273929931161789,-0.550963145071936,3993,11,"SELENBP1;GFER;QSOX2;QSOX1;SUOX;P4HB;PCYOX1;ERO1B;ERO1A;SUMF1;PCYOX1L"
"GOMF_OXIDOREDUCTASE_ACTIVITY_ACTING_ON_CH_OH_GROUP_OF_DONORS",0.994274809160305,1,-0.237992490807821,-0.743541108336098,2604,118,"SRD5A2;SDR42E1;AKR1B10;RDH8;MIOX;ADH4;SDR42E2;HSD17B13;GPD1;PRXL2B;DHDH;BDH1;HSD17B7;DHRS7;ALDH3A1;IMPDH1;LDHC;FASN;LDHAL6A;SDR16C5;SPR;DHRSX;KCNAB1;DHRS4;DHRS4L2;HMGCR;CBR1;SORD;D2HGDH;EHHADH"
"GOMF_OXIDOREDUCTASE_ACTIVITY_ACTING_ON_CH_OR_CH2_GROUPS",0.285271317829457,1,0.635810074129084,1.17261851197014,1655,10,"CYP3A4;RRM2B;ACOX2"
"GOMF_OXIDOREDUCTASE_ACTIVITY_ACTING_ON_CH_OR_CH2_GROUPS_DISULFIDE_AS_ACCEPTOR",0.865471869328494,1,-0.378907301318774,-0.637787721456128,3814,5,"RRM2;VKORC1;RRM1;VKORC1L1;RRM2B"
"GOMF_OXIDOREDUCTASE_ACTIVITY_ACTING_ON_METAL_IONS",0.184275184275184,1,0.603343314287334,1.24514286389972,1124,17,"FTH1P19;HEPHL1;STEAP4;FRRS1"
"GOMF_OXIDOREDUCTASE_ACTIVITY_ACTING_ON_METAL_IONS_NAD_OR_NADP_AS_ACCEPTOR",0.664605053896448,1,0.534547586504556,0.885467783420644,3760,6,"STEAP4;STEAP2"
"GOMF_OXIDOREDUCTASE_ACTIVITY_ACTING_ON_METAL_IONS_OXYGEN_AS_ACCEPTOR",0.0609648347764623,1,0.82784657252695,1.37131190579525,344,6,"FTH1P19;HEPHL1"
"GOMF_OXIDOREDUCTASE_ACTIVITY_ACTING_ON_NAD_P_H",0.6232747804266,1,-0.326243048439375,-0.919907450469338,1986,58,"NOX3;CYBB;MIOX;NQO2;ADH4;MICAL2;KMO;AIFM3;NOX4"
"GOMF_OXIDOREDUCTASE_ACTIVITY_ACTING_ON_NAD_P_H_HEME_PROTEIN_AS_ACCEPTOR",0.974504737295435,1,0.283763147031582,0.523341690802751,5656,10,"CYB5R4;CYB5R2;CYB5R1;MTRR;CYB5RL"
"GOMF_OXIDOREDUCTASE_ACTIVITY_ACTING_ON_NAD_P_H_OXYGEN_AS_ACCEPTOR",0.697972799589428,1,-0.377980308226428,-0.841523940438827,2719,17,"NOX3;CYBB;MICAL2;KMO;NOX4"
"GOMF_OXIDOREDUCTASE_ACTIVITY_ACTING_ON_NAD_P_H_QUINONE_OR_SIMILAR_COMPOUND_AS_ACCEPTOR",0.991927083333333,1,-0.226344458268654,-0.516277507166714,3808,19,"NQO2;ADH4"
"GOMF_OXIDOREDUCTASE_ACTIVITY_ACTING_ON_OTHER_NITROGENOUS_COMPOUNDS_AS_DONORS",0.789604575976125,1,-0.371070977556927,-0.776710332712808,3174,13,"NQO2;MB;ENSG00000274276"
"GOMF_OXIDOREDUCTASE_ACTIVITY_ACTING_ON_OTHER_NITROGENOUS_COMPOUNDS_AS_DONORS_CYTOCHROME_AS_ACCEPTOR",0.410390199637024,1,-0.650599673597921,-1.0951081754295,1808,5,"ENSG00000274276"
"GOMF_OXIDOREDUCTASE_ACTIVITY_ACTING_ON_PAIRED_DONORS_WITH_INCORPORATION_OR_REDUCTION_OF_MOLECULAR_OXYGEN",0.187915093111082,1,0.392091260128676,1.13411921266762,1442,159,"UTY;KDM5D;TPH2;CYP3A43;TH;CYP3A4;FMO1;CYP2W1;CMAHP;CYP4A11;CYP46A1;AGMO;FMO5;CH25H;AKR1D1;CYP2C18;TBXAS1;KDM6B;AKR1C1"
"GOMF_OXIDOREDUCTASE_ACTIVITY_ACTING_ON_PAIRED_DONORS_WITH_INCORPORATION_OR_REDUCTION_OF_MOLECULAR_OXYGEN_ANOTHER_COMPOUND_AS_ONE_DONOR_AND_INCORPORATION_OF_ONE_ATOM_OF_OXYGEN",0.500866250866251,1,0.590229158605447,1.01239917656408,2890,7,"CMAHP;CH25H;CYP27A1"
"GOMF_OXIDOREDUCTASE_ACTIVITY_ACTING_ON_PAIRED_DONORS_WITH_INCORPORATION_OR_REDUCTION_OF_MOLECULAR_OXYGEN_NAD_P_H_AS_ONE_DONOR_AND_INCORPORATION_OF_ONE_ATOM_OF_OXYGEN",0.810089478556001,1,0.339576626675718,0.789911805920178,5250,32,"CYP3A4;FMO1;CYP46A1;FMO5;AKR1D1;AKR1C1;CYP26A1;CYP4F11;AKR1C3;FMO2;AKR1C2"
"GOMF_OXIDOREDUCTASE_ACTIVITY_ACTING_ON_PAIRED_DONORS_WITH_INCORPORATION_OR_REDUCTION_OF_MOLECULAR_OXYGEN_REDUCED_ASCORBATE_AS_ONE_DONOR_AND_INCORPORATION_OF_ONE_ATOM_OF_OXYGEN",0.787464135952328,1,-0.464568399304354,-0.717178488095291,3567,3,"DBH;PAM"
"GOMF_OXIDOREDUCTASE_ACTIVITY_ACTING_ON_PAIRED_DONORS_WITH_INCORPORATION_OR_REDUCTION_OF_MOLECULAR_OXYGEN_REDUCED_FLAVIN_OR_FLAVOPROTEIN_AS_ONE_DONOR_AND_INCORPORATION_OF_ONE_ATOM_OF_OXYGEN",0.697932736809627,1,0.368156756608381,0.856393949492746,4523,32,"CYP3A43;CYP3A4;CYP2W1;CYP4A11;CYP2C18"
"GOMF_OXIDOREDUCTASE_ACTIVITY_ACTING_ON_PAIRED_DONORS_WITH_INCORPORATION_OR_REDUCTION_OF_MOLECULAR_OXYGEN_REDUCED_IRON_SULFUR_PROTEIN_AS_ONE_DONOR_AND_INCORPORATION_OF_ONE_ATOM_OF_OXYGEN",0.535545883206384,1,0.649190789527372,1.00207357444768,2952,4,"CYP4A11;CYP27A1"
"GOMF_OXIDOREDUCTASE_ACTIVITY_ACTING_ON_PAIRED_DONORS_WITH_INCORPORATION_OR_REDUCTION_OF_MOLECULAR_OXYGEN_REDUCED_PTERIDINE_AS_ONE_DONOR_AND_INCORPORATION_OF_ONE_ATOM_OF_OXYGEN",0.0496554161512635,1,0.839190252729775,1.39010249360935,280,6,"TPH2;TH;AGMO"
"GOMF_OXIDOREDUCTASE_ACTIVITY_ACTING_ON_PAIRED_DONORS_WITH_OXIDATION_OF_A_PAIR_OF_DONORS_RESULTING_IN_THE_REDUCTION_OF_MOLECULAR_OXYGEN_TO_TWO_MOLECULES_OF_WATER",0.957278208440999,1,0.311533105326085,0.574557562487983,5556,10,"SCD5;FADS6"
"GOMF_OXIDOREDUCTASE_ACTIVITY_ACTING_ON_PEROXIDE_AS_ACCEPTOR",0.182131614450607,1,0.482562063401024,1.19344451951009,1214,46,"IPCEF1;MPO;LPO;DUOX1;PXDNL;HBA1"
"GOMF_OXIDOREDUCTASE_ACTIVITY_ACTING_ON_SINGLE_DONORS_WITH_INCORPORATION_OF_MOLECULAR_OXYGEN",0.0553317217297878,1,-0.606921424429179,-1.43851340657629,205,23,"IDO2;TDO2;MIOX;HGD;PTGS2;HPDL;ALOXE3"
"GOMF_OXIDOREDUCTASE_ACTIVITY_ACTING_ON_THE_ALDEHYDE_OR_OXO_GROUP_OF_DONORS",0.869452449567723,1,-0.299964633284056,-0.78515711778702,3016,37,"AKR1B10;ALDH1A2;ALDH3B2;ADH4"
"GOMF_OXIDOREDUCTASE_ACTIVITY_ACTING_ON_THE_ALDEHYDE_OR_OXO_GROUP_OF_DONORS_DISULFIDE_AS_ACCEPTOR",0.962174940898345,1,-0.280309147537202,-0.505288489045143,4069,7,"PDHA1;OGDH;PDHB;BCKDHA;OGDHL;BCKDHB;DHTKD1"
"GOMF_OXIDOREDUCTASE_ACTIVITY_ACTING_ON_THE_ALDEHYDE_OR_OXO_GROUP_OF_DONORS_NAD_OR_NADP_AS_ACCEPTOR",0.762517482517483,1,-0.332884361168663,-0.826641907384082,2725,29,"AKR1B10;ALDH1A2;ALDH3B2;ADH4"
"GOMF_OXIDOREDUCTASE_ACTIVITY_ACTING_ON_THE_CH_CH_GROUP_OF_DONORS",0.994946304485155,1,-0.230994930886188,-0.654951934515927,3149,60,"SRD5A2"
"GOMF_OXIDOREDUCTASE_ACTIVITY_ACTING_ON_THE_CH_CH_GROUP_OF_DONORS_NAD_OR_NADP_AS_ACCEPTOR",0.913714285714286,1,-0.288877451380883,-0.737390234171408,3197,33,"SRD5A2"
"GOMF_OXIDOREDUCTASE_ACTIVITY_ACTING_ON_THE_CH_CH_GROUP_OF_DONORS_OXYGEN_AS_ACCEPTOR",0.976675881133379,1,0.284069858104977,0.512993618055126,5652,9,"PPOX;ACOX1;ACOX2;CRAT"
"GOMF_OXIDOREDUCTASE_ACTIVITY_ACTING_ON_THE_CH_CH_GROUP_OF_DONORS_QUINONE_OR_RELATED_COMPOUND_AS_ACCEPTOR",0.753629764065336,1,-0.451108859518147,-0.759319471119666,3321,5,"SDHB;SDHD;DHODH"
"GOMF_OXIDOREDUCTASE_ACTIVITY_ACTING_ON_THE_CH_CH_GROUP_OF_DONORS_WITH_A_FLAVIN_AS_ACCEPTOR",0.989114299851559,1,-0.227136374125067,-0.464913315965382,3997,12,"ACADSB;GCDH;ACADM;TECR;ACAD11;ACAD10;ACADVL;ACAD8;ACAD9;ACADS;IVD;ACADL"
"GOMF_OXIDOREDUCTASE_ACTIVITY_ACTING_ON_THE_CH_NH_GROUP_OF_DONORS",0.549842271293375,1,0.419236517931262,0.94135183548271,3485,26,"DMGDH;NOXRED1;DHFRP1;PAOX;PRODH;AASS;PIPOX;ALDH1L1"
"GOMF_OXIDOREDUCTASE_ACTIVITY_ACTING_ON_THE_CH_NH_GROUP_OF_DONORS_NAD_OR_NADP_AS_ACCEPTOR",0.793969030154849,1,0.371765436354329,0.775363507987542,4870,18,"NOXRED1;DHFRP1;AASS;ALDH1L1;DHFR2"
"GOMF_OXIDOREDUCTASE_ACTIVITY_ACTING_ON_THE_CH_NH2_GROUP_OF_DONORS",0.765281173594132,1,0.380265049833416,0.793090519374911,4694,18,"VCAM1;AOC3;DDO;MAOA;PNPO;LOXL4;LOX"
"GOMF_OXIDOREDUCTASE_ACTIVITY_ACTING_ON_THE_CH_NH2_GROUP_OF_DONORS_OXYGEN_AS_ACCEPTOR",0.696487740225315,1,0.418576172685363,0.841136107706518,4203,15,"VCAM1;AOC3;DDO;MAOA;PNPO;LOXL4;LOX;LOXL3"
"GOMF_OXIDOREDUCTION_DRIVEN_ACTIVE_TRANSMEMBRANE_TRANSPORTER_ACTIVITY",0.7412109375,1,-0.304124606933627,-0.874640212563745,2276,66,"COX7A1"
"GOMF_OXO_ACID_LYASE_ACTIVITY",0.781323877068558,1,-0.413466973766025,-0.745320316086279,3304,7,"TYW1B;HOGA1"
"GOMF_OXYGEN_BINDING",0.516415500538213,1,-0.397781386424043,-0.952587235143529,1918,24,"HBE1;CYP19A1;HBG2;TDO2;CYP2E1;CYP2F1;MB"
"GOMF_OXYGEN_CARRIER_ACTIVITY",0.875777470628887,1,0.381134354293904,0.688279610792358,5068,9,"IPCEF1;NGB;HBA1;HBQ1"
"GOMF_OXYGEN_SENSOR_ACTIVITY",0.242740471869328,1,-0.740666582273692,-1.24671139939216,1069,5,"NOX4;HIF1AN;EGLN2"
"GOMF_OXYSTEROL_BINDING",0.0475948078391448,1,-0.677684410344368,-1.49083283102867,186,16,"GPR183;GPR141;RORC;VMA12;TMEM97;INSIG1"
"GOMF_P_TYPE_CALCIUM_TRANSPORTER_ACTIVITY",0.554077401520387,1,0.528218705649582,0.953895026889609,3206,9,"ATP2A1;ATP2B3;ATP2A3;ATP2B4"
"GOMF_P_TYPE_POTASSIUM_TRANSMEMBRANE_TRANSPORTER_ACTIVITY",0.215940525587829,1,0.69882209331612,1.23399649004833,1248,8,"ATP4B;ATP1A4;ATP1B1"
"GOMF_P_TYPE_TRANSMEMBRANE_TRANSPORTER_ACTIVITY",0.0898822780782692,1,0.610422900855383,1.35037859429336,564,24,"ATP13A4;ATP4B;ATP1A4;ATP2A1;ATP2B3;ATP2A3;ATP1B1;ATP2B4"
"GOMF_P53_BINDING",0.997695093842608,1,-0.224560234730469,-0.65149178770786,3029,70,"TP63;ANKRD1;TRIM29"
"GOMF_PALMITOYL_HYDROLASE_ACTIVITY",0.954109934442763,1,-0.286164852494327,-0.621020503074415,3783,15,"DESI1;ABHD17C;LYPLA1;ABHD17A;LYPLA2;LYPLAL1;ABHD17B;ABHD12;DESI2;CPT1C;ABHD13;ABHD10;CLN5;PPT1;PPT2"
"GOMF_PALMITOYLTRANSFERASE_ACTIVITY",0.988472622478386,1,-0.23693888325743,-0.620187282191734,3429,37,"HHAT;ZDHHC14;ZDHHC11;ZDHHC15;ZDHHC19;ZDHHC6;ZDHHC24;SPTLC3;GLUL"
"GOMF_PARACELLULAR_TIGHT_JUNCTION_CHANNEL_ACTIVITY",0.480050779833152,1,0.679317197238166,1.04857589325291,2646,4,"CLDN16;CLDN15;CLDN19"
"GOMF_PASSIVE_TRANSMEMBRANE_TRANSPORTER_ACTIVITY",0.705007824726135,1,0.298733698409261,0.932502001232039,6306,452,"KCNJ15;SLC14A1;PKD2L1;KCNJ5;GLRA1;OTOP2;GRIA2;TPTE2;CACNG3;GJA10;GJA9;AQP2;RHAG;KCNIP4;SCNN1B;SLC17A8;SCN2B;C8G;KCNA1;CNGB1;ASIC4;ABCC9;AQP6;SLC17A3;CACNA1F;KCNG2;BEST2;KCNH7;FAIM2;CACNA1D;GJD4;TRPC7;GJB2;CLIC5;P2RX1;STING1;GRID1;GRIK1;TRPC3;LRRC26;SCN4B;GABRB2;AQP11;PKDREJ;SLC24A5;KCNB2;GABRG1;GABRG3;TRPA1;KCNV1;TRPV3;SCNN1G;GABRR1;GABRA1;SCN3A;SCN2A;GPM6A;TMEM63C;SNAP25;TRPM2;TMC8;CNGA1;CACNB3;BEST1;KCNK9;TRPC6;PIEZO2;GABRP;CACNA1B;CLIC6;LRRC55;KCNT1;KCNJ6;MCOLN2;CACNG8;SCN3B;P2RX7;SCNN1D;GLRA3;CFTR;P2RX3;SLC1A4;GPR89B;ITPR2"
"GOMF_PATCHED_BINDING",0.818439716312057,1,-0.392229198569373,-0.707036858574881,3461,7,"IHH"
"GOMF_PATTERN_RECOGNITION_RECEPTOR_ACTIVITY",0.542909873884958,1,0.408035771846321,0.953866362924338,3529,33,"DMBT1;CLEC7A;CD209;CLEC4D;CLEC6A;IFIH1;CD36;TLR5;TLR7;ASGR2;PTAFR;RIGI"
"GOMF_PDZ_DOMAIN_BINDING",0.165630299604296,1,0.440529316475279,1.18575955515786,1171,81,"CACNG3;SLC22A4;SLC34A1;CLDN16;GRM7;PLEKHA2;CADM1;SHISA6;USHBP1;CXXC4;LNX1;CFTR;GPR37;SSTR2;SRR;ACOX1;FZD3;SLC22A5;KCNJ4;NKD1;CCDC88C;ATP2B4;FZD8;GRIA1;PDZK1;CIT;TAMALIN;NLGN1;ADAM17;SNTB1;DLG4;CRIM1;SDC2;PSEN1;FZD4;SNTG2;TMEM88"
"GOMF_PENTOSYLTRANSFERASE_ACTIVITY",1,1,-0.167056729120297,-0.463306935602042,3237,52,"PARP3;SIRT4;TIPARP;PARP16;SIRT2;ART3;SIRT5;HPRT1;ART5;QTRT2;PRTFDC1;PARP2;NEURL4;RXYLT1;XXYLT1;PARP1;PNP;GXYLT1"
"GOMF_PEPTIDASE_ACTIVATOR_ACTIVITY",0.985562757807896,1,0.25449958920105,0.649651182016164,6689,57,"NLRC4;NGF;PRSS22;FN1;NLRP12;MALT1;ATP2A3;PSME1;CASP8AP2;APH1B;WDR48;PCOLCE2;PCOLCE;CTSH"
"GOMF_PEPTIDASE_ACTIVATOR_ACTIVITY_INVOLVED_IN_APOPTOTIC_PROCESS",0.980353145983586,1,-0.252623881198796,-0.528781798320554,3941,13,"NLRP1"
"GOMF_PEPTIDASE_ACTIVITY",0.961805173362686,1,0.265092034180995,0.832036756018182,8737,507,"USP9Y;EEF1AKMT4-ECE2;ADAMTS18;CFB;KLK3;GZMB;PRSS51;PRSS46P;TPSAB1;ENDOU;KLK15;F2;ERAP2;KLK4;PLG;PRSS57;CELA2A;CPA5;ADGB;KLK11;PRSS33;CAPNS2;REN;RBP3;CAPN14;CFAP44;CPA2;CNDP1;CPA4;PSMB9;OVCH2;PM20D1;CPA6;CAPN9;UNC5CL;AGBL3;TMPRSS5;CIROP;AZU1;ADGRG6;CASP4;MATCAP2;PRSS42P;AGBL4;PROC;KLK7;MASP1;PRSS22;PCSK2;LNPEP;TMPRSS11E;NPEPPSP1;XPNPEP3;RHBDL2;SENP7;DHH;PRRG3;ADAMTS3;CPQ;ACR;TMPRSS13;NAALAD2;PSMB8;ERAP1;CPS1;TMPRSS3;HTRA4;METAP1D;LACTB;TLL2;HPN;TMPRSS15;TPSG1;PCSK1;DPP4;ENPEP;KLK6;ADAMTS14;MASP2"
"GOMF_PEPTIDASE_INHIBITOR_ACTIVITY",0.423238198295685,1,0.360001275842787,1.01247822272558,3128,120,"WFIKKN2;SERPINA1;C3P1;ITIH1;UMODL1;CST1;ITIH2;A2M;ITIH6;SERPINB3;CST11;SERPINF2;SPOCK2;SERPINB4;FETUB;SERPINE3;SPINK5;SERPINB9;NAIP;NGF;SPOCK3;WFDC5;COL6A3;PCSK1N;WFDC10B;RARRES1;SSPOP;COL28A1;HMSD;CST3;TFPI;C4B;PAPLN;SERPINA11;TFPI2;SERPINB1;WFIKKN1;CRB2;SORL1"
"GOMF_PEPTIDASE_REGULATOR_ACTIVITY",0.575679835813238,1,0.327439593206568,0.956116270773267,4487,175,"WFIKKN2;SERPINA1;NLRC4;C3P1;ITIH1;UMODL1;CST1;ITIH2;A2M;ITIH6;SERPINB3;CST11;SERPINF2;SPOCK2;SERPINB4;FETUB;SERPINE3;SPINK5;SERPINB9;NAIP;NGF;SPOCK3;WFDC5;PRSS22;COL6A3;PCSK1N;WFDC10B;FN1;RARRES1;SSPOP;COL28A1;HMSD;CST3;TFPI;C4B;PAPLN;SERPINA11;NLRP12;TFPI2;MALT1;SERPINB1;WFIKKN1;CRB2;SORL1;ATP2A3"
"GOMF_PEPTIDE_ANTIGEN_BINDING",0.526577556729872,1,0.415897207360257,0.957529306903229,3387,30,"HLA-DRB5;CD209;HLA-DMB;HLA-H;TAP1;HLA-G;SLC7A9;HLA-F;HLA-A;B2M;HLA-DQB1;HLA-DRA;TAPBP;TAP2;HLA-DOA;HLA-DRB1;HLA-DMA;HLA-B"
"GOMF_PEPTIDE_BINDING",0.944542475422233,1,0.271479120401142,0.801718790956186,7493,200,"POM121L2;GRIA2;HLA-DRB5;CD209;MSR1;GPR37L1;HLA-DMB;ITGAM;ITGB2;HLA-H;MAS1;GALR2;NPAP1;ANG;CALCR;POM121B;CD36;GALR1;CRIP1;APBA1;TLR6;SSTR1;IAPP;CACNA1B;OPRL1;TAP1;MAPK8IP2;NPBWR1;HLA-G;SLC7A9;PPARG;GPR37;ITGA2;CST3;HLA-F;HLA-A;B2M;HLA-DQB1;SSTR2;HLA-DRA;TAPBP;MME;SORL1"
"GOMF_PEPTIDE_HORMONE_BINDING",0.647933392804044,1,-0.331453401366182,-0.896076693323409,2178,44,"HCRTR2;SCTR;FSHR;NPY4R;CCKBR;EDNRB;CRHBP;CRHR2;GCGR"
"GOMF_PEPTIDE_HORMONE_RECEPTOR_BINDING",0.711296016137166,1,-0.380797922714075,-0.826388410289748,2820,15,"UCN;LEP;GPHA2;CCK"
"GOMF_PEPTIDE_RECEPTOR_ACTIVITY",0.597278411180581,1,-0.306924912245261,-0.946092492383222,1623,107,"F2RL2;OPRM1;HCRTR2;NMBR;CYSLTR2;SCTR;NTSR2;FPR3;MCHR2;FSHR;SORCS2;SSTR5;GUCY2D;SORCS3;NPY4R;CCKBR;EDNRB"
"GOMF_PEPTIDE_TRANSMEMBRANE_TRANSPORTER_ACTIVITY",0.645356895356895,1,0.517625943014193,0.887865451639072,3724,7,"TAP1;TAP2;SLC15A1;SLC15A4;SLC15A2"
"GOMF_PEPTIDE_YY_RECEPTOR_ACTIVITY",0.661171753174426,1,-0.52800488119029,-0.855854782360298,2967,4,"NPY4R;NPY5R"
"GOMF_PEPTIDOGLYCAN_BINDING",0.0278770550393138,1,-0.790955834254216,-1.55371624558187,116,10,"JCHAIN;PGLYRP1;TLR2;ZG16"
"GOMF_PEPTIDOGLYCAN_IMMUNE_RECEPTOR_ACTIVITY",0.430558482613277,1,-0.748151786993358,-1.08250944378631,2042,2,"PGLYRP1"
"GOMF_PEPTIDOGLYCAN_MURALYTIC_ACTIVITY",0.269968387776607,1,-0.836959864677841,-1.21100687498849,1280,2,"PGLYRP1;LYG1"
"GOMF_PEPTIDYL_PROLINE_4_DIOXYGENASE_ACTIVITY",0.706258890469417,1,-0.435426634210731,-0.811784296664543,2978,8,"P4HA3;EGLN3;EGLN1;EGLN2"
"GOMF_PEPTIDYL_PROLINE_DIOXYGENASE_ACTIVITY",0.593270658090054,1,-0.443523657814363,-0.907824892678933,2397,12,"P4HA3;EGLN3;EGLN1;EGLN2;OGFOD1;P3H1;P3H3"
"GOMF_PEPTIDYL_TRNA_HYDROLASE_ACTIVITY",0.860004605111674,1,-0.374961550292218,-0.656355971287588,3734,6,"PTRH2;MRPL58;ETF1;PTRH1;MTRFR;PTRHD1"
"GOMF_PEROXIREDOXIN_ACTIVITY",0.615220483641536,1,-0.47450588325771,-0.884641394070364,2594,8,"PRDX4;PRDX1;PRDX3;PRDX2;PARK7;SELENOF;PRDX5;PRDX6"
"GOMF_PEROXISOME_PROLIFERATOR_ACTIVATED_RECEPTOR_BINDING",0.97060857538036,1,0.296305012175634,0.523222360176666,5613,8,"ASXL3;ASXL1;TACC1;DUT;PRMT2"
"GOMF_PEROXISOME_TARGETING_SEQUENCE_BINDING",0.930807622504537,1,-0.322042369948864,-0.542071025359364,4102,5,"PEX7;BABAM2;PEX19;PEX5;PEX5L"
"GOMF_PH_DOMAIN_BINDING",0.98274231678487,1,-0.250471027031184,-0.451501950293561,4156,7,"INPP5A;EPHA4;NCL;LONP1;LSM4;SESN2;EPB41L2"
"GOMF_PH_GATED_MONOATOMIC_ION_CHANNEL_ACTIVITY",0.0371715076071923,1,0.813251619785149,1.43605883949497,214,8,"PKD2L1;AQP6;PACC1"
"GOMF_PHEROMONE_BINDING",0.342184671092336,1,-0.824318609925806,-1.10282875434599,1700,1,"VN1R1"
"GOMF_PHOSPHATASE_ACTIVATOR_ACTIVITY",0.826955074875208,1,-0.320049053495407,-0.788658444318148,2981,28,"PLEK"
"GOMF_PHOSPHATASE_ACTIVITY",1,1,0.14816800814593,0.445821520032944,8274,255,"FBP2;PFKFB1;TPTE2;PTPRC;ACP3;SGPP2;MYH3;EYA2;PLPP2;ALPP;PLPPR1;DUSP8;SYNJ1;DUSP28;THNSL2;PPP1R3E;PTPN22;PLPP3;INPP5F;INPPL1;PPP1R3C;MYH6;PTPRN2;PHOSPHO2;FBP1;PXYLP1;PTPRT;PPM1K;EPHX2;PTPN18;PLPP5;LHPP;DUSP4;PFKFB2;INPP4B;PPM1L;HACD2;PTPDC1;EYA4;PTPMT1;DUSP15;PTPRB;PTPN12;NT5M;CTDSPL;INPP4A;INPP1;PLPP6;HTT;PFKFB3"
"GOMF_PHOSPHATASE_BINDING",1,1,0.204738649915309,0.600121166597427,7823,184,"CD22;SIGLEC11;HSF4;CD33;CDH5;SIGLEC10;PPP1R3G;ADCY8;CEACAM1;SPHK1;PVRIG;CACNG8;NFATC1;PPP1R3E;GHR;PPP1R3F;SYTL2;PPP1R3C;SAXO4;PTPRT;PIK3R1;SH3YL1;PPP1R36;KIFAP3;STX17;TRAF3;SH2D4A;KIF3A;CTTNBP2NL;CDKN1B;ANK1;SPTBN4"
"GOMF_PHOSPHATASE_INHIBITOR_ACTIVITY",0.386434349719975,1,-0.363222742348293,-1.02362441012133,1241,57,"PPP1R27;PPP1R2C"
"GOMF_PHOSPHATASE_REGULATOR_ACTIVITY",0.542353392104254,1,-0.308048569668566,-0.965397335483601,1414,120,"PPP1R27;PPP1R2C;PLEK"
"GOMF_PHOSPHATE_ION_BINDING",0.589197478275686,1,0.485620063349309,0.915404088871,3457,11,"RPH3A;SLC34A2;ADSS1"
"GOMF_PHOSPHATE_TRANSMEMBRANE_TRANSPORTER_ACTIVITY",0.0426868556701031,1,0.674214629892913,1.45235947175353,264,21,"SLC34A3;SLC17A8;SLC34A1;SLC17A3;SLC37A2"
"GOMF_PHOSPHATIDATE_PHOSPHATASE_ACTIVITY",0.989968232737001,1,0.240229563477029,0.468469194899788,5920,13,"PLPP2;PLPPR1;PLPP3;PLPP5;PLPP6;LPIN1;PLPP1"
"GOMF_PHOSPHATIDIC_ACID_BINDING",0.556136488717667,1,-0.386118737366123,-0.929038375103513,2020,25,"CIDEA;CIDEB;PITPNM1;UQCC3;RAPGEF2;NME3;PLEKHN1;MARK1;GSDMD;OPA1;SESTD1"
"GOMF_PHOSPHATIDIC_ACID_TRANSFER_ACTIVITY",0.924636174636175,1,0.358192467943116,0.614394857166788,5336,7,"PRELID3A;TRIAP1;PRELID3B;PLTP;PITPNC1;PRELID1;PRELID2"
"GOMF_PHOSPHATIDYLCHOLINE_BINDING",0.283753943217666,1,0.502852631957584,1.1291030905571,1798,26,"APOA5;GPR12;APOA2"
"GOMF_PHOSPHATIDYLCHOLINE_FLIPPASE_ACTIVITY",0.729579982126899,1,0.514141773827613,0.821549722790383,4081,5,"ATP8B1;ABCA3;ATP10A"
"GOMF_PHOSPHATIDYLCHOLINE_FLOPPASE_ACTIVITY",0.804979253112033,1,0.423494753732372,0.74781699757055,4655,8,"ATP8B1;ABCB1;ABCA7;ATP10A;ABCA1;ABCG1"
"GOMF_PHOSPHATIDYLCHOLINE_STEROL_O_ACYLTRANSFERASE_ACTIVATOR_ACTIVITY",0.033065236818588,1,0.878944312814647,1.40446953213953,184,5,"APOA5;APOA2"
"GOMF_PHOSPHATIDYLCHOLINE_TRANSFER_ACTIVITY",0.682778932778933,1,0.498388036722094,0.854867352163683,3940,7,"MTTP;ABCA3;TMEM63B"
"GOMF_PHOSPHATIDYLCHOLINE_TRANSPORTER_ACTIVITY",0.97397348852247,1,0.277594512636054,0.592020210471233,6024,20,"ATP8B1;MTTP;ABCA3;ABCB1;ABCA7;ATP10A"
"GOMF_PHOSPHATIDYLETHANOLAMINE_BINDING",0.998727411555103,1,-0.189091468574506,-0.415980897767809,3923,16,"CD300A;TREM2;NF1;ESYT1;MAP1LC3A;GABARAPL2;MAP1LC3B;PEBP1;ESYT3;PLTP;GABARAP;ESYT2;GABARAPL1;ANXA11;MAP1LC3C;MAP1LC3B2"
"GOMF_PHOSPHATIDYLETHANOLAMINE_FLIPPASE_ACTIVITY",0.823235031277927,1,0.456923822082749,0.730120870307394,4605,5,"ABCB1;ABCA4;ATP11A"
"GOMF_PHOSPHATIDYLGLYCEROL_BINDING",0.798931025706287,1,-0.353449480733837,-0.777550851022639,3138,16,"IRGM;PITPNA;UQCC3;PLEKHN1;SPATA18;GSDMD;OPA1"
"GOMF_PHOSPHATIDYLINOSITOL_3_4_5_TRISPHOSPHATE_3_PHOSPHATASE_ACTIVITY",0.0420747188973522,1,0.8934840650198,1.37915815379676,231,4,"TPTE2;INPP5E;PTEN"
"GOMF_PHOSPHATIDYLINOSITOL_3_4_5_TRISPHOSPHATE_5_PHOSPHATASE_ACTIVITY",0.997399527186761,1,-0.216787787903257,-0.390784156548219,4218,7,"INPP5J;OCRL;INPP5D;INPP5K;FIG4;INPP5E;INPPL1"
"GOMF_PHOSPHATIDYLINOSITOL_3_4_5_TRISPHOSPHATE_BINDING",0.656505914467698,1,0.367288446184229,0.885022770558306,4328,39,"RAG2;ANXA8;MYO1G;BTK;PLA2G4E;NRGN;GAB2;HCN1;DNM1;MYO10;PHLDA3;OBSCN;CYTH3;WASHC2C;ADAP1;KIF16B;PARD3;OGT;ZFYVE1;IQGAP2;HIP1R;JPH2;MAPKAP1;IQGAP1;FUNDC2"
"GOMF_PHOSPHATIDYLINOSITOL_3_4_BISPHOSPHATE_BINDING",0.737313432835821,1,0.365206875403557,0.825415797155208,4692,27,"RAG2;ANXA8;MYO1G;PLEKHA2;PLA2G4E;PLEK2;GAB2;TTPA;NCF1"
"GOMF_PHOSPHATIDYLINOSITOL_3_5_BISPHOSPHATE_3_PHOSPHATASE_ACTIVITY",0.999274135010888,1,-0.184478713994539,-0.371047340574207,4129,11,"SYNJ2;MTMR6;MTMR2;MTMR7;MTMR14;MTMR1;MTM1;MTMR8;MTMR3;MTMR4;SYNJ1"
"GOMF_PHOSPHATIDYLINOSITOL_3_5_BISPHOSPHATE_5_PHOSPHATASE_ACTIVITY",0.999823290333981,1,0.203291690445316,0.336748770494945,5657,6,"SYNJ1;INPP5E;FIG4"
"GOMF_PHOSPHATIDYLINOSITOL_3_5_BISPHOSPHATE_BINDING",0.468181110938229,1,0.434645442398809,0.996386155866662,3008,29,"RAG2;CLVS1;PLA2G4E;PLEK2;WIPI1;TTPAL;PHLDA3;WASHC2C;HIP1;KIF16B;SNX5;PLEKHA4;HIP1R;JPH2;MAPKAP1"
"GOMF_PHOSPHATIDYLINOSITOL_3_5_BISPHOSPHATE_PHOSPHATASE_ACTIVITY",0.999243570347958,1,-0.184507096426786,-0.400407977587092,3962,15,"SYNJ2;OCRL;MTMR6;MTMR2;MTMR7;MTMR14;PIKFYVE;MTMR1;MTM1;MTMR8;FIG4;MTMR3;INPP5E;MTMR4;SYNJ1"
"GOMF_PHOSPHATIDYLINOSITOL_3_KINASE_ACTIVATOR_ACTIVITY",0.871158392434988,1,-0.361125967604747,-0.650969817179266,3684,7,"LYN;FLT3"
"GOMF_PHOSPHATIDYLINOSITOL_3_KINASE_BINDING",1,1,-0.146388829931969,-0.356622430318183,3661,26,"BECN2"
"GOMF_PHOSPHATIDYLINOSITOL_3_KINASE_INHIBITOR_ACTIVITY",0.946808510638298,1,-0.298073595570423,-0.537310887116317,4004,7,"RUBCN;ATG14;PIK3IP1;TRIM27;WDR81;WDR91;WASHC1"
"GOMF_PHOSPHATIDYLINOSITOL_3_KINASE_REGULATOR_ACTIVITY",0.98411497730711,1,-0.239741272640734,-0.520274395843216,3902,15,"LYN;FLT3;RUBCN"
"GOMF_PHOSPHATIDYLINOSITOL_3_KINASE_REGULATORY_SUBUNIT_BINDING",0.978466838931955,1,0.276495923704046,0.509938819487503,5679,10,"PIK3R1;CD2AP;FBXL2;CBL"
"GOMF_PHOSPHATIDYLINOSITOL_3_PHOSPHATE_BINDING",0.940955528846154,1,0.286560953170482,0.705749386076838,6262,45,"RUFY4;PLA2G4E;TECPR1;PLEK2;SAP30L;WIPI1;ATG2B;PHLDA3;ZFYVE26;OBSCN;WASHC2C;HIP1;KIF16B;PARD3;ATG2A;ZFYVE1;SNX4;RBSN;PLEKHA4;JPH2;SNX21;VPS13B;RUBCNL;SNX27;ZFYVE19"
"GOMF_PHOSPHATIDYLINOSITOL_4_5_BISPHOSPHATE_5_PHOSPHATASE_ACTIVITY",0.949928808732795,1,-0.289736820537984,-0.555721418704472,4002,9,"SYNJ2;INPP5J;OCRL"
"GOMF_PHOSPHATIDYLINOSITOL_4_5_BISPHOSPHATE_BINDING",0.966365178066704,1,0.26869343658613,0.723234068482444,6837,81,"RAG2;ANXA8;RPH3A;MYO1G;AMER3;TULP1;PLA2G4E;SCIN;FRMPD4;SYTL2;TTPA;HCN1;AVIL;SNAP91;ACTN2;KCNJ1;FCHO2;CAPG;DNM1;SYT1;AMER2;PHLDA3;OBSCN;PLCD1;GSN;WASHC2C;HIP1;PARD3"
"GOMF_PHOSPHATIDYLINOSITOL_4_5_BISPHOSPHATE_PHOSPHATASE_ACTIVITY",0.980401645293975,1,-0.247786978135199,-0.498381072131208,4051,11,"SYNJ2;INPP5J;OCRL"
"GOMF_PHOSPHATIDYLINOSITOL_4_PHOSPHATE_BINDING",0.995021005134588,1,0.2355589763325,0.539998076621885,6394,29,"PLA2G4E;SAP30L;CERT1;OBSCN;WASHC2C;SNX5;OSBP;JPH2;GSDMB;OSBPL8;RUBCNL;NLRP3;PLEKHA5;GOLPH3;PLEKHA8;SNX3;OSBPL5;DAB2IP;GOLPH3L;PLA2G4A;LANCL2;ARFIP1;PLEKHA3;ARFIP2;SNX24;SESTD1;GSDMD;PLEKHF1;SH3PXD2A"
"GOMF_PHOSPHATIDYLINOSITOL_5_PHOSPHATE_BINDING",0.96475913352732,1,0.287564430721603,0.613282853408006,5967,20,"PLA2G4E;SAP30L;TOM1;PHLDA3;OBSCN;WASHC2C;SNX5;JPH2;RUBCNL"
"GOMF_PHOSPHATIDYLINOSITOL_BINDING",0.999880282533222,1,0.22322674244236,0.675383192919886,8351,275,"RLBP1;RAG2;ANXA8;RPH3A;NCF1C;SNX31;NCF1B;TNFAIP8L3;CLVS1;MYO1G;BTK;AMER3;FGD2;SNX32;PARD3B;TULP1;RUFY4;PLA2G4E;TOM1L2;SCIN;TECPR1;FRMPD4;ITPR2;SYTL2;PLEK2;NRGN;GAB2;SNX29;TTPA;NCF1;SH3YL1;HCN1;AVIL;GGA1;SAP30L;WIPI1;TOM1;SNAP91;SGK3;ATG2B;STAM2;SNX25;ACTN2;CERT1;KCNJ1;FUZ;FCHO2;CAPG;NUMA1;DNM1;MYO10;SYT1;TTPAL;WDFY3;MCF2L;AMER2;ITPR1;PHLDA3;ZFYVE26;OBSCN;PLCD1;CYTH3;GSN;PIGK;TOM1L1;WASHC2C;EXOC8;HIP1;ADAP1;BCAS3;KIF16B;DENND1C;SNX5;PARD3;ATG2A;MREG;SNX15"
"GOMF_PHOSPHATIDYLINOSITOL_BISPHOSPHATE_BINDING",0.91439205955335,1,0.283846491106225,0.78661337502306,6632,105,"RLBP1;RAG2;ANXA8;RPH3A;CLVS1;MYO1G;AMER3;TULP1;PLA2G4E;SCIN;FRMPD4;SYTL2;PLEK2;TTPA;HCN1;AVIL;WIPI1;SNAP91;ACTN2;KCNJ1;FCHO2;CAPG;DNM1;SYT1;TTPAL;AMER2;PHLDA3;OBSCN;PLCD1;GSN;WASHC2C;HIP1;ADAP1;KIF16B;SNX5;PARD3"
"GOMF_PHOSPHATIDYLINOSITOL_BISPHOSPHATE_PHOSPHATASE_ACTIVITY",0.462468592964824,1,0.446176478638376,0.996708814693982,2944,25,"TPTE2;SYNJ1;INPP4B;INPP4A;MTMR4;INPP5E;PTEN;MTMR3;PIP4P1;FIG4"
"GOMF_PHOSPHATIDYLINOSITOL_KINASE_ACTIVITY",0.997248211337369,1,-0.20209998158124,-0.486271761317425,3623,25,"PIPSL"
"GOMF_PHOSPHATIDYLINOSITOL_MONOPHOSPHATE_PHOSPHATASE_ACTIVITY",0.98797958175531,1,0.257374397375752,0.5244848666584,5999,16,"SYNJ1;INPP5F;PTPMT1;MTMR4;PTEN;MTMR3;FIG4;SACM1L"
"GOMF_PHOSPHATIDYLINOSITOL_PHOSPHATE_4_PHOSPHATASE_ACTIVITY",0.962618432385874,1,0.304867253552364,0.562263795047099,5587,10,"SYNJ1;INPP5F;INPP4B;INPP4A;PIP4P1;FIG4;SACM1L"
"GOMF_PHOSPHATIDYLINOSITOL_PHOSPHATE_5_PHOSPHATASE_ACTIVITY",0.979769269352951,1,0.273570616714624,0.533487239062453,5859,13,"SYNJ1;INPP5F;INPPL1;PTPMT1;INPP5E"
"GOMF_PHOSPHATIDYLINOSITOL_PHOSPHATE_BINDING",1,1,0.226873663294587,0.663147885009912,7795,178,"RLBP1;RAG2;ANXA8;RPH3A;CLVS1;MYO1G;BTK;AMER3;FGD2;TULP1;RUFY4;PLA2G4E;SCIN;TECPR1;FRMPD4;SYTL2;PLEK2;NRGN;GAB2;TTPA;HCN1;AVIL;SAP30L;WIPI1;TOM1;SNAP91;ATG2B;ACTN2;CERT1;KCNJ1;FCHO2;CAPG;DNM1;MYO10;SYT1;TTPAL;AMER2;PHLDA3;ZFYVE26;OBSCN;PLCD1;CYTH3;GSN;WASHC2C;HIP1;ADAP1;KIF16B;DENND1C;SNX5;PARD3;ATG2A;OGT;KRIT1;ZFYVE1;SNX4;OSBP;IQGAP2;RBSN;PLEKHA4;HIP1R;JPH2;GSDMB;SNX21;MAPKAP1;OSBPL8;EXOC7"
"GOMF_PHOSPHATIDYLINOSITOL_PHOSPHATE_PHOSPHATASE_ACTIVITY",0.643535086354442,1,0.3853902219718,0.883472928324747,4135,29,"TPTE2;SYNJ1;INPP5F;INPPL1;INPP4B;PTPMT1;INPP4A;MTMR4;INPP5E;PTEN;MTMR3;PIP4P1;FIG4;SACM1L"
"GOMF_PHOSPHATIDYLINOSITOL_PHOSPHOLIPASE_C_ACTIVITY",0.8998613998614,1,0.377475007585125,0.647469514646873,5193,7,"PLCB4;PLCD4;PLCD1;PLCB1"
"GOMF_PHOSPHATIDYLINOSITOL_TRANSFER_ACTIVITY",0.848409542743539,1,0.366109231916772,0.735702876621636,5120,15,"TNFAIP8L3;OSBP"
"GOMF_PHOSPHATIDYLINOSITOL_TRISPHOSPHATE_PHOSPHATASE_ACTIVITY",0.258984105044921,1,0.663405665199863,1.19802528398976,1498,9,"TPTE2;INPPL1"
"GOMF_PHOSPHATIDYLSERINE_BINDING",1,1,0.17584180701797,0.438847473436718,6705,49,"ANXA8;CPNE6;SCIN;SYTL2;MME;ANXA2P2;GAS6"
"GOMF_PHOSPHATIDYLSERINE_FLIPPASE_ACTIVITY",0.776407506702413,1,0.486487275996071,0.777360461804503,4343,5,"ATP8B1;ATP11A;ATP8A1"
"GOMF_PHOSPHATIDYLSERINE_FLOPPASE_ACTIVITY",0.609882515549413,1,0.501813611501732,0.906210823882805,3529,9,"ATP8B1;ATP8B3;ATP11A;ABCA7;ATP8A1;ABCA1"
"GOMF_PHOSPHATIDYLSERINE_TRANSFER_ACTIVITY",0.852087114337568,1,-0.390364873697566,-0.65707343845196,3755,5,"OSBPL10;OSBPL5;OSBPL9;OSBPL11;OSBPL8"
"GOMF_PHOSPHODIESTERASE_I_ACTIVITY",0.564075067024129,1,0.612461128438072,0.978654713353228,3155,5,"ENPP2;ENPP3;ENPP1;FAN1"
"GOMF_PHOSPHOFRUCTOKINASE_ACTIVITY",0.111573111573112,1,0.77079813824279,1.32212275364012,643,7,"PFKFB1;PFKFB2;PFKFB3"
"GOMF_PHOSPHOLIPASE_A1_ACTIVITY",0.621352893235534,1,0.428844349317604,0.894408749582136,3811,18,"PLA2G4F;LIPC;PNLIPRP2;PLAAT5;PLA2G4E;PLAAT4"
"GOMF_PHOSPHOLIPASE_A2_ACTIVITY",0.923790776152981,1,-0.287934351059046,-0.7252393276186,3284,31,"PLAAT2;PLA2G10;PLA2G2A"
"GOMF_PHOSPHOLIPASE_A2_INHIBITOR_ACTIVITY",0.791233541233541,1,0.444238624848493,0.761986783332096,4566,7,"ANXA8;ANXA2P2;PLA2R1"
"GOMF_PHOSPHOLIPASE_ACTIVATOR_ACTIVITY",0.843407043407043,1,0.358401035837679,0.73964603836652,5148,17,"CCL5;BTK;PDPK1"
"GOMF_PHOSPHOLIPASE_ACTIVITY",0.723211042499092,1,-0.296839264380925,-0.903690223372913,1990,99,"F2RL2;PLAAT2;PLA2G10;PLD4;PLA2G2A;LIPH;ASPG;PLD6;PLA2G4C;MGLL;CHRM5;PLA2G4D;CHRM1;PLA2G3;PNPLA4;NOTUM;PLCH2;PLD1;GDPD5"
"GOMF_PHOSPHOLIPASE_BINDING",0.484536082474227,1,0.458025380716498,0.986655392056357,3007,21,"BLNK;BTK;WAS;CLEC6A;BANK1;NEFL;PDPK1"
"GOMF_PHOSPHOLIPASE_C_ACTIVITY",0.313240043057051,1,-0.454325887820689,-1.08799721682271,1163,24,"F2RL2;CHRM5;CHRM1;NOTUM;PLCH2;GDPD5"
"GOMF_PHOSPHOLIPASE_D_ACTIVITY",0.304018912529551,1,-0.65113848342577,-1.17374970934792,1285,7,"PLD4"
"GOMF_PHOSPHOLIPASE_INHIBITOR_ACTIVITY",0.839131875414182,1,0.368624843884233,0.740758042674771,5064,15,"ANXA8;PDC;ANXA2P2"
"GOMF_PHOSPHOLIPID_BINDING",1,1,0.216661726378701,0.677275856470868,8970,466,"UNC13C;APOA5;PLA2G4F;RLBP1;RAG2;SYTL3;PLA2G5;PLA2G2C;GPR12;ANXA8;BIN2;APOA2;RPH3A;NCF1C;SNX31;PSD2;GLTPD2;NCF1B;TNFAIP8L3;SYT15;CLVS1;MYO1G;BTK;ATP8B1;NR5A1;AMER3;CPNE6;FGD2;PLEKHA2;NR5A2;SNX32;PARD3B;TULP1;RUFY4;PLA2G4E;TOM1L2;SCIN;MYCBPAP;WNT5A;TECPR1;FRMPD4;DEPTOR;MAP1LC3B2;PTAFR;CPS1;ITPR2;PSD;JAG1;MAP1LC3C;SYTL2;DOC2A;PLEK2;NRGN;GAB2;APOM;MME;SNX29;PLEKHA8P1;TTPA;NCF1;SH3YL1;ANXA2P2;HCN1;AVIL"
"GOMF_PHOSPHOLIPID_SCRAMBLASE_ACTIVITY",0.997308934337998,1,-0.198441246670346,-0.475217305172313,3705,24,"XKR4;PLSCR4;TMEM63A;ANO4;ANO7;PLSCR1;ATG9B;SERINC2"
"GOMF_PHOSPHOLIPID_TRANSFER_ACTIVITY",0.597942892232115,1,0.388175703797116,0.916787441777755,3894,35,"GLTPD2;TNFAIP8L3;MTTP;ABCA3;PRELID3A;PLEKHA8P1;BLTP1"
"GOMF_PHOSPHOLIPID_TRANSPORTER_ACTIVITY",0.977218055752087,1,0.261578491796963,0.701405395668144,6905,79,"GLTPD2;TNFAIP8L3;XKR9;ATP8B1;MTTP;TMEM63C;ABCA3;PRELID3A;ABCB1;ATP8B3;PLEKHA8P1;ABCA4;BLTP1;ATP11A;ABCA7;ATP10A;ATP8A1;CERT1;ANO9;ANO6;TMEM30A"
"GOMF_PHOSPHOPROTEIN_BINDING",1,1,-0.2087866273062,-0.630589043123807,2816,93,"SLA;SFN;GRAP2;GRAP;VAV1;LYN;SYK;CBLB;MID2;SH2D3A;RB1;FGR;PLAT;SHD;FBXW7;PTPN5;SH2D3C;SHB;SAMSN1;PTPN6;SH3BP2;SHC3"
"GOMF_PHOSPHOPROTEIN_PHOSPHATASE_ACTIVITY",1,1,-0.180810931828796,-0.586358184396405,2322,161,"PTPN7;PTPRR;TNS2;PTPRM;DUSP13B;PTPRH;EPM2A;PPM1F;PP2D1;DUSP5;PPEF1;DUSP18;PTPRE;EYA3;PTPRJ;DUSP9;PTPRU;PTPN5;DUSP1;PTPN6;CPPED1;PPA2;PDP2;ILKAP;DUSP6;PTPN20;PGAM5"
"GOMF_PHOSPHORIC_DIESTER_HYDROLASE_ACTIVITY",0.99971671388102,1,0.213606006814444,0.573386498830621,7057,80,"PDE6A;PDE6C;PDE4C;PDE11A;CCL5;MPPED1;PDE4B;PDE10A;GDPD3;ENPP2;PLCG2;PLCD3;SMPDL3A;PLCXD1;FICD;CHRM3;PDE5A;NAPEPLD;PLCB4"
"GOMF_PHOSPHORIC_ESTER_HYDROLASE_ACTIVITY",1,1,-0.155111252819895,-0.539889193004949,1384,338,"PON1;F2RL2;NT5C1A;PLD4;PTPN7;PTPRR;PDE1A;TNS2;PLD6;PTPRM;DUSP13B;PTPRH;PLPPR4;CHRM5;EPM2A;PPM1F;PDE3A;PLPPR5;CHRM1;PP2D1;SYNJ2;ENPP6;PHOSPHO1;MPPED2;DUSP5;NOTUM;LPIN3;PLCH2;PUDP;ACP6;PPEF1;DUSP18;PLD1;PTPRE;EYA3;GDPD5;INPP5J;ACP2;PTPRJ;DUSP9;PTPRU;ACP7"
"GOMF_PHOSPHORUS_OXYGEN_LYASE_ACTIVITY",0.341955835962145,1,0.482772214247413,1.08401460885229,2167,26,"GUCY2F;ADCY4;ADCY8;ADCY5;RNASE4;RNASET2;ADCY7;GUCY2C;GUCY1A2;ADCY1;ADCY6"
"GOMF_PHOSPHORYLATION_DEPENDENT_PROTEIN_BINDING",0.914462711460567,1,-0.322989559142177,-0.63446541950816,3837,10,"VAV1;LYN;PTPN6"
"GOMF_PHOSPHOSERINE_RESIDUE_BINDING",0.559685489635454,1,-0.472407450060473,-0.927974860170203,2348,10,"SFN"
"GOMF_PHOSPHOTRANSFERASE_ACTIVITY_FOR_OTHER_SUBSTITUTED_PHOSPHATE_GROUPS",0.993937796520822,1,-0.218212595698842,-0.508535493085336,3770,21,"PIGF;CRLS1;CEPT1;GNPTAB;PTDSS1;PGS1;PTDSS2;AASDHPPT;CHPT1;CDIPT;DPAGT1;PIGG;PIGO;SELENOI;SGMS2;FKRP;CDS1;SGMS1;FKTN;PIGN;SAMD8"
"GOMF_PHOSPHOTRANSFERASE_ACTIVITY_NITROGENOUS_GROUP_AS_ACCEPTOR",0.105263157894737,1,-0.749943699255443,-1.3981517679588,443,8,"CKM;CKMT2"
"GOMF_PHOSPHOTRANSFERASE_ACTIVITY_PHOSPHATE_GROUP_AS_ACCEPTOR",0.884440400363967,1,0.309855310557521,0.746631178494167,5831,39,"IP6K3;NME9;AK5;PPIP5K2;AK9;PMVK;AK4;TJP2;AK3;CMPK1;ITPKB;MAGI3;LRGUK"
"GOMF_PHOSPHOTYROSINE_RESIDUE_BINDING",0.839087361152807,1,-0.300281719564312,-0.817341298884602,2794,46,"SLA;GRAP2;GRAP;VAV1;SYK;CBLB;SH2D3A;FGR;SHD;PTPN5;SH2D3C;SHB;SAMSN1;PTPN6;SH3BP2;SHC3"
"GOMF_PHOTORECEPTOR_ACTIVITY",0.106895356895357,1,0.77464333380278,1.32871828143116,616,7,"RHO;GNAT2;RRH"
"GOMF_PIRNA_BINDING",0.76039501039501,1,0.459489431821729,0.788145952523468,4388,7,"PIWIL1;PIWIL3;TEX19"
"GOMF_PLATELET_DERIVED_GROWTH_FACTOR_BINDING",0.93902734091459,1,-0.303304930347899,-0.610045925363315,3880,11,"COL3A1;COL6A1"
"GOMF_PLATELET_DERIVED_GROWTH_FACTOR_RECEPTOR_BINDING",0.984257871064468,1,-0.241958277246224,-0.517387279606237,3938,14,"VEGFD;LYN;PTPRJ"
"GOMF_PLUS_END_DIRECTED_MICROTUBULE_MOTOR_ACTIVITY",0.945472249269718,1,0.306590531463248,0.64611912178945,5825,19,"KIF19;KIFC2;KIF3A;KIF5A;KIF16B;KIF1B;KIF14;KIF11;KIF20B;KIF18A"
"GOMF_POLY_A_BINDING",0.988536432160804,1,0.257969250752087,0.576274721897659,6294,25,"RBMS3;ELAVL4;KHDRBS2;PABPC1L2A"
"GOMF_POLY_A_RNA_POLYMERASE_ACTIVITY",0.991946308724832,1,0.239818361665277,0.461091308590815,5911,12,"PAPOLB;TENT5D;PAPOLG;TENT5C"
"GOMF_POLY_A_SPECIFIC_RIBONUCLEASE_ACTIVITY",0.92738124844566,1,-0.310026537440868,-0.648934650267965,3728,13,"NOCT;PARN;TOE1;CNOT2;PDE12;CNOT8;CNOT7;CNOT1;PAN3;CNOT6L;CNOT6;PNLDC1;PAN2"
"GOMF_POLY_ADP_D_RIBOSE_BINDING",0.979383229383229,1,0.274922631985673,0.471565056017814,5652,7,"APLF;HPF1;XRCC1"
"GOMF_POLY_ADP_D_RIBOSE_MODIFICATION_DEPENDENT_PROTEIN_BINDING",0.538566243194192,1,-0.581186102058468,-0.978269245495463,2373,5,"CGAS;PARP2;HTATSF1"
"GOMF_POLY_G_BINDING",0.402086296823139,1,-0.575574053262581,-1.07306705951294,1695,8,"ATXN1;HNRNPU;MCRS1;DAZAP1;FMR1"
"GOMF_POLY_PURINE_TRACT_BINDING",0.997750281214848,1,-0.211846102833058,-0.533590815448627,3547,31,"PABPC3;ATXN1;PABPC5"
"GOMF_POLY_PYRIMIDINE_TRACT_BINDING",0.853699551569507,1,-0.309180255316283,-0.773462506408116,3045,30,"PABPC3;ATXN1;IFIT5;PABPC5;RBM11"
"GOMF_POLYAMINE_TRANSMEMBRANE_TRANSPORTER_ACTIVITY",0.616630926852514,1,-0.45025980232422,-0.884469068065279,2587,10,"SLC22A16;SLC22A1"
"GOMF_POLYOL_TRANSMEMBRANE_TRANSPORTER_ACTIVITY",0.807705597788528,1,0.416048149443317,0.751329433160748,4674,9,"AQP2;AQP11"
"GOMF_POLYPEPTIDE_CONFORMATION_OR_ASSEMBLY_ISOMERASE_ACTIVITY",0.652999240698557,1,-0.298736316172517,-0.932768892651954,1719,117,"MYL1;MYH7B;MYH4;MYO7B;DNAH6;MYO1A;MYH11;KIF27;KIF6;ACTC1;MYO3A;DNAH12;MYH7;MYO15A;DNAH1"
"GOMF_POLYPEPTIDE_N_ACETYLGALACTOSAMINYLTRANSFERASE_ACTIVITY",0.510710808179163,1,0.460442784124982,0.970352495536168,3146,19,"GALNT15;GALNT5;GALNT8;GALNT12;GALNT13;GALNT4;GALNT17;GALNT14;GALNT11"
"GOMF_POLYSACCHARIDE_BINDING",0.0291447682752031,1,0.682776773010687,1.49923385219835,182,23,"CLEC18B;CLEC7A;ENDOU;CLEC18C;PPP1R3G;PRG4;VTN;PTX3;PPP1R3E;PPP1R3F;PPP1R3C;ENPP2;HLA-DRA;CLEC18A"
"GOMF_POLYUBIQUITIN_MODIFICATION_DEPENDENT_PROTEIN_BINDING",0.311455108359133,1,-0.379678654783451,-1.06795855298787,1005,56,"UBQLNL"
"GOMF_PORE_FORMING_ACTIVITY",0.701334308170353,1,0.591109907110012,0.868870470012576,3836,3,"DEFA6;MMD"
"GOMF_PORIN_ACTIVITY",0.44830762145982,1,-0.599059048805266,-1.04863014229264,1946,6,"BAK1;TOMM40L;TOMM40;VDAC1;VDAC2"
"GOMF_POSTSYNAPTIC_NEUROTRANSMITTER_RECEPTOR_ACTIVITY",0.934318314803979,1,0.285771498596858,0.734914009833303,6386,60,"GLRA1;GRIA2;DRD5;GRID1;GRIK1;GABRB2;GABRG3;GABRA1;GLRB;DRD4;GRM5;GRIK3;GRIN2D;CHRNA4;CHRNA6;CHRM3;CHRNA10;GRM1;GRIA1"
"GOMF_POTASSIUM_CHANNEL_ACTIVATOR_ACTIVITY",0.282157676348548,1,0.669662489644894,1.18250577599442,1631,8,"ABCC9;LRRC26;LRRC55;ANK2"
"GOMF_POTASSIUM_CHANNEL_ACTIVITY",0.66108843537415,1,0.326360019725207,0.912549470354599,4858,113,"KCNJ15;PKD2L1;KCNJ5;KCNIP4;SCN2B;KCNA1;ABCC9;KCNG2;KCNH7;GRIK1;LRRC26;KCNB2;KCNV1;SNAP25;KCNK9;LRRC55;KCNT1;KCNJ6;P2RX7"
"GOMF_POTASSIUM_CHANNEL_INHIBITOR_ACTIVITY",0.969570305968901,1,0.292923696779799,0.57122748096166,5798,13,"CAV3;NEDD4;PRKACA;CAV1;OXSR1"
"GOMF_POTASSIUM_CHANNEL_REGULATOR_ACTIVITY",0.898835516739447,1,0.296805749285537,0.768235602378057,6174,63,"KCNIP4;ABCC9;KCNG2;LRRC26;CAV3;KCNB2;KCNV1"
"GOMF_POTASSIUM_CHLORIDE_SYMPORTER_ACTIVITY",0.326019350380097,1,0.634216737066773,1.14531383494679,1886,9,"SLC12A3;SLC12A1;SLC12A7;SLC12A6;SLC12A4"
"GOMF_POTASSIUM_ION_BINDING",0.959228187919463,1,0.305883246614761,0.588112209082895,5716,12,"CPS1;KCNJ11;ADPRH;HDAC4;PKM"
"GOMF_POTASSIUM_ION_LEAK_CHANNEL_ACTIVITY",0.911294352823588,1,-0.315114571644003,-0.673819771089148,3646,14,"KCNK3;KCNK15;KCNK7"
"GOMF_POTASSIUM_ION_TRANSMEMBRANE_TRANSPORTER_ACTIVITY",0.534994068801898,1,0.338531945270573,0.971641918260437,4058,147,"KCNJ15;PKD2L1;KCNJ5;KCNIP4;SLC12A3;ATP4B;SCN2B;KCNA1;ABCC9;KCNG2;KCNH7;ATP1A4;GRIK1;LRRC26;SLC24A5;KCNB2;KCNV1;SLC12A1;SNAP25;KCNK9;LRRC55;KCNT1;KCNJ6;SLC12A7;P2RX7"
"GOMF_POTASSIUM_PROTON_ANTIPORTER_ACTIVITY",0.687530925284513,1,-0.412896749544618,-0.845136309503722,2778,12,"SLC9C1;SLC17A6;SLC9A3;SLC9A8;SLC9A1;SLC9A6"
"GOMF_POU_DOMAIN_BINDING",0.305413232345734,1,-0.743022177794548,-1.20438107093189,1370,4,"POU2AF1"
"GOMF_PRE_MIRNA_BINDING",0.944194885970974,1,0.330744087675447,0.597281272004115,5464,9,"BCDIN3D;TARBP2;PRKRA;LIN28A;DHX36;DICER1;XPO5;RAN;TRUB1"
"GOMF_PRE_MRNA_3_SPLICE_SITE_BINDING",0.515880217785844,1,-0.594949188466213,-1.00143567034304,2273,5,"U2AF1;ZRSR2;U2AF1L4;U2AF2"
"GOMF_PRE_MRNA_5_SPLICE_SITE_BINDING",0.188448181319686,1,0.84293221766781,1.23902323974662,1030,3,"WEE2-AS1;PRPF39"
"GOMF_PRE_MRNA_BINDING",0.994857834240774,1,0.240628031266747,0.582174053327851,6577,40,"WEE2-AS1;CELF3;ELAVL4;RBM20;SOX9"
"GOMF_PRE_MRNA_INTRONIC_BINDING",0.853369001839157,1,0.371569674240443,0.724594190744729,5103,13,"ELAVL4;RBM20;SOX9;RBM7;EP300;PRPF8"
"GOMF_PRENYL_DIPHOSPHATE_SYNTHASE_ACTIVITY",0.967775467775468,1,0.297842888453109,0.510879360362072,5585,7,"GGPS1;PDSS2;COX10;NUS1;DHDDS;PDSS1"
"GOMF_PRENYLTRANSFERASE_ACTIVITY",0.96612779060816,1,-0.271031272839174,-0.603415838703275,3764,17,"FDFT1;PGGT1B;CHM;FDPS;PDSS1;DHDDS;RABGGTB;NUS1;COX10;FNTA;FNTB;COQ2;PDSS2;UBIAD1;RABGGTA;PTAR1;GGPS1"
"GOMF_PRERIBOSOME_BINDING",0.354196301564723,1,-0.600126062724358,-1.11884040952575,1493,8,"AFG2B;NVL;GTPBP4;ZNF622;ZNF593;AFG2A"
"GOMF_PRIMARY_ACTIVE_TRANSMEMBRANE_TRANSPORTER_ACTIVITY",0.952182410423453,1,0.27039886143266,0.781682872439023,7307,158,"ATP13A4;ABCA12;ABCB5;ABCA10;ATP4B;ABCC9;ATP6V0D2;ABCD2;ATP1A4;ATP2A1"
"GOMF_PRIMARY_METHYLAMINE_OXIDASE_ACTIVITY",0.717669432918396,1,0.467522749662358,0.825562668408819,4150,8,"VCAM1;AOC3;DDO;MAOA"
"GOMF_PRIMARY_MIRNA_BINDING",0.563834836260085,1,-0.48431829041025,-0.928932839642395,2375,9,"SRF;EZH2;PUS10;DDX5;DROSHA"
"GOMF_PROCOLLAGEN_PROLINE_4_DIOXYGENASE_ACTIVITY",0.825090744101633,1,-0.410005084419313,-0.690132408816331,3636,5,"P4HA3"
"GOMF_PROCOLLAGEN_PROLINE_DIOXYGENASE_ACTIVITY",0.930535798956852,1,-0.30814216909636,-0.574482483061691,3924,8,"P4HA3;P3H1;P3H3"
"GOMF_PROFILIN_BINDING",0.859185132237312,1,-0.355730610092559,-0.698780392046414,3605,10,"ACTG1;DBN1;ENAH;WIPF1;VASP"
"GOMF_PROLINE_RICH_REGION_BINDING",0.86079869600652,1,0.347777444615301,0.725333538534918,5280,18,"GHR;GAREM1;BAIAP2L1;NEDD4;CCND1;ITSN1;CYLD"
"GOMF_PROLINE_SODIUM_SYMPORTER_ACTIVITY",0.689880304678999,1,0.562607290739946,0.86842559681499,3803,4,"SLC6A20;SLC6A15;SLC38A1"
"GOMF_PROMOTER_ENHANCER_LOOP_ANCHORING_ACTIVITY",0.598230490018149,1,-0.545110395556662,-0.917545573585141,2636,5,"CASC11"
"GOMF_PROMOTER_SPECIFIC_CHROMATIN_BINDING",0.815721649484536,1,0.311323403104618,0.824965827995857,5696,73,"POU4F2;IKZF3;FOXC1;HNF1B;PDX1;PRDM1;EGR1;ZNF750"
"GOMF_PROSTAGLANDIN_E_RECEPTOR_ACTIVITY",0.466651542649728,1,-0.619815600664247,-1.04329153408959,2056,5,"PTGER1;PTGER4;PTGER3"
"GOMF_PROSTANOID_RECEPTOR_ACTIVITY",0.635131865473022,1,-0.434595833169367,-0.874115092361816,2624,11,"PTGER1;PTGER4;PTGER3;PTGDR2;PTGFR"
"GOMF_PROTEASE_BINDING",0.780412232251111,1,0.307292050199348,0.867687763214918,5792,125,"CHL1;SERPINA1;NLRC4;A2M;PLG;F2RL3;SERPINB3;SERPINF2;SERPINB4;SERPINB9;TTN;BANK1;NOL3;ITGB3;ACR;ECM1;FN1;CCBE1;CST3;F2RL1;DPP4"
"GOMF_PROTEASOME_ACTIVATING_ACTIVITY",0.492516693529818,1,-0.574961023543321,-1.00644746312303,2138,6,"PSMC2;PSMC4;PSMC1;PSMC6;PSMC5"
"GOMF_PROTEASOME_BINDING",0.327302363488183,1,0.532888311012917,1.11140549870464,2007,18,"UBD;SACS;ECPAS"
"GOMF_PROTEIN_ANTIGEN_BINDING",0.192790245626436,1,0.753991388223963,1.24897221520471,1090,6,"PLG;ITGA4"
"GOMF_PROTEIN_ARGININE_DEIMINASE_ACTIVITY",0.18133214524393,1,-0.807151095732411,-1.30832905145242,813,4,"PADI3;PADI1;PADI4;PADI2"
"GOMF_PROTEIN_ARGININE_N_METHYLTRANSFERASE_ACTIVITY",0.571499257793172,1,-0.449631070591985,-0.92032582978049,2309,12,"PRMT8;CARM1;PRMT7;PRMT9;PRMT5;PRMT6;PRMT1"
"GOMF_PROTEIN_ARGININE_OMEGA_N_ASYMMETRIC_METHYLTRANSFERASE_ACTIVITY",0.508510638297872,1,-0.544123804937984,-0.980843820710914,2150,7,"PRMT8;CARM1"
"GOMF_PROTEIN_ARGININE_OMEGA_N_MONOMETHYLTRANSFERASE_ACTIVITY",0.451905626134301,1,-0.627973453426696,-1.05702306765262,1991,5,"PRMT8;PRMT7;PRMT6;PRMT1"
"GOMF_PROTEIN_BINDING_INVOLVED_IN_HETEROTYPIC_CELL_CELL_ADHESION",0.426845637583893,1,0.543443114862463,1.04486118259093,2543,12,"IZUMO1;GLDN;DSP;NRCAM;PKP2;DSC2;DSG2"
"GOMF_PROTEIN_CARBOXYL_O_METHYLTRANSFERASE_ACTIVITY",0.977895463965001,1,-0.263957243924946,-0.4620471434464,4246,6,"PCMTD2;PCMT1;ARMT1;LCMT1;ICMT;PCMTD1"
"GOMF_PROTEIN_CARRIER_CHAPERONE",0.990817535545024,1,-0.245764669644232,-0.659105615380597,3344,42,"PRDM12;ASF1A;EMC8;BAG3;GET4;EMC9;IPO9;TIMM9;VPS72;EMC4;MYD88;BAG6;EMC2;ANP32E;PTMA;EMC6;MTCH1;MTCH2;PDCD2;WRAP53;WFS1;PEX19;MMGT1;SMARCAD1;NAP1L1;EMC1;JDP2;CLU;ASF1B;HIRIP3;GET3;EMC7;OXA1L;EMC10;DUSP16;PEX5;EMC3;COX18;ANKRD13C;SPTY2D1;TIMM10;APLF"
"GOMF_PROTEIN_CONTAINING_COMPLEX_BINDING",1,1,0.14915896363562,0.481117782250308,9791,1209,"MR1;CD22;IL12B;CDC20B;FCGR3A;CD226;HLA-DRB5;SAG;HTR2A;PIWIL1;GUCY2F;CD3E;GBP1;SLC34A1;UBD;MSR1;CNGB1;VCAM1;ABCC9;FCGR2C;LIPC;ANXA8;MYH15;ERMN;TSHR;STAB2;APOA2;RPH3A;KASH5;JAML;H3C13;GNAT2;GP6;HLA-DMB;ITGAM;CD8A;PDX1;MYO1G;CDH5;ITGB2;CASR;P2RX1;ITGAX;H3C2;FCGR1A;INHBA;MLC1;PTPRC;CAV3;GMFG;ANG;IFIH1;CD36;MYH3;ADGRG6;RIPK3;MAFB;XIRP2;GABRR1;MTTP;TULP1;ITGA10;TTN;ADRA2A;GFAP;FCER1G;PITX2;L3MBTL1;PDGFA;DMTN;FCGR2A;SCIN;VTN;MLLT6;CLMN;PTX3;GAS2L2;ACTN3;CDH13;ITGB3;H1-1;MADCAM1;CPEB3;FN1;MAPK8IP2;DDR2;CTNNA3;CPS1;HES1;PTCH1;CCBE1;CFTR;GFRA1;CCN3;H1-0;NEFL;ITGA2;RC3H1;FHOD3;PLPP3;NEB;GLRB;EDIL3;PRKCA;FST;FBN1;ANKRD54;GPSM2;EMILIN1;HLA-A;B2M;PIK3R5;HLA-DQB1;MYH6;H3C12;CCDC146;ENG;HLA-DRA;NEBL;SAMD14;VPS16;ADGRG1;PRICKLE1;TLN2;DDB2;CRB2;THBS4;TAPBP;H1-5"
"GOMF_PROTEIN_CONTAINING_COMPLEX_DESTABILIZING_ACTIVITY",0.54160363086233,1,-0.431098037450397,-0.93554717764351,2147,15,"NOTUM;FIGNL1;HSPA8;CLPB;HSPA1A;KATNAL1;HSPA1B"
"GOMF_PROTEIN_CONTAINING_COMPLEX_STABILIZING_ACTIVITY",0.791388441169698,1,-0.415969416463375,-0.728138685569158,3436,6,"TELO2;TTI1;LIMA1;MAP4"
"GOMF_PROTEIN_CYSTEINE_S_ACYLTRANSFERASE_ACTIVITY",0.986346258874932,1,-0.243740800423438,-0.593784625883692,3611,26,"ZDHHC14;ZDHHC11;ZDHHC15;ZDHHC19;ZDHHC6;ZDHHC24;GLUL;ZDHHC20;ZDHHC9"
"GOMF_PROTEIN_CYSTEINE_S_STEAROYLTRANSFERASE_ACTIVITY",0.460756501182033,1,-0.56847104346514,-1.02473243253788,1948,7,"ZDHHC15;ZDHHC6;ZDHHC20"
"GOMF_PROTEIN_DIMERIZATION_ACTIVITY",0.990837022547102,1,0.257644866474599,0.828618349028507,9623,1023,"GSTM1;H2BC19P;TAL1;SP100;BHLHE22;H2AC7;BHLHA9;IL12B;S100A5;ADRA1B;GBP3;CUBN;SOHLH1;H2AB2;CEACAM6;NKX2-5;OLIG3;SLC11A1;NLRC4;H2BC14;DEFA6;TFEC;GBP1;H2BK1;GBP4;H4C2;ERBB4;NEUROG1;TCF23;H2AB3;BHLHE23;CASQ2;IKZF3;APOA2;ROPN1B;XCL1;JAML;PTH1R;GRM7;SERPINF2;ZHX3;H2BC26;DUOX1;HNF1B;H3C13;FOXP2;UPB1;TAL2;ABCD2;CASR;CCL5;CREB3L3;STING1;MYOM1;H3C2;MEF2C;AHRR;ASCL1;S100Z;ATP2A1;RBM44;MIXL1;H2BC8;H4C3;ACP3;ADCY8;PRPH2;ANG;POU3F3;KYAT1;KCNB2;CEACAM1;AOC3;IZUMO1;GSTM3;GDNF;DPYD;MYF6;H2AC12;SYNDIG1;MTTP;MGAT4A;TTN;RILPL1;TLR6;ADRA2A;FCER1G;CAMK2A;DSG3;TWIST1;PITX2;H2AC15;TBX1;HNF4A;SIM2;MASP1;ERN1;PDGFA;TFEB;POLR2J2;ID2;NEUROG3;KCNK9;MFSD1;XPNPEP3;CADM1;SLC51B;FOXP3;TRPC6"
"GOMF_PROTEIN_DISULFIDE_ISOMERASE_ACTIVITY",0.99922420480993,1,-0.182220341591014,-0.410705077151879,3863,18,"PDIA2;CRELD2;QSOX2;QSOX1;ERP44;ENOX1;TMX1;PDIA5;PDIA3;PDIA4;TXNDC5;PDIA6;P4HB;GLRX2;ERP29;TMX3;CRELD1;ITGB3"
"GOMF_PROTEIN_DISULFIDE_REDUCTASE_ACTIVITY",0.716456862143076,1,0.358832879619968,0.847486008306377,4666,35,"TXNDC2;STAB2"
"GOMF_PROTEIN_DISULFIDE_REDUCTASE_NAD_P_H_ACTIVITY",0.479094678645473,1,0.563581017584312,1.01775481287045,2772,9,"TXNDC2;TXNRD3"
"GOMF_PROTEIN_DOMAIN_SPECIFIC_BINDING",1,1,0.16806274058644,0.5321090724777,9272,625,"SP100;CACNG3;CLEC3B;SLC22A4;HOXB1;SCNN1B;CD3E;BLNK;SLC34A1;KCNA1;PLG;CLDN16;PROX1;FOXA2;TCAP;GRM7;ENKUR;ARHGAP31;SIGLEC10;WAS;POU3F3;IFIH1;PLEKHA2;CASP4;GATA3;SCNN1G;GABRR1;TWIST1;L3MBTL1;PAX6;LANCL1;NOXA1;WNT5A;CARD14;CADM1;NOL3;RAB27B;KHDRBS2;SHISA6;CARD9;CEP250;ZNF653;USHBP1;SH3KBP1;CXXC4;HES1;LNX1;CFTR;RAB27A;PPARG;PTPN22;GPR37;GHR;NEFL;SH3BP5;TRIM9;GPSM2;INPPL1;DRD4;GJA5;DGKH;LDB2;SSTR2;SHC4;SRR;MYB;AJAP1;NR0B1;NCF1;NFE2;DIXDC1;L1CAM;FOXA1;ROBO1"
"GOMF_PROTEIN_FOLDING_CHAPERONE",0.97192513368984,1,-0.256391137455788,-0.752370253507719,2907,75,"HSPA6;CALR3;HSP90B2P;HSP90AA2P;HSPA7;HSPA2;HSPA8;HSPA1A;COA3;HSPH1;ZPR1;HSPB6;HSPA1B;GAK;HSP90AB3P;HSPA1L;CCT2;HSP90AA1;PDCL3;WDR83OS;KHSRP;HSPA4L;WIPF1;TRAP1;MESD;HSPA4;ANP32E;RIC8A;PBDC1;HSPD1;PFDN1;CCT7;CCT4;HSP90AB1;CCT6A;DNAJB1;HYPK;HSPA9;CCT3"
"GOMF_PROTEIN_FOLDING_CHAPERONE_BINDING",1,1,0.203761926315639,0.578061152375973,7490,130,"PLG;ALB;PACRG;DNAJB13;DNAJB7;TSACC;ERN1;AHSA2P;HES1;CFTR;GPR37"
"GOMF_PROTEIN_GLUTAMIC_ACID_LIGASE_ACTIVITY",0.585521769177609,1,0.512156097290893,0.924888022653765,3388,9,"TTLL2;TTLL9;TTLL7"
"GOMF_PROTEIN_GLUTAMIC_ACID_LIGASE_ACTIVITY_ELONGATING",0.978441420745715,1,0.281725372181457,0.466672653916743,5536,6,"TTLL9;TTLL7;TTLL1;TTLL11"
"GOMF_PROTEIN_GLUTAMIC_ACID_LIGASE_ACTIVITY_INITIATING",0.583938294010889,1,-0.553551509784808,-0.931753901034579,2573,5,"TTLL6;TTLL5"
"GOMF_PROTEIN_GLUTAMINE_GAMMA_GLUTAMYLTRANSFERASE_ACTIVITY",0.726456366566889,1,-0.447015787975011,-0.782484181294239,3154,6,"TGM3;TGM2;TGM4"
"GOMF_PROTEIN_HETERODIMERIZATION_ACTIVITY",0.947031431897555,1,0.269150640250191,0.824286623228134,8134,323,"H2BC19P;H2AC7;BHLHA9;IL12B;ADRA1B;SOHLH1;H2AB2;CEACAM6;H2BC14;H2BK1;H4C2;H2AB3;IKZF3;APOA2;ROPN1B;ZHX3;H2BC26;DUOX1;H3C13;ABCD2;CREB3L3;H3C2;MEF2C;H2BC8;H4C3;ADCY8;KCNB2;AOC3;H2AC12;MTTP;TLR6;ADRA2A;H2AC15;SIM2;PDGFA;TFEB;KCNK9;SLC51B"
"GOMF_PROTEIN_HOMODIMERIZATION_ACTIVITY",1,1,0.241656530325885,0.767032300090492,9344,676,"GSTM1;SP100;S100A5;GBP3;CUBN;SOHLH1;NKX2-5;SLC11A1;NLRC4;DEFA6;GBP1;GBP4;ERBB4;NEUROG1;CASQ2;IKZF3;APOA2;XCL1;JAML;PTH1R;SERPINF2;ZHX3;HNF1B;FOXP2;UPB1;ABCD2;CASR;CCL5;CREB3L3;STING1;MYOM1;S100Z;ATP2A1;RBM44;MIXL1;ACP3;ADCY8;PRPH2;ANG;POU3F3;KYAT1;CEACAM1;IZUMO1;GSTM3;GDNF;DPYD;SYNDIG1;MGAT4A;TTN;ADRA2A;FCER1G;CAMK2A;TWIST1;PITX2;TBX1;HNF4A;MASP1;ERN1;PDGFA;MFSD1;XPNPEP3;CADM1;FOXP3;TRPC6;CPQ;ALDH1A3;TENM4;DNAAF19;CARD9;TAP1;AMHR2"
"GOMF_PROTEIN_HORMONE_RECEPTOR_ACTIVITY",0.668768186226964,1,0.404284265143389,0.862208886867279,4136,20,"TSHR;LHCGR;PAX8;GNRHR;AMHR2"
"GOMF_PROTEIN_KINASE_A_BINDING",1,1,0.149754077586316,0.376322359239939,6735,51,"AKAP6;AKAP3;TDRD10;SOX9;AKAP7;MYRIP;GRIA1;DACT3;CRYBG3;AKAP1;ARFGEF2;WASF2;AKAP11;AKAP5;PRKAR2B;ARFGEF1;PRKACA;RPS3"
"GOMF_PROTEIN_KINASE_A_CATALYTIC_SUBUNIT_BINDING",0.810992290475006,1,-0.363986956865064,-0.761882355314126,3260,13,"KCNQ1;PRKAR1B;RYR2;GSK3A;CSK;EZR;SMO;PRKAR2A"
"GOMF_PROTEIN_KINASE_A_REGULATORY_SUBUNIT_BINDING",0.98488705058861,1,0.265309857934624,0.586918925400551,6190,24,"AKAP6;TDRD10;AKAP7;AKAP1;ARFGEF2;WASF2;AKAP11;AKAP5;ARFGEF1;PRKACA"
"GOMF_PROTEIN_KINASE_ACTIVITY",1,1,-0.17251979973723,-0.622114280464258,813,574,"TNNI3K;ANKK1;PRKAG3;SPEGNB;PHKG1;CDK15;AVP;TSSK1B;CSF1R;ALK;STKLD1;PLK5;PCK1;GUCY2D;TEX14;C8orf44-SGK3;MOS;ALPK2;PRKG2;FLT4;MOK;PRKCE;NTRK2;HUNK;RNASEL;MYO3A;AATK;CSNK2A3;STK33;LYN;TEC;FLT3;SYK;MET;MAP3K13;TESK1;NEK5;MAPK15;STK26;SGK2;PRKX;STK32B;IRAK4;EPHB2;SOSTDC1;LRRK2;ULK4;GRK5;SIK2;RIOK2;EPHA3;DAPK3;WEE1;FGR;DAPK1;MAST4;MAST1;ACVRL1;MAP2K6;RPS6KA4;CASK;ADCK5;STK38L;CDK9;CHEK1;VRK2;ERBB2;EFNA3;PDK3;LMTK3;PIK3R4;MATK;MAP3K1;CAMK4;CIITA;CDK19;NEK4"
"GOMF_PROTEIN_KINASE_B_BINDING",0.851922164214523,1,-0.365045183618535,-0.700164469793826,3589,9,"TRAF6;RARA;APPL1;PINK1;SRSF5;CCDC88A;ARRB2;PDE3B;BCL10"
"GOMF_PROTEIN_KINASE_C_BINDING",0.99,1,0.248935873015273,0.619752042488776,6632,48,"NELL1;AVPR1A;ADCY4;AVPR1B;ITGB3;PRKCB;DSP;FEZ1"
"GOMF_PROTEIN_LIPID_COMPLEX_BINDING",0.371451104100946,1,0.472816104469908,1.06165920369921,2354,26,"MSR1;LIPC;STAB2;APOA2;CD36;CDH13"
"GOMF_PROTEIN_LYSINE_6_OXIDASE_ACTIVITY",0.680965147453083,1,0.545064023356299,0.870960540626134,3809,5,"LOXL4;LOX;LOXL3;LOXL2"
"GOMF_PROTEIN_LYSINE_DEACETYLASE_ACTIVITY",0.463336019339243,1,-0.415313491611833,-0.984367994880938,1724,23,"SIRT4;SIRT2;SIRT7;HDAC9;SIRT5;HDAC10;MIER2"
"GOMF_PROTEIN_MEMBRANE_ADAPTOR_ACTIVITY",0.891154328732748,1,-0.284147820181914,-0.801211544798748,2840,58,"RAPSN;FITM1;NHERF4;SYNE3;SPAG4;ALG14;PEX26;GPR179"
"GOMF_PROTEIN_METHYLTRANSFERASE_ACTIVITY",0.978399335364165,1,0.261501403947738,0.71897625825492,7065,96,"PRDM6;METTL21EP;PRDM7;KMT2C;ETFBKMT;ASH1L;KMT5A;SETBP1"
"GOMF_PROTEIN_N_ACYLTRANSFERASE_ACTIVITY",0.996119402985075,1,0.231528849562156,0.576415426483828,6673,48,"ARRB1;KAT2B;BAZ1A;NAT9;NAA80;TAF10;NCOA1;KAT6B;ABHD14B;CLOCK;BRD1;EP300;ESCO2;JADE1;NCOA3;KAT2A;MCM3AP;ESCO1;PHF10;KAT6A;BRCA2"
"GOMF_PROTEIN_N_TERMINAL_AMINO_ACID_ACETYLTRANSFERASE_ACTIVITY",0.948316737790422,1,-0.288241175113435,-0.537380217986341,3999,8,"NAA10;NAA20;NAA40;NAA50;NAA60;NAA30;NAA80;NAT9"
"GOMF_PROTEIN_PHOSPHATASE_1_BINDING",0.95078834209269,1,0.295450797067931,0.648747664145122,5969,23,"PPP1R3G;PPP1R3E;PPP1R3F;PPP1R3C;PHACTR4;SH3RF2;AKAP11"
"GOMF_PROTEIN_PHOSPHATASE_2A_BINDING",1,1,0.172154569715205,0.391745504037789,6395,28,"ADCY8;SPHK1;CTTNBP2NL"
"GOMF_PROTEIN_PHOSPHATASE_2B_BINDING",0.688842688842689,1,0.495239101197772,0.84946609455823,3975,7,"CACNG8;NFATC1;ATP2B4;AKAP5"
"GOMF_PROTEIN_PHOSPHATASE_ACTIVATOR_ACTIVITY",0.725593247332378,1,0.378305582157034,0.830679304957188,4555,23,"CD33;IGFBP3;VCAN;SLC39A10;PHACTR4;PPP2R5A"
"GOMF_PROTEIN_PHOSPHATASE_BINDING",0.9994708994709,1,0.224867511867976,0.642774209239292,7555,139,"CD22;HSF4;CD33;CDH5;PPP1R3G;ADCY8;CEACAM1;SPHK1;CACNG8;NFATC1;PPP1R3E;GHR;PPP1R3F;PPP1R3C;PTPRT;PIK3R1;KIFAP3;STX17;TRAF3;KIF3A;CTTNBP2NL;CDKN1B;ANK1;ATP2B4;IKBKE"
"GOMF_PROTEIN_PHOSPHORYLATED_AMINO_ACID_BINDING",0.700439146800502,1,-0.315118985042251,-0.888540931404919,2232,58,"SLA;SFN;GRAP2;GRAP;VAV1;SYK;CBLB;SH2D3A;FGR;SHD;FBXW7;PTPN5;SH2D3C;SHB;SAMSN1;PTPN6;SH3BP2;SHC3"
"GOMF_PROTEIN_PRENYLTRANSFERASE_ACTIVITY",0.966903073286052,1,-0.274349213673242,-0.494545043804814,4089,7,"PGGT1B;CHM;RABGGTB;FNTA;FNTB;RABGGTA;PTAR1"
"GOMF_PROTEIN_RNA_ADAPTOR_ACTIVITY",0.93125,1,-0.284744193730074,-0.721180978809214,3277,32,"ELAVL3;ZNF598;ELAVL2;SH3BGRL;IGF2BP1;HNRNPC;YTHDF1;ELAVL1;YTHDC2;ZFP36L1;C1QBP;YBX1;HNRNPA2B1;YTHDF3;ZFP36L2;FMR1;ZFP36;ALYREF"
"GOMF_PROTEIN_SEQUESTERING_ACTIVITY",0.845904537418975,1,0.311231613608801,0.794468809543056,5741,57,"TMSB4Y;INHBA;TMC8;SPI1;FRMD1"
"GOMF_PROTEIN_SERINE_KINASE_ACTIVITY",1,1,-0.191606554316806,-0.669956179835689,1346,356,"TNNI3K;ANKK1;PHKG1;CDK15;TSSK1B;C8orf44-SGK3;MOS;ALPK2;PRKG2;MOK;PRKCE;HUNK;MYO3A;AATK;CSNK2A3;STK33;MAP3K13;TESK1;NEK5;MAPK15;STK26;SGK2;PRKX;STK32B;IRAK4;LRRK2;ULK4;SIK2;RIOK2;DAPK3;DAPK1;MAST4;MAST1;MAP2K6;RPS6KA4;CASK;STK38L;CDK9;CHEK1;VRK2;LMTK3;PIK3R4;MAP3K1;CAMK4;CIITA;CDK19;NEK4;CDK14;DMPK"
"GOMF_PROTEIN_SERINE_THREONINE_KINASE_ACTIVATOR_ACTIVITY",0.565606361829026,1,-0.323151815837297,-0.943809973112933,1706,73,"IRGM;TCL1A;LTF;CDK5R2;MAP3K13;PARP16"
"GOMF_PROTEIN_SERINE_THREONINE_KINASE_ACTIVITY",1,1,-0.184049617233236,-0.653658475116693,1099,438,"TNNI3K;ANKK1;PRKAG3;PHKG1;CDK15;TSSK1B;STKLD1;C8orf44-SGK3;MOS;ALPK2;PRKG2;MOK;PRKCE;HUNK;MYO3A;AATK;CSNK2A3;STK33;SYK;MAP3K13;TESK1;NEK5;MAPK15;STK26;SGK2;PRKX;STK32B;IRAK4;SOSTDC1;LRRK2;ULK4;GRK5;SIK2;RIOK2;DAPK3;DAPK1;MAST4;MAST1;ACVRL1;MAP2K6;RPS6KA4;CASK;ADCK5;STK38L;CDK9;CHEK1;VRK2;PDK3;LMTK3;PIK3R4;MAP3K1;CAMK4;CIITA;CDK19;NEK4"
"GOMF_PROTEIN_SERINE_THREONINE_KINASE_BINDING",0.0965299684542587,1,0.594826334445154,1.33562043804401,611,26,"STING1;CCDC102B;NAIP;PYDC1;RIPK3;IRF5"
"GOMF_PROTEIN_SERINE_THREONINE_KINASE_INHIBITOR_ACTIVITY",0.306456595613222,1,-0.38247635865418,-1.07126187844939,991,55,"CDKN2B;CDKN2C"
"GOMF_PROTEIN_SERINE_THREONINE_PHOSPHATASE_ACTIVITY",1,1,-0.151051092676259,-0.454424282331204,2829,91,"DUSP13B;EPM2A;PPM1F;PP2D1;DUSP5;PPEF1;DUSP18;DUSP9;DUSP1;CPPED1;PPA2;PDP2;ILKAP;DUSP6;PGAM5"
"GOMF_PROTEIN_SERINE_THREONINE_PHOSPHATASE_INHIBITOR_ACTIVITY",0.8965,1,0.349275258456617,0.691625834684311,5378,14,"PPP1R14C;PABIR1;PPP1R1A;PPP4R4"
"GOMF_PROTEIN_SERINE_THREONINE_TYROSINE_KINASE_ACTIVITY",0.915233785822021,1,0.298740970336313,0.730314606308854,6067,43,"AURKC;PRKCG;MAPK10;SBK2;TESK2;PRKAA2;ACVR2B;MAP2K1;RPS6KA2;DSTYK;MAP3K9;DYRK1A;MAPK9;SGK1;MAP2K5;MAPK14;PRKACA;PAK3;PBK;DYRK2"
"GOMF_PROTEIN_TRANSPORTER_ACTIVITY",0.701660735468565,1,-0.323526470825327,-0.87131818602488,2365,43,"RHBDF2;BLOC1S3;AZGP1;PEX12;TOMM40L;TIMM22;TOMM40;SEC61G;TIMM8B;TIMM17A;TOMM7;TIMM9;TIMM23;TMED10;AP4M1;PEX2;DNAJB2;TOMM70;LMBRD1;SEC61A2;TIMM29;IGF1R"
"GOMF_PROTEIN_TYROSINE_KINASE_ACTIVATOR_ACTIVITY",0.756534090909091,1,-0.328920182022327,-0.833066956391859,2662,32,"BTC;ALK;GREM1;GHRL;ANGPT4;EGF;ALKAL1"
"GOMF_PROTEIN_TYROSINE_KINASE_ACTIVITY",0.999471179270227,1,0.227118979139363,0.649555066572945,7559,140,"ZAP70;LTK;ERBB4;EPHA10;BTK;WEE2;EPHB3;EPHA5;TTN;EPHA6;NRP1;SRMS;DDR2;PDGFRL;STYK1;TIE1;ROR2"
"GOMF_PROTEIN_TYROSINE_KINASE_BINDING",1,1,0.20678779865227,0.575500339576447,7296,109,"CEACAM7;BLNK;GRAPL;GP6;CDH5;ITGAX;CEACAM1;GDNF;BANK1;DSCAM;NRG3;GHR;FLT3LG;GRM5;GAB2;SHC4;PLCG2;PIK3R1"
"GOMF_PROTEIN_TYROSINE_KINASE_INHIBITOR_ACTIVITY",0.614201796821009,1,0.500277141053343,0.903436155920452,3554,9,"PTPRC;PTPRB;CAV1;DUSP22;RACK1"
"GOMF_PROTEIN_TYROSINE_PHOSPHATASE_ACTIVATOR_ACTIVITY",0.35656836461126,1,0.708289245627112,1.13177894312759,1994,5,"CD33;IGFBP3;VCAN;SLC39A10"
"GOMF_PROTEIN_TYROSINE_PHOSPHATASE_ACTIVITY",0.990812720848056,1,-0.240126135988708,-0.722398925306049,2803,91,"PTPN7;PTPRR;TNS2;PTPRM;DUSP13B;PTPRH;EPM2A;DUSP5;DUSP18;PTPRE;EYA3;PTPRJ;DUSP9;PTPRU;PTPN5;DUSP1;PTPN6"
"GOMF_PROTEIN_TYROSINE_SERINE_THREONINE_PHOSPHATASE_ACTIVITY",0.914144193725922,1,-0.299563240031321,-0.720777623116354,3321,25,"DUSP13B;PPM1F;DUSP5;DUSP18;DUSP9;DUSP1;DUSP6"
"GOMF_PROTEIN_TYROSINE_THREONINE_PHOSPHATASE_ACTIVITY",0.996196403872752,1,0.223584125826697,0.394810108523373,5761,8,"DUSP8;DUSP4;DUSP16"
"GOMF_PROTEINASE_ACTIVATED_RECEPTOR_ACTIVITY",0.598003629764065,1,-0.545598434220011,-0.918367054369481,2635,5,"F2RL2"
"GOMF_PROTEOGLYCAN_BINDING",0.940673131774102,1,-0.277422679335758,-0.713190452285438,3297,34,"HRG;FGF20"
"GOMF_PROTEOGLYCAN_SULFOTRANSFERASE_ACTIVITY",0.440931780366057,1,-0.405616762040347,-0.999512671718292,1589,28,"HS6ST3;HS3ST1;HS3ST2;HS6ST2;HS3ST5;CHST5;CHST7"
"GOMF_PROTON_CHANNEL_ACTIVITY",0.774167861124383,1,0.36445655591544,0.800269762948563,4860,23,"OTOP2;STING1"
"GOMF_PROTON_TRANSMEMBRANE_TRANSPORTER_ACTIVITY",1,1,-0.193608738377206,-0.633304876482575,2213,174,"SLC30A8;COX7A1;CYBB;SLC2A9;SLC9C1"
"GOMF_PROTON_TRANSPORTING_ATP_SYNTHASE_ACTIVITY_ROTATIONAL_MECHANISM",0.733232476046394,1,-0.374745182507019,-0.813253059335218,2907,15,"ATP6V0C;ATP5PB;ATP5F1E;ATP5F1B;ATP5PO;ATP5F1C;ATP5MG;ATP5F1A;ATP5F1D;MT-ATP8;ATP5PD;ATP5MF;ATP5ME;ATP5PF;MT-ATP6"
"GOMF_PSEUDOURIDINE_SYNTHASE_ACTIVITY",0.527480726187516,1,-0.452640361030146,-0.9474479727023,2120,13,"RPUSD1;PUSL1;PUS3;PUS7L;PUS1;PUS10;TRUB1;DKC1;PUS7;RPUSD4"
"GOMF_PURINE_NUCLEOTIDE_BINDING",1,1,0.139364248054905,0.452155536978035,9941,1878,"DDX3Y;PRKY;DDX4;DIRAS2;TUBA3D;ATP13A4;NWD1;ABCA12;GBP3;PFKFB1;ABCB5;ZAP70;NLRC4;FMO1;LTK;PDE6C;SLC22A4;NOX1;ABCA10;IP6K3;GUCY2F;TTLL2;GBP1;SLC12A3;GBP4;GBP6;CNGB1;ABCC9;ERBB4;TUBB8;MYH15;ACSM6;POPDC2;RIT2;ME3;PDE11A;KIF4B;GAPDHS;TUBA4B;EPHA10;DUOX1;GNAT2;TUBB8B;ADCY4;CBR3;MYO1G;GRK7;ABCD2;ATP1A4;AURKC;PARP9;P2RX1;FMO5;ALDH1A1;TTLL9;STING1;SLFNL1;MYLK3;BTK;OAS1;ARHGEF5;ATP8B1;DHFRP1;ATP2A1;WEE2;KIF19;ADCY8;ARL5C;SBK3;IFIH1;EPHB3;RAB6C;NAIP;ACSM1;GRK1;MYH3;SMC1B;DPYD;RIPK3;EPHA5;TPK1;NAV3;TTN;ATAD3C;CAMK2A;WNK4;CARNS1;NIN;EPHA6;ATP2B3;HPGD;CDKL4;GAL3ST4;PAK5;DNAH3;ARL10;CNGA1;ERN1;ACSS1;ZNG1A;PARP14;SPHK1;SRMS;CHD3;DGKI;NLRP14;ABCA3;CACNA1B;RAB27B;NRK;CPLANE2;PDE4B;DDX60L;ALDH1A3;AK5;SMARCA2;PRKCB;MAT1A;RAB7B;TAP1;AMHR2;RAD51D;STARD9;ADCY5;GIMAP4;DDR2;P2RX7;STK31;RRAD;CPS1;PPIP5K2;MAP3K8;AGAP2;KIF12;PRAG1;CFTR;RIGI;P2RX3;RAB27A;AK9;ACTA2;KIFC2;STYK1;ITPR2;PAPOLB"
"GOMF_PURINE_NUCLEOTIDE_TRANSMEMBRANE_TRANSPORTER_ACTIVITY",0.302971931755641,1,-0.455517475997491,-1.09601833523734,1100,25,"SLC25A52;ABCC11;SLC25A31;SLC25A24"
"GOMF_PURINE_RIBONUCLEOTIDE_TRANSMEMBRANE_TRANSPORTER_ACTIVITY",0.999479166666667,1,-0.168060023331991,-0.383334368174527,3837,19,"SLC25A31;SLC25A24;SLC25A25;SLC19A1;ANKH;SLC25A23"
"GOMF_PUTRESCINE_TRANSMEMBRANE_TRANSPORTER_ACTIVITY",0.221642468239564,1,-0.752187192329322,-1.26610322322768,976,5,"SLC22A1;SLC45A4"
"GOMF_PYRIMIDINE_NUCLEOBASE_TRANSMEMBRANE_TRANSPORTER_ACTIVITY",0.181356546971346,1,0.813003972358742,1.254931230948,999,4,"SLC28A3;SLC29A1"
"GOMF_PYRIMIDINE_NUCLEOSIDE_TRANSMEMBRANE_TRANSPORTER_ACTIVITY",0.687577310478883,1,0.516942753460752,0.856305716494625,3890,6,"SLC28A3;SLC29A1"
"GOMF_PYRIMIDINE_NUCLEOTIDE_BINDING",0.857078039927405,1,-0.385662934690267,-0.649158998810777,3777,5,"DCTPP1;HSP90AA1;NT5C;MTPAP"
"GOMF_PYRIMIDINE_NUCLEOTIDE_SUGAR_TRANSMEMBRANE_TRANSPORTER_ACTIVITY",0.95693201064602,1,-0.286831375571706,-0.576912191084949,3954,11,"SLC35D3"
"GOMF_PYRUVATE_DEHYDROGENASE_ACETYL_TRANSFERRING_KINASE_ACTIVITY",0.997504537205082,1,-0.22711369141451,-0.382284329846915,4396,5,"PDK3;PDK2;BCKDK;PDK4;PDK1"
"GOMF_PYRUVATE_DEHYDROGENASE_ACETYL_TRANSFERRING_PHOSPHATASE_ACTIVITY",0.808983666061706,1,-0.418624322349956,-0.704640559230271,3565,5,"PDP2;PPM1J;PPM1M;PDP1;PPM1H"
"GOMF_PYRUVATE_TRANSMEMBRANE_TRANSPORTER_ACTIVITY",0.980875781948168,1,0.29141570640392,0.465654620962927,5487,5,"SLC16A7;MPC2"
"GOMF_QUATERNARY_AMMONIUM_GROUP_BINDING",0.380387931034483,1,0.448108319034525,1.05295429802041,2470,34,"APOA5;TKTL1;GPR12;APOA2"
"GOMF_QUATERNARY_AMMONIUM_GROUP_TRANSMEMBRANE_TRANSPORTER_ACTIVITY",0.554339716488436,1,-0.44394935289326,-0.929256316038513,2228,13,"SLC22A16;SLC22A1"
"GOMF_QUINOL_CYTOCHROME_C_REDUCTASE_ACTIVITY",0.964483714483715,1,0.304494943669012,0.522289395133908,5566,7,"UQCRFS1P1;MT-CYB;UQCR10;UQCRFS1;UQCRH;UQCRC1;CYC1"
"GOMF_QUINONE_BINDING",0.404906965256051,1,0.516477849962519,1.05249325119986,2458,16,"SQOR;AOC3;MT-ND4;HSD17B8"
"GOMF_R_SMAD_BINDING",0.400054990376684,1,-0.417964935374826,-1.02339969181071,1454,27,"RGCC;ANKRD1;LDLRAD4"
"GOMF_RAB_GERANYLGERANYLTRANSFERASE_ACTIVITY",0.854691689008043,1,0.433031252875847,0.69194281396595,4781,5,"PTAR1;RABGGTA;FNTA"
"GOMF_RACEMASE_AND_EPIMERASE_ACTIVITY",0.722782518748384,1,-0.366444301444498,-0.825926094653148,2794,18,"SDSL;GALE;L3HYPDH;GFUS;DSEL;GPI;GLCE;YJEFN3;AMACR;DSE;GNE;GALM"
"GOMF_RACEMASE_AND_EPIMERASE_ACTIVITY_ACTING_ON_CARBOHYDRATES_AND_DERIVATIVES",0.519477377207839,1,-0.477973826064106,-0.961362496436391,2146,11,"GALE;GFUS;DSEL;GPI;GLCE;DSE;GNE;GALM"
"GOMF_RAGE_RECEPTOR_BINDING",0.725746598338929,1,0.496489479078754,0.822425261343477,4106,6,"S100A4;FPR2;APP"
"GOMF_RDNA_BINDING",0.714063579820318,1,0.457267533892499,0.825766338588347,4132,9,"BNC1;TSPYL2;MTOR;BEND3"
"GOMF_RECEPTOR_ANTAGONIST_ACTIVITY",0.246279886306638,1,0.610602172722885,1.19072900154066,1472,13,"WFIKKN2;CCL5;ESR2;DKK1;FST;WFIKKN1;DKKL1;PXDN"
"GOMF_RECEPTOR_LIGAND_INHIBITOR_ACTIVITY",0.861782835467046,1,-0.36131434700665,-0.673613624006404,3634,8,"LRRC32"
"GOMF_RECEPTOR_SERINE_THREONINE_KINASE_BINDING",0.282334384858044,1,0.503535958526738,1.13063742903334,1789,26,"BMP5;CDH5;INHBA;CRIPTO3;CFC1;BMP3;NODAL;ELAPOR2;OPRK1"
"GOMF_RECEPTOR_SIGNALING_PROTEIN_TYROSINE_KINASE_ACTIVATOR_ACTIVITY",0.778909740840036,1,0.485232335901849,0.775355186724731,4357,5,"LTK;CCL5"
"GOMF_RECEPTOR_TYROSINE_KINASE_BINDING",0.728436657681941,1,-0.300473094770681,-0.883019587413309,2161,76,"MYOC;GAB4;TRADD;ANGPT1;DOK2;ANGPT4;ALKAL1;ANGPT2;PITPNM1;CBLB;FRS3;ERBB2;NRG1;PSPN;CADM4;SHC3;ZPR1;PITPNM2;SHC2"
"GOMF_REGULATORY_RNA_BINDING",0.99468085106383,1,0.243822367726841,0.617883790930084,6731,54,"PIWIL1;ARB2BP;PIWIL3;LINC-ROR;TLR7;RC3H1"
"GOMF_RETINAL_BINDING",0.39017199017199,1,0.515406036071481,1.06366331179667,2381,17,"RHO;CYP2W1;RLBP1;RBP3"
"GOMF_RETINAL_DEHYDROGENASE_NADPLUS_ACTIVITY",0.85177304964539,1,-0.373182025204248,-0.672702205086744,3602,7,"AKR1B10;ALDH1A2"
"GOMF_RETINOIC_ACID_4_HYDROXYLASE_ACTIVITY",0.569626814098134,1,0.520890953754564,0.940662049684944,3296,9,"CYP3A4;CYP2W1;CYP2C18;CYP26A1"
"GOMF_RETINOIC_ACID_BINDING",0.691279543602282,1,0.405860846687494,0.846473768321161,4240,18,"UGT2B15;CYP2W1;UGT2B4;CYP26A1"
"GOMF_RETINOIC_ACID_RESPONSIVE_ELEMENT_BINDING",0.0377122430741734,1,0.873941629235992,1.39647571892211,210,5,"MYT1L;RXRA;RXRB"
"GOMF_RETINOL_BINDING",0.290589794565938,1,0.568887560873319,1.14318945965261,1753,15,"CYP2W1;RLBP1;C8G;RBP3"
"GOMF_RETINYL_PALMITATE_ESTERASE_ACTIVITY",0.458156028368794,1,-0.569614745298829,-1.02679408260011,1937,7,"CES1;LIPE;PNPLA4"
"GOMF_RETROMER_COMPLEX_BINDING",0.889444841553491,1,-0.341332102753423,-0.670496644969638,3732,10,"RCSD1;SLC11A2;RAB7A;SNX3;SORT1;WASHC2A;TBC1D5;M6PR;IGF2R;WASHC2C"
"GOMF_RIBOFLAVIN_TRANSMEMBRANE_TRANSPORTER_ACTIVITY",0.800893655049151,1,0.470430978615446,0.751704023573683,4480,5,"RTBDN;SLC52A1"
"GOMF_RIBONUCLEASE_INHIBITOR_ACTIVITY",0.544237749546279,1,-0.577353540152375,-0.971818166519367,2398,5,"BRAT1;UBE3D;ABCE1"
"GOMF_RIBONUCLEASE_P_ACTIVITY",0.939139040079169,1,-0.304377684329914,-0.623014429427169,3795,12,"PRORP;RPP40;RPP25;RPP21;RPP14"
"GOMF_RIBONUCLEASE_P_RNA_BINDING",0.437217059804622,1,-0.521612337080572,-1.02463061389788,1834,10,"RPP40;RPP25;RPP21;RPP14;POP1;POP5;RPP30;RPP38"
"GOMF_RIBONUCLEOPROTEIN_COMPLEX_BINDING",0.998182644252612,1,-0.233824223976758,-0.765646867136137,2196,176,"NOMO3;RNASEL;SLFN12;UQCC5;ZC3H12A;EEFSEC;EIF3C;AFG2B;DNAJC2;NAA10;MALSU1;DERL2;DDX3X;ZNF598;EIF2S1;PES1;PRMT7;PELO;NVL;GTPBP4;NME1;SMG6;METTL17;ZNF622;PHF6;PYM1;NCLN;PRPF31;IFRD2;CPEB1;CD2BP2;SRP9;CPEB2;SEC61G;SEC61B;LEMD3;SND1;BOP1;SNRPB;NAA15;EZH2;ZNF574;SBDS;YTHDF1;HNRNPU;EIF6;G3BP1;EIF5A;PRMT5;MPV17L2;LETM1;TTC5;ZNF593;PRPF6;C1QBP;ABCE1;NMD3;GEMIN5;NPM1;ABCF1;TACO1;SERBP1;BAG6;SRP19;HABP4;YTHDF3;UNG;SEC61A2;DDX5;UCHL1;NDUFAB1;FMR1;ERI1;CPSF6;TOP2B;IMPACT;TMEM223;STRAP;USP16;DHX29;CPEB4;OLA1;AFG2A;SRP68;SNRPD1;GTPBP10;STAU2;CCDC47"
"GOMF_RIBOSOMAL_LARGE_SUBUNIT_BINDING",0.96171875,1,-0.276850227037234,-0.631477996707446,3692,19,"MALSU1;CPEB2;ZNF574;EIF6;MPV17L2;NMD3;NPM1;NDUFAB1;CPSF6;OLA1;GTPBP10"
"GOMF_RIBOSOMAL_PROTEIN_S6_KINASE_ACTIVITY",0.794381763757771,1,-0.413639130429324,-0.72405960825559,3449,6,"RPS6KA4;RPS6KA6;RPS6KA1;RPS6KB2"
"GOMF_RIBOSOMAL_SMALL_SUBUNIT_BINDING",0.564322916666667,1,-0.40334679746105,-0.920008736726853,2166,19,"DDX3X;NME1;CPEB2;G3BP1;ABCE1;NPM1;UNG;USP16;DHX29;RBFA;MTIF2;EIF1;ERAL1;EIF1B;PTCD3;MCTS1;MTIF3;LARP1;PIM1"
"GOMF_RIBOSOME_BINDING",0.885650224215247,1,-0.273672999346594,-0.847879297114248,2369,111,"NOMO3;SLFN12;UQCC5;ZC3H12A;EIF3C;DNAJC2;NAA10;MALSU1;DDX3X;ZNF598;EIF2S1;PELO;NME1;METTL17;PYM1;NCLN;IFRD2;CPEB1;CPEB2;SEC61G;SEC61B;NAA15;ZNF574;SBDS;YTHDF1;EIF6;G3BP1;EIF5A;MPV17L2;LETM1;TTC5;C1QBP;ABCE1;NMD3;GEMIN5;NPM1;ABCF1;TACO1;SERBP1;BAG6;SRP19;HABP4;YTHDF3;UNG;SEC61A2;UCHL1;NDUFAB1;FMR1;ERI1;CPSF6;IMPACT;TMEM223;USP16;DHX29;CPEB4;OLA1;SRP68;GTPBP10;STAU2;CCDC47"
"GOMF_RISC_COMPLEX_BINDING",0.883620689655172,1,-0.362413010880849,-0.610024055042665,3894,5,"SND1;DHX9;XPO5;CSDE1;NEAT1"
"GOMF_RNA_2_O_METHYLTRANSFERASE_ACTIVITY",0.977364784369788,1,-0.250999846177511,-0.493052230927989,4101,10,"HENMT1;FTSJ3;FBL;MRM2;MRM1;FBLL1;FTSJ1;TRMT13;MRM3;BCDIN3D"
"GOMF_RNA_7_METHYLGUANOSINE_CAP_BINDING",0.951847517137602,1,0.312872581823776,0.610129596007104,5692,13,"EIF4E1B;LARP1;DCPS;CYFIP1;AGO2;EIF4E2;NCBP3;CYFIP2;NCBP2;EIF4E3;GEMIN5;EIF4E;NCBP1"
"GOMF_RNA_CAP_BINDING",0.924266247379455,1,-0.299184427175502,-0.689324745960031,3526,20,"IFIT5;NCBP1;EIF4E;GEMIN5;EIF4A1;EIF4E3;NCBP2;CYFIP2;EIF3D;NCBP3;EIF4E2;AGO2;MCTS1;CYFIP1;DCPS;SNUPN;LARP1;LARP1B;EIF4G3;EIF4E1B"
"GOMF_RNA_DIRECTED_DNA_POLYMERASE_ACTIVITY",0.208392603129445,1,-0.680206094162577,-1.26813700024943,878,8,"TERC;TERT"
"GOMF_RNA_DNA_HYBRID_RIBONUCLEASE_ACTIVITY",0.664057103384757,1,-0.480698246693325,-0.841444047686364,2883,6,"EXO1;FEN1;APEX1;RNASEH1;RNASEH2A;NYNRIN"
"GOMF_RNA_ENDONUCLEASE_ACTIVITY",0.842641780330223,1,0.3064693517294,0.806422904265315,5868,70,"ENDOU;PIWIL1;PIWIL3;ANG;ERN1;ZC3H12C;STK31;RNASE4;RNASET2;ZC3H12B;ERN2;KHNYN;MBLAC1;ZC3H12D;RPPH1"
"GOMF_RNA_ENDONUCLEASE_ACTIVITY_PRODUCING_5_PHOSPHOMONOESTERS_HYDROLYTIC_MECHANISM",0.716477272727273,1,-0.336871826496428,-0.853206347716589,2521,32,"PLD6;PRORP;EXO1;RPP40;PPP1R8;NUDT16;NUDT16L1;RPP25;ELAC2;RPP21;RPP14;DROSHA;FEN1;AGO3;POP1;APEX1;RNASEH1;MRPL44;POP5;RNASEH2A;DICER1"
"GOMF_RNA_EXONUCLEASE_ACTIVITY",0.78332337118948,1,-0.310408564057145,-0.841851419365656,2620,45,"EXOSC3;ZC3H12A;NOCT;ERI3;EXOSC8;PARN;TOE1;CNOT2;EXOSC9;ISG20L2;DIS3L;EXOSC2;REXO2;ISG20;HELZ2;EXD2;PDE12;ERI1;POLRMT;DIS3L2;XRN2;EXOSC10;EXOSC4;USB1;EXOSC5;EXOSC1;EXOSC7;CPSF3;MYG1;CNOT8;ERI2;DIS3;PNPT1;SUPV3L1;DCPS;CNOT7;EXOSC6;CNOT1;PAN3;CNOT6L;CNOT6;PNLDC1;XRN1;DCP2;PAN2"
"GOMF_RNA_EXONUCLEASE_ACTIVITY_PRODUCING_5_PHOSPHOMONOESTERS",0.799410029498525,1,-0.31034881034881,-0.824407386316802,2709,40,"EXOSC3;NOCT;ERI3;PARN;TOE1;CNOT2;EXOSC9;ISG20L2;DIS3L;EXOSC2;REXO2;ISG20;HELZ2;EXD2;PDE12;ERI1;POLRMT;DIS3L2;XRN2;EXOSC10;EXOSC4;USB1;EXOSC5;EXOSC7;CPSF3;MYG1;CNOT8;ERI2;DIS3;PNPT1;SUPV3L1;CNOT7;CNOT1;PAN3;CNOT6L;CNOT6;PNLDC1;XRN1;DCP2;PAN2"
"GOMF_RNA_FOLDING_CHAPERONE",0.903663985701519,1,0.395862970510208,0.632551428887944,5055,5,"MCAT;NOA1;MTERF4;ERAL1;WRAP53"
"GOMF_RNA_METHYLTRANSFERASE_ACTIVITY",1,1,-0.159216584547558,-0.460723657764542,3066,68,"METTL15P1;TMT1A;NSUN5;TRMT5;EMG1;HENMT1;SPOUT1;TRMT61B;LCMT2;TRMT61A;TFB2M;THUMPD2;DIMT1;TFB1M;METTL2B;TRMT1;NSUN3;NSUN2;BUD23;TGS1;METTL15;CMTR1;NOP2"
"GOMF_RNA_NUCLEASE_ACTIVITY",0.999729473826593,1,0.223486762740419,0.628540773396947,7390,120,"ENDOU;PIWIL1;RNASE6;PIWIL3;ANG;ERN1;ZC3H12C;STK31;RNASE4;RNASET2;ZC3H12B;ERN2;KHNYN;SAMHD1;MBLAC1"
"GOMF_RNA_POLYMERASE_ACTIVITY",0.548285714285714,1,-0.367855714753135,-0.938990600846377,1918,33,"TERT;MED21;PRIMPOL;POLR2F;POLR3H;POLR3K;POLR1D;POLR1B;POLR3G;POLR1C;POLR3B;POLR2E;MED20;POLR1A;POLR2L;POLR2J;POLR2C;POLR1H;POLRMT"
"GOMF_RNA_POLYMERASE_BINDING",0.982592159157402,1,0.259487065414582,0.667318751800127,6716,60,"RRN3P2;TCERG1L;ESRRB;UVSSA;STOM;SMYD2;TAF10;ANP32B;NEDD4;SPTY2D1;WAC;SUPT4H1;CCNT1;SMYD3;NCOA3;BRCA1;RPAP2;TCERG1"
"GOMF_RNA_POLYMERASE_CORE_ENZYME_BINDING",1,1,0.198791005698444,0.483884122998215,6625,42,"RRN3P2;ESRRB;UVSSA;SMYD2;SPTY2D1;WAC;SUPT4H1;SMYD3;NCOA3;RPAP2;ELP2;SCAF8;BRD4;PCF11;CTR9;SCAF4;AGO2;PCIF1;RTRAF;RPRD1A;RPRD2;GTF2B;PAF1;URI1;RPRD1B;DHX9;WDR43;RECQL5;GPN1;ERCC5;ELOF1;MAF1;SCAF1;LEO1;POLR2M;HNRNPU;CDC73;CCAR2;RRN3;AGO1;ZNF326"
"GOMF_RNA_POLYMERASE_I_CORE_PROMOTER_SEQUENCE_SPECIFIC_DNA_BINDING",0.510431484115695,1,-0.522784640728757,-0.974649524254023,2152,8,"SMARCA4;TAF1C;RRN3;SMARCB1;TAF1B;UBTF;TBP"
"GOMF_RNA_POLYMERASE_I_GENERAL_TRANSCRIPTION_INITIATION_FACTOR_ACTIVITY",0.431456657730116,1,0.67522682334989,1.07894833250746,2413,5,"RRN3P2;UBTF;RRN3;TAF1;TAF1C"
"GOMF_RNA_POLYMERASE_I_TRANSCRIPTION_REGULATORY_REGION_SEQUENCE_SPECIFIC_DNA_BINDING",0.355253752680486,1,-0.557703162438371,-1.09552572490967,1490,10,"CEBPA;SMARCA4;TAF1C;RRN3;SMARCB1;TAF1B"
"GOMF_RNA_POLYMERASE_II_C_TERMINAL_DOMAIN_BINDING",0.626876340243031,1,-0.446585140747577,-0.877250736596711,2630,10,"HNRNPU;LEO1;SCAF1;RPRD1B;RPRD2;RPRD1A;PCIF1;SCAF4;BRD4;SCAF8"
"GOMF_RNA_POLYMERASE_II_CORE_PROMOTER_SEQUENCE_SPECIFIC_DNA_BINDING",0.944426546391753,1,0.30297817526329,0.652660448273174,5862,21,"PAX6;GBX2;STAT1;AR;REST;POU2F1;RFX7;HDAC1;GTF2B;TBPL1;TBP;FOS;H3-3A;CEBPB;RELA;H3-3B;RUVBL2;EZH2;H2AZ1;TAF1;GTF2A1"
"GOMF_RNA_POLYMERASE_II_CTD_HEPTAPEPTIDE_REPEAT_KINASE_ACTIVITY",0.827065809005443,1,-0.363279747711715,-0.743577917813918,3342,12,"CDK9;CDK8;CDK1;CDK7;CDK13;CDK12;CDK11B;CDK11A;MAPK1;CCNK;BRD4;DYRK1A"
"GOMF_RNA_POLYMERASE_II_CTD_HEPTAPEPTIDE_REPEAT_MODIFYING_ACTIVITY",0.903004744333158,1,-0.307121148001385,-0.715733223078322,3425,21,"CDK9;CDK8;CTDP1;CDK1;PPP2CA;PPP1CA;CTDSPL2;CDK7;CDK13;CDK12;CDK11B;CTDSP1;SSU72;CDK11A;MAPK1;CCNK;CTDSP2;BRD4;RPAP2;DYRK1A;CTDSPL"
"GOMF_RNA_POLYMERASE_II_CTD_HEPTAPEPTIDE_REPEAT_PHOSPHATASE_ACTIVITY",0.933317513051732,1,-0.306979427033263,-0.588793106748563,3932,9,"CTDP1;PPP2CA;PPP1CA;CTDSPL2;CTDSP1;SSU72;CTDSP2;RPAP2;CTDSPL"
"GOMF_RNA_POLYMERASE_II_GENERAL_TRANSCRIPTION_INITIATION_FACTOR_ACTIVITY",0.654049295774648,1,-0.336285877474789,-0.889524036559201,2228,39,"PRRX1;TAF7L;TAF12;GTF2H4;BRF2;TAF11;GTF2H3;TAF5;SNAPC4;GTF2E1;GTF2A1;CCNH;GTF2A2;TAF1"
"GOMF_RNA_POLYMERASE_II_GENERAL_TRANSCRIPTION_INITIATION_FACTOR_BINDING",0.981525720656155,1,0.269131622484706,0.590956305304518,6162,23,"FOXF2;GTF2F1;AHR;AR;TCF4;TAF7;NOP58;TBP;EDF1;RUVBL1;ZNHIT6;DRAP1;GTF2E2;FBL;TP53;ERCC4;RUVBL2;CTDP1;HNRNPU;TAF1;ERCC1;GTF2A2;GTF2A1"
"GOMF_RNA_POLYMERASE_II_INTRONIC_TRANSCRIPTION_REGULATORY_REGION_SEQUENCE_SPECIFIC_DNA_BINDING",0.597399527186761,1,-0.497443779514377,-0.896697870704937,2526,7,"VAX1"
"GOMF_RNA_POLYMERASE_II_SPECIFIC_DNA_BINDING_TRANSCRIPTION_FACTOR_BINDING",0.813923756392376,1,0.289136250765626,0.886479410471623,7002,337,"KDM5D;SOX17;TAL1;SP100;EN2;NKX2-5;EOMES;PROX1;TCF23;FOXA2;TBX3;GATA4;TBX5;FOXC1;GATA6;PDX1;PARP9;STING1;MEF2C;MIXL1;CD34;GATA3;TBX6;EGR2;TBXT;DLL1;PITX2;HNF4A;ID2;FOXP3;GBX2;SPI1;PRKCB;HES1;GSC;NFATC1;PPARG;ESRRB"
"GOMF_RNA_POLYMERASE_II_TRANSCRIPTION_REGULATORY_REGION_SEQUENCE_SPECIFIC_DNA_BINDING",0.568933823529412,1,0.305220260486376,0.98457628875828,5570,1214,"PEG3;UTY;ZFY;SRY;SOX17;FOXB2;TAL1;EVX1;EBF2;DMBX1;HSFX4;BHLHE22;MYT1L;DLX1;BHLHA9;FOXD4;ZBTB20;HOXB2;EN2;GFI1;TPRX2;ZNF556;SOX14;SP5;EGR3;GATA5;OSR1;NKX2-5;OLIG3;ZSCAN5C;ZIC4;FOXQ1;HOXB1;SP9;RAX2;DPRX;EOMES;TFEC;POU4F2;TBX4;EBF1;FOXE1;NR2E1;HSF4;DMRTC2;PROX1;NEUROG1;TCF23;BHLHE23;FOXA2;IKZF3;ZNF491;HOXD1;TBX3;GATA4;SIX6;PROX2;CDX1;TBX5;FOXC1;GATA6;LMX1B;PITX3;ZHX3;HNF1B;GCM2;SKOR1;SP7;FOXP2;ZIC1;PDX1;TLX1;TAL2;PAX5;HMX3;ZNF709;TBX10;NR1I3;IRX1;ESR2;CREB3L3;EBF3;PAX7;MEF2C;PHOX2A;PRDM1;AIRE;DMRT1;CDX4;ASCL1;NR5A1;SIX3;FLI1;SOX21;MIXL1;FOXI2;RBPJL;RFX8;RAX;ETV7;IRX5;POU3F3;NR5A2;PAX8;POU4F3;FEZF1;CARF;NTN1;TFAP2E;MSX1;GATA3;CDX2;MYF6;SOX18;MAFB;TBX6;EGR2;PLAGL1;ZNF774;EGR1;SP8;KDM6B;ZNF705EP;POU3F2;ONECUT2;TWIST1;TBXT;PITX2;IRF8;TBX1;NANOGP1;HNF4A;RHOXF1;SIM2;ZNF75D;ZNF750;GRHL3;PAX6;MSX2;TFAP2C;TFEB;FOXF2;NKX3-2;OVOL3;IRF5;MEOX2;LHX5;NEUROG3;NFATC4;FOXD1;ZNF283;FOXP3;GBX2;NKX2-6;GZF1;NFKB2;LHX1;HDX;ZBTB49;ZNF425;KLF9;POU6F1;SPI1;ZNF514;RFX2;ZNF415;ZNF483;ALX1;NPAS3;ZNF516;CREBRF;OTX1;TWIST2;ZNF701;HES1;FOXE3;HES3;TEF;GSC;NFATC1;PPARG;NOTO"
"GOMF_RNA_POLYMERASE_III_GENERAL_TRANSCRIPTION_INITIATION_FACTOR_ACTIVITY",0.703364670954973,1,-0.408045534958849,-0.835206617404792,2842,12,"SNAPC4;GTF3C6;GTF3C5;SNAPC5;BRF1;GTF3C2;GTF3C4;TBP;GTF3C3;SNAPC3;SNAPC1;GTF3C1"
"GOMF_RNA_POLYMERASE_III_TRANSCRIPTION_REGULATORY_REGION_SEQUENCE_SPECIFIC_DNA_BINDING",0.794799054373522,1,-0.407288882685443,-0.734183618141463,3361,7,"BRF2;SNAPC4;MAF1;BRF1"
"GOMF_RNA_POLYMERASE_INHIBITOR_ACTIVITY",0.964384508990318,1,0.309505498731062,0.54653208983766,5577,8,"UVSSA;SUPT4H1;NELFA;NELFE;NELFB;NELFCD;DDX21;SUPT5H"
"GOMF_RNA_SEQUESTERING_ACTIVITY",0.465542256075444,1,0.686014665720633,1.05891392683294,2566,4,"ZAR1;IFIT1;ADARB2;STAT3"
"GOMF_RNA_STEM_LOOP_BINDING",0.994072122509468,1,0.241960283770736,0.49307354757921,6036,16,"CPEB3;RC3H1;LARP6"
"GOMF_ROUNDABOUT_BINDING",0.8830182010956,1,0.399610868340245,0.661947708217779,4996,6,"SLIT2;SLIT3;SLIT1;LGR6"
"GOMF_RRNA_ADENINE_METHYLTRANSFERASE_ACTIVITY",0.926713947990544,1,-0.319255766475125,-0.575494111692362,3919,7,"TRMT61B;TFB2M;DIMT1;TFB1M"
"GOMF_RRNA_BINDING",0.0121037463976945,1,0.566849287538988,1.48751178673268,83,69,"RPS4Y1;ANG"
"GOMF_RRNA_CYTOSINE_METHYLTRANSFERASE_ACTIVITY",0.244328493647913,1,-0.739049821495035,-1.24399002091893,1076,5,"METTL15P1"
"GOMF_RRNA_URIDINE_METHYLTRANSFERASE_ACTIVITY",0.871823956442831,1,-0.371832827098312,-0.625879761968769,3842,5,"SPOUT1;FTSJ3;MRM2;FDXACB1;TRMT2B"
"GOMF_RS_DOMAIN_BINDING",0.374856090260189,1,-0.635961598471516,-1.1132266557493,1627,6,"U2AF1;SRSF12;SRSF1;LUC7L"
"GOMF_S_ACYLTRANSFERASE_ACTIVITY",0.990719910011249,1,-0.238603248374715,-0.600985810767004,3522,31,"ZDHHC14;ZDHHC11;FASN;ZDHHC15;ZDHHC19;ZDHHC6;ZDHHC24;GLUL;ZDHHC20;ZDHHC9"
"GOMF_S_ADENOSYL_L_METHIONINE_BINDING",0.754767660488853,1,-0.346410077331471,-0.82105445673322,2809,23,"ENSG00000274276;PRMT8;GNMT;SPOUT1;METTL17;SAMTOR;TFB1M"
"GOMF_S_ADENOSYLMETHIONINE_DEPENDENT_METHYLTRANSFERASE_ACTIVITY",1,1,0.131602440185999,0.381413853271208,7686,163,"PRDM6;PRDM7;NSUN5P2;TRMT9B;KMT2C;INMT;ETFBKMT;ASH1L;NSUN6;KMT5A;SETBP1;METTL4;COMTD1;TARBP1;PCMTD1;RNMT;TRDMT1;MRM3;METTL14;TRMO;METTL25B"
"GOMF_S_METHYLTRANSFERASE_ACTIVITY",0.117348173239777,1,-0.674697951392943,-1.35703938483997,484,11,"BHMT2"
"GOMF_S100_PROTEIN_BINDING",0.493906988311365,1,-0.46451660130079,-0.972306824754596,1985,13,"FGF1;KCNK3"
"GOMF_SALT_TRANSMEMBRANE_TRANSPORTER_ACTIVITY",0.923484714613889,1,0.362017307414332,0.599674698472044,5225,6,"SLC17A3;SLC22A13"
"GOMF_SCAFFOLD_PROTEIN_BINDING",0.353625269203159,1,0.402701487081514,1.0596416931471,2462,70,"NLGN4Y;CD163;KRT15;DLL1;ADCY5;ITPR2;DSP;PLCG2;PANX1;IL6ST;ATP2B4;GRIA1;CASP8;CIT"
"GOMF_SCAVENGER_RECEPTOR_ACTIVITY",0.538318336953149,1,0.411780520606915,0.952429966769451,3469,31,"DMBT1;CD163;ENDOU;MSR1;STAB2;PRG4;CD36;CXCL16;VTN;ACKR3"
"GOMF_SECONDARY_ACTIVE_MONOCARBOXYLATE_TRANSMEMBRANE_TRANSPORTER_ACTIVITY",0.589659147044294,1,0.450878001938244,0.91881201524696,3580,16,"SLC10A2;SLC6A12;SLC32A1;SLC16A7"
"GOMF_SECONDARY_ACTIVE_SULFATE_TRANSMEMBRANE_TRANSPORTER_ACTIVITY",0.812707444286392,1,-0.386548138704597,-0.720658049487699,3427,8,"SLC26A4"
"GOMF_SECONDARY_ACTIVE_TRANSMEMBRANE_TRANSPORTER_ACTIVITY",0.516978851963746,1,0.326529275107387,0.982491292049067,4277,255,"SLC5A4;SLC34A3;SLC26A10P;SLC11A1;SLC22A4;SLCO2B1;SLC17A8;SLC28A3;SLC12A3;SLC22A11;SLC18A3;SLC34A1;SLC10A2;SLC17A3;SLC36A2;SLCO6A1;SLC6A12;SLC37A2;SLC1A2;SLC25A18;SLC35E2A;SLC24A5;SLC26A1;SLC32A1;MFSD2B;SLC16A4;SLC6A2;SLC16A14;SLC9B1;SLC4A4;SLC46A3;SLC12A1;SLC10A7;MFSD1;SLC16A7;SLC12A7;SLC39A5;SLCO1B1;SLC7A9;SLC6A20;SLC1A4;SLC34A2;SLC36A1;SLC4A10;SLC39A4;SLC46A2;SLC35A1;SLC13A4;SLC9A9;SLC4A1;SLC45A1;SLC44A5;SLC8A3;SLC13A5;SLC8A2;SLC26A2;SLC22A5;CLCN7;SLC15A1;SLC24A3;SLC15A4;MFSD4B"
"GOMF_SELENIUM_BINDING",0.791465100207326,1,0.424160156661638,0.765978674584589,4580,9,"DIO2;RPH3A;SELENOP"
"GOMF_SEMAPHORIN_RECEPTOR_ACTIVITY",0.911962198458095,1,-0.318813234292459,-0.667326598568474,3666,13,"PLXNB3;MET;PLXNA4;TREM2"
"GOMF_SEMAPHORIN_RECEPTOR_BINDING",0.857142857142857,1,0.33876617520047,0.749419117173205,5387,24,"RIT2;SEMA6D;SEMA3E;SEMA3D;SEMA4A;SEMA5B;SEMA7A"
"GOMF_SEQUENCE_SPECIFIC_DNA_BINDING",0.871065681611173,1,0.283291941496549,0.917251405939665,8606,1519,"PEG3;UTY;ZFY;SRY;SOX17;FOXB2;TAL1;EVX1;EBF2;DMBX1;HSFX4;BHLHE22;MYT1L;SHOX;DLX1;BHLHA9;FOXD4;ZBTB20;HOXB2;EN2;GFI1;TPRX2;ZNF556;SOX14;SP5;SOHLH1;EGR3;GATA5;OSR1;MAEL;NKX2-5;OLIG3;ZSCAN5C;ZIC4;FOXQ1;HOXB1;SP9;RAG2;RAX2;DPRX;EOMES;TFEC;POU4F2;TBX4;EBF1;FOXE1;VSX1;SHOX2;NR2E1;HSF4;ERBB4;TLX2;TLX3;DMRTC2;PROX1;NEUROG1;TCF23;BHLHE23;FOXA2;IKZF3;ZNF491;HOXD1;TBX3;MNX1;GATA4;SIX6;PROX2;CDX1;TBX5;FOXC1;GATA6;LMX1B;PITX3;ZHX3;HNF1B;MYRFL;GCM2;SKOR1;SP7;FOXP2;ZIC1;PDX1;TLX1;TAL2;PAX5;HMX3;ZNF709;TBX10;NR1I3;IRX1;ESR2;CREB3L3;EBF3;PAX7;SPDEF;BNC1;MEF2C;PHOX2A;PRDM1;AHRR;AIRE;DMRT1;CDX4;ASCL1;NR5A1;SIX3;FLI1;SOX21;MIXL1;FOXI2;RBPJL;RFX8;RAX;ETV7;IRX5;POU3F3;NR5A2;PAX8;POU4F3;FEZF1;CARF;NTN1;TFAP2E;MSX1;GATA3;CDX2;MYF6;SOX18;MAFB;TBX6;EGR2;PLAGL1;ZNF774;EGR1;ZGLP1;ZNF658B;SP8;KDM6B;ZNF705EP;POU3F2;ONECUT2;TWIST1;TBXT;PITX2;IRF8;TBX1;NANOGP1;HNF4A;RHOXF1;SIM2;ZNF75D;ZNF750;GRHL3;PAX6;MSX2;TFAP2C;TFEB;FOXF2;NKX3-2;OVOL3;IRF5;MEOX2;LHX5;NEUROG3;CHD3;NFATC4;FOXD1;ZNF283;FOXP3;GBX2;NKX2-6;GZF1;NFKB2;LHX1"
"GOMF_SEQUENCE_SPECIFIC_MRNA_BINDING",0.992260826609583,1,0.244271198290275,0.49778279490916,6025,16,"DHFRP1;NOVA1;LARP6"
"GOMF_SEQUENCE_SPECIFIC_SINGLE_STRANDED_DNA_BINDING",0.833872171101716,1,-0.356447828929657,-0.74610176636689,3352,13,"RPA2;TERF2IP;TERF2;RAD50;HNRNPA2B1;RPA1;PCBP1;CTC1;HNRNPA1;NABP2;TERF1;POT1;STN1"
"GOMF_SERINE_HYDROLASE_ACTIVITY",0.456830316447454,1,0.346321837635901,1.00246802748445,3507,161,"CFB;KLK3;GZMB;PRSS51;PRSS46P;TPSAB1;ENDOU;KLK15;F2;KLK4;PLG;PRSS57;CELA2A;KLK11;PRSS33;RBP3;OVCH2;TMPRSS5;AZU1;PRSS42P;PROC;KLK7;MASP1;PRSS22;PCSK2;TMPRSS11E;RHBDL2;PRRG3;ACR;TMPRSS13;NAALAD2;TMPRSS3;HTRA4;TLL2;HPN;TMPRSS15;TPSG1;PCSK1;DPP4;KLK6;MASP2;PCSK4"
"GOMF_SERINE_TYPE_CARBOXYPEPTIDASE_ACTIVITY",0.717068811438785,1,0.522242300742051,0.834493595433657,4011,5,"SCPEP1;CTSA;PRCP;CPVL;CPD"
"GOMF_SERINE_TYPE_ENDOPEPTIDASE_INHIBITOR_ACTIVITY",0.492496392496392,1,0.376168539553032,0.981792745074637,3412,66,"WFIKKN2;SERPINA1;ITIH1;ITIH2;A2M;ITIH6;SERPINB3;SERPINF2;SERPINB4;SERPINE3;SPINK5;SERPINB9;WFDC5;COL6A3;PCSK1N;WFDC10B;COL28A1;HMSD;TFPI;PAPLN;SERPINA11;TFPI2;SERPINB1;WFIKKN1"
"GOMF_SERINE_TYPE_EXOPEPTIDASE_ACTIVITY",0.626006711409396,1,0.463290397965189,0.890754045570055,3730,12,"HPN;SCPEP1;F11;CTSA;TPP1;PRCP;ACE;PRSS16;CPVL"
"GOMF_SEROTONIN_BINDING",0.404220009483167,1,-0.574542451497109,-1.07114380069543,1704,8,"SLC6A4;HTR4"
"GOMF_SEROTONIN_GATED_MONOATOMIC_CATION_CHANNEL_ACTIVITY",0.869310912081886,1,0.461685086010255,0.67862935953951,4755,3,"CHRNA10;HTR3A"
"GOMF_SEROTONIN_RECEPTOR_ACTIVITY",0.531575127026373,1,-0.473338651051558,-0.952039635688604,2196,11,"HTR4;HTR5A"
"GOMF_SH2_DOMAIN_BINDING",0.802279635258359,1,0.333114674703107,0.799269983262498,5278,38,"BLNK;SIGLEC10;KHDRBS2;GHR;INPPL1;SYNGR3;SIT1;FGFR1;TRPV4;KIT"
"GOMF_SH3_DOMAIN_BINDING",1,1,-0.135283375918975,-0.419675578077874,2665,112,"MYPN;ARHGAP6;SGIP1;SHANK1;DTX1;LYN;SH3BGR;MAPK15;HCLS1;PLSCR4;ADAM19;INPP5J"
"GOMF_SHORT_CHAIN_CARBOXYLESTERASE_ACTIVITY",0.446368616363315,1,0.64280597442857,1.06479571831714,2525,6,"ABHD15;SIAE;ABHD3;CEL"
"GOMF_SIALIC_ACID_BINDING",0.543053001170373,1,0.488080000633962,0.951799776989331,3247,13,"CD22;SIGLEC11;CD33;SIGLEC10"
"GOMF_SIALYLTRANSFERASE_ACTIVITY",0.949314714248772,1,-0.28630431431571,-0.645299171724022,3670,18,"ST8SIA4;ST8SIA2;ST3GAL1"
"GOMF_SIGNAL_PEPTIDASE_ACTIVITY",0.71937386569873,1,-0.4709523626437,-0.792720629134055,3170,5,"IMMP2L;PMPCB;SEC11C;FURIN;SEC11A"
"GOMF_SIGNAL_RECOGNITION_PARTICLE_BINDING",0.855618776671408,1,-0.366030915942475,-0.682406923027212,3608,8,"DERL2;SRP9;SRP68;RHBDD2;SRPRA;DERL3;SRP72;DERL1"
"GOMF_SIGNAL_SEQUENCE_BINDING",0.488982161594963,1,0.398199044132204,0.984802791053234,3261,46,"POM121L2;NPAP1;POM121B"
"GOMF_SIGNALING_ADAPTOR_ACTIVITY",1,1,0.199762007923772,0.567620868974388,7513,132,"CD3E;BLNK;ROPN1B;GRAPL;CDH5;STING1;SLA2;BANK1;CARD14;GRIP1;CARD9;MAPK8IP2"
"GOMF_SIGNALING_RECEPTOR_BINDING",0.997452099470037,1,0.254626604341291,0.822076104946116,9786,1263,"NLGN4Y;MR1;CD22;MICOS10-NBL1;FGF10;IL1RAPL1;CD274;OSTN;WFIKKN2;TG;IL12B;RIMBP3;TIGIT;APOA5;ABCA12;IGFBP1;FGF17;CLEC7A;CACNG3;ENDOU;QRFP;CD226;SAA1;SAG;GHRH;CD3E;SYTL3;TRH;BLNK;CXCL8;TCIM;KL;CCL22;A2M;F2;IL7;PLA2G2C;FYB1;PLG;GIP;VCAM1;CX3CR1;ERBB4;PACRG;REG1A;REN;CCL25;APOA2;CLEC4D;RIT2;XCL1;JAML;CRH;RLN3;NPB;BMP5;AVPR1A;WNT7B;GRAPL;FGF21;IL37;CXCL11;GNAT2;ITGAM;CD8A;NOTCH2NLB;CDH5;DLL4;NTS;AMH;ITGB2;CASR;HLA-H;CCL5;NPFF;KAZALD1;ESR2;HBA1;BGLAP;ITGAX;TF;IL15;TAFA2;LTB;INHBA;C1QTNF9;CXCL2;PTPRC;FGF4;NOTCH2NLA;BTN2A3P;NCR3LG1;INHBC;ARRB1;S100A4;WNT9B;GMFG;ANG;PDZK1P1;CMTM5;KLB;CD36;GABRG1;TLR5;WNT4;MSMP;FGF23;NPY;IL32;IZUMO1;NGF;HCST;CGB3;GDNF;GATA3;ANKS1B;PLXNC1;FBN3;BTN3A2;AREG;SYNDIG1;BANK1;ANGPTL6;TLR6;ADRA2A;TNFSF10;GFAP;CXCL1;CRIPTO3;CAMK2A;ADM5;FGF9;DLL1;CXCL16;CXCL6;BTN3A3;NECTIN4;OSGIN1;APLN;ERFE;HNF4A;GDF7;ERN1;CALCB;PDGFA;DMTN;LHB;ULBP1;IAPP;LANCL1;POMC;SRMS;VTN;IL6;CFC1;GDF1;WNT5A;CADM1;RTP1;EFNA1;GFRA3;BMP8B;NOL3;PCSK1N;FAM3D;DHH;ACTN3;NXPH1;DKK1;TNFSF13;ITGB3;RTP3;LAMA3;CLIC6;ECM1;SHISA6;DSCAM;MADCAM1;SEMA6D;ERMAP;CD48;FN1;IGFL2;TAP1;MOG;BMP3;CACNG8;SEMA3E;ERAP1;DAB2;ALCAM;UCN2;NRG3;P2RX7;TENM2;IL1A;NMB;CXCL14;THNSL2;HLA-G;NRXN3;PTCH1;GFRA1;CCN3;FLT3LG;ITGA2;JAG1;PLPP3;SYTL1;IGFBP5;CTF1;LAMA4;F2RL1;EDIL3;LGALS9;HLA-F;IL18;DPP4;PRKCA;ANKRA2;VGF;SYTL2;FST;CXCL5;TNFSF4;GH2;ASXL3;FBN1;EMILIN1;HLA-A;FAM3B"
"GOMF_SIGNALING_RECEPTOR_COMPLEX_ADAPTOR_ACTIVITY",0.837761194029851,1,0.317030388466906,0.789280501855673,5612,48,"CD3E;BLNK;ROPN1B;CDH5"
"GOMF_SIGNALING_RECEPTOR_INHIBITOR_ACTIVITY",0.97018927444795,1,0.280490808489892,0.629812829070585,6150,26,"WFIKKN2;CCL5;ESR2;DKK1;FST;WFIKKN1;DKKL1;PXDN"
"GOMF_SIGNALING_RECEPTOR_REGULATOR_ACTIVITY",0.981560125167635,1,0.258129851255643,0.80570928940775,8782,450,"MICOS10-NBL1;FGF10;CD274;OSTN;WFIKKN2;TG;IL12B;FGF17;ENDOU;QRFP;GHRH;TRH;CXCL8;KL;CCL22;F2;IL7;GIP;REG1A;CBLN2;CCL25;APOA2;XCL1;CRH;RLN3;BMP5;WNT7B;FGF21;IL37;CXCL11;DLL4;NTS;AMH;CCL5;NPFF;KAZALD1;ESR2;BGLAP;IL15;TAFA2;LTB;INHBA;GRID1;C1QTNF9;CXCL2;FGF4;NCR3LG1;INHBC;S100A4;WNT9B;GMFG;ANG;CMTM5;WNT4;MSMP;FGF23;NPY;IL32;IZUMO1;NGF;CGB3;GDNF;FBN3;AREG;TNFSF10;CXCL1;CRIPTO3;ADM5;FGF9;DLL1;CXCL16;CXCL6;NECTIN4;OSGIN1;APLN;ERFE;GDF7;CALCB;PDGFA;LHB;ULBP1;IAPP;POMC;IL6;GDF1;WNT5A;EFNA1;BMP8B;PCSK1N;FAM3D;DKK1;TNFSF13;SEMA6D;CD48;FN1;BMP3;SEMA3E;UCN2;NRG3;IL1A;NMB;CXCL14;THNSL2;NRXN3;CCN3;FLT3LG;JAG1;IGFBP5;CTF1;LGALS9;IL18;DPP4;VGF;FST;CXCL5;TNFSF4;GH2;FBN1"
"GOMF_SINGLE_STRANDED_DNA_3_5_DNA_EXONUCLEASE_ACTIVITY",0.878486997635934,1,-0.355621522722186,-0.641047441608656,3715,7,"MEIOB;POLE;POLG;ISG20;EXD2"
"GOMF_SINGLE_STRANDED_DNA_5_3_DNA_EXONUCLEASE_ACTIVITY",0.208030852994555,1,-0.758119596842458,-1.27608881797346,916,5,"PLD4"
"GOMF_SINGLE_STRANDED_DNA_BINDING",0.139922480620155,1,-0.364944587060082,-1.14531937664772,360,122,"RPA4;SHOC1;JCHAIN;TREX1;MEIOB;SSBP4;CRY2;RAD51;POLA1;TWNK;FUBP3;MMS22L;SMARCA1;MCM5;PCBP3;RNF138;MAPT;CDC45;POLR2G;RAD54L;MCM2;FUBP1;RADX;ERCC1;MCM6;RPA2;TERF2IP;TERF2;TOP1;HNRNPU;REXO4;RAD50;SSBP1;SPRTN;YBX1;BLM;MSH3;ERCC4;HNRNPA2B1;RAD51B;MCM4;TSN;TOP3A;HMGB1;SUB1;RPA1;MCM7;TP53;PCBP1;HSPD1;RTF1"
"GOMF_SINGLE_STRANDED_DNA_ENDODEOXYRIBONUCLEASE_ACTIVITY",0.893369619000495,1,-0.330974540419968,-0.677454113985452,3610,12,"EXOG;ERCC1;SND1;RAD50;ERCC4;RBBP8;ENDOG;MRE11;SETMAR;ASTE1;XRCC1;DCLRE1C"
"GOMF_SINGLE_STRANDED_DNA_EXODEOXYRIBONUCLEASE_ACTIVITY",0.312363900314541,1,-0.562042207829085,-1.13045164935187,1290,11,"PLD4"
"GOMF_SINGLE_STRANDED_DNA_HELICASE_ACTIVITY",0.815202793446146,1,-0.331436206114792,-0.785563677158585,3034,23,"RAD51;MCM5;CHTF18;MCM2;MCM6;PIF1;MCM4;MCM7;WRNIP1;RFC3;HELB;MCM9;RFC2;DHX9"
"GOMF_SINGLE_STRANDED_RNA_BINDING",0.905998588567396,1,0.288184147188044,0.777051956136662,6418,82,"A1CF;PIWIL1;IFIH1;RBMS3;ELAVL4;TLR7;DDX60L;KHDRBS2;PABPC1L2A;RIGI;DDX60"
"GOMF_SIRNA_BINDING",0.235304140398705,1,0.642492525849641,1.21111199808227,1380,11,"ARB2BP;TLR7;TARBP2;PRKRA;ARB2A"
"GOMF_SMAD_BINDING",0.775152115466252,1,0.316011921012446,0.847365029788577,5477,79,"USP9Y;GATA4;SKOR1;RANBP3L;PAX6;DAB2;PPARG"
"GOMF_SMALL_PROTEIN_ACTIVATING_ENZYME_BINDING",0.534029038112523,1,-0.583010013960281,-0.981339306726653,2353,5,"UBA2;SAE1;UBE2I;SUMO1"
"GOMF_SMALL_RIBOSOMAL_SUBUNIT_RRNA_BINDING",0.957799905168326,1,-0.278704914250558,-0.519601363389141,4039,8,"MRPS18A;MRPS6;MRPS18C;RPS13;MAP3K20;RPS3;CIRBP;UTP23"
"GOMF_SNAP_RECEPTOR_ACTIVITY",0.878291488058788,1,0.314516900907595,0.750624822246735,5736,37,"STX11;STX19;SNAP25;STX17;STX16;STX12;BNIP1;BET1L;STX7;SEC22A;STX5;STX18;STX8;STX1A;STX1B;TSNARE1;VTI1A;VAMP1"
"GOMF_SNARE_BINDING",0.303143093465674,1,0.388506099739837,1.07665271162021,2198,105,"TXLNGY;UNC13C;EXOC3L4;SYT15;STX11;CPLX3;TXLNB;STX19;SNAP25"
"GOMF_SNORNA_BINDING",0.601457399103139,1,-0.364413484417488,-0.911637021381362,2145,30,"DHX37;IMP3;UTP6;NOP10;NUDT16;BYSL;NUDT16L1;NHP2;RRP9;IMP4;ISG20;NOP14;DKC1;DDX21;NUFIP1;GAR1;XRCC5"
"GOMF_SNRNA_BINDING",0.572500750525368,1,-0.342039548525661,-0.931002557423385,1906,46,"RBMXL2;CDK9;SNRPB2;TOE1;PRPF31;PRPF4;C9orf78;DDX39B;HNRNPU;EIF5A;SNRPA1;GEMIN5;ISG20;LSM7;SNRNP35;LSM2;COIL;DDX21;HEXIM2;LSM3;SF3B3;NCBP2;SNRPD3;HEXIM1;LSM8;SNRPC;RBM22;MEPCE"
"GOMF_SNRNP_BINDING",0.951155587324279,1,-0.28968620212275,-0.569045879512876,3991,10,"PRPF31;LEMD3;SNRPB;STRAP;SNRPD1;RBM23;SNRNP70;RBM39;SNRPA;SNRPN"
"GOMF_SODIUM_BICARBONATE_SYMPORTER_ACTIVITY",0.757998212689902,1,0.497384601688123,0.794773353262072,4240,5,"SLC4A4;SLC4A10;SLC4A8"
"GOMF_SODIUM_CHANNEL_ACTIVITY",0.0805249030718759,1,0.527756183908271,1.31711833395274,539,49,"PKD2L1;SCNN1B;SCN2B;CNGB1;ASIC4;GRIK1;SCN4B;TRPV3;SCNN1G;SCN3A;SCN2A;TRPM2;CNGA1;KCNK9;SCN3B;P2RX7;SCNN1D;SCN7A;GRIK3"
"GOMF_SODIUM_CHANNEL_INHIBITOR_ACTIVITY",0.95542911332385,1,-0.282475319371648,-0.526630689178806,4029,8,"RSC1A1;PCSK9"
"GOMF_SODIUM_CHANNEL_REGULATOR_ACTIVITY",0.991150442477876,1,-0.237970402732742,-0.632142129100345,3359,40,"FGF14;C8orf44-SGK3;FXYD2;SGK2;RSC1A1;FGF13;PCSK9;FGF12"
"GOMF_SODIUM_ION_BINDING",0.130393551446183,1,-0.731542679750646,-1.36384596876558,549,8,"SLC6A4"
"GOMF_SODIUM_ION_TRANSMEMBRANE_TRANSPORTER_ACTIVITY",0.105860612460401,1,0.418426847662354,1.1999574390376,801,146,"SLC5A4;PKD2L1;SLC34A3;SCNN1B;SLC17A8;SLC28A3;SLC12A3;SCN2B;SLC34A1;CNGB1;SLC10A2;ASIC4;SLC17A3;SLC6A12;ATP1A4;GRIK1;SLC1A2;SCN4B;SLC24A5;TRPV3;SCNN1G;SLC6A2;SLC9B1;SLC4A4;SCN3A;SCN2A;SLC12A1;TRPM2;CNGA1;KCNK9;SCN3B;P2RX7;SCNN1D;SLC6A20;SLC34A2;SLC4A10;SCN7A;SLC13A4;GRIK3;SLC9A9;SLC8A3;SLC13A5;SLC8A2;HCN1"
"GOMF_SODIUM_PHOSPHATE_SYMPORTER_ACTIVITY",0.025224602626123,1,0.813496981197196,1.46907089138283,145,9,"SLC34A3;SLC17A8;SLC34A1;SLC17A3;SLC34A2"
"GOMF_SODIUM_PROTON_ANTIPORTER_ACTIVITY",0.960269865067466,1,-0.278988774568586,-0.596570800377407,3842,14,"SLC9C1"
"GOMF_SOLUTE_INORGANIC_ANION_ANTIPORTER_ACTIVITY",0.792995622263915,1,0.349409846855669,0.795097898351936,5071,28,"SLC22A11;SLC37A2;SLC26A1;SLC4A4;SLC4A10;SLC4A1;SLC26A2;CLCN7;SLC26A11;SLC25A30"
"GOMF_SOLUTE_MONOATOMIC_CATION_SYMPORTER_ACTIVITY",0.43412884535798,1,0.366557404690999,1.01113574177307,3146,99,"SLC5A4;SLC34A3;SLC17A8;SLC28A3;SLC12A3;SLC34A1;SLC10A2;SLC17A3;SLC36A2;SLC6A12;SLC1A2;SLC25A18;SLC32A1;SLC6A2;SLC4A4;SLC12A1;SLC12A7;SLC39A5;SLC6A20;SLC34A2;SLC36A1;SLC4A10;SLC39A4;SLC13A4;SLC45A1;SLC13A5"
"GOMF_SOLUTE_POTASSIUM_ANTIPORTER_ACTIVITY",0.997690531177829,1,-0.195713381183083,-0.435730359876664,3887,17,"SLC9C1;SLC17A6"
"GOMF_SOLUTE_PROTON_SYMPORTER_ACTIVITY",0.920274804281834,1,0.313761158866623,0.683508342126259,5759,22,"SLC36A2;SLC25A18;SLC32A1;SLC36A1;SLC45A1;SLC15A1;SLC15A4"
"GOMF_SOLUTE_SODIUM_SYMPORTER_ACTIVITY",0.305623825357814,1,0.418073481895777,1.0881704968327,2113,65,"SLC5A4;SLC34A3;SLC17A8;SLC28A3;SLC12A3;SLC34A1;SLC10A2;SLC17A3;SLC6A12;SLC1A2;SLC6A2;SLC4A4;SLC12A1"
"GOMF_SOMATOSTATIN_RECEPTOR_ACTIVITY",0.823345956783248,1,-0.415494381406687,-0.673484026452758,3695,4,"SSTR5"
"GOMF_SPECTRIN_BINDING",0.414826498422713,1,0.459140157022211,1.03095129138427,2629,26,"SAG;GBP1;PTPRC;DMTN;ANK2;USH1C;EPB41L2;KIF3A;ANK1;SPTBN4;GNB3"
"GOMF_SPERMIDINE_TRANSMEMBRANE_TRANSPORTER_ACTIVITY",0.0905172413793103,1,-0.831253069995645,-1.39918919382318,398,5,"SLC22A16;SLC22A1;SLC45A4"
"GOMF_SPHINGOLIPID_BINDING",1,1,0.164229186852974,0.36875949463264,6339,26,"GLTPD2;PLEKHA8P1;CERT1;CLN8;SELL;LAMB1"
"GOMF_SPHINGOLIPID_TRANSFER_ACTIVITY",0.501291989664083,1,0.539625788815805,0.995226743408652,2909,10,"GLTPD2;MTTP;PLEKHA8P1;CERT1;TMEM63B"
"GOMF_SPHINGOLIPID_TRANSPORTER_ACTIVITY",0.805895618556701,1,0.359788836969069,0.775039137442347,5002,21,"GLTPD2;MFSD2B;MTTP;ABCB1;ATP10D;PLEKHA8P1;ATP10A;CERT1;TMEM63B;ABCA2"
"GOMF_SPHINGOMYELIN_PHOSPHODIESTERASE_ACTIVITY",0.981798904400071,1,0.276184250999692,0.457493893382875,5555,6,"SMPDL3A;SMPD1;SMPD3"
"GOMF_SPHINGOSINE_1_PHOSPHATE_PHOSPHATASE_ACTIVITY",0.441961191961192,1,0.618302291425175,1.06055202725926,2550,7,"SGPP2;PLPP2;PLPP3;PLPP6;PLPP1;PLPP7"
"GOMF_SPHINGOSINE_1_PHOSPHATE_RECEPTOR_ACTIVITY",0.632607192254495,1,0.504427225893205,0.890729460603147,3658,8,"GPR6;SPHK1;S1PR3"
"GOMF_SPHINGOSINE_N_ACYLTRANSFERASE_ACTIVITY",0.155082742316785,1,-0.741602272583046,-1.33682077477047,655,7,"CERS3"
"GOMF_SPLICING_FACTOR_BINDING",0.861282912175296,1,0.414068547412196,0.685896575193233,4873,6,"RBM20;DYRK1A"
"GOMF_STAT_FAMILY_PROTEIN_BINDING",0.81945404284727,1,0.409990674626042,0.740390412936916,4742,9,"PARP9;SPI1;PPARG;DTX3L;PTPRT"
"GOMF_STEROID_BINDING",0.999283410963812,1,-0.220692679281799,-0.667502948215909,2788,95,"GPR183;SIDT1;MINAR2;GPR141;RORC;VDR;SHBG;PDIA2;GC;NR1H3;OSBPL6;PGR;STAR;CALB1;ESRRG;VMA12"
"GOMF_STEROID_DEHYDROGENASE_ACTIVITY",0.74718785151856,1,-0.332412165621727,-0.837268546114896,2656,31,"SRD5A2;RDH8;HSD17B13"
"GOMF_STEROID_DEHYDROGENASE_ACTIVITY_ACTING_ON_THE_CH_OH_GROUP_OF_DONORS_NAD_OR_NADP_AS_ACCEPTOR",0.553935057787562,1,-0.386614862777972,-0.930232099991396,2012,25,"SRD5A2;RDH8;HSD17B13"
"GOMF_STEROID_HORMONE_BINDING",0.646050538964481,1,0.54504468256241,0.902856020901016,3655,6,"SULT2B1;NR3C1"
"GOMF_STEROID_HYDROXYLASE_ACTIVITY",0.496314496314496,1,0.474933809533722,0.980139217195328,3029,17,"CYP3A43;CYP3A4;CYP46A1;CH25H"
"GOMF_STEROL_BINDING",0.435499207606973,1,-0.353178215102618,-1.0043662344518,1373,61,"GPR183;SIDT1;MINAR2;GPR141;RORC;NR1H3;OSBPL6;STAR;VMA12;TMEM97;INSIG1;STARD5"
"GOMF_STEROL_ESTER_ESTERASE_ACTIVITY",0.176861071597914,1,-0.701179928147631,-1.30723940633164,745,8,"LIPN;CES1;LIPE"
"GOMF_STEROL_TRANSFER_ACTIVITY",0.852808464291271,1,0.330026352160402,0.756556163453519,5480,29,"APOA5;APOA2;MTTP"
"GOMF_STORE_OPERATED_CALCIUM_CHANNEL_ACTIVITY",0.601722652885444,1,0.494092013582782,0.911249231993364,3492,10,"TRPC7;TRPC3;TRPC6"
"GOMF_STRUCTURAL_CONSTITUENT_OF_CHROMATIN",0.838532110091743,1,0.303023226430818,0.817063648887202,5940,82,"H2BC19P;H2AC7;H2AB2;H2BC14;H2BK1;H4C2;H2AB3;H2BC26;H3C13;H3C2;H2BC8;H4C3"
"GOMF_STRUCTURAL_CONSTITUENT_OF_CYTOPLASMIC_LATTICE",0.170602516000883,1,-0.851305832692007,-1.31420525139243,772,3,"KHDC3L;OOEP"
"GOMF_STRUCTURAL_CONSTITUENT_OF_CYTOSKELETON",0.999862087987864,1,0.220325466723119,0.608207787776348,7249,101,"TUBA3D;TUBB8;TUBA4B;POTEE;TUBB8B;LORICRIN;POTEF;KRT15;GFAP;ACTA2;NEFL;EPB41L3;SORBS2;DSP;TLN2;TUBA8"
"GOMF_STRUCTURAL_CONSTITUENT_OF_EYE_LENS",0.0269865067466267,1,-0.731838243031141,-1.56491359577821,107,14,"CRYBB3;CRYBB1;CRYGN;CRYGB;CRYAB;CRYBA4"
"GOMF_STRUCTURAL_CONSTITUENT_OF_MUSCLE",0.166666666666667,1,-0.448615854572308,-1.1916985398222,564,40,"MYL1;MYL2;MYOT;MYOM3;MYBPC3;MYH11"
"GOMF_STRUCTURAL_CONSTITUENT_OF_MYELIN_SHEATH",0.324279247081249,1,-0.572232082936549,-1.12406564943032,1360,10,"NCMAP;PLLP;MALL;GPM6B;PLP1"
"GOMF_STRUCTURAL_CONSTITUENT_OF_NUCLEAR_PORE",0.0422424623115578,1,0.653766703163241,1.46044237424796,268,25,"POM121L2;NPAP1;POM121B"
"GOMF_STRUCTURAL_CONSTITUENT_OF_POSTSYNAPSE",0.18984375,1,-0.53677466307927,-1.22434932617565,728,19,"POTEKP;RAPSN;POTEI;SHANK1;ACTL8"
"GOMF_STRUCTURAL_CONSTITUENT_OF_POSTSYNAPTIC_ACTIN_CYTOSKELETON",0.570649596965386,1,-0.496332301118969,-0.925333308345029,2406,8,"POTEKP;POTEI;ACTL8;ACTG1;ACTB"
"GOMF_STRUCTURAL_CONSTITUENT_OF_POSTSYNAPTIC_SPECIALIZATION",0.0723002532811421,1,-0.820884371607105,-1.43692695590011,313,6,"RAPSN;SHANK1"
"GOMF_STRUCTURAL_CONSTITUENT_OF_PRESYNAPTIC_ACTIVE_ZONE",0.89290780141844,1,-0.345936245890034,-0.623588650343727,3776,7,"RIMS1;ERC2"
"GOMF_STRUCTURAL_CONSTITUENT_OF_RIBOSOME",0.0876416200026045,1,0.420516899429975,1.21723408946171,672,161,"RPS4Y1;RPSA2"
"GOMF_STRUCTURAL_CONSTITUENT_OF_SKIN_EPIDERMIS",0.865239926433707,1,0.366878110867898,0.715445221383313,5174,13,"KRT72;LORICRIN;KRT15"
"GOMF_STRUCTURAL_CONSTITUENT_OF_SYNAPSE",0.155622766015947,1,-0.504658505846808,-1.23567150170172,565,27,"POTEKP;RAPSN;POTEI;SHANK1;ACTL8;RIMS1"
"GOMF_STRUCTURAL_CONSTITUENT_OF_TOOTH_ENAMEL",0.0193888303477345,1,-0.972019856531088,-1.40642673390027,91,2,"AMBN"
"GOMF_STRUCTURAL_MOLECULE_ACTIVITY",1,1,-0.204814108721262,-0.748343131997531,583,705,"POTEKP;H4C1;MYL1;RAPSN;AMBN;MYL2;H3C4;PRG2;H3C3;FGA;MYOT;H2BN1;PRPH;KRT83;PGM5;COL15A1;CRYBB3;TUBAL3;MYOM3;MUC2;EYS;H2BW1;MYBPC3;CRYBB1;CRYGN;KHDC3L;COL3A1;MUC5B;TGM3;POTEI;SNTG1;CRYGB;H2AC16;SHANK1;H3-7;CRYAB;H4C13;ACTL10;NCMAP;IGFBP7;MYH11;H2BC12;KRT86;CRYBA4;H2BW2;MRPL23;H4C4;H4C16;VWF;MEGF11;KRT80;ACTL8;ACTL6B;MFAP5;H2AC6;PKP1;COMP;CTHRC1;ACTC1;ZP3;SPAG4;LAMB3;OOEP;RIMS1;PLLP;H2AC18;H2BC9;H2BC18;H2AC25;ACTG2;NTN5;H2AC21;H3C15;CLDN5;H3-5;OLFM4;H2BC4;HAPLN4;CLDN22;COL4A4;H4C14;RPL3L;MALL;NEXN;H1-3;H4C11;TUBD1"
"GOMF_STRUCTURAL_MOLECULE_ACTIVITY_CONFERRING_ELASTICITY",0.415436241610738,1,0.548168558420596,1.05394664601734,2475,12,"FBN3;TTN;FBN1;EMILIN1;AHNAK;FBN2;LAMC1"
"GOMF_SUCCINATE_TRANSMEMBRANE_TRANSPORTER_ACTIVITY",0.658142908959013,1,0.581069765939313,0.896923780730462,3628,4,"SLC13A5;SLC16A1;SLC25A10"
"GOMF_SUGAR_TRANSMEMBRANE_TRANSPORTER_ACTIVITY",0.563451776649746,1,-0.393609316953791,-0.924681750550491,2108,22,"SLC2A9;SLC2A14;SLC5A1;SLC5A2;SLC2A5"
"GOMF_SULFATE_BINDING",0.268245273016434,1,0.721146549906871,1.19456537301575,1517,6,"SULT1A4;CD34;SMAD4"
"GOMF_SULFATE_TRANSMEMBRANE_TRANSPORTER_ACTIVITY",0.811892997103425,1,0.400367136468455,0.754700518848156,4764,11,"SLC26A10P;SLC26A1;SLC13A4;SLC26A2;SLC26A11"
"GOMF_SULFATIDE_BINDING",0.89454294266636,1,-0.348046754844663,-0.609242642749717,3884,6,"TREM2;CLN3;MANF;CLN6;TPP1;PPT1"
"GOMF_SULFOTRANSFERASE_ACTIVITY",0.784343131373725,1,-0.309110817397753,-0.843942459787834,2614,47,"HS6ST3;HS3ST1;HS3ST2;SULT1A2;SULT1C2;HS6ST2;SULT1C4;HS3ST5;CHST15;SULT1A1;CHST5"
"GOMF_SULFUR_AMINO_ACID_TRANSMEMBRANE_TRANSPORTER_ACTIVITY",0.502640995058783,1,0.523524284939737,0.986854348133441,2949,11,"SLC1A2;SLC7A9;SLC1A4;SLC3A1;SLC25A12;SLC7A11"
"GOMF_SULFUR_COMPOUND_BINDING",0.0318940137389598,1,0.425401800995152,1.27281690225752,259,236,"GSTM1;FGF10;DMBT1;APOA5;GLRA1;SULT1A4;CLEC3B;MPO;SAA1;NELL1;CXCL8;TKTL1;F2;PRSS57;IMPG1;LIPC;RTN4RL1;CXCL11;ADAMTSL5;P2RX1;COL13A1;TMEM184A;ADGRE2;PTPRC;FGF4;ANG;CD34;AZU1;GSTM3;FBLN7;TPK1;FGF9;SOST;FGFBP1;CXCL6;GAL3ST4;LANCL1;NRP1;VTN;SMOC2;ADAMTS3;H1-1;FN1"
"GOMF_SULFUR_COMPOUND_TRANSMEMBRANE_TRANSPORTER_ACTIVITY",1,1,0.182228355313798,0.465167220104817,6787,57,"SLC26A10P;SLC1A2;SLC26A1;SLC7A9;SLC1A4;SLC36A1;SLC13A4;SLC26A2;SLC25A16;SLC3A1;SLC25A12;ABCC6;SLC44A4;SLC26A11;SLC6A6;ABCD1;SLC35B2;GJA1"
"GOMF_SULFURIC_ESTER_HYDROLASE_ACTIVITY",0.979576399394856,1,-0.249446351421614,-0.541335867419285,3884,15,"ARSD;ARSJ;ARSI;STS"
"GOMF_SULFURTRANSFERASE_ACTIVITY",0.980017226528854,1,0.274188586371327,0.505683419046717,5688,10,"MOCOS;TSTD1;CTU2;TST;NFS1;MOCS2;MPST;MOCS3;TRMU;LIAS"
"GOMF_SUMO_BINDING",0.99049959049959,1,0.249528791783667,0.514962189966335,6046,17,"CBX4;CASP8AP2;TOLLIP;RNF111;SOBP;RNF4;USPL1;PML;HABP4;SERBP1;TDG;GCNA;USP25;PELP1;UBA2;SIMC1;HERC2"
"GOMF_SUMO_LIGASE_ACTIVITY",0.964387226216352,1,0.299617452480319,0.584280904938672,5767,13,"EGR2;CBX4;PIAS3;ZNF451;PIAS1"
"GOMF_SUMO_POLYMER_BINDING",0.988160452376745,1,0.264841587203937,0.438704989227515,5591,6,"CASP8AP2;RNF111;SOBP;RNF4"
"GOMF_SUMO_TRANSFERASE_ACTIVITY",0.573429802955665,1,0.396646433435084,0.932030380020143,3724,34,"RGPD2;RGPD1;EGR2;RNF212;RGPD4;CBX4;PIAS3;RGPD5;MDM2;ZNF451;CDKN2A"
"GOMF_SUPERCOILED_DNA_BINDING",0.837669813492977,1,-0.390264533989542,-0.68314326379912,3637,6,"TOP1;HMGB1;PSIP1;HMGB2;ABL1;RPS3"
"GOMF_SUPEROXIDE_GENERATING_NAD_P_H_OXIDASE_ACTIVITY",0.451274720038122,1,-0.516429601819592,-1.01444989378331,1893,10,"NOX3;CYBB"
"GOMF_SUPEROXIDE_GENERATING_NADPH_OXIDASE_ACTIVATOR_ACTIVITY",0.436692506459948,1,0.564997860166604,1.04202021486116,2534,10,"NCF1C;NCF1B;NOXA1;NCF1;PDGFB"
"GOMF_SUPEROXIDE_GENERATING_NADPH_OXIDASE_ACTIVITY",0.479839607930497,1,-0.64532746919884,-1.04602555843276,2153,4,"NOX3;CYBB"
"GOMF_SYMPORTER_ACTIVITY",0.211966729272874,1,0.399696756055269,1.13036231008616,1579,126,"SLC5A4;SLC34A3;SLC22A4;SLC17A8;SLC28A3;SLC12A3;SLC34A1;SLC10A2;SLC17A3;SLC36A2;SLC6A12;SLC1A2;SLC25A18;SLC24A5;SLC32A1;MFSD2B;SLC16A4;SLC6A2;SLC16A14;SLC4A4;SLC46A3;SLC12A1;SLC10A7;SLC16A7;SLC12A7;SLC39A5;SLC6A20;SLC1A4;SLC34A2;SLC36A1;SLC4A10;SLC39A4;SLC46A2;SLC13A4;SLC45A1;SLC13A5;SLC22A5;SLC15A1;SLC24A3;SLC15A4;MFSD4B"
"GOMF_SYNDECAN_BINDING",0.821460980036298,1,-0.412549502095429,-0.694415246192213,3620,5,"HPSE;GPNMB;SEMA5A;SDCBP;TNC"
"GOMF_SYNTAXIN_1_BINDING",0.87260629665693,1,0.340894569176204,0.718412596135002,5376,19,"UNC13C;SNAP25"
"GOMF_SYNTAXIN_BINDING",0.117320070216501,1,0.486400295875806,1.25086789123946,801,60,"TXLNGY;UNC13C;CPLX3;TXLNB;SNAP25"
"GOMF_T_CELL_RECEPTOR_BINDING",0.0538422218435849,1,0.753288884674383,1.41996547748893,315,11,"MR1;CD3E;HLA-A;HLA-DRA;HLA-DRB1;EPS8L1"
"GOMF_TAP_BINDING",0.337144837144837,1,0.666727393080124,1.14361388946264,1945,7,"TAP1;HLA-F;HLA-A;TAPBP;TAP2;HLA-B;HLA-C"
"GOMF_TASTE_RECEPTOR_ACTIVITY",0.584658714380384,1,0.457637148645148,0.919629819069129,3528,15,"PKD2L1;TAS2R10;TAS2R13;TAS2R1;TAS2R14;TAS1R3"
"GOMF_TAT_PROTEIN_BINDING",0.925422921134143,1,-0.315804921696174,-0.62035225738831,3883,10,"MDFIC;ACTB;SMARCA4;DNAJA1;TRIM32;CTDP1;NPM1;SMARCB1"
"GOMF_TAU_PROTEIN_BINDING",0.571174377224199,1,-0.345369091477313,-0.930144508816849,1925,43,"MAP2;PPP2R2A;HSPA2;ACTB;MAP1A;STUB1;PICALM;BIN1;FKBP4;BRSK2;GSK3A;MARK1;APOE;HSP90AA1;TTBK2;PPP2CB;PPP5C;BAG2;PPP2CA;DCTN1;CDK5;HSP90AB1"
"GOMF_TAU_PROTEIN_KINASE_ACTIVITY",0.213999465669249,1,-0.505404750903654,-1.1873157714328,800,22,"PHKG1"
"GOMF_TAURINE_TRANSMEMBRANE_TRANSPORTER_ACTIVITY",0.993985297393629,1,-0.256705888625436,-0.416100248817491,4461,4,"SLC16A6;SLC6A11"
"GOMF_TBP_CLASS_PROTEIN_BINDING",0.253767491926803,1,-0.476353006441046,-1.14074667353655,942,24,"TAF12;BRF2;HHEX;TAF11;THRA;GTF2A1;GTF2A2;TAF1;RUVBL2;TAF1B;YEATS2;DRAP1;DR1;RUVBL1;CAND2;BRF1;PSMC5"
"GOMF_TELETHONIN_BINDING",0.837157496101582,1,-0.405441930424619,-0.657189786467607,3757,4,"KCNE1;MYOZ1"
"GOMF_TELOMERASE_ACTIVITY",0.247990543735225,1,-0.685204240773017,-1.2351570348291,1048,7,"TERC;TERT"
"GOMF_TELOMERASE_INHIBITOR_ACTIVITY",0.967496542185339,1,0.303353072367915,0.535667990648441,5595,8,"TEN1;TNKS;POT1;ACD;ERCC4;MCRS1;PINX1;PIF1"
"GOMF_TELOMERASE_RNA_BINDING",0.347314987977558,1,-0.454973434515028,-1.06884063400033,1299,22,"TERT;TENT4B;PARN;SMG6;NOP10;NHP2;SNRPB;HNRNPC;HNRNPU;PINX1;SMG7;DKC1;SMG5;GAR1;SNRPD3;EXOSC10;WRAP53"
"GOMF_TELOMERIC_DNA_BINDING",0.399766218585622,1,-0.388880247232268,-1.02177090018077,1367,38,"RPA4;TERT;WRN;UPF1;SMG6;TELO2;RPA2;TERF2IP;TERF2;PIF1;RAD50;SMG7;KDM1A;BLM;XRCC6;HNRNPA2B1;NCL;HNRNPD;RPA1;ACD"
"GOMF_TESTOSTERONE_6_BETA_HYDROXYLASE_ACTIVITY",0.0332439678284182,1,0.878785419581481,1.40421563584418,185,5,"CYP3A43;CYP3A4;CYP46A1"
"GOMF_TETRAPYRROLE_BINDING",0.862268518518518,1,-0.274394964639103,-0.863896158256423,2234,124,"HBE1;IDO2;NOX3;CYBB;CYP19A1;HBG2;TDO2;HRG;CYP2E1;CYP26C1;PTGS2;CYP2B6;CYP2F1;MB;CYP2C8;CYP26B1;EPX;ENSG00000274276;CYP4V2;CYP4F22;NOX4;CYP2A6;CYP2D6;CYP2J2;FECH;CYP4B1;NOS2;STEAP1;CYP51A1;CYP1A1"
"GOMF_TFIID_CLASS_TRANSCRIPTION_FACTOR_COMPLEX_BINDING",0.659280438408387,1,-0.435777575810018,-0.856020866999125,2766,10,"ERCC1;RUVBL2;ERCC4;TP53;FBL;ZNHIT6;RUVBL1;EDF1"
"GOMF_THIAMINE_PYROPHOSPHATE_BINDING",0.165627165627166,1,0.743412953913881,1.27514991663195,955,7,"TKTL1;DHTKD1"
"GOMF_THIAMINE_TRANSMEMBRANE_TRANSPORTER_ACTIVITY",0.443735224586288,1,-0.576652519889164,-1.03948045591412,1876,7,"SLC22A1"
"GOMF_THIOESTERASE_BINDING",0.845822566752799,1,0.393206632480845,0.725187276889337,4909,10,"ADRA2A;TRAF3;TRAF5;TRAF1"
"GOMF_THIOL_OXIDASE_ACTIVITY",0.919410545705733,1,-0.327437711473393,-0.573167294040719,3992,6,"GFER;QSOX2;QSOX1;P4HB;ERO1B;ERO1A"
"GOMF_THIOLESTER_HYDROLASE_ACTIVITY",0.611236632022895,1,0.373497533597049,0.916422015671144,4057,44,"ACOT6;THEM5;ABCD2;ACOT4;ACOT13;PTPRT"
"GOMF_THIOREDOXIN_DEPENDENT_PEROXIREDOXIN_ACTIVITY",0.662215058715174,1,-0.48181328821901,-0.843395885582933,2875,6,"PRDX4;PRDX1;PRDX3;PRDX2;SELENOF;PRDX5"
"GOMF_THIOREDOXIN_DISULFIDE_REDUCTASE_NADPH_ACTIVITY",0.405578655578656,1,0.635853550210796,1.09065707998862,2340,7,"TXNDC2;TXNRD3"
"GOMF_THREONINE_TYPE_ENDOPEPTIDASE_ACTIVITY",0.570020746887967,1,0.53466313199963,0.944120734813879,3296,8,"PSMB9;PSMB8;PRSS50;TASP1"
"GOMF_THREONINE_TYPE_PEPTIDASE_ACTIVITY",0.431534232883558,1,-0.47657179980168,-1.0190690305896,1726,14,"GGTLC2;GGT1;GGT6"
"GOMF_THYROID_HORMONE_BINDING",0.792649727767695,1,-0.429799841055746,-0.723451515331273,3493,5,"THRB"
"GOMF_THYROID_HORMONE_TRANSMEMBRANE_TRANSPORTER_ACTIVITY",0.758156028368794,1,-0.424980982073588,-0.766075599714009,3206,7,"SLC16A10;SLCO1C1;SLC7A5"
"GOMF_TITIN_BINDING",0.568017905993534,1,-0.438751688372145,-0.918376780899161,2283,13,"ANKRD1;MYBPC3;TRIM63"
"GOMF_TOLL_LIKE_RECEPTOR_4_BINDING",0.501580611169652,1,-0.709185986486581,-1.02612937791386,2379,2,"TIRAP"
"GOMF_TOLL_LIKE_RECEPTOR_BINDING",0.938775510204082,1,-0.302911848605855,-0.580991404327125,3955,9,"TLR2;SYK;TIRAP;UNC93B1"
"GOMF_TORC2_COMPLEX_BINDING",0.838021778584392,1,-0.400130723980161,-0.673511599918207,3693,5,"NCKAP1L;AKT1;ARMH4;SIRT6;RPL23A"
"GOMF_TOXIC_SUBSTANCE_BINDING",0.427670812744931,1,0.555168373485944,1.04650412422384,2509,11,"ALB;AZU1;GUCY2C;EPHX2;ASS1;PHAX"
"GOMF_TOXIN_TRANSMEMBRANE_TRANSPORTER_ACTIVITY",0.887683031869078,1,0.371539837240866,0.685227411156999,5152,10,"SLC17A3;LRP6"
"GOMF_TPR_DOMAIN_BINDING",0.829078014184397,1,-0.3874341523436,-0.698393253171312,3506,7,"STUB1;HSP90AA1;HSP90AB1;TRAK2;SRP72;RAB8B;PDE2A"
"GOMF_TRAIL_BINDING",0.458087578194817,1,0.663111753933798,1.05958960223686,2562,5,"TNFSF10;TNFRSF10C;TNFRSF10B;TNFRSF10A"
"GOMF_TRANSAMINASE_ACTIVITY",0.999838917525773,1,0.17650900292765,0.380226875664893,6206,21,"KYAT1;MGAT4A;PHYKPL;GPT"
"GOMF_TRANSCRIPTION_COACTIVATOR_ACTIVITY",1,1,-0.156074295911702,-0.535984584772728,1545,294,"WNT3A;TRIM31;ANKRD1;CIDEA;ARID5B;PAGE4;POU2AF1;IRF4;DTX1;GMNC;ACTL6B;ZFPM2;VGLL2;NUPR1;ACSS2;CRTC1;SSBP4;JUND;ZMIZ1;LPIN3;MID2;CARM1;RAP2C;MED21"
"GOMF_TRANSCRIPTION_COACTIVATOR_BINDING",1,1,0.136901001603598,0.338575620569409,6670,46,"GATA6;GATA3;ZBTB49;EPAS1;ZBTB8A;SMAD4;SMAD3;CIT;SIX1;TRERF1;NR4A3;EP300;AHR;STAT1"
"GOMF_TRANSCRIPTION_COREGULATOR_ACTIVITY",1,1,0.160938366503852,0.506122754374796,9120,534,"TBL1Y;SP100;MYT1L;CD274;EN2;EOMES;SSX1;FOXA2;IL31RA;TCERG1L;TRIM15;SUPT20HL1;PARP9;STING1;LPXN;SFMBT2;ARRB1;WNT4;RIPK3;TBX6;AFF3;TBXT;PARP14;ID2;FOXP3;EID2B;SMARCA2;KMT2C;PRKCB;ZNF653"
"GOMF_TRANSCRIPTION_COREGULATOR_BINDING",1,1,0.196423875453662,0.553018489121139,7404,121,"GATA6;HNF1B;FOXP2;NR5A1;SIX3;NR5A2;GATA3;TWIST1;PAX6;ZBTB49;HES1;PPARG;BCL6;KLF4;EPAS1;ZBTB8A;SMAD4;PER3;SMAD3;CIT;LCOR;STK36;SP1;SIX1;RFX5;HDAC6;TRAPPC2B"
"GOMF_TRANSCRIPTION_COREPRESSOR_ACTIVITY",0.99198195940867,1,0.251805374155633,0.746095708176369,7917,208,"TBL1Y;SP100;EN2;EOMES;SSX1;FOXA2;PARP9;SFMBT2;WNT4;TBX6;TBXT;PARP14;ID2;FOXP3;EID2B;ZNF653;TRIM22;HSBP1L1;KMT5A;RCOR3;NR0B1;CBX4;SCAI;AASS;ID4;CASP8AP2;SPEN;KCTD1;PARP15;BEND6;PPP1R13L;ASAH1;ARK2N;HIPK2;PAWR"
"GOMF_TRANSCRIPTION_COREPRESSOR_BINDING",0.998778998778999,1,-0.215136078741851,-0.593968098229322,3271,50,"RUNX3;ZBTB16;ETS1;RUNX1;PER1;USP11;FAM89B;HDGF;CNOT2;ZBTB7A;CTBP1;CTBP2;LEF1;HIF1A;EZH2;ENO1"
"GOMF_TRANSCRIPTION_ELONGATION_FACTOR_ACTIVITY",0.152315666276542,1,0.660643623520844,1.28831431879983,910,13,"TCEA3;EAF2"
"GOMF_TRANSCRIPTION_FACTOR_BINDING",0.999891162385721,1,0.238590751050443,0.752643149859209,9186,574,"KDM5D;SRY;SOX17;TAL1;SP100;EN2;NKX2-5;EOMES;PROX1;TCF23;FOXA2;TBX3;GATA4;TBX5;FOXC1;GATA6;HNF1B;FOXP2;PDX1;PARP9;STING1;MEF2C;ASCL1;NR5A1;SIX3;MIXL1;CD34;NR5A2;GATA3;TBX6;EGR2;TWIST1;SOST;TBXT;DLL1;PITX2;HNF4A;PAX6;FOXF2;ID2;FOXP3;GBX2;ZBTB49;SPI1;PRKCB;ZNF653;ZNF516;HES1;GSC;NFATC1;PPARG;ESRRB;BCL6;SOX9;DTX3L;MAGEA2"
"GOMF_TRANSCRIPTION_REGULATOR_ACTIVATOR_ACTIVITY",0.246412666996536,1,-0.580164092212687,-1.18750690176171,995,12,"DDIT3;JMJD6;BICRA;HIF1A;ZNF143;PARP1;NOTCH1;ELK1;STK3"
"GOMF_TRANSCRIPTION_REGULATOR_ACTIVITY",0.988120406725058,1,0.263863102978131,0.855873391882294,9814,1800,"PEG3;ZFY;TBL1Y;SRY;SOX17;FOXB2;TAL1;EVX1;EBF2;SP100;DMBX1;HSFX4;BHLHE22;MYT1L;SHOX;CD274;DLX1;TCEA3;BHLHA9;FOXD4;ZBTB20;HOXB2;EN2;GFI1;TPRX2;ZNF556;SOX14;SP5;SOHLH1;EGR3;GATA5;OSR1;SAMD11;NKX2-5;OLIG3;ZSCAN5C;ZIC4;FOXQ1;HOXB1;SP9;ZNF861P;RAX2;DPRX;EOMES;TFEC;SSX1;POU4F2;ZIM2;TBX4;EBF1;FOXE1;VSX1;SHOX2;NR2E1;HSF4;TLX2;TLX3;DMRTC2;PROX1;NEUROG1;TCF23;BHLHE23;FOXA2;IKZF3;ZNF491;HOXD1;TBX3;MNX1;IL31RA;GATA4;SIX6;PROX2;TCERG1L;CDX1;TBX5;FOXC1;GATA6;LMX1B;PITX3;ZHX3;HNF1B;MYRFL;GCM2;SKOR1;SP7;FOXP2;TRIM15;ZIC1;PDX1;TLX1;SUPT20HL1;TAL2;PAX5;HMX3;ZNF709;TBX10;NR1I3;PARP9;IRX1;ESR2;CREB3L3;EBF3;STING1;LPXN;PAX7;SPDEF;BNC1;SFMBT2;MEF2C;PHOX2A;PRDM1;AHRR;DMRT1;CDX4;ASCL1;NR5A1;SIX3;FLI1;SOX21;ARRB1;MIXL1;FOXI2;RBPJL;RFX8;RAX;ETV7;IRX5;POU3F3;WNT4;NR5A2;PAX8;POU4F3;FEZF1;CARF;NTN1;TFAP2E;MSX1;GATA3;CDX2;MYF6;RIPK3;SOX18;MAFB;TBX6;EGR2;PLAGL1;ZNF774;ZC3H6;EGR1;ZGLP1;SP8;ZNF705EP;POU3F2;AFF3;ONECUT2;TWIST1;TBXT;PITX2;IRF8;TBX1;NANOGP1;HNF4A;RHOXF1;SIM2;ZNF75D;ZNF750;GRHL3;PAX6;MSX2;TFAP2C;TFEB;FOXF2;NKX3-2;OVOL3;PARP14;ID2;IRF5;MEOX2;ARID3C;LHX5;NEUROG3;NFATC4;FOXD1;ZNF283;FOXP3;GBX2;NKX2-6;GZF1;NFKB2;LHX1;HDX;ZBTB49;EID2B;ZNF425;KLF9;POU6F1;SMARCA2;SPI1;KMT2C;ZNF514;PRKCB"
"GOMF_TRANSCRIPTION_REGULATOR_INHIBITOR_ACTIVITY",0.99909008189263,1,0.207333045500634,0.499592263964718,6587,39,"TCF23;ID2;ID4;SNIP1;PURA;ZNF451;NFKBIA;PKD1;TRAPPC2B;NFIB"
"GOMF_TRANSFERASE_ACTIVITY_TRANSFERRING_ALKYL_OR_ARYL_OTHER_THAN_METHYL_GROUPS",0.135705847607797,1,0.48462969961333,1.23436152520095,918,56,"GSTM1;GSTM3;GSTO2;LANCL1;MAT1A"
"GOMF_TRANSFERASE_ACTIVITY_TRANSFERRING_NITROGENOUS_GROUPS",1,1,0.150966632608307,0.338979813599575,6339,26,"KYAT1;MGAT4A;PHYKPL;GPT;PIGK;CISD1;AADAT;NOS1;GFPT1;ABAT"
"GOMF_TRANSFERASE_ACTIVITY_TRANSFERRING_ONE_CARBON_GROUPS",1,1,0.165737152453434,0.491193741631785,7986,209,"EEF1AKMT4-ECE2;PRDM6;METTL21EP;PRDM7;FTCD;NSUN5P2;TRMT9B;PRDM1"
"GOMF_TRANSFERASE_ACTIVITY_TRANSFERRING_PHOSPHORUS_CONTAINING_GROUPS",1,1,-0.14790827783697,-0.546935248125476,389,890,"TNNI3K;ANKK1;PRKAG3;SPEGNB;PHKG1;CDK15;AVP;TSSK1B;CSF1R;TERC;ALK;CKM;STKLD1;PLK5;CMPK2;DGKG;PCK1;PIPSL;GUCY2D;TEX14;C8orf44-SGK3;CKMT2;MOS;PARP3;HKDC1;ALPK2;PRKG2;SIRT4;FLT4;MOK;PRKCE;NTRK2;GCK;DLG2;HUNK;OAS3;TIPARP;PI4KAP2;RNASEL;MYO3A;AATK;CSNK2A3;STK33;LYN;TEC;FLT3;SYK;MET;MAP3K13;TESK1;XYLB;NEK5;MAPK15;PARP16;STK26;SGK2;PRKX;STK32B;IRAK4;FGGY;EPHB2;DGKK;SOSTDC1;LRRK2;ULK4;GRK5;SIK2;RIOK2;PRPS1;EPHA3;DAPK3;TERT;MED21;POLA1;WEE1;FGR;POLN;DAPK1;MAST4;CRPPA;CERKL;PRIMPOL;MAST1;ACVRL1;PIGF;MAP2K6;POLR2F;RPS6KA4;POLR3H;CASK;ADCK5;STK38L;CDK9;CHEK1;VRK2;CTU1;CCNE1;ERBB2;PCYT2;EFNA3;IPPK;ART3;PDK3;LMTK3;CGAS;POLM;PIK3R4;MATK;MAP3K1;NME5;POLR3K;CAMK4;CIITA;CDK19;NEK4"
"GOMF_TRANSFERASE_ACTIVITY_TRANSFERRING_SULPHUR_CONTAINING_GROUPS",0.981004507405023,1,-0.250206266528366,-0.716055226503035,3046,64,"HS6ST3;HS3ST1;HS3ST2;SULT1A2;SULT1C2;HS6ST2;SULT1C4;HS3ST5;CHST15;SULT1A1;CHST5"
"GOMF_TRANSFERRIN_RECEPTOR_BINDING",0.930536912751678,1,0.332069481241291,0.638459668331514,5545,12,"TF;HJV;CHUK;RGMA;SNX4;IKBKB"
"GOMF_TRANSFORMING_GROWTH_FACTOR_BETA_BINDING",0.83197961458831,1,0.348410717350036,0.765036484203467,5223,23,"WFIKKN2;CD36;ENG;WFIKKN1"
"GOMF_TRANSFORMING_GROWTH_FACTOR_BETA_RECEPTOR_ACTIVITY",0.999010390895596,1,-0.18840858395508,-0.385643470185304,4037,12,"ACVRL1;TGFBR3;TGFBR1;BMPR2;TGFBR2;ACVR1;BMPR1B;TGFBR3L;LTBP4;BMPR1A;LTBP1;AMHR2"
"GOMF_TRANSFORMING_GROWTH_FACTOR_BETA_RECEPTOR_ACTIVITY_TYPE_I",0.902450090744102,1,-0.346995270867777,-0.584072469420757,3977,5,"ACVRL1;TGFBR1;ACVR1;BMPR1B;BMPR1A"
"GOMF_TRANSFORMING_GROWTH_FACTOR_BETA_RECEPTOR_BINDING",1,1,0.18480092008608,0.414951174054088,6339,26,"AMH;INHBC;ENG;TGFB1;SMAD3"
"GOMF_TRANSITION_METAL_ION_TRANSMEMBRANE_TRANSPORTER_ACTIVITY",0.632109004739337,1,-0.335763819689785,-0.900470435069182,2133,42,"SLC30A8;SLC39A2;SLC30A4"
"GOMF_TRANSKETOLASE_OR_TRANSALDOLASE_ACTIVITY",0.10917664127675,1,0.848416671733841,1.30959332846402,601,4,"TKTL1;TALDO1"
"GOMF_TRANSLATION_ACTIVATOR_ACTIVITY",0.824461670973299,1,0.40359827066232,0.744352476997223,4785,10,"DAZL;CTIF;MIF4GD;RPS27L;LARP1;PABPC1"
"GOMF_TRANSLATION_ELONGATION_FACTOR_ACTIVITY",0.538784067085954,1,-0.406401477263984,-0.936354200375694,2055,20,"EEFSEC;ABTB1;EEF1A2;TSFM;EIF5A;GFM2;TUFM;EIF5A2;EEF1B2;GTPBP2;EFL1;EEF1G;EEF1D;EEF2;GTPBP1;GFM1;EEF1A1P5;EIF5AL1;EEF1A1;HBS1L"
"GOMF_TRANSLATION_FACTOR_ACTIVITY",0.113757355001401,1,0.453676994029354,1.22952709289003,811,85,"EIF1AY;CPEB3"
"GOMF_TRANSLATION_FACTOR_ACTIVITY_RNA_BINDING",0.886454715468875,1,-0.313820519436473,-0.737238918826838,3317,22,"EIF1AX;EIF2B3;EIF2S3;EEF1A2;CPEB1;CPEB2;ABCF1;EIF4G2;EIF4H;EIF2S2;EIF4G1;EIF4A1;CPEB4"
"GOMF_TRANSLATION_INITIATION_FACTOR_ACTIVITY",0.0228622327790974,1,0.581207053290007,1.46053592013159,153,51,"EIF1AY;EIF4E1B"
"GOMF_TRANSLATION_INITIATION_FACTOR_BINDING",0.207142857142857,1,-0.462839781936902,-1.18144747385044,724,33,"EIF3CL;EIF3C;PPP1R15A;HHEX;DDX3X;ZPR1;ANGEL1;POLR2G;TRIM32;EIF5;EIF2B4;EIF4E;EIF4EBP1;GLE1;NCK1;EIF3M;FMR1;EIF2S2;EIF4G1;EIF3B;C8orf88"
"GOMF_TRANSLATION_REGULATOR_ACTIVITY",0.999706486645142,1,0.206038341042567,0.527273793605434,6811,58,"AIRE;DHFRP1;DAZL;CPEB3;EIF4EBP3;PRKCH;PURA;CTIF;EIF2AK3;PAIP2B;CIRBP;NANOS1;MIF4GD;RPS27L;LARP1;TRIM71"
"GOMF_TRANSLATION_REPRESSOR_ACTIVITY",1,1,0.127410600869933,0.300916408946512,6513,35,"DHFRP1;CPEB3;EIF4EBP3;PURA;PAIP2B;CIRBP;NANOS1;TRIM71;DHFR;CYFIP1;PAIP2;CELF1;SAMD4B;SAMD4A;EIF4EBP2;PURB;IREB2;SHMT1;TYMS;GIGYF2;C8orf88;CPEB4;ZFP36;FMR1;ACO1;ZFP36L2;EIF4EBP1;SERBP1;ZFP36L1;CPEB2;CPEB1;IFRD2;RARA;CELF4"
"GOMF_TRANSLATION_TERMINATION_FACTOR_ACTIVITY",0.953900709219858,1,-0.290883223747453,-0.524349440277985,4034,7,"MRPL58;GSPT1;MTRF1L;ETF1;GSPT2;MTRFR;MTRF1"
"GOMF_TRANSMEMBRANE_EPHRIN_RECEPTOR_ACTIVITY",0.490225314777999,1,0.492609839557488,0.989908050439314,2958,15,"EPHA10;EPHB3;EPHA5;EPHA6"
"GOMF_TRANSMEMBRANE_RECEPTOR_PROTEIN_KINASE_ACTIVITY",0.995177988937739,1,0.2379915111645,0.636763566337147,7016,78,"LTK;ERBB4;EPHA10;EPHB3;EPHA5;EPHA6;NRP1;AMHR2;DDR2;PDGFRL;TIE1;ROR2;NTRK3;HJV;FGFR2;KDR;MST1R;EFEMP1;LTBP1;FGFR1;INSR;ACVR2B;EGFR;MERTK;KIT;EPHA7;NRP2;CRIM1;AXL;NTRK1;BMPR1A;IGF2R;ACVR1C"
"GOMF_TRANSMEMBRANE_RECEPTOR_PROTEIN_PHOSPHATASE_ACTIVITY",0.658711829612523,1,-0.387565443066564,-0.862863995105053,2566,17,"PTPRR;PTPRM;PTPRH;PTPRE;PTPRU;PTPN6"
"GOMF_TRANSMEMBRANE_RECEPTOR_PROTEIN_SERINE_THREONINE_KINASE_ACTIVITY",0.99870700801655,1,-0.188452069549161,-0.424750722602291,3861,18,"SOSTDC1;ACVRL1;TGFBR3;ACVR1B;TGFBR1;BMPR2;TGFBR2;ACVR1;ACVR2A;BMPR1B;TGFBR3L;LTBP4;ACVR1C;BMPR1A;ACVR2B;LTBP1;HJV;AMHR2"
"GOMF_TRANSMEMBRANE_RECEPTOR_PROTEIN_SERINE_THREONINE_KINASE_BINDING",0.305144131231088,1,0.50842482937164,1.11639374041829,1915,23,"BMP5;CDH5;INHBA;CRIPTO3;CFC1;BMP3;NODAL;ELAPOR2"
"GOMF_TRANSMEMBRANE_RECEPTOR_PROTEIN_TYROSINE_KINASE_ACTIVATOR_ACTIVITY",0.310370554588411,1,-0.534290715980015,-1.11835509881809,1247,13,"BTC;GREM1;ANGPT4;EGF"
"GOMF_TRANSMEMBRANE_RECEPTOR_PROTEIN_TYROSINE_KINASE_ACTIVITY",0.983031012287888,1,0.258920358179836,0.665861359833702,6719,60,"LTK;ERBB4;EPHA10;EPHB3;EPHA5;EPHA6;NRP1;DDR2;PDGFRL;TIE1;ROR2;NTRK3;FGFR2;KDR;MST1R;EFEMP1;FGFR1;INSR;EGFR;MERTK;KIT;EPHA7;NRP2;CRIM1;AXL;NTRK1;IGF2R"
"GOMF_TRANSMEMBRANE_RECEPTOR_PROTEIN_TYROSINE_KINASE_ADAPTOR_ACTIVITY",0.560766515380736,1,-0.425190850593842,-0.922727699215475,2223,15,"GAB4;TRADD;DOK2"
"GOMF_TRANSMEMBRANE_SIGNALING_RECEPTOR_ACTIVITY",0.58674278464954,1,0.305733928518884,0.973898470698552,5549,731,"IL9R;GPR150;MR1;HAVCR2;LYVE1;EDAR;GPR18;TRHR;PKD2L1;IL12B;GPRC5D;ADRA1B;GLRA1;RHO;OR56B4;GRIA2;OR52N4;FCGR3A;CNR2;OR5H6;ADGRF2P;OR2A5;LTK;CXCR6;OR1L8;HTR2A;CD3E;FCRLB;PRLHR;MLNR;IL5RA;GPR4;GPR12;CX3CR1;ABCC9;ERBB4;OR1G1;NPY6R;F2RL3;FCGR2C;OR1M1;OR2A2;OR2W6P;TAS2R10;GPR82;GPR6;TSHR;DRD5;GPR152;TAS2R13;OR56B1;IL2RG;OR2A1;OR13A1;C5AR1;HCAR1;CLEC1A;TACR1;IL31RA;GPR139;PTH1R;TRAC;AVPR1A;GPR45;GRM7;EPHA10;CCR4;OR2A7;GPR37L1;GNAT2;GP6;ADGRG3;FZD10;ACKR1;TAS2R1;GPR50;ITGB2;CASR;IL17REL;P2RX1;MAS1;GPRC5A;RRH;GALR2;FCGR1A;GRID1;GRIK1;GIPR;ADRA1D;CCR8;GPR174;ADGRE2;ACKR2;PTPRC;UNC5CL;NFAM1;OR7C1;GABRB2;THBD;CALCR;FAS;EPHB3;LHCGR;HTR1F;OR2I1;OR10A3;CD200R1;LILRA6;GABRG1;TLR5;GABRG3;GPR39;TAS2R14;TRPA1;IL2RB;NPY;PAX8;ADGRG6;PLXNC1;OR52N2;GPRC6A;GPR182;GALR1;TMIGD3;EPHA5;GABRR1;IL10RB;ADGRL4;MPL;AVPR1B;GABRA1;TLR6;ADRA2A;FCER1G;GP1BA;EPHA6;TMEM63C;HPGD;SSTR1;IL17RB;APLNR;FCGR2A;LANCL1;SPHK1;NRP1;VIPR2;TNFRSF10C;KREMEN2;GABRP;NPFFR1;GFRA3;HCRTR1;QRFPR;OPRL1;OR10A6;GNRHR;AMHR2;ADGRA2;PTAFR;ACKR3;DDR2;P2RX7;TAS1R3;PTGDR;OR2A42;NPBWR1;NRXN3;PTCH1;GLRA3;P2RX3;LY75;GFRA1;CD79B;PPARG;NPY2R;GPR37;GHR;PDGFRL;HTR1D;ITGA2"
"GOMF_TRANSMEMBRANE_TRANSPORTER_BINDING",0.999073583906829,1,0.233032335079403,0.666590722393702,7548,141,"PKD2L1;ABCC9;TCAP;CDH5;CASR;AKAP6;TF;LRRC26;SCN4B;CAV3;TCAF2;ID2;ACTN3;PDE4B;LRRC55;SCN3B;ITPR2;FXYD1;SCN7A;ATP2A3;GSTM2;ANK2;KCNAB2;GPD1L;PANX1"
"GOMF_TRANSPORTER_ACTIVATOR_ACTIVITY",0.32978046452434,1,0.494110602057466,1.09307232624597,2072,24,"ABCC9;LRRC26;LRRC55;ATP1B2;ANK2;CLTRN;ATP1B1;ACTN2;PDZK1;SMDT1"
"GOMF_TRANSPORTER_ACTIVITY",0.942628829013421,1,0.271494196912775,0.874887921918125,9200,1131,"KCNJ15;SLC14A1;NIPAL4;SLC5A4;ATP13A4;PKD2L1;KCNJ5;APOA5;ABCA12;SLC34A3;GLRA1;OTOP2;GRIA2;TPTE2;ABCB5;CACNG3;GJA10;SLC26A10P;SLC11A1;GJA9;AQP2;APOC4;RHAG;SLC22A4;ABCA10;KCNIP4;SCNN1B;SLCO2B1;SLC17A8;SLC28A3;SLC12A3;SLC22A11;ATP4B;SCN2B;SLC18A3;SLC34A1;C8G;KCNA1;CNGB1;SLC10A2;ASIC4;ABCC9;CLDN16;AQP6;FABP2;ATP6V0D2;SLC17A3;CACNA1F;KCNG2;BEST2;SLC22A10;SLC36A2;APOA2;KCNH7;FAIM2;SLCO6A1;SLC6A12;CACNA1D;GLTPD2;TNFAIP8L3;GJD4;SV2C;TRPC7;XKR9;GJB2;ABCD2;ATP1A4;CLIC5;P2RX1;SLC37A2;STING1;GRID1;GRIK1;TRPC3;TMEM184A;SLC1A2;LRRC26;ATP8B1;SLC25A18;SCN4B;ATP2A1;SLC35E2A;GABRB2;AQP11;PKDREJ;SLC24A5;CD36;KCNB2;GABRG1;CPLX3;GABRG3;SLC26A1;TRPA1;CEACAM1;KCNV1;SLC44A3;SLC32A1;MFSD2B;TRPV3;SCNN1G;SLC16A4;SLC6A2;GABRR1;SLC16A14;SLC9B1;MTTP;SLC4A4;GABRA1;SCN3A;SLC25A41;SCN2A;GPM6A;SLC46A3;ATP2B3;TMEM63C;SLC12A1;SNAP25;TRPM2;TMC8;CNGA1;CACNB3;SLC10A7;NIPAL2;BEST1;RTBDN;KCNK9;MFSD1;ABCA3;SLC51B;TRPC6;HPX;PIEZO2;GABRP;CACNA1B;SLC16A7;CLIC6;SVOPL;LRRC55;TAP1;NIPA1;KCNT1;KCNJ6;MCOLN2;CACNG8;SLC12A7;SLC39A5;SCN3B;SLCO1B1;P2RX7;SCNN1D;TMEM144;GLRA3;SLC7A9;CFTR;SLC66A1LP;P2RX3;SLC6A20;SLC1A4;PRELID3A;GPR89B;ITPR2;SV2B;SLC34A2;CLDN4;GLRB;APOL3;SLC36A1;CLCNKB;P2RX2;KCNJ14;ABCB1;ATP8B3;SLC4A10;SLC41A2;SLC39A4;SLC46A2;SLC39A11;GJA5;SLC35A1;FXYD1;SCN7A;NIPAL3;SLC13A4;ATP10D;GRIK3;SLC9A9;SLC52A1;TMEM38A;APOM;CACNA1S;SLC4A1;MTCO2P12;SLC45A1;NDUFV3;SORL1;SLC44A5;SLC8A3;ATP2A3;SLC13A5;CACNA1E;PLEKHA8P1;TTPA;GJA3;SLC8A2;GRIN2D;HCN1;CLDN15;SLC26A2;KCNAB2;AQP4;TMEM150C;DMAC2L;ABCA4;UNC80;TAP2;BLTP1;OCA2;ATP11A;SLC22A5;TMEM266;KCNK17;SLC25A16;CLCN7;PANX1;SLC15A1;LETM2;GJA4;SLC24A3;SLC15A4;MFSD4B;SLC22A17;KCNH6;CLCN1"
"GOMF_TRANSPORTER_INHIBITOR_ACTIVITY",0.99938080495356,1,-0.200205982004393,-0.56313855979835,3227,56,"PLN;NHERF4;LYNX1;KCNMB2;RSC1A1;KCNE4;PCSK9;SLC30A1"
"GOMF_TRANSPORTER_REGULATOR_ACTIVITY",1,1,0.196572331465834,0.576411815335183,7833,185,"OSR1;CACNG3;KCNIP4;SCN2B;ABCC9;KCNG2;LRRC26;SCN4B;CAV3;KCNB2;NPY;KCNV1;WNK4;CACNB3;PDE4B;LRRC55;PRKCB;CACNG8;SCN3B;RRAD;TMPRSS3;CFTR;NPY2R;ATP1B2"
"GOMF_TRIACYLGLYCEROL_LIPASE_ACTIVITY",0.887092635360534,1,-0.322214241735936,-0.717368054551407,3456,17,"LIPN;LIPE;PNPLA5;PNPLA4;DAGLA"
"GOMF_TRIPEPTIDE_TRANSMEMBRANE_TRANSPORTER_ACTIVITY",0.986696613683483,1,0.260565275908479,0.470547366480628,5710,9,"SLC15A1;GJA1;SLC15A2;SLC13A3;ABCC5;SLC25A39;ABCC1;ABCC4;SLC25A40"
"GOMF_TRIPLET_CODON_AMINO_ACID_ADAPTOR_ACTIVITY",0.825059101654846,1,-0.389108661229644,-0.701411742123084,3489,7,"MT-TS1;ENSG00000227733;HYDIN2"
"GOMF_TRNA_BINDING",0.582249858677219,1,0.348141924502823,0.93708318173516,4119,81,"EIF1AY;TRMT9B"
"GOMF_TRNA_CYTIDINE_METHYLTRANSFERASE_ACTIVITY",0.97268326417704,1,0.289406933973473,0.511041571430918,5625,8,"NSUN6;TRDMT1;METTL8;METTL6;METTL2A;NSUN2;NSUN3;METTL2B"
"GOMF_TRNA_GUANINE_METHYLTRANSFERASE_ACTIVITY",0.974022761009401,1,-0.261864471963695,-0.535996405080983,3936,12,"TRMT5;THUMPD2;TRMT1;TRMT10B;TRMT10C;METTL1;TRMT11;TRMT1L;FTSJ1;TRMT10A;THUMPD3;TARBP1"
"GOMF_TRNA_METHYLTRANSFERASE_ACTIVITY",0.997385419870809,1,0.224112143270661,0.523907582958872,6484,33,"TRMT9B;NSUN6;BCDIN3D;TARBP1;TRDMT1;TRMO;TYW3;THUMPD3;TRMT10A;TRMT13;TRMT2B;TRMT12"
"GOMF_TRNA_PSEUDOURIDINE_SYNTHASE_ACTIVITY",0.327406353722143,1,-0.611664533448288,-1.14035206867859,1380,8,"PUSL1;PUS3;PUS1;PUS10;TRUB1;PUS7;RPUSD4"
"GOMF_TRNA_SPECIFIC_ADENOSINE_DEAMINASE_ACTIVITY",0.627676721160488,1,-0.50039318945262,-0.875919297946441,2725,6,"ADAD2"
"GOMF_TRNA_SPECIFIC_RIBONUCLEASE_ACTIVITY",0.993120393120393,1,0.239746350511081,0.494773788680301,6062,17,"ANG;RPPH1;ELAC1"
"GOMF_TRNA_URIDINE_METHYLTRANSFERASE_ACTIVITY",0.309204647006256,1,0.727963443943707,1.16321644343571,1729,5,"TRMT9B;TRMT2B;TRMT2A"
"GOMF_TROPOMYOSIN_BINDING",0.39,1,0.537937132565668,1.06520919907823,2339,14,"LMOD2;TMOD4;NEBL;LMOD1;S100A6;TNNT2"
"GOMF_TUBULIN_BINDING",1,1,0.179834353239115,0.556264115551576,8771,384,"NME8;CFAP144;TTLL2;PACRG;KIF4B;IRAG2;FTCD;TTLL9;SPACA9;AGBL3;KIF19;CAV3;DCDC1;SAXO1;TOGARAM2;SLC6A2;AGBL4;NAV3;SAXO2;NIN;STMN2;FAM110C;GAS2L2;PDE4B;RAD51D;MAP1LC3B2;STARD9;NCALD;KIF12;MTUS2;KIFC2;NEFL;STMND1;CCDC88B;KATNAL2;KIF13B;SPMIP6;FMN1;CCDC181;EML5;SPAG6;MX1;DIXDC1;FEZ1;KIF26B;CGN;DNM3;IFT74;CCSAP;KIF3A;HOOK3;KIF25;SUN2;CEP350;CCDC88C;CCSER2;CCDC61;CCP110;HAUS4;CEP57L1;BLOC1S2;DNAH10;TAOK1;DCLK2;REEP3;TTLL7;WASHC1;HOOK1;NUMA1;MAP10;DNM1;MACF1;JAKMIP1;MTUS1;HTT;TRPV4;NDN;HDAC6;TUBGCP5;GJA1;TRIM54;MARK4;JMY;KIF5A;DST;EFHC1"
"GOMF_TUMOR_NECROSIS_FACTOR_BINDING",0.433645520409966,1,0.649628241594594,1.07609667250329,2453,6,"A2M;TMC8;ADAM17"
"GOMF_TUMOR_NECROSIS_FACTOR_RECEPTOR_ACTIVITY",0.873481057898499,1,-0.349531098553267,-0.686602364682405,3665,10,"TNFRSF4;TNFRSF18;TNFRSF1B;TNFRSF14"
"GOMF_TUMOR_NECROSIS_FACTOR_RECEPTOR_BINDING",0.982255025125628,1,0.266159792032763,0.594571483565773,6254,25,"LTB;TNFSF10;TNFSF13;TNFSF4;TRAF3;CD70;TRAF5;CASP8;TRAF1;TNFSF11"
"GOMF_TUMOR_NECROSIS_FACTOR_RECEPTOR_SUPERFAMILY_BINDING",0.980693815987934,1,0.264126321537298,0.645694195584095,6501,43,"LTB;NGF;TNFSF10;NOL3;TNFSF13;TNFSF4;PIDD1;TRAF3;CD70;CASP8AP2;TRAF5;CASP8;TRAF1"
"GOMF_TYPE_1_ANGIOTENSIN_RECEPTOR_BINDING",0.444419237749546,1,-0.632316507623269,-1.06433342200724,1958,5,"EDNRB"
"GOMF_TYPE_1_FIBROBLAST_GROWTH_FACTOR_RECEPTOR_BINDING",0.499911645166991,1,0.618123891273478,1.02391032286628,2828,6,"FGF17;FGF23;NPTN"
"GOMF_TYPE_2_FIBROBLAST_GROWTH_FACTOR_RECEPTOR_BINDING",0.0825172288719623,1,0.865126636924019,1.33538638470748,454,4,"FGF10;FGF17"
"GOMF_TYPE_I_TRANSFORMING_GROWTH_FACTOR_BETA_RECEPTOR_BINDING",0.964674570529881,1,-0.277071435575993,-0.557281743207475,3986,11,"TGFB3;LRG1;FKBP1A;SNX6;SMAD7;SMAD6;TGFBR2;SMAD2;FERMT2"
"GOMF_TYPE_II_TRANSFORMING_GROWTH_FACTOR_BETA_RECEPTOR_BINDING",0.996251490884307,1,0.22627164140427,0.426526829036781,5846,11,"AMH;ENG;TGFB1"
"GOMF_U1_SNRNA_BINDING",0.808677098150782,1,-0.38979466277013,-0.726710681660557,3410,8,"SNRPB2;GEMIN5;ISG20;COIL;SNRPC;SNRNP70;SNRPA;PRPF8"
"GOMF_U1_SNRNP_BINDING",0.72434988179669,1,-0.440765947629484,-0.79452975993477,3063,7,"LEMD3;SNRPB;SNRPD1;RBM23;SNRNP70;RBM39;SNRPA"
"GOMF_U2_SNRNA_BINDING",0.793784029038113,1,-0.428933531297443,-0.721993317706417,3498,5,"SNRPA1;ISG20;COIL;SF3B3"
"GOMF_U3_SNORNA_BINDING",0.803512102515425,1,-0.387425495097097,-0.74309038588147,3385,9,"DHX37;NHP2;RRP9;ISG20;XRCC5;TBL3;SNU13;UTP25;PRKDC"
"GOMF_U4_SNRNA_BINDING",0.701588763527516,1,-0.460582882509191,-0.806232865668923,3046,6,"PRPF31;PRPF4;DDX39B;GEMIN5"
"GOMF_U6_SNRNA_BINDING",0.759870064967516,1,-0.372230769230769,-0.795953200154677,3040,14,"PRPF4;DDX39B;EIF5A;LSM7;LSM2;LSM3;LSM8;RBM22;TUT1;METTL16;LSM4;LARP7;PRPF8;SART3"
"GOMF_UBIQUINONE_BINDING",0.942436104075524,1,-0.306405721316518,-0.536351593026126,4092,6,"SDHB;SDHD;COQ10B;COQ10A;ETFDH;MT-ND4"
"GOMF_UBIQUITIN_BINDING",1,1,-0.164080592867068,-0.505276623505442,2731,106,"SIRT2;FBXW7;RAE1;UBXN8;UBE2A;CUEDC2;UBXN10;RNFT1;ILRUN;REV1;GGA2;TRIM32;PRKN;CUEDC1;HGS;NSFL1C;UEVLD;USP25;UCHL3;RNF8;SPRTN;OTULINL;DNAJB2;N4BP2;RBCK1;STAM;FAF2;BUB3;AUP1;ZFAND2B;FAAP20;UCHL1;MARCHF7;CKS2;NOD1;ASCC2;RNF185;OTUB1;USP16;NPLOC4;MVB12A;UBXN2A;CKS1B;UBE2N;DHX16;VPS36;HSPB1;MVB12B;USP13;USPL1;PLAA;EPS15;SQSTM1;IKBKG;SEM1;TOP2A;RNF31;N4BP1;RNF168;UBXN1;BIRC2;USP33;FAF1;VPS28;SHARPIN;RAD23B;GGA3;FBXO7;UBAP1;RNF19B;RAD23A;SMARCAD1;TSG101;MAP3K7;TAB2;NUP62;JARID2;TAB3;TOLLIP;UBXN2B;NBR1;DDI2;USP5;UBE2L6;DNAAF10;TNFAIP3;AMFR;UBR5;OTUB2;TOM1L1;NEDD4;MARK4;HDAC6;UBXN7;MDM2;SMAD3;WDR48;NOD2;STAM2;KLF1;TOM1;GGA1;UBXN11;CXCR4;UBAP1L;TOM1L2"
"GOMF_UBIQUITIN_CONJUGATING_ENZYME_BINDING",0.995526072199938,1,0.232631296705715,0.54113915169387,6452,32,"SIAH3;RNF19A;RNF144A;FOXL2;RNF217;MARCHF6;RNF125;DCUN1D2"
"GOMF_UBIQUITIN_LIGASE_ACTIVATOR_ACTIVITY",0.153523489932886,1,0.67131086669132,1.29070853392771,914,12,"CDC20B;CDKN1B"
"GOMF_UBIQUITIN_LIGASE_COMPLEX_SCAFFOLD_ACTIVITY",0.746723850369311,1,-0.403091832025842,-0.791814537243325,3133,10,"CUL1;SKP1;CUL3;CUL4A;CUL5;DDB1;CUL4B;CUL7;CUL9;CUL2"
"GOMF_UBIQUITIN_LIGASE_INHIBITOR_ACTIVITY",0.915443919423029,1,-0.316372447213569,-0.662217644597976,3680,13,"ARHGAP5-AS1;LIMK1;BAG5;FBXO5;RPS15;RPL11;HTRA2;RPL23;RPL5;RPS20;RPS7;RPL37;CDKN2A"
"GOMF_UBIQUITIN_LIKE_LIGASE_SUBSTRATE_ADAPTOR_ACTIVITY",0.998854961832061,1,-0.223050348359432,-0.696858554952671,2616,118,"KLHL40;KLHL30;FBXO32;CCIN;KLHL6;RAB40B;KLHL4;SPSB1;FBXO4;IPP;FBXW7;KLHL18;FZR1;FBXO31;SPSB4;KLHL2;KLHL21;SH3BGRL;KLHL26;AMBRA1;KLHL10;KCTD17;DCAF12"
"GOMF_UBIQUITIN_LIKE_MODIFIER_ACTIVATING_ENZYME_ACTIVITY",0.234929711698833,1,-0.621279856320628,-1.22041277655951,985,10,"UBA7;ATG7;UBA2;UBA1;MOCS3;SAE1;UBA5;NAE1"
"GOMF_UBIQUITIN_LIKE_PROTEIN_BINDING",1,1,-0.164201012012824,-0.517240710998064,2578,125,"SIRT2;FBXW7;RAE1;UBXN8;UBE2A;CUEDC2;UBXN10;RNFT1;ILRUN;HERC2;REV1;GGA2;TRIM32;SIMC1;PRKN;CUEDC1;UBA2;PELP1;HGS;DCUN1D5;NSFL1C;UEVLD;USP25;UCHL3;RNF8;SPRTN;GCNA;OTULINL;DNAJB2;N4BP2;RBCK1;STAM;TDG;FAF2;BUB3;SERBP1;AUP1;ZFAND2B;HABP4;FAAP20;UCHL1;MARCHF7;CKS2;NOD1;ASCC2;RNF185;OTUB1;USP16;NPLOC4;MVB12A;UBXN2A;CKS1B;UBE2N;DHX16;DCUN1D1;VPS36;HSPB1;PML;MVB12B;USP13;USPL1;PLAA;EPS15;SQSTM1;IKBKG;SEM1;TOP2A;RNF31;N4BP1;DCUN1D3;RNF168;UBXN1;RNF4;BIRC2;USP33;FAF1;VPS28;SHARPIN;RAD23B;GGA3;FBXO7;UBAP1;RNF19B;RAD23A;SMARCAD1;TSG101;MAP3K7;TAB2;DCUN1D4;NUP62;JARID2;SOBP;TAB3;RNF111;TOLLIP;UBXN2B;NBR1;DDI2;USP5;UBE2L6;DNAAF10;TNFAIP3;AMFR;UBR5;OTUB2;TOM1L1;NEDD4;DCUN1D2;MARK4;HDAC6;UBXN7;MDM2;SMAD3;WDR48;NOD2;STAM2;KLF1;TOM1;GGA1;CASP8AP2;UBXN11;CBX4;CXCR4;UBAP1L;TOM1L2"
"GOMF_UBIQUITIN_LIKE_PROTEIN_CONJUGATING_ENZYME_ACTIVITY",0.984070796460177,1,-0.251366751366751,-0.667728051763106,3335,40,"UBE2S;UBE2A;CDC34;UBE2F;UBE2T;UBE2J2;UBE2E3;TAF1;UBE2D2;UBE2D1;UBE2Z;UBE2B;UBE2L3;UBE2O;UBE2I;UBE2H;UBE2Q1;UBE2C;UBE2V1;UBE2E2;UBE2E1;UBE2Q2;UBE2N;UBE2K;UBE2M;UBE2R2;UFC1;TSG101;UBE2D3;UBE2W;UBE2J1;UBE2D4;AKTIP;UBE2G2;ATG3;UBE2G1;UBE2L6;UBE2QL1;BIRC6;ATG10"
"GOMF_UBIQUITIN_LIKE_PROTEIN_CONJUGATING_ENZYME_BINDING",0.999696048632219,1,0.187288266091777,0.449376448029056,6577,38,"SIAH3;RNF19A;RNF144A;FOXL2;RNF217;MARCHF6;RNF125;DCUN1D2;RPS3;SIAH1;ANKIB1;TRIM72;TCERG1;TOLLIP"
"GOMF_UBIQUITIN_LIKE_PROTEIN_LIGASE_ACTIVITY",0.996906419180201,1,-0.241585762415721,-0.846921558232862,1288,368,"MKRN3;TRIM49D2;RNF133;BIRC7;TRIM31;TRIM43B;ASB4;TRIM61;TRIM4"
"GOMF_UBIQUITIN_LIKE_PROTEIN_LIGASE_BINDING",1,1,0.100769044969766,0.30746976450985,8511,306,"AICDA;PACRG;DIO2;PARP9;STING1;ARRB1;EGR2;GGN;PAX6;MAP1LC3B2;SH3KBP1;RIGI;TXNIP;PTPN22;GPR37;DTX3L;MAP1LC3C;MAGEA2;ANKRA2;ABCB1;CXCR4;SMAD5;TRAF3;LTBR;CDKN1B;PER3;NKD2;TLR3;FZD8;TRAF5;IKBKE;FZD6;CASP8;ITCH;SMAD3;WASHC1;ARRDC1;STAT2;RHOBTB3;TRAF1;USP2;MDM2;UBXN7;NFKBIA;EGFR;HLTF;FHIT;HDAC6"
"GOMF_UBIQUITIN_LIKE_PROTEIN_PEPTIDASE_ACTIVITY",0.48864258347017,1,0.353881708494474,0.986226755410819,3570,110,"USP9Y;SENP7"
"GOMF_UBIQUITIN_LIKE_PROTEIN_READER_ACTIVITY",0.592451027233636,1,0.415970986558684,0.913384592494569,3719,23,"CCDC38;PEX6;FAN1;RNF169;ANKRD13D;BARD1"
"GOMF_UBIQUITIN_LIKE_PROTEIN_SPECIFIC_ENDOPEPTIDASE_ACTIVITY",0.752457551385165,1,0.500634286816346,0.799966041450725,4209,5,"SENP7;SENP2"
"GOMF_UBIQUITIN_MODIFIED_HISTONE_READER_ACTIVITY",0.400656530753283,1,0.600542158365249,1.08450187805767,2318,9,"CCDC38;RNF169;BARD1;BRCA1"
"GOMF_UBIQUITIN_PROTEIN_TRANSFERASE_ACTIVATOR_ACTIVITY",0.295028524857376,1,0.545407494628917,1.13751582843521,1809,18,"CDC20B;CDKN1B;BMI1"
"GOMF_UBIQUITIN_PROTEIN_TRANSFERASE_INHIBITOR_ACTIVITY",0.90913718503436,1,-0.316408954534964,-0.696065676370625,3571,16,"ARHGAP5-AS1;GLMN;LIMK1;OTUB1;BAG5;FBXO5;RPS15;PARK7;RPL11;HTRA2;RPL23;RPL5;RPS20;RPS7;RPL37;CDKN2A"
"GOMF_UBIQUITIN_PROTEIN_TRANSFERASE_REGULATOR_ACTIVITY",0.462917560527122,1,0.422163988625156,1.00280668998477,3020,36,"CDC20B;CDKN1B;BMI1"
"GOMF_UBIQUITIN_SPECIFIC_PROTEASE_BINDING",0.899479166666667,1,-0.31192967869658,-0.71149202485726,3453,19,"NHERF4"
"GOMF_UBIQUITIN_UBIQUITIN_LIGASE_ACTIVITY",0.948841944515144,1,-0.291176244326487,-0.640556427197378,3727,16,"TRAF6;STUB1;PELI1;PPIL2;PRPF19;UBE2K;RBX1;UBE4A;UBE4B;HUWE1;AMFR;UBOX5;ANAPC11;UBR5;PELI2;ITCH"
"GOMF_UDP_GLUCOSYLTRANSFERASE_ACTIVITY",0.6316180108857,1,-0.428989623425271,-0.878075953750871,2552,12,"GYG2;EPM2A"
"GOMF_UDP_GLYCOSYLTRANSFERASE_ACTIVITY",0.692038259463829,1,0.31966741923972,0.902631577331274,5136,125,"GALNT15;B3GALT2;GCNT7;UGT2B15;UGT2B4;CSGALNACT1;B4GALNT1;GALNT5;B3GNT4;B3GNT8;MGAT4A"
"GOMF_UDP_N_ACETYLGLUCOSAMINE_TRANSMEMBRANE_TRANSPORTER_ACTIVITY",0.893148820326679,1,-0.35441577915337,-0.596562883448259,3936,5,"SLC35A3;SLC35D1;SLC35D2;TMEM241;SLC35B4"
"GOMF_UDP_XYLOSYLTRANSFERASE_ACTIVITY",0.964729936956892,1,0.301272930046533,0.567905844187432,5661,11,"GXYLT2;POGLUT2;POGLUT3;XYLT2;POGLUT1;XYLT1;LARGE1;LARGE2;GXYLT1;XXYLT1;RXYLT1"
"GOMF_UNFOLDED_PROTEIN_BINDING",0.997374343585896,1,-0.229159556994766,-0.710897912626368,2658,112,"HSPA6;CALR3;CRYAB;HSP90B2P;DNAJA4;HSP90AA2P;HSPA2;HSPA8;NACA2;HSPA1A;SHQ1;DNAJA1;AHSP;SRSF12;NDUFAF1;PDRG1;HSPB6;DNAJC4;CDC37L1;HSPA1B;RP2;CHAF1B;HSP90AB3P;DNAJB11;HSPA1L;CCAR2;AFG3L2;GRPEL1;NUDCD3;CCT2;TMEM67;HSP90AA1;DNAJB4;RUVBL2;TRAP1;CDC37;DNAJB2;VMA22;TTC1;NPM1;NUDC;CHAF1A;HSPD1;PFDN1;CCT7;PTGES3;CCT4;SSUH2;HSP90AB1;HEATR3;CCT6A;DNAJB1;HSPA9;CCT3;NACAD;DNAJA2;TUBB4B;TIMM10B;SRSF10;CCT5;AHSA1;DNAJA3;NAP1L4;SCG5"
"GOMF_UNIPORTER_ACTIVITY",0.525742916378715,1,0.543007247222835,0.980601230420074,3042,9,"SLC17A8;MFSD1;SLC16A12;SLC2A4;SLC17A7;SLC17A9"
"GOMF_UNMETHYLATED_CPG_BINDING",0.904457088667615,1,-0.334691994155195,-0.623980445217864,3814,8,"KDM2B;DNMT3A;KDM2A;KMT2B;FBXL19;MBD1;KMT2A;CXXC1"
"GOMF_UREA_TRANSMEMBRANE_TRANSPORTER_ACTIVITY",0.228660208371413,1,0.826776206389907,1.21527557295283,1250,3,"SLC14A1;AQP7"
"GOMF_URIDYLYLTRANSFERASE_ACTIVITY",0.652113652113652,1,0.513501011092781,0.880790101972364,3763,7,"UAP1L1;GALT;UAP1;UGP2"
"GOMF_VASCULAR_ENDOTHELIAL_GROWTH_FACTOR_BINDING",0.635836053681538,1,0.594266390660372,0.917293738404235,3505,4,"NRP1;KDR"
"GOMF_VASCULAR_ENDOTHELIAL_GROWTH_FACTOR_RECEPTOR_2_BINDING",0.897009966777409,1,-0.339477913707363,-0.651125899269533,3779,9,"GREM1"
"GOMF_VASCULAR_ENDOTHELIAL_GROWTH_FACTOR_RECEPTOR_ACTIVITY",0.85177304964539,1,-0.373626060632324,-0.673502628449685,3602,7,"FLT4;FLT3"
"GOMF_VASCULAR_ENDOTHELIAL_GROWTH_FACTOR_RECEPTOR_BINDING",0.555583188261626,1,-0.443732187947835,-0.928801755409373,2233,13,"GREM1;VEGFD"
"GOMF_VASOPRESSIN_RECEPTOR_ACTIVITY",0.338045591093833,1,0.692005701952389,1.1462941195358,1912,6,"AVPR1A;AVPR1B;AVPR2"
"GOMF_VERY_LONG_CHAIN_FATTY_ACID_COA_LIGASE_ACTIVITY",0.912197437114381,1,-0.326475677754278,-0.626187332618728,3843,9,"ACSL4;ACSF3;SLC27A3;SLC27A4;SLC27A6;SLC27A1;ACSBG1;SLC27A5;SLC27A2"
"GOMF_VERY_LOW_DENSITY_LIPOPROTEIN_PARTICLE_BINDING",0.171960072595281,1,-0.779153964303862,-1.31149447325851,757,5,"IHH;PCSK9;TREM2"
"GOMF_VINCULIN_BINDING",0.728104898565067,1,-0.398677281782157,-0.816031240207035,2942,12,"NRAP"
"GOMF_VIRION_BINDING",0.2396183071214,1,0.733823039337519,1.21556373365022,1355,6,"CD209;PTX3;HIPK2"
"GOMF_VITAMIN_B6_BINDING",0.904846335697399,1,0.296872738198144,0.752321678325948,6123,54,"GAD2;GAD1;ALB;GADL1;KYAT1;THNSL2;MOCOS;SRR;PDXDC2P-NPIPB14P;PHYKPL;PYGL;MTARC2;PNPO"
"GOMF_VITAMIN_BINDING",0.379507651363939,1,0.362971545379178,1.03446396871908,2851,136,"GAD2;CUBN;RHO;GAD1;CYP2W1;RLBP1;TKTL1;KL;C8G;ALB;RBP3;GADL1;FTCD;DHFRP1;IRX5;KYAT1"
"GOMF_VITAMIN_D_BINDING",0.69499911645167,1,0.512560638987778,0.849046828255221,3932,6,"KL;IRX5"
"GOMF_VITAMIN_TRANSMEMBRANE_TRANSPORTER_ACTIVITY",0.516193181818182,1,-0.377650655770307,-0.95648822899108,1816,32,"SLC2A14;SLC22A1;GC;ABCG2;SLC2A6;SLC25A32;RBP4;SLC19A3;SLC23A1;SLC5A6;SLC19A1;SLC2A1;SLC52A3"
"GOMF_VOLTAGE_GATED_CALCIUM_CHANNEL_ACTIVITY",0.40100324579522,1,-0.38263834356996,-1.02032558811011,1358,41,"OPRM1;CACNG2;CACNG1;CACNA2D4;CATSPER4;CACNA2D3;CATSPER2"
"GOMF_VOLTAGE_GATED_CALCIUM_CHANNEL_ACTIVITY_INVOLVED_IN_CARDIAC_MUSCLE_CELL_ACTION_POTENTIAL",0.772832886505809,1,0.488383368136949,0.780390236959956,4323,5,"CACNA1D;CACNB2"
"GOMF_VOLTAGE_GATED_CHANNEL_ACTIVITY",0.993013100436681,1,-0.238848878734158,-0.777249722336782,2273,165,"OPRM1;KCNJ13;CYBB;CACNG2;CACNG1;CACNA2D4;CATSPER4;SCN1A;KCNE1;KCNH4;KCNH3;TMC4;KCNK3;CACNA2D3;KCNIP2;KCNH5;KCNJ12;KCNH1;CATSPER2;KCNK15;KCNS1;KCNQ1;CALHM6;CLCNKA;KCNJ2;GRIN2C;KCNC1;GRIN3B;KCNE4;KCNA2;CACNA1I;CACNA1G;KCNE3;KCNK7;KCND2;KCNF1;GRIN2A;KCNQ5;KCNE5;KCND3;CACNG5"
"GOMF_VOLTAGE_GATED_CHLORIDE_CHANNEL_ACTIVITY",0.851923542221147,1,-0.354126142884266,-0.712264091069598,3520,11,"TMC4;CLCNKA"
"GOMF_VOLTAGE_GATED_MONOATOMIC_ANION_CHANNEL_ACTIVITY",0.871580671580672,1,0.347295316647135,0.716726737412778,5320,17,"SLC17A3;GPR89B;CLCNKB;CLCN1;ANO1;ANO6;GPR89A;CLCN4;CLCN5"
"GOMF_VOLTAGE_GATED_MONOATOMIC_CATION_CHANNEL_ACTIVITY",0.993153443415223,1,-0.235976128634711,-0.746617481032994,2465,133,"OPRM1;KCNJ13;CYBB;CACNG2;CACNG1;CACNA2D4;CATSPER4;KCNE1;KCNH4;KCNH3;KCNK3;CACNA2D3;KCNIP2;KCNH5;KCNJ12;KCNH1;CATSPER2;KCNS1;KCNQ1;KCNJ2;KCNC1;KCNE4;KCNA2;CACNA1I;CACNA1G;KCNE3;KCNK7;KCND2;KCNF1;KCNQ5;KCNE5;KCND3;CACNG5"
"GOMF_VOLTAGE_GATED_MONOATOMIC_ION_CHANNEL_ACTIVITY_INVOLVED_IN_REGULATION_OF_PRESYNAPTIC_MEMBRANE_POTENTIAL",0.29645390070922,1,-0.656692416604802,-1.18376129309018,1253,7,"SCN1A;KCNC1;KCNA2"
"GOMF_VOLTAGE_GATED_POTASSIUM_CHANNEL_ACTIVITY",0.771080967696826,1,0.314371548299357,0.855994257759376,5513,89,"KCNJ15;KCNJ5;SCN2B;KCNA1;ABCC9;KCNG2;KCNH7;LRRC26;KCNB2;KCNV1;SNAP25;KCNK9;LRRC55;KCNT1;KCNJ6"
"GOMF_VOLTAGE_GATED_POTASSIUM_CHANNEL_ACTIVITY_INVOLVED_IN_CARDIAC_MUSCLE_CELL_ACTION_POTENTIAL_REPOLARIZATION",0.383333333333333,1,0.540844057626583,1.07096541691199,2299,14,"KCNJ5;SCN2B"
"GOMF_VOLTAGE_GATED_SODIUM_CHANNEL_ACTIVITY",0.892235824742268,1,0.328471311759427,0.707576489268533,5538,21,"SCN2B;SCN4B;SCN3A;SCN2A;SCN3B;SCN7A;HCN1"
"GOMF_VOLUME_SENSITIVE_ANION_CHANNEL_ACTIVITY",0.918751489158923,1,-0.319523004472463,-0.627655883408572,3855,10,"TTYH2;LRRC8E"
"GOMF_VOLUME_SENSITIVE_CHLORIDE_CHANNEL_ACTIVITY",0.782667876588022,1,-0.436499611516534,-0.73472876261997,3449,5,"TTYH2"
"GOMF_WATER_CHANNEL_ACTIVITY",0.328492392807746,1,0.648756000686598,1.1455886060301,1899,8,"AQP2;AQP6;AQP11;AQP4"
"GOMF_WATER_TRANSMEMBRANE_TRANSPORTER_ACTIVITY",0.248935082637587,1,0.63534360195296,1.19763612535799,1460,11,"SLC14A1;AQP2;AQP6;AQP11"
"GOMF_WD40_REPEAT_DOMAIN_BINDING",0.204728132387707,1,-0.711822412530194,-1.28313925698096,865,7,"TERC"
"GOMF_WIDE_PORE_CHANNEL_ACTIVITY",0.521752545510645,1,0.414412840692447,0.963993307173312,3381,32,"GJA10;GJA9;C8G;GJD4;GJB2"
"GOMF_WNT_PROTEIN_BINDING",0.99859865470852,1,-0.206858924663471,-0.517489780126558,3562,30,"SFRP4;CTHRC1;FZD2;APCDD1;WIF1;FZD5;TRABD2A;FZD1"
"GOMF_WNT_RECEPTOR_ACTIVITY",0.900214062242714,1,0.339255152452501,0.691343798029187,5466,16,"FZD10;FZD3;FZD8;FZD6;TSPAN12;PKD1;LRP6;FZD4"
"GOMF_WW_DOMAIN_BINDING",0.958114349418697,1,0.29113601217815,0.639273306159583,6015,23,"SCNN1B;SCNN1G;PPARG;NFE2"
"GOMF_XENOBIOTIC_TRANSMEMBRANE_TRANSPORTER_ACTIVITY",0.876797998749218,1,0.322983671582475,0.734963942167593,5607,28,"ABCB5;SLC17A3;ABCA3;ABCB1"
"GOMF_ZINC_CHAPERONE_ACTIVITY",0.833484573502722,1,-0.40360984773788,-0.679367761587239,3673,5,"ZNG1C;ZNG1F"
"GOMF_ZINC_ION_TRANSMEMBRANE_TRANSPORTER_ACTIVITY",0.101816180517336,1,-0.55253328100741,-1.32944758153758,369,25,"SLC30A8;SLC39A2;SLC30A4"
"GOMF_ZINC_PROTON_ANTIPORTER_ACTIVITY",0.116379310344828,1,-0.815843813539638,-1.37325188796974,512,5,"SLC30A8"
