"pathway","pval","padj","ES","NES","nMoreExtreme","size","leadingEdge"
"GOBP_MITOCHONDRIAL_ELECTRON_TRANSPORT_CYTOCHROME_C_TO_OXYGEN",0.000520156046814044,0.332390233679137,-0.812378008642308,-1.86115148523359,1,19,"COX6A2;COX7A1"
"GOBP_PEPTIDYL_SERINE_AUTOPHOSPHORYLATION",0.00045382346267302,0.332390233679137,-0.967063210724974,-1.63626551042455,1,5,"TNNI3K"
"GOBP_POSTSYNAPTIC_SIGNAL_TRANSDUCTION",0.000628733102797862,0.332390233679137,-0.629972735494761,-1.76244320344417,1,53,"WNT3A;OPRM1;HRH4;CHRNA2;PSCA;LY6S;LYNX1;LY6G6D;CHRNA1;CHRM5;LY6H;CHRM1;LY6E"
"GOBP_10_FORMYLTETRAHYDROFOLATE_METABOLIC_PROCESS",0.957843814789219,1,-0.286104275607505,-0.49900692646797,4157,6,"MTHFD2L;MTHFD1;AASDHPPT;MTHFD1L;ALDH1L2;ALDH1L1"
"GOBP_2_OXOGLUTARATE_METABOLIC_PROCESS",0.923295454545455,1,-0.304214007554453,-0.689010249620003,3574,18,"TAT;COL6A1;D2HGDH;IDH1;GPT2;DLST;KGD4;DLD;GOT1;GOT2;KYAT3"
"GOBP_2FE_2S_CLUSTER_ASSEMBLY",0.659219248711024,1,-0.424700679126517,-0.853972943445743,2684,11,"LYRM4;FXN;BOLA2B;GLRX3;NDUFAB1;GLRX5;FDX2;NFS1"
"GOBP_4FE_4S_CLUSTER_ASSEMBLY",0.542545949625596,1,-0.571962138881338,-0.967756720285734,2390,5,"LYRM4;FXN;FDX2;NFS1"
"GOBP_5_PHOSPHORIBOSE_1_DIPHOSPHATE_METABOLIC_PROCESS",0.39363595905652,1,-0.691790154566839,-1.11888942350182,1768,4,"PRPS1;PRPSAP1;PRPS2"
"GOBP_ACETYL_COA_METABOLIC_PROCESS",0.838396111786148,1,-0.303162478989269,-0.808906764732207,2759,41,"TDO2;SIRT4;ACSS2;HMGCS1;MVD;FASN;ACLY;PDK3;HMGCR;MVK;PGK1;PDHA1;NME1;GCDH"
"GOBP_ACETYLCHOLINE_METABOLIC_PROCESS",0.369500115180834,1,-0.641480172077833,-1.11883350355043,1603,6,"FSHR;SLC5A7;BCHE;COLQ"
"GOBP_ACROSOMAL_VESICLE_EXOCYTOSIS",0.437424268651549,1,0.595470518953916,1.05308100876044,2526,8,"EQTN;HYAL3"
"GOBP_ACROSOME_ASSEMBLY",0.978989649312529,1,0.265526750136916,0.612792003216515,6336,30,"GARIN1A;CCDC38;PFN4;MYCBPAP;RFX2"
"GOBP_ACROSOME_REACTION",0.153928790669122,1,0.527311930686176,1.23570072540066,1002,33,"EQTN;PRND;GLRA1;ZP2;ROPN1B;AKAP3;PKDREJ;CCDC87;ACR;HYAL3;GLRB;PCSK4"
"GOBP_ACTIN_CROSSLINK_FORMATION",0.99851949333772,1,0.194433528589954,0.385948301808343,6069,14,"GAS2L2;EPS8;BAIAP2L1;BAIAP2L2"
"GOBP_ACTIVATION_OF_IMMUNE_RESPONSE",0.997261774370208,1,0.248948573186152,0.780571902055666,9104,506,"CD22;HAVCR2;CD274;CFB;GFI1;CLEC7A;ZAP70;NLRC4;CD226;CD3E;GBP1;BLNK;A2M;C8G;FYB1;C5AR1;RSAD2;SCIMP;SH2D1A;FYB2;TRAC;TRIM15;ITGAM;CD8A;MYO1G;CASR;STING1;LPXN;SLA2;BTK;MEF2C;OAS1;PTPRC;BTN2A3P;CLEC6A;NFAM1;IFIH1;CD36;NAIP;PYDC1;TLR5;CEACAM1;LRRC19;GATA3;BTN3A2;TMIGD3;BANK1;TLR6;FCER1G;RFTN1;BTN3A3;MASP1;CACNB3;LIPA;IRF5;FOXP3;TLR7;PDE4B;ERMAP;NMI;PRKCB;RAB7B;MOG;COLEC11;PVRIG;CCDC92;P2RX7;RIGI;CD79B;PTPN22;HMSD;RC3H1;DDX60;C4B;F2RL1;LGALS9;HLA-A;MASP2;PDPK1;SLC46A2;HLA-DQB1;FOSL1"
"GOBP_ACTIVATION_OF_INNATE_IMMUNE_RESPONSE",0.999881164587047,1,0.235745977911776,0.714451840738554,8413,284,"HAVCR2;CD274;GFI1;CLEC7A;NLRC4;RSAD2;SCIMP;TRIM15;CASR;STING1;BTK;OAS1;CLEC6A;IFIH1;CD36;NAIP;PYDC1;TLR5;LRRC19;TLR6;RFTN1;MASP1;IRF5;TLR7;NMI;RAB7B;COLEC11;CCDC92;P2RX7;RIGI;PTPN22;DDX60;F2RL1;LGALS9;MASP2;PDPK1;SLC46A2;FOSL1;PLCG2;ADCY7;PIK3R1;RNF170;SARM1;RNF144A;TRAF3;LACC1;SLC15A4;HCFC2;SMPDL3A;ZDHHC1;TRAF3IP3"
"GOBP_ACTIVATION_OF_STORE_OPERATED_CALCIUM_CHANNEL_ACTIVITY",0.679146811890175,1,-0.492033797610571,-0.832518416650178,2992,5,"CRACR2A;STIMATE"
"GOBP_ACUTE_INFLAMMATORY_RESPONSE",0.334080403417846,1,0.394627631181486,1.06334030580804,2384,84,"ORM1;CD163;SERPINA1;FCGR3A;SAA1;F2;FCGR2C;IL31RA;SERPINF2;NPFF;CREB3L3;FCGR1A;BTK;NPY;GATA3;IL10RB;FCER1G;LIPA;FCGR2A;IL6;FN1;IL1A;ASH1L;IL22RA1;TNFSF4"
"GOBP_ACUTE_INFLAMMATORY_RESPONSE_TO_ANTIGENIC_STIMULUS",0.461167390255668,1,0.458135637016557,1.00505552269126,2867,23,"FCGR3A;FCGR2C;IL31RA;NPFF;FCGR1A;BTK;NPY;GATA3;FCER1G;FCGR2A"
"GOBP_ACYL_COA_METABOLIC_PROCESS",1,1,-0.175300643990155,-0.539675553146999,2738,100,"ACSL5;TDO2;ACSL6;SIRT4;BAAT;ACOT2;ACOT1;ACSS2;ACOT9;HMGCS1;OXSM;MVD;ACSL4;ACSF3;FASN;ACLY;PDK3;HMGCR;MVK;ELOVL2;PGK1;GPAT4"
"GOBP_ADAPTIVE_IMMUNE_MEMORY_RESPONSE",0.339322736696614,1,-0.659449155341106,-1.15017398978022,1472,6,"CD160;CD27"
"GOBP_ADAPTIVE_IMMUNE_RESPONSE",0.338952370177622,1,0.337337450789697,1.04462809375418,2995,402,"KDM5D;IL9R;MR1;ARG1;HAVCR2;AICDA;CD274;IL12B;CLEC7A;FCGR3A;ZAP70;SLC11A1;IGLV5-52;CD226;HLA-DRB5;CD209;EOMES;CD3E;FCRLB;C8G;ERAP2;CX3CR1;FCGR2C;BTLA;IL2RG;CLEC4D;RSAD2;XCL1;SH2D1A;TRAC;PSMB9;SASH3;HLA-DMB;CD8A;MYO1G;HLA-H;SIGLEC10;SLA2;FCGR1A;BTK;WAS;MEF2C;PRDM1;AIRE;PTPRC;CLEC6A;LILRA6;CD1C;CEACAM1;IL2RB;GATA3;RIPK3;BTN3A2;FCER1G;RFTN1;BTN3A3;IL17RB;TFEB;ULBP1;FCGR2A;IL6;CADM1;FOXP3;HPX;NFKB2;TNFSF13;CARD9;PRKCB;PSMB8;TAP1;MCOLN2;ERAP1;ALCAM;P2RX7;CLC;HLA-G;RAB27A;CD79B;RC3H1;PRKCQ;JAG1;BCL6;C4B;TNFRSF13C;LGALS9;HLA-F;IL18;TNFSF4;HLA-A;B2M;MASP2;HLA-DQB1"
"GOBP_ADAPTIVE_IMMUNE_RESPONSE_BASED_ON_SOMATIC_RECOMBINATION_OF_IMMUNE_RECEPTORS_BUILT_FROM_IMMUNOGLOBULIN_SUPERFAMILY_DOMAINS",0.0411980584823014,1,0.406790898103827,1.23492734134453,347,291,"KDM5D;IL9R;MR1;ARG1;HAVCR2;AICDA;CD274;IL12B;CLEC7A;FCGR3A;SLC11A1;CD226;FCRLB;C8G;FCGR2C;BTLA;IL2RG;RSAD2;XCL1;PSMB9;SASH3;CD8A;MYO1G;HLA-H;SLA2;FCGR1A;BTK;WAS;MEF2C;AIRE;PTPRC;CLEC6A;CD1C;CEACAM1;IL2RB;GATA3;RIPK3;BTN3A2;FCER1G;RFTN1;BTN3A3;IL17RB;ULBP1;FCGR2A;IL6;CADM1;FOXP3;HPX;NFKB2;TNFSF13;CARD9;PSMB8;P2RX7;CLC;HLA-G;RAB27A;RC3H1;PRKCQ;JAG1;BCL6;C4B;LGALS9;HLA-F;IL18;TNFSF4;HLA-A;B2M;MASP2"
"GOBP_ADENOSINE_METABOLIC_PROCESS",0.388088845496705,1,-0.547042394420174,-1.06910089777155,1589,10,"NT5C1A"
"GOBP_ADENYLATE_CYCLASE_INHIBITING_G_PROTEIN_COUPLED_GLUTAMATE_RECEPTOR_SIGNALING_PATHWAY",0.952919020715631,1,0.315476584808228,0.57163334524224,5565,9,"GRM7;GRM5;GRIK3;GRM1"
"GOBP_AIM2_INFLAMMASOME_COMPLEX_ASSEMBLY",0.327770360480641,1,-0.724247100221288,-1.17138472568587,1472,4,"PYDC5"
"GOBP_ALANINE_METABOLIC_PROCESS",0.987769921651061,1,0.333210840816767,0.467974115728409,5168,2,"GPT;GPT2"
"GOBP_ALCOHOL_METABOLIC_PROCESS",0.987035739313245,1,0.254622917077708,0.777144084086161,8450,314,"APOA5;CUBN;APOBR;CYP3A4;SULT1A4;SCNN1B;IP6K3;TKTL1;LIPC;ADH6;MOGAT3;APOA2;BMP5;PTH1R;SDR9C7;CYP46A1;FMO5;ALDH1A1;GALR2;CH25H;SULT2B1;DHFRP1;AKR1D1;ACP3;CYP2C18;LHCGR;WNT4;SGPP2;PLPP2;TPK1;MTTP;AVPR1B;HSD17B6;AKR1C1;ACSS1;LIPA;SPHK1;RDH16;ALDH1A3;SYNJ1;PTAFR;DAB2;TTC39B;PPIP5K2;CFTR;NUDT4B;CYP27A1"
"GOBP_ALDEHYDE_METABOLIC_PROCESS",0.548693923906871,1,0.360821535011189,0.952748732907164,3864,71,"SCNN1B;ALDOB;ALDH8A1;BMP5;ALDH1A1;DHRS4L1;BCO2;WNT4;MGAT4A;AKR1C1;ALDH1A3;DAB2"
"GOBP_ALDITOL_PHOSPHATE_METABOLIC_PROCESS",0.80365296803653,1,-0.389955413779324,-0.742877528212613,3343,9,"GPD1;GPAT2;ACP6"
"GOBP_ALKALOID_METABOLIC_PROCESS",0.607357968419339,1,0.44322554755482,0.904841694473513,3730,16,"CYP3A4;PARP9;NMRK1;CES2;PARP10"
"GOBP_ALKANESULFONATE_METABOLIC_PROCESS",0.559150830337271,1,0.52452989728404,0.950431170815133,3265,9,"FMO1;GHR;CSAD;PTER"
"GOBP_ALLANTOIN_METABOLIC_PROCESS",0.578668509560009,1,-0.53313100569158,-0.929857004024284,2511,6,"NT5C1A"
"GOBP_ALPHA_AMINO_ACID_METABOLIC_PROCESS",0.900931829328102,1,-0.263734395975073,-0.875431392158066,1836,192,"BHMT2;ASPA;IDO2;SDS;UROC1;TDO2;ACMSD;AMDHD1;HGD;NDP;GGT1;TAT;ASPG;KYNU;HDC;AZIN2;SIRT4;BAAT;IL4I1;KMO"
"GOBP_ALPHA_LINOLENIC_ACID_METABOLIC_PROCESS",0.818797629127858,1,0.399893851835535,0.741870150980576,4834,10,"ELOVL3;ABCD1;ACOT8"
"GOBP_AMIDE_METABOLIC_PROCESS",1,1,0.200232058394157,0.622946666983335,8916,437,"GSTM1;EEF1AKMT4-ECE2;ARG1;ACOT6;B3GALT2;ABCA12;ALDOB;URAD;REN;THEM5;ACSM6;PM20D1;FTCD;P2RX1;B4GALNT1;SLC1A2;ELOVL3;ST8SIA6;FUT3;DHFRP1;PLAAT5;CD36;ACSM1;GSTM3;PLPP2;TPK1;CARNS1;PLA2G4E;PLAAT4;ACSS1;GSTO2;PCSK2;SPHK1;CROT;NEU4;EFNA1;PCSK1N;ST8SIA3;GALC;P2RX7;LRRTM3;CPS1;NPL"
"GOBP_AMINE_METABOLIC_PROCESS",0.842367256637168,1,0.30046009936674,0.820566430119438,6091,92,"DMGDH;TH;SULT1A4;KL;VCAM1;GNAT2;ITGAM;ITGB2;AOC3;NPY;GATA3;SLITRK1;PAOX;INMT;GPR37;DRD4;CHDH"
"GOBP_AMINO_ACID_BETAINE_METABOLIC_PROCESS",0.697553017944535,1,0.402433841313525,0.841420024946209,4275,18,"DMGDH;SLC22A4;CROT;CPT1B;CHDH;ACADL"
"GOBP_AMINO_ACID_IMPORT_ACROSS_PLASMA_MEMBRANE",0.391400382859667,1,0.415875419579485,1.03964355737941,2657,49,"SLC22A4;SLC17A8;SLC1A2;GFAP;SLC6A20;SLC1A4;SLC36A1;CLTRN;SLC7A2;GRM1;CLN8;SLC6A6;SLC7A7;SLC38A3;SLC1A3;RGS4;SEPTIN2;PSEN1;SLC7A11;RGS2"
"GOBP_AMINO_ACID_METABOLIC_PROCESS",0.999398677089597,1,-0.232335050327812,-0.797908605044056,1661,271,"BHMT2;ASPA;IDO2;SDS;DIO1;UROC1;TDO2;ACMSD;AMDHD1;HGD;NDP;GGT1;TAT;ASPG;KYNU;HDC;HPDL;AZIN2;SIRT4;BAAT;IL4I1;KMO"
"GOBP_AMINO_ACID_NEUROTRANSMITTER_REUPTAKE",0.36346516007533,1,0.611941998511999,1.10881906470579,2122,9,"SLC17A8;SLC6A12;CLN8"
"GOBP_AMINO_SUGAR_METABOLIC_PROCESS",0.339679208514466,1,0.44322939572527,1.07320084845657,2265,40,"CHI3L2;CHIT1;CSGALNACT1;ALDH1A1;UAP1L1;NPL;SLC35A1;AMDHD2;FN3K;OVGP1;CTBS"
"GOBP_AMINOGLYCAN_METABOLIC_PROCESS",0.0532594801874734,1,0.502694415115771,1.33284049704597,374,74,"LYVE1;SPAM1;ITIH1;ITIH2;CHI3L2;ITIH6;CHIT1;STAB2;FOXC1;GALNT5;B3GNT4;B3GNT8"
"GOBP_AMINOPHOSPHOLIPID_TRANSLOCATION",0.761581330546848,1,0.457943415839574,0.787288239640325,4372,7,"ATP8B1;ATP11A;ATP8A1;TMEM30A;TMEM30B"
"GOBP_AMINOPHOSPHOLIPID_TRANSPORT",0.766649546310563,1,0.432434191903369,0.783556738022606,4477,9,"ATP8B1;ATP11A;ATP8A1;TMEM30A;TMEM30B;SCARB2"
"GOBP_AMP_METABOLIC_PROCESS",0.293947368421053,1,-0.466719489436655,-1.10638943992904,1116,22,"NT5C1A"
"GOBP_AMPA_GLUTAMATE_RECEPTOR_CLUSTERING",0.90929479192624,1,-0.325916986603368,-0.672025214182702,3648,12,"FRRS1L;SHISA7"
"GOBP_AMPA_SELECTIVE_GLUTAMATE_RECEPTOR_SIGNALING_PATHWAY",0.935330156569095,1,-0.314472663995375,-0.53208597779375,4121,5,"SHANK1"
"GOBP_AMYLOID_BETA_METABOLIC_PROCESS",1,1,0.161596926629362,0.410826369920259,6850,54,"CD36;EFNA1;LRRTM3;MME;SORL1;GSAP;ABCA7;APH1B;SP1;LRP1;BACE2;ABCA2;PSEN1;DYRK1A;IFNGR1;ABCG1;ACE;BACE1;PSENEN"
"GOBP_AMYLOID_PRECURSOR_PROTEIN_METABOLIC_PROCESS",1,1,-0.177280086346465,-0.520598172253204,2957,72,"NTRK2;LYN;ADAM19;PSEN2;EFNA3;PICALM;FKBP1A;BIN1;DHCR24;SLC2A13;GSK3A;CASP3;ITM2A;EPHA4;APOE;TMED10;CLN3;ADAM9;NECAB2;AATF;ITM2B;RELA;RTN4;RTN1;PIN1;NSG1;HAP1;LDLRAP1;CHRNA7;SOAT1;ROCK1;NCSTN;ITM2C;APOA1;FLOT2;GGA3;RANBP9;RTN2;SPON1;AGO2;ROCK2;RTN3;CLU;APH1A;ACHE;PRNP;NECAB3;AGER;DLG1;APP;PSENEN;BACE1;ADAM10;ABCG1;IFNGR1;DYRK1A;PSEN1;ABCA2;BACE2;NAGLU;ADAM17;SP1;NECAB1;PAWR;APH1B;ABCA7;GSAP;TMCC2;SORL1;KLK6;LRRTM3;EFNA1"
"GOBP_ANDROGEN_METABOLIC_PROCESS",0.73380355276907,1,-0.357955502025557,-0.828732326183849,2808,20,"SRD5A2;CYP19A1"
"GOBP_ANTERIOR_POSTERIOR_AXON_GUIDANCE",0.855793595945635,1,-0.381707545741526,-0.665752753277325,3714,6,"UNC5C"
"GOBP_ANTEROGRADE_AXONAL_TRANSPORT",1,1,-0.149260628465804,-0.406986836440145,3223,46,"NETO1;DLG2;MAP2;BLOC1S3;MAP1A;MGARP;DTNBP1;KIF21A;BLOC1S4;BLOC1S5;KIF1C;SOD1;RAB21;KIF5C;KIF3B;HAP1;AP3D1;AGTPBP1;MAPK8IP3;BLOC1S1;HSPB1;SPG7;KIF5B;AP3M2;BLOC1S6;AP3M1;KIF1A;ARL8B;AP3B1;ARL8A;SNAPIN;KIF4A;AP3S2;KIF1B;AP3S1;SPAST;KIF5A;BORCS5;BLOC1S2;TRIM46;KIF3A;FEZ1;AP3B2;NEFL;RAB27B;AGBL4"
"GOBP_ANTEROGRADE_DENDRITIC_TRANSPORT",0.839433293978749,1,0.386787278393083,0.731626827786017,4976,11,"KIFC2;KIFAP3;KIF5A;RAB17"
"GOBP_ANTEROGRADE_DENDRITIC_TRANSPORT_OF_NEUROTRANSMITTER_RECEPTOR_COMPLEX",0.830721003134796,1,0.419681289153583,0.721508666615386,4769,7,"KIFC2;KIFAP3;KIF5A"
"GOBP_ANTEROGRADE_NEURONAL_DENSE_CORE_VESICLE_TRANSPORT",0.933968686181076,1,-0.315788263526838,-0.534311964797486,4115,5,"MAP2;KIF1C"
"GOBP_ANTIBACTERIAL_INNATE_IMMUNE_RESPONSE",0.917479883581579,1,0.351227015531463,0.636411966833431,5358,9,"TLR6;CXCL6;TFEB;MARCHF2;NOD2"
"GOBP_ANTIFUNGAL_INNATE_IMMUNE_RESPONSE",0.118349080059672,1,0.680103955942714,1.33214820479761,713,13,"CLEC7A;PLA2G5;CX3CR1;CLEC4D;CLEC6A;SPI1;CARD9"
"GOBP_ANTIGEN_PROCESSING_AND_PRESENTATION_ENDOGENOUS_LIPID_ANTIGEN_VIA_MHC_CLASS_IB",0.496655837951462,1,0.732449899991192,1.02868079989098,2598,2,"CD1C;CD1D"
"GOBP_ANTIGEN_PROCESSING_AND_PRESENTATION_OF_LIPID_ANTIGEN_VIA_MHC_CLASS_IB",0.59159964253798,1,0.58616903805122,0.944168646965512,3309,5,"CD1C;AP3B1"
"GOBP_ANTIMICROBIAL_HUMORAL_IMMUNE_RESPONSE_MEDIATED_BY_ANTIMICROBIAL_PEPTIDE",0.198815566835871,1,0.434427209603408,1.1608021585953,1409,78,"H2BC19P;KLK3;DMBT1;H2BC14;DEFA6;CXCL8;CCL22;F2;RNASE6;REG1A;CCL25;XCL1;H2BC26;CXCL11;NTS;CCL5;CXCL2;H2BC8;SPINK5;ANG;NPY;SEMG1;LEAP2;CXCL1;KLK7;CXCL6;POMC"
"GOBP_ANTIVIRAL_INNATE_IMMUNE_RESPONSE",1,1,-0.208746827211377,-0.606253133845272,2980,68,"NMBR;TRIM31;NLRP1;IFIT5;OAS3;ZDHHC11"
"GOBP_APOPTOTIC_MITOCHONDRIAL_CHANGES",1,1,0.178218388697579,0.493840887292663,7311,105,"ERBB4;IFIT2;ATP2A1;EYA2;TNFSF10;CAMK2A;NOL3;NPTX1;BBC3;IFI6;PPM1K;BIK;HRK;BLOC1S2;SMAD3;PTPMT1"
"GOBP_ARACHIDONATE_METABOLIC_PROCESS",0.170708955223881,1,-0.431847076837634,-1.18713639120031,548,48,"PLA2G10;CYP2E1;PTGS2;CYP2B6;CYP2F1;CYP2C8;PLA2G4C;MGLL;ALOXE3;CTHRC1;PRXL2B;CYP2A6;CYP2D6;DAGLA;CYP2J2"
"GOBP_ARACHIDONATE_METABOLITE_PRODUCTION_INVOLVED_IN_INFLAMMATORY_RESPONSE",0.931868131868132,1,0.391913190759536,0.579791928071418,5087,3,"ALOX5;FADS2"
"GOBP_ARGININE_METABOLIC_PROCESS",0.344161117427318,1,0.518082164212361,1.09585564499183,2118,19,"ARG1;SLC39A8;ATP2B4;AGMAT;ASL;ASS1"
"GOBP_AROMATIC_AMINO_ACID_METABOLIC_PROCESS",0.192434704293005,1,-0.439683543828259,-1.1702842722976,640,40,"IDO2;UROC1;TDO2;ACMSD;AMDHD1;HGD;TAT;KYNU;HDC;HPDL;IL4I1;KMO"
"GOBP_ASPARTATE_METABOLIC_PROCESS",0.149965445749827,1,-0.767161631020596,-1.33804000931785,650,6,"ASPA"
"GOBP_ASYMMETRIC_NEUROBLAST_DIVISION",0.448283805574752,1,-0.602093676363318,-1.05013780115622,1945,6,"FGF13;DOCK7;TEAD3"
"GOBP_ATF6_MEDIATED_UNFOLDED_PROTEIN_RESPONSE",0.956065413717354,1,-0.285033071835102,-0.557048441038069,3916,10,"DDIT3;CREBZF;WFS1;MANF;HSPA5;MBTPS2;XBP1;MBTPS1;ATF6B;ATF6"
"GOBP_ATP_BIOSYNTHETIC_PROCESS",1,1,-0.179084122325909,-0.55121759020426,2718,101,"FAM3A;LDHC;TREM2;UQCC3;NDUFA6;NDUFC1;ATPSCKMT;SDHB;DNAJC30;NDUFB10;NDUFC2;PRKN;NDUFV1;ATP5MC3;ATP5MK;NDUFV2;NDUFA3;NDUFA10;NDUFS7;NDUFA12;ENO1;SLC25A13;SDHD;PARP1;NDUFB3;NDUFB2;SPHK2;ALDOA;NDUFA5;NDUFA7;NDUFB11;VCP;ATP5IF1;NDUFAB1;NDUFB4;NDUFB7;ATP6V0C;NDUFS5;ATP5PB;STOML2;ATP5F1E;NDUFB9;NDUFS3;ATP5F1B;ATP5PO;NDUFS8;NDUFS6;NDUFB6;MT-ND1;PPARA;ATP5MC1;TMSB4X;NDUFA11;NDUFA8;ATP5MJ;NDUFB5;ATP5F1C;ATP5MC2;NUDT2;ATP5MG;BCL2L13;NDUFS2;NDUFA13;PINK1;NDUFA2;ATP5F1A;NDUFB8;SDHA;STAT3;NDUFS1;ATP5F1D;SDHC;ADCY10;MT-ATP8;ATP5PD;PRKAG2;NDUFS4;ATP5MF;NDUFA9;MT-ND2;COX11;ATP5ME;ATP5PF;ANTKMT;MT-ND3;MT-ATP6;NDUFA1;NDUFB1;LETMD1;MT-ND5;VPS9D1;MT-ND6;MAP2K1;TAFAZZIN;MT-ND4;MT-ND4L;TGFB1;DMAC2L;PID1;NDUFV3"
"GOBP_ATP_EXPORT",0.68084595049267,1,-0.443363302816171,-0.844621264016212,2832,9,"CALHM6;CALHM5;CALHM3;CALHM1;ANKH"
"GOBP_ATP_METABOLIC_PROCESS",1,1,0.174667469082318,0.520650544482073,8152,225,"ZBTB20;PFKFB1;HTR2A;ALDOB;ABCC9;GAPDHS;MYH3;MTTP;SLC4A4;LIPA;ACTN3;AK5;P2RX7;ENO3;DDIT4;MYH6;SLC4A1;FBP1;NDUFV3;PID1;MLXIPL;DMAC2L"
"GOBP_ATP_SYNTHESIS_COUPLED_ELECTRON_TRANSPORT",0.0989698307579102,1,-0.396638759421507,-1.21193417862144,268,96,"COX6A2;COX7A1;CHCHD2;UQCRHL;BID;NDUFA4L2;NDUFC2-KCTD14;UQCC3;NDUFA6;NDUFC1;NDUFAF1;COX7B;SDHB;NDUFB10;NDUFC2;UQCRB;NDUFV1;NDUFV2;NDUFA3;NDUFA10;NDUFS7;NDUFA12;GHITM;COX5A;CYC1;CDK1;SDHD;NDUFB3;NDUFB2;CYCS;NDUFA5;NDUFA7;SDHAF2;NDUFAB1;NDUFB4;NDUFB7;UQCRC1;DLD;NDUFS5;COX7A2L;UQCR11;NDUFB9;COX8A;MTCH2;UQCRH"
"GOBP_ATP_TRANSPORT",0.936029606132699,1,-0.288365301831268,-0.691997176863021,3540,23,"SLC25A31;CALHM6;SLC25A24;CALHM5;SLC25A25;CALHM3;CALHM1;ANKH;SLC25A23"
"GOBP_AUTOPHAGY_OF_MITOCHONDRION",1,1,-0.201684938502155,-0.631847461183841,2511,118,"IRGM;BECN2;FBXW7;RETREG1;UBE2A;FUNDC1;SREBF1;FZD5;SNX7;USP36;ATG7;ATG9B;EIF2S1;STUB1;WDR45;USP30;GSK3A;SPATA33;CERS1;SREBF2;AMBRA1;MFN2;SPATA18;HK2;PRKN;MUL1;TOMM7;TIMM23;UBXN6;SLC25A46;PPTC7;ATG4A;MAP1LC3A;CDC37;VDAC1;CUL1;ATG5;NIPSNAP3A;BECN1;VCP;ATP5IF1;ARFIP2"
"GOBP_AUTOPHAGY_OF_PEROXISOME",0.980564913189946,1,-0.254827294407262,-0.561259743927666,3783,16,"PIK3R4;WDR45;USP30;PEX2;WIPI2;SQSTM1;WDR45B;RB1CC1;ATM;PEX5;ATG2A;ACBD5;PIK3C3;ATG2B;WIPI1;PJVK"
"GOBP_AXO_DENDRITIC_PROTEIN_TRANSPORT",0.666666666666667,1,-0.448891164821237,-0.855152017834513,2773,9,"NETO1;DLG2;MAP1A"
"GOBP_AXO_DENDRITIC_TRANSPORT",1,1,0.163501717299889,0.443874885668473,7173,89,"SYBU;AGBL4;APBA1;RUFY4;RAB27B;KIFC2;NEFL;AP3B2;FEZ1;KIFAP3;KIF3A;TRIM46;BLOC1S2;PURA;BORCS5;HDAC6;TMEM108;SPG11;KIF5A;DST;SPAST;RAB17"
"GOBP_AXON_CHOICE_POINT_RECOGNITION",0.95350052246604,1,0.32146994966921,0.552665464811483,5474,7,"ROBO1;ROBO2;APP;GAP43"
"GOBP_AXON_DEVELOPMENT",1,1,0.1876521376087,0.588720086307143,9134,510,"CHL1;EVX1;BHLHE22;OLIG3;POU4F2;SHOX2;NR2E1;CNTN5;NEUROG1;BHLHE23;CNTN6;RTN4RL1;GRM7;WNT7B;EPHA10;POTEE;POTEF;ISLR2;DHFRP1;EPHB3;POU4F3;NGF;FEZF1;NTN1;GDNF;GATA3;PLXNC1;PCDHAC2;EPHA5;CDHR2;EGR2;POU3F2;NIN;EPHA6;SLITRK1;SLITRK3;GDF7;PAX6;FAT4;NRP1;SZT2;NEUROG3;CDH11;WNT5A;FOXD1;GBX2;EFNA1;GFRA3;LHX1;ARHGEF25;DSCAM;SEMA6D;FN1;SEMA3E;ALCAM;NRXN3;PTCH1;KIFC2;NEFL;PRKCQ;INPP5F;RTN4RL2;PRKCA;BCL11B;KIAA1755;KLF4;KIF13B;NPTX1;PRICKLE1;LHX4;SLITRK4;SEMA3D;SLITRK2;NTRK3"
"GOBP_AXON_ENSHEATHMENT_IN_CENTRAL_NERVOUS_SYSTEM",0.999471319058948,1,-0.183678965795852,-0.440778848816641,3780,23,"GPM6B;PLP1;MAG;KCNJ10;MIOS;CCDC39;HES5;SOX10;ERCC2;NKX6-2;NCSTN;B4GALT5;B4GALT6;CLU;CNTN2;FA2H;PTEN;ABCA2;MYRF;CNTN1;CNTNAP1;ID4;TENM4"
"GOBP_AXON_EXTENSION",1,1,0.175846418675956,0.490011808060092,7395,109,"POU4F2;ISLR2;POU4F3;NGF;NTN1;NRP1;WNT5A;DSCAM;SEMA6D;FN1;ALCAM;NTRK3;L1CAM;NRCAM;SLIT2;SEMA5B;TRIM46;CDKL3;WNT3;SEMA7A;LAMB2;MACF1;CDKL5;NDN;GOLGA4;SPG11;MEGF8;NRP2;EDN2;AUTS2;CDH4;CDH1"
"GOBP_AXON_MIDLINE_CHOICE_POINT_RECOGNITION",0.882752457551385,1,0.40191670500794,0.647385185716726,4938,5,"ROBO1;ROBO2;APP;ROBO3"
"GOBP_AXONAL_FASCICULATION",0.998392024441229,1,0.197165344304841,0.432540283195088,6208,23,"EPHB3;EPHA5;NRP1;NRCAM;AMIGO1;NCAM2;NDN;MEGF8;EFNA5"
"GOBP_AXONAL_TRANSPORT",1,1,0.129294010528158,0.341904860333479,7043,72,"SYBU;AGBL4;RUFY4;RAB27B;NEFL;AP3B2;FEZ1;KIF3A;TRIM46;BLOC1S2;BORCS5;HDAC6;TMEM108;KIF5A;DST;SPAST"
"GOBP_AXONAL_TRANSPORT_OF_MITOCHONDRION",0.926100373558551,1,0.314040039404242,0.664262492915182,5701,19,"SYBU;AGBL4;NEFL;FEZ1;HDAC6;SPAST"
"GOBP_AXONEMAL_CENTRAL_APPARATUS_ASSEMBLY",0.56945404284727,1,-0.538225561945357,-0.938742641446226,2471,6,"SPAG17;HYDIN"
"GOBP_AXONEMAL_DYNEIN_COMPLEX_ASSEMBLY",0.985156013329294,1,0.257979840357939,0.615680718257877,6503,37,"ZMYND10;CCDC40;DNAH3;CFAP57;TEKT2;ODAD1;DNAAF19;DNAAF11;CCDC63;CLXN;DNAH7;TTC12;ODAD3;DNAAF3;CFAP73;DNAAF4"
"GOBP_AXONEME_ASSEMBLY",0.996558370044053,1,0.241580482940905,0.664697507958954,7238,99,"RSPH6A;CFAP206;HOATZ;FSIP2;CFAP44;CFAP43;DNAJB13;SPACA9;ZMYND10;CFAP74;RP1L1;CCDC40;DNAH3;CFAP57;TEKT2;ODAD1;CPLANE2;DNAAF19;DNAAF11;CCDC63;LRRC46;FBXO24;CLXN;DNAH7;TTC12;CCDC146"
"GOBP_AXONOGENESIS_INVOLVED_IN_INNERVATION",0.891786621507197,1,0.365183290076609,0.67747623850976,5265,10,"NRP1;NPTX1;ITGA4;NTRK1;COL25A1;EDNRA;EDN1"
"GOBP_B_CELL_ACTIVATION_INVOLVED_IN_IMMUNE_RESPONSE",0.595509499136442,1,-0.315542859121455,-0.93818357119424,1723,79,"TLR4;GPR183;TBX21;FCGR2B;DOCK10;POU2AF1;PARP3;CDH17"
"GOBP_B_CELL_PROLIFERATION_INVOLVED_IN_IMMUNE_RESPONSE",0.00511793502447708,1,-0.952039116650421,-1.53981159076651,22,4,"TLR4"
"GOBP_BENZENE_CONTAINING_COMPOUND_METABOLIC_PROCESS",0.516481749477408,1,0.441078266358521,0.967635153706011,3211,23,"GSTM1;ALDH8A1;KYAT1;ACSM1;GSTM3"
"GOBP_BILE_ACID_METABOLIC_PROCESS",0.955281533204576,1,0.283985240970388,0.69550692091645,6429,43,"PROX1;CYP46A1;ATP8B1;AKR1D1;MALRD1;NR5A2;AKR1C1"
"GOBP_BRAIN_DERIVED_NEUROTROPHIC_FACTOR_RECEPTOR_SIGNALING_PATHWAY",0.749822485207101,1,-0.420858785269428,-0.783163047779621,3167,8,"CAPS2;NTRK2"
"GOBP_BRANCHED_CHAIN_AMINO_ACID_METABOLIC_PROCESS",0.988049972840847,1,-0.245113129136525,-0.60248153556519,3637,26,"ACADSB;ALDH6A1;BCAT1;ECHS1;BCKDK;PCCB;DLD;BCAT2;PCCA;HIBCH;HSD17B10;ACAT1;MCCC2;HMGCL;ACAD8;MCCC1;DBT;IVD;BCKDHA;SLC25A44;AUH;HMGCLL1;HIBADH;MCRIP2;BCKDHB;PPM1K"
"GOBP_BRANCHING_INVOLVED_IN_PROSTATE_GLAND_MORPHOGENESIS",0.963145539906103,1,-0.273195678086669,-0.493755907141576,4102,7,"BMP4;NKX3-1;BMP7;FRS2;FEM1B;SFRP1;FGFR2"
"GOBP_BRANCHIOMOTOR_NEURON_AXON_GUIDANCE",0.982159624413146,1,-0.247438607520833,-0.447204271216687,4183,7,"PLXNA4;SEMA3A;PLXNA3;SEMA3F"
"GOBP_C21_STEROID_HORMONE_METABOLIC_PROCESS",0.213306637917758,1,0.511685793083344,1.18636466857063,1384,31,"SCNN1B;DHRS2;BMP5;CYP46A1;AKR1D1;WNT4;EGR1;AKR1C1;LHB;DAB2;AKR1C3;AKR1C2"
"GOBP_CALCIUM_ACTIVATED_PHOSPHATIDYLCHOLINE_SCRAMBLING",0.875879282958929,1,-0.368535009785667,-0.623559162636533,3859,5,"PLSCR4;ANO4"
"GOBP_CALCIUM_ACTIVATED_PHOSPHOLIPID_SCRAMBLING",0.853755868544601,1,-0.376659940530149,-0.680750412754904,3636,7,"PLSCR4;ANO4;ANO7"
"GOBP_CALCIUM_DEPENDENT_CELL_CELL_ADHESION",0.900855709648864,1,0.301654800987155,0.74765667039597,6105,46,"CDH12;CDH20;CDH5;PCDHB10;PCDHB9;PCDHB11;PCDHB14;CDH8;PCDHGC3;CDH11;PCDHB13;CDH13"
"GOBP_CALCIUM_IMPORT_INTO_THE_MITOCHONDRION",0.569577610779995,1,-0.41726710822847,-0.919035109086315,2197,16,"PSEN2;MICU3;MCUB;MCUR1;AFG3L2;SLC25A23;VDAC1;UCP2"
"GOBP_CALCIUM_INDEPENDENT_CELL_CELL_ADHESION",0.339775864869254,1,0.520054173657211,1.10002687077684,2091,19,"CLDN20;CLDN16;CLDN9;CLDN4;CLDN23;CLDN18;CLDN15;CX3CL1;CLDN19;CLDN3"
"GOBP_CALCIUM_ION_EXPORT_ACROSS_PLASMA_MEMBRANE",0.954583402905326,1,0.312266225703921,0.602166955058184,5716,12,"ATP2B3;SLC8A3;SLC8A2;SLC24A4"
"GOBP_CALCIUM_ION_HOMEOSTASIS",0.396553773024361,1,0.337795693029797,1.02372374203988,3336,284,"ATP13A4;HTR2A;KL;F2;CNGB1;GPR12;F2RL3;CASQ2;DRD5;XCL1;GP5;PTH1R;GCM2;CXCL11;CDH5;TRPC7;CASR;CCL5;P2RX1;AKAP6;SGCD;TRPC3;PTPRC;ATP2A1;ADCY8;CAV3;SLC24A5;TRPA1;FGF23;NPY;NGF;WNK4;GP1BA;ATP2B3;TRPM2;CALCB;SLC10A7;DMTN;APLNR;WNT5A;TRPC6;HCRTR1;NOL3;ITGB3;PRKCB;CALB2;P2RX7;ITPR2;SV2B;DRD4;PDPK1;CASQ1;GRM5;JPH4;TMTC2;TMEM178A;TMEM38A;CACNA1S;PLCG2;SLC8A3;ATP2A3;CCDC3;SLC8A2;GSTM2;ANK2;GSTO1;LIME1"
"GOBP_CALCIUM_ION_IMPORT",0.98327664399093,1,0.259583317065317,0.689503052954534,6937,75,"CACNA1F;CRH;CACNA1D;CASR;P2RX1;ATP2A1;CAV3;SLC24A5;TRPV3;SEMG1;TRPM2;CACNA1B;HES1;CCL2;CACNA1S;SLC8A3;CACNA1E;STRIT1"
"GOBP_CALCIUM_ION_IMPORT_ACROSS_PLASMA_MEMBRANE",0.656986467994526,1,0.373237318579552,0.887035040096112,4320,36,"CACNA1F;CACNA1D;P2RX1;TRPV3;TRPM2;CACNA1B;CACNA1S;SLC8A3;CACNA1E"
"GOBP_CALCIUM_ION_IMPORT_INTO_SARCOPLASMIC_RETICULUM",0.827239003709592,1,0.432502630980054,0.719232917411758,4682,6,"MRLN;ATP2A1;STRIT1"
"GOBP_CALCIUM_ION_REGULATED_EXOCYTOSIS",0.451852911718415,1,0.382915012366003,1.00104371723913,3157,66,"UNC13C;EQTN;RPH3A;SYT15;ADRA2A;SNAP25;SCIN;CACNA1B;HYAL3;DOC2A;CADPS;CADPS2"
"GOBP_CALCIUM_ION_REGULATED_EXOCYTOSIS_OF_NEUROTRANSMITTER",0.988379705400982,1,0.255471032913916,0.514448883331501,6038,15,"SNAP25;CACNA1B;SYT1;RAB3GAP1;STXBP3;STX1B"
"GOBP_CALCIUM_ION_TRANSMEMBRANE_IMPORT_INTO_CYTOSOL",0.467939620694104,1,0.344743797727296,0.997206797706876,3626,161,"HTR2A;F2;F2RL3;CACNA1F;CASQ2;XCL1;GP5;CACNA1D;CXCL11;P2RX1;AKAP6;TRPC3;PTPRC;TRPA1;NGF;TRPV3;GP1BA;TRPM2;CACNB3;APLNR;NOL3;CACNA1B;ITGB3;P2RX7;P2RX3;ITPR2;P2RX2;PDPK1;CASQ1;JPH4;TMEM38A;CACNA1S;PLCG2;SLC8A3;CACNA1E;GSTM2;GRIN2D;ANK2;GSTO1;LIME1"
"GOBP_CALCIUM_ION_TRANSMEMBRANE_TRANSPORT",1,1,0.2202246765611,0.668576592498009,8443,292,"PKD2L1;CACNG3;HTR2A;F2;CNGB1;F2RL3;CACNA1F;CASQ2;XCL1;FAIM2;GP5;CACNA1D;CXCL11;TRPC7;P2RX1;AKAP6;TRPC3;PTPRC;ATP2A1;PKDREJ;SLC24A5;TRPA1;NGF;TRPV3;GPM6A;GP1BA;ATP2B3;TRPM2;CNGA1;CACNB3;APLNR;TRPC6;NOL3;CACNA1B;ITGB3;PDE4B;MCOLN2;CACNG8;P2RX7;P2RX3;ITPR2;P2RX2;PDPK1;CASQ1;JPH4;TMEM38A;CACNA1S;PLCG2;SLC8A3;ATP2A3;CACNA1E;SLC8A2;CRHR1;GSTM2;GRIN2D;ANK2;GSTO1;LIME1;GAS6;PANX1;LETM2;SLC24A3"
"GOBP_CALCIUM_ION_TRANSMEMBRANE_TRANSPORT_VIA_HIGH_VOLTAGE_GATED_CALCIUM_CHANNEL",0.611801242236025,1,-0.402516970513651,-0.895687070015009,2363,17,"CACNG1"
"GOBP_CALCIUM_ION_TRANSPORT",1,1,0.221168440399177,0.682465049377858,8773,373,"PKD2L1;MRLN;CACNG3;HTR2A;F2;CNGB1;F2RL3;CACNA1F;CASQ2;XCL1;FAIM2;CRH;GP5;CACNA1D;CXCL11;TRPC7;CASR;CCL5;P2RX1;AKAP6;TRPC3;PTPRC;ATP2A1;CAV3;EFHB;PKDREJ;SLC24A5;TRPA1;NGF;TRPV3;SEMG1;ADRA2A;CAMK2A;GPM6A;GP1BA;ATP2B3;TRPM2;CNGA1;CACNB3;APLNR;BEST1;TRPC6;NOL3;CACNA1B;ITGB3;PDE4B;PRKCB;MCOLN2;CACNG8;P2RX7;HES1;CRACR2B;P2RX3;ITPR2;P2RX2;PDPK1;CASQ1;JPH4;CCL2;TMEM38A;CACNA1S;PLCG2;MYB;SLC8A3;ATP2A3;CACNA1E;SLC8A2;STRIT1;CRHR1;GSTM2;GRIN2D;ANK2;GSTO1;LIME1"
"GOBP_CALCIUM_ION_TRANSPORT_INTO_CYTOSOL",0.954975935413756,1,0.286581347236141,0.657300821529393,6150,29,"TRPC3;CACNB3;P2RX7;P2RX3;P2RX2;JPH4;SLC8A3"
"GOBP_CALCIUM_MEDIATED_SIGNALING",0.332756275503895,1,0.355272981352555,1.05359404807281,2690,212,"CD22;CLEC7A;FCGR3A;ZAP70;CXCR6;CD3E;GBP1;CXCL8;CX3CR1;CASQ2;RIT2;AVPR1A;CCR4;P2RX1;AKAP6;SLA2;SGCD;GRIK1;BTK;CCR8;ACKR2;PTPRC;NR5A1;NFAM1;CALCR;EFHB;NR5A2;TRPA1;GPRC6A;TRPM2;IAPP;SPHK1;POMC;NFATC4;ACTN3;OPRL1;CDH13;MCOLN2;ACKR3;P2RX7;NCALD;NFATC1;P2RX3;ITPR2;P2RX2;PDPK1;CXCR4;CASQ1;GRM5;JPH4;KSR2;GRIK3;SAMD14;TMEM38A;PLCG2;GPR62;SLC8A2;GSTM2;GRIN2D;ANK2;GSTO1;PCP4;MCTP1;ADA"
"GOBP_CAMP_METABOLIC_PROCESS",0.144469525959368,1,0.58596038147781,1.27404276680541,895,22,"PDE4C;ADCY4;ADCY8;PDE4B;ADCY5;PDE10A;ADCY7;ADCY1;ADCY6;PDE8A"
"GOBP_CARBOHYDRATE_DERIVATIVE_METABOLIC_PROCESS",1,1,0.175617992826314,0.562059172661397,9680,944,"LYVE1;GALNT15;ZBTB20;B3GALT2;PFKFB1;SPAM1;SULT1A4;PDE4C;ITIH1;HTR2A;GUCY2F;CMAHP;ALDOB;ITIH2;ALG1L2;CHI3L2;ABCC9;ITIH6;CHIT1;NME9;GALNTL5;STAB2;AOAH;CSGALNACT1;FOXC1;PNLIPRP2;GAPDHS;ADCY4;UPB1;PIGZ;ALDH1A1;B4GALNT1;BTK;SULT2B1;ST8SIA6;FUT3;ACP3;ADCY8;AQP11;GALNT5;B3GNT4;MYH3;B3GNT8;DPYD;MTTP;MGAT4A;SLC4A4;AKR1C1;GAL3ST4;SLC10A7;LIPA;UAP1L1;PTX3;SLC51B;NEU4;ACTN3;PDE4B;HS3ST3B1;AK5;ST8SIA3;ADCY5;GALC;P2RX7;GXYLT2;NPL;PTGDR;ALG9;TET2;AK9;NUDT4B;HYAL3;CST3;PDE10A;ENO3;DDIT4;PIGN;NDST3;ADSS1;MYH6;SLC35A1;AGA;TMTC2;EXTL1;AKR1C3;SLC4A1;HAS1;FBP1;ADCY7;NDUFV3;GUCY2C;GUCY1A2;B4GALT4;B3GNT3;PID1;PXYLP1;HS3ST6;MLXIPL;AKR1C2;FBXO17;B3GALT4;DMAC2L;ARSB;AMDHD2;ADA;GPD1L;TRIP11;RNF103;GALNT8;ABCA7;SAMHD1;SLC39A8;H6PD;B3GNT9;PDE5A;POMT2;ALG8;ADCY1;ATP1B1;PFKFB2;GCNT2;FKTN;GPAT3;AK4;ADAMTS13;GALNT12;FN3K;ABCC6;SLC2A4;ACER2;DHTKD1;ATIC;TGFB1;EDEM2;IDUA;C1GALT1C1L;PGAM2;ENPP4;PAWR;TK2;MT-ND4L;PDGFB;FGF2;OVGP1;ADCY6;SUMF1;AHDC1;HGSNAT;C1GALT1;NECAB1;ST8SIA5;TJP2;AK3;ST3GAL3;ATP6V1A;MARCHF6;CMPK1;CTBS;SGSH"
"GOBP_CARBOHYDRATE_IMPORT_ACROSS_PLASMA_MEMBRANE",0.65102994633893,1,0.496899629395394,0.878759814836253,3760,8,"SLC5A4;MFSD4B"
"GOBP_CARBOHYDRATE_METABOLIC_PROCESS",1,1,0.197963028277467,0.622134164619845,9186,525,"FBP2;ZBTB20;B3GALT2;PFKFB1;SPAM1;HTR2A;ALDOB;MGAM2;TKTL1;KL;CHI3L2;CHIT1;MOGAT3;TREH;PTH1R;GAPDHS;PDX1;MGAM;LANCL3;B4GALNT1;PPP1R3G;AMY2B;OAS1;ST8SIA6;PPP1R2B;FUT3;LHCGR;KLB;FBN3;MTTP;AVPR1B;SLC4A4;IGFBP3;HECTD4;GAL3ST4;ERFE;GSTO2;LIPA;LANCL1;POMC;NEU4;ACTN3;ST8SIA3;P2RX7;NPL;PPP1R3E;HYAL3;ONECUT1;PPP1R3F;ENO3;FBN1;INPPL1;DDIT4;PPP1R3C;GLB1L2;SLC35A1;PDK1;KAT2B;SLC4A1;HAS1;FBP1;B4GALT4;NR0B1;CLSTN3;MLXIPL;B3GALT4;GSTO1;PYGL;PHKA1"
"GOBP_CARDIOLIPIN_METABOLIC_PROCESS",0.969765684051398,1,-0.268989654244068,-0.565988083005377,3848,13,"SPATA18;PLA2G6;CRLS1;TAMM41;PGS1;PHB2;DNAJC19;MECP2;HADHA;LCLAT1;TAFAZZIN;PTPMT1;PNPLA8"
"GOBP_CARNITINE_METABOLIC_PROCESS",0.175866069948616,1,0.647592535162885,1.26846671838832,1060,13,"SLC22A4;CROT;CPT1B;ACADL"
"GOBP_CATECHOL_CONTAINING_COMPOUND_METABOLIC_PROCESS",0.654976717112922,1,0.351315711929262,0.895773241293498,4500,55,"TH;SULT1A4;KL;GNAT2;ITGAM;ITGB2;NPY;GATA3;SLITRK1"
"GOBP_CATECHOLAMINE_UPTAKE_INVOLVED_IN_SYNAPTIC_TRANSMISSION",0.814353351607276,1,-0.363431761769785,-0.749378883529516,3267,12,"DRD1;DRD3;SLC6A3"
"GOBP_CD4_POSITIVE_ALPHA_BETA_T_CELL_CYTOKINE_PRODUCTION",0.430662937983221,1,0.521870027839931,1.0359059595851,2617,14,"ARG1;RSAD2;XCL1;GATA3;IL6;IL18"
"GOBP_CDP_DIACYLGLYCEROL_METABOLIC_PROCESS",0.99541167473872,1,-0.204846153846154,-0.436547338671671,3904,14,"GPAT2;GPAT4;TAMM41;AGPAT2;GPAM;AGPAT1;CDIPT;AGPAT4;AGPAT5;CDS1;LCLAT1;CDS2;GPAT3;AGPAT3"
"GOBP_CELL_ACTIVATION_INVOLVED_IN_IMMUNE_RESPONSE",1,1,0.230874662267703,0.69694998220887,8338,270,"HAVCR2;AICDA;IL12B;FCGR3A;SLC11A1;SCNN1B;RAG2;EOMES;TCIM;CX3CR1;CLEC4D;NKG7;PSMB9;HLA-DMB;ITGAM;ITGB2;BTK;ADGRE2;PTPRC;CD1C;CEACAM1;GATA3;FCER1G;DLL1;IRF8;IL6;FOXP3;CHGA;TNFSF13;SPI1;SEMA6D;NMI;PSMB8;FGL2;PTGDR;APBB1IP;RAB27A;RC3H1;BCL6;F2RL1;LGALS9;HLA-F;IL18;TNFSF4;PDPK1;PTGDS;HLA-DRA;MALT1;GAB2;PLCG2;MYB"
"GOBP_CELL_DIFFERENTIATION_INVOLVED_IN_METANEPHROS_DEVELOPMENT",0.479109533795774,1,0.46080717156905,0.993851353370336,2969,21,"OSR1;WNT9B;POU3F3;CD34;WNT4;PAX8;GDNF"
"GOBP_CELL_MORPHOGENESIS_INVOLVED_IN_NEURON_DIFFERENTIATION",1,1,0.16769375525928,0.529126891622306,9294,585,"CHL1;EVX1;IL1RAPL1;POU4F2;SHOX2;NR2E1;TLX2;CNTN5;CNTN6;WNT7B;EPHA10;POTEE;POTEF;ISLR2;PDZD7;MEF2C;SRCIN1;EPHB3;POU4F3;NGF;FEZF1;NTN1;GDNF;GATA3;PLXNC1;PCDHAC2;EPHA5;CDHR2;ELAVL4;EGR2;POU3F2;NIN;EPHA6;SLITRK1;SLITRK3;GDF7;PAX6;FAT4;NRP1;ID2;SZT2;NEUROG3;CDH11;HECW2;WNT5A;NFATC4;FOXD1;GBX2;EFNA1;GFRA3;LHX1;ARHGEF25;DSCAM;SEMA6D;FN1;MAPK8IP2;SEMA3E;ALCAM;HES1;NRXN3;PTCH1;KIFC2;NEFL;PRKCQ;PRKCA;BCL11B;ADGRB3;KIAA1755;GRM5;PREX2;KIF13B;NPTX1;PRICKLE1;LHX4;SLITRK4;SEMA3D;SLITRK2;NTRK3;CAPRIN2;COBL;SARM1;L1CAM;FEZ1;ROBO1;BBS1;FAT3;SEMA4A;USH1C;FZD3;NRCAM;HMCN2;SLIT2;DIP2A;SEMA5B;SMAD4;TECTA;ADCY1;ITGA4;TRIM46;CDKL3;DSCAML1;SPTBN4;WNT3"
"GOBP_CELL_PROLIFERATION_INVOLVED_IN_METANEPHROS_DEVELOPMENT",0.78394616678683,1,-0.399676239016751,-0.761396011017044,3261,9,"WT1"
"GOBP_CELL_REDOX_HOMEOSTASIS",0.287883254716981,1,0.448990072070972,1.10914128584351,1952,45,"SLC11A1;TXNDC2;ERO1A;BOLA1;TXNRD3;GIT1;SLC2A10;KRIT1;CHD6;ERO1B;NOS1;GLRX2;HVCN1"
"GOBP_CELL_SURFACE_RECEPTOR_PROTEIN_SERINE_THREONINE_KINASE_SIGNALING_PATHWAY",1,1,0.218070701781448,0.673142369250019,8779,374,"USP9Y;MICOS10-NBL1;FGF10;DLX1;WFIKKN2;GATA4;BMP5;VWC2;SKOR1;CDH5;AMH;BMPER;INHBA;AKAP3;DMRT1;INHBC;CAV3;MSX1;FMOD;EGR1;CRIPTO3;FGF9;ONECUT2;SOST;HPGD;ERFE;GDF7;MSX2;GPR155;CFC1;GDF1;WNT5A;FOXD1;BMP8B;DKK1;SPI1;BMP3;AMHR2;DAB2;SLC39A5;HES1;HTRA4;KCP;PPARG;CCN3;ONECUT1;ARID4A;PEG10;FST;FBN1;EMILIN1;PDPK1;ENG;SMAD5;WFIKKN1;CRB2;NODAL;SORL1"
"GOBP_CELL_SURFACE_RECEPTOR_PROTEIN_TYROSINE_KINASE_SIGNALING_PATHWAY",1,1,-0.18433995893226,-0.670019644952256,660,621,"GPR21;MYOC;PIGR;ANGPTL1;DBX2;BTC;CLNK;GAB4;CSF1R;HRG;FGF14;FGF20;FSHR;TMEM204;ALK;FGF3;GREM1;GH1;GHRL;TRADD;LEP;VEGFD;ANGPT1;PTPRR;FGF1;MUC20;CSH2;ARID5B;HHIP;CAPS2;TNS2;DOK2;VIL1;ATXN1;FLT4;ANGPT4;NR2F2;EGF;FGF16;NTRK2;FGF18;TIPARP;C1QTNF12;ALKAL1;VAV1;LYN;FLT3;SYK;MET;RHBDF2;FGF22;ANGPT2;F7;FOXO4;NRG2;TGFA;EPHB2;CCN2;TSPAN9;LCP2;ADAMTS12;SVEP1;CBLB;FRS3;SIK2;EPHA3;FGF12;PRLR"
"GOBP_CELL_SURFACE_RECEPTOR_PROTEIN_TYROSINE_PHOSPHATASE_SIGNALING_PATHWAY",0.491784037558685,1,-0.554241268546537,-1.00169922980874,2094,7,"PTPRE;PTPRU"
"GOBP_CELLULAR_COMPONENT_DISASSEMBLY_INVOLVED_IN_EXECUTION_PHASE_OF_APOPTOSIS",0.83977643223102,1,0.332371842961676,0.762325557957306,5408,29,"GATA5;IL6;ERN2;FOXL2;DNASE2;CECR2;APAF1;ACVR1C;BAX"
"GOBP_CELLULAR_DETOXIFICATION_OF_ALDEHYDE",0.262534643487024,1,-0.553411391351466,-1.16444721037543,1041,13,"AKR1B10;ADH4"
"GOBP_CELLULAR_HYPEROSMOTIC_RESPONSE",0.88272416513279,1,-0.314799452097999,-0.737093848607599,3356,21,"FXYD2;AQP1;RCSD1;ERRFI1;SLC2A1;SLC25A23;STK39;LETM1;XRCC6"
"GOBP_CELLULAR_OXIDANT_DETOXIFICATION",0.218838127467569,1,0.428113821938234,1.14393260284976,1551,78,"IPCEF1;MPO;TXNDC2;ALB;LPO;PXDNL;HBA1;DHFRP1;CD36;GSTO2"
"GOBP_CELLULAR_RESPONSE_TO_ATP",0.568263277940697,1,0.452165356316338,0.93325618001298,3487,17,"ABCC9;P2RX7;P2RX3;P2RY2;RYR3;P2RX4"
"GOBP_CELLULAR_RESPONSE_TO_BRAIN_DERIVED_NEUROTROPHIC_FACTOR_STIMULUS",0.911079067531843,1,-0.330337433592402,-0.629303370261951,3790,9,"NTRK2;MAPT;SH3GL2;WASF1"
"GOBP_CELLULAR_RESPONSE_TO_CALCIUM_ION",1,1,0.211899245637698,0.564010684836065,7074,76,"GUCA1ANB-GUCA1A;ABCC9;MEF2C;ADCY8;CPNE6;CARF;TRPM2;WNT5A"
"GOBP_CELLULAR_RESPONSE_TO_INTERFERON_ALPHA",0.73497688751926,1,0.445588824432552,0.807392505747364,4292,9,"OAS1;GATA3;GAS6;AXL;TPR;IFNAR1"
"GOBP_CELLULAR_RESPONSE_TO_INTERFERON_BETA",0.983704508419337,1,-0.251661908522899,-0.61857826067608,3621,26,"IRGM;PYDC5;TREX1"
"GOBP_CELLULAR_RESPONSE_TO_IRON_ION",0.701229011597715,1,0.472002189314572,0.834729051798773,4050,8,"TF;B2M"
"GOBP_CELLULAR_RESPONSE_TO_L_GLUTAMATE",0.958376872169976,1,0.312767900003271,0.537705054582198,5502,7,"GRIN2D;GRIA1;AMIGO1"
"GOBP_CELLULAR_RESPONSE_TO_LIPID",1,1,-0.223050501087656,-0.807375072890228,794,550,"WNT3A;WNT2;TLR4;ANKK1;SLC6A4;OR51M1;LBP;INHBB;USP26;UGT1A6;MEIOSIN;NEUROD1;CD68;IRGM;MYOD1;STRA8;FSHR;PF4V1;CES1;TP63;ANKRD1;CMPK2;LEP;CCR7;ALDH1A2;PCK1;FBXO32;SSTR5;WNT11;TLR2;TAT;CD6;ADTRP;RORC;EDNRB;IGFBP7;CRHBP;CYP26B1;VDR;LTF;CD86;KMO;PRKCE;BCL2L11;PTGER4;SPP1;WNT6;IL18R1;SERPINE1;ABCB4;ANXA1;PENK;RAMP3;LYN;PDE3A;FLT3;SYK;NR1H3"
"GOBP_CELLULAR_RESPONSE_TO_NITROSATIVE_STRESS",0.997173644232468,1,0.236099638844875,0.392623350432503,5644,6,"STOX1;ATM;PARK7;ATG5;DDIT3;DNAJA1"
"GOBP_CELLULAR_RESPONSE_TO_OXIDATIVE_STRESS",1,1,0.223294164533835,0.668413736006895,8193,239,"NME8;GATA5;MPO;DHRS2;GPR37L1;BTK;DHFRP1;CD36;TRPA1;ALOX5;RIPK3;KDM6B;TRPM2;ERN1;SPHK1;IL6"
"GOBP_CELLULAR_RESPONSE_TO_PROSTAGLANDIN_E_STIMULUS",0.30564182194617,1,-0.496819308348843,-1.10553010983363,1180,17,"CCR7;IGFBP7;PRKCE;PTGER4"
"GOBP_CELLULAR_RESPONSE_TO_PROSTAGLANDIN_STIMULUS",0.509912767644726,1,-0.398346494511418,-0.955921700234507,1928,23,"CCR7;IGFBP7;PRKCE;PTGER4;PTGDR2;PTGFR;P2RY6"
"GOBP_CELLULAR_RESPONSE_TO_TYPE_II_INTERFERON",0.18957345971564,1,0.427022879777947,1.15928282020183,1359,89,"ARG1;SP100;IL12B;GBP3;GBP1;GBP4;GBP6;CCL5;PARP9;WAS;CAMK2A;IRF8;PARP14;WNT5A;HPX;RAB7B;PPARG;STXBP4;LGALS9"
"GOBP_CELLULAR_RESPONSE_TO_TYPE_III_INTERFERON",0.863677618442549,1,0.435003082149412,0.673390129090049,4757,4,"IL10RB;IFNGR2;IFNGR1"
"GOBP_CELLULAR_RESPONSE_TO_UNFOLDED_PROTEIN",1,1,0.153181280956045,0.424463380332356,7311,105,"PACRG;ERN1;CREBRF;ERN2;BBC3;PIK3R1;OPTN;PIGBOS1;SERP2;ABCA7;FICD;PARP8;STC2;BHLHA15;EDEM2;ATF6;ERO1A;EIF2AK3;CCND1;AMFR;OS9;ATF6B;BAX;EDEM3;SIRT1;DERL1;UFL1;DNAJB9;PTPN2;CREB3L1"
"GOBP_CENTRAL_NERVOUS_SYSTEM_NEURON_AXONOGENESIS",0.838836716146622,1,0.327489705861191,0.781569199542589,5537,37,"NR2E1;EPHB3;NIN;SZT2;CDH11;PRKCA;SLIT2;SPTBN4;ZEB2;SPG11;SPAST;NFIB;C12orf57;TCTN1"
"GOBP_CENTRAL_NERVOUS_SYSTEM_NEURON_DEVELOPMENT",0.984120408726871,1,0.258853322553632,0.707732684648064,7126,93,"NR2E1;TTC36;ASCL1;EPHB3;NPY;AGBL4;NIN;NRP1;SZT2;CDH11;WNT5A;GBX2;SEMA3E;PRKCA;SLC4A10;ROBO1;LHX6;SLIT2;SPTBN4;FGFR2;SOX1;TAOK1;DCLK2;SCYL2"
"GOBP_CENTRAL_NERVOUS_SYSTEM_NEURON_DIFFERENTIATION",0.718515742128936,1,0.30677582778602,0.904126114400944,5750,195,"TAL1;DLX1;OLIG3;EOMES;POU4F2;NR2E1;ERBB4;PROX1;FAIM2;MNX1;TTC36;FOXP2;DLL4;PAX7;INHBA;PHOX2A;ASCL1;WNT9B;EPHB3;WNT4;NPY;AGBL4;ELAVL4;NIN;GDF7;PAX6;TFAP2C;BRINP2;NRP1;SZT2;LHX5;CDH11;WNT5A;GBX2;LHX1;DKK1"
"GOBP_CENTRAL_NERVOUS_SYSTEM_PROJECTION_NEURON_AXONOGENESIS",0.60543580131209,1,0.40027607901885,0.912111197282318,3875,28,"NR2E1;EPHB3;NIN;SZT2;CDH11;SLIT2;SPTBN4;ZEB2;SPG11;NFIB;C12orf57"
"GOBP_CENTROSOME_DUPLICATION",1,1,0.176738266939185,0.475597860884226,7132,83,"RAB6C;CEP295NL;KAT2B;CHMP4C;POC1B;PLK4;POC5;CCP110;ITGB1BP2;SPICE1;CCDC57;XRCC3;PKHD1;CNTROB;POC1A;SIRT1;KIAA0753;TRIM37;CPAP;CEP135;CHMP2A;BRCA1;KAT2A;NDC80;CDK5RAP2;VPS4B;SASS6;BRCA2;CKAP5;NUP62;WDR90;CHMP3;ROCK2;PLK2;CHMP5;NUBP1;USP33;CEP63;BRSK1;STIL;CEP131;CEP152;CEP295;ARHGEF10;FBXW5;RBX1;PKD2;CEP44;CHMP1B;MDM1;XPO1;SKP1;ALMS1;PDCD6IP;CEP76;CENATAC;CCNF;CDK2;CHMP2B;NPM1;CETN2;CEP192;CUL1;CEP85;PPP1R35;WDR62;CEP72;RBM14;CHMP4B;FBXL13;TMEM67;RTTN;CHMP1A;NAT10;CEP120;DEUP1;SAC3D1;C2CD3;OFD1;NDE1;CCDC15;GEN1;CHORDC1"
"GOBP_CENTROSOME_SEPARATION",0.978160328879753,1,-0.258856109850379,-0.561276350931768,3806,15,"NDE1;CHEK1;NDEL1;NSFL1C;CEP85;KIF3B;KIF15;NEK2;AURKA;MAP9;NUP62;KIF11;UBXN2B;CNTROB;KIF25"
"GOBP_CERAMIDE_METABOLIC_PROCESS",0.992448166964163,1,0.249728287852702,0.6891156737363,7227,101,"B3GALT2;ABCA12;P2RX1;B4GALNT1;ST8SIA6;FUT3;PLPP2;SPHK1;NEU4;ST8SIA3;GALC;P2RX7;PLPP3;ALOX12B;SAMD8;SPTSSB;B4GALT4;B3GALT4;ASAH2B;ASAH2;ACER2;ASAH1;CEL;ST3GAL3;CERT1;CLN8;PAQR4;UGT8;NAGLU;SGMS1;ST6GALNAC5"
"GOBP_CEREBRAL_CORTEX_GABAERGIC_INTERNEURON_DEVELOPMENT",0.413615023474178,1,-0.591448123193938,-1.06894445270895,1761,7,"DRD1;FEZF2"
"GOBP_CEREBRAL_CORTEX_GABAERGIC_INTERNEURON_DIFFERENTIATION",0.897713801862828,1,0.361832720106385,0.67126036937781,5300,10,"DLX1;ASCL1"
"GOBP_CEREBRAL_CORTEX_GABAERGIC_INTERNEURON_MIGRATION",0.391195824824143,1,-0.65812361395123,-1.11354145123262,1723,5,"DRD1;FEZF2"
"GOBP_CEREBRAL_CORTEX_NEURON_DIFFERENTIATION",0.614082278481013,1,0.402103497206211,0.903736585275426,3880,26,"DLX1;EOMES;NR2E1;ASCL1;ELAVL4"
"GOBP_CEREBROSPINAL_FLUID_CIRCULATION",0.76086602637148,1,0.388663493478211,0.793453662495216,4673,16,"CFAP54;CFAP43;DNAAF11;AQP4;DNAAF3"
"GOBP_CGMP_METABOLIC_PROCESS",0.903900076472088,1,-0.324778724185313,-0.692135463801587,3545,14,"NPPB;GUCY2D"
"GOBP_CHAPERONE_MEDIATED_AUTOPHAGY",0.999672667757774,1,0.17966075618293,0.36178769210185,6107,15,"GFAP;PLK3;CTSA;SNCA;EEF1A1;CLU;LAMP2;SNRNP70;ATP13A2;ATG5;HSP90AA1;EEF1A2;STUB1;BAG3;HSPA8"
"GOBP_CHEMICAL_SYNAPTIC_TRANSMISSION_POSTSYNAPTIC",0.999609679937549,1,-0.209568745009763,-0.654982876733263,2560,114,"CHRNA2;RELN;SLC1A7;GHRL;SHANK1;ATXN1;NETO1;CHRNA1;RIMS1;MET;GRIN2C;LRRK2;PRKAR1B;GRIN2A;NTSR1;GRIN2B;GRIK2;INSYN2A;NLGN4X;DMPK;CHRFAM7A;INSYN1"
"GOBP_CHEMOREPULSION_OF_AXON",0.825616217461414,1,-0.402233263236643,-0.701552551022533,3583,6,"UNC5C;PLXNA4"
"GOBP_CHITIN_METABOLIC_PROCESS",0.131009830205541,1,0.809618962813987,1.30408941969894,732,5,"CHI3L2;CHIT1;OVGP1;CTBS"
"GOBP_CHOLINE_METABOLIC_PROCESS",0.382794559265147,1,0.669990064530926,1.11416410960906,2166,6,"DMGDH;CHDH"
"GOBP_CHONDROITIN_SULFATE_PROTEOGLYCAN_METABOLIC_PROCESS",0.999695909989357,1,0.20913193824757,0.497022532298769,6574,36,"CSGALNACT1;PXYLP1;ARSB;SLC35B2;B3GAT1;CHST13;CHSY1;CSGALNACT2;CHST12;B3GAT3;UST;GALNT3;UGDH"
"GOBP_CHRONIC_INFLAMMATORY_RESPONSE",0.661738465460107,1,-0.403090166290555,-0.859024863464221,2595,14,"CYP19A1;SCN11A;LTA"
"GOBP_CILIARY_NEUROTROPHIC_FACTOR_MEDIATED_SIGNALING_PATHWAY",0.65218945487042,1,0.551653128227495,0.888572329586834,3648,5,"IL6ST;IL6R;LIFR;CNTFR"
"GOBP_CITRULLINE_METABOLIC_PROCESS",0.615085673909203,1,0.5532963410871,0.920107562563425,3481,6,"CPS1;ATP2B4;ASS1;CAD"
"GOBP_CLUSTERING_OF_VOLTAGE_GATED_SODIUM_CHANNELS",0.380281690140845,1,-0.60877526434929,-1.10026038844867,1619,7,"MYOC"
"GOBP_CMP_METABOLIC_PROCESS",0.887861667522684,1,0.371817949113937,0.673722071013002,5185,9,"DPYD;DPYS;UPP1;NT5C3A"
"GOBP_CMP_N_ACETYLNEURAMINATE_METABOLIC_PROCESS",0.151385165326184,1,0.799201019600831,1.28730877331675,846,5,"CMAHP;GNE"
"GOBP_COBALAMIN_METABOLIC_PROCESS",0.358340389500423,1,0.596745868985992,1.10706365174063,2115,10,"CUBN;MTR"
"GOBP_COENZYME_A_METABOLIC_PROCESS",0.999348321928967,1,0.191983690425818,0.396248768395792,6133,17,"CROT;NUDT7;DCAKD;NUDT19;PANK4;COASY;PANK3;PANK2;MCCC2;ACAT1;PANK1;NUDT8;PPCS;ACOT7;PPCDC;HMGCR;ACLY"
"GOBP_COLLAGEN_ACTIVATED_TYROSINE_KINASE_RECEPTOR_SIGNALING_PATHWAY",0.848889630990149,1,0.375169784993066,0.723468721440633,5083,12,"GP6;DDR2;COL4A1;COL4A2;COL4A3;COL1A1"
"GOBP_COLLAGEN_METABOLIC_PROCESS",0.434057971014493,1,-0.326861638778435,-0.996589149704133,1197,93,"UCN;SERPINB7;RGCC;VSIR;IHH;MMP10;TNS2;TMPRSS6"
"GOBP_COMMISSURAL_NEURON_AXON_GUIDANCE",0.682842572791578,1,0.426845893536395,0.847284153813111,4150,14,"GDNF;NRP1;PTCH1;FZD3;NELL2;ADAM17;NFIB;DAG1;VEGFA"
"GOBP_COMMITMENT_OF_NEURONAL_CELL_TO_SPECIFIC_NEURON_TYPE_IN_FOREBRAIN",0.628607732800871,1,0.59165614162593,0.915890994651758,3462,4,"ASCL1;PAX6;BCL11B"
"GOBP_CONNECTIVE_TISSUE_REPLACEMENT_INVOLVED_IN_INFLAMMATORY_RESPONSE_WOUND_HEALING",0.523628180716635,1,0.55641037692957,0.984003711974051,3024,8,"CCDC92;IL1A;PPARG;TGFB1"
"GOBP_CORTISOL_METABOLIC_PROCESS",0.405801990217575,1,0.560625118523646,1.06044950275167,2405,11,"BMP5;WNT4;H6PD;DKK3"
"GOBP_CYCLIC_GMP_AMP_TRANSMEMBRANE_IMPORT_ACROSS_PLASMA_MEMBRANE",0.994082840236686,1,-0.219795431823425,-0.409010495443674,4199,8,"LRRC8E;SLC19A1;LRRC8A;SHOC2;LRRC8B;LRRC8D;LRRC8C;SLC46A2"
"GOBP_CYCLIC_NUCLEOTIDE_METABOLIC_PROCESS",0.463798848833687,1,0.418222357251453,0.998106832482787,3061,37,"PDE4C;GUCY2F;ADCY4;ADCY8;PDE4B;ADCY5;PDE10A;ADCY7;GUCY2C;GUCY1A2;PDE5A;ADCY1"
"GOBP_CYSTEINE_METABOLIC_PROCESS",0.498895163270317,1,-0.483765622953521,-0.97273862104754,2031,11,"GGT1;ENSG00000274276"
"GOBP_CYTOCHROME_METABOLIC_PROCESS",0.0392156862745098,1,0.853394064851741,1.41915692298645,221,6,"CYP3A43;CYP2W1;CYP4F11"
"GOBP_CYTOKINE_MEDIATED_SIGNALING_PATHWAY",0.839168737293878,1,0.284861479923358,0.88349895811855,7429,416,"IL9R;ARG1;SP100;EDAR;GFI1;IL12B;CXCR6;CCL22;IL7;IL5RA;CX3CR1;IL2RG;CCL25;XCL1;IL31RA;FOXC1;CCR4;DUOX1;IL37;CXCL11;ACKR1;CCL5;IL17REL;PARP9;STING1;IL15;INHBA;CCR8;OAS1;ACKR2;PTPRC;FAS;IFIH1;LILRA6;NAIP;PYDC1;CEACAM1;IL2RB;CASP4;IL10RB;MPL;EGR1;FCER1G;CXCL6;IL17RB;TMC8;PARP14;SPHK1;IRF5;IL6;WNT5A;CARD14;HPX;NOL3;ECM1;SPI1;ACKR3;TBKBP1;IL1A;CREBRF;PPARG;GHR;TNFRSF13C;F2RL1;IL18;IL22RA1;CLDN18;FOSL1;CXCR4;OAS2;TNFRSF11A;CCL2;CR2;NLRC5;STAT4;CCDC3;PF4;PIK3R1;TSLP;MX1;ROBO1;TNFRSF19;EBI3;PIAS3;TRAF3;GAS6"
"GOBP_CYTOKINE_PRECURSOR_PROCESSING",0.634981684981685,1,0.617774219439023,0.913928171458597,3466,3,"ADAM17;FURIN"
"GOBP_CYTOKINE_PRODUCTION",0.923166596015261,1,0.27361002571942,0.868007971569236,8710,695,"ORM1;ARG1;HAVCR2;CD274;GPR18;ZBTB20;IL12B;TIGIT;CLEC7A;FCGR3A;SLC11A1;NLRC4;SRGN;CD226;CD96;SAA1;NOX1;HTR2A;CD3E;GBP1;CXCL8;F2;IL7;IL5RA;CX3CR1;FCGR2C;BTLA;CD33;C5AR1;APOA2;RSAD2;XCL1;SCIMP;GATA4;GATA6;SERPINF2;GLTPD2;DUOX1;IL37;PSMB9;SASH3;TRIM15;ACKR1;ABCD2;STING1;IL15;LTB;FCGR1A;INHBA;BTK;GPR174;OAS1;AIRE;PTPRC;BTN2A3P;CLEC6A;ARRB1;NFAM1;IFIH1;CD36;CD200R1;NAIP;CD34;AZU1;PYDC1;TLR5;CEACAM1;IL32;LRRC19;ALOX5;GATA3;RIPK3;BTN3A2;NAV3;PLAGL1;BANK1;EGR1;TLR6;SPON2;ADRA2A;FCER1G;RFTN1;TWIST1;DLL1;CXCL6;BTN3A3;IRF8;PKP3;IL17RB;FCGR2A;SPHK1;IRF5;POMC;IL6;WNT5A;NFATC4;CADM1;FOXP3;TLR7;ADAMTS3;PDE4B;ZBTB49;TMIGD2;CARD9;ERMAP;NMI;FN1;RAB7B;PSMB8;MOG;MCOLN2;IDO1;P2RX7;IL1A;CLC;NMB;HLA-G;CCBE1;RIGI;PTPN22;HMSD;PRKCQ;BCL6;GPSM3;F2RL1;LGALS9;HLA-F;IL18;CCDC88B"
"GOBP_CYTOKINE_PRODUCTION_INVOLVED_IN_IMMUNE_RESPONSE",0.24087389380531,1,0.411314877438979,1.12331448117892,1741,92,"ARG1;CLEC7A;CD226;CD96;HTR2A;BTLA;APOA2;RSAD2;XCL1;SCIMP;SASH3;BTK;CD36;GATA3;SPON2;FCER1G;PKP3;IRF5;IL6;WNT5A;FOXP3;CLC;HLA-G;RIGI;BCL6;F2RL1;HLA-F;IL18;TNFSF4;HLA-A;B2M;MALT1;PLCG2"
"GOBP_CYTOKINE_PRODUCTION_INVOLVED_IN_INFLAMMATORY_RESPONSE",0.663987138263666,1,-0.320170505742664,-0.903955443303789,2064,57,"TLR4;PLA2G10;PLD4;LEP;CD6"
"GOBP_CYTOKINESIS",1,1,-0.112923205051327,-0.372865185656619,2066,185,"OR2A4;SSTR5;TEX14;CXCR5;DRD3;PRKCE;ANKRD53"
"GOBP_CYTOKINETIC_PROCESS",0.957205789804909,1,-0.266305519101472,-0.742408994849226,3041,52,"ALKBH4;SPIRE1;SNX9;CHMP6;SPART;SNX33;CHMP1A;SNX18;CHMP4B;CHMP4A;CHMP2B;PDCD6IP;LUZP1;PLK1;ARF6;RAB11FIP3;CHMP7;RHOA;CHMP1B;CEP55;AURKB;RTKN;ARF1;VPS4A;KIF20A;ECT2;RACGAP1;CHMP5;ANLN;RAB11A;CHMP3;MYH9;NUP62;KIF20B;KLHDC8B;IST1;ZFYVE19;VPS4B;IQGAP3;MTMR3;IQGAP1;CHMP2A;EXOC7;SPIRE2;IQGAP2;ANXA11;MITD1;MTMR4;SPAST;PLEC;CNTROB"
"GOBP_CYTOSKELETON_DEPENDENT_CYTOKINESIS",1,1,0.13892505303619,0.392375701318596,7525,126,"ROPN1B;KIF4B;DCDC1;CHMP4C;MYH14;CIT;SEPTIN4;SEPTIN6;CECR2;ZFYVE26;EFHC1;CNTROB;PLEC;SEPTIN2;SPAST;WNK1;EXOC8;MTMR4;EXOC4;MITD1;EXOC6;IQGAP2;SPIRE2;RHOC;EXOC7;CHMP2A;USP8;IQGAP1;MTMR3;IQGAP3;CENPA;STAMBP;EXOC5;KIF4A;TTC19;VPS4B;SEPTIN11;CUL7;ZFYVE19;IST1;WASHC5;TRIM36"
"GOBP_D_XYLULOSE_5_PHOSPHATE_METABOLIC_PROCESS",0.740612762036397,1,-0.449277822181915,-0.783605014993838,3214,6,"XYLB;SORD;TKT"
"GOBP_DAMP_METABOLIC_PROCESS",0.0504694835680751,1,-0.811016024257113,-1.46577704145227,214,7,"NT5C1A"
"GOBP_DCMP_METABOLIC_PROCESS",0.746511217099452,1,0.482329790145157,0.802093299027123,4225,6,"DPYD;DPYS;UPP1;NT5C3A"
"GOBP_DENDRITE_ARBORIZATION",0.976430149766757,1,-0.253856423078752,-0.510445420702022,3976,11,"PHACTR1;SEMA3A;ZNF365;CC2D1A;IGF2BP1"
"GOBP_DENDRITE_DEVELOPMENT",1,1,0.188044625488941,0.563252489421348,8204,241,"IL1RAPL1;CD3E;NR2E1;TLX2;LST1;BMP5;CSMD3;MEF2C;SRCIN1;EPHB3;ELAVL4;TULP1;CAMK2A;SEZ6;NRP1;NEUROG3;HECW2;NFATC4;EFNA1;DSCAM;CPEB3;MAPK8IP2;GPR37;ADGRB3;GRM5;PREX2;PRICKLE1;CAPRIN2;COBL;SARM1;BBS1;FAT3;SRGAP2;SDK1"
"GOBP_DENDRITE_EXTENSION",0.898466257668712,1,0.310587341725831,0.731332878958663,5857,34,"OSTN;CPNE6;RNF157;CDKL3;ITSN2;CPNE5;CACNG7;SYT17;SYT1;TMEM108;CPNE8;AUTS2"
"GOBP_DENDRITE_MORPHOGENESIS",1,1,0.199487008019926,0.571575536164753,7669,145,"IL1RAPL1;NR2E1;TLX2;SRCIN1;EPHB3;ELAVL4;NRP1;NEUROG3;HECW2;NFATC4;EFNA1;DSCAM;MAPK8IP2;ADGRB3;GRM5;PREX2;CAPRIN2;SARM1"
"GOBP_DENDRITE_SELF_AVOIDANCE",0.967349054159109,1,-0.273680975541209,-0.60278517106037,3732,16,"MYPN"
"GOBP_DENDRITIC_CELL_ANTIGEN_PROCESSING_AND_PRESENTATION",0.48170881414191,1,-0.490883458457467,-0.987050910231464,1961,11,"CD68;FCGR2B;CCR7"
"GOBP_DENDRITIC_CELL_APOPTOTIC_PROCESS",0.62112676056338,1,-0.494048956077212,-0.892911601635457,2645,7,"CCR7;LYN"
"GOBP_DENDRITIC_CELL_CHEMOTAXIS",0.799075025693731,1,-0.359153181988102,-0.778749968576492,3109,15,"GPR183;CCR7"
"GOBP_DENDRITIC_CELL_CYTOKINE_PRODUCTION",0.84746317512275,1,0.363768009023415,0.732529413997706,5177,15,"CLEC7A;SCIMP;RIGI;PLCG2"
"GOBP_DENDRITIC_CELL_DIFFERENTIATION",0.997174721189591,1,0.23204462292893,0.566132960818337,6705,42,"DHRS2;UBD;IRF8;TRPM2;SPI1;HLA-G;FLT3LG;F2RL1;LGALS9"
"GOBP_DENDRITIC_CELL_MIGRATION",0.737927726255197,1,0.373703291777057,0.826330832133963,4614,24,"CD209;CCL5;ARHGEF5;ALOX5;TRPM2;SPI1;LGALS9;NLRP12;CXCR4;EPS8;GAS6"
"GOBP_DENDRITIC_SPINE_DEVELOPMENT",1,1,0.15889120397192,0.436668721064657,7286,97,"IL1RAPL1;MEF2C;SRCIN1;EPHB3;CAMK2A;EFNA1;DSCAM;CPEB3;GRM5;CAPRIN2;SRGAP2;SDK1;DIP2A"
"GOBP_DENDRITIC_SPINE_MAINTENANCE",0.794421154466301,1,0.360810312556784,0.784503156582742,4926,22,"ZNF804A;INSR;ITGA3"
"GOBP_DENDRITIC_SPINE_MORPHOGENESIS",1,1,0.188971362831311,0.48829096989591,6918,60,"IL1RAPL1;SRCIN1;EPHB3;EFNA1"
"GOBP_DENDRITIC_TRANSPORT",0.993320299771913,1,0.242841753154231,0.50121833468776,6096,17,"KIFC2;KIFAP3;PURA;KIF5A;RAB17;RABGEF1"
"GOBP_DEOXYRIBONUCLEOSIDE_METABOLIC_PROCESS",0.40682543579671,1,-0.519036712840316,-1.0436604677258,1656,11,"GDA"
"GOBP_DEOXYRIBONUCLEOSIDE_TRIPHOSPHATE_METABOLIC_PROCESS",0.981254506128335,1,-0.248144587579312,-0.472723371304639,4082,9,"ITPA;NUDT16;NUDT15;DGUOK;GUK1;ADK;RRM2B;SAMHD1;ADA"
"GOBP_DEOXYRIBONUCLEOTIDE_METABOLIC_PROCESS",0.0863890615288999,1,-0.477988229048493,-1.29456528035545,277,45,"NT5C1A;GDA;CMPK2"
"GOBP_DERMATAN_SULFATE_PROTEOGLYCAN_METABOLIC_PROCESS",0.791463017269469,1,0.375995011164219,0.776042797001823,4857,17,"CSGALNACT1;IDUA;CHST14;HEXA;CSGALNACT2;CHST12;B3GAT3;UST"
"GOBP_DETECTION_OF_CALCIUM_ION",0.877117947030762,1,0.354772535410495,0.704219372877211,5331,14,"CASQ2;CASR"
"GOBP_DETOXIFICATION",0.0210788164440953,1,0.47600622794545,1.3585336453173,160,140,"GSTM1;IPCEF1;SLC11A1;MPO;TXNDC2;ALB;SLC17A3;LPO;PXDNL;MT1F;HBA1;ALDH1A1;MT1G;DHFRP1;MT1M;MT1H;CD36;GSTM3;MT1E;MT2A"
"GOBP_DETOXIFICATION_OF_CADMIUM_ION",0.243964421855146,1,0.785783140344583,1.21640197972592,1343,4,"SLC11A1;SLC39A8"
"GOBP_DETOXIFICATION_OF_COPPER_ION",0.374259102455546,1,0.590399173617587,1.09528946759257,2209,10,"MT1F;MT1G;MT1M;MT1H;MT1E;MT2A"
"GOBP_DETOXIFICATION_OF_INORGANIC_COMPOUND",0.254486133768352,1,0.563306609278702,1.17777734517706,1559,18,"SLC11A1;MT1F;MT1G;MT1M;MT1H;MT1E;MT2A"
"GOBP_DETOXIFICATION_OF_NITROGEN_COMPOUND",0.0135835567470956,1,0.910201730078962,1.46610257479896,75,5,"GSTM1;GSTM3"
"GOBP_DGMP_METABOLIC_PROCESS",0.00352112676056338,1,-0.897762904348794,-1.62255764929842,14,7,"NT5C1A;GDA"
"GOBP_DIACYLGLYCEROL_METABOLIC_PROCESS",0.992527821939587,1,0.241414488078474,0.538305727612945,6242,25,"APOA2;DGKI;PNPLA2;DGKB;DGKH;AVIL;MOGAT1;PLCE1;PLB1;DGKA"
"GOBP_DIADENOSINE_POLYPHOSPHATE_METABOLIC_PROCESS",0.943396226415094,1,0.332231023609936,0.58754576481685,5449,8,"NUDT4B;FHIT;NUDT3;NUDT10;NUDT4;NUDT11;GARS1;KARS1"
"GOBP_DICARBOXYLIC_ACID_METABOLIC_PROCESS",0.841795437821928,1,-0.281960121648431,-0.861532314523126,2287,96,"ASPA;UROC1;ACMSD;AMDHD1;PCK1;GGT1;TAT;KYNU"
"GOBP_DIOL_METABOLIC_PROCESS",0.82095062298108,1,0.33592694525618,0.782555873242129,5336,32,"DHFRP1;SGPP2;PLPP2;SPHK1;PLPP3;SPTSSB;ASAH2B;ASAH2;ACER2;ASAH1"
"GOBP_DIPHOSPHOINOSITOL_POLYPHOSPHATE_METABOLIC_PROCESS",0.785344057193923,1,0.472811117469845,0.761577981900757,4393,5,"NUDT4B;NUDT3;NUDT10;NUDT4"
"GOBP_DISACCHARIDE_METABOLIC_PROCESS",0.18425635667015,1,0.733154592331785,1.26042643788838,1057,7,"MGAM2;TREH;MGAM;IDUA"
"GOBP_DITERPENOID_METABOLIC_PROCESS",0.66482661004954,1,0.337698451264629,0.900217839107508,4696,77,"CYP3A4;CYP2W1;RLBP1;ALDH8A1;ADH6;RBP3;CRH;SDR9C7;ALDH1A1;DHRS4L1;BCO2;CYP2C18;HSD17B6;AKR1C1;LIPA;RDH16;CYP26A1;ALDH1A3"
"GOBP_DNA_METABOLIC_PROCESS",1,1,0.109651538739456,0.351409328243519,9720,998,"PMS2P1;SP100;FGF10;AICDA;A1CF;NME8;GATA5;HORMAD1;HTR2A;RAG2"
"GOBP_DOPAMINE_METABOLIC_PROCESS",0.549144981412639,1,0.389079762023621,0.949260857194656,3692,42,"TH;SULT1A4;GNAT2;ITGAM;ITGB2;NPY;GPR37;DRD4;MAOA;MOXD1"
"GOBP_DOPAMINERGIC_NEURON_AXON_GUIDANCE",0.333509980568804,1,0.693051724629378,1.15251463948996,1887,6,"WNT7B;WNT5A;FZD3"
"GOBP_DOPAMINERGIC_NEURON_DIFFERENTIATION",0.362182233647529,1,-0.409932087216914,-1.04846311616309,1267,32,"WNT3A;WNT2;FGF20;VEGFD;CDNF"
"GOBP_DTMP_METABOLIC_PROCESS",0.904794876233339,1,0.364031377374452,0.643784230963093,5226,8,"TYMP;DUT;DCTD;UPP1;NT5C3A;SHMT1;TYMS;NT5C"
"GOBP_DUMP_METABOLIC_PROCESS",0.657088454214991,1,0.493781036878438,0.873244629030852,3795,8,"DPYD;NT5M;DPYS;DUT;DCTD;UPP1;NT5C3A"
"GOBP_ELASTIN_METABOLIC_PROCESS",0.479973297730307,1,-0.644191058927366,-1.04190346999023,2156,4,"LEP"
"GOBP_EMBRYONIC_NEUROCRANIUM_MORPHOGENESIS",0.447652582159624,1,-0.575092776998193,-1.03938487528792,1906,7,"FGF8;TULP3;MED12;NDST1;MTHFD1;MTHFD1L"
"GOBP_EMBRYONIC_OLFACTORY_BULB_INTERNEURON_PRECURSOR_MIGRATION",0.814303866400436,1,0.472937224307851,0.732112648385251,4485,4,"SLIT2;SLIT3;SLIT1"
"GOBP_EMBRYONIC_VISCEROCRANIUM_MORPHOGENESIS",0.499400787536381,1,0.550557332158559,0.997592039107275,2916,9,"TBX1;LHX1;NIPBL"
"GOBP_ENDOPLASMIC_RETICULUM_CALCIUM_ION_HOMEOSTASIS",0.999364069952305,1,0.189536657088988,0.422628604089609,6285,25,"ATP2A1;DMTN;TUNAR;ITPR1;PACS2;PSEN1;BAX;TMCO1;BCL2;GRINA"
"GOBP_ENERGY_HOMEOSTASIS",1,1,0.214427545987557,0.582964112296451,7196,90,"FMO1;FABP2;GPR82;PM20D1;CD36;WNK4;TWIST1;DLL1;LIPA;PCSK1N;CCDC92;VGF;SORL1;FMO2;MLXIPL;RASAL2;TMEM18;GDF3;LEPR"
"GOBP_ENERGY_RESERVE_METABOLIC_PROCESS",0.529241877256318,1,-0.316676854101008,-0.964611045789497,1465,92,"PRKAG3;PHKG1;ADGRF5;LEP;NHLRC1;GCK;GYG2;EPM2A;COMT;GCGR"
"GOBP_ENSHEATHMENT_OF_NEURONS",1,1,0.152485117432453,0.43725649250447,7670,147,"TG;BCAS1;ABCD2;ITGAX;ADGRG6;EGR2;SCN2A;POU3F2;MPZ;DHH;TENM4;GALC;EPB41L3;KLK6;CXCR4;NTRK3;SLC8A3;MBP;ID4;PMP22;TGFB1;AMIGO1;CNTNAP1;PRX;ITGB4;CNTN1;ABCD1;NAB2;MAP2K1;UGT8;QKI;LPIN1;SCN8A;PLEC;MYRF;EIF2AK3;PTPRZ1;TMEM163;KEL;ABCA2;CLDN11;CMTM8;PARD3;TPPP;HEXA;SERINC5;ERBB3;ACSBG1;MTOR;JAM2;SOS1;DAG1;HYCC1;PTEN"
"GOBP_EPINEPHRINE_METABOLIC_PROCESS",0.0352100089365505,1,0.877297503484228,1.41310226757242,196,5,"TH;SULT1A4"
"GOBP_EPITHELIAL_CELL_DIFFERENTIATION_INVOLVED_IN_PROSTATE_GLAND_DEVELOPMENT",0.21727349703641,1,0.663418700038602,1.23075293331439,1282,10,"PSAPL1;FOXA1;FGFR2"
"GOBP_EPITHELIAL_CELL_PROLIFERATION_INVOLVED_IN_PROSTATE_GLAND_DEVELOPMENT",0.76342082980525,1,0.423898807701763,0.786403369360948,4507,10,"SOX9;EAF2;CDKN1B;SERPINF1;AR"
"GOBP_EPOXIDE_METABOLIC_PROCESS",0.559070598748883,1,0.603734514084191,0.972462143658026,3127,5,"ALOX5;EPHX2"
"GOBP_ESTABLISHMENT_OF_CENTROSOME_LOCALIZATION",0.915258215962441,1,-0.325143230668666,-0.587642498351748,3898,7,"FHOD1;EZR;MISP;PAFAH1B1;DLG1;PKHD1;CEP83"
"GOBP_ESTABLISHMENT_OF_MITOCHONDRION_LOCALIZATION",0.790084388185654,1,0.338710398799851,0.812241572584822,5242,38,"EPCIP;SYBU;AGBL4;NEFL;FEZ1"
"GOBP_ESTABLISHMENT_OF_MITOCHONDRION_LOCALIZATION_MICROTUBULE_MEDIATED",0.997535807793008,1,0.225240451750552,0.522229300679873,6476,31,"SYBU;AGBL4;NEFL;FEZ1;RHOT1;HDAC6;SPAST"
"GOBP_ESTABLISHMENT_OF_PROTEIN_LOCALIZATION_TO_MITOCHONDRIAL_MEMBRANE",0.980183802412407,1,-0.254041570438799,-0.657855992976613,3412,34,"TIMM13;MTX2;TOMM5;TIMM22;TOMM40;TIMM8B;TOMM7;TIMM9;TOMM70;TRMT10B;TIMM29;MOAP1;ROMO1;MTCH1;MTCH2;TIMM8A;CALM3;TIMM10B;SAMM50;BCS1L;TOMM20;TOMM6;NDUFA13;AGK;TMEM126A;MAIP1;AP3B1;TOMM22;OXA1L;MTX1;BAX;COX18;MTX3;TIMM10"
"GOBP_ESTABLISHMENT_OF_PROTEIN_LOCALIZATION_TO_MITOCHONDRION",0.995475113122172,1,-0.236084928854659,-0.747129163189874,2419,128,"UBL4B;RAC2;C11orf65;BID;LRRK2;FBXW7;SREBF1;MGARP;TIMM13;FZD5;BAG3;USP36;MTX2;PMPCA;DNAJA1;GSK3A;MAPT;SREBF2;TOMM5;TOMM40L;MFN2;TOMM34;UBE2J2;GFER;HK2;AIFM1;PRKN;TIMM22;HSPA1L;TOMM40;DDIT3;IMMP2L;TIMM8B;TIMM17A;GRPEL1;TOMM7;HSP90AA1;TIMM9;TIMM23;TIMM44;GDAP1;PAM16;TOMM70;SAE1;TRMT10B;BCAP31;HSPA4;UBE2L3;ATP5IF1;HSPD1;ABLIM3;TIMM29;MOAP1;ATG13"
"GOBP_ESTROGEN_METABOLIC_PROCESS",0.675448126018468,1,-0.353785136530784,-0.869594432040749,2486,26,"UGT1A6;CYP19A1;RDH8;CYP2C8;TIPARP;HSD17B7;SULT1A1;CYP2D6"
"GOBP_ETHANOL_METABOLIC_PROCESS",0.700722651383005,1,-0.402526340503164,-0.829990032155084,2811,12,"ALDH3B2;ADH4;SULT1A2;SULT1C4;ACSS2;SULT1A1"
"GOBP_ETHER_LIPID_METABOLIC_PROCESS",0.248665955176094,1,-0.472891875560575,-1.14337790749574,931,24,"PLA2G10;LIPE;PLA2G4C;TMEM86B;FASN;NCEH1;AGPS;PLA2G7;PXMP4;PEX7;PLA2G6"
"GOBP_EXCITATORY_CHEMICAL_SYNAPTIC_TRANSMISSION",0.930226763020184,1,-0.312140159821313,-0.643618057300647,3732,12,"PDLIM4;GRIN2C;GRIN2A;GRIN2B"
"GOBP_EXCITATORY_SYNAPSE_ASSEMBLY",0.999694842844065,1,-0.173871936186331,-0.465574041299543,3275,42,"RELN"
"GOBP_EXECUTION_PHASE_OF_APOPTOSIS",0.99801249290176,1,0.231421448351812,0.611067994258968,7029,71,"GATA5;HTR2A;XKR9;IL6;COLEC11;ERN2;BBC3;FZD3;CASP7;FOXL2;TAOK1;CASP8;PTGIS;DNASE2;BNIP1;CECR2"
"GOBP_EXPORT_ACROSS_PLASMA_MEMBRANE",1,1,0.172851709018741,0.462547882837784,7106,79,"ATP4B;SLC17A3;ATP1A4;SLC4A4;WNK4;ATP2B3;ATP1B2;ABCB1;FXYD1;SLC8A3;SLC8A2;SLC22A5;ATP1B1;KCNT2;PDZK1;FXYD3;SLC24A4"
"GOBP_EXTRASYNAPTIC_SIGNALING_VIA_GABA",0.881116410528175,1,0.394437990876138,0.655933089408097,4987,6,"GABRB2;GABRA1"
"GOBP_FARNESYL_DIPHOSPHATE_METABOLIC_PROCESS",0.465013503560029,1,-0.496948466187328,-0.9992462109636,1893,11,"HMGCS1;MVD;ACAT2;FDFT1;HMGCR;MVK;IDI1"
"GOBP_FATTY_ACID_DERIVATIVE_METABOLIC_PROCESS",0.937013206908229,1,-0.267635696277062,-0.778060647113965,2766,69,"GGTLC2;ACSL5;DPEP3;GGT1;ACSL6;GGT6"
"GOBP_FATTY_ACID_METABOLIC_PROCESS",0.935944279515871,1,0.271353237889816,0.836795683823175,8196,370,"GSTM1;ACOT6;APOA5;PLA2G4F;CYP3A4;FMO1;PLA2G5;GIP;ABCC9;FABP2;CYP4A11;LIPC;THEM5;ACSM6;AOAH;PNLIPRP2;AVPR1A;PM20D1;ABCD2;ELOVL3;CYP2C18;CD36;ACSM1;CEACAM1;ALOX5;TPK1;PTGR3;FAAH2;TBXAS1;TWIST1;AKR1C1;HPGD;ERFE;ACSS1;LIPA;CROT;CYP4F11;CPT1B;SCD5;FADS6;CCDC92;KIF12;ETFBKMT;PPARG;GLYATL2;SOX9;ALOX12B;PTGDS;ACOT4;UBR4;ACADL;PDK1;AKR1C3;KAT2B;HAO2;FMO2;CCDC3;MLXIPL;GSTM2;AKR1C2"
"GOBP_FATTY_ACYL_COA_METABOLIC_PROCESS",1,1,-0.179520499350267,-0.482936913243913,3270,43,"ACSL5;ACSL6;ACSL4;ACSF3;FASN;ELOVL2;ACOT7;GCDH;HTD2;ACACA;ELOVL7;ACSL3;ELOVL6;FAR1;NUDT8"
"GOBP_FERROPTOSIS",0.999716633607254,1,-0.198061234029897,-0.499145053636513,3527,30,"TMEM164;ACSL4;HSPA8;HMOX1;ACLY;EGLN3;SLC25A1;NQO1"
"GOBP_FLAVIN_CONTAINING_COMPOUND_METABOLIC_PROCESS",0.984808337749514,1,0.275492156259612,0.458131380199152,5574,6,"SLC52A1;RFK;SLC52A2;FLAD1;VCP;SLC52A3"
"GOBP_FLAVONE_METABOLIC_PROCESS",0.195428811071503,1,-0.872904813163155,-1.26098892780403,931,2,"UGT1A6;LCT"
"GOBP_FLAVONOID_METABOLIC_PROCESS",0.728403755868545,1,-0.442158655176815,-0.79912848335056,3102,7,"UGT1A6;LCT;SULT1C4;SULT1A1;CYP1A1"
"GOBP_FOLIC_ACID_CONTAINING_COMPOUND_METABOLIC_PROCESS",0.944704779756326,1,0.293604351309995,0.669037772771944,6047,28,"FTCD;DHFRP1;ATIC;ALDH1L1;DHFR2;SLC46A1;MTR"
"GOBP_FOLIC_ACID_METABOLIC_PROCESS",0.996744261761354,1,0.225871143952106,0.461114278619096,6122,16,"DHFRP1;DHFR2;SLC46A1"
"GOBP_FOREBRAIN_GENERATION_OF_NEURONS",0.51221224031443,1,0.361654087444641,0.971327948080679,3648,81,"DLX1;EOMES;NR2E1;ERBB4;PROX1;DCT;INHBA;ASCL1;WNT4;ELAVL4;PAX6;TFAP2C;NRP1;LHX5;WNT5A;GBX2;SEMA3E;HES1;BCL11B;SLC4A10;B2M;ROBO1;SALL1;ID4;LHX6;SLIT2;FGFR2;SOX1;METTL14;DCLK2;SCYL2;FGF2;TOX"
"GOBP_FOREBRAIN_NEUROBLAST_DIVISION",0.52171581769437,1,0.626086693481257,1.00846579722564,2918,5,"DCT;FGFR2;FGFR1;ASPM"
"GOBP_FOREBRAIN_NEURON_DEVELOPMENT",0.999242653741291,1,0.215245621405759,0.513693545220781,6596,37,"NRP1;WNT5A;GBX2;SEMA3E;SLC4A10;ROBO1;LHX6;SLIT2;FGFR2;SOX1;DCLK2;SCYL2;ROBO2;NRP2;UQCRQ;NDNF;SLIT3"
"GOBP_FOREBRAIN_NEURON_FATE_COMMITMENT",0.51295799821269,1,0.630507893777516,1.01558722198659,2869,5,"ASCL1;PAX6;TFAP2C;BCL11B"
"GOBP_FORMATE_METABOLIC_PROCESS",0.246153846153846,1,-0.658365516200607,-1.22513194987859,1039,8,"UROC1;AMDHD1"
"GOBP_FRUCTOSE_1_6_BISPHOSPHATE_METABOLIC_PROCESS",0.0918565624447977,1,0.810847029013516,1.34840306735369,519,6,"ALDOB;PFKL"
"GOBP_FRUCTOSE_2_6_BISPHOSPHATE_METABOLIC_PROCESS",0.175513851653262,1,0.787747857916863,1.26886065431241,981,5,"PFKFB1;PFKFB2;PFKFB3"
"GOBP_FRUCTOSE_6_PHOSPHATE_METABOLIC_PROCESS",0.985473367841042,1,0.261710637643258,0.50467673031473,5901,12,"FBP1;GFPT1;TALDO1;HK1;MPI;PFKL;NFE2L1;PFKM;GFPT2;PFKP;GPI;HK2"
"GOBP_FRUCTOSE_METABOLIC_PROCESS",0.0121730547787465,1,0.78265669398186,1.55356447075681,73,14,"FBP2;PFKFB1;ALDOB;FBP1"
"GOBP_FUCOSE_METABOLIC_PROCESS",0.934998725465205,1,-0.307115384615385,-0.654493146694196,3667,14,"HSD17B14;FPGT;FUT4;POFUT1;FUCA2;B3GLCT;FUT8;FUT1;FUT10;POFUT2;FUT2;FUOM;FUT9;FUCA1"
"GOBP_G_PROTEIN_COUPLED_GLUTAMATE_RECEPTOR_SIGNALING_PATHWAY",0.977646454265159,1,-0.26008285264356,-0.563936290922702,3804,15,"GRM6;TRPM1;GRM4"
"GOBP_GABAERGIC_NEURON_DIFFERENTIATION",0.924058919803601,1,0.332723527168165,0.670014306739264,5645,15,"DLX1;INHBA;ASCL1"
"GOBP_GALACTOLIPID_METABOLIC_PROCESS",0.766833996884196,1,0.442042845033546,0.781746384323164,4429,8,"B3GALT2;PNLIPRP2;GALC"
"GOBP_GALACTOSE_METABOLIC_PROCESS",0.987764465969921,1,-0.229865274854117,-0.489865550836559,3874,14,"GALE;MGAT1;GLB1L3;SLC35A2;GLB1;B4GALT1"
"GOBP_GAMMA_AMINOBUTYRIC_ACID_METABOLIC_PROCESS",0.033754543880907,1,0.820276125870856,1.45064647635568,194,8,"GAD2;GAD1;ALDH1A1"
"GOBP_GAMMA_AMINOBUTYRIC_ACID_RECEPTOR_CLUSTERING",0.989633601429848,1,0.273065200384158,0.439838312916057,5536,5,"GLRB;LHFPL4"
"GOBP_GANGLIOSIDE_METABOLIC_PROCESS",0.996385920804525,1,0.22433139677375,0.50824046685378,6340,27,"B4GALNT1;ST8SIA6;NEU4;ST8SIA3;B3GALT4;ST3GAL3;NAGLU;ST6GALNAC5;GM2A;ABCA2;HEXA;ST6GALNAC6"
"GOBP_GDP_L_FUCOSE_METABOLIC_PROCESS",0.926525821596244,1,-0.312454339216365,-0.564709430180499,3946,7,"GFUS;FPGT;GMDS;FUT8;FUOM;SLC35C1;FCSK"
"GOBP_GDP_MANNOSE_METABOLIC_PROCESS",0.930680986087381,1,-0.314913090293801,-0.615443832118288,3812,10,"GFUS;PMM2;PMM1;GUK1;GMDS;GMPPB;MPI;HK1;GMPPA;SLC35C1"
"GOBP_GDP_METABOLIC_PROCESS",0.822980603977412,1,-0.369775494768812,-0.743531346197257,3351,11,"DLG2;NUDT18;CASK"
"GOBP_GENERATION_OF_NEURONS",1,1,0.227875356030673,0.735318301284511,9886,1476,"CHL1;VXN;TAL1;EVX1;MICOS10-NBL1;BHLHE22;MYT1L;IL1RAPL1;DLX1;OSTN;BTG4;EN2;GFI1;SOX14;RHO;ZNF804A;SAMD11;TH;NKX2-5;OLIG3;LTK;PDE6C;NYAP2;EOMES;CD3E;POU4F2;VSX1;SHOX2;NR2E1;KCNA1;CNGB1;VCAM1;CX3CR1;ERBB4;TLX2;LST1;TLX3;PROX1;CNTN5;NEUROG1;BHLHE23;FOXA2;CNTN6;HOXD1;RTN4RL1;RIT2;DCT;FAIM2;MMD2;MNX1;BMP5;LMX1B;GRM7;PITX3;TTC36;WNT7B;EPHA10;CCR4;POTEE;CSMD3;GPR37L1;VWC2;GNAT2;FAM151B;FOXP2;FZD10;DLL4;POTEF;IRX1;ISLR2;PAX7;GALR2;INHBA;PDZD7;MEF2C;PHOX2A;PRDM1;ATP8B1;ASCL1;DHFRP1;SIX3;SOX21;WNT9B;SPINK5;GABRB2;PRPH2;SRCIN1;IRX5;CPNE6;EPHB3;WNT4;NPY;POU4F3;NGF;FEZF1;NTN1;GDNF;GATA3;SNX32;PLXNC1;OPCML;PCDHAC2;AREG;EPHA5;TBX6;AGBL4;CDHR2;ELAVL4;TULP1;EGR2;GFAP;CAMK2A;POU3F2;RP1L1;GPM6A;ONECUT2;TWIST1;DLL1;NIN;EPHA6;OLFM3;PITX2;SLITRK1;GLDN;RHOXF1;SLITRK3;STMN2;GDF7;LRRC7;SNAP25;SEZ6;PAX6;FAT4;TFAP2C;BRINP2;NRP1;ID2;SZT2;IL6;LHX5;NEUROG3;CDH11;HECW2;CLMN;WNT5A;NFATC4;FOXD1;GRIP1;KIRREL3;NEU4;GAS7;GBX2;EFNA1;GFRA3;CYB5D2;LHX1;DKK1;TENM4;ARHGEF25;DSCAM;SEMA6D;CPEB3;FN1;MAPK8IP2;SEMA3E;DAB2;ALCAM;DDR2;ALX1;NRG3;TENM2;SMIM45;HES1;NRXN3;PTCH1;PRAG1;GFRA1;NOTO;GPR37;KIFC2;NEFL;EPB41L3;ATP1B2;TRAPPC9;CRB1;PSD;PRKCQ;JAG1;BCL6;STMND1;CTF1;INPP5F;RTN4RL2;SOX9;EFHD1;PRKCA;BCL11B;SLC4A10;ADGRB3;KLK6;DDIT4;KIAA1755;PBX4;KLF4;B2M"
"GOBP_GENERATION_OF_PRECURSOR_METABOLITES_AND_ENERGY",1,1,-0.152582354580543,-0.545520497694957,1001,459,"COX6A2;COX7A1;UCN;PRKAG3;PHKG1;AVP;ADGRF5;CHCHD2;LEP;NDP;HKDC1;CEBPA;UQCRHL;SIRT4;TRIM63;GPD1;NHLRC1;GCK;GYG2;EPM2A;COMT;TREX1;NUPR1;GCGR;XYLB;BID;PPIF;CBFA2T3;CAVIN3;NDUFA4L2;FECH;GNMT;NDUFC2-KCTD14;SCO2;AACS;COL6A1;NOS2"
"GOBP_GEPHYRIN_CLUSTERING_INVOLVED_IN_POSTSYNAPTIC_DENSITY_ASSEMBLY",0.640522875816993,1,0.540016479849621,0.898023735422276,3625,6,"SLITRK3;NRXN3;NRXN2;NLGN2"
"GOBP_GERANYLGERANYL_DIPHOSPHATE_METABOLIC_PROCESS",0.727709685171834,1,-0.424190639086101,-0.808096726754355,3027,9,"HMGCS1;MVD;HMGCR;MVK;IDI1"
"GOBP_GLIAL_CELL_DERIVED_NEUROTROPHIC_FACTOR_RECEPTOR_SIGNALING_PATHWAY",0.28576164428974,1,0.593088275923675,1.16170693488038,1723,13,"GDNF;GATA3;GFRA3;GFRA1;GFRA2;MMP14"
"GOBP_GLUCAN_METABOLIC_PROCESS",0.835302293259208,1,-0.2860277006987,-0.854388212298811,2403,81,"PRKAG3;PHKG1;NHLRC1;GCK;GYG2;EPM2A;COMT;GCGR"
"GOBP_GLUCOCORTICOID_METABOLIC_PROCESS",0.224176527022705,1,0.537980710487806,1.18958023103157,1401,24,"CRH;BMP5;WNT4;NR5A2;POMC"
"GOBP_GLUCOSE_6_PHOSPHATE_METABOLIC_PROCESS",0.82845786963434,1,0.342632848605189,0.764002303012395,5210,25,"ALDOB;H6PD;DERA"
"GOBP_GLUCOSE_METABOLIC_PROCESS",1,1,0.185975505828197,0.545359464898339,7934,185,"FBP2;PFKFB1;ALDOB;TKTL1;GAPDHS;PDX1;PPP1R3G;OAS1;FBN3;IGFBP3;HECTD4;ERFE;LIPA;ACTN3;PPP1R3E;ONECUT1;ENO3;FBN1;INPPL1;PDK1;KAT2B;FBP1"
"GOBP_GLUCOSYLCERAMIDE_METABOLIC_PROCESS",0.739079102715466,1,0.427128576306064,0.807934342199275,4381,11,"B3GALT2;PRKAA1;GBA2;SCARB2;B4GALT3;FA2H;PRKCD;GBA1"
"GOBP_GLUCURONATE_METABOLIC_PROCESS",0.218779342723005,1,-0.694737989905042,-1.25562376694135,931,7,"UGT1A6;XYLB"
"GOBP_GLUTAMATE_BIOSYNTHETIC_PROCESS",0.691043985161632,1,0.512093026426236,0.851588256349228,3911,6,"GLS2;GLS"
"GOBP_GLUTAMATE_METABOLIC_PROCESS",0.698354099369328,1,0.36889924292939,0.859366220142944,4539,32,"GAD2;GAD1;FTCD;GLS2"
"GOBP_GLUTAMATE_RECEPTOR_SIGNALING_PATHWAY",0.991341991341991,1,0.245276525022119,0.634791980752903,6869,61,"GRIA2;GRM7;GRID1;GRIK1;MEF2C;SSTR1;DORIP1;GRM5;CCL2;GRIK3;GRIN2D"
"GOBP_GLUTAMATE_REUPTAKE",0.26797385620915,1,0.72342184166791,1.20301881291028,1516,6,"SLC17A8;CLN8"
"GOBP_GLUTAMATE_SECRETION",0.988284910965323,1,0.252491838410127,0.575354474343767,6326,28,"AVPR1A;GRM7;APBA1;BEST1;P2RX7"
"GOBP_GLUTAMATE_SECRETION_NEUROTRANSMISSION",0.272189349112426,1,-0.642614658218302,-1.19582166725097,1149,8,"KMO;ABCC8;DTNBP1;NF1;STXBP1"
"GOBP_GLUTAMATERGIC_NEURON_DIFFERENTIATION",0.057999348321929,1,0.685770863295292,1.4154111704998,355,17,"RHO;VSX1;PROX1;GNAT2;PRDM1;IRX5"
"GOBP_GLUTAMINE_FAMILY_AMINO_ACID_METABOLIC_PROCESS",0.294691535150646,1,0.420999156318929,1.09589712467597,2053,64,"GAD2;ARG1;LGSN;GAD1;GLYATL1B;FTCD;NOXRED1;GLS2;MTTP"
"GOBP_GLUTAMINE_METABOLIC_PROCESS",0.162254344648368,1,0.596321296738809,1.26134830418947,998,19,"LGSN;GLYATL1B;GLS2;MTTP;GLYATL1;CPS1;ARHGAP11B"
"GOBP_GLUTATHIONE_CATABOLIC_PROCESS",0.173231974199493,1,-0.751600372178291,-1.3108989401032,751,6,"GGTLC2;GGT1"
"GOBP_GLUTATHIONE_METABOLIC_PROCESS",0.304290332059947,1,0.435433776455634,1.09271023723102,2070,50,"GSTM1;SLC1A2;GSTM3;GSTO2"
"GOBP_GLUTATHIONE_TRANSMEMBRANE_TRANSPORT",0.916923076923077,1,-0.323386910712912,-0.601780662470486,3873,8,"SLC25A40;ABCC4;ABCC1;SLC25A39;ABCC5;SLC13A3;SLC7A11;GJA1"
"GOBP_GLUTATHIONE_TRANSPORT",0.70635894917751,1,-0.409284109203414,-0.822973855753803,2876,11,"ABCC2;SLC25A40;ABCC4;ABCC1;NHERF1;SLC25A39"
"GOBP_GLYCERALDEHYDE_3_PHOSPHATE_METABOLIC_PROCESS",0.55641760836566,1,0.499236772984529,0.944330480697969,3298,11,"ALDOB;TALDO1"
"GOBP_GLYCEROL_3_PHOSPHATE_METABOLIC_PROCESS",0.79906103286385,1,-0.407101069027814,-0.735767707029265,3403,7,"GPD1;GPAT2"
"GOBP_GLYCEROL_METABOLIC_PROCESS",0.24974173553719,1,-0.51236204101602,-1.16044195536615,966,18,"ANGPTL3;LEP;PCK1"
"GOBP_GLYCEROLIPID_BIOSYNTHETIC_PROCESS",1,1,0.193338632659541,0.577872201917953,8197,231,"TPTE2;HTR2A;IP6K3;FABP2;MOGAT3;APOA2;PIGZ;AGMO;CPNE6;SLC44A3;PDGFA;DGKI;SYNJ1;AGPAT3;INPP5F;INPPL1;PNPLA2;DGKB;PIGN;DGKH;PLCG2;SLC44A5;PIK3R1;SH3YL1;AVIL;HYCC2;MOGAT1;TTC7A;PIK3CD;GPAT3;ABHD3;INPP4B;SMG1;CDS2;SIK1;SLC44A4;PDGFB;PTPMT1;PIK3C3;PLCE1;INPP4A;INPP1;ABHD5;ITPKB;PIGX;CHKB;LCLAT1;LPIN1;DGKA"
"GOBP_GLYCEROLIPID_CATABOLIC_PROCESS",0.679633867276888,1,0.340364662070036,0.888435662268778,4751,65,"APOA5;PLA2G4F;PLA2G5;LIPC;APOA2;PNLIPRP2;PLA2G4E;CPS1;INPP5F;PNPLA7;GDPD3;PNPLA2;ENPP2;SORL1"
"GOBP_GLYCEROLIPID_METABOLIC_PROCESS",1,1,0.226351261140848,0.696974748586209,8724,363,"APOA5;PLA2G4F;TPTE2;APOBR;SLC22A4;HTR2A;IP6K3;PLA2G5;PLA2G2C;FABP2;LIPC;GPR82;MOGAT3;APOA2;PNLIPRP2;TNFAIP8L3;PIGZ;AGMO;GALR2;PLAAT5;CAV3;CPNE6;SLC44A3;MTTP;PLA2G4E;PLAAT4;LIPA;PDGFA;DGKI;ABCA3;SYNJ1;CPS1;AGPAT3;INPP5F;PNPLA7;GDPD3;INPPL1;PNPLA2;DGKB;PIGN;PIK3R5;ENPP2;DGKH"
"GOBP_GLYCEROPHOSPHOLIPID_BIOSYNTHETIC_PROCESS",1,1,0.199422706420017,0.587936556054933,8004,196,"TPTE2;HTR2A;IP6K3;APOA2;PIGZ;CPNE6;SLC44A3;PDGFA;DGKI;SYNJ1;AGPAT3;INPP5F;INPPL1;DGKB;PIGN;DGKH;PLCG2;SLC44A5;PIK3R1;SH3YL1;HYCC2;TTC7A;PIK3CD;GPAT3;ABHD3;INPP4B;SMG1;CDS2;SLC44A4;PDGFB;PTPMT1;PIK3C3;INPP4A;INPP1;ABHD5;ITPKB;PIGX;CHKB;LCLAT1;LPIN1;DGKA"
"GOBP_GLYCEROPHOSPHOLIPID_CATABOLIC_PROCESS",0.635716449560739,1,0.376282343024526,0.898015065439465,4196,37,"PLA2G4F;PLA2G5;LIPC;PNLIPRP2;PLA2G4E;INPP5F;PNPLA7;GDPD3;ENPP2"
"GOBP_GLYCEROPHOSPHOLIPID_METABOLIC_PROCESS",1,1,0.18892423774535,0.572931432065278,8423,286,"PLA2G4F;TPTE2;HTR2A;IP6K3;PLA2G5;PLA2G2C;LIPC;APOA2;PNLIPRP2;TNFAIP8L3;PIGZ;GALR2;PLAAT5;CPNE6;SLC44A3;PLA2G4E;PLAAT4;PDGFA;DGKI;ABCA3;SYNJ1;AGPAT3;INPP5F;PNPLA7;GDPD3;INPPL1;DGKB;PIGN;PIK3R5;ENPP2;DGKH;PLCG2;SLC44A5;PIK3R1;SH3YL1;HYCC2;PLAAT3;TTC7A;PIK3CD;PNPLA8;GPAT3;ABHD3;INPP4B;NAPEPLD;SMG1;CDS2;ABHD12B;PLCB4;SLC44A4"
"GOBP_GLYCINE_IMPORT_ACROSS_PLASMA_MEMBRANE",0.643310945725177,1,0.583158964893397,0.90273726041027,3543,4,"SLC6A20;RGS4;RGS2"
"GOBP_GLYCINE_METABOLIC_PROCESS",0.150444604662341,1,-0.69219503406025,-1.31865366596685,625,9,"NDP;BAAT"
"GOBP_GLYCOLIPID_BIOSYNTHETIC_PROCESS",0.997198487183079,1,0.238980826681541,0.64394361987527,7118,84,"B3GALT2;PIGZ;B4GALNT1;ST8SIA6;GAL3ST4;ST8SIA3;PIGN;B4GALT4;B3GALT4;ST8SIA5;ST3GAL3;SLC35C1;PIGX;UGT8;PIGB;ST6GALNAC5;PIGK;PRKAA1;GAL3ST2;FUT9;GBA2;ST6GALNAC6"
"GOBP_GLYCOLIPID_CATABOLIC_PROCESS",0.703392058900868,1,-0.361953782127832,-0.847504353989872,2674,21,"GBA3"
"GOBP_GLYCOLIPID_TRANSPORT",0.942485207100592,1,-0.297501052829893,-0.553610473172721,3981,8,"GLTP;RFT1;CPTP;CLN3"
"GOBP_GLYCOPROTEIN_METABOLIC_PROCESS",1,1,-0.1319273161422,-0.463510027914889,1299,360,"FREY1;A4GNT;LEP;CCR7;HS6ST3;IHH;ANGPT1;FOXL1;ST8SIA4;HS3ST1;GALNT9;ST8SIA2;EDNRB;MUSTN1;HS3ST2;ALG10B;MGAT4C;HS6ST2;ST3GAL1;ALG14;TREX1;HS3ST5;ADAMTS4;NUDT14;ALG1;CHST15;CHST5;ADAMTS12;POMT1"
"GOBP_GLYCOSAMINOGLYCAN_METABOLIC_PROCESS",0.111832611832612,1,0.487873500868915,1.26264910979762,774,61,"LYVE1;SPAM1;ITIH1;ITIH2;ITIH6;STAB2;FOXC1;GALNT5"
"GOBP_GLYCOSIDE_METABOLIC_PROCESS",0.137600414615185,1,-0.591659066573411,-1.30313519581916,530,16,"GBA3;AKR1B10"
"GOBP_GLYCOSPHINGOLIPID_BIOSYNTHETIC_PROCESS",0.904917545684148,1,0.303487041477372,0.743268689016059,6090,43,"B3GALT2;B4GALNT1;ST8SIA6;ST8SIA3;B4GALT4;B3GALT4"
"GOBP_GLYCOSPHINGOLIPID_METABOLIC_PROCESS",1,1,-0.178021648500415,-0.517537985251181,2952,69,"GBA3;ST8SIA4;ST8SIA2;LCT;ST3GAL1"
"GOBP_GLYCOSYLCERAMIDE_METABOLIC_PROCESS",0.879934747145188,1,0.340153705608333,0.711202960775679,5393,18,"B3GALT2;GALC"
"GOBP_GLYOXYLATE_METABOLIC_PROCESS",0.930224341989048,1,0.348161855007418,0.578977903882445,5265,6,"MGAT4A;IDH2;GRHPR;IDH1;HOGA1;HYI"
"GOBP_GMP_METABOLIC_PROCESS",0.299299568965517,1,-0.451996780058,-1.10153073661966,1110,25,"GDA;DLG2;IMPDH1;CASK;PFAS;HPRT1;XDH;PRTFDC1;GART;CARD11;ADSL"
"GOBP_GONADOTROPHIN_RELEASING_HORMONE_NEURONAL_MIGRATION_TO_THE_HYPOTHALAMUS",0.744038155802862,1,0.483380363980521,0.803840357265482,4211,6,"NRP1;SEMA3E;NRP2;NDNF"
"GOBP_GPI_ANCHOR_METABOLIC_PROCESS",0.999845512127298,1,0.188554424759223,0.435152554701033,6471,30,"PIGZ;PIGN;PIGX;PIGB;PIGK"
"GOBP_GTP_METABOLIC_PROCESS",0.866698826177842,1,0.335862461653801,0.736813281210939,5389,23,"NME9;AK4;AK3;RAB23;NME4"
"GOBP_GUANINE_METABOLIC_PROCESS",0.183798502382573,1,-0.771203665189469,-1.30487226157278,809,5,"GDA"
"GOBP_HEME_A_BIOSYNTHETIC_PROCESS",0.947034415425921,1,-0.296994472833139,-0.580424955684912,3879,10,"FECH;HMBS"
"GOBP_HEME_B_BIOSYNTHETIC_PROCESS",0.212350500366122,1,-0.633470329452752,-1.23800953059115,869,10,"ALAS2;FECH;HMBS"
"GOBP_HEME_TRANSPORT",0.958568738229755,1,0.307695071220202,0.557533494864831,5598,9,"HPX;SLC46A1;SLC48A1;FLVCR2"
"GOBP_HEMOGLOBIN_METABOLIC_PROCESS",0.776332899869961,1,-0.348862424410932,-0.799241009022043,2984,19,"ALAS2"
"GOBP_HEPARAN_SULFATE_PROTEOGLYCAN_METABOLIC_PROCESS",0.990988191423244,1,-0.243038725508615,-0.658236911924816,3188,45,"HS6ST3;HS3ST1;HS3ST2;HS6ST2;HS3ST5"
"GOBP_HEPARIN_PROTEOGLYCAN_METABOLIC_PROCESS",0.984135240572172,1,-0.254370449741104,-0.582760654890696,3783,19,"ANGPT1;EDNRB"
"GOBP_HIPPOCAMPAL_NEURON_APOPTOTIC_PROCESS",0.433139021374315,1,0.646223400100377,1.07464118842638,2451,6,"CX3CR1;CX3CL1"
"GOBP_HISTAMINE_METABOLIC_PROCESS",0.451713395638629,1,-0.658753109049957,-1.06545587783979,2029,4,"HDC"
"GOBP_HISTONE_MRNA_METABOLIC_PROCESS",0.967437874892888,1,-0.265341866737254,-0.678651828249451,3386,32,"TENT4B;CSTF2;UPF1;TENT2;FIP1L1;SNRPG;SNRPB;NCBP1;SSB;SNRPF;SLBP;ERI1;SYMPK;NCBP2;SNRPD3;TUT4;TUT7;EXOSC10;MTPAP"
"GOBP_HOMOCYSTEINE_METABOLIC_PROCESS",0.824369105276574,1,-0.355376262277409,-0.757341832450526,3233,14,"ENSG00000274276;NOX4;DPEP1;CTH"
"GOBP_HORMONE_METABOLIC_PROCESS",0.679145045712874,1,0.31057673521167,0.920736285448587,5496,210,"EEF1AKMT4-ECE2;TG;UGT2B15;CYP3A4;SULT1A4;CYP2W1;SCNN1B;DHRS2;PRLHR;FOXE1;ALDH8A1;DIO2;ADH6;REN;UGT2B4;BMP5;CPA4;DUOX1;SDR9C7;CYP46A1;ALDH1A1;INHBA;NR5A1;AKR1D1;BCO2;CYP2C18;LHCGR;WNT4;NR5A2;PAX8;GATA3;EGR1;HSD17B6;AKR1C1;LHB;PCSK2;POMC;DDO;RDH16;CYP26A1;PCSK1N;CPQ;ALDH1A3"
"GOBP_HUMORAL_IMMUNE_RESPONSE",0.249328043005248,1,0.377723215699513,1.09873229239988,1947,171,"H2BC19P;CFB;KLK3;DMBT1;SLC11A1;H2BC14;DEFA6;BLNK;CXCL8;CCL22;A2M;F2;IL7;C8G;RNASE6;REG1A;CCL25;XCL1;SH2D1A;GATA6;H2BC26;CXCL11;NTS;CCL5;TF;MEF2C;CXCL2;AIRE;PTPRC;H2BC8;SPINK5;ANG;AZU1;NPY;ALOX5;GATA3;CD37;SEMG1;LEAP2;WFDC5;SPON2;CXCL1;KLK7;CXCL6;MASP1;TFEB;POMC;IL6;HPX"
"GOBP_HUMORAL_IMMUNE_RESPONSE_MEDIATED_BY_CIRCULATING_IMMUNOGLOBULIN",0.731652026069708,1,-0.334041759487696,-0.841837085247855,2581,30,"FCGR2B;C3;C4A;LTA;ZP3;FCMR"
"GOBP_HYALURONAN_METABOLIC_PROCESS",0.00738347946469774,1,0.680622460826436,1.58553849788398,47,32,"LYVE1;SPAM1;ITIH1;ITIH2;ITIH6;STAB2"
"GOBP_HYDROCARBON_METABOLIC_PROCESS",0.532629107981221,1,-0.536012261753619,-0.968753321409445,2268,7,"CYP2E1;CYP2F1;CYP1A1;BCO1"
"GOBP_HYDROGEN_PEROXIDE_METABOLIC_PROCESS",0.523250631406923,1,0.393043375971256,0.962600687536715,3521,43,"MPO;NOX1;LPO;DUOX1;PXDNL;HBA1"
"GOBP_HYDROGEN_SULFIDE_METABOLIC_PROCESS",0.671043538355218,1,-0.485924288201399,-0.847521712273059,2912,6,"ENSG00000274276;CTH"
"GOBP_HYPEROSMOTIC_RESPONSE",0.544509969109801,1,-0.37466725842463,-0.938563180060578,1938,29,"SST;FXYD2;AQP1;RCSD1"
"GOBP_HYPEROSMOTIC_SALINITY_RESPONSE",0.867099254986782,1,-0.357278536515873,-0.680627032506158,3607,9,"FXYD2"
"GOBP_HYPOTHALAMUS_GONADOTROPHIN_RELEASING_HORMONE_NEURON_DIFFERENTIATION",0.818937164618314,1,0.415182732026189,0.734244662573953,4730,8,"NRP1;SEMA3E;NRP2;NDNF"
"GOBP_ICOSANOID_METABOLIC_PROCESS",0.535885824070262,1,0.350542562190512,0.963369705081411,3904,97,"GSTM1;PLA2G4F;NLRC4;PLA2G5;CYP4A11;AVPR1A;CYP2C18;NAIP;ALOX5;PTGR3;FAAH2;TBXAS1;AKR1C1;HPGD"
"GOBP_IMIDAZOLE_CONTAINING_COMPOUND_METABOLIC_PROCESS",0.323895533317061,1,-0.578428564299183,-1.13043980447699,1326,10,"UROC1;AMDHD1;HDC"
"GOBP_IMMUNE_COMPLEX_CLEARANCE",0.848248320929388,1,0.446560480074018,0.691281123429539,4672,4,"PLA2G5;CR1"
"GOBP_IMMUNE_EFFECTOR_PROCESS",0.0578764142732811,1,0.372876359221457,1.17232320903483,531,535,"KDM5D;IL9R;MR1;CD22;ARG1;HAVCR2;AICDA;CD274;CFB;KLK3;GZMB;IL12B;TIGIT;CLEC7A;FCGR3A;SLC11A1;CD226;CD96;MPO;SCNN1B;HTR2A;RAG2;EOMES;FCRLB;PLA2G5;TCIM;A2M;F2;C8G;CX3CR1;FCGR2C;BTLA;IL2RG;APOA2;CLEC4D;NKG7;RSAD2;XCL1;SCIMP;SH2D1A;PSMB9;SASH3;HLA-DMB;ITGAM;CD8A;MYO1G;SERPINB4;ITGB2;HLA-H;SLA2;FCGR1A;BTK;WAS;AIRE;ADGRE2;PTPRC;SPINK5;PIK3R6;SERPINB9;CD36;AZU1;CD1C;CEACAM1;IL2RB;HCST;MZB1;GATA3;RIPK3;BTN3A2;CD37;SPON2;FCER1G;RFTN1;DLL1;CXCL6;BTN3A3;NECTIN4;IRF8;PKP3;MASP1;LIPA;ULBP1;FCGR2A;IRF5;POMC;IL6;WNT5A;PTX3;CADM1;FOXP3;HPX;CHGA;TNFSF13;SPI1;CARD9;SEMA6D;NMI;PSMB8;COLEC11;FGL2;P2RX7;CLC;PTGDR;APBB1IP;HLA-G;RIGI;RAB27A;RC3H1;JAG1;DDX60;BCL6;C4B;F2RL1;LGALS9;HLA-F;IL18"
"GOBP_IMMUNE_RESPONSE_IN_GUT_ASSOCIATED_LYMPHOID_TISSUE",0.256338028169014,1,-0.675621725117981,-1.22107428677681,1091,7,"ITGB7;RORC;ZBTB16"
"GOBP_IMMUNE_RESPONSE_INHIBITING_SIGNAL_TRANSDUCTION",0.81156944105443,1,-0.381722508807014,-0.746011426221808,3324,10,"LILRB3;LILRA5;LAIR1;LYN"
"GOBP_IMMUNE_RESPONSE_REGULATING_CELL_SURFACE_RECEPTOR_SIGNALING_PATHWAY",0.94500233535731,1,0.26923142379151,0.822072862971419,8092,318,"CD22;CD274;CLEC7A;FCGR3A;ZAP70;CD226;CD3E;GBP1;BLNK;FYB1;FCGR2C;BTLA;CD33;C5AR1;CLEC4D;SCIMP;SH2D1A;FYB2;TRAC;GP6;ITGAM;CD8A;MYO1G;LPXN;SLA2;FCGR1A;BTK;MEF2C;OAS1;PTPRC;BTN2A3P;CLEC6A;NFAM1;CD36;CD200R1;LILRA6;TLR5;CEACAM1;GATA3;BTN3A2;BANK1;TLR6;FCER1G;RFTN1;BTN3A3;MASP1;CACNB3;LIPA;FCGR2A;FOXP3;PDE4B;ERMAP;NMI;PRKCB;RAB7B;MOG;COLEC11;PVRIG"
"GOBP_IMMUNE_RESPONSE_REGULATING_CELL_SURFACE_RECEPTOR_SIGNALING_PATHWAY_INVOLVED_IN_PHAGOCYTOSIS",0.640496960084589,1,-0.368569333792112,-0.884464728740713,2422,23,"PRKCE;VAV1;LYN;SYK;NOS2;FGR"
"GOBP_IMMUNE_RESPONSE_REGULATING_SIGNALING_PATHWAY",0.981970096745822,1,0.259635768390382,0.81309924558883,8931,497,"CD22;HAVCR2;CD274;GFI1;CLEC7A;FCGR3A;ZAP70;NLRC4;CD226;CD3E;GBP1;BLNK;FYB1;FCGR2C;BTLA;CD33;C5AR1;CLEC4D;RSAD2;SCIMP;SH2D1A;FYB2;TRAC;GP6;TRIM15;ITGAM;CD8A;MYO1G;CASR;STING1;LPXN;SLA2;FCGR1A;BTK;MEF2C;OAS1;PTPRC;BTN2A3P;CLEC6A;NFAM1;IFIH1;CD36;CD200R1;LILRA6;NAIP;PYDC1;TLR5;CEACAM1;LRRC19;GATA3;BTN3A2;TMIGD3;BANK1;TLR6;FCER1G;RFTN1;BTN3A3;MASP1;CACNB3;LIPA;FCGR2A;IRF5;FOXP3;TLR7;PDE4B;ERMAP;NMI;PRKCB;RAB7B;MOG;COLEC11;PVRIG;CCDC92;P2RX7;HLA-G;RIGI;CD79B;PTPN22;RC3H1;PRKCQ;DDX60;F2RL1;LGALS9;HLA-A;MASP2;PDPK1;SLC46A2;HLA-DQB1;FOSL1"
"GOBP_IMMUNE_RESPONSE_TO_TUMOR_CELL",0.0717783899602081,1,0.572933048164465,1.35531300960643,468,35,"MR1;HAVCR2;CD274;IL12B;CD226;BTLA;NKG7"
"GOBP_IMMUNE_SYSTEM_DEVELOPMENT",0.39050593379138,1,0.349959832482117,1.03174900371548,3125,196,"HAVCR2;FGF10;AICDA;NKX2-5;RAG2;CD3E;FOXE1;BTLA;CCR4;IL15;LTB;AIRE;PTPRC;EPHB3;NR5A2;GATA3;RIPK3;MAFB;PITX2;TBX1;LIPA;NKX3-2;ID2;FOXP3;NFKB2;TNFSF13;IDO1;CLC;HES1;HLA-G;ONECUT1;RC3H1;FAM210B;BCL6;LGALS9;TNFSF4;BCL11B;SLC46A2;TNFRSF11A"
"GOBP_IMMUNOGLOBULIN_PRODUCTION_INVOLVED_IN_IMMUNOGLOBULIN_MEDIATED_IMMUNE_RESPONSE",0.764800703399766,1,0.332350473158278,0.837384096293282,5218,51,"AICDA;XCL1;BTK;PTPRC;FOXP3;TNFSF13;BCL6;TNFSF4;APLF;SLC15A4;SHLD1;TGFB1;IL27RA;LIG4"
"GOBP_IMMUNOLOGICAL_SYNAPSE_FORMATION",0.639589776981931,1,0.431035663454844,0.879956135765746,3928,16,"HAVCR2;CD2AP;GIT1"
"GOBP_IMP_METABOLIC_PROCESS",0.264751552795031,1,-0.513283235619848,-1.1421658987781,1022,17,"NT5C1A"
"GOBP_IMPORT_ACROSS_PLASMA_MEMBRANE",0.662179007728746,1,0.313995064559412,0.926991172460623,5311,200,"KCNJ15;SLC5A4;KCNJ5;SLC22A4;SCNN1B;SLC17A8;SLC12A3;ATP4B;SLC34A1;ABCC9;CACNA1F;CACNA1D;ATP1A4;P2RX1;SLC1A2;CD36;TRPV3;SCNN1G;GFAP;SLC12A1;TRPM2;KCNK9;CACNA1B;KCNJ6;SLC12A7;SLC39A5;SCNN1D;SLC6A20;SLC1A4;ATP1B2;SLC36A1;KCNJ14;SLC39A4;SLC46A2;SLC39A11;FXYD1;SLC9A9;CACNA1S;SLC8A3;CACNA1E;HCN1;ANK2;CLTRN;SLC15A1;SLC15A4;MFSD4B;KCNJ4;SLC39A8;SLC7A2;ATP1B1;LRRC8C;ATP2B4;SLC12A6;STEAP2;GRM1;SLC39A10;FXYD3;SLC24A4;SLC9A7;KCNJ11;SLC12A4"
"GOBP_IMPORT_INTO_THE_MITOCHONDRION",0.297396913153651,1,-0.682128514883447,-1.18973004840764,1290,6,"SFXN3;SFXN2;MPC1"
"GOBP_INDOLE_CONTAINING_COMPOUND_METABOLIC_PROCESS",0.737875997544506,1,0.358037368136041,0.839023374552765,4807,33,"TPH2;TH;SULT1A4"
"GOBP_INFLAMMASOME_MEDIATED_SIGNALING_PATHWAY",0.38209536166072,1,-0.359177072783322,-1.02348468964703,1177,60,"TLR4;TRIM31;IRGM;NLRP1;PYDC5"
"GOBP_INFLAMMATORY_CELL_APOPTOTIC_PROCESS",0.642554578038449,1,0.426472397594538,0.880226658456349,3943,17,"CCL5;MEF2C;IL6;PIK3CD;NOD2;CDKN2A;ITPKB;SLC7A11;SIRT1"
"GOBP_INFLAMMATORY_RESPONSE",0.976195491889615,1,0.263991953144832,0.838862471263672,9267,738,"ORM1;HAVCR2;GZMB;CD163;IL12B;GBP3;SERPINA1;CLEC7A;FCGR3A;CNR2;SLC11A1;NLRC4;SAA1;CXCR6;NOX1;TNFAIP8L2;HTR2A;GBP1;BLNK;CXCL8;CCL22;F2;IL5RA;GPR4;VCAM1;CX3CR1;FCGR2C;AOAH;C5AR1;CCL25;NKG7;XCL1;LRFN5;CRH;TACR1;IL31RA;SERPINF2;CCR4;IL37;CXCL11;GNAT2;ITGAM;ACKR1;CDH5;ABCD2;ITGB2;CASR;CCL5;NPFF;SIGLEC10;P2RX1;HBA1;MAS1;CREB3L3;STING1;IL15;FCGR1A;BTK;CXCL2;ADGRE2;ACKR2;PTPRC;NFAM1;ADCY8;CD36;CD200R1;NAIP;AZU1;PYDC1;TLR5;MSMP;NR5A2;AOC3;NPY;CASP4;LRRC19;ALOX5;GATA3;TMIGD3;IL10RB;TLR6;KDM6B;FCER1G;CXCL1;PROC;WNK4;CXCL6;IL17RB;LIPA;FCGR2A;SPHK1;IRF5;IL6;NLRP14;WNT5A;PTX3;NFATC4;FOXP3;TLR7;ECM1;CARD9;NMI;FN1;PTAFR;IDO1;CCDC92;P2RX7;IL1A;MAP3K8;PTGDR;NFATC1;LY75;ASH1L;TXNIP;PPARG;PTPN22;CCN3;HYAL3;PRKCQ;FAM210B;BCL6;C4B;APOL3;GPSM3;F2RL1;LGALS9;IL18;IL22RA1"
"GOBP_INFLAMMATORY_RESPONSE_TO_ANTIGENIC_STIMULUS",0.703089244851259,1,0.336626897974571,0.878679176682518,4915,65,"IL12B;FCGR3A;IL5RA;FCGR2C;IL31RA;NPFF;FCGR1A;BTK;NPY;GATA3;KDM6B;FCER1G;FCGR2A"
"GOBP_INFLAMMATORY_RESPONSE_TO_WOUNDING",0.71264674493063,1,-0.350332955393981,-0.847049784880178,2670,24,"TLR4"
"GOBP_INHIBITORY_POSTSYNAPTIC_POTENTIAL",0.852607709750567,1,0.346453168798084,0.739308789714637,5263,20,"GLRA1;CRH;DRD4"
"GOBP_INHIBITORY_SYNAPSE_ASSEMBLY",0.93283348953452,1,0.299282957803091,0.681977643123451,5971,28,"GABRB2;GABRG1;GABRG3;GABRA1;WNT5A;CLSTN3;SEMA4A;SRGAP2;LHFPL4"
"GOBP_INNATE_IMMUNE_RESPONSE_ACTIVATING_CELL_SURFACE_RECEPTOR_SIGNALING_PATHWAY",0.976124567474048,1,-0.253384350495007,-0.754963075475628,2820,80,"TLR4;LBP;COLEC10;TLR2;FCN3;LTF;PRKCE;LYN;SYK;NR1H3"
"GOBP_INNATE_IMMUNE_RESPONSE_IN_MUCOSA",0.380061300209711,1,0.49349480782389,1.064350802022,2355,21,"H2BC19P;H2BC14;H2BC26;H2BC8"
"GOBP_INNER_MITOCHONDRIAL_MEMBRANE_ORGANIZATION",0.872280919825979,1,-0.29328054724284,-0.794309965791457,2806,45,"APOO;UQCC3;TIMM13;MTX2;MICOS10;TIMM22;OPA1;TIMM8B;AFG3L2;CHCHD10;TIMM9;SLC25A46;GHITM;LETM1;CHCHD3;TOMM70;TRMT10B;CHCHD6;TIMM29;ADCK1;TMEM11;ROMO1;HSPA9;TIMM8A;TIMM10B;IMMT;SAMM50;BCS1L"
"GOBP_INORGANIC_ION_IMPORT_ACROSS_PLASMA_MEMBRANE",0.653805215540181,1,0.325695064352112,0.918544688189814,4913,122,"KCNJ15;KCNJ5;SCNN1B;SLC12A3;ATP4B;SLC34A1;ABCC9;CACNA1F;CACNA1D;ATP1A4;P2RX1;TRPV3;SCNN1G;SLC12A1;TRPM2;KCNK9;CACNA1B;KCNJ6;SLC12A7;SLC39A5;SCNN1D;ATP1B2;KCNJ14;SLC39A4;SLC39A11;FXYD1;SLC9A9;CACNA1S;SLC8A3;CACNA1E;HCN1;ANK2"
"GOBP_INOSINE_METABOLIC_PROCESS",0.971403038427167,1,0.303610465641507,0.489038935769006,5434,5,"ADA;MAPDA;ADA2"
"GOBP_INOSITOL_METABOLIC_PROCESS",0.384615384615385,1,-0.58554931722639,-1.08963054581531,1624,8,"MIOX"
"GOBP_INOSITOL_PHOSPHATE_METABOLIC_PROCESS",0.686560432952495,1,0.362025924065545,0.871976976639113,4566,39,"IP6K3;PTH1R;GALR2;LHCGR;AVPR1B;SYNJ1;PTAFR;PPIP5K2;NUDT4B;PLCG2"
"GOBP_INOSITOL_TRISPHOSPHATE_METABOLIC_PROCESS",0.880948405409918,1,0.3628294769174,0.699671957247987,5275,12,"LHCGR;PTAFR;PLCG2;ITPKB;P2RY1"
"GOBP_INSULIN_METABOLIC_PROCESS",0.555266579973992,1,-0.406152410785841,-0.930491907121651,2134,19,"SLC30A8"
"GOBP_INTERFERON_ALPHA_PRODUCTION",0.527212754260583,1,-0.383294000010085,-0.9488814680124,1917,27,"TLR4;NMBR"
"GOBP_INTERFERON_BETA_PRODUCTION",0.999026921829387,1,-0.212638612233777,-0.605919421199673,3079,60,"TLR4;TRADD;TLR2"
"GOBP_INTERFERON_MEDIATED_SIGNALING_PATHWAY",0.670765790944662,1,0.333919966832121,0.901083369573256,4799,85,"ARG1;SP100;PARP9;STING1;OAS1;IFIH1;IL10RB;PARP14;WNT5A;HPX;TBKBP1;PPARG;OAS2;CR2;NLRC5"
"GOBP_INTERMEMBRANE_LIPID_TRANSFER",0.992267657992565,1,0.247692749372144,0.604310618385821,6672,42,"GLTPD2;TNFAIP8L3;MTTP;ABCA3;PRELID3A;PLEKHA8P1;TTPA;BLTP1"
"GOBP_INTERNEURON_MIGRATION",0.392023685127133,1,0.638302188948682,1.09735785975798,2250,7,"EVX1;LHX6;SOX1"
"GOBP_INTERNEURON_MIGRATION_FROM_THE_SUBPALLIUM_TO_THE_CORTEX",0.663849765258216,1,-0.473555904237446,-0.855873807069642,2827,7,"DRD1;FEZF2"
"GOBP_INTERSTRAND_CROSS_LINK_REPAIR",0.999694283093855,1,-0.18921104308652,-0.509005920942637,3269,43,"RAD51;FIGNL1;POLN;XPA;FAAP24;CENPS;ERCC1;RNF8;SPRTN;ERCC4;VCP;FAAP20;FANCG;MCM9;NEIL3;HMCES;RFWD3;DCLRE1B;CENPX;RNF168;FANCF;FANCL;FANCA;FAAP100;DCLRE1A;NUCKS1;MCM8;FANCE;FANCC;RAD51AP1;FAN1;FIRRM;DCLRE1C;XRCC3;HROB;ERCC6L2;FANCB;FANCD2;FANCM;FANCI;ATR;EXO5;RAD51D"
"GOBP_INTESTINAL_LIPID_ABSORPTION",0.565172324436382,1,-0.418800264624833,-0.922411901860516,2180,16,"ABCG8;PRAP1;LEP"
"GOBP_INTRACELLULAR_DISTRIBUTION_OF_MITOCHONDRIA",0.710798122065728,1,-0.451028714233412,-0.815159644921499,3027,7,"LRRK2;CLUH;MAPT"
"GOBP_INTRACELLULAR_GLUTAMATE_HOMEOSTASIS",0.891990015883821,1,-0.356222845937945,-0.602727050692557,3930,5,"GRM2;SLC1A1;KCTD7;GLS;SLC7A11"
"GOBP_INTRACELLULAR_IRON_ION_HOMEOSTASIS",0.930437251561613,1,0.284911809428611,0.754572878891414,6553,73,"FTH1P19;SLC11A1;HEPHL1;STEAP4;TF;ERFE;HPX;B2M;SMAD5;FRRS1;SLC22A17;HJV;SMAD4;SLC39A8"
"GOBP_INTRACELLULAR_LIPID_TRANSPORT",0.99162749706228,1,0.248155928656194,0.617555658682133,6750,47,"ABCA12;ABCD2;CPT1B;PLEKHA8P1;NPC2;CERT1;ABCD1;SLC25A20;ABCA2;CPT2;RELCH;VPS51;ABCA1;OSBP;ABCG1;CPT1A"
"GOBP_INTRACELLULAR_SPHINGOLIPID_HOMEOSTASIS",0.902591599642538,1,0.384751432196547,0.619736314225649,5049,5,"ABCA2;ORMDL2;ORMDL1"
"GOBP_INTRINSIC_APOPTOTIC_SIGNALING_PATHWAY_IN_RESPONSE_TO_OXIDATIVE_STRESS",0.764859002169197,1,0.325466015061619,0.836871940598414,5288,58,"NOX1;GATA4;NOL3;PDK1;PRODH"
"GOBP_IRE1_MEDIATED_UNFOLDED_PROTEIN_RESPONSE",1,1,-0.165480358585664,-0.397107211721905,3782,23,"BCL2L11;PARP16;BAK1;VAPB;COPS5;RTCB;ZBTB8OS;DNAJC10;DDRGK1;DAB2IP;PTPN1;HSPA5;TMEM33;XBP1;TMBIM6;BFAR;DNAJB9;UFL1;BAX;FICD;BBC3;ERN2;ERN1"
"GOBP_IRON_COORDINATION_ENTITY_TRANSPORT",0.969472086355203,1,0.296910440124817,0.56162044508689,5747,11,"HPX;SLC22A17;SLC46A1;SLC48A1"
"GOBP_IRON_IMPORT_INTO_CELL",0.786509159390515,1,0.422744634364136,0.765999573856409,4593,9,"STEAP4;SLC39A8;STEAP2"
"GOBP_IRON_ION_IMPORT_ACROSS_PLASMA_MEMBRANE",0.845888546015611,1,0.44797829954777,0.693475925438156,4659,4,"SLC39A8;STEAP2;ISCU"
"GOBP_IRON_ION_TRANSMEMBRANE_TRANSPORT",0.630664284554166,1,0.421715075342644,0.892018443821513,3882,19,"SLC11A1;MCOLN2;SLC39A8;STEAP2;TTYH1;SLC25A37;SLC48A1"
"GOBP_IRON_ION_TRANSPORT",0.297376952549366,1,0.441404574897939,1.10025094686162,2017,48,"FTH1P19;SLC11A1;REP15;STEAP4;TF;HPX;MCOLN2;B2M;SLC41A2"
"GOBP_ISOCITRATE_METABOLIC_PROCESS",0.610392557295212,1,-0.533936454855481,-0.903417476902494,2689,5,"IDH1;IDH3A;IDH3B"
"GOBP_ISOLEUCINE_METABOLIC_PROCESS",0.586566825504879,1,-0.546617289024463,-0.92487337695536,2584,5,"ACADSB;BCKDK;BCAT2"
"GOBP_ISOPRENOID_METABOLIC_PROCESS",0.946949965729952,1,0.274901048215806,0.759364691945887,6907,102,"CYP3A4;CYP2W1;RLBP1;ALDH8A1;ADH6;RBP3;CRH;SDR9C7;ALDH1A1;DHRS4L1;BCO2;CYP2C18;HSD17B6;AKR1C1;LIPA;RDH16;CYP26A1;ALDH1A3"
"GOBP_KERATAN_SULFATE_PROTEOGLYCAN_METABOLIC_PROCESS",0.990864600326264,1,0.248114441504162,0.518764671675067,6073,18,"B3GNT4;B4GALT4;B3GNT3;ST3GAL3;B3GNT7;CHST1;GNS"
"GOBP_KETONE_BODY_METABOLIC_PROCESS",0.982879643896593,1,0.265895662473337,0.481794321177369,5740,9,"ADHFE1;SLC27A5;HMGCLL1;ACSS3"
"GOBP_KETONE_METABOLIC_PROCESS",0.999494438827098,1,-0.225357100986537,-0.750966602581853,1976,199,"SRD5A2;IDO2;UGT1A6;CYP19A1;TDO2;AVP;AKR1B10;CES1;AFP;NQO2;ADH4;PTGS2;KYNU;EDNRB;CYP2B6;ADM;SIRT4;KMO;SULT1C4;NR1H3;TREX1;STAR;COQ3;PLA2G3"
"GOBP_KYNURENINE_METABOLIC_PROCESS",0.409079814498413,1,-0.539607682227513,-1.05457102301062,1675,10,"IDO2;TDO2;KYNU;KMO"
"GOBP_L_AMINO_ACID_METABOLIC_PROCESS",0.963028953229399,1,-0.254699233724105,-0.832661043933613,2161,164,"BHMT2;IDO2;SDS;UROC1;TDO2;ACMSD;AMDHD1;HGD;NDP;GGT1;TAT;ASPG;KYNU;HDC;AZIN2;SIRT4;IL4I1;KMO"
"GOBP_L_ARGININE_IMPORT_ACROSS_PLASMA_MEMBRANE",0.969436997319035,1,0.307508939213349,0.495318381250799,5423,5,"SLC7A2;SLC7A1;SLC22A2"
"GOBP_L_ASCORBIC_ACID_METABOLIC_PROCESS",0.899477146230393,1,0.359182644870351,0.679411329540217,5332,11,"GSTO2;CLSTN3;GSTO1;ERO1A"
"GOBP_L_ASPARTATE_IMPORT_ACROSS_PLASMA_MEMBRANE",0.691043985161632,1,0.512030628652946,0.851484491587331,3911,6,"SLC1A2;SLC1A4;SLC1A3"
"GOBP_L_GLUTAMATE_CATABOLIC_PROCESS",0.00801114594218042,1,0.891641083593516,1.53289361701238,45,7,"GAD2;GAD1"
"GOBP_L_GLUTAMATE_IMPORT",0.989144981412639,1,0.253263887759929,0.617902853494718,6651,42,"SLC17A8;GNAT2;SLC1A2;SLC25A18"
"GOBP_L_GLUTAMATE_IMPORT_ACROSS_PLASMA_MEMBRANE",0.534910277324633,1,0.457596917076787,0.956756539473258,3278,18,"SLC17A8;SLC1A2;SLC1A4;GRM1;CLN8;SLC1A3;SEPTIN2;PSEN1;SLC7A11"
"GOBP_L_GLUTAMATE_TRANSMEMBRANE_TRANSPORT",0.996769727734195,1,0.233611890677577,0.544208673018239,6479,32,"SLC17A8;SLC1A2;SLC25A18;SLC1A4;SLC3A1;SLC25A12;GRM1;CLN8;SLC17A7;SLC1A3;TTYH1;SEPTIN2;PSEN1;SLC7A11"
"GOBP_L_GLUTAMINE_IMPORT_ACROSS_PLASMA_MEMBRANE",0.926026775584298,1,-0.323080472144258,-0.546650340741452,4080,5,"SLC1A5;SLC38A2;SLC38A5;SLC38A1;SLC38A3"
"GOBP_L_HISTIDINE_METABOLIC_PROCESS",0.375857988165681,1,-0.590407559252073,-1.09867109757485,1587,8,"UROC1;AMDHD1;HDC"
"GOBP_L_KYNURENINE_METABOLIC_PROCESS",0.707953529937444,1,0.518248833503224,0.834766540291808,3960,5,"ALDH8A1;KYAT1"
"GOBP_L_LEUCINE_IMPORT_ACROSS_PLASMA_MEMBRANE",0.405945087361017,1,-0.649659733169287,-1.09922061257983,1788,5,"SLC7A5;SLC3A2;SLC43A1;SLC7A8;SLC43A2"
"GOBP_L_LEUCINE_METABOLIC_PROCESS",0.771360946745562,1,-0.410751365069599,-0.764354463318637,3258,8,"BCKDK;BCAT2;MCCC2;HMGCL;MCCC1;IVD;AUH;HMGCLL1"
"GOBP_L_PHENYLALANINE_METABOLIC_PROCESS",0.247810650887574,1,-0.657584515528687,-1.22367860997469,1046,8,"HGD;TAT;IL4I1"
"GOBP_L_SERINE_CATABOLIC_PROCESS",0.117540276832312,1,-0.812386649377866,-1.37455363906342,517,5,"SDS;ENSG00000274276;SDSL"
"GOBP_L_SERINE_METABOLIC_PROCESS",0.0874275636180398,1,-0.663802272466686,-1.39672351616593,346,13,"SDS;NDP;ENSG00000274276;SDSL"
"GOBP_L_TRYPTOPHAN_METABOLIC_PROCESS",0.0123329907502569,1,-0.753766719960065,-1.63438844181631,47,15,"IDO2;TDO2;ACMSD;KYNU;IL4I1;KMO"
"GOBP_L_TYROSINE_CATABOLIC_PROCESS",0.173462335867312,1,-0.751373788101152,-1.31050374494689,752,6,"HGD;TAT;IL4I1"
"GOBP_LACTATE_METABOLIC_PROCESS",0.478466557911909,1,0.474828145461579,0.992784077739081,2932,18,"LDHAL6B;LDHD;ACTN3;PFKFB2"
"GOBP_LACTONE_METABOLIC_PROCESS",0.157787407596227,1,-0.603599657094378,-1.28633034587303,618,14,"PON1"
"GOBP_LEUKOCYTE_CHEMOTAXIS_INVOLVED_IN_INFLAMMATORY_RESPONSE",0.269571136827774,1,-0.724909143101234,-1.22654219072066,1187,5,"LBP"
"GOBP_LEUKOCYTE_MIGRATION_INVOLVED_IN_INFLAMMATORY_RESPONSE",0.49182328533073,1,-0.504910911676418,-0.986762112907283,2014,10,"LBP"
"GOBP_LEUKOTRIENE_B4_METABOLIC_PROCESS",0.0997515765335372,1,0.921139501266,1.29368373042974,521,2,"CYP4A11;PTGR1"
"GOBP_LEUKOTRIENE_METABOLIC_PROCESS",0.759663423612937,1,-0.348711040997658,-0.816496857119402,2888,21,"GGTLC2;DPEP3;GGT1;GGT6;SYK;DPEP1;MGST2"
"GOBP_LINOLEIC_ACID_METABOLIC_PROCESS",0.507667210440457,1,0.465424531326691,0.973122736103059,3111,18,"CYP4A11;ELOVL3;CYP2C18;ALOX12B;GSTM2;PNPLA8"
"GOBP_LIPID_BIOSYNTHETIC_PROCESS",1,1,0.211030857083157,0.669166742133069,9422,678,"GSTM1;ZBTB20;B3GALT2;GFI1;APOA5;PLA2G4F;TPTE2;CYP3A4;HTR2A;IP6K3;ALDH8A1;GIP;FABP2;PROX1;LIPC;ACSM6;MOGAT3;APOA2;CRH;BMP5;PNLIPRP2;AVPR1A;PIGZ;ABCD2;AGMO;P2RX1;BGLAP;B4GALNT1;INHBA;CH25H;ELOVL3;ST8SIA6;NR5A1;MALRD1;CPNE6;LHCGR;ACSM1;WNT4;NR5A2;CEACAM1;SLC44A3;MFSD2B;ALOX5;GPRC6A;EGR1;TBXAS1;HSD17B6;GAL3ST4;ACSS1;LIPA;PDGFA;LHB;SPHK1;POMC;DGKI;ABCA3;DHH;ALDH1A3;SYNJ1;SCD5;ST8SIA3;FADS6;DAB2;P2RX7;KIF12;CFTR;CYP27A1;AGPAT3;INPP5F;ALOX12B;ASXL3;INPPL1;PNPLA2;DGKB;SAMD8;PIGN;SPTSSB;PTGDS;ACOT4;UBR4;DGKH;ACADL;AKR1C3;KAT2B;PLCG2;B4GALT4;SLC44A5;NR0B1;CCDC3;PIK3R1;SH3YL1;MLXIPL;GSTM2;AVIL;B3GALT4"
"GOBP_LIPID_CATABOLIC_PROCESS",1,1,-0.224790681521083,-0.779740428248943,1521,304,"SRD5A2;PLAAT2;GBA3;LIPN;PLA2G10;CYP19A1;ANGPTL3;AKR1B10;ALK;PLIN1;PLA2G2A;CES1;LEP;DPEP3;CIDEA;CYP26C1;LIPH;ALDH3B2;ASPG;ADTRP;PLD6;CYP26B1;SCT;LIPE;PLA2G4C;MGLL;PRKCE;IAH1;SPP1"
"GOBP_LIPID_DIGESTION",0.901849948612539,1,-0.322726412499205,-0.699765994557957,3509,15,"ABCG8;LEP"
"GOBP_LIPID_DROPLET_DISASSEMBLY",0.870776732845698,1,0.395101254359182,0.679251104536229,4999,7,"PNPLA2;PRKAA2;PRKAA1;CHKA"
"GOBP_LIPID_DROPLET_FORMATION",0.9851755526658,1,-0.248832027135098,-0.570072173236391,3787,19,"FITM1;SMIM22;PLA2G4C"
"GOBP_LIPID_DROPLET_FUSION",0.453369639210347,1,-0.621504181851101,-1.05158157819406,1997,5,"CIDEA;CIDEB"
"GOBP_LIPID_DROPLET_ORGANIZATION",0.938031591737546,1,-0.276779634067286,-0.73851130616021,3087,41,"CIDEA;FITM1;SMIM22;CIDEB;PLA2G4C"
"GOBP_LIPID_EXPORT_FROM_CELL",0.439738399252569,1,-0.360008280330623,-0.992891068850768,1411,49,"PLA2G10;CYP19A1;OXT;GHRL;LEP;PTGS2;SPP1;KCNQ1;PLA2G3;SAR1B;CRY2;ACSL4;NOS2;TAC1"
"GOBP_LIPID_HOMEOSTASIS",0.99818981122317,1,0.239161055456475,0.691068399589669,7719,160,"ZBTB20;APOA5;ABCA12;APOC4;LIPC;APOA2;PNLIPRP2;MALRD1;CAV3;ACSM1;NR5A2;MTTP;AKR1C1;HNF4A;LIPA;ABCA3;TLCD2"
"GOBP_LIPID_HYDROXYLATION",0.820196604110813,1,0.449282275842161,0.723679025930423,4588,5,"CYP3A4"
"GOBP_LIPID_IMPORT_INTO_CELL",0.499210526315789,1,-0.407008317788729,-0.964840155503837,1896,22,"ACSL5;PLPPR4;SPX;FABP3"
"GOBP_LIPID_LOCALIZATION",0.999886685552408,1,0.235061455391889,0.72809400391694,8823,409,"APOL4;APOA5;ABCA12;PLA2G4F;APOBR;APOC4;ABCA10;SLCO2B1;PLA2G5;SLC22A11;STARD6;PLA2G2C;MSR1;SLC10A2;FABP2;CYP4A11;FABP5P3;LIPC;REN;APOA2;CRH;GLTPD2;TNFAIP8L3;APOL6;XKR9;ABCD2;INHBA;ATP8B1;CD36;CEACAM1;MFSD2B;GALR1;MTTP;AVPR1B;WNK4;AKR1C1;FABP6;ERFE;LIPA;POMC;IL6;KCNK9;ABCA3;SLC51B;CROT;ITGB3;CPT1B;DAB2;TTC39B;SLCO1B1;P2RX7;NMB;PTCH1;CFTR;PPARG;PRELID3A"
"GOBP_LIPID_METABOLIC_PROCESS",1,1,0.244488696051879,0.786622643696336,9812,1238,"GSTM1;FAM135B;ACOT6;ZBTB20;B3GALT2;GFI1;APOL4;APOA5;CYP3A43;ABCA12;PSAPL1;CUBN;PLA2G4F;TPTE2;UGT2B15;APOBR;CYP3A4;ENDOU;SULT1A4;FMO1;APOC4;CYP2W1;SLC22A4;RLBP1;SCNN1B;HTR2A;IP6K3;DHRS2;PLA2G5;PLA2G2C;ALDH8A1;GIP;ABCC9;FABP2;CYP4A11;PROX1;LIPC;ADH6;GPR82;THEM5;RBP3;UGT2B4;ACSM6;AOAH;MOGAT3;HCAR1;APOA2;CRH;BMP5;CLPSL2;GATA6;PNLIPRP2;AVPR1A;TNFAIP8L3;PM20D1;SDR9C7;CYP46A1;PIGZ;ABCD2;AGMO;P2RX1;FMO5;ALDH1A1;BGLAP;B4GALNT1;GALR2;INHBA;CH25H;SULT2B1;DHRS4L1;ELOVL3;ST8SIA6;FUT3;ATP8B1;NR5A1;AKR1D1;BCO2;MALRD1;ACP3;CYP2C18;PLAAT5;CAV3;CPNE6;LHCGR;CD36;ACSM1;WNT4;ABHD15;NR5A2;SGPP2;CEACAM1;FGF23;SLC44A3;PLPP2;MFSD2B;ALOX5;GPRC6A;TPK1;MTTP;PTGR3;EGR1;FAAH2;ADRA2A;TBXAS1;HSD17B6;ADHFE1;TWIST1;AKR1C1;HPGD;PLA2G4E;GAL3ST4;FABP6;ERFE;HNF4A;PLAAT4;ACSS1;LIPA;PDGFA;LHB;TMEM86A;SPHK1;ID2;POMC;PLPPR1;RDH16;DGKI;ABCA3;CYP26A1;CROT;NEU4"
"GOBP_LIPID_MODIFICATION",1,1,0.213725601992145,0.621285182182893,7796,170,"CYP3A4;FMO1;ABCC9;ABCD2;ACSM1;SGPP2;PLPP2;ALOX5;TWIST1;PLPPR1;DGKI;CROT;SYNJ1;CPT1B;ETFBKMT;PLPP3;INPP5F;SOX9;ALOX12B;INPPL1;DGKB;DGKH;ACADL;HAO2;FMO2;RNF213;ACOX1"
"GOBP_LIPID_OXIDATION",0.989446624272764,1,0.252871174442307,0.703722740308256,7312,108,"FMO1;ABCC9;ABCD2;ACSM1;ALOX5;TWIST1;CROT;CPT1B;ETFBKMT;SOX9;ALOX12B;ACADL;HAO2;FMO2;ACOX1"
"GOBP_LIPID_PHOSPHORYLATION",0.849890163534293,1,-0.364371965849292,-0.712102754348972,3481,10,"DGKG"
"GOBP_LIPID_TRANSLOCATION",0.984968926145397,1,0.254890060539319,0.658621036610049,6814,60,"ABCA12;XKR9;ATP8B1;ABCA3;P2RX7;ABCB1;ATP8B3;ATP10D;SLC4A1;ABCA4;ATP11A;ABCA7;ATP10A;ATP8A1;ANO9;ANO6;SYT1;TMEM30A"
"GOBP_LIPID_TRANSPORT_ACROSS_BLOOD_BRAIN_BARRIER",0.680268503797916,1,0.519063615586346,0.863180040580331,3850,6,"CD36;SLC27A1"
"GOBP_LIPOPROTEIN_METABOLIC_PROCESS",0.856260527793374,1,0.300028626021621,0.805814726824167,6099,81,"APOL4;APOA5;HHATL;APOA2;APOL6;MTTP;LIPA;ITGB3;APOL3;ALOX12B"
"GOBP_LIPOSACCHARIDE_METABOLIC_PROCESS",0.999193548387097,1,0.228600220320424,0.63986794110832,7433,114,"B3GALT2;AOAH;PNLIPRP2;PIGZ;B4GALNT1;ST8SIA6;GAL3ST4;NEU4;ST8SIA3;GALC;PIGN;B4GALT4;B3GALT4;SUMF1;AHDC1;ST8SIA5;ST3GAL3;FUCA1;SLC35C1;PIGX;UGT8;NAGA;NAGLU;KIT;PIGB;ST6GALNAC5;GM2A;PIGK;MFSD8;ABCA2;PRKAA1;GAL3ST2;FUT9;BAX;HEXA;GBA2"
"GOBP_LIPOXIN_A4_METABOLIC_PROCESS",0.662661326212728,1,-0.531641676278354,-0.85986804633421,2977,4,"ALOX15;PTGR1;ALOX15B;ALOX12"
"GOBP_LONG_CHAIN_FATTY_ACID_IMPORT_ACROSS_PLASMA_MEMBRANE",0.375152550646815,1,-0.555592940669948,-1.08581147955701,1536,10,"ACSL5"
"GOBP_LONG_CHAIN_FATTY_ACID_METABOLIC_PROCESS",0.796349663784822,1,0.307054775797603,0.843855499188172,5802,97,"GSTM1;CYP3A4;CYP4A11;ELOVL3;CYP2C18;ACSM1;ALOX5;FAAH2"
"GOBP_LONG_CHAIN_FATTY_ACYL_COA_METABOLIC_PROCESS",0.974919957310566,1,-0.260990238379572,-0.631033198194637,3653,24,"ACSL5;ACSL6;ACSL4;ACSF3"
"GOBP_LONG_TERM_SYNAPTIC_DEPRESSION",0.895462377943711,1,-0.293935107001086,-0.761162715822018,3117,34,"SORCS2;SORCS3;DRD1;PENK;IQSEC2;PICK1;SRF"
"GOBP_LONG_TERM_SYNAPTIC_POTENTIATION",0.894802150834138,1,0.289385265148501,0.792257215344658,6489,94,"SLC18A3;NR2E1;CRH;CYP46A1;FAM107A;ADCY8;GFAP;CAMK2A;SNAP25;NFATC4;LRRTM1;NRGN;SLITRK4;MME;SLC8A3;SLC8A2;GRIN2D;PRKCG"
"GOBP_LOW_DENSITY_LIPOPROTEIN_RECEPTOR_PARTICLE_METABOLIC_PROCESS",0.966666666666667,1,-0.269465913023417,-0.487014974982149,4117,7,"PCSK9;APOE;PCSK5;FURIN;ANXA2;ABCA2;MYLIP"
"GOBP_LYMPHOCYTE_ACTIVATION_INVOLVED_IN_IMMUNE_RESPONSE",0.988257339163023,1,0.253905793412565,0.74856319233262,7910,196,"HAVCR2;AICDA;IL12B;FCGR3A;SLC11A1;RAG2;EOMES;CLEC4D;NKG7;PSMB9;HLA-DMB;PTPRC;CD1C;CEACAM1;GATA3;FCER1G;DLL1;IRF8;IL6;FOXP3;TNFSF13;SPI1;SEMA6D;PSMB8;FGL2;APBB1IP;RAB27A;RC3H1;BCL6;F2RL1;LGALS9;HLA-F;IL18;TNFSF4;HLA-DRA;MALT1;PLCG2;MYB;STAT4;PIK3R1;APLF;SEMA4A;CR1;ADA"
"GOBP_LYSINE_METABOLIC_PROCESS",0.961727349703641,1,0.302585811062571,0.561347418339134,5678,10,"HYKK;AASS;PIPOX;AADAT;ALDH7A1;SLC25A21"
"GOBP_MACROAUTOPHAGY",1,1,-0.0992260968893284,-0.34983243338979,1197,384,"IRGM;BECN2;VPS37B;EPM2A;NUPR1;LRRK2;PHF23;IFT88;LZTS1;RUBCN;FEZ2;AFG2B;FBXW7;TRAF6;HMOX1;ATP6V1C1;VPS37D;RETREG1;TEX264;UBE2A;FUNDC1;PIK3R4;SREBF1;FZD5;EXOC1;ZDHHC19;BAG3;SNX7;USP36;ATG7;PSMD14;VPS25;ATG9B;EIF2S1;STUB1;WDR45;GPSM1;VPS35;CHMP6;PGAM5;EPG5;USP30;GSK3A;SPATA33;LIX1;ILRUN;CASP3;CERS1;AP5Z1;ATP6V0A2;HDAC10;SREBF2;AMBRA1;VPS37A;MFN2;SPART;HK2;PIP4K2C;TRIM32;SNAP29;ATP6V1D;PRKN;ATP6V1E1;MUL1;RNF5;GNAI3;CHMP1A;HGS;VTI1B;CDK5R1;TOMM7;SNX18;PIP4K2A;NSFL1C;QSOX1;TIMM23;UBXN6;CSNK2A1;CHMP4B;HIF1A;SNX6;AP4M1;PPTC7;ELAVL1;ATG4A;PIP4K2B;MAP1LC3A;UBQLN2;SUPT5H;PEX2;CDC37;VDAC1;TBK1;CLN3;CHMP4A;STAM;CUL1;SNAP47;POLDIP2;ATG5;CAPNS1;ATG101;AUP1;EI24;CHMP2B;CALM1;UVRAG;UBA5;NIPSNAP3A;BECN1;NPC1;RAB43;VCP;ATP5IF1;VTA1;ARFIP2;VPS26A;UCHL1;C9orf72;RAB2B;MOAP1;ATG13;UBQLN4;PDCD6IP;EMC6;CDK5;LYPLA1;ATP6V0C;CTSD;DIAPH3;UBQLN1;NOD1;ELAPOR1"
"GOBP_MACROPHAGE_ACTIVATION_INVOLVED_IN_IMMUNE_RESPONSE",0.742261322906484,1,0.392406843938708,0.809916343809808,4555,17,"HAVCR2;CX3CR1;NMI;PLCG2;IL1RAP"
"GOBP_MACROPHAGE_CYTOKINE_PRODUCTION",0.708473697849184,1,-0.378805231293324,-0.834322428485086,2733,16,"TLR4;LAPTM5;TGFB3"
"GOBP_MACROPHAGE_INFLAMMATORY_PROTEIN_1_ALPHA_PRODUCTION",0.99964253798034,1,0.222855589158119,0.358963449832942,5592,5,"MCOLN2;TRPV4"
"GOBP_MAINTENANCE_OF_CENTROSOME_LOCATION",0.964847200141318,1,0.304119917605628,0.505738092475572,5461,6,"GPSM2;ASPM;PAFAH1B1"
"GOBP_MAINTENANCE_OF_POSTSYNAPTIC_DENSITY_STRUCTURE",0.523004694835681,1,-0.540234829053785,-0.976384911932259,2227,7,"SHANK1;CSMD2"
"GOBP_MAINTENANCE_OF_POSTSYNAPTIC_SPECIALIZATION_STRUCTURE",0.181908796411662,1,-0.6136643529242,-1.26534649975778,729,12,"RAPSN;SHANK1;CSMD2"
"GOBP_MAINTENANCE_OF_PRESYNAPTIC_ACTIVE_ZONE_STRUCTURE",0.79905325443787,1,-0.398689844012264,-0.741909553237757,3375,8,"RIMS1;RAB3A;ERC2"
"GOBP_MAINTENANCE_OF_PROTEIN_LOCATION_IN_MITOCHONDRION",0.755842977081915,1,-0.448344803721789,-0.758596884848991,3330,5,"HK2;AKT1;TSPO;PINK1;HK1"
"GOBP_MAINTENANCE_OF_SYNAPSE_STRUCTURE",0.989439853076217,1,0.254910604341586,0.603008779922247,6464,35,"C1QL4;CBLN2;CBLN3;ITGB3;ADGRB3;PRICKLE1;C1QL2"
"GOBP_MALATE_METABOLIC_PROCESS",0.374428450465707,1,0.590256570443058,1.09502491479154,2210,10,"ME3;SUCLA2;ME1;ME2"
"GOBP_MALONYL_COA_METABOLIC_PROCESS",0.95389507154213,1,0.319585256155417,0.531456272590963,5399,6,"NUDT7;ACACB;NUDT19;NUDT8;MLYCD;ACACA"
"GOBP_MANNOSE_METABOLIC_PROCESS",0.938236000961307,1,-0.306248798308018,-0.583413750049612,3903,9,"PMM2;PMM1;MAN2C1;MAN2A1;MPI;MAN2A2;HK1;MAN2B2;MAN2B1"
"GOBP_MAST_CELL_ACTIVATION_INVOLVED_IN_IMMUNE_RESPONSE",0.578013080037372,1,-0.336406421070592,-0.927797912532151,1855,49,"RAB44;CLNK;SCN11A;RAC2;CD300A;LYN;SYK;PLA2G3;CPLX2;FGR;TAC1"
"GOBP_MAST_CELL_CYTOKINE_PRODUCTION",0.505093833780161,1,0.635164750663232,1.02308822934023,2825,5,"FCER1G;BCL6;KIT;NR4A3;BCL10"
"GOBP_MATURE_CONVENTIONAL_DENDRITIC_CELL_DIFFERENTIATION",0.648642634623943,1,-0.541485935206965,-0.875789980355275,2914,4,"CCR7"
"GOBP_MEDIUM_CHAIN_FATTY_ACID_METABOLIC_PROCESS",0.974805237858445,1,0.28393328349218,0.556152056728013,5880,13,"CYP4A11;CROT;GLYATL2;ABHD3"
"GOBP_MEDIUM_CHAIN_FATTY_ACYL_COA_METABOLIC_PROCESS",0.985522788203753,1,0.282512861169916,0.455056082061173,5513,5,"NUDT7;NUDT19;HSD17B4"
"GOBP_MEIOTIC_CYTOKINESIS",0.838816568047337,1,-0.378528031992617,-0.704391063181863,3543,8,"SPIRE1;FMN2;CENPV;ACTR3;ACTR2;ORC4;WASHC5;SPIRE2"
"GOBP_MEMBRANE_LIPID_BIOSYNTHETIC_PROCESS",1,1,0.199206096256575,0.571827992005197,7673,149,"B3GALT2;PIGZ;P2RX1;B4GALNT1;ELOVL3;ST8SIA6;MFSD2B;GAL3ST4;SPHK1;ST8SIA3;P2RX7;ALOX12B;SAMD8;PIGN;SPTSSB;B4GALT4;B3GALT4;ASAH2B;ASAH2;PPM1L;HACD2;ACER2;ASAH1;ST8SIA5;ST3GAL3;CERT1;CLN8;SLC35C1;PAQR4;PIGX;UGT8;SGMS1;PIGB;ST6GALNAC5;ELOVL4;PRKD3;PIGK"
"GOBP_MEMBRANE_LIPID_CATABOLIC_PROCESS",1,1,-0.199360448938481,-0.548036693067357,3215,48,"GBA3;ALDH3B2"
"GOBP_MEMBRANE_LIPID_METABOLIC_PROCESS",1,1,0.222460789050926,0.659149088048516,8087,208,"B3GALT2;ABCA12;PSAPL1;PNLIPRP2;PIGZ;AGMO;P2RX1;B4GALNT1;ELOVL3;ST8SIA6;FUT3;SGPP2;PLPP2;MFSD2B;GAL3ST4;SPHK1;NEU4;ST8SIA3;GALC;P2RX7;PLPP3;ALOX12B;SAMD8;PIGN;SPTSSB;ENPP2;B4GALT4;B3GALT4;ASAH2B;SMPDL3A;ASAH2;PPM1L;HACD2;ACER2;ASAH1;CEL;SUMF1;AHDC1;ST8SIA5;ST3GAL3;CERT1;CLN8;FUCA1;SLC35C1;PAQR4;PIGX;UGT8;NAGA;NAGLU;SGMS1;KIT;PIGB;ST6GALNAC5;ELOVL4;GM2A;PRKD3;PIGK;MFSD8;PLPP1;MECR;PPT1;ABCA2;PRKAA1;GAL3ST2;FUT9;BAX;HEXA;GBA2"
"GOBP_MENAQUINONE_METABOLIC_PROCESS",0.633097649531817,1,0.658558001137276,0.924904176234644,3312,2,"CYP4F11;UBIAD1"
"GOBP_MESENCHYMAL_TO_EPITHELIAL_TRANSITION_INVOLVED_IN_METANEPHROS_MORPHOGENESIS",0.893742621015348,1,0.361953265148552,0.684652091681002,5298,11,"WNT9B;PAX8;GDNF;SALL1"
"GOBP_MESONEPHROS_DEVELOPMENT",0.904899135446686,1,0.286239790711784,0.786651244394995,6593,97,"FGF10;OSR1;REN;FOXC1;HNF1B;BMPER;WNT9B;WNT4;PAX8;GDNF;GATA3;FOXD1;GZF1;LHX1;HS3ST3B1;HES1;PTCH1;SOX9;SMAD5;WNT2B;LAMA5;KIF26B;SALL1"
"GOBP_METABOLIC_COMPOUND_SALVAGE",0.0525833078569245,1,-0.508796397608617,-1.36873818098792,171,43,"BHMT2;QNG1"
"GOBP_METALLO_SULFUR_CLUSTER_ASSEMBLY",0.679865206402696,1,-0.347495179277042,-0.870495548208119,2420,29,"LYRM4;ISCA1;FXN;ABCB7;BOLA2B;ISCA2;XDH;GLRX3;BOLA3;NDOR1;CIAO2B;NFU1;NUBP2;NDUFAB1;GLRX5;FDX2;HSPA9;MMS19;NFS1;CIAO1"
"GOBP_METANEPHROS_DEVELOPMENT",0.374316556848451,1,0.38739120090084,1.04245916667955,2669,83,"SOX17;FGF10;OSR1;AQP2;WNT7B;HNF1B;IRX1;WNT9B;POU3F3;CD34;WNT4;PAX8;GDNF;EGR1;PDGFA;ID2;FOXD1;LHX1;HES1;PTCH1;SOX9;FBN1"
"GOBP_METANEPHROS_MORPHOGENESIS",0.729234590902034,1,0.364055650845556,0.83499530130279,4696,29,"FGF10;WNT7B;WNT9B;WNT4;PAX8;GDNF;LHX1;HES1;SOX9;FRAS1;KIF26B;SALL1"
"GOBP_METHIONINE_METABOLIC_PROCESS",0.154185022026432,1,-0.580788340022409,-1.27919230848241,594,16,"BHMT2"
"GOBP_METHYLGLYOXAL_METABOLIC_PROCESS",0.891960377793135,1,-0.354583205167641,-0.618444009661016,3871,6,"GLO1;GATD1;TPI1;PARK7;PNKD;HAGH"
"GOBP_MICROAUTOPHAGY",0.958947368421053,1,-0.277546937519237,-0.65794338506536,3643,22,"SNX7;ATG7;ATG9B;ATG4A;ATG5;ATG13;VPS4A;ATG4C;RB1CC1;SNX30;ULK1;ATG4D;ATG12;ATG9A;ATG4B;ULK2;VPS4B;ULK3;ATG16L1;ATG2A;ZNF418;ATG2B"
"GOBP_MICROGLIAL_CELL_ACTIVATION_INVOLVED_IN_IMMUNE_RESPONSE",0.455942806076854,1,0.661024702294535,1.06474200829706,2550,5,"CX3CR1;IL1RAP;IL1R1"
"GOBP_MIDBRAIN_DOPAMINERGIC_NEURON_DIFFERENTIATION",0.0554984583761562,1,-0.675569841544694,-1.46483455878607,215,15,"WNT3A;WNT2"
"GOBP_MINERALOCORTICOID_METABOLIC_PROCESS",0.282184004007347,1,0.604141837979068,1.1650131235904,1689,12,"SCNN1B;BMP5;WNT4;DAB2"
"GOBP_MIRNA_METABOLIC_PROCESS",1,1,-0.146947595894111,-0.45238866950329,2738,100,"WT1;MYC;ETS1;ZC3H12A;TERT;NFKB1;ATOH8;SRF;SREBF1;TENT4B;SMARCA4;NCOR2;PARN;RARA;AGO1;SREBF2;BMP4;HRAS;TENT2;NR1H2;NGFR;MRTFB;SND1;TGFB2;HIF1A;KHSRP;POU5F1;TEAD1;BMP2;TP53;NCOR1;JUN;DDX5;SMAD6;RC3H2;DIS3L2;RELA;DROSHA;TUT4;TUT7;MYCN;PPARD;PPARA;FOS;ELOC;XPO5;DICER1;FOXO3;NFATC3;ELOB;ZSWIM8;LIN28A;AGO2;STAT3;PNPT1;POU2F1;REST;SMAD1;OIP5-AS1;NOTCH2;YY1;NR3C1;LIN28B;MRTFA;ZNF512B;AR;AGT;APP;GNL3;NOTCH3;VEGFA;AGO4;MYOCD;NEAT1;BMPR1A;DDX17;NFIB;QKI;EGFR;SMAD3;FGF2;PDGFB;TGFB1;SMAD4;BCDIN3D;FOXA1;MYB;FOSL1;KLF4;SOX9;RC3H1;PPARG;SPI1;NFATC4;IL6;PAX6;APLN;TWIST1;EGR1;GATA3"
"GOBP_MITOCHONDRIAL_ADP_TRANSMEMBRANE_TRANSPORT",0.93923145665773,1,0.347022436465136,0.558964535884157,5254,5,"SLC25A41;SLC25A6;SLC25A4"
"GOBP_MITOCHONDRIAL_ATP_TRANSMEMBRANE_TRANSPORT",0.822248520710059,1,-0.388069795300634,-0.722147034293918,3473,8,"SLC25A31;SLC25A24"
"GOBP_MITOCHONDRIAL_CALCIUM_ION_HOMEOSTASIS",0.999678404888246,1,0.163595090608287,0.358894039267008,6216,23,"ATP2A1;SLC8A3;SLC25A27;SMDT1"
"GOBP_MITOCHONDRIAL_CALCIUM_ION_TRANSMEMBRANE_TRANSPORT",0.987993596584845,1,-0.235936898807234,-0.570458177864579,3702,24,"PSEN2;MICU3;MCUB;MCUR1;AFG3L2;SLC25A23;GHITM;VDAC1;UCP2;LETM1;HSPA9;PMPCB;SPG7;MCU;MICU1;SLC8B1;MAIP1;SELENON;MICU2;ITPR1;SMDT1;BHLHA15;LETM2;SLC8A3"
"GOBP_MITOCHONDRIAL_DEPOLARIZATION",0.943100604727872,1,-0.283538977065779,-0.701928234696686,3430,27,"MYOC"
"GOBP_MITOCHONDRIAL_DNA_METABOLIC_PROCESS",0.99503657262278,1,-0.214703393090713,-0.497077545641212,3808,20,"PRIMPOL;TWNK;TEFM;LIG3;NEURL4;POLG;SSBP1;PARP1;TOP3A;MGME1;POLRMT;ENDOG;DNAJA3;RRM1;POLG2;RRM2B;SESN2;DNA2;METTL4;STOX1"
"GOBP_MITOCHONDRIAL_DNA_REPAIR",0.739460953697305,1,-0.449953802364038,-0.784784021467329,3209,6,"PRIMPOL;LIG3;NEURL4;PARP1;MGME1"
"GOBP_MITOCHONDRIAL_DNA_REPLICATION",0.977646454265159,1,-0.259542150392874,-0.562763889056735,3804,15,"PRIMPOL;TWNK;TEFM;LIG3;POLG;SSBP1;MGME1;POLRMT;ENDOG"
"GOBP_MITOCHONDRIAL_ELECTRON_TRANSPORT_NADH_TO_UBIQUINONE",0.99370673379484,1,-0.232878822895,-0.64922174129358,3157,52,"NDUFA4L2;NDUFC2-KCTD14;NDUFA6;NDUFC1;NDUFAF1;NDUFB10;NDUFC2;NDUFV1;NDUFV2;NDUFA3;NDUFA10;NDUFS7;NDUFB3;NDUFB2;NDUFA5;NDUFA7;NDUFAB1;NDUFB4;NDUFB7;DLD;NDUFS5;NDUFB9;NDUFS3;NDUFS8;NDUFS6;NDUFB6;MT-ND1;NDUFA11;NDUFA8;NDUFB5;NDUFS2;PARK7;PINK1;NDUFA2;NDUFA4;NDUFB8;ISCU;NDUFS1;NDUFS4;NDUFA9;MT-ND2;SNCA;MT-ND3;NDUFA1;DNAJC15;NDUFB1;MT-ND5;MT-ND6;COQ9;MT-ND4;MT-ND4L;NDUFV3"
"GOBP_MITOCHONDRIAL_ELECTRON_TRANSPORT_SUCCINATE_TO_UBIQUINONE",0.632176083503517,1,-0.520872034173256,-0.881312550627844,2785,5,"SDHB;SDHD;SDHAF2"
"GOBP_MITOCHONDRIAL_ELECTRON_TRANSPORT_UBIQUINOL_TO_CYTOCHROME_C",0.857507009941371,1,-0.343826278041571,-0.732727677948793,3363,14,"UQCRHL;UQCC3;UQCRB;CYC1;CYCS;UQCRC1;UQCR11;UQCRH"
"GOBP_MITOCHONDRIAL_FISSION",0.171193164479707,1,-0.447185163563658,-1.19742040248757,560,42,"IRGM;C11orf65;MIEF2;LRRK2;INF2;SPIRE1;MTFP1;VPS35;PGAM5;MAPT;PRKN;MUL1;OPA1;MIEF1;SLC25A46;GDAP1;UCP2"
"GOBP_MITOCHONDRIAL_FRAGMENTATION_INVOLVED_IN_APOPTOTIC_PROCESS",0.467363805026143,1,0.535842727287685,1.01357241217039,2770,11,"ERBB4;NPTX1;PTPMT1"
"GOBP_MITOCHONDRIAL_FUSION",0.227742676622631,1,-0.441580525366776,-1.14349944575027,792,34,"PLD6;MIEF2;FUNDC1;BAK1;USP30;NME3;MFN2;TFRC;PRKN;MUL1;TRABD;OPA1;AFG3L2;MIEF1;RCC1L;GDAP1;CHCHD3;THG1L;ADCK1;VAT1;STOML2;MFN1;MTCH2;MIGA2;BNIP3"
"GOBP_MITOCHONDRIAL_GENE_EXPRESSION",0.43825774584643,1,-0.303891044534716,-0.996091813394055,975,169,"MRPL23;TRMT5;TWNK;WARS2;MALSU1;MRPS18A;COA3;SLC25A33;MRPL19;DDX3X;MRPL13;MRPS6;PRORP;TRMT61B;EARS2;MRPL12;MRPS31;MRPS9;MRPL20;MRPL58;YRDC;TARS2;TFB2M;MTERF3;TEFM;MRPL42;FASTKD5;MRPS16;MRPL30;MRPS12;MRPL46;TBRG4;MRPS10;HARS2;TSFM;TFB1M;FASTKD3;GATB;MRPS23;MRPS18C;NSUN3;MRPL2;TFAM;MRPS2;MRPL54;AURKAIP1;MRPL34;GADD45GIP1;MRPL36;MPV17L2;MRPS22;ALKBH1;PUS1;MRPL32;MRPL39;C1QBP;MRPS7;MRPL3;MRPL4;MRPL21;ELAC2;TACO1;MRPL24;MRPL38;MRPS34;GARS1;TRMT10C;SLIRP;GTPBP3;FASTK;MRPL9;MRPS30;MRPL43;MRPL27;POLRMT;MRPL47;CDK5RAP1;MRPL52;MTG1;MRPL28;MRPL16;MRPS26;MRPL55;MRPS24;RPUSD4;MRPS14;TRIT1;GFM2;TUFM;MRPS27;RMND1;MTPAP;MRPS25;MRPL50;KANSL3;MRPL57;MRPL15;YARS2;MRPS15;MRPS28;THAP11;MTRF1L;MRPL18;MRPS5;CHCHD1;MRPS17"
"GOBP_MITOCHONDRIAL_LARGE_RIBOSOMAL_SUBUNIT_ASSEMBLY",0.884121274409044,1,-0.330053318326748,-0.715652886193937,3440,15,"MALSU1;DDX28;RCC1L;MRM2;NDUFAB1;DHX30;MTG1;GTPBP10;TUFM;MTG2;GTPBP6;NSUN4"
"GOBP_MITOCHONDRIAL_MEMBRANE_ORGANIZATION",0.999605367008682,1,-0.200731579040026,-0.627898457710112,2532,116,"SLC25A31;BCL2L11;BID;PPIF;LRRK2;HSPA1A;APOO;BAD;UQCC3;TIMM13;BAK1;MTX2;MICOS10;GSK3A;NME3;TOMM5;MFN2;IER3;HK2;MUL1;TIMM22;TOMM40;OPA1;TIMM8B;AFG3L2;TOMM7;CHCHD10;TIMM9;SLC9A1;SLC25A46;GHITM;CASP6;PLSCR3;LETM1;CHCHD3;SLC35F6;TOMM70;RHOT2;TRMT10B;GCLC;RTL10;CHCHD6;FZD9;ATP5IF1;TIMM29;SIVA1;MOAP1;ADCK1;TMEM11;BOK;ROMO1;MTCH1;HSPA9;BCL2L1;MTCH2;TIMM8A;BNIP3;CALM3;VDAC2;TIMM10B;IMMT"
"GOBP_MITOCHONDRIAL_MRNA_CATABOLIC_PROCESS",0.796687088722487,1,-0.421507939559383,-0.71318906170993,3510,5,"SLIRP;PDE12;PNPT1;SUPV3L1;LRPPRC"
"GOBP_MITOCHONDRIAL_OUTER_MEMBRANE_PERMEABILIZATION",0.996580222285551,1,-0.224508931113993,-0.570326359903248,3496,31,"BID;LRRK2;HSPA1A;BAK1;GSK3A;IER3;MUL1;CASP6;SLC35F6;RHOT2;GCLC;RTL10;FZD9;ATP5IF1;SIVA1;BOK;BCL2L1;BNIP3;VDAC2"
"GOBP_MITOCHONDRIAL_PROTEIN_CATABOLIC_PROCESS",0.804002928972419,1,-0.385940624519305,-0.754255012716954,3293,10,"SPATA18;PISD;BNIP3;LONP1;CLPP;BNIP3L;AFG1L;YME1L1;HTRA2;PRKACA"
"GOBP_MITOCHONDRIAL_PROTEIN_PROCESSING",0.780801209372638,1,-0.371847492714723,-0.782413919090733,3098,13,"LRRK2;PMPCA;IMMP2L;AFG3L2;UQCRC1;STOML2;MIPEP;PMPCB"
"GOBP_MITOCHONDRIAL_PROTON_TRANSPORTING_ATP_SYNTHASE_COMPLEX_ASSEMBLY",0.954319526627219,1,-0.281050526801507,-0.522998199999618,4031,8,"ATPAF2;TMEM242;TMEM70;ATPAF1;ATP5F1D;OXA1L;FMC1;ATP23"
"GOBP_MITOCHONDRIAL_RESPIRASOME_ASSEMBLY",0.0198816568047337,1,-0.833163061547194,-1.55040727535479,83,8,"COX7A1;HIGD1C"
"GOBP_MITOCHONDRIAL_RESPIRATORY_CHAIN_COMPLEX_ASSEMBLY",0.272727272727273,1,-0.347395774744475,-1.06948270484781,746,100,"COX7A1;HIGD1C;UQCC5;SCO2;COA3;SLC25A33;UQCC3;COA4;NDUFA6;FXN;UQCC4;COA6;ATPAF2;CEP89;NDUFAF1;CHCHD7;TIMMDC1;NDUFAF8;OCIAD2;NDUFC2;AIFM1;IMMP2L;FASTKD3;COA7;NDUFS7;TFAM;UQCC1;SCO1;NDUFAF6;TACO1;SDHAF2;UQCC6;HIGD1A;SDHAF3;NDUFAF2;COX16;SDHAF1;NDUFS5;COX17;COA8;COX7A2L;NDUFAF4;TMEM223;NDUFS3;RAB5IF;NDUFS8;COA1;NDUFS6;CHCHD4"
"GOBP_MITOCHONDRIAL_RIBOSOME_ASSEMBLY",0.646931015752308,1,-0.358744198393248,-0.881783673867107,2381,26,"MALSU1;METTL17;DDX28;MTERF3;TFB1M;RCC1L;MRPS2;METTL15;MPV17L2;MRM2;NDUFAB1;DHX30;MTG1;GTPBP10;TUFM;RBFA"
"GOBP_MITOCHONDRIAL_RNA_3_END_PROCESSING",0.811360946745562,1,-0.393793739906175,-0.732798545108234,3427,8,"ELAC2;TRMT10C;MTPAP;HSD17B10;ANGEL2;PNPT1;SUPV3L1;TRNT1"
"GOBP_MITOCHONDRIAL_RNA_CATABOLIC_PROCESS",0.732516222062004,1,-0.421572774466449,-0.803109610973618,3047,9,"GRSF1;C1QBP;REXO2;SLIRP;PDE12;NSUN4;PNPT1;SUPV3L1;LRPPRC"
"GOBP_MITOCHONDRIAL_RNA_METABOLIC_PROCESS",0.970995385629532,1,-0.256652278701534,-0.735123608392749,2945,63,"TRMT5;TWNK;WARS2;SLC25A33;PRORP;TRMT61B;EARS2;GRSF1;MRPL12;YRDC;TARS2;TFB2M;MTERF3;TEFM;FASTKD5;TBRG4;TFB1M;FASTKD3;TFAM;PUS1;C1QBP;REXO2;ELAC2;GARS1;TRMT10C;SLIRP;GTPBP3;FASTK;PDE12;POLRMT;CDK5RAP1"
"GOBP_MITOCHONDRIAL_RNA_MODIFICATION",0.837781808758746,1,-0.340987768289868,-0.751029076214152,3232,16,"TRMT5;YRDC;PUS1;TRMT10C;GTPBP3;CDK5RAP1;RPUSD4;TRIT1;PTCD1;HSD17B10;NSUN4;TRUB2;FASTKD2;METTL8;MTO1;OSGEPL1"
"GOBP_MITOCHONDRIAL_RNA_PROCESSING",0.730412805391744,1,-0.336732730421397,-0.843534990550462,2600,29,"TRMT5;PRORP;TRMT61B;YRDC;FASTKD5;TBRG4;FASTKD3;PUS1;ELAC2;TRMT10C;SLIRP;GTPBP3;FASTK;CDK5RAP1;RPUSD4;TRIT1;MTPAP;HSD17B10;ANGEL2;TRUB2;PNPT1;FASTKD2;METTL8;SUPV3L1;LRPPRC;MTO1;TRNT1;OSGEPL1;FASTKD1"
"GOBP_MITOCHONDRIAL_SMALL_RIBOSOMAL_SUBUNIT_ASSEMBLY",0.823905325443787,1,-0.387333692224871,-0.720777242932843,3480,8,"METTL17;TFB1M;RCC1L;METTL15;RBFA;ERAL1;NOA1;MCAT"
"GOBP_MITOCHONDRIAL_TRANSCRIPTION",0.989076723016905,1,-0.239469128678592,-0.548621848162303,3802,19,"TWNK;SLC25A33;MRPL12;TFB2M;MTERF3;TEFM;TFB1M;TFAM;POLRMT;KANSL3;THAP11;FOXO3;KAT8;PRKAA1;MTERF2;KANSL1;MTRES1;MTERF1;METTL4"
"GOBP_MITOCHONDRIAL_TRANSLATION",0.139834024896266,1,-0.360019978357263,-1.14151778691677,336,130,"MRPL23;WARS2;MALSU1;MRPS18A;COA3;MRPL19;DDX3X;MRPL13;MRPS6;EARS2;MRPL12;MRPS31;MRPS9;MRPL20;MRPL58;TARS2;MRPL42;MRPS16;MRPL30;MRPS12;MRPL46;MRPS10;HARS2;TSFM;FASTKD3;GATB;MRPS23;MRPS18C;NSUN3;MRPL2;MRPS2;MRPL54;AURKAIP1;MRPL34;GADD45GIP1;MRPL36;MPV17L2;MRPS22;ALKBH1;MRPL32;MRPL39;C1QBP;MRPS7;MRPL3;MRPL4;MRPL21;TACO1;MRPL24;MRPL38;MRPS34;GARS1;TRMT10C;MRPL9;MRPS30;MRPL43;MRPL27;MRPL47;CDK5RAP1;MRPL52;MTG1;MRPL28;MRPL16;MRPS26;MRPL55;MRPS24;RPUSD4;MRPS14;GFM2;TUFM;MRPS27;RMND1;MRPS25;MRPL50;MRPL57;MRPL15;YARS2;MRPS15;MRPS28;MTRF1L;MRPL18;MRPS5;CHCHD1;MRPS17"
"GOBP_MITOCHONDRIAL_TRANSLATIONAL_ELONGATION",0.762877240753347,1,-0.443846360875082,-0.750985544867229,3361,5,"TSFM;GFM2;TUFM;MRPL44;GFM1"
"GOBP_MITOCHONDRIAL_TRANSLATIONAL_TERMINATION",0.962786476060812,1,-0.290860855857588,-0.492134931299427,4242,5,"MRPL58;GFM2;MTRF1L;MTRFR;MTRF1"
"GOBP_MITOCHONDRIAL_TRANSMEMBRANE_TRANSPORT",0.707375099127676,1,-0.353548647385642,-0.848419224923808,2675,23,"SFXN3;SFXN2;COL6A1;UCP3;MPC1;SLC25A40;SLC25A38;VDAC1;UCP2;UCP1;SLC25A39;SLC25A15"
"GOBP_MITOCHONDRIAL_TRANSPORT",0.995403111739745,1,-0.231997081804337,-0.705007148933802,2814,89,"SLC25A31;BCL2L11;SFXN3;SLC25A24;BID;SFXN2;PPIF;LRRK2;COL6A1;UCP3;MPC1;HSPA1A;BAD;BAK1;MTX2;VPS35;GSK3A;IER3;TMEM14C;SLC25A40;HK2;PRKN;MUL1;HSP90AA1;SLC25A38;SLC9A1;SLC25A46;SLC25A13;CASP6;VDAC1;UCP2;UCP1;SLC35F6;FLVCR1;RHOT2;SLC25A39;GCLC;RTL10;SLC25A15;FZD9;ATP5IF1;SIVA1"
"GOBP_MITOCHONDRIAL_TRNA_MODIFICATION",0.81859410430839,1,-0.359327512250474,-0.756070304641548,3248,13,"TRMT5;YRDC;PUS1;TRMT10C;GTPBP3;CDK5RAP1;RPUSD4;TRIT1"
"GOBP_MITOCHONDRIAL_TRNA_PROCESSING",0.658643892339545,1,-0.390125942083993,-0.86811435939247,2544,17,"TRMT5;PRORP;TRMT61B;YRDC;PUS1;ELAC2;TRMT10C;GTPBP3;CDK5RAP1;RPUSD4;TRIT1"
"GOBP_MITOCHONDRION_DISTRIBUTION",0.456878349845704,1,0.47682140651119,1.00858023316172,2812,19,"EPCIP;BHLHA15;PKD1"
"GOBP_MITOCHONDRION_ENDOPLASMIC_RETICULUM_MEMBRANE_TETHERING",0.898934911242603,1,-0.337729754671999,-0.628470815514659,3797,8,"PSEN2;CALM1;PDZD8;AHCYL1;ATP2A2;SELENON;VMP1;PACS2"
"GOBP_MITOCHONDRION_LOCALIZATION",0.968958514650421,1,0.269036415235059,0.692703431732372,6679,59,"EPCIP;SYBU;ATP2A1;AGBL4;NEFL"
"GOBP_MITOCHONDRION_ORGANIZATION",1,1,-0.171450572182774,-0.608497952885369,1172,406,"COX7A1;IRGM;CHCHD2;HIGD1C;CEBPA;SFN;PLD6;SIRT4;SLC25A31;BCL2L11;C11orf65;FAM3A;EPM2A;BID;UQCC5;MIEF2;PPIF;LRRK2;BCL2L10;TERT;SCO2;COL6A1;CLUH;INF2;HSPA1A;APOO;PSMD10;BAD;COA3;FUNDC1;SLC25A33;SIRT7;UQCC3;SPIRE1;COA4;SIRT5;MGARP;TIMM13;NDUFA6;MTFP1;CASP2;FXN;BAK1;MTX2;UQCC4;COA6;RAP1GDS1;ATPAF2;MICOS10;ATAD3A;CEP89;VPS35;NDUFAF1;PGAM5;CHCHD7;AKT3;USP30;GSK3A;TIMMDC1;ARMCX3;MAPT;NME3;RAB3A;NDUFAF8;OCIAD2;TOMM5;MFN2;IER3;NDUFC2;SPATA18;TFRC;HK2;AIFM1;PRKN;MUL1;TRABD;TIMM22;TOMM40;IMMP2L;MLLT11;GGCT;OPA1;TIMM8B;CCAR2;AFG3L2;RAB29;TOMM7;LIG3;CHCHD10;FASTKD3;PPP2CB;TIMM9;MIEF1;AIFM2;SLC9A1;COA7;NDUFS7;SLC25A46;RCC1L;TFAM;GHITM;GDAP1;LMNA;CASP6;PLSCR3;UQCC1;SSBP1;PARP1;UCP2;LETM1;PRELID1;CHCHD3;SCO1;NDUFAF6;SLC35F6;TOMM70;POLDIP2;RHOT2;TRMT10B;TACO1;GCLC;THG1L;RTL10;CHCHD6;PRMT6;SDHAF2;TP53;WASF1;UQCC6;FZD9;HIGD1A;SLIRP;RAB32;ATP5IF1;HSPD1;JTB;CAV2;TIMM29;SIVA1;SDHAF3;MOAP1;ADCK1;NDUFAF2;COX16;SOD2;FANCG;PRDX3;VAT1;RAB38;SDHAF1;NDUFS5;COX17;GPER1;COA8;STOML2;COX7A2L;AKT1;GCLM;ATP13A2;TMEM11;BOK;ROMO1;NDUFAF4;PISD;MTCH1;ENDOG;FAM162A;MFN1;HSPA9;TMEM223"
"GOBP_MITOTIC_CYTOKINESIS",1,1,0.133255512745513,0.367713498676064,7282,101,"KIF4B;DCDC1;CHMP4C;MYH14;CIT;SEPTIN6;ZFYVE26;EFHC1;CNTROB;SPAST;WNK1;EXOC8;MTMR4;EXOC4;MITD1;EXOC6;IQGAP2;RHOC;EXOC7;CHMP2A;USP8;IQGAP1;MTMR3;IQGAP3;CENPA;STAMBP;EXOC5;KIF4A;TTC19;VPS4B;CUL7;ZFYVE19;IST1;TRIM36;KLHDC8B"
"GOBP_MITOTIC_CYTOKINETIC_PROCESS",0.993166963755199,1,-0.241222667077302,-0.636964720201923,3342,38,"CHMP6;SPART;CHMP1A;CHMP4B;CHMP4A;CHMP2B;PDCD6IP;PLK1;ARF6;RAB11FIP3;CHMP7;RHOA;CHMP1B;CEP55;AURKB;ARF1;VPS4A;KIF20A;ECT2;CHMP5;RAB11A;CHMP3;NUP62;KIF20B;KLHDC8B;IST1;ZFYVE19;VPS4B;IQGAP3;MTMR3;IQGAP1;CHMP2A;EXOC7;IQGAP2;MITD1;MTMR4;CNTROB;CHMP4C"
"GOBP_MODIFICATION_OF_POSTSYNAPTIC_ACTIN_CYTOSKELETON",0.988036410923277,1,-0.240661665704943,-0.55135394090014,3798,19,"PRMT8;PFN1;CAP1;CFL1;WASF1;BAIAP2;PFN2;ITPKA;RHOA;WASF3;CTTN;ABI3;AMOT;CYFIP1;CTTNBP2;ITSN1;SPTB;CTNNA2;DIXDC1"
"GOBP_MODIFICATION_OF_POSTSYNAPTIC_STRUCTURE",0.988860325621251,1,-0.24078207990147,-0.615836470678963,3461,32,"DRD1;PRMT8;RHOB;CAMKV;EGLN1;PFN1;CAP1;CFL1;WASF1;BAIAP2;PFN2;AGAP1;ITPKA;RAP1B;DLGAP3;RHOA;WASF3;CTTN;STAU1;ABI3;AMOT;PDXP;CYFIP1;CTTNBP2;ITSN1;ARHGAP44;SPTB;DLGAP4;CTNNA2;FILIP1;SARM1;DIXDC1"
"GOBP_MODIFICATION_OF_SYNAPTIC_STRUCTURE",0.992835820895522,1,-0.241971509145623,-0.641629066187087,3325,39,"DRD1;PRMT8;RHOB;CAMKV;EGLN1;EPHA4;PFN1;PGRMC1;CLN3;CAP1;CFL1;WASF1;BAIAP2;PFN2;AGAP1;ITPKA;RAP1B"
"GOBP_MODIFIED_AMINO_ACID_METABOLIC_PROCESS",0.864072699347242,1,0.288482526589741,0.839146376455212,6750,171,"GSTM1;TG;DMGDH;SULT1A4;SLC22A4;FOXE1;DIO2;DUOX1;FTCD;SLC1A2;DHFRP1;PAX8;GSTM3;GATA3"
"GOBP_MODULATION_OF_EXCITATORY_POSTSYNAPTIC_POTENTIAL",0.739458779106356,1,-0.311089954774331,-0.864189372701913,2349,51,"RELN;SHANK1;NETO1;RIMS1;GRIN2C;LRRK2;PRKAR1B;GRIN2A;GRIN2B;GRIK2;NLGN4X;DMPK;CELF4"
"GOBP_MODULATION_OF_INHIBITORY_POSTSYNAPTIC_POTENTIAL",0.673395818312906,1,-0.44594341558844,-0.849536461320942,2801,9,"CHRNA2"
"GOBP_MONOACYLGLYCEROL_METABOLIC_PROCESS",0.68628773823579,1,0.445999504766233,0.843629615280773,4068,11,"MOGAT3;ABHD12B;ABHD6;ABHD16B"
"GOBP_MONOCARBOXYLIC_ACID_METABOLIC_PROCESS",0.836150285283669,1,0.2836467378569,0.894809914266698,7766,580,"GSTM1;GAD2;ACOT6;ZBTB20;APOA5;PFKFB1;PLA2G4F;GAD1;CYP3A4;FMO1;CYP2W1;HTR2A;PLA2G5;ALDOB;ALDH8A1;GIP;ABCC9;FABP2;LDHAL6B;CYP4A11;PROX1;LIPC;ADH6;THEM5;ACSM6;AOAH;ME3;PNLIPRP2;AVPR1A;GAPDHS;PM20D1;CYP46A1;ABCD2;FTCD;PARP9;ALDH1A1;ELOVL3;ATP8B1;AKR1D1;BCO2;MALRD1;CYP2C18;LDHD;CD36;ACSM1;NR5A2;CEACAM1;ALOX5;TPK1;MTTP;PTGR3;MGAT4A;SLC4A4;FAAH2;TBXAS1;TWIST1;AKR1C1;HPGD;ERFE;ACSS1;LIPA"
"GOBP_MONOSACCHARIDE_METABOLIC_PROCESS",1,1,0.15001535901823,0.450639276644098,8267,247,"FBP2;PFKFB1;ALDOB;TKTL1;GAPDHS;PDX1;PPP1R3G;OAS1;FBN3;IGFBP3;HECTD4;ERFE;GSTO2;LIPA;ACTN3;PPP1R3E;ONECUT1;ENO3;FBN1;INPPL1;GLB1L2;PDK1;KAT2B;FBP1;NR0B1;CLSTN3;GSTO1;PHKA1"
"GOBP_MONOTERPENOID_METABOLIC_PROCESS",0.778388278388278,1,0.527136376075684,0.779839574292422,4249,3,"CYP3A4"
"GOBP_MOTOR_NEURON_APOPTOTIC_PROCESS",0.939499419857451,1,0.321483266328183,0.629702786418778,5667,13,"FAS;MAP3K12;SPG11"
"GOBP_MOTOR_NEURON_AXON_GUIDANCE",0.959226095299009,1,0.287541361775686,0.635810007503989,5998,24,"EGR2;NRP1;LHX1;ALCAM;LHX4;SLIT2;ARK2C"
"GOBP_MOTOR_NEURON_MIGRATION",0.83130189012542,1,0.428976509216731,0.713369131480011,4705,6,"OLIG3;NRP1;LHX1"
"GOBP_MRNA_METABOLIC_PROCESS",1,1,0.103461733167624,0.329023662713306,9520,758,"AICDA;A1CF;H2AB2;CELF6;SLC11A1;PIWIL1;SNRPGP15;NANOS3;H2AB3;C5AR1;NANOS2;RBFOX1;WEE2-AS1;RBM44;DAZL;CALCR;GDNF;CELF3;ELAVL4;RBM20;PKP3;ERN1;NOL3;ZC3H12C;HNRNPA1L2;KHDRBS2;RAMACL;CPEB3;SLC39A5;NOVA1;FBXO24;FOXE3;PPARG;PAPOLB;RC3H1"
"GOBP_MULTICELLULAR_ORGANISMAL_LEVEL_IRON_ION_HOMEOSTASIS",0.424483306836248,1,0.462051445112449,1.03028174214225,2669,25,"SLC11A1;RHAG;TF;B2M;EPAS1;HJV"
"GOBP_MYCOTOXIN_METABOLIC_PROCESS",0.00671259494788907,1,0.917669467615356,1.5260441003956,37,6,"CYP3A4;CYP2W1;CYP2A13"
"GOBP_MYELOID_CELL_ACTIVATION_INVOLVED_IN_IMMUNE_RESPONSE",0.993683323975295,1,0.247695117508726,0.665257765892613,7078,81,"HAVCR2;SCNN1B;CX3CR1;ITGAM;ITGB2;BTK;ADGRE2;FCER1G;CHGA;SPI1;NMI;PTGDR;F2RL1;LGALS9;PDPK1;PTGDS;GAB2;PLCG2"
"GOBP_MYELOID_DENDRITIC_CELL_ACTIVATION",0.0402942117045091,1,0.653203886502088,1.44436113612941,251,24,"HAVCR2;TSPAN32;DHRS2;UBD;CLEC4D;CD37;SPI1"
"GOBP_MYELOID_DENDRITIC_CELL_CHEMOTAXIS",0.858212241303391,1,-0.415667410942174,-0.637779848386224,3897,3,"CCR7"
"GOBP_MYELOID_DENDRITIC_CELL_CYTOKINE_PRODUCTION",0.987112504353884,1,0.258545782291988,0.444487346616634,5667,7,"RIGI;DHX36;MAVS;TICAM1;DDX21;DDX1;CAMK4"
"GOBP_MYELOID_DENDRITIC_CELL_DIFFERENTIATION",0.410223018069347,1,0.512500407924938,1.04626581225626,2519,16,"DHRS2;UBD;SPI1;LTBR;TGFB1;RELB"
"GOBP_MYELOID_LEUKOCYTE_CYTOKINE_PRODUCTION",0.956753720864926,1,-0.276592239658979,-0.692879578338259,3406,29,"TLR4"
"GOBP_N_ACETYLGLUCOSAMINE_METABOLIC_PROCESS",0.985537190082645,1,-0.246730266194799,-0.558816090246137,3815,18,"CHST5;CHST7;MGAT3;CHST3;NANP;HEXB;GNPDA1;CHST2;GNE;LARGE1;CHST6;NAGK;OGA;CHST4;EXTL2;GNPDA2;CHST1;AMDHD2"
"GOBP_N_ACETYLNEURAMINATE_METABOLIC_PROCESS",0.992541024365987,1,0.232190383075081,0.454801062811039,5987,13,"NPL;SLC35A1;AMDHD2;ST6GAL1;GNPDA2"
"GOBP_N_ACYLETHANOLAMINE_METABOLIC_PROCESS",0.653798033958892,1,0.551193817524703,0.887832497325763,3657,5,"GDPD3;NAPEPLD;GDPD1;GDE1;NAAA"
"GOBP_N_ACYLPHOSPHATIDYLETHANOLAMINE_METABOLIC_PROCESS",0.526075462629176,1,-0.509012799219502,-0.969685653157141,2188,9,"PLAAT2"
"GOBP_N_TERMINAL_PROTEIN_LIPIDATION",0.382794559265147,1,0.670070139297156,1.11429727043538,2166,6,"HHATL;NMT1"
"GOBP_NADPLUS_METABOLIC_PROCESS",0.215066828675577,1,-0.432037705787227,-1.15277531703731,707,41,"IDO2;ACMSD;KYNU;GPD1;KMO"
"GOBP_NADPPLUS_METABOLIC_PROCESS",0.291942273000601,1,0.460044081833071,1.108063873141,1941,39,"NOX1;ALDOB;FMO2;H6PD;ALDH1L1;DERA"
"GOBP_NATURAL_KILLER_CELL_ACTIVATION_INVOLVED_IN_IMMUNE_RESPONSE",0.308064785439973,1,0.59224509392619,1.1420717179828,1844,12,"IL12B;FCGR3A;NKG7;RAB27A;HLA-F"
"GOBP_NATURAL_KILLER_CELL_CYTOKINE_PRODUCTION",0.801280941665224,1,0.42539134041854,0.752298439010683,4628,8,"CD226;CD96;HLA-G;HLA-F"
"GOBP_NATURAL_KILLER_CELL_MEDIATED_IMMUNE_RESPONSE_TO_TUMOR_CELL",0.224216765453006,1,0.660262169418693,1.22489703971458,1323,10,"HAVCR2;IL12B;CD226;NKG7;CEACAM1"
"GOBP_NEGATIVE_REGULATION_OF_ACUTE_INFLAMMATORY_RESPONSE",0.739809616792775,1,-0.408470283369176,-0.798285381749713,3030,10,"FCGR2B"
"GOBP_NEGATIVE_REGULATION_OF_ACUTE_INFLAMMATORY_RESPONSE_TO_ANTIGENIC_STIMULUS",0.630499884819166,1,-0.506881857277942,-0.884074721167875,2736,6,"FCGR2B"
"GOBP_NEGATIVE_REGULATION_OF_ADAPTIVE_IMMUNE_RESPONSE",0.662812545165486,1,0.34623387660239,0.894648124900911,4585,60,"ARG1;HAVCR2;CD274;BTLA;XCL1;PTPRC;CEACAM1;FOXP3;HLA-G;RC3H1;BCL6;LGALS9;HLA-F;IL18;TNFSF4"
"GOBP_NEGATIVE_REGULATION_OF_AMIDE_METABOLIC_PROCESS",0.986659551760939,1,-0.23788944181142,-0.575179118633071,3697,24,"SIRT4;NTRK2"
"GOBP_NEGATIVE_REGULATION_OF_AMINE_METABOLIC_PROCESS",0.239499553172475,1,0.75840206247477,1.22159207105731,1339,5,"ITGAM;ITGB2;ATP2B4"
"GOBP_NEGATIVE_REGULATION_OF_ATP_DEPENDENT_ACTIVITY",0.0822327435833541,1,-0.686751985612674,-1.41604969729118,329,12,"PLN;LTF"
"GOBP_NEGATIVE_REGULATION_OF_AUTOPHAGY",0.986176791560567,1,-0.248071495548044,-0.757232136405181,2710,94,"IL10RA;LEP;ADRA1A;MET;NUPR1;SIRT2;LRRK2;PHF23;LZTS1;RUBCN;FEZ2;HMOX1;TREM2;STK38L;SLC7A5;USP36;FOXK1;FOXK2"
"GOBP_NEGATIVE_REGULATION_OF_AUTOPHAGY_OF_MITOCHONDRION",0.972992879941075,1,-0.258200976810368,-0.519181294037043,3962,11,"USP30;PPTC7;TSPO;TSC2;RBX1;TIGAR;RNF41;PINK1;HTRA2;VPS13C;FBXL4"
"GOBP_NEGATIVE_REGULATION_OF_AXON_EXTENSION",0.629073391895721,1,-0.355675298062539,-0.896356960503491,2219,30,"WNT3A"
"GOBP_NEGATIVE_REGULATION_OF_AXON_EXTENSION_INVOLVED_IN_AXON_GUIDANCE",0.223503965392934,1,-0.647193043499528,-1.23292343545564,929,9,"WNT3A"
"GOBP_NEGATIVE_REGULATION_OF_AXONOGENESIS",0.4180225281602,1,-0.363880782836422,-1.00692229424202,1335,50,"WNT3A;MCF2;SPP1;FGF13;EPHB2;MAP2;SEMA4F;IFRD1;RNF6;KIAA0319;MAG"
"GOBP_NEGATIVE_REGULATION_OF_CALCIUM_ION_DEPENDENT_EXOCYTOSIS",0.972265023112481,1,0.289526337982428,0.524612339192261,5678,9,"ADRA2A;STXBP3;REST"
"GOBP_NEGATIVE_REGULATION_OF_CALCIUM_ION_EXPORT_ACROSS_PLASMA_MEMBRANE",0.596350689808634,1,-0.574202229911572,-0.928704749204615,2679,4,"CALM2;CALM1;CALM3;YWHAE"
"GOBP_NEGATIVE_REGULATION_OF_CALCIUM_ION_IMPORT",0.411439557798606,1,-0.556388550663324,-1.05993797402816,1711,9,"PLN"
"GOBP_NEGATIVE_REGULATION_OF_CALCIUM_ION_IMPORT_ACROSS_PLASMA_MEMBRANE",0.901615538210201,1,0.402575932333718,0.623192501770911,4966,4,"PPP3CC;PPP3CA;PPP3CB"
"GOBP_NEGATIVE_REGULATION_OF_CALCIUM_ION_TRANSMEMBRANE_TRANSPORT",0.972356796808207,1,-0.262982245577304,-0.668061204046851,3411,31,"PLN;CALCA"
"GOBP_NEGATIVE_REGULATION_OF_CALCIUM_ION_TRANSMEMBRANE_TRANSPORT_VIA_HIGH_VOLTAGE_GATED_CALCIUM_CHANNEL",0.956847203874945,1,-0.323568558167348,-0.49646785034882,4345,3,"BIN1;SESTD1"
"GOBP_NEGATIVE_REGULATION_OF_CALCIUM_ION_TRANSMEMBRANE_TRANSPORTER_ACTIVITY",0.740541859897486,1,-0.408010363803569,-0.797386547535932,3033,10,"PLN"
"GOBP_NEGATIVE_REGULATION_OF_CALCIUM_ION_TRANSPORT",0.903791821561338,1,0.305730476289191,0.745908685878112,6077,42,"MRLN;CACNA1F;CAV3;SEMG1;ADRA2A;HES1;CRHR1;GSTO1"
"GOBP_NEGATIVE_REGULATION_OF_CALCIUM_ION_TRANSPORT_INTO_CYTOSOL",0.396414794644883,1,-0.654768585309587,-1.10786476165129,1746,5,"CALCA"
"GOBP_NEGATIVE_REGULATION_OF_CALCIUM_MEDIATED_SIGNALING",0.814882987115435,1,-0.333569296881774,-0.781042899462786,3098,21,"PLEK;TBC1D10C"
"GOBP_NEGATIVE_REGULATION_OF_CARBOHYDRATE_METABOLIC_PROCESS",0.590470258486453,1,-0.334911538600999,-0.923675075547188,1895,49,"PRKAG3;PLEK;TRIM63;GCK;C1QTNF12;NUPR1;CBFA2T3"
"GOBP_NEGATIVE_REGULATION_OF_CELLULAR_RESPONSE_TO_OXIDATIVE_STRESS",0.874499332443258,1,-0.380891964628989,-0.616048071668572,3929,4,"MEAK7;OXR1;NCOA7;TBC1D24"
"GOBP_NEGATIVE_REGULATION_OF_CENTROSOME_DUPLICATION",0.976122891968609,1,0.285285747250211,0.550138425492236,5845,12,"KAT2B;TRIM37;BRCA1;KAT2A;CDK5RAP2;NUBP1;MDM1;CENATAC;CCNF;NPM1;RBM14;TMEM67"
"GOBP_NEGATIVE_REGULATION_OF_CHOLESTEROL_METABOLIC_PROCESS",0.921066297386187,1,0.352406303413142,0.623225455634303,5320,8,"CH25H;MARCHF6;ERLIN1;SCAP"
"GOBP_NEGATIVE_REGULATION_OF_COLLAGEN_METABOLIC_PROCESS",0.848831427150671,1,0.369163524097022,0.723096111418634,5120,13,"IL6;CST3;EMILIN1;IL6R;NPPC"
"GOBP_NEGATIVE_REGULATION_OF_CYCLIN_DEPENDENT_PROTEIN_SERINE_THREONINE_KINASE_ACTIVITY",0.933875714038428,1,0.340921325847881,0.602914438757661,5394,8,"CDKN2A;LATS2;MEN1;LATS1;CDK5RAP1;TFAP4;APC;INCA1"
"GOBP_NEGATIVE_REGULATION_OF_CYTOKINE_PRODUCTION",0.767782175842629,1,0.296135736870711,0.893037059873318,6400,262,"ORM1;ARG1;HAVCR2;CD274;GPR18;IL12B;TIGIT;SLC11A1;SRGN;CD96;GBP1;F2;CX3CR1;BTLA;CD33;APOA2;XCL1;GATA6;GLTPD2;IL37;ABCD2;INHBA;BTK;GPR174;OAS1;PTPRC;ARRB1;CD200R1;CD34;PYDC1;CEACAM1;GATA3;NAV3;BANK1;TLR6;TWIST1;DLL1"
"GOBP_NEGATIVE_REGULATION_OF_CYTOKINE_PRODUCTION_INVOLVED_IN_IMMUNE_RESPONSE",0.255525084691079,1,0.54102389176849,1.16685971967176,1583,21,"ARG1;CD96;BTLA;APOA2;XCL1;FOXP3;BCL6;HLA-F"
"GOBP_NEGATIVE_REGULATION_OF_CYTOKINE_PRODUCTION_INVOLVED_IN_INFLAMMATORY_RESPONSE",0.968938977460143,1,-0.26559174891854,-0.657498130936499,3524,27,"PLA2G10"
"GOBP_NEGATIVE_REGULATION_OF_CYTOKINESIS",0.504694835680751,1,-0.547812586334083,-0.990080452235957,2149,7,"TEX14"
"GOBP_NEGATIVE_REGULATION_OF_CYTOSOLIC_CALCIUM_ION_CONCENTRATION",0.0233812949640288,1,-0.722335304550174,-1.56623586795556,90,15,"OPRM1;CALCA;KCNK3;DRD3;SLC8A1"
"GOBP_NEGATIVE_REGULATION_OF_DENDRITE_DEVELOPMENT",0.90887573964497,1,-0.32873369466749,-0.611730326738527,3839,8,"CARM1;KIAA0319;MGARP"
"GOBP_NEGATIVE_REGULATION_OF_DENDRITE_MORPHOGENESIS",0.539207200969361,1,0.547850852579155,0.968866316837715,3114,8,"TLX2;NFATC4"
"GOBP_NEGATIVE_REGULATION_OF_DENDRITIC_CELL_APOPTOTIC_PROCESS",0.464396973742768,1,-0.65247050751969,-1.05529450685484,2086,4,"CCR7"
"GOBP_NEGATIVE_REGULATION_OF_DENDRITIC_CELL_DIFFERENTIATION",0.325164511005219,1,-0.693649459913516,-1.17365098268007,1432,5,"FCGR2B;TMEM176A"
"GOBP_NEGATIVE_REGULATION_OF_DENDRITIC_SPINE_DEVELOPMENT",0.995952099848204,1,0.215305592774066,0.407260932935314,5904,11,"EFNA1;GRM5;NLGN1;SRGAP2C;FSTL4;PTPRS"
"GOBP_NEGATIVE_REGULATION_OF_DENDRITIC_SPINE_MAINTENANCE",0.837364662520157,1,-0.394686250384497,-0.688389477246837,3634,6,"GRIN2B;APOE;CFL1;FYN;PRNP;APP"
"GOBP_NEGATIVE_REGULATION_OF_DENDRITIC_SPINE_MORPHOGENESIS",0.879356568364611,1,0.404728139255851,0.651913688414016,4919,5,"EFNA1;GRM5;NLGN1"
"GOBP_NEGATIVE_REGULATION_OF_DNA_METABOLIC_PROCESS",1,1,-0.158895112999807,-0.502841590528929,2408,129,"ANKRD1;PARP3;H1-3;DNAJC2;DUSP1;CGAS;TENT4B;TFIP11;SENP3;TP53BP1;CAMSAP3;RTEL1;GTPBP4;H1-2;SMG6;TTF1;NAT10;RADX;ERCC1;LIG3;NUDT16L1;TERF2IP;HMGA2;TERF2;CSNK2A1;HNRNPC;HNRNPU;NIBAN2;PIF1;PINX1;MCRS1;RAD50;PARP1;HSF1;C1QBP;BLM;MSH3;SHLD3;ERCC4;MAD2L2;SUB1;NDFIP1;TP53;ACD;CDC6;UBQLN4;MSH2;HELB;GMNN;PLK1;OTUB1;RECQL5;CTC1;DYNLL1;TNKS2;EXOSC10;XRCC5;AUNIP;OGG1;DFFB;KLHL15;ELOC;SLX1B;RBX1;MSH6;CDT1;PML;FBXO5;WAPL;ABL1;DFFA;KAT5;ELOB;PARPBP;PDS5A;POLQ;MAGEF1;NBN;HNRNPA1;KCNK2;ERCC6;H1-4;TIPIN;H1-10;SLX1A;SRC;FBH1;SMCHD1;CDKN1A;ATM;TERF1;GNL3L;SHLD2;POT1;TNKS;CUL2;MLH1;LRR1;RIF1;MRE11;CYREN;RPS3;RAD17;TINF2;ANKLE1;NPPC;STN1;XRCC1;RNF169;XRN1;RMI2;DCP2;TIMELESS;SLX4;FANCB;TSPYL2;DACH1;ATR;SHLD1;TEN1;S100A11;SLFN11;H1-5;KMT5A;BCL6;H1-0;H1-1;FOXP3;TWIST1"
"GOBP_NEGATIVE_REGULATION_OF_ENDOPLASMIC_RETICULUM_CALCIUM_ION_CONCENTRATION",0.935523759053171,1,0.342376021269368,0.569356315986789,5295,6,"ATP2A1;BAX"
"GOBP_NEGATIVE_REGULATION_OF_ENDOPLASMIC_RETICULUM_UNFOLDED_PROTEIN_RESPONSE",0.998225520245201,1,0.200938714269226,0.433376964253781,6187,21,"CREBRF;ABCA7;ATF6B;UFL1;DNAJB9;BFAR;RACK1;PPP1R15B;TMBIM6;XBP1;AKT2"
"GOBP_NEGATIVE_REGULATION_OF_EPITHELIAL_CELL_PROLIFERATION_INVOLVED_IN_PROSTATE_GLAND_DEVELOPMENT",0.817700052994171,1,0.43828026065258,0.728840862306056,4628,6,"EAF2;CDKN1B;SERPINF1"
"GOBP_NEGATIVE_REGULATION_OF_ESTABLISHMENT_OF_PROTEIN_LOCALIZATION_TO_MITOCHONDRION",0.793609467455621,1,-0.402310035767897,-0.748646255685522,3352,8,"C11orf65;LRRK2;BAG3;DNAJA1;MAPT"
"GOBP_NEGATIVE_REGULATION_OF_EXCITATORY_POSTSYNAPTIC_POTENTIAL",0.99647266313933,1,-0.201799930771893,-0.424612449460854,3954,13,"LRRK2;NLGN4X;CELF4;S1PR2;PRKN;CBLN1;MTMR2;EIF4A3;PTEN;TMEM25;ELOVL4;GRM5;NPY2R"
"GOBP_NEGATIVE_REGULATION_OF_EXECUTION_PHASE_OF_APOPTOSIS",0.335602450646698,1,-0.68762218628683,-1.16345286962203,1478,5,"CIDEA"
"GOBP_NEGATIVE_REGULATION_OF_FATTY_ACID_METABOLIC_PROCESS",0.991257668711656,1,0.252085975541841,0.593581055859189,6462,34,"FMO1;CEACAM1;KIF12;ETFBKMT;SOX9;UBR4;ACADL;FMO2;FMO4;ACACB;WDTC1;SLC22A13;ERLIN1;DCAF5"
"GOBP_NEGATIVE_REGULATION_OF_FERROPTOSIS",0.999350332954361,1,0.188228505481823,0.398143932621625,6152,19,"CAMK2A;ADGRG1;KAT2B;PRKAA1;SLC7A11;ALDH7A1;GPX4;SQSTM1;NFE2L2;GSTP1;SC5D;PSAT1;FTH1;AIFM2;NQO1;SLC25A1;EGLN3;ACLY;HMOX1"
"GOBP_NEGATIVE_REGULATION_OF_GLYCOGEN_METABOLIC_PROCESS",0.0367700072098053,1,-0.78659669063453,-1.49849183929905,152,9,"PRKAG3"
"GOBP_NEGATIVE_REGULATION_OF_GLYCOPROTEIN_METABOLIC_PROCESS",0.921699495360573,1,0.328439720557957,0.670507273151513,5661,16,"PTX3;CST3;ABCA7;BACE2;SLC2A10;ACOT8;JAK3;HBEGF"
"GOBP_NEGATIVE_REGULATION_OF_HORMONE_METABOLIC_PROCESS",0.243965074473549,1,0.668306512803308,1.21094973750003,1424,9,"BMP5;WNT4;AKR1C3;DKK3"
"GOBP_NEGATIVE_REGULATION_OF_HUMORAL_IMMUNE_RESPONSE",0.877741407528642,1,0.352396631603848,0.709630565745863,5362,15,"A2M;SPINK5;MASP1;CR2;CR1;SUSD4"
"GOBP_NEGATIVE_REGULATION_OF_HUMORAL_IMMUNE_RESPONSE_MEDIATED_BY_CIRCULATING_IMMUNOGLOBULIN",0.510532544378698,1,-0.527384152153313,-0.981392795891489,2156,8,"FCGR2B"
"GOBP_NEGATIVE_REGULATION_OF_HYDROGEN_PEROXIDE_METABOLIC_PROCESS",0.854056997640225,1,0.442291426374471,0.684672575720806,4704,4,"HDAC6;MPV17L;STAT3;FYN"
"GOBP_NEGATIVE_REGULATION_OF_IMMUNE_EFFECTOR_PROCESS",0.0673275505989261,1,0.465870038767193,1.2830981339413,488,100,"CD22;ARG1;HAVCR2;CD274;TIGIT;CD96;A2M;CX3CR1;BTLA;APOA2;XCL1;SERPINB4;PTPRC;SPINK5;SERPINB9;CEACAM1;NECTIN4;MASP1;FOXP3;SPI1;FGL2;HLA-G;RC3H1;BCL6;LGALS9;HLA-F;TNFSF4;HLA-A"
"GOBP_NEGATIVE_REGULATION_OF_IMMUNE_RESPONSE",0.521733636593379,1,0.334029809518807,0.979537289929109,4128,188,"ARG1;HAVCR2;CD274;IL12B;TIGIT;CD96;FCRLB;A2M;BTLA;XCL1;SERPINB4;OAS1;PTPRC;SPINK5;SERPINB9;CEACAM1;NPY;NECTIN4;MASP1;PARP14;POMC;FOXP3;SPI1;NMI;FGL2;HLA-G;PPARG;RC3H1;BCL6;LGALS9;HLA-F;IL18;TNFSF4;HLA-A"
"GOBP_NEGATIVE_REGULATION_OF_IMMUNE_SYSTEM_PROCESS",0.974245606278324,1,0.262827840402731,0.821152009099017,8813,475,"CD22;MICOS10-NBL1;ARG1;HAVCR2;CD274;GPR18;IL12B;TIGIT;TSPAN32;CNR2;CD96;TNFAIP8L2;RAG2;GBP1;FCRLB;PLA2G5;A2M;CX3CR1;LST1;BTLA;CD33;CCL25;APOA2;XCL1;LRFN5;IL31RA;BMP5;SH2D1A;ILDR2;PSMB9;SERPINB4;LPXN;SLA2;INHBA;BTK;OAS1;PTPRC;SPINK5;SERPINB9;CD200R1;PYDC1;CEACAM1;NPY;CD37;MAFB;BANK1;TLR6;FCER1G;NECTIN4;ERFE;MASP1;PARP14;ID2;POMC;FOXP3;YPEL4;SPI1;NMI;FN1;RAB7B;PSMB8;PVRIG;FGL2;IDO1;HLA-G;PPARG;PTPN22;CCN3;RC3H1;BCL6;SOX9;F2RL1;LGALS9;HLA-F;IL18;DPP4;TNFSF4;CLDN18;FBN1;EMILIN1;HLA-A"
"GOBP_NEGATIVE_REGULATION_OF_INFLAMMASOME_MEDIATED_SIGNALING_PATHWAY",0.0843782654127482,1,-0.598393039600911,-1.38538911365938,322,20,"TRIM31;IRGM;PYDC5;SIRT2;HSPA8;TREM2"
"GOBP_NEGATIVE_REGULATION_OF_INFLAMMATORY_RESPONSE",1,1,-0.213795161133775,-0.696480788318716,2267,160,"TNFRSF6B;PLA2G10;CYP19A1;IRGM;FCGR2B;GHRL;IL10RA;PGLYRP1;PDCD1;PTGER4;IL18R1;C1QTNF12;LYN;SYK;NR1H3"
"GOBP_NEGATIVE_REGULATION_OF_INFLAMMATORY_RESPONSE_TO_ANTIGENIC_STIMULUS",0.974279993839519,1,0.271062445900756,0.628469488775924,6325,31,"IL12B;NPY"
"GOBP_NEGATIVE_REGULATION_OF_INFLAMMATORY_RESPONSE_TO_WOUNDING",0.587425983977708,1,0.544314199178904,0.935775366258165,3372,7,"SIGLEC10;GIT1;DSG2"
"GOBP_NEGATIVE_REGULATION_OF_INNATE_IMMUNE_RESPONSE",0.0587328287075974,1,0.489873786279583,1.31696778882777,418,82,"ARG1;HAVCR2;TIGIT;CD96;A2M;SERPINB4;OAS1;SERPINB9;CEACAM1;NECTIN4;PARP14;NMI;HLA-G;PPARG;LGALS9;HLA-F;HLA-A"
"GOBP_NEGATIVE_REGULATION_OF_INTERFERON_ALPHA_PRODUCTION",0.105645307678345,1,0.851002173519525,1.31736184638204,581,4,"HAVCR2;NMI"
"GOBP_NEGATIVE_REGULATION_OF_INTERFERON_BETA_PRODUCTION",0.738461538461539,1,0.402946257199978,0.811423705046777,4511,15,"NMI;REL;RELB;TRAIP;ATG9A;PTPRS;YY1;PYCARD;MORC3"
"GOBP_NEGATIVE_REGULATION_OF_INTRACELLULAR_LIPID_TRANSPORT",0.773118054099392,1,-0.543112120693523,-0.784573942568799,3686,2,"PCSK9"
"GOBP_NEGATIVE_REGULATION_OF_IRE1_MEDIATED_UNFOLDED_PROTEIN_RESPONSE",0.812400635930048,1,0.441537839390388,0.734258072957429,4598,6,"UFL1;DNAJB9;BFAR;TMBIM6;HSPA5"
"GOBP_NEGATIVE_REGULATION_OF_LIPID_BIOSYNTHETIC_PROCESS",0.111930585683297,1,0.490379350277936,1.26091419535398,773,58,"GFI1;PROX1;BMP5;MALRD1;WNT4;CEACAM1;PDGFA;SPHK1;KIF12;ASXL3;UBR4;ACADL;AKR1C3;NR0B1;CCDC3;DKKL1;SIK1;PDGFB;MARCHF6;SNAI2;WDTC1;LPIN1;ERLIN1;DCAF5;DKK3;ABCA2;PRKAA1"
"GOBP_NEGATIVE_REGULATION_OF_LIPID_CATABOLIC_PROCESS",0.832957110609481,1,0.347894578037301,0.756420715068479,5165,22,"ENDOU;HCAR1;APOA2;ADRA2A;ETFBKMT"
"GOBP_NEGATIVE_REGULATION_OF_LIPID_LOCALIZATION",0.597611940298508,1,-0.345224781738282,-0.915422874013105,2001,39,"PLA2G10;CES1;LEP;EGF;NR1H3;CRY2;PCSK9;ACSL4"
"GOBP_NEGATIVE_REGULATION_OF_LIPID_METABOLIC_PROCESS",0.398221481172711,1,0.378180525615025,1.0281592944955,2865,90,"GFI1;ENDOU;FMO1;PROX1;HCAR1;APOA2;BMP5;CH25H;MALRD1;WNT4;CEACAM1;ADRA2A;PDGFA;SPHK1;KIF12;ETFBKMT;SOX9;ASXL3;UBR4;ACADL;AKR1C3;SORL1;FMO2;NR0B1;CCDC3"
"GOBP_NEGATIVE_REGULATION_OF_LIPID_STORAGE",0.825154958677686,1,-0.337950958923512,-0.765420620960487,3194,18,"CES1;LEP"
"GOBP_NEGATIVE_REGULATION_OF_LIPID_TRANSPORT",0.679521998913634,1,-0.352490800988616,-0.866412989791086,2501,26,"PLA2G10;EGF;NR1H3;CRY2;PCSK9;ACSL4"
"GOBP_NEGATIVE_REGULATION_OF_LONG_TERM_SYNAPTIC_POTENTIATION",0.725754764715804,1,0.432349350420744,0.817809688720442,4302,11,"FAM107A;APP;PTN;AGER;PRNP"
"GOBP_NEGATIVE_REGULATION_OF_MACROAUTOPHAGY",0.865671641791045,1,-0.297475341550906,-0.788807022309904,2899,39,"NUPR1;LRRK2;PHF23;LZTS1;RUBCN;FEZ2;HMOX1;USP36;USP30;QSOX1;PPTC7;POLDIP2;BECN1;NPC1;UBQLN4;LYPLA1;AKT1;EHMT2"
"GOBP_NEGATIVE_REGULATION_OF_MACROPHAGE_CYTOKINE_PRODUCTION",0.810755616065351,1,-0.413054696565097,-0.698886222133994,3572,5,"TGFB3;CUEDC2;TGFB2"
"GOBP_NEGATIVE_REGULATION_OF_MIRNA_METABOLIC_PROCESS",0.965664556962025,1,0.281264176919021,0.632147515689832,6102,26,"TWIST1;NFATC4;PPARG;SOX9;TGFB1;PDGFB;SMAD3;QKI;NFIB"
"GOBP_NEGATIVE_REGULATION_OF_MITOCHONDRIAL_FISSION",0.844338552303154,1,-0.392979344625958,-0.664918839626472,3720,5,"C11orf65;MAPT;PRKN"
"GOBP_NEGATIVE_REGULATION_OF_MITOCHONDRIAL_FUSION",0.531360946745562,1,-0.517798673771123,-0.963555476755058,2244,8,"TFRC;PRKN;MUL1;ADCK1;VAT1;BNIP3"
"GOBP_NEGATIVE_REGULATION_OF_MITOCHONDRIAL_OUTER_MEMBRANE_PERMEABILIZATION_INVOLVED_IN_APOPTOTIC_SIGNALING_PATHWAY",0.464739596311986,1,-0.48233727877971,-0.994556363748874,1864,12,"HSPA1A;BAK1;IER3;SLC35F6;GCLC;FZD9;BOK;BCL2L1;SLC25A5"
"GOBP_NEGATIVE_REGULATION_OF_MOTOR_NEURON_APOPTOTIC_PROCESS",0.940776038121171,1,-0.310084970587104,-0.524662025238583,4145,5,"ZPR1;VPS54;MAP2K4;CRLF1;MAP3K12"
"GOBP_NEGATIVE_REGULATION_OF_MRNA_METABOLIC_PROCESS",1,1,0.194777088110195,0.547920617243568,7487,119,"A1CF;SLC11A1;DAZL;GDNF;ELAVL4;RBM20;PKP3"
"GOBP_NEGATIVE_REGULATION_OF_NEUROBLAST_PROLIFERATION",0.798433540658834,1,-0.417146252878063,-0.72756294569284,3465,6,"VAX1"
"GOBP_NEGATIVE_REGULATION_OF_NEUROINFLAMMATORY_RESPONSE",0.77842711638003,1,0.404703563603058,0.780420975873054,4661,12,"PTPRC;CD200R1;CX3CL1"
"GOBP_NEGATIVE_REGULATION_OF_NEURON_APOPTOTIC_PROCESS",0.82557689828542,1,0.29513367085402,0.855046128248324,6403,164,"CHL1;DLX1;EN2;CX3CR1;FAIM2;PCDHGC5;MEF2C;NAIP;NGF;GDNF;PCDHGC3;PCDHGC4;NRP1;NFATC4;SEMA3E;AGAP2;NEFL"
"GOBP_NEGATIVE_REGULATION_OF_NEURON_DIFFERENTIATION",0.980918220946915,1,0.260621112006322,0.678419239066636,6836,64,"DLX1;POU4F2;NR2E1;TLX3;GPR37L1;ASCL1;SIX3;DLL1;PAX6;ID2;HES1;JAG1;SOX9;B2M"
"GOBP_NEGATIVE_REGULATION_OF_NEURON_MIGRATION",0.75662000337325,1,0.42087518906226,0.79610575804545,4485,11,"ERBB4;NRG3;ADGRG1;SRGAP2;CX3CL1"
"GOBP_NEGATIVE_REGULATION_OF_NEURON_PROJECTION_DEVELOPMENT",0.997874036672867,1,0.239802196831293,0.677290043106245,7509,126,"GFI1;RTN4RL1;RIT2;NTN1;TBX6;GFAP;STMN2;NRP1;WNT5A;NEU4;EFNA1;DKK1;SEMA6D;DAB2;HES1;PRAG1;INPP5F;RTN4RL2;B2M;KANK1;GRM5;FAT3;SLIT2;LRIG2;TRIM46;CDKL3;MYLIP;PMP22;WNT3"
"GOBP_NEGATIVE_REGULATION_OF_NEURON_PROJECTION_REGENERATION",0.926961671327521,1,0.330982383771065,0.656996197473321,5634,14,"RTN4RL1;INPP5F;LRIG2"
"GOBP_NEGATIVE_REGULATION_OF_NEUROTRANSMITTER_SECRETION",0.77491124260355,1,-0.409560869645953,-0.762139107344177,3273,8,"SLC30A1;NF1;PRKN"
"GOBP_NEGATIVE_REGULATION_OF_NEUROTRANSMITTER_TRANSPORT",0.765038055487356,1,-0.391634321615509,-0.787484293814238,3115,11,"SLC30A1;GPM6B;NF1;PRKN"
"GOBP_NEGATIVE_REGULATION_OF_NLRP3_INFLAMMASOME_COMPLEX_ASSEMBLY",0.141746566467997,1,-0.588539680007501,-1.29626471473798,546,16,"TRIM31;IRGM;SIRT2;HSPA8;TREM2"
"GOBP_NEGATIVE_REGULATION_OF_NUCLEOBASE_CONTAINING_COMPOUND_METABOLIC_PROCESS",1,1,0.212937295558797,0.68738414140429,9896,1525,"PEG3;TBL1Y;TAL1;SP100;DMBX1;MYT1L;PRDM6;AICDA;A1CF;DLX1;ZBTB20;EN2;GFI1;MAGEB1;SOX14;SP5;PFKFB1;GATA5;OSR1;MAEL;SAMD11;NKX2-5;OLIG3;SLC11A1;FOXQ1;MAGEA11;EOMES;TFEC;SSX1;ALDOB;POU4F2;FOXE1;SHOX2;NR2E1;HSF4;DNMT3L;PROX1;SCML4;TCF23;FOXA2;TBX3;XCL1;MNX1;NOSTRIN;GATA4;FOXC1;GATA6;ZHX3;HNF1B;SKOR1;FOXP2;PDX1;DLL4;PAX5;NR1I3;PARP9;IRX1;ESR2;SLA2;SPDEF;MAGEB17;SFMBT2;MEF2C;PRDM1;DMRT1;ATP8B1;CDX4;PTPRC;ASCL1;SIX3;SOX21;DAZL;ETV7;POU3F3;CD36;WNT4;FEZF1;GDNF;MSX1;GATA3;CDX2;MYF6;SOX18;MAFB;TBX6;ELAVL4;PLAGL1;ZC3H6;EGR1;ZGLP1;ZNF658B;FGF9;TWIST1;TBXT;RBM20;PITX2;IRF8;PKP3;HNF4A;SIM2;ZNF750;L3MBTL1;PAX6;MSX2;TFAP2C;FOXF2;NKX3-2;OVOL3;PARP14;ID2;NEUROG3;CHD3;WNT5A;NFATC4;FOXD1;FOXP3;EFNA1;GZF1;RIPPLY2;NFKB2;LHX1;ACTN3;DKK1;ZBTB49;EID2B;H1-1;ZNF425;POU6F1;SMARCA2;SPI1;CPEB3"
"GOBP_NEGATIVE_REGULATION_OF_NUCLEOTIDE_METABOLIC_PROCESS",0.415963761324586,1,0.454267843540915,1.03514251382344,2662,28,"PFKFB1;ALDOB;ACTN3;DDIT4;SLC4A1;FBP1;PID1"
"GOBP_NEGATIVE_REGULATION_OF_OLIGODENDROCYTE_DIFFERENTIATION",0.856787667826952,1,0.366771764466468,0.718411271299253,5168,13,"DLX1;ID2;HES1;ID4"
"GOBP_NEGATIVE_REGULATION_OF_OXIDATIVE_STRESS_INDUCED_INTRINSIC_APOPTOTIC_SIGNALING_PATHWAY",0.787097781943143,1,0.34975918751388,0.796998092081222,5038,28,"GATA4;NOL3;FGF2"
"GOBP_NEGATIVE_REGULATION_OF_OXIDATIVE_STRESS_INDUCED_NEURON_INTRINSIC_APOPTOTIC_SIGNALING_PATHWAY",0.874158983304261,1,-0.344006491240244,-0.709324906213942,3507,12,"FZD1;PRKN;HIF1A;PYCR1;AKT1;ATF4"
"GOBP_NEGATIVE_REGULATION_OF_PEPTIDYL_SERINE_PHOSPHORYLATION",0.972309299895507,1,0.287271677278269,0.493872398379807,5582,7,"DMTN;PTEN;NT5DC2;RASSF2"
"GOBP_NEGATIVE_REGULATION_OF_PEPTIDYL_TYROSINE_PHOSPHORYLATION",0.154526451197942,1,0.573132201026136,1.25733437290471,960,23,"IL7;IL2RG;GPRC5A;SRCIN1;DMTN;PARP14"
"GOBP_NEGATIVE_REGULATION_OF_PERK_MEDIATED_UNFOLDED_PROTEIN_RESPONSE",0.945925741340643,1,-0.296077677143306,-0.610497987449455,3795,12,"PPP1R15A;ATAD3A;AKT3;NCK1;AKT1"
"GOBP_NEGATIVE_REGULATION_OF_PHOSPHOLIPID_METABOLIC_PROCESS",0.555732202791026,1,0.58290738401939,0.969349429017591,3145,6,"PDGFA;PDGFB;LPIN1;ABCA2;LPCAT1"
"GOBP_NEGATIVE_REGULATION_OF_PHOSPHORUS_METABOLIC_PROCESS",0.998968673456233,1,0.235247620975433,0.681547337220515,7748,164,"PFKFB1;ALDOB;IL7;IL2RG;TTC36;GPRC5A;INHBA;PTPRC;SRCIN1;CEACAM1;IGFBP3;PDGFA;DMTN;PARP14;ACTN3;DEPTOR;PTPN22;DDIT4;SLC4A1;FBP1;PID1;PDCD4"
"GOBP_NEGATIVE_REGULATION_OF_POTASSIUM_ION_EXPORT_ACROSS_PLASMA_MEMBRANE",0.663441603317208,1,-0.489512277522787,-0.853779680699655,2879,6,"KCNE3;KCNE5"
"GOBP_NEGATIVE_REGULATION_OF_PRODUCTION_OF_MOLECULAR_MEDIATOR_OF_IMMUNE_RESPONSE",0.280849734457982,1,0.498584325748623,1.13612671389079,1797,28,"CD22;ARG1;CD96;BTLA;APOA2;XCL1;SPINK5"
"GOBP_NEGATIVE_REGULATION_OF_PROSTAGLANDIN_BIOSYNTHETIC_PROCESS",0.828475571398616,1,-0.48673464059693,-0.70313163968851,3950,2,"PIBF1"
"GOBP_NEGATIVE_REGULATION_OF_PROTEIN_METABOLIC_PROCESS",1,1,0.138438962978893,0.435085807121752,9183,528,"GZMB;HHATL;NELL1;F2;IL7;TM4SF20;NANOS3;IL2RG;SERPINF2;TTC36;FETUB;NANOS2;GPRC5A;F8A1;PTPRC;DHFRP1;ARRB1;SPINK5;SRCIN1;ANG;AQP11;CEACAM1;SPOCK3;BANK1;IGFBP3;DMTN;IAPP;PARP14;VTN;QRICH2;PTX3;EFNA1;ITGB3;ECM1;DEPTOR;CPEB3"
"GOBP_NEGATIVE_REGULATION_OF_PROTEIN_SERINE_THREONINE_KINASE_ACTIVITY",0.942193255879853,1,-0.282740209814166,-0.712549216832549,3324,30,"CD300A;LYN;GADD45A;PTPRJ;MAPK8IP1;DNAJA1;DUSP7;INCA1;APC;AIDA;TFAP4;CDK5RAP1;LATS1;RASIP1;STK38"
"GOBP_NEGATIVE_REGULATION_OF_PROTEIN_TARGETING_TO_MITOCHONDRION",0.879751209398756,1,-0.363525704692559,-0.634041012513894,3818,6,"C11orf65;LRRK2;BAG3"
"GOBP_NEGATIVE_REGULATION_OF_PROTEIN_TYROSINE_KINASE_ACTIVITY",0.604274503255969,1,0.468226950381056,0.902918003224834,3618,12,"GPRC5A;SRCIN1;SOCS4;SOCS5"
"GOBP_NEGATIVE_REGULATION_OF_REACTIVE_OXYGEN_SPECIES_METABOLIC_PROCESS",0.688235294117647,1,-0.333145511917819,-0.875516842256768,2339,37,"CRYAB;PAGE4;SIRT2;PLIN5;NDUFA4L2;SIRT5;ACP5;ABCB7;TFAP2A;NDUFC2;HK2;PRKN;HIF1A;TRAP1;VDAC1"
"GOBP_NEGATIVE_REGULATION_OF_RELEASE_OF_CYTOCHROME_C_FROM_MITOCHONDRIA",0.987256176853056,1,-0.243771554358755,-0.55847867079851,3795,19,"PPIF;PSMD10;FXN;BAK1;PRKN;OPA1;GHITM;LMNA;PRELID1;HIGD1A;AKT1;BCL2L1"
"GOBP_NEGATIVE_REGULATION_OF_RELEASE_OF_SEQUESTERED_CALCIUM_ION_INTO_CYTOSOL",0.987790831605621,1,-0.243809597047062,-0.425238935725494,4287,6,"NTSR1;CALM2;CALM1;FKBP1B;TGFB1;GSTO1"
"GOBP_NEGATIVE_REGULATION_OF_RESPIRATORY_BURST",0.838896306186026,1,-0.409381007304883,-0.662125756245781,3769,4,"BCR;GRN;DUSP10;RPS19"
"GOBP_NEGATIVE_REGULATION_OF_RESPIRATORY_BURST_INVOLVED_IN_INFLAMMATORY_RESPONSE",0.813369963369963,1,0.502172157933182,0.742907793196752,4440,3,"RPS19;DUSP10;GRN"
"GOBP_NEGATIVE_REGULATION_OF_RESPONSE_TO_CYTOKINE_STIMULUS",0.705354639753294,1,0.328498906657876,0.883130493711816,5031,82,"ARG1;CCL5;OAS1;PTPRC;NAIP;PYDC1;PARP14;IL6;NOL3;ECM1;IL1A;PPARG;F2RL1;CLDN18;KLF4;NLRC5;CCDC3;ROBO1;GAS6;SLIT2;IL1RAP;SAMHD1;IL6ST;PXDN"
"GOBP_NEGATIVE_REGULATION_OF_RESPONSE_TO_OXIDATIVE_STRESS",0.969686706181202,1,0.288878634056299,0.535918306517372,5725,10,"MCTP1;TBC1D24;GGT7;NCOA7;RBX1;MACROH2A1;OXR1;USP25;KEAP1;MEAK7"
"GOBP_NEGATIVE_REGULATION_OF_RESPONSE_TO_TYPE_II_INTERFERON",0.342389411354929,1,0.661440329344417,1.13713654243062,1965,7,"ARG1;PARP14;PPARG"
"GOBP_NEGATIVE_REGULATION_OF_SMALL_MOLECULE_METABOLIC_PROCESS",0.761161325664202,1,0.312269422859192,0.863786936948784,5557,103,"GFI1;PFKFB1;FMO1;ALDOB;PROX1;BMP5;CH25H;MALRD1;WNT4;CEACAM1;ERFE;ACTN3;KIF12;ETFBKMT;SOX9;DDIT4;UBR4;ACADL;AKR1C3;SLC4A1;FBP1;FMO2;PID1;NR0B1"
"GOBP_NEGATIVE_REGULATION_OF_SPHINGOLIPID_BIOSYNTHETIC_PROCESS",0.561914856032503,1,0.578352659206063,0.961775121300495,3180,6,"SPHK1;ABCA2;PRKAA1;ORMDL2"
"GOBP_NEGATIVE_REGULATION_OF_STEROID_METABOLIC_PROCESS",0.0615964802011314,1,0.613908882045639,1.39085897606762,391,27,"GFI1;PROX1;BMP5;CH25H;MALRD1;WNT4"
"GOBP_NEGATIVE_REGULATION_OF_SUPRAMOLECULAR_FIBER_ORGANIZATION",1,1,-0.171618441383037,-0.55783593834353,2279,157,"FRMD7;MYOC;DNAI3;ARHGAP6;SHANK1;CRYAB;VIL1;APC2;RAB40B;SPTBN5;FGF13;KANK4;ASB2;MAP2;MAP6D1;PICK1;INPP5J;HSPA8;DLC1;TREM2"
"GOBP_NEGATIVE_REGULATION_OF_SYNAPSE_ASSEMBLY",0.974428450465707,1,0.281626991725631,0.522465294009137,5753,10,"WNT5A;DKK1;CLSTN3;NEGR1;ROBO2;EPHA7"
"GOBP_NEGATIVE_REGULATION_OF_SYNAPSE_ORGANIZATION",0.966112847507814,1,0.298841527578417,0.593196970271209,5872,14,"WNT5A;NFATC4;DKK1;CLSTN3;NEGR1;ROBO2;EPHA7"
"GOBP_NEGATIVE_REGULATION_OF_SYNAPTIC_TRANSMISSION",0.99026921829387,1,-0.241733301395338,-0.688825517282429,3052,60,"SLC6A4;SORCS2;SORCS3;GABRG2;DRD1;DRD3;PENK;IQSEC2;PICK1;NPY5R;SRF"
"GOBP_NEGATIVE_REGULATION_OF_SYNAPTIC_TRANSMISSION_GABAERGIC",0.567422537649299,1,0.534483399518592,0.945226169247697,3277,8,"CNR2;GABRB2"
"GOBP_NEGATIVE_REGULATION_OF_SYNAPTIC_TRANSMISSION_GLUTAMATERGIC",0.619983065198984,1,0.485891245618593,0.901409736840504,3660,10,"HTR2A;NPY2R;GRIK3;HCN1"
"GOBP_NEGATIVE_REGULATION_OF_SYNAPTIC_VESICLE_EXOCYTOSIS",0.927230046948357,1,-0.311642679705178,-0.563242490143078,3949,7,"SYT4;BRAF;FMR1;CDK5;RAP1B"
"GOBP_NEGATIVE_REGULATION_OF_T_CELL_CYTOKINE_PRODUCTION",0.421503167265879,1,0.584895972507301,1.05981254230422,2461,9,"ARG1;BTLA;XCL1;FOXP3;HLA-F"
"GOBP_NEGATIVE_REGULATION_OF_T_CELL_MEDIATED_IMMUNE_RESPONSE_TO_TUMOR_CELL",0.401765622295309,1,0.612756518634615,1.08365104942872,2320,8,"CD274;LAG3;UFL1;AHR;USP5"
"GOBP_NEGATIVE_REGULATION_OF_T_HELPER_1_TYPE_IMMUNE_RESPONSE",0.323553787502072,1,0.575307621868315,1.12687922042143,1951,13,"HAVCR2;XCL1;LGALS9;IL18;TNFSF4;EBI3;IL6ST;IL27RA"
"GOBP_NEGATIVE_REGULATION_OF_T_HELPER_17_TYPE_IMMUNE_RESPONSE",0.669438145628622,1,-0.404278393248797,-0.850652615017542,2656,13,"TBX21;ZC3H12A;STAT5A;ASCL2;LGALS1"
"GOBP_NEGATIVE_REGULATION_OF_TRANSMEMBRANE_RECEPTOR_PROTEIN_SERINE_THREONINE_KINASE_SIGNALING_PATHWAY",0.998309053069719,1,0.236541356423602,0.680055305197404,7674,151,"MICOS10-NBL1;DLX1;WFIKKN2;VWC2;SKOR1;BMPER;INHBA;ONECUT2;SOST;ERFE;GPR155;WNT5A;DKK1;HTRA4;PPARG;CCN3;ONECUT1;ARID4A;PEG10;FST;FBN1;EMILIN1;PDPK1;ENG;WFIKKN1;SORL1"
"GOBP_NEGATIVE_REGULATION_OF_TRANSMISSION_OF_NERVE_IMPULSE",0.692673992673993,1,0.585151770803733,0.865666891056144,3781,3,"GLRA1;AVPR1A"
"GOBP_NEGATIVE_REGULATION_OF_TRIGLYCERIDE_METABOLIC_PROCESS",0.438574632444555,1,-0.492822993179439,-1.01617740455063,1759,12,"PLIN1;PLIN5;FBXW7;SREBF1"
"GOBP_NEGATIVE_REGULATION_OF_TRNA_METABOLIC_PROCESS",0.97372654155496,1,0.300818947287477,0.484542512491404,5447,5,"TRDMT1;RNH1;ANGEL2;METTL1;NSUN2"
"GOBP_NEGATIVE_REGULATION_OF_TUMOR_NECROSIS_FACTOR_MEDIATED_SIGNALING_PATHWAY",0.993753394894079,1,-0.234234507456059,-0.575742173549093,3658,26,"BIRC7"
"GOBP_NEGATIVE_REGULATION_OF_TUMOR_NECROSIS_FACTOR_SUPERFAMILY_CYTOKINE_PRODUCTION",0.666177979768362,1,0.350691702598178,0.888383336529228,4543,53,"ORM1;HAVCR2;CD274;GPR18;CD33;IL37;TLR6;TWIST1;POMC;FOXP3"
"GOBP_NEGATIVE_REGULATION_OF_TYPE_2_IMMUNE_RESPONSE",0.655422499578344,1,0.459337447124826,0.868858977780883,3885,11,"ARG1;BCL6"
"GOBP_NEGATIVE_REGULATION_OF_TYPE_I_INTERFERON_MEDIATED_SIGNALING_PATHWAY",1,1,0.165669725078571,0.353528542876679,6173,20,"OAS1;NLRC5;SAMHD1;STAT2;PTPN2;SMIM30;ADAR;ISG15;CNOT7"
"GOBP_NEGATIVE_REGULATION_OF_TYPE_I_INTERFERON_PRODUCTION",0.846495777152171,1,0.319467632753959,0.785338162421856,5712,44,"HAVCR2;NMI"
"GOBP_NEGATIVE_REGULATION_OF_TYPE_II_INTERFERON_PRODUCTION",0.771477663230241,1,0.354389601335449,0.80754944030332,4938,28,"HAVCR2;CD274;CD96;XCL1;INHBA;GATA3;FOXP3;LGALS9;TNFSF4;CR1;GAS6;INHA;HLA-DRB1"
"GOBP_NEGATIVE_REGULATION_OF_TYROSINE_PHOSPHORYLATION_OF_STAT_PROTEIN",0.266913972796326,1,0.723629762226981,1.20336457568622,1510,6,"IL7;IL2RG;PARP14"
"GOBP_NEGATIVE_REGULATION_OF_VITAMIN_METABOLIC_PROCESS",0.255431902490726,1,0.728821474251525,1.21199816521448,1445,6,"GFI1;AKR1C3;SNAI2"
"GOBP_NEGATIVE_REGULATION_OF_VOLTAGE_GATED_CALCIUM_CHANNEL_ACTIVITY",0.509404388714734,1,0.582050386981262,1.00065075443508,2924,7,"CACNA1F;CRHR1"
"GOBP_NEUROBLAST_DIVISION",0.896858035861161,1,0.346836322347378,0.688466081885108,5451,14,"DCT;FGFR2;FGFR1;ASPM;NUMBL;ARHGEF2"
"GOBP_NEUROBLAST_PROLIFERATION",0.8516961438098,1,0.308977130414176,0.790277555109236,5874,56,"KCNA1;CX3CR1;DCT;ASCL1;SIX3;PAX6"
"GOBP_NEUROENDOCRINE_CELL_DIFFERENTIATION",0.89693545625749,1,0.366437697895354,0.663973230210151,5238,9,"ASCL1;WNT4;HES1;FGF2"
"GOBP_NEUROEPITHELIAL_CELL_DIFFERENTIATION",0.99048496009822,1,0.24879762261456,0.583031380197882,6453,33,"ASCL1;WNT4;MSX1;HES1;NODAL;TGFB1;FGF2;TMEM231;IFT80"
"GOBP_NEUROFIBRILLARY_TANGLE_ASSEMBLY",0.992210489873637,1,0.242828578020457,0.429438831576205,5731,8,"SORL1;DYRK1A;CLU;MARK2;PPP2CB;HSP90AA1;APOE;MAPT"
"GOBP_NEUROFILAMENT_CYTOSKELETON_ORGANIZATION",0.996826946546253,1,-0.202814951545916,-0.396367171888124,4083,10,"ARHGEF28;NDEL1;ATP8A2;NEFH;SOD1;VPS54;ATF2;CLN8;INA;NEFL"
"GOBP_NEUROGENESIS",1,1,0.207462772008129,0.67092200666319,9931,1706,"CHL1;VXN;TAL1;EVX1;MICOS10-NBL1;BHLHE22;MYT1L;FGF10;IL1RAPL1;PRDM6;DLX1;OSTN;BTG4;EN2;GFI1;SOX14;RHO;ZNF804A;FGF17;SAMD11;TH;NKX2-5;OLIG3;LTK;PDE6C;NYAP2;EOMES;CD3E;POU4F2;VSX1;SHOX2;F2;NR2E1;KCNA1;CNGB1;VCAM1;CX3CR1;ERBB4;TLX2;LST1;TLX3;PROX1;CNTN5;NEUROG1;BHLHE23;FOXA2;C5AR1;CNTN6;HOXD1;RTN4RL1;RIT2;DCT;FAIM2;MMD2;MNX1;BMP5;LMX1B;GRM7;PITX3;TTC36;WNT7B;EPHA10;CCR4;FGF21;POTEE;CSMD3;GPR37L1;GCM2;VWC2;GNAT2;FAM151B;FOXP2;FZD10;DLL4;POTEF;IRX1;ISLR2;PAX7;GALR2;INHBA;PDZD7;MEF2C;PHOX2A;PRDM1;ATP8B1;FGF4;ASCL1;DHFRP1;SIX3;SOX21;WNT9B;SPINK5;GABRB2;PRPH2;SRCIN1;IRX5;CPNE6;EPHB3;AZU1;WNT4;NR5A2;FGF23;NPY;ADGRG6;POU4F3;NGF;FEZF1;NTN1;GDNF;GATA3;SNX32;PLXNC1;OPCML;PCDHAC2;AREG;EPHA5;TBX6;AGBL4;CDHR2;ELAVL4;NAV3;TULP1;EGR2;GFAP;CAMK2A;FGF9;POU3F2;RP1L1;GPM6A;ONECUT2;TWIST1;DLL1;NIN;EPHA6;OLFM3;PITX2;SLITRK1;GLDN;RHOXF1;SLITRK3;STMN2;GDF7;LRRC7;SNAP25;SEZ6;PAX6;FAT4;TFAP2C;BRINP2;NRP1;ID2;SZT2;VTN;IL6;LHX5;NEUROG3;CDH11;HECW2;CLMN;WNT5A;NFATC4;FOXD1;GRIP1;KIRREL3;NEU4;GAS7;GBX2;EFNA1;GFRA3;CYB5D2"
"GOBP_NEUROINFLAMMATORY_RESPONSE",0.232160660874519,1,0.434085341900212,1.13864468627912,1629,68,"CX3CR1;C5AR1;GNAT2;ITGAM;ITGB2;CCL5;PTPRC;ADCY8;CD200R1;AZU1;TLR6;SPHK1;IL6"
"GOBP_NEUROMUSCULAR_JUNCTION_DEVELOPMENT",0.683047493403694,1,-0.312020821886926,-0.896944858123171,2070,64,"RAPSN;CACNG2"
"GOBP_NEUROMUSCULAR_PROCESS",1,1,-0.187429956842078,-0.615066254903068,2156,173,"UCN;KBTBD13;SCN1A;PCDH15;SHANK1;TNNT3;MB;DRD3;USH1G;CHRNA1;TNNC2;COMP;TNNI1;PENK;SLITRK6;COMT;SLC6A3;MYH7;KCNJ2;GRIN2C;CDH23;CLRN1;RCSD1"
"GOBP_NEUROMUSCULAR_PROCESS_CONTROLLING_BALANCE",0.915592028135991,1,0.293945411318752,0.743150034198573,6247,52,"POU4F2;NEUROG1;HMX3;POU4F3;ALDH1A3;ADCY5;NEFL;JPH4;USH1C;CNTNAP1;VPS13A;CLN8;SLC1A3;DLG4;GM2A;IGDCC3;ELP6;NR4A3;HEXA;TPP1;HERC1"
"GOBP_NEUROMUSCULAR_PROCESS_CONTROLLING_POSTURE",0.537761897027773,1,0.451137243906604,0.954252683360978,3310,19,"GLRA1;TMEM150C;GBX1;CNTNAP1;CLN8"
"GOBP_NEUROMUSCULAR_SYNAPTIC_TRANSMISSION",0.517589388696655,1,-0.367369814867786,-0.955792335830767,1794,35,"RAPSN;CHRNA2;RIMBP3C"
"GOBP_NEURON_APOPTOTIC_PROCESS",0.999881093935791,1,0.230159088670927,0.697235304809244,8408,282,"CHL1;DLX1;EN2;HTR2A;CX3CR1;FAIM2;CRH;PCDHGC5;PITX3;MEF2C;ASCL1;FAS;NAIP;POU4F3;NGF;CASP4;GDNF;GATA3;PCDHGC3;EGR1;PCDHGC4;SCN2A;NRP1;NFATC4;DKK1;ARSG;SEMA3E"
"GOBP_NEURON_CELL_CELL_ADHESION",0.105709624796085,1,0.639332024627,1.3367334276728,647,18,"NLGN4Y;ITGB2;NRXN3"
"GOBP_NEURON_CELLULAR_HOMEOSTASIS",1,1,0.205681350133758,0.516152234969203,6805,50,"P2RX1;NPY;SLC6A2;ATP2B3;IL6;CALB2;SV2B;SLC8A2;CX3CL1;TAOK1;NELL2;ATP6V1A;CACNB2;TSPOAP1;ATP6V0A1;SLC17A7"
"GOBP_NEURON_DEVELOPMENT",1,1,0.203819747304693,0.654954963141714,9790,1151,"CHL1;EVX1;MICOS10-NBL1;BHLHE22;MYT1L;IL1RAPL1;OSTN;EN2;GFI1;ZNF804A;SAMD11;TH;OLIG3;LTK;PDE6C;NYAP2;CD3E;POU4F2;VSX1;SHOX2;NR2E1;CNGB1;TLX2;LST1;CNTN5;NEUROG1;BHLHE23;CNTN6;RTN4RL1;RIT2;MNX1;BMP5;GRM7;PITX3;TTC36;WNT7B;EPHA10;POTEE;CSMD3;GNAT2;FAM151B;POTEF;ISLR2;GALR2;PDZD7;MEF2C;PHOX2A;PRDM1;ATP8B1;ASCL1;DHFRP1;GABRB2;PRPH2;SRCIN1;IRX5;CPNE6;EPHB3;NPY;POU4F3;NGF;FEZF1;NTN1;GDNF;GATA3;SNX32;PLXNC1;OPCML;PCDHAC2;AREG;EPHA5;TBX6;AGBL4;CDHR2;ELAVL4;TULP1;EGR2;GFAP;CAMK2A;POU3F2;RP1L1;GPM6A;ONECUT2;NIN;EPHA6;OLFM3;SLITRK1;GLDN;RHOXF1;SLITRK3;STMN2;GDF7;LRRC7;SNAP25;SEZ6;PAX6;FAT4;NRP1;ID2;SZT2;IL6;NEUROG3;CDH11;HECW2;CLMN;WNT5A;NFATC4;FOXD1;GRIP1;KIRREL3;NEU4;GAS7;GBX2;EFNA1;GFRA3;LHX1;DKK1;TENM4;ARHGEF25;DSCAM;SEMA6D;CPEB3;FN1;MAPK8IP2;SEMA3E;DAB2;ALCAM;DDR2;ALX1;TENM2;SMIM45;HES1;NRXN3;PTCH1;PRAG1;GFRA1;GPR37;KIFC2;NEFL;EPB41L3;ATP1B2;CRB1;PSD;PRKCQ;STMND1;CTF1;INPP5F;RTN4RL2;EFHD1;PRKCA;BCL11B;SLC4A10;ADGRB3;KLK6;KIAA1755;PBX4;KLF4;B2M;KANK1;GRM5;PREX2;KIF13B;NRN1;SAMD14;NPTX1;KAT2B;RORB;PRICKLE1;LHX4;SLITRK4;SEMA3D;CRB2;SLITRK2;NTRK3;RNF157;CAPRIN2;PTPRT;CLSTN3;COBL;SPAG6;RETREG3;SARM1;HCN1;L1CAM;AVIL;FEZ1;ROBO1;ARSB;BBS1;FAT3;SEMA4A;SRGAP2;USH1C;FZD3;SDK1"
"GOBP_NEURON_FATE_COMMITMENT",0.373493975903614,1,0.417931460775934,1.04878861113639,2541,50,"MYT1L;DLX1;OLIG3;TLX3;MNX1;DLL4;PAX7;ASCL1;POU3F2;DLL1;PAX6;TFAP2C;ID2"
"GOBP_NEURON_FATE_DETERMINATION",0.188790560471976,1,-0.767888155700585,-1.29926243817553,831,5,"PRRX1;FEZF2"
"GOBP_NEURON_FATE_SPECIFICATION",0.0778260170445409,1,0.623995299234709,1.36891756710592,483,23,"MYT1L;OLIG3;TLX3;MNX1;ASCL1;POU3F2;DLL1"
"GOBP_NEURON_GLIAL_CELL_SIGNALING",0.606076854334227,1,0.577813392999085,0.930709836330228,3390,5,"ADRA1B;ADRA1D"
"GOBP_NEURON_INTRINSIC_APOPTOTIC_SIGNALING_PATHWAY_IN_RESPONSE_TO_OXIDATIVE_STRESS",0.965027609781751,1,-0.27584026829133,-0.645872042027933,3669,21,"FBXW7;TREM2;FZD1;PRKN;HIF1A;PARP1;MAP3K5;PYCR1;AKT1;ATF4;DAXX;MCL1"
"GOBP_NEURON_MATURATION",0.94430459408433,1,-0.27085416971998,-0.755089765210279,3000,52,"MYOC;C3;EDNRB;KCNIP2;ACTL6B;MAP3K13;CDKN1C;LRRK2;PICK1;RB1;SCARF1;C1QL1"
"GOBP_NEURON_MIGRATION",0.702079107505071,1,0.310780408366304,0.909020148497176,5537,182,"CHL1;EVX1;SOX14;OLIG3;EOMES;ERBB4;TLX3;CCR4;MEF2C;ASCL1;FEZF1;NTN1;GATA3;CAMK2A;GPM6A;TWIST1;PITX2;PAX6;NRP1;KIRREL3;GFRA3;LHX1;SEMA3E;NRG3;DDIT4;ADGRG1;NTRK3;FILIP1;BBS1;FAT3;SRGAP2;FZD3;GAS6;NRCAM;LHX6;SATB2;LRIG2;CEP85L;TRIM46;DNAAF4;CX3CL1;DNER;SOX1"
"GOBP_NEURON_NEURON_SYNAPTIC_TRANSMISSION",0.863597022676129,1,0.390676941084477,0.690906525380015,4988,8,"OPRL1;PTEN;KIF1B;DLGAP2;DRD2;VDAC3"
"GOBP_NEURON_PROJECTION_ARBORIZATION",0.998846597462514,1,-0.203700920103713,-0.529972170704535,3463,35,"NTNG2;MAP3K13;LRRK2;PHACTR1;SEMA3A;ZNF365;TUBA1A;CC2D1A;IGF2BP1"
"GOBP_NEURON_PROJECTION_EXTENSION",0.999484336728117,1,0.232327907541747,0.673088493267388,7752,164,"OSTN;POU4F2;ISLR2;CPNE6;POU4F3;NGF;NTN1;SNX32;SLITRK1;NRP1;WNT5A;DSCAM;SEMA6D;FN1;ALCAM;NRN1;PRICKLE1;NTRK3;RNF157;CLSTN3;SPAG6;L1CAM;NRCAM;SLIT2;SEMA5B;ITGA4;TRIM46;CDKL3;WNT3;FLRT3;ITSN2;CPNE5;SEMA7A;LAMB2;CACNG7;SYT17;MACF1;EIF2AK4;SYT1;CDKL5;NDN;GOLGA4;FLRT1;TMEM108;TNN;SPG11;CPNE8;PAK6;MEGF8;NRP2;EDN2;AUTS2;CDH4;PRKCZ;CDH1"
"GOBP_NEURON_PROJECTION_EXTENSION_INVOLVED_IN_NEURON_PROJECTION_GUIDANCE",0.436520376175549,1,-0.433659772693212,-1.00400153137119,1670,20,"WNT3A"
"GOBP_NEURON_PROJECTION_GUIDANCE",1,1,0.200353677536188,0.598877888728401,8184,232,"CHL1;EVX1;POU4F2;CNTN5;CNTN6;WNT7B;EPHA10;EPHB3;POU4F3;FEZF1;NTN1;GDNF;GATA3;PCDHAC2;EPHA5;EGR2;EPHA6;GDF7;PAX6;NRP1;WNT5A;FOXD1;GBX2;EFNA1;GFRA3;LHX1;ARHGEF25;DSCAM;SEMA6D;SEMA3E;ALCAM;NRXN3;PTCH1;KIFC2;PRKCQ;BCL11B;KIAA1755;LHX4;SEMA3D;L1CAM;FEZ1;ROBO1;SEMA4A;FZD3;NRCAM;HMCN2;SLIT2;SEMA5B"
"GOBP_NEURON_PROJECTION_MAINTENANCE",0.971614626815829,1,0.291959125663978,0.563007213816399,5818,12,"ABCD2;ABCD1;INSR;PSEN1;APP;PRNP;ADCY10"
"GOBP_NEURON_PROJECTION_ORGANIZATION",1,1,0.204486983332331,0.560526757981025,7272,95,"IL1RAPL1;ZNF804A;ABCD2;SRCIN1;EPHB3"
"GOBP_NEURON_PROJECTION_REGENERATION",1,1,0.184223021102371,0.465750915512448,6823,52,"RTN4RL1;DHFRP1;GFAP;NEFL;INPP5F;RTN4RL2;KLF4;NTRK3;LRIG2;LAMB2;ISL1;MAP2K1;ADAM17"
"GOBP_NEURON_RECOGNITION",0.998677637378783,1,0.22760972614686,0.571180949439654,6796,50,"CNTN6;EPHB3;OPCML;EPHA5;NRP1;DSCAM;ROBO1;NRCAM;DSCAML1;ROBO4;PCDH12;AMIGO1;NPTN;EMB;NCAM2;ROBO2;NDN;TNN;MEGF8"
"GOBP_NEURON_REMODELING",0.704207608969514,1,-0.393509693414076,-0.827993915399363,2794,13,"C3;SCARF1;C1QL1;FARP2;EPHA8"
"GOBP_NEURONAL_ACTION_POTENTIAL",0.958823529411765,1,-0.26768576764007,-0.703486583541687,3259,37,"SCN11A;SCN1A;DRD1;KCNMB3;CHRNA1;KCNMB2;KCNA2;CACNA1I;FGF12;KCND2;NALCN"
"GOBP_NEURONAL_DENSE_CORE_VESICLE_EXOCYTOSIS",0.934674556213018,1,-0.306408513975473,-0.57018609108286,3948,8,"UNC13A;SYT4;RAB3A;STXBP2;STXBP1"
"GOBP_NEURONAL_ION_CHANNEL_CLUSTERING",0.378684807256236,1,-0.504890379355959,-1.06235289510522,1502,13,"MYOC;KCNIP2"
"GOBP_NEURONAL_SIGNAL_TRANSDUCTION",0.529686688592695,1,0.55347609964834,0.978814484999846,3059,8,"KCNA1;NLGN1"
"GOBP_NEURONAL_STEM_CELL_POPULATION_MAINTENANCE",0.986332207750442,1,0.257136829899375,0.56410540917678,6133,23,"PROX1;DLL1;HES1;JAG1;HOOK3;MCPH1;FANCD2;ASPM"
"GOBP_NEUROPEPTIDE_CATABOLIC_PROCESS",0.682752457551385,1,0.535272498827807,0.862187318279917,3819,5,"LNPEP;MME;CTSH;ACE"
"GOBP_NEUROPEPTIDE_SIGNALING_PATHWAY",0.317837837837838,1,-0.343254602964397,-1.04519993437627,881,91,"UCN;OPRM1;HCRTR2;NMBR;CYSLTR2;GALP;NTSR2;MCHR2;NPPB;SORCS2;SSTR5;SORCS3;NPY4R;CCKBR"
"GOBP_NEUROTRANSMITTER_GATED_ION_CHANNEL_CLUSTERING",0.608062418725618,1,-0.391118409210535,-0.896049130405368,2337,19,"RELN;FRRS1L;SHISA7"
"GOBP_NEUROTRANSMITTER_LOADING_INTO_SYNAPTIC_VESICLE",0.376788553259142,1,0.673267723979897,1.1196147136029,2132,6,"SLC17A8;SLC32A1;SLC17A7"
"GOBP_NEUROTRANSMITTER_RECEPTOR_LOCALIZATION_TO_POSTSYNAPTIC_SPECIALIZATION_MEMBRANE",0.455588235294118,1,-0.376089829619856,-0.988375854557175,1548,37,"LGI1;RAPSN;CACNG2"
"GOBP_NEUROTRANSMITTER_RECEPTOR_TRANSPORT",1,1,0.17267277577753,0.365240205402347,6156,19,"LRRC7;GRIP1;ARHGAP44;HIP1;CLSTN1;AKAP5"
"GOBP_NEUROTRANSMITTER_RECEPTOR_TRANSPORT_ENDOSOME_TO_POSTSYNAPTIC_MEMBRANE",0.859441151566469,1,0.381179417460239,0.707151737102018,5074,10,"LRRC7;GRIP1;ARHGAP44"
"GOBP_NEUROTRANSMITTER_RECEPTOR_TRANSPORT_TO_PLASMA_MEMBRANE",0.967757774140753,1,0.296695842745087,0.597464390574336,5912,15,"LRRC7;GRIP1;ARHGAP44;CLSTN1"
"GOBP_NEUROTRANSMITTER_REUPTAKE",0.905770411295273,1,0.308577941228433,0.723120346096531,5901,33,"SLC17A8;SLC18A3;SLC6A12;SLC1A2;GDNF;SLC6A2;ITGB3"
"GOBP_NEUROTRANSMITTER_SECRETION",0.425523611291791,1,0.352492771906331,1.01397308194931,3270,153,"UNC13C;SLC18A3;RPH3A;CRH;SV2C;P2RX1;BGLAP;MEF2C;STX11;CPLX3;NPY;NGF;SLC32A1;CAMK2A;STX19;SNAP25;BEST1;CACNA1B;SYNJ1;PRKCB;P2RX7;SV2B;DOC2A;CADPS;CADPS2;PTPRN2"
"GOBP_NEUROTRANSMITTER_TRANSPORT",0.768669634025717,1,0.298970544983562,0.885846727956046,6216,208,"UNC13C;SLC22A4;SLC17A8;SLC18A3;RPH3A;CRH;SLC6A12;SV2C;P2RX1;BGLAP;MEF2C;SLC1A2;STX11;CPLX3;NPY;NGF;SLC32A1;GDNF;SLC6A2;GFAP;CAMK2A;STX19;SNAP25;BEST1;CACNA1B;ITGB3;SYNJ1;PRKCB;P2RX7;SV2B;DOC2A;DRD4;CADPS;CADPS2;PTPRN2"
"GOBP_NEUROTRANSMITTER_UPTAKE",0.94758064516129,1,-0.271409298290913,-0.740047880189416,3054,46,"SLC6A4;SLC1A7;SLC22A1;DRD1;DRD3;SLC6A1"
"GOBP_NEUROTROPHIN_PRODUCTION",0.624486148346738,1,0.566951719749402,0.913214454161921,3493,5,"NPY;FURIN"
"GOBP_NEUROTROPHIN_SIGNALING_PATHWAY",1,1,0.175536675665495,0.420944222539517,6635,38,"NGF;GFRA1;DDIT4;NTRK3;DOK5;NDN;TMEM108;DOCK3;NTRK1;CD2AP;MAGI2;SOS1;AGT"
"GOBP_NEUROTROPHIN_TRK_RECEPTOR_SIGNALING_PATHWAY",0.923847376788553,1,0.306997160113113,0.684541888787049,5810,25,"NGF;DDIT4;DOK5;NDN;TMEM108;DOCK3;NTRK1;CD2AP;SOS1;AGT"
"GOBP_NEUTRAL_LIPID_BIOSYNTHETIC_PROCESS",0.996295747518151,1,0.237319466320546,0.583395669791226,6723,44,"FABP2;MOGAT3;AGMO"
"GOBP_NEUTRAL_LIPID_CATABOLIC_PROCESS",0.532461608636156,1,0.402931462603277,0.957606081424314,3501,36,"APOA5;LIPC;APOA2;PNLIPRP2;CPS1;PNPLA2;SORL1"
"GOBP_NEUTRAL_LIPID_METABOLIC_PROCESS",0.652069425901202,1,0.326233744756223,0.916992112388949,4883,118,"APOA5;APOBR;SLC22A4;FABP2;LIPC;GPR82;MOGAT3;APOA2;PNLIPRP2;AGMO;CAV3;MTTP;LIPA;DGKI"
"GOBP_NEUTROPHIL_ACTIVATION_INVOLVED_IN_IMMUNE_RESPONSE",0.230856956663408,1,0.580570549458287,1.19828077416089,1416,17,"SCNN1B;ITGAM;ITGB2;FCER1G;SPI1"
"GOBP_NICOTINATE_METABOLIC_PROCESS",0.985663686962388,1,0.26544470603594,0.502101488540424,5843,11,"PARP9;NMRK1;PARP10"
"GOBP_NITROGEN_CYCLE_METABOLIC_PROCESS",0.316246451828352,1,0.587980394386287,1.13384777019468,1893,12,"ARG1;CPS1;AGMAT;PKD1;ASL;ASS1"
"GOBP_NMDA_GLUTAMATE_RECEPTOR_CLUSTERING",0.139323803040617,1,-0.79830919871547,-1.35073467176312,613,5,"RELN"
"GOBP_NMDA_SELECTIVE_GLUTAMATE_RECEPTOR_SIGNALING_PATHWAY",0.622953674677813,1,0.527453971622234,0.90678956055837,3576,7,"MEF2C;DORIP1;NLGN1;DLG4;APP;CAPN1"
"GOBP_NON_PROTEINOGENIC_AMINO_ACID_METABOLIC_PROCESS",0.758270458502612,1,0.328122327953574,0.841368921536105,5225,57,"GAD2;GAD1;ALDH8A1;UPB1;ALDH1A1;KYAT1;DPYD;HNF4A;DDO;IDO1;CPS1"
"GOBP_NORADRENERGIC_NEURON_DEVELOPMENT",0.371210746051915,1,0.730422392033971,1.13070285946406,2044,4,"ASCL1;INSM1"
"GOBP_NORADRENERGIC_NEURON_DIFFERENTIATION",0.153651543261933,1,0.680888250378938,1.28793302812625,910,11,"PHOX2A;ASCL1;SLITRK1"
"GOBP_NOREPINEPHRINE_METABOLIC_PROCESS",0.265179879537685,1,0.571668950921732,1.16705795747466,1628,16,"TH;SULT1A4;KL;GATA3;SLITRK1"
"GOBP_NUCLEOBASE_CONTAINING_SMALL_MOLECULE_METABOLIC_PROCESS",1,1,0.156233832861392,0.494489940928629,9374,648,"ACOT6;ZBTB20;PFKFB1;SULT1A4;GUCA1ANB-GUCA1A;PDE4C;NOX1;HTR2A;GUCY2F;CMAHP;ALDOB;ABCC9;URAD;NME9;THEM5;ACSM6;CSGALNACT1;GAPDHS;ADCY4;UPB1;SULT2B1;ELOVL3;SLC25A18;DHFRP1;ACP3;ADCY8;ACSM1;MYH3;DPYD;TPK1;MTTP;SLC4A4;ACSS1;LIPA;UAP1L1;PARP14;CROT;ACTN3;PDE4B;AK5;ADCY5;IDO1;P2RX7;CPS1;PTGDR;AK9;NUDT4B;PDE10A;ENO3;NMRK1;DDIT4;ADSS1;MYH6;ACOT4;PDK1;SLC4A1;FBP1;ADCY7;NDUFV3;GUCY2C;GUCY1A2;NUDT13;FMO2;PID1;MLXIPL;SARM1;DMAC2L;AMDHD2;AASS;ADA;GPD1L;NUDT7;LACC1;DIP2A;SMPDL3A;SAMHD1;H6PD;PDE5A;PMVK;ADCY1;ATP1B1;PFKFB2;ENTPD8;AK4;SLC25A12;ACSF2;ABCC6;HACD2;DHTKD1;ATIC;TGFB1;PIPOX;PGAM2;PPT2;ALDH1L1;ENPP4;TK2;MT-ND4L;ADCY6;TJP2;AK3;ATP6V1A;CMPK1;RD3;NT5M;MT-ND4;BCKDHB;DERA;ABCD1;TAFAZZIN;FCSK;PDE8A;FITM2;PRKAA2;ACOT12;ACACB;ABHD14B;ENPP3;SLC35C1;INSR;SLC22A13;DHFR2;TYMP;PFKFB3;MAP2K1;MAGI3;DCAKD;FHIT"
"GOBP_NUCLEOBASE_METABOLIC_PROCESS",0.762758201701094,1,-0.317530063079256,-0.847242761990168,2510,41,"GDA;QNG1"
"GOBP_NUCLEOSIDE_DIPHOSPHATE_METABOLIC_PROCESS",1,1,0.213290909901618,0.605450113187093,7593,131,"ZBTB20;PFKFB1;HTR2A;ALDOB;GAPDHS;MTTP;SLC4A4;LIPA;ACTN3;AK5;P2RX7;AK9;ENO3;DDIT4;SLC4A1;FBP1;MLXIPL;NUDT7;PFKFB2;ENTPD8;AK4;DHTKD1;PGAM2;TJP2;AK3;CMPK1"
"GOBP_NUCLEOSIDE_METABOLIC_PROCESS",0.106695200244574,1,-0.47142716131349,-1.26820936287541,348,43,"NT5C1A;GDA;QNG1"
"GOBP_NUCLEOSIDE_MONOPHOSPHATE_METABOLIC_PROCESS",0.665987780040733,1,-0.309219428480266,-0.912187897622867,1961,75,"NT5C1A;GDA;CMPK2;DLG2;AMPD3"
"GOBP_NUCLEOSIDE_TRIPHOSPHATE_METABOLIC_PROCESS",1,1,0.162499683660121,0.490884063196834,8347,272,"ZBTB20;PFKFB1;HTR2A;ALDOB;ABCC9;NME9;GAPDHS"
"GOBP_NUCLEOTIDE_METABOLIC_PROCESS",1,1,0.146754881140292,0.458156402546333,9036,469,"ZBTB20;PFKFB1;SULT1A4;GUCA1ANB-GUCA1A;PDE4C;NOX1;HTR2A;GUCY2F;ALDOB;ABCC9;NME9;GAPDHS;ADCY4;SULT2B1;SLC25A18;ACP3;ADCY8;MYH3;DPYD;MTTP;SLC4A4;LIPA;PARP14;ACTN3;PDE4B;AK5;ADCY5;IDO1;P2RX7;AK9;NUDT4B;PDE10A;ENO3;NMRK1;DDIT4;ADSS1;MYH6;SLC4A1;FBP1;ADCY7;NDUFV3;GUCY2C;GUCY1A2;FMO2;PID1;MLXIPL;SARM1;DMAC2L"
"GOBP_NUCLEOTIDE_SUGAR_METABOLIC_PROCESS",0.502235469448584,1,0.401347996834053,0.976042236222832,3369,41,"CMAHP;CSGALNACT1;UAP1L1;AMDHD2;FCSK;SLC35C1;UGGT2;UGGT1;GNPDA2;GMPPA;FUOM;ENTPD5;EXTL2"
"GOBP_OLEFINIC_COMPOUND_METABOLIC_PROCESS",0.946700507614213,1,-0.259122475118712,-0.82862917951174,2237,140,"SRD5A2;PLA2G10;CYP19A1;AKR1B10;RDH8;CYP2E1;CES1;ALDH1A2;AFP;ADH4;PTGS2;EDNRB;CYP2B6;ADM;CYP2F1;CYP2C8;LIPE;PLA2G4C;MGLL;ALOXE3;CTHRC1;PRXL2B"
"GOBP_OLFACTORY_BULB_INTERNEURON_DEVELOPMENT",0.526224684092089,1,0.555244650469296,0.981942141572749,3039,8,"WNT5A;ROBO1;SLIT2;ROBO2;SLIT3;SLIT1"
"GOBP_OLFACTORY_BULB_INTERNEURON_DIFFERENTIATION",0.876201720357564,1,0.370198475629096,0.700248305737912,5194,11,"ERBB4;WNT5A;ROBO1;SALL1;SLIT2"
"GOBP_OLIGODENDROCYTE_DEVELOPMENT",1,1,-0.158301876926496,-0.423882348138052,3276,42,"OLIG1;LYN;NSUN5;GPM6B;PLP1;MAG;KCNJ10;MIOS;EIF2B3;CCDC39;LPAR1;HES5"
"GOBP_OLIGODENDROCYTE_DIFFERENTIATION",0.385855624770978,1,-0.332588423245303,-1.01569305017107,1052,95,"SOX6;CDKN2C;DLX2;OLIG2;OLIG1;DRD3;NTRK2;LYN;TSPAN2;TNFRSF1B;SOX8;NSUN5;PTPRJ;GPM6B;PLP1;MAG;ERBB2;NKX6-1;TMEM98;IL34;DAAM2;KCNJ10;MIOS;EIF2B3;ZNF365"
"GOBP_OLIGODENDROCYTE_PROGENITOR_PROLIFERATION",0.583802816901408,1,-0.511944564142417,-0.925254947093807,2486,7,"LYN;SIRT2;MIOS"
"GOBP_OLIGOPEPTIDE_IMPORT_ACROSS_PLASMA_MEMBRANE",0.734226988382484,1,0.50390552023284,0.811663125057656,4107,5,"SLC15A1;SLC15A4;SLC7A11;SLC15A2"
"GOBP_OLIGOSACCHARIDE_METABOLIC_PROCESS",0.619431418522861,1,0.360555045909526,0.911551888141481,4226,52,"B3GALT2;MGAM2;TREH;MGAM;ST8SIA6;FUT3;GAL3ST4;NEU4;ST8SIA3"
"GOBP_ONE_CARBON_METABOLIC_PROCESS",0.998081228014071,1,0.211912015955224,0.468578779841019,6241,24,"DHFRP1;MAT1A;AHCYL2;ALDH1L1;DHFR2"
"GOBP_ORGAN_OR_TISSUE_SPECIFIC_IMMUNE_RESPONSE",0.919568192184887,1,0.301841773493963,0.7173565351741,6047,36,"H2BC19P;H2BC14;XCL1;H2BC26;H2BC8"
"GOBP_ORGANIC_ACID_METABOLIC_PROCESS",0.94940538284999,1,0.270332571022252,0.862237879895755,9100,851,"GSTM1;GAD2;ARG1;LGSN;TPH2;ACOT6;ZBTB20;APOA5;PFKFB1;PLA2G4F;TH;GAD1;CYP3A4;NLRC4;SULT1A4;FMO1;CYP2W1;MPO;HTR2A;PLA2G5;ALDOB;SLC34A1;ALDH8A1;GIP;ABCC9;FABP2;LDHAL6B;CYP4A11;PROX1;LIPC;GLYATL1B;ADH6;THEM5;ACSM6;AOAH;DCT;LPO;CSGALNACT1;ME3;GADL1;PNLIPRP2;AVPR1A;GAPDHS;TTC36;PM20D1;SP7;UPB1;CYP46A1;ABCD2;FTCD;PARP9;ALDH1A1;NOXRED1;SULT2B1;ELOVL3;ATP8B1;DHFRP1;AKR1D1;BCO2;MALRD1;CYP2C18;LDHD;KYAT1;GLS2;CD36;NAIP;ACSM1;NR5A2;CEACAM1;ALOX5;DPYD;TPK1;MTTP;PTGR3;MGAT4A;SLC4A4;FAAH2;TBXAS1;ADHFE1;TWIST1;AKR1C1;CARNS1;HPGD;ERFE;HNF4A;ACSS1;GSTO2;LIPA"
"GOBP_ORGANOPHOSPHATE_METABOLIC_PROCESS",1,1,0.141376932369332,0.452994307958682,9712,1012,"ACOT6;ZBTB20;PFKFB1;PLA2G4F;TPTE2;SULT1A4;GUCA1ANB-GUCA1A;CYP2W1;PDE4C;NOX1;HTR2A;IP6K3;GUCY2F;CMAHP;PLA2G5;ALDOB;PLA2G2C;ABCC9;LIPC;NME9;THEM5;ACSM6;APOA2;CSGALNACT1;GATA6;PTH1R;PNLIPRP2;GAPDHS;TNFAIP8L3;ADCY4;PIGZ;GALR2;SULT2B1;ELOVL3;SLC25A18;ACP3;ADCY8;PLAAT5;CPNE6;LHCGR;ACSM1;MYH3;SLC44A3;PLPP2;DPYD;TPK1;MTTP;AVPR1B;SLC4A4;PLA2G4E;PLAAT4;ACSS1;LIPA;PDGFA;UAP1L1;PARP14;PLPPR1;DGKI;ABCA3;CROT;ACTN3;PDE4B;SYNJ1;AK5;ADCY5;PTAFR;IDO1;P2RX7;CPS1;PPIP5K2;AK9;NUDT4B;AGPAT3;PDE10A;ENO3;PLPP3;INPP5F;PNPLA7;GDPD3;NMRK1;INPPL1;DDIT4;DGKB;SAMD8;PIGN;PIK3R5;ADSS1;PROCA1;MYH6;MOCOS;ACOT4;ENPP2;DGKH;PDK1;SLC4A1;PLCG2;FBP1;ADCY7;NDUFV3;GUCY2C;GUCY1A2;SLC44A5;FMO2;PID1;PIK3R1;SH3YL1;MLXIPL;SARM1;DMAC2L;AMDHD2;HYCC2;AASS;ADA;PLAAT3;GPD1L;NUDT7;LACC1;PNPO;DIP2A;TTC7A;SMPDL3A;PLPP5;SAMHD1;H6PD;PDE5A;THTPA;PMVK;PIK3CD;ADCY1;ATP1B1;PNPLA8;PFKFB2;GGPS1;GPAT3;ENTPD8;AK4;ABHD3;SLC25A12;ACSF2;INPP4B;ABCC6;NAPEPLD;HACD2;SMG1;CDS2;ABHD12B;DHTKD1;PLCB4;ATIC;TGFB1;GNB3;SLC44A4;SERINC4;PIPOX;PGAM2;PPT2;ALDH1L1;TK2;MT-ND4L;PDGFB"
"GOBP_ORNITHINE_METABOLIC_PROCESS",0.835094671950683,1,-0.432716042319913,-0.663938438761739,3792,3,"AZIN2"
"GOBP_OUTER_MITOCHONDRIAL_MEMBRANE_ORGANIZATION",0.891664542442009,1,-0.33068021063576,-0.704712112939382,3497,14,"MTX2;NME3;TOMM5;TOMM40;TOMM7;TOMM70;MTCH1;MTCH2;SAMM50"
"GOBP_OXALOACETATE_METABOLIC_PROCESS",0.381291431377363,1,-0.530542926422273,-1.06679675067385,1552,11,"PCK1"
"GOBP_OXIDATIVE_DEMETHYLATION",0.124805262246841,1,0.746847399384891,1.32078883454383,720,8,"CYP3A43;CYP3A4;ALKBH7"
"GOBP_OXIDATIVE_PHOSPHORYLATION",0.235695986336465,1,-0.338034776592909,-1.0809845654189,551,141,"COX6A2;COX7A1;CHCHD2;UQCRHL;NUPR1;BID;PPIF;NDUFA4L2;NDUFC2-KCTD14;SLC25A33;UQCC3;NDUFA6;FXN;NDUFC1;NDUFAF1;COX7B;ATPSCKMT;SDHB;DNAJC30;NDUFB10;NDUFC2;TEFM;UQCRB;NDUFV1;SLC25A23;NDUFV2;NDUFA3;NDUFA10;NDUFS7;NDUFA12;GHITM;COX5A;CYC1;CDK1;SDHD;NDUFB3;NDUFB2;CYCS;SLC25A51;NDUFA5;NDUFA7;SDHAF2;ETFRF1;NDUFB11;VCP;ATP5IF1;NDUFAB1;NDUFB4;NDUFB7;MSH2;UQCRC1;DLD;NDUFS5;ATP5PB;STOML2;COX7A2L;UQCR11;ATP5F1E;NDUFB9;COX8A;TMEM135;MTCH2;UQCRH;NDUFS3;ATP5F1B;ATP5PO"
"GOBP_OXYGEN_METABOLIC_PROCESS",0.0845397676496872,1,0.835194457271688,1.34528501078285,472,5,"NOX1;ABCC9;FMO2"
"GOBP_PANTOTHENATE_METABOLIC_PROCESS",0.841644325290438,1,0.431151250926082,0.694474574395375,4708,5,"SLC25A16;PANK4;PANK2;SLC25A42;AASDHPPT"
"GOBP_PENTOSE_METABOLIC_PROCESS",0.464600655076846,1,-0.470057203040131,-0.989059508623911,1843,13,"DHDH;XYLB;FGGY"
"GOBP_PENTOSE_PHOSPHATE_SHUNT_NON_OXIDATIVE_BRANCH",0.748581801679147,1,-0.451724502634056,-0.764315316389384,3298,5,"RPIA;TKT"
"GOBP_PEPTIDE_CROSS_LINKING",0.624968851233491,1,-0.426984860102217,-0.880422327947474,2507,12,"CSTA;COL3A1;TGM3;ANXA1;TGM2"
"GOBP_PEPTIDE_METABOLIC_PROCESS",0.975790084082343,1,0.266614265970408,0.681925131435783,6730,56,"ERAP2;CPA4;LANCL3;SLC1A2;SPINK5;KLK7;LNPEP;LANCL1;NPEPPSP1;CPQ;ERAP1;PCSK1;ENPEP;TAPBP;MME"
"GOBP_PEPTIDOGLYCAN_METABOLIC_PROCESS",0.271755084923464,1,-0.836959864677841,-1.2090632408712,1295,2,"PGLYRP1;LYG1"
"GOBP_PEPTIDYL_SERINE_MODIFICATION",0.0323656990323657,1,-0.477589635834366,-1.38259911081882,96,67,"TNNI3K;IRGM;MBOAT4;PCK1;IL11;TENM1;PRKX;GADD45A"
"GOBP_PEPTIDYL_TYROSINE_AUTOPHOSPHORYLATION",0.71934558947546,1,0.434355052350516,0.821603570842056,4264,11,"LTK;PDGFA;SRMS"
"GOBP_PEPTIDYL_TYROSINE_DEPHOSPHORYLATION",0.177169421487603,1,-0.545775134881326,-1.23611882616438,685,18,"TNS2;EPM2A;DUSP5;DUSP18;PTPRJ;PTPN6;DUSP6"
"GOBP_PEPTIDYL_TYROSINE_MODIFICATION",0.648521505376344,1,0.328227282715552,0.918731028834509,4824,114,"FGF10;ZAP70;LTK;IL7;ERBB4;IL2RG;IL31RA;ITGB2;PARP9;GPRC5A;IL15;BTK;SRCIN1;IL10RB;BANK1;PDGFA;DMTN;PARP14;SRMS;IL6"
"GOBP_PERIPHERAL_NERVOUS_SYSTEM_AXON_ENSHEATHMENT",0.543496741286483,1,-0.373228232095386,-0.940593078905042,1917,30,"MYOC;NCMAP;NTRK2;SIRT2;POU3F1;COL6A1"
"GOBP_PERIPHERAL_NERVOUS_SYSTEM_AXON_REGENERATION",0.805688040982159,1,0.446366442460655,0.742287828210899,4560,6,"NEFL;TNC;MMP2"
"GOBP_PERIPHERAL_NERVOUS_SYSTEM_NEURON_DIFFERENTIATION",0.96209717815996,1,0.304344234822809,0.586890371379868,5761,12,"VCAM1;ONECUT2"
"GOBP_PERK_MEDIATED_UNFOLDED_PROTEIN_RESPONSE",0.972244250594766,1,-0.261859874571967,-0.628391463143289,3677,23,"PPP1R15A;EIF2S1;ATAD3A;AKT3;DDIT3;NCK1;AKT1;BOK;ATF4;QRICH1;DDRGK1;NFE2L2;TMED2;NCK2;PTPN1;HSPA5;TMEM33;AKT2;PPP1R15B;RPAP2;PTPN2;EIF2AK3;ABCA7"
"GOBP_PHENOL_CONTAINING_COMPOUND_METABOLIC_PROCESS",0.372471833853672,1,0.374242556074381,1.03987943227491,2743,107,"TPH2;TG;TH;SULT1A4;KL;FOXE1;DIO2;DCT;DUOX1;GNAT2;ITGAM;ITGB2;SLC24A5;NPY;PAX8;GATA3;SLITRK1;POMC;WNT5A;CPQ"
"GOBP_PHENYLPROPANOID_METABOLIC_PROCESS",0.353528477422283,1,-0.677732966871438,-1.1467203660225,1557,5,"CYP2A6;CYP2D6;CYP1A1"
"GOBP_PHOSPHATIDIC_ACID_METABOLIC_PROCESS",0.0732352941176471,1,-0.51299379935547,-1.34816377601328,248,37,"PLA2G10;PLA2G2A;DGKG;LIPH;GPAT2;PLA2G3;DGKK;ACP6;PLD1"
"GOBP_PHOSPHATIDYLCHOLINE_METABOLIC_PROCESS",0.799466132799466,1,-0.294817453404476,-0.853482400678108,2395,67,"PON1;PLAAT2;PLA2G10;PLA2G2A"
"GOBP_PHOSPHATIDYLETHANOLAMINE_METABOLIC_PROCESS",0.100329851566795,1,-0.533195150178618,-1.31997630232998,364,27,"PLAAT2;PLA2G10;PLA2G2A"
"GOBP_PHOSPHATIDYLGLYCEROL_METABOLIC_PROCESS",0.636517458852484,1,0.385871778287158,0.898904451343488,4137,32,"PLA2G4F;PLA2G5;PLA2G2C;ABCA3"
"GOBP_PHOSPHATIDYLINOSITOL_METABOLIC_PROCESS",0.95590345727332,1,0.270186819848889,0.773674818989483,7326,144,"TPTE2;HTR2A;IP6K3;TNFAIP8L3;PIGZ;GALR2;PLA2G4E;PDGFA;SYNJ1;INPP5F;INPPL1;PIGN;PIK3R5;PLCG2;PIK3R1;SH3YL1;HYCC2;TTC7A;PIK3CD;INPP4B;SMG1;PLCB4;PDGFB;PIK3C3;PLCE1;INPP4A;INPP1;ITPKB;PIGX;LCLAT1;PIGB;PLCD1"
"GOBP_PHOSPHATIDYLSERINE_ACYL_CHAIN_REMODELING",0.897183098591549,1,-0.343407544122736,-0.620652217689151,3821,7,"OSBPL10;LPCAT3;OSBPL5;OSBPL8;MBOAT1;LPCAT4;MBOAT2"
"GOBP_PHOSPHATIDYLSERINE_EXPOSURE_ON_APOPTOTIC_CELL_SURFACE",0.886806056236482,1,-0.345953992363802,-0.659053413906299,3689,9,"XKR4;TRPC5;XRCC4;PLSCR1"
"GOBP_PHOSPHATIDYLSERINE_METABOLIC_PROCESS",0.21551724137931,1,-0.509938323493368,-1.18060029989085,824,20,"PLA2G10"
"GOBP_PHOSPHOCREATINE_METABOLIC_PROCESS",0.123439981847061,1,-0.808780982189016,-1.36845287047068,543,5,"CKM;CKMT2"
"GOBP_PHOSPHOLIPID_BIOSYNTHETIC_PROCESS",1,1,0.129173720971536,0.387728311568243,8253,245,"TPTE2;HTR2A;IP6K3;APOA2;PIGZ;CPNE6;SLC44A3;PDGFA;DGKI;SYNJ1;AGPAT3;INPP5F;INPPL1;DGKB;SAMD8;PIGN;DGKH;PLCG2;SLC44A5;PIK3R1;SH3YL1;HYCC2;PLAAT3;TTC7A;PMVK;PIK3CD;GGPS1;GPAT3;ABHD3;INPP4B;SMG1;CDS2;SLC44A4;SERINC4;PDGFB;PTPMT1;CERT1;PIK3C3;INPP4A;INPP1;FITM2;ABHD5;ITPKB;PIGX;CHKB;LCLAT1;LPIN1;DGKA;SGMS1"
"GOBP_PHOSPHOLIPID_CATABOLIC_PROCESS",0.811699650756694,1,0.318817357419508,0.81291000640986,5577,55,"PLA2G4F;PLA2G5;LIPC;APOA2;PNLIPRP2;PLA2G4E;INPP5F;PNPLA7;GDPD3;ENPP2;PLCG2"
"GOBP_PHOSPHOLIPID_DEPHOSPHORYLATION",0.996392062537583,1,0.234986574672075,0.565989530894034,6627,39,"SGPP2;PLPP2;PLPPR1;SYNJ1;PLPP3;INPP5F;INPPL1;EPHX2;PLPP5"
"GOBP_PHOSPHOLIPID_EFFLUX",0.0423342890875358,1,0.764549567589161,1.44618245239172,250,11,"APOA5;ABCA12;APOA2;ABCA3"
"GOBP_PHOSPHOLIPID_HOMEOSTASIS",0.866977225672878,1,-0.329314300686445,-0.73279534206839,3349,17,"ANGPTL3"
"GOBP_PHOSPHOLIPID_METABOLIC_PROCESS",1,1,0.16138113970758,0.496725097073047,8710,362,"PLA2G4F;TPTE2;CYP2W1;HTR2A;IP6K3;PLA2G5;PLA2G2C;LIPC;APOA2;GATA6;PNLIPRP2;TNFAIP8L3;PIGZ;GALR2;PLAAT5;CPNE6;SLC44A3;PLPP2;PLA2G4E;PLAAT4;PDGFA;PLPPR1;DGKI;ABCA3;SYNJ1;AGPAT3;PLPP3;INPP5F;PNPLA7;GDPD3;INPPL1;DGKB;SAMD8;PIGN;PIK3R5;PROCA1;ENPP2;DGKH;PLCG2;SLC44A5;PIK3R1;SH3YL1;HYCC2;PLAAT3;TTC7A;SMPDL3A;PLPP5;PMVK;PIK3CD;PNPLA8;GGPS1;GPAT3;ABHD3;INPP4B;NAPEPLD;SMG1;CDS2;ABHD12B;PLCB4;GNB3;SLC44A4;SERINC4"
"GOBP_PHOSPHOLIPID_TRANSFER_TO_MEMBRANE",0.9468291821233,1,0.329144059790664,0.547352144044891,5359,6,"P2RX7;ABCA4"
"GOBP_PHOSPHOLIPID_TRANSPORT",1,1,0.208698295754124,0.580792717515781,7390,108,"APOA5;ABCA12;APOA2;GLTPD2;TNFAIP8L3;XKR9;ATP8B1;MTTP;ABCA3;P2RX7;PRELID3A;ABCB1;ATP8B3;ATP10D;SLC4A1;PLEKHA8P1;ABCA4;BLTP1;ATP11A"
"GOBP_PHOSPHORUS_METABOLIC_PROCESS",1,1,-0.130077707810598,-0.489766743166635,65,1751,"TNNI3K;PON1;IDO2;PLAAT2;PRKAG3;NT5C1A;PLEK;PLA2G10;GDA;ACSL5;RELN;TDO2;MYH4;ANGPTL3;ACMSD;IRGM;ADGRF5;TSSK1B;CSF1R;LILRA5;HRG;ALK;NPPB;PLA2G2A;CKM;PTPN7;IL10RA;C3;CMPK2;LEP;RUNX3;DGKG;PCK1;ANGPT1;PTPRR;ERG;LIPH;FGF1;PIPSL;FITM1;GUCY2D;GCKR;LTA;CKMT2;TNS2;KYNU;HKDC1;CALCA;SFN;ACSL6;PLD6;SIRT4;TNFRSF18;SULT1A2;TRIM63;BAAT;FLT4;GPD1;ANGPT4;LIPE;DUSP13B;PTPRH;LTF;EGF;PLA2G4C;FGF16;KMO;IL11;NTRK2;GCK;DLG2;CDK5R2;FGF18;PLPPR4;ABCA8;CHRM5;CD300A;ACOT2;PI4KAP2;FAM3A;AMPD3;RNASEL;MYO3A;EPM2A;SULT1C4;ACOT1;PRR5L;CSNK2A3;STK33;LYN;TEC;FLT3;TENM1;SYK;NR1H3;TREX1;RSPO1;MYH7;MAP3K13;NUPR1;ACSS2;PGR;PLA2G4D;GPAT2;XYLB;ACOT9;PLPPR5;PLA2G3;ETNPPL;SYNJ2;CHP2;MAPK15;NUDT14;ENPP6;HMGCS1;OXSM;STK26;SGK2;FABP3;PRKX;NUDT18;MVD;NIBAN1;THPO;CBFA2T3;GADD45A;SIRT2;IRAK4;FGGY;DUSP5;SULT1A1;EPHB2;DOK7;DGKK;LRRK2;PITPNM1;PHEX;LCP2;TNFRSF1B;TMEM86B;SIK2;PRPS1;PPP2R2A;PLCH2;PUDP;ZC3H12A;EPHA3;IMPDH1;LDHC;DAPK3;PCSK9;PRLR;RAP2C;ACSL4;ACP6;PPEF1;DUSP18;PICK1;PLD1;COL6A1;PTPRE;FIGNL1;HAAO;PRKAR1B;ACAT2;RB1;INPP5J;ACSF3;FGR;ENO4;DAPK1;PIGA;HSPA8;P2RY6;PTPRJ;FASN;NTSR1;CAPN2;SRD5A3;CCNE2;DUSP9;PTPRU;TRAF6;MAST1;FDFT1;PIGF;TREM2;RPS6KA4;CASK;MAPK8IP1;ACLY;DHRSX;SLC25A25;HSPA1A;GALE;STK38L;ZNF16;PTPN5;AJUBA;CDK9;PIBF1;CHEK1;RARRES2;VRK2;PLA2G4B;HDHD5;PSMD10;PFAS;CCNE1;ERBB2;BAD;DUSP1;PCYT2;OC90;IPPK;PDK3;KDM4D;LIF;NOCT;SLC2A6;ZFYVE28;PIK3R4;MATK;MAP3K1;SAMSN1;NME5;PTPN6;UQCC3;CAMK4;INPP5A;HMGCR;LDLR;LIPG;PLSCR1;NEK4;MVK;MGAT1;GUCA1A;SORD;CLIP3;PPCDC;NDUFA6;PKLR;NRG1;DMPK;IL34;PCYT1B;SYAP1;SLC19A3;DHX34;CADM4;PPA2;PIGH;HPRT1;ELOVL2"
"GOBP_PIECEMEAL_MICROAUTOPHAGY_OF_THE_NUCLEUS",0.96797520661157,1,-0.277504231420219,-0.628515633775434,3747,18,"SNX7;ATG7;ATG9B;ATG4A;ATG5;ATG13;ATG4C;RB1CC1;SNX30;ULK1;ATG4D;ATG12;ATG9A;ATG4B;ULK2;ULK3;ATG2A;ATG2B"
"GOBP_PIGMENT_METABOLIC_PROCESS",0.999664542099966,1,-0.215958147929283,-0.62719661759924,2979,68,"UGT1A6;ALAS2"
"GOBP_PLASMA_MEMBRANE_PHOSPHOLIPID_SCRAMBLING",0.997753440044931,1,-0.214301194365686,-0.536836902483433,3552,29,"XKR4;TRPC5;XRCC4;PLSCR4;ANO4;ANO7;PLSCR1;ATG9B;SERINC2"
"GOBP_PLATELET_ACTIVATING_FACTOR_METABOLIC_PROCESS",0.0678545277031975,1,-0.735092919828051,-1.43661352127318,277,10,"PLA2G10;PLA2G4C"
"GOBP_POLY_N_ACETYLLACTOSAMINE_METABOLIC_PROCESS",0.328717327332526,1,0.646926975510988,1.14408100868244,1898,8,"B3GNT4;B3GNT8;B3GNT3;B3GNT9"
"GOBP_POLYAMINE_METABOLIC_PROCESS",0.61924577373212,1,-0.388685349631643,-0.890475010475062,2380,19,"AZIN2;AOC1;SMOX;SMS;ODC1"
"GOBP_POLYKETIDE_METABOLIC_PROCESS",0.586637827445326,1,-0.481593968224823,-0.917451903666659,2440,9,"AKR1B10;SULT1C4"
"GOBP_POLYOL_METABOLIC_PROCESS",0.992289687456974,1,0.250454271595474,0.689800549037604,7206,100,"CYP3A4;IP6K3;MOGAT3;PTH1R;GALR2;DHFRP1;LHCGR;SGPP2;PLPP2;AVPR1B;SPHK1;SYNJ1;PTAFR;PPIP5K2;NUDT4B;CYP27A1;PLPP3"
"GOBP_POLYSACCHARIDE_METABOLIC_PROCESS",0.999634903249361,1,-0.214740723650091,-0.661094655337137,2737,100,"PRKAG3;PHKG1;NHLRC1;EGF;GCK;GYG2;EPM2A;COMT;GCGR"
"GOBP_PORPHYRIN_CONTAINING_COMPOUND_METABOLIC_PROCESS",0.998138957816377,1,-0.226389049358376,-0.617291806621103,3217,46,"ALAS2;ABCC2;FECH;CYP1A1;HMOX1;SRRD;HMBS;FXN;ABCB7"
"GOBP_POSITIVE_REGULATION_OF_ACROSOME_REACTION",0.864788732394366,1,-0.369180748751864,-0.66723301325929,3683,7,"PLA2G10"
"GOBP_POSITIVE_REGULATION_OF_ACUTE_INFLAMMATORY_RESPONSE",0.929266368656324,1,-0.295643434457503,-0.692240585132946,3533,21,"C3;CCR7;PTGS2;ZP3;PTGER3;NPY5R;TAC1"
"GOBP_POSITIVE_REGULATION_OF_ACUTE_INFLAMMATORY_RESPONSE_TO_ANTIGENIC_STIMULUS",0.75810650887574,1,-0.417487039499241,-0.776888670753068,3202,8,"C3;CCR7;ZP3"
"GOBP_POSITIVE_REGULATION_OF_ADAPTIVE_IMMUNE_RESPONSE",0.0526881720430108,1,0.464279232138317,1.29954991273101,391,114,"MR1;IL12B;CLEC7A;SLC11A1;CD226;RSAD2;XCL1;SASH3;HLA-H;FCGR1A;BTK;PTPRC;CLEC6A;CD1C;GATA3;FCER1G;ULBP1;IL6;FOXP3;HPX;TNFSF13;CARD9;P2RX7;HLA-G;PRKCQ;HLA-F;IL18;TNFSF4;HLA-A;B2M;HLA-DRA;MALT1"
"GOBP_POSITIVE_REGULATION_OF_AMIDE_METABOLIC_PROCESS",0.999364069952305,1,0.191234753164801,0.426415016624012,6285,25,"EFNA1;LRRTM3;GSAP;SP1;ABCA2;PDPR;IFNGR1;ABCG1;PRKCD;PDP1;SIRT3;CLU;ROCK2;NFE2L2;CHRNA7;RELA;SPHK2;APOE;EPHA4;PLA2G6;CASP3;GSK3A;SLC2A13;PICALM;CCN1"
"GOBP_POSITIVE_REGULATION_OF_AMINE_METABOLIC_PROCESS",0.512539184952978,1,0.580081810232668,0.997266412026411,2942,7,"NPY;PAOX;GPR37"
"GOBP_POSITIVE_REGULATION_OF_ATP_DEPENDENT_ACTIVITY",0.413350657787884,1,0.49120273894893,1.03899985657872,2544,19,"FGF10;ATP2A1;DNAJC24;TNNT2;RGN;TOR1AIP1"
"GOBP_POSITIVE_REGULATION_OF_AUTOPHAGY",1,1,-0.138829258764638,-0.451024294924198,2293,156,"IRGM;SLC35D3;EPM2A;LRRK2;MID2;ZC3H12A;DAPK1;TRIM21;HMOX1;DHRSX;UBE2A;DEPDC5;BAD;ZDHHC19;BAG3;SNX7;STUB1;WDR45;GPSM1;HPSE;TPCN1;GSK3A;CCNY;CERS1;AMBRA1;PLEKHF1;HK2;PIP4K2C;TRIM32;PRKN;MUL1;GNAI3;TOMM7;SNX18;TRIM23;PIP4K2A;CSNK2A1;HIF1A;ELAVL1;PIP4K2B;SUPT5H;CDC37;VDAC1;TBK1;ATG5;ATG101;PIK3CB;HMGB1;UVRAG;BECN1;ATP5IF1;C9orf72;MOAP1;ATG13;TICAM1"
"GOBP_POSITIVE_REGULATION_OF_AUTOPHAGY_OF_MITOCHONDRION",0.302913688840022,1,-0.440005022011533,-1.08927510268396,1101,27,"IRGM;UBE2A;STUB1;CERS1;AMBRA1;HK2;PRKN;MUL1;TOMM7;CDC37;VDAC1"
"GOBP_POSITIVE_REGULATION_OF_AXON_EXTENSION",0.440469031870114,1,0.420176105242874,1.0120377176065,2929,39,"POU4F2;ISLR2;NGF;NTN1;NRP1;DSCAM;FN1;NTRK3;L1CAM;SEMA7A;MACF1;CDKL5;GOLGA4;MEGF8;CDH4"
"GOBP_POSITIVE_REGULATION_OF_AXON_EXTENSION_INVOLVED_IN_AXON_GUIDANCE",0.620341344479275,1,0.528193585530837,0.908061091738811,3561,7,"NRP1;DSCAM;MEGF8;VEGFA;CXCL12"
"GOBP_POSITIVE_REGULATION_OF_AXONOGENESIS",0.978060863411182,1,0.263070491153272,0.701278753847085,6909,77,"POU4F2;SHOX2;ISLR2;NGF;NTN1;PLXNC1;NIN;SLITRK1;NRP1;DSCAM;FN1;NEFL;NTRK3;L1CAM;ROBO1;SLIT2;WNT3;AMIGO1;SEMA7A;MACF1;ROBO2;CDKL5;MAP2K1;GOLGA4;ZEB2;MEGF8;CDH4;PLXNB2"
"GOBP_POSITIVE_REGULATION_OF_CALCIUM_ION_DEPENDENT_EXOCYTOSIS",0.935725938009788,1,0.313473994694837,0.655420268770655,5735,18,"RPH3A;CACNA1B;HYAL3;DOC2A"
"GOBP_POSITIVE_REGULATION_OF_CALCIUM_ION_IMPORT",0.952947396246365,1,-0.280380691530081,-0.672836314749293,3604,23,"UCN"
"GOBP_POSITIVE_REGULATION_OF_CALCIUM_ION_IMPORT_ACROSS_PLASMA_MEMBRANE",0.916738791760429,1,0.355691739361424,0.629035701637267,5295,8,"P2RX1;AKAP5;PPP3CC"
"GOBP_POSITIVE_REGULATION_OF_CALCIUM_ION_TRANSMEMBRANE_TRANSPORT",0.169506462984724,1,0.485986956594918,1.20941698518396,1153,47,"F2;F2RL3;XCL1;CXCL11;P2RX1;AKAP6;TRPC3;APLNR;P2RX7;P2RX3;P2RX2;PDPK1;CASQ1"
"GOBP_POSITIVE_REGULATION_OF_CALCIUM_ION_TRANSPORT",0.324396406513195,1,0.399265892361602,1.07234546333051,2310,81,"F2;F2RL3;XCL1;CRH;CACNA1D;CXCL11;CASR;CCL5;P2RX1;AKAP6;TRPC3;ATP2A1;TRPV3;CAMK2A;APLNR;TRPC6;P2RX7;P2RX3;P2RX2;PDPK1;CASQ1;CCL2;STRIT1;ANK2;GSTO1"
"GOBP_POSITIVE_REGULATION_OF_CALCIUM_ION_TRANSPORT_INTO_CYTOSOL",0.572683573678104,1,0.474908142558543,0.930222540282385,3454,13,"TRPC3;P2RX7;P2RX3;P2RX2;P2RX4;GRIN1;BAX;CAV1"
"GOBP_POSITIVE_REGULATION_OF_CALCIUM_MEDIATED_SIGNALING",0.249853458382181,1,0.449538214479051,1.13264815874525,1704,51,"CLEC7A;ZAP70;CD3E;AKAP6;PTPRC;CALCR;IAPP;CDH13;P2RX3;P2RX2;GRM5;PLCG2;GPR62;PCP4;ADA"
"GOBP_POSITIVE_REGULATION_OF_CARBOHYDRATE_METABOLIC_PROCESS",0.683844406587166,1,0.335298177467125,0.888018336501448,4816,73,"ZBTB20;HTR2A;PTH1R;GAPDHS;PPP1R3G;LHCGR;AVPR1B;SLC4A4;ACTN3;P2RX7;PPP1R3E"
"GOBP_POSITIVE_REGULATION_OF_CENTROSOME_DUPLICATION",0.914454277286136,1,-0.336768041831674,-0.569809631626131,4029,5,"CEP120;NPM1;CEP295;ROCK2;POC1A"
"GOBP_POSITIVE_REGULATION_OF_CHOLESTEROL_METABOLIC_PROCESS",0.204575335261636,1,-0.506846719581937,-1.18676699308385,777,21,"CES1;FGF1;SREBF1;KPNB1;ABCG4;SREBF2;GNAI1;APOE"
"GOBP_POSITIVE_REGULATION_OF_COLLAGEN_METABOLIC_PROCESS",0.211315789473684,1,-0.496981324731884,-1.17812712340124,802,22,"UCN;SERPINB7;RGCC;VSIR;IHH"
"GOBP_POSITIVE_REGULATION_OF_CYTOKINE_PRODUCTION",0.891044439431536,1,0.278619122703135,0.864977311220289,7899,424,"ORM1;HAVCR2;CD274;ZBTB20;IL12B;TIGIT;CLEC7A;FCGR3A;SLC11A1;NLRC4;CD226;SAA1;NOX1;HTR2A;CD3E;IL7;FCGR2C;C5AR1;APOA2;RSAD2;XCL1;SCIMP;GATA4;SERPINF2;DUOX1;PSMB9;SASH3;TRIM15;STING1;IL15;LTB;FCGR1A;BTK;OAS1;AIRE;PTPRC;CLEC6A;NFAM1;IFIH1;CD36;NAIP;CD34;AZU1;PYDC1;TLR5;IL32;GATA3;BTN3A2;EGR1;TLR6;SPON2;ADRA2A;FCER1G;RFTN1;TWIST1;IRF8;IL17RB;FCGR2A;SPHK1;IRF5;IL6;WNT5A;NFATC4;CADM1;FOXP3;TLR7;PDE4B;TMIGD2;CARD9;RAB7B;PSMB8;MCOLN2;IDO1;P2RX7;IL1A;NMB;HLA-G;CCBE1;RIGI;PTPN22;HMSD;PRKCQ;GPSM3;F2RL1;LGALS9;HLA-F;IL18;CCDC88B"
"GOBP_POSITIVE_REGULATION_OF_CYTOKINE_PRODUCTION_INVOLVED_IN_IMMUNE_RESPONSE",0.546287022463872,1,0.364311212187057,0.95240833684275,3817,66,"CLEC7A;CD226;HTR2A;RSAD2;XCL1;SCIMP;SASH3;CD36;GATA3;SPON2;FCER1G;IRF5;IL6;WNT5A;HLA-G;RIGI;F2RL1;HLA-F;IL18;TNFSF4;HLA-A;B2M;MALT1;PLCG2"
"GOBP_POSITIVE_REGULATION_OF_CYTOKINE_PRODUCTION_INVOLVED_IN_INFLAMMATORY_RESPONSE",0.949039487726788,1,-0.28326585739027,-0.684892128679395,3556,24,"TLR4;CD6"
"GOBP_POSITIVE_REGULATION_OF_CYTOKINESIS",0.472053462940462,1,-0.366910762284922,-0.979001750661333,1553,41,"OR2A4;SSTR5;CXCR5;DRD3;PRKCE"
"GOBP_POSITIVE_REGULATION_OF_CYTOSOLIC_CALCIUM_ION_CONCENTRATION",0.549953929182572,1,0.337931087256228,0.960861602649022,4177,134,"ADRA1B;SAA1;CXCR6;HTR2A;CXCL8;CX3CR1;GPR6;C5AR1;TACR1;AVPR1A;CCR4;GNAT2;NPFF;GALR2;GIPR;ADRA1D;TRPC3;CCR8;ACKR2;ADCY8;CAV3;CALCR;CD36;GALR1;AVPR1B;CACNB3;TRPC6;ADCY5;ACKR3;P2RX7;NMB;PTGDR;P2RX3;NPY2R;F2RL1;P2RX2;CXCR4;GRM5;JPH4;CCL2"
"GOBP_POSITIVE_REGULATION_OF_DENDRITE_DEVELOPMENT",0.551901336073998,1,-0.428547894019904,-0.9292181602127,2147,15,"ALK;KHDC3L"
"GOBP_POSITIVE_REGULATION_OF_DENDRITIC_CELL_ANTIGEN_PROCESSING_AND_PRESENTATION",0.665594280607685,1,0.544590109973566,0.877195610662076,3723,5,"SLC11A1;NOD2;CD74"
"GOBP_POSITIVE_REGULATION_OF_DENDRITIC_CELL_CHEMOTAXIS",0.772300469483568,1,-0.420439150073995,-0.759874077791089,3289,7,"CCR7"
"GOBP_POSITIVE_REGULATION_OF_DENDRITIC_CELL_CYTOKINE_PRODUCTION",0.203069657615112,1,0.653734568183711,1.23657052610773,1203,11,"CLEC7A;SCIMP;RIGI;PLCG2"
"GOBP_POSITIVE_REGULATION_OF_DENDRITIC_CELL_DIFFERENTIATION",0.997880233174351,1,0.231082743771147,0.384280473830692,5648,6,"LGALS9;AGER;HMGB1;LGALS3;ZBTB46;LGALS1"
"GOBP_POSITIVE_REGULATION_OF_DENDRITIC_SPINE_DEVELOPMENT",0.89672131147541,1,0.30663030008182,0.745697315412997,6016,41,"IL1RAPL1;CPEB3"
"GOBP_POSITIVE_REGULATION_OF_DENDRITIC_SPINE_MAINTENANCE",0.0361227082955164,1,0.904692727736813,1.40047548561569,198,4,"ZNF804A;NEDD9"
"GOBP_POSITIVE_REGULATION_OF_DENDRITIC_SPINE_MORPHOGENESIS",0.603498542274053,1,0.426005534832842,0.909068424634788,3725,20,"IL1RAPL1;CAPRIN2"
"GOBP_POSITIVE_REGULATION_OF_DNA_METABOLIC_PROCESS",1,1,0.120610616558674,0.36467580592007,8364,276,"FGF10;GATA5;HTR2A;WAS;PTPRC;EYA2;IL6;PKIB;SMOC2;DPF3;TNFSF13;SMARCA2"
"GOBP_POSITIVE_REGULATION_OF_ENDOPLASMIC_RETICULUM_UNFOLDED_PROTEIN_RESPONSE",0.982761478534726,1,0.266266764347364,0.521547903115692,5928,13,"ERN1;BBC3;PIK3R1;ATF6;BAX;PTPN2"
"GOBP_POSITIVE_REGULATION_OF_ESTABLISHMENT_OF_PROTEIN_LOCALIZATION_TO_MITOCHONDRION",0.968191457134202,1,0.276245627819117,0.659272857581791,6391,37,"GZMB;RHOU;BBC3"
"GOBP_POSITIVE_REGULATION_OF_EXCITATORY_POSTSYNAPTIC_POTENTIAL",0.165666952299343,1,-0.474496190890624,-1.21359554526761,579,32,"RELN;SHANK1;NETO1;RIMS1;GRIN2C;PRKAR1B;GRIN2A;GRIN2B"
"GOBP_POSITIVE_REGULATION_OF_EXECUTION_PHASE_OF_APOPTOSIS",0.418866080156403,1,0.50226000772704,1.03665008748856,2570,17,"HTR2A;CASP8;PTGIS"
"GOBP_POSITIVE_REGULATION_OF_FATTY_ACID_METABOLIC_PROCESS",0.938650306748466,1,0.296084489129225,0.697183345099193,6119,34,"APOA5;AVPR1A;ABCD2;TWIST1;PPARG;KAT2B;MLXIPL"
"GOBP_POSITIVE_REGULATION_OF_FERROPTOSIS",0.922614756068253,1,-0.322432090505131,-0.614243438985633,3838,9,"TMEM164;ACSL4;HSPA8;DHCR7"
"GOBP_POSITIVE_REGULATION_OF_GLUCOSE_METABOLIC_PROCESS",0.72108635947513,1,-0.322581624295165,-0.863771542240858,2362,42,"PRKAG3"
"GOBP_POSITIVE_REGULATION_OF_GLUTAMATE_RECEPTOR_SIGNALING_PATHWAY",0.993030521509253,1,-0.225456642953278,-0.429502111569673,4131,9,"EPHB2;NLGN3;NECAB2;ADRB2;SHANK3;FOLH1;PRNP;IFNGR2;CCL2"
"GOBP_POSITIVE_REGULATION_OF_GLUTAMATE_SECRETION",0.780505769702922,1,-0.385163217962725,-0.77447242991735,3178,11,"AVP;KMO;SYT4;NTSR1"
"GOBP_POSITIVE_REGULATION_OF_GLYCOGEN_METABOLIC_PROCESS",0.950081566068515,1,0.304059104434422,0.635735350693369,5823,18,"PPP1R3G;PPP1R3E;PHKA1;EPM2AIP1;INSR;IRS2;DYRK2"
"GOBP_POSITIVE_REGULATION_OF_GLYCOPROTEIN_METABOLIC_PROCESS",0.473438714692926,1,-0.443612487617509,-0.977061078886621,1826,16,"CCR7;MUSTN1"
"GOBP_POSITIVE_REGULATION_OF_HORMONE_METABOLIC_PROCESS",0.253682487725041,1,0.584726813564833,1.17748009573272,1549,15,"WNT4;NR5A2;PAX8;GATA3;EGR1;POMC;DAB2;HPN"
"GOBP_POSITIVE_REGULATION_OF_HUMORAL_IMMUNE_RESPONSE",0.385235575711766,1,-0.502163860606709,-1.05661595654339,1528,13,"PGC;FCGR2B;C3;CCR7;LTA"
"GOBP_POSITIVE_REGULATION_OF_HUMORAL_IMMUNE_RESPONSE_MEDIATED_BY_CIRCULATING_IMMUNOGLOBULIN",0.923035033581412,1,0.383291680452773,0.59334024233553,5084,4,"PTPRC;HPX"
"GOBP_POSITIVE_REGULATION_OF_IMMUNE_EFFECTOR_PROCESS",0.530007409236849,1,0.328243565190865,0.973977684998924,4291,214,"MR1;ARG1;CFB;KLK3;IL12B;CLEC7A;CD226;HTR2A;PLA2G5;IL2RG;RSAD2;XCL1;SCIMP;SH2D1A;SASH3;HLA-DMB;ITGAM;ITGB2;HLA-H;FCGR1A;BTK;PTPRC;CD36;CD1C;MZB1;GATA3;CD37;SPON2;FCER1G;MASP1;ULBP1;IRF5;POMC;IL6;WNT5A;CADM1;FOXP3;HPX;TNFSF13;SPI1;COLEC11;P2RX7;HLA-G;RIGI;DDX60;C4B;F2RL1;LGALS9;HLA-F;IL18;TNFSF4;HLA-A;B2M;MASP2;HLA-DRA;MALT1;GAB2;PLCG2"
"GOBP_POSITIVE_REGULATION_OF_IMMUNE_RESPONSE",0.962607861936721,1,0.265620743812172,0.841092524691351,9035,655,"MR1;CD22;HAVCR2;CD274;CFB;KLK3;GFI1;IL12B;CLEC7A;ZAP70;SLC11A1;NLRC4;CD226;HLA-DRB5;CD3E;GBP1;BLNK;PLA2G5;A2M;C8G;FYB1;C5AR1;RSAD2;XCL1;SCIMP;SH2D1A;FYB2;TRAC;SASH3;HLA-DMB;TRIM15;ITGAM;CD8A;MYO1G;ITGB2;CASR;HLA-H;CCL5;PARP9;STING1;LPXN;SLA2;IL15;FCGR1A;BTK;MEF2C;OAS1;PTPRC;BTN2A3P;CLEC6A;NFAM1;IFIH1;CD36;NAIP;PYDC1;TLR5;CD1C;CEACAM1;LRRC19;GATA3;BTN3A2;TMIGD3;BANK1;TLR6;FCER1G;RFTN1;BTN3A3;MASP1;CACNB3;LIPA;ULBP1;IRF5;IL6;WNT5A;CADM1;FOXP3;HPX;TLR7;TNFSF13;PDE4B;SPI1;CARD9;ERMAP;NMI;PRKCB;RAB7B;MOG;COLEC11;PVRIG;IDO1;CCDC92;P2RX7;HLA-G;RIGI;CD79B;PTPN22;HMSD;RC3H1;PRKCQ;DDX60;C4B;F2RL1;LGALS9;HLA-F;IL18;TNFSF4;HLA-A;B2M;MASP2;PDPK1;SLC46A2;HLA-DQB1;FOSL1"
"GOBP_POSITIVE_REGULATION_OF_IMMUNE_SYSTEM_PROCESS",0.960751910762239,1,0.268153550250798,0.858273930662537,9301,945,"MR1;CD22;ARG1;HAVCR2;FGF10;CD274;CFB;LYVE1;KLK3;GFI1;IL12B;EGR3;CLEC7A;FCGR3A;ZAP70;SLC11A1;NLRC4;CD226;HLA-DRB5;SIRPG;HTR2A;CD209;CD3E;GBP1;BLNK;PLA2G5;POU4F2;CXCL8;A2M;SIRPB1;IL7;C8G;FYB1;VCAM1;CX3CR1;IL2RG;C5AR1;CLEC4D;RSAD2;XCL1;SCIMP;TACR1;SH2D1A;FYB2;TRAC;SASH3;HLA-DMB;TRIM15;ITGAM;CD8A;MYO1G;ITGB2;CASR;HLA-H;CCL5;PARP9;STING1;LPXN;SLA2;IL15;FCGR1A;BTK;MEF2C;OAS1;PTPRC;BTN2A3P;CLEC6A;NFAM1;PIK3R6;IFIH1;CD36;NAIP;PYDC1;TLR5;CD1C;NR5A2;CEACAM1;IL2RB;MZB1;LRRC19;GATA3;BTN3A2;CD37;TMIGD3;MPL;BANK1;TLR6;SPON2;FCER1G;RFTN1;BTN3A3;MASP1;CACNB3;LIPA;ULBP1;ID2;IRF5;POMC;IL6;WNT5A;CADM1;FOXP3;HPX;FAM3D;TLR7;TNFSF13;ITGB3;PDE4B;TMIGD2;SMARCA2;SPI1;MADCAM1;CARD9;ERMAP;NMI;PRKCB;RAB7B;MOG;COLEC11;PVRIG;SH3KBP1;IDO1;CCDC92;P2RX7;IL1A;MAP3K8;HES1;HLA-G;RIGI;CD79B;PTPN22;FLT3LG;ITGA2;HMSD;RC3H1;PRKCQ;DDX60;BCL6;C4B;TNFRSF13C;GPSM3;F2RL1;LGALS9;HLA-F;IL18;CCDC88B;DPP4;PRKCA"
"GOBP_POSITIVE_REGULATION_OF_INFLAMMASOME_MEDIATED_SIGNALING_PATHWAY",0.878888888888889,1,-0.306980956744174,-0.764399236183862,3163,28,"TLR4"
"GOBP_POSITIVE_REGULATION_OF_INFLAMMATORY_RESPONSE",0.990385881733175,1,0.251572787050363,0.714725759969491,7519,132,"IL12B;GBP3;NLRC4;HTR2A;GBP1;GPR4;NKG7;CCL5;CREB3L3;IL15;FCGR1A;BTK;NAIP;CASP4;TLR6;FCER1G;IL17RB;IL6;WNT5A;TLR7;NMI;IDO1;IL1A;MAP3K8;GPSM3;IL18;TNFSF4;NLRP12;TNFRSF11A;PLCG2;PDCD4;MAPK13;TSLP"
"GOBP_POSITIVE_REGULATION_OF_INFLAMMATORY_RESPONSE_TO_ANTIGENIC_STIMULUS",0.554382519027744,1,-0.462177375173011,-0.929329744144222,2257,11,"C3;CCR7;LTA;ZP3"
"GOBP_POSITIVE_REGULATION_OF_INHIBITORY_POSTSYNAPTIC_POTENTIAL",0.712910798122066,1,-0.449879528880383,-0.813082682868393,3036,7,"RIMS1;NTSR1"
"GOBP_POSITIVE_REGULATION_OF_INTERFERON_ALPHA_PRODUCTION",0.126619085381972,1,-0.540391653711281,-1.29679089818981,478,23,"TLR4;NMBR"
"GOBP_POSITIVE_REGULATION_OF_INTERFERON_BETA_PRODUCTION",0.982685297691373,1,-0.251837232048404,-0.67195927838616,3234,41,"TLR4;TRADD;TLR2"
"GOBP_POSITIVE_REGULATION_OF_IRE1_MEDIATED_UNFOLDED_PROTEIN_RESPONSE",0.831220657276995,1,-0.390208878057295,-0.705237871657524,3540,7,"BCL2L11;BAK1"
"GOBP_POSITIVE_REGULATION_OF_LIPID_BIOSYNTHETIC_PROCESS",0.996217957697156,1,0.241955829561701,0.65195988691389,7111,84,"ZBTB20;APOA5;HTR2A;AVPR1A;ABCD2;WNT4;NR5A2"
"GOBP_POSITIVE_REGULATION_OF_LIPID_CATABOLIC_PROCESS",0.745442916533419,1,0.371226903124893,0.820855054048364,4661,24,"APOA5;APOA2;ABCD2;TWIST1;PNPLA2;CLSTN3"
"GOBP_POSITIVE_REGULATION_OF_LIPID_LOCALIZATION",0.264855072463768,1,-0.353051833811918,-1.07644209389345,730,93,"PON1;PLA2G10;ACSL5;CYP19A1;PRAP1;OXT;CES1;GHRL;C3;ABCA13;SPP1;ABCA8;ABCB4;NR1H3;PLA2G3;FABP3;XRCC4;PLIN5;ZC3H12A;NFKB1;ABCA5;NTSR1;TAC1"
"GOBP_POSITIVE_REGULATION_OF_LIPID_METABOLIC_PROCESS",0.992436305732484,1,-0.239732775106278,-0.751045400010571,2492,118,"ANGPTL3;AVP;ADGRF5;CES1;PCK1;FGF1;PTGS2;ADM;SIRT4;HSD17B13;SCT;PRKCE;NR1H3;DISP3;STAR;PLA2G3;FABP3;SIRT2"
"GOBP_POSITIVE_REGULATION_OF_LIPID_STORAGE",0.757347204161248,1,-0.353318803211651,-0.809450537019463,2911,19,"PLA2G10;C3"
"GOBP_POSITIVE_REGULATION_OF_LIPID_TRANSPORT",0.161389172625128,1,-0.391254391655916,-1.16103143875512,473,77,"PON1;PLA2G10;ACSL5;CYP19A1;PRAP1;OXT;CES1;GHRL;ABCA13;SPP1;ABCA8;ABCB4;NR1H3;PLA2G3;FABP3;XRCC4;NFKB1;ABCA5;NTSR1;TAC1"
"GOBP_POSITIVE_REGULATION_OF_LONG_TERM_NEURONAL_SYNAPTIC_PLASTICITY",0.985618900873138,1,0.259143964393202,0.469560463117953,5756,9,"GRM5;NPTN;KIT"
"GOBP_POSITIVE_REGULATION_OF_LONG_TERM_SYNAPTIC_DEPRESSION",0.914663880181122,1,0.363170429230361,0.624356193426209,5251,7,"ADCY8;APP"
"GOBP_POSITIVE_REGULATION_OF_LONG_TERM_SYNAPTIC_POTENTIATION",0.994211287988423,1,0.239847426038417,0.526176006985638,6182,23,"SLC18A3;ADCY8;NRGN;MME;ADCY1"
"GOBP_POSITIVE_REGULATION_OF_MACROAUTOPHAGY",1,1,-0.15609872947224,-0.476487530932414,2748,94,"IRGM;EPM2A;HMOX1;UBE2A;ZDHHC19;BAG3;SNX7;STUB1;WDR45;GPSM1;CERS1;AMBRA1;HK2;PIP4K2C;TRIM32;PRKN;MUL1;GNAI3;TOMM7;SNX18;PIP4K2A;CSNK2A1;HIF1A;PIP4K2B;SUPT5H;CDC37;VDAC1;TBK1"
"GOBP_POSITIVE_REGULATION_OF_MACROPHAGE_CYTOKINE_PRODUCTION",0.651362631966609,1,-0.428206422829046,-0.861022167559942,2652,11,"TLR4;LAPTM5"
"GOBP_POSITIVE_REGULATION_OF_MIRNA_METABOLIC_PROCESS",1,1,-0.194281399932461,-0.551874251493392,3107,59,"WT1"
"GOBP_POSITIVE_REGULATION_OF_MITOCHONDRIAL_CALCIUM_ION_CONCENTRATION",0.906351652114364,1,0.358845493159478,0.650216401336241,5293,9,"ATP2A1;MICU2"
"GOBP_POSITIVE_REGULATION_OF_MITOCHONDRIAL_DEPOLARIZATION",0.188165680473373,1,-0.688940360564907,-1.28202772854792,794,8,"MYOC"
"GOBP_POSITIVE_REGULATION_OF_MITOCHONDRIAL_FISSION",0.148566920851959,1,-0.536974948281994,-1.25731137267617,564,21,"IRGM;MIEF2;SPIRE1;VPS35;PGAM5;PRKN;MUL1;MIEF1"
"GOBP_POSITIVE_REGULATION_OF_MITOCHONDRIAL_FUSION",0.494667574313592,1,-0.597839652623146,-1.01154132791186,2179,5,"PLD6;PRKN;MIEF1"
"GOBP_POSITIVE_REGULATION_OF_MITOCHONDRIAL_MEMBRANE_PERMEABILITY",0.92483660130719,1,-0.282035587300526,-0.744733988428604,3112,38,"BCL2L11;BID;PPIF;LRRK2;HSPA1A;BAK1;GSK3A;IER3;MUL1;SLC9A1;CASP6;SLC35F6;RHOT2;GCLC;RTL10;FZD9;ATP5IF1;SIVA1;BOK;BCL2L1;BNIP3;VDAC2"
"GOBP_POSITIVE_REGULATION_OF_MITOCHONDRIAL_MEMBRANE_POTENTIAL",0.396244131455399,1,-0.600492175183604,-1.08529007766784,1687,7,"BID;BAD;NDUFC2;PRKN;VCP;MFN1;MTLN"
"GOBP_POSITIVE_REGULATION_OF_MITOCHONDRIAL_OUTER_MEMBRANE_PERMEABILIZATION_INVOLVED_IN_APOPTOTIC_SIGNALING_PATHWAY",0.72506608988224,1,-0.424720712968457,-0.809106534444107,3016,9,"LRRK2;BAK1;GSK3A;ATP5IF1;SIVA1;BOK"
"GOBP_POSITIVE_REGULATION_OF_MITOCHONDRIAL_TRANSLATION",0.712487153134635,1,-0.38458699705639,-0.833897976943198,2772,15,"COA3;DDX3X;FASTKD3;MPV17L2;C1QBP;TACO1;TRMT10C;CDK5RAP1;RPUSD4;RMND1"
"GOBP_POSITIVE_REGULATION_OF_MITOTIC_CYTOKINESIS",0.862581399231925,1,0.370202292131374,0.713889523293107,5165,12,"WNK1;EXOC7;KIF20B;NUP62;RAB11A;BIRC5;ECT2;CDCA8;AURKB;INCENP;RAB11FIP3;ARF6"
"GOBP_POSITIVE_REGULATION_OF_MRNA_METABOLIC_PROCESS",1,1,0.109669130573735,0.31358043892876,7651,142,"PIWIL1;NANOS3;NANOS2;CELF3;ZC3H12C;CPEB3;SLC39A5;RC3H1;ZC3H12B;EIF4ENIF1;DCP1A;KHNYN;TNRC6C;METTL14;DCP1B;ZC3H12D"
"GOBP_POSITIVE_REGULATION_OF_MYELOID_LEUKOCYTE_CYTOKINE_PRODUCTION_INVOLVED_IN_IMMUNE_RESPONSE",0.83187946074544,1,-0.323860149809477,-0.777175020515222,3146,23,"TLR4"
"GOBP_POSITIVE_REGULATION_OF_NATURAL_KILLER_CELL_CYTOKINE_PRODUCTION",0.647777009905552,1,-0.498148210744353,-0.868841987912386,2811,6,"CD160;CLNK"
"GOBP_POSITIVE_REGULATION_OF_NATURAL_KILLER_CELL_MEDIATED_IMMUNE_RESPONSE_TO_TUMOR_CELL",0.446740858505564,1,0.638222443548046,1.06133594838615,2528,6,"IL12B;CD226"
"GOBP_POSITIVE_REGULATION_OF_NEUROBLAST_PROLIFERATION",0.335860622681078,1,0.508993702288172,1.09777822717821,2081,21,"CX3CR1;DCT;PAX6;FZD3;CX3CL1"
"GOBP_POSITIVE_REGULATION_OF_NEUROEPITHELIAL_CELL_DIFFERENTIATION",0.386854460093897,1,-0.605769569980567,-1.09482809405802,1647,7,"SERPINE1;BMP4;LEF1;BMP2"
"GOBP_POSITIVE_REGULATION_OF_NEUROGENESIS",1,1,-0.167738611088485,-0.561236741188207,1907,210,"WNT3A;WNT2;OPRM1;RELN;OLIG2;KHDC3L;PLXNB3;LTA"
"GOBP_POSITIVE_REGULATION_OF_NEUROINFLAMMATORY_RESPONSE",0.846345101939334,1,0.370042469385905,0.724817738500009,5105,13,"CCL5;IL6;IL18;PLCG2"
"GOBP_POSITIVE_REGULATION_OF_NEURON_APOPTOTIC_PROCESS",1,1,0.200523149678419,0.512882439739928,6897,56,"HTR2A;PITX3;ASCL1;CASP4"
"GOBP_POSITIVE_REGULATION_OF_NEURON_DIFFERENTIATION",0.296962879640045,1,0.406119153095045,1.08884483284386,2111,80,"MICOS10-NBL1;DLX1;NKX2-5;PROX1;NEUROG1;MMD2;VWC2;MEF2C;ASCL1;NGF;FEZF1;GDF7;BRINP2;NEUROG3;CYB5D2;DKK1"
"GOBP_POSITIVE_REGULATION_OF_NEURON_MIGRATION",0.0782586162218191,1,-0.639752205275102,-1.40906082978696,301,16,"RELN"
"GOBP_POSITIVE_REGULATION_OF_NEURON_PROJECTION_ARBORIZATION",0.888177254630431,1,0.378103605218183,0.668670762573787,5130,8,"WNT5A;GRIP1;DLG4;FZD4;DVL2;DVL3"
"GOBP_POSITIVE_REGULATION_OF_NEURON_PROJECTION_DEVELOPMENT",1,1,0.192560811872674,0.551849605645958,7666,146,"IL1RAPL1;ZNF804A;LTK;RIT2;BMP5;NGF;STMN2;LRRC7;WNT5A;DDR2;ATP1B2;KAT2B;NTRK3;CAPRIN2;COBL;RETREG3;AVIL;FEZ1;ARSB"
"GOBP_POSITIVE_REGULATION_OF_NEURON_PROJECTION_REGENERATION",0.991079812206573,1,-0.234244626446726,-0.423358337270441,4221,7,"SCARF1;BRAF;CNTF;GRN;PUM2;PTN;NTRK3"
"GOBP_POSITIVE_REGULATION_OF_NEUROTRANSMITTER_SECRETION",0.726757369614512,1,0.38796162730265,0.827885171701247,4486,20,"SLC18A3;BGLAP;CACNA1B;GPR158;NLGN1;SYT1"
"GOBP_POSITIVE_REGULATION_OF_NEUROTRANSMITTER_TRANSPORT",0.443987341772152,1,0.452567574661592,1.01715572575908,2805,26,"SLC17A8;SLC18A3;BGLAP;CACNA1B;DRD4"
"GOBP_POSITIVE_REGULATION_OF_NEUROTRANSMITTER_UPTAKE",0.30718954248366,1,0.704543545569543,1.17162503399193,1738,6,"SLC17A8;DRD4"
"GOBP_POSITIVE_REGULATION_OF_NEUROTROPHIN_TRK_RECEPTOR_SIGNALING_PATHWAY",0.944950848972297,1,0.340612864777577,0.548640352525735,5286,5,"TMEM108;CYFIP1;CYFIP2;PPP2R5B;WASF1"
"GOBP_POSITIVE_REGULATION_OF_NUCLEOTIDE_METABOLIC_PROCESS",0.126045309411586,1,0.535298301779291,1.27218883789341,828,36,"ZBTB20;GUCA1ANB-GUCA1A;HTR2A;GAPDHS;SLC4A4;P2RX7;PID1;MLXIPL"
"GOBP_POSITIVE_REGULATION_OF_OLIGODENDROCYTE_DIFFERENTIATION",0.959427828348505,1,-0.282704516587854,-0.647673774194194,3688,19,"OLIG2;TNFRSF1B;IL34;ZNF365"
"GOBP_POSITIVE_REGULATION_OF_OXIDATIVE_STRESS_INDUCED_INTRINSIC_APOPTOTIC_SIGNALING_PATHWAY",0.164618314003808,1,0.723335581660495,1.2792085246227,950,8,"NOX1;MMP2;ADCY10"
"GOBP_POSITIVE_REGULATION_OF_PEPTIDYL_SERINE_PHOSPHORYLATION",0.400470219435737,1,-0.445790402400982,-1.03208615339518,1532,20,"IRGM;IL11;TENM1"
"GOBP_POSITIVE_REGULATION_OF_PEPTIDYL_TYROSINE_PHOSPHORYLATION",0.665431915839384,1,0.359863115346443,0.884641224193246,4490,44,"FGF10;ERBB4;IL2RG;IL31RA;PARP9;IL15;SRCIN1;IL10RB;BANK1;PARP14;IL6;HES1;CTF1;IL18"
"GOBP_POSITIVE_REGULATION_OF_PHOSPHOLIPID_BIOSYNTHETIC_PROCESS",0.830508474576271,1,0.402399582509364,0.729134999396978,4850,9,"HTR2A;CHP1"
"GOBP_POSITIVE_REGULATION_OF_PHOSPHOLIPID_METABOLIC_PROCESS",0.866755718817833,1,0.369003113472377,0.711577054949687,5190,12,"HTR2A;TAFAZZIN"
"GOBP_POSITIVE_REGULATION_OF_PHOSPHOLIPID_TRANSPORT",0.445200302343159,1,-0.47683282266178,-1.00331626497243,1766,13,"PRAP1;ABCB4;XRCC4"
"GOBP_POSITIVE_REGULATION_OF_PHOSPHORUS_METABOLIC_PROCESS",0.963908346194942,1,0.265607320497438,0.805831430928404,8118,289,"FGF10;DIRAS2;ZBTB20;GUCA1ANB-GUCA1A;HTR2A;ERBB4;IL2RG;MMD2;IL31RA;PTH1R;GAPDHS;PARP9;IL15;LTB;ARHGEF5;PTPRC;ARRB1;WEE2;ADCY8;PIK3R6;SRCIN1;ANG;LHCGR;RIPK3;AREG;IL10RB;AVPR1B;BANK1;SLC4A4;TLR6;TBX1;PARP14;NRP1;IL6;WNT5A;CARD14;DSCAM;DDR2;P2RX7;HES1;AGAP2"
"GOBP_POSITIVE_REGULATION_OF_POTASSIUM_ION_IMPORT_ACROSS_PLASMA_MEMBRANE",0.602859696157283,1,0.579900177236152,0.934071112893336,3372,5,"ATP1B2;ANK2;ATP1B1;ATP1B3"
"GOBP_POSITIVE_REGULATION_OF_PRODUCTION_OF_MOLECULAR_MEDIATOR_OF_IMMUNE_RESPONSE",0.54759978425027,1,0.344258797018806,0.960344564968645,4060,110,"KLK3;CLEC7A;CD226;HTR2A;IL2RG;RSAD2;XCL1;SCIMP;SASH3;BTK;PTPRC;CD36;MZB1;GATA3;CD37;SPON2;FCER1G;IRF5;IL6;WNT5A;HPX;TNFSF13;HLA-G;RIGI;F2RL1;HLA-F;IL18;TNFSF4;HLA-A;B2M;MALT1;PLCG2"
"GOBP_POSITIVE_REGULATION_OF_PROSTAGLANDIN_BIOSYNTHETIC_PROCESS",0.575384615384615,1,-0.498215415543294,-0.927113599488925,2430,8,"AVP;PTGS2;PLA2G3"
"GOBP_POSITIVE_REGULATION_OF_PROTEIN_LOCALIZATION_TO_CENTROSOME",0.722396377568791,1,0.477569051831888,0.821028286724272,4147,7,"CEP250;PARD6A;MARK4;GSK3B;NUP62;BICD1"
"GOBP_POSITIVE_REGULATION_OF_PROTEIN_LOCALIZATION_TO_SYNAPSE",0.707059874888293,1,0.519037467802084,0.836036828776135,3955,5,"WNT5A;CLSTN3;NLGN2"
"GOBP_POSITIVE_REGULATION_OF_PROTEIN_METABOLIC_PROCESS",1,1,0.145865872161924,0.463786312717668,9509,748,"SOX17;FGF10;DIRAS2;IL12B;CDC20B;NLRC4;CLEC3B;ERBB4;IL2RG;MMD2;ASB5;IL31RA;CCL5;PARP9;TF;FAM107A;IL15;LTB;INHBA;ARHGEF5;PTPRC;ARRB1;DAZL;ADCY8;PIK3R6;SRCIN1;CAV3;RBMS3;NGF;ASB9;RIPK3;AGBL4;SEMG1;IL10RB;BANK1;EGR1;TLR6;ADRA2A;TBX1;PRSS22;PARP14;SPHK1;IL6;WNT5A;CARD14;SLC51B;EFNA1;PRR16;CARD9;CPEB3;NMI;DAB2;DDR2;LRRTM3;CREBRF;HES1;AGAP2;CCBE1;RIGI;PTPN22;ITGA2;HPN;CTF1;SOX9;IL18;MAGEA2;STOX1"
"GOBP_POSITIVE_REGULATION_OF_PROTEIN_SERINE_THREONINE_KINASE_ACTIVITY",1,1,0.200473164522445,0.503082422651919,6805,50,"DIRAS2;ARHGEF5;PIK3R6;TLR6;WNT5A"
"GOBP_POSITIVE_REGULATION_OF_PROTEIN_TYROSINE_KINASE_ACTIVITY",0.256572769953052,1,-0.675550445620567,-1.2209454608995,1092,7,"CSF1R;LILRA5"
"GOBP_POSITIVE_REGULATION_OF_PYROPTOTIC_INFLAMMATORY_RESPONSE",0.0300268096514745,1,0.885292334088916,1.42597989826381,167,5,"GBP3;GBP1"
"GOBP_POSITIVE_REGULATION_OF_REACTIVE_OXYGEN_SPECIES_METABOLIC_PROCESS",0.933122847301952,1,0.284321749446911,0.739138853377507,6501,63,"CLEC7A;F2;ITGAM;ITGB2;FAS;CD36;RIPK3;TLR6;AKR1C1;RAB27A;F2RL1;AKR1C3;PLCG2;PID1"
"GOBP_POSITIVE_REGULATION_OF_RECEPTOR_CLUSTERING",0.868925990530775,1,-0.346473348203984,-0.714411447104899,3486,12,"MESD;CD81;LRP4;LARGE1;ZDHHC2;LAMA1;TNFAIP6;DAG1;SSH1;GIT1;LAMC1;LAMB1"
"GOBP_POSITIVE_REGULATION_OF_RELEASE_OF_CYTOCHROME_C_FROM_MITOCHONDRIA",1,1,-0.154349247874428,-0.361404317533669,3802,21,"BCL2L11;BID;BAD;BAK1;MLLT11;TP53;MOAP1;GPER1;FAM162A;BNIP3;MMP9;PINK1;PLAUR;PYCARD;PMAIP1;BAX;BMF;HRK;BIK;BBC3;TNFSF10"
"GOBP_POSITIVE_REGULATION_OF_RELEASE_OF_SEQUESTERED_CALCIUM_ION_INTO_CYTOSOL",0.193163751987281,1,0.546381130841017,1.21831997131734,1214,25,"F2;F2RL3;XCL1;CXCL11;AKAP6;APLNR;PDPK1;CASQ1;GSTO1"
"GOBP_POSITIVE_REGULATION_OF_RESPIRATORY_BURST",0.515549412577747,1,-0.566157162867191,-0.98745936299028,2237,6,"LBP;JCHAIN"
"GOBP_POSITIVE_REGULATION_OF_RESPONSE_TO_CYTOKINE_STIMULUS",0.929633867276888,1,0.285190383835847,0.744417196529502,6499,65,"GFI1;IL7;PARP9;STING1;LRRC70;IFIH1;CASP4;PARP14;WNT5A;HPX;CREBRF;RIGI;CXCR4;NLRC5;TSLP;GAS6"
"GOBP_POSITIVE_REGULATION_OF_RESPONSE_TO_TYPE_II_INTERFERON",0.769638332181525,1,-0.435386404937959,-0.759376389229782,3340,6,"IRGM"
"GOBP_POSITIVE_REGULATION_OF_RNA_METABOLIC_PROCESS",0.997381407996777,1,0.257334639786414,0.832134176700856,9902,1701,"PEG3;ZFY;SRY;SOX17;TAL1;EVX1;EBF2;SP100;BHLHE22;MYT1L;SHOX;FGF10;CD274;DLX1;HOXB2;EN2;SOX14;ADIRF;EGR3;GATA5;OSR1;NKX2-5;OLIG3;SLC11A1;HOXB1;PIWIL1;RAX2;EOMES;TFEC;POU4F2;TBX4;FOXE1;NR2E1;HSF4;ERBB4;TLX2;NANOS3;PROX1;NEUROG1;BHLHE23;FOXA2;IKZF3;TBX3;RIT2;XCL1;IL31RA;GATA4;BMP5;CDX1;TBX5;FOXC1;GATA6;LMX1B;PITX3;SERPINF2;SETSIP;HNF1B;MYRFL;GCM2;SP7;TRIM15;ZIC1;PDX1;TLX1;PAX5;NANOS2;TBX10;NR1I3;PARP9;ESR2;CREB3L3;EBF3;STING1;PAX7;SPDEF;GALR2;INHBA;BNC1;WAS;MEF2C;PHOX2A;AIRE;DMRT1;CDX4;FGF4;ASCL1;NR5A1;SIX3;FLI1;SOX21;ARRB1;MIXL1;RBPJL;RAX;POU3F3;WNT4;NR5A2;FGF23;PAX8;POU4F3;FEZF1;CARF;TFAP2E;GDNF;MSX1;GATA3;CDX2;MYF6;GALR1;RIPK3;SOX18;CELF3;MAFB;TBX6;EGR2;PLAGL1;EGR1;ZGLP1;KDM6B;POU3F2;ONECUT2;TWIST1;SOST;TBXT;DLL1;PITX2;IRF8;APLN;TBX1;HNF4A;GDF7;ZNF750;GRHL3;PAX6;FANK1;TFAP2C;TFEB;FOXF2;ID2;IRF5;MEOX2;POMC;IL6;ARID3C;LHX5;NEUROG3;CHD3;MLLT6;WNT5A;NFATC4;FOXD1;FOXP3;GBX2;NKX2-6;NFKB2;LHX1;TLR7;ZC3H12C;CDH13;ZBTB49;SMARCA2;SPI1;KMT2C;CPEB3;PRKCB;BMP3;DAB2;SLC39A5;RFX2;ALX1;IL1A;NPAS3;ZNF516;CREBRF;OTX1;HES1;TEF;PTCH1;RIGI;NFATC1;ASH1L;TET2;PPARG;ESRRB;ONECUT1;RC3H1;PRKCQ;JAG1;PLPP3;ARID4A;TRIM22"
"GOBP_POSITIVE_REGULATION_OF_SEQUESTERING_OF_CALCIUM_ION",0.983431952662722,1,-0.243828347304468,-0.453732601750934,4154,8,"NTSR1;RYR2;CALM2;CALM1;MTLN;FKBP1B;TGFB1;GSTO1"
"GOBP_POSITIVE_REGULATION_OF_SKELETAL_MUSCLE_ACETYLCHOLINE_GATED_CHANNEL_CLUSTERING",0.893427230046948,1,-0.346406736647826,-0.626072761075082,3805,7,"MESD;LRP4;LARGE1;LAMA1;DAG1;LAMC1;LAMB1"
"GOBP_POSITIVE_REGULATION_OF_SMALL_MOLECULE_METABOLIC_PROCESS",0.874967268918565,1,0.288919664567846,0.824583927826651,6682,140,"ZBTB20;APOA5;GUCA1ANB-GUCA1A;HTR2A;PTH1R;AVPR1A;GAPDHS;ABCD2;PPP1R3G;LHCGR;WNT4;AVPR1B;SLC4A4;TWIST1;ACTN3;DAB2;P2RX7;PPP1R3E;PPARG"
"GOBP_POSITIVE_REGULATION_OF_SPHINGOLIPID_BIOSYNTHETIC_PROCESS",0.738143862037667,1,-0.45873053422399,-0.776169482413299,3252,5,"CCN1;PLA2G6;SPHK2"
"GOBP_POSITIVE_REGULATION_OF_STEROID_METABOLIC_PROCESS",0.835565688230265,1,-0.313515720183417,-0.796432812616551,2931,31,"CES1;FGF1;ADM;STAR"
"GOBP_POSITIVE_REGULATION_OF_SYNAPSE_ASSEMBLY",0.62953995157385,1,0.347834410065707,0.912400775830379,4419,68,"IL1RAPL1;CBLN2;RTN4RL1;LRTM2;LRRC24;EPHB3;SYNDIG1;SLITRK1;SLITRK3;LRRTM1;LRRTM3;THBS2;RTN4RL2;PRKCA;ADGRB3;SLITRK4;SLITRK2;NTRK3;CLSTN3;LRRN3;SEMA4A;IL1RAP"
"GOBP_POSITIVE_REGULATION_OF_SYNAPSE_MATURATION",0.0610328638497653,1,-0.798213005168432,-1.44263770649443,259,7,"RELN"
"GOBP_POSITIVE_REGULATION_OF_SYNAPTIC_PLASTICITY",0.978257147748673,1,0.275897934668326,0.499918114162894,5713,9,"ADCY8;SSH1"
"GOBP_POSITIVE_REGULATION_OF_SYNAPTIC_TRANSMISSION",0.997404844290657,1,-0.233000063992597,-0.754513986984001,2305,152,"LGI1;RAPSN;CACNG2;RELN;OXT;SORCS3;DRD1;ADRA1A;KMO;PRKCE;NTRK2;GRIA3;CRHR2;TACR2;IQSEC2;GRIN2C;SHISA7;EPHB2;PRKAR1B;NALCN;GRIN2A;SLC7A10;TAC1;CACNG5;GRIN2B;CLSTN2;GRIK2;MICU3"
"GOBP_POSITIVE_REGULATION_OF_SYNAPTIC_TRANSMISSION_CHOLINERGIC",0.312619006404708,1,0.654997031790704,1.15835278660811,1805,8,"SLC18A3;TACR1;APP"
"GOBP_POSITIVE_REGULATION_OF_SYNAPTIC_TRANSMISSION_GABAERGIC",0.937767699672462,1,-0.307099327417708,-0.646175631199848,3721,13,"ADRA1A;PRKCE;NALCN;TAC1"
"GOBP_POSITIVE_REGULATION_OF_SYNAPTIC_TRANSMISSION_GLUTAMATERGIC",0.47,1,-0.394056003357732,-0.981220826122245,1691,28,"CACNG2;RELN;DRD1;KMO;IQSEC2;GRIN2C;GRIN2A;CACNG5;GRIN2B"
"GOBP_POSITIVE_REGULATION_OF_SYNAPTIC_VESICLE_EXOCYTOSIS",0.552636282394996,1,0.607718564175241,0.978879431061016,3091,5,"CACNA1B;NLGN1;SYT1;PPP3CA;SLC4A8"
"GOBP_POSITIVE_REGULATION_OF_SYNAPTIC_VESICLE_FUSION_TO_PRESYNAPTIC_ACTIVE_ZONE_MEMBRANE",0.920875143938148,1,0.334769964253094,0.664514500852385,5597,14,"RPH3A;DOC2A"
"GOBP_POSITIVE_REGULATION_OF_SYNAPTIC_VESICLE_RECYCLING",0.454225352112676,1,-0.571198688082348,-1.0323469550009,1934,7,"ABCA13;LRRK2;AP2M1"
"GOBP_POSITIVE_REGULATION_OF_T_CELL_CYTOKINE_PRODUCTION",0.546740858505564,1,0.424815590806856,0.947253280160522,3438,25,"RSAD2;XCL1;SASH3;GATA3;IL6;IL18;TNFSF4;HLA-A;B2M;MALT1"
"GOBP_POSITIVE_REGULATION_OF_T_CELL_MEDIATED_IMMUNE_RESPONSE_TO_TUMOR_CELL",0.022503029253938,1,0.837269070469872,1.48069825334638,129,8,"MR1;HLA-DRB1;SLC22A13"
"GOBP_POSITIVE_REGULATION_OF_T_HELPER_1_TYPE_IMMUNE_RESPONSE",0.359025360517156,1,0.558494944659261,1.09394752289758,2165,13,"IL12B;SLC11A1;XCL1;IL18"
"GOBP_POSITIVE_REGULATION_OF_T_HELPER_17_TYPE_IMMUNE_RESPONSE",0.0903436988543372,1,0.67791914061367,1.36514398873265,551,15,"IL12B;CLEC7A;CLEC6A;CARD9;PRKCQ;MALT1"
"GOBP_POSITIVE_REGULATION_OF_T_HELPER_2_CELL_CYTOKINE_PRODUCTION",0.0941665224164791,1,0.766952849105329,1.35634503186889,543,8,"RSAD2;XCL1;GATA3;IL6"
"GOBP_POSITIVE_REGULATION_OF_TRANSMEMBRANE_RECEPTOR_PROTEIN_SERINE_THREONINE_KINASE_SIGNALING_PATHWAY",1,1,0.216377815406361,0.597086318604373,7282,101,"GATA4;BMP5;CDH5;AMH;BMPER;INHBA;MSX1;FGF9;GDF7;MSX2;FOXD1;DAB2;HES1;KCP;ENG;CRB2;NODAL;SMAD4;ELAPOR2;KDR;ARK2C;TGFB1;HIPK2;SMAD3"
"GOBP_POSITIVE_REGULATION_OF_TRANSMISSION_OF_NERVE_IMPULSE",0.633333333333333,1,0.619630834923141,0.916674827342104,3457,3,"ITGA2;GBA1;CHRNB4"
"GOBP_POSITIVE_REGULATION_OF_TRIGLYCERIDE_METABOLIC_PROCESS",0.456878349845704,1,0.476806718761156,1.00854916539892,2812,19,"APOA5;PNPLA2"
"GOBP_POSITIVE_REGULATION_OF_TUMOR_NECROSIS_FACTOR_MEDIATED_SIGNALING_PATHWAY",0.937547795054805,1,-0.305269185848377,-0.650558715203717,3677,14,"LAPTM5;HSPA1A;CPNE1;HSPA1B;TRIM32;PRKN;CDK5R1"
"GOBP_POSITIVE_REGULATION_OF_TUMOR_NECROSIS_FACTOR_SUPERFAMILY_CYTOKINE_PRODUCTION",0.419902912621359,1,0.365255729214897,1.01956760382384,3113,111,"ORM1;HAVCR2;ZBTB20;IL12B;CLEC7A;FCGR3A;FCGR2C;PSMB9;SASH3;FCGR1A;BTK;OAS1;PTPRC;IFIH1;CD36;AZU1;SPON2;FCER1G;TWIST1;FCGR2A;IL6;WNT5A;NFATC4;CARD9;PSMB8;IL1A;RIGI"
"GOBP_POSITIVE_REGULATION_OF_TYPE_2_IMMUNE_RESPONSE",0.269885433715221,1,0.577785400424155,1.16350198557975,1648,15,"RSAD2;XCL1;GATA3;IL6;IDO1;IL18;TNFSF4"
"GOBP_POSITIVE_REGULATION_OF_TYPE_I_INTERFERON_MEDIATED_SIGNALING_PATHWAY",0.737862495927012,1,0.394072592084159,0.813354399665641,4528,17,"STING1;WNT5A;NLRC5;IKBKE;USP27X;TRIM56;TRIM6"
"GOBP_POSITIVE_REGULATION_OF_TYPE_I_INTERFERON_PRODUCTION",0.990881458966565,1,-0.236767471939896,-0.698052175052773,2933,74,"TLR4;NMBR;TRADD;TLR2"
"GOBP_POSITIVE_REGULATION_OF_TYPE_II_INTERFERON_PRODUCTION",0.352673492605233,1,0.401300823050364,1.05702160050214,2479,70,"HAVCR2;IL12B;CLEC7A;SLC11A1;CD226;CD3E;PSMB9;SASH3;BTN3A2;IRF8;WNT5A;TLR7;PDE4B;PSMB8;PTPN22;HMSD;F2RL1;LGALS9;IL18;TNFSF4;HLA-A"
"GOBP_POSITIVE_REGULATION_OF_VOLTAGE_GATED_CALCIUM_CHANNEL_ACTIVITY",0.832171581769437,1,0.440333322049531,0.709264546410598,4655,5,"CACNB3;STAC3;NIPSNAP2"
"GOBP_POSTSYNAPSE_ASSEMBLY",0.701638201463925,1,-0.301472628233021,-0.905311471688021,2012,83,"HTR4;RELN;NTNG2;DOCK10"
"GOBP_POSTSYNAPSE_ORGANIZATION",1,1,-0.20556283886304,-0.697182753801867,1805,238,"POTEKP;RAPSN;HTR4;RELN;NTNG2;FCGR2B;GHRL;DOCK10;POTEI;SHANK1;FRRS1L"
"GOBP_POSTSYNAPSE_TO_NUCLEUS_SIGNALING_PATHWAY",0.00657276995305164,1,-0.882267238175316,-1.5945518010294,27,7,"WNT3A"
"GOBP_POSTSYNAPTIC_ACTIN_CYTOSKELETON_ORGANIZATION",0.850672877846791,1,-0.334892685511741,-0.745208451391979,3286,17,"POTEKP;POTEI;ACTL8"
"GOBP_POSTSYNAPTIC_CYTOSKELETON_ORGANIZATION",0.917959505653432,1,-0.30019006276862,-0.702886384347953,3490,21,"POTEKP;POTEI;ACTL8"
"GOBP_POSTSYNAPTIC_DENSITY_ASSEMBLY",0.98595900028082,1,-0.250257633442355,-0.626909864677545,3510,29,"RELN"
"GOBP_POSTSYNAPTIC_DENSITY_ORGANIZATION",0.571383844708829,1,-0.341370201817348,-0.933146076695565,1824,47,"RAPSN;RELN;SHANK1"
"GOBP_POSTSYNAPTIC_DENSITY_PROTEIN_95_CLUSTERING",0.275323407371247,1,-0.601467555098191,-1.17546557578504,1127,10,"RELN"
"GOBP_POSTSYNAPTIC_MEMBRANE_ASSEMBLY",0.911479289940828,1,-0.327298289545104,-0.609059225909001,3850,8,"EPHB2;NLGN3;NRXN1;CDH2;LRP4"
"GOBP_POSTSYNAPTIC_MEMBRANE_ORGANIZATION",0.294189978481402,1,-0.400991726043433,-1.0830993603456,956,44,"RAPSN;RELN;FRRS1L;SHISA7;EPHB2;SLC30A1"
"GOBP_POSTSYNAPTIC_MODULATION_OF_CHEMICAL_SYNAPTIC_TRANSMISSION",0.720584105588318,1,-0.338293652346801,-0.847445190369612,2565,29,"GHRL;SORCS3;CHRM1"
"GOBP_POSTSYNAPTIC_NEUROTRANSMITTER_RECEPTOR_INTERNALIZATION",0.992791234140715,1,-0.230892009334713,-0.600715693002996,3442,35,"GSG1L;IQSEC2;AP2A2;CBLB;USP6;HPCA;NRG1;ARC;AP2M1;NUMB;NCDN;IQSEC1;LPAR1;EFNB2;RABEP1"
"GOBP_POSTSYNAPTIC_SPECIALIZATION_ASSEMBLY",0.497518248175182,1,-0.369092798958088,-0.965530808746047,1703,36,"RELN;NTNG2"
"GOBP_POSTSYNAPTIC_SPECIALIZATION_ORGANIZATION",0.249677835051546,1,-0.39349381373707,-1.10762684324712,774,56,"RAPSN;RELN;NTNG2;SHANK1"
"GOBP_POTASSIUM_ION_EXPORT_ACROSS_PLASMA_MEMBRANE",0.254179728317659,1,-0.493335096599457,-1.14216079898057,972,20,"KCNE1;KCNIP2;KCNQ1;KCNE4;KCNA2;KCNE3;KCNE5;KCND3"
"GOBP_POTASSIUM_ION_IMPORT_ACROSS_PLASMA_MEMBRANE",0.38305978898007,1,0.413429722000405,1.04522914872156,2613,52,"KCNJ15;KCNJ5;SLC12A3;ATP4B;ABCC9;ATP1A4;SLC12A1;KCNK9;KCNJ6;SLC12A7;ATP1B2;KCNJ14;FXYD1;HCN1;ANK2;KCNJ4;ATP1B1;SLC12A6;FXYD3;KCNJ11;SLC12A4;KCNJ1"
"GOBP_PRESYNAPSE_ASSEMBLY",0.422581123129352,1,0.414042670979219,1.01782927925435,2851,44,"NLGN4Y;IL1RAPL1;CNTN5;LRFN5;SLITRK1;SLITRK3;WNT5A;DKK1;LRRTM3"
"GOBP_PRESYNAPSE_ORGANIZATION",0.355500582072177,1,0.416613966387779,1.062268581698,2442,55,"NLGN4Y;IL1RAPL1;CNTN5;C5AR1;LRFN5;SLITRK1;SLITRK3;WNT5A;DKK1;LRRTM3;TLN2;SLITRK2;NTRK3;CLSTN3"
"GOBP_PRESYNAPTIC_ACTIVE_ZONE_ORGANIZATION",0.944512644242573,1,-0.298480324512417,-0.600173566495704,3846,11,"RIMS1;RAB3A;ERC2;NRXN1"
"GOBP_PRESYNAPTIC_CYTOSKELETON_ORGANIZATION",0.993382096830373,1,0.241742607759449,0.415599625469168,5703,7,"TLN2;PCLO;DAAM1;CLASP2"
"GOBP_PRESYNAPTIC_DENSE_CORE_VESICLE_EXOCYTOSIS",0.925469168900804,1,0.363152035188591,0.584945200870237,5177,5,"SNAP25;STXBP3"
"GOBP_PRESYNAPTIC_ENDOCYTOSIS",1,1,-0.195820501354628,-0.581089345638465,2936,77,"SGIP1;ABCA13;SYNJ2;SNCB;AP2A2;LRRK2;ACTG1;BTBD9;ACTB;CAPN2;PACSIN1;AP2M1;BIN1;SNCG;GAK;PRKN;CALM2;CTBP1;SH3GL2;NLGN3;MX2;MYLK"
"GOBP_PRESYNAPTIC_MEMBRANE_ASSEMBLY",0.0638589282657079,1,0.772564935157432,1.39986261918409,372,9,"IL1RAPL1;NLGN1"
"GOBP_PRESYNAPTIC_MEMBRANE_ORGANIZATION",0.0730308652386574,1,0.736464176415961,1.39305757781843,432,11,"IL1RAPL1;NLGN1"
"GOBP_PRESYNAPTIC_MODULATION_OF_CHEMICAL_SYNAPTIC_TRANSMISSION",0.98961937716263,1,-0.240385980476808,-0.625416320237378,3431,35,"CHRNA2;DRD1;CHRNA1"
"GOBP_PRIMARY_ALCOHOL_METABOLIC_PROCESS",0.761042218197018,1,0.316570882491961,0.858354139834147,5461,88,"CYP3A4;SULT1A4;SCNN1B;TKTL1;ADH6;BMP5;SDR9C7;ALDH1A1;ACP3;CYP2C18;WNT4;TPK1;HSD17B6;AKR1C1;ACSS1;RDH16;ALDH1A3;DAB2;GDPD3;PNPLA2;RDH5;AKR1C3"
"GOBP_PRODUCTION_OF_MOLECULAR_MEDIATOR_INVOLVED_IN_INFLAMMATORY_RESPONSE",0.518337408312958,1,-0.321710589375893,-0.96806608594289,1483,84,"TLR4;LBP;PLA2G10;PLD4;RAB44;LEP;CD6;SERPINE1;LYN;SYK;PLA2G3;EPHB2;ZC3H12A;NFKB1;NOS2;PER1;HMOX1;TREM2"
"GOBP_PRODUCTION_OF_MOLECULAR_MEDIATOR_OF_IMMUNE_RESPONSE",0.405806288032454,1,0.350419868461975,1.02496396906145,3200,182,"CD22;ARG1;AICDA;KLK3;CLEC7A;CD226;CD96;HTR2A;BTLA;IL2RG;APOA2;RSAD2;XCL1;SCIMP;SASH3;BTK;PTPRC;SPINK5;CD36;MZB1;GATA3;CD37;SPON2;FCER1G;KLK7;PKP3;IRF5;IL6;WNT5A;FOXP3;HPX;TNFSF13;CLC;HLA-G;RIGI;BCL6;F2RL1;HLA-F;IL18;TNFSF4;HLA-A;B2M"
"GOBP_PROGESTERONE_METABOLIC_PROCESS",0.798110392839383,1,0.389435792352117,0.762804255338732,4814,13,"CYP46A1;EGR1;AKR1C1;LHB;AKR1C3;AKR1C2"
"GOBP_PROLINE_METABOLIC_PROCESS",0.745023368530379,1,0.452207914027569,0.799723161963055,4303,8,"NOXRED1;PRODH"
"GOBP_PRONEPHROS_DEVELOPMENT",0.632083547337785,1,0.492856893208913,0.893040714137209,3691,9,"OSR1;HNF1B;PAX8;LHX1"
"GOBP_PROSTAGLANDIN_SECRETION",0.0712619849701995,1,-0.647783367922861,-1.42674954834283,274,16,"PLA2G10;OXT;LEP;PTGS2;PLA2G3;ACSL4;NOS2"
"GOBP_PROSTAGLANDIN_TRANSPORT",0.444234913793103,1,-0.410695491784991,-1.00087816451755,1648,25,"PLA2G10;OXT;LEP;SLC22A1;PTGS2"
"GOBP_PROSTANOID_BIOSYNTHETIC_PROCESS",0.777590564448189,1,-0.326327173158515,-0.81746846700096,2768,29,"PLA2G10;AVP;PTGS2;CTHRC1;PRXL2B;PLA2G3"
"GOBP_PROSTANOID_METABOLIC_PROCESS",0.183434582901171,1,0.487165212319283,1.19758433535373,1237,44,"GSTM1;PLA2G4F;AVPR1A;PTGR3;TBXAS1;AKR1C1;HPGD"
"GOBP_PROSTATE_GLAND_DEVELOPMENT",0.488822652757079,1,0.404211683615198,0.983006464951415,3279,41,"FGF10;PSAPL1;CRIP1;WNT5A;PTCH1;SOX9;PLAG1;FOXA1;EAF2;ID4;CDKN1B;FGFR2;SERPINF1;CYP7B1"
"GOBP_PROSTATE_GLAND_GROWTH",0.830508474576271,1,0.402407635629679,0.729149591389941,4850,9,"PSAPL1;SOX9;PLAG1;FGFR2"
"GOBP_PROSTATE_GLAND_MORPHOGENESIS",0.272712654767648,1,0.522123405176332,1.14543154799344,1695,23,"FGF10;CRIP1;WNT5A;SOX9;FOXA1;ID4;FGFR2;CYP7B1"
"GOBP_PROSTATE_GLANDULAR_ACINUS_DEVELOPMENT",0.915562621444974,1,0.363496472104198,0.604478699951401,5182,6,"FOXA1;FGFR2;SFRP1;FRS2"
"GOBP_PROSTATE_GLANDULAR_ACINUS_MORPHOGENESIS",0.728571428571429,1,0.562704464825053,0.832458601260731,3977,3,"FGFR2;SFRP1;FRS2"
"GOBP_PROSTATIC_BUD_FORMATION",0.141588296760711,1,0.75677283957475,1.30103051178081,812,7,"FGF10;WNT5A"
"GOBP_PROSTHETIC_GROUP_METABOLIC_PROCESS",0.951245363010069,1,0.324553983389726,0.539719048187166,5384,6,"MOCOS;MOCS1;GPHN;NFS1;MOCS2;MOCS3"
"GOBP_PROTEIN_DELIPIDATION",0.783980031767642,1,-0.429005344303895,-0.725874628346201,3454,5,"ATG4A;ATG4C;ATG4D;SIRT6;ATG4B"
"GOBP_PROTEIN_DNA_COVALENT_CROSS_LINKING_REPAIR",0.978764949963388,1,-0.251115213044147,-0.490761780892957,4009,10,"TEX264;BRIP1;SPRTN;GCNA;VCP;HMCES;VCPIP1;TRAIP;FAM111B;FAM111A"
"GOBP_PROTEIN_IMPORT_INTO_MITOCHONDRIAL_MATRIX",0.674068199841396,1,-0.360932630525951,-0.866138747538523,2549,23,"TOMM40L;TOMM40;TIMM17A;GRPEL1;TOMM7;HSP90AA1;TIMM23;TIMM44;PAM16;TOMM70;HSPA4;ROMO1;SAMM50;DNAJC19;TIMM23B;TOMM20;TOMM22;TIMM50;DNLZ;TIMM17B;TIMM21;DNAJC15;GRPEL2"
"GOBP_PROTEIN_INSERTION_INTO_MITOCHONDRIAL_INNER_MEMBRANE",0.966167355371901,1,-0.279229233717465,-0.632422568478984,3740,18,"TIMM13;TIMM22;TIMM8B;TIMM9;TOMM70;TRMT10B;TIMM29;ROMO1;TIMM8A;TIMM10B;BCS1L"
"GOBP_PROTEIN_INSERTION_INTO_MITOCHONDRIAL_INNER_MEMBRANE_FROM_MATRIX",0.87828418230563,1,0.407012957053328,0.655593946476739,4913,5,"COX18;OXA1L;MAIP1;TMEM126A"
"GOBP_PROTEIN_LIPID_COMPLEX_ASSEMBLY",0.993987341772152,1,0.235716756396754,0.529778671407464,6281,26,"APOA2;CD36;MTTP;APOM;ZDHHC8;ABCA7"
"GOBP_PROTEIN_LIPID_COMPLEX_ORGANIZATION",0.636873248209281,1,-0.328280189833365,-0.905386032418037,2044,49,"PON1;PLA2G10;ANGPTL3;PCDHGA3;PLA2G2A"
"GOBP_PROTEIN_LOCALIZATION_TO_AXON",0.987637595258256,1,0.247906096517846,0.459907378941995,5831,10,"EPB41L3;TRIM46;CNTNAP1;UGT8"
"GOBP_PROTEIN_LOCALIZATION_TO_MITOCHONDRION",0.866823213686682,1,-0.283639939617649,-0.823761513284029,2583,68,"LRRK2;TIMM13;MTX2;DNAJA1;TOMM5;TOMM40L;GFER;HK2;AIFM1;PRKN;TRABD;TIMM22;TOMM40;TIMM8B;TIMM17A;GRPEL1;TOMM7;HSP90AA1;TIMM9;TIMM23;TIMM44;PAM16;TOMM70;TRMT10B;HSPA4;HSPD1;TIMM29;MOAP1;AKT1;ROMO1;MTCH1;MTCH2;TIMM8A;TIMM10B;MARCHF5;CHCHD4;SAMM50;DNAJC19;BCS1L;TSPO"
"GOBP_PROTEIN_LOCALIZATION_TO_POSTSYNAPSE",0.672843450479233,1,-0.319369346254939,-0.896267025199195,2105,55,"LGI1;RAPSN;CACNG2"
"GOBP_PROTEIN_LOCALIZATION_TO_PRESYNAPSE",0.671711008054674,1,-0.434080811298138,-0.848336783031468,2751,10,"NETO1;DLG2;MAP1A"
"GOBP_PROTEIN_LOCALIZATION_TO_SYNAPSE",0.884370579915134,1,-0.274658257618561,-0.834648581045934,2500,89,"LGI1;RAPSN;CACNG2;RELN;SHANK1;NETO1;DLG2;GPC4;GRIP2;IQSEC2;GRIN2C"
"GOBP_PROTEIN_PROCESSING_INVOLVED_IN_PROTEIN_TARGETING_TO_MITOCHONDRION",0.477934272300469,1,-0.559189087279783,-1.01064159208956,2035,7,"LRRK2;PMPCA;IMMP2L;UQCRC1;MIPEP;PMPCB"
"GOBP_PROTEIN_TARGETING_TO_MITOCHONDRION",0.126116838487973,1,-0.401059517172058,-1.19114796557153,366,78,"UBL4B;RAC2;C11orf65;BID;LRRK2;FBXW7;SREBF1;MGARP;TIMM13;FZD5;BAG3;USP36;PMPCA;GSK3A;SREBF2;TOMM5;MFN2;TOMM34;UBE2J2;PRKN;HSPA1L;TOMM40;IMMP2L;TIMM8B;TIMM17A;TOMM7;TIMM9;TIMM23;TIMM44;GDAP1"
"GOBP_PROTEIN_TARGETING_TO_VACUOLE_INVOLVED_IN_AUTOPHAGY",0.131997235659986,1,-0.777664845773723,-1.35635912356688,572,6,"IRGM"
"GOBP_PROTEIN_TRANSPORT_WITHIN_LIPID_BILAYER",0.437478230581679,1,0.617021859248241,1.06077309244975,2511,7,"RILPL1;RFTN1;ATP1B1;REEP2"
"GOBP_PROTEOGLYCAN_METABOLIC_PROCESS",0.889926098794243,1,-0.271230879752725,-0.847510879724923,2287,113,"HS6ST3;IHH;ANGPT1;FOXL1;HS3ST1;EDNRB;MUSTN1;HS3ST2;HS6ST2;ST3GAL1;HS3ST5;ADAMTS4;CHST15;CHST5;ADAMTS12"
"GOBP_PROTON_MOTIVE_FORCE_DRIVEN_ATP_SYNTHESIS",0.990206011482607,1,-0.239263017306589,-0.705409692776342,2931,74,"NDUFA6;NDUFC1;ATPSCKMT;SDHB;DNAJC30;NDUFB10;NDUFC2;NDUFV1;ATP5MC3;ATP5MK;NDUFV2;NDUFA3;NDUFA10;NDUFS7;NDUFA12;SDHD;NDUFB3;NDUFB2;NDUFA5;NDUFA7;NDUFB11;ATP5IF1;NDUFAB1;NDUFB4;NDUFB7;ATP6V0C;NDUFS5;ATP5PB;STOML2;ATP5F1E;NDUFB9;NDUFS3;ATP5F1B;ATP5PO;NDUFS8;NDUFS6;NDUFB6;MT-ND1;ATP5MC1;NDUFA11;NDUFA8;ATP5MJ;NDUFB5;ATP5F1C;ATP5MC2;ATP5MG;NDUFS2;NDUFA13;NDUFA2;ATP5F1A;NDUFB8;SDHA;NDUFS1;ATP5F1D;SDHC;MT-ATP8;ATP5PD;NDUFS4;ATP5MF;NDUFA9;MT-ND2;ATP5ME;ATP5PF;ANTKMT;MT-ND3;MT-ATP6;NDUFA1;NDUFB1;MT-ND5;VPS9D1;MT-ND6;MT-ND4;MT-ND4L"
"GOBP_PROTON_TRANSPORTING_TWO_SECTOR_ATPASE_COMPLEX_ASSEMBLY",0.379541734860884,1,0.532025979051069,1.07135500923268,2318,15,"ALDOB;ATP23;FMC1;TM9SF4;VMA21;PIP4P1;OXA1L"
"GOBP_PROTON_TRANSPORTING_V_TYPE_ATPASE_COMPLEX_ASSEMBLY",0.312260536398467,1,0.676186403650306,1.16248773316803,1792,7,"ALDOB;TM9SF4;VMA21;PIP4P1"
"GOBP_PROTOPORPHYRINOGEN_IX_METABOLIC_PROCESS",0.185367051313528,1,-0.631316331661938,-1.26942831149585,754,11,"ALAS2;FECH;HMBS"
"GOBP_PTERIDINE_CONTAINING_COMPOUND_METABOLIC_PROCESS",0.999846954392409,1,0.194866235698127,0.460969645966192,6532,35,"FTCD;DHFRP1;ATIC;ALDH1L1;DHFR2;SLC46A1;MTR"
"GOBP_PURINE_CONTAINING_COMPOUND_METABOLIC_PROCESS",1,1,0.169203797159551,0.532448581035447,9215,544,"ACOT6;ZBTB20;PFKFB1;SULT1A4;GUCA1ANB-GUCA1A;PDE4C;NOX1;HTR2A;GUCY2F;ALDOB;SLC22A11;ABCC9;URAD;SLC17A3;NME9;THEM5;ACSM6;GAPDHS;ADCY4;SULT2B1;ELOVL3;SLC25A18;ACP3;ADCY8;ACSM1;MYH3;DPYD;TPK1;MTTP;SLC4A4"
"GOBP_PURINE_DEOXYRIBONUCLEOSIDE_METABOLIC_PROCESS",0.17358747447243,1,-0.777026615027281,-1.31472465992987,764,5,"GDA"
"GOBP_PURINE_DEOXYRIBONUCLEOSIDE_MONOPHOSPHATE_METABOLIC_PROCESS",0.00373785198106155,1,-0.830789538993571,-1.71304823262358,14,12,"NT5C1A;GDA"
"GOBP_PURINE_DEOXYRIBONUCLEOSIDE_TRIPHOSPHATE_METABOLIC_PROCESS",0.892023685127133,1,0.379226983468674,0.651960338138707,5121,7,"ADA;SAMHD1;ADK;GUK1;DGUOK;NUDT15;NUDT16"
"GOBP_PURINE_DEOXYRIBONUCLEOTIDE_METABOLIC_PROCESS",0.0450310559006211,1,-0.670565623430048,-1.49215313266519,173,17,"NT5C1A;GDA"
"GOBP_PURINE_NUCLEOBASE_METABOLIC_PROCESS",0.423197492163009,1,-0.437963531737044,-1.01396551913936,1619,20,"GDA;QNG1"
"GOBP_PURINE_NUCLEOSIDE_BISPHOSPHATE_METABOLIC_PROCESS",0.519641969169567,1,0.493866728414035,0.967357519269365,3134,13,"SULT1A4;SULT2B1"
"GOBP_PURINE_NUCLEOSIDE_METABOLIC_PROCESS",0.0874524714828897,1,-0.550307028086441,-1.35264000129983,321,26,"NT5C1A;GDA"
"GOBP_PURINE_NUCLEOSIDE_MONOPHOSPHATE_METABOLIC_PROCESS",0.161724243350657,1,-0.448120988050372,-1.20551228139471,528,43,"NT5C1A;GDA;DLG2;AMPD3;IMPDH1;CASK;PFAS"
"GOBP_PUTRESCINE_METABOLIC_PROCESS",0.670532544378698,1,-0.455147007552378,-0.846968936134474,2832,8,"AZIN2;AOC1;ODC1"
"GOBP_PYRAMIDAL_NEURON_DEVELOPMENT",0.982796424354866,1,0.272607803308395,0.515650833173324,5826,11,"SLC4A10;FGFR2;DCLK2;SCYL2;UQCRQ"
"GOBP_PYRAMIDAL_NEURON_DIFFERENTIATION",0.994604316546763,1,-0.21570060386938,-0.467702492722936,3870,15,"ZMIZ1;PLXNA3;TUBA1A;FOXG1;DISC1;ATP7A;OGDH;GBA1;LYPD6;UQCRQ;UNC5D;SCYL2;DCLK2;FGFR2;SLC4A10"
"GOBP_PYRIDINE_CONTAINING_COMPOUND_METABOLIC_PROCESS",1,1,0.197809750993913,0.576239261002854,7844,173,"ZBTB20;PFKFB1;NOX1;HTR2A;ALDOB;GAPDHS;PARP9;SLC25A18;MTTP;SLC4A4;LIPA;PARP14;ACTN3;IDO1;P2RX7;ENO3;NMRK1;DDIT4;SLC4A1;FBP1;FMO2;MLXIPL;SARM1;GPD1L;PNPO;H6PD;PFKFB2;SLC25A12;DHTKD1;PGAM2;PLPBP;ALDH1L1"
"GOBP_PYRIMIDINE_CONTAINING_COMPOUND_METABOLIC_PROCESS",0.694302721088435,1,0.332703253773942,0.883723622143707,4898,75,"TKTL1;NME9;UPB1;DHFRP1;ACP3;DPYD;TPK1;AK5;CPS1;AK9"
"GOBP_PYRIMIDINE_DEOXYRIBONUCLEOSIDE_METABOLIC_PROCESS",0.546201966041108,1,0.612850739351255,0.987146054811799,3055,5,"DPYD;TK2;DHFR2"
"GOBP_PYRIMIDINE_DEOXYRIBONUCLEOSIDE_MONOPHOSPHATE_METABOLIC_PROCESS",0.793287694105861,1,0.39962128063529,0.770620419144428,4750,12,"DPYD;NT5M;TYMP;DPYS;DUT;DCTD;UPP1"
"GOBP_PYRIMIDINE_DEOXYRIBONUCLEOSIDE_TRIPHOSPHATE_METABOLIC_PROCESS",0.302347417840376,1,-0.651635288287519,-1.17772277785373,1287,7,"CMPK2"
"GOBP_PYRIMIDINE_DEOXYRIBONUCLEOTIDE_METABOLIC_PROCESS",0.979525862068966,1,-0.257060781500942,-0.626465418551043,3635,25,"CMPK2"
"GOBP_PYRIMIDINE_NUCLEOBASE_METABOLIC_PROCESS",0.93342981186686,1,0.306606692994723,0.672632131600171,5804,23,"DHFRP1;DPYD;CPS1;CMPK1;TYMP;DPYS;DPYSL2;MTOR"
"GOBP_PYRIMIDINE_NUCLEOSIDE_DIPHOSPHATE_METABOLIC_PROCESS",0.549426409567977,1,-0.48119207149186,-0.940407692127358,2250,10,"CMPK2"
"GOBP_PYRIMIDINE_NUCLEOSIDE_METABOLIC_PROCESS",0.490639230898971,1,0.525824432950475,0.994622324317938,2908,11,"UPB1;DPYD;TK2;DHFR2;TYMP"
"GOBP_PYRIMIDINE_NUCLEOSIDE_MONOPHOSPHATE_METABOLIC_PROCESS",0.992902080980803,1,0.241349229504755,0.520532824090924,6154,21,"DPYD;CMPK1;NT5M;TYMP;DPYS;DUT;CAD;DCTD;UPP1"
"GOBP_PYRIMIDINE_NUCLEOSIDE_TRIPHOSPHATE_METABOLIC_PROCESS",0.976684354397813,1,0.272201008832158,0.597153124761183,6073,23,"NME9;AK3;ENTPD4;NME4;DUT"
"GOBP_PYRIMIDINE_NUCLEOTIDE_METABOLIC_PROCESS",1,1,0.155826760767134,0.393959756247304,6823,52,"NME9;DPYD;AK5;AK9;AK3;CMPK1;NT5M;ENPP3;TYMP;DPYS;ENTPD4"
"GOBP_PYRIMIDINE_RIBONUCLEOSIDE_MONOPHOSPHATE_METABOLIC_PROCESS",0.990294456325053,1,0.24723151238083,0.490751687987521,6019,14,"DPYD;CMPK1;DPYS;CAD;UPP1"
"GOBP_PYRIMIDINE_RIBONUCLEOSIDE_TRIPHOSPHATE_METABOLIC_PROCESS",0.611599869664386,1,0.438382130878461,0.904808002502865,3753,17,"NME9;AK3;ENTPD4;NME4"
"GOBP_PYRIMIDINE_RIBONUCLEOTIDE_METABOLIC_PROCESS",0.713270508265101,1,0.367853007943167,0.848944151617417,4616,30,"NME9;DPYD;AK5;AK9;AK3;CMPK1;DPYS;ENTPD4"
"GOBP_PYROPTOTIC_INFLAMMATORY_RESPONSE",0.150597733271231,1,0.547651567883897,1.25608951508393,969,29,"GZMB;GBP3;NLRC4;GBP1;NAIP;CASP4"
"GOBP_PYRUVATE_METABOLIC_PROCESS",0.992950252726789,1,0.249731241050629,0.704635788247915,7464,123,"ZBTB20;PFKFB1;HTR2A;ALDOB;LDHAL6B;ME3;GAPDHS;TPK1;MTTP;SLC4A4;LIPA;ACTN3;P2RX7;ENO3;DDIT4;PDK1;SRR;SLC4A1;FBP1"
"GOBP_QUINOLINATE_METABOLIC_PROCESS",0.125255275697754,1,-0.807770630950498,-1.36674336186083,551,5,"ACMSD;KYNU;KMO;HAAO"
"GOBP_QUINONE_METABOLIC_PROCESS",0.161776367961935,1,-0.515111458892126,-1.23612540433772,611,23,"NQO2;ADH4;COQ3;COQ6;FDXR;NQO1"
"GOBP_REACTIVE_NITROGEN_SPECIES_METABOLIC_PROCESS",0.976697061803445,1,-0.251581939575243,-0.741729084175356,2891,74,"TLR4;OPRM1"
"GOBP_REACTIVE_OXYGEN_SPECIES_METABOLIC_PROCESS",0.965886699507389,1,0.265515025136386,0.789834779382038,7842,219,"CLEC7A;MPO;NOX1;F2;ABCC9;DRD5;NCF1C;LPO;NCF1B;DUOX1;PXDNL;ITGAM;ABCD2;ITGB2;HBA1;DHFRP1;BCO2;FAS;GLS2;CD36;ALOX5;RIPK3;TLR6;AKR1C1;LIPA;NOXA1;CYB5R4;P2RX7;RAB27A;FAM210B;F2RL1;TPO;SOD3;DDIT4;AKR1C3;PLCG2;PID1;NCF1;IFI6"
"GOBP_RECEPTOR_CLUSTERING",0.194194194194194,1,-0.394409411951302,-1.14179634846926,581,67,"RAPSN;PIGR;RELN;ITGB7;FRRS1L;DLG2;SHISA7;DOK7;PICK1;ITGAL"
"GOBP_RECEPTOR_LOCALIZATION_TO_SYNAPSE",0.755785837651123,1,-0.296888209013621,-0.882718883112641,2187,79,"LGI1;RAPSN;CACNG2;RELN"
"GOBP_RECEPTOR_METABOLIC_PROCESS",1,1,-0.114498801908678,-0.337767978896836,2945,75,"BECN2;LAPTM5;RAMP3;PEX26;PHETA2;PCSK9;PIK3R4;LDLR;PEX12;RAB29;APOE;PHETA1;ECE1;PEX2;AP1AR;EHD3;PLEKHJ1;TBC1D16;ARAP1;UVRAG;MTMR2;BECN1;PLEKHA3;CDK5;CTSD;VAMP3;ZNRF3;MVB12A;NEDD4L;LAMTOR1;NSG1;SCRIB;SMURF1;RAB11B;EPS15;PCSK5;PTPN1;FURIN;ALS2;FUT8;CHMP5;NSF;PEX10;ANXA2;LGMN;SNX16;SH3GLB1;PEX1;ACHE;CAPN1;SNCA;USP9X;PEX5;PTPN2;GIT1;PSEN1;ABCA2;KIF16B;LMTK2;NEDD4;ARFGEF2;PEX6;ITCH;GRIA1;TGFB1;SNX25;RNF43;MYLIP;POPDC1;OPTN;GPRASP1;SORL1;DTX3L;INPP5F"
"GOBP_REGULATION_OF_ACROSOME_REACTION",0.583068959759559,1,0.477666937054892,0.921121854820886,3491,12,"GLRA1;ZP2;PKDREJ;CCDC87"
"GOBP_REGULATION_OF_ACUTE_INFLAMMATORY_RESPONSE",0.780294117647059,1,-0.315710305849127,-0.829696574490042,2652,37,"FCGR2B;C3;CCR7;PTGS2;EDNRB;ZP3;PTGER3"
"GOBP_REGULATION_OF_ACUTE_INFLAMMATORY_RESPONSE_TO_ANTIGENIC_STIMULUS",0.587560540402753,1,-0.424928677170851,-0.905564882040822,2304,14,"FCGR2B;C3;CCR7"
"GOBP_REGULATION_OF_ADAPTIVE_IMMUNE_RESPONSE",0.117076244486452,1,0.402934258081607,1.18157501654864,928,185,"MR1;ARG1;HAVCR2;CD274;IL12B;CLEC7A;SLC11A1;CD226;BTLA;RSAD2;XCL1;SASH3;HLA-H;FCGR1A;BTK;WAS;MEF2C;PTPRC;CLEC6A;CD1C;CEACAM1;GATA3;RIPK3;FCER1G;ULBP1;IL6;FOXP3;HPX;TNFSF13;CARD9;P2RX7;CLC;HLA-G;RC3H1;PRKCQ;BCL6;LGALS9;HLA-F;IL18;TNFSF4;HLA-A;B2M;HLA-DRA;MALT1;ADCY7;CR2;APLF;EBI3;TAP2;CR1;ADA"
"GOBP_REGULATION_OF_AIM2_INFLAMMASOME_COMPLEX_ASSEMBLY",0.116908850726552,1,-0.87533477021255,-1.34307107638759,530,3,"PYDC5"
"GOBP_REGULATION_OF_ALDOSTERONE_METABOLIC_PROCESS",0.198719058334776,1,0.708830192808164,1.25355595402708,1147,8,"BMP5;WNT4;DAB2;DKK3"
"GOBP_REGULATION_OF_AMIDE_METABOLIC_PROCESS",0.998426773455378,1,0.225768440514246,0.589311277932815,6980,65,"ALDOB;TPK1;SPHK1;EFNA1;LRRTM3;SAMD8;PDK1;SORL1;GSAP;ABCA7;PAQR4;SP1;ABCA2;PRKAA1;SLC7A11;PDPR;DYRK1A;IFNGR1;MTOR;ABCG1;SCARB2"
"GOBP_REGULATION_OF_AMINE_METABOLIC_PROCESS",0.983437851744653,1,0.263250774229453,0.57751814771506,6115,23,"ITGAM;ITGB2;NPY;PAOX;GPR37;DRD4"
"GOBP_REGULATION_OF_AMINO_ACID_METABOLIC_PROCESS",0.426760563380282,1,-0.585229311357424,-1.05770498105557,1817,7,"ACMSD"
"GOBP_REGULATION_OF_ANTIFUNGAL_INNATE_IMMUNE_RESPONSE",0.631277926720286,1,0.563846441109038,0.908212643179085,3531,5,"PLA2G5;SPI1"
"GOBP_REGULATION_OF_ATP_BIOSYNTHETIC_PROCESS",0.983875162548765,1,-0.254976999392608,-0.584150255264851,3782,19,"TREM2;ATPSCKMT;DNAJC30;NDUFC2;PRKN;ENO1;PARP1;SPHK2;VCP;ATP5IF1"
"GOBP_REGULATION_OF_ATP_DEPENDENT_ACTIVITY",0.93354868481772,1,0.297356135676342,0.692703558628345,6068,32,"FGF10;ATP2A1"
"GOBP_REGULATION_OF_ATPASE_COUPLED_CALCIUM_TRANSMEMBRANE_TRANSPORTER_ACTIVITY",0.521361815754339,1,-0.621399184374569,-1.00504028653704,2342,4,"PLN"
"GOBP_REGULATION_OF_AUTOPHAGY",1,1,-0.115575166385541,-0.406111183313979,1290,362,"IRGM;IL10RA;LEP;ADRA1A;SLC35D3;EPM2A;MET;NUPR1;MAPK15;SIRT2;LRRK2;MID2;ZC3H12A;DAPK3;PHF23;LZTS1;RUBCN;FEZ2;DAPK1;TRIM21;FBXW7;HMOX1;TREM2;DHRSX;ATP6V1C1;STK38L;UBE2A;DEPDC5;BAD;PIK3R4;SREBF1;FZD5;EXOC1;ZDHHC19;BAG3;SLC7A5;SNX7;USP36;FOXK1;PSMD14;LAMP3;FOXK2;STUB1;WDR45;GPSM1;HPSE;VPS35;TPCN1;XPA;USP30;GSK3A;MAPT;CASP3;CCNY;CERS1;ATP6V0A2;SREBF2;AMBRA1;DCAF12;PLEKHF1;HK2;PIP4K2C;TRIM32;ATP6V1D;PRKN;ATP6V1E1;EEF1A2;MUL1;RNF5;GNAI3;OSBPL7;ZKSCAN3;DDIT3;CDK5R1;TOMM7;SNX18;MTCL1;TRIM23;MTMR9;PIP4K2A;QSOX1;CSNK2A1;KEAP1;HIF1A;SNX6;CPTP;PPTC7;ELAVL1;PIP4K2B;UBQLN2;SUPT5H;CDC37;VDAC1;TBK1;GPR137;EIF4E;CLN3;CUL1;POLDIP2;ERCC4;ATG5;CAPNS1;RMC1;ATG101;PIK3CB;HMGB1;NLRP6;UVRAG;BECN1;NPC1;ATP5IF1;VPS26A;UCHL1;EIF4G2;C9orf72;MOAP1;ATG13;UBQLN4;TICAM1;RRAGA;CDK5;LYPLA1;ATP6V0C;PIK3C2A;UBQLN1;NOD1;ELAPOR1"
"GOBP_REGULATION_OF_AUTOPHAGY_OF_MITOCHONDRION",0.234528721040939,1,-0.400086814181435,-1.12042354153325,738,54,"IRGM;FBXW7;UBE2A;SREBF1;FZD5;USP36;STUB1;USP30;GSK3A;CERS1;SREBF2;AMBRA1;HK2;PRKN;MUL1;TOMM7;PPTC7;CDC37;VDAC1;CUL1"
"GOBP_REGULATION_OF_AXON_DIAMETER",0.712833545108005,1,0.542641197183769,0.840015256939372,3926,4,"NEFL;KEL;CNTN2"
"GOBP_REGULATION_OF_AXON_EXTENSION",1,1,0.167007789358317,0.447764078846389,7111,80,"POU4F2;ISLR2;NGF;NTN1;NRP1;WNT5A;DSCAM;SEMA6D;FN1;NTRK3;L1CAM;NRCAM;TRIM46;CDKL3;WNT3"
"GOBP_REGULATION_OF_AXON_EXTENSION_INVOLVED_IN_AXON_GUIDANCE",0.32858253433532,1,-0.497160194180379,-1.09500045482081,1267,16,"WNT3A"
"GOBP_REGULATION_OF_AXON_GUIDANCE",0.382695226851071,1,0.569827196821682,1.07785567852405,2268,11,"POU4F2;SLIT2;PTPRO;ATOH7"
"GOBP_REGULATION_OF_AXONOGENESIS",1,1,0.199359531884556,0.568783457708003,7632,139,"POU4F2;SHOX2;ISLR2;EPHB3;NGF;NTN1;PLXNC1;POU3F2;NIN;SLITRK1;NRP1;WNT5A;EFNA1;DSCAM;SEMA6D;FN1;NEFL;KIF13B;NTRK3;L1CAM;ROBO1;SLIT2;TRIM46;CDKL3;WNT3;AMIGO1;SEMA7A;MACF1;ROBO2;CDKL5;MAP2K1;GOLGA4;LRRC4C;ZEB2;MEGF8;EPHA7;CDH4;PLXNB2;CDH1"
"GOBP_REGULATION_OF_BRANCHING_INVOLVED_IN_PROSTATE_GLAND_MORPHOGENESIS",0.917877586966094,1,-0.362692706931683,-0.556498040376463,4168,3,"BMP4;BMP7;SFRP1"
"GOBP_REGULATION_OF_CALCIUM_IMPORT_INTO_THE_MITOCHONDRION",0.326422483298779,1,-0.666312636699368,-1.16214488651074,1416,6,"PSEN2;MCUB;AFG3L2;VDAC1;UCP2"
"GOBP_REGULATION_OF_CALCIUM_ION_DEPENDENT_EXOCYTOSIS",0.981711887273272,1,0.263623735642708,0.638317809002927,6548,40,"RPH3A;SYT15;ADRA2A;CACNA1B;HYAL3;DOC2A"
"GOBP_REGULATION_OF_CALCIUM_ION_DEPENDENT_EXOCYTOSIS_OF_NEUROTRANSMITTER",0.938349007314525,1,0.340348922166002,0.585121861189555,5387,7,"CACNA1B;SYT1;RAB3GAP1;PPP3CA"
"GOBP_REGULATION_OF_CALCIUM_ION_EXPORT_ACROSS_PLASMA_MEMBRANE",0.594508736101656,1,-0.541550072735948,-0.916299675510815,2619,5,"CALM2;CALM1;CALM3;YWHAE"
"GOBP_REGULATION_OF_CALCIUM_ION_IMPORT",0.800294117647059,1,-0.311563500086868,-0.818798639033775,2720,37,"UCN;PLN;GRM6;EGF"
"GOBP_REGULATION_OF_CALCIUM_ION_IMPORT_ACROSS_PLASMA_MEMBRANE",0.936245572609209,1,0.333892675024802,0.631574129491204,5550,11,"P2RX1;AKAP5;PPP3CC;PRNP"
"GOBP_REGULATION_OF_CALCIUM_ION_IMPORT_INTO_SARCOPLASMIC_RETICULUM",0.86277001270648,1,0.4363475726717,0.675471416978609,4752,4,"MRLN;ATP2A1;STRIT1"
"GOBP_REGULATION_OF_CALCIUM_ION_TRANSMEMBRANE_TRANSPORT",0.944921410645886,1,0.273451060170896,0.774514745279883,7153,128,"F2;F2RL3;CACNA1F;CASQ2;XCL1;CXCL11;P2RX1;AKAP6;TRPC3;NGF;APLNR;ITGB3;PDE4B;P2RX7;P2RX3;P2RX2;PDPK1;CASQ1;JPH4;TMEM38A;CRHR1;GSTM2;ANK2;GSTO1;LIME1"
"GOBP_REGULATION_OF_CALCIUM_ION_TRANSPORT",0.757155355580552,1,0.30129809943839,0.887569879337036,6057,194,"MRLN;F2;F2RL3;CACNA1F;CASQ2;XCL1;CRH;CACNA1D;CXCL11;CASR;CCL5;P2RX1;AKAP6;TRPC3;ATP2A1;CAV3;EFHB;NGF;TRPV3;SEMG1;ADRA2A;CAMK2A;APLNR;BEST1;TRPC6;ITGB3;PDE4B;P2RX7;HES1;P2RX3;P2RX2;PDPK1;CASQ1;JPH4;CCL2;TMEM38A;STRIT1;CRHR1;GSTM2;ANK2;GSTO1;LIME1"
"GOBP_REGULATION_OF_CALCIUM_ION_TRANSPORT_INTO_CYTOSOL",0.931135293162254,1,0.311100187922911,0.658044072240244,5732,19,"TRPC3;P2RX7;P2RX3;P2RX2;P2RX4;GRIN1;BAX;NOS1;CAV1;BCL2"
"GOBP_REGULATION_OF_CALCIUM_MEDIATED_SIGNALING",0.632346811171321,1,0.337054966007189,0.916351246517991,4550,90,"CD22;CLEC7A;ZAP70;CD3E;GBP1;RIT2;AKAP6;SLA2;PTPRC;CALCR;EFHB;IAPP;ACTN3;CDH13;P2RX3;P2RX2;GRM5;PLCG2;GPR62;SLC8A2;PCP4;ADA"
"GOBP_REGULATION_OF_CARBOHYDRATE_METABOLIC_PROCESS",0.999742566610889,1,0.228734757163168,0.663158097148605,7766,166,"ZBTB20;PFKFB1;HTR2A;ALDOB;PTH1R;GAPDHS;PPP1R3G;LHCGR;AVPR1B;SLC4A4;IGFBP3;ERFE;POMC;ACTN3;P2RX7;PPP1R3E;PPP1R3F;DDIT4;PPP1R3C;PDK1;KAT2B;SLC4A1;FBP1;NR0B1;MLXIPL"
"GOBP_REGULATION_OF_CARDIAC_MUSCLE_CONTRACTION_BY_CALCIUM_ION_SIGNALING",0.984796328169822,1,-0.247328570366655,-0.636222529762436,3432,33,"PLN;CLIC2"
"GOBP_REGULATION_OF_CARDIAC_MUSCLE_CONTRACTION_BY_REGULATION_OF_THE_RELEASE_OF_SEQUESTERED_CALCIUM_ION",0.922091782283885,1,-0.293897497605847,-0.71059775647967,3455,24,"PLN;CLIC2"
"GOBP_REGULATION_OF_CATECHOLAMINE_METABOLIC_PROCESS",0.794460641399417,1,0.366170656611883,0.78138464112741,4904,20,"ITGAM;ITGB2;NPY;GPR37;DRD4"
"GOBP_REGULATION_OF_CATECHOLAMINE_UPTAKE_INVOLVED_IN_SYNAPTIC_TRANSMISSION",0.663195266272189,1,-0.457668058929846,-0.851660282375761,2801,8,"DRD1;DRD3"
"GOBP_REGULATION_OF_CELLULAR_RESPONSE_TO_OXIDATIVE_STRESS",0.639813474835182,1,0.406229834074005,0.891184848393002,3978,23,"DHFRP1;CD36;ALOX5;PNPLA8;ABCD1;SLC25A14;SLC7A11;TBC1D24;MAPKAP1"
"GOBP_REGULATION_OF_CENTROSOME_CYCLE",1,1,0.176595252774353,0.458179746298281,6955,62,"RAB6C;CEP295NL;KAT2B;CHMP4C;POC1B;PLK4;MCPH1;SPICE1;MARK4;XRCC3;PKHD1;POC1A;SIRT1;TRIM37;CPAP;CHMP2A;BRCA1;KAT2A;CDK5RAP2;VPS4B;SASS6;CCNL2;NUP62;CHMP3;ROCK2;PLK2;CHMP5;CDK11A;NUBP1;ATF5;STIL;CDK11B;CEP131;AURKA;CCNL1;CEP295;FBXW5;RBX1;CHMP1B;MDM1;XPO1;SKP1;ALMS1;PDCD6IP;CEP76;CENATAC;CCNF;CHMP2B;NPM1;CUL1;PPP1R35;WDR62;RBM14;CHMP4B;FBXL13;TMEM67;CHMP1A;NAT10;CEP120;CCDC15;GEN1;CHORDC1"
"GOBP_REGULATION_OF_CHAPERONE_MEDIATED_AUTOPHAGY",0.801800242340315,1,0.424795115601586,0.751244024036808,4631,8,"GFAP;PLK3;CTSA;SNCA;EEF1A1"
"GOBP_REGULATION_OF_CHOLESTEROL_METABOLIC_PROCESS",0.998462957270212,1,-0.225485821558871,-0.609048848731013,3247,44,"CES1;FGF1;SEC14L2;INSIG1;SREBF1;LDLR;CHLSN;ARV1;KPNB1;ABCG4;SREBF2"
"GOBP_REGULATION_OF_CHRONIC_INFLAMMATORY_RESPONSE",0.635446009389671,1,-0.486302192010191,-0.8789106095769,2706,7,"CYP19A1;LTA"
"GOBP_REGULATION_OF_COLLAGEN_METABOLIC_PROCESS",0.245,1,-0.429615035668363,-1.12904177291507,832,37,"UCN;SERPINB7;RGCC;VSIR;IHH"
"GOBP_REGULATION_OF_CYCLIN_DEPENDENT_PROTEIN_SERINE_THREONINE_KINASE_ACTIVITY",0.754355898314767,1,-0.325966584110327,-0.833708682971449,2640,32,"CDK5R2;GADD45A;CCNE2;PSMD10;CCNY;PKMYT1;SERTAD1;BCCIP;CDK5R1;CDC37;BLM;INCA1;CDC6;APC;TFAP4;CDK5RAP1;LATS1"
"GOBP_REGULATION_OF_CYTOKINESIS",0.932972972972973,1,-0.266726814866328,-0.812175123034241,2588,91,"OR2A4;SSTR5;TEX14;CXCR5;DRD3;PRKCE;ANKRD53"
"GOBP_REGULATION_OF_CYTOKINETIC_PROCESS",0.829107981220657,1,-0.391433075710386,-0.707450406010028,3531,7,"ARF6;RAB11FIP3;ECT2;RAB11A;NUP62;KIF20B;EXOC7"
"GOBP_REGULATION_OF_CYTOSOLIC_CALCIUM_ION_CONCENTRATION",0.958062183658713,1,0.275136202037681,0.707458710503334,6624,58,"F2;CNGB1;TRPC7;P2RX1;TRPC3;ADCY8;CAV3;NPY;ATP2B3;CALCB;WNT5A;TRPC6;HCRTR1;CALB2;SV2B;GRM5;TMEM178A;SLC8A3;SLC8A2"
"GOBP_REGULATION_OF_DENDRITE_DEVELOPMENT",0.99862315847446,1,0.234767018406781,0.646594754249123,7252,100,"IL1RAPL1;NR2E1;TLX2;BMP5;CSMD3;SEZ6;NEUROG3;HECW2;NFATC4"
"GOBP_REGULATION_OF_DENDRITE_EXTENSION",0.771345875542692,1,0.366768485750487,0.804614752419522,4796,23,"OSTN;CPNE6;RNF157;ITSN2;CPNE5;CACNG7;SYT17;SYT1;CPNE8"
"GOBP_REGULATION_OF_DENDRITE_MORPHOGENESIS",0.793192219679634,1,0.31839390856933,0.831086580204178,5545,65,"IL1RAPL1;NR2E1;TLX2;NEUROG3;HECW2;NFATC4"
"GOBP_REGULATION_OF_DENDRITIC_CELL_ANTIGEN_PROCESSING_AND_PRESENTATION",0.471040615236722,1,-0.531759182406525,-1.01301824021879,1959,9,"CD68;FCGR2B;CCR7"
"GOBP_REGULATION_OF_DENDRITIC_CELL_CHEMOTAXIS",0.772300469483568,1,-0.420439150073995,-0.759874077791089,3289,7,"CCR7"
"GOBP_REGULATION_OF_DENDRITIC_CELL_DIFFERENTIATION",0.477697483179666,1,-0.477313008706157,-0.984196559531611,1916,12,"FCGR2B;TMEM176A"
"GOBP_REGULATION_OF_DENDRITIC_SPINE_DEVELOPMENT",0.997098084735926,1,0.230112291216724,0.590052287818132,6871,57,"IL1RAPL1;MEF2C;EFNA1;CPEB3;GRM5;CAPRIN2;SDK1"
"GOBP_REGULATION_OF_DENDRITIC_SPINE_MAINTENANCE",0.61776893751036,1,0.457878860360758,0.896866569462709,3726,13,"ZNF804A;APP"
"GOBP_REGULATION_OF_DENDRITIC_SPINE_MORPHOGENESIS",0.986279138388905,1,0.258343010306151,0.640307643947605,6684,46,"IL1RAPL1;SRCIN1;EFNA1;GRM5;CAPRIN2"
"GOBP_REGULATION_OF_DNA_METABOLIC_PROCESS",1,1,-0.0977241781542196,-0.350693809882609,912,486,"UCN;TBX21;ANKRD1;CIDEA;KHDC3L;PARP3;GMNC;ACTL6B;NPM2;OOEP;NOX4;MAPK15;H1-3;MYC;FBXO4;EXOSC3;RAD51;DTL;DPF1;EYA3;FIGNL1;WEE1;NPAS2;ACTB;GLI2;NSMCE1;TAF12;DNAJC2;ACVRL1;WRN;ORC5;H2AX;SGF29;CDK9;CHEK1;DUSP1;SIRT7;KDM4D;PIAS4;CGAS;SPIRE1;INO80;SETD7;TENT4B;MCM5;SMARCA4;CD40;ACTL6A;TFIP11;TAF5;SENP3;TP53BP1;ZNF365;CHTF18;ZBTB38;PARN;CAMSAP3;RTEL1;NVL;CLCF1;CASP3;IL7R;PRKD2;CACYBP;GTPBP4;HDAC10;SPIDR;ING5;E2F8;MRNIP;H1-2;MORF4L2;UPF1;SMG6;MCM2;IER3;TFRC;TTF1;SMARCE1;FMN2;YEATS4;FGFR4;MRGBP;NAT10;RADX;ERCC1;MCM6;RPA2;MARCHF6-DT;DMAP1;TRIM28;CCT2;FOXM1;HSP90AA1;LIG3;HDGFL2;NUDT16L1;RNF126;TERF2IP;HMGA2;DPF2;BCL7A;TERF2;CSNK2A1;SF3B5;VPS72;BCL7C;SUPT7L;HNRNPC;HNRNPU;NIBAN2;PIF1;KAT7;PINX1;LMNA;MCRS1;BRD7;TAF5L;ENY2;TICRR;PELI1;CDK1;RAD50;RUVBL2;TNFAIP1;RNF8;SSBP1;PARP1;HSF1;TFDP1;KDM1A;C1QBP;ID3;BLM;MSH3;SHLD3;ERCC4;HNRNPA2B1;UBE2B;TAF4;FUS;MAD2L2;MCM4;PAXIP1;HNRNPD;HMGB1;SUB1;MCM7;CDK2;NDFIP1;TP53;DKC1;ACD;CDC6;ATXN7L3;WRNIP1;SMARCB1;SKP2;PCNA;MGMT;UBQLN4;CCT7;PTGES3;CCT4;RFC3;RIOX1;CEBPG;TADA3;MSH2;HELB;SUPT20H;KPNA2;GMNN;PPP4C;SF3B3;BRCC3;PRMT1;AKT1;PLK1;MORF4L1;INO80B;SMG5;CCNA2;CCT6A;TOP2B;MAP2K7;BABAM2;RFC2"
"GOBP_REGULATION_OF_DOPAMINERGIC_NEURON_DIFFERENTIATION",0.0471830985915493,1,-0.814902453169462,-1.47280111755259,200,7,"WNT3A;FGF20"
"GOBP_REGULATION_OF_ENDOPLASMIC_RETICULUM_UNFOLDED_PROTEIN_RESPONSE",0.996655009882925,1,0.231803470863452,0.550903649866284,6554,36,"ERN1;CREBRF;BBC3;PIK3R1;PIGBOS1;ABCA7;FICD;ATF6;ATF6B;BAX;UFL1;DNAJB9;PTPN2"
"GOBP_REGULATION_OF_ESTABLISHMENT_OF_PROTEIN_LOCALIZATION_TO_MITOCHONDRION",0.988357457520453,1,-0.243701403512041,-0.679393031864955,3140,52,"UBL4B;RAC2;C11orf65;LRRK2;FBXW7;SREBF1;FZD5;BAG3;USP36;DNAJA1;GSK3A;MAPT;SREBF2;UBE2J2;PRKN;HSPA1L"
"GOBP_REGULATION_OF_EXCITATORY_SYNAPSE_ASSEMBLY",0.992457737321196,1,-0.229351798422774,-0.525443125902595,3815,19,"CASKIN1;CRIPT;LRFN1;LRFN4;GRID2;CBLN1;PTK2B;LRRC4B;LATS1;VSTM5;PTPN13;ABI3;PTPRD;PTPRS;FGFR1;IL1RAP;SEMA4A;CLSTN3;PRICKLE1"
"GOBP_REGULATION_OF_EXECUTION_PHASE_OF_APOPTOSIS",0.845136312308437,1,0.34519212705526,0.744497229673102,5238,21,"HTR2A;FZD3;CASP8;PTGIS"
"GOBP_REGULATION_OF_FATTY_ACID_METABOLIC_PROCESS",0.887444690265487,1,0.291215168006947,0.795318217998784,6417,92,"APOA5;FMO1;GIP;AVPR1A;ABCD2;CEACAM1;TPK1;TWIST1;ERFE;KIF12;ETFBKMT;PPARG;SOX9;UBR4;ACADL;PDK1;KAT2B;FMO2;MLXIPL"
"GOBP_REGULATION_OF_GENERATION_OF_PRECURSOR_METABOLITES_AND_ENERGY",0.952963061387191,1,0.272321748222664,0.769137276595738,7171,126,"ZBTB20;PFKFB1;HTR2A;ALDOB;GAPDHS;PPP1R3G;OAS1;IL10RB;SLC4A4;POMC;ACTN3;P2RX7;PPP1R3E;PPP1R3F;DDIT4;PPP1R3C;SLC4A1;FBP1;MLXIPL;PHKA1"
"GOBP_REGULATION_OF_GLUCOCORTICOID_METABOLIC_PROCESS",0.200397812033814,1,0.632481038766723,1.23886719522712,1208,13,"BMP5;WNT4;NR5A2;POMC;H6PD"
"GOBP_REGULATION_OF_GLUCOSE_METABOLIC_PROCESS",0.999636231356857,1,-0.211382451102656,-0.645239730963076,2747,94,"PRKAG3;LEP;RORC;GCK;C1QTNF12"
"GOBP_REGULATION_OF_GLUTAMATE_RECEPTOR_CLUSTERING",0.724178403755869,1,-0.444451986844184,-0.803273300229541,3084,7,"FRRS1L;SHISA7"
"GOBP_REGULATION_OF_GLUTAMATE_RECEPTOR_SIGNALING_PATHWAY",0.826065287814603,1,-0.360521684401223,-0.74337844339512,3314,12,"FRRS1L;EPHB2"
"GOBP_REGULATION_OF_GLUTAMATE_SECRETION",0.979960899315738,1,0.276967670672503,0.571653238595478,6014,17,"AVPR1A;GRM7;P2RX7"
"GOBP_REGULATION_OF_GLUTAMATE_SECRETION_NEUROTRANSMISSION",0.458588609031087,1,-0.618337231053357,-1.04622311526621,2020,5,"KMO;DTNBP1;STXBP1"
"GOBP_REGULATION_OF_GLYCOGEN_METABOLIC_PROCESS",0.77653471026965,1,-0.319347471433029,-0.821482353806349,2706,33,"PRKAG3"
"GOBP_REGULATION_OF_GLYCOPROTEIN_METABOLIC_PROCESS",0.999405822935235,1,-0.205604834360445,-0.542913430886638,3363,38,"CCR7;MUSTN1"
"GOBP_REGULATION_OF_HORMONE_METABOLIC_PROCESS",0.607444243520193,1,0.381113153067714,0.913925134502295,4030,38,"BMP5;DUOX1;LHCGR;WNT4;NR5A2;PAX8;GATA3;EGR1;POMC;DAB2;HPN;AKR1C3;H6PD;STC2;GNB3"
"GOBP_REGULATION_OF_HUMORAL_IMMUNE_RESPONSE",0.937998772252916,1,0.295552457332763,0.692596477847183,6111,33,"KLK3;A2M;GATA6;PTPRC;SPINK5;CD37;MASP1;HPX"
"GOBP_REGULATION_OF_HUMORAL_IMMUNE_RESPONSE_MEDIATED_BY_CIRCULATING_IMMUNOGLOBULIN",0.765013705457264,1,-0.382242219142326,-0.78816514556636,3069,12,"FCGR2B;LTA"
"GOBP_REGULATION_OF_HYDROGEN_PEROXIDE_METABOLIC_PROCESS",0.418812133571246,1,-0.480908527096597,-1.02486345829175,1642,14,"DUOXA1;RAC2"
"GOBP_REGULATION_OF_IMMUNE_EFFECTOR_PROCESS",0.247987868890703,1,0.35401607025432,1.08197195606373,2125,322,"MR1;CD22;ARG1;HAVCR2;CD274;CFB;KLK3;IL12B;TIGIT;CLEC7A;CD226;CD96;HTR2A;PLA2G5;A2M;CX3CR1;BTLA;IL2RG;APOA2;RSAD2;XCL1;SCIMP;SH2D1A;SASH3;HLA-DMB;ITGAM;SERPINB4;ITGB2;HLA-H;FCGR1A;BTK;WAS;ADGRE2;PTPRC;SPINK5;PIK3R6;SERPINB9;CD36;CD1C;CEACAM1;MZB1;GATA3;RIPK3;CD37;SPON2;FCER1G;CXCL6;NECTIN4;PKP3;MASP1;ULBP1;IRF5;POMC;IL6;WNT5A;CADM1;FOXP3;HPX;TNFSF13;SPI1;COLEC11;FGL2;P2RX7;CLC;HLA-G;RIGI;RC3H1;DDX60;BCL6;C4B;F2RL1;LGALS9;HLA-F;IL18;TNFSF4;HLA-A;B2M;MASP2;PDPK1"
"GOBP_REGULATION_OF_IMMUNE_RESPONSE",0.877758025724145,1,0.280709941923383,0.894256422958715,8393,820,"MR1;CD22;ARG1;HAVCR2;CD274;CFB;KLK3;GFI1;IL12B;TIGIT;CLEC7A;FCGR3A;ZAP70;SLC11A1;NLRC4;CD226;CD96;HLA-DRB5;CD3E;GBP1;FCRLB;BLNK;PLA2G5;A2M;C8G;FYB1;FCGR2C;BTLA;CD33;C5AR1;CLEC4D;RSAD2;XCL1;SCIMP;SH2D1A;GATA6;FYB2;TRAC;SASH3;GP6;HLA-DMB;TRIM15;ITGAM;CD8A;MYO1G;SERPINB4;ITGB2;CASR;HLA-H;CCL5;PARP9;STING1;LPXN;SLA2;IL15;FCGR1A;BTK;WAS;MEF2C;OAS1;PTPRC;BTN2A3P;CLEC6A;NFAM1;SPINK5;PIK3R6;IFIH1;SERPINB9;CD36;CD200R1;LILRA6;NAIP;PYDC1;TLR5;CD1C;CEACAM1;NPY;HCST;LRRC19;GATA3;RIPK3;BTN3A2;CD37;TMIGD3;BANK1;TLR6;FCER1G;RFTN1;BTN3A3;NECTIN4;MASP1;CACNB3;LIPA;ULBP1;FCGR2A;PARP14;IRF5;POMC;IL6;WNT5A;CARD14;CADM1;FOXP3;HPX;TLR7;TNFSF13;PDE4B;ECM1;SPI1;CARD9;ERMAP;NMI;PRKCB;RAB7B;MOG;COLEC11;PVRIG;ERAP1;FGL2;IDO1;CCDC92;P2RX7;CLC;HLA-G;RIGI;CD79B;PPARG;PTPN22;HMSD;RC3H1;PRKCQ;DDX60;BCL6;C4B;F2RL1;LGALS9;HLA-F;IL18;TNFSF4;INPPL1;HLA-A;B2M;MASP2;PDPK1;SLC46A2;HLA-DQB1;FOSL1"
"GOBP_REGULATION_OF_IMMUNE_SYSTEM_PROCESS",0.969641587978475,1,0.268938694348289,0.866574363874214,9549,1377,"MR1;TAL1;CD22;MICOS10-NBL1;ORM1;ARG1;HAVCR2;FGF10;CD274;CFB;LYVE1;GPR18;KLK3;ZBTB20;GFI1;IL12B;TIGIT;EGR3;CLEC7A;TSPAN32;FCGR3A;ZAP70;CNR2;SLC11A1;NLRC4;CD226;CEACAM7;CD96;HLA-DRB5;SIRPG;TNFAIP8L2;HTR2A;RAG2;CD209;CD3E;GBP1;FCRLB;BLNK;PLA2G5;POU4F2;CXCL8;TCIM;A2M;SIRPB1;IL7;C8G;FYB1;H4C2;VCAM1;CX3CR1;LST1;FCGR2C;BTLA;CD33;IL2RG;IKZF3;C5AR1;CCL25;APOA2;CLEC4D;RSAD2;XCL1;SCIMP;LRFN5;TACR1;IL31RA;BMP5;SH2D1A;GATA6;FYB2;TRAC;ILDR2;PSMB9;SASH3;GP6;HLA-DMB;SIGLEC15;TRIM15;ITGAM;CD8A;MYO1G;SERPINB4;ITGB2;CASR;HLA-H;CCL5;PARP9;BGLAP;STING1;LPXN;SLA2;IL15;FCGR1A;INHBA;BTK;WAS;MEF2C;OAS1;PRDM1;AIRE;ADGRE2;PTPRC;BTN2A3P;CLEC6A;NFAM1;H4C3;SPINK5;PIK3R6;IFIH1;SERPINB9;CD36;CD200R1;LILRA6;NAIP;PYDC1;TLR5;CD1C;NR5A2;CEACAM1;IL2RB;NPY;HCST;MZB1;LRRC19;GATA3;RIPK3;BTN3A2;CD37;TMIGD3;MAFB;MPL;PLAGL1;BANK1;TLR6;SPON2;FCER1G;RFTN1;DLL1;CXCL6;BTN3A3;NECTIN4;PKP3;ERFE;MASP1;L3MBTL1;CACNB3;LIPA;ULBP1;FCGR2A;SCIN;PARP14;SPHK1;ID2;IRF5;POMC;IL6;WNT5A;CARD14;CADM1;FOXP3;HPX;FAM3D;TLR7;TNFSF13;ITGB3;PDE4B;ZBTB49;YPEL4;ECM1;TMIGD2;SMARCA2;SPI1;MADCAM1;CARD9;ERMAP;NMI;PRKCB;FN1;RAB7B;PSMB8;MOG;COLEC11;PVRIG;ERAP1;FGL2;SH3KBP1;IDO1;CCDC92;P2RX7;IL1A;CLC;MAP3K8;HES1;HLA-G;RIGI;CD79B;PPARG;PTPN22;CCN3;FLT3LG;ITGA2;HMSD;RC3H1;PRKCQ;JAG1;DDX60;FAM210B;BCL6;C4B;TNFRSF13C;GPSM3;SOX9;F2RL1;LGALS9;HLA-F;IL18;CCDC88B;DPP4;PRKCA;TNFSF4;CLDN18;FBN1;ANKRD54;EMILIN1;INPPL1;HLA-A;B2M;MASP2;PDPK1;SLC46A2;HLA-DQB1"
"GOBP_REGULATION_OF_INFLAMMASOME_MEDIATED_SIGNALING_PATHWAY",0.433041301627034,1,-0.36101462866026,-0.998991140207953,1383,50,"TLR4;TRIM31;IRGM;PYDC5"
"GOBP_REGULATION_OF_INFLAMMATORY_RESPONSE",1,1,-0.218727028675529,-0.766801308354448,1323,353,"TNFRSF6B;TLR4;LBP;PLA2G10;CYP19A1;NLRP2;IRGM;FCGR2B;LILRA5;PLA2G2A;GHRL;IL10RA;TRADD;C3;CCR7;DUOXA1;PGLYRP1;NLRP1;TLR2;GGT1;IL16;LTA;PTGS2;PDCD1;EDNRB;CEBPA;BIRC3;MGLL;PTGER4;IL18R1;SERPINE1;C1QTNF12;ZP3;ANXA1;LYN;SYK;PTGER3;NR1H3;TREX1;NUPR1"
"GOBP_REGULATION_OF_INFLAMMATORY_RESPONSE_TO_ANTIGENIC_STIMULUS",0.723832773878547,1,-0.322025175228989,-0.862281547672446,2371,42,"FCGR2B;C3;CCR7;LTA;ZP3;LYN;SYK;RHBDF2;PRKAR1B;NPY5R;FGR;TREM2"
"GOBP_REGULATION_OF_INFLAMMATORY_RESPONSE_TO_WOUNDING",0.360897106659819,1,0.613471030266701,1.1115896206805,2107,9,"SIGLEC10;ALOX5;GIT1;DSG2"
"GOBP_REGULATION_OF_INHIBITORY_SYNAPSE_ASSEMBLY",0.671134941912422,1,0.541490833099338,0.872203466991984,3754,5,"CLSTN3;SEMA4A;LHFPL4;SEMA4D"
"GOBP_REGULATION_OF_INNATE_IMMUNE_RESPONSE",0.937471783295711,1,0.271229310279241,0.841470424621299,8305,418,"ARG1;HAVCR2;CD274;GFI1;IL12B;TIGIT;CLEC7A;NLRC4;CD226;CD96;PLA2G5;A2M;RSAD2;SCIMP;SH2D1A;TRIM15;SERPINB4;CASR;CCL5;PARP9;STING1;BTK;OAS1;CLEC6A;PIK3R6;IFIH1;SERPINB9;CD36;NAIP;PYDC1;TLR5;CEACAM1;LRRC19;TLR6;RFTN1;NECTIN4;MASP1;PARP14;IRF5;WNT5A;CADM1;HPX;TLR7;SPI1;CARD9;NMI;RAB7B;COLEC11;ERAP1;CCDC92;P2RX7;HLA-G;RIGI;PPARG;PTPN22;DDX60;F2RL1;LGALS9;HLA-F;HLA-A;B2M;MASP2;PDPK1;SLC46A2;FOSL1"
"GOBP_REGULATION_OF_INTRACELLULAR_LIPID_TRANSPORT",0.155795240541003,1,0.712879368260052,1.29171430672226,909,9,"ABCA12;ABCA2"
"GOBP_REGULATION_OF_IRE1_MEDIATED_UNFOLDED_PROTEIN_RESPONSE",0.98792394655704,1,-0.235624447094119,-0.510903257920953,3844,15,"BCL2L11;BAK1;COPS5;DDRGK1;DAB2IP;PTPN1;HSPA5;TMEM33;TMBIM6;BFAR;DNAJB9;UFL1;BAX;FICD;BBC3"
"GOBP_REGULATION_OF_IRON_ION_TRANSMEMBRANE_TRANSPORT",0.808894760017613,1,-0.458775778400087,-0.703923229699584,3673,3,"LCN2"
"GOBP_REGULATION_OF_IRON_ION_TRANSPORT",0.99159964253798,1,0.268935874295652,0.433187022976169,5547,5,"B2M;HEPH;ISCU"
"GOBP_REGULATION_OF_KETONE_METABOLIC_PROCESS",0.656258269383435,1,0.324528891011868,0.916835276985067,4959,124,"APOA5;FMO1;GIP;PROX1;BMP5;AVPR1A;ABCD2;BGLAP;MALRD1;WNT4;CEACAM1;GPRC6A;TPK1;EGR1;TWIST1;ERFE;DAB2;KIF12;ETFBKMT;PPARG;SOX9;UBR4;ACADL;PDK1;AKR1C3;KAT2B;FMO2;MLXIPL"
"GOBP_REGULATION_OF_L_GLUTAMATE_IMPORT_ACROSS_PLASMA_MEMBRANE",0.141422883849749,1,0.737020021203292,1.30340925822639,816,8,"SLC17A8;SEPTIN2;PSEN1"
"GOBP_REGULATION_OF_LIPID_BIOSYNTHETIC_PROCESS",0.877434135166094,1,0.286069364188729,0.833882600573047,6893,174,"ZBTB20;GFI1;APOA5;HTR2A;GIP;PROX1;BMP5;AVPR1A;ABCD2;BGLAP;NR5A1;MALRD1;LHCGR;WNT4;NR5A2;CEACAM1;GPRC6A;EGR1;PDGFA;SPHK1;POMC;ABCA3;DHH;DAB2;KIF12;ASXL3;SAMD8;UBR4;ACADL;AKR1C3;KAT2B;NR0B1;CCDC3;MLXIPL;AVIL"
"GOBP_REGULATION_OF_LIPID_CATABOLIC_PROCESS",0.8855641512188,1,0.302659540961541,0.769448547868415,6066,54,"APOA5;ENDOU;HCAR1;APOA2;ABCD2;ADRA2A;TWIST1;HPGD"
"GOBP_REGULATION_OF_LIPID_LOCALIZATION",0.504065040650406,1,-0.304636314234501,-0.977283754526863,1177,144,"PON1;PLA2G10;ACSL5;CYP19A1;PRAP1;OXT;CES1;GHRL;C3;LEP;EGF;ABCA13;SPP1;ABCA8;ABCB4;SYK;NR1H3;DISP3;OSBPL6;PLA2G3;FABP3;XRCC4;SAR1B;CRY2;PLIN5;ZC3H12A;PCSK9;ACSL4;NFKB1;ABCA5;NTSR1;TAC1;TREM2;TMEM97"
"GOBP_REGULATION_OF_LIPID_METABOLIC_PROCESS",0.920051960321209,1,0.274585063701206,0.834922170164827,7790,301,"ZBTB20;GFI1;APOA5;PSAPL1;ENDOU;FMO1;HTR2A;GIP;PROX1;HCAR1;APOA2;BMP5;AVPR1A;ABCD2;FMO5;BGLAP;CH25H;NR5A1;MALRD1;LHCGR;WNT4;NR5A2;CEACAM1;GPRC6A;TPK1;EGR1;ADRA2A;TWIST1;HPGD;ERFE;HNF4A;PDGFA;SPHK1;ID2;POMC;ABCA3;DHH;DAB2;TTC39B;KIF12;ETFBKMT;PPARG;LACTB;SOX9;ASXL3;BCL11B;PNPLA2;SAMD8;UBR4;ACADL;PDK1;AKR1C3;KAT2B;PLCG2;SORL1;FMO2;NR0B1;CLSTN3;CCDC3;MLXIPL;AVIL;RNF213"
"GOBP_REGULATION_OF_LIPID_STORAGE",0.65947752126367,1,-0.333891427833933,-0.890898621628316,2170,41,"PLA2G10;CES1;C3;LEP"
"GOBP_REGULATION_OF_LIPOPROTEIN_METABOLIC_PROCESS",0.654009819967267,1,0.433476310477028,0.872902893654911,3995,15,"HHATL;ITGB3;PIK3C3;ITGAV;RAB3GAP2"
"GOBP_REGULATION_OF_LONG_CHAIN_FATTY_ACID_IMPORT_ACROSS_PLASMA_MEMBRANE",0.050909928587883,1,-0.833561661226858,-1.45385119361508,220,6,"ACSL5"
"GOBP_REGULATION_OF_LONG_TERM_NEURONAL_SYNAPTIC_PLASTICITY",0.998370450841934,1,-0.215522548868709,-0.529748678288952,3675,26,"NETO1;EPHB2;GRIK2;KCNJ10;HRAS;NF1;FMR1;RAB8A;FXR1;FXR2;NEURL1;SYNGAP1;SHANK3;RAB5A;DRD2;KRAS;RAB11A;SNCA;APP;SYP;CAMK2B;DLG4;KIT;NPTN;GRM5;SYNGR1"
"GOBP_REGULATION_OF_LONG_TERM_SYNAPTIC_DEPRESSION",0.878984192796061,1,-0.327927954946008,-0.722264702640403,3391,16,"SORCS3;PENK;IQSEC2;ARC;MAPT;ADORA1;GRID2;CBLN1"
"GOBP_REGULATION_OF_LONG_TERM_SYNAPTIC_POTENTIATION",0.870491803278688,1,0.315566094938424,0.767428364933781,5840,41,"SLC18A3;CYP46A1;FAM107A;ADCY8;NRGN;MME"
"GOBP_REGULATION_OF_MACROAUTOPHAGY",1,1,-0.125657947919091,-0.417111982680088,2000,194,"IRGM;EPM2A;NUPR1;LRRK2;PHF23;LZTS1;RUBCN;FEZ2;FBXW7;HMOX1;ATP6V1C1;UBE2A;PIK3R4;SREBF1;FZD5;EXOC1;ZDHHC19;BAG3;SNX7;USP36;PSMD14;STUB1;WDR45;GPSM1;VPS35;USP30;GSK3A;CASP3;CERS1;ATP6V0A2;SREBF2;AMBRA1;HK2;PIP4K2C;TRIM32;ATP6V1D;PRKN;ATP6V1E1;MUL1;GNAI3;CDK5R1;TOMM7;SNX18;PIP4K2A;QSOX1;CSNK2A1;HIF1A;SNX6;PPTC7;PIP4K2B;UBQLN2;SUPT5H;CDC37;VDAC1;TBK1;CLN3;CUL1;POLDIP2;ATG5;CAPNS1;UVRAG;BECN1;NPC1;ATP5IF1;VPS26A;UCHL1;C9orf72;MOAP1;UBQLN4;CDK5;LYPLA1;ATP6V0C;UBQLN1;NOD1;ELAPOR1"
"GOBP_REGULATION_OF_MAST_CELL_ACTIVATION_INVOLVED_IN_IMMUNE_RESPONSE",0.621965055593374,1,-0.527582431793472,-0.892666505638668,2740,5,"CD300A;PTPN6;FER;SPHK2"
"GOBP_REGULATION_OF_MEMBRANE_LIPID_DISTRIBUTION",0.989125769065675,1,0.250770803214812,0.655582907220291,6912,66,"ABCA12;XKR9;ATP8B1;ABCA3;TLCD2;P2RX7;ABCB1;ATP8B3;ATP10D;SLC4A1;ABCA4;ATP11A;ABCA7;ATP10A;ATP8A1;ANO9;ANO6;SYT1;TMEM30A;TMEM63B;ABCA2;TMEM30B;TLCD1;SERINC3;GBA2;SERINC5;ABCA1;ABCG1"
"GOBP_REGULATION_OF_MEMBRANE_LIPID_METABOLIC_PROCESS",0.918572133574601,1,0.335957252136722,0.666871253547083,5583,14,"SPHK1;SAMD8;PAQR4;ABCA2;PRKAA1;SCARB2;PRKCD;ORMDL2;SIRT3"
"GOBP_REGULATION_OF_MESENCHYMAL_TO_EPITHELIAL_TRANSITION_INVOLVED_IN_METANEPHROS_MORPHOGENESIS",0.209334726576106,1,0.723981759300252,1.24465666520441,1201,7,"WNT9B;PAX8;GDNF;STAT1"
"GOBP_REGULATION_OF_MESONEPHROS_DEVELOPMENT",0.222877569258266,1,0.766056418016184,1.2339212833592,1246,5,"HNF1B;GDNF;GATA3;SIX1"
"GOBP_REGULATION_OF_METANEPHROS_DEVELOPMENT",0.00578549176680018,1,-0.945148986026617,-1.52866761273989,25,4,"WT1"
"GOBP_REGULATION_OF_MIRNA_METABOLIC_PROCESS",1,1,0.161225517164038,0.433435751797825,7133,82,"GATA3;EGR1;TWIST1;APLN;PAX6;IL6;NFATC4;SPI1;PPARG;RC3H1;SOX9;KLF4;FOSL1;MYB;FOXA1;SMAD4;TGFB1;PDGFB;FGF2;SMAD3"
"GOBP_REGULATION_OF_MITOCHONDRIAL_ATP_SYNTHESIS_COUPLED_ELECTRON_TRANSPORT",0.340140845070423,1,-0.63091768104121,-1.14027913660968,1448,7,"CHCHD2;NDUFA4L2"
"GOBP_REGULATION_OF_MITOCHONDRIAL_DEPOLARIZATION",0.841703917959506,1,-0.327104813687446,-0.765906498286704,3200,21,"MYOC"
"GOBP_REGULATION_OF_MITOCHONDRIAL_DNA_METABOLIC_PROCESS",0.793744414655943,1,0.4664265420342,0.751294061121584,4440,5,"STOX1;METTL4;ENDOG;SSBP1;LIG3"
"GOBP_REGULATION_OF_MITOCHONDRIAL_ELECTRON_TRANSPORT_NADH_TO_UBIQUINONE",0.774475927205713,1,-0.43207802796685,-0.753606104879977,3361,6,"NDUFA4L2"
"GOBP_REGULATION_OF_MITOCHONDRIAL_FISSION",0.194105979030887,1,-0.472410376976958,-1.19054747946797,684,30,"IRGM;C11orf65;MIEF2;LRRK2;INF2;SPIRE1;VPS35;PGAM5;MAPT;PRKN;MUL1"
"GOBP_REGULATION_OF_MITOCHONDRIAL_FUSION",0.797858781544736,1,-0.365040699181828,-0.777937699793747,3129,14,"PLD6;TFRC;PRKN;MUL1;MIEF1;ADCK1;VAT1;MTCH2;BNIP3"
"GOBP_REGULATION_OF_MITOCHONDRIAL_GENE_EXPRESSION",0.988885722428042,1,-0.239579725204942,-0.608611122527581,3469,31,"MALSU1;COA3;DDX3X;MTERF3;TEFM;FASTKD3;NSUN3;MPV17L2;ALKBH1;C1QBP;TACO1;TRMT10C;CDK5RAP1;MTG1;RPUSD4;RMND1;KANSL3;THAP11;MTG2;TRUB2;NGRN;KAT8;RPUSD3;SHMT2;METTL8;LRPPRC;PRKAA1;UQCC2;KANSL1;MTRES1;METTL4"
"GOBP_REGULATION_OF_MITOCHONDRIAL_MEMBRANE_PERMEABILITY",1,1,-0.152503733831857,-0.427079242555207,3150,54,"SLC25A31;BCL2L11;BID;PPIF;LRRK2;HSPA1A;BAD;BAK1;GSK3A;IER3;HK2;MUL1;SLC9A1;CASP6;SLC35F6;RHOT2;GCLC;RTL10;FZD9;ATP5IF1;SIVA1"
"GOBP_REGULATION_OF_MITOCHONDRIAL_MEMBRANE_PERMEABILITY_INVOLVED_IN_APOPTOTIC_PROCESS",1,1,-0.143033149809417,-0.381645125899265,3291,41,"BCL2L11;BID;LRRK2;HSPA1A;BAK1;GSK3A;IER3;MUL1;CASP6;SLC35F6;RHOT2;GCLC;RTL10;FZD9;ATP5IF1;SIVA1;BOK;BCL2L1;MTCH2;BNIP3;VDAC2;SLC25A5;BNIP3L;STPG1;ATF2;ACAA2;THEM4;MPV17L;TMEM102;GSK3B;NAIF1;TMEM14A;ZNF205;HIP1R;BAX;RHOT1;BLOC1S2;PPM1K;NOL3;CAMK2A;EYA2"
"GOBP_REGULATION_OF_MITOCHONDRIAL_MEMBRANE_POTENTIAL",1,1,-0.152204736003655,-0.445885377826106,2957,71,"MYOC"
"GOBP_REGULATION_OF_MITOCHONDRIAL_MRNA_STABILITY",0.822769953051643,1,-0.394653327420474,-0.713270477233242,3504,7,"FASTKD5;TBRG4;FASTKD3;FASTK;PDE12"
"GOBP_REGULATION_OF_MITOCHONDRIAL_OUTER_MEMBRANE_PERMEABILIZATION_INVOLVED_IN_APOPTOTIC_SIGNALING_PATHWAY",0.440263157894737,1,-0.422123056902378,-1.00067064495438,1672,22,"LRRK2;HSPA1A;BAK1;GSK3A;IER3;MUL1;CASP6;SLC35F6;GCLC;FZD9;ATP5IF1;SIVA1;BOK;BCL2L1"
"GOBP_REGULATION_OF_MITOCHONDRIAL_RNA_CATABOLIC_PROCESS",0.796687088722487,1,-0.421507939559383,-0.71318906170993,3510,5,"GRSF1;SLIRP;PNPT1;SUPV3L1;LRPPRC"
"GOBP_REGULATION_OF_MITOCHONDRIAL_TRANSCRIPTION",0.92552645095018,1,0.343369807205403,0.622174960044413,5405,9,"METTL4;MTRES1;KANSL1;PRKAA1"
"GOBP_REGULATION_OF_MITOCHONDRIAL_TRANSLATION",0.582894736842105,1,-0.386220759283295,-0.915561872224773,2214,22,"MALSU1;COA3;DDX3X;FASTKD3;NSUN3;MPV17L2;ALKBH1;C1QBP;TACO1;TRMT10C;CDK5RAP1;MTG1;RPUSD4;RMND1"
"GOBP_REGULATION_OF_MITOCHONDRION_ORGANIZATION",0.902006172839506,1,-0.269991912798977,-0.843013235659917,2337,112,"IRGM;PLD6;BCL2L11;C11orf65;BID;MIEF2;PPIF;LRRK2;INF2;HSPA1A;PSMD10;BAD;SIRT7;SPIRE1;MGARP;FXN;BAK1;RAP1GDS1;VPS35;PGAM5;AKT3;GSK3A;MAPT;IER3;TFRC;PRKN;MUL1;MLLT11;OPA1;MIEF1;GHITM;LMNA;CASP6;PLSCR3;SSBP1;PRELID1;SLC35F6;GCLC;PRMT6;TP53;FZD9;HIGD1A;ATP5IF1;SIVA1;MOAP1;ADCK1;VAT1;GPER1;AKT1;ATP13A2;BOK;PISD;ENDOG;FAM162A;TMEM135;BCL2L1;MTCH2"
"GOBP_REGULATION_OF_MITOTIC_CENTROSOME_SEPARATION",0.971597633136095,1,-0.258786433899869,-0.481567640716572,4104,8,"CHEK1;NSFL1C;CEP85;NEK2;MAP9;KIF11;UBXN2B;KIF25"
"GOBP_REGULATION_OF_MITOTIC_CYTOKINESIS",0.991415613864593,1,0.245573853149455,0.524038815368132,6120,20,"DCDC1;WNK1;EXOC7"
"GOBP_REGULATION_OF_MODIFICATION_OF_POSTSYNAPTIC_ACTIN_CYTOSKELETON",0.749765258215962,1,-0.432994864951636,-0.782566451377079,3193,7,"PRMT8"
"GOBP_REGULATION_OF_MODIFICATION_OF_POSTSYNAPTIC_STRUCTURE",0.415649140294044,1,-0.501327887863408,-1.03371408998443,1667,12,"PRMT8;RHOB;CAMKV;EGLN1"
"GOBP_REGULATION_OF_MODIFICATION_OF_SYNAPTIC_STRUCTURE",0.37888198757764,1,-0.469052470136662,-1.04374290635222,1463,17,"PRMT8;RHOB;CAMKV;EGLN1;EPHA4;CLN3;BAIAP2;AGAP1"
"GOBP_REGULATION_OF_MOTOR_NEURON_APOPTOTIC_PROCESS",0.92887323943662,1,-0.310108816857,-0.560470287276117,3956,7,"ZPR1;KCNB1;MAP2K7;VPS54;MAP2K4;CRLF1;MAP3K12"
"GOBP_REGULATION_OF_MRNA_METABOLIC_PROCESS",1,1,0.151978504616183,0.4658497012556,8640,338,"A1CF;CELF6;SLC11A1;PIWIL1;NANOS3;NANOS2;RBFOX1;DAZL;CALCR;GDNF;CELF3;ELAVL4;RBM20;PKP3;ZC3H12C;KHDRBS2;CPEB3;SLC39A5;NOVA1"
"GOBP_REGULATION_OF_MYELOID_DENDRITIC_CELL_ACTIVATION",0.10292249047014,1,0.852441368704345,1.31958973825467,566,4,"HAVCR2;TSPAN32;CLEC4D;CD37"
"GOBP_REGULATION_OF_NADP_METABOLIC_PROCESS",0.0889735156655704,1,0.769769467078216,1.36132618005636,513,8,"ALDOB;MTOR;ME1;ME2;MLST8"
"GOBP_REGULATION_OF_NATURAL_KILLER_CELL_MEDIATED_IMMUNE_RESPONSE_TO_TUMOR_CELL",0.234891285738743,1,0.673385843987814,1.2201533209557,1371,9,"HAVCR2;IL12B;CD226;CEACAM1"
"GOBP_REGULATION_OF_NEUROBLAST_PROLIFERATION",0.557522123893805,1,0.411620485341406,0.944089647782606,3590,29,"CX3CR1;DCT;SIX3;PAX6;FZD3;CX3CL1;TGFB1"
"GOBP_REGULATION_OF_NEUROFIBRILLARY_TANGLE_ASSEMBLY",0.97915562621445,1,0.283105198400492,0.470791535576603,5542,6,"SORL1;DYRK1A;CLU"
"GOBP_REGULATION_OF_NEUROGENESIS",1,1,0.192669760712965,0.590524586814349,8640,337,"IL1RAPL1;DLX1;POU4F2;SHOX2;F2;NR2E1;CX3CR1;TLX2;DCT;PITX3;GPR37L1;DLL4;ISLR2;ASCL1;NGF;FEZF1;NTN1;PLXNC1;EGR2;GFAP;DLL1;NIN;SLITRK1;PAX6;NRP1;ID2;IL6;WNT5A;NFATC4;TENM4;DSCAM;SEMA6D;FN1;HES1;HES3;NEFL;PLAG1;B2M;CXCR4;GRM5;MME;SORL1;NTRK3;CAPRIN2;HES2;L1CAM;ROBO1;FZD3;ID4;HOOK3;SLIT2;SPEN;IL6ST;TRIM46;CDKL3;NEGR1;WNT3;CX3CL1"
"GOBP_REGULATION_OF_NEUROINFLAMMATORY_RESPONSE",0.883942517963136,1,0.319183389285369,0.727324860549551,5658,28,"CCL5;PTPRC;CD200R1;SPHK1;IL6;IL18;PLCG2"
"GOBP_REGULATION_OF_NEUROMUSCULAR_JUNCTION_DEVELOPMENT",0.193961882273571,1,0.659411465965207,1.24730865258592,1149,11,"SLC18A3;SIX1"
"GOBP_REGULATION_OF_NEURON_APOPTOTIC_PROCESS",0.995974136879346,1,0.248716862539949,0.744157705912418,8163,235,"CHL1;DLX1;EN2;HTR2A;CX3CR1;FAIM2;PCDHGC5;PITX3;MEF2C;ASCL1;NAIP;NGF;CASP4;GDNF;GATA3;PCDHGC3;EGR1;PCDHGC4;NRP1;NFATC4;DKK1;SEMA3E;AGAP2;NEFL"
"GOBP_REGULATION_OF_NEURON_DIFFERENTIATION",0.871368232433124,1,0.287334809976781,0.835807864939979,6807,171,"MICOS10-NBL1;DLX1;NKX2-5;LTK;POU4F2;NR2E1;TLX3;PROX1;NEUROG1;MMD2;GPR37L1;VWC2;MEF2C;ASCL1;SIX3;NGF;FEZF1;TBX6;DLL1;GDF7;PAX6;BRINP2;ID2;NEUROG3;CYB5D2;DKK1"
"GOBP_REGULATION_OF_NEURON_MATURATION",0.918579881656805,1,-0.322335493915157,-0.599824113593195,3880,8,"EDNRB;MAP3K13;LRRK2"
"GOBP_REGULATION_OF_NEURON_MIGRATION",0.985051385861102,1,-0.24855398787962,-0.6855037735973,3162,49,"RELN;NTNG2;COL3A1"
"GOBP_REGULATION_OF_NEURON_PROJECTION_ARBORIZATION",0.810123329907503,1,-0.355627930038829,-0.771106183187972,3152,15,"NTNG2;MAP3K13"
"GOBP_REGULATION_OF_NEURON_PROJECTION_DEVELOPMENT",1,1,0.204663055385255,0.635667220706933,8884,427,"IL1RAPL1;GFI1;ZNF804A;LTK;POU4F2;SHOX2;NR2E1;TLX2;RTN4RL1;RIT2;BMP5;CSMD3;ISLR2;SRCIN1;EPHB3;NGF;NTN1;GATA3;PLXNC1;TBX6;GFAP;POU3F2;NIN;SLITRK1;STMN2;LRRC7;SNAP25;SEZ6;NRP1;NEUROG3;HECW2;WNT5A;NFATC4;NEU4;EFNA1;DKK1;DSCAM;SEMA6D;FN1;DAB2;DDR2;HES1;PRAG1;NEFL;ATP1B2;INPP5F;RTN4RL2;ADGRB3;KLK6;KLF4;B2M;KANK1;GRM5;KIF13B;KAT2B;NTRK3;CAPRIN2;COBL;RETREG3;SARM1;L1CAM;AVIL;FEZ1;ROBO1;ARSB;FAT3;NRCAM;SLIT2;LRIG2;TENM3;TRIM46;CDKL3;NEGR1;MYLIP;PMP22;WNT3;CX3CL1"
"GOBP_REGULATION_OF_NEURON_PROJECTION_REGENERATION",0.995833333333333,1,-0.217776857699913,-0.542276190190727,3584,28,"PRRX1"
"GOBP_REGULATION_OF_NEURONAL_ACTION_POTENTIAL",0.92920200796261,1,0.343804025743911,0.608012451871388,5367,8,"TRPA1;UNC80;UNC79;NALF1;GBA1"
"GOBP_REGULATION_OF_NEURONAL_SYNAPTIC_PLASTICITY",0.998702562439183,1,-0.212896991301524,-0.606655679274041,3078,60,"GSG1L;NETO1;RASGRF1;GRIN2C;EPHB2;GRIN2A;SYT4;GRIN2B;GRIK2;SYAP1;KCNJ10;ARC;NCDN;RAB3A;HRAS;DBN1;NF1"
"GOBP_REGULATION_OF_NEUROTRANSMITTER_RECEPTOR_ACTIVITY",0.383357664233577,1,-0.394230978696472,-1.03129120039205,1312,36,"OPRM1;CACNG2;PSCA;LYNX1;CRHBP"
"GOBP_REGULATION_OF_NEUROTRANSMITTER_RECEPTOR_LOCALIZATION_TO_POSTSYNAPTIC_SPECIALIZATION_MEMBRANE",0.935500650195059,1,-0.296290116991533,-0.678798275473291,3596,19,"NETO1;GPC4;IQSEC2;TRAF6;GPC6;HRAS;OLFM1"
"GOBP_REGULATION_OF_NEUROTRANSMITTER_SECRETION",0.786292573981016,1,0.313473128282435,0.847102804351942,5632,86,"SLC18A3;SV2C;P2RX1;BGLAP;MEF2C;CPLX3;NPY;NGF;CAMK2A;CACNA1B;PRKCB;SV2B"
"GOBP_REGULATION_OF_NEUROTRANSMITTER_TRANSPORT",0.671596822788277,1,0.326905228863423,0.904822543633749,4903,104,"SLC17A8;SLC18A3;SV2C;P2RX1;BGLAP;MEF2C;CPLX3;NPY;NGF;GDNF;GFAP;CAMK2A;CACNA1B;ITGB3;PRKCB;SV2B;DRD4"
"GOBP_REGULATION_OF_NEUROTRANSMITTER_UPTAKE",0.764334305150632,1,0.375555730999924,0.801411786531435,4718,20,"SLC17A8;GDNF;GFAP;ITGB3;DRD4"
"GOBP_REGULATION_OF_NEUROTROPHIN_TRK_RECEPTOR_SIGNALING_PATHWAY",0.927349703640982,1,0.340678357175819,0.632015478892093,5475,10,"DOK5;TMEM108;AGT;SPRY2;CYFIP1;SPRY1"
"GOBP_REGULATION_OF_NITRIC_OXIDE_METABOLIC_PROCESS",0.847388294524858,1,-0.292842285393858,-0.816388437919544,2692,52,"TLR4;OPRM1;PTGS2;KLF2"
"GOBP_REGULATION_OF_NUCLEOTIDE_METABOLIC_PROCESS",0.620549481356882,1,0.342476752237762,0.920708279871232,4426,82,"ZBTB20;PFKFB1;GUCA1ANB-GUCA1A;HTR2A;ALDOB;GAPDHS"
"GOBP_REGULATION_OF_OLIGODENDROCYTE_DIFFERENTIATION",0.997122084216904,1,0.229460414683556,0.547617801174342,6582,37,"DLX1;ID2;TENM4;HES1;CXCR4;ID4"
"GOBP_REGULATION_OF_OXIDATIVE_PHOSPHORYLATION",0.999736842105263,1,-0.179824561403509,-0.426286024645896,3798,22,"NUPR1;PPIF;NDUFA4L2;SLC25A33;TEFM;SLC25A23;ETFRF1;VCP;TMEM135;RHOA;MACROH2A1;ATP7A;PINK1;SHMT2;SIRT3;SNCA;DNAJC15;ABCD1;UQCC2;AK4;MLXIPL;ACTN3"
"GOBP_REGULATION_OF_OXIDATIVE_STRESS_INDUCED_INTRINSIC_APOPTOTIC_SIGNALING_PATHWAY",0.499625243591665,1,0.403430449508171,0.976834805816335,3332,40,"NOX1;GATA4;NOL3;PRODH"
"GOBP_REGULATION_OF_PEPTIDYL_SERINE_PHOSPHORYLATION",0.653055555555556,1,-0.354788384686206,-0.88344232533958,2350,28,"IRGM;IL11;TENM1;GADD45A"
"GOBP_REGULATION_OF_PEPTIDYL_TYROSINE_PHOSPHORYLATION",0.617546848381601,1,0.347678582885812,0.918044787135955,4349,71,"FGF10;IL7;ERBB4;IL2RG;IL31RA;ITGB2;PARP9;GPRC5A;IL15;SRCIN1;IL10RB;BANK1;DMTN;PARP14;IL6"
"GOBP_REGULATION_OF_PERK_MEDIATED_UNFOLDED_PROTEIN_RESPONSE",0.976104830421377,1,-0.261779299203816,-0.567614687138427,3798,15,"PPP1R15A;ATAD3A;AKT3;NCK1;AKT1;BOK;DDRGK1;NCK2;PTPN1;HSPA5;TMEM33;AKT2;PPP1R15B;PTPN2;ABCA7"
"GOBP_REGULATION_OF_PHOSPHATIDYLCHOLINE_METABOLIC_PROCESS",0.934342201610935,1,-0.310567594497633,-0.606951303012075,3827,10,"FABP3;CAPN2;LDLR;SCARB1;ACSL3"
"GOBP_REGULATION_OF_PHOSPHOLIPID_BIOSYNTHETIC_PROCESS",0.950512778772587,1,0.311249925632529,0.635414433278485,5838,16,"HTR2A;PDGFA"
"GOBP_REGULATION_OF_PHOSPHOLIPID_CATABOLIC_PROCESS",0.611300204220558,1,-0.533050434470045,-0.901918335396392,2693,5,"LDLR;IDH1;SCARB1"
"GOBP_REGULATION_OF_PHOSPHOLIPID_METABOLIC_PROCESS",0.998615597600369,1,0.208978404004844,0.48682393521616,6491,32,"HTR2A;PDGFA;ABCA3"
"GOBP_REGULATION_OF_PHOSPHOLIPID_TRANSLOCATION",0.707510778307239,1,-0.476083439971551,-0.805530501285164,3117,5,"ABCB4;XRCC4;ATP8A2"
"GOBP_REGULATION_OF_PHOSPHORUS_METABOLIC_PROCESS",1,1,0.192815014517647,0.60679303996709,9210,549,"FGF10;DIRAS2;ZBTB20;PFKFB1;GUCA1ANB-GUCA1A;HTR2A;ALDOB;IL7;ERBB4;IL2RG;MMD2;IL31RA;PTH1R;GAPDHS;TTC36;ITGB2;PARP9;GPRC5A;IL15;LTB;INHBA;ARHGEF5;PTPRC;ARRB1;WEE2;ADCY8;PIK3R6;SRCIN1;ANG;LHCGR;CEACAM1;RIPK3;AREG;IL10RB;TPK1;AVPR1B;BANK1;SLC4A4;TLR6;IGFBP3;TBX1;PDGFA;DMTN;PARP14;NRP1;IL6;WNT5A;CARD14;ABCA3;ACTN3;DEPTOR;DSCAM;FN1;DDR2;P2RX7;HES1;AGAP2"
"GOBP_REGULATION_OF_POLYSACCHARIDE_METABOLIC_PROCESS",0.859659781287971,1,-0.29768680706193,-0.79429642087222,2829,41,"PRKAG3;EGF;GCK;GCGR"
"GOBP_REGULATION_OF_POSTSYNAPSE_ASSEMBLY",0.815958422500764,1,-0.305001619727252,-0.820499838729163,2668,43,"HTR4;DOCK10;ARHGAP33;LZTS1;RHOG;VPS35;NECTIN3;S1PR2;SLC12A5;CC2D1A;RTN4R;MARK1"
"GOBP_REGULATION_OF_POSTSYNAPSE_ORGANIZATION",1,1,-0.188372070227023,-0.601297588901298,2372,138,"HTR4;RELN;FCGR2B;GHRL;DOCK10"
"GOBP_REGULATION_OF_POSTSYNAPTIC_CYTOSOLIC_CALCIUM_ION_CONCENTRATION",0.775894538606403,1,0.428122845771059,0.775744718586654,4531,9,"WNT5A;GRM5;SLC8A3;SLC8A2;GRM1;ITPR1"
"GOBP_REGULATION_OF_POSTSYNAPTIC_DENSITY_ASSEMBLY",0.989979445015416,1,-0.229316512173545,-0.497225795580268,3852,15,"CASKIN1;CRIPT;LRFN1;LRFN4;GRID2;CBLN1;PTK2B;LRRC4B;LATS1;ABI3;PTPRD;PTPRS;FGFR1;IL1RAP;PRICKLE1"
"GOBP_REGULATION_OF_POSTSYNAPTIC_DENSITY_ORGANIZATION",0.966189856957087,1,-0.276733829717606,-0.633994978586473,3714,19,"SLC30A1;CASKIN1;CRIPT;LRFN1;LRFN4;GRID2;CBLN1;CDH2;CFL1;PTK2B;LRRC4B;LATS1"
"GOBP_REGULATION_OF_POSTSYNAPTIC_MEMBRANE_NEUROTRANSMITTER_RECEPTOR_LEVELS",0.995636652122174,1,-0.235857879330523,-0.738467409526446,2509,117,"LGI1;RAPSN;CACNG2;SST;GSG1L;FRRS1L;NETO1;DLG2;GPC4;GRIP2;IQSEC2;AP2A2;CBLB;CACNG5;TRAF6;USP6;ERBB2;HPCA;NRG1;ARC;GPC6;AP2M1;C1QL3;VPS35;NUMB;CACNG4;NCDN;SLC12A5;HRAS;TFRC;IQSEC1;PRKCI;PRKN;LPAR1;OLFM1"
"GOBP_REGULATION_OF_POSTSYNAPTIC_MEMBRANE_ORGANIZATION",0.055593374177445,1,-0.85772457215954,-1.45126514927208,244,5,"RAPSN"
"GOBP_REGULATION_OF_POSTSYNAPTIC_MEMBRANE_POTENTIAL",1,1,0.189574290305927,0.541752954372626,7659,141,"GLRA1;GRIA2;CRH;NPFF;P2RX1;GRID1;GRIK1;MEF2C;GABRB2;GABRG3;GABRA1;SEZ6;MAPK8IP2;P2RX7;GLRA3;P2RX3;NPY2R;GLRB;P2RX2;DRD4;RGS7;GRM5;GRIK3;SLC8A3;SLC8A2;GRIN2D;HCN1;RGS7BP;BEGAIN;CHRNA4;CHRNA6"
"GOBP_REGULATION_OF_POSTSYNAPTIC_NEUROTRANSMITTER_RECEPTOR_INTERNALIZATION",0.982133040131941,1,-0.254653078421995,-0.630418391314713,3572,27,"GSG1L;IQSEC2;CBLB;USP6;HPCA;NRG1;ARC;NUMB;NCDN;IQSEC1;LPAR1;EFNB2;RABEP1"
"GOBP_REGULATION_OF_POSTSYNAPTIC_SPECIALIZATION_ASSEMBLY",0.992457737321196,1,-0.229351798422774,-0.525443125902595,3815,19,"CASKIN1;CRIPT;LRFN1;LRFN4;GRID2;CBLN1;PTK2B;SPTBN2;LRRC4B;LATS1;ABL1;ABI3;PTPRD;PTPRS;GAP43;ARHGEF9;FGFR1;IL1RAP;PRICKLE1"
"GOBP_REGULATION_OF_POTASSIUM_ION_EXPORT_ACROSS_PLASMA_MEMBRANE",0.828887286709926,1,-0.37647830000258,-0.717203195670654,3448,9,"KCNIP2;KCNE3;KCNE5"
"GOBP_REGULATION_OF_PRESYNAPSE_ORGANIZATION",0.943573667711599,1,-0.28071244379904,-0.713101725873715,3310,31,"WNT3A;NTNG2"
"GOBP_REGULATION_OF_PRESYNAPTIC_CYTOSOLIC_CALCIUM_ION_CONCENTRATION",0.830932896890344,1,0.370012746085007,0.745104608810957,5076,15,"P2RX1;NPY;ATP2B3;CALB2;SV2B;CACNB2;TSPOAP1"
"GOBP_REGULATION_OF_PRESYNAPTIC_MEMBRANE_POTENTIAL",0.89268680445151,1,0.320824921233866,0.715375013470707,5614,25,"GLRA1;CASR;GABRR1;GRIK3;GRIN2D"
"GOBP_REGULATION_OF_PRODUCTION_OF_MOLECULAR_MEDIATOR_OF_IMMUNE_RESPONSE",0.335939536095908,1,0.367497439212953,1.05491411498537,2577,149,"CD22;ARG1;KLK3;CLEC7A;CD226;CD96;HTR2A;BTLA;IL2RG;APOA2;RSAD2;XCL1;SCIMP;SASH3;BTK;PTPRC;SPINK5;CD36;MZB1;GATA3;CD37;SPON2;FCER1G;PKP3;IRF5;IL6;WNT5A;FOXP3;HPX;TNFSF13;CLC;HLA-G;RIGI;BCL6;F2RL1;HLA-F;IL18;TNFSF4;HLA-A;B2M"
"GOBP_REGULATION_OF_PROSTAGLANDIN_SECRETION",0.206578619486668,1,-0.597760784027216,-1.23255410251071,828,12,"PLA2G10;OXT"
"GOBP_REGULATION_OF_PROSTATIC_BUD_FORMATION",0.85218945487042,1,0.424924564006581,0.684444971700206,4767,5,"WNT5A;AR"
"GOBP_REGULATION_OF_PROTEIN_LIPIDATION",0.0677392040643522,1,0.753741869277669,1.39831755800882,399,10,"HHATL;PIK3C3;RAB3GAP2"
"GOBP_REGULATION_OF_PROTEIN_LOCALIZATION_TO_CENTROSOME",0.971447654032393,1,0.292823628951619,0.564674301927458,5817,12,"CEP250;PARD6A;MARK4;UBXN2B;GSK3B;NUP62;RAB11A;BICD1"
"GOBP_REGULATION_OF_PROTEIN_LOCALIZATION_TO_SYNAPSE",0.999444444444444,1,-0.178595117269712,-0.444711530887905,3597,28,"NETO1;GPC4;IQSEC2;TRAF6;GPC6;MAPT;HRAS;OLFM1"
"GOBP_REGULATION_OF_PROTEIN_METABOLIC_PROCESS",1,1,0.124310109589479,0.401001920249559,9882,1453,"SOX17;FGF10;GZMB;DIRAS2;IL12B;CDC20B;HHATL;NLRC4;CLEC3B;PIWIL1;NELL1;F2;IL7;ERBB4;TM4SF20;NANOS3;DIO2;IL2RG;MMD2;ASB5;IL31RA;SERPINF2;TTC36;CNDP1;SERPINB4;ITGB2;FETUB;NANOS2;CCL5;PARP9;GPRC5A;TF;FAM107A;IL15;LTB;INHBA;ARHGEF5;PIWIL3;AIRE;F8A1;PTPRC;DHFRP1;ARRB1;DAZL;SPINK5;ADCY8;PIK3R6;SRCIN1;CAV3;ANG;AQP11;CEACAM1;RBMS3;NGF;ASB9;SPOCK3;RIPK3;AGBL4;SEMG1;IL10RB;BANK1;EGR1;TLR6;IGFBP3;ADRA2A;GFAP;TBX1;PKP3;DMTN;PRSS22;FOXF2;IAPP;PARP14;SPHK1;VTN;QRICH2;IL6;WNT5A;PTX3;CARD14;SLC51B;HPX;EFNA1;PRR16;ITGB3;ECM1;DEPTOR;CARD9;CPEB3;NMI;FN1"
"GOBP_REGULATION_OF_PROTEIN_SERINE_THREONINE_KINASE_ACTIVITY",0.999606918238994,1,-0.193519254919189,-0.604924717468355,2542,115,"IRGM;FGF1;LTF;FGF16;CDK5R2;FGF18;CD300A;LYN;FLT3;TENM1;GADD45A;IRAK4;PTPRJ;CCNE2;TRAF6;MAPK8IP1;PSMD10;ERBB2"
"GOBP_REGULATION_OF_PROTEIN_TYROSINE_KINASE_ACTIVITY",0.479101358411703,1,-0.42130123790037,-0.975389267474873,1833,20,"CSF1R;LILRA5"
"GOBP_REGULATION_OF_REACTIVE_OXYGEN_SPECIES_METABOLIC_PROCESS",0.999736807474668,1,0.222256811959027,0.631606376809938,7596,133,"CLEC7A;F2;ITGAM;ABCD2;ITGB2;DHFRP1;BCO2;FAS;CD36;ALOX5;RIPK3;TLR6;AKR1C1;NOXA1"
"GOBP_REGULATION_OF_RECEPTOR_CLUSTERING",0.986154649947753,1,-0.252385786545397,-0.58431916480103,3774,20,"FRRS1L;SHISA7"
"GOBP_REGULATION_OF_RECEPTOR_LOCALIZATION_TO_SYNAPSE",0.999719180005616,1,-0.192467913358914,-0.482143269153863,3559,29,"NETO1;GPC4;IQSEC2;TRAF6;GPC6;HRAS;DBN1;OLFM1"
"GOBP_REGULATION_OF_RELEASE_OF_CYTOCHROME_C_FROM_MITOCHONDRIA",1,1,-0.159097269272257,-0.423461452238349,3330,40,"BCL2L11;BID;PPIF;PSMD10;BAD;FXN;BAK1;PRKN;MLLT11;OPA1;GHITM;LMNA;PLSCR3;PRELID1;TP53;HIGD1A;MOAP1;GPER1;AKT1;FAM162A;BCL2L1;BNIP3"
"GOBP_REGULATION_OF_RELEASE_OF_SEQUESTERED_CALCIUM_ION_INTO_CYTOSOL",0.678677826642077,1,0.337695795758734,0.888662727607133,4783,69,"F2;F2RL3;CASQ2;XCL1;CXCL11;AKAP6;NGF;APLNR;ITGB3;PDPK1;CASQ1;JPH4;TMEM38A;GSTM2;ANK2;GSTO1;LIME1"
"GOBP_REGULATION_OF_RELEASE_OF_SEQUESTERED_CALCIUM_ION_INTO_CYTOSOL_BY_SARCOPLASMIC_RETICULUM",0.998311847759362,1,0.215634119885281,0.505316157016661,6504,33,"CASQ2;AKAP6;CASQ1;JPH4;TMEM38A;GSTM2;ANK2;GSTO1"
"GOBP_REGULATION_OF_RESPIRATORY_BURST",0.483558501147081,1,-0.456112620925842,-0.972020938939759,1896,14,"LBP;JCHAIN;RAC2"
"GOBP_REGULATION_OF_RESPIRATORY_BURST_INVOLVED_IN_INFLAMMATORY_RESPONSE",0.067165872475607,1,-0.848267667442417,-1.43526411970918,295,5,"LBP"
"GOBP_REGULATION_OF_RESPIRATORY_GASEOUS_EXCHANGE",0.664784642684304,1,0.403913813587618,0.871145926206306,4120,21,"GLRA1;TLX3;PHOX2A;NMB"
"GOBP_REGULATION_OF_RESPIRATORY_GASEOUS_EXCHANGE_BY_NERVOUS_SYSTEM_PROCESS",0.0342384887839433,1,0.773808061174434,1.46369534040607,202,11,"GLRA1;TLX3;TSHZ3"
"GOBP_REGULATION_OF_RESPIRATORY_SYSTEM_PROCESS",0.023359105115973,1,0.757428596984235,1.50348699047498,141,14,"GLRA1;TLX3;TSHZ3"
"GOBP_REGULATION_OF_RESPONSE_TO_CYTOKINE_STIMULUS",0.974672266768487,1,0.261787469312492,0.763101691531423,7657,174,"ARG1;GFI1;IL7;CCL5;PARP9;STING1;LRRC70;OAS1;PTPRC;IFIH1;NAIP;PYDC1;CASP4;TMC8;PARP14;SPHK1;IL6;WNT5A;HPX;NOL3;ECM1;IL1A;CREBRF;RIGI;PPARG;F2RL1;CLDN18;KLF4;CXCR4;NLRC5;CCDC3;TSLP;ROBO1;PIAS3;GAS6;SLIT2;IL1RAP;SAMHD1;IL6ST"
"GOBP_REGULATION_OF_RESPONSE_TO_OXIDATIVE_STRESS",0.67760736196319,1,0.371809547247946,0.875491399946331,4417,34,"DHFRP1;CD36;ALOX5;STOX1;MCTP1;PNPLA8;SESN3;ABCD1;SESN1;SESN2;SLC25A14;SLC7A11;TBC1D24;MAPKAP1"
"GOBP_REGULATION_OF_RESPONSE_TO_TYPE_II_INTERFERON",0.571146570159566,1,0.469492187417118,0.931936553124323,3471,14,"ARG1;PARP9;PARP14;HPX;PPARG;NLRC5"
"GOBP_REGULATION_OF_RYANODINE_SENSITIVE_CALCIUM_RELEASE_CHANNEL_ACTIVITY",0.867029725436805,1,-0.37590833942097,-0.636034794886252,3820,5,"CALM2;CALM1;SELENON;CAMK2D;FKBP1B"
"GOBP_REGULATION_OF_SECONDARY_METABOLIC_PROCESS",0.457966764418377,1,0.488479895992348,1.0082083365715,2810,17,"SLC24A5;POMC;WNT5A;ZEB2;SLC7A11;MC1R"
"GOBP_REGULATION_OF_SHORT_TERM_NEURONAL_SYNAPTIC_PLASTICITY",0.995594713656388,1,-0.203777700275887,-0.448822486386504,3841,16,"GSG1L;SYT4;GRIK2;SYAP1;RAB3A"
"GOBP_REGULATION_OF_SKELETAL_MUSCLE_ACETYLCHOLINE_GATED_CHANNEL_CLUSTERING",0.886085075702956,1,-0.346433378196501,-0.659966659241205,3686,9,"MESD;FZD9;LRP4;LARGE1;CRKL;LAMA1;DAG1;LAMC1;LAMB1"
"GOBP_REGULATION_OF_SKELETAL_MUSCLE_CONTRACTION_BY_CALCIUM_ION_SIGNALING",0.85231626610937,1,0.406954688509536,0.699629319361779,4893,7,"CASQ1;GSTM2;GSTO1;PRKD1"
"GOBP_REGULATION_OF_SKELETAL_MUSCLE_CONTRACTION_BY_REGULATION_OF_RELEASE_OF_SEQUESTERED_CALCIUM_ION",0.618051831992851,1,0.571394304152522,0.920370323258777,3457,5,"CASQ1;GSTM2;GSTO1;DMD"
"GOBP_REGULATION_OF_SMALL_MOLECULE_METABOLIC_PROCESS",0.931479525988502,1,0.272200388307403,0.82951297212718,7938,310,"ZBTB20;GFI1;APOA5;PFKFB1;FMO1;GUCA1ANB-GUCA1A;HTR2A;ALDOB;GIP;PROX1;BMP5;PTH1R;AVPR1A;GAPDHS;ABCD2;FMO5;BGLAP;PPP1R3G;CH25H;MALRD1;LHCGR;WNT4;CEACAM1;GPRC6A;TPK1;AVPR1B;SLC4A4;EGR1;IGFBP3;TWIST1;ERFE;HNF4A;ACTN3;DAB2;TTC39B;P2RX7;KIF12;ETFBKMT;PPP1R3E;PPARG;SOX9;DDIT4;UBR4;ACADL;PDK1;AKR1C3;KAT2B;SLC4A1;FBP1;FMO2;PID1;NR0B1;MLXIPL;AMDHD2;PHKA1;LACC1;DKKL1;EPHX2"
"GOBP_REGULATION_OF_SODIUM_ION_EXPORT_ACROSS_PLASMA_MEMBRANE",0.928863254025475,1,-0.31637855016393,-0.602711251133636,3864,9,"FXYD2"
"GOBP_REGULATION_OF_SODIUM_ION_IMPORT_ACROSS_PLASMA_MEMBRANE",0.595772787318362,1,-0.614932144092884,-0.943521958429248,2705,3,"PCSK9;STK39;NEDD4L"
"GOBP_REGULATION_OF_SPHINGOLIPID_BIOSYNTHETIC_PROCESS",0.935852809547489,1,0.324476968284575,0.635566676272761,5645,13,"SPHK1;SAMD8;PAQR4;ABCA2;PRKAA1;PRKCD;ORMDL2;SIRT3"
"GOBP_REGULATION_OF_SPONTANEOUS_SYNAPTIC_TRANSMISSION",0.837364662520157,1,-0.394686250384497,-0.688389477246837,3634,6,"PRKN;SLC12A2;STX1B;AGER;ITGB1;APP"
"GOBP_REGULATION_OF_STEROID_METABOLIC_PROCESS",0.689044481054366,1,0.326025128633646,0.894998613054394,5018,96,"GFI1;PROX1;BMP5;FMO5;BGLAP;CH25H;NR5A1;MALRD1;LHCGR;WNT4;NR5A2;GPRC6A;EGR1;POMC;DHH;DAB2;TTC39B"
"GOBP_REGULATION_OF_STORE_OPERATED_CALCIUM_CHANNEL_ACTIVITY",0.970422535211268,1,-0.263311931764891,-0.475892673853097,4133,7,"CRACR2A;STIMATE"
"GOBP_REGULATION_OF_STORE_OPERATED_CALCIUM_ENTRY",0.700646444554948,1,0.425124600440066,0.83270942382114,4226,13,"EFHB;CASQ1;JPH4;STC2;TSPAN18;SPG11;STIM1"
"GOBP_REGULATION_OF_SULFUR_METABOLIC_PROCESS",1,1,-0.155727106631918,-0.331869809038544,3922,14,"SIRT4;PDK3;PGK1"
"GOBP_REGULATION_OF_SUPEROXIDE_METABOLIC_PROCESS",0.326191585157584,1,0.47768625390769,1.09561759742898,2100,29,"CLEC7A;ITGAM;ITGB2;DHFRP1;CD36;F2RL1"
"GOBP_REGULATION_OF_SUPRAMOLECULAR_FIBER_ORGANIZATION",1,1,-0.1443443810269,-0.507330712007005,1221,374,"PFN3;FRMD7;PLEK;MYOC;DNAI3;RGCC;CCR7;ARHGAP6;SHANK1;ESAM;CRYAB;VIL1;PRKCE;PTGER4;TOGARAM1;ANKRD53;PPM1F;TENM1;TGFB3;TESK1;APC2;RAB40B;HCLS1;SPTBN5;FGF13;KANK4;CCN2;ASB2;MAP2;MAP6D1;DAPK3;PICK1;INPP5J;ACTG1;HSPA8;CDC42EP2;TAC1;MAP1A;DLC1;TREM2;SYNPO;HSPA1A;ANKRD23;CFL2"
"GOBP_REGULATION_OF_SYNAPSE_ASSEMBLY",1,1,0.192826503560995,0.562504111939096,7861,176,"IL1RAPL1;CBLN2;RTN4RL1;LRFN5;LRTM2;LRRC24;MEF2C;EPHB3;NTN1;OPCML;SYNDIG1;SLITRK1;SLITRK3;SRGAP3;WNT5A;DKK1;TRIM47;CPEB3;LRRTM1;LRRTM3;THBS2;RTN4RL2;PRKCA;ADGRB3;PRICKLE1;SLITRK4;SLITRK2;NTRK3;CLSTN3;CCDC141;LRRN3;SEMA4A;SRGAP2;ZDHHC8;IL1RAP;CARMIL3;LHFPL4"
"GOBP_REGULATION_OF_SYNAPSE_MATURATION",0.898153177620858,1,-0.300772355702755,-0.739290430331962,3306,26,"RELN"
"GOBP_REGULATION_OF_SYNAPSE_PRUNING",0.957832345469941,1,0.308305833138466,0.571959018446458,5655,10,"PLXNC1;ADGRB3;SARM1"
"GOBP_REGULATION_OF_SYNAPSE_STRUCTURAL_PLASTICITY",0.856495994427029,1,0.404248894388173,0.694977565854784,4917,7,"FRMPD4;CTNNA2;CAMK2B"
"GOBP_REGULATION_OF_SYNAPSE_STRUCTURE_OR_ACTIVITY",1,1,0.182558262775965,0.557320273712099,8566,316,"IL1RAPL1;ZNF804A;SLC17A8;SLC18A3;CBLN2;RTN4RL1;LRFN5;LRTM2;LRRC24;GRID1;MEF2C;SRCIN1;EPHB3;CDH8;NTN1;PLXNC1;OPCML;SYNDIG1;GPM6A;SLITRK1;SLITRK3;SRGAP3;WNT5A;NFATC4;EFNA1;FRMPD4;DKK1;TRIM47;CPEB3;LRRTM1;LRRTM3;NEFL;THBS2;RTN4RL2;PRKCA;ADGRB3;GRM5;NRN1;PRICKLE1;SLITRK4;PCDH8;C1QL2;SLITRK2;NTRK3;CAPRIN2;CLSTN3;SARM1;CCDC141;LRRN3;SEMA4A;SRGAP2;NRCAM;ZDHHC8;IL1RAP;CARMIL3;LHFPL4"
"GOBP_REGULATION_OF_SYNAPTIC_ASSEMBLY_AT_NEUROMUSCULAR_JUNCTION",0.92477769766883,1,-0.320399923091713,-0.610372095104642,3847,9,"COLQ;LIN7A;SIX4;AGRN;PDZD11;LIN7B;MYCBP2;LIN7C;SIX1"
"GOBP_REGULATION_OF_SYNAPTIC_PLASTICITY",1,1,0.201068790738955,0.596194428232418,8103,209,"UNC13C;SLC18A3;NR2E1;CX3CR1;DRD5;CRH;CYP46A1;FAM107A;GRID1;MEF2C;ADCY8;GFAP;CAMK2A;SNAP25;BEST1;NFATC4;SHISA6;CPEB3;LRRTM1;CALB2;P2RX3;VGF;SYNGR1;SLC4A10;NRGN;GRM5;JPH4;SLITRK4;MME;SLC8A3;SLC8A2;GRIN2D;PRKCG;MCTP1"
"GOBP_REGULATION_OF_SYNAPTIC_TRANSMISSION_CHOLINERGIC",0.3321088662548,1,0.580953821217984,1.12029788928869,1988,12,"SLC18A3;TACR1;HSPG2"
"GOBP_REGULATION_OF_SYNAPTIC_TRANSMISSION_DOPAMINERGIC",0.510532544378698,1,-0.52731700352558,-0.981267841094796,2156,8,"SLC6A4"
"GOBP_REGULATION_OF_SYNAPTIC_TRANSMISSION_GABAERGIC",0.254820936639118,1,0.484526341766322,1.14618079127529,1664,35,"CNR2;CNTNAP4;CRH;TACR1;GABRB2"
"GOBP_REGULATION_OF_SYNAPTIC_TRANSMISSION_GLUTAMATERGIC",0.739057239057239,1,-0.301529991701062,-0.880444439090104,2194,70,"UCN;CACNG2;RELN;DRD1;FRRS1L;GRM6;DRD3;KMO;PLPPR4;UNC13A;GRM4;IQSEC2;GRIN2C"
"GOBP_REGULATION_OF_SYNAPTIC_VESICLE_CLUSTERING",0.851877447592721,1,-0.385689018763457,-0.672697013761619,3697,6,"BRSK2;CDH2;BRSK1;PCDH17;NLGN2;PTEN"
"GOBP_REGULATION_OF_SYNAPTIC_VESICLE_CYCLE",0.976618705035971,1,-0.261586984114774,-0.567197691335357,3800,15,"PLD1;PRKAR1B;SYN1;CASP3;DNAJC5;LPAR1;ARHGDIA;C9orf72;PLS3;PPP3R1;RAB3B;PSEN1;SCRN1;RAPGEF4;BSN"
"GOBP_REGULATION_OF_SYNAPTIC_VESICLE_ENDOCYTOSIS",0.381052631578947,1,-0.44082792738043,-1.04501177842009,1447,22,"ABCA13;LRRK2;ACTG1;BTBD9;ACTB;AP2M1;PRKN;MYLK;ARPC3"
"GOBP_REGULATION_OF_SYNAPTIC_VESICLE_EXOCYTOSIS",0.993815343837432,1,0.246618314488424,0.616519105767093,6748,49,"SV2C;P2RX1;NPY;CACNA1B;PRKCB;SV2B;PRKCG;RAP1BL"
"GOBP_REGULATION_OF_SYNAPTIC_VESICLE_MEMBRANE_ORGANIZATION",0.936831875607386,1,0.308557177594776,0.658441180713541,5783,20,"RPH3A;CPLX3;DOC2A"
"GOBP_REGULATION_OF_SYNAPTIC_VESICLE_PRIMING",0.959489319911613,1,-0.277852555474368,-0.558695985912665,3907,11,"STXBP1;STXBP5;NAPA;OSBPL2;BRSK1;NAPB;STX1B;STX1A;SYP;UNC13B;SYNGR3"
"GOBP_REGULATION_OF_SYNAPTIC_VESICLE_RECYCLING",0.497526113249038,1,-0.389845819020826,-0.965101131354116,1809,27,"ABCA13;LRRK2;ACTG1;BTBD9;ACTB;AP2M1;PRKN;MYLK;ARPC3;SYT7;CDK5;RAC1"
"GOBP_REGULATION_OF_SYNAPTIC_VESICLE_TRANSPORT",0.592466530519628,1,-0.542633609789582,-0.918133014107988,2610,5,"LRRK2;MAP2;PRKN"
"GOBP_REGULATION_OF_T_HELPER_1_TYPE_IMMUNE_RESPONSE",0.297310126582278,1,0.501054190412934,1.12613047692422,1878,26,"HAVCR2;IL12B;SLC11A1;XCL1;LGALS9;IL18;TNFSF4"
"GOBP_REGULATION_OF_T_HELPER_17_TYPE_IMMUNE_RESPONSE",0.581337864977599,1,0.403676592952259,0.931619085155372,3762,30,"IL12B;CLEC7A;CLEC6A;FOXP3;CARD9;RC3H1;PRKCQ;MALT1"
"GOBP_REGULATION_OF_TETRAPYRROLE_METABOLIC_PROCESS",0.734513274336283,1,-0.460782154670749,-0.779640812663776,3236,5,"SRRD;ABCB7"
"GOBP_REGULATION_OF_TRANS_SYNAPTIC_SIGNALING",1,1,0.185736779921371,0.581575324894664,9100,493,"UNC13C;GRIA2;CACNG3;CNR2;HTR2A;SLC18A3;CNTNAP4;NR2E1;PLG;CX3CR1;C1QL4;CBLN2;DRD5;CRH;TACR1;GRM7;CYP46A1;SV2C;CBLN3;P2RX1;BGLAP;FAM107A;GRID1;GRIK1;MEF2C;ADCY8;GABRB2;CPLX3;NPY;NGF;GABRR1;APBA1;ADRA2A;GFAP;CAMK2A;SNAP25;BEST1;CDH11;WNT5A;NFATC4;CACNA1B;NXPH1;DKK1;SHISA6;CPEB3;PRKCB;MAPK8IP2;CACNG8;LRRTM1;CALB2;NRG3;NRXN3;GLRA3;P2RX3;NPY2R;NEFL;SV2B;VGF;SYNGR1;SLC4A10;NRGN;GRM5;JPH4;NRN1;CCL2;GRIK3;SLITRK4;AKAP7;MME;PCDH8;C1QL2;SLC8A3;CLSTN3;SLC8A2;GRIN2D;HCN1;PRKCG"
"GOBP_REGULATION_OF_TRANSLATION_AT_SYNAPSE",0.703521126760563,1,-0.454031606875072,-0.820586875654853,2996,7,"EIF4E;FMR1;EIF4A3;FXR1;FXR2;EEF2K;CYFIP1"
"GOBP_REGULATION_OF_TRANSMEMBRANE_RECEPTOR_PROTEIN_SERINE_THREONINE_KINASE_SIGNALING_PATHWAY",0.998678519942335,1,0.241163532939938,0.727561509321646,8312,268,"MICOS10-NBL1;FGF10;DLX1;WFIKKN2;GATA4;BMP5;VWC2;SKOR1;CDH5;AMH;BMPER;INHBA;DMRT1;CAV3;MSX1;FGF9;ONECUT2;SOST;ERFE;GDF7;MSX2;GPR155;GDF1;WNT5A;FOXD1;DKK1;DAB2;HES1;HTRA4;KCP;PPARG;CCN3;ONECUT1;ARID4A;PEG10;FST;FBN1;EMILIN1;PDPK1;ENG;WFIKKN1;CRB2;NODAL;SORL1"
"GOBP_REGULATION_OF_TRANSMISSION_OF_NERVE_IMPULSE",0.920052640236881,1,0.335397721694801,0.665760592101828,5592,14,"GLRA1;AVPR1A;TRPA1;ITGA2;UNC80;UNC79"
"GOBP_REGULATION_OF_TRIGLYCERIDE_METABOLIC_PROCESS",0.941897810218978,1,-0.276619820345607,-0.723625493662932,3225,36,"PLIN1;C3;CIDEB;NR1H3;PLIN5;FBXW7;SREBF1;LDLR"
"GOBP_REGULATION_OF_TRNA_METABOLIC_PROCESS",0.966790319731496,1,0.300830513688096,0.500267957945313,5472,6,"TRDMT1;RNH1;ANGEL2;AKT1;METTL1;NSUN2"
"GOBP_REGULATION_OF_TUMOR_NECROSIS_FACTOR_MEDIATED_SIGNALING_PATHWAY",1,1,0.162674088760021,0.423454687392153,6969,64,"NAIP;PYDC1;CASP4;TMC8;SPHK1;NOL3;F2RL1;CLDN18;CCDC3;PIAS3;GAS6"
"GOBP_REGULATION_OF_TYPE_2_IMMUNE_RESPONSE",0.4487743557511,1,0.446885740531865,1.01245487998847,2855,27,"ARG1;RSAD2;XCL1;GATA3;IL6;ECM1;IDO1;BCL6;IL18;TNFSF4"
"GOBP_REGULATION_OF_TYPE_I_INTERFERON_MEDIATED_SIGNALING_PATHWAY",0.998650876929996,1,0.221800921555805,0.537051331653291,6661,40,"STING1;OAS1;WNT5A;NLRC5;SAMHD1;IKBKE;STAT2;USP27X"
"GOBP_REGULATION_OF_TYROSINE_PHOSPHORYLATION_OF_STAT_PROTEIN",0.467088607594937,1,0.445477083273169,1.00121968809758,2951,26,"IL7;ERBB4;IL2RG;IL31RA;PARP9;IL10RB;PARP14;HES1;CTF1;IL18"
"GOBP_REGULATION_OF_VITAMIN_METABOLIC_PROCESS",0.220875887138653,1,0.698976858429799,1.2361304745507,1275,8,"GFI1;AKR1C3;SNAI2"
"GOBP_REGULATION_OF_VOLTAGE_GATED_CALCIUM_CHANNEL_ACTIVITY",0.71423835571026,1,0.42011128744098,0.822889636929055,4308,13,"CACNA1F;CACNB3;CRHR1;STAC3;NIPSNAP2"
"GOBP_REGULATION_PROTEIN_CATABOLIC_PROCESS_AT_SYNAPSE",0.619903248099516,1,-0.513295993331169,-0.895261895183615,2690,6,"CBLB;EGLN1;PRKN;RAB26;CUL3"
"GOBP_RELEASE_OF_CYTOCHROME_C_FROM_MITOCHONDRIA",0.998742533794404,1,-0.216782167339671,-0.606480623571171,3176,53,"SFN;BCL2L11;BID;PPIF;BCL2L10;PSMD10;BAD;CASP2;FXN;BAK1;PRKN;MLLT11;GGCT;OPA1;GHITM;LMNA;PLSCR3;PRELID1;TP53;FZD9;HIGD1A;MOAP1;SOD2;GPER1;AKT1;BOK;FAM162A;BCL2L1"
"GOBP_RELEASE_OF_SEQUESTERED_CALCIUM_ION_INTO_CYTOSOL_BY_ENDOPLASMIC_RETICULUM",0.998485307482581,1,0.222841132468687,0.531820580652197,6591,37,"CASQ2;AKAP6;NOL3;CASQ1;JPH4;TMEM38A;GSTM2;ANK2;GSTO1;RYR3"
"GOBP_RESPIRATORY_BURST",0.351226993865031,1,0.454891809770081,1.07112329499745,2289,34,"CLEC7A;SLC11A1;MPO;NOX1;CXCL8;NCF1C;NCF1B"
"GOBP_RESPIRATORY_BURST_INVOLVED_IN_DEFENSE_RESPONSE",0.768203577727387,1,-0.375532221293284,-0.790167051717471,3048,13,"LBP"
"GOBP_RESPIRATORY_BURST_INVOLVED_IN_INFLAMMATORY_RESPONSE",0.199765258215962,1,-0.705058320323696,-1.27427605362301,850,7,"LBP"
"GOBP_RESPIRATORY_CHAIN_COMPLEX_III_ASSEMBLY",0.468773897527403,1,-0.461172508696122,-0.982804058361919,1838,14,"UQCC5;SLC25A33;UQCC3;FXN;UQCC4;OCIAD2;UQCC1;UQCC6"
"GOBP_RESPIRATORY_CHAIN_COMPLEX_IV_ASSEMBLY",0.624211130235227,1,-0.349832569954967,-0.899901545220149,2175,33,"UQCC5;SCO2;COA3;COA4;COA6;CEP89;FASTKD3;COA7;SLC25A46;SCO1;TACO1;UQCC6;COX16;COX17;COA8;TMEM223;COA1;COA5;BCS1L;COX10;STMP1;CMC1;PET117;MT-CO3;PET100;COX19;COX20;COX11;COX14;TIMM21;COX18;SMIM20;SURF1"
"GOBP_RESPIRATORY_GASEOUS_EXCHANGE_BY_RESPIRATORY_SYSTEM",0.964164976335362,1,-0.258420443594139,-0.757045412352976,2851,71,"NMBR;SFTPB;SFTPA2;SFTPD;TMPRSS11D;CFAP221;FLT4"
"GOBP_RESPIRATORY_SYSTEM_DEVELOPMENT",1,1,-0.227757564350542,-0.763561970466827,1914,212,"WNT2;WT1;HOPX;GNG8;DLX5;ALDH1A2;FGF1;COL3A1;SFTPD;WNT11;THRB;HHIP;KLF2;HYDIN;CEBPA;ATXN1;FLT4;FGF18;ZFPM2;MSC;TGFB3;SPEF2;PGR;HESX1;RSPO2"
"GOBP_RESPIRATORY_SYSTEM_PROCESS",0.182635613207547,1,0.48562095427718,1.19963064478273,1238,45,"CFAP54;GLRA1;TLX3;CFAP43"
"GOBP_RESPONSE_TO_ATP",0.283348953452046,1,0.497569091817821,1.13381329501645,1813,28,"ABCC9;P2RX1;TRPC3;P2RX7;P2RX3;P2RX2;P2RY2;PANX1;RYR3;KCNJ11;P2RX4"
"GOBP_RESPONSE_TO_AXON_INJURY",0.999858035207269,1,0.212447346700969,0.562654831101903,7042,73,"RTN4RL1;GIPR;DHFRP1;MORN4;NEFL;INPP5F;RTN4RL2;KLF4;PLCG2;NTRK3;SARM1;LRIG2;FLRT3;FGF2;LAMB2;P2RX4;ISL1;MAP2K1;ADAM17"
"GOBP_RESPONSE_TO_CALCIUM_ION",1,1,-0.192972673122886,-0.611859763349174,2409,130,"INHBB;CACNG2;FGA;CPNE4;KCNMB3;KCNIP2;CRHBP;KCNH1;PENK;KCNMB2;AQP3;SLC25A24;KCNMB1;CHP2;SCN5A;PPIF;JUND;DPEP1;MEF2A;AANAT;TRPV6;CPNE2;DUSP1;MICU3;HPCA;GUCA1A;D2HGDH;NFATC2;RYR2;RASA4;MNAT1"
"GOBP_RESPONSE_TO_HYDROSTATIC_PRESSURE",0.65129835718071,1,0.533607498318331,0.887365880060928,3686,6,"ATP2B4;PLEC;NTRK1;PIK3CA"
"GOBP_RESPONSE_TO_INTERFERON_ALPHA",0.760760110443398,1,0.380651201273425,0.805159483385381,4683,19,"OAS1;GATA3;GAS6;IFITM2;BST2;IFNAR2;IFITM3;AXL;IFITM1;TPR;IFNAR1"
"GOBP_RESPONSE_TO_INTERFERON_BETA",0.883113153360138,1,-0.297523632556433,-0.770455419525813,3074,34,"IRGM;XAF1;PYDC5;TREX1"
"GOBP_RESPONSE_TO_IRON_II_ION",0.56670149773598,1,0.552718373805319,0.950223674975804,3253,7,"PDX1;SNCA"
"GOBP_RESPONSE_TO_IRON_ION",0.978885266263003,1,0.264244008168591,0.606068068729947,6304,29,"PDX1;TF;B2M"
"GOBP_RESPONSE_TO_ISCHEMIA",0.508125362739408,1,0.378050345777163,0.969393986982465,3501,57,"CX3CR1;FAIM2;ITGAM;CASR;MEF2C;CAV3;EGR1;CAMK2A;NOL3;P2RX7;P2RX2;SLC8A2;PANX1;POPDC1;CX3CL1"
"GOBP_RESPONSE_TO_L_GLUTAMATE",0.986265871987562,1,-0.240556965920455,-0.529829198267716,3805,16,"HPCA;TUBA1A;AIFM1;PRKN;BAIAP2;KCNB1;PCNA;CREB1;FYN;GABRB3;TMBIM6;UFL1;AMIGO1;GRIA1;HCN1;GRIN2D"
"GOBP_RESPONSE_TO_LIPID",1,1,0.213129596578225,0.678959796782106,9569,806,"KDM5D;SP100;HAVCR2;FGF10;AICDA;CD274;GFI1;IL12B;GBP3;OSR1;OR56B4;CNR2;SLC11A1;FMO1;LTK;CD96;SLC22A4;MPO;SCNN1B;SLC12A3;POU4F2;CXCL8;ATP4B;KL;SLC34A1;NR2E1;VCAM1;CX3CR1;DIO2;REN;OR56B1;SCIMP;CRH;TACR1;CST11;GATA4;GATA6;CA9;AVPR1A;WNT7B;IL37;ITGAM;FZD10;PDX1;CASR;ESR2;BGLAP;FAM107A;INHBA;GIPR;BTK;MLC1;MEF2C;PTPRC;ASCL1;WNT9B;ADCY8;CAV3;CALCR;CD36;FGF23;SCNN1G;AREG;SPON2;TBXAS1;AKR1C1;HPGD;CXCL6;SSTR1;IRF8;TBX1;RHOXF1;LIPA;MSX2;BRINP2;GPR155;IL6;WNT5A;ABCA3;CYP26A1;FOXP3;NFKB2;DHH;DKK1;PDE4B;ACR;MN1;KLF9;SPI1;CARD9;ADCY5;PTAFR;DAB2;IDO1;P2RX7;CPS1;IL1A;CREBRF;SCNN1D;HES1;PTGDR;PTCH1;CFTR;TXNIP;PPARG;PTPN22;GHR;NEFL;ITGA2;ESRRB;TFPI;CLDN4;FAM210B;TIE1;SOX9;LGALS9;IL18;PRKCA;CXCL5;TNFSF4;DDIT4;KLF4;B2M;PTGDS;GRM5;SSTR2;TNFRSF11A;CCL2;MALT1;AKR1C3;MICB;RORB;SRR;PLCG2;FBP1"
"GOBP_RESPONSE_TO_MITOCHONDRIAL_DEPOLARISATION",0.438147892190739,1,-0.607918194598089,-1.06029659705789,1901,6,"AMBRA1;GPS2;BECN1;ATG13;ATG14"
"GOBP_RESPONSE_TO_NITROSATIVE_STRESS",0.943129118867464,1,-0.3010016383453,-0.588256276054718,3863,10,"DUSP6;DNAJA1;DDIT3;ADH5;ATG5;GCLC;GCLM"
"GOBP_RESPONSE_TO_OXIDATIVE_STRESS",1,1,0.191351321064358,0.592479931723471,8828,404,"IPCEF1;NME8;GATA5;MPO;DHRS2;ABCC9;TACR1;LPO;DUOX1;GPR37L1;PXDNL;HBA1;BTK;DHFRP1;CD36;TRPA1;ALOX5;RIPK3;AREG;KDM6B;TRPM2;ERN1;SPHK1;IL6;TLDC2;DDR2;TXNIP;GPR37;TPO;PRKCA;STOX1;SOD3;KLF4;UBR4;MICB;KAT2B;EPAS1"
"GOBP_RESPONSE_TO_PROSTAGLANDIN",0.0640436530729466,1,-0.52988286360135,-1.37216368483966,222,34,"OXT;PTGER1;SCN11A;CCR7;IGFBP7;PRKCE;PTGER4;PTGDR2;PTGFR;P2RY6;AANAT"
"GOBP_RESPONSE_TO_PROSTAGLANDIN_D",0.91220632397103,1,0.366695684407313,0.609798849780259,5163,6,"PTGDR;AKR1C3;AKR1C2;ANKRD13C"
"GOBP_RESPONSE_TO_PROSTAGLANDIN_E",0.0263443780554047,1,-0.620844793189607,-1.52601994705958,96,26,"OXT;PTGER1;SCN11A;CCR7;IGFBP7;PRKCE;PTGER4"
"GOBP_RESPONSE_TO_REDOX_STATE",0.184552638287025,1,-0.584849951683243,-1.24637287611133,723,14,"ARHGDIB;SIRT2;VASN;NPAS2;RYR2"
"GOBP_RESPONSE_TO_SUCROSE",0.230529595015576,1,-0.780333453365426,-1.26209782260043,1035,4,"OXT"
"GOBP_RESPONSE_TO_TUMOR_NECROSIS_FACTOR",1,1,0.187446080150565,0.554332156772204,8034,204,"GBP3;GBP1;CXCL8;UBD;VCAM1;CCL5;FAS;NAIP;PYDC1;CASP4;GATA3;AFF3;CXCL16;TMC8;SPHK1;CARD14;NOL3;HES1;HYAL3;TNFRSF13C;F2RL1;CLDN18;TNFRSF11A;CCL2;PID1;CCDC3;TNFRSF19;PIAS3;TRAF3;GAS6;SLC22A5;CD70"
"GOBP_RESPONSE_TO_TYPE_I_INTERFERON",0.996854485776805,1,0.240649348430381,0.66683628229254,7288,105,"SP100;STING1;CH25H;OAS1;IFIH1;WNT5A;TBKBP1;OAS2;CR2;NLRC5;MX1;TRAF3;PSME1;SAMHD1;IFIT1;IFITM2;IKBKE"
"GOBP_RESPONSE_TO_TYPE_II_INTERFERON",0.367454761590279,1,0.367625003839731,1.04125025527237,2781,128,"ARG1;SP100;IL12B;GBP3;SLC11A1;GBP1;GBP4;GBP6;UBD;PSMB9;CCL5;PARP9;WAS;CAMK2A;CXCL16;IRF8;PARP14;WNT5A;HPX;RAB7B;PSMB8"
"GOBP_RESPONSE_TO_TYPE_III_INTERFERON",0.928104575163399,1,0.350125988493101,0.582244171775181,5253,6,"IL10RB;IFNGR2;IFNGR1"
"GOBP_RETINAL_BIPOLAR_NEURON_DIFFERENTIATION",0.15376799322608,1,0.696464124462196,1.29205773681117,907,10,"RHO;VSX1;GNAT2;PRDM1;IRX5"
"GOBP_RETINAL_GANGLION_CELL_AXON_GUIDANCE",0.913490914938093,1,0.316154371765344,0.693577778482795,5680,23,"POU4F2;EPHB3;POU4F3;NRP1;ALCAM;NRCAM;SLIT2;ISL1;ROBO2;EPHA7;PTPRO;EFNA5;ATOH7;EPHB1;VEGFA;BMPR1B;SLIT1"
"GOBP_RETINAL_METABOLIC_PROCESS",0.691190864600326,1,0.404299805200882,0.84532143486622,4236,18,"ALDH8A1;DHRS4L1;BCO2;AKR1C1;ALDH1A3;AKR1C3;ABCA4"
"GOBP_RETINOIC_ACID_METABOLIC_PROCESS",0.353273137697517,1,0.499474757753219,1.0859986825602,2190,22,"CYP3A4;CYP2W1;ALDH8A1;ADH6;BCO2;CYP2C18;CYP26A1;ALDH1A3"
"GOBP_RETINOL_METABOLIC_PROCESS",0.950199815554872,1,-0.271323259437626,-0.732858135611369,3090,44,"AKR1B10;RDH8;CES1;ALDH1A2;ADH4;CYP2C8;LIPE;PNPLA4;CYP2D6;DHRS7;CYP1A1;BCO1;SDR16C5;DHRS4"
"GOBP_RETROGRADE_AXONAL_TRANSPORT",0.996462453770703,1,0.22119754609975,0.485261999614479,6196,23,"AGBL4;RUFY4;NEFL;TMEM108;KIF5A;DST;DYNC1H1;KIF1B;RUFY3;FBXW11;SNAPIN"
"GOBP_RETROGRADE_NEURONAL_DENSE_CORE_VESICLE_TRANSPORT",0.922396187882914,1,-0.329962705217425,-0.55829504037167,4064,5,"KIF1C;KIF5B;KIF1A;KIF1B;KIF5A"
"GOBP_RETROGRADE_TRANS_SYNAPTIC_SIGNALING",0.894977168949772,1,-0.340183298771612,-0.64806005815239,3723,9,"CNR1;DAGLA;SYT4"
"GOBP_RETROGRADE_TRANS_SYNAPTIC_SIGNALING_BY_LIPID",0.552756977535739,1,-0.566677457191119,-0.958815068605287,2435,5,"CNR1;DAGLA"
"GOBP_RIBOFLAVIN_METABOLIC_PROCESS",0.969258266309205,1,0.307725899104284,0.49566784823621,5422,5,"SLC52A1;RFK;SLC52A2"
"GOBP_RIBONUCLEOSIDE_METABOLIC_PROCESS",0.424736842105263,1,-0.427459629780419,-1.01332134416731,1613,22,"NT5C1A"
"GOBP_RIBOSE_PHOSPHATE_METABOLIC_PROCESS",1,1,0.167539543420097,0.515460001753803,8701,361,"ZBTB20;PFKFB1;SULT1A4;PDE4C;HTR2A;GUCY2F;ALDOB;ABCC9;NME9;GAPDHS;ADCY4;SULT2B1;ADCY8;MYH3;DPYD;MTTP;SLC4A4;LIPA;ACTN3;PDE4B;AK5;ADCY5;P2RX7;AK9;NUDT4B;PDE10A;ENO3;DDIT4;ADSS1;MYH6;SLC4A1;FBP1;ADCY7;NDUFV3;GUCY2C;GUCY1A2;PID1;MLXIPL;DMAC2L"
"GOBP_RISC_COMPLEX_ASSEMBLY",0.805711496216744,1,-0.385094600830641,-0.7526016039605,3300,10,"AGO1;AGO3;DHX9;CLP1;DICER1;AGO2;PRKRA;TARBP2;ADAR;AGO4"
"GOBP_RNA_IMPORT_INTO_MITOCHONDRION",0.766800178015131,1,-0.458708189158016,-0.74190668649215,3445,4,"MRPL18;TOMM20;TST;PNPT1"
"GOBP_ROSTROCAUDAL_NEURAL_TUBE_PATTERNING",0.165553843519945,1,0.708400890825571,1.28359945078447,966,9,"SOX17;PAX6;GBX2;HES1;BMI1"
"GOBP_RRNA_METABOLIC_PROCESS",0.0665399239543726,1,-0.33231453234691,-1.14591444142525,104,286,"METTL15P1;PIH1D2;RNASEL;SLFN12;MYC;EXOSC3;RIOK2;NSUN5;POLR2F;EMG1;IPPK;SIRT7;PPAN;RRP1;MRTO4;SPOUT1;ERI3;DHX37;EBNA1BP2;DDX54;TENT4B;USP36;SMARCA4;NOC4L;IMP3;UTP11;PES1;EXOSC8;TRMT61B;SENP3;RRP7A;RRP1B;RPUSD1;UTP6;NOP9;CHD7;DDX49;PELO;UTP14C;WDR74;NVL;MAPT;PNO1;GTPBP4;PWP1;RCL1;UTP15;NOL7;POLR1D;DDX10;FSAF1;DDX27;POLR1B;NOP10;MTREX;NPM3;RPF1;TFB2M;BRIX1;TCOF1;RIOK1;LYAR;DIMT1;RPP40;EXOSC9;SLX9;DIS3L;NAT10;LSM6;PELP1;GTF3C6;NUDT16;TFB1M;BYSL;POLR1C;LAS1L;RNF10;WDR77;NHP2;BOP1;DNTTIP2;METTL18;TEX10;WDR75;RPP25;NSUN3;TOP1;WDR36;SBDS;GTF3C5;REXO4;BUD23;EIF6;METTL15;DDX56;NOP2;KRI1;EXOSC2;PAK1IP1;PIN4;POLR2E;PRMT5;RRP9;TSR2;POLR1E;TSR1;DDX51;DDX18;FTSJ3;MAK16;PA2G4;IMP4;ISG20;POLR1G;NCL;NOL6;DCAF13;NOP14;C1D;DKC1;ABT1;UTP14A;DDX52;POLR1A;POLR2L;SMARCB1;FBL;UTP18;MRM2;DDX21;DEDD2;TAF1B;ESF1;DDX47;REXO5;AATF;ERI1"
"GOBP_S_ADENOSYLMETHIONINE_METABOLIC_PROCESS",0.0889608771492649,1,-0.678913805907613,-1.39988774620666,356,12,"BHMT2"
"GOBP_SARCOPLASMIC_RETICULUM_CALCIUM_ION_TRANSPORT",0.96728624535316,1,0.277838710526105,0.677859498895901,6504,42,"MRLN;CASQ2;AKAP6;ATP2A1;NOL3;CASQ1;JPH4;TMEM38A;STRIT1;GSTM2;ANK2;GSTO1;RYR3"
"GOBP_SECONDARY_METABOLIC_PROCESS",0.555099648300117,1,0.376079649306646,0.947563318554271,3787,51,"CYP3A4;FMO1;CYP2W1;DCT;SLC24A5;AKR1C1;POMC;WNT5A"
"GOBP_SEQUESTERING_OF_CALCIUM_ION",0.541801075268817,1,0.344323918010654,0.963786632326979,4030,114,"HTR2A;F2;F2RL3;CASQ2;XCL1;GP5;CXCL11;AKAP6;PTPRC;NGF;GP1BA;TRPM2;APLNR;NOL3;ITGB3;P2RX7;ITPR2;PDPK1;CASQ1;JPH4;TMEM38A;CACNA1S;PLCG2;GSTM2;ANK2;GSTO1;LIME1"
"GOBP_SERINE_FAMILY_AMINO_ACID_BIOSYNTHETIC_PROCESS",0.510707986898463,1,-0.453302292511718,-0.953805068383251,2026,13,"GGT1;ENSG00000274276;CTH;RIDA;PSPH"
"GOBP_SERINE_TRANSPORT",0.562603550295858,1,-0.504159111165989,-0.938174038148806,2376,8,"SFXN3;SFXN2;SLC7A10;SLC1A5"
"GOBP_SEROTONERGIC_NEURON_AXON_GUIDANCE",0.344414655942806,1,0.712400203770789,1.147494822873,1926,5,"PCDHAC2;WNT5A;FZD3"
"GOBP_SEROTONIN_METABOLIC_PROCESS",0.00570218312153796,1,0.779218241870293,1.60828384936138,34,17,"TPH2;TH;SULT1A4;MAOA"
"GOBP_SHORT_CHAIN_FATTY_ACID_METABOLIC_PROCESS",0.540402752995157,1,-0.437025589984897,-0.93134459523515,2119,14,"CES1;ACSS2;ACOT9;OXSM"
"GOBP_SHORT_TERM_SYNAPTIC_POTENTIATION",0.941376228775693,1,0.34526510054212,0.55613391643313,5266,5,"ELOVL4;NOG;PRRT2"
"GOBP_SKELETAL_MUSCLE_ACETYLCHOLINE_GATED_CHANNEL_CLUSTERING",0.0308370044052863,1,-0.703296630197459,-1.54901808100258,118,16,"RAPSN"
"GOBP_SMALL_MOLECULE_METABOLIC_PROCESS",1,1,0.229985831640206,0.743127964140519,9909,1608,"GSTM1;GAD2;ARG1;LGSN;TPH2;ACOT6;FBP2;ZBTB20;GFI1;APOA5;CUBN;PFKFB1;PLA2G4F;APOBR;TH;GAD1;CYP3A4;NLRC4;SULT1A4;FMO1;GUCA1ANB-GUCA1A;CYP2W1;PDE4C;MPO;NOX1;SCNN1B;HTR2A;IP6K3;GUCY2F;CMAHP;PLA2G5;ALDOB;SLC22A11;TKTL1;SLC34A1;ALDH8A1;GIP;ABCC9;FABP2;LDHAL6B;URAD;CYP4A11;PROX1;SLC17A3;LIPC;GLYATL1B;NME9;ADH6;THEM5;ACSM6;AOAH;MOGAT3;APOA2;DCT;LPO;CSGALNACT1;ME3;BMP5;GADL1;PTH1R;PNLIPRP2;AVPR1A;GAPDHS;TTC36;PM20D1;SP7;ADCY4;SDR9C7;UPB1;CYP46A1;PDX1;CBR3;ABCD2;FTCD;PARP9;FMO5;ALDH1A1;BGLAP;NOXRED1;PPP1R3G;GALR2;INHBA;CH25H;SULT2B1;ELOVL3;OAS1;ATP8B1;SLC25A18;DHFRP1;AKR1D1;BCO2;MALRD1;ACP3;ADCY8;CYP2C18;LDHD;KYAT1;LHCGR;GLS2;CD36;NAIP;ACSM1;WNT4;NR5A2;SGPP2;CEACAM1;FGF23;MYH3;PLPP2;ALOX5;DPYD;FBN3;GPRC6A;TPK1;MTTP;PTGR3;MGAT4A;AVPR1B;SLC4A4;EGR1;FAAH2;IGFBP3;TBXAS1;HSD17B6;HECTD4;ADHFE1;TWIST1;AKR1C1;CARNS1;HPGD;ERFE;HNF4A;ACSS1;GSTO2;LIPA;LHB;UAP1L1;PARP14;SPHK1;DDO"
"GOBP_SNO_S_RNA_METABOLIC_PROCESS",0.334018499486125,1,-0.50549807183048,-1.09606882883333,1299,15,"EXOSC3;TENT4B;PARN;NUDT16;NUDT16L1;EXOSC2;ZCCHC7;DKC1;FBL"
"GOBP_SNRNA_METABOLIC_PROCESS",0.304249108011677,1,-0.374638395392429,-1.06754214256152,937,60,"SAGE2P;MYOD1;EXOSC3;ELL;EXOSC8;INTS13;NOP10;MTREX;TOE1;SNAPC4;CC2D1A;EXOSC9;INTS2;NHP2;INTS6;POLR3B;ZC3H8;EXOSC2;ZCCHC7;DKC1;INTS1;PPP2CA;SNAPC5"
"GOBP_SODIUM_ION_EXPORT_ACROSS_PLASMA_MEMBRANE",0.667695306155595,1,0.410116455532056,0.867484858472419,4110,19,"ATP4B;ATP1A4;SLC4A4;ATP1B2;FXYD1;ATP1B1;FXYD3"
"GOBP_SODIUM_ION_IMPORT_ACROSS_PLASMA_MEMBRANE",0.909176618478944,1,0.311332931120299,0.705349302572755,5785,27,"SCNN1B;SLC34A1;SCNN1G;SCNN1D;SLC9A9;HCN1"
"GOBP_SOMATIC_DIVERSIFICATION_OF_IMMUNE_RECEPTORS",0.99234693877551,1,0.251419751059358,0.667819056664865,7001,75,"AICDA;RAG2;PTPRC;FOXP3;TNFSF13;BCL6;TNFSF4;BCL11B;APLF;SLC15A4;SAMHD1;SHLD1;TGFB1;IL27RA;LIG4"
"GOBP_SOMATIC_DIVERSIFICATION_OF_IMMUNE_RECEPTORS_VIA_SOMATIC_MUTATION",0.0695100113950838,1,0.684257804359159,1.39690727343845,426,16,"AICDA;SAMHD1"
"GOBP_SOMATIC_MOTOR_NEURON_DIFFERENTIATION",0.569794459338695,1,0.597593626737542,0.962570742166521,3187,5,"PHOX2A;LHX4;CLN8;TCTN1"
"GOBP_SOMITE_ROSTRAL_CAUDAL_AXIS_SPECIFICATION",0.95969517358171,1,0.305501440689491,0.56675640020169,5666,10,"TBX6;RIPPLY2;LHX1;GDF3;SMAD4"
"GOBP_SPERM_AXONEME_ASSEMBLY",0.531848043416167,1,-0.369885900348503,-0.946038955713588,1861,32,"CFAP47;MEIG1;PDCL2;CFAP97D1;ZMYND12;MNS1;DNAH12;SPEF2;PLA2G3;DNAH1;CFAP65;TTLL5;CFAP58"
"GOBP_SPERM_MITOCHONDRIAL_SHEATH_ASSEMBLY",0.725705329153605,1,0.475717115951615,0.817844471238173,4166,7,"CFAP61;LRRC46;ARMC12"
"GOBP_SPERM_MITOCHONDRION_ORGANIZATION",0.758974358974359,1,0.542885702202914,0.803138948685602,4143,3,"VPS13A;MFSD14A;NECTIN2"
"GOBP_SPERMIDINE_METABOLIC_PROCESS",0.977984758679086,1,0.274185693124094,0.508660437316105,5774,10,"PAOX;AMD1;HDAC6;SAT2;SATL1"
"GOBP_SPERMINE_METABOLIC_PROCESS",0.834272300469484,1,-0.388922434682713,-0.702912838480383,3553,7,"SMOX;SMS;ODC1"
"GOBP_SPHINGOID_METABOLIC_PROCESS",0.438816529988744,1,0.465679974915295,1.02160625102916,2728,23,"SGPP2;PLPP2;SPHK1;PLPP3;SPTSSB;ASAH2B;ASAH2;ACER2;ASAH1;PLPP1;ABCA2"
"GOBP_SPHINGOLIPID_BIOSYNTHETIC_PROCESS",1,1,0.204675333063548,0.570346162150666,7395,109,"B3GALT2;P2RX1;B4GALNT1;ELOVL3;ST8SIA6;MFSD2B;SPHK1;ST8SIA3;P2RX7;ALOX12B;SAMD8;SPTSSB;B4GALT4;B3GALT4;ASAH2B;ASAH2;PPM1L;HACD2;ACER2;ASAH1;ST8SIA5;ST3GAL3;CERT1;CLN8;PAQR4;UGT8;SGMS1;ST6GALNAC5;ELOVL4;PRKD3"
"GOBP_SPHINGOLIPID_MEDIATED_SIGNALING_PATHWAY",0.556533072662105,1,0.456522604148106,0.942249413152232,3415,17,"GPR6;MFSD2B;SPHK1;PLPP3"
"GOBP_SPHINGOLIPID_METABOLIC_PROCESS",1,1,0.207202300459252,0.598721902679229,7733,160,"B3GALT2;ABCA12;PSAPL1;P2RX1;B4GALNT1;ELOVL3;ST8SIA6;FUT3;SGPP2;PLPP2;MFSD2B;SPHK1;NEU4;ST8SIA3;GALC;P2RX7;PLPP3;ALOX12B;SAMD8;SPTSSB;ENPP2"
"GOBP_SPHINGOLIPID_TRANSLOCATION",0.949398683911958,1,-0.302328366572307,-0.511537894895626,4183,5,"ABCB4"
"GOBP_SPHINGOMYELIN_METABOLIC_PROCESS",0.995351239669422,1,-0.218187413448223,-0.494169763622714,3853,18,"ABCA8;SMPD4;SMPDL3B;PEMT;SMPD2;SPTLC1;SPTLC2;SMPD3;SGMS2;PRKCD;VAPA;SMPD1;OSBP;ABCA2;SGMS1;CERT1;SMPDL3A;SAMD8"
"GOBP_SPINAL_CORD_ASSOCIATION_NEURON_DIFFERENTIATION",0.63105632597158,1,0.493455205031868,0.89412483576564,3685,9,"TAL1;PAX7;ASCL1;GDF7;LHX5;LHX1"
"GOBP_SPINAL_CORD_MOTOR_NEURON_CELL_FATE_SPECIFICATION",0.117426273458445,1,0.815971439437696,1.31432163748825,656,5,"OLIG3;MNX1;ISL1"
"GOBP_SPINAL_CORD_MOTOR_NEURON_DIFFERENTIATION",0.895548489666137,1,0.319400608756582,0.712199083266453,5632,25,"OLIG3;MNX1;PHOX2A;PTCH1;LHX4"
"GOBP_SPINAL_CORD_OLIGODENDROCYTE_CELL_DIFFERENTIATION",0.241210502892746,1,-0.772854611257845,-1.25000167280852,1083,4,"SOX6;OLIG2"
"GOBP_SPONTANEOUS_NEUROTRANSMITTER_SECRETION",0.663183559735284,1,0.507829882366568,0.873052172596776,3807,7,"RPH3A;DOC2A;SYT1"
"GOBP_SPONTANEOUS_SYNAPTIC_TRANSMISSION",0.229736449527598,1,0.618566553706793,1.21161230848326,1385,13,"CBLN2;RPH3A;DOC2A"
"GOBP_SPROUTING_OF_INJURED_AXON",0.973679433654021,1,0.31348797891583,0.485283252585788,5363,4,"NTRK3;LAMB2;PUM2"
"GOBP_STEROID_METABOLIC_PROCESS",0.903425309229305,1,0.277809290606344,0.841703472893916,7595,283,"GFI1;APOA5;CYP3A43;CUBN;UGT2B15;APOBR;CYP3A4;SULT1A4;SCNN1B;DHRS2;PROX1;LIPC;UGT2B4;APOA2;CRH;BMP5;SDR9C7;CYP46A1;FMO5;BGLAP;INHBA;CH25H;SULT2B1;ATP8B1;NR5A1;AKR1D1;MALRD1;LHCGR;WNT4;NR5A2;FGF23;GPRC6A;MTTP;EGR1;HSD17B6;AKR1C1;LIPA;LHB;POMC;RDH16"
"GOBP_STEROL_METABOLIC_PROCESS",1,1,0.214792785767238,0.614525162198449,7649,143,"APOA5;CUBN;APOBR;CYP3A4;LIPC;APOA2;CYP46A1;FMO5;CH25H;SULT2B1;AKR1D1"
"GOBP_STORE_OPERATED_CALCIUM_ENTRY",0.990321019519277,1,0.24794797251996,0.534764741649572,6138,21,"EFHB;CRACR2B;CASQ1;JPH4;SRL;STC2;TSPAN18;SPG11;STIM1"
"GOBP_SUCCINATE_METABOLIC_PROCESS",0.0126899016979446,1,0.912938275365424,1.47051045050162,70,5,"GAD2;GAD1;ALDH5A1"
"GOBP_SUCCINYL_COA_METABOLIC_PROCESS",0.906845682081883,1,0.344932729833718,0.675634236220545,5470,13,"ACOT4;NUDT7;NUDT19;SUCLG2;SUCLA2"
"GOBP_SULFUR_AMINO_ACID_BIOSYNTHETIC_PROCESS",0.0644409937888199,1,-0.641983568817614,-1.42855189687592,248,17,"BHMT2;GGT1;ENSG00000274276"
"GOBP_SULFUR_AMINO_ACID_CATABOLIC_PROCESS",0.388261089559791,1,0.567649638604562,1.07373672193031,2301,11,"FMO1;MAT1A;CSAD"
"GOBP_SULFUR_AMINO_ACID_METABOLIC_PROCESS",0.568050749711649,1,-0.35725299885232,-0.929471242427727,1969,35,"BHMT2;GGT1;ENSG00000274276;NOX4;SMS;GNMT;DPEP1"
"GOBP_SULFUR_AMINO_ACID_TRANSPORT",0.286424664346096,1,0.592914930940979,1.1613673967767,1727,13,"SLC22A4;SLC1A2;SLC7A9;SLC1A4;SLC3A1"
"GOBP_SULFUR_COMPOUND_BIOSYNTHETIC_PROCESS",0.521035598705502,1,0.348523923963297,0.972862774238578,3863,111,"GSTM1;FMO1"
"GOBP_SULFUR_COMPOUND_CATABOLIC_PROCESS",0.69424766222726,1,-0.342984097503507,-0.864373165114266,2449,30,"GGTLC2;DPEP3;GGT1;ENSG00000274276"
"GOBP_SULFUR_COMPOUND_METABOLIC_PROCESS",0.996860282574568,1,0.246401283948101,0.74081440812355,8254,251,"GSTM1;ACOT6;SQOR;SULT1A4;FMO1;TKTL1;THEM5;ACSM6;LPO;SULT2B1;SLC1A2;ELOVL3;ACP3;ACSM1;GSTM3;TPK1;GAL3ST4;ACSS1;GSTO2"
"GOBP_SULFUR_COMPOUND_TRANSPORT",0.984992784992785,1,0.252436920828643,0.653323561941066,6825,61,"SLC26A10P;SLC22A4;SLC1A2;SLC26A1;SLC7A9;SLC1A4;SLC36A1;SLC13A4;SLC26A2;SLC25A16;SLC3A1;LRRC8C;SLC44A4;SLC26A11;SLC6A6;ABCD1;SLC35B2;GJA1"
"GOBP_SUPEROXIDE_METABOLIC_PROCESS",0.621160409556314,1,0.348076131246548,0.916828394594751,4367,70,"CLEC7A;MPO;NOX1;NCF1C;NCF1B;DUOX1;ITGAM;ITGB2;DHFRP1;CD36"
"GOBP_SUPRAMOLECULAR_FIBER_ORGANIZATION",1,1,-0.212215980965526,-0.778998787955239,483,759,"FSCN2;STMN4;PFN3;TCHH;FRMD7;PLEK;MYOC;MYL2;RHOJ;KBTBD13;PRPH;MYO7B;DNAI3;MYPN;KRT83;PGM5;RGCC;MYOM3;GHRL;ANKRD1;CATIP;CCR7;MYBPC3;KHDC3L;TMSB15C;COL3A1;NRAP;ARHGAP6;MYO1A;SHANK1;ESAM;CRYAB;MYH11;VIL1;RAC2;TNNT3;NCKAP5;FLNC;KRT86;MICAL2;KRT80;PRKCE;PTGER4;MFAP5;TOGARAM1;PKP1;ANKRD53;ACTC1;OOEP;LCP1;PPM1F;TENM1;TGFB3;TESK1;MYO15A;CLRN1;BID;APC2;RHOB;RAB40B;RAD51C;HCLS1;SPTBN5;ADPRHL1;CSRP1;FGF13;KANK4;CCN2;ASB2;MAP2;MAP6D1;CNN1;CALD1;DAPK3;ARHGAP36;PICK1;ZYX;GAS2;TAGLN2;INPP5J;ACTG1;SRF;ACTB;INF2;HSPA8;CDC42EP2;TAC1;LIMS2;MAP1A;NDE1;MICAL3;TPM2;CNN2;SHROOM2;DLC1"
"GOBP_SYMPATHETIC_NEURON_PROJECTION_EXTENSION",0.836103663985702,1,0.437185003409122,0.704193408977591,4677,5,"NRP1;CLSTN3;NRP2"
"GOBP_SYNAPSE_ASSEMBLY",0.984533016061868,1,0.258146812499234,0.78187372170882,8274,281,"NLGN4Y;IL1RAPL1;GJA10;ERBB4;CNTN5;CBLN2;RTN4RL1;LRFN5;SPOCK2;LRTM2;PCDHB10;LRRC24;PCDHB9;MEF2C;GABRB2;PCDHB11;EPHB3;PCDHB14;GABRG1;GABRG3;NTN1;PLXNC1;OPCML;SYNDIG1;GABRA1;GPM6A;SLITRK1;SLITRK3;SRGAP3;WNT5A;KIRREL3;PCDHB13;DKK1;TRIM47;DSCAM;CPEB3;LRRTM1;NRG3;LRRTM3;NRXN3;THBS2;RTN4RL2;PRKCA;ADGRB3;NPTX1;PRICKLE1;SLITRK4;PCDHB16;C1QL2;SLITRK2;NTRK3;CLSTN3;CCDC141;LRRN3;DNM3;SEMA4A;SRGAP2;SDK1;NRCAM;ZDHHC8;IL1RAP;CARMIL3;LHFPL4;BSN"
"GOBP_SYNAPSE_MATURATION",0.950074515648286,1,0.285632164602788,0.694631738230266,6374,41,"CX3CR1;SYBU;SEZ6;NFATC4;BCAN;LNX1;NEFL;ADGRB3;NRN1;C1QL2"
"GOBP_SYNAPSE_ORGANIZATION",1,1,0.208795790285205,0.658727801784158,9291,582,"NLGN4Y;IL1RAPL1;ZNF804A;GJA10;SLC18A3;CX3CR1;ERBB4;C1QL4;CNTN5;CBLN2;C5AR1;CNTN6;RTN4RL1;LRFN5;PCDHGC5;WNT7B;POTEE;ITGAM;CBLN3;SPOCK2;LRTM2;POTEF;PCDHB10;LRRC24;SYBU;PCDHB9;GRID1;MEF2C;GABRB2;PCDHB11;SRCIN1;CPNE6;EPHB3;PCDHB14;GABRG1;GABRG3;CDH8;NTN1;GDNF;PLXNC1;OPCML;PCDHGC3;SYNDIG1;GABRA1;PCDHGC4;GPM6A;SLITRK1;SLITRK3;SEZ6;SRGAP3;NRP1;WNT5A;NFATC4;KIRREL3;BCAN;EFNA1;FRMPD4;PCDHB13;DKK1;TRIM47;ITGB3;TENM4;SHISA6;DSCAM;CPEB3;LRRTM1;SEMA3E;NRG3;LRRTM3;LNX1;NRXN3;NEFL;THBS2;GLRB;RTN4RL2;PRKCA;P2RX2;ADGRB3;GRM5;NRN1;NPTX1;PRICKLE1;CACNA1S;TLN2;SLITRK4;PCDHB16;PCDH8;C1QL2;SLITRK2;NTRK3;SLC8A3;CAPRIN2;CLSTN3;SLC8A2;DIXDC1;SARM1;LAMA5;L1CAM;FILIP1;CCDC141;LRRN3;DNM3;SEMA4A;SRGAP2;SDK1;NRCAM;HMCN2;ZDHHC8;DIP2A;IL1RAP;CARMIL3;LHFPL4;PPFIA4;BSN;PRRT1;PPFIA3;COL4A1;NEGR1;SPTBN4;CX3CL1;SDK2;FLRT3;DNER"
"GOBP_SYNAPSE_PRUNING",0.727495908346972,1,0.406938791748818,0.819463579144774,4444,15,"CX3CR1;ITGAM;PLXNC1;DKK1;ADGRB3;SARM1;CX3CL1"
"GOBP_SYNAPTIC_ASSEMBLY_AT_NEUROMUSCULAR_JUNCTION",0.907502569373073,1,-0.320473864379399,-0.694881806235289,3531,15,"COLQ;LIN7A;SIX4;AGRN;LRP4;SKP1;LARGE1;PDZD11;KCNJ8;LIN7B;MYCBP2;LIN7C;FBXO45;DAG1;SIX1"
"GOBP_SYNAPTIC_MEMBRANE_ADHESION",0.986155976003692,1,0.257550442055494,0.599974529976844,6410,32,"IL1RAPL1;LRFN5;SLITRK1;SLITRK3;TENM4;PCDH8;SLITRK2;IL1RAP;FLRT3"
"GOBP_SYNAPTIC_SIGNALING",1,1,0.198703417014773,0.632553596077865,9553,782,"GAD2;UNC13C;IL1RAPL1;RIMBP3;EGR3;GLRA1;GRIA2;CACNG3;TH;CNR2;GAD1;HTR2A;SLC17A8;SCN2B;SLC18A3;CNTNAP4;NR2E1;PLG;CX3CR1;C1QL4;CBLN2;DRD5;RPH3A;RIT2;CRH;TACR1;GRM7;CYP46A1;SV2C;CBLN3;PCDHB10;NPFF;P2RX1;BGLAP;PCDHB9;FAM107A;GRID1;GRIK1;MEF2C;SLC1A2;ADCY8;GABRB2;PCDHB11;STX11;HTR1F;PCDHB14;GABRG1;CPLX3;GABRG3;NPY;NGF;CDH8;SLC32A1;GDNF;SLC6A2;GABRR1;APBA1;GABRA1;RGS8;ADRA2A;GFAP;CAMK2A;MPZ;STX19;SLITRK3;SNAP25;CACNB3;SEZ6;MYCBPAP;BEST1;CDH11;WNT5A;NFATC4;GABRP;HCRTR1;PCDHB13;CACNA1B;OPRL1;NXPH1;DKK1;SYNJ1;SHISA6;DSCAM;CPEB3;PRKCB;MAPK8IP2;CACNG8;LRRTM1;SLC12A7;CALB2;NRG3;P2RX7;TENM2;NPBWR1;NRXN3;GLRA3;P2RX3;SLC1A4;NPY2R;NEFL;HTR1D;SV2B;GLRB;P2RX2;VGF;HTR6;SYNGR1;SLC4A10;DOC2A;DRD4;CADPS;NRGN;CADPS2;GRM5;MYLK2;JPH4;NRN1;CCL2;GRIK3;PTPRN2;NPTX1;SLITRK4;UTS2;AKAP7;MME;PCDHB16;PCDH8;C1QL2;HRH2;SLC8A3;CACNA1E;RIMBP2;CLSTN3;SLC8A2;MBP;GRIN2D;HCN1;PRKCG"
"GOBP_SYNAPTIC_SIGNALING_VIA_NEUROPEPTIDE",0.842824995672494,1,0.402065305693476,0.711046683639477,4868,8,"GRID1;NPY;NPY2R;GRM1"
"GOBP_SYNAPTIC_TRANSMISSION_CHOLINERGIC",0.583763625932301,1,-0.357680577076537,-0.920089584705748,2034,33,"RAPSN;CHRNA2;LYNX1;CHRNA1;TACR2;NALCN;TAC1;LYPD1;NQO1"
"GOBP_SYNAPTIC_TRANSMISSION_DOPAMINERGIC",0.575288972196189,1,0.408555797466353,0.930978235064902,3682,28,"TH;CNTNAP4;DRD5;CRH;GDNF;SLC6A2"
"GOBP_SYNAPTIC_TRANSMISSION_GABAERGIC",0.254085321764281,1,0.438737262727778,1.12812670902772,1756,58,"CNR2;CNTNAP4;CRH;TACR1;GABRB2;GABRG1;GABRG3;GABRR1;GABRA1;SLITRK3;BEST1;GABRP"
"GOBP_SYNAPTIC_TRANSMISSION_GLUTAMATERGIC",0.963297726650233,1,0.267909554937895,0.741531745471001,7033,104,"UNC13C;GRIA2;CACNG3;HTR2A;SLC17A8;GRM7;P2RX1;GRID1;GRIK1;MEF2C;CDH8;DKK1;DSCAM;MAPK8IP2;CACNG8;SLC1A4;NPY2R;GRM5;CCL2;GRIK3;CLSTN3;GRIN2D;HCN1"
"GOBP_SYNAPTIC_TRANSMISSION_GLYCINERGIC",0.303503358141223,1,0.75908558169728,1.17507383010669,1671,4,"GLRA1;GLRB"
"GOBP_SYNAPTIC_VESICLE_BUDDING",0.676573718483887,1,0.439708817492359,0.84792429647086,4051,12,"AP3B2;MX1;DNM3;SLC2A4;DNM1;AP3S1;AP3S2"
"GOBP_SYNAPTIC_VESICLE_CLUSTERING",0.997670807453416,1,-0.197004857691297,-0.438378296296595,3854,17,"SYN2;SYN1;BRSK2;RAB3A;CTBP1;NRXN1"
"GOBP_SYNAPTIC_VESICLE_COATING",0.755853440571939,1,0.490773321654004,0.790510506343635,4228,5,"AP3B2;AP3S1;AP3S2;AP3M2"
"GOBP_SYNAPTIC_VESICLE_CYTOSKELETAL_TRANSPORT",0.991157347204161,1,-0.23512213887286,-0.538662929472771,3810,19,"MAP2;BLOC1S3;DTNBP1;BLOC1S4;BLOC1S5;AP3D1;BLOC1S1;AP3M2;BLOC1S6;AP3M1;AP3B1;SNAPIN;AP3S2;KIF1B;AP3S1;BORCS5;BLOC1S2;TRIM46;AP3B2"
"GOBP_SYNAPTIC_VESICLE_DOCKING",0.360092120414542,1,0.549164580815547,1.09008533104409,2188,14,"UNC13C;CPLX3;SNAP25"
"GOBP_SYNAPTIC_VESICLE_ENDOSOMAL_PROCESSING",0.966101694915254,1,0.299096327629302,0.541952850213394,5642,9,"ITSN2;ITSN1;BTBD8;RAB11A;GRIPAP1;RAB7A;AP3D1;STX6;EEA1"
"GOBP_SYNAPTIC_VESICLE_EXOCYTOSIS",0.458367570528622,1,0.36155399066934,1.00011589761929,3346,103,"UNC13C;RPH3A;SV2C;P2RX1;STX11;CPLX3;NPY;STX19;SNAP25;CACNA1B;SYNJ1;PRKCB;P2RX7;SV2B;DOC2A;CADPS;CADPS2"
"GOBP_SYNAPTIC_VESICLE_LOCALIZATION",0.999856239217941,1,0.18239280395128,0.473221603231944,6954,62,"SYNDIG1;SYNJ1;RAB27A;KIFC2;AP3B2;MX1;DNM3;BSN;TRIM46;SLC2A4;BLOC1S2;BORCS5;DNM1;NLGN1;HTT;SPG11;KIF5A"
"GOBP_SYNAPTIC_VESICLE_LUMEN_ACIDIFICATION",0.949468774293859,1,-0.295330410031541,-0.650468273792697,3663,16,"ATP6V0A4;ATP6V1C1;ATP6V1D;ATP6V1E1;ATP6V0C;ATP6AP2;ATP6V0D1;ATP6V1B2;ATP6V1G1;CLCN3;ATP6V1F;ATP6AP1;ATP6V1G2;SLC17A7;ATP6V0A1;ATP6V1A"
"GOBP_SYNAPTIC_VESICLE_MATURATION",0.9140625,1,-0.296396544862359,-0.722327943026191,3392,25,"ATP6V0A4;ZDHHC15;ATP6V1C1;PICALM;RAB3A;ZDHHC20;ATP6V1D;ATP6V1E1;STXBP1"
"GOBP_SYNAPTIC_VESICLE_MEMBRANE_ORGANIZATION",0.607267751254371,1,0.384518339055929,0.9138454900497,3993,36,"RPH3A;STX11;CPLX3;STX19;SNAP25;SYNGR1;DOC2A;AP3B2"
"GOBP_SYNAPTIC_VESICLE_PRIMING",0.377749842866122,1,0.468297345429555,1.06096455908731,2403,27,"UNC13C;RPH3A;SNAP25;SYNJ1;CADPS2"
"GOBP_SYNAPTIC_VESICLE_RECYCLING",0.667132378623821,1,-0.304637370759075,-0.916690705502683,1909,84,"WNT3A;SGIP1;ABCA13;SYNJ2;SNCB;AP2A2;LRRK2;ACTG1;BTBD9;ACTB;CAPN2;PACSIN1;AP2M1;BIN1;RAB3A;SNCG;GAK;PRKN;GIT2;CTBP1;SH3GL2;NLGN3;MX2;MYLK"
"GOBP_SYNAPTIC_VESICLE_RECYCLING_VIA_ENDOSOME",0.867867867867868,1,0.404375576745617,0.672458859114373,4912,6,"ITSN2;ITSN1;BTBD8;GRIPAP1;RAB7A;AP3D1"
"GOBP_SYNAPTIC_VESICLE_TRANSPORT",0.997209165687427,1,0.232210039068044,0.577873051052293,6788,47,"SYNJ1;RAB27A;KIFC2;AP3B2;MX1;DNM3;TRIM46;SLC2A4;BLOC1S2;BORCS5;DNM1;HTT;SPG11;KIF5A"
"GOBP_SYNAPTONEMAL_COMPLEX_ORGANIZATION",0.691397505596418,1,0.38702153084799,0.855780055130395,4323,24,"HORMAD1;TEX12;SYCP1;SYCE3;SYCE2;C14orf39;SYCP2"
"GOBP_T_CELL_ACTIVATION_INVOLVED_IN_IMMUNE_RESPONSE",0.924876353428686,1,0.28024431737433,0.786863432519311,6918,117,"HAVCR2;IL12B;SLC11A1;EOMES;CLEC4D;PSMB9;HLA-DMB;CD1C;CEACAM1;GATA3;FCER1G;IL6;FOXP3;SEMA6D;PSMB8;FGL2;APBB1IP;RAB27A;RC3H1;BCL6;F2RL1;LGALS9;IL18;TNFSF4;HLA-DRA;MALT1;MYB;STAT4;PIK3R1"
"GOBP_T_CELL_CYTOKINE_PRODUCTION",0.164064891337619,1,0.518434143964579,1.22639205783372,1071,35,"ARG1;BTLA;RSAD2;XCL1;SASH3;GATA3;IL6;FOXP3;CLC;HLA-F;IL18;TNFSF4;HLA-A;B2M;MALT1"
"GOBP_T_CELL_DIFFERENTIATION_INVOLVED_IN_IMMUNE_RESPONSE",1,1,-0.208260741078928,-0.635710787924769,2748,94,"SLAMF6;GPR183;TBX21;PCK1;RORC;IRF4;CD86;PTGER4;IL18R1;ANXA1"
"GOBP_T_CELL_MEDIATED_IMMUNE_RESPONSE_TO_TUMOR_CELL",0.0600907029478458,1,0.659536425837852,1.40740833299486,370,20,"MR1;CD274;BTLA;HLA-A"
"GOBP_T_HELPER_1_CELL_CYTOKINE_PRODUCTION",0.810181985717577,1,-0.411856916801604,-0.718337584299812,3516,6,"TBX21;IL18R1"
"GOBP_T_HELPER_1_TYPE_IMMUNE_RESPONSE",0.7033922876196,1,0.339193920302764,0.867563698599511,4851,56,"HAVCR2;IL12B;SLC11A1;XCL1;PSMB9"
"GOBP_T_HELPER_17_TYPE_IMMUNE_RESPONSE",0.973593570608496,1,0.266221982189996,0.692085677731604,6783,63,"IL12B;CLEC7A;PSMB9;CLEC6A;IL17RB;IL6;FOXP3;CARD9;PSMB8;RC3H1;PRKCQ"
"GOBP_T_HELPER_2_CELL_CYTOKINE_PRODUCTION",0.340558848433531,1,0.605097781423836,1.12255784979544,2010,10,"ARG1;RSAD2;XCL1;GATA3;IL6"
"GOBP_TERTIARY_ALCOHOL_METABOLIC_PROCESS",0.969387755102041,1,0.283793363458871,0.605596793343527,5984,20,"BMP5;WNT4;AKR1C1;AKR1C3;AKR1C2;H6PD"
"GOBP_TETRAHYDROBIOPTERIN_METABOLIC_PROCESS",0.949231144740054,1,-0.292747695409983,-0.572125354772728,3888,10,"PRKG2;SPR;GCH1;QDPR"
"GOBP_TETRAHYDROFOLATE_BIOSYNTHETIC_PROCESS",0.933059407635679,1,0.337687595181471,0.611878976050575,5449,9,"DHFRP1;ATIC;DHFR2;SLC46A1"
"GOBP_TETRAHYDROFOLATE_INTERCONVERSION",0.955333170612643,1,-0.286148284879249,-0.55922793439885,3913,10,"MTHFD2L;MTHFR;MTHFD1;MTHFS;TYMS;MTHFD1L;SHMT1;MTHFD2;SHMT2;ALDH1L1"
"GOBP_TETRAHYDROFOLATE_METABOLIC_PROCESS",0.986232588273405,1,0.258278814879805,0.551150386934417,6088,20,"DHFRP1;ATIC;ALDH1L1;DHFR2;SLC46A1;MTR"
"GOBP_TETRAPYRROLE_METABOLIC_PROCESS",0.885474050449406,1,0.301309545097047,0.770666004668951,6107,56,"CUBN;SLCO2B1;HPX;SLCO1B1"
"GOBP_THIAMINE_CONTAINING_COMPOUND_METABOLIC_PROCESS",0.242075931731104,1,0.708222033436314,1.2175628225953,1389,7,"TKTL1;ACP3;TPK1;THTPA"
"GOBP_THREONINE_METABOLIC_PROCESS",0.138643067846608,1,-0.798812205938233,-1.35158575715337,610,5,"SDS"
"GOBP_THYROID_HORMONE_METABOLIC_PROCESS",0.378639240506329,1,0.472338122012609,1.06159047222653,2392,26,"TG;SULT1A4;FOXE1;DIO2;DUOX1;PAX8;GATA3;CPQ;HPN;TPO"
"GOBP_TOLERANCE_INDUCTION_DEPENDENT_UPON_IMMUNE_RESPONSE",0.323793395427604,1,0.612411039707853,1.13612517022915,1911,10,"HAVCR2;BTLA;AIRE;FOXP3;HLA-G"
"GOBP_TOXIN_METABOLIC_PROCESS",0.0199045895706531,1,0.767191610895267,1.52286645998737,120,14,"CYP3A4;FMO1;CYP2W1;FMO2"
"GOBP_TRANS_SYNAPTIC_SIGNALING_BY_BDNF_MODULATING_SYNAPTIC_TRANSMISSION",0.675781948168007,1,0.53851266723196,0.86740640222925,3780,5,"PLG"
"GOBP_TRANS_SYNAPTIC_SIGNALING_BY_LIPID",0.431432973805855,1,0.580308931745106,1.05150097313578,2519,9,"CNR2;ABHD6"
"GOBP_TRANS_SYNAPTIC_SIGNALING_BY_TRANS_SYNAPTIC_COMPLEX",0.128128625890933,1,0.672708564015837,1.31766253978555,772,13,"IL1RAPL1;CBLN2;GRID1;TENM2;NRXN3"
"GOBP_TRANS_SYNAPTIC_SIGNALING_BY_TRANS_SYNAPTIC_COMPLEX_MODULATING_SYNAPTIC_TRANSMISSION",0.301114594218042,1,0.680795305797024,1.17041127640997,1728,7,"CBLN2;GRID1;NRXN3"
"GOBP_TRANS_SYNAPTIC_SIGNALING_MODULATING_SYNAPTIC_TRANSMISSION",0.0775503677646306,1,0.617465512919077,1.36533662488806,484,24,"CNR2;PLG;C1QL4;CBLN2;CBLN3;GRID1"
"GOBP_TRANSMISSION_OF_NERVE_IMPULSE",0.995455191024002,1,0.243861162658512,0.646571800828789,7008,74,"GLRA1;CACNG3;KCNA1;DRD5;OTOA;AVPR1A;P2RX1;SCN4B;TRPA1;SCN2A"
"GOBP_TRANSSULFURATION",0.498751985477649,1,-0.594786299790068,-1.00637507210096,2197,5,"ENSG00000274276;CTH"
"GOBP_TRICARBOXYLIC_ACID_METABOLIC_PROCESS",0.862477381148215,1,0.360678652018295,0.715942945923452,5242,14,"SLC34A1;ASS1"
"GOBP_TRIGLYCERIDE_METABOLIC_PROCESS",0.350663716814159,1,0.386850153053559,1.0565005128846,2535,92,"APOA5;APOBR;SLC22A4;FABP2;LIPC;GPR82;MOGAT3;APOA2;PNLIPRP2;AGMO;CAV3;MTTP;LIPA"
"GOBP_TRNA_AMINOACYLATION_FOR_MITOCHONDRIAL_PROTEIN_TRANSLATION",0.57301775147929,1,-0.499304056427657,-0.929139417513348,2420,8,"WARS2;EARS2;TARS2;GARS1"
"GOBP_TRNA_METABOLIC_PROCESS",0.942528735632184,1,-0.257056875939951,-0.859980104715926,1803,208,"QNG1;CTAG1B;TYW1B;B3GNTL1;EXOSC3;TRMT5;POLR2F;WARS2;CTU1;TSEN34;OSGEP;EXOSC8;PRORP;ELP5;TRMT61B;FARS2;EARS2;PUSL1;TSEN15;PUS3;DTD2;DUS2;LCMT2;RARS1;GRSF1;QTRT2;TRMT61A;TSEN54;TP53RK;ELP3;YRDC;TARS2;THUMPD2;RPP40;ELP4;THADA;EXOSC9;TRMT6;NAT10;LSM6;ANKRD16;GTF3C6;HARS2;YARS1;METTL2B;KTI12;TYW5;DDX1;GATB;FAM98B;TRMT1;TRMU;DUS3L;RPP25;NSUN3;NSUN2;GTF3C5;MARS2;HARS1;URM1;EXOSC2;POLR2E;ELP1;RTCB;POLR3D;SSB;ALKBH1;PUS1;PUS10;ZCCHC7;FAM98A;FARSA;MOCS3;ELAC2;MPST;TRMT10B;TRUB1;KARS1;THG1L;GARS1;ADAT3;TRMT10C;RPP21;AIMP2;EEF1E1;ZBTB8OS;POLR2L;GTPBP3;METTL1;DUS1L;RPP14;PUS7"
"GOBP_TRNA_THREONYLCARBAMOYLADENOSINE_METABOLIC_PROCESS",0.261378413524057,1,-0.499276673257554,-1.14383884360528,1004,19,"CTAG1B"
"GOBP_TUMOR_NECROSIS_FACTOR_MEDIATED_SIGNALING_PATHWAY",1,1,-0.19209067068256,-0.599777142038906,2591,112,"BIRC7;TRADD;TNFRSF4;LAPTM5;TNFRSF18;BIRC3;PLVAP;SYK;TIFA;TNFRSF1B;H2BC11;NFKB1;PELI3;TRAF6;HSPA1A;PIAS4;SPPL2B;TNFRSF14;CPNE1;GPS2;AIM2;HSPA1B;SPATA2;ILK;RFFL;TRIM32;PRKN;CARD8;SPPL2A;TXNDC17;CDK5R1"
"GOBP_TUMOR_NECROSIS_FACTOR_SUPERFAMILY_CYTOKINE_PRODUCTION",0.468101559479314,1,0.344876466592027,0.999462972613466,3631,165,"ORM1;HAVCR2;CD274;GPR18;ZBTB20;IL12B;CLEC7A;FCGR3A;CX3CR1;FCGR2C;CD33;IL37;PSMB9;SASH3;FCGR1A;BTK;OAS1;PTPRC;IFIH1;CD36;AZU1;TLR6;SPON2;FCER1G;TWIST1;FCGR2A;POMC;IL6;WNT5A;NFATC4;FOXP3;CARD9;PSMB8;IL1A;RIGI;PTPN22"
"GOBP_TYPE_2_IMMUNE_RESPONSE",0.48941717791411,1,0.418094052415086,0.984476461046928,3190,34,"ARG1;RSAD2;XCL1;GATA3;IL6;ECM1;IDO1;BCL6;IL18;TNFSF4;MYB"
"GOBP_TYPE_I_INTERFERON_MEDIATED_SIGNALING_PATHWAY",0.848306544202067,1,0.306515821420551,0.79683581445166,5910,63,"SP100;STING1;OAS1;IFIH1;WNT5A;TBKBP1;OAS2;CR2;NLRC5;TRAF3;SAMHD1;IFITM2;IKBKE;STAT2;USP27X;IFNAR2;IFITM3;IFITM1;IFNAR1;HDAC4;TRIM56"
"GOBP_TYPE_I_INTERFERON_PRODUCTION",0.999592999593,1,-0.219696611317558,-0.695549889067529,2455,127,"TLR4;NMBR;IRGM;XAF1;TRADD;TLR2;LTA"
"GOBP_TYPE_II_INTERFERON_MEDIATED_SIGNALING_PATHWAY",0.293829113924051,1,0.501948346532629,1.12814011276159,1856,26,"ARG1;SP100;PARP9;PARP14;HPX;PPARG"
"GOBP_TYPE_II_INTERFERON_PRODUCTION",0.439342015078821,1,0.36556525519741,1.00980825355449,3204,102,"HAVCR2;CD274;IL12B;CLEC7A;SLC11A1;CD226;CD96;CD3E;XCL1;PSMB9;SASH3;INHBA;GATA3;RIPK3;BTN3A2;IRF8;WNT5A;FOXP3;TLR7;PDE4B;PSMB8;PTPN22;HMSD;F2RL1;LGALS9;IL18;TNFSF4;HLA-A"
"GOBP_TYPE_III_INTERFERON_PRODUCTION",0.387184607006716,1,0.723683198769704,1.12027050528449,2132,4,"IFIH1;IL32;RIGI;TLR3"
"GOBP_TYROSINE_METABOLIC_PROCESS",0.543510445797006,1,0.479527585208818,0.95185670148436,3303,14,"TH;DCT;TTC36;OCA2;PAH;HPD"
"GOBP_TYROSINE_PHOSPHORYLATION_OF_STAT_PROTEIN",0.385910706009578,1,0.45496128782808,1.04997571359713,2497,30,"IL7;ERBB4;IL2RG;IL31RA;PARP9;IL15;IL10RB;PARP14;HES1;CTF1;IL18"
"GOBP_UDP_ALPHA_D_GLUCOSE_METABOLIC_PROCESS",0.700625558534406,1,0.523241954707986,0.842809183601165,3919,5,"UGGT2;UGGT1;ENTPD5;GALT;UGP2"
"GOBP_UDP_METABOLIC_PROCESS",0.771680803185044,1,0.439252681975725,0.776812021270736,4457,8,"AK9;CMPK1;ENTPD4;ENTPD5;CAD"
"GOBP_UDP_N_ACETYLGLUCOSAMINE_METABOLIC_PROCESS",0.891801636333278,1,0.358295757316147,0.690929237406224,5340,12,"UAP1L1;AMDHD2;GNPDA2;GFPT1;UAP1"
"GOBP_UNSATURATED_FATTY_ACID_METABOLIC_PROCESS",0.422670509125841,1,0.371065354274274,1.01977094786812,3079,97,"GSTM1;PLA2G4F;CYP4A11;AVPR1A;ABCD2;ELOVL3;CYP2C18;ALOX5;PTGR3;FAAH2;TBXAS1;AKR1C1;HPGD"
"GOBP_URATE_METABOLIC_PROCESS",0.704826418289585,1,0.448658385641482,0.832336538225744,4161,10,"SLC22A11;SLC17A3"
"GOBP_UTP_METABOLIC_PROCESS",0.420475628267836,1,0.553903246565315,1.04773475712175,2492,11,"NME9;AK3"
"GOBP_VACUOLAR_PROTON_TRANSPORTING_V_TYPE_ATPASE_COMPLEX_ASSEMBLY",0.336907953529937,1,0.715970505408762,1.15324566716527,1884,5,"ALDOB;TM9SF4;VMA21"
"GOBP_VALINE_METABOLIC_PROCESS",0.740610328638498,1,-0.437090204647171,-0.789968099091946,3154,7,"ALDH6A1;ECHS1;BCKDK;BCAT2;HIBCH"
"GOBP_VENTRAL_SPINAL_CORD_INTERNEURON_DIFFERENTIATION",0.331724754244861,1,0.717798843146005,1.1561906524093,1855,5,"DLL4;ASCL1;SOX1"
"GOBP_VERY_LONG_CHAIN_FATTY_ACID_METABOLIC_PROCESS",0.999692355022304,1,0.18541194494816,0.431924882887195,6498,32,"ABCD2;ELOVL3;ACOT4;ACOX1;HACD2;ABCD1;SLC27A2;ELOVL4;SLC27A5;ACSL1;ACSBG1;PEX5;ACOX2"
"GOBP_VESICLE_MEDIATED_TRANSPORT_IN_SYNAPSE",1,1,0.171284029467339,0.513471229225309,8225,243,"UNC13C;SLC17A8;RPH3A;SV2C;P2RX1;IQSEC3;STX11;CPLX3;NPY;SLC32A1;SYNDIG1;STX19;CALY;SNAP25;CACNA1B;RAB27B;ITGB3;SYNJ1;PRKCB;P2RX7;SV2B;DOC2A;DRD4;CADPS;CADPS2;AP3B2;MX1;PRKCG;DNM3;BLTP1;BSN;AAK1;PPFIA3;RAPGEF4;RAP1BL;SCRN1;SLC2A4;SYNGR3;ITSN2;SUSD4;ATP8A1;TAMALIN;ATP6V1A;PIK3C3;FCHO2;SYT17;DNM1;ATP6V0A1;NLGN1;SLC17A7;SYT1"
"GOBP_VITAMIN_A_METABOLIC_PROCESS",0.678169014084507,1,-0.466550096579397,-0.843211970909985,2888,7,"RBP2;ALDH1A2"
"GOBP_VITAMIN_B6_METABOLIC_PROCESS",0.799328740505211,1,0.449877089679883,0.748125880654112,4524,6,"PNPO;PLPBP;PDXP;PDXK"
"GOBP_VITAMIN_D_METABOLIC_PROCESS",0.271040208367247,1,0.569554824538382,1.16274198401691,1664,16,"GFI1;CYP3A4;FGF23;CYP27A1"
"GOBP_VITAMIN_D3_METABOLIC_PROCESS",0.33923145665773,1,0.71459272696084,1.15102641788981,1897,5,"CYP3A4;CYP27A1;CYP27B1;FGFR1"
"GOBP_VITAMIN_E_METABOLIC_PROCESS",0.980195816644415,1,-0.278668604698222,-0.450713778449306,4404,4,"NQO1;NPC1L1"
"GOBP_VITAMIN_K_METABOLIC_PROCESS",0.580208868344462,1,0.515319141335127,0.933741579609854,3388,9,"CBR3;CYP4F11;UBIAD1"
"GOBP_VITAMIN_METABOLIC_PROCESS",0.202938475665748,1,0.503491810104955,1.19104492689284,1325,35,"GFI1;CYP3A4;CYP2W1;CBR3;FGF23;TPK1;CYP26A1;CYP4F11;CYP27A1;AKR1C3"
"GOBP_WNT_SIGNALING_PATHWAY_CALCIUM_MODULATING_PATHWAY",0.867483548899478,1,-0.375490471669622,-0.635327765002512,3822,5,"WNT11"
"GOBP_WOUND_HEALING_INVOLVED_IN_INFLAMMATORY_RESPONSE",0.319257993653893,1,-0.580706764720162,-1.13489215796954,1307,10,"TLR4"
"GOBP_XENOBIOTIC_METABOLIC_PROCESS",0.0458602224358094,1,0.479454047038367,1.32303513347002,333,101,"GSTM1;UGT2B15;CYP3A4;SULT1A4;FMO1;CYP2W1;SLCO2B1;SLC28A3;UGT2B4;LPO;CYP46A1;CBR3;FMO5;AHRR;CYP2C18;ACSM1;GSTM3;DPYD;AKR1C1;HNF4A;GSTO2;CYP26A1"
"GOBP_XENOBIOTIC_TRANSPORT_ACROSS_BLOOD_BRAIN_BARRIER",0.41695461875144,1,-0.618375866041778,-1.07853627723759,1809,6,"SLC22A1;ABCC2;ABCG2"
"GOBP_XMP_METABOLIC_PROCESS",0.883313609467456,1,-0.350633413185503,-0.652482833043232,3731,8,"IMPDH1;PFAS;GART;ADSL"
"GOBP_ZINC_ION_IMPORT_ACROSS_PLASMA_MEMBRANE",0.191115450329509,1,-0.646601766052038,-1.2636726799202,782,10,"SLC30A8"
"GOBP_ZYMOSTEROL_METABOLIC_PROCESS",0.12159061942391,1,-0.626939691799756,-1.33607025967581,476,14,"HMGCS1;HSD17B7;MVD;FDFT1;MSMO1;SQLE;HMGCR;MVK;IDI1;LSS;LBR;NSDHL;FDPS"
