"pathway","pval","padj","ES","NES","nMoreExtreme","size","leadingEdge"
"GOBP_COLLAGEN_METABOLIC_PROCESS",0.000168548794876117,0.21502169197397,0.549378670114897,1.76640675171438,0,99,"MMP7;SERPINB7;COL1A2;INHBA;COL1A1;MMP14;MMP13;MFAP4;TGFB1;EMILIN1;COL5A1;MMP19;ID1;MMP23B;DDR2;BMP4;RGCC;PCOLCE;ADAMTS14;IHH;FAP;IL6R;PRTN3;PLOD2;SERPINH1;P3H2;MMP2;TRAM2;MRC2;NAGLU;P2RX7;P3H3;MMP21;F2;UCN;MMP10;FOSL2;CTSL;P3H1;ITGB1;TNS2;SERPINF2"
"GOBP_INFLAMMATORY_RESPONSE",0.000406724511930586,0.21502169197397,0.34824695992554,1.35802422385402,2,770,"CXCL1;GGT5;CXCL6;CCL27;CXCL2;CHI3L1;CYP19A1;OSMR;STING1;ITGB6;TLR3;HBA1;GBP5;FPR3;IL33;NLRP6;CCL20;IL18;PTGIR;CD40LG;IL22RA1;AGT;IL21;GPR31;GHRL;P2RX1;CCL4L2;CX3CR1;ODAM;SPINK7;CD69;ITGB2;ITGAL;CCR1;CLEC7A;SYK;CCN4;CXCL3;ALOX5AP;IGF1;TNFSF11;FFAR2;FN1;ANXA1;FABP4;TNFSF18;ADIPOQ;ACKR1;TAFA3;CD200R1;CXCR2;SLC11A1;LCN10;CD163;IER3;NOS2;TGFB1;TLR4;PPARG;HRH4;APOL3;CXCR6;WFDC1;SERPINE1;CASP4;GATA3;IL17RC;GPR141;ACKR2;IL31RA;HP;HGF;LRRC19;GBP3;LGALS1;IL17C;AIF1;CCL2;LY75;TNFAIP6;CXCL5;STAP1;NUPR1;TNC;ADM;TNF;NFATC4;MEFV;APOA1;IL1A;CDH5;NEAT1;CD6;EPO;CFH;AHSG;RAB44;CXCL13;TNFSF4;IFI27;OSM;BST1;ZC3H12A;ZFP36;LTA;TNFRSF11A;TRPV4;KCNK13;RARRES2;PTPRC;ETS1;PBXIP1;TLR5;BLNK;NLRC4;ENPP3;IL6R;SIGLEC10;NFKBIZ;GSDMB;NOX4;IL17RA;CYBA;AGTR2;PTGS2;TNFAIP8L2;TLR2;BDKRB2;NPY;STAB1;LRRK2;SERPINA1;PTGER1;IL17RE;LXN;ADAMTS12;NLRP14;BIRC3;HBB;FAM114A1;SAA2;FCER1G;FABP1;MDK;SIGLEC1;UNC13D;MAS1;CASP3;GPSM3;AOC3;NT5E;CSRP3;TMEM258;NR3C1;CSF1;VAMP8;CTSC;ELF4;IFI35;NFATC1;RPS19;VNN1;GPER1;IL4R;HMGB2;PLK2;EPHA2;TLR1;CCR4;NAGLU;PSTPIP1;JUN;SOCS3;MGST2;P2RX7"
"GOBP_SYNAPTIC_SIGNALING",0.000394788787998421,0.21502169197397,-0.325899273287473,-1.34108531420698,0,807,"UTS2;TH;HTR5A;ADRA1A;HTR4;GALR3;GABRA1;CDH1;GRM7;LYNX1;HTR3B;PCDHB6;PCDHB5;GAD2;INSYN2A;CRHR2;EGR3;HCN1;DLGAP2;TNR;HTR2A;SLC32A1;NRXN3;GRIA1;RGS4;CHRNA6;GABRR1;GRIN1;DRD1;DYSF;LY6H;CADPS2;GLRA2;CHRNA2;ADCY8;SV2C;ACE;SLC5A7;HCRTR2;VGF;SGCZ;SCN2B;NOS1;HCRTR1;IL1RAPL1;ADORA2A;GRIN2B;PHF24;CACNB2;HTR2C;SLC7A10;RPH3A;CAMK2A;RASD2;MET;CHRM2;LY6S;GABRG1;BDNF;ABCC8;WNT7A;TACR2;SYT9;GABRG2;GRIN2C;NRN1;GABRA2;GABRG3;SYT2;GABRA5;UNC13C;HAP1;PDYN;CHRM3;HTR1E;GRIK4;P2RX5;DRP2;SLC1A3;EPHB1;NALCN;NPTX1;DLG2;KCNIP1;PRKAR1B;SYN2;CALB1;PLP1;SYN3;NTRK2;SHISA8;NEFL;PLPPR4;GUCY1A1;HTR3A;RAB3B;DOC2B;PTCHD1;SLC6A1;RIMS1;DCC;ARC;ITPKA;GABRA3;COMT;OPHN1;GRM3;GRM5;ABAT;PPFIA2;DLGAP1;DOC2A;NPY2R;SLC24A2;PCDHB13;APBA1;HTR1B;KCNJ10;ZDHHC2;ABTB3;SYN1;RASGRF2;SNCA;GFAP;CELF4;SNCB;DRD5;LRRTM1;ADRB2;HTR1D;SLC17A8;SERPINE2;PTPRN2;FRRS1L;RIMBP3C;GABRQ;NEFH;MCTP1;SYT1;GJD2;NLGN4X;RPS6KA3;MPZ;LRRC4C;SHISA7;RGS8;ITPR3;CBLN2;ACHE;SLC1A6;SHANK2;HTR2B;SYT13;ADAM22;TMOD2;TMEM108;CAMK2B;GRIN3A;CHAT;SHANK3;KCNC4;P2RY1;DSCAM;IGSF21;NR2E1;SLC4A8;GNAO1;NRXN2;LRFN2;CACNG8;FAAH;KIF5A;SLC6A4;PRKN;FGF12;CHRNA4;NEURL1;GLRA1;BAIAP3;SLC4A10;CX3CL1;LIN7C;SLC8A3;FBXO41;SNCG;NLGN3;GRIN2A;PSCA;HTR6;CHRM1;SYT5;PCDHB11;GLRA3;JPH4;SNCAIP;RELN;PNOC;KCNB1;CACNA1G;CASK;SLC6A5;MBP;CACNA1A;ADORA1;SLC1A1;RPS6KA2;SNAP25;GRM6;RAP1BL;MAP1B;JPH3;SLC1A4;UNC13A;FBXO2;AMPH;PREPL;GPR176;NSG1;NRXN1;MAP1A;CACNG2;KCNK2;ETV5;SYP;PRKCG;CRHBP;GABRB2;GABBR2;MAPT;AP2B1;NAPB;CALB2;CSPG5;NLGN1;RASGRF1;ERC2;SEPTIN5;PPP3CA;CLSTN3;PXK;CRH;OPRL1;DTNB;SYNGR3;DTNA;DLGAP3;SYAP1;PLCL1;GRIK5;ELOVL4;RIMS2;TENM2;STX1B;STAU2;PDE7B;RGS14;SHANK1;PRKCZ;PRKAR2A;MICU3;SLC6A6;SV2A;CPLX1;SYT3;RAPGEF2;RIMS3;CACNB1;AKAP5;VPS35;LRRC4;PRNP;SYNGR1;GLRB;SV2B;PRR7;ATXN1;PRKCE;GRIK1;CLCN3;CHRNB2;GDNF;CPEB3;FGF22;BEGAIN;CPLX2;GRM1;SYNJ1;HOMER2;SLC17A6;GABRB1;CYP46A1;CACNB4;RPS6KA1;GRIA4;DRD3"
"GOBP_MODULATION_OF_EXCITATORY_POSTSYNAPTIC_POTENTIAL",0.00093764650726676,0.371776840131271,-0.60017871407397,-1.82078244644203,3,53,"GRIA1;RGS4;GRIN1;GRIN2B;WNT7A;GRIN2C;PRKAR1B;RIMS1;GRM5;NPY2R;CELF4;ADRB2;NLGN4X;TMEM108;SHANK3;PRKN;SLC8A3;NLGN3;GRIN2A;RELN;PNOC;NRXN1;NLGN1;ELOVL4;RIMS2;STX1B;SHANK1;PRKCZ"
"GOBP_GLUTATHIONE_CATABOLIC_PROCESS",0.00326295585412668,0.45636831743147,0.876416107435153,1.64730952607709,16,7,"GGT5;GGTLC3;DPEP1"
"GOBP_INFLAMMATORY_RESPONSE_TO_WOUNDING",0.00329127811300055,0.45636831743147,0.68759104558141,1.75536331544403,17,26,"TLR3;IL33;TGFB1;TLR4;PPARG;TNF;IL1A;SIGLEC10;NFKBIZ;MDK"
"GOBP_NEUROTRANSMITTER_TRANSPORT",0.00409612233752048,0.45636831743147,-0.385726953707651,-1.42938322820155,14,217,"SLC6A7;SLC28A2;SLC32A1;DRD1;DYSF;CADPS2;SV2C;SLC5A7;NOS1;SLC18A1;ADORA2A;RPH3A;CAMK2A;ABCC8;WNT7A;TACR2;SYT9;SYT2;UNC13C;SLC6A11;SLC1A3;SYN2;SYN3;RAB3B;DOC2B;SLC6A1;RIMS1;PPFIA2;DOC2A;KCNJ10;SYN1;SNCA;GFAP;SLC6A17;SLC17A8;PTPRN2;GABRQ;MCTP1;SYT1;SLC1A6;SYT13;CHAT;P2RY1;SLC4A8;SLC6A13;NRXN2;SLC6A4;PRKN;BAIAP3;LIN7C;SNCG;SYT5;ICA1;SNCAIP;PNOC;CASK;SLC6A5;SLC1A1;SNAP25;RAP1BL;UNC13A;PREPL;NRXN1;SYP;PRKCG;AP2B1;NAPB;CSPG5;NLGN1;ERC2;SEPTIN5;PPP3CA;CRH;SYNGR3;GRIK5;RIMS2;STX1B;MICU3;SLC6A6;SV2A;CPLX1;RIMS3;SV2B;GDNF;CPLX2;SYNJ1;SLC17A6;CACNB4;DRD3"
"GOBP_POSITIVE_REGULATION_OF_EXCITATORY_POSTSYNAPTIC_POTENTIAL",0.002031144211239,0.45636831743147,-0.658417736603646,-1.82710878783962,8,33,"GRIA1;RGS4;GRIN1;GRIN2B;WNT7A;GRIN2C;PRKAR1B;RIMS1;ADRB2;SHANK3;NLGN3;GRIN2A;RELN;NRXN1;NLGN1;RIMS2;STX1B;SHANK1;PRKCZ"
"GOBP_POSITIVE_REGULATION_OF_INFLAMMATORY_RESPONSE",0.0040956749672346,0.45636831743147,0.441834031357266,1.4927244890073,24,141,"OSMR;TLR3;GBP5;IL33;NLRP6;IL18;AGT;IL21;CCR1;CCN4;TNFSF11;FFAR2;FABP4;TNFSF18;TAFA3;TGFB1;TLR4;SERPINE1;CASP4;GBP3;LGALS1;STAP1;NUPR1;TNF;MEFV;IL1A;NEAT1;TNFSF4;OSM;LTA;TNFRSF11A;TRPV4;ETS1;NLRC4;NFKBIZ;IL17RA;PTGS2;TLR2;LRRK2;FCER1G;MDK;CASP3;GPSM3;VAMP8;CTSC;IFI35;RPS19;MGST2;HLA-E;IL1RAP;PTGER4;LPL;GSDMD"
"GOBP_POSITIVE_REGULATION_OF_TRANSMEMBRANE_RECEPTOR_PROTEIN_SERINE_THREONINE_KINASE_SIGNALING_PATHWAY",0.00184905026054799,0.45636831743147,0.500092419240736,1.62257738351498,10,105,"ITGA8;INHBA;CDKN2B;MSX2;FOXD1;TGFB1;SULF1;ENG;BMP4;TGFB1I1;BMP5;BMPER;CDH5;CCN1;DAB2;SLC2A10;MSX1;ATOH8;HFE;GDF6;GDF7;LRG1;GPC3;NPNT;MYOCD;GDF5;ACVRL1;TGFBR2;KCP;THBS1;HES1;BMP7;TGFB2;AMH;BMP2;ILK"
"GOBP_REGULATION_OF_COLLAGEN_METABOLIC_PROCESS",0.00356061954780132,0.45636831743147,0.605752607250102,1.66814957258635,19,38,"SERPINB7;INHBA;MFAP4;TGFB1;EMILIN1;DDR2;BMP4;RGCC;IHH;FAP;IL6R"
"GOBP_REGULATION_OF_PRESYNAPTIC_MEMBRANE_POTENTIAL",0.0031055900621118,0.45636831743147,-0.669715370137853,-1.7950880748168,13,28,"GRIA1;GABRR1;CASR;GRIN2B;KCNA4;GABRA2;GABRA5;GRIK4;KCNJ3;HTR3A;KCNJ11;KCNC2;KCNJ9;KCNA2;GLRA1;SCN1A;GRIK5;GABRB1;GRIA4"
"GOBP_REGULATION_OF_SYNAPTIC_TRANSMISSION_GABAERGIC",0.00431621990004543,0.45636831743147,-0.613471307261703,-1.73912769836198,18,37,"ADRA1A;ADORA2A;PHF24;GABRG2;HAP1;NALCN;SYN3;BAIAP3;PNOC;ADORA1;NRXN1;KCNK2;GABRB2;NLGN1;CRH;PLCL1;PRKCE;GABRB1;GABRB3;USP46;STXBP1;NF1;SLC38A1"
"GOBP_REGULATION_OF_T_HELPER_1_TYPE_IMMUNE_RESPONSE",0.00329308452250274,0.45636831743147,0.684092918351395,1.73244834147838,17,25,"IL33;EBI3;IL18;IL12RB1;ASCL2;ANXA1;SLC11A1;HLX;TNFSF4"
"GOBP_REGULATION_OF_TRANSMEMBRANE_RECEPTOR_PROTEIN_SERINE_THREONINE_KINASE_SIGNALING_PATHWAY",0.00292803205424565,0.45636831743147,0.394990861380728,1.43121867857767,18,274,"DAND5;ITGA8;INHBA;CER1;CDKN2B;OVOL2;MSX2;FOXD1;GREM1;FOLR1;TGFB1;EMILIN1;PPARG;SULF1;CAV1;ENG;TNFAIP6;BMP4;TGFB1I1;BMP5;LRRC32;LOX;BMPER;VASN;CDH5;SMAD6;WFIKKN1;CCN1;DAB2;SLC2A10;FST;TFAP2B;MSX1;ATOH8;CAV3;HFE;GDF6;CHRD;HTRA3;CAV2;SMAD7;FBN2;GDF7;LRG1;BAMBI;GPC3;NPNT;FBN1;MYOCD;PMEPA1;LDLRAD4;RASL11B;SFRP2;DACT1;TGFBR3L;CRIM1;WNT1;GDF5;ACVRL1;TGFBR2;SPRY1;KCP;THBS1;HES1;SFRP4;BMP7;DKK1;PCSK6;TGFB2;AMH;ERFE;FZD1;FSTL1"
"GOBP_DENDRITE_EXTENSION",0.00610583446404342,0.605240841248304,-0.604252723979884,-1.68448659179687,26,34,"RASAL1;CPNE6;SH3GL2;SYT2;CPNE9;CPNE5;RIMS1;SYT17;SYT1;TMEM108;PRKN;RNF157;SLC9A6;CPNE8;UNC13A;ITSN2;RIMS2;SYT3;NEDD4L;CYFIP2;SLC23A2;CCDC134;CACNG7"
"GOBP_ANTIMICROBIAL_HUMORAL_IMMUNE_RESPONSE_MEDIATED_BY_ANTIMICROBIAL_PEPTIDE",0.00981067125645439,0.609247516610037,0.49859165027505,1.53517585884225,56,73,"CXCL1;MMP7;CXCL6;CCL27;CXCL2;BPI;CCL20;GNLY;CCL4L2;KLK3;NPPB;CXCL3;H2BC13;VIP;CCL2;CXCL5;ADM;LTF;HAMP;CXCL13;H2BC9;NPY;H2BC12;H2BC6;B2M;ROMO1;RPL39;RPS19;CXCL12;RPL30;NTS"
"GOBP_AXO_DENDRITIC_TRANSPORT",0.0109409190371991,0.609247516610037,-0.449517339835588,-1.48778435975919,44,89,"RUFY4;RAB17;RAB27B;SYBU;KIF21A;HAP1;DLG2;NEFL;AGBL4;APBA1;ARMCX1;KIF17;BORCS5;TMEM108;MAP2;KIF5A;KLC3;MAP1A;KIF3A;KIF1A;MAPT;STAU2;FEZ1;KIFAP3;TRIM46;KIF3B;AGTPBP1;RAB21;KIF4A;RUFY3;TERF2;BLOC1S3;UCHL1;SPG11;FBXW11;OPA1;SPAST;KIF1B;DCTN1;KIF5C;DYNC1H1"
"GOBP_CALCIUM_ION_REGULATED_EXOCYTOSIS",0.0118287201324817,0.609247516610037,-0.487768053558881,-1.54046282327387,49,66,"ZP4;CADPS2;RAPGEF4;RPH3A;RASEF;SYT9;SYT2;UNC13C;ZP3;SYN2;DOC2B;RIMS1;DOC2A;SYT17;SYT1;SYT13;BAIAP3;SYT5;KCNB1;SNAP25;UNC13A;PPP3CA;RIMS2;STX1B;CDK5R2;SYT3;RIMS3"
"GOBP_CELL_SURFACE_RECEPTOR_PROTEIN_SERINE_THREONINE_KINASE_SIGNALING_PATHWAY",0.00843819393042191,0.609247516610037,0.351176473065747,1.30945765280366,56,380,"USP9Y;DAND5;ITGB6;SLC39A5;COL1A2;ITGA8;AKAP4;INHBA;COL3A1;CER1;CDKN2B;OVOL2;MSX2;FOXD1;GREM1;FOLR1;TMEM119;TGFB1;EMILIN1;PPARG;SULF1;RUNX2;ID1;CAV1;GDF10;ENG;TNFAIP6;BMP4;TGFB1I1;BMP5;RGCC;LRRC32;CLDN5;LOX;APOA1;BMPER;VASN;CDH5;SMAD6;WFIKKN1;CCN1;DAB2;SLC2A10;FST;TFAP2B;MSX1;ATOH8;CAV3;HFE;LTBP2;GDF6;CHRD;HTRA3;CAV2;INHBC;SMAD7;FBN2;GDF7;LRG1;BAMBI;GPC3;NPNT;TGIF1;FBN1;MYOCD;PMEPA1;LDLRAD4;RASL11B;SFRP2;DACT1;TGFBR3L;CRIM1;JUN;WWTR1;WNT1;GDF5;ACVRL1;TGFBR2;ATF3;RBPMS;SPRY1;KCP;THBS1;HES1;ETV2;SFRP4;BMP7;COMP"
"GOBP_CELLULAR_RESPONSE_TO_TYPE_III_INTERFERON",0.0102746907108408,0.609247516610037,-0.865991730929052,-1.60575213244427,48,6,"IFNL1;IFNL3"
"GOBP_CEREBRAL_CORTEX_NEURON_DIFFERENTIATION",0.0157497781721384,0.609247516610037,-0.600030685013588,-1.60830701402349,70,28,"ASCL1;DLX2;DRD1;CHD5;DLX1;ARX;OPHN1;TOX;CAPS2;NR2E1;LHX6;ID4;EOMES;NKX2-1"
"GOBP_FLAVONE_METABOLIC_PROCESS",0.00793808295296686,0.609247516610037,0.975536156913461,1.41676753402347,39,2,"LCT;UGT1A6"
"GOBP_FLAVONOID_METABOLIC_PROCESS",0.0134699298045912,0.609247516610037,0.816727105047857,1.58562929733195,70,8,"LCT;UGT1A6;SULT1B1;SULT1A4;SULT1A1"
"GOBP_HUMORAL_IMMUNE_RESPONSE",0.0102154828411812,0.609247516610037,0.401922480557125,1.39929665628313,63,182,"CXCL1;MMP7;CXCL6;CCL27;CXCL2;CFI;C9;BPI;FCMR;EBI3;CCL20;GNLY;CFHR5;CCL4L2;KLK3;NPPB;CXCL3;IFNA21;IFNW1;SLC11A1;SEMG2;H2BC13;VIP;GATA3;CCL2;CXCL5;GATA6;ADM;TNF;LTF;HAMP;CFH;CXCL13;H2BC9;BST1;LTA;RARRES2;PTPRC;BLNK;SPON2;RNASE4;GPR183;PRTN3;NPY;C8G;H2BC12;H2BC6;B2M;HPX;C4BPA;ROMO1"
"GOBP_INHIBITORY_POSTSYNAPTIC_POTENTIAL",0.0151915455746367,0.609247516610037,-0.649544223362392,-1.6337340495637,68,21,"INSYN2A;CHRNA2;ADORA2A;RIMS1;ABAT;SYT1;CHRNA4;GLRA1;NLGN3;PNOC;CRH;ELOVL4;RIMS2"
"GOBP_MEDIUM_CHAIN_FATTY_ACID_METABOLIC_PROCESS",0.0129898246373674,0.609247516610037,-0.715329400739492,-1.65730779628905,59,15,"OLAH;CES1;ABHD1"
"GOBP_MESONEPHROS_DEVELOPMENT",0.0107853050219077,0.609247516610037,0.451190050193155,1.45621466393436,63,102,"HOXB7;REN;AGT;WNT6;FOXC2;WNT11;CER1;FOXD1;GREM1;WT1;TGFB1;FOXC1;GATA3;TCF21;BMP4;HNF1B;BMPER;SMAD6;SIX2;WNT2B;AGTR2;HOXA11;SMAD7;GPC3;SIM1;NPNT;WNT1;SDC4;LZTS2;OSR1;SPRY1;HES1;BMP7;LAMA5;OSR2"
"GOBP_NEURON_PROJECTION_ORGANIZATION",0.0151072124756335,0.609247516610037,-0.432807131181445,-1.44514899063308,61,95,"ADCY10;IL1RAPL1;GRIN2B;WNT7A;CTNND2;EPHB1;FCGR2B;ARC;ITPKA;GRM5;PPFIA2;PAK3;ZDHHC15;GPRASP3;NGEF;CAMK2B;SHANK3;ZNF365;RELN;SRCIN1;MAP1A;KIF1A;NLGN1;STAU2;SHANK1;VPS35;PRNP;MAPRE3;ABCD2;LRP8;GSK3B;ATP1A3;GABRB3;CDK5R1;PTEN;TANC2;INSR;CUX2;EPHA4"
"GOBP_OXIDATIVE_DEMETHYLATION",0.013849364446974,0.609247516610037,0.814342283531526,1.58099930177795,72,8,"CYP2C9;CYP3A4;ALKBH7"
"GOBP_POSITIVE_REGULATION_OF_COLLAGEN_METABOLIC_PROCESS",0.0132645541635962,0.609247516610037,0.655074956114422,1.61226300806346,71,22,"SERPINB7;INHBA;TGFB1;DDR2;BMP4;RGCC;IHH;F2;UCN"
"GOBP_PROTON_MOTIVE_FORCE_DRIVEN_ATP_SYNTHESIS",0.00704346332245319,0.609247516610037,0.503522426460485,1.55336034525128,40,74,"ATP5ME;NDUFA2;NDUFA13;NDUFA1;NDUFB3;ATP5MF;NDUFS6;NDUFB4;NDUFA3;NDUFB1;ATP5MC2;NDUFC1;NDUFB2;ATP5MC3;NDUFS4;NDUFA7;ATP5PF;ATP5MJ;MT-ND3;SDHC;NDUFB7;SDHD;NDUFB5;NDUFV2;NDUFB9;NDUFA8;NDUFB6;ATP5MG;NDUFS5;ATP5MK;NDUFAB1;ATP5PD;ANTKMT;NDUFB8;NDUFS3;NDUFA11;NDUFA12;NDUFC2;ATP5F1D;ATPSCKMT;ATP5IF1;NDUFA10;NDUFS8;ATP5F1E;NDUFB10;NDUFA6;STOML2"
"GOBP_REGULATION_OF_CALCIUM_ION_DEPENDENT_EXOCYTOSIS",0.0137268359643102,0.609247516610037,-0.552188960004566,-1.58952701737478,59,40,"RPH3A;SYT9;SYT2;ZP3;DOC2B;DOC2A;SYT17;SYT1;SYT13;BAIAP3;SYT5;KCNB1;PPP3CA;CDK5R2;SYT3;SYT10;HYAL3;RAB3A;STXBP1;ADRA2A;SYT15;NOTCH1;SYT11;SYT6;SYT4;CBARP;CACNA1B;SYT7;SCAMP5;ATP2A2"
"GOBP_REGULATION_OF_DENDRITE_EXTENSION",0.0103138029405311,0.609247516610037,-0.663103371975696,-1.70654637797151,46,23,"RASAL1;CPNE6;SYT2;CPNE9;CPNE5;RIMS1;SYT17;SYT1;PRKN;RNF157;CPNE8;UNC13A;ITSN2;RIMS2;SYT3;NEDD4L;SLC23A2"
"GOBP_REGULATION_OF_NEUROINFLAMMATORY_RESPONSE",0.0153318903318903,0.609247516610037,0.594556349745101,1.58203516522992,84,32,"IL33;IL18;CCR1;IGF1;TAFA3;CD200R1;STAP1;NUPR1;TNF;PTPRC;PTGS2;LRRK2;CTSC"
"GOBP_REGULATION_OF_POSTSYNAPTIC_MEMBRANE_POTENTIAL",0.00677259703047669,0.609247516610037,-0.408702546603003,-1.44959693624325,25,150,"GABRA1;HTR3B;INSYN2A;HCN1;GRIA1;RGS4;CHRNA6;GRIN1;GLRA2;CHRNA2;NOS1;ADORA2A;GRIN2B;MET;WNT7A;GABRG2;GRIN2C;GABRA2;GABRG3;GABRA5;GRIK4;P2RX5;PRKAR1B;HTR3A;RIMS1;GABRA3;GRM5;ABAT;NPY2R;SNCA;CELF4;ADRB2;RGS7BP;SYT1;NLGN4X;TMEM108;GRIN3A;SHANK3;PRKN;CHRNA4;KCNA2;GLRA1;SLC8A3;NLGN3;GRIN2A;CHRM1;GLRA3;RELN;PNOC;ADORA1;NRXN1;GABRB2;NLGN1;PPP3CA;CRH;GRIK5;ELOVL4;RIMS2;STX1B;SHANK1;PRKCZ;GLRB;ATXN1;GRIK1;CHRNB2;BEGAIN;GRM1;GABRB1;GRIA4;SEZ6;KCNK1;GSK3B;GRIA2;SLC8A2;GABRB3;GRID1;GABRR2;PTEN"
"GOBP_SYNAPTIC_VESICLE_PRIMING",0.0113182423435419,0.609247516610037,-0.621098635779297,-1.65228648157827,50,27,"CADPS2;RPH3A;UNC13C;RIMS1;SNCA;SNAP25;UNC13A;SYP;NAPB;ERC2;SYNGR3;RIMS2;STX1B;SV2A;RIMS3;SYNJ1"
"GOBP_T_CELL_ACTIVATION_INVOLVED_IN_IMMUNE_RESPONSE",0.00916666666666667,0.609247516610037,0.436796521719249,1.4477527590822,54,121,"CLEC4E;IL18;IL21;CD69;ITGAL;GPR65;HLA-DMB;IL12RB1;ASCL2;ANXA1;IFNA21;IFNW1;TNFSF18;SLC11A1;GATA3;LGALS1;HLX;CLEC4D;NCKAP1L;TNFSF4;ZC3H12A;SLAMF6;PSMB8;IL6R;GPR183;NFKBIZ;ICAM1;PSMB9;FCER1G;MDK;SMAD7"
"GOBP_TYROSINE_METABOLIC_PROCESS",0.0106083567871834,0.609247516610037,-0.727736793230859,-1.68605380936541,48,15,"PAH;HGD;TH;TYR;DCT"
"GOBP_VESICLE_MEDIATED_TRANSPORT_IN_SYNAPSE",0.0155124653739612,0.609247516610037,-0.349496862874105,-1.31429648042854,55,247,"MX1;SLC32A1;CADPS2;RAPGEF4;RAB27B;SV2C;SLC18A1;RPH3A;WNT7A;SYT9;SH3GL2;CALY;SYT2;UNC13C;PRKAR1B;SYN2;SYN3;RAB3B;DOC2B;RIMS1;ARC;OPHN1;PPFIA2;DOC2A;SYN1;SNCA;SYT17;ATP6V0A4;SNCB;PACSIN1;SLC17A8;SYT1;BTBD8;SYT13;DNM3;ATP6V1C1;P2RY1;SLC4A8;PRKN;ATP6V1A;DNAJC6;SNCG;NLGN3;SYT5;SGIP1;CASK;SNAP25;AAK1;RAP1BL;STON1;UNC13A;AMPH;PREPL;NRXN1;SYP;PRKCG;ITSN2;EPS15;AP2B1;NAPB;CSPG5;NLGN1;ERC2;SEPTIN5;PPP3CA;SYNGR3;GRIK5;RIMS2;STX1B;SUSD4;SV2A;CPLX1;RIMS3;SV2B;RABEP1;CLCN3;ABCA13;CPLX2;SYNJ1;SLC17A6;CACNB4;AP2A1;STON2;PTEN;SYT10;NECAP1;MYLK;CANX;CALM3;EFNB2;PPP3R1;USP46;NRG1;RAB3A;UNC13B;ATP6V0D1;ATP6AP2;CALM1;VAMP2;BRAF;ATAD1;FBXO45;ATP6V0A1;STXBP1;BIN1;BSN;PPP3CB;BTBD9;ATP6AP1;ATP6V1B2;MX2;GIT2;SYT11;SNPH;IQSEC3;PCLO;AP3M1;PPP3CC;AP2A2"
"GOBP_WOUND_HEALING_INVOLVED_IN_INFLAMMATORY_RESPONSE",0.0127987954074911,0.609247516610037,0.782167665085706,1.60046989459188,67,10,"TGFB1;TLR4;PPARG;IL1A"
"GOBP_ADAPTIVE_IMMUNE_RESPONSE",0.0170789163722026,0.615617303779848,0.334832144711033,1.25782080781452,115,424,"KDM5D;CFI;C9;FCMR;IL33;EBI3;IL18;CD40LG;BTNL8;IL21;CLEC10A;CX3CR1;IL7R;THEMIS;CD69;LILRB5;LAIR1;LILRB2;CSF2RB;CLEC7A;HLA-DQA1;SYK;HLA-DMB;IL12RB1;ASCL2;TNFRSF13B;ANXA1;IFNA21;IFNW1;TNFSF18;SLC11A1;TGFB1;TLR4;SH2D1B;LILRB3;GATA3;IL17RC;LGALS1;HLX;IL17C;CLEC4M;TRAC;PRDM1;CLEC4D;TNF;TNFSF13;CD274;HLA-DRB5;CD6;NCKAP1L;CD226;CXCL13;RIPK3;TNFSF4;IL2RB;ZC3H12A;SLAMF6;LTA;TNFRSF11A;PRF1;PTPRC;PSMB8;IL6R;CD247;GPR183;SIGLEC10;HFE;NFKBIZ;IL17RA;LILRA6;TEC;C8G;IL17RE;ICAM1;PSMB9;MICA;FCER1G;CTSH;SMAD7;UNC13D;B2M;HPX;C4BPA"
"GOBP_CYTOKINE_MEDIATED_SIGNALING_PATHWAY",0.0165325530358449,0.615617303779848,0.334798017205988,1.2625646651741,112,441,"CXCL6;OSMR;STING1;CXCR5;IL33;NLRP6;EBI3;IL18;IL22RA1;CSF3R;CCL4L2;CX3CR1;IL7R;DCST1;LILRB5;CCR1;EDN2;LILRB2;RHEX;INHBA;CSF2RB;PLVAP;SYK;IL12RB1;TNFSF11;PRL;IFNA21;IFNW1;TNFSF18;ADIPOQ;EDN1;ACKR1;CXCR2;FOXC1;CSF3;PPARG;CXCR6;LILRB3;CASP4;IL17RC;ACKR2;IL11;IL31RA;CAV1;CCL2;STAP1;KRT8;KRT18;TNF;SOCS1;APOA1;IL1A;GFI1;CIB1;EPO;TNFRSF19;CXCL13;IL2RB;IFI27;IFITM2;OSM;TNFRSF11A;PTPRC;PDGFB;IL6R;CISH;IL3RA;NFKBIZ;IL17RA;LILRA6;MPL;IL17RE;IFITM3;BIRC3"
"GOBP_NEUROPEPTIDE_SIGNALING_PATHWAY",0.0170328313996544,0.615617303779848,-0.419045923892075,-1.41459162971122,68,103,"NPSR1;MCHR2;NTSR2;RXFP4;NPBWR2;GALR1;GALR3;MC5R;PROK2;RXFP3;GRP;GLRA2;SSTR3;OPRD1;NMUR1;SORCS1;HCRTR2;HCRTR1;GPR83;ECEL1;GPR149;PDYN;TENM1;SCG5;NPY1R;GAL;NPY2R;GPR143;NPB;NMBR;SSTR1;PROKR2;GRPR;PYY"
"GOBP_REGULATION_OF_TRANS_SYNAPTIC_SIGNALING",0.0180120080053369,0.634823215476985,-0.304421576453297,-1.21620058102037,53,507,"ADRA1A;CDH1;GRM7;CRHR2;HCN1;DLGAP2;TNR;HTR2A;NRXN3;GRIA1;RGS4;CHRNA6;GABRR1;GRIN1;DRD1;DYSF;GLRA2;CHRNA2;ADCY8;SV2C;ACE;VGF;ADORA2A;GRIN2B;PHF24;SLC7A10;CAMK2A;CHRM2;BDNF;WNT7A;TACR2;GABRG2;GRIN2C;NRN1;SYT2;UNC13C;HAP1;GRIK4;SLC1A3;EPHB1;NALCN;PRKAR1B;CALB1;SYN3;NTRK2;SHISA8;NEFL;PLPPR4;GUCY1A1;RIMS1;DCC;ARC;ITPKA;OPHN1;GRM3;GRM5;PPFIA2;DLGAP1;NPY2R;SLC24A2;APBA1;KCNJ10;ZDHHC2;SYN1;RASGRF2;SNCA;GFAP;CELF4;DRD5;LRRTM1;ADRB2;SERPINE2;FRRS1L;NEFH;MCTP1;SYT1;NLGN4X;LRRC4C;SHISA7;ITPR3;CBLN2;ACHE;SHANK2;SYT13;ADAM22;TMEM108;CAMK2B;GRIN3A;SHANK3;P2RY1;IGSF21;NR2E1;SLC4A8;GNAO1;NRXN2;LRFN2;CACNG8;FAAH;SLC6A4;PRKN;CHRNA4;NEURL1;BAIAP3;SLC4A10;CX3CL1;SLC8A3;SNCG;NLGN3;GRIN2A;CHRM1;SYT5;GLRA3;JPH4;SNCAIP;RELN;PNOC;KCNB1;CASK;CACNA1A;ADORA1;SLC1A1;SNAP25;GRM6;RAP1BL;MAP1B;JPH3;UNC13A;FBXO2;PREPL;NSG1;NRXN1;MAP1A;CACNG2;KCNK2;SYP;PRKCG;GABRB2;MAPT;CALB2;CSPG5;NLGN1;RASGRF1;SEPTIN5;PPP3CA;CLSTN3;PXK;CRH;DLGAP3;SYAP1;PLCL1;GRIK5;ELOVL4;RIMS2;STX1B;STAU2;RGS14;SHANK1;PRKCZ;MICU3;SLC6A6;CPLX1;RAPGEF2;RIMS3;AKAP5;VPS35;LRRC4;PRNP;SYNGR1;SV2B;PRKCE;GRIK1;CHRNB2;CPEB3;CPLX2;GRM1;HOMER2;GABRB1;CYP46A1;CACNB4;GRIA4;DRD3"
"GOBP_AMINOPHOSPHOLIPID_TRANSLOCATION",0.0244156928213689,0.703950288504217,-0.808525022094793,-1.55610398699438,116,7,"TMEM30B;ATP8B1;ATP8A2;ATP11C"
"GOBP_AMINOPHOSPHOLIPID_TRANSPORT",0.02680280791321,0.703950288504217,-0.765776899551252,-1.56467402529717,125,9,"TMEM30B;ATP8B1;ATP8A2;ATP11C"
"GOBP_GLUTAMATE_RECEPTOR_SIGNALING_PATHWAY",0.0234907211651398,0.703950288504217,-0.474842016985429,-1.47795097171864,99,61,"GRM7;GRIA1;GRIN1;GRIN2B;GRIN2C;GRIK4;FOLH1;GRM3;GRM5;ADRB2;FRRS1L;SSTR1;GRIN3A;SHANK3;CX3CL1;NLGN3;GRIN2A;KCNB1;TRPM1;SLC1A1;GRM6;NRXN1;NLGN1;GRIK5;SHANK1;PRNP;GRIK1;GRM1;HOMER2;GRIA4;GRIA2;GRID1;CDK5R1"
"GOBP_GMP_METABOLIC_PROCESS",0.0264550264550265,0.703950288504217,-0.59661270448611,-1.56570997569555,119,25,"GDA;XDH;CARD11;DLG2"
"GOBP_GUANINE_METABOLIC_PROCESS",0.0249221183800623,0.703950288504217,-0.862910497337074,-1.53326435846348,119,5,"GDA;XDH"
"GOBP_LIPID_EXPORT_FROM_CELL",0.0275083759478046,0.703950288504217,0.513504525672423,1.46632117983024,155,46,"REN;CYP19A1;AGT;GHRL;INHBA;TNFSF11;EDN1;NOS2;DAB2;SPP1;TNFRSF11A;PTGS2"
"GOBP_MONOTERPENOID_METABOLIC_PROCESS",0.0273520853540252,0.703950288504217,0.88220668916799,1.46783330127954,140,4,"CYP2C9;CYP3A4;CYP2E1"
"GOBP_PHOSPHOLIPID_EFFLUX",0.0222389747455711,0.703950288504217,0.738881147851722,1.57831522521182,117,12,"APOA4;APOC3;APOA1;APOC1;ABCA12;APOA2;ABCA1;APOE"
"GOBP_REGULATION_OF_INFLAMMATORY_RESPONSE",0.0233839737861186,0.703950288504217,0.335656654252352,1.24879946734988,156,372,"CYP19A1;OSMR;STING1;TLR3;GBP5;IL33;NLRP6;IL18;IL22RA1;AGT;IL21;GPR31;GHRL;CD69;CCR1;SYK;CCN4;IGF1;TNFSF11;FFAR2;ANXA1;FABP4;TNFSF18;ADIPOQ;TAFA3;CD200R1;IER3;TGFB1;TLR4;PPARG;WFDC1;SERPINE1;CASP4;GATA3;HGF;LRRC19;GBP3;LGALS1;TNFAIP6;STAP1;NUPR1;TNC;TNF;MEFV;APOA1;IL1A;CDH5;NEAT1;AHSG;TNFSF4;OSM;BST1;LTA;TNFRSF11A;TRPV4;RARRES2;PTPRC;ETS1;NLRC4;ENPP3;SIGLEC10;NFKBIZ;IL17RA;PTGS2;TNFAIP8L2;TLR2;NPY;LRRK2;ADAMTS12;NLRP14;BIRC3;FCER1G;MDK;MAS1;CASP3;GPSM3;NT5E;VAMP8;CTSC;ELF4;IFI35;NFATC1;RPS19;GPER1"
"GOBP_REGULATION_OF_LIPID_LOCALIZATION",0.0265931571266418,0.703950288504217,0.394859614731226,1.3428037462312,163,147,"REN;CYP19A1;APOA4;AGT;APOC3;GHRL;SYK;TNFSF11;ADIPOQ;EDN1;PPARG;CAV1;TNF;ABCA8;APOA1;PON1;DAB2;ZC3H12A;SPP1;TNFRSF11A;AVPR1B;ITGB3;CYP4F2;PLA2R1;PRAP1;PNPLA2;APOC1;PLA2G4A;ITGAV;ABCB4;LDLRAP1;P2RX7;LIPG;MSR1;ABCA12;LPL;THBS1;APOA2;ABCA1;AGTR1;NR1H3;ERFE;PLIN2;NKX3-1;PLIN3;TTC39B;TRIAP1;APOE;IKBKE"
"GOBP_REGULATION_OF_NEURONAL_SYNAPTIC_PLASTICITY",0.0244303500117454,0.703950288504217,-0.473111679254588,-1.47256527660485,103,61,"GRIN1;GRIN2B;CAMK2A;GRIN2C;SHISA8;ARC;GRM5;KCNJ10;ZDHHC2;SNCA;MCTP1;CAMK2B;SHANK3;NEURL1;SLC4A10;GRIN2A;JPH3;SYP;RASGRF1;SYAP1"
"GOBP_REGULATION_OF_SYNAPTIC_PLASTICITY",0.0212187159956474,0.703950288504217,-0.357085734239397,-1.32128478556751,77,212,"CRHR2;TNR;GRIA1;GRIN1;DRD1;CHRNA2;ADCY8;ACE;VGF;ADORA2A;GRIN2B;CAMK2A;GRIN2C;UNC13C;PRKAR1B;CALB1;NTRK2;SHISA8;ARC;ITPKA;GRM5;SLC24A2;KCNJ10;ZDHHC2;RASGRF2;SNCA;GFAP;DRD5;LRRTM1;SERPINE2;MCTP1;SHISA7;ITPR3;SHANK2;CAMK2B;GRIN3A;SHANK3;NR2E1;NEURL1;SLC4A10;CX3CL1;SLC8A3;GRIN2A;JPH4;RELN;KCNB1;ADORA1;SLC1A1;SNAP25;MAP1B;JPH3;NSG1;MAP1A;SYP;PRKCG;MAPT;CALB2;RASGRF1;CRH;SYAP1;ELOVL4;STAU2;RGS14;PRKCZ;RAPGEF2;AKAP5;PRNP;SYNGR1;CPEB3;CPLX2;CYP46A1;GSK3B;SLC8A2;SLC18A3;GRID1;YWHAH;HMGCR;CALM3;EPHA4;RAB3A;CHRDL1;CALM1;VAMP2;MECP2;BRAF;GRIK2;UBE3A;STXBP1;EIF4EBP2;NF1;SLC38A1;STX3;PPP3CB;GRID2IP;SLITRK4;MPP2;EPHB2;ADGRB1"
"GOBP_SYNAPSE_ASSEMBLY",0.0231825987406983,0.703950288504217,-0.331020534936078,-1.25991990138124,80,286,"IL1RAPL2;HTR4;GABRA1;CDH1;GJA10;VSTM5;PCDHB6;PCDHB5;RAB17;NRXN3;GRIA1;DRD1;CRTAC1;ASIC2;IL1RAPL1;FGF13;GABRG1;PLXNB3;BDNF;WNT7A;SEMA4A;LINGO2;GABRG2;PRKCA;GABRA2;GABRG3;GABRA5;OPCML;EPHB1;NPTX1;THBS2;NTRK2;ARHGEF15;GABRA3;LSAMP;PCDHB13;ZDHHC2;SLITRK2;SNCA;DNER;LRRTM1;LRRTM3;VSIG10;LRRTM4;EGFLAM;CSMD2;GPRASP3;NLGN4X;CBLN2;ACHE;TRIM47;SHANK2;LRRN3;ICAM5;DNM3;SHANK3;ARHGEF9;DSCAM;NRXN2;NEGR1;LRFN5;CCDC141;LIN7C;NLGN3;PCDHB11;GPM6A;RELN;NRCAM;GRM6;MAP1B;SLIT1;SPOCK2;LRFN3;NRXN1;FZD5;GABRB2;PLXNC1;MAPT;ADGRB3;FLRT3;NLGN1;CLSTN3;STAU2;ADGRB2;GPHN;LRRC4B;CASKIN1;IGLON5;LGI2;AKAP5;VPS35;LRRC4;SRGAP3;LHFPL4;CHRNB2;CPEB3"
"GOBP_SYNAPSE_ORGANIZATION",0.0263797292606734,0.703950288504217,-0.292677098600883,-1.18152236081331,75,593,"C3;IL1RAPL2;ITGAM;KLK8;C1QA;HTR4;GABRA1;CDH1;GJA10;FRMPD4;VSTM5;PCDHB6;PCDHB5;SEMA3E;TNR;RAB17;CACNA2D3;NRXN3;GRIA1;DRD1;CPNE6;CRTAC1;ASIC2;IL1RAPL1;GRIN2B;CACNB2;FGF13;KY;SYBU;GABRG1;PLXNB3;BDNF;WNT7A;SEMA4A;LINGO2;SH3GL2;GABRG2;PRKCA;NRN1;GABRA2;GABRG3;GABRA5;IL10RA;OPCML;CTNND2;DRP2;EPHB1;SPARCL1;NPTX1;SYN2;THBS2;SYN3;NTRK2;NEFL;CDH10;PLPPR4;FCGR2B;SLC6A1;RIMS1;ARC;ARHGEF15;ITPKA;GABRA3;LSAMP;OPHN1;CNKSR2;GRM5;PPFIA2;PAK3;PCDHB13;ZDHHC2;SLITRK2;SYN1;ARHGAP22;SNCA;ZDHHC15;SNCB;DNER;C5AR1;LRRTM1;LRRTM3;VSIG10;LRRTM4;FRRS1L;EGFLAM;CSMD2;NEFH;GPRASP3;NLGN4X;PTPRO;LRRC4C;SHISA7;CBLN2;NGEF;ACHE;TRIM47;SHANK2;LRRN3;ICAM5;DNM3;CAPS2;TMEM108;CAMK2B;SHANK3;ARHGEF9;DSCAM;ZNF365;IGSF21;FZD9;NRXN2;LRFN2;NEGR1;NEURL1;LRFN5;NRP1;CCDC141;CX3CL1;LIN7C;SLC8A3;SNCG;NLGN3;PCDHB11;GPM6A;RELN;CTNNA2;SRCIN1;SARM1;NRCAM;SLC1A1;GRM6;MAP1B;SLIT1;SPOCK2;LRFN3;NRXN1;CACNG2;NOS1AP;CNTNAP1;ETV5;FZD5;ERC1;KIF1A;GABRB2;PLXNC1;MAPT;ADGRB3;FLRT3;NLGN1;ERC2;CLSTN3;DAAM1;DLGAP3;RIMS2;BCAN;STAU2;HMCN2;ADGRB2;GPHN;LRRC4B;CASKIN1;SHANK1;TLN2;MAP2K4;ABHD17C;IGLON5;RIMS3;LGI2;AKAP5;VPS35;LRRC4;PRNP;GLRB;SRGAP3;SNX27;LHFPL4;CHRNB2;GDNF;CPEB3;FGF22;ANK3;CACNB4;MAPRE3;SPTB;NEDD4L;SEZ6;CYFIP2;CACNA2D2;LRP8;PCDHB10;NECTIN1;PCDHGC4;SLC8A2;PCDHB14;NBEA;RAB39B;GAP43;DOK7;ADD2;SLC18A3;GABRB3;GRID1;CDK5R1;PTEN;NTNG1;SRGAP1;SRGAP2B;PCDHGC5;TANC2;NRG3;INSR;RAP2A;NFIA;EFNB2;CUX2"
"GOBP_SYNAPTIC_TRANSMISSION_DOPAMINERGIC",0.0275188637372392,0.703950288504217,-0.583231096383377,-1.55154882119683,123,27,"TH;DRD1;ADORA2A;RASD2;RAB3B;COMT;SNCA;DRD5;SLC6A4;PRKN;CRHBP;CRH;CHRNB2;GDNF;DRD3"
"GOBP_SYNAPTIC_TRANSMISSION_GABAERGIC",0.0213765562602772,0.703950288504217,-0.47929358163986,-1.49180651539705,90,61,"ADRA1A;GABRA1;GABRR1;ADORA2A;PHF24;GABRG1;GABRG2;GABRA2;GABRG3;GABRA5;HAP1;NALCN;SYN3;GABRA3;GABRQ;BAIAP3;PNOC;ADORA1;NRXN1;KCNK2;GABRB2;GABBR2;NLGN1;CLSTN3;CRH;PLCL1;PRKCE;CLCN3;GABRB1"
"GOBP_T_HELPER_1_TYPE_IMMUNE_RESPONSE",0.0247759620453347,0.703950288504217,0.496105201740936,1.46396158285022,140,56,"IL33;EBI3;IL18;IL12RB1;ASCL2;ANXA1;SLC11A1;TLR4;HLX;TNFSF4;PSMB8;NFKBIZ;PSMB9;PLA2G4A;LGALS9;PSMA2;SPN;HAVCR2;IL23A;PSMB10;HMGB1;PSMB3;IL18BP;IL1R1"
"GOBP_DENDRITIC_SPINE_DEVELOPMENT",0.0284872298624754,0.717154707331525,-0.411864482670548,-1.37859493038349,115,98,"NDP;IL1RAPL1;CAMK2A;WNT7A;CTNND2;EPHB1;ARC;ITPKA;GRM5;PPFIA2;PAK3;ZDHHC15;GPRASP3;NGEF;CAMK2B;GRIN3A;SHANK3;DSCAM;ZNF365;NEURL1;RELN;SRCIN1;KIF1A;FOXO6;NLGN1;STAU2;SHANK1;CPEB3;MAPRE3;LRP8;CDK5R1;PTEN;TANC2;CUX2;EPHA4;MAPK6;SRGAP2C;CAPRIN1;EEF2K;CAMK1;ARHGAP44;EPHB2;ARMCX5-GPRASP2"
"GOBP_AXONAL_TRANSPORT",0.030490709861839,0.717556999815064,-0.44239564790331,-1.41441925106144,127,72,"RUFY4;RAB27B;SYBU;KIF21A;HAP1;DLG2;NEFL;AGBL4;ARMCX1;BORCS5;TMEM108;MAP2;KIF5A;MAP1A;KIF3A;KIF1A;MAPT;FEZ1;TRIM46;KIF3B;AGTPBP1;RAB21;KIF4A;RUFY3;TERF2;BLOC1S3;UCHL1;FBXW11;OPA1;SPAST;KIF1B;DCTN1;KIF5C;DYNC1H1"
"GOBP_CHOLINE_METABOLIC_PROCESS",0.0317217657175616,0.717556999815064,0.821467217270583,1.49483264673116,165,6,"ENPP6;DMGDH;CHDH;BCHE"
"GOBP_DENDRITIC_SPINE_MORPHOGENESIS",0.0326521024195443,0.717556999815064,-0.459455875930484,-1.43006143939056,138,61,"IL1RAPL1;WNT7A;CTNND2;EPHB1;ARC;ITPKA;GRM5;PPFIA2;PAK3;ZDHHC15;GPRASP3;NGEF;CAMK2B;SHANK3;ZNF365;RELN;SRCIN1;KIF1A;NLGN1;STAU2;SHANK1;MAPRE3;LRP8;CDK5R1;PTEN;TANC2;CUX2;EPHA4;CAPRIN1;EEF2K;ARHGAP44;EPHB2;ARMCX5-GPRASP2"
"GOBP_LEUKOTRIENE_METABOLIC_PROCESS",0.0331137943651665,0.717556999815064,0.597215854560462,1.51243433308924,180,25,"CPA1;GGT5;GGTLC3;SYK;PLA2G5;ALOX5AP;CYP4F2;PLA2G4A;MGST2"
"GOBP_POSITIVE_REGULATION_OF_SYNAPTIC_VESICLE_FUSION_TO_PRESYNAPTIC_ACTIVE_ZONE_MEMBRANE",0.0302056555269923,0.717556999815064,-0.680801722850729,-1.55735526709489,140,14,"RPH3A;SYT9;SYT2;DOC2B;DOC2A;SYT1;SYT13;SYT5;ERC2"
"GOBP_RESPIRATORY_SYSTEM_DEVELOPMENT",0.031397917324077,0.717556999815064,0.36040632524863,1.2809452331117,198,222,"CHI3L1;ITGB6;EDN2;COL3A1;WNT11;IGF1;MMP14;WNT2;WT1;TGFB1;MME;TBX5;CCN2;ID1;TCF21;GRHL2;PKDCC;BMP4;GATA6;TNF;LOX;ZFPM2;HHIP;SIM2;MSX1;PITX2;WNT2B;ALDH1A3;STRA6;IGFBP5;EPAS1;CTSZ;CTSH;SLC23A1;TBX4;GPC3;RSPO2;FBN1;MYOCD;NOS3;EVA1A;TGFBR2;PDGFRA;IFT25;ABCA12;SPRY1;HES1;FLT4;FOXA1;LAMA5;MAN2A1;PTK7;WNT7B;FGF1;LIF"
"GOBP_RESPONSE_TO_TYPE_III_INTERFERON",0.0331853730712323,0.717556999815064,-0.774276767215088,-1.53723795113742,156,8,"IFNL1;IFNL3;SHFL"
"GOBP_SARCOPLASMIC_RETICULUM_CALCIUM_ION_TRANSPORT",0.0328596802841918,0.717556999815064,0.524731113617151,1.46705954070401,184,41,"HRC;SLN;RYR1;ATP2A1;CASQ2;JPH2;CLIC2"
"GOBP_SYNAPTIC_TRANSMISSION_GLUTAMATERGIC",0.0334799608993157,0.717556999815064,-0.395076241750479,-1.34552732281496,136,107,"GRM7;HCN1;TNR;HTR2A;GRIA1;GRIN1;DRD1;ADORA2A;GRIN2B;ABCC8;GRIN2C;UNC13C;GRIK4;PLPPR4;OPHN1;GRM3;GRM5;NPY2R;ABTB3;SLC17A8;SERPINE2;FRRS1L;SYT1;GRIN3A;SHANK3;DSCAM;CACNG8;PRKN;NLGN3;GRIN2A;RELN;PNOC;ADORA1;GRM6;SLC1A4;UNC13A;NRXN1;CACNG2;NAPB;NLGN1;CLSTN3;GRIK5;GRIK1;CLCN3;GRM1;HOMER2;SLC17A6;CACNB4;GRIA4;DRD3"
"GOBP_T_HELPER_1_CELL_CYTOKINE_PRODUCTION",0.0321958743011375,0.717556999815064,0.840411323065602,1.46874526248119,166,5,"IL18;IL1R1"
"GOBP_TYPE_II_INTERFERON_PRODUCTION",0.0291835357624831,0.717556999815064,0.419094964600671,1.3687003095764,172,110,"IRF8;TLR3;IL33;NLRP6;EBI3;IL18;IL21;INHBA;CLEC7A;IL12RB1;SLC11A1;TLR4;GATA3;CD96;TNF;CD274;CD226;RIPK3;TNFSF4;ZC3H12A;SLAMF6;LTA;HMSD;PSMB8"
"GOBP_COLLAGEN_ACTIVATED_TYROSINE_KINASE_RECEPTOR_SIGNALING_PATHWAY",0.0341123256690539,0.720032034523831,0.716073325011063,1.5295957063176,180,12,"SYK;COL1A1;DDR2;COL4A1;COL4A3;COL4A2;COL4A6;TSPAN9;COL4A5"
"GOBP_CONNECTIVE_TISSUE_REPLACEMENT_INVOLVED_IN_INFLAMMATORY_RESPONSE_WOUND_HEALING",0.0345285524568393,0.720032034523831,0.771799485507539,1.49840487516913,181,8,"TGFB1;PPARG;IL1A;AGER"
"GOBP_DETOXIFICATION_OF_COPPER_ION",0.035828534868842,0.720032034523831,-0.734511934414178,-1.53859828210553,167,10,"MT1H;MUC2;MT1G;MT3"
"GOBP_PEPTIDOGLYCAN_METABOLIC_PROCESS",0.0358654039895225,0.720032034523831,-0.946860962967555,-1.38672386231424,177,2,"PGLYRP2"
"GOBP_POSITIVE_REGULATION_OF_MIRNA_METABOLIC_PROCESS",0.0357763112191733,0.720032034523831,0.469582339013145,1.41342616535187,205,63,"AGT;DNM3OS;PRL;WT1;TGFB1;PPARG;GATA3;GATA2;TNF;SMAD6;NEAT1;ZC3H12A;ETS1;ATOH8;PDGFB;NR3C1;MYOCD;JUN"
"GOBP_DETOXIFICATION_OF_NITROGEN_COMPOUND",0.0366300366300366,0.725983503908106,0.835229189058842,1.45968870343316,189,5,"GSTM1;MTARC2"
"GOBP_LONG_TERM_SYNAPTIC_POTENTIATION",0.037573673870334,0.725983503908106,-0.403107374127157,-1.34928309129395,152,98,"CRHR2;TNR;GRIA1;DRD1;ADCY8;ADORA2A;GRIN2B;CAMK2A;GRIN2C;PRKAR1B;NTRK2;ARC;SLC24A2;ZDHHC2;RASGRF2;SNCA;GFAP;LRRTM1;SERPINE2;SHISA7;ITPR3;SHANK2;CAMK2B;SHANK3;NR2E1;SLC8A3;GRIN2A;RELN;ADORA1;SLC1A1;SNAP25;NSG1;PRKCG;CRH;RGS14;PRKCZ;AKAP5;PRNP;CYP46A1;GSK3B;SLC8A2;SLC18A3;HMGCR;CALM3;EPHA4;CALM1;VAMP2;MECP2;BRAF"
"GOBP_POSITIVE_REGULATION_OF_FATTY_ACID_METABOLIC_PROCESS",0.0379928315412186,0.725983503908106,0.545759003953023,1.4720295852008,211,34,"APOA4;TWIST1;EDN2;ADIPOQ;EDN1;PPARG;AVPR1A;PTGS2"
"GOBP_SPONTANEOUS_NEUROTRANSMITTER_SECRETION",0.0373539232053422,0.725983503908106,-0.786864041391204,-1.51441481533741,178,7,"RPH3A;DOC2B;DOC2A;SYT1;PRKN;RIMS2;STX1B"
"GOBP_ACUTE_INFLAMMATORY_RESPONSE",0.042251111871365,0.744422696912946,0.433908411589321,1.36243981571964,246,85,"OSMR;NLRP6;IL22RA1;TNFSF11;FFAR2;FN1;CD163;GATA3;IL31RA;HP;NUPR1;TNF;IL1A;CD6;EPO;AHSG;TNFSF4;OSM;TNFRSF11A;IL6R;PTGS2;NPY;SERPINA1;SAA2;FCER1G"
"GOBP_CAMP_METABOLIC_PROCESS",0.0441208912420031,0.744422696912946,-0.560962587401674,-1.48320794252858,199,26,"PTH;PTHLH;ADCY10;ADCY8;PDE4C;ADCY2;ADCYAP1R1;PDE4D;ADCY5"
"GOBP_GALACTOLIPID_METABOLIC_PROCESS",0.0421535893155259,0.744422696912946,-0.778909606434315,-1.49910554523142,201,7,"FA2H;GBA3;UGT8"
"GOBP_LYMPHOCYTE_ACTIVATION_INVOLVED_IN_IMMUNE_RESPONSE",0.0438512869399428,0.744422696912946,0.359218074649038,1.26499129651212,275,202,"IRF8;CLEC4E;IL18;CD40LG;IL21;CD69;ITGAL;GPR65;HLA-DMB;IL12RB1;ASCL2;ANXA1;IFNA21;IFNW1;TNFSF18;SLC11A1;TGFB1;TLR4;GATA3;LGALS1;HLX;CLEC4D;TNFSF13;NCKAP1L;ITM2A;TNFSF4;ZC3H12A;SLAMF6;PTPRC;PSMB8;IL6R;GPR183;NFKBIZ;ICAM1;PSMB9;FCER1G;MDK;LFNG;SMAD7;UNC13D"
"GOBP_MODULATION_OF_INHIBITORY_POSTSYNAPTIC_POTENTIAL",0.0417999573469823,0.744422696912946,-0.723840327488148,-1.51624423268251,195,10,"CHRNA2;RIMS1;ABAT;PNOC;CRH;ELOVL4;RIMS2"
"GOBP_NEGATIVE_REGULATION_OF_T_HELPER_1_TYPE_IMMUNE_RESPONSE",0.0406519295616336,0.744422696912946,0.687647440024986,1.50187471783852,216,13,"IL33;EBI3;IL18;ASCL2;TNFSF4"
"GOBP_POSITIVE_REGULATION_OF_NEUROINFLAMMATORY_RESPONSE",0.0411162790697674,0.744422696912946,0.652502793062426,1.49692580904934,220,16,"IL33;IL18;CCR1;TAFA3;STAP1;NUPR1;TNF;LRRK2;CTSC"
"GOBP_POSITIVE_REGULATION_OF_SYNAPTIC_TRANSMISSION_GABAERGIC",0.0426672384219554,0.744422696912946,-0.679282633004622,-1.52206588370573,198,13,"ADRA1A;ADORA2A;HAP1;NALCN;NRXN1;NLGN1;PRKCE"
"GOBP_POSITIVE_REGULATION_OF_T_HELPER_1_TYPE_IMMUNE_RESPONSE",0.0436920749006998,0.744422696912946,0.713166673024304,1.48717125574523,230,11,"IL18;IL12RB1;SLC11A1;PLA2G4A;IL23A;IL1R1"
"GOBP_PRESYNAPTIC_ENDOCYTOSIS",0.0394862036156042,0.744422696912946,-0.424001314535387,-1.37465914930771,165,77,"MX1;RAB27B;SH3GL2;OPHN1;SNCA;SNCB;PACSIN1;BTBD8;DNM3;PRKN;DNAJC6;SNCG;NLGN3;SGIP1;AAK1;STON1;AMPH;ITSN2;AP2B1;NLGN1;ABCA13;SYNJ1;AP2A1;STON2;NECAP1;MYLK;CANX;CALM3;CALM1;VAMP2;BIN1;PPP3CB;BTBD9;MX2;SYT11;PPP3CC;AP2A2;AP3B2"
"GOBP_SPONTANEOUS_SYNAPTIC_TRANSMISSION",0.0433104631217839,0.744422696912946,-0.677877796387928,-1.51891807190758,201,13,"RPH3A;DOC2B;DOC2A;SYT1;CBLN2;PRKN;NSG1;RIMS2;STX1B"
"GOBP_ALKALOID_METABOLIC_PROCESS",0.0455813953488372,0.760969400244798,0.648079675698133,1.48677860568184,244,16,"NNMT;CD38;CYP3A4"
"GOBP_REGULATION_OF_FATTY_ACID_METABOLIC_PROCESS",0.0461538461538462,0.7625,0.41823164082885,1.3347811733404,272,94,"APOA4;TWIST1;APOC3;UGT1A6;EDN2;ADIPOQ;EDN1;FMO2;PPARG;CAV1;AVPR1A;PDK4;PTGS2;ACADL;APOC1;KIF12;FMO1;FMO4;CEACAM1;NR1H3;ERFE;ANGPTL4;EIF6;GDF15;KLHL25;ACADVL"
"GOBP_CALCIUM_ION_IMPORT_INTO_SARCOPLASMIC_RETICULUM",0.0483902062849431,0.791204816164122,0.823515166607827,1.43921668632996,250,5,"SLN;ATP2A1;PLN"
"GOBP_METANEPHROS_DEVELOPMENT",0.0498117083190688,0.796098569525252,0.424702800711174,1.33735258435618,290,87,"CD34;ITGA8;FOXC2;FOXD1;ADIPOQ;GREM1;WT1;ID3;TCF21;BMP4;HNF1B;IRX1;PDGFRB;SIX2;TFAP2B;PDGFB;AGTR2;GDF6;HOXA11;CTSH;IRX2;GPC3;FBN1;ID2;WWTR1;PDGFRA;OSR1;SPRY1;HES1;BMP7;OSR2;WNT7B;LIF;SLC22A1;NKX3-1;LAMB2"
"GOBP_NEGATIVE_REGULATION_OF_ATP_DEPENDENT_ACTIVITY",0.0504311961004874,0.796098569525252,0.663398926708827,1.4722063355435,268,14,"SLN;TNNT2;TNNC1;LTF;TNNI3"
"GOBP_PEPTIDE_CROSS_LINKING",0.050697323784395,0.796098569525252,0.68968232863541,1.47322221308488,268,12,"COL3A1;TGM5;ANXA1;CSTA;TGM4;TGM2;TGM1;TGM3;DSP"
"GOBP_POSITIVE_REGULATION_OF_HUMORAL_IMMUNE_RESPONSE_MEDIATED_BY_CIRCULATING_IMMUNOGLOBULIN",0.0506304558680892,0.796098569525252,0.857230105981678,1.42627675789443,260,4,"TNF;LTA;PTPRC;HPX"
"GOBP_POSITIVE_REGULATION_OF_PHOSPHOLIPID_BIOSYNTHETIC_PROCESS",0.0526764768607379,0.819067571579709,-0.708928652274842,-1.48500841908772,246,10,"HTR2A;FABP3;HTR2C;HTR2B;CHP1"
"GOBP_ESTROGEN_METABOLIC_PROCESS",0.053500181356547,0.823798909043529,0.548278509070786,1.43171092063968,294,29,"CYP19A1;CYP2C9;UGT2B7;UGT1A6;CYP3A4;UGT2B11;SULT1E1;HSD17B2;SULT1A1"
"GOBP_RETROGRADE_AXONAL_TRANSPORT",0.054641211323239,0.833278472679394,-0.568587186306656,-1.46330186869898,248,23,"RUFY4;HAP1;DLG2;NEFL;AGBL4;TMEM108;KIF5A;MAP1A;KIF1A;AGTPBP1;RUFY3;FBXW11;KIF1B"
"GOBP_GLYCOSPHINGOLIPID_BIOSYNTHETIC_PROCESS",0.0579542830755022,0.867127292054212,-0.468897053789097,-1.37906183169747,250,45,"FA2H;FUT1;ST8SIA6;FUT9;UGT8;ST8SIA4;FUT6;ST8SIA3;FUT2;A4GALT;B4GALNT1;ST6GALNAC6;B3GNT5;A3GALT2;UGCG;B4GALT5;ST6GALNAC3;ST8SIA1;B4GALT6;SPTLC2"
"GOBP_MITOCHONDRIAL_TRANSLATION",0.0576540755467197,0.867127292054212,0.381931085869207,1.27630456791331,347,130,"MRPL33;CHCHD1;MRPL51;MRPL14;MRPL52;MRPS28;MRPL53;AURKAIP1;MRPL16;MRPS18C;MRPL24;MRPL22;MRPL54;UQCC2;MRPL40;MRPL41;MRPS12;MRPL36;MRPL55;MRPL17;MTG1;GADD45GIP1;MRPS34;MRPL18;MRPS24;MRPS11;SHMT2;MRPL11;MRPL10;MRPS26;MRPL21;MRPL46;MRPS18A;MTIF3;MRPL58;MRPL28;MRPL39;METTL8;MRPL2;MRPS15;MRPL48;MRPS31;MRPL49;MRPS21;MRPS7;MRPL43;MRPL27;MALSU1;MTG2;TARS2;MRPS6;MTRF1;MRPL20;MRPL34;MRPL9;HARS2;C1QBP;MPV17L2;MRPL13;MRPS5;CDK5RAP1;MRPL38;MRPS23;COA3;MRPL32;AARS2;YARS2;TUFM;MRPS33;MRPL57;MRPS17"
"GOBP_ARACHIDONATE_METABOLIC_PROCESS",0.0612386917188587,0.906014587725796,-0.459366036081508,-1.36776272632951,263,48,"ALOX12B;CYP2B6;PTGS1;CYP1B1;PTGDS;CYP2A6;PLA2G4C;CYP2S1;ALOX5;ALOXE3;MGLL;CTHRC1;PTGES;PRXL2B;FAAH;ALOX15B;CYP4Z1;CYP4A11;CYP2C18"
"GOBP_DENDRITIC_CELL_DIFFERENTIATION",0.0653825764269306,0.906014587725796,0.484330450533602,1.37098268540938,369,44,"UBD;IRF8;ITGB6;FLT3LG;LILRB2;DCSTAMP;TGFB1;LGALS1;TMEM176A;PRTN3"
"GOBP_GLUCOSYLCERAMIDE_METABOLIC_PROCESS",0.0653234358430541,0.906014587725796,-0.676828066713373,-1.46225138058952,307,11,"FA2H;GBA3;PRKCD;B3GALT1"
"GOBP_GLYCINE_IMPORT_ACROSS_PLASMA_MEMBRANE",0.0646911519198664,0.906014587725796,-0.754794974512291,-1.4526940256701,309,7,"SLC6A7;SLC6A14;RGS4;RGS2"
"GOBP_NEGATIVE_REGULATION_OF_EXECUTION_PHASE_OF_APOPTOSIS",0.0625129802699896,0.906014587725796,-0.814397025601065,-1.44706309269177,300,5,"GCG"
"GOBP_NEUROTRANSMITTER_SECRETION",0.0633472367049009,0.906014587725796,-0.3479022198221,-1.24347302807526,242,157,"SLC32A1;DYSF;CADPS2;SV2C;ADORA2A;RPH3A;CAMK2A;ABCC8;WNT7A;TACR2;SYT9;SYT2;UNC13C;SYN2;SYN3;DOC2B;RIMS1;PPFIA2;DOC2A;SYN1;SNCA;PTPRN2;MCTP1;SYT1;SYT13;P2RY1;SLC4A8;NRXN2;PRKN;BAIAP3;LIN7C;SNCG;SYT5;SNCAIP;PNOC;CASK;SNAP25;RAP1BL;UNC13A;PREPL;NRXN1;SYP;PRKCG;AP2B1;NAPB;CSPG5;NLGN1;ERC2;SEPTIN5;PPP3CA;CRH;SYNGR3;GRIK5;RIMS2;STX1B;MICU3;SV2A;CPLX1;RIMS3;SV2B;CPLX2;SYNJ1;CACNB4"
"GOBP_OXIDATIVE_PHOSPHORYLATION",0.065694626474443,0.906014587725796,0.37231463656742,1.25785506814131,400,141,"ACTN3;NUPR1;TNF;ATP5ME;UQCRFS1P1;NDUFA4L2;NDUFA2;NDUFA13;NDUFA1;NDUFB3;ATP5MF;COX6B1;NDUFS6;NDUFB4;UQCRQ;NDUFA3;NDUFB1;COX5B;CDK1;NDUFC2-KCTD14;COX7C;NDUFC1;COX7A2;NDUFB2;COX8A;UQCC2;NDUFS4;NDUFA7;UQCC3;ATP5PF;MT-ND3;SDHC;NDUFB7;SIRT3;COX4I1;COX6C;UQCRH;MTCO2P12;SDHD;NDUFB5;DGUOK;NDUFV2;CYC1;NDUFB9;NDUFA8;NDUFB6;SHMT2;COX6A1;ATP5MG;UQCR11;NDUFS5;NDUFAB1;ATP5PD;ANTKMT;NDUFB8;UQCR10;NDUFS3;DNAJC15;NDUFA11;NDUFA12;NDUFA4;NDUFC2;CCNB1;ATP5F1D;ATPSCKMT;ATP5IF1;ISCU;NDUFA10;NDUFS8;ATP5F1E;NDUFB10;COX7B;NDUFA6;STOML2"
"GOBP_REGULATION_OF_SYNAPTIC_TRANSMISSION_GLUTAMATERGIC",0.0651240458015267,0.906014587725796,-0.406164776088529,-1.30072258535737,272,73,"GRM7;HCN1;TNR;HTR2A;GRIN1;DRD1;ADORA2A;GRIN2B;GRIN2C;PLPPR4;OPHN1;GRM3;GRM5;NPY2R;SERPINE2;FRRS1L;SYT1;SHANK3;CACNG8;PRKN;NLGN3;GRIN2A;RELN;PNOC;ADORA1;GRM6;UNC13A;NRXN1;CACNG2;NLGN1"
"GOBP_URATE_METABOLIC_PROCESS",0.065065254397579,0.906014587725796,0.689186165473791,1.43716454220088,343,11,"G6PC1;SLC17A3;SLC22A11;SLC2A9;HFE"
"GOBP_NEGATIVE_REGULATION_OF_TRANSMEMBRANE_RECEPTOR_PROTEIN_SERINE_THREONINE_KINASE_SIGNALING_PATHWAY",0.0678241116339445,0.908214114117059,0.367215998028458,1.25130602173891,417,150,"DAND5;INHBA;CER1;OVOL2;GREM1;EMILIN1;PPARG;CAV1;ENG;TNFAIP6;LRRC32;BMPER;VASN;SMAD6;WFIKKN1;SLC2A10;FST;CHRD;HTRA3;CAV2;SMAD7;FBN2;BAMBI;FBN1;PMEPA1;LDLRAD4;RASL11B;SFRP2;CRIM1;WNT1"
"GOBP_REGULATION_OF_ATP_DEPENDENT_ACTIVITY",0.0674603174603175,0.908214114117059,0.523516807427468,1.39300841592934,373,32,"SLN;TNNT2;TPM2;ATP2A1;TNNC1;LTF;TNNI3"
"GOBP_REGULATION_OF_DENDRITIC_SPINE_DEVELOPMENT",0.068144690781797,0.908214114117059,-0.432702116819175,-1.33256557566097,291,57,"IL1RAPL1;ITPKA;GRM5;PPFIA2;GPRASP3;NGEF;CAMK2B;GRIN3A;SHANK3;NEURL1;RELN;KIF1A;FOXO6;NLGN1;STAU2;SHANK1;CPEB3;MAPRE3;LRP8;TANC2;CUX2;MAPK6;SRGAP2C;CAPRIN1;EEF2K;CAMK1;EPHB2;ARMCX5-GPRASP2"
"GOBP_T_CELL_DIFFERENTIATION_INVOLVED_IN_IMMUNE_RESPONSE",0.066610455311973,0.908214114117059,0.400993024667619,1.28739930505285,394,98,"CLEC4E;IL18;IL21;CD69;GPR65;IL12RB1;ASCL2;ANXA1;TNFSF18;GATA3;LGALS1;HLX;CLEC4D;TNFSF4;ZC3H12A;SLAMF6;PSMB8;IL6R;GPR183;NFKBIZ;PSMB9;FCER1G;SMAD7"
"GOBP_MYELOID_DENDRITIC_CELL_DIFFERENTIATION",0.0709050934408208,0.914272180464568,0.600893719416096,1.42152403575168,386,18,"UBD;ITGB6;DCSTAMP;TGFB1"
"GOBP_NEGATIVE_REGULATION_OF_FATTY_ACID_METABOLIC_PROCESS",0.0704301075268817,0.914272180464568,0.509539217624867,1.37991228645879,392,35,"APOC3;UGT1A6;FMO2;ACADL;APOC1;KIF12;FMO1;FMO4;CEACAM1;ANGPTL4;KLHL25;ACADVL"
"GOBP_POSITIVE_REGULATION_OF_SYNAPTIC_TRANSMISSION",0.0705729166666667,0.914272180464568,-0.345241772893128,-1.23323396397564,270,156,"ADRA1A;CRHR2;TNR;GRIA1;GRIN1;DRD1;ADCY8;ADORA2A;GRIN2B;SLC7A10;CAMK2A;TACR2;GRIN2C;HAP1;SLC1A3;NALCN;PRKAR1B;NTRK2;ARC;SLC24A2;ZDHHC2;RASGRF2;SNCA;GFAP;LRRTM1;SERPINE2;SYT1;SHISA7;ITPR3;SHANK2;ADAM22;CAMK2B;SHANK3;NR2E1;SLC4A8;CACNG8;BAIAP3;SLC8A3;NLGN3;GRIN2A;RELN;ADORA1;SLC1A1;SNAP25;NSG1;NRXN1;CACNG2;PRKCG;NLGN1;PPP3CA;CLSTN3;CRH;STX1B;RGS14;PRKCZ;MICU3;AKAP5;PRNP;PRKCE"
"GOBP_REGULATION_OF_MIRNA_METABOLIC_PROCESS",0.0706949674768915,0.914272180464568,0.41267430646594,1.29947589072986,412,87,"TWIST1;AGT;DNM3OS;PRL;WT1;TGFB1;PPARG;GATA3;GATA2;BMP4;TNF;NFATC4;SMAD6;NEAT1;ZC3H12A;ETS1;ATOH8;PDGFB"
"GOBP_ADAPTIVE_IMMUNE_MEMORY_RESPONSE",0.0838750262109457,0.925924315729981,-0.767230730112671,-1.42262603319953,399,6,"CD70;CD27"
"GOBP_AMINO_ACID_IMPORT_ACROSS_PLASMA_MEMBRANE",0.0942334739803094,0.925924315729981,-0.426197862145287,-1.29297085669322,401,53,"SLC6A7;SLC6A14;RGS4;SLC7A10;RGS2;SLC1A3;KCNJ10;GFAP;SLC17A8;SLC1A6;SLC6A13;SLC16A2;SLC47A1;SLC6A5;SLC1A1;SLC1A4;SLC7A7;SLC36A1;SLC6A6;SLC7A3;GRM1;SLC7A2;SLC6A20;CLN8"
"GOBP_ANDROGEN_METABOLIC_PROCESS",0.0935225618631732,0.925924315729981,0.523583188859147,1.34721399074525,513,27,"CYP19A1;UGT2B7;INHBA;CYP3A4;AKR1D1;SPP1;HSD17B2"
"GOBP_AROMATIC_AMINO_ACID_METABOLIC_PROCESS",0.072523450011439,0.925924315729981,-0.471875651996829,-1.35833772859946,316,40,"PAH;HGD;IDO1;ACMSD;TH;TYR;DCT;HPDL;KYNU;QDPR;TPH1;ABCC4"
"GOBP_ATP_SYNTHESIS_COUPLED_ELECTRON_TRANSPORT",0.0907087148185826,0.925924315729981,0.393249098093637,1.25558930549029,534,95,"UQCRFS1P1;NDUFA4L2;NDUFA2;NDUFA1;NDUFB3;COX6B1;NDUFS6;NDUFB4;UQCRQ;NDUFA3;NDUFB1;COX5B;CDK1;NDUFC2-KCTD14;COX7C;NDUFC1;COX7A2;NDUFB2;COX8A;NDUFS4;NDUFA7;UQCC3;MT-ND3;SDHC;NDUFB7;COX4I1;COX6C;UQCRH;MTCO2P12;SDHD;NDUFB5;DGUOK;NDUFV2;CYC1;NDUFB9;NDUFA8;NDUFB6;COX6A1;UQCR11;NDUFS5;NDUFAB1;NDUFB8;UQCR10;NDUFS3;DNAJC15;NDUFA11;NDUFA12;NDUFA4;NDUFC2;CCNB1;ISCU;NDUFA10;NDUFS8;NDUFB10;COX7B;NDUFA6;PARK7;NDUFAF1;SDHAF2;COQ9;UQCRFS1"
"GOBP_AXONAL_TRANSPORT_OF_MITOCHONDRION",0.10144293834718,0.925924315729981,-0.556087183564877,-1.36725235557599,463,19,"SYBU;NEFL;AGBL4;ARMCX1;MAPT;FEZ1;AGTPBP1;UCHL1;OPA1;SPAST"
"GOBP_CALCIUM_ION_TRANSMEMBRANE_IMPORT_INTO_CYTOSOL",0.0792650918635171,0.925924315729981,-0.335949248392252,-1.21097105523882,301,168,"TRPA1;NPSR1;CXCL10;LCK;FASLG;BDKRB1;TRPM2;TRPV5;CALCA;HTR2A;GRIN1;DRD1;GP5;CD19;NOS1;GRIN2B;PLCB2;HTR2C;GRIN2C;NOL3;MS4A1;ADCYAP1R1;P2RX5;TRPV2;RYR3;PDE4D;SLC24A2;SNCA;CACNA1I;CCR7;ITPR3;HTR2B;CACNA1D;THY1;UBASH3B;CX3CL1;SLC8A3;GRIN2A;JPH4;CACNA1G;CACNA1A;TRPM1;FGF2;GRM6;JPH3;AKAP6;CAPN3;GP1BB;PLCH1;PRKD1;PLCE1;PPP3CA;RYR2;PLCL1;SLC8A1;ATP2B4;CACNA1F;TRPC3;AKAP5;PRNP;PLCG2"
"GOBP_CELL_ACTIVATION_INVOLVED_IN_IMMUNE_RESPONSE",0.080468629566826,0.925924315729981,0.326791691557261,1.18568330174879,521,281,"IRF8;IL33;CLEC4E;IL18;CD40LG;IL21;TCIM;CX3CR1;CD69;ITGB2;ITGAL;GPR65;SYK;HLA-DMB;IL12RB1;ASCL2;ANXA1;IFNA21;IFNW1;TNFSF18;SLC11A1;TGFB1;TLR4;SH2D1B;GATA3;GATA2;LGALS1;HLX;CLEC4D;TNF;TNFSF13;NCKAP1L;ITM2A;RAB44;TNFSF4;ANXA3;ZC3H12A;SLAMF6;PTPRC;PSMB8;ENPP3;IL6R;GPR183;NFKBIZ;PRAM1;ICAM1;PSMB9;FCER1G;MDK;LFNG;SMAD7;UNC13D"
"GOBP_CELLULAR_OXIDANT_DETOXIFICATION",0.0884365378036264,0.925924315729981,0.404178837104327,1.26909118522318,516,85,"APOA4;HBA1;ALOX5AP;LPO;GPX5;HP;MB;EPX;CLIC2;SOD3;NQO1;PTGS2;HBB;FABP1;DHFRP1;TXNDC17;GPX7;APOM;NOS3;FBLN5;CCS;MGST2;GPX8;TPO;BMP7;PRDX6;PRDX1;GSTK1;GSTO2;APOE"
"GOBP_CEREBRAL_CORTEX_GABAERGIC_INTERNEURON_DIFFERENTIATION",0.0792163543441227,0.925924315729981,-0.649152093234846,-1.42752882445524,371,12,"ASCL1;DLX2;DRD1;DLX1;ARX"
"GOBP_CHEMICAL_SYNAPTIC_TRANSMISSION_POSTSYNAPTIC",0.0767102615694165,0.925924315729981,-0.35989088266252,-1.24393436192083,304,122,"HTR3B;INSYN2A;GRIA1;RGS4;CHRNA6;GRIN1;GLRA2;CHRNA2;ADORA2A;GRIN2B;MET;WNT7A;GRIN2C;P2RX5;PRKAR1B;HTR3A;RIMS1;GRM5;ABAT;NPY2R;SNCA;CELF4;ADRB2;SYT1;NLGN4X;TMEM108;SHANK3;PRKN;CHRNA4;GLRA1;SLC8A3;NLGN3;GRIN2A;GLRA3;RELN;PNOC;ADORA1;NRXN1;KCNK2;NLGN1;PPP3CA;CRH;GRIK5;ELOVL4;RIMS2;STX1B;SHANK1;PRKCZ;GLRB;ATXN1;CHRNB2;BEGAIN;SEZ6;GSK3B;SLC8A2;EEA1"
"GOBP_CYTOKINE_PRODUCTION",0.0950492341356674,0.925924315729981,0.289292831223196,1.12367893747098,694,717,"CXCL6;CHI3L1;IRF8;BANK1;STING1;ITGB6;TLR3;BPI;CD34;LTB;GBP5;SERPINB7;IL33;NLRP6;EBI3;CLEC4E;IL18;CD40LG;TWIST1;AGT;BTNL8;IL21;GHRL;CX3CR1;SPINK7;SNAI2;LILRB2;GPR65;INHBA;COL3A1;CLEC7A;SYK;CCN4;WNT11;IGF1;IL12RB1;FFAR2;FN1;ANXA1;BTN1A1;ADIPOQ;ACKR1;CD200R1;SLC11A1;NOS2;TGFB1;TLR4;SERPINE1;GATA3;IL17RC;SULF1;HGF;CCDC88B;LRRC19;TIGIT;AIF1;LUM;GATA6;CD96;WNT3A;TNF;RGCC;LRRC32;NFATC4;MEFV;LTF;SOCS1;APOA1;IL1A;EPX;CD274;CD6;NCKAP1L;CD226;RIPK3;SLC2A10;TNFSF4;OSM;ZC3H12A;SLAMF6;ZFP36;LTA;TRPV4;HSPB1;PTPRC;TRIM38;TLR5;HMSD;PSMB8;NLRC4;SPON2;IL6R;HFE;IL17RA;CYBA;PTGS2;BTN2A2;TLR2;TMIGD2;LRRK2;RNF135;PSMB9;IL32;SSC5D;FCER1G;MDK;SIGLEC1;PLA2R1;SMAD7;CASP3;GPSM3;B2M"
"GOBP_DENDRITE_MORPHOGENESIS",0.0942462900286384,0.925924315729981,-0.339978320564851,-1.20199210536623,361,146,"SKOR2;IL1RAPL1;WNT7A;CTNND2;EPHB1;EFHC2;ARC;ITPKA;GRM5;PPFIA2;PAK3;ZDHHC15;PHACTR1;GPRASP3;NGEF;CAMK2B;SHANK3;DSCAM;MAP2;ZNF365;NR2E1;NRP1;TNIK;RELN;CTNNA2;SRCIN1;SARM1;TRPC5;PREX2;KIF1A;ADGRB3;NLGN1;PPP3CA;KNDC1;STAU2;HECW1;SHANK1;RAPGEF2;CHRNB2;RAB21;MAPRE3;NEDD4L;LRP8;GSK3B;ATP7A;KLF7;DPYSL5;GABRB3;CDK5R1;YWHAH;PTEN;TANC2;RAP2A;CUX2;EPHA4"
"GOBP_DGMP_METABOLIC_PROCESS",0.0828464106844741,0.925924315729981,-0.74008712570063,-1.424386995522,396,7,"GDA;XDH;NT5C1A"
"GOBP_EPOXIDE_METABOLIC_PROCESS",0.0837631524654425,0.925924315729981,-0.828295556064648,-1.39505814965061,405,4,"EPHX3;ALOX5"
"GOBP_GDP_METABOLIC_PROCESS",0.100742311770944,0.925924315729981,-0.643239756399264,-1.38968560569935,474,11,"CARD11;DLG2;CASK;MAGI3;TJP2;LRGUK;NUDT18;MPP1"
"GOBP_HORMONE_METABOLIC_PROCESS",0.0744127384518367,0.925924315729981,0.338781194970821,1.20458352396768,471,223,"REN;CYP19A1;CYP2C9;BCO1;UGT2B7;UGT1A6;SULT1B1;EEF1AKMT4-ECE2;INHBA;CPA4;AKR1B10;CYP3A4;ADH6;GATA3;SDR9C7;CYP21A2;MME;AKR1D1;UGT2B11;ALDH1A1;ASMT;BMP5;ADM;STC2;ADH1B;AWAT2;DAB2;ENPEP;SULT1E1;SPP1;LHCGR;AANAT;ALDH1A3;GCNT4;HFE;HSD17B2;SULT1A4;FOXE1;ADH4;CTSZ;SULT1A1;FABP1;SLC16A10;LHB;PNPLA2;NR3C1;CRABP2;SCPEP1;CPQ;GNB3;NAGLU;PDGFRA;ESR1;AFP;CYP2W1;PAPSS2;TPO;SELENOM;FOXA1;PCSK5;CYP26C1"
"GOBP_IMMUNE_RESPONSE_IN_GUT_ASSOCIATED_LYMPHOID_TISSUE",0.0809682804674457,0.925924315729981,-0.741422252673073,-1.42695660851873,387,7,"ITGB7;RORC;PRDM16"
"GOBP_L_PHENYLALANINE_METABOLIC_PROCESS",0.0964106844741235,0.925924315729981,-0.726522886732236,-1.39828098054107,461,7,"PAH;HGD"
"GOBP_METABOLIC_COMPOUND_SALVAGE",0.0949425287356322,0.925924315729981,-0.446568016537466,-1.30348181728934,412,43,"CDA;QNG1;BHMT;AMPD3;UPP2;NMRK2;MRI1;NMNAT3"
"GOBP_MICROGLIAL_CELL_ACTIVATION_INVOLVED_IN_IMMUNE_RESPONSE",0.0900327742433006,0.925924315729981,0.788177337852088,1.37745851250855,466,5,"IL33;CX3CR1;IL1RAP;IL1R1;GRN"
"GOBP_MIRNA_METABOLIC_PROCESS",0.0963187090267272,0.925924315729981,0.382093486696459,1.23972335122242,572,105,"TWIST1;AGT;DNM3OS;PRL;WT1;TGFB1;PPARG;GATA3;GATA2;BMP4;TNF;NFATC4;SMAD6;NEAT1;ZC3H12A;ETS1;ATOH8;PDGFB"
"GOBP_MULTICELLULAR_ORGANISMAL_LEVEL_IRON_ION_HOMEOSTASIS",0.0740537575425123,0.925924315729981,0.543544037146419,1.3876231653488,404,26,"SLC11A1;HAMP;HFE;EPAS1;B2M;RHAG;NAGLU;CYBRD1;HYAL2;EIF2AK1;TF;HMOX1;HEPH;FBXL5"
"GOBP_NEGATIVE_REGULATION_OF_ADAPTIVE_IMMUNE_RESPONSE",0.0997389033942559,0.925924315729981,0.427205216143176,1.2821571266569,572,62,"IL33;EBI3;IL18;IL7R;CD69;ASCL2;TNFSF18;LGALS1;CD274;NCKAP1L;TNFSF4;ZC3H12A;PTPRC;HFE;SMAD7;C4BPA;BTLA;LAG3;SAMSN1;IL20RB;CEACAM1;LGALS9;ALOX15;SPN"
"GOBP_NEGATIVE_REGULATION_OF_CYTOKINE_PRODUCTION_INVOLVED_IN_IMMUNE_RESPONSE",0.0893182646737149,0.925924315729981,0.571309656529003,1.38197604141558,489,20,"TGFB1;CD96;TNF;APOA1;HFE;SMAD7;BST2;BTLA;APOA2;TGFB2;ANGPT1"
"GOBP_NEGATIVE_REGULATION_OF_INFLAMMATORY_RESPONSE",0.099016287695533,0.925924315729981,0.349009800227803,1.20000908963066,613,163,"CYP19A1;IL33;NLRP6;IL22RA1;GPR31;GHRL;CD69;SYK;IGF1;ADIPOQ;TAFA3;CD200R1;IER3;PPARG;WFDC1;GATA3;HGF;TNFAIP6;MEFV;APOA1;IL1A;CDH5;PTPRC;ENPP3;SIGLEC10;TNFAIP8L2;NPY;MDK;NT5E;ELF4;NFATC1;RPS19;GPER1;PLK2;SOCS3"
"GOBP_NEGATIVE_REGULATION_OF_LIPID_BIOSYNTHETIC_PROCESS",0.0935101186322401,0.925924315729981,0.433080853993641,1.29008797255272,535,59,"APOC3;SNAI2;DKKL1;BMP5;GFI1;PDGFB;ACADL;ORMDL3;APOC1;KIF12;GPER1;SNAI1;CEACAM1;SPHK1;SIK1;ORMDL1;BMP2;ANGPTL4;APOE;KLHL25;ACADVL;GGCX"
"GOBP_NEGATIVE_REGULATION_OF_T_HELPER_17_TYPE_IMMUNE_RESPONSE",0.101799775028121,0.925924315729981,0.619211235963458,1.37414558257981,542,14,"CD69;ASCL2;TNFSF18;LGALS1;ZC3H12A;SMAD7"
"GOBP_NEGATIVE_REGULATION_OF_TYPE_II_INTERFERON_PRODUCTION",0.0799494676051254,0.925924315729981,0.521690772663605,1.37379300339198,442,30,"IL33;NLRP6;INHBA;TLR4;GATA3;CD96;CD274;TNFSF4;ZC3H12A;LAPTM5;IL20RB;LGALS9B;LGALS9"
"GOBP_NEURON_PROJECTION_MAINTENANCE",0.0934838160136286,0.925924315729981,-0.634700815167175,-1.39574949845936,438,12,"ADCY10;MAP1A;PRNP;ABCD2;ATP1A3;INSR;DCTN1;EPHB2"
"GOBP_NEURONAL_ACTION_POTENTIAL",0.0891676168757127,0.925924315729981,-0.467811265415971,-1.33121771666102,390,38,"TRPA1;KCNMB2;KCNMB3;HCN1;GRIA1;DRD1;KCNK4;NALCN;CACNA1I;SCN2A;KCNA1;SCN9A;FGF12;KCNA2;KCNK2;UNC80;SCN1A"
"GOBP_NEURONAL_SIGNAL_TRANSDUCTION",0.087719298245614,0.925924315729981,-0.715192157543397,-1.41993221737228,414,8,"KCNA1;NRXN1;NLGN1;CLU;OLFM1;P2RY11;RTN4R"
"GOBP_OLFACTORY_BULB_INTERNEURON_DIFFERENTIATION",0.0968294772922022,0.925924315729981,-0.604687501649281,-1.38324160182308,451,14,"DLX5;GSX2;ARX;SLIT1;SALL1;SLIT2"
"GOBP_PEPTIDYL_TYROSINE_MODIFICATION",0.0747020312237704,0.925924315729981,0.381175202052501,1.25608265918986,444,117,"BANK1;IL18;IL21;IL7R;ITGB2;FLT1;SYK;TNFSF18;CASS4;NTRK1;IL11;IL31RA;CSPG4;PKDCC;DDR2;PDGFRB;OSM;PDGFB;LTK;SFRP2;IL4R;PDGFRA;CNTF;HES1;FLT4;NEDD9;SAMSN1;EPHA7;CTF1;ZAP70;LIF;EFEMP1"
"GOBP_POSITIVE_REGULATION_OF_GLYCOPROTEIN_METABOLIC_PROCESS",0.103334554781971,0.925924315729981,0.575201323754937,1.36074397300802,563,18,"IL33;IGF1;MUSTN1;SLC2A10"
"GOBP_POSITIVE_REGULATION_OF_NEUROTRANSMITTER_TRANSPORT",0.0882417824840062,0.925924315729981,-0.518719834838425,-1.37151638319252,399,26,"ADORA2A;TACR2;RAB3B;SNCA;SLC17A8;SYT1;SLC4A8;PRKN;BAIAP3;NLGN1;PPP3CA;STX1B;MICU3"
"GOBP_POSITIVE_REGULATION_OF_PHOSPHOLIPID_METABOLIC_PROCESS",0.0780445969125214,0.925924315729981,-0.633880160937251,-1.42033274581587,363,13,"HTR2A;FABP3;HTR2C;HTR2B;CHP1;PRKCD"
"GOBP_POSITIVE_REGULATION_OF_TYPE_II_INTERFERON_PRODUCTION",0.091284877712711,0.925924315729981,0.412620806729673,1.27739450015932,529,76,"IRF8;TLR3;EBI3;IL18;IL21;CLEC7A;IL12RB1;SLC11A1;TLR4;TNF;CD226;TNFSF4;SLAMF6;LTA;HMSD;PSMB8"
"GOBP_PRESYNAPTIC_ACTIVE_ZONE_ORGANIZATION",0.101802757158006,0.925924315729981,-0.64209323111247,-1.38720859821998,479,11,"RIMS1;NRXN1;ERC1;ERC2;RIMS2;RIMS3;RAB3A;BSN;PCLO"
"GOBP_PURINE_DEOXYRIBONUCLEOSIDE_MONOPHOSPHATE_METABOLIC_PROCESS",0.100936967632027,0.925924315729981,-0.627599845278003,-1.38013399123998,473,12,"GDA;XDH;NT5C1A"
"GOBP_PURINE_DEOXYRIBONUCLEOTIDE_METABOLIC_PROCESS",0.102953953084275,0.925924315729981,-0.571511198986861,-1.36683590447819,473,17,"GDA;XDH;NT5C1A;SAMHD1;AK5"
"GOBP_PURINE_NUCLEOSIDE_MONOPHOSPHATE_METABOLIC_PROCESS",0.0896551724137931,0.925924315729981,-0.450431063910346,-1.31475761811565,389,43,"GDA;AMPD3;XDH;CARD11;DLG2;NT5C1A"
"GOBP_REGULATION_OF_ATPASE_COUPLED_CALCIUM_TRANSMEMBRANE_TRANSPORTER_ACTIVITY",0.101214574898785,0.925924315729981,0.781162860829156,1.36519965828627,524,5,"SLN;ATP2A1;PLN"
"GOBP_REGULATION_OF_CALCIUM_ION_IMPORT_INTO_SARCOPLASMIC_RETICULUM",0.076451995258791,0.925924315729981,0.871062520206652,1.36610169717328,386,3,"SLN;ATP2A1;PLN"
"GOBP_REGULATION_OF_DENDRITIC_SPINE_MORPHOGENESIS",0.0858924036019395,0.925924315729981,-0.448181290686674,-1.32397436764378,371,46,"IL1RAPL1;ARC;ITPKA;GRM5;PPFIA2;ZDHHC15;GPRASP3;NGEF;CAMK2B;SHANK3;RELN;SRCIN1;KIF1A;NLGN1;STAU2;MAPRE3;LRP8;CDK5R1;TANC2;CUX2;EPHA4;CAPRIN1;EEF2K;ARHGAP44;EPHB2;ARMCX5-GPRASP2"
"GOBP_REGULATION_OF_IMMUNE_SYSTEM_PROCESS",0.0752674794725056,0.925924315729981,0.275825159353796,1.10581327223811,604,1427,"LYVE1;SIRPB1;CXCL6;CYP19A1;CFI;BANK1;STING1;TLR3;C9;BPI;H4C12;GBP5;FCMR;FPR3;IL33;NLRP6;EBI3;CLEC12B;CCL20;CLEC4E;IL18;CD40LG;GPR171;CSF3R;BTNL8;CFHR5;IL21;GPR31;TCIM;FYB1;TIFAB;CX3CR1;IL7R;FOXN1;DCST1;THEMIS;FLT3LG;CD69;ITGB2;LILRB5;CCR1;SPTA1;EDN2;HOXA9;LAIR1;LILRB2;KLK3;RHEX;DCSTAMP;GPR65;MZB1;INHBA;COL3A1;CLEC7A;HLA-DQA1;PLVAP;SYK;HLA-DMB;PLA2G5;IGF1;MMP14;CDKN2A;IL12RB1;TNFSF11;FFAR2;ASCL2;TNFRSF13B;ZPBP2;H4C4;HCST;FN1;ANXA1;TNFSF18;BTN1A1;ADIPOQ;GREM1;EDN1;TAFA3;CD200R1;SLC11A1;CD72;NOS2;TGFB1;EMILIN1;CD38;TLR4;CSF3;SH2D1B;PPARG;COLEC12;LILRB3;HOXA7;SERPINE1;GATA3;GATA2;IL31RA;CCDC88B;LRRC19;CAV1;TIGIT;TESPA1;LGALS1;HLX;AIF1;CCL2;RHOH;TNFAIP6;BMP4;STAP1;GATA6;CD96;IGF2;BMP5;NECTIN4;WNT3A;TRAC;PRDM1;CLEC4D;TNF;RGCC;LRRC32;TNFSF13;MEFV;LTF;EVI2B;LOX;SOCS1;APOA1;IL1A;GCSAML;KCNN4;CD274;EDN3;HLA-DRB5;CLEC2B;TNFSF8;GFI1;CD6;CIB1;NCKAP1L;SLC8B1;EPO;CFH;CD226;CXCL13;DLK1;RIPK3;IHH;TNFSF4;IL2RB;BST1;ZC3H12A;SLAMF6;ZFP36;LTA;TNFRSF11A;TRPV4;LCP2;KCNK13;TMEM176A;RARRES2;HCAR2;PTPRC;ETS1;TLR5;HMSD;PSMB8;BLNK;NLRC4;ENPP3;SPON2;ITGB3;IL6R;CD247;GPR183;DAPK2;HFE;NFKBIZ;ITGA4;CYBA;LILRA6;BTN2A2;TNFAIP8L2;TLR2;SCIN;TEC;MPL;TMIGD2;PRAM1;NPY;C8G;LRRK2;ICAM1;RNF135;PSMB9;BIRC3;MICA;FCER1G;MDK;CTSH;SMAD7;UNC13D;CASP3;GPSM3;B2M;SIVA1;HPX;C4BPA;CDKN1A;IGFBP2;BAX;BST2;FBN1;CSF1;VAMP8;AZGP1;CTSC;POU4F2;IFI35;GFI1B;RPS19;VNN1;AURKB;HHLA2;GPER1;ID2;VEGFD;ITPRIPL1;PLA2G4A;LAT2;IL4R;RAB7B;HMGB2;PLK2;BTLA;VAV3;TLR1;LAPTM5;NAGLU;TRIM62"
"GOBP_REGULATION_OF_NEURONAL_ACTION_POTENTIAL",0.0902557598816318,0.925924315729981,-0.712571620760039,-1.41472944135432,426,8,"TRPA1;NALCN;FGF12;UNC80;UNC79"
"GOBP_REGULATION_OF_RESPIRATORY_GASEOUS_EXCHANGE",0.0952589991220369,0.925924315729981,-0.521288272080524,-1.35594070602145,433,24,"GRP;GSX2;PHOX2B;NMBR;PHOX2A;GRPR;GLRA1;NLGN3;ADORA1"
"GOBP_REGULATION_OF_RESPIRATORY_GASEOUS_EXCHANGE_BY_NERVOUS_SYSTEM_PROCESS",0.0926243567753002,0.925924315729981,-0.622209308503554,-1.39418191336411,431,13,"GSX2;PHOX2B;GLRA1;NLGN3;ADORA1;MECP2;PBX3;CC2D1A;GLS"
"GOBP_REGULATION_OF_SYNAPSE_STRUCTURAL_PLASTICITY",0.102462437395659,0.925924315729981,-0.719738794038748,-1.38522417537117,490,7,"FRMPD4;CAMK2B;SHANK3;CTNNA2"
"GOBP_SODIUM_ION_IMPORT_ACROSS_PLASMA_MEMBRANE",0.102581072137657,0.925924315729981,-0.506223276396498,-1.33847497338801,464,26,"SCNN1G;HCN1;SCNN1A;SLC9A2;SLC5A1;SLC6A1;SLC9A7;SLC9A6;HCN2;SLC8A1;STK39;HCN4;NEDD4L"
"GOBP_SOMITE_ROSTRAL_CAUDAL_AXIS_SPECIFICATION",0.0812539987204095,0.925924315729981,-0.680270416903347,-1.42497738399511,380,10,"GDF3;MESP2"
"GOBP_SYNAPTIC_VESICLE_RECYCLING",0.0757940327237729,0.925924315729981,-0.387173247008548,-1.2751287479398,314,85,"MX1;RAB27B;WNT7A;SH3GL2;OPHN1;SNCA;SNCB;PACSIN1;SYT1;BTBD8;DNM3;PRKN;DNAJC6;SNCG;NLGN3;SGIP1;STON1;AMPH;ITSN2;AP2B1;NLGN1;STX1B;ABCA13;SYNJ1;AP2A1;STON2;MYLK;CANX;CALM3;RAB3A;VAMP2;BIN1;PPP3CB;BTBD9;MX2;GIT2;SYT11;PPP3CC;AP2A2;AP3B2"
"GOBP_T_HELPER_17_TYPE_IMMUNE_RESPONSE",0.088587806149036,0.925924315729981,0.430961134299746,1.30065387181163,509,64,"CD69;CLEC7A;IL12RB1;ASCL2;TNFSF18;IL17RC;LGALS1;IL17C;ZC3H12A;SLAMF6;PSMB8;IL6R;NFKBIZ;IL17RA;IL17RE;PSMB9;SMAD7"
"GOBP_OXYGEN_METABOLIC_PROCESS",0.104106419895894,0.927599898622962,0.778594378238423,1.36071084842214,539,5,"ABCC9;FMO2;FKRP"
"GOBP_SOMATIC_DIVERSIFICATION_OF_IMMUNE_RECEPTORS_VIA_SOMATIC_MUTATION",0.104819537497298,0.928736237266566,-0.57689174316242,-1.36147403385982,484,16,"AICDA;SAMHD1"
"GOBP_NEUROTRANSMITTER_GATED_ION_CHANNEL_CLUSTERING",0.106252732837779,0.931032233595122,-0.552681590764802,-1.35887901967534,485,19,"ZDHHC2;FRRS1L;SHISA7;SHANK3;RELN;NRXN1;NLGN1;GPHN;GLRB;LHFPL4"
"GOBP_PHOSPHOLIPID_DEPHOSPHORYLATION",0.106154198123999,0.931032233595122,-0.450154613445256,-1.29581170920407,463,40,"PLPPR4;PLPPR5;PIP4P2;SGPP2;OCRL;PLPPR2;MTMR8;MTMR1;MTMR7;PLPP2;SYNJ1;INPP5D;MTMR9;PTEN;PLPPR1;MTM1;INPP5A;INPP5F;PLPP1;CHRM5;FIG4;MTMR2;EPHX2"
"GOBP_POSITIVE_REGULATION_OF_CALCIUM_ION_DEPENDENT_EXOCYTOSIS",0.108274647887324,0.935249547502599,-0.560028551952345,-1.3528217236299,491,18,"RPH3A;ZP3;DOC2B;DOC2A;SYT1;KCNB1;PPP3CA;CDK5R2;SYT10;HYAL3;STXBP1;SYT4;CACNA1B;SYT7;SCAMP5"
"GOBP_PURINE_NUCLEOBASE_METABOLIC_PROCESS",0.108503100088574,0.935249547502599,-0.544093134447521,-1.35028838205015,489,20,"GDA;QNG1;XDH"
"GOBP_RESPIRATORY_CHAIN_COMPLEX_IV_ASSEMBLY",0.10841859630228,0.935249547502599,0.489288558616362,1.31184416708748,603,33,"UQCC5;PET100;PET117;BCS1L;SMIM20;SURF1;COX14;COA6;COA4;COX17;CMC1;TIMM21;COA5;TMEM223;COA1;COA8;COA3;UQCC6"
"GOBP_FOREBRAIN_GENERATION_OF_NEURONS",0.11003861003861,0.940508526574928,-0.371223178220814,-1.22746675361114,455,88,"DLX5;ASCL1;SEMA3E;DCT;DLX2;DRD1;GSX2;CHD5;TBR1;DLX1;ARX;CSF1R;OPHN1;BCL11B;TOX;CAPS2;SHANK3;NR2E1;LHX6;NRP1;SLC4A10;FGF2;SLIT1;FGFR2;ID4;SALL1;EOMES;SLIT2;RAPGEF2;NKX2-1;FOXG1;DCLK2;OTP"
"GOBP_MITOCHONDRIAL_ELECTRON_TRANSPORT_NADH_TO_UBIQUINONE",0.110299234516354,0.940508526574928,0.436558749850255,1.2764934056074,633,52,"NDUFA4L2;NDUFA2;NDUFA1;NDUFB3;NDUFS6;NDUFB4;NDUFA3;NDUFB1;NDUFC2-KCTD14;NDUFC1;NDUFB2;NDUFS4;NDUFA7;MT-ND3;NDUFB7;NDUFB5;NDUFV2;NDUFB9;NDUFA8;NDUFB6;NDUFS5;NDUFAB1;NDUFB8;NDUFS3;DNAJC15;NDUFA11;NDUFA4;NDUFC2;ISCU;NDUFA10;NDUFS8;NDUFB10;NDUFA6;PARK7;NDUFAF1;COQ9"
"GOBP_ADAPTIVE_IMMUNE_RESPONSE_BASED_ON_SOMATIC_RECOMBINATION_OF_IMMUNE_RECEPTORS_BUILT_FROM_IMMUNOGLOBULIN_SUPERFAMILY_DOMAINS",0.116598079561043,0.961333291313437,0.313875903407304,1.14741179221888,764,304,"KDM5D;CFI;C9;FCMR;IL33;EBI3;IL18;CD40LG;IL21;IL7R;CD69;CSF2RB;CLEC7A;IL12RB1;ASCL2;ANXA1;TNFSF18;SLC11A1;TGFB1;TLR4;GATA3;IL17RC;LGALS1;HLX;IL17C;TNF;TNFSF13;CD274;NCKAP1L;CD226;CXCL13;RIPK3;TNFSF4;IL2RB;ZC3H12A;SLAMF6;LTA;PRF1;PTPRC;PSMB8;IL6R;HFE;NFKBIZ;IL17RA;C8G;IL17RE;ICAM1;PSMB9;MICA;FCER1G;CTSH;SMAD7;UNC13D;B2M;HPX;C4BPA;AZGP1;CTSC;NFKB2;PLA2G4A;BTLA;SOCS3;P2RX7;HLA-E;IL21R;LAG3;JAG1;SLC15A4;TRPM4;C1RL;IL20RB;CEACAM1;TRAF2;CADM1;LGALS9;SCART1;JUNB"
"GOBP_AMPA_SELECTIVE_GLUTAMATE_RECEPTOR_SIGNALING_PATHWAY",0.119626168224299,0.961333291313437,-0.771178834038948,-1.37027075679606,575,5,"ADRB2;NRXN1;NLGN1;SHANK1"
"GOBP_ANTEROGRADE_DENDRITIC_TRANSPORT",0.123860021208908,0.961333291313437,-0.623985506523832,-1.34808781322115,583,11,"RAB17;KIF17;KIF5A;STAU2;KIFAP3;KIF3B"
"GOBP_AXONOGENESIS_INVOLVED_IN_INNERVATION",0.124600037643516,0.961333291313437,0.657837625295582,1.34606601859466,661,10,"EDN1;NTRK1;EDNRA;ITGA4;NPR2;COL25A1"
"GOBP_CELLULAR_RESPONSE_TO_LIPID",0.122616188727221,0.961333291313437,0.291006627761142,1.11514896892161,867,563,"KDM5D;CXCL6;CCL27;IL24;IRF8;BPI;GBP5;OR51L1;IGFBP7;IL18;WNT6;UGT1A6;OR56B2;TIFAB;CX3CR1;SNAI2;LILRB2;INHBA;SYK;WNT11;HAND2;COL1A1;IGF1;MSX2;FFAR2;WNT2;DYNAP;ANXA1;OR51C1;EDN1;NOS2;TGFB1;ANKRD1;TLR4;CSF3;ID3;SERPINE1;OR51E2;TBX1;P2RY6;TFPI;NEUROD1;GBP3;TCF21;CCL2;CXCL5;STAP1;WNT3A;TNF;LTF;IL1A;CD274;HEYL;GFI1;CD6;CXCL13;DAB2;TNFSF4;ETNPPL;ZC3H12A;ZFP36;SPP1;CAV3;SPON2;SOX10;PDK4;NFKBIZ;CYBA;TLR2;PCK2"
"GOBP_GAMMA_AMINOBUTYRIC_ACID_RECEPTOR_CLUSTERING",0.127102803738318,0.961333291313437,-0.765790040957103,-1.36069566831003,611,5,"SHISA7;NRXN1;GPHN;GLRB;LHFPL4"
"GOBP_HYPEROSMOTIC_RESPONSE",0.117156329343489,0.961333291313437,0.499422165212549,1.30413312963177,645,29,"TLR3;FXYD2;SST;EPO;TRPV4;RCSD1;EFHD1;SLC2A1;ICOSLG;ARHGEF2;AQP1;NINJ1;YBX3;AKR1B1"
"GOBP_INHIBITORY_SYNAPSE_ASSEMBLY",0.117201426024955,0.961333291313437,-0.486369118124023,-1.31105113860889,525,29,"GABRA1;FGF13;GABRG1;SEMA4A;GABRG2;GABRA2;GABRG3;GABRA5;GABRA3"
"GOBP_NEGATIVE_REGULATION_OF_INFLAMMATORY_RESPONSE_TO_WOUNDING",0.120660216277746,0.961333291313437,0.69805071940565,1.35522583354006,635,8,"IL33;SIGLEC10;MDK"
"GOBP_NEGATIVE_REGULATION_OF_SYNAPTIC_TRANSMISSION_GLUTAMATERGIC",0.123693751332907,0.961333291313437,-0.647879016996426,-1.35712640715356,579,10,"HCN1;HTR2A;NPY2R;PRKN;ADORA1;DRD3;GRIK2;ATAD1"
"GOBP_NEUROTRANSMITTER_UPTAKE",0.122984799631506,0.961333291313437,-0.425685788206404,-1.26437367154777,533,47,"DRD1;NOS1;SLC18A1;SLC6A11;SLC1A3;RAB3B;SLC6A1;KCNJ10;SNCA;GFAP;SLC17A8;SLC1A6;SLC6A13;SLC6A4;PRKN;SNAP25;SYNGR3;GDNF;DRD3;SLC18B1;CLN8;SLC18A3"
"GOBP_POSITIVE_REGULATION_OF_DENDRITIC_SPINE_DEVELOPMENT",0.118709972552607,0.961333291313437,-0.44247056912283,-1.28130064243368,518,41,"IL1RAPL1;ITPKA;GPRASP3;CAMK2B;SHANK3;NEURL1;RELN;FOXO6;NLGN1;STAU2;SHANK1;CPEB3;MAPRE3;LRP8;CUX2;MAPK6;CAPRIN1;EEF2K;CAMK1;EPHB2;ARMCX5-GPRASP2"
"GOBP_POSITIVE_REGULATION_OF_INHIBITORY_POSTSYNAPTIC_POTENTIAL",0.126878130217028,0.961333291313437,-0.702248806051538,-1.3515625825996,607,7,"RIMS1;ABAT;ELOVL4;RIMS2;UNC13B"
"GOBP_POSITIVE_REGULATION_OF_LIPID_TRANSPORT",0.125560538116592,0.961333291313437,0.396686455691918,1.22942271179071,727,77,"CYP19A1;GHRL;TNFSF11;ADIPOQ;EDN1;PPARG;CAV1;ABCA8;APOA1;PON1;DAB2;SPP1;TNFRSF11A;AVPR1B;CYP4F2;PLA2R1;PRAP1;PLA2G4A;ABCB4;LDLRAP1;P2RX7;LIPG;ABCA12;ABCA1;NR1H3;ERFE;NKX3-1;TRIAP1;APOE"
"GOBP_POSITIVE_REGULATION_OF_PRODUCTION_OF_MOLECULAR_MEDIATOR_OF_IMMUNE_RESPONSE",0.118252361673414,0.961333291313437,0.369388219356937,1.2077727927822,700,111,"IL33;IL18;IL21;KLK3;MZB1;CLEC7A;FFAR2;TGFB1;TLR4;GATA3;TNF;TNFSF13;CD226;TNFSF4;PTPRC;SPON2;FCER1G;B2M;HPX"
"GOBP_POSITIVE_REGULATION_OF_RELEASE_OF_SEQUESTERED_CALCIUM_ION_INTO_CYTOSOL",0.113848202396804,0.961333291313437,-0.496306118697241,-1.32030541271295,512,27,"NPSR1;CXCL10;BDKRB1;DRD1;CD19;SNCA;THY1;CX3CL1;AKAP6;CAPN3"
"GOBP_PRESYNAPTIC_MODULATION_OF_CHEMICAL_SYNAPTIC_TRANSMISSION",0.126760563380282,0.961333291313437,-0.449870088740863,-1.2753351668329,557,37,"HTR2A;CHRNA6;DRD1;CHRNA2;ADORA2A;CHRM2;NRN1;APBA1;GRIN3A;NRXN2;CHRNA4;GLRA3"
"GOBP_PROTEIN_LOCALIZATION_TO_SYNAPSE",0.123749084696119,0.961333291313437,-0.365375408833963,-1.21197476433051,506,91,"NRXN3;ASIC2;RAB27B;WNT7A;GRIN2C;NPTX1;DLG2;ZDHHC2;ZDHHC15;LRRTM1;GRIP2;TMEM108;NRXN2;KIF5A;GRIN2A;RELN;NSG1;NRXN1;MAP1A;CACNG2;MAPT;NLGN1;CLSTN3;MPP4;STAU2;GPHN;SHANK1;LRRC7;CPLX1;VPS35;OLFM1;LHFPL4;VWC2;CACNA2D2"
"GOBP_PURINE_DEOXYRIBONUCLEOSIDE_METABOLIC_PROCESS",0.117341640706127,0.961333291313437,-0.773034354045703,-1.37356774147936,564,5,"GDA;XDH"
"GOBP_PURINE_NUCLEOSIDE_BISPHOSPHATE_METABOLIC_PROCESS",0.125209302325581,0.961333291313437,0.580933073245932,1.33273561418914,672,16,"SULT2B1;SULT1B1;SULT1E1;SULT1A4;SULT1A1;PAPSS2;ABHD14B"
"GOBP_REGULATION_OF_CARDIAC_MUSCLE_CONTRACTION_BY_REGULATION_OF_THE_RELEASE_OF_SEQUESTERED_CALCIUM_ION",0.119537275064267,0.961333291313437,0.52082014861781,1.30754728529087,650,24,"HRC;CASQ2;CLIC2"
"GOBP_REGULATION_OF_LONG_TERM_NEURONAL_SYNAPTIC_PLASTICITY",0.127288771233179,0.961333291313437,-0.49070366796622,-1.29744049621308,576,26,"GRM5;KCNJ10;SNCA;CAMK2B;SHANK3;NEURL1;SYP;SYNGR1;GRIK2;NF1;EPHB2;KRAS;NETO1;DLG4;FMR1"
"GOBP_REGULATION_OF_T_HELPER_17_TYPE_IMMUNE_RESPONSE",0.121638693376647,0.961333291313437,0.493229684645532,1.29884507324454,673,30,"CD69;CLEC7A;IL12RB1;ASCL2;TNFSF18;LGALS1;ZC3H12A;NFKBIZ;SMAD7"
"GOBP_VITAMIN_D_METABOLIC_PROCESS",0.11559836976658,0.961333291313437,0.573663479692605,1.33707701631041,623,17,"SNAI2;CYP3A4;TNF;GFI1;FGF23;SNAI1;CYP27B1"
"GOBP_ANTIFUNGAL_INNATE_IMMUNE_RESPONSE",0.130596321753669,0.977008331609995,0.587166271022074,1.32876176835703,702,15,"CLEC4E;CX3CR1;CLEC7A;PLA2G5;CLEC4D;RARRES2;TRIM62"
"GOBP_REGULATION_OF_KETONE_METABOLIC_PROCESS",0.13003663003663,0.977008331609995,0.35764798343798,1.19025352314778,780,126,"APOA4;TWIST1;APOC3;UGT1A6;EDN2;ADIPOQ;EDN1;FMO2;PPARG;DKKL1;CAV1;AVPR1A;BMP5;ADM;DAB2;PDK4;PTGS2;ACADL;APOC1;KIF12;FMO1"
"GOBP_POSITIVE_REGULATION_OF_CYTOKINE_PRODUCTION",0.134216335540839,0.999376094684368,0.296950033846354,1.11821232055252,911,437,"CHI3L1;IRF8;STING1;TLR3;CD34;LTB;GBP5;SERPINB7;IL33;EBI3;CLEC4E;IL18;CD40LG;TWIST1;AGT;IL21;LILRB2;GPR65;CLEC7A;SYK;WNT11;IL12RB1;FFAR2;ANXA1;ADIPOQ;SLC11A1;NOS2;TGFB1;TLR4;SERPINE1;GATA3;IL17RC;SULF1;HGF;CCDC88B;TIGIT;AIF1;LUM;WNT3A;TNF;RGCC;NFATC4;MEFV;IL1A;EPX;CD274;CD6;CD226;TNFSF4;OSM;SLAMF6;LTA;TRPV4;HSPB1;PTPRC;TLR5;HMSD;PSMB8;NLRC4;SPON2;IL6R;IL17RA;CYBA;PTGS2;TLR2;TMIGD2;LRRK2;RNF135;PSMB9;IL32;FCER1G;MDK;PLA2R1;GPSM3;B2M"
"GOBP_10_FORMYLTETRAHYDROFOLATE_METABOLIC_PROCESS",0.911905216892796,1,0.323237412023644,0.588198562254588,4771,6,"ALDH1L1;MTHFD1L;ALDH1L2;AASDHPPT;MTHFD1;MTHFD2L"
"GOBP_2_OXOGLUTARATE_METABOLIC_PROCESS",0.634231103388358,1,-0.365600947481973,-0.874377444598591,2919,17,"OGDHL;GOT1;IDH1;OGDH;KYAT3;GOT2;DLD;L2HGDH;ADHFE1;COL6A1;GPT2;DLST"
"GOBP_2FE_2S_CLUSTER_ASSEMBLY",0.43900132400227,1,0.494310143155228,1.03078826329103,2320,11,"BOLA2;HSCB;NDUFAB1;FDX2;ISCU;GLRX3;FXN;NFS1"
"GOBP_4FE_4S_CLUSTER_ASSEMBLY",0.644688644688645,1,0.501886173136661,0.877121617555529,3343,5,"FDX2;ISCU;FXN;NFS1"
"GOBP_5_PHOSPHORIBOSE_1_DIPHOSPHATE_METABOLIC_PROCESS",0.691974417165257,1,-0.491636411858705,-0.828039433517063,3353,4,"PRPS1;PRPS2"
"GOBP_ACETYL_COA_METABOLIC_PROCESS",0.995743926228055,1,0.195566974790073,0.549235633468504,5614,42,"ACOT12;TDO2;PDK4"
"GOBP_ACETYLCHOLINE_METABOLIC_PROCESS",0.573495491717341,1,-0.499357990622335,-0.925927037934491,2734,6,"SLC5A7;ACHE;CHAT"
"GOBP_ACROSOMAL_VESICLE_EXOCYTOSIS",0.163601775523145,1,-0.661600373684021,-1.31353186092855,773,8,"ZP4;ZP3;RIMS1;HYAL3;RAB3A;UNC13B;STXBP1;SYT6"
"GOBP_ACROSOME_ASSEMBLY",0.72979797979798,1,0.313995069494159,0.835499010079599,4045,32,"CCDC38;ZPBP2;SPINK2;PFN4;MYCBPAP"
"GOBP_ACROSOME_REACTION",0.960731211916046,1,-0.236484765201994,-0.656245068548112,4256,33,"ACR;ZP4;PLB1;ZP3;RIMS1;GLRA1;AKAP3"
"GOBP_ACTIN_CROSSLINK_FORMATION",0.902512185976753,1,0.300711422896307,0.667334908355304,4813,14,"AIF1;GAS2L1;BAIAP2L2;FLNA;BAIAP2L1;DIAPH3;GAS2;EPS8"
"GOBP_ACTIVATION_OF_IMMUNE_RESPONSE",0.97930345418213,1,0.219716558964783,0.838263454757233,6860,523,"CFI;BANK1;STING1;TLR3;C9;GBP5;FCMR;FPR3;NLRP6;CLEC4E;BTNL8;CFHR5;FYB1;TIFAB;THEMIS;CLEC7A;SYK;FFAR2;BTN1A1;CD72;NOS2;CD38;TLR4;GATA3;LRRC19;TESPA1;STAP1;TRAC;TNF;RGCC;MEFV;LTF;GCSAML;KCNN4;CD274;CLEC2B;GFI1;NCKAP1L;CFH;CD226;ZC3H12A;LCP2;KCNK13;PTPRC;TLR5;HMSD;BLNK;NLRC4;ENPP3;CD247;NFKBIZ;CYBA;BTN2A2;TLR2;TEC;PRAM1;C8G;RNF135;BIRC3;FCER1G;SIVA1;C4BPA;BAX;IFI35;AURKB;HHLA2;ITPRIPL1;LAT2;RAB7B;VAV3;TLR1;LAPTM5;NAGLU;TRAF3IP3;P2RX7;ESR1;LAG3;NOD1;COLEC11;MICB;CD79B;IRF3;NAGK;SLC15A4;PHPT1;C1RL;KCNK6;CEACAM1;TRAF2;F2RL1;NLRP1;LGALS9;ZAP70;NR1H3;ELF1;BANF1;ALPK1;TNFAIP3;TRIM5;FOSL2;SPSB3"
"GOBP_ACTIVATION_OF_INNATE_IMMUNE_RESPONSE",1,1,0.187437602007551,0.683599946297778,6534,295,"STING1;TLR3;GBP5;NLRP6;CLEC4E;TIFAB;CLEC7A;SYK;FFAR2;TLR4;LRRC19;TNF;MEFV;LTF;CD274;GFI1;KCNK13;TLR5;NLRC4;ENPP3;NFKBIZ;CYBA;TLR2;RNF135;BIRC3;IFI35;AURKB;RAB7B;TLR1;NAGLU;TRAF3IP3;P2RX7;ESR1;NOD1;COLEC11;IRF3;NAGK;SLC15A4;KCNK6;TRAF2;F2RL1;NLRP1;LGALS9;NR1H3;BANF1;ALPK1;TNFAIP3;TRIM5;SPSB3"
"GOBP_ACTIVATION_OF_STORE_OPERATED_CALCIUM_CHANNEL_ACTIVITY",0.844804318488529,1,0.391319968383991,0.683890535388955,4381,5,"CRACR2A;STIMATE;ASPH;STIM2;STIM1"
"GOBP_ACUTE_INFLAMMATORY_RESPONSE_TO_ANTIGENIC_STIMULUS",0.803426676492262,1,0.314655823063724,0.774427321732004,4360,22,"NLRP6;GATA3;IL31RA;CD6;NPY;FCER1G;HLA-E;IL20RB;SPN;EXT1"
"GOBP_ACYL_COA_METABOLIC_PROCESS",0.892287010586456,1,0.248570793843458,0.804400861343203,5309,103,"ACOT12;ACSM4;ACSM5;ACSM3;TDO2;ELOVL3;ACSM1;PDK4;ACSF2;ACOT11"
"GOBP_ADENOSINE_METABOLIC_PROCESS",0.790360417999573,1,-0.360866922776385,-0.755915869352467,3705,10,"XDH;NT5C1A"
"GOBP_ADENYLATE_CYCLASE_INHIBITING_G_PROTEIN_COUPLED_GLUTAMATE_RECEPTOR_SIGNALING_PATHWAY",0.747925973197192,1,-0.384630316888255,-0.785896083480113,3515,9,"GRM7;GRM3;GRM5;GRM6;GRM1"
"GOBP_AIM2_INFLAMMASOME_COMPLEX_ASSEMBLY",0.719281482897,1,0.444620362239952,0.809080409910979,3763,6,"GBP5;TRIM11"
"GOBP_ALANINE_METABOLIC_PROCESS",0.888384567773881,1,-0.368205496676846,-0.62015071205464,4305,4,"DAO;GPT2;AGXT;GPT"
"GOBP_ALCOHOL_METABOLIC_PROCESS",0.873828951344817,1,0.237246131520395,0.87318890881672,5782,328,"CYP2C9;APOA4;BCO1;AGT;SULT2B1;SULT1B1;IP6K3;IGF1;AKR1B10;CYP3A4;ADH6;SDR9C7;CYP21A2;P2RY6;AKR1D1;ALDH1A1;BMP5;MIOX;PLEK;APOA1;PON1;ADH1B;AWAT2;DAB2;SULT1E1;LHCGR;AVPR1B;ALDH1A3;LIMA1;SULT1A4;PCK2;ACADL;ADH4;SULT1A1;SPTLC3;FABP1;DHFRP1;PNPLA2;APOC1;NOS3;CFTR;APOBR;GPER1;PLA2G4A;LDLRAP1;GNB3;LCAT"
"GOBP_ALDEHYDE_METABOLIC_PROCESS",0.933229813664596,1,0.242880108523909,0.744028698362273,5408,71,"BCO1;ALDH1A1;BMP5;DAB2;ABCA4;ALDH1A3;ADH4;FABP1;HOGA1"
"GOBP_ALDITOL_PHOSPHATE_METABOLIC_PROCESS",0.54924484152308,1,-0.458133340474068,-0.936081172443913,2581,9,"GPD1L;GPD1;GK;GPAT2"
"GOBP_ALKANESULFONATE_METABOLIC_PROCESS",0.964912280701754,1,0.266288275529502,0.531607105916501,5114,9,"FMO1;CDO1;CSAD;PHGDH"
"GOBP_ALLANTOIN_METABOLIC_PROCESS",0.237366324176976,1,-0.666549106364073,-1.23593864779134,1131,6,"XDH;ALLC;NT5C1A;PNP"
"GOBP_ALPHA_AMINO_ACID_METABOLIC_PROCESS",0.762620837808808,1,-0.245816997523805,-0.902298675802023,2839,197,"PAH;HGD;IDO1;ACMSD;TH;ASPG;TYR;GAD2;BHMT;DCT;NDP;GLS2;MTTP;NOS1;MAT1A;PRODH;GLYAT;HNF4A;RIMKLA;FOLH1;AGMAT;KYNU;ALDH5A1;QDPR;MRI1;DDAH1"
"GOBP_ALPHA_LINOLENIC_ACID_METABOLIC_PROCESS",0.667419536984754,1,0.418129534278092,0.855575807494526,3545,10,"ELOVL3;ACAA1;SCP2;ABCD1"
"GOBP_AMIDE_METABOLIC_PROCESS",0.781642794504531,1,0.241843025558744,0.913027494293102,5347,450,"GGT5;REN;GGTLC3;CYP2C9;LCT;GSTM1;SLC16A12;PLA2G4E;ACOT12;P2RX1;ACSM4;EEF1AKMT4-ECE2;GSTM5;ACSM5;IGF1;CERS3;NNMT;FOLR1;VNN2;ACSM3;SGMS2;MME;TDO2;NAT8;ELOVL3;ASMT;SLC25A2;ACSM1;TNF;ABCA8;APOA1;CCN1;ENPEP;AANAT;PDK4;ACSF2;CTSZ;SPTLC3;ACOT11;FABP1;AMDHD1;ORMDL3;CTSH;CASP3;DHFRP1"
"GOBP_AMINE_METABOLIC_PROCESS",0.56718979892104,1,-0.284854739351768,-0.947537975745577,2312,93,"PAH;ITGAM;RTL4;GNAT2;TH;VCAM1;DRD1;MAOB;GCH1;SATL1;MAOA;OAZ3;COMT;TACR3;ABAT;PNMT;AGMAT;SNCA;SNCB"
"GOBP_AMINO_ACID_BETAINE_METABOLIC_PROCESS",0.977830707218761,1,0.230493962702153,0.545275641082004,5336,18,"BBOX1;ACADL;SHMT1"
"GOBP_AMINO_ACID_METABOLIC_PROCESS",0.985486624928856,1,-0.213605002933401,-0.811407518133807,3462,276,"PAH;HGD;IDO1;ACMSD;TH;DIO1;ASPG;TYR;GAD2;BHMT;DCT;NDP;GLS2;MTTP;NOS1;MAT1A;PRODH;GLYAT;HNF4A;HPDL;SLC1A3;RIMKLA;FOLH1;ABAT;AGMAT;KYNU;UPB1;ALDH5A1;QDPR;MRI1;DDAH1;SLC16A2;TPH1;ABCC4"
"GOBP_AMINO_ACID_NEUROTRANSMITTER_REUPTAKE",0.307528257624227,1,-0.546625304451839,-1.14502803151292,1441,10,"SLC6A11;SLC6A1;KCNJ10;SLC17A8;SLC6A13"
"GOBP_AMINO_SUGAR_METABOLIC_PROCESS",0.76458476321208,1,-0.288065847995556,-0.82922419920914,3341,40,"CHIA;CHST4;B4GALNT2;CHST5"
"GOBP_AMINOGLYCAN_METABOLIC_PROCESS",0.739235690817915,1,0.281148615575554,0.859500689106611,4274,70,"LYVE1;CHI3L1;TGFB1;FOXC1;TNFAIP6;B3GNT8;CEMIP;ITIH3;PDGFB;GALNT5;ITIH5;NAGLU;B3GNT9"
"GOBP_AMP_METABOLIC_PROCESS",0.586357673808483,1,-0.358849650856474,-0.914230802325607,2681,22,"AMPD3;XDH;NT5C1A"
"GOBP_AMPA_GLUTAMATE_RECEPTOR_CLUSTERING",0.324105621805792,1,-0.50918058469536,-1.11972212533964,1521,12,"ZDHHC2;FRRS1L;SHISA7;SHANK3;NLGN1"
"GOBP_AMYLOID_BETA_METABOLIC_PROCESS",0.993163891323401,1,0.207279306501545,0.610574398897399,5665,55,"IGF1;MME;TNF;APOA1;CASP3;PSENEN;EFNA1;APOE;BACE2;NCSTN;LRP4;APH1A;IFNGR1"
"GOBP_AMYLOID_PRECURSOR_PROTEIN_METABOLIC_PROCESS",0.992441161312489,1,0.208527581933406,0.643304964474924,5776,74,"IGF1;TNF;APOA1;ITM2A;CASP3;LDLRAP1;NAGLU;PSENEN;EFNA1;APOE;LYN;BACE2;NCSTN;ITM2C;AGER;APH1A;NECAB3;IFNGR1"
"GOBP_ANTERIOR_POSTERIOR_AXON_GUIDANCE",0.483722871452421,1,-0.52064618076711,-1.00204641237449,2317,7,"DCC;UNC5A;LHX1;UNC5C;NTN1"
"GOBP_ANTEROGRADE_AXONAL_TRANSPORT",0.157007619487416,1,-0.412387782943503,-1.21823660534806,679,46,"RAB27B;KIF21A;HAP1;DLG2;NEFL;AGBL4;BORCS5;MAP2;KIF5A;MAP1A;KIF3A;KIF1A;FEZ1;TRIM46;KIF3B;AGTPBP1;RAB21;KIF4A;BLOC1S3"
"GOBP_ANTEROGRADE_DENDRITIC_TRANSPORT_OF_NEUROTRANSMITTER_RECEPTOR_COMPLEX",0.238939899833055,1,-0.637411481365067,-1.22677532593652,1144,7,"KIF17;KIF5A;KIFAP3;KIF3B;KIF5C"
"GOBP_ANTEROGRADE_NEURONAL_DENSE_CORE_VESICLE_TRANSPORT",0.275804776739356,1,-0.676808542941891,-1.20258870369384,1327,5,"MAP2;KIF1A;TRIM46"
"GOBP_ANTIBACTERIAL_INNATE_IMMUNE_RESPONSE",0.200302629090221,1,0.598082486399189,1.24718542800891,1058,11,"CXCL6;IL33;TLR2"
"GOBP_ANTIGEN_PROCESSING_AND_PRESENTATION_ENDOGENOUS_LIPID_ANTIGEN_VIA_MHC_CLASS_IB",0.813261433992411,1,-0.598893598678066,-0.798204593148264,4071,1,"CD1D"
"GOBP_ANTIGEN_PROCESSING_AND_PRESENTATION_OF_LIPID_ANTIGEN_VIA_MHC_CLASS_IB",0.886905916585839,1,0.369355128435423,0.614540520008071,4571,4,"AP3B1;ABCC1;CD1D;AP3D1"
"GOBP_ANTIVIRAL_INNATE_IMMUNE_RESPONSE",0.160247265810747,1,-0.371703110786231,-1.18679818849881,673,71,"OASL;OAS2;IFIT2;MX1;CXCL10;IFIH1;IFIT3;OAS1;DHX58;IFIT5;TRIM7;IFIT1;NMBR"
"GOBP_APOPTOTIC_MITOCHONDRIAL_CHANGES",1,1,-0.152731912954025,-0.518701348455128,4059,106,"IFIT2;BCL2A1;PYCARD;CAMK2A;MPV17L;NOL3;NPTX1;PIM2;FZD9;AIFM2;PRKN;SFN;BCL2L10;PPM1K;BIK;MOAP1;VPS35;SOD2;CLU;BCL2;GSK3B;ATP7A;MMP9;IFI6;SLC35F6;BID"
"GOBP_ARACHIDONATE_METABOLITE_PRODUCTION_INVOLVED_IN_INFLAMMATORY_RESPONSE",0.363336566440349,1,0.684760700452167,1.13931867879977,1872,4,"ALOX5AP;SERPINE1"
"GOBP_ARGININE_METABOLIC_PROCESS",0.971199416697047,1,0.24084644414028,0.582598266383593,5327,20,"NOS2;ART4;NOS3;OTC;SLC39A8"
"GOBP_ASPARTATE_METABOLIC_PROCESS",0.646283202751768,1,0.483571493236777,0.879960197950015,3381,6,"SLC38A8;ASS1"
"GOBP_ASYMMETRIC_NEUROBLAST_DIVISION",0.956804361501363,1,-0.276758108873534,-0.513174557704095,4562,6,"FGF13"
"GOBP_ATF6_MEDIATED_UNFOLDED_PROTEIN_RESPONSE",0.857895727460945,1,0.340842190982024,0.697430601933273,4557,10,"MANF;DDIT3;CREBZF;XBP1;ATF6B;HSPA5;MBTPS1;WFS1"
"GOBP_ATP_BIOSYNTHETIC_PROCESS",0.201247261082083,1,0.356298273825328,1.14559903896089,1193,99,"TGFB1;ATP5ME;NDUFA2;NDUFA13;NDUFA1;NDUFB3;ATP5MF;NDUFS6;NDUFB4;NDUFA3;NDUFB1;ATP5MC2;NDUFC1;NDUFB2;ATP5MC3;NDUFS4;NDUFA7;UQCC3;ATP5PF;ATP5MJ;MT-ND3;SDHC;NDUFB7;SDHD;NDUFB5;NDUFV2;NDUFB9;NDUFA8;NDUFB6;ATP5MG;NDUFS5;TAFAZZIN;TMSB4X;ATP5MK;NDUFAB1;ATP5PD;ANTKMT;NDUFB8;NDUFS3;NDUFA11;NDUFA12;NDUFC2;ATP5F1D;ATPSCKMT;ATP5IF1;NDUFA10;NDUFS8;ATP5F1E;NDUFB10;NDUFA6;STOML2"
"GOBP_ATP_EXPORT",0.718145075515848,1,-0.396634314458998,-0.810423257399408,3375,9,"CALHM1;CR1;CALHM6"
"GOBP_ATP_METABOLIC_PROCESS",0.934991342672753,1,0.23175671352801,0.825090138029044,5939,225,"MYH4;ABCC9;IGF1;IER3;TGFB1;ENO3;ACTN3;MYH8;SLC4A1;NUPR1;MYH6;ENPP3;ABCC6;FABP1;ATP5ME;NT5E;P2RX7;NDUFA2;NDUFA13;NDUFA1;NDUFB3;ATP5MF;NDUFS6;NDUFB4;NDUFA3;NDUFB1;ATP5MC2;NDUFC1;NDUFB2;EIF6;ATP5MC3;NDUFS4;NDUFA7;UQCC3;ATP5PF;ATP5MJ;MT-ND3;DDIT4;SDHC;NDUFB7;PFKFB3;SDHD;NDUFB5;NDUFV2;NDUFB9;NDUFA8;NDUFB6;NUDT5;ATP5MG;NDUFS5;TAFAZZIN;SIRT6;TMSB4X;ATP5MK;NDUFAB1;ATP5PD;ANTKMT;NDUFB8;CBFA2T3;NDUFS3"
"GOBP_ATP_TRANSPORT",0.380732938336625,1,-0.40617773288747,-1.04532893085212,1734,23,"ADCY10;SLC25A31;CALHM1;CR1;CALHM6;SLC25A23"
"GOBP_AUTOPHAGY_OF_MITOCHONDRION",1,1,-0.145283600003864,-0.499965434456928,4044,116,"ADCY10;ATG9B;RETREG1;PRKN;FBXW7;ATP13A2;FZD5;CERS1;NOD2;UBXN6;HUWE1;ARHGAP26;ATG4C;MAP1LC3A;SREBF2;NIPSNAP3B;ATG10;RIMOC1;PINK1;OPTN;ATG4A;USP36;USP30;HK2;ULK2;SLC25A4;GABARAPL1;SNX30;LRBA;VPS13D;SLC25A5;SLC25A46;DNM1L;CISD2;RNF41;ATG2A;TSPO;CUL1;FUNDC1;CSNK2A2;ATG9A;CLEC16A;BNIP3;CAMKK2;ATG3;ATG2B;RB1CC1;BNIP3L;PPTC7;VPS13C;HDAC6;SQSTM1;ATG14;NIPSNAP2"
"GOBP_AUTOPHAGY_OF_PEROXISOME",0.887255813953488,1,0.298997232505481,0.685938326901474,4768,16,"WIPI1;PIK3C3;PJVK;PEX2;WDR45;WIPI2;ATM;WDR45B;PEX5;SQSTM1;RB1CC1;ATG2B;ATG2A;ACBD5;PIK3R4;USP30"
"GOBP_AXO_DENDRITIC_PROTEIN_TRANSPORT",0.479047011274197,1,-0.487232892588545,-0.995538846562817,2251,9,"RAB27B;DLG2;KIF5A;MAP1A"
"GOBP_AXON_CHOICE_POINT_RECOGNITION",0.434682804674457,1,-0.544732681805116,-1.04840379065436,2082,7,"FOXG1;EFNB3;GAP43;ROBO2;ROBO1;ROBO3;APP"
"GOBP_AXON_DEVELOPMENT",1,1,-0.181151636742479,-0.725954182087086,2971,529,"DLX5;KLF4;GFRA3;CDH1;GRM7;ADCY10;SEMA3E;TNR;NRXN3;NDP;CRTAC1;RET;MT3;UNC5D;TBR1;FGF13;CNTN1;ARX;PLXNB3;BDNF;KIF21A;NCAM2;WNT7A;SEMA4A;CDHR2;CSF1R;BCL11A;PTPRH;PRKCA;PRKCQ;APOD;PHOX2B;DRGX;FOXB1;KIAA0319;COBL;EPHB1;NPTX1;TRPV2;PLP1;PTCH1;NTRK2;NEFL;PLPPR4;PCDHAC2;DCHS2;DCC;BHLHA15;SHH;OPHN1;PAK3;SLITRK2;ATP8A2;UNC5A;DCLK1;NEFH;PTPRO;LRRC4C;NFIB;MAP7D2;EPHA3;ABLIM1;BCL11B;THY1;BORCS5;DSCAM;MAP2;PAK1;EPHA10;NR2E1;ROBO4;KIF5A;NRP1;SLC9A6;PTPRZ1;ISLR2;EMB;NLGN3;CHODL;ATL1;SEMA3D;RELN;CTNNA2;PRDM8;NRCAM;SHTN1;MAP1B;MCF2;SLIT1;TRPC5;MAP3K13;FGFR2;NTN3;LHX1;NRXN1;MAP1A;CNTNAP1;PAX2;ANOS1;PLXNC1;MAPT;CSPG5;LHX2;FLRT3;CDH4;CCK;SOS1;SLIT2;HMCN2;CDK5R2;FEZ1;TSPAN2;PARD6B;EFNB1;TTL;XK;RAPH1;NCAM1;NKX2-1;TRIM46;FOXG1;OLFM1;SEMA4F;FAT4;BMPR1B;CHRNB2;GDNF;PITPNA;ANK3;RAB21;PRKG1;BOC;ISL1;CYFIP2;UNC5C;BCL2;GSK3B;EFNB3;RUFY3;NECTIN1;KLF7;DPYSL5;USP9X;APBB1;GAP43;NEUROG2;SEMA4G;GOLGA4;CDK5R1;KIF13B;PTEN;NTNG1;UCHL1;ALCAM;EFNB2;MATN2;SMAD4;SPG11;EPHA4;RAB3A;SPAST;RTN4R;PRICKLE1;ACTL8;NTN1;LRIG2;INPP5F;JAK2;NMNAT2;DSCAML1;SLITRK1;ADAM17;VASH2;L1CAM;LHX4;APBB2;BRAF;NTN4;MAP6"
"GOBP_AXON_ENSHEATHMENT_IN_CENTRAL_NERVOUS_SYSTEM",0.973880597014925,1,-0.233268274075777,-0.606762064644832,4436,24,"FA2H;CNTN1;PLP1;KCNJ10;ID4;CNTNAP1;CLU;ERCC2;PTEN;ABCA2;GPM6B;MIOS;B4GALT5;B4GALT6"
"GOBP_AXON_EXTENSION",0.948148148148148,1,0.23425453010326,0.766898075926523,5631,112,"EDN2;MAG;SEMA3G;NGF;FN1;EDN1;EDNRA;TNFRSF12A;WNT3A;EDN3;SEMA5B;POU4F3;POU4F2;SEMA3F;CXCL12"
"GOBP_AXON_MIDLINE_CHOICE_POINT_RECOGNITION",0.539356178608515,1,-0.544693540274484,-0.96783987929854,2596,5,"FOXG1;ROBO2;ROBO1;ROBO3;APP"
"GOBP_AXONAL_FASCICULATION",0.584375685758174,1,-0.354621044552335,-0.912643917539059,2662,23,"CRTAC1;NCAM2;EPHA3;NRP1;NRCAM"
"GOBP_AXONEMAL_CENTRAL_APPARATUS_ASSEMBLY",0.942480412765144,1,0.297129888256259,0.540690423119752,4931,6,"DNAJB13;CFAP91"
"GOBP_AXONEMAL_DYNEIN_COMPLEX_ASSEMBLY",0.426820603907638,1,0.362685599908291,1.01400766185484,2402,41,"CCDC63;DNAH8;DNAAF6;CFAP100;DAW1;CLXN;DNAI2"
"GOBP_AXONEME_ASSEMBLY",0.665266341791296,1,0.279791424404329,0.90543405887428,3958,103,"CCDC63;RSPH6A;DNAH8;RP1;DNAAF6;SPAG6;CFAP100;CFAP74;CFAP58;DAW1;DNAJB13;CFAP97D1;CLXN;DNAI2"
"GOBP_B_CELL_ACTIVATION_INVOLVED_IN_IMMUNE_RESPONSE",0.193185689948893,1,0.368171384834921,1.15876074045138,1133,86,"IRF8;CD40LG;IL21;IFNA21;IFNW1;TGFB1;TLR4;LGALS1;TNFSF13;ITM2A;TNFSF4;PTPRC;GPR183;NFKBIZ;LFNG"
"GOBP_B_CELL_PROLIFERATION_INVOLVED_IN_IMMUNE_RESPONSE",0.406645898234683,1,-0.614350043567841,-1.09160918580772,1957,5,"GAPT;CD19"
"GOBP_BENZENE_CONTAINING_COMPOUND_METABOLIC_PROCESS",0.489194139194139,1,0.40180061210494,0.979750395070346,2670,21,"GSTM1;HAAO;TDO2;ACSM1"
"GOBP_BILE_ACID_METABOLIC_PROCESS",0.143154006003232,1,-0.419851999287208,-1.23481660313287,619,45,"CES1;FGF19;NR5A2;AKR1C4;SULT2A1;STAR;ATP8B1;ABCB11;AMACR;STARD4;AKR1C1;ABCC2;FGFR4"
"GOBP_BRAIN_DERIVED_NEUROTROPHIC_FACTOR_RECEPTOR_SIGNALING_PATHWAY",0.748890298034242,1,-0.394943443363533,-0.7841150288869,3542,8,"BDNF;NTRK2;CAPS2;RAPGEF2"
"GOBP_BRANCHED_CHAIN_AMINO_ACID_METABOLIC_PROCESS",0.466932978251221,1,-0.369824103839182,-0.983829833354221,2103,27,"HMGCLL1;ALDH6A1;SLC25A44;BCAT1;PPM1K;DBT;MCCC1;DAO;ACADSB;ACAT1;DLD"
"GOBP_BRANCHING_INVOLVED_IN_PROSTATE_GLAND_MORPHOGENESIS",0.592731360059948,1,0.41523984676174,0.906915653852994,3163,13,"IGF1;HOXB13;BMP4;ESR1;BMP7;NKX3-1"
"GOBP_BRANCHIOMOTOR_NEURON_AXON_GUIDANCE",0.846641074856046,1,0.368904958368974,0.693392838153934,4410,7,"SEMA3F;PLXNA4;SEMA3A;NRP2"
"GOBP_C21_STEROID_HORMONE_METABOLIC_PROCESS",0.9685873272303,1,0.240647554885491,0.645206362668949,5395,33,"AKR1D1;BMP5;ADM;DAB2;LHB;AFP"
"GOBP_CALCIUM_ACTIVATED_PHOSPHATIDYLCHOLINE_SCRAMBLING",0.803946002076843,1,-0.402807371471475,-0.715729137505574,3870,5,"PLSCR4;ANO3"
"GOBP_CALCIUM_ACTIVATED_PHOSPHOLIPID_SCRAMBLING",0.750834724540901,1,-0.405611595881196,-0.780648470082698,3597,7,"PLSCR4;ANO3;SYT1"
"GOBP_CALCIUM_DEPENDENT_CELL_CELL_ADHESION",0.782267374740245,1,-0.279089430485365,-0.82445934250577,3387,46,"CDH1;PCDHB6;PCDHB5;CDH22;PCDH12;CDH17;CDH10;PCDHB13;CDHR3;PCDHB11;CDH7;NRXN1;NLGN1;CDH4;CDH20;KIFAP3;FXYD5;CDH18;CDH23;PCDHB10;PCDHB14;DSG1"
"GOBP_CALCIUM_IMPORT_INTO_THE_MITOCHONDRION",0.992435703479576,1,-0.197965711821155,-0.467202346772357,4591,16,"SLC25A23;MICU3;HSPA9;PSEN2;AFG3L2;MCUR1;MCU;MICU1;VDAC1;MCUB;MAIP1;SMDT1;MICU2;UCP2;SPG7;ITPR1"
"GOBP_CALCIUM_INDEPENDENT_CELL_CELL_ADHESION",0.598796937659497,1,0.376241589424601,0.910113904826884,3284,20,"CLDN20;CLDN5;CLDN23;CLDN4;CLDN15;BMP2;CLDN3;CLDN10;CLDN18;CLDN6"
"GOBP_CALCIUM_ION_EXPORT_ACROSS_PLASMA_MEMBRANE",0.479131175468484,1,-0.449329523527999,-0.9881056430375,2249,12,"RGS9;SLC8A3;ATP2B1;SLC8A1;SLC8A2;CALM3;CALM1"
"GOBP_CALCIUM_ION_HOMEOSTASIS",0.620267909143856,1,-0.249864057034233,-0.954537594130013,2129,299,"TRPA1;NPSR1;CCL5;CXCL10;LCK;PTH;FASLG;BDKRB1;TRPM2;TRPV5;CTRC;CALCA;HTR2A;S100A14;GRIN1;DRD1;GP5;CD19;ADCY8;HCRTR2;ATP2B2;FAM20A;HCRTR1;CASR;PLCB2;CACNB2;HTR2C;ATP2A3;NOL3;CNGB1;CALB1;RYR3;SGCD;SNX10;DMTN;PDE4D;GRM5;SLC24A2;SNCA;GPR12;TUNAR;CCR7;DRD5;ITPR3;HTR2B;SLC25A23;THY1;P2RY1;UBASH3B;FZD9;CX3CL1;SLC8A3;TRPC7;JPH4;VDR;ADORA1;FGF2;JPH3;AKAP6;CAPN3;TRPC5;GP1BB;ATP13A2;PLCH1;PRKD1;CALB2;ERC2;PLCE1;ATP2B1;RYR2"
"GOBP_CALCIUM_ION_IMPORT",0.459661835748792,1,-0.303725215070466,-0.990754266928529,1902,81,"FCRL3;GCG;EPPIN;TRPM2;TRPV5;CASR;CACNB2;MS4A1;P2RX5;TRPV2;ANKRD22;SLC24A2;CACNA1I;CACNA1D;WNK3;SLC8A3;CACNA1G;CASK;GCK;CACNA1A;TRPM1;GRM6;PPP3CA;CRH;SLC8A1;ATP2B4;CACNA1F;AKAP5;PRNP"
"GOBP_CALCIUM_ION_IMPORT_ACROSS_PLASMA_MEMBRANE",0.41254275940707,1,-0.357780434426517,-1.01811069590158,1808,38,"TRPM2;TRPV5;MS4A1;P2RX5;TRPV2;SLC24A2;CACNA1I;CACNA1D;SLC8A3;CACNA1G;CACNA1A;TRPM1;GRM6;PPP3CA;ATP2B4;CACNA1F;AKAP5;PRNP"
"GOBP_CALCIUM_ION_REGULATED_EXOCYTOSIS_OF_NEUROTRANSMITTER",0.311322797142239,1,-0.481579524286874,-1.1157454164595,1437,15,"DOC2B;SYT1;SNAP25;PPP3CA;RIMS2;STX1B;RAB3A;STXBP1;CACNA1B;SYT7;ATP2A2"
"GOBP_CALCIUM_ION_TRANSMEMBRANE_TRANSPORT",0.316187154896832,1,-0.271189925480676,-1.03725294091574,1087,302,"TRPA1;NPSR1;PKD1L3;CXCL10;LCK;FASLG;BDKRB1;TRPM2;TRPV5;CNGA1;CALCA;HTR2A;CACNA2D3;CALHM1;GRIN1;DRD1;GP5;CD19;ATP2B2;NOS1;GRIN2B;PLCB2;CACNB2;HTR2C;ATP2A3;GRIN2C;NOL3;MS4A1;ADCYAP1R1;P2RX5;FAIM2;NALCN;TRPV2;CNGB1;EDNRB;RYR3;TRPM6;BHLHA15;PDE4D;RGS9;SLC24A2;SNCA;CACNA1I;CCR7;ITPR3;HTR2B;CACNA1D;SLC25A23;THY1;CATSPER2;GRIN3A;UBASH3B;CACNG8;CX3CL1;SLC8A3;TRPC7;GRIN2A;GPM6A;JPH4;CACNA1G;TMEM37;CACNA1A;TRPM1;FGF2;GRM6;JPH3;AKAP6;CAPN3;TRPC5;GP1BB;CACNG2;NOS1AP;PDE4B;CRHR1;PLCH1;PRKD1;PLCE1;PPP3CA;ATP2B1;RYR2;PLCL1;SLC8A1;ATP2B4;TLR9;CACNA1F;MICU3;UBR3;CACNB1;TRPC3;AKAP5;PRNP;PLCG2"
"GOBP_CALCIUM_ION_TRANSMEMBRANE_TRANSPORT_VIA_HIGH_VOLTAGE_GATED_CALCIUM_CHANNEL",0.233054577464789,1,-0.49005451408012,-1.18379034443746,1058,18,"NOS1;CACNB2;PDE4D;NOS1AP;PDE4B;UBR3;CACNB1;CACNA1C;SESTD1;BIN1"
"GOBP_CALCIUM_ION_TRANSPORT",0.151635585447875,1,-0.281050952095617,-1.09930318084261,495,389,"FCRL3;TRPA1;NPSR1;GCG;EPPIN;CCL5;PKD1L3;CXCL10;LCK;FASLG;BDKRB1;TRPM2;TRPV5;RCVRN;BSPRY;CNGA1;CALCA;GRAMD2A;HTR2A;CACNA2D3;RGS4;CALHM1;GRIN1;DRD1;GP5;CD19;OPRD1;ATP2B2;NOS1;ADORA2A;CASR;GRIN2B;PLCB2;CACNB2;HTR2C;ATP2A3;CAMK2A;EFHB;GRIN2C;NOL3;MS4A1;ADCYAP1R1;P2RX5;FAIM2;NALCN;TRPV2;CNGB1;EDNRB;ANKRD22;RYR3;FFAR1;TRPM6;BHLHA15;PDE4D;RGS9;SLC24A2;SNCA;CACNA1I;CCR7;ITPR3;HTR2B;CACNA1D;SLC25A23;THY1;CATSPER2;CAMK2B;GRIN3A;UBASH3B;CACNG8;MYB;CHRNA4;WNK3;CX3CL1;SLC8A3;TRPC7;GRIN2A;GPM6A;JPH4;RAMP2;CACNA1G;TMEM37;VDR;CASK;GCK;CACNA1A;TRPM1;FGF2;GRM6;JPH3;RAMP1;AKAP6;CAPN3;TRPC5;GP1BB;CACNG2;NOS1AP;PDE4B;CRHR1;PLCH1;PRKD1;PLCE1;PPP3CA;ATP2B1;RYR2;CRH;PLCL1;SLC8A1;ATP2B4;TLR9;CACNA1F;MICU3;UBR3;CD84;CACNB1;TRPC3;AKAP5;PRNP;PLCG2"
"GOBP_CALCIUM_ION_TRANSPORT_INTO_CYTOSOL",0.452589105581708,1,-0.365622523415149,-0.99271787706916,2018,30,"TRPV5;CALCA;GRIN1;NOS1;ADCYAP1R1;P2RX5;SLC8A3;JPH4;JPH3;RYR2;SLC8A1;TRPC3"
"GOBP_CALCIUM_MEDIATED_SIGNALING",0.378787878787879,1,0.289637497552627,1.02641739929427,2399,216,"HRC;CXCR5;CCL20;P2RX1;CX3CR1;CCR1;EDN2;CLEC7A;SYK;RYR1;IGF1;TNFSF11;EDN1;CXCR2;CXCR6;CASQ2;JPH2;MYOZ2;ACKR2;ACTN3;AVPR1A;TNF;NFATC4;PLEK;CIB1;CLIC2;PDGFRB;LMCD1;BST1;GNA15;PTPRC;MCOLN3;LRRK2;IAPP;KSR2;ACKR4;TNNI3;SLC24A4;HOMER3;NFATC1;LAT2;CCR4;P2RX7;PDGFRA;HPCA"
"GOBP_CARBOHYDRATE_DERIVATIVE_METABOLIC_PROCESS",1,1,-0.137958687748657,-0.572277233022807,2391,957,"GDA;CHIA;CDA;PGLYRP2;ITIH6;PTH;ST6GALNAC2;RPEL1;ST6GALNAC1;PTHLH;QNG1;CNMD;GAL3ST2;FA2H;ADCY10;GUCY2D;NEU4;CHST4;AKR1C4;PKLR;HTR2A;AMPD3;XDH;FUT1;GALNT6;ST8SIA6;GALNT14;CARD11;B3GNT7;MTTP;ADCY8;SULT2A1;PID1;B4GALNT2;FUT3;PDE4C;CHST5;GUCY2C;MYH7;FUT9;GBA3;GALNTL6;HS6ST2;ADCY2;B3GAT2;ITIH2;LARGE2;PGAM4;GCNT1;FBXO27;ADCYAP1R1;DLG2;EDNRB;FBP1;GUCY1A1;GPD1L;UGT8;UPP2;CRYL1;PDE4D;CMPK2;HS6ST3;NT5C1A;AQP11;ST8SIA4;ALDOC;ADCY5;FPGT;CCR7;GALNT9;NCCRP1;PIGZ;IDS;UPB1;HS3ST3B1;ITGB8;MGAT4C;GPD1;SAMHD1;ZBTB20;NPR1;TMTC1;MACROD2;FUT6;SLC4A4;ALG13;PGAM2;ENO2;GALNT3;OGDHL;CHP1;PRKN;AOAH;SMPD3;PRKCD;GALNT15;ATP6V1A;B3GALT1;MAN1A1;MGAT4A;FREY1;AK5;TYW1B;CASK;GCK;GAL3ST3;ENPP1;FGF2;AKR1C2;TMEM106A;AKR1C1;GK;PDE2A;DSEL;RAMP1;TET1;HS3ST3A1;FBXO2;UPRT;RENBP;CHST15;ST8SIA3;PDE4B;RHOQ;FUT2;GALNT13;BTK;PRPS1;C1GALT1C1L;B3GNT4;CHST11;GPI;NFKB1;B3GALT5;FBXO6;PDE7B;POMK;RFK;MGAT5;A4GALT;MT-ND5;RORA;HK1;NUDT11;GCNT3;UPP1;FUT7;NUDT10;PRXL2C;CLPX;MGAT5B;PNP;MT-ND6;PGAP4;PRKAA2;GFPT1;BMPR1B;CHST6;NUDT14;B3GAT1;ENTPD1;HS3ST1;CTPS2;ARFGEF1;PIGA;ADCY9;AK4;ENO4;HAS3;CACNB4;FOXK1;NGLY1;AP2A1;TKT;BCL2;AGA;HPSE;SRD5A3;POGLUT1;ATP7A;FUT8;MAN1C1;PRPS2;PGM1;PIGS;FUT11"
"GOBP_CARBOHYDRATE_IMPORT_ACROSS_PLASMA_MEMBRANE",0.172231654404829,1,0.646296419206196,1.29023994126373,912,9,"SLC5A4;PDZK1IP1;SLC2A10;SLC2A1;SLC2A3;SLC5A2"
"GOBP_CARBOHYDRATE_METABOLIC_PROCESS",1,1,-0.168073051433083,-0.673999369724761,2966,535,"CHIA;GCG;RORC;PTH;RPEL1;TREH;ST6GALNAC1;ADCY10;NEU4;CHST4;PKLR;HTR2A;FUT1;GLB1L3;ST8SIA6;OAS1;MTTP;PCDH12;LANCL3;B4GALNT2;NR0B1;FUT3;CHST5;TKTL1;MYORG;FUT9;GBA3;RBP4;NHLRC1;B3GAT2;APOD;PGAM4;ADCYAP1R1;GYG2;PHKG1;FBP1;GPD1L;KCNJ11;PPARGC1A;COMT;NPY1R;ME1;ST8SIA4;ALDOC;SNCA;FPGT;KCNQ1;ANGPTL3;KLB;GPD1;ZBTB20;FUT6;SLC4A4;P2RY1;PGAM2;ENO2;GALNT3;OGDHL;PRKN;SMPD3;PDK3;PHKA1;B3GALT1;MAN1A1;PHKA2;PPP1R3B;GCK;GAL3ST3;ENPP1;GPLD1;GK;GLT6D1;RENBP;CHST15;ST8SIA3;PPP1R3D;GOT1;FUT2;CLSTN3;CHST11;GPI;NFKB1;B3GALT5;POMK;ALDH1B1;RORA;HK1;PPP1CB;GCNT3;FUT7;PRXL2C;PDK1;PRKAA2;PPP1R2;PGM5;GLB1L2;CHST6;B3GAT1;PC;GRB10;NLN;ENO4;HAS3;FOXK1;LANCL2;AP2A1;IDH1;GSK3B;IL6ST;ERO1A;FUT8;MAN1C1;SPATA20;PGM1;SIAE;ST6GAL2;MLXIPL;PGM2L1;GNE;IDH3A;PFKP;PHKB;SLC23A2;B4GALNT1;SLC2A6;PPP1R1A;NCOR1;CLTC;INSR;UCHL1;GYS1;IRS2;CPT1A;AGL;HYAL3;EPM2A"
"GOBP_CARDIOLIPIN_METABOLIC_PROCESS",0.949044585987261,1,0.273305541579817,0.596920251937501,5065,13,"PTPMT1;SPATA18;TAFAZZIN;DNAJC19;PHB2;PLA2G6;PGS1"
"GOBP_CARNITINE_METABOLIC_PROCESS",0.603674540682415,1,0.405252991192619,0.899332207381739,3219,14,"BBOX1;ACADL;SHMT1"
"GOBP_CATECHOL_CONTAINING_COMPOUND_METABOLIC_PROCESS",0.230338389731622,1,-0.368243096635814,-1.1340551732423,986,57,"PAH;ITGAM;RTL4;GNAT2;TH;DRD1;MAOB;GCH1;MAOA;COMT;TACR3;ABAT;PNMT;SNCA;SNCB;NPR1;PRKN;GRIN2A;SNCAIP;SLC1A1;MOXD1"
"GOBP_CATECHOLAMINE_UPTAKE_INVOLVED_IN_SYNAPTIC_TRANSMISSION",0.373935264054514,1,-0.488325385399974,-1.07386014870245,1755,12,"DRD1;RAB3B;SNCA;PRKN;GDNF;DRD3"
"GOBP_CD4_POSITIVE_ALPHA_BETA_T_CELL_CYTOKINE_PRODUCTION",0.25499434602337,1,0.554755234068481,1.18500605238333,1352,12,"IL18;GATA3;IL1R1;NLRP3"
"GOBP_CDP_DIACYLGLYCEROL_METABOLIC_PROCESS",0.880462724935733,1,-0.302882766403461,-0.692853815932726,4109,14,"CDS2;CDS1;GPAT2;GPAM;LCLAT1;AGPAT5;AGPAT1;CDIPT;AGPAT4"
"GOBP_CELL_DIFFERENTIATION_INVOLVED_IN_METANEPHROS_DEVELOPMENT",0.144002916514765,1,0.532206823164334,1.28738779449227,789,20,"CD34;GREM1;TCF21;SIX2;PDGFB;WWTR1;OSR1;LIF;LAMB2"
"GOBP_CELL_MORPHOGENESIS_INVOLVED_IN_NEURON_DIFFERENTIATION",0.977979727368053,1,-0.217253447898219,-0.87747394473541,2797,601,"DLX5;USH1C;GFRA3;CDH1;ADCY10;CDHR1;SKOR2;SEMA3E;TNR;NRXN3;NDP;RET;MT3;IL1RAPL1;UNC5D;TBR1;FGF13;CNTN1;ARX;PLXNB3;BDNF;ANKRD24;KIF21A;WNT7A;SEMA4A;CDHR2;CSF1R;BCL11A;PTPRH;PRKCA;PRKCQ;PHOX2B;DRGX;CTNND2;FOXB1;KIAA0319;COBL;SLC1A3;EPHB1;NPTX1;TRPV2;PTCH1;NTRK2;NEFL;PLPPR4;EFHC2;PCDHAC2;DCHS2;DCC;ARC;ITPKA;SHH;OPHN1;GRM5;PPFIA2;PAK3;SLITRK2;ZDHHC15;ATP8A2;PHACTR1;UNC5A;DCLK1;NEFH;GPRASP3;PTPRO;LRRC4C;NFIB;NGEF;EPHA3;ABLIM1;BCL11B;THY1;CAMK2B;SHANK3;DSCAM;MAP2;ZNF365;PAK1;EPHA10;NR2E1;ROBO4;KIF5A;NRP1;TNIK;SLC9A6;PTPRZ1;ISLR2;EMB;NLGN3;CHODL;ATL1;SEMA3D;RELN;CTNNA2;SRCIN1;PRDM8;SARM1;NRCAM;SHTN1;MAP1B;MCF2;SLIT1;TRPC5;MAP3K13;FGFR2;NTN3;LHX1;NRXN1;MAP1A;PREX2;CNTNAP1;PAX2;ANOS1;KIF1A;PLXNC1;MAPT;ADGRB3;LHX2;FLRT3;NLGN1;PPP3CA;CDH4;CCK;KNDC1;SOS1;STAU2;SLIT2;HMCN2;CDK5R2;HECW1;SHANK1;FEZ1;PARD6B;EFNB1;RAPGEF2;TTL;XK;RAPH1;NCAM1;NKX2-1;TRIM46;FOXG1;OLFM1;SEMA4F;FAT4;BMPR1B;CHRNB2;GDNF;PITPNA;ANK3;RAB21;PRKG1;MAPRE3;BOC;NEDD4L;ISL1;PDZD7;CYFIP2;UNC5C;BCL2;CDH23;LRP8;GSK3B;EFNB3;ATP7A;RUFY3;NECTIN1;KLF7;DPYSL5;USP9X;APBB1;GAP43;SEMA4G;FAT3;GOLGA4;GABRB3;CDK5R1;YWHAH;KIF13B;PTEN;NTNG1;TANC2;UCHL1;RAP2A;ALCAM;EFNB2;CUX2;MATN2;SMAD4;SPG11;LHFPL5;EPHA4;RAB3A;SPAST;RTN4R;PRICKLE1;ACTL8;NTN1"
"GOBP_CELL_PROLIFERATION_INVOLVED_IN_METANEPHROS_DEVELOPMENT",0.871259175607002,1,0.334229228070405,0.68389917059631,4628,10,"WT1;PDGFRB;GPC3;OSR1;BMP7"
"GOBP_CELL_REDOX_HOMEOSTASIS",0.508552283547875,1,0.340190217826173,0.968083468682422,2883,45,"SLC11A1;NOS2;SLC2A10;HVCN1;NQO1;NOS3;BOLA2;BOLA1;PRDX6;PRDX1;BOLA3;GPX1;PRDX3;DDIT3;SELENOS;GLRX3;TXN2;APEX1"
"GOBP_CELL_SURFACE_RECEPTOR_PROTEIN_TYROSINE_KINASE_SIGNALING_PATHWAY",0.796650383810188,1,0.238726239236172,0.920012441103729,5707,628,"PTGIR;FAM83A;AGT;GHRL;EPGN;FLT1;MZB1;SYK;FOXC2;NGF;COL1A1;IGF1;MMP14;MUSK;ADIPOQ;GREM1;TGFB1;EMILIN1;FOXC1;CASS4;NTRK1;GATA3;RHOD;ITGA1;SULF1;PLAU;CCN2;IL31RA;ESM1;RUNX2;HGF;PLAUR;BTC;ALKAL2;CSPG4;DDR2;ITGA5;MVP;STAP1;IGF2;BMP5;COL4A1;IGFBP3;PLAT;NFATC4;INSRR;LOX;SOCS1;COL4A3;PDGFRB;AHSG;SH2D6;HHIP;PTPRT;LCP2;BLVRB;HSPB1;RARRES2;PDGFB;BLNK;DCN;ITGB3;PDK4;CSRNP1;FLRT2;RHBDF1;NPR2;TMEM204;AGTR2;BDKRB2;IGFBP5;GKAP1;NTF3;ADAMTS12;TIE1;IGFBP4;SVEP1;CAV2;ADGRA2;GFRA1;PDGFRL;CASP3;IGFBP2;PDGFC;ALKAL1;NPPA;COL4A2;CSRP3;FGF23;MYOCD;MMP2;CSF1;EFNA4;LTK;GPER1;EFS;VEGFD;EPHA2;SMOC2;CRIM1;SOCS3;WNT1;NTF4;PDGFRA;VTN"
"GOBP_CELL_SURFACE_RECEPTOR_PROTEIN_TYROSINE_PHOSPHATASE_SIGNALING_PATHWAY",0.996243739565943,1,-0.201925840758839,-0.388630651241837,4773,7,"PTPRE;FRS2;PTPRF;TRIO;PTPRU;PTN;PTPRD"
"GOBP_CELLULAR_COMPONENT_DISASSEMBLY_INVOLVED_IN_EXECUTION_PHASE_OF_APOPTOSIS",0.846209648168299,1,0.290241886448386,0.757904006048811,4665,29,"FOXL2;CASP3;BAX;GATA5;GPER1;CDK5RAP3;BOK;DEDD2;CECR2;CAPN10;NME1;ACIN1"
"GOBP_CELLULAR_DETOXIFICATION_OF_ALDEHYDE",0.21206444361184,1,0.565478875821526,1.23504920928265,1131,13,"AKR1B10;ALDH1A1;ADH4;PNKD;AKR1A1;ADH5;PARK7"
"GOBP_CELLULAR_HYPEROSMOTIC_RESPONSE",0.625457875457875,1,0.365581909986205,0.891434731428455,3414,21,"FXYD2;EPO;RCSD1;EFHD1;SLC2A1;ARHGEF2;AQP1;NINJ1;YBX3;AKR1B1"
"GOBP_CELLULAR_RESPONSE_TO_ATP",0.690493736182756,1,0.354624437829755,0.846715109407139,3747,19,"ABCC9;P2RX7;TRPM4;P2RY4"
"GOBP_CELLULAR_RESPONSE_TO_BRAIN_DERIVED_NEUROTROPHIC_FACTOR_STIMULUS",0.186768772601574,1,-0.62253251853065,-1.27198987357616,877,9,"GRIA1;SH3GL2;NTRK2;TMEM108;MAPT"
"GOBP_CELLULAR_RESPONSE_TO_CALCIUM_ION",0.350142721217888,1,-0.323730915530084,-1.04957142747267,1471,77,"CHP2;TRPM2;RASAL1;CPNE6;ADCY8;RASGRP2;CPNE4;CPNE9;CPNE5;RYR3;ITPKA;SYT1;SLC25A23;CPNE8;SCN5A;KCNB1;CAPN3;FOS;CPNE7;NRXN1;CRHBP;GUCA1A;NLGN1;INHBB;MICU3;PLCG2;PRKAA2"
"GOBP_CELLULAR_RESPONSE_TO_INTERFERON_ALPHA",0.631780472239949,1,-0.427307838843174,-0.873096951129741,2969,9,"MYC;OAS1;RO60;PDE12"
"GOBP_CELLULAR_RESPONSE_TO_INTERFERON_BETA",0.661816578483245,1,-0.330993352002982,-0.868636536270812,3001,25,"PYDC5;HCN1;OAS1;CAMK2A"
"GOBP_CELLULAR_RESPONSE_TO_IRON_ION",0.289698349459306,1,0.604644990530769,1.17388391489028,1526,8,"HFE;B2M;TFAP2A;TF;CCNB1;SLC25A39"
"GOBP_CELLULAR_RESPONSE_TO_L_GLUTAMATE",0.575333889816361,1,-0.479678557655048,-0.923199277257766,2756,7,"GRIA1;PRKN"
"GOBP_CELLULAR_RESPONSE_TO_NITROSATIVE_STRESS",0.756736097840627,1,0.424541573165275,0.772542823523316,3959,6,"STOX1;DDIT3;PARK7;ATG5;ATM"
"GOBP_CELLULAR_RESPONSE_TO_OXIDATIVE_STRESS",1,1,0.16097957445068,0.57743571462104,6417,243,"APOA4;EDN1;GPX5;EDNRA;HGF;AIF1;DDR2;MB;SOD3;RIPK3;ZC3H12A;NQO1;LRRK2;TPM1;GPR37L1;PRR5L;FABP1;PLA2R1;DHFRP1;ROMO1;NPPA;GPX7;WNT16;GATA5;MMP2;NOS3;FBLN5;CCS;GPR37;SLC4A11;NAGLU;PDGFRA;GPX8;NR4A2;BMP7;SPHK1;CDK1;CA3;TNFAIP3;RPS3;ALDH3B1;PRDX1"
"GOBP_CELLULAR_RESPONSE_TO_PROSTAGLANDIN_E_STIMULUS",0.527849028948333,1,0.403473100585625,0.954489440859942,2880,18,"IGFBP7;P2RY6;TNFSF4;PTGER4;P2RY4"
"GOBP_CELLULAR_RESPONSE_TO_PROSTAGLANDIN_STIMULUS",0.824426078971534,1,0.307050602611737,0.76355962800023,4488,23,"IGFBP7;P2RY6;TNFSF4;PTGER4;P2RY4"
"GOBP_CELLULAR_RESPONSE_TO_TYPE_II_INTERFERON",0.259271803556308,1,0.349768307955372,1.11085608135352,1530,91,"GBP4;IRF8;GBP5;IL12RB1;EDN1;NOS2;TLR4;PPARG;GBP3;AIF1;CCL2;TNF"
"GOBP_CELLULAR_RESPONSE_TO_UNFOLDED_PROTEIN",1,1,-0.0952621331218,-0.322763059145657,4052,105,"FUT1;BHLHA15;PRKN;EIF2AK2;PARP8;PACRG;ERO1A;YOD1;AMFR;OPTN;PIAS2;STAT3;NFE2L2;RHBDD1;SHISA5;RHBDD2;MBTPS2;HSPD1;PIK3R1;DNAJB9;AKT3;CTH;FICD;PARP6;TMEM33;EDEM3;ERN1;PPP1R15B;DERL1;DAB2IP;OS9;PTPN1;VAPB;TMBIM6;ERMP1;TMTC4;HERPUD1;TMED2;HSF1;CREBRF;VCP;TM7SF3;RACK1;PARP16;ATF6;ABCA7;DNAJC10;ABCB10;RPAP2;ERN2;BFAR;ATAD3A;RNF7;WFS1;MBTPS1;QRICH1;SIRT1;UFL1;RTCB;SERP1;EIF2S1;HSPA5;CCND1;AKT1;ATF6B;EIF2AK3;STUB1;DDRGK1;XBP1;HSPA1A;PTPN2;AKT2;HERPUD2;DERL3;COPS5;AATF;DAXX;ERLEC1;CREB3;NCK2;CREBZF;NCK1;TMBIM4;BAK1;DERL2;SELENOS;DDIT3;PPP1R15A;EDEM2;TBL2;SERP2;PIGBOS1;ZBTB8OS;BOK;BAG3;CREB3L1;MANF;ATF4;BBC3;CDK5RAP3;HSPB8;BCL2L11;ATF3;BAX;STC2"
"GOBP_CENTRAL_NERVOUS_SYSTEM_NEURON_AXONOGENESIS",0.726589200273411,1,-0.29634800098094,-0.848441949508901,3188,39,"PRKCA;PHOX2B;EPHB1;DCC;NFIB;NR2E1;PRDM8;SLIT2;CHRNB2;PTEN;SPG11;EPHA4;SPAST;FBXO45;EPHB2;B4GALT5;WDR47;B4GALT6"
"GOBP_CENTRAL_NERVOUS_SYSTEM_NEURON_DEVELOPMENT",0.509369676320273,1,-0.289449386130087,-0.969975210529437,2092,97,"ASCL1;SEMA3E;DRD1;ARX;PRKCA;PHOX2B;EPHB1;NTRK2;AGBL4;DCC;NFIB;MAP2;NR2E1;LHX6;NRP1;SLC4A10;PRDM8;SLIT1;FGFR2;MAPT;SLIT2;RAPGEF2;BRINP1;FOXG1;AGTPBP1;CHRNB2;DCLK2;GABRB1;ATP7A;PTEN;SPG11;EPHA4;SPAST;NDNF;SCYL2;FBXO45;NOVA2;OGDH;TTC36;EPHB2;SOX1;B4GALT5;NANOS1;WDR47;PLXNA1;HPRT1;B4GALT6"
"GOBP_CENTRAL_NERVOUS_SYSTEM_NEURON_DIFFERENTIATION",0.325537122654338,1,-0.280041813123593,-1.03908403447903,1196,218,"DLX5;ASCL1;SKOR2;SEMA3E;GSX1;DLX2;DRD1;GSX2;MDGA2;CHD5;UNC5D;TBR1;DLX1;ARX;WNT7A;CSF1R;PRKCA;PHOX2B;RORB;FAIM2;EPHB1;PTCH1;NTRK2;AGBL4;DCC;SHH;OPHN1;FOXP2;NFIB;PHOX2A;BCL11B;TOX;WNT9B;CAPS2;SHANK3;MAP2;NR2E1;LONRF2;LHX6;NRP1;SLC4A10;PRDM8;FGF2;BRINP2;TBX20;SLIT1;FGFR2;BRINP3;LHX1;NRXN1;ID4;MAPT;SFRP1;LBX1;KNDC1;CEND1;SALL1;EOMES;SLIT2;SPOCK1;RORA;RAPGEF2;DYNC2H1;BRINP1;NKX2-1;FOXG1;TAL1;AGTPBP1;CHRNB2;DCLK2;GABRB1;FOXN4;OTP;ISL1"
"GOBP_CENTRAL_NERVOUS_SYSTEM_PROJECTION_NEURON_AXONOGENESIS",0.983065953654189,1,-0.217890126288614,-0.58734218007953,4411,29,"EPHB1;DCC;NFIB;NR2E1;PRDM8;SLIT2;CHRNB2;SPG11;EPHA4;FBXO45;EPHB2;WDR47"
"GOBP_CENTROSOME_DUPLICATION",1,1,-0.16826180316584,-0.552300758787528,4144,84,"CEP295NL;C10orf90;DEUP1"
"GOBP_CENTROSOME_SEPARATION",0.810132063217147,1,-0.327815776716398,-0.759498549810749,3741,15,"KIF15;MAP9;KIF3B;UBXN2B;KIF25"
"GOBP_CERAMIDE_METABOLIC_PROCESS",0.907348242811502,1,-0.239057530411818,-0.808794655271777,3691,104,"CYP4F22;ALOX12B;FA2H;NEU4;ST8SIA6;FUT3;GBA3;ALOXE3;UGT8;ST8SIA4;PNPLA1;ITGB8;FUT6;SMPD3;PRKCD;B3GALT1"
"GOBP_CEREBRAL_CORTEX_GABAERGIC_INTERNEURON_DEVELOPMENT",0.379835129993659,1,-0.546354704998588,-1.08472476880222,1796,8,"DRD1;ARX;LHX6"
"GOBP_CEREBRAL_CORTEX_GABAERGIC_INTERNEURON_MIGRATION",0.370308240721325,1,-0.599153282022704,-1.11097095492677,1765,6,"DRD1;ARX;LHX6"
"GOBP_CEREBROSPINAL_FLUID_CIRCULATION",0.728372093023256,1,0.353682212125338,0.811392743695778,3914,16,"GMNC;DAW1;AQP4;CFAP54;NHERF1;CFAP221;SPAG16;KATNIP;CFAP43;DNAAF3;DNAH9"
"GOBP_CGMP_METABOLIC_PROCESS",0.788837209302326,1,0.333857979933101,0.765913390766316,4239,16,"NPPB;GUCY2F;NPR2;NPPA"
"GOBP_CHAPERONE_MEDIATED_AUTOPHAGY",0.290539077722451,1,-0.489821108019386,-1.13483989371647,1341,15,"SNCA;GFAP;EEF1A2;ATP13A2;LAMP2;CLU"
"GOBP_CHEMOREPULSION_OF_AXON",0.914198356583222,1,0.321832486046778,0.58564200348717,4783,6,"PLXNA4;RYK;SEMA3B;WNT5A"
"GOBP_CHITIN_METABOLIC_PROCESS",0.728612997090204,1,0.47659428960925,0.792967201538541,3755,4,"CHI3L1;CTBS"
"GOBP_CHONDROITIN_SULFATE_PROTEOGLYCAN_METABOLIC_PROCESS",0.883571428571429,1,0.27224639892346,0.745148478847228,4947,37,"IGF1;CHSY3;DSE;CYTL1;SLC35B2;B3GAT3;EXT1;HEXB;CHST9;CHPF2;CHST12;HYAL1;GUSB"
"GOBP_CHRONIC_INFLAMMATORY_RESPONSE",0.605965172286032,1,0.38520777017602,0.897830303373207,3270,17,"CYP19A1;TNF;CXCL13;LTA;NFKBIZ;UNC13D;VNN1;THBS1;TNFAIP3"
"GOBP_CILIARY_NEUROTROPHIC_FACTOR_MEDIATED_SIGNALING_PATHWAY",0.894158473105842,1,0.351565106399295,0.614412931270503,4637,5,"IL6R;CNTF"
"GOBP_CITRULLINE_METABOLIC_PROCESS",0.987896494156928,1,-0.229620891962362,-0.441933119836018,4733,7,"DDAH1;ATP2B4"
"GOBP_CLUSTERING_OF_VOLTAGE_GATED_SODIUM_CHANNELS",0.469909834346823,1,-0.550104478813817,-1.02002294984361,2240,6,"NDRG4;NRCAM;SCLT1"
"GOBP_CMP_METABOLIC_PROCESS",0.691192151844743,1,-0.396761240417002,-0.831104484910158,3240,10,"CDA"
"GOBP_CMP_N_ACETYLNEURAMINATE_METABOLIC_PROCESS",0.223828802776171,1,0.71308279165999,1.24621949188768,1160,5,"CMAHP;NANP"
"GOBP_COBALAMIN_METABOLIC_PROCESS",0.99905891210239,1,0.171644629015062,0.351218892789307,5307,10,"AMN;CLYBL;ABCD4;MTRR"
"GOBP_COENZYME_A_METABOLIC_PROCESS",0.903994137046537,1,0.286898451542443,0.678710779476649,4933,18,"VNN1;NUDT7;NUDT8;PPCDC"
"GOBP_COMMISSURAL_NEURON_AXON_GUIDANCE",0.371893744644387,1,-0.466677385337372,-1.06753913760083,1735,14,"PTCH1;NFIB;NRP1;NCAM1;GDNF;ADAM17;EPHB2;FZD3;NELL2"
"GOBP_COMMITMENT_OF_NEURONAL_CELL_TO_SPECIFIC_NEURON_TYPE_IN_FOREBRAIN",0.672887397777312,1,-0.45408335064765,-0.841977218220851,3208,6,"ASCL1;TBR1;BCL11B"
"GOBP_CORTISOL_METABOLIC_PROCESS",0.484734263098379,1,0.465063551881772,0.993416717641561,2571,12,"CYP21A2;BMP5;BMP2;HSD11B2"
"GOBP_CYCLIC_GMP_AMP_TRANSMEMBRANE_IMPORT_ACROSS_PLASMA_MEMBRANE",0.370617696160267,1,-0.572761842110202,-1.10234929253857,1775,7,"LRRC8E;LRRC8B;SHOC2"
"GOBP_CYCLIC_NUCLEOTIDE_METABOLIC_PROCESS",0.20551724137931,1,-0.401977207102225,-1.17332625942445,893,43,"PTH;PTHLH;ADCY10;GUCY2D;ADCY8;PDE4C;GUCY2C;ADCY2;ADCYAP1R1;GUCY1A1;PDE4D;ADCY5;NPR1"
"GOBP_CYSTEINE_METABOLIC_PROCESS",0.986241990199774,1,0.223703597225716,0.47785059134687,5232,12,"CDO1;CSAD;AGXT;MPST;GCLM;GGT1;GCLC;CBS;SLC7A11;CTH;MTHFD1"
"GOBP_CYTOCHROME_METABOLIC_PROCESS",0.870229007633588,1,-0.382588628880701,-0.644375526073713,4217,4,"CYP2S1"
"GOBP_CYTOKINE_PRECURSOR_PROCESSING",0.72026866851047,1,0.522397144885148,0.819284046404351,3645,3,"PCSK5;FURIN"
"GOBP_CYTOKINE_PRODUCTION_INVOLVED_IN_IMMUNE_RESPONSE",0.142133693450371,1,0.376743883483812,1.20106959345578,841,93,"TLR3;IL18;IL21;CLEC7A;FFAR2;TGFB1;TLR4;GATA3;CD96;TNF;APOA1;CD226;TNFSF4;SPON2;HFE;FCER1G;SMAD7;B2M;BST2;BTLA;LAPTM5;HLA-E;APOA2;TRPM4;TRAF2;F2RL1;TGFB2"
"GOBP_CYTOKINE_PRODUCTION_INVOLVED_IN_INFLAMMATORY_RESPONSE",0.339773716275022,1,0.355374728900796,1.06657462052432,1951,62,"TLR3;GBP5;SPINK7;CLEC7A;NOS2;TLR4;IL17RC;TNF;MEFV;CD6;ZC3H12A;ZFP36;IL17RA"
"GOBP_CYTOKINESIS",1,1,-0.0851145964797985,-0.310185099108702,3716,188,"OPN1MW;TAS2R13;RXFP3;KLHL13;DCDC1;ZNF365;NOX5;CUL4B;ORC4;RAB11FIP4;MAP9;KIF4B;SEPTIN5;KIF13A;SPTBN1;SEPTIN3;UVRAG;PRKCE;BRCA2;SPIRE1;ANK3;DRD3;CIT;KIF4A;SEPTIN4;APC;SSTR5;DCAF11;EXOC6B;CALM3;ANLN;SPAST;TTC19;CHMP2B;USP8;CALM1;EXOC4;SON;EXOC2;CETN2;PIK3R4"
"GOBP_CYTOKINETIC_PROCESS",0.626130828114127,1,0.309415647303784,0.904728249085618,3598,52,"CHMP4C;ANXA11;AURKB;MYH9;MITD1;SNX33;CHMP4A;CHMP2A;PLK1;RTKN;KIF20A;LUZP1;IST1;SNX18;CHMP5;CEP55;CHMP1B;RAB11FIP3"
"GOBP_CYTOSKELETON_DEPENDENT_CYTOKINESIS",1,1,0.131934509560831,0.439707673255315,6001,128,"CHMP4C;ANKRD53;SEPTIN1;AURKB;LZTS2;MITD1;CENPA;SNX33;RHOC;CHMP4A;RBX1;ROPN1B;CHMP2A;PLK1;BIN3;SEPTIN12;ESPL1;RTKN;KIF20A;CDCA8;CECR2;LUZP1;CFL1;SEPTIN2;UNC119;IST1;SEPTIN11;BBS4;SNX18;EFHC1;CHMP5;CEP55;NUSAP1;CHMP1B;RAB35;RAB11FIP3;STMN1;CUL7;EXOC3;JTB;FMN2;ROCK1;BIRC5;NUP62;CHMP6;IQGAP3;CENPV;SEPTIN9;RHOB;SPIRE2;ARF1;INCENP;CHMP7;SEPTIN8;MYH14;PLEC;IQGAP1;DCTN3;RACGAP1;STAMBP;ALKBH4;RASA1;RHOA;SNX9;MTMR3;SEPTIN7;WNK1;ACTR3;CHMP4B;TRIM36;CNTROB;EXOC1;ACTR2;VPS4A;RAB11A;ZFYVE19;CHMP1A;PDCD6IP;CHMP3;CUL4A;ZFYVE26;CKAP2;ECT2;SPART;MTMR4;ARF6;IQGAP2;SEPTIN6;KIF23;SEPTIN10;EXOC7;EXOC5;DDB1;ARL3;KIF20B;EXOC8;KLHDC8B;WASHC5;EXOC6;MYH10;VPS4B;ROCK2;EXOC2;SON;EXOC4;USP8;CHMP2B;TTC19;SPAST;ANLN;EXOC6B;DCAF11;APC;SEPTIN4;KIF4A;CIT;ANK3;SPIRE1;SEPTIN3;SPTBN1;SEPTIN5;KIF4B;MAP9;ORC4;CUL4B;NOX5;ZNF365"
"GOBP_D_XYLULOSE_5_PHOSPHATE_METABOLIC_PROCESS",0.634724260851331,1,-0.46937930344567,-0.870339508466784,3026,6,"CRYL1;TKT"
"GOBP_DAMP_METABOLIC_PROCESS",0.446368948247078,1,-0.538778211814644,-1.0369436945047,2138,7,"XDH;NT5C1A;PNP"
"GOBP_DCMP_METABOLIC_PROCESS",0.773580968280467,1,-0.396184587481806,-0.762505054659744,3706,7,"CDA"
"GOBP_DENDRITE_ARBORIZATION",0.92492046659597,1,-0.286737783526968,-0.619481875013685,4360,11,"PHACTR1;ZNF365;NRP1"
"GOBP_DENDRITE_DEVELOPMENT",0.205589374654123,1,-0.291180235866272,-1.09146309667066,742,241,"SKOR2;RAB17;ZNF296;KHDC3L;NDP;IL1RAPL1;CAMK2A;WNT7A;BCL11A;ALK;CTNND2;KIAA0319;COBL;EPHB1;EFHC2;DCC;ARC;ITPKA;GRM5;PPFIA2;PAK3;ZDHHC15;PACSIN1;PHACTR1;GPRASP3;NGEF;CAPS2;CAMK2B;GRIN3A;SHANK3;DSCAM;MAP2;ZNF365;NR2E1;NEURL1;NRP1;TNIK;RELN;CTNNA2;SRCIN1;SARM1;MAP1B;MCF2;TRPC5;MAP1A;PREX2;KIF1A;ADGRB3;FOXO6;NLGN1;PPP3CA;KNDC1;STAU2;CAMK1D;HECW1;SHANK1;RAPGEF2;CHRNB2;CPEB3;RAB21;PRKG1;CARM1;MAPRE3;NEDD4L;SEZ6;LRP8;GSK3B;ATP7A;KLF7;DPYSL5;FAT3;GABRB3;CDK5R1;YWHAH;PTEN;TANC2;RAP2A;CUX2;MATN2;EPHA4;STRN;PRICKLE1;MAPK6;MECP2;SRGAP2C;MAP6;CAPRIN1"
"GOBP_DENDRITE_SELF_AVOIDANCE",0.182139534883721,1,0.547690638345048,1.25647316859067,978,16,"MYPN;CNTN6;TNN;NEXN;CNTN2;EXT1"
"GOBP_DENDRITIC_CELL_ANTIGEN_PROCESSING_AND_PRESENTATION",0.592409948542024,1,-0.402577345621694,-0.902053451025621,2762,13,"FGL2;HLA-DRA;FCGR2B;CCR7"
"GOBP_DENDRITIC_CELL_APOPTOTIC_PROCESS",0.873320537428023,1,0.353863886696895,0.665121677414619,4549,7,"CXCL12;LGALS9;AXL;LYN"
"GOBP_DENDRITIC_CELL_CHEMOTAXIS",0.856669123065586,1,0.305383377550427,0.729145237469126,4649,19,"CCR1;TNFSF18;CXCR2;GPR183;TRPM4;LGALS9"
"GOBP_DENDRITIC_CELL_CYTOKINE_PRODUCTION",0.239255813953488,1,0.520917669000377,1.19505251380875,1285,16,"TLR3;CLEC7A;TLR4;BST2"
"GOBP_DENDRITIC_CELL_MIGRATION",0.582076308784383,1,-0.343039151207544,-0.919473431528359,2623,28,"NLRP12;CCL5;TRPM2;SPI1;ALOX5;CD209;CCR7"
"GOBP_DENDRITIC_SPINE_MAINTENANCE",0.78181417877587,1,-0.312252061377229,-0.78537658618175,3550,21,"GRIN2B;FCGR2B;ITPKA;VPS35;PRNP;INSR"
"GOBP_DENDRITIC_TRANSPORT",0.170938314509123,1,-0.527806157496201,-1.26231018385882,786,17,"RAB17;KIF17;KIF5A;STAU2;KIFAP3;KIF3B;KIF5C;RABGEF1;WASF1;FLOT2;STAU1;TRAK2;PURA;KIFC2;HNRNPU"
"GOBP_DEOXYRIBONUCLEOSIDE_METABOLIC_PROCESS",0.209544008483563,1,-0.572176636425581,-1.23615747883678,987,11,"GDA;XDH"
"GOBP_DEOXYRIBONUCLEOSIDE_TRIPHOSPHATE_METABOLIC_PROCESS",0.984471389066156,1,-0.225871361839741,-0.461511770773243,4627,9,"SAMHD1;RRM2B;NUDT16;ADK;GUK1;ITPA;NUDT15;DGUOK;ADA"
"GOBP_DEOXYRIBONUCLEOTIDE_METABOLIC_PROCESS",0.336873701223736,1,-0.360797419351598,-1.06583328010337,1458,46,"GDA;CDA;XDH;UPP2;CMPK2;NT5C1A;SAMHD1"
"GOBP_DERMATAN_SULFATE_PROTEOGLYCAN_METABOLIC_PROCESS",0.980363097443498,1,0.228822949615004,0.533333422058734,5291,17,"CHST14;DSE;B3GAT3;HEXA;HEXB;CHST12"
"GOBP_DETECTION_OF_CALCIUM_ION",0.8535808023997,1,0.320462399995943,0.711166021805419,4552,14,"KCNMB1;CASQ2"
"GOBP_DETOXIFICATION",0.290212627820159,1,0.315821910009791,1.07255234176606,1787,146,"APOA4;HBA1;GSTM1;SLC17A3;ALOX5AP;LPO;AKR1B10;SLC11A1;GPX5;HP;ALDH1A1;MB;EPX;CLIC2;SOD3;MT2A;NQO1;PTGS2;ADH4;HBB;FABP1;DHFRP1;TXNDC17;GPX7;APOM;NOS3;FBLN5;CCS;MGST2;GPX8"
"GOBP_DETOXIFICATION_OF_CADMIUM_ION",0.757663389242337,1,0.441137074881996,0.770953426084627,3929,5,"SLC11A1;SLC39A8"
"GOBP_DETOXIFICATION_OF_INORGANIC_COMPOUND",0.150088028169014,1,-0.533295467569843,-1.28824448526196,681,18,"MT1H;MUC2;MT1G;MT3;SLC30A10"
"GOBP_DIACYLGLYCEROL_METABOLIC_PROCESS",0.980904302019315,1,-0.227051533925786,-0.590591489783271,4468,24,"DGKK;PLB1;DGKB;DGKI"
"GOBP_DIADENOSINE_POLYPHOSPHATE_METABOLIC_PROCESS",0.287888395688015,1,-0.591534619668715,-1.17442432121146,1361,8,"FHIT;NUDT11;NUDT10;NUDT3;NUDT4;NUDT4B;KARS1;GARS1"
"GOBP_DICARBOXYLIC_ACID_METABOLIC_PROCESS",0.999511241446725,1,-0.184711812020804,-0.617289679369831,4089,96,"LIPF;ACMSD;GAD2;GLS2;PRODH;FOLH1;ME1;KYNU;ALDH5A1;OGDHL;ACOT4;GOT1;SLC46A1;ME3;ASL;ATCAY;DGLUCY;GAD1;IDH1"
"GOBP_DIOL_METABOLIC_PROCESS",0.883804396590399,1,-0.267603589973528,-0.738291633840483,3939,32,"GCH1;PRKG2;NAAA;QDPR;SGPP2"
"GOBP_DIPHOSPHOINOSITOL_POLYPHOSPHATE_METABOLIC_PROCESS",0.391692627206646,1,-0.619781562118273,-1.10126019113377,1885,5,"NUDT11;NUDT10;NUDT3;NUDT4;NUDT4B"
"GOBP_DISACCHARIDE_METABOLIC_PROCESS",0.156327072661734,1,0.674576734509217,1.30965242481288,823,8,"LCT;SI;MGAM"
"GOBP_DITERPENOID_METABOLIC_PROCESS",0.541794609348345,1,0.30491545288122,0.952965264333966,3175,81,"BCO1;AKR1B10;CYP3A4;ADH6;SDR9C7;ALDH1A1;ADH1B;TTR;AWAT2;ABCA4;RARRES2;ALDH1A3;ADH4;FABP1;PNPLA2;CRABP2;SCPEP1;CYP2W1;LPL"
"GOBP_DNA_METABOLIC_PROCESS",1,1,0.154961663996101,0.611419259824279,7624,1003,"CD40LG;S100A11;TWIST1;TEX12;IL7R;APOBEC3H;DNTT;IER3;TGFB1;ANKRD1;ID3;CCN2;HGF;IHO1;SYCE3;SLFN11;SYCE2;EYA2;RPA4;EID3;TNF;TNFSF13;LOX;CIB1;PDGFRB;RNF212;TNFSF4;PTPRC;HUS1B;GMNC;PDGFB;NUDT1;NFKBIZ;NOX4;RAD9B;ANKLE1;SEM1;POLD4;GADD45A;EXO5;FOXL2;CASP3;DHFRP1;CDKN1A;PTTG1;BAX;ANKRD31;NT5E;MSH4;GATA5;ZCWPW1;H1-2;APOBEC3B;AURKB;FAM111A;PCLAF;MGMT;SYCE1;HMGB2;SMOC2;DMC1;NABP1;ZSCAN4;SHMT1;ACVRL1;PIF1;BTG2;RRM2;TK1;PMS2P5;KASH5;SWI5;HSF2BP;SMARCD2;SLX1B;SLC15A4;RAD21L1;ENY2;EME1;KIN;ISG20;RPA3;E2F8;SLX1A;SPHK1;CDC45;UCN;DNA2;DBF4B;BCL7C;HMGN1;ACTL6A;NIBAN2;TYMS;GCNA;TAF10;BANF1;GTF2H5;PSMA2;CDK1;RPS3;MSH5;TRAIP;PMS2P6;FANCA;CLCF1;PAXX;CDK7;RFC4;RNASEH2A;GAR1;CDK2;MNAT1;SSBP1;DONSON;RNASEH2B;MPG;NOP10;ELOF1;CDC7;RECQL;SP100;PRKD2;TAF6L;FAM111B;SHLD1;SHLD3;HNRNPD;CHEK2;TAF12;NTHL1;SETMAR;SIRT7;ZSWIM7;PCNA;ORC6;KMT5C;MND1;POLR2I;RBX1;UBE2B;STOX1;ZBTB48;REXO2;HFM1;HMGB1;GTF2H2;PSMB3;LTO1;TEX11;TK2;H1-0;UVSSA;CHTF18;KIF22;FEN1;PTMS;FANCG;PAGR1;PLK1;TMEM161A;CDT1;ALKBH2;LMNA;MCM7;CDKN1B;GINS2;MAPK15;H2AX;DCTPP1;RPA2;NSMCE4A;RAD51AP1;SIRT6;TERB1;H1-10;POLE3;PSMB6;RAD51;RFC2;MUS81;FANCE;ELOB;AGER;PSMA5;WRAP53;GMNN;E4F1;EXOSC5;HNRNPAB;ADPRS;RNASEH2C;APEX2;CENPX;POLG2;PNKP;RBMS1;CHAF1B;HNRNPC;CECR2;UNG;PSMB1;ATXN7L3;FANCL;HSP90AB3P;PSMB4;WHR1;TADA3;SF3B5;INO80C;NSMCE2;PSMA7;SENP3;HNRNPA2B1;BARD1;BCL7A;SWAP70;RAD9A;PPP4C;POLG;DYNLL1;PSMC3IP;CCNB1IP1;POLE2;FANCI;RFC3;ING4;XPC;EXOSC4;PIAS4;ZBTB1;RFC5;CD40;NAF1;ERCC1;CDCA5;IFFO1;PSMB7;MCM5;MAD2L2;CSNK2A3;LRR1;GLI1;ELOC;RECQL4;NME1;TONSL;BABAM1;NEURL4;POLL;NEK7;RMI2;CDC6;WEE1;NHP2;CENPS;SMUG1;TNFAIP1;FUS;APEX1;POLH;PMS2P3;TATDN1;MUTYH;PHB1;WDR18;BRME1;CDADC1;PRIMPOL;RECQL5;PINX1;TCF3;FIRRM;CCNE1;EXOSC10;FBXO5;APOBEC3G;CNTD1;VPS72;SMARCB1;BCL6"
"GOBP_DOPAMINE_METABOLIC_PROCESS",0.200229885057471,1,-0.403527186364441,-1.17785047457344,870,43,"ITGAM;GNAT2;TH;DRD1;MAOB;GCH1;MAOA;COMT;TACR3;ABAT;SNCA;SNCB;NPR1;PRKN;GRIN2A;SNCAIP;SLC1A1;MOXD1"
"GOBP_DOPAMINERGIC_NEURON_AXON_GUIDANCE",0.790177718326008,1,0.406557013736467,0.739816129133023,4134,6,"WNT7B;RYK;WNT5A"
"GOBP_DOPAMINERGIC_NEURON_DIFFERENTIATION",0.157379384012818,1,0.44985022426613,1.2388183729725,883,38,"WNT2;FOXA2;WNT3A;DMRTA2;LMX1B;PITX3;RSPO2;EN1;SFRP2;VEGFD;WNT1;NR4A2;FOXA1;DKK1;FZD1;MANF;FGF8;CDNF;RYK;FMC1"
"GOBP_DTMP_METABOLIC_PROCESS",0.932654216185625,1,0.298315329425533,0.595544616491632,4943,9,"NT5C;SHMT1;TYMS;DUT;TYMP;DCTD"
"GOBP_DUMP_METABOLIC_PROCESS",0.628183361629881,1,0.442606883893213,0.88360241973599,3329,9,"DPYS;NT5C;DPYD"
"GOBP_ELASTIN_METABOLIC_PROCESS",0.542078229948637,1,0.630684475441128,0.989112850449085,2743,3,"CTSL;CST3;HIF1A"
"GOBP_EMBRYONIC_NEUROCRANIUM_MORPHOGENESIS",0.932460633655853,1,0.30264812619022,0.587574151395047,4914,8,"FGF8;HOXA1;MTHFD1L;NDST1;TULP3;MTHFD1;MED12;GLI3"
"GOBP_EMBRYONIC_OLFACTORY_BULB_INTERNEURON_PRECURSOR_MIGRATION",0.297819314641745,1,-0.66742986494643,-1.18592417968547,1433,5,"ARX;SLIT1;SLIT2"
"GOBP_EMBRYONIC_VISCEROCRANIUM_MORPHOGENESIS",0.266516092603049,1,0.579727422760411,1.18623708012234,1415,10,"FOXC2;TBX1"
"GOBP_ENDOPLASMIC_RETICULUM_CALCIUM_ION_HOMEOSTASIS",0.737467983900476,1,0.325487077637352,0.824287947877607,4030,25,"ATP2A1;TGM2;BAX;ITPR1;SELENOK"
"GOBP_ENERGY_HOMEOSTASIS",0.997438961925901,1,0.200387078069436,0.627845290943617,5841,83,"TWIST1;EDN2;FMO2;ALKAL2;ADRB1;TRPV4;FABP1;FMO1;NMU;NAGLU;FMO4;TSKU;APOE;GDF15;CNTN2;WNK4"
"GOBP_ENERGY_RESERVE_METABOLIC_PROCESS",0.973574749204796,1,-0.22138897340129,-0.737662566722529,3978,94,"PTH;ADCY10;PCDH12;MT3;PID1;NHLRC1;GYG2;PHKG1;COMT;MRAP2;PHKA1;PHKA2;PPP1R3B;GCK;ENPP1;PPP1R3D;PPP1CB;GFPT1;PPP1R2;GRB10;GSK3B;IL6ST;PGM1;PHKB;PPP1R1A;INSR;GYS1;IRS2;AGL;EPM2A;PER2;EPM2AIP1;PFKM;GYG1"
"GOBP_ENSHEATHMENT_OF_NEURONS",1,1,-0.171243068102348,-0.607978914302878,3835,151,"ITGAX;FA2H;MALL;TG;SH3TC2;GJC3;CNTN1;PLP1;NTRK2;UGT8;TMEM163;KCNJ10;SCN2A;MPZ;KLK6;PTPRZ1;SLC8A3;MBP;ID4;CNTNAP1;TNFRSF1B;MAL2;SOS1;TSPAN2;XK;CLU;CLDN11;ABCD2;CDK18;DICER1;SERINC5;ERCC2;ACER3;PTEN;EPB41L3;PPP3R1;SCN8A;QKI;ZNF488;SELENOI;ABCA2"
"GOBP_EPINEPHRINE_METABOLIC_PROCESS",0.544755970924195,1,-0.541298941090816,-0.961808178495676,2622,5,"TH;PNMT"
"GOBP_EPITHELIAL_CELL_DIFFERENTIATION_INVOLVED_IN_PROSTATE_GLAND_DEVELOPMENT",0.95802747976661,1,0.270828656335777,0.554169048922122,5089,10,"HOXB13;FOXA1"
"GOBP_EPITHELIAL_CELL_PROLIFERATION_INVOLVED_IN_PROSTATE_GLAND_DEVELOPMENT",0.976882290562036,1,-0.229484192509592,-0.495788507929487,4605,11,"SOX9;SHH"
"GOBP_ESTABLISHMENT_OF_CENTROSOME_LOCALIZATION",0.908637236084453,1,0.32703363035355,0.61469159461887,4733,7,"FHOD1;CEP83;EZR;DLG1;PAFAH1B1;PKHD1;MISP"
"GOBP_ESTABLISHMENT_OF_MITOCHONDRION_LOCALIZATION",0.483466362599772,1,-0.343647859405921,-0.977894618093519,2119,38,"SYBU;NEFL;AGBL4;ARMCX1;MAP1B;MAPT;FEZ1;AGTPBP1;EPCIP;UCHL1;OPA1;LRPPRC;SPAST;KIF1B"
"GOBP_ESTABLISHMENT_OF_MITOCHONDRION_LOCALIZATION_MICROTUBULE_MEDIATED",0.188074422775163,1,-0.442435168085892,-1.21095808490722,838,31,"SYBU;NEFL;AGBL4;ARMCX1;MAP1B;MAPT;FEZ1;AGTPBP1;UCHL1;OPA1;LRPPRC;SPAST;KIF1B;RHOT1"
"GOBP_ESTABLISHMENT_OF_PROTEIN_LOCALIZATION_TO_MITOCHONDRIAL_MEMBRANE",0.331899641577061,1,0.401858388362634,1.08389863006608,1851,34,"TIMM10;BAX;ROMO1;TOMM7;NDUFA13;BCS1L;MTX1;TOMM6;TIMM8B;TOMM5;TIMM13;AP3B1;MTX3;SAMM50;MTCH1;MAIP1;TMEM126A;TOMM40;TIMM22"
"GOBP_ESTABLISHMENT_OF_PROTEIN_LOCALIZATION_TO_MITOCHONDRION",1,1,0.178871482030989,0.595347610579861,6033,125,"CDKN2A;LRRK2;TIMM10;BAX;ROMO1;UBL5;IMMP1L;IMMP2L;TOMM7;NDUFA13;BCS1L;DNLZ;BBC3;MTX1;MICALL2;TOMM6;RHOU;PAM16;TIMM8B;TOMM5;MGARP;BAG3;DNAJC15;TIMM21;PARL;HAX1;PMPCB;TIMM13;HTRA2;ATP5IF1;TIMM50;DNAJC19;AIP;DDIT3;AP3B1;GRPEL1;UBE2J2;MTX3;GFER;SAMM50;FIS1;MTCH1;MAIP1;TIMM23;TMEM126A;LEPROT;FBXO7;TIMM17B"
"GOBP_ETHANOL_METABOLIC_PROCESS",0.386014248218973,1,0.481360214182943,1.06822837431231,2058,14,"SULT1B1;SULT1E1;SULT1A4;ADH4;SULT1A1;ALDH3B1"
"GOBP_ETHER_LIPID_METABOLIC_PROCESS",0.480579328505596,1,-0.379184003090265,-0.975858537908545,2189,23,"PLA2G4C;PLA2G7;PLAAT3;PAFAH1B2;FASN;NCEH1;LIPE;PXMP4;SELENOI;PEDS1;FAR1;AGPS;TMEM86B;PAFAH1B1;PAFAH1B3"
"GOBP_EXCITATORY_CHEMICAL_SYNAPTIC_TRANSMISSION",0.591780238500852,1,-0.411424464751396,-0.904749886258487,2778,12,"GRIN1;GRIN2B;GRIN2C;GRIN2A"
"GOBP_EXCITATORY_SYNAPSE_ASSEMBLY",0.146903062399263,1,-0.421568953340266,-1.23413883235122,637,44,"VSTM5;NRXN3;WNT7A;SEMA4A;NPTX1;CSMD2;SHANK3;NRXN2;RELN;NRXN1;NLGN1;CLSTN3;LRRC4B;CASKIN1;LRRC4"
"GOBP_EXECUTION_PHASE_OF_APOPTOSIS",0.990705679862306,1,0.211709721705791,0.651859399702437,5755,73,"XKR9;ZC3H12A;FAP;NFKBIZ;NPR2;FOXL2;CASP3;BAX;GATA5;GPER1;COLEC11;NDUFA13;CDK5RAP3;DLC1;AIFM3;BBC3;CASP8;XKR7;CIDEB;BOK;CASP7;DEDD2;CECR2;CAPN10;TNFRSF1A;HTRA2"
"GOBP_EXPORT_ACROSS_PLASMA_MEMBRANE",0.853623188405797,1,-0.251195357298267,-0.819401418542595,3533,81,"FXYD4;KCNE3;ATP12A;ATP4A;PDZK1;KCNIP1;SLC30A10;ABCG2;TMEM163;RGS9;KCNQ1;SLC30A4;SLC4A4;KCNA2;SLC8A3;ABCC4;SLC47A1;KCNB1;SLC15A2;ABCC2;ATP2B1;KCNA5;KCNH2;SLC8A1;FXYD5;SLC47A2;SLC67A1;NEDD4L;ATP1A3;SLC8A2;SLC22A5;KCND3;CALM3;ATP1B2"
"GOBP_EXTRASYNAPTIC_SIGNALING_VIA_GABA",0.157136894824708,1,-0.682775838358124,-1.31408450605495,752,7,"GABRA1;GABRG2;GABRB2;GABRB1;GABRB3"
"GOBP_FARNESYL_DIPHOSPHATE_METABOLIC_PROCESS",0.173126064735945,1,-0.580186231267921,-1.27586828621282,812,12,"HMGCS2;MVD;MVK;HMGCS1;ACAT2;HMGCR"
"GOBP_FATTY_ACID_DERIVATIVE_METABOLIC_PROCESS",0.996210816396831,1,0.200517794945822,0.620764450726492,5783,76,"GGT5;GGTLC3;ELOVL3;TYRP1;AWAT2;FABP1;CYP4F2"
"GOBP_FATTY_ACID_METABOLIC_PROCESS",0.994489127196902,1,0.211989965422784,0.788701646607192,6676,372,"GGT5;CYP2C9;APOA4;GSTM1;ABCC9;TWIST1;APOC3;ACOT12;UGT1A6;ACSM4;EDN2;PLA2G5;ACSM5;ADIPOQ;EDN1;FMO2;PPARG;CYP3A4;ACSM3;CAV1;AVPR1A;ELOVL3;ACSM1;TYRP1;SLC27A6;PDK4;PTGS2;ACSF2;ACADL;ADH4;ACOT11;FABP1;CYP4F2;APOC1;KIF12;BDH2;FMO1;DECR1"
"GOBP_FATTY_ACYL_COA_METABOLIC_PROCESS",0.768362882799908,1,-0.283141367113098,-0.828893478588883,3336,44,"FAR2;ELOVL7;ACSL4;ACSL6;ACSM2A;HSD17B12;ELOVL4;FASN;ELOVL6;DBT;ACSL1;ACSL3;ACACA;FITM2;NUDT19;ACAT1;FAR1;ELOVL2;DLD;HSD17B4;ACOT7;DGAT2"
"GOBP_FERROPTOSIS",0.987446760815961,1,-0.213373961820235,-0.579341076751736,4404,30,"CAMK2A;ADGRG1;AIFM2;ACSL4;TMEM164;LAMP2;DHCR7;ACLY;SC5D;NFE2L2;SLC25A1;PRKCB;HSPA8;PRKAA1;SLC7A11"
"GOBP_FLAVIN_CONTAINING_COMPOUND_METABOLIC_PROCESS",0.194799748374921,1,-0.691867413481924,-1.28288473768154,928,6,"SLC52A3;SLC52A1"
"GOBP_FOLIC_ACID_CONTAINING_COMPOUND_METABOLIC_PROCESS",0.831816527120495,1,0.295992060496614,0.766902342994747,4569,28,"FOLR1;DHFRP1;ALDH1L1;SHMT1;TYMS;MTHFS;GGH;SHMT2"
"GOBP_FOLIC_ACID_METABOLIC_PROCESS",0.303255813953488,1,0.494019519249981,1.13334467898391,1629,16,"FOLR1;DHFRP1;SHMT1;MTHFS"
"GOBP_FOREBRAIN_NEUROBLAST_DIVISION",0.353271028037383,1,-0.639354940709347,-1.13603919064881,1700,5,"DCT;FGFR2;ASPM;LEF1"
"GOBP_FOREBRAIN_NEURON_DEVELOPMENT",0.738882554161916,1,-0.296269809797635,-0.843074224310754,3239,38,"SEMA3E;DRD1;ARX;LHX6;NRP1;SLC4A10;SLIT1;FGFR2;SLIT2;RAPGEF2;FOXG1;DCLK2;ATP7A"
"GOBP_FOREBRAIN_NEURON_FATE_COMMITMENT",0.749524413443247,1,-0.394761674023836,-0.783754146655679,3545,8,"ASCL1;TBR1;BCL11B"
"GOBP_FORMATE_METABOLIC_PROCESS",0.424397647505217,1,0.545614386493774,1.05927934915253,2236,8,"AMDHD1;MTHFS;HAL;SHMT2;MTHFD2;MTHFD1L;FTCD"
"GOBP_FRUCTOSE_1_6_BISPHOSPHATE_METABOLIC_PROCESS",0.476410148878172,1,-0.546808342796553,-1.01391113924599,2271,6,"ALDOC;PFKP;PFKM;ALDOA"
"GOBP_FRUCTOSE_2_6_BISPHOSPHATE_METABOLIC_PROCESS",0.797956429535377,1,0.419091758281239,0.732425917674638,4138,5,"PFKFB3;TIGAR;PFKFB4;PFKFB1;PFKFB2"
"GOBP_FRUCTOSE_6_PHOSPHATE_METABOLIC_PROCESS",0.245068610634648,1,-0.530055399563027,-1.18769301752987,1142,13,"FBP1;GPI;HK1;GFPT1;PFKP;PFKM;HK2;NFE2L1"
"GOBP_FRUCTOSE_METABOLIC_PROCESS",0.727058319039451,1,-0.362229687270487,-0.811646614047989,3390,13,"FBP1;ALDOC"
"GOBP_FUCOSE_METABOLIC_PROCESS",0.643613572509185,1,-0.368975715066776,-0.870788776477324,2977,16,"FUT1;FUT9;FPGT;FUT6;FUT2;FUT7;FUT8"
"GOBP_G_PROTEIN_COUPLED_GLUTAMATE_RECEPTOR_SIGNALING_PATHWAY",0.750378869885257,1,-0.3450240413367,-0.799367442500396,3465,15,"GRM7;GRM3;GRM5;TRPM1;GRM6;GRM1;HOMER2"
"GOBP_GABAERGIC_NEURON_DIFFERENTIATION",0.41681338028169,1,-0.424234146762329,-1.02479269609545,1893,18,"ASCL1;DLX2;DRD1;DLX1;ARX;BCL11B;SHANK3;LHX6"
"GOBP_GALACTOSE_METABOLIC_PROCESS",0.974721508140531,1,-0.239933110234024,-0.548854505550868,4549,14,"GLB1L3"
"GOBP_GAMMA_AMINOBUTYRIC_ACID_METABOLIC_PROCESS",0.48002536461636,1,-0.50266590390941,-0.997985651838221,2270,8,"GAD2;SLC1A3;ABAT;ALDH5A1"
"GOBP_GANGLIOSIDE_METABOLIC_PROCESS",0.576342654238793,1,-0.347093352169319,-0.923360027856899,2596,27,"NEU4;ST8SIA6;ST8SIA4;ITGB8;ST8SIA3;B4GALNT1;ST6GALNAC6;ABCA2;B4GALT5;ST6GALNAC3;B4GALT6;ST8SIA2"
"GOBP_GDP_L_FUCOSE_METABOLIC_PROCESS",0.896494156928214,1,-0.327027661044256,-0.629404203088161,4295,7,"FPGT;FUT8"
"GOBP_GDP_MANNOSE_METABOLIC_PROCESS",0.938792919599062,1,-0.284846742606633,-0.596674728215911,4401,10,"HK1;PMM1;SLC35C1;MPI;GMDS;GUK1;PMM2;GFUS;GMPPA;GMPPB"
"GOBP_GENERATION_OF_NEURONS",1,1,-0.173399196459093,-0.735610655099521,1893,1523,"C3;ESRP1;GNAT2;DLX5;TH;RPGRIP1;FRMD7;KLF4;KLK8;C1QA;USH1G;RUNX3;USH1C;GFRA3;CDH1;GRM7;ADCY10;RASAL1;NEU4;CDHR1;ASCL1;SKOR2;SEMA3E;HCN1;TNR;RAB17;OMG;RAB37;NRXN3;ZNF296;DCT;GSX1;KHDC3L;NDP;TUBA4A;DLX2;VCAM1;DRD1;CPNE6;CRTAC1;OLFM3;RET;PCDH12;MT3;ATP2B2;PLA2G3;GSX2;IL1RAPL1;ADORA2A;MDGA2;CHD5;UNC5D;IRX3;TBR1;CAMK2A;FGF13;DLX1;MET;CNTN1;ARX;PLXNB3;PLK5;BDNF;ANKRD24;KIF21A;FUT9;NCAM2;WNT7A;SEMA4A;CDHR2;CSF1R;SH3GL2;BCL11A;PTPRH;PRKCA;NRN1;PRKCQ;SOX9;SYT2;GABRA5;CRB1;IRX5;IL15RA;APOD;RGS2;CPNE9;ALK;PHOX2B;OPCML;DRGX;ZIC3;WNT10B;CTNND2;FOXB1;RORB;FAIM2;KIAA0319;COBL;SLC1A3;EPHB1;TENM1;NPTX1;TRPV2;CNGB1;EDNRB;PLP1;PTCH1;CPNE5;NTRK2;NEFL;AGBL4;PLPPR4;UGT8;EFHC2;PCDHAC2;CTHRC1;TRIM67;DCHS2;RIMS1;DCC;ARC;BHLHA15;ITPKA;SHH;OPHN1;GRM5;PPFIA2;TAFA1;PAK3;IRX4;ATP8B1;SLITRK2;SYN1;GFAP;ZDHHC15;ATP8A2;SYT17;PLPPR5;ROM1;ASTN1;NEXMIF;TUNAR;DNER;GAREM2;PACSIN1;PHACTR1;KCNQ1;UNC5A;FOXP2;DCLK1;NEFH;SYT1;GPRASP3;NLGN4X;PTPRO;ITGA6;LRRC4C;NFIB;BEND6;NGEF;PHOX2A;MAP7D2;IRX6;GNRH1;EPHA3;ABLIM1;SPRY3;BCL11B;TOX;ADGRG1;THY1;BORCS5;WNT9B;CAPS2;TMEM108;CAMK2B;GRIN3A;VSX2;SMIM45;FSCN2;SHANK3;DSCAM;MAP2;ZNF365;PAK1;EPHA10;NR2E1;MEIS1;STMND1;KCNA1;FZD9;ROBO4;NEGR1;KIF5A;SLC6A4;LONRF2;PRKN;LHX6;RNF157;SH3GL3;NEURL1;GPRIN2;NAP1L2;KLK6;NRP1;MYO16;TNIK;SLC4A10;SLC9A6;PTPRZ1;ISLR2;CX3CL1;EMB;NYAP2;PTPRG;FBXO41;DNAAF4;NLGN3;ACSL4;CPNE8;CHODL;EML1;ATL1;SEMA3D;ACSL6;GPM6A;SH3RF1;RELN;MMD;CTNNA2;KCNB1;BICDL1;DCX;SRCIN1;NDRG4;PRDM8;SARM1;NRCAM;FGF2;SHTN1;SNAP25;BRINP2;KIF26A;TBX20;MAP1B;PPP1R9A;SOX8;ZFHX3;MCF2;ALDH1A2;PPP1R12B;ATP9A;UNC13A;FGF20;SLIT1;TRPC5;MAP3K13;FGFR2;FOS;NTN3;BRINP3;LHX1;NRXN1;MAP1A;ID4;PSD;PREX2;CNTNAP1;PAX2;ANOS1;FZD5;ITSN2;KIF1A;GAS7;GABRB2;PLXNC1;MAPT;ASTN2;SFRP1;HIPK2;ADGRB3;FOXO6;PRKD1;CSPG5;LHX2;LBX1;FLRT3;NLGN1;RASGRF1;PPP3CA;STMN2;CDH4;DDX6;CLSTN3;RDH13;MMD2;CCK;FES;KNDC1;DTNB;CEND1;FRY;SALL1;CEP85L;PPP2R3A;CDK16;RTN1;RIMS2;TENM2;STX1B;EOMES;MYT1L;SOS1;STAU2;CAMK1D;SLIT2;HMCN2;CDK5R2;HECW1;AHI1;ADRA2B;TNXB;SPOCK1;SHANK1;LRRC7;FEZ1;PRKCZ;RORA;TRAPPC9;TSPAN2;SMARCA1;S1PR1;PARD6B;EFNB1;IGLON5;TUBB2A;SYT3;RAPGEF2;VXN;KIDINS220;TTL;XK;DYNC2H1;BRINP1;DLX3;SOD2;CDON;MAGI2;RAPH1;NCAM1;NKX2-1;TRIM46;FOXG1;TAL1;OLFM1;SEMA4F;FAT4;AGTPBP1;BMPR1B;RAB6B;CNTNAP2;CHRNB2;GDNF;DCLK2;CPEB3;DOK5;PITPNA;SOX3;PAK6;ARFGEF1;VWC2;GABRB1;ANK3;DBNDD2;PTPN9;RAB21;PRKG1;FOXN4;CARM1;MAPRE3;BOC;OTP;CRB2;DTX1;NEDD4L;SEZ6;ISL1;AP2A1;ATCAY;CIT;PDZD7;CYFIP2;ULK4;UNC5C;BCL2;CDH23;LRP8;GSK3B;EFNB3;ATP7A;RUFY3;SEPTIN4;NECTIN1;KLF7"
"GOBP_GENERATION_OF_PRECURSOR_METABOLITES_AND_ENERGY",1,1,0.174825492813877,0.661181838734163,6852,465,"G6PC1;ABCC9;ASIP;CAVIN3;IGF1;ADIPOQ;IER3;NOS2;ENO3;ACTN3;AVPR1A;SLC4A1;IGF2;AKR1E2;NUPR1;PDX1;ACSM1;TYRP1;TNF;NFATC4;GCGR;CSKMT;TRPV4;PDK4;PDIA5;PPP1R3C;FABP1;ATP5ME;RUBCNL;STBD1;ALDH1L1;UQCRFS1P1;NDUFA4L2;IMMP2L;P2RX7;EVA1A;ACSS3;NDUFA2;DERA;NDUFA13;BLOC1S1;NDUFA1;NDUFB3;ATP5MF;COX6B1;NDUFS6;UCN;NDUFB4;UQCRQ;NDUFA3;NDUFB1;COX5B;CHCHD5;RPIA;CDK1;NDUFC2-KCTD14;COX7C;NDUFC1;CXXC5;COX7A2;NDUFB2;EIF6;COX8A;WIPI1;UQCC2;ACADVL;GFPT2;NDUFS4;NDUFA7;OPN3;UQCC3;ATP5PF;NDOR1;MT-ND3;DDIT4;SDHC;NDUFB7;SURF1;PFKFB3;MTLN;SIRT3;COX4I1;COX6C;HMGB1;UQCRH;MTCO2P12;SDHD;NDUFB5;DGUOK;NDUFV2;CYC1;NDUFB9;NDUFA8;NDUFB6;SHMT2;TPK1;COX6A1;ATP5MG;UQCR11;NDUFS5;SIRT6;IRS1;NDUFAB1;ATP5PD;ANTKMT;NDUFB8;UQCR10;CBFA2T3;NDUFS3;DNAJC15;SUCLG2;NDUFA11;NDUFA12;NDUFA4;POMC;FDX2;SORBS1"
"GOBP_GEPHYRIN_CLUSTERING_INVOLVED_IN_POSTSYNAPTIC_DENSITY_ASSEMBLY",0.260641643950514,1,-0.655111042596369,-1.21472979021215,1242,6,"NRXN3;NRXN2;NRXN1"
"GOBP_GERANYLGERANYL_DIPHOSPHATE_METABOLIC_PROCESS",0.48138693894916,1,-0.486122206548795,-0.993269436767777,2262,9,"MVD;MVK;HMGCS1;HMGCR"
"GOBP_GLIAL_CELL_DERIVED_NEUROTROPHIC_FACTOR_RECEPTOR_SIGNALING_PATHWAY",0.543087298613713,1,0.433669860941427,0.947168217499376,2898,13,"MMP14;GATA3;SULF1;GFRA1"
"GOBP_GLUCAN_METABOLIC_PROCESS",0.998311218335344,1,-0.189425118837851,-0.621767001774303,4137,84,"PTH;ADCY10;PCDH12;NHLRC1;GYG2;PHKG1;COMT;PHKA1;PHKA2;PPP1R3B;GCK;ENPP1;PPP1R3D;PPP1CB;PPP1R2;GRB10;GSK3B;IL6ST;PGM1;PHKB;PPP1R1A;INSR;GYS1;IRS2;AGL;EPM2A;PER2;EPM2AIP1;PFKM;GYG1"
"GOBP_GLUCOCORTICOID_METABOLIC_PROCESS",0.810059563203177,1,-0.29633560368127,-0.783523412978234,3671,26,"SERPINA6;NR5A2;STAR;GAL;DKK3;CYP17A1;CRH"
"GOBP_GLUCOSE_6_PHOSPHATE_METABOLIC_PROCESS",0.743174372042228,1,0.318091409146026,0.824160778337428,4082,28,"G6PC1;DERA;RPIA"
"GOBP_GLUCOSE_METABOLIC_PROCESS",0.997301158914113,1,0.203767182851678,0.714383247278259,6281,192,"G6PC1;GHRL;IGF1;ADIPOQ;NNMT;ENO3;ACTN3;IGF2;PDX1;IGFBP3;TNF;TFAP2B;PDK4;PCK2;IGFBP4;FABP1;FBN2;FBN1;NR3C1"
"GOBP_GLUCURONATE_METABOLIC_PROCESS",0.338195777351248,1,0.605038413284592,1.137228690106,1761,7,"UGT1A6;AKR1A1"
"GOBP_GLUTAMATE_BIOSYNTHETIC_PROCESS",0.238834137135668,1,-0.666066924716251,-1.23504456972851,1138,6,"GLS2;FOLH1;GOT1"
"GOBP_GLUTAMATE_METABOLIC_PROCESS",0.824585015702109,1,-0.282859508601411,-0.780381192843154,3675,32,"GAD2;GLS2;PRODH;FOLH1;ALDH5A1;GOT1;ASL;ATCAY;DGLUCY;GAD1"
"GOBP_GLUTAMATE_REUPTAKE",0.458796393373873,1,-0.555791597925157,-1.03056820485512,2187,6,"KCNJ10;SLC17A8;CLN8;PER2"
"GOBP_GLUTAMATE_SECRETION",0.584332001775411,1,-0.344521262081311,-0.916517588609733,2632,27,"GRM7;ADORA2A;ABCC8;NTRK2;APBA1;SNCA;ADORA1;KCNK2"
"GOBP_GLUTAMATE_SECRETION_NEUROTRANSMISSION",0.757767913760304,1,-0.39077649114656,-0.775842021921256,3584,8,"ABCC8;STXBP1;NF1"
"GOBP_GLUTAMATERGIC_NEURON_DIFFERENTIATION",0.316901408450704,1,-0.457541887097529,-1.10525187006684,1439,18,"GNAT2;NDP;WNT7A;IRX5;OPHN1;VSX2;NRXN1;KNDC1"
"GOBP_GLUTAMINE_FAMILY_AMINO_ACID_METABOLIC_PROCESS",0.99376407413823,1,0.205711132559783,0.622232419464879,5736,65,"PRODH2;LGSN;NOS2;GLYATL1;FABP1;AMDHD1;NOS3;CPS1;MTHFS;HAL;OTC;PYCR2;PYCR1"
"GOBP_GLUTAMINE_METABOLIC_PROCESS",0.708179808400884,1,0.348699966527225,0.832569611150447,3843,19,"LGSN;GLYATL1;FABP1;CPS1"
"GOBP_GLUTATHIONE_METABOLIC_PROCESS",0.214260808926081,1,0.396384918293406,1.16174966523224,1228,53,"GGT5;GGTLC3;GSTM1;GSTM5;NAT8;FABP1;OPLAH;MGST2"
"GOBP_GLUTATHIONE_TRANSMEMBRANE_TRANSPORT",0.997154240182129,1,0.201149090207338,0.390519536566296,5255,8,"GJA1;ABCC5;SLC25A39"
"GOBP_GLUTATHIONE_TRANSPORT",0.998486854548894,1,0.178139004571567,0.371474463329099,5278,11,"GJA1;MGST1;NHERF1;ABCC5;SLC25A39"
"GOBP_GLYCERALDEHYDE_3_PHOSPHATE_METABOLIC_PROCESS",0.452386002120891,1,-0.46775025414554,-1.01054978144851,2132,11,"RPEL1"
"GOBP_GLYCEROL_3_PHOSPHATE_METABOLIC_PROCESS",0.559682804674457,1,-0.486337451890869,-0.936015122885508,2681,7,"GPD1L;GPD1;GK;GPAT2"
"GOBP_GLYCEROL_METABOLIC_PROCESS",0.936838194315437,1,0.274230109337035,0.620584837724311,5042,15,"PCK2;FABP1;PLA2G4A;COQ3;TKFC;TPI1;GPD2"
"GOBP_GLYCEROLIPID_BIOSYNTHETIC_PROCESS",0.982147761603955,1,-0.214145258100308,-0.800966931686964,3575,233,"C3;BMX;HTR2A;FABP3;CPNE6;PLA2G4C;PCYT1B;HTR2C;DGKK;DGKB;PTPRQ;ITPKA;PIK3C2G;PNPLA3;DGKI;PIGZ;HTR2B;CHAT;EFR3B;PITPNM1;PIP4K2A;ETNK2;GPLD1;GK;PLIN5;CPNE7;FBXW7;OCRL;LPGAT1;PLCE1;PCYT2;PITPNM2;PIP4K2B;UVRAG;PLCG2;PDGFA;PIK3CB;PGAP4;MTMR1;MTMR7;SYNJ1;CDS2;PIGA;INPP5D;PIGS;PTDSS1;CDS1;GPAT2;GPAM;PTEN;PI4K2B;LDLR;ACSL1;ETNK1;LCLAT1;SCARB1;SLC44A5;PITPNM3;MTM1;PIGV;IP6K1;TTC7B;SELENOI;INPP5F;ACSL3;DGKE;PIK3R3;PIK3CA;ABHD5;PIGN;PIK3R4"
"GOBP_GLYCEROLIPID_CATABOLIC_PROCESS",0.43147472642001,1,0.335215179336232,1.01168965410799,2483,64,"APOA4;PLA2G4E;ENPP6;APOC3;PLA2G5;FABP4;PNPLA2;APOC1;PLA2G4A;CPS1;LIPG;LPL;APOA2"
"GOBP_GLYCEROLIPID_METABOLIC_PROCESS",1,1,-0.170619647511601,-0.663024594290377,3268,367,"LIPF;C3;BMX;ABHD12B;PLA2G2A;HTR2A;FABP3;NKX2-3;FUT1;CPNE6;PLA2G4C;MTTP;PCYT1B;PLA2G3;PLCB2;HTR2C;DGKK;PLB1;OSBPL10;DGKB;PTPRQ;PLIN1;MGLL;ITPKA;PIK3C2G;PLA2G7;PNPLA3;DGKI;LIPC;PIP4P2;PIGZ;NAAA;PNPLA1;HTR2B;PLAAT3;CHAT;EFR3B;FAAH;PITPNM1;PIP4K2A;ETNK2;INSIG1;OC90;GPLD1;GK;PLIN5;GDPD1;CPNE7;FBXW7;OCRL;PLCH1;LPGAT1;PLCE1;PAFAH1B2;PCYT2;IPMK;PITPNM2;PLCL1;TNXB;PIP4K2B;MTMR8;APOB;UVRAG;PLCG2;PDGFA;PIK3CB;PGAP4;MTMR1;MTMR7;SYNJ1;CDS2;PIGA;INPP5D;SEL1L;PLAAT5;PIGS;PTDSS1;PNPLA6;CDS1;SERINC5;MTMR9;GPAT2;ABCA3;GPAM;PTEN;PI4K2B;LDLR;ACSL1;ETNK1;LCLAT1;LMF1;CPT1A;SCARB1;SLC44A5;OSBPL8;PITPNM3;MTM1;PIGV;INPP5A;IP6K1;TTC7B;LIPE;SELENOI;INPP5F;ACSL3;DGKE;MECP2;TNFAIP8L3;PIK3R3;PIK3CA;GDE1;FITM2;ABHD5;PIGN;PIK3R4;HADHA"
"GOBP_GLYCEROPHOSPHOLIPID_BIOSYNTHETIC_PROCESS",0.975629569455727,1,-0.217441248245581,-0.799436775808823,3602,200,"BMX;HTR2A;FABP3;CPNE6;PLA2G4C;PCYT1B;HTR2C;DGKK;DGKB;PTPRQ;ITPKA;PIK3C2G;PNPLA3;DGKI;PIGZ;HTR2B;CHAT;EFR3B;PITPNM1;PIP4K2A;ETNK2;CPNE7;OCRL;PCYT2;PITPNM2;PIP4K2B;UVRAG;PLCG2;PDGFA;PIK3CB;PGAP4;MTMR1;MTMR7;SYNJ1;CDS2;PIGA;INPP5D;PIGS;PTDSS1;CDS1;GPAT2;GPAM;PTEN;PI4K2B;ETNK1;LCLAT1;SLC44A5;PITPNM3;MTM1;PIGV;IP6K1;TTC7B;SELENOI;INPP5F;ACSL3;DGKE;PIK3R3;PIK3CA;ABHD5;PIGN;PIK3R4"
"GOBP_GLYCEROPHOSPHOLIPID_CATABOLIC_PROCESS",0.645340501792115,1,0.32748533949196,0.8832984979817,3600,34,"PLA2G4E;ENPP6;PLA2G5;APOC1;PLA2G4A"
"GOBP_GLYCEROPHOSPHOLIPID_METABOLIC_PROCESS",1,1,-0.185510581215976,-0.706356790366633,3461,289,"BMX;ABHD12B;PLA2G2A;HTR2A;FABP3;CPNE6;PLA2G4C;PCYT1B;PLA2G3;PLCB2;HTR2C;DGKK;PLB1;OSBPL10;DGKB;PTPRQ;ITPKA;PIK3C2G;PLA2G7;PNPLA3;DGKI;LIPC;PIP4P2;PIGZ;NAAA;HTR2B;PLAAT3;CHAT;EFR3B;PITPNM1;PIP4K2A;ETNK2;OC90;GDPD1;CPNE7;OCRL;PLCH1;LPGAT1;PLCE1;PAFAH1B2;PCYT2;IPMK;PITPNM2;PLCL1;PIP4K2B;MTMR8;UVRAG;PLCG2;PDGFA;PIK3CB;PGAP4;MTMR1;MTMR7;SYNJ1;CDS2;PIGA;INPP5D;PLAAT5;PIGS;PTDSS1;PNPLA6;CDS1;SERINC5;MTMR9;GPAT2;ABCA3;GPAM;PTEN;PI4K2B;LDLR;ETNK1;LCLAT1;SCARB1;SLC44A5;OSBPL8;PITPNM3;MTM1;PIGV;INPP5A;IP6K1;TTC7B;SELENOI;INPP5F;ACSL3;DGKE;MECP2;TNFAIP8L3;PIK3R3;PIK3CA;GDE1;ABHD5;PIGN;PIK3R4;HADHA"
"GOBP_GLYCINE_METABOLIC_PROCESS",0.539978791092259,1,-0.437756714728204,-0.945750319696373,2545,11,"NDP;GLYAT"
"GOBP_GLYCOLIPID_BIOSYNTHETIC_PROCESS",0.245643756050339,1,-0.334359022112656,-1.10235411483453,1014,86,"GAL3ST2;FA2H;FUT1;ST8SIA6;FUT9;UGT8;ST8SIA4;PIGZ;FUT6;GAL3ST3;ST8SIA3;FUT2;A4GALT;PGAP4;PIGA;PIGS;B4GALNT1;PIGV;ST6GALNAC6;B3GNT5;ST3GAL4;PIGN;A3GALT2;PGAP1;UGCG;B4GALT5;ST6GALNAC3;ST8SIA1;B4GALT6;SPTLC2"
"GOBP_GLYCOLIPID_CATABOLIC_PROCESS",0.627962085308057,1,0.367635122234351,0.889295192378689,3444,20,"LCT;SUMF1;HEXA;HEXB;M6PR"
"GOBP_GLYCOLIPID_TRANSPORT",0.776892430278884,1,0.390895045093601,0.758900533423568,4094,8,"NPC2;PLTP;RFT1;CLN3;CPTP;PLEKHA8"
"GOBP_GLYCOPROTEIN_METABOLIC_PROCESS",1,1,-0.175972038437846,-0.683605550606046,3288,364,"ST6GALNAC2;ST6GALNAC1;CNMD;GAL3ST2;NEU4;CHST4;FUT1;GALNT6;ST8SIA6;GALNT14;B3GNT7;B4GALNT2;FUT3;CHST5;FUT9;GALNTL6;HS6ST2;B3GAT2;LARGE2;GCNT1;FBXO27;EDNRB;HS6ST3;AQP11;ST8SIA4;CCR7;GALNT9;NCCRP1;IDS;HS3ST3B1;MGAT4C;TMTC1;FUT6;ALG13;GALNT3;CHP1;GALNT15;MAN1A1;MGAT4A;FREY1;GAL3ST3;TMEM106A;DSEL;RAMP1;TET1;HS3ST3A1;FBXO2;CHST15;ST8SIA3;FUT2;GALNT13;BTK;C1GALT1C1L;B3GNT4;CHST11;B3GALT5;FBXO6;POMK;MGAT5;GCNT3;FUT7;MGAT5B;GFPT1;BMPR1B;CHST6;NUDT14;B3GAT1;HS3ST1;ARFGEF1;NGLY1;BCL2;AGA;HPSE;SRD5A3;POGLUT1;ATP7A;FUT8;MAN1C1"
"GOBP_GLYCOSAMINOGLYCAN_METABOLIC_PROCESS",0.765177948360084,1,0.28210261208895,0.840344668958752,4385,59,"LYVE1;TGFB1;FOXC1;TNFAIP6;CEMIP;ITIH3;PDGFB;GALNT5;ITIH5;NAGLU;HS3ST2;B3GAT3;HYAL2;HAS2;EXT1;TGDS;HEXA;HEXB;CHST9"
"GOBP_GLYCOSIDE_METABOLIC_PROCESS",0.946133796698523,1,-0.266314956919166,-0.636923380787588,4355,17,"AKR1C4;GBA3;AKR1C2;AKR1C1"
"GOBP_GLYCOSPHINGOLIPID_METABOLIC_PROCESS",0.557774607703281,1,-0.296607648665732,-0.947028448018096,2345,71,"FA2H;NEU4;FUT1;ST8SIA6;FUT9;GBA3;UGT8;ST8SIA4;ITGB8;FUT6;PRKCD;B3GALT1;ST8SIA3;FUT2"
"GOBP_GLYCOSYLCERAMIDE_METABOLIC_PROCESS",0.698057896665445,1,0.353207754007801,0.835577566734851,3809,18,"LCT;B3GALT2"
"GOBP_GLYOXYLATE_METABOLIC_PROCESS",0.97658349328215,1,0.254420935208841,0.478208954225521,5087,7,"HOGA1;GRHPR;AGXT;HYI;IDH2"
"GOBP_GONADOTROPHIN_RELEASING_HORMONE_NEURONAL_MIGRATION_TO_THE_HYPOTHALAMUS",0.412455441392325,1,-0.577983657462038,-1.07171749722359,1966,6,"SEMA3E;NRP1"
"GOBP_GPI_ANCHOR_METABOLIC_PROCESS",0.992602555480834,1,-0.199000323636233,-0.540314576276598,4427,30,"PIGZ;PGAP4;PIGA;PIGS;PIGV;PIGN;PGAP1;PIGM;PIGX;SLC30A5;PIGU;PIGK;PIGT;GPAA1;PIGP;PIGC;PIGF;PIGH;PIGG;PGAP2;PIGB;PGAP3;MPPE1;PIGY;PIGQ;PIGO;DPM2;PIGW;PIGL;DPM1"
"GOBP_GTP_METABOLIC_PROCESS",0.890561880279104,1,0.282629989696629,0.70955794769146,4849,24,"GIMAP7;LRRK2;NME4"
"GOBP_HEME_A_BIOSYNTHETIC_PROCESS",0.634857895727461,1,0.430546936392521,0.880984270590489,3372,10,"PPOX;UROD;CPOX;ALAD;HMBS;FECH"
"GOBP_HEME_B_BIOSYNTHETIC_PROCESS",0.863610639501981,1,0.344275435835722,0.687297507630951,4577,9,"PPOX;UROD;CPOX;ALAD;HMBS;FECH"
"GOBP_HEME_TRANSPORT",0.947670708359923,1,-0.278605984367438,-0.569261814096946,4454,9,"ABCB7;FLVCR1;SLC46A1"
"GOBP_HEMOGLOBIN_METABOLIC_PROCESS",0.834371564675705,1,0.313110714576089,0.740720683607417,4553,18,"INHBA;EPO;HPX"
"GOBP_HEPARAN_SULFATE_PROTEOGLYCAN_METABOLIC_PROCESS",0.996649620878152,1,0.19453138049685,0.55548776905252,5651,46,"SULF1;HS3ST6;NAGLU;NDST3;DSE;HS3ST2;B3GAT3;EXT1"
"GOBP_HEPARIN_PROTEOGLYCAN_METABOLIC_PROCESS",0.653299307327743,1,0.360866278660351,0.872921620637942,3583,20,"EDNRA;NAGLU;NDST3;ANGPT1;EXT1"
"GOBP_HIPPOCAMPAL_NEURON_APOPTOTIC_PROCESS",0.203297769156159,1,0.760304252961824,1.26500956669727,1047,4,"CX3CR1;ELK1"
"GOBP_HISTAMINE_METABOLIC_PROCESS",0.53811833171678,1,0.593200805903998,0.986979477647042,2773,4,"HNMT;SLC22A3"
"GOBP_HISTONE_MRNA_METABOLIC_PROCESS",0.968253968253968,1,0.23955758288953,0.637430784132065,5367,32,"SNRPG;SNRPB;SNRPF;SNRPE;SLBP;LSM1;TUT1;ERI1;EXOSC4;EXOSC10"
"GOBP_HOMOCYSTEINE_METABOLIC_PROCESS",0.816085489313836,1,0.334173209217793,0.74159287266268,4352,14,"NOX4;CPS1;DPEP1"
"GOBP_HUMORAL_IMMUNE_RESPONSE_MEDIATED_BY_CIRCULATING_IMMUNOGLOBULIN",0.740171551107934,1,0.305338269485883,0.831247625508906,4141,36,"CFI;C9;FCMR;TNF;LTA;PTPRC;C8G;HPX;C4BPA"
"GOBP_HYALURONAN_METABOLIC_PROCESS",0.386211875112796,1,0.397446411335629,1.04661444619457,2139,30,"LYVE1;TGFB1;TNFAIP6;CEMIP;ITIH3;PDGFB;ITIH5"
"GOBP_HYDROCARBON_METABOLIC_PROCESS",0.5438562965794,1,0.532712181893951,0.969382032617581,2845,6,"BCO1;CYP2E1;CYP1A1"
"GOBP_HYDROGEN_PEROXIDE_METABOLIC_PROCESS",0.630047610650679,1,0.316472539498755,0.903692887407412,3572,46,"APOA4;HBA1;LPO;HP;EPX;CYBA;HBB"
"GOBP_HYDROGEN_SULFIDE_METABOLIC_PROCESS",0.971272803522751,1,-0.260730166097774,-0.483454986059618,4631,6,"ENSG00000274276;CTH;CBS"
"GOBP_HYPEROSMOTIC_SALINITY_RESPONSE",0.524240709300132,1,0.485877301230259,0.969985724771131,2778,9,"FXYD2;TRPV4;EFHD1"
"GOBP_HYPOTHALAMUS_GONADOTROPHIN_RELEASING_HORMONE_NEURON_DIFFERENTIATION",0.540266328471782,1,-0.477186741227719,-0.947399688916489,2555,8,"SEMA3E;NRP1"
"GOBP_ICOSANOID_METABOLIC_PROCESS",0.522934232715008,1,0.300392941212656,0.967896003529416,3100,101,"CPA1;GGT5;GGTLC3;CYP2C9;GSTM1;EDN2;SYK;PLA2G5;ALOX5AP;EDN1"
"GOBP_IMIDAZOLE_CONTAINING_COMPOUND_METABOLIC_PROCESS",0.524750611707133,1,0.473413679935231,0.968698114542067,2787,10,"HNMT;AMDHD1;HAL;SLC22A3"
"GOBP_IMMUNE_COMPLEX_CLEARANCE",0.77807953443259,1,0.446809441740868,0.743410570296051,4010,4,"PLA2G5"
"GOBP_IMMUNE_EFFECTOR_PROCESS",0.178546224417784,1,0.284569405833118,1.09014973786411,1264,558,"KDM5D;CXCL6;IRF8;CFI;TLR3;C9;FCMR;IL33;NLRP6;CLEC12B;CLEC4E;IL18;CD40LG;CFHR5;IL21;TCIM;CX3CR1;IL7R;CD69;ITGB2;ITGAL;KLK3;GPR65;MZB1;CSF2RB;CLEC7A;SYK;HLA-DMB;PLA2G5;IL12RB1;FFAR2;ASCL2;ZPBP2;HCST;ANXA1;IFNA21;IFNW1;TNFSF18;SLC11A1;NOS2;TGFB1;TLR4;SH2D1B;GATA3;GATA2;TIGIT;LGALS1;HLX;STAP1;CD96;NECTIN4;CLEC4D;TNF;TNFSF13;APOA1;CD274;NCKAP1L;CFH;CD226;ITM2A;RAB44;RIPK3;TNFSF4;IL2RB;ANXA3;ZC3H12A;SLAMF6;LTA;PRF1;PTPRC;PSMB8;ENPP3;SPON2;IL6R;GPR183;HFE;NFKBIZ;PRAM1;C8G;ICAM1;PSMB9;MICA;FCER1G;MDK;LFNG;CTSH;SMAD7;UNC13D;B2M;HPX;C4BPA"
"GOBP_IMMUNE_RESPONSE_INHIBITING_SIGNAL_TRANSDUCTION",0.157367126915075,1,0.620305544646161,1.29352732071051,831,11,"CLEC12B;LILRB5;LAIR1;LILRB2;LILRB3;LILRA6"
"GOBP_IMMUNE_RESPONSE_REGULATING_CELL_SURFACE_RECEPTOR_SIGNALING_PATHWAY",0.531647486371896,1,0.266417260621411,0.978292266859198,3510,320,"BANK1;FCMR;FPR3;CLEC12B;CLEC4E;BTNL8;FYB1;THEMIS;LILRB5;LAIR1;LILRB2;CLEC7A;SYK;FFAR2;BTN1A1;CD200R1;CD72;NOS2;CD38;TLR4;LILRB3;GATA3;TESPA1;STAP1;TRAC;CLEC4D;RGCC;LTF;GCSAML;KCNN4;CD274;CLEC2B;NCKAP1L;CD226;ZC3H12A;LCP2;PTPRC;TLR5;BLNK;CD247;NFKBIZ;CYBA;LILRA6;BTN2A2;TLR2;TEC;PRAM1;FCER1G;SIVA1;BAX;IFI35;HHLA2;ITPRIPL1;LAT2;RAB7B;BTLA;VAV3;TLR1;LAPTM5;NAGLU"
"GOBP_IMMUNE_RESPONSE_REGULATING_CELL_SURFACE_RECEPTOR_SIGNALING_PATHWAY_INVOLVED_IN_PHAGOCYTOSIS",0.887407083515523,1,-0.279324541246611,-0.711626997110438,4058,22,"VAV1;MYO1G;PAK1;PRKCD;HCK;SRC;PRKCE"
"GOBP_IMMUNE_RESPONSE_REGULATING_SIGNALING_PATHWAY",0.766012322682333,1,0.242430034683443,0.9222881865082,5345,503,"BANK1;STING1;TLR3;GBP5;FCMR;FPR3;NLRP6;CLEC12B;CLEC4E;BTNL8;FYB1;TIFAB;THEMIS;LILRB5;LAIR1;LILRB2;CLEC7A;SYK;FFAR2;BTN1A1;CD200R1;CD72;NOS2;CD38;TLR4;LILRB3;GATA3;LRRC19;TESPA1;STAP1;TRAC;CLEC4D;TNF;RGCC;MEFV;LTF;GCSAML;KCNN4;CD274;CLEC2B;GFI1;NCKAP1L;CD226;ZC3H12A;LCP2;KCNK13;PTPRC;TLR5;BLNK;NLRC4;ENPP3;CD247;NFKBIZ;CYBA;LILRA6;BTN2A2;TLR2;TEC;PRAM1;RNF135;BIRC3;FCER1G;CTSH;SIVA1;BAX;IFI35;AURKB;HHLA2;ITPRIPL1;LAT2;RAB7B;BTLA;VAV3;TLR1;LAPTM5;NAGLU;TRAF3IP3;P2RX7;ESR1;LAG3;NOD1;COLEC11;MICB;CD79B;IRF3;NAGK;SLC15A4;PHPT1;IL20RB;KCNK6;CEACAM1;TRAF2;F2RL1;NLRP1;LGALS9;ZAP70;NR1H3;ELF1;BANF1;ALPK1;TNFAIP3;FOSL2;SPSB3"
"GOBP_IMMUNE_RESPONSE_TO_TUMOR_CELL",0.686052773290253,1,0.320595964212484,0.859558103776738,3821,33,"TGFB1;CD274;CD226;PRF1;MICA;BTLA;LAG3;CEACAM1;HLA-A;HAVCR2;HMGB1;NECTIN2"
"GOBP_IMMUNE_SYSTEM_DEVELOPMENT",0.217536600891152,1,0.313220950113559,1.10332511122699,1366,203,"LTB;CXCR5;CD40LG;IL7R;FOXN1;LILRB2;NKX2-5;HAND2;CDKN2B;CD248;TGFB1;HOXB4;GATA3;TBX1;FOXL1;TCF21;TNFSF13;RIPK3;TNFSF4;LTA;TNFRSF11A;BLVRB;PTPRC;PITX2;NFKBIZ;FOXE1;HOXA3;ID2;NFKB2;HMGB2;BTLA;CCR4;HLA-E;TGFBR2;BCL2L11;HES1;SLC15A4"
"GOBP_IMMUNOGLOBULIN_PRODUCTION_INVOLVED_IN_IMMUNOGLOBULIN_MEDIATED_IMMUNE_RESPONSE",0.552018093249826,1,0.322877713395603,0.944091195305231,3172,52,"CD40LG;TGFB1;TNFSF13;TNFSF4;PTPRC;NFKBIZ;SLC15A4;CLCF1;SHLD1;SHLD3;KMT5C"
"GOBP_IMMUNOLOGICAL_SYNAPSE_FORMATION",0.977116279069767,1,0.236395846144582,0.542322649049604,5251,16,"CD6;PRF1;NEDD9;HAVCR2;LGALS3;CD2AP;CD81;NCK2"
"GOBP_IMP_METABOLIC_PROCESS",0.40139009556907,1,-0.433017496711394,-1.03561201044113,1847,17,"AMPD3;XDH;NT5C1A"
"GOBP_IMPORT_ACROSS_PLASMA_MEMBRANE",0.144718979093131,1,-0.307371152878724,-1.13528627945407,532,209,"SLC6A7;FXYD4;SLC30A8;TRPM2;TRPV5;SLC39A4;SCNN1G;SLC6A14;HCN1;SLC12A1;RGS4;SCNN1A;ATP12A;ATP4A;SLC12A8;LRRC8E;SLC7A10;SLC9A2;ABCC8;STEAP2;RGS2;MS4A1;P2RX5;SLC1A3;TRPV2;SLC5A1;KCNJ3;KCNJ11;SLC6A1;SLC9A7;SLC24A2;KCNJ10;GFAP;CACNA1I;SLC17A8;KCNQ1;SLC1A6;KCNJ5;CACNA1D;KCNJ9;SLC6A13;SLC15A1;SLC16A2;SLC9A6;KCNJ1;SLC8A3;HCN2;SLC47A1;CACNA1G;SLC6A5;CACNA1A;TRPM1;SLC1A1;LRRC8B;GRM6;SLC1A4;SLC7A7;SLC15A2;KCNJ16;CD36;PPP3CA;KCNJ13;KCNH2;SLC8A1;SLC36A1;ATP2B4;SLC46A1;CACNA1F;SLC6A6;FXYD5;SLC7A3;AKAP5;PRNP;STK39;HCN4"
"GOBP_IMPORT_INTO_THE_MITOCHONDRION",0.56007548752359,1,-0.506144980798075,-0.938511712312248,2670,6,"SFXN3;SFXN1;SFXN2;MPC2;MPC1"
"GOBP_INDOLE_CONTAINING_COMPOUND_METABOLIC_PROCESS",0.724315836698071,1,-0.304295961385083,-0.839522229594444,3228,32,"IDO1;ACMSD;TH;MAOB;MAOA;KYNU;TPH1;ABCC4;GRIN2A"
"GOBP_INFLAMMASOME_MEDIATED_SIGNALING_PATHWAY",0.966579634464752,1,0.231930763401805,0.694461756291603,5552,61,"GBP5;NLRP6;TLR4;MEFV;KCNK13"
"GOBP_INFLAMMATORY_CELL_APOPTOTIC_PROCESS",0.692829033668561,1,-0.342475774269864,-0.842045677255848,3168,19,"CCL5;FASLG"
"GOBP_INFLAMMATORY_RESPONSE_TO_ANTIGENIC_STIMULUS",0.558006252170893,1,0.314175525599129,0.945657175540743,3212,63,"NLRP6;SYK;GATA3;IL31RA;TNF;CD6;RAB44;LTA;NPY;FCER1G;HMGB2;PLK2;HLA-E;IL20RB;FOSL2;SPN;LYN;EXT1;FURIN;HMGB1"
"GOBP_INNATE_IMMUNE_RESPONSE_ACTIVATING_CELL_SURFACE_RECEPTOR_SIGNALING_PATHWAY",0.976040658276863,1,-0.218889010893649,-0.721659012895946,4032,86,"KLRC4-KLRK1;CLEC6A;S100A14;PIK3AP1;OAS1;TICAM2;TNIP3;TICAM1;IRAK2;PAK3;MASP1;PAK1;TIRAP;KLRK1;KLRD1;KLRC4;CD36;SRC;C1QTNF4;PLCG2;PRKCE"
"GOBP_INNATE_IMMUNE_RESPONSE_IN_MUCOSA",0.406227106227106,1,0.425798444919481,1.03826669761579,2217,21,"APOA4;NOS2;H2BC13;LTF;H2BC9;H2BC12;H2BC6;RPL39"
"GOBP_INNER_MITOCHONDRIAL_MEMBRANE_ORGANIZATION",0.994357256215835,1,0.202081723657861,0.575066435613932,5638,45,"TIMM10;ROMO1;NDUFA13;BCS1L;MTX1;UQCC3;TIMM8B;TAFAZZIN;MICOS10;MICOS13;TIMM13;MTX3;SAMM50;MAIP1;TMEM126A;ADCK1;TIMM22"
"GOBP_INORGANIC_ION_IMPORT_ACROSS_PLASMA_MEMBRANE",0.160910910910911,1,-0.331422278921338,-1.15202324723315,642,126,"FXYD4;SLC30A8;TRPM2;TRPV5;SLC39A4;SCNN1G;HCN1;SLC12A1;SCNN1A;ATP12A;ATP4A;SLC12A8;SLC9A2;ABCC8;STEAP2;MS4A1;P2RX5;TRPV2;SLC5A1;KCNJ3;KCNJ11;SLC6A1;SLC9A7;SLC24A2;KCNJ10;CACNA1I;KCNQ1;KCNJ5;CACNA1D;KCNJ9;SLC9A6;KCNJ1;SLC8A3;HCN2;CACNA1G;CACNA1A;TRPM1;GRM6;KCNJ16;PPP3CA;KCNJ13;KCNH2;SLC8A1;ATP2B4;CACNA1F;FXYD5;AKAP5;PRNP;STK39;HCN4"
"GOBP_INOSINE_METABOLIC_PROCESS",0.660436137071651,1,-0.480589298727701,-0.853936120921125,3179,5,"XDH;PNP"
"GOBP_INOSITOL_METABOLIC_PROCESS",0.955606146841207,1,0.279937076892968,0.543481938811062,5036,8,"MIOX;IMPA2"
"GOBP_INOSITOL_PHOSPHATE_METABOLIC_PROCESS",0.96892203871426,1,0.235078859786678,0.654086048654898,5455,40,"IP6K3;P2RY6;PLEK;LHCGR;AVPR1B;GPER1"
"GOBP_INOSITOL_TRISPHOSPHATE_METABOLIC_PROCESS",0.80418394270637,1,0.34963647466423,0.746854311896292,4266,12,"P2RY6;LHCGR;GPER1"
"GOBP_INSULIN_METABOLIC_PROCESS",0.476452464788732,1,-0.40698610484436,-0.983127810054615,2164,18,"SLC30A8;PCSK2"
"GOBP_INTERFERON_ALPHA_PRODUCTION",0.716339155749636,1,0.326240864064032,0.839439206170009,3936,27,"TLR3;TLR4;IRF3;HAVCR2;NMB;HMGB1;NLRC3"
"GOBP_INTERFERON_BETA_PRODUCTION",0.98691327865992,1,0.215064218613187,0.642291875382335,5655,60,"STING1;TLR3;TLR4;TRIM38;TLR2;RNF135;HMGB2;TRAF3IP3;IRF3"
"GOBP_INTERFERON_MEDIATED_SIGNALING_PATHWAY",0.838842975206612,1,-0.252495793777382,-0.837454562419848,3450,90,"IFNL1;OASL;OAS2;IFNL3;CR2;IFIH1;OAS1;IFITM1;RBM47"
"GOBP_INTERMEMBRANE_LIPID_TRANSFER",0.763007105202842,1,-0.286090902063446,-0.831943383668832,3328,42,"MTTP;OSBPL10;PRELID2;PITPNM1;PITPNM2;PITPNA;ABCA3;VAT1;PITPNC1;OSBPL8;PITPNM3;BLTP3B;TNFAIP8L3;CERT1;OSBP;STARD7;OSBPL2"
"GOBP_INTERNEURON_MIGRATION",0.677235256816741,1,-0.42448365888823,-0.842763747681181,3203,8,"DRD1;ARX;LHX6"
"GOBP_INTERNEURON_MIGRATION_FROM_THE_SUBPALLIUM_TO_THE_CORTEX",0.468822659057282,1,-0.507614721377348,-1.00781096282143,2217,8,"DRD1;ARX;LHX6"
"GOBP_INTERSTRAND_CROSS_LINK_REPAIR",1,1,-0.139120736796661,-0.406077784585654,4349,43,"POLN;RNF168;ATR;ERCC4;ERCC6L2;SPRTN;MCM9;XPA;DCLRE1B;FANCD2;FANCF;NUCKS1;FAAP24;RAD51D;DCLRE1C;VCP;FANCB;NEIL3;FANCC;DCLRE1A;HMCES;HROB;FAN1;XRCC3;MCM8;RFWD3;FAAP100;RNF8;FIGNL1;FANCM;FAAP20;FIRRM;CENPS;ERCC1;FANCI;FANCL;CENPX;FANCE;RAD51;RAD51AP1;FANCG;FANCA;EXO5"
"GOBP_INTESTINAL_LIPID_ABSORPTION",0.639611579333089,1,0.370955690939195,0.877563558795971,3490,18,"APOA4;APOA1;LIMA1;PRAP1;APOA2;CLDN15;CEL"
"GOBP_INTRACELLULAR_DISTRIBUTION_OF_MITOCHONDRIA",0.962854757929883,1,-0.266581694436132,-0.513068645045775,4613,7,"BHLHA15;MAPT"
"GOBP_INTRACELLULAR_GLUTAMATE_HOMEOSTASIS",0.810102178523231,1,0.413920595891811,0.723388533179046,4201,5,"GRM2;KCTD7;SLC7A11;GLS"
"GOBP_INTRACELLULAR_IRON_ION_HOMEOSTASIS",1,1,0.16304826249867,0.50066048120041,5803,72,"SLC11A1;HAMP;HFE;SCARA5;B2M;HPX;BOLA2;BOLA1;ERFE;BMP2;CYBRD1;RBX1;SLC39A8;FTL;BOLA3"
"GOBP_INTRACELLULAR_LIPID_TRANSPORT",0.545140488254261,1,-0.31892437367283,-0.947270480853521,2366,47,"CES1;FABP3;STAR;PIP4K2A;STARD4;TMEM97;GRAMD1B;GRAMD1C;VPS53;ABCD2;LDLR;CPT1A;ABCA2;ABCD3;VPS51;CERT1;OSBP;OSBPL2;GRAMD1A;SERAC1;PCSK9"
"GOBP_INTRACELLULAR_SPHINGOLIPID_HOMEOSTASIS",0.643531906689801,1,0.502888098810924,0.878872633453393,3337,5,"ORMDL3;ORMDL1;ORMDL2"
"GOBP_INTRINSIC_APOPTOTIC_SIGNALING_PATHWAY_IN_RESPONSE_TO_OXIDATIVE_STRESS",0.910304449648712,1,-0.246820297325948,-0.76381114278396,3886,59,"ADCY10;CYP1B1;PRODH;NOL3;NOX1;PRKN;PRKCD;FGF2;FBXW7;MAP2K4;PDK1;SOD2;MAP3K5;BCL2"
"GOBP_IRE1_MEDIATED_UNFOLDED_PROTEIN_RESPONSE",0.73168044077135,1,0.330025884383089,0.820693525323067,3983,23,"BAX;BCL2L11;BBC3;ZBTB8OS;BAK1;COPS5;XBP1;DDRGK1;HSPA5;RTCB;UFL1;BFAR;ERN2;DNAJC10;PARP16;TMBIM6;VAPB;PTPN1;DAB2IP;ERN1;TMEM33;FICD;DNAJB9"
"GOBP_IRON_COORDINATION_ENTITY_TRANSPORT",0.955427596502453,1,-0.268958897991207,-0.563394111133562,4479,10,"ABCB7;FLVCR1;SLC46A1"
"GOBP_IRON_IMPORT_INTO_CELL",0.876558867047136,1,-0.331089699349379,-0.657340724430076,4146,8,"STEAP2"
"GOBP_IRON_ION_IMPORT_ACROSS_PLASMA_MEMBRANE",0.683805668016194,1,-0.54817926740555,-0.866650304887635,3377,3,"STEAP2"
"GOBP_IRON_ION_TRANSMEMBRANE_TRANSPORT",0.780896828290193,1,0.325459874508158,0.787274893522762,4283,20,"SLC11A1;HAMP;SCARA5;MCOLN2;SLC25A28;SLC39A8;ABCC5;ISCU;HEPH"
"GOBP_IRON_ION_TRANSPORT",0.914505956552207,1,0.256397403913766,0.740796051427396,5219,49,"SLC11A1;LTF;HAMP;HFE;SCARA5;B2M;HPX;MELTF;CYBRD1;MCOLN2;SLC25A28;SLC39A8;FTL"
"GOBP_ISOCITRATE_METABOLIC_PROCESS",0.788992731048806,1,-0.411040523056209,-0.730358230466729,3798,5,"IDH1;IDH3A;IDH3G"
"GOBP_ISOLEUCINE_METABOLIC_PROCESS",0.861889927310488,1,-0.367931307034562,-0.653759527992636,4149,5,"ACADSB;ACAT1;BCAT2;HSD17B10;BCKDK"
"GOBP_ISOPRENOID_METABOLIC_PROCESS",0.69017887276409,1,0.275588130125755,0.898580879857738,4089,109,"CYP2C9;BCO1;AKR1B10;CYP3A4;ADH6;SDR9C7;ALDH1A1;ADH1B;TTR;AWAT2;ABCA4;RARRES2;ALDH1A3;ADH4;FABP1;PNPLA2;CRABP2;SCPEP1;CYP2W1;DPM3;LPL;NPC2;CYP26C1;DPM1"
"GOBP_KERATAN_SULFATE_PROTEOGLYCAN_METABOLIC_PROCESS",0.700043440486533,1,-0.349915068275281,-0.836862829082706,3222,17,"B3GNT7;CHST5;B3GNT4;CHST6;ST3GAL4;B4GAT1"
"GOBP_KETONE_BODY_METABOLIC_PROCESS",0.893952299829642,1,-0.304250574005751,-0.669067339960242,4197,12,"HMGCS2;OXCT2"
"GOBP_KETONE_METABOLIC_PROCESS",0.206437291897891,1,0.314150310624635,1.10785565896879,1301,205,"CYP19A1;APOA4;TWIST1;APOC3;UGT1A6;EDN2;INHBA;AKR1B10;ADIPOQ;EDN1;FMO2;PPARG;DKKL1;CYP21A2;CAV1;AVPR1A;TDO2;BMP5;ADM;DAB2;PDK4;NQO1;PTGS2;ACADL;ADH4;FABP1;CYP4F2;LHB;APOC1;KIF12;FMO1"
"GOBP_KYNURENINE_METABOLIC_PROCESS",0.618804509678792,1,-0.431562533623389,-0.881790358324541,2908,9,"IDO1"
"GOBP_L_AMINO_ACID_METABOLIC_PROCESS",0.430664573521716,1,-0.27862895151,-1.00286078075629,1645,165,"PAH;HGD;IDO1;ACMSD;TH;ASPG;TYR;GAD2;BHMT;DCT;NDP;GLS2;MTTP;NOS1;MAT1A;PRODH;RIMKLA;FOLH1;AGMAT;KYNU;ALDH5A1;QDPR;MRI1;DDAH1"
"GOBP_L_ARGININE_IMPORT_ACROSS_PLASMA_MEMBRANE",0.34949453270064,1,-0.679432369319202,-1.14433508306931,1693,4,"SLC47A1;SLC7A3;SLC7A2;SLC7A1"
"GOBP_L_ASCORBIC_ACID_METABOLIC_PROCESS",0.919803291091356,1,0.304259721501528,0.634474841875708,4862,11,"SLC23A1;GSTO2;SLC2A1;SLC2A3"
"GOBP_L_ASPARTATE_IMPORT_ACROSS_PLASMA_MEMBRANE",0.18536380792619,1,-0.697269988281766,-1.29290238068632,883,6,"SLC1A3;SLC1A6;SLC1A1;SLC1A4"
"GOBP_L_GLUTAMATE_CATABOLIC_PROCESS",0.338689482470785,1,-0.587939013610972,-1.13155959084506,1622,7,"GAD2;GOT1;GAD1"
"GOBP_L_GLUTAMATE_IMPORT",0.571954022988506,1,-0.319115396059713,-0.931461951991411,2487,43,"GNAT2;ABCC8;SLC1A3;KCNJ10;SLC17A8;SLC1A6;SLC1A1;SLC1A4;GRM1;SLC17A6;CLN8;TTYH1;EPM2A;SLC3A1;PER2;STXBP1;NF1"
"GOBP_L_GLUTAMATE_IMPORT_ACROSS_PLASMA_MEMBRANE",0.417796239615216,1,-0.415750391525202,-1.02220608376628,1910,19,"SLC1A3;KCNJ10;SLC17A8;SLC1A6;SLC1A1;SLC1A4;GRM1;CLN8;PER2"
"GOBP_L_GLUTAMATE_TRANSMEMBRANE_TRANSPORT",0.900699616339427,1,-0.261442534494376,-0.725502861988201,3990,33,"SLC1A3;KCNJ10;SLC17A8;SLC1A6;SLC1A1;SLC1A4;GRM1;SLC17A6;CLN8;TTYH1;EPM2A;SLC3A1;PER2"
"GOBP_L_GLUTAMINE_IMPORT_ACROSS_PLASMA_MEMBRANE",0.286485444380181,1,0.683782828782953,1.19501339734157,1485,5,"SLC38A5;SLC1A5"
"GOBP_L_HISTIDINE_METABOLIC_PROCESS",0.490988427243407,1,0.51672518203524,1.00319259914393,2587,8,"HNMT;AMDHD1;HAL"
"GOBP_L_KYNURENINE_METABOLIC_PROCESS",0.969055036344756,1,-0.268298862269476,-0.476727405917043,4665,5,"KYNU"
"GOBP_L_LEUCINE_IMPORT_ACROSS_PLASMA_MEMBRANE",0.584345479082321,1,0.534285521749819,0.933744355109172,3030,5,"SLC3A2;SLC7A8;SLC43A2;SLC43A1;SLC7A5"
"GOBP_L_LEUCINE_METABOLIC_PROCESS",0.789619229951074,1,-0.36798418972332,-0.751883875992489,3711,9,"HMGCLL1;MCCC1;DAO;IVD;MCCC2;HMGCL;AUH;BCAT2;BCKDK"
"GOBP_L_SERINE_CATABOLIC_PROCESS",0.984191247349142,1,0.26185674256073,0.457634065045559,5104,5,"SHMT1;SDS"
"GOBP_L_SERINE_METABOLIC_PROCESS",0.986932305055698,1,-0.218805910155794,-0.50052537356362,4606,14,"NDP"
"GOBP_L_TRYPTOPHAN_METABOLIC_PROCESS",0.595758354755784,1,-0.392720020412297,-0.898359348624627,2780,14,"IDO1;ACMSD"
"GOBP_L_TYROSINE_CATABOLIC_PROCESS",0.354932502596054,1,-0.638527922074752,-1.13456970082324,1708,5,"HGD"
"GOBP_LACTATE_METABOLIC_PROCESS",0.942727469202507,1,-0.268076804340392,-0.632665682106677,4361,16,"LDHD"
"GOBP_LACTONE_METABOLIC_PROCESS",0.524728362682653,1,0.440170911289378,0.961367009770934,2800,13,"PON1;SLC23A1;GSTO2;SLC2A1;PON2;SLC2A3"
"GOBP_LEUKOCYTE_CHEMOTAXIS_INVOLVED_IN_INFLAMMATORY_RESPONSE",0.633479839480222,1,0.49045234025086,0.892481348566334,3314,6,"FFAR2;MDK;PTN;NINJ1"
"GOBP_LEUKOCYTE_MIGRATION_INVOLVED_IN_INFLAMMATORY_RESPONSE",0.503374578177728,1,0.439749101832086,0.975885530865368,2684,14,"ITGB2;FFAR2;MDK"
"GOBP_LEUKOTRIENE_B4_METABOLIC_PROCESS",0.968380213385063,1,0.298150357295722,0.496068584154342,4991,4,"CYP4F2;PTGR1;CYP4F3;CYP4A11"
"GOBP_LINOLEIC_ACID_METABOLIC_PROCESS",0.559685177087888,1,-0.376019975024137,-0.924520851747696,2559,19,"ALOX12B;ALOXE3;ALOX15B;CYP4A11;CYP2C18"
"GOBP_LIPID_BIOSYNTHETIC_PROCESS",1,1,-0.162490502294068,-0.662994170450291,2741,694,"CYP4F22;OLAH;C3;ALOX12B;BMX;SERPINA6;CES1;IDI2;RDH8;PTGS1;ABHD1;GAL3ST2;FA2H;SDR42E1;FGF19;NR5A2;FAR2;HMGCS2;HTR2A;FABP3;PTGDS;FUT1;CPNE6;PLA2G4C;FADS6;ST8SIA6;CGA;SDR42E2;PCYT1B;PLA2G3;HTR2C;PLD6;CH25H;MFSD2B;DGKK;NR0B1;ALOX5;SRD5A2;STAR;GGTA1;FUT9;CYP24A1;DGKB;GIP;PLP1;ALOXE3;PTPRQ;ABCG2;UGT8;MGLL;CTHRC1;ITPKA;ACSS2;PIK3C2G;PTGES;ELOVL7;ST8SIA4;PNPLA3;HSD17B3;DGKI;LIPC;PIGZ;EHHADH;PNPLA1;DKK3;ZBTB20;PRXL2B;FUT6;HTR2B;PLAAT3;CHAT;EFR3B;DHCR24;CHP1;PITPNM1;PIP4K2A;PRKCD;ALOX15B;ACSL4;RDH10;PAM;ACSL6;ACOT4;ACSM2A;HMGCLL1;CYP17A1;ETNK2;STARD4;GAL3ST3;INSIG1;SCD;GPLD1;GK;PLIN5;ALDH1A2;CPNE7;HSD17B12;FBXW7;ST8SIA3;ACSS1;OCRL;CERS1;HSD17B13;FUT2;PRKD1;LPGAT1;FGFR4;PLCE1;PCYT2;CRH;FLVCR1;PITPNM2;ELOVL4;NFKB1;FASN;A4GALT;MVD;PIP4K2B;ABCG4;ELOVL6;APOB;UVRAG;SQLE;PLCG2;PDGFA;MVK;PIK3CB;PGAP4;MTMR1;PRKAA2;HMGCS1;FADS1;MTMR7;DHCR7;TMEM135;SYNJ1;CDS2;PIGA;SCD5;FADS3;INPP5D;CYP51A1;AACS;ACAT2;ABCD2;IDH1;SRD5A3;SREBF2;ACOX1;MSMO1;PIGS;CYP7B1;PTDSS1;CLN8;CDS1;SERINC5;MLXIPL;TM7SF2;GPAT2;HSD17B7;ABCA3;GPAM;B4GALNT1;SERINC4;SGMS1;ACER3;PTEN;PI4K2B;LDLR;HMGCR;ACSL1;ETNK1;LCLAT1;PTGIS;ACLY;SCARB1;SLC44A5;RBP1;PITPNM3;MTM1;GPRC6A;SEC14L2;PBX1;PIGV;ST6GALNAC6;IP6K1;QKI;TTC7B;KPNB1;SELENOI;INPP5F;ABCA2;MALRD1;ACSL3;PPARA;DGKE;B3GNT5;GNAI1;NSDHL;SC5D;AKR1C3;ABCD3;CERS4;ACACA;GGT7;PIK3R3;PIK3CA;MID1IP1;FITM2"
"GOBP_LIPID_CATABOLIC_PROCESS",0.993599512343798,1,0.212077188529032,0.777462716506593,6519,315,"CYP19A1;LCT;APOA4;PLA2G4E;BCO1;TWIST1;ENPP6;APOC3;LIPJ;PLA2G5;AKR1B10;ZPBP2;FABP4;ADIPOQ;PLA2G2C;CYP3A4;AKR1D1;LRCOL1;TNF;ETNPPL;SULT1E1;SPP1;BLVRB;RARRES2;HCAR2;ACADL;PLA1A;FABP1;CYP4F2;PNPLA2;APOC1;BDH2;FGF23;DECR1;PLA2G4A;CPS1;PLBD1;NAGLU;MGST2;LIPG;HINT2;ACOX2;CYP2W1;LPL;NUDT7;APOA2;CYP27B1"
"GOBP_LIPID_DIGESTION",0.806409781400519,1,0.325558632574272,0.758801946586799,4352,17,"APOA4;APOA1;LIMA1;APOA2;CEL"
"GOBP_LIPID_DROPLET_DISASSEMBLY",0.686180422264875,1,0.446329522098214,0.838919854717784,3574,7,"PNPLA2;PLIN2;PLIN3;KAT5;CHKA"
"GOBP_LIPID_DROPLET_FORMATION",0.950841452612932,1,-0.25829507737197,-0.641016803989384,4293,20,"PLA2G4C;NEGR1;BSCL2;SMIM22;PLIN5;SQLE;CDS2;MOSPD2;CDS1"
"GOBP_LIPID_DROPLET_FUSION",0.728419010669253,1,0.47683509161842,0.793367852783214,3754,4,"PNPLA2;CIDEB;LDAH"
"GOBP_LIPID_DROPLET_ORGANIZATION",0.998856358645929,1,-0.169592836314479,-0.491104776872899,4366,41,"PLA2G4C;PNPLA3;NEGR1;BSCL2;SMIM22;PLIN5;CLSTN3;SQLE;PRKAA2;CDS2;MOSPD2;RAB18;CDS1"
"GOBP_LIPID_HOMEOSTASIS",0.448527031401748,1,0.291042786903294,1.00116116444787,2770,166,"G6PC1;ITGB6;APOA4;IL18;APOC3;FABP4;TGFB1;PPARG;ACSM3;CAV1;ACSM1;APOA1;ETNPPL;CAV3;LIMA1;MYLIP;FABP1;ORMDL3;PNPLA2;APOC1;APOM;ABCB4;LDLRAP1;LCAT;LIPG;ABCA12;LPL;APOA2;ABCA1;NPC2;PCSK5;TSKU;NR1H3;ORMDL1"
"GOBP_LIPID_HYDROXYLATION",0.371488629849035,1,0.612783795127292,1.1150892002576,1943,6,"CYP3A4;CYP2E1;CYP1A1;CYP3A5"
"GOBP_LIPID_IMPORT_INTO_CELL",0.917355371900826,1,0.273412499760456,0.67990990681002,4994,23,"SPX;SLC27A6;STRA6;FABP1;THBS1;SLC2A1"
"GOBP_LIPID_LOCALIZATION",0.844467486298326,1,0.238643486784388,0.894749881198958,5700,417,"REN;CYP19A1;APOA4;AGT;APOC3;GHRL;SLC22A11;INHBA;SYK;PLA2G5;XKR9;TNFSF11;ANXA1;FABP4;ADIPOQ;EDN1;NOS2;PLA2G2C;PPARG;APOL3;SPX;ANO9;CAV1;APOL4;SLC4A1;TNF;ABCA8;APOA1;KCNN4;PON1;RBP7;DAB2;ETNPPL;ABCA4;ZC3H12A;SPP1;TNFRSF11A;SLC27A6;AVPR1B;ITGB3;ABCA6;STRA6;PTGS2;BDKRB2;FABP1;CYP4F2;PLA2R1;PRAP1;PNPLA2;APOC1;PROCA1;APOM;CFTR;CRABP2;APOBR;SLCO2A1;LRP10;PLA2G4A;ITGAV;ABCB4;LDLRAP1;LCAT;P2RX7;LIPG;MSR1;APOLD1;ABCA12;LPL;THBS1;SELENOM;APOA2;ABCA1;NPC2;CEACAM1;STARD6;TSKU;AGTR1;NR1H3;ERFE;PLIN2;SLC43A3;SLC22A1;NKX3-1;SLC25A20"
"GOBP_LIPID_METABOLIC_PROCESS",1,1,0.178763472578928,0.714064323383513,7945,1272,"GGT5;CYP19A1;GGTLC3;CYP2C9;G6PC1;LCT;APOA4;GSTM1;VSIG2;IGFBP7;PLA2G4E;BCO1;ABCC9;TWIST1;AGT;ENPP6;APOC3;GPR31;ACOT12;P2RX1;UGT2B7;SULT2B1;UGT1A6;ACSM4;LIPJ;SNAI2;EDN2;IP6K3;INHBA;PLA2G5;ACSM5;DGKG;AKR1B10;ZPBP2;SFTPB;FABP4;ADIPOQ;CERS3;EDN1;FMO2;PLA2G2C;PPARG;CYP3A4;GPX5;ADH6;PIK3R5;ACSM3;DKKL1;SGMS2;ANO9;SDR9C7;CYP21A2;AKR1D1;CAV1;UGT2B11;AVPR1A;LRCOL1;ALDH1A1;APOL4;ELOVL3;ASMT;GATA6;BMP5;ADM;ACSM1;TYRP1;TNF;ABCA8;APOA1;PON1;GFI1;ADH1B;TTR;AWAT2;CCN1;DAB2;SLC44A3;ETNPPL;ABCA4;SULT1E1;SPP1;BLVRB;RARRES2;SLC27A6;HCAR2;LHCGR;PDGFB;CAV3;ALDH1A3;LIMA1;PDK4;HSD17B2;HSD17B14;PTGS2;SULT1A4;PCK2;ACSF2;ACADL;ADH4;SLC44A4;PLA1A;SULT1A1;SPTLC3;ACOT11;NR1I2;FABP1;CYP4F2;ORMDL3;CERKL;LHB;PNPLA2;BAX;APOC1;PROCA1;KIF12;ACOT13;BDH2;FGF23;NR3C1;CFTR;RUBCNL;FMO1;DECR1;CRABP2;APOBR;GPER1;ID2;LRP10;PLA2G4A;SCPEP1;CPS1;ABCB4;LDLRAP1;GNB3;LCAT;PLBD1;NAGLU;MGST2;P2RX7;ACSS3;LIPG;AJUBA;PDGFRA;FITM1;ESR1;HINT2;ABCA12;SNAI1;ACOX2;AFP;CYP2W1;FMO4;DPM3;LPL"
"GOBP_LIPID_MODIFICATION",1,1,-0.151766849036716,-0.54966056895843,3763,176,"MBOAT4;ALOX12B;FA2H;FABP3;ACOXL;ALOX5;SOX9;DGKB;APOD;ALOXE3;PLPPR4;PPARGC1A;PLA2G7;PLPPR5;DGKI;PIP4P2;EHHADH;ABCB11;SGPP2;ALOX15B;AMACR;PLIN5;OCRL;CYP4V2;PLPPR2;MTMR8;MTMR1;MTMR7;PLPP2;SYNJ1;INPP5D;ABCD2;ACOX1;MTMR9;PTEN;CYP4F3;CRAT;IRS2;CPT1A;PLPPR1;MTM1;INPP5A;INPP5F;PPARA;DGKE;ABCD3;CYGB;PLPP1;HADHA;ECI2"
"GOBP_LIPID_OXIDATION",0.973569023569024,1,0.224584979557973,0.735242083169473,5782,112,"ABCC9;TWIST1;ADIPOQ;FMO2;ACSM1;PDK4;ACADL;ADH4;FABP1;CYP4F2;BDH2;FMO1;DECR1;ACOX2;FMO4;ALOX15;DECR2;GDF15;KLHL25;ACADVL"
"GOBP_LIPID_PHOSPHORYLATION",0.758140410314323,1,0.381792456659141,0.781222952751793,4027,10,"DGKG;DGKA;DGKH"
"GOBP_LIPID_TRANSLOCATION",0.587972750763448,1,-0.298864543038073,-0.930219159204947,2502,61,"TMEM30B;FASLG;ATP10B;PLSCR4;ATP8B4;ATG9B;ANO3;ATP8B1;ATP8A2;SYT1;ANO5;ATP11C;ATP9A;TRPC5"
"GOBP_LIPID_TRANSPORT_ACROSS_BLOOD_BRAIN_BARRIER",0.993499685468652,1,-0.223116444508317,-0.413710308952091,4737,6,"CD36;SLC27A4;MFSD2A;FABP5;SLC27A1;APOE"
"GOBP_LIPOPROTEIN_METABOLIC_PROCESS",0.900460986853338,1,0.249377814938658,0.781341233593874,5273,83,"APOA4;APOC3;APOL3;APOL4;APOA1;ITGB3;FABP1;APOC1;APOM;NOTUM;HHATL;ITGAV;LCAT;LIPG;APOLD1;APOA2;ABCA1;ZDHHC22"
"GOBP_LIPOSACCHARIDE_METABOLIC_PROCESS",0.862333168561542,1,-0.243295128645755,-0.83554814581033,3488,115,"GAL3ST2;FA2H;NEU4;FUT1;ST8SIA6;FUT9;GBA3;UGT8;ST8SIA4;PIGZ;ITGB8;FUT6;AOAH;PRKCD;B3GALT1;GAL3ST3;ST8SIA3;FUT2;A4GALT;PGAP4;PIGA;PIGS;B4GALNT1;PIGV;ST6GALNAC6;ABCA2;B3GNT5;ST3GAL4;PIGN;A3GALT2;FUCA1;PGAP1;UGCG;B4GALT5;ST6GALNAC3;ST8SIA1;B4GALT6;SPTLC2"
"GOBP_LIPOXIN_A4_METABOLIC_PROCESS",0.831442129152053,1,-0.408960153018921,-0.688791808882866,4029,4,"ALOX15B;CYP4F3;PTGR1"
"GOBP_LONG_CHAIN_FATTY_ACID_IMPORT_ACROSS_PLASMA_MEMBRANE",0.993977037455298,1,0.200510259082252,0.410283686660455,5280,10,"THBS1;SLC2A1;AKT2;SLC27A1;AKT1;ACSL5;SLC27A5"
"GOBP_LONG_CHAIN_FATTY_ACID_METABOLIC_PROCESS",0.517571884984026,1,-0.288818127584051,-0.968664852873006,2105,99,"ALOX12B;ADTRP;CYP2B6;PTGS1;CYP1B1;PTGDS;CYP2A6;PLA2G4C;CYP2S1;ALOX5;PLP1;ALOXE3;MGLL;CTHRC1;PTGES;PNPLA3;PRXL2B;FAAH;ALOX15B;ACSL4;ACSL6;ACOT4;CYP4Z1;CYP4A11;CYP2C18"
"GOBP_LONG_CHAIN_FATTY_ACYL_COA_METABOLIC_PROCESS",0.655618964003512,1,-0.335417459741099,-0.872465795860096,2986,24,"FAR2;ELOVL7;ACSL4;ACSL6;HSD17B12;ELOVL4;ELOVL6;ACSL1;ACSL3"
"GOBP_LONG_TERM_SYNAPTIC_DEPRESSION",0.64314789687924,1,-0.316892617788183,-0.888565332384959,2843,35,"GRIA1;DRD1;ADCY8;ARC;GRM5;SLC24A2;DRD5;SHANK2;SHANK3;KCNB1;ADORA1;MAPT;STAU2"
"GOBP_LOW_DENSITY_LIPOPROTEIN_RECEPTOR_PARTICLE_METABOLIC_PROCESS",0.408253358925144,1,0.572780349692572,1.07659651436536,2126,7,"MYLIP;PCSK5;APOE;FURIN"
"GOBP_LYSINE_METABOLIC_PROCESS",0.478353593516741,1,-0.471624150473335,-0.987921466921434,2242,10,"HYKK;AASS;DLD;PIPOX;GCDH;SLC25A21;DLST"
"GOBP_MACROAUTOPHAGY",1,1,-0.143794638703234,-0.561690512883068,3266,383,"RUFY4;ZDHHC19;ADCY10;RAB19;ATG9B;ELAPOR1;RETREG1;PIM2;TMEM74;ADRB2;ATP6V1C1;LIX1;PRKN;PIP4K2A;ATP6V1A;ARMC3;RAB33A;FBXO2;RAB33B;FBXW7;ATP13A2;FZD5;CERS1;RUBCN;NOD2;PAFAH1B2;UBXN6;SRC;KLHL3;UBQLN2;FEZ1;PIP4K2B;MTMR8;HUWE1;ARHGAP26;LAMP2;MOAP1;VPS35;UVRAG;PRKAA2;LGALS8;ATG4C;TP53INP2;ATP6V0E2;MAP1LC3A;LARP1;ILRUN;SREBF2;NIPSNAP3B;RETREG2;YOD1;LRSAM1;ATG10;UBXN2B;CDK5R1;RIMOC1;UCHL1;PINK1;SPG11;EPM2A;MTM1;OPTN;CHMP2B;ATG4A;DNAJC16;USP36;ATP6V0D1;TBC1D25;CALM1;EXOC4;CAPN1;USP30;PIK3CA;HK2;ATP6V0A1;PIK3R4;ATP6V1H;ULK2;SLC25A4;VPS26B;VPS4B;ATP6V1B2;GABARAPL1;VPS37B;STX12;SCOC;SNX30;VPS41;RAB2A;IRGQ;VPS37A;LRBA;VPS13D;VPS18;PGAM5;SPTLC2;RTN3;LYPLA1;SLC25A5;RAB2B;EXOC8;RAB3GAP2;VPS36;ATG16L1;ACBD5;MAPK3;DNM1L;VTI1A;SNX6;EI24;GPSM1;QSOX1;LIX1L;PRKACA;ATP6V0A2;RNF41;ERN1;TBC1D14;EXOC7;ATG2A;TSPO;CUL1;FUNDC1;CSNK2A2;ATG9A;RALB;ATP2A2;CLEC16A;TBC1D5;VTA1;PLAA;RETREG3;TMEM41B;BNIP3;TEX264;ATG3;SPART;SNX4;ELAVL1;NPC1;ATG2B;FEZ2;RAB3GAP1;MTOR;ZFYVE26;PACS2;NBR1;ZNRF1;RB1CC1;FYCO1;BNIP3L;PPTC7;VPS13C;HDAC6;SMURF1;SQSTM1;PIK3C2B;CHMP3;ATG14;VPS37C;NIPSNAP2;UBXN2A;ARL8B;CAPNS1;VPS33A;VPS39;SH3GLB1;UBQLN1;ABI2;PDCD6IP;ATP6V1D;CDK5"
"GOBP_MACROPHAGE_ACTIVATION_INVOLVED_IN_IMMUNE_RESPONSE",0.260901429094907,1,0.492225068389556,1.16444845919707,1423,18,"IL33;CX3CR1;SYK;TNF;IFI35;IL1RAP;HAVCR2;SBNO2;HMGB1;IL1R1;GRN"
"GOBP_MACROPHAGE_CYTOKINE_PRODUCTION",0.508093023255814,1,0.4214094403899,0.966767765906449,2730,16,"TGFB1;TLR4;SPON2;LAPTM5;TGFB2;CD74;TGFB3;WNT5A;CUEDC2"
"GOBP_MACROPHAGE_INFLAMMATORY_PROTEIN_1_ALPHA_PRODUCTION",0.518604202814729,1,0.569575544274382,0.995418980347127,2689,5,"MEFV;TRPV4;MCOLN2"
"GOBP_MAINTENANCE_OF_CENTROSOME_LOCATION",0.800587125183477,1,-0.394323874601845,-0.731169109243461,3817,6,"ASPM;PAFAH1B1;AKAP9;GPSM2;SPOUT1"
"GOBP_MAINTENANCE_OF_POSTSYNAPTIC_DENSITY_STRUCTURE",0.19177796327212,1,-0.662115250943576,-1.27432071202155,918,7,"PPFIA2;CSMD2;SHANK1;TANC2;PRICKLE1"
"GOBP_MAINTENANCE_OF_POSTSYNAPTIC_SPECIALIZATION_STRUCTURE",0.633056916698078,1,0.411769302450771,0.879575505779888,3358,12,"RAPSN;ITGB3"
"GOBP_MAINTENANCE_OF_PRESYNAPTIC_ACTIVE_ZONE_STRUCTURE",0.147748890298034,1,-0.670367575724911,-1.33093813769315,698,8,"RIMS1;ERC1;ERC2;RIMS2;RIMS3;RAB3A;BSN;PCLO"
"GOBP_MAINTENANCE_OF_PROTEIN_LOCATION_IN_MITOCHONDRION",0.516510903426791,1,-0.557037415647524,-0.989773120594367,2486,5,"HK1;PINK1;HK2;TSPO"
"GOBP_MAINTENANCE_OF_SYNAPSE_STRUCTURE",0.552537526804861,1,0.344533475967497,0.937951977944098,3091,36,"RAPSN;CBLN4;C1QL1;C1QL2;CBLN3;ITGB3"
"GOBP_MALATE_METABOLIC_PROCESS",0.183669141039236,1,-0.585409535680425,-1.2647464605239,865,11,"LIPF;ME1"
"GOBP_MALONYL_COA_METABOLIC_PROCESS",0.879036881330021,1,0.352214166065621,0.640927870287314,4599,6,"NUDT7;NUDT8;ACACB"
"GOBP_MANNOSE_METABOLIC_PROCESS",0.989058668175816,1,0.220876751706791,0.440949382790517,5242,9,"MAN2A1;MAN2C1"
"GOBP_MAST_CELL_ACTIVATION_INVOLVED_IN_IMMUNE_RESPONSE",0.982009345794392,1,-0.214486781944349,-0.643633848811246,4202,50,"IL13RA2;PTGDS;CLNK;GRP;PLA2G3;ADGRE2;CHGA"
"GOBP_MAST_CELL_CYTOKINE_PRODUCTION",0.798727588201272,1,0.418451907673443,0.731307682444932,4142,5,"FCER1G;BCL6;KIT"
"GOBP_MATURE_CONVENTIONAL_DENDRITIC_CELL_DIFFERENTIATION",0.658583899127061,1,0.524275535835354,0.872300221698693,3394,4,"PRTN3;F2RL1;LGALS9"
"GOBP_MEDIUM_CHAIN_FATTY_ACYL_COA_METABOLIC_PROCESS",0.976495318173132,1,0.254941633173239,0.463920005894513,5109,6,"NUDT7;NUDT8"
"GOBP_MEIOTIC_CYTOKINESIS",0.700908898752906,1,-0.414910769125871,-0.823757870108898,3315,8,"ORC4;SPIRE1;WASHC5"
"GOBP_MEMBRANE_LIPID_BIOSYNTHETIC_PROCESS",0.991381561765474,1,-0.209175400949564,-0.743502539635536,3795,152,"CYP4F22;ALOX12B;GAL3ST2;FA2H;FUT1;ST8SIA6;MFSD2B;FUT9;ALOXE3;ABCG2;UGT8;ELOVL7;ST8SIA4;PIGZ;PNPLA1;FUT6;PRKCD;GAL3ST3;ST8SIA3;CERS1;FUT2;PRKD1;ELOVL4;A4GALT;ELOVL6;PGAP4;PIGA;PIGS;CLN8;B4GALNT1;SGMS1;ACER3;PIGV;ST6GALNAC6;ABCA2;B3GNT5;CERS4;ST3GAL4;PIGN;A3GALT2;SAMD8;PGAP1;TLCD3B;UGCG;B4GALT5;ST6GALNAC3;CERT1;ST8SIA1;CERS6;B4GALT6;SPTLC2;HACD3;ELOVL2;OSBP"
"GOBP_MEMBRANE_LIPID_CATABOLIC_PROCESS",0.761729045861887,1,0.28903982980706,0.831667098245094,4334,48,"LCT;ZPBP2;ETNPPL;BLVRB;FABP1;MGST2;SPHK1;SUMF1;ALDH3B1;CEL;ACER2;HEXA;HEXB"
"GOBP_MEMBRANE_LIPID_METABOLIC_PROCESS",1,1,-0.17720632956052,-0.655696950910966,3675,212,"CYP4F22;ALOX12B;GAL3ST2;FA2H;NEU4;CYP1B1;FUT1;ST8SIA6;MFSD2B;FUT3;FUT9;GBA3;ALOXE3;ABCG2;UGT8;ELOVL7;ST8SIA4;PIGZ;NAAA;PNPLA1;ITGB8;SMPDL3B;FUT6;SGPP2;SMPD3;PRKCD;B3GALT1"
"GOBP_MENAQUINONE_METABOLIC_PROCESS",0.701501382852627,1,0.536048580513252,0.840693817744277,3550,3,"CYP4F2;UBIAD1"
"GOBP_MESENCHYMAL_TO_EPITHELIAL_TRANSITION_INVOLVED_IN_METANEPHROS_MORPHOGENESIS",0.729714393796104,1,0.386425894162319,0.805816513882811,3857,11,"GREM1;SIX2;LIF"
"GOBP_METALLO_SULFUR_CLUSTER_ASSEMBLY",0.889735219441422,1,0.275784775277396,0.72015238237221,4905,29,"BOLA2;BOLA1;CIAO2B;NDOR1;ISCA2;BOLA3;HSCB;NDUFAB1;CIAO3;NUBP2;CIAO2A;FDX2;ISCU;GLRX3;NUBP1;FXN;NFS1"
"GOBP_METANEPHROS_MORPHOGENESIS",0.756000721891355,1,0.310030160195118,0.816417094636224,4188,30,"GREM1;WT1;BMP4;SIX2;AGTR2;HES1;WNT7B;LIF"
"GOBP_METHIONINE_METABOLIC_PROCESS",0.281229703399004,1,-0.493439275116156,-1.14322262834411,1298,15,"BHMT;MAT1A;MRI1;SMS"
"GOBP_METHYLGLYOXAL_METABOLIC_PROCESS",0.519778329829925,1,0.54266442747945,0.987492239935312,2719,6,"PNKD;TPI1;PARK7;GATD1;HAGH"
"GOBP_MICROAUTOPHAGY",0.940314822912112,1,-0.255706941798181,-0.651457126967861,4300,22,"ATG9B;ATG4C;ATG4A;ULK2;VPS4B;SNX30;ATG16L1;ATG2A;ATG9A;ATG2B;RB1CC1;ULK3;VPS4A;ATG4D;ATG5;ATG13;SNX7;ATG7;ATG12;ULK1;ATG4B;ZNF418"
"GOBP_MIDBRAIN_DOPAMINERGIC_NEURON_DIFFERENTIATION",0.254168210448314,1,0.50426123177404,1.17531641300007,1371,17,"WNT2;WNT3A;SFRP2;WNT1;NR4A2;DKK1;FZD1;RYK;LMX1A;WNT5A"
"GOBP_MINERALOCORTICOID_METABOLIC_PROCESS",0.375800980022616,1,0.504244474640655,1.07711062038626,1993,12,"CYP21A2;BMP5;DAB2;BMP2"
"GOBP_MITOCHONDRIAL_ADP_TRANSMEMBRANE_TRANSPORT",0.361786085150571,1,-0.634310181929307,-1.12707540024604,1741,5,"SLC25A31;SLC25A41;SLC25A4;SLC25A5"
"GOBP_MITOCHONDRIAL_ATP_TRANSMEMBRANE_TRANSPORT",0.161910801099133,1,-0.66248503419602,-1.31528825317806,765,8,"ADCY10;SLC25A31;SLC25A23"
"GOBP_MITOCHONDRIAL_CALCIUM_ION_HOMEOSTASIS",0.710009182736455,1,0.335855285003467,0.835189816590044,3865,23,"ATP2A1;SLC8B1;TGM2"
"GOBP_MITOCHONDRIAL_CALCIUM_ION_TRANSMEMBRANE_TRANSPORT",0.996927129060579,1,-0.187363331711407,-0.487357153210715,4541,24,"BHLHA15;SLC25A23;SLC8A3;MICU3;LETM1;HSPA9;PSEN2;LETM2;GHITM;AFG3L2"
"GOBP_MITOCHONDRIAL_DEPOLARIZATION",0.962515999268605,1,0.24576163761305,0.62740922206835,5263,26,"CDKN2A;DCN;LRRK2;P2RX7"
"GOBP_MITOCHONDRIAL_DNA_METABOLIC_PROCESS",0.796026248632884,1,0.321439644221295,0.777550111394672,4366,20,"DNA2;SSBP1;STOX1;POLG2;POLG;NEURL4;PRIMPOL;POLRMT;MGME1;TEFM"
"GOBP_MITOCHONDRIAL_DNA_REPAIR",0.854767819606344,1,0.36933732244568,0.67208706037288,4472,6,"DNA2;NEURL4;PRIMPOL;MGME1"
"GOBP_MITOCHONDRIAL_DNA_REPLICATION",0.897454950770946,1,0.297153536515239,0.672460728996287,4830,15,"DNA2;SSBP1;POLG2;POLG;PRIMPOL;POLRMT;MGME1;TEFM"
"GOBP_MITOCHONDRIAL_ELECTRON_TRANSPORT_CYTOCHROME_C_TO_OXYGEN",0.339318431659949,1,0.462945354513375,1.09518193886238,1851,18,"COX6B1;COX5B;COX7C;COX7A2;COX8A;COX4I1;COX6C;MTCO2P12;COX6A1;NDUFA4;COX7B"
"GOBP_MITOCHONDRIAL_ELECTRON_TRANSPORT_SUCCINATE_TO_UBIQUINONE",0.502795450163871,1,0.576986849170144,1.00837135099671,2607,5,"SDHC;SDHD;SDHAF2;SDHA;SDHB"
"GOBP_MITOCHONDRIAL_ELECTRON_TRANSPORT_UBIQUINOL_TO_CYTOCHROME_C",0.519122609673791,1,0.434248006248887,0.963677570550759,2768,14,"UQCRFS1P1;UQCRQ;UQCC3;UQCRH;CYC1;UQCR11;UQCR10"
"GOBP_MITOCHONDRIAL_FISSION",0.994857244192233,1,0.19939385863304,0.559983158575739,5609,42,"PPARG;DCN;LRRK2"
"GOBP_MITOCHONDRIAL_FRAGMENTATION_INVOLVED_IN_APOPTOTIC_PROCESS",0.936373276776246,1,-0.276297693473453,-0.596926610471596,4414,11,"NPTX1;PRKN;VPS35"
"GOBP_MITOCHONDRIAL_FUSION",0.496607869742198,1,-0.34576336344827,-0.969518760371738,2195,35,"BCL2A1;PID1;PLD6;PRKN;HUWE1;VAT1;OPA1;USP30;GDAP1;OMA1;AFG3L2;MIGA1"
"GOBP_MITOCHONDRIAL_GENE_EXPRESSION",0.213905468623972,1,0.322098968849464,1.11111814250555,1325,169,"MRPL33;CHCHD1;MRPL51;MRPL14;MRPL52;MRPS28;MRPL53;AURKAIP1;MRPL16;MRPS18C;MRPL24;MRPL22;MRPL54;MTERF3;UQCC2;MRPL40;MRPL41;MRPS12;MRPL36;MRPL55;MRPL17;MTG1;GADD45GIP1;SLIRP;MRPS34;MRPL18;MRPS24;MTERF2;MRPS11;SHMT2;MRPL11;MRPL10;MRPS26;PUS1;MRPL21;MRPL46;MRPS18A;MTIF3;MRPL58;MRPL28;MRPL39;METTL8;MRPL2;MRPS15;MRPL48;MRPS31;MRPL49;MRPS21;MRPS7;MRPL43;MRPL27;MALSU1;FASTK;MTG2;TARS2;MRPS6;MTRF1;MRPL20;MRPL34;MRPL9;HARS2;C1QBP;MPV17L2;MRPL13;MRPS5;CDK5RAP1;MRPL38;POLRMT;MRPS23;HSD17B10;COA3;FASTKD1;MRPL32;AARS2;YARS2;TUFM;THAP11;MRPS33;MRPL57;MRPS17;TBRG4;SARS2;MRPL47;TFB1M;MTERF1;TEFM"
"GOBP_MITOCHONDRIAL_LARGE_RIBOSOMAL_SUBUNIT_ASSEMBLY",0.385287014675831,1,0.472934759894319,1.07025498378986,2073,15,"MTG1;NDUFAB1;MALSU1;MTG2;MRM2;NSUN4;DDX28;MRM3;TUFM;RCC1L;MTERF4;DHX30;GTPBP10;GTPBP6"
"GOBP_MITOCHONDRIAL_MEMBRANE_ORGANIZATION",1,1,0.124762475968243,0.410417182720449,5956,116,"IER3;EYA2;LRRK2;TIMM10;SIVA1;BAX;ROMO1;BCL2L11;TOMM7;NDUFA13;BCS1L;MTX1;TOMM6;CASP6;UQCC3;PMAIP1;TIMM8B;PLSCR3;TOMM5;ALKBH7;TAFAZZIN;BOK;MICOS10;MICOS13;TMEM102;TIMM13;ATP5IF1;RHOT2;TIMM50"
"GOBP_MITOCHONDRIAL_MRNA_CATABOLIC_PROCESS",0.896988577362409,1,-0.340946796051447,-0.605812042072998,4318,5,"PDE12;LRPPRC"
"GOBP_MITOCHONDRIAL_OUTER_MEMBRANE_PERMEABILIZATION",0.785778740299585,1,0.302980537442266,0.801399416090131,4353,31,"IER3;EYA2;LRRK2;SIVA1;CASP6;BOK;TMEM102;ATP5IF1;RHOT2"
"GOBP_MITOCHONDRIAL_PROTEIN_CATABOLIC_PROCESS",0.959721437982308,1,0.26756261453879,0.547486080801747,5098,10,"SPATA18;HTRA2;CLPP;LONP1;YME1L1;PISD;BNIP3L;BNIP3;PRKACA"
"GOBP_MITOCHONDRIAL_PROTEIN_PROCESSING",0.581678531285125,1,0.418585430264439,0.914222664665016,3104,13,"LRRK2;IMMP1L;IMMP2L;PMPCB;SPG7;STOML2"
"GOBP_MITOCHONDRIAL_PROTON_TRANSPORTING_ATP_SYNTHASE_COMPLEX_ASSEMBLY",0.961107949155758,1,0.271675469799863,0.527442497767773,5065,8,"FMC1;ATP5F1D;TMEM70;ATPAF2;OXA1L;TMEM242;ATPAF1;ATP23"
"GOBP_MITOCHONDRIAL_RESPIRASOME_ASSEMBLY",0.361612284069098,1,0.594084792253046,1.11664029137938,1883,7,"HIGD1B;RAB5IF;HIGD2A;HIGD1A"
"GOBP_MITOCHONDRIAL_RESPIRATORY_CHAIN_COMPLEX_ASSEMBLY",0.217765042979943,1,0.352392347552593,1.13304038877082,1291,99,"HIGD1B;UQCC5;PET100;IMMP2L;PET117;NDUFA13;NDUFAF8;NDUFS6;BCS1L;SMIM20;RAB5IF;UQCC4;UQCC2;NDUFS4;UQCC3;HIGD2A;SURF1;COX14;COA6;FMC1;COA4;NDUFS5;COX17;CMC1;SDHAF3;NDUFS3;TIMM21;NDUFC2;COA5;TMEM223;ATP5F1D;HIGD1A;DMAC2;NDUFAF7;NDUFS8;NDUFAF2;TIMMDC1;NDUFA6;NDUFAF3;NDUFAF1;SDHAF2;TMEM126A;TMEM70;FOXRED1;UQCRFS1;SDHAF1;COA1;COA8;COA3;UQCC6;FXN;CHCHD7;TMEM186;OCIAD2;DMAC1"
"GOBP_MITOCHONDRIAL_RIBOSOME_ASSEMBLY",0.474675443408301,1,0.38626886237153,0.986112595942761,2595,26,"MTERF3;MTG1;NDUFAB1;RBFA;MALSU1;MTG2;MRM2;NSUN4;DDX28;MPV17L2;MRM3;TUFM;ERAL1;TFB1M;RCC1L;METTL17;MTERF4;DHX30"
"GOBP_MITOCHONDRIAL_RNA_3_END_PROCESSING",0.790319171422532,1,-0.374837845932319,-0.74419766508336,3738,8,"ELAC2;MTPAP;ANGEL2;TRNT1"
"GOBP_MITOCHONDRIAL_RNA_CATABOLIC_PROCESS",0.972559029993618,1,-0.24703557312253,-0.504755555848878,4571,9,"PDE12;LRPPRC;GRSF1;PNPT1;SUPV3L1;C1QBP;NSUN4;REXO2;SLIRP"
"GOBP_MITOCHONDRIAL_RNA_METABOLIC_PROCESS",0.967719132893497,1,-0.22883064516129,-0.716008860338523,4106,63,"PDE12;ELAC2;EARS2;PRORP;LRPPRC;MTO1;MTPAP;SLC25A33;FOXO3;FASTKD2;KANSL3;GRSF1;PRKAA1;WARS2;ANGEL2;TRNT1;GARS1;TRUB2;TFAM;OSGEPL1;METTL4;DARS2;TRMT5;PNPT1;KANSL1;FASTKD5;TRMT10C;RPUSD4;MTRES1;YRDC;TWNK;TRIT1;PTCD1;TRMT61B;SUPV3L1;MRPL12;GTPBP3;FASTKD3;TFB2M;KAT8;TEFM;MTERF1;MYG1;TFB1M;SARS2;TBRG4;THAP11;YARS2;AARS2;FASTKD1;HSD17B10;POLRMT;CDK5RAP1;C1QBP;NSUN4;TARS2;FASTK;METTL8;PUS1;MTERF2;REXO2;SLIRP;MTERF3"
"GOBP_MITOCHONDRIAL_RNA_MODIFICATION",0.913488372093023,1,0.286813068324767,0.657986278239424,4909,16,"PUS1;METTL8;NSUN4;CDK5RAP1;HSD17B10;GTPBP3;PTCD1;TRIT1;YRDC;RPUSD4"
"GOBP_MITOCHONDRIAL_RNA_PROCESSING",0.942509974610083,1,0.255016181229773,0.665919684186195,5196,29,"SLIRP;PUS1;METTL8;FASTK;CDK5RAP1;HSD17B10;FASTKD1;TBRG4;FASTKD3;GTPBP3;SUPV3L1;TRMT61B;TRIT1;YRDC;RPUSD4;TRMT10C;FASTKD5;PNPT1;TRMT5;OSGEPL1;TRUB2;TRNT1;ANGEL2;FASTKD2;MTPAP;MTO1;LRPPRC;PRORP;ELAC2"
"GOBP_MITOCHONDRIAL_SMALL_RIBOSOMAL_SUBUNIT_ASSEMBLY",0.754885221020679,1,0.400812044123459,0.778153823912116,3978,8,"RBFA;ERAL1;TFB1M;RCC1L;METTL17;MCAT;NOA1;METTL15"
"GOBP_MITOCHONDRIAL_TRANSCRIPTION",0.717207074428887,1,0.345902228612509,0.825889623219981,3892,19,"MTERF3;MTERF2;POLRMT;THAP11;TFB1M;MTERF1;TEFM;KAT8;TFB2M;MRPL12;TWNK;MTRES1;KANSL1;METTL4;TFAM;PRKAA1;KANSL3;FOXO3;SLC25A33"
"GOBP_MITOCHONDRIAL_TRANSLATIONAL_ELONGATION",0.805860805860806,1,0.415463102680175,0.726084295927091,4179,5,"TUFM;TSFM;GFM2;MRPL44"
"GOBP_MITOCHONDRIAL_TRANSLATIONAL_TERMINATION",0.931174089068826,1,0.317669037867356,0.555174450413986,4829,5,"MRPL58;MTRF1;GFM2"
"GOBP_MITOCHONDRIAL_TRANSMEMBRANE_TRANSPORT",0.991735537190083,1,0.211856485475985,0.526835179164361,5399,23,"SLC25A2;SLC25A20;UCP2;SLC25A39;SLC25A29;VDAC2;SLC25A38;CPT2;VDAC1;ABCB10;CPT1B;COL6A1;UCP3;MPC1;SLC25A40;MPC2;SFXN2;SLC25A15;SFXN5;CPT1A;SFXN4;SFXN1;SFXN3"
"GOBP_MITOCHONDRIAL_TRANSPORT",1,1,-0.140596831123172,-0.465338592841084,4112,89,"SLC25A31;CAMK2A;MPV17L;NOL3;NPTX1;FZD9;PRKN;FLVCR1;SFXN3;SFXN1;PPM1K;VPS35;BCL2;GSK3B;SLC35F6;BID;SFXN4;PINK1;CPT1A;ARHGAP11B;STAT3;HK2;TMEM14A;SFXN5;RHOT1;SLC25A4;ATF2"
"GOBP_MITOCHONDRIAL_TRNA_MODIFICATION",0.928437617085051,1,0.286782146194207,0.626354189409764,4955,13,"PUS1;METTL8;CDK5RAP1;HSD17B10;GTPBP3;TRIT1;YRDC;RPUSD4;TRMT10C;TRMT5;OSGEPL1;TRUB2"
"GOBP_MITOCHONDRIAL_TRNA_PROCESSING",0.943092962641182,1,-0.268708216519301,-0.642647141154841,4341,17,"ELAC2;PRORP;MTO1;TRNT1;TRUB2;OSGEPL1;TRMT5;TRMT10C;RPUSD4;YRDC;TRIT1;TRMT61B;GTPBP3;HSD17B10;CDK5RAP1;METTL8;PUS1"
"GOBP_MITOCHONDRION_DISTRIBUTION",0.95233930913861,1,-0.254949381759145,-0.626844410490117,4355,19,"HAP1;BHLHA15;MAPT;ATCAY;EPCIP;MTM1;SLC4A5;ARMC1;DNM1L"
"GOBP_MITOCHONDRION_ENDOPLASMIC_RETICULUM_MEMBRANE_TETHERING",0.57429718875502,1,-0.464378347149702,-0.921970087637517,2716,8,"PDZD8;CALM1;PSEN2;ATP2A2;PACS2"
"GOBP_MITOCHONDRION_LOCALIZATION",0.642154566744731,1,-0.293254696134847,-0.907507231002644,2741,59,"TLE6;SYBU;HAP1;NEFL;AGBL4;BHLHA15;ARMCX1;PRKN;MAP1B;PLIN5;MAPT;FEZ1;AGTPBP1;ATCAY;EPCIP;UCHL1;MTM1;OPA1;LRPPRC;SPAST;KIF1B"
"GOBP_MITOCHONDRION_ORGANIZATION",1,1,0.158780811046611,0.59402901775872,6723,408,"ABCC9;HIGD1B;IGF1;EDN1;IER3;PPARG;ATP2A1;EDNRA;HGF;PLAUR;EYA2;PYROXD2;RAB32;DCN;LRRK2;EPAS1;TIMM10;ATAD3C;BMF;CAV2;SIVA1;BAX;ROMO1;NOS3;GPER1;UQCC5;PET100;IMMP2L;P2RX7;PET117;FBXO24;BCL2L11;TOMM7;NDUFA13;NDUFAF8;MAN2A1;NDUFS6;BCS1L;ATAD3B;HRK;SMIM20;PTPMT1;RAB5IF;BBC3;TRIAP1;MTX1;SSBP1;UQCC4;TOMM6;UQCC2;CASP6;NDUFS4;UQCC3;SPATA18;HIGD2A;SURF1;SIRT7;STOX1;SLIRP;WDR81;COX14;PMAIP1;TIMM8B;PLSCR3;TOMM5;NECTIN2;COA6;FANCG;FMC1;COA4;ALKBH7;LMNA;MGARP;NDUFS5;TAFAZZIN;COX17;SMAD3;CMC1;GPX1;SDHAF3;PRDX3;BOK;MICOS10;NDUFS3;MTFP1;POLG2;TIMM21;GGCT;PARL;MICOS13;TMEM102;NDUFC2;HAX1;COA5;TMEM223;TIMM13;AURKA;ATP5F1D;HTRA2;ATP5IF1;RHOT2;TIMM50;HIGD1A;DMAC2;PHB2;NDUFAF7;AP3B1;PRELID1;NDUFS8;SPG7;UCP2;NDUFAF2;TIMMDC1;MTX3;TRABD;PHB1;NDUFA6"
"GOBP_MITOTIC_CYTOKINESIS",1,1,0.125099141971303,0.403081906885639,5929,101,"CHMP4C;ANKRD53;AURKB;LZTS2;MITD1;CENPA;SNX33;RHOC;CHMP4A;RBX1;CHMP2A;PLK1;ESPL1;RTKN;KIF20A;CDCA8;CFL1;UNC119;IST1;BBS4;SNX18;EFHC1;CHMP5;CEP55;NUSAP1;CHMP1B;RAB35;RAB11FIP3;STMN1;CUL7;EXOC3;JTB;ROCK1;BIRC5;NUP62;CHMP6;IQGAP3;RHOB;ARF1;INCENP;CHMP7;MYH14;IQGAP1;RACGAP1;STAMBP;RASA1;RHOA;SNX9;MTMR3;WNK1;CHMP4B;TRIM36;CNTROB;EXOC1;VPS4A;RAB11A;ZFYVE19;CHMP1A;PDCD6IP;CHMP3;CUL4A;ZFYVE26;CKAP2;ECT2;SPART;MTMR4;ARF6;IQGAP2;SEPTIN6;KIF23;EXOC7;EXOC5;DDB1;ARL3;KIF20B;EXOC8;KLHDC8B;EXOC6;MYH10;VPS4B;ROCK2;EXOC2;SON;EXOC4;USP8;CHMP2B;TTC19;SPAST;ANLN;EXOC6B;DCAF11;APC;KIF4A;CIT;ANK3;SPTBN1;KIF4B;MAP9;CUL4B;ZNF365"
"GOBP_MITOTIC_CYTOKINETIC_PROCESS",0.81146519494392,1,0.28822641787189,0.793731252703589,4557,38,"CHMP4C;AURKB;MITD1;CHMP4A;CHMP2A;PLK1;KIF20A;IST1;CHMP5;CEP55;CHMP1B;RAB11FIP3"
"GOBP_MODIFICATION_OF_POSTSYNAPTIC_ACTIN_CYTOSKELETON",0.842588543944031,1,-0.303293549259493,-0.745708284441457,3853,19,"ITPKA;CTNNA2;SPTB;DIXDC1;CTTNBP2;WASF3;WASF1"
"GOBP_MODIFICATION_OF_POSTSYNAPTIC_STRUCTURE",0.321444593988336,1,-0.393795431537429,-1.08644234771831,1432,32,"DRD1;ITPKA;CTNNA2;SARM1;DLGAP3;SPTB;DIXDC1;EGLN1;CTTNBP2;WASF3;ARHGAP44;AGAP1;WASF1;FILIP1;PRMT8;STAU1"
"GOBP_MODIFICATION_OF_SYNAPTIC_STRUCTURE",0.287309182046024,1,-0.384988678352683,-1.10221949774992,1260,39,"DRD1;ITPKA;CTNNA2;SARM1;DLGAP3;SPTB;DIXDC1;EPHA4;EGLN1;CTTNBP2;WASF3;ARHGAP44;AGAP1;PGRMC1;WASF1;FILIP1;PRMT8;STAU1"
"GOBP_MODIFIED_AMINO_ACID_METABOLIC_PROCESS",0.707901037509976,1,0.261340605095616,0.908138622151788,4434,180,"GGT5;GGTLC3;GSTM1;SULT1B1;GSTM5;FOLR1;VNN2;GATA3;NAT8;GCNT4;BBOX1;SULT1A4;FOXE1;ACADL;PLOD2;PLA1A;SULT1A1;FABP1;SLC16A10;DHFRP1;HOGA1;GATM;OPLAH;ALDH1L1;VNN1;CPQ;GGACT;MGST2;SHMT1"
"GOBP_MONOACYLGLYCEROL_METABOLIC_PROCESS",0.745528109028961,1,-0.36005753774042,-0.791790581811896,3500,12,"ABHD12B;MGLL;FAAH"
"GOBP_MONOCARBOXYLIC_ACID_METABOLIC_PROCESS",0.999859432105707,1,0.190275124529408,0.73052041745137,7112,585,"GGT5;CYP2C9;APOA4;GSTM1;ABCC9;TWIST1;APOC3;ACOT12;UGT1A6;HAAO;ACSM4;EDN2;PLA2G5;ACSM5;IGF1;ADIPOQ;EDN1;NNMT;FMO2;VNN2;IER3;ENO3;CD38;PPARG;CYP3A4;ADH6;ACSM3;AKR1D1;CAV1;ACTN3;AVPR1A;ALDH1A1;ELOVL3;SLC4A1;NUPR1;ACSM1;TYRP1;ADH1B;SLC27A6;ALDH1A3;PDK4;PTGS2;PCK2;ACSF2;ACADL;ADH4;ACOT11;FABP1;CYP4F2;AMDHD1;HOGA1;GATM;APOC1;KIF12;BDH2;FMO1;DECR1;CRABP2"
"GOBP_MONOSACCHARIDE_METABOLIC_PROCESS",1,1,0.157780055020339,0.567937265915155,6421,256,"G6PC1;GHRL;IGF1;ADIPOQ;NNMT;ENO3;ACTN3;IGF2;PDX1;IGFBP3;TNF;OTOG;TFAP2B;PDK4;HSD17B14;PCK2;IGFBP4;FABP1;FBN2;SLC23A1;FBN1;NR3C1"
"GOBP_MOTOR_NEURON_APOPTOTIC_PROCESS",0.812607204116638,1,-0.333670449165855,-0.747654043251035,3789,13,"KCNB1;SLC1A1;CRLF1;MAP2K4;SPG11;ATF2"
"GOBP_MOTOR_NEURON_AXON_GUIDANCE",0.982351643503199,1,-0.217901536578107,-0.576140543059797,4452,26,"NRP1;SLIT1;LHX1;SLIT2;ALCAM;EPHA4;LHX4;KIF5C"
"GOBP_MOTOR_NEURON_MIGRATION",0.755713986160621,1,-0.416726348398484,-0.772708559085999,3603,6,"NRP1;RELN;LHX1"
"GOBP_MRNA_METABOLIC_PROCESS",1,1,0.117720768101232,0.45859739207887,7359,758,"SLC39A5;APOBEC2;H2AB3;SRPK3;RNF113B;PIWIL1;SLC11A1;H2AB1;PPARG;VIP;PNLDC1;ZC3H12D;ZC3H12A;ZFP36;NANOS2;NFKBIZ;SNRNP25;FOXE3;MAGOH;WEE2-AS1;EPAS1;RBM46;PRR5L;LSM6;SNRPG;H1-2;LSM7;SNRPB;SAMD4A;UBL5;RBM20;U2AF1;BTG2;SNRPF;FBXO24;SNRPE;RBPMS;PPIH;IRF3;ADARB2;CCNL2;PAN2;SNRPC;KIN;ZFP36L2;ZMAT5;TRAF2;POLR2G;SNRPD2;DCPS;NR1H3;E2F1;TAF10;LSM5;SF3B6;HNRNPA1L3;GTPBP2;CIRBP;RAMACL;GEMIN6;CRYZ;SRSF5;PRDX6;FLNA;ATF4;IKBKE;CTNNBL1;HNRNPA1L2;SLU7;PHF5A;GCFC2;RBM44;METTL3;SRSF7;SF3A2;MOV10;LSM8;RSRP1;HNRNPH3;HNRNPD;TAF12;LSM2;CPSF4;RBM8A;DUS3L;KHNYN;SLIRP;SMNDC1;PYM1;SRSF9;TRAF5;SLBP;RBM42;TSEN54;SNRPB2;ARL6IP4;FRA10AC1;TIA1;SNRPA1;CARHSP1;RBM17;NOP56;EXOSC7;PUS1;LSM1;SNRPD1;PIWIL2;CPSF1;SF3B4;LUC7L;PRPF3;TUT1;PRKRIP1;LSM4;EIF4A3;RBM24;LSM3;SNRPA;SCNM1;ZBTB8OS;HDAC7;YJU2B;TRMT61A;EXOSC5;HNRNPAB;SNIP1;LGALS3;RBM3;RBM38;TSEN34;TAF15;SRSF3;YBX3;METTL8;ISY1;CD2BP2;MAPKAPK2;CCNL1;HNRNPC;DXO;CDK11B;PTBP1;ZCCHC8;PPIE;ARGLU1;DNAJC17;RBM39;RBM4;SRSF2;CNOT9;SF3B5;TXNL4A;DDX39B;CWC15;HNRNPF;HNRNPA2B1;BARD1;SMN1;CCNB1;HNRNPA3;SAP30BP;ERI1;RXRB;PRPF31;EXOSC4;PIAS4;ZBTB1;TRMT2A;PLEKHN1;EXOSC9;U2AF1L4;CDK11A;SNRNP70;U2AF2;AKAP8L;NANOS3;PDCD7;AP3B1;TIAL1;SNRPN;FASTK;KHDC4;NR1H2;TSSC4;DDX39A;FUS;APEX1;CSDC2;CSTF3;ILF3;PAXBP1;BUD31;ACIN1;RBM5;CPSF7;EXOSC10;DHX35;DDX41;CMTR2"
"GOBP_MYCOTOXIN_METABOLIC_PROCESS",0.344515133988818,1,0.658426001242435,1.15069852520748,1786,5,"CYP3A4;CYP2W1;CYP3A5"
"GOBP_MYELOID_CELL_ACTIVATION_INVOLVED_IN_IMMUNE_RESPONSE",0.811580217129071,1,-0.258536377017838,-0.848617062901645,3363,84,"CD177;ITGAM;PYCARD;IL13RA2;PTGDS;DYSF;CLNK;GRP;SPI1;PLA2G3;ADGRE2;TICAM1;CHGA"
"GOBP_MYELOID_DENDRITIC_CELL_ACTIVATION",0.164847161572052,1,0.484229670760016,1.2459547996629,905,27,"UBD;ITGB6;DCSTAMP;TGFB1;CLEC4D"
"GOBP_MYELOID_DENDRITIC_CELL_CHEMOTAXIS",0.14412955465587,1,-0.826411840781721,-1.30652528536138,711,3,"SPI1;CCR7;ARHGEF5"
"GOBP_MYELOID_DENDRITIC_CELL_CYTOKINE_PRODUCTION",0.242696160267112,1,-0.63544725469913,-1.22299493465277,1162,7,"CAMK4;TICAM1;RIGI;DDX21;MAVS"
"GOBP_MYELOID_LEUKOCYTE_CYTOKINE_PRODUCTION",0.90025389916576,1,0.272507125179981,0.711593506981565,4963,29,"TGFB1;TLR4;SPON2;FCER1G;LAPTM5;TGFB2"
"GOBP_N_ACETYLGLUCOSAMINE_METABOLIC_PROCESS",0.727112676056338,1,-0.339227995315397,-0.819449293658765,3303,18,"CHST4;CHST5"
"GOBP_N_ACETYLNEURAMINATE_METABOLIC_PROCESS",0.966279505432746,1,0.254697064745999,0.556277912175166,5157,13,"NAGK;AMDHD2;SLC35A1;GNPDA1;ST3GAL1"
"GOBP_N_ACYLETHANOLAMINE_METABOLIC_PROCESS",0.332710280373832,1,-0.650607171085723,-1.15603274020297,1601,5,"NAAA;GDPD1;GDE1;NAPEPLD;GDPD3"
"GOBP_N_ACYLPHOSPHATIDYLETHANOLAMINE_METABOLIC_PROCESS",0.51527224435591,1,0.506019634051401,0.982408385638281,2715,8,"PLA2G4E;PLAAT1"
"GOBP_N_TERMINAL_PROTEIN_LIPIDATION",0.974393273456908,1,0.257800453856837,0.469122232348772,5098,6,"HHATL;NMT2;NMT1;HHAT;PPM1A;PPM1B"
"GOBP_NADPLUS_METABOLIC_PROCESS",0.634196653678662,1,-0.309625904907258,-0.900382434891072,2766,42,"IDO1;ACMSD;GPD1L;ME1;NMRK2;KYNU;GPD1;NMNAT3;SARM1;GOT1"
"GOBP_NADPPLUS_METABOLIC_PROCESS",0.987874628231526,1,-0.210456390684857,-0.605818194862131,4317,40,"RPEL1;ME1;NOX1;GCK;NOCT;PC;TKT;IDH1;PRPS2"
"GOBP_NATURAL_KILLER_CELL_ACTIVATION_INVOLVED_IN_IMMUNE_RESPONSE",0.396532227666792,1,0.497166622317015,1.06199170428361,2103,12,"IFNA21;IFNW1;UNC13D;RAB27A;IFNE"
"GOBP_NATURAL_KILLER_CELL_CYTOKINE_PRODUCTION",0.693265421618563,1,0.41546518828845,0.82941784018053,3674,9,"IL21;CD96;CD226;HLA-E"
"GOBP_NATURAL_KILLER_CELL_MEDIATED_IMMUNE_RESPONSE_TO_TUMOR_CELL",0.447840030182984,1,0.514303369652402,1.02673437409274,2373,9,"TGFB1;CD226;CEACAM1;HAVCR2;NECTIN2"
"GOBP_NEGATIVE_REGULATION_OF_ACUTE_INFLAMMATORY_RESPONSE",0.898362507058159,1,0.31789808151598,0.650482411541637,4772,10,"NPY;IL20RB;SPN;NLRP3;GSTP1;SELENOS"
"GOBP_NEGATIVE_REGULATION_OF_ACUTE_INFLAMMATORY_RESPONSE_TO_ANTIGENIC_STIMULUS",0.772596980699408,1,0.415702967845948,0.756459119262055,4042,6,"NPY;IL20RB;SPN;SELENOS"
"GOBP_NEGATIVE_REGULATION_OF_AMIDE_METABOLIC_PROCESS",0.963227222832053,1,0.244012502615449,0.617955608245279,5264,25,"IGF1;ORMDL3;SPHK1;ORMDL1;APOE"
"GOBP_NEGATIVE_REGULATION_OF_AMINE_METABOLIC_PROCESS",0.755970924195223,1,-0.428155285110116,-0.760768631941528,3639,5,"ITGAM"
"GOBP_NEGATIVE_REGULATION_OF_AUTOPHAGY",1,1,-0.138086829754789,-0.459330658990368,4077,93,"ADRA1A;MET;DAPL1;IL10RA;SNCA;RUBCN;TAB3;FEZ1;MTMR8;FOXK1;BCL2;MTMR9;PINK1;MTM1;USP36;STAT3;USP30;PIK3CA;KIF25;SIRT2;EIF4G3;LYPLA1;KDM4A;VHL;EIF4G2;QSOX1;RNF41;RRAGD;TBC1D14;TSPO;TAB2;CLEC16A;RPTOR;FOXK2;NPC1;FEZ2;MTOR;EIF4E;KLHL22;PPTC7;VPS13C;HDAC6"
"GOBP_NEGATIVE_REGULATION_OF_AUTOPHAGY_OF_MITOCHONDRION",0.960658218271231,1,0.272962483829237,0.569210501839909,5078,11,"RBX1;HTRA2;FBXL4;TIGAR;TSC2;VPS13C;PPTC7;TSPO;RNF41;USP30;PINK1"
"GOBP_NEGATIVE_REGULATION_OF_AXON_EXTENSION",0.951772095109915,1,-0.242989433054755,-0.670383628088527,4242,32,"CDH1;TNR;MT3;BCL11A;KIAA0319;MAP2;NRP1;SLIT1"
"GOBP_NEGATIVE_REGULATION_OF_AXON_EXTENSION_INVOLVED_IN_AXON_GUIDANCE",0.851348802112809,1,0.35064613642566,0.70001571573284,4512,9,"WNT3A;SEMA3F;RYK;WNT5A"
"GOBP_NEGATIVE_REGULATION_OF_AXONOGENESIS",0.940761636107193,1,-0.24059149238316,-0.726127032212776,4001,52,"CDH1;TNR;MT3;FGF13;BCL11A;KIAA0319;DCC;THY1;MAP2;NRP1;MCF2;SLIT1"
"GOBP_NEGATIVE_REGULATION_OF_CALCIUM_ION_DEPENDENT_EXOCYTOSIS",0.642203786428419,1,-0.424560505833871,-0.86748346161208,3018,9,"ADRA2A;NOTCH1;SYT4;CBARP"
"GOBP_NEGATIVE_REGULATION_OF_CALCIUM_ION_EXPORT_ACROSS_PLASMA_MEMBRANE",0.712812048689911,1,-0.480579143024474,-0.809416210336486,3454,4,"CALM3;CALM1;YWHAE"
"GOBP_NEGATIVE_REGULATION_OF_CALCIUM_ION_IMPORT",0.527898619254776,1,0.461765982223993,0.962923705804016,2790,11,"SLN;SPINK1;HES1"
"GOBP_NEGATIVE_REGULATION_OF_CALCIUM_ION_IMPORT_ACROSS_PLASMA_MEMBRANE",0.370744790592119,1,-0.669409017424106,-1.12745323619027,1796,4,"PPP3CA;PPP3R1;PPP3CB;PPP3CC"
"GOBP_NEGATIVE_REGULATION_OF_CALCIUM_ION_TRANSMEMBRANE_TRANSPORT",0.840603123317178,1,0.286101723756865,0.76707470651975,4682,33,"SLN;TGFB1;EPO"
"GOBP_NEGATIVE_REGULATION_OF_CALCIUM_ION_TRANSMEMBRANE_TRANSPORT_VIA_HIGH_VOLTAGE_GATED_CALCIUM_CHANNEL",0.409311740890688,1,-0.694388561574939,-1.09780156671667,2021,3,"UBR3;SESTD1;BIN1"
"GOBP_NEGATIVE_REGULATION_OF_CALCIUM_ION_TRANSMEMBRANE_TRANSPORTER_ACTIVITY",0.508669430833019,1,0.456681535500137,0.975511992217758,2698,12,"SLN;GPR35;PLN"
"GOBP_NEGATIVE_REGULATION_OF_CALCIUM_ION_TRANSPORT",0.592311761594075,1,0.324617792563,0.923768827418184,3358,45,"SLN;SPINK1;LILRB2;TGFB1;EPO;CAV3;NOS3;HES1;GPR35"
"GOBP_NEGATIVE_REGULATION_OF_CALCIUM_ION_TRANSPORT_INTO_CYTOSOL",0.533125649013499,1,-0.547897283738776,-0.973532457709184,2566,5,"CALCA;NOS1"
"GOBP_NEGATIVE_REGULATION_OF_CALCIUM_MEDIATED_SIGNALING",0.614038319823139,1,0.365688270075855,0.900027798075426,3332,22,"MYOZ2;ACTN3;PLEK;SLC24A4;HOMER3;FHL2;ITPR1"
"GOBP_NEGATIVE_REGULATION_OF_CARBOHYDRATE_METABOLIC_PROCESS",0.21208926374978,1,0.405388970950728,1.16644363289381,1206,48,"ADIPOQ;IER3;TGFB1;ACTN3;SLC4A1;NUPR1;PLEK"
"GOBP_NEGATIVE_REGULATION_OF_CELLULAR_RESPONSE_TO_OXIDATIVE_STRESS",0.592118836393646,1,-0.55311031225514,-0.931576951147018,2869,4,"NCOA7"
"GOBP_NEGATIVE_REGULATION_OF_CENTROSOME_DUPLICATION",0.772572402044293,1,-0.351708772055917,-0.773431088270313,3627,12,"TRIM37;CDK5RAP2;CCNF;TMEM67;CENATAC;BRCA1;MDM1;KAT2B;NPM1;RBM14;KAT2A;NUBP1"
"GOBP_NEGATIVE_REGULATION_OF_CHOLESTEROL_METABOLIC_PROCESS",0.783555273726485,1,-0.379244368220329,-0.752946311020427,3706,8,"CH25H;INSIG1"
"GOBP_NEGATIVE_REGULATION_OF_COLLAGEN_METABOLIC_PROCESS",0.631509928812289,1,0.402332915169583,0.878725925927261,3370,13,"EMILIN1;IL6R;CST3"
"GOBP_NEGATIVE_REGULATION_OF_CYCLIN_DEPENDENT_PROTEIN_SERINE_THREONINE_KINASE_ACTIVITY",0.222728135078733,1,0.636990992169918,1.2366818403339,1173,8,"CDKN2A;INCA1;LATS2;CDK5RAP1"
"GOBP_NEGATIVE_REGULATION_OF_CYTOKINE_PRODUCTION",0.253376804843968,1,0.298081574471244,1.07671978461879,1631,267,"BANK1;BPI;CD34;IL33;NLRP6;TWIST1;GHRL;CX3CR1;SPINK7;INHBA;WNT11;IGF1;FN1;ANXA1;ADIPOQ;CD200R1;SLC11A1;TGFB1;TLR4;GATA3;HGF;TIGIT;GATA6;CD96;TNF;RGCC;LRRC32;MEFV;LTF;APOA1;IL1A;EPX;CD274;NCKAP1L;SLC2A10;TNFSF4;ZC3H12A;ZFP36;PTPRC;IL6R;HFE;BTN2A2;SSC5D;SIGLEC1;SMAD7;CASP3;ANXA4;BST2;HOMER3;ELF4;BTLA;EPHA2;LAPTM5;IL1RAP;LAG3;PTGER4;THBS1;APOA2;IL20RB;CEACAM1;F2;LGALS9B;TSKU;F2RL1;TGFB2;LGALS9"
"GOBP_NEGATIVE_REGULATION_OF_CYTOKINE_PRODUCTION_INVOLVED_IN_INFLAMMATORY_RESPONSE",0.691844919786096,1,-0.318701314358254,-0.859087687715795,3104,29,"NLRP7;PYCARD;APOD;IL1R2"
"GOBP_NEGATIVE_REGULATION_OF_CYTOKINESIS",0.228598848368522,1,0.657946057140188,1.23667376532338,1190,7,"CHMP4C;AURKB;E2F8;TEX14"
"GOBP_NEGATIVE_REGULATION_OF_CYTOSOLIC_CALCIUM_ION_CONCENTRATION",0.271234060946618,1,-0.486482426579838,-1.14810655477017,1254,16,"CALCA;NOS1;GOT1;ATP2B1;KCNA5;SLC8A1;DRD3;BCL2"
"GOBP_NEGATIVE_REGULATION_OF_DENDRITE_DEVELOPMENT",0.158106108645107,1,-0.664792962388283,-1.31987038059796,747,8,"ZNF296;BCL11A;KIAA0319;DCC"
"GOBP_NEGATIVE_REGULATION_OF_DENDRITE_MORPHOGENESIS",0.957693037374312,1,0.278035159259301,0.539789473723991,5047,8,"NFATC4;TLX2"
"GOBP_NEGATIVE_REGULATION_OF_DENDRITIC_CELL_APOPTOTIC_PROCESS",0.97458777885548,1,0.288789932247263,0.480494519970792,5023,4,"CXCL12;AXL"
"GOBP_NEGATIVE_REGULATION_OF_DENDRITIC_CELL_DIFFERENTIATION",0.848805815160955,1,-0.377231197181525,-0.670284057644283,4086,5,"FCGR2B;HLA-G"
"GOBP_NEGATIVE_REGULATION_OF_DENDRITIC_SPINE_DEVELOPMENT",0.567762460233298,1,-0.427202401298718,-0.922948281568163,2676,11,"GRM5;NGEF;GRIN3A;NLGN1"
"GOBP_NEGATIVE_REGULATION_OF_DENDRITIC_SPINE_MAINTENANCE",0.712308660096456,1,-0.436813501878646,-0.809954861081173,3396,6,"GRIN2B;PRNP"
"GOBP_NEGATIVE_REGULATION_OF_DENDRITIC_SPINE_MORPHOGENESIS",0.474143302180685,1,-0.579452738470746,-1.02960183478241,2282,5,"GRM5;NGEF;NLGN1"
"GOBP_NEGATIVE_REGULATION_OF_DNA_METABOLIC_PROCESS",0.999668654738237,1,0.186083359075988,0.62183742038392,6033,130,"S100A11;TWIST1;ANKRD1;SLFN11;ANKLE1;CDKN1A;H1-2;ZSCAN4;PIF1;SLX1B;SLX1A;NIBAN2;RPS3;SHLD1;SHLD3;RBX1;H1-0;PLK1;CDT1;H1-10;ELOB;GMNN;HNRNPC;SENP3;DYNLL1;ERCC1;MAD2L2;LRR1;ELOC;RMI2;CDC6;RECQL5;PINX1;EXOSC10;FBXO5;BCL6;TINF2;KAT5"
"GOBP_NEGATIVE_REGULATION_OF_ENDOPLASMIC_RETICULUM_CALCIUM_ION_CONCENTRATION",0.175234091343398,1,0.710564141268558,1.29302113782937,916,6,"ATP2A1;TGM2;BAX"
"GOBP_NEGATIVE_REGULATION_OF_ENDOPLASMIC_RETICULUM_UNFOLDED_PROTEIN_RESPONSE",0.755494505494505,1,0.330002156876842,0.804677080705168,4124,21,"PPP1R15A;NCK1;NCK2;AKT2;XBP1;DDRGK1;ATF6B;AKT1;HSPA5;UFL1;WFS1;ATAD3A;BFAR;ABCA7;RACK1;CREBRF;TMBIM6;PTPN1;PPP1R15B;AKT3;DNAJB9"
"GOBP_NEGATIVE_REGULATION_OF_EPITHELIAL_CELL_PROLIFERATION_INVOLVED_IN_PROSTATE_GLAND_DEVELOPMENT",0.295050640168164,1,0.64963345913589,1.18214492643028,1543,6,"EAF2;SERPINF1;NKX3-1;CDKN1B;STK11"
"GOBP_NEGATIVE_REGULATION_OF_ESTABLISHMENT_OF_PROTEIN_LOCALIZATION_TO_MITOCHONDRION",0.99734395750332,1,0.199202328338903,0.386740008943861,5256,8,"LRRK2;BAG3"
"GOBP_NEGATIVE_REGULATION_OF_EXCITATORY_POSTSYNAPTIC_POTENTIAL",0.382289879931389,1,-0.474340526773264,-1.06285292451408,1782,13,"GRM5;NPY2R;CELF4;NLGN4X;PRKN;ELOVL4"
"GOBP_NEGATIVE_REGULATION_OF_FERROPTOSIS",0.978793178836904,1,-0.228243784862679,-0.561183321108982,4476,19,"CAMK2A;ADGRG1;AIFM2"
"GOBP_NEGATIVE_REGULATION_OF_GLYCOGEN_METABOLIC_PROCESS",0.522933840625661,1,-0.485186480379444,-0.963282255905376,2473,8,"PPP1R3B;ENPP1;GRB10;GSK3B"
"GOBP_NEGATIVE_REGULATION_OF_GLYCOPROTEIN_METABOLIC_PROCESS",0.146604651162791,1,0.567581133641704,1.30210453765285,787,16,"ITM2A;SLC2A10;MEST;PTX3;BACE2;ITM2C;HBEGF;CST3"
"GOBP_NEGATIVE_REGULATION_OF_HORMONE_METABOLIC_PROCESS",0.895491416713828,1,0.324653773723529,0.648125617738342,4746,9,"BMP5;BMP2;PDE8B;WNT4;PRMT3"
"GOBP_NEGATIVE_REGULATION_OF_HUMORAL_IMMUNE_RESPONSE",0.166159860990443,1,-0.530791267666103,-1.26944942411567,764,17,"CR2;CR1L;VSIG4;CR1;FCGR2B;MASP1;CD55;SUSD4;CLU"
"GOBP_NEGATIVE_REGULATION_OF_HUMORAL_IMMUNE_RESPONSE_MEDIATED_BY_CIRCULATING_IMMUNOGLOBULIN",0.202722824930866,1,-0.613885018936931,-1.25432086579336,952,9,"CR2;CR1L;CR1;FCGR2B"
"GOBP_NEGATIVE_REGULATION_OF_HYDROGEN_PEROXIDE_METABOLIC_PROCESS",0.725309289159153,1,-0.431530765950026,-0.800159427499583,3458,6,"MT3;MPV17L"
"GOBP_NEGATIVE_REGULATION_OF_IMMUNE_EFFECTOR_PROCESS",0.330239622004725,1,0.32489172375146,1.05933985928156,1956,109,"IL33;CLEC12B;CX3CR1;IL7R;CD69;ASCL2;ZPBP2;ANXA1;TNFSF18;TGFB1;TIGIT;LGALS1;HLX;CD96;NECTIN4;TNF;APOA1;CD274;NCKAP1L;TNFSF4;ZC3H12A;PTPRC;ENPP3;HFE;MICA;SMAD7;C4BPA;BST2;RPS19;BTLA;HLA-E;LAG3;APOA2;IL20RB;CEACAM1;TGFB2;LGALS9;HLA-A;SPN;ANGPT1;SERPING1"
"GOBP_NEGATIVE_REGULATION_OF_IMMUNE_RESPONSE",0.28423731509464,1,0.305670459028946,1.07059837450331,1786,191,"IL33;NLRP6;EBI3;CLEC12B;IL18;IL7R;DCST1;CD69;COL3A1;SYK;ASCL2;ANXA1;TNFSF18;TGFB1;PPARG;TIGIT;LGALS1;HLX;CD96;NECTIN4;CD274;NCKAP1L;TNFSF4;ZC3H12A;PTPRC;ENPP3;HFE;NPY;MICA;SMAD7;C4BPA;RPS19;AURKB;PLK2;BTLA;HLA-E;LAG3;SAMSN1;IL20RB;CEACAM1;EIF4E2;LGALS9;NR1H3;BANF1;ALOX15;TNFAIP3;HLA-A;SPN;SERPING1;OAS3;LYN;SMIM30"
"GOBP_NEGATIVE_REGULATION_OF_IMMUNE_SYSTEM_PROCESS",0.367044964803907,1,0.269946034161703,1.02543992376136,2554,494,"CYP19A1;BANK1;TLR3;BPI;IL33;NLRP6;EBI3;CLEC12B;IL18;CX3CR1;IL7R;DCST1;CD69;LILRB2;INHBA;COL3A1;SYK;PLA2G5;CDKN2A;ASCL2;TNFRSF13B;ZPBP2;FN1;ANXA1;TNFSF18;ADIPOQ;GREM1;TAFA3;CD200R1;CD72;TGFB1;EMILIN1;TLR4;PPARG;LILRB3;HOXA7;GATA2;IL31RA;TIGIT;LGALS1;HLX;CCL2;TNFAIP6;BMP4;STAP1;CD96;BMP5;NECTIN4;TNF;LRRC32;MEFV;LTF;SOCS1;APOA1;CD274;NCKAP1L;IHH;TNFSF4;ZC3H12A;TMEM176A;PTPRC;PSMB8;ENPP3;HFE;BTN2A2;TNFAIP8L2;NPY;PSMB9;MICA;FCER1G;MDK;SMAD7;CASP3;C4BPA;BST2;FBN1;RPS19;AURKB;GPER1;ID2;ITPRIPL1;RAB7B;PLK2;BTLA;LAPTM5"
"GOBP_NEGATIVE_REGULATION_OF_INFLAMMASOME_MEDIATED_SIGNALING_PATHWAY",0.207306338028169,1,-0.502260505515584,-1.2132755024973,941,18,"PYDC5;PYDC1"
"GOBP_NEGATIVE_REGULATION_OF_INFLAMMATORY_RESPONSE_TO_ANTIGENIC_STIMULUS",0.466811751904244,1,0.37932910966915,0.990536050282676,2573,29,"NLRP6;SYK;NPY;PLK2;IL20RB;SPN;LYN;FURIN"
"GOBP_NEGATIVE_REGULATION_OF_INNATE_IMMUNE_RESPONSE",0.600068422853233,1,0.295795004354592,0.92877409254995,3507,85,"CLEC12B;DCST1;TGFB1;PPARG;TIGIT;CD96;NECTIN4;MICA;RPS19;AURKB;HLA-E;CEACAM1;EIF4E2;LGALS9;NR1H3;BANF1;TNFAIP3;HLA-A;SERPING1;OAS3;SMIM30;METTL3;CEP63;HAVCR2;NECTIN2;NLRC3;GRN;PIM1;USP18"
"GOBP_NEGATIVE_REGULATION_OF_INTERFERON_ALPHA_PRODUCTION",0.825800193986421,1,0.416732799129451,0.693368445068735,4256,4,"HAVCR2;NLRC3;PTPRS"
"GOBP_NEGATIVE_REGULATION_OF_INTERFERON_BETA_PRODUCTION",0.626975535830266,1,-0.379870926521312,-0.880102296168013,2895,15,"PYCARD;REL;SIRPA;PPM1B;NMI"
"GOBP_NEGATIVE_REGULATION_OF_INTRACELLULAR_LIPID_TRANSPORT",0.628450533951239,1,-0.632611272766462,-0.926489930226739,3118,2,"ABCA2;PCSK9"
"GOBP_NEGATIVE_REGULATION_OF_IRE1_MEDIATED_UNFOLDED_PROTEIN_RESPONSE",0.752358985112183,1,-0.418747529910538,-0.776456304482547,3587,6,"DNAJB9;TMBIM6;BFAR;UFL1;HSPA5;DDRGK1"
"GOBP_NEGATIVE_REGULATION_OF_LIPID_CATABOLIC_PROCESS",0.838183421516755,1,-0.289020078247167,-0.758484719291511,3801,25,"HCAR3;ENDOU;ALK;PLIN1;BSCL2;ADORA1;GPLD1;PLIN5"
"GOBP_NEGATIVE_REGULATION_OF_LIPID_LOCALIZATION",0.194671403197158,1,0.427229863115669,1.19446251707271,1095,41,"APOC3;ADIPOQ;PPARG;TNF;ITGB3;CYP4F2;PLA2R1;PNPLA2;APOC1;ITGAV;THBS1;APOA2;ABCA1;NR1H3;TTC39B;APOE"
"GOBP_NEGATIVE_REGULATION_OF_LIPID_METABOLIC_PROCESS",0.45105663567202,1,0.312528170215941,0.997429837962628,2667,94,"APOC3;UGT1A6;SNAI2;FMO2;DKKL1;BMP5;TNF;GFI1;HCAR2;PDGFB;ACADL;ORMDL3;APOC1;KIF12;FMO1;GPER1;SNAI1;FMO4;APOA2;CEACAM1;SPHK1;SIK1;ORMDL1;BMP2;ANGPTL4;APOE;KLHL25;ACADVL;GGCX"
"GOBP_NEGATIVE_REGULATION_OF_LIPID_STORAGE",0.467210077806595,1,0.427829862692375,0.997172552458352,2521,17,"PPARG;TNF;ITGB3;PNPLA2;ITGAV;ABCA1;NR1H3;TTC39B"
"GOBP_NEGATIVE_REGULATION_OF_LIPID_TRANSPORT",0.205658324265506,1,0.459592079288359,1.200125461915,1133,29,"APOC3;ADIPOQ;ITGB3;CYP4F2;PLA2R1;APOC1;ITGAV;THBS1;APOA2;NR1H3;APOE"
"GOBP_NEGATIVE_REGULATION_OF_LONG_TERM_SYNAPTIC_POTENTIATION",0.980699893955461,1,-0.223156532988357,-0.482117932895925,4623,11,"ADORA1;PRNP;EPHA4;APP;FXR1;ABL1;C22orf39;FAM107A;AGER;PTN;APOE"
"GOBP_NEGATIVE_REGULATION_OF_MACROAUTOPHAGY",0.996793158738642,1,0.19910071942446,0.550943266626437,5594,39,"NUPR1;LRRK2;TMEM39A;RBX1;HTRA2;BECN1;HMOX1;NRBP2;PHF23;FBXL4;LZTS1;TIGAR;AKT1;SCFD1;POLDIP2;TSC1;TSC2;UBQLN4;EHMT2;SMCR8;SEC22B;HDAC6;VPS13C;PPTC7;MTOR;FEZ2;NPC1;CLEC16A;TSPO;RNF41;QSOX1;LYPLA1;PIK3CA;USP30;USP36;MTM1;PINK1;FEZ1;RUBCN"
"GOBP_NEGATIVE_REGULATION_OF_MACROPHAGE_CYTOKINE_PRODUCTION",0.666281087333719,1,0.489099678659441,0.85477529418776,3455,5,"TGFB1;TGFB2;TGFB3;CUEDC2"
"GOBP_NEGATIVE_REGULATION_OF_MIRNA_METABOLIC_PROCESS",0.220968329086276,1,0.457185114741872,1.18454642023033,1213,28,"TWIST1;TGFB1;PPARG;BMP4;TNF;NFATC4;PDGFB"
"GOBP_NEGATIVE_REGULATION_OF_MITOCHONDRIAL_FISSION",0.70908039329092,1,0.468492734905197,0.818761558791076,3677,5,"PPARG;C11orf65;PINK1;MAPT;PRKN"
"GOBP_NEGATIVE_REGULATION_OF_MITOCHONDRIAL_FUSION",0.523356584231664,1,-0.484774335952303,-0.962463990290834,2475,8,"PRKN;HUWE1;VAT1;OMA1;BNIP3"
"GOBP_NEGATIVE_REGULATION_OF_MITOCHONDRIAL_OUTER_MEMBRANE_PERMEABILIZATION_INVOLVED_IN_APOPTOTIC_SIGNALING_PATHWAY",0.903882397286091,1,0.30528695332118,0.652119827236467,4795,12,"IER3;BOK"
"GOBP_NEGATIVE_REGULATION_OF_MOTOR_NEURON_APOPTOTIC_PROCESS",0.506334371754932,1,-0.56126068804245,-0.997277251160869,2437,5,"CRLF1;MAP2K4"
"GOBP_NEGATIVE_REGULATION_OF_MRNA_METABOLIC_PROCESS",1,1,0.133406803461518,0.440785808659946,5973,119,"SLC11A1;VIP;ZFP36;RBM46;SNRPG;SNRPB;RBM20;SNRPF;SNRPE;ADARB2;TRAF2;SNRPD2;E2F1;CIRBP;CRYZ;IKBKE;SRSF7;HNRNPD;SLIRP;SRSF9;TRAF5;RBM42;SNRPD1;RBM24;HNRNPAB;SNIP1;RBM38;TAF15;YBX3;MAPKAPK2;HNRNPC;PTBP1"
"GOBP_NEGATIVE_REGULATION_OF_NEUROBLAST_PROLIFERATION",0.536785782533919,1,0.535523786888831,0.974498340180072,2808,6,"TGFB1;CTNNA1;PTN;KCTD11"
"GOBP_NEGATIVE_REGULATION_OF_NEUROINFLAMMATORY_RESPONSE",0.161515265736902,1,0.605750687799798,1.29393683411289,856,12,"IGF1;TAFA3;CD200R1;PTPRC"
"GOBP_NEGATIVE_REGULATION_OF_NEURON_APOPTOTIC_PROCESS",0.999516985992594,1,0.194056627538994,0.670058716967575,6207,170,"TFAP2D;CX3CR1;BARHL1;MAG;NGF;NTRK1;CHL1;CCL2;NFATC4;TFAP2B;NTF3;MDK;PLXND1;BAX;EN1;JUN;WNT1;GDF5;NTF4;BTG2;NR4A2;CNTF;HSPG2;EN2;UCN;DRAXIN;FZD1;CLCF1;ANGPT1;POU4F1;ATF4;AXL"
"GOBP_NEGATIVE_REGULATION_OF_NEURON_DIFFERENTIATION",0.976534723868215,1,-0.221587299765128,-0.70673558211609,4119,70,"ASCL1;DLX2;IRX3;DLX1;SOX9;PHOX2B;SHH;TUNAR;NR2E1;MEIS1;SLC6A4;SOX8;ID4;LBX1;DDX6;FOXG1;SOX3;DTX1;ISL1;GSK3B;ASPM;DIXDC1;GDF11;SHOC2;PBX1"
"GOBP_NEGATIVE_REGULATION_OF_NEURON_MIGRATION",0.785133345942879,1,0.36487222308591,0.760870498746278,4150,11,"COL3A1;TNN"
"GOBP_NEGATIVE_REGULATION_OF_NEURON_PROJECTION_DEVELOPMENT",1,1,0.171821856467649,0.572643116446833,6001,128,"MAG;SEMA3G;CD38;WNT3A;GFI1;CIB1;DAB2;SPP1;TRPV4;LRRK2;MYLIP;B2M;AMIGO3;SEMA3F;PRAG1;HES1;CDKL3;DKK1;EPHA7;TSKU;DRAXIN;PMP22;KANK1;EFNA1;APOE;KREMEN1;CBFA2T2;SNAPIN;RTN4RL1;RYK;DGUOK;ITM2C;MGARP;LRP4"
"GOBP_NEGATIVE_REGULATION_OF_NEURON_PROJECTION_REGENERATION",0.690842173630656,1,-0.362534409287843,-0.839936261971981,3190,15,"TNR;KIAA0319;THY1;EPHA4;RTN4R;LRIG2;INPP5F"
"GOBP_NEGATIVE_REGULATION_OF_NEUROTRANSMITTER_SECRETION",0.848235045444938,1,-0.348729540938533,-0.692362612069082,4012,8,"SYT1;PRKN;NF1;SYT11;SLC30A1"
"GOBP_NEGATIVE_REGULATION_OF_NEUROTRANSMITTER_TRANSPORT",0.345068928950159,1,-0.510182707735606,-1.10222286194762,1626,11,"NOS1;SNCA;SYT1;PRKN"
"GOBP_NEGATIVE_REGULATION_OF_NLRP3_INFLAMMASOME_COMPLEX_ASSEMBLY",0.850471293916024,1,-0.315659433388726,-0.722080841889859,3969,14,"PYDC1"
"GOBP_NEGATIVE_REGULATION_OF_NUCLEOBASE_CONTAINING_COMPOUND_METABOLIC_PROCESS",1,1,0.177187564350999,0.712901365384587,8123,1559,"PEG3;TBL1Y;MAEL;HOXC8;DLX4;IRF8;IL33;S100A11;TWIST1;MAGEA8;TBX22;SNAI2;ETV7;APOBEC3H;NKX2-5;FOXC2;OVOL2;MSX2;FOXD1;MORC1;CDKN2A;TNFSF11;ASCL2;HAND1;FABP4;GREM1;WT1;EDN1;S100A1;TWIST2;SLC11A1;SHOX2;FOXS1;FOXA2;IER3;TGFB1;ANKRD1;FOXC1;CD38;ID3;PPARG;ZNF541;VIP;GLIS1;HOXA7;FOXQ1;HOXD8;HOXB4;GATA3;ALX1;TBX18;HOXB3;JPH2;GATA2;CEBPD;MYOZ2;LOXL2;HOXB13;RUNX2;ID1;CAV1;ZNF750;RIPPLY3;ACTN3;ENG;TCF21;SLC4A1;TBX15;BMP4;SLFN11;HNF1B;GATA6;TRIM22;IGF2;TBX3;NUPR1;PDX1;PRDM1;TNF;NFATC4;GSC;PRRX1;HAMP;ELK3;HEYL;IRX1;GFI1;EPO;LMCD1;ZFPM2;ANKRD2;DAB2;TNFSF4;IFI27;SP5;ZC3H12A;ZFP36;FST;TFAP2B;TRPV4;SIM2;MSX1;PTPRC;PITX2;PBXIP1;ATOH8;PDGFB;SOX10;PITX1;HEY1;FOXE1;RASD1;MXD3;ANKLE1;FOXF2;L3MBTL4;RBM46;NR1I2;GADD45A;TRIM29;OLIG3;SMAD7;FOXL2;IRX2;CDKN1A;IRF2BP2;CIART;KANK2;SAMD11;ANXA4;TGIF1;GATA5;HES6;EPOP;NR3C1;MYOCD;SNRPG;FZD6;H1-2;EN1;MDFI;POU4F2;PAX5;ZMYND15;SNRPB;FBLN5;GFI1B;APOBEC3B;PAX9;AURKB;ID2;SFRP2;NFKB2;DACT1;NEUROG3;HMGB2"
"GOBP_NEGATIVE_REGULATION_OF_NUCLEOTIDE_METABOLIC_PROCESS",0.365356622998544,1,0.413667568274425,1.06439386778477,2007,27,"IER3;ACTN3;SLC4A1;NUPR1"
"GOBP_NEGATIVE_REGULATION_OF_OLIGODENDROCYTE_DIFFERENTIATION",0.929459691252144,1,-0.284778260148546,-0.638101510524305,4334,13,"DLX2;DLX1"
"GOBP_NEGATIVE_REGULATION_OF_OXIDATIVE_STRESS_INDUCED_INTRINSIC_APOPTOTIC_SIGNALING_PATHWAY",0.99727965179543,1,0.186768604343283,0.487705875840535,5498,29,"HSPB1;WNT1;FZD1;CA3;ATF4;PYCR1;GPX1;PPIA;GATA4;HTRA2;MAPK7;PARK7;FBXO7"
"GOBP_NEGATIVE_REGULATION_OF_OXIDATIVE_STRESS_INDUCED_NEURON_INTRINSIC_APOPTOTIC_SIGNALING_PATHWAY",0.985949793930311,1,0.222043913101298,0.48496092608831,5262,13,"WNT1;FZD1;ATF4;PYCR1;PARK7;FBXO7"
"GOBP_NEGATIVE_REGULATION_OF_PEPTIDYL_SERINE_PHOSPHORYLATION",0.955968280467446,1,-0.27433210655912,-0.527985248584135,4580,7,"DMTN;PTEN;RASSF2;PAQR3"
"GOBP_NEGATIVE_REGULATION_OF_PEPTIDYL_TYROSINE_PHOSPHORYLATION",0.990266299357208,1,0.215403425053932,0.535655548971944,5391,23,"IL7R;SFRP2;SAMSN1"
"GOBP_NEGATIVE_REGULATION_OF_PERK_MEDIATED_UNFOLDED_PROTEIN_RESPONSE",0.830946098756125,1,0.339202932403781,0.724567346461544,4408,12,"PPP1R15A;NCK1;NCK2;AKT2;DDRGK1;AKT1;HSPA5;ATAD3A;ABCA7;PTPN1;PPP1R15B;AKT3"
"GOBP_NEGATIVE_REGULATION_OF_PHOSPHOLIPID_METABOLIC_PROCESS",0.587043760749092,1,0.511051502082112,0.929965862802904,3071,6,"PDGFB;APOC1"
"GOBP_NEGATIVE_REGULATION_OF_PHOSPHORUS_METABOLIC_PROCESS",0.361276801547638,1,0.301870835791836,1.03854367881718,2240,164,"AGT;IL7R;INHBA;CDKN2A;ADIPOQ;IER3;ACTN3;SLC4A1;NUPR1;IGFBP3;PLEK;CIB1;MYCNOS;ZC3H12A;PTPRC;PDGFB;PRR5L;INCA1;GADD45A;CDKN1A;APOC1;NPPA"
"GOBP_NEGATIVE_REGULATION_OF_POTASSIUM_ION_EXPORT_ACROSS_PLASMA_MEMBRANE",0.714504108541945,1,0.446781336611131,0.813012757996057,3738,6,"KCNE5;NEDD4"
"GOBP_NEGATIVE_REGULATION_OF_PRODUCTION_OF_MOLECULAR_MEDIATOR_OF_IMMUNE_RESPONSE",0.672441797509475,1,0.327361972504643,0.865889590895999,3725,31,"IL33;ZPBP2;TGFB1;CD96;TNF;APOA1;HFE;SMAD7;BST2;BTLA;APOA2;TGFB2;ANGPT1"
"GOBP_NEGATIVE_REGULATION_OF_PROSTAGLANDIN_BIOSYNTHETIC_PROCESS",0.802738638618774,1,0.530696554944858,0.770728633824153,4044,2,"SIRT1;PIBF1"
"GOBP_NEGATIVE_REGULATION_OF_PROTEIN_METABOLIC_PROCESS",0.999573863636364,1,0.20255923869977,0.774053279178635,7036,533,"BANK1;KLHL40;SERPINB13;AGT;IL7R;SPINK7;LILRB2;IGF1;CDKN2A;ADIPOQ;WT1;CSTA;EDN1;NOS2;SERPINE1;PLAU;ZAR1L;CAV1;IGFBP3;PLAT;CIB1;ITM2A;MYCNOS;TIMP3;SLC2A10;ZC3H12A;ZFP36;F8A1;PTPRC;NANOS2;ITGB3;HFE;NQO1;IGFBP5;LRRK2;IAPP;CTSZ;C8orf88;PRR5L;INCA1;GADD45A;DHFRP1;CDKN1A;NPPA;SAMD4A;HHATL;SFRP2;ITGAV;COPS9;WNT1;SHMT1;AJUBA;VTN;BTG2;PFDN6;MEST;SH3RF2;THBS1;ATRAID;ANG;HMG20B;HSPG2;CDK5RAP3;SAMSN1;ZFP36L2;PCSK5;CEACAM1;F2;PFDN5;EIF4E2;IFRD2;EIF4EBP1;TYMS;NR1H3;CDK1;TNFAIP3;RPS3;CIRBP;RPS7;EIF4EBP3;DAP;EFNA1;P3H1;PTX3;FLNA;ATF4;APOE;EIF6"
"GOBP_NEGATIVE_REGULATION_OF_PROTEIN_SERINE_THREONINE_KINASE_ACTIVITY",0.298863021115322,1,0.419524332030162,1.1096638667381,1655,31,"AGT;CDKN2A;ADIPOQ;INCA1;GADD45A;NPPA;CDK5RAP3;LYN;RASIP1"
"GOBP_NEGATIVE_REGULATION_OF_PROTEIN_TARGETING_TO_MITOCHONDRION",0.955665965985095,1,0.281825107377903,0.512840150306617,5000,6,"LRRK2;BAG3;LMAN1"
"GOBP_NEGATIVE_REGULATION_OF_PROTEIN_TYROSINE_KINASE_ACTIVITY",0.643313458262351,1,-0.395638018788665,-0.870034436855553,3020,12,"ZFYVE28;SRCIN1;SOCS5;PTK6;SOCS4;GPRC5A;SNX6"
"GOBP_NEGATIVE_REGULATION_OF_REACTIVE_OXYGEN_SPECIES_METABOLIC_PROCESS",0.568378009995457,1,-0.328867655284451,-0.93230578452557,2501,37,"ADCY10;ACP5;MT3;MPV17L;PRKN;PLIN5;PAX2;ABCB7;ABCD2;PINK1;PPARA;STAT3;CRYAB;HK2"
"GOBP_NEGATIVE_REGULATION_OF_RELEASE_OF_CYTOCHROME_C_FROM_MITOCHONDRIA",0.731680641633248,1,0.33783592132573,0.817212073813453,4013,20,"IGF1;HGF;TRIAP1;LMNA;GPX1;PARL;HIGD1A;PRELID1;BAK1"
"GOBP_NEGATIVE_REGULATION_OF_RELEASE_OF_SEQUESTERED_CALCIUM_ION_INTO_CYTOSOL",0.269061723676667,1,0.663109216854628,1.20666690631444,1407,6,"TGFB1;CALM2"
"GOBP_NEGATIVE_REGULATION_OF_RESPIRATORY_BURST",0.635693501454898,1,0.537523189047569,0.894341934584627,3276,4,"RPS19;GRN;DUSP10"
"GOBP_NEGATIVE_REGULATION_OF_RESPIRATORY_BURST_INVOLVED_IN_INFLAMMATORY_RESPONSE",0.493875938364283,1,0.657932439704386,1.03184628158756,2499,3,"RPS19;GRN;DUSP10"
"GOBP_NEGATIVE_REGULATION_OF_RESPONSE_TO_CYTOKINE_STIMULUS",0.935632576404303,1,0.240328048578098,0.754316489378391,5479,84,"DCST1;ADIPOQ;PPARG;IL11;CAV1;STAP1;APOA1;IL1A;PTPRC;CISH;ANXA4;IL1RAP;EIF4E2;F2RL1;NR1H3;TRAIP;OAS3;SMIM30;METTL3"
"GOBP_NEGATIVE_REGULATION_OF_RESPONSE_TO_OXIDATIVE_STRESS",0.73533802516528,1,-0.37993835876397,-0.795865225207641,3447,10,"NCOA7;MCTP1"
"GOBP_NEGATIVE_REGULATION_OF_RESPONSE_TO_TYPE_II_INTERFERON",0.34741066309956,1,0.625110262332093,1.13751980394964,1817,6,"PPARG;NR1H3;NR1H2;PARP14"
"GOBP_NEGATIVE_REGULATION_OF_SMALL_MOLECULE_METABOLIC_PROCESS",0.152031012978257,1,0.365343530132343,1.18300159036038,901,104,"APOC3;UGT1A6;SNAI2;ADIPOQ;FMO2;IER3;DKKL1;ACTN3;SLC4A1;NUPR1;BMP5;PLEK;GFI1;ACADL;APOC1;KIF12;FMO1;SNAI1;FMO4;CEACAM1;SIK1;ERFE;BMP2;AMDHD2;ANGPTL4;APOE;KLHL25;ACADVL;CLK2;GGCX;DDIT4"
"GOBP_NEGATIVE_REGULATION_OF_SPHINGOLIPID_BIOSYNTHETIC_PROCESS",0.478501815402255,1,0.562021212404255,1.02271598767961,2503,6,"ORMDL3;SPHK1;ORMDL1;ORMDL2"
"GOBP_NEGATIVE_REGULATION_OF_STEROID_METABOLIC_PROCESS",0.798034934497817,1,0.305508380010837,0.786093160739812,4385,27,"SNAI2;DKKL1;BMP5;GFI1;SNAI1;BMP2;APOE;GGCX;ERLIN1;PROX1"
"GOBP_NEGATIVE_REGULATION_OF_SUPRAMOLECULAR_FIBER_ORGANIZATION",1,1,0.185962959877484,0.635941083818883,6165,157,"LMOD2;SPTA1;TRIM54;GMFG;CDH5;CIB1;SSH3;TMOD4;LMOD1;CAV3;LIMA1;SCIN;IAPP;PHLDB2;KANK2;GAS2L1;KANK4;KANK3;ARHGAP28;ARHGAP6;PFDN6;HSPG2;DLC1;PFDN5;KANK1;PFN1;PLEKHH2"
"GOBP_NEGATIVE_REGULATION_OF_SYNAPSE_ASSEMBLY",0.959345002823264,1,0.268079167074938,0.548543049556635,5096,10,"TLR2;DKK1;EPHA7"
"GOBP_NEGATIVE_REGULATION_OF_SYNAPSE_ORGANIZATION",0.923834293145086,1,0.28123161199663,0.63642929186662,4972,15,"NFATC4;TLR2;DKK1;EPHA7;APOE;NEUROD2;WNT5A"
"GOBP_NEGATIVE_REGULATION_OF_SYNAPTIC_TRANSMISSION",0.286586798214705,1,-0.348677910394283,-1.08789910933224,1219,62,"HCN1;TNR;HTR2A;GRIA1;DRD1;ADCY8;GABRG2;ARC;GRM5;NPY2R;SLC24A2;DRD5;ACHE;SHANK2;SHANK3;SLC6A4;PRKN;KCNB1;ADORA1;GABRB2;MAPT"
"GOBP_NEGATIVE_REGULATION_OF_SYNAPTIC_TRANSMISSION_GABAERGIC",0.193827943352357,1,-0.643249655266535,-1.27709860866468,916,8,"GABRG2;ADORA1;GABRB2;GABRB1;GABRB3;STXBP1"
"GOBP_NEGATIVE_REGULATION_OF_SYNAPTIC_VESICLE_EXOCYTOSIS",0.539440734557596,1,-0.495281829863934,-0.953229657803687,2584,7,"RAP1BL;BRAF;SYT4;FMR1;CDK5"
"GOBP_NEGATIVE_REGULATION_OF_T_CELL_CYTOKINE_PRODUCTION",0.550479846449136,1,0.508371653405741,0.955534089730091,2867,7,"HFE;SMAD7;BTLA;TNFRSF14"
"GOBP_NEGATIVE_REGULATION_OF_T_CELL_MEDIATED_IMMUNE_RESPONSE_TO_TUMOR_CELL",0.65489443378119,1,0.460790408215717,0.866100500138134,3411,7,"CD274;LAG3"
"GOBP_NEGATIVE_REGULATION_OF_TRANSMISSION_OF_NERVE_IMPULSE",0.887559315040231,1,-0.369274057551827,-0.621950437461985,4301,4,"GRP;GLRA1"
"GOBP_NEGATIVE_REGULATION_OF_TRIGLYCERIDE_METABOLIC_PROCESS",0.70269763956538,1,0.378501592560115,0.826676490654858,3750,13,"APOC3;APOC1;SIK1;APOE"
"GOBP_NEGATIVE_REGULATION_OF_TRNA_METABOLIC_PROCESS",0.951031424715635,1,0.300495796507868,0.525161626697872,4932,5,"METTL1;NSUN2;RNH1"
"GOBP_NEGATIVE_REGULATION_OF_TUMOR_NECROSIS_FACTOR_MEDIATED_SIGNALING_PATHWAY",0.992903930131004,1,0.205301338761406,0.528253851122984,5456,27,"ADIPOQ;APOA1;ANXA4;F2RL1;TRAIP;H2BC11;CLDN18;PIAS4;GSTP1;CCDC3;NAIP;GPS2"
"GOBP_NEGATIVE_REGULATION_OF_TUMOR_NECROSIS_FACTOR_SUPERFAMILY_CYTOKINE_PRODUCTION",0.34794711203897,1,0.363388521233984,1.06254439107616,1999,52,"BPI;TWIST1;GHRL;IGF1;ADIPOQ;TLR4;LTF;CD274;ZC3H12A"
"GOBP_NEGATIVE_REGULATION_OF_TYPE_2_IMMUNE_RESPONSE",0.568605307735742,1,0.456433797799103,0.933953914051992,3020,10,"ASCL2;ANXA1;HLX"
"GOBP_NEGATIVE_REGULATION_OF_TYPE_I_INTERFERON_MEDIATED_SIGNALING_PATHWAY",0.955128205128205,1,0.254208978992574,0.619863036777444,5214,21,"DCST1;EIF4E2;OAS3;SMIM30;METTL3;USP18"
"GOBP_NEGATIVE_REGULATION_OF_TYPE_I_INTERFERON_PRODUCTION",0.72852866682017,1,-0.291009196680291,-0.851926469795324,3163,44,"PYCARD;RNF125;XAF1;DHX58;REL;ITCH;SIRPA;ILRUN;PPM1B;CYLD;NMI;QKI;MPHOSPH8;PTPN11;OTUD5"
"GOBP_NEGATIVE_REGULATION_OF_TYROSINE_PHOSPHORYLATION_OF_STAT_PROTEIN",0.491305178673801,1,0.556323112994902,1.01234709547997,2570,6,"IL7R;PARP14;IL7"
"GOBP_NEGATIVE_REGULATION_OF_VITAMIN_METABOLIC_PROCESS",0.280527422128798,1,0.657780138888753,1.19696952636685,1467,6,"SNAI2;GFI1;SNAI1"
"GOBP_NEGATIVE_REGULATION_OF_VOLTAGE_GATED_CALCIUM_CHANNEL_ACTIVITY",0.794031719532554,1,-0.385890424031669,-0.742692694683515,3804,7,"CRHR1;CACNA1F;CALM3;CALM1;CBARP;FMR1"
"GOBP_NEUROBLAST_DIVISION",0.794344473007712,1,-0.33587555488978,-0.768325853092335,3707,14,"DCT;FGF13"
"GOBP_NEUROBLAST_PROLIFERATION",0.888946910356832,1,0.256620595470372,0.768389612559539,5106,61,"CX3CR1;TGFB1;NEUROD4;HHIP;SOX10;TEAD3;DMRTA2;LRRK2"
"GOBP_NEUROENDOCRINE_CELL_DIFFERENTIATION",0.677583286278938,1,0.41290561138952,0.844886627043793,3599,10,"WNT11;RFX6;HES1;BMP2;FGF8"
"GOBP_NEUROEPITHELIAL_CELL_DIFFERENTIATION",0.369354838709677,1,0.391555994474397,1.0561108547073,2060,34,"WNT11;TGFB1;SERPINE1;BMP4;RFX6;MSX1"
"GOBP_NEUROFIBRILLARY_TANGLE_ASSEMBLY",0.913971676178398,1,-0.305677256562936,-0.606887226228216,4323,8,"MAPT;CLU;DYRK1A;HSP90AA1"
"GOBP_NEUROFILAMENT_CYTOSKELETON_ORGANIZATION",0.331413947536788,1,-0.535122749542012,-1.12093337709699,1553,10,"NEFL;ATP8A2;NEFH;CLN8;ATF2;ARHGEF28;INA"
"GOBP_NEUROGENESIS",1,1,-0.168344631418384,-0.718520613683486,1702,1763,"FGF4;C3;ESRP1;GNAT2;DLX5;HES3;TH;RPGRIP1;FRMD7;KLF4;KLK8;C1QA;USH1G;RUNX3;SPINT1;USH1C;FA2H;GFRA3;CDH1;GRM7;FGF19;RASSF10;ADCY10;NR5A2;RASAL1;NEU4;CDHR1;ASCL1;SKOR2;SEMA3E;HCN1;TNR;RAB17;OMG;RAB37;NRXN3;ZNF296;DCT;GSX1;KHDC3L;NDP;TUBA4A;DLX2;VCAM1;DRD1;CPNE6;FGF16;CRTAC1;OLFM3;RET;PCDH12;MT3;SH3TC2;ATP2B2;PLA2G3;GSX2;NOS1;IL1RAPL1;ADORA2A;MDGA2;FGF10;CHD5;UNC5D;IRX3;TBR1;CAMK2A;FGF13;DLX1;MET;CNTN1;ARX;PLXNB3;PLK5;BDNF;ABCC8;ANKRD24;KIF21A;FUT9;NCAM2;WNT7A;SEMA4A;CDHR2;CSF1R;SH3GL2;BCL11A;PTPRH;PRKCA;NRN1;PRKCQ;SOX9;SYT2;GABRA5;CRB1;IRX5;IL15RA;HAP1;APOD;FGF5;RGS2;CPNE9;ALK;PHOX2B;OPCML;DRGX;ZIC3;WNT10B;CTNND2;FOXB1;RORB;FAIM2;KIAA0319;COBL;SLC1A3;EPHB1;TENM1;NPTX1;TRPV2;CNGB1;EDNRB;PLP1;PTCH1;CPNE5;NTRK2;NEFL;AGBL4;IL34;PLPPR4;UGT8;EFHC2;PCDHAC2;CTHRC1;TRIM67;DCHS2;RIMS1;DCC;ARC;BHLHA15;NAV3;ITPKA;SHH;OPHN1;GRM5;PPFIA2;TAFA1;PAK3;KCNJ10;IRX4;ATP8B1;SLITRK2;SYN1;GFAP;ANO1;ZDHHC15;ATP8A2;SYT17;PLPPR5;ROM1;ASTN1;NEXMIF;TUNAR;DNER;GAREM2;C5AR1;PACSIN1;ELL3;PHACTR1;KCNQ1;SERPINE2;UNC5A;FOXP2;DCLK1;NEFH;SYT1;GPRASP3;NLGN4X;PTPRO;ITGA6;NRROS;LRRC4C;NFIB;FGF14;BEND6;NGEF;PHOX2A;MAP7D2;IRX6;SOX6;GNRH1;EPHA3;ABLIM1;SPRY3;BCL11B;TOX;ADGRG1;THY1;BORCS5;WNT9B;CAPS2;TMEM108;CAMK2B;GRIN3A;VSX2;SMIM45;FSCN2;SHANK3;P2RY1;DSCAM;MAP2;ZNF365;PAK1;EPHA10;NR2E1;MEIS1;STMND1;KCNA1;FZD9;ROBO4;NEGR1;KIF5A;SLC6A4;LONRF2;PRKN;FGF12;LHX6;RNF157;SH3GL3;NEURL1;GPRIN2;NAP1L2;KLK6;NRP1;MYO16;TNIK;SLC4A10;SLC9A6;PTPRZ1;ISLR2;CX3CL1;EMB;NYAP2;SLC8A3;PTPRG;FBXO41;DNAAF4;NLGN3;GRIN2A;ACSL4;CHRM1;CUL4B;CPNE8;CHODL;EML1;ATL1;SEMA3D;ACSL6;GPM6A;SH3RF1;RELN;MMD;CTNNA2;KCNB1;BICDL1;DCX;FGF3;SRCIN1;NDRG4;PRDM8;SARM1;NRCAM;SLC1A1;FGF2;SHTN1;SNAP25;BRINP2;KIF26A;TBX20;MAP1B;PPP1R9A;SOX8;ZFHX3;MCF2;ALDH1A2;PPP1R12B;ATP9A;UNC13A;FGF20;SLIT1;TRPC5;MAP3K13;FGFR2;FOS;NTN3;BRINP3;LHX1;NRXN1;MAP1A;ID4;PSD;PREX2;CNTNAP1;PAX2;ANOS1;FZD5;ITSN2;KIF1A;GAS7;GABRB2;PLXNC1;MAPT;ASTN2;SFRP1;HIPK2;ADGRB3;FOXO6;PRKD1;SYNE2;CSPG5;LHX2;LBX1;FLRT3;NLGN1;RASGRF1;PPP3CA;STMN2;CDH4;DDX6;CLSTN3;RDH13;MMD2;CCK;FES;TNFRSF1B;KNDC1;DTNB;CEND1;FRY;SALL1;CEP85L;PPP2R3A;CDK16;RTN1;RIMS2;TENM2;STX1B;EOMES;MYT1L;SOS1;STAU2;CAMK1D;SLIT2;HMCN2;CDK5R2;HECW1;RGS14;AHI1;ADRA2B;TNXB;MESP1;SPOCK1;SHANK1;ETV6;LRRC7;TTBK1;FEZ1;PRKCZ;RORA;MMP24;TRAPPC9;TSPAN2;SMARCA1;S1PR1;PARD6B;EFNB1;IGLON5;TUBB2A;SYT3;RAPGEF2;VXN;KIDINS220;TTL;XK;NF2;DYNC2H1;BRINP1;DLX3;SOD2;CDON;MAGI2;CLU;RAPH1;NCAM1;NKX2-1;TRIM46;FOXG1;TAL1;OLFM1;SEMA4F;ATXN1;FAT4;AGTPBP1;BMPR1B;RAB6B;CNTNAP2;CHRNB2;GDNF;DCLK2;CPEB3;FGF22;DOK5;PITPNA;SOX3;PAK6;KLF15;ARFGEF1;VWC2;GABRB1;ANK3;DBNDD2;PTPN9;RAB21;PRKG1;FOXN4;BMAL1;CARM1;MAPRE3;BOC;DRD3;OTP;CRB2;DTX1;NEDD4L;SEZ6;ISL1;AP2A1;ATCAY;CIT;PDZD7;CYFIP2;ULK4;UNC5C;BCL2;CDH23;LRP8;GSK3B;EFNB3;ATP7A;RUFY3;SEPTIN4;NECTIN1;BMERB1;IL6ST;KLF7"
"GOBP_NEUROINFLAMMATORY_RESPONSE",0.151796458655664,1,0.389131704116515,1.20273387154573,882,75,"IL33;IL18;CX3CR1;ITGB2;CCR1;IGF1;TAFA3;CD200R1;AIF1;STAP1;NUPR1;TNF;PTPRC;PTGS2;LRRK2;NR3C1;CTSC;TLR1;NAGLU;JUN;IL1RAP;CNTF"
"GOBP_NEUROMUSCULAR_JUNCTION_DEVELOPMENT",0.572121212121212,1,0.308875685528475,0.936580414860828,3303,66,"RAPSN;MUSK;CHRNA1;TNC;COL4A1;LAMB1;LRRK2;CACNA1S;PPFIBP2"
"GOBP_NEUROMUSCULAR_PROCESS",0.27665015182995,1,0.308759013510915,1.07552037913889,1730,183,"CHRNG;DCANP1;TIFAB;FOXS1;PCDH15;HOXC10;ATP2A1;TCF15;EDNRA;TNNC1;CHRNA1;PVALEF;ACTN3;CHRND;STAC3;MYH8;TNNI1;MB;TNF;CAV3;ALDH1A3;STRA6;TNNC2;NPR2;SLC6A3;POU4F3;RCSD1;TNNI3;HMX3;POU4F2"
"GOBP_NEUROMUSCULAR_PROCESS_CONTROLLING_BALANCE",0.937193841847446,1,0.244674675375599,0.726628591352097,5356,58,"DCANP1;TIFAB;FOXS1;PCDH15;ALDH1A3;POU4F3;HMX3;POU4F2;CLRN1"
"GOBP_NEUROMUSCULAR_PROCESS_CONTROLLING_POSTURE",0.79973764757324,1,-0.314129549441582,-0.772350773626345,3657,19,"GCH1;ATP8A2;GLRA1;CNTNAP1;SCN1A;TMEM150C;CLN8;GABRB3;MECP2"
"GOBP_NEUROMUSCULAR_SYNAPTIC_TRANSMISSION",0.937074057246706,1,-0.244911820027763,-0.694299675999073,4124,37,"EGR3;CHRNA6;CHRNA2;SLC5A7;RIMBP3C;CHAT;CHRNA4;CHRM1;NRXN1;ETV5;NLGN1;DTNA"
"GOBP_NEURON_APOPTOTIC_PROCESS",0.995259938837921,1,0.21002164619588,0.764735616865293,6508,289,"TFAP2D;RAPSN;CX3CR1;BARHL1;MAG;NGF;TGFB1;NTRK1;CASP4;GATA3;CHL1;ITGA1;CCL2;NUPR1;TNF;NFATC4;TFAP2B;COL6A2;GRM4;NPR2;NTF3;MDK;POU4F3;PLXND1;CASP3;PITX3;BAX;NR3C1;MMP2;EN1;FAS;JUN;WNT1;GDF5;NTF4;BTG2;NR4A2;BCL2L11;CNTF;HSPG2;DKK1;EPHA7;EN2;UCN;DRAXIN;TGFB2;HRK;NLRP1;FZD1;CLCF1;ANGPT1;POU4F1;BBC3;ATF4;AXL;CASP8;EGLN3;CASP6;PYCR1"
"GOBP_NEURON_CELL_CELL_ADHESION",0.233052400146574,1,0.504325099662049,1.19307329705343,1271,18,"NLGN4Y;ITGB2;ITGAL"
"GOBP_NEURON_CELLULAR_HOMEOSTASIS",0.975074080529894,1,0.227522765986661,0.662149682519266,5593,51,"P2RX1;HAAO;CHRNA1;NPY"
"GOBP_NEURON_DEVELOPMENT",1,1,-0.201825230882191,-0.847495421707813,2207,1178,"C3;GNAT2;DLX5;TH;RPGRIP1;FRMD7;KLF4;KLK8;C1QA;USH1G;RUNX3;USH1C;GFRA3;CDH1;GRM7;ADCY10;RASAL1;NEU4;CDHR1;ASCL1;SKOR2;SEMA3E;HCN1;TNR;RAB17;OMG;RAB37;NRXN3;ZNF296;KHDC3L;NDP;DRD1;CPNE6;CRTAC1;OLFM3;RET;PCDH12;MT3;PLA2G3;IL1RAPL1;ADORA2A;UNC5D;TBR1;CAMK2A;FGF13;CNTN1;ARX;PLXNB3;PLK5;BDNF;ANKRD24;KIF21A;FUT9;NCAM2;WNT7A;SEMA4A;CDHR2;CSF1R;SH3GL2;BCL11A;PTPRH;PRKCA;NRN1;PRKCQ;SYT2;GABRA5;CRB1;IRX5;IL15RA;APOD;RGS2;CPNE9;ALK;PHOX2B;OPCML;DRGX;CTNND2;FOXB1;RORB;KIAA0319;COBL;SLC1A3;EPHB1;TENM1;NPTX1;TRPV2;CNGB1;EDNRB;PLP1;PTCH1;CPNE5;NTRK2;NEFL;AGBL4;PLPPR4;UGT8;EFHC2;PCDHAC2;CTHRC1;TRIM67;DCHS2;RIMS1;DCC;ARC;BHLHA15;ITPKA;SHH;OPHN1;GRM5;PPFIA2;PAK3;ATP8B1;SLITRK2;SYN1;GFAP;ZDHHC15;ATP8A2;SYT17;PLPPR5;ROM1;TUNAR;GAREM2;PACSIN1;PHACTR1;KCNQ1;UNC5A;DCLK1;NEFH;SYT1;GPRASP3;PTPRO;ITGA6;LRRC4C;NFIB;NGEF;PHOX2A;MAP7D2;EPHA3;ABLIM1;SPRY3;BCL11B;TOX;THY1;BORCS5;CAPS2;TMEM108;CAMK2B;GRIN3A;SMIM45;FSCN2;SHANK3;DSCAM;MAP2;ZNF365;PAK1;EPHA10;NR2E1;STMND1;ROBO4;NEGR1;KIF5A;LONRF2;PRKN;LHX6;RNF157;NEURL1;GPRIN2;KLK6;NRP1;MYO16;TNIK;SLC4A10;SLC9A6;PTPRZ1;ISLR2;CX3CL1;EMB;NYAP2;PTPRG;FBXO41;NLGN3;CPNE8;CHODL;ATL1;SEMA3D;GPM6A;RELN;CTNNA2;KCNB1;BICDL1;SRCIN1;NDRG4;PRDM8;SARM1;NRCAM;SHTN1;SNAP25;KIF26A;MAP1B;PPP1R9A;MCF2;PPP1R12B;ATP9A;UNC13A;SLIT1;TRPC5;MAP3K13;FGFR2;NTN3;LHX1;NRXN1;MAP1A;PSD;PREX2;CNTNAP1;PAX2;ANOS1;ITSN2;KIF1A;GAS7;GABRB2;PLXNC1;MAPT;SFRP1;ADGRB3;FOXO6;PRKD1;CSPG5;LHX2;FLRT3;NLGN1;RASGRF1;PPP3CA;STMN2;CDH4;CLSTN3;RDH13;CCK;FES;KNDC1;FRY;CDK16;RIMS2;TENM2;STX1B;MYT1L;SOS1;STAU2;CAMK1D;SLIT2;HMCN2;CDK5R2;HECW1;AHI1;TNXB;SPOCK1;SHANK1;LRRC7;FEZ1;PRKCZ;TSPAN2;PARD6B;EFNB1;IGLON5;SYT3;RAPGEF2;KIDINS220;TTL;XK;BRINP1;SOD2;MAGI2;RAPH1;NCAM1;NKX2-1;TRIM46;FOXG1;OLFM1;SEMA4F;FAT4;AGTPBP1;BMPR1B;RAB6B;CNTNAP2;CHRNB2;GDNF;DCLK2;CPEB3;PITPNA;PAK6;ARFGEF1;GABRB1;ANK3;DBNDD2;PTPN9;RAB21;PRKG1;CARM1;MAPRE3;BOC;CRB2;NEDD4L;SEZ6;ISL1;AP2A1;ATCAY;PDZD7;CYFIP2;ULK4;UNC5C;BCL2;CDH23;LRP8;GSK3B;EFNB3;ATP7A;RUFY3;NECTIN1;KLF7"
"GOBP_NEURON_FATE_COMMITMENT",0.774545454545455,1,0.27722982374523,0.840623058078702,4472,66,"PTF1A;FEV;HOXC10;GATA2;BMP4;PRRX1;IHH;DMRTA2;OLIG3;EPOP;ID2;PAX7;WNT1;FOXA1;TGFB2;FEZF2;DBX1;POU4F1"
"GOBP_NEURON_FATE_DETERMINATION",0.670650730411687,1,0.438508048208109,0.851338475308574,3534,8,"PRRX1;WNT1;FEZF2"
"GOBP_NEURON_FATE_SPECIFICATION",0.948217888365837,1,-0.246363519260739,-0.674304207700482,4229,31,"ESRP1;ASCL1;GSX2"
"GOBP_NEURON_GLIAL_CELL_SIGNALING",0.324195223260644,1,-0.654043498893197,-1.16213858660009,1560,5,"ADRA1A;GABBR2;ADRA1B"
"GOBP_NEURON_INTRINSIC_APOPTOTIC_SIGNALING_PATHWAY_IN_RESPONSE_TO_OXIDATIVE_STRESS",0.822324966974901,1,-0.301776694204214,-0.759028935911464,3734,21,"ADCY10;PRODH;PRKN;FGF2;FBXW7;MAP3K5"
"GOBP_NEURON_MATURATION",0.948195030473512,1,-0.236080569087543,-0.716205600200051,4044,53,"C3;C1QA;RET;IRX5;EDNRB;SMIM45;CX3CL1;FBXO41;KCNB1;NDRG4;NRCAM;MAP3K13;ADGRB3"
"GOBP_NEURON_MIGRATION",0.999462654486835,1,-0.199913113953496,-0.729639656223299,3719,190,"GFRA3;ASCL1;SEMA3E;DRD1;UNC5D;CAMK2A;FGF13;ARX;PHOX2B;DRGX;KIAA0319;NTRK2;DCC;ASTN1;NEXMIF;DNER;PHACTR1;GNRH1;ADGRG1;CAMK2B;LHX6;NRP1;CX3CL1;FBXO41;DNAAF4;GPM6A;SH3RF1;RELN;CTNNA2;DCX;NRCAM;SHTN1;KIF26A;TBX20;MAP1B;LHX1;ASTN2;CCK;CEP85L;EOMES;CDK5R2;SPOCK1;TUBB2A;RAPGEF2;NKX2-1;TRIM46;FOXG1;PRKG1;ULK4;SEPTIN4;USP9X;FAT3;CDK5R1;ASPM;NTNG1;NRG3;MATN2;NTN1;LRIG2;NDNF;STAT3;ADAM17;APBB2;SRGAP2C;FBXO45;GAS6;SATB2;TOP2B;ADGRL3;TUBA1A;FZD3;MYH10;NSMF;NIPBL;VAX1;SOX1;SOCS7;ELP3;PLXNA1;BARHL2;CTNNB1;HSP90AA1;SCRT2;KIF20B"
"GOBP_NEURON_NEURON_SYNAPTIC_TRANSMISSION",0.148691767708998,1,-0.645866553143215,-1.31966715123374,698,9,"DLGAP2;TMOD2;PNOC;OPRL1;PTEN;KIF1B"
"GOBP_NEURON_PROJECTION_ARBORIZATION",1,1,0.138864911523522,0.376068006035987,5579,35,"TPBG;LRRK2;DVL2;MOV10;PTN;SEMA3A;BCL7A;NTNG2;DVL3;WNT5A;SSNA1"
"GOBP_NEURON_PROJECTION_EXTENSION",0.955561398895609,1,-0.22411167220435,-0.80800262759816,3633,169,"CDH1;ADCY10;RASAL1;TNR;CPNE6;MT3;SH3GL2;BCL11A;NRN1;SYT2;CPNE9;KIAA0319;TRPV2;CPNE5;RIMS1;SYT17;GAREM2;DCLK1;SYT1;TMEM108;DSCAM;MAP2;PAK1;PRKN;RNF157;NRP1;SLC9A6;ISLR2;NLGN3;CPNE8;NRCAM;SHTN1;MAP1B;UNC13A;SLIT1;TRPC5;MAP3K13;ITSN2;MAPT;LHX2;FLRT3;CDH4;CLSTN3;RIMS2;SLIT2;PRKCZ;SYT3;TTL;RAPH1;TRIM46;OLFM1;SEMA4F;PAK6;RAB21;NEDD4L;CYFIP2;GSK3B;RUFY3;USP9X;GOLGA4;SLC23A2;ALCAM;SPG11;RTN4R;PRICKLE1;NTN1;SLITRK1;CCDC134;L1CAM;CACNG7"
"GOBP_NEURON_PROJECTION_EXTENSION_INVOLVED_IN_NEURON_PROJECTION_GUIDANCE",0.965366387167335,1,0.246633538990536,0.596597025797259,5295,20,"WNT3A;SEMA3F;CXCL12;PLXNA4;RYK;SEMA3A;WNT5A;NRP2"
"GOBP_NEURON_PROJECTION_GUIDANCE",0.999445676274945,1,-0.192944225013335,-0.722711419623439,3605,240,"DLX5;GFRA3;SEMA3E;TNR;NRXN3;NDP;RET;UNC5D;TBR1;CNTN1;ARX;BDNF;KIF21A;SEMA4A;CSF1R;PTPRH;PRKCQ;DRGX;EPHB1;PTCH1;PCDHAC2;DCC;SHH;OPHN1;UNC5A;PTPRO;NFIB;EPHA3;ABLIM1;BCL11B;DSCAM;EPHA10;ROBO4;KIF5A;NRP1;EMB;SEMA3D;RELN;NRCAM;SLIT1;NTN3;LHX1;NRXN1;ANOS1;LHX2;FLRT3;CDH4;SOS1;SLIT2;HMCN2;CDK5R2;FEZ1;EFNB1;NCAM1;NKX2-1;FOXG1;SEMA4F;BMPR1B;GDNF;BOC;ISL1;CYFIP2;UNC5C;EFNB3;NECTIN1;KLF7;DPYSL5;GAP43;SEMA4G;CDK5R1;ALCAM;EFNB2;MATN2;SMAD4"
"GOBP_NEURON_PROJECTION_REGENERATION",0.865928659286593,1,0.26390491803115,0.778759545691251,4927,56,"APOA4;MAG;FOLR1;TNC;PRRX1;SPP1;DHFRP1;MMP2;JUN;CNTF;SCARF1;LAMB2;KREMEN1;RTN4RL1;GRN;CTNNA1;PTN"
"GOBP_NEURON_RECOGNITION",0.967319119189095,1,0.233409245953162,0.676414732286063,5534,50,"MYPN;CNTN6;TNN;NEXN;PLXND1;CASP3"
"GOBP_NEURON_REMODELING",0.533204798628963,1,-0.411603594882817,-0.941556116752798,2488,14,"C3;C1QA"
"GOBP_NEURONAL_DENSE_CORE_VESICLE_EXOCYTOSIS",0.556330585499894,1,-0.472135911581862,-0.937371844423275,2631,8,"SNAP25;UNC13A;RAB3A;UNC13B;STXBP1;SYT4"
"GOBP_NEURONAL_ION_CHANNEL_CLUSTERING",0.490630323679727,1,-0.44550582107951,-0.979697065882403,2303,12,"KCNB1;NDRG4;NRCAM;CNTNAP2;KCNIP2;SCLT1"
"GOBP_NEURONAL_STEM_CELL_POPULATION_MAINTENANCE",0.95188246097337,1,0.253650950557937,0.630767775091544,5182,23,"PRRX1;JAG1;HES1;PROX1;SRRT;SOX2;SS18;DLL1"
"GOBP_NEUROPEPTIDE_CATABOLIC_PROCESS",0.73048004626952,1,0.458118689846808,0.80063135383775,3788,5,"MME;CTSH;ECE1"
"GOBP_NEUROTRANSMITTER_LOADING_INTO_SYNAPTIC_VESICLE",0.295909849749583,1,-0.61161736200131,-1.17713143009399,1417,7,"SLC32A1;SLC18A1;SLC17A8"
"GOBP_NEUROTRANSMITTER_RECEPTOR_LOCALIZATION_TO_POSTSYNAPTIC_SPECIALIZATION_MEMBRANE",0.958035714285714,1,0.243644456318795,0.666863902418601,5364,37,"RAPSN;C1QL2;GPC6"
"GOBP_NEUROTRANSMITTER_RECEPTOR_TRANSPORT",0.258635767380848,1,-0.468789606663598,-1.15261367807728,1182,19,"GRIP2;SLC1A1;NSG1;LRRC7;CPLX1;AKAP5;VPS35;STX3;ARHGAP44;AP3D1;NETO1;HIP1;GRIPAP1"
"GOBP_NEUROTRANSMITTER_RECEPTOR_TRANSPORT_ENDOSOME_TO_POSTSYNAPTIC_MEMBRANE",0.482405630198337,1,-0.469632978413905,-0.983750515073716,2261,10,"GRIP2;NSG1;LRRC7;VPS35"
"GOBP_NEUROTRANSMITTER_RECEPTOR_TRANSPORT_TO_PLASMA_MEMBRANE",0.267157393375189,1,-0.499716491987704,-1.15776597082306,1233,15,"GRIP2;SLC1A1;NSG1;LRRC7;CPLX1;VPS35;STX3;ARHGAP44"
"GOBP_NEUROTRANSMITTER_REUPTAKE",0.185888738127544,1,-0.431800873730152,-1.20373935153138,821,34,"DRD1;NOS1;SLC18A1;SLC6A11;RAB3B;SLC6A1;KCNJ10;SNCA;SLC17A8;SLC6A13;SLC6A4;PRKN;GDNF;DRD3;SLC18B1;CLN8;SLC18A3"
"GOBP_NEUROTROPHIN_PRODUCTION",0.951224214382109,1,0.300024045340549,0.524337170538068,4933,5,"NPY;PCSK6;FURIN"
"GOBP_NEUROTROPHIN_SIGNALING_PATHWAY",0.427044361304115,1,0.367435340404433,1.01675185956935,2396,39,"AGT;NGF;NTRK1;AGTR2;NTF3;GFRA1;CASP3;NTF4;SPRY1"
"GOBP_NEUROTROPHIN_TRK_RECEPTOR_SIGNALING_PATHWAY",0.285609800694825,1,0.442679470535503,1.13012423310595,1561,26,"AGT;NGF;NTRK1;AGTR2;CASP3;SPRY1;BCAR1;DDIT4"
"GOBP_NEUTRAL_LIPID_BIOSYNTHETIC_PROCESS",0.983268393307357,1,-0.215530998708786,-0.626757394443619,4289,42,"C3;PNPLA3;GPLD1;GK;PLIN5;FBXW7;LPGAT1;PLCE1;GPAT2;GPAM;LDLR;ACSL1;SCARB1"
"GOBP_NEUTRAL_LIPID_CATABOLIC_PROCESS",0.812321428571429,1,0.290784686789699,0.795888459462522,4548,37,"APOA4;APOC3;FABP4;PNPLA2;APOC1;CPS1;LIPG;LPL;APOA2"
"GOBP_NEUTRAL_LIPID_METABOLIC_PROCESS",0.994308670907265,1,0.207271215206499,0.684839212365061,5939,119,"G6PC1;APOA4;APOC3;DGKG;FABP4;CAV1;AWAT2;CAV3;PCK2;FABP1;PNPLA2;APOC1;APOBR;PLA2G4A;CPS1;GNB3;LIPG;LPL;APOA2;GPAT3;SIK1;NR1H3"
"GOBP_NEUTROPHIL_ACTIVATION_INVOLVED_IN_IMMUNE_RESPONSE",0.579061685490877,1,-0.380659472796222,-0.910391669874485,2665,17,"CD177;ITGAM;SPI1"
"GOBP_NICOTINATE_METABOLIC_PROCESS",0.171552865519198,1,0.61259940869564,1.27745766362757,906,11,"NNMT;CD38;NMRK1;PARP10;PARP9;NAXD"
"GOBP_NITROGEN_CYCLE_METABOLIC_PROCESS",0.348331458567679,1,0.495014031702664,1.09852874991981,1857,14,"CYP2C9;SLC25A2;CPS1;OTC;PKD1"
"GOBP_NMDA_GLUTAMATE_RECEPTOR_CLUSTERING",0.362201453790239,1,-0.634077631654511,-1.12666219279405,1743,5,"SHANK3;RELN;NRXN1;NLGN1"
"GOBP_NMDA_SELECTIVE_GLUTAMATE_RECEPTOR_SIGNALING_PATHWAY",0.468489148580968,1,-0.527931418417434,-1.01606773149768,2244,7,"NRXN1;NLGN1;CAPN1;DLG4"
"GOBP_NON_PROTEINOGENIC_AMINO_ACID_METABOLIC_PROCESS",0.898506766215586,1,-0.249337562634518,-0.76958823415509,3850,58,"IDO1;GAD2;PRODH;HNF4A;SLC1A3;ABAT;KYNU;UPB1;ALDH5A1;DDAH1"
"GOBP_NORADRENERGIC_NEURON_DEVELOPMENT",0.160747663551402,1,-0.742791031477458,-1.31982982924106,773,5,"ASCL1;PHOX2B"
"GOBP_NORADRENERGIC_NEURON_DIFFERENTIATION",0.427500936680405,1,0.474864931217645,1.03714140862357,2281,13,"HAND2;EDN1;EDNRA"
"GOBP_NOREPINEPHRINE_METABOLIC_PROCESS",0.742682474990737,1,0.344955031967015,0.804010471698267,4008,17,"HAND2;GATA3;EDNRA;SULT1A4;EPAS1"
"GOBP_NUCLEOBASE_CONTAINING_SMALL_MOLECULE_METABOLIC_PROCESS",1,1,0.136932646236233,0.529852272900436,7240,665,"MYH4;ABCC9;ACOT12;SULT2B1;DPYS;SULT1B1;HAAO;ACSM4;NPPB;ACSM5;IGF1;NNMT;FMO2;CMAHP;IER3;TGFB1;ENO3;GUCY2F;ACSM3;GIMAP7;ACTN3;TDO2;MYH8;ELOVL3;SLC4A1;NUPR1;ADCY4;ACSM1;ASPDH;TTR;MYH6;SULT1E1;ENPP3;ABCC6;PDK4;NUDT1;NPR2;SULT1A4;ACSF2;LRRK2;SULT1A1;ACOT11;FABP1;ATP5ME;DHFRP1;NPPA;NT5E;ALDH1L1;VNN1;CPS1;EPHA2;P2RX7;NT5C;SHMT1;NDUFA2;RRM2;ERH;TK1;PAPSS2;NUDT7;DERA;NDUFA13;NDUFA1;SLC25A18;NAGK;NDUFB3;ABHD14B;ATP5MF;NDUFS6;ACSBG1;NDUFB4;NDUFA3;NT5C1B;NDUFB1;TYMS;ATP5MC2;RPIA;NDUFC1;AMDHD2;NDUFB2;DPYD;NUDT8;EIF6;NME4;ADA;RNASEH2B;PPCDC;ATP5MC3;GFPT2;NDUFS4;NDUFA7;UQCC3;ATP5PF;ATP5MJ;MT-ND3;DDIT4;NTHL1;SDHC;NDUFB7;MCEE;DTYMK;PFKFB3;TGDS;REXO2;SDHD;FCSK;NDUFB5;TK2;APRT;TBPL1;DGUOK;NDUFV2;NDUFB9;ENTPD2;UCKL1;NDUFA8;DNPH1;NDUFB6;FUOM;TPK1;NUDT5;ATP5MG;DCTPP1;NDUFS5;TAFAZZIN;SIRT6;TMSB4X;ATP5MK;NDUFAB1"
"GOBP_NUCLEOBASE_METABOLIC_PROCESS",0.223467520585544,1,-0.399439121929626,-1.15669072534291,976,41,"GDA;CDA;QNG1;XDH"
"GOBP_NUCLEOSIDE_DIPHOSPHATE_METABOLIC_PROCESS",0.999747538500379,1,-0.187645189869478,-0.655618041712226,3959,131,"PKLR;HTR2A;CARD11;MTTP;ENTPD3;PGAM4;DLG2;FBP1;CMPK2;ALDOC;GPD1;ZBTB20;SLC4A4;PGAM2;ENO2;OGDHL;AK5;CASK;GCK;GPI;HK1;PRXL2C;PRKAA2;ENTPD1;AK4;ENO4;FOXK1;PGM1;MLXIPL;PFKP;SLC2A6;NCOR1;INSR;UCHL1;MAGI3;PPARA;STAT3;PFKM;RRM2B;TJP2;HK2"
"GOBP_NUCLEOSIDE_METABOLIC_PROCESS",0.323739350679254,1,-0.366048653742028,-1.07160371875937,1405,44,"GDA;QNG1;XDH;UPP2;NT5C1A;UPB1;MACROD2"
"GOBP_NUCLEOSIDE_MONOPHOSPHATE_METABOLIC_PROCESS",0.298856053384175,1,-0.334203785933289,-1.07979056585715,1253,76,"GDA;CDA;AMPD3;XDH;CARD11;DLG2;UPP2;CMPK2;NT5C1A"
"GOBP_NUCLEOSIDE_TRIPHOSPHATE_METABOLIC_PROCESS",0.974745919310132,1,0.220463211292167,0.798756228804472,6329,273,"MYH4;ABCC9;IGF1;IER3;TGFB1;ENO3;GIMAP7;ACTN3;MYH8;SLC4A1;NUPR1;MYH6;ENPP3;ABCC6;LRRK2;FABP1;ATP5ME;NT5E;P2RX7;NDUFA2;NDUFA13;NDUFA1;NDUFB3;ATP5MF;NDUFS6;NDUFB4;NDUFA3;NDUFB1;TYMS;ATP5MC2;NDUFC1;NDUFB2;EIF6;NME4;ADA;ATP5MC3;NDUFS4;NDUFA7;UQCC3;ATP5PF;ATP5MJ;MT-ND3;DDIT4;SDHC;NDUFB7;DTYMK;PFKFB3;SDHD;NDUFB5;TBPL1;DGUOK;NDUFV2;NDUFB9;ENTPD2;UCKL1;NDUFA8;NDUFB6;NUDT5;ATP5MG;DCTPP1;NDUFS5;TAFAZZIN;SIRT6;TMSB4X;ATP5MK;NDUFAB1;ATP5PD;ANTKMT;NDUFB8;CBFA2T3;NDUFS3"
"GOBP_NUCLEOTIDE_METABOLIC_PROCESS",1,1,-0.145602386907048,-0.580207057942759,3093,482,"GDA;CDA;IDO1;PTH;ACMSD;RPEL1;PTHLH;ADCY10;GUCY2D;PKLR;HTR2A;AMPD3;XDH;CARD11;MTTP;ADCY8;SULT2A1;PID1;PDE4C;GUCY2C;MYH7;FHIT;ADCY2;PGAM4;ADCYAP1R1;DLG2;FBP1;GUCY1A1;GPD1L;UPP2;PDE4D;CMPK2;NT5C1A;ME1;NMRK2;ALDOC;ADCY5;KYNU;GPD1;SAMHD1;NOX1;ZBTB20;NPR1;LACC1;SLC4A4;PGAM2;ENO2;OGDHL;PRKN;ATP6V1A;NMNAT3;AK5;CASK;SARM1;GCK;ENPP1;RD3;PDE2A;GMPR;PUDP;UPRT;PDE4B;RHOQ;GUCA1A;GOT1;NOCT;PRPS1;GPI;PDE7B;RFK;MT-ND5;RORA;HK1;NUDT11;UPP1;NUDT10;PRXL2C;CLPX;PNP;MT-ND6;PRKAA2;PC;ENTPD1;CTPS2;ADCY9;AK4;ENO4;CACNB4;FOXK1"
"GOBP_NUCLEOTIDE_SUGAR_METABOLIC_PROCESS",0.998935981557014,1,0.181890172546597,0.510825328497111,5632,42,"CMAHP;NAGK;AMDHD2;GFPT2;TGDS;FCSK;FUOM;GMPPB;GNPDA1;UAP1L1;UXS1"
"GOBP_OLEFINIC_COMPOUND_METABOLIC_PROCESS",0.658010063301412,1,0.271575519476127,0.922288638465347,4053,146,"CYP19A1;CYP2C9;BCO1;INHBA;AKR1B10;CYP3A4;ADH6;DKKL1;SDR9C7;CYP21A2;ALDH1A1;ELOVL3;BMP5;ADM;ADH1B;AWAT2;DAB2;ABCA4;ALDH1A3;PTGS2;ADH4;FABP1;CYP4F2;LHB;PNPLA2"
"GOBP_OLFACTORY_BULB_INTERNEURON_DEVELOPMENT",0.510104233141885,1,-0.475684240346933,-0.971942057210423,2397,9,"ARX;SLIT1;SLIT2"
"GOBP_OLIGODENDROCYTE_DEVELOPMENT",0.991918725467559,1,-0.201753281651419,-0.596000277220936,4295,46,"FA2H;ASCL1;CNTN1;PLP1;SHH;KCNJ10;PRDM8;ID4;CNTNAP1;CLU;ERCC2;PTEN;ZNF488;ABCA2;SOX11;MED12;WASF3;GPM6B;MIOS;B4GALT5;CD9;B4GALT6"
"GOBP_OLIGODENDROCYTE_DIFFERENTIATION",0.983214021229326,1,-0.215817324734317,-0.728543970265324,3982,103,"FA2H;ASCL1;DLX2;GSX2;DLX1;CNTN1;SOX9;PLP1;NTRK2;IL34;SHH;KCNJ10;SOX6;ZNF365;PTPRZ1;SLC8A3;PRDM8;SOX8;ID4;CNTNAP1;TNFRSF1B;TSPAN2;CLU;NKX2-1;DRD3;ERCC2;PTEN;QKI;ZNF488;ABCA2;GLI3;DUSP15;SOX11;MED12;NF1;WASF3;PTPRJ;NOTCH1;GPM6B;SOX13;SLC45A3;MIOS;SOX1;B4GALT5;CD9;CTNNB1;B4GALT6"
"GOBP_OLIGODENDROCYTE_PROGENITOR_PROLIFERATION",0.784015025041736,1,-0.389698830053929,-0.750022431715003,3756,7,"PTPRZ1;EMX1;SIRT2;MIOS;LRP2;CDH2"
"GOBP_OLIGOPEPTIDE_IMPORT_ACROSS_PLASMA_MEMBRANE",0.906957424714434,1,-0.331969470061418,-0.589860661231884,4366,5,"SLC15A1;SLC15A2"
"GOBP_OLIGOSACCHARIDE_METABOLIC_PROCESS",0.441540256709452,1,-0.3246653680784,-0.99985157523824,1891,57,"TREH;ST6GALNAC1;NEU4;FUT1;ST8SIA6;B4GALNT2;FUT3;FUT9;GBA3;ST8SIA4;FUT6;B3GALT1;GAL3ST3;ST8SIA3;FUT2;B3GALT5;FUT7"
"GOBP_ONE_CARBON_METABOLIC_PROCESS",0.987330150569225,1,0.221213796055713,0.555369256103401,5376,24,"DHFRP1;ALDH1L1;SHMT1;TYMS;MTHFS;SHMT2"
"GOBP_ORGAN_OR_TISSUE_SPECIFIC_IMMUNE_RESPONSE",0.659935668334525,1,0.322514769488526,0.878008632132124,3692,36,"APOA4;FFAR2;NOS2;H2BC13;LTF;H2BC9;IL6R;H2BC12;H2BC6;RPL39"
"GOBP_ORGANIC_ACID_METABOLIC_PROCESS",1,1,0.191819920526401,0.752497658066268,7557,861,"CPA1;GGT5;GGTLC3;CYP2C9;APOA4;GSTM1;PRODH2;ABCC9;TWIST1;APOC3;ACOT12;SULT2B1;UGT1A6;SULT1B1;HAAO;ACSM4;EDN2;LGSN;SYK;PLA2G5;ACSM5;ALOX5AP;IGF1;LPO;SLC34A1;ADIPOQ;EDN1;NNMT;FOLR1;FMO2;VNN2;IER3;NOS2;ENO3;CD38;PPARG;CYP3A4;ADH6;ACSM3;AKR1D1;CAV1;ACTN3;AVPR1A;TDO2;ALDH1A1;ELOVL3;SLC4A1;NUPR1;SLC25A2;ACSM1;TYRP1;GLYATL1;PON1;SLC38A8;ADH1B;ART4;SULT1E1;SLC27A6;NLRC4;ALDH1A3;PDK4;NOX4;PTGS2;SULT1A4;PCK2;ACSF2;ACADL;ADH4;PLOD2;HPD;HNMT;SULT1A1;ACOT11;FABP1;CYP4F2;AMDHD1;DHFRP1;HOGA1;SLC23A1;GATM;APOC1;KIF12;BDH2;NOS3;FMO1;DECR1;CRABP2"
"GOBP_ORGANOPHOSPHATE_METABOLIC_PROCESS",1,1,-0.136175486106699,-0.567718909549842,2352,1037,"GDA;CDA;IDO1;BMX;ABHD12B;PTH;ACMSD;RPEL1;IDI2;PLA2G2A;PTHLH;ADCY10;GUCY2D;FAR2;HMGCS2;PKLR;HTR2A;FABP3;AMPD3;CKMT2;XDH;CPNE6;PLA2G4C;CARD11;MTTP;ADCY8;ENTPD3;SULT2A1;PCYT1B;PLA2G3;PID1;PLCB2;HTR2C;PLD6;B4GALNT2;DGKK;PLB1;PDE4C;GUCY2C;MYH7;GLYAT;OSBPL10;FHIT;DGKB;ADCY2;PGAM4;ADCYAP1R1;DLG2;SLC19A3;FBP1;PLPPR4;GUCY1A1;PTPRQ;GPD1L;UPP2;CRYL1;ITPKA;PDE4D;ACSS2;CKMT1B;CMPK2;PIK3C2G;NT5C1A;ME1;PLA2G7;ELOVL7;NMRK2;ALDOC;ADCY5;SNCA;PLPPR5;PNPLA3;DGKI;CKMT1A;FPGT;LIPC;PHEX;PIP4P2;ANGPTL3;PIGZ;NAAA;KYNU;PTAFR;GPD1;SAMHD1;NOX1;SMPDL3B;ZBTB20;NPR1;HTR2B;LACC1;PLAAT3;SLC4A4;CHAT;PNPO;P2RY1;PGAM2;ENO2;EFR3B;OGDHL;CHP1;PITPNM1;PRKN;SMPD3;PDK3;PIP4K2A;PRKCD;ALOX15B;ATP6V1A;ACSL4;NMNAT3;ACSL6;ACOT4;ACSM2A;AK5;ETNK2;CASK;SARM1;GCK;ENPP1;OC90;RD3;GK;PDE2A;GMPR;PUDP;UPRT;GDPD1;CPNE7;HSD17B12;PDE4B;ACSS1;OCRL;RHOQ;ITPK1;GUCA1A;GOT1;NOCT;PLCH1;LPGAT1;PLCE1;PAFAH1B2;PCYT2;IPMK;FLVCR1;PRPS1;PITPNM2;PLCL1;ELOVL4;GPI;PDE7B;PPIP5K2;RFK;FASN;GPHN;PLPPR2;MT-ND5;RORA;MVD;PLA2G12A;PIP4K2B;HK1;MTMR8;NUDT11;UPP1;NUDT10;ELOVL6;PRXL2C;CLPX;PNP;UVRAG;PDK1;PLCG2;PDGFA;MVK;PIK3CB;MT-ND6;PGAP4;NKX2-1;MTMR1;PRKAA2;GFPT1;HMGCS1;FADS1;MTMR7;NUDT14;PLPP2;PC;SYNJ1;ENTPD1;CDS2;CTPS2;DBT;PIGA;ADCY9;AK4;INPP5D;ENO4;CACNB4;ACAT2"
"GOBP_ORNITHINE_METABOLIC_PROCESS",0.898399845768267,1,0.346781303243517,0.606052515330292,4659,5,"SLC25A2;OTC"
"GOBP_OUTER_MITOCHONDRIAL_MEMBRANE_ORGANIZATION",0.635920509936258,1,0.394189746653518,0.874780797895844,3391,14,"TOMM7;MTX1;TOMM6;TOMM5;MTX3;SAMM50;MTCH1;TOMM40"
"GOBP_OXALOACETATE_METABOLIC_PROCESS",0.973273103707886,1,0.249426036230088,0.510375050942432,5170,10,"PCK2;FAHD2B;MDH1;MDH1B;FAHD2A"
"GOBP_PANTOTHENATE_METABOLIC_PROCESS",0.311132437619962,1,0.61835407369721,1.16225677215244,1620,7,"VNN2;VNN1;SLC25A42;PANK4"
"GOBP_PENTOSE_METABOLIC_PROCESS",0.676283252154365,1,0.387255155489097,0.845794943060599,3609,13,"OTOG;RPIA;NUDT5;UXS1;FKRP"
"GOBP_PENTOSE_PHOSPHATE_SHUNT_NON_OXIDATIVE_BRANCH",0.325644789263997,1,-0.619573727807233,-1.14883525916071,1552,6,"RPEL1"
"GOBP_PEPTIDE_METABOLIC_PROCESS",0.382006677209629,1,0.353118272277462,1.0420200856644,2173,56,"MMP7;GGT5;CPA4;MME;CPZ;ENPEP;CTSH;BDH2;ERAP2;CPQ;MGST2;CPM;PCSK5"
"GOBP_PEPTIDYL_SERINE_AUTOPHOSPHORYLATION",0.315018315018315,1,0.671838455028085,1.17413880666878,1633,5,"TNNI3K;RIPK1"
"GOBP_PEPTIDYL_SERINE_MODIFICATION",0.998107404778803,1,-0.183316910023322,-0.578949118762407,4218,66,"MBOAT4;TENM1;PRKX;DMTN;PDK3;PRKCD;HIPK2;STK39;TNKS;TTBK2;GSK3B;CDK5R1;PTEN;SPRY2;BRAF;RASSF2;MAP4K1;MAP3K10;CREBL2;PRKDC;STK4;LMTK2;PAQR3;ERCC6;HIPK3;NSD1;MAP2K2"
"GOBP_PEPTIDYL_TYROSINE_AUTOPHOSPHORYLATION",0.852279175335729,1,0.338916243372709,0.706744319825879,4505,11,"NTRK1;LTK;PDGFRA;PTK2B"
"GOBP_PEPTIDYL_TYROSINE_DEPHOSPHORYLATION",0.198283450704225,1,-0.506909834047817,-1.22450655958675,900,18,"DUSP5;PTPRZ1;DUSP18;DUSP6;PTPN9;DUSP7;EPM2A;PTPN6;PTPN13;PTPRJ;PTPN11;DUSP3;PTPRF"
"GOBP_PERIPHERAL_NERVOUS_SYSTEM_AXON_ENSHEATHMENT",0.993652520856003,1,0.204474006000525,0.533939708623706,5478,29,"NCMAP;ADGRG6;LGI4;POU3F1;ITGB4;ILK"
"GOBP_PERIPHERAL_NERVOUS_SYSTEM_AXON_REGENERATION",0.490798709922216,1,0.516868196562477,1.00347025372761,2586,8,"APOA4;TNC;MMP2"
"GOBP_PERIPHERAL_NERVOUS_SYSTEM_NEURON_DIFFERENTIATION",0.646101113967438,1,-0.378973589032981,-0.866913956238287,3015,14,"RUNX3;VCAM1;NTRK2;NEFH"
"GOBP_PERK_MEDIATED_UNFOLDED_PROTEIN_RESPONSE",0.820385674931129,1,0.308383664078228,0.766874625296434,4466,23,"ATF4;BOK;PPP1R15A;DDIT3;NCK1;NCK2;AKT2;PTPN2;DDRGK1;EIF2AK3;AKT1;HSPA5;EIF2S1;QRICH1;ATAD3A;RPAP2;ABCA7;TMED2;PTPN1;PPP1R15B;TMEM33;AKT3;NFE2L2"
"GOBP_PHENOL_CONTAINING_COMPOUND_METABOLIC_PROCESS",0.210630407911001,1,-0.324905136249601,-1.11926814456613,851,117,"PAH;ITGAM;RTL4;GNAT2;SLCO1C1;TH;DIO1;TYR;DUOXA2;DCT;TG;DRD1;MAOB;GCH1;CGA;SLC5A5;SULT2A1;MAOA;COMT;TACR3;ABAT;PNMT;SNCA;SNCB;NPR1;PRKN;SLC16A2;TPH1;GRIN2A;SNCAIP;SLC1A1"
"GOBP_PHENYLPROPANOID_METABOLIC_PROCESS",0.20080971659919,1,-0.794699213578062,-1.25638884338153,991,3,"CYP2A6"
"GOBP_PHOSPHATIDIC_ACID_METABOLIC_PROCESS",0.544257830231503,1,-0.334732897297461,-0.943752878442606,2397,36,"PLA2G2A;PLA2G3;DGKK;DGKB;PNPLA3;DGKI"
"GOBP_PHOSPHATIDYLCHOLINE_METABOLIC_PROCESS",0.95012987012987,1,0.239082782959539,0.724952667178083,5486,66,"APOA4;PLA2G5;PLA2G2C;APOA1;PON1;SLC44A3;SLC44A4;APOC1;PLA2G4A;LCAT;APOA2;NR1H3;PLAAT1;CHKB;SLC44A2;DBI"
"GOBP_PHOSPHATIDYLETHANOLAMINE_METABOLIC_PROCESS",0.81547619047619,1,-0.295140140785698,-0.77454579693268,3698,25,"PLA2G2A;PLA2G3;PLB1;NAAA;PLAAT3;ETNK2;PCYT2"
"GOBP_PHOSPHATIDYLGLYCEROL_METABOLIC_PROCESS",0.991517776574625,1,0.209379253012575,0.551368296923264,5493,30,"PLA2G5;PLA2G2C;PLA2G4A;PTPMT1;SPATA18"
"GOBP_PHOSPHATIDYLINOSITOL_METABOLIC_PROCESS",0.707367872949753,1,-0.25677035278975,-0.909425403329756,2716,148,"BMX;HTR2A;PLA2G3;PLCB2;HTR2C;PTPRQ;ITPKA;PIK3C2G;PIP4P2;PIGZ;HTR2B;EFR3B;PITPNM1;PIP4K2A;OCRL;PLCH1;LPGAT1;PLCE1;IPMK;PITPNM2;PLCL1;PIP4K2B;MTMR8;UVRAG;PLCG2;PDGFA;PIK3CB;PGAP4;MTMR1;MTMR7;SYNJ1;PIGA;INPP5D;PIGS;CDS1;MTMR9;PTEN;PI4K2B;LCLAT1;PITPNM3;MTM1;PIGV;INPP5A;IP6K1;TTC7B;INPP5F;DGKE;TNFAIP8L3;PIK3R3;PIK3CA;PIGN;PIK3R4;PGAP1;AGPAT5;HYCC2;PIK3R1;CHRM5;PI4K2A;INPP4B;FIG4;INPP4A"
"GOBP_PHOSPHATIDYLSERINE_ACYL_CHAIN_REMODELING",0.948213908264637,1,-0.275108256627357,-0.546195973669638,4485,8,"OSBPL10;OSBPL8;LPCAT3;LPCAT4"
"GOBP_PHOSPHATIDYLSERINE_EXPOSURE_ON_APOPTOTIC_CELL_SURFACE",0.815145713677941,1,-0.356324281932512,-0.728059763684677,3831,9,"FASLG"
"GOBP_PHOSPHATIDYLSERINE_METABOLIC_PROCESS",0.241364038972542,1,-0.469031046285604,-1.16400508023937,1089,20,"ABHD12B;PLA2G3;OSBPL10"
"GOBP_PHOSPHOCREATINE_METABOLIC_PROCESS",0.151194184839045,1,-0.748809119591988,-1.3305230819487,727,5,"CKMT2;CKMT1B;CKMT1A"
"GOBP_PHOSPHOLIPID_BIOSYNTHETIC_PROCESS",0.877465962767435,1,-0.233309977835708,-0.87795702571828,3157,251,"BMX;IDI2;HMGCS2;HTR2A;FABP3;CPNE6;PLA2G4C;PCYT1B;HTR2C;PLD6;DGKK;DGKB;PTPRQ;ITPKA;PIK3C2G;PNPLA3;DGKI;PIGZ;HTR2B;PLAAT3;CHAT;EFR3B;CHP1;PITPNM1;PIP4K2A;ETNK2;CPNE7;OCRL;LPGAT1;PCYT2;FLVCR1;PITPNM2;MVD;PIP4K2B;UVRAG;PLCG2;PDGFA;MVK;PIK3CB;PGAP4;MTMR1;HMGCS1;FADS1;MTMR7;SYNJ1;CDS2;PIGA;INPP5D;ACAT2;IDH1;SRD5A3;PIGS;PTDSS1;CDS1;SERINC5;GPAT2;GPAM;SERINC4;SGMS1;PTEN;PI4K2B;HMGCR;ETNK1;LCLAT1;SLC44A5;PITPNM3;MTM1;PIGV;IP6K1;TTC7B;SELENOI;INPP5F;ABCA2;ACSL3;DGKE;PIK3R3;PIK3CA;FITM2;ABHD5;PIGN;PIK3R4"
"GOBP_PHOSPHOLIPID_CATABOLIC_PROCESS",0.961725817675713,1,0.234942858669611,0.686970562127508,5527,52,"PLA2G4E;ENPP6;PLA2G5;ETNPPL;APOC1;PLA2G4A;LIPG;APOA2"
"GOBP_PHOSPHOLIPID_HOMEOSTASIS",0.619196757553427,1,0.373535558211142,0.891868036432503,3360,19,"ITGB6;TGFB1;APOA1;LIPG;ABCA1"
"GOBP_PHOSPHOLIPID_METABOLIC_PROCESS",0.99969474969475,1,-0.194860772877533,-0.758294026771308,3274,371,"BMX;ABHD12B;IDI2;PLA2G2A;HMGCS2;HTR2A;FABP3;CPNE6;PLA2G4C;PCYT1B;PLA2G3;PLCB2;HTR2C;PLD6;DGKK;PLB1;OSBPL10;DGKB;PLPPR4;PTPRQ;ITPKA;PIK3C2G;PLA2G7;SNCA;PLPPR5;PNPLA3;DGKI;LIPC;PIP4P2;ANGPTL3;PIGZ;NAAA;SMPDL3B;HTR2B;PLAAT3;CHAT;EFR3B;CHP1;PITPNM1;SMPD3;PIP4K2A;PRKCD;ALOX15B;ETNK2;OC90;GDPD1;CPNE7;OCRL;PLCH1;LPGAT1;PLCE1;PAFAH1B2;PCYT2;IPMK;FLVCR1;PITPNM2;PLCL1;PLPPR2;MVD;PLA2G12A;PIP4K2B;MTMR8;UVRAG;PLCG2;PDGFA;MVK;PIK3CB;PGAP4;NKX2-1;MTMR1;HMGCS1;FADS1;MTMR7;PLPP2;SYNJ1;CDS2;PIGA;INPP5D;ACAT2;PLAAT5;IDH1;SRD5A3;PIGS;PTDSS1;PNPLA6;CLN8;CDS1;SERINC5;MTMR9;GPAT2;ABCA3;GPAM;SERINC4;SGMS1;PTEN;PI4K2B;LDLR;HMGCR;ETNK1;LCLAT1;SCARB1;PLPPR1;SLC44A5;OSBPL8;PITPNM3;MTM1;PIGV;INPP5A;IP6K1;TTC7B;SELENOI;INPP5F;ABCA2;ACSL3;DGKE;MECP2;TNFAIP8L3;PIK3R3;PIK3CA;GDE1;FITM2;PLPP1;ABHD5;PIGN;PIK3R4;HADHA"
"GOBP_PHOSPHOLIPID_TRANSFER_TO_MEMBRANE",0.503344162048538,1,0.550192797866597,1.00119169573196,2633,6,"ETNPPL;ABCA4;P2RX7"
"GOBP_PHOSPHOLIPID_TRANSPORT",0.996625042186973,1,0.200779277775234,0.654659618315726,5905,109,"APOA4;APOC3;XKR9;ANO9;SLC4A1;APOA1;KCNN4;ETNPPL;ABCA4;PRAP1;APOC1;ABCB4;P2RX7;ABCA12;APOA2;ABCA1;NPC2;TRIAP1;APOE;PLSCR5;NME4;PCTP;XKR7;DBI"
"GOBP_PHOSPHORUS_METABOLIC_PROCESS",1,1,0.159979096624152,0.646633295806298,8317,1789,"PRKY;CHI3L1;G6PC1;BANK1;MYH4;TLR3;APOA4;LTB;IL18;PLA2G4E;ABCC9;AGT;TSSK1B;ENPP6;IL21;TNFSF15;ACOT12;SULT2B1;DPYS;SULT1B1;IL7R;ODAM;HAAO;ACSM4;ITGB2;FLT1;IP6K3;INHBA;NPPB;SYK;PLA2G5;ACSM5;DGKG;IGF1;CDKN2A;DYNAP;MUSK;HCST;FN1;TNFSF18;ADIPOQ;DAPP1;NNMT;WEE2;FMO2;CMAHP;IER3;PLA2G2C;TGFB1;ENO3;GUCY2F;CASS4;NTRK1;PIK3R5;ACSM3;SGMS2;TBX1;P2RY6;IL11;IL31RA;SRPX2;GIMAP7;ACTN3;PLAUR;CCL2;CSPG4;TDO2;PKDCC;MYH8;ELOVL3;SLC4A1;DDR2;BMP4;GATA6;ERG;NUPR1;ADCY4;ACSM1;IGFBP3;TNF;ABCA8;LTF;ASPDH;GMFG;PLEK;APOA1;PON1;CIB1;PPP1R17;PDGFRB;MYCNOS;SLC44A3;RIPK3;MYH6;ETNPPL;OSM;ZC3H12A;SULT1E1;TNNI3K;PTPRT;LTA;LCP2;HSPB1;RARRES2;LHCGR;CEMIP;PTPRC;AVPR1B;PDGFB;ENPP3;ABCC6;PDK4"
"GOBP_PIECEMEAL_MICROAUTOPHAGY_OF_THE_NUCLEUS",0.907790492957746,1,-0.283704941433375,-0.685326143701467,4124,18,"ATG9B;ATG4C;ATG4A;ULK2;SNX30;ATG2A;ATG9A;ATG2B;RB1CC1"
"GOBP_PIGMENT_METABOLIC_PROCESS",0.689696760854583,1,0.287641207932549,0.883239007700263,4002,72,"LCT;ASIP;UGT1A6;TYRP1;BLVRB;HPX;BDH2;PMEL;IBA57;OPN3;PPOX;UROD;TMEM14C;DDT;SLC45A2;SLC24A5;TMEM14B;POMC;CPOX;AMBP;ATP5IF1;ALAD;WNT5A;TBX2;OCA2;SLC6A9;GIPC1;HMOX1"
"GOBP_PLASMA_MEMBRANE_PHOSPHOLIPID_SCRAMBLING",0.967514889009204,1,0.238133053856674,0.627087041609633,5360,30,"XKR9;ANO9;SLC4A1;P2RX7;PLSCR5;XKR7;PLSCR3"
"GOBP_PLATELET_ACTIVATING_FACTOR_METABOLIC_PROCESS",0.597957881301851,1,-0.439956441715239,-0.898941215146868,2810,9,"PLA2G4C;PLA2G7;PAFAH1B2"
"GOBP_POLY_N_ACETYLLACTOSAMINE_METABOLIC_PROCESS",0.871209213051823,1,0.355580414296028,0.668348058401729,4538,7,"B3GNT8;B3GNT9"
"GOBP_POLYAMINE_METABOLIC_PROCESS",0.327244718309859,1,-0.453136981309795,-1.09461124787104,1486,18,"SATL1;OAZ3;AGMAT;SMS;AZIN2"
"GOBP_POLYKETIDE_METABOLIC_PROCESS",0.932994541690194,1,0.296366233810836,0.606423988309269,4956,10,"AKR1B10;AKR7A2;SULT1C4;AKR1B1;AKR1A1"
"GOBP_POLYOL_METABOLIC_PROCESS",0.995280633743469,1,0.203922467511469,0.655668017404426,5904,99,"IP6K3;CYP3A4;P2RY6;MIOX;PLEK;LHCGR;AVPR1B;PCK2;SPTLC3;FABP1;DHFRP1;NOS3;GPER1;PLA2G4A;CYP27B1;SPHK1;SPTSSB"
"GOBP_POLYSACCHARIDE_METABOLIC_PROCESS",0.915576400888669,1,-0.238311987090468,-0.804480184574824,3708,103,"CHIA;PTH;ADCY10;PCDH12;FUT3;FUT9;NHLRC1;GYG2;PHKG1;COMT;GALNT3;SMPD3;PHKA1;PHKA2;PPP1R3B;GCK;ENPP1;PPP1R3D;NFKB1;PPP1CB;PPP1R2;GRB10;HAS3;AP2A1;GSK3B;IL6ST;PGM1;PHKB;PPP1R1A;CLTC;INSR;GYS1;IRS2;AGL;EPM2A;PER2;EPM2AIP1"
"GOBP_PORPHYRIN_CONTAINING_COMPOUND_METABOLIC_PROCESS",0.756127667078117,1,0.293982039748249,0.836588290481769,4287,45,"SPTA1;BLVRB;HPX;BDH2;IBA57;PPOX;UROD;TMEM14C;EIF2AK1;TMEM14B;CPOX;AMBP;ATP5IF1;ALAD;SLC6A9;HMOX1;CYP1A1;SLC25A39;SRRD;FXN;SLC25A38"
"GOBP_POSITIVE_REGULATION_OF_ACROSOME_REACTION",0.256816740646798,1,-0.606052476298678,-1.20324786484047,1214,8,"ZP4;PLB1;ZP3;GLRA1"
"GOBP_POSITIVE_REGULATION_OF_ACUTE_INFLAMMATORY_RESPONSE",0.679214102093279,1,0.341929063248786,0.858431494249053,3698,24,"OSMR;TNFSF11;FFAR2;TNF;OSM;TNFRSF11A;PTGS2;FCER1G"
"GOBP_POSITIVE_REGULATION_OF_ACUTE_INFLAMMATORY_RESPONSE_TO_ANTIGENIC_STIMULUS",0.21707884168252,1,-0.627843012338307,-1.24651048150948,1026,8,"C3;FCGR1A;ZP3;CCR7"
"GOBP_POSITIVE_REGULATION_OF_ADAPTIVE_IMMUNE_RESPONSE",0.913569867159913,1,0.242343799121255,0.794431267207949,5432,113,"IL18;CLEC7A;IL12RB1;SLC11A1;TGFB1;GATA3;TNF;TNFSF13;CD226;TNFSF4;LTA;PTPRC;NFKBIZ;FCER1G;B2M;HPX;AZGP1;PLA2G4A;P2RX7;HLA-E"
"GOBP_POSITIVE_REGULATION_OF_AMIDE_METABOLIC_PROCESS",0.976778204424941,1,0.232722601337157,0.594121636235855,5341,26,"TNF;CCN1;CASP3;EFNA1;APOE;SIRT3"
"GOBP_POSITIVE_REGULATION_OF_AMINE_METABOLIC_PROCESS",0.89404990403071,1,0.338599500518712,0.636430775287514,4657,7,"NPY;GPR37;PARK7"
"GOBP_POSITIVE_REGULATION_OF_ATP_DEPENDENT_ACTIVITY",0.511909124221327,1,0.407913142857273,0.964993173225516,2793,18,"TNNT2;ATP2A1;SSBP1;SETMAR;DNAJC9;DNAJC24;DNAJB2"
"GOBP_POSITIVE_REGULATION_OF_AUTOPHAGY",1,1,-0.1491811403694,-0.53320362382774,3835,157,"RUFY4;ZDHHC19;RAB37;TICAM1;ELAPOR1;DEPTOR;PIM2;ADRB2;MID2;PRKN;PIP4K2A;CERS1;NOD2;RNF152;PRKD1;PAFAH1B2;CDK16;TLR9;PIP4K2B;HUWE1;MOAP1;UVRAG;NPRL3;PIK3CB;PRKAA2;LARP1;HPSE;GSK3B;LRSAM1;MTDH"
"GOBP_POSITIVE_REGULATION_OF_AUTOPHAGY_OF_MITOCHONDRION",0.99470549305096,1,-0.1996841027822,-0.527972905671121,4508,26,"PRKN;CERS1;NOD2;HUWE1;PINK1;HK2;SLC25A4;VPS13D;SLC25A5"
"GOBP_POSITIVE_REGULATION_OF_AXON_EXTENSION",0.959899749373434,1,-0.233766008021763,-0.66927020569865,4212,39,"ADCY10;TRPV2;DSCAM;PAK1;NRP1;ISLR2;SHTN1;MAP1B;TRPC5;MAP3K13;MAPT;CDH4"
"GOBP_POSITIVE_REGULATION_OF_AXON_EXTENSION_INVOLVED_IN_AXON_GUIDANCE",0.723914858096828,1,-0.415759144007753,-0.800178651173498,3468,7,"DSCAM;NRP1"
"GOBP_POSITIVE_REGULATION_OF_AXONOGENESIS",0.983587059942912,1,-0.215823686180406,-0.699724257153102,4134,77,"ADCY10;PLXNB3;BDNF;BCL11A;TRPV2;NTRK2;NEFL;DSCAM;PAK1;NRP1;ISLR2;CHODL;SHTN1;MAP1B;TRPC5;MAP3K13;PLXNC1;MAPT;CDH4;SLIT2"
"GOBP_POSITIVE_REGULATION_OF_CALCIUM_ION_IMPORT",0.905618964003512,1,-0.268662962482108,-0.698828395996474,4125,24,"GCG;CASR;MS4A1;P2RX5;TRPV2;CASK;GRM6;PPP3CA;CRH;AKAP5;ISL1"
"GOBP_POSITIVE_REGULATION_OF_CALCIUM_ION_IMPORT_ACROSS_PLASMA_MEMBRANE",0.81909073759668,1,0.36637464677126,0.731415475442786,4341,9,"P2RX1"
"GOBP_POSITIVE_REGULATION_OF_CALCIUM_ION_TRANSMEMBRANE_TRANSPORT",0.177336448598131,1,-0.3963830222461,-1.18946970950353,758,50,"NPSR1;CXCL10;BDKRB1;GRIN1;DRD1;CD19;CACNB2;MS4A1;ADCYAP1R1;P2RX5;SNCA;THY1;CX3CL1;GRM6;AKAP6;CAPN3;PPP3CA;TRPC3;AKAP5"
"GOBP_POSITIVE_REGULATION_OF_CALCIUM_ION_TRANSPORT",0.159486931268151,1,-0.355958599016149,-1.17356613814948,658,86,"NPSR1;GCG;CCL5;CXCL10;BDKRB1;GRIN1;DRD1;CD19;CASR;CACNB2;CAMK2A;MS4A1;ADCYAP1R1;P2RX5;TRPV2;FFAR1;SNCA;CACNA1D;THY1;WNK3;CX3CL1;CASK;GRM6;AKAP6;CAPN3;PPP3CA;ATP2B1;CRH"
"GOBP_POSITIVE_REGULATION_OF_CALCIUM_ION_TRANSPORT_INTO_CYTOSOL",0.820540308747856,1,-0.330604957206441,-0.740785207656697,3826,13,"GRIN1;ADCYAP1R1;P2RX5"
"GOBP_POSITIVE_REGULATION_OF_CALCIUM_MEDIATED_SIGNALING",0.280483531885074,1,0.384231612968781,1.11014096623453,1600,49,"EDN2;CLEC7A;SYK;IGF1;EDN1;TNF;CIB1;PDGFRB;LMCD1;PTPRC;IAPP"
"GOBP_POSITIVE_REGULATION_OF_CARBOHYDRATE_METABOLIC_PROCESS",0.9194743130227,1,-0.240736889872848,-0.776041222678926,3847,75,"GCG;PTH;ADCY10;HTR2A;ADCYAP1R1;PPARGC1A;SNCA;GPD1;ZBTB20;SLC4A4;P2RY1;PHKA1;PPP1R3B;GCK;GPLD1"
"GOBP_POSITIVE_REGULATION_OF_CENTROSOME_DUPLICATION",0.940394600207684,1,-0.302032871428026,-0.536667752071716,4527,5,"CEP120;ROCK2;CEP295"
"GOBP_POSITIVE_REGULATION_OF_CHOLESTEROL_METABOLIC_PROCESS",0.857875457875458,1,0.298693469792979,0.728333995066618,4683,21,"AGT;APOA1;LDLRAP1;AGTR1;FGF1;APOE"
"GOBP_POSITIVE_REGULATION_OF_CYTOKINE_PRODUCTION_INVOLVED_IN_IMMUNE_RESPONSE",0.465454545454545,1,0.327034215204571,0.991641153061062,2687,66,"IL18;IL21;CLEC7A;FFAR2;TLR4;GATA3;CD226;TNFSF4;SPON2;FCER1G;B2M;LAPTM5;HLA-E"
"GOBP_POSITIVE_REGULATION_OF_CYTOKINE_PRODUCTION_INVOLVED_IN_INFLAMMATORY_RESPONSE",0.153986166727339,1,0.483918524617015,1.25381150333793,845,28,"TLR3;GBP5;CLEC7A;TLR4;IL17RC;TNF;CD6;IL17RA;GPSM3;IL1RAP;IRF3"
"GOBP_POSITIVE_REGULATION_OF_CYTOKINESIS",0.842081136832455,1,-0.270029568143725,-0.785237527624365,3673,42,"OPN1MW;TAS2R13;RXFP3"
"GOBP_POSITIVE_REGULATION_OF_CYTOSOLIC_CALCIUM_ION_CONCENTRATION",0.720189480561908,1,0.265526476537098,0.898355915274709,4408,143,"FPR3;CXCR5;PTGIR;GHRL;CD52;CX3CR1;CCR1;EDN1;CXCR2;CD38;HRH4;CXCR6;JPH2;GATA2;EDNRA;ACKR2;CAV1;AVPR1A;CCL2;EPO;CXCL13;TRPV4;AVPR1B;CAV3;BDKRB2;PTGER1;ACKR4;BAX;GPER1;CCKBR;NMU;ITGAV;CCR4;P2RX7;ESR1;PTGER4;TRPM4;GPR35;AGTR1;ADCYAP1;F2RL1;P2RY4"
"GOBP_POSITIVE_REGULATION_OF_DENDRITE_DEVELOPMENT",0.376704914483654,1,-0.456020694596802,-1.05652955357788,1739,15,"KHDC3L;ALK;COBL;ZDHHC15;PACSIN1"
"GOBP_POSITIVE_REGULATION_OF_DENDRITIC_CELL_ANTIGEN_PROCESSING_AND_PRESENTATION",0.763639868903027,1,0.43768275245301,0.764916477791084,3960,5,"SLC11A1;NOD1;CD74"
"GOBP_POSITIVE_REGULATION_OF_DENDRITIC_CELL_CHEMOTAXIS",0.700489257604765,1,-0.402845325819617,-0.823113909405863,3292,9,"SPI1;CCR7;CCR6"
"GOBP_POSITIVE_REGULATION_OF_DENDRITIC_CELL_CYTOKINE_PRODUCTION",0.877624361641763,1,0.325964616646743,0.679736205579152,4639,11,"CLEC7A;SCIMP;KIT"
"GOBP_POSITIVE_REGULATION_OF_DENDRITIC_CELL_DIFFERENTIATION",0.21402637110644,1,0.688373802137608,1.252641141309,1119,6,"LGALS1;LGALS9;HMGB1;AGER;LGALS3"
"GOBP_POSITIVE_REGULATION_OF_DENDRITIC_SPINE_MAINTENANCE",0.369544131910766,1,0.68180956692728,1.13440852325738,1904,4,"NEDD9;APOE;ZNF804A"
"GOBP_POSITIVE_REGULATION_OF_DENDRITIC_SPINE_MORPHOGENESIS",0.149911426040744,1,-0.516798391820576,-1.28255039469687,676,20,"IL1RAPL1;ITPKA;GPRASP3;CAMK2B;RELN;STAU2;MAPRE3;LRP8;CUX2;CAPRIN1;EEF2K;EPHB2;ARMCX5-GPRASP2"
"GOBP_POSITIVE_REGULATION_OF_DNA_METABOLIC_PROCESS",1,1,0.135629656091466,0.491843923613985,6481,279,"TGFB1;HGF;EYA2;TNF;TNFSF13;PDGFRB;TNFSF4;PTPRC;PDGFB;NOX4;CASP3;CDKN1A;BAX;ANKRD31;GATA5;ZCWPW1;AURKB;MGMT;SMOC2;SMARCD2;SLX1B;E2F8;SLX1A;UCN;DNA2;DBF4B;BCL7C;ACTL6A;CDK1;RPS3;CLCF1;RFC4;CDK2;SSBP1;CDC7;PRKD2;SHLD1;SHLD3;HNRNPD;SETMAR;PCNA;KMT5C;UBE2B;HMGB1;CHTF18;TMEM161A;CDT1;CDKN1B;MAPK15;H2AX;RAD51AP1;SIRT6;RFC2;AGER;WRAP53;POLG2;PNKP;WHR1;INO80C;HNRNPA2B1;BCL7A;RFC3;PIAS4;RFC5;CD40;NAF1;ERCC1;MAD2L2;GLI1;BABAM1;NEK7;WEE1"
"GOBP_POSITIVE_REGULATION_OF_ENDOPLASMIC_RETICULUM_UNFOLDED_PROTEIN_RESPONSE",0.82034469838891,1,0.336078323335128,0.734020818883945,4378,13,"BAX;BCL2L11;BBC3;BOK;BAK1"
"GOBP_POSITIVE_REGULATION_OF_ESTABLISHMENT_OF_PROTEIN_LOCALIZATION_TO_MITOCHONDRION",0.957259158751696,1,-0.239052168793789,-0.666410190790478,4232,34,"ADCY10;ABLIM3;FBXW7;FZD5;HUWE1;SREBF2;PINK1;USP36;TOMM70"
"GOBP_POSITIVE_REGULATION_OF_EXECUTION_PHASE_OF_APOPTOSIS",0.920117259069256,1,0.278395902764667,0.658596444674639,5021,18,"ZC3H12A;FAP;NDUFA13;DLC1;CASP8;BOK;TNFRSF1A;HTRA2;FADD"
"GOBP_POSITIVE_REGULATION_OF_FERROPTOSIS",0.870240374388428,1,-0.331574808471868,-0.677490389907085,4090,9,"ACSL4;TMEM164;LAMP2;DHCR7"
"GOBP_POSITIVE_REGULATION_OF_GLUCOSE_METABOLIC_PROCESS",0.827753405679982,1,-0.270853024679483,-0.796599307495955,3584,45,"GCG;PTH;ADCY10"
"GOBP_POSITIVE_REGULATION_OF_GLUTAMATE_RECEPTOR_SIGNALING_PATHWAY",0.688364177834503,1,-0.408509593550184,-0.834687427222267,3235,9,"FOLH1;ADRB2;SHANK3;NLGN3;PRNP"
"GOBP_POSITIVE_REGULATION_OF_GLUTAMATE_SECRETION",0.913419913419913,1,0.309846813213873,0.634007922623214,4852,10,"AVPR1A;P2RX7;KMO"
"GOBP_POSITIVE_REGULATION_OF_GLYCOGEN_METABOLIC_PROCESS",0.801372896368468,1,-0.311207818256629,-0.772331563826473,3618,20,"PTH;ADCY10;PHKA1;PPP1R3B;GCK"
"GOBP_POSITIVE_REGULATION_OF_HORMONE_METABOLIC_PROCESS",0.791946308724832,1,-0.333574516114228,-0.772840660020331,3657,15,"SLCO1C1;NR5A2"
"GOBP_POSITIVE_REGULATION_OF_HUMORAL_IMMUNE_RESPONSE",0.344473007712082,1,-0.477448280787326,-1.09217789834027,1607,14,"C3;C6;ZP4;CR1;ZP3;FCGR2B;CFP;CCR7"
"GOBP_POSITIVE_REGULATION_OF_IMMUNE_EFFECTOR_PROCESS",0.57809042048688,1,0.269817332408099,0.958051131006315,3656,220,"IL33;IL18;IL21;ITGB2;KLK3;GPR65;MZB1;CLEC7A;SYK;HLA-DMB;PLA2G5;IL12RB1;FFAR2;ANXA1;NOS2;TGFB1;TLR4;SH2D1B;GATA3;GATA2;HLX;STAP1;TNF;TNFSF13;CD226;TNFSF4;SLAMF6;LTA;PTPRC;ENPP3;SPON2;NFKBIZ"
"GOBP_POSITIVE_REGULATION_OF_IMMUNE_RESPONSE",0.935032894736842,1,0.227224487918956,0.880742392868454,6821,679,"CFI;BANK1;STING1;TLR3;C9;GBP5;FCMR;FPR3;IL33;NLRP6;CLEC4E;IL18;BTNL8;CFHR5;IL21;GPR31;FYB1;TIFAB;THEMIS;ITGB2;KLK3;GPR65;CLEC7A;HLA-DQA1;SYK;HLA-DMB;PLA2G5;IL12RB1;FFAR2;ANXA1;BTN1A1;SLC11A1;CD72;NOS2;TGFB1;CD38;TLR4;SH2D1B;GATA3;LRRC19;TESPA1;HLX;STAP1;TRAC;TNF;RGCC;TNFSF13;MEFV;LTF;GCSAML;KCNN4;CD274;HLA-DRB5;CLEC2B;GFI1;NCKAP1L;CFH;CD226;TNFSF4;ZC3H12A;SLAMF6;LTA;LCP2;KCNK13;PTPRC;TLR5;HMSD;BLNK;NLRC4;ENPP3;CD247;NFKBIZ;CYBA;BTN2A2;TLR2;TEC;PRAM1;C8G;RNF135;BIRC3;FCER1G;B2M;SIVA1;HPX;C4BPA;BAX;AZGP1;IFI35;RPS19;AURKB;HHLA2;ITPRIPL1;PLA2G4A;LAT2;RAB7B;HMGB2;VAV3;TLR1;LAPTM5;NAGLU;TRIM62;TRAF3IP3;P2RX7;HLA-E"
"GOBP_POSITIVE_REGULATION_OF_IMMUNE_SYSTEM_PROCESS",0.204811357959774,1,0.269749827694119,1.06319272512178,1557,984,"LYVE1;SIRPB1;CFI;BANK1;STING1;TLR3;C9;GBP5;FCMR;FPR3;IL33;NLRP6;EBI3;CCL20;CLEC4E;IL18;CD40LG;BTNL8;CFHR5;IL21;GPR31;FYB1;TIFAB;CX3CR1;IL7R;THEMIS;FLT3LG;ITGB2;CCR1;SPTA1;EDN2;LILRB2;KLK3;DCSTAMP;GPR65;MZB1;CLEC7A;HLA-DQA1;PLVAP;SYK;HLA-DMB;PLA2G5;IGF1;MMP14;IL12RB1;TNFSF11;FFAR2;ASCL2;ANXA1;TNFSF18;BTN1A1;EDN1;TAFA3;SLC11A1;CD72;NOS2;TGFB1;CD38;TLR4;SH2D1B;SERPINE1;GATA3;GATA2;CCDC88B;LRRC19;CAV1;TESPA1;LGALS1;HLX;AIF1;CCL2;RHOH;STAP1;IGF2;WNT3A;TRAC;CLEC4D;TNF;RGCC;TNFSF13;MEFV;LTF;EVI2B;SOCS1;IL1A;GCSAML;KCNN4;CD274;EDN3;HLA-DRB5;CLEC2B;GFI1;CD6;NCKAP1L;EPO;CFH;CD226;CXCL13;DLK1;IHH;TNFSF4;IL2RB;BST1;ZC3H12A;SLAMF6;LTA;TNFRSF11A;TRPV4;LCP2;KCNK13;RARRES2;HCAR2;PTPRC;TLR5;HMSD;BLNK;NLRC4;ENPP3;SPON2;ITGB3;IL6R;CD247;GPR183;DAPK2;NFKBIZ;ITGA4;CYBA;BTN2A2;TLR2;TEC;MPL;TMIGD2;PRAM1;C8G;LRRK2;ICAM1;RNF135;BIRC3;FCER1G;MDK;GPSM3;B2M;SIVA1;HPX;C4BPA;CDKN1A;IGFBP2;BAX;CSF1;VAMP8;AZGP1;CTSC;POU4F2;IFI35;RPS19;VNN1;AURKB;HHLA2;ID2;VEGFD;ITPRIPL1;PLA2G4A;LAT2;IL4R;RAB7B;HMGB2;VAV3;TLR1;LAPTM5;NAGLU;TRIM62;TRAF3IP3;P2RX7"
"GOBP_POSITIVE_REGULATION_OF_INFLAMMASOME_MEDIATED_SIGNALING_PATHWAY",0.712867713409132,1,0.31901288167475,0.843805807652218,3949,31,"GBP5;TLR4;P2RX7;KCNK6"
"GOBP_POSITIVE_REGULATION_OF_INFLAMMATORY_RESPONSE_TO_ANTIGENIC_STIMULUS",0.469768439108062,1,-0.442284104022449,-0.991024226043102,2190,13,"C3;FCGR1A;ZP3;CCR7"
"GOBP_POSITIVE_REGULATION_OF_INTERFERON_ALPHA_PRODUCTION",0.621854912764004,1,0.358245678643541,0.890869240415217,3385,23,"TLR3;TLR4;IRF3;NMB;HMGB1"
"GOBP_POSITIVE_REGULATION_OF_INTERFERON_BETA_PRODUCTION",0.830017761989343,1,0.282161429595477,0.788875686164756,4672,41,"STING1;TLR3;TLR4;TLR2;RNF135;HMGB2;TRAF3IP3;IRF3"
"GOBP_POSITIVE_REGULATION_OF_IRE1_MEDIATED_UNFOLDED_PROTEIN_RESPONSE",0.49616122840691,1,0.535130339490486,1.00582964924657,2584,7,"BAX;BCL2L11;BBC3;BAK1"
"GOBP_POSITIVE_REGULATION_OF_LIPID_BIOSYNTHETIC_PROCESS",0.926616489907629,1,0.243114874617537,0.763362442685527,5416,85,"APOA4;EDN2;EDN1;AVPR1A;ADM;TNF;CCN1;DAB2;PTGS2"
"GOBP_POSITIVE_REGULATION_OF_LIPID_CATABOLIC_PROCESS",0.46831245394252,1,0.404248524030863,0.994931855165243,2541,22,"APOA4;TWIST1;PNPLA2;APOA2"
"GOBP_POSITIVE_REGULATION_OF_LIPID_LOCALIZATION",0.204760297096556,1,0.360061769430754,1.14788656694342,1212,93,"CYP19A1;GHRL;TNFSF11;ADIPOQ;EDN1;PPARG;CAV1;ABCA8;APOA1;PON1;DAB2;ZC3H12A;SPP1;TNFRSF11A;AVPR1B;CYP4F2;PLA2R1;PRAP1;PLA2G4A;ABCB4;LDLRAP1;P2RX7;LIPG;MSR1;ABCA12;LPL;ABCA1;NR1H3;ERFE;PLIN2;NKX3-1;PLIN3;TRIAP1;APOE;IKBKE"
"GOBP_POSITIVE_REGULATION_OF_LIPID_METABOLIC_PROCESS",0.686953597848016,1,0.273935460050079,0.903302595165209,4085,118,"APOA4;TWIST1;AGT;EDN2;ADIPOQ;EDN1;PPARG;AVPR1A;ADM;TNF;APOA1;CCN1;DAB2"
"GOBP_POSITIVE_REGULATION_OF_LIPID_STORAGE",0.917913732394366,1,-0.279867356797108,-0.67605595945084,4170,18,"C3"
"GOBP_POSITIVE_REGULATION_OF_LONG_TERM_NEURONAL_SYNAPTIC_PLASTICITY",0.259519251223144,1,-0.5836462439622,-1.19253547400693,1219,9,"GRM5;SHANK3;NEURL1"
"GOBP_POSITIVE_REGULATION_OF_LONG_TERM_SYNAPTIC_DEPRESSION",0.696831720736103,1,0.427696776195753,0.830349004605,3672,8,"LILRB2;IQSEC2"
"GOBP_POSITIVE_REGULATION_OF_LONG_TERM_SYNAPTIC_POTENTIATION",0.553873162168093,1,-0.363109721830102,-0.934490166667579,2523,23,"ADCY8;ADORA2A;PRKAR1B;ZDHHC2;SHISA7;SHANK3;RELN"
"GOBP_POSITIVE_REGULATION_OF_MACROAUTOPHAGY",1,1,-0.170721106355158,-0.568838490792343,4086,94,"RUFY4;ZDHHC19;ELAPOR1;PIM2;ADRB2;PRKN;PIP4K2A;CERS1;NOD2;PAFAH1B2;PIP4K2B;HUWE1;MOAP1;UVRAG;PRKAA2;LARP1;LRSAM1;PINK1;EPM2A;OPTN"
"GOBP_POSITIVE_REGULATION_OF_MACROPHAGE_CYTOKINE_PRODUCTION",0.628901078116134,1,0.425356172505666,0.88699808492408,3324,11,"TLR4;SPON2;LAPTM5;CD74;WNT5A"
"GOBP_POSITIVE_REGULATION_OF_MITOCHONDRIAL_CALCIUM_ION_CONCENTRATION",0.43350311262026,1,0.521433657607686,1.04096899158284,2297,9,"ATP2A1;TGM2;MICU2"
"GOBP_POSITIVE_REGULATION_OF_MITOCHONDRIAL_DEPOLARIZATION",0.765165926865356,1,-0.387743084318547,-0.769819539658184,3619,8,"ADCY10"
"GOBP_POSITIVE_REGULATION_OF_MITOCHONDRIAL_FISSION",0.999267399267399,1,0.164569703069955,0.40128667488761,5455,21,"DCN;AURKA;FIS1;MARCHF5;RALA;KDR;DDHD2;MFF;MUL1;MIEF2;RALBP1;MCU;BNIP3;DDHD1;MIEF1;DNM1L;PGAM5;PINK1;SPIRE1;VPS35;PRKN"
"GOBP_POSITIVE_REGULATION_OF_MITOCHONDRIAL_FUSION",0.252336448598131,1,-0.687528275803701,-1.22163608390301,1214,5,"PLD6;PRKN"
"GOBP_POSITIVE_REGULATION_OF_MITOCHONDRIAL_MEMBRANE_PERMEABILITY",0.770340039166815,1,0.297634523316507,0.819639729016274,4326,38,"IER3;EYA2;LRRK2;SIVA1;BAX;BCL2L11;CASP6;BOK;TMEM102;ATP5IF1;RHOT2"
"GOBP_POSITIVE_REGULATION_OF_MITOCHONDRIAL_MEMBRANE_POTENTIAL",0.96661101836394,1,-0.262012143763603,-0.504273993271274,4631,7,"PRKN;BID"
"GOBP_POSITIVE_REGULATION_OF_MITOCHONDRIAL_OUTER_MEMBRANE_PERMEABILIZATION_INVOLVED_IN_APOPTOTIC_SIGNALING_PATHWAY",0.611582720241464,1,0.44946972275666,0.897303112713606,3241,9,"LRRK2;SIVA1;BOK;ATP5IF1;BAK1;GSK3A"
"GOBP_POSITIVE_REGULATION_OF_MITOCHONDRIAL_TRANSLATION",0.963960616756456,1,0.251868890166763,0.569981227480162,5188,15,"UQCC2;METTL8;C1QBP;MPV17L2;CDK5RAP1;COA3;TACO1;FASTKD3"
"GOBP_POSITIVE_REGULATION_OF_MITOTIC_CYTOKINESIS",0.81115718055032,1,0.346965177705107,0.741148186257676,4303,12,"AURKB;CDCA8;RAB11FIP3;BIRC5;NUP62;INCENP;WNK1;RAB11A;ECT2;ARF6;EXOC7;KIF20B"
"GOBP_POSITIVE_REGULATION_OF_MRNA_METABOLIC_PROCESS",0.894003931847969,1,0.242271379708242,0.818507393749523,5456,141,"SLC39A5;PIWIL1;PNLDC1;ZC3H12D;ZC3H12A;ZFP36;NANOS2;PRR5L;LSM6;LSM7;SAMD4A;BTG2;PAN2;ZFP36L2;POLR2G;DCPS;LSM5;PRDX6;METTL3;MOV10;HNRNPD;LSM2;KHNYN;LSM1;PIWIL2;LSM4;RBM24;LSM3"
"GOBP_POSITIVE_REGULATION_OF_MYELOID_LEUKOCYTE_CYTOKINE_PRODUCTION_INVOLVED_IN_IMMUNE_RESPONSE",0.961799816345271,1,0.247329585503946,0.61504808879872,5236,23,"TLR4;SPON2;FCER1G;LAPTM5"
"GOBP_POSITIVE_REGULATION_OF_NATURAL_KILLER_CELL_CYTOKINE_PRODUCTION",0.763147792706334,1,0.40971619350972,0.770101533770071,3975,7,"IL21;CD226;HLA-E"
"GOBP_POSITIVE_REGULATION_OF_NATURAL_KILLER_CELL_MEDIATED_IMMUNE_RESPONSE_TO_TUMOR_CELL",0.919166825912478,1,0.317648521456387,0.578028398548357,4809,6,"CD226;NECTIN2"
"GOBP_POSITIVE_REGULATION_OF_NEUROBLAST_PROLIFERATION",0.887440323172971,1,0.283589795778825,0.711967593018185,4832,24,"CX3CR1;SOX10;DMRTA2"
"GOBP_POSITIVE_REGULATION_OF_NEUROEPITHELIAL_CELL_DIFFERENTIATION",0.295201535508637,1,0.625186883229488,1.17509970387962,1537,7,"SERPINE1;BMP4;BMP2"
"GOBP_POSITIVE_REGULATION_OF_NEUROGENESIS",1,1,-0.185306969840615,-0.686732816778824,3665,216,"SPINT1;RASSF10;ADCY10;ASCL1;DCT;KHDC3L;GSX2;IL1RAPL1;PLXNB3;BDNF;BCL11A;HAP1;TRPV2;NTRK2;NEFL;IL34;ITPKA;SHH;GRM5;GFAP;ELL3;SERPINE2;GPRASP3;CAMK2B;SHANK3;DSCAM;ZNF365;PAK1;NEURL1;NRP1;PTPRZ1;ISLR2;CX3CL1;CHODL;RELN;SHTN1;MAP1B;SOX8;TRPC5;MAP3K13;PLXNC1;MAPT;CDH4;TNFRSF1B;STAU2;SLIT2;RGS14;TTBK1"
"GOBP_POSITIVE_REGULATION_OF_NEURON_APOPTOTIC_PROCESS",0.586773967809657,1,0.313392265861242,0.930704333555668,3353,58,"RAPSN;CASP4;ITGA1;NUPR1;TNF;TFAP2B;CASP3;PITX3;BAX;NR3C1;MMP2;BCL2L11;EPHA7;TGFB2;HRK;BBC3;ATF4;CASP8;CASP6"
"GOBP_POSITIVE_REGULATION_OF_NEURON_DIFFERENTIATION",0.780983270740867,1,0.269252763817972,0.84929359362738,4574,88,"NKX2-5;NGF;GATA2;NEUROD1;BMP4;HEYL;EPO;GDF6;GDF7;TGIF1;NEUROG3;GDF5;CXCL12;HMG20B;FOXA1;BMP7;DKK1;FEZF2;S100B;BMP2;DUOXA1;SOCS2;NEUROG1"
"GOBP_POSITIVE_REGULATION_OF_NEURON_MIGRATION",0.998511627906977,1,0.17809006936707,0.4085616552226,5366,16,"MDK;FLNA;ARHGEF2;SEMA6A;WDR62;ZNF609;TBC1D24;DAB2IP;PLAA;KIF20B;NIPBL;NSMF;SRGAP2C;RAPGEF2;SHTN1;RELN"
"GOBP_POSITIVE_REGULATION_OF_NEURON_PROJECTION_ARBORIZATION",0.983935742971888,1,-0.231504437497754,-0.459625578665217,4654,8,"MAP3K13;DLG4;FZD4;GRIP1;DVL1;WNT5A;DVL3;DVL2"
"GOBP_POSITIVE_REGULATION_OF_NEURON_PROJECTION_DEVELOPMENT",0.933767926988266,1,-0.232524955749119,-0.822301532030997,3580,147,"KHDC3L;RET;PLA2G3;IL1RAPL1;CNTN1;PLXNB3;PLK5;BDNF;FUT9;BCL11A;RGS2;ALK;COBL;NTRK2;TRIM67;ITPKA;ZDHHC15;ATP8A2;PLPPR5;PACSIN1;GPRASP3;ITGA6;EPHA3;TOX;CAMK2B;NEGR1;CX3CL1;RELN;NDRG4;PRKD1;STMN2;FES;STAU2;CAMK1D;LRRC7;FEZ1;RAPGEF2;KIDINS220;MAGI2"
"GOBP_POSITIVE_REGULATION_OF_NEURON_PROJECTION_REGENERATION",0.517658349328215,1,0.524460100712483,0.985773895095771,2696,7,"CNTF;SCARF1;GRN;PTN;NTRK3"
"GOBP_POSITIVE_REGULATION_OF_NEUROTRANSMITTER_SECRETION",0.16496899911426,1,-0.509360307629685,-1.26409113095728,744,20,"ADORA2A;TACR2;SNCA;SYT1;SLC4A8;BAIAP3;NLGN1;PPP3CA;STX1B;MICU3"
"GOBP_POSITIVE_REGULATION_OF_NEUROTRANSMITTER_UPTAKE",0.355839798699937,1,-0.605298790580995,-1.12236617167075,1696,6,"RAB3B;SLC17A8;PRKN"
"GOBP_POSITIVE_REGULATION_OF_NEUROTROPHIN_TRK_RECEPTOR_SIGNALING_PATHWAY",0.361370716510903,1,-0.634561577332045,-1.12752209270382,1739,5,"TMEM108;CYFIP2;WASF1"
"GOBP_POSITIVE_REGULATION_OF_NUCLEOTIDE_METABOLIC_PROCESS",0.255766621438263,1,-0.408879331750404,-1.13984054132183,1130,34,"ADCY10;HTR2A;PID1;GPD1;ZBTB20;SLC4A4;PRKN;GUCA1A;PRXL2C;PRKAA2;MLXIPL;INSR;UCHL1;PINK1;PPARA;BEND3;STAT3"
"GOBP_POSITIVE_REGULATION_OF_OLIGODENDROCYTE_DIFFERENTIATION",0.431788369042414,1,-0.398155193130163,-1.01436838741996,1974,22,"GSX2;IL34;SHH;ZNF365;PTPRZ1;TNFRSF1B"
"GOBP_POSITIVE_REGULATION_OF_OXIDATIVE_STRESS_INDUCED_INTRINSIC_APOPTOTIC_SIGNALING_PATHWAY",0.685811529461817,1,-0.409079824293993,-0.835852551469011,3223,9,"ADCY10;NOX1;FBXW7"
"GOBP_POSITIVE_REGULATION_OF_PEPTIDYL_SERINE_PHOSPHORYLATION",0.779074006562158,1,0.325858299771863,0.788238668880736,4273,20,"IL11;OSM;LIF;STOX1;TRIM6;IP6K2;CNOT9;MAD2L2"
"GOBP_POSITIVE_REGULATION_OF_PEPTIDYL_TYROSINE_PHOSPHORYLATION",0.17255315410297,1,0.418577272397749,1.20439091650019,981,48,"BANK1;IL18;IL21;TNFSF18;CASS4;IL11;IL31RA;CSPG4;OSM;IL4R;CNTF;HES1;NEDD9;CTF1;LIF;ANGPT1"
"GOBP_POSITIVE_REGULATION_OF_PHOSPHOLIPID_TRANSPORT",0.930377035132819,1,-0.279281188446726,-0.638864467038655,4342,14,"FASLG"
"GOBP_POSITIVE_REGULATION_OF_PHOSPHORUS_METABOLIC_PROCESS",0.415840073248894,1,0.277602692555081,1.01294951383646,2724,296,"CHI3L1;BANK1;TLR3;LTB;IL18;IL21;TNFSF15;ODAM;FLT1;IGF1;DYNAP;MUSK;TNFSF18;WEE2;CASS4;PIK3R5;TBX1;P2RY6;IL11;IL31RA;PLAUR;CSPG4;DDR2;BMP4;TNF;LTF;CIB1;PDGFRB;RIPK3;OSM;LTA;LCP2;RARRES2;LHCGR;CEMIP;PTPRC;AVPR1B;PDGFB"
"GOBP_POSITIVE_REGULATION_OF_POTASSIUM_ION_IMPORT_ACROSS_PLASMA_MEMBRANE",0.375493250259605,1,-0.627074800603578,-1.11421919749863,1807,5,"STK39;ATP1B2;ATP1B1;ANK2;ATP1B3"
"GOBP_POSITIVE_REGULATION_OF_PROSTAGLANDIN_BIOSYNTHETIC_PROCESS",0.175239923224568,1,0.683925357375031,1.28550439314345,912,7,"EDN2;EDN1;AVPR1A;PTGS2"
"GOBP_POSITIVE_REGULATION_OF_PROTEIN_LOCALIZATION_TO_CENTROSOME",0.885016694490818,1,-0.335549008335729,-0.645804564403473,4240,7,"GSK3B;APC;CEP250;PARD6A;NUP62;MARK4;BICD1"
"GOBP_POSITIVE_REGULATION_OF_PROTEIN_LOCALIZATION_TO_SYNAPSE",0.234221010694066,1,-0.668359864672041,-1.23929621912893,1116,6,"WNT7A;MAPT;CLSTN3"
"GOBP_POSITIVE_REGULATION_OF_PROTEIN_METABOLIC_PROCESS",0.906916700638674,1,0.229587655036734,0.894537073352742,6673,763,"CHI3L1;BANK1;KLHL40;TLR3;LTB;IL33;IL18;IL21;TNFSF15;TIFAB;ODAM;ASB5;FLT1;INHBA;SYK;NGF;IGF1;MMP14;CDKN2A;DYNAP;MUSK;TNFSF18;NNMT;ECSCR;IER3;TGFB1;SEMG2;VIP;CASS4;PIK3R5;TBX1;IL11;IL31RA;KCNE2;CAV1;PLAUR;MUSTN1;CSPG4;DDR2;BMP4;TGFB1I1;NUPR1;TNF;LTF;HAMP;CIB1;PDGFRB;DAB2;RIPK3;SLC2A10;OSM;ZC3H12A;LTA;LCP2;RARRES2;CEMIP;PTPRC;PDGFB;NLRC4;CAV3;LRRK2;MYLIP;BIRC3;PRR16;SMAD7;CASP3;C4BPA;CDKN1A;GPC3;CSF1;RWDD3;UBE2C;CTSC;SAMD4A;GPER1;DACT1;IL4R;KRT17;PLK2;LAPTM5;RPS27L;MYH9;SH3RF2;THBS1;CNTF;HES1;NDUFA13;PSENEN;TNFRSF10A;FLT4;NEDD9;CDK5RAP3;TPD52L1;RASSF1;CTF1;TRAF2;ADCYAP1;SPHK1;POLR2G;UCN;SNX33;AURKAIP1"
"GOBP_POSITIVE_REGULATION_OF_PROTEIN_SERINE_THREONINE_KINASE_ACTIVITY",0.689018691588785,1,-0.292939184532396,-0.879054518413794,2948,50,"CRIPTO;PIK3R6;MST1R;TENM1;DIRAS2;DIRAS1;FLT3"
"GOBP_POSITIVE_REGULATION_OF_PROTEIN_TYROSINE_KINASE_ACTIVITY",0.894241842610365,1,0.338348941784766,0.635959825717133,4658,7,"CASS4;NEDD9"
"GOBP_POSITIVE_REGULATION_OF_PYROPTOTIC_INFLAMMATORY_RESPONSE",0.261228406909789,1,0.640040023436748,1.20301762910716,1360,7,"GBP5;GBP3;CASP3"
"GOBP_POSITIVE_REGULATION_OF_REACTIVE_OXYGEN_SPECIES_METABOLIC_PROCESS",0.52257728377909,1,0.320227708136826,0.963874030063519,3008,63,"AGT;ITGB2;CLEC7A;SYK;TGFB1;TLR4;PDGFRB;RIPK3;ZC3H12A;PDGFB;CYBA;GADD45A;CDKN1A;ROMO1;FAS;TGFBR2;THBS1;F2;AGTR1;F2RL1"
"GOBP_POSITIVE_REGULATION_OF_RECEPTOR_CLUSTERING",0.615152657369016,1,0.417913804872448,0.892700704266383,3263,12,"TNFAIP6;LAMB1;LRP4;LAMA1;LAMC1;DAG1;CD81"
"GOBP_POSITIVE_REGULATION_OF_RELEASE_OF_CYTOCHROME_C_FROM_MITOCHONDRIA",0.825191396281444,1,0.31198809896146,0.754687187664652,4526,20,"PLAUR;BMF;BAX;GPER1;BCL2L11;HRK;BBC3;PMAIP1"
"GOBP_POSITIVE_REGULATION_OF_RESPIRATORY_BURST",0.443840931134821,1,0.64262145769738,1.0692065559088,2287,4,"CLEC7A;RPS19"
"GOBP_POSITIVE_REGULATION_OF_RESPONSE_TO_CYTOKINE_STIMULUS",0.491749174917492,1,0.324831168148081,0.980350391047186,2830,64,"STING1;NLRP6;EDN1;TLR4;CASP4;GFI1;TLR2;HPX;CSF1;LAPTM5;IRF3;TRAF2;IKBKE;AXL;TRIM41"
"GOBP_POSITIVE_REGULATION_OF_RESPONSE_TO_TYPE_II_INTERFERON",0.949948078920042,1,-0.292936230987186,-0.520504367094085,4573,5,"NLRC5;TXK"
"GOBP_POSITIVE_REGULATION_OF_RNA_METABOLIC_PROCESS",0.887937273823884,1,0.228942790446714,0.925089126948918,7360,1773,"ZFY;PEG3;HOXB7;SRY;KLF14;HOXA4;IRF8;STING1;TLR3;TFAP2D;PTF1A;IL33;TBX10;IL18;SLC39A5;HOXC13;TWIST1;AGT;WNT6;TBX22;FOXN1;BARHL1;ITGA8;KLF1;HOXA9;MSGN1;DNM3OS;INHBA;NKX2-5;FOXC2;FEV;WNT11;HAND2;COL1A1;OVOL2;IGF1;FOXD1;CDKN2A;TNFSF11;ASCL2;WNT2;PIWIL1;PRL;HAND1;GREM1;WT1;EDN1;SLC11A1;FOXA2;TLX1;TGFB1;ANKRD1;FOXC1;CD38;TLR4;CSF3;PPARG;ZNF541;GLIS1;HOXC10;MEOX1;SPX;HOXA7;HOXD8;HOXB4;GATA3;MEF2B;ALX1;TBX18;TBX1;HOXB3;TCF15;GATA2;CEBPD;TBX5;IL11;IL31RA;NEUROD1;RUNX2;PNLDC1;HGF;ZNF750;ENG;HOXB2;TCF21;GRHL2;LUM;TBX15;BMP4;HNF1B;GATA6;ERG;RFX6;TRIM22;TGFB1I1;IGF2;TBX3;NUPR1;BMP5;WNT3A;PDX1;TNF;RGCC;NFATC4;NEUROD4;FLI1;PRRX1;IL1A;MYRFL;CD274;SMAD6;TNFSF8;ELK3;ZC3H12D;HEYL;NEAT1;EPO;CCN1;ZFPM2;DAB2;RIPK3;IHH;OSM;SIX2;ZC3H12A;ZFP36;TFAP2B;SPP1;MSX1;PITX2;ETS1;PBXIP1;AAMDC;GMNC;ATOH8;TRIM38;PDGFB;NANOS2;DCN;HOXB9;SOX10;PITX1;GRHL3;CSRNP1;NFKBIZ;EVX1;HEY1;TEAD3;AGTR2;FOXE1;TLR2;BCL2L12;FOXD2;GDF6;LMX1B;EPAS1;SEM1;FOXF2;BHLHE22;NR1I2;PRR5L;MDK;HOXA11;RAX;POU4F3;LSM6;OLIG3;FOXL2;GDF7;PITX3;EAF2;TBX4;BAMBI;CSRP3;FGF23;NPNT;GATA5;HES6;NR3C1;MYOCD;NHLH1;EN1;ELF4;LSM7;ZNF833P;POU4F2;PAX5;FBLN5;NFATC1;GFI1B;SAMD4A;TRMT112;PAX9;GPER1;ID2;SFRP2;IER5;GCM1;NFKB2;CDCA4;NEUROG3;CETN3;HMGB2;RFXANK;EBF3;TRIM62;JUN;CRX;WWTR1;PAX7;WNT1;ACVRL1;ACTN1;SP7;ESR1;BTG2;H2AZ1;ATF3;SERTAD3;SNAI1;RBPMS;OSR1;NR4A2;TLX2;IRF3;JAG1;SMARCD2;HES1;ETV2;PAN2;SIX5;FOXA1;DMRT2;CDK5RAP3;MAF;BMP7;METTL23;ENY2;OTX1;ABHD14B;PLAC8;GLIS3;ZFP36L2;CYTL1;CREB3L2;OSR2;EDF1;E2F8;ADCYAP1;MED11;POLR2G;EN2;UCN;HMGN1;NR2F2;DCPS;PLAGL1;F2RL1;TGFB2;ACTL6A;SERTAD1;JUNB;NIBAN2;NR1H3;FGF1;LIF;PAX3;FZD1;E2F1;TAF10;ELF1;FEZF2;NKX3-1;LSM5;MDFIC;FOSB;TRIM5;RPS3;FOSL2"
"GOBP_POSITIVE_REGULATION_OF_SEQUESTERING_OF_CALCIUM_ION",0.55397457787896,1,0.488901799200446,0.9491750812961,2919,8,"TGFB1;MTLN"
"GOBP_POSITIVE_REGULATION_OF_SKELETAL_MUSCLE_ACETYLCHOLINE_GATED_CHANNEL_CLUSTERING",0.318809980806142,1,0.614681984052239,1.15535472162935,1660,7,"LAMB1;LRP4;LAMA1;LAMC1;DAG1;MESD"
"GOBP_POSITIVE_REGULATION_OF_SMALL_MOLECULE_METABOLIC_PROCESS",0.301769331585845,1,0.316623081573894,1.06970263516922,1841,141,"APOA4;TWIST1;AGT;EDN2;IGF1;ADIPOQ;EDN1;NNMT;PPARG;P2RY6;ACTN3;AVPR1A;IGF2;ADM;TNF;APOA1;DAB2;LHCGR;AVPR1B;PTGS2"
"GOBP_POSITIVE_REGULATION_OF_SPHINGOLIPID_BIOSYNTHETIC_PROCESS",0.825910931174089,1,0.402721082348515,0.703815697821702,4283,5,"CCN1;SIRT3;PLA2G6"
"GOBP_POSITIVE_REGULATION_OF_STEROID_METABOLIC_PROCESS",0.861066235864297,1,0.280657659550325,0.752478485641837,4796,33,"AGT;ADM;TNF;APOA1;DAB2;LDLRAP1;AGTR1;FGF1;APOE"
"GOBP_POSITIVE_REGULATION_OF_SYNAPSE_ASSEMBLY",0.320455084143162,1,-0.334199881855277,-1.06590471699628,1351,70,"VSTM5;ASIC2;IL1RAPL1;BDNF;WNT7A;SEMA4A;LINGO2;PRKCA;EPHB1;THBS2;NTRK2;SLITRK2;LRRTM1;LRRTM3;LRRTM4;GPRASP3;CBLN2;LRRN3;NLGN3;NRXN1;ADGRB3;FLRT3;NLGN1;CLSTN3;STAU2;ADGRB2;LRRC4B"
"GOBP_POSITIVE_REGULATION_OF_SYNAPSE_MATURATION",0.389558232931727,1,-0.54219991211364,-1.0764759027994,1842,8,"CAMK2B;NEURL1;RELN;NRXN1"
"GOBP_POSITIVE_REGULATION_OF_SYNAPTIC_PLASTICITY",0.797611431008744,1,-0.358176438057805,-0.75028005191767,3739,10,"ADCY8;MAP1B;CPLX2"
"GOBP_POSITIVE_REGULATION_OF_SYNAPTIC_TRANSMISSION_CHOLINERGIC",0.200380469245403,1,-0.638813757535935,-1.26829164114664,947,8,"ADORA2A;TACR2;NALCN"
"GOBP_POSITIVE_REGULATION_OF_SYNAPTIC_TRANSMISSION_GLUTAMATERGIC",0.233957219251337,1,-0.431713745952275,-1.16372273051989,1049,29,"TNR;GRIN1;DRD1;ADORA2A;GRIN2B;GRIN2C;SHANK3;CACNG8;NLGN3;GRIN2A;RELN;NRXN1;CACNG2;NLGN1"
"GOBP_POSITIVE_REGULATION_OF_SYNAPTIC_VESICLE_EXOCYTOSIS",0.184631360332295,1,-0.726600252407641,-1.29106120890313,888,5,"SYT1;SLC4A8;NLGN1;PPP3CA"
"GOBP_POSITIVE_REGULATION_OF_SYNAPTIC_VESICLE_RECYCLING",0.980998080614203,1,0.248828247016149,0.467696951470161,5110,7,"LRRK2;TOR1A"
"GOBP_POSITIVE_REGULATION_OF_T_CELL_CYTOKINE_PRODUCTION",0.325068870523416,1,0.441507740880744,1.09792159181139,1769,23,"IL18;GATA3;TNFSF4;B2M;TRAF2;HLA-A;IL1R1;CD7;NLRP3"
"GOBP_POSITIVE_REGULATION_OF_T_CELL_MEDIATED_IMMUNE_RESPONSE_TO_TUMOR_CELL",0.382582963432678,1,-0.544949900823872,-1.08193569081005,1809,8,"MR1"
"GOBP_POSITIVE_REGULATION_OF_T_HELPER_17_TYPE_IMMUNE_RESPONSE",0.623172103487064,1,0.398846461025541,0.885114918325192,3323,14,"CLEC7A;IL12RB1;NFKBIZ"
"GOBP_POSITIVE_REGULATION_OF_T_HELPER_2_CELL_CYTOKINE_PRODUCTION",0.869481765834933,1,0.356269569596592,0.669643392983025,4529,7,"GATA3;NLRP3"
"GOBP_POSITIVE_REGULATION_OF_TRANSMISSION_OF_NERVE_IMPULSE",0.23547913608723,1,-0.66727312156767,-1.23728114208496,1122,6,"TNR;ITGA2"
"GOBP_POSITIVE_REGULATION_OF_TRIGLYCERIDE_METABOLIC_PROCESS",0.621039056742815,1,0.372892761651553,0.890333270349801,3370,19,"APOA4;PNPLA2;NR1H3"
"GOBP_POSITIVE_REGULATION_OF_TUMOR_NECROSIS_FACTOR_MEDIATED_SIGNALING_PATHWAY",0.62992125984252,1,0.396406405616082,0.879699978854752,3359,14,"CASP4;LAPTM5;TRAF2"
"GOBP_POSITIVE_REGULATION_OF_TUMOR_NECROSIS_FACTOR_SUPERFAMILY_CYTOKINE_PRODUCTION",0.464459754663082,1,0.307237581799103,0.994252669892684,2763,103,"TLR3;IL33;TWIST1;CLEC7A;SYK;TGFB1;TLR4;NFATC4;IL1A;HSPB1;PTPRC;PSMB8;SPON2;CYBA;TLR2;LRRK2;PSMB9;FCER1G;TLR1;HLA-E;LPL;NOD1;THBS1;LGALS9;PSMA2;SPN;OAS3;HAVCR2;IL23A;PSMB10;HMGB1;ARHGEF2;FRMD8;PSMB3;SELENOK"
"GOBP_POSITIVE_REGULATION_OF_TYPE_2_IMMUNE_RESPONSE",0.336707911511061,1,0.500560077703537,1.11083646362114,1795,14,"IL33;IL18;GATA3;TNFSF4"
"GOBP_POSITIVE_REGULATION_OF_TYPE_I_INTERFERON_MEDIATED_SIGNALING_PATHWAY",0.527232308262319,1,0.408500961070667,0.952121349054643,2845,17,"STING1;IRF3;IKBKE;TRIM41;TRIM6"
"GOBP_POSITIVE_REGULATION_OF_TYPE_I_INTERFERON_PRODUCTION",0.964267308022676,1,0.231168024078684,0.713150443403537,5612,74,"STING1;TLR3;SYK;TLR4;TLR2;RNF135;HMGB2;TRAF3IP3;IRF3"
"GOBP_POSITIVE_REGULATION_OF_VOLTAGE_GATED_CALCIUM_CHANNEL_ACTIVITY",0.852708694813958,1,0.384496972809851,0.671966323814921,4422,5,"STAC3"
"GOBP_POSTSYNAPSE_ASSEMBLY",0.306785370548604,1,-0.324448546253292,-1.06854921343704,1274,85,"HTR4;NRXN3;ASIC2;WNT7A;NPTX1;ARHGEF15;CSMD2;TRIM47;SHANK3;ARHGEF9;NRXN2;NLGN3;RELN;MAP1B;NRXN1;NLGN1;LRRC4B;CASKIN1;VPS35;CPEB3;CYFIP2;GAP43;PTEN;RTN4R;PRICKLE1"
"GOBP_POSTSYNAPSE_ORGANIZATION",0.863862755949087,1,-0.234714459254993,-0.879806178361253,3121,241,"HTR4;NRXN3;CPNE6;ASIC2;IL1RAPL1;GRIN2B;WNT7A;SH3GL2;CTNND2;EPHB1;NPTX1;NEFL;PLPPR4;FCGR2B;ARC;ARHGEF15;ITPKA;OPHN1;CNKSR2;GRM5;PPFIA2;PAK3;ZDHHC2;ARHGAP22;ZDHHC15;FRRS1L;CSMD2;NEFH;GPRASP3;SHISA7;NGEF;TRIM47;TMEM108;CAMK2B;SHANK3;ARHGEF9;ZNF365;FZD9;NRXN2;LRFN2;NRP1;NLGN3;RELN;SRCIN1;NRCAM;MAP1B;NRXN1;NOS1AP;CNTNAP1;ETV5;KIF1A;NLGN1;STAU2;GPHN;LRRC4B;CASKIN1;SHANK1;ABHD17C;VPS35;LRRC4;PRNP;GLRB;LHFPL4;GDNF;CPEB3;MAPRE3;CYFIP2;LRP8;GAP43;GABRB3;GRID1;CDK5R1;PTEN;TANC2;INSR;CUX2;EPHA4;RTN4R;PRICKLE1;ACTL8;CHRDL1"
"GOBP_POSTSYNAPSE_TO_NUCLEUS_SIGNALING_PATHWAY",0.689827255278311,1,0.444788919055798,0.836024141087984,3593,7,"WNT3A;RELA"
"GOBP_POSTSYNAPTIC_ACTIN_CYTOSKELETON_ORGANIZATION",0.249166357910337,1,0.506428788530769,1.18036848694858,1344,17,"POTEF;ACTBL2;POTEI;POTEE"
"GOBP_POSTSYNAPTIC_CYTOSKELETON_ORGANIZATION",0.386630036630037,1,0.431397333201201,1.05191902377138,2110,21,"POTEF;ACTBL2;POTEI;POTEE"
"GOBP_POSTSYNAPTIC_DENSITY_ASSEMBLY",0.547410894418292,1,-0.346233762518039,-0.940074595202945,2441,30,"NRXN3;NPTX1;CSMD2;SHANK3;NRXN2;RELN;NRXN1;LRRC4B;CASKIN1"
"GOBP_POSTSYNAPTIC_DENSITY_ORGANIZATION",0.970889613414066,1,-0.224256482798519,-0.671187211964881,4168,49,"NRXN3;NPTX1;OPHN1;PPFIA2;CSMD2;TMEM108;SHANK3;NRXN2;RELN;NRXN1;CNTNAP1;NLGN1;LRRC4B;CASKIN1;SHANK1;LRRC4"
"GOBP_POSTSYNAPTIC_DENSITY_PROTEIN_95_CLUSTERING",0.135210066112177,1,-0.638767659973497,-1.33804064747246,633,10,"NRXN2;RELN;NRXN1;NLGN1;LRRC4"
"GOBP_POSTSYNAPTIC_MEMBRANE_ASSEMBLY",0.349397590361446,1,-0.561905443178727,-1.11559898059692,1652,8,"NRXN2;NLGN3;NRXN1;NLGN1"
"GOBP_POSTSYNAPTIC_MEMBRANE_ORGANIZATION",0.982366425674484,1,0.222008876374881,0.631773378119594,5570,45,"RAPSN;MUSK;LAMB1"
"GOBP_POSTSYNAPTIC_MODULATION_OF_CHEMICAL_SYNAPTIC_TRANSMISSION",0.732347007397445,1,-0.307123779749505,-0.833885351981443,3266,30,"CDH1;NEFL;DCC;GRM3;RASGRF2;NEFH;GNAO1;CHRM1;SLC1A1;FBXO2;PPP3CA"
"GOBP_POSTSYNAPTIC_NEUROTRANSMITTER_RECEPTOR_INTERNALIZATION",0.635459068294889,1,-0.318420497375699,-0.892849499188849,2809,35,"CALY;ARC;OPHN1;SYT17;EPS15;AP2B1;SUSD4;RABEP1;AP2A1;EFNB2;PPP3R1;USP46;NRG1;ATAD1;IQSEC3;AP3M1;AP2A2"
"GOBP_POSTSYNAPTIC_SIGNAL_TRANSDUCTION",0.296081532243894,1,0.371550687744713,1.09641247669053,1684,56,"CHRNG;LY6G6D;HRH4;CHRNA1;CHRND;WNT3A;CHRNB3;RGS10;GNA15"
"GOBP_POSTSYNAPTIC_SPECIALIZATION_ASSEMBLY",0.492276238073603,1,-0.343701749663824,-0.974358907646256,2166,37,"NRXN3;NPTX1;CSMD2;SHANK3;ARHGEF9;NRXN2;RELN;NRXN1;LRRC4B;CASKIN1;GAP43;PTEN;PRICKLE1"
"GOBP_POSTSYNAPTIC_SPECIALIZATION_ORGANIZATION",0.952636490900607,1,-0.233094819660207,-0.719454496777708,4082,58,"NRXN3;NPTX1;OPHN1;CNKSR2;PPFIA2;CSMD2;TMEM108;SHANK3;ARHGEF9;NRXN2;RELN;NRXN1;CNTNAP1;NLGN1;LRRC4B;CASKIN1;SHANK1;LRRC4"
"GOBP_POTASSIUM_ION_EXPORT_ACROSS_PLASMA_MEMBRANE",0.974908424908425,1,0.239942681916472,0.585076105709128,5322,21,"KCNE5;KCNE2;NPPA;KCNE4;WNK4;KCNK5"
"GOBP_POTASSIUM_ION_IMPORT_ACROSS_PLASMA_MEMBRANE",0.694327238631036,1,-0.290585495789299,-0.881559038194415,2961,53,"FXYD4;HCN1;SLC12A1;ATP12A;ATP4A;SLC12A8;ABCC8;KCNJ3;KCNJ11;KCNJ10;KCNQ1;KCNJ5;KCNJ9;KCNJ1;HCN2;KCNJ16;KCNJ13;KCNH2;FXYD5;STK39;HCN4"
"GOBP_PRESYNAPSE_ASSEMBLY",0.91042144242638,1,0.258274450143503,0.734974765484663,5162,45,"NLGN4Y;WNT3A;IGSF11;IL1RAP;DKK1;PTPRD;FZD1;MDGA1"
"GOBP_PRESYNAPSE_ORGANIZATION",0.853398283460914,1,-0.259522646485105,-0.797388205193786,3678,56,"IL1RAPL2;CACNA2D3;IL1RAPL1;WNT7A;PPFIA2;SLITRK2;SNCA;C5AR1;LRRTM3;NLGN4X;LRFN5;NLGN3;LRFN3;NRXN1;NLGN1;CLSTN3;DAAM1;LRRC4B;TLN2;VPS35"
"GOBP_PRESYNAPTIC_CYTOSKELETON_ORGANIZATION",0.757095158597663,1,-0.402134395363632,-0.773956178018637,3627,7,"DAAM1;TLN2;CLASP2;PCLO"
"GOBP_PRESYNAPTIC_DENSE_CORE_VESICLE_EXOCYTOSIS",0.826168224299065,1,-0.389922749395648,-0.692835069277059,3977,5,"SNAP25;RAB3A;STXBP1"
"GOBP_PRESYNAPTIC_MEMBRANE_ASSEMBLY",0.321633694958519,1,-0.555350497665351,-1.13472017651882,1511,9,"IL1RAPL1;NLGN4X;NLGN3;NRXN1;NLGN1;PTEN"
"GOBP_PRESYNAPTIC_MEMBRANE_ORGANIZATION",0.548250265111347,1,-0.434533514300393,-0.938786764980964,2584,11,"IL1RAPL1;NLGN4X;NLGN3;NRXN1;NLGN1"
"GOBP_PRIMARY_ALCOHOL_METABOLIC_PROCESS",0.286271847955201,1,0.340682841576734,1.09054710937107,1686,97,"BCO1;SULT1B1;IGF1;AKR1B10;CYP3A4;ADH6;SDR9C7;CYP21A2;ALDH1A1;BMP5;ADH1B;AWAT2;DAB2;SULT1E1;ALDH1A3;SULT1A4;ADH4;SULT1A1;FABP1;PNPLA2"
"GOBP_PRODUCTION_OF_MOLECULAR_MEDIATOR_INVOLVED_IN_INFLAMMATORY_RESPONSE",0.191915760869565,1,0.366239126267765,1.16049642622449,1129,90,"TLR3;GBP5;P2RX1;SPINK7;CLEC7A;SYK;ALOX5AP;NOS2;TLR4;SERPINE1;IL17RC;TNF;MEFV;CD6;RAB44;ZC3H12A;ZFP36;PBXIP1;IL17RA;FCER1G;GPSM3;VAMP8;RPS19;IL4R"
"GOBP_PRODUCTION_OF_MOLECULAR_MEDIATOR_OF_IMMUNE_RESPONSE",0.24390243902439,1,0.3124294280406,1.09151344190497,1529,186,"MMP7;TLR3;IL33;IL18;CD40LG;IL21;KLK3;MZB1;CLEC7A;FFAR2;ZPBP2;TGFB1;TLR4;GATA3;CD96;TNF;TNFSF13;APOA1;CD226;TNFSF4;PTPRC;SPON2;HFE;NFKBIZ;FCER1G;SMAD7;B2M;HPX;BST2"
"GOBP_PROGESTERONE_METABOLIC_PROCESS",0.965143970556397,1,-0.251625086289526,-0.582976481629903,4457,15,"AKR1C4;CYP17A1;AKR1C2;AKR1C1;CYP46A1;AKR1C3;EGR1"
"GOBP_PROLINE_METABOLIC_PROCESS",0.409561453039714,1,0.516454300497074,1.05676774529858,2175,10,"PRODH2;PYCR2;PYCR1"
"GOBP_PRONEPHROS_DEVELOPMENT",0.570647047726844,1,0.467948270059829,0.93419293459497,3024,9,"HNF1B;OSR1;OSR2"
"GOBP_PROSTAGLANDIN_SECRETION",0.207755713750468,1,0.567670441523391,1.2398357567611,1108,13,"TNFSF11;EDN1;NOS2;TNFRSF11A;PTGS2;PLA2G4A;P2RX7"
"GOBP_PROSTAGLANDIN_TRANSPORT",0.426373626373626,1,0.420642275027087,1.02569389574111,2327,21,"SLC22A11;TNFSF11;EDN1;NOS2;TNFRSF11A;PTGS2;SLCO2A1;PLA2G4A;P2RX7"
"GOBP_PROSTANOID_BIOSYNTHETIC_PROCESS",0.858657889925032,1,0.290972337258011,0.742828415108041,4695,26,"EDN2;EDN1;AVPR1A;PTGS2;PLA2G4A"
"GOBP_PROSTANOID_METABOLIC_PROCESS",0.900069076675109,1,-0.256357178403019,-0.75048303797598,3908,44,"PTGS1;AKR1C4;PTGDS;PLA2G3;CYP2S1;HPGD;CTHRC1;COMT;PTGES;PRXL2B;AKR1C2;AKR1C1"
"GOBP_PROSTATE_GLAND_DEVELOPMENT",0.193062368605466,1,0.409462373285491,1.18303892593234,1101,49,"CYP19A1;HOXA9;IGF1;SULF1;HOXB13;BMP4;TNC;HOXA11;CRIP1;EAF2;SERPINF1;MMP2;SERPINB5;ESR1;FOXA1;BMP7"
"GOBP_PROSTATE_GLAND_GROWTH",0.289389067524116,1,0.553632356894432,1.1544932742473,1529,11,"CYP19A1;IGF1;ESR1"
"GOBP_PROSTATE_GLAND_MORPHOGENESIS",0.49601015596663,1,0.370575045637269,0.967676702584252,2734,29,"IGF1;SULF1;HOXB13;BMP4;TNC;CRIP1;MMP2;SERPINB5;ESR1;FOXA1;BMP7;NKX3-1"
"GOBP_PROSTATE_GLANDULAR_ACINUS_DEVELOPMENT",0.311876529267834,1,0.558807452160821,1.14343067858602,1656,10,"IGF1;HOXB13;ESR1;FOXA1"
"GOBP_PROSTATE_GLANDULAR_ACINUS_MORPHOGENESIS",0.382149712092131,1,0.584199420731381,1.09805977176284,1990,7,"IGF1;HOXB13;ESR1"
"GOBP_PROSTATIC_BUD_FORMATION",0.750521722633276,1,0.403084456364275,0.782565583240761,3955,8,"SULF1;BMP4;BMP7"
"GOBP_PROSTHETIC_GROUP_METABOLIC_PROCESS",0.834137135667855,1,-0.377732285118994,-0.700404404176191,3977,6,"GPHN;MOCS2;MOCS1;MOCS3"
"GOBP_PROTEIN_DELIPIDATION",0.968431983385254,1,-0.270029460372207,-0.479802422848613,4662,5,"ATG4C;ATG4A;ATG4D;SIRT6;ATG4B"
"GOBP_PROTEIN_DNA_COVALENT_CROSS_LINKING_REPAIR",0.514022209674384,1,0.47637083316485,0.974749035500532,2730,10,"FAM111A;GCNA;TRAIP;FAM111B"
"GOBP_PROTEIN_IMPORT_INTO_MITOCHONDRIAL_MATRIX",0.705601469237833,1,0.337541566347392,0.839383185190265,3841,23,"ROMO1;TOMM7;DNLZ;PAM16;DNAJC15;TIMM21;TIMM50;DNAJC19;GRPEL1;SAMM50;TIMM23;TIMM17B;TOMM40;TIMM23B;TIMM44"
"GOBP_PROTEIN_INSERTION_INTO_MITOCHONDRIAL_INNER_MEMBRANE",0.436423598387688,1,0.43268310393934,1.02359104819916,2381,18,"TIMM10;ROMO1;NDUFA13;BCS1L;TIMM8B;TIMM13;MAIP1;TMEM126A;TIMM22"
"GOBP_PROTEIN_INSERTION_INTO_MITOCHONDRIAL_INNER_MEMBRANE_FROM_MATRIX",0.602853287063813,1,0.523382077975724,0.914688946229724,3126,5,"BCS1L;MAIP1;TMEM126A;OXA1L"
"GOBP_PROTEIN_LIPID_COMPLEX_ASSEMBLY",0.713950550442158,1,0.320671011133564,0.844438151046206,3955,30,"APOA4;APOC3;APOA1;FABP1;APOC1;APOM;LCAT;APOA2;ABCA1"
"GOBP_PROTEIN_LIPID_COMPLEX_ORGANIZATION",0.532235459004905,1,0.331458202721149,0.957665421103997,3037,49,"APOA4;AGT;APOC3;PLA2G5;APOA1;PON1;FABP1;APOC1;APOM;LCAT;LIPG;LPL;APOA2;ABCA1;PCSK5;AGTR1;PCSK6;ANGPTL4;APOE"
"GOBP_PROTEIN_LOCALIZATION_TO_AXON",0.683351007423118,1,-0.386857939110262,-0.835786196489923,3221,11,"UGT8;CNTNAP1;PRICKLE2;TRIM46;CNTNAP2;ANK3;EPB41L3"
"GOBP_PROTEIN_LOCALIZATION_TO_MITOCHONDRION",0.911206896551724,1,0.248677766435045,0.757816618562187,5284,68,"LRRK2;TIMM10;BAX;ROMO1;TOMM7;NDUFA13;BCS1L;DNLZ;MTX1;TOMM6;PAM16;TIMM8B;TOMM5;DNAJC15;EIF2AK1;TIMM21;TIMM13;TIMM50;DNAJC19;GRPEL1;MTX3;TRABD;GFER;SAMM50;MTCH1;MAIP1;TIMM23;TMEM126A;TIMM17B;TOMM40;MARCHF5;TIMM22"
"GOBP_PROTEIN_LOCALIZATION_TO_POSTSYNAPSE",0.870374680009309,1,-0.255973916566699,-0.783650107038424,3739,55,"GRIN2C;NPTX1;ZDHHC2;ZDHHC15;GRIP2;TMEM108;GRIN2A;NSG1;CACNG2;GPHN;LRRC7;CPLX1;VPS35;OLFM1;LHFPL4;VWC2;CACNA2D2"
"GOBP_PROTEIN_LOCALIZATION_TO_PRESYNAPSE",0.284199363732768,1,-0.536397916563576,-1.15885943951641,1339,11,"RAB27B;WNT7A;DLG2;KIF5A;MAP1A"
"GOBP_PROTEIN_PROCESSING_INVOLVED_IN_PROTEIN_TARGETING_TO_MITOCHONDRION",0.204030710172745,1,0.669360898390348,1.25812907242069,1062,7,"LRRK2;IMMP1L;IMMP2L;PMPCB"
"GOBP_PROTEIN_TARGETING_TO_MITOCHONDRION",1,1,0.152341388119971,0.471619579423146,5805,76,"CDKN2A;LRRK2;TIMM10;UBL5;IMMP1L;IMMP2L;TOMM7;MICALL2;RHOU;TIMM8B;TOMM5;MGARP;BAG3;PARL;HAX1;PMPCB;TIMM13;HTRA2;ATP5IF1;DNAJC19;AIP;UBE2J2;FIS1;TIMM23;LEPROT;FBXO7;TIMM17B"
"GOBP_PROTEIN_TARGETING_TO_VACUOLE_INVOLVED_IN_AUTOPHAGY",0.478089304257529,1,-0.577171804268161,-1.02554895197751,2301,5,"LAMP2;CLU;HSPA8;SMURF1;SQSTM1"
"GOBP_PROTEIN_TRANSPORT_WITHIN_LIPID_BILAYER",0.34161101836394,1,-0.586538693478773,-1.12886450574412,1636,7,"ARL6;CD24;REEP2;ATP1B1;RILPL2;RFTN1"
"GOBP_PROTEOGLYCAN_METABOLIC_PROCESS",0.871889710827169,1,0.249162217848686,0.817722085906494,5185,114,"IGF1;EDNRA;SULF1;FOXL1;MUSTN1;HS3ST6;CHSY3;SLC2A10;IHH;ADAMTS12;ADAMTS4;COL11A1;CHST14;NAGLU;NDST3;DSE;HS3ST2;CYTL1;ADAMTS7;SLC35B2;BMP2;ANGPT1;B3GAT3;CHST2;EXT1;ST3GAL2;HEXA;HEXB;CHST9;CHPF2;HS3ST4;ST3GAL6;CHST12"
"GOBP_PROTON_TRANSPORTING_TWO_SECTOR_ATPASE_COMPLEX_ASSEMBLY",0.949427274692025,1,-0.261689968730906,-0.617592644671302,4392,16,"VMA21;ATP23;ATPAF1;TMEM242;PIP4P1;VMA22;ATP6V1B1;VMA12;OXA1L;TMEM9;ATPAF2;ALDOB;TMEM70;TM9SF4;ATP5F1D;FMC1"
"GOBP_PROTON_TRANSPORTING_V_TYPE_ATPASE_COMPLEX_ASSEMBLY",0.899175649968294,1,-0.31468506341849,-0.624771196329345,4253,8,"VMA21;PIP4P1;VMA22;ATP6V1B1;VMA12;TMEM9;ALDOB;TM9SF4"
"GOBP_PROTOPORPHYRINOGEN_IX_METABOLIC_PROCESS",0.629399585921325,1,0.432857722668831,0.88571259679618,3343,10,"PPOX;UROD;EIF2AK1;CPOX;ALAD;HMBS;FECH"
"GOBP_PTERIDINE_CONTAINING_COMPOUND_METABOLIC_PROCESS",0.980465949820788,1,0.22578607692988,0.611464183501282,5470,35,"FOLR1;DHFRP1;NOS3;ALDH1L1;SHMT1;TYMS;MTHFS;GGH;SHMT2"
"GOBP_PURINE_CONTAINING_COMPOUND_METABOLIC_PROCESS",1,1,0.181617430130243,0.695744924240081,7072,560,"G6PC1;MYH4;ABCC9;SLC17A3;ACOT12;SULT2B1;SULT1B1;HAAO;ACSM4;SLC22A11;NPPB;ACSM5;IGF1;NNMT;FMO2;IER3;TGFB1;ENO3;GUCY2F;ACSM3;GIMAP7;ACTN3;TDO2;MYH8;ELOVL3;SLC4A1;NUPR1;ADCY4;ACSM1;ASPDH;SLC2A9;TTR;MYH6;SULT1E1;ENPP3;ABCC6;PDK4;NUDT1;HFE;NPR2;SULT1A4;ACSF2;LRRK2;SULT1A1;ACOT11;FABP1"
"GOBP_PURINE_DEOXYRIBONUCLEOSIDE_TRIPHOSPHATE_METABOLIC_PROCESS",0.972245409015025,1,-0.254426031873263,-0.489673605360262,4658,7,"SAMHD1"
"GOBP_PURINE_NUCLEOSIDE_METABOLIC_PROCESS",0.267372600926539,1,-0.428880211076704,-1.13397675664743,1211,26,"GDA;XDH;NT5C1A;MACROD2"
"GOBP_PUTRESCINE_METABOLIC_PROCESS",0.820325542570952,1,-0.372442837449995,-0.716811191299762,3930,7,"AGMAT;AZIN2"
"GOBP_PYRAMIDAL_NEURON_DEVELOPMENT",0.500318133616119,1,-0.452671656427118,-0.977973265468338,2358,11,"SLC4A10;FGFR2;FOXG1;DCLK2;ATP7A;SCYL2;OGDH"
"GOBP_PYRAMIDAL_NEURON_DIFFERENTIATION",0.326910586707079,1,-0.47642501346083,-1.10380321057613,1509,15,"UNC5D;SLC4A10;FGFR2;FOXG1;DCLK2;ATP7A;SCYL2;OGDH;TUBA1A"
"GOBP_PYRIDINE_CONTAINING_COMPOUND_METABOLIC_PROCESS",0.999839279974285,1,0.189532299843431,0.655891863261497,6220,174,"HAAO;IGF1;NNMT;FMO2;IER3;ENO3;CD38;ACTN3;SLC4A1;NUPR1;ASPDH"
"GOBP_PYRIMIDINE_CONTAINING_COMPOUND_METABOLIC_PROCESS",0.999827526733356,1,0.173108272943092,0.536502417214843,5796,77,"DPYS;STPG4;ENPP3;DHFRP1;CPS1;NT5C;SHMT1;ERH;TK1;TYMS;DPYD;NME4;NTHL1;DTYMK;TK2;TBPL1;UCKL1;TPK1;DCTPP1"
"GOBP_PYRIMIDINE_DEOXYRIBONUCLEOSIDE_METABOLIC_PROCESS",0.169847696163486,1,0.742638017755811,1.29787169732377,880,5,"TK1;DPYD;DTYMK;TK2"
"GOBP_PYRIMIDINE_DEOXYRIBONUCLEOSIDE_MONOPHOSPHATE_METABOLIC_PROCESS",0.838336192109777,1,-0.325136900589131,-0.728532955025762,3909,13,"CDA"
"GOBP_PYRIMIDINE_DEOXYRIBONUCLEOSIDE_TRIPHOSPHATE_METABOLIC_PROCESS",0.908253358925144,1,0.328114900009551,0.616723946363068,4731,7,"TYMS;DTYMK;TBPL1;DCTPP1;DUT"
"GOBP_PYRIMIDINE_DEOXYRIBONUCLEOTIDE_METABOLIC_PROCESS",0.934259872049415,1,-0.254218317085053,-0.672163590772246,4234,26,"CDA;UPP2;CMPK2"
"GOBP_PYRIMIDINE_NUCLEOBASE_METABOLIC_PROCESS",0.917928461707263,1,-0.266217547543642,-0.685130872068181,4182,23,"CDA"
"GOBP_PYRIMIDINE_NUCLEOSIDE_DIPHOSPHATE_METABOLIC_PROCESS",0.978246960972489,1,-0.242804268928097,-0.508607435165247,4586,10,"CMPK2;AK9;ENTPD7;CMPK1;DHODH;ENTPD4;CAD;ENTPD5;UMPS;DTYMK"
"GOBP_PYRIMIDINE_NUCLEOSIDE_METABOLIC_PROCESS",0.935544666415379,1,0.287101985647418,0.613275134239586,4963,12,"ERH;TK1;DPYD;DTYMK;TK2;UCKL1"
"GOBP_PYRIMIDINE_NUCLEOSIDE_MONOPHOSPHATE_METABOLIC_PROCESS",0.892435505028422,1,-0.276912914593294,-0.705482966135599,4081,22,"CDA"
"GOBP_PYRIMIDINE_NUCLEOSIDE_TRIPHOSPHATE_METABOLIC_PROCESS",0.991184573002755,1,0.213475748514607,0.530861889657315,5396,23,"TYMS;NME4;DTYMK;TBPL1;UCKL1;DCTPP1;UCK1;NME1;DUT;NME2"
"GOBP_PYRIMIDINE_NUCLEOTIDE_METABOLIC_PROCESS",0.999765588373183,1,-0.165681958435833,-0.502634956118958,4264,53,"CDA"
"GOBP_PYRIMIDINE_RIBONUCLEOSIDE_MONOPHOSPHATE_METABOLIC_PROCESS",0.731110630006495,1,-0.350263883584324,-0.811507348114976,3376,15,"CDA"
"GOBP_PYRIMIDINE_RIBONUCLEOSIDE_TRIPHOSPHATE_METABOLIC_PROCESS",0.974434975917006,1,0.2387678815326,0.556512760410401,5259,17,"NME4;UCKL1;UCK1;NME1;NME2;CAD;UCK2;ENTPD4"
"GOBP_PYRIMIDINE_RIBONUCLEOTIDE_METABOLIC_PROCESS",0.88859000224165,1,-0.266726634596813,-0.730038654075527,3963,31,"CDA"
"GOBP_PYROPTOTIC_INFLAMMATORY_RESPONSE",0.192564519039885,1,0.455439160700419,1.20466047268612,1066,31,"GBP5;NLRP6;CASP4;GBP3;MEFV;IFI27;NLRC4;GSDMB;CASP3;GSDMD;NLRP1;CASP8;CASP6"
"GOBP_PYRUVATE_METABOLIC_PROCESS",1,1,0.165256620021331,0.54662952311959,5983,120,"IGF1;IER3;ENO3;ACTN3;SLC4A1;NUPR1;PDK4;PCK2;FABP1;HOGA1"
"GOBP_QUINOLINATE_METABOLIC_PROCESS",0.850395218816271,1,0.386880448994005,0.676131807141518,4410,5,"HAAO;KMO"
"GOBP_QUINONE_METABOLIC_PROCESS",0.862993572084481,1,0.296460535919826,0.737224726472621,4698,23,"NQO1;ADH4;COQ6;COQ3;COQ5;FDX2;COQ7;COQ8A;COQ9;FDXR;PDSS1;COQ8B;COQ2"
"GOBP_REACTIVE_NITROGEN_SPECIES_METABOLIC_PROCESS",0.635541140320929,1,0.291504214981137,0.909648581219079,3722,80,"CX3CR1;ITGB2;CLEC7A;IGF1;EDN1;NOS2;TLR4;CAV1;TNF;ZC3H12A;NQO1;PTGS2;HBB;NOS3;CPS1;ESR1"
"GOBP_REACTIVE_OXYGEN_SPECIES_METABOLIC_PROCESS",0.202845849802372,1,0.312877835262118,1.10952045876141,1282,218,"APOA4;HBA1;ABCC9;AGT;ITGB2;CLEC7A;SYK;LPO;EDN1;NCF1B;IER3;NOS2;TGFB1;TLR4;CCN2;HP;MB;TNF;EPX;PDGFRB;SOD3;CCN1;RIPK3;BST1;ZC3H12A;HVCN1;BLVRB;PREX1;PDGFB;NOX4;NQO1;CYBA;LRRK2;HBB;PLA2R1;GADD45A;DHFRP1;CDKN1A;ROMO1;NOS3;FAS;FBLN5;CCS;NDUFA4L2;NAGLU;IMMP2L;P2RX7;TGFBR2"
"GOBP_RECEPTOR_CLUSTERING",0.735777278229293,1,0.28315108092137,0.860149862215615,4254,67,"RAPSN;ITGB2;ITGAL;MUSK;TNFAIP6;LAMB1;ITGA4"
"GOBP_RECEPTOR_LOCALIZATION_TO_SYNAPSE",0.759530088707744,1,-0.265341714823978,-0.863018489055969,3167,79,"NPTX1;DLG2;ZDHHC2;GRIP2;KIF17;TMEM108;CACNG8;KIF5A;ANKS1B;RELN;NSG1;NRXN1;CACNG2;NLGN1;GPHN;LRRC7;STX7;KIFAP3;CPLX1;VPS35;OLFM1;KIF3B;LHFPL4;VWC2;CACNA2D2;RDX;EPB41L3;DLG3;CACNG7;CACNG4;KIF5C;STX3;ARHGAP44;VPS26B"
"GOBP_RECEPTOR_METABOLIC_PROCESS",1,1,-0.153228263922555,-0.491924506689988,4180,74,"GRIA1;SNCA;ACHE;PHETA2;NSG1;EPS15;NSF;PEX26;ITCH;UVRAG;DTX3L;SNX16;NEDD4L;FUT8;USP9X;ARAP1;LDLR;OPTN;EHD3;INPP5F;ABCA2;SNX25;CAPN1;PEX12;PIK3R4"
"GOBP_REGULATION_OF_ACROSOME_REACTION",0.668977144998127,1,0.389899144771684,0.851569618318037,3570,13,"SPINK1;HVCN1;PKDREJ;IQCF1"
"GOBP_REGULATION_OF_ACUTE_INFLAMMATORY_RESPONSE",0.701052150045746,1,-0.298320188842785,-0.863871805921375,3064,41,"CREB3L3;C3;FCGR1A;C2CD4B;ZP3;F12;EDNRB;FCGR2B;PTGER3;PTGES;CCR7"
"GOBP_REGULATION_OF_ACUTE_INFLAMMATORY_RESPONSE_TO_ANTIGENIC_STIMULUS",0.294219528036372,1,-0.487895558755075,-1.13037869331762,1358,15,"C3;FCGR1A;ZP3;FCGR2B;CCR7"
"GOBP_REGULATION_OF_ADAPTIVE_IMMUNE_RESPONSE",0.259029435163087,1,0.309431489284507,1.08278918130956,1627,188,"IL33;EBI3;IL18;IL7R;CD69;CLEC7A;IL12RB1;ASCL2;ANXA1;TNFSF18;SLC11A1;TGFB1;GATA3;LGALS1;HLX;TNF;TNFSF13;CD274;NCKAP1L;CD226;RIPK3;TNFSF4;ZC3H12A;LTA;PTPRC;HFE;NFKBIZ;FCER1G;SMAD7;B2M;HPX;C4BPA;AZGP1;PLA2G4A;BTLA;P2RX7;HLA-E;LAG3;SLC15A4;TRPM4;SAMSN1;IL20RB;CEACAM1;TRAF2;LGALS9;JUNB;ALOX15;TNFAIP3;CLCF1;HLA-A;SPN"
"GOBP_REGULATION_OF_AIM2_INFLAMMASOME_COMPLEX_ASSEMBLY",0.738962791594371,1,0.450951557470196,0.78810571141146,3832,5,"GBP5;TRIM11"
"GOBP_REGULATION_OF_ALDOSTERONE_METABOLIC_PROCESS",0.506165812938721,1,0.509791834212145,0.989731898049351,2667,8,"BMP5;DAB2;BMP2;CLCN2;WNT4"
"GOBP_REGULATION_OF_AMIDE_METABOLIC_PROCESS",0.999481238111707,1,0.175661046212859,0.533619099051224,5779,67,"IGF1;TNF;CCN1;PDK4;ORMDL3;CASP3;SPHK1;ORMDL1;EFNA1;APOE"
"GOBP_REGULATION_OF_AMINE_METABOLIC_PROCESS",0.923917796239615,1,-0.263801086163978,-0.672078342789083,4225,22,"ITGAM;DRD1;TACR3;ABAT;SNCA;PRKN;ATP2B4;VPS35;CHRNB2"
"GOBP_REGULATION_OF_AMINO_ACID_METABOLIC_PROCESS",0.170492487479132,1,-0.674571453974969,-1.29829417811138,816,7,"ACMSD;HNF4A;ATP2B4;ATCAY"
"GOBP_REGULATION_OF_ANTIFUNGAL_INNATE_IMMUNE_RESPONSE",0.601310969732022,1,0.524432964111901,0.916525527902954,3118,5,"PLA2G5;TRIM62"
"GOBP_REGULATION_OF_ATP_BIOSYNTHETIC_PROCESS",0.504181338028169,1,-0.398226989355804,-0.961969028647144,2290,18,"ADCY10;PID1;PRKN;PINK1;PPARA;STAT3"
"GOBP_REGULATION_OF_AUTOPHAGY",1,1,-0.14572883275794,-0.565992296462215,3293,363,"RUFY4;PYCARD;ADRA1A;ZDHHC19;ADCY10;RAB37;MET;DAPL1;IL10RA;TICAM1;ELAPOR1;DEPTOR;PIM2;SNCA;GFAP;EEF1A2;ADRB2;CRYBA1;MID2;ATP6V1C1;PRKN;RMC1;PIP4K2A;ATP6V1A;CUL4B;FBXO2;FBXW7;ATP13A2;FZD5;CERS1;RUBCN;MAPT;NOD2;RNF152;PRKD1;PAFAH1B2;TAB3;CDK16;TLR9;UBQLN2;FEZ1;PIP4K2B;MTMR8;HUWE1;MOAP1;VPS35;UVRAG;NPRL3;PIK3CB;PRKAA2;ATP6V0E2;FOXK1;LARP1;BCL2;HPSE;PIK3R2;GSK3B;SREBF2;ERCC4;LRSAM1;RAB39B;MTDH;MTMR9;CDK5R1;UCHL1;PINK1;EPM2A;MTM1;OPTN;USP36;ATP6V0D1;TBC1D25;EXOC4;STAT3;CAPN1;USP30;PIK3CA;HK2;ATP6V0A1;PIK3R4;ATP6V1H;ULK2;IFI16;SLC25A4;KIF25;FBXL2;RPGR;VPS26B;SIRT2;ATP6V1B2;LAMP3;SCOC;SNX30;IRGQ;VPS13D;EIF4G3;SPTLC2;LYPLA1;SLC25A5;EXOC8;KDM4A;VHL;RAB3GAP2;TRIM23;FOXO3;ATG16L1;CISD1;MAPK3;TRIB3;DDB1;DNM1L;CISD2;SNX6;XPA;EIF4G2;GPSM1;QSOX1;PRKACA;ATP6V0A2;RNF41;ERN1;RRAGD;TBC1D14;EXOC7;PRKAA1;ATG2A;TSPO;CUL1;CSNK2A2;RALB;TAB2;CLEC16A;RPTOR"
"GOBP_REGULATION_OF_AUTOPHAGY_OF_MITOCHONDRION",0.829817158931083,1,-0.266833478693462,-0.809501741290079,3539,53,"ADCY10;PRKN;FBXW7;ATP13A2;FZD5;CERS1;NOD2;HUWE1;SREBF2;PINK1;USP36;USP30;HK2;SLC25A4;VPS13D;SLC25A5;DNM1L;RNF41;TSPO;CUL1;CSNK2A2;BNIP3;CAMKK2;BNIP3L;PPTC7;VPS13C;HDAC6"
"GOBP_REGULATION_OF_AXON_DIAMETER",0.704465212876428,1,-0.45683036810003,-0.811720014338772,3391,5,"WNT7A;NEFL;XK"
"GOBP_REGULATION_OF_AXON_EXTENSION",0.984800965018094,1,-0.214271402834573,-0.70191999949935,4081,83,"CDH1;ADCY10;TNR;MT3;BCL11A;KIAA0319;TRPV2;DSCAM;MAP2;PAK1;NRP1;ISLR2;NRCAM;SHTN1;MAP1B;SLIT1;TRPC5;MAP3K13;MAPT;CDH4;TTL;TRIM46;OLFM1;SEMA4F;RAB21;GSK3B;RUFY3"
"GOBP_REGULATION_OF_AXON_EXTENSION_INVOLVED_IN_AXON_GUIDANCE",0.816,1,0.325112866413803,0.745850969165538,4385,16,"WNT3A;SEMA3F;CXCL12;PLXNA4;RYK;SEMA3A;WNT5A"
"GOBP_REGULATION_OF_AXON_GUIDANCE",0.549403747870528,1,-0.425395493017793,-0.935473110854707,2579,12,"TBR1;KIF21A;PTPRO;SLIT2"
"GOBP_REGULATION_OF_AXONOGENESIS",0.947395432383885,1,-0.228381318655484,-0.806023250504051,3691,142,"CDH1;ADCY10;TNR;RET;MT3;FGF13;PLXNB3;BDNF;WNT7A;BCL11A;KIAA0319;TRPV2;NTRK2;NEFL;DCC;PAK3;LRRC4C;THY1;DSCAM;MAP2;PAK1;NRP1;ISLR2;CHODL;SHTN1;MAP1B;MCF2;SLIT1;TRPC5;MAP3K13;PLXNC1;MAPT;CDH4"
"GOBP_REGULATION_OF_BRANCHING_INVOLVED_IN_PROSTATE_GLAND_MORPHOGENESIS",0.456718719876615,1,0.600751586986953,1.04990380674139,2368,5,"BMP4;ESR1;BMP7"
"GOBP_REGULATION_OF_CALCIUM_IMPORT_INTO_THE_MITOCHONDRION",0.904592157685049,1,-0.329069809219272,-0.610172740691175,4313,6,"PSEN2;AFG3L2;VDAC1;MCUB;UCP2;SPG7"
"GOBP_REGULATION_OF_CALCIUM_ION_DEPENDENT_EXOCYTOSIS_OF_NEUROTRANSMITTER",0.38042570951586,1,-0.568805691290601,-1.09473520281308,1822,7,"SYT1;PPP3CA;RAB3A;CACNA1B;ATP2A2;RAB3GAP1;CDK5"
"GOBP_REGULATION_OF_CALCIUM_ION_EXPORT_ACROSS_PLASMA_MEMBRANE",0.502803738317757,1,-0.562947485712301,-1.00027444119982,2420,5,"RGS9;CALM3;CALM1"
"GOBP_REGULATION_OF_CALCIUM_ION_IMPORT",0.712353884941554,1,-0.295530882343313,-0.85939455069007,3107,42,"FCRL3;GCG;EPPIN;CASR;MS4A1;P2RX5;TRPV2"
"GOBP_REGULATION_OF_CALCIUM_ION_IMPORT_ACROSS_PLASMA_MEMBRANE",0.76762156049755,1,0.363130638608262,0.77567903487954,4072,12,"P2RX1;KCNN4"
"GOBP_REGULATION_OF_CALCIUM_ION_TRANSMEMBRANE_TRANSPORT",0.698731675177071,1,0.269153917507079,0.902752858869655,4241,134,"TMC1;HRC;SLN;P2RX1;NGF;TGFB1;CASQ2;JPH2;P2RY6;CAV1;KCNN4;CLIC2;EPO;TMC2;CEMIP;ITGB3;CYBA;BAX;NPPA;GPER1;APLNR;P2RX7"
"GOBP_REGULATION_OF_CALCIUM_ION_TRANSPORT",0.833831115938094,1,-0.239556735066714,-0.883404163887784,3070,207,"FCRL3;NPSR1;GCG;EPPIN;CCL5;CXCL10;BDKRB1;RCVRN;CALCA;GRAMD2A;RGS4;GRIN1;DRD1;CD19;OPRD1;NOS1;ADORA2A;CASR;CACNB2;CAMK2A;EFHB;MS4A1;ADCYAP1R1;P2RX5;TRPV2;FFAR1;PDE4D;RGS9;SNCA;CACNA1D;THY1;CAMK2B;UBASH3B;WNK3;CX3CL1;JPH4;CASK;GRM6;JPH3;AKAP6;CAPN3;NOS1AP;PDE4B;CRHR1;PRKD1;PPP3CA;ATP2B1;RYR2;CRH;SLC8A1;TLR9;CACNA1F;UBR3;CD84;CACNB1;TRPC3;AKAP5;PRNP"
"GOBP_REGULATION_OF_CALCIUM_ION_TRANSPORT_INTO_CYTOSOL",0.468736335811106,1,-0.400344468499533,-0.984327518733303,2143,19,"CALCA;GRIN1;NOS1;ADCYAP1R1;P2RX5"
"GOBP_REGULATION_OF_CALCIUM_MEDIATED_SIGNALING",0.484971981660723,1,0.310458527424166,0.981702289615088,2855,89,"EDN2;CLEC7A;SYK;IGF1;EDN1;MYOZ2;ACTN3;TNF;PLEK;CIB1;PDGFRB;LMCD1;BST1;PTPRC;LRRK2;IAPP;SLC24A4;HOMER3"
"GOBP_REGULATION_OF_CARBOHYDRATE_METABOLIC_PROCESS",0.951456310679612,1,0.230092053852874,0.792211039460004,5879,167,"IGF1;ADIPOQ;NNMT;IER3;TGFB1;P2RY6;ACTN3;SLC4A1;IGF2;NUPR1;IGFBP3;PLEK;GCGR;LHCGR;AVPR1B;PDGFB;PDK4;IGFBP4;PPP1R3C;NR3C1;RUBCNL;GPER1;GNB3;P2RX7"
"GOBP_REGULATION_OF_CARDIAC_MUSCLE_CONTRACTION_BY_CALCIUM_ION_SIGNALING",0.266379465087058,1,0.423105287415625,1.13439849263931,1483,33,"HRC;CASQ2;JPH2;CLIC2;TNNI3"
"GOBP_REGULATION_OF_CATECHOLAMINE_METABOLIC_PROCESS",0.91696191319752,1,-0.274314739948431,-0.68077316717769,4140,20,"ITGAM;DRD1;TACR3;ABAT;SNCA;PRKN"
"GOBP_REGULATION_OF_CATECHOLAMINE_UPTAKE_INVOLVED_IN_SYNAPTIC_TRANSMISSION",0.187486789262312,1,-0.647528514100345,-1.28559379341697,886,8,"DRD1;RAB3B;SNCA;GDNF;DRD3"
"GOBP_REGULATION_OF_CELLULAR_RESPONSE_TO_OXIDATIVE_STRESS",0.450515690147027,1,-0.387149575956979,-0.996358538509743,2052,23,"GCH1;ALOX5;ADCYAP1R1;NCOA7;AIFM2;PRKN;CD36;FUT8;PINK1;SLC25A14;NFE2L2;PNPLA8"
"GOBP_REGULATION_OF_CENTROSOME_CYCLE",0.998586239396795,1,-0.187535901690969,-0.586798010151408,4237,63,"CEP295NL;C10orf90"
"GOBP_REGULATION_OF_CHAPERONE_MEDIATED_AUTOPHAGY",0.211583174804481,1,-0.631723314455065,-1.25421437749129,1000,8,"SNCA;GFAP;EEF1A2;ATP13A2"
"GOBP_REGULATION_OF_CHOLESTEROL_METABOLIC_PROCESS",0.983424440134015,1,0.220653746962963,0.627917069757802,5576,45,"AGT;APOA1;ACADL;LDLRAP1;GNB3;AGTR1;FGF1;GPR146;TTC39B;APOE;ACADVL"
"GOBP_REGULATION_OF_CHRONIC_INFLAMMATORY_RESPONSE",0.674487423377721,1,-0.425221450202219,-0.844228547938539,3190,8,"IDO1;CCL5"
"GOBP_REGULATION_OF_CYCLIN_DEPENDENT_PROTEIN_SERINE_THREONINE_KINASE_ACTIVITY",0.530784419314306,1,0.3546340301866,0.950818439872382,2956,33,"CDKN2A;INCA1;GADD45A;CDK5RAP3;SERTAD1;PKMYT1;CDC25C;CDC37;PIM1;CDKN1B;CDKN3;CDC6;LATS2;CCNY"
"GOBP_REGULATION_OF_CYTOKINESIS",1,1,0.137118484596999,0.436193290606281,5902,92,"CXCR5;OR2A4;CHMP4C;AURKC;ANKRD53;AURKB"
"GOBP_REGULATION_OF_CYTOKINETIC_PROCESS",0.839524207011686,1,-0.362927565392354,-0.698497901813843,4022,7,"KIF20B;EXOC7;ARF6;ECT2;RAB11A;NUP62;RAB11FIP3"
"GOBP_REGULATION_OF_CYTOSOLIC_CALCIUM_ION_CONCENTRATION",0.9096018735363,1,-0.246900184561116,-0.764058362161978,3883,59,"CALCA;ADCY8;HCRTR2;ATP2B2;HCRTR1;CACNB2;CNGB1;CALB1;GRM5;TUNAR;P2RY1;FZD9;SLC8A3;TRPC7;ADORA1;TRPC5;CALB2;ERC2;ATP2B1;RYR2;ATP2B4;TRPC3;SV2B;GRM1;CACNB4;CDH23;SLC8A2"
"GOBP_REGULATION_OF_DENDRITE_DEVELOPMENT",0.164164410534088,1,-0.346644560327095,-1.1643000222364,666,100,"SKOR2;RAB17;ZNF296;KHDC3L;IL1RAPL1;BCL11A;ALK;KIAA0319;COBL;EFHC2;DCC;ITPKA;ZDHHC15;PACSIN1;GPRASP3;CAMK2B;NR2E1;TNIK;RELN;SARM1;TRPC5;ADGRB3;PPP3CA;KNDC1;STAU2;CAMK1D;HECW1;RAPGEF2;CHRNB2;RAB21;CARM1;MAPRE3;NEDD4L;SEZ6;LRP8;GSK3B;DPYSL5;FAT3;YWHAH;RAP2A;CUX2;EPHA4"
"GOBP_REGULATION_OF_DENDRITE_MORPHOGENESIS",0.235043745566328,1,-0.35686759586045,-1.12395992255943,993,65,"SKOR2;IL1RAPL1;EFHC2;ITPKA;GPRASP3;CAMK2B;NR2E1;TNIK;RELN;SARM1;TRPC5;ADGRB3;PPP3CA;KNDC1;STAU2;HECW1;RAPGEF2;CHRNB2;RAB21;MAPRE3;NEDD4L;LRP8;GSK3B;DPYSL5;YWHAH;RAP2A;CUX2;EPHA4;CAPRIN1;EEF2K;EPHB2;ARMCX5-GPRASP2;NSMF"
"GOBP_REGULATION_OF_DENDRITIC_CELL_ANTIGEN_PROCESSING_AND_PRESENTATION",0.830248883216337,1,-0.350383012154984,-0.715920261300066,3902,9,"FGL2;FCGR2B;CCR7;NOD2"
"GOBP_REGULATION_OF_DENDRITIC_CELL_CHEMOTAXIS",0.932806324110672,1,0.296849925430279,0.607413717122848,4955,10,"TNFSF18;LGALS9"
"GOBP_REGULATION_OF_DENDRITIC_CELL_DIFFERENTIATION",0.363806669164481,1,0.497177703422342,1.08587421341364,1941,13,"LILRB2;LGALS1;TMEM176A;LGALS9;HMGB1;AGER;CEBPB;LGALS3"
"GOBP_REGULATION_OF_DENDRITIC_SPINE_MAINTENANCE",0.652015437392796,1,-0.386179266357815,-0.865310340289148,3040,13,"GRIN2B;FCGR2B;VPS35;PRNP"
"GOBP_REGULATION_OF_DNA_METABOLIC_PROCESS",1,1,0.145587312645542,0.552796333851594,6950,490,"S100A11;TWIST1;IL7R;IER3;TGFB1;ANKRD1;ID3;HGF;SLFN11;EYA2;EID3;TNF;TNFSF13;PDGFRB;TNFSF4;PTPRC;GMNC;PDGFB;NOX4;ANKLE1;CASP3;CDKN1A;BAX;ANKRD31;GATA5;ZCWPW1;H1-2;AURKB;MGMT;SMOC2;ZSCAN4;ACVRL1;PIF1;SMARCD2;SLX1B;SLC15A4;ENY2;E2F8;SLX1A;UCN;DNA2;DBF4B;BCL7C;ACTL6A;NIBAN2;TAF10;CDK1;RPS3;CLCF1;RFC4;CDK2;SSBP1;CDC7;PRKD2;TAF6L;SHLD1;SHLD3;HNRNPD;TAF12;SETMAR;SIRT7;PCNA;KMT5C;RBX1;UBE2B;STOX1;HMGB1;H1-0;CHTF18;PLK1;TMEM161A;CDT1;LMNA;MCM7;CDKN1B;MAPK15;H2AX;RPA2;NSMCE4A;RAD51AP1;SIRT6;H1-10;POLE3;RAD51;RFC2;ELOB;AGER;WRAP53;GMNN;POLG2;PNKP;HNRNPC;ATXN7L3;WHR1;TADA3;SF3B5;INO80C;NSMCE2;SENP3;HNRNPA2B1;BARD1;BCL7A;PPP4C;DYNLL1;RFC3;ING4;PIAS4;RFC5;CD40;NAF1;ERCC1;MCM5;MAD2L2;LRR1;GLI1;ELOC;BABAM1;NEK7;RMI2;CDC6;WEE1"
"GOBP_REGULATION_OF_DOPAMINERGIC_NEURON_DIFFERENTIATION",0.894137734775185,1,0.328238821352734,0.637257032908323,4712,8,"WNT3A;SFRP2;DKK1"
"GOBP_REGULATION_OF_ENDOPLASMIC_RETICULUM_UNFOLDED_PROTEIN_RESPONSE",0.682094353109364,1,0.318346940977592,0.866662207856269,3816,36,"BAX;BCL2L11;BBC3;BOK;PIGBOS1;PPP1R15A;BAK1;NCK1;NCK2;COPS5;AKT2;PTPN2;XBP1;DDRGK1;ATF6B;AKT1;HSPA5;UFL1;WFS1;ATAD3A;BFAR;ABCA7;ATF6;RACK1;CREBRF;TMBIM6;PTPN1;DAB2IP;PPP1R15B;ERN1;TMEM33;FICD;AKT3;DNAJB9;PIK3R1;SHISA5"
"GOBP_REGULATION_OF_ESTABLISHMENT_OF_PROTEIN_LOCALIZATION_TO_MITOCHONDRION",1,1,-0.1356668201006,-0.40604326618853,4293,49,"ADCY10;ABLIM3;PRKN;FBXW7;FZD5;MAPT;HUWE1;SIAH3;SREBF2;PINK1;BAG4;USP36;TOMM70"
"GOBP_REGULATION_OF_EXCITATORY_SYNAPSE_ASSEMBLY",0.40885072655218,1,-0.41045835477789,-1.03238511868715,1856,21,"VSTM5;WNT7A;SEMA4A;CLSTN3;LRRC4B;CASKIN1"
"GOBP_REGULATION_OF_EXECUTION_PHASE_OF_APOPTOSIS",0.586357673808483,1,-0.358872114645693,-0.914288032667039,2681,22,"GCG;HTR2A"
"GOBP_REGULATION_OF_GENERATION_OF_PRECURSOR_METABOLITES_AND_ENERGY",0.987314304790519,1,0.21354849320469,0.710974725798202,5914,127,"CAVIN3;IGF1;IER3;NOS2;ACTN3;SLC4A1;IGF2;NUPR1;TNF;GCGR;TRPV4;PPP1R3C;RUBCNL;NDUFA4L2;P2RX7"
"GOBP_REGULATION_OF_GLUCOCORTICOID_METABOLIC_PROCESS",0.756217838765009,1,-0.352955151665319,-0.790865199146505,3526,13,"NR5A2;GAL;DKK3"
"GOBP_REGULATION_OF_GLUCOSE_METABOLIC_PROCESS",0.999266862170088,1,-0.191642940531873,-0.640452865575743,4088,96,"GCG;RORC;PTH;ADCY10;NR0B1;FBP1;PPARGC1A;PRKN;PDK3;PHKA1;PPP1R3B;GCK;GPLD1"
"GOBP_REGULATION_OF_GLUTAMATE_RECEPTOR_CLUSTERING",0.170283806343907,1,-0.674878421991033,-1.29888497510668,815,7,"ZDHHC2;FRRS1L;SHISA7"
"GOBP_REGULATION_OF_GLUTAMATE_RECEPTOR_SIGNALING_PATHWAY",0.399488926746167,1,-0.477508085522124,-1.05007218354091,1875,12,"FOLH1;ADRB2;FRRS1L;SHANK3;CX3CL1;NLGN3;PRNP"
"GOBP_REGULATION_OF_GLUTAMATE_SECRETION",0.869677977090988,1,-0.302241526122554,-0.713294989306457,4023,16,"GRM7;ADORA2A;SNCA;ADORA1"
"GOBP_REGULATION_OF_GLUTAMATE_SECRETION_NEUROTRANSMISSION",0.945633314054367,1,0.305058561471582,0.533135745132906,4904,5,"KMO;DTNBP1;SLC38A2;RAB3GAP1;STXBP1"
"GOBP_REGULATION_OF_GLYCOGEN_METABOLIC_PROCESS",0.9915770609319,1,0.212398061972689,0.575207334780517,5532,35,"IGF1;IGF2;GCGR;PPP1R3C;RUBCNL"
"GOBP_REGULATION_OF_GLYCOPROTEIN_METABOLIC_PROCESS",0.157343278280945,1,0.445762301032549,1.24029401191701,885,40,"IL33;IGF1;MUSTN1;ITM2A;SLC2A10;MEST;PTX3;BACE2;NCSTN;SLC51B;ACER2;ITM2C;HBEGF;CST3;NECAB3"
"GOBP_REGULATION_OF_HORMONE_METABOLIC_PROCESS",0.780665835855439,1,0.295589502064727,0.814008054820807,4384,38,"GATA3;BMP5;ADM;STC2;DAB2;LHCGR;NR3C1;GNB3"
"GOBP_REGULATION_OF_HUMORAL_IMMUNE_RESPONSE",0.655502392344498,1,-0.309206402647845,-0.885255450331331,2876,39,"C3;C6;CR2;CR1L;ZP4;VSIG4;CR1;ZP3;FCGR2B;CFP;CCR7;MASP1"
"GOBP_REGULATION_OF_HUMORAL_IMMUNE_RESPONSE_MEDIATED_BY_CIRCULATING_IMMUNOGLOBULIN",0.778730703259005,1,-0.345856663338142,-0.774959644692847,3631,13,"CR2;CR1L;CR1;FCGR2B"
"GOBP_REGULATION_OF_HYDROGEN_PEROXIDE_METABOLIC_PROCESS",0.367624810892587,1,-0.451594737460293,-1.0657710327236,1700,16,"DUOXA2;MT3;MPV17L;SNCA;NOXO1;NOXA1;SOD2;PINK1;STAT3"
"GOBP_REGULATION_OF_IMMUNE_EFFECTOR_PROCESS",0.244200060259114,1,0.291142966681463,1.07411052898659,1620,338,"CXCL6;CFI;TLR3;IL33;CLEC12B;IL18;CD40LG;IL21;CX3CR1;IL7R;CD69;ITGB2;KLK3;GPR65;MZB1;CLEC7A;SYK;HLA-DMB;PLA2G5;IL12RB1;FFAR2;ASCL2;ZPBP2;ANXA1;TNFSF18;NOS2;TGFB1;TLR4;SH2D1B;GATA3;GATA2;TIGIT;LGALS1;HLX;STAP1;CD96;NECTIN4;TNF;TNFSF13;APOA1;CD274;NCKAP1L;CFH;CD226;RIPK3;TNFSF4;ZC3H12A;SLAMF6;LTA;PTPRC;ENPP3;SPON2;HFE;NFKBIZ;PRAM1;ICAM1;MICA;FCER1G;SMAD7;UNC13D;B2M;HPX;C4BPA"
"GOBP_REGULATION_OF_IMMUNE_RESPONSE",0.60438829787234,1,0.247018611381327,0.967881385859617,4544,848,"CFI;BANK1;STING1;TLR3;C9;GBP5;FCMR;FPR3;IL33;NLRP6;EBI3;CLEC12B;CLEC4E;IL18;BTNL8;CFHR5;IL21;GPR31;FYB1;TIFAB;IL7R;DCST1;THEMIS;CD69;ITGB2;LILRB5;LAIR1;LILRB2;KLK3;GPR65;COL3A1;CLEC7A;HLA-DQA1;SYK;HLA-DMB;PLA2G5;IL12RB1;FFAR2;ASCL2;HCST;ANXA1;TNFSF18;BTN1A1;CD200R1;SLC11A1;CD72;NOS2;TGFB1;CD38;TLR4;SH2D1B;PPARG;LILRB3;GATA3;LRRC19;TIGIT;TESPA1;LGALS1;HLX;STAP1;GATA6;CD96;NECTIN4;TRAC;CLEC4D;TNF;RGCC;TNFSF13;MEFV;LTF;GCSAML;KCNN4;CD274;HLA-DRB5;CLEC2B;GFI1;NCKAP1L;CFH;CD226;CXCL13;RIPK3;TNFSF4;ZC3H12A;SLAMF6;LTA;LCP2;KCNK13;PTPRC;TLR5;HMSD;BLNK;NLRC4;ENPP3;CD247;HFE;NFKBIZ;CYBA;LILRA6;BTN2A2;TLR2;TEC;PRAM1;NPY;C8G;RNF135;BIRC3;MICA;FCER1G;CTSH;SMAD7;B2M;SIVA1;HPX;C4BPA;BAX;AZGP1;IFI35;RPS19;AURKB;HHLA2;ITPRIPL1;PLA2G4A;LAT2;RAB7B;HMGB2;PLK2;BTLA;VAV3;TLR1;LAPTM5;NAGLU;TRIM62;TRAF3IP3;P2RX7"
"GOBP_REGULATION_OF_INFLAMMASOME_MEDIATED_SIGNALING_PATHWAY",0.991633257800244,1,0.208416974368026,0.606546922067155,5688,51,"GBP5;TLR4;MEFV;KCNK13"
"GOBP_REGULATION_OF_INFLAMMATORY_RESPONSE_TO_ANTIGENIC_STIMULUS",0.96001415428167,1,0.240199955127126,0.677533357412077,5425,43,"NLRP6;SYK;TNF;LTA;NPY;FCER1G;PLK2;HLA-E;IL20RB;SPN;LYN;FURIN"
"GOBP_REGULATION_OF_INFLAMMATORY_RESPONSE_TO_WOUNDING",0.362883493318276,1,0.537677744027226,1.10019511253174,1927,10,"IL33;SIGLEC10;MDK"
"GOBP_REGULATION_OF_INHIBITORY_SYNAPSE_ASSEMBLY",0.387538940809969,1,-0.62136003308134,-1.10406490063262,1865,5,"SEMA4A;CLSTN3;LHFPL4"
"GOBP_REGULATION_OF_INNATE_IMMUNE_RESPONSE",1,1,0.187338302737265,0.704738534703837,6801,432,"CFI;STING1;TLR3;GBP5;NLRP6;CLEC12B;CLEC4E;IL21;TIFAB;DCST1;CLEC7A;SYK;PLA2G5;FFAR2;TGFB1;TLR4;SH2D1B;PPARG;LRRC19;TIGIT;CD96;NECTIN4;TNF;MEFV;LTF;CD274;GFI1;CFH;CD226;SLAMF6;KCNK13;TLR5;NLRC4;ENPP3;NFKBIZ;CYBA;TLR2;RNF135;BIRC3;MICA;B2M;HPX;IFI35;RPS19;AURKB;RAB7B;HMGB2;TLR1;NAGLU;TRIM62;TRAF3IP3;P2RX7;HLA-E;ESR1;LAG3;NOD1;COLEC11;IRF3;NAGK;SLC15A4;KCNK6;CEACAM1;TRAF2;EIF4E2;CADM1;F2RL1;NLRP1;LGALS9;NR1H3;BANF1;ALPK1;TNFAIP3;TRIM5;SPSB3;HLA-A;SERPING1;APOE;IKBKE;OAS3;IRF1;LYN;TRIM41;SMIM30;CASP8;TARBP2;CASP6;METTL3;LRCH4;TRIL;CEP63;HAVCR2"
"GOBP_REGULATION_OF_INTRACELLULAR_LIPID_TRANSPORT",0.889266176193171,1,0.329015512190197,0.65683321539137,4713,9,"LDLRAP1;ABCA12;SCP2"
"GOBP_REGULATION_OF_IRE1_MEDIATED_UNFOLDED_PROTEIN_RESPONSE",0.789708341073751,1,0.33680730196725,0.76219750391749,4250,15,"BAX;BCL2L11;BBC3;BAK1;COPS5;DDRGK1;HSPA5;UFL1;BFAR;TMBIM6;PTPN1;DAB2IP;TMEM33;FICD;DNAJB9"
"GOBP_REGULATION_OF_IRON_ION_TRANSMEMBRANE_TRANSPORT",0.486764124851837,1,0.662918522776261,1.03966603779187,2463,3,"HAMP;ISCU;HEPH"
"GOBP_REGULATION_OF_IRON_ION_TRANSPORT",0.175438596491228,1,0.738806287286906,1.29117517168347,909,5,"HAMP;HFE;B2M;ISCU;HEPH"
"GOBP_REGULATION_OF_L_GLUTAMATE_IMPORT_ACROSS_PLASMA_MEMBRANE",0.867194868892662,1,0.342221034835944,0.683196184853174,4596,9,"TNF;ITGB1;SEPTIN2"
"GOBP_REGULATION_OF_LIPID_BIOSYNTHETIC_PROCESS",0.82198365646531,1,0.24935964779542,0.864902748033252,5129,177,"APOA4;IGFBP7;APOC3;SNAI2;EDN2;EDN1;DKKL1;AVPR1A;BMP5;ADM;TNF;GFI1;CCN1;DAB2;LHCGR;PDGFB;PDK4;PTGS2;ACADL;ORMDL3;APOC1;KIF12;NR3C1;GPER1;SNAI1;CEACAM1;SPHK1;SIK1;NR1H3;FGF1;ORMDL1;GPR146;BMP2;ANGPTL4;APOE;EIF6;KLHL25;ACADVL;AVIL;GGCX"
"GOBP_REGULATION_OF_LIPID_CATABOLIC_PROCESS",0.862865139058947,1,0.2631925612146,0.779786388515211,4932,57,"APOA4;TWIST1;APOC3;TNF;RARRES2;HCAR2;PNPLA2;APOC1"
"GOBP_REGULATION_OF_LIPID_METABOLIC_PROCESS",0.977594878829447,1,0.220743343664376,0.80692268678295,6413,305,"APOA4;IGFBP7;TWIST1;AGT;APOC3;UGT1A6;SNAI2;EDN2;ADIPOQ;EDN1;FMO2;PPARG;DKKL1;CAV1;AVPR1A;BMP5;ADM;TNF;APOA1;GFI1;CCN1;DAB2;RARRES2;HCAR2;LHCGR;PDGFB;PDK4;PTGS2;ACADL;ORMDL3;PNPLA2;APOC1;KIF12;NR3C1;RUBCNL;FMO1;GPER1;ID2;LDLRAP1;GNB3;SNAI1;FMO4;APOA2;NPC2;CEACAM1;EDF1;AGTR1;SPHK1;C1QTNF2;SIK1;NR1H3;ERFE;FGF1;ORMDL1;GPR146;BMP2;ANGPTL4;TTC39B;APOE;EIF6;GDF15;KLHL25;ACADVL;AVIL;GGCX;SPATA18"
"GOBP_REGULATION_OF_LIPID_STORAGE",0.869766613219312,1,0.274035921401339,0.758300854694404,4881,39,"PPARG;TNF;ZC3H12A;ITGB3;PNPLA2;ITGAV;MSR1;MEST;LPL;ABCA1;NR1H3;PLIN2;PLIN3;TTC39B;IKBKE"
"GOBP_REGULATION_OF_LIPOPROTEIN_METABOLIC_PROCESS",0.588147872933309,1,0.401893125360086,0.909487220739774,3165,15,"ITGB3;HHATL;ITGAV;LIPG"
"GOBP_REGULATION_OF_LONG_CHAIN_FATTY_ACID_IMPORT_ACROSS_PLASMA_MEMBRANE",0.964647429772597,1,0.270039162145654,0.491393140206459,5047,6,"THBS1;AKT2;AKT1;ACSL5"
"GOBP_REGULATION_OF_LONG_TERM_SYNAPTIC_DEPRESSION",0.525629887054735,1,-0.395241605095129,-0.945266545511795,2419,17,"ADCY8;ARC;GRM5;SHANK3;KCNB1;ADORA1;MAPT;STAU2"
"GOBP_REGULATION_OF_LONG_TERM_SYNAPTIC_POTENTIATION",0.891817556727023,1,-0.258886319090083,-0.752833308350395,3890,42,"ADCY8;ADORA2A;PRKAR1B;ARC;ZDHHC2;SHISA7;SHANK3;RELN;ADORA1;NSG1;AKAP5;PRNP;CYP46A1;GSK3B;SLC18A3"
"GOBP_REGULATION_OF_MACROAUTOPHAGY",1,1,-0.176489922453125,-0.646298374986846,3705,194,"RUFY4;ZDHHC19;ADCY10;ELAPOR1;PIM2;ADRB2;ATP6V1C1;PRKN;PIP4K2A;ATP6V1A;FBXO2;FBXW7;ATP13A2;FZD5;CERS1;RUBCN;NOD2;PAFAH1B2;UBQLN2;FEZ1;PIP4K2B;MTMR8;HUWE1;MOAP1;VPS35;UVRAG;PRKAA2;ATP6V0E2;LARP1;SREBF2;LRSAM1;CDK5R1;UCHL1;PINK1;EPM2A;MTM1;OPTN;USP36;ATP6V0D1;TBC1D25;EXOC4;CAPN1;USP30;PIK3CA;HK2;ATP6V0A1;PIK3R4;ATP6V1H;SLC25A4;VPS26B;ATP6V1B2;SCOC;SNX30;VPS13D;SPTLC2;LYPLA1;SLC25A5;EXOC8;RAB3GAP2;MAPK3;DNM1L;SNX6;GPSM1;QSOX1;PRKACA;ATP6V0A2;RNF41;ERN1;EXOC7;ATG2A;TSPO;CUL1;CSNK2A2;RALB;CLEC16A"
"GOBP_REGULATION_OF_MAST_CELL_ACTIVATION_INVOLVED_IN_IMMUNE_RESPONSE",0.696799224054316,1,0.497021395007856,0.826954231926055,3591,4,"ENPP3;SPHK2;PTPN6;FER"
"GOBP_REGULATION_OF_MEMBRANE_LIPID_DISTRIBUTION",0.66698269732164,1,-0.283546104869204,-0.897751947624175,2813,67,"TMEM30B;FASLG;ATP10B;PLSCR4;ATP8B4;ATG9B;ANO3;ATP8B1;ATP8A2;SYT1;ANO5;ATP11C;ATP9A;TRPC5"
"GOBP_REGULATION_OF_MEMBRANE_LIPID_METABOLIC_PROCESS",0.685601799775028,1,0.378402767143994,0.839746536733681,3656,14,"CCN1;ORMDL3;SPHK1;ORMDL1;SIRT3;PAQR4"
"GOBP_REGULATION_OF_MESENCHYMAL_TO_EPITHELIAL_TRANSITION_INVOLVED_IN_METANEPHROS_MORPHOGENESIS",0.652754590984975,1,-0.447923223107427,-0.862082303326809,3127,7,"WNT9B;PAX2;GDNF;STAT1;CTNNB1"
"GOBP_REGULATION_OF_MESONEPHROS_DEVELOPMENT",0.138808559861191,1,0.759368164466725,1.32711014645917,719,5,"GATA3;HNF1B;SIX4"
"GOBP_REGULATION_OF_METANEPHROS_DEVELOPMENT",0.380087903688133,1,0.609024443393109,1.10824826785683,1988,6,"ADIPOQ;WT1;AGTR2"
"GOBP_REGULATION_OF_MITOCHONDRIAL_ATP_SYNTHESIS_COUPLED_ELECTRON_TRANSPORT",0.856636060100167,1,-0.354741425688187,-0.682742687956956,4104,7,"CHCHD2;SNCA"
"GOBP_REGULATION_OF_MITOCHONDRIAL_DEPOLARIZATION",0.803144375553587,1,-0.31049513010529,-0.770562869333105,3626,20,"ADCY10;ALB;FZD9;GOT1;SRC;BCL2;IFI6"
"GOBP_REGULATION_OF_MITOCHONDRIAL_DNA_METABOLIC_PROCESS",0.798149219201851,1,0.418958122265191,0.732192368625404,4139,5,"SSBP1;STOX1;METTL4;ENDOG"
"GOBP_REGULATION_OF_MITOCHONDRIAL_ELECTRON_TRANSPORT_NADH_TO_UBIQUINONE",0.99828014523218,1,0.204616020349977,0.37234195209838,5223,6,"NDUFA4L2;DNAJC15;ISCU;PARK7"
"GOBP_REGULATION_OF_MITOCHONDRIAL_FISSION",0.903447031221801,1,0.268476379227206,0.706991556463996,5005,30,"PPARG;DCN;LRRK2"
"GOBP_REGULATION_OF_MITOCHONDRIAL_FUSION",0.235218508997429,1,-0.524740977380992,-1.20036142323921,1097,14,"PID1;PLD6;PRKN;HUWE1;VAT1"
"GOBP_REGULATION_OF_MITOCHONDRIAL_GENE_EXPRESSION",0.946580039704024,1,0.252013808975834,0.666589745548814,5244,31,"MTERF3;UQCC2;MTG1;SHMT2;METTL8;MALSU1;MTG2;C1QBP;MPV17L2;CDK5RAP1;COA3;THAP11;TEFM;KAT8;TACO1;FASTKD3"
"GOBP_REGULATION_OF_MITOCHONDRIAL_MEMBRANE_PERMEABILITY",1,1,0.146441734321393,0.429413527611973,5692,54,"IER3;EYA2;LRRK2;SIVA1;BAX;BCL2L11"
"GOBP_REGULATION_OF_MITOCHONDRIAL_MEMBRANE_PERMEABILITY_INVOLVED_IN_APOPTOTIC_PROCESS",0.981882770870337,1,0.222352374766639,0.621659673563007,5527,41,"IER3;EYA2;LRRK2;SIVA1;BAX;BCL2L11"
"GOBP_REGULATION_OF_MITOCHONDRIAL_MEMBRANE_POTENTIAL",0.999762244412744,1,-0.175072219612199,-0.558982120576648,4204,71,"ADCY10;OPRD1;ADORA2A;PID1;ALB;FZD9;PRKN;CCN6;MAPT;GOT1;SRC;BCO2;SOD2;BCL2;IFI6;BID;PINK1"
"GOBP_REGULATION_OF_MITOCHONDRIAL_MRNA_STABILITY",0.897746243739566,1,-0.326027594136246,-0.627479453624276,4301,7,"PDE12;FASTKD2;FASTKD5;FASTKD3;TBRG4;FASTKD1;FASTK"
"GOBP_REGULATION_OF_MITOCHONDRIAL_OUTER_MEMBRANE_PERMEABILIZATION_INVOLVED_IN_APOPTOTIC_SIGNALING_PATHWAY",0.893146647015475,1,0.284160950474015,0.699373689238369,4847,22,"IER3;LRRK2;SIVA1;CASP6;BOK;TMEM102;ATP5IF1"
"GOBP_REGULATION_OF_MITOCHONDRIAL_RNA_CATABOLIC_PROCESS",0.971081550028918,1,0.280699863476324,0.490565254589965,5036,5,"SLIRP;SUPV3L1;PNPT1;GRSF1;LRPPRC"
"GOBP_REGULATION_OF_MITOCHONDRIAL_TRANSCRIPTION",0.842482550462177,1,0.354761049227452,0.70823056064597,4465,9,"MTERF3;THAP11;TEFM;KAT8;MTRES1;KANSL1;METTL4;PRKAA1;KANSL3"
"GOBP_REGULATION_OF_MITOCHONDRIAL_TRANSLATION",0.956705969049374,1,0.251932271632455,0.620052832579138,5192,22,"UQCC2;MTG1;SHMT2;METTL8;MALSU1;MTG2;C1QBP;MPV17L2;CDK5RAP1;COA3"
"GOBP_REGULATION_OF_MITOCHONDRION_ORGANIZATION",0.9996632996633,1,0.179520804556339,0.587711834398042,5937,112,"IGF1;IER3;PPARG;HGF;PLAUR;DCN;LRRK2;BMF;SIVA1;BAX;GPER1;BCL2L11;HRK;BBC3;TRIAP1;SSBP1;CASP6;SIRT7;STOX1;PMAIP1;PLSCR3;LMNA;MGARP;GPX1;BOK"
"GOBP_REGULATION_OF_MITOTIC_CENTROSOME_SEPARATION",0.729655463961108,1,-0.403385536175559,-0.800875838467108,3451,8,"MAP9;UBXN2B;KIF25;CHEK1;KIF11"
"GOBP_REGULATION_OF_MITOTIC_CYTOKINESIS",1,1,-0.13235558431288,-0.328469882235536,4515,20,"DCDC1;CUL4B;MAP9;DCAF11;KIF20B;DDB1;EXOC7;ARF6;ECT2;CUL4A;RAB11A;WNK1;INCENP;NUP62;BIRC5;RAB11FIP3;CDCA8;RBX1;AURKB;ANKRD53"
"GOBP_REGULATION_OF_MODIFICATION_OF_POSTSYNAPTIC_ACTIN_CYTOSKELETON",0.482053422370618,1,-0.52156932175732,-1.00382310862528,2309,7,"CTTNBP2;PRMT8;ITSN1;BAIAP2"
"GOBP_REGULATION_OF_MODIFICATION_OF_POSTSYNAPTIC_STRUCTURE",0.730195911413969,1,-0.365580191899953,-0.803935267290681,3428,12,"EGLN1;CTTNBP2;AGAP1;PRMT8;PDXP;ITSN1;BAIAP2;RHOA;CYFIP1;AMOT;RHOB;CAMKV"
"GOBP_REGULATION_OF_MODIFICATION_OF_SYNAPTIC_STRUCTURE",0.634231103388358,1,-0.365645891740349,-0.874484934051391,2919,17,"EPHA4;EGLN1;CTTNBP2;AGAP1;PRMT8;PDXP;ITSN1;BAIAP2;KIF5B;ZDHHC17;RHOA;CYFIP1;AMOT;CLN3;ABL1;RHOB;CAMKV"
"GOBP_REGULATION_OF_MOTOR_NEURON_APOPTOTIC_PROCESS",0.319699499165275,1,-0.598377138611047,-1.15164902219905,1531,7,"KCNB1;CRLF1;MAP2K4"
"GOBP_REGULATION_OF_MRNA_METABOLIC_PROCESS",1,1,0.163601008499382,0.602856775280568,6606,336,"SLC39A5;SRPK3;PIWIL1;SLC11A1;VIP;PNLDC1;ZC3H12D;ZC3H12A;ZFP36;NANOS2;MAGOH;RBM46;PRR5L;LSM6;SNRPG;H1-2;LSM7;SNRPB;SAMD4A;RBM20;BTG2;SNRPF;SNRPE;RBPMS;ADARB2;CCNL2;PAN2;ZFP36L2;TRAF2;POLR2G;SNRPD2;DCPS;E2F1;LSM5;CIRBP;CRYZ;SRSF5;PRDX6;IKBKE;METTL3;SRSF7;MOV10;HNRNPD;LSM2;RBM8A;KHNYN;SLIRP;SRSF9;TRAF5;RBM42;TIA1;CARHSP1;LSM1;SNRPD1;PIWIL2;LSM4;EIF4A3;RBM24;LSM3;HDAC7;HNRNPAB;SNIP1;RBM38;TAF15;SRSF3;YBX3;MAPKAPK2;CCNL1;HNRNPC;CDK11B;PTBP1;ARGLU1;RBM39;RBM4;SRSF2;CNOT9;BARD1;CCNB1;SAP30BP;PIAS4;PLEKHN1;CDK11A;SNRNP70;U2AF2;NANOS3;TIAL1;FASTK;FUS;APEX1;CSDC2;CSTF3"
"GOBP_REGULATION_OF_MYELOID_DENDRITIC_CELL_ACTIVATION",0.329970902036857,1,0.700629650931971,1.16572175900378,1700,4,"CLEC4D;CD37;HAVCR2;TSPAN32"
"GOBP_REGULATION_OF_NADP_METABOLIC_PROCESS",0.648065948002536,1,-0.434744739946704,-0.863135950349122,3065,8,"ME1;ME2;RPTOR;TP53;MTOR;MLST8"
"GOBP_REGULATION_OF_NATURAL_KILLER_CELL_MEDIATED_IMMUNE_RESPONSE_TO_TUMOR_CELL",0.447840030182984,1,0.514303369652402,1.02673437409274,2373,9,"TGFB1;CD226;CEACAM1;HAVCR2;NECTIN2"
"GOBP_REGULATION_OF_NEUROBLAST_PROLIFERATION",0.637228504756776,1,0.331513815897672,0.888830237363598,3549,33,"CX3CR1;TGFB1;SOX10;DMRTA2;LRRK2"
"GOBP_REGULATION_OF_NEUROFIBRILLARY_TANGLE_ASSEMBLY",0.992929485954519,1,0.229727302123379,0.418037219063345,5195,6,"APOE;PPP2CB"
"GOBP_REGULATION_OF_NEUROGENESIS",1,1,-0.170075154284458,-0.658441738376142,3360,346,"HES3;SPINT1;CDH1;RASSF10;ADCY10;ASCL1;TNR;DCT;KHDC3L;DLX2;MT3;GSX2;NOS1;IL1RAPL1;FGF13;DLX1;PLXNB3;BDNF;ABCC8;WNT7A;BCL11A;HAP1;KIAA0319;TRPV2;NTRK2;NEFL;IL34;DCC;ITPKA;SHH;GRM5;GFAP;ELL3;SERPINE2;GPRASP3;THY1;CAMK2B;SHANK3;DSCAM;MAP2;ZNF365;PAK1;NR2E1;NEGR1;NEURL1;NRP1;PTPRZ1;ISLR2;CX3CL1;CHODL;RELN;SHTN1;MAP1B;SOX8;MCF2;SLIT1;TRPC5;MAP3K13;ID4;PLXNC1;MAPT;LHX2;PPP3CA;CDH4;TNFRSF1B;STAU2;SLIT2;RGS14;TTBK1;RAPGEF2;NF2;BRINP1;TRIM46;FOXG1;SEMA4F;ATXN1;RAB21;BMAL1;MAPRE3;DRD3;OTP;LRP8;EFNB3;RUFY3;IL6ST"
"GOBP_REGULATION_OF_NEUROMUSCULAR_JUNCTION_DEVELOPMENT",0.586505842442518,1,0.428537470601509,0.915393790179441,3111,12,"MUSK;COLQ"
"GOBP_REGULATION_OF_NEURON_APOPTOTIC_PROCESS",0.987389070527791,1,0.215111566158986,0.7712322462733,6341,242,"TFAP2D;RAPSN;CX3CR1;BARHL1;MAG;NGF;NTRK1;CASP4;GATA3;CHL1;ITGA1;CCL2;NUPR1;TNF;NFATC4;TFAP2B;GRM4;NTF3;MDK;PLXND1;CASP3;PITX3;BAX;NR3C1;MMP2;EN1;JUN;WNT1;GDF5;NTF4;BTG2;NR4A2;BCL2L11;CNTF;HSPG2;DKK1;EPHA7;EN2;UCN;DRAXIN;TGFB2;HRK;FZD1;CLCF1;ANGPT1;POU4F1;BBC3;ATF4;AXL;CASP8;EGLN3;CASP6;PYCR1"
"GOBP_REGULATION_OF_NEURON_DIFFERENTIATION",0.999680357999041,1,0.188667908365502,0.657199211868301,6254,183,"MAG;NKX2-5;NGF;GATA2;NEUROD1;BMP4;WNT3A;HEYL;EPO;HEY1;LRRK2;GDF6;GPR37L1;B2M;GDF7;TGIF1;POU4F2;LTK;ID2;SFRP2;NEUROG3;GDF5;CXCL12;JAG1;CNTF;HES1;HMG20B;FOXA1;CDK5RAP3;BMP7;DKK1;FEZF2;S100B;BMP2;CTDSP1;DUOXA1;CNTN2;NOTCH3;SOCS2;NEUROG1"
"GOBP_REGULATION_OF_NEURON_MATURATION",0.654145323468033,1,0.444883300167369,0.863715664974494,3447,8,"NGF;LRRK2"
"GOBP_REGULATION_OF_NEURON_MIGRATION",0.951560316721006,1,-0.234587750825042,-0.702108124021698,4085,49,"UNC5D;CAMK2A;NEXMIF;PHACTR1;GNRH1;ADGRG1;CAMK2B;CX3CL1;RELN;CTNNA2;SHTN1;KIF26A;RAPGEF2;ULK4;NTNG1;NRG3;LRIG2;STAT3;ADAM17;SRGAP2C"
"GOBP_REGULATION_OF_NEURON_PROJECTION_ARBORIZATION",0.98008226888937,1,-0.231562679700978,-0.536494982593027,4526,15,"SPRY3;MAP3K13;NTNG1;MYO9A;DLG4;FZD4;MFSD2A;GRIP1;DVL1;MACF1;WNT5A;DVL3;NTNG2;MOV10;DVL2"
"GOBP_REGULATION_OF_NEURON_PROJECTION_DEVELOPMENT",0.975609756097561,1,-0.215941337063807,-0.852684791181334,3119,433,"FRMD7;KLF4;CDH1;ADCY10;NEU4;SKOR2;TNR;RAB17;ZNF296;KHDC3L;RET;MT3;PLA2G3;IL1RAPL1;TBR1;FGF13;CNTN1;PLXNB3;PLK5;BDNF;KIF21A;FUT9;WNT7A;BCL11A;IL15RA;RGS2;ALK;KIAA0319;COBL;TRPV2;NTRK2;NEFL;EFHC2;TRIM67;DCC;ARC;ITPKA;GRM5;PPFIA2;PAK3;GFAP;ZDHHC15;ATP8A2;PLPPR5;PACSIN1;GPRASP3;PTPRO;ITGA6;LRRC4C;NGEF;EPHA3;TOX;THY1;CAMK2B;SHANK3;DSCAM;MAP2;ZNF365;PAK1;NR2E1;NEGR1;KLK6;NRP1;TNIK;ISLR2;CX3CL1;PTPRG;CHODL;RELN;CTNNA2;SRCIN1;NDRG4;SARM1;NRCAM;SHTN1;SNAP25;KIF26A;MAP1B;MCF2;SLIT1;TRPC5;MAP3K13;KIF1A;PLXNC1;MAPT;SFRP1;ADGRB3;PRKD1;NLGN1;PPP3CA;STMN2;CDH4;FES;KNDC1;STX1B;STAU2;CAMK1D;SLIT2;HECW1;SPOCK1;LRRC7;FEZ1;RAPGEF2;KIDINS220;XK;MAGI2;TRIM46;SEMA4F;CHRNB2;PTPN9;RAB21;CARM1;MAPRE3;NEDD4L;SEZ6;AP2A1;ULK4;LRP8;GSK3B;EFNB3;RUFY3;DPYSL5;APBB1;FAT3;GOLGA4;CDK5R1;YWHAH;KIF13B;PTEN;NTNG1;TANC2;RAP2A;EFNB2;CUX2;ATP1B2;DPYSL3;EPHA4;SHOC2;RTN4R;NTN1;LRIG2;EHD1;PTK6;INPP5F;NDNF;SLITRK1;ADAM17;L1CAM;BRAF;MAP6;CAPRIN1;SEMA7A;TWF1;ATF1;NOVA2;THOC2;EEF2K"
"GOBP_REGULATION_OF_NEURON_PROJECTION_REGENERATION",0.953654188948307,1,-0.242944197152426,-0.654877652437402,4279,29,"KLF4;TNR;KIAA0319;THY1"
"GOBP_REGULATION_OF_NEUROTRANSMITTER_RECEPTOR_ACTIVITY",0.790285973672265,1,-0.287974129874621,-0.811920239033643,3481,36,"LYNX1;SHISA7;CACNG8;PSCA;CACNG2;CRHBP;CRH;PSMD1;CACNG7;CACNG4;CNIH2"
"GOBP_REGULATION_OF_NEUROTRANSMITTER_RECEPTOR_LOCALIZATION_TO_POSTSYNAPTIC_SPECIALIZATION_MEMBRANE",0.972671622212505,1,-0.236894575301921,-0.582453031965874,4448,19,"TMEM108;OLFM1;CACNA2D2;EPB41L3;VPS26B;GPC4;NETO1;NETO2"
"GOBP_REGULATION_OF_NEUROTRANSMITTER_SECRETION",0.523705324580598,1,-0.291715302389528,-0.965501051764326,2153,89,"DYSF;SV2C;ADORA2A;CAMK2A;WNT7A;TACR2;SYT2;RIMS1;PPFIA2;SYN1;SNCA;MCTP1;SYT1;SYT13;P2RY1;SLC4A8;PRKN;BAIAP3;SNCG;SYT5;SNCAIP;CASK;RAP1BL;PREPL;PRKCG;CSPG5;NLGN1;SEPTIN5;PPP3CA;RIMS2;STX1B;MICU3;RIMS3;SV2B"
"GOBP_REGULATION_OF_NEUROTRANSMITTER_TRANSPORT",0.286412512218964,1,-0.315670715699348,-1.07509267351562,1171,107,"DRD1;DYSF;SV2C;NOS1;ADORA2A;CAMK2A;WNT7A;TACR2;SYT2;RAB3B;RIMS1;PPFIA2;SYN1;SNCA;GFAP;SLC17A8;MCTP1;SYT1;SYT13;P2RY1;SLC4A8;PRKN;BAIAP3;SNCG;SYT5;SNCAIP;CASK;RAP1BL;PREPL;PRKCG;CSPG5;NLGN1;SEPTIN5;PPP3CA;SYNGR3;RIMS2;STX1B;MICU3;RIMS3;SV2B;GDNF;CACNB4;DRD3"
"GOBP_REGULATION_OF_NEUROTRANSMITTER_UPTAKE",0.170283436669619,1,-0.505757045527591,-1.25514883294633,768,20,"DRD1;NOS1;RAB3B;SNCA;GFAP;SLC17A8;PRKN;SYNGR3;GDNF;DRD3"
"GOBP_REGULATION_OF_NEUROTROPHIN_TRK_RECEPTOR_SIGNALING_PATHWAY",0.386041233213543,1,0.513822880310977,1.07147830520771,2040,11,"AGT;AGTR2;SPRY1"
"GOBP_REGULATION_OF_NITRIC_OXIDE_METABOLIC_PROCESS",0.454513645906228,1,0.336753020088458,1.00008050381516,2597,58,"CX3CR1;ITGB2;CLEC7A;IGF1;EDN1;TLR4;CAV1;TNF;ZC3H12A;PTGS2;HBB"
"GOBP_REGULATION_OF_NUCLEOTIDE_METABOLIC_PROCESS",0.965484180249281,1,-0.226487639297064,-0.735400967076018,4027,78,"ACMSD;ADCY10;HTR2A;PID1;FBP1;ME1;GPD1;ZBTB20;LACC1;SLC4A4;PRKN;GCK;RD3;GUCA1A;PRXL2C;PRKAA2;MLXIPL;SLC2A6;NCOR1;INSR;UCHL1;PINK1;PPARA;BEND3;STAT3"
"GOBP_REGULATION_OF_OLIGODENDROCYTE_DIFFERENTIATION",0.938929551692589,1,-0.244481520880438,-0.707966476478372,4104,41,"DLX2;GSX2;DLX1;IL34;SHH;ZNF365;PTPRZ1;ID4;TNFRSF1B;DRD3;QKI;ZNF488;DUSP15;NF1;NOTCH1;SLC45A3;SOX1;CTNNB1"
"GOBP_REGULATION_OF_OXIDATIVE_PHOSPHORYLATION",0.755188246097337,1,0.324101767539467,0.805961698012291,4111,23,"ACTN3;NUPR1;TNF;NDUFA4L2;UQCC2;SIRT3;SHMT2;DNAJC15"
"GOBP_REGULATION_OF_OXIDATIVE_STRESS_INDUCED_INTRINSIC_APOPTOTIC_SIGNALING_PATHWAY",0.990622140896615,1,-0.204233940283271,-0.591418044844185,4330,41,"ADCY10;PRODH;NOL3;NOX1;PRKN;FGF2;FBXW7"
"GOBP_REGULATION_OF_PEPTIDYL_SERINE_PHOSPHORYLATION",0.974699672369858,1,0.233855797450068,0.605910032473366,5354,28,"IL11;OSM;GADD45A;LIF;STOX1;TRIM6;IP6K2;CNOT9;MAD2L2"
"GOBP_REGULATION_OF_PEPTIDYL_TYROSINE_PHOSPHORYLATION",0.230359291731133,1,0.367404391886909,1.13557878220258,1339,75,"BANK1;IL18;IL21;IL7R;ITGB2;TNFSF18;CASS4;IL11;IL31RA;CSPG4;OSM;SFRP2;IL4R;CNTF;HES1;NEDD9;SAMSN1;EPHA7;CTF1;LIF"
"GOBP_REGULATION_OF_PERK_MEDIATED_UNFOLDED_PROTEIN_RESPONSE",0.782091770388259,1,0.33923950546291,0.767701599056114,4209,15,"BOK;PPP1R15A;NCK1;NCK2;AKT2;PTPN2;DDRGK1;AKT1;HSPA5;ATAD3A;ABCA7;PTPN1;PPP1R15B;TMEM33;AKT3"
"GOBP_REGULATION_OF_PHOSPHATIDYLCHOLINE_METABOLIC_PROCESS",0.678182981445937,1,-0.400577387541662,-0.839098252111433,3179,10,"FABP3;ABCA3;LDLR;SCARB1;ACSL3"
"GOBP_REGULATION_OF_PHOSPHOLIPID_BIOSYNTHETIC_PROCESS",0.253475238922676,1,-0.487052689183967,-1.16484349585704,1166,17,"HTR2A;FABP3;HTR2C;HTR2B;CHP1;PDGFA;IDH1;ABCA2;ACSL3"
"GOBP_REGULATION_OF_PHOSPHOLIPID_CATABOLIC_PROCESS",0.822429906542056,1,-0.392870858617459,-0.698073423438481,3959,5,"PRKCD;IDH1;LDLR;SCARB1"
"GOBP_REGULATION_OF_PHOSPHOLIPID_METABOLIC_PROCESS",0.472579553148274,1,-0.353363627997539,-0.980583836255086,2093,33,"HTR2A;FABP3;HTR2C;HTR2B;CHP1;PRKCD;PDGFA;MTMR1;IDH1;MTMR9;ABCA3;LDLR;SCARB1;ABCA2;ACSL3"
"GOBP_REGULATION_OF_PHOSPHOLIPID_TRANSLOCATION",0.261690081778151,1,-0.654045009152738,-1.2127531137449,1247,6,"FASLG;ATP8A2"
"GOBP_REGULATION_OF_PHOSPHORUS_METABOLIC_PROCESS",0.643634308322736,1,0.249429611563447,0.955239147678526,4554,556,"CHI3L1;BANK1;TLR3;LTB;IL18;AGT;IL21;TNFSF15;IL7R;ODAM;ITGB2;FLT1;INHBA;IGF1;CDKN2A;DYNAP;MUSK;FN1;TNFSF18;ADIPOQ;WEE2;IER3;CASS4;PIK3R5;TBX1;P2RY6;IL11;IL31RA;SRPX2;ACTN3;PLAUR;CSPG4;SLC4A1;DDR2;BMP4;NUPR1;IGFBP3;TNF;LTF;PLEK;CIB1;PPP1R17;PDGFRB;MYCNOS;RIPK3;OSM;ZC3H12A;LTA;LCP2;HSPB1;RARRES2;LHCGR;CEMIP;PTPRC;AVPR1B;PDGFB;PDK4"
"GOBP_REGULATION_OF_POLYSACCHARIDE_METABOLIC_PROCESS",0.92445152158528,1,0.255812536044758,0.721571851763138,5224,43,"IGF1;TGFB1;IGF2;GCGR;PDGFB;PPP1R3C;RUBCNL"
"GOBP_REGULATION_OF_POSTSYNAPSE_ASSEMBLY",0.59448275862069,1,-0.315117575769474,-0.91979276417648,2585,43,"HTR4;ASIC2;ARHGEF15;TRIM47;NRXN2;MAP1B;VPS35;CPEB3;CYFIP2;RTN4R;SIGMAR1;CARMIL3;CRMP1;CC2D1A;RAC3;DOCK4;RTN4;GNA13;RAC1;UBE3B;SLC12A5;PTPN1;PUM2;NECTIN3"
"GOBP_REGULATION_OF_POSTSYNAPSE_ORGANIZATION",0.558748075936378,1,-0.271755511995059,-0.95817625313247,2177,141,"HTR4;ASIC2;IL1RAPL1;GRIN2B;WNT7A;PLPPR4;FCGR2B;ARC;ARHGEF15;ITPKA;GRM5;PPFIA2;PAK3;ARHGAP22;ZDHHC15;GPRASP3;NGEF;TRIM47;CAMK2B;SHANK3;NRXN2;LRFN2;RELN;SRCIN1;NRCAM;MAP1B;KIF1A;NLGN1;STAU2;LRRC4B;CASKIN1;ABHD17C;VPS35;PRNP;CPEB3;MAPRE3;CYFIP2;LRP8;GRID1;CDK5R1;TANC2;CUX2;EPHA4;RTN4R;PRICKLE1"
"GOBP_REGULATION_OF_POSTSYNAPTIC_CYTOSOLIC_CALCIUM_ION_CONCENTRATION",0.314613911933631,1,-0.559067296438618,-1.14231452743381,1478,9,"ATP2B2;CALB1;GRM5;SLC8A3;GRM1;SLC8A2"
"GOBP_REGULATION_OF_POSTSYNAPTIC_DENSITY_ASSEMBLY",0.989023255813953,1,0.217050641555548,0.497942247404496,5315,16,"IL1RAP;PTPRD;PTK2B;LRRTM2;CBLN1;FGFR1;LRFN1;PTPRS;CRIPT;LATS1;GRID2;ABI3;LRFN4;PRICKLE1;CASKIN1;LRRC4B"
"GOBP_REGULATION_OF_POSTSYNAPTIC_DENSITY_ORGANIZATION",0.704761904761905,1,0.345373805030238,0.842159299242053,3847,21,"LILRB2;IL1RAP;PTPRD;PTK2B;CFL1;LRRTM2"
"GOBP_REGULATION_OF_POSTSYNAPTIC_MEMBRANE_NEUROTRANSMITTER_RECEPTOR_LEVELS",0.920642768850433,1,-0.233043870104261,-0.802814578756689,3723,117,"CALY;NPTX1;DLG2;ARC;OPHN1;ZDHHC2;SYT17;FRRS1L;GRIP2;TMEM108;NSG2;CACNG8;PRKN;SHROOM4;NSG1;CACNG2;EPS15;AP2B1;SUSD4;GPHN;LRRC7;CPLX1;VPS35;RABEP1;SNX27;OLFM1;LHFPL4;VWC2;AP2A1;CACNA2D2;RDX;GRID1;EPB41L3;DLG3;RAP2A;EFNB2;PPP3R1;USP46;NRG1;CACNG7;CACNG4;ATAD1;STX3;GRID2IP;ARHGAP44;VPS26B;IQSEC3;AP3M1;AP2A2;GPC4;HSP90AA1;C1QL3;PRKCI"
"GOBP_REGULATION_OF_POSTSYNAPTIC_MEMBRANE_ORGANIZATION",0.315982263350684,1,0.671155004395999,1.17294437383516,1638,5,"RAPSN;APOE"
"GOBP_REGULATION_OF_POSTSYNAPTIC_NEUROTRANSMITTER_RECEPTOR_INTERNALIZATION",0.952951620062139,1,-0.245213342529804,-0.652332282868819,4293,27,"ARC;OPHN1;SYT17;SUSD4;RABEP1;EFNB2;PPP3R1;USP46;NRG1;ATAD1"
"GOBP_REGULATION_OF_POSTSYNAPTIC_SPECIALIZATION_ASSEMBLY",0.997342781222321,1,-0.174485064164779,-0.433023576418059,4503,20,"ARHGEF9;LRRC4B;CASKIN1;GAP43;PRICKLE1;LRFN4;SPTBN2;ABI3;GRID2;LATS1;CRIPT;PTPRS;LRFN1;ABL1;FGFR1;CBLN1;LRRTM2;PTK2B;PTPRD;IL1RAP"
"GOBP_REGULATION_OF_POTASSIUM_ION_EXPORT_ACROSS_PLASMA_MEMBRANE",0.855072463768116,1,0.342798460133772,0.701433515915593,4542,10,"KCNE5;NPPA;WNK4"
"GOBP_REGULATION_OF_PRESYNAPSE_ORGANIZATION",0.192462987886945,1,-0.436639944454177,-1.20464608872767,857,32,"IL1RAPL2;CACNA2D3;IL1RAPL1;WNT7A;SLITRK2;SNCA;LRRTM3;LRFN5;LRFN3;NRXN1;CLSTN3;LRRC4B;VPS35"
"GOBP_REGULATION_OF_PRESYNAPTIC_CYTOSOLIC_CALCIUM_ION_CONCENTRATION",0.892184455509851,1,-0.295648300486748,-0.684971473072075,4120,15,"CACNB2;CALB1;P2RY1;ADORA1;CALB2;ERC2;SV2B;CACNB4"
"GOBP_REGULATION_OF_PRODUCTION_OF_MOLECULAR_MEDIATOR_OF_IMMUNE_RESPONSE",0.222943371734545,1,0.324987555939429,1.10910894117852,1373,153,"TLR3;IL33;IL18;CD40LG;IL21;KLK3;MZB1;CLEC7A;FFAR2;ZPBP2;TGFB1;TLR4;GATA3;CD96;TNF;TNFSF13;APOA1;CD226;TNFSF4;PTPRC;SPON2;HFE;FCER1G;SMAD7;B2M;HPX;BST2;BTLA;LAPTM5;HLA-E;APOA2;SLC15A4;TRPM4;TRAF2;F2RL1;TGFB2;CD37;CLCF1;HLA-A;ANGPT1"
"GOBP_REGULATION_OF_PROSTAGLANDIN_SECRETION",0.375117635987201,1,0.531959287689963,1.08849401873835,1992,10,"TNFSF11;EDN1;TNFRSF11A;PLA2G4A;P2RX7"
"GOBP_REGULATION_OF_PROSTATIC_BUD_FORMATION",0.532963883049876,1,0.537090897378155,0.977350027832634,2788,6,"SULF1;BMP4;BMP7"
"GOBP_REGULATION_OF_PROTEIN_LIPIDATION",0.815170336909467,1,0.358294849402834,0.733142196301012,4330,10,"HHATL;PIK3C3;ULK1;RABL3;ATG101;ATG13"
"GOBP_REGULATION_OF_PROTEIN_LOCALIZATION_TO_CENTROSOME",0.820272572402044,1,-0.335609300319833,-0.738027274277761,3851,12,"GSK3B;APC;UBXN2B;CEP250;PARD6A;RAB11A;NUP62;CEP72;MARK4;RAB11FIP3;NSFL1C;BICD1"
"GOBP_REGULATION_OF_PROTEIN_LOCALIZATION_TO_SYNAPSE",0.67602495543672,1,-0.321340383341973,-0.866201532462595,3033,29,"WNT7A;TMEM108;MAPT;CLSTN3;OLFM1;CACNA2D2;EPB41L3;ARHGAP44;VPS26B;GPC4;NETO1;NETO2"
"GOBP_REGULATION_OF_PROTEIN_METABOLIC_PROCESS",1,1,0.183294702352191,0.735920982928828,8078,1477,"CHI3L1;BANK1;KLHL40;TLR3;LTB;IL33;IL18;SERPINB13;AGT;IL21;TNFSF15;PADI6;TIFAB;IL7R;ODAM;SPINK7;ASB5;ITGB2;FLT1;LILRB2;INHBA;SYK;NGF;IGF1;MMP14;CDKN2A;PIWIL1;DYNAP;MUSK;FN1;TNFSF18;ADIPOQ;WT1;CSTA;EDN1;NNMT;ECSCR;IER3;NOS2;TGFB1;SEMG2;VIP;CASS4;UBQLN3;PIK3R5;SERPINE1;TBX1;PLAU;IL11;IL31RA;ZAR1L;KCNE2;CAV1;PLAUR;MUSTN1;CSPG4;DDR2;BMP4;TGFB1I1;NUPR1;CNDP1;IGFBP3;TNF;PLAT;LTF;HAMP;CIB1;PDGFRB;ITM2A;MYCNOS;TIMP3;DAB2;RIPK3;SLC2A10;OSM;ZC3H12A;ZFP36;LTA;F8A1;LCP2;HSPB1;RARRES2;CEMIP;PTPRC;PDGFB;NLRC4;NANOS2;CAV3;ITGB3;HFE;RHBDF1;NQO1;MAGOH;IGFBP5;LRRK2;IAPP;EPAS1;MYLIP;CTSZ;BIRC3;SEM1;FOXF2;PRR16;C8orf88;PRR5L;INCA1;GADD45A;SMAD7;CASP3;DHFRP1;HPX;C4BPA;CDKN1A;NPPA;GPC3;CSF1;RWDD3;UBE2C;CTSC;SAMD4A;HHATL;GPER1;SFRP2;DACT1;IL4R;KRT17;ITGAV;PLK2;COPS9;ZNF385A;LAPTM5;RPS27L;LIPG;MYH9;WNT1;SHMT1;AJUBA;VTN;BTG2;PFDN6;MEST;SH3RF2;THBS1;NEDD8;ATRAID;ANG;CNTF;HES1;HMG20B;NDUFA13;PSENEN;TNFRSF10A;HSPG2;FLT4;NEDD9;CDK5RAP3;SAMSN1;TPD52L1;ZFP36L2;EPHA7;PCSK5;CEACAM1;F2;RASSF1;CTF1;PFDN5;TRAF2;ADCYAP1;SPHK1;POLR2G;UCN;EIF4E2;SNX33;AURKAIP1;IFRD2;SERTAD1;EIF4EBP1;TYMS;NR1H3;FGF1;LIF;PKMYT1;NKD1;PSMA2;CDK1;TNFAIP3;RPS3;CIRBP;MELTF;BMP2;RPS7;EIF4EBP3;ANGPT1;DAP;EFNA1;RPL10;RHOBTB3;BRMS1;CDK2;P3H1;PTX3;TRAF4;FLNA;ATF4;APOE;EIF6;B3GNTL1;LYN;FAM83D;VGLL4;KLHL25;MAD2L1;PDCD6;UQCC2;RPL38;CASP8;SERPINF2;TARBP2;CNTN2;NDUFS4;METTL3;PIWIL3;RNFT1;PKD1;HNRNPD;BACE2;RASIP1;CEP63;CHEK2;FBLN1;PTK2B;SIRT7;FURIN;PABPC1L;RBM8A;SNF8;CSTB;RBX1;IL23A;DUS3L;NCSTN;MTG1;SNX1;UBE2B;TSPAN15;STOX1;CDC20B;CDC20"
"GOBP_REGULATION_OF_PROTEIN_SERINE_THREONINE_KINASE_ACTIVITY",0.998321302669129,1,0.197298090763899,0.650154336287767,5946,117,"AGT;FLT1;CDKN2A;ADIPOQ;PIK3R5;TNF;LTF;CIB1;PDGFRB;CEMIP;PDGFB;INCA1;GADD45A;NPPA"
"GOBP_REGULATION_OF_PROTEIN_TYROSINE_KINASE_ACTIVITY",0.986935341009743,1,-0.215748777183016,-0.535428677238441,4456,20,"CSF1R;ZFYVE28;SRCIN1;RAP2C;SOCS5;DOK7;PTK6;SOCS4;RAP2B;GPRC5A;SNX6"
"GOBP_REGULATION_OF_REACTIVE_OXYGEN_SPECIES_METABOLIC_PROCESS",0.844594594594595,1,0.25111361679255,0.841638007697678,5124,133,"AGT;ITGB2;CLEC7A;SYK;IER3;TGFB1;TLR4;HP;TNF;PDGFRB;RIPK3;BST1;ZC3H12A;HVCN1;PDGFB;CYBA;LRRK2;GADD45A;DHFRP1;CDKN1A;ROMO1;FAS;FBLN5;NDUFA4L2;TGFBR2;THBS1;BMP7;F2;AGTR1;F2RL1"
"GOBP_REGULATION_OF_RECEPTOR_CLUSTERING",0.980131243164419,1,0.230299727828716,0.557086166086286,5376,20,"TNFAIP6;LAMB1;LRP4;LAMA1;LAMC1;GSN"
"GOBP_REGULATION_OF_RECEPTOR_LOCALIZATION_TO_SYNAPSE",0.967023172905526,1,-0.234481759962021,-0.632066401680612,4339,29,"ZDHHC2;TMEM108;STX7;CPLX1;OLFM1;CACNA2D2;RDX;EPB41L3;ARHGAP44;VPS26B;GPC4"
"GOBP_REGULATION_OF_RELEASE_OF_CYTOCHROME_C_FROM_MITOCHONDRIA",0.797549280767182,1,0.28911452740827,0.804435494594484,4490,40,"IGF1;HGF;PLAUR;BMF;BAX;GPER1;BCL2L11;HRK;BBC3;TRIAP1;PMAIP1;PLSCR3;LMNA;GPX1"
"GOBP_REGULATION_OF_RELEASE_OF_SEQUESTERED_CALCIUM_ION_INTO_CYTOSOL",0.826086956521739,1,0.265853096446092,0.8144031823211,4787,71,"HRC;NGF;TGFB1;CASQ2;JPH2;P2RY6;CLIC2;CEMIP;ITGB3;CYBA;BAX;GPER1;APLNR"
"GOBP_REGULATION_OF_RELEASE_OF_SEQUESTERED_CALCIUM_ION_INTO_CYTOSOL_BY_SARCOPLASMIC_RETICULUM",0.209118650152576,1,0.440454288567291,1.18091334683898,1164,33,"HRC;CASQ2;JPH2;CLIC2"
"GOBP_REGULATION_OF_RESPIRATORY_BURST",0.943257045583507,1,0.289788753122353,0.604298434269553,4986,11,"CLEC7A;RPS19;GRN"
"GOBP_REGULATION_OF_RESPIRATORY_BURST_INVOLVED_IN_INFLAMMATORY_RESPONSE",0.721477202393233,1,-0.474599980392506,-0.799345795860953,3496,4,"NCF1"
"GOBP_REGULATION_OF_RESPIRATORY_SYSTEM_PROCESS",0.19148476334558,1,-0.526296026699966,-1.2420673080666,885,16,"GSX2;PHOX2B;GLRA1;NLGN3;ADORA1;FTO;MECP2;PBX3;CC2D1A;GLS"
"GOBP_REGULATION_OF_RESPONSE_TO_CYTOKINE_STIMULUS",0.733408143635781,1,0.259171711612124,0.898048897185185,4574,176,"STING1;NLRP6;DCST1;SYK;ADIPOQ;EDN1;TLR4;PPARG;CASP4;IL11;CAV1;STAP1;APOA1;IL1A;GFI1;PTPRC;CISH;TLR2;HPX;ANXA4;CSF1;LAPTM5;IL1RAP;IRF3;TRAF2;SPHK1;EIF4E2;F2RL1;NR1H3;TNFAIP3;TRAIP;ANGPT1;IKBKE;AXL;OAS3;TRIM41;TMC8;SMIM30;CASP8;METTL3;EXT1"
"GOBP_REGULATION_OF_RESPONSE_TO_OXIDATIVE_STRESS",0.558570782451379,1,-0.33478430557927,-0.933284454520857,2469,34,"GCH1;ALOX5;ADCYAP1R1;NCOA7;MCTP1;AIFM2;PRKN;CD36;FUT8;PINK1;SLC25A14;GGT7;NFE2L2;PNPLA8;USP25"
"GOBP_REGULATION_OF_RESPONSE_TO_TYPE_II_INTERFERON",0.628156803618545,1,0.413679597214895,0.88365606368778,3332,12,"PPARG;HPX;NR1H3;CDC37;NR1H2;PARP14"
"GOBP_REGULATION_OF_RYANODINE_SENSITIVE_CALCIUM_RELEASE_CHANNEL_ACTIVITY",0.736863966770509,1,-0.437472167190097,-0.777323353745615,3547,5,"CALM1;FKBP1B"
"GOBP_REGULATION_OF_SECONDARY_METABOLIC_PROCESS",0.484708916728077,1,0.412948304651174,0.985971443739217,2630,19,"ASIP;TYRP1;PMEL;OPN3;SLC24A5;POMC;WNT5A;GIPC1;MFSD12;MC1R"
"GOBP_REGULATION_OF_SHORT_TERM_NEURONAL_SYNAPTIC_PLASTICITY",0.303868597363302,1,-0.473852168627288,-1.11829893757481,1405,16,"SHISA8;SLC4A10;SYP;SYAP1;SYNGR1;SLC8A2;RAB3A;GRIK2"
"GOBP_REGULATION_OF_SKELETAL_MUSCLE_ACETYLCHOLINE_GATED_CHANNEL_CLUSTERING",0.726655348047538,1,0.401939773664452,0.802416251356212,3851,9,"LAMB1;LRP4;LAMA1;LAMC1;DAG1"
"GOBP_REGULATION_OF_SKELETAL_MUSCLE_CONTRACTION_BY_CALCIUM_ION_SIGNALING",0.628964941569282,1,-0.457637578811972,-0.880778753318868,3013,7,"PRKD1;CASQ1;DMD"
"GOBP_REGULATION_OF_SKELETAL_MUSCLE_CONTRACTION_BY_REGULATION_OF_RELEASE_OF_SEQUESTERED_CALCIUM_ION",0.654413291796469,1,-0.484694977365812,-0.86123130476991,3150,5,"CASQ1;DMD;GSTO1;GSTM2;FKBP1A"
"GOBP_REGULATION_OF_SMALL_MOLECULE_METABOLIC_PROCESS",0.643009442583003,1,0.258177975405547,0.945336881744149,4221,311,"APOA4;TWIST1;AGT;APOC3;UGT1A6;SNAI2;EDN2;IGF1;ADIPOQ;EDN1;NNMT;FMO2;IER3;PPARG;DKKL1;P2RY6;CAV1;ACTN3;AVPR1A;SLC4A1;IGF2;NUPR1;BMP5;ADM;IGFBP3;TNF;PLEK;APOA1;GFI1;DAB2;LHCGR;AVPR1B;PDK4;PTGS2;ACADL;IGFBP4;APOC1;KIF12;NR3C1;FMO1;GPER1;LDLRAP1;GNB3;P2RX7"
"GOBP_REGULATION_OF_SODIUM_ION_EXPORT_ACROSS_PLASMA_MEMBRANE",0.742375773085946,1,-0.378069913899366,-0.79195135271055,3480,10,"FXYD4"
"GOBP_REGULATION_OF_SODIUM_ION_IMPORT_ACROSS_PLASMA_MEMBRANE",0.531376518218624,1,-0.632633999137807,-1.00016998240367,2624,3,"STK39;NEDD4L;PCSK9"
"GOBP_REGULATION_OF_SPHINGOLIPID_BIOSYNTHETIC_PROCESS",0.648370176095916,1,0.39639663704196,0.865760639475224,3460,13,"CCN1;ORMDL3;SPHK1;ORMDL1;SIRT3;PAQR4"
"GOBP_REGULATION_OF_SPONTANEOUS_SYNAPTIC_TRANSMISSION",0.848186202558188,1,-0.369106025519984,-0.684409292154431,4044,6,"PRKN;STX1B"
"GOBP_REGULATION_OF_STEROID_METABOLIC_PROCESS",0.923946037099494,1,0.240562804285293,0.772333601850457,5478,98,"IGFBP7;AGT;SNAI2;DKKL1;BMP5;ADM;TNF;APOA1;GFI1;DAB2;LHCGR;ACADL;NR3C1;LDLRAP1;GNB3;SNAI1;AGTR1;FGF1;GPR146;BMP2;TTC39B;APOE;ACADVL;GGCX;NR5A1;BGLAP"
"GOBP_REGULATION_OF_STORE_OPERATED_CALCIUM_CHANNEL_ACTIVITY",0.882917466410749,1,0.347226214429434,0.652645525202896,4599,7,"CRACR2A;STIMATE;ASPH;STIM2;UBQLN1;STIM1;CASQ1"
"GOBP_REGULATION_OF_STORE_OPERATED_CALCIUM_ENTRY",0.687534831878135,1,0.369342277225326,0.835824402107881,3700,15,"SPINK1;STC2;SLC8B1;HOMER3"
"GOBP_REGULATION_OF_SULFUR_METABOLIC_PROCESS",0.983933161953727,1,-0.225166866133662,-0.515076259619564,4592,14,"SNCA;PDK3;PDK1;NFE2L2;PDP1;PGK1;PDK2;SLC7A11"
"GOBP_REGULATION_OF_SUPEROXIDE_METABOLIC_PROCESS",0.537677466326902,1,0.364446937356867,0.944265902562742,2953,28,"AGT;ITGB2;CLEC7A;SYK;TGFB1;BST1;CYBA;DHFRP1;FBLN5"
"GOBP_REGULATION_OF_SUPRAMOLECULAR_FIBER_ORGANIZATION",0.948991696322657,1,0.226300893040719,0.843006459228665,6399,376,"TMSB4Y;LMOD2;ESAM;SPTA1;GPR65;ARHGAP40;EDN1;CSF3;TRIM54;CCN2;CDC42EP1;RGCC;GMFG;PLEK;APOA1;CDH5;CDC42EP5;CIB1;NCKAP1L;SSH3;TMOD4;TRPV4;LMOD1;PREX1;CAV3;LIMA1;SYNPO2L;SCIN;DAAM2;TPM1;IAPP;ANKRD53;PHLDB2;KIRREL1;KANK2;GAS2L1;KANK4;AURKB;KANK3;ARHGAP28;ARHGAP6;CXCL12;BAIAP2L2;PFDN6;SDC4;PTGER4;ELN;HSPG2;HAUS8;DLC1;PFDN5;F2RL1;ALOX15;KANK1;PFN1;RPS3;MYLK3;RHOC;PLEKHH2;HAUS7;SORBS3;FLNA;HAUS4;APOE;CDC42EP2;HAUS1;SERPINF2;AVIL;HAUS5;BAIAP2L1"
"GOBP_REGULATION_OF_SYNAPSE_ASSEMBLY",0.263619452564443,1,-0.295510252507122,-1.07195639599144,991,179,"IL1RAPL2;HTR4;VSTM5;RAB17;CRTAC1;ASIC2;IL1RAPL1;BDNF;WNT7A;SEMA4A;LINGO2;PRKCA;OPCML;EPHB1;THBS2;NTRK2;ARHGEF15;LSAMP;SLITRK2;SNCA;LRRTM1;LRRTM3;LRRTM4;GPRASP3;NLGN4X;CBLN2;TRIM47;LRRN3;ICAM5;NRXN2;NEGR1;LRFN5;CCDC141;LIN7C;NLGN3;MAP1B;SLIT1;LRFN3;NRXN1;ADGRB3;FLRT3;NLGN1;CLSTN3;STAU2;ADGRB2;LRRC4B;CASKIN1;IGLON5;VPS35;SRGAP3;LHFPL4;CHRNB2;CPEB3"
"GOBP_REGULATION_OF_SYNAPSE_MATURATION",0.428349600709849,1,-0.376367029771002,-1.00880463107346,1930,28,"NRN1;NEFL;ARHGEF15;CAMK2B;NEURL1;RELN;NRXN1;CNTNAP1;ADGRB3;VPS35;SNX27;FGF22"
"GOBP_REGULATION_OF_SYNAPSE_PRUNING",0.885870590454631,1,0.331267597553193,0.661329187208825,4695,9,"C1QL1;KCNK13;ITGB1"
"GOBP_REGULATION_OF_SYNAPSE_STRUCTURE_OR_ACTIVITY",0.148596750369276,1,-0.289272936819223,-1.11144317368905,502,322,"IL1RAPL2;KLK8;HTR4;FRMPD4;VSTM5;RAB17;CACNA2D3;CRTAC1;ASIC2;IL1RAPL1;GRIN2B;BDNF;WNT7A;SEMA4A;LINGO2;PRKCA;NRN1;IL10RA;OPCML;EPHB1;SPARCL1;THBS2;NTRK2;NEFL;PLPPR4;FCGR2B;ARC;ARHGEF15;ITPKA;LSAMP;GRM5;PPFIA2;PAK3;SLITRK2;ARHGAP22;SNCA;ZDHHC15;LRRTM1;LRRTM3;SLC17A8;LRRTM4;GPRASP3;NLGN4X;PTPRO;CBLN2;NGEF;TRIM47;LRRN3;ICAM5;CAMK2B;SHANK3;NRXN2;LRFN2;NEGR1;NEURL1;LRFN5;CCDC141;LIN7C;NLGN3;GPM6A;RELN;CTNNA2;SRCIN1;SARM1;NRCAM;MAP1B;SLIT1;LRFN3;NRXN1;CNTNAP1;ETV5;KIF1A;PLXNC1;ADGRB3;FLRT3;NLGN1;CLSTN3;STX1B;STAU2;ADGRB2;LRRC4B;CASKIN1;ABHD17C;IGLON5;VPS35;PRNP;SRGAP3;SNX27;LHFPL4;CHRNB2;CPEB3;FGF22;SLC17A6;MAPRE3;NEDD4L;CYFIP2;LRP8"
"GOBP_REGULATION_OF_SYNAPTIC_ASSEMBLY_AT_NEUROMUSCULAR_JUNCTION",0.442687747035573,1,0.503300733774012,1.02985294366911,2351,10,"MUSK;COLQ"
"GOBP_REGULATION_OF_SYNAPTIC_TRANSMISSION_CHOLINERGIC",0.411626916524702,1,-0.473214091490448,-1.04062940377306,1932,12,"ADORA2A;TACR2;NALCN;ACHE"
"GOBP_REGULATION_OF_SYNAPTIC_TRANSMISSION_DOPAMINERGIC",0.709307178631052,1,-0.423446639464385,-0.814974163993957,3398,7,"SLC6A4;CHRNB2;PINK1"
"GOBP_REGULATION_OF_SYNAPTIC_VESICLE_CLUSTERING",0.7494233591948,1,-0.42031911562597,-0.779370393640381,3573,6,"PTEN;BRSK1;CDH2"
"GOBP_REGULATION_OF_SYNAPTIC_VESICLE_CYCLE",0.335786966875947,1,-0.472035472950404,-1.09363332282576,1550,15,"RAPGEF4;PRKAR1B;RAB3B;SYN1"
"GOBP_REGULATION_OF_SYNAPTIC_VESICLE_ENDOCYTOSIS",0.887844337560122,1,-0.279186414294743,-0.711275095098752,4060,22,"OPHN1;PRKN;NLGN1;ABCA13;MYLK;CALM3;PPP3CB;BTBD9;SYT11;PPP3CC;SYT7;RAC1;ACTB;AP2M1"
"GOBP_REGULATION_OF_SYNAPTIC_VESICLE_EXOCYTOSIS",0.168691588785047,1,-0.399324909121507,-1.19829774988541,721,50,"SV2C;WNT7A;SYT2;RIMS1;PPFIA2;SYN1;SYT1;SYT13;P2RY1;SLC4A8;SYT5;CASK;RAP1BL;PREPL;PRKCG;CSPG5;NLGN1;SEPTIN5;PPP3CA;RIMS2;RIMS3;SV2B;CACNB4"
"GOBP_REGULATION_OF_SYNAPTIC_VESICLE_MEMBRANE_ORGANIZATION",0.555041831792162,1,-0.370331159687197,-0.931457171712588,2520,21,"RPH3A;SYT9;SYT2;DOC2B;DOC2A;SYT1;SYT13;SYT5;ERC2;GRIK5;CPLX1;CPLX2"
"GOBP_REGULATION_OF_SYNAPTIC_VESICLE_PRIMING",0.27762460233298,1,-0.539322161693798,-1.16517711706133,1308,11,"SYP;NAPB;SYNGR3;STX1B;UNC13B;STXBP1;OSBPL2;BRSK1;STXBP5"
"GOBP_REGULATION_OF_SYNAPTIC_VESICLE_RECYCLING",0.651131824234354,1,-0.330073674871902,-0.878083189204591,2933,27,"OPHN1;SNCA;PRKN;NLGN1;STX1B;ABCA13;MYLK;CALM3;PPP3CB;BTBD9;SYT11;PPP3CC;SYT7;PLAA;RAC1;ACTB;GRIPAP1;AP2M1"
"GOBP_REGULATION_OF_SYNAPTIC_VESICLE_TRANSPORT",0.722533748701973,1,-0.445380434495333,-0.791375175381508,3478,5,"BORCS5;MAP2;PRKN"
"GOBP_REGULATION_OF_TETRAPYRROLE_METABOLIC_PROCESS",0.942886812045691,1,-0.30042394194151,-0.533808922280482,4539,5,"ABCB7;ABCB10;SRRD;SLC6A9;CLYBL"
"GOBP_REGULATION_OF_TRANSLATION_AT_SYNAPSE",0.933973128598848,1,0.30407444668008,0.571537570342726,4865,7,"EIF4A3;FXR2;CYFIP1;FXR1;EIF4E;FMR1;EEF2K"
"GOBP_REGULATION_OF_TRANSMISSION_OF_NERVE_IMPULSE",0.315812337098176,1,-0.463008246365956,-1.10733839743537,1453,17,"TRPA1;TNR;GRP;NALCN;ITGA2;FGF12;GLRA1"
"GOBP_REGULATION_OF_TRIGLYCERIDE_METABOLIC_PROCESS",0.808392857142857,1,0.291680874053866,0.798341357202572,4526,37,"APOA4;APOC3;PNPLA2;APOC1;GNB3;SIK1;NR1H3;APOE"
"GOBP_REGULATION_OF_TRNA_METABOLIC_PROCESS",0.939040703229505,1,0.300506592893328,0.546835048521398,4913,6,"METTL1;NSUN2;AKT1"
"GOBP_REGULATION_OF_TUMOR_NECROSIS_FACTOR_MEDIATED_SIGNALING_PATHWAY",0.973324094924649,1,0.227717079844018,0.688795729145294,5618,65,"SYK;ADIPOQ;CASP4;APOA1;ANXA4;LAPTM5;TRAF2;SPHK1;F2RL1;TNFAIP3;TRAIP;TMC8;CASP8;EXT1;H2BC11;CLDN18;MAPKAPK2;IKBKB;TNFRSF1A;PIAS4;GSTP1;CCDC3;NAIP;ULK1;GPS2;SPPL2B;MIB2;PPP2CB;SHARPIN"
"GOBP_REGULATION_OF_TYPE_2_IMMUNE_RESPONSE",0.220636663007684,1,0.471001884836068,1.19280058648158,1205,25,"IL33;IL18;ASCL2;ANXA1;GATA3;HLX;TNFSF4"
"GOBP_REGULATION_OF_TYPE_I_INTERFERON_MEDIATED_SIGNALING_PATHWAY",0.67246891651865,1,0.312903513090875,0.87482535776351,3785,41,"STING1;DCST1;IRF3;EIF4E2;IKBKE;OAS3;TRIM41;SMIM30;METTL3;TRIM6;CDC37;USP18"
"GOBP_REGULATION_OF_TYROSINE_PHOSPHORYLATION_OF_STAT_PROTEIN",0.279289082335872,1,0.431742222473564,1.12740157527649,1539,29,"IL18;IL21;IL7R;TNFSF18;IL31RA;OSM;IL4R;CNTF;HES1;CTF1"
"GOBP_REGULATION_OF_VITAMIN_METABOLIC_PROCESS",0.239766081871345,1,0.609802668049998,1.21738529755999,1270,9,"SNAI2;TNF;GFI1;SNAI1"
"GOBP_REGULATION_OF_VOLTAGE_GATED_CALCIUM_CHANNEL_ACTIVITY",0.982577744473586,1,0.229171370751233,0.500527839922109,5244,13,"STAC3;HPCA;GPR35"
"GOBP_REGULATION_PROTEIN_CATABOLIC_PROCESS_AT_SYNAPSE",0.555513090005733,1,0.526417556287469,0.957927635341955,2906,6,"RAB26;CBLB;USP5"
"GOBP_RELEASE_OF_CYTOCHROME_C_FROM_MITOCHONDRIA",0.999297382750747,1,0.176820881697959,0.518494805577344,5688,54,"IGF1;HGF;PLAUR;BMF;BAX;GPER1;BCL2L11;HRK;BBC3;TRIAP1;PMAIP1;PLSCR3;LMNA;SMAD3;GPX1;BOK;GGCT;PARL"
"GOBP_RELEASE_OF_SEQUESTERED_CALCIUM_ION_INTO_CYTOSOL_BY_ENDOPLASMIC_RETICULUM",0.444899412497775,1,0.365447880788934,1.00638729217875,2498,38,"HRC;RYR1;CASQ2;JPH2;CLIC2"
"GOBP_RESPIRATORY_BURST",0.38259919912632,1,0.404909232458462,1.0491019203407,2101,28,"CD52;CLEC7A;NCF1B;SLC11A1;CYBA;RPS19"
"GOBP_RESPIRATORY_BURST_INVOLVED_IN_DEFENSE_RESPONSE",0.930262316058861,1,-0.291954953887623,-0.611564454513547,4361,10,"NCF1"
"GOBP_RESPIRATORY_BURST_INVOLVED_IN_INFLAMMATORY_RESPONSE",0.70643740826169,1,-0.4389677943734,-0.813949425513848,3368,6,"NCF1"
"GOBP_RESPIRATORY_CHAIN_COMPLEX_III_ASSEMBLY",0.729658792650919,1,0.363101921664572,0.8057910979365,3891,14,"UQCC5;BCS1L;UQCC4;UQCC2;UQCC3;UQCRFS1;UQCC6;FXN;OCIAD2;UQCC1"
"GOBP_RESPIRATORY_GASEOUS_EXCHANGE_BY_RESPIRATORY_SYSTEM",0.996899758870134,1,0.197787657199673,0.612312470397997,5787,76,"CSF2RB;SFTPB;EDN1;TCF15;EDNRA;HNMT;NR4A2;ELN;FLT4;MAN2A1;COX5B;CFAP54;TRAF4;MAFB;MTG1;SFTPA2;NMB"
"GOBP_RESPIRATORY_SYSTEM_PROCESS",0.767107399675249,1,-0.280938175669366,-0.836493634491055,3306,48,"GSX2;HOXA5;ECEL1;PHOX2B;GLRA1;NLGN3;ADORA1;HIPK2;NEK10;DCAF11;JAG2;ODAD4;RAB3A;FTO;MECP2"
"GOBP_RESPONSE_TO_ATP",0.76123443421765,1,0.309153181490874,0.817726383419604,4217,31,"ABCC9;P2RX1;NT5E;P2RX7;TRPM4;P2RY4"
"GOBP_RESPONSE_TO_AXON_INJURY",0.85945573544609,1,0.258259041138552,0.799520221438902,4989,76,"APOA4;MAG;FOLR1;NTRK1;TNC;EPO;SPP1;DHFRP1;BAX;MMP2;JUN;CNTF;SCARF1;CDK1;LAMB2;LYN;KREMEN1;ARF4;RTN4RL1;GRN;CTNNA1;PTN"
"GOBP_RESPONSE_TO_CALCIUM_ION",0.649847870182556,1,-0.26341319687795,-0.924360183977048,2562,135,"CHP2;TRPM2;KCNMB2;RASAL1;KCNMB3;HCN1;CPNE6;MTTP;ADCY8;CASR;RASGRP2;CPNE4;CPNE9;P2RX5;ALLC;CPNE5;RYR3;ITPKA;SYT1;ITPR3;SLC25A23;SUCNR1;FGG;CPNE8;SCN5A;KCNB1;CAPN3;FOS;CPNE7;NRXN1;CACNG2;CRHBP;GUCA1A;NLGN1;PPP3CA;RYR2;INHBB;MICU3;TRPC3;PLCG2;PRKAA2"
"GOBP_RESPONSE_TO_HYDROSTATIC_PRESSURE",0.491305178673801,1,0.556361372326297,1.0124167163929,2570,6,"NTRK1;COL18A1;PKD2"
"GOBP_RESPONSE_TO_INTERFERON_ALPHA",0.858329689549628,1,-0.29800059983535,-0.732694502103026,3925,19,"MYC;OAS1;IFITM1;EIF2AK2;RO60;PDE12"
"GOBP_RESPONSE_TO_INTERFERON_BETA",0.661024599413225,1,-0.31615135000719,-0.877319789204321,2928,33,"PYDC5;HCN1;OAS1;CAMK2A;IFITM1;XAF1;SHFL"
"GOBP_RESPONSE_TO_IRON_II_ION",0.854767819606344,1,0.369204875413733,0.671846045097827,4472,6,"PDX1;BECN1"
"GOBP_RESPONSE_TO_IRON_ION",0.575988393180994,1,0.353778916736059,0.923817239237623,3175,29,"PDX1;HAMP;HFE;SLC6A3;B2M;CYBRD1;TFAP2A;TF;CCNB1;CPOX;ALAD;BECN1;CYP1A1"
"GOBP_RESPONSE_TO_ISCHEMIA",0.877180739706909,1,0.258148281391191,0.768988030495619,5027,59,"GPR31;CX3CR1;NPR3;CAV1;POPDC1;CIB1;CAV3;CSF1;P2RX7"
"GOBP_RESPONSE_TO_L_GLUTAMATE",0.796698523023458,1,-0.323826036322959,-0.774467856510466,3667,17,"HCN1;GRIA1;PRKN;KCNB1"
"GOBP_RESPONSE_TO_LIPID",0.193940202883075,1,0.274059940735435,1.07249985736497,1452,832,"KDM5D;CXCL6;CCL27;REN;CYP19A1;IL24;IRF8;APOA4;BPI;GBP5;OR51L1;IGFBP7;IL18;PTGIR;WNT6;UGT1A6;OR56B2;TIFAB;CX3CR1;SNAI2;HOXA9;LILRB2;INHBA;CSF2RB;SYK;WNT11;HAND2;COL1A1;IGF1;MSX2;FFAR2;WNT2;SLC34A1;DYNAP;ANXA1;ADIPOQ;OR51C1;EDN1;SLC11A1;LCN10;NOS2;TGFB1;ANKRD1;CD38;TLR4;CSF3;ID3;PPARG;SST;SERPINE1;OR51E2;TBX1;GATA2;P2RY6;TFPI;HOXB13;NEUROD1;SLC12A3;CAV1;GBP3;AVPR1A;TCF21;CCL2;TDO2;CXCL5;STAP1;GATA6;CD96;WNT3A;PDX1;TNF;LTF;LOX;STC2;IL1A;CD274;SMAD6;HEYL;GFI1;CD6;EPO;CXCL13;DAB2;IHH;TNFSF4;ETNPPL;ZC3H12A;ZFP36;LTA;SPP1;TNFRSF11A;LOXL1;PTPRC;AANAT;CAV3;SPON2;SOX10;PDK4;CLDN4;NFKBIZ;HSD17B2;NQO1;CYBA;TLR2;PCK2;PTGER1;TIE1;FABP1;MDK;HOXA11;WNT8B;CTSH;CASP3;B2M;IGFBP2;KANK2;FGF23;NR3C1;MMP2;NOS3;CFTR;FMO1;POU4F2;PMEPA1;OR51B5;FZD10;LTK;GPER1;NFKB2;HMGB2;CPS1;ABCB4;LCAT;NAGLU;JUN;MGST2;P2RX7;TGFBR2;ESR1;GPRIN3;BTG2;H2AZ1;MEST;SRR;OSR1;PTGER4;BCL2L11;LPL;MICB;THBS1;IRF3;HES1;NDUFA13;CDK4;CYP27B1;FOXA1;ABCA1;BMP7;ARPC1B;CDO1"
"GOBP_RESPONSE_TO_MITOCHONDRIAL_DEPOLARISATION",0.758838142556851,1,0.422987101641936,0.769714135131805,3970,6,"BECN1;GPS2;ATG13;AMBRA1;ATG14;SQSTM1"
"GOBP_RESPONSE_TO_NITROSATIVE_STRESS",0.974408189379399,1,-0.246469510223149,-0.51628509661069,4568,10,"DUSP6;DNAJA1;GCLC;GCLM;ATM;ATG5;PARK7;ADH5;DDIT3;STOX1"
"GOBP_RESPONSE_TO_OXIDATIVE_STRESS",1,1,0.182539490569875,0.683485864430823,6748,412,"APOA4;HBA1;ABCC9;COL1A1;MMP14;LPO;EDN1;CD38;GPX5;EDNRA;HP;HGF;AIF1;DDR2;MB;ANGPTL7;STC2;EPX;SOD3;RIPK3;ZC3H12A;NUDT1;NQO1;PTGS2;LRRK2;TPM1;EPAS1;GPR37L1;SEM1;HBB;PRR5L;FABP1;PLA2R1;CASP3;DHFRP1;ROMO1;NPPA;GPX7;WNT16;GATA5;MMP2;NOS3;FBLN5;VNN1;CCS;GPR37;SLC4A11;NAGLU;PDGFRA;GPX8;RBPMS;NR4A2;MICB;TPO;BMP7;SELENOP;SPHK1;UCN;BANF1;PSMA2;CDK1;CA3;TNFAIP3;RPS3;ALDH3B1;PRDX6;PRDX1"
"GOBP_RESPONSE_TO_PROSTAGLANDIN",0.621505376344086,1,0.333206930807822,0.898730862139455,3467,34,"IGFBP7;EDN1;P2RY6;TNFSF4;AANAT;PTGER1"
"GOBP_RESPONSE_TO_PROSTAGLANDIN_D",0.410591900311526,1,-0.612344614500251,-1.0880458348898,1976,5,"PTGFR;AKR1C2;AKR1C3;PTGDR2;ANKRD13C"
"GOBP_RESPONSE_TO_PROSTAGLANDIN_E",0.453099286889742,1,0.391522851331155,0.999525597084557,2477,26,"IGFBP7;P2RY6;TNFSF4;AANAT;PTGER1;PTGER4;P2RY4"
"GOBP_RESPONSE_TO_REDOX_STATE",0.571616047994001,1,0.416765043690522,0.924879605696963,3048,14,"ARHGDIB;VASN;SELENOS;ADH5"
"GOBP_RESPONSE_TO_SUCROSE",0.852570320077595,1,0.393786504088211,0.655189936091114,4394,4,"ADIPOQ"
"GOBP_RESPONSE_TO_TUMOR_NECROSIS_FACTOR",0.271720208893812,1,0.304319340072288,1.07424944163929,1716,207,"UBD;CHI3L1;DCSTAMP;PLVAP;SYK;COL1A1;TNFSF11;FABP4;TNFSF18;ADIPOQ;EDN1;ANKRD1;CASP4;GATA3;GBP3;CCL2;KRT8;KRT18;TNF;APOA1;CIB1;TNFRSF19;ZC3H12A;ZFP36;TNFRSF11A;CYBA;ADAMTS12;BIRC3;CASP3;TXNDC17;ANXA4;NPNT;FAS;CD58;GPER1"
"GOBP_RESPONSE_TO_TYPE_I_INTERFERON",0.940353460972018,1,-0.230096269860444,-0.785596319918976,3830,110,"OASL;OAS2;MX1;CR2;IFIH1;OAS1;CH25H;IFITM1;RBM47;IFIT1;SHFL;SAMHD1"
"GOBP_RESPONSE_TO_TYPE_II_INTERFERON",0.195331898692269,1,0.338740073238537,1.13309559635004,1179,131,"GBP4;UBD;IRF8;GBP5;IL12RB1;EDN1;SLC11A1;LCN10;NOS2;TLR4;PPARG;GBP3;AIF1;CCL2;TNF;MEFV;IFITM2;PSMB8;TLR2;IFITM3;PSMB9;HPX;BST2;CD58;RAB7B;AQP4;ATF3;CYP27B1;LGALS9;NR1H3;GPR146;PSMA2;ZYX;STXBP2;FLNB;CDC42EP2;IRF1"
"GOBP_RETINAL_BIPOLAR_NEURON_DIFFERENTIATION",0.497760716570697,1,-0.464104189874444,-0.972169240283779,2333,10,"GNAT2;NDP;IRX5;VSX2"
"GOBP_RETINAL_GANGLION_CELL_AXON_GUIDANCE",0.56221198156682,1,-0.360434022728253,-0.927604053877658,2561,23,"NDP;EPHB1;PTPRO;NRP1;NRCAM;SLIT1;SLIT2;SEMA4F;BMPR1B;ISL1;ALCAM"
"GOBP_RETINAL_METABOLIC_PROCESS",0.818080770655798,1,0.320282362601932,0.746504180454565,4415,17,"BCO1;ABCA4;ALDH1A3"
"GOBP_RETINOIC_ACID_METABOLIC_PROCESS",0.413465056714233,1,0.405557465205196,1.02706421762433,2259,25,"CYP3A4;ADH6;ADH1B;ALDH1A3;CRABP2;SCPEP1;CYP2W1;CYP26C1;CYP26B1"
"GOBP_RETINOL_METABOLIC_PROCESS",0.30451590230188,1,0.379128236759358,1.09088245982884,1732,48,"BCO1;AKR1B10;CYP3A4;ADH6;SDR9C7;ALDH1A1;ADH1B;AWAT2;ALDH1A3;ADH4;FABP1;PNPLA2"
"GOBP_RETROGRADE_NEURONAL_DENSE_CORE_VESICLE_TRANSPORT",0.419106957424714,1,-0.607841347927318,-1.08004419607066,2017,5,"KIF5A;KIF1A;KIF1B"
"GOBP_RETROGRADE_TRANS_SYNAPTIC_SIGNALING",0.519727020686714,1,-0.454998653379489,-0.95309567299047,2436,10,"GUCY1A1;TENM2;FARP1;SYT4;CNR1;FABP5;PLCB1;DAGLA"
"GOBP_RETROGRADE_TRANS_SYNAPTIC_SIGNALING_BY_LIPID",0.607476635514019,1,-0.509412948192858,-0.905151483976915,2924,5,"CNR1;FABP5;PLCB1;DAGLA;ABHD6"
"GOBP_RIBOFLAVIN_METABOLIC_PROCESS",0.232398753894081,1,-0.698886242156247,-1.24181751065205,1118,5,"SLC52A3;SLC52A1"
"GOBP_RIBONUCLEOSIDE_METABOLIC_PROCESS",0.887425938117182,1,-0.277323284716711,-0.713712321580247,4043,23,"XDH;UPP2;NT5C1A;UPP1;PNP"
"GOBP_RIBOSE_PHOSPHATE_METABOLIC_PROCESS",1,1,0.14734751102476,0.548201535562915,6713,372,"MYH4;ABCC9;SULT2B1;DPYS;SULT1B1;NPPB;IGF1;IER3;TGFB1;ENO3;GUCY2F;GIMAP7;ACTN3;MYH8;SLC4A1;NUPR1;ADCY4;MYH6;SULT1E1;ENPP3;ABCC6;NPR2;SULT1A4;LRRK2;SULT1A1;FABP1;ATP5ME;NPPA;NT5E;EPHA2;P2RX7;NT5C;NDUFA2;PAPSS2;NDUFA13;NDUFA1;NDUFB3;ABHD14B;ATP5MF;NDUFS6;NDUFB4;NDUFA3;NDUFB1;ATP5MC2;NDUFC1;NDUFB2;DPYD;EIF6;NME4;ADA;RNASEH2B;ATP5MC3;NDUFS4;NDUFA7;UQCC3;ATP5PF;ATP5MJ;MT-ND3;DDIT4;SDHC;NDUFB7;PFKFB3;SDHD;NDUFB5;APRT;NDUFV2;NDUFB9;UCKL1;NDUFA8;NDUFB6;NUDT5;ATP5MG;NDUFS5;TAFAZZIN;SIRT6;TMSB4X;ATP5MK;NDUFAB1"
"GOBP_RISC_COMPLEX_ASSEMBLY",0.947536788227767,1,-0.27542334916872,-0.576935339002663,4442,10,"DICER1;AGO3;AGO2;AGO1;ADAR;PRKRA;DHX9"
"GOBP_RNA_IMPORT_INTO_MITOCHONDRION",0.916585838991271,1,0.345356565475121,0.57461122642132,4724,4,"MRPL18;TST;PNPT1"
"GOBP_ROSTROCAUDAL_NEURAL_TUBE_PATTERNING",0.917921527041357,1,-0.290937126940762,-0.628554335223866,4327,11,"SOX17"
"GOBP_RRNA_METABOLIC_PROCESS",0.69499078057775,1,0.255635875052058,0.929371749545422,4522,286,"CDKN2A;CAVIN1;PWP2;SLFN12;RPS21;SLFN13;RPS27;LSM6;RPS25;RRP7BP;RPL35A;RPS19;TRMT112;POLR1H;POLR2L;RPL27;RPS14;ANG;RPL35;ISG20;POP5;PIN4;RPS17;POP7;GTF2H5;RPS7;RPS24;GAR1;EIF6;NPM3;TRIR;POLR2F;NOP10;RPS28;RPS16;RRP9;SIRT7;ZNHIT3;RPL7A;WDR12;MPHOSPH6;RPL14;RRS1;RPS6;POLR2H;SLX9;NOP56;EXOSC7;EXOSC1;NGDN;BRIX1;RPP30;KRI1;EIF4A3;ABT1;EXOSC5;RPS8;RPS15;DEDD2;RPP38;MRM1;PNO1;RPL26;YBEY;SENP3;RBFA;ERI1;DCAF13;EXOSC4;GTF3C2;GTF3C5;COPRS;NAF1;EXOSC9;RPF2;POLR2K;METTL5;PELP1;DDX55;NHP2;FSAF1;RPF1;TSR3;MRM2;NSA2;WDR18;RPL11;GTF3C6;DDX51;EXOSC10;WDR46;SMARCB1;RBM34;LYAR;RRP8;UTP11;NSUN4;BUD23;RPL5;RCL1;EXOSC8;RPUSD2;SNU13;MARS1;FTSJ3;DDX47;MRM3;PIH1D1;WDR74;UTP6;FRG1;IMP3"
"GOBP_S_ADENOSYLMETHIONINE_METABOLIC_PROCESS",0.200212089077413,1,-0.576576156895857,-1.2456624110315,943,11,"BHMT;MAT1A"
"GOBP_SECONDARY_METABOLIC_PROCESS",0.909491761429566,1,-0.248427599551186,-0.75814634701546,3918,54,"ACMSD;TYR;AKR1C4;CYP1B1;CYP2A6;DCT"
"GOBP_SEQUESTERING_OF_CALCIUM_ION",0.360724925521351,1,-0.299847258880606,-1.03523754333501,1452,119,"NPSR1;CXCL10;LCK;FASLG;BDKRB1;TRPM2;HTR2A;DRD1;GP5;CD19;PLCB2;HTR2C;NOL3;RYR3;PDE4D;SNCA;CCR7;ITPR3;HTR2B;SLC25A23;THY1;UBASH3B;CX3CL1;JPH4;FGF2;JPH3;AKAP6;CAPN3;GP1BB;PLCH1;PRKD1;PLCE1;RYR2;PLCL1;SLC8A1"
"GOBP_SERINE_FAMILY_AMINO_ACID_BIOSYNTHETIC_PROCESS",0.986501687289089,1,0.223719676549865,0.496475818609537,5261,14,"SHMT1;SHMT2;PSAT1;PHGDH;PSPH;AGXT;SEPSECS;GGT1;SEPHS2;SEPHS1;CBS;CTH;RIDA"
"GOBP_SERINE_TRANSPORT",0.888256497818251,1,0.333170428341394,0.646831467839913,4681,8,"SLC38A5;SLC1A5"
"GOBP_SEROTONERGIC_NEURON_AXON_GUIDANCE",0.697819314641745,1,-0.459515777209705,-0.816491589245397,3359,5,"PCDHAC2;FZD3;VANGL2"
"GOBP_SEROTONIN_METABOLIC_PROCESS",0.613162467419635,1,-0.37177526884191,-0.889144056583638,2822,17,"TH;MAOB;MAOA;TPH1;GRIN2A;PDE1B;ATP7A;DDC;RNF180"
"GOBP_SHORT_CHAIN_FATTY_ACID_METABOLIC_PROCESS",0.833946741718987,1,-0.317204485276799,-0.734913825607658,3851,15,"CES1;ACSS2;ACOT4;ACSS1"
"GOBP_SHORT_TERM_SYNAPTIC_POTENTIATION",0.987331256490135,1,-0.245347416828339,-0.435946081111387,4753,5,"ELOVL4;SYT7;PRRT2;NOG;NCSTN"
"GOBP_SKELETAL_MUSCLE_ACETYLCHOLINE_GATED_CHANNEL_CLUSTERING",0.143015931826602,1,0.557616735879057,1.29967576435829,771,17,"RAPSN;MUSK;LAMB1;COLQ;LRP4;LAMA1;LAMC1;RER1"
"GOBP_SMALL_MOLECULE_METABOLIC_PROCESS",1,1,0.168437211452858,0.678756095740075,8189,1640,"CPA1;GGT5;CYP19A1;GGTLC3;CYP2C9;G6PC1;MYH4;APOA4;GSTM1;PRODH2;SLC16A12;BCO1;ABCC9;SLC17A3;TWIST1;AGT;APOC3;GHRL;ACOT12;SULT2B1;DPYS;UGT1A6;SULT1B1;HAAO;ACSM4;SLC22A11;SNAI2;EDN2;IP6K3;INHBA;LGSN;NPPB;SYK;PLA2G5;ACSM5;ALOX5AP;IGF1;LPO;AKR1B10;SLC34A1;ADIPOQ;EDN1;NNMT;FOLR1;FMO2;VNN2;CMAHP;IER3;NOS2;TGFB1;ENO3;CD38;PPARG;GUCY2F;CYP3A4;ADH6;ACSM3;DKKL1;SDR9C7;CYP21A2;MME;P2RY6;AKR1D1;CAV1;GIMAP7;ACTN3;AVPR1A;TDO2;MYH8;ALDH1A1;ELOVL3;SLC4A1;IGF2;NUPR1;BMP5;MIOX;ADCY4;SLC25A2;ADM;PDX1;ACSM1;TYRP1;IGFBP3;TNF;ASPDH;PLEK;GLYATL1;APOA1;PON1;SLC38A8;SLC2A9;GFI1;ADH1B;TTR;ART4;AWAT2;DAB2;MYH6;SULT1E1;OTOG;TFAP2B;SLC27A6;LHCGR;AVPR1B;NLRC4;ENPP3;ALDH1A3;ABCC6;LIMA1;PDK4;NUDT1;HFE;NOX4;NPR2;HSD17B14;PTGS2;SULT1A4;PCK2;ACSF2;ACADL;LRRK2;ADH4;PLOD2;HPD;HNMT;IGFBP4;SULT1A1;SPTLC3;ACOT11;FABP1;CYP4F2;AMDHD1;FBN2;ATP5ME;DHFRP1;HOGA1;SLC23A1;LHB;GATM;PNPLA2;APOC1;NPPA;KIF12;NT5E;BDH2;FGF23;FBN1;NR3C1;NOS3;CFTR;FMO1;DECR1;CRABP2"
"GOBP_SNO_S_RNA_METABOLIC_PROCESS",0.921411560943927,1,-0.282202415181139,-0.653819432456999,4255,15,"FBLL1;TENT4B;EXOSC6;ZCCHC7;PARN;NUDT16;LARP7;EXOSC3;EXOSC2;DKC1;FBL;NUDT16L1;EXOSC10;EXOSC4;EXOSC5"
"GOBP_SNRNA_METABOLIC_PROCESS",0.996501049685094,1,0.195243852505956,0.579830198195934,5695,58,"INTS2;CDK7;NOP10;EXOSC7;TUT1;SNAPC1;EXOSC5;USB1;ZCCHC8;EXOSC4;SNAPC5;EXOSC9;TOE1;INTS14;NHP2;EXOSC10;INTS9;SNAPC2;EXOSC8;INTS11;USPL1;INTS12;DKC1;EXOSC2;INTS8;MEPCE;SNAPC4;EXOSC3;INTS6L;INTS15;RPAP2;PPP2CA;LARP7;INTS6;METTL4;INTS5;ZC3H8;POLR3B;ICE2;ELL;ICE1;ZCCHC7;METTL16;SNAPC3;INTS10;ELL2;INTS3;EXOSC6;INTS1;INTS4;PPP2R1A;CC2D1A;INTS7;INTS13;FTO;RBM7;MTREX"
"GOBP_SODIUM_ION_EXPORT_ACROSS_PLASMA_MEMBRANE",0.685562444641275,1,-0.340597905311704,-0.845269615394075,3095,20,"FXYD4;ATP12A;ATP4A"
"GOBP_SOMATIC_DIVERSIFICATION_OF_IMMUNE_RECEPTORS",0.915660572611245,1,0.246882599622659,0.765146051161769,5308,77,"CD40LG;TGFB1;TNFSF13;TNFSF4;PTPRC;NFKBIZ;HMGB2;SLC15A4;CLCF1;CTNNBL1;SHLD1;SHLD3;KMT5C;HMGB1"
"GOBP_SOMATIC_MOTOR_NEURON_DIFFERENTIATION",0.210141903171953,1,-0.651608875559714,-1.25409992456673,1006,7,"SHH;PHOX2A;CLN8;LHX4"
"GOBP_SPERM_AXONEME_ASSEMBLY",0.837371018393899,1,-0.279786005662504,-0.771901704557501,3732,32,"DNAH3;MNS1;PLA2G3;DNAH1"
"GOBP_SPERM_MITOCHONDRIAL_SHEATH_ASSEMBLY",0.658423166349609,1,-0.431440658159918,-0.856576073918142,3114,8,"ARMC12;CFAP61;KLC3;CFAP65"
"GOBP_SPERM_MITOCHONDRION_ORGANIZATION",0.845004849660524,1,0.401458168120101,0.667954205599041,4355,4,"NECTIN2;VPS13A"
"GOBP_SPERMIDINE_METABOLIC_PROCESS",0.656643207506931,1,-0.408506741175391,-0.85570804333122,3078,10,"SATL1"
"GOBP_SPERMINE_METABOLIC_PROCESS",0.96661101836394,1,-0.26153348663409,-0.503352759855754,4631,7,"SMS;SRM;PAOX;SMOX;ODC1;AMD1;SAT2"
"GOBP_SPHINGOID_METABOLIC_PROCESS",0.998463901689708,1,-0.17267162817703,-0.444383416066769,4549,23,"NAAA;SGPP2;PLPP2;ACER3;ABCA2;PLPP1;SPTLC2;DEGS2"
"GOBP_SPHINGOLIPID_BIOSYNTHETIC_PROCESS",0.907188577055638,1,-0.237205512861354,-0.81160834297293,3684,112,"CYP4F22;ALOX12B;FA2H;FUT1;ST8SIA6;MFSD2B;FUT9;ALOXE3;ABCG2;UGT8;ELOVL7;ST8SIA4;PNPLA1;FUT6;PRKCD;ST8SIA3;CERS1;FUT2;PRKD1;ELOVL4;A4GALT;ELOVL6"
"GOBP_SPHINGOLIPID_MEDIATED_SIGNALING_PATHWAY",0.636514369933677,1,0.369974555965273,0.883365648879456,3454,19,"KLF14;S1PR5;SPHK1"
"GOBP_SPHINGOLIPID_METABOLIC_PROCESS",0.999473545669913,1,-0.195022463666981,-0.700677371927659,3796,164,"CYP4F22;ALOX12B;FA2H;NEU4;FUT1;ST8SIA6;MFSD2B;FUT3;FUT9;GBA3;ALOXE3;ABCG2;UGT8;ELOVL7;ST8SIA4;NAAA;PNPLA1;ITGB8;SMPDL3B;FUT6;SGPP2;SMPD3;PRKCD;B3GALT1"
"GOBP_SPHINGOLIPID_TRANSLOCATION",0.580875265085791,1,0.536135883448371,0.93697814064256,3012,5,"ABCB4;ABCA1;ABCB1"
"GOBP_SPHINGOMYELIN_METABOLIC_PROCESS",0.765115426896299,1,0.334046379089698,0.790247828506598,4175,18,"SGMS2;ABCA8"
"GOBP_SPINAL_CORD_ASSOCIATION_NEURON_DIFFERENTIATION",0.677744425385935,1,-0.377747200569407,-0.846416644142481,3160,13,"ASCL1;GSX1;GSX2"
"GOBP_SPINAL_CORD_MOTOR_NEURON_CELL_FATE_SPECIFICATION",0.250671785028791,1,0.645912938735513,1.21405634603103,1305,7,"HOXC10;OLIG3;ISL2"
"GOBP_SPINAL_CORD_MOTOR_NEURON_DIFFERENTIATION",0.604797130688187,1,-0.333746636596298,-0.906170247571575,2697,30,"MDGA2;PTCH1;SHH;PHOX2A;LONRF2;TBX20;LBX1;DYNC2H1;ISL1;CLN8;LHX4;ZC4H2;GLI3;NFE2L1;GIGYF2"
"GOBP_SPINAL_CORD_OLIGODENDROCYTE_CELL_DIFFERENTIATION",0.220560747663551,1,-0.704885535253815,-1.2524773673937,1061,5,"ASCL1;SOX6"
"GOBP_SPROUTING_OF_INJURED_AXON",0.270197300103842,1,-0.679492956360625,-1.20735850940489,1300,5,"TNR;KIAA0319"
"GOBP_STEROID_METABOLIC_PROCESS",0.770696752553743,1,0.247653317906686,0.904664858524149,5054,301,"CYP19A1;CYP2C9;G6PC1;APOA4;IGFBP7;AGT;UGT2B7;SULT2B1;UGT1A6;SNAI2;INHBA;CYP3A4;DKKL1;SDR9C7;CYP21A2;AKR1D1;UGT2B11;BMP5;ADM;TNF;APOA1;PON1;GFI1;DAB2;SULT1E1;SPP1;LHCGR;LIMA1;HSD17B2;HSD17B14;SULT1A4;ACADL;SULT1A1;NR1I2;FABP1;LHB;APOC1;FGF23;NR3C1;CFTR;APOBR;LDLRAP1;GNB3;LCAT;PDGFRA;ESR1;HINT2;SNAI1;ACOX2;AFP;APOA2;CYP27B1;ABCA1;NPC2;TSKU;AGTR1;SCARF1"
"GOBP_STEROL_METABOLIC_PROCESS",0.634446967239702,1,0.273040530149881,0.930980948722784,3911,151,"CYP19A1;CYP2C9;APOA4;AGT;SULT2B1;UGT1A6;CYP3A4;CYP21A2;AKR1D1;APOA1;PON1;LIMA1;ACADL;FABP1;APOC1;CFTR;APOBR;LDLRAP1;GNB3;LCAT;APOA2;ABCA1;NPC2;TSKU;AGTR1;SCARF1;FGF1;GPR146"
"GOBP_STORE_OPERATED_CALCIUM_ENTRY",0.308666911494675,1,0.443120590452306,1.1124783222002,1680,24,"SRL;SPINK1;STC2;SLC8B1;CRACR2B;HOMER3"
"GOBP_SUCCINATE_METABOLIC_PROCESS",0.199792315680166,1,-0.716146856168657,-1.27248706949053,961,5,"GAD2;ALDH5A1;GAD1"
"GOBP_SUCCINYL_COA_METABOLIC_PROCESS",0.992881228924691,1,0.200063028107198,0.436952988405658,5299,13,"NUDT7;NUDT8;MCEE;SUCLG2"
"GOBP_SULFUR_AMINO_ACID_BIOSYNTHETIC_PROCESS",0.641020099416469,1,-0.369587653210375,-0.872232960594557,2965,16,"BHMT;MRI1;ENSG00000274276;MTHFD2L;MTHFD1;CTH"
"GOBP_SULFUR_AMINO_ACID_CATABOLIC_PROCESS",0.994676320272572,1,-0.196427152484937,-0.431956432090667,4670,12,"MAT1A"
"GOBP_SULFUR_AMINO_ACID_METABOLIC_PROCESS",0.999547715965626,1,-0.164162202033653,-0.460310002275224,4419,35,"BHMT;MAT1A;MRI1;ENSG00000274276;SMS"
"GOBP_SULFUR_AMINO_ACID_TRANSPORT",0.959348070438366,1,0.264087832185313,0.576788068073795,5120,13,"SLC7A9;SLC3A2;MFSD12;SLC22A4;SLC43A2"
"GOBP_SULFUR_COMPOUND_BIOSYNTHETIC_PROCESS",0.930564895763282,1,0.238885962597242,0.7839965838939,5534,114,"GGT5;GGTLC3;GSTM1"
"GOBP_SULFUR_COMPOUND_CATABOLIC_PROCESS",0.304254173397954,1,0.411495578967724,1.10327140405168,1694,33,"GGT5;GGTLC3;FMO1;VNN1;NUDT7;CDO1;NUDT8;DPEP1;SUCLG2;CSAD;CHAC2"
"GOBP_SULFUR_COMPOUND_METABOLIC_PROCESS",0.756933624181988,1,0.25074653417385,0.904188370386843,4857,262,"GGT5;GGTLC3;GSTM1;ACOT12;SULT2B1;SULT1B1;ACSM4;GSTM5;ACSM5;LPO;ACSM3;SULT1C2;TDO2;NAT8;ELOVL3;ACSM1;SULT1E1;PDK4;NOX4;SULT1A4;ACSF2;SULT1A1;ACOT11;FABP1;OPLAH;SQOR;FMO1;VNN1;CPS1;MGST2"
"GOBP_SULFUR_COMPOUND_TRANSPORT",0.7940411444786,1,-0.265373807285664,-0.835798843453225,3357,65,"SLC26A8;SLC26A3;SLC25A47;SLC6A11;SLC19A3;ABCG2;SLC35F3;SLC6A13;ABCC4;SLC47A1;SLC1A1;SLC1A4;ABCC2;SLC36A1;SLC6A6;SLC26A1"
"GOBP_SUPEROXIDE_METABOLIC_PROCESS",0.143620689655172,1,0.399380886543735,1.2170668785462,832,68,"APOA4;AGT;ITGB2;CLEC7A;SYK;EDN1;NCF1B;NOS2;TGFB1;MB;SOD3;BST1;PREX1;NOX4;NQO1;CYBA;DHFRP1;NOS3;FBLN5;CCS;NAGLU;IMMP2L"
"GOBP_SUPRAMOLECULAR_FIBER_ORGANIZATION",0.581650630166689,1,0.249114471656703,0.971936232330513,4291,775,"TMSB4Y;MYPN;MYBPC3;ACTC1;GHRL;LMOD2;ESAM;SPTA1;GPR65;ARHGAP40;COL3A1;NKX2-5;MYBPH;TNNT2;XIRP1;ERMN;CDKN2A;KRT33B;EDN1;MYL9;TPM2;MFAP4;EMILIN1;ANKRD1;CSF3;RHOD;TRIM54;MYOZ2;CCN2;COL5A1;CCDC88B;AIF1;RHOH;TNFAIP6;NAT8;CNN1;KRT6B;KRT8;CDC42EP1;FLNC;RGCC;GMFG;PLEK;LOX;APOA1;CDH5;CDC42EP5;CIB1;NCKAP1L;PDGFRB;MYO7B;KRT31;RIPK3;MYH6;RHOJ;SSH3;TMOD4;KRT80;TRPV4;LMOD1;MYBPC1;PREX1;CALD1;CAV3;LIMA1;FSCN3;TAGLN2;LTBP2;SYNPO2L;SCIN;PDLIM3;DAAM2;EFEMP2;TPM1;IAPP;ANKRD53;PHLDB2;MYO1A;CSRP1;KIRREL1;KRT19;B2M;KIF19;BAX;KANK2;MFAP5;CSRP3;GAS2L1;CSRP2;KANK4;FBLN5;AURKB;KRT17;TLN1;DES;KANK3;ARHGAP28;ARHGAP6;KRT10;LIMS2;CXCL12;PDGFRA;ACTN1;LIMD2;FHDC1;BAIAP2L2;PFDN6;CLRN1;SDC4;TMSB15A;CNN2;PTGER4;ANG;KASH5;ELN;HSPG2;NEDD9;ARPC1B;HAUS8;ADPRHL1;SERF1A;TPM4;DLC1;PFDN5;KRT12;ELMO3;PARVA;F2RL1;DSP;ALOX15;KANK1;LDB3;TTN;ZYX;PFN1;RPS3;MYLK3;RHOC;PLEKHH2;HAUS7;WIPF1;ILK;KRT23;CCDC57;SORBS3;FLNA;HAUS4;APOE;MICALL2;CDC42EP2;HAUS1;EMP2;ITGB1;RHOG;BCAR1;SERPINF2;AVIL;HAUS5;BAIAP2L1;MICAL1"
"GOBP_SYMPATHETIC_NEURON_PROJECTION_EXTENSION",0.961016625262756,1,0.274275594818545,0.499102221873962,5028,6,"SEMA3F;S100B;SEMA3A;NRP2"
"GOBP_SYNAPSE_MATURATION",0.586896551724138,1,-0.316644388006728,-0.924249357385075,2552,43,"SYBU;NRN1;NEFL;ARHGEF15;CAMK2B;IGSF21;NEURL1;RELN;NRXN1;CNTNAP1;ADGRB3;BCAN;SHANK1;VPS35;SNX27;FGF22;SEZ6;PTEN;NFIA;CHRDL1;LNX1;SEMA7A;PALM;AGO2"
"GOBP_SYNAPSE_PRUNING",0.468932669408963,1,-0.426437669547626,-0.987990251263267,2165,15,"C3;ITGAM;C1QA;NGEF;CX3CL1;SARM1;PLXNC1;ADGRB3"
"GOBP_SYNAPTIC_ASSEMBLY_AT_NEUROMUSCULAR_JUNCTION",0.598883720930233,1,0.393677643646836,0.903147437047515,3218,16,"MUSK;COLQ;LRP4;DAG1;SIX4;KCNJ8"
"GOBP_SYNAPTIC_MEMBRANE_ADHESION",0.541274113952445,1,-0.340856572921458,-0.940389312984722,2412,32,"IL1RAPL1;SPARCL1;CDH10;SLITRK2;LRRC4C;LRFN5;LRFN3;FLRT3;LRRC4B;LRRC4;NTNG1;SLITRK1;GPC4;ELFN2;PTPRF;SLITRK3;EFNA5;LRFN4"
"GOBP_SYNAPTIC_SIGNALING_VIA_NEUROPEPTIDE",0.889266176193171,1,0.329025694867687,0.656853543675446,4713,9,"NPY;NPPA"
"GOBP_SYNAPTIC_TRANSMISSION_CHOLINERGIC",0.587275985663082,1,0.338744444306655,0.917373196213026,3276,35,"CHRNG;RAPSN;CHRNA1;CHRND;CHRNB3;NQO1"
"GOBP_SYNAPTIC_TRANSMISSION_GLYCINERGIC",0.23343717549325,1,-0.698545940658164,-1.24121284520905,1123,5,"SLC7A10;GLRA1;SLC6A5;GLRB"
"GOBP_SYNAPTIC_VESICLE_BUDDING",0.177597955706985,1,-0.577187931014905,-1.2692748236327,833,12,"MX1;BTBD8;DNM3"
"GOBP_SYNAPTIC_VESICLE_CLUSTERING",0.243049522154648,1,-0.49155500855715,-1.17561131945106,1118,17,"SYN2;SYN3;SYN1;NRXN1;NLGN1;PTEN;RAB3A;BSN;PCLO;CTNNB1"
"GOBP_SYNAPTIC_VESICLE_COATING",0.795430944963655,1,-0.406337572752748,-0.722001783184915,3829,5,"AP3B2;AP3S2;AP3D1;AP3M2;AP3S1"
"GOBP_SYNAPTIC_VESICLE_CYTOSKELETAL_TRANSPORT",0.985789243550503,1,-0.217279052840565,-0.534224318764441,4508,19,"BORCS5;MAP2;TRIM46;BLOC1S3;KIF1B;AP3M1;AP3B2;AP3S2;AP3D1"
"GOBP_SYNAPTIC_VESICLE_DOCKING",0.347043701799486,1,-0.476474293833387,-1.08994987267305,1619,14,"UNC13C;RIMS1;SNAP25;UNC13A;RIMS2;STX1B;RIMS3"
"GOBP_SYNAPTIC_VESICLE_ENDOSOMAL_PROCESSING",0.379919166134865,1,-0.530283336656076,-1.0835016875018,1785,9,"BTBD8;ITSN2;EEA1;AP3D1;GRIPAP1;ITSN1;STX6;RAB11A"
"GOBP_SYNAPTIC_VESICLE_EXOCYTOSIS",0.207007155193684,1,-0.332406471901188,-1.12624530056939,838,105,"CADPS2;SV2C;RPH3A;WNT7A;SYT9;SYT2;UNC13C;DOC2B;RIMS1;PPFIA2;DOC2A;SYN1;SNCA;SYT1;SYT13;P2RY1;SLC4A8;SYT5;CASK;SNAP25;RAP1BL;UNC13A;PREPL;SYP;PRKCG;NAPB;CSPG5;NLGN1;ERC2;SEPTIN5;PPP3CA;SYNGR3;GRIK5;RIMS2;STX1B;SV2A;CPLX1;RIMS3;SV2B;CPLX2;SYNJ1;CACNB4"
"GOBP_SYNAPTIC_VESICLE_LOCALIZATION",0.173831336622034,1,-0.377225695395117,-1.17697016588611,739,62,"MX1;SYN2;SYN3;SYN1;SNCA;BTBD8;DNM3;BORCS5;MAP2;KIF5A;PRKN;LIN7C;NRXN1;NLGN1;TRIM46;SYNJ1;BLOC1S3;PTEN;PINK1;SPG11;RAB3A;KIF1B;KIF5C;BSN;MX2;PCLO;AP3M1;AP3B2;CTNNB1;LIN7B;PDZD11;AP3S2;AP3D1;LIN7A"
"GOBP_SYNAPTIC_VESICLE_LUMEN_ACIDIFICATION",0.344265855777585,1,-0.452461110918686,-1.08211368890073,1584,17,"ATP6V0A4;ATP6V1C1;ATP6V1A;CLCN3;ATP6V0D1;ATP6AP2;ATP6V0A1;ATP6AP1;ATP6V1B2"
"GOBP_SYNAPTIC_VESICLE_MATURATION",0.197220383851754,1,-0.456572931219576,-1.20719743729278,893,26,"ZDHHC2;ZDHHC15;ATP6V0A4;ATP6V1C1;ATP6V1A;SYP;CLCN3;RAB3A;ATP6V0D1;ATP6AP2;ATP6V0A1;STXBP1;ATP6AP1;ATP6V1B2"
"GOBP_SYNAPTIC_VESICLE_MEMBRANE_ORGANIZATION",0.668786915038619,1,-0.30957155282813,-0.877603330058694,2943,37,"RPH3A;SYT9;SYT2;DOC2B;DOC2A;SYT1;SYT13;SYT5;SNAP25;SYP;ERC2;GRIK5;STX1B;CPLX1;SYNGR1;CPLX2"
"GOBP_SYNAPTIC_VESICLE_RECYCLING_VIA_ENDOSOME",0.453554204235689,1,-0.557465002243773,-1.03367108962536,2162,6,"BTBD8;ITSN2"
"GOBP_SYNAPTIC_VESICLE_TRANSPORT",0.349378166743436,1,-0.355520765927326,-1.05596923501015,1516,47,"MX1;SNCA;BTBD8;DNM3;BORCS5;MAP2;KIF5A;PRKN;LIN7C;TRIM46;SYNJ1;BLOC1S3;PINK1;SPG11;RAB3A;KIF1B;KIF5C;MX2;AP3M1;AP3B2;CTNNB1;LIN7B;PDZD11;AP3S2;AP3D1;LIN7A"
"GOBP_SYNAPTONEMAL_COMPLEX_ORGANIZATION",0.797015580425719,1,-0.304103033371117,-0.782632017966346,3631,23,"REC8;SYCP2;HSPA2;TEX15;HORMAD1"
"GOBP_T_CELL_CYTOKINE_PRODUCTION",0.360750360750361,1,0.399938916148486,1.0641841257975,1999,32,"IL18;GATA3;TNFSF4;HFE;SMAD7;B2M;BTLA;TRPM4;TRAF2;HLA-A;IL1R1;CD7;NLRP3"
"GOBP_T_CELL_MEDIATED_IMMUNE_RESPONSE_TO_TUMOR_CELL",0.984524686809138,1,0.2271939025721,0.542457003951097,5343,19,"CD274;BTLA;LAG3;HLA-A;HMGB1;TNFRSF14;SLC22A13"
"GOBP_T_HELPER_2_CELL_CYTOKINE_PRODUCTION",0.869481765834933,1,0.356269569596592,0.669643392983025,4529,7,"GATA3;NLRP3"
"GOBP_TERTIARY_ALCOHOL_METABOLIC_PROCESS",0.694362564480472,1,0.344922468471799,0.848919244090108,3768,22,"AKR1B10;CYP21A2;BMP5;BMP2;HSD11B2;AKR7A2;SULT1C4;AKR1B1;AKR1A1"
"GOBP_TETRAHYDROBIOPTERIN_METABOLIC_PROCESS",0.509063766261463,1,-0.459994844874464,-0.963561305053167,2386,10,"GCH1;PRKG2;QDPR"
"GOBP_TETRAHYDROFOLATE_BIOSYNTHETIC_PROCESS",0.711941143180532,1,0.408282302276772,0.815078218065348,3773,9,"FOLR1;DHFRP1"
"GOBP_TETRAHYDROFOLATE_INTERCONVERSION",0.437417654808959,1,0.505552063639199,1.0344596102866,2323,10,"ALDH1L1;SHMT1;TYMS;MTHFS;SHMT2"
"GOBP_TETRAHYDROFOLATE_METABOLIC_PROCESS",0.546481954064892,1,0.390883379372453,0.945531830430148,2997,20,"FOLR1;DHFRP1;ALDH1L1;SHMT1;TYMS;MTHFS"
"GOBP_TETRAPYRROLE_METABOLIC_PROCESS",0.835933391761613,1,0.270153644128157,0.79578083146598,4768,55,"SPTA1;BLVRB;HPX;BDH2;AMN;IBA57;PPOX;UROD;TMEM14C;EIF2AK1;TMEM14B;CLYBL;CPOX;AMBP;ATP5IF1;ALAD;ABCD4;SLC6A9;HMOX1;CYP1A1;SLC25A39;SRRD;FXN;SLC25A38;MTRR"
"GOBP_THIAMINE_CONTAINING_COMPOUND_METABOLIC_PROCESS",0.330968280467446,1,-0.592580824456611,-1.14049331604389,1585,7,"TKTL1;SLC19A3"
"GOBP_THREONINE_METABOLIC_PROCESS",0.866251298026999,1,-0.365021197097076,-0.648588692940648,4170,5,"RIDA;GCAT;SDSL;PHGDH;SDS"
"GOBP_THYROID_HORMONE_METABOLIC_PROCESS",0.367854741089442,1,-0.387994029558411,-1.05345974241688,1640,30,"SLCO1C1;DIO1;DUOXA2;TG;CGA;SLC5A5;SULT2A1"
"GOBP_TOLERANCE_INDUCTION_DEPENDENT_UPON_IMMUNE_RESPONSE",0.171465131158029,1,-0.615092298374461,-1.28844734751668,803,10,"RORC;AIRE;PRDM16;HLA-G"
"GOBP_TOXIN_METABOLIC_PROCESS",0.509366804046459,1,0.44570216733101,0.973447696941843,2718,13,"FMO2;CYP3A4;FMO1;CYP2W1"
"GOBP_TRANS_SYNAPTIC_SIGNALING_BY_BDNF_MODULATING_SYNAPTIC_TRANSMISSION",0.841334104491999,1,0.392810414094652,0.686495313568922,4363,5,"PLAT;SLITRK5"
"GOBP_TRANS_SYNAPTIC_SIGNALING_BY_LIPID",0.417036567321919,1,-0.531392541727222,-1.05501910516132,1972,8,"FAAH;CNRIP1;F2R;CNR1;FABP5;PLCB1;DAGLA"
"GOBP_TRANS_SYNAPTIC_SIGNALING_BY_TRANS_SYNAPTIC_COMPLEX",0.376500857632933,1,-0.476877537978497,-1.06853759539251,1755,13,"NRXN3;IL1RAPL1;CBLN2;NRXN1;TENM2;EFNB3;GRID1"
"GOBP_TRANS_SYNAPTIC_SIGNALING_BY_TRANS_SYNAPTIC_COMPLEX_MODULATING_SYNAPTIC_TRANSMISSION",0.172787979966611,1,-0.672365014116971,-1.29404761830646,827,7,"NRXN3;CBLN2;NRXN1;EFNB3;GRID1"
"GOBP_TRANS_SYNAPTIC_SIGNALING_MODULATING_SYNAPTIC_TRANSMISSION",0.74624954262715,1,0.323271511377265,0.818677081298295,4078,25,"CBLN4;C1QL1;PLAT;C1QL2;CBLN3;C1QL4"
"GOBP_TRANSMISSION_OF_NERVE_IMPULSE",0.152960920642532,1,-0.363622334325421,-1.18267418963771,637,79,"TRPA1;KCNMB2;KCNMB3;HCN1;TNR;GRIA1;DRD1;GRP;KCNK4;NALCN;NTRK2;OTOA;CACNA1I;DRD5;SCN2A;ITGA2;EFR3B;KCNA1;SCN9A;CACNG8;FGF12;KCNA2;GLRA1;NRCAM;CACNG2;CNTNAP1;KCNK2;UNC80;SCN1A"
"GOBP_TRANSSULFURATION",0.479543094496366,1,-0.575281856634161,-1.02219079449129,2308,5,"ENSG00000274276;MTHFD1;CTH;CBS"
"GOBP_TRICARBOXYLIC_ACID_METABOLIC_PROCESS",0.535968527538404,1,0.43610619971933,0.952489368137978,2860,13,"SLC34A1;IDH3B;ASS1"
"GOBP_TRIGLYCERIDE_METABOLIC_PROCESS",0.923598170421819,1,0.241918980091522,0.769578487513026,5451,92,"G6PC1;APOA4;APOC3;FABP4;CAV1;CAV3;PCK2;FABP1;PNPLA2;APOC1;APOBR;CPS1;GNB3;LIPG;LPL;APOA2;GPAT3;SIK1;NR1H3"
"GOBP_TRNA_AMINOACYLATION_FOR_MITOCHONDRIAL_PROTEIN_TRANSLATION",0.877615726062143,1,-0.330566634328626,-0.656302238665217,4151,8,"EARS2;WARS2;GARS1;DARS2;SARS2;YARS2;AARS2;TARS2"
"GOBP_TRNA_METABOLIC_PROCESS",1,1,0.155935098452901,0.550452010066813,6318,207,"SLFN13;LSM6;TRMT112;POLR2L;ANG;POP5;PUS10;RPPH1;TRPT1;POP7;METTL1;LAGE3;TPRKB;B3GNTL1;POLR2F;PUSL1;RPP25L;DUS3L;URM1;RPP21;TSEN54;TRMT44;WDR4;ELAC1;EXOSC7;PUS1;GON7;RPP30;QTRT1;ZBTB8OS;TARBP1;TRMT61A;TSEN34;METTL8;TRMT1;RPP38;VARS2;GTF3C2;ELP5;TRMT2A;GTF3C5;EXOSC9;EEF1E1;DUS1L;QTRT2;GTDC1;TARS2;BCDIN3D;GTF3C6;EXOSC10;THG1L;ANKRD16;POLR3D;EXOSC8;HARS2;MARS1;CLP1;CDK5RAP1;NSUN2;HSD17B10;PRORSD1P;TRMU;AIMP2;DUS4L;AARS2;YARS2;TRMT6;NSUN6;TRMT9B;AARSD1;OSGEP;SARS2;LCMT2;AIMP1;POLR2E;RTRAF;EXOSC2;GTF3C3;TRMT13;AKT1;HARS1;MTFMT;NARS1;PUS7;GTPBP3;THUMPD3;DDX1;WDR6;EXOSC3;RTCB;CTU2;TRMT61B;ADAT3;FTSJ1;FAM98B;LARS2;PTCD1;TRIT1;C2orf49;TYW1;MPST;YRDC;TYW5;TRMT12;CTU1;TRMT11;SSB;TSEN15;RPUSD4;RARS2;LRRC47;TRMT10C;CARS2;RNH1;TRMT10A;ELP6;NARS2;SEPSECS;ALKBH1;DTWD1;DARS1;RPP25;QARS1;METTL6;TRMO;DALRD3;TRMT10B;DUS2;TRMT5;DARS2;POP4;RPP14;CARS1;THUMPD1;QRSL1;FARSA;BRF1;SARS1;ELP1;GATB;KTI12;OSGEPL1;RPP40;TRUB1;ADAT2;MOCS3;FARS2;PYROXD1;THADA;PUS3;TRUB2;GATC;TYW3;ZCCHC7;ELP4;TARS1;GARS1;TARS3;DTD1;GTF3C4;TRNT1;WARS1;YARS1;RARS1;ANGEL2;ELP2;KARS1;CDKAL1;WARS2;ALKBH8;FAM98A;LARS1;GRSF1;IARS2;DPH3;TSEN2;NAT10;ADAT1;DTWD2;THUMPD2;EPRS1;ELP3;AARS1;PARS2;POP1;MARS2;SLC35F2;POLR3A;VARS1;METTL2B;GTF3C1;FARSB;TRDMT1;METTL2A;IARS1;MTO1;PRORP;NSUN3;DICER1;TP53RK;EARS2;ELAC2"
"GOBP_TRNA_THREONYLCARBAMOYLADENOSINE_METABOLIC_PROCESS",0.893550751190912,1,0.291190716135331,0.688864916704983,4876,18,"LAGE3;TPRKB;PUS1;GON7;METTL8;CDK5RAP1;HSD17B10;OSGEP"
"GOBP_TUMOR_NECROSIS_FACTOR_MEDIATED_SIGNALING_PATHWAY",0.490753194351042,1,0.299970018721421,0.984467514923365,2918,114,"PLVAP;SYK;TNFSF11;TNFSF18;ADIPOQ;CASP4;KRT8;KRT18;TNF;APOA1;TNFRSF19;TNFRSF11A;BIRC3;TXNDC17;ANXA4;FAS;LAPTM5;TRAF2;SPHK1;F2RL1;TNFAIP3;TRAIP;ILK;TMC8;CASP8;ACTN4;EXT1;PTK2B"
"GOBP_TUMOR_NECROSIS_FACTOR_SUPERFAMILY_CYTOKINE_PRODUCTION",0.299188311688312,1,0.312175320691882,1.06847698778474,1842,158,"TLR3;BPI;IL33;TWIST1;GHRL;CX3CR1;CLEC7A;SYK;IGF1;ADIPOQ;TGFB1;TLR4;NFATC4;LTF;IL1A;CD274;ZC3H12A;ZFP36;HSPB1;PTPRC;PSMB8;SPON2;CYBA;TLR2;LRRK2;PSMB9;FCER1G"
"GOBP_TYPE_2_IMMUNE_RESPONSE",0.253246753246753,1,0.430708422938777,1.14605768038975,1403,32,"IL33;IL18;ASCL2;ANXA1;GATA3;HLX;TNFSF4"
"GOBP_TYPE_I_INTERFERON_MEDIATED_SIGNALING_PATHWAY",0.966920514040933,1,-0.226052740904588,-0.71691767913719,4062,68,"OASL;OAS2;CR2;IFIH1;OAS1;IFITM1;RBM47"
"GOBP_TYPE_I_INTERFERON_PRODUCTION",0.962777499582707,1,0.227144876795417,0.756241657679566,5767,127,"IRF8;STING1;TLR3;LTB;SYK;TLR4;LTA;TRIM38;TLR2;RNF135;SIGLEC1"
"GOBP_TYPE_II_INTERFERON_MEDIATED_SIGNALING_PATHWAY",0.926184355490268,1,0.268195889035685,0.673320353610433,5043,24,"PPARG;HPX;NR1H3;IRF1;SP100;CDC37;IFNGR1;TYK2;NR1H2;PARP14"
"GOBP_TYPE_III_INTERFERON_PRODUCTION",0.569544131910766,1,0.575050730032279,0.956781014959817,2935,4,"TLR3;IL32"
"GOBP_TYROSINE_PHOSPHORYLATION_OF_STAT_PROTEIN",0.361694489319691,1,0.396279732448929,1.06247580572535,2014,33,"IL18;IL21;IL7R;TNFSF18;IL31RA;OSM;IL4R;CNTF;HES1;CTF1"
"GOBP_UDP_ALPHA_D_GLUCOSE_METABOLIC_PROCESS",0.885482938114517,1,0.358446504275347,0.626439209656225,4592,5,"ENTPD5;GALT;UGGT2;UGP2;UGGT1"
"GOBP_UDP_METABOLIC_PROCESS",0.862454942136217,1,0.349646078114333,0.678818006319031,4545,8,"UMPS;ENTPD5;CAD;ENTPD4;DHODH;CMPK1;ENTPD7;AK9"
"GOBP_UDP_N_ACETYLGLUCOSAMINE_METABOLIC_PROCESS",0.994854202401372,1,-0.195695236723108,-0.438493535603069,4639,13,"B4GALNT2;GFPT1;GNE"
"GOBP_UNSATURATED_FATTY_ACID_METABOLIC_PROCESS",0.431483300589391,1,-0.299156731492511,-1.00133896166901,1756,98,"ALOX12B;CYP2B6;PTGS1;AKR1C4;CYP1B1;PTGDS;CYP2A6;PLA2G4C;PLA2G3;CYP2S1;ALOX5;ALOXE3;HPGD;MGLL;CTHRC1;COMT;PTGES;ELOVL7;PRXL2B;FAAH;ALOX15B;CYP4Z1;SCD;AKR1C2;CYP4A11;AKR1C1;CYP2C18"
"GOBP_UTP_METABOLIC_PROCESS",0.890675241157556,1,0.319498346988645,0.666252050007718,4708,11,"NME4;NME1;NME2;CAD;NME7;AK3;NME3;NME5;NME6;ENTPD7;NME9"
"GOBP_VACUOLAR_PROTON_TRANSPORTING_V_TYPE_ATPASE_COMPLEX_ASSEMBLY",0.873558397986999,1,-0.352011553500038,-0.652712124711978,4165,6,"VMA21"
"GOBP_VALINE_METABOLIC_PROCESS",0.84474123539232,1,-0.359262719172176,-0.691444462947888,4047,7,"ALDH6A1;HIBADH;HIBCH;ACAD8;BCAT2;BCKDK;ECHS1"
"GOBP_VENTRAL_SPINAL_CORD_INTERNEURON_DIFFERENTIATION",0.961825549157603,1,-0.262315791982062,-0.5494786510646,4509,10,"ASCL1"
"GOBP_VERY_LONG_CHAIN_FATTY_ACID_METABOLIC_PROCESS",0.996594982078853,1,0.196732545462359,0.530630049517941,5560,34,"ELOVL3;SLC27A6;CYP4F2;ACOX2;ACSBG1"
"GOBP_VITAMIN_A_METABOLIC_PROCESS",0.427622841965471,1,0.544156072206533,1.05644811477292,2253,8,"BCO1;RBP2;RLBP1"
"GOBP_VITAMIN_B6_METABOLIC_PROCESS",0.747745858670581,1,-0.421063656237257,-0.780750946862272,3565,6,"PNPO"
"GOBP_VITAMIN_D3_METABOLIC_PROCESS",0.727498566787694,1,0.439330012812662,0.799453504697641,3806,6,"CYP3A4;CYP27B1"
"GOBP_VITAMIN_E_METABOLIC_PROCESS",0.268170426065163,1,0.692812963131983,1.21079491608209,1390,5,"NQO1;CYP4F2;NPC1L1;PLTP"
"GOBP_VITAMIN_K_METABOLIC_PROCESS",0.940899680030115,1,0.288137509172526,0.589586388594559,4998,10,"NQO1;CYP4F2;VKORC1;GGCX"
"GOBP_VITAMIN_METABOLIC_PROCESS",0.228235713014064,1,0.421418845185343,1.16052272505617,1281,38,"BCO1;SNAI2;CYP3A4;TNF;GFI1;CYP4F2;FGF23;SNAI1;CYP2W1;CYP27B1;CYP26C1;MTHFS;CYP26B1"
"GOBP_WNT_SIGNALING_PATHWAY_CALCIUM_MODULATING_PATHWAY",0.360902255639098,1,0.649564455971878,1.13521164125295,1871,5,"WNT11;DKK1;WNT5A"
"GOBP_XENOBIOTIC_METABOLIC_PROCESS",0.590693739424704,1,0.289111625295157,0.93961428813828,3490,107,"CYP2C9;GSTM1;SLC28A3;NAT2;UGT2B7;UGT1A6;SULT1B1;LPO;FMO2;CYP3A4;UGT2B11;ACSM1;NQO1;SULT1A4;SULT1A1;NR1I2;CYP4F2"
"GOBP_XENOBIOTIC_TRANSPORT_ACROSS_BLOOD_BRAIN_BARRIER",0.67061266874351,1,-0.475709936971371,-0.845266216572855,3228,5,"ABCG2;ABCC2"
"GOBP_XMP_METABOLIC_PROCESS",0.87000634115409,1,-0.335848514246703,-0.666788807043889,4115,8,"PPAT;PFAS;IMPDH1;IMPDH2;GART;ADSL;PAICS;ATIC"
"GOBP_ZINC_ION_IMPORT_ACROSS_PLASMA_MEMBRANE",0.497348886532344,1,-0.453377266405889,-0.979497698653601,2344,11,"SLC30A8;SLC39A4"
"GOBP_ZYMOSTEROL_METABOLIC_PROCESS",0.220437017994859,1,-0.531983316784873,-1.21692850149145,1028,14,"MVD;SQLE;MVK;HMGCS1;MSMO1;HSD17B7;HMGCR;NSDHL;LSS;IDI1"
