"pathway","pval","padj","ES","NES","nMoreExtreme","size","leadingEdge"
"GOMF_1_4_ALPHA_OLIGOGLUCAN_PHOSPHORYLASE_ACTIVITY",0.928817684039749,1,0.345899185714563,0.560488418143644,4579,5,"PYGM;TYMP;PYGB;MTAP;PYGL"
"GOMF_1_ACYLGLYCEROPHOSPHOCHOLINE_O_ACYLTRANSFERASE_ACTIVITY",0.85907295780503,1,0.385517320398732,0.690810096591222,4132,8,"PRDX6;LPCAT3;TAFAZZIN;LPCAT1;LPCAT4;MBOAT2;MBOAT1;LPCAT2"
"GOMF_1_ALKYL_2_ACETYLGLYCEROPHOSPHOCHOLINE_ESTERASE_ACTIVITY",0.0727499480357514,1,0.784390996750498,1.40555350319944,349,8,"PLA2G10;ASPG;PLA2G7;PLA2G6"
"GOMF_1_PHOSPHATIDYLINOSITOL_3_KINASE_ACTIVITY",0.628210042161748,1,-0.491359980240939,-0.890116999325795,3277,9,"PIK3C2G"
"GOMF_1_PHOSPHATIDYLINOSITOL_3_KINASE_REGULATOR_ACTIVITY",0.624080130825838,1,0.533630482242491,0.899058568989238,3052,6,"PIK3R3;PIK3R5;CCKBR;PIK3R6"
"GOMF_1_PHOSPHATIDYLINOSITOL_4_5_BISPHOSPHATE_3_KINASE_ACTIVITY",0.907399836467702,1,0.360893641397747,0.608032208784001,4438,6,"PIK3CD;PIK3R6;PIK3CB"
"GOMF_1_PHOSPHATIDYLINOSITOL_4_PHOSPHATE_3_KINASE_ACTIVITY",0.378864970645793,1,-0.675200822776879,-1.11728242200982,1935,6,"PIK3C2G"
"GOMF_1_PHOSPHATIDYLINOSITOL_4_PHOSPHATE_5_KINASE_ACTIVITY",0.657608695652174,1,0.468161205199778,0.859852862004896,3145,9,"PIPSL;PIP5KL1;PIP5K1A"
"GOMF_1_PHOSPHATIDYLINOSITOL_BINDING",0.294893536838138,1,-0.5617501206848,-1.14087735271049,1564,15,"SNAP91;FRMPD2;SCIN;WDFY3"
"GOMF_11_CIS_RETINAL_BINDING",0.543876947347663,1,-0.613552882840179,-0.985849948172956,2757,5,"ABCA4;RHO;RLBP1"
"GOMF_14_3_3_PROTEIN_BINDING",0.98166819431714,1,-0.266062516152515,-0.628082184652868,5354,31,"SYNPO2;PRKCE;RIPOR2;SIK1;FOXK1;KIF13B;AANAT;TBC1D22A;HDAC7;NEK1;RPTOR;PI4KB"
"GOMF_17_BETA_HYDROXYSTEROID_DEHYDROGENASE_NADPLUS_ACTIVITY",0.60382567540919,1,-0.581026544842928,-0.933586990038997,3061,5,"AKR1C3;HSD17B6"
"GOMF_17_BETA_HYDROXYSTEROID_DEHYDROGENASE_NADPPLUS_ACTIVITY",0.600125418060201,1,0.493525511421132,0.906438463406647,2870,9,"SRD5A2;HSD17B3;HSD17B1"
"GOMF_2_ACYLGLYCEROL_3_PHOSPHATE_O_ACYLTRANSFERASE_ACTIVITY",0.850125418060201,1,0.385532044916355,0.708091205623214,4066,9,"CRLS1;LPCAT3;LPCAT1;LPCAT4;LPGAT1;MBOAT2;MBOAT1;MBOAT7;LPCAT2"
"GOMF_2_ACYLGLYCEROL_O_ACYLTRANSFERASE_ACTIVITY",0.430724070450098,1,-0.647853194272887,-1.07202918240993,2200,6,"MOGAT3;MOGAT1"
"GOMF_2_IRON_2_SULFUR_CLUSTER_BINDING",0.2641266335358,1,-0.490867696416148,-1.13687157562917,1434,28,"FXN;XDH;AIFM3;RFESD;FECH;GLRX2;BOLA2B;FDX1"
"GOMF_2_OXOGLUTARATE_DEPENDENT_DIOXYGENASE_ACTIVITY",1,1,-0.149385692961304,-0.39716164020675,5535,64,"P4HA3;METTL4;ALKBH8;TMLHE;UTY;KDM6B;ALKBH3;KDM8;HSPBAP1;PHF8;RIOX2;PLOD3;TET3;OGFOD1;P3H3;KDM6A;FTO;RIOX1;JMJD6;TET2;RAD23B;ASPH;P4HB;KDM2A;P4HTM;ALKBH2;KDM4A;METTL3;KDM3B;KDM5A;JMJD7;KDM1A;P3H1;KDM5C;PHF2;KDM5D;ALKBH1;PLOD1;HIF1AN;TYW5;RAD23A;EGLN2;PLOD2;ALKBH5;ALKBH7;KDM5B;JMJD4;ALKBH6;TET1;KDM4D;PHYH;ALKBH4;KDM4B;P3H2;KDM4C;EGLN3;PHYHD1;P4HA2;KDM3A;KDM2B;P4HA1;RSBN1;EGLN1;KDM7A"
"GOMF_3_5_CYCLIC_NUCLEOTIDE_PHOSPHODIESTERASE_ACTIVITY",0.873467112597547,1,-0.332395194595068,-0.740253152307962,4700,23,"PDE6C;PDE6A;PDE4D;PDE11A;PDE1C;PDE1B;PDE4B;PDE8B;PDE8A;PDE5A"
"GOMF_3_5_DNA_EXONUCLEASE_ACTIVITY",0.793170103092783,1,0.356873321512091,0.788381193317767,3692,20,"TREX1;MEIOB;NME5;TREX2"
"GOMF_3_5_DNA_HELICASE_ACTIVITY",0.81104713158456,1,0.356235277281246,0.770199411308539,3802,18,"HFM1;RECQL5;FBH1;BLM"
"GOMF_3_5_EXONUCLEASE_ACTIVITY",0.993686868686869,1,-0.249519191101941,-0.656864589370945,5508,60,"NME8;EXD1;PNLDC1"
"GOMF_3_5_RNA_HELICASE_ACTIVITY",0.893942326301529,1,-0.384200981382307,-0.656607971466605,4618,7,"DHX38;SUPV3L1;YTHDC2;DHX9"
"GOMF_3_BETA_HYDROXYSTEROID_3_DEHYDROGENASE_NADPPLUS_ACTIVITY",0.946778140293638,1,0.337381143315385,0.527339876174206,4642,4,"DHRS11;DHRS4"
"GOMF_3_CHLOROALLYL_ALDEHYDE_DEHYDROGENASE_ACTIVITY",0.0221050496856621,1,0.895171827829094,1.45051929136576,108,5,"ALDH1A2;ALDH3B2;ALDH3A1;ALDH3B1"
"GOMF_3_HYDROXYACYL_COA_DEHYDRATASE_ACTIVITY",0.634627492130115,1,0.470501697680012,0.881874854354832,3023,10,"HTD2;HACD1;HSD17B4;HACD4;EHHADH;CDYL;HADHA"
"GOMF_3_OVERHANG_SINGLE_STRANDED_DNA_ENDODEOXYRIBONUCLEASE_ACTIVITY",0.977894950314338,1,0.279401514158667,0.452736864280907,4821,5,"SND1;ERCC1;ERCC4"
"GOMF_3_PHOSPHOADENOSINE_5_PHOSPHOSULFATE_BINDING",0.66596031593142,1,-0.48909450897051,-0.863456928676899,3456,8,"GAL3ST4;CHST12;ENPP1"
"GOMF_3S_3_HYDROXYACYL_COA_DEHYDROGENASE_NADPLUS_ACTIVITY",0.708094848732625,1,0.485984733162216,0.818785195537031,3463,6,"HSD17B4;EHHADH;HADH;HADHA;HADHB"
"GOMF_4_GALACTOSYL_N_ACETYLGLUCOSAMINIDE_3_ALPHA_L_FUCOSYLTRANSFERASE_ACTIVITY",0.986382474837182,1,-0.287841759584543,-0.427563796705493,4997,3,"FUT4;FUT9;FUT3"
"GOMF_4_IRON_4_SULFUR_CLUSTER_BINDING",0.968968609865471,1,-0.274919556351699,-0.695258417109496,5401,45,"RSAD2;REV3L;ETFDH;NUBPL;DPYD;EXO5;POLE;CDKAL1;DPH2;NDUFS1;PRIM2;ACO1;TYW1;RSAD1;CIAPIN1"
"GOMF_5_3_DNA_EXONUCLEASE_ACTIVITY",0.805496419585833,1,-0.437156560005484,-0.747110226126399,4161,7,"DCLRE1C;EXO5;PLD3;EXO1"
"GOMF_5_3_DNA_HELICASE_ACTIVITY",0.830685618729097,1,0.395424337330991,0.726259981356958,3973,9,"BRIP1;PIF1;TWNK;ZGRF1;IGHMBP2;ERCC2;DDX11;HELB;DNA2"
"GOMF_5_3_EXONUCLEASE_ACTIVITY",0.98614663256607,1,0.252225405921681,0.529748662620477,4626,16,"EXOG;MGME1;XRN1;CPSF3;FAN1;TRIR;DCLRE1B;XRN2;DCLRE1A;FEN1;EXO1;DXO;DCP2;PLD3;EXO5;DCLRE1C"
"GOMF_5_ALPHA_ANDROSTANE_3_BETA_17_BETA_DIOL_DEHYDROGENASE_NADPPLUS_ACTIVITY",0.195174578265987,1,-0.813497529817001,-1.26367183685516,994,4,"AKR1C3;AKR1C1;HSD17B6"
"GOMF_5_DEOXYRIBOSE_5_PHOSPHATE_LYASE_ACTIVITY",0.917356963976113,1,-0.354886758583814,-0.626523964130941,4761,8,"POLQ;POLG;XRCC5;XRCC6;POLL;HMGA2;POLB;HMGA1"
"GOMF_5_N_7_METHYLGUANOSINE_5_TRIPHOSPHO_MRNA_HYDROLASE_ACTIVITY",0.961473684210526,1,0.298090145148969,0.56982481587261,4566,11,"NUDT17;NUDT16L1;NUDT5;NUDT16;NUDT4;NUDT3;NUDT1;DCP1A;NUDT7;DCP2;DCP1B"
"GOMF_5S_RRNA_BINDING",0.97097574947489,1,-0.282418547801841,-0.523379081938751,5084,10,"MDM2;MRPL18;RRS1;RPF2;GTF3A;TST;NOP53;RPL11;RPL5;EEF2"
"GOMF_7S_RNA_BINDING",0.839917269906929,1,0.407157042468683,0.707909967591437,4060,7,"SRP14;SRP19;SRP9;EXOSC2;SRP68;SRP72;SRP54"
"GOMF_7SK_SNRNA_BINDING",0.854096989966555,1,0.383316782522344,0.704022522254268,4085,9,"CCNT2;CDK9;CELF3;CCNT1;MEPCE;HEXIM1;LARP7;DDX21;HEXIM2"
"GOMF_ABC_TYPE_GLUTATHIONE_S_CONJUGATE_TRANSPORTER_ACTIVITY",0.54229889835793,1,0.534458255800919,0.957697980811716,2608,8,"ABCC11;ABCC3"
"GOMF_ABC_TYPE_TRANSPORTER_ACTIVITY",0.342062780269058,1,-0.420282141056873,-1.06287344562997,1906,45,"ABCA12;ABCB5;ABCA10;ABCC9;ABCA8"
"GOMF_ABC_TYPE_XENOBIOTIC_TRANSPORTER_ACTIVITY",0.367613636363636,1,-0.550246046051934,-1.08296343636777,1940,13,"ABCB5;ABCA8"
"GOMF_ACETYL_COA_BINDING",0.815421021494774,1,-0.448369357672039,-0.720434897114584,4134,5,"NAA80;PANK1;PANK3;TAF1;NME1"
"GOMF_ACETYL_COA_C_ACYLTRANSFERASE_ACTIVITY",0.928585252564351,1,-0.350633974946532,-0.599241215336253,4797,7,"ACAA1;ACAT2;ACAA2;HADHB;HADHA;SCP2;ACAT1"
"GOMF_ACETYLCHOLINE_BINDING",0.471773347324239,1,0.536639020621124,1.00583793955454,2247,10,"CHRNB3;CHRNA1;CHRNA3"
"GOMF_ACETYLCHOLINE_GATED_MONOATOMIC_CATION_SELECTIVE_CHANNEL_ACTIVITY",0.514705882352941,1,0.455899898452324,0.957525910648837,2414,16,"CHRNB3;CHRNG;CHRNA1;CHRNA3"
"GOMF_ACETYLCHOLINE_RECEPTOR_ACTIVITY",0.253094323516859,1,0.533274894867305,1.16674195065071,1185,19,"CHRM2;CHRNB3;CHRNG;CHRM4;CHRNA1;CHRNA3;CHRM1"
"GOMF_ACETYLCHOLINE_RECEPTOR_BINDING",0.250952986022872,1,0.59406038579004,1.18341414722701,1184,13,"PSCA;LY6H;LY6E;JAK2"
"GOMF_ACETYLCHOLINE_RECEPTOR_INHIBITOR_ACTIVITY",0.761950841881169,1,-0.460614873810731,-0.787201003058496,3936,7,"LY6G6D;LYPD1;LY6S;LYNX1"
"GOMF_ACETYLESTERASE_ACTIVITY",0.577773271141756,1,0.587239244187282,0.951551228333931,2848,5,"ABHD1;ABHD3;CEL"
"GOMF_ACETYLGALACTOSAMINYLTRANSFERASE_ACTIVITY",0.945388127853881,1,-0.292175822572678,-0.698810947035792,5175,33,"GALNT5;CSGALNACT1;B4GALNT1;CHSY3;GALNT4;GALNT10;B3GALNT1;GALNT14;GALNTL6"
"GOMF_ACETYLGLUCOSAMINYLTRANSFERASE_ACTIVITY",0.999457994579946,1,-0.184658330465374,-0.457375788864407,5531,40,"GCNT7;GCNT4;EOGT;MGAT4C;EXTL2;MGAT3;MGAT4A;B3GNT4;OGT;PIGY;HEXA;MGAT1;B3GNT5;MGAT2;B3GLCT;EXTL3;B3GNT7;HEXB;EXT2;RFNG;GCNT2;MGAT4B;B4GAT1;ALG13;POMGNT2;MGAT5B;B3GNT2;MGAT5;PIGA;PIGQ;EXTL1;EXT1;B3GNT3;LFNG;POMGNT1;LARGE1;MFNG;B3GNT8;GCNT1;PIGP"
"GOMF_ACETYLTRANSFERASE_ACTIVATOR_ACTIVITY",0.982482863670982,1,-0.264925700503517,-0.502020813958475,5159,11,"NUPR1;BCAS3;PDCD5"
"GOMF_ACETYLTRANSFERASE_ACTIVITY",1,1,-0.14659465257029,-0.407953463981602,5648,85,"SATL1;LCAT;ESCO2;AANAT;NAT8L;NAA80;NCOA1;BAZ1A;ACAA1;DLAT;HAT1;BRCA2;MCM3AP;KAT2A;CLOCK;ACAT2;NAGS;TADA2A;PHF10;LPCAT2;GTF3C4;TAF9;GNPAT;PAFAH2;USP22;PDHX;JADE1;KAT7;BRPF3;CREBBP;NCOA3;SAT2;BRD1;BRPF1;NAA40;ARRB1;ATAT1;ESCO1;NAA60;JADE2;EP300;NAA50;PAFAH1B2;ING3;TAF1;NAT10;NAA15;GNPNAT1;NAA16;LPCAT4;KAT6B;ATF2;CASD1;LPCAT1;KAT6A;NAA10;KAT8;ACAA2;FASN;NAA20;HADHB;HADHA;BLOC1S1;KAT14;HGSNAT;PAFAH1B3;ABHD14B;GTF2B;ACAT1;SAT1;TAF10;NAA30;MEAF6;SMARCE1;ING4;NAT9;KAT5;GCAT;ELP3;NAT14;CRAT;NAT1;SPHK1;KAT2B;NAT2"
"GOMF_ACID_AMINO_ACID_LIGASE_ACTIVITY",0.637039791744143,1,-0.403842243043188,-0.88099838880158,3425,21,"TTLL9;TTLL7;TTLL11;CARNS1;GCLM;TTLL3;GHDC;TTLL2"
"GOMF_ACID_PHOSPHATASE_ACTIVITY",0.954271461234671,1,0.305961978873897,0.548254547838504,4590,8,"ACP6;MDP1;ACP2"
"GOMF_ACID_THIOL_LIGASE_ACTIVITY",0.997608175690367,1,0.228260013585001,0.528908612928712,4587,25,"ACSM6;ACSL5;ACSL6;AACS;ACSF3;ACSM3;SLC27A1;ACSS2"
"GOMF_ACIDIC_AMINO_ACID_TRANSMEMBRANE_TRANSPORTER_ACTIVITY",0.116362266993033,1,-0.641940704707601,-1.34024852568887,617,17,"SLC17A8"
"GOMF_ACROSIN_BINDING",0.291802610114193,1,0.768417741950826,1.20106687916346,1430,4,"ZP4;ZP3"
"GOMF_ACTIN_BINDING",0.941412520064206,1,0.265012515040105,0.892275737934211,3518,425,"MYL2;LMOD3;KBTBD13;MEFV;XIRP1;FSCN2;CSRP3;GBP1;MYO16;NRAP;MYL4;TNNI2;MYH8;MYH7;MYPN;CDK5R2;GMFG;SNTG1;TNNI1;MICAL2;SPATA32;TMSB15C;SYNE3;TNNC2;RCSD1;ESPNL;MYOZ1;SPEF1;TMSB4Y;SLC6A4;TNNI3;MYO18B;HIP1R;MYO1A"
"GOMF_ACTIN_FILAMENT_BINDING",0.999018163966618,1,0.237353312809187,0.751800880277156,4069,202,"KBTBD13;XIRP1;FSCN2;MYO16;NRAP;MYL4;MYH8;MYH7;SYNE3;RCSD1;ESPNL;SLC6A4;TNNI3;MYO18B;HIP1R;MYO1A"
"GOMF_ACTIN_MONOMER_BINDING",0.0565169769989047,1,0.590506185343527,1.41172049400093,257,29,"MYL2;LMOD3;MYL4;TMSB15C;TMSB4Y;MTSS1;COBLL1"
"GOMF_ACTININ_BINDING",0.667259786476868,1,0.355369550443429,0.879763055365915,2999,35,"CSRP3;NRAP;MYPN;CACNA1C;MYOZ1"
"GOMF_ACTIVE_MONOATOMIC_ION_TRANSMEMBRANE_TRANSPORTER_ACTIVITY",0.43886272457701,1,-0.347548245859136,-1.00356108322801,2515,115,"ATP13A4;ABCC9;ATP4B;ATP6V0D2;ATP1A4;KCNJ8;ATP2A1;ATP4A;ATP6V1G2"
"GOMF_ACTIVE_TRANSMEMBRANE_TRANSPORTER_ACTIVITY",0.514427701186278,1,-0.301656016891088,-0.98245559254796,3208,422,"SLC36A2;SLC17A8;SLC2A9;SLC39A5;ATP13A4;SLC6A20;SLC23A1;ABCA12;ABCB5;SLC26A10P;SLC47A2;ABCA10;ABCC9;SLC22A1;ATP4B;SLC34A1;SLC10A2;ATP6V0D2;ABCA8;SLC30A4;SLC24A5;MFSD2B;SLC6A12;SLCO2B1;ATP1A4;SLC6A16;SLC37A2;SLC22A4;KCNJ8;SLC34A3;SLC22A5;SLC5A9;ATP2A1;SLC46A2;ABCA4;SLC46A3;SLC18A3;SLC9B1;SLC10A4;ATP4A;SLC22A11;SLC28A3;ATP6V1G2;CDH17;SLC6A17;SLC12A4;SLC8A1;SLC15A2;ABCG2;SLC7A11;ABCC6;SLC5A4;SLC16A12;SLC4A3;ABCC8;SLC6A3;ABCD3;SLC35C1"
"GOMF_ACTIVIN_BINDING",0.578736842105263,1,0.481282475263608,0.920012628101968,2748,11,"ACVRL1;FST;FSTL3;TGFBR1"
"GOMF_ACTIVIN_RECEPTOR_ACTIVITY",0.347198996655518,1,0.613183652990488,1.12620976087392,1660,9,"ACVRL1;BMPR2;TGFBR1;ACVR1C"
"GOMF_ACTIVIN_RECEPTOR_ACTIVITY_TYPE_I",0.316856256463289,1,0.668918401180573,1.163025452857,1531,7,"ACVRL1;TGFBR1;ACVR1C"
"GOMF_ACTIVIN_RECEPTOR_BINDING",0.676150467825091,1,-0.459923117871073,-0.852331198029768,3540,10,"SMAD7;INHBA;NODAL;CRIPTO3"
"GOMF_ACYL_COA_BINDING",0.990965556182947,1,-0.236312230160853,-0.499143513771998,5264,18,"PNPLA3;NAA80;SOAT1;ACBD5;ACBD6;PANK1;ACOT7;PANK3;DBI;TAF1;NME1;ECI2;SCP2;ACBD3;ACBD4;ACBD7;GCDH;ACADVL"
"GOMF_ACYL_COA_HYDROLASE_ACTIVITY",0.0780469761420381,1,-0.596308858242996,-1.3594777038465,421,26,"ACOT12;ACOT6;THEM5"
"GOMF_ACYL_COA_OXIDASE_ACTIVITY",0.995694716242661,1,-0.233721596333779,-0.386748686344682,5087,6,"ACOX1;ACAA1;ACOX2;ACOXL;ACOX3;CRAT"
"GOMF_ACYLGLYCEROL_O_ACYLTRANSFERASE_ACTIVITY",0.998896450248299,1,-0.224244211039127,-0.522784961035014,5430,29,"MOGAT3;MOGAT1;PNPLA3"
"GOMF_ACYLTRANSFERASE_ACTIVITY",1,1,0.218332894794164,0.758079159188898,3385,684,"MKRN3;RFPL1;ALAS2;PLAAT2;HERC3;TRIM31;MEFV;ASPG;C10orf90;TRIML1;MARCHF10;ELOVL3;MBOAT4;TRIM7;PNPLA1;GPAT2;TRIM63;TRIM4;HERC2P3;CERS3;ZDHHC11B;ACSM6;TGM4;RNF43;BAAT;RNF212B;RNF212;MID2;TRIM10;LONRF2;GGT1;GPAT3;OXSM;NAT2;NHLRC1;RNF112;FBXO24;RGPD2;RFPL3;DGAT2;ASB12;UBA7;TRIM61;KAT2B;FBXO25"
"GOMF_ACYLTRANSFERASE_ACTIVITY_ACYL_GROUPS_CONVERTED_INTO_ALKYL_ON_TRANSFER",0.865008156606852,1,0.419253828235384,0.655310073629497,4241,4,"CLYBL;CS;ACLY"
"GOMF_ACYLTRANSFERASE_ACTIVITY_TRANSFERRING_GROUPS_OTHER_THAN_AMINO_ACYL_GROUPS",0.706532416502947,1,0.291269797535776,0.927059206267122,2876,212,"ALAS2;PLAAT2;ASPG;ELOVL3;MBOAT4;PNPLA1;GPAT2;CERS3;ZDHHC11B;ACSM6;BAAT;GPAT3;OXSM;NAT2;DGAT2;KAT2B;SPHK1"
"GOMF_ADENINE_TRANSMEMBRANE_TRANSPORTER_ACTIVITY",0.750760494828635,1,0.484642815759404,0.785305939962013,3701,5,"SLC43A3;SLC25A5;SLC29A2;SLC29A1;SLC25A4"
"GOMF_ADENOSINE_DEAMINASE_ACTIVITY",0.92591815320042,1,0.336483996611739,0.630681625524166,4411,10,"ADARB2;ADAD2;ADA2"
"GOMF_ADENOSINE_RECEPTOR_BINDING",0.994387458873621,1,-0.238657195233731,-0.407870423116899,5137,7,"P2RY2;NECAB2;P2RY1;TSNAX;USP4;ADA2;GRM5"
"GOMF_ADENYL_NUCLEOTIDE_BINDING",1,1,-0.131775969389806,-0.458595823524757,7409,1556,"ADCY10;ACOT12;C8orf44-SGK3;DDX4;MYO1H;ATP13A4;ABCA12;FMO2;ABCB5;PAPOLB;NOX1;ABCA10;ABCC9;INSRR;TTLL9;POPDC2;KIF4B;ABCA8;PIK3C2G;FMO1;GRK7;ADH4;GUCY2F;MYH6;WEE2;ERBB4;HSPA7;MYH15;ACSM1;TIE1;HKDC1;ATP1A4;HSPA6;ALDH1A1;LTK;OAS1;PRKG2;MYLK4;KSR2;PDE4D;MYH2;ATP8B1;NTRK2;NLRP14;DNAH9;ME3;MYLK3;TXK;EPHA5;STING1;TSSK2;SLC22A4;KCNJ8;P2RX3;DNAH2;RAPGEF4;SLC22A5;ATP2A1;KALRN;ABCA4;CIITA;MERTK;DGKH;PDK4;GLUD2;IP6K3;GRK1;NRK;SMC1B;MYO1G;GAL3ST4;DUOX1;TDRD12;PRKCH;ATP4A;DNAH3;ALDH1A3;DDR2;TTLL7;KCNJ1;NLRC4;FLT4;ADCY8;MYO7A;SLC12A4;CDK20;CPS1;ABCG2;GUCY2C;SLFNL1;CDKL1;ABCC6;NAIP;CHST12;TNIK;EPHA6;IRAK3;MAT1A;PRKCE;ABCC8;PARP9;EGFR;ABCD3;RAD51D;GPD1L;SIK1;PDE4B;TRIB3;OAS2;FCSK;MKNK1;GUCY2D;TTLL11;ITPKA;CARNS1;PFKFB3;RHOBTB3;NAV3;IFIH1;SYK;RIPK3;DGKK;PDPK1;STK36;PTK2B;BMP2K;DGKG;IDNK;EPHA2;STK10;LIG4;AK6;NEK6;PIK3C3;MYO9A;ERN1;RPS6KL1;PLK3;STK32C;FRK;CDC42BPG;FGR;CACNA1B;KIF13B;ABCF3;MST1R;TEK;CHD3;ITPKB;TGFBR2;TRPM6;KIFC3;DDX12P;DGKB;PIK3C2B;MYO5C;RAPGEF3;HSPA4L;NME7;STYK1;KIF21A;MOV10;KIF12;SRCAP;STARD9;TTBK1;TRPM4;KIF26B;ABCB1;CAMK2A;HELQ;CAMK4;DHX38;UBA6;NDOR1;TTLL3;ADCY6;ACVR2A;CARS1;POPDC3;RIMKLA;MAP4K3;ATP10A"
"GOMF_ADENYL_NUCLEOTIDE_EXCHANGE_FACTOR_ACTIVITY",0.982852835877143,1,-0.266381408287938,-0.541003027339552,5215,15,"HSPA4L;GRPEL1;BAG2;BAG1;HSPBP1;GRPEL2;CCAR2;HSPA4;HSPH1;BAG5"
"GOMF_ADENYLATE_CYCLASE_ACTIVATOR_ACTIVITY",0.642466031230988,1,0.549072023218514,0.88970579420395,3167,5,"CALM2;CALM1;GNAS;CALM3;RAF1"
"GOMF_ADENYLATE_CYCLASE_ACTIVITY",0.32006854531607,1,-0.595090649259793,-1.12766670637345,1680,11,"ADCY10"
"GOMF_ADENYLATE_CYCLASE_BINDING",0.21463691376702,1,-0.632009399796297,-1.22302929092046,1134,12,"AKAP6;ADRB2;GRIA1;AKAP5;ADCY5;ADCYAP1R1;ADCY2;AKAP12"
"GOMF_ADENYLATE_CYCLASE_INHIBITOR_ACTIVITY",0.633208440149872,1,-0.563202061254197,-0.904946808053678,3210,5,"GRM7;RGS2"
"GOMF_ADENYLATE_CYCLASE_REGULATOR_ACTIVITY",0.798166889440519,1,-0.411130081251121,-0.761907764760532,4179,10,"GRM7;RGS2"
"GOMF_ADENYLYLTRANSFERASE_ACTIVITY",0.116040329972502,1,-0.542637024813801,-1.28097957182069,632,31,"PAPOLB;OAS1;TENT5D;OASL"
"GOMF_ADP_BINDING",1,1,0.157539185638736,0.393612781938993,4474,37,"NLRP3;MYO3A;PGK1;ABCG1"
"GOMF_ADP_D_RIBOSE_MODIFICATION_DEPENDENT_PROTEIN_BINDING",0.986349534643226,1,0.257212828898228,0.44720711267926,4768,7,"CGAS;PARP2;APLF"
"GOMF_ADP_PHOSPHATASE_ACTIVITY",0.964187866927593,1,-0.304487301890395,-0.503847594154599,4926,6,"ENTPD1;ENTPD5;ALPL;PGP;SLC25A42;CANT1"
"GOMF_ADP_RIBOSE_DIPHOSPHATASE_ACTIVITY",0.892068683565004,1,0.375344443792205,0.632378864670132,4363,6,"TRPM2;NUDT9;NUDT5"
"GOMF_ADP_TRANSMEMBRANE_TRANSPORTER_ACTIVITY",0.975367576856979,1,-0.275348339403515,-0.510276545970654,5107,10,"SLC25A24;SLC25A17;SLC25A41;SLC17A9;SLC35B1"
"GOMF_ADRENERGIC_RECEPTOR_ACTIVITY",0.692763032270384,1,-0.453668479869061,-0.840740080092113,3627,10,"ADRB3;ADRB2;ADRA1D;ADRA1A"
"GOMF_ADRENERGIC_RECEPTOR_BINDING",0.273291925465839,1,-0.547273427784369,-1.15596209960185,1451,18,"ADRB3;PDE4D;GRIA1;NEDD4;AKAP5"
"GOMF_ALANINE_TRANSMEMBRANE_TRANSPORTER_ACTIVITY",0.181318681318681,1,-0.62834536091826,-1.2549151176726,956,14,"SLC36A2"
"GOMF_ALCOHOL_BINDING",1,1,0.211921440267885,0.603790945045506,4383,84,"CETP;NPC1L1;RBP5;RPH3A;APOA2;MINAR2;APOA1;NINJ2;PTCH1;OSBP2;NR1H3;GRAMD1C;ITPR1;PLCL2;OSBPL5;ABCG1;CRABP2;TRPC1;RBP7;ABCA1"
"GOMF_ALCOHOL_DEHYDROGENASE_NAD_P_PLUS_ACTIVITY",0.588867012708072,1,-0.364573306718045,-0.927701830181584,3289,47,"SDR9C7;DHRS2;ADH4;HSD17B13;AKR1C3;AKR1D1;AKR1B15;RDH5;AKR1C1;HSD17B6;AKR7L"
"GOMF_ALCOHOL_DEHYDROGENASE_NADPLUS_ACTIVITY",0.322234762979684,1,-0.519859608874628,-1.10973352424992,1712,19,"SDR9C7;ADH4;HSD17B13;AKR1C3;RDH5;HSD17B6"
"GOMF_ALCOHOL_DEHYDROGENASE_NADPPLUS_ACTIVITY",0.875953505266981,1,-0.316889799848918,-0.766239470795045,4822,35,"DHRS2;ADH4;AKR1C3;AKR1D1;AKR1B15;AKR1C1;AKR7L"
"GOMF_ALCOHOL_TRANSMEMBRANE_TRANSPORTER_ACTIVITY",0.414371026777114,1,-0.603866205576284,-1.06607710705276,2150,8,"RBP4;ABCA4;STRA6;FLVCR2;FLVCR1"
"GOMF_ALDEHYDE_DEHYDROGENASE_NAD_P_PLUS_ACTIVITY",0.725176645593157,1,-0.380086339631448,-0.829173912806802,3899,21,"ALDH8A1;ADH4;AKR1C3;ALDH1A1"
"GOMF_ALDEHYDE_LYASE_ACTIVITY",0.90954388654657,1,-0.357773947360517,-0.648120899682003,4745,9,"ALDOB;SGPL1;SHMT2;DERA"
"GOMF_ALDOSE_REDUCTASE_NADPH_ACTIVITY",0.0832537712430781,1,-0.751885336709789,-1.39339664591184,435,10,"ADH4;AKR1C3;AKR1D1;AKR1B15;AKR1C1"
"GOMF_ALKALI_METAL_ION_BINDING",0.679089026915114,1,-0.405761817278665,-0.857058388781334,3607,18,"ATP4A;CPS1;ADPRH;CAPN3;SCN8A"
"GOMF_ALKALINE_PHOSPHATASE_ACTIVITY",0.423123980424144,1,0.69642666222534,1.08854201575521,2074,4,"ALPG;ALPP;CILP2"
"GOMF_ALKANE_1_MONOOXYGENASE_ACTIVITY",0.860738936256598,1,0.483995092806198,0.686835696151154,4239,2,"CYP4A22"
"GOMF_ALL_TRANS_RETINAL_BINDING",0.213764543482548,1,-0.778870527166022,-1.25148050040224,1083,5,"ADH4;CYP2W1;ABCA4"
"GOMF_ALL_TRANS_RETINOL_DEHYDROGENASE_NADPPLUS_ACTIVITY",0.405824508320726,1,-0.544405098244913,-1.05350233951356,2145,12,"AKR1C3;AKR1B15"
"GOMF_ALPHA_1_3_FUCOSYLTRANSFERASE_ACTIVITY",0.975350029579965,1,-0.287863743985336,-0.462536262196554,4945,5,"FUT4;FUT10;FUT9;FUT11;FUT3"
"GOMF_ALPHA_1_4_GLUCOSIDASE_ACTIVITY",0.279717536288741,1,-0.777561903424312,-1.20785010741192,1425,4,"MGAM2"
"GOMF_ALPHA_2A_ADRENERGIC_RECEPTOR_BINDING",0.875887243966741,1,0.402354538151273,0.651967590370158,4318,5,"APLP1;ADRA2C;ADRB1"
"GOMF_ALPHA_ACTININ_BINDING",0.977366702937976,1,0.267492091167075,0.624956452753424,4490,26,"NRAP;MYPN;CACNA1C"
"GOMF_ALPHA_ADRENERGIC_RECEPTOR_ACTIVITY",0.837080948487326,1,0.415548459896183,0.700114435236052,4094,6,"ADRA1B;ADRA2B;ADRA2A;ADRA2C"
"GOMF_ALPHA_AMYLASE_ACTIVITY",0.291590678824721,1,0.853493699885452,1.14136652771603,1438,1,"AMY2B"
"GOMF_ALPHA_CATENIN_BINDING",0.978526315789474,1,0.269136745607334,0.514477915509791,4647,11,"PKP3;NUMB;VCL;CDH26;JUP;AJUBA;CDH24;CTNNB1;PKP2;CDH2;PTPRT"
"GOMF_ALPHA_GLUCOSIDASE_ACTIVITY",0.244048771047029,1,-0.7114215789786,-1.21583520726587,1260,7,"MGAM2"
"GOMF_ALPHA_KETOGLUTARATE_TRANSMEMBRANE_TRANSPORTER_ACTIVITY",0.813063946645743,1,-0.460911396383807,-0.715971136417369,4144,4,"SLC25A21;SLC22A7"
"GOMF_ALPHA_N_ACETYLGALACTOSAMINIDE_ALPHA_2_6_SIALYLTRANSFERASE_ACTIVITY",0.0117623200162239,1,0.912280263834119,1.47824147351996,57,5,"ST6GALNAC2;ST6GALNAC4"
"GOMF_ALPHA_N_ACETYLNEURAMINATE_ALPHA_2_8_SIALYLTRANSFERASE_ACTIVITY",0.941537203597711,1,0.323841845946708,0.545607487361218,4605,6,"ST8SIA4;ST8SIA2"
"GOMF_ALPHA_TUBULIN_BINDING",0.169189189189189,1,-0.481854419777384,-1.20307670748463,938,42,"CAV3;PACRG;DLEC1;FAM110C;TTLL7;SNCA;SPMIP6"
"GOMF_AMIDE_BINDING",0.998260869565217,1,0.243268325908408,0.774382296062087,4017,216,"SLC40A1;C1QA;GCGR;SRD5A2;FKBP6;CRHBP;LBP;P2RX1;FTCDNL1;GSTM1;CSF2RA;CRYAB;CMKLR1;VIPR2;EDNRB;TLR2;APOA1;EPHA4;GSAP;CD36;ITGAM;CD1D;GRIN2B;CRHR1;GRIN1;RAMP3;INSR"
"GOMF_AMIDE_TRANSMEMBRANE_TRANSPORTER_ACTIVITY",0.988675799086758,1,-0.251099367175197,-0.600566415902328,5412,33,"SLC14A1;AQP3;SLC15A2;ABCG2;SLC25A16;SLC38A7;SLC33A1;ABCC4;SLC25A17;SLC15A3"
"GOMF_AMIDINE_LYASE_ACTIVITY",0.977662874870734,1,0.272802771762346,0.474312810964066,4726,7,"GGACT;GGCT"
"GOMF_AMINE_BINDING",0.753593040847201,1,-0.411565743012274,-0.796439038732161,3984,12,"HTR2A;SATL1;HTR1B;HTR1A;SLC6A3"
"GOMF_AMINE_TRANSMEMBRANE_TRANSPORTER_ACTIVITY",0.568769389865564,1,0.539982887887207,0.938849703658423,2749,7,"SLC22A16;SLC44A1"
"GOMF_AMINO_ACID_BINDING",0.850251076040172,1,-0.313895161021457,-0.790906426986309,4740,44,"GLRA1;GRM7;CASR;GNMT;GLRB;GLUD2;TAT;CPS1;SESN1;GRIN2D;SLC6A11;SESN2"
"GOMF_AMINO_ACID_MONOATOMIC_CATION_ANTIPORTER_ACTIVITY",0.905293044007301,1,0.374517084036784,0.606860312683036,4463,5,"SLC38A3;SLC32A1;SLC38A5"
"GOMF_AMINO_ACID_MONOATOMIC_CATION_SYMPORTER_ACTIVITY",0.32032701597919,1,-0.494706391626143,-1.10172460920884,1723,23,"SLC36A2;SLC6A20;SLC6A12"
"GOMF_AMINO_ACID_PROTON_SYMPORTER_ACTIVITY",0.150069019917176,1,-0.808287611907577,-1.29874754498626,760,5,"SLC36A2"
"GOMF_AMINO_ACID_SODIUM_SYMPORTER_ACTIVITY",0.766986636551854,1,-0.376894359819828,-0.79608395618485,4074,18,"SLC6A20;SLC6A12"
"GOMF_AMINO_ACID_TRANSMEMBRANE_TRANSPORTER_ACTIVITY",0.636139485734413,1,-0.328095333101737,-0.919438554583137,3611,90,"SLC36A2;SLC17A8;SLC6A20;SLC6A12;SLC66A1LP;SLC7A4;SLC22A4;GRIK1;GRID1;GRIA1;SLC7A10;SLC7A14;SLC7A11"
"GOMF_AMINOACYL_TRNA_DEACYLASE_ACTIVITY",0.0400254129606099,1,0.743501973083327,1.48111332531939,188,13,"PRORSD1P;DTD1"
"GOMF_AMINOACYLASE_ACTIVITY",0.720173535791757,1,-0.511469309625085,-0.821823198111013,3651,5,"PM20D1"
"GOMF_AMINOACYLTRANSFERASE_ACTIVITY",1,1,0.192670168400433,0.653852962864681,3720,469,"MKRN3;RFPL1;HERC3;TRIM31;MEFV;C10orf90;TRIML1;MARCHF10;TRIM7;TRIM63;TRIM4;HERC2P3;TGM4;RNF43;RNF212B;RNF212;MID2;TRIM10;LONRF2;GGT1;NHLRC1;RNF112;FBXO24;RGPD2;RFPL3;ASB12;UBA7;TRIM61;FBXO25"
"GOMF_AMINOPEPTIDASE_ACTIVITY",0.867593930635838,1,-0.31296303362461,-0.778247062489577,4802,41,"ERAP2;XPNPEP2;TRHDE"
"GOMF_AMINOPHOSPHOLIPID_FLIPPASE_ACTIVITY",0.60383201083801,1,-0.535828005517147,-0.915741908028903,3119,7,"ATP8B1"
"GOMF_AMMONIA_LYASE_ACTIVITY",0.347799634962482,1,0.709932728806967,1.15036140179229,1714,5,"SDS;FTCD"
"GOMF_AMMONIUM_CHANNEL_ACTIVITY",0.357224990417785,1,-0.61215599758547,-1.10894350700454,1863,9,"RHAG;AQP6"
"GOMF_AMP_ACTIVATED_PROTEIN_KINASE_ACTIVITY",0.705580753303096,1,-0.51961735012218,-0.834915378958715,3577,5,"PRKAA1;PRKAA2;PRKAB2;PRKAG1"
"GOMF_AMP_BINDING",0.406715634837356,1,0.567044712856047,1.06282820238132,1937,10,"AK8;CFAP45;FBP1;ACSS2;APRT"
"GOMF_AMP_KINASE_ACTIVITY",0.805183946488294,1,0.407043376395607,0.747600203234578,3851,9,"AK8;AK7;AK9;AK5"
"GOMF_AMPA_GLUTAMATE_RECEPTOR_ACTIVITY",0.653816046966732,1,-0.531908297151211,-0.880170418164033,3340,6,"GRID1;GRIA1;GRIA2;GRIA3"
"GOMF_AMYLASE_ACTIVITY",0.284003248071458,1,0.836878078582611,1.18761067258814,1398,2,"AMY2B;MGAM"
"GOMF_AMYLOID_BETA_BINDING",1,1,-0.202646653221738,-0.558810401763417,5586,81,"IAPP;MSR1;ARMCX5-GPRASP2;BCHE;ADRB2;GRIA1;CALCR;MAPK8IP2;ACHE;ITGA2;CACNA1B;TLR6;CST3;HSPG2;TREM2;PFDN6;APBA1;ITGB2;GRIA2"
"GOMF_ANAPHASE_PROMOTING_COMPLEX_BINDING",0.212916826370257,1,-0.683599260213864,-1.23836565188831,1110,9,"CDC20B"
"GOMF_ANDROGEN_BINDING",0.31946361664366,1,-0.726780330197423,-1.16778255126362,1619,5,"ALDH1A1;SHBG;TSPO"
"GOMF_ANDROSTAN_3_ALPHA_17_BETA_DIOL_DEHYDROGENASE_NADPLUS_ACTIVITY",0.423650087091155,1,-0.625399807954563,-1.06882209873387,2188,7,"AKR1C3;RDH5;AKR1C1;HSD17B6"
"GOMF_ANGIOTENSIN_RECEPTOR_BINDING",0.964248596965288,1,0.293253064733327,0.525481391509402,4638,8,"EDNRB;JAK2;AGT"
"GOMF_ANKYRIN_BINDING",0.432279909706546,1,-0.478023719342339,-1.02042731861625,2297,19,"RHAG;CACNA1D;SPTBN4;SLC8A1;RHCG"
"GOMF_ANKYRIN_REPEAT_BINDING",0.482485000967679,1,-0.59526416793719,-1.01731962367651,2492,7,"OAZ3;KIF21A"
"GOMF_ANNEALING_ACTIVITY",0.872631578947368,1,0.367914438502674,0.703299926510121,4144,11,"BLM;FXR1;RECQL4;FMR1;DDX3X;SMARCA1;RECQL;RAD54L;SMARCAL1;TP53;ZRANB3"
"GOMF_ANTIGEN_BINDING",0.331468218442256,1,0.399979688174567,1.0608199415365,1480,52,"TRGV3;ABO;KLRD1;HLA-DOB;C3;SLC7A9;PLG;CD1D"
"GOMF_ANTIOXIDANT_ACTIVITY",0.884490824037424,1,-0.297969109131912,-0.79833673417156,4915,67,"IPCEF1;PXDNL;ALB;TXNDC2;GPX2;TPO"
"GOMF_ANTIPORTER_ACTIVITY",0.812028301886792,1,0.29062396774475,0.87430112354898,3442,127,"SLC9C1;SLC26A9;SLC26A5;SLC9A4;SLC18A1;SLC4A5;SLC9A2;SLC35D3;SLC4A1;SLC6A4;SLC35E2A;SLC7A9;SLC26A7;SLC47A1;SLC30A3;SLC44A4"
"GOMF_AP_1_ADAPTOR_COMPLEX_BINDING",0.983435219877736,1,-0.270602612082792,-0.434801267434967,4986,5,"AP1AR;LDLRAP1;SIDT2;RAB32;RAB38"
"GOMF_AP_2_ADAPTOR_COMPLEX_BINDING",0.97918655718923,1,-0.270654291279936,-0.501577518882606,5127,10,"BMP2K;TBC1D5;HIP1;LDLRAP1;SIDT2;FCHO1;AAK1;RAB32;LMBRD1;RAB38"
"GOMF_APOLIPOPROTEIN_A_I_BINDING",0.848550581739302,1,-0.426688468665197,-0.685598285794634,4302,5,"LCAT;TREM2"
"GOMF_APOLIPOPROTEIN_BINDING",0.412617702448211,1,-0.503989021703004,-1.03842148717845,2190,16,"LIPC;MTTP;LCAT"
"GOMF_APOLIPOPROTEIN_RECEPTOR_BINDING",0.408941358622024,1,-0.632590593264696,-1.08111130980967,2112,7,"ABCA12"
"GOMF_ARACHIDONATE_COA_LIGASE_ACTIVITY",0.979223504721931,1,0.261977396591505,0.491031763758939,4665,10,"ACSL5;ACSL6;SLC27A1;SLC27A3"
"GOMF_ARACHIDONATE_MONOOXYGENASE_ACTIVITY",0.687878787878788,1,-0.429248554337415,-0.844822952925444,3631,13,"CYP2F1;CYP4A11;CYP1A1;CYP2C8"
"GOMF_ARACHIDONATE_OMEGA_HYDROXYLASE_ACTIVITY",0.763866231647635,1,0.495060851497453,0.773799405508916,3745,4,"CYP4A22;CYP4F11"
"GOMF_ARGININE_BINDING",0.856786530866764,1,0.386413962183877,0.692416792750977,4121,8,"CASTOR1;NOS1;SLC7A6;CASTOR2;SLC38A9"
"GOMF_ARMADILLO_REPEAT_DOMAIN_BINDING",0.427146123467055,1,0.594025524149935,1.06443681775761,2054,8,"LEF1;STRN3;STRN;CTNNBIP1;TCF7L2;AXIN1"
"GOMF_AROMATIC_AMINO_ACID_TRANSMEMBRANE_TRANSPORTER_ACTIVITY",0.995592864637985,1,0.202742446812574,0.380005994953877,4743,10,"SLC38A3;SLC15A4;SLC16A10"
"GOMF_ARP2_3_COMPLEX_BINDING",0.8604898828541,1,0.351485787714043,0.727180729183524,4039,15,"GMFG;CORO1B;SNX9;PICK1"
"GOMF_ARRESTIN_FAMILY_PROTEIN_BINDING",0.36894018887723,1,0.584325213485292,1.0952175413587,1757,10,"CHRM2;GPR61;GPR135;GPR62;SLC9A5"
"GOMF_ARYL_HYDROCARBON_RECEPTOR_BINDING",0.949282893369362,1,0.311576213573693,0.558314718445729,4566,8,"NCOA2;TBP;ARNT2;TAF4;AIP"
"GOMF_ARYL_SULFOTRANSFERASE_ACTIVITY",0.956255110384301,1,0.304811336492442,0.513544958764296,4677,6,"SULT1A4;SULT1A2"
"GOMF_ARYLESTERASE_ACTIVITY",0.104644088420199,1,0.832642257149377,1.3491975721918,515,5,"PON1;APMAP"
"GOMF_ARYLSULFATASE_ACTIVITY",0.945905812473483,1,0.31696493633921,0.617744300135215,4458,12,"SULF1;ARSI;ARSD;ARSG;SULF2;ARSK"
"GOMF_ASPARTIC_ENDOPEPTIDASE_ACTIVITY_INTRAMEMBRANE_CLEAVING",0.629989658738366,1,0.509451202790838,0.88576531126763,3045,7,"SPPL3;SPPL2B;PSEN1;SPPL2A;HM13;NCSTN"
"GOMF_ASPARTIC_TYPE_ENDOPEPTIDASE_INHIBITOR_ACTIVITY",0.848810754912099,1,0.403122292690061,0.700894886708379,4103,7,"NLRP7;CRB2;GAPDH"
"GOMF_ASPARTIC_TYPE_PEPTIDASE_ACTIVITY",0.106731126812942,1,-0.610031837650603,-1.3308094320147,573,21,"ASPRV1;REN"
"GOMF_ATP_ACTIVATED_INWARD_RECTIFIER_POTASSIUM_CHANNEL_ACTIVITY",0.174521790573851,1,-0.797554530147088,-1.28150174858754,884,5,"ABCC9;KCNJ8;ABCC8"
"GOMF_ATP_ADP_ANTIPORTER_ACTIVITY",0.919249592169657,1,0.369419941192195,0.577417765943324,4507,4,"SLC25A6;SLC25A5;SLC25A4"
"GOMF_ATP_DEPENDENT_ACTIVITY",1,1,-0.177263608405887,-0.587448384705357,6415,558,"DDX4;MYO1H;ATP13A4;ABCA12;ABCB5;ABCA10;ABCC9;ATP4B;KIF4B;ATP6V0D2;ABCA8;PMS2P5;MYH6;HSPA7;MYH15;ACSM1;ATP1A4;HSPA6;MYH2;ATP8B1;DNAH9;KCNJ8;DNAH2;ATP2A1;ABCA4;SMC1B;MYO1G;TDRD12;ATP4A;DNAH3;ATP6V1G2;MYO7A;CHRNA4;ABCG2;ABCC6;SWSAP1;ABCC8;ABCD3;RAD51D;CARNS1;RHOBTB3;NAV3;IFIH1;AK6;MYO9A;SLC27A6;ATP6V1E2;MFSD2A;KIF13B;ABCF3;CHD3;KIFC3;DDX12P;MYO5C;HSPA4L;KIF21A;MOV10;KIF12;SRCAP;STARD9;ATP6V0A1;KIF26B;ABCB1;HELQ;DHX38;UBA6"
"GOMF_ATP_DEPENDENT_ACTIVITY_ACTING_ON_DNA",1,1,0.146007058097157,0.435479820946129,4243,119,"MSH4;HFM1;PMS2P1;PMS2P3;PMS2P6;DMC1;ERCC6;BRIP1;MSH5;TOP2A;SMARCA2;SMARCA4;RAD51;CHD2;RAD51C;RECQL5;SMARCA5;MORC2"
"GOMF_ATP_DEPENDENT_ACTIVITY_ACTING_ON_RNA",0.992662848962062,1,-0.250680500121626,-0.683903503605813,5546,75,"DDX4"
"GOMF_ATP_DEPENDENT_CHROMATIN_REMODELER_ACTIVITY",0.999259670553396,1,-0.186960177329359,-0.423117906915887,5398,25,"CHRNA4;CHD3;SRCAP;SMARCAD1;CHD1;CHD1L;RAD54L2;CHD7;MYD88;HELLS;SMARCA1;HLTF;CHD8;CECR2;RSF1;CHD4;CHD5;CHD6;INO80;MORC2;SMARCA5;CHD2;SMARCA4;SMARCA2;ERCC6"
"GOMF_ATP_DEPENDENT_DIACYLGLYCEROL_KINASE_ACTIVITY",0.764089870525514,1,-0.415319202203331,-0.78700889927413,4012,11,"DGKH;DGKK;DGKG;DGKB"
"GOMF_ATP_DEPENDENT_DNA_DAMAGE_SENSOR_ACTIVITY",0.83780276816609,1,0.340902992629157,0.76105892958847,3873,21,"MSH4;PMS2P1;PMS2P3;PMS2P6;DMC1;ERCC6;MSH5;RAD51;RAD51C"
"GOMF_ATP_DEPENDENT_DNA_DNA_ANNEALING_ACTIVITY",0.648984421218694,1,-0.554036508057741,-0.890219699117485,3290,5,"ZRANB3;TP53;SMARCAL1;RAD54L;SMARCA1"
"GOMF_ATP_DEPENDENT_PEPTIDASE_ACTIVITY",0.635780765253361,1,0.506137873390977,0.880004539222882,3073,7,"CLPX;SPG7;AFG3L2;LONP1;LONP2;YME1L1"
"GOMF_ATP_DEPENDENT_PROTEIN_BINDING",0.909812270176118,1,-0.371290772640495,-0.634544139295555,4700,7,"PLK2;PRNP;STX1A;DNAJC5"
"GOMF_ATP_DEPENDENT_PROTEIN_DISAGGREGASE_ACTIVITY",0.796811120196239,1,0.43905967668819,0.739726042195589,3897,6,"NSF;HSPA1A;HSPA1B;HSPA8"
"GOMF_ATP_DEPENDENT_PROTEIN_FOLDING_CHAPERONE",0.686746987951807,1,-0.360490268948326,-0.866760289023155,3761,34,"HSPA7;HSPA6"
"GOMF_ATP_GATED_ION_CHANNEL_ACTIVITY",0.297658862876254,1,0.635948362339485,1.16802078722347,1423,9,"P2RX6;P2RX1;P2RX2"
"GOMF_ATP_HYDROLYSIS_ACTIVITY",1,1,-0.189539672793977,-0.613860169921925,6186,386,"DDX4;ATP13A4;ABCA12;ABCB5;ABCA10;ABCC9;ABCA8;PMS2P5;HSPA7;ATP1A4;HSPA6"
"GOMF_ATP_TRANSMEMBRANE_TRANSPORTER_ACTIVITY",0.954545454545455,1,-0.310603379037294,-0.611312166844577,5039,13,"ANKH;PANX1;SLC25A24;SLC25A17;SLC25A41;SLC17A9;SLC35B1"
"GOMF_ATPASE_ACTIVATOR_ACTIVITY",0.97170837867247,1,0.275767950186338,0.644291796365269,4464,26,"FXYD2;DNAJA4;ATP1B2;GTF2H4"
"GOMF_ATPASE_BINDING",1,1,0.214283838656377,0.610521716381141,4383,84,"SLC26A9;SLN;PGR;TRPC1;ATP1B2;ABCA1;ATP6V0A4;PTPN3;SLC2A13;SNTA1;FXYD7;ATXN3;PEX26;TMEM106B;SNU13;FBL;NR1H2;WFS1;DERL1;USP25;SYVN1;HRC;PEX19;CHMP4A;ATOX1;NPLOC4;ATP6V1E1"
"GOMF_ATPASE_COUPLED_INTRAMEMBRANE_LIPID_TRANSPORTER_ACTIVITY",0.939756816507001,1,-0.301918043277346,-0.694287749137744,5100,27,"ABCA12;ATP8B1;ABCA4"
"GOMF_ATPASE_COUPLED_ION_TRANSMEMBRANE_TRANSPORTER_ACTIVITY",0.897807506503159,1,-0.322992927462376,-0.719314047299853,4831,23,"ATP6V0D2;ATP6V1G2;ATP6V1E2;ATP6V0A1"
"GOMF_ATPASE_COUPLED_LIPID_TRANSMEMBRANE_TRANSPORTER_ACTIVITY",0.647852051627817,1,-0.496070003968713,-0.875771602787281,3362,8,"ABCA12"
"GOMF_ATPASE_COUPLED_MONOATOMIC_CATION_TRANSMEMBRANE_TRANSPORTER_ACTIVITY",0.0579526990431486,1,-0.518354896691054,-1.34151209981131,320,53,"ATP13A4;ABCC9;ATP4B;ATP6V0D2;ATP1A4;KCNJ8;ATP2A1;ATP4A;ATP6V1G2"
"GOMF_ATPASE_COUPLED_TRANSMEMBRANE_TRANSPORTER_ACTIVITY",0.15651718722736,1,-0.414163940566318,-1.16859571725568,896,94,"ATP13A4;ABCA12;ABCB5;ABCA10;ABCC9;ATP4B;ATP6V0D2;ABCA8;ATP1A4;KCNJ8;ATP2A1;ABCA4;ATP4A;ATP6V1G2;ABCG2;ABCC6;ABCC8;ABCD3"
"GOMF_ATPASE_INHIBITOR_ACTIVITY",0.761914418981951,1,0.478438901847092,0.775253236635094,3756,5,"FNIP2;TSC1;FNIP1;ATP5IF1"
"GOMF_ATPASE_REGULATOR_ACTIVITY",0.999548838258516,1,0.196677442802089,0.514292420204235,4430,48,"FXYD2;DNAJA4;SIL1;ATP1B2;FNIP2;TSC1;GTF2H4"
"GOMF_AXON_GUIDANCE_RECEPTOR_ACTIVITY",0.987779262936796,1,-0.244719453038463,-0.453514982145196,5172,10,"GFRA3;L1CAM;ROBO1;PTK7;EPHB1;EPHB3;HMCN2;EPHA7;ROBO2;EPHB2"
"GOMF_AZOLE_TRANSMEMBRANE_TRANSPORTER_ACTIVITY",0.710665658093797,1,-0.428416978165761,-0.829048607810634,3757,12,"SLC22A1"
"GOMF_BASAL_TRANSCRIPTION_MACHINERY_BINDING",0.482104121475054,1,-0.375662855420951,-0.986873106065043,2666,59,"FOXF2"
"GOMF_BASIC_AMINO_ACID_TRANSMEMBRANE_TRANSPORTER_ACTIVITY",0.954545454545455,1,-0.300549289060901,-0.648134908345097,5102,20,"SLC66A1LP;SLC7A4;SLC7A7;SLC22A2;SLC7A1;SLC3A1"
"GOMF_BENZODIAZEPINE_RECEPTOR_ACTIVITY",0.690662593087646,1,-0.454441799522623,-0.842173198892123,3616,10,"GABRG3;GABRG1;GABRA4"
"GOMF_BENZODIAZEPINE_RECEPTOR_BINDING",0.532044961546046,1,-0.620434463608572,-0.996907195614226,2697,5,"RIMBP3"
"GOMF_BETA_1_3_GALACTOSYLTRANSFERASE_ACTIVITY",0.54733614411652,1,-0.527880770012932,-0.956275777232198,2855,9,"B3GALT2;B3GALNT1;B3GALT5;B3GALT1;C1GALT1C1"
"GOMF_BETA_2_ADRENERGIC_RECEPTOR_BINDING",0.172211350293542,1,-0.772309086797543,-1.27797143890995,879,6,"PDE4D;GRIA1;NEDD4;AKAP5"
"GOMF_BETA_2_MICROGLOBULIN_BINDING",0.255295007564297,1,-0.61325656593427,-1.18673985423104,1349,12,"MR1;HLA-H;HFE"
"GOMF_BETA_CATENIN_BINDING",1,1,-0.219246158511246,-0.627289123828403,5729,106,"CTNNA3;SOX30;CDH20;CDH5;NR4A2;AMER3"
"GOMF_BETA_GALACTOSIDASE_ACTIVITY",0.345024469820555,1,0.739551099976746,1.15594719270266,1691,4,"GLB1L2;GLB1L;GLB1L3"
"GOMF_BETA_GALACTOSIDE_CMP_ALPHA_2_3_SIALYLTRANSFERASE_ACTIVITY",0.9664758789861,1,0.292113805613901,0.492152207935325,4727,6,"ST3GAL6;ST3GAL2;ST3GAL3;ST3GAL5"
"GOMF_BETA_GLUCOSIDASE_ACTIVITY",0.447996842313006,1,-0.731246711302455,-1.08620313002587,2269,3,"KL;GBA2"
"GOMF_BETA_N_ACETYLGLUCOSAMINYLGLYCOPEPTIDE_BETA_1_4_GALACTOSYLTRANSFERASE_ACTIVITY",0.913607787467045,1,0.367180936378217,0.594972959470787,4504,5,"B4GALT1;B4GALT2;B4GALT4;B4GALT3"
"GOMF_BETA_TUBULIN_BINDING",0.497477477477478,1,-0.389896478250481,-0.973479441218272,2760,42,"PACRG;DLEC1;TTLL7;SNCA;BCAS3;IFT74;RGS2;MAP1S;SYT11;PDCD5;ARL8B;TAOK1;HDAC6;BBS4;APPL1;TBCA;SPAST"
"GOMF_BH_DOMAIN_BINDING",0.295529320688988,1,-0.68598255972926,-1.17235936093848,1526,7,"IRGM"
"GOMF_BHLH_TRANSCRIPTION_FACTOR_BINDING",0.290181500109337,1,0.459022615106928,1.10539449159949,1326,30,"BHLHE41;HAND1;ASCL2;ISL1;ASCL1;LMO2;BHLHE40;KLF5;RUNX2;SIRT1;USF2;SOX9"
"GOMF_BICARBONATE_MONOATOMIC_ANION_ANTIPORTER_ACTIVITY",0.12891617273497,1,0.650038925365134,1.3230595557159,608,14,"SLC26A9;SLC26A5;SLC4A1;SLC26A7"
"GOMF_BICARBONATE_TRANSMEMBRANE_TRANSPORTER_ACTIVITY",0.908221445650175,1,-0.312945318772668,-0.729575606534221,4937,29,"SLC39A5;SLC26A10P;BEST1"
"GOMF_BILE_ACID_BINDING",0.495499021526419,1,-0.615250708681362,-1.01808051582592,2531,6,"AKR1C3;AKR1C1"
"GOMF_BILE_ACID_SODIUM_SYMPORTER_ACTIVITY",0.798620969377408,1,0.45609033635808,0.739040048989569,3937,5,"SLC10A1;SLC10A5"
"GOMF_BILE_ACID_TRANSMEMBRANE_TRANSPORTER_ACTIVITY",0.850479233226837,1,0.354929992927605,0.734306364831397,3992,15,"SLC10A1;SLCO1B1;ABCC11;SLCO1C1;SLC10A5;SLCO1A2"
"GOMF_BIOACTIVE_LIPID_RECEPTOR_ACTIVITY",0.539297124600639,1,0.456040998233489,0.943492559940458,2531,15,"FFAR1;S1PR4;SPHK1"
"GOMF_BIS_5_ADENOSYL_PENTAPHOSPHATASE_ACTIVITY",0.185127201565558,1,-0.765496306435911,-1.26669805255393,945,6,"ENPP3"
"GOMF_BITTER_TASTE_RECEPTOR_ACTIVITY",0.730189039526446,1,-0.437595506141102,-0.81095358660845,3823,10,"TAS2R31;TAS2R10;TAS2R13"
"GOMF_BMP_BINDING",0.949312714776632,1,0.29817956736077,0.658718791706862,4419,20,"COMP;CHRD;GREM1;CER1;SCUBE3;UCMA;HJV;BMPR1B;BMPR2"
"GOMF_BMP_RECEPTOR_ACTIVITY",0.567033880690085,1,0.523124963080077,0.937389806250106,2727,8,"ACVRL1;HJV;BMPR1B;BMPR2"
"GOMF_BMP_RECEPTOR_BINDING",0.868064379500212,1,0.360592245121877,0.718327588347893,4098,13,"BMP4;RSPO2;BMP7;BMP6;SCUBE3;ELAPOR2;BMP2"
"GOMF_BRANCHED_CHAIN_AMINO_ACID_TRANSMEMBRANE_TRANSPORTER_ACTIVITY",0.151207359141433,1,-0.717759187973883,-1.30024763987607,788,9,"SLC6A20"
"GOMF_BUBBLE_DNA_BINDING",0.937642901683642,1,0.323645113241416,0.579941030167825,4510,8,"BLM;ABL1;XPC;RECQL4;HMGB1;WRN;NEIL3;ERCC5"
"GOMF_C_ACETYLTRANSFERASE_ACTIVITY",0.955325749741468,1,0.307745187901008,0.535065989949517,4618,7,"GCAT;ACAT1;HADHA;HADHB;ACAA2"
"GOMF_C_ACYLTRANSFERASE_ACTIVITY",0.512241054613936,1,-0.468306844472838,-0.964901751728842,2719,16,"SPTLC3;ACSM1"
"GOMF_C_C_CHEMOKINE_BINDING",0.54425250586479,1,0.433230032953237,0.936666123827845,2551,18,"CCR6;CCR1;CCR3;ACKR1"
"GOMF_C_METHYLTRANSFERASE_ACTIVITY",0.849550286181521,1,0.406798142046561,0.685371933625158,4155,6,"NSUN4;NSUN5;COQ5"
"GOMF_C_PALMITOYLTRANSFERASE_ACTIVITY",0.162492605008874,1,-0.802970826986882,-1.29020459410932,823,5,"SPTLC3"
"GOMF_C_X_C_CHEMOKINE_BINDING",0.934698844047861,1,0.340740844301377,0.552129940476376,4608,5,"ACKR3;A2M;GPR182"
"GOMF_C_X_C_CHEMOKINE_RECEPTOR_ACTIVITY",0.788831437435367,1,0.435230100137117,0.756719628904816,3813,7,"GPR25;ACKR3;CXCR4;GPR35"
"GOMF_C_X3_C_CHEMOKINE_BINDING",0.179648984421219,1,-0.794589608323143,-1.27673774517687,910,5,"CX3CR1;ITGB3;ITGA4"
"GOMF_C2H2_ZINC_FINGER_DOMAIN_BINDING",0.0116426756985605,1,0.791925139643971,1.61184827943814,54,14,"GATA2;WT1;LEF1;ZXDA"
"GOMF_C3HC4_TYPE_RING_FINGER_DOMAIN_BINDING",0.646522003650375,1,0.546049941203492,0.884808870365865,3187,5,"HSPA1A;PINK1;HSPA1B;HSPA8"
"GOMF_C4_DICARBOXYLATE_TRANSMEMBRANE_TRANSPORTER_ACTIVITY",0.952254641909814,1,-0.313404897429041,-0.625924162408988,5025,14,"SLC25A12;SLC25A13;SLC1A1;SLC1A5;SLC25A18;SLC25A10;SLC25A11;SLC13A5;SLC16A1;SLC13A3;UCP2;SLC25A22;SLC1A4;SLC1A6"
"GOMF_CADHERIN_BINDING",1,1,-0.127488476027066,-0.408392690152799,6120,331,"OLFM4;PTPRH;CTNNA3;CDH20;CDH5;H3C2;H3C7;CDH17;NCK1;NDRG1;PTPRB;EGFR;H3C11;PARVA;S100A11;CDHR3;EPHA2;PPFIBP1;ABCF3;MACF1;H3C1;PKP4;PROM1;ERC1;CDH8;ARHGAP1;CEMIP2;PAK6;DLG1;ARHGAP18;LRRFIP1;SRC;CCS;GOLGA3;SLC3A2;ASAP1;PTPRT;ARVCF;CGN;NIBAN2;H3C8;BZW1;CALD1;PLCB3;YKT6;H3C6;CDH2;PHLDB2;ATXN2L;CIP2A;GLOD4;RAB11B;NUDC;CAST;MB21D2;EPS15;CBL;PTPN1;SHTN1;MYO1B;TES;UBAP2;CLINT1;IDH1;ZC3HAV1;RAB10;CDC42EP1;CAPZA1;PKP2;NHERF2;SLK;TJP1;MPRIP;PAK2"
"GOMF_CADHERIN_BINDING_INVOLVED_IN_CELL_CELL_ADHESION",0.877372574109618,1,0.334309979853626,0.722795764762368,4113,18,"TRIM29;PKP3;ANXA1;PDLIM1;STXBP6;BAIAP2;CNN3"
"GOMF_CADMIUM_ION_BINDING",0.984802431610942,1,0.296204368413014,0.441136219091302,4859,3,"NOS1;SLC11A2"
"GOMF_CALCITONIN_FAMILY_BINDING",0.512324985210018,1,-0.629901230891941,-1.01211829199515,2597,5,"CALCR;CALCRL;RAMP1"
"GOMF_CALCITONIN_FAMILY_RECEPTOR_ACTIVITY",0.83091976516634,1,-0.434193123186506,-0.718477122552524,4245,6,"CALCR;CALCRL;RAMP1"
"GOMF_CALCIUM_ACTIVATED_CATION_CHANNEL_ACTIVITY",0.994155844155844,1,0.238724672406555,0.54260765861927,4592,23,"CATSPER1;CATSPER4;ANO10;KCNN1;CATSPER2;KCNMA1;KCNN4"
"GOMF_CALCIUM_ACTIVATED_POTASSIUM_CHANNEL_ACTIVITY",0.979433368310598,1,0.261209097005783,0.489591717764207,4666,10,"KCNN1;KCNMA1;KCNN4;KCNN2;KCNMB3"
"GOMF_CALCIUM_CALMODULIN_DEPENDENT_PROTEIN_KINASE_ACTIVITY",0.997376475732401,1,0.225494002474954,0.530976613533129,4561,27,"PHKG1;PNCK;CAMK1G"
"GOMF_CALCIUM_CHANNEL_INHIBITOR_ACTIVITY",0.997883149872989,1,0.209114471200373,0.425622049025329,4713,14,"TNNI3;ITPR1;FKBP1B;PACSIN3;CALM2;CALM1;MICU1"
"GOMF_CALCIUM_CHANNEL_REGULATOR_ACTIVITY",0.996031746031746,1,-0.239752755561721,-0.62622143757141,5521,56,"C8orf44-SGK3;CAV3;RRAD;PDE4D;GRM3"
"GOMF_CALCIUM_DEPENDENT_CYSTEINE_TYPE_ENDOPEPTIDASE_ACTIVITY",0.261581920903955,1,-0.568697096872987,-1.17174632711924,1388,16,"CAPNS2;CAPN14;ADGB;CAPN9;CAPN3;CAPN13;CAPN10"
"GOMF_CALCIUM_DEPENDENT_PHOSPHOLIPASE_A2_ACTIVITY",0.318939393939394,1,-0.571440076569798,-1.12467633968583,1683,13,"PLA2G4F;PLA2G2C;OC90"
"GOMF_CALCIUM_DEPENDENT_PHOSPHOLIPID_BINDING",0.360714930492869,1,-0.406072455180892,-1.05092305581119,1997,53,"PLA2G4F;CPNE6;SYT8"
"GOMF_CALCIUM_DEPENDENT_PROTEIN_BINDING",0.774766690595836,1,-0.317275081649497,-0.851877572559611,4316,68,"DMBT1;SYT8;SNTN;S100A5"
"GOMF_CALCIUM_DEPENDENT_PROTEIN_SERINE_THREONINE_KINASE_ACTIVITY",0.95783825220391,1,-0.307366390355757,-0.556805723052397,4997,9,"MKNK1;CAMK4;PRKCA;MAPKAPK3;PRKCB"
"GOMF_CALCIUM_DEPENDENT_PROTEIN_SERINE_THREONINE_PHOSPHATASE_ACTIVITY",0.886007354364235,1,-0.390368206700396,-0.667147895886159,4577,7,"PPP3CC;PPM1A"
"GOMF_CALCIUM_DEPENDENT_PROTEIN_SERINE_THREONINE_PHOSPHATASE_REGULATOR_ACTIVITY",0.453511180855237,1,-0.690204399912863,-1.07215059649855,2311,4,"RCAN2;RCAN3"
"GOMF_CALCIUM_INDEPENDENT_PHOSPHOLIPASE_A2_ACTIVITY",0.426408585665006,1,-0.578043432274569,-1.04714731786647,2224,9,"PLB1"
"GOMF_CALCIUM_INDUCED_CALCIUM_RELEASE_ACTIVITY",0.539241533157575,1,0.606919321669652,0.983440449102841,2658,5,"RYR3;BNIP1;RYR1;RYR2"
"GOMF_CALCIUM_ION_BINDING",0.999422632794457,1,0.245369548496367,0.848138774036697,3461,638,"PON1;CABS1;MYL2;OCM;NELL1;CABP7;MYL1;S100A3;PLA2G10;NOX5;WDR49;TCHH;SHH;CALML5;CD93;S100B;PRSS2;MYL4;CABP2;CLEC4A;CABP4;PCDHB6;PADI4;IHH;PCDHGA5;CDH18;CAPS2;SCUBE2;PCDHB5;PCDHB18P;COMP;CAPSL;PCDHB7;PCDHGA11;CDH9;PCDHA5;SPATA21;DLK1;F7;MYL10;PLA2G4D;CDH10;KCNIP2;FSTL5;DSG1;PCDHA1;PPEF1;CDH6;KCNIP1;BGLAP;TNNC2;EGFLAM;PKD2L2;CHP2;RPH3A;PCDHGB5;CDH15;PROZ;SULF1;MMRN1;MYOF;TESC;SNED1;PCDHA10;RCVRN;PKD1L2;RHBDL3;DLK2;PLA2G2A;GUCA1B;CLSTN2;PCDHB12;PVALB;TRPM2;LRP1B;F2;PCDHGA3;PITPNM2;PCDHA8;PCDHB3;FSTL4;AMY2B;EGF;PCDHA3;CAPN11;TTYH2;PAMR1;EFCC1;ASAH2;RET;CGREF1;PLCB1;CACNA1E;SLIT2;BAIAP3;S100A2;DNASE1L2;SCUBE3;NAALADL1;PRSS3;PCDHGB3;EGFL8;GRIN1;PCDHGA8;PCDHGA6;ADAM8;PCDHB10;EML1;TPD52;PCDHGA9;ITGB1BP2;FLG;ITPR1;RCN3;SPOCK2;SNCB;REPS2;ADGRL3;MYL11;CRACR2A;SYT7;GUCA1A"
"GOMF_CALCIUM_ION_TRANSMEMBRANE_TRANSPORTER_ACTIVITY",1,1,0.202072135479729,0.615168342510523,4250,138,"CATSPER1;TRPM1;CACNA1S;CACNA2D4;P2RX1;CACNB4;CACNA2D3;CACNA1C;PKD2L2;TRPV6;UCP3;PKD1L2;GRIN3B;TRPM2;MCOLN3;TRPV3;CACNA1E;CATSPER4;GRIN2B;GRIN1;CALHM3;CNGA1;ITPR1;ATP2B4;CACNG4;CACHD1;TRPC1;RYR3;CATSPER2;BNIP1;SLC8B1;CACNA2D1;TMBIM4;CNGB1;SLC8A3;CNGA4;ATP2B3"
"GOMF_CALCIUM_MONOATOMIC_CATION_ANTIPORTER_ACTIVITY",0.575453857791225,1,-0.476792601857706,-0.922662412859838,3042,12,"SLC24A5;SLC8A1"
"GOMF_CALCIUM_POTASSIUM_SODIUM_ANTIPORTER_ACTIVITY",0.367185959376849,1,-0.702769127038015,-1.12920161708123,1861,5,"SLC24A5"
"GOMF_CALCIUM_SENSITIVE_GUANYLATE_CYCLASE_ACTIVATOR_ACTIVITY",0.610333267600079,1,-0.576350077562775,-0.926072894425218,3094,5,"GUCA1ANB-GUCA1A"
"GOMF_CALCIUM_SODIUM_ANTIPORTER_ACTIVITY",0.567650440781909,1,-0.519018591743441,-0.940221609522281,2961,9,"SLC24A5;SLC8A1"
"GOMF_CALMODULIN_BINDING",1,1,0.221901324640579,0.699763393742253,4094,193,"REM1;IQCF1;MYH8;MYH7;CACNA1S;CFAP221;PHKG1;SPATA17;KCNH5;PDE1A;PNCK;CACNA1C;TRPV6;MYO1A;SRY;PLCB1;MYO3A;SPHK1;GRIN1"
"GOMF_CALMODULIN_DEPENDENT_PROTEIN_PHOSPHATASE_ACTIVITY",0.760993886807336,1,-0.485792562053339,-0.780566085691171,3858,5,"PPP3CC;PPM1A"
"GOMF_CAMP_BINDING",0.667349599552989,1,-0.389208777929856,-0.873391216371771,3582,24,"POPDC2;PDE4D;RAPGEF4;PDE4B;RAPGEF3;POPDC3"
"GOMF_CAMP_DEPENDENT_PROTEIN_KINASE_ACTIVITY",0.0103412616339193,1,0.883608093928759,1.53629904899594,49,7,"PRKY;PRKACG;PRKX"
"GOMF_CAMP_DEPENDENT_PROTEIN_KINASE_REGULATOR_ACTIVITY",0.992587886488776,1,0.231033692413477,0.460236950027557,4686,13,"PPP1R1B;PRKAR2A;PJA2;RAB13"
"GOMF_CAMP_RESPONSE_ELEMENT_BINDING",0.997882253282507,1,0.206730174211105,0.411822465648454,4711,13,"CREB5;ATF7;JUN"
"GOMF_CAMP_RESPONSE_ELEMENT_BINDING_PROTEIN_BINDING",0.994844376551461,1,-0.219433940643978,-0.406655778433612,5209,10,"SIK1;DDIT3;ATF4;CREM;ATF2;DAPK3;CREB3;CRTC2;CRTC3;CRTC1"
"GOMF_CARBOHYDRATE_BINDING",0.978882607249751,1,-0.260937554457643,-0.808254472234032,5886,224,"GALNT5;CD22;FAM3D;CLEC3B;CD33;ITIH1;MGAM2;CHI3L2;CLEC7A;REG1A;SELL;ACR;PRG4;SIGLEC11;DCDC1;OLR1;HKDC1;CLEC1A;P4HA3;PKD1L3;CLEC6A;CLEC4D;CLEC14A;CLEC19A;EVA1C;HLA-DRA;LGALS9;COLEC11;KLRG1;CLEC2D;ENPP2;CLC;PTX3;SOST;PPP1R3E;SLC2A5;CD302;CALR3;GALNT4;ALDOB;ACAN;AMBP;CHODL;ASGR2"
"GOMF_CARBOHYDRATE_DERIVATIVE_TRANSMEMBRANE_TRANSPORTER_ACTIVITY",0.529177958446251,1,-0.374238613511832,-0.959533536302307,2928,50,"SLC22A1;SLC37A2;SLC46A2;SLC28A3;SLC35C1;SLC22A2;MFSD2A;ANKH;SLC29A4;PANX1;SLC25A24;SLC25A17;SLC15A3;SLC35A3;SLC25A41;LRRC8A;SLC17A5"
"GOMF_CARBOHYDRATE_KINASE_ACTIVITY",0.991021324354658,1,-0.244990022316348,-0.528321281862337,5297,20,"HKDC1;PFKFB3;FGGY;NAGK;XYLB;PFKM;PFKFB2"
"GOMF_CARBOHYDRATE_MONOATOMIC_CATION_SYMPORTER_ACTIVITY",0.1898446381205,1,-0.623747442259762,-1.24573227334326,1001,14,"SLC2A9;SLC23A1"
"GOMF_CARBOHYDRATE_PHOSPHATASE_ACTIVITY",0.213442498095963,1,-0.648870167616779,-1.22957617581546,1120,11,"FBP2"
"GOMF_CARBOHYDRATE_PROTON_SYMPORTER_ACTIVITY",0.076320939334638,1,-0.833423513655939,-1.37909998105134,389,6,"SLC2A9"
"GOMF_CARBOHYDRATE_TRANSMEMBRANE_TRANSPORTER_ACTIVITY",0.71632765255635,1,-0.358640613673285,-0.852385552432086,3908,32,"SLC2A9;SLC23A1;AQP2"
"GOMF_CARBON_CARBON_LYASE_ACTIVITY",0.855750135403502,1,-0.309152330464264,-0.800091972990198,4739,53,"GADL1;URAD;GAD2;HDC;ME3"
"GOMF_CARBON_DIOXIDE_TRANSMEMBRANE_TRANSPORTER_ACTIVITY",0.136659436008677,1,-0.815444749387538,-1.31024755388692,692,5,"RHAG;AQP6"
"GOMF_CARBON_NITROGEN_LIGASE_ACTIVITY_WITH_GLUTAMINE_AS_AMIDO_N_DONOR",0.427916746228757,1,-0.564932511156413,-1.04693498832752,2240,10,"CPS1;ASNS;CAD;GMPS;ASNSD1;PFAS"
"GOMF_CARBON_NITROGEN_LYASE_ACTIVITY",0.334959694526941,1,0.571522799862871,1.11386122417899,1578,12,"SDS;GGACT;FTCD"
"GOMF_CARBON_OXYGEN_LYASE_ACTIVITY",1,1,0.147395471669092,0.414638550846116,4421,76,"ENO4;CA5B;CA10;AUH;HTD2;HACD1;NEIL1;ECHDC3;HSD17B4;ALAD;HACD4;CA13;ENO2;CA8;CA9;ENO1;EHHADH;TPI1;ENOSF1;PTS;THNSL2;CA11;APIP"
"GOMF_CARBON_SULFUR_LYASE_ACTIVITY",0.881477294139815,1,-0.347226466992665,-0.705193996168067,4677,15,"CENPVL1;SCLY;HCCS;CENPV;MGST3;MGST2;KYAT1;GSTM4;KYAT3;ACCS;GLO1;LTC4S;CENPVL3;CENPVL2;CTH"
"GOMF_CARBONATE_DEHYDRATASE_ACTIVITY",0.871664548919949,1,0.358515091167766,0.71418973732456,4115,13,"CA5B;CA10;CA13;CA8;CA9;CA11"
"GOMF_CARBONYL_REDUCTASE_NADPH_ACTIVITY",0.759496327387198,1,0.419126194088554,0.785580271422347,3618,10,"DHRS4L1;DHRS7;DHRS1;DCXR"
"GOMF_CARBOXY_LYASE_ACTIVITY",0.566447608616283,1,-0.389167942291482,-0.935712686844991,3102,34,"GADL1;URAD;GAD2;HDC;ME3"
"GOMF_CARBOXYLESTERASE_ACTIVITY",0.866266692471453,1,-0.402755437061253,-0.688317946441648,4475,7,"TNFAIP6"
"GOMF_CARBOXYLIC_ACID_TRANSMEMBRANE_TRANSPORTER_ACTIVITY",0.970337538356631,1,-0.265070378559277,-0.798555187843383,5691,167,"SLC36A2;SLC17A8;SLC6A20;SLC23A1;SLC26A10P;SLC51B;SLC10A2;FABP2;SLC6A12;SLCO2B1;SLC22A13;SLC66A1LP;GRIK1;SLC10A4;GRID1;GRIA1;CEACAM1;SLC7A10;SLC7A14;ABCG2;SLC7A11;SLC16A12;ABCD3;SLC7A7;SLC51A;SLC22A2;SLC7A5;SLC27A6;MFSD2A;SLC16A5;ABCB1;GRIN2D;SLC7A1;SLC26A4;SLC6A11;SLC38A7;SLC3A1;FABP5;SLC26A2;SFXN3;SLC27A2;ABCC4;SLC26A1;SLC17A7;SLC16A14;SLC6A9"
"GOMF_CARBOXYLIC_ESTER_HYDROLASE_ACTIVITY",0.963149661046411,1,-0.268373191673695,-0.79127790371241,5540,137,"ACOT12;ACOT6;PLA2G4F;PLA2G2C;OC90;PLB1;LIPC;PNPLA7;TNFAIP6"
"GOMF_CARBOXYPEPTIDASE_ACTIVITY",0.412096592191379,1,0.396628767952837,1.01741890250733,1825,43,"AGBL4;ACE2;CPM;CPA5;AGBL1;CPO;CPN1;MATCAP2"
"GOMF_CARD_DOMAIN_BINDING",0.958068614993647,1,0.303798729433768,0.605190520898623,4523,13,"CASP1;CASP4"
"GOMF_CARDIOLIPIN_BINDING",0.460037878787879,1,-0.511404410433526,-1.00651750552416,2428,13,"IRGM;ATP8B1;PLEKHN1"
"GOMF_CARGO_ADAPTOR_ACTIVITY",1,1,-0.138964265239824,-0.316813707550136,5406,26,"DAB2;STON2;AP1S3;AP4E1;AP1S1;HIP1;AP1G1;AP2S1;LDLRAP1;AP3M1;AP3M2;GOLPH3;AP2B1;COG3;AP1M1;AP1M2;AP2A1;GOLPH3L;GABARAPL1;AP2M1;AP1S2;AP4M1;STON1;AP2A2;AP1G2;HIP1R"
"GOMF_CARGO_RECEPTOR_ACTIVITY",0.0757466714645556,1,-0.477774681511183,-1.28008262339247,420,67,"DMBT1;CD163;APOBR;MSR1;STAB2;PRG4;CD6;CUBN;OLR1;LYVE1;DAB2;FOLR1;LRP2;ENPP2;SCARA5;SSC4D;ASGR2"
"GOMF_CARNITINE_O_ACYLTRANSFERASE_ACTIVITY",0.831898238747554,1,-0.433571368209001,-0.717448279157003,4250,6,"CROT"
"GOMF_CARNITINE_TRANSMEMBRANE_TRANSPORTER_ACTIVITY",0.698896156991006,1,0.489428330449503,0.824586954904811,3418,6,"SLC22A16;SLC16A9"
"GOMF_CASPASE_BINDING",0.951069158158351,1,-0.313751251056318,-0.553902541608696,4936,8,"NLRC4;NOL3"
"GOMF_CATALYTIC_ACTIVITY_ACTING_ON_A_GLYCOPROTEIN",0.473021966304116,1,0.45601458853798,0.985927531715982,2217,18,"ABO;GCNT1;POMGNT1;B3GNT3"
"GOMF_CATALYTIC_ACTIVITY_ACTING_ON_A_NUCLEIC_ACID",1,1,-0.119648634782287,-0.400332268428508,6530,657,"DDX4;NME8;PIWIL1;PXDNL;RNASE6;PMS2P5;TRMT9B;ENPP3;MBLAC1;PIWIL3;EXD1;PNLDC1;RPPH1;TDRD12;REV3L;ZC3H12B;ENPP2;DTWD2;CHRNA4;POLE4;TRUB2;RAD51D;SLFN12L;ZC3H12C;IFIH1;METTL4;LIG4;SLFN12;ERN1;ADARB1;TOP3B;RAG1;ALKBH8;THUMPD3;MRM1;CHD3;ADAT2;DDX12P;MGMT;NME7;FBLL1;MOV10;SRCAP;HELQ;DHX38;TSEN2;DNASE1;SMUG1;CARS1;APEX2;METTL8;DTD2;TYW3;POLR1B;POLR1A;FARS2;HEMK2;ERI2;WARS1;DDX59;EXOSC4;SLFN5;ENDOV;GTDC1;TATDN2;CARS2;PSTK;ERCC6L2;ALKBH3;DCLRE1C;POLR2J2;NEIL2;TRMT10A;THG1L;FANCM;EXO5;HARBI1;OGG1;PUS1;POLR3G;ASTE1;ELAC1;NT5C3A;USB1;TOE1;EP400;TRMT5;SMARCAD1;FTSJ1;BIVM;SETX;GARS1;ENPP1;TRMT1;SUPV3L1;MAP1S;DIS3L;DDX31;POLR2B;CHD1;MTFMT;BTAF1;TARBP1;POLQ;LIG3;DDX60;MARS2;VARS2;POLR3H;CHD1L;DDX46;TUT4;PLD3;MCM8;SETMAR;ASCC3;TATDN3;DCP2;TRMO;TUT7;POLE;ZCCHC4;TMT1A;MARS1;CDKAL1;ETF1;YJU2;DDX55;LARS1;RAD50;DUS4L;TRMT1L;POLR2J;DIS3;DXO;PUS7;POLH;FTSJ3;DFFB;RPP21;PNPT1;DDX52;RLIG1;ERCC5;DNASE2;ANGEL2;FARSA;RFC3;TSN;PRIM2"
"GOMF_CATALYTIC_ACTIVITY_ACTING_ON_A_RRNA",0.989037532515793,1,-0.253210027514522,-0.563905628334831,5322,23,"MRM1;FBLL1;ZCCHC4;FTSJ3;NOP2;MRM3;SPOUT1;TRMT2B;TFB2M;MRM2;BUD23;TSR3;METTL15;TFB1M;EMG1;TRMT61B;FDXACB1;METTL5;DIMT1;METTL25B;FBL;NSUN5;NSUN4"
"GOMF_CATALYTIC_ACTIVITY_ACTING_ON_A_TRNA",1,1,-0.136697179116745,-0.408378030822954,5811,153,"TRMT9B;RPPH1;DTWD2;TRUB2;ADARB1;ALKBH8;THUMPD3;ADAT2;TSEN2;CARS1;METTL8;DTD2;TYW3;FARS2;WARS1;GTDC1;CARS2;PSTK;TRMT10A;THG1L;PUS1;ELAC1;NT5C3A;TRMT5;FTSJ1;GARS1;TRMT1;MTFMT;TARBP1;MARS2;VARS2;TRMO;MARS1;CDKAL1;ETF1;LARS1;DUS4L;TRMT1L;PUS7;RPP21;FARSA;TARS2;RARS2;SEPSECS;METTL6;HARS1;FARSB;THUMPD2;LARS2;METTL2A;ADAT1;TYW1;TRNT1;IARS1;AARS1;TRMT13;YARS1;AARSD1;MTRFR;NSUN2;TRMT10B;TRMU;TRMT2B;ADAR;MRPL58"
"GOMF_CATALYTIC_ACTIVITY_ACTING_ON_DNA",1,1,0.141261682096559,0.455910649435464,3982,249,"DNASE2B;MSH4;TREX1;HFM1;MEIOB;NME5;TREX2;PMS2P1;DNASE1L2;PMS2P3;TEP1;PMS2P6;EXOG;DMC1;ERCC6;EME2;TOP3A;TERT;BRIP1;NEIL1;POLM;POLD4;MSH5;TOP2A;SMARCA2;REV1;ANKLE1;POLN;SMARCA4;RAD51;SND1;CHD2;RAD51C;RECQL5;PRIMPOL;POLK;SMARCA5;MORC2;ERCC1;ALKBH4;FBH1;NIPBL;BLM;CHRAC1;MBD4"
"GOMF_CATALYTIC_ACTIVITY_ACTING_ON_RNA",1,1,-0.137871471956831,-0.449193631148856,6287,415,"DDX4;PIWIL1;RNASE6;TRMT9B;MBLAC1;PIWIL3;PNLDC1;RPPH1;TDRD12;ZC3H12B;DTWD2;TRUB2;SLFN12L;ZC3H12C;IFIH1;METTL4;SLFN12;ERN1;ADARB1;TOP3B;ALKBH8;THUMPD3;MRM1;ADAT2;FBLL1;MOV10;DHX38;TSEN2;CARS1;METTL8;DTD2;TYW3;POLR1B;POLR1A;FARS2;ERI2;WARS1;DDX59;EXOSC4;SLFN5;ENDOV;GTDC1;CARS2;PSTK;ALKBH3;POLR2J2;TRMT10A;THG1L;FANCM;PUS1;POLR3G;ELAC1;NT5C3A;USB1;TOE1;TRMT5;FTSJ1;SETX;GARS1;TRMT1;SUPV3L1;DIS3L;DDX31;POLR2B;MTFMT;TARBP1;DDX60;MARS2;VARS2;POLR3H;DDX46;TUT4;DCP2;TRMO;TUT7;ZCCHC4;TMT1A;MARS1;CDKAL1;ETF1;YJU2;DDX55;LARS1;DUS4L;TRMT1L;POLR2J;DIS3;DXO;PUS7;FTSJ3;RPP21;PNPT1;DDX52;RLIG1;ANGEL2;FARSA;PRIM2;TARS2;NOP2;RAD54L2;RARS2;ENDOG;SEPSECS;DDX23;METTL6;EXOSC9;SLFN13;HARS1;FARSB;THUMPD2;LARS2;METTL2A;ADAT1;TYW1;AGO3;TRNT1;IARS1;AARS1;TRMT13;TDP2;TSNAX;YARS1;AARSD1;TUT1;DHX57;MRM3;DHX33;MTRFR;NSUN2;TRMT10B;TRMU;SPOUT1;POLR3C;CRCP;YTHDC2;TRMT2B;METTL16;ADAR;DHX15;MRPL58;EXO1;RNMT;DDX42"
"GOMF_CATECHOLAMINE_BINDING",0.596444780635401,1,-0.468457364843871,-0.906532527737924,3153,12,"ADRB3;DRD1;ADRB2;SLC6A3"
"GOMF_CCR_CHEMOKINE_RECEPTOR_BINDING",0.0361742424242424,1,-0.754401394599771,-1.48477055411552,190,13,"CCL27;CCL22;MSMP;XCL1"
"GOMF_CCR1_CHEMOKINE_RECEPTOR_BINDING",0.758662613981763,1,0.619893088965254,0.828975331162251,3743,1,"CREB3"
"GOMF_CCR2_CHEMOKINE_RECEPTOR_BINDING",0.206264775413712,1,-0.877209522254486,-1.23436591331955,1046,2,"MSMP"
"GOMF_CCR3_CHEMOKINE_RECEPTOR_BINDING",0.010065127294257,1,-0.961364972319372,-1.42802371058954,50,3,"CCL27"
"GOMF_CCR5_CHEMOKINE_RECEPTOR_BINDING",0.915298885511652,1,0.390255078661983,0.58120564124186,4516,3,"CNIH4;NES;STAT3"
"GOMF_CD4_RECEPTOR_BINDING",0.239172096588731,1,-0.668245704165205,-1.21055211031272,1247,9,"CD22"
"GOMF_CDP_ALCOHOL_PHOSPHATIDYLTRANSFERASE_ACTIVITY",0.980452874008129,1,-0.266918728994806,-0.456170009147705,5065,7,"CDS1;CDIPT;SELENOI;CHPT1;CEPT1;PGS1;PTDSS2"
"GOMF_CELL_ADHESION_MEDIATOR_ACTIVITY",0.9953095684803,1,0.242329807813393,0.703604809467624,4243,97,"NTNG2;MYPN;MADCAM1;CNTN4;DSCAML1;TRIM29;CLSTN2;ITGA10;LRRC4C;NINJ2;ITGAM;GLDN;ADGRL3;ROBO3;PKP3;SVEP1;LRRC4;PLXNB3;NRCAM;NECTIN3;ITGA2B;SIRPA;ANXA1"
"GOMF_CELL_ADHESION_MOLECULE_BINDING",1,1,0.190090387524073,0.655521315751013,3499,616,"ITGAX;ANGPTL3;COL3A1;NTNG2;COL4A3;PCDHB6;MYPN;PCDHGA5;CDH18;MADCAM1;PCDHB5;PCDHB18P;COMP;PCDHB7;PCDHGA11;ITGBL1;CDH9;CNTN4;PCDHA5;ICAM4;DSCAML1;CDH10;PCDHA1;CDH6;TRIM29;VTN;H3C12;PCDHGB5;CDH15;FGF1;AHNAK;PCDHA10;CLSTN2;PCDHB12;SLC6A4;ITGA10;PCDHGA3;GFAP;LRRC4C;PCDHA8;PCDHB3;NINJ2;PCDHA3;H3C10;CD177;PKP1;MMP24;ITGAM;CD1D;PCDHGB3;TBC1D2;FCER2;PCDHGA8;PCDHGA6;ADAM8;PCDHB10;GLDN;VWF;ICAM5;COL16A1;PCDHGA9;GPRC5A;ITGB1BP2;SFN;MRTFB;ADGRL3;COBLL1;ROBO3;PTPRM;GPNMB;NRXN2;PCDHB13;PKP3;GIGYF2;SVEP1;LRRC4;TNXB;ESYT2;PCDHA9;TNN;PLXNB3;CD226;PCDHB11;BMPR2;PCDH11X;NRCAM;NECTIN3;EVPL;ITGA2B;SIRPA;ACTN3;ANXA1;H3C3;NPNT;PCDHGA1;TJP3;PCDHB9;ADAMTS13;CXCL12;CDH13;HSPA1A;CAPG;PCDHAC1;PKM;S1PR2;NRXN3;LDHA;PCDHGB1;PCDHB2;SPTBN2;ANK3"
"GOMF_CELL_ADHESION_RECEPTOR_ACTIVITY",0.628023998451713,1,-0.524884115674242,-0.897038558329352,3244,7,"ITGAL;ITGB3"
"GOMF_CELL_ADHESIVE_PROTEIN_BINDING_INVOLVED_IN_BUNDLE_OF_HIS_CELL_PURKINJE_MYOCYTE_COMMUNICATION",0.606192072569513,1,-0.57982489722556,-0.931656196012213,3073,5,"DSC2;DSG2;PKP2;DSP"
"GOMF_CELL_CELL_ADHESION_MEDIATOR_ACTIVITY",0.941123796731587,1,0.276712185581918,0.761324593402376,4203,65,"NTNG2;MYPN;CNTN4;DSCAML1;TRIM29;CLSTN2;LRRC4C;NINJ2;GLDN;ROBO3;PKP3;LRRC4;PLXNB3;NRCAM;SIRPA;ANXA1"
"GOMF_CELL_MATRIX_ADHESION_MEDIATOR_ACTIVITY",0.567725752508361,1,0.507428903589378,0.931974264781604,2715,9,"MADCAM1;ITGA10;SVEP1"
"GOMF_CENTROMERIC_DNA_BINDING",0.886692759295499,1,-0.394767996944816,-0.653238753389702,4530,6,"MSH2;CENPC;CENPB;KIF2C;MLH3;ZW10"
"GOMF_CERAMIDE_1_PHOSPHATE_BINDING",0.960712212115347,1,-0.306200095309146,-0.523302732649081,4963,7,"GLTPD2;PLA2G4A"
"GOMF_CERAMIDE_BINDING",0.990965556182947,1,-0.236025135105106,-0.498537105737955,5264,18,"GLTPD2;PLA2G4A;MAG;EPDR1;CLN8"
"GOMF_CERAMIDE_TRANSFER_ACTIVITY",0.817761510306299,1,-0.417784462971262,-0.73756479091415,4244,8,"MTTP;GLTPD2"
"GOMF_CGMP_BINDING",0.828598484848485,1,-0.377130191124624,-0.742246510754226,4374,13,"PDE6C;PRKG2;PDE11A"
"GOMF_CHANNEL_ACTIVATOR_ACTIVITY",0.213527851458886,1,-0.610903287487048,-1.22008025933865,1126,14,"ABCC9"
"GOMF_CHEMOATTRACTANT_ACTIVITY",0.923917796239615,1,0.301487035913665,0.709919392961943,4225,27,"CXCL17;BMP4;GPNMB;NTF3;MIF;VEGFB;FGF8;LGALS3;PDGFB;HMGB2;GDNF"
"GOMF_CHEMOKINE_ACTIVITY",0.295946696279845,1,-0.49185746422357,-1.11314454091798,1598,25,"CCL27;CXCL11;CXCL8;CCL22;CXCL2;XCL1"
"GOMF_CHEMOKINE_BINDING",0.617184083952777,1,0.382694625975821,0.90114102498375,2822,27,"CCR6;CCR1;CCR3;ACKR1;ACKR3;CCR7;A2M"
"GOMF_CHEMOKINE_RECEPTOR_BINDING",0.152560842717036,1,-0.509191820953246,-1.23122571823516,839,35,"CCL27;CXCL11;CXCL8;CCL22;CXCL2;CX3CR1;MSMP;XCL1"
"GOMF_CHEMOREPELLENT_ACTIVITY",0.880936747647188,1,0.315411835112903,0.748725114031957,4024,28,"EFNA5;SEMA4F;FLRT3;APOA1;SEMA3B;NRG3;SEMA4A;SEMA3E;EPHA7;SEMA3D;NRG1;SEMA5B;SEMA3F;SEMA4G;SEMA5A;SEMA4B"
"GOMF_CHITIN_BINDING",0.483839752274047,1,-0.594367325861139,-1.01578690074029,2499,7,"CHI3L2"
"GOMF_CHITINASE_ACTIVITY",0.457503450995859,1,-0.659782724079472,-1.06013154290498,2319,5,"CHI3L2"
"GOMF_CHLORIDE_CHANNEL_ACTIVITY",0.3862167982771,1,-0.380815953273513,-1.03244609433637,2151,72,"SLC17A8;GLRA1;CLIC5;AQP6;GABRG3;BEST3;ANO3;BEST1;GABRG1;GLRB;GABRA4;CLCN1;BEST2;GABRR1;ANO4"
"GOMF_CHLORIDE_CHANNEL_INHIBITOR_ACTIVITY",0.871975180972079,1,0.390429269783074,0.67882596367013,4215,7,"VAMP8;VTI1B;STX7;ANO9;CFTR;STX8"
"GOMF_CHLORIDE_CHANNEL_REGULATOR_ACTIVITY",0.0342932929139826,1,-0.745753738528777,-1.48940009547133,180,14,"C8orf44-SGK3"
"GOMF_CHLORIDE_ION_BINDING",0.598212429848264,1,0.507623540846467,0.909612743005774,2877,8,"AMY2B;WNK4;ACE"
"GOMF_CHLORIDE_TRANSMEMBRANE_TRANSPORTER_ACTIVITY",0.552705061082024,1,-0.334444515638776,-0.956885213446063,3166,106,"SLC17A8;GLRA1;SLC26A10P;CLIC5;AQP6;SLC22A1;GABRG3;BEST3;ANO3;BEST1;SLC6A12"
"GOMF_CHOLESTEROL_BINDING",0.487029099932326,1,0.372470504481056,0.973974211150459,2158,48,"CETP;NPC1L1;APOA2;MINAR2;APOA1;NINJ2;PTCH1;OSBP2;NR1H3;GRAMD1C;OSBPL5;ABCG1;ABCA1"
"GOMF_CHOLESTEROL_TRANSFER_ACTIVITY",0.346814524896717,1,0.459845844155628,1.06552358327454,1594,25,"ABCG8;CETP;ABCG5;APOA2;APOA1;GRAMD1C;ABCG1;ABCA1"
"GOMF_CHOLINE_TRANSMEMBRANE_TRANSPORTER_ACTIVITY",0.993889631468398,1,-0.223756434212618,-0.414666239266475,5204,10,"SLC44A3;SLC22A2;SLC5A7;FLVCR2;FLVCR1"
"GOMF_CHONDROITIN_SULFATE_BINDING",0.116287951117052,1,-0.72669400442531,-1.34671197712332,608,10,"IMPG1;RTN4RL1;ADGRE2;AMBP"
"GOMF_CHONDROITIN_SULFOTRANSFERASE_ACTIVITY",0.988194310044513,1,-0.254761255099669,-0.435392617471809,5105,7,"CHST12;CHST9"
"GOMF_CHROMATIN_BINDING",1,1,0.19784467185773,0.680863483264298,3567,587,"GATA2;TBR1;LHX3;KLF14;HOXC13;SKOR2;WBP2NL;DLX2;NKAPL;CRX;TFAP2A;FEZF2;PDX1;MPO;ARX;ZEB1;H1-1;NEUROG3;ZFP57;LEF1;THRB;MEIOB;PRDM13;H3-7;FOXN4;TSPYL5;H3C12;ATXN1;SOX10;NPM2;ISL1;CITED1;H3C10;HNF1B;PLAC8;NFATC2;FOXC1;ASCL1;CGAS;KAT2B;SOX15;FAAP24;CEBPA;MEF2A;SAMD11;HDAC5;NR1H3;NFIA;STAT5A;GLI1;ERCC6;ING2;ONECUT1;KLF4;POU4F2;PHC2;CAMTA2;BCL6;RUNX2;FLI1;NFKB1;SVEP1;SCML1;STAG3;BAHCC1;HES1;SREBF1;MITF;PAX6;CITED2;KMT5C;SIRT1;ACTL6B;MECP2;H1-3;H3C3;IRF3;ZKSCAN3;RBPJ;KDM3A;SOX9"
"GOMF_CHROMATIN_DNA_BINDING",0.99811320754717,1,0.241530880683601,0.726611511060624,4231,127,"TBR1;WBP2NL;H1-1;NEUROG3;THRB;H3-7;H3C12;H3C10;CEBPA;NR1H3;KLF4;BCL6;RUNX2;PAX6;H1-3;H3C3;KDM3A"
"GOMF_CHROMATIN_PROTEIN_ADAPTOR_ACTIVITY",0.994579307094037,1,0.247929533934808,0.747375443884396,4219,129,"MEG3;PRDM16;DPPA3;CDYL2"
"GOMF_CHROMO_SHADOW_DOMAIN_BINDING",0.578473581213307,1,-0.573350893690901,-0.948747177957972,2955,6,"SP100"
"GOMF_CILIARY_NEUROTROPHIC_FACTOR_RECEPTOR_BINDING",0.85440313111546,1,-0.419068340207503,-0.693449525444963,4365,6,"CNTF;LIFR;OSMR"
"GOMF_CIS_REGULATORY_REGION_SEQUENCE_SPECIFIC_DNA_BINDING",0.83689126084056,1,0.267318996271206,0.951505909174962,2508,1064,"ZNF723;GATA2;EMX2;ZNF98;PRRX1;TBR1;GFI1B;ZNF492;LHX3;KLF14;HOXC13;DMRTA2;SKOR2;NKX6-3;WT1;PHOX2B;HOXB3;TFAP2B;PAX4;HSF4;ZNF736;ZNF676;DMRT3;NKX2-1;ZSCAN4;RXRG;DLX2;HOXA7;RFX4;SOX6;HOXB7;CRX;TFAP2A;FEZF2;PDX1;POU3F4;HHEX;EBF1;SP7;DMRT2;MSX1;RFX8;ZNF257;TBXT;ARX;CDX2;ZNF728;ZNF534;IRX3;ZEB1;BHLHE41;NEUROG3;DLX5;HAND1;BORCS8-MEF2B;GATA5;HNF1A;IRX1;ZNF704;KLF2;LEF1;HES4;FOXL1;PRDM16;THRB;HES5;ZNF726;IRX4;EN1;NKX2-4;PAX5;MUC1;MYT1L;NR2F2;DLX6;FOXN4;GFI1;MESP2;NFE2;ZNF547;MEIS2;TBX1;MECOM;FOSB;POU3F3;CTCFL;IRF8;ETV2;MESP1;NEUROD2;SOX10;IRX5;ASCL2;ZNF610;NR3C2;ZNF446;ZEB2;ZNF264;ISL1;ZNF583;CREB5;ZNF528;RORC;ZNF680;ZNF613;MIXL1;HOXB2;GSC;HNF1B;GLIS3;ZNF790;GSC2;CDX1;PGR;FOXB1;RFX3;NFATC2;SRY;ZSCAN26;FOXC1;ASCL1;IRF7;RUNX3;SOX15;NTN3;ZNF648;ZNF250;JUNB;ZNF501;CEBPA;ZNF876P;MEF2A;SOX17;ZNF572;HDAC5;NTN1;ZNF280D;SOHLH2;NR2F1;TPRX2;ZNF333;ZNF276;GLI4;SOX1;ZNF284;SCRT1;NR1H3;NFIA;HLF;ZNF454;ZNF132;PRRX2;DMRTB1;ZNF16;PPARA;STAT5A;NFE4;ZNF562;EBF3;GLI1;ZNF540;PLAGL1;TBX19;SP5;PAX3;IRX2;BHLHE40;TFAP2C;PROX2;ATF7;ONECUT1;ZNF682;KLF4;POU4F2;BATF2;STAT4;NR2C1;ZNF607;TGIF2;ZNF688;ZNF324B;BCL6;MYB;IKZF2;AHR;ZNF678;KLF5;RUNX2"
"GOMF_CIS_TRANS_ISOMERASE_ACTIVITY",0.988864142538975,1,0.254885358784688,0.642724160904161,4439,39,"FKBP6;PPIL6;FKBP1C;FKBP15;FKBP1B;CWC27;FKBP2"
"GOMF_CLASS_I_DNA_APURINIC_OR_APYRIMIDINIC_SITE_ENDONUCLEASE_ACTIVITY",0.987944294325504,1,0.255089180002292,0.457095367062886,4752,8,"NEIL1;RPS3;POLB;ALKBH1;NTHL1;NEIL3;OGG1;NEIL2"
"GOMF_CLATHRIN_ADAPTOR_ACTIVITY",0.999814057270361,1,-0.159296840790252,-0.347512580704405,5376,21,"DAB2;STON2;AP1S3"
"GOMF_CLATHRIN_BINDING",0.87417967866033,1,0.303789580412736,0.787231440470895,3862,46,"CCDC158;NSG2;HIP1R;CLTCL1;EPN3;SYT7;SYT6;MYCBPAP;AFTPH;TOM1L2;DNAJC6;PICALM;NSG1"
"GOMF_CLATHRIN_HEAVY_CHAIN_BINDING",0.692498095963442,1,-0.443178851317438,-0.839801526407999,3636,11,"SNAP91"
"GOMF_CLATHRIN_LIGHT_CHAIN_BINDING",0.593174767321613,1,0.528149529038996,0.91827544899751,2867,7,"NSG2;HIP1R;CLTCL1;NSG1"
"GOMF_CO_RECEPTOR_BINDING",0.0489199491740788,1,0.733627400229674,1.46144241392324,230,13,"WNT3A;DKK4;DKK2;BMP4"
"GOMF_CO_SMAD_BINDING",0.811578947368421,1,0.394082669927683,0.753322739729981,3854,11,"CITED1;PAX6;FOXH1;SMAD6;USP9Y;SMAD2;USP9X"
"GOMF_COA_LIGASE_ACTIVITY",0.992046431642304,1,0.243224528758107,0.548757927131511,4614,22,"ACSM6;ACSL5;ACSL6;AACS;ACSF3;ACSM3;SLC27A1;ACSS2"
"GOMF_COA_TRANSFERASE_ACTIVITY",0.94139119853985,1,0.33244643058054,0.538689831283239,4641,5,"OXCT2;ACSM3"
"GOMF_COBALAMIN_BINDING",0.316894625313042,1,-0.653151153440864,-1.15308570954704,1644,8,"CUBN"
"GOMF_COBALT_ION_BINDING",0.474548773068343,1,0.642551663665483,1.04117841387642,2339,5,"MYT1L;ANKLE1;BIRC5;NUDT16"
"GOMF_COENZYME_A_BINDING",0.862299736361793,1,0.413121515313526,0.669414194025479,4251,5,"TMEM120A;ACAT1;NME1;NME2"
"GOMF_COENZYME_A_DIPHOSPHATASE_ACTIVITY",0.396471303995133,1,0.68513830590715,1.11018499362529,1954,5,"FITM1;NUDT8;NUDT19"
"GOMF_COLLAGEN_BINDING",0.577388963660834,1,0.345484874426957,0.938070786069375,2573,60,"LUM;CTSS;COMP;VTN;ITGA10;PODN;CD44;VWF;COL6A1;TNXB"
"GOMF_COLLAGEN_BINDING_INVOLVED_IN_CELL_MATRIX_ADHESION",0.89251673088623,1,0.388378906623797,0.629321744612494,4400,5,"ITGA10;ITGA11"
"GOMF_COLLAGEN_RECEPTOR_ACTIVITY",0.226810176125245,1,-0.746363746661605,-1.23503862323634,1158,6,"GP6;DDR2;ITGA2"
"GOMF_COMPLEMENT_BINDING",0.966666666666667,1,-0.291975766481314,-0.601588321557258,5132,16,"CFB;CR1;PTX3;MASP2;C4A"
"GOMF_COMPLEMENT_COMPONENT_C1Q_COMPLEX_BINDING",0.472608340147179,1,0.613364665836113,1.0333944125864,2311,6,"CD93;MEGF10"
"GOMF_COMPLEMENT_COMPONENT_C3B_BINDING",0.775501926586899,1,0.470937286968584,0.763097763507593,3823,5,"CFHR3;ITGAM"
"GOMF_COMPLEMENT_RECEPTOR_ACTIVITY",0.730093071354705,1,0.460901731883227,0.801354013434234,3529,7,"C5AR2;CMKLR1"
"GOMF_CONNEXIN_BINDING",0.188522973772431,1,-0.790440327842757,-1.27007072744955,955,5,"CAV3"
"GOMF_COPPER_CHAPERONE_ACTIVITY",0.909651319591601,1,-0.363184879535884,-0.641173627743288,4721,8,"CCS;ATP7A;PARK7"
"GOMF_COPPER_ION_BINDING",0.20544733044733,1,-0.44092422897351,-1.15167061951359,1138,56,"DCT;F5;ALB;ACR;S100A5;PRND;LOX;SNCA;AOC3"
"GOMF_COPPER_ION_TRANSMEMBRANE_TRANSPORTER_ACTIVITY",0.401393458486549,1,-0.63541087066056,-1.08593122623261,2073,7,"SLC46A3;SLC39A11;ATP7A"
"GOMF_CORE_PROMOTER_SEQUENCE_SPECIFIC_DNA_BINDING",0.988028009939011,1,0.250566774971255,0.647341088003365,4373,45,"ISL1;GBX2;GTF2A1;AGO2;PAX6;FOS;SMARCA4;FOXP1;SNAPC3;TBP;MYC;H3-3A;GTF2B;SMARCB1;RUVBL2;TAF4;ZBTB17;NPM1;JPH2;RFX7"
"GOMF_CORECEPTOR_ACTIVITY",0.984293193717278,1,-0.25944912779498,-0.671459161366621,5451,53,"CD8A;CXCR6;CD86;TMIGD2;IL10RB;ITGB3;ZP2;IL2RB;TGFBR3;ITGA4"
"GOMF_CORTICOTROPIN_RECEPTOR_ACTIVITY",0.36327817178881,1,-0.803543472450265,-1.13070668648679,1843,2,"MC5R;MC1R"
"GOMF_CORTICOTROPIN_RELEASING_HORMONE_RECEPTOR_BINDING",0.821139814632222,1,-0.444884485442661,-0.714835443175394,4163,5,"CRH;UCN2"
"GOMF_CREATINE_KINASE_ACTIVITY",0.234873262469338,1,0.737013331356202,1.24171720519142,1148,6,"CKM;CKB;CKMT2"
"GOMF_CROSSOVER_JUNCTION_DNA_ENDONUCLEASE_ACTIVITY",0.87175223446269,1,0.381086964824504,0.682871323933745,4193,8,"RAD51C;SLX1B;TEFM;GEN1;SLX1A;XRCC3;EME1;MUS81"
"GOMF_CTPASE_ACTIVITY",0.613894324853229,1,-0.552691530029749,-0.914561283791577,3136,6,"ENTPD4;ENTPD1;ENTPD7;ABCE1"
"GOMF_CULLIN_FAMILY_PROTEIN_BINDING",0.995902402682064,1,-0.225704131157565,-0.506483966523915,5346,24,"PRKN;KLHL36;DCUN1D4;KCTD21;DCUN1D1;KLHL9;DCUN1D2;CCDC22;DCUN1D3;KCTD5;KCTD6;DCUN1D5;KLHL21;DDB1;BTBD1;KCTD17;ANAPC11;RBX1;RNF7;SKP1;KLHL3;KCTD2;KCTD9;ASB2"
"GOMF_CUPRIC_ION_BINDING",0.372743865341716,1,0.697380199519598,1.1300215236586,1837,5,"MUC2;ATP13A2"
"GOMF_CUPROUS_ION_BINDING",0.602215719063545,1,0.492895233826618,0.90528085789068,2880,9,"MUC2;SNCG;SNCB"
"GOMF_CXCR_CHEMOKINE_RECEPTOR_BINDING",0.332575757575758,1,-0.566033551758963,-1.11403552049238,1755,13,"CCL27;CXCL11;CXCL8"
"GOMF_CXCR3_CHEMOKINE_RECEPTOR_BINDING",0.474192277383767,1,-0.746853427366078,-1.05093525503148,2406,2,"CXCL11"
"GOMF_CYCLASE_ACTIVATOR_ACTIVITY",0.493412258926867,1,-0.536825821017617,-0.994847567739619,2583,10,"GUCA1ANB-GUCA1A"
"GOMF_CYCLASE_ACTIVITY",0.276842499064721,1,-0.531440040657711,-1.14605109570831,1479,20,"ADCY10;GUCY2F;ADCY8;GUCY2C;GUCY2D"
"GOMF_CYCLASE_INHIBITOR_ACTIVITY",0.633208440149872,1,-0.563202061254197,-0.904946808053678,3210,5,"GRM7;RGS2"
"GOMF_CYCLASE_REGULATOR_ACTIVITY",0.574147352553232,1,-0.454418400297765,-0.922893725278869,3046,15,"GUCA1ANB-GUCA1A;GRM7"
"GOMF_CYCLIC_NUCLEOTIDE_ACTIVATED_MONOATOMIC_ION_CHANNEL_ACTIVITY",0.309824198552223,1,0.671867080031672,1.16815221951505,1497,7,"CNGA1;AQP1;CNGB1;CNGA4;HCN2"
"GOMF_CYCLIC_NUCLEOTIDE_BINDING",0.365279299014239,1,-0.438713925384234,-1.05484070311765,2000,34,"PDE6C;POPDC2;PRKG2;PDE4D;STING1;RAPGEF4;PDE11A"
"GOMF_CYCLIC_NUCLEOTIDE_DEPENDENT_PROTEIN_KINASE_ACTIVITY",0.143603678929766,1,0.719139040279715,1.32081376050819,686,9,"PRKY;PRKACG;PRKG1"
"GOMF_CYCLIC_NUCLEOTIDE_PHOSPHODIESTERASE_ACTIVITY",0.853168754605748,1,-0.332072308273208,-0.763630198974862,4630,27,"PDE6C;PDE6A;PDE4D;PDE11A;PDE1C;PDE1B;PDE4B;MPPED1;PDE8B;PDE8A;PDE5A"
"GOMF_CYCLIN_BINDING",0.607687210072896,1,0.370014465654704,0.906299809223852,2750,33,"CDK15;PTCH1;PROCA1;CDK6;INCA1;FBXO31;CRABP2;POLN;CDK5RAP3"
"GOMF_CYCLIN_DEPENDENT_PROTEIN_KINASE_ACTIVITY",0.636999781325169,1,0.369648974145991,0.890169517576374,2912,30,"CDK15;CDKL3;CDKL4;CDK19;MOK;CDK6;CDK17;VRK3;CDK3;CDK8"
"GOMF_CYCLIN_DEPENDENT_PROTEIN_KINASE_REGULATOR_ACTIVITY",0.175466187373624,1,0.450113430007138,1.1814229761208,780,49,"CDKN2B;CDK5R2;CCNO;KAT2B;CCNP;CCNB3;INCA1;CCNY;CCNL1;CDKN2A;CDKN1C;CCNG2"
"GOMF_CYCLIN_DEPENDENT_PROTEIN_SERINE_THREONINE_KINASE_ACTIVATOR_ACTIVITY",0.743014394580864,1,0.396909909255009,0.807852311156902,3509,14,"CDK5R2;CCNY;CCNT2;CDK5R1"
"GOMF_CYCLIN_DEPENDENT_PROTEIN_SERINE_THREONINE_KINASE_INHIBITOR_ACTIVITY",0.220619431480696,1,0.624652715396793,1.21740801666275,1039,12,"CDKN2B;KAT2B;INCA1;CDKN2A;CDKN1C"
"GOMF_CYCLOHYDROLASE_ACTIVITY",0.969783005475563,1,0.296494309936607,0.480433703310576,4781,5,"GCH1;MTHFD2"
"GOMF_CYCLOSPORIN_A_BINDING",0.722882330394787,1,-0.450958673898098,-0.816928520375804,3771,9,"NKTR;PPIH;PPIC;PPIF;PPIB;PPID;PPIG;PPIE;PPIA"
"GOMF_CYSTEINE_TYPE_ENDOPEPTIDASE_ACTIVATOR_ACTIVITY",0.405052631578947,1,0.556062689334296,1.06296140519908,1923,11,"NLRP3;NLRP1;NLRP12"
"GOMF_CYSTEINE_TYPE_ENDOPEPTIDASE_ACTIVATOR_ACTIVITY_INVOLVED_IN_APOPTOTIC_PROCESS",0.299745439117522,1,0.587403016642992,1.1448107465903,1412,12,"CASP1;NLRP1;NOD1;NKX3-1"
"GOMF_CYSTEINE_TYPE_ENDOPEPTIDASE_ACTIVITY",0.936643450909908,1,0.278153024680316,0.785789550383679,4168,78,"CTSF;CASP1;CTSS;CASP4;CAPN11;CAPN7;USP11;USP30;CFLAR"
"GOMF_CYSTEINE_TYPE_ENDOPEPTIDASE_INHIBITOR_ACTIVITY",0.463235294117647,1,0.442957873520703,0.988894355178557,2141,21,"PTTG3P;LTF;HRG;FETUB"
"GOMF_CYSTEINE_TYPE_ENDOPEPTIDASE_INHIBITOR_ACTIVITY_INVOLVED_IN_APOPTOTIC_PROCESS",0.368560606060606,1,-0.549871121965816,-1.08222553178928,1945,13,"BIRC3;NAIP;XIAP;NOL3"
"GOMF_CYSTEINE_TYPE_ENDOPEPTIDASE_REGULATOR_ACTIVITY_INVOLVED_IN_APOPTOTIC_PROCESS",0.996501967643201,1,0.229823349543421,0.541171040081033,4557,27,"CASP1;NLRP1;CD27;VIL1;NOD1;NKX3-1"
"GOMF_CYSTEINE_TYPE_EXOPEPTIDASE_ACTIVITY",0.908968953622077,1,-0.358223206783286,-0.648934749945343,4742,9,"ACTMAP;ATG4D;CTSZ;MINDY2;BLMH;SCRN2;SCRN1;MINDY1;SCRN3"
"GOMF_CYSTEINE_TYPE_PEPTIDASE_ACTIVITY",0.999520498681371,1,0.231936678333847,0.714150369765327,4168,156,"CTSF;PGPEP1L;CASP1;CTSS"
"GOMF_CYTIDINE_DEAMINASE_ACTIVITY",0.152759213290052,1,-0.699256153925256,-1.29586405259123,799,10,"AICDA;APOBEC2"
"GOMF_CYTIDYLYLTRANSFERASE_ACTIVITY",0.792449214258336,1,-0.422439970130037,-0.765265820840852,4134,9,"PCYT1A;TAMM41;CDS1;CDS2"
"GOMF_CYTOCHROME_B5_REDUCTASE_ACTIVITY_ACTING_ON_NAD_P_H",0.609444551964389,1,-0.532988442806046,-0.910889032575852,3148,7,"NQO1;CYB5R4;CYB5R2"
"GOMF_CYTOCHROME_B5_REDUCTASE_ACTIVITY_ACTING_ON_NADH",0.652336817195819,1,-0.551847378477845,-0.886702230056149,3307,5,"CYB5R4;CYB5R2"
"GOMF_CYTOCHROME_C_OXIDASE_ACTIVITY",0.0313426514188903,1,0.757734868184254,1.50946635107456,147,13,"COX7A1;COX7B"
"GOMF_CYTOKINE_ACTIVITY",0.859201511930073,1,0.283750956159569,0.866476422929577,3636,142,"WNT1;WNT3A;NDP;INHBB;WNT8A;IFNL4;WNT7B;PF4V1;PPBP;TNFSF13B;WNT8B;GDF7;C3;CXCL17;TNFSF10;PF4;IL23A;IL16;GREM1;CCL25;BMP4;ALKAL1;BMP7;SECTM1;CER1;CCL28;BMP6;IL11;WNT2B;WNT4"
"GOMF_CYTOKINE_BINDING",0.247998115873764,1,0.361041926458247,1.0826936552333,1052,124,"CCR6;CCR1;CCR3;ACVRL1;GBP1;CASP1;IL1RL1;CRLF2;IL2RG;IL3RA;TGFBR3L;COMP;CHRD;ACKR1;WFIKKN2;CNTFR;GREM1;LRRC32;CSF2RA;IL12RB2;CER1;NLRP7;ACKR3;IL10RA;CD36;SCUBE3;UCMA;HJV;IL11RA;CCR7;A2M"
"GOMF_CYTOKINE_RECEPTOR_ACTIVITY",0.264065335753176,1,0.385544694341386,1.09120010881362,1163,80,"CCR6;GPR25;GPR17;CCR1;CCR3;IL1RL1;CRLF2;IL2RG;IL3RA;CNTFR;CSF2RA;IL12RB2;CMKLR1;IL17RE;ACKR3;IL10RA;CD44;FLT3;EBI3;IL11RA;CCR7"
"GOMF_CYTOKINE_RECEPTOR_BINDING",0.693195316477176,1,-0.302542933821403,-0.917992163484899,4084,178,"CCL27;IL12B;CXCL11;CXCL8;CCL22;GATA3;CXCL2;CDH5;AMH;CX3CR1;MSMP;TGFB3;XCL1;IL6;ITGB3;IL7;SOCS2;CNTF;IL6R;EPO;IL15;IL34;IL37;TGFBR3;CD70;SMAD7;TLR5;SYK;NOL3;KITLG;LIF;CXCL6;LIFR"
"GOMF_CYTOSKELETAL_ANCHOR_ACTIVITY",0.351142225497421,1,-0.464367345285511,-1.06785455891148,1905,27,"GAS2L2;SPTBN4;NCK1;INSC;WIPF1;SORBS2;EPB41L3"
"GOMF_CYTOSKELETAL_MOTOR_ACTIVITY",0.505285412262156,1,0.329674313208282,0.974452872058743,2150,110,"DNAH8;MYL1;DNAH12;DNAH6;DYNLRB2;MYO16;MYH8;MYH7"
"GOMF_CYTOSKELETAL_PROTEIN_BINDING",1,1,0.181263415763104,0.642021602295309,3061,971,"MYL2;STMN4;LMOD3;KBTBD13;MEFV;XIRP1;FSCN2;CSRP3;SLC26A5;GBP1;MYO16;S100B;NRAP;MYL4;CCDC170;TNNI2;MYH8;AGBL4;MYH7;MYPN;CDK5R2;GMFG;SNTG1;TRIM63;AGBL1;TNNI1;SPAG8;MICAL2;HSPB7;KCNE1;KCNC1;DES;NPC1L1;EML6;TTLL6;PTPRN;SPATA32;FRMD3;TMSB15C;SYNE3;CLIP4;CACNA1C;TNNC2;RFLNA;ANKRD1;RUFY4;CRYAB;RCSD1;CCDC187;MID2;ESPNL;MYOZ1;SPEF1;TMSB4Y;SLC4A1;SLC6A4;TNNI3;MYO18B;HIP1R;MYO1A;SPAG6;RAB6B;MTUS2;EPB41L4A;KIF27;FBXO25;MYO3A;SLC6A2;ANG;MTSS1;DCDC2;EML1;KATNAL2;RAB27B;ABI3;NEFH;HSPA2;FMN2;MYBPC1;BCL2L11;FTCD;SNTG2;MLPH;GLI1;SYNPO;TNS1;KATNAL1;COBLL1;LSP1;SPTB;CFAP157;USH1G;DCLK2;CENPE;DMD;MDM1;ARL4C;HAUS7;TMOD2;MYH11;NFKB1;CLIP3;MYLIP;TTLL5;MIB2;CLU;ENKD1;KIF6;IPP;EML2;MYBPC2;KCNMA1;JAKMIP3;TOGARAM1;DAAM1;UNC5C;NRCAM;SVIL;KLHL2;DCX;ACTN3;VIL1;XIRP2;SAMD14;REEP1;CNN1;NDE1;ARL8A;PLEKHG3;MAP1A;FLNC;FABP3;MTUS1;PTPN3;PHACTR3;CAPG;CAMSAP3;PHACTR1;COBL;TULP1;SNTA1"
"GOMF_CYTOSKELETON_NUCLEAR_MEMBRANE_ANCHOR_ACTIVITY",0.779060665362035,1,-0.464994788725624,-0.769445898529347,3980,6,"AKAP6"
"GOMF_D_GLUCOSE_BINDING",0.876772709850517,1,-0.379395813643583,-0.687289719914919,4574,9,"HKDC1;SLC2A8"
"GOMF_D_GLUCOSE_SODIUM_SYMPORTER_ACTIVITY",0.70163675803589,1,-0.521278995504057,-0.837585292277388,3557,5,"SLC5A9;SLC5A4"
"GOMF_D_LOOP_DNA_BINDING",0.70026363820726,1,0.511216928150991,0.828366122908563,3452,5,"POT1;BLM;RECQL4"
"GOMF_D_MANNOSE_BINDING",0.961841824770838,1,0.293057179854241,0.624803189170359,4511,17,"LMAN1L;CLEC4A;ASGR1;CLEC4G;MRC1;LMAN2L"
"GOMF_D1_DOPAMINE_RECEPTOR_BINDING",0.220268872802482,1,0.716430614118515,1.24563330587892,1064,7,"PTGER1;VPS35;CAV2"
"GOMF_DAMAGED_DNA_BINDING",0.999095431931253,1,0.214870970212114,0.600973970802439,4417,73,"XPA;POT1;NEIL1;REV1;POLK;ERCC1;PNKP;PARP2;BLM;RPA3;RPA1;KDM4D;HMGB2;RPA2;FANCG;RPS3;XPC;POLB;MPG;RAD23A;MUTYH;H2AX;CYREN;POLI;BRCA1;MSH6;PARP1;NTHL1;CRY2;POLD1;RECQL4;UNG;DDB1;ERCC4;XRCC6;MSH3;EP300;DCLRE1B;XRCC5;ERCC2;DCLRE1A;HMGB1;RBBP8;AUNIP;TDG;ERCC3;CREBBP;FEN1;CUL4B;RAD23B;ZNF432;HMCES;PCNA;WRN;SDE2;SMC6;XRCC1;APEX1;MSH2;SIRT6;RAD18;NEIL3;ERCC5;POLH;APTX;XNDC1N;POLQ;DDB2;OGG1;NEIL2;RAD1;DCLRE1C"
"GOMF_DCMP_KINASE_ACTIVITY",0.388389206868356,1,0.659153686860737,1.11053957780414,1899,6,"AK8;CMPK2;AK7;AK9"
"GOMF_DEACETYLASE_ACTIVITY",0.99977767896843,1,0.188320432992995,0.468582139741094,4496,36,"HDAC5;MACROD2;PIGL;SIRT1;MACROD1;HDAC10;YDJC;SIRT4;NDST1;SIRT2"
"GOMF_DEACYLASE_ACTIVITY",0.74820788530466,1,-0.318776862786036,-0.871403035616229,4174,76,"ACOT12;ACOT6;THEM5"
"GOMF_DEAD_H_BOX_RNA_HELICASE_BINDING",0.432966119309915,1,0.590453864681201,1.05803674623804,2082,8,"SP7;POT1"
"GOMF_DEAMINASE_ACTIVITY",0.726854408245905,1,-0.362913650090991,-0.840524272036215,3948,28,"AICDA;APOBEC2"
"GOMF_DEATH_DOMAIN_BINDING",0.4536220774243,1,-0.566029828065963,-1.02538422408743,2366,9,"IRGM"
"GOMF_DEATH_RECEPTOR_ACTIVITY",0.915501905972046,1,0.336204318689027,0.66974495625775,4322,13,"TNFRSF4;TNFRSF19"
"GOMF_DEATH_RECEPTOR_BINDING",0.99719416386083,1,-0.210041649153643,-0.452955072521447,5330,20,"NOL3;NGF;RIPK1;CASP8AP2;BDNF;PIDD1;DAB2IP;FADD;MADD;MYD88;CASP3;BEX3;TMBIM1;FEM1B;EDA;NTF4;BID;CASP8;NTF3;CFLAR"
"GOMF_DEHYDROASCORBIC_ACID_TRANSMEMBRANE_TRANSPORTER_ACTIVITY",0.528933617185988,1,-0.572570341317484,-0.978535372246522,2732,7,"SLC23A1"
"GOMF_DELAYED_RECTIFIER_POTASSIUM_CHANNEL_ACTIVITY",0.936371453138435,1,0.304541994604086,0.687101068863161,4355,22,"KCNH5;KCNE1;KCNC1;KCNA3;KCNE3;KCNE2;KCNA1;KCNH2"
"GOMF_DELTA_CATENIN_BINDING",0.978526315789474,1,0.269136745607334,0.514477915509791,4647,11,"DACT3;DACT1;PLPP3;ABL1;CDH26;CCDC85B"
"GOMF_DEMETHYLASE_ACTIVITY",1,1,-0.149265718219367,-0.374246477796046,5570,43,"CYP1A1;METTL4;UTY;KDM6B;ALKBH3;KDM8;PHF8;RIOX2;MMACHC;FBXL19;CYP51A1;KDM6A;JMJD1C;FTO;RIOX1;JARID2;JMJD6;RAD23B;KDM2A;ALKBH2;KDM4A;METTL3;KDM3B;KDM5A;KDM1A;KDM5C;PHF2;KDM5D;ALKBH1;RAD23A;ALKBH5;RSBN1L;ALKBH7;KDM5B;KDM4D;ALKBH4;KDM4B;KDM4C;KDM3A;KDM2B;KDM1B;RSBN1;KDM7A"
"GOMF_DENEDDYLASE_ACTIVITY",0.745009784735812,1,-0.48286932964998,-0.799023632593924,3806,6,"SENP8"
"GOMF_DEOXYNUCLEOSIDE_KINASE_ACTIVITY",0.898803488136281,1,0.380712424764521,0.616899124185807,4431,5,"TK2;TK1;DGUOK"
"GOMF_DEOXYNUCLEOSIDE_PHOSPHATE_KINASE_ACTIVITY_ATP_AS_PHOSPHATE_DONOR",0.452296819787986,1,0.579961241218511,1.03923497043129,2175,8,"AK8;CMPK2;AK7;AK9"
"GOMF_DEOXYRIBONUCLEASE_I_ACTIVITY",0.853384991843393,1,0.430175151638481,0.672380527758772,4184,4,"DNASE1L2;DICER1"
"GOMF_DEOXYRIBONUCLEOTIDE_BINDING",0.258771040356926,1,0.754810069543295,1.22307978552551,1275,5,"TREX1;SAMHD1"
"GOMF_DERMATAN_4_SULFOTRANSFERASE_ACTIVITY",0.966081640702031,1,-0.302753759498058,-0.486461373514685,4898,5,"CHST14;CHST9"
"GOMF_DERMATAN_SULFOTRANSFERASE_ACTIVITY",0.993867538838921,1,0.233530647317166,0.393451529811023,4861,6,"CHST11;UST;CHST13;CHST8"
"GOMF_DESUMOYLASE_ACTIVITY",0.907135470527404,1,0.363962725328445,0.632809491712447,4385,7,"SENP2;SENP5;HINT1;USPL1;SENP1;SENP3;DESI1"
"GOMF_DEUBIQUITINASE_ACTIVATOR_ACTIVITY",0.643660027607967,1,-0.55742138750232,-0.895658485762187,3263,5,"VCP;TANK;DMWD;WDR48"
"GOMF_DEUBIQUITINASE_ACTIVITY",0.957949609035621,1,-0.272942328188886,-0.772491732783286,5512,96,"OTUD6A;STAMBPL1;OTUD7A;USP50;USP2;USP3;OTUD3;USP31;OTUD6B;UFD1;MINDY4;USP49;PRPF8;CYLD;USP1;MYSM1;USP16;STAMBP;USP53;USP19;YOD1;USP32;USP20;USP12;BRCC3;USP27X;USP33;USP10;UCHL1;OTUD7B;TANK;USP51;USP43;USP5;USP38;OTUD5;USP22;USP40;USP48;UCHL5;USP24;USP46;BAP1;DESI2;SENP3;JOSD2;USP7"
"GOMF_DIACYLGLYCEROL_BINDING",0.95825346112886,1,0.299087699259008,0.618775548938926,4498,15,"FITM1;RASGRP2;DGKD;RAPGEF2"
"GOMF_DIACYLGLYCEROL_DEPENDENT_SERINE_THREONINE_KINASE_ACTIVITY",0.998681980794577,1,-0.19916711240162,-0.415822562433654,5303,17,"PRKCH;PRKCE;PRKCA;SMG1;PRKCQ;PRKD3;PRKCB;PRKCD;PKN3;PRKCI;PRKD2;PKN1;PRKCZ;PKN2;PRKD1;DGKQ;PRKCG"
"GOMF_DIACYLGLYCEROL_O_ACYLTRANSFERASE_ACTIVITY",0.469532636560836,1,-0.652317855376748,-1.0481370748982,2380,5,"MOGAT3;MOGAT1"
"GOMF_DIAMINE_OXIDASE_ACTIVITY",0.910958904109589,1,-0.373507905073711,-0.6180588096802,4654,6,"LOX;LOXL4;LOXL3"
"GOMF_DICARBOXYLIC_ACID_TRANSMEMBRANE_TRANSPORTER_ACTIVITY",0.398555482600131,1,0.434750373966396,1.03201112668112,1820,28,"SLC26A9;SLC26A5;SLC26A7"
"GOMF_DIHYDROPYRIMIDINASE_ACTIVITY",0.340117416829746,1,-0.693916849891637,-1.14825259769648,1737,6,"DPYS"
"GOMF_DINUCLEOTIDE_PHOSPHATASE_ACTIVITY",0.615098241985522,1,0.51717916442446,0.899201652774668,2973,7,"NUDT13;NUDT17;CILP2"
"GOMF_DIOXYGENASE_ACTIVITY",0.946577243293247,1,0.274594061991475,0.788627394617179,4092,90,"IDO2;PTGS2;ALOX15;HPDL;KDM7A;ALOX12;EGLN1;RSBN1;P4HA1;ALOX5;KDM2B;HAAO;KDM3A;P4HA2;PHYHD1;EGLN3;ETHE1;KDM4C;P3H2;KDM4B"
"GOMF_DIPEPTIDASE_ACTIVITY",0.922683706070287,1,0.323767723540726,0.669835474206938,4331,15,"DPEP3;DPEP1"
"GOMF_DIPEPTIDE_TRANSMEMBRANE_TRANSPORTER_ACTIVITY",0.899625320449615,1,-0.381090390836083,-0.61233180148357,4561,5,"SLC15A2;SLC15A3;MFSD1;SLC15A1"
"GOMF_DIPEPTIDYL_PEPTIDASE_ACTIVITY",0.970868240670221,1,-0.286454172725695,-0.542816180839525,5098,11,"DPP6;NAALAD2;DPP4"
"GOMF_DISACCHARIDE_BINDING",0.878187524519419,1,-0.408719428378914,-0.634897110178266,4476,4,"LGALS9;LGALS12"
"GOMF_DISORDERED_DOMAIN_SPECIFIC_BINDING",0.9997813729777,1,0.209715639810427,0.493822891115881,4572,27,"KCNA1;AP2A2;HSPA1A;CDKN2A;AP2M1;GJA5;GAPDH;SMAD2;TEAD2;PPIL1;KEAP1;HSP90AB1;FKBP8;EZR;HSP90AA1;FYN;RRM1;NCOA3;BCL2L2;NUMA1;CTNNB1;TP53;CLTC;HSP90AB3P;RB1;MDM2;SMTNL1"
"GOMF_DISULFIDE_OXIDOREDUCTASE_ACTIVITY",0.52,1,-0.38531955548277,-0.962051945801019,2885,42,"TXNDC2;STAB2"
"GOMF_DNA_APURINIC_OR_APYRIMIDINIC_SITE_ENDONUCLEASE_ACTIVITY",0.994462193823216,1,0.231891809290954,0.479755543086345,4668,15,"NEIL1;HMGA1;RPS3;POLB;HMGA2;APLF;ALKBH1;NTHL1;HMCES;APEX1;NEIL3;TATDN3;OGG1;NEIL2;APEX2"
"GOMF_DNA_BINDING_BENDING",0.365942028985507,1,0.508699162012643,1.06842012908102,1716,16,"HHEX;TREX1;LEF1;FOXL1;FOXC1"
"GOMF_DNA_BINDING_TRANSCRIPTION_ACTIVATOR_ACTIVITY",0.373322809786898,1,0.302117266796429,1.01390110488198,1418,400,"GATA2;BARHL2;PRRX1;GFI1B;LHX3;HOXC13;NKX6-3;WT1;PHOX2B;HOXB3;TFAP2B;DLX2;HOXA7;RFX4;LMX1A;HOXB7;CRX;TFAP2A;FEZF2;PDX1;HHEX;SP7;DMRT2;MSX1;ARX;IRX3;NEUROG3;DLX5;HAND1;BORCS8-MEF2B;HNF1A;LEF1;PRDM16;PAX5;MYT1L;MEIS2;MECOM;FOSB;CTCFL;ETV2;MESP1;NEUROD2;SOX10;ASCL2;ZEB2;ISL1;CREBRF;MIXL1;PRDM12;HOXB2;GLIS3;CDX1;PGR;NFATC2;SRY;FOXC1;CSRNP3;SOX15;JUNB;CEBPA;MEF2A;SOX17;HDAC5;ZNF276;SOX1;NR1H3;NFIA;HLF;PPARA;STAT5A;GLI1;GBX2;PLAGL1;TBX19;TFAP2C;ONECUT1;KLF4;POU4F2;MYB;KLF5;RUNX2;FLI1;MEOX2;FOXK2;NFKB1;KLF6;ELF3;RFXANK;PITX1;SREBF1;OTX2;MITF;PAX6;ZBED1;PBX3;ZSCAN21;MAF;USF2;POU4F3;ZNF784;CSRNP1;IRF3;NFIB;RBPJ;SOX9;SOX21;POU2F3"
"GOMF_DNA_BINDING_TRANSCRIPTION_FACTOR_ACTIVITY",0.574613448399856,1,0.274759611762961,0.984486821523075,1597,1290,"ZNF723;GATA2;EMX2;ZNF98;BARHL2;LHX9;PRRX1;TBR1;GFI1B;ERFL;ZNF729;ZNF492;LHX3;LHX5;KLF14;HOXC13;ZNF99;RHOXF2;DMRTA2;SKOR2;TSHZ2;NKX6-3;WT1;PHOX2B;HOXB3;TFAP2B;PAX4;HSF4;ZNF736;ZNF676;DMRT3;NKX2-1;ZSCAN4;RXRG;DLX2;HOXA7;RFX4;SOX6;LMX1A;HOXB7;HMX1;CRX;TFAP2A;FEZF2;PDX1;POU3F4;HHEX;EBF1;SP7;DMRT2;MSX1;RFX8;ZNF257;TBXT;ARX;ZNF560;ZNF826P;UNCX;CDX2;ZNF728;ZNF534;IRX3;ZEB1;BHLHE41;NEUROG3;DLX5;HAND1;ZNF833P;DMBX1;SHOX2;ZFP57;BORCS8-MEF2B;ZNF705B;MYRFL;HMX3;GATA5;HNF1A;IRX1;FOXG1;ZNF704;KLF2;LEF1;HES4;FOXL1;PRDM16;SPDEF;THRB;HES5;ZNF781;ZNF726;IRX4;TLX3;EN1;NKX2-4;PAX5;ZNF439;MYT1L;NR2F2;DLX6;FOXN4;GFI1;MESP2;NFE2;ZNF547;MEIS2;TBX1;ZNF19;MECOM;FOSB;POU3F3;CTCFL;IRF8;ETV2;MESP1;NEUROD2;ZNF800;ZNF791;SOX10;IRX5;ASCL2;ZNF610;NR3C2;ZNF214;SKIDA1;ZNF446;ZEB2;ZNF264;ISL1;ZNF583;CREB5;ZNF528;ZFP3;ZFP41;RORC;HMX2;ZNF680;CREBRF;ZNF223;ZNF613;MIXL1;PRDM12;HOXB2;GSC;HNF1B;GLIS3;ZNF790;GSC2;CDX1;ZNF441;PGR;FOXB1;RFX3;MNX1;NFATC2;SRY;ZSCAN26;FOXC1;CSRNP3;ASCL1;IRF7;RUNX3;SOX15;NTN3;ZNF648;ZNF250;JUNB;ZNF501;CEBPA;ZNF876P;MEF2A;SOX17;ZNF572;SAMD11;HDAC5;NTN1;ZNF280D;SOHLH2;NR2F1;TPRX2;ZNF333;GTF2IRD2;ZNF276;PEG3;GLI4;SOX1;ZNF284;SCRT1;LMX1B;NR1H3;GTF2IRD2B;NFIA;HLF;ZNF454;ZNF132;PRRX2;DMRTB1;ZC3H6;ZNF16;PPARA;STAT5A;ZNF562;EBF3;GLI1;GBX2;ZNF540;PLAGL1;TBX19;SP5;PAX3;IRX2;BHLHE40;TFAP2C;PROX2;ATF7;PDE3A;ONECUT1;ZNF682;KLF4;ZNF414;POU4F2;ZBTB42;BATF2;STAT4;NR2C1;ZNF607;TGIF2;ZNF688;ZNF324B;BCL6;MYB;IKZF2;AHR;LHX6;ZNF678;ZNF225;ZNF517;KLF5;RUNX2"
"GOMF_DNA_BINDING_TRANSCRIPTION_FACTOR_BINDING",1,1,0.22967803066411,0.779768615163351,3715,472,"GATA2;PRRX1;GFI1B;LHX3;HOXC13;CHCHD2;NKX2-1;HOXA7;CRX;PDX1;HHEX;TBXT;IFI27;BHLHE41;HAND1;LEF1;PRDM16;ID4;PRDM13;ANKRD1;NLRP3;SOX10;ASCL2;NAAA;ISL1;MIXL1;GSC;SRY;FOXC1;ASCL1;KAT2B;H2BC9;FLT3;CEBPA;MEF2A;SOX17;HDAC5;NFIA;PPARA;STAT5A;NFE4;GBX2;LMO2;BHLHE40;KLF4;BCL6;AHR;KLF5;RUNX2;ZFPM1;GTF2A1;FBP1;PITX1;HES1;CRTC1;CITED2;MEF2D;PARP10;SIRT1;ZNF653;CCDC62;USF2;RBPJ;KDM3A;SOX9;CARM1;JUND;CRTC3;FOS;NRIP1;TEAD3;KDM4C;SMARCA4;NR1I2;CDK5RAP3;POU4F1;DACT1;PBXIP1;TMF1;DGKQ;INTS13;TRIB1;NKX3-1;CDKN2A;FOXH1;GATA6;JUN;SMAD4;TAF12"
"GOMF_DNA_BINDING_TRANSCRIPTION_REPRESSOR_ACTIVITY",0.0250506072874494,1,0.375618333736187,1.22826090115356,98,286,"ZNF98;PRRX1;ZNF729;ZNF492;ZNF99;NKX6-3;SOX6;HMX1;TFAP2A;FEZF2;HHEX;MSX1;ARX;CDX2;IRX3;ZEB1;BHLHE41;NEUROG3;HAND1;DMBX1;IRX1;LEF1;PRDM16;HES5;EN1;MYT1L;NR2F2;GFI1;IRF8;ASCL2;ZEB2;RORC;PRDM12;GSC;GLIS3;MNX1;NFATC2;ASCL1;ZNF572;SAMD11;NR2F1;SCRT1;ZC3H6;PPARA;PLAGL1;SP5;IRX2;BHLHE40;TFAP2C;ATF7;POU4F2;NR2C1;TGIF2;ZNF688;BCL6;ZNF225;FOXK2;FOXP2;NFKB1;HES1;BCL6B;ZBED2;MITF;PAX6;ZNF493;ZFP90"
"GOMF_DNA_CLAMP_LOADER_ACTIVITY",0.931438127090301,1,0.326827591475059,0.600271096346131,4455,9,"RFC1;CHTF18;CHTF8;DSCC1;RFC2;RFC4;RFC5;RAD17;RFC3"
"GOMF_DNA_DAMAGE_SENSOR_ACTIVITY",0.898021308980213,1,0.313450633534165,0.726306536131195,4129,25,"MSH4;PMS2P1;PMS2P3;PMS2P6;DMC1;ERCC6;MSH5;RAD51;RAD51C"
"GOMF_DNA_DEMETHYLASE_ACTIVITY",0.974955630053244,1,-0.28874207591843,-0.463947556177785,4943,5,"ALKBH3;FTO;ALKBH2;ALKBH1;ALKBH4"
"GOMF_DNA_DIRECTED_DNA_POLYMERASE_ACTIVITY",0.997196261682243,1,-0.219305284879055,-0.482983388434357,5334,22,"REV3L;POLE4;POLQ;POLE;POLH;POLG2;POLE2;POLG;POLD3;POLD1;POLI;POLL;POLB;POLE3;POLA1;CHRAC1;POLK;PRIMPOL;POLN;REV1;POLD4;POLM"
"GOMF_DNA_DNA_ANNEALING_ACTIVITY",0.890875077946373,1,0.367872283542757,0.659191881351957,4285,8,"BLM;RECQL4;SMARCA1;RECQL;RAD54L;SMARCAL1;TP53;ZRANB3"
"GOMF_DNA_DNA_TETHERING_ACTIVITY",0.879647749510763,1,-0.401059234818203,-0.663649122055589,4494,6,"AHDC1"
"GOMF_DNA_ENDONUCLEASE_ACTIVITY",0.999775835014571,1,0.210117475988214,0.567673270413645,4459,58,"DNASE2B;DNASE1L2;EXOG;EME2;NEIL1;ANKLE1;SND1;RAD51C;ERCC1;MBD4;SLX1B;MGME1;HMGA1;RPS3;N4BP2;POLB;HMGA2;TEFM;GEN1;APLF;ALKBH1;SLX1A;NTHL1;NME1;FAN1;TATDN1;ERCC4;DICER1;XRCC3;RBBP8;FEN1;HMCES;DNASE1L1;DNA2;EME1;XRCC1;APEX1;MRE11;EXO1;MUS81;ZRANB3;NEIL3;ENDOG;DNASE2;ERCC5;DFFB;RAD50;TATDN3;SETMAR;BIVM;ASTE1;OGG1;NEIL2;DCLRE1C;ENDOV;APEX2;DNASE1;RAG1"
"GOMF_DNA_ENDONUCLEASE_ACTIVITY_PRODUCING_3_PHOSPHOMONOESTERS",0.198740818467996,1,0.670881015694248,1.25745156908479,946,10,"DNASE2B;RAD51C;SLX1B;TEFM;GEN1;SLX1A"
"GOMF_DNA_ENDONUCLEASE_ACTIVITY_PRODUCING_5_PHOSPHOMONOESTERS",0.993437764606266,1,0.230393093173397,0.468931584862836,4692,14,"DNASE1L2;SLX1B;MGME1;GEN1;SLX1A;FAN1;DICER1;FEN1;DNASE1L1;DNA2;APEX1;EXO1;ENDOV;DNASE1"
"GOMF_DNA_EXONUCLEASE_ACTIVITY",0.865834974830379,1,0.319495929221885,0.758419943100023,3955,28,"TREX1;MEIOB;NME5;TREX2"
"GOMF_DNA_HELICASE_ACTIVITY",1,1,0.218471313200903,0.599536619994163,4465,64,"HFM1;ERCC6;BRIP1;RAD51;RECQL5;FBH1;BLM;RUVBL2;UPF1;PIF1;RTEL1;MCM2;CHTF18;CHTF8;TWNK;DSCC1;RECQL4;CHD8;ZGRF1;XRCC6;DHX30;RFC2;MCM3;MCM5;ATRX;RFC4;XRCC5;MCM4;DHX36;IGHMBP2;ERCC2;DDX3X;RUVBL1;ERCC3;RFC5;G3BP1;RECQL;MCM6;MCM7;DDX11;HELB;ERCC6L;RAD54L;DHX9;WRN;MCM9;DNA2;MRE11;WRNIP1;ZRANB3;NAV2;RAD54L2;RFC3;RAD50;ASCC3;MCM8;CHD1L;POLQ;SUPV3L1;SETX;SMARCAD1;FANCM;HELQ;DDX12P"
"GOMF_DNA_INSERTION_OR_DELETION_BINDING",0.912720156555773,1,-0.370097383998472,-0.612415280942207,4663,6,"MSH2;PCNA;PMS2;MSH3;MSH6;XPC"
"GOMF_DNA_METHYLTRANSFERASE_ACTIVITY",0.563405088062622,1,-0.580742013109033,-0.960977565609001,2878,6,"METTL4;MGMT;HEMK2;DNMT3A;DNMT1"
"GOMF_DNA_N_GLYCOSYLASE_ACTIVITY",0.993437764606266,1,0.230622302020858,0.469398106088035,4692,14,"NEIL1;MBD4;RPS3;MPG;MUTYH;NTHL1;UNG;TDG;PCNA;APEX1;NEIL3;OGG1;NEIL2;SMUG1"
"GOMF_DNA_NUCLEASE_ACTIVITY",0.999549143372408,1,0.224748531146951,0.633413378869926,4433,77,"DNASE2B;TREX1;MEIOB;NME5;TREX2;DNASE1L2;EXOG;EME2"
"GOMF_DNA_POLYMERASE_ACTIVITY",0.997811337272926,1,0.226227198390627,0.537018482047514,4558,28,"TEP1;TERT;POLM;POLD4;REV1;POLN;PRIMPOL;POLK;CHRAC1;POLA1;POLE3;POLB;TERF1;POLL"
"GOMF_DNA_POLYMERASE_BINDING",0.991588785046729,1,-0.253735335702549,-0.558809844782041,5304,22,"FANCI;NABP2;HSP90AB3P;PAXX;POLG2;FANCD2;PCNA;NHEJ1;ACD;HMGB1;LONP1;HSP90AA1;HNRNPA2B1;SMG6;PTGES3;NAT10;HSP90AB1;RTEL1;CDK2AP1;RAD51;SMARCA4;CDT1"
"GOMF_DNA_REPLICATION_ORIGIN_BINDING",0.973145780051151,1,0.280114613180516,0.588324325103505,4565,16,"MCM10;ORC5;ORC4;POLA1;CDC45;ORC1;ORC3;MCM2;GRWD1"
"GOMF_DNA_RNA_HELICASE_ACTIVITY",0.818786692759295,1,-0.439647799579625,-0.727503198715641,4183,6,"SETX;RAD54L2;DDX1;DHX9;G3BP1"
"GOMF_DNA_RNA_HYBRID_BINDING",0.719384736738316,1,-0.512535508777403,-0.823536355050622,3647,5,"POLR1B;POLR1A;PRIM2;POLR3A"
"GOMF_DNA_SECONDARY_STRUCTURE_BINDING",0.98546511627907,1,-0.259736048909877,-0.631984304943371,5423,36,"MEF2C;NR0B1;RAD51D;KMT2A;FANCM;CLSPN;YY1;ERCC5;SMC5;NEIL3;RAD18;MSH2"
"GOMF_DNA_TOPOISOMERASE_ACTIVITY",0.891046606704824,1,0.375758367536264,0.633076241790419,4358,6,"TOP3A;TOP2A;TOP1MT"
"GOMF_DNA_TRANSLOCASE_ACTIVITY",0.843826655764514,1,0.410082108077143,0.690904746870116,4127,6,"FBH1;HLTF;ATRX;ERCC6L;RAD54L;RAD54B"
"GOMF_DOLICHYL_PHOSPHATE_MANNOSE_PROTEIN_MANNOSYLTRANSFERASE_ACTIVITY",0.975801447776629,1,0.27652572533388,0.480785782489227,4717,7,"POMT1;TMEM260;TMTC4"
"GOMF_DOPAMINE_BINDING",0.967123287671233,1,-0.296838903742143,-0.491191476864294,4941,6,"DRD1;SLC6A3"
"GOMF_DOPAMINE_NEUROTRANSMITTER_RECEPTOR_ACTIVITY",0.879740417765159,1,0.399117766002847,0.64672278675024,4337,5,"DRD4;DRD3;DRD2;DRD5"
"GOMF_DOPAMINE_RECEPTOR_BINDING",0.258785942492013,1,0.563339447889281,1.16547981401526,1214,15,"PTGER1;VPS35;CAV2;PALM;GNAI1"
"GOMF_DOUBLE_STRANDED_DNA_3_5_DNA_EXONUCLEASE_ACTIVITY",0.315757452849321,1,0.726712638423115,1.17755124607573,1556,5,"TREX1;TREX2"
"GOMF_DOUBLE_STRANDED_DNA_EXODEOXYRIBONUCLEASE_ACTIVITY",0.271975180972079,1,0.691996047941474,1.20314976477247,1314,7,"TREX1;TREX2"
"GOMF_DOUBLE_STRANDED_METHYLATED_DNA_BINDING",0.191128372853639,1,0.758925018283666,1.27863393043238,934,6,"WT1;MECP2;EGR1;ZNF445"
"GOMF_DOUBLE_STRANDED_RNA_ADENOSINE_DEAMINASE_ACTIVITY",0.209288176840397,1,0.77732941533143,1.25956970229807,1031,5,"ZBP1;ADARB2;ADAD2"
"GOMF_DOUBLE_STRANDED_RNA_BINDING",0.995024875621891,1,0.240127408390991,0.671613861922686,4399,73,"ZBP1;NLRP6;NLRP1;A1CF;ADARB2;ADAD2;OAS3;DDX60L"
"GOMF_DOUBLE_STRANDED_TELOMERIC_DNA_BINDING",0.857224990417785,1,-0.39038540584562,-0.707197777607966,4472,9,"PURA;RAD50;HMBOX1;APEX1;ZBTB48;XRCC5;TERF2"
"GOMF_DYNACTIN_BINDING",1,1,0.177529034229829,0.367285668652758,4694,15,"RUFY4;BICD1;MAPT;BICD2"
"GOMF_DYNEIN_COMPLEX_BINDING",0.435327102803738,1,-0.460037415908749,-1.01315583919799,2328,22,"KASH5"
"GOMF_DYNEIN_HEAVY_CHAIN_BINDING",0.483327017809776,1,-0.496426569836305,-0.991450317054183,2550,14,"DNAI1;DNAI4"
"GOMF_DYNEIN_INTERMEDIATE_CHAIN_BINDING",0.0562722419928826,1,0.565294390493568,1.39945901257233,252,35,"DNAH8;DNAH12;DNAH6;DYNLRB2;DNAH1;FRRS1L;DNAH5"
"GOMF_DYNEIN_LIGHT_CHAIN_BINDING",0.402836335760828,1,-0.590468505339829,-1.06965580288357,2101,9,"DNAI1;DNAI4"
"GOMF_DYNEIN_LIGHT_INTERMEDIATE_CHAIN_BINDING",0.116655723353031,1,0.546017251073182,1.29613661588458,532,28,"DNAH8;DNAH12;DNAH6;DNAH1;DNAH5"
"GOMF_DYSTROGLYCAN_BINDING",0.531797410510282,1,-0.506152679357223,-0.959133748047985,2792,11,"AGR2;MAP2"
"GOMF_E_BOX_BINDING",0.659559089266353,1,-0.347781544684342,-0.897253344084986,3649,52,"BHLHE23;NEUROG1;GATA3;BHLHE22;TAL1;NEUROG2;OLIG1;ATOH8;TWIST1;TCF21;ATOH7;PPARG;TCF15;SCRT2"
"GOMF_EFFLUX_TRANSMEMBRANE_TRANSPORTER_ACTIVITY",0.102448210922787,1,-0.659521541105282,-1.35888146377989,543,16,"ABCB5;ABCG2;SLC22A2;ABCB1;SLC29A4;SLC17A3;ABCC4"
"GOMF_ELECTRON_TRANSFER_ACTIVITY",0.650830798034168,1,0.312264881462922,0.92443281034694,2780,111,"CYBB;COX7A1"
"GOMF_ENDONUCLEASE_ACTIVITY",1,1,-0.203560698243192,-0.598375562104831,5796,132,"PIWIL1;PXDNL;RNASE6;MBLAC1;PIWIL3"
"GOMF_ENDOPEPTIDASE_ACTIVATOR_ACTIVITY",0.991237677984666,1,0.247103474085995,0.590749169380993,4524,29,"NLRP3;NLRP1;VSIR;PSME1;NLRP12;FURIN"
"GOMF_ENDOPEPTIDASE_ACTIVITY",0.999350121852153,1,-0.241425527952535,-0.772603998551707,6150,322,"ASPRV1;EEF1AKMT4-ECE2;KLK4;KLK3;PRSS46P;KLK15;CELA2A;ERAP2;CAPNS2;CFB;REN;PRSS54;ACR;PRSS57;GZMB;PRSS51;OVCH2;CAPN14;PRSS36;MST1L;PCSK2;TPSAB1;PRRG3;ADGB;CTRL;PRSS50;PRSS22;C2;KLK5;PRSS12;PHEX;ADAM12;ADAMTS1;PROC;ADAMTS9;CASP10;MASP1;NAPSA;TMPRSS3;CPS1;HGFAC;MASP2;TMPRSS13;CAPN9;CAPN3;PRSS23;CAPN13;RHBDL2;ATG4C;HTRA4"
"GOMF_ENDOPEPTIDASE_REGULATOR_ACTIVITY",0.805102763997165,1,0.289656423214212,0.884509658970401,3407,142,"PTTG3P;ITIH3;PZP;SERPINA12;SERPINB12;LTF;COL4A3;SPINK1;SPINK2;C3;WFIKKN2;HRG;SERPINA1;NLRP3;NLRP1;TFPI;WFDC1;NLRP7;RENBP;COL7A1;PAPLN;VSIR;FETUB;A2M;SPOCK2;SPINK5"
"GOMF_ENDOPOLYPHOSPHATASE_ACTIVITY",0.839676592388089,1,-0.432521194531429,-0.694970244844543,4257,5,"NUDT4B;NUDT3;NUDT4;NUDT11;NUDT10"
"GOMF_ENONE_REDUCTASE_ACTIVITY",0.826404380450213,1,0.437428375814015,0.708800565415203,4074,5,"SRD5A2;SRD5A3;SRD5A1"
"GOMF_ENOYL_COA_HYDRATASE_ACTIVITY",0.427392040643522,1,0.504231055330492,1.02628887288402,2018,14,"AUH;HTD2;HACD1;ECHDC3;HSD17B4;HACD4;EHHADH;CDYL;HADHA;HADHB"
"GOMF_ENZYME_ACTIVATOR_ACTIVITY",1,1,0.174634141687932,0.603643214831666,3517,626,"TBC1D3H;TBC1D3K;CASP1;LTF;ARHGAP15;HTR2B;TCL1A;AZIN2;ALK;CDK5R2;GMFG;RGS8;ARHGAP24;RIN2;NANOS3;HSPB2;RGS11;GREM1;EFNA5;FAM20A;RASAL3;NLRP3;NLRP1;TBC1D10C;ARHGAP6;ALKAL1;RCVRN;GUCA1B;APOA2;ARHGDIB;ALS2CL;APOA1;DEPTOR;DNMT3L;GHRL;EGF;AGAP5;BTK;MMP24;PLCB1;KAT2B;DOCK2;PDGFRA;TBC1D2;TAB1;VSIR;RASA4B;INSR;SPDYA;DOCK4;SRGAP1;GPRC5A;ARHGDIG;ERCC6;GUCA1A;GPRC5D;STK3;RGS12;TCL1B;DLC1;SH3PXD2A;NAA25;GPRC5C;NRG3;CLPX;BTC;CFLAR;CAB39L;VAV3;ALKAL2;DEPDC5;RASA4;CCNY;TBC1D9;GMIP;CLPSL2;SRGAP3;RAP1GAP;TGFB1;SIRT1;RAMACL;ARHGEF15;ANKRD27;ARHGAP9;ABR;PARP16;DELE1;ERBB3;VPS9D1;SGSM1"
"GOMF_ENZYME_INHIBITOR_ACTIVITY",0.782230424466122,1,0.277255666229747,0.928503760442694,2966,390,"PTTG3P;ITIH3;UCN;PZP;SERPINA12;CDKN2B;ANGPTL3;SLN;PI16;PPP1R27;SERPINB12;PPP1R2P1;LTF;NDUFA4L2;PDE6H;COL4A3;SPINK1;GMFG;SPINK2;PYDC1;C3;WFIKKN2;PABIR3;HRG;SERPINA1;GCKR;TESC;MYOZ1;APOA2;TFPI;FRY;WFDC1;DEPTOR;NLRP7;SLIT2;EGLN1;KAT2B;RENBP;COL7A1;ELFN2;PAPLN;FETUB;EZHIP;A2M;SFN;SPOCK2;ATP2B4;SPINK5;SNCB"
"GOMF_ENZYME_REGULATOR_ACTIVITY",1,1,0.214063023981878,0.767196211715028,2746,1303,"TBC1D3H;PTTG3P;CPN2;COX6A2;ITIH3;UCN;PZP;FRMD7;HOPX;TBC1D3K;SERPINA12;CDKN2B;CYTH4;ANGPTL3;SLN;PI16;PPP1R27;CASP1;CALML5;SERPINB12;GCGR;PPP1R2P1;LTF;ARHGAP15;HTR2B;NDUFA4L2;PDE6H;TCL1A;AZIN2;COL4A3;ALK;SPINK1;CDK5R2;GMFG;DENND2D;SPINK2;CCNO;PYDC1;RGS8;ARHGAP24;C3;RIN2;WFIKKN2;PABIR3;NANOS3;HSPB2;HRG;RGS11;GREM1;EFNA5;FAM20A;PSD4;SERPINA1;NGB;GBF1;RASAL3;NLRP3;NGEF;NLRP1;TBC1D10C;GCKR;KIAA1755;TESC;ARHGAP6;ALKAL1;MYOZ1;RUNDC3A;RCVRN;DENND4A;GUCA1B;ZEB2;APOA2;RASGRF1;ARHGDIB;TFPI;RAC2;ALS2CL;FRY;APOA1;WFDC1;DEPTOR;DNMT3L;GHRL;EGF;AGAP5;BTK;NLRP7;DOCK10;ECT2L;MMP24;RASGEF1B;PLCB1;SLIT2;RIMS1;EGLN1;KAT2B;RENBP;COL7A1;ELFN2;PIK3R3;FLT3;DOCK2;PDGFRA;TBC1D2;PAPLN;TAB1;VSIR;RASA4B;CCNP;INSR;SPDYA;DOCK4;FETUB;EZHIP;SRGAP1;CCNB3;GPRC5A;A2M;SFN;SPOCK2;ATP2B4;SPINK5;SNCB;ARHGDIG;FGD2;ERCC6;PPP1R1B;GUCA1A;GPRC5D;COL6A3;ING2;KLF4;STK3;PIK3IP1;RGS12;TCL1B;PPP2R2C;INCA1;DLC1;TXNIP;ITIH4;SH3PXD2A;DENND1B;NAA25;CPAMD8;GPRC5C;POT1;NRG3;CLPX;BTC;CFLAR;CAB39L;VAV3;ALKAL2;DEPDC5;ETFRF1;RASA4;A2ML1;CCNY;TBC1D9;GMIP;ABCA2;CLPSL2;PPP2R3B;SRGAP3;CABP1;RAP1GAP;DOCK11;C4B;CRB2;TGFB1;SIRT1;RHOF;RAMACL;ARHGEF15;SERPINE3;ANKRD27;ITSN2;ARHGAP9;SIRPA;ABR;CD27;ANXA1;RASGEF1A;VIL1;PARP16;DELE1;ERBB3;VPS9D1;SGSM1"
"GOMF_ENZYME_SUBSTRATE_ADAPTOR_ACTIVITY",1,1,0.218252485831868,0.66706280533006,4214,144,"KLHL41;KLHL32;FBXO32;GFI1;CCIN;A1CF;KLHL10;RBM46;FBXO24;RAB40B;EME2;KLHL22;SPSB1;KLHL26;FBXO31;IPP;FBXO38;RAB40A;KLHL2;KLHL11"
"GOMF_EPHRIN_RECEPTOR_ACTIVITY",0.998506188647034,1,0.188179975226052,0.411715371343854,4678,19,"EPHA4;EFNA3;EPHA10;EPHB2;NTRK1;EPHA7;EPHB6;EFNB3"
"GOMF_EPHRIN_RECEPTOR_BINDING",0.696191512513602,1,0.366217905953085,0.855614991982231,3198,26,"EFNA5;NGEF;EPHA4;EFNA3;EFNB1;AQP1;EFNA2;EFNA1;EPHA7;EFNB3;ABL1"
"GOMF_EPIDERMAL_GROWTH_FACTOR_RECEPTOR_BINDING",0.904674610449129,1,-0.31169952093949,-0.735815472611349,4934,31,"ERBB4;AREG;AGR2"
"GOMF_EPINEPHRINE_BINDING",0.713698630136986,1,-0.501047703431026,-0.82910413131541,3646,6,"ADRB3"
"GOMF_EPOXIDE_HYDROLASE_ACTIVITY",0.999584286011224,1,0.195014829249031,0.349447887038922,4808,8,"ALOX12;RNPEP;LTA4H"
"GOMF_ER_RETENTION_SEQUENCE_BINDING",0.453660515108497,1,0.653292673008427,1.05858293977449,2236,5,"KCNIP2;KDELR3;KDELR2"
"GOMF_ERBB_3_CLASS_RECEPTOR_BINDING",0.894139119853985,1,0.386629789544458,0.626487508784729,4408,5,"ERBB3;NRG1;ERBB2"
"GOMF_ESTRADIOL_17_BETA_DEHYDROGENASE_NAD_P_PLUS_ACTIVITY",0.831826741996234,1,-0.362622471370169,-0.747149143709795,4416,16,"HSD17B13;AKR1C3;AKR1B15;AKR1C1;HSD17B6"
"GOMF_ESTROGEN_16_ALPHA_HYDROXYLASE_ACTIVITY",0.0365949119373777,1,-0.863845338815381,-1.42944021961372,186,6,"CYP3A43;CYP3A4;CYP1A1;CYP2C8"
"GOMF_ESTROGEN_2_HYDROXYLASE_ACTIVITY",0.240386511536186,1,-0.766637964707743,-1.23182535509563,1218,5,"CYP3A4;CYP1A1"
"GOMF_ESTROGEN_RESPONSE_ELEMENT_BINDING",0.970199370409234,1,0.279138236419287,0.523196819057049,4622,10,"NR3C2;PGR;TRIM24;ESRRB"
"GOMF_EUKARYOTIC_INITIATION_FACTOR_4E_BINDING",0.224763903462749,1,0.655614804347181,1.22883767040041,1070,10,"HHEX;OTX2"
"GOMF_EXCITATORY_EXTRACELLULAR_LIGAND_GATED_MONOATOMIC_ION_CHANNEL_ACTIVITY",0.44412858080035,1,0.413645495639079,0.996119662313074,2030,30,"CHRNB3;GLRA3;CHRNG;P2RX6;P2RX1;P2RX2;CHRNA1;CHRNA3"
"GOMF_EXOGENOUS_PROTEIN_BINDING",0.865671641791045,1,0.292543287143551,0.822954214721625,3827,76,"SLC10A1;CLEC5A;CD80;ACE2;TNFRSF4;SELPLG"
"GOMF_EXONUCLEASE_ACTIVITY",0.993618152809785,1,-0.250256676445385,-0.698919559385725,5604,88,"NME8;ENPP3;EXD1;PNLDC1;ENPP2;NME7;APEX2;ERI2;EXOSC4;TATDN2;DCLRE1C;EXO5;USB1;TOE1;ENPP1;SUPV3L1;DIS3L;PLD3;TATDN3;DCP2;POLE;RAD50;DIS3;DXO;PNPT1"
"GOMF_EXOPEPTIDASE_ACTIVITY",0.79751872659176,1,0.297834955432459,0.867837817857537,3406,99,"DPEP3;AGBL4;ACE2;CPM;CPA5;AGBL1;CPO;CPN1;MATCAP2;ENPEP;ANPEP;LVRN;NPEPPSP1;DPEP1;RNPEPL1;NAALADL1;METAP1D"
"GOMF_EXTRACELLULAR_LIGAND_GATED_MONOATOMIC_ION_CHANNEL_ACTIVITY",0.595701813297515,1,0.338155884807509,0.930376054694864,2660,65,"GABRB1;CHRNB3;GLRA3;CHRNG;P2RX6;P2RX1;GABRA2;GRIN2C;P2RX2;GABRA1;GRIN3B;CHRNA1;CHRNA3;GRIN2B;GRIN1;GABRE"
"GOMF_EXTRACELLULAR_MATRIX_BINDING",0.506040268456376,1,0.35774205183592,0.969805689048826,2261,59,"SHH;CTSS;ADAMTSL5;NTN4;VTN;SSC5D;SLIT2;LGALS1;SPOCK2;THSD1;SMOC2;TNXB"
"GOMF_EXTRACELLULAR_MATRIX_CONSTITUENT_CONFERRING_ELASTICITY",0.698491502768761,1,-0.45062600850664,-0.835101761076303,3657,10,"FBN1;FBN2;FBLN5"
"GOMF_EXTRACELLULAR_MATRIX_PROTEIN_BINDING",0.219286136856636,1,-0.775820342932391,-1.24657949829999,1111,5,"CLEC14A;ITGB8;CD248"
"GOMF_EXTRACELLULAR_MATRIX_STRUCTURAL_CONSTITUENT",0.966901046132739,1,-0.266645802444752,-0.798029647629847,5637,156,"IMPG1;MUC6;FGL2;ZAN;COL6A5;EYS;COL21A1;PRG4;COL22A1;FMOD;HAPLN1;POSTN;COL10A1;FBN1;COL24A1;IMPG2;TNC;LAMB3;MUC5B;COL8A1;ZP2;SPOCK1"
"GOMF_EXTRACELLULAR_MATRIX_STRUCTURAL_CONSTITUENT_CONFERRING_COMPRESSION_RESISTANCE",0.879288437102922,1,0.35441779298697,0.706027603055814,4151,13,"LUM;PRELP;PODN;OGN"
"GOMF_EXTRACELLULAR_MATRIX_STRUCTURAL_CONSTITUENT_CONFERRING_TENSILE_STRENGTH",0.854222821203953,1,0.311177412219484,0.795805370830463,3802,42,"COL19A1;COL15A1;COL3A1;COL4A3;COL4A4;COL7A1;COL16A1;COL6A3;COL1A1;COL6A1"
"GOMF_EXTRACELLULARLY_ATP_GATED_MONOATOMIC_CATION_CHANNEL_ACTIVITY",0.350982419855222,1,0.650692130073136,1.13133606118948,1696,7,"P2RX6;P2RX1;P2RX2"
"GOMF_FAD_BINDING",0.974887082204155,1,-0.270502336753934,-0.670000748683772,5395,40,"STEAP4;DDO;XDH;SQOR;DUOX1"
"GOMF_FATTY_ACID_BINDING",0.699854651162791,1,-0.353941268883461,-0.861202469756915,3851,36,"FABP2;ALB;FABP5P3"
"GOMF_FATTY_ACID_DERIVATIVE_BINDING",0.993368700265252,1,-0.236276120258242,-0.471884561738126,5242,14,"PNPLA3;SOAT1;ACBD5;ACBD6;ACOT7;OXER1;DBI;ECI2;SCP2;ACBD3;ACBD4;ACBD7;GCDH;ACADVL"
"GOMF_FATTY_ACID_ELONGASE_ACTIVITY",0.206825232678387,1,0.723621676526442,1.25813615913986,999,7,"ELOVL3;ELOVL1;ELOVL2"
"GOMF_FATTY_ACID_OMEGA_HYDROXYLASE_ACTIVITY",0.853816046966732,1,-0.419655968741436,-0.694421898418287,4362,6,"CYP4A11;CYP1A1"
"GOMF_FATTY_ACID_TRANSMEMBRANE_TRANSPORTER_ACTIVITY",0.967250141163185,1,-0.287478681178362,-0.607218335505676,5138,18,"FABP2;ABCD3;SLC27A6;MFSD2A;FABP5;SLC27A2"
"GOMF_FATTY_ACYL_COA_SYNTHASE_ACTIVITY",0.874481941977502,1,-0.429553823220413,-0.638064691553334,4430,3,"ACSM1"
"GOMF_FATZ_BINDING",0.722063621533442,1,0.521735548818165,0.815492997047133,3540,4,"MYOZ1;MYOZ3"
"GOMF_FERRIC_IRON_BINDING",0.431708726642265,1,-0.595507970881428,-1.05132131747342,2240,8,"FTH1P19;FXN"
"GOMF_FERROUS_IRON_BINDING",0.286324786324786,1,-0.507097904971692,-1.12932084695555,1540,23,"FTH1P19;FXN;SNCA;TF;FECH;ALKBH3;CDO1;DNAJC24"
"GOMF_FERROUS_IRON_TRANSMEMBRANE_TRANSPORTER_ACTIVITY",0.0259607522485691,1,0.867690803282289,1.46188210359693,126,6,"SLC40A1;MMGT1"
"GOMF_FIBRINOGEN_BINDING",0.327849816140894,1,-0.672234117602027,-1.14886296937928,1693,7,"CDH5;ITGB3"
"GOMF_FIBROBLAST_GROWTH_FACTOR_BINDING",0.638504672897196,1,-0.400862663347618,-0.882833295819695,3415,22,"ITGB3;KL;KLB;TGFBR3;FGFBP3"
"GOMF_FIBROBLAST_GROWTH_FACTOR_RECEPTOR_ACTIVITY",0.509430135875076,1,0.622855166208999,1.00926258649582,2511,5,"FGFR3;FGFR1;FGFR2;FGFR4"
"GOMF_FIBROBLAST_GROWTH_FACTOR_RECEPTOR_BINDING",0.795635287590161,1,-0.3505697179022,-0.79923634965957,4301,26,"FGF21;FGF9;FGF20;KL;KLB;FGF7"
"GOMF_FIBRONECTIN_BINDING",0.995865070729053,1,0.234179309971235,0.547125973816012,4575,26,"CTSS;IGFBP5;SSC5D"
"GOMF_FILAMIN_BINDING",0.95150360016942,1,0.310593509421863,0.618726247160715,4492,13,"HSPB7;RFLNA;SMAD4"
"GOMF_FK506_BINDING",0.393494228751312,1,0.572626538404935,1.07329037843133,1874,10,"FKBP6;FKBP1B;FKBP2"
"GOMF_FLAP_ENDONUCLEASE_ACTIVITY",0.858695652173913,1,0.381101520128332,0.699953838885321,4107,9,"SLX1B;MGME1;GEN1;SLX1A;FAN1;FEN1;DNA2;EXO1;MUS81"
"GOMF_FLAVIN_ADENINE_DINUCLEOTIDE_BINDING",0.92237687366167,1,-0.28453928526386,-0.788340725550751,5168,83,"FMO2;STEAP4;DDO;FMO1;ACADL"
"GOMF_FLIPPASE_ACTIVITY",0.520633126059921,1,-0.472312335241326,-0.959235124018753,2762,15,"ATP8B1;ABCA4;MFSD2A;ABCB1;ATP10A;ATP8A1"
"GOMF_FLOPPASE_ACTIVITY",0.986359761295823,1,0.251751820088827,0.528753990966868,4627,16,"ABCB4;ABCG1;ABCA2;ABCA1;ATP8B2;ATP8A2"
"GOMF_FMN_BINDING",0.970139771283354,1,0.289106026962182,0.575921523366077,4580,13,"TYW1B;PPCDC;NOS1;PNPO;DUS2;NDUFV1;POR"
"GOMF_FOLIC_ACID_BINDING",0.986105263157895,1,0.245954141466633,0.470162384282415,4683,11,"FTCDNL1;FTCD"
"GOMF_FOLIC_ACID_TRANSMEMBRANE_TRANSPORTER_ACTIVITY",0.933938079274305,1,-0.344267929427939,-0.553165880034748,4735,5,"SLC46A1;SLC19A2;SLC19A1;PDPN;SLC25A32"
"GOMF_FOUR_WAY_JUNCTION_DNA_BINDING",0.980229711918659,1,-0.269313058760602,-0.562273785266608,5205,17,"RAD51D;FANCM;YY1;MSH2;XRCC2;WRN;HMGB1;XRCC3;RAD51B;MSH6;GEN1;HMGB3;MEN1;HMGB2;ABL1;BLM;RAD51C"
"GOMF_FOUR_WAY_JUNCTION_HELICASE_ACTIVITY",0.979452054794521,1,-0.270116478900134,-0.446972787339205,5004,6,"FANCM;WRN;RECQL;RECQL4;BLM;RECQL5"
"GOMF_FRIZZLED_BINDING",0.015473032714412,1,0.625664137244005,1.54190786714334,69,34,"WNT1;WNT3A;NDP;WNT8A;WNT7B;WNT8B;RNF43;CTHRC1;RSPO3;FZD1;WNT2B;WNT4"
"GOMF_FRUCTOSE_2_6_BISPHOSPHATE_2_PHOSPHATASE_ACTIVITY",0.682113981463222,1,-0.534462769416766,-0.858768833569547,3458,5,"TIGAR;PFKFB3"
"GOMF_FRUCTOSE_BINDING",0.978323979098123,1,-0.270538715066021,-0.462356645377539,5054,7,"SLC2A5;ALDOB"
"GOMF_FRUCTOSE_TRANSMEMBRANE_TRANSPORTER_ACTIVITY",0.730617335273332,1,0.446265618209287,0.799665225161989,3514,8,"SLC2A7;SLC5A10"
"GOMF_FUCOSE_BINDING",0.485308617629659,1,-0.643315879350608,-1.03367279993995,2460,5,"ACR;COLEC11;ASGR2"
"GOMF_FUCOSYLTRANSFERASE_ACTIVITY",0.906434981859843,1,-0.356170615558713,-0.660056682663333,4746,10,"FUT2;FUT4;FUT10;FUT8;POFUT2;POFUT1;FUT9;FUT1;FUT11"
"GOMF_G_PROTEIN_ACTIVITY",1,1,-0.167747548894492,-0.48335875357187,5739,113,"IRGM;ADRB3;RAB36;RAB6C;MRAS;RAB9B;RIT2"
"GOMF_G_PROTEIN_ALPHA_SUBUNIT_BINDING",0.399778924097273,1,-0.450040280715138,-1.03490818278788,2169,27,"PLCD4;GAS2L2;DRD1;GRIA1"
"GOMF_G_PROTEIN_BETA_GAMMA_SUBUNIT_COMPLEX_BINDING",0.403853348297793,1,-0.482584471764918,-1.04069400181726,2158,20,"GNAT2;GNA15"
"GOMF_G_PROTEIN_BETA_SUBUNIT_BINDING",0.903780068728522,1,0.321861042564701,0.711034357358266,4207,20,"GNG8;RGS11"
"GOMF_G_PROTEIN_COUPLED_ACETYLCHOLINE_RECEPTOR_ACTIVITY",0.779557899006287,1,0.468877744028751,0.75976051955872,3843,5,"CHRM2;CHRM4;CHRM1"
"GOMF_G_PROTEIN_COUPLED_ADENOSINE_RECEPTOR_ACTIVITY",0.99128672745694,1,0.284099587597373,0.423108607714231,4891,3,"ADORA2B;ADORA2A;ADORA1"
"GOMF_G_PROTEIN_COUPLED_AMINE_RECEPTOR_ACTIVITY",0.88856142936084,1,-0.317918406857595,-0.745089098207929,4823,30,"HTR2A;CHRM5;ADRB3;HRH1;HTR1B;ADRB2;HTR1A;ADRA1D"
"GOMF_G_PROTEIN_COUPLED_CHEMOATTRACTANT_RECEPTOR_ACTIVITY",0.185567010309278,1,0.55746419878118,1.2315134356496,863,20,"CCR6;GPR25;GPR17;CCR1;CCR3;CMKLR1"
"GOMF_G_PROTEIN_COUPLED_GLUTAMATE_RECEPTOR_ACTIVITY",0.93561872909699,1,0.321684009162819,0.590824085523758,4475,9,"GRM6;GRM4;GRM2;GRM5;GRM1;GRM8"
"GOMF_G_PROTEIN_COUPLED_GLUTAMATE_RECEPTOR_BINDING",0.617720068741646,1,-0.483311586064028,-0.895674792514119,3234,10,"NECAB2;PRNP;NHERF2;ADORA2A;HOMER2;HOMER1"
"GOMF_G_PROTEIN_COUPLED_NEUROTRANSMITTER_RECEPTOR_ACTIVITY",0.456243441762854,1,0.543763538443119,1.01919162806958,2173,10,"CHRM2;GABRB1;CHRM4;CHRM1"
"GOMF_G_PROTEIN_COUPLED_OPIOID_RECEPTOR_ACTIVITY",0.427529086965096,1,-0.675349989117696,-1.08514485122828,2167,5,"OPRL1;OPRK1;NPBWR1"
"GOMF_G_PROTEIN_COUPLED_PURINERGIC_NUCLEOTIDE_RECEPTOR_ACTIVITY",0.331540847983454,1,0.661093480233495,1.14942053152132,1602,7,"GPR171;P2RY8;P2RY6;P2RY11"
"GOMF_G_PROTEIN_COUPLED_RECEPTOR_ACTIVITY",0.644707024927161,1,-0.293604089042343,-0.947770059009657,3982,367,"GPR18;AVPR2;PRLHR;OR56B4;P2RY10;CNR2;OR2W6P;OR5H6;GPR45;OR1L8;HTR2A;CCR4;OR11H7;NPY6R;OR1G1;F2RL3;OR2A2;OR2A12;OR1M1;TAS2R31;TAS2R10;GPR82;OR10G4;TAS2R13;GPR152;CHRM5;OR2A5;MAS1;ADRB3;HRH1;GNRHR;CXCR6;GPR4;RRH;OPRL1;ADGRA1;PTGIR;PAX8;GNAT2;CX3CR1;QRFPR;GPER1;OR52N4;GPR6;OR2I1;AVPR1B;PTGDR2;AVPR1A;OR2AG2;C5AR1;HCAR1;SORCS2;ADGRB3;GRM7;ACKR2;TACR2;LTB4R2;DRD1;UTS2R;GALR2;ADGRL4;GALR1;GRM3;CASR;OR7C1;GP1BA;TSHR;CXCR2;OR2A42;MC5R;NPFFR2;ADGRE5;HTR1B;FSHR;ADRB2;SSTR1;OPRK1;GRID1;TRHR;LPAR5;BDKRB2;HTR1A;ADRA1D;GPR150;GPRC6A;NPY5R;PTGER2;TACR1;ADGRE2"
"GOMF_G_PROTEIN_COUPLED_RECEPTOR_ACTIVITY_INVOLVED_IN_REGULATION_OF_POSTSYNAPTIC_MEMBRANE_POTENTIAL",0.889962532044962,1,-0.393000770923418,-0.631469267739885,4512,5,"GRID1"
"GOMF_G_PROTEIN_COUPLED_RECEPTOR_BINDING",0.970411233701103,1,-0.263553740488682,-0.815604220296201,5804,223,"CCL27;EDN2;CRH;CXCL11;SAG;GHRH;CXCL8;CCL22;PACRG;ADRB3;WNT16;CXCL2;WNT11;EDN3;GNAT2;CX3CR1;GNA15;ARMCX5-GPRASP2;CORT;MSMP;XCL1;AVPR1A;PDE4D;UCN2"
"GOMF_G_PROTEIN_COUPLED_RECEPTOR_KINASE_ACTIVITY",0.338881362492742,1,-0.667229791130553,-1.14031046479907,1750,7,"GRK7;GRK1"
"GOMF_G_PROTEIN_COUPLED_SEROTONIN_RECEPTOR_ACTIVITY",0.929539812869964,1,-0.338441585740899,-0.62720117999917,4867,10,"HTR2A;HTR1B;HTR1A"
"GOMF_G_QUADRUPLEX_DNA_BINDING",0.945052631578947,1,0.316539343009931,0.605092036024644,4488,11,"POT1;BLM;CNBP;PIF1;XRN1"
"GOMF_G_QUADRUPLEX_RNA_BINDING",0.93719899826623,1,-0.331130886453042,-0.584584886893592,4864,8,"AFF2;DHX36;GRSF1;DHX30;MCRS1;FMR1;XRN1;LIN28A"
"GOMF_G_RICH_STRAND_TELOMERIC_DNA_BINDING",0.641133263378804,1,0.468454655834027,0.878038024990161,3054,10,"POT1;RPA1;HNRNPA1;RPA2;TERF2IP;CTC1;TERF1"
"GOMF_GABA_A_RECEPTOR_ACTIVITY",0.926241739501173,1,0.317730977284564,0.677408169983579,4344,17,"GABRB1;GABRA2;GABRA1;GABRE;GABRR2"
"GOMF_GABA_RECEPTOR_ACTIVITY",0.972480476013388,1,-0.284941588954123,-0.62161174343591,5229,21,"GABRG3;GABRG1;GABRA4;GRID1;GABRR1"
"GOMF_GABA_RECEPTOR_BINDING",0.82597568777991,1,0.351527264207532,0.760020439350787,3872,18,"GABRB1;PLCL2"
"GOMF_GALACTOSIDASE_ACTIVITY",0.227507755946225,1,0.71332686573189,1.24023692514468,1099,7,"GLB1L2;GLB1L;GLB1L3"
"GOMF_GALACTOSIDE_BINDING",0.371631205673759,1,0.763256187380089,1.13671500019681,1833,3,"LGALS4;GLB1"
"GOMF_GALACTOSYLTRANSFERASE_ACTIVITY",0.924113937812568,1,0.303958566855313,0.704312163388949,4249,25,"ABO;B3GNTL1;A4GALT;B3GALT4;B3GNT3"
"GOMF_GALANIN_RECEPTOR_ACTIVITY",0.507563368765331,1,0.593641701113238,1.00016523803577,2482,6,"CYSLTR1;GAL;GALR3"
"GOMF_GAMMA_AMINOBUTYRIC_ACID_SODIUM_CHLORIDE_SYMPORTER_ACTIVITY",0.896369904684648,1,0.383952973219346,0.622150046860314,4419,5,"SLC6A1;SLC6A8"
"GOMF_GAMMA_AMINOBUTYRIC_ACID_TRANSMEMBRANE_TRANSPORTER_ACTIVITY",0.958636458116816,1,0.300738374706331,0.538894349713505,4611,8,"SLC6A1;SLC32A1;SLC6A8"
"GOMF_GAMMA_CATENIN_BINDING",0.389053882053458,1,0.55047866548027,1.0728475580736,1833,12,"LEF1;DSG1;DSC3;CDH1"
"GOMF_GAMMA_TUBULIN_BINDING",0.970302474793767,1,-0.276681957186544,-0.653151036217897,5292,31,"NDRG1;RAD51D;PDE4B;TUBGCP4;TUBGCP6;DIXDC1;TUBGCP5;BRCA2;NDN;CPAP;B9D2;TUBGCP2;CEP57L1;DDX3X;MARK4;PAK1;ARHGEF7;CDK5RAP2;RACGAP1;RAB11FIP5;LYN;NEDD1;FEZ1;BLOC1S2;CIMAP3;GIT1;TUBGCP3;CEP70;OFD1;BRSK1;CEP57"
"GOMF_GANGLIOSIDE_BINDING",0.939262472885033,1,-0.338488235472027,-0.543879132068517,4762,5,"MAG;EPDR1"
"GOMF_GAP_JUNCTION_CHANNEL_ACTIVITY",0.362139917695473,1,-0.499742403048164,-1.0776951015517,1935,20,"GJA10;GJB2;GJB1;GJD2"
"GOMF_GAP_JUNCTION_CHANNEL_ACTIVITY_INVOLVED_IN_CARDIAC_CONDUCTION_ELECTRICAL_COUPLING",0.632123301561549,1,0.555480138156484,0.900089380963329,3116,5,"GJC3;GJA5;GJA1;GJD3"
"GOMF_GAP_JUNCTION_CHANNEL_ACTIVITY_INVOLVED_IN_CELL_COMMUNICATION_BY_ELECTRICAL_COUPLING",0.663247532417263,1,-0.508298990273555,-0.868694212339698,3426,7,"GJB2"
"GOMF_GAP_JUNCTION_HEMI_CHANNEL_ACTIVITY",0.9443896667324,1,-0.332505919193462,-0.534266812807826,4788,5,"PANX1;PANX2;GJA3;GJA1;GJA5"
"GOMF_GATED_CHANNEL_ACTIVITY",0.998681391132355,1,-0.244352549984289,-0.774438233449914,6058,289,"KCNJ5;KCNJ15;KCNE4;GLRA1;AQP6;ABCC9;GABRG3;BEST3;TRPM8;ANO3;CACNG3;KCNK2;KCNK9;KCNV1;TMC3;CATSPER3;BEST1;SCN2B;PKD1L3;ASIC4;KCNQ3;KCNA2;CALHM1;CACNA1D;KCNJ8;P2RX3;PIEZO2;CHRNA10;TMC2;GRIK1;KCNK17;GABRG1;GLRB;GABRA4;CHRNA9;TMEM63C;GRID1;GRIA1;CLCN1;BEST2;KCNJ1;SCN1A;CHRFAM7A;ASIC3;CACNA1F;GABRR1;CHRNA4;ANO4;TRPA1;TRPC3;MCOLN2;KCNV2;ABCC8"
"GOMF_GDP_BINDING",0.987463622117752,1,0.255274773143492,0.695653173022858,4410,61,"GBP1;RAB27B;RHOB;RAB28;RAB9A;GEM;GNAI1;NME3;RAB29;RAB4A;RAB8B;RAB21;UCP1;DNM1;RHOT1;RHEB;RAB18;ARF6;RAP2C;UCP2;RAB14"
"GOMF_GDP_DISSOCIATION_INHIBITOR_ACTIVITY",0.582604988275421,1,0.426004778352101,0.90824986526039,2732,17,"NGB;ARHGDIB;ARHGDIG;ITGB1BP1;EIF5;RGS14"
"GOMF_GDP_PHOSPHATASE_ACTIVITY",0.369150052465897,1,0.584201965700846,1.09498653449413,1758,10,"GBP1;ENTPD3;ENTPD2;CANT1;ENTPD8"
"GOMF_GENERAL_TRANSCRIPTION_INITIATION_FACTOR_ACTIVITY",0.0205908683974933,1,0.557974499264508,1.47985133542657,91,52,"RRN3P1;PRRX1;TAF7L"
"GOMF_GENERAL_TRANSCRIPTION_INITIATION_FACTOR_BINDING",0.774187725631769,1,-0.327895770464599,-0.843445038168892,4288,51,"FOXF2"
"GOMF_GI_O_COUPLED_SEROTONIN_RECEPTOR_ACTIVITY",0.702628481757552,1,-0.542229410311292,-0.842289017250116,3581,4,"HTR1B;HTR1A"
"GOMF_GLCNAC_2_PP_DOL_MANNOSYLTRANSFERASE_ACTIVITY",0.977690802348337,1,-0.274214421867809,-0.453753821203104,4995,6,"ALG9;ALG12"
"GOMF_GLIAL_CELL_DERIVED_NEUROTROPHIC_FACTOR_RECEPTOR_ACTIVITY",0.772449180974936,1,-0.516195348453119,-0.76676311090124,3913,3,"GFRA3;GFRA1"
"GOMF_GLUCOKINASE_ACTIVITY",0.746567281286779,1,-0.5100850866125,-0.792356626451024,3805,4,"HKDC1"
"GOMF_GLUCOSIDASE_ACTIVITY",0.26047220106626,1,-0.623611361358313,-1.18171201445477,1367,11,"MGAM2;KL"
"GOMF_GLUCOSYLTRANSFERASE_ACTIVITY",0.993079584775087,1,0.240466182651891,0.536835814082617,4591,21,"GYG2;POGLUT1;GYG1;ALG10;ALG10B;PLOD2;PLOD1;POGLUT3;GBA1;EPM2A;GYS1;UGCG;POGLUT2;ALG8;ALG6;B3GLCT;PLOD3;UGGT1;UGGT2;ALG5;GBA2"
"GOMF_GLUCURONIDASE_ACTIVITY",0.531256162492605,1,-0.620909256192689,-0.997670087057711,2693,5,"KL;HPSE;HYAL3"
"GOMF_GLUCURONOSYL_N_ACETYLGALACTOSAMINYL_PROTEOGLYCAN_4_BETA_N_ACETYLGALACTOSAMINYLTRANSFERASE_ACTIVITY",0.272015655577299,1,-0.723248564810886,-1.19678898625108,1389,6,"CSGALNACT1;CHSY3"
"GOMF_GLUCURONOSYLTRANSFERASE_ACTIVITY",0.00526711813393529,1,-0.762093214651811,-1.62682457814579,27,19,"UGT2A1;UGT2B15;CSGALNACT1;UGT2B4;B3GAT2;CHSY3"
"GOMF_GLUTAMATE_BINDING",0.909038126572479,1,-0.372265781477664,-0.636210450954709,4696,7,"GRM7;CPS1;GRIN2D"
"GOMF_GLUTAMATE_GATED_CALCIUM_ION_CHANNEL_ACTIVITY",0.914909927175163,1,-0.354131484182258,-0.641522441271131,4773,9,"GRIK1;GRIA1;GRIN2D;GRIK2;GRIA3;GRIK3"
"GOMF_GLUTAMATE_GATED_RECEPTOR_ACTIVITY",0.981019407123054,1,0.266799245046606,0.576834004315148,4599,18,"GRIN2C;GRIN3B;GRIN2B;GRIN1;GRIK4;GRIN2A;GRIA4"
"GOMF_GLUTAMATE_RECEPTOR_ACTIVITY",0.961697497279652,1,0.285077391098834,0.666041954077996,4418,26,"GRM6;GRIN2C;GRIN3B;GRM4;GRIN2B;GRIN1;GRIK4;GRM2;GRM5;GRIN2A;GRIA4;GRM1"
"GOMF_GLUTAMATE_RECEPTOR_BINDING",0.99462654486835,1,-0.240824196090601,-0.611257345101547,5552,46,"CACNG3;GRIA1;NEDD4;AKAP5;PTK2B;SHISA6;CAMK2A;DLG1;SRC;NECAB2;PRNP;OPHN1;NHERF2;NETO2;ADORA2A;HIP1;HOMER2;HOMER1;DLG4;CACNG8"
"GOMF_GLUTAMATE_SODIUM_SYMPORTER_ACTIVITY",0.936582381729201,1,0.348493527322717,0.544708965474341,4592,4,"SLC1A6;SLC1A2;SLC1A3"
"GOMF_GLUTATHIONE_BINDING",0.921301154249738,1,0.340695563965279,0.638575487256912,4389,10,"GSTM1;GSS;GSTM4;MGST2;PTGES2;PTGES;MMACHC;GSTM2;LANCL1"
"GOMF_GLUTATHIONE_DISULFIDE_OXIDOREDUCTASE_ACTIVITY",0.968520032706459,1,0.289917623883239,0.488452089464371,4737,6,"GSTO2;GSTO1"
"GOMF_GLUTATHIONE_HYDROLASE_ACTIVITY",0.720770010131712,1,0.558586432520868,0.83190098849038,3556,3,"GGT1;GGT6"
"GOMF_GLUTATHIONE_PEROXIDASE_ACTIVITY",0.283824157063594,1,0.517231224349506,1.13164031054783,1329,19,"GSTA1;CLIC2;CP"
"GOMF_GLUTATHIONE_TRANSFERASE_ACTIVITY",0.0281599312123818,1,0.680026645840164,1.53426142696557,130,22,"GSTA1;GSTT2;CLIC2;GSTM1;GSTT2B;GSTM5;GSTO2"
"GOMF_GLUTATHIONE_TRANSMEMBRANE_TRANSPORTER_ACTIVITY",0.975801447776629,1,0.276359255830038,0.480496347679614,4717,7,"SLC25A40;GJA1;SLC13A3;ABCC5;ABCC1;SLC25A39"
"GOMF_GLYCEROL_CHANNEL_ACTIVITY",0.87193515704154,1,0.431838342741534,0.643135463518993,4302,3,"AQP7;AQP11;AQP3"
"GOMF_GLYCEROL_TRANSMEMBRANE_TRANSPORTER_ACTIVITY",0.658055610333268,1,-0.548189865501402,-0.880825378884694,3336,5,"AQP2;AQP3;AQP11"
"GOMF_GLYCEROPHOSPHODIESTER_PHOSPHODIESTERASE_ACTIVITY",0.571982055464927,1,0.613540047638115,0.958987006712906,2804,4,"ENPP6;GDPD2;GDPD5"
"GOMF_GLYCEROPHOSPHOLIPID_FLIPPASE_ACTIVITY",0.43267776096823,1,-0.534217742177195,-1.03378833704481,2287,12,"ATP8B1;ABCA4;MFSD2A;ABCB1;ATP10A;ATP8A1"
"GOMF_GLYCINE_BINDING",0.864808096238304,1,-0.379519060391741,-0.703326105711221,4528,10,"GLRA1;GNMT;GLRB"
"GOMF_GLYCINE_N_ACYLTRANSFERASE_ACTIVITY",0.344385237813302,1,-0.7845645719802,-1.16540215582565,1744,3,"GLYATL1B"
"GOMF_GLYCINE_TRANSMEMBRANE_TRANSPORTER_ACTIVITY",0.37121502491376,1,-0.606134324797026,-1.09803502131398,1936,9,"SLC36A2"
"GOMF_GLYCOGEN_BINDING",0.763250883392226,1,0.430796897700434,0.771946760274833,3671,8,"PPP1R3G;STBD1;PPP1R3B"
"GOMF_GLYCOLIPID_BINDING",0.932815102720711,1,-0.307813307711318,-0.696626010630215,5039,25,"SELL;CD1C;MAG;EPDR1;TREM2;THY1"
"GOMF_GLYCOSAMINOGLYCAN_BINDING",0.857795835449467,1,-0.284934740647582,-0.870941658319396,5066,193,"IMPG1;DMBT1;CXCL11;CLEC3B;ITIH1;CXCL8;ITIH2;LIPC;SELL;HAPLN2;STAB2;SERPINA10;TNFAIP6;PRSS57;RTN4RL1;FGF9;TMEM184A;SLIT3;HAPLN1;POSTN;LYVE1;APOA5;FBN1;IMPG2;EVA1C;ADAMTS1;SPOCK3;CCDC80;SOST;ADGRE2;APOB;GREM2;TGFBR3;CCN3;FBLN7;FGF7"
"GOMF_GLYCOSPHINGOLIPID_BINDING",0.428899961671138,1,-0.57703009584473,-1.04531162098739,2237,9,"SELL"
"GOMF_GLYCOSYLCERAMIDASE_ACTIVITY",0.512532070258536,1,-0.694255158218221,-1.03125540838341,2596,3,"GBA2;GALC"
"GOMF_GLYCOSYLTRANSFERASE_ACTIVITY",0.999833138661772,1,-0.23555497911279,-0.734470257032748,5991,244,"GALNT5;UGT2A1;UGT2B15;ALG1L2;CSGALNACT1;B3GALT2;UGT2B4;GCNT7;ART3;ST8SIA1;B4GALNT1;B3GAT2;GCNT4;CHSY3;DPY19L2P2;ST8SIA3;GALNT4;PARP9;ST8SIA6;EOGT;GXYLT2;GALNT10;FUT2;B3GALNT1;GALNT14;B3GALT9;POMT2;GALNTL6;ST6GAL2;GLT8D2;PARP8;LACC1;HAS1;GBA2;UPP1;B3GALT5;DPY19L3;ALG9;ALG12;GTDC1;ALG5"
"GOMF_GMP_KINASE_ACTIVITY",0.981027213491759,1,-0.265334962951646,-0.480664218772822,5118,9,"CARD11;DLG1;DLG2;LRGUK;GUK1;MAGI3;MPP1;TJP2;CASK"
"GOMF_GPI_ANCHOR_BINDING",0.654946852003271,1,0.513957598603319,0.865913770854396,3203,6,"DPEP1;PIGU;GPAA1;PIGK"
"GOMF_GPI_LINKED_EPHRIN_RECEPTOR_ACTIVITY",0.994387458873621,1,-0.239150802037845,-0.408714008058264,5137,7,"EPHA5"
"GOMF_GROWTH_FACTOR_ACTIVITY",0.965279429250892,1,0.263238092193858,0.79543771666777,4058,132,"PROK1;INHBB;ANGPTL3;FGF14;CSH2;PPBP;GMFG;CDNF;GDF7;NRG2;FGF1;BMP4;F2;BMP7;EGF;OGN;BMP6;NRG4;IL11;FGF16;PSPN;FGF11"
"GOMF_GROWTH_FACTOR_BINDING",1,1,0.21620319054606,0.651040931109977,4249,128,"ACVRL1;COL3A1;IL2RG;TGFBR3L;WFIKKN2;CNTFR;LRRC32;NOG;IGFBP5;IGFBP7;FSTL4;NLRP7;IL10RA;CD36;FLT3;PDGFRA;INSR;IL11RA;IGFBP2;A2M;COL1A1;FGFR3"
"GOMF_GROWTH_FACTOR_RECEPTOR_BINDING",0.430315716030002,1,-0.348672944979043,-1.00680870217165,2466,115,"IL12B;FGF21;GATA3;ERBB4;CDH5;AREG;FGF9;AGR2;FGF20;IL6;ITGB3;KL;IL7;CNTF;IL6R;KLB;PDGFD;IL37;FGF7"
"GOMF_GROWTH_HORMONE_RECEPTOR_BINDING",0.52306101344364,1,0.562517474150205,0.978029814935394,2528,7,"CSH2;GH2;JAK3;TYK2;JAK2"
"GOMF_GTP_DEPENDENT_PROTEIN_BINDING",0.809966530308665,1,-0.35646120436233,-0.777634712869546,4355,21,"MRAS;RAPGEF5;HPS6;RAB3C;AP3B1;UNC13B;ARFIP2;RAB3B;AP1G1;RAB34;PARD6A;RAB3D"
"GOMF_GTPASE_ACTIVATING_PROTEIN_BINDING",0.964394516374714,1,-0.297822765469824,-0.564359089557415,5064,11,"FMNL1;PLXNB1;FMNL3;GAPVD1;NKIRAS2;PIN1;TUBB;NKIRAS1;RGS14;PLCD1;CDH1"
"GOMF_GTPASE_ACTIVATOR_ACTIVITY",1,1,0.22079882365771,0.716361933973191,3941,267,"TBC1D3H;TBC1D3K;ARHGAP15;HTR2B;RGS8;ARHGAP24;RIN2;RGS11;RASAL3;TBC1D10C;ARHGAP6;ARHGDIB;ALS2CL;DEPTOR;AGAP5;PLCB1;DOCK2;TBC1D2;RASA4B;DOCK4;SRGAP1;ARHGDIG;RGS12;DLC1;VAV3;DEPDC5;RASA4;TBC1D9;GMIP;SRGAP3;RAP1GAP;ARHGEF15;ANKRD27;ARHGAP9;ABR;VPS9D1;SGSM1;RABGAP1L;RIN3;ASAP2;ARHGAP32;ARHGAP33;SIPA1;ARHGEF11;AGFG2;FAM13B;FLCN"
"GOMF_GTPASE_ACTIVITY",1,1,-0.205711364978493,-0.65720304768631,6146,313,"ARL5C;GBP3;IRGM;ADRB3;TUBB1;GBP6;AGAP7P;TUBB8B;GNAT2;GNA15;RAB36;CPLANE2;RRAD;DNM3;RGS20;RAB6C;MRAS;RAB9B;RHOH;ABCA4;TUBB8;RIT2"
"GOMF_GTPASE_BINDING",1,1,-0.0949122400061857,-0.303977875707886,6149,325,"NOX1;RASGRP3;EHBP1L1;RAPGEF4;RHOH;PRKCH;GRIA1;DAAM2;EVI5;SYTL2;NDRG1;WHAMM;ITPKA;RHOBTB3;DOCK5;RILP;SYTL5;SYTL4;PEX5L;RILPL2;RPH3AL;MAPKAP1;MYRIP;TBC1D30;IQGAP2;RUSC2;ERC1;EXOC8;WAS;ARHGAP1;MICALL2;ATG16L1;DMXL2;PAK3;RAB8A;FMNL1;NXT1;CAV1;HPS4;FMNL3;GIT2;RIMS3;DECR2;RABGEF1;RABGGTA;BICDL1;HPS6;GOLGA5;EPS8;IPO13;CDC42EP3;ADCYAP1R1;NME4;STRIP1;MYCBP2;RBSN;PLEKHG2;EXPH5;RPTOR;MYO9B;ROCK2;CDC42EP1;RNF152;PEX5;PAK2;UNC13D;RASSF1;RAB3GAP2;MICALL1;RRAGD;UNC13B;EHD1;ARFIP2;TBC1D7;SIKE1;PLEKHA8;MAP3K11;DOCK1;IARS1;MICAL1;AP1G1;EXOC5;RAB34;RANGRF;ALS2;GAPVD1;IPO11;RAB11FIP4;RANBP2;USP33;KPNB1;C9orf72;DVL2;RNF41;PARD6A;XPOT;ARHGAP44;KIF3B;FARP1;XPO6;SORL1;WASF1;ULK1;DIAPH2;RGL3;SYTL1;RAB7A;CDC42SE1;CHM;SPTBN1;RAB3GAP1;DIAPH1;CDC42SE2;AP3M1;CYRIB;DENND5B;RAP1A;DVL3;IPO8;EXOC2;NCKAP1;SRGAP2;RINL;XPO4;CYFIP2;MTSS2;CHML;PPP6R1;RGP1;ATP6AP1;TRIP11;DVL1;HACE1;RANBP1;SOD1;CYRIA;RANGAP1;GCC1;CYFIP1;SGSM3;CSE1L;YBX3;CCDC186;BRK1;DOCK3;RTKN;RIN1;ERRFI1;RABGGTB;FGD1;RAB11FIP2;ODF2;EPRS1;RAB3IP;HSP90AA1;GGA1;SH3BP4;MAP2K1;FGD5;SGSM2;RANBP17;PAK1;USP6NL;TNPO1;RCC2;FGD4;TNPO2;IPO5;FGD6;BRAF;TNPO3;NUTF2;XPO1;VPS39;BIN1;TBC1D13;NGFR;LSM2;AFDN;ANKFY1;IQGAP3;PFN1;HDAC3;RAB11FIP1;KNTC1;YBX1;RILPL1;CDC42EP2;RRAGC;IQGAP1;RALBP1;IPO7;RABAC1;ROCK1;TMEM127;RAB11FIP3;RIMS4;TBC1D20;LAMTOR1;RAF1;IPO4;RAB11FIP5;KCTD13;RAPGEF6;WDR44;GNB1;ECT2;DNM1L;FNBP1L;INF2;EHBP1;ABI2;GDI1;PKN3;GDI2;PREB;DIAPH3;ATG14;OCRL;YIPF1;RANBP3;DOCK7;AKAP13;RCC1;DENND10;XPO7;RIC1;CLTA;PKN1;DENND5A;FLNA;DAPK3;STOML2;LRRK2;RABGAP1;CORO1C;RANBP10;PDE6D;LCP1;BICD2;RANBP9;TSC2;ARHGEF16;AIMP1;BIRC5;CDKL5;GOLGA4;MYO1C;CIMAP3;ARHGEF2;GIT1;CDC42EP4;EVI5L;GNB2;SPHK2;SYTL3;TNFAIP1;FMNL2;KIF3A;GGA3;GARRE1;PKN2;GCC2;PICALM;MYO5A;LZTR1;PLEKHG1;PLCE1;RAB29;GAS8;MYO5B;RASA1;GNB3;TRIOBP;C15orf62;BICD1;ENO1;AMBRA1;STRN3;NCF2;FGD3;POU4F1;BECN1;CIB1;RIN3;NOXA1;IFT20;PLEKHG3;RGPD8;BICDL2;RABGAP1L;SGSM1;VPS9D1;ANKRD27;RASIP1;DAAM1;ABCA1;DOCK11;RAP1GAP;MARCHF5;RIMS2;DEPDC5;GGA2;IPO9;CDC42EP5;TAMALIN;DENND1B;RRAGB;XPO5;PIH1D2;FGD2;MLPH;SRGAP1;DOCK4;DOCK2;YIPF2;RIMS1;DOCK10;BNIP3;ALS2CL;RADIL;ARHGDIB;RPH3A;NPC1L1;RIN2"
"GOMF_GTPASE_INHIBITOR_ACTIVITY",0.99678517397882,1,-0.208053079990495,-0.402612700027256,5270,12,"RHOH;IQGAP2"
"GOMF_GUANINE_NUCLEOTIDE_TRANSMEMBRANE_TRANSPORTER_ACTIVITY",0.470321435614277,1,-0.651848128947239,-1.04738232369559,2384,5,"SLC46A2;ABCC4;LRRC8A;SLC17A9"
"GOMF_GUANYL_NUCLEOTIDE_BINDING",0.998866763801198,1,-0.246872177772275,-0.797832964995718,6169,373,"ARL5C;PDE6C;GBP3;IRGM;GUCY2F;GVINP1;TUBB1;GBP6;ACSM1;TUBB8B;GNAT2;GNA15;TUBA8;RAB36;CPLANE2;TUBA4B;RRAD;DNM3;PRKG2;RAB6C;MRAS;RAB9B;STING1;RHOH;CIITA;TUBA3D;PDE11A;GLUD2;TUBB8;RIT2"
"GOMF_GUANYL_NUCLEOTIDE_EXCHANGE_FACTOR_ACTIVITY",1,1,0.213200719693471,0.683631912598935,3995,233,"FRMD7;CYTH4;GCGR;DENND2D;RIN2;PSD4;GBF1;NGEF;KIAA1755;DENND4A;RASGRF1;ALS2CL;DEPTOR;EGF;DOCK10;ECT2L;RASGEF1B;DOCK2;DOCK4;FGD2;DENND1B;VAV3;DOCK11;RHOF;ARHGEF15;ANKRD27;ITSN2;ABR;RASGEF1A;VPS9D1;MCF2L2;PLEKHG3;DENND6B;RALGPS1;ARHGEF9;RIN3;ARHGEF11;ELMO3;DOCK6;FGD3;LAMTOR3;DENND2A;RASGEF1C;TBXA2R;DENND4C;RASGRP2;EPS8L1;RGL4;DOCK9;RAPGEF2;EIF2B3;LAMTOR2;SERGEF;PLCE1;PSD3;RALGDS;PLEKHG1;RALGPS2;RHOU;ARHGEF10L;DENND6A;TIAM1"
"GOMF_GUANYLATE_CYCLASE_ACTIVITY",0.473001741823108,1,-0.599052508055567,-1.02379398069508,2443,7,"GUCY2F;GUCY2C;GUCY2D"
"GOMF_GUANYLATE_CYCLASE_REGULATOR_ACTIVITY",0.610333267600079,1,-0.576350077562775,-0.926072894425218,3094,5,"GUCA1ANB-GUCA1A"
"GOMF_GUANYLYLTRANSFERASE_ACTIVITY",0.668894405193813,1,-0.463702526649608,-0.859335212150572,3502,10,"GDPGP1;FPGT;THG1L;GMPPA;GMPPB"
"GOMF_HEAT_SHOCK_PROTEIN_BINDING",1,1,0.165255005344213,0.495567225493454,4245,124,"CYP2E1;GBP1;FKBP6;DNAJA4;APOA2;APOA1;ITGAM;HSPA2;AHR;RNF207;EIF2AK3;TSC1;HSPA1A;GUCY1B1"
"GOMF_HEME_TRANSMEMBRANE_TRANSPORTER_ACTIVITY",0.635492525871982,1,-0.488494916391942,-0.8849268289035,3315,9,"HPX;SLC48A1;FLVCR2;FLVCR1;SLC46A1"
"GOMF_HEMOGLOBIN_ALPHA_BINDING",0.0415400202634245,1,0.978426880488736,1.30843811894257,204,1,"HBE1"
"GOMF_HEMOGLOBIN_BINDING",0.313475177304965,1,0.792423899123469,1.18015438006469,1546,3,"HBE1;SLC4A1"
"GOMF_HEPARAN_SULFATE_BINDING",0.0645347717202851,1,-0.798764808190231,-1.41015487879197,334,8,"DMBT1"
"GOMF_HEPARAN_SULFATE_GLUCOSAMINE_3_SULFOTRANSFERASE_ACTIVITY",0.155325749741468,1,0.751680120386471,1.30692041192642,750,7,"HS3ST1;HS3ST6;HS3ST2"
"GOMF_HEPARAN_SULFATE_PROTEOGLYCAN_BINDING",0.82043079547878,1,0.353042589766783,0.763296652932392,3846,18,"COMP;AZU1;HRG;FST;SLIT1"
"GOMF_HEPARAN_SULFATE_SULFOTRANSFERASE_ACTIVITY",0.181414055884843,1,0.614692609793714,1.2511172784902,856,14,"HS3ST1;HS6ST3;HS3ST6;HS6ST2"
"GOMF_HEPARIN_BINDING",0.994107942493519,1,0.246970528868074,0.75353263465201,4217,141,"NELL1;ANGPTL3;FGF14;LTF;ADAMTSL5;PF4V1;MPO;ALK;MPIG6B;RSPO1;H1-1;COMP;PF4;AZU1;HRG;VTN;FGF1;BMP4;PRELP;RSPO2;RSPO3;F2;BMP7;PTCH1;COLQ;SLIT2"
"GOMF_HETEROTRIMERIC_G_PROTEIN_BINDING",0.921526418786693,1,-0.359023470295858,-0.594090822935921,4708,6,"DRD1"
"GOMF_HEXOKINASE_ACTIVITY",0.782883060540327,1,-0.471596212923014,-0.757755549801273,3969,5,"HKDC1"
"GOMF_HEXOSAMINIDASE_ACTIVITY",0.0702917771883289,1,-0.708067909357273,-1.41413493129437,370,14,"SPAM1"
"GOMF_HEXOSE_TRANSMEMBRANE_TRANSPORTER_ACTIVITY",0.439003436426117,1,0.455376612463226,1.00598821907341,2043,20,"SLC2A7;PPBP;SLC5A10;SLC2A14"
"GOMF_HEXOSYLTRANSFERASE_ACTIVITY",0.668713749573524,1,-0.305994490965264,-0.925530096911674,3919,174,"GALNT5;UGT2A1;UGT2B15;ALG1L2;CSGALNACT1;B3GALT2;UGT2B4;GCNT7;B4GALNT1;B3GAT2;GCNT4;CHSY3;DPY19L2P2;GALNT4;EOGT;GALNT10;FUT2;B3GALNT1;GALNT14;B3GALT9;POMT2;GALNTL6;HAS1;GBA2;B3GALT5;DPY19L3;ALG9;ALG12;GTDC1;ALG5"
"GOMF_HIGH_DENSITY_LIPOPROTEIN_PARTICLE_BINDING",0.42809364548495,1,0.573622226141591,1.0535488788461,2047,9,"APOA2;APOA1;CD36;ABCA1;APOL2"
"GOMF_HIGH_VOLTAGE_GATED_CALCIUM_CHANNEL_ACTIVITY",0.551651143099069,1,0.459320877005333,0.934880745980495,2605,14,"CACNA1S;CACNB4;CACNA1C;CACNA1E"
"GOMF_HISTAMINE_RECEPTOR_ACTIVITY",0.834050880626223,1,-0.431989007068592,-0.714829881448038,4261,6,"HRH1"
"GOMF_HISTONE_ACETYLTRANSFERASE_ACTIVITY",0.972432192085371,1,0.268820493213535,0.668883773865046,4373,36,"KAT2B;KAT5;ING4;MEAF6;TAF10;KAT14;KAT8;KAT6A;ATF2;KAT6B;TAF1;ING3;NAA50;EP300;JADE2;NAA60;ARRB1;NAA40;BRPF1;BRD1;NCOA3;CREBBP;BRPF3;KAT7;JADE1;USP22;TAF9;GTF3C4;PHF10;TADA2A;CLOCK;KAT2A;MCM3AP;BRCA2;HAT1"
"GOMF_HISTONE_ACETYLTRANSFERASE_BINDING",0.994632611512123,1,-0.237118237147095,-0.536632846772063,5373,25,"FOXP3;NR4A3;BCAS3;TRIP4;GLI3"
"GOMF_HISTONE_BINDING",1,1,-0.146020107880774,-0.438264530990348,5830,162,"SCML4;BRDT;L3MBTL4;AIRE;SFMBT2;SNCA;PARP9;PHC3;SETSIP;MLLT6;RAG1;BCAS3;NBN;CHD3;SRCAP;USP3;BRD4;SFMBT1;TSPYL2;MLLT3;L3MBTL1;RBBP5;SBNO1;PRMT7;CHD1;ZZEF1;UHRF2;USP49;TSPYL1;MYSM1;UHRF1;SMARCC2;HAT1;USP16;NCAPD3;L3MBTL2;MCM3AP"
"GOMF_HISTONE_CHAPERONE_ACTIVITY",0.979043183742591,1,0.273916727625454,0.557517603659994,4624,14,"PRDM12;IPO9;HIRIP3;NAP1L1;PTMA;APLF"
"GOMF_HISTONE_DEACETYLASE_ACTIVITY_HYDROLYTIC_MECHANISM",0.954947368421053,1,0.306553298401553,0.58600285738903,4535,11,"HDAC5;SIRT1;HDAC11;HDAC8"
"GOMF_HISTONE_DEACETYLASE_BINDING",1,1,-0.162698649470748,-0.473961208900742,5756,123,"NR2E1;SPI1;MEF2C;FOXP3;MAGEA11;TAL1;CIITA;TWIST1;MAGEA2B;TCF21;SIK1;JDP2;GCM1;PRKN"
"GOMF_HISTONE_DEACETYLASE_REGULATOR_ACTIVITY",0.0202798620969377,1,0.897895901818671,1.45493332870491,99,5,"UCN;HOPX;ING2"
"GOMF_HISTONE_DECROTONYLASE_ACTIVITY",0.649969580206855,1,0.544044898834355,0.881559938098312,3204,5,"SIRT1;HDAC8;HDAC1;HDAC3"
"GOMF_HISTONE_DEUBIQUITINASE_ACTIVITY",0.587555384319014,1,-0.525069989873674,-0.926968740154205,3049,8,"USP3;USP49;MYSM1;USP16;USP51;USP22;BAP1"
"GOMF_HISTONE_H2A_DEUBIQUITINASE_ACTIVITY",0.563405088062622,1,-0.580752339125454,-0.96099465249078,2878,6,"USP3;MYSM1;USP16;USP51;USP22;BAP1"
"GOMF_HISTONE_H2A_UBIQUITIN_LIGASE_ACTIVITY",0.970068592808148,1,0.285185043730665,0.511024270977477,4666,8,"UBR2;BRCA1;TRIM37;RNF168;BARD1;PCGF3;RNF2;PCGF5"
"GOMF_HISTONE_H2AX_KINASE_ACTIVITY",0.974955630053244,1,-0.288894829298098,-0.464192998609303,4943,5,"ATM;PRKDC;BAZ1B;VRK1;ATR"
"GOMF_HISTONE_H3_ACETYLTRANSFERASE_ACTIVITY",0.913895993179881,1,0.326418338108883,0.685575972952039,4287,16,"KAT2B;ING4;MEAF6;KAT6A;KAT6B;EP300;JADE2;BRD1;CREBBP;BRPF3;KAT7;JADE1;GTF3C4;KAT2A;MCM3AP;BRCA2"
"GOMF_HISTONE_H3_DEMETHYLASE_ACTIVITY",0.961078495325071,1,0.283728236892161,0.657435815701726,4419,25,"KDM7A;KDM1B;KDM2B;KDM3A;KDM4C;KDM4B;KDM4D;KDM5B"
"GOMF_HISTONE_H3_KINASE_ACTIVITY",0.891175222740772,1,0.353928723842012,0.689784347545471,4200,12,"PKM;RPS6KA4;JAK2;CHEK1;VRK1;PKN1;AURKA"
"GOMF_HISTONE_H3_METHYLTRANSFERASE_ACTIVITY",1,1,-0.128843168409122,-0.323042038992047,5570,43,"SMYD1;SMYD2;KMT2A;SETD7;KMT2D;PRDM7;KMT2B;NSD1;SETMAR;SETDB1;SMYD5;METTL23;PRMT2;SETD3"
"GOMF_HISTONE_H3_READER_ACTIVITY",0.979866978249146,1,-0.265244267423027,-0.713255926464152,5450,69,"RAG2;ZCWPW2;CBX8;PYGO1;RRP8;ZCWPW1;PHF19;SPIN2A;BRD4;H1-2;MLLT3;MORC4;CHD1;UHRF2;PHF8;UHRF1;SETDB1;CXXC1;LRWD1;SPIN1;ZMYND11"
"GOMF_HISTONE_H3K14_ACETYLTRANSFERASE_ACTIVITY",0.83189926547744,1,0.389595508192964,0.730230058125385,3963,10,"ING4;MEAF6;KAT6A;KAT6B;JADE2;BRD1;BRPF3;KAT7;JADE1;GTF3C4"
"GOMF_HISTONE_H3K14AC_READER_ACTIVITY",0.842222672885824,1,0.427633174685263,0.692928609039499,4152,5,"BRD7;DPF2;BRD2"
"GOMF_HISTONE_H3K27_METHYLTRANSFERASE_ACTIVITY",0.853025347506132,1,0.404659156005347,0.681768178230187,4172,6,"NSD3;EHMT2;EZH1;EZH2;EHMT1;JARID2"
"GOMF_HISTONE_H3K27ME2_H3K27ME3_DEMETHYLASE_ACTIVITY",0.975055769620767,1,0.286161817814121,0.463691130895292,4807,5,"KDM7A;KDM6A;PHF8;KDM6B;UTY"
"GOMF_HISTONE_H3K27ME3_READER_ACTIVITY",0.974221882757304,1,-0.277169852437944,-0.513652180563775,5101,10,"CBX8"
"GOMF_HISTONE_H3K36_DEMETHYLASE_ACTIVITY",0.685624344176285,1,0.449799022634589,0.843071235514642,3266,10,"KDM7A;KDM2B;KDM4C;KDM4B"
"GOMF_HISTONE_H3K36_METHYLTRANSFERASE_ACTIVITY",0.902987897125567,1,-0.348945310411424,-0.675259475096502,4774,12,"SMYD2;NSD1;SETMAR;SMYD5;SETD3"
"GOMF_HISTONE_H3K36_TRIMETHYLTRANSFERASE_ACTIVITY",0.8197594162887,1,-0.445657985182922,-0.716078293955131,4156,5,"SMYD5;NSD2;SETD5;ASH1L;SETD2"
"GOMF_HISTONE_H3K36ME3_READER_ACTIVITY",0.990903812657248,1,-0.246142682554232,-0.420663286443977,5119,7,"PHF19;ZMYND11;PHF1;MSH6;MTF2;PWWP2A;SGF29"
"GOMF_HISTONE_H3K4_DEMETHYLASE_ACTIVITY",0.895447931822906,1,0.364576030324071,0.653285311442117,4307,8,"KDM1B;KDM5B;KDM5D;KDM5C;KDM1A"
"GOMF_HISTONE_H3K4_METHYLTRANSFERASE_ACTIVITY",0.324110671936759,1,-0.523639064068515,-1.10604111437453,1721,18,"SMYD1;SMYD2;KMT2A;SETD7;KMT2D;PRDM7;KMT2B;SETMAR"
"GOMF_HISTONE_H3K4_MONOMETHYLTRANSFERASE_ACTIVITY",0.653053361587363,1,-0.494875842785475,-0.873663407482055,3389,8,"KMT2A;SETD7;KMT2D;KMT2B"
"GOMF_HISTONE_H3K4_TRIMETHYLTRANSFERASE_ACTIVITY",0.420360925853276,1,-0.70917976431207,-1.1016265724007,2142,4,"SMYD1;SMYD2;KMT2A"
"GOMF_HISTONE_H3K4ME_H3K4ME2_H3K4ME3_DEMETHYLASE_ACTIVITY",0.873250861894139,1,0.404261819292752,0.655058112216095,4305,5,"KDM5B;KDM5D;KDM5C;KDM5A"
"GOMF_HISTONE_H3K4ME3_READER_ACTIVITY",0.39818753467727,1,-0.454770830501868,-1.03679627743364,2152,26,"RAG2;ZCWPW2;PYGO1;ZCWPW1;PHF19;SPIN2A;MORC4;CHD1"
"GOMF_HISTONE_H3K9_DEMETHYLASE_ACTIVITY",0.517052631578947,1,0.505716515549653,0.966720386589124,2455,11,"KDM7A;KDM3A;KDM4C;KDM4B;KDM4D"
"GOMF_HISTONE_H3K9_METHYLTRANSFERASE_ACTIVITY",0.359355112431056,1,0.56267121975666,1.09661006314851,1693,12,"PRDM16;MECOM;SUV39H2;PRDM2;SETDB2;SUV39H1;EHMT2;PRDM8"
"GOMF_HISTONE_H3K9_MONOMETHYLTRANSFERASE_ACTIVITY",0.168148914167528,1,0.742729084109546,1.29135755253858,812,7,"PRDM16;MECOM;EHMT2"
"GOMF_HISTONE_H3K9_TRIMETHYLTRANSFERASE_ACTIVITY",0.952342324072196,1,0.321366637036525,0.520736345951915,4695,5,"SUV39H2;PRDM2;SUV39H1"
"GOMF_HISTONE_H3K9ME_H3K9ME2_DEMETHYLASE_ACTIVITY",0.564437194127243,1,0.617569121320196,0.965284605908068,2767,4,"KDM7A;KDM3A"
"GOMF_HISTONE_H3K9ME2_3_READER_ACTIVITY",0.657006920415225,1,0.390256289668875,0.871239151613007,3037,21,"DPPA3;CDYL2;DPF2"
"GOMF_HISTONE_H3K9ME2_H3K9ME3_DEMETHYLASE_ACTIVITY",0.493882544861338,1,0.65598900988644,1.02533638912291,2421,4,"KDM4C;KDM4B;KDM4D;KDM4A"
"GOMF_HISTONE_H4_ACETYLTRANSFERASE_ACTIVITY",0.907655709342561,1,0.318952999617883,0.712056020999143,4196,21,"KAT5;ING4;MEAF6;KAT8;KAT6A;ATF2;ING3;NAA50;EP300;JADE2;NAA60;NAA40;BRPF1;BRD1;BRPF3;KAT7;JADE1;USP22;KAT2A;BRCA2;HAT1"
"GOMF_HISTONE_H4_DEMETHYLASE_ACTIVITY",0.468509665350239,1,0.570572983309208,1.02241211187219,2253,8,"KDM7A;RSBN1;RAD23A;PHF2"
"GOMF_HISTONE_H4_METHYLTRANSFERASE_ACTIVITY",0.984858178716144,1,0.259322013448565,0.560667836216973,4617,18,"PRMT8;KMT5C;PRMT5"
"GOMF_HISTONE_H4_READER_ACTIVITY",0.571428571428571,1,-0.437193454850124,-0.923448934925928,3035,18,"BRDT;BRD4;L3MBTL1;MSL3;NCAPD3;L3MBTL2;TDRD3;PWP1"
"GOMF_HISTONE_H4K12_ACETYLTRANSFERASE_ACTIVITY",0.944845142129826,1,0.318843347721456,0.621405203256215,4453,12,"ING4;MEAF6;KAT6A;ING3;JADE2;BRPF1;BRD1;BRPF3;KAT7;JADE1;KAT2A;HAT1"
"GOMF_HISTONE_H4K16_ACETYLTRANSFERASE_ACTIVITY",0.792350862606527,1,0.418783179925906,0.75041932921763,3811,8,"KAT5;ING4;KAT8;KAT6A;ING3;JADE2;KAT7;JADE1"
"GOMF_HISTONE_H4K16AC_READER_ACTIVITY",0.970222835732597,1,-0.295253568602622,-0.474410150201504,4919,5,"BRD4;MSL3"
"GOMF_HISTONE_H4K20_METHYLTRANSFERASE_ACTIVITY",0.952453694863471,1,-0.313658027007741,-0.58127219864191,4987,10,"PRDM6;NSD1;SMYD5"
"GOMF_HISTONE_H4K20_MONOMETHYLTRANSFERASE_ACTIVITY",0.891540130151844,1,-0.391800266332313,-0.629540310314988,4520,5,"PRDM6"
"GOMF_HISTONE_H4K20ME_METHYLTRANSFERASE_ACTIVITY",0.463091353996737,1,0.67311140290079,1.05209935673652,2270,4,"KMT5C;SETD4;TP53BP1;KMT5B"
"GOMF_HISTONE_H4K20ME2_READER_ACTIVITY",0.649706457925636,1,-0.534842420190497,-0.885025631583835,3319,6,"L3MBTL1;L3MBTL2"
"GOMF_HISTONE_H4K5_ACETYLTRANSFERASE_ACTIVITY",0.745684210526316,1,0.418831168831169,0.800631612768218,3541,11,"ING4;MEAF6;KAT8;KAT6A;ING3;JADE2;BRPF1;BRD1;BRPF3;KAT7;JADE1"
"GOMF_HISTONE_H4R3_METHYLTRANSFERASE_ACTIVITY",0.977692151693369,1,0.279920568242572,0.453577929580954,4820,5,"PRMT5;PRMT1;PRMT6;PRMT3;PRMT7"
"GOMF_HISTONE_KINASE_ACTIVITY",0.988631394840402,1,0.252790093257912,0.595251430989692,4521,27,"HIPK4;PKM;RPS6KA4;JAK2;ATR;BUB1;CDK1;CHEK1;AURKB;VRK1;PKN1;AURKA;CDK9;DYRK1A;BAZ1B;HASPIN;PRKDC;PRKACA;RPS6KA5;PRKCB;MAP3K7;PRKCA;CDK2;ATM;PRKAA2;DCAF1;PRKAA1"
"GOMF_HISTONE_METHYLTRANSFERASE_ACTIVITY",0.999776286353468,1,0.192130353828563,0.520847658880666,4468,59,"PRMT8;PRDM16;PRDM13;MECOM;KMT5C;PRMT5;KMT2E;KMT2C;CARM1"
"GOMF_HISTONE_METHYLTRANSFERASE_BINDING",0.607909604519774,1,-0.43559331493537,-0.897498632751435,3227,16,"GATA3;PRDM1"
"GOMF_HISTONE_MODIFYING_ACTIVITY",1,1,0.159839329611205,0.506198668087175,4080,201,"PADI4;PRMT8;PRDM16;PRDM13;MECOM;KDM7A;KAT2B;RSBN1;KDM1B;HDAC5;EYA1;KDM2B;KMT5C;SIRT1;EYA3;PRMT5;KMT2E;KMT2C;KDM3A;CARM1;HIPK4;PKM;RPS6KA4;JAK2;KDM4C;HDAC10;KDM4B;UBR2;PRMT9;KAT5;FBL;SIRT4;ATR;SUV39H2;ING4;SIRT2"
"GOMF_HISTONE_OCTAMER_SLIDER_ACTIVITY",0.829721995094031,1,0.421834543499092,0.710705204535491,4058,6,"SMARCA2;SMARCA4;SMARCA5;RSF1"
"GOMF_HISTONE_READER_ACTIVITY",0.974350026173443,1,-0.26610888721148,-0.763888517183785,5583,109,"RAG2;ZCWPW2;BRDT;CBX8;PYGO1;RRP8;ZCWPW1;MLLT6;PHF19;SPIN2A;BRD4;BRD9;H1-2;MLLT3;L3MBTL1;MORC4;JADE3;CHD1;CHD1L;UHRF2;MSL3;RNF169;PHF8;UHRF1;SETDB1;CXXC1;NCAPD3;L3MBTL2;LRWD1;SPIN1;ZMYND11"
"GOMF_HISTONE_UBIQUITIN_LIGASE_ACTIVITY",0.97121083827265,1,0.285250410665852,0.580585664760536,4587,14,"UBR2;BRCA1;RNF20;TRIM37;HLTF;RNF168;BARD1;MSL2;DTX3L;HUWE1;PCGF3;RNF2;UHRF1;PCGF5"
"GOMF_HMG_BOX_DOMAIN_BINDING",0.462481812512991,1,0.574590904384592,1.0296118414286,2224,8,"PRRX1;DLX5;POU3F3;CEBPA;PAX6"
"GOMF_HORMONE_ACTIVITY",0.921500920810313,1,0.280717127012769,0.805925936867448,4002,89,"UCN;CGA;UTS2B;INHBB;CGB1;CSH2;AVP;LEP;QRFP;SCT;NPPB;GIP;RLN1;FNDC5;BGLAP;CCL25;C1QTNF12;SPX;GHRL"
"GOMF_HORMONE_BINDING",0.997152011391954,1,-0.235502138480834,-0.654213918284902,5601,84,"ADRB3;GPER1;ALDH1A1;AVPR1A;UCN2;GALR2;GALR1;MC5R;FSHR;NR3C1;ALDH1A3;LRP2;CALCR;CALCRL;SULT2B1;PTH1R;EGFR;SHBG;MCHR1;MC1R;RAMP1;INHBA;GHR"
"GOMF_HORMONE_RECEPTOR_BINDING",0.887030843552583,1,-0.326897811680775,-0.728010330817396,4773,23,"CRH;GHRH;UCN2;GNRH1;SOCS2;GRIA1;NPPC"
"GOMF_HSP70_PROTEIN_BINDING",0.99319362349991,1,-0.246155133780292,-0.624788272940197,5544,46,"PACRG;CYP1A1;DNAJB7;SNCA;ERN1;PRKN;DNAJC18"
"GOMF_HSP90_PROTEIN_BINDING",0.473130317957904,1,0.385168553332633,0.980030784775945,2112,41,"CYP2E1;GBP1;FKBP6;AHR;EIF2AK3;TSC1;GUCY1B1"
"GOMF_HYALURONIC_ACID_BINDING",0.000745017694170237,1,-0.763780281100918,-1.71393613550958,3,24,"IMPG1;ITIH1;ITIH2;HAPLN2;STAB2;TNFAIP6;HAPLN1;LYVE1;IMPG2"
"GOMF_HYALURONONGLUCOSAMINIDASE_ACTIVITY",0.0836075091929553,1,-0.803430867245849,-1.3730811151443,431,7,"SPAM1"
"GOMF_HYDRO_LYASE_ACTIVITY",0.999551971326165,1,0.189885474349682,0.511392602039417,4461,57,"ENO4;CA5B;CA10;AUH;HTD2;HACD1;ECHDC3;HSD17B4;ALAD;HACD4;CA13;ENO2;CA8;CA9;ENO1;EHHADH"
"GOMF_HYDROLASE_ACTIVITY_ACTING_ON_ACID_ANHYDRIDES",1,1,-0.177285469106491,-0.598590512576464,6720,757,"DDX4;ATP13A4;ABCA12;ARL5C;ABCB5;ABCA10;GBP3;ABCC9;ABCA8;IRGM;PMS2P5;ADRB3;TUBB1;GBP6;AGAP7P;HSPA7;TUBB8B;GNAT2;ENPP3;GNA15;RAB36;CPLANE2;ATP1A4;RRAD;HSPA6;DNM3;RGS20;RAB6C;MRAS;ATP8B1"
"GOMF_HYDROLASE_ACTIVITY_ACTING_ON_CARBON_NITROGEN_BUT_NOT_PEPTIDE_BONDS",0.968218131295589,1,-0.268317186523943,-0.777491310100881,5574,118,"KLK3;AICDA;APOBEC2;ARG1;ACR;PM20D1;UPB1;DPYS"
"GOMF_HYDROLASE_ACTIVITY_ACTING_ON_CARBON_NITROGEN_BUT_NOT_PEPTIDE_BONDS_IN_CYCLIC_AMIDES",0.914589989350373,1,0.328094750798152,0.678787559742787,4293,15,"CD101;DPEP1;AMDHD1;DHODH"
"GOMF_HYDROLASE_ACTIVITY_ACTING_ON_CARBON_NITROGEN_BUT_NOT_PEPTIDE_BONDS_IN_CYCLIC_AMIDINES",0.395806510943535,1,-0.444850509740522,-1.03708878513937,2151,29,"AICDA;APOBEC2"
"GOMF_HYDROLASE_ACTIVITY_ACTING_ON_CARBON_NITROGEN_BUT_NOT_PEPTIDE_BONDS_IN_LINEAR_AMIDES",0.978410740203193,1,-0.267073084315585,-0.706334535341355,5392,62,"KLK3;ACR;PM20D1;UPB1"
"GOMF_HYDROLASE_ACTIVITY_ACTING_ON_CARBON_NITROGEN_BUT_NOT_PEPTIDE_BONDS_IN_LINEAR_AMIDINES",0.775201226523572,1,-0.429589565002078,-0.77821757961204,4044,9,"ARG1;PADI1;PADI2"
"GOMF_HYDROLASE_ACTIVITY_ACTING_ON_ESTER_BONDS",1,1,-0.184532262884425,-0.617461676021919,6544,653,"PLCD4;ACOT12;ACOT6;FBP2;NME8;PLA2G4F;TPTE2;PLA2G2C;OC90;OLAH;PDE6C;PLB1;LIPC;THEM5;CHRM5;PTPRH;PNPLA7;MYH6;TNFAIP6;ENPP3;EXD1;SGPP2;BCHE;PDE6A;PDE4D;PNLDC1;RPPH1;AOAH;SMPD3;SYNJ1;PDE11A;NDST3;BDKRB2;STS;DUSP8;ENPP2;LCAT;CLC;PLPPR1;PON3;CA3;PPP1R3E;PNLIPRP2;PLCH2;DUSP19;MTMR8;EYA2;INPP1;PDE1C;PNPLA3;PTPRE;TIGAR;PTPN20;RGN;LPIN2;PTPRB;ABCD3;PDE1B;PLA2G5;PDE4B;ACHE;NT5DC3;LIPA;PFKFB3;PPM1L;CES1;ABHD12B;ACP7;PPP3CC;PUDP;INPP4B;CLN5;MPPED1;PLAAT1;SSH2;RAG1;PLCG2;PLA2G4A;ACOT11;PTPDC1;NME7;PDE8B;ACP3;CHRM3;PDE8A;DUSP10;PGAP1;DUSP4;DDHD1;DNASE1;PLA2G3;LPIN1;PPP1R3D;APEX2;DDHD2;DTD2;PDE5A;INPP5D;ARSB;NDST2;DUSP1;CTDSPL;ERI2;EXOSC4;LPL;GALNS;NT5C2;PTPN14;ARSJ;ENDOV;TATDN2;C11orf54;HACD2;PDP1;DCLRE1C;DUSP6;DLG1;PLA2G4E;THEM4;PLCB2;EXO5"
"GOMF_HYDROLASE_ACTIVITY_ACTING_ON_ETHER_BONDS",0.990666100975817,1,0.239515209123028,0.466799756907817,4669,12,"ALOX12;TMEM86B;RNPEP;TMEM86A"
"GOMF_HYDROLASE_ACTIVITY_ACTING_ON_GLYCOSYL_BONDS",0.999127551910661,1,-0.230328832525784,-0.661178783566771,5725,109,"SPAM1;MGAM2;TREH;CHI3L2"
"GOMF_HYDROLASE_ACTIVITY_HYDROLYZING_N_GLYCOSYL_COMPOUNDS",0.965959328028294,1,0.276256333137547,0.680815453622254,4369,34,"IL1RL1;CD38;QNG1;MACROD2;NEIL1;BST1"
"GOMF_HYDROLASE_ACTIVITY_HYDROLYZING_O_GLYCOSYL_COMPOUNDS",0.58965640658554,1,-0.343367698698243,-0.936771595919338,3294,75,"SPAM1;MGAM2;TREH;CHI3L2"
"GOMF_HYDROPEROXY_ICOSATETRAENOATE_DEHYDRATASE_ACTIVITY",0.24853228962818,1,-0.735054565578022,-1.21632485867064,1269,6,"CYP1A1;TBXAS1"
"GOMF_HYDROXYAPATITE_BINDING",0.389665653495441,1,0.754689036151045,1.1239559692554,1922,3,"BGLAP;HACD1"
"GOMF_HYDROXYMETHYL_FORMYL_AND_RELATED_TRANSFERASE_ACTIVITY",0.96918304033092,1,0.285326917201344,0.496088112548131,4685,7,"FTCD;SHMT1;ATIC;GART;AMT;SHMT2;MTFMT"
"GOMF_I_SMAD_BINDING",0.967608286252354,1,-0.290838143202879,-0.599244356895788,5137,16,"SMAD7;SMAD9;SMAD3"
"GOMF_ICOSANOID_BINDING",0.484896037661828,1,-0.674028752171668,-1.0470236480516,2471,4,"PPARG;TMEM175"
"GOMF_ICOSANOID_RECEPTOR_ACTIVITY",0.603302286198137,1,0.442114091558232,0.899858840336686,2849,14,"CYSLTR1;PTGER1;PTGDR"
"GOMF_ICOSANOID_TRANSMEMBRANE_TRANSPORTER_ACTIVITY",0.785034272658035,1,-0.407272352632054,-0.771760525998544,4122,11,"SLC22A1;SLCO2B1;SLC22A11"
"GOMF_ICOSATETRAENOIC_ACID_BINDING",0.869360533542566,1,-0.415764697497436,-0.64584109936302,4431,4,"PPARG;TMEM175"
"GOMF_IGE_BINDING",0.817021276595745,1,0.484527497011842,0.721605252558408,4031,3,"FCER2;LGALS3"
"GOMF_IGG_BINDING",0.30946390555448,1,-0.679704465640495,-1.16162995933865,1598,7,"FCGR3A;FCGR1A;FCGR2C"
"GOMF_IGG_RECEPTOR_ACTIVITY",0.016280894468419,1,-0.930593138301178,-1.44556596343494,82,4,"FCGR3A;FCGR1A;FCGR2C"
"GOMF_IGM_BINDING",0.822774817446221,1,-0.474258862001812,-0.70447012258193,4168,3,"CD22"
"GOMF_IMMUNE_RECEPTOR_ACTIVITY",0.733145407564012,1,0.302935088286076,0.895416946364383,3120,110,"CCR6;LILRB5;GPR25;GPR17;CCR1;CCR3;KLRD1;IL1RL1;CRLF2;C5AR2;IL2RG;HLA-DOB;FCMR;IL3RA;CNTFR;CSF2RA;IL12RB2;CMKLR1;IL17RE;ACKR3;IL10RA;CD44;FLT3;LAIR1;FCER2;EBI3;IL11RA;CCR7"
"GOMF_IMMUNOGLOBULIN_BINDING",0.316195856873823,1,-0.543827680340568,-1.12050525759438,1678,16,"CD22;FCGR3A;FCGR1A;FCGR2C"
"GOMF_IMMUNOGLOBULIN_RECEPTOR_ACTIVITY",0.21672124831439,1,-0.701605756133246,-1.23862840457563,1124,8,"FCGR3A;FCGR1A;FCGR2C;CD200R1"
"GOMF_IMMUNOGLOBULIN_RECEPTOR_BINDING",0.709497206703911,1,-0.469108996372264,-0.828174117257816,3682,8,"CLEC4D;ADAM28;FGR;ADAM15"
"GOMF_IMPORTIN_ALPHA_FAMILY_PROTEIN_BINDING",0.9195093905711,1,-0.351844778855702,-0.637379988964336,4797,9,"RB1;EI24;DESI1;KPNB1;DHX9;CDADC1;RAN;GOLGA2;TPX2"
"GOMF_INHIBITORY_MHC_CLASS_I_RECEPTOR_ACTIVITY",0.799634591961023,1,0.541907403111297,0.769018847499863,3938,2,"LILRB5"
"GOMF_INITIATOR_METHIONYL_AMINOPEPTIDASE_ACTIVITY",0.581829243561144,1,0.584464223005537,0.947054637140001,2868,5,"RNPEPL1;METAP1D;METAP2"
"GOMF_INORGANIC_DIPHOSPHATE_PHOSPHATASE_ACTIVITY",0.746704522409248,1,0.486312322013,0.788011175931927,3681,5,"LHPP;ALPL;PPA1;PRUNE1;PPA2"
"GOMF_INOSITOL_1_3_4_5_6_PENTAKISPHOSPHATE_KINASE_ACTIVITY",0.713665943600868,1,-0.515969565460375,-0.829054159135022,3618,5,"IP6K3;IP6K1"
"GOMF_INOSITOL_1_3_4_5_TETRAKISPHOSPHATE_5_PHOSPHATASE_ACTIVITY",0.993663123466885,1,0.234103494367004,0.394416660301156,4860,6,"INPP5J;INPP5A;OCRL"
"GOMF_INOSITOL_1_3_4_5_TETRAKISPHOSPHATE_BINDING",0.610136067836719,1,-0.576729854913636,-0.926683116448673,3093,5,"ADAP1;ITPR3;ASTN2"
"GOMF_INOSITOL_1_4_5_TRISPHOSPHATE_5_PHOSPHATASE_ACTIVITY",0.958970389007161,1,-0.309226357340234,-0.528474681367716,4954,7,"SYNJ1"
"GOMF_INOSITOL_1_4_5_TRISPHOSPHATE_BINDING",0.982605006364022,1,0.260980697658624,0.508634615190979,4631,12,"RPH3A;ITPR1;PLCL2;TRPC1"
"GOMF_INOSITOL_BISPHOSPHATE_PHOSPHATASE_ACTIVITY",0.491000580607703,1,-0.590163566145489,-1.00860258244549,2536,7,"INPP1;INPP4B;INPP5K;MTMR7"
"GOMF_INOSITOL_HEXAKISPHOSPHATE_KINASE_ACTIVITY",0.425736852244269,1,-0.59842774338001,-1.05647594045082,2209,8,"IP6K3;ITPKA;ITPKB;IP6K1"
"GOMF_INOSITOL_PHOSPHATE_KINASE_ACTIVITY",0.421744097486672,1,-0.551036830753188,-1.0441869466422,2214,11,"IP6K3;ITPKA;ITPKB;IP6K1;IPPK;PPIP5K2"
"GOMF_INOSITOL_PHOSPHATE_PHOSPHATASE_ACTIVITY",0.702955480733259,1,-0.389760717991399,-0.840519463616786,3757,20,"SYNJ1;INPP1;INPP4B;INPP5D;INPP5K;INPPL1;MTMR7;IMPA1"
"GOMF_INOSITOL_POLYPHOSPHATE_5_PHOSPHATASE_ACTIVITY",0.891731907580676,1,-0.365970401872088,-0.678217682370367,4669,10,"SYNJ1;INPP5D;INPP5K;INPPL1"
"GOMF_INOSITOL_TETRAKISPHOSPHATE_PHOSPHATASE_ACTIVITY",0.993556433173976,1,0.234121376465646,0.419523072330513,4779,8,"INPP5J;INPP5A;OCRL;PTEN;MINPP1;INPP5B;INPP5K;INPP5D"
"GOMF_INOSITOL_TRISPHOSPHATE_KINASE_ACTIVITY",0.238414513902583,1,-0.767439763903897,-1.23311367712634,1208,5,"ITPKA;ITPKB"
"GOMF_INOSITOL_TRISPHOSPHATE_PHOSPHATASE_ACTIVITY",0.5935960591133,1,-0.455362925349713,-0.909439067416484,3132,14,"SYNJ1;INPP1;INPP4B;INPP5D;INPP5K;INPPL1"
"GOMF_INSULIN_BINDING",0.917663759886433,1,0.362042936907855,0.586647443498214,4524,5,"INSR;C2CD2L"
"GOMF_INSULIN_LIKE_GROWTH_FACTOR_BINDING",0.457863054928518,1,-0.468983656607856,-1.00112968420396,2433,19,"IGFALS;KAZALD1;ITGB3;LRP2"
"GOMF_INSULIN_LIKE_GROWTH_FACTOR_I_BINDING",0.99152901313003,1,0.235879978447328,0.46989112591801,4681,13,"IGFBP5;INSR;IGFBP2;IGFBP6;IGFBP3"
"GOMF_INSULIN_LIKE_GROWTH_FACTOR_II_BINDING",0.488671793805862,1,0.560458349968873,1.00428765814442,2350,8,"IGFBP5;INSR;IGFBP2;IGFBP6;IGFBP3"
"GOMF_INSULIN_LIKE_GROWTH_FACTOR_RECEPTOR_BINDING",0.414740431981811,1,-0.521145309956774,-1.04081794606264,2188,14,"REN;SOCS2"
"GOMF_INSULIN_RECEPTOR_BINDING",0.67003367003367,1,-0.399511214386604,-0.861546420982652,3581,20,"IGF2;ENPP1;IGF1R;PTPN1;INSL3;PIK3R1;SHC1;SNX4;IRS1;GRB10;APP;CCDC88A"
"GOMF_INSULIN_RECEPTOR_SUBSTRATE_BINDING",0.252647503782148,1,-0.614730774103088,-1.18959265954052,1335,12,"INSRR"
"GOMF_INTEGRIN_BINDING",0.641798070134149,1,0.306748618532424,0.932880741781787,2726,137,"ITGAX;ANGPTL3;COL3A1;COL4A3;MADCAM1;COMP;ITGBL1;ICAM4;VTN;FGF1;SLC6A4;GFAP;CD177;ITGAM;FCER2;VWF;ICAM5;COL16A1;ITGB1BP2;GPNMB;SVEP1;TNXB;TNN;CD226;ACTN3;NPNT;ADAMTS13;CXCL12"
"GOMF_INTEGRIN_BINDING_INVOLVED_IN_CELL_MATRIX_ADHESION",0.576353680794971,1,0.58856939261966,0.953706575387494,2841,5,"MADCAM1;SVEP1"
"GOMF_INTERFERON_RECEPTOR_ACTIVITY",0.944433177854391,1,0.329412663255174,0.533773972791993,4656,5,"IL22RA1;IFNGR2;IFNAR1"
"GOMF_INTERLEUKIN_1_BINDING",0.926843429456164,1,-0.352592068128044,-0.602587639874862,4788,7,"IL1RAPL1"
"GOMF_INTERLEUKIN_1_RECEPTOR_ACTIVITY",0.483877509632935,1,0.637001375046702,1.0321848324612,2385,5,"IL1RL1;IL1R1"
"GOMF_INTERLEUKIN_1_RECEPTOR_BINDING",0.980543247929108,1,-0.26294970974733,-0.464216515644017,5089,8,"IL37;TLR5;ERAP1"
"GOMF_INTERLEUKIN_12_RECEPTOR_BINDING",0.115847641602526,1,-0.882345867895452,-1.31064773168876,586,3,"IL12B"
"GOMF_INTERLEUKIN_17_RECEPTOR_ACTIVITY",0.962793598004573,1,0.297225948137665,0.532600417874957,4631,8,"IL17RE;IL6ST"
"GOMF_INTERLEUKIN_2_RECEPTOR_BINDING",0.113282020919676,1,-0.88364797239499,-1.31258189421033,573,3,"GATA3"
"GOMF_INTERLEUKIN_6_RECEPTOR_BINDING",0.307335010644475,1,-0.681143787755994,-1.16408979265595,1587,7,"IL6;CNTF;IL6R;ERAP1"
"GOMF_INTERMEDIATE_FILAMENT_BINDING",0.997700668896321,1,0.210229101519478,0.386119337976975,4772,9,"PKP1;SIRT1;NES"
"GOMF_INTRACELLULARLY_CALCIUM_GATED_CHLORIDE_CHANNEL_ACTIVITY",0.263038975710789,1,-0.560001079523479,-1.16917437344526,1396,17,"BEST3;ANO3;BEST1"
"GOMF_INTRACELLULARLY_CAMP_ACTIVATED_CATION_CHANNEL_ACTIVITY",0.409239574816026,1,0.64912212359315,1.0936384388771,2001,6,"CNGA1;CNGB1;CNGA4;HCN2;HCN1"
"GOMF_INTRACELLULARLY_CGMP_ACTIVATED_CATION_CHANNEL_ACTIVITY",0.332177814029364,1,0.747775613854202,1.16880242843727,1628,4,"CNGA1;AQP1;CNGB1;CNGA4"
"GOMF_INTRACELLULARLY_GATED_CALCIUM_CHANNEL_ACTIVITY",0.964407502131287,1,0.290126216310347,0.609351680969321,4524,16,"TRPM2;MCOLN3;ITPR1;RYR3;BNIP1"
"GOMF_INTRACELLULARLY_LIGAND_GATED_MONOATOMIC_ION_CHANNEL_ACTIVITY",0.893020221787345,1,0.315000790696708,0.729898455108964,4106,25,"TRPM2;MCOLN3;CNGA1;ITPR1;AQP1;RYR3;BNIP1;CNGB1;CNGA4;HCN2"
"GOMF_INTRACILIARY_TRANSPORT_PARTICLE_B_BINDING",0.832681017612524,1,-0.433293877195186,-0.716989103425068,4254,6,"KATNIP;KIFAP3;IFT56;KIF3B"
"GOMF_INTRAMEMBRANE_LIPID_TRANSPORTER_ACTIVITY",0.485920577617329,1,-0.380781615812175,-0.979483096191346,2691,51,"ABCA12;PLSCR2;ANO3;ATP8B1;XKR4;ABCA4;TMEM63C"
"GOMF_INTRAMOLECULAR_OXIDOREDUCTASE_ACTIVITY",0.964086909678578,1,-0.278986504926458,-0.711812554136491,5368,48,"DCT;TBXAS1;ITGB3"
"GOMF_INTRAMOLECULAR_OXIDOREDUCTASE_ACTIVITY_INTERCONVERTING_ALDOSES_AND_KETOSES",0.719337694194603,1,0.47969272796348,0.808184449555887,3518,6,"TPI1;MPI;GPI;RPIA;HYI"
"GOMF_INTRAMOLECULAR_OXIDOREDUCTASE_ACTIVITY_INTERCONVERTING_KETO_AND_ENOL_GROUPS",0.991210139002453,1,0.24456009490452,0.412033900373808,4848,6,"FAHD2A;MIF;DDT"
"GOMF_INTRAMOLECULAR_OXIDOREDUCTASE_ACTIVITY_TRANSPOSING_C_C_BONDS",0.582765151515152,1,-0.465878188142662,-0.916915345743618,3076,13,"DCT"
"GOMF_INTRAMOLECULAR_PHOSPHOTRANSFERASE_ACTIVITY",1,1,0.173076997939078,0.324403191534287,4764,10,"PGAM2;PGM2;PGM1;PMM2;BPGM;PGAM1"
"GOMF_INTRAMOLECULAR_TRANSFERASE_ACTIVITY",0.999815939628198,1,-0.168443985781447,-0.390123817311175,5431,28,"PGAM4;TRUB2;PUS1;ALOXE3;CYP2J2;PMM1;PUS7;PGM2L1;PUS3;RPUSD4;LSS;TRUB1;RPUSD3;PGM3;DKC1;MMUT;PGAM1;BPGM;PUSL1;PMM2;PUS10;RPUSD2;PUS7L;PGM1;RPUSD1;PGM2;TMEM86B;PGAM2"
"GOMF_INTRONIC_TRANSCRIPTION_REGULATORY_REGION_SEQUENCE_SPECIFIC_DNA_BINDING",0.493599160545645,1,0.527259198890301,0.9882570701049,2351,10,"NKX2-1;BCL6;NCOA2;SMYD3;HSF1"
"GOMF_INWARD_RECTIFIER_POTASSIUM_CHANNEL_ACTIVITY",0.303865359718883,1,-0.484260781593905,-1.10402809940469,1642,26,"KCNJ5;KCNJ15;ABCC9"
"GOMF_IODIDE_TRANSMEMBRANE_TRANSPORTER_ACTIVITY",0.944807849550286,1,0.319364011102448,0.53806324856449,4621,6,"SLC5A8;ANO1;SLC5A5;MFSD8"
"GOMF_IONOTROPIC_GLUTAMATE_RECEPTOR_BINDING",0.984182453558948,1,-0.265129864472162,-0.618102492925059,5350,29,"CACNG3;NEDD4;PTK2B;SHISA6;DLG1;SRC"
"GOMF_IRON_ION_BINDING",0.969639468690702,1,-0.267253421477608,-0.785603103552193,5620,132,"FTH1P19;CYP3A43;CYP3A4;CYP2F1;CYP4A11;TH;CYP4B1;CYP1A1;FXN;P4HA3;CYP2C8;TBXAS1;XDH;TPH2;CYP2W1;CH25H;CYP4F22;CYP39A1;SNCA;CYP20A1;ALOX15B;PAH;TF;CYP26B1;HBA1;HBQ1"
"GOMF_IRON_ION_TRANSMEMBRANE_TRANSPORTER_ACTIVITY",0.196852046169989,1,0.67202344925995,1.25959286515095,937,10,"SLC40A1;TTYH1"
"GOMF_ISOCITRATE_DEHYDROGENASE_NAD_P_PLUS_ACTIVITY",0.931177282587261,1,-0.347781257160315,-0.558811055959673,4721,5,"IDH1;IDH3A;IDH2;IDH3G;IDH3B"
"GOMF_ISOMERASE_ACTIVITY",1,1,0.196911083327519,0.66148604430259,3725,416,"DNAH8;MYL1;GSTA1;DNAH12;DNAH6;DYNLRB2;RPEL1;MYH8;DDX43;MYH7;FKBP6;HFM1"
"GOMF_ISOPRENOID_BINDING",0.94960601062855,1,-0.291201962306783,-0.692103281242698,5181,32,"UGT2B15;ADH4;UGT2B4;RBP4;CYP2W1;ABCA4"
"GOMF_JUN_KINASE_BINDING",0.996001523229246,1,-0.213941940412529,-0.40540916514186,5230,11,"MAPK8IP2;DUSP10;SPAG9;RNF13;PTK2;DUSP16;MAPK8IP3;MAPK8IP1;GSTP1;MAD2L2;HES1"
"GOMF_JUN_KINASE_KINASE_KINASE_ACTIVITY",0.955921809122269,1,-0.309602016652662,-0.560855643784727,4987,9,"MAP3K20;RIPK1;MAP3K11;MAP3K21;RIPK2;MAP3K9;LRRK2;MAP3K10;MAP3K5"
"GOMF_K48_LINKED_DEUBIQUITINASE_ACTIVITY",0.95459390321893,1,0.299954152976236,0.639507660169458,4477,17,"ATXN3;USP8;MINDY1;USP9X;USP13;USP36;MINDY2;MINDY3;USP15;USP7;DESI2;OTUD5;OTUD7B;USP27X;YOD1;CYLD;MINDY4"
"GOMF_K48_LINKED_POLYUBIQUITIN_MODIFICATION_DEPENDENT_PROTEIN_BINDING",0.928394118770288,1,-0.339406439784577,-0.628989251028908,4861,10,"UFD1;VCP;UBQLN4;MINDY2;IKBKE;RNF31;ZFAND2B;UBXN1;MINDY1;NPLOC4"
"GOMF_K63_LINKED_DEUBIQUITINASE_ACTIVITY",0.985313500282433,1,-0.253457629708871,-0.529170703852841,5232,17,"STAMBPL1;CYLD;STAMBP;USP53;YOD1;BRCC3;USP27X;OTUD5;DESI2;PSMD14;OTUD4;USP14;USP54;USP9X;USP8;TNFAIP3;ATXN3"
"GOMF_K63_LINKED_POLYUBIQUITIN_MODIFICATION_DEPENDENT_PROTEIN_BINDING",0.963522555579538,1,0.286544120457064,0.657721562031101,4463,24,"PARP10;SPRTN;NPLOC4;WDR81;SQSTM1;RNF31;IKBKE;MINDY2;TAB2;RNF168;ZRANB1;FAAP20;TNIP2;OPTN;UIMC1;ATRIP;IKBKG;OTUD7B;ZRANB3;ZBTB1;ASCC2;PRPF8;RNF169;TAB3"
"GOMF_KAINATE_SELECTIVE_GLUTAMATE_RECEPTOR_ACTIVITY",0.83336619996056,1,-0.436739849973604,-0.701748733488873,4225,5,"GRIK1;GRIK2;GRIK3"
"GOMF_KERATIN_FILAMENT_BINDING",0.998980424143556,1,0.232290831328522,0.363079622724131,4898,4,"SIRT1;VIM"
"GOMF_KETOSTEROID_MONOOXYGENASE_ACTIVITY",0.188701451549627,1,-0.816860392492825,-1.2688956447942,961,4,"AKR1C3;AKR1D1;AKR1C1"
"GOMF_KINASE_ACTIVATOR_ACTIVITY",1,1,0.191206890275254,0.585711110274481,4231,146,"LTF;TCL1A;ALK;CDK5R2;GREM1;EFNA5;FAM20A;ALKAL1;GHRL;EGF;TAB1;INSR;SPDYA;GPRC5A;ERCC6;GPRC5D;STK3;TCL1B;GPRC5C;NRG3;BTC;CAB39L;ALKAL2;CCNY;TGFB1;PARP16;DELE1;ERBB3"
"GOMF_KINASE_ACTIVITY",1,1,0.174944250672905,0.610189818015021,3325,728,"TNNI3K;PRKY;SPEGNB;ACVRL1;SRPK3;ANKK1;CKM;STKLD1;PRKACG;CDK15;ALK;ZAP70;SGK2;AVP;PHKG1;TGFBR3L;AK8;NME9;HCK;DCLK3;NME5;PNCK;IRAK2;FAM20A;ITK;PDK2;ALPK1;PIPSL;MAP4K1;GCK;SBK3;CDKL3;SGMS2;AATK;PMS2P1;EPHA4;MAK;BTK;PKDCC;EFNA3;RET;HUNK;ALPK2;CDKL4;PIK3R3;MYO3A;NEK10;SPHK1;FLT3;PDGFRA;LMTK3;CDK19;HJV;DCLK1;INSR;WNK4;ERN2;CMPK2;MOK;KSR1;AK7;PLK5;IRAK4;MOS;PGK1;STK3;FGFR3;MAPK11;ULK2;AKT3;CDK6;HYKK;PRKCG;EPHA10;DCLK2;NPR2;CAMK1G;SGK3;FER;TLK2;EIF2AK3;PTK6;BMPR1B;WEE1;STK16;PRKG1;CDK17;BMPR2;KHK;PIK3CD;TK2;DGKE;ERBB3;EIF2AK4;VRK3;JAK3;CDK3;TGFBR1;TYK2;HIPK4;ADCK5;PKM;EPHB2;WNK3;ULK4;RPS6KA4;NTRK1;JAK2;PIM1;TESK2;GRK4;STK32B;DGKQ;PDK3;CDK8;DYRK4;TRIB1;SRPK2;CASK;MAP2K6;MAP3K6;EIF2AK1;FGFR1;NME6;TJP2;CLK3;DGKD;DAPK2;MYLK2;GRK6;CKB;EPHA7;ACVR1C;ROR2;TRIM24;GLYCTK;MAPK10;UCKL1;PINK1;MAP4K2;EPHB6;NUAK2;BRSK1;PRKD1;RIPK4;ATR;PNKP;SIK2;RIOK3;PFKFB1;NEK11;MAP3K13;HSPB8;PDGFRB;CKMT2;NME3;STK24;LATS2;KIT"
"GOMF_KINASE_BINDING",1,1,-0.143779930162835,-0.484633909484635,6688,733,"GRAPL;SPDYE14;FAM83C;CEACAM7;PIWIL1;IRGM;CAVIN2;MYOM1;CD3E;MYH6;CD6;SKAP1;DOK7;CDH5;ACTL8;SHC4;IL31RA;SPDYE1;MST1L;RASGRP3;LDB3;AVPR1B;PRKG2;SNAP91;AVPR1A;KSR2;POTEI;ITGB3;POTEF;STING1;CASR;SP100;GP6;RHOH;IRF5;DGKH;NR3C1;PRKCH;GRIA1;NR4A3"
"GOMF_KINASE_INHIBITOR_ACTIVITY",0.997426900584795,1,0.238438492406206,0.693813034675728,4263,98,"CDKN2B;GMFG;PYDC1;GCKR;TESC;DEPTOR;KAT2B;SFN;PPP1R1B;INCA1"
"GOMF_KINASE_REGULATOR_ACTIVITY",1,1,0.210236722946014,0.687894481598463,3903,292,"CDKN2B;LTF;TCL1A;ALK;CDK5R2;GMFG;CCNO;PYDC1;GREM1;EFNA5;FAM20A;GCKR;TESC;ALKAL1;RAC2;DEPTOR;GHRL;EGF;KAT2B;PIK3R3;FLT3;TAB1;CCNP;INSR;SPDYA;CCNB3;GPRC5A;SFN;ERCC6;PPP1R1B;GPRC5D;KLF4;STK3;PIK3IP1;TCL1B;INCA1;GPRC5C;NRG3;BTC;CAB39L;ALKAL2;CCNY"
"GOMF_KINESIN_BINDING",0.997127984203913,1,-0.2290534209861,-0.574294198653183,5554,43,"KCNA2;DISC1;SNCA;SPTBN5;MAPK8IP2;MAP7D2;NEK6"
"GOMF_KINETOCHORE_BINDING",0.505779760697627,1,0.624733426495552,1.01230608350405,2493,5,"CENPE;MAD1L1;CENPH;SPDL1"
"GOMF_L_2_HYDROXYCARBOXYLATE_DEHYDROGENASE_NADPLUS_ACTIVITY",0.710809166497668,1,0.506276476860413,0.82036071022437,3504,5,"LDHAL6A;LDHC;LDHA"
"GOMF_L_ALANINE_TRANSMEMBRANE_TRANSPORTER_ACTIVITY",0.178578308611058,1,-0.722958057342541,-1.27632417110789,926,8,"SLC36A2"
"GOMF_L_AMINO_ACID_N_ACETYLTRANSFERASE_ACTIVITY",0.983170254403131,1,-0.263408855738654,-0.435873408903963,5023,6,"ESCO2;NAT8L"
"GOMF_L_AMINO_ACID_TRANSMEMBRANE_TRANSPORTER_ACTIVITY",0.0615634591081423,1,-0.514876708848506,-1.33251048507596,340,53,"SLC36A2;SLC17A8;SLC6A20"
"GOMF_L_ARGININE_TRANSMEMBRANE_TRANSPORTER_ACTIVITY",0.99357034795764,1,-0.224753044906396,-0.434929539390836,5253,12,"SLC7A7;SLC22A2;SLC7A1"
"GOMF_L_ASCORBIC_ACID_BINDING",0.997942386831276,1,-0.203424510260163,-0.438685204428816,5334,20,"P4HA3"
"GOMF_L_ASPARTATE_TRANSMEMBRANE_TRANSPORTER_ACTIVITY",0.9536220774243,1,-0.313345046214957,-0.567636281965199,4975,9,"SLC25A12;SLC25A13;SLC1A1;SLC1A5;SLC25A18;UCP2;SLC25A22;SLC1A4;SLC1A6"
"GOMF_L_GLUTAMATE_TRANSMEMBRANE_TRANSPORTER_ACTIVITY",0.113300492610837,1,-0.67179762763103,-1.34169686189573,597,14,"SLC17A8"
"GOMF_L_GLUTAMINE_TRANSMEMBRANE_TRANSPORTER_ACTIVITY",0.969481605351171,1,0.280664807003482,0.515485766196737,4637,9,"SLC38A6;SLC38A3;SLC1A4;SLC38A9;SLC38A5"
"GOMF_L_HISTIDINE_TRANSMEMBRANE_TRANSPORTER_ACTIVITY",0.832488339079294,1,0.433983223502401,0.703218106568381,4104,5,"SLC38A3;SLC15A4;SLC38A5"
"GOMF_L_LEUCINE_BINDING",0.914457131797949,1,-0.366359475130509,-0.626116442825129,4724,7,"GLUD2;SESN1;SESN2"
"GOMF_L_LEUCINE_TRANSMEMBRANE_TRANSPORTER_ACTIVITY",0.808610567514677,1,-0.445603112765156,-0.737357699058801,4131,6,"SLC7A5;SLC3A2;SLC7A8;SLC43A2"
"GOMF_L_LYSINE_N_ACETYLTRANSFERASE_ACTIVITY_ACTING_ON_ACETYL_PHOSPHATE_AS_DONOR",0.873164763458401,1,0.412025146703823,0.644011362663328,4281,4,"KAT2B;EP300"
"GOMF_L_LYSINE_TRANSMEMBRANE_TRANSPORTER_ACTIVITY",0.603351955307263,1,-0.516893311830167,-0.912533474207164,3131,8,"SLC66A1LP;SLC7A1"
"GOMF_L_ORNITHINE_TRANSMEMBRANE_TRANSPORTER_ACTIVITY",0.651824244801883,1,-0.573643410852713,-0.891086937725765,3322,4,"SLC7A1;SLC25A15;SLC7A3;SLC7A2"
"GOMF_L_PROLINE_TRANSMEMBRANE_TRANSPORTER_ACTIVITY",0.030565963320844,1,-0.891085300530653,-1.4317859501846,154,5,"SLC36A2;SLC6A20"
"GOMF_L_SERINE_TRANSMEMBRANE_TRANSPORTER_ACTIVITY",0.789045868008516,1,-0.446726893586035,-0.763466137805687,4076,7,"SLC7A10;SFXN3;SLC38A2"
"GOMF_LACTATE_DEHYDROGENASE_ACTIVITY",0.676001635322976,1,0.503446500888749,0.848204714148986,3306,6,"LDHAL6A;LDHC;LDHD"
"GOMF_LACTATE_TRANSMEMBRANE_TRANSPORTER_ACTIVITY",0.223630417007359,1,0.741651086538793,1.24953087715458,1093,6,"SLC16A3;SLC16A8;SLC5A8;SLC16A7;SLC5A12"
"GOMF_LAMIN_BINDING",0.395993179880648,1,0.498919665134866,1.04788026564747,1857,16,"IFI27;PKP1;PLCB1;BNIP3L;SYNE1"
"GOMF_LAMININ_1_BINDING",0.135731807031889,1,0.788955100471771,1.32922849655463,663,6,"SHH;NTN4;SLIT2"
"GOMF_LAMININ_BINDING",0.11664853101197,1,0.55682332088063,1.30093688344074,535,26,"SHH;CTSS;NTN4;SSC5D;SLIT2;LGALS1"
"GOMF_LARGE_RIBOSOMAL_SUBUNIT_RRNA_BINDING",0.765121596341717,1,0.429831165738753,0.770216261139177,3680,8,"NSUN4;RPL23;RPL12;RPLP0;MRPL11"
"GOMF_LBD_DOMAIN_BINDING",0.986452486936327,1,-0.257878746565715,-0.440720479311775,5096,7,"PROX1;PPARG"
"GOMF_LEUCINE_ZIPPER_DOMAIN_BINDING",0.533684210526316,1,0.497608493248902,0.951221208270741,2534,11,"CRX;AATF"
"GOMF_LEUKOTRIENE_C4_GAMMA_GLUTAMYL_TRANSFERASE_ACTIVITY",0.720770010131712,1,0.558586432520868,0.83190098849038,3556,3,"GGT1;GGT6"
"GOMF_LEUKOTRIENE_C4_SYNTHASE_ACTIVITY",0.869360533542566,1,-0.415511513346317,-0.645447807841435,4431,4,"MGST3;MGST2;GSTM4;LTC4S"
"GOMF_LIGAND_GATED_CALCIUM_CHANNEL_ACTIVITY",0.995214430333149,1,-0.242172824691638,-0.560883111257615,5406,28,"TRPM8;GRIK1;GRIA1;TRPA1;MCOLN2;GRIN2D;ITPR2;TPCN1;TPCN2;GRIK2;GRIA3;GRIK3;ITPR3"
"GOMF_LIGAND_GATED_CHANNEL_ACTIVITY",0.731674053869758,1,-0.300501372462736,-0.905295156850244,4291,167,"KCNJ5;KCNJ15;GLRA1;AQP6;ABCC9;GABRG3;BEST3;TRPM8;ANO3;KCNK2;BEST1;PKD1L3;ASIC4;CALHM1;KCNJ8;P2RX3;CHRNA10;GRIK1;GABRG1;GLRB;GABRA4;CHRNA9;TMEM63C;GRID1;GRIA1;BEST2;KCNJ1;CHRFAM7A;ASIC3;GABRR1;CHRNA4;ANO4;TRPA1;TRPC3;MCOLN2;ABCC8;PKD2L1;KCNH6;KCNT2;ASIC1"
"GOMF_LIGAND_GATED_MONOATOMIC_ANION_CHANNEL_ACTIVITY",0.291531531531532,1,-0.44052193200412,-1.0998792452192,1617,42,"GLRA1;AQP6;GABRG3;BEST3;ANO3;BEST1;GABRG1;GLRB;GABRA4;BEST2;GABRR1;ANO4"
"GOMF_LIGAND_GATED_MONOATOMIC_CATION_CHANNEL_ACTIVITY",0.998607727114514,1,-0.237199216819277,-0.689981811746475,5737,122,"KCNJ5;KCNJ15;ABCC9;TRPM8;PKD1L3;ASIC4;CALHM1;KCNJ8;P2RX3;CHRNA10;GRIK1;CHRNA9;TMEM63C;GRIA1;BEST2;KCNJ1;CHRFAM7A;ASIC3;CHRNA4;TRPA1;TRPC3;MCOLN2;ABCC8;PKD2L1;KCNH6;KCNT2;ASIC1"
"GOMF_LIGAND_GATED_MONOATOMIC_ION_CHANNEL_ACTIVITY_INVOLVED_IN_REGULATION_OF_PRESYNAPTIC_MEMBRANE_POTENTIAL",0.940323955669224,1,0.312230043944756,0.655776318825817,4411,16,"GABRB1;GABRA2;GRIN3B;GRIN2B;GRIK4"
"GOMF_LIGAND_GATED_SODIUM_CHANNEL_ACTIVITY",0.985504156896184,1,0.258335465223566,0.550775867794034,4622,17,"SCNN1B;SCNN1G;ASIC2;GRIN1;GRIK4"
"GOMF_LIGAND_MODULATED_TRANSCRIPTION_FACTOR_ACTIVITY",0.839292163235825,1,-0.309367862110579,-0.810097254463266,4647,57,"NR2E1;GPER1;NR4A2;NR5A1;HNF4G;NR3C1;NR4A3;AHRR;NR1I3;ESR2;HNF4A;NR5A2;RARB;RORB;PPARG"
"GOMF_LIGASE_ACTIVITY",1,1,-0.223595470963378,-0.670380812877701,5827,160,"LGSN;TTLL9;ACSM1;TTLL7;CPS1;TTLL11;CARNS1;LIG4;SLC27A6;MDM2;GCLM;UBA6;TTLL3;CARS1;RIMKLA;FARS2;WARS1;ITCH;HLCS;CARS2;SLC27A2;ASNS;GHDC;GARS1;TTLL2;LIG3;MARS2;VARS2;CAD;GMPS;ASNSD1;DIP2A;MARS1;LARS1;RLIG1;FARSA;CTPS1;TARS2;UBA5;RARS2;PFAS;NAPRT;ATP5PF;HARS1;FARSB;ACSL1;BTRC;LARS2;MTHFD1L;IARS1;SLC27A4;AARS1;YARS1;ATP5ME;AARSD1;GCLC"
"GOMF_LIGASE_ACTIVITY_FORMING_CARBON_CARBON_BONDS",0.588831437435367,1,0.530163149820973,0.921776462301536,2846,7,"PCCA;ACACB;PC;PCCB;MCCC2;MCCC1;ACACA"
"GOMF_LIGASE_ACTIVITY_FORMING_CARBON_NITROGEN_BONDS",0.460764948823846,1,-0.389519986043949,-0.993830207759482,2565,48,"LGSN;TTLL9;TTLL7;CPS1;TTLL11;CARNS1;GCLM;TTLL3;RIMKLA;HLCS;ASNS;GHDC;TTLL2;CAD;GMPS;ASNSD1"
"GOMF_LIGASE_ACTIVITY_FORMING_CARBON_OXYGEN_BONDS",0.787933526011561,1,-0.331764124742319,-0.824999849119024,4361,41,"CARS1;FARS2;WARS1;CARS2;GARS1;MARS2;VARS2;MARS1;LARS1;FARSA;TARS2;RARS2;HARS1;FARSB;LARS2;IARS1;AARS1;YARS1;AARSD1;DARS2;DARS1;TARS1"
"GOMF_LIGASE_ACTIVITY_FORMING_CARBON_SULFUR_BONDS",0.997330960854093,1,0.226317818104781,0.560278884026967,4483,35,"ACSM6;ACSL5;UBA7;ACSL6;AACS;ACSF3;ACSM3;UBA2;SLC27A1;ACSS2"
"GOMF_LIGASE_ACTIVITY_FORMING_PHOSPHORIC_ESTER_BONDS",0.9195093905711,1,-0.351804695873814,-0.637307377142052,4797,9,"LIG4;LIG3;RLIG1;AARS1"
"GOMF_LIM_DOMAIN_BINDING",0.657083764219235,1,0.496446439325994,0.863154375626894,3176,7,"ISL1;KAT14;TLN1"
"GOMF_LIPASE_ACTIVATOR_ACTIVITY",0.972915333759863,1,0.279002452517237,0.603217980887282,4561,18,"ARHGAP6;BTK;PDGFRA"
"GOMF_LIPASE_ACTIVITY",0.97404181184669,1,-0.267324832680576,-0.770287248754754,5590,113,"PLCD4;PLA2G4F;PLA2G2C;OC90;PLB1;LIPC;CHRM5;PNPLA7"
"GOMF_LIPASE_BINDING",0.559255429162358,1,0.546524039911667,0.95022258005415,2703,7,"ANGPTL3;ANGPTL4"
"GOMF_LIPASE_INHIBITOR_ACTIVITY",0.954361271059928,1,0.298322470964031,0.64498887721107,4474,18,"ANGPTL3;APOA2;SNCB;ANXA1;PINLYP"
"GOMF_LIPID_ANTIGEN_BINDING",0.861550954120991,1,0.483189822352065,0.685692939744787,4243,2,"CD1D;CD1C"
"GOMF_LIPID_BINDING",1,1,-0.218487568195093,-0.737999555413194,6717,764,"ACOT12;DMBT1;C8orf44-SGK3;PLA2G4F;UGT2B15;CPNE6;CYP3A4;SYT8;NCF1B;PLA2G2C;OC90;APOL3;BIN2;RAG2;STARD6;IAPP;FABP2;ALB;FABP5P3;PIK3C2G;IRGM;CAVIN2;SELL;ADH4;UGT2B4;CD6;DOK7;FYB1;SYT15;GPER1;TTPA;NR5A1;RASGRP3;RBP4;AMER3;APOL6;SNAP91;ATP8B1;CERKL;APOA5;AKR1D1;KL;MAP1LC3B2;FRMPD2;CYP2W1;ADAP1;CPNE5;ABCA4;PLIN1;SMPD3;GPR155;SPTBN4;SIDT1;NR3C1;PLEKHN1;MTTP;SCIN;STAR;MYO1G;PFN4;GLTPD2;SNX31;TECPR1;CLVS2;KCNJ1;SNCA;RUBCNL;ANXA2P2;APOB;ALOX15B;SYTL2;ESR2;HNF4A;PLEKHA3;CPS1;PNPLA3;WDFY3;NR5A2;CYP26B1;SULT2B1;SHBG;PLA2G5;CD14;NRGN;PCYT1A;WIPI1;NCF1;RHO;SYTL5;GC;SYTL4;PPARG;AMPH;GAB2;DGKG;MME;RLBP1;GHR;PLEKHA4;ADGRB1;MCTP1;FCHSD1;PLA2G4A;BCAS3;ACOX1;ACOT11;SYT17;WDPCP;C8G;DGKB;PIK3C2B;STRA6;PSD2;CYTH3;SNX32;MAPKAP1;STARD9;STAM2;CYTH1;CD1C;KCNJ3;PROM2;TLR6;PHLDA3;MAG;CALB1;IQGAP2;SNX19;ESYT3;RUBCN;EXOC8;VPS36"
"GOMF_LIPID_KINASE_ACTIVITY",0.826738934056007,1,-0.323292069297355,-0.800754370820066,4575,40,"PIK3C2G;CERKL;DGKH;DGKK;DGKG;PIK3C3;DGKB;PIK3C2B"
"GOMF_LIPID_PHOSPHATASE_ACTIVITY",0.913231695840392,1,-0.326627184151278,-0.689908602190199,4851,18,"SGPP2;PLPPR1;LPIN2;LPIN1;INPP5K;PLPP2;PLPPR2"
"GOMF_LIPID_TRANSFER_ACTIVITY",0.612061206120612,1,0.334605386097363,0.923728878430739,2719,67,"ABCG8;CETP;CIDEB;ABCG5;APOA2;APOA1;PITPNM2;GRAMD1C;PLEKHA8P1;OSBPL5;ABCG1;PITPNA;ABCA1"
"GOMF_LIPID_TRANSMEMBRANE_TRANSPORTER_ACTIVITY",0.554498114562758,1,-0.370377657740954,-0.944990033195963,3087,48,"ABCA12;SLC22A1;SLC51B;SLC10A2;FABP2;SLCO2B1;RBP4;ABCA4;SLC10A4;SLC22A11;CEACAM1"
"GOMF_LIPID_TRANSPORTER_ACTIVITY",0.654291553133515,1,-0.308399558729725,-0.930895837095526,3841,170,"ABCA12;APOL3;ABCA10;SLC22A1;PLSCR2;SLC51B;SLC10A2;FABP2;ABCA8;ANO3;MFSD2B;SLCO2B1;TTPA;RBP4;ATP8B1;APOA5;XKR4;ABCA4;TMEM63C;MTTP;STAR;SLC10A4;GLTPD2;SLC22A11;CEACAM1;APOB;ABCG2;ANO4"
"GOMF_LIPOPEPTIDE_BINDING",0.451226931656865,1,0.655336882134173,1.06189533710459,2224,5,"LBP;TLR2;CD1D"
"GOMF_LIPOPOLYSACCHARIDE_BINDING",0.51164309031556,1,0.41024769806004,0.958484211668606,2350,26,"GBP1;LTF;LBP;NLRP6;CASP4;F2;TLR2"
"GOMF_LIPOPOLYSACCHARIDE_IMMUNE_RECEPTOR_ACTIVITY",0.948613376835236,1,0.333265032911091,0.520906235190035,4651,4,"TLR2;SCARB1"
"GOMF_LIPOPROTEIN_LIPASE_ACTIVITY",0.344880975420941,1,-0.664553579813021,-1.13573676048916,1781,7,"LIPC;PNLIPRP2;PNPLA3"
"GOMF_LIPOPROTEIN_PARTICLE_RECEPTOR_ACTIVITY",0.213438735177866,1,-0.572896270432904,-1.2100831905996,1133,18,"APOBR;STAB2;OLR1"
"GOMF_LIPOPROTEIN_PARTICLE_RECEPTOR_BINDING",0.996495071193866,1,0.225845428346983,0.539927654590739,4548,29,"RELN;APOA2;APOA1;CLU"
"GOMF_LIPOTEICHOIC_ACID_BINDING",0.621722113502935,1,-0.549748158471756,-0.909690766469538,3176,6,"DMBT1;CD6"
"GOMF_LNCRNA_BINDING",0.961915125136017,1,0.285037263519969,0.665948201813264,4419,26,"KLF4;EEF2;PPARGC1A;HADHB;BRD3;PCBP2;NONO;ELAVL1;SUZ12;HNRNPK;CSDE1;PPME1;CTBP1;PUM2;ATP2A2;WDR82;EZH2;PDIA3;HNRNPU;DNMT1;STAT3;SIRT6;DNMT3A;RBM33;SUGT1;YY1"
"GOMF_LONG_CHAIN_FATTY_ACID_BINDING",0.373114378460951,1,-0.587710858322248,-1.0891479043011,1953,10,"FABP2"
"GOMF_LONG_CHAIN_FATTY_ACID_COA_LIGASE_ACTIVITY",0.954907161803713,1,-0.311069093390835,-0.621259154943697,5039,14,"ACSM1"
"GOMF_LONG_CHAIN_FATTY_ACID_TRANSMEMBRANE_TRANSPORTER_ACTIVITY",0.609006971923874,1,-0.442033587551965,-0.897740989464557,3231,15,"FABP2;ABCD3;SLC27A6;MFSD2A;FABP5;SLC27A2"
"GOMF_LONG_CHAIN_FATTY_ACYL_COA_BINDING",0.612200863083562,1,-0.599248438098731,-0.930861307808953,3120,4,"PNPLA3"
"GOMF_LONG_CHAIN_FATTY_ACYL_COA_HYDROLASE_ACTIVITY",0.739962121212121,1,-0.410559050171662,-0.808039318039599,3906,13,"THEM5"
"GOMF_LOW_DENSITY_LIPOPROTEIN_PARTICLE_BINDING",0.0468926553672316,1,-0.706063065468917,-1.45477585207813,248,16,"MSR1;LIPC;STAB2"
"GOMF_LOW_DENSITY_LIPOPROTEIN_PARTICLE_RECEPTOR_ACTIVITY",0.547955530431506,1,-0.461727205896115,-0.937737426197628,2907,15,"STAB2;OLR1;LRP2;LRP10"
"GOMF_LOW_DENSITY_LIPOPROTEIN_PARTICLE_RECEPTOR_BINDING",0.808069590967981,1,-0.34872680969048,-0.789219179770859,4365,25,"APOA5;DAB2;APOB"
"GOMF_LRR_DOMAIN_BINDING",0.520144958431038,1,0.447309310776885,0.953671512358095,2439,17,"CRX;AATF"
"GOMF_LYASE_ACTIVITY",0.999831081081081,1,-0.227001570703436,-0.694576851195009,5918,196,"ADCY10;GADL1;URAD;GAD2;RSAD2;PM20D1;GUCY2F;CYP1A1;TBXAS1;HDC;ME3;SDSL;ADCY8;MOCOS;CA3;GUCY2C;ALDOB;DDTL;GUCY2D;CHAC1;ETNPPL"
"GOMF_LYSINE_N_METHYLTRANSFERASE_ACTIVITY",0.992752310201123,1,-0.250956890603036,-0.66575945399945,5478,63,"SMYD1;EEF1AKMT1;PRDM6;ATPSCKMT;FAM86B1;SMYD2;ETFBKMT;KMT2A;HEMK2;SETD7;KMT2D;PRDM7;EEF2KMT;KMT2B"
"GOMF_LYSOPHOSPHATIDIC_ACID_BINDING",0.993835484492391,1,-0.231447886032922,-0.408602585302788,5158,8,"PNPLA3;PPT1;LPAR4;CLN6;TPP1;GAP43;LPAR1;VIL1"
"GOMF_LYSOPHOSPHATIDIC_ACID_PHOSPHATASE_ACTIVITY",0.996070320579111,1,0.22203264793407,0.386040540156782,4815,7,"ACP6;PLPPR4;PLPP1"
"GOMF_LYSOPHOSPHATIDIC_ACID_RECEPTOR_ACTIVITY",0.977716426740288,1,-0.280837088520584,-0.451245910346704,4957,5,"LPAR6;LPAR3;LPAR2;LPAR4;LPAR1"
"GOMF_LYSOPHOSPHOLIPASE_ACTIVITY",0.254673329631686,1,-0.506968539572261,-1.14734308878051,1375,25,"PLA2G4F;PLB1;LIPC;PNPLA7"
"GOMF_LYSOPHOSPHOLIPID_ACYLTRANSFERASE_ACTIVITY",0.614720483488021,1,0.390736731822366,0.896880987078716,2847,24,"GPAT2;GPAT3;CRLS1;ABHD4;LPCAT3;LCLAT1;AGPAT1;GPAT4;TAFAZZIN;LPCAT1"
"GOMF_LYSOZYME_ACTIVITY",0.292123426715388,1,0.832066898316087,1.18078314396898,1438,2,"LYZ;LYG1"
"GOMF_MACROLIDE_BINDING",0.860203648705982,1,0.368478036836751,0.718140023971979,4054,12,"FKBP6;LCN2;FKBP1B;FKBP2"
"GOMF_MACROMOLECULAR_CONFORMATION_ISOMERASE_ACTIVITY",1,1,0.219264969520572,0.713514416564164,3950,273,"DNAH8;MYL1;DNAH12;DNAH6;DYNLRB2;MYH8;DDX43;MYH7;HFM1"
"GOMF_MACROMOLECULE_TRANSMEMBRANE_TRANSPORTER_ACTIVITY",0.994751804067352,1,0.233237374089885,0.561670166281523,4548,30,"AZGP1;SLC15A4;ABCA1;SEC61A2;TOMM20;AP4M1;PEX12;TOMM7"
"GOMF_MAGNESIUM_ION_BINDING",1,1,0.127002574453907,0.405474687194812,3987,224,"NT5C1A;TREX1;ATP8B4;ENO4;TREX2;TESC;MOV10L1;ALPP;PDE2A;SPHK1;ERN2;IRAK4;STK3;FOXK2;ATP9B;ADSS1;WEE1;TOP2A;PKM;CIB1;ENO2;ANKLE1;RPS6KA4;ATP10D;ATP8B2;SRPK2;MAP3K6;ENO1;YDJC;PDCD6;MORC2;UBA2;PINK1;PGM2;NUAK2;BRSK1;GEM;ATP8A2;NUDT8;SIK2;ENOSF1;CLYBL;GNAI1"
"GOMF_MAGNESIUM_ION_TRANSMEMBRANE_TRANSPORTER_ACTIVITY",0.0576131687242798,1,-0.658086089338511,-1.41916345411874,307,20,"CLDN16;NIPAL4"
"GOMF_MALATE_DEHYDROGENASE_ACTIVITY",0.672343719760016,1,-0.502943406180501,-0.859541400718274,3473,7,"ME3"
"GOMF_MANGANESE_ION_BINDING",0.759332376166547,1,-0.319769429222366,-0.858574848451712,4230,68,"ADCY10;ARG1"
"GOMF_MANGANESE_ION_TRANSMEMBRANE_TRANSPORTER_ACTIVITY",0.845317725752508,1,0.388004128026126,0.712631581274682,4043,9,"TRPM2;ATP13A1;ATP2C2;SLC11A2"
"GOMF_MANNOSIDASE_ACTIVITY",0.830883919062833,1,0.361727279492869,0.748369112099629,3900,15,"MANEAL;MAN1C1;MAN2B2;MAN2C1;MAN1A1;MANBA;MAN2B1;MAN1B1;EDEM1;MANEA;EDEM2"
"GOMF_MANNOSYL_OLIGOSACCHARIDE_1_2_ALPHA_MANNOSIDASE_ACTIVITY",0.959462254395036,1,0.301138099602811,0.523578472418955,4638,7,"MAN1C1;MAN1A1;MAN1B1;EDEM1;EDEM2"
"GOMF_MANNOSYL_OLIGOSACCHARIDE_MANNOSIDASE_ACTIVITY",0.955928646379853,1,0.301172606088385,0.56449647140379,4554,10,"MAN1C1;MAN2B2;MAN1A1;MAN1B1;EDEM1;EDEM2;MAN2A1"
"GOMF_MANNOSYLTRANSFERASE_ACTIVITY",0.617249676105867,1,-0.398917644809874,-0.90280829487245,3334,25,"ALG1L2;DPY19L2P2;POMT2;DPY19L3;ALG9;ALG12;GTDC1;DPY19L4"
"GOMF_MAP_KINASE_ACTIVITY",0.97996589940324,1,0.266743075453677,0.560240103365067,4597,16,"MAPK11;MAPK10;MAPK4;MAPK13;MAPK14;MAPK6;MAPK12;MAPK1;NLK;MAP2K7;MAPK7;MAPK3;MAPK15;MAP3K7;MAPK9"
"GOMF_MAP_KINASE_KINASE_ACTIVITY",0.98286252354049,1,-0.265482330468004,-0.547001114216022,5218,16,"PAK3;MAP2K3;SBK2;MAPKAPK3;MAP2K7;MAP2K1;BRAF;MAPKAPK5;MAP3K9;MAP2K2;MAP2K5;MAP2K4;PBK;MAPK14;MAPK10;MAP2K6"
"GOMF_MAP_KINASE_KINASE_KINASE_ACTIVITY",0.99963010911781,1,-0.192661952990636,-0.439234845918657,5404,26,"EGFR;MAP3K14;MAP3K20;TAOK2;RIPK1;MAP3K11;MAP3K7;MAP3K3;MAP3K21;MAP3K15;ARAF;MAP3K8;RIPK2;BRAF;MAP3K9;RAF1;MAP3K1;MAP3K12;LRRK2;MAP3K10;MAP3K2;MAP3K4;MAP3K5;MAP3K13;MAP3K6;MOS"
"GOMF_MAP_KINASE_KINASE_KINASE_KINASE_ACTIVITY",0.899427636958299,1,0.369347518886107,0.622275268822767,4399,6,"MAP4K1;MAP4K2"
"GOMF_MAP_KINASE_PHOSPHATASE_ACTIVITY",0.95969868173258,1,-0.298275824478976,-0.614568992392382,5095,16,"DUSP8;DUSP10;DUSP4;DUSP1;DUSP6;DUSP9;DUSP7;DUSP14"
"GOMF_MAP_KINASE_SCAFFOLD_ACTIVITY",0.578290468986384,1,-0.475307585376073,-0.919788691907076,3057,12,"KSR2;DUSP19;MAPK8IP2"
"GOMF_MAP_KINASE_TYROSINE_PHOSPHATASE_ACTIVITY",0.421917808219178,1,-0.652732239997106,-1.08010273895779,2155,6,"DUSP8;DUSP10;DUSP6;DUSP9;DUSP7"
"GOMF_MAP_KINASE_TYROSINE_SERINE_THREONINE_PHOSPHATASE_ACTIVITY",0.424735249621785,1,-0.537188316397865,-1.03953682636143,2245,12,"DUSP8;DUSP10;DUSP4;DUSP1;DUSP6;DUSP9;DUSP7;DUSP14"
"GOMF_MDM2_MDM4_FAMILY_PROTEIN_BINDING",0.786736842105263,1,0.402951206849198,0.770275706812594,3736,11,"PPARA;CDK5RAP3;CDKN2A;RPS15;RPS20;RPL37"
"GOMF_MECHANOSENSITIVE_MONOATOMIC_CATION_CHANNEL_ACTIVITY",0.672505712109672,1,-0.450800455918999,-0.854244081956492,3531,11,"KCNK2;PIEZO2;TMEM150C"
"GOMF_MECHANOSENSITIVE_MONOATOMIC_ION_CHANNEL_ACTIVITY",0.327721661054994,1,-0.513393644610392,-1.10713402062677,1751,20,"KCNK2;TMC3;PIEZO2;TMC2;TMEM150C;TMC8;TMC5"
"GOMF_MEDIATOR_COMPLEX_BINDING",0.930980082823901,1,-0.34809247001501,-0.559311109313268,4720,5,"GLI3;ELK1;SMC3;SMC1A"
"GOMF_MEDIUM_CHAIN_FATTY_ACID_COA_LIGASE_ACTIVITY",0.88747553816047,1,-0.394118157791976,-0.652163437960411,4534,6,"ACSM1"
"GOMF_MELANOCORTIN_RECEPTOR_ACTIVITY",0.36327817178881,1,-0.803543472450265,-1.13070668648679,1843,2,"MC5R;MC1R"
"GOMF_MELANOCORTIN_RECEPTOR_BINDING",0.926918392204628,1,0.412883271602581,0.585921166340993,4565,2,"MRAP2;POMC"
"GOMF_MEMBRANE_DESTABILIZING_ACTIVITY",0.304037520391517,1,0.762950009910568,1.19252060088386,1490,4,"LTF;NINJ2"
"GOMF_MEMBRANE_INSERTASE_ACTIVITY",0.966666666666667,1,-0.291690544412607,-0.60100064858819,5132,16,"EMC7;EMC6;EMC3;EMC4;EMC8;TIMM10;EMC10;EMC1;COX18;MTCH2;MTCH1;OXA1L;TIMM9;EMC9;EMC2;MMGT1"
"GOMF_MEMBRANE_POTENTIAL_DRIVEN_UNIPORTER_ACTIVITY",0.0232695720765135,1,-0.900462081633796,-1.44685245777197,117,5,"SLC17A8"
"GOMF_METAL_CATION_MONOATOMIC_CATION_ANTIPORTER_ACTIVITY",0.419153674832962,1,0.400540882895202,1.01001212503578,1881,39,"SLC9C1;SLC9A4;SLC9A2;SLC38A3;SLC30A2;SLC9A3;SLC8B1;SLC9A5;SLC8A3;SLC9A1;TMCO3;SLC24A4"
"GOMF_METAL_CATION_PROTON_ANTIPORTER_ACTIVITY",0.125244618395303,1,0.557299678945291,1.2913369956793,575,25,"SLC9C1;SLC9A4;SLC9A2;SLC38A3;SLC30A2;SLC9A3;SLC9A5;SLC9A1"
"GOMF_METAL_CLUSTER_BINDING",0.202867383512545,1,-0.417523018841787,-1.14133385616066,1131,76,"KIF4B;RSAD2;FXN;XDH;AIFM3;REV3L;ETFDH;RFESD;DDX12P;FECH;NUBPL;NFS1;DPYD;GLRX2;EXO5;BOLA2B;FDX1;ABAT"
"GOMF_METAL_DEPENDENT_DEUBIQUITINASE_ACTIVITY",0.929273827534039,1,-0.335574315290882,-0.649384672148241,4913,12,"STAMBPL1;PRPF8;MYSM1;STAMBP;BRCC3;PSMD14;PSMD7;MPND;EIF3F;COPS6;COPS5;EIF3H"
"GOMF_METAL_ION_SENSOR_ACTIVITY",0.278542208999628,1,-0.524010732724689,-1.14315086942456,1497,21,"SYT8;EFHB;SYT15"
"GOMF_METAL_ION_SEQUESTERING_ACTIVITY",0.452575633687653,1,0.623926663912821,1.05118922602473,2213,6,"LCN2;MYT1L;SLC39A4"
"GOMF_METAL_ION_TRANSMEMBRANE_TRANSPORTER_ACTIVITY",0.727476396223396,1,-0.286233749538494,-0.931266001649504,4545,411,"SLC17A8;KCNJ5;SLC39A5;SLC6A20;KCNJ15;SLC23A1;KCNE4;CLDN16;KCNIP4;ABCC9;SLC22A1;ATP4B;SLC34A1;SCN3A;SLC10A2;TRPM8;NIPAL4;SLC30A4;CACNG3;SLC24A5;KCNK2;KCNK9;KCNV1;CATSPER3;SCN2B;SLC6A12;ATP1A4;PKD1L3;ASIC4;KCNQ3;KCNA2;CALHM1;CACNA1D;KCNJ8;TRPC7;CHRNA10;TMC2;GRIK1;SLC34A3;KCNK17;SLC5A9;ATP2A1;SLC46A3;SCN9A;CHRNA9;SLC9B1;SLC10A4;TRPV2;GRIA1;ATP4A;SLC28A3;KCNJ1;FAIM2;SCN1A;KCNIP3;SCN4B;SLC12A4;SLC8A1;ASIC3;CACNA1F;PKD1L1;TRPA1;TRPC3;SLC39A11;MCOLN2;SLC5A4;KCNV2;ABCC8;SLC6A3"
"GOMF_METALLOAMINOPEPTIDASE_ACTIVITY",0.641575735158128,1,-0.389105220746845,-0.887090414209556,3468,26,"ERAP2;XPNPEP2;TRHDE"
"GOMF_METALLOCARBOXYPEPTIDASE_ACTIVITY",0.376998904709748,1,0.435522346411124,1.04120132402386,1720,29,"AGBL4;ACE2;CPM;CPA5;AGBL1;CPO;CPN1"
"GOMF_METALLOCHAPERONE_ACTIVITY",0.850542461653573,1,-0.346231436700659,-0.746648515434357,4546,20,"FXN;TF;NUBPL;CCS;ATP7A"
"GOMF_METALLODIPEPTIDASE_ACTIVITY",0.949680665763499,1,-0.322463646304038,-0.551097500869553,4906,7,"CPQ;CNDP1"
"GOMF_METALLOENDOPEPTIDASE_ACTIVITY",0.947744014732965,1,0.274284616370476,0.787458495208414,4116,89,"ECE2;PRSS2;PAPPA2;ADAM21;MMP10;ADAMTS10;ADAMTS2;MMEL1;MMP24;ADAM8;TRABD2B;MMP23B;ASTL;MMP19;ECEL1;CIROP;MMP21;ADAMTS12;KEL;ADAMTS4;ADAM32;ADAMTS18;KLK7;ADAMTS13"
"GOMF_METALLOENDOPEPTIDASE_INHIBITOR_ACTIVITY",0.967823878069433,1,0.291614373306911,0.593538583818027,4571,14,"COL4A3;FETUB;SPOCK2"
"GOMF_METALLOEXOPEPTIDASE_ACTIVITY",0.909538737124944,1,0.288231798192106,0.790975783186807,4061,64,"AGBL4;ACE2;CPM;CPA5;AGBL1;CPO;CPN1;ENPEP;ANPEP;LVRN;NPEPPSP1;DPEP1;RNPEPL1;METAP1D"
"GOMF_METALLOPEPTIDASE_ACTIVITY",0.97554543274994,1,0.259746163695679,0.803887986732267,4068,162,"ECE2;PRSS2;AGBL4;ACE2;CPM;CPA5;AGBL1;CPO;CPN1;MATCAP2;PAPPA2;ADAM21;MMP10;ENPEP;ANPEP;ADAMTS10;LVRN;ADAMTS2;MMEL1;NPEPPSP1;DPEP1;MMP24;RNPEPL1;AMZ1;NAALADL1;METAP1D;ADAM8;TRABD2B;MMP23B;ASTL;MMP19;ECEL1;CIROP;MMP21;ADAMTS12;KEL"
"GOMF_METHYL_CPG_BINDING",0.936147186147186,1,0.30446226823624,0.692025490453841,4324,23,"CDX2;CDX1;MECP2;PRMT5;ZBTB38;MBD2"
"GOMF_MHC_CLASS_I_PROTEIN_BINDING",0.903335217637083,1,-0.337205747380677,-0.684842577196867,4793,15,"CD8A"
"GOMF_MHC_CLASS_I_PROTEIN_COMPLEX_BINDING",0.729608482871126,1,0.517189327161585,0.808387075412384,3577,4,"KLRD1;TAPBPL"
"GOMF_MHC_CLASS_I_RECEPTOR_ACTIVITY",0.709592374771852,1,0.507254306437244,0.8219451665497,3498,5,"LILRB5;KLRD1"
"GOMF_MHC_CLASS_IB_PROTEIN_BINDING",0.0163132137030995,1,0.93007421907896,1.45374225335241,79,4,"KLRD1;TAP1"
"GOMF_MHC_CLASS_IB_RECEPTOR_ACTIVITY",0.0638297872340425,1,0.966704849179076,1.29276239201514,314,1,"KLRD1"
"GOMF_MHC_CLASS_II_PROTEIN_BINDING",0.367065503954573,1,0.700096088369963,1.13442229795487,1809,5,"LAG3;CD4;COL2A1;CD81"
"GOMF_MHC_CLASS_II_PROTEIN_COMPLEX_BINDING",0.886355140186916,1,-0.330071579859232,-0.726927717014259,4741,22,"HLA-DQA1;HLA-DRA;HLA-DMB;HLA-DRB5;HLA-DOA"
"GOMF_MHC_CLASS_II_RECEPTOR_ACTIVITY",0.582739356578694,1,-0.527264317764015,-0.930842649155334,3024,8,"CD3E;TRAC;HLA-DQA1"
"GOMF_MHC_PROTEIN_BINDING",0.35111499781373,1,0.451718559720757,1.06367348345431,1605,27,"TRGV3;KLRD1;CD8B2;PILRA"
"GOMF_MHC_PROTEIN_COMPLEX_BINDING",0.84958460865763,1,0.326687489387368,0.769259558545515,3885,27,"KLRD1;HLA-DOB;TAPBPL"
"GOMF_MICROFIBRIL_BINDING",0.173753066230581,1,0.767592617352886,1.29323706776254,849,6,"ADAMTSL5;LTBP2"
"GOMF_MICROFILAMENT_MOTOR_ACTIVITY",0.964389534883721,1,-0.279760389773005,-0.680707111020721,5307,36,"MYO1H;MYH6;MYH15;MYH2;MYO1G;MYO7A"
"GOMF_MICROTUBULE_BINDING",1,1,-0.161470084090589,-0.510204348018376,6053,280,"NME8;KIF4B;IRAG2;GAS2L2;DCDC1;SAXO1;DNM3;CFAP144;MAP1LC3B2;MAP2;SNCA;KATNIP;NDRG1;TPPP;WHAMM;NAV3;MAP7D2;CCDC88C;MAP9;CCSER2;KIF13B;NIN;KIFC3;MACF1;KIF21A;KIF12;STARD9;KIF26B;TUBGCP4;DNAH10;KIF16B;TRAF3IP1;CEP290;NEIL2;CCSAP;MAP1B;OGG1;KIF14;MAP10;MID1;TUBGCP6;CGN;CCDC69;NDC80;KIFC2;KIF1A;MAP1S;MAST2;KIF25;HDGFL3"
"GOMF_MICROTUBULE_MINUS_END_BINDING",0.96816976127321,1,-0.294901050655326,-0.588968757792811,5109,14,"NIN;MACF1;TUBGCP4;CEP290;TUBGCP6;TUBGCP5"
"GOMF_MICROTUBULE_MOTOR_ACTIVITY",0.215571557155716,1,0.409890585231758,1.13156508026227,957,67,"DNAH8;DNAH12;DNAH6;DYNLRB2;DNAH1;KIF27;DNAH5;DNAI2"
"GOMF_MICROTUBULE_PLUS_END_BINDING",0.694420415224913,1,0.379400217579454,0.84700319363508,3210,21,"CLIP4;CLIP3;MAPRE2;CLIP2;KIF18A"
"GOMF_MICROTUBULE_SEVERING_ATPASE_ACTIVITY",0.653710247349823,1,0.480952047321564,0.861819982361158,3144,8,"KATNAL2;KATNAL1;IQCA1;FIGNL2;FIGNL1"
"GOMF_MINOR_GROOVE_OF_ADENINE_THYMINE_RICH_DNA_BINDING",0.672317472548642,1,-0.485650639344497,-0.85737705446956,3489,8,"MEF2C;KMT2A"
"GOMF_MINUS_END_DIRECTED_MICROTUBULE_MOTOR_ACTIVITY",0.150927307610318,1,0.603724696276917,1.2871519332928,707,17,"DNAH8;DNAH12;DNAH6;DNAH1;DNAH5"
"GOMF_MIRNA_BINDING",0.345421983434072,1,0.417243475080827,1.055955881266,1542,40,"SMAD5-AS1;DND1;AGO2"
"GOMF_MIRNA_INHIBITOR_ACTIVITY_VIA_BASE_PAIRING",0.424457513688907,1,0.669248851604708,1.08443802608403,2092,5,"SMAD5-AS1;TUSC8"
"GOMF_MISFOLDED_PROTEIN_BINDING",0.728966685488425,1,-0.389001224714073,-0.82165632321792,3872,18,"CLUL1"
"GOMF_MISMATCH_REPAIR_COMPLEX_BINDING",0.309684210526316,1,0.594973831820699,1.13734338314614,1470,11,"TREX1;ATR"
"GOMF_MISMATCHED_DNA_BINDING",0.25190516511431,1,0.576154000841897,1.17267755303982,1189,14,"MSH4;MSH5;XPC;MUTYH;MLH1;MLH3;MSH6;PMS1"
"GOMF_MITOCHONDRIAL_LARGE_RIBOSOMAL_SUBUNIT_BINDING",0.870921696574225,1,0.414289532974377,0.647550686656928,4270,4,"NDUFAB1;MPV17L2;MALSU1;GTPBP10"
"GOMF_MITOCHONDRIAL_RIBOSOME_BINDING",0.86,1,0.373262032085562,0.713522309162884,4084,11,"UQCC5;NDUFAB1;TMEM223;OXA1L;MPV17L2;METTL17;GUF1;C1QBP;MALSU1;GTPBP10;TACO1"
"GOMF_MITOCHONDRION_TARGETING_SEQUENCE_BINDING",0.961256117455139,1,0.316416542559285,0.494571388113126,4713,4,"TOMM20;TOMM22;TOMM70"
"GOMF_MITOGEN_ACTIVATED_PROTEIN_KINASE_BINDING",0.996283340620901,1,0.230319352401564,0.542338990957903,4556,27,"MICAL2;TAB1;ATF7;SIRT1;DIRAS1;CDK5RAP3;GCH1;ABL1;DUSP16;DUSP2;ACE;MAPK14;STAU2"
"GOMF_MITOGEN_ACTIVATED_PROTEIN_KINASE_KINASE_BINDING",0.723887721978232,1,-0.439613683950578,-0.814693681079348,3790,10,"KSR2;TRIB3;TRIB2;TAOK2"
"GOMF_MITOGEN_ACTIVATED_PROTEIN_KINASE_KINASE_KINASE_BINDING",0.999435028248588,1,-0.182922636103152,-0.376894709291454,5306,16,"DUSP19;MAP3K11;TRAF2;DAB2IP;PPP5C;MAP2K1;TCF3;MARVELD3;TRIM72;DAZAP2;SASH1;MAPK8IP1;STK38;MAP4K2;ROR2;PPARA"
"GOMF_MITOGEN_ACTIVATED_PROTEIN_KINASE_P38_BINDING",0.976516634050881,1,-0.277154052074355,-0.458618147557854,4989,6,"NFATC1;DUSP10"
"GOMF_MODIFICATION_DEPENDENT_PROTEIN_BINDING",0.967157417893545,1,0.26899344505791,0.763275308215034,4269,81,"UBQLNL;TNIP3;CGAS;AFG2B;PARP10;SGF29;PTPN6;L3MBTL3;SPRTN"
"GOMF_MODIFIED_AMINO_ACID_BINDING",0.9926707186271,1,-0.248301914390752,-0.68410407436118,5552,80,"CPNE6;CAVIN2;GNMT;SMPD3;PLEKHN1;SCIN;FOLR1;ANXA2P2;SYTL2;CPS1;GSTM3;MME;ADGRB1"
"GOMF_MODIFIED_AMINO_ACID_TRANSMEMBRANE_TRANSPORTER_ACTIVITY",0.763153070577452,1,-0.350728992612621,-0.8279506451595,4162,31,"SLC6A20;SLC22A1;SLC22A4;SLC22A5;SLC7A11;SLC16A12"
"GOMF_MOLECULAR_ADAPTOR_ACTIVITY",1,1,0.155111650174309,0.559202385610825,2600,1507,"MEG3;WNT3A;GAB4;TLE7;MCIDAS;COX7A1;TRIM31;ZNF541;KLHL41;FSCN2;COL19A1;WBP2NL;FXYD2;TCHH;GTF2A1L;RXRG;POU2AF1;MT-TS1;SH2D4B;LMO1;FITM1;TBXT;IFI27;ELAVL3;KLHL32;FREY1;DLGAP2;CIDEB;NLRP6;PRDM16;FBXO32;DOK2;LCP2;ID4;SH2D6;MUC1;MYT1L;DPPA3;GFI1;PHF24;SYNE3;IRAK2;PARP15;CDYL2;LPIN3;EGFLAM;ANKRD1;NLRP3;CCIN;TREX2;NLRP1;MID2;A1CF;FLRT3;KLHL10;SPATA18;MYOZ1;SLC35D3;SPAG4;SLC4A1;MED12L;BCLAF3;HIP1R;CITED1;RBM46;PAG1;COL4A4;MAK;SEC16B;BNIP3;KDM7A;FBXO24;COLQ;MAMSTR;NFATC2;RAB40B;YAF2;WNT4;CGAS;KAT2B;CNKSR3;FAM81A;TAB1;DTX1;SNAP25;ARRDC2;ABI3;NEFH;ZXDA;KSR1;DCAF6;SH3BGR;MLPH;VAMP1;NFE4;REPS2;MRTFB;ADGRL3;AGER;AP1G2;ERCC6;EME2;MED31;LMO2;TRIM38;ING2;KLHL22;GPHN;KLF4;PARTICL;CBFA2T3;AP2A2;ID1;CAMTA2;MED15;ROPN1B;TXNIP;SPSB1;PCNT;CEP112;ZFPM1;INTS6;KDM2B;KLHL26;GIGYF2;NFKB1;FBXO31;CRTC1;CITED2;ZBED1;IPP;FBXO38;BNIP1;XK;RAI1;PARP10;ATP1B2;TBL1X;CEBPZ;SIRT1;ACTL6B;YEATS4;SH3GL2;RAB40A;ZNF653;DOK3;ITSN2;GAB3;MECP2;CCDC62;ITGA2B;KLHL2;CAV2;PRMT5;KMT2E;RETREG1;STON1;KMT2C;KDM3A;CARM1;KLHL11;USE1;HSPA1A;MAP1A;LINC03126;BCORL1;JUND;CRTC3;ATXN7L3;TRADD;PKM;MLLT10;SNTA1;XRCC4;WNK3;CIB1;INTS4;BRD7;SMARCA2;SGF29;REV1;ANKRD13A;PWWP2A;TMA16;ZBTB46;TOLLIP;MED26;TMEM81;NRIP1;SH2D2A;FLRT1;KDM4C;ANK3;MSI1;MBD2;RAB3A;SLC9A1;BECN1;SSBP2;AEBP2;SAP18;HCN2;SMARCA4;IGF2BP3;CDK5RAP3;WDR59;IFI6;DPF2;COX7A2;PDE4DIP;NEFL;ENSG00000227733;PBXIP1;SYNE1;PTENP1-AS;TBL1XR1"
"GOMF_MOLECULAR_CARRIER_ACTIVITY",0.999826328586315,1,-0.225827960015016,-0.654372083891154,5756,118,"IPCEF1;ALB;KPNA7;FXN;RBP4"
"GOMF_MOLECULAR_CONDENSATE_SCAFFOLD_ACTIVITY",0.714189794091316,1,0.329685486953999,0.874386748467426,3190,52,"RXRG;NLRP6;NLRP3;NLRP1;SPATA18;MYOZ1;CGAS;FAM81A;ADGRL3;CEP112;MECP2;WNK3;MSI1"
"GOMF_MOLECULAR_FUNCTION_ACTIVATOR_ACTIVITY",1,1,0.238494010808548,0.848422424231522,2940,1075,"TBC1D3H;WNT1;PROK1;WNT3A;F2RL2;LGI1;DAND5;UCN;CGA;TBC1D3K;NDP;UTS2B;INHBB;WNT8A;ANGPTL3;FXYD2;FGF14;SHH;CASP1;IFNL4;FGL1;CGB1;CSH2;LTF;ARHGAP15;CD80;HTR2B;WNT7B;TCL1A;ACE2;AZIN2;PF4V1;PPBP;ALK;CACNA1S;TNFSF13B;ZP3;CDK5R2;GMFG;AVP;LEP;RELN;WNT8B;QRFP;SCT;CDNF;NPPB;GDF7;RGS8;ARHGAP24;C3;CXCL17;RIN2;GIP;TNFSF10;ICAM4;NANOS3;ANGPT2;PF4;IL23A;IL16;HSPB2;RLN1;RGS11;GREM1;EFNA5;FAM20A;NRG2;FNDC5;BGLAP;IGFBP5;RASAL3;NLRP3;SEMA4F;CCL25;FGF1;BMP4;NLRP1;ANGPT1;TBC1D10C;DNAJA4;FLRT3;ARHGAP6;ALKAL1;RCVRN;C1QTNF12;CD72;RAET1G;GUCA1B;APOA2;ARHGDIB;F2;IGFBP7;ALS2CL;SPX;APOA1;BMP7;DEPTOR;SECTM1;DNMT3L;GHRL;EGF;CER1;AGAP5;CCL28;BTK;OGN;BMP6;NRG4;IL11;FGF16;MMP24;PLCB1;SEMA3B;LGALS1;WNT2B;WNT4;PSPN;KAT2B;FGF11;CCK;DOCK2;PDGFRA;TBC1D2;ANG;TAB1;VSIR;EBI3;RASA4B;INSR;SPDYA;DOCK4;IL1A"
"GOMF_MOLECULAR_FUNCTION_INHIBITOR_ACTIVITY",0.990060739922695,1,0.253551911872771,0.866893266992079,3585,528,"PTTG3P;DKK4;ITIH3;UCN;PZP;SERPINA12;CDKN2B;ANGPTL3;SMAD5-AS1;SLN;PI16;PPP1R27;PRKACG;SERPINB12;PPP1R2P1;LTF;NDUFA4L2;PDE6H;GBP2;COL4A3;SPINK1;GMFG;SPINK2;PYDC1;DKK2;LY6H;C3;LEF1;WFIKKN2;PABIR3;HRG;ID4;SERPINA1;LRRC32;NOG;GCKR;TESC;MYOZ1;APOA2;TNNI3;TFPI;FRY;WFDC1;DEPTOR;NLRP7;SLIT2;EGLN1;KAT2B;RENBP;COL7A1;ELFN2;PAPLN;WNK4;FETUB;EZHIP;ANKRD36C;IGFBP2;ITPR1;A2M;RSC1A1;SFN;SPOCK2;ATP2B4;SPINK5;SNCB"
"GOMF_MOLECULAR_SENSOR_ACTIVITY",0.998568360773085,1,-0.230572297299398,-0.62904454826359,5579,75,"SYT8;PMS2P5;EFHB;SYT15;TMEM63C;PYROXD1;TRPA1;RAD51D;PKD2L1"
"GOMF_MOLECULAR_SEQUESTERING_ACTIVITY",0.656505914467698,1,0.320562939803498,0.910260133227374,2885,82,"CD69;XAF1;LCN2;MYT1L;TMSB15C;ADARB2;TMSB4Y;INSIG2;LAPTM5;NFKBIE;SLC39A4;SFN"
"GOMF_MOLECULAR_TAG_ACTIVITY",0.974801061007958,1,-0.284753791496352,-0.568702914017137,5144,14,"ISG15;ATG12;UBL5;URM1;SUMO3;NEDD8;SUMO1;UBB;UBA52;RPS27A;SUMO2;UBC;SUMO4;FAU"
"GOMF_MOLECULAR_TRANSDUCER_ACTIVITY",0.697364610483637,1,-0.279829958451024,-0.955754907837795,4815,963,"GPR18;AVPR2;DMBT1;IGFALS;IL12B;HAVCR2;PRLHR;GLRA1;OR56B4;P2RY10;FCGR3A;CNR2;OR2W6P;OR5H6;TMIGD3;LILRA6;GPR45;CD33;OR1L8;HTR2A;ABCC9;IGSF6;CCR4;INSRR;GABRG3;CD8A;OR11H7;PKHD1L1;FCGR1A;NR2E1;CLEC7A;MR1;NPY6R;FCGR2C;OR1G1;F2RL3;OR2A2;OR2A12;OR1M1;TAS2R31;TAS2R10;GPR82;OR10G4;TAS2R13;GPR152;CHRM5;PTPRH;OR2A5;MAS1;CD3E;ADRB3;HRH1;GUCY2F;GNRHR;CXCR6;GPR4;CD86;RRH;TMIGD2;TLR7;ERBB4;CUBN;LRRTM3;LRRC19;OPRL1;BTLA;PKHD1;ADGRA1;RTN4RL1;PTGIR;PAX8;GNAT2;CX3CR1;QRFPR;TIE1;IL31RA;GPER1;TRAC;CLEC1A;OR52N4;ITGAL;CD200R1;NR4A2;PKD1L3;NR5A1;GPR6;NYX;OR2I1;CLEC6A;LTK;IL10RB;AVPR1B;PTGDR2;PECAM1;HLA-DQA1;AVPR1A;OR2AG2;C5AR1;HCAR1;CLEC4D;HNF4G;PLXNC1;NTRK2;LYVE1;SOSTDC1;ITGB3;LRRC24;SORCS2;ADGRB3;GRM7;ACKR2;TACR2;PVRIG;LTB4R2;DRD1;EPHA5;IL2RA;EDAR;UTS2R;GALR2;P2RX3;ADGRL4;GALR1;GRM3;CASR;CHRNA10;GRIK1;OR7C1;GP1BA;CD300LG;TSHR;GP6;CD79B;CXCR2;TREML2;OR2A42;GABRG1;MC5R;NPFFR2;TIGIT;ADGRE5;HTR1B;TNFRSF14;MERTK;FSHR;GLRB;GABRA4;ADRB2;CHRNA9;SSTR1;OPRK1;TMEM63C;NR3C1;ZP2;IL2RB;IL6R;GRID1;GRIA1;NR4A3;KLRG1;TRHR;FOLR1;LPAR5;THBD;IL1RAPL2;CR1;DDR2;BDKRB2;AHRR;CLEC2D;HTR1A;ADRA1D;FLT4;GPR150;NR1I3;GPRC6A;CHRFAM7A;NPY5R;PTGER2"
"GOMF_MOLYBDOPTERIN_COFACTOR_BINDING",0.758904109589041,1,-0.475947902280149,-0.787570463588997,3877,6,"XDH"
"GOMF_MONOACYLGLYCEROL_LIPASE_ACTIVITY",0.379552715654952,1,0.512089996118507,1.05945102135396,1781,15,"MGLL;ABHD1;ABHD16B;ABHD6;ABHD15;ABHD3;LIPE"
"GOMF_MONOAMINE_TRANSMEMBRANE_TRANSPORTER_ACTIVITY",0.962367624810893,1,-0.304126616222782,-0.58852884135722,5088,12,"SLC22A1;SLC18A3;SLC6A3;SLC22A2;SLC29A4"
"GOMF_MONOATOMIC_ANION_CHANNEL_ACTIVITY",0.528101802757158,1,-0.345136989743711,-0.965400338744012,2987,89,"SLC17A8;GLRA1;CLIC5;AQP6;GABRG3;BEST3;ANO3"
"GOMF_MONOATOMIC_ANION_MONOATOMIC_CATION_SYMPORTER_ACTIVITY",0.961736887360275,1,0.286460758962089,0.646306575636919,4473,22,"SLC18A1;SLC6A1;SLC12A3;SLC6A4;SLC6A2"
"GOMF_MONOATOMIC_ANION_SODIUM_SYMPORTER_ACTIVITY",0.903940362087327,1,0.333093297705488,0.689128936583584,4243,15,"SLC18A1;SLC6A1;SLC12A3;SLC6A4;SLC6A2"
"GOMF_MONOATOMIC_ANION_TRANSMEMBRANE_TRANSPORTER_ACTIVITY",0.74195780006918,1,-0.30447502402746,-0.893319618476591,4289,130,"SLC17A8;GLRA1;SLC26A10P;CLIC5;AQP6;SLC22A1;GABRG3;BEST3;ANO3;BEST1;SLC6A12"
"GOMF_MONOATOMIC_CATION_BICARBONATE_SYMPORTER_ACTIVITY",0.381949733434882,1,-0.567942694344817,-1.07622270378018,2005,11,"SLC39A5"
"GOMF_MONOATOMIC_CATION_CHANNEL_ACTIVITY",0.999742334449884,1,0.234021575701546,0.768696557669415,3879,308,"CYBB;SCN11A;CALHM4;NOX5;CHRNB3;KCNJ13;CATSPER1;CHRNG;KCNK7;P2RX6;TRPM1;CACNA1S;CACNA2D4;P2RX1;KCNH5;KCNE1;KCNC1;KCNK15;GRIN2C;CACNB4;KCNIP2;KCNH4;CACNA2D3;KCNIP1;CACNA1C;P2RX2;KCNH7;SCNN1B;PKD2L2;TRPV6;SCNN1G;PKD1L2;ASIC2;KCNK10;GRIN3B;TRPM2;SLC6A4;KCNK3;KCNJ12;MCOLN3;CHRNA1;CHRNA3;TRPV3;KCNA3;CACNA1E;KCNK12;CATSPER4;GRIN2B;GRIN1;CALHM3;SNAP25;KCNE3;KCNE2;CNGA1;KCNQ5;ITPR1;KCNS1;ANO10;KCNK4;GRIK4;AQP1;KCNA1;KCNH2;KCNN1;CACNG4"
"GOMF_MONOATOMIC_CATION_TRANSMEMBRANE_TRANSPORTER_ACTIVITY",0.97969307084173,1,-0.259874584012949,-0.864705167611705,6319,598,"SLC36A2;SLC17A8;KCNJ5;SLC2A9;SLC39A5;ATP13A4;SLC6A20;KCNJ15;SLC23A1;KCNE4;CLDN16;SLC47A2;KCNIP4;ABCC9;SLC22A1;ATP4B;SLC34A1;SCN3A;SLC10A2;TRPM8;NIPAL4;ATP6V0D2;SLC30A4;CACNG3;SLC24A5;KCNK2;KCNK9;KCNV1;CATSPER3;CALHM5;SCN2B;SLC6A12;ATP1A4;PKD1L3;ASIC4;UNC80;KCNQ3;KCNA2;STING1;CALHM1;CACNA1D;KCNJ8;P2RX3;TRPC7;PIEZO2;CHRNA10;TMC2;GRIK1;SLC34A3;KCNK17;SLC5A9;ATP2A1;SLC46A3;SCN9A;CHRNA9;TMEM63C;SLC18A3;SLC9B1;SLC10A4;TRPV2;GRIA1;ATP4A;SLC28A3;ATP6V1G2;BEST2;KCNJ1;FAIM2;SCN1A;KCNIP3;CHRFAM7A;SCN4B;SLC12A4;SLC8A1;ASIC3;CACNA1F;SLC15A2;CHRNA4;PKD1L1;TRPA1;TRPC3;SLC7A11;SLC39A11;MCOLN2;SLC5A4;KCNV2;ABCC8;SLC6A3"
"GOMF_MONOATOMIC_ION_GATED_CHANNEL_ACTIVITY",0.992821645499724,1,-0.246874671533315,-0.571772799184305,5393,28,"PKD1L3;CALHM1;TMEM63C;ASIC3;TRPC3;PKD2L1;KCNT2;ASIC1"
"GOMF_MONOATOMIC_ION_TRANSMEMBRANE_TRANSPORTER_ACTIVITY",0.862836516769439,1,-0.272905832187978,-0.917399872988007,5736,703,"SLC36A2;SLC17A8;KCNJ5;SLC2A9;SLC39A5;ATP13A4;SLC6A20;KCNJ15;SLC23A1;KCNE4;GLRA1;CLDN16;TPTE2;SLC26A10P;CLIC5;SLC47A2;KCNIP4;AQP6;ABCC9;SLC22A1;GABRG3;ATP4B;BEST3;SLC34A1;SCN3A;SLC10A2;TRPM8;NIPAL4;ATP6V0D2;ANO3;SLC30A4;CACNG3;SLC24A5;KCNK2;KCNK9;KCNV1;TMC3;CATSPER3;BEST1;CALHM5;SCN2B;SLC6A12;ATP1A4;PKD1L3;ASIC4;UNC80;KCNQ3;KCNA2;STING1;CALHM1;CACNA1D;KCNJ8;P2RX3;TRPC7;PIEZO2;CHRNA10;TMC2;GRIK1;SLC34A3;KCNK17;SLC5A9;ATP2A1;GABRG1;GLRB;SLC46A3;SCN9A;GABRA4;CHRNA9;TMEM63C;SLC18A3;SLC9B1;SLC10A4;TRPV2;GRID1;GRIA1;ATP4A;CLCN1;SLC28A3;ATP6V1G2;BEST2;KCNJ1;FAIM2;SCN1A;KCNIP3;CHRFAM7A;SCN4B;SLC12A4;SLC8A1;ASIC3;CACNA1F;SLC15A2;GABRR1;CHRNA4;PKD1L1;ANO4;TRPA1;TRPC3;SLC7A11;SLC39A11;MCOLN2;SLC5A4;SLC4A3;KCNV2;ABCC8;SLC6A3"
"GOMF_MONOCARBOXYLATE_SODIUM_SYMPORTER_ACTIVITY",0.875689435723377,1,0.361994272783312,0.705503584327604,4127,12,"SLC10A1;SLC6A1;SLC5A8;SLC10A5"
"GOMF_MONOCARBOXYLIC_ACID_BINDING",0.77322206095791,1,-0.320712554225333,-0.848196116607586,4261,62,"UGT2B15;FABP2;ALB;FABP5P3;UGT2B4;AKR1C3;CYP2W1;AKR1C1;SNCA;HNF4A;CYP26B1"
"GOMF_MONOCARBOXYLIC_ACID_TRANSMEMBRANE_TRANSPORTER_ACTIVITY",0.996865905529438,1,0.23380158886148,0.637136271424087,4452,61,"SLC10A1;SLCO1B1;ABCC11;SLC6A1;SLC16A11;SLC16A3;SLC22A9;CD36;SLC16A8;SLC5A8;SLCO1C1;SLC10A5;SLCO1A2;SLC16A13;ABCC3;SLC16A7;FABP3;ABCD2;SLC2A1;SLC5A12;SLC32A1;SLC6A8;SLC16A2"
"GOMF_MONOOXYGENASE_ACTIVITY",0.669562134373338,1,-0.324445168583333,-0.90611398461762,3776,88,"CYP3A43;FMO2;CYP3A4;CYP2F1;CYP4A11;TH;FMO1;CYP4B1;CYP1A1;CYP2C8;AKR1C3;TBXAS1;TPH2;AKR1D1;OSGIN1;CYP2W1;CH25H;AKR1C1;CYP4F22;CYP39A1"
"GOMF_MONOSACCHARIDE_BINDING",0.996919731835477,1,-0.241076411543042,-0.639547691778346,5501,63,"ACR;HKDC1;P4HA3;CLEC6A;CLEC4D;LGALS9;COLEC11;SLC2A5;ALDOB;ASGR2;SLC2A8;CLN5"
"GOMF_MORPHOGEN_ACTIVITY",0.223238411972563,1,0.691850045664745,1.23972898643823,1073,8,"WNT1;DAND5;SHH;GREM1;CER1"
"GOMF_MRF_BINDING",0.230582032042182,1,0.768104226162965,1.24462138238969,1136,5,"BHLHE41;BHLHE40;KLF5"
"GOMF_MRNA_3_UTR_AU_RICH_REGION_BINDING",0.967170059093894,1,0.277452305154497,0.658616721661286,4418,28,"ELAVL3;RBM24;AGO2;CPEB3;CPEB2;EXOSC7;ZFP36L2;FXR1;TIA1"
"GOMF_MRNA_3_UTR_BINDING",1,1,-0.171843418441527,-0.493945332690928,5744,110,"ZAR1L"
"GOMF_MRNA_5_UTR_BINDING",0.988638480163904,1,-0.254022241754882,-0.570030295544271,5307,24,"UTP23;LARP6;GNL3;NCL;SYNCRIP;MYH10;LARP1;RARA;DDX3X;DHX36;CCT5;RPL41;FMR1;SHMT1;IGF2BP2;IGF2BP1;RPS14;RPS13;RSL1D1;RPS7;RPL26;RPS3A;RPL5;IGF2BP3"
"GOMF_MRNA_BINDING",1,1,-0.169777082563894,-0.548049708997285,6177,367,"ZAR1L;DDX4;PIWIL1;LINC02591;NANOS2;RBMXL2;ZC3H11B;CELF6;BOLL;TEX13C;ELAVL4;RC3H1;HYDIN2;ZC3H12B;LSM8;CPEB1"
"GOMF_MRNA_CDS_BINDING",0.606889564336373,1,0.631264820690271,0.940140679682226,2994,3,"RBM24;RBPMS"
"GOMF_MRNA_METHYLTRANSFERASE_ACTIVITY",0.986573373676248,1,-0.253103632682685,-0.489792013392629,5216,12,"METTL8;TMT1A;NSUN2;METTL16;RNMT;TRMT61A;METTL3;METTL14;TRMT61B;METTL1;PCIF1;NSUN4"
"GOMF_MRNA_REGULATORY_ELEMENT_BINDING_TRANSLATION_REPRESSOR_ACTIVITY",0.999439252336449,1,-0.186098054950514,-0.409849991579599,5346,22,"CPEB1;CPEB4;TYMS;PURA;ACO1;DHFRP1;CELF4;IREB2;RARA;CELF1;PAIP2;ZFP36L1;ZFP36;SHMT1;DHFR;PURB;PAIP2B;ZFP36L2;CPEB2;CPEB3;GIGYF2;ZNF540"
"GOMF_MUSCLE_ALPHA_ACTININ_BINDING",0.893503727369542,1,0.338447651508668,0.700206433993154,4194,15,"NRAP;MYPN"
"GOMF_MUTLALPHA_COMPLEX_BINDING",0.274663908996898,1,0.689790230560971,1.1993145858428,1327,7,"TREX1;ATR"
"GOMF_MUTSALPHA_COMPLEX_BINDING",0.299276111685626,1,0.677888489823669,1.17862143793962,1446,7,"TREX1;ATR;MUTYH;MLH1"
"GOMF_MYOSIN_BINDING",0.706986208455799,1,0.319702506677091,0.887801967437319,3126,70,"MYL2;MYL4;MYH8;NPC1L1;RAB6B;RAB27B;MYBPC1;MLPH"
"GOMF_MYOSIN_HEAVY_CHAIN_BINDING",0.0946117946542215,1,0.707535537235938,1.3789413123061,445,12,"MYL2;MYL4"
"GOMF_MYOSIN_II_BINDING",0.483453542638948,1,0.50950314442556,0.992988899671311,2278,12,"MYL4;GCSAM;TRIOBP;GSN"
"GOMF_MYOSIN_LIGHT_CHAIN_BINDING",0.60124095139607,1,0.525001621519617,0.912802290295617,2906,7,"MYH8;CXCR4;MYLK2"
"GOMF_MYOSIN_PHOSPHATASE_REGULATOR_ACTIVITY",0.954415372035977,1,0.307122398319649,0.517438626776818,4668,6,"PPP1R16A;PPP1R12C;PPP1R12A;PPP1R16B"
"GOMF_MYOSIN_V_BINDING",0.949051374973353,1,0.304785247655807,0.649807641096324,4451,17,"NPC1L1;RAB6B;RAB27B;RAB3A"
"GOMF_MYRISTOYLTRANSFERASE_ACTIVITY",0.979789473684211,1,0.266080977845684,0.508636553993927,4653,11,"ZDHHC2;ZDHHC7;ZDHHC20;SCP2;HADHB"
"GOMF_N_ACETYL_BETA_D_GLUCOSAMINIDE_BETA_1_3_GALACTOSYLTRANSFERASE_ACTIVITY",0.547319527772402,1,-0.563213448110383,-0.962544234884407,2827,7,"B3GALT2;B3GALNT1;B3GALT5;B3GALT1"
"GOMF_N_ACETYLGLUCOSAMINE_6_O_SULFOTRANSFERASE_ACTIVITY",0.613857290589452,1,0.517888308789304,0.90043461772915,2967,7,"CHST5;CHST6"
"GOMF_N_ACETYLLACTOSAMINE_SYNTHASE_ACTIVITY",0.794970594199959,1,0.459062094248835,0.74385542858017,3919,5,"B4GALT1;B4GALT2;B4GALT4;B4GALT3"
"GOMF_N_ACETYLLACTOSAMINIDE_BETA_1_3_N_ACETYLGLUCOSAMINYLTRANSFERASE_ACTIVITY",0.79926410466067,1,0.437389365784272,0.736911908856105,3909,6,"B3GNT8;B3GNT3;B3GNT2;B4GAT1"
"GOMF_N_ACETYLTRANSFERASE_ACTIVITY",1,1,-0.146460007654037,-0.386587231530973,5534,61,"SATL1;ESCO2;AANAT;NAT8L;NAA80;NCOA1;BAZ1A;HAT1;BRCA2;MCM3AP;KAT2A;CLOCK;NAGS;TADA2A;PHF10;GTF3C4;TAF9;USP22;JADE1;KAT7;BRPF3;CREBBP;NCOA3;SAT2;BRD1;BRPF1;NAA40;ARRB1;ATAT1;ESCO1;NAA60;JADE2;EP300;NAA50;ING3;TAF1;NAT10;GNPNAT1;KAT6B;ATF2;KAT6A;NAA10;KAT8;NAA20;BLOC1S1;KAT14;HGSNAT;ABHD14B;GTF2B;SAT1;TAF10;NAA30;MEAF6;SMARCE1;ING4;NAT9;KAT5;NAT14;NAT1;KAT2B;NAT2"
"GOMF_N_ACYLSPHINGOSINE_AMIDOHYDROLASE_ACTIVITY",0.835036794766966,1,0.417793019049324,0.703896059800966,4084,6,"NAAA;ASAH2"
"GOMF_N_ACYLTRANSFERASE_ACTIVITY",0.344890510948905,1,0.366221559293504,1.04341146937445,1511,84,"ALAS2;PLAAT2;CERS3;BAAT;NAT2;KAT2B"
"GOMF_N_FORMYL_PEPTIDE_RECEPTOR_ACTIVITY",0.936056838365897,1,-0.533142420771287,-0.711846275022742,4742,1,"FPR2"
"GOMF_N_METHYLTRANSFERASE_ACTIVITY",1,1,-0.166003257732544,-0.471203652702161,5729,99,"SMYD1;EEF1AKMT1;GNMT;PRDM6;ATPSCKMT;FAM86B1;SMYD2;THUMPD3;FBLL1;ETFBKMT;KMT2A;HEMK2;SETD7;KMT2D;PRDM7;EEF2KMT;KMT2B;TRMT1;PRMT7;NSD1;SETMAR;PRMT3;ZCCHC4;FBXO11;TRMT1L;SETDB1;METTL18;SMYD5;METTL23"
"GOMF_N_N_DIMETHYLANILINE_MONOOXYGENASE_ACTIVITY",0.514888582133701,1,-0.628475021292221,-1.00982667427271,2610,5,"FMO2;FMO1"
"GOMF_N6_METHYLADENOSINE_CONTAINING_RNA_READER_ACTIVITY",0.948451421298261,1,0.313877535429161,0.611727154086057,4470,12,"IGF2BP3;YTHDC1;IGF2BP1;HNRNPC;YTHDF3;IGF2BP2;FMR1;YTHDF1;HNRNPA2B1"
"GOMF_NAADP_SENSITIVE_CALCIUM_RELEASE_CHANNEL_ACTIVITY",0.964898442121869,1,-0.304267115887792,-0.488893017730063,4892,5,"MCOLN2;TPCN1;TPCN2"
"GOMF_NAD_BINDING",0.83008658008658,1,-0.311778697136837,-0.814349363650623,4601,56,"ADH4;ALDH1A1;ME3;ALDH1A3;PARP9;GPD1L"
"GOMF_NAD_DEPENDENT_PROTEIN_LYSINE_DEACYLASE_ACTIVITY",0.952223371251293,1,0.31446415503482,0.546748027369539,4603,7,"SIRT1;SIRT4;SIRT2;SIRT7"
"GOMF_NAD_P_H_DEHYDROGENASE_QUINONE_ACTIVITY",0.929359396167989,1,-0.349755575924229,-0.597740011986647,4801,7,"NQO1;CBR3;RTN4IP1;NQO2;CBR4;VAT1;VAT1L"
"GOMF_NAD_P_H_OXIDASE_H2O2_FORMING_ACTIVITY",0.384582803896654,1,0.537253851446172,1.07025114561049,1815,13,"CYBB;NOX3;MICAL2;KMO"
"GOMF_NAD_TRANSMEMBRANE_TRANSPORTER_ACTIVITY",0.572528123149793,1,-0.656231597124223,-0.974774728967471,2900,3,"SLC25A53;SLC25A17"
"GOMF_NADH_DEHYDROGENASE_ACTIVITY",0.976928895612708,1,-0.274189235646893,-0.530595694556639,5165,12,"NQO1;NDUFA9;RTN4IP1;NDUFS3;AIFM1;MT-ND4;MT-ND1;NDUFV2;NDUFS2;NDUFS8;NDUFS7;ENOX1"
"GOMF_NADH_DEHYDROGENASE_UBIQUINONE_ACTIVITY",0.928287572254335,1,-0.295908221797323,-0.7358367590995,5138,41,"NDUFA8;NDUFV3;NDUFA9;NDUFS1;NDUFA1;NDUFB9;NDUFS6;MT-ND4L;NDUFS3;MT-ND3;NDUFB3;MT-ND5;MT-ND2;NDUFB1;NDUFS5;MT-ND4;NDUFB4;MT-ND1;NDUFC1;NDUFA10;NDUFB2;NDUFA6;NDUFB6;NDUFV2;NDUFC2;NDUFA7;NDUFA2;MT-ND6;NDUFB10;NDUFA5;NDUFA4;NDUFA3;NDUFS2;NDUFS4;NDUFA12;NDUFS8;NDUFV1;NDUFB8;NDUFB7;NDUFB5;NDUFS7"
"GOMF_NADP_BINDING",0.589749328558639,1,0.350120373128242,0.928583837463618,2634,52,"CYBB;NOX5;FMO3"
"GOMF_NADPH_BINDING",0.0454254638515675,1,0.684935058189921,1.48086563079481,212,18,"CYBB;DUS2;SRD5A1"
"GOMF_NADPH_DEHYDROGENASE_ACTIVITY",0.36929858183212,1,-0.606859525359305,-1.09934874928199,1926,9,"ADH4;NQO1"
"GOMF_NADPLUS_BINDING",0.999786598378148,1,0.158514941223196,0.346811810400442,4684,19,"PARP15;SIRT1;EHHADH;SIRT4;SIRT2;PARP14;SIRT7;HADH;HADHA;CRYL1"
"GOMF_NADPLUS_NUCLEOSIDASE_ACTIVITY_CYCLIC_ADP_RIBOSE_GENERATING",0.77257525083612,1,0.419932410257543,0.771272973493134,3695,9,"IL1RL1;CD38;BST1"
"GOMF_NADPLUS_PROTEIN_ARGININE_ADP_RIBOSYLTRANSFERASE_ACTIVITY",0.557865829737152,1,-0.632055906175873,-0.981823814673523,2843,4,"ART3"
"GOMF_NADPLUS_PROTEIN_ASPARTATE_ADP_RIBOSYLTRANSFERASE_ACTIVITY",0.352393053790767,1,0.550228746516952,1.09609813819378,1663,13,"PARP15;PARP12;PARP3;PARP10;PARP16;TNKS;PARP2"
"GOMF_NADPLUS_PROTEIN_CYSTEINE_ADP_RIBOSYLTRANSFERASE_ACTIVITY",0.993458708094849,1,0.23570746610655,0.397119025673529,4859,6,"PARP12;SIRT4;TIPARP"
"GOMF_NADPLUS_PROTEIN_GLUTAMATE_ADP_RIBOSYLTRANSFERASE_ACTIVITY",0.414297836232499,1,0.540069262586911,1.05256030050041,1952,12,"PARP15;PARP3;PARP10;PARP16;TNKS;PARP2;PARP14"
"GOMF_NADPLUS_PROTEIN_LYSINE_ADP_RIBOSYLTRANSFERASE_ACTIVITY",0.712634354086392,1,0.504977041619591,0.818255130238386,3513,5,"PARP3;PARP10;PARP16"
"GOMF_NADPLUS_PROTEIN_MONO_ADP_RIBOSYLTRANSFERASE_ACTIVITY",0.99455930359086,1,0.240923090191537,0.562881837648249,4569,26,"PARP15;PARP12;PARP3;PARP10;SIRT1;PARP16;TNKS;ART5;SIRT4;PARP2;SIRT2"
"GOMF_NARROW_PORE_CHANNEL_ACTIVITY",0.803124411820064,1,-0.366349192089098,-0.7738102377622,4266,18,"RHAG;KCNK2;KCNK9;KCNK17"
"GOMF_NATURAL_KILLER_CELL_LECTIN_LIKE_RECEPTOR_BINDING",0.895490613508806,1,-0.382827766302745,-0.654261116535276,4626,7,"CLEC2D;ULBP1;ULBP3"
"GOMF_NEDD8_TRANSFERASE_ACTIVITY",0.880430528375734,1,-0.400114569409968,-0.662085945560985,4498,6,"MDM2;UBE2M;UBA3;UBE2F;RBX1;RNF7"
"GOMF_NERVE_GROWTH_FACTOR_BINDING",0.850740214966538,1,0.421355636454243,0.682756606276116,4194,5,"NTRK1;FURIN;NGFR"
"GOMF_NERVE_GROWTH_FACTOR_RECEPTOR_BINDING",0.993886807335831,1,-0.240204689528756,-0.385958223562791,5039,5,"NGF;BDNF;BEX3;NTF4;NTF3"
"GOMF_NETRIN_RECEPTOR_ACTIVITY",0.95109445868665,1,-0.322102065770948,-0.517550016840858,4822,5,"UNC5D;UNC5CL;UNC5B"
"GOMF_NEUREGULIN_BINDING",0.671070794715046,1,-0.540561291599898,-0.868567871185247,3402,5,"ITGB3"
"GOMF_NEUREXIN_FAMILY_PROTEIN_BINDING",0.439669771380186,1,0.498933152811407,1.01550576393529,2076,14,"LRRTM2;CASK"
"GOMF_NEUROLIGIN_FAMILY_PROTEIN_BINDING",0.452038126140742,1,0.654788470146473,1.06100670081931,2228,5,"SNTG2;NRXN2;NRXN3"
"GOMF_NEUROPEPTIDE_ACTIVITY",0.879910213243547,1,-0.335904213306245,-0.724377845591442,4703,20,"CRH;GHRH;CORT;NPFF;NTS;CALCB;NMB"
"GOMF_NEUROPEPTIDE_BINDING",0.922465635738832,1,0.313817694015946,0.693265517983359,4294,20,"SSTR4;GPR171;SSTR3;NMUR1;OPRD1"
"GOMF_NEUROPEPTIDE_RECEPTOR_ACTIVITY",0.725765765765766,1,-0.343457987341734,-0.857533494787269,4027,42,"PRLHR;NPY6R;QRFPR;SORCS2;TACR2;GALR2;GALR1;MC5R;NPFFR2;SSTR1;NPY5R;TACR1;NPBWR1;MCHR1;MC1R;KISS1R;TACR3;PROKR1"
"GOMF_NEUROPEPTIDE_RECEPTOR_BINDING",0.290346352247605,1,-0.485092093878652,-1.11551298599979,1575,27,"EDN2;CRH;GHRH;EDN3;UCN2;NTS;KISS1;APLN;NMB"
"GOMF_NEUROPEPTIDE_Y_RECEPTOR_ACTIVITY",0.128018397853584,1,-0.733369548892605,-1.32852639308782,667,9,"PRLHR;NPY6R;QRFPR"
"GOMF_NEUROPILIN_BINDING",0.841970569417786,1,0.345981137354423,0.74802942130814,3947,18,"SEMA4F;SEMA3B;SEMA4A;SEMA3E;SEMA3D;ABL1;SEMA3F;SEMA4G;SEMA4B;PXN;SEMA4C;SEMA3A;VEGFA"
"GOMF_NEUROTRANSMITTER_RECEPTOR_ACTIVITY",0.816907879623248,1,0.298551469848637,0.851667705955514,3555,85,"CHRM2;GABRB1;CHRNB3;GLRA3;HTR2B;CHRNG;HRH4;GABRA2;GRIN2C;DRD4;GABRA1;GRIN3B;CHRM4;CHRNA1;CHRNA3;CHRM1;HTR1D;GRIN2B;GRIN1;GABRE;DRD3;GRIK4;HRH3"
"GOMF_NEUROTRANSMITTER_RECEPTOR_ACTIVITY_INVOLVED_IN_REGULATION_OF_POSTSYNAPTIC_MEMBRANE_POTENTIAL",0.949182896798746,1,0.279755158633066,0.736717553564424,4239,50,"GABRB1;CHRNB3;CHRNG;GABRA2;GRIN2C;GABRA1;GRIN3B;CHRNA1;CHRNA3;GRIN2B"
"GOMF_NEUROTRANSMITTER_RECEPTOR_REGULATOR_ACTIVITY",0.777307366638442,1,0.385832932988774,0.785306739306341,3671,14,"PSCA;LY6H"
"GOMF_NEUROTRANSMITTER_TRANSMEMBRANE_TRANSPORTER_ACTIVITY",0.10515425131678,1,-0.627225920887404,-1.33892616353494,558,19,"SLC17A8;SLC22A1;SLC6A16;SLC22A4;CPLX3;SLC18A3;SLC6A3;SLC22A2"
"GOMF_NEUROTROPHIN_BINDING",0.968378689152932,1,-0.290119991268627,-0.525563225449958,5052,9,"NTRK2"
"GOMF_NEUROTROPHIN_RECEPTOR_ACTIVITY",0.748570301715638,1,-0.494384111784539,-0.794370892243494,3795,5,"NTRK2;GFRA1;SORT1;NTRK3"
"GOMF_NEUROTROPHIN_RECEPTOR_BINDING",0.909418752651676,1,0.344021701814162,0.670476198007855,4286,12,"EFNA5;NTF3;NTRK1;NTF4;GRB2"
"GOMF_NEUROTROPHIN_TRK_RECEPTOR_BINDING",0.557236304170074,1,0.567533308806286,0.956177919831127,2725,6,"EFNA5;GRB2;FRS2"
"GOMF_NEUTRAL_L_AMINO_ACID_SODIUM_SYMPORTER_ACTIVITY",0.740802327998337,1,0.442836713471731,0.793520956441448,3563,8,"SLC6A5;SLC38A3;SLC38A4;SLC6A15"
"GOMF_NEUTRAL_L_AMINO_ACID_TRANSMEMBRANE_TRANSPORTER_ACTIVITY",0.318495639534884,1,-0.445355033878386,-1.08362852488113,1752,36,"SLC36A2;SLC6A20"
"GOMF_NF_KAPPAB_BINDING",0.887483965548836,1,-0.316486182502638,-0.752196597999878,4842,32,"FOXP3;MTDH;DNAJA3;RNF25;COMMD8;PPARD;GSK3B;BCL10"
"GOMF_NFAT_PROTEIN_BINDING",0.383561643835616,1,-0.672805401512751,-1.11331862045414,1959,6,"SPI1;FOXP3"
"GOMF_NITRIC_OXIDE_BINDING",0.918272155749341,1,0.36122525924743,0.585322494272052,4527,5,"GUCY1B1;GSTP1;THAP4;CBS;ENSG00000274276"
"GOMF_NITRIC_OXIDE_SYNTHASE_BINDING",0.466488956587966,1,-0.533007276719164,-1.01002185290359,2449,11,"CAV3"
"GOMF_NITRIC_OXIDE_SYNTHASE_REGULATOR_ACTIVITY",0.977754459601259,1,0.263282533134716,0.493478018691988,4658,10,"ATP2B4;ACTB;HSP90AB1;NOS1AP;CALM3;AKT1"
"GOMF_NITRITE_REDUCTASE_ACTIVITY",0.173285953177258,1,0.70031420709546,1.28623894629791,828,9,"MB;NGB;CYB5R3"
"GOMF_NMDA_GLUTAMATE_RECEPTOR_ACTIVITY",0.308169596690796,1,0.672449966029951,1.16916566338341,1489,7,"GRIN2C;GRIN3B;GRIN2B;GRIN1;GRIN2A"
"GOMF_NODAL_BINDING",0.983326794821499,1,-0.277274983770573,-0.430713770125601,5012,4,"CRIPTO3;CRIPTO;CFC1;ACVR1C"
"GOMF_NON_MEMBRANE_SPANNING_PROTEIN_TYROSINE_KINASE_ACTIVITY",0.89816700610998,1,0.297916723495568,0.772012690689219,3968,46,"ZAP70;HCK;ITK;BTK;PKDCC;FER;EIF2AK3;PTK6;WEE1;STK16;JAK3;TYK2;PKM;JAK2"
"GOMF_NON_MEMBRANE_SPANNING_PROTEIN_TYROSINE_PHOSPHATASE_ACTIVITY",0.732210526315789,1,0.422410200761304,0.807473238510566,3477,11,"PTPN6;PTPN9;PTPN4;PTPN18;DUSP22;PTPN7"
"GOMF_NOTCH_BINDING",0.876086554466432,1,-0.328730666458147,-0.749447212535518,4736,26,"DLL4;NOTCH2NLA;CCN3;CHAC1"
"GOMF_NUCLEAR_ANDROGEN_RECEPTOR_BINDING",0.995931200295913,1,-0.235887636155169,-0.537781683993246,5384,26,"TCF21;WIPI1;RNF14;NSD1;PRMT2;PARK7;TRIM68;PRKCB;DAXX;ZBTB7A;CALR;DDX5;EP300;TGFB1I1;ARID5A;KDM1A;KDM5D;PKN1;RNF6;FOXP1;SNW1;FOXH1;TMF1;SMARCA4;KDM4C;KDM3A"
"GOMF_NUCLEAR_ESTROGEN_RECEPTOR_BINDING",0.980922965116279,1,-0.266338014884746,-0.648048070044129,5398,36,"DNAAF4;FOXL2;PADI2;WIPI1;TRIP4;NCOA6;NCOA1;DCAF1;TACC1;NSD1;MED1"
"GOMF_NUCLEAR_EXPORT_SIGNAL_RECEPTOR_ACTIVITY",0.996817988969028,1,0.214981473700294,0.418985082535759,4698,12,"XPO5;NUP42;XPO7"
"GOMF_NUCLEAR_GLUCOCORTICOID_RECEPTOR_BINDING",0.694960212201592,1,-0.420730151019857,-0.840271385474875,3667,14,"NR4A2;NR4A3;SMAD3;TACC1;NR4A1"
"GOMF_NUCLEAR_IMPORT_SIGNAL_RECEPTOR_ACTIVITY",0.528411214953271,1,-0.431056856934652,-0.949330981626724,2826,22,"KPNA7"
"GOMF_NUCLEAR_LOCALIZATION_SEQUENCE_BINDING",0.101240051823061,1,-0.585450398310777,-1.32495887987923,546,25,"POM121L2;KPNA7"
"GOMF_NUCLEAR_RECEPTOR_BINDING",1,1,-0.208336521197453,-0.612414302241964,5796,132,"DNAAF4;NR4A2;OASL;PRAME;PROX1;FOXL2;NR4A3;NR0B1;NCOA7;TCF21;PADI2;WIPI1;RNF14;PPARG;BCAS3;TRIP4;SMAD3;NCOA6"
"GOMF_NUCLEAR_RETINOIC_ACID_RECEPTOR_BINDING",0.408785046728972,1,-0.469871806336294,-1.03481444726346,2186,22,"NR4A2;PRAME;PPARG;NCOA6;LRIF1;NCOA1;TACC1;NSD1;MED1"
"GOMF_NUCLEAR_RETINOID_X_RECEPTOR_BINDING",0.597574838954149,1,-0.453579956368566,-0.905878167841268,3153,14,"NR4A2;PPARG;NCOA6;NCOA1;TACC1;NSD1"
"GOMF_NUCLEAR_STEROID_RECEPTOR_ACTIVITY",0.888806109145092,1,-0.325911557561355,-0.731351161199735,4771,24,"NR2E1;GPER1;NR3C1;NR4A3;ESR2"
"GOMF_NUCLEAR_THYROID_HORMONE_RECEPTOR_BINDING",0.961127487103906,1,-0.289885507329249,-0.666617848362226,5216,27,"OASL;NCOA6;TACC1;NSD1;MED1;PRMT2;MED30;MED16;THRAP3;HMGN3;JMJD1C"
"GOMF_NUCLEAR_VITAMIN_D_RECEPTOR_BINDING",0.973375931842385,1,0.284535452322738,0.588668745454217,4569,15,"MED12;TAF11;MED24;SNW1;MED14;TOB2;TAF7;RXRA;MED17;MED13"
"GOMF_NUCLEASE_ACTIVITY",1,1,-0.201158237591804,-0.620889149123914,5976,216,"NME8;PIWIL1;PXDNL;RNASE6;ENPP3;MBLAC1;PIWIL3;EXD1;PNLDC1;RPPH1;ZC3H12B;ENPP2;SLFN12L;ZC3H12C;SLFN12;ERN1;RAG1;NME7;TSEN2;DNASE1;APEX2;ERI2;EXOSC4;SLFN5;ENDOV;TATDN2;DCLRE1C;NEIL2;FANCM;EXO5;HARBI1;OGG1;ASTE1;ELAC1;USB1;TOE1;BIVM;ENPP1;SUPV3L1;MAP1S;DIS3L"
"GOMF_NUCLEASE_INHIBITOR_ACTIVITY",0.65812133072407,1,-0.529700127734133,-0.876516469899612,3362,6,"UBE3D;RNH1;BRAT1;ABCE1"
"GOMF_NUCLEIC_ACID_CONFORMATION_ISOMERASE_ACTIVITY",1,1,-0.137392972403458,-0.411097252835715,5836,155,"DDX4"
"GOMF_NUCLEOBASE_CONTAINING_COMPOUND_KINASE_ACTIVITY",0.61769991015274,1,0.355188267685648,0.908358768922587,2749,42,"AK8;NME9;NME5;CMPK2;AK7;TK2;CASK;NME6;TJP2;UCKL1;PNKP;NME3;AK9"
"GOMF_NUCLEOBASE_CONTAINING_COMPOUND_TRANSMEMBRANE_TRANSPORTER_ACTIVITY",0.74141669678352,1,-0.332533864540808,-0.857915339502996,4102,52,"SLC22A1;SLC46A2;SIDT1;SLC28A3;SLC35C1;SLC22A2;SLC25A53;SLC25A16;ANKH;SLC29A4;PANX1;SLC25A24;SLC33A1;ABCC4;SLC25A17;SLC35A3;SLC25A41;SLC25A19;LRRC8A"
"GOMF_NUCLEOBASE_TRANSMEMBRANE_TRANSPORTER_ACTIVITY",0.132729724523213,1,-0.752465173182919,-1.32841660549501,688,8,"SLC23A1;SLC28A3"
"GOMF_NUCLEOCYTOPLASMIC_CARRIER_ACTIVITY",0.92552026286966,1,-0.302443773986114,-0.727193701284167,5069,34,"KPNA7"
"GOMF_NUCLEOSIDE_BINDING",0.491620111731844,1,-0.568055366603147,-1.00285595763079,2551,8,"CDA;POLR1B;POLR2B;ADORA1;PNP"
"GOMF_NUCLEOSIDE_DIPHOSPHATE_KINASE_ACTIVITY",0.271583884033255,1,0.539753979220427,1.15076521159471,1273,17,"AK8;NME9;NME5;CMPK2;AK7;NME6;NME3;AK9"
"GOMF_NUCLEOSIDE_DIPHOSPHATE_PHOSPHATASE_ACTIVITY",0.315071413344703,1,0.520352360681137,1.10940061119678,1477,17,"GBP1;ENTPD3;ENTPD2;CANT1;ENTPD8;SLC25A42;NUDT18;NUDT5;PGP;ENTPD6;ALPL"
"GOMF_NUCLEOSIDE_KINASE_ACTIVITY",0.981799379524302,1,0.26615490375802,0.462754391158871,4746,7,"TK2;UCKL1;UCK1"
"GOMF_NUCLEOSIDE_MONOPHOSPHATE_KINASE_ACTIVITY",0.927620274914089,1,0.311427010778972,0.687984176987555,4318,20,"AK8;CMPK2;AK7;CASK;TJP2;AK9;MPP1;AK5"
"GOMF_NUCLEOSIDE_TRANSMEMBRANE_TRANSPORTER_ACTIVITY",0.208245039491427,1,-0.705686872757409,-1.24583328698842,1080,8,"SLC22A1;SLC28A3;SLC22A2;SLC29A4"
"GOMF_NUCLEOSIDE_TRIPHOSPHATASE_REGULATOR_ACTIVITY",1,1,0.207805865432789,0.705828874847106,3654,486,"TBC1D3H;FRMD7;TBC1D3K;CYTH4;GCGR;ARHGAP15;HTR2B;DENND2D;RGS8;ARHGAP24;RIN2;RGS11;PSD4;NGB;GBF1;RASAL3;NGEF;TBC1D10C;KIAA1755;ARHGAP6;RUNDC3A;DENND4A;RASGRF1;ARHGDIB;ALS2CL;DEPTOR;EGF;AGAP5;DOCK10;ECT2L;RASGEF1B;PLCB1;SLIT2;RIMS1;DOCK2;TBC1D2;RASA4B;DOCK4;SRGAP1;ARHGDIG;FGD2;RGS12;DLC1;DENND1B;VAV3;DEPDC5;RASA4;TBC1D9;GMIP;SRGAP3;RAP1GAP;DOCK11;RHOF;ARHGEF15;ANKRD27;ITSN2;ARHGAP9;SIRPA;ABR;RASGEF1A;VPS9D1;SGSM1;MCF2L2;RABGAP1L;PLEKHG3;DENND6B;RALGPS1;ARHGEF9;RIN3;ASAP2;CPEB2;ARHGAP32;ARHGAP33;SIPA1;ARHGEF11;ELMO3;AGFG2;DOCK6;FAM13B;FLCN;FGD3;RGS10;TBC1D8B;LAMTOR3;JUN;DENND2A;RASGEF1C;TBXA2R;DENND4C;RASGRP2;ARHGAP19;TBC1D3E;CHN2;SH3BP1;EPS8L1;RGL4"
"GOMF_NUCLEOSIDE_TRIPHOSPHATE_DIPHOSPHATASE_ACTIVITY",0.484437655146076,1,-0.54103550304349,-1.00264896581034,2536,10,"ENPP3"
"GOMF_NUCLEOSOMAL_DNA_BINDING",0.998012646793135,1,-0.228514191930997,-0.58590167546108,5523,50,"H3C15;H3-5;H3C2;H3C7"
"GOMF_NUCLEOSOME_ARRAY_SPACER_ACTIVITY",0.795578990062868,1,0.458542397942632,0.743013322635406,3922,5,"SMARCA2;SMARCA4;SMARCA5"
"GOMF_NUCLEOSOME_BINDING",1,1,-0.170243846023015,-0.470860687218037,5605,82,"H3C15;H3-5;H3C2;H3C7;H3C13;H3C11;MLLT6;H3C1;MACROH2A1;H1-2;L3MBTL1;H3C8;H1-5;H3C6;CHD1L;RNF169;EED;MBD3;HP1BP3;SMARCC2"
"GOMF_NUCLEOTIDASE_ACTIVITY",0.229140194832698,1,0.60359079487782,1.20239945783367,1081,13,"NT5C1A;NT5E"
"GOMF_NUCLEOTIDE_RECEPTOR_ACTIVITY",0.150508044030483,1,0.633452050333929,1.28929938743495,710,14,"GPR171;P2RX6;P2RY8;P2RX1;P2RX2;P2RY6"
"GOMF_NUCLEOTIDE_SUGAR_TRANSMEMBRANE_TRANSPORTER_ACTIVITY",0.994917407878018,1,0.224009888934684,0.446244991292433,4697,13,"SLC35D3;SLC35D2;SLC35B4;SLC35A1"
"GOMF_NUCLEOTIDE_TRANSMEMBRANE_TRANSPORTER_ACTIVITY",0.99802847754655,1,0.218426463044202,0.522191167451109,4555,29,"ABCC11;SLC25A25;SLC25A6"
"GOMF_NUCLEOTIDYLTRANSFERASE_ACTIVITY",1,1,-0.213659272521966,-0.632534929838506,5768,142,"PAPOLB;OAS1;TENT5D;OASL;ART3;REV3L;POLE4;PARP9;OAS2;GDPGP1;PCYT1A;POLR1B;PARP8;POLR1A;TAMM41;CDS1;FPGT;CDS2;POLR2J2;THG1L;PARP11;POLR3G;GARS1;MAB21L1;SELENOO;POLR2B;GMPPA;POLQ;POLR3H;TUT4;TUT7;POLE;MB21D2;GMPPB;POLR2J;POLH;PNPT1;CTU1;UAP1L1;PRIM2"
"GOMF_O_ACETYLTRANSFERASE_ACTIVITY",0.578076525336091,1,0.536053264614408,0.932017402620899,2794,7,"NAT2;CRAT;LPCAT1;CASD1;LPCAT4"
"GOMF_O_ACYLTRANSFERASE_ACTIVITY",0.998880680546228,1,0.211113818014443,0.555954915330961,4461,50,"MBOAT4;GPAT2;GPAT3;NAT2;DGAT2"
"GOMF_O_METHYLTRANSFERASE_ACTIVITY",0.999136628534427,1,0.213283907211373,0.489563088516348,4628,24,"COQ3;ASMTL;HENMT1;ASMT;PCMTD2;FBL;PCMT1;CMTR1;PCMTD1;ARMT1;MEPCE;BCDIN3D;MRM2;COMT;CMTR2;ICMT;MRM3;TRMT13;COMTD1;LCMT1;FTSJ3;FTSJ1;FBLL1;MRM1"
"GOMF_O_PALMITOYLTRANSFERASE_ACTIVITY",0.974447373757858,1,0.289391277782021,0.468924085997881,4804,5,"CPT1C;CPT1A;CPT2;CPT1B;LRAT"
"GOMF_ODORANT_BINDING",0.368530451049678,1,0.623134773657074,1.11659780352844,1772,8,"OR2A4;OR14A16;OR2C1;OR5H8"
"GOMF_OLFACTORY_RECEPTOR_ACTIVITY",0.621621621621622,1,-0.364889605027271,-0.911043183570651,3449,42,"OR56B4;OR2W6P;OR5H6;OR1L8;OR11H7;OR1G1;OR2A2;OR2A12;OR1M1;OR10G4;OR2A5;OR52N4;OR2I1;OR2AG2"
"GOMF_OLFACTORY_RECEPTOR_BINDING",0.371428571428571,1,0.76355582709638,1.13716125266852,1832,3,"RTP3;REEP1;RTP1"
"GOMF_OLIGOPEPTIDE_BINDING",0.629093678598629,1,-0.467351229863307,-0.885606962157895,3303,11,"FOLH1"
"GOMF_OLIGOPEPTIDE_TRANSMEMBRANE_TRANSPORTER_ACTIVITY",0.997159090909091,1,-0.207808083123233,-0.408996225268459,5264,13,"SLC15A2;ABCC4;SLC15A3;MFSD1;SLC15A1;ABCB9;SLC25A39;ABCC1;ABCC5;SLC13A3;GJA1;SLC15A4;SLC25A40"
"GOMF_OLIGOSACCHARIDE_BINDING",0.375239555385205,1,-0.603966679881007,-1.09410825139815,1957,9,"SELL;LGALS9;COLEC11;LGALS12"
"GOMF_OLIGOSACCHARYL_TRANSFERASE_ACTIVITY",0.649563982964916,1,0.544107538379287,0.881661438017657,3202,5,"STT3B;RPN2;STT3A;OSTC;RPN1"
"GOMF_OMEGA_PEPTIDASE_ACTIVITY",0.935841130418178,1,-0.331920470046576,-0.615116224631062,4900,10,"TRHDE;GGT7;ASRGL1;GGH"
"GOMF_OPIOID_RECEPTOR_BINDING",0.904358114770262,1,-0.376273954988301,-0.604592805932063,4585,5,"NPFFR2"
"GOMF_OPSIN_BINDING",0.408787759905845,1,-0.716229903338532,-1.1125781264093,2083,4,"SAG"
"GOMF_OPSONIN_BINDING",0.63426514188903,1,0.438507196887649,0.873540186941721,2994,13,"CD93;CFHR3;ITGAM"
"GOMF_OPSONIN_RECEPTOR_ACTIVITY",0.901845467450821,1,0.378199353882517,0.612826992242426,4446,5,"C5AR2"
"GOMF_ORGANIC_ACID_BINDING",0.713918409324649,1,-0.303346184493653,-0.908847635660003,4164,158,"CD22;DMBT1;GLRA1;UGT2B15;CD33;FABP2;ALB;FABP5P3;SELL;UGT2B4;SIGLEC11;P4HA3;AKR1C3;GRM7;CYP2W1;GNMT;GLRB;GLUD2;AKR1C1;FOLR1;SNCA;ST8SIA3;HNF4A;CPS1"
"GOMF_ORGANIC_ACID_SODIUM_SYMPORTER_ACTIVITY",0.548280301636932,1,-0.406564500257316,-0.947831854567495,2980,29,"SLC6A20;SLC23A1;SLC10A2;SLC6A12"
"GOMF_ORGANOPHOSPHATE_ESTER_TRANSMEMBRANE_TRANSPORTER_ACTIVITY",1,1,-0.195593626653402,-0.499951181474455,5550,49,"SLC37A2;SLC46A2;SLC35C1;SLC25A53;SLC25A16;MFSD2A;ANKH;PANX1;SLC25A24;SLC33A1;ABCC4;SLC25A17;SLC35A3;SLC25A41;SLC25A19;LRRC8A"
"GOMF_ORGANOPHOSPHATE_PHOSPHATE_ANTIPORTER_ACTIVITY",0.6700212889491,1,-0.50463791278839,-0.862437349974935,3461,7,"SLC37A2"
"GOMF_ORNITHINE_DECARBOXYLASE_REGULATOR_ACTIVITY",0.552626242141553,1,0.599109924646456,0.970786251680708,2724,5,"AZIN2;OAZ1"
"GOMF_OSMOSENSOR_ACTIVITY",0.168956841494097,1,-0.751379502646397,-1.28412418224228,872,7,"TMEM63C;TRPA1;PKD2L1"
"GOMF_OUTWARD_RECTIFIER_POTASSIUM_CHANNEL_ACTIVITY",0.986168224299065,1,-0.269269405837703,-0.593021048739992,5275,22,"KCNK2;KCNK9;KCNA2;KCNK17"
"GOMF_OXALATE_TRANSMEMBRANE_TRANSPORTER_ACTIVITY",0.563336120401338,1,0.510254302534773,0.937163561422421,2694,9,"SLC26A9;SLC26A5;SLC26A7"
"GOMF_OXIDATIVE_PHOSPHORYLATION_UNCOUPLER_ACTIVITY",0.580612451835328,1,0.585173022403991,0.948203162114988,2862,5,"UCP3;UCP1;UCP2;SLC25A5"
"GOMF_OXIDATIVE_RNA_DEMETHYLASE_ACTIVITY",0.915237911770372,1,-0.357382582791653,-0.630930140576377,4750,8,"METTL4;ALKBH3"
"GOMF_OXIDIZED_DNA_BINDING",0.981052631578947,1,0.260122230710466,0.49724589903799,4659,11,"POT1;BLM;RPS3;MUTYH;MSH6;RECQL4"
"GOMF_OXIDOREDUCTASE_ACTIVITY",1,1,-0.212065991923624,-0.70768316274128,6485,628,"DCT;ALDH8A1;FTH1P19;SDR9C7;CYP3A43;FMO2;STEAP4;CYP3A4;CLIC5;IPCEF1;NOX1;DDO;CYP2F1;DIO2;PXDNL;CYP4A11;LDHAL6B;TH;NOXRED1;FMO1;TXNDC2;DHRS2;STAB2;CYP4B1;ADH4;ACADL;CYP1A1;FXN;GPX2;HSD17B13;P4HA3;CYP2C8;TPO;AKR1C3;ALDH1A1;TBXAS1;XDH;TPH2;AKR1D1;ME3;AKR1B15;OSGIN1;CYP2W1;SQOR;CH25H;DMGDH;GLUD2;AIFM3;LOX;BCO2;RDH5;DUOX1;AKR1C1;CYP4F22;ALDH1A3;CYP39A1;HEATR4;SNCA;CYP20A1;PYROXD1;AOC3;ALOX15B;STEAP1;PAH;VCAM1;PIR;HSD17B6;HPD"
"GOMF_OXIDOREDUCTASE_ACTIVITY_ACTING_ON_A_SULFUR_GROUP_OF_DONORS",0.828823953823954,1,-0.311985462733921,-0.814889424385871,4594,56,"TXNDC2;STAB2;SQOR;TMX4;MSRB3;SESN2;ERO1B;GLRX2;CCS;MSRB2;SUMF1;QSOX1;TXNDC5;SRXN1"
"GOMF_OXIDOREDUCTASE_ACTIVITY_ACTING_ON_A_SULFUR_GROUP_OF_DONORS_DISULFIDE_AS_ACCEPTOR",0.952225004816028,1,-0.310712420702431,-0.548537731585251,4942,8,"MSRB3;MSRB2;DNAJC10"
"GOMF_OXIDOREDUCTASE_ACTIVITY_ACTING_ON_A_SULFUR_GROUP_OF_DONORS_NAD_P_AS_ACCEPTOR",0.307692307692308,1,-0.600846878813956,-1.13857447047719,1615,11,"TXNDC2"
"GOMF_OXIDOREDUCTASE_ACTIVITY_ACTING_ON_A_SULFUR_GROUP_OF_DONORS_OXYGEN_AS_ACCEPTOR",0.978484386900228,1,-0.272001527883881,-0.51542914925463,5138,11,"ERO1B;SUMF1;QSOX1;PCYOX1;P4HB;SUOX;GFER;PCYOX1L;ERO1A;QSOX2;SELENBP1"
"GOMF_OXIDOREDUCTASE_ACTIVITY_ACTING_ON_CH_OH_GROUP_OF_DONORS",0.806860902255639,1,0.292605050747464,0.873685674494149,3433,120,"LDHAL6A;CYP4A22;DHRS4L1;ADH1B;SRD5A2;HSD17B3;MIOX;SDR42E1;ALDH3A1;LDHC;HSD17B14;PRXL2B;LDHD;BDH1;RDH16"
"GOMF_OXIDOREDUCTASE_ACTIVITY_ACTING_ON_CH_OR_CH2_GROUPS",0.0349436700400993,1,-0.795754627971922,-1.4746953763415,182,10,"CYP3A4;CYP2C8;XDH"
"GOMF_OXIDOREDUCTASE_ACTIVITY_ACTING_ON_CH_OR_CH2_GROUPS_DISULFIDE_AS_ACCEPTOR",0.827055807533031,1,-0.441774887052737,-0.709838975067617,4193,5,"RRM2B;RRM2"
"GOMF_OXIDOREDUCTASE_ACTIVITY_ACTING_ON_METAL_IONS",0.221615514968932,1,-0.579941474123086,-1.2108060759807,1176,17,"FTH1P19;STEAP4;FXN"
"GOMF_OXIDOREDUCTASE_ACTIVITY_ACTING_ON_METAL_IONS_NAD_OR_NADP_AS_ACCEPTOR",0.228180039138943,1,-0.745490592251892,-1.23359377891631,1165,6,"STEAP4"
"GOMF_OXIDOREDUCTASE_ACTIVITY_ACTING_ON_METAL_IONS_OXYGEN_AS_ACCEPTOR",0.427397260273973,1,-0.649721712735583,-1.07512109634597,2183,6,"FTH1P19;FXN"
"GOMF_OXIDOREDUCTASE_ACTIVITY_ACTING_ON_NAD_P_H",0.405145413870246,1,0.375402682441882,1.01768202884717,1810,59,"CYBB;NOX5;NOX3;MIOX;MICAL2"
"GOMF_OXIDOREDUCTASE_ACTIVITY_ACTING_ON_NAD_P_H_HEME_PROTEIN_AS_ACCEPTOR",0.40805804850105,1,-0.572265025940539,-1.06052363144565,2136,10,"AMBP;NQO1;CYB5R4;NDOR1;CYB5R2"
"GOMF_OXIDOREDUCTASE_ACTIVITY_ACTING_ON_NAD_P_H_OXYGEN_AS_ACCEPTOR",0.197270206867136,1,0.567158942393909,1.22622747214698,924,18,"CYBB;NOX5;NOX3;MICAL2"
"GOMF_OXIDOREDUCTASE_ACTIVITY_ACTING_ON_NAD_P_H_QUINONE_OR_SIMILAR_COMPOUND_AS_ACCEPTOR",0.159706546275395,1,-0.594033651122973,-1.26807131373563,848,19,"ADH4;AKR1C3;AKR1C1;NQO1"
"GOMF_OXIDOREDUCTASE_ACTIVITY_ACTING_ON_OTHER_NITROGENOUS_COMPOUNDS_AS_DONORS",0.326556543837357,1,0.560414125021442,1.11638819843917,1541,13,"MB;NGB;GPHN;GMPR2"
"GOMF_OXIDOREDUCTASE_ACTIVITY_ACTING_ON_OTHER_NITROGENOUS_COMPOUNDS_AS_DONORS_CYTOCHROME_AS_ACCEPTOR",0.852888976533228,1,-0.42411975864966,-0.681470911111027,4324,5,"ENSG00000274276;CYB5B;CBS;MTARC1;CYB5R3"
"GOMF_OXIDOREDUCTASE_ACTIVITY_ACTING_ON_PAIRED_DONORS_WITH_INCORPORATION_OR_REDUCTION_OF_MOLECULAR_OXYGEN",0.970502486708969,1,-0.265290713439986,-0.796243146161781,5658,162,"CYP3A43;FMO2;CYP3A4;CYP2F1;CYP4A11;TH;FMO1;CYP4B1;CYP1A1;P4HA3;CYP2C8;TPO;AKR1C3;TBXAS1;TPH2;AKR1D1;CYP2W1;CH25H;AKR1C1;CYP4F22;CYP39A1"
"GOMF_OXIDOREDUCTASE_ACTIVITY_ACTING_ON_PAIRED_DONORS_WITH_INCORPORATION_OR_REDUCTION_OF_MOLECULAR_OXYGEN_ANOTHER_COMPOUND_AS_ONE_DONOR_AND_INCORPORATION_OF_ONE_ATOM_OF_OXYGEN",0.448763250883392,1,0.582308432151021,1.04344091166663,2158,8,"TYRP1;CMAHP;FAXDC2;FA2H"
"GOMF_OXIDOREDUCTASE_ACTIVITY_ACTING_ON_PAIRED_DONORS_WITH_INCORPORATION_OR_REDUCTION_OF_MOLECULAR_OXYGEN_NAD_P_H_AS_ONE_DONOR_AND_INCORPORATION_OF_ONE_ATOM_OF_OXYGEN",0.601461187214612,1,-0.382893747713748,-0.915785365462164,3292,33,"FMO2;CYP3A4;FMO1;CYP1A1;AKR1C3;AKR1D1"
"GOMF_OXIDOREDUCTASE_ACTIVITY_ACTING_ON_PAIRED_DONORS_WITH_INCORPORATION_OR_REDUCTION_OF_MOLECULAR_OXYGEN_REDUCED_ASCORBATE_AS_ONE_DONOR_AND_INCORPORATION_OF_ONE_ATOM_OF_OXYGEN",0.78231695283205,1,-0.509565222019802,-0.756914637092025,3963,3,"MOXD1;PAM"
"GOMF_OXIDOREDUCTASE_ACTIVITY_ACTING_ON_PAIRED_DONORS_WITH_INCORPORATION_OR_REDUCTION_OF_MOLECULAR_OXYGEN_REDUCED_FLAVIN_OR_FLAVOPROTEIN_AS_ONE_DONOR_AND_INCORPORATION_OF_ONE_ATOM_OF_OXYGEN",0.615707762557078,1,-0.379797837868523,-0.908380729199556,3370,33,"CYP3A43;CYP3A4;CYP2F1;CYP4A11;CYP4B1;CYP1A1;CYP2C8"
"GOMF_OXIDOREDUCTASE_ACTIVITY_ACTING_ON_PAIRED_DONORS_WITH_INCORPORATION_OR_REDUCTION_OF_MOLECULAR_OXYGEN_REDUCED_IRON_SULFUR_PROTEIN_AS_ONE_DONOR_AND_INCORPORATION_OF_ONE_ATOM_OF_OXYGEN",0.853173798418171,1,0.419943652883507,0.680468655131126,4206,5,"CYP4A22;COQ6"
"GOMF_OXIDOREDUCTASE_ACTIVITY_ACTING_ON_PAIRED_DONORS_WITH_INCORPORATION_OR_REDUCTION_OF_MOLECULAR_OXYGEN_REDUCED_PTERIDINE_AS_ONE_DONOR_AND_INCORPORATION_OF_ONE_ATOM_OF_OXYGEN",0.60587084148728,1,-0.559056257765888,-0.925093259139624,3095,6,"TH;TPH2;PAH"
"GOMF_OXIDOREDUCTASE_ACTIVITY_ACTING_ON_PAIRED_DONORS_WITH_OXIDATION_OF_A_PAIR_OF_DONORS_RESULTING_IN_THE_REDUCTION_OF_MOLECULAR_OXYGEN_TO_TWO_MOLECULES_OF_WATER",0.974985678823754,1,-0.276039876246133,-0.5115581045674,5105,10,"FADS6;SC5D;SCD5;PEDS1;SCD;FADS2;DEGS1;FADS1;FADS3;DEGS2"
"GOMF_OXIDOREDUCTASE_ACTIVITY_ACTING_ON_PEROXIDE_AS_ACCEPTOR",0.569133288074225,1,0.36072473392267,0.93477153335414,2514,46,"GSTA1;HBA2;CLIC2;MPO;PTGS2;MB;CP"
"GOMF_OXIDOREDUCTASE_ACTIVITY_ACTING_ON_SINGLE_DONORS_WITH_INCORPORATION_OF_MOLECULAR_OXYGEN",0.242697594501718,1,0.530445106255245,1.17182462417525,1129,20,"IDO2;PTGS2;MIOX;ALOX15;HPDL;ALOX12;ALOX5;HAAO"
"GOMF_OXIDOREDUCTASE_ACTIVITY_ACTING_ON_THE_ALDEHYDE_OR_OXO_GROUP_OF_DONORS",0.80359738372093,1,-0.331699379612441,-0.807083971417662,4422,36,"ALDH8A1;ADH4;AKR1C3;ALDH1A1"
"GOMF_OXIDOREDUCTASE_ACTIVITY_ACTING_ON_THE_ALDEHYDE_OR_OXO_GROUP_OF_DONORS_DISULFIDE_AS_ACCEPTOR",0.970423991726991,1,0.283493736633058,0.492900824447166,4691,7,"BCKDHA;PDHA1;PDHB;DHTKD1;OGDHL;OGDH;BCKDHB"
"GOMF_OXIDOREDUCTASE_ACTIVITY_ACTING_ON_THE_ALDEHYDE_OR_OXO_GROUP_OF_DONORS_NAD_OR_NADP_AS_ACCEPTOR",0.754279403644395,1,-0.356234624388295,-0.825055349290372,4097,28,"ALDH8A1;ADH4;AKR1C3;ALDH1A1"
"GOMF_OXIDOREDUCTASE_ACTIVITY_ACTING_ON_THE_CH_CH_GROUP_OF_DONORS",0.998196248196248,1,-0.235404519354766,-0.619707415125676,5533,60,"ACADL;AKR1C3;TBXAS1;AKR1D1;AKR1C1"
"GOMF_OXIDOREDUCTASE_ACTIVITY_ACTING_ON_THE_CH_CH_GROUP_OF_DONORS_NAD_OR_NADP_AS_ACCEPTOR",0.991963470319635,1,-0.24122598014654,-0.576951761961445,5430,33,"AKR1C3;TBXAS1;AKR1D1;AKR1C1"
"GOMF_OXIDOREDUCTASE_ACTIVITY_ACTING_ON_THE_CH_CH_GROUP_OF_DONORS_OXYGEN_AS_ACCEPTOR",0.991759294748946,1,-0.233748376747384,-0.423443935351903,5174,9,"ACOX1;ACAA1;RSAD1;ACOX2;ACOXL;PPOX;ACOX3;CPOX;CRAT"
"GOMF_OXIDOREDUCTASE_ACTIVITY_ACTING_ON_THE_CH_CH_GROUP_OF_DONORS_QUINONE_OR_RELATED_COMPOUND_AS_ACCEPTOR",0.646116406408436,1,0.546359620499234,0.885310668767742,3185,5,"DHODH;SDHD;SDHA;SDHC;SDHB"
"GOMF_OXIDOREDUCTASE_ACTIVITY_ACTING_ON_THE_CH_CH_GROUP_OF_DONORS_WITH_A_FLAVIN_AS_ACCEPTOR",0.41660363086233,1,-0.540474083123106,-1.04589525860848,2202,12,"ACADL"
"GOMF_OXIDOREDUCTASE_ACTIVITY_ACTING_ON_THE_CH_NH_GROUP_OF_DONORS",0.824301830959867,1,-0.342451529374269,-0.78072832961797,4456,26,"NOXRED1;DMGDH;ETFDH;ALDH1L2;PAOX"
"GOMF_OXIDOREDUCTASE_ACTIVITY_ACTING_ON_THE_CH_NH_GROUP_OF_DONORS_NAD_OR_NADP_AS_ACCEPTOR",0.862601166948993,1,-0.346827519698785,-0.732576163059531,4582,18,"NOXRED1"
"GOMF_OXIDOREDUCTASE_ACTIVITY_ACTING_ON_THE_CH_NH2_GROUP_OF_DONORS",0.314511575381141,1,-0.528472702909167,-1.11625082494932,1670,18,"DDO;GLUD2;LOX;AOC3;VCAM1;MAOA;LOXL4;RNLS;IL4I1;LOXL3"
"GOMF_OXIDOREDUCTASE_ACTIVITY_ACTING_ON_THE_CH_NH2_GROUP_OF_DONORS_OXYGEN_AS_ACCEPTOR",0.380064066327492,1,-0.526310240953276,-1.06890130022796,2016,15,"DDO;LOX;AOC3;VCAM1;MAOA;LOXL4;RNLS;IL4I1;LOXL3"
"GOMF_OXIDOREDUCTION_DRIVEN_ACTIVE_TRANSMEMBRANE_TRANSPORTER_ACTIVITY",0.567610062893082,1,0.341749447907165,0.941991091303143,2526,66,"COX7A1;CYBRD1;CYB561A3;NDUFS7;NDUFB5;NDUFB7;COX7B;NDUFB8;NDUFV1;NDUFS8;NDUFA12;NDUFS4;COX5A;UQCRC1;NDUFS2;NDUFA3;NDUFA4;NDUFA5;COX4I1;NDUFB10;MT-ND6"
"GOMF_OXO_ACID_LYASE_ACTIVITY",0.487280248190279,1,0.579887830017484,1.00823105616777,2355,7,"HMGCLL1;TYW1B;CLYBL;NPL;HOGA1"
"GOMF_OXYGEN_BINDING",0.707512086277427,1,-0.384876399465959,-0.839623624468136,3804,21,"CYP3A4;CYP2F1;ALB;CYP4B1;CYP1A1;ADGB"
"GOMF_OXYGEN_CARRIER_ACTIVITY",0.542506755352318,1,0.533935817813752,0.956761822000473,2609,8,"HBE1;HBA2;MB;NGB"
"GOMF_OXYGEN_SENSOR_ACTIVITY",0.908499309800828,1,-0.371228900939433,-0.596486469197758,4606,5,"PARK7;NOX4;HIF1AN;NDUFS2;EGLN2"
"GOMF_OXYSTEROL_BINDING",0.217465388711395,1,0.581482226189502,1.20301498389958,1020,15,"RORC;INSIG2;GPR141;OSBPL5;RORA;VMA12;TMEM97;GAS1"
"GOMF_P_TYPE_CALCIUM_TRANSPORTER_ACTIVITY",0.948256036795707,1,-0.320312879969681,-0.580258773667748,4947,9,"ATP2A1"
"GOMF_P_TYPE_POTASSIUM_TRANSMEMBRANE_TRANSPORTER_ACTIVITY",0.0591408206511269,1,-0.803114420432227,-1.41783376857406,306,8,"ATP4B;ATP1A4;ATP4A"
"GOMF_P_TYPE_TRANSMEMBRANE_TRANSPORTER_ACTIVITY",0.107903016842495,1,-0.580813799586535,-1.31446558673288,582,25,"ATP13A4;ATP4B;ATP1A4;ATP2A1;ATP4A"
"GOMF_P53_BINDING",0.772246001351656,1,0.310159341727982,0.860503583406962,3427,69,"MSX1;MUC1;TRIM29;ANKRD1;TEP1;POU4F2;PPP1R13B;SIRT1;PRMT5;RFFL;BRD7;SMARCA4;CDKN2A;TRIM24;EEF2"
"GOMF_PALMITOYL_HYDROLASE_ACTIVITY",0.9967966836254,1,-0.214776894865526,-0.436197672621507,5289,15,"CLN5;PPT2;ABHD13;DESI1;ABHD10;ABHD17A;DESI2;LYPLA2;PPT1;ABHD17C;ABHD17B;LYPLA1;ABHD12;LYPLAL1;CPT1C"
"GOMF_PALMITOYLTRANSFERASE_ACTIVITY",0.997988826815642,1,0.230564394646766,0.576066788875664,4465,37,"ZDHHC11B;ZDHHC2;ZDHHC14;ZDHHC1;CPT1C;ZDHHC13;ZDHHC11;ZDHHC19;ZDHHC24;ZDHHC8;ZDHHC7;HHAT"
"GOMF_PARACELLULAR_TIGHT_JUNCTION_CHANNEL_ACTIVITY",0.720137903062259,1,0.500598698621577,0.811160547069658,3550,5,"CLDN2"
"GOMF_PASSIVE_TRANSMEMBRANE_TRANSPORTER_ACTIVITY",0.988274441451434,1,-0.257786110798107,-0.844011210281079,6236,455,"SLC17A8;KCNJ5;KCNJ15;KCNE4;GLRA1;TPTE2;CLIC5;AQP2;RHAG;KCNIP4;AQP6;ABCC9;GABRG3;BEST3;SCN3A;TRPM8;GJA10;GJB2;GJB1;ANO3;CACNG3;SLC24A5;KCNK2;KCNK9;KCNV1;TMC3;CATSPER3;BEST1;CALHM5;SCN2B;PKD1L3;ASIC4;SLC14A1;UNC80;KCNQ3;GJD2;KCNA2;STING1;CALHM1;CACNA1D;KCNJ8;P2RX3;TRPC7;PIEZO2;CHRNA10;TMC2;GRIK1;KCNK17;GABRG1;GLRB;SCN9A;GABRA4;CHRNA9;TMEM63C;TRPV2;GRID1;GRIA1;CLCN1;BEST2;KCNJ1;FAIM2;SCN1A;KCNIP3;CHRFAM7A;SCN4B;AQP3;ASIC3;CACNA1F;GABRR1;CHRNA4;PKD1L1;ANO4;TRPA1;TRPC3;SLC7A11"
"GOMF_PATCHED_BINDING",0.717730201621285,1,0.450974247448769,0.808102637562488,3452,8,"SHH;IHH;PTCH1"
"GOMF_PATTERN_RECOGNITION_RECEPTOR_ACTIVITY",0.755176837089976,1,-0.350386972589547,-0.832769022272044,4120,32,"DMBT1;CLEC7A;TLR7;CLEC6A;CLEC4D"
"GOMF_PDZ_DOMAIN_BINDING",0.105065330230893,1,-0.444917257627038,-1.22688624526158,586,81,"CLDN16;SLC34A1;CACNG3;GRM7;SLC22A4;SLC22A5;PDZK1;NKD1;GRIA1;TGFBR3;SHISA9;CXXC4;TMEM88;CCDC88C;PRKN;ADGRB1;SHISA6;ACOX1;ERC1;ACVR2A"
"GOMF_PENTOSYLTRANSFERASE_ACTIVITY",1,1,0.13881203264435,0.368155125642467,4467,52,"PARP15;PARP12;PARP3;PARP10;SIRT1;PARP16;LARGE1;TNKS;POGLUT1;ART5;SIRT4;PARP2;SIRT2;APRT;PARP14;QPRT;NEURL4;QTRT2;PPAT;TYMP"
"GOMF_PEPTIDASE_ACTIVATOR_ACTIVITY",0.99394754539341,1,0.244728738489621,0.661182334735457,4433,58,"CASP1;NLRP3;NLRP1;VSIR;CLPX;NOD1;NKX3-1;PSME1;PINK1;NLRP12"
"GOMF_PEPTIDASE_ACTIVATOR_ACTIVITY_INVOLVED_IN_APOPTOTIC_PROCESS",0.27497883149873,1,0.567274913853961,1.15460546469708,1298,14,"CASP1;NLRP1;NOD1;NKX3-1"
"GOMF_PEPTIDASE_ACTIVITY",1,1,-0.221875030973465,-0.730594678730031,6346,502,"ASPRV1;EEF1AKMT4-ECE2;KLK4;KLK3;OTUD6A;PRSS46P;CPA6;KLK15;DHH;CELA2A;ERAP2;FOLH1;CAPNS2;CFB;REN;PRSS54;ACR;XPNPEP2;PM20D1;PRSS57;GZMB;PRSS51;OVCH2;CAPN14;PRSS36;MST1L;TRHDE;PCSK2;TPSAB1;PRRG3;CFAP44;ADGB;CTRL;PRSS50;PRSS22;C2;KLK5;PRSS12;PHEX;CPA2;DPP6;ADAM12;ADAMTS1;CPQ;PROC;ADAMTS9;CASP10;AGBL3;MASP1;AGBL2;STAMBPL1;NAPSA;TMPRSS3"
"GOMF_PEPTIDASE_INHIBITOR_ACTIVITY",0.695253759398496,1,0.304604680759827,0.909515216104078,2958,120,"PTTG3P;ITIH3;PZP;SERPINA12;PI16;SERPINB12;LTF;COL4A3;SPINK1;SPINK2;C3;WFIKKN2;HRG;SERPINA1;TFPI;WFDC1;NLRP7;RENBP;COL7A1;PAPLN;FETUB;A2M;SPOCK2;SPINK5"
"GOMF_PEPTIDASE_REGULATOR_ACTIVITY",0.704017424975799,1,0.294280799414149,0.91872021117909,2908,176,"PTTG3P;ITIH3;PZP;SERPINA12;PI16;CASP1;SERPINB12;LTF;COL4A3;SPINK1;SPINK2;C3;WFIKKN2;HRG;SERPINA1;NLRP3;NLRP1;TFPI;WFDC1;NLRP7;RENBP;COL7A1;PAPLN;VSIR;FETUB;A2M;SPOCK2;SPINK5"
"GOMF_PEPTIDE_ANTIGEN_BINDING",0.87156366835276,1,0.316332003509134,0.765833247247173,3962,31,"TRGV3;HLA-DOB;SLC7A9"
"GOMF_PEPTIDE_BINDING",0.999830995436877,1,-0.223614427235607,-0.685673353716936,5915,200,"IAPP;MSR1;POM121L2;MAS1;KPNA7;OPRL1;ARMCX5-GPRASP2;PTGDR2;BCHE;HLA-DQA1;GALR2;GALR1;HLA-DRA;HLA-DMB;ADRB2;SSTR1;OPRK1;GRIA1;HLA-H;HLA-DRB5;HFE;NPBWR1;CALCR;CRIP1;HLA-DOA;MAPK8IP2;ACHE;MCHR1;ITGA2;PEX5L;PPARG;SLC7A5;MME"
"GOMF_PEPTIDE_HORMONE_BINDING",0.519317160826595,1,0.374053720783201,0.95660529424427,2311,42,"SLC40A1;GCGR;CRHBP;CSF2RA;CMKLR1;VIPR2;EDNRB;CRHR1;INSR"
"GOMF_PEPTIDE_HORMONE_RECEPTOR_BINDING",0.582438289052195,1,-0.451137846698637,-0.916231137826221,3090,15,"CRH;GHRH;UCN2;GNRH1;GRIA1"
"GOMF_PEPTIDE_RECEPTOR_ACTIVITY",0.367126155993718,1,-0.364755557642812,-1.03802658729713,2103,101,"AVPR2;PRLHR;NPY6R;F2RL3;MAS1;GUCY2F;OPRL1;CX3CR1;QRFPR;AVPR1B;AVPR1A;SORCS2;TACR2;LTB4R2;UTS2R;GALR2;GALR1;GP1BA;TSHR;MC5R;NPFFR2;FSHR;SSTR1;OPRK1;BDKRB2;GPRC6A;NPY5R;TACR1;NPBWR1;CALCR;GUCY2C;CALCRL;PTH1R;GUCY2D;MCHR1;MC1R;RAMP1"
"GOMF_PEPTIDE_TRANSMEMBRANE_TRANSPORTER_ACTIVITY",0.951809560673505,1,-0.32079263039583,-0.548241697738001,4917,7,"SLC15A2;SLC15A3"
"GOMF_PEPTIDE_YY_RECEPTOR_ACTIVITY",0.539767120584172,1,-0.678656421739927,-1.00808484757911,2734,3,"NPY5R;NPY2R"
"GOMF_PEPTIDOGLYCAN_BINDING",0.317605487424652,1,0.646449976844817,1.15837641349986,1527,8,"PGLYRP4;NLRP3;TLR2;NOD1;LYSMD3"
"GOMF_PEPTIDOGLYCAN_IMMUNE_RECEPTOR_ACTIVITY",0.599675192854243,1,0.666939698837173,0.946451728850678,2953,2,"PGLYRP4;CD14"
"GOMF_PEPTIDOGLYCAN_MURALYTIC_ACTIVITY",0.230395136778115,1,0.83209867114709,1.23924189122323,1136,3,"LYZ;PGLYRP4;LYG1"
"GOMF_PEPTIDYL_PROLINE_4_DIOXYGENASE_ACTIVITY",0.924484685031786,1,-0.346340384106912,-0.611436028932729,4798,8,"P4HA3"
"GOMF_PEPTIDYL_PROLINE_DIOXYGENASE_ACTIVITY",0.970121028744327,1,-0.290043171867565,-0.561275346442382,5129,12,"P4HA3"
"GOMF_PEPTIDYL_TRNA_HYDROLASE_ACTIVITY",0.94971381847915,1,0.313843803704411,0.528762824527716,4645,6,"PTRH1;PTRHD1;PTRH2;MRPL58;MTRFR;ETF1"
"GOMF_PEROXIREDOXIN_ACTIVITY",0.91249220536271,1,0.349387006836497,0.626068036815584,4389,8,"PRDX2;PRDX6;PRDX1;SELENOF;PRDX4;PRDX5;PRDX3;PARK7"
"GOMF_PEROXISOME_PROLIFERATOR_ACTIVATED_RECEPTOR_BINDING",0.283760354459642,1,-0.668471185474688,-1.18013199112358,1472,8,"ASXL3"
"GOMF_PEROXISOME_TARGETING_SEQUENCE_BINDING",0.973575231709722,1,-0.291377071717712,-0.468181438121478,4936,5,"PEX5L;PEX5;BABAM2;PEX19;PEX7"
"GOMF_PH_DOMAIN_BINDING",0.911271975180972,1,0.36052190391978,0.626827053690185,4405,7,"EPHA4;INPP5A"
"GOMF_PH_GATED_MONOATOMIC_ION_CHANNEL_ACTIVITY",0.370641494895011,1,-0.627321907210275,-1.1074862574754,1923,8,"AQP6;PKD1L3;ASIC3;PKD2L1;ASIC1;ZACN"
"GOMF_PHEROMONE_BINDING",0.933293862245905,1,-0.534593356242841,-0.713783549136533,4728,1,"VN1R1"
"GOMF_PHOSPHATASE_ACTIVATOR_ACTIVITY",0.207995578481945,1,-0.515978913816778,-1.18654001194393,1128,27,"CD33"
"GOMF_PHOSPHATASE_ACTIVITY",1,1,-0.177875029904893,-0.557796655202474,6043,256,"FBP2;TPTE2;PTPRH;MYH6;SGPP2;SYNJ1;DUSP8;PLPPR1;CA3;PPP1R3E;DUSP19;MTMR8;EYA2;INPP1;PTPRE;TIGAR;PTPN20;LPIN2;PTPRB;NT5DC3;PFKFB3;PPM1L;ACP7;PPP3CC;PUDP;INPP4B;SSH2;PTPDC1;ACP3;DUSP10;DUSP4;LPIN1;PPP1R3D;INPP5D;DUSP1;CTDSPL;NT5C2;PTPN14;HACD2;PDP1;DUSP6;DLG1;RPAP2;NT5C3A;DUSP9;PHPT1;INPP5K;PTPRT;PTPRG;ENPP1;PLPP2;DUSP7;NT5DC1;INPPL1;UBLCP1;DUSP14;PDP2;PIP4P2;MTMR7;PPM1A;PTPRN2;PTPRZ1;NANP;PLPPR2;IMPA1;NT5C3B;CPPED1;PPM1H;MTMR4;APTX;PTPN1;PPM1N;PFKFB2;PTPRC"
"GOMF_PHOSPHATASE_BINDING",1,1,-0.205230228671452,-0.623953190476288,5881,183,"CD22;CD33;SIGLEC11;SKAP1;CDH5;PVRIG;SPTBN4;CEACAM1;FLT4;ADCY8;PPP1R36;PPP1R3E;SYTL2;AKAP5;NFATC1;SLC6A3;EGFR"
"GOMF_PHOSPHATASE_INHIBITOR_ACTIVITY",0.949372759856631,1,0.277616009756974,0.7476652655167,4237,57,"PPP1R27;PPP1R2P1;PABIR3;TESC;MYOZ1;ELFN2;PPP1R1B"
"GOMF_PHOSPHATASE_REGULATOR_ACTIVITY",1,1,-0.168057241150824,-0.487699532143754,5757,119,"CD33;SAG"
"GOMF_PHOSPHATE_ION_BINDING",0.302315789473684,1,0.599308480593045,1.14562943512998,1435,11,"RPH3A;PDE2A;STAT5A;ADSS1"
"GOMF_PHOSPHATE_TRANSMEMBRANE_TRANSPORTER_ACTIVITY",0.0211974711788769,1,-0.699435162154163,-1.52584644510082,113,21,"SLC17A8;SLC34A1;SLC37A2;SLC34A3"
"GOMF_PHOSPHATIDATE_PHOSPHATASE_ACTIVITY",0.996022727272727,1,-0.217330497914567,-0.427737708499342,5258,13,"PLPPR1;LPIN2;LPIN1;PLPP2;PLPPR2"
"GOMF_PHOSPHATIDIC_ACID_BINDING",0.999568314267213,1,0.193202512460537,0.443469082810646,4630,24,"CIDEB;DEPTOR;RAPGEF2;NME3;GSDMD;PLCD1;PLTP;PITPNM1;GRAMD1B;UQCC3;JPH2;SESTD1;MARK1"
"GOMF_PHOSPHATIDIC_ACID_TRANSFER_ACTIVITY",0.937745604963806,1,0.330010693553315,0.573778260009155,4533,7,"PRELID3A;PRELID2;PLTP;PRELID1"
"GOMF_PHOSPHATIDYLCHOLINE_BINDING",0.87247007616975,1,0.321421497073122,0.750954683456596,4008,26,"CETP;APOA2;PITPNM2;ESYT2;PITPNA;ABCA1;GPR12"
"GOMF_PHOSPHATIDYLCHOLINE_FLIPPASE_ACTIVITY",0.681522382173141,1,-0.535282617983883,-0.860086157128783,3455,5,"ATP8B1;ATP10A"
"GOMF_PHOSPHATIDYLCHOLINE_FLOPPASE_ACTIVITY",0.963001454998961,1,0.296727832983536,0.531707843249823,4632,8,"ABCB4;ABCG1;ABCA1;ATP8B2"
"GOMF_PHOSPHATIDYLCHOLINE_STEROL_O_ACYLTRANSFERASE_ACTIVATOR_ACTIVITY",0.919083350233218,1,0.360075074712052,0.583458757271702,4531,5,"APOA2;APOA1;APOE"
"GOMF_PHOSPHATIDYLCHOLINE_TRANSFER_ACTIVITY",0.896071221211535,1,-0.382183315599874,-0.653159736035934,4629,7,"MTTP"
"GOMF_PHOSPHATIDYLCHOLINE_TRANSPORTER_ACTIVITY",0.993127147766323,1,0.239274285294395,0.528589096465313,4623,20,"ABCB4;PITPNM2;ABCG1;PITPNA;ABCA1;ATP8B2"
"GOMF_PHOSPHATIDYLETHANOLAMINE_BINDING",0.942242114236999,1,0.311120454689167,0.653445850084739,4420,16,"CD300A;ESYT2;MAP1LC3A;NF1;GABARAP;GABARAPL1;MAP1LC3B;PLTP"
"GOMF_PHOSPHATIDYLETHANOLAMINE_FLIPPASE_ACTIVITY",0.636560836126997,1,-0.561607646368484,-0.902384919948499,3227,5,"ABCA4;ABCB1"
"GOMF_PHOSPHATIDYLGLYCEROL_BINDING",0.514124293785311,1,-0.467650213508534,-0.963548826023881,2729,16,"IRGM;ATP8B1;PLEKHN1"
"GOMF_PHOSPHATIDYLINOSITOL_3_4_5_TRISPHOSPHATE_3_PHOSPHATASE_ACTIVITY",0.0694389956845822,1,-0.880959142483325,-1.36846544331447,353,4,"TPTE2"
"GOMF_PHOSPHATIDYLINOSITOL_3_4_5_TRISPHOSPHATE_5_PHOSPHATASE_ACTIVITY",0.986065415134507,1,-0.258655274707508,-0.442047583074329,5094,7,"INPP5D;INPP5K;INPPL1"
"GOMF_PHOSPHATIDYLINOSITOL_3_4_5_TRISPHOSPHATE_BINDING",0.63388969521045,1,-0.364938173769332,-0.900130467850812,3493,39,"RAG2;ADAP1;MYO1G;NRGN;GAB2;CYTH3;MAPKAP1;PHLDA3;IQGAP2;ARAP2;KIF16B;PLA2G4E"
"GOMF_PHOSPHATIDYLINOSITOL_3_4_BISPHOSPHATE_BINDING",0.298501941927131,1,-0.486353556290722,-1.10879925197129,1613,26,"RAG2;TTPA;MYO1G;NCF1;GAB2;PLEKHA4;MAPKAP1;PHLDA3;KIF16B;PLA2G4E"
"GOMF_PHOSPHATIDYLINOSITOL_3_5_BISPHOSPHATE_3_PHOSPHATASE_ACTIVITY",0.600533130236101,1,-0.479490569409264,-0.908610397114175,3153,11,"SYNJ1;MTMR8;MTMR7;MTMR4;MTMR1;MTM1"
"GOMF_PHOSPHATIDYLINOSITOL_3_5_BISPHOSPHATE_5_PHOSPHATASE_ACTIVITY",0.516046966731898,1,-0.603653227189262,-0.99888968878069,2636,6,"SYNJ1"
"GOMF_PHOSPHATIDYLINOSITOL_3_5_BISPHOSPHATE_BINDING",0.470112194224756,1,-0.424907781361068,-0.990595908331211,2555,29,"RAG2;CLVS2;WIPI1;PLEKHA4;MAPKAP1;PHLDA3;KIF16B;TTPAL;PLA2G4E;CLVS1;TPCN1;TPCN2;SH3PXD2B"
"GOMF_PHOSPHATIDYLINOSITOL_3_5_BISPHOSPHATE_PHOSPHATASE_ACTIVITY",0.706613906161673,1,-0.411211238795178,-0.835142837084821,3749,15,"SYNJ1;MTMR8;MTMR7;MTMR4;MTMR1;MTM1;PIKFYVE;FIG4;SYNJ2"
"GOMF_PHOSPHATIDYLINOSITOL_3_KINASE_ACTIVATOR_ACTIVITY",0.932161323681489,1,0.33610936384536,0.584381808611964,4506,7,"FLT3;PRKD1;LYN"
"GOMF_PHOSPHATIDYLINOSITOL_3_KINASE_BINDING",0.865070729053319,1,0.323018649748114,0.754686198904075,3974,26,"FAM83A;NLRC3;INSR;PIK3AP1"
"GOMF_PHOSPHATIDYLINOSITOL_3_KINASE_INHIBITOR_ACTIVITY",0.742210179988388,1,-0.470903782019612,-0.804784974664535,3834,7,"WDR91;WASHC1;RUBCN"
"GOMF_PHOSPHATIDYLINOSITOL_3_KINASE_REGULATOR_ACTIVITY",0.999787007454739,1,0.181869573127495,0.376265708105228,4693,15,"FLT3;KLF4;PIK3IP1;PRKD1"
"GOMF_PHOSPHATIDYLINOSITOL_3_KINASE_REGULATORY_SUBUNIT_BINDING",0.129052631578947,1,0.696550017414482,1.33151495236757,612,11,"FAM83A;NLRC3;PIK3AP1"
"GOMF_PHOSPHATIDYLINOSITOL_3_PHOSPHATE_BINDING",0.998026905829596,1,-0.222849496321714,-0.563575724195023,5563,45,"TECPR1;RUBCNL;WIPI1;PLEKHA4;PLA2G4A;PHLDA3;SNX19;VPS36;KIF16B;PLA2G4E;SH3PXD2B;DENND1A;RBSN"
"GOMF_PHOSPHATIDYLINOSITOL_4_5_BISPHOSPHATE_5_PHOSPHATASE_ACTIVITY",0.88731314679954,1,-0.372945592581532,-0.675604902983093,4629,9,"SYNJ1;INPP5D;INPP5K"
"GOMF_PHOSPHATIDYLINOSITOL_4_5_BISPHOSPHATE_BINDING",0.998926078396277,1,-0.226730314059433,-0.625222553036007,5580,81,"RAG2;TTPA;AMER3;SNAP91;SCIN;MYO1G;KCNJ1;SYTL2"
"GOMF_PHOSPHATIDYLINOSITOL_4_5_BISPHOSPHATE_PHOSPHATASE_ACTIVITY",0.885376999238385,1,-0.365444222548154,-0.692498333349169,4649,11,"SYNJ1;INPP5D;INPP5K;PIP4P2"
"GOMF_PHOSPHATIDYLINOSITOL_4_PHOSPHATE_BINDING",1,1,0.158894579925082,0.379868560962511,4564,29,"NLRP3;OSBPL5;SH3PXD2A;GSDMB;SNX24;GSDMD;LANCL2;CERT1;GOLPH3L"
"GOMF_PHOSPHATIDYLINOSITOL_5_PHOSPHATE_BINDING",0.963337074448186,1,-0.294195464215688,-0.634432877318636,5149,20,"RUBCNL;PLA2G4A;PHLDA3;PLA2G4E;SH3PXD2B"
"GOMF_PHOSPHATIDYLINOSITOL_BINDING",0.999670564981057,1,-0.237118515426978,-0.748207576522509,6068,275,"C8orf44-SGK3;NCF1B;RAG2;PIK3C2G;DOK7;TTPA;AMER3;SNAP91;FRMPD2;ADAP1;PLEKHN1;SCIN;MYO1G;SNX31;TECPR1;CLVS2;KCNJ1;RUBCNL;SYTL2;PLEKHA3;WDFY3;NRGN;WIPI1;NCF1;GAB2;RLBP1;PLEKHA4;PLA2G4A;BCAS3;WDPCP;PIK3C2B;CYTH3;SNX32;MAPKAP1;STAM2;KCNJ3;PHLDA3;IQGAP2;SNX19;ESYT3;RUBCN;EXOC8;VPS36;ARAP2;ITPR2;KIF16B;TTPAL;TRPM3;SNX16;PLA2G4E;TNFAIP8L3;SYT1;CLVS1;TPCN1;TPCN2;SH3PXD2B;THY1;ACTN2;AMER1;AVIL;SNX8"
"GOMF_PHOSPHATIDYLINOSITOL_BISPHOSPHATE_BINDING",0.997026412454084,1,-0.243185964650618,-0.694855585653224,5699,105,"RAG2;TTPA;AMER3;SNAP91;ADAP1;SCIN;MYO1G;CLVS2;KCNJ1;SYTL2;WIPI1;RLBP1;PLEKHA4;MAPKAP1;KCNJ3;PHLDA3;KIF16B;TTPAL;TRPM3;PLA2G4E;SYT1;CLVS1;TPCN1;TPCN2;SH3PXD2B;ACTN2;AMER1;AVIL"
"GOMF_PHOSPHATIDYLINOSITOL_BISPHOSPHATE_PHOSPHATASE_ACTIVITY",0.26133629465112,1,-0.503838377775956,-1.14025908016178,1411,25,"TPTE2;SYNJ1;MTMR8;INPP4B;INPP5D;INPP5K;PIP4P2;MTMR7;MTMR4"
"GOMF_PHOSPHATIDYLINOSITOL_KINASE_ACTIVITY",0.909309642791042,1,-0.317721430128717,-0.719049523907756,4912,25,"PIK3C2G"
"GOMF_PHOSPHATIDYLINOSITOL_MONOPHOSPHATE_PHOSPHATASE_ACTIVITY",0.896045197740113,1,-0.337983312298528,-0.696382497802422,4757,16,"SYNJ1;MTMR8;MTMR7;MTMR4;MTMR1;MTM1"
"GOMF_PHOSPHATIDYLINOSITOL_PHOSPHATE_4_PHOSPHATASE_ACTIVITY",0.748711094137865,1,-0.429526459222816,-0.795999999455328,3920,10,"SYNJ1;INPP4B;PIP4P2"
"GOMF_PHOSPHATIDYLINOSITOL_PHOSPHATE_5_PHOSPHATASE_ACTIVITY",0.964772727272727,1,-0.299229032345911,-0.588925815015751,5093,13,"SYNJ1;INPP5D;INPP5K;INPPL1"
"GOMF_PHOSPHATIDYLINOSITOL_PHOSPHATE_BINDING",1,1,-0.184744425136179,-0.560561545366152,5892,178,"RAG2;TTPA;AMER3;SNAP91;ADAP1;PLEKHN1;SCIN;MYO1G;TECPR1;CLVS2;KCNJ1;RUBCNL;SYTL2;PLEKHA3;NRGN;WIPI1;GAB2;RLBP1;PLEKHA4;PLA2G4A;CYTH3;MAPKAP1;KCNJ3;PHLDA3;IQGAP2;SNX19;RUBCN;VPS36;ARAP2;KIF16B;TTPAL;TRPM3;PLA2G4E;SYT1;CLVS1;TPCN1;TPCN2;SH3PXD2B;ACTN2;AMER1;AVIL"
"GOMF_PHOSPHATIDYLINOSITOL_PHOSPHATE_PHOSPHATASE_ACTIVITY",0.305499356262645,1,-0.471766514785377,-1.09983859965359,1660,29,"TPTE2;SYNJ1;MTMR8;INPP4B;INPP5D;INPP5K;INPPL1;PIP4P2;MTMR7;MTMR4"
"GOMF_PHOSPHATIDYLINOSITOL_PHOSPHOLIPASE_C_ACTIVITY",0.144377782078576,1,-0.764483161857028,-1.30651862554153,745,7,"PLCD4"
"GOMF_PHOSPHATIDYLINOSITOL_TRANSFER_ACTIVITY",0.745047923322684,1,0.390254811492129,0.807389056137608,3497,15,"PITPNM2;PITPNA;C2CD2L;PITPNM3;OSBPL10;PLTP;SCP2;PITPNM1"
"GOMF_PHOSPHATIDYLINOSITOL_TRISPHOSPHATE_PHOSPHATASE_ACTIVITY",0.18512840168647,1,-0.697247390655124,-1.26308975112982,965,9,"TPTE2"
"GOMF_PHOSPHATIDYLSERINE_BINDING",0.869918699186992,1,-0.308911912675018,-0.792038366093396,4814,50,"CPNE6;CAVIN2;SMPD3;PLEKHN1;SCIN;ANXA2P2;SYTL2"
"GOMF_PHOSPHATIDYLSERINE_FLIPPASE_ACTIVITY",0.639913232104121,1,-0.560018119166217,-0.899830885318721,3244,5,"ATP8B1"
"GOMF_PHOSPHATIDYLSERINE_FLOPPASE_ACTIVITY",0.897278650824071,1,-0.366676456930172,-0.664248129052057,4681,9,"ATP8B1"
"GOMF_PHOSPHATIDYLSERINE_TRANSFER_ACTIVITY",0.874467653619955,1,0.403108026924577,0.653188529152554,4311,5,"OSBPL5;OSBPL10;OSBPL8"
"GOMF_PHOSPHODIESTERASE_I_ACTIVITY",0.349437980674423,1,-0.711140245981261,-1.14265223789511,1771,5,"ENPP3;ENPP2"
"GOMF_PHOSPHOFRUCTOKINASE_ACTIVITY",0.937487904006193,1,-0.340729860837669,-0.58231486535454,4843,7,"PFKFB3;PFKM;PFKFB2"
"GOMF_PHOSPHOLIPASE_A1_ACTIVITY",0.868059476755129,1,-0.344098386422032,-0.72681163207278,4611,18,"PLA2G4F;LIPC"
"GOMF_PHOSPHOLIPASE_A2_ACTIVITY",0.459945004582951,1,-0.421867787899172,-0.995884898369139,2508,31,"PLA2G4F;PLA2G2C;OC90;PLB1"
"GOMF_PHOSPHOLIPASE_A2_INHIBITOR_ACTIVITY",0.956647958196245,1,-0.313314192917956,-0.535460882747838,4942,7,"ANXA2P2;PLA2R1;ANXA3;ANXA2"
"GOMF_PHOSPHOLIPASE_ACTIVATOR_ACTIVITY",0.664535379369139,1,0.409340850040722,0.859738007250291,3117,16,"ARHGAP6;BTK;PDGFRA;PDGFRB"
"GOMF_PHOSPHOLIPASE_ACTIVITY",0.851231011000524,1,-0.296196369636834,-0.839679363226613,4874,98,"PLCD4;PLA2G4F;PLA2G2C;OC90;PLB1;LIPC;CHRM5;PNPLA7"
"GOMF_PHOSPHOLIPASE_BINDING",0.941264496820052,1,-0.308340877632384,-0.664937478600445,5031,20,"CLEC6A;SNCA;SYK;PDPK1;PRKN;WAS;SRC;LMNB1;PLA2R1;BLNK;BANK1"
"GOMF_PHOSPHOLIPASE_C_ACTIVITY",0.828620764083747,1,0.337687152580682,0.775113169723826,3838,24,"F2RL2;CCR1;SMPD1;CHRM1;PLCB1"
"GOMF_PHOSPHOLIPASE_D_ACTIVITY",0.967906066536203,1,-0.29484829530098,-0.487897535646525,4945,6,"ENPP2;PLD3;FAM83B"
"GOMF_PHOSPHOLIPASE_INHIBITOR_ACTIVITY",0.899254526091587,1,0.336149524061571,0.695451891843368,4221,15,"ANGPTL3;SNCB;ANXA1;PINLYP"
"GOMF_PHOSPHOLIPID_BINDING",0.999681984417236,1,-0.239061936323323,-0.783576925763218,6286,467,"C8orf44-SGK3;PLA2G4F;CPNE6;SYT8;NCF1B;PLA2G2C;OC90;BIN2;RAG2;PIK3C2G;IRGM;CAVIN2;DOK7;SYT15;TTPA;NR5A1;AMER3;SNAP91;ATP8B1;APOA5;MAP1LC3B2;FRMPD2;ADAP1;CPNE5;SMPD3;SPTBN4;PLEKHN1;SCIN;MYO1G;GLTPD2;SNX31;TECPR1;CLVS2;KCNJ1;SNCA;RUBCNL;ANXA2P2;APOB;SYTL2;PLEKHA3;CPS1;PNPLA3;WDFY3;NR5A2;PLA2G5;NRGN;PCYT1A;WIPI1;NCF1;SYTL5;SYTL4;AMPH;GAB2;MME;RLBP1;PLEKHA4;ADGRB1;MCTP1;PLA2G4A;BCAS3;SYT17;WDPCP;PIK3C2B;PSD2;CYTH3;SNX32;MAPKAP1;STAM2;KCNJ3;PHLDA3;IQGAP2;SNX19;ESYT3;RUBCN;EXOC8;VPS36"
"GOMF_PHOSPHOLIPID_SCRAMBLASE_ACTIVITY",0.277332836654871,1,-0.503430505144578,-1.12970674398849,1488,24,"PLSCR2;ANO3;XKR4;TMEM63C;ANO4;PLSCR4"
"GOMF_PHOSPHOLIPID_TRANSFER_ACTIVITY",0.999777580071174,1,0.189846863618415,0.469990342673326,4494,35,"PITPNM2;PLEKHA8P1;OSBPL5;PITPNA;C2CD2L;CPTP;PITPNM3;PRELID3A;OSBPL10;CERT1;PRELID2;ABCA3;PLTP;VAT1;GLTP;SCP2;PITPNM1"
"GOMF_PHOSPHOLIPID_TRANSPORTER_ACTIVITY",0.99535216303182,1,-0.24066962758544,-0.663076131370816,5567,80,"PLSCR2;ANO3;ATP8B1;XKR4;ABCA4;TMEM63C;MTTP;GLTPD2"
"GOMF_PHOSPHOPROTEIN_BINDING",1,1,-0.201826280859334,-0.567880032655698,5705,93,"SAG;GRAP2;PITX2;DPYS"
"GOMF_PHOSPHOPROTEIN_PHOSPHATASE_ACTIVITY",1,1,-0.12521193418689,-0.37581090993042,5830,162,"PTPRH;MYH6;DUSP8;PPP1R3E;DUSP19;EYA2;PTPRE;PTPN20;PTPRB;PPM1L;PPP3CC;SSH2;PTPDC1;ACP3;DUSP10;DUSP4;PPP1R3D;DUSP1;CTDSPL;PTPN14;HACD2;PDP1;DUSP6;DLG1;RPAP2;DUSP9;PHPT1;PTPRT;PTPRG;DUSP7;UBLCP1;DUSP14;PDP2;MTMR7;PPM1A;PTPRN2;PTPRZ1;CPPED1;PPM1H;MTMR4;PTPN1;PPM1N;PTPRC;DUSP23"
"GOMF_PHOSPHORIC_DIESTER_HYDROLASE_ACTIVITY",0.994815874150876,1,-0.244582234266886,-0.673855871747436,5564,80,"PLCD4;PDE6C;CHRM5;ENPP3;PDE6A;PDE4D;SMPD3;PDE11A;BDKRB2;ENPP2;PLCH2;PDE1C;PDE1B;PDE4B;MPPED1;PLCG2;PDE8B;CHRM3;PDE8A;APEX2;PDE5A"
"GOMF_PHOSPHORIC_ESTER_HYDROLASE_ACTIVITY",1,1,-0.173484341983973,-0.556292233128615,6107,339,"PLCD4;FBP2;TPTE2;PDE6C;CHRM5;PTPRH;MYH6;ENPP3;SGPP2;PDE6A;PDE4D;SMPD3;SYNJ1;PDE11A;BDKRB2;DUSP8;ENPP2;PLPPR1;PON3;CA3;PPP1R3E;PLCH2;DUSP19;MTMR8;EYA2;INPP1;PDE1C;PTPRE;TIGAR;PTPN20;LPIN2;PTPRB;PDE1B;PDE4B;NT5DC3;PFKFB3;PPM1L;ACP7;PPP3CC;PUDP;INPP4B;MPPED1;SSH2;PLCG2;PTPDC1;PDE8B;ACP3;CHRM3;PDE8A;DUSP10;DUSP4;LPIN1;PPP1R3D;APEX2;PDE5A;INPP5D;DUSP1;CTDSPL;NT5C2;PTPN14;HACD2;PDP1;DUSP6;DLG1;PLCB2;RPAP2;NT5C3A;DUSP9;PHPT1;INPP5K;PTPRT;PTPRG;ENPP1;PLPP2;PLCB3;DUSP7;PLCXD1;NT5DC1;INPPL1;UBLCP1;DUSP14;PDP2;PIP4P2;MTMR7;PPM1A;PTPRN2;PTPRZ1;ADPRM;NANP;PLD3;PLPPR2;MPPE1;IMPA1;NT5C3B;FAM83B;CPPED1;PPM1H;PLCH1"
"GOMF_PHOSPHORUS_OXYGEN_LYASE_ACTIVITY",0.697059367486591,1,-0.375814477538129,-0.856789893246248,3768,26,"ADCY10;GUCY2F"
"GOMF_PHOSPHORYLATION_DEPENDENT_PROTEIN_BINDING",0.761886576284132,1,-0.42451740863114,-0.786717208645513,3989,10,"SOCS2;PLCG2;NBN;ANK2;TOPBP1"
"GOMF_PHOSPHOSERINE_RESIDUE_BINDING",0.997517662784037,1,-0.20310321283382,-0.376391614145545,5223,10,"NEDD4"
"GOMF_PHOSPHOTRANSFERASE_ACTIVITY_FOR_OTHER_SUBSTITUTED_PHOSPHATE_GROUPS",0.751946366782007,1,0.365121247586298,0.815125686386444,3476,21,"SGMS2;FKTN;PIGF;PTDSS2;PGS1;CEPT1;CRLS1;PIGN;PIGO;DPAGT1;PIGG"
"GOMF_PHOSPHOTRANSFERASE_ACTIVITY_NITROGENOUS_GROUP_AS_ACCEPTOR",0.160049885678653,1,0.724994818571649,1.29912124344404,769,8,"CKM;CKB;CKMT2"
"GOMF_PHOSPHOTRANSFERASE_ACTIVITY_PHOSPHATE_GROUP_AS_ACCEPTOR",0.98173719376392,1,0.26358136267208,0.664652183087909,4407,39,"AK8;NME9;NME5;CMPK2;AK7;CASK;NME6;TJP2;NME3;AK9"
"GOMF_PHOSPHOTYROSINE_RESIDUE_BINDING",0.848834577958814,1,0.309191864015391,0.801230760317784,3750,46,"ZAP70;GRAP;HCK;SHD;SLA;PIK3R3;CBLB;SHC3;PTPN3;SH3BP2;PTPN6"
"GOMF_PHOTORECEPTOR_ACTIVITY",0.188210364091697,1,-0.716658822698229,-1.26520338013757,976,8,"RRH;GNAT2"
"GOMF_PIRNA_BINDING",0.627830462550803,1,-0.524938768181268,-0.897131960672169,3243,7,"PIWIL1;PIWIL3;TEX19"
"GOMF_PLATELET_DERIVED_GROWTH_FACTOR_BINDING",0.222947368421053,1,0.638607498762916,1.22075287063111,1058,11,"COL3A1;PDGFRA;COL1A1;COL6A1;COL2A1;PDGFB;PDGFRB"
"GOMF_PLATELET_DERIVED_GROWTH_FACTOR_RECEPTOR_BINDING",0.893141341417203,1,-0.346288240259443,-0.691597924967174,4713,14,"ITGB3;PDGFD;ERN1"
"GOMF_PLUS_END_DIRECTED_MICROTUBULE_MOTOR_ACTIVITY",0.97385252069225,1,-0.282744918233226,-0.603569712318973,5176,19,"KIF21A;KIF16B;KIF14;KIFC2;KIF1A;KIF19;KIF3B;KIF20B;KIF1C;KIF18B;KIF5B;KIF11;KIF5A;KIF1B;KIF5C;KIF15;KIF3A;KIF18A;KIF17"
"GOMF_POLY_A_BINDING",0.974342248314851,1,0.272788523937156,0.632087055250894,4480,25,"PABPC3;PABPC1;RBMS2;TIA1;RBMS1"
"GOMF_POLY_A_RNA_POLYMERASE_ACTIVITY",0.0497352496217852,1,-0.754135369484489,-1.45936064637002,262,12,"PAPOLB;TENT5D"
"GOMF_POLY_A_SPECIFIC_RIBONUCLEASE_ACTIVITY",0.724242424242424,1,-0.416470893577983,-0.819674676978595,3823,13,"PNLDC1"
"GOMF_POLY_ADP_D_RIBOSE_BINDING",0.876732161323681,1,0.386801099908341,0.672517789303637,4238,7,"MARCHF6-DT;PARP2;APLF;HPF1"
"GOMF_POLY_ADP_D_RIBOSE_MODIFICATION_DEPENDENT_PROTEIN_BINDING",0.952139525451227,1,0.321963090053231,0.521702827000836,4694,5,"CGAS;PARP2"
"GOMF_POLY_G_BINDING",0.584286011224278,1,0.514955291455256,0.922750537543777,2810,8,"ATXN1;DAZAP1;FMR1;MCRS1;HNRNPDL;HNRNPU;PNPT1;PATL1"
"GOMF_POLY_PURINE_TRACT_BINDING",0.951396525181438,1,0.289331653489501,0.70046595749159,4325,31,"PABPC3;ATXN1;PABPC1;RBMS2;TIA1;RBMS1"
"GOMF_POLY_PYRIMIDINE_TRACT_BINDING",0.959545156352504,1,0.283695096740583,0.683179841058099,4387,30,"PABPC3;ATXN1;IFIT5;MSI1;PABPC1;RBMS2;MSI2;RBMS1"
"GOMF_POLYAMINE_TRANSMEMBRANE_TRANSPORTER_ACTIVITY",0.759329779131759,1,-0.417001778962891,-0.79019729720146,3987,11,"ATP13A4;SLC22A1"
"GOMF_POLYOL_TRANSMEMBRANE_TRANSPORTER_ACTIVITY",0.675014448083221,1,-0.484507972629706,-0.855359768497302,3503,8,"AQP2;AQP3;AQP11"
"GOMF_POLYPEPTIDE_CONFORMATION_OR_ASSEMBLY_ISOMERASE_ACTIVITY",0.65315739868049,1,0.310278618740048,0.924417584786064,2771,118,"DNAH8;MYL1;DNAH12;DNAH6;DYNLRB2;MYH8;MYH7"
"GOMF_POLYPEPTIDE_N_ACETYLGALACTOSAMINYLTRANSFERASE_ACTIVITY",0.775771256583898,1,-0.372891547287636,-0.796003851559679,4123,19,"GALNT5"
"GOMF_POLYSACCHARIDE_BINDING",0.734299516908213,1,-0.371899536796726,-0.828230398429869,3951,23,"CLEC7A;PRG4;HLA-DRA;ENPP2;PTX3;PPP1R3E"
"GOMF_POLYUBIQUITIN_MODIFICATION_DEPENDENT_PROTEIN_BINDING",0.225437415881561,1,0.420712024761719,1.12877882370814,1004,56,"UBQLNL;TNIP3;AFG2B;PARP10"
"GOMF_PORE_FORMING_ACTIVITY",0.940020263424519,1,0.361005040476554,0.537643652866981,4638,3,"PRF1;MMD"
"GOMF_PORIN_ACTIVITY",0.782778864970646,1,-0.463471453122016,-0.766925172790695,3999,6,"VDAC3;TOMM40;TOMM40L;VDAC1;BAK1;VDAC2"
"GOMF_POSTSYNAPTIC_NEUROTRANSMITTER_RECEPTOR_ACTIVITY",0.884229310729422,1,0.293654329383059,0.804274412146193,3963,63,"CHRM2;GABRB1;CHRNB3;CHRNG;GABRA2;GRIN2C;DRD4;GABRA1;GRIN3B;CHRM4;CHRNA1;CHRNA3;CHRM1;GRIN2B"
"GOMF_POTASSIUM_CHANNEL_ACTIVATOR_ACTIVITY",0.107493739163938,1,-0.765832319571966,-1.35201522489181,557,8,"ABCC9"
"GOMF_POTASSIUM_CHANNEL_ACTIVITY",0.752439024390244,1,-0.307037099503918,-0.884716770495887,4318,113,"KCNJ5;KCNJ15;KCNE4;KCNIP4;ABCC9;KCNK2;KCNK9;KCNV1;SCN2B;KCNQ3;KCNA2;KCNJ8;GRIK1;KCNK17"
"GOMF_POTASSIUM_CHANNEL_INHIBITOR_ACTIVITY",0.299166350890489,1,-0.570507353975397,-1.1394025448057,1578,14,"KCNE4;CAV3;KCNK2"
"GOMF_POTASSIUM_CHANNEL_REGULATOR_ACTIVITY",0.26228323699422,1,-0.416044561050244,-1.10610954094924,1451,64,"C8orf44-SGK3;KCNE4;KCNIP4;CAV3;ABCC9;KCNK2;KCNV1"
"GOMF_POTASSIUM_CHLORIDE_SYMPORTER_ACTIVITY",0.995610367892977,1,0.221410830100007,0.406656369271626,4762,9,"SLC12A3;SLC12A5;SLC12A2;SLC12A8"
"GOMF_POTASSIUM_ION_BINDING",0.474092284417549,1,-0.516266021177994,-0.999049169223048,2506,12,"ATP4A;CPS1;ADPRH"
"GOMF_POTASSIUM_ION_LEAK_CHANNEL_ACTIVITY",0.904953429297206,1,0.336932735275164,0.685777509075942,4274,14,"KCNK7;KCNK15;KCNK10;KCNK3;KCNK12;KCNK4"
"GOMF_POTASSIUM_ION_TRANSMEMBRANE_TRANSPORTER_ACTIVITY",0.903925619834711,1,-0.280262364534777,-0.834376419450562,5249,148,"KCNJ5;KCNJ15;KCNE4;KCNIP4;ABCC9;ATP4B;SLC24A5;KCNK2;KCNK9;KCNV1;SCN2B;ATP1A4;KCNQ3;KCNA2;KCNJ8;GRIK1;KCNK17"
"GOMF_POTASSIUM_PROTON_ANTIPORTER_ACTIVITY",0.0878864887759424,1,0.696440442887479,1.38736312423528,414,13,"SLC9C1;SLC9A4;SLC9A2;SLC9A3;SLC9A5;SLC9A1;TMCO3"
"GOMF_POU_DOMAIN_BINDING",0.0528140293637847,1,0.891069802203239,1.39277682960831,258,4,"POU2AF1;NFKBIZ"
"GOMF_PRE_MIRNA_BINDING",0.807274247491639,1,0.406462455121839,0.746533248488433,3861,9,"XPO5;LIN28A;DICER1;RAN;TRUB1;DHX36;BCDIN3D;TARBP2;PRKRA"
"GOMF_PRE_MRNA_3_SPLICE_SITE_BINDING",0.341310079091462,1,0.713459188968008,1.15607561032165,1682,5,"U2AF1L4;U2AF1;ZRSR2"
"GOMF_PRE_MRNA_5_SPLICE_SITE_BINDING",0.274126702190645,1,-0.815354199709651,-1.21113745896636,1388,3,"WEE2-AS1"
"GOMF_PRE_MRNA_BINDING",1,1,0.191590371515394,0.484875118913309,4466,40,"RBM24;U2AF1L4;U2AF1;RBM20;ZRSR2;SOX9;CELF2;SF3B1;RBM22;HNRNPA1;RBPMS"
"GOMF_PRE_MRNA_INTRONIC_BINDING",0.991287878787879,1,-0.237654447137125,-0.467738166564512,5233,13,"ELAVL4;RBM41"
"GOMF_PRENYL_DIPHOSPHATE_SYNTHASE_ACTIVITY",0.688213663634604,1,-0.4955435685782,-0.846894914653225,3555,7,"PDSS1;FDPS;PDSS2;GGPS1;COX10"
"GOMF_PRENYLTRANSFERASE_ACTIVITY",0.746563735643005,1,-0.386197905086735,-0.806306827283041,3964,17,"UBIAD1;PGGT1B;RABGGTA;PDSS1;FDPS;PDSS2;GGPS1;COQ2;CHM;COX10"
"GOMF_PRERIBOSOME_BINDING",0.978382872583662,1,0.269296872016194,0.482554189723074,4706,8,"AFG2B;TMA16;NVL;ZNF622;GTPBP4;CINP;AFG2A;ZNF593"
"GOMF_PRIMARY_ACTIVE_TRANSMEMBRANE_TRANSPORTER_ACTIVITY",0.464653397391901,1,-0.330938164579832,-0.992214175123518,2707,160,"ATP13A4;ABCA12;ABCB5;ABCA10;ABCC9;ATP4B;ATP6V0D2;ABCA8"
"GOMF_PRIMARY_METHYLAMINE_OXIDASE_ACTIVITY",0.433442496628781,1,-0.594875608817204,-1.05020493322503,2249,8,"DDO;AOC3;VCAM1;MAOA"
"GOMF_PRIMARY_MIRNA_BINDING",0.845944816053512,1,0.387212588801467,0.711177793006553,4046,9,"PUS10;SRF;DDX5;SMAD1;DROSHA;EZH2;SRSF3;STAT3;DGCR8"
"GOMF_PROCOLLAGEN_PROLINE_4_DIOXYGENASE_ACTIVITY",0.689804772234273,1,-0.528955549870813,-0.849919894454759,3497,5,"P4HA3"
"GOMF_PROCOLLAGEN_PROLINE_DIOXYGENASE_ACTIVITY",0.770564438451166,1,-0.44252456320843,-0.781241443532698,3999,8,"P4HA3"
"GOMF_PROFILIN_BINDING",0.967538667175864,1,-0.291738283488026,-0.540650450074139,5066,10,"WIPF1;CTTN;DBN1;HTT;PCLO;VASP;RHOQ;ENAH;EVL;ACTG1"
"GOMF_PROLINE_RICH_REGION_BINDING",0.99872040946897,1,0.181471525354047,0.392350985179388,4682,18,"GAREM1;GIGYF2;ABL1;BAIAP2;YAP1;APBB1;ITSN1"
"GOMF_PROLINE_SODIUM_SYMPORTER_ACTIVITY",0.0639466457434288,1,-0.88574038558988,-1.37589253686725,325,4,"SLC6A20"
"GOMF_PROMOTER_ENHANCER_LOOP_ANCHORING_ACTIVITY",0.830325617889368,1,-0.448094565243893,-0.696061710812989,4232,4,"AHDC1"
"GOMF_PROMOTER_SPECIFIC_CHROMATIN_BINDING",0.867494356659142,1,0.293445990386896,0.818714369913416,3842,72,"LHX3;PDX1;SOX10;ISL1;HNF1B;FOXC1;STAT5A;KLF4;POU4F2;SIRT1;MECP2;IRF3;FOS"
"GOMF_PROSTAGLANDIN_E_RECEPTOR_ACTIVITY",0.412695193672683,1,0.676009344583757,1.09539259947474,2034,5,"PTGER1;PTGER4"
"GOMF_PROSTANOID_RECEPTOR_ACTIVITY",0.926526315789474,1,0.336424735535592,0.643104665153415,4400,11,"PTGER1;PTGDR"
"GOMF_PROTEASE_BINDING",1,1,-0.179398371370973,-0.521846635763644,5745,122,"F2RL3;SELL;ACR;SERPINB4;NTRK2;ITGB3;SERPINB3;BDKRB2;SERPINF2;NLRC4;SLC6A3;NOL3;TNFRSF10A;ITGA3;PRKN;MARCHF6;TRIP4;PANX1;BCL2;CST3;DPP4;SERPINA5;TTN"
"GOMF_PROTEASOME_ACTIVATING_ACTIVITY",0.642074363992172,1,-0.539825931890102,-0.893272052254577,3280,6,"PSMC4;PSMC3;PSMC2"
"GOMF_PROTEASOME_BINDING",0.609298357858818,1,0.413441332671073,0.893881912718255,2856,18,"UBD;WFS1;PSMF1;ZFAND1;RAD23A;USP13;PSMG1;UBAC1;ECPAS;PSME4;ADRM1;SACS;USP14;BAG6;PSMD14;RAD23B;UCHL5;DNAJB2"
"GOMF_PROTEIN_ANTIGEN_BINDING",0.473422957600827,1,0.587349698289761,1.02120475028533,2288,7,"KLRD1;PLG;SIRPA"
"GOMF_PROTEIN_ARGININE_DEIMINASE_ACTIVITY",0.768760195758564,1,0.492803742950599,0.770271456881102,3769,4,"PADI4;PADI3"
"GOMF_PROTEIN_ARGININE_N_METHYLTRANSFERASE_ACTIVITY",0.802715316079762,1,0.390521728850964,0.761101763693067,3783,12,"PRMT8;PRMT5;CARM1;PRMT9;NDUFAF7"
"GOMF_PROTEIN_ARGININE_OMEGA_N_ASYMMETRIC_METHYLTRANSFERASE_ACTIVITY",0.658117890382627,1,0.495858134276155,0.862131509839677,3181,7,"PRMT8;CARM1"
"GOMF_PROTEIN_ARGININE_OMEGA_N_MONOMETHYLTRANSFERASE_ACTIVITY",0.525248428310688,1,0.613721721173408,0.994462927023872,2589,5,"PRMT8;PRMT1"
"GOMF_PROTEIN_BINDING_INVOLVED_IN_HETEROTYPIC_CELL_CELL_ADHESION",0.970301230377599,1,0.285416765372247,0.556258941471833,4573,12,"GLDN;NRCAM;SIRPA"
"GOMF_PROTEIN_CARBOXYL_O_METHYLTRANSFERASE_ACTIVITY",0.937244480784955,1,0.327783081917128,0.552247666454294,4584,6,"PCMTD2;PCMT1;PCMTD1;ARMT1;ICMT;LCMT1"
"GOMF_PROTEIN_CARRIER_CHAPERONE",0.999550763701707,1,0.196451107116907,0.502404223475435,4449,42,"PRDM12;IPO9;CLU;HIRIP3;WFS1;MMGT1;NAP1L1;PDCD2;PEX19;PTMA;DUSP16;EMC2;GET4;EMC9;TIMM9;OXA1L;APLF;MTCH1"
"GOMF_PROTEIN_CONTAINING_COMPLEX_BINDING",1,1,-0.161141028824763,-0.555805130193997,7172,1207,"CD22;MYO1H;KASH5;IL12B;FCGR3A;SAG;CAV3;HTR2A;ABCC9;PIWIL1;FSCN3;CD8A;FCGR1A;SLC34A1;MSR1;CDC20B;MR1;FCGR2C;LIPC;CD3E;STAB2;GUCY2F;CTNNA3;JAML;MYH6;DMTN;GAS2L2;H3C15;CDH5;MYH15;GNAT2;PITX2;GNA15;ITGAL;H3-5;RBP4;H3C2;NCKAP1L;MLC1;EHBP1L1;HLA-DQA1;MYH2;ITGB3;H3C7;FBN1;DRD1;DISC1;TSSK2;CASR;TNC;HLA-DRA;TSHR;GP6;HLA-DMB;CIITA;ERMN;GLRB;SPTBN4;ADRB2;LOX;CNTF;MTTP;SCIN;RC3H1;MYO1G;PDZK1;GRIA1;DDR2;CDH17;MYO7A;SNCA;PTX3;USH1C;HLA-DRB5;CPEB1;KATNIP;TGFBR3;VCAM1;CCN3;CCDC146;USH2A;ITGA4;CPS1;GABRR1;DNAAF1;SPTBN5;HLA-DOA;WHAMM;H3C13;SLC6A3;EGFR;H3C11;C4A;ISG15;AMBP;MAPK8IP2;GUCY2D;SLFN12L;ACHE;ITGB8"
"GOMF_PROTEIN_CONTAINING_COMPLEX_DESTABILIZING_ACTIVITY",0.49073482428115,1,0.473892504909419,0.980425124770613,2303,15,"KATNAL2;KATNAL1;NSF;NOTUM;HSPA1A;IQCA1;FIGNL2;HSPA1B;FIGNL1;HSPA8"
"GOMF_PROTEIN_CONTAINING_COMPLEX_STABILIZING_ACTIVITY",0.685127201565558,1,-0.516058812297117,-0.853943627218249,3500,6,"MAP7D2;TTI1;LIMA1;MAP4;TELO2;ATPAF1"
"GOMF_PROTEIN_CYSTEINE_S_ACYLTRANSFERASE_ACTIVITY",0.292056583242655,1,0.473775053952064,1.10690665966647,1341,26,"ZDHHC11B;ZDHHC2;ZDHHC14;ZDHHC1;ZDHHC13;ZDHHC11;ZDHHC19;ZDHHC24;ZDHHC8;ZDHHC7"
"GOMF_PROTEIN_CYSTEINE_S_STEAROYLTRANSFERASE_ACTIVITY",0.794002068252327,1,0.432948567086403,0.752752805739491,3838,7,"ZDHHC2;ZDHHC7;ZDHHC20"
"GOMF_PROTEIN_DEMETHYLASE_ACTIVITY",0.963696369636964,1,0.282288354609928,0.68694383989541,4379,32,"KDM7A;RSBN1;KDM1B;KDM2B;KDM3A;KDM4C;KDM4B;ALKBH4;KDM4D;KDM5B"
"GOMF_PROTEIN_DIMERIZATION_ACTIVITY",1,1,0.186948944611453,0.66425467702229,3074,1017,"CYBB;H4C6;PON1;SDS;ABCG8;NDP;INHBB;TFAP2B;H4C1;H2BW2;SLC26A5;GBP1;S100B;SOX6;GBP2;TYRP1;MYOM3;MEIOSIN;HHEX;TREX1;GRM6;PTGS2;ADRA1B;BHLHE41;NEUROG3;HAND1;H4C2;PGLYRP4;BORCS8-MEF2B;H2BC10;ABCG5;HNF1A;MGLL;HES4;PRMT8;HES5;NPC1L1;DSCAML1;H2AC13;ID4;H3-7;NR2F2;GREM1;GSTM1;MESP2;AGTR1;H2AC16;IRAK2;TBX1;NOG;H3C12;MECOM;POU3F3;CRYAB;MESP1;TREX2;NEUROD2;HSPB6;PDK2;MID2;FLRT3;C16orf89;TESC;ASCL2;H4C11;KYNU;H4C15;CYP2R1;H2AC4;APOA2;SLC4A1;SMIM1;HIP1R;KCNK3;CITED1;APOA1;SLC7A9;CER1;MIXL1;H3C10;BNIP3;BMP6;HNF1B;PLD6;H4C5;MTUS2;H2BC6;PHETA2;PDE2A;DGAT2;SLIT2;POLR2J3;ASCL1;CGAS;KCNK12;H2BC9;NAALADL1;PDGFRA;CEBPA;MEF2A"
"GOMF_PROTEIN_DISULFIDE_ISOMERASE_ACTIVITY",1,1,-0.158140525610137,-0.334027644566111,5312,18,"ITGB3"
"GOMF_PROTEIN_DISULFIDE_REDUCTASE_ACTIVITY",0.344533236469306,1,-0.441655277488292,-1.06792237004098,1896,35,"TXNDC2;STAB2"
"GOMF_PROTEIN_DISULFIDE_REDUCTASE_NAD_P_H_ACTIVITY",0.326561901111537,1,-0.626805366929947,-1.13548138800276,1703,9,"TXNDC2"
"GOMF_PROTEIN_DOMAIN_SPECIFIC_BINDING",1,1,0.176077479223836,0.608632278836215,3517,626,"GATA2;WNT1;WNT3A;PRRX1;PTTG3P;WT1;WBP2NL;CASP1;POU2AF1;CRX;TREX1;MYPN;DLX5;NLRP2;LEF1;ICA1L;NFE2;SCNN1B;POU3F3;SCNN1G;NLRP1;ATXN1;DRD4;ARHGAP6;CASP4;ISL1;TNNI3;HIP1R;CITED1;EPHA4;PAG1;SIGLEC10;FZD1;PDE2A;PLG;CEBPA;INSR;EPN3;DOCK4;DTX1;RAB27B;CAPN7;ITGB1BP2;ZXDA;ITPR1;SH3BGR;SNTG2;PPARA;ATP2B4;INPP5J;BHLHE40;KCNA1;UVRAG;XPA;AP2A2;MYB;DLC1;RUNX2;GABRR2;TAMALIN;U2AF1;NSF;HES1;SLC9A3;PAX6;CITED2;PLXNB3;SIRT1;ZNF653;SIRPA;ZNF521;IRF3;CABYR;NDE1;HSPA1A;LITAF;CAPG;NOXA1;MVB12A;TRADD;SNTA1;XRCC4;SH3BP2;CRIPT;SH2D2A;ELMO3;SPON1;MPP3;JAK2;MBD2;NOD1"
"GOMF_PROTEIN_FOLDING_CHAPERONE",0.384753042233357,1,-0.37762657049832,-1.03023623494107,2149,75,"ZMYND10;HSPA7;HSPA6;DNAJB7;HYPK;CALR3;WIPF1;HSPA4L;CLGN"
"GOMF_PROTEIN_FOLDING_CHAPERONE_BINDING",0.999479076228512,1,-0.233107507729417,-0.683108147122435,5755,129,"DNAJB13;ALB;PACRG;CYP1A1;TSACC;DNAJB7;LRP2;SNCA"
"GOMF_PROTEIN_GLUTAMIC_ACID_LIGASE_ACTIVITY",0.645266385588348,1,-0.483218210813918,-0.875367879204069,3366,9,"TTLL9;TTLL7;TTLL11"
"GOMF_PROTEIN_GLUTAMIC_ACID_LIGASE_ACTIVITY_ELONGATING",0.631506849315069,1,-0.545460593204355,-0.90259595682937,3226,6,"TTLL9;TTLL7;TTLL11"
"GOMF_PROTEIN_GLUTAMIC_ACID_LIGASE_ACTIVITY_INITIATING",0.941188399918881,1,0.332963343236608,0.539527426654618,4640,5,"TTLL6;TTLL5"
"GOMF_PROTEIN_GLUTAMINE_GAMMA_GLUTAMYLTRANSFERASE_ACTIVITY",0.312133072407045,1,-0.706261453839167,-1.16867971883138,1594,6,"TGM7;F13A1;TGM1;TGM3"
"GOMF_PROTEIN_HETERODIMERIZATION_ACTIVITY",1,1,0.19984453562206,0.658524829483211,3844,321,"CYBB;H4C6;ABCG8;TFAP2B;H4C1;H2BW2;ADRA1B;BHLHE41;H4C2;PGLYRP4;H2BC10;ABCG5;HNF1A;H2AC13;H3-7;AGTR1;H2AC16;IRAK2;H3C12;NEUROD2;H4C11;H4C15;H2AC4;APOA2;HIP1R;KCNK3;SLC7A9;H3C10;BMP6;H4C5;H2BC6;KCNK12;H2BC9;CEBPA;MEF2A;SOHLH2;ABCG4;H2AC6;BHLHE40;H2BC13;AHR;H2AC11;ROPN1B;GTF2A1;H2AJ;H2AB3;ABCG1;H2BC21;H2BC8;CLU;H2AC18;H2BC18;ATP1B2;ZNF396;H2BC5;H3C3;CAV2;USF2;ERBB3;PRMT5"
"GOMF_PROTEIN_HOMODIMERIZATION_ACTIVITY",1,1,0.201374067891574,0.698610592455418,3424,673,"PON1;SDS;NDP;INHBB;TFAP2B;SLC26A5;GBP1;S100B;SOX6;GBP2;TYRP1;MYOM3;HHEX;TREX1;GRM6;PTGS2;BHLHE41;HAND1;HNF1A;MGLL;PRMT8;NPC1L1;DSCAML1;NR2F2;GREM1;GSTM1;IRAK2;TBX1;NOG;MECOM;POU3F3;CRYAB;TREX2;HSPB6;PDK2;MID2;FLRT3;C16orf89;TESC;KYNU;CYP2R1;APOA2;SLC4A1;SMIM1;HIP1R;CITED1;APOA1;CER1;MIXL1;BNIP3;HNF1B;PLD6;MTUS2;PHETA2;PDE2A;DGAT2;SLIT2;CGAS;NAALADL1;PDGFRA;CEBPA;ANG;SOHLH2;ABCG4;TPD52;ZDHHC2"
"GOMF_PROTEIN_HORMONE_RECEPTOR_ACTIVITY",0.191170968948747,1,-0.567437226321552,-1.22367907048681,1021,20,"INSRR;GNRHR;PAX8;TSHR;FSHR"
"GOMF_PROTEIN_KINASE_A_BINDING",0.999457896638959,1,-0.204179201265736,-0.526768811998238,5530,52,"AKAP6;AKAP14;GRIA1;AKAP5;AKAP7;MYRIP;TDRD10;AKAP3;DACT2;SPHKAP;CSK;PKIA;GSK3B;PALM2AKAP2"
"GOMF_PROTEIN_KINASE_A_CATALYTIC_SUBUNIT_BINDING",0.976281236764083,1,0.279738711895485,0.557261108639517,4609,13,"SOX9;PRKAR2A;RYR2;GSK3A;EZR;PRKAR1A;SMO;PRKAR1B;PRKAR2B;KCNQ1;GSK3B;PKIA;CSK"
"GOMF_PROTEIN_KINASE_A_REGULATORY_SUBUNIT_BINDING",0.943031093716025,1,0.295701772877046,0.685180080718425,4336,25,"PRKACG;RYR2"
"GOMF_PROTEIN_KINASE_ACTIVITY",1,1,0.191782353611779,0.659093932928369,3562,571,"TNNI3K;PRKY;SPEGNB;ACVRL1;SRPK3;ANKK1;STKLD1;PRKACG;CDK15;ALK;ZAP70;SGK2;AVP;PHKG1;TGFBR3L;HCK;DCLK3;PNCK;IRAK2;FAM20A;ITK;PDK2;ALPK1;MAP4K1;SBK3;CDKL3;AATK;EPHA4;MAK;BTK;PKDCC;EFNA3;RET;HUNK;ALPK2;CDKL4;MYO3A;NEK10;FLT3;PDGFRA;LMTK3;CDK19;HJV;DCLK1;INSR;WNK4;ERN2;MOK;KSR1;PLK5;IRAK4;MOS;PGK1;STK3;FGFR3;MAPK11;ULK2;AKT3;CDK6;PRKCG;EPHA10;DCLK2;NPR2;CAMK1G;SGK3;FER;TLK2;EIF2AK3;PTK6;BMPR1B;WEE1;STK16;PRKG1;CDK17;BMPR2;ERBB3;EIF2AK4;VRK3;JAK3;CDK3;TGFBR1;TYK2;HIPK4;ADCK5;PKM;EPHB2;WNK3;ULK4;RPS6KA4;NTRK1;JAK2;PIM1;TESK2;GRK4;STK32B;DGKQ;PDK3;CDK8;DYRK4;TRIB1;SRPK2;CASK;MAP2K6;MAP3K6;EIF2AK1;FGFR1;CLK3;DAPK2;MYLK2;GRK6;EPHA7;ACVR1C;ROR2;TRIM24;MAPK10;PINK1;MAP4K2;EPHB6;NUAK2;BRSK1"
"GOMF_PROTEIN_KINASE_B_BINDING",0.934573578595318,1,0.323084561912764,0.593396424446876,4470,9,"PINK1;TRAF6;SRSF5;ARRB2;RARA;CCDC88A;PDE3B;APPL1;BCL10"
"GOMF_PROTEIN_KINASE_C_BINDING",0.746017540719528,1,-0.33504981037792,-0.852575645451675,4167,47,"CAVIN2;LDB3;AVPR1B;AVPR1A;ITGB3"
"GOMF_PROTEIN_LIPID_COMPLEX_BINDING",0.358239319400777,1,-0.46587419387404,-1.06210996300701,1936,26,"MSR1;LIPC;STAB2"
"GOMF_PROTEIN_LYSINE_6_OXIDASE_ACTIVITY",0.594754486294616,1,-0.585963275329835,-0.941519273678726,3015,5,"LOX;LOXL4;LOXL3"
"GOMF_PROTEIN_LYSINE_DEACETYLASE_ACTIVITY",0.964502164502165,1,0.286571384897585,0.651360525994341,4455,23,"HDAC5;SIRT1;HDAC10;SIRT4;SIRT2;SIRT7;HDAC11;HDAC8;MIER3;HDAC1;MTA2;HDAC3;SUDS3;HDAC2;MIER1;MIER2;HDAC4;SIRT3;SIRT6;HDAC6;HDAC7;SIRT5;HDAC9"
"GOMF_PROTEIN_MEMBRANE_ADAPTOR_ACTIVITY",0.999278499278499,1,-0.221610608443491,-0.578835114847434,5539,56,"AKAP6;ALG14;CRYZL2P-SEC16B;PDZK1P1;SPTBN4;PDZK1"
"GOMF_PROTEIN_METHYLTRANSFERASE_ACTIVITY",1,1,-0.164672042696295,-0.466218756580131,5737,97,"SMYD1;METTL21EP;EEF1AKMT1;PRDM6;ATPSCKMT;FAM86B1;SMYD2;MGMT;FBLL1;ETFBKMT;KMT2A;HEMK2;SETD7;KMT2D;PRDM7;EEF2KMT;NTMT1;KMT2B;PRMT7;NSD1;SETMAR;PRMT3;FBXO11;SETDB1;METTL18;LCMT1;SMYD5;METTL23"
"GOMF_PROTEIN_N_ACYLTRANSFERASE_ACTIVITY",0.999548838258516,1,0.199594537734766,0.521920340272332,4430,48,"KAT2B;KAT5;NAT9;ING4;MEAF6;NAA30;TAF10;GTF2B;ABHD14B;KAT14;BLOC1S1;NAA20;KAT8;NAA10;KAT6A;ATF2;KAT6B;TAF1;ING3;NAA50;EP300;JADE2;NAA60;ESCO1;ATAT1;ARRB1;NAA40;BRPF1;BRD1;NCOA3;CREBBP;BRPF3;KAT7;JADE1;USP22;TAF9;GTF3C4;PHF10;TADA2A;CLOCK;KAT2A;MCM3AP;BRCA2;HAT1;BAZ1A;NCOA1;NAA80;ESCO2"
"GOMF_PROTEIN_N_TERMINAL_AMINO_ACID_ACETYLTRANSFERASE_ACTIVITY",0.970525910229243,1,-0.283619142191498,-0.500706732418895,5037,8,"NAA80;NAA40;NAA60;NAA50;NAA10;NAA20;NAA30;NAT9"
"GOMF_PROTEIN_PHOSPHATASE_1_BINDING",0.995670995670996,1,0.227161729016828,0.516325743238686,4599,23,"PPP1R3G;FER"
"GOMF_PROTEIN_PHOSPHATASE_2A_BINDING",0.999815939628198,1,-0.164621794136758,-0.381271450229006,5431,28,"ADCY8;SLC6A3;BCL2;SMG5;CTTNBP2NL;PTPN1;TP53;DAB2IP;ENSA;PABIR1;ANKLE2;GRIN3A;ARPP19;STRN4;PPP2R2A;PPME1;PTPA;GNA12;MASTL;SMG7;MFHAS1;MAPT;STRN;FOXO1;BOD1;IGBP1;STRN3;SPHK1"
"GOMF_PROTEIN_PHOSPHATASE_2B_BINDING",0.953164311979872,1,-0.318336197550808,-0.544043599696683,4924,7,"AKAP5;NFATC1"
"GOMF_PROTEIN_PHOSPHATASE_ACTIVATOR_ACTIVITY",0.112783351913787,1,-0.590472930315014,-1.31499929940532,606,23,"CD33"
"GOMF_PROTEIN_PHOSPHATASE_BINDING",1,1,-0.218883784473369,-0.645809021097446,5750,138,"CD22;CD33;SKAP1;CDH5;CEACAM1;FLT4;ADCY8;PPP1R3E;AKAP5;NFATC1;SLC6A3;EGFR"
"GOMF_PROTEIN_PHOSPHORYLATED_AMINO_ACID_BINDING",0.942613763730105,1,0.279558221991682,0.755280965577291,4204,58,"ZAP70;GRAP;HCK;SHD;SLA;PIK3R3;SFN;CBLB;SHC3;PTPN3;SH3BP2;PTPN6"
"GOMF_PROTEIN_PRENYLTRANSFERASE_ACTIVITY",0.96961486355719,1,-0.292697830736328,-0.500227063973102,5009,7,"PGGT1B;RABGGTA;CHM;RABGGTB;FNTB;PTAR1;FNTA"
"GOMF_PROTEIN_RNA_ADAPTOR_ACTIVITY",0.997799779977998,1,0.225098646629746,0.547773672366927,4534,32,"ELAVL3;IGF2BP3;ZFP36L2;ZNF598;SH3BGRL;TIA1;LIN28A"
"GOMF_PROTEIN_SEQUESTERING_ACTIVITY",1,1,-0.197449873515848,-0.517033667744502,5537,57,"SPI1;PLIN1;SNCA;NCK1;INHBA;DZIP1;TMC8;PMEPA1;SESN2;MDFI"
"GOMF_PROTEIN_SERINE_KINASE_ACTIVITY",1,1,0.228472450441616,0.760744856357352,3854,357,"TNNI3K;PRKY;SRPK3;ANKK1;PRKACG;CDK15;SGK2;PHKG1;DCLK3;PNCK;ALPK1;MAP4K1;SBK3;CDKL3;AATK;MAK;HUNK;ALPK2;CDKL4;MYO3A;NEK10;LMTK3;CDK19;DCLK1;WNK4;ERN2;MOK;KSR1;IRAK4;MOS;PGK1;STK3;MAPK11;ULK2;AKT3;CDK6;PRKCG;DCLK2;CAMK1G;SGK3;TLK2;EIF2AK3;STK16;PRKG1;CDK17;EIF2AK4;CDK3;HIPK4;WNK3;ULK4;RPS6KA4;PIM1;TESK2;STK32B;CDK8;DYRK4;SRPK2;CASK;MAP2K6;MAP3K6;EIF2AK1;CLK3;DAPK2;MAPK10;PINK1;MAP4K2;NUAK2;BRSK1;PRKD1;RIPK4;ATR;SIK2;RIOK3;NEK11;MAP3K13"
"GOMF_PROTEIN_SERINE_THREONINE_KINASE_ACTIVATOR_ACTIVITY",0.921302578018996,1,0.282233997211723,0.789382045570579,4073,73,"LTF;TCL1A;CDK5R2;FAM20A;TAB1;STK3;TCL1B;CAB39L;CCNY;TGFB1;PARP16;DELE1"
"GOMF_PROTEIN_SERINE_THREONINE_KINASE_ACTIVITY",1,1,0.212409841866258,0.717166063936263,3725,438,"TNNI3K;PRKY;ACVRL1;SRPK3;ANKK1;STKLD1;PRKACG;CDK15;SGK2;PHKG1;TGFBR3L;DCLK3;PNCK;FAM20A;PDK2;ALPK1;MAP4K1;SBK3;CDKL3;AATK;MAK;HUNK;ALPK2;CDKL4;MYO3A;NEK10;LMTK3;CDK19;HJV;DCLK1;WNK4;ERN2;MOK;KSR1;IRAK4;MOS;PGK1;STK3;MAPK11;ULK2;AKT3;CDK6;PRKCG;DCLK2;CAMK1G;SGK3;TLK2;EIF2AK3;BMPR1B;STK16;PRKG1;CDK17;BMPR2;EIF2AK4;VRK3;CDK3;TGFBR1;HIPK4;ADCK5;PKM;WNK3;ULK4;RPS6KA4;PIM1;TESK2;GRK4;STK32B;DGKQ;PDK3;CDK8;DYRK4;SRPK2;CASK;MAP2K6;MAP3K6;EIF2AK1;CLK3;DAPK2;MYLK2;GRK6;ACVR1C;MAPK10;PINK1;MAP4K2;NUAK2;BRSK1;PRKD1;RIPK4;ATR;SIK2;RIOK3;NEK11;MAP3K13"
"GOMF_PROTEIN_SERINE_THREONINE_KINASE_BINDING",0.583317921213242,1,-0.405015974506945,-0.923364091330471,3153,26,"STING1;IRF5;PRKCH;SLC12A4;NAIP;CCDC102B;XIAP;RIPK3"
"GOMF_PROTEIN_SERINE_THREONINE_KINASE_INHIBITOR_ACTIVITY",0.662119856887299,1,0.336729905713205,0.89828294958347,2960,54,"CDKN2B;PYDC1;DEPTOR;KAT2B;SFN;PPP1R1B;INCA1;CIB1;CDKN2A;CDKN1C;PRKAR2A"
"GOMF_PROTEIN_SERINE_THREONINE_PHOSPHATASE_ACTIVITY",0.999767225325885,1,0.212740558130995,0.613588790487444,4294,93,"CDC14C;MYH8;PPEF1;DUSP13B;DUSP15;TAB1;EYA1;CTDSP1"
"GOMF_PROTEIN_SERINE_THREONINE_PHOSPHATASE_INHIBITOR_ACTIVITY",0.877857747671465,1,0.348820171227266,0.709972653575257,4146,14,"PABIR3;MYOZ1;PPP1R8;TPRN;PPP1R14A;PABIR2"
"GOMF_PROTEIN_SERINE_THREONINE_TYROSINE_KINASE_ACTIVITY",0.993003836605732,1,0.24246596297996,0.621965610875173,4399,43,"PRKCG;TESK2;DYRK4;MAP2K6;CLK3;MAPK10;DYRK1B;SGK1;AURKB;MAPK14;DSTYK;TTK;RPS6KA1;AURKA;RPS6KA2;AURKC;PBK;MAP2K4;MAP2K5;AKT1;DYRK1A;MAP2K2;ACVR2B;MAP3K9;MAPKAPK5;BRAF;MAP2K1;CLK2;MAP2K7;DYRK2;PRKACA;DYRK3;MAPKAPK3;CLK1;RPS6KB1;MAPK9;TNK2;SBK2;CLK4;PRKAA2;MAP2K3;PAK3;TESK1"
"GOMF_PROTEIN_TRANSPORTER_ACTIVITY",0.98939291356353,1,0.248786597080876,0.638179090909148,4383,43,"AZGP1;ABCA1;SEC61A2;RHBDF2;TOMM20;AP4M1;PEX6;GGA3;PEX12;ATP13A1;LMBRD1;M6PR;TOMM7;GIT1"
"GOMF_PROTEIN_TYROSINE_KINASE_ACTIVATOR_ACTIVITY",0.993767186067828,1,-0.240848142806735,-0.568559712548634,5420,31,"HTR2A;AREG;LTK"
"GOMF_PROTEIN_TYROSINE_KINASE_ACTIVITY",1,1,-0.200834491876937,-0.592819621193319,5745,139,"INSRR;WEE2;ERBB4;TIE1;LTK;NTRK2;TXK;EPHA5;MERTK;DDR2;FLT4;EPHA6;EGFR;SYK;PTK2B;EPHA2;FRK;FGR;MST1R;TEK;STYK1;TTBK1"
"GOMF_PROTEIN_TYROSINE_KINASE_BINDING",1,1,-0.200134959368135,-0.574024824516857,5726,108,"GRAPL;CEACAM7;CDH5;SHC4;MST1L"
"GOMF_PROTEIN_TYROSINE_KINASE_INHIBITOR_ACTIVITY",0.983710233806056,1,-0.258912421696928,-0.469029544848233,5132,9,"PTPRB;CAV1;PTPRC;HYAL2;DUSP3"
"GOMF_PROTEIN_TYROSINE_PHOSPHATASE_ACTIVATOR_ACTIVITY",0.0354959574048511,1,-0.885225480713098,-1.42237045687505,179,5,"CD33"
"GOMF_PROTEIN_TYROSINE_PHOSPHATASE_ACTIVITY",1,1,-0.144220889850516,-0.404763503224615,5692,91,"PTPRH;DUSP8;DUSP19;EYA2;PTPRE;PTPN20;PTPRB;SSH2;PTPDC1;ACP3;DUSP10;DUSP4;DUSP1;PTPN14;HACD2;DUSP6;DUSP9;PTPRT;PTPRG;DUSP7;DUSP14;MTMR7;PTPRN2;PTPRZ1"
"GOMF_PROTEIN_TYROSINE_SERINE_THREONINE_PHOSPHATASE_ACTIVITY",0.998704423468443,1,-0.206779890299604,-0.467972782362815,5395,25,"DUSP8;DUSP19;DUSP10;DUSP4;DUSP1;DUSP6;DUSP9;DUSP7;DUSP14"
"GOMF_PROTEIN_TYROSINE_THREONINE_PHOSPHATASE_ACTIVITY",0.396070121363899,1,-0.614172057911516,-1.08427125857474,2055,8,"DUSP8;DUSP10;DUSP4;DUSP6;DUSP9;DUSP7"
"GOMF_PROTEINASE_ACTIVATED_RECEPTOR_ACTIVITY",0.655647941593997,1,0.540210603811254,0.8753469198521,3232,5,"F2RL2;F2RL1"
"GOMF_PROTEOGLYCAN_BINDING",0.321476211649622,1,0.433524091565947,1.07870209953713,1445,36,"ZG16B;CTSS;COMP;AZU1;HRG;SLIT2;GPNMB;FST;SLIT1"
"GOMF_PROTEOGLYCAN_SULFOTRANSFERASE_ACTIVITY",0.239220836069162,1,0.485296760539532,1.15199821923054,1092,28,"HS3ST1;HS6ST3;CHST5;HS3ST6"
"GOMF_PROTON_CHANNEL_ACTIVITY",0.0155406863803151,1,0.693771430647056,1.59245434291194,71,24,"CYBB;NOX5"
"GOMF_PROTON_TRANSMEMBRANE_TRANSPORTER_ACTIVITY",0.935530780416869,1,0.269827720893225,0.842463286387033,3859,177,"CYBB;SLC9C1;COX7A1;NOX5;SLC9A4;SLC18A1;ATP6V1B1;SLC16A3"
"GOMF_PROTON_TRANSPORTING_ATP_SYNTHASE_ACTIVITY_ROTATIONAL_MECHANISM",0.881576144834931,1,0.34432304400978,0.712361896184057,4138,15,"ATP5PO;ATP5PD;ATP5F1E;ATP5MF;ATP5F1A;ATP5F1C;ATP5F1B;MT-ATP8;ATP5PB;ATP6V0C;ATP5MG;MT-ATP6;ATP5F1D;ATP5ME;ATP5PF"
"GOMF_PSEUDOURIDINE_SYNTHASE_ACTIVITY",0.967424242424242,1,-0.294713117885247,-0.580037845210692,5107,13,"TRUB2;PUS1;PUS7;PUS3;RPUSD4;TRUB1;RPUSD3;DKC1;PUSL1;PUS10;RPUSD2;PUS7L;RPUSD1"
"GOMF_PURINE_NUCLEOTIDE_BINDING",1,1,-0.142460516895986,-0.498926875572618,7636,1877,"ADCY10;ACOT12;C8orf44-SGK3;DDX4;MYO1H;ATP13A4;ABCA12;FMO2;ARL5C;ABCB5;PAPOLB;PDE6C;NOX1;ABCA10;GBP3;ABCC9;INSRR;TTLL9;POPDC2;KIF4B;ABCA8;PIK3C2G;IRGM;FMO1;GRK7;ADH4;GUCY2F;MYH6;GVINP1;TUBB1;GBP6;WEE2;ERBB4;HSPA7;MYH15;ACSM1;TUBB8B;GNAT2;GNA15;TUBA8;TIE1;HKDC1;RAB36;CPLANE2;ATP1A4;TUBA4B;RRAD;HSPA6;ALDH1A1;DNM3;LTK;OAS1;PRKG2;MYLK4;RAB6C;KSR2;PDE4D;MYH2;MRAS;ATP8B1;NTRK2;NLRP14;DNAH9;ME3;MYLK3;TXK;RAB9B;EPHA5;STING1;TSSK2;SLC22A4;KCNJ8;P2RX3;DNAH2;RAPGEF4;SLC22A5;ATP2A1;RHOH;KALRN;ABCA4;CIITA;TUBA3D;MERTK;DGKH;PDE11A;PDK4;GLUD2;IP6K3;GRK1;NRK;TUBB8;SMC1B;MYO1G;RIT2;GAL3ST4;DUOX1;TDRD12;PRKCH;ATP4A;DNAH3;ALDH1A3;DDR2;TTLL7;KCNJ1;NLRC4;FLT4;ADCY8;MYO7A;ARL17B;AGAP3;SLC12A4;CDK20;CPS1;ABCG2;GUCY2C;SLFNL1;CDKL1;ABCC6;NAIP;CHST12;TNIK;EPHA6;IRAK3;MAT1A;PRKCE;ABCC8;PARP9;EGFR;ABCD3;RAD51D;GPD1L;RAB30;SIK1;PDE4B;TRIB3;OAS2;FCSK;MKNK1;GUCY2D;TTLL11;ITPKA;CARNS1;PFKFB3;RHOBTB3;GNL3L;NAV3;IFIH1;SYK;RIPK3;DGKK;PDPK1;STK36;PTK2B;BMP2K;RASL10B;DGKG;IFT22;IDNK;EPHA2;STK10;LIG4;AK6;DNAJC27;NEK6;PIK3C3;MYO9A;RHOD;ERN1;RPS6KL1;SEPTIN5;PLK3;STK32C;FRK;CDC42BPG;FGR;CACNA1B;KIF13B;NIN;ABCF3;MST1R;TEK;CHD3;ITPKB;TGFBR2;TUBE1;TRPM6;KIFC3;DDX12P;DGKB;PIK3C2B;MYO5C;RAPGEF3;HSPA4L;RAB19;NME7;STYK1;KIF21A;MOV10;KIF12;SRCAP;STARD9;TTBK1;TRPM4;KIF26B;ABCB1;SEPTIN6;CAMK2A;HELQ;CAMK4;DHX38;RHEBL1;UBA6;NDOR1;TTLL3;ADCY6"
"GOMF_PURINE_NUCLEOTIDE_TRANSMEMBRANE_TRANSPORTER_ACTIVITY",0.99025974025974,1,0.249705980934135,0.567567550902959,4574,23,"ABCC11;SLC25A25;SLC25A6"
"GOMF_PURINE_RIBONUCLEOTIDE_TRANSMEMBRANE_TRANSPORTER_ACTIVITY",0.72463768115942,1,-0.390316487596995,-0.824434448313133,3849,18,"SLC46A2;ANKH;PANX1;SLC25A24;SLC25A17;SLC25A41;LRRC8A;SLC17A9;SLC35B1;SLC35B2;SLC35B3"
"GOMF_PUTRESCINE_TRANSMEMBRANE_TRANSPORTER_ACTIVITY",0.441530270163676,1,-0.668511432874929,-1.07415673511626,2238,5,"SLC22A1"
"GOMF_PYRIMIDINE_NUCLEOBASE_TRANSMEMBRANE_TRANSPORTER_ACTIVITY",0.631227932522558,1,-0.586706168582748,-0.911378381092311,3217,4,"SLC28A3"
"GOMF_PYRIMIDINE_NUCLEOSIDE_TRANSMEMBRANE_TRANSPORTER_ACTIVITY",0.22720156555773,1,-0.745803787144964,-1.23411203531779,1160,6,"SLC22A1;SLC28A3;SLC22A2"
"GOMF_PYRIMIDINE_NUCLEOTIDE_BINDING",0.853173798418171,1,0.419919040708776,0.680428774034402,4206,5,"DUT;MTPAP;NT5C;HSP90AA1;DCTPP1"
"GOMF_PYRIMIDINE_NUCLEOTIDE_SUGAR_TRANSMEMBRANE_TRANSPORTER_ACTIVITY",0.904421052631579,1,0.351650822620224,0.672210633299812,4295,11,"SLC35D3;SLC35D2;SLC35B4;SLC35A1"
"GOMF_PYRUVATE_DEHYDROGENASE_ACETYL_TRANSFERRING_KINASE_ACTIVITY",0.9576150882174,1,0.313420687274062,0.507860881085436,4721,5,"PDK2;PDK3"
"GOMF_PYRUVATE_DEHYDROGENASE_ACETYL_TRANSFERRING_PHOSPHATASE_ACTIVITY",0.984026819167817,1,-0.269368633006734,-0.43281852357995,4989,5,"PDP1;PDP2;PPM1H"
"GOMF_PYRUVATE_TRANSMEMBRANE_TRANSPORTER_ACTIVITY",0.289393632123302,1,0.740942974151316,1.20060980964383,1426,5,"SLC16A11;SLC16A3;SLC16A7"
"GOMF_QUATERNARY_AMMONIUM_GROUP_BINDING",0.994919372652971,1,0.242727966866765,0.594528945443801,4503,33,"CETP;APOA2;PITPNM2;ESYT2;PITPNA;ABCA1;GPR12"
"GOMF_QUATERNARY_AMMONIUM_GROUP_TRANSMEMBRANE_TRANSPORTER_ACTIVITY",0.701136363636364,1,-0.425199328350993,-0.836853493225824,3701,13,"SLC6A20;SLC22A1;SLC22A4;SLC22A5"
"GOMF_QUINOL_CYTOCHROME_C_REDUCTASE_ACTIVITY",0.890652215986065,1,-0.387450351359609,-0.662161216598006,4601,7,"MT-CYB;UQCR10;UQCRH;UQCRFS1;CYC1;UQCRFS1P1;UQCRC1"
"GOMF_QUINONE_BINDING",0.839171374764595,1,-0.359727275378331,-0.741183867487392,4455,16,"SQOR;AOC3;ETFDH"
"GOMF_R_SMAD_BINDING",0.657236126224157,1,0.375950763875463,0.878354402092578,3019,26,"LDLRAD4;ANKRD1;ZEB2;PAX6;FOS;FOXH1;JUN;SMAD4"
"GOMF_RAB_GERANYLGERANYLTRANSFERASE_ACTIVITY",0.972983632419641,1,-0.292675475444894,-0.470267698789385,4933,5,"RABGGTA;CHM;RABGGTB;PTAR1;FNTA"
"GOMF_RACEMASE_AND_EPIMERASE_ACTIVITY",0.929150661545028,1,0.310776790247869,0.679942599887422,4353,19,"RPEL1;RENBP;MCEE;GALE;GPI;GFUS;YJEFN3;FUOM"
"GOMF_RACEMASE_AND_EPIMERASE_ACTIVITY_ACTING_ON_CARBOHYDRATES_AND_DERIVATIVES",0.71383114128129,1,0.422490014834836,0.82340589953759,3364,12,"RPEL1;RENBP;GALE;GPI;GFUS;FUOM"
"GOMF_RAGE_RECEPTOR_BINDING",0.16277145811789,1,0.745965526625362,1.29698464399841,786,7,"S100B;S100A13;HMGB2"
"GOMF_RDNA_BINDING",0.957357859531773,1,0.297188973044554,0.545835037569185,4579,9,"BNC2;MAF1;MTOR;ALKBH2;DHX33;BEND3;BNC1;TSPYL2;MACROH2A1"
"GOMF_RECEPTOR_ANTAGONIST_ACTIVITY",0.178737822956374,1,0.632043954991655,1.25908034923371,843,13,"DKK4;DKK2;WFIKKN2;IGSF1;FST;DKKL1"
"GOMF_RECEPTOR_LIGAND_INHIBITOR_ACTIVITY",0.337767615880274,1,0.635644571793388,1.13901416305788,1624,8,"LRRC32;NOG;IGFBP2;TMEFF1;LGALS3"
"GOMF_RECEPTOR_SERINE_THREONINE_KINASE_BINDING",0.726934849147355,1,0.355624517354296,0.83739833362136,3324,27,"GPR17;BMP4;RSPO2;BMP7;BMP6;SCUBE3"
"GOMF_RECEPTOR_SIGNALING_PROTEIN_TYROSINE_KINASE_ACTIVATOR_ACTIVITY",0.769983686786297,1,0.491342990222666,0.767988243435622,3775,4,"ALK;ALKAL1;ALKAL2"
"GOMF_RECEPTOR_TYROSINE_KINASE_BINDING",0.799728137743543,1,0.303497834899945,0.852362936596038,3529,75,"GAB4;ITGAX;ANGPT2;DOK2;ANGPT1;ALKAL1;PITPNM2;PSPN;DOCK4;FLT3LG;CBLB;MST1;NRG3;ALKAL2;SHC3;TRADD;SHC2;ARTN"
"GOMF_REGULATORY_RNA_BINDING",0.975420206036508,1,-0.269163511770026,-0.700918283036831,5396,55,"PIWIL1;TLR7;PIWIL3;LINC-ROR;RC3H1;TEX19"
"GOMF_RETINAL_BINDING",0.920527306967985,1,-0.325389052580426,-0.670433222434892,4887,16,"ADH4;RBP4;CYP2W1;ABCA4;RHO;RLBP1;STRA6"
"GOMF_RETINAL_DEHYDROGENASE_NADPLUS_ACTIVITY",0.601761252446184,1,-0.560778561633517,-0.927943225803981,3074,6,"ALDH8A1;AKR1C3;ALDH1A1;ALDH1A3"
"GOMF_RETINOIC_ACID_4_HYDROXYLASE_ACTIVITY",0.739555385205059,1,-0.44440122899697,-0.805049463445336,3858,9,"CYP3A4;CYP2C8;CYP2W1;CYP26B1"
"GOMF_RETINOIC_ACID_BINDING",0.942760308793071,1,-0.309616836744522,-0.64642030943389,5006,17,"UGT2B15;UGT2B4;CYP2W1"
"GOMF_RETINOIC_ACID_RESPONSIVE_ELEMENT_BINDING",0.148405560098119,1,0.781903941566127,1.31734873134935,725,6,"RXRG;MYT1L;NR2F1"
"GOMF_RETINOL_BINDING",0.571996968548693,1,-0.462640296178273,-0.923973244379807,3018,14,"ADH4;RBP4;CYP2W1;RLBP1;C8G;STRA6"
"GOMF_RETINYL_PALMITATE_ESTERASE_ACTIVITY",0.371008322043739,1,-0.652318742471514,-1.11482715297299,1916,7,"PLB1"
"GOMF_RETROMER_COMPLEX_BINDING",0.7299055613851,1,0.432549724120848,0.810740379559103,3477,10,"RCSD1;M6PR"
"GOMF_RIBOFLAVIN_TRANSMEMBRANE_TRANSPORTER_ACTIVITY",0.198282910874898,1,0.754352269070571,1.27092978027478,969,6,"SLC22A14;SLC52A3"
"GOMF_RIBONUCLEASE_INHIBITOR_ACTIVITY",0.622756852691777,1,-0.568164946021448,-0.912921116100174,3157,5,"UBE3D;RNH1;BRAT1;ABCE1"
"GOMF_RIBONUCLEASE_P_ACTIVITY",0.813161875945537,1,-0.388942472504164,-0.7526597492204,4299,12,"RPPH1"
"GOMF_RIBONUCLEASE_P_RNA_BINDING",0.88161160970021,1,-0.370421297887781,-0.686466099086017,4616,10,"RPP21;POP5;RPP30;RPP25;POP7;POP1;RPP38;RPP14;POP4;RPP40"
"GOMF_RIBONUCLEOPROTEIN_COMPLEX_BINDING",1,1,-0.139424925040363,-0.422587663916768,5875,177,"PITX2;CPEB1;SLFN12L;IFIH1;EIF2S1;SLFN12;MDM2;CPEB4;MTRES1;SLFN5;ITCH;UNK;ZNF593;PRMT7;MAP3K20;EIF3C;EIF5AL1;PELO;RBFA;AFG2A;LTN1;GEMIN4;ETF1;USP16;BOP1;ABCF1;LEMD3;CINP;MCTS1;GTPBP4;HSPA5;GEMIN5;SEC61A1;RHBDD2;PTCD3;PPIH;PPP1CA;LETM1;DHX33;MTRFR;TACO1;UCHL1;PQBP1;GTPBP6;EIF4A3;HNRNPU;ABCE1;CBX5;SRP54;MTIF3;DHX9;DHX29;ERI1;NCLN;DAP;GTPBP10;MRRF;EZH2;CD2BP2;OLA1;SRP72;CCDC47;RICTOR;LARP1;PRPF31;TOP2B;G3BP1;MALSU1;TMCO1;NEAT1;BAG6;YBX3;DDX3X;SHFL;C1QBP;RBM3;SERBP1;ZNF622;IGHMBP2;DDX5;MAIP1;CKAP5;NOPCHAP1;NEMF;DERL2;EFL1;WDR12;RBM39;YTHDF1;TIMM50;SMG6;IFRD2;TMEM147;EIF5A;FMR1;PRPF6;DNAJC2;CSDE1;ZC3H12A;SRPRA;GUF1;MTOR;SRP68;EIF6;EEFSEC;EIF1;UNG;NOMO2;EIF1B;NAA15;NME1;PES1;NAA16;SRP9;YTHDF3;STRAP;MTIF2;RBM23;SRP19;NOMO1;UHMK1;NAA10;METTL17;SECISBP2L;ERAL1;RNF135;ZNF574;MPV17L2;EIF2A;NPM1;RNASEL;OXA1L;SNRPB;PYM1;CPSF6;SEC61B;TMEM223;IMPACT;SNRNP70;STAU2;SEC61G;SNRPN;SNRPD1;SECISBP2;NMD3;NVL;EIF3K;PHF6;NDUFAB1;RACK1;HABP4;LETMD1;TTC5;NOMO3;RPSA;FXR1;LETM2;DERL1;RPLP1;ZNF598;EEF2;DERL3;SEC61A2;SND1;SBDS;UQCC5;PIM1;TMA16;CPEB2;SNRPA;PRMT5;CPEB3;AFG2B;XPO5;EIF5A2;ANG;LONRF2"
"GOMF_RIBOSOMAL_LARGE_SUBUNIT_BINDING",0.990594431903687,1,-0.245529573590096,-0.524126888021854,5265,19,"MTRES1;LTN1;DHX33;MTRFR;GTPBP6;GTPBP10;MRRF;OLA1;MALSU1;RBM3;NEMF;EIF6;ZNF574;MPV17L2;NPM1;CPSF6;NMD3;NDUFAB1;CPEB2"
"GOMF_RIBOSOMAL_PROTEIN_S6_KINASE_ACTIVITY",0.900449713818479,1,0.368340653045637,0.620578905155734,4404,6,"RPS6KA4;RPS6KA1;RPS6KA2;RPS6KB2"
"GOMF_RIBOSOMAL_SMALL_SUBUNIT_BINDING",0.942594963721724,1,0.303988995873453,0.665091714302431,4416,19,"CPEB2;PIM1;NPM1;ERAL1;MTIF2;NME1;EIF1B;UNG;EIF1;DDX3X;G3BP1;LARP1;DHX29;MTIF3;ABCE1;PTCD3;MCTS1;USP16;RBFA"
"GOMF_RIBOSOME_BINDING",1,1,-0.169600061352046,-0.488194340416264,5729,112,"CPEB1;SLFN12L;EIF2S1;SLFN12;CPEB4;MTRES1;SLFN5;UNK;MAP3K20;EIF3C;EIF5AL1;PELO;RBFA;LTN1;ETF1;USP16;ABCF1;MCTS1;HSPA5;GEMIN5;SEC61A1;PTCD3;LETM1;DHX33;MTRFR;TACO1;UCHL1;GTPBP6;ABCE1;MTIF3;DHX9;DHX29;ERI1;NCLN;DAP;GTPBP10;MRRF;OLA1;SRP72;CCDC47;RICTOR;LARP1;G3BP1;MALSU1;TMCO1;BAG6;DDX3X;SHFL;C1QBP;RBM3;SERBP1;IGHMBP2;MAIP1;NEMF;EFL1;YTHDF1;IFRD2;TMEM147;EIF5A;FMR1;DNAJC2;ZC3H12A;GUF1;MTOR;SRP68;EIF6;EIF1;UNG;NOMO2;EIF1B;NAA15;NME1;NAA16;YTHDF3;MTIF2;SRP19;NOMO1;NAA10;METTL17;ERAL1;ZNF574;MPV17L2;EIF2A;NPM1;OXA1L;PYM1;CPSF6;SEC61B;TMEM223;IMPACT;STAU2;SEC61G;NMD3;EIF3K;NDUFAB1;RACK1;HABP4;LETMD1;TTC5;NOMO3;RPSA;LETM2;ZNF598;EEF2;SEC61A2;SBDS;UQCC5;PIM1;CPEB2;CPEB3;EIF5A2;ANG"
"GOMF_RISC_COMPLEX_BINDING",0.58973838977895,1,0.579505907603829,0.939020277792148,2907,5,"XPO5;SND1;CSDE1"
"GOMF_RNA_2_O_METHYLTRANSFERASE_ACTIVITY",0.935077334351728,1,-0.333624465575,-0.618274075353815,4896,10,"MRM1;FBLL1;FTSJ1;FTSJ3;TRMT13;MRM3"
"GOMF_RNA_7_METHYLGUANOSINE_CAP_BINDING",0.980304955527319,1,0.268431507372603,0.534736284365682,4628,13,"AGO2;NCBP1;NCBP2;EIF4E1B;EIF4E;DCPS;CYFIP1;CYFIP2;LARP1;EIF4E2;GEMIN5;NCBP3;EIF4E3"
"GOMF_RNA_CAP_BINDING",0.257352941176471,1,0.515996255144906,1.15195104209435,1189,21,"NCBP2L;IFIT5;AGO2"
"GOMF_RNA_DIRECTED_DNA_POLYMERASE_ACTIVITY",0.581385729058945,1,0.533548707602645,0.927662815353348,2810,7,"TEP1;TERT;TERF1;DKC1;PTGES3"
"GOMF_RNA_DNA_HYBRID_RIBONUCLEASE_ACTIVITY",0.883278822567457,1,0.381783463815161,0.64322730065753,4320,6,"RNASEH2A;NYNRIN;RNASEH1;FEN1;APEX1;EXO1"
"GOMF_RNA_ENDONUCLEASE_ACTIVITY",0.999820756407958,1,-0.202732867494721,-0.547130063777276,5577,70,"PIWIL1;MBLAC1;PIWIL3;RPPH1;ZC3H12B"
"GOMF_RNA_ENDONUCLEASE_ACTIVITY_PRODUCING_5_PHOSPHOMONOESTERS_HYDROLYTIC_MECHANISM",1,1,-0.153178638327153,-0.36406155151806,5456,32,"RPPH1;ENDOV;ELAC1;RPP21;AGO3;EXO1;APEX1;POP5;DROSHA;RPP30;FEN1;RNASEH1;DBR1;NUDT12;MRPL44;DICER1;RPP25;POP7;POP1;RPP38;NUDT16;NYNRIN;RPP14;ELAC2;POP4;RPP40;RNASEH2A;PPP1R8;NUDT16L1;PRORP;AGO2;PLD6"
"GOMF_RNA_EXONUCLEASE_ACTIVITY",0.991928251121076,1,-0.250879522109116,-0.634462319601707,5529,45,"PNLDC1;ERI2;EXOSC4;USB1;TOE1;SUPV3L1;DIS3L;DCP2;DIS3;PNPT1;EXOSC9;CNOT8;HELZ2;EXOSC1;EXOSC6;REXO2;ERI1;EXOSC8"
"GOMF_RNA_EXONUCLEASE_ACTIVITY_PRODUCING_5_PHOSPHOMONOESTERS",0.985185185185185,1,-0.258884402970886,-0.64122456720523,5452,40,"PNLDC1;ERI2;EXOSC4;USB1;TOE1;SUPV3L1;DIS3L;DCP2;DIS3;PNPT1;EXOSC9"
"GOMF_RNA_FOLDING_CHAPERONE",0.740287911654506,1,-0.498460591233035,-0.800920934082471,3753,5,"MCAT;MTERF4"
"GOMF_RNA_METHYLTRANSFERASE_ACTIVITY",0.928031666066931,1,-0.287512430194285,-0.770320571900019,5157,67,"TRMT9B;METTL4;ALKBH8;THUMPD3;MRM1;FBLL1;METTL8;TYW3;TRMT10A;TRMT5;FTSJ1;TRMT1;TARBP1;TRMO;ZCCHC4;TMT1A;TRMT1L;FTSJ3;NOP2;METTL6;THUMPD2;METTL2A;TRMT13;MRM3;NSUN2;TRMT10B;SPOUT1;TRMT2B;METTL16;RNMT"
"GOMF_RNA_NUCLEASE_ACTIVITY",1,1,-0.203664906748305,-0.592434845408614,5745,122,"PIWIL1;RNASE6;MBLAC1;PIWIL3;PNLDC1;RPPH1;ZC3H12B;SLFN12L;ZC3H12C;SLFN12;ERN1;TSEN2;ERI2;EXOSC4;SLFN5;ENDOV;ELAC1;USB1;TOE1;SUPV3L1;DIS3L"
"GOMF_RNA_POLYMERASE_ACTIVITY",0.996907444223548,1,0.234498050309657,0.574370890832508,4512,33,"POLR2J3;TERT;POLR1H;PRIMPOL;POLRMT;POLR1D;POLR2F;POLR3B;POLR2C;POLR2I;POLR2E;MED21;MED20;POLR2L;POLR2A;POLR2H;POLR1C;PRIM1;POLR3F;POLR3K;POLR2K;POLR3A;CRCP;POLR3C;TRNT1;PRIM2;POLR2J;POLR3H;POLR2B;POLR3G;POLR2J2;POLR1A;POLR1B"
"GOMF_RNA_POLYMERASE_BINDING",1,1,-0.187210592782519,-0.492835876113996,5543,60,"TCERG1L;RRN3P2;NEDD4;SMYD2;PAF1;BRD4;RPAP2;ZNF326;CTR9;ERCC5;POLR2M;TCERG1;UVSSA;ELOF1;PHRF1;DHX57;YTHDC2;CCAR2;HNRNPU;DHX9;NCOA3;SPTY2D1;CCNT1;CDC73;PPIB;WAC;GPN1;ERBB2;SCAF8;RPRD1A;BIN1;LEO1;ANP32B;AGO1;URI1;RTRAF;SUPT4H1;SCAF4;ZFP36;RRN3;RPRD2;BRCA1;PABPN1;SCAF1;GTF2B;PCF11;MAF1;TAF10;SMYD3;PKN2;CCNT2;ELP2;ESRRB;PCIF1;STOM;RECQL5;WDR43;RPRD1B;AGO2;ERCC6"
"GOMF_RNA_POLYMERASE_CORE_ENZYME_BINDING",0.997477477477478,1,-0.218555202875827,-0.545680734859635,5535,42,"RRN3P2;SMYD2;PAF1;BRD4;RPAP2;ZNF326;CTR9;ERCC5;POLR2M;UVSSA;ELOF1;CCAR2;HNRNPU;DHX9;NCOA3;SPTY2D1;CDC73;WAC;GPN1;ERBB2;SCAF8;RPRD1A;LEO1;AGO1;URI1;RTRAF;SUPT4H1;SCAF4;RRN3;RPRD2;SCAF1;GTF2B;PCF11;MAF1;SMYD3;ELP2;ESRRB;PCIF1;RECQL5;WDR43;RPRD1B;AGO2"
"GOMF_RNA_POLYMERASE_I_CORE_PROMOTER_SEQUENCE_SPECIFIC_DNA_BINDING",0.937850758678029,1,0.323530535080014,0.579735717081855,4511,8,"SMARCA4;TBP;SMARCB1;RRN3;BAZ2A"
"GOMF_RNA_POLYMERASE_I_GENERAL_TRANSCRIPTION_INITIATION_FACTOR_ACTIVITY",0.0208503679476697,1,0.877398729433849,1.47823797996478,101,6,"RRN3P1;RRN3"
"GOMF_RNA_POLYMERASE_I_TRANSCRIPTION_REGULATORY_REGION_SEQUENCE_SPECIFIC_DNA_BINDING",0.828961175236097,1,0.39093293399042,0.732736833735669,3949,10,"CEBPA;SMARCA4;TBP;SMARCB1;PIH1D1;RRN3;BAZ2A"
"GOMF_RNA_POLYMERASE_II_C_TERMINAL_DOMAIN_BINDING",0.983210912906611,1,0.250868950765822,0.470210884487012,4684,10,"RPRD1B;PCIF1;SCAF1;RPRD2;SCAF4"
"GOMF_RNA_POLYMERASE_II_CORE_PROMOTER_SEQUENCE_SPECIFIC_DNA_BINDING",0.859861591695502,1,0.334863579188388,0.747576063119258,3975,21,"GBX2;GTF2A1;PAX6;FOS;TBP;H3-3A;GTF2B;RUVBL2"
"GOMF_RNA_POLYMERASE_II_CTD_HEPTAPEPTIDE_REPEAT_KINASE_ACTIVITY",0.983358547655068,1,-0.26166010924787,-0.506350028937445,5199,12,"CDK11A;BRD4;CCNK;CDK12;CDK11B;DYRK1A;MAPK1;CDK9;CDK7;CDK13;CDK1;CDK8"
"GOMF_RNA_POLYMERASE_II_CTD_HEPTAPEPTIDE_REPEAT_MODIFYING_ACTIVITY",0.992647058823529,1,0.242567825754681,0.541527689146107,4589,21,"CTDSP1;CDK8;CDK1;CTDSPL2;CDK13;CDK7;SSU72;CDK9;MAPK1;DYRK1A;CTDP1;CDK11B;PPP2CA;CDK12;CTDSP2;CCNK;PPP1CA;RPAP2;BRD4;CDK11A;CTDSPL"
"GOMF_RNA_POLYMERASE_II_CTD_HEPTAPEPTIDE_REPEAT_PHOSPHATASE_ACTIVITY",0.988921404682274,1,0.2424566496066,0.445310379759874,4730,9,"CTDSP1;CTDSPL2;SSU72;CTDP1;PPP2CA;CTDSP2;PPP1CA;RPAP2;CTDSPL"
"GOMF_RNA_POLYMERASE_II_GENERAL_TRANSCRIPTION_INITIATION_FACTOR_ACTIVITY",0.373051224944321,1,0.412636552712182,1.04051281472137,1674,39,"PRRX1;TAF7L;GTF2A1;GTF2H4;TAF12;GTF2H3;TAF11;TBP;BRF2;TAF10;GTF2A2"
"GOMF_RNA_POLYMERASE_II_GENERAL_TRANSCRIPTION_INITIATION_FACTOR_BINDING",0.0741360089186176,1,-0.619859387990973,-1.38044374109255,398,23,"FOXF2"
"GOMF_RNA_POLYMERASE_II_INTRONIC_TRANSCRIPTION_REGULATORY_REGION_SEQUENCE_SPECIFIC_DNA_BINDING",0.939423263015289,1,-0.338180200323188,-0.57795743916495,4853,7,"VAX1"
"GOMF_RNA_POLYMERASE_II_SPECIFIC_DNA_BINDING_TRANSCRIPTION_FACTOR_BINDING",1,1,0.202795995035298,0.672354726970317,3867,338,"GATA2;PRRX1;GFI1B;LHX3;NKX2-1;CRX;PDX1;TBXT;IFI27;BHLHE41;HAND1;LEF1;ID4;PRDM13;ANKRD1;ISL1;MIXL1;GSC;FOXC1;H2BC9;FLT3;CEBPA;MEF2A;SOX17;HDAC5;PPARA;GBX2;LMO2;BHLHE40;KLF4;AHR;ZFPM1;GTF2A1;FBP1;PITX1;HES1;CITED2;MEF2D;SIRT1;CCDC62;RBPJ;KDM3A;JUND;FOS;NRIP1;TEAD3;KDM4C;SMARCA4;NR1I2;CDK5RAP3;POU4F1;DACT1;TMF1;TRIB1;NKX3-1;CDKN2A;FOXH1;GATA6;JUN;SMAD4"
"GOMF_RNA_POLYMERASE_II_TRANSCRIPTION_REGULATORY_REGION_SEQUENCE_SPECIFIC_DNA_BINDING",0.881898066783831,1,0.264623206236341,0.946900177774401,2508,1226,"ZNF723;GATA2;EMX2;ZNF98;BARHL2;LHX9;PRRX1;TBR1;GFI1B;ZNF492;LHX3;LHX5;KLF14;HOXC13;RHOXF2;DMRTA2;SKOR2;NKX6-3;WT1;PHOX2B;HOXB3;TFAP2B;PAX4;HSF4;ZNF736;ZNF676;DMRT3;NKX2-1;ZSCAN4;RXRG;DLX2;HOXA7;RFX4;SOX6;LMX1A;HOXB7;HMX1;CRX;TFAP2A;FEZF2;PDX1;POU3F4;HHEX;EBF1;SP7;DMRT2;MSX1;RFX8;ZNF257;TBXT;ARX;ZNF560;CDX2;ZNF728;ZNF534;IRX3;ZEB1;BHLHE41;NEUROG3;DLX5;HAND1;DMBX1;ZFP57;BORCS8-MEF2B;ZNF705B;HMX3;GATA5;HNF1A;IRX1;ZNF704;KLF2;LEF1;HES4;FOXL1;PRDM16;THRB;HES5;ZNF726;IRX4;EN1;NKX2-4;PAX5;MUC1;ZNF439;MYT1L;NR2F2;DLX6;GFI1;MESP2;NFE2;ZNF547;MEIS2;TBX1;ZNF19;MECOM;FOSB;POU3F3;CTCFL;IRF8;ETV2;MESP1;NEUROD2;ZNF791;SOX10;IRX5;ASCL2;ZNF610;NR3C2;ZNF446;ZEB2;ZNF264;ISL1;ZNF583;CREB5;ZNF528;ZFP3;ZFP41;RORC;HMX2;ZNF680;CREBRF;ZNF613;MIXL1;HOXB2;GSC;HNF1B;GLIS3;ZNF790;GSC2;CDX1;ZNF441;PGR;FOXB1;RFX3;NFATC2;SRY;ZSCAN26;FOXC1;ASCL1;IRF7;RUNX3;KAT2B;SOX15;NTN3;ZNF648;ZNF250;JUNB;ZNF501;CEBPA;ZNF876P;MEF2A;SOX17;ZNF572;HDAC5;NTN1;ZNF280D;SOHLH2;NR2F1;TPRX2;ZNF333;ZNF276;PEG3;GLI4;SOX1;ZNF284;SCRT1;LMX1B;NR1H3;NFIA;HLF;ZNF454;ZNF132;PRRX2;DMRTB1;ZNF16;PPARA;STAT5A;ZNF562;EBF3;GLI1;GBX2;ZNF540;PLAGL1;TBX19;SP5;PAX3;IRX2;BHLHE40;TFAP2C;PROX2;ATF7;ONECUT1;ZNF682;KLF4;POU4F2;BATF2;STAT4;NR2C1;ZNF607;TGIF2;ZNF688;ZNF324B;BCL6;MYB;IKZF2;AHR;LHX6;ZNF678;ZNF517;KLF5;RUNX2"
"GOMF_RNA_POLYMERASE_III_GENERAL_TRANSCRIPTION_INITIATION_FACTOR_ACTIVITY",0.960755197284684,1,0.300508040796058,0.585670867858709,4528,12,"BRF1;SNAPC3;TBP;GTF3C3;SNAPC1;SNAPC5;GTF3C5;GTF3C2;GTF3C4;GTF3C6;SNAPC4;GTF3C1"
"GOMF_RNA_POLYMERASE_III_TRANSCRIPTION_REGULATORY_REGION_SEQUENCE_SPECIFIC_DNA_BINDING",0.784901758014478,1,0.436998237612284,0.759793828813416,3794,7,"BRF1;SNAPC3;BRF2;MAF1;MTOR"
"GOMF_RNA_POLYMERASE_INHIBITOR_ACTIVITY",0.701213638990561,1,-0.47298057147563,-0.835009071007207,3639,8,"UVSSA;NELFCD;DDX21;NELFE;NELFB;NELFA"
"GOMF_RNA_SEQUESTERING_ACTIVITY",0.613988580750408,1,0.589444378740543,0.921324537115719,3010,4,"ADARB2;ZAR1"
"GOMF_RNA_STEM_LOOP_BINDING",0.975141242937853,1,-0.279973324917976,-0.576858431259532,5177,16,"RC3H1;LARP6;METTL16;EIF4A3;DDX56;DHX9;MYH10"
"GOMF_ROUNDABOUT_BINDING",0.94481409001957,1,-0.332667216240602,-0.550478051190687,4827,6,"SLIT3"
"GOMF_RRNA_ADENINE_METHYLTRANSFERASE_ACTIVITY",0.956067350493517,1,-0.314734188817599,-0.53788768713496,4939,7,"ZCCHC4;TFB2M;TFB1M;TRMT61B;METTL5;DIMT1;METTL25B"
"GOMF_RRNA_BINDING",0.999098896147781,1,0.213881019830028,0.59338978139787,4434,69,"ANG;KDM2B;RPS4X;NSUN4;SBDS;RPS9;MRPS18A;EEF2;RPL23;RPL5;RPL11;RPL12;CAVIN1;RPS5;RPL8;RPS4Y1;RPLP0;NOP53;RPS11;RPS3;RPL37;MRPL16;RPS18;RPS13;MRPS6;MRPS7;RNASEL;FASTKD5;NPM1;RPL23A;ERAL1;RPL9;EMG1;MRPL11"
"GOMF_RRNA_CYTOSINE_METHYLTRANSFERASE_ACTIVITY",0.708197389885807,1,0.530647093275023,0.829422088353838,3472,4,"NSUN4;NSUN5;METTL15"
"GOMF_RRNA_URIDINE_METHYLTRANSFERASE_ACTIVITY",0.873989351212779,1,-0.408274749419643,-0.656011326509448,4431,5,"FTSJ3;SPOUT1;TRMT2B;MRM2"
"GOMF_RS_DOMAIN_BINDING",0.610588716271464,1,0.539928131240642,0.90966882362177,2986,6,"U2AF1;SRSF10;LUC7L;RBM39"
"GOMF_S_ACYLTRANSFERASE_ACTIVITY",0.67429074114801,1,0.359453595801987,0.870229731591984,3065,31,"ZDHHC11B;ZDHHC2;ZDHHC14;ZDHHC1;ZDHHC13;ZDHHC11;ZDHHC19;ZDHHC24;ZDHHC8;ZDHHC7;DLST"
"GOMF_S_ADENOSYL_L_METHIONINE_BINDING",0.998917748917749,1,0.201332384950092,0.457617107191823,4614,23,"PRMT8;SAMTOR;KMT5C;PCIF1;SUV39H2"
"GOMF_S_ADENOSYLMETHIONINE_DEPENDENT_METHYLTRANSFERASE_ACTIVITY",1,1,-0.179665465915649,-0.539929342331513,5843,163,"TRMT9B;SMYD1;EEF1AKMT1;TMT1B;GNMT;PRDM6;ATPSCKMT;FAM86B1;METTL4;SMYD2;ALKBH8;THUMPD3;MRM1;FBLL1;ETFBKMT;KMT2A;METTL8;HEMK2;SETD7;KMT2D;TRMT10A;PRDM7;EEF2KMT;NTMT1;KMT2B;TRMT5;FTSJ1;TRMT1;PRMT7;NDUFAF5;NSD1;TARBP1;SETMAR;PRMT3;TRMO;ZCCHC4;TMT1A;FBXO11;TRMT1L;SETDB1;FTSJ3;METTL18;LCMT1;SMYD5;TPMT;METTL23;NOP2;METTL6;PRMT2;DNMT3A;THUMPD2;COMTD1;SETD3;METTL2A"
"GOMF_S_METHYLTRANSFERASE_ACTIVITY",0.589263157894737,1,0.476493468426489,0.910858031804226,2798,11,"BHMT2;INMT"
"GOMF_S100_PROTEIN_BINDING",0.172523285351397,1,0.620353671050475,1.26263954415613,814,14,"S100B;FGF1;AHNAK;KCNK3;AGER"
"GOMF_SALT_TRANSMEMBRANE_TRANSPORTER_ACTIVITY",0.125048923679061,1,-0.797345352756268,-1.31939997235487,638,6,"SLC2A9;SLC23A1;SLC22A13"
"GOMF_SCAFFOLD_PROTEIN_BINDING",0.210073489872737,1,-0.422213653620162,-1.13945896433814,1171,70,"CD163;KRT15;PDE4D;GRM3;GRIA1;AKAP5;SYK;PLCG2;PANX1;ITPR2;NLGN4X;ADCY5;TREM2;SRC"
"GOMF_SCAVENGER_RECEPTOR_ACTIVITY",0.0644685945846381,1,-0.585831126971001,-1.37298242782299,349,30,"DMBT1;CD163;MSR1;STAB2;PRG4;CD6"
"GOMF_SECONDARY_ACTIVE_MONOCARBOXYLATE_TRANSMEMBRANE_TRANSPORTER_ACTIVITY",0.786871270247229,1,0.37224337103654,0.781822224669854,3691,16,"SLC10A1;SLC6A1;SLC16A3;SLC5A8;SLC10A5;SLC16A7;SLC5A12;SLC32A1;SLC6A8"
"GOMF_SECONDARY_ACTIVE_SULFATE_TRANSMEMBRANE_TRANSPORTER_ACTIVITY",0.325877926421405,1,0.621828382462274,1.1420871879119,1558,9,"SLC26A5;SLC13A4;SLC26A8;SLC26A11;UCP2"
"GOMF_SECONDARY_ACTIVE_TRANSMEMBRANE_TRANSPORTER_ACTIVITY",0.717068339385936,1,-0.293847336719461,-0.922670815647886,4343,259,"SLC36A2;SLC17A8;SLC2A9;SLC39A5;SLC6A20;SLC23A1;SLC26A10P;SLC47A2;SLC22A1;SLC34A1;SLC10A2;SLC30A4;SLC24A5;MFSD2B;SLC6A12;SLCO2B1;SLC6A16;SLC37A2;SLC22A4;SLC34A3;SLC22A5;SLC5A9;SLC46A2;SLC46A3;SLC18A3;SLC9B1;SLC10A4;SLC22A11;SLC28A3;CDH17;SLC6A17;SLC12A4;SLC8A1;SLC15A2;SLC7A11;SLC5A4;SLC16A12;SLC4A3;SLC6A3;SLC35C1"
"GOMF_SELENIUM_BINDING",0.754598662207358,1,0.42815372777514,0.786372736819189,3609,9,"DIO1;RPH3A;SELENOP"
"GOMF_SEMAPHORIN_RECEPTOR_ACTIVITY",0.997727272727273,1,-0.204287260482042,-0.402066739425346,5267,13,"PLXNC1"
"GOMF_SEMAPHORIN_RECEPTOR_BINDING",0.998323710188117,1,-0.196805929235208,-0.441635902556373,5359,24,"SEMA6D;RIT2;SEMA3G;SEMA7A;PLXNB1;TREM2"
"GOMF_SEQUENCE_SPECIFIC_DNA_BINDING",0.939930689256835,1,0.261543518371534,0.943332542197849,2440,1533,"MEG3;ZNF723;GATA2;EMX2;ZNF98;BARHL2;LHX9;PRRX1;TBR1;GFI1B;ERFL;ZNF729;ZNF492;LHX3;LHX5;KLF14;HOXC13;ZNF99;RHOXF2;DMRTA2;SKOR2;NKX6-3;WT1;PHOX2B;HOXB3;TFAP2B;PAX4;HSF4;CHCHD2;ZNF736;ZNF676;DMRT3;NKX2-1;ZSCAN4;RXRG;DLX2;HOXA7;RFX4;SOX6;LMX1A;HOXB7;HMX1;CRX;TFAP2A;FEZF2;PDX1;POU3F4;HHEX;EBF1;SP7;DMRT2;MSX1;RFX8;ZNF257;TBXT;ARX;ZNF560;ZNF208;UNCX;CDX2;ZNF728;ZNF534;IRX3;ZEB1;BHLHE41;NEUROG3;DLX5;HAND1;ZNF833P;ZNF658B;DMBX1;SHOX2;ZFP57;BORCS8-MEF2B;ZNF705B;MYRFL;HMX3;GATA5;HNF1A;IRX1;FOXG1;ZNF704;KLF2;LEF1;HES4;FOXL1;ZNF843;PRDM16;SPDEF;THRB;HES5;ZNF726;IRX4;TLX3;EN1;NKX2-4;PAX5;MUC1;ZNF439;MYT1L;NR2F2;DLX6;FOXN4;GFI1;MESP2;NFE2;ZNF547;MEIS2;TBX1;ZNF19;MECOM;FOSB;POU3F3;CTCFL;NLRP3;IRF8;ETV2;MESP1;NEUROD2;ZNF791;SOX10;IRX5;ASCL2;ZNF610;NR3C2;BNC2;ZNF446;ZEB2;ZNF264;ISL1;ZNF583;CREB5;ZNF112;ZNF528;ZFP3;ZFP41;RORC;HMX2;ZNF680;CREBRF;ZNF223;ZNF613;MIXL1;HOXB2;GSC;HNF1B;GLIS3;ZNF790;GSC2;CDX1;ZNF441;PGR;FOXB1;RFX3;MNX1;NFATC2;SRY;ZSCAN26;FOXC1;CSRNP3;ASCL1;IRF7;RUNX3;KAT2B;SOX15;NTN3;ZNF648;ZNF250;JUNB;ZNF501;CEBPA;ZNF876P;MEF2A;SOX17;ZNF572;HDAC5;NTN1;ZNF280D;SOHLH2;NR2F1;TPRX2;ZNF333;ZNF276;PEG3;GLI4;SOX1;ZNF284;SCRT1;LMX1B;NR1H3;NFIA;HLF;ZNF454;ZNF132;PRRX2;DMRTB1;ZNF16;PPARA;STAT5A;GABPB2;NFE4;ZNF562;EBF3;GLI1;GBX2;ZNF540;PLAGL1;ERCC6;TBX19;SP5;PAX3;IRX2;BHLHE40;TFAP2C;PROX2;ATF7;ONECUT1;ZNF682;KLF4;PARTICL;POU4F2;ZNF226;XPA;TERT;BATF2;STAT4;KCNH2;NR2C1;ZNF607;TGIF2;CAMTA2;ZNF688;ZNF324B;BCL6;MYB;IKZF2;AHR;LHX6;ZNF678;ZNF225;ZNF517;ZNF836;KLF5;RUNX2"
"GOMF_SEQUENCE_SPECIFIC_MRNA_BINDING",0.991261722080136,1,0.23512029764858,0.493822827954689,4650,16,"RBM24;PTENP1-AS;LIN28A"
"GOMF_SEQUENCE_SPECIFIC_SINGLE_STRANDED_DNA_BINDING",0.992587886488776,1,0.230880892352357,0.459932560510343,4686,13,"POT1;RPA1;HNRNPA1;RPA2;TERF2IP;CTC1;TERF1;PCBP1"
"GOMF_SERINE_HYDROLASE_ACTIVITY",0.946899623158616,1,-0.271648847548304,-0.813510825340616,5527,157,"KLK4;KLK3;PRSS46P;KLK15;CELA2A;CFB;PRSS54;ACR;PRSS57;GZMB;PRSS51;OVCH2;PRSS36;PCSK2;TPSAB1;PRRG3;CTRL;PRSS50;PRSS22;C2;KLK5;PRSS12"
"GOMF_SERINE_TYPE_CARBOXYPEPTIDASE_ACTIVITY",0.874264854998986,1,0.403421675704575,0.653696759630722,4310,5,"CPD;CPVL;CTSA"
"GOMF_SERINE_TYPE_ENDOPEPTIDASE_INHIBITOR_ACTIVITY",0.96962196219622,1,0.266322458529685,0.735223508467254,4308,67,"ITIH3;PZP;SERPINA12;SERPINB12;SPINK1;SPINK2;WFIKKN2;HRG;SERPINA1;TFPI;WFDC1;COL7A1;PAPLN;A2M;SPINK5;COL6A3;ITIH4;CPAMD8"
"GOMF_SERINE_TYPE_EXOPEPTIDASE_ACTIVITY",0.500424268137463,1,0.502336688132218,0.97902193670528,2358,12,"HPN;DPP7;CPD;ACE;CPVL;TPP1;F11"
"GOMF_SEROTONIN_BINDING",0.84954729339241,1,-0.400647011179274,-0.7073100012605,4409,8,"HTR2A;HTR1B;HTR1A"
"GOMF_SEROTONIN_GATED_MONOATOMIC_CATION_CHANNEL_ACTIVITY",0.256167357410697,1,-0.822091875017923,-1.2211456872371,1297,3,"CHRNA10;CHRNA9"
"GOMF_SEROTONIN_RECEPTOR_ACTIVITY",0.610464006110369,1,-0.48660437128857,-0.901776994091373,3196,10,"HTR2A;CHRNA10;HTR1B;CHRNA9;HTR1A"
"GOMF_SH2_DOMAIN_BINDING",0.969448990725586,1,-0.275151119454742,-0.675272450582453,5330,38,"SKAP1;LAT2;SYK;GHR;KHDRBS2;SIT1;SH2B2;SRC;SH3PXD2B;INPPL1;BLNK;CTR9;SYNGR3;SHCBP1"
"GOMF_SH3_DOMAIN_BINDING",1,1,-0.16607962616783,-0.478060756035249,5729,112,"ENKUR;CD3E;SKAP1;ADAM12;ARHGAP31;LRP2;AKAP5;NCF1;PLSCR4;ELMO1;PRKN;CNTNAP1;CTTNBP2;WIPF1;KHDRBS2;BCAR1;INPP5D;WAS;ARHGAP1;ADAM19;PAK3"
"GOMF_SHORT_CHAIN_CARBOXYLESTERASE_ACTIVITY",0.4613654946852,1,0.619424968762572,1.04360478747692,2256,6,"ABHD1;ABHD15;ABHD3;CEL"
"GOMF_SIALIC_ACID_BINDING",0.65,1,-0.442070054060796,-0.870057510264743,3431,13,"CD22;CD33;SELL;SIGLEC11"
"GOMF_SIALYLTRANSFERASE_ACTIVITY",0.339308578745198,1,0.494347413066135,1.08157325719118,1589,19,"ST6GALNAC2;ST8SIA4;ST8SIA2"
"GOMF_SIGNAL_PEPTIDASE_ACTIVITY",0.955630053243936,1,-0.317192392881692,-0.509661209048099,4845,5,"SEC11C;SEC11A;PMPCB;IMMP2L;FURIN"
"GOMF_SIGNAL_RECOGNITION_PARTICLE_BINDING",0.91062149241322,1,0.351487606462208,0.629832110058354,4380,8,"DERL3;DERL1;SRP9;SRP68;SRPRA;DERL2"
"GOMF_SIGNAL_SEQUENCE_BINDING",0.658606483969192,1,-0.352149592195637,-0.893822249999816,3676,46,"POM121L2;KPNA7"
"GOMF_SIGNALING_ADAPTOR_ACTIVITY",0.968776953596688,1,-0.267719920052732,-0.786974396486048,5615,132,"GRAPL;CD3E;DOK7;CDH5;SLA2;KSR2;STING1;DOK6;SOCS2;CARD14;NCK1;DUSP19;MAPK8IP2;DOK1;SARM1;GAB2;AIM2"
"GOMF_SIGNALING_RECEPTOR_BINDING",1,1,0.230746965750764,0.826105174307579,2798,1257,"WNT1;PROK1;WNT3A;F2RL2;LGI1;GAB4;DAND5;DKK4;UCN;ANGPTL1;TRGV3;CGA;PSCA;NDP;UTS2B;INHBB;ITGAX;WNT8A;GPR17;ANGPTL3;GABRB1;KLRD1;PTGER1;FGF14;RIMBP3C;LRRTM2;SHH;IFNL4;FGL1;CGB1;CSH2;S100B;COL3A1;CD8B2;CD80;HBA2;ANGPTL6;WNT7B;CRTAM;COL4A3;PF4V1;PPBP;AMN;IHH;TNFSF13B;ZP3;RSPO1;MADCAM1;GMFG;AVP;LEP;LBP;RELN;WNT8B;TGFBR3L;QRFP;SCT;COMP;CDNF;NPPB;DKK2;ITGBL1;LY6H;GDF7;GRAP;C3;CXCL17;WFIKKN2;GIP;TNFSF10;ICAM4;F7;HCK;RTP3;SELPLG;ANGPT2;PF4;IL23A;DOK2;IL16;CNTFR;HRG;RLN1;GREM1;AGTR1;EFNA5;NRG2;FNDC5;VTN;RNF43;BGLAP;IGFBP5;PILRA;SEMA4F;NGEF;CCL25;FGF1;BMP4;ANGPT1;FLRT3;EDNRB;ALKAL1;SNED1;TCIM;C1QTNF12;CD72;RSPO2;DLK2;CTHRC1;RAET1G;RSPO3;APOA2;RASGRF1;SLC6A4;F2;IGFBP7;TLR2;PTCH2;SPX;GFAP;APOA1;BMP7;SLA;PITPNM2;SECTM1;EPHA4;GHRL;NPB;EGF;CER1;PTCH1;IDUA;CCL28;OGN;BMP6;FZD1;CD177;NRG4;PGR;IL11;EFNA3;FGF16;CD36;SLIT2;SEMA3B;LGALS1;IGSF11;WNT2B;PLG;WNT4;PSPN;ITGAM;SSTR3;NTN3;FGF11;PRTN3;SCUBE3;EFNB1;CCK;DOCK2;PDGFRA;EGFL8;FCER2;HJV;ANG;MTSS1;EBI3;INSR;DOCK4;ADAM8;DTX1;IL1A"
"GOMF_SIGNALING_RECEPTOR_COMPLEX_ADAPTOR_ACTIVITY",0.963230318069028,1,0.274808184713414,0.718596725657105,4269,48,"GAB4;DOK2"
"GOMF_SIGNALING_RECEPTOR_INHIBITOR_ACTIVITY",0.492491838955386,1,0.415298937063431,0.970285698567885,2262,26,"DKK4;DKK2;LY6H;WFIKKN2;IGSF1;FST;DKKL1;LY6E"
"GOMF_SIGNALING_RECEPTOR_REGULATOR_ACTIVITY",0.248300244764754,1,0.310426459453757,1.04875072673851,912,448,"WNT1;PROK1;WNT3A;F2RL2;LGI1;DAND5;DKK4;UCN;CGA;PSCA;NDP;UTS2B;INHBB;WNT8A;ANGPTL3;FGF14;SHH;IFNL4;FGL1;CGB1;CSH2;CD80;WNT7B;PF4V1;PPBP;TNFSF13B;ZP3;GMFG;AVP;LEP;RELN;WNT8B;CBLN2;QRFP;SCT;CDNF;NPPB;DKK2;LY6H;GDF7;C3;CXCL17;WFIKKN2;GIP;TNFSF10;ICAM4;ANGPT2;PF4;IL23A;IL16;RLN1;GREM1;EFNA5;NRG2;FNDC5;BGLAP;IGFBP5;SEMA4F;CCL25;FGF1;BMP4;ANGPT1;FLRT3;ALKAL1;C1QTNF12;CD72;RAET1G;APOA2;F2;IGFBP7;SPX;APOA1;BMP7;SECTM1;GHRL;EGF;CER1;CCL28;OGN;BMP6;NRG4;IL11;FGF16;SEMA3B;LGALS1;WNT2B;WNT4;PSPN"
"GOMF_SINGLE_STRANDED_DNA_3_5_DNA_EXONUCLEASE_ACTIVITY",0.621096173733195,1,0.514439905250362,0.894438996917355,3002,7,"MEIOB;EXD2;POLG;ISG20;POLE;TATDN3;EXO5"
"GOMF_SINGLE_STRANDED_DNA_5_3_DNA_EXONUCLEASE_ACTIVITY",0.861710474695959,1,-0.423581389686009,-0.657983402706323,4392,4,"EXO5;PLD3;EXO1"
"GOMF_SINGLE_STRANDED_DNA_BINDING",1,1,0.161475912856704,0.481617139160204,4243,119,"TREX1;MEIOB;PCBP3;DMC1;TOP3A;POT1;C19orf33;SSBP2;POU4F1;SAMHD1;RAD51;SPRTN;MCM10;RTF1;ERCC1;FBH1;BLM;RPA3;RPA1;SSBP4;RBMS1;HMGB2;RNF138;HNRNPA1;POLA1;RPA2;MAPT;TERF2IP;CDC45;XPC;CTC1;TERF1;RAD23A;SMC4;MLH1;PCBP2;MCM2;FUBP1;TWNK;PURB;PCBP1;SUB1;CRY2;LRPPRC;RECQL4;HLTF;RAD51B;YBX1;ERCC4;NUCKS1;MSH3;HNRNPA2B1;TOP1;REXO4;MCM3;HSPD1;MCM5;PMS2;TERF2;SSBP1;LONP1;MCM4;DHX36;IGHMBP2;TDP1;RAD51AP1;POLR2H;HMGB1;SMARCA1;RECQL;MCM6;MCM7;DDX11;FUBP3;WDR48;RAD23B;RAD54L;HMCES;DHX9;HNRNPDL;HNRNPU;MCM9;SMARCAL1;TP53;SMC6;POLR3C;ZRANB3;TSNAX;WBP11;TDP2;SSBP3;MSH2;PARK7;SMC2;RAD18;NEIL3;SMC5;TSN;BRCA2;ERCC5;NABP1;RAD50;POLR2G;APTX;PURA;NABP2;SETMAR;MCM8;HROB;TEN1;BIVM;NOL12;FAM111A;MMS22L;STN1;RAD52;RAD51D;SWSAP1;RADX"
"GOMF_SINGLE_STRANDED_DNA_ENDODEOXYRIBONUCLEASE_ACTIVITY",0.986423419601188,1,0.252186867336415,0.491496004779865,4649,12,"EXOG;SND1;ERCC1;ERCC4;RBBP8;XRCC1;MRE11;ENDOG;RAD50;SETMAR;ASTE1;DCLRE1C"
"GOMF_SINGLE_STRANDED_DNA_EXODEOXYRIBONUCLEASE_ACTIVITY",0.813641133263379,1,0.39837269099753,0.746681384115469,3876,10,"MEIOB;MGME1"
"GOMF_SINGLE_STRANDED_DNA_HELICASE_ACTIVITY",0.975845410628019,1,-0.273998129212293,-0.610201297052365,5251,23,"HELQ;POLQ;MCM8;RFC3;WRNIP1;DNA2;MCM9;DHX9;HELB;MCM7;MCM6;RFC5;MCM4;RFC4;MCM5;MCM3;RFC2;DSCC1;CHTF8;CHTF18;MCM2;PIF1"
"GOMF_SINGLE_STRANDED_RNA_BINDING",1,1,-0.189078268931274,-0.522952962628328,5605,82,"PIWIL1;TLR7;CBX8;ELAVL4;RBM11"
"GOMF_SIRNA_BINDING",0.451256664127951,1,-0.539618209993516,-1.02254923736312,2369,11,"TLR7"
"GOMF_SMAD_BINDING",0.85756009885419,1,0.293921069472217,0.830334688232524,3816,78,"SKOR2;ACVRL1;COL3A1;LDLRAD4;ANKRD1;ZEB2;CITED1;MEF2A"
"GOMF_SMALL_PROTEIN_ACTIVATING_ENZYME_BINDING",0.926992496451024,1,0.349346979301917,0.566075156863106,4570,5,"UBA2;SAE1;SUMO1"
"GOMF_SMALL_RIBOSOMAL_SUBUNIT_RRNA_BINDING",0.970911192448468,1,-0.282244204254669,-0.498279390327987,5039,8,"UTP23;MAP3K20;CIRBP;MRPS18C;MRPS6;RPS13;RPS3;MRPS18A"
"GOMF_SNAP_RECEPTOR_ACTIVITY",0.985474860335195,1,0.260036705666437,0.64970356872564,4409,37,"SNAP25;VAMP1;BNIP1;USE1;VAMP8;SNAP23;STX2;STX11;VAMP7;VTI1B;STX16;STX19;BET1;SNAP29;SNAP47;STX7;TSNARE1;VAMP3;STX3;STX4"
"GOMF_SNARE_BINDING",1,1,-0.205505632828984,-0.58797585889051,5729,106,"SYT8;TXLNB;SYT15;SNAP91;CPLX3;SNCA"
"GOMF_SNORNA_BINDING",0.974396758150672,1,-0.27326937043691,-0.640447436810064,5289,30,"WDR3;HEATR1;UTP25;NOP14;NUDT7;IMP4;DDX21;SDE2;RRP9;DHX37;NUDT1;NOP56;NUFIP1;PRKDC;ISG20;NOP10;IMP3;NHP2;XRCC5;NUDT4;TBL3;BYSL;NOP58;GAR1;DKC1;NUDT16;UTP6;NUDT5;SNU13;NUDT16L1"
"GOMF_SNRNA_BINDING",0.725237327601648,1,-0.339050948190882,-0.860575414803221,4048,46,"RBMXL2;RBM41;LSM8"
"GOMF_SNRNP_BINDING",0.885414480587618,1,0.363336846399095,0.681012693641463,4218,10,"SNRPA;SNRPD1;SNRPN;SNRNP70;SNRPB;RBM23;STRAP"
"GOMF_SODIUM_BICARBONATE_SYMPORTER_ACTIVITY",0.579192861488542,1,0.586550757667549,0.950435617958724,2855,5,"SLC4A5;SLC4A7"
"GOMF_SODIUM_CHANNEL_ACTIVITY",0.981084489281211,1,-0.266296407890537,-0.680672504647592,5445,49,"SCN3A;KCNK9;SCN2B;ASIC4;GRIK1;SCN9A;SCN1A;SCN4B;ASIC3;PKD2L1;ASIC1;SCN8A;SCN3B;TRPM4"
"GOMF_SODIUM_CHANNEL_INHIBITOR_ACTIVITY",0.970068592808148,1,0.284900667458134,0.510514695946991,4666,8,"RSC1A1;SCN1B;NEDD4L"
"GOMF_SODIUM_CHANNEL_REGULATOR_ACTIVITY",0.984101174345077,1,-0.260501657714105,-0.64523030668154,5446,40,"C8orf44-SGK3;CAV3;SCN2B"
"GOMF_SODIUM_ION_BINDING",0.972259680215758,1,-0.279506601823951,-0.493446373920295,5046,8,"CAPN3;SCN8A"
"GOMF_SODIUM_ION_TRANSMEMBRANE_TRANSPORTER_ACTIVITY",0.806990358126722,1,-0.294558818457026,-0.876938766536611,4686,148,"SLC17A8;SLC6A20;SLC23A1;SLC22A1;SLC34A1;SCN3A;SLC10A2;SLC24A5;KCNK9;SCN2B;SLC6A12;ATP1A4;ASIC4;GRIK1;SLC34A3;SLC5A9;SCN9A;SLC9B1;SLC10A4;ATP4A;SLC28A3;SCN1A;SCN4B;SLC8A1;ASIC3"
"GOMF_SODIUM_PHOSPHATE_SYMPORTER_ACTIVITY",0.0452280567267152,1,-0.798825667999359,-1.44710260334053,235,9,"SLC17A8;SLC34A1;SLC34A3"
"GOMF_SODIUM_PROTON_ANTIPORTER_ACTIVITY",0.145047923322684,1,0.626125900371544,1.29537723773711,680,15,"SLC9C1;SLC9A4;SLC9A2;SLC38A3;SLC9A3;SLC9A5;SLC9A1"
"GOMF_SOLUTE_INORGANIC_ANION_ANTIPORTER_ACTIVITY",0.310299584517822,1,0.452652190610615,1.09005356521455,1418,30,"SLC26A9;SLC26A5;SLC4A5;SLC4A1;SLC26A7;SLC25A30"
"GOMF_SOLUTE_MONOATOMIC_CATION_SYMPORTER_ACTIVITY",0.0685434516523868,1,-0.442031577008398,-1.25554292799504,391,100,"SLC36A2;SLC17A8;SLC2A9;SLC39A5;SLC6A20;SLC23A1;SLC22A1;SLC34A1;SLC10A2"
"GOMF_SOLUTE_POTASSIUM_ANTIPORTER_ACTIVITY",0.231605886116443,1,0.548932572434121,1.18682110138983,1085,18,"SLC9C1;SLC9A4;SLC9A2;SLC9A3;SLC9A5;SLC9A1;TMCO3;SLC24A4"
"GOMF_SOLUTE_PROTON_SYMPORTER_ACTIVITY",0.0775700934579439,1,-0.625801118562611,-1.37822280432535,414,22,"SLC36A2;SLC2A9"
"GOMF_SOLUTE_SODIUM_SYMPORTER_ACTIVITY",0.407387387387387,1,-0.381816233746024,-1.0208548567495,2260,66,"SLC17A8;SLC6A20;SLC23A1;SLC22A1;SLC34A1;SLC10A2"
"GOMF_SOMATOSTATIN_RECEPTOR_ACTIVITY",0.577570472520787,1,0.587651073226701,0.952218548224761,2847,5,"SSTR4;SSTR3;SSTR5"
"GOMF_SPECTRIN_BINDING",0.926759947529515,1,0.300506417475129,0.707610305128357,4238,27,"SLC26A5;GBP1;PTPRN"
"GOMF_SPERMIDINE_TRANSMEMBRANE_TRANSPORTER_ACTIVITY",0.636382072601906,1,0.553020122311528,0.89610321838622,3137,5,"SLC22A16;SLC22A3"
"GOMF_SPHINGOLIPID_BINDING",0.49565378213427,1,-0.428320405516095,-0.976494032165355,2679,26,"SELL;CERKL;GLTPD2;PLA2G4A;MAG;EPDR1"
"GOMF_SPHINGOLIPID_TRANSFER_ACTIVITY",0.803895359938896,1,-0.408345161030618,-0.756746740459457,4209,10,"MTTP;GLTPD2"
"GOMF_SPHINGOLIPID_TRANSPORTER_ACTIVITY",0.979918185198959,1,-0.275472469674191,-0.60095447200703,5269,21,"MFSD2B;MTTP;GLTPD2;ABCG2;ABCB1;ATP10A"
"GOMF_SPHINGOMYELIN_PHOSPHODIESTERASE_ACTIVITY",0.941741618969747,1,0.323481805249136,0.545000892188886,4606,6,"SMPD1;SMPDL3B"
"GOMF_SPHINGOSINE_1_PHOSPHATE_PHOSPHATASE_ACTIVITY",0.616605380298045,1,-0.530107593987241,-0.905965598251942,3185,7,"SGPP2"
"GOMF_SPHINGOSINE_1_PHOSPHATE_RECEPTOR_ACTIVITY",0.950877926421405,1,0.304868252530151,0.559939261435851,4548,9,"S1PR4;SPHK1;S1PR2"
"GOMF_SPHINGOSINE_N_ACYLTRANSFERASE_ACTIVITY",0.402068252326784,1,0.625333949039728,1.08724666265005,1943,7,"CERS3;CERS2;CERS1"
"GOMF_SPLICING_FACTOR_BINDING",0.618356500408831,1,0.536180411752649,0.903354680348529,3024,6,"RBM20;SF3B1;RBM14;SF3B4;DYRK1A"
"GOMF_STAT_FAMILY_PROTEIN_BINDING",0.738405519356075,1,-0.445010257874399,-0.806152742057106,3852,9,"SPI1;PARP9;PPARG"
"GOMF_STEROID_BINDING",0.991549295774648,1,0.250613583997468,0.724415631604454,4223,95,"CETP;NPC1L1;IRX5;NR3C2;CYP2R1;APOA2;PDIA2;RORC;MINAR2;APOA1;NINJ2;PTCH1;PGR;INSIG2;CYP21A2;OSBP2;NR1H3;GRAMD1C;GPR141;OSBPL5;ABCG1;PAQR5;ABCA1;RORA;VMA12"
"GOMF_STEROID_DEHYDROGENASE_ACTIVITY",0.989438943894389,1,0.254524958422108,0.619382094345713,4496,32,"SRD5A2;HSD17B3;RDH16;HSD11B1L;RDH8;HSDL1;HSD17B4;HSD17B8;HSD17B1"
"GOMF_STEROID_DEHYDROGENASE_ACTIVITY_ACTING_ON_THE_CH_OH_GROUP_OF_DONORS_NAD_OR_NADP_AS_ACCEPTOR",0.946681175190424,1,0.294376798594494,0.687768670168328,4349,26,"SRD5A2;HSD17B3;RDH16;HSD11B1L;RDH8;HSD17B4;HSD17B8;HSD17B1"
"GOMF_STEROID_HORMONE_BINDING",0.183757338551859,1,-0.766654410801332,-1.26861441522218,938,6,"GPER1;NR3C1;SULT2B1"
"GOMF_STEROID_HYDROXYLASE_ACTIVITY",0.705815923207228,1,-0.396188827178345,-0.836838123783937,3749,18,"CYP3A43;CYP3A4;CYP1A1;CYP2C8;CH25H;CYP39A1"
"GOMF_STEROL_BINDING",0.278262816207746,1,0.399452680178571,1.08855458381901,1242,61,"CETP;NPC1L1;APOA2;RORC;MINAR2;APOA1;NINJ2;PTCH1;INSIG2;OSBP2;NR1H3;GRAMD1C;GPR141;OSBPL5;ABCG1;ABCA1;RORA;VMA12"
"GOMF_STEROL_ESTER_ESTERASE_ACTIVITY",0.661892781110896,1,-0.509219177050456,-0.870266831885796,3419,7,"LCAT;LIPA;CES1;LDAH"
"GOMF_STEROL_TRANSFER_ACTIVITY",0.349241257972289,1,0.439830833909357,1.06482136500776,1587,31,"ABCG8;CETP;ABCG5;APOA2;APOA1;GRAMD1C;ABCG1;ABCA1"
"GOMF_STORE_OPERATED_CALCIUM_CHANNEL_ACTIVITY",0.596524727897651,1,-0.493080996443729,-0.913779499430177,3123,10,"TRPC7;TRPC3;TRPC6"
"GOMF_STRUCTURAL_CONSTITUENT_OF_CHROMATIN",0.918657052726453,1,0.282364947991738,0.79869696710217,4076,79,"H4C6;H4C1;H2BW2;H1-1;H4C2;H2BC10;H2AC13;H3-7;H2AC16;H3C12;H4C11;H4C15;H2AC4;H3C10;H4C5;H2BC6;H2BC9;H2AC6;H2BC13;H2AC11;H2AJ;H2AB3;H2BC21;H2BC8;H2AC18;H2BC18;H2BC5;H1-3;H3C3"
"GOMF_STRUCTURAL_CONSTITUENT_OF_CYTOPLASMIC_LATTICE",0.477994868758634,1,-0.712998319841149,-1.0590967381381,2421,3,"OOEP;TLE6;KHDC3L"
"GOMF_STRUCTURAL_CONSTITUENT_OF_CYTOSKELETON",0.322084280468613,1,-0.372686996730821,-1.05857714118058,1841,100,"LORICRIN;KRT15;TUBB1;ACTL8;TUBB8B;TUBA8;TUBA4B;POTEI;POTEF;TUBA3D;SPTBN4;TUBB8"
"GOMF_STRUCTURAL_CONSTITUENT_OF_EYE_LENS",0.245311167945439,1,0.560604422683394,1.17743667451117,1150,16,"CRYAA;LIM2;CRYBA4;HSPB2;CRYAB;HSPB6;CRYGN;CRYBB3;CRYGS"
"GOMF_STRUCTURAL_CONSTITUENT_OF_MUSCLE",0.0566375643608686,1,0.54707456591752,1.38453119071483,252,40,"MYL2;MYL1;CSRP3;MYH8;MYOM3;MYBPC1;MYL11;DMD;MYH11;MYBPC2;MYL5;ACTN3"
"GOMF_STRUCTURAL_CONSTITUENT_OF_MYELIN_SHEATH",0.953408439946534,1,-0.311656556279661,-0.577563065795137,4992,10,"MOBP;NCMAP"
"GOMF_STRUCTURAL_CONSTITUENT_OF_NUCLEAR_PORE",0.281695354432723,1,-0.496923462655204,-1.12460962767309,1521,25,"POM121L2"
"GOMF_STRUCTURAL_CONSTITUENT_OF_POSTSYNAPSE",0.952363020146865,1,-0.302644319689281,-0.631863037033032,5057,17,"ACTL8;POTEI;POTEF"
"GOMF_STRUCTURAL_CONSTITUENT_OF_POSTSYNAPTIC_ACTIN_CYTOSKELETON",0.191019934197794,1,-0.739135327321606,-1.26319861590623,986,7,"ACTL8;POTEI;POTEF"
"GOMF_STRUCTURAL_CONSTITUENT_OF_POSTSYNAPTIC_SPECIALIZATION",0.227337254106672,1,0.769547469780004,1.24695998671522,1120,5,"TANC2;PPFIA2;GIT1"
"GOMF_STRUCTURAL_CONSTITUENT_OF_PRESYNAPTIC_ACTIVE_ZONE",0.95511892450879,1,0.309577043960522,0.538250975172565,4617,7,"RIMS1;RIMS2;ERC2"
"GOMF_STRUCTURAL_CONSTITUENT_OF_RIBOSOME",0.184902054467272,1,0.359808462953799,1.11348184957364,773,161,"RPS4X;MRPL28;RPL29;RPL36A;RPS15A;RPL13A;RPL37A;RPL17;RPS9;RPL4;MRPS18A;RPL18A;RPLP2;FAU;RPL34;RPL10;RPL23;RPS16;RPL5;RPLP1;RPS27;RPL11;RPL18;RPL3;RPSA2;RPS10;MRPL35;MRPL52;RPL12;RPL7;RPS15;RPL22;RPL21;RPL15;RPL7A;RPL31;RPS20;RPS3A;MRPL30;RPS6;RPL27A;RPS8;RPS5;RPL30;RPL8;RPS4Y1;RPS24;RPL26;RPSA;RPL32;RPS17;RPLP0;RPL13;RPL28;RPL36AL;MRPL17;RPS29;RPL10A;UBC;RPL38;RPS7;RPS12;RPS19;RPS26;RPL27;RPS28;RPL24;RPL35;RPS2;RPS23;RPS27A;GADD45GIP1;RPL19;RPS11;RPS3;RPL36;RPL37;MRPS24;UBA52;RPL7L1;MRPL16;MRPL10;RPL14;MRPL12;RPS18;RPS13;MRPL2;RPL6;MRPL22;MRPL23;MRPS6;RPS14;MRPS7;MRPL45;RPL35A;RPS21;RPL39;MRPS30"
"GOMF_STRUCTURAL_CONSTITUENT_OF_SKIN_EPIDERMIS",0.589989350372737,1,0.43978123809312,0.909853122305948,2769,15,"KRT12;KRT13;KRT80;PNPLA1;KRT86;KRT17;PKP1;FLG"
"GOMF_STRUCTURAL_CONSTITUENT_OF_SYNAPSE",0.998149176383491,1,-0.211356258723804,-0.478329765633709,5392,25,"ACTL8;POTEI;POTEF"
"GOMF_STRUCTURAL_CONSTITUENT_OF_TOOTH_ENAMEL",0.710084862837971,1,-0.641771668575792,-0.856886929068413,3597,1,"TUFT1"
"GOMF_STRUCTURAL_MOLECULE_ACTIVITY",1,1,0.203357610726041,0.707915054803584,3362,704,"H4C6;CRYAA;MYL2;CLDN2;KRT12;ZP4;MYL1;LUM;H4C1;H2BW2;KRT13;COL19A1;CSRP3;COL15A1;COL3A1;KRT80;MYH8;MYOM3;PNPLA1;COL4A3;PRPH;MUC2;ZP3;TANC2;H1-1;SNTG1;H4C2;COMP;NTN5;H2BC10;LIM2;PPFIA2;ACTL10;DES;CRYBA4;TUBAL3;HSPB2;H2AC13;H3-7;MFAP5;H2AC16;VTN;BGLAP;H3C12;KRT86;CRYAB;HSPB6;MMRN1;CLDN22;AHNAK;H4C11;H4C15;PRELP;H2AC4;CTHRC1;OTOG;SPAG4;PODN;IGFBP7;CLTCL1;GFAP;COL4A4;KRT17;H3C10;MEGF11;OGN;COLQ;PKP1;H4C5;H2BC6;ACTG2;RIMS1;CRYGN;TUBA3E;H2BC9;COL7A1"
"GOMF_STRUCTURAL_MOLECULE_ACTIVITY_CONFERRING_ELASTICITY",0.968229954614221,1,-0.293917327609145,-0.568772396250607,5119,12,"FBN1;FBN2;FBLN5;TTN"
"GOMF_SUCCINATE_TRANSMEMBRANE_TRANSPORTER_ACTIVITY",0.790375203915171,1,0.479741856646428,0.749855219510645,3875,4,"SLC13A3;SLC16A1;SLC13A5;SLC25A10"
"GOMF_SUGAR_TRANSMEMBRANE_TRANSPORTER_ACTIVITY",0.810951760104302,1,-0.350112516985311,-0.785658531914951,4353,24,"SLC2A9;SLC23A1"
"GOMF_SULFATE_BINDING",0.987735077677841,1,0.25316797587687,0.426536424885731,4831,6,"SULT1A4;SMAD4"
"GOMF_SULFATE_TRANSMEMBRANE_TRANSPORTER_ACTIVITY",0.51143583227446,1,0.486325864415208,0.968798664038121,2414,13,"SLC26A9;SLC26A5;SLC26A7"
"GOMF_SULFATIDE_BINDING",0.909197651663405,1,-0.374527401183884,-0.619745811598414,4645,6,"TREM2;MANF;PPT1;CLN3;CLN6;TPP1"
"GOMF_SULFOTRANSFERASE_ACTIVITY",0.686070215175538,1,0.337797858875234,0.879022506712122,3028,47,"HS3ST1;HS6ST3;CHST5;HS3ST6;SULT1A4;SULT1A2;HS6ST2;CHST11"
"GOMF_SULFUR_AMINO_ACID_TRANSMEMBRANE_TRANSPORTER_ACTIVITY",0.994668697638995,1,-0.220041037437052,-0.416966645774518,5223,11,"SLC7A11;SLC3A1;MFSD12;SLC25A12;SLC25A13;SLC1A1;SLC43A2"
"GOMF_SULFUR_COMPOUND_BINDING",0.997005489935119,1,-0.249020962728156,-0.774069490688843,5992,235,"IMPG1;DMBT1;CXCL11;GLRA1;CLEC3B;CXCL8;LIPC;SELL;SERPINA10;PRSS57;RTN4RL1;FGF9;TMEM184A;SLIT3;POSTN;APOA5;FBN1;IMPG2;EVA1C;TKTL1;GNMT;SULT1A3;GAL3ST4;ADAMTS1;CCDC80;SOST;ADGRE2;APOB;GREM2;TGFBR3;CCN3;FBLN7;PNPLA3;FGF7;CHST12"
"GOMF_SULFUR_COMPOUND_TRANSMEMBRANE_TRANSPORTER_ACTIVITY",0.952125279642058,1,0.275795988416908,0.747657473341261,4255,59,"SLC26A9;SLC26A5;ABCC11;SLC36A1;SLC7A9;SLC26A7;SLC47A1;SLC44A4"
"GOMF_SULFURIC_ESTER_HYDROLASE_ACTIVITY",0.971671991480298,1,0.286083957178896,0.591872410950247,4561,15,"SULF1;ARSI;ARSD;ARSG;SULF2"
"GOMF_SULFURTRANSFERASE_ACTIVITY",0.983769333587932,1,-0.25842529028292,-0.478914689671626,5151,10,"MOCOS;NFS1"
"GOMF_SUMO_BINDING",0.987196384861608,1,-0.247382899060136,-0.516487836516,5242,17,"SIMC1;RNF111;CASP8AP2;SOBP;PELP1;TDG;SERBP1;CBX4;USPL1;PML;RNF4;HERC2;HABP4;GCNA;USP25;UBA2;TOLLIP"
"GOMF_SUMO_LIGASE_ACTIVITY",0.963362981787378,1,0.297196118878448,0.592037610981216,4548,13,"ZBED1;EGR2;ZMIZ1;PIAS1;ZNF451;PIAS4;CBX4;ZMIZ2;KIAA1586;RANBP2;PIAS2;NSMCE2;PIAS3"
"GOMF_SUMO_POLYMER_BINDING",0.660665362035225,1,-0.528518291383899,-0.874560836945289,3375,6,"SIMC1;RNF111;CASP8AP2;SOBP"
"GOMF_SUMO_TRANSFERASE_ACTIVITY",0.873342175066313,1,0.313264562627983,0.77201978643204,3950,34,"RNF212B;RNF212;RGPD2;ZBED1;RGPD8;CDKN2A;RGPD3;RGPD4;EGR2;ZMIZ1;SUMO2"
"GOMF_SUPERCOILED_DNA_BINDING",0.562142273098937,1,0.564771447390619,0.951524746418541,2749,6,"ABL1;HMGB2;RPS3;TOP1"
"GOMF_SUPEROXIDE_GENERATING_NAD_P_H_OXIDASE_ACTIVITY",0.202736842105263,1,0.651608815078248,1.24560599910935,962,11,"CYBB;NOX5;NOX3"
"GOMF_SUPEROXIDE_GENERATING_NADPH_OXIDASE_ACTIVATOR_ACTIVITY",0.354974221882757,1,-0.59560411822645,-1.10377572231914,1858,10,"NCF1B"
"GOMF_SUPEROXIDE_GENERATING_NADPH_OXIDASE_ACTIVITY",0.308456702494423,1,0.731569586959234,1.1854213524953,1520,5,"CYBB;NOX5;NOX3"
"GOMF_SYMPORTER_ACTIVITY",0.112830319888734,1,-0.406514043463876,-1.19009996697863,648,128,"SLC36A2;SLC17A8;SLC2A9;SLC39A5;SLC6A20;SLC23A1;SLC22A1;SLC34A1;SLC10A2;SLC24A5;MFSD2B;SLC6A12;SLC6A16;SLC22A4;SLC34A3;SLC22A5;SLC5A9;SLC46A2;SLC46A3;SLC10A4;SLC28A3;SLC6A17;SLC12A4;SLC15A2"
"GOMF_SYNDECAN_BINDING",0.707947150463419,1,-0.518323819934591,-0.832836949040023,3589,5,"TNC;HPSE"
"GOMF_SYNTAXIN_1_BINDING",0.724498506188647,1,0.376788405829918,0.824368152020285,3394,19,"SLC6A4;SNAP25;CPLX1;NSF;PRRT2;CPLX2;STXBP1;STXBP5;UNC13C;LRRK2;STXBP2;VAMP3;STXBP3"
"GOMF_SYNTAXIN_BINDING",0.999775684163302,1,0.165867401804994,0.450368092821939,4456,60,"SLC6A4;BAIAP3;SNAP25;VAMP1;CPLX1;SYT7;NSF;PRRT2;SYT6;ABCA1;DOC2B;VPS52;CPLX2;VAMP8;SNAP23;ABL1;STXBP1;NAPG;STXBP5;STX16;UNC13C;SNAP29;STXBP5L;LRRK2;SNAP47;VPS11;NAPA;GOLGA2;STX7;STXBP2;TMED9;VAMP3"
"GOMF_T_CELL_RECEPTOR_BINDING",0.142612338156893,1,-0.691137266341406,-1.30967019185495,748,11,"MR1;CD3E;HLA-DRA"
"GOMF_TAP_BINDING",0.790013547513064,1,-0.446035747021082,-0.762284953045649,4081,7,"HLA-F;TAPBP;TAP2;HLA-A;TAP1;HLA-B;HLA-C"
"GOMF_TASTE_RECEPTOR_ACTIVITY",0.683901515151515,1,-0.430180048183921,-0.846656266920528,3610,13,"TAS2R31;TAS2R10;TAS2R13;PKD1L3"
"GOMF_TAT_PROTEIN_BINDING",0.98510597670422,1,-0.253848210534357,-0.470432428802399,5158,10,"MDFIC;DNAJA1;CTDP1;ACTB;DLL1;NPM1;SMARCB1;GABARAPL1;TRIM32;SMARCA4"
"GOMF_TAU_PROTEIN_BINDING",0.978987799367375,1,0.264182374746284,0.680158277588269,4332,44,"S100B;HSPA2;CLU;MAP1A;BRSK1;PICALM;APOE"
"GOMF_TAU_PROTEIN_KINASE_ACTIVITY",0.803955288048151,1,0.347152264278346,0.783237438744738,3739,22,"PHKG1;BRSK1"
"GOMF_TAURINE_TRANSMEMBRANE_TRANSPORTER_ACTIVITY",0.839926590538336,1,0.440337928848972,0.688265344625246,4118,4,"SLC36A1;SLC16A6"
"GOMF_TBP_CLASS_PROTEIN_BINDING",0.677099071875675,1,0.374254386670366,0.859048091460347,3136,24,"HHEX;NR3C2;AHR;GTF2A1;TAF12;BRF1;TAF11;BRF2;GTF2A2;GTF2B;RUVBL2"
"GOMF_TELETHONIN_BINDING",0.139525451226932,1,0.813295275744088,1.31784809392892,687,5,"CSRP3;KCNE1;MYOZ1"
"GOMF_TELOMERASE_ACTIVITY",0.383278822567457,1,0.662250625066912,1.11575728729515,1874,6,"TEP1;TERT;TERF1;DKC1;PTGES3"
"GOMF_TELOMERASE_INHIBITOR_ACTIVITY",0.712741633755976,1,0.45333258198328,0.812328547064802,3428,8,"POT1;PINX1;TNKS;PIF1"
"GOMF_TELOMERASE_RNA_BINDING",0.929707652622528,1,0.306549534960096,0.691630438043242,4324,22,"TEP1;TERT;PARN;PINX1;TENT4B;SMG7;SNRPB;XRN1;HNRNPC"
"GOMF_TELOMERIC_DNA_BINDING",0.997988826815642,1,0.231092758277892,0.577386909186556,4465,37,"TERT;POT1;ZBTB10;BLM;TINF2;RPA1;HNRNPA1;RPA2;TERF2IP;CTC1;UPF1;TERF1;SMG7;PIF1;KDM1A;SMG6;XRCC6;HNRNPA2B1;TERF2;UPF3A;XRCC5;TELO2;ZBTB48;ACD;UPF2;HNRNPD;NCL;WRN;APEX1;HMBOX1;SMG1;RAD50;PURA;NABP2;SMG5;TEN1;STN1"
"GOMF_TESTOSTERONE_6_BETA_HYDROXYLASE_ACTIVITY",0.0138039834352199,1,-0.915311643101303,-1.47071256798018,69,5,"CYP3A43;CYP3A4"
"GOMF_TETRAPYRROLE_BINDING",0.190532265661799,1,0.372949510243075,1.11840215462966,808,124,"CYBB;IDO2;CYP24A1;HBE1;CYP7A1;NOX5;CYP2E1;CYP4A22;NOX3;HBA2;CYP26C1;MPO;PTGS2;MB;CYP4F11;HRG;CYP26A1;KCNH7;NGB;CYP2A6"
"GOMF_TFIID_CLASS_TRANSCRIPTION_FACTOR_COMPLEX_BINDING",0.938509968520462,1,0.323189558142153,0.605763477413531,4471,10,"AHR;FBL;ERCC1;RUVBL2"
"GOMF_THIAMINE_PYROPHOSPHATE_BINDING",0.749951616024773,1,-0.466427834877135,-0.797135482039505,3874,7,"TKTL1"
"GOMF_THIAMINE_TRANSMEMBRANE_TRANSPORTER_ACTIVITY",0.609638087865299,1,-0.532916809251856,-0.910766609247998,3149,7,"SLC22A1"
"GOMF_THIOESTERASE_BINDING",0.920041972717733,1,0.341562098904792,0.640199658598576,4383,10,"HAUS7;ADRA2A;CDC42;TRAF3;ARF6"
"GOMF_THIOL_OXIDASE_ACTIVITY",0.950489236790607,1,-0.323925911781554,-0.536013457120194,4856,6,"ERO1B;QSOX1;P4HB;GFER;ERO1A;QSOX2"
"GOMF_THIOLESTER_HYDROLASE_ACTIVITY",0.0190100430416069,1,-0.590921345360195,-1.48891587996423,105,44,"ACOT12;ACOT6;OLAH;THEM5"
"GOMF_THIOREDOXIN_DEPENDENT_PEROXIREDOXIN_ACTIVITY",0.855887162714636,1,0.402635096429253,0.678358050498383,4186,6,"PRDX2;PRDX1;SELENOF;PRDX4;PRDX5;PRDX3"
"GOMF_THIOREDOXIN_DISULFIDE_REDUCTASE_NADPH_ACTIVITY",0.210954131991484,1,-0.728767549919411,-1.2454798551051,1089,7,"TXNDC2"
"GOMF_THREONINE_TYPE_ENDOPEPTIDASE_ACTIVITY",0.498362550568291,1,-0.564701489616485,-0.996934958173738,2586,8,"PRSS50"
"GOMF_THREONINE_TYPE_PEPTIDASE_ACTIVITY",0.993939393939394,1,-0.229496164485233,-0.451681491775214,5247,13,"PRSS50;GGT7;ASRGL1"
"GOMF_THYROID_HORMONE_BINDING",0.809774893530724,1,0.449066684709402,0.727659058328874,3992,5,"THRB;CTSH"
"GOMF_THYROID_HORMONE_TRANSMEMBRANE_TRANSPORTER_ACTIVITY",0.568769389865564,1,0.540087213236658,0.939031090560885,2749,7,"SLCO1B1;SLCO1C1;SLC16A2;SLC16A10"
"GOMF_TITIN_BINDING",0.502545608824777,1,0.501292942287598,0.976987743100932,2368,12,"TRIM63;ANKRD1;MYBPC1"
"GOMF_TOLL_LIKE_RECEPTOR_4_BINDING",0.711386918833727,1,-0.605826873878346,-0.852489654428791,3610,2,"TIRAP;DAB2IP"
"GOMF_TOLL_LIKE_RECEPTOR_BINDING",0.91680602006689,1,0.342715853557035,0.629452428485006,4385,9,"TLR2;CD36;TOLLIP"
"GOMF_TORC2_COMPLEX_BINDING",0.313744823506212,1,-0.729435624402715,-1.17204904846033,1590,5,"NCKAP1L"
"GOMF_TOXIC_SUBSTANCE_BINDING",0.8998476770754,1,-0.358043143527001,-0.678473662630892,4725,11,"ALB"
"GOMF_TOXIN_TRANSMEMBRANE_TRANSPORTER_ACTIVITY",0.406339507351537,1,-0.572990431285585,-1.06186795527451,2127,10,"SLC22A1"
"GOMF_TPR_DOMAIN_BINDING",0.867425025853154,1,0.393750310518835,0.684600143149792,4193,7,"PDE2A;RAB8B;STUB1;HSP90AB1"
"GOMF_TRAIL_BINDING",0.917055364023525,1,0.363453374833029,0.588932890108728,4521,5,"TNFSF10;TNFRSF10B;TNFRSF10D;TNFRSF10C;TNFRSF10A"
"GOMF_TRANSAMINASE_ACTIVITY",0.516552020636285,1,0.422439157650941,0.953098101064714,2402,22,"ACCSL;BCAT2;CISD1;GOT1;GFPT2;ACCS;KYAT3;GOT2;KYAT1;GPT2;MGAT4A;AMT;OAT;GFPT1;BCAT1;ABAT;GPT;PSAT1;PHYKPL;AADAT;ETNPPL;TAT"
"GOMF_TRANSCRIPTION_COACTIVATOR_ACTIVITY",0.988007144679765,1,0.253579048326991,0.830284089475781,3871,293,"WNT3A;TRIM31;WBP2NL;GTF2A1L;POU2AF1;LMO1;PRDM16;MYT1L;LPIN3;ANKRD1;MID2;MED12L;CITED1;MAK;YAF2;KAT2B;DTX1;ZXDA;DCAF6;MRTFB;LMO2;TRIM38;CAMTA2;CRTC1;CITED2;ZBED1;CEBPZ;SIRT1;ACTL6B;CCDC62;KMT2E;KMT2C;CARM1;JUND;CRTC3;ATXN7L3;PKM;BRD7;SMARCA2;MED26;NRIP1;KDM4C;SSBP2;SMARCA4;PBXIP1;TMF1;AATF;TAF12;MAML3;TSC22D1;MED12;KAT5;TRIM24;PDLIM1;WWOX;UTF1;MTA3;NCOA2;ING4;TOX3;ACSS2;SFR1;TAF11;DYRK1B;TRIM32;SMARCE1;MED24;ZMIZ1;SNW1;ABL1;SSBP4;TRIM25;HMGB2;ARID1B;IRF4;MED14;GPS2"
"GOMF_TRANSCRIPTION_COACTIVATOR_BINDING",0.274757500563952,1,0.420436220323015,1.09939990174179,1217,48,"GATA2;LHX3;THRB;PGR;PPARA;ATF7;TERT;AHR;NFKB1;RORA"
"GOMF_TRANSCRIPTION_COREGULATOR_ACTIVITY",1,1,0.207507210712482,0.709945527158267,3610,535,"WNT3A;TLE7;MCIDAS;TRIM31;ZNF541;WBP2NL;GTF2A1L;POU2AF1;LMO1;TBXT;PRDM16;ID4;MUC1;MYT1L;PHF24;PARP15;CDYL2;LPIN3;ANKRD1;MID2;MED12L;BCLAF3;CITED1;MAK;KDM7A;MAMSTR;YAF2;WNT4;KAT2B;DTX1;ZXDA;DCAF6;NFE4;MRTFB;MED31;LMO2;TRIM38;CBFA2T3;ID1;CAMTA2;MED15;ZFPM1;KDM2B;NFKB1;CRTC1;CITED2;ZBED1;RAI1;PARP10;TBL1X;CEBPZ;SIRT1;ACTL6B;ZNF653;MECP2;CCDC62;PRMT5;KMT2E;KMT2C;KDM3A;CARM1;HSPA1A;BCORL1;JUND;CRTC3;ATXN7L3;PKM;BRD7;SMARCA2;ZBTB46;MED26;NRIP1;KDM4C;SSBP2;AEBP2;SAP18;SMARCA4;DPF2;PBXIP1;TBL1XR1;TMF1;SND1;FOXH1;MED18;AATF;TAF12;ENO1;MAML3;TSC22D1;MED12;KAT5;TRIM24;PDLIM1;BTG1;WWOX;UTF1;JAZF1;MTA3;NCOA2;ID2;FLYWCH1;ING4;TOX3;ACSS2;DDX54;SFR1;TAF11;NIPBL;MAD2L2"
"GOMF_TRANSCRIPTION_COREGULATOR_BINDING",0.439811542991755,1,0.333139664104046,0.997727735266819,1866,123,"GATA2;LHX3;HAND1;LEF1;THRB;HNF1B;PGR;RUNX3;HDAC5;USP11;PPARA;LMO2;ATF7;KLF4;TERT;BCL6;AHR;FOXP2;NFKB1;HES1;SREBF1;PAX6;RORA"
"GOMF_TRANSCRIPTION_COREPRESSOR_ACTIVITY",1,1,0.155861391224369,0.495133640162468,4058,208,"TLE7;ZNF541;TBXT;PRDM16;ID4;PHF24;PARP15;CDYL2;ANKRD1"
"GOMF_TRANSCRIPTION_COREPRESSOR_BINDING",0.941347660622342,1,0.282474156483702,0.743877862795023,4204,50,"LEF1;RUNX3;HDAC5;USP11;BCL6;HES1;RORA;SMAD4;ENO1;NR1D1;RUNX1;ELOB"
"GOMF_TRANSCRIPTION_ELONGATION_FACTOR_ACTIVITY",0.0193181818181818,1,-0.77626939777144,-1.52780993264666,101,13,"TCEA3"
"GOMF_TRANSCRIPTION_FACTOR_BINDING",1,1,0.207258825539065,0.712359997154595,3564,577,"GATA2;PRRX1;GFI1B;LHX3;HOXC13;CHCHD2;NKX2-1;HOXA7;CRX;PDX1;HHEX;TBXT;IFI27;BHLHE41;HAND1;LEF1;PRDM16;THRB;PTPRN;ID4;PRDM13;MEIS2;ANKRD1;NLRP3;SOX10;ASCL2;NAAA;NR3C2;ISL1;MIXL1;GSC;IFI16;HNF1B;PGR;SRY;FOXC1;ASCL1;RUNX3;KAT2B;H2BC9;FLT3;CEBPA;MEF2A;SOX17;HDAC5;USP11;NFIA;PPARA;STAT5A;NFE4;GBX2;LMO2;BHLHE40;ATF7;KLF4;TERT;BCL6;AHR;KLF5;RUNX2;ZFPM1;GTF2A1;FOXP2;NFKB1;FBP1;PITX1;HES1;SREBF1;CRTC1;PAX6;CITED2;MEF2D;PARP10;RORA;SIRT1;ZNF653;CCDC62;USF2;RBPJ;KDM3A;SOX9;CARM1;JUND;CRTC3;FOS;NRIP1;TEAD3;KDM4C;PIM1;SMARCA4;NR1I2;CDK5RAP3;POU4F1;DACT1;PBXIP1;TMF1;DGKQ;INTS13;TRIB1;NKX3-1;CDKN2A;FOXH1;GATA6;JUN;SMAD4;TAF12"
"GOMF_TRANSCRIPTION_REGULATOR_ACTIVATOR_ACTIVITY",0.967967755621553,1,0.288972076855495,0.563188015171112,4562,12,"STK3;NSD3;PARP1;HIF1A;NOTCH1;SAV1;ZNF143;JMJD6;MBTPS2;ELK1;DDIT3;BICRA"
"GOMF_TRANSCRIPTION_REGULATOR_ACTIVITY",0.996665277198833,1,0.252673699519152,0.916723146441091,2390,1812,"ZNF723;GATA2;EMX2;ZNF98;WNT3A;BARHL2;LHX9;PRRX1;TBR1;TLE7;GFI1B;ERFL;MCIDAS;ZNF729;ZNF492;LHX3;LHX5;KLF14;HOXC13;ZNF99;RHOXF2;DMRTA2;SKOR2;TSHZ2;TRIM31;NKX6-3;ZNF541;WT1;PHOX2B;HOXB3;TFAP2B;PAX4;WBP2NL;HSF4;ZNF736;ZNF676;DMRT3;NKX2-1;ZSCAN4;GTF2A1L;RXRG;DLX2;HOXA7;RFX4;POU2AF1;SOX6;LMX1A;HOXB7;HMX1;CRX;TFAP2A;FEZF2;LMO1;PDX1;POU3F4;HHEX;EBF1;SP7;DMRT2;MSX1;RFX8;ZNF257;TBXT;ARX;ZNF560;ZNF826P;UNCX;CDX2;ZNF728;ZNF534;IRX3;ZEB1;BHLHE41;NEUROG3;DLX5;HAND1;ZNF833P;DMBX1;SHOX2;ZFP57;BORCS8-MEF2B;ZNF705B;MYRFL;HMX3;GATA5;HNF1A;IRX1;FOXG1;ZNF704;KLF2;LEF1;HES4;FOXL1;PRDM16;SPDEF;THRB;HES5;ZNF781;ZNF726;IRX4;TLX3;EN1;NKX2-4;ID4;PAX5;MUC1;ZNF439;MYT1L;NR2F2;DLX6;FOXN4;GFI1;MESP2;PHF24;NFE2;ZNF547;PARP15;MEIS2;TBX1;CDYL2;LPIN3;ANKRD1;ZNF19;MECOM;FOSB;POU3F3;CTCFL;IRF8;ETV2;MESP1;NEUROD2;ZNF800;ZNF791;MID2;SOX10;IRX5;ASCL2;ZNF610;NR3C2;ZNF214;SKIDA1;ZNF446;ZEB2;ZNF264;ISL1;ZNF583;MED12L;CREB5;ZNF528;ZFP3;BCLAF3;ZFP41;RORC;HMX2;CITED1;ZNF680;CREBRF;ZNF223;ZNF613;MIXL1;MAK;PRDM12;KDM7A;HOXB2;GSC;HNF1B;GLIS3;ZNF790;GSC2;CDX1;ZNF441;PGR;FOXB1;RFX3;MAMSTR;MNX1;NFATC2;SRY;ZSCAN26;FOXC1;YAF2;CSRNP3;WNT4;ASCL1;IRF7;RUNX3;KAT2B;SOX15;NTN3;ZNF648;ZNF250;JUNB;ZNF501;CEBPA;ZNF876P;MEF2A;SOX17;ZNF572;SAMD11;HDAC5;NTN1;ZNF280D;SOHLH2;DTX1;NR2F1;TPRX2;ZNF333;GTF2IRD2;ZNF276;PEG3;GLI4;SOX1;ZNF284;SCRT1;LMX1B;NR1H3;ZXDA;GTF2IRD2B;DCAF6;NFIA;HLF;ZNF454;ZNF132;PRRX2;DMRTB1;ZC3H6;ZNF16;PPARA;STAT5A;NFE4;ZNF562;EBF3;MRTFB;GLI1;GBX2;ZNF540;PLAGL1;TBX19;SP5;PAX3;MED31;IRX2;LMO2;BHLHE40;TFAP2C;PROX2;TRIM38;ATF7;PDE3A;ONECUT1;ZNF682;KLF4;ZNF414;POU4F2;CBFA2T3;ZBTB42;BATF2;STAT4;NR2C1;ID1;ZNF607;TGIF2;CAMTA2;ZNF688;ZNF324B;BCL6;MYB;IKZF2;AHR;LHX6;ZNF678;ZNF225;ZNF517;MED15;KLF5;RUNX2"
"GOMF_TRANSCRIPTION_REGULATOR_INHIBITOR_ACTIVITY",0.999274310595065,1,-0.191943685535427,-0.473434603120525,5507,39,"TCF23"
"GOMF_TRANSFERASE_ACTIVITY_TRANSFERRING_ALKYL_OR_ARYL_OTHER_THAN_METHYL_GROUPS",0.0715567519066846,1,0.488234559868522,1.30994314339882,318,56,"GSTA1;GSTT2;CLIC2;GSTM1;GSTT2B"
"GOMF_TRANSFERASE_ACTIVITY_TRANSFERRING_NITROGENOUS_GROUPS",0.587232181897683,1,0.389057329556691,0.916123449186633,2685,27,"ACCSL;NOS1"
"GOMF_TRANSFERASE_ACTIVITY_TRANSFERRING_ONE_CARBON_GROUPS",1,1,-0.165483300554807,-0.509476577174394,5944,209,"EEF1AKMT4-ECE2;TRMT9B;SMYD1;METTL21EP;EEF1AKMT1;BHMT;TMT1B;GNMT;METTL25;PRDM6;RRP8;PRDM1;ATPSCKMT;FAM86B1;METTL4;SMYD2;ALKBH8;THUMPD3;MRM1;MGMT;FBLL1;ETFBKMT;KMT2A;METTL8;TYW3;TYMS;HEMK2;PRDM15;SETD7;KMT2D;TRMT10A;PRDM7;EEF2KMT;NTMT1;KMT2B;TRMT5;FTSJ1;TRMT1;PRDM11;PRMT7;NDUFAF5;NSD1;MTFMT;TARBP1;CAD;SETMAR;PRMT3;TRMO;ZCCHC4;TMT1A;GATM;FBXO11;TRMT1L;PRDM4;SETDB1;FTSJ3;METTL18;LCMT1;SMYD5;TPMT;METTL23;NOP2;SHMT2;AMT;METTL6;PRMT2;DNMT3A;THUMPD2;COMTD1;SETD3;METTL2A"
"GOMF_TRANSFERASE_ACTIVITY_TRANSFERRING_PHOSPHORUS_CONTAINING_GROUPS",1,1,0.150605540748407,0.530999722015992,3147,887,"TNNI3K;PRKY;SPEGNB;ACVRL1;SRPK3;ANKK1;CKM;STKLD1;PRKACG;CDK15;ALK;ZAP70;SGK2;AVP;PHKG1;TGFBR3L;AK8;NME9;HCK;DCLK3;NME5;PNCK;IRAK2;FAM20A;PARP15;ITK;PDK2;ALPK1;PIPSL;MAP4K1;GCK;SBK3;CDKL3;SGMS2;AATK;PMS2P1;EPHA4;MAK;BTK;PKDCC;EFNA3;RET;HUNK;POLR2J3;CGAS;OAS3;ALPK2;CDKL4;PIK3R3;MYO3A;NEK10;SPHK1;FLT3;PDGFRA;LMTK3;CDK19;HJV;DCLK1;TEP1;INSR;WNK4;ERN2;CMPK2;MOK;KSR1;AK7;FKTN;PLK5;IRAK4;GPHN;MOS;PGK1;STK3;FGFR3;PARP12;TERT;MAPK11;ULK2;AKT3;CDK6;HYKK;PRKCG;EPHA10;DCLK2;NPR2;PARP3;CAMK1G;SGK3;PIGF;FER;TLK2;EIF2AK3;PTK6;POLM;BMPR1B;WEE1;POLD4;ADCY7;STK16;PARP10;PRKG1;CDK17;BMPR2;KHK;PIK3CD;TK2;DGKE;PARP16;ERBB3;EIF2AK4;VRK3;JAK3;CDK3;TGFBR1;TYK2;HIPK4;ADCK5;PKM;EPHB2;WNK3;REV1;ULK4;RPS6KA4;NTRK1;JAK2;POLN;PIM1;TESK2;TRPT1;GRK4;STK32B;TNKS;DGKQ;PDK3;CDK8;DYRK4;TRIB1;SRPK2;CASK;MAP2K6;NMNAT3;MAP3K6;PTDSS2;ART5;POLR1H;EIF2AK1;PRIMPOL;FGFR1;POLK;NME6;TJP2;CLK3;DGKD;DAPK2;MYLK2;GRK6;CKB;EPHA7;ACVR1C;ROR2;TRIM24;GLYCTK;MAPK10;PGS1;UGP2;UCKL1;PINK1;MAP4K2;EPHB6;NUAK2;BRSK1;SIRT4;PRKD1;RIPK4;ATR;PNKP;SIK2;RIOK3;PFKFB1;NEK11;MAP3K13;HSPB8;CEPT1;PARP2;PDGFRB;CKMT2;NME3;STK24;LATS2;KIT"
"GOMF_TRANSFERASE_ACTIVITY_TRANSFERRING_SULPHUR_CONTAINING_GROUPS",0.94961934617107,1,0.276222307986375,0.758018920062286,4240,64,"HS3ST1;HS6ST3;CHST5;HS3ST6;SULT1A4;OXCT2;SULT1A2;HS6ST2;CHST11;TSTD1"
"GOMF_TRANSFERRIN_RECEPTOR_BINDING",0.985060514372163,1,-0.256024559236404,-0.495444427317134,5208,12,"HFE;TF"
"GOMF_TRANSFORMING_GROWTH_FACTOR_BETA_BINDING",0.364285714285714,1,0.465953151362326,1.05908512068835,1682,23,"ACVRL1;TGFBR3L;WFIKKN2;LRRC32;CD36"
"GOMF_TRANSFORMING_GROWTH_FACTOR_BETA_RECEPTOR_ACTIVITY",0.317776834959695,1,0.578323435118127,1.12711522544094,1497,12,"ACVRL1;TGFBR3L;BMPR1B;BMPR2;TGFBR1"
"GOMF_TRANSFORMING_GROWTH_FACTOR_BETA_RECEPTOR_ACTIVITY_TYPE_I",0.205029405800041,1,0.779278982766266,1.26272874404417,1010,5,"ACVRL1;BMPR1B;TGFBR1"
"GOMF_TRANSFORMING_GROWTH_FACTOR_BETA_RECEPTOR_BINDING",0.746439800258924,1,-0.363545906113623,-0.828819741404452,4035,26,"AMH;TGFB3;TGFBR3;SMAD7;SMAD3;TGFBR2;ENG;BAMBI"
"GOMF_TRANSITION_METAL_ION_TRANSMEMBRANE_TRANSPORTER_ACTIVITY",0.83027027027027,1,-0.320809670628462,-0.800985995826774,4607,42,"SLC39A5;SLC30A4"
"GOMF_TRANSKETOLASE_OR_TRANSALDOLASE_ACTIVITY",0.732836406433896,1,-0.519257063962363,-0.806604204397452,3735,4,"TKTL1"
"GOMF_TRANSLATION_ACTIVATOR_ACTIVITY",0.964483482910063,1,-0.296612964204898,-0.549684226142315,5050,10,"BOLL;DAZL;RPS27L"
"GOMF_TRANSLATION_ELONGATION_FACTOR_ACTIVITY",0.244845360824742,1,0.529186738990965,1.16904472154414,1139,20,"ABTB1;EIF5A2;EEF1G;EEF2;EEF1A1;EEF1A1P5;GTPBP1;EEF1B2;EEF1A2;GFM2"
"GOMF_TRANSLATION_FACTOR_ACTIVITY",1,1,0.162170086412451,0.462617134457661,4352,85,"ABTB1;EIF5A2;AGO2;CPEB3;CPEB2;EIF1AX;EIF3CL;EIF4A2;EIF1AY;EEF1G;EEF2;EEF1A1;EIF2B3;EIF3L;EEF1A1P5;EIF4B;GTPBP1;EIF3E;EEF1B2;EEF1A2;EIF2S3B;EIF3G;EIF5;GFM2;EIF3H"
"GOMF_TRANSLATION_FACTOR_ACTIVITY_RNA_BINDING",0.996635514018692,1,-0.223814436929191,-0.49291404531452,5331,22,"CPEB1;CPEB4;EIF4G1;ABCF1;EIF2S2;EIF4G3;GCN1;MTIF3;EIF4E2;EIF4G2;EEF2K;EIF2S3;EIF4H;EIF1;EEF1D;MTIF2;EIF4A1;EEF1A2;EIF2B3;EIF1AX;CPEB2;CPEB3"
"GOMF_TRANSLATION_INITIATION_FACTOR_ACTIVITY",0.99927797833935,1,-0.218630451415455,-0.562382275250786,5535,51,"EIF2S1;EIF4E3;EIF5B;EIF3C;EIF4G1;EIF3J;EIF2B2;EIF2B5;MCTS1;EIF2S2;EIF1AD;EIF4G3;MTIF3;DHX29;EIF2B1;EIF4E2;EIF4G2;EIF3A;EIF3B;EIF2S3;EIF4H;DENR;EIF4E;EIF6;EIF3D;EIF1;EIF1B;EIF3M;EIF2D;MTIF2;EIF4E1B;EIF3I;EIF4A1;EIF2B4;EIF2A;EIF3F;COPS5;EIF3K;EIF3H;EIF5;EIF3G;EIF2S3B;EIF3E;EIF4B;EIF3L;EIF2B3;EIF1AY;EIF4A2;EIF3CL;EIF1AX;AGO2"
"GOMF_TRANSLATION_INITIATION_FACTOR_BINDING",0.940578749723879,1,0.291344532706563,0.713608571878854,4257,33,"HHEX;OTX2;EIF3CL;TRIM32;RPS24;LIN28A;EIF5;EIF3F;GLE1;ZPR1;ANGEL1;EIF2B4"
"GOMF_TRANSLATION_REGULATOR_ACTIVITY",1,1,-0.162650313101845,-0.426954578969605,5540,58,"BOLL;AIRE;NEURL1;PRKCH;CPEB1;CPEB4;SAMD4A;TYMS;DAZL"
"GOMF_TRANSLATION_REPRESSOR_ACTIVITY",0.999636759898293,1,-0.186190549013611,-0.45020870918296,5503,35,"CPEB1;CPEB4;SAMD4A;TYMS;PURA;ACO1;DHFRP1;SAMD4B;CELF4;IREB2;CYFIP1;RARA;EIF4EBP1;C8orf88;SERBP1;NANOS1;EIF4EBP2;CELF1;PAIP2;CIRBP;IFRD2;ZFP36L1;FMR1;EIF4EBP3;ZFP36;SHMT1;DHFR;PURB;TRIM71;PAIP2B;ZFP36L2;CPEB2;CPEB3;GIGYF2;ZNF540"
"GOMF_TRANSLATION_TERMINATION_FACTOR_ACTIVITY",0.492935939616799,1,-0.589081155799948,-1.00675271923399,2546,7,"MTRF1;MTRF1L;ETF1;MTRFR;MRPL58;GSPT1"
"GOMF_TRANSMEMBRANE_EPHRIN_RECEPTOR_ACTIVITY",0.997444089456869,1,0.213633951189525,0.441982287291638,4682,15,"EPHA4;EFNA3;EPHA10;EPHB2;EPHA7;EPHB6;EFNB3"
"GOMF_TRANSMEMBRANE_RECEPTOR_PROTEIN_KINASE_ACTIVITY",0.99101688825009,1,-0.253729657383167,-0.694836498064956,5515,77,"INSRR;ERBB4;TIE1;LTK;NTRK2;SOSTDC1;EPHA5;MERTK;DDR2;FLT4;TGFBR3;EPHA6;EGFR;EPHA2;MST1R;TEK;TGFBR2"
"GOMF_TRANSMEMBRANE_RECEPTOR_PROTEIN_PHOSPHATASE_ACTIVITY",0.76068536998682,1,-0.382234636891666,-0.79803228678982,4039,17,"PTPRH;PTPRE;PTPRB;PTPRT;PTPRG;PTPRN2;PTPRZ1;PTPRC"
"GOMF_TRANSMEMBRANE_RECEPTOR_PROTEIN_SERINE_THREONINE_KINASE_ACTIVITY",0.567498400511836,1,0.426026659099393,0.921092050580499,2660,18,"ACVRL1;TGFBR3L;HJV;BMPR1B;BMPR2;TGFBR1"
"GOMF_TRANSMEMBRANE_RECEPTOR_PROTEIN_SERINE_THREONINE_KINASE_BINDING",0.990692640692641,1,0.248352895248868,0.56449206378136,4576,23,"BMP4;RSPO2;BMP7;BMP6;SCUBE3;ELAPOR2;MAGI2;BMP2"
"GOMF_TRANSMEMBRANE_RECEPTOR_PROTEIN_TYROSINE_KINASE_ACTIVATOR_ACTIVITY",0.92291401948327,1,0.331100773552655,0.659578300375852,4357,13,"GREM1;EFNA5;EGF;NRG3;BTC;DGKQ"
"GOMF_TRANSMEMBRANE_RECEPTOR_PROTEIN_TYROSINE_KINASE_ACTIVITY",0.653109182935647,1,-0.343058601659206,-0.901221142565136,3612,59,"INSRR;ERBB4;TIE1;LTK;NTRK2;EPHA5;MERTK;DDR2;FLT4;EPHA6;EGFR;EPHA2;MST1R;TEK"
"GOMF_TRANSMEMBRANE_RECEPTOR_PROTEIN_TYROSINE_KINASE_ADAPTOR_ACTIVITY",0.140575079872204,1,0.628751458539215,1.30080919365003,659,15,"GAB4;DOK2;TRADD"
"GOMF_TRANSMEMBRANE_SIGNALING_RECEPTOR_ACTIVITY",0.766621843717317,1,-0.278290996449618,-0.938155222836094,5130,734,"GPR18;AVPR2;IL12B;HAVCR2;PRLHR;GLRA1;OR56B4;P2RY10;FCGR3A;CNR2;OR2W6P;OR5H6;TMIGD3;LILRA6;GPR45;OR1L8;HTR2A;ABCC9;IGSF6;CCR4;INSRR;GABRG3;OR11H7;FCGR1A;MR1;NPY6R;FCGR2C;OR1G1;F2RL3;OR2A2;OR2A12;OR1M1;TAS2R31;TAS2R10;GPR82;OR10G4;TAS2R13;GPR152;CHRM5;PTPRH;OR2A5;MAS1;CD3E;ADRB3;HRH1;GNRHR;CXCR6;GPR4;RRH;ERBB4;OPRL1;ADGRA1;PTGIR;PAX8;GNAT2;CX3CR1;QRFPR;TIE1;IL31RA;GPER1;TRAC;CLEC1A;OR52N4;ITGAL;CD200R1;PKD1L3;GPR6;OR2I1;LTK;IL10RB;AVPR1B;PTGDR2;PECAM1;HLA-DQA1;AVPR1A;OR2AG2;C5AR1;HCAR1;PLXNC1;NTRK2;LYVE1;SOSTDC1;SORCS2;ADGRB3;GRM7;ACKR2;TACR2;LTB4R2;DRD1;EPHA5;IL2RA;EDAR;UTS2R;GALR2;P2RX3;ADGRL4;GALR1;GRM3;CASR;CHRNA10;GRIK1;OR7C1;GP1BA;CD300LG;TSHR;GP6;CD79B;CXCR2;OR2A42;GABRG1;MC5R;NPFFR2;ADGRE5;HTR1B;TNFRSF14;MERTK;FSHR;GLRB;GABRA4;ADRB2;CHRNA9;SSTR1;OPRK1;TMEM63C;IL2RB;IL6R;GRID1;GRIA1;TRHR;LPAR5;THBD;IL1RAPL2;CR1;DDR2;BDKRB2;CLEC2D;HTR1A;ADRA1D;FLT4;GPR150;GPRC6A;CHRFAM7A;NPY5R;PTGER2;TACR1;ADGRE2"
"GOMF_TRANSMEMBRANE_TRANSPORTER_BINDING",1,1,-0.219781311207126,-0.64996315396104,5758,141,"KCNE4;CAV3;ABCC9;AKAP6;CDH5;PDE4D;CASR;SCN4B;SLC8A1;NEDD4;TF;ABCC8;GPD1L;PDE4B;PKD2L1;NEGR1;KCNAB2;SCN3B;TMEM74;STAC;PANX1;PPP1R9B;ITPR2;DLG1;SRC;S100A10;CAV1;PHPT1;TSPO;RIMS3;ACTN2;KCNAB1;TCAF1;PKD1;TCAP;HERPUD1;ANK1;TRAPPC2;PACS1;BAG2"
"GOMF_TRANSPORTER_ACTIVATOR_ACTIVITY",0.949897560067052,1,-0.296207586460134,-0.664694937285271,5099,24,"ABCC9;PDZK1;HFE"
"GOMF_TRANSPORTER_ACTIVITY",0.999013389711064,1,-0.252216795423114,-0.868094777776846,7087,1145,"SLC36A2;SLC17A8;KCNJ5;SLC2A9;SLC39A5;ATP13A4;SLC6A20;KCNJ15;SLC22A10;SLC23A1;ABCA12;KCNE4;GLRA1;CLDN16;TPTE2;ABCB5;SLC26A10P;CLIC5;AQP2;SLC47A2;RHAG;APOL3;ABCA10;KCNIP4;AQP6;ABCC9;SLC22A1;GABRG3;PLSCR2;ATP4B;BEST3;SLC51B;SLC34A1;SCN3A;SLC10A2;TRPM8;GJA10;FABP2;GJB2;NIPAL4;GJB1;ATP6V0D2;ABCA8;ANO3;SLC30A4;CACNG3;SLC24A5;KCNK2;KCNK9;KCNV1;TMC3;CATSPER3;MFSD2B;BEST1;CALHM5;SCN2B;SLC6A12;SLCO2B1;ATP1A4;SLC22A13;TTPA;PKD1L3;RBP4;SVOPL;SLC6A16;TMEM184A;SLC37A2;SLC66A1LP;ASIC4;SV2B;SLC14A1;UNC80;KCNQ3;GJD2;ATP8B1;TMEM144;APOA5;SLC7A4;KCNA2;STING1;CALHM1;CACNA1D;SLC22A4;KCNJ8;P2RX3;TRPC7;PIEZO2;CHRNA10;TMC2;GRIK1;XKR4;SLC34A3;KCNK17;SLC22A5;SLC5A9;ATP2A1;GABRG1;SLC46A2;CPLX3;ABCA4;GLRB;SLC46A3;SCN9A;SIDT1;GABRA4;CHRNA9;TMEM63C;SLC18A3;SLC9B1;HPX;MTTP;STAR;SLC10A4;TRPV2;SV2C;GRID1;GRIA1;ATP4A;CLCN1;GLTPD2;SLC22A11;SLC28A3;ATP6V1G2;BEST2;CDH17;KCNJ1;CEACAM1;FAIM2;SLC7A10;LRP2;SCN1A;KCNIP3;CHRFAM7A;SCN4B;SLC6A17;AQP3;SLC7A14;SLC12A4;APOB;SLC8A1;ASIC3;CACNA1F;SLC15A2;GABRR1;CHRNA4;ABCG2;SLC2A5;PKD1L1;ANO4;TRPA1;TRPC3;SLC7A11;AQP11;SLC39A11;ABCC6;MCOLN2;SLC5A4;SLC16A12;SLC4A3;KCNV2;ABCC8;SLC6A3;ABCD3;SLC35C1;SLC44A3"
"GOMF_TRANSPORTER_INHIBITOR_ACTIVITY",0.645942526658232,1,-0.347598461012739,-0.905167698538052,3573,55,"KCNE4;CAV3;KCNK2;KCNV1"
"GOMF_TRANSPORTER_REGULATOR_ACTIVITY",1,1,-0.222526677338605,-0.677395587115384,5895,185,"C8orf44-SGK3;KCNE4;KCNIP4;CAV3;ABCC9;CACNG3;KCNK2;KCNV1;SCN2B;RRAD;PDE4D;GRM3;ADRB2;PDZK1;DPP6;KCNIP3;SNCA;STOML3;SCN4B;HFE;TMPRSS3;NEDD4;KCNV2;GPD1L;PDE4B;AMBP"
"GOMF_TRIACYLGLYCEROL_LIPASE_ACTIVITY",0.520429297684052,1,-0.458708999770308,-0.957696024187156,2763,17,"PLB1;LIPC"
"GOMF_TRIPEPTIDE_TRANSMEMBRANE_TRANSPORTER_ACTIVITY",0.977194327328478,1,-0.272053886915687,-0.492835801071075,5098,9,"SLC15A2;ABCC4"
"GOMF_TRIPLET_CODON_AMINO_ACID_ADAPTOR_ACTIVITY",0.886007354364235,1,-0.390387834607993,-0.667181440414194,4577,7,"LINC02591"
"GOMF_TRNA_BINDING",1,1,-0.21077376335574,-0.581221399462885,5586,81,"TRMT9B;GTSF1;ALKBH8;THUMPD3;CARS1;DTD2;FARS2;MTRES1;PSTK;TRMT10A;THG1L;PUS1;TRMT1;TARBP1;EIF5B;MARS1;TRMT1L;CTU1;FARSA;SEPSECS;SLFN13;TRNT1;IARS1;AARS1;YARS1;HSD17B10;MTRFR;NSUN2;WDR6;TRMT10B;TRMU;XPOT"
"GOMF_TRNA_CYTIDINE_METHYLTRANSFERASE_ACTIVITY",0.972837603544596,1,-0.278348546766986,-0.491401921070415,5049,8,"METTL8;METTL6;METTL2A;NSUN2;NSUN6;METTL2B;TRDMT1;NSUN3"
"GOMF_TRNA_GUANINE_METHYLTRANSFERASE_ACTIVITY",0.486384266263237,1,-0.510915162660261,-0.98869448668056,2571,12,"THUMPD3;TRMT10A;TRMT5;FTSJ1;TRMT1;TARBP1;TRMT1L;THUMPD2;TRMT10B"
"GOMF_TRNA_METHYLTRANSFERASE_ACTIVITY",0.290045662100457,1,-0.464005512224218,-1.10978426815784,1587,33,"TRMT9B;ALKBH8;THUMPD3;METTL8;TYW3;TRMT10A;TRMT5;FTSJ1;TRMT1;TARBP1;TRMO;TRMT1L;METTL6;THUMPD2;METTL2A;TRMT13;NSUN2;TRMT10B;TRMT2B"
"GOMF_TRNA_PSEUDOURIDINE_SYNTHASE_ACTIVITY",0.727605471007513,1,-0.460957011356874,-0.813782444861362,3776,8,"TRUB2;PUS1;PUS7"
"GOMF_TRNA_SPECIFIC_ADENOSINE_DEAMINASE_ACTIVITY",0.692150449713818,1,0.494764494750669,0.833577303845032,3385,6,"ADARB2;ADAD2"
"GOMF_TRNA_SPECIFIC_RIBONUCLEASE_ACTIVITY",0.996422519299567,1,-0.211854751675401,-0.442311909045353,5291,17,"RPPH1;TSEN2;ELAC1"
"GOMF_TRNA_URIDINE_METHYLTRANSFERASE_ACTIVITY",0.373101952277657,1,-0.70029873108211,-1.12523221233519,1891,5,"TRMT9B;ALKBH8"
"GOMF_TROPOMYOSIN_BINDING",0.23727369542066,1,0.572600666658437,1.18464013301844,1113,15,"LMOD3;TMOD2"
"GOMF_TUBULIN_BINDING",1,1,-0.177303615916467,-0.574343966823874,6207,384,"NME8;CAV3;TTLL9;KIF4B;PACRG;IRAG2;GAS2L2;DCDC1;SAXO1;DNM3;CFAP144;DLEC1;MAP1LC3B2;MAP2;FAM110C;TTLL7;AGBL3;SNCA;KATNIP;AGBL2;SPMIP6;TPPP3;NDRG1;TPPP;WHAMM;RAD51D;PDE4B;TTLL11;NAV3;MAP7D2;CCDC88C;MAP9;PRKN;CCSER2;BCAS3;WASHC1;KIF13B;NIN;KIFC3;MACF1;KIF21A;KIF12;STARD9;KIF26B;IFT74;RGS2;TUBGCP4;DNAH10;KIF16B;TRAF3IP1;CEP290;NEIL2;CCSAP;MAP1B;OGG1;KIF14;ATF5;MAP10;MID1;TUBGCP6;CGN;CCDC69;NDC80;KIFC2;TTLL2;KIF1A;DIXDC1;MAP1S;SYT11;MAST2;KIF25;HDGFL3"
"GOMF_TUMOR_NECROSIS_FACTOR_BINDING",0.996524938675388,1,0.226465533702501,0.381548253766045,4874,6,"A2M;TNFRSF1B;ADAM17;TRAF2;TNFRSF1A;TMC8"
"GOMF_TUMOR_NECROSIS_FACTOR_RECEPTOR_ACTIVITY",0.781741867785939,1,0.410553905906848,0.769512985312636,3724,10,"TNFRSF4;TNFRSF19"
"GOMF_TUMOR_NECROSIS_FACTOR_RECEPTOR_BINDING",0.708827973235485,1,0.366232718783047,0.840635485665029,3283,24,"TNFSF13B;TNFSF10;TNFSF15;TNFSF13;CASP8;TRAP1"
"GOMF_TUMOR_NECROSIS_FACTOR_RECEPTOR_SUPERFAMILY_BINDING",0.971473495058401,1,0.269156765380042,0.688341733922872,4324,42,"TNFSF13B;TNFSF10;ADAM8;CFLAR;TNFSF15;NTF3;TNFSF13;CASP8;TRAP1"
"GOMF_TYPE_1_ANGIOTENSIN_RECEPTOR_BINDING",0.950111539241533,1,0.323428059582353,0.524076635578357,4684,5,"EDNRB;JAK2;AGT"
"GOMF_TYPE_1_FIBROBLAST_GROWTH_FACTOR_RECEPTOR_BINDING",0.915264187866928,1,-0.365410255658952,-0.604659297941605,4676,6,"FGF23;NPTN"
"GOMF_TYPE_2_FIBROBLAST_GROWTH_FACTOR_RECEPTOR_BINDING",0.688227174127391,1,-0.529706445539902,-0.851126425264342,3489,5,"FGF7;FGF10"
"GOMF_TYPE_I_TRANSFORMING_GROWTH_FACTOR_BETA_RECEPTOR_BINDING",0.43964204112719,1,-0.543276002458629,-1.0294805692314,2308,11,"TGFB3;SMAD7;TGFBR2;ENG"
"GOMF_TYPE_II_TRANSFORMING_GROWTH_FACTOR_BETA_RECEPTOR_BINDING",0.853389185072353,1,-0.381323497566393,-0.722588757021072,4481,11,"AMH;TGFB3;TGFBR3;ENG;BAMBI"
"GOMF_U1_SNRNA_BINDING",0.957805030139264,1,0.301569720811213,0.540384042271081,4607,8,"SNRPA;SNRNP70;COIL;SNRPC;ISG20;SNRPB2;GEMIN5;PRPF8"
"GOMF_U1_SNRNP_BINDING",0.886039296794209,1,0.380142368466309,0.660940481612363,4283,7,"SNRPA;SNRPD1;SNRNP70;SNRPB;RBM23;RBM39"
"GOMF_U2_SNRNA_BINDING",0.806547032143561,1,-0.455548766516459,-0.731970691395952,4089,5,"PRPF8;ISG20;SNRPA1;COIL;SF3B3"
"GOMF_U3_SNORNA_BINDING",0.959030100334448,1,0.294859063478726,0.541555786349437,4587,9,"SNU13;TBL3;XRCC5;NHP2;ISG20;PRKDC;DHX37;RRP9;UTP25"
"GOMF_U4_SNRNA_BINDING",0.921300081766149,1,0.345579530265419,0.582231053681103,4506,6,"SNU13;SART3;DDX39B;PRPF4;PRPF31"
"GOMF_U6_SNRNA_BINDING",0.919477074649488,1,-0.333766283378538,-0.66658939626613,4852,14,"LSM8;PRPF8;TUT1;METTL16;LARP7;PRPF4;LSM3;LSM2;EIF5A;LSM4;DDX39B;LSM7;SART3;RBM22"
"GOMF_UBIQUINONE_BINDING",0.756360078277887,1,-0.476648431896121,-0.788729658601236,3864,6,"ETFDH;COQ10B"
"GOMF_UBIQUITIN_BINDING",1,1,-0.178471133369637,-0.510626966694877,5729,106,"NEDD4;KLF1;PRKN;MDM2;SMAD3;STAM2;VPS36;UBXN8;SMARCAD1;TAB3;DDI2;RNF19B;EPS15;UBXN2A;ASCC2;USP16;UBXN7;HDAC6;SEM1;FAF2;RBCK1;UBXN10;TOM1;MAP3K7;FBXO7;USP33;UBXN11;UCHL1;UEVLD;IKBKG;TOM1L1;USP5;JARID2;MVB12B;DNAJB2;RAD23B;WDR48;N4BP1;UBE2N;FAF1;HGS;NUP62;MARK4;GGA1;CKS2;FAAP20;USPL1;DNAAF10;RNF168;NSFL1C;TAB2;OTUB1;ILRUN;OTULINL;DHX16;AMFR;PLAA;RNF31;UCHL3;MARCHF7;UBXN2B;NBR1;BUB3;AUP1;RNF185;UBE2L6;USP13;RAE1;HSPB1;CKS1B;BIRC2;STAM;ZFAND2B;SQSTM1;UBR5;RAD23A;UBXN1;FBXW7;N4BP2;NOD2;SHARPIN;UBAP1;CUEDC2;TSG101;NPLOC4;GGA3;UBE2A;TRIM32;USP25;SIRT2;RNFT1;OTUB2;TOM1L2;SPRTN;RNF8;TNFAIP3;UBAP1L;NOD1;CXCR4;TOLLIP;REV1;VPS28;TOP2A;MVB12A"
"GOMF_UBIQUITIN_CONJUGATING_ENZYME_BINDING",0.752977826644677,1,-0.350905792024728,-0.834002106797358,4108,32,"FOXL2;RNF14;PRKN;RNF217;RNF19A;MARCHF6;RNF144B;RNF125;SIAH2;DCUN1D4;GRIK2;UBE3D;RNF19B"
"GOMF_UBIQUITIN_LIGASE_ACTIVATOR_ACTIVITY",0.157715582450832,1,-0.664042321273226,-1.28501761143067,833,12,"CDC20B;TRIB3;ENTREP1"
"GOMF_UBIQUITIN_LIGASE_COMPLEX_SCAFFOLD_ACTIVITY",0.92476608745465,1,-0.342232917000878,-0.634227288906034,4842,10,"CUL9;CUL1;CUL4B;CUL2;CUL3;CUL4A;DDB1;CUL5;CUL7;SKP1"
"GOMF_UBIQUITIN_LIGASE_INHIBITOR_ACTIVITY",0.524565861922914,1,0.481665200805617,0.95951426234599,2476,13,"ARHGAP5-AS1;CDKN2A;RPL23;RPL5;RPL11;RPS15;RPS20;RPS7;LIMK1;RPL37"
"GOMF_UBIQUITIN_LIKE_LIGASE_SUBSTRATE_ADAPTOR_ACTIVITY",1,1,0.195755695934365,0.583132324857426,4259,117,"KLHL41;KLHL32;FBXO32;CCIN;KLHL10;FBXO24;RAB40B;KLHL22;SPSB1;KLHL26;FBXO31;IPP;FBXO38;RAB40A;KLHL2;KLHL11;CDK5RAP3;SPSB4;AMBRA1;FBXO4;PDCD6"
"GOMF_UBIQUITIN_LIKE_MODIFIER_ACTIVATING_ENZYME_ACTIVITY",0.965792235047219,1,0.284797866239544,0.533804825889015,4601,10,"UBA7;UBA2;UBA1;SAE1"
"GOMF_UBIQUITIN_LIKE_PROTEIN_BINDING",1,1,-0.187487509117798,-0.547583841084861,5769,125,"NEDD4;KLF1;PRKN;MDM2;SMAD3;SIMC1;STAM2;VPS36;UBXN8;DCUN1D4;RNF111;SMARCAD1;TAB3;DDI2;RNF19B;EPS15;UBXN2A;ASCC2;CASP8AP2;SOBP;USP16;UBXN7;HDAC6;SEM1;FAF2;DCUN1D1;RBCK1;DCUN1D2;UBXN10;TOM1;MAP3K7;FBXO7;USP33;UBXN11;UCHL1;UEVLD;IKBKG;TOM1L1;DCUN1D3;USP5;PELP1;JARID2;MVB12B;DNAJB2;RAD23B;WDR48;N4BP1;UBE2N;FAF1;TDG;HGS;NUP62;DCUN1D5;SERBP1;MARK4;GGA1;CKS2;CBX4;FAAP20;USPL1;PML;DNAAF10;RNF168;RNF4;NSFL1C;TAB2;OTUB1;ILRUN;OTULINL;DHX16;AMFR;PLAA;RNF31;UCHL3;MARCHF7;UBXN2B;NBR1;BUB3;AUP1;RNF185;UBE2L6;USP13;RAE1;HSPB1;CKS1B;BIRC2;STAM;ZFAND2B;SQSTM1;UBR5;RAD23A;UBXN1;FBXW7;N4BP2;NOD2;HERC2;SHARPIN;UBAP1;CUEDC2;TSG101;NPLOC4;HABP4;GGA3;GCNA;UBE2A;TRIM32;USP25;SIRT2;RNFT1;OTUB2;UBA2;TOM1L2;SPRTN;RNF8;TNFAIP3;UBAP1L;NOD1;CXCR4;TOLLIP;REV1;VPS28;TOP2A;MVB12A"
"GOMF_UBIQUITIN_LIKE_PROTEIN_CONJUGATING_ENZYME_ACTIVITY",0.960152227445713,1,0.279060197759062,0.706242936438614,4288,40,"UBE2S;UBE2H;UBE2T;UBE2D4;UBE2Q2;UBE2A;UBE2O;UBE2C;UBE2QL1;TSG101;UBE2E3;UBE2B;UBE2E1;UFC1;UBE2G1;AKTIP;CDC34;UBE2E2"
"GOMF_UBIQUITIN_LIKE_PROTEIN_CONJUGATING_ENZYME_BINDING",0.95944717221313,1,-0.283220579110773,-0.695076417971728,5275,38,"FOXL2;RNF14;PRKN;RNF217;RNF19A;MARCHF6;RNF144B;RNF125;SIAH2;DCUN1D4;GRIK2;UBE3D;RNF19B"
"GOMF_UBIQUITIN_LIKE_PROTEIN_LIGASE_ACTIVITY",0.9997391077485,1,0.23800527854645,0.794004969293618,3831,366,"MKRN3;RFPL1;HERC3;TRIM31;MEFV;C10orf90;TRIML1;MARCHF10;TRIM7;TRIM63;TRIM4;HERC2P3;RNF43;RNF212B;MID2;TRIM10;LONRF2;NHLRC1;RNF112;RFPL3;ASB12;TRIM61;GID4;DTX1;UBE3B;MED31;TRIM38;NCCRP1;TRIM69;CBLB;TRIM34;FBXO6;SIAH3;MYLIP;MIB2;MARCHF5;ZBED1;RNF113A;MARCHF3;ASB2"
"GOMF_UBIQUITIN_LIKE_PROTEIN_LIGASE_BINDING",1,1,-0.155764640819434,-0.496149944010477,6104,304,"AICDA;DIO2;PACRG;STING1;MAP1LC3B2;TNFRSF14;CASP10;MAGEA2B;PARP9;EGFR;TRIB3;RHOBTB3;SMAD7;MC1R;NEK6;PRKN;TRIP4;SLF2;WASHC1;MDM2;SMAD3;USP2;ABCB1;BCL2;RB1;ITCH;GLMN;TLR3;NKD2;MID1;TRIB2;SYT11;TRAF4;GRIK2;ERLIN2;SMG5;BAG2;RIPK1;GSK3B;CDKN1A;TNK2;HAPSTR2;RNF40;BCL10;UBXN7;HDAC6;FZD4;STAT2;BAG1;CUL9;HSPA5;ENSG00000274276;YOD1;DBT;FAF2;TRAF1;CEBPB;RAD18;CD40;PDLIM2"
"GOMF_UBIQUITIN_LIKE_PROTEIN_PEPTIDASE_ACTIVITY",0.993369394521026,1,-0.250231727880626,-0.718311761648001,5692,109,"OTUD6A;STAMBPL1;OTUD7A;USP50;SENP8;USP2;USP3;OTUD3;USP31;OTUD6B;UFD1;MINDY4;USP49;PRPF8;CYLD;USP1;MYSM1;USP16;STAMBP;USP53;USP19;YOD1;USP32;USP20;USP12;DESI1;BRCC3;USP27X;USP33;USP10;UCHL1;OTUD7B;TANK;USP51;USP43;USP5;USP38;OTUD5;USP22;USP40;USP48;UCHL5;USP24;USP46;BAP1;DESI2;SENP3;JOSD2;USP7"
"GOMF_UBIQUITIN_LIKE_PROTEIN_READER_ACTIVITY",0.95,1,0.298341485784164,0.678113298631527,4388,23,"ANKRD13A;RIOK3;PEX6;STK38;SQSTM1;PEX1;SAYSD1;BRCA1;FAN1;DNAJC2;DDRGK1;TP53BP1;BARD1;FAAP20;ANKRD13B;USP15;CCDC38;ANKRD13D;DNAJB2;UIMC1;JARID2;VCP"
"GOMF_UBIQUITIN_LIKE_PROTEIN_SPECIFIC_ENDOPEPTIDASE_ACTIVITY",0.58973838977895,1,0.579472389817186,0.938965966212384,2907,5,"SENP2;SENP7;SENP6;SENP5"
"GOMF_UBIQUITIN_MODIFIED_HISTONE_READER_ACTIVITY",0.790916059793024,1,-0.423038728897716,-0.766350494764327,4126,9,"RNF169;JARID2;UIMC1;CCDC38;USP15;BARD1;TP53BP1;DNAJC2;BRCA1"
"GOMF_UBIQUITIN_PROTEIN_TRANSFERASE_ACTIVATOR_ACTIVITY",0.116130246565029,1,-0.63113768562874,-1.33310189601369,616,18,"CDC20B;CBX8;TRIB3;ENTREP1"
"GOMF_UBIQUITIN_PROTEIN_TRANSFERASE_INHIBITOR_ACTIVITY",0.887254901960784,1,0.338961392104367,0.711920131483586,4162,16,"ARHGAP5-AS1;CDKN2A;RPL23;RPL5;RPL11;RPS15;RPS20;RPS7;LIMK1;RPL37"
"GOMF_UBIQUITIN_PROTEIN_TRANSFERASE_REGULATOR_ACTIVITY",0.679505813953488,1,-0.357980610911408,-0.87103091203389,3739,36,"CDC20B;CBX8;TRIB3;ENTREP1"
"GOMF_UBIQUITIN_SPECIFIC_PROTEASE_BINDING",0.956145303971391,1,-0.298781186719138,-0.631091718301863,5079,18,"PRKN;MARCHF6;PARK7;SELENOS;CHMP3;VCP;CLTC;LCOR;PTEN;BAG6;HDAC3;SPATA2;AMFR;SUMO1;RAD23A;SART3;SYVN1;DERL1"
"GOMF_UBIQUITIN_UBIQUITIN_LIGASE_ACTIVITY",0.895856873822976,1,-0.33810888252149,-0.696641223314405,4756,16,"ITCH;UBE4A;PRPF19;PPIL2;HUWE1;PELI1;UBE2K;PELI2;AMFR;UBOX5;STUB1;ANAPC11;RBX1;UBR5;TRAF6;UBE4B"
"GOMF_UDP_GLUCOSYLTRANSFERASE_ACTIVITY",0.986635553669919,1,0.251193704877956,0.489560394945833,4650,12,"GYG2;POGLUT1;GYG1;POGLUT3;EPM2A;GYS1;UGCG;POGLUT2;B3GLCT;UGGT1;UGGT2;ALG5"
"GOMF_UDP_GLYCOSYLTRANSFERASE_ACTIVITY",0.444328643390655,1,-0.343322703562148,-1.00014132970811,2557,123,"GALNT5;UGT2A1;UGT2B15;CSGALNACT1;B3GALT2;UGT2B4;GCNT7;B4GALNT1;B3GAT2;GCNT4;CHSY3"
"GOMF_UDP_N_ACETYLGLUCOSAMINE_TRANSMEMBRANE_TRANSPORTER_ACTIVITY",0.973027783411073,1,0.292282724691104,0.473609331211368,4797,5,"SLC35D2;SLC35B4;TMEM241;SLC35D1;SLC35A3"
"GOMF_UDP_XYLOSYLTRANSFERASE_ACTIVITY",0.988575780654989,1,-0.246600458365164,-0.467295406205293,5191,11,"GXYLT2;XYLT2;GXYLT1;RXYLT1;POGLUT2;XXYLT1;XYLT1;LARGE2;POGLUT3;POGLUT1;LARGE1"
"GOMF_UNFOLDED_PROTEIN_BINDING",0.999765368371657,1,0.194831539674263,0.577457132733173,4260,113,"CRYAA;HSPB2;CRYAB;HSPB6;DNAJA4;NACA2;ERN2;HSPA2;DNAJC4;SIL1;CLPX;CLU;NACAD;HSPA1A;VMA22;SPG7;CCT6B;TRAP1;TOMM20"
"GOMF_UNIPORTER_ACTIVITY",0.0768493675737831,1,-0.769922612418542,-1.39474363610773,400,9,"SLC17A8"
"GOMF_UNMETHYLATED_CPG_BINDING",0.952225004816028,1,-0.310720075451008,-0.548551245426799,4942,8,"KMT2A;KMT2B;CXXC1;DNMT3A;FBXL19"
"GOMF_UREA_TRANSMEMBRANE_TRANSPORTER_ACTIVITY",0.888296822577462,1,-0.417387415199937,-0.619992554928645,4500,3,"SLC14A1;AQP3"
"GOMF_URIDYLYLTRANSFERASE_ACTIVITY",0.909231662473389,1,-0.371911064282117,-0.635604231425091,4697,7,"TUT4;TUT7;UAP1L1;TUT1;GALT"
"GOMF_VASCULAR_ENDOTHELIAL_GROWTH_FACTOR_BINDING",0.439437194127243,1,0.686991016057599,1.07379373304793,2154,4,"PDGFRA;PDGFRB;NRP1"
"GOMF_VASCULAR_ENDOTHELIAL_GROWTH_FACTOR_RECEPTOR_2_BINDING",0.579149099271752,1,-0.513736735160394,-0.930653328584411,3021,9,"CDH5;ITGB3"
"GOMF_VASCULAR_ENDOTHELIAL_GROWTH_FACTOR_RECEPTOR_ACTIVITY",0.879627714581179,1,0.385110812462941,0.669578944568353,4252,7,"FLT3;PDGFRA"
"GOMF_VASCULAR_ENDOTHELIAL_GROWTH_FACTOR_RECEPTOR_BINDING",0.663068181818182,1,-0.437539503646107,-0.861140734795056,3500,13,"CDH5;ITGB3"
"GOMF_VASOPRESSIN_RECEPTOR_ACTIVITY",0.397651663405088,1,-0.665323600578433,-1.10093817838876,2031,6,"AVPR2;AVPR1B;AVPR1A"
"GOMF_VERY_LONG_CHAIN_FATTY_ACID_COA_LIGASE_ACTIVITY",0.996742046761211,1,-0.215606141624017,-0.39057859723227,5200,9,"SLC27A6;SLC27A2;SLC27A4;ACSL4;SLC27A5;ACSBG1;SLC27A3;SLC27A1;ACSF3"
"GOMF_VERY_LOW_DENSITY_LIPOPROTEIN_PARTICLE_BINDING",0.274994930034476,1,0.747380328625965,1.21104077558864,1355,5,"IHH;PLTP"
"GOMF_VINCULIN_BINDING",0.375265167585914,1,0.555905449717484,1.08342401195308,1768,12,"NRAP;DMD"
"GOMF_VIRION_BINDING",0.381385729058945,1,0.635158713813426,1.10432864377058,1843,7,"SIGLEC1;CD209;TSG101"
"GOMF_VITAMIN_B6_BINDING",0.673752517341687,1,0.334100925131441,0.894087624142742,3010,55,"ALAS2;SDS;ACCSL"
"GOMF_VITAMIN_BINDING",0.997050147492625,1,-0.242643391621708,-0.715065077816057,5745,136,"GADL1;ALB;GAD2;ADH4;CUBN;SPTLC3;P4HA3;TTPA;RBP4;HDC;KL;CYP2W1;TKTL1;GNMT;ABCA4;SDSL"
"GOMF_VITAMIN_D_BINDING",0.919460343417825,1,0.348165256692932,0.586587475548062,4497,6,"IRX5;CYP2R1"
"GOMF_VITAMIN_TRANSMEMBRANE_TRANSPORTER_ACTIVITY",0.944140197152245,1,-0.294110643792066,-0.707157581151071,5171,34,"SLC23A1;SLC22A1;RBP4;ABCA4;ABCG2;GC;SLC22A2;SLC2A8;SLC19A3;STRA6"
"GOMF_VOLTAGE_GATED_CALCIUM_CHANNEL_ACTIVITY",0.893318485523385,1,0.303294374446153,0.764793330037938,4010,39,"CATSPER1;CACNA1S;CACNA2D4;CACNB4;CACNA2D3;CACNA1C;CACNA1E;CATSPER4;CACNG4;CACHD1;CATSPER2;CACNA2D1"
"GOMF_VOLTAGE_GATED_CALCIUM_CHANNEL_ACTIVITY_INVOLVED_IN_CARDIAC_MUSCLE_CELL_ACTION_POTENTIAL",0.977124827450207,1,-0.281099844118861,-0.451668103119631,4954,5,"CACNA1D;CACNB2"
"GOMF_VOLTAGE_GATED_CHANNEL_ACTIVITY",0.997354497354497,1,0.241521580007584,0.747923194569148,4146,163,"CYBB;KCNJ13;CATSPER1;KCNK7;CACNA1S;CACNA2D4;KCNH5;KCNE1;KCNC1;KCNK15;GRIN2C;CACNB4;KCNIP2;KCNH4;CACNA2D3;CLCNKA;CACNA1C;KCNH7;KCNK10;GRIN3B;KCNK3;KCNJ12;KCNA3;CACNA1E;KCNK12;CATSPER4;GRIN2B;GRIN1;CALHM3;SNAP25;KCNE3;KCNE2;KCNQ5;KCNS1;KCNK4;KCNA1;KCNH2;KCNN1;CACNG4;KCND1;CACHD1"
"GOMF_VOLTAGE_GATED_CHLORIDE_CHANNEL_ACTIVITY",0.997263157894737,1,0.200391412398909,0.38306532950157,4736,11,"CLCNKA;ANO1;CLCN5"
"GOMF_VOLTAGE_GATED_MONOATOMIC_ANION_CHANNEL_ACTIVITY",0.996799096215402,1,-0.211671977630081,-0.441930312048965,5293,17,"CLCN1;CLCNKB;GPR89B;SLC17A3;CLCN6"
"GOMF_VOLTAGE_GATED_MONOATOMIC_CATION_CHANNEL_ACTIVITY",0.995664238640305,1,-0.246737294403441,-0.723995048435138,5740,131,"KCNJ5;KCNJ15;KCNE4;ABCC9;CACNG3;KCNK2;KCNK9;KCNV1;CATSPER3;SCN2B;KCNQ3;KCNA2;CALHM1;CACNA1D;KCNJ8;TMC2;KCNK17"
"GOMF_VOLTAGE_GATED_MONOATOMIC_ION_CHANNEL_ACTIVITY_INVOLVED_IN_REGULATION_OF_PRESYNAPTIC_MEMBRANE_POTENTIAL",0.755564157151152,1,-0.462884523249621,-0.791079884129147,3903,7,"KCNA2;KCNJ8;SCN1A;KCNJ3"
"GOMF_VOLTAGE_GATED_POTASSIUM_CHANNEL_ACTIVITY",0.684870979144574,1,-0.32173011229517,-0.899927763826613,3874,89,"KCNJ5;KCNJ15;KCNE4;ABCC9;KCNK2;KCNK9;KCNV1;SCN2B;KCNQ3;KCNA2;KCNJ8;KCNK17"
"GOMF_VOLTAGE_GATED_POTASSIUM_CHANNEL_ACTIVITY_INVOLVED_IN_CARDIAC_MUSCLE_CELL_ACTION_POTENTIAL_REPOLARIZATION",0.244410761652141,1,-0.596193000999204,-1.19070125529554,1289,14,"KCNJ5;KCNE4;SCN2B;KCNJ8"
"GOMF_VOLTAGE_GATED_SODIUM_CHANNEL_ACTIVITY",0.696169579769431,1,-0.388164277764659,-0.846796265601223,3743,21,"SCN3A;SCN2B;SCN9A;SCN1A;SCN4B;SCN8A;SCN3B"
"GOMF_VOLUME_SENSITIVE_ANION_CHANNEL_ACTIVITY",0.631479538300105,1,0.471934546582801,0.884560484233938,3008,10,"TTYH2;TTYH1;LRRC8E;CLCN2"
"GOMF_VOLUME_SENSITIVE_CHLORIDE_CHANNEL_ACTIVITY",0.480227134455486,1,0.639007230521792,1.03543508227007,2367,5,"TTYH2;TTYH1;CLCN2"
"GOMF_WATER_CHANNEL_ACTIVITY",0.349836255056829,1,-0.637426314627668,-1.12532477423382,1815,8,"AQP2;AQP6"
"GOMF_WATER_TRANSMEMBRANE_TRANSPORTER_ACTIVITY",0.266946725224365,1,-0.636094945225668,-1.17881347046541,1397,10,"AQP2;AQP6;SLC14A1;AQP3;AQP11"
"GOMF_WD40_REPEAT_DOMAIN_BINDING",0.929681112019624,1,0.335562438583826,0.56535429642608,4547,6,"MYB;DDB1"
"GOMF_WIDE_PORE_CHANNEL_ACTIVITY",0.653698630136986,1,-0.371044260996901,-0.88744437899184,3578,33,"GJA10;GJB2;GJB1;GJD2"
"GOMF_WNT_PROTEIN_BINDING",0.632188935053575,1,0.370749552382119,0.892819873092097,2890,30,"CTHRC1;FZD1;WLS;TRABD2B;SFRP4;FRZB;ROR2;SFRP5;TRABD2A"
"GOMF_WNT_RECEPTOR_ACTIVITY",0.992753623188406,1,0.23098376313276,0.48513487037313,4657,16,"FZD1;FZD5;FZD7;FZD2;LRP5;FZD8;LRP6;FZD6;RYK;FZD3;ROR1;FZD4;FZD9;PKD1;TSPAN12;FZD10"
"GOMF_WW_DOMAIN_BINDING",0.0621212121212121,1,0.625709982316119,1.42220334855482,286,23,"WBP2NL;TREX1;NFE2;SCNN1B;SCNN1G"
"GOMF_XENOBIOTIC_TRANSMEMBRANE_TRANSPORTER_ACTIVITY",0.207283428361229,1,-0.507740696592324,-1.18370592067411,1126,29,"ABCB5;SLC47A2;SLC22A1;ABCA8"
"GOMF_ZINC_CHAPERONE_ACTIVITY",0.597241938754816,1,0.573999993179436,0.930098599471953,2944,5,"ZNG1F;ZNG1C;ZNG1A"
"GOMF_ZINC_ION_TRANSMEMBRANE_TRANSPORTER_ACTIVITY",0.0981560812069287,1,-0.593970364820261,-1.33287975204055,526,24,"SLC39A5;SLC30A4"
"GOMF_ZINC_PROTON_ANTIPORTER_ACTIVITY",0.792618270799347,1,0.478495769350537,0.747907536501867,3886,4,"SLC30A2;SLC30A1;SLC30A5"
