"pathway","pval","padj","ES","NES","nMoreExtreme","size","leadingEdge"
"GOCC_LUMENAL_SIDE_OF_ENDOPLASMIC_RETICULUM_MEMBRANE",0.000196540880503145,0.0427496038034865,-0.833378689223739,-2.12315646493052,0,31,"HLA-DQA1;HLA-DQB1;HLA-DRB5;HLA-DRB1;CD74;HLA-DRA;HLA-DPA1;HLA-DPB1;UGT8"
"GOCC_LUMENAL_SIDE_OF_MEMBRANE",0.000195848021934978,0.0427496038034865,-0.783927065673569,-2.09073043777323,0,40,"HLA-DQA1;HLA-DQB1;HLA-DRB5;HLA-DRB1;CD74;HLA-DRA;HLA-DPA1;HLA-DPB1;UGT8"
"GOCC_MHC_CLASS_II_PROTEIN_COMPLEX",0.000198098256735341,0.0427496038034865,-0.898806954827688,-1.92589515574887,0,14,"HLA-DQA1;HLA-DQB1;HLA-DRB5;HLA-DOA;HLA-DRB1;CD74;HLA-DRA;HLA-DMB;HLA-DPA1;HLA-DPB1"
"GOCC_MHC_PROTEIN_COMPLEX",0.000197589409207666,0.0427496038034865,-0.847226657735875,-2.00941829145871,0,22,"HLA-DQA1;HLA-DQB1;HLA-DRB5;HLA-DOA;HLA-DRB1;CD74;HLA-DRA;HLA-DMB;HLA-DPA1;HLA-DPB1"
"GOCC_TRANSPORT_VESICLE_MEMBRANE",0.000186567164179104,0.0427496038034865,-0.509744057420888,-1.71739533972336,0,221,"OPRD1;DRD2;SLC35F1;GABRA2;HLA-DQA1;HLA-DQB1;HLA-DRB5;HLA-DRB1;CD74;HLA-DRA;UNC13C;ABCA12;HLA-DPA1;SLC30A8;AP1M2;HLA-DPB1;PTPRN;ICA1;SCG3;SYN3;SYN2;ATP6V1B1;SYNDIG1;BSN;HLA-DQA2;FER1L5;ATP6V1G3;CLTCL1;ATP6V1G2;CEACAM1"
"GOCC_MYELIN_SHEATH",0.000393778302815515,0.0708144647896568,-0.714856097421195,-1.89760908882255,1,39,"PMP2;MAL;GPM6B;PLP1;MPZ;MARVELD2;PRKCZ"
"GOCC_ER_TO_GOLGI_TRANSPORT_VESICLE_MEMBRANE",0.000584225900681597,0.0787974683544304,-0.628062404348387,-1.79386992873886,2,60,"HLA-DQA1;HLA-DQB1;HLA-DRB5;HLA-DRB1;CD74;HLA-DRA;HLA-DPA1;HLA-DPB1"
"GOCC_TRANS_GOLGI_NETWORK_MEMBRANE",0.000570993528740008,0.0787974683544304,-0.546590833244096,-1.6852903111571,2,104,"HLA-DQA1;HLA-DQB1;HLA-DRB5;HLA-DRB1;CD74;HLA-DRA;HLA-DPA1;AP1M2;HLA-DPB1"
"GOCC_COPII_COATED_ER_TO_GOLGI_TRANSPORT_VESICLE",0.000762485703393061,0.091413563773457,-0.575052164342692,-1.7409521153176,3,90,"HLA-DQA1;HLA-DQB1;HLA-DRB5;HLA-DRB1;CD74;HLA-DRA;HLA-DPA1;VANGL2;HLA-DPB1;COL7A1;SERPINA1;HLA-DQA2"
"GOCC_LATE_ENDOSOME",0.000924043614858621,0.0997043060432452,-0.43029979250937,-1.49196532877734,4,299,"HLA-DQA1;HLA-DQB1;HLA-DRB5;HLA-DOA;HLA-DRB1;CD74;HLA-DRA;ATP10B;HLA-DMB;LRAT;CRHBP;HLA-DPA1;HLA-DPB1;APOE;RASGEF1B;ATP13A4;CD79A;ACP3;CXCR4;RNF128;MCOLN2;HLA-DQA2;SFTPA1;PGA4;HLA-DOB;CLTCL1;LAMP3;TF;SFTPA2;RHOB;HLA-DMA;SMO;PMEL"
"GOCC_TRANSPORT_VESICLE",0.00201686835350202,0.197836450311698,-0.386176072867667,-1.37837204893213,10,424,"OPRD1;DRD2;SLC35F1;GABRA2;HLA-DQA1;HLA-DQB1;HLA-DRB5;HLA-DRB1;CD74;HLA-DRA;UNC13C;ABCA12;HLA-DPA1;IL33;SLC30A8;TRIM9;AP1M2;HLA-DPB1;LGI3;PCSK2;PTPRN;ICA1;SCG3;EXOC3L1;SYN3;SYN2;FGFR4;NTS;ATP6V1B1;SYNDIG1;PCSK1;BSN;HLA-DQA2;FER1L5;SPX;SYT15;ATP6V1G3;CLTCL1;ATP6V1G2"
"GOCC_RECEPTOR_COMPLEX",0.00274122807017544,0.246482090643275,-0.395815652819609,-1.39141416944212,14,351,"GFRA3;DRD2;GABRA2;GFRA2;GRIK4;CD74;IL1B;IL1R2;ALK;LTK;IL12RB1;CHRNA9;CACNG7;EPHA1;GABRA5;ZAP70;FLT4;GRID1;ERBB4;ERBB3;IL33;GPRC5C;SHISA9;CD79B;IL18R1;CD79A;GPR37L1;LTB;SLITRK5;TSHR;HTR1B;PLXNA4;CSF1R;IL1A;GRIK5;CHRNB2;CALCRL;PTPN6;TIE1;FGFR4;MST1R;IL11;CD200R1;GRIA2;GPR156;OLFM2;CACNG8;IL27RA;CMKLR1"
"GOCC_IMMUNOLOGICAL_SYNAPSE",0.00409596255119953,0.253540474834838,-0.66249296265663,-1.72822772685955,20,35,"HLA-DRB1;HLA-DRA;CD37;ZAP70;CRTAM;CALHM6;HAVCR2;CORO1A"
"GOCC_LARGE_RIBOSOMAL_SUBUNIT",0.00493452267982539,0.253540474834838,-0.499535208708389,-1.54640209078812,25,107,"MRPL23;MRPL52;RPL37A;RPL39;RPL38;RPL36;MRPL15;RPL35A;RPL41;RPL37;MRPL27;RPL27A;RPL17;ZCCHC17;RPL32;MRPL53;MRPL42;MRPL1;RPL23A;MRPL47;NPM1;RPLP2;MRPL22;RPL35;RPL8;RPL12;RPL27;MRPL13;RPL36A;RPL34;RPL30;MRPL51;RPL31;MRPL14;MRPL32;UBA52;MRPL3;RPLP0;RPLP1;MRPL9;MRPL24;RPL14;MRPL36;RPL6;RPL5;MRPL40;MRPL57;MRPL28;MRPL17;MRPS18A;RPL18A;MRPL4;RPL39L;RPL19;RPL28;MRPL21;RPL13;RPL26L1;RPL24;MRPL30;MRPL55;RPL15;RPL18;RPL23;MRPL12;MRPL39;RPLP0P6;RPL21;RPL36AL;GADD45GIP1;RPL10;RPL10A;MRPL37;MRPL43;RPL4;RPL3;MRPL20"
"GOCC_LATE_ENDOSOME_MEMBRANE",0.00492237788716395,0.253540474834838,-0.451794728847756,-1.47717590799635,25,167,"HLA-DQA1;HLA-DQB1;HLA-DRB5;HLA-DOA;HLA-DRB1;HLA-DRA;ATP10B;HLA-DMB;HLA-DPA1;HLA-DPB1;ATP13A4;MCOLN2;HLA-DQA2;HLA-DOB;LAMP3;RHOB;HLA-DMA;PMEL"
"GOCC_NUCLEOSOME",0.00351239669421488,0.253540474834838,0.534309273632903,1.61256903867385,16,79,"H2AC19;H2AC8;H4C11;H3C4;H2BC26;H2BC6;H3C11;H3C6;H4C8;H2BC17;H2AC25;H2BC11;H2BC4;H4C14;H1-2;H2AC6;H2BC5;H3C10;H2BC21"
"GOCC_PRERIBOSOME",0.00361766945925362,0.253540474834838,-0.509121586467061,-1.57209561587932,18,105,"WDR12;EMG1;RIOK2;KRI1;DCAF13;RPS27A;UTP20;PDCD11;NOP56;RRP7A;RPS17;RPS28;RRP9;FSAF1;NOP58;UTP6;IMP4;RRP1;WDR36;WDR43;RPS23;RPS27;RPS19;RRP1B;RRP15;HEATR1;PRKDC;RPS14;RCL1;UTP11;DIMT1;RPS4X;NIP7;UTP4;PNO1;NOB1;UTP18;MAK16;RPS13;TSR1;EBNA1BP2;RPS15A;UTP15;BMS1;DHX37;WDR75;TBL3;RPS7;RPS8;FBL;PIN4;RRS1;NOC2L;RPS12;WDR74;UTP14A;MRTO4;WDR46;AATF;PES1;BYSL;NOL11;SLX9;NOL6;RPS3A;NOC4L;RPS6;SNU13;BOP1;RPS16;RPS24;RIOK1;LTV1;RPS11"
"GOCC_PRESYNAPTIC_MEMBRANE",0.00489642184557439,0.253540474834838,-0.462825524037559,-1.48282091085917,25,141,"OPRD1;DRD2;GRIK4;UNC13C;GPM6A;GABRA5;ERBB4;CADM3;GPR158;KCNA2;PCDH17;HTR1B;ATP2B3;GRIK5;CHRNB2;FXYD6;LPAR2;ADORA2A;FLRT3;RIMS3;EFNB3;EPHB2;SNCAIP;CACNA2D2;KCNH1;ADAM11;ADCY8;RIMS2;NECTIN1;NTM;SYT7"
"GOCC_PROTEIN_COMPLEX_INVOLVED_IN_CELL_ADHESION",0.00394354503943545,0.253540474834838,0.603306136535802,1.65870487228691,18,45,"CD80;ITGA2B;ITGB7;ITGA8;TSPAN32;TNXB;ITGA7;JAM2;VTN;ITGA3;ITGA10;ITGB2;MMRN2;LYN;ITGBL1;PLAU"
"GOCC_SMALL_SUBUNIT_PROCESSOME",0.00461716044632551,0.253540474834838,-0.541940545151871,-1.59894318125392,23,73,"EMG1;DCAF13;RPS27A;UTP20;PDCD11;NOP56;RRP7A;RPS17;RPS28;RRP9;FSAF1;NOP58;UTP6;IMP4;WDR36;WDR43;RPS23;RPS27;RPS19;HEATR1;PRKDC;RPS14;RCL1;UTP11;DIMT1;RPS4X;UTP4;PNO1;UTP18;RPS13;RPS15A;UTP15;BMS1;DHX37;WDR75;TBL3;RPS7;RPS8;FBL;RPS12;UTP14A;WDR46;AATF;NOL11;NOL6;RPS3A;NOC4L;RPS6;SNU13;RPS16;RPS24;RPS11;RPS5"
"GOCC_SYNAPTIC_VESICLE_MEMBRANE",0.00471075937441115,0.253540474834838,-0.488689365425924,-1.52795456863423,24,114,"OPRD1;DRD2;SLC35F1;GABRA2;UNC13C;ICA1;SYN3;SYN2;ATP6V1B1;SYNDIG1;BSN;FER1L5;ATP6V1G3;ATP6V1G2"
"GOCC_EXTRINSIC_COMPONENT_OF_PLASMA_MEMBRANE",0.00541553842949386,0.258351359830909,0.506651792504093,1.54489153438715,25,86,"CDH10;CDH18;CDH8;CDH3;GNA15;GNA14;CDH17;CDH26;CDH23;GNAO1;JUP;GNGT2;MCF2L;CARMIL2;CDH6;GNAZ;CDH15;CDHR3;C1QC;GPR88"
"GOCC_RIBOSOMAL_SUBUNIT",0.00550702620584884,0.258351359830909,-0.439706207152593,-1.44506365639473,28,176,"MRPL23;RPS29;MRPL52;RPS21;RPL37A;RPL39;RPL38;RPS27A;RPL36;MRPL15;RPS17;RPS28;RPL35A;RPS27L;RPS2;RPSA;RPL41;RPL37;MRPS11;MRPL27;RPS23;RPL27A;RPL17;RPS27;RPS19;ZCCHC17;RPL32;RPS3;MRPS21;RPS14;MRPS16;MRPL53;RPS18;MRPS17;MRPL42;RPS4X;MRPL1;RPL23A;MRPL47;NPM1;RPLP2;MRPL22;RPL35;RPS13;LARP4;RPL8;RPS15A;RPL12;RPL27;MRPL13;RPL36A;RPL34;RPS7;MRPS12;RPS8;MRPS33;RPL30;RPS12;MRPS35;MRPL51;RPL31;MRPS14;DAP3;MRPL14;MRPS15;MRPL32;UBA52;RPS20;RPS25;MRPL3;RPLP0;RPLP1;MRPL9;MRPS18C;PTCD3;MRPL24;RPL14;CHCHD1;MRPS31;MRPL36;RPL6;RPL5;MRPL40;MRPS7;MRPL57;RPS3A;MRPL28;MRPL17;MRPS18A;MRPS10;RPS6;MRPS23;RPL18A;MRPL4;RPL39L;RPL19;RPS16;RPL28;RPS24;MRPL21;RPL13;RPL26L1;RPL24;MRPL30;RPS10;RPS11;MRPL55;RPL15;RPL18;RPL23;RPS5;MRPL12;MRPL39;MRPS24;RPLP0P6;RPS26;RPL21;MRPS26;RPL36AL;GADD45GIP1;RPL10;RPL10A;MRPL37;MRPL43;RPL4;MRPS5;RPL3"
"GOCC_AUTOLYSOSOME_MEMBRANE",0.00582914572864322,0.262068676716918,-0.902815543791034,-1.59219494777389,28,6,"HLA-DRB1;HLA-DRA"
"GOCC_CHYLOMICRON",0.00637958532695375,0.275342902711324,-0.847463712191793,-1.68248998187732,31,10,"APOC2;APOE;LPL;APOA2;APOA1;APOB;APOH"
"GOCC_HIGH_DENSITY_LIPOPROTEIN_PARTICLE",0.00813330688355485,0.325031041753914,-0.774711687436815,-1.68711169881914,40,15,"APOC2;APOE;APOA2;APOA1;APOL1;APOH"
"GOCC_POSTSYNAPTIC_DENSITY_MEMBRANE",0.00783339701948796,0.325031041753914,-0.494389730823993,-1.51641781030311,40,99,"OPRD1;NETO1;GRIK4;ELFN2;CACNG7;GRID1;ERBB4;GPR158;VANGL2;SHISA9;SLITRK5;IQSEC3;NLGN4X;GRIK5;SYNDIG1;GRIA2;CACNG8"
"GOCC_TRIGLYCERIDE_RICH_PLASMA_LIPOPROTEIN_PARTICLE",0.00873882820258193,0.336756986806639,-0.754522327823961,-1.68850015146773,43,17,"APOC2;APOE;LPL;APOA2;APOA1;APOL1;APOB;APOH"
"GOCC_OOPLASM",0.00977458607620187,0.344340022013377,-0.994683331778752,-1.32800788138662,48,1,"TLE6"
"GOCC_SPHERICAL_HIGH_DENSITY_LIPOPROTEIN_PARTICLE",0.00989299414496265,0.344340022013377,-0.910168664634766,-1.54386239252818,48,5,"APOC2;APOA2;APOA1"
"GOCC_SUBCORTICAL_MATERNAL_COMPLEX",0.00977458607620187,0.344340022013377,-0.994683331778752,-1.32800788138662,48,1,"TLE6"
"GOCC_POSTSYNAPTIC_SPECIALIZATION_MEMBRANE",0.0103989411987143,0.350639298544148,-0.466704960280089,-1.46180825748586,54,116,"OPRD1;GABRA2;NETO1;GRIK4;ELFN2;CHRNA9;CACNG7;GABRA5;GRID1;ERBB4;GPR158;VANGL2;SHISA9;SLITRK5;IQSEC3;NLGN4X;GRIK5;SYNDIG1;GRIA2;CACNG8"
"GOCC_OUTER_KINETOCHORE",0.0118717847249703,0.376754579948323,-0.706515599397846,-1.64315842853583,59,20,"SPC25;CCNB1;SKA1;SPDL1;CENPF;NDC80;PLK1;BUB1B;SPC24;BUB1;KNL1;ZWINT;SKA3;NUF2"
"GOCC_PROTEIN_LIPID_COMPLEX",0.0118717847249703,0.376754579948323,-0.6601735790344,-1.63115039595947,59,27,"APOC2;APOE;LPL;APOA2;APOA1;APOL1;APOB;APOH;VLDLR;APOBR;BIN1;PLTP;LDLR;LCAT"
"GOCC_CYTOSOLIC_LARGE_RIBOSOMAL_SUBUNIT",0.0125514806824868,0.386944218754378,-0.554649120306742,-1.55163966403823,63,53,"RPL37A;RPL39;RPL38;RPL36;RPL35A;RPL41;RPL37;RPL27A;RPL17;ZCCHC17;RPL32;RPL23A;RPLP2;RPL35;RPL8;RPL12;RPL27;RPL36A;RPL34;RPL30;RPL31;UBA52;RPLP0;RPLP1;RPL14;RPL6;RPL5;RPL18A;RPL39L;RPL19;RPL28;RPL13;RPL26L1;RPL24;RPL15;RPL18;RPL23;RPLP0P6;RPL21;RPL36AL;RPL10;RPL10A;RPL4;RPL3"
"GOCC_ADHERENS_JUNCTION",0.0148999574286931,0.393894453444067,0.404452832759169,1.35823552157685,69,185,"CDH10;CDH18;FRMD4B;CDH8;LDB3;CDH3;XIRP1;AJAP1;NECTIN4;CDH17;CDH26;CTNND2;ESAM;WNK3;EFNB2;MPP7;LRRC7;JUP;PLEKHA7;CDH6;TSPAN33;CDH15;PLPP3;CXADR;CDHR3;FAT3;DCHS2;FMN1;LAMA3;TMEM47;SORBS1;LLGL2;AJM1;TJP2;LYN;EFNA5;PKP3;CELSR1;KRT18;ARVCF"
"GOCC_ASTROCYTE_END_FOOT",0.0141688285771303,0.393894453444067,-0.823741091876303,-1.59932546384764,70,9,"ADCY10;ADGRG1;ATP1B2;AQP4"
"GOCC_DISTAL_AXON",0.0149672591206735,0.393894453444067,-0.397242472580414,-1.34413036491806,79,231,"OPRD1;DRD2;NGFR;COBL;UNC13C;GPM6A;RTN4R;CRHBP;ADCY10;GAP43;FRMD7;PTPRN;KCNA2;SLC4A10;KIF21B;STMN3;NTS;FLRT3;MYH14"
"GOCC_PERIKARYON",0.0149536248343744,0.393894453444067,-0.455615455403415,-1.43251786492254,78,120,"DRD2;NGFR;RGS8;RTN4R;CRHBP;GAP43;PTPRN;KCNK1;KCNA2;EFNA2;SLC4A10;RTN4RL1;GNRH1;KIF5A;KCNH1;ADAM11;SORCS2;RCVRN;SEPTIN4;KCNE3;AZIN2"
"GOCC_POSTSYNAPTIC_MEMBRANE",0.0147223257547521,0.393894453444067,-0.393775525451892,-1.33773414281209,78,241,"OPRD1;DRD2;GABRA2;NETO1;GRIK4;ELFN2;DGKB;CHRNA9;CACNG7;GABRA5;GRID1;ERBB4;ERBB3;GPR158;VANGL2;LRRTM4;SHISA9;SUSD4;SLITRK5;KCNA2;IQSEC3;IL1RAPL1;PCDH17;NLGN4X;GRIK5;CHRNB2;FXYD6;SYNDIG1;ADORA2A;GRIA2;ADGRL3;FLRT3;CACNG8"
"GOCC_SPECTRIN",0.0145708582834331,0.393894453444067,-0.841541525814194,-1.58933240597139,72,8,"SPTA1;SPTBN5;SPTB;SPTBN2"
"GOCC_SECONDARY_LYSOSOME",0.0153846153846154,0.395238095238095,-0.668503327974475,-1.61710218095618,77,24,"HLA-DRB1;HLA-DRA;CRHBP;MPEG1;ADAM8"
"GOCC_FIBRINOGEN_COMPLEX",0.0157684630738523,0.395678410620619,-0.839550294873618,-1.58557177412548,78,8,"SERPINF2;FGB;FGL1;FGA;FGG;FGL2"
"GOCC_AXONAL_GROWTH_CONE",0.0187376725838264,0.404395229982964,-0.660475693428001,-1.5976834214829,94,24,"COBL;GPM6A;RTN4R;FLRT3"
"GOCC_CELL_BODY",0.0174799708667152,0.404395229982964,-0.351188251867262,-1.26005601707422,95,450,"DRD2;NGFR;GABRA2;COBL;S100B;CD200;RGS8;RPE65;GPM6A;RTN4R;ACTA1;CACNG7;CRHBP;GABRA5;ADCY10;KCNJ10;GAP43;FRMD7;PTPRN;CX3CL1;ATP1B2;WNK4;MYOT;APOE;KCNK1;KCNA2;EFNA2;KCNN3;SLC4A10;CACNA1E;UCHL1;SEZ6L2;SYNDIG1;EPHA5;ADORA2A;FLRT1;GRIA2;APOB;RTN4RL1;GAL;PIEZO2;C4A;EPHB2;SEZ6L;IGF2BP1;GNRH1;KIF5A;PRKCZ;TAC1;SNCAIP;SPTBN2;KCNH1;ADAM11;SORCS2;ADCY8;RCVRN;CNTF;SEPTIN4;KCNE3;AZIN2;TMPRSS5;KCND3;MAGOHB"
"GOCC_CLATHRIN_COATED_ENDOCYTIC_VESICLE",0.0181922635005745,0.404395229982964,-0.503742534972252,-1.49211431598181,94,75,"HLA-DQA1;HLA-DQB1;HLA-DRB5;HLA-DRB1;CD74;HLA-DRA;HLA-DPA1;HLA-DPB1;APOE;KIAA0319;APOB;HLA-DQA2;SFTPA1;HBEGF;WNT5A;EGF;CLTCL1;TF;SFTPA2"
"GOCC_DOPAMINERGIC_SYNAPSE",0.0172137710168134,0.404395229982964,-0.788310589810644,-1.59373471381652,85,11,"DRD2"
"GOCC_IMMUNOGLOBULIN_COMPLEX",0.0166633604443563,0.404395229982964,-0.742692026453222,-1.61738157145218,83,15,"CD79B;VPREB3;IGHV3-11;CD79A;IGLV1-40;IGHG1;IGLC3;SYK;IGKC;IGHA1"
"GOCC_INTEGRIN_COMPLEX",0.0180857549278602,0.404395229982964,0.641237822538101,1.57216095695232,88,25,"ITGA2B;ITGB7;ITGA8;TSPAN32;ITGA7;ITGA3;ITGA10;ITGB2;LYN;ITGBL1;ITGB8"
"GOCC_PLASMA_MEMBRANE_SIGNALING_RECEPTOR_COMPLEX",0.0187393526405451,0.404395229982964,-0.415810506600898,-1.35742867525994,98,165,"DRD2;GRIK4;IL1B;IL1R2;IL12RB1;CHRNA9;CACNG7;ZAP70;GRID1;ERBB3;SHISA9;CD79B;IL18R1;CD79A;IL1A;GRIK5;CHRNB2;CALCRL;PTPN6;GRIA2;GPR156;OLFM2;CACNG8;CMKLR1;SYK;TF;CEACAM1;TRBV12-4;IL2RB;ITGB4;CNIH2;CD4"
"GOCC_ENDOCYTIC_VESICLE",0.0212098856510513,0.448734639558516,-0.369928504556203,-1.28649721732181,114,310,"DRD2;HLA-DQA1;HLA-DQB1;HLA-DRB5;WNT7B;TLR9;HLA-DRB1;CD74;HLA-DRA;DMBT1;HLA-DPA1;HLA-DPB1;APOE;KIAA0319;WNT4;HPX;APOA1;LPAR2;GRIA2;APOB;NOSTRIN;HLA-DQA2;CACNG8;SFTPA1;HBEGF;WNT5A;MPEG1;ADAM8;SYK;EGF;CLTCL1;SCARF1;TF;SFTPA2;PIK3C2B"
"GOCC_SYNAPTIC_MEMBRANE",0.0230473751600512,0.478233034571063,-0.359955435961949,-1.26354053428489,125,345,"OPRD1;DRD2;GABRA2;NETO1;GRIK4;UNC13C;GPM6A;ELFN2;DGKB;CHRNA9;CACNG7;GABRA5;GRID1;ERBB4;CADM3;ERBB3;GPR158;VANGL2;LRRTM4;SHISA9;SUSD4;KCNK1;SLITRK5;KCNA2;IQSEC3;IL1RAPL1;PCDH17;HTR1B;NLGN4X;ATP2B3;GRIK5;CHRNB2;FXYD6;LPAR2;SYNDIG1;ADORA2A;GRIA2;ADGRL3;FLRT3;RIMS3;CACNG8"
"GOCC_CAVEOLA",0.0240284162139574,0.489182284808679,0.480948656655993,1.43459857989318,114,74,"SCN5A;ADRA1A;CD36;CAV3;ASAH2;NOS3;GASK1A;ATP1A2;LRRK2;HCK;PTGIS;CDH15;FXYD1;SORBS1;EFNA5;CAVIN2;ATP2B4;ATP1B1;PLPP1;FLOT2;F2R;TFPI;SLC2A1;KCNMA1;TGFBR2;CAV1;CDH1"
"GOCC_CLATHRIN_COATED_ENDOCYTIC_VESICLE_MEMBRANE",0.0251217137293087,0.50196905766526,-0.512939707511086,-1.46505683223452,128,60,"HLA-DQA1;HLA-DQB1;HLA-DRB5;HLA-DRB1;CD74;HLA-DRA;HLA-DPA1;HLA-DPB1;APOE;KIAA0319;APOB;HLA-DQA2;HBEGF;WNT5A;EGF;TF"
"GOCC_ASTROCYTE_PROJECTION",0.0266137040714995,0.503336443227947,-0.700341482851223,-1.56725209614913,133,17,"ADCY10;KCNJ10;ADGRG1;ATP1B2;AQP4"
"GOCC_GOLGI_MEMBRANE",0.0270560831392224,0.503336443227947,-0.323710400987611,-1.18962958197865,150,645,"DRD2;HLA-DQA1;HLA-DQB1;HLA-DRB5;DHH;TLR9;HLA-DRB1;CD74;HLA-DRA;GRM6;PDGFB;CHST6;GALNT17;RAP1GAP;ABCA12;B3GNT7;CHST1;GBP5;HLA-DPA1;MFNG;SLC30A8;AP1M2;HLA-DPB1;ST6GAL1;HS6ST2;ST8SIA5;ICA1;ST6GAL2;ST8SIA4;CFP;B3GNT4;MGAT5B;PANX2;HLA-DQA2;CHST8;HID1;B4GALNT1;GALNT12;PMEPA1;MAN1C1;LARGE2;SCARA3;IHH;GASK1B;NLRP3"
"GOCC_INWARD_RECTIFIER_POTASSIUM_CHANNEL_COMPLEX",0.0257648953301127,0.503336443227947,-0.937481887248616,-1.44186422364521,127,3,"KCNK1;KCNH2"
"GOCC_SCHMIDT_LANTERMAN_INCISURE",0.02674116942726,0.503336443227947,-0.794880414908563,-1.54329133366573,133,9,"MAL;MARVELD2;CLDN5"
"GOCC_AUTOLYSOSOME",0.0276451869530628,0.505578927497539,-0.690593858092221,-1.5611578459425,138,18,"HLA-DRB1;HLA-DRA"
"GOCC_CLATHRIN_SCULPTED_VESICLE",0.030849358974359,0.548673466374907,0.793002307443214,1.50721881474587,153,8,"GAD1;SLC17A7;SYT1;SLC18A2;RAB3A;VAMP2"
"GOCC_NADPH_OXIDASE_COMPLEX",0.0310186111667,0.548673466374907,0.726935382604367,1.51708473078738,154,12,"DUOX2;NOXO1;DUOXA1;NOXA1;NOX5;NCF2;DUOX1"
"GOCC_MISMATCH_REPAIR_COMPLEX",0.0322257806244996,0.551930433235477,-0.760224368511991,-1.53695254389242,160,11,"PMS2P1;PMS2P5"
"GOCC_RECYCLING_ENDOSOME",0.0317156236696467,0.551930433235477,0.380091746720164,1.28671453689493,148,198,"C8orf44-SGK3;RAB11FIP4;MCTP1;MYO5B;ENTREP1;CFTR;NSG1;TNF;BAIAP3;LAMP5;ACKR4;SH3TC2;ATG9B;DYNC1I1;ACAP1;SYT5;GRIA1;CD22;GPER1;AKAP5;SLC9A9;HLA-F;WIPF3;ABHD17B;SLC31A2;EHD1;HLA-B;VAMP8;RNF11;RABGEF1;HLA-E;SLC1A1;SGK3;PLEKHA3;SLC9B2;FCHSD2;FZD7;ACKR2;ST8SIA2;RAB11FIP2;TPCN1;SLC9A6;RAB17;ATP9A;ACKR3;B2M;RFFL;SLC11A2;FIG4;TBC1D17;RAB11FIP5;SNX18;SYT11;SORL1;EHD3;RAB11FIP3;ZDHHC2;SCAMP1;VPS13B;RAB11B;STX7;DYNC1LI1;ABHD17A;AP3M1;OPTN;ATP11C;LZTR1;LMTK2;ATP11A;VPS33B;DENND6A;ZFYVE27;SLC9A7;HLA-C;RELCH;VAMP3;FCHSD1;CACFD1;SCAMP4;GGA3;NDRG1;SCAMP2;ATP13A3;PHETA1;MTMR4;LDLRAP1"
"GOCC_BLOOD_MICROPARTICLE",0.0332181259600614,0.554580856732937,-0.455234101540459,-1.38333795799824,172,93,"ACTA1;APOE;ITIH2;APOA2;SERPINF2;HPX;FGB;C4BPA;APOA1;APOL1;C4B;SERPINA3;AHSG;FGA;IGHG1;A2M;FCN3;FGG;POTEE;IGLC3;CPN2;OAZ3;C4A;TF;AMBP;ALB;IGKC;CIB2;GC;ZNF559-ZNF177"
"GOCC_MYOSIN_COMPLEX",0.0334084853453577,0.554580856732937,0.525679907143778,1.45547401028935,162,46,"MYO3B;MYL4;MYO7A;MYO5C;MYH1;MYO5B;MYH2;MYO1F;MYH7;MYH11;MYH6;LIMCH1;MYO16"
"GOCC_INTERMEDIATE_DENSITY_LIPOPROTEIN_PARTICLE",0.0345733926405176,0.565222585744219,-0.896553205277525,-1.45520998506229,170,4,"APOC2;APOE;APOB"
"GOCC_INCLUSION_BODY",0.0353133292508675,0.568702720323673,0.514063784890555,1.44577473019614,172,50,"HAP1;SNCA;NEFH;MIOX;LRRK2;RNF32;GYS1;PRKN;HSPA1A;PINK1;PRNP;DNAJB2;TRIM37;HSPA1B"
"GOCC_NEURON_PROJECTION_TERMINUS",0.0376385173863202,0.597234709703522,-0.446973674950944,-1.37098082580026,196,99,"OPRD1;DRD2;UNC13C;CRHBP;PTPRN;KCNA2;SLC4A10;UCHL1;NTS;FLRT1;FLRT3;BSN"
"GOCC_GLIAL_CELL_PROJECTION",0.0396934564747495,0.619434055858698,-0.58806452005991,-1.48586898171229,201,30,"ADCY10;KCNJ10;ADGRG1;SCN7A;ATP1B2;AQP4"
"GOCC_INTERCALATED_DISC",0.0402656704026567,0.619434055858698,0.520098351817907,1.42993683966541,193,45,"SCN5A;FGF13;MYH1;DES;KCNJ2;CAV3;JUP;ATP1A2;FXYD1;CXADR;GJA1"
"GOCC_NEURONAL_DENSE_CORE_VESICLE",0.0407597942223981,0.619434055858698,-0.650873022744534,-1.51374929887009,205,20,"OPRD1;SCG2;FZD8;TAC1"
"GOCC_ENDOCYTIC_VESICLE_LUMEN",0.0434868943606037,0.647145474164973,-0.7149196918372,-1.5026569654746,218,13,"APOE;HPX;APOA1;APOB;SPARC"
"GOCC_EXOCYTIC_VESICLE",0.0443825441039926,0.647145474164973,-0.366477304033178,-1.24677646508292,238,244,"OPRD1;DRD2;SLC35F1;GABRA2;UNC13C;TRIM9;LGI3;PTPRN;ICA1;SYN3;SYN2;ATP6V1B1;SYNDIG1;BSN;FER1L5;SYT15;ATP6V1G3;ATP6V1G2"
"GOCC_SPECTRIN_ASSOCIATED_CYTOSKELETON",0.044035228182546,0.647145474164973,-0.740104391557013,-1.49627580286064,219,11,"ADD2;SPTA1;SPTB;DMTN;ANK3;SPTBN2"
"GOCC_MULTIVESICULAR_BODY",0.0457643622200584,0.658396624472574,-0.487010028064102,-1.39099656067593,234,60,"CD74;LRAT;CRHBP;APOE;CD79A;ACP3;SFTPA1;PGA4;SFTPA2;PMEL"
"GOCC_PARALLEL_FIBER_TO_PURKINJE_CELL_SYNAPSE",0.0473349244232299,0.672031361219277,-0.660421126198561,-1.49294930835221,237,18,"UNC13C;GPM6A;SUSD4;ATP2B3"
"GOCC_CHROMOSOME_CENTROMERIC_CORE_DOMAIN",0.0491410307630843,0.688471230575389,0.718477004525819,1.46823688864756,245,11,"H2AC8;H4C11;H4C8;H2BC11;H4C14"
"GOCC_RECYCLING_ENDOSOME_MEMBRANE",0.0497690046199076,0.688471230575389,0.422394715598313,1.3199402322064,236,102,"RAB11FIP4;ENTREP1;CFTR;NSG1;BAIAP3;LAMP5;ATG9B;ACAP1;SYT5;GRIA1;SLC9A9;HLA-F;ABHD17B;EHD1;HLA-B;VAMP8;HLA-E;SLC1A1;SLC9B2;FZD7;RAB11FIP2;TPCN1;SLC9A6;RAB17;ATP9A;B2M;RFFL;SLC11A2;RAB11FIP5;SNX18;SYT11;SORL1;EHD3;RAB11FIP3;ZDHHC2;SCAMP1;VPS13B;RAB11B;DYNC1LI1;ABHD17A;OPTN;ATP11C;LZTR1;ZFYVE27;SLC9A7;HLA-C;VAMP3;SCAMP4;GGA3;NDRG1;SCAMP2;ATP13A3;MTMR4;PLEKHB2;RAB11A;CLCN4;MICALL1;SLC9A3;RAB35;STX6"
"GOCC_NUCLEAR_STRESS_GRANULE",0.0511226944667201,0.698245409235329,-0.799416537569105,-1.46259921197229,254,7,"PKP1"
"GOCC_ENDOCYTIC_VESICLE_MEMBRANE",0.0525414049114792,0.699903406166494,-0.382559538208328,-1.2577423018507,275,177,"HLA-DQA1;HLA-DQB1;HLA-DRB5;WNT7B;HLA-DRB1;CD74;HLA-DRA;DMBT1;HLA-DPA1;HLA-DPB1;APOE;KIAA0319;WNT4;GRIA2;APOB;NOSTRIN;HLA-DQA2;CACNG8;HBEGF;WNT5A;MPEG1;EGF;SCARF1;TF"
"GOCC_FACIT_COLLAGEN_TRIMER",0.0520896426408237,0.699903406166494,-0.851088659563892,-1.44364866124586,257,5,"COL9A3"
"GOCC_B_CELL_RECEPTOR_COMPLEX",0.0588354225636878,0.725143215724378,-0.870488134857826,-1.41290334836429,290,4,"CD79B;CD79A;SYK"
"GOCC_CATENIN_COMPLEX",0.0575015185260174,0.725143215724378,0.574861581973879,1.42613678822996,283,26,"CDH10;CDH18;CDH8;CDH3;CDH17;CDH26;CDH23;JUP;CDH6;CDH15;CDHR3"
"GOCC_CLATHRIN_COATED_VESICLE_MEMBRANE",0.062770155985717,0.725143215724378,-0.407457419194538,-1.28563948207351,333,122,"HLA-DQA1;HLA-DQB1;HLA-DRB5;HLA-DRB1;CD74;HLA-DRA;HLA-DPA1;AP1M2;HLA-DPB1;APOE;KIAA0319;APOB;HLA-DQA2;HBEGF;WNT5A;EGF;CLTCL1;ATP6V1G2;TF"
"GOCC_COMPACT_MYELIN",0.0661338661338661,0.725143215724378,-0.702393886807733,-1.44805231224063,330,12,"MAL;MARVELD2;CLDN5"
"GOCC_DENDRITE_MEMBRANE",0.0638256470130376,0.725143215724378,-0.539984505667232,-1.40225541617498,327,34,"OPRD1;GABRA2;GABRA5;SHISA9"
"GOCC_ENDOLYSOSOME_MEMBRANE",0.0617577197149644,0.725143215724378,-0.656452540242594,-1.45043934242155,311,16,"TLR9"
"GOCC_EXTERNAL_SIDE_OF_PLASMA_MEMBRANE",0.0650843686259967,0.725143215724378,-0.358249399579495,-1.21941423034604,350,245,"GFRA3;GFRA2;MOG;HLA-DRB1;CD74;RTN4R;IL12RB1;AZGP1;CXCR6;SLAMF9;CD226;CD79B;CDH5;ATP1B2;CD79A;FGF8;FCGR2A;CXCL10;FGB;LAG3;CXCR4;AQP4;PRND;CHRNB2;FGA;EPHA5;CD200R1;GRIA2;TRPM8;FCN3;FGG"
"GOCC_FC_RECEPTOR_COMPLEX",0.0665330661322645,0.725143215724378,0.966281130491559,1.29167041076687,331,1,"CD247"
"GOCC_GABA_ERGIC_SYNAPSE",0.0578368999421631,0.725143215724378,-0.442708937985714,-1.32941770776075,299,84,"DRD2;GABRA2;GUCY1A1;GABRA5;GRID1;ERBB4;GAP43;IQSEC3;SLC4A10;PCDH17;NLGN4X;ATP2B3"
"GOCC_GAMMA_DELTA_T_CELL_RECEPTOR_COMPLEX",0.0665330661322645,0.725143215724378,0.966281130491559,1.29167041076687,331,1,"CD247"
"GOCC_INTERLEUKIN_1_RECEPTOR_COMPLEX",0.0637997173430244,0.725143215724378,-0.839770500979569,-1.42445037408222,315,5,"IL1B;IL1R2;IL1A;IL1RAP;IL1R1"
"GOCC_IONOTROPIC_GLUTAMATE_RECEPTOR_COMPLEX",0.0642201834862385,0.725143215724378,-0.548525047926897,-1.40869512650287,328,32,"GRIK4;CACNG7;GRID1;SHISA9;GRIK5;GRIA2;OLFM2;CACNG8"
"GOCC_JUNCTIONAL_MEMBRANE_COMPLEX",0.0602507076425394,0.725143215724378,-0.869057390352108,-1.41058108385334,297,4,"JPH1"
"GOCC_KERATIN_FILAMENT",0.0626515763945028,0.725143215724378,0.567909457972612,1.41936712288303,309,27,"KRT86;KRT16;KRT20;KRT14;KRTAP1-5;KRTAP1-1;GPER1;EPPK1;KRT33B"
"GOCC_LATERAL_PLASMA_MEMBRANE",0.0627428127428127,0.725143215724378,-0.469800363312325,-1.35147694953829,322,62,"DRD2;CLDN4;ERBB3;VANGL2;ATP1B2;SLC22A1;ATP6V1B1;CLDN1;CEACAM1;ANK3;CLDN7;EPCAM;TACSTD2;SLC16A1;CLDN5"
"GOCC_LOW_DENSITY_LIPOPROTEIN_PARTICLE",0.0557442557442557,0.725143215724378,-0.713129045246358,-1.47018387017598,278,12,"APOC2;APOE;APOA1;APOB"
"GOCC_NEUROTRANSMITTER_RECEPTOR_COMPLEX",0.0591554777194007,0.725143215724378,-0.545758561040198,-1.41724973607686,303,34,"GRIK4;CACNG7;GRID1;SHISA9;GRIK5;CHRNB2;GRIA2;OLFM2;CACNG8"
"GOCC_PROTEIN_DNA_COMPLEX",0.0597550675675676,0.725143215724378,0.371341676218747,1.24239271997982,282,176,"H2AC19;H2AC8;H4C11;H3C4;H2BC26;H2BC6;H3C11;H3C6;NKX2-5;H4C8;H2BC17;H2AC25;H2BC11;H2BC4;H4C14;JUP;H1-2;RPA4;H2AC6;H2BC5;H3C10;H2BC21;PRIM2;POLR2M;TCF7L2;EYA1;ING3;H2BC12;RPA2;H2AC11;CTC1"
"GOCC_CANONICAL_INFLAMMASOME_COMPLEX",0.0713286713286713,0.768557507523657,-0.695338770948594,-1.43350751476327,356,12,"MEFV;NLRC4;NLRP3;CASP1;PYCARD;CASP4;DHX33"
"GOCC_CORNIFIED_ENVELOPE",0.0719409715105554,0.768557507523657,0.53485737425884,1.37960101911998,350,32,"SERPINB2;KRT16;SERPINB5;RPTN;PPL;CST6;KRT14;JUP;CSTA;CYSRT1"
"GOCC_AMPA_GLUTAMATE_RECEPTOR_COMPLEX",0.084913112164297,0.789838345045487,-0.594720429571063,-1.39685656730967,429,21,"CACNG7;GRID1;SHISA9;GRIA2;OLFM2;CACNG8"
"GOCC_CELL_BODY_FIBER",0.0791783007578779,0.789838345045487,0.764866834858306,1.40864287691052,396,7,"SRD5A2;PENK"
"GOCC_CELL_CELL_CONTACT_ZONE",0.082955014444903,0.789838345045487,0.437146941093067,1.2899400237007,401,68,"SCN5A;FGF13;MYH1;AJAP1;DES;KCNJ2;CAV3;PCDHA10;JAM2;JUP;ATP1A2;FXYD1;CXADR;GJA1;BAIAP2L2;TJP2;FGFRL1"
"GOCC_EXTRINSIC_COMPONENT_OF_CYTOPLASMIC_SIDE_OF_PLASMA_MEMBRANE",0.0771887060735324,0.789838345045487,0.503608699354322,1.35329656706353,379,39,"GNA15;GNA14;GNAO1;GNGT2;MCF2L;CARMIL2;GNAZ;GPR88"
"GOCC_EXTRINSIC_COMPONENT_OF_ORGANELLE_MEMBRANE",0.0844181459566075,0.789838345045487,-0.571236904110837,-1.38181577387085,427,24,"SYN3;ATP6V1B1;SNX10;ATP6V1G2"
"GOCC_MITOTIC_SPINDLE_MIDZONE",0.0841938046068308,0.789838345045487,-0.668737212303156,-1.40558812634893,423,13,"AURKB;KIF18B;KIF18A;PRC1;MAP10;CENPE;MAP9;KIF20B;RCC2"
"GOCC_NEURON_SPINE",0.0841846386681801,0.789838345045487,-0.38208214478996,-1.23007115251967,444,148,"OPRD1;DRD2;NGFR;GPM6A;GRID1;SHISA9"
"GOCC_NUCLEAR_RNA_EXPORT_FACTOR_COMPLEX",0.0786494136676102,0.789838345045487,-0.855454890046166,-1.38850264595306,388,4,"NXF3"
"GOCC_PHOTORECEPTOR_CELL_CILIUM",0.0822314049586777,0.789838345045487,0.4260897303828,1.28595766687789,397,79,"MYRIP;USH2A;MYO7A;CDHR1;PDC;USH1G;INHA;OPN4;KIF17;PDE6G;ABCA4"
"GOCC_PLASMA_MEMBRANE_PROTEIN_COMPLEX",0.0767138193688792,0.789838345045487,-0.319829417833344,-1.15458259981925,422,486,"DRD2;HLA-DQA1;HLA-DQB1;HLA-DRB5;HLA-DOA;GRIK4;HLA-DRB1;CD74;HLA-DRA;IL1B;HLA-DMB;FXYD3;IL1R2;CDH19;IL12RB1;CHRNA9;CACNG7;ZAP70;KCNG2;GRID1;HLA-DPA1;GJA9;ERBB3;UNC79;HLA-DPB1;SHISA9;CD79B;CDH5;SCN7A;IL18R1;ATP1B2;KCNK1;CD79A;KCNA2;PGM5;KCNAB3;CACNA1E;C7;CATSPERG;CDH4;IL1A;GRIK5;CHRNB2;CALCRL;PTPN6;KCNH2;KCNIP2;FXYD6;KCNG1;CACNA1H;GRIA2;GPR156;OLFM2;CDH2;HLA-DQA2;KCNS3;CACNG8;GJA5;CMKLR1;ADAM8;SYK;HLA-DOB;NALF1;TF;FZD8;CEACAM1;PDE4D;SCN4B;GJD3;TRBV12-4;GNG7;GNG4;GNAL;CACNA2D2;KCNH1;CACNA2D4;HLA-DMA;IL2RB;ABCC9;ITGB4;CNIH2;KCNE3;CD4"
"GOCC_SPERM_HEAD",0.0829493087557604,0.789838345045487,0.725018521300288,1.41477975968142,413,9,"TACR1;WBP2NL;OPN4;TACR2"
"GOCC_TERMINAL_BOUTON",0.0750153720024595,0.789838345045487,0.531434001550532,1.37077083615064,365,32,"USH2A;CABP4;SNCA;NTRK2;NTSR1;LRRK2;SLC18A2;GRIN1;RAB3A;ADORA1;PRKN;UNC13A;PRSS12"
"GOCC_TERTIARY_GRANULE_MEMBRANE",0.0768290197676788,0.789838345045487,0.468934245192088,1.32678370935061,376,52,"MGAM;SNAP25;SVIP;ITGB2;PLAU;VAMP8;CLEC12A;CD177;ATP8B4;STBD1"
"GOCC_TRICARBOXYLIC_ACID_CYCLE_HETEROMERIC_ENZYME_COMPLEX",0.0845781186919661,0.789838345045487,0.645861834152198,1.39988642393686,418,14,"OGDHL;OGDH;DLST;SUCLG1;SUCLG2;DLD;IDH3A;IDH3G;ABHD11;BCKDK"
"GOCC_ZONULA_ADHERENS",0.0781810929397686,0.789838345045487,0.766254743872618,1.41119896649071,391,7,"JUP;PLEKHA7;SORBS1;VCL"
"GOCC_DYNEIN_AXONEMAL_PARTICLE",0.0885311871227364,0.804360384668604,0.592419190100034,1.37010916185684,439,19,"DNAI1;NME9;DNAAF8;DNAAF3;DNAAF11"
"GOCC_FICOLIN_1_RICH_GRANULE_MEMBRANE",0.0894562058945621,0.804360384668604,0.480056076399789,1.31984626821049,430,45,"MGAM;PTPRN2;ENPP4;CD55;ITGB2;SERPINB12"
"GOCC_IGM_IMMUNOGLOBULIN_COMPLEX",0.0878255602665051,0.804360384668604,-0.816721257923759,-1.38535337930226,434,5,"CD79B;CD79A;IGLC3;IGKC"
"GOCC_PRESYNAPTIC_ENDOCYTIC_ZONE",0.0891503789389709,0.804360384668604,0.756722232511682,1.39364309451969,446,7,"PACSIN1;CLTB;DNAJC6"
"GOCC_SPINDLE_MIDZONE",0.090377873003506,0.805931611328785,-0.508860266741128,-1.34174404814887,463,37,"CENPV;AURKB;KIF18B;KIF14;AURKA;PLK1;FIRRM;BIRC5;KIF18A;PRC1;MAP10;RACGAP1;CENPE;MAP9;INCENP;AURKC;CDCA8;KIF20B;RCC2;LUZP1"
"GOCC_FILTRATION_DIAPHRAGM",0.0918993860170331,0.810107554200542,0.808060488468754,1.37353972617318,463,5,"PODXL;MAGI2;TRPC6;IQGAP1"
"GOCC_OXOGLUTARATE_DEHYDROGENASE_COMPLEX",0.0923477564102564,0.810107554200542,0.733205137948722,1.3935654015279,460,8,"OGDHL;OGDH;DLST;DLD;ABHD11;BCKDK"
"GOCC_KAINATE_SELECTIVE_GLUTAMATE_RECEPTOR_COMPLEX",0.0960144927536232,0.835480949041608,-0.879344585626925,-1.35244799448093,476,3,"GRIK4;GRIK5"
"GOCC_DENDRITIC_GROWTH_CONE",0.0978043912175649,0.83754712796629,-0.735102007970276,-1.38831110185732,489,8,"COBL"
"GOCC_STEREOCILIUM_BUNDLE",0.0971334295731079,0.83754712796629,0.449681352742816,1.2893855642683,470,57,"MYO3B;TMC1;USH2A;MYO7A;CDH23;FSCN2;CLIC5;RIPOR2;DOCK4;PTPRQ;ATP8B1;IDO1;PDZD7;NHERF1;ESPN"
"GOCC_ATPASE_DEPENDENT_TRANSMEMBRANE_TRANSPORT_COMPLEX",0.103272584754066,0.840091436828861,-0.467324475720967,-1.29454669435614,526,50,"FXYD3;ATP1B2;FXYD6;ATP6V1B1;ATP6V1G3;ATP6V1G2;PLN;ABCC9;VMA12"
"GOCC_CATION_CHANNEL_COMPLEX",0.105887335874629,0.840091436828861,0.357266215584321,1.18683979852526,499,166,"SCN5A;KCNIP4;KCNA4;CACNA1B;KCNH4;CATSPER2;HCN1;KCNMB1;SCN3A;KCNH5;KCNB1;KCNJ2;KCNB2;SNAP25;CACNB4;KCNAB1;CACNB2;CATSPER3;KCNE1;CASQ2;SCN3B;PKD1L1;CNGA3;KCNS2;KCNQ3;CHRNA5;KCND2;KCNA1;CATSPERZ;CACNG2;CATSPER1;STAC3;KCND1;CACNA1A;KCNA3;PDE4B;KCNK6;KCNJ6;RYR2;KCNN4;AMIGO1;SCN9A;HCN3;TRPC6;CACNA1D;TMEM262;KCNA7;KCNMB2;RYR3;SCNN1A;VAMP2;CACNA2D1;TRPM4"
"GOCC_CLATHRIN_SCULPTED_GAMMA_AMINOBUTYRIC_ACID_TRANSPORT_VESICLE",0.103043564750348,0.840091436828861,0.776020978969019,1.37523702531729,517,6,"GAD1;SYT1;RAB3A;VAMP2"
"GOCC_CONTRACTILE_MUSCLE_FIBER",0.101138071719991,0.840091436828861,0.345450798512083,1.17808429798681,470,211,"SCN5A;ANKRD1;MYL4;MYOZ2;LDB3;ABRA;TRIM54;HRC;MYH1;LMOD3;MYH2;ACTC1;DES;FBXO32;MYPN;CAV3;ACTN2;KY;MYBPH;MYH7;ANK1;KCNE1;CASQ2;MYH11;JUP;SCN3B;IGFN1;MYH6;SVIL;CRYAB;LMOD1;TNNC1;IDO1;MYOM3;PDE4B;NPNT;CMYA5;RYR2;ACTN3;POLR2M;FHOD3;PALLD;KAT2B;KLHL41;ATP2B4;CACNA1D;HABP4;CALD1;SYNPO2;RYR3;MYZAP;JPH2;MYL3;ACTA2;SORBS2"
"GOCC_DENSE_CORE_GRANULE",0.104471782854911,0.840091436828861,-0.511965000834789,-1.32092622890099,534,33,"OPRD1;CRHBP;SCG2;SPX;ADAM8;FZD8;TAC1;SYT7"
"GOCC_GTPASE_COMPLEX",0.105696072383302,0.840091436828861,0.501771210036996,1.30955190220599,513,34,"GNA15;GNA14;GNAO1;GNGT2;GNAZ;GPR88"
"GOCC_LAMELLAR_BODY",0.105586370839937,0.840091436828861,-0.640530588914683,-1.3724802102096,532,14,"ABCA12;SFTPA1;LAMP3;SFTPA2"
"GOCC_MICROBODY",0.105285592497869,0.840091436828861,0.369509312679267,1.20189653943835,493,141,"KCNIP4;IDI2;HAO2;ABCD2;DHRS4L1;SLC27A2;TMEM35A;ACSL6;PEX5L;XDH;DDO;MIEF2;ALDH3A2;DEPP1;ACOT4;MLYCD;CAT;DHRS7B;MGAT4A;MFF;ACAD11;DECR2;CROT;STING1;PAOX;TRIM37;ACOX2;PEX19;USP30;HSDL2;PEX11B;PMVK;PEX3;VIM;PLAAT3;NUDT7;PEX12;ABCD4;MAVS;CRAT;IDH2;FNDC5;PEX1;PEX11G;MUL1;PEX26;MVD;NUDT12;NBR1;HSD17B4;PEX14;PNPLA8;PIPOX;PEX39"
"GOCC_NETWORK_FORMING_COLLAGEN_TRIMER",0.0989781606892406,0.840091436828861,0.712070887985925,1.38951412989298,493,9,"COL4A4;COL4A6;COL10A1;COL4A5;COL4A3;COL8A2"
"GOCC_PINOSOME",0.101582849128431,0.840091436828861,0.708774385200008,1.38308143157945,506,9,"CX3CR1;CARMIL2;APPL2;CLIP1"
"GOCC_EXTRINSIC_COMPONENT_OF_SYNAPTIC_VESICLE_MEMBRANE",0.109087269815853,0.859161781980329,-0.67859728990991,-1.37192633412551,544,11,"SYN3;ATP6V1B1;ATP6V1G2;BIN1;SYN1"
"GOCC_CLATHRIN_SCULPTED_MONOAMINE_TRANSPORT_VESICLE",0.116495253164557,0.904304878881705,0.822426419142684,1.33671390262233,588,4,"SYT1;SLC18A2;RAB3A;VAMP2"
"GOCC_RESPIRATORY_CHAIN_COMPLEX",0.115815454718056,0.904304878881705,-0.395435944673983,-1.22316861938347,609,106,"MTCO2P12;COX7A1;UQCRQ;MT-ND3;ATP5ME;NDUFA9;COX7B;NDUFA3;NDUFAF2;NDUFB3;ATP5MJ;NDUFA1;MT-CO3;ATP5MK;NDUFB11;NDUFA7;NDUFB4;MT-ATP8;ATP5F1E;NDUFS6;NDUFA2;NDUFB1;UQCRH;ATP5MC3;MT-ATP6;COX6C;COX5A;NDUFA6;COX5B;ATP5PO;NDUFA12;NDUFS7;ATP5F1D;ATP5MC1;NDUFB2;NDUFS8;COX7C;UQCRHL;ATP5F1C;COX8A;NDUFS5;NDUFA13;UQCRB;UQCR11;MT-ND2;NDUFB9;UQCRC1;NDUFB5;UQCR10;NDUFA4;COX7A2L;MT-CYB;ATP5PB;NDUFV2;NDUFS2;ATP5MG;UQCRFS1;SDHA;CYC1;ATP5MC2;ATP5F1A;COX15;MT-CO2;MT-ND1;ATP5MF;NDUFS1;NDUFC1;MT-CO1;COX6B1;COX7A2;MT-ND4L;NDUFB8;ATP5PD;NDUFB6;NDUFV1;ATP5F1B;NDUFA11;NDUFA10"
"GOCC_AXON",0.120072332730561,0.92541462154482,-0.306312352917811,-1.11433692464291,663,552,"OPRD1;DRD2;NGFR;GABRA2;COBL;NETO1;CD200;UNC13C;GPM6A;RTN4R;CACNG7;CRHBP;ADCY10;RAP1GAP;GAP43;SPTA1;LGI3;FRMD7;PTPRN;SH2D3C;MYOT;LGI1;KCNA2;SLC4A10;IL1RAPL1;EPHB1;KIF21B;RAP1GAP2;ATP2B3;C4B;UCHL1;STMN3;NTS;NECAB2;EPHA5;ADORA2A;ADGRL3;FLRT3;BSN;MYH14;POTEE;AVIL;C4A;EPHB2;IGF2BP1;ANK3;GNRH1;KIF5A;PRKCZ;TAC1;TENM3;BRSK1;KCNH1;ADAM11;CORO1A;ADCY8;CNTF;IGSF9;SEPTIN4;AZIN2;NECTIN1;SYT7;SEMA6A;NRCAM;CD40;NEFL;PREX1;ELAVL4;TRPA1;IL31RA;TACR3"
"GOCC_CARDIAC_MYOFIBRIL",0.12281050955414,0.929568355119826,0.898418917028124,1.29102706353409,616,2,"DES;CRYAB"
"GOCC_CLATHRIN_COATED_VESICLE",0.124057315233786,0.929568355119826,-0.351857003710865,-1.17154166493013,657,198,"HLA-DQA1;HLA-DQB1;HLA-DRB5;HLA-DRB1;CD74;HLA-DRA;HLA-DPA1;AP1M2;HLA-DPB1;APOE;KIAA0319;APOB;HLA-DQA2;SFTPA1;HBEGF;WNT5A;GAS7;EGF;CLTCL1;ATP6V1G2;TF;SFTPA2"
"GOCC_POSTSYNAPTIC_SPECIALIZATION",0.12376418894178,0.929568355119826,-0.324341255587002,-1.13546782215513,675,336,"OPRD1;NGFR;GABRA2;NETO1;GRIK4;ELFN2;CHRNA9;CACNG7;GABRA5;ADD2;GRID1;ERBB4;GPR158;GAP43;VANGL2;SHISA9;SH3GL3;SLITRK5;IQSEC3;SYN3;NLGN4X;SYN2;FABP5;GRIK5;SYNDIG1;INSYN2A;GRIA2;BSN;CACNG8;BAALC"
"GOCC_PSEUDOPODIUM",0.122828282828283,0.929568355119826,0.594761649048307,1.32961773851628,607,16,"LDB3;ACTN2;ACTN3;KLHL41;ARRB1;MYOZ1;CAPN2"
"GOCC_CHROMOSOME_PASSENGER_COMPLEX",0.126231155778894,0.93933391093398,-0.761627093343285,-1.34319664570327,627,6,"AURKB;AURKA;BIRC5;INCENP;AURKC;CDCA8"
"GOCC_APOLIPOPROTEIN_B_MRNA_EDITING_ENZYME_COMPLEX",0.148193014334747,0.939430960024018,-0.776057590898879,-1.31637813471153,733,5,"A1CF;RBM47;RBM46"
"GOCC_AXONEMAL_CENTRAL_APPARATUS",0.146130653266332,0.939430960024018,-0.746435322492257,-1.31640461607651,726,6,"SPAG17;HYDIN;SPEF1"
"GOCC_BOX_H_ACA_RNP_COMPLEX",0.131313131313131,0.939430960024018,0.784680102504514,1.33379778928427,662,5,"TERC;NOP10"
"GOCC_BOX_H_ACA_TELOMERASE_RNP_COMPLEX",0.131313131313131,0.939430960024018,0.784680102504514,1.33379778928427,662,5,"TERC;NOP10"
"GOCC_CENTRAL_ELEMENT",0.143921095008052,0.939430960024018,-0.849345755682793,-1.30630924744379,714,3,"SYCE1"
"GOCC_CHROMAFFIN_GRANULE",0.149214659685864,0.939430960024018,0.613812394402731,1.30430654083886,740,13,"SYT1;PENK;DBH;SYT2;ATP8A1;CYB561;DNAJC5;DNM1"
"GOCC_COHESIN_COMPLEX",0.131705364291433,0.939430960024018,-0.66357021248426,-1.34154595455174,657,11,"RAD21L1;SGO1;STAG3;DDX11;REC8"
"GOCC_CUTICULAR_PLATE",0.13373253493014,0.939430960024018,-0.708859074302802,-1.33874878838132,669,8,"SPTA1;PIEZO2;CIB2;CALB2"
"GOCC_CYTOPLASMIC_SIDE_OF_PLASMA_MEMBRANE",0.141334470262204,0.939430960024018,0.359520464838056,1.16583162367794,662,138,"AJAP1;GNA15;RGS4;GNA14;GNAO1;CACNB4;KCNAB1;PTPN3;ANK1;NTSR1;NLRP10;ATP2C2;JUP;GNGT2;MCF2L;CARMIL2;HCK;GNAZ;KIT;STAC3;AKAP5;RGS5;GPR88;LYN"
"GOCC_CYTOSOLIC_RIBOSOME",0.146787262106652,0.939430960024018,-0.378585404544742,-1.18369937923288,778,114,"RPS29;ABCE1;RPS21;RPL37A;RPL39;RPL38;RPS27A;RPL36;PELO;RPS17;RPS28;RPL35A;RPS27L;RPS2;RPSA;RPL41;RPL37;RPS23;RPL27A;RPL17;RPS27;RPS19;ZCCHC17;RPL32;RPS3;RPS14;RPS18;GCN1;RPS4X;RPL23A;GSPT1;RPLP2;RPL35;RPS13;LARP4;RPL8;RPS15A;RPL12;RPL27;RPL36A;RPL34;USP10;RPS7;RPS8;RPL30;RPS12;ASCC2;RPL31;UBA52;RPS20;RPS25;RPLP0;RPLP1;ETF1;LTN1;RPL14;RPL6;RPL5;ASCC3;RPS3A;RPS6;RPL18A;RPL39L;RPL19;RPS16;RPL28;RPS24;RPL13;RPL26L1;RPL24;RPS10;RPS11;RPL15;RPL18;RPL23;RPS5;RPLP0P6;RPS26;RPL21;UBB;RPL36AL;RPL10;RPL10A"
"GOCC_FILOPODIUM_MEMBRANE",0.149751737835154,0.939430960024018,-0.580918265394415,-1.30000205817328,753,17,"TTYH1;GAP43"
"GOCC_G_PROTEIN_COUPLED_RECEPTOR_COMPLEX",0.130839271575614,0.939430960024018,-0.603284260056657,-1.33296342356521,660,16,"DRD2;CALCRL;GPR156;CMKLR1"
"GOCC_GROWTH_FACTOR_COMPLEX",0.137759170653907,0.939430960024018,-0.675595462991154,-1.34127583509692,690,10,"PDGFB;IGFALS;IGFBP5"
"GOCC_I_BAND",0.147753885458803,0.939430960024018,0.361414542364237,1.16467301225418,693,130,"SCN5A;ANKRD1;MYOZ2;LDB3;TRIM54;HRC;ACTC1;DES;FBXO32;MYPN;CAV3;ACTN2;KY;MYH7;ANK1;KCNE1;CASQ2;JUP;SCN3B;IGFN1;MYH6;CRYAB;PDE4B;RYR2;ACTN3;POLR2M;FHOD3;PALLD;KAT2B;ATP2B4;CACNA1D;SYNPO2;RYR3;MYZAP;JPH2;MYL3;SORBS2"
"GOCC_INTERMEDIATE_FILAMENT_CYTOSKELETON",0.138442263520568,0.939430960024018,0.392074029684104,1.19852423108143,662,88,"KRT86;KRT16;KRT20;DES;PPL;KRT14;INA;NEFH;LMNTD2;JUP;KRTAP1-5;CARMIL2;CLDN11;BFSP1;KRTAP1-1;GPER1;KRTAP5-9;EPPK1;KRT33B;GFAP;IFFO1;ZNF774"
"GOCC_MITOCHONDRIAL_LARGE_RIBOSOMAL_SUBUNIT",0.144259077526987,0.939430960024018,-0.441606485050802,-1.23212161532151,734,52,"MRPL23;MRPL52;MRPL15;MRPL27;MRPL53;MRPL42;MRPL1;MRPL47;MRPL22;MRPL13;MRPL51;MRPL14;MRPL32;MRPL3;MRPL9;MRPL24;MRPL36;MRPL40;MRPL57;MRPL28;MRPL17;MRPS18A;MRPL4;MRPL21;MRPL30;MRPL55;MRPL12;MRPL39;GADD45GIP1;MRPL37;MRPL43;MRPL20;MRPL16;MRPL11;MRPL44"
"GOCC_NEURON_TO_NEURON_SYNAPSE",0.134717882742143,0.939430960024018,-0.320409941533531,-1.12661831950206,732,355,"OPRD1;NGFR;NETO1;GRIK4;ELFN2;CACNG7;ADD2;GRID1;ERBB4;GPR158;GAP43;VANGL2;SHISA9;SH3GL3;ATP1B2;SLITRK5;IQSEC3;SYN3;NLGN4X;PLXNA4;SYN2;FABP5;GRIK5;SYNDIG1;ADORA2A;INSYN2A;GRIA2;BSN;CACNG8;BAALC;EFNB3;DMTN;EPHB2;PSD;RAPGEF4;BRSK1;KCNH1;USP50;SORCS2;ADCY8;IGSF9;CNIH2;LRFN1;NECTIN1;NTM;SYT7"
"GOCC_PERICILIARY_MEMBRANE_COMPARTMENT",0.145016908693058,0.939430960024018,0.747178299584803,1.32412304557511,728,6,"USH2A;KIF17;WHRN"
"GOCC_PLATELET_ALPHA_GRANULE_LUMEN",0.129503407984421,0.939430960024018,-0.435649968946361,-1.24430211606074,664,60,"PDGFB;SERPINF2;CFD;FGB;SERPINA3;AHSG;SERPINA1;FGA;A2M;FGG;EGF;ALB;HGF;SPARC"
"GOCC_PROTEASOME_CORE_COMPLEX",0.141607000795545,0.939430960024018,-0.579654645949319,-1.31036844283656,711,18,"PSMB9;PSMA3;PSMA2;PSMB10;PSMA5;PSMA7;PSMA4;PSMA1;PSMB8;PSMB7"
"GOCC_PROTEASOME_STORAGE_GRANULE",0.142289348171701,0.939430960024018,-0.568061471498343,-1.30375015210306,715,19,"PSMA3;PSMA2;PSMA5;PSMA7;PSMA4;PSMA1;PSMB7;PSME3;PSMB4;PSMB1;PSMB2;PSMA6;PSMD2;PSME1;PSMB3;PSMB6"
"GOCC_PROXIMAL_DENDRITE",0.138421474358974,0.939430960024018,0.701324046225918,1.33297064558806,690,8,"KCNB1;GRIA1;MAP2;SLC1A1"
"GOCC_ROUGH_ENDOPLASMIC_RETICULUM_MEMBRANE",0.140499115739831,0.939430960024018,-0.506573616878319,-1.27996503546348,714,30,"GNRH1;RPS29;TMEM97;ZC3H12A;RP9;RPS28;SSR3;EPM2A;SSR1;SSR4;RPL27;SEC61A2;ARL6IP1;SSR2;SEC61B;SEC63;ALG5"
"GOCC_SIDE_OF_MEMBRANE",0.143557168784029,0.939430960024018,-0.304263729224882,-1.10354143912322,790,529,"GFRA3;GFRA2;HLA-DQA1;HLA-DQB1;MOG;HLA-DRB5;HLA-DRB1;CD74;RGS8;HLA-DRA;RTN4R;IL12RB1;AZGP1;CXCR6;GBP5;HLA-DPA1;SLAMF9;HLA-DPB1;SPTA1;CD226;CD79B;UGT8;CDH5;ATP1B2;CRIPTO;CD79A;FGF8;FCGR2A;EFNA2;PGM5;ALPL;CXCL10;LYPD1;FGB;LAG3;CXCR4;SPTB;AQP4;CFP;PRND;CHRNB2;FGA;EPHA5;CD200R1;GRIA2;TRPM8;FCN3;RGS16;FGG;HLA-DQA2;HID1;RTN4RL1;PECAM1;MELTF;FCRLA;CD274;AMBP;CLEC2D;GNG7;GNG4;UMODL1;GNAL;GNRH1"
"GOCC_SPERMATOPROTEASOME_COMPLEX",0.13545183714002,0.939430960024018,-0.591325765171395,-1.32329237616892,681,17,"PSMB9;PSMA3;PSMA2;PSMB10;PSMA5;PSMA4;PSMA1;PSMB8;PSMB7;PSMB4;PSME4;PSMB1;PSMB2;PSMA6;PSMB3;PSMB6"
"GOCC_TRANS_GOLGI_NETWORK",0.138142035972557,0.939430960024018,-0.33487674793087,-1.14403167546036,744,256,"HLA-DQA1;HLA-DQB1;HLA-DRB5;HLA-DRB1;CD74;HLA-DRA;CHST6;HLA-DPA1;AP1M2;HLA-DPB1"
"GOCC_VARICOSITY",0.140904522613065,0.939430960024018,-0.750135437898018,-1.32293009638724,700,6,"CRHBP;CD40;BIN1;DAGLA"
"GOCC_PRESYNAPTIC_CYTOSOL",0.152204836415363,0.949300684925875,0.516010846082298,1.26513452117263,748,25,"SYT1;ANKS1B;LRRK2;ARL6IP5;C9orf72;PIAS1;BAIAP2;SENP7;SENP5"
"GOCC_PROTON_TRANSPORTING_ATP_SYNTHASE_COMPLEX",0.153541749109616,0.952135329248712,-0.553448251100662,-1.2871664253833,775,20,"ATP5ME;ATP5MJ;ATP5MK;MT-ATP8;ATP5F1E;ATP5MC3;MT-ATP6;ATP5PO;ATP5F1D;ATP5MC1;ATP5F1C;ATP5PB;ATP5MG;ATP5MC2;ATP5F1A;ATP5MF;ATP5PD;ATP5F1B"
"GOCC_STEREOCILIUM_TIP",0.156237383932176,0.963315070073245,0.595404387210036,1.29052139998624,773,14,"MYO3B;TMC1;CDH23;PDZD7;NHERF1;ESPN;EPS8L2;MORN4"
"GOCC_9PLUS0_NON_MOTILE_CILIUM",0.159698996655518,0.969984345407702,0.381813363794387,1.17328302600238,763,92,"MYRIP;USH2A;MYO7A;CDHR1;PDC;USH1G;INHA;OPN4;KIF17;PDE6G;ABCA4;DRD1;SHANK2;MAGI2;CFAP96"
"GOCC_ACROSOMAL_VESICLE",0.165548955738647,0.969984345407702,-0.384415160041413,-1.17522405337255,863,97,"DRD2;CCDC62;SH3GL3;TEKT3;SPAG17;TMEM190;PKDREJ;DYNLT4;LRGUK;TSSK2"
"GOCC_COLLAGEN_TRIMER",0.167468719923003,0.969984345407702,-0.40585571336364,-1.19328194650542,869,71,"COL22A1;COL9A3;COL19A1;COL7A1;COL5A3;FCN3;COL27A1;C1QTNF3;EMID1;CTHRC1;SFTPA1;SFTPA2;COL2A1;SCARA3;COL5A1;COL15A1;COL28A1;COL3A1;COL6A3;COL1A1;C1QTNF6;C1QL1;COL5A2;EMILIN2"
"GOCC_CYTOSOLIC_TRANSLATION_PREINITIATION_COMPLEX",0.162559618441971,0.969984345407702,-0.555229925272548,-1.27430064499343,817,19,"EIF3CL;EIF3J;EIF3C;EIF2S1;EIF3E;EIF3F;EIF1;EIF3H;EIF3A;EIF3B;EIF3I;EIF1AX;EIF3M;EIF3G;EIF1B"
"GOCC_EUKARYOTIC_48S_PREINITIATION_COMPLEX",0.165441906653426,0.969984345407702,-0.570848425125404,-1.2774673680886,832,17,"EIF3CL;EIF3J;EIF3C;EIF2S1;EIF3E;EIF3F;EIF1;EIF3H;EIF3A;EIF3B;EIF3I;EIF1AX"
"GOCC_IGD_IMMUNOGLOBULIN_COMPLEX",0.16793893129771,0.969984345407702,-0.875239028030409,-1.27057521586761,835,2,"IGLC3;IGKC"
"GOCC_IGE_IMMUNOGLOBULIN_COMPLEX",0.16793893129771,0.969984345407702,-0.875239028030409,-1.27057521586761,835,2,"IGLC3;IGKC"
"GOCC_INTRACELLULAR_CYCLIC_NUCLEOTIDE_ACTIVATED_CATION_CHANNEL_COMPLEX",0.160921843687375,0.969984345407702,0.919923514597519,1.229702150315,802,1,"CNGA3"
"GOCC_LEWY_BODY",0.159495697418451,0.969984345407702,0.621411724279861,1.29686112548234,796,12,"SNCA;LRRK2;PRKN;PINK1"
"GOCC_MRNA_EDITING_COMPLEX",0.169005613472334,0.969984345407702,-0.710830594338026,-1.3005238424089,842,7,"A1CF;RBM47;RBM46"
"GOCC_PHOTORECEPTOR_INNER_SEGMENT",0.165197786431646,0.969984345407702,0.430536873647957,1.20595363471024,805,49,"MYO3B;USH2A;MYO7A;PDC;USH1G;CDH23;SNAP25;INHA;KIF17"
"GOCC_PHOTORECEPTOR_OUTER_SEGMENT",0.160959606315358,0.969984345407702,0.419957154078895,1.19744101615711,784,55,"MYRIP;MYO7A;CDHR1;PDC;INHA;OPN4;KIF17;PDE6G;ABCA4;SHANK2;MAGI2"
"GOCC_RIBBON_SYNAPSE",0.168300980588353,0.969984345407702,0.615839452951673,1.28523202068143,840,12,"PACSIN1;CDH23;SNAP25;CACNB2"
"GOCC_CALYX_OF_HELD",0.173351866560763,0.980840875448305,-0.608367650319765,-1.2787001082222,872,13,"UNC13C;KCNA2"
"GOCC_MITOCHONDRIAL_PROTEIN_CONTAINING_COMPLEX",0.173624288425047,0.980840875448305,-0.345111256959376,-1.13641333473418,914,179,"FXN;IMMP1L;MRPL23;MRPL52;ROMO1;GRPEL2;TIMM13;HSD17B10;TIMM8B;PPIF;MFN1;MRPL15;POLG2;POLG;MRPS11;HSPA9;TIMM9;MICOS10;MRPL27;TIMM50;TIMM44;TOMM5;NDUFAF1;MRPS21;MRPS16;MRPL53;MRPS17;APOO;DNAJC15;NFS1;MRPL42;PDSS2;MRPL1;PNPT1;SMDT1;MRPL47;MICOS13;TIMM17B;AFG3L2;MRPL22;IMMP2L;TRMT10C;MRPL13;MRPS12;MRPS33;MTX1;MRPS35;POLRMT;CHCHD6;MRPL51;MRPS14;DAP3;MRPL14;MRPS15;MRPL32;TOMM40;MRPL3;MRPL9;PHB2;MRPS18C;PTCD3;MRPL24;CHCHD1;UQCRC1;TIMM23;MRPS31;MRPL36;TIMM29;TOMM7;MRPL40;MRPS7;MRPL57;MRPL28;MRPL17;GRPEL1;MRPS18A;MRPS10;TIMM10B;MRPS23;AGK;SLC25A6;MRPL4;TIMM8A;MRPL21;SUPV3L1;MRPL30;IMMT;MRPL55;LYRM4;MRPL12;MRPL39;TIMM17A;MRPS24;MRPS26;GADD45GIP1;TOMM6;MRPL37;SLC25A5;MPC1;MRPL43;MRPS5"
"GOCC_NEURON_PROJECTION_MEMBRANE",0.171859690378209,0.980840875448305,-0.433903479473414,-1.20196639423894,876,50,"OPRD1;GABRA2;GABRA5;SHISA9"
"GOCC_90S_PRERIBOSOME",0.178781925343811,0.994359265185425,-0.495738969918578,-1.23485102588004,909,28,"WDR12;KRI1;UTP20;RRP7A;UTP6;IMP4;WDR36;HEATR1;UTP4;UTP18;TSR1;BMS1;TBL3;NOC2L;PES1;SLX9;NOL6;NOC4L;BOP1;SRFBP1;NOP14;PWP2;NOP9"
"GOCC_AGGRESOME",0.177786656012785,0.994359265185425,0.626233914804673,1.27973439490275,889,11,"RNF32;PRKN;HSPA1A;TRIM37;HSPA1B;PSEN1;BAG3"
"GOCC_APICAL_PLASMA_MEMBRANE",0.178509154315606,0.994359265185425,0.309855957021696,1.09803320736369,818,308,"MGAM;USH2A;DUOX2;MUC13;ANO1;SLC5A10;MYO7A;GPR143;ABCB1;STC1;AJAP1;MUC20;CPO;ATP2B2;KL;CD36;CFTR;KCNB1;FOLR1;SLC47A2;IGFBP2;ADGRG2;SLC2A5;KCNE1;CFAP126;NEDD4L;SLC15A2;SLC5A3;CLIC5;ADRB2;FXYD1;RIPOR2;PTPRH;SLC5A12;PTPRQ;ATP8B1;GJA1;SLC20A2;CA12;CSPG4;NHERF1;ABCB4;ANXA13;SLC29A1;PODXL;SLC12A1;SLC17A5;LMO7;AJM1;SLC28A3;MTTP;SLC39A8;PARD6B;OCLN;PARD6A;CTSK;SHANK2;DUOX1;BST2;FZD3;PDPN;PARD6G;MFRP;SLC26A11;ATP1B1;SCNN1A;CD34;PLPP1;FLOT2;SLC1A1;SLC4A5;SORBS2"
"GOCC_3M_COMPLEX",0.340601655562285,1,-0.674060945855814,-1.14336758121239,1686,5,"CCDC8"
"GOCC_9PLUS0_MOTILE_CILIUM",0.715527699150829,1,-0.506816478351643,-0.822622010104929,3538,4,"DNAH11"
"GOCC_9PLUS2_MOTILE_CILIUM",0.358522727272727,1,-0.312616435997831,-1.02993392459279,1892,180,"DRD2;DNAH9;TLE6;DNAH6;DNAH11;CFAP221;TEKT3;TEKT2;CATSPERG;FHAD1;CFAP52;NME5;DNAH14;CLXN;HYDIN;OAZ3;DYNLT4;ADAM32;CFAP90;ZMYND12;QRICH2;PMFBP1;CCDC181;SEPTIN4;LRRC46;CNBD2;CFAP58;RIBC1"
"GOCC_A_BAND",0.24954203134541,1,0.451512801821456,1.15046155545771,1225,30,"MYL4;MYH1;LMOD3;MYBPH;ANK1;CRYAB;MYOM3;CMYA5;KAT2B;KLHL41;MYL3"
"GOCC_ACETYLCHOLINE_GATED_CHANNEL_COMPLEX",0.592703349282297,1,-0.457162035410553,-0.907614725689664,2972,10,"CHRNA9;CHRNB2"
"GOCC_ACETYLTRANSFERASE_COMPLEX",1,1,0.155363209363344,0.489541149911901,4748,108,"SUPT20HL1;ACTL8;PDK2;KAT2B;ING3;JADE2"
"GOCC_ACROSOMAL_MEMBRANE",0.871962062833432,1,-0.304993563892879,-0.723371532833181,4412,22,"TEKT3;TMEM190;PKDREJ"
"GOCC_ACTIN_BASED_CELL_PROJECTION",0.294991511035654,1,0.31392294290048,1.05819103878833,1389,190,"MYO3B;CALML4;TMC1;USH2A;CA9;FGF13;MYO7A;MUC20;ACTC1;S100P;CDH23;ACTN2;MYO1F;FSCN2;FGD4;ERMN;LRRK2;CLIC5;ITGA3;RIPOR2;CXADR;DOCK4;PTPRH;PTPRQ;ATP8B1;PDZD7;RAPGEF3;NHERF1;PODXL;ESPN;MTTP;FMN2;FZD3;PDPN;MAP2;ELMOD3;AMN1;MYO7B;OSBPL3;ACTA2;CD302;WWOX;RAPH1;FCHSD2;EPS8L2;MORN4;DAG1;DEF6;PROM1;TIAM2;ANKRD24"
"GOCC_ACTIN_CYTOSKELETON",0.81021897810219,1,0.251488171922099,0.919029044894035,3662,456,"MYRIP;ARHGAP36;MYO3B;MYL4;MYOZ2;LDB3;ABRA;FYB1;HAP1;MYO7A;MYO5C;MYH1;XIRP1;MYO5B;LMOD3;MYH2;ACTC1;SNCA;ACTL8;USH1G;PPP1R9A;GMFG;ACTN2;DAPK1;MYLK;HSPB7;MYO1F;MYH7;MTSS1;MYH11;FSCN2;MYH6;WAS;LSP1;SVIL;CARMIL2;PALMD;HCK;CLIC5;CRYAB;RIGI;LMOD1;TNNC1;LIMCH1;RAPGEF3;RFLNA;AMOT;CORO6;MYO16;FMN1;NHERF1;ESPN;SORBS1;LLGL2;CAPG;LMO7;RCSD1;ACTN3;ZNF185;MYLK3;FMN2;STK38L;PALLD;KAT2B;PARVG;DSTN;DIXDC1;CALD1;SYNPO2;APC2;ARSJ;MYO7B;MYZAP;KIF9;MYL3;FLOT2;ACTA2;MTSS2;BAIAP2L1;SORBS2;GSN;SLC2A1;CNN1;VCL;MYADM;PDLIM5;DIAPH1;SEPTIN9"
"GOCC_ACTIN_FILAMENT",0.488102036931277,1,-0.315938560024418,-0.979159386011891,2563,108,"COBL;ACTA1;FHDC1;AIF1L;TMSB15A;PDLIM3;POTEE;DMTN;AVIL;CORO2A;CORO1A;SPECC1;SHROOM4"
"GOCC_ACTIN_FILAMENT_BUNDLE",0.848600996550402,1,-0.270854139977326,-0.822550179220421,4427,92,"ACTA1;NEBL;VANGL2;PGM5;MST1R;PDLIM3;MYH14;SHROOM4;RFLNB;MICALL2;SPEF1;MARCKS;TEK;ABLIM1;PRICKLE4;DAAM1;RAI14;AFAP1L1"
"GOCC_ACTIVIN_RECEPTOR_COMPLEX",0.323095333067411,1,0.626227024670121,1.15331218119015,1619,7,"ACVR1C;TGFBR2;ACVR2A;TGFBR1"
"GOCC_ACTOMYOSIN",0.824056423942051,1,-0.275246444137059,-0.833299844548527,4322,90,"ACTA1;NEBL;VANGL2;PGM5;MST1R;PDLIM3;MYH14"
"GOCC_ALPHA_BETA_T_CELL_RECEPTOR_COMPLEX",0.736591179976162,1,0.526038374120154,0.813009384261807,3707,3,"CD247"
"GOCC_ALPHA_DNA_POLYMERASE_PRIMASE_COMPLEX",0.896811249752426,1,0.362483442298617,0.616148685874531,4527,5,"PRIM2;MCM3;PRIM1;POLA1;POLA2"
"GOCC_ALPHA_KETOACID_DEHYDROGENASE_COMPLEX",0.212907117008444,1,0.527980140621273,1.21114007296447,1058,18,"OGDHL;PDK2;PDK1;BCKDHB"
"GOCC_ALVEOLAR_LAMELLAR_BODY",0.954491017964072,1,-0.287313349492073,-0.542618995033118,4781,8,"LAMP3"
"GOCC_AMINOACYL_TRNA_SYNTHETASE_MULTIENZYME_COMPLEX",0.343875100080064,1,-0.551910040310171,-1.11580156541786,1717,11,"AIMP2;RARS1;MARS1;IARS1;EEF1E1;EPRS1;KARS1;LARS1"
"GOCC_AMPHISOME",0.623173904342606,1,0.425179683902574,0.887332797006882,3113,12,"LRRK2;CHMP4B;CHMP5;CHMP6;CHMP1B;CHMP1A;CHMP2B;CHMP3"
"GOCC_ANAPHASE_PROMOTING_COMPLEX",0.308254344391785,1,-0.473950804661878,-1.1131974977741,1560,21,"CDC20;UBE2C;BUB1B;ANAPC1;ANAPC10;MAD2L2;ANAPC15;UBE2S"
"GOCC_ANCHORING_JUNCTION",0.460472512494321,1,0.263292516169592,0.997107062183389,2026,799,"SCN5A;CDH10;CDH18;FRMD4B;CDH8;GJA4;LDB3;TNS4;AQP7;DUOX2;FYB1;CDH3;FGF13;GJD2;MYH1;XIRP1;ITGA2B;EPB41L4B;AJAP1;MYH2;ACTC1;DES;NECTIN4;TJP3;CDH17;PPL;CDH26;KCNJ2;CTNND2;THEMIS;ESAM;ITGB7;ITGA8;WNK3;CAV3;ACTN2;KDR;ADGRB1;PCDHA10;JAM2;EFNB2;MPP7;LRRC7;JUP;ATP1A2;WAS;FHL1;GRIA1;SVIL;CLDN11;PLEKHA7;CDH6;HCK;KCND2;KCNA1;PLXDC1;TSPAN33;ITGA3;CDH15;FXYD1;PLPP3;RIGI;CXADR;KIT;CCND1;VSIG10L2;CDHR3;CCN3;USP53;CLCA2;FAT3;STARD8;EPPK1;GJA1;DCHS2;PIK3R1;RAET1E;AMOT;CSPG4;FMN1;LAMA3;ABCB4;NEDD9;ITGB2;CLDN22;PODXL;TMEM47;SORBS1;LLGL2;MPP2;LMO7;BAIAP2L2;AJM1;ACTN3;TJP2;GJB2;ZNF185;LYN;EFNA5;PARD6B;PLEKHG5;PKP3;CELSR1;ITGBL1;KRT18;MCAM;OCLN;FGFRL1;ARVCF;PLAU;PARD6A;PALLD;CD151;PARVG;MAGI2;CD46;TRPC6;DIXDC1;NFASC;PARD6G;ADGRE5;FZD5;LAYN;CLDN15;SYNPO2;ATP1B1;FAT2;ITGB8;ZFYVE21;RND3;GJB5;MYZAP;FLOT2;CAT;MTSS2;FLT1;BAIAP2L1;SORBS2;HSPA1A;ALCAM;GSN;PKD2;GJC2;ARHGAP22;FCHSD2;SLC2A1;CNN1;VCL;MYADM;PDLIM5"
"GOCC_ANKYRIN_1_COMPLEX",0.340683353198252,1,0.743998338876638,1.14987358554139,1714,3,"ANK1;AQP1"
"GOCC_ANNULATE_LAMELLAE",0.847567131031698,1,-0.401273857801667,-0.680655841314087,4197,5,"EIF5A;XPO1;RANBP2;TNPO3"
"GOCC_AP_1_ADAPTOR_COMPLEX",0.552929493545184,1,-0.41552846259052,-0.929886162609282,2783,17,"AP1M2"
"GOCC_AP_2_ADAPTOR_COMPLEX",0.660007990411506,1,0.420446743049106,0.859199965994507,3303,11,"STON2;AP2A1;BTBD8;SGIP1;TBC1D5"
"GOCC_AP_3_ADAPTOR_COMPLEX",0.373152217339193,1,0.527903926456408,1.07879307702649,1867,11,"AP3B2;AP3S2;AP3M1;VPS39;AP3M2;VPS33A;AP3S1"
"GOCC_AP_TYPE_MEMBRANE_COAT_ADAPTOR_COMPLEX",0.965969098376687,1,-0.248226960416348,-0.664714242692541,4938,41,"AP1M2"
"GOCC_APICAL_CORTEX",0.83356783919598,1,-0.398064616031821,-0.702022107275677,4146,6,"SPTBN5;PRKCZ;SAPCD2"
"GOCC_APICAL_DENDRITE",0.431044896315683,1,0.450653316692742,1.02040187480548,2140,17,"HCN1;OSBP2;NEGR1;MAP2;SLC1A1;NSMF"
"GOCC_APICAL_JUNCTION_COMPLEX",0.730128205128205,1,0.276923198790906,0.893550080791728,3416,132,"FRMD4B;EPB41L4B;TJP3;ESAM;WNK3;JAM2;MPP7;JUP;CLDN11;PLEKHA7;PLXDC1;RIGI;CXADR;CCND1;USP53;EPPK1;AMOT;CLDN22;SORBS1;AJM1;TJP2;PARD6B;OCLN;PARD6A;MAGI2;PARD6G;FZD5;CLDN15"
"GOCC_APICAL_PART_OF_CELL",0.225764192139738,1,0.294056747503358,1.06516229780404,1033,398,"MGAM;USH2A;SERPINB5;DUOX2;MUC13;ANO1;SLC5A10;MYO7A;GPR143;ABCB1;MYO5B;STC1;EPB41L4B;AJAP1;MUC20;CPO;ATP2B2;KL;CD36;CFTR;KCNB1;FOLR1;SLC47A2;IGFBP2;SOAT2;ITGA8;ADGRG2;SLC2A5;ADGRF5;KCNE1;CFAP126;NEDD4L;SLC15A2;SLC5A3;SLC25A27;CLIC5;ADRB2;FXYD1;RIPOR2;PLAT;PTPRH;SLC5A12;PTPRQ;ATP8B1;GJA1;SLC20A2;CA12;CSPG4;NHERF1;ABCB4;ANXA13;SLC29A1;PODXL;SLC12A1;ESPN;EDA;SLC17A5;LMO7;AJM1;ACTN3;SLC28A3;MTTP;SLC39A8;PARD6B;OCLN;PARD6A;CTSK;SHANK2;DUOX1;BST2;FZD3;PDPN;PARD6G;MFRP;C5AR1;SLC26A11;ATP1B1;SCNN1A;CD34;MYO7B;PLPP1;FLOT2;SLC1A1;RALGDS;SLC4A5;SORBS2;SLC9B2;SLC16A2;DNAAF11;CEACAM6;SLC2A1;VCL;IL6R"
"GOCC_APICOLATERAL_PLASMA_MEMBRANE",0.879443892750745,1,-0.31526497142752,-0.70551252411981,4427,17,"CLDN4;CDH2;CLDN7;CLDN5"
"GOCC_ARP2_3_PROTEIN_COMPLEX",0.786881977671451,1,-0.379881491158494,-0.754187812386395,3946,10,"ACTR2;ARPC1A;ACTR3;ARPC5;ARPC3;ARPC2;ARPC5L;ARPC4;ARPC1B;ACTR3B"
"GOCC_ARYL_HYDROCARBON_RECEPTOR_COMPLEX",0.397035256410256,1,0.569759964828009,1.08291354365222,1981,8,"ARNT2;AHRR;AIP;BMAL2"
"GOCC_ASTER",0.817453963170536,1,-0.36349294326822,-0.734877000768255,4083,11,"KIF18B;KIF18A;MAP9"
"GOCC_ASYMMETRIC_GLUTAMATERGIC_EXCITATORY_SYNAPSE",0.656641098102543,1,0.397809619299098,0.862240584473163,3252,14,"ADGRB3;SORT1;PLXNC1;NLGN4Y"
"GOCC_ATAC_COMPLEX",0.972143722244651,1,0.254561575435158,0.551754686008713,4815,14,"KAT2B;MBIP;TADA2A;KAT14;MAP3K7;YEATS2;TADA3;WDR5;POLE3;KAT2A;ZZZ3;SGF29;DR1;POLE4"
"GOCC_ATG1_ULK1_KINASE_COMPLEX",0.939102564102564,1,0.302257399949927,0.574485138094405,4687,8,"C9orf72;RB1CC1;ATG13;ULK1;TBC1D5"
"GOCC_ATG12_ATG5_ATG16_COMPLEX",0.705191963397653,1,0.458928722899315,0.81329730615171,3544,6,"ATG16L1;WDFY3;ATG16L2;ATG3;ATG12;ATG5"
"GOCC_ATP_BINDING_CASSETTE_ABC_TRANSPORTER_COMPLEX",0.958099438652767,1,-0.289326366859489,-0.529346712614027,4778,7,"FECH;ABCB6;ABCB8;ABCA2;ABCB7;ABCB10;ABCD4"
"GOCC_ATPASE_COMPLEX",0.991688704193426,1,-0.226439470805355,-0.728644786504212,5249,147,"EP400P1;DERL3;CECR2;ATP6V1B1;ATP6V1G3;ATP6V1G2"
"GOCC_AUTOPHAGOSOME",0.714987190435525,1,0.280281494677432,0.894674860024526,3348,121,"TMEM74;HAP1;ATG9B;LRRK2;TP53INP2;FYCO1;VAMP8;ATP13A2;RAB23;C9orf72;RUBCNL;MAP1LC3C;MAP1LC3A;TBC1D17;STING1;TBC1D25;WIPI2;STX17;OPTN;GABARAPL1;ATG16L1;RB1CC1;RAB2B;GABARAPL2;NCOA4;VPS11;MYO6;NBR1;MAP1LC3B;CHMP4B;TM9SF1;WDFY3;CHMP5;ATG16L2;CHMP6;PIK3R4;TRIM21;ATG13;LAMP1;RAB24;GABARAP;ULK1;RAB7A;SEC22B;AMBRA1"
"GOCC_AUTOPHAGOSOME_MEMBRANE",0.292377234435998,1,0.375297462220568,1.0863833393136,1422,60,"TMEM74;VAMP8;ATP13A2;RUBCNL;MAP1LC3C;MAP1LC3A;STING1;WIPI2;STX17;GABARAPL1;ATG16L1;RB1CC1;RAB2B;GABARAPL2;MAP1LC3B;CHMP4B;TM9SF1;WDFY3;CHMP5;CHMP6;LAMP1;RAB24;GABARAP;ULK1;RAB7A;SEC22B;CHMP1B;CHMP1A;SNAP47;CHMP2B;ATG9A;ATP6AP2"
"GOCC_AXOLEMMA",0.49960047942469,1,0.476418880011013,0.973581297207943,2500,11,"ROBO2;ANK1;ADORA1"
"GOCC_AXON_CYTOPLASM",0.989121989121989,1,-0.226200781257992,-0.650712868083703,5091,62,"NETO1;UCHL1;KIF5A;NEFL;HIF1A;KIF4A;RAB27B;SYBU"
"GOCC_AXON_HILLOCK",0.394572864321608,1,-0.61792611998259,-1.08976728757068,1962,6,"PRKCZ;TPX2;AURKA"
"GOCC_AXON_INITIAL_SEGMENT",0.496362166531932,1,0.412288204978664,0.966742441513611,2455,20,"KCNA4;LRRC7;CNGA3;KCNQ3;KCNA1;NFASC;MAP2"
"GOCC_AXONEMAL_A_TUBULE_INNER_SHEATH",0.714427662957075,1,-0.35864263968304,-0.823115841326285,3594,19,"TEKT3;TEKT2;RIBC1;PIERCE1;SAXO4;RIBC2;EFHC2"
"GOCC_AXONEMAL_B_TUBULE_INNER_SHEATH",0.45492620662146,1,0.561657531672337,1.03439559044281,2280,7,"CFAP210;CFAP45;CFAP126;PACRG"
"GOCC_AXONEMAL_DOUBLET_MICROTUBULE",0.726643598615917,1,0.329025641517838,0.838362389281195,3569,30,"CIMIP2A;CFAP210;CFAP45;CFAP126;EFHB;PACRG;DRC3"
"GOCC_AXONEMAL_DYNEIN_COMPLEX",0.432856855244614,1,0.449819145373829,1.01851308369667,2149,17,"DNAI1;DNAI7;CFAP70;DNAH12;DNAH10;DNAH17;ODAD1;DNAH7"
"GOCC_AXONEMAL_MICROTUBULE",0.860857200893764,1,0.285976778762562,0.768476385446581,4237,39,"CIMIP2A;CFAP210;CFAP45;CFAP126;SAXO2;EFHB;PACRG"
"GOCC_AXONEMAL_NEXIN_LINK",0.936726546906188,1,-0.307225845729815,-0.580225666342425,4692,8,"CCDC65"
"GOCC_AXONEME",0.819076457229372,1,-0.264666492953953,-0.872930405503145,4327,182,"DNAH9;DNAH6;DCDC2;DNAH11;CIMIP2B;CFAP221;TEKT3;SPAG17;CFAP46;TEKT2;GLI1;CCDC65;CFAP52;NME5;DNAH14;CLXN;HYDIN;DYNLT4;CFAP90;CCDC181;ODAD3;DNAAF1;LCA5L;RIBC1"
"GOCC_AZUROPHIL_GRANULE",1,1,0.200978150354049,0.650524848733024,4699,134,"GCA;ABCA13;VNN1;FUCA1;PADI2;LYZ;TTR;PLAC8;C3;ARSB;GLIPR1;RNASET2;ARHGAP45;BST2;VAMP8;ATP8A1;SYNGR1"
"GOCC_AZUROPHIL_GRANULE_LUMEN",0.712703719180944,1,0.29528962831989,0.880805207754019,3410,74,"GCA;FUCA1;PADI2;LYZ;TTR;PLAC8;C3;ARSB;RNASET2;ARHGAP45"
"GOCC_AZUROPHIL_GRANULE_MEMBRANE",0.74140625,1,-0.301182088005548,-0.845637365730265,3795,54,"C3AR1;FPR1;ACP3;RAB44"
"GOCC_B_WICH_COMPLEX",0.966346153846154,1,0.272902692364817,0.518692150913458,4823,8,"ERCC6;DEK;SF3B1;MYO1C"
"GOCC_BARR_BODY",0.408241206030151,1,-0.612783424428492,-1.08069768976026,2030,6,"FIRRE;H2AZ1"
"GOCC_BASAL_CORTEX",0.928698752228164,1,0.331941035973385,0.564232760001054,4688,5,"PKD2;CLASP1;CLASP2;PHLDB2;PHLDB1"
"GOCC_BASAL_DENDRITE",0.425600646073087,1,-0.632823693489654,-1.07341939954778,2107,5,"SLC4A10"
"GOCC_BASAL_PART_OF_CELL",0.836214909834542,1,-0.25777158816731,-0.880031653931383,4497,255,"TLR9;PDGFB;SLC38A3;CLDN4;ADCY10;ERBB4;KCNJ10;ERBB3;VANGL2;C5AR2;SLC4A10;PLEKHG4B;SLCO2B1;TSHR;AQP4;SLC22A1;ATP6V1B1;ABCA8;CDH2;SLC23A1;CLDN1;CD38;AQP3;TF;CEACAM1;SLCO5A1;SLC2A9;ANK3;NDRG4;MARVELD2;SLCO2A1;ADCY8;ITGB4;KCNE3;SHROOM4;CLDN7;EPCAM;SLC19A1;SLC13A3;SLC1A3;KCNQ4;TACSTD2;SLC29A4;DSP;ENPP1;SPEF1;SLC16A1;NOD1;AURKA;ABCA1"
"GOCC_BASEMENT_MEMBRANE",0.743663594470046,1,-0.286085454951204,-0.869339242657825,3872,93,"COL22A1;FREM2;COL9A3;COL7A1;LAD1;VWA1;VWA2;EGFLAM;NID2;LAMA1;COL2A1;COL5A1;COL15A1;COL28A1;ITGB4;HMCN1;SPARC;SMOC2;LOXL2;LAMA2;AGRN;TGFBI;LAMB3;COL4A1;LAMB1;THBS2;MATN2"
"GOCC_BASOLATERAL_PLASMA_MEMBRANE",0.889175257731959,1,0.25129228210811,0.855859913077022,4139,209,"CA9;AQP7;SLC14A1;TGFA;HCN1;CHRM3;NKD2;AJAP1;MUC20;ATP2B2;DIO1;SLC6A13;CDH17;CFTR;FOLR1;HPGD;MEGF11;ANK1;ATP2C2;LRRC7;SLC5A3;ITGA3;PLPP3;CXADR;EPPK1;SLC16A6;TGFBR3;CA12;ANXA13;NEDD9;SLC29A1;SLC17A5;SLCO4A1;ADORA1;MTTP;SLC39A8;SLC4A4"
"GOCC_BBAF_COMPLEX",0.89561210178321,1,0.334294926039694,0.652333259399962,4469,9,"SMARCA2;ACTB;SMARCC2;SMARCE1;ARID1A;ARID1B;SMARCB1;SMARCD2;SMARCA4"
"GOCC_BBSOME",0.959334935897436,1,0.280108838436329,0.532388503167222,4788,8,"BBS1;BBS9;BBS2;BBS4;BBS7"
"GOCC_BCL_2_FAMILY_PROTEIN_COMPLEX",0.920857543578441,1,0.319959144591345,0.624358838283152,4595,9,"BCL2L11;BCL2L2;BAD;BCL2L1;BCL2"
"GOCC_BETA_CATENIN_DESTRUCTION_COMPLEX",0.713286713286713,1,-0.395617275112997,-0.815602927003444,3569,12,"DACT1"
"GOCC_BETA_CATENIN_TCF_COMPLEX",0.295671167593328,1,-0.54672069700129,-1.14912719973755,1488,13,"LEF1"
"GOCC_BLEB",0.441428856515666,1,-0.534407718353421,-1.03757343231784,2211,9,"FMNL1;P2RX7;ANLN;PTPRC;FHOD1;PANX1"
"GOCC_BLOC_1_COMPLEX",0.331586373714977,1,0.501822776436859,1.10552289907574,1644,15,"SNAP25;BLOC1S3;SNAPIN;DTNBP1;STX12;KXD1;BLOC1S6;PI4K2A"
"GOCC_BLOC_COMPLEX",0.27162489894907,1,0.487846979114972,1.14391431522775,1343,20,"SNAP25;HPS5;BLOC1S3;HPS1;SNAPIN;DTNBP1;STX12;KXD1;BLOC1S6;PI4K2A"
"GOCC_BORC_COMPLEX",0.795272435897436,1,0.389966389168669,0.741189115538124,3969,8,"BORCS7;BORCS6;SNAPIN;KXD1"
"GOCC_BOX_C_D_RNP_COMPLEX",0.601005025125628,1,-0.517509129882336,-0.912673056741514,2989,6,"NOP56;RRP9;NOP58;FBL;SNU13"
"GOCC_BRAHMA_COMPLEX",0.988723318566251,1,0.221278581427905,0.470200836176984,4909,13,"SMARCA2;ACTB;SMARCC2;DPF3"
"GOCC_BRCA1_A_COMPLEX",0.699719551282051,1,0.432595953807186,0.82221294268783,3492,8,"UIMC1;BARD1;BRCA1;BRCC3;BABAM2"
"GOCC_BRCA1_C_COMPLEX",0.801809045226131,1,-0.418052409908868,-0.737272347091603,3988,6,"RBBP8;NBN;RAD50"
"GOCC_BRISC_COMPLEX",0.836180904522613,1,-0.396370760834072,-0.69903484403385,4159,6,"SHMT2;MPND;ABRAXAS2;BABAM1;BABAM2;BRCC3"
"GOCC_BRUSH_BORDER",0.993055555555556,1,-0.221179064218021,-0.659800883523402,5147,80,"KCNK1;CDHR5;LCTL;SLC34A2;MYH14;SCART1;CORO2A;SLC3A1;SLC19A1;SLC26A6;PLB1;SLC7A11;SLC7A9"
"GOCC_BRUSH_BORDER_MEMBRANE",0.976176412679661,1,-0.243134826533098,-0.645409416388675,4957,39,"KCNK1;CDHR5;SLC34A2;SLC3A1;SLC19A1;SLC26A6;PLB1;SLC7A11;SLC7A9"
"GOCC_CAJAL_BODY",0.207851239669421,1,0.394921842872948,1.14960200216374,1005,63,"TERC;USH1G;HSPB7;RDM1;ANKS1B"
"GOCC_CALCINEURIN_COMPLEX",0.886937209771855,1,-0.368120595847614,-0.624420028866032,4392,5,"ITPR1;PPP3CA;PPP3R1"
"GOCC_CALCITONIN_FAMILY_RECEPTOR_COMPLEX",0.806566455696203,1,0.442357518656608,0.718976714943321,4077,4,"RAMP1;RAMP2"
"GOCC_CALCIUM_AND_CALMODULIN_DEPENDENT_PROTEIN_KINASE_COMPLEX",0.697365815012874,1,0.487492040151292,0.828638069669586,3520,5,"CAMK2G;CAMK2B;CAMK2D"
"GOCC_CALCIUM_CHANNEL_COMPLEX",0.45122705712518,1,0.346490119150584,0.993502076680237,2187,57,"CACNA1B;CATSPER2;CACNB4;CACNB2;CATSPER3;CASQ2;PKD1L1;CATSPERZ;CACNG2;CATSPER1;STAC3;CACNA1A;PDE4B;RYR2;CACNA1D;TMEM262;RYR3;CACNA2D1;CACHD1"
"GOCC_CAMP_DEPENDENT_PROTEIN_KINASE_COMPLEX",0.587540064102564,1,0.482024495417941,0.916159236666948,2932,8,"PRKY;PRKAR1B;PRKAR1A"
"GOCC_CARBOXY_TERMINAL_DOMAIN_PROTEIN_KINASE_COMPLEX",0.785714285714286,1,-0.33549051688783,-0.780257464927761,3970,20,"GTF2H5;GTF2H3;MMS19;GTF2H4;CCNH;CCNK"
"GOCC_CARGO_RECEPTOR_COMPLEX",0.982494969818913,1,0.23870425690814,0.552059917756626,4882,19,"DENND10;MCFD2;VPS29;COMMD8;VPS26C;VPS35L;COMMD10;COMMD5;CCDC93;COMMD7;COMMD9;COMMD3;COMMD1;COMMD4;COMMD6;LMAN1;CCDC22;LRP1;COMMD2"
"GOCC_CASPASE_COMPLEX",0.366060606060606,1,0.480911699382692,1.07510080245154,1811,16,"CAPNS2;CAPN2"
"GOCC_CATALYTIC_STEP_1_SPLICEOSOME",0.748447204968944,1,-0.294107769627364,-0.855525445312328,3855,67,"SNRPE;MAGOHB;SNRPD1;KIN;EFTUD2;BUD31;SNRPG;ISY1;EIF4A3;SNRPB2;SF3A3;SNRPD2;PLRG1;RBM22;PPIL1;SNRNP200;SNRPF;SNRPA1;SF3B3;CWC15;PRPF19;RBMX2;PPIE;MAGOH;SF3B6"
"GOCC_CATALYTIC_STEP_2_SPLICEOSOME",0.998671474663124,1,-0.198835336641114,-0.615530947456947,5261,107,"SNRPE;MAGOHB;SNRPD1;LSM2;ALYREF;HNRNPA1L3;HNRNPH1;EFTUD2;BUD31;SNRPG;ISY1;CRIPT;EIF4A3;HNRNPM;SNRPB2;SF3A3;LSM7;SNRPD2;PNN;PLRG1;RBM22;PPIL1;SNRNP200;SNRPF;SNRPA1;SF3B3;ZCCHC8;MTREX;RNF113A;HNRNPR;CWC15;PRPF19;RBMX2;PPIE;MAGOH;HNRNPF;SF3B6;SRSF1;SNRPB;SYNCRIP;RBM48;HNRNPA3;CWC27;HNRNPU;CRNKL1"
"GOCC_CATSPER_COMPLEX",0.363818692338548,1,0.548461517973885,1.09642245212404,1813,10,"CATSPER2;CATSPER3;CATSPERZ;CATSPER1;TMEM262"
"GOCC_CBM_COMPLEX",0.710882293559459,1,-0.481938186531786,-0.817481715884198,3520,5,"CARD9"
"GOCC_CCAAT_BINDING_FACTOR_COMPLEX",0.989501312335958,1,-0.252094152281595,-0.427611602339667,4900,5,"NFYB;CEBPZ"
"GOCC_CCR4_NOT_COMPLEX",0.993269992082344,1,-0.205815093106828,-0.45475078548097,5017,16,"ZFP36;PATL1;CNOT7;CNOT1;CNOT6L;CNOT2;CPEB3;CNOT4;CNOT3;CNOT11;CNOT6;TNKS1BP1;CNOT8;CNOT10;CNOT9;TOB1"
"GOCC_CCR4_NOT_CORE_COMPLEX",0.918190954773869,1,-0.338340252833885,-0.596692917944864,4567,6,"CNOT7;CNOT1;CNOT2;CNOT3;CNOT8;CNOT9"
"GOCC_CD40_RECEPTOR_COMPLEX",0.9435548438751,1,-0.289169819520236,-0.584617263188305,4713,11,"CD40;RNF31;TRAF3;HTRA2;TRAF5"
"GOCC_CD95_DEATH_INDUCING_SIGNALING_COMPLEX",0.919195979899498,1,-0.337127396557354,-0.594553938782233,4572,6,"CASP10;CASP8;FAS;FADD;FAF1;CFLAR"
"GOCC_CDC73_PAF1_COMPLEX",0.92919824491424,1,0.317176712073148,0.584139219824466,4658,7,"PAF1;CTR9;PEX2;LEO1;SKIC8;CDC73;RTF1"
"GOCC_CELL_BODY_MEMBRANE",0.462919132149901,1,-0.407735412846571,-0.986307468902285,2346,24,"RGS8;GABRA5;ATP1B2;KCNA2;FLRT1;PIEZO2;ADCY8;KCNE3;TACR3"
"GOCC_CELL_CELL_JUNCTION",0.190066225165563,1,0.295285704032967,1.07922919438422,860,457,"SCN5A;CDH10;CDH18;FRMD4B;CDH8;GJA4;LDB3;AQP7;CDH3;FGF13;GJD2;MYH1;XIRP1;EPB41L4B;AJAP1;MYH2;DES;NECTIN4;TJP3;CDH17;PPL;CDH26;KCNJ2;CTNND2;THEMIS;ESAM;WNK3;CAV3;ADGRB1;PCDHA10;JAM2;EFNB2;MPP7;LRRC7;JUP;ATP1A2;WAS;GRIA1;CLDN11;PLEKHA7;CDH6;PLXDC1;TSPAN33;CDH15;FXYD1;PLPP3;RIGI;CXADR;KIT;CCND1;VSIG10L2;CDHR3;CCN3;USP53;FAT3;EPPK1;GJA1;DCHS2;PIK3R1;AMOT;FMN1;LAMA3;ABCB4;CLDN22;PODXL;TMEM47;SORBS1;LLGL2;MPP2;BAIAP2L2;AJM1;TJP2;GJB2;LYN;EFNA5;PARD6B;PLEKHG5;PKP3;CELSR1;KRT18;OCLN;FGFRL1;ARVCF;PARD6A"
"GOCC_CELL_CORTEX",0.998258598171528,1,0.215515818799988,0.759557702090388,4585,291,"MYRIP;CYTIP;GAD1;FRMPD1;MYO7A;MYO5B;SNCA;RIMS1;PCLO;CABP1;SNAP25;FRY;GMFG;ACTN2;MPP7;ERMN;FGFR2;CLIC5;BFSP1;OSR1;SEPTIN3;RAPGEF3;KANK1;NEDD9;FGF1;LLGL2;ACTN3;PARD6B;FMN2;PARD6A;DSTN;PARD6G;COBLL1;MYZAP;FLOT2;MTSS2;CD302;GSN;PKD2;SLC2A1;VCL;MYADM;SEPTIN9;ENO2;KCNC3"
"GOCC_CELL_CORTEX_REGION",0.763338722716249,1,0.324171314157147,0.810196236454703,3776,27,"MYO5B;RIMS1;PCLO"
"GOCC_CELL_DIVISION_SITE",0.996085702513391,1,0.211917558001291,0.615768322279112,4834,62,"RAB11FIP4;MYLK;SVIL;SEPTIN3"
"GOCC_CELL_LEADING_EDGE",0.684530386740332,1,-0.263998639098636,-0.937524715362256,3716,400,"OPRD1;GABRA2;COBL;S100B;ACTA1;GABRA5;CADM4;SHISA9;AIF1L;SH2D3C;PTK6;MEFV;KCNA2;PLEK;CXCR4;ADORA2A;CDH2;CACNG8;PLEK2;FIGNL2"
"GOCC_CELL_POLE",0.557772899620834,1,-0.482688194360105,-0.937157958916875,2794,9,"GRM6;VANGL2"
"GOCC_CELL_PROJECTION_MEMBRANE",0.206685236768802,1,-0.31535152337841,-1.0899228292932,1112,292,"OPRD1;DRD2;GABRA2;TTYH1;GABRA5;GAP43;SHISA9;AIF1L;ATP1B2;SH2D3C;KCNK1;GPR37L1;KCNA2;CDHR5;PLEK;ADORA2A;SLC34A2;SLC38A4;CACNG8;PLEK2;PRCD;MCHR1;DMTN;PSD;CEACAM1"
"GOCC_CELL_SUBSTRATE_JUNCTION",1,1,0.207688533004136,0.752650554326404,4532,407,"TNS4;XIRP1;ITGA2B;ACTC1;ITGB7;ITGA8;CAV3;ACTN2;ADGRB1;EFNB2;JUP;FHL1;SVIL;HCK;ITGA3;STARD8;EPPK1;GJA1;RAET1E;CSPG4;LAMA3;NEDD9;ITGB2;SORBS1;LMO7;ACTN3;ZNF185;ITGBL1;MCAM;PLAU;PALLD;CD151;PARVG;CD46;DIXDC1;NFASC;ADGRE5;LAYN;SYNPO2;ITGB8;ZFYVE21;RND3;FLOT2;CAT;MTSS2;FLT1;SORBS2;HSPA1A;ALCAM;GSN;ARHGAP22;CNN1;VCL;DAG1;FAT1;DPP4;CD44;MAPRE2;RAC2;CAV1;B2M;LIMS2;CD81;ANXA1;CAPN2;MAP2K1;SCARF2;EHD3;ADAM9;SDC4;NEXN;RRAS2;HSPB1;FLRT2;ADD1;CPNE3;ACTB;FZD1;HMGA1;HSPA1B;ITGA4;THSD1;SRCIN1;RRAS;EGFR;FLOT1;VIM;TGM2;RAB21;TRIOBP;TRIP6;PLEC;FLII;ITGB5"
"GOCC_CELL_SURFACE",0.244949043447166,1,-0.286998014854708,-1.05496294716209,1369,646,"GFRA3;NGFR;GFRA2;MOG;CD200;HLA-DRB1;CD74;HLA-DRA;PDGFB;LIPG;IL1R2;RTN4R;IL12RB1;AZGP1;CXCR6;SLITRK6;HLA-DPA1;SLAMF9;HLA-DPB1;CD226;ADGRG6;CD79B;CDH5;IL18R1;CX3CL1;ATP1B2;CRIPTO;CD79A;WIF1;LPL;FGF8;FCGR2A;WNT4;DCSTAMP;SERPINF2;IL1RAPL1;TSHR;PLA2G1B;CXCL10;FGB;NLGN4X;LAG3;CXCR4;SPTB;AQP4;CSF1R;PRND;C4B;CHRNB2;C2;KCNH2;SFRP1;MST1R;FGA;LPAR2;EPHA5;CD200R1;GRIA2;TRPM8;FCN3;FGG;ADAMTS15;CDH2;BSN;ABCC2;APOH;HBEGF;WNT5A;SULF2;RTN4RL1;ZPLD1;ANOS1;ADAM8;PECAM1;MELTF;CD38;FCRLA;CD274;LAMP3;C4A;EPHB2;SLAMF8;TF;ADAM32;AMBP;CEACAM1;HAVCR2;CLEC2D;IL1RL2;GJD3"
"GOCC_CELL_TIP",0.59697632782972,1,0.518318234394845,0.918545305030128,3000,6,"RGS7;DES"
"GOCC_CELL_TRAILING_EDGE",0.620620217478856,1,0.41696734878935,0.886025185059002,3081,13,"BST1;ICAM5;FLOT2;FLOT1;PIP5K1C;PRICKLE1"
"GOCC_CENTRIOLAR_SATELLITE",0.998741610738255,1,0.203555311531133,0.622587585448036,4761,89,"PTPN20;RASSF7;NR0B1;ALDOB;KRT18;PARD6A;IFT74;TUBG2;CEP68;CSPP1;BBS1;C2CD3;TEX9;CYLD;CEP162;PATJ;MYOF;FLOT1;TPGS2;FLII;TMEM63A;CEP290;PJA2;EXOC7;TPGS1;CFAP53;BBS9;RAB11A;CCDC14;MICALL1;CSTPP1;BBS2;KATNA1"
"GOCC_CENTRIOLAR_SUBDISTAL_APPENDAGE",0.883874849578821,1,0.335510661130033,0.670715099846739,4406,10,"CCDC68;DCTN1;CEP128;CCDC120;CNTRL;KIF2A;NIN;ODF2;CEP170;CCDC61"
"GOCC_CENTRIOLE",0.738356683074593,1,-0.273664525425202,-0.894766180345554,3899,167,"DNAH9;CFAP221;TEKT2;CIBAR2;C10orf90;CROCC2;TSSK2;SMO;ODAD3;TOP2A;DZIP1L;CEP83;PLK4;KIAA0586;AURKA;PLK1;CEP41;BIRC5;RTTN;CCDC78;CEP152;AGBL2;CEP55;CCDC15;POC1A;TEDC2;POC5;RAN;CCNF;WDR62;TEDC1;CEP192;AKNA;IFT20;CCDC57;CCDC102B;CEP135;CCHCR1;CEP131;LRRCC1;OFD1;NEDD1;FBF1;SAXO1;TSGA10;HERC2;MDM1;CEP164;CEP97;CPAP;CCDC88A;CEP76;IFT43;SCLT1"
"GOCC_CENTROSOME",1,1,-0.124372487635552,-0.454859157738985,5548,601,"GPRC5C;CCDC141;RAP1GAP2;CCDC116;SNX10;PIK3R5;CCDC8;C10orf90;DNAH14;CROCC2;TTC23L;FSD1;PDE4D;CCDC88C;AURKB;BRSK1;DLGAP5;KIF2C;USP50;STOX1;CFAP58;CDC20;CCNB1;SKA1;SPDL1;CEP83;PLK4;SGO1;CCNB2;CDK1;PCLAF;SPAG5;CCDC88B;KIAA0586;HAUS3;GLI2;SLC16A1;CENPF;DDX11;AURKA;KIF15;NDC80;PLK1;CEP41;CKAP2L;KIF18A;CCDC28B;MARCKS;CCDC187;RTTN;NUDCD2;BUB1B;MTUS2;MAP10;TACC3;AUNIP;CCDC18;CEP152;SEPTIN1;LRRC49;CEP55;KIF23;RAB3IP;CCDC15;POC1A;TEDC2;FBXL13;NDE1;SLC1A4;NEK2;POC5;TTLL5;ASPM;CEP95;RRP7A;HASPIN;FIGN;CCNF;WDR62;TEDC1;NUP93;CEP192;AKNA;ALPK1;AURKC;TBC1D31;SKA3;IFT20;ATF5;CDC14A;FAM184A;KIF20B;DYRK3;CCDC57;CEP72;SPOUT1;CDKL5;XRCC2;BBS5;KIFC1;DYSF;CEP135;CEP131;LRRCC1;DYNLT2B;RPGR;ZNF365;OFD1;NEDD1;LUZP1;FBF1;SAXO1;SLF1;RTRAF;H2AX;NFS1;HAUS5;MCRS1;KATNB1;KNSTRN;TRIM32;TMEM201;IFT25;GEN1;NPM1;MDM1;CEP164;CCDC22;RAD51;CDC25B;IFT27;RGS14;CEP97;CPAP;TUBE1;CCT4;MAP3K11;CCDC77;CCDC88A;CEP76;PLK3;MMS19;ZFYVE26;SCLT1"
"GOCC_CEREBELLAR_CLIMBING_FIBER_TO_PURKINJE_CELL_SYNAPSE",0.487980769230769,1,0.526830639958065,1.00131997760456,2435,8,"ADGRB3;SORT1;PLXNC1"
"GOCC_CEREBELLAR_MOSSY_FIBER",0.631410256410256,1,0.463992927334152,0.881887560001993,3151,8,"SLC17A7;LRRC4B;CACNG2;NFIB"
"GOCC_CHAPERONIN_CONTAINING_T_COMPLEX",0.45459988026342,1,-0.528581131610917,-1.02626088686333,2277,9,"CCT6A;CCT4;CCT2;CCT3;CCT5;CCT8;CCT7;TCP1"
"GOCC_CHECKPOINT_CLAMP_COMPLEX",0.435897435897436,1,-0.628139660304646,-1.06547416592167,2158,5,"HUS1B"
"GOCC_CHITOSOME",0.928628870124648,1,0.286951090054527,0.658240599233385,4618,18,"GPR143;RAB38;TPCN2"
"GOCC_CHLORIDE_CHANNEL_COMPLEX",0.299824321686512,1,-0.430971932721938,-1.10680098124858,1535,32,"GABRA2;TTYH1;CLDN4;GABRA5"
"GOCC_CHOLINERGIC_SYNAPSE",0.375676217190944,1,0.558741011298787,1.09031073064414,1874,9,"CHRM2;KCNB1;CHRNA5"
"GOCC_CHROMAFFIN_GRANULE_MEMBRANE",0.208575435784412,1,0.640497102445479,1.24984715569652,1040,9,"SYT1;DBH;SYT2;ATP8A1;CYB561;DNAJC5"
"GOCC_CHROMATIN",0.757518147251988,1,-0.250105449090224,-0.94926840835062,4382,1154,"SOX10;FOXD3;SHOX;POU3F2;HOXC11;DMRT2;HOXC13;HNF1A;FOSB;HOXB9;LEF1;ONECUT2;EP400P1;FOS;ANKRD2;GATA4;SOX2;NKX6-1;H1-5;NR1I3;HOXB13;EOMES;SIM2;H3C8;CHD7;ZNF711;DLX1;VRTN;FOXA2;HIF3A;H2AC13;SOX6;HES1;NHLH1;SOX5;SIX2;PAX9;HEY1;H2AC20;NFE2;CECR2;MLXIPL;FAM47E;SOX11;HOXA5;ESCO2;MEOX1;CEBPA;BACH2;NR5A2;FOXA3;HEY2;HNF4A;POU3F1;EGR2;NPAS4;POTEE;EGR1;SP6;DLX2;HOXA1;H4C12;HOXA6;IRF5;H2BC18;ETV4;HLX;SNAI1;MYCL;JUNB;HOXA4;RARB;ZFPM2;FOXA1;AURKB;HIC1;IRF1;FOXL1;NPM2;ERG;CENPA;H4C16;SHLD1;SALL1;BHLHE40;HOXC10;MSC;EGR3;LHX9;TET1;DLX3;CSRNP1;TLE3;SUV39H2;SINHCAF;OTP;KLF2;SIX4;POU2F2;TBX3;FOXD4L1;GSC;BCL11A;HES4;CDX1;DNMT3A;SMAD1;OIP5;SNAI2;HELLS;SOX18;GRHL1;STAG3;KLF10;CLOCK;PITX1;RUNX2;TFAP2E;ESRRG;BCOR;FANCB;HMGA2;KLF15;CENPF;BATF3;DDX11;HEYL;PLK1;H2AC7;PARPBP;RFX3;LOXL2;HIF1A;FOXP3;ZBTB16;HOXA7;SUPT3H;NFXL1;ASF1B;ZNF618;TP73;H2AZ1;ATF3;TGIF2;NPAS2;SOX4;HOXA2;SUV39H1;FOXM1;JUN;HAND2;TAF10"
"GOCC_CHROMATIN_SILENCING_COMPLEX",0.995624502784407,1,-0.204324355100949,-0.461896042580198,5005,18,"SUV39H1;EZH2;RRP8;BAZ2A;TASOR2;CBX3;TASOR"
"GOCC_CHROMATOID_BODY",0.904628330995792,1,0.329145431280206,0.642284687199016,4514,9,"TDRD6;TDRD7"
"GOCC_CHROMOCENTER",0.332606973058637,1,-0.516504649314004,-1.10672686353024,1678,14,"ESCO2;AURKB;SALL1;OIP5;PIWIL2;INCENP;MBD6;CDCA8"
"GOCC_CHROMOSOMAL_REGION",1,1,-0.189304380661196,-0.669878520441267,5445,381,"ESCO2;SYCP2;H4C12;SNAI1;CENPV;SPC25;AURKB;DNA2;KIF2C;CENPA;H4C16;TTK;SUV39H2;RECQL4;CDC20;CCNB1;DNMT3A;TOP2A;SKA1;SPDL1;OIP5;HELLS;CENPM;CENPW;SMG6;SGO1;MAD2L1;STAG3;CDK1;SPAG5;CENPK;CENPF;AURKA;NDC80;PLK1;FIRRM;BIRC5;CENPN;KIF18A;SMC4;NCAPG;ZNF618;NUDCD2;BUB1B;SUV39H1;MCM6;XRCC3;REC8;TOX4;EZH2;ALYREF;CENPE;CENPP;KNTC1;NDE1;MIS18BP1;SPC24;MIS18A;INCENP;NEK2;CDCA5;ORC1;KIF22;BUB1;KNL1;ZWINT;KDM1A;AURKC;SKA3;ZNF827;NBN;CDCA8;SPOUT1;ERCC6L;CENPI;RCC2;NUF2;CHEK2;RAD50;SMARCC1;PRKDC;MUS81;LUZP1;CDT1;HMBOX1;NSMCE1;RTEL1;WRAP53;SLF1;THOC1;H2AX;CENPH;SMC5;HDAC2;MCRS1;SMC6;SGO2;KNSTRN;DNMT1;ZWILCH;NUP85;RAD51;CHMP4A;H4C15;SMARCD1;MEN1;RIF1;GPATCH11;SEC13;SLF2;PLK3;CBX3;APEX1;SLX4;ATR;DHX36;THOC3;GAR1;RAD21;XPO1;NHP2;BAZ1A;LRIF1;ORC4;SS18L1;FEN1;MCM4;KDM4A;KMT5C;SMARCA4;SUGT1;ORC5"
"GOCC_CHROMOSOME_CENTROMERIC_REGION",0.990718396138853,1,-0.229061366918801,-0.780809512613473,5336,249,"ESCO2;SYCP2;H4C12;SNAI1;CENPV;SPC25;AURKB;KIF2C;CENPA;H4C16;TTK;SUV39H2;CDC20;CCNB1;DNMT3A;TOP2A;SKA1;SPDL1;OIP5;HELLS;CENPM;CENPW;SGO1;MAD2L1;STAG3;SPAG5;CENPK;CENPF;AURKA;NDC80;PLK1;FIRRM;BIRC5;CENPN;KIF18A;SMC4;NCAPG;ZNF618;NUDCD2;BUB1B;SUV39H1;REC8;EZH2;CENPE;CENPP;KNTC1;NDE1;MIS18BP1;SPC24;MIS18A;INCENP;NEK2;CDCA5;KIF22;BUB1;KNL1;ZWINT;AURKC;SKA3;CDCA8;SPOUT1;ERCC6L;CENPI;RCC2;NUF2;SMARCC1;LUZP1;CDT1;NSMCE1;CENPH;SMC5;MCRS1;SMC6;SGO2;KNSTRN;DNMT1;ZWILCH;NUP85;CHMP4A;H4C15;SMARCD1"
"GOCC_CHROMOSOME_TELOMERIC_REGION",0.998937074829932,1,0.211250878142721,0.695411299154416,4698,155,"H4C11;TERC;H4C8;H4C14;PINX1;RPA4"
"GOCC_CHROMOSOME_TELOMERIC_REPEAT_REGION",0.858840112766814,1,0.337105121111625,0.716323779750336,4264,13,"CTC1;STN1;TERF2IP;RAD17;TERF1"
"GOCC_CILIARY_BASAL_BODY",1,1,0.18904273321603,0.644319983538121,4664,210,"CIMIP2A;DAW1;USH1G;CCDC81;CFAP70;CIMAP3;CFAP126;SAXO2;PRKAA2;KIF17"
"GOCC_CILIARY_BASE",0.979140850888063,1,0.234824934284461,0.643512974222974,4740,44,"USH1G;MOK;MAGI2;ODAD2;NEK8;CILK1;CFAP418;CEP126;DYNC2I1;FANK1;KATNIP;TRAF3IP1;NPHP3;IFT56;NPHP4;CFAP36;DISC1;PRKAR1B;GLI3;PRKAR1A;CLCN4"
"GOCC_CILIARY_MEMBRANE",0.255922330097087,1,-0.388971816982306,-1.11510902436712,1317,61,"DRD2;GPR37L1"
"GOCC_CILIARY_ROOTLET",0.396331738437002,1,-0.536474791190489,-1.06507623715627,1987,10,"KLC3;KIF5A;ODAD3;SPAG5;PJVK"
"GOCC_CILIARY_TIP",0.763398947573572,1,-0.302582488192356,-0.832757700083979,3916,48,"CFAP221;GLI1;SMO;ODAD3;SPEF1;GLI2"
"GOCC_CILIARY_TRANSITION_FIBER",0.268862275449102,1,-0.633120165868037,-1.19570854868334,1346,8,"CEP83;CENPF;FBF1;CEP164;SCLT1"
"GOCC_CILIARY_TRANSITION_ZONE",0.586610878661088,1,0.312170575434174,0.933063990521374,2803,75,"USH2A;MYO7A;USH1G;KIF17;EHD1;TMEM80;SPATA7;TCTN2;IFT140;CCSAP;EHD3;WDR19;TRAF3IP1;TMEM17;UNC119B;KIAA1549;DYNC2LI1;TCTN3;ROPN1L;SMAD3;TMEM231;CFAP410;WHRN;B9D2;CEP290;MACIR;NPHP4;CFAP36;CFAP53;BBS9"
"GOCC_CILIUM",1,1,-0.203664795916919,-0.749798521180145,5611,657,"DRD2;KLHL4;DNAH9;TLE6;ADCY10;DNAH6;KCNJ10;DCDC2;KLC3;DNAH11;CIMIP2B;FHDC1;CFAP221;TEKT3;GPR37L1;SPAG17;CFAP157;SPTBN5;CFAP46;TEKT2;CATSPERG;GLI1;FHAD1;CCDC65;IMPG1;CIBAR2;CFAP52;NME5;DNAH14;CLXN;HYDIN;OAZ3;DYNLT4;PRCD;MCHR1;ADAM32;CFAP90;ZMYND12;KIF5A;PRKCZ;QRICH2;GPR19;PMFBP1;CCDC181;SMO;TTLL4;GUCA1B;RCVRN;SEPTIN4;LRRC46;CNBD2;ODAD3;DNAAF1;CIB2;CFAP58;LCA5L;RIBC1;TBX3;RAB37;TRPV3;TACR3;TMEM249;KISS1R;CDKL1;DZIP1L;PTCH1;PIP4K2A;CEP83;FLACC1;SPAG5;SPEF1;KIAA0586;HAUS3;GLI2;CENPF;AURKA;PCDHB15"
"GOCC_CIS_GOLGI_NETWORK",0.763917525773196,1,0.290822625696486,0.85577104701272,3704,67,"GOLGA8G;GOLGA8M;MAP6D1;GOLGA8Q;LIMK2;PIK3R1;GOLGA8S;RETREG1"
"GOCC_CIS_GOLGI_NETWORK_MEMBRANE",0.941353082465973,1,-0.291207907170944,-0.588737683592037,4702,11,"PMEL"
"GOCC_CKM_COMPLEX",0.83818577936225,1,0.405728146282302,0.689655953852389,4231,5,"CDK19;MED12;CCNC;CDK8;MED13"
"GOCC_CLATHRIN_ADAPTOR_COMPLEX",0.675108824693312,1,-0.3467802235571,-0.856821170870582,3411,27,"AP1M2"
"GOCC_CLATHRIN_COAT",0.989241001564945,1,-0.224560113107901,-0.614691554986439,5056,47,"AP1M2;CLTCL1"
"GOCC_CLATHRIN_COAT_OF_COATED_PIT",0.580229514797665,1,0.403290891657708,0.913160442176613,2881,17,"STON2;CLTB;AP2A1;BTBD8;PICALM;SGIP1;TBC1D5;EPS15L1"
"GOCC_CLATHRIN_COATED_PIT",0.998653328203155,1,-0.197603114072677,-0.583008882925535,5190,73,"CDHR5;GAS7;CLTCL1;TF;SPHK1;ADCY8;VLDLR"
"GOCC_CLATHRIN_COMPLEX",0.819767441860465,1,-0.39370879792884,-0.720323073811193,4088,7,"CLTCL1"
"GOCC_CLATHRIN_VESICLE_COAT",0.900194552529183,1,-0.274325344300287,-0.720018563580062,4626,36,"AP1M2;CLTCL1"
"GOCC_CLEAVAGE_FURROW",0.977138191467646,1,0.237446799801096,0.667805422222952,4786,50,"RAB11FIP4;MYLK;SVIL"
"GOCC_CLOCK_BMAL_TRANSCRIPTION_COMPLEX",0.536797412050142,1,-0.606768131610595,-0.984855152532752,2654,4,"CLOCK;NPAS2"
"GOCC_CLUSTER_OF_ACTIN_BASED_CELL_PROJECTIONS",0.513675213675214,1,0.301222347420881,0.971956318753316,2403,132,"MYO3B;TMC1;USH2A;MYO7A;CD36;FOLR1;CDH23;SOAT2;FSCN2;CLIC5;RIPOR2;DOCK4;PTPRQ;ATP8B1;IDO1;PDZD7;SLC20A2;NHERF1;ESPN;ACTN3;SLC28A3;MTTP;SHANK2;ELMOD3;MYO7B;RALGDS;FCHSD2;EPS8L2;VCL;MKKS;MORN4;PLD2;ANKRD24"
"GOCC_CMG_COMPLEX",0.488991192954363,1,-0.487365011025865,-0.985310290653415,2442,11,"CDC45;MCM6;GINS3;GINS2;MCM4;GINS1"
"GOCC_COATED_VESICLE",0.283277715980719,1,-0.305250040367752,-1.05648310793801,1527,295,"HLA-DQA1;HLA-DQB1;HLA-DRB5;HLA-DRB1;CD74;HLA-DRA;HLA-DPA1;VANGL2;AP1M2;HLA-DPB1;APOE;KIAA0319;COL7A1;SERPINA1;APOB;HLA-DQA2;SFTPA1;HBEGF;WNT5A;GAS7;EGF;CLTCL1;ATP6V1G2;TF;SFTPA2"
"GOCC_COATED_VESICLE_MEMBRANE",0.194591527987897,1,-0.337384301882816,-1.11616139566554,1028,188,"HLA-DQA1;HLA-DQB1;HLA-DRB5;HLA-DRB1;CD74;HLA-DRA;HLA-DPA1;AP1M2;HLA-DPB1;APOE;KIAA0319;APOB;HLA-DQA2;HBEGF;WNT5A;EGF;CLTCL1;ATP6V1G2;TF"
"GOCC_COLLAGEN_TYPE_IV_TRIMER",0.220011935548041,1,0.70468526617873,1.24881838959053,1105,6,"COL4A4;COL4A6;COL4A5;COL4A3"
"GOCC_COLLAGEN_TYPE_VI_TRIMER",0.894778481012658,1,0.378099793933629,0.614536740753747,4523,4,"COL6A6"
"GOCC_COLLAGEN_TYPE_XI_TRIMER",0.71043771043771,1,0.480611568169614,0.816942656100281,3586,5,"COL11A2;COL11A1"
"GOCC_COMMITMENT_COMPLEX",0.948516050878256,1,-0.311028453030008,-0.527578184458743,4697,5,"SNRPD1"
"GOCC_COMPLEMENT_COMPONENT_C1_COMPLEX",0.423846306199247,1,0.632614982740927,1.07531777950633,2139,5,"C1QC;C1QB;C1R;C1QA;C1S"
"GOCC_COMPLEX_OF_COLLAGEN_TRIMERS",0.62185534591195,1,-0.35004914478943,-0.891802387574068,3163,31,"COL9A3;COL7A1;COL5A3;COL27A1;COL2A1;COL5A1;COL3A1;COL6A3;COL1A1;COL5A2;COL1A2;COL4A1"
"GOCC_CONDENSED_CHROMOSOME",0.695499166512317,1,-0.270073881236593,-0.925041313210422,3754,262,"SYCE1;HUS1B;HORMAD1;SYCP2;TTN;CENPV;SPC25;AURKB;KIF2C;CENPA;TTK;CDC20;CCNB1;TOP2A;SKA1;SPDL1;CENPM;CENPW;SGO1;MAD2L1;STAG3;SPAG5;CENPK;CENPF;AURKA;NDC80;PLK1;FIRRM;BIRC5;CENPN;KIF18A;NIFK;SMC4;NCAPG;NUDCD2;BUB1B;SUV39H1;MKI67;REC8;NCAPH;CENPE;CENPP;KNTC1;NDE1;SPC24;CDCA2;INCENP;NEK2;SYN1;KIF22;BUB1;KNL1;ZWINT;AKAP8;AURKC;SKA3;SPOUT1;ERCC6L;CENPI;NUF2;RAD50;SMARCC1;CDT1;NSMCE1;SLF1;H2AX;CENPH;SMC5;MCRS1;SMC6;SGO2;KNSTRN;ZWILCH;NUP85;HUS1;HMGB1;RAD51;CHMP4A;SMARCD1;RIF1;GPATCH11;SEC13;SLF2;PLK3;CBX3;TOPBP1;BRD4;RAD21;XPO1"
"GOCC_CONDENSED_CHROMOSOME_CENTROMERIC_REGION",0.443498012492902,1,-0.303639627559652,-1.00112496650401,2342,181,"SYCP2;CENPV;SPC25;AURKB;KIF2C;CENPA;TTK;CDC20;CCNB1;SKA1;SPDL1;CENPM;CENPW;SGO1;MAD2L1;SPAG5;CENPK;CENPF;AURKA;NDC80;PLK1;FIRRM;BIRC5;CENPN;KIF18A;NCAPG;NUDCD2;BUB1B;REC8;CENPE;CENPP;KNTC1;NDE1;SPC24;INCENP;NEK2;KIF22;BUB1;KNL1;ZWINT;AURKC;SKA3;SPOUT1;ERCC6L;CENPI;NUF2;SMARCC1;CDT1;CENPH;MCRS1;SGO2;KNSTRN;ZWILCH;NUP85;CHMP4A;SMARCD1;GPATCH11;SEC13;PLK3;CBX3"
"GOCC_CONDENSED_NUCLEAR_CHROMOSOME",0.520340953118946,1,-0.332414102971379,-0.958862503713199,2685,63,"SYCE1;HUS1B;HORMAD1;SYCP2;TTN;STAG3;PLK1;NIFK;SMC4;NCAPG;SUV39H1;REC8;NCAPH;INCENP;NEK2;SYN1"
"GOCC_CONDENSIN_COMPLEX",0.298602794411178,1,-0.616893020015194,-1.16506201732483,1495,8,"SMC4;NCAPG;NCAPH"
"GOCC_CONE_PHOTORECEPTOR_OUTER_SEGMENT",0.505825632784251,1,-0.703544033288651,-1.02132741267228,2517,2,"GUCA1B"
"GOCC_CONNEXIN_COMPLEX",0.678385936875749,1,0.413494607134181,0.844992994385274,3395,11,"GJA4;GJD2;GJA1;GJB2;GJB5;GJC2"
"GOCC_CONTRACTILE_RING",0.877301841473179,1,-0.335744227571146,-0.67877716899906,4382,11,"PRC1;RTKN;ANLN;KIF20B"
"GOCC_COP9_SIGNALOSOME",0.872157344806392,1,0.28852457683017,0.749328938354408,4256,33,"THEMIS;AMOT;HSPA6;HSPA1A;COPS7B;FLOT1;COPS7A;GRB2;TMOD1;DOCK7;EPB41L2;NCKIPSD;HSPA1L;WDR6"
"GOCC_COPI_COATED_VESICLE",0.38589717537086,1,0.428133105444858,1.04967943109619,1898,25,"PACSIN1;DIPK2A;CIDEB"
"GOCC_COPI_COATED_VESICLE_MEMBRANE",0.991050119331742,1,-0.22209843854842,-0.502076170890505,4982,18,"VMA12;COPZ2;COPG2;COPZ1;KDELR2;COPA;KDELR3;COPB1"
"GOCC_COPI_VESICLE_COAT",0.945026178010471,1,0.2870275314979,0.609912556584696,4692,13,"DIPK2A;TMED3;TMED7;COPG1;SCYL1;COPE;ARCN1;COPB2;COPB1;COPA;COPZ1;COPG2;COPZ2"
"GOCC_COPII_VESICLE_COAT",0.982020202020202,1,0.239650907733234,0.53575091548607,4860,16,"CIDEB;SEC31B;SAR1A;SEC24C;PDCD6;KLHL12;SEC31A;PEF1;TMED7"
"GOCC_CORE_MEDIATOR_COMPLEX",0.988149318585819,1,-0.230050894149507,-0.564430680936697,5002,26,"MED8;MED14;MED19;MED27;MED7;MED20;MED17;MED6;MED1;MED10;MED23;MED28;MED24;MED16;MED4;MED18;MED22;MED30;MED15;MED9;MED11;MED25;MED29;MED31;MED21;MED26"
"GOCC_CORTICAL_ACTIN_CYTOSKELETON",0.896823869104909,1,-0.265406263215299,-0.780337671630904,4658,71,"SPTA1;SPTBN5;SPTB;CDH2;PIEZO2;MLPH;SPTBN2;CORO1A;SHROOM4;CIB2;CLDN5;SHROOM2;CALB2;COTL1;PJVK;RTKN"
"GOCC_CORTICAL_CYTOSKELETON",0.946924698218049,1,-0.247865700421771,-0.757768588289595,4941,97,"SPTA1;SPTBN5;SPTB;CDH2;BSN;DMTN;PIEZO2;MLPH;SPTBN2;CORO1A;SHROOM4;CIB2;CLDN5;SHROOM2;CALB2;COTL1;PJVK;RTKN"
"GOCC_CORTICAL_ENDOPLASMIC_RETICULUM",0.959735576923077,1,0.279729414508981,0.53166735156817,4790,8,"STIMATE;ARV1;ASPH;STIM1"
"GOCC_CORTICAL_GRANULE",0.779589371980676,1,-0.489785447761194,-0.753298942619074,3872,3,"HEXB;CALR;MYH9"
"GOCC_CORTICAL_MICROTUBULE_CYTOSKELETON",0.794612794612795,1,0.432503031999254,0.735167855152834,4011,5,"PDE4DIP;NUMA1;CLASP1;CLASP2;MAPRE1"
"GOCC_CORVET_COMPLEX",0.746310331072996,1,0.423119985071842,0.779253231917621,3741,7,"VPS33B;VPS11;TGFBRAP1;VPS33A;VPS16"
"GOCC_COSTAMERE",0.77563975401706,1,-0.35771815054176,-0.779013001153634,3909,15,"PGM5;ANK3"
"GOCC_CRD_MEDIATED_MRNA_STABILITY_COMPLEX",0.468140703517588,1,-0.583653424407651,-1.02932436197386,2328,6,"IGF2BP1"
"GOCC_CTF18_RFC_LIKE_COMPLEX",0.839414595028067,1,-0.382816992737153,-0.700395608038769,4186,7,"RFC3;RFC5;CHTF8"
"GOCC_CUL2_RING_UBIQUITIN_LIGASE_COMPLEX",0.994310099573257,1,0.216358982894729,0.530460203121903,4892,25,"PRAME;ZSWIM5;ZER1"
"GOCC_CUL3_RING_UBIQUITIN_LIGASE_COMPLEX",0.908276533592989,1,-0.265061753973351,-0.757068575382871,4663,60,"KLHL4;KLHL34"
"GOCC_CUL4_RING_E3_UBIQUITIN_LIGASE_COMPLEX",0.591815751593667,1,0.35106479063183,0.916229459110584,2877,34,"DCAF12L2;DDB2;DDA1;DCAF11;WDTC1;FBXW5;CDKN1B;DCAF4;DTL;DCAF6"
"GOCC_CUL4A_RING_E3_UBIQUITIN_LIGASE_COMPLEX",0.996133496133496,1,0.199841210536148,0.513367133655211,4894,31,"DDB2;DDA1;DCAF11;WDTC1;CDKN1B;DCAF4;DTL;DCAF6;AMBRA1;PHIP;CUL4A;DCAF8;DCAF5;DET1;CRBN;DCAF15;DCAF7"
"GOCC_CUL4B_RING_E3_UBIQUITIN_LIGASE_COMPLEX",0.997174000807428,1,0.201068782980619,0.484883234037873,4939,23,"DDB2;DDA1;DCAF11;WDTC1;DCAF4;DTL;AMBRA1;DCAF8;DCAF5;CRBN;DCAF15;DCAF7"
"GOCC_CUL5_RING_UBIQUITIN_LIGASE_COMPLEX",0.326405384006334,1,-0.502196470131985,-1.10960880376131,1648,16,"ASB9"
"GOCC_CUL7_RING_UBIQUITIN_LIGASE_COMPLEX",0.979203802733215,1,0.272553409833007,0.463285782750001,4943,5,"SKP1;RBX1;CUL7;FBXW8;CUL9"
"GOCC_CULLIN_RING_UBIQUITIN_LIGASE_COMPLEX",1,1,0.176345526980173,0.605931996649799,4658,227,"DCAF12L2;DAW1;KLHL30;FBXO32;PRAME;KLHL38;FBXO43;FBXO15;FBXO48;FBXL2;ZSWIM5;FBXW10;LMO7;FBXO27;FBXL16;PRKN;KLHL41;KLHL23;DDB2;AMN1;ZER1;KLHL21;FBXO33;FBXO9;KLHL22;FBXO38;DDA1;KCTD2;KLHL26;TMEM183BP;DCAF11;FBXO2;ANAPC4;KCTD10;KLHL24;SKP1;FBXO24;FBXL3;WDTC1;KLHL35;FBXO17;FBXO21;FEM1C;LZTR1;KBTBD7;FBXL15;FBXW5;FBXO44;SPSB3;FBXO31;ANKRD9;CDKN1B;FBXO36;KLHDC2;DCAF4;KLHL11;DTL;ZYG11A;DCAF6;FBXW11"
"GOCC_CYCLIN_CDK_POSITIVE_TRANSCRIPTION_ELONGATION_FACTOR_COMPLEX",0.612175648702595,1,-0.472031723816188,-0.891477475911565,3066,8,"CCNK;CCNT2;CDK9;CCNT1;CDK13;SNW1;RB1;CDK12"
"GOCC_CYCLIN_DEPENDENT_PROTEIN_KINASE_HOLOENZYME_COMPLEX",0.995566692367001,1,-0.206729463887015,-0.606949556525898,5164,70,"CCNB3;CCNI2;CCNB1;CCNB2;CDK1;CCNJL;CCNA2;GTF2H5;CCND2;CKS2;GTF2H3;CCNF;CDK15;CCNL1;CDK4"
"GOCC_CYTOCHROME_COMPLEX",0.487254329636116,1,-0.37392675650531,-0.971029379656755,2503,34,"MTCO2P12;COX7A1;UQCRQ;COX7B;MT-CO3;UQCRH;COX6C;COX5A;COX5B;COX7C;UQCRHL;COX8A;UQCRB;UQCR11;UQCRC1;UQCR10;NDUFA4;COX7A2L;MT-CYB;UQCRFS1;CYC1;COX15;COX10;MT-CO2;MT-CO1;COX6B1;COX7A2"
"GOCC_CYTOLYTIC_GRANULE",0.457223001402525,1,0.522395249492034,1.01938668299061,2281,9,"SRGN;SERPINB1"
"GOCC_CYTOPLASMIC_DYNEIN_COMPLEX",0.657761586723335,1,0.363962582953354,0.871012683765193,3249,22,"DYNC1I1;DYNLT5;DYNLT2;DYNLT3;DYNC2I1;DYNC2H1;DYNLRB1;DYNC1LI1;DYNC2LI1;DYNLL2;DYNC2I2;DYNC1I2"
"GOCC_CYTOPLASMIC_EXOSOME_RNASE_COMPLEX",0.895602218700475,1,-0.316422441087368,-0.678005931292802,4520,14,"EXOSC8;EXOSC6;EXOSC2;EXOSC1;EXOSC9;EXOSC4;EXOSC3;EXOSC7;EXOSC5;DIS3"
"GOCC_CYTOPLASMIC_MICROTUBULE",0.987820243595128,1,0.228203415063831,0.71311230360205,4703,102,"CIMIP2A;CIMAP1D;CFAP210;CFAP45;TOGARAM2;CFAP126;SAXO2;EFHB;PACRG;ARHGAP18;REEP1;GRAMD2B;REEP2;CFAP96;APC2;TUBG2;KIF9;ARL6;DYNLT3;CFAP206;MAPRE2;REEP3;CYLD;CEP162;CCSAP"
"GOCC_CYTOPLASMIC_REGION",0.939922121268311,1,-0.244026565413313,-0.844190271079275,5068,294,"NETO1;DNAH9;DNAH6;DCDC2;DNAH11;CIMIP2B;CFAP221;TEKT3;SPAG17;SPTBN5;CFAP46;TEKT2;UCHL1;GLI1;CCDC65;BSN;RIMS3;GUCY1B1;CFAP52;NME5;DNAH14;CLXN;HYDIN;DYNLT4;CFAP90;KIF5A;PRKCZ;CCDC181;RIMS2;ODAD3;DNAAF1;LCA5L;RIBC1;NEFL;SAPCD2"
"GOCC_CYTOPLASMIC_RIBONUCLEOPROTEIN_GRANULE",1,1,-0.163392708608955,-0.55049170701386,5359,221,"PKP1;LIN28A;RBPMS2;TRIM71;RBM20;IGF2BP1;SNCAIP;APOBEC3B;CLOCK;TDRD9;ZFP36;ARC;ZC3H12A;DCPS;PIWIL2;PSMA2;LSM2;ANKRD34C;APOBEC3D;NOCT;MEX3B;PATL2;IGF2BP2;SMN2;APOBEC3C;EIF4A1;PSMA4;TIAL1;FAM184A;PABPC5;MOV10L1;DYRK3;MEX3A;SNRPG;QKI;KPNB1;CELF1;HELZ2;VCP;RPS4X;EIF2S1;EIF4E2;PATL1;SMG1;MOV10;POLR2G;UBAP2;PABPC1L;LSM10;LARP4;ATXN2L;TNRC6B"
"GOCC_CYTOPLASMIC_SIDE_OF_ENDOPLASMIC_RETICULUM_MEMBRANE",1,1,0.15228760655164,0.395507071860445,4880,33,"OTULINL;ALG14;PKD2;EPM2AIP1;CERS2;DNAJB2;LSS;SPPL2A;KDSR;DEGS1"
"GOCC_CYTOPLASMIC_SIDE_OF_ENDOSOME_MEMBRANE",0.745176049333599,1,0.440453421654149,0.780556028512544,3745,6,"RAB21;MICALL1;CDIP1;RAB5A;SNX5;LITAF"
"GOCC_CYTOPLASMIC_SIDE_OF_LYSOSOMAL_MEMBRANE",0.612766814337495,1,0.419673211141125,0.891774945077229,3042,13,"GFAP;BORCS7;BORCS6;SNAPIN;KXD1"
"GOCC_CYTOPLASMIC_SIDE_OF_MEMBRANE",0.286775631500743,1,0.313811446668679,1.06186855553132,1350,197,"AJAP1;GNA15;RGS4;GNA14;GNAO1;CACNB4;KCNAB1;PTPN3;ANK1;NTSR1;NLRP10;ATP2C2;JUP;GNGT2;MCF2L;LRRK2;CARMIL2;CFB;HCK;GNAZ;OTULINL;KIT;STAC3;AKAP5;C3;GFAP;RGS5"
"GOCC_CYTOPLASMIC_SIDE_OF_MITOCHONDRIAL_OUTER_MEMBRANE",0.452960982372747,1,0.618269405023094,1.05093319299142,2286,5,"LRRK2;GRK2;BECN1"
"GOCC_CYTOPLASMIC_SIDE_OF_ROUGH_ENDOPLASMIC_RETICULUM_MEMBRANE",0.353047313552526,1,-0.614395187792163,-1.12408722521168,1760,7,"GNRH1;RPS29;RPS28;EPM2A;RPL27"
"GOCC_CYTOPLASMIC_STRESS_GRANULE",0.346337731879901,1,-0.346200660390125,-1.04973515035308,1810,91,"PKP1;LIN28A;RBPMS2"
"GOCC_CYTOPLASMIC_UBIQUITIN_LIGASE_COMPLEX",0.962668784749801,1,-0.265039518095634,-0.557074427435308,4847,13,"HERPUD1;VCP;UBE2J1;SYVN1;PLAA;MARCHF6;ELOB"
"GOCC_CYTOSOLIC_4FE_4S_ASSEMBLY_TARGETING_COMPLEX",0.727546110665597,1,-0.438934502705729,-0.803067271684195,3628,7,"MMS19;CIAPIN1;CIAO2A;CIAO3;CIAO2B;CIAO1;NDOR1"
"GOCC_CYTOSOLIC_REGION",0.578013461146237,1,0.346375901899149,0.926068133415857,2833,38,"KIF5C;SYT1;ANKS1B;LRRK2;ARL6IP5;C9orf72;DAG1;PIAS1;PIN1;BAIAP2;SENP7;SENP5"
"GOCC_CYTOSOLIC_SMALL_RIBOSOMAL_SUBUNIT",0.253199448710376,1,-0.427404867501155,-1.1345603179479,1285,39,"RPS29;RPS21;RPS27A;RPS17;RPS28;RPS27L;RPS2;RPSA;RPS23;RPS27;RPS19;RPS3;RPS14;RPS18;RPS4X;RPS13;LARP4;RPS15A;RPS7;RPS8;RPS12;RPS20;RPS25;RPS3A;RPS6;RPS16;RPS24;RPS10;RPS11;RPS5;RPS26"
"GOCC_DEATH_INDUCING_SIGNALING_COMPLEX",0.97405707443624,1,-0.257208173929271,-0.499379703321402,4880,9,"CASP10;CASP3;CASP8;RIPK1;FAS;FADD;FAF1;CFLAR;TRADD"
"GOCC_DECOY_RECEPTOR_COMPLEX",0.22070351758794,1,-0.705236404385725,-1.2437466853241,1097,6,"IL33;IL1RL2;IL18BP;IL1RL1;TNFRSF6B"
"GOCC_DENDRITE_CYTOPLASM",0.197205912127961,1,0.48926196671365,1.21377825843958,973,26,"KIF5C;LRRK2;KIF17;MAP2;FLOT2;ABHD12;GRIK2;RAB17;MAP2K1;HIP1R;BAIAP2"
"GOCC_DENDRITE_TERMINUS",0.549097401309264,1,-0.427073473816665,-0.930050063289112,2767,15,"COBL"
"GOCC_DENDRITIC_SHAFT",0.618804813379564,1,0.338236230603155,0.904305966468416,3033,38,"HCN1;RGS7BP;NTSR1;GRIA1;GPER1;GRM5;MPP2;NEGR1;MAP2;SLC1A1;CNIH3"
"GOCC_DENDRITIC_SPINE_HEAD",0.458722896359658,1,0.587235253116707,1.04067761638427,2305,6,"RGS7BP;GPER1;NRGN"
"GOCC_DENDRITIC_SPINE_MEMBRANE",0.554928441846402,1,0.424896992634491,0.936054274860018,2752,15,"ATP2B2;GRIA1;SHISA8;GPER1;TRPV1;ICAM5;KCNC3"
"GOCC_DENDRITIC_TREE",0.402463321861982,1,-0.278399663512693,-1.00987590960986,2221,526,"OPRD1;DRD2;NGFR;GABRA2;COBL;RGS8;GRM6;GPM6A;RTN4R;EPHA6;CRHBP;GABRA5;ADCY10;GRID1;GAP43;TRIM9;SHISA9;APOE;KCNK1;LGI1;KCNA2;SLC4A10;IL1RAPL1;EPHB1;KIF21B;HTR1B;NLGN4X;C4B;KCNIP2;NECAB2;SYNDIG1;EPHA5;ADORA2A;GRIA2;BSN;CACNG8;ITPKA;C4A;EPHB2;PSD;IGF2BP1;ANK3;MLPH;GNRH1;KIF5A;KCNH1;SMO;SORCS2;EPHA3;ADCY8;RCVRN;IGSF9;SEPTIN4;CNIH2;KCNE3;AZIN2;NECTIN1;CHRM5;KCND3;GABRE"
"GOCC_DENSE_BODY",0.939344925192074,1,-0.33653852323441,-0.546241111499049,4645,4,"PIWIL2"
"GOCC_DENSE_CORE_GRANULE_LUMEN",0.217520858164482,1,0.807150286000931,1.2474769699567,1094,3,"PENK;IGF1;VPS13A"
"GOCC_DENSE_CORE_GRANULE_MEMBRANE",0.913467276705789,1,0.334945277927435,0.593578215208776,4591,6,"SYT5;CADPS"
"GOCC_DERLIN_1_RETROTRANSLOCATION_COMPLEX",0.922355289421158,1,-0.321716818287847,-0.607593266839904,4620,8,"VCP;SELENOS;SYVN1;DERL1;HM13;SEL1L;RNF139;AMFR"
"GOCC_DESMOSOME",0.880923450789793,1,0.301893565058435,0.715384796618143,4349,21,"XIRP1;PPL;JUP;PKP3;VCL;CDH1;PKP4;TCHP;KLHL24;PERP"
"GOCC_DEUTEROSOME",0.5760210270926,1,-0.584598236368752,-0.94887083756538,2848,4,"PLK4;CCDC78;CEP152"
"GOCC_DNA_DEPENDENT_PROTEIN_KINASE_COMPLEX",0.883101150817686,1,-0.371956339210747,-0.63092636132487,4373,5,"PRKDC;XRCC5;XRCC6;UVRAG;ZBTB7A"
"GOCC_DNA_DEPENDENT_PROTEIN_KINASE_DNA_LIGASE_4_COMPLEX",0.984842441164739,1,0.254198544504572,0.468153347378072,4937,7,"LIG4;ATP23;XRCC4"
"GOCC_DNA_LIGASE_III_XRCC1_COMPLEX",0.962910986367281,1,-0.282881083445529,-0.517554529191277,4802,7,"LIG3"
"GOCC_DNA_POLYMERASE_COMPLEX",0.953100158982512,1,-0.269852773161128,-0.619335427073192,4795,19,"POLE2;POLG2;POLG;MAD2L2;POLE4;POLA2;POLD4;POLA1;PRIM1"
"GOCC_DNA_RECOMBINASE_MEDIATOR_COMPLEX",0.936848436246993,1,-0.311219639338393,-0.569402280106428,4672,7,"XRCC3;SWI5;XRCC2;RAD51D"
"GOCC_DNA_REPAIR_COMPLEX",0.581291759465479,1,0.369379357590006,0.916369274257387,2870,26,"MSH4;FANCD2;LIG4;ATP23;PAXX;ATM;BRCA1;DCLRE1C"
"GOCC_DNA_REPLICATION_FACTOR_A_COMPLEX",0.88159484494563,1,0.327700391920908,0.696339416596174,4377,13,"RPA4;RPA2;RPA1"
"GOCC_DNA_REPLICATION_FACTOR_C_COMPLEX",0.52755905511811,1,-0.583667945274115,-0.990039566781284,2612,5,"RFC3;RFC5;RFC1"
"GOCC_DNA_REPLICATION_PREINITIATION_COMPLEX",0.592207792207792,1,-0.438586102485435,-0.904187282590181,2963,12,"CDC45;MCM6;GINS3;GINS2;MCM4;GINS1"
"GOCC_DRM_COMPLEX",0.980223731522173,1,0.24822695035461,0.507261837151849,4906,11,"RBL2;LIN52;TFDP1;E2F5;RBL1;E2F4;TFDP2;RBBP4;LIN37;LIN54;LIN9"
"GOCC_DYNACTIN_COMPLEX",0.540524314588753,1,0.452682188499856,0.944729411315936,2700,12,"DCTN2;ACTB;DCTN1;ACTR10;ACTR1A;CAPZA1;DCTN5;DCTN6;CAPZB;DCTN4;DCTN3"
"GOCC_DYNEIN_COMPLEX",0.647691705790297,1,-0.32555309119307,-0.891141053887676,3310,47,"DNAH9;DNAH6;DNAH11;CCDC65;DNAH14;DYNLT4"
"GOCC_DYSTROGLYCAN_COMPLEX",0.457330415754923,1,0.58853363082654,1.04297855559571,2298,6,"DAG1;SGCE;SGCB;SGCA;SGCD"
"GOCC_DYSTROPHIN_ASSOCIATED_GLYCOPROTEIN_COMPLEX",0.987288977159881,1,-0.228926013572822,-0.512299761502615,4970,17,"PGM5"
"GOCC_EARLY_ENDOSOME",0.991637323943662,1,0.228488586234976,0.829637669301256,4505,416,"F8A2;C8orf44-SGK3;CYTIP;OR51E2;TACR1;WDFY4;HAP1;ENTREP1;CFTR;NTRK2;STEAP4;FGD5;GPR65;NSG1;BAIAP3;HSD17B6;LAMP5;DNER;ACKR4;KDR;AP3B2;SORT1"
"GOCC_EARLY_ENDOSOME_LUMEN",0.766686472568825,1,0.449186593134364,0.763526541563225,3870,5,"RAB38;B2M;LNPEP"
"GOCC_EARLY_ENDOSOME_MEMBRANE",0.994706994328923,1,-0.22397158841763,-0.742287065962906,5261,190,"TLR9;HLA-DRA;SH3GL3;ATP13A4;KIAA0319;EPHB1;PLA2G4B;PLPP2;SYNDIG1;RAB44;CD274;LAMP3;PMEPA1;SPHK1;KCNH1;TBC1D3;SORCS2"
"GOCC_EARLY_PHAGOSOME",0.215448768864178,1,-0.584405406571535,-1.22833496527286,1084,13,"TLR9;SYK;SYT7"
"GOCC_EARP_COMPLEX",0.885523924894004,1,-0.370043847373822,-0.627682320590694,4385,5,"VPS50;VPS53;VPS52;VPS51;EIPR1"
"GOCC_EGG_COAT",0.373993558776167,1,-0.730910386792202,-1.12415349218035,1857,3,"ZP1;ZP3"
"GOCC_EKC_KEOPS_COMPLEX",0.398142539874823,1,-0.64795053092107,-1.09907811131812,1971,5,"GON7;TPRKB;LAGE3"
"GOCC_ELASTIC_FIBER",0.38938403644286,1,0.652187770648072,1.10858756824872,1965,5,"ELN;FBLN1;EFEMP2;MFAP4"
"GOCC_ELG1_RFC_LIKE_COMPLEX",0.734070351758794,1,-0.451671049721259,-0.796561787585228,3651,6,"RFC3;RFC5;RFC1"
"GOCC_ELONGATOR_HOLOENZYME_COMPLEX",0.500301507537688,1,-0.565137571835661,-0.996670020650654,2488,6,"ELP4;ELP6;ELP1;ELP2"
"GOCC_ELONGIN_COMPLEX",0.942562883739354,1,0.317284903648755,0.539320293338964,4758,5,"ELOA2;EPOP"
"GOCC_EMC_COMPLEX",0.812599681020734,1,-0.36873046237111,-0.732049408166259,4075,10,"EMC1;EMC10;EMC8;EMC3;EMC4;EMC9;EMC2;EMC6;EMC7;MMGT1"
"GOCC_ENDODEOXYRIBONUCLEASE_COMPLEX",0.331314354936402,1,-0.678599087693711,-1.151065348437,1640,5,"EME1;RAG1;MUS81;SLX4"
"GOCC_ENDOLYSOSOME",0.27667518176459,1,-0.447712024013275,-1.13123881228743,1407,30,"TLR9"
"GOCC_ENDOLYSOSOME_LUMEN",0.490592196474549,1,0.598674184035038,1.01762527253953,2476,5,"CTSK;CTSS;LGMN;CTSB"
"GOCC_ENDONUCLEASE_COMPLEX",0.998635743519782,1,-0.196950399636603,-0.542040495508561,5123,48,"EME1;HSD17B10;RAG1;RPP30;POP1;TEX10;MUS81;MDN1;DROSHA;RPP25;C18orf21;ERN1;NEPRO;PELP1;RPP21;TSEN15;TRMT10C;TARBP2;TSEN54;SLX4;RPP40;AGO2;RPP25L;TSN;AGO3;LAS1L"
"GOCC_ENDOPEPTIDASE_COMPLEX",0.996403558584138,1,-0.217518055215732,-0.67678031201282,5263,111,"CFI;KLKB1;FCN3;IMMP1L;PSMB9;F7;F3;CASP1;F12;PSMA3;PSMA2;CFH;PSMB10;PSMA5;PSMA7;PSMA4;CASP3;PIPSL;CASP6;PSMA1;PSMB8;PSMB7;IDE;VCP;CASP7;SPCS1;SEM1;IMMP2L;PSME3;PSMD14;PSMD13;PLAUR;PSMC4;PSMC3;CASP8;PSMB4;PSME4;UQCRC1;UBE3A;PSMB1;PSMD6;PSMD8;PAAF1;UBQLN4;PSMD12;SEC11A;ECPAS;PSMB2;HTRA2;PSMD11"
"GOCC_ENDOPLASMIC_RETICULUM_CHAPERONE_COMPLEX",0.396328078227899,1,-0.554428891453641,-1.07644532091375,1985,9,"HYOU1;HSPA5;PPIB;DNAJC10;PDIA6"
"GOCC_ENDOPLASMIC_RETICULUM_ENDOSOME_MEMBRANE_CONTACT_SITE",0.429480803660235,1,0.600680837650267,1.06450540735733,2158,6,"OSBPL10;STARD3"
"GOCC_ENDOPLASMIC_RETICULUM_EXIT_SITE",0.68080311411596,1,0.334523300895697,0.868792505196297,3322,33,"CTAGE8;LRRK2;PLPP3;CTAGE1;SEC31B;CTAGE15"
"GOCC_ENDOPLASMIC_RETICULUM_GOLGI_INTERMEDIATE_COMPARTMENT",0.974534560239675,1,0.236927666653731,0.763560587006476,4553,131,"TGFA;FTCD;FOLR1;F5;LAMP5;GRIA1;PRRG4;PLPP3;CD55;GALNT1"
"GOCC_ENDOPLASMIC_RETICULUM_GOLGI_INTERMEDIATE_COMPARTMENT_MEMBRANE",0.430497925311203,1,0.332821425560971,1.00232710528075,2074,78,"TGFA;FOLR1;F5;LAMP5;GRIA1;PRRG4;PLPP3;CD55;GALNT1"
"GOCC_ENDOPLASMIC_RETICULUM_LUMEN",0.252265581653412,1,-0.310575766511866,-1.0711916146689,1363,282,"COL22A1;WNT7B;COL9A3;PDGFB;COL19A1;APOE;ARSL;ITIH2;WNT4;APOA2;SCG3;COL7A1;SPARCL1;COL5A3;APOA1;CFP;APOL1;AFP;SCG2;AHSG;SERPINA1;VWA1;FGA;CASQ1;APOB;FGG;COL27A1;CDH2;EMID1;WNT5A;MELTF;C4A;TF;ARSI;SERPIND1;COL2A1;COL5A1;PDIA2;ALB;COL15A1;COL28A1;IGFBP5;CD4;COL3A1;COL6A3;COL1A1"
"GOCC_ENDOPLASMIC_RETICULUM_PLASMA_MEMBRANE_CONTACT_SITE",0.546516310914217,1,0.441229094909496,0.937579624893129,2713,13,"GRAMD1B;ESYT2;STIMATE;SARAF;C1orf43;BLTP1;OSBPL5;BLTP2"
"GOCC_ENDOPLASMIC_RETICULUM_PROTEIN_CONTAINING_COMPLEX",0.999249108316125,1,-0.205434802903435,-0.650045156776696,5322,125,"HAS1;PLN;PIGA;INSIG1;HERPUD1;TMEM258;SREBF1;RP9;HYOU1;SSR3;HSPA5;PIGX;ELOVL6;SSR1;SSR4;TREX1;VCP;ERN1;POMT2;SPCS1;RINT1;TAP2;GANAB;PPIB;SREBF2;EMC1;HAS3;SEC61A2;ARL6IP1;OSTC;DNAJC10;SSR2;PIGC;PDIA6;AFG2B;SEC61B;KRTCAP2;SEC63;STT3B;UBE2J1;SEC11A;DDOST;EMC10;UFD1;TAP1;PDIA3;SELENOS;NBAS;SYVN1;DAD1;MARCHF6;UBXN7;EMC8;EMC3;RPN1"
"GOCC_ENDOPLASMIC_RETICULUM_QUALITY_CONTROL_COMPARTMENT",0.926901743264659,1,-0.27922502334267,-0.669372085958834,4678,23,"ASGR2;HERPUD1;EDEM1;SEC61B;UGGT1;SYVN1;MARCHF6;TRIM13;EDEM2;CALR;UGGT2;DERL1;MAN1B1;EDEM3;RNF185;RNF5;RHBDD1;FBXO6;CANX;ERLEC1;RNF139;AMFR;RNF103"
"GOCC_ENDOPLASMIC_RETICULUM_TUBULAR_NETWORK",0.748015469163444,1,0.324736766064136,0.827434268736825,3674,30,"REEP1;REEP2;LNPK;ATL1;STIMATE;REEP3;REEP5;ARV1;RTN4;RETREG3;ZFYVE27;ASPH;ATL3"
"GOCC_ENDOPLASMIC_RETICULUM_TUBULAR_NETWORK_MEMBRANE",0.428995840760547,1,0.630002798768542,1.07087759401361,2165,5,"LNPK;ATL1;RTN4;ATL3;ATL2"
"GOCC_ENDOSOME",0.985129461161651,1,-0.233805838425244,-0.880451153093092,5630,989,"F8A3;NGFR;HLA-DQA1;HLA-DQB1;HLA-DRB5;HLA-DOA;TLR9;HLA-DRB1;CD74;HLA-DRA;ATP10B;HLA-DMB;LIPG;LRAT;CACNG7;CRHBP;HLA-DPA1;APOC2;HLA-DPB1;MAGEL2;SH3GL3;PTPRN;NEURL3;APOE;KCNK1;RASGEF1B;ATP13A4;CD79A;KIAA0319;CCDC154;DCSTAMP;APOA2;EPHB1;PLA2G4B;PRL;ACP3;CXCR4;AQP4;RNF128;APOA1;CALCRL;MCOLN2;PLPP2;FGFR4;SLC15A3;SYNDIG1;SNX10;APOB;HLA-DQA2;SFTPA1;PGA4;UBAP1L;MELTF;RAB44;CD274;HLA-DOB;CLTCL1;LAMP3;PMEPA1;TF;FER1L6;HAVCR2;SFTPA2;SPHK1;PRKCZ;KCNH1;TBC1D3;RHOB;HLA-DMA;SMO;IL2RB;CORO1A;F2RL1;SORCS2;PMEL;EPHA3"
"GOCC_ENDOSOME_LUMEN",0.973052138254247,1,-0.243307511312255,-0.627760243096566,4982,33,"PRL;APOB;PGA4"
"GOCC_ENDOSOME_MEMBRANE",0.646153846153846,1,-0.262103070427821,-0.953131497459854,3569,547,"HLA-DQA1;HLA-DQB1;HLA-DRB5;HLA-DOA;TLR9;HLA-DRB1;HLA-DRA;ATP10B;HLA-DMB;HLA-DPA1;HLA-DPB1;SH3GL3;ATP13A4;KIAA0319;DCSTAMP;EPHB1;PLA2G4B;AQP4;MCOLN2;PLPP2;SLC15A3;SYNDIG1;SNX10;APOB;HLA-DQA2;UBAP1L;RAB44;CD274;HLA-DOB;LAMP3;PMEPA1;TF;SPHK1;KCNH1;TBC1D3;RHOB;HLA-DMA;SORCS2;PMEL"
"GOCC_ENZYME_ACTIVATOR_COMPLEX",0.823980621719822,1,0.341978055502618,0.74122732118218,4081,14,"LAMTOR4;GNB5;RRAGC;FNIP2;PSMC3IP;FNIP1;LAMTOR3;RRAGA"
"GOCC_EPSILON_DNA_POLYMERASE_COMPLEX",0.917625681405209,1,-0.342864961887593,-0.581580470677132,4544,5,"POLE2;POLE4"
"GOCC_ER_MEMBRANE_INSERTION_COMPLEX",0.986529318541997,1,-0.22870875915815,-0.490059727480035,4979,14,"NOMO3;RAB5IF;NCLN;TMEM147;BAG6;SGTA;TMCO1;CCDC47;UBL4A;NOMO1;WDR83OS;SGTB;GET4;NOMO2"
"GOCC_ER_UBIQUITIN_LIGASE_COMPLEX",0.983159582999198,1,-0.250279902966971,-0.457907951172889,4903,7,"HERPUD1;UBE2J1;SYVN1;MARCHF6;SEL1L;OS9;FAM8A1"
"GOCC_ESC_E_Z_COMPLEX",0.989707046714173,1,-0.222382974751482,-0.491357708121728,4999,16,"EZH2;JARID2;HDAC2;LCOR;RBBP4;MTF2;RBBP7;SUZ12;EED;PHF19;SIRT1;AEBP2;EPOP;PHF1;TRIM37;EZH1"
"GOCC_ESCRT_COMPLEX",0.928290766208251,1,-0.274667289283213,-0.684176965153198,4724,28,"UBAP1L;CHMP4A;SNF8;VPS25;CHMP7;VPS37A;UBAP1;HGS;CHMP2A;UEVLD;MVB12A;CHMP3;CHMP2B;VPS28;STAM2;CHMP1A;CHMP1B;STAM;MVB12B;TSG101;VPS37B;VPS36;VPS37D;DIAPH3;CHMP6;CHMP5;CHMP4B;VPS37C"
"GOCC_ESCRT_I_COMPLEX",0.671328671328671,1,-0.410851605364379,-0.847009958813204,3359,12,"UBAP1L"
"GOCC_EUCHROMATIN",0.792261090482705,1,-0.29437841019859,-0.818989718639106,4053,51,"ANKRD2;H1-5;CECR2"
"GOCC_EUKARYOTIC_TRANSLATION_ELONGATION_FACTOR_1_COMPLEX",0.698364627498486,1,-0.488151879839537,-0.828021616662248,3458,5,"EEF1B2;EEF1A2;EEF1G;EEF1D;EEF1A1"
"GOCC_EUKARYOTIC_TRANSLATION_INITIATION_FACTOR_2_COMPLEX",0.998788612961841,1,-0.216339854387813,-0.366963814699549,4946,5,"EIF2S3;EIF2S1;EIF2S2"
"GOCC_EUKARYOTIC_TRANSLATION_INITIATION_FACTOR_2B_COMPLEX",0.885523924894004,1,-0.369240396113115,-0.626319476280806,4385,5,"EIF2B3;EIF2B2;EIF2B4;EIF2B5"
"GOCC_EUKARYOTIC_TRANSLATION_INITIATION_FACTOR_3_COMPLEX",0.217735550277118,1,-0.550977446480805,-1.21739092496678,1099,16,"EIF3CL;EIF3J;EIF3C;EIF3E;EIF3F;EIF3H;EIF3A;EIF3B;EIF3I;COPS5;EIF3M;EIF3G"
"GOCC_EUKARYOTIC_TRANSLATION_INITIATION_FACTOR_3_COMPLEX_EIF3M",0.428628708901363,1,-0.577657641628333,-1.05687282127602,2137,7,"EIF3F;EIF3H;EIF3A;EIF3B;EIF3I;EIF3M"
"GOCC_EUKARYOTIC_TRANSLATION_INITIATION_FACTOR_4F_COMPLEX",0.974025974025974,1,-0.253572612797372,-0.522764242654411,4874,12,"OTUD6B;EIF4A1;EIF4E2"
"GOCC_EXCITATORY_SYNAPSE",0.250193648334624,1,-0.394748664294743,-1.12569798264097,1291,59,"NETO1;UNC13C;GPM6A;SUSD4;NLGN4X;ATP2B3;PLXNA4;SYNDIG1;GRIA2;BSN"
"GOCC_EXOCYST",0.413333333333333,1,0.462940524396449,1.03492539255091,2045,16,"MYRIP;EXOC6;EXOC3L2"
"GOCC_EXON_EXON_JUNCTION_COMPLEX",0.354067930489731,1,-0.455411010305588,-1.06965193886025,1792,21,"MAGOHB;SMG6;ALYREF;EIF4A3;CCDC9;PNN;MAGOH;ACIN1;THRAP3;SRSF1"
"GOCC_EXORIBONUCLEASE_COMPLEX",0.379814339324511,1,-0.427351788157487,-1.04850912090994,1922,26,"ZFP36;EXOSC8;EXOSC6;EXOSC2;PNPT1;EXOSC1;NVL;EXOSC9;MTREX;WDR74;PAN3;PAN2;MPHOSPH6;KHSRP;LAS1L;SUPV3L1;EXOSC4"
"GOCC_EXOSOME_RNASE_COMPLEX",0.540679304897314,1,-0.398944156114327,-0.93702475440441,2737,21,"ZFP36;EXOSC8;EXOSC6;EXOSC2;EXOSC1;NVL;EXOSC9;MTREX;WDR74;MPHOSPH6;KHSRP;EXOSC4;EXOSC3;EXOSC7;EXOSC5;DIS3"
"GOCC_EXTERNAL_ENCAPSULATING_STRUCTURE",0.455496421361718,1,-0.278995153401255,-0.995640988900685,2481,423,"COL22A1;PTPRZ1;ADAMTS16;FREM2;ANGPTL7;COL9A3;PDGFB;COL19A1;OLFML2A;DMBT1;ZP1;INHBE;PRG4;APOE;MMP15;MMP10;ITIH2;WNT4;ALPL;SERPINF2;COL7A1;HPX;FGB;SPARCL1;LAD1;MUC5B;COL5A3;FGL1;TFPI2;ADAM19;SERPINA3;AHSG;SERPINA1;PXDNL;SFRP1;VWA1;FGA;FLRT1;A2M;FCN3;FGG;ADAMTS15;COL27A1;CDH2;FLRT3;VWA2;IMPG1;MMP28;FCGBP;CCN4;EMID1;CTHRC1;WNT5A;EGFLAM;ZP3;ANOS1;NID2;SEMA3B;AMBP;LAMA1;MDK;COL2A1;IHH;TPSAB1;ANGPTL5;COL5A1;OTOGL;COL15A1;CRISPLD2;COL28A1;ADAM11;ADAMTS12;ITGB4;COL3A1;COL6A3;FGL2;COL1A1;HMCN1;PCSK6;POSTN;GDF15;SPOCK2;BGN;ADAMTS14;SPARC;LOXL3;EFEMP1;ADAMTS4;MMP25;SERPINH1;OGN;GPC2;FBLN7;COL5A2;EMILIN2;F7;MXRA5;SMOC2;LOXL2;F3;S100A9;SSPOP;F12;SDC2;LAMA2;COL1A2;AGRN;MATN3;TGFBI;P3H1;LAMB3;AEBP1;PLOD3;COL4A1;LAMB1;MMP24;THBS2;MATN2;EGFL7"
"GOCC_EXTERNAL_SIDE_OF_APICAL_PLASMA_MEMBRANE",0.292533174886116,1,0.702722296024211,1.19448606116843,1476,5,"ABCB1;ABCG2"
"GOCC_EXTRINSIC_COMPONENT_OF_MEMBRANE",0.306110901546586,1,-0.332771504371798,-1.06520471671038,1622,140,"GFRA3;GFRA2;CDH19;CDH5;PLEKHG4B;SYN3;CDH4;ATP6V1B1;SNX10;PIK3R5;KIAA1755;CDH2;ATP6V1G2;GNG7;GNG4;GNAL"
"GOCC_EXTRINSIC_COMPONENT_OF_MITOCHONDRIAL_INNER_MEMBRANE",0.605305145592341,1,0.489433426880889,0.901381624979715,3034,7,"COQ8A;COQ7;COQ6"
"GOCC_EXTRINSIC_COMPONENT_OF_POSTSYNAPTIC_MEMBRANE",0.731917451412543,1,0.410535859907397,0.801107569195231,3652,9,"C1QC;CNKSR2;FARP1;C1QA"
"GOCC_EXTRINSIC_COMPONENT_OF_PRESYNAPTIC_ENDOCYTIC_ZONE_MEMBRANE",0.497824367088608,1,0.627046946242829,1.01915788589745,2516,4,"DNAJC6;PICALM;AP2M1"
"GOCC_EXTRINSIC_COMPONENT_OF_PRESYNAPTIC_MEMBRANE",0.624599358974359,1,0.466915968654186,0.887443234723847,3117,8,"C1QC;DNAJC6;C1QA;PICALM;STXBP1"
"GOCC_EXTRINSIC_COMPONENT_OF_SYNAPTIC_MEMBRANE",0.561781898810724,1,0.422543573076502,0.930869657232729,2786,15,"C1QC;DNAJC6;CNKSR2;FARP1;C1QA;PICALM;STXBP1"
"GOCC_F_ACTIN_CAPPING_PROTEIN_COMPLEX",0.227546110665597,1,-0.677417629352689,-1.23939203694761,1134,7,"ADD2"
"GOCC_FANCONI_ANAEMIA_NUCLEAR_COMPLEX",0.980265807490938,1,0.239691768623062,0.509327515135142,4867,13,"FANCE;FANCM;FANCG;CENPS;FANCL;CENPX"
"GOCC_FAR_SIN_STRIPAK_COMPLEX",0.977755710029791,1,-0.246056193409876,-0.550634361000755,4922,17,"STK26;STRIP2;STK24;STRN4;SIKE1;PPP2CA;STRN;PDCD10;PPP2CB;CTTNBP2NL;STRIP1;MOB4;PPP2R1A;STRN3;SLMAP;STK25;CTTNBP2"
"GOCC_FASCIA_ADHERENS",0.754326636164711,1,0.436319200274798,0.773229507109352,3791,6,"DES;VCL"
"GOCC_FEMALE_GERM_CELL_NUCLEUS",0.311564900930044,1,-0.721698377219282,-1.17140029007833,1540,4,"AURKA;MARCKS"
"GOCC_FEMALE_PRONUCLEUS",0.615169660678643,1,-0.470374829361327,-0.888348270792616,3081,8,"TET3;CCNA2;AKAP8;RIF1"
"GOCC_FHF_COMPLEX",0.400279218189071,1,0.587805982927069,1.08255277012893,2006,7,"FHIP1A;AKTIP;FHIP2A"
"GOCC_FIBRILLAR_CENTER",1,1,-0.137121874797819,-0.417808082826492,5192,95,"FOXA1;STOX1;NFKBIE;DEPDC1;CAMK4;EXOSC8;NOLC1;TRAF4;NOP56;POLR2F;NOP58;AKNA;RAE1;DKC1;WDR43;HEATR1;MUS81;POLR1E;POLR1H;UTP4;SMAD7;PLRG1;UTP15;GAR1;FBL;KDM4A;SMARCA4;URB1;CHCHD1;UBE2N;TCOF1;AFF4;SMARCB1;GTF3C3;NHEJ1;CDCA7L;DCAF1;SMUG1;SMARCA5"
"GOCC_FIBRILLAR_COLLAGEN_TRIMER",0.462737262737263,1,-0.485936287846791,-1.00180422756269,2315,12,"COL5A3;COL27A1;COL2A1;COL5A1;COL3A1;COL1A1;COL5A2;COL1A2"
"GOCC_FICOLIN_1_RICH_GRANULE",0.824915110356537,1,0.262535223875972,0.868416105515188,3886,160,"MGAM;PTPRN2;GMFG;JUP;ENPP4;CD55;ARSB;ITGB2;SERPINB12;HSPA6;HSP90AB3P;NFASC;CTSH;CAT;HSPA1A;GSN;VCL;DIAPH1;STBD1;CTSS;AMPD3;ALAD;TRPM2;PLEKHO2"
"GOCC_FICOLIN_1_RICH_GRANULE_LUMEN",1,1,-0.150233882056389,-0.47038493067963,5306,115,"CFD;SERPINA1;LRG1;CDA;CRISPLD2;TNFAIP6;FGL2"
"GOCC_FILAMENTOUS_ACTIN",0.959724950884086,1,-0.256638350600057,-0.639268142608786,4884,28,"TMSB15A;PDLIM3;SPECC1;TMSB15B;PRICKLE4;PDLIM7;PDLIM4;TMSB15C;RAC3"
"GOCC_FILOPODIUM",0.783934049079755,1,-0.280038360384579,-0.852919965038474,4088,94,"TTYH1;GPM6A;ACTA1;GAP43;EPHB1;ACP3"
"GOCC_FILOPODIUM_TIP",0.496921549155909,1,-0.433675156117656,-0.970495556976147,2501,17,"TTYH1;EPHB1"
"GOCC_FLEMMING_BODY",0.667541380702463,1,0.359146947474905,0.866093337836775,3306,23,"DCDC1;CAPG;EXOC6"
"GOCC_FLOTILLIN_COMPLEX",0.357371794871795,1,0.587276240745008,1.11620583092374,1783,8,"SORBS1;FLOT2;CDH1;FLOT1;CTNNB1;CTNNA1;CORO1C"
"GOCC_G_PROTEIN_COUPLED_RECEPTOR_DIMERIC_COMPLEX",0.656181126026848,1,0.440794825067972,0.860154021389733,3274,9,"TAS1R1;GRM1;GABBR2;TAS1R3"
"GOCC_GABA_RECEPTOR_COMPLEX",0.438036320095789,1,-0.535473832043437,-1.03964333363588,2194,9,"GABRA2;GABRA5"
"GOCC_GAMMA_SECRETASE_COMPLEX",0.341443956920622,1,0.616703627910685,1.13577309543327,1711,7,"PSEN2;APH1B;APH1A;NCSTN;TMED10;PSEN1"
"GOCC_GAMMA_TUBULIN_COMPLEX",0.703621730382294,1,0.363486165708407,0.840647524873743,3496,19,"PDE4B;TUBG2;TUBGCP5;ACTB;MARK4;BRCA1;MZT2A;CDK5RAP2;TOPORS"
"GOCC_GAMMA_TUBULIN_RING_COMPLEX",0.784458649620455,1,0.373888907294113,0.764057140990401,3926,11,"TUBG2;TUBGCP5;BRCA1;MZT2A;CDK5RAP2;TUBGCP6"
"GOCC_GAP_JUNCTION",0.589063128266988,1,0.396568121409785,0.909692442095381,2929,18,"GJA4;GJD2;CCN3;GJA1;GJB2;GJB5;GJC2"
"GOCC_GARP_COMPLEX",0.885523924894004,1,-0.370043847373822,-0.627682320590694,4385,5,"VPS53;VPS54;VPS52;VPS51;EIPR1"
"GOCC_GATOR1_COMPLEX",0.631536442560065,1,-0.527788759292474,-0.895255185474593,3127,5,"SZT2;DEPDC5"
"GOCC_GATOR2_COMPLEX",0.989412704754295,1,0.229936543486375,0.469884649151187,4952,11,"CASTOR2;CASTOR1;WDR59;SESN1;SESN3"
"GOCC_GBAF_COMPLEX",0.932944019331454,1,0.297719018903739,0.632631187035781,4632,13,"SMARCA2;BCL7B;ACTB;BCL7A;BICRAL"
"GOCC_GEMINI_OF_CAJAL_BODIES",0.81998001998002,1,-0.359163369621026,-0.740449707237026,4103,12,"ZPR1;SMN2;GEMIN8;GEMIN2;GEMIN4;GEMIN5"
"GOCC_GERM_CELL_NUCLEUS",0.986973336047222,1,0.226500714954051,0.57712730134585,4848,30,"DYNC1I1;RPA1;DYNLT3;DYNC2I1;DYNC2H1;ACTRT3;MLH3;DYNC1LI1;DYNC2LI1;HSPA2;DYNLL2;DYNC2I2"
"GOCC_GID_COMPLEX",0.946264482620855,1,0.293906308324001,0.600609457184116,4736,11,"YPEL5;RMND5B;RANBP10;MAEA;GID4"
"GOCC_GINS_COMPLEX",0.493530125353821,1,-0.630690072618866,-1.02368324127572,2440,4,"GINS3;GINS2;GINS1"
"GOCC_GLUTAMATERGIC_SYNAPSE",0.831105169340463,1,0.249626421374435,0.918280392754296,3729,507,"NPTX1;CDH10;SLITRK1;NGEF;CDH8;PAK3;CALY;RGS7;SLC6A17;PLG;CARMIL3;ADGRB3;HCN1;GRIP2;ATP2B2;ACTC1;CNTN1;BRINP1;PCLO;LRRC4;PPFIA2;KCNJ2;SNAP25;GNAO1;GRIN2C;LRRC4B;GRM1;CACNB4;SEMA3F;NSG1;PDE10A;LAMA5;RGS7BP;DAPK1;PRUNE2;SYT1;SLITRK4;NTN1;SORT1;EFNB2;ANKS1B;EPHA7;FAAH;GRIA1;FAM81A;LRRK2;TSPOAP1;CDH6;KCND2;ITGA3;CACNG2;PLXNC1;PLAT;DOCK4"
"GOCC_GLYCINERGIC_SYNAPSE",0.196850393700787,1,-0.748419944073536,-1.2694981165242,974,5,"IQSEC3;ITGB3"
"GOCC_GLYCOCALYX",0.637143427089567,1,-0.683378416192519,-0.912382759094064,3193,1,"CCIN"
"GOCC_GLYCOGEN_GRANULE",0.874232521291345,1,0.382128876488152,0.649541958633579,4413,5,"PPP1R3E;PPP1R3B"
"GOCC_GLYCOPROTEIN_COMPLEX",0.826245443499392,1,0.319670673434841,0.75751048107204,4079,21,"GP5;CAV3;DAG1;SGCE;SNTA1;SGCB"
"GOCC_GLYCOPROTEIN_IB_IX_V_COMPLEX",0.285205696202532,1,0.7353674925245,1.19521446285578,1441,4,"GP5;FLNA"
"GOCC_GLYCOSYLPHOSPHATIDYLINOSITOL_N_ACETYLGLUCOSAMINYLTRANSFERASE_GPI_GNT_COMPLEX",0.943263833199679,1,-0.305518907936076,-0.558972316670783,4704,7,"PIGA"
"GOCC_GOLGI_APPARATUS",0.99778534923339,1,-0.22774486628084,-0.872474609806658,5856,1365,"DRD2;HLA-DQA1;HS3ST1;HLA-DQB1;HLA-DRB5;DHH;WNT7B;TLR9;HLA-DRB1;CD74;HLA-DRA;GRM6;PDGFB;LIPG;CHST6;GALNT17;JAKMIP2;CRHBP;RAP1GAP;ABCA12;B3GNT7;SORCS1;CHST1;GBP5;HLA-DPA1;MFNG;SLC30A8;AP1M2;HLA-DPB1;RASIP1;ST6GAL1;FHDC1;PTPRN;APOE;ARSL;LGI1;HAS1;HS6ST2;ST8SIA5;ICA1;CXCL14;SPAG17;WNT4;B4GALNT4;LAX1;GIMAP8;ST6GAL2;MUC12;ACP3;MUC5B;ST8SIA4;RNF128;CFP;STMN3;B3GNT4;MGAT5B;AHSG;SERPINA1;FGFR4;SLC35E2A;PANX2;HLA-DQA2;CHST8;FCGBP;APOH;EMID1;HID1;WNT5A;SULF2;B4GALNT1;PRCD;GALNT12;CLTCL1;PMEPA1;MLANA;FER1L6;FZD8;MAN1C1;LARGE2;FAM20A;SCARA3;ANK3;IHH;GASK1B;NLRP3;SMO;F2RL1;PMEL;GSAP;AZIN2;GOLGA8H;GOLGA8B;CHST11;TMED6;FAM174B;PCSK6;POSTN;IL15;GDF15;BMP1;B4GALNT3;XYLT1;TMEM132A;ELAPOR1;HHAT;KIF20A;BGN;B3GALT2;RAB37;PTGDS;RHBDF2;RGS20;SEC16B;RAB26;CPE;GBGT1;TLR2;FCMR;TVP23A;TMEM59L;PTCH1;CEP83;OGN;CHST15;GPC2;CHST13;CCNB2;ST3GAL1;CCDC88B;GALNT15"
"GOCC_GOLGI_APPARATUS_SUBCOMPARTMENT",0.396589658965897,1,-0.287658535132386,-1.01390792505866,2162,364,"HLA-DQA1;HLA-DQB1;HLA-DRB5;HLA-DRB1;CD74;HLA-DRA;CHST6;HLA-DPA1;AP1M2;HLA-DPB1;RASIP1;ST6GAL1;ARSL;B4GALNT4;ST6GAL2;ACP3;HLA-DQA2;HID1;SULF2;CLTCL1;MLANA;FER1L6;GSAP;AZIN2;GOLGA8H;GOLGA8B;POSTN;B4GALNT3;XYLT1;ELAPOR1"
"GOCC_GOLGI_ASSOCIATED_VESICLE",0.553191489361702,1,0.308820702838901,0.951178557746371,2651,93,"PACSIN1;CFTR;SORT1;LRRK2;MAP6D1;STON2;GJA1;DIPK2A;CSPG5;CLTB;AP1S3;CIDEB;AP1G2;ITM2B;GPR89A;FURIN;TGOLN2;MAP6;AP2A1;OCRL;SPPL2A;VMA22;AP1M1;AP3M1"
"GOCC_GOLGI_ASSOCIATED_VESICLE_MEMBRANE",0.967051070840198,1,0.240890931302137,0.693425936789134,4695,58,"CFTR;STON2;GJA1;DIPK2A;CSPG5;CLTB;AP1S3;AP1G2;ITM2B;GPR89A"
"GOCC_GOLGI_CIS_CISTERNA",0.995047543581617,1,-0.20602964035794,-0.49390448063996,5022,23,"GOLGA8H;GOLGA8B;XYLT1;SMPD3;GOLGA8T;GOLGA8IP"
"GOCC_GOLGI_CISTERNA",0.998093058733791,1,-0.205618456479964,-0.632066767493044,5233,101,"ST6GAL1;B4GALNT4;ST6GAL2;ACP3;HID1;GOLGA8H;GOLGA8B;B4GALNT3;XYLT1;ST3GAL1;SMPD3;ST3GAL2;GPR89B;GOSR1"
"GOCC_GOLGI_CISTERNA_MEMBRANE",0.963278008298755,1,0.244184030376404,0.735386166652093,4642,78,"GAL3ST3;NSG1;GALNT3;SORT1;GOLGA8M;FUT1;ZDHHC14;GOLGA8Q;GALNT1;GOLGA8S;CSGALNACT1;CHPF;GOLPH3L;GPR89A;CHSY3;GGTA1;ATL1"
"GOCC_GOLGI_LUMEN",0.591663450405249,1,-0.316197989731292,-0.925386185671885,3065,69,"HS3ST1;WNT7B;PDGFB;WNT4;MUC12;MUC5B;FCGBP;WNT5A;PCSK6;BGN;RHBDF2;OGN;GPC2;F7;SDC2;AGRN;GPC3"
"GOCC_GOLGI_MEDIAL_CISTERNA",0.292264752791069,1,-0.582397084070579,-1.15624686382035,1465,10,"HID1;ST3GAL1;GOSR1"
"GOCC_GOLGI_STACK",0.968490566037736,1,-0.239854598057106,-0.76533988020074,5132,135,"RASIP1;ST6GAL1;ARSL;B4GALNT4;ST6GAL2;ACP3;HID1;SULF2;GOLGA8H;GOLGA8B;B4GALNT3;XYLT1;ST3GAL1;SMPD3;ST3GAL2;GPR89B;GOSR1"
"GOCC_GOLGI_TRANS_CISTERNA",0.448213929355418,1,-0.531242224824333,-1.03142750314587,2245,9,"HID1;ST3GAL1;B4GALT1"
"GOCC_GOLGI_TRANSPORT_COMPLEX",0.734657039711191,1,0.399057528110857,0.797750834235733,3662,10,"COG5;COG4;TMEM115;COG8;COG1;COG6;CDC42;COG7;COG2;COG3"
"GOCC_GPI_ANCHOR_TRANSAMIDASE_COMPLEX",0.7294513765102,1,0.469586715178655,0.798202631344217,3682,5,"PIGT;PIGK;PIGU;PIGS;GPAA1"
"GOCC_GRANULAR_COMPONENT",0.539289988033506,1,0.52397302146943,0.964992637604597,2703,7,"CLEC3B;CDKN2AIP;CARF"
"GOCC_GROWTH_CONE_MEMBRANE",0.430139720558882,1,-0.556476364662476,-1.0509593316379,2154,8,"GAP43;FLRT3;NECTIN1"
"GOCC_GTPASE_ACTIVATOR_COMPLEX",0.839903942365419,1,0.348548567046669,0.72740675671872,4196,12,"LAMTOR4;GNB5;RRAGC;FNIP2;FNIP1;LAMTOR3;RRAGA"
"GOCC_GUANYL_NUCLEOTIDE_EXCHANGE_FACTOR_COMPLEX",0.97696038803557,1,0.24250473818165,0.606088255242599,4833,27,"KNDC1;ELMO1;CCZ1B;C9orf72;LAMTOR4"
"GOCC_H3_HISTONE_ACETYLTRANSFERASE_COMPLEX",0.942508012820513,1,0.298203872171682,0.566780805741118,4704,8,"MEAF6;KAT6B;BRD1;BRPF3;KAT7;ING5;KAT6A;BRPF1"
"GOCC_H4_H2A_HISTONE_ACETYLTRANSFERASE_COMPLEX",0.961530674225552,1,0.256416070985607,0.636125988225415,4748,26,"ACTL8;ING3;ACTB;BRD8;MEAF6;KAT5;MORF4L1;KAT8;EPC2"
"GOCC_H4_HISTONE_ACETYLTRANSFERASE_COMPLEX",0.99735933373959,1,0.194450978915825,0.52252838873974,4909,39,"ACTL8;ING3;ACTB;PHF20;BRD8;PHF20L1;MEAF6;KAT5;MORF4L1;KAT8;EPC2;KANSL2;KANSL3;KANSL1L;YEATS2;VPS72;MSL1"
"GOCC_HAPTOGLOBIN_HEMOGLOBIN_COMPLEX",0.288176352705411,1,0.854817647607499,1.1426722794993,1437,1,"HBA2"
"GOCC_HAUS_COMPLEX",0.705189620758483,1,-0.43279120648911,-0.817367971030427,3532,8,"HAUS3;HAUS5;HAUS1;HAUS6;HAUS7;HAUS8"
"GOCC_HEMIDESMOSOME",0.422475961538462,1,0.556137954750574,1.05702288773526,2108,8,"JUP;EPPK1;LAMA3;PLEC;DST"
"GOCC_HEMOGLOBIN_COMPLEX",0.324442675159236,1,0.798237022526934,1.1470657837505,1629,2,"HBA2;CYB5R3"
"GOCC_HETEROCHROMATIN",0.341308122708856,1,-0.351759069572239,-1.05715531485522,1768,85,"H1-5;ESCO2;SNAI1;CENPA;SALL1;DNMT3A;HELLS;HMGA2;ZNF618;H2AZ1;SUV39H1;EME1;EZH2;BEND3;RRP8;INCENP;CDKN2A;UHRF1;PHC1;RRP1B;PHC2;BAZ2A;ZBTB18;DNMT1;SALL4"
"GOCC_HFE_TRANSFERRIN_RECEPTOR_COMPLEX",0.962910986367281,1,-0.282856756794788,-0.517510021555354,4802,7,"TF"
"GOCC_HIPPOCAMPAL_MOSSY_FIBER",0.537136066547831,1,0.574491472888986,0.976519544788108,2711,5,"SLC30A3;MAPK8IP1;SLC4A8;MICAL1"
"GOCC_HIPPOCAMPAL_MOSSY_FIBER_TO_CA3_SYNAPSE",0.413270328804883,1,-0.385069506463281,-1.02217970571859,2098,39,"GRIK4;GRIK5;EFNB3;EPHB2;RAPGEF4;ADCY8;NECTIN1;SYT7"
"GOCC_HISTONE_ACETYLTRANSFERASE_COMPLEX",1,1,0.188626512241354,0.579634727468555,4783,92,"SUPT20HL1;ACTL8;KAT2B;ING3;JADE2"
"GOCC_HISTONE_DEACETYLASE_COMPLEX",0.999807061547366,1,-0.17049697071879,-0.512401226729614,5181,85,"EP400P1"
"GOCC_HISTONE_LOCUS_BODY",0.989703210175651,1,-0.251702584196287,-0.42694740979546,4901,5,"ICE2;ICE1;CRAMP1;ZC3H8;ELL"
"GOCC_HISTONE_METHYLTRANSFERASE_COMPLEX",0.998749739529069,1,0.193252538486734,0.574314881559953,4792,72,"UTY;INO80C;HDAC9;EZH1;TRIM37;PHF20;PHF1;MAX;EPOP;AEBP2;DPY30;KAT8;SIRT1;ASH2L;SETD1A;KDM6B;PHF19;EED;KANSL1;TAF4;NCOA6;WDR5B;ZNF335;SETD1B;PRDM4;SUZ12;RCOR1;CHD8;WDR5;BOD1L1;KDM6A;HCFC2;HEMK2;PAXIP1;RBBP5;PRPF31;CBX5;SENP3;WDR82;BACC1;RBBP7;MTF2;CXXC1;TRMT112;PRMT5;LAS1L;TAF6;BOD1;HCFC1;TAF9;RBBP4;RUVBL2;LCOR;TAF1;E2F6;KMT2A;RUVBL1;TAF7;KMT2C;KMT2D;RNF2;MEN1;PELP1;KMT2B;MCRS1;HDAC2;TEX10;MGA;JARID2;KDM1A;PAGR1;EZH2"
"GOCC_HISTONE_PRE_MRNA_3_END_PROCESSING_COMPLEX",0.785326633165829,1,-0.427298595885618,-0.753578812680954,3906,6,"SNRPB;SYNCRIP;YBX1;SLBP;ERI1;LSM11"
"GOCC_HOPS_COMPLEX",0.60249697946033,1,0.423339689174827,0.899565943311881,2991,13,"AKTIP;STX17;VPS33B;VPS11;VPS39;VPS33A;HOOK1;VPS16"
"GOCC_HOST_CELLULAR_COMPONENT",0.851216593538093,1,0.372212706120298,0.685498119772807,4267,7,"IFIT1;KPNA6"
"GOCC_HULC_COMPLEX",0.826344936708861,1,0.430104016045525,0.699060735939231,4177,4,"UBE2B;RNF20;UBE2A;RNF40"
"GOCC_IGA_IMMUNOGLOBULIN_COMPLEX",0.215626892792247,1,-0.737041011787052,-1.25019674271643,1067,5,"IGLC3;IGKC;IGHA1;JCHAIN"
"GOCC_IGA_IMMUNOGLOBULIN_COMPLEX_CIRCULATING",0.376610305958132,1,-0.729244402985075,-1.12159117873052,1870,3,"IGHA1;JCHAIN;PIGR"
"GOCC_IGG_IMMUNOGLOBULIN_COMPLEX",0.366633165829146,1,-0.633059264745048,-1.11645592491241,1823,6,"IGHG1;IGLC3;IGKC;IGHA1"
"GOCC_IKAPPAB_KINASE_COMPLEX",0.997989949748744,1,-0.215561878994262,-0.380162411943088,4964,6,"PYCARD;ERC1;CHUK;IFIT5;IKBKG;IKBKB"
"GOCC_IMMUNOGLOBULIN_COMPLEX_CIRCULATING",0.714718352513628,1,-0.480030250889146,-0.814245403538487,3539,5,"IGHG1;IGHA1;JCHAIN"
"GOCC_INHIBITORY_SYNAPSE",0.362232779097387,1,-0.488232386767032,-1.07875500298861,1829,16,"GABRA2;IQSEC3;NLGN4X"
"GOCC_INNER_ACROSOMAL_MEMBRANE",0.641824025713138,1,-0.62874170992805,-0.912737673061176,3194,2,"TMEM190"
"GOCC_INNER_DYNEIN_ARM",0.927412974683544,1,0.348699857990988,0.566752158211153,4688,4,"DNAH7;DNAH1"
"GOCC_INNER_KINETOCHORE",0.558490566037736,1,-0.413158169232092,-0.924581825617333,2811,17,"CENPM;CENPW;CENPK;CENPN;CENPP;CENPI;CENPH"
"GOCC_INNER_MITOCHONDRIAL_MEMBRANE_PROTEIN_COMPLEX",0.277896371045993,1,-0.389088150775572,-1.1033229617449,1431,57,"IMMP1L;ROMO1;GRPEL2;HSPA9;TIMM9;MICOS10;TIMM50;TIMM44;NDUFAF1;APOO;DNAJC15;PDSS2;SMDT1;MICOS13;TIMM17B;AFG3L2;IMMP2L;MTX1;CHCHD6;PHB2;TIMM23;TIMM29;GRPEL1;TIMM10B;AGK;SLC25A6"
"GOCC_INO80_COMPLEX",0.96989898989899,1,0.260232417043917,0.581761850973774,4800,16,"INO80C;YY1AP1;INO80E;UCHL5;ACTL6A;YY1;INO80B;ACTR8;INO80D;NFRKB;INO80;TFPT;RUVBL2;RUVBL1;MCRS1;ACTR5"
"GOCC_INO80_TYPE_COMPLEX",0.457899901864573,1,-0.394221192166599,-0.989308144027566,2332,29,"EP400P1"
"GOCC_INSULIN_LIKE_GROWTH_FACTOR_BINDING_PROTEIN_COMPLEX",0.493640218049667,1,-0.599345701298008,-1.01663276743188,2444,5,"IGFALS;IGFBP5;IGFBP3"
"GOCC_INSULIN_RESPONSIVE_COMPARTMENT",0.351297405189621,1,-0.593596418052457,-1.12106413568427,1759,8,"EPHA5"
"GOCC_INTAC_COMPLEX",0.9253227408143,1,-0.291965828202042,-0.653372772366212,4658,17,"INTS7;INTS10;INTS9;INTS12;INTS4;INTS6;INTS15;PPP2CA;INTS3;INTS13;INTS11;INTS5"
"GOCC_INTEGRATOR_COMPLEX",0.957657301147606,1,-0.267282826868319,-0.621625382575948,4839,20,"INTS7;INTS10;INTS9;SEM1;INTS12;INTS4;INTS6;INTS15;PPP2CA;INTS3;INTS13;INTS11;INTS5;NIPBL;INTS1;INTS14;PPP2R1A;INTS2;INTS8;INTS6L"
"GOCC_INTERCELLULAR_BRIDGE",0.964256368118324,1,0.24852162826519,0.660129357364192,4693,37,"RBM44;TEX14;TUBB4A;APC2;CD34;SEPTIN9;KLHL22;KLHDC8B"
"GOCC_INTERCELLULAR_CANALICULUS",0.851403189985867,1,-0.398209081037912,-0.675457251458267,4216,5,"ABCC2"
"GOCC_INTERLEUKIN_5_RECEPTOR_COMPLEX",0.255496137849079,1,0.718353475396381,1.22105591100146,1289,5,"CSF2RB;SDCBP"
"GOCC_INTERPHASE_MICROTUBULE_ORGANIZING_CENTER",0.526549565919645,1,-0.584599801782125,-0.991620216911145,2607,5,"NLRP3;BIRC5;DYNLT2B"
"GOCC_INTERPHOTORECEPTOR_MATRIX",0.351851851851852,1,-0.743050373134328,-1.14282501236687,1747,3,"IMPG1;VCAN;IMPG2"
"GOCC_INTERSTITIAL_MATRIX",0.379174852652259,1,-0.42013262967208,-1.04652093185544,1929,28,"COL9A3;COL5A3;VWA1;COL27A1;EGFLAM;COL2A1;COL5A1;COL3A1;COL1A1"
"GOCC_INTRACELLULAR_PROTEIN_CONTAINING_COMPLEX",1,1,0.0782987284024806,0.299454487333073,4304,968,"TAF7L;DCAF12L2;SUPT20HL1;DAW1;KLHL30;ACTL8;ASB12;FBXO32;SNAP25;RPPH1;PRAME;PRKY;KLHL38;PRKAA2;FBXO43;FBXO15;FBXO48;FBXL2;CBX7;ZSWIM5;FBXW10;PRR5L;AXIN2;ARNT2;PRIM2;LMO7;POLR2M;KNDC1;FBXO27;FBXL16;PCGF5;ABAT;KAT2B;CBX2;ING3;ELMO1;PRKN;KLHL41;JADE2;KLHL23;RNF11;APC2;CAMK2G;CARD14;DDB2;CAMK2B;AMN1;MYZAP;BORCS7;ZER1;CCZ1B;REV3L;RNF144B;RPP14;C9orf72;KLHL21;FBXO33;FBXO9;KLHL22;CBX8;FBXO38;TOB1;HPS5;RNF144A;PRKAG2;DDA1;CHRAC1;CBX6;SMURF2;PIH1D2;CAMK2D;KCTD2;BLOC1S3;TSNAX;KLHL26;TMEM183BP;DCAF11;HPS1;FBXO2;ANAPC4;FAM98C;PRORP;KCTD10;AGO4;BAG2;KLHL24;LIG4;WWP2;MBIP;SKP1;RAD23B;DNAJB2;EIF4E3;GTF2H2C;FBXO24;FAM8A1;UBR3;MED21;OS9;HSPB1;YPEL5;AHRR;BARD1;MALT1;UBAC1;ACTB;ABTB1;FBXL3;MED31;ASB2;ING4;PHF20;LAMTOR4;WDTC1;BORCS6;KLHL35;BRD8;MAX;FBXO17;CCDC68;GTF2F1;FBXO21;TRAPPC9;DCTN1;RMND5B;PHF20L1;MEAF6;PEX12;PCGF3;POLR2J3;TRAPPC11;FEM1C;IKBKG;PAF1;AIP;LZTR1;NFKBIA;PIGV;KBTBD7;FBXL15;ZNFX1;FBXW5;MAVS;FBXO44;CEP128;TRAPPC6A;SPSB3;BMAL2;ANKIB1;SNAPIN;NFKB2;PSMD9;POLR3C;FBXO31;ANKRD9;AIMP1;CDKN1B;POLR1F;KAT5;TADA2A;RYBP;FBXO36;POP4;KLHDC2;DTNBP1;DCAF4;KLHL11;EIF4A2;DTL;NAA30;MGRN1;RPAP1;PRICKLE1;ZYG11A;CTR9;TRAPPC1;POLR3GL;AMFR;DCAF6;PRKAR1B;FBXW11;TRAF6;MORF4L1;MED11;PPP3CC;PRKAR1A;RANBP10;MAEA;DCUN1D2;RPTOR;TAF8"
"GOCC_INTRACILIARY_TRANSPORT_PARTICLE",0.998819130092501,1,-0.166775609300588,-0.406762796451427,5074,25,"TRIM59;IFT20;IFT172;IFT25;IFT27;IFT43;IFT122;IFT57;IFT88;TTC21A;TTC21B;WDR35;IFT46;CLUAP1;IFT52;IFT70A;IFT70B;IFT22;IFT80;IFT56;IFT81;TRAF3IP1;WDR19;IFT140;IFT74"
"GOCC_INTRACILIARY_TRANSPORT_PARTICLE_B",0.999403341288783,1,-0.166721120186698,-0.376890095117278,5024,18,"TRIM59;IFT20;IFT172;IFT25;IFT27;IFT57;IFT88;IFT46;CLUAP1;IFT52;IFT70A;IFT70B;IFT22;IFT80;IFT56;IFT81;TRAF3IP1;IFT74"
"GOCC_IRON_SULFUR_CLUSTER_ASSEMBLY_COMPLEX",0.81715976331361,1,-0.317891954816239,-0.768977134338801,4142,24,"FXN"
"GOCC_ISWI_TYPE_COMPLEX",0.67010513786947,1,-0.39159555898069,-0.852788798046662,3377,15,"CECR2"
"GOCC_JUNCTIONAL_SARCOPLASMIC_RETICULUM_MEMBRANE",0.380914194065758,1,-0.60071862458279,-1.09906481244881,1899,7,"JPH1"
"GOCC_JUXTAPARANODE_REGION_OF_AXON",0.424043062200957,1,-0.524679998652994,-1.04165975336214,2126,10,"LGI3;KCNA2"
"GOCC_KATANIN_COMPLEX",0.911568746214416,1,-0.347653699039089,-0.589703307117414,4514,5,"KATNB1;KATNAL2;KATNAL1;KATNBL1;KATNA1"
"GOCC_KINESIN_COMPLEX",0.525358110723964,1,-0.3514457735384,-0.950839483640757,2713,43,"KLC3;KIF21B;KIF5A;KIF2C;KIF18B;KIF20A;KIF14;KIF15;KIF18A;KIF23;NDE1;KIF11;KIF22;KIF21A;KIF20B;KIFC1"
"GOCC_KINETOCHORE_MICROTUBULE",0.962440381558029,1,-0.262042569081404,-0.601410333984169,4842,19,"KIF18A;CENPE;KNTC1;ZWILCH;CHMP4A;CHMP7;ZW10;CLASP2;CLASP1;CHMP2A;CHMP3;CHMP2B;CHMP1A;CHMP1B;CHMP6;CHMP5;RAB11A;CHMP4B;BBLN"
"GOCC_KINOCILIUM",0.741117764471058,1,-0.418512773188348,-0.790401771436834,3712,8,"DCDC2"
"GOCC_L_TYPE_VOLTAGE_GATED_CALCIUM_CHANNEL_COMPLEX",0.562549642573471,1,-0.440746518130965,-0.926384925523895,2832,13,"CACNG7;CACNG8;CACNA2D2;CACNA2D4"
"GOCC_LAMELLIPODIUM",1,1,0.203335308292404,0.686822597459856,4707,194,"CARMIL3;ACTC1;FGD5;MYLK;FGD4;CARMIL2;RAPGEF3;AMOT;CORO6;CSPG4;NEDD9;PODXL;CAPG;PLEKHG5;RAB40B;PALLD;PDPN;APC2;CD177;FLOT2;ACTA2;MTSS2;SORBS2;GSN;PKD2;RAPH1;FGD6;DAG1;TIAM2;APBB1;DPP4;CD44;RAC2;CDH1"
"GOCC_LAMELLIPODIUM_MEMBRANE",0.875198098256735,1,-0.301911679777332,-0.723757664870449,4417,23,"KCNA2;PLEK2"
"GOCC_LAMIN_FILAMENT",0.605268369974252,1,0.540835306738007,0.919310855712549,3055,5,"LMNTD2;NARF;LMNA"
"GOCC_LAMININ_COMPLEX",0.679222600681226,1,0.432190448616052,0.843363694948109,3389,9,"LAMA5;LAMA3;NTN4"
"GOCC_LATE_ENDOSOME_LUMEN",0.627003205128205,1,0.465600387143945,0.884942776420062,3129,8,"PGA3;IL12A;CTSH;PGA5"
"GOCC_LATERAL_ELEMENT",0.594486616060727,1,0.444880970378418,0.909132300202159,2975,11,"SYCP3;DMC1;RPA1"
"GOCC_LATERAL_PART_OF_CELL",0.776972624798712,1,-0.49198367880477,-0.756679862016185,3859,3,"KCNE3"
"GOCC_LEADING_EDGE_MEMBRANE",0.364910951117848,1,-0.317111243156137,-1.03184318071833,1925,161,"OPRD1;GABRA2;GABRA5;SHISA9;AIF1L;SH2D3C;KCNA2;PLEK;ADORA2A;CACNG8;PLEK2"
"GOCC_LIPID_DROPLET",0.988255033557047,1,0.230393415397146,0.704673727825063,4711,89,"AQP7;RSAD2;TMT1B;SYNGR2;EHD1;PNPLA2;TMT1A;CIDEB;HSD3B7;LPCAT2;CYB5R3;SMPD1;LDAF1;C18orf32;CAV1;PNPLA3;PLIN2;LIPE;ATG2B;LSS;ABHD5;PITPNM1;PLIN4;CLSTN3;PNPLA7"
"GOCC_LIPOPOLYSACCHARIDE_RECEPTOR_COMPLEX",0.730639730639731,1,0.469145538619372,0.797452720243404,3688,5,"CD14;TLR4"
"GOCC_LSM1_7_PAT1_COMPLEX",0.396007984031936,1,-0.573547935619314,-1.08320064131812,1983,8,"LSM2;LSM5;PATL1;LSM7;LSM3;LSM4;LSM6;LSM1"
"GOCC_LSM2_8_COMPLEX",0.394947874899759,1,-0.594840455308826,-1.08831021163197,1969,7,"LSM2;LSM8;LSM5;LSM7;LSM3;LSM4;LSM6"
"GOCC_LYSOSOMAL_LUMEN",0.574822842851188,1,0.308130919575513,0.940270729087193,2757,87,"PRELP;NSG1;FUCA1;ACAN;CTSV;CTSF;ARSB;CSPG4;RNASET2;GPC6;CTSK;CSPG5;GPC1;SGSH;MAN2B2;HYAL1;SDC3;ATP13A2;NAAA;IDS;DCN;CTSS;SMPD1;OMD;LUM;SDC1;SDC4;ASAH1;MAN2B1;GUSB"
"GOCC_M_BAND",0.562436753693584,1,0.389214143863022,0.931443153454461,2778,22,"LMOD3;MYBPH;ANK1;CRYAB;MYOM3;CMYA5;KLHL41"
"GOCC_MAD_MAX_COMPLEX",0.55500298388701,1,0.540847883543578,0.958471555114125,2789,6,"MXD4;MXI1;MAX;MXD1"
"GOCC_MAIN_AXON",0.415254237288136,1,0.351678594234158,1.01419170940889,2008,59,"MYOC;KCNA4;ROBO2;KCNAB1;ANK1;LRRC7;CNGA3;KCNQ3;ERMN;KCNA1;TUBB4A;ADORA1;SCN9A;NFASC;MAP2"
"GOCC_MALE_PRONUCLEUS",0.317989949748744,1,-0.656742830676349,-1.15822398515508,1581,6,"TET3;CCNA2;RIF1"
"GOCC_MANCHETTE",0.275227542540562,1,-0.49214978364602,-1.1446032696083,1390,20,"CFAP221;SPAG17;RIMBP3C;STK33;LRGUK;CCDC181;RIMBP3"
"GOCC_MANNOSYLTRANSFERASE_COMPLEX",0.85748502994012,1,-0.362670352559047,-0.684937969578494,4295,8,"PIGX;POMT2;DPM1;DPM3"
"GOCC_MATRIX_SIDE_OF_MITOCHONDRIAL_INNER_MEMBRANE",0.246391339214114,1,-0.666093470317228,-1.21867354376772,1228,7,"AMBP;BDH1;NDUFAF5"
"GOCC_MCM_COMPLEX",0.397518014411529,1,-0.525829339112399,-1.06307397378478,1985,11,"MCM9;MCM6;MCM8;MMS22L;MCMBP;MCM4"
"GOCC_MCRD_MEDIATED_MRNA_STABILITY_COMPLEX",0.622854835453261,1,-0.532838884224275,-0.903821397719336,3084,5,"HNRNPD;SYNCRIP;PABPC1;PAIP1;CSDE1"
"GOCC_MEDIATOR_COMPLEX",0.986664051774858,1,-0.230179864517636,-0.608302221922822,5030,38,"HAVCR2;MED8;PPARGC1B;MED14;MED19;UXT;MED27;THRAP3;BCLAF3;MED7;MED13L;MED20;MED17;MED13;MED6;MED1;MED10;MED23;MED28;CDK8;BCLAF1;NFE2L2;MED24;CCNC;MED16;MED12;MED4;MED18;MED22;MED30;MED9;MED11;MED25;MED12L;MED29;MED31;MED21;MED26"
"GOCC_MEIOTIC_COHESIN_COMPLEX",0.241809045226131,1,-0.694582374570881,-1.22495736278608,1202,6,"RAD21L1;STAG3;REC8"
"GOCC_MEIOTIC_SPINDLE",0.719480519480519,1,-0.393627635636984,-0.81150109454465,3600,12,"AURKA;SEPTIN1;INCENP;ASPM;SKA3"
"GOCC_MEMBRANE_COAT",1,1,0.183384671107437,0.563526953852915,4783,92,"AP3B2;STON2;DIPK2A;BAIAP2L2;CLTB;AP1S3;CIDEB;AP3S2;AP1G2;ARL6;NECAP1;SEC31B;EPN2;AP2A1;AP1M1;AP3M1;NCALD;CHMP4B;VPS39;BTBD8;SAR1A;SEC24C;MYCBPAP;TMED3;PICALM;AP5S1;EPN1;AP3M2;PDCD6;CHMP1B;KCNQ5;SYNRG;AFTPH;KLHL12"
"GOCC_MEMBRANE_MICRODOMAIN",0.919627383015598,1,0.246703516605594,0.855020142576889,4244,248,"SCN5A;ADRA1A;INPP5D;CD36;CD14;PLCG2;TNF;CAV3;CD24;ASAH2;TNFRSF10A;KDR;NTSR1;KCNE1;NOS3;GASK1A;ATP1A2;LRRK2;HCK;KCND2;PTGIS;CDH15;FXYD1;PLPP3;CXADR;CD55;AKAP5;GJA1;CD19;ABCB4;ANXA13;ITGB2;PODXL;SORBS1;TNFRSF11A;LYN;EFNA5;RTN4RL2;CAVIN2;GPRC5B;BST2;ATP2B4;PDPN;GPC1;S100A10;RFTN1;ATP1B1;RGMB;PLPP1;CD177;FLOT2;SLC1A1;LY6K;F2R;TFPI;SLC2A1;VCL;MYADM;ENO2;DAG1;KCNMA1;LYPD6;TLR1;DPP4;CD44;STOML1;IKBKB;TGFBR2;CAV1;CDH1;SMURF2;GAB2;PRNP;FURIN;OLR1;CAPN2;LIPE"
"GOCC_MEMBRANE_PROTEIN_COMPLEX",0.316400832177531,1,-0.270314948019551,-1.02411561086735,1824,1117,"DRD2;GABRA2;HLA-DQA1;HLA-DQB1;HLA-DRB5;HLA-DOA;GRIK4;HLA-DRB1;CD74;HLA-DRA;TTYH1;IL1B;HLA-DMB;FXYD3;IL1R2;CLDN4;CDH19;IL12RB1;CHRNA9;CACNG7;GABRA5;ZAP70;KCNG2;GRID1;KCNJ10;HLA-DPA1;SLC5A2;GJA9;ERBB3;SLC30A8;UNC79;AP1M2;HLA-DPB1;MAGEL2;SHISA9;CD79B;CDH5;CLMN;SCN7A;IL18R1;MEP1B;ATP1B2;KCNK1;HAS1;CD79A;MTCO2P12;KCNA2;PGM5;KCNAB3;CACNA1E;C7;SYN2;ATP2A1;CATSPERG;CDH4;IL1A;GRIK5;CHRNB2;CALCRL;PTPN6;KCNH2;KCNIP2;FXYD6;KCNG1;ATP6V1B1;CACNA1H;GRIA2;PIK3R5;GPR156;OLFM2;CDH2;HLA-DQA2;KCNS3;CACNG8;GJA5;CMKLR1;UBAP1L;ADAM8;SYK;ATP6V1G3;HLA-DOB;CLTCL1;IMMP1L;NALF1;ATP6V1G2;PLN;TF;FZD8;CEACAM1;PDE4D;SCN4B;GJD3;TRBV12-4;GNG7;GNG4;TMEM37;CLIC6"
"GOCC_METHYLOSOME",0.833993660855785,1,-0.342294968986795,-0.733443615526162,4209,14,"SNRPE;SNRPD1;SNRPG;SNRPD2;SNRPF;PRMT1;SNRPB;ERH;RIOK1;PRMT5"
"GOCC_METHYLTRANSFERASE_COMPLEX",0.999621427219383,1,-0.193301234594453,-0.601432693628806,5280,111,"SNRPE;SNRPD1;HSD17B10;EZH2;METTL1;PAGR1;WDR4;KDM1A;JARID2;SNRPG;MGA;TRMT61B;TEX10;VIRMA;THUMPD2;HDAC2;MCRS1;KMT2B;SNRPD2;SARS1;PELP1;TRMT10C;MEN1;SNRPF;THUMPD3;RNF2;KMT2D;KMT2C;TAF7;RUVBL1;PRMT1;KMT2A;E2F6;TAF1;LCOR;RUVBL2;RBBP4;TAF9;HCFC1;SNRPB;BOD1;TAF6;ERH;LAS1L;TRMT11;RIOK1;ZC3H13;BUD23;PRMT5;METTL6;TRMT112;CXXC1;MTF2;RBBP7;RBM15B;BACC1;METTL5;WDR82;SENP3;CBX5;TRMT6;PRPF31;RBBP5;PAXIP1"
"GOCC_MHC_CLASS_I_PEPTIDE_LOADING_COMPLEX",0.95292467948718,1,0.288640074644273,0.5486033862829,4756,8,"B2M;TAPBP;CALR;HLA-A;TAPBPL;PDIA3;TAP1;TAP2"
"GOCC_MHC_CLASS_I_PROTEIN_COMPLEX",0.259467040673212,1,0.614324099161572,1.19877392900193,1294,9,"HLA-F;HLA-B;HLA-E;B2M;MR1;HLA-C"
"GOCC_MHC_CLASS_IB_PROTEIN_COMPLEX",0.23095285458524,1,0.699433125712565,1.23951073138671,1160,6,"HLA-F;HLA-B;HLA-E;B2M;HLA-C"
"GOCC_MIB_COMPLEX",0.457108816521048,1,-0.47831704459494,-1.00535269481636,2301,13,"HSPA9;MICOS10;APOO;MICOS13;MTX1;CHCHD6"
"GOCC_MICOS_COMPLEX",0.603272799840351,1,-0.462817829135315,-0.898578869694102,3022,9,"MICOS10;APOO;MICOS13;CHCHD6;IMMT"
"GOCC_MICROBODY_LUMEN",0.907866484481749,1,-0.271417060918038,-0.740280143707712,4650,46,"POMC;ACOXL"
"GOCC_MICROBODY_MEMBRANE",0.20242498972462,1,0.392197730104123,1.15097035230241,984,66,"ABCD2;SLC27A2;TMEM35A;ACSL6;PEX5L;ALDH3A2;CAT;DHRS7B;DECR2;TRIM37;PEX19;USP30;PEX11B;PEX3;PLAAT3;PEX12;ABCD4;MAVS;FNDC5;PEX1;PEX11G;PEX26;NBR1;HSD17B4;PEX14;PNPLA8"
"GOCC_MICROFIBRIL",0.498298979387633,1,0.467152376013754,0.974928107175692,2489,12,"MFAP5;ADAMTSL5;THSD4;EFEMP2;MFAP4"
"GOCC_MICROTUBULE",1,1,-0.182723646006188,-0.653317993147677,5466,433,"DNAH9;CRHBP;DNAH6;DCDC2;KLC3;DNAH11;CIMIP2B;FHDC1;TEKT3;MEFV;SPAG17;KIF21B;TEKT2;CFAP52;HID1;DNAH14;NUSAP1;FSD1;CENPV;CFAP90;KIF5A;AURKB;IQGAP2;CCDC181;KIF2C;TTLL4;RIBC1;TUBB2B;KIF18B;KIF20A;SKA1;KIF14;TPX2;CDK1;SPAG5;SPEF1;HAUS3;GTSE1;AURKA;KIF15;PLK1;SHROOM2;BIRC5;KIF18A;CASP1;PRC1;KIF4A;DCDC2B;PIERCE1;MTUS2;SAXO4;MAP10;RACGAP1;DYNLT1;LRRC49;MID2;KIF23;PYCARD;KIF26B;DNAH5;CENPE;MAP9;KNTC1;NDE1;INCENP;DCX;SYBU;NEK2;TTLL5;KIF11;ASPM;RIBC2;SHROOM3;FIGN;KIF22;KIF21A;EML4;EFHC2"
"GOCC_MICROTUBULE_ASSOCIATED_COMPLEX",0.79039879039879,1,-0.270852526499951,-0.86951563759604,4181,144,"DNAH9;DNAH6;KLC3;DNAH11;MEFV;KIF21B;SPTBN5;CCDC65;DNAH14;DYNLT4;KIF5A;AURKB;KIF2C;KIF18B;KIF20A;KIF14;HAUS3;AURKA;KIF15;BIRC5;KIF18A;KIF4A;DYNLT1;KIF23;DNAH5;NDE1;INCENP;DCX;KIF11;DNHD1"
"GOCC_MICROTUBULE_BUNDLE",0.486572508454347,1,0.572774586439042,1.01505093261559,2445,6,"TPPP3;TPPP;MTCL1;NUMA1;ATAT1"
"GOCC_MICROTUBULE_CYTOSKELETON",1,1,-0.17049814892107,-0.648090273230081,5788,1194,"KLHL4;DNAH9;CRHBP;ADCY10;CCDC62;DNAH6;AGBL1;DCDC2;GPRC5C;KLC3;DNAH11;PKNOX2;CCDC141;CIMIP2B;FHDC1;CFAP221;TEKT3;MEFV;SPAG17;RIMBP3C;CFAP157;KIF21B;SPTBN5;RAP1GAP2;TEKT2;CCDC116;CCDC65;SNX10;PIK3R5;CCDC8;CIBAR2;CFAP52;HID1;C10orf90;DNAH14;DYNLT4;CROCC2;STK33;CLTCL1;NUSAP1;TTC23L;FSD1;CENPV;PDE4D;CFAP90;CCDC88C;NLRP3;LRGUK;KIF5A;PRKCZ;TSSK2;AURKB;IQGAP2;BRSK1;CCDC181;DLGAP5;KIF2C;SMO;RIMBP3;TTLL4;USP50;STOX1;SPECC1;SEPTIN4;ODAD3;TTK;DNAAF1;CFAP58;RIBC1;TUBB2B;KIF18B;KIF20A;CDC20;FAM83D;CCNB1;TOP2A;SKA1;KIF14;SPDL1;DZIP1L;TPX2;CEP83;PLK4;SGO1;MAD2L1;CCNB2;CDK1;PCLAF;SPAG5;CCDC88B;SPEF1;KIAA0586;HAUS3;GLI2;SLC16A1;CENPF;DDX11;GTSE1;AURKA;CCNJL;KIF15;NDC80;SHCBP1;PLK1;CEP41;FIRRM;CKAP2L;SHROOM2;BIRC5;KIF18A;CCDC28B;MARCKS;CDC45;CASP1;CCDC187;CRACR2A;RTTN;PRC1;CCDC170;KIF4A;ZNF616;CCNA2;NUDCD2;BUB1B;DCDC2B;DAAM1;PIERCE1;MTUS2;SAXO4;DCUN1D5;MAP10;TACC3;CCDC78;AUNIP;RACGAP1;CCND2;CCDC18;CEP152;DYNLT1;SEPTIN1;LRRC49;ACOT13;GAN;AGBL2;MID2;CEP55;KIF23;RAB3IP;PYCARD;KIF26B;CCDC15;DNAH5;POC1A;CENPE;MAP9;TEDC2;KBTBD8;FBXL13;KNTC1;NDE1;SLC1A4;INCENP;DCX;SYBU;NEK2;POC5;TTLL5;KIF11;ASPM;DNHD1;CEP95;RRP7A;HASPIN;RIBC2;SHROOM3;PRKCA;FIGN;RAN;FAM234B;KIF22;KIF21A;CCNF;WDR62;EML4;TEDC1;NUP93;EFHC2;CEP192;CCAR2;AKNA;MAD2L2;RAE1;REEP4;ALPK1;AURKC;TBC1D31;SKA3;IFT20;FES;ATF5;CDC14A;TTLL9;FAM184A;CDCA8;KIF20B;DYRK3;CCDC57;CCDC102B;CEP72;SPOUT1"
"GOCC_MICROTUBULE_END",0.997557997557998,1,0.196612545994752,0.505073097321545,4901,31,"SVIL;NCKAP5;NAV3;MAPRE2;CLIP1;DCTN1;CLIP4;DST;PDE4DIP"
"GOCC_MICROTUBULE_MINUS_END",0.53431470061667,1,0.549739527653987,0.97422901338906,2685,6,"SVIL;NUMA1"
"GOCC_MICROTUBULE_ORGANIZING_CENTER",1,1,-0.167641992869073,-0.621581696013789,5618,742,"DNAH9;CCDC62;DCDC2;GPRC5C;CCDC141;CFAP221;CFAP157;RAP1GAP2;TEKT2;CCDC116;CCDC65;SNX10;PIK3R5;CCDC8;CIBAR2;C10orf90;DNAH14;DYNLT4;CROCC2;TTC23L;FSD1;CENPV;PDE4D;CFAP90;CCDC88C;NLRP3;PRKCZ;TSSK2;AURKB;BRSK1;DLGAP5;KIF2C;SMO;TTLL4;USP50;STOX1;SPECC1;ODAD3;CFAP58;CDC20;CCNB1;TOP2A;SKA1;SPDL1;DZIP1L;CEP83;PLK4;SGO1;CCNB2;CDK1;PCLAF;SPAG5;CCDC88B;KIAA0586;HAUS3;GLI2;SLC16A1;CENPF;DDX11;AURKA;CCNJL;KIF15;NDC80;PLK1;CEP41;CKAP2L;BIRC5;KIF18A;CCDC28B;MARCKS;CDC45;CCDC187;CRACR2A;RTTN;CCDC170;CCNA2;NUDCD2;BUB1B;DCDC2B;DAAM1;MTUS2;SAXO4;MAP10;TACC3;CCDC78;AUNIP;CCND2;CCDC18;CEP152;SEPTIN1;LRRC49;AGBL2;CEP55;KIF23;RAB3IP;CCDC15;POC1A;TEDC2;FBXL13;NDE1;SLC1A4;NEK2;POC5;TTLL5;ASPM;CEP95;RRP7A;HASPIN;PRKCA;FIGN;RAN;FAM234B;CCNF;WDR62;EML4;TEDC1;NUP93;EFHC2;CEP192;AKNA;ALPK1;AURKC;TBC1D31;SKA3;IFT20;ATF5;CDC14A;TTLL9;FAM184A;KIF20B;DYRK3;CCDC57;CCDC102B;CEP72;SPOUT1;CDKL5;XRCC2;BBS5;KIFC1;DYSF;CEP135;CCHCR1;CEP131;LRRCC1;DYNLT2B;RPGR;LRP1;ZNF365;OFD1;NEDD1"
"GOCC_MICROTUBULE_ORGANIZING_CENTER_ATTACHMENT_SITE",0.61377245508982,1,-0.471261150887878,-0.890022174552618,3074,8,"CLMN"
"GOCC_MICROTUBULE_PLUS_END",0.994477317554241,1,-0.207993734345861,-0.503134550511549,5041,24,"KIF2C;KIF18B;SPAG5"
"GOCC_MICROVESICLE",0.862542271732644,1,0.373132969369198,0.661253095921249,4335,6,"SLC30A3;SNAPIN;BLOC1S6;BLOC1S5"
"GOCC_MICROVILLUS",0.193305439330544,1,0.387231144436812,1.15741669880273,923,75,"CALML4;CA9;MYO7A;MUC20;S100P;MYO1F;LRRK2;PTPRH;RAPGEF3;NHERF1;PODXL;ESPN;MTTP;FMN2;PDPN;AMN1;MYO7B;CD302;WWOX"
"GOCC_MICROVILLUS_MEMBRANE",0.421416938110749,1,0.406993302189545,1.02246713897712,2069,28,"CA9;MUC20;S100P;PTPRH;NHERF1;PODXL;MTTP;PDPN;AMN1"
"GOCC_MIDBODY",1,1,-0.182979064354535,-0.603297109620123,5282,181,"RASGEF1B;TTC23L;AURKB;USP50;KIF20A;KIF14;PTCH1;CDK1;SPAG5;CENPF;DDX11;AURKA;SHCBP1;PLK1;FIRRM;BIRC5;PRC1;KIF4A;MAP10;RACGAP1;SEPTIN1;CEP55;KIF23;CENPE;URB2;INCENP;NEK2;ASPM;RAN;EML4;ANLN;HSPA5;AURKC;CDCA8;KIF20B"
"GOCC_MIGRASOME",0.956390066626287,1,-0.304752569195227,-0.516932793764829,4736,5,"TSPAN9;HSPD1"
"GOCC_MITOCHONDRIA_ASSOCIATED_ENDOPLASMIC_RETICULUM_MEMBRANE_CONTACT_SITE",0.982320666531193,1,0.24021850779718,0.588958021224071,4833,25,"RAB38;PSEN2;STX17;CLCC1;PDZD8;CANX;VPS13A;PSEN1;SERAC1;TMEM41B;BCAP31;TOMM20;EIF2AK3"
"GOCC_MITOCHONDRIAL_2FE_2S_ASSEMBLY_COMPLEX",0.312941651524329,1,-0.688393734001512,-1.16767939665717,1549,5,"FXN"
"GOCC_MITOCHONDRIAL_COMPLEX_I_INTERMEDIATE_ASSEMBLY_COMPLEX",0.884623115577889,1,-0.362364136772869,-0.639061159050835,4400,6,"NDUFAF1;TMEM186;TMEM126B;ECSIT;COA1;ACAD9"
"GOCC_MITOCHONDRIAL_CRISTA",0.777822098125249,1,0.408520329425866,0.752365282285369,3899,7,"LYN;SLC8B1;TMEM70;PTPN1"
"GOCC_MITOCHONDRIAL_CRISTA_JUNCTION",0.598403193612774,1,-0.477358956008539,-0.901538468147503,2997,8,"MICOS10;APOO;MICOS13;CHCHD6;IMMT"
"GOCC_MITOCHONDRIAL_ENVELOPE",1,1,-0.190238433727016,-0.707454216461535,5636,782,"SOX10;GATM;CYP24A1;TMEM14EP;PLA2G2A;MTCO2P12;ALPL;PLA2G4B;FLVCR2;CKMT1B;CDC25C;HKDC1;IMMP1L;PLN;ADAP2;AMBP;PLA2G4C;FLVCR1;DMAC1;SEPTIN4;PPP2R2B;MTARC1;COX7A1;MRPL23;IKBKE;DUSP18;NDUFAF4;UQCRQ;DHODH;ADCK1;TWNK;BDH1;MT-ND3;MRPL52;HMOX1;PMAIP1;MTG1;UQCC2;SLC25A35;PLEKHN1;FGR;GPAM;NAT8L;OMA1;CYP11A1;ROMO1;TRIM14;NDUFAF5;GRPEL2;TIMM13;L2HGDH;ATP5ME;BID;NDUFA9;TYMS;TIMM8B;TIGAR;COX7B;MTFP1;TRAF3IP3;CPS1;CPT1B;RPS27A;PPIF;SLC25A15;OGT;MFN1;NDUFA3;EPHA4;SLC25A32;NDUFAF2;MRPL15;PEMT;CKMT2;MLXIP;TMEM135;PRKCA;MIX23;TMEM126A;MSTO1;NME4;FDXR;HCCS;SFXN4;NRP1;BPHL;ACSL3;CHCHD5;NDUFB3;BAK1;ATP5MJ;CISD1;NDUFA1;MT-CO3;ATP5MK;GHITM;HSPD1;NDUFB11;MRPS11;HSPA9;CYP27A1;TIMM9;SMIM30;MICOS10;NDUFA7;NDUFB4;SPNS1;MRPL27;SPIRE1;ATAD3A;MT-ATP8;MTNAP1;SFXN2;ATP5F1E;TIMM50;TIMM44;NDUFS6;NDUFA2;TOMM5;RPS3;NDUFAF1;VPS13C;COA7;MRPS21;GUF1;NDUFB1;BOK;GABBR1;STOML2;UQCRH;PET100;ATP5MC3;MT-ATP6;COX16;MRPS16;MRPL53;CYCS;MRPS17;APOO;COX6C;FECH;DNAJC15;COASY;UBIAD1;COX5A;MRPL42;NDUFA6;PDSS2;MRPL1;COX5B;NLN;ARMCX2;TMEM177;PNPT1;COX18;DARS2;SMDT1;MRPL47;COA5;SCO2;LDHB;APP;MICOS13;CYP2E1;TIMM17B;ATP5PO;NDUFA12;NDUFS7;PPP1R15A;PGAM5;COA6;AFG3L2;ATP5F1D;MRPL22;ATP5MC1;THG1L;IMMP2L;ARMC1;DCAKD;OPA1;LETM1;PRELID1;MYO19;TMEM223;PARL;SHMT2;RAB5IF;NDUFB2;QTRT2;MRPL13;IFI27L1;NDUFS8;MARCHF5;COX7C;PANK2;MRPS12;AGPAT4;TRIAP1;MRPS33;GPD2;MTX1;COQ2;MRPS35;SELENON;UQCRHL;CHCHD4;CHCHD6;CYB5A;MRPL51;SLC25A16;MRPS14;ATP5F1C;DAP3;MRPL14;MRPS15;COX8A;FKBP10;NDUFS5;ABCB6;SIRT5;MRPL32;CASP8;UFL1;UBA52;BLOC1S1;NDUFA13;TOMM40;ACADM;MRPL3;HSD17B8;MRPL9;TMEM65;PHB2;MRPS18C;UQCRB;MAPKAP1;MCL1;AIFM2;PTCD3;CHCHD2;MRPL24;UQCR11;CHCHD1;CYP27B1;TMEM14C;MT-ND2;NDUFB9;UQCRC1;NDUFB5;TIMM23;MRPS31;ENDOG;MRPL36;TIMM29;TOMM7;UQCR10;NDUFA4;COX7A2L;MRPL40;SLC44A1;TUFM;SMIM26;TAMM41;MAIP1;SLC25A37;MT-CYB;MRPS7;MRPL57;RPS6KB1;MRPL28;ATP5PB;MRPL17;NDUFV2;GRPEL1;MRPS18A;NDUFS2;ATP5MG;MRPS10;RAB32;SLC25A24"
"GOCC_MITOCHONDRIAL_INTERMEMBRANE_SPACE_CHAPERONE_COMPLEX",0.402010050251256,1,-0.615041965856888,-1.08468082704269,1999,6,"TIMM13;TIMM8B;TIMM9;TIMM10B;TIMM8A"
"GOCC_MITOCHONDRIAL_MATRIX",0.999818643453029,1,-0.21215057185818,-0.768910930105209,5512,521,"GLDC;DHRS2;ERBB4;ACSM5;TP53AIP1;MTCO2P12;FXN;ARHGAP11B;CASQ1;GLS2;DNA2;HPDL;MRPL23;LIG3;CCNB1;PCK2;CDK1;TWNK;BDH1;HOGA1;MRPL52;TOP3A;MTPAP;MTG1;UQCC2;TTC5;NAT8L;CYP11A1;YRDC;ME3;ABCE1;MTHFD2;TRMT5;DMGDH;MARS2;GRPEL2;ACOT11;ACOT13;STYXL1;NARS2;NDUFA9;HSD17B10;TYMS;MTRF1;ACSS1;MECR;GCSH;SLIRP;CPS1;FASTKD1;PPIF;PYCR1;HSPE1;ALDH7A1;MRPL15;GTPBP10;POLG2;GARS1;POLG;LONP1;NME4;FDXR;MTHFS;NADK2;CCAR2;CDKN2A;PUS1;HSPD1;MRPS11;HSPA9;YARS2;CYP27A1;LRRC59;TBRG4;PABPC5;ALDH1L2;MRPL27;TMLHE;ATAD3A;MTNAP1;METTL8;ATP5F1E;FASTKD3;TIMM44;DBT;PPA2;TRMT61B;TFAM;LIPT2;RPS3;FLAD1;NDUFAF1;MRPS21;GUF1;MRPS16;MRPL53;MRPS17;FECH;DNAJC15;NFS1;COASY;GPT2;MRPL42;PDSS2;NUDT13;POLQ;MRPL1;PNPT1;DARS2;SMDT1;MRPL47;MRM1;NDUFS7;TRNT1;ATP5F1D;RAD51;MRPL22;SDHAF1;NRDC;TRMT10C;FOXO3B;TFB2M;NUDT1;PC;GFM1;KARS1;PRDX5;SHMT2;C1QBP;MRPL13;NEURL4;NDUFS8;MYG1;SSBP1;MRPS12;ALDH1B1;MRPS33;PIN4;MTERF4;MRPS35;POLRMT;ALKBH1;MRPL51;MRPS14;ATP5F1C;NUDT2;DAP3;BCO2;MRPL14;MRPS15;NSUN4;SIRT5;OXSM;MRPL32;HIBCH;BLOC1S1;LACTB2;ACSF3;ACADM;MRPL3;HSD17B8;OXCT2;MRPL9;MRPS18C;MIPEP;PTCD3;MRPL24;CHCHD1;PDE12;UQCRC1;MRPS31;MRPL36;SDHAF3;RNASEL;PIF1;ME2;NAMPT;ETFBKMT;MRPL40;PRIMPOL;TUFM;TAMM41;MAIP1;MRPS7;EARS2;MRPL57;MRPL28;ATP5PB;ACOT2;MRPL17;GRPEL1;MRPS18A;NDUFS2;MRPS10;FDPS"
"GOCC_MITOCHONDRIAL_PERMEABILITY_TRANSITION_PORE_COMPLEX",0.767850019944156,1,0.413774101890367,0.762041070045729,3849,7,"SLC25A4;SPG7"
"GOCC_MITOCHONDRIAL_SMALL_RIBOSOMAL_SUBUNIT",0.773960569978528,1,-0.3131863345336,-0.804309784598163,3964,32,"MRPS11;MRPS21;MRPS16;MRPS17;MRPL42;MRPS12;MRPS33;MRPS35;MRPS14;DAP3;MRPS15;MRPS18C;PTCD3;CHCHD1;MRPS31;MRPS7;MRPS18A;MRPS10;MRPS23"
"GOCC_MITOCHONDRION",1,1,-0.157687118082208,-0.609384996446966,5947,1658,"SOX10;GLDC;GATM;CYP24A1;ADCY10;S100A1;DHRS2;G0S2;ERBB4;TMEM14EP;KLC3;ACSM5;PLA2G2A;TP53AIP1;MTCO2P12;HIF3A;CYP2D6;ASB9;GIMAP8;ALPL;AKR1B10;PLA2G4B;ATP2A1;TMEM71;FXN;KLK6;ARHGAP11B;FLVCR2;CASQ1;GLS2;BBOX1;BLID;CKMT1B;CDC25C;HKDC1;IMMP1L;PLN;ADAP2;AMBP;PLA2G4C;FLVCR1;NLRP3;PHYHIP;BCAT1;DMAC1;DNA2;AGMAT;ABCC9;SEPTIN4;AZIN2;PPP2R2B;MTARC1;GDF5-AS1;MYOM2;HPDL;COX7A1;MRPL23;SPARC;LIG3;CCNB1;EFEMP1;FAM72A;NOS1AP;IKBKE;DUSP18;NDUFAF4;UQCRQ;NT5DC2;DHODH;ADCK1;PCK2;CDK1;TWNK;BDH1;MT-ND3;HOGA1;DDIT4;MRPL52;XAF1;HMOX1;TOP3A;FMC1;MAPK12;MTPAP;CLYBL;PMAIP1;MTG1;CAMK2A;UQCC2;FAHD2B;SLC25A35;ZNF703;PLEKHN1;FGR;TTC5;GPAM;NAT8L;OMA1;CYP11A1;YRDC;ME3;IER3;ROMO1;ABCE1;NOX4;MTHFD2;TRMT5;DMGDH;TRIM14;MARS2;NDUFAF5;XRCC3;SLC9A1;RACGAP1;GRPEL2;PPM1J;TIMM13;GLRX2;L2HGDH;ATP5ME;ACOT11;ARHGAP26;BID;ACOT13;STYXL1;NARS2;NDUFA9;HSD17B10;AGPS;SGK1;TYMS;KIF23;TIMM8B;TIGAR;PYCARD;MTRF1;COX7B;MTFP1;ACSS1;CMC2;MTFR2;NOCT;MECR;TRAF3IP3;GCSH;SLIRP;CPS1;CPT1B;SACS;RPS27A;AARS2;NOS1;FASTKD1;PPIF;PYCR1;SLC25A15;SYBU;OGT;MFN1;NDUFA3;HSPE1;ALDH7A1;EPHA4;SLC25A32;NDUFAF2;MRPL15;PEMT;FADS1;NIT2;CKMT2;MLXIP;ATP7B;GTPBP10;ME1;ABHD18;TMEM135;POLG2;PRKCA;MIX23;TMEM126A;METAP1D;MSTO1;CEND1;GARS1;POLG;LONP1;DDX21;NME4;FDXR;MTHFS;HCCS;SFXN4;NRP1;NADK2;BPHL;ACSL3;CHCHD5;HYOU1;NDUFB3;BAK1;ATP5MJ;CISD1;CCAR2;VARS2;CDKN2A;PLAAT1;HSPA5;NDUFA1;RTL10;MT-CO3;PUS1;ATP5MK;GHITM;HSPD1;NDUFB11;MRPS11;HSPA9;YARS2;PECR;CYP27A1;TIMM9;SNAP29;SMIM30;LRRC59;MICOS10;NDUFA7;NDUFB4;COL6A1;PLGRKT;SPNS1;TBRG4;PABPC5;ALDH1L2;MRPL27;SPIRE1;TMLHE;CASP4;ATAD3A;MT-ATP8;MTNAP1;PFDN2;METTL8;SFXN2;ATP5F1E;CYB5R2;TIMM50;CASP6;FASTKD3;HEATR1;TIMM44;DBT;NDUFS6;PPA2;SYNE2;TRMT61B;NDUFA2;PDF;PNPLA4;TFAM;LIPT2;TOMM5;RPS3;FLAD1;NDUFAF1;SESN2;VPS13C;COA7;MRPS21;GUF1;NDUFB1;BOK;GABBR1;STOML2;UQCRH;PET100;ATP5MC3;MT-ATP6;HLCS;COX16;MRPS16;MRPL53;IDE;CYCS;TRMU;HSD17B7;MRPS17;APOO;DHRS4L2;COX6C;FECH;NIPSNAP3B;DNAJC15;NFS1;COASY;UBIAD1;COX5A;GPT2;DTYMK;MRPL42;NDUFA6;ERN1;PDSS2;NUDT13;POLQ;MRPL1;COX5B;EIF2S1;NLN;ARMCX2;EIF4E2;TMEM177;PNPT1;COX18;DARS2;SMDT1;MRPL47;COA5;GSTP1;DNMT1;TRIM32;SCO2;LDHB;APP;MICOS13;CYP2E1;MRM1;GLUL;TIMM17B;ATP5PO;NDUFA12;NDUFS7;DNLZ;PPP1R15A;PGAM5;COA6;MTHFD1;HDHD3;TRNT1;AFG3L2;ATP5F1D;RAD51;MRPL22;SDHAF1;ATP5MC1;THG1L"
"GOCC_MITOTIC_COHESIN_COMPLEX",0.317165668662675,1,-0.609515952282955,-1.15112971280005,1588,8,"SGO1;DDX11;SGO2;RAD21"
"GOCC_MITOTIC_SPINDLE",0.900151000377501,1,-0.254790351682591,-0.828095559854766,4768,159,"DCDC2;NUSAP1;AURKB;DLGAP5;TUBB2B;KIF18B;KIF20A;FAM83D;SKA1;TPX2;MAD2L1;CDK1;SPAG5;HAUS3;AURKA;SHCBP1;PLK1;CKAP2L;KIF18A;PRC1;NUDCD2;MAP10;RACGAP1;KIF23;CENPE;MAP9;KIF11;ASPM;KIF22;EML4;RAE1;SKA3;CDC14A;KIF20B;SPOUT1;RCC2;KIFC1;RPS3;NSMCE1;DR1;RTRAF;HAUS5;SMC6;KNSTRN"
"GOCC_MITOTIC_SPINDLE_ASTRAL_MICROTUBULE",0.814770459081836,1,-0.385779008696369,-0.728580897385249,4081,8,"KIF18B;KIF18A"
"GOCC_MITOTIC_SPINDLE_MICROTUBULE",0.592636579572447,1,-0.407763745373895,-0.900958626018711,2993,16,"SKA1;HAUS3;HAUS5;HAUS1;HAUS6;HNRNPU;EML3;HAUS7;HAUS8;CEP295;CLTC;MAPRE1"
"GOCC_MITOTIC_SPINDLE_POLE",0.582467150421651,1,-0.347211223343819,-0.917583990585779,2969,38,"AURKB;FAM83D;SPAG5;AURKA;PLK1;MAP10;ASPM;RAE1;KIF20B;NSMCE1;SMC6"
"GOCC_MKS_COMPLEX",0.371699254182624,1,0.486310878539456,1.07134996165854,1843,15,"TCTN2;TMEM17;TCTN3;TMEM231;B9D2;CEP290;TMEM67;TCTN1"
"GOCC_MLL1_2_COMPLEX",0.969665915146546,1,0.248563822334314,0.641140833262261,4730,32,"INO80C;PHF20;MAX;DPY30;KAT8;ASH2L;KANSL1;TAF4;CHD8;WDR5;HCFC2;RBBP5;PRPF31;SENP3;BACC1;LAS1L;TAF6;HCFC1;TAF9;RUVBL2;TAF1;E2F6;KMT2A;RUVBL1;TAF7;RNF2;MEN1;PELP1;KMT2B;MCRS1;TEX10;MGA"
"GOCC_MLL3_4_COMPLEX",0.95597358415049,1,0.278138094754239,0.580462949939528,4776,12,"UTY;DPY30;ASH2L;KDM6B;NCOA6"
"GOCC_MMXD_COMPLEX",0.717141126589945,1,-0.478496128370184,-0.811643167101896,3551,5,"MMS19;SLC25A5;ERCC2;CIAO2B;CIAO1"
"GOCC_MON1_CCZ1_COMPLEX",0.998811645870469,1,0.220240910952092,0.374365093749991,5042,5,"CCZ1B;MON1B"
"GOCC_MONOATOMIC_ION_CHANNEL_COMPLEX",0.291811091854419,1,0.303907680869128,1.0532771976751,1346,248,"SCN5A;KCNIP4;KCNA4;CACNA1B;KCNH4;CATSPER2;ANO1;GABRA3;HCN1;KCNMB1;GABRB3;SCN3A;KCNH5;SLC17A7;CFTR;KCNB1;CHRNA1;KCNJ2;KCNB2;CLIC3;SNAP25;GRIN2C;CACNB4;KCNK15;KCNAB1;KCNK12;CACNB2;CATSPER3;KCNE1;CASQ2;SCN3B;PKD1L1;CNGA3;KCNS2;KCNQ3;GRIA1;CHRNA5;SHISA8;KCND2;KCNA1;CLIC5;CATSPERZ;CACNG2;CATSPER1;STAC3;KCND1;CACNA1A;KCNA3;GRIN1;CHRFAM7A;PDE4B;KCNK6"
"GOCC_MOTILE_CILIUM",0.351214953271028,1,-0.306367165412988,-1.03413163114835,1878,226,"DRD2;DNAH9;TLE6;ADCY10;DNAH6;KLC3;DNAH11;CFAP221;TEKT3;TEKT2;CATSPERG;FHAD1;CCDC65;CFAP52;NME5;DNAH14;CLXN;HYDIN;OAZ3;DYNLT4;ADAM32;CFAP90;ZMYND12;QRICH2;PMFBP1;CCDC181;SEPTIN4;LRRC46;CNBD2;CFAP58"
"GOCC_MPP7_DLG1_LIN7_COMPLEX",0.444246385422856,1,0.622060601923288,1.05737746248173,2242,5,"MPP7;LIN7B"
"GOCC_MRE11_COMPLEX",0.936402180496669,1,-0.324163420759433,-0.549858211768481,4637,5,"NBN;RAD50"
"GOCC_MRNA_CLEAVAGE_AND_POLYADENYLATION_SPECIFICITY_FACTOR_COMPLEX",0.591658391261172,1,-0.402436256065208,-0.900587900800663,2978,17,"CPSF4;CPSF6;CPSF3;SYMPK;NUDT21;CSTF2;PIP5K1A;TUT1;CPSF7;CSTF2T;CPSF2;CSNK1A1;SSU72;CPSF1"
"GOCC_MRNA_CLEAVAGE_FACTOR_COMPLEX",0.433313574392413,1,-0.425917654173563,-1.01017445229911,2192,22,"CPSF4;PCF11;CPSF6;CPSF3;CSTF3;SYMPK;NUDT21;CSTF2;PIP5K1A;TUT1;CPSF7;CSTF2T;CPSF2;CSNK1A1;SSU72;CPSF1;CSTF1;CLP1"
"GOCC_MSL_COMPLEX",0.919442761962447,1,-0.340890008396306,-0.578230480130693,4553,5,"MSL3B;MSL2;MSL3;MSL1;KAT8"
"GOCC_MULTI_PASS_TRANSLOCON_COMPLEX",0.883256834963081,1,-0.337097328384598,-0.654487613155827,4425,9,"NOMO3;RAB5IF;NCLN;TMEM147"
"GOCC_MULTIVESICULAR_BODY_INTERNAL_VESICLE",0.600804020100502,1,-0.517733840829338,-0.91306935434293,2988,6,"APOE;PMEL"
"GOCC_MULTIVESICULAR_BODY_LUMEN",0.84443558037495,1,0.376045114688333,0.692556204637702,4233,7,"PGA3;CTSH;PGA5"
"GOCC_MULTIVESICULAR_BODY_MEMBRANE",0.982727087990246,1,0.238423743565201,0.584557690873496,4835,25,"NSG1;ABCA3;ATP13A2;SORL1;SLC9A8"
"GOCC_MUSCLE_MYOSIN_COMPLEX",0.42245347208325,1,0.498582080393857,1.04052062853211,2110,12,"MYH1;MYH2;MYH7;MYH11;MYH6"
"GOCC_MYELIN_SHEATH_ABAXONAL_REGION",0.530587522713507,1,-0.581434976367614,-0.986251920763154,2627,5,"PRKCZ"
"GOCC_MYELIN_SHEATH_ADAXONAL_REGION",0.787381329113924,1,0.453752507113205,0.737497325584735,3980,4,"PALS1;STX4;PTEN;ANXA2"
"GOCC_MYOFILAMENT",0.510824230387289,1,-0.427639797332435,-0.956989390429165,2571,17,"ACTA1;TMOD4;TNNT1;TTN"
"GOCC_MYOSIN_FILAMENT",0.550261359067149,1,0.407577574067146,0.93494715959109,2736,18,"MYH1;MYH2;MYBPH;MYH7;MYH11;MYH6"
"GOCC_MYOSIN_II_COMPLEX",0.371787087634082,1,0.440201137624185,1.05346206515869,1836,22,"MYL4;MYH1;MYH2;MYH7;MYH11;MYH6;LIMCH1"
"GOCC_N_TERMINAL_PROTEIN_ACETYLTRANSFERASE_COMPLEX",0.506286170425065,1,-0.505348891459746,-0.98115458632494,2536,9,"NAA25;NAA35;NAA50;NAA16;NAA15;NAA38"
"GOCC_NADH_DEHYDROGENASE_COMPLEX",0.204225352112676,1,-0.429894209637627,-1.17675546447043,1043,47,"MT-ND3;NDUFA9;NDUFA3;NDUFAF2;NDUFB3;NDUFA1;NDUFB11;NDUFA7;NDUFB4;NDUFS6;NDUFA2;NDUFB1;NDUFA6;NDUFA12;NDUFS7;NDUFB2;NDUFS8;NDUFS5;NDUFA13;MT-ND2;NDUFB9;NDUFB5;NDUFA4;NDUFV2;NDUFS2;MT-ND1;NDUFS1;NDUFC1;MT-ND4L;NDUFB8;NDUFB6;NDUFV1;NDUFA11;NDUFA10;NDUFC2;NDUFB10;NDUFS3"
"GOCC_NASCENT_POLYPEPTIDE_ASSOCIATED_COMPLEX",0.690901867302344,1,0.555294832174061,0.858226189951834,3477,3,"NACAD;NACA;BTF3"
"GOCC_NATA_COMPLEX",0.569348968863728,1,-0.588848368304861,-0.955769295342175,2815,4,"NAA50;NAA16;NAA15"
"GOCC_NBAF_COMPLEX",0.987888574888979,1,0.221288907555182,0.479637162429572,4893,14,"SMARCA2;ACTB;SMARCC2;DPF3;SMARCE1;ARID1A;ARID1B;SMARCB1;DPF1;SMARCA4;SS18L1;SMARCD1;SMARCC1;SMARCD3"
"GOCC_NEUROFIBRILLARY_TANGLE",0.346603287779758,1,0.674963693873177,1.14730204048982,1749,5,"NEFH;NEFM;PICALM"
"GOCC_NEUROFILAMENT",0.333132771760931,1,0.561083859250013,1.12165561419645,1660,10,"INA;NEFH;CLDN11;SHANK2"
"GOCC_NEUROMUSCULAR_JUNCTION",0.874247769246732,1,0.267048449734272,0.811429019585166,4212,83,"DES;DOK7;CHRNA1;LAMA5;CAV3;COLQ;EPHA7;SYNGR2;GRIA1;ACHE;ITGA3;CDH15;CXADR;COL4A5;SERPINE2;UNC13A;PDZRN3;SYNGR1;LARGE1;F2R;FCHSD2;DAG1"
"GOCC_NEURON_PROJECTION",0.692198245198008,1,0.250781078828289,0.964403889803124,2918,1081,"CHRM2;RELN;HRH2;MYRIP;CX3CR1;MYOC;NGEF;KCNA4;CDH8;TACR1;SRD5A2;MYO3B;TMC1;USH2A;GAD1;RGS7;CABP4;PACSIN1;ALDH1A1;HAP1;GABRA3;HCN1;FGF13;MYO7A;CDK5R2;CDHR1;CHRM3;BGLAP;ROBO2;GABRB3;ATP2B2;LPAR3;CNTN1;SNCA;BRINP1;ACTL8;HRH4;SLC17A7;PDC;PCLO;NTRK2;LRRC4;PPFIA2;USH1G;KCNB1;CHRNA1;KCNJ2;ADAM22;CTNND2;KCNB2;CDH23;SNAP25;GNAO1;MYPN;LRRC4B;GRM1;KIF5C;NSG1;PPP1R9A;RASGRP2;RGS7BP;ACTN2;SYT1;KCNAB1;NCAM1;LAMP5;DNER;LHFPL4;NEFH;INHA;EMB;BRSK2;GRP;RTN1;ADGRB1;AP3B2;ANK1;BCL11B;NTSR1;NMNAT3;EFNB2;CYP46A1;APBA2;LRRC7;OPN4;EPHB6;FSCN2;CNGA3;ATP1A2;SYT5;ANKS1B;OSBP2;KCNQ3;ERMN;APOD;PENK;EPHA7;GRIA1;PRKAA2;LRRK2;KIF17;CLDN11;PALMD;CHRNA5;TSPOAP1;SHISA8;KCND2;KCNA1;GNAZ;PLXDC1;CLIC5;LYNX1;RIPOR2;CACNG2;CRYAB;CXADR;GPER1;STON2;AKAP5;DOCK4;KCND1;FAT3;PTPRQ;KCNA3;ATP8B1;SEMA3A;SLC18A2;NLGN4Y;CAMK2N1;GRIN1;CHRFAM7A;GABBR2;LMTK3;NFIB;PDZD7;KCNK9;PDE4B;PDE6G;RAB3A;DRD4"
"GOCC_NEURON_PROJECTION_CYTOPLASM",0.999791579824927,1,0.182536769864805,0.557016419911535,4796,87,"HAP1;KIF5C;AP3B2;LRRK2;KIF17;MAP2;AP3S2;FLOT2;KIF1C;ABHD12;GRIK2;RAB17;BLOC1S3;MAP2K1;SPG7;HSPB1;HIP1R;KIF3A;BAIAP2;AP3M1;RAB21;KIF1B;SNAPIN;ARMCX3;DST;DTNBP1;FBXW11;STAU1;ARMCX1;HSBP1"
"GOCC_NEURONAL_DENSE_CORE_VESICLE_MEMBRANE",0.352650316455696,1,0.703766572503534,1.14385255600979,1782,4,"SYT5;CADPS"
"GOCC_NEURONAL_RIBONUCLEOPROTEIN_GRANULE",0.590150753768844,1,-0.523262904298594,-0.922820346095581,2935,6,"ARC;HNRNPAB;FMR1"
"GOCC_NF_KAPPAB_COMPLEX",0.968241206030151,1,-0.281056117926949,-0.495667286725191,4816,6,"RPS3;REL;NFKB1;RELA;NFKB2;RELB"
"GOCC_NLRP1_INFLAMMASOME_COMPLEX",0.337242215932066,1,-0.710753070719499,-1.15363478635329,1667,4,"CASP1;PYCARD;CASP4"
"GOCC_NLRP3_INFLAMMASOME_COMPLEX",0.20938123752495,1,-0.662750293024341,-1.25166790403066,1048,8,"NLRP3;CASP1;PYCARD;DHX33"
"GOCC_NLS_DEPENDENT_PROTEIN_NUCLEAR_IMPORT_COMPLEX",0.904609858311714,1,-0.32236121037367,-0.625876865184691,4532,9,"KPNA2;KPNB1;MYBBP1A"
"GOCC_NMDA_SELECTIVE_GLUTAMATE_RECEPTOR_COMPLEX",0.524238782051282,1,0.51104801221274,0.97132274649866,2616,8,"GRIN2C;GRIN1;GRIN3A;GRIN2A"
"GOCC_NODE_OF_RANVIER",0.335757575757576,1,0.49214427955125,1.10021176558327,1661,16,"MYOC;KCNQ3;SCN9A;NFASC;DAG1"
"GOCC_NON_MOTILE_CILIUM",0.740279350698377,1,-0.28124891900957,-0.878105401427294,3921,113,"DRD2;DCDC2;SPTBN5;IMPG1;PRCD;MCHR1;SMO;TTLL4;GUCA1B;RCVRN;CIB2;RAB37"
"GOCC_NONHOMOLOGOUS_END_JOINING_COMPLEX",0.974353836906432,1,0.257997511328819,0.503448734553103,4862,9,"LIG4;ATP23;PAXX;DCLRE1C"
"GOCC_NPBAF_COMPLEX",0.987888574888979,1,0.221288907555182,0.479637162429572,4893,14,"SMARCA2;ACTB;SMARCC2;PHF10;SMARCE1;SS18;ACTL6A;ARID1A;ARID1B;SMARCB1;SMARCA4;SMARCD1;SMARCC1;SMARCD3"
"GOCC_NSL_COMPLEX",0.963971176941553,1,-0.268383725270623,-0.542593826742745,4815,11,"OGT;MCRS1;HCFC1;WDR5;KANSL1;KANSL1L;KANSL3;KANSL2;KAT8;PHF20L1;PHF20"
"GOCC_NUCLEAR_BODY",1,1,-0.146598134316526,-0.544438369723323,5632,758,"F8A3;PKP1;INAVA;ANKRD2;GATA4;SOX2;SP140;SIM2;PTK6;HIF3A;SRSF12;CIITA;NFE2;CDC25C;PIR;HOXA6;AIRE;HOXA4;TCIM;POLR3G;SFMBT2;BHLHE40;TLE2;HOXC10;IL15;KIF18B;GSC;BCL11A;NFKBIZ;ADAMTS4;AFF2;OIP5;IKBKE;SGO1;PPP1R16B;SPAG5;EAF2;TOP3A;KLF15;NDC80;HIVEP1;POLE2;HIF1A;SMC4;ZBTB16;CYGB;ZPR1;APOL6;DBF4;NOLC1;PIAS4;SGK1;POMP;TDG;RGS10;ALYREF;ICE2;NOCT;EXO1;INCENP;E2F7;NRIP1;EPAS1;SMN2;RBM14;GEMIN8;MKNK2;TENM2;ZNF778;YARS1;ESRP1;KIF22;HELB;RPAIN;EFTUD2;SRSF7;NOP58;KNL1;EIF4A1;ZWINT;NXT1;NCOR2;CCAR2;CDKN2A;DKC1;NBN;GTF3C6;CCNL1;HSPB6;DYRK3;ZNF239;PAPOLG;PHC1;IFI16;CENPI;TIMM50;HSF4;ZMYM2;SBF1;CHEK2;PSMA1;MED14;RAD50;VIRMA;STAT4;UBL5;CGAS;CDT1;ZFHX3;PSMB7;HMBOX1;BAZ2A;CLK2;ISY1;MAMLD1;RTEL1;WRAP53;THOC1;GEMIN2;NR4A2;ZBTB18;KDM5A;H2AX;CPSF6;INTS7;SRSF3;INPPL1;EIF4A3;SMC5;HNRNPM;AKAP17A;SNRPB2;PRPF18;SMC6;EIF3E;SF3A3;PATL1;EP400;MYC;MEOX2;POLR2D;PRDM5;UBE2M;NR1D1;SFPQ;PNN;PLRG1;NPM1;RAD51;RGS14;PLCB1;SRRT;PRPF40B;UBN1;DGKQ;GEMIN4;TRIM16;RNF2;ZNF451;SNRPA1;LSM10;SLF2;GLIS1;GATAD2A;TRIM27;ATXN2L;DDX46;RUVBL1;SKIL;GON4L;CBX3;MED19;APEX1;U2AF2;LAGE3;ATR;MDC1;DHX36;RBM10;THOC3;GAR1;TOPBP1;GTF2H4;TRIP12;MTREX;XPO1;PRPF4;CHTOP;RADX;NHP2;SYMPK;RAD54L2;RNF113A;AKAP8L;FBL;CHFR;CNOT7;RFWD3"
"GOCC_NUCLEAR_CHROMOSOME",0.678966098520322,1,-0.274074568696671,-0.922372827764096,3624,219,"SYCE1;EP400P1;HUS1B;HORMAD1;SYCP2;FIRRE;TTN;SLX1B;TET1;SINHCAF;TOP2A;RPA3;STAG3;HMGA2;PLK1;BIRC5;CDC45;NIFK;POLE2;SMC4;NCAPG;H2AZ1;SUV39H1;JUN;MCM6;XRCC3;EME1;REC8;CHD1;NCAPH;GINS3;ANP32E;INCENP;OGT;NEK2;SYN1;ORC1;HELB;NUFIP1;ZRANB3;SWI5;GINS2;RAD50;POLE4;MUS81;TREX1;POLA2;ACTR5;POLD4;MMS22L;HLTF;H2AX;CPSF6;HDAC2;MCRS1;EP400;HUS1;PLRG1;POLA1;RAD51;WDHD1;PRIM1;FIGNL1;RUVBL1;SLX4;TIMELESS;ING1;TOPBP1;BRD4;RAD21;EXOSC9;BAZ1A;LRIF1;ORC4;RRS1;MCM4;SIN3B;ORC5;PRPF19"
"GOCC_NUCLEAR_CYCLIN_DEPENDENT_PROTEIN_KINASE_HOLOENZYME_COMPLEX",0.974323523602607,1,-0.249147873184853,-0.611285186417336,4932,26,"GTF2H5;GTF2H3;MMS19;GTF2H4;CCNH;CCNK;BCCIP;MED13;CCNT2;CDK9;ERCC2;CDK8;CCNC;CCNT1;MNAT1;CDK13;SNW1;ERCC3;MED12;RB1;CDK7;CDK12;GTF2H2;GTF2H1;CDK19;GTF2H2C"
"GOCC_NUCLEAR_DNA_DIRECTED_RNA_POLYMERASE_COMPLEX",0.999792531120332,1,0.187984782367092,0.566136156737061,4818,78,"TAF7L;PRIM2;POLR2M;MYZAP"
"GOCC_NUCLEAR_ENVELOPE",0.999559082892416,1,0.214409555805051,0.77863962842429,4533,420,"ADRA1A;TNMD;DES;MX1;SNCA;TMEM176B;RANBP3L;PTGER3;KDR;LMNTD2;SORT1;RGPD3;CEMIP;RGPD4;TMEM38A;DMPK;GNAZ;OTULINL;GPER1;ATP2A3;CCND1;ALOX5AP;DPY19L2P2;POM121B;SCGB1A1;CLGN;MX2;GRM5;IFFO1;MGST2;LMO7;POLR2M;SYNE3;PLA2G4A;RAB40B;SUN1;RETSAT;HABP4;RGPD1;PLPP7;NEMP2;OSBPL3;BNIP3;TOR1B;LTC4S;FAM111B;NAV3;C9orf72;BCHE;GRK5;MAD1L1;RAC2;ARL6IP6;TMEM109;SLC22A3;AQP1;STX1B;NSMF;PSEN2;SORL1;CLK1;CERS2;ZNF383;TMEM43;DNAJB2;TOR1AIP1;NR4A1;FAM169A;TOR4A;INSR;HMGA1;PML;ROGDI;MYORG;PCID2;RTN4;PHF20;MYOF;CPTP;EGFR;DCTN1;PLAAT3;TOR1AIP2;RNF13;BCL2L1;NXT2;FANCL;NARF;TM7SF2;SMAD3"
"GOCC_NUCLEAR_ENVELOPE_LUMEN",0.989169675090253,1,0.229552559137778,0.458895604400772,4931,10,"BCHE;SORL1;IGF2R;CACYBP;CD2AP;TUBB;CCAR1;APP;PTGES;PLAAT1"
"GOCC_NUCLEAR_EXOSOME_RNASE_COMPLEX",0.230205859065717,1,-0.545896414360608,-1.20616432679638,1162,16,"EXOSC8;EXOSC6;EXOSC2;EXOSC1;NVL;EXOSC9;MTREX;WDR74;MPHOSPH6;EXOSC4;EXOSC3;EXOSC7;EXOSC5;DIS3"
"GOCC_NUCLEAR_INCLUSION_BODY",0.508891108891109,1,-0.467802757893704,-0.964420217720301,2546,12,"NBN;SLF1;NUP153;ATXN1;NXF1;RANBP2;NUP98;ATXN3"
"GOCC_NUCLEAR_INNER_MEMBRANE",0.99918200408998,1,0.180817108143062,0.502810393641602,4885,47,"DPY19L2P2;GRM5;IFFO1;SUN1;NEMP2;ARL6IP6;PSEN2;TMEM43;TOR1AIP1;FAM169A;RNF13;TM7SF2;SMAD3;TMX4;SUN2;MFSD10;TMEM120A;P2RX6"
"GOCC_NUCLEAR_LAMINA",0.949203789558557,1,0.277613154742946,0.611585830822885,4708,15,"LMNTD2;FAM111B;STX1B;NARF;LMNA"
"GOCC_NUCLEAR_MATRIX",0.54855195911414,1,-0.302784011660254,-0.951994715658144,2897,120,"FOS;HES1;PRKCZ;BCL11A;SPARC;DNMT3A;CENPW;CENPF;ZNF703;KIF4A;CAD;LMNB1;PIAS4;KIN;FIGN;NCOR2;NUFIP1;AKAP8;UHRF1;SMARCC1;YEATS4;RUNX1T1;HLCS;THOC1;XPOT;ERCC8;HLTF;HNRNPM;SFPQ;POLA1;SMARCD1;MEN1;PRPF40B;DGKQ;RUVBL1;ENC1;RAD21;AKAP8L;LRIF1;SMARCA4;ATXN7;PHB2;RUVBL2;RNASEL;SMARCD2;ATXN1;KRT8;SMARCB1;PRPF40A"
"GOCC_NUCLEAR_MEMBRANE",1,1,0.181628872154138,0.628677816247625,4596,246,"ADRA1A;MX1;SNCA;TMEM176B;KDR;SORT1;CEMIP;TMEM38A;DMPK;ATP2A3;CCND1;ALOX5AP;DPY19L2P2;GRM5;IFFO1;SYNE3;SUN1;RETSAT;HABP4;NEMP2;OSBPL3;TOR1B;LTC4S;NAV3;C9orf72;GRK5;MAD1L1;ARL6IP6;TMEM109;SLC22A3;AQP1;NSMF;PSEN2;CLK1;CERS2;ZNF383;TMEM43;DNAJB2;TOR1AIP1;NR4A1;FAM169A;HMGA1;PML;MYORG;PHF20;MYOF;CPTP;EGFR;TOR1AIP2;RNF13;BCL2L1"
"GOCC_NUCLEAR_OUTER_MEMBRANE",0.814942996742671,1,0.310988821695103,0.781280303783404,4002,28,"SNCA;DMPK;SYNE3;RETSAT;LTC4S;NAV3;TMEM109;SLC22A3"
"GOCC_NUCLEAR_OUTER_MEMBRANE_ENDOPLASMIC_RETICULUM_MEMBRANE_NETWORK",1,1,-0.211615228021674,-0.801745139847065,5798,1110,"HLA-DQA1;HLA-DQB1;HLA-DRB5;JPH1;DHH;TLR9;HLA-DRB1;CD74;HLA-DRA;TTYH1;ATP10B;GRM6;RPE65;AGMO;ILDR2;LRAT;FXYD3;FITM1;HLA-DPA1;DERL3;HLA-DPB1;ADGRG6;UGT8;CLMN;CERS4;ATP13A4;HAS1;PLA2G2A;KCNA2;CYP2D6;DCSTAMP;CERS1;GPAT3;ATP2A1;GDPD3;UCHL1;LCTL;SEZ6L2;PLPP2;FLVCR2;CASQ1;TMCC3;PANX2;FLRT1;TRPM8;NUP210;CH25H;RASGRF2;APOB;FLRT3;HLA-DQA2;UGT2B4;SFTPA1;ELOVL2;ELOVL7"
"GOCC_NUCLEAR_PERIPHERY",0.961538461538462,1,0.254813016300473,0.654582843274713,4724,31,"LMNTD2;FAM111B;DAG1;PIAS1;STX1B;ANAPC4;SP100;NARF;PSIP1;LMNA"
"GOCC_NUCLEAR_PORE",1,1,0.174199206376828,0.535300729010323,4783,92,"RANBP3L;RGPD3;RGPD4;POM121B;MX2"
"GOCC_NUCLEAR_PORE_CENTRAL_TRANSPORT_CHANNEL",0.914773869346734,1,-0.340519620426474,-0.600536425175247,4550,6,"NXT1;NUP35;NUP54"
"GOCC_NUCLEAR_PORE_NUCLEAR_BASKET",0.971604447974583,1,-0.256257426292127,-0.538615750788615,4892,13,"MAD2L1;ENY2;NUP35;NUP153;ZC3HC1;RANBP2;MCM3AP;NUP98"
"GOCC_NUCLEAR_PORE_OUTER_RING",0.394338118022329,1,-0.537281428268428,-1.06667767304446,1977,10,"NUP85;SEC13;NUP107;NUP37;NUP160;NUP133;NUP98"
"GOCC_NUCLEAR_PROTEIN_CONTAINING_COMPLEX",1,1,-0.188064572662633,-0.719927301135817,5886,1337,"NXF3;HOXB9;LEF1;EP400P1;FOS;HUS1B;GATA4;CLMN;TAF12-DT;SAMD11;A1CF;NFE2;CECR2;MLXIPL;RAMACL;CEBPA;BACH2;NUP210;NR5A2;GTF2A1L;HAVCR2;MYCL;JUNB;SNRPE;RARB;RBM47;SLX1B;POLR3G;SLA;TET1;TLE3;SINHCAF;RANBP17;RFXANK;MYBL2;MAGOHB;CDC20;BCL11A;SNRPD1;LIG3;RBM46;AFF2;SMAD1;OIP5;RPA3;SMG6;MAD2L1;AFF3;WDR12;CLOCK;RUNX2;BCOR;FANCB;EAF2;BATF3;LMO4;BIRC5;CDC45;EXOSC8;TBPL1;POLE2;EMG1;HIF1A;UBE2C;SUPT3H;ATF3;NPAS2;BUB1B;ANAPC1;SUV39H1;FOXM1;BIN1;JUN;MED8;TAF10;MCM6;PPARGC1B;XRCC3;CPSF4;DBF4B;GTF2H5;TAF1A;DBF4;POLR3D;DNAJC17;HSPA7;SPAG4;FANCC;RBBP8;EZH2;POLR1D;KIN;PRPF38A;LSM2;PCF11;GINS3;ANP32E;ALYREF;DCAF13;PCGF1;RRP8;MIS18BP1;FANCA;ICE2;GTF2H3;RPS27A;MIS18A;UTP20;ENY2;HNRNPA1L3;GTF2E1;OGT;E2F7;PDCD11;NOP56;RUNX1;E2F2;HNRNPH1;NRIP1;PAGR1;POLR2F;ELP4;EPAS1;RRP7A;RPS17;CEBPG;MLXIP;POLR3E;NOTCH1;RFC3;RPS28;ZRSR2P1;ORC1;RRP9;RAN;TAF1D;HELB;SMARCD3;DDX21;FSAF1;EFTUD2;NUP93;NOP58;YY2;RANBP1;ANAPC10;TXNL4B;UTP6;RBM17;IMP4;KDM1A;NXT1;MAD2L2;RAE1;HSPA5;NUFIP1;BUD31;VDR;DKC1;NBN;JARID2;ATF5;SMAD4;SWI5;RBM7;RPP30;WDR36;WDR43;LSM8;RPS23;RPS27;RPS19;NFYB;PHC1;SNRPG;LSM5;XRCC2;JMJD1C;HEATR1;PHC2;GTF2E2;LIN9;MGA;SYNE2;EIF5A;KPNB1;HINT1;GINS2;MED14;POP1;LIN54;RAD50;RPS3;TEX10;STAT4;SMARCC1;PRKDC;POLE4;RFC5;RGPD6;LUZP1;CEBPZ;RPS14;BAZ2A;POLR1E;ISY1;RCL1;EXOSC6;POLA2;UTP11;XBP1;ACTR5;NCBP3;NUP155;DROSHA;TTF2;TASOR2;WRAP53;THOC1;POLD4;XPOT;DR1;RPP25;SYNE4;MMS22L;GEMIN2;LAT;ERCC8;ETV3;DIMT1;HLTF;CRIPT;POLR1H;CPSF6;INTS7;MYBBP1A;ASXL1;ANAPC15;EIF4A3;TCEA1;INTS10;HDAC2;HNRNPM;MCRS1;AKAP17A;GNL3L;ZMAT5;POLR3A;RPS4X;CUL4B;SNRPB2;BATF2;PRPF18;CPSF3;EXOSC2;U2SURP;INTS9;SF3A3;KMT2B;UTP4;CCDC9;TAF1B;EP400;PNO1;CSTF3;MYC;UTP18;LSM7;POLR2D;SNRPD2;SFPQ;SMAD7;UBE2S;SNRPA;NUP85;HUS1;PNN;PLRG1;RBM22;EXOSC1;PELP1;RPP21;POLA1;RAD51;NUP35;PPIL1;CHMP4A;SEM1;POLR2G;NUP88;SMARCD1;TSEN15;SNRNP200;MEN1;PRPF40B;COPS9;TSEN54;GEMIN4;SNRPF;ELOC;NUP50;RNF2;PRIM1;REL;RPS13;SNRPA1;LSM10;SEC13;KMT2D;MMS19;KMT2C;CWF19L1;GATAD2A;TAF7;RPS15A;SF3B3;DDX46;CTNNBL1;RUVBL1;SHMT2;CBX3;MED19;SLX4;U2AF2;NDC1;ATR;ZCCHC8;TIMELESS;UTP15;BMS1;DHX37;ING1;THOC3;GAR1;TOPBP1;TAF11;KAT2A;NVL;GTF2H4;ATRIP;WDR75;EXOSC9;MTREX;PRPF4;KMT2A;CHTOP;NHP2;TBL3;RBM28;RARA;BAZ1A;SYMPK;RPS7;CCNH;MPND;RNF113A;TRA2B;RPS8;PMS2;FBL;GTF2A2;ORC4;PLCG1;HNRNPAB;SS18L1;NOC2L;RTF1;RPS12;MCM4;WDR74;MXD3;UTP14A;NUDT21;HNRNPH3;HNRNPR;WDR46;SMARCA4;E2F6;DDX19B;CWC15;SIN3B;ATXN7;ORC5;PRPF19;AATF;SAE1;RBMX2;RBM42;RAD51D;UXT;CFDP1;TAF1;XPO4;RCOR3;PES1;MED27;ANAPC2;SSRP1;LCOR;PPIE;MAGOH;GEMIN5;RPP40;ICE1;CHTF8;HNRNPF;NFATC2;ACIN1;JUND;TASOR;LIN37;DDX39B;NOL11;BRD9;SF3B6;INTS12;POLR2I;THRAP3;NUP58"
"GOCC_NUCLEAR_REPLICATION_FORK",0.999031007751938,1,-0.197573866159509,-0.536593471123897,5154,44,"RPA3;XRCC3;EME1;HELB;ZRANB3;MUS81;TREX1;POLA2;POLD4;MMS22L;HLTF;PLRG1;POLA1;WDHD1;PRIM1;TIMELESS"
"GOCC_NUCLEAR_RIBONUCLEOPROTEIN_GRANULE",1,1,-0.110772855092506,-0.396891156356376,5465,445,"PKP1;SOX2;HIF3A;SRSF12;CDC25C;HOXA6;TCIM;SFMBT2;IL15;GSC;BCL11A;NFKBIZ;ADAMTS4;AFF2;OIP5;SGO1;PPP1R16B;EAF2;KLF15;NDC80;HIF1A;SMC4;ZBTB16;CYGB;ZPR1;NOLC1;SGK1;POMP;ALYREF;ICE2;E2F7;NRIP1;EPAS1;SMN2;RBM14;KIF22;EFTUD2;SRSF7;NOP58;EIF4A1;NXT1;DKC1;CCNL1;HSPB6;DYRK3;IFI16;TIMM50;HSF4;VIRMA;UBL5;HMBOX1;BAZ2A;CLK2;ISY1;RTEL1;WRAP53;THOC1;NR4A2;ZBTB18;H2AX;CPSF6;SRSF3;INPPL1;EIF4A3;SMC5;HNRNPM;AKAP17A;SNRPB2;PRPF18;SMC6;SF3A3;PATL1;EP400;MEOX2;POLR2D;SFPQ;PNN;PLRG1;NPM1;PLCB1;PRPF40B;DGKQ;GEMIN4;SNRPA1;LSM10;GATAD2A;ATXN2L;DDX46;RUVBL1;APEX1;U2AF2;DHX36;RBM10;THOC3;GAR1;GTF2H4;TRIP12;MTREX;XPO1;PRPF4;CHTOP;RADX;NHP2;SYMPK;RNF113A;AKAP8L;FBL;CNOT7;GCAT;ASCC2;NUDT21;CWC15;PRPF19;PPIE;MAGOH;RREB1;ICE1;LPXN;RBBP6;BMP2K;ACIN1;HINFP;SRSF6"
"GOCC_NUCLEAR_SPECK",1,1,-0.101947893438656,-0.361139059535257,5416,389,"SOX2;HIF3A;SRSF12;CDC25C;HOXA6;TCIM;SFMBT2;IL15;GSC;NFKBIZ;ADAMTS4;AFF2;OIP5;SGO1;PPP1R16B;EAF2;KLF15;NDC80;HIF1A;SMC4;ZBTB16;CYGB;SGK1;POMP;ALYREF;E2F7;NRIP1;EPAS1;RBM14;KIF22;EFTUD2;SRSF7;NXT1;CCNL1;HSPB6;DYRK3;IFI16;TIMM50;HSF4;VIRMA;BAZ2A;CLK2;ISY1;RTEL1;THOC1;NR4A2;ZBTB18;H2AX;CPSF6;SRSF3;INPPL1;EIF4A3;SMC5;AKAP17A;SNRPB2;PRPF18;SMC6;SF3A3;PATL1;EP400;MEOX2;POLR2D;SFPQ;PNN;PLRG1;NPM1;PLCB1;PRPF40B;DGKQ;SNRPA1;GATAD2A;ATXN2L;DDX46;RUVBL1;APEX1;U2AF2;DHX36;RBM10;THOC3;GTF2H4;TRIP12;MTREX;PRPF4;CHTOP;RADX;RNF113A;AKAP8L;CNOT7;GCAT"
"GOCC_NUCLEAR_UBIQUITIN_LIGASE_COMPLEX",0.992641363284276,1,-0.219257466230302,-0.625252748746814,5125,59,"SAMD11;CDC20;BCOR;UBE2C;BUB1B;ANAPC1;PCGF1;ANAPC10;MAD2L2;PHC1;PHC2;MGA;ANAPC15;UBE2S;RAD51;RNF2"
"GOCC_NUCLEOCYTOPLASMIC_TRANSPORT_COMPLEX",0.616493194555645,1,-0.439467021434676,-0.888474487963213,3079,11,"KPNA2;RAN;KPNB1;XPO5;MYBBP1A"
"GOCC_NUCLEOID",0.404209705710388,1,-0.371651103857795,-1.02284610167373,2073,48,"DNA2;TWNK;UQCC2;HSD17B10;CPS1;POLG2;POLG;LONP1;HSPA9;LRRC59;ATAD3A;MTNAP1;DBT;TFAM;POLQ;TRMT10C;TFB2M;SHMT2;SSBP1;POLRMT;PIF1;TUFM;DNAJA3;GRSF1;TOP1MT;SUPV3L1"
"GOCC_NUCLEOLAR_EXOSOME_RNASE_COMPLEX",0.336124401913876,1,-0.56507903035391,-1.12186491747299,1685,10,"EXOSC8;EXOSC6;EXOSC2;EXOSC1;EXOSC9;EXOSC4;EXOSC3;EXOSC7;EXOSC5"
"GOCC_NUCLEOLAR_RIBONUCLEASE_P_COMPLEX",0.971690590111643,1,-0.261450746990536,-0.519064422744705,4873,10,"RPP30;POP1;RPP25;RPP21;RPP40"
"GOCC_NUCLEOLUS",1,1,-0.202961601188215,-0.759116087280126,5651,864,"MRO;HUS1B;LIN28A;SP140;CHD7;RASL10A;SCARNA2;PAX9;SNORD3C;KLK6;PTPN6;CEBPA;ETV4;NUSAP1;LRRC34;BNC1;FOXA1;TCIM;NPM2;MARCHF6-DT;STOX1;THAP2;PIMREG;KIF18B;SAPCD2;NFKBIE;TOP2A;DEPDC1;PLK4;CENPW;SMG6;STAG3;WDR12;PITX1;CAMK4;GLI2;PRDM1;HMGA2;BATF3;DDX11;HMGB3;SCARNA9;XNDC1N;FIRRM;EXOSC8;NIFK;CASP1;EMG1;FBXO25;FAM193B;ZNF616;ATF3;NOX4;RPAP2;SUV39H1;FOXM1;ZPR1;JMJD6;GTF2H5;TAF1A;CCND2;KRI1;SPATS2L;MKI67;EME1;NOLC1;TRAF4;ZNF300;POLR1D;PYCARD;BEND3;DCAF13;URB2;RRP8;SPC24;CPS1;DDX31;RPS27A;UTP20;RBIS;ARL4A;NEK2;PDCD11;NOP56;RPL36;NRIP1;POLR2F;RRP7A;RPS17;NPM3;RBM14;PAK1IP1;RPS28;GTPBP10;NOP16;RRP9;ITPR1;RAN;TSPYL2;KNOP1;TAF1D;PELI1;PIM1;DDX21;SIX1;FSAF1;PUM3;NOP58;MARS1;UTP6;RPS27L;IMP4;RPS2;KDM7A;AKNA;RRP1;RAE1;GON7;CDKN2A;ERF;ZFP69B;NUFIP1;AKAP8;GPATCH4;PUS1;METTL18;DDX55;DKC1;BRF2;HSPA9;NBN;ANP32B;DDX18;CDC14A;METTL22;CDCA8;KIF20B;RBM7;RPP30;DDX49;WDR36;WDR43;RPS23;RPS27;RPS19;IFI16;DHX33;ZNF385A;RRP1B;ZCCHC17;RCC2;CASP6;HEATR1;G2E3;CDK4;SYNE2;POP1;HOMEZ;RPS3;TEX10;LRP1;ZNF593;PRKDC;MUS81;MDN1;RPS14;BAZ2A;POLR1E;RCL1;EXOSC6;UTP11;DROSHA;RPP25;DIMT1;GTPBP4;KDM5A;HLTF;NSD2;POLR1H;NAA50;MYBBP1A;NMD3;EIF4A3;IFI35;HNRNPM;NOP2;MCRS1;GNL3L;RPS4X;S100A16;RPL23A;GRWD1;SURF6;EXOSC2;NIP7;NEPRO;IPPK;ILF2;UTP4;MYSM1;TAF1B;TMA16;PNO1;FGF12;MYC;UTP18;PRDM5;UBE2M;NOL8;SMAD7;NSUN5;HUS1;ZNF146;PLRG1;ZCCHC9;EXOSC1;HMGN2;NPM1;SNHG12;HDHD3;PELP1;RPP21;POLA1;RAD51;PPIL1;SGF29;TSEN15;DNAJC2;MAK16;RNF213;RPL35;TSEN54;DGKQ;GEMIN4;THUMPD3;RPS13;SP140L;PLK3;TSR1;EBNA1BP2;RPL8;RPS15A;SF3B3;TRAIP;APEX1;CCDC86;DDX52;ZCCHC8;C1QBP;RBM10;SRP19;UTP15;CDC6;BMS1;DHX37;ZZZ3;GAR1;RPL27;ZNF641;NVL;DDX47;WDR75;EXOSC9;MTREX;XPO1;PARP10;SUB1;CHTOP;NHP2;TBL3;MYG1;RBM28;RARA;RSL1D1;RPS7;RPS8;FBL;NKRF;PPP1R26;PIN4;TAF15;ORC4;RRS1;NOC2L;RTF1;RPS12;FEN1;WDR74;KDM4A;UTP14A;ALKBH2;MRTO4;HNRNPR;WDR46;SMARCA4;ATXN7;AATF;URB1"
"GOCC_NUCLEOTIDE_ACTIVATED_PROTEIN_KINASE_COMPLEX",0.704954055133839,1,0.402834190215639,0.823208000196775,3528,11,"PRKAA2;PRKAG2;PRKAR1A;PRKAB2;PRKAG1;PRKAA1;PRKAB1"
"GOCC_NUCLEOTIDE_EXCISION_REPAIR_COMPLEX",0.962552848802094,1,0.264771772612714,0.599515421637938,4780,17,"RAD23B;ERCC1;XPA;CETN2;CUL4A;XRCC1;XPC;ERCC5;RBX1;ERCC4;ERCC3;RAD23A;DDB1;POLD1;SLX4;CUL4B;ERCC8"
"GOCC_NURD_COMPLEX",0.961010101010101,1,0.269193074158772,0.601793822886788,4756,16,"CHD5;CDK2AP1;CDK2AP2;MBD3;CHD3;GATAD2B;HDAC1;MBD2;MTA3;RBBP7;MTA1;MTA2;CHD4;RBBP4;GATAD2A;HDAC2"
"GOCC_NURF_COMPLEX",0.894346431435445,1,-0.347826086956522,-0.636376828321539,4460,7,"RBBP4;SMARCA5;RBBP7;BACC1;SMARCA1;HMGXB4;BPTF"
"GOCC_OLIGOSACCHARYLTRANSFERASE_COMPLEX",0.491064336775218,1,-0.465125556529122,-0.977626110063691,2472,13,"TMEM258;TREX1;OSTC;KRTCAP2;STT3B;DDOST;DAD1;RPN1"
"GOCC_OLIGOSACCHARYLTRANSFERASE_COMPLEX_A",0.430652564358411,1,-0.538374725082267,-1.04527553063401,2157,9,"TMEM258;OSTC;KRTCAP2;DDOST;DAD1;RPN1;OST4;STT3A"
"GOCC_OLIGOSACCHARYLTRANSFERASE_COMPLEX_B",0.631736526946108,1,-0.463742470850392,-0.875822421519461,3164,8,"TMEM258;STT3B;DDOST;DAD1;RPN1"
"GOCC_OMEGASOME",0.668251138839374,1,0.50382498367385,0.856400776909594,3373,5,"ULK1;EMC6;TRIM5;ATG14;ZFYVE1"
"GOCC_ORGANELLAR_RIBOSOME",0.187198766146135,1,-0.387681468081147,-1.16417484359531,970,84,"MRPL23;MRPL52;MTG1;MRPL15;MRPS11;MRPL27;MRPS21;MRPS16;MRPL53;MRPS17;MRPL42;MRPL1;MRPL47;MRPL22;MRPL13;MRPS12;MRPS33;MRPS35;MRPL51;MRPS14;DAP3;MRPL14;MRPS15;MRPL32;MRPL3;MRPL9;MRPS18C;PTCD3;MRPL24;CHCHD1;MRPS31;MRPL36;MRPL40;MRPS7;MRPL57;MRPL28;MRPL17;MRPS18A;MRPS10;MRPS23;MRPL4;MRPL21;MRPL30;MRPL55;MRPL12;MRPL39;MRPS24;MRPS26;GADD45GIP1;MRPL37;MTG2;MRPL43;MRPS5;MRPL20;MRPS22;MRPL16;MRPL11;MRPL44"
"GOCC_ORGANELLE_ENVELOPE",1,1,-0.13026503867556,-0.494913178478952,5800,1176,"SOX10;GATM;CYP24A1;DHRS2;TMEM14EP;CLMN;PLA2G2A;MTCO2P12;ALPL;PLA2G4B;FLVCR2;NUP210;CKMT1B;EDNRB;CDC25C;HKDC1;CD38;IMMP1L;PLN;ADAP2;AMBP;PLA2G4C;FLVCR1;PRKCZ;QRICH2;DMAC1;KCNH1;SEPTIN4;PPP2R2B;MTARC1;TET1;RANBP17;GCH1;COX7A1;MRPL23;PTGDS;OSBPL6;NOS1AP;SMAD1;DPY19L2;IKBKE;DUSP18;NDUFAF4;UQCRQ;DHODH;ADCK1;MAD2L1;TWNK;BDH1;MT-ND3;MRPL52;TMEM97;HMOX1;CENPF;ITPRIP;PMAIP1;MTG1;IL15RA;UQCC2;SLC25A35;PLEKHN1;FGR;GPAM;NAT8L;OMA1;CYP11A1;ROMO1;PTGS2;CPNE1;SUV39H1;TRIM14;NDUFAF5;CCND2;GRPEL2;TIMM13;LMNB1;L2HGDH;ATP5ME;BID;SPAG4;SMOX;NDUFA9;GHDC;ARFGAP1;TYMS;TIMM8B;TIGAR;COX7B;MTFP1;TRAF3IP3;CPS1;CPT1B;RPS27A;SREBF1;PPIF;ENY2;SLC25A15;OGT;MFN1;NDUFA3;EPHA4;KPNA2;TMPO;SLC25A32;NDUFAF2;MRPL15;PEMT;PRICKLE2;TMC6;CKMT2;MLXIP;DUSP2;TMEM135;PRKCA;ITPR1;MIX23;RAN;TMEM126A;MSTO1;NME4;FDXR;HCCS;SFXN4;NRP1;NUP93;BPHL;RANBP1;ACSL3;CHCHD5;NDUFB3;TYRO3;BAK1;ATP5MJ;NXT1;CISD1;RAE1;PLAAT1;NDUFA1;MT-CO3;ATP5MK;GHITM;HSPD1;AKAP6;NDUFB11;MRPS11;HSPA9;CYP27A1;TIMM9;SMIM30;LRRC59;SCRN1;MICOS10;NDUFA7;NDUFB4;SPNS1;MRPL27;SPIRE1;ATAD3A;MT-ATP8;MTNAP1;PRKG2;SFXN2;ATP5F1E;TIMM50;TIMM44;NDUFS6;CDK4;SYNE2;NDUFA2;EIF5A;KPNB1;PTGES;TOMM5;RPS3;NDUFAF1;VPS13C;COA7;RGPD6;MRPS21;GUF1;NDUFB1;BOK;GABBR1;PARP16;STOML2;TREX1;UQCRH;PET100;RTEL1;ATP5MC3;MT-ATP6;NUP155;HLCS;COX16;MRPS16;MRPL53;XPOT;CYCS;SYNE4;MRPS17;APOO;COX6C;TMEM120B;FECH;DNAJC15;COASY;UBIAD1;COX5A;MRPL42;NDUFA6;ERN1;PDSS2;MRPL1;COX5B;FAM156B;NLN;ARMCX2;TMEM177;PNPT1;COX18;DARS2;SMDT1;MRPL47;COA5;SCO2;LBR;LDHB;APP;NRM;TMEM201;MICOS13;CYP2E1;TIMM17B;NUP85;ATP5PO;NDUFA12;NDUFS7;PLRG1;PPP1R15A;PGAM5;COA6;RNF180;AFG3L2;POLA1;ATP5F1D;MRPL22;NUP35;CHMP4A;ATP5MC1;THG1L;NUP88;TOR2A;PLCB1;IMMP2L;ARMC1;TXLNG"
"GOCC_ORGANELLE_ENVELOPE_LUMEN",0.959753514346235,1,-0.244858243578866,-0.746079015217603,4983,95,"GATM;ALPL;CDC25C;UQCC2;FGR;OMA1;TIMM13;TIMM8B;CPT1B;MIX23;NME4;CHCHD5;PLAAT1;TIMM9;PTGES;COA7;STOML2;CYCS;COX6C;COX5A;NLN;PNPT1;APP;COA6;OPA1;PRELID1;PANK2;TRIAP1;CHCHD4;FKBP10;NDUFS5;SIRT5;BLOC1S1;CHCHD2;TIMM23;TIMM29;CCAR1;TIMM10B;AGK;TUBB;HTRA2;HAX1;TIMM8A"
"GOCC_ORGANELLE_INNER_MEMBRANE",1,1,-0.163821717770202,-0.59394393633085,5524,522,"GATM;CYP24A1;MTCO2P12;PLA2G4B;CKMT1B;IMMP1L;AMBP;FLVCR1;DMAC1;KCNH1;COX7A1;MRPL23;SMAD1;DPY19L2;DUSP18;NDUFAF4;UQCRQ;DHODH;ADCK1;TWNK;BDH1;MT-ND3;MRPL52;MTG1;UQCC2;SLC25A35;FGR;OMA1;CYP11A1;ROMO1;PTGS2;NDUFAF5;GRPEL2;TIMM13;LMNB1;L2HGDH;ATP5ME;SPAG4;NDUFA9;TYMS;TIMM8B;COX7B;MTFP1;CPS1;SLC25A15;NDUFA3;TMPO;SLC25A32;NDUFAF2;MRPL15;CKMT2;ITPR1;TMEM126A;NME4;FDXR;HCCS;SFXN4;NDUFB3;ATP5MJ;NDUFA1;MT-CO3;ATP5MK;GHITM;HSPD1;NDUFB11;MRPS11;HSPA9;CYP27A1;TIMM9;MICOS10;NDUFA7;NDUFB4;SPNS1;MRPL27;ATAD3A;MT-ATP8;MTNAP1;SFXN2;ATP5F1E;TIMM50;TIMM44;NDUFS6;NDUFA2;RPS3;NDUFAF1;MRPS21;GUF1;NDUFB1;BOK;STOML2;UQCRH;PET100;ATP5MC3;MT-ATP6;COX16;MRPS16;MRPL53;CYCS;MRPS17;APOO;COX6C;TMEM120B;FECH;DNAJC15;COX5A;MRPL42;NDUFA6;ERN1;PDSS2;MRPL1;COX5B;TMEM177;COX18;SMDT1;MRPL47;COA5;SCO2;LBR;LDHB;APP;NRM;TMEM201;MICOS13;CYP2E1;TIMM17B;ATP5PO;NDUFA12;NDUFS7;PGAM5;AFG3L2;ATP5F1D;MRPL22;ATP5MC1;IMMP2L;OPA1;LETM1;TMEM223;PARL;SHMT2;CBX3;RAB5IF;NDUFB2;MRPL13;NDUFS8;COX7C;MRPS12;TRA2B;MRPS33;GPD2;MTX1;COQ2;MRPS35;UQCRHL;CHCHD6;MRPL51;SLC25A16;MRPS14;ATP5F1C;DAP3;MRPL14;MRPS15;COX8A;NDUFS5;SIRT5;MRPL32;NDUFA13;TOMM40;MRPL3;MRPL9;TMEM65;PHB2;MRPS18C;UQCRB;PTCD3;MRPL24;UQCR11;CHCHD1;TMEM14C;MT-ND2;NDUFB9;UQCRC1;NDUFB5;TIMM23;MRPS31;ENDOG;MRPL36;TIMM29;UQCR10;NDUFA4;COX7A2L;MRPL40;TAMM41;MAIP1;SLC25A37;MT-CYB;MRPS7;MRPL57;MRPL28;ATP5PB;MRPL17;NDUFV2;GRPEL1;MRPS18A;NDUFS2;ATP5MG;MRPS10;SLC25A24;TIMM10B;MRPS23;CCDC51;AGK;SLC25A6"
"GOCC_ORGANELLE_MEMBRANE_CONTACT_SITE",0.850164880461665,1,0.278057846244902,0.806187039007592,4124,61,"GRAMD1B;OSBPL10;RAB38;STARD3;ESYT2;STIMATE;PSEN2;OSBPL1A;STX17;SARAF;C1orf43;ATG16L1;CLSTN3;BLTP1;CLCC1;PDZD8;CERT1;OSBPL5;PIK3R4;BLTP2;CANX;VPS13A;RMDN3;OSBPL11;PSEN1;SERAC1;TMEM41B"
"GOCC_ORGANELLE_SUBCOMPARTMENT",1,1,-0.196598783323987,-0.753897870813758,5883,1393,"HLA-DQA1;HLA-DQB1;HLA-DRB5;JPH1;DHH;TLR9;HLA-DRB1;CD74;HLA-DRA;TTYH1;ATP10B;GRM6;RPE65;CHST6;AGMO;ILDR2;LRAT;FXYD3;FITM1;HLA-DPA1;DERL3;AP1M2;HLA-DPB1;ADGRG6;RASIP1;ST6GAL1;UGT8;CERS4;ARSL;ATP13A4;HAS1;PLA2G2A;KCNA2;CYP2D6;B4GALNT4;DCSTAMP;ST6GAL2;CERS1;GPAT3;ACP3;ATP2A1;GDPD3;UCHL1;LCTL;SEZ6L2;PLPP2;FLVCR2;CASQ1;TMCC3;PANX2;FLRT1;TRPM8;NUP210;CH25H;RASGRF2;APOB;FLRT3;HLA-DQA2;UGT2B4;HID1;SFTPA1;SULF2;ELOVL2;ELOVL7"
"GOCC_ORIGIN_RECOGNITION_COMPLEX",0.799001996007984,1,-0.393164427911942,-0.742528974492482,4002,8,"ORC1;ORC4;ORC5;ORC6"
"GOCC_OTHER_ORGANISM_CELL_MEMBRANE",0.386674718196457,1,-0.723870544265378,-1.11332608610714,1920,3,"C7"
"GOCC_OTHER_ORGANISM_PART",0.240568832707881,1,-0.476066584903939,-1.16803104670356,1217,26,"GBP5;C7;C4B;C2;FCN3;C4A"
"GOCC_OUTER_DENSE_FIBER",0.68389780154486,1,0.495456322874751,0.842175742736456,3452,5,"TMEM232;CTSH;AK1"
"GOCC_OUTER_DYNEIN_ARM",0.806490384615385,1,0.38542795397207,0.732563144524403,4025,8,"DNAI1;CFAP70;DNAH17;ODAD1"
"GOCC_OUTER_MEMBRANE",0.989405204460967,1,-0.228900200019731,-0.778452705436867,5322,243,"SOX10;CLMN;PLA2G2A"
"GOCC_OUTER_MITOCHONDRIAL_MEMBRANE_PROTEIN_COMPLEX",0.453648915187377,1,-0.410699151300973,-0.993476719551967,2299,24,"MFN1;HSPA9;MICOS10;TOMM5;APOO;MICOS13;MTX1;CHCHD6;TOMM40;TOMM7"
"GOCC_OXIDOREDUCTASE_COMPLEX",0.781626187961985,1,0.274233979812475,0.860701085585741,3700,106,"DUOX2;NOXO1;OGDHL;DUOXA1;NOXA1;NOX5;PDK2;NCF2;NDUFC2-KCTD14;DUOX1;GMPR;LDHA;CAT;PDK1;RRM2B;CYB5R3;RAC2"
"GOCC_P_BODY",0.924036063686936,1,-0.254486311311747,-0.77678750740637,4816,96,"LIN28A;TRIM71;IGF2BP1;APOBEC3B;ZFP36;ZC3H12A;DCPS;PSMA2;LSM2;APOBEC3D;NOCT;MEX3B;PATL2;IGF2BP2;APOBEC3C;PSMA4;FAM184A;MEX3A;EIF4E2;PATL1;MOV10;POLR2G;UBAP2;TNRC6B;CNOT7;PSMC3;TNRC6C;RC3H1;AGO2;CNOT1;NBDY;PAN3"
"GOCC_PALMITOYLTRANSFERASE_COMPLEX",0.970664538016364,1,-0.264626294672016,-0.513782274122799,4863,9,"SPTLC3;ORMDL2;SPTSSA;GOLGA7;SPTLC1;ZDHHC9;SPTLC2;ORMDL3;ORMDL1"
"GOCC_PAM_COMPLEX_TIM23_ASSOCIATED_IMPORT_MOTOR",0.670502725620836,1,-0.504600329178139,-0.85592209636011,3320,5,"GRPEL2;DNAJC15;GRPEL1"
"GOCC_PAR_POLARITY_COMPLEX",0.668191764471852,1,0.480407146328099,0.851360611068993,3358,6,"PARD6B;PARD6A;PARD6G"
"GOCC_PARANODAL_JUNCTION",0.198476343223737,1,-0.691890632164237,-1.26587160237093,989,7,"KCNA2;MARVELD2;SPTBN2"
"GOCC_PARANODE_REGION_OF_AXON",0.489429597128041,1,0.546086334083842,1.00571836773114,2453,7,"ERMN;KCNA1;CNTNAP1"
"GOCC_PARASPECKLES",0.948564593301435,1,-0.285955098062654,-0.567713497151222,4757,10,"BCL11A;CPSF6;HNRNPM;SFPQ;NUDT21"
"GOCC_PCG_PROTEIN_COMPLEX",1,1,0.161092379728477,0.460911314476474,4874,56,"ASXL3;CBX7;SCML2;PCGF5;CBX2;ASXL2;CBX8;CBX6;EZH1;SKP1;TRIM37;PHF1;MAX;PCGF3;RYBP;EPOP;AEBP2"
"GOCC_PEPTIDASE_COMPLEX",1,1,-0.16767106744809,-0.540082666764912,5280,149,"CFI;KLKB1;FCN3;IMMP1L;TPSAB1;PSMB9;F7;F3;CASP1;F12;SUPT3H;PSMA3;TAF10;PSMA2;CFH;ENY2;PSMB10;PSMA5;PSMA7;PSMA4;CASP3;PIPSL;CASP6;PSMA1;PSMB8;PSMB7;IDE;VCP;CASP7;SPCS1;AFG3L2;SEM1;SGF29;IMMP2L;PSME3;SUPT20H;PSMD14;PSMD13;TRIM27;SF3B3;PLAUR;KAT2A;PSMC4"
"GOCC_PEPTIDASE_INHIBITOR_COMPLEX",0.523866827115925,1,0.482075500473906,0.963711008004922,2611,10,"CSTA;VTN;PLAT;PLAU"
"GOCC_PERICENTRIC_HETEROCHROMATIN",0.212615445077618,1,-0.471570774356493,-1.1915229747698,1081,30,"ESCO2;SNAI1;CENPA;HELLS;ZNF618;EZH2;INCENP;DNMT1;CBX3;BAZ1A;KDM4A;KMT5C;ATRX"
"GOCC_PERICENTRIOLAR_MATERIAL",0.998785670916818,1,0.185332150693245,0.443525410368865,4934,22,"TUBG2;DYNC2I1;BBS9;CEP85;BBS4;CDK5RAP2;CEP85L;RABL2B;TUBG1;TNKS;RAC1;HOOK3;NIN;PCM1;TCP1;TNKS2;NEK1;TUBE1;NEDD1;DYRK3;CEP192;CEP152"
"GOCC_PERICHROMATIN_FIBRILS",0.814253987482334,1,-0.425585158120133,-0.721893585188954,4032,5,"NUFIP1;CPSF6"
"GOCC_PERINEURONAL_NET",0.774874371859297,1,-0.433855371247564,-0.765142265123455,3854,6,"PTPRZ1"
"GOCC_PERINUCLEAR_ENDOPLASMIC_RETICULUM",0.750503018108652,1,0.348610776259578,0.806244676838744,3729,19,"OSBP2;PIK3R1;OSBPL3;CAPN2;OSBPL1A;FYN"
"GOCC_PERINUCLEAR_REGION_OF_CYTOPLASM",0.999773960216998,1,0.204031098064974,0.762239970831009,4422,642,"MYRIP;SCN5A;CX3CR1;CHODL;LDB3;GAD1;TGFA;PACSIN1;RAB11FIP4;PDE2A;MX1;SNCA;NTRK2;KCNB1;CABP1;SNAP25;PLCG2;GALNT3;BRSK2;WBP2NL;ADGRB1;IRAG1;SORT1;ATP2C2;DYNC1I1;KCNS2;SYT5;OSBP2;APOD;TSPAN1;RHPN2;ACHE;STC2;SLC5A3;ALDH1A2;TPPP3;GPER1;NANOS1;KCNA3;OAS2;PTPRR;GALNT1;LIMK2;RAB3A;PIK3R1;MYO16;NHERF1;CMYA5;SNCG;LYN;FMN2;PLEKHG5;ATCAY;RAB38;S100A4;GBP4;KRT18;RAB40B;EHD1;APLP1;GALNT6;HSP90AB3P;MAGI2;PRKN;FZD5;VAMP8;SPP1;CIDEB;APC2"
"GOCC_PERINUCLEAR_THECA",0.262539808917197,1,0.829532056810376,1.19203671596083,1318,2,"WBP2NL;CCIN"
"GOCC_PERINUCLEOLAR_COMPARTMENT",0.683346518987342,1,0.524607494228517,0.852660024815499,3454,4,"EPPK1;SORL1"
"GOCC_PHAGOCYTIC_CUP",0.907498523912616,1,-0.286471373726477,-0.698698674038378,4610,25,"MEGF10;ARHGAP25;CORO1A;SH3BP1"
"GOCC_PHAGOCYTIC_VESICLE",0.999812100714017,1,-0.192752237327399,-0.613772416993595,5320,132,"TLR9;DMBT1;MPEG1;ADAM8;SYK;CORO1A;SYT7;STXBP2;FMNL1;TLR2;NOD1;ABCA1;TRIM14;CD82;HVCN1"
"GOCC_PHAGOCYTIC_VESICLE_LUMEN",0.990380761523046,1,0.504757018934801,0.674730868079052,4941,1,"HGS"
"GOCC_PHAGOCYTIC_VESICLE_MEMBRANE",0.994769874476987,1,0.213730018415691,0.638829536063059,4754,75,"SLC15A2;SLC9A9;HLA-F;ATP6V0E2;RAB38;HLA-B;VAMP8;RAB23;HLA-E;RAB20;TLR1;RAC2;B2M;APPL2;ANXA3;ATP6V0E1;MCOLN1;OCRL;RAB11B;ATP6V0A1;SLC48A1;SLC11A1;RAB22A;HLA-C;ATP6V0C;VAMP3;TAPBP;PIP4P1;MTMR4"
"GOCC_PHAGOLYSOSOME",0.410050251256281,1,-0.612078286436632,-1.07945411663412,2039,6,"MPEG1;ADAM8"
"GOCC_PHAGOPHORE_ASSEMBLY_SITE",0.346930450744442,1,0.396706820610504,1.06063251762553,1700,38,"ATG9B;STBD1;SNX7;ATG2B;WIPI2;BCAS3;ATG16L1;RB1CC1;NBR1;WDR45B;ATG16L2;STX12;WDR45;ATG13;RAB1B;ULK1;RAB7A;PHAF1;ATG9A;ILRUN;TAX1BP1;BECN1"
"GOCC_PHAGOPHORE_ASSEMBLY_SITE_MEMBRANE",0.349321999595224,1,0.448264834078314,1.07275960347317,1725,22,"ATG9B;STBD1;ATG2B;WIPI2;ATG16L1;RB1CC1;WDR45B;ATG16L2;WDR45;ATG13;RAB1B;ULK1;RAB7A"
"GOCC_PHOSPHATASE_COMPLEX",0.993630573248408,1,0.214786978291206,0.621749460645007,4835,60,"PPP4R4;PPP2R2C;AKAP5;PPP1R3G;PPP1R3C;PPP1R3E;PPP2R5B;PPP2R3B;PPP1R3B"
"GOCC_PHOSPHATIDYLINOSITOL_3_KINASE_COMPLEX",0.973871733966746,1,-0.252483960965464,-0.557866178992013,4919,16,"PIK3R5"
"GOCC_PHOSPHATIDYLINOSITOL_3_KINASE_COMPLEX_CLASS_I",0.84943865276664,1,-0.377465984998615,-0.690605493206467,4236,7,"PIK3R5"
"GOCC_PHOSPHATIDYLINOSITOL_3_KINASE_COMPLEX_CLASS_III",0.950109758531231,1,-0.28832695717085,-0.559798034922231,4760,9,"NRBF2;PIK3C3;ATG14;BECN1;UVRAG;ULK1;ATG13;PIK3R4;RB1CC1"
"GOCC_PHOSPHOLIPID_TRANSLOCATING_ATPASE_COMPLEX",0.620047543581617,1,-0.413611686155586,-0.88625565083759,3129,14,"ATP10B"
"GOCC_PHOSPHORYLASE_KINASE_COMPLEX",0.380273321449792,1,0.65771873279392,1.11798908749102,1919,5,"PHKA1;PHKG1;PHKB"
"GOCC_PHOTORECEPTOR_CONNECTING_CILIUM",0.205423171733772,1,0.445847669764146,1.1842717182332,999,37,"USH2A;MYO7A;USH1G;KIF17"
"GOCC_PHOTORECEPTOR_DISC_MEMBRANE",0.832331730769231,1,0.373104274285115,0.709140158592663,4154,8,"OPN4;PDE6G;ABCA4"
"GOCC_PHOTORECEPTOR_OUTER_SEGMENT_MEMBRANE",0.569024243638549,1,0.473824917505801,0.924607969624929,2839,9,"CDHR1;PDE6G;PROM1"
"GOCC_PHOTORECEPTOR_RIBBON_SYNAPSE",0.238710960811617,1,0.695692543207596,1.2328818029215,1199,6,"PACSIN1;CDH23;CACNB2;DAG1"
"GOCC_PI_BODY",0.8885523924894,1,-0.366185514475666,-0.621137670911166,4400,5,"PIWIL2;ANKRD34C;MOV10L1"
"GOCC_PICLN_SM_PROTEIN_COMPLEX",0.677185929648241,1,-0.479900264155593,-0.846346500432813,3368,6,"SNRPE;SNRPD1;SNRPD2;SNRPF"
"GOCC_PIGMENT_GRANULE",0.808236536430834,1,0.271235618652609,0.851290535124272,3826,106,"MYRIP;MYO7A;GPR143;MYH11"
"GOCC_PIP_BODY",0.477053140096618,1,-0.676397075030191,-1.04031102544988,2369,3,"TDRD9"
"GOCC_PITUITARY_GONADOTROPIN_COMPLEX",0.275284260921604,1,-0.860787239996269,-1.14924237934888,1379,1,"CGB3"
"GOCC_PLASMA_MEMBRANE_RAFT",0.37298766464562,1,0.332179706358616,1.03006194303651,1783,97,"SCN5A;ADRA1A;CD36;CAV3;ASAH2;TNFRSF10A;NOS3;GASK1A;ATP1A2;LRRK2;HCK;KCND2;PTGIS;CDH15;FXYD1;ITGB2;SORBS1;EFNA5;CAVIN2;ATP2B4;ATP1B1;PLPP1;CD177;FLOT2;F2R;TFPI;SLC2A1;DAG1;KCNMA1;TLR1;TGFBR2;CAV1;CDH1"
"GOCC_PLASMA_MEMBRANE_REGION",0.260541813898704,1,0.269962498933778,1.03522988826832,1105,1019,"MGAM;CHRM2;HHIP;SCN5A;CDH10;SLITRK1;CDH8;ADRA1A;TACR1;ZG16B;USH2A;RGS7;ADGRE2;CA9;AQP7;SLC14A1;TGFA;DUOX2;PACSIN1;RAB11FIP4;MUC13;ADGRB3;ANO1;SLC5A10;PDE2A;GABRA3;HCN1;MYO7A;CDHR1;CHRM3;GPR143;ABCB1;ROBO2;NKD2;GABRB3;STC1;SCN3A;AJAP1;MUC20;CPO;ATP2B2;CNTN1;DIO1;SLC6A13;RIMS1;CDH17;KL;S100P;CD36;CFTR;LRRC4;PPFIA2;DOK7;KCNB1;CHRNA1;FOLR1;KCNJ2;FGD5;ADAM22;HPGD;SLC47A2;NRXN3;SNAP25;GNAO1;GRIN2C;IGFBP2;LRRC4B;GRM1;PLCG2;NSG1;CAV3;RASGRP2;RGS7BP;SYT1;LAMP5;LHFPL4;MYLK;ASAH2;ADGRG2;TNFRSF10A;MEGF11;SLC2A5;ANK1;KCNE1;NOS3;EFNB2;ATP2C2;LRRC7;OPN4;CFAP126;GASK1A;PKD1L1;NEDD4L;ATP1A2;EPHA7;GRIA1;SVIL;LRRK2;KIF17;SLC15A2;CHRNA5;RIMS4;SHISA8;SLC5A3;HCK;KCND2;KCNA1;CLIC5;PTGIS;ADRB2;ITGA3;CDH15;KCTD16;FXYD1;RIPOR2;PLPP3;CACNG2;CRYAB;RIGI;CXADR;GPER1;CYS1;AKAP5;KCND1;CLCA2;PTPRH;SLC5A12;PTPRQ;ATP8B1;EPPK1;GJA1;SLC16A6;TGFBR3;NLGN4Y;GRIN1;CHRFAM7A;GABBR2;PDE6G;SLC20A2;CA12;C1QC;SHC4;SLC1A7;CSPG4;KANK1;NHERF1;ABCB4;DRD1;ANXA13;GRM5;NEDD9;ITGB2;SLC29A1;GPR88;PODXL;SLC12A1;SLC17A5;SORBS1;MPP2;KCNN4;LMO7;ABCA7;SLCO4A1;AJM1;ADORA1;TRPV1;SLC28A3;MTTP;SLC39A8;EFNA5;PARD6B"
"GOCC_PLATELET_ALPHA_GRANULE",0.475628626692456,1,-0.328330820892826,-0.980063459320777,2458,81,"PDGFB;SERPINF2;CFD;FGB;SERPINA3;AHSG;SERPINA1;FGA;A2M;FGG;PECAM1;EGF;PCDH7;ALB;HGF"
"GOCC_PLATELET_ALPHA_GRANULE_MEMBRANE",0.38298730094739,1,0.48247260721464,1.06289419392201,1899,15,"ITGA2B;SNCA;CD36;APLP2;CYB5R1;PHACTR2"
"GOCC_PLATELET_DENSE_GRANULE",0.440708677269982,1,0.447196763415432,1.01257529656033,2188,17,"SELENOP;CLEC3B;ECM1;FAM3C;TIMP3"
"GOCC_PLATELET_DENSE_GRANULE_LUMEN",0.378945265681183,1,0.52515452113986,1.07317455579036,1896,11,"SELENOP;CLEC3B;ECM1;FAM3C;TIMP3"
"GOCC_PLATELET_DENSE_GRANULE_MEMBRANE",0.424793054714315,1,-0.633674377280836,-1.07486236145602,2103,5,"RAB27B;ITPR1"
"GOCC_PLATELET_DENSE_TUBULAR_NETWORK",0.922137710168135,1,-0.304951977182092,-0.616524195366734,4606,11,"ATP2A1;DMTN"
"GOCC_PLATELET_DENSE_TUBULAR_NETWORK_MEMBRANE",0.874476152464578,1,-0.34381069721931,-0.667521880635553,4381,9,"ATP2A1;DMTN"
"GOCC_PML_BODY",0.773505900266464,1,-0.280091490554838,-0.863599326150461,4063,104,"ANKRD2;SP140;CIITA;NFE2;IKBKE;TOP3A;ZBTB16;PIAS4;TDG;MKNK2;TENM2;RPAIN;NBN;ZMYM2;CHEK2;HMBOX1;SMC5;SMC6;EIF3E;PATL1;RAD51;RGS14;UBN1;TRIM16;ZNF451;SLF2;TRIM27;SKIL;ATR;TOPBP1;AKAP8L;CHFR;RFWD3;ELF4;SIMC1;HIRA;ATRX;LRCH4;N4BP1"
"GOCC_PODOSOME",0.999212443394369,1,-0.173500478964775,-0.460562744007254,5074,39,"ADAM8;NOS1AP;SH3PXD2A;TNS3;AFAP1L1"
"GOCC_POLAR_MICROTUBULE",0.453555159437512,1,0.61812161959193,1.05068198758842,2289,5,"KLHL21;KLHL22;TUBG1"
"GOCC_POLE_PLASM",0.920676464666801,1,0.291755335569302,0.660613558964213,4572,17,"TDRD6;ANKRD34A;DDX3Y;TDRD7;CARHSP1"
"GOCC_POLYMERIC_CYTOSKELETAL_FIBER",0.999774520856821,1,0.21182380852137,0.788048888012862,4433,607,"KRT86;KRT16;LDB3;PTPN20;TRIM54;DCDC1;FGF13;CIMIP2A;KRT20;DNAI1;CIMAP1D;ACTC1;DES;MX1;ACTL8;PPL;CFAP210;KRT14;INA;KIF5C;CFAP45;TRIM55;ACTN2;DNAH12;TOGARAM2;NEFH;LMNTD2;EML6;DYNC1I1;JUP;CFAP126;SAXO2;KRTAP1-5;WAS;SVIL;KIF17;TUBA4A;CLDN11;HCK;TMEM232;NCKAP5;BFSP1;KRTAP1-1;TUBA8;TPPP3;MAP6D1;GPER1;LMOD1;EFHB;KRTAP5-9;EPPK1;KRT33B;KIF6;GFAP;DNAH10;AMOT;CORO6;MX2;FMN1;PACRG;ARHGAP18;IFFO1;ESPN;MAP7D2;REEP1;TUBB4A;BCL2L11;RCSD1;ACTN3;DNAH17;GRAMD2B;ARHGAP4;KRT18;PALLD;RASSF5;DNAH7;SHANK2;REEP2;RASSF3;CFAP96;MAP2;CTSH;DYNLT2;APC2;KIF13B;KRT17;TUBG2"
"GOCC_PORE_COMPLEX",0.899817850637523,1,0.292812511256992,0.700740744283227,4445,22,"PLEKHA7;TSPAN33;SLC25A4;CD34;C5;SPG7"
"GOCC_POST_MRNA_RELEASE_SPLICEOSOMAL_COMPLEX",0.369221767115272,1,-0.402995875391921,-1.0512845945857,1892,35,"SNRPE;SNRPD1;EFTUD2;BUD31;SNRPG;ISY1;SNRPB2;SNRPD2;PLRG1;RBM22;PPIL1;SNRPF;SNRPA1;CWF19L1;CWC15;PRPF19;PPIE"
"GOCC_POSTSYNAPSE",0.427018356799145,1,-0.272367769083184,-1.00341052892189,2395,664,"OPRD1;DRD2;NGFR;GABRA2;NETO1;GRIK4;GPM6A;ELFN2;DGKB;CHRNA9;CACNG7;GABRA5;ADD2;GRID1;ERBB4;SLC24A2;ERBB3;GPR158;GAP43;VANGL2;LRRTM4;SHISA9;SH3GL3;SUSD4;SLITRK5;KCNA2;IQSEC3;SLC4A10;IL1RAPL1;PCDH17;SYN3;NLGN4X;SYN2;SPTB;FABP5;GRIK5;CHRNB2;FXYD6;NECAB2;SYNDIG1;ADORA2A;INSYN2A;GRIA2;RASGRF2;ADGRL3;FLRT3;BSN;CACNG8;NPAS4;BAALC;WNT5A"
"GOCC_POSTSYNAPTIC_ACTIN_CYTOSKELETON",0.72041508680902,1,-0.414267005231703,-0.804315551127631,3609,9,"ITPKA"
"GOCC_POSTSYNAPTIC_CYTOSKELETON",0.746871215179653,1,0.370177461039334,0.8023486986758,3699,14,"INA;NEFH;CTTNBP2;ACTB;NEFM"
"GOCC_POSTSYNAPTIC_CYTOSOL",0.924413904607922,1,0.274842015864959,0.686908301718109,4573,27,"KIF5C;SYT1;DAG1;PIAS1;PIN1;BAIAP2;SENP7;SENP5"
"GOCC_POSTSYNAPTIC_DENSITY_INTRACELLULAR_COMPONENT",0.47845084409136,1,-0.440336658454185,-0.985402932529461,2408,17,"SH3GL3;FABP5;PSD;TNIK"
"GOCC_POSTSYNAPTIC_EARLY_ENDOSOME",0.944543473955239,1,0.315843967741588,0.536870993144725,4768,5,"EEA1;VPS26B;SNX6;GRIPAP1"
"GOCC_POSTSYNAPTIC_ENDOCYTIC_ZONE",0.453616509717492,1,0.523934628642079,1.0223905820635,2263,9,"CALY;AP2A1;HIP1R"
"GOCC_POSTSYNAPTIC_ENDOSOME",0.977318752531389,1,0.247930777614916,0.587511392914565,4825,21,"NSG1;AKAP5;ABHD17B;EEA1;RAB11FIP3;ZDHHC2;ABHD17A;AP3M1;CLSTN1;RAB11A;STX12;VPS26B;SNX6"
"GOCC_POSTSYNAPTIC_ENDOSOME_MEMBRANE",0.542576637948307,1,0.485639761206743,0.947663107170814,2707,9,"AKAP5;ABHD17B;RAB11FIP3;ZDHHC2;ABHD17A"
"GOCC_POSTSYNAPTIC_RECYCLING_ENDOSOME",0.421693967239313,1,0.507677491760281,1.03745953766531,2110,11,"AKAP5;ABHD17B;RAB11FIP3;ZDHHC2;ABHD17A;AP3M1;RAB11A;STX12;VPS26B"
"GOCC_POSTSYNAPTIC_RECYCLING_ENDOSOME_MEMBRANE",0.363636363636364,1,0.63607963109795,1.1272379013493,1827,6,"AKAP5;ABHD17B;RAB11FIP3;ZDHHC2;ABHD17A"
"GOCC_POSTSYNAPTIC_SPECIALIZATION_INTRACELLULAR_COMPONENT",0.591187512349338,1,-0.38247286318497,-0.907133835146698,2991,22,"SH3GL3;FABP5;PSD;TNIK"
"GOCC_POTASSIUM_CHANNEL_COMPLEX",0.211882010801828,1,0.385565782225004,1.14118115592071,1019,70,"KCNIP4;KCNA4;KCNH4;HCN1;KCNMB1;KCNH5;KCNB1;KCNJ2;KCNB2;SNAP25;KCNAB1;KCNE1;KCNS2;KCNQ3;KCND2;KCNA1;KCND1;KCNA3;KCNK6;KCNJ6;KCNN4;AMIGO1;HCN3;KCNA7;KCNMB2;VAMP2"
"GOCC_PRC1_COMPLEX",0.999609603747804,1,-0.166360556750826,-0.427239022945084,5120,32,"SAMD11"
"GOCC_PRE_SNORNP_COMPLEX",0.683440256615878,1,-0.458852511949568,-0.839508930387782,3408,7,"NOP56;NOP58;NUFIP1"
"GOCC_PRECATALYTIC_SPLICEOSOME",0.290814357390969,1,-0.371552113909577,-1.08738576662457,1506,69,"SNRPE;MAGOHB;SNRPD1;PRPF38A;LSM2;EFTUD2;TXNL4B;LSM8;SNRPG;LSM5;ZMAT5;SNRPB2;SF3A3;LSM7;SNRPD2;SNRPA;SNRNP200;SNRPF;SNRPA1;SF3B3;PRPF4;RNF113A;RBMX2;RBM42;SF3B6;PRPF3;SNRPB;PRPF38B;SNU13;CWC27;SNRPC;TXNL4A;SRRM2;SF3B5;LSM3;LSM4"
"GOCC_PREFOLDIN_COMPLEX",0.695870088211708,1,-0.453160311667608,-0.829094575348168,3470,7,"PFDN2;PFDN4;PFDN1;PFDN6;PDRG1;VBP1"
"GOCC_PRERIBOSOME_LARGE_SUBUNIT_PRECURSOR",0.360847189231987,1,-0.488817037800302,-1.08004679608599,1822,16,"WDR12;RRP15;NIP7;MAK16;EBNA1BP2;RRS1;NOC2L;WDR74;MRTO4;PES1"
"GOCC_PRERIBOSOME_SMALL_SUBUNIT_PRECURSOR",0.336568938193344,1,-0.514685941099539,-1.10282987394738,1698,14,"RIOK2;UTP20;RRP1;RRP1B;NOB1;BYSL;SLX9;NOC4L;RIOK1;LTV1;NOP14;NOP9;FTSJ3"
"GOCC_PRESPLICEOSOME",0.979061807932354,1,0.243955941379632,0.552382709131236,4862,17,"SNRPN;SF3B1;LUC7L;LUC7L2;SF3A2;LUC7L3;DDX42;SNRNP70;PRPF39;SF3A1;SNRPC;PRPF40A;SNRPB;U2AF2;PRPF40B;LSM7;SNRPG"
"GOCC_PRESYNAPSE",0.222645617855199,1,-0.292572182614301,-1.06560821548527,1226,564,"OPRD1;DRD2;SLC35F1;NGFR;GABRA2;GRIK4;UNC13C;GPM6A;CRHBP;GABRA5;ERBB4;KCNJ10;CADM3;SLC24A2;GPR158;GAP43;TRIM9;LGI3;SH3GL3;GRM4;PTPRN;ICA1;KCNA2;SLC4A10;PCDH17;HTR1B;SYN3;ATP2B3;SYN2;GRIK5;CHRNB2;FXYD6;NTS;NECAB2;SLC22A1;ATP6V1B1;LPAR2;SYNDIG1;ADORA2A;CDH2;FLRT3;BSN;RIMS3;GUCY1B1;FER1L5;EGFLAM;EFNB3;ATP6V1G3;ATP6V1G2;EPHB2;SPHK1;GNRH1;SNCAIP;SPTBN2;BRSK1;CACNA2D2;KCNH1;ADAM11;KIF2C;ADCY8;RIMS2;SEPTIN4;SHROOM4;NECTIN1;NTM;SYT7;STXBP2"
"GOCC_PRESYNAPTIC_ACTIVE_ZONE",0.390914773911232,1,0.340140631570963,1.02158378254453,1875,77,"CDH10;GAD1;HCN1;RIMS1;SLC17A7;PCLO;PPFIA2;NRXN3;SYT1;GRIA1;RIMS4;ITGA3;GPER1;RAB3A;ADORA1;EHD1;UNC13A;FZD3;ATP2B4"
"GOCC_PRESYNAPTIC_ACTIVE_ZONE_CYTOPLASMIC_COMPONENT",0.723922674184454,1,0.384012233489881,0.815997970178432,3594,13,"RIMS1;PCLO"
"GOCC_PRESYNAPTIC_ACTIVE_ZONE_MEMBRANE",0.582010582010582,1,0.357829992880503,0.919220601637121,2859,31,"CDH10;HCN1;NRXN3;GRIA1;ITGA3;FZD3;ATP2B4;CACNA2D1"
"GOCC_PRESYNAPTIC_ENDOSOME",0.468643558405129,1,0.517083224004634,1.00902095312069,2338,9,"VAMP4;RABGEF1;RAB11A;RAB7A;VTI1B;VAC14"
"GOCC_PROCENTRIOLE_REPLICATION_COMPLEX",0.755979899497487,1,-0.441680201628569,-0.778942044586166,3760,6,"PLK4;CEP152;CEP192;CPAP"
"GOCC_PRONUCLEUS",0.291006339144216,1,-0.535128240344861,-1.1466320773877,1468,14,"TET3;CENPF;AURKA;CCNA2;EZH2;AKAP8"
"GOCC_PROTEASE_INHIBITOR_COMPLEX",0.921411387329591,1,-0.325705267081831,-0.595904943895321,4595,7,"CARD16;CASP1"
"GOCC_PROTEASOME_ACCESSORY_COMPLEX",0.873253296595158,1,-0.299374358016622,-0.730168827224679,4436,25,"SEM1;PSME3;PSMD14;PSMD13;PSMC4;PSMC3;PSMD6;PSMD8;PSMD12;PSMD11;PSMD2;PSME1;PSMD3;PSMC1;PSMC6;PSMD1;PSME2;PSMD4;PSMC5;PSMC2;PSMD10;PSMD7;PSMD5;ADRM1;PSMD9"
"GOCC_PROTEASOME_COMPLEX",0.451468585878234,1,-0.34442323041282,-0.994893377046243,2320,64,"PSMB9;PSMA3;PSMA2;PSMB10;PSMA5;PSMA7;PSMA4;PIPSL;PSMA1;PSMB8;PSMB7;IDE;VCP;SEM1;PSME3;PSMD14;PSMD13;PSMC4;PSMC3;PSMB4;PSME4;UBE3A;PSMB1;PSMD6;PSMD8;PAAF1;UBQLN4;PSMD12;ECPAS;PSMB2;PSMD11;PSMA6;PSMD2;PSME1;PSMD3;PSMB3;PSMB6"
"GOCC_PROTEASOME_CORE_COMPLEX_ALPHA_SUBUNIT_COMPLEX",0.182437850842021,1,-0.701656510402234,-1.28373909090018,909,7,"PSMA3;PSMA2;PSMA5;PSMA7;PSMA4;PSMA1"
"GOCC_PROTEASOME_CORE_COMPLEX_BETA_SUBUNIT_COMPLEX",0.284290271132376,1,-0.58752256122552,-1.16642259623398,1425,10,"PSMB9;PSMB10;PSMB8;PSMB7;PSMB4;PSMB1;PSMB2;PSMB3;PSMB6"
"GOCC_PROTEASOME_REGULATORY_PARTICLE_BASE_SUBCOMPLEX",0.923554132479488,1,0.305911996640381,0.63842595940936,4614,12,"PSMD9;PSMD5;PSMD10;PSMC2;PSMC5;PSMD4;PSMD1;PSMC6;PSMC1;PSMD2;PSMC3;PSMC4"
"GOCC_PROTEASOME_REGULATORY_PARTICLE_LID_SUBCOMPLEX",0.590419161676647,1,-0.481098068277155,-0.908600142605371,2957,8,"SEM1;PSMD14;PSMD13;PSMD8;PSMD12;PSMD11;PSMD3"
"GOCC_PROTEIN_COMPLEX_INVOLVED_IN_CELL_CELL_ADHESION",0.847238776321017,1,0.437220149253731,0.675737934378223,4264,3,"LGALS1;NLGN1;NRXN1"
"GOCC_PROTEIN_COMPLEX_INVOLVED_IN_CELL_MATRIX_ADHESION",0.637262817924909,1,0.402715105061665,0.872873079782081,3156,14,"TNXB;VTN;MMRN2;PLAU"
"GOCC_PROTEIN_FOLDING_CHAPERONE_COMPLEX",0.965893587994543,1,-0.244791315597517,-0.67370671116938,4955,48,"PFDN2;PSMG1;CCT6A;DNAJC2;CCT4;RUVBL1;PFDN1;CCT2;DNAAF2;UXT;CCT3;RUVBL2;CCT5;STIP1;CCT8;HSP90AB1;PFDN6;CCT7;HSF1;RPAP3;PSMG4;DNAJB11;TCP1;URI1;HSPA14;PDRG1;HSPA8;SPAG1;VBP1;CDC37;TSC1;PTGES3;PPP5C;SDF2L1;CCDC47;STUB1;HSPB8;HSP90AA1;CCT6B;PSMG2;SDF2;BAG3;WDR83OS;PFDN5;DNAJC9"
"GOCC_PROTEIN_KINASE_COMPLEX",0.958889595253232,1,0.241664163484535,0.802405523033136,4524,165,"CDK5R2;PSG9;PHKA1;ACVR1C;DAPK1;CCNP;PRKY;PRKAA2;CCNO;CCND1;PHKG1;CAB39L;PARD6B;IRAK2;PARD6A;PARD6G;CDK3;C9orf72;PRKAG2;NEK10;IKBKB;TGFBR2;CNPPD1;STING1;GTF2H2C;CCNG1;INSR;CDKN2D;ACVR2A;MAP3K5;PHKB;CDK19;CCNG2;IKBKG;RB1CC1;CDK11B;CCND3;CAB39"
"GOCC_PROTEIN_PHOSPHATASE_4_COMPLEX",0.824550777306683,1,-0.417296389588581,-0.707833863608263,4083,5,"PPP4C;PPP4R2;PPP4R3B;PPP4R3A;PPP4R1"
"GOCC_PROTEIN_PHOSPHATASE_TYPE_1_COMPLEX",0.989907145740816,1,0.224180179389786,0.540617040489014,4903,23,"PPP1R3G;PPP1R3C;PPP1R3E;PPP1R3B;PPP1R3D"
"GOCC_PROTEIN_PHOSPHATASE_TYPE_2A_COMPLEX",0.943104141535987,1,0.275818879142359,0.632704285082338,4690,18,"PPP2R2C;PPP2R5B;PPP2R3B;NKD1;PPP2R1B;PPP2R5D;PPP2R2D;PPP2R1A"
"GOCC_PROTON_TRANSPORTING_TWO_SECTOR_ATPASE_COMPLEX",0.660993740219092,1,-0.323016186089497,-0.884196747878089,3378,47,"ATP6V1B1;ATP6V1G3;ATP6V1G2;VMA12;ATP6V1C2;ATP5ME;ATP5MJ;ATP5MK;MT-ATP8;ATP5F1E;ATP5MC3;MT-ATP6;SPAAR;ATP5PO;ATP5F1D;ATP5MC1"
"GOCC_PROTON_TRANSPORTING_TWO_SECTOR_ATPASE_COMPLEX_CATALYTIC_DOMAIN",0.28196981731533,1,-0.55367305021589,-1.16374003262443,1419,13,"ATP6V1B1;ATP6V1G3;ATP6V1G2"
"GOCC_PROTON_TRANSPORTING_TWO_SECTOR_ATPASE_COMPLEX_PROTON_TRANSPORTING_DOMAIN",0.936568666935159,1,0.294154206954784,0.625056221811422,4650,13,"ATP6V0E2;ATP6V0E1;ATP6V0A1;ATP6V0C;ATP6V0D1;RNASEK;ATP6AP2"
"GOCC_PROTON_TRANSPORTING_V_TYPE_ATPASE_COMPLEX",0.504246494173415,1,-0.390411971776415,-0.957877151011597,2552,26,"ATP6V1B1;ATP6V1G3;ATP6V1G2;VMA12;ATP6V1C2"
"GOCC_PROTON_TRANSPORTING_V_TYPE_ATPASE_V0_DOMAIN",0.525471319695146,1,0.481418544340591,0.962397695345745,2619,10,"ATP6V0E2;ATP6V0E1;ATP6V0A1;ATP6V0C;ATP6V0D1;RNASEK;ATP6AP2"
"GOCC_PRP19_COMPLEX",0.830031695721078,1,-0.343885175259949,-0.73685098853508,4189,14,"ISY1;PLRG1;RBM22;CTNNBL1;U2AF2;CWC15;PRPF19"
"GOCC_PTW_PP1_PHOSPHATASE_COMPLEX",0.85309381237525,1,-0.365150454863541,-0.689621882186185,4273,8,"TOX4;PPP1CA;WDR82;PPP1R12A;PPP1CC;PPP1CB;PRR3;PPP1R10"
"GOCC_PWP2P_CONTAINING_SUBCOMPLEX_OF_90S_PRERIBOSOME",0.375678391959799,1,-0.627097877946477,-1.10594249278589,1868,6,"UTP6;WDR36;UTP18;TBL3"
"GOCC_PYRUVATE_DEHYDROGENASE_COMPLEX",0.344635021938572,1,0.615026719797717,1.13268476088807,1727,7,"PDK2;PDK1;PDHA1;DLD;PDHX;DLAT;PDHB"
"GOCC_R2TP_COMPLEX",0.96078431372549,1,0.300121279970146,0.510145597503595,4850,5,"PIH1D2;PIH1D1;RPAP3;RUVBL2;RUVBL1"
"GOCC_RAD17_RFC_LIKE_COMPLEX",0.709065213002221,1,-0.482666118842373,-0.818716462104638,3511,5,"RFC3;RFC5"
"GOCC_RADIAL_SPOKE",0.374949657672171,1,0.506428219636955,1.07612300657531,1861,13,"CFAP91;CFAP61;RSPH4A;CFAP119;CFAP206;IQUB;ROPN1L;CYB5D1;DYNLL2"
"GOCC_RADIAL_SPOKE_HEAD",0.238379022646007,1,0.795162136437108,1.22894889562824,1199,3,"RSPH4A;RSPH3;RSPH9"
"GOCC_RAGULATOR_COMPLEX",0.955838472249851,1,0.295983579791948,0.524531667116299,4804,6,"LAMTOR4;LAMTOR3;LAMTOR1;LAMTOR2;LAMTOR5;SLC38A9"
"GOCC_RDNA_HETEROCHROMATIN",0.679588128407026,1,-0.499916321873974,-0.847976906634061,3365,5,"SUV39H1;RRP8;BAZ2A"
"GOCC_REPLICATION_FORK",0.970661553211889,1,-0.24043055532003,-0.713732096199865,5061,76,"RPA3;XRCC3;EME1;TYMS;DONSON;RFC3;HELB;ZRANB3;NBN;UHRF1;XRCC2;RFC5;MUS81;TREX1;POLA2;POLD4;MMS22L;HLTF;H2AX;DNMT1;PLRG1;POLA1;WDHD1;PRIM1;TIMELESS;RADX;PRPF19;RAD51D;PRIMPOL;RFC1;POLD1;WRN"
"GOCC_REPLISOME",0.976277372262774,1,0.246112439161553,0.598190940714602,4814,24,"RPA4;PRIM2;RPA2;RPA1"
"GOCC_RESPIRATORY_CHAIN_COMPLEX_III",0.805202541699762,1,-0.357630236116485,-0.751686618092395,4054,13,"UQCRQ;UQCRH;UQCRHL;UQCRB;UQCR11;UQCRC1;UQCR10;MT-CYB;UQCRFS1;CYC1"
"GOCC_RESPIRATORY_CHAIN_COMPLEX_IV",0.587837837837838,1,-0.393803689955963,-0.903813489277154,2957,19,"MTCO2P12;COX7A1;COX7B;MT-CO3;COX6C;COX5A;COX5B;COX7C;COX8A;NDUFA4;COX7A2L"
"GOCC_RETROMER_COMPLEX",0.418494368701838,1,-0.430771049586024,-1.02168554136652,2117,22,"MAGEL2"
"GOCC_RETROMER_TUBULATION_COMPLEX",0.822733696749445,1,-0.419393231015002,-0.71139060506414,4074,5,"SNX32"
"GOCC_RIBONUCLEASE_MRP_COMPLEX",0.898301698301698,1,-0.320021400507222,-0.659754786701065,4495,12,"RPP30;POP1;RPP25;C18orf21;NEPRO;RPP40;RPP25L"
"GOCC_RIBONUCLEASE_P_COMPLEX",0.835688332660476,1,0.337707053800695,0.731970051309619,4139,14,"RPPH1;RPP14;PRORP"
"GOCC_RIBONUCLEOPROTEIN_COMPLEX",0.6810637158665,1,-0.257130616294813,-0.950567117787912,3815,700,"L1TD1;ESRP2;MKRN3;MIR9-2HG;TAF12-DT;MIR133A1HG;IGF2BP1;SNRPE;ERG;EIF3CL;MAGOHB;RPL22L1;SNRPD1;MRPL23;RPS29;ELAVL4;MIR23AHG;TOP2A;SMG6;WDR12;MRPL52;ZFP36;EMG1;SUV39H1;RIOK2;RPS21;JMJD6;KRI1;RPL37A;DNAJC17;RPL39;HSD17B10;KIN;PRPF38A;LSM2;RPL38;ALYREF;DCAF13;SLIRP;RPS27A;PATL2;UTP20;HNRNPA1L3;CARMN;PDCD11;NOP56;RPL36;MRPL15;HNRNPH1;RRP7A;RPS17;DNM3OS;RBM14;RPS28;ZRSR2P1;RRP9;ESRP1;FSAF1;EFTUD2;NOP58;RPL35A;TXNL4B;EIF3J;UTP6;RPS27L;RBM17;IMP4;RPS2;RPSA;RRP1;NUFIP1;BUD31;RPL41;RPL37;ZNF827;DKC1;MRPS11;JARID2;PABPC5;MRPL27;RPP30;WDR36;WDR43;LSM8;RPS23;RPL27A;EIF3C;RPL17;RPS27;RPS19;RRP1B;SNRPG;ZCCHC17;LSM5;SRA1;RRP15;HEATR1;POP1;RPL32;RPS3;CELF1;PRKDC;MRPS21;RPS14;RBM12B;ISY1;XPO5;RCL1;UTP11;TTF2;MRPS16;WRAP53;MRPL53;RPP25;RPS18;MRPS17;GEMIN2;DIMT1;CRIPT;C18orf21;CPSF6;EIF4A3;HNRNPM;MRPL42;AKAP17A;GNL3L;ZMAT5;RPS4X;MRPL1;EIF2S1;RPL23A;SNRPB2;PRPF18;EIF3E;CPSF3;U2SURP;SF3A3;NIP7;NEPRO;ILF2;MRPL47;UTP4;PNO1;NOB1;UTP18;LSM7;SNRPD2;DAZAP1;KDM5B;SNRPA;PNN;PLRG1;RBM22;NPM1;RPLP2;RPP21;MRPL22;PPIL1;SNRNP200;MAK16;TRMT10C;RPL35;SRRT;PRPF40B;TARBP2;GEMIN4;SNRPF;RO60;RNF2;RPS13;SNRPA1;PABPC1L;LSM10;LARP4;EPRS1;TSR1;EBNA1BP2;CWF19L1;RPL8;RPS15A;SF3B3;DDX46;TNRC6B;CTNNBL1;RUVBL1;U2AF2;PUF60;RPL12;ZCCHC8;SRP19;UTP15;BMS1;DHX37;GAR1;RPL27;SECISBP2;MRPL13;NVL;WDR75;RPL36A;MTREX;XPO1;PRPF4;RPL34;NHP2;TBL3;EIF3F;RBM28;NCBP1;RPS7;RNF113A;MRPS12;TRA2B;RPS8;AKAP8L;FBL;MRPS33;HNRNPD;RPL30;PIN4;HNRNPAB;EIF1;RRS1;NOC2L;RPS12;MRPS35;RBMS3;WDR74;UTP14A;EIF3H;MRPL51;RPL31;MRTO4;MRPS14;HNRNPH3;HNRNPR;WDR46;DAP3;CWC15;PRPF19;AATF;TNRC6C;MRPL14;RBMX2;MRPS15;IGHMBP2;RBM42;MEG3;MRPL32;UBA52;PES1;RPS20;RPS25;BYSL;PPIE;MAGOH;RPP40;MRPL3;RPLP0;RPLP1;HNRNPF;AGO2;MRPL9;NFATC2;MRPS18C;DDX39B;NOL11;SF3B6;PTCD3;MRPL24;RPL14;CHCHD1;PA2G4;SLX9;RPP25L;MRPS31;RUVBL2;MRPL36;RPL6;TAF9;RPL5;PRPF3;EIF3A;SRSF1;MRPL40;NOL6;ILF3;EIF3B;MRPS7;API5;MRPL57;RPS3A;MRPL28;SRP54;MRPL17;NOC4L;MRPS18A;SNRPB;PRPF38B;MRPS10;RPS6;PRPF40A;RBM5;SNU13;MRPS23;RPL18A;AGO3;MRPL4;RPL39L;WAC;FMR1;SYNCRIP;RPL19;RBM12;RBM48;EIF3I;BOP1;EIF1AX;RPS16;RPL28;GRSF1;RPS24;MRPL21;RPL13;RPL26L1;HNRNPA3;BCLAF3;CWC27;HNRNPDL;RIOK1;HNRNPU;HNRNPA0;CRNKL1;LTV1;RPL24;MRPL30;RPS10;RPS11;HSF1;MRPL55;SNRPC;TXNL4A;RPL15;ZFP36L1;SRRM2;PPIH;RPL18;RPL23;RPS5"
"GOCC_RIBONUCLEOPROTEIN_GRANULE",1,1,-0.119985088655813,-0.441664188843455,5616,654,"PKP1;LIN28A;SOX2;RBPMS2;TRIM71;HIF3A;SRSF12;CDC25C;HOXA6;RBM20;IGF2BP1;SNCAIP;TCIM;SFMBT2;IL15;GSC;BCL11A;NFKBIZ;ADAMTS4;AFF2;OIP5;APOBEC3B;SGO1;PPP1R16B;CLOCK;EAF2;KLF15;NDC80;TDRD9;ZFP36;ARC;ZC3H12A;HIF1A;SMC4;ZBTB16;CYGB;ZPR1;DCPS;PIWIL2;PSMA2;NOLC1;SGK1;POMP;LSM2;ALYREF;ANKRD34C;APOBEC3D;ICE2;NOCT;MEX3B;PATL2;FASTKD1;E2F7;IGF2BP2;NRIP1;EPAS1;SMN2;RBM14;KIF22;EFTUD2;SRSF7;APOBEC3C;NOP58;EIF4A1;NXT1;DKC1;PSMA4;CCNL1;TIAL1;FAM184A;TBRG4;PABPC5;HSPB6;MOV10L1;DYRK3;IFI16;MEX3A;SNRPG;QKI;TIMM50;FASTKD3;HSF4;KPNB1;VIRMA;CELF1;UBL5;HELZ2;HMBOX1;BAZ2A;CLK2;ISY1;RTEL1;WRAP53;THOC1;NR4A2;ZBTB18;H2AX;VCP;CPSF6;SRSF3;INPPL1;EIF4A3;SMC5;HNRNPM;AKAP17A;RPS4X;EIF2S1;SNRPB2;PRPF18;SMC6;EIF4E2;SF3A3;PATL1;EP400;MEOX2;POLR2D;SFPQ;PNN;SMG1;PLRG1;MOV10;NPM1;POLR2G;UBAP2;PLCB1;PRPF40B;DGKQ;GEMIN4;SNRPA1;PABPC1L;LSM10;LARP4;GATAD2A;ATXN2L;DDX46;TNRC6B;RUVBL1;APEX1;U2AF2;DHX36;RBM10;THOC3;GAR1;GTF2H4;TRIP12;MTREX;XPO1;PRPF4;CHTOP;RADX;NHP2;SYMPK;RNF113A;AKAP8L;FBL;CNOT7;PSMC3;GCAT;HNRNPAB;ASCC2;NUDT21;DDX19B;CWC15;PRPF19;TNRC6C;BPI;OGFOD1;RC3H1;PPIE;MAGOH;RREB1;RPLP0;YTHDC2;ICE1;LPXN;RBBP6;BMP2K;AGO2;ACIN1;CNOT1;HINFP;SRSF6;NBDY;PAN3;DDX39B"
"GOCC_RIBOSOME",0.89129622711991,1,-0.252640470212679,-0.851666583422132,4771,222,"RPL22L1;MRPL23;RPS29;MRPL52;MTG1;ABCE1;RPS21;RPL37A;RPL39;RPL38;RPS27A;RPL36;MRPL15;PELO;RPS17;RPS28;RPL35A;RPS27L;RPS2;RPSA;RPL41;RPL37;MRPS11;MRPL27;RPS23;RPL27A;RPL17;RPS27;RPS19;ZCCHC17;RPL32;RPS3;MRPS21;RPS14;MRPS16;MRPL53;RPS18;MRPS17;MRPL42;GCN1;RPS4X;MRPL1;RPL23A;PNPT1;GSPT1;MRPL47;RRBP1;NPM1;RPLP2;MRPL22;RPL35;RPS13;LARP4;RPL8;RPS15A;APEX1;RPL12;RPL27;MRPL13;RPL36A;RPL34;USP10;RPS7;MRPS12;RPS8;MRPS33;RPL30;RPS12;MRPS35;ASCC2;MRPL51;RPL31;MRPS14;DAP3;MRPL14;MRPS15;MRPL32;UBA52;RPS20;RPS25;MRPL3;RPLP0;RPLP1;ETF1;MRPL9;MRPS18C;LTN1;PTCD3;MRPL24;RPL14;CHCHD1;MRPS31;MRPL36;RPL6;RPL5;MRPL40;ASCC3;MRPS7;MRPL57;RPS3A;MRPL28;MRPL17;MRPS18A;MRPS10;RPS6;MRPS23;RPL18A;MRPL4;RPL39L;RPL19;SERP1;RPS16;RPL28;PSMA6;RPS24;MRPL21;RPL13;RPL26L1;RPL24;MRPL30;RPS10;RPS11;MRPL55;RPL15;RPL18;RPL23;RPS5;MRPL12;MRPL39;NCK1;MRPS24;SRP68;RPLP0P6;RPS26;RPL21;UBB;MRPS26;RPL36AL;GADD45GIP1;RPL10;RPL10A;MRPL37;MTG2;SF1;MRPL43;RPL4;MRPS5;RPL3"
"GOCC_RIPOPTOSOME",0.906575781876504,1,-0.337143123717111,-0.616831456314346,4521,7,"CASP10;CASP8;RIPK3;RIPK1;FADD;TICAM1;CFLAR"
"GOCC_RISC_LOADING_COMPLEX",0.951322115384615,1,0.291205971541871,0.553480254918032,4748,8,"AGO4;DHX9;PRKRA;AGO1;DICER1;AGO3;AGO2;TARBP2"
"GOCC_RIXOSOME_COMPLEX",0.724739374498797,1,-0.440648191575208,-0.806202608360726,3614,7,"TEX10;MDN1;PELP1;LAS1L;WDR18;SENP3"
"GOCC_RNA_CAP_BINDING_COMPLEX",0.890497917079944,1,-0.312521253283735,-0.68058643117813,4488,15,"OTUD6B;EIF4A1;NCBP3;EIF4E2;NCBP1"
"GOCC_RNA_DECAPPING_COMPLEX",0.731649094887607,1,0.44704918264989,0.792244803658206,3677,6,"XRN1;DCP2;EDC3;DCP1B;DDX6"
"GOCC_RNA_N6_METHYLADENOSINE_METHYLTRANSFERASE_COMPLEX",0.911529223378703,1,-0.313969764837626,-0.63475553896939,4553,11,"VIRMA;ZC3H13;TRMT112;RBM15B;METTL5;METTL4;RBM15;METTL3;METTL14;CBLL1;WTAP"
"GOCC_RNA_POLYMERASE_COMPLEX",1,1,-0.179709752860905,-0.552918930501121,5239,102,"GTF2A1L;POLR3G;TBPL1;SUPT3H;TAF10;GTF2H5;POLR3D;POLR1D;GTF2H3;ENY2;GTF2E1;POLR2F;POLR3E;GTF2E2;POLR1E;POLA2;POLR1H;TCEA1;POLR3A;POLR2D;POLA1;POLR2G;PRIM1;MMS19;TAF7;TAF11;KAT2A;GTF2H4;CCNH;GTF2A2;RTF1;POLRMT;ATXN7;TAF1;POLR2I;TAF12;POLR3H;TAF9"
"GOCC_RNA_POLYMERASE_I_COMPLEX",0.686656076250993,1,-0.400055541262424,-0.840858424405499,3457,13,"POLR1D;POLR2F;POLR1E;POLR1H"
"GOCC_RNA_POLYMERASE_I_TRANSCRIPTION_REGULATOR_COMPLEX",0.363015075376884,1,-0.63466975511531,-1.11929616691821,1805,6,"TAF1A;TAF1D;TAF1B"
"GOCC_RNA_POLYMERASE_II_CORE_COMPLEX",0.994161465673445,1,0.210631942499767,0.476928097629476,4937,17,"POLR2M;MYZAP;POLR2J3;POLR2L;TUFT1"
"GOCC_RNA_POLYMERASE_II_TRANSCRIPTION_REGULATOR_COMPLEX",0.824698235840297,1,-0.259300141670857,-0.882153711757892,4440,244,"HOXB9;LEF1;FOS;GATA4;NFE2;MLXIPL;CEBPA;BACH2;NR5A2;GTF2A1L;MYCL;JUNB;RARB;TLE3;RFXANK;MYBL2;SMAD1;CLOCK;RUNX2;BATF3;LMO4;TBPL1;HIF1A;SUPT3H;ATF3;NPAS2;FOXM1;JUN;MED8;TAF10;GTF2H5;GTF2H3;ENY2;GTF2E1;E2F7;RUNX1;E2F2;EPAS1;CEBPG;MLXIP;NOTCH1"
"GOCC_RNA_POLYMERASE_II_TRANSCRIPTION_REPRESSOR_COMPLEX",0.991745283018868,1,-0.218942648981879,-0.557789041939481,5045,31,"BIN1;LIN9;MGA;LIN54;DR1;ETV3;MYC;MXD3;E2F6;LIN37;RBBP4;CTNNBIP1;DRAP1;MNT;TBX18;TFDP2;E2F4;TBX15;DDX20;RBL1;E2F5;MLX;CTNNB1;TFDP1;LIN52;MXD1;FOXO3;MAX;MXI1;RBL2;MXD4"
"GOCC_RNA_POLYMERASE_III_COMPLEX",0.535799522673031,1,-0.415345107662918,-0.938929974548378,2693,18,"POLR3G;POLR3D;POLR1D;POLR2F;POLR3E;POLR3A"
"GOCC_RNA_POLYMERASE_III_TRANSCRIPTION_REGULATOR_COMPLEX",0.45713716108453,1,-0.511452227951718,-1.01539834373799,2292,10,"BRF2;GTF3C6;BRF1;GTF3C2;GTF3C3;GTF3C4"
"GOCC_RNA_POLYMERASE_TRANSCRIPTION_FACTOR_SL1_COMPLEX",0.414092469210579,1,-0.638949088131047,-1.08380952480005,2050,5,"TAF1A;TAF1D;TAF1B"
"GOCC_RNAI_EFFECTOR_COMPLEX",0.852819807427785,1,-0.299541199712367,-0.756853988321125,4339,30,"MIR9-2HG;MIR133A1HG;MIR23AHG"
"GOCC_ROD_PHOTORECEPTOR_OUTER_SEGMENT",0.871417197452229,1,0.482221448261994,0.6929517272212,4377,2,"SPATA7;TMEM237"
"GOCC_ROUGH_ENDOPLASMIC_RETICULUM",0.442135922330097,1,-0.3489328169537,-1.00032474358061,2276,61,"LRAT;LIN28A;EPHA5;HGFAC;GNRH1;PTGDS;RPS29;TMEM97;ZC3H12A;F12;PLOD3;RPS21"
"GOCC_RPAP3_R2TP_PREFOLDIN_LIKE_COMPLEX",0.980588353011807,1,0.241705939993467,0.504430517044003,4899,12,"ASDURF;DNAAF10;PIH1D1;POLR2E;PDRG1;URI1;RPAP3;PFDN6;RUVBL2;UXT;RUVBL1;PFDN2"
"GOCC_RQC_COMPLEX",0.979112790928984,1,0.265708821196996,0.470879807075561,4921,6,"NEMF;TCF25;NPLOC4;UFD1;LTN1;VCP"
"GOCC_RSC_TYPE_COMPLEX",0.969492868462758,1,-0.258154836903262,-0.553154542423904,4893,14,"SMARCC1;SMARCD1;SMARCA4;SMARCD2;SMARCB1;ARID2;ACTL6A;PBRM1;SUZ12;SMARCE1;PHF10;BRD7;SMARCC2;ACTB"
"GOCC_RUFFLE",0.956604131135115,1,-0.242895922328544,-0.799511719030352,5047,178,"COBL;S100B;AIF1L;SH2D3C;PTK6;MEFV;PLEK"
"GOCC_RUFFLE_MEMBRANE",0.798915310805173,1,0.276039191682467,0.850210357700569,3829,93,"ADGRE2;PACSIN1;FGD5;PLCG2;RASGRP2;RIGI;KANK1;KCNN4;ABCA7;ARHGAP45;PDPN;ARHGEF4;MTSS2;EPS8L2;DIAPH1"
"GOCC_SAGA_COMPLEX",0.680251419302514,1,0.352181058983043,0.855997038153126,3354,24,"SUPT20HL1;KAT2B"
"GOCC_SAGA_TYPE_COMPLEX",0.923720171323679,1,0.267916679483202,0.716300117645663,4528,38,"SUPT20HL1;KAT2B"
"GOCC_SARCOLEMMA",0.557786797692801,1,0.298501683834007,0.953535555338381,2610,122,"SCN5A;FGF13;DES;KCNB1;KCNJ2;CACNB4;CAV3;POPDC2;SLC2A5;ANXA8;ANK1;CACNB2;ATP1A2;SLC27A6;FXYD1;STAC3;RYR2;KCNJ12;AHNAK2;ALOX12;ATP2B4;CACNA1D;ATP1B1;RYR3;CACNA2D1;SLC2A1;VCL;STBD1;STAC2;DAG1;SGCE;CAV1;CAMK2D;AQP1;ANXA1;SNTA1;FKRP;SGCB;CAPN3;CACNG4;SLC8B1"
"GOCC_SARCOPLASM",0.420304992688531,1,0.336144205694649,1.00699309698511,2011,76,"THBS4;HRC;CLEC18B;FABP3;ANK1;CASQ2;IRAG1;XDH;TMEM38A;DMPK;MEF2C;ATP2A3;CMYA5;RYR2;KLHL41;HABP4;CAMK2G;RYR3;CAMK2B;GSTM2;JPH2;CACNA2D1;GSN"
"GOCC_SARCOPLASMIC_RETICULUM_LUMEN",0.370592948717949,1,0.580887101003337,1.104062320699,1849,8,"HRC;CASQ2"
"GOCC_SARCOPLASMIC_RETICULUM_MEMBRANE",0.71016188804369,1,-0.32426268929522,-0.845895431370037,3640,35,"JPH1;ATP2A1;CASQ1;PLN"
"GOCC_SCAR_COMPLEX",0.78040472851132,1,0.389334701875525,0.759736254692112,3894,9,"CYFIP2;ABI2;ABI1;WASF2;CYFIP1;BRK1;NCKAP1;WASF1;WASF3"
"GOCC_SCF_UBIQUITIN_LIGASE_COMPLEX",0.453238908560717,1,0.325397888154974,0.99220894933282,2175,86,"DAW1;FBXO32;FBXO43;FBXO15;FBXO48;FBXL2;FBXW10;LMO7;FBXO27;FBXL16;PRKN;AMN1;FBXO33;FBXO9;FBXO38;TMEM183BP;FBXO2;SKP1;FBXO24;FBXL3;FBXO17;FBXO21;FBXL15;FBXW5;FBXO44;SPSB3;FBXO31"
"GOCC_SCHAFFER_COLLATERAL_CA1_SYNAPSE",0.506957424714434,1,0.317714024342005,0.966679575492125,2440,84,"PLG;MYO5C;LRRC4;INA;GRM1;NEFH;EFNB2;APBA2;EPHA7;GRIA1;CACNG2;PLAT"
"GOCC_SEC61_TRANSLOCON_COMPLEX",0.420301507537688,1,-0.607470913003961,-1.07132860666427,2090,6,"SSR4;SEC61A2;ARL6IP1;SEC61B"
"GOCC_SECRETORY_GRANULE",0.236570615439345,1,-0.284956091937992,-1.05428277363957,1329,708,"OPRD1;DRD2;IL1B;PDGFB;PKP1;CRHBP;CCDC62;ABCA12;FPR2;DMBT1;C3AR1;SLC30A8;POMC;FPR1;PCSK2;TCN1;SH3GL3;PTPRN;TEKT3;PLA2G2A;ICA1;ARHGAP9;SPAG17;FCGR2A;SERPINF2;SCG3;EXOC3L1;CFD;ACP3;FGB;APOA1;PTAFR;CFP;FABP5;KLK6;SERPINA3;PTPN6;SCG2;AHSG;SERPINA1;LRG1;FGA;EPHA5;CXCL1;PCSK1;A2M;SNX10;FGG;TMEM190;APOH;SFTPA1;GAL;PKDREJ;CDA;DYNLT4;SPX;ADAM8;PECAM1;RAB44;EGF;LAMP3;TF;FZD8;CEACAM1;SFTPA2;PCDH7;LRGUK;TSSK2;ALB;TAC1;IQGAP2;CRISPLD2;TNFAIP6;ADA2;HGF"
"GOCC_SECRETORY_GRANULE_MEMBRANE",0.621603999130624,1,0.273452610334113,0.950296041409367,2859,257,"MGAM;PTPRN2;DCST2;ITGA2B;SNCA;CD36;SLC27A2;ABCA13;SNAP25;VNN1;CD14;SYT1;SLC2A5;ENPP4;SVIP;SYT5;BST1;SELL;CD55;DBH;SLC18A2;RAB3A;ITGB2;GLIPR1;HYAL3;APLP2;SERPINB12;ATP8B3;SIRPB1;PLAU;CYB5R1;HLA-B;CD46;BST2;NFASC;SYT2;ADGRE5;VAMP8;C5AR1;PAM;PCSK4;ATP8A1;SYNGR1;ABCA3;TMBIM1;VAMP2;CLEC12A;CD177;FLOT2;PHACTR2"
"GOCC_SECRETORY_VESICLE",0.212889593238246,1,-0.282425439936781,-1.0577294033827,1208,881,"OPRD1;DRD2;SLC35F1;GABRA2;UNC13C;IL1B;PDGFB;PKP1;CRHBP;CCDC62;ABCA12;FPR2;DMBT1;C3AR1;SLC30A8;TRIM9;POMC;FPR1;LGI3;PCSK2;TCN1;SH3GL3;PTPRN;TEKT3;PLA2G2A;ICA1;ARHGAP9;SPAG17;FCGR2A;SERPINF2;SCG3;EXOC3L1;CFD;ACP3;SYN3;FGB;SYN2;APOA1;PTAFR;CFP;FABP5;KLK6;SERPINA3;PTPN6;SCG2;AHSG;SERPINA1;LRG1;FGA;ATP6V1B1;SYNDIG1;EPHA5;CXCL1;PCSK1;A2M;SNX10;FGG;BSN;TMEM190;APOH;SFTPA1;FER1L5;GAL;PKDREJ;CDA;DYNLT4;SPX;ADAM8;PECAM1;RAB44;SYT15;ATP6V1G3;EGF;LAMP3;ATP6V1G2;TF;FZD8;CEACAM1;SFTPA2;PCDH7;LRGUK;TSSK2;ALB;TAC1;SNCAIP;IQGAP2;BRSK1;SYTL3;CRISPLD2"
"GOCC_SEH1_ASSOCIATED_COMPLEX",0.985285224753074,1,0.229979466119096,0.506648119714958,4887,15,"CASTOR2;CASTOR1;WDR59;SESN1;SESN3;RRAGA;NPRL2"
"GOCC_SEMAPHORIN_RECEPTOR_COMPLEX",0.826052422557585,1,-0.350077046545867,-0.735810914779939,4159,13,"PLXNA4;PLXNB3;SEMA4D;NRP1"
"GOCC_SEPTIN_CYTOSKELETON",0.992347966169956,1,0.210737415222925,0.44780162730698,4927,13,"SEPTIN3;SEPTIN9"
"GOCC_SERINE_PALMITOYLTRANSFERASE_COMPLEX",0.97514033680834,1,-0.264601604777011,-0.484110698798252,4863,7,"SPTLC3;ORMDL2;SPTSSA;SPTLC1;SPTLC2;ORMDL3;ORMDL1"
"GOCC_SERINE_PROTEASE_INHIBITOR_COMPLEX",0.384630619924738,1,0.65516624740665,1.11365037754304,1941,5,"PLAT;PLAU"
"GOCC_SERINE_TYPE_PEPTIDASE_COMPLEX",0.529132925143196,1,-0.384574704625945,-0.94355539545081,2678,26,"CFI;KLKB1;FCN3;IMMP1L;F7;F3;F12"
"GOCC_SET1C_COMPASS_COMPLEX",0.821385420861861,1,0.350069995333644,0.743873191269451,4078,13,"DPY30;ASH2L;SETD1A;WDR5B;SETD1B;WDR5;BOD1L1;HCFC2;RBBP5;WDR82;CXXC1;BOD1;HCFC1"
"GOCC_SEX_CHROMATIN",0.882117080994387,1,-0.35617652547117,-0.651654651855546,4399,7,"PHC1;RNF2;MACROH2A1;SUZ12;RING1;EED;PCGF2"
"GOCC_SEX_CHROMOSOME",0.309098054627628,1,-0.435505497616457,-1.10039645004861,1572,30,"ESCO2;FIRRE;DNMT3A;PLK4;H2AZ1;PHC1;SMARCC1;H2AX;SMC5;SMC6;RNF2;LRIF1;SIN3B"
"GOCC_SHELTERIN_COMPLEX",0.836880843445395,1,0.391286094136306,0.693423423762256,4206,6,"TERF2IP;TERF1;TINF2;ACD;POT1;TERF2"
"GOCC_SIGNAL_PEPTIDASE_COMPLEX",0.972073677956031,1,0.285147868271294,0.484693819947074,4907,5,"SEC11C;SPCS2"
"GOCC_SIGNAL_RECOGNITION_PARTICLE",0.908909308829405,1,0.320153246492477,0.654246139486065,4549,11,"GJD2-DT;RN7SL3;RN7SL1;SRP14;SRP72;SRP9"
"GOCC_SIN3_TYPE_COMPLEX",0.992096423631693,1,-0.215334120182729,-0.510720851285156,5020,22,"TET1;SINHCAF;OGT;HDAC2;ING1;SIN3B;RBBP4"
"GOCC_SITE_OF_DNA_DAMAGE",1,1,-0.184960476390585,-0.592494937932582,5280,142,"HUS1B;ESCO2;MARCHF6-DT;SHLD1;HROB;LIG3;RPA3;HELLS;AUNIP;SLFN11;CNTD1;RBBP8;HELB;PELI1;MAD2L2;RHNO1;NBN;UVSSA;RAD50;CGAS;RAD54L;WRAP53;SLF1;MMS22L;ERCC8;H2AX;VCP;SMC5;POLQ;SMC6;HUS1;RAD51;RIF1;SLF2;CBX3;TRAIP;ATR;MDC1;TIMELESS;TOPBP1;MBTD1;RFWD3"
"GOCC_SITE_OF_DOUBLE_STRAND_BREAK",0.998664122137405,1,-0.208287633912476,-0.640845440751531,5232,102,"HUS1B;ESCO2;SHLD1;RPA3;HELLS;CNTD1;RBBP8;HELB;PELI1;MAD2L2;RHNO1;NBN;RAD50;CGAS;RAD54L;WRAP53;SLF1;MMS22L;H2AX;VCP;SMC5;POLQ;SMC6;HUS1;RAD51;RIF1;SLF2;MDC1;TIMELESS;TOPBP1;MBTD1;RFWD3;PRPF19;UFL1;ACTR2;ARPC1A;BRD9"
"GOCC_SITE_OF_POLARIZED_GROWTH",0.188561721404304,1,-0.348331090625556,-1.1321128433691,998,159,"NGFR;COBL;GRM6;GPM6A;RTN4R;ADCY10;GAP43;FRMD7;KIF21B;STMN3;FLRT3;MYH14"
"GOCC_SM_LIKE_PROTEIN_FAMILY_COMPLEX",0.78911305671869,1,-0.27751156813914,-0.852757196129323,4145,100,"TAF12-DT;SNRPE;SNRPD1;LSM2;SMN2;GEMIN8;EFTUD2;TXNL4B;LSM8;SNRPG;LSM5;STRAP;GEMIN2;ZMAT5;SNRPB2;PRPF18;U2SURP;SF3A3;PATL1;LSM7;SNRPD2;SNRPA;SNRNP200;PRPF40B;GEMIN4;SNRPF;SNRPA1;LSM10;SF3B3;DDX46;PRPF4;RBMX2;RBM42;GEMIN5;DDX39B;SF3B6;PRPF3;SNRPB;PRPF40A;SNU13;FMR1"
"GOCC_SMAD_PROTEIN_COMPLEX",0.714428257832768,1,-0.417326311843382,-0.810255314257124,3579,9,"SMAD1;HMGA2;SMAD4;SMAD7"
"GOCC_SMALL_NUCLEAR_RIBONUCLEOPROTEIN_COMPLEX",0.931591083781706,1,-0.254272431550136,-0.766634914034814,4847,87,"TAF12-DT;SNRPE;SNRPD1;LSM2;EFTUD2;TXNL4B;LSM8;SNRPG;LSM5;ZMAT5;SNRPB2;PRPF18;U2SURP;SF3A3;LSM7;SNRPD2;SNRPA;SNRNP200;PRPF40B;GEMIN4;SNRPF;SNRPA1;LSM10;SF3B3;DDX46;PRPF4;RBMX2;RBM42;DDX39B;SF3B6;PRPF3;SNRPB;PRPF40A;SNU13"
"GOCC_SMALL_RIBOSOMAL_SUBUNIT",0.222948299058236,1,-0.386637556888529,-1.13892444258153,1159,72,"RPS29;RPS21;RPS27A;RPS17;RPS28;RPS27L;RPS2;RPSA;MRPS11;RPS23;RPS27;RPS19;RPS3;MRPS21;RPS14;MRPS16;RPS18;MRPS17;MRPL42;RPS4X;NPM1;RPS13;LARP4;RPS15A;RPS7;MRPS12;RPS8;MRPS33;RPS12;MRPS35;MRPS14;DAP3;MRPS15;RPS20;RPS25;MRPS18C;PTCD3;CHCHD1;MRPS31;MRPS7;RPS3A;MRPS18A;MRPS10;RPS6;MRPS23;RPS16;RPS24;RPS10;RPS11;RPS5;MRPS24;RPS26;MRPS26"
"GOCC_SMC5_SMC6_COMPLEX",0.974153476257263,1,0.258747783894747,0.504912794310659,4861,9,"EID3;NSMCE3;NSMCE4A;NSMCE2;SLF2;SMC6;SMC5;SLF1;NSMCE1"
"GOCC_SMN_COMPLEX",0.307045636509207,1,-0.567844450052108,-1.14801630701609,1533,11,"SMN2;GEMIN8;STRAP;GEMIN2;GEMIN4;GEMIN5;FMR1"
"GOCC_SMN_SM_PROTEIN_COMPLEX",0.313444709626094,1,-0.494382760509935,-1.11760264940805,1575,18,"SNRPE;SNRPD1;SMN2;GEMIN8;SNRPG;STRAP;GEMIN2;SNRPD2;GEMIN4;SNRPF;GEMIN5;SNRPB;FMR1"
"GOCC_SMOOTH_ENDOPLASMIC_RETICULUM",0.39794507014424,1,-0.437143598263129,-1.0367996973696,2013,22,"TTYH1;CASQ1;APOB;DMTN"
"GOCC_SMOOTH_ENDOPLASMIC_RETICULUM_MEMBRANE",0.726633165829146,1,-0.45532060608586,-0.802998102561523,3614,6,"TTYH1"
"GOCC_SNARE_COMPLEX",0.993863775823277,1,0.208260776330787,0.563803536384869,4858,41,"SNAP25;VAMP8;VAMP4;VAMP2;STX1B;VAMP1;STX17;STX7;STX18;VAMP3;STX6;STX12;STX11;NAPA;SEC22B"
"GOCC_SNO_S_RNA_CONTAINING_RIBONUCLEOPROTEIN_COMPLEX",0.639248181083266,1,0.354612270139332,0.886276836106076,3162,27,"TERC;RPP14"
"GOCC_SNRNA_ACTIVATING_PROTEIN_COMPLEX",0.965071673733091,1,-0.291305159063345,-0.494122789876325,4779,5,"SNAPC4;SNAPC2;SNAPC1;SNAPC5;SNAPC3"
"GOCC_SODIUM_CHANNEL_COMPLEX",0.434220985691574,1,-0.442975285187604,-1.0166665482838,2184,19,"GRIK4;UNC79;SCN7A;GRIK5;NALF1;SCN4B"
"GOCC_SODIUM_POTASSIUM_EXCHANGING_ATPASE_COMPLEX",0.187799043062201,1,-0.641507195710854,-1.27359958256414,941,10,"FXYD3;ATP1B2;FXYD6"
"GOCC_SOLID_PHASE_OF_BASEMENT_MEMBRANE",0.425992779783394,1,0.522132977481446,1.0437894013419,2123,10,"COL4A4;COL4A6;COL4A5;COL4A3;COL8A2"
"GOCC_SOLID_PHASE_OF_INTERSTITIAL_MATRIX",0.289077958053027,1,-0.486597363272074,-1.13168988688328,1460,20,"COL9A3;COL5A3;COL27A1;COL2A1;COL5A1;COL3A1;COL1A1;COL5A2;COL1A2"
"GOCC_SOMATODENDRITIC_COMPARTMENT",0.290782670707791,1,-0.280599249222848,-1.03767354161443,1630,704,"OPRD1;DRD2;NGFR;GABRA2;COBL;S100B;CD200;RGS8;GRM6;GPM6A;RTN4R;EPHA6;CACNG7;CRHBP;GABRA5;ADCY10;GRID1;GAP43;TRIM9;SHISA9;FRMD7;PTPRN;CX3CL1;MYOT;APOE;KCNK1;LGI1;KCNA2;EFNA2;KCNN3;SLC4A10;IL1RAPL1;EPHB1;KIF21B;HTR1B;CACNA1E;NLGN4X;C4B;UCHL1;KCNIP2;SEZ6L2;NECAB2;SYNDIG1;EPHA5;ADORA2A;FLRT1;GRIA2;APOB;BSN;CACNG8;RTN4RL1;GAL;ITPKA;PIEZO2;C4A;EPHB2;SEZ6L;PSD;IGF2BP1;ANK3;MLPH;GNRH1;KIF5A;PRKCZ;TAC1;SNCAIP;SPTBN2;KCNH1;ADAM11;SMO;SORCS2;EPHA3;ADCY8;RCVRN;CNTF;IGSF9;SEPTIN4;CNIH2;KCNE3;AZIN2;NECTIN1;TMPRSS5;CHRM5;KCND3;GABRE;MAGOHB"
"GOCC_SORTING_ENDOSOME",0.882037000198926,1,0.359869872825477,0.637748703731344,4433,6,"KDR;PTPN1"
"GOCC_SPECIALIZED_EXTRACELLULAR_MATRIX",0.591143764892772,1,-0.431697682527693,-0.907365592298161,2976,13,"PTPRZ1;ZP1;IMPG1;ZP3"
"GOCC_SPECIFIC_GRANULE",0.994931481133846,1,-0.222513444037951,-0.704086087509539,5299,125,"FPR2;C3AR1;TCN1;CFP;PTPN6;LRG1;CXCL1;ADAM8;RAB44;CEACAM1"
"GOCC_SPECIFIC_GRANULE_LUMEN",0.726525821596244,1,-0.311370723558612,-0.852319459553932,3713,47,"TCN1;CFP;PTPN6;LRG1;CXCL1"
"GOCC_SPECIFIC_GRANULE_MEMBRANE",0.988558352402746,1,0.22420638575638,0.664853331376965,4751,71,"CD36;SLC27A2;SNAP25;SLC2A5;BST1;ITGB2;PLAU;VAMP8;ATP8A1;TMBIM1;CLEC12A;CD177;ATP8B4;TRPM2;PGRMC1;OLR1;SLC44A2;VAMP1;SCAMP1;AP1M1;DNAJC5;CD47;TMEM63A;ATP11A"
"GOCC_SPERM_ANNULUS",0.607902125952667,1,0.450643301680045,0.900875298756757,3030,10,"CBY3;DNAH7"
"GOCC_SPERM_END_PIECE",0.514845605700713,1,-0.431983443877154,-0.954472324903529,2600,16,"DNAH9;TEKT3"
"GOCC_SPERM_FIBROUS_SHEATH",0.480007957032027,1,0.57680731834824,1.02219759795714,2412,6,"CABYR;LDHA;GSTM3;SPA17"
"GOCC_SPERM_HEAD_PLASMA_MEMBRANE",0.187898089171975,1,0.865473109284395,1.24368397155219,943,2,"OPN4;ADAM21"
"GOCC_SPERM_HEAD_TAIL_COUPLING_APPARATUS",0.365795724465558,1,-0.486824439825993,-1.07564412823356,1847,16,"CFAP221;TEKT2;PMFBP1"
"GOCC_SPERM_MIDPIECE",0.743246030109301,1,0.298755136945449,0.856630052544724,3603,57,"TACR1;TCP11;CFAP45;FSIP2;CATSPER3;CATSPERZ;SPEF2;NHERF1;PACRG;TACR2;HYAL3;DNAH17;DNAH7"
"GOCC_SPERM_MITOCHONDRIAL_SHEATH",0.858760429082241,1,0.427751865671642,0.661104394728257,4322,3,"SPATA33;HSP90AA1;AK2"
"GOCC_SPERM_PLASMA_MEMBRANE",0.416534810126582,1,0.673381567662933,1.09446691194936,2105,4,"OPN4;ABHD2;HSP90AA1"
"GOCC_SPERM_PRINCIPAL_PIECE",0.391645988420182,1,0.377466648316928,1.02919845783372,1893,43,"CATSPER2;CFAP45;AK7;FSIP2;CATSPER3;CATSPERZ;CATSPER1;DNAH10;PACRG;CFAP119;DNAH17;CABYR;ATP2B4;TMEM262;SCNN1A;SLC9B2"
"GOCC_SPINDLE",1,1,-0.186122133285841,-0.661424371775431,5452,401,"DCDC2;CLTCL1;NUSAP1;TTC23L;CENPV;AURKB;DLGAP5;KIF2C;TTK;DNAAF1;TUBB2B;KIF18B;KIF20A;CDC20;FAM83D;CCNB1;SKA1;KIF14;SPDL1;TPX2;SGO1;MAD2L1;CDK1;SPAG5;HAUS3;CENPF;DDX11;AURKA;KIF15;SHCBP1;PLK1;FIRRM;CKAP2L;BIRC5;KIF18A;PRC1;KIF4A;NUDCD2;BUB1B;DCUN1D5;MAP10;TACC3;AUNIP;RACGAP1;DYNLT1;SEPTIN1;ACOT13;KIF23;POC1A;CENPE;MAP9;KBTBD8;KNTC1;NDE1;INCENP;NEK2;KIF11;ASPM;CEP95;HASPIN;KIF22;WDR62;EML4;CCAR2;MAD2L2;RAE1;ALPK1;AURKC;SKA3;CDC14A;CDCA8;KIF20B;CCDC57;SPOUT1;UHRF1;ARHGEF2;RCC2;KIFC1;DYNLT2B;RPS3;NEDD1;LUZP1;NSMCE1;FBF1;DR1;RTRAF;INPPL1;HAUS5;MCRS1;SMC6;KATNB1;KNSTRN;MYC;PSRC1;TMEM201;ZWILCH;NUP85;NPM1;CHMP4A;CDC25B;RGS14;SGF29"
"GOCC_SPINDLE_MICROTUBULE",0.583558994197292,1,-0.311146821356928,-0.928769432204096,3016,81,"CENPV;AURKB;KIF18B;SKA1;CDK1;HAUS3;AURKA;PLK1;BIRC5;KIF18A;PRC1;KIF4A;CENPE;MAP9;KNTC1;KIF11;AURKC;SKA3;CCDC57;HAUS5;PSRC1;ZWILCH;CHMP4A"
"GOCC_SPINDLE_POLE",0.946207945257556,1,-0.245806105255549,-0.807519396209505,4977,175,"AURKB;DLGAP5;DNAAF1;CDC20;FAM83D;CCNB1;SPDL1;TPX2;SGO1;MAD2L1;SPAG5;CENPF;DDX11;AURKA;KIF15;PLK1;CKAP2L;PRC1;NUDCD2;MAP10;TACC3;AUNIP;POC1A;KNTC1;NDE1;NEK2;KIF11;ASPM;CEP95;WDR62;RAE1;ALPK1;AURKC;CDC14A;KIF20B;SPOUT1;DYNLT2B;NEDD1;NSMCE1;FBF1;INPPL1;MCRS1;SMC6;KATNB1;KNSTRN;PSRC1;TMEM201;NPM1;CDC25B;RGS14;PLK3;CDC6;TOPBP1;RAD21;TBCCD1;FAM161A;ANKRD53;CEP250"
"GOCC_SPINDLE_POLE_CENTROSOME",0.327712755405673,1,-0.511804950721087,-1.11457221296345,1651,15,"DLGAP5;AURKA;NDE1;SPOUT1;TMEM201;NPM1;TBCCD1;CEP250"
"GOCC_SPLICEOSOMAL_COMPLEX",1,1,-0.140188830949849,-0.470007728046221,5344,211,"SNRPE;MAGOHB;SNRPD1;DNAJC17;KIN;PRPF38A;LSM2;ALYREF;HNRNPA1L3;HNRNPH1;ZRSR2P1;EFTUD2;TXNL4B;RBM17;BUD31;LSM8;SNRPG;LSM5;ISY1;TTF2;GEMIN2;CRIPT;EIF4A3;HNRNPM;AKAP17A;ZMAT5;SNRPB2;PRPF18;SF3A3;LSM7;SNRPD2;SNRPA;PNN;PLRG1;RBM22;PPIL1;SNRNP200;PRPF40B;SNRPF;SNRPA1;CWF19L1;SF3B3;DDX46;CTNNBL1;U2AF2;ZCCHC8;MTREX;PRPF4;RBM28;RNF113A;TRA2B;HNRNPH3;HNRNPR;CWC15;PRPF19;RBMX2;RBM42;PPIE;MAGOH;HNRNPF;DDX39B;SF3B6;PRPF3;SRSF1;API5;SNRPB;PRPF38B;PRPF40A;RBM5;SNU13;WAC;SYNCRIP;RBM48;HNRNPA3;BCLAF3;CWC27;HNRNPDL;HNRNPU;CRNKL1;SNRPC;TXNL4A;SRRM2;PPIH;SF3B5;IVNS1ABP"
"GOCC_SPLICEOSOMAL_TRI_SNRNP_COMPLEX",0.399883132060771,1,-0.390018821759885,-1.02838729404782,2052,37,"SNRPE;SNRPD1;LSM2;EFTUD2;TXNL4B;LSM8;SNRPG;LSM5;PRPF18;LSM7;SNRPD2;SNRNP200;SNRPF;PRPF4;RBM42;PRPF3;SNRPB;SNU13;TXNL4A;PPIH;LSM3;LSM4;LSM6;PRPF8"
"GOCC_SREBP_SCAP_INSIG_COMPLEX",0.891177064405411,1,-0.36436098575291,-0.618042836526508,4413,5,"INSIG1;SREBF1;SREBF2"
"GOCC_STEREOCILIA_COUPLING_LINK",0.335388899940322,1,0.648960679439046,1.15006524118115,1685,6,"USH2A;PDZD7;VEZT;WHRN"
"GOCC_STEREOCILIUM_BASE",0.238710960811617,1,0.695708573586573,1.23291021139408,1199,6,"MYO7A;PTPRQ;TRIOBP"
"GOCC_STEREOCILIUM_MEMBRANE",0.26797385620915,1,0.71357275286103,1.21292964766372,1352,5,"USH2A;RIPOR2;VEZT"
"GOCC_STRIATED_MUSCLE_THIN_FILAMENT",0.478476492759373,1,-0.45105964656588,-0.982285434603808,2411,15,"ACTA1;TMOD4;TNNT1;TTN"
"GOCC_SULFURTRANSFERASE_COMPLEX",0.423817161186848,1,-0.580161219059899,-1.06145332493893,2113,7,"FXN"
"GOCC_SUMO_LIGASE_COMPLEX",0.972183309985992,1,0.258784004479492,0.540071746626649,4857,12,"EID3;RANGAP1;NSMCE3;NSMCE4A;UBE2I;NSMCE2;RANBP2;SLF2;SMC6;SMC5;SLF1;NSMCE1"
"GOCC_SUPER_ELONGATION_COMPLEX",0.265326633165829,1,-0.683513474470178,-1.20543637985777,1319,6,"AFF2;AFF3;EAF2"
"GOCC_SUPRAMOLECULAR_COMPLEX",1,1,0.183177170422541,0.717269788850411,4091,1566,"KRT86;SCN5A;KRT16;ANKRD1;MYL4;MYOZ2;LDB3;TERC;PTPN20;ABRA;TRIM54;DCDC1;FGF13;CIMIP2A;HRC;COL4A4;KRT20;MYH1;LMOD3;DNAI1;MYH2;CIMAP1D;ACTC1;DES;MX1;SNCA;ACTL8;PPL;CFAP210;USH1G;FBXO32;KRT14;SNURF;MYPN;INA;CACNB4;AICDA;KIF5C;SEL1L2;CFAP45;RASSF2;TRIM55;CAV3;ACTN2;ZC3H12D;DNAH12;KY;MYBPH;TOGARAM2;NEFH;COL11A2;COL11A1;HSPB7;COL4A6;MYH7;ANK1;RDM1;LMNTD2;EML6;NR0B1;KCNE1;CASQ2;MYH11;DYNC1I1;JUP;CFAP126;TDRD6;SCN3B;DACH1;SAXO2;IGFN1;ANKS1B;MYH6;PINX1;KRTAP1-5;WAS;PRKAA2;SVIL;KIF17;TUBA4A;CLDN11;AR;HCK;COL6A6;TMEM232;PABPC4L;NCKAP5;BFSP1;KRTAP1-1;MEF2C;TEX14;TUBA8;CRYAB;TPPP3;MAP6D1;GPER1;LMOD1;MFAP5;EFHB;TNNC1;KRTAP5-9;EPPK1;KRT33B;IQCH;KIF6;IDO1;MYOM3;HSPB3;PDE4B;ELN;GFAP;NPNT;MBNL1;DNAH10;COL10A1;AMOT;CORO6;MX2;FMN1;PACRG;ARHGAP18;PLAG1;IFFO1;FOXO4;ESPN;MAP7D2;CMYA5;COL24A1;REEP1;RYR2;TUBB4A;ANKRD34A;BCL2L11;RCSD1;COL4A5;ACTN3;DNAH17"
"GOCC_SUPRAMOLECULAR_POLYMER",0.882971428571429,1,0.243678825190482,0.922876019488171,3862,805,"KRT86;SCN5A;KRT16;ANKRD1;MYL4;MYOZ2;LDB3;PTPN20;ABRA;TRIM54;DCDC1;FGF13;CIMIP2A;HRC;KRT20;MYH1;LMOD3;DNAI1;MYH2;CIMAP1D;ACTC1;DES;MX1;SNCA;ACTL8;PPL;CFAP210;FBXO32;KRT14;MYPN;INA;KIF5C;CFAP45;TRIM55;CAV3;ACTN2;DNAH12;KY;MYBPH;TOGARAM2;NEFH;MYH7;ANK1;LMNTD2;EML6;KCNE1;CASQ2;MYH11;DYNC1I1;JUP;CFAP126;SCN3B;SAXO2;IGFN1;MYH6;KRTAP1-5;WAS;SVIL;KIF17;TUBA4A;CLDN11;HCK;COL6A6;TMEM232;NCKAP5;BFSP1;KRTAP1-1;TUBA8;CRYAB;TPPP3;MAP6D1;GPER1;LMOD1;MFAP5;EFHB;TNNC1;KRTAP5-9;EPPK1;KRT33B;KIF6;IDO1;MYOM3;PDE4B;ELN;GFAP;NPNT;DNAH10;AMOT;CORO6;MX2;FMN1;PACRG;ARHGAP18;IFFO1;ESPN;MAP7D2;CMYA5;REEP1;RYR2;TUBB4A;BCL2L11;RCSD1;ACTN3;DNAH17;POLR2M;GRAMD2B;ARHGAP4;KRT18;FHOD3;PALLD;RASSF5;DNAH7;SHANK2;KAT2B;REEP2;RASSF3;KLHL41;ATP2B4;CFAP96;MAP2;CACNA1D;CTSH;HABP4;DYNLT2;ADAMTSL5;CALD1;SYNPO2;APC2;KIF13B;KRT17;TUBG2;RYR3"
"GOCC_SWI_SNF_COMPLEX",0.961319218241042,1,0.25260971151032,0.634617640182946,4721,28,"BCL11B;SMARCA2;BCL7B;ACTB;SMARCC2;DPF3;BCL7A;BICRAL;DPF2"
"GOCC_SWI_SNF_SUPERFAMILY_TYPE_COMPLEX",1,1,-0.170475960948777,-0.519437431241607,5192,95,"EP400P1;CECR2"
"GOCC_SWR1_COMPLEX",0.263439793691728,1,-0.53884547392761,-1.17345913023051,1327,15,"EP400P1"
"GOCC_SYMBIONT_CELL_SURFACE",0.262272367379256,1,-0.532063989319182,-1.17560142658464,1324,16,"GBP5;C4B;C2;FCN3;C4A"
"GOCC_SYMMETRIC_SYNAPSE",0.712918660287081,1,-0.408568401654432,-0.811140622077324,3575,10,"IQSEC3;NLGN4X"
"GOCC_SYNAPSE",0.483244293346285,1,0.25474597270165,0.9941439467212,1989,1452,"CHRM2;HRH2;MYRIP;NPTX1;CDH10;SLITRK1;NGEF;KCNA4;CDH8;CACNA1B;TACR1;PAK3;USH2A;CALY;GAD1;RGS7;SLC6A17;PTPRN2;PLG;KCNK3;CABP4;PACSIN1;HAPLN4;CARMIL3;ADGRB3;ANO1;PDE2A;ALDH1A1;HAP1;GABRA3;HCN1;NOG;MYO7A;MYO5C;CDK5R2;MCTP1;CHRM3;GJD2;KCNMB1;GABRB3;ZDHHC15;GRIP2;GNA15;ATP2B2;ACTC1;DES;LPAR3;MX1;CNTN1;SLC6A13;SNCA;RIMS1;BRINP1;ACTL8;HRH4;SLC17A7;PCLO;NTRK2;LRRC4;PPFIA2;DOK7;CORT;KCNB1;CHRNA1;KCNJ2;PCDHB4;CHRDL1;ADAM22;CTNND2;CABP1;NRXN3;CDH23;SNAP25;GNAO1;GRIN2C;LRRC4B;SH2D5;INA;GRM1;CACNB4;KIF5C;SEMA3F;NSG1;PDE10A;PPP1R9A;LAMA5;BAIAP3;CAV3;RASGRP2;RGS7BP;ACTN2;DAPK1;PRUNE2;SYT1;LAMP5;LHFPL4;MYLK;SLITRK4;HAPLN1;ACAN;NEFH;EMB;NTN1;MCTP2;RTN1;ADGRB1;FRRS1L;AP3B2;ANK1;CACNB2;NTSR1;SYT12;SORT1;EFNB2;COLQ;CYP46A1;APBA2;LRRC7;OPCML;ATP1A2;SYT5;ANKS1B;RASD2;KCNQ3;PENK;EPHA7;FGFR2;FAAH;P2RX5;SYNGR2;GRIA1;SRGAP3;FAM81A;LRRK2;KIF17;PALMD;CHRNA5;ACHE;TSPOAP1;RIMS4;SHISA8;NTF3;CDH6;KCND2;KCNA1;GNAZ;SDK1;ITGA3;MEF2C;LYNX1;CDH15;SEPTIN3;KCTD16;CACNG2;CRYAB;CXADR;S1PR4;GPER1;STON2;PLXNC1;PLAT;STAC3;AKAP5;DOCK4;KCND1;CACNA1A;DBH;SEMA3A;CHN2;PCDHB9;SLC18A2;NLGN4Y;CAMK2N1;GRIN1;CHRFAM7A;GABBR2;PCDHB10;HAPLN3;KCNK9;PDE4B;RPH3AL;RAB3A;C1QC;DRD4;SHC4"
"GOCC_SYNAPSE_ASSOCIATED_EXTRACELLULAR_MATRIX",0.615584935897436,1,0.470266275358145,0.893810990847605,3072,8,"HAPLN4;LAMA5;HAPLN1;ACAN;HAPLN3"
"GOCC_SYNAPTIC_CLEFT",0.242056263914187,1,0.488979057384904,1.17019435795241,1195,22,"NPTX1;CDH8;ADGRB3;LAMA5;COLQ;ACHE;GRIN1"
"GOCC_SYNAPTOBREVIN_2_SNAP_25_SYNTAXIN_1A_COMPLEX",0.237734343837256,1,0.667537276614461,1.22939260394184,1191,7,"SNAP25;VAMP2;STX1B;VAMP1"
"GOCC_SYNAPTONEMAL_STRUCTURE",0.878530515504642,1,-0.296917761762014,-0.72848877668182,4447,26,"SYCE1;HORMAD1;SYCP2;STAG3;PLK1;REC8;INCENP;SYN1"
"GOCC_T_CELL_RECEPTOR_COMPLEX",0.233652312599681,1,-0.615249530727771,-1.22146961210526,1171,10,"ZAP70;PTPN6;SYK;CEACAM1;TRBV12-4;CD4"
"GOCC_T_TUBULE",0.41955318712851,1,0.365521640663733,1.01203649018085,2046,46,"SCN5A;KCNJ2;CACNB4;CAV3;CACNB2;ATP1A2;FXYD1;STAC3;KCNJ12;AHNAK2;ATP2B4;CACNA1D;ATP1B1;CACNA2D1"
"GOCC_T_UTP_COMPLEX",0.308140703517588,1,-0.662312823622708,-1.16804715965548,1532,6,"WDR43;HEATR1;UTP4;UTP15;WDR75;NOL11"
"GOCC_TELOMERASE_HOLOENZYME_COMPLEX",0.595787768327258,1,0.383244469089623,0.908158696663971,2941,21,"TERC;SNRPD3"
"GOCC_TERTIARY_GRANULE",0.718502673796791,1,0.279418135086664,0.895474857430513,3358,125,"MGAM;PTPRN2;SNAP25;FOLR3;ENPP4;SVIP;LYZ;CD55;MMP8;ITGB2;SERPINB12;PLAU;NFASC;CTSH;VAMP8;TMT1A;CLEC12A;CD177;PTX3;ATP8B4;DIAPH1;STBD1;CTSS"
"GOCC_TERTIARY_GRANULE_LUMEN",0.294618660472319,1,-0.406301292505464,-1.09925154961711,1521,43,"TCN1;CFP;PTPN6;LRG1;CXCL1;CDA;TNFAIP6"
"GOCC_TETRASPANIN_ENRICHED_MICRODOMAIN",0.756410256410256,1,0.40880760653893,0.776999651077085,3775,8,"TSPAN33;PDPN;CD81;SAMHD1"
"GOCC_THO_COMPLEX",0.864723618090452,1,-0.378877641461025,-0.668184183034357,4301,6,"THOC1;THOC3;THOC7;THOC6;THOC2;THOC5"
"GOCC_TIGHT_JUNCTION",0.711342395921835,1,0.281646725891707,0.895723758448951,3348,117,"FRMD4B;EPB41L4B;TJP3;ESAM;WNK3;JAM2;MPP7;CLDN11;PLXDC1;RIGI;CXADR;CCND1;USP53;EPPK1;GJA1;AMOT;CLDN22;TJP2;PARD6B;OCLN;PARD6A;MAGI2;PARD6G;FZD5;CLDN15"
"GOCC_TIM22_MITOCHONDRIAL_IMPORT_INNER_MEMBRANE_INSERTION_COMPLEX",0.430032076984763,1,-0.577025956963351,-1.05571710151067,2144,7,"TIMM9;TIMM29;TIMM10B;AGK"
"GOCC_TIM23_MITOCHONDRIAL_IMPORT_INNER_MEMBRANE_TRANSLOCASE_COMPLEX",0.236342042755344,1,-0.542519043777841,-1.19870198813992,1193,16,"ROMO1;GRPEL2;HSPA9;TIMM50;TIMM44;DNAJC15;TIMM17B;TIMM23;GRPEL1;SLC25A6"
"GOCC_TOM_COMPLEX",0.92057473558172,1,-0.312914061771018,-0.607534857641328,4612,9,"TOMM5;TOMM40;TOMM7;TOMM6;TOMM70;TRABD;TOMM22;TOMM20;MUL1"
"GOCC_TOR_COMPLEX",0.973384030418251,1,0.255051094209323,0.532281313930989,4863,12,"PRR5L;RPTOR;SESN3;MLST8;AKT1S1;PRR5;MTOR;TTI1;LARP1;MAPKAP1;RICTOR;SESN2"
"GOCC_TORC1_COMPLEX",0.888004774219216,1,0.355413537341979,0.629851343066837,4463,6,"RPTOR;MLST8;AKT1S1;MTOR;TTI1;LARP1"
"GOCC_TORC2_COMPLEX",0.939691444600281,1,0.303719720403763,0.592669704868648,4689,9,"PRR5L;SESN3;MLST8;PRR5;MTOR;TTI1;MAPKAP1;RICTOR;SESN2"
"GOCC_TRAMP_COMPLEX",0.848778518069857,1,-0.400153922791792,-0.678756165340826,4203,5,"ZCCHC8;MTREX;ZCCHC7"
"GOCC_TRANS_GOLGI_NETWORK_TRANSPORT_VESICLE",0.993418505613628,1,-0.213659541243253,-0.578057678216632,5131,43,"AP1M2;CLTCL1"
"GOCC_TRANS_GOLGI_NETWORK_TRANSPORT_VESICLE_MEMBRANE",0.781157416551452,1,-0.324169402528024,-0.795350773506771,3954,26,"AP1M2;CLTCL1"
"GOCC_TRANS_SYNAPTIC_PROTEIN_COMPLEX",0.480603015075377,1,-0.576777122561328,-1.01719739635571,2390,6,"GRID1;EGFLAM"
"GOCC_TRANSCRIPTION_ELONGATION_FACTOR_COMPLEX",1,1,0.140152400542284,0.396541570108007,4906,52,"ELL3;ERCC6;ELOA2;ELL;SUPT4H1;ZC3H8;PAF1;EPOP;CTR9;AFF1;NELFB;MLLT3;NELFA;ELOF1;MLLT1;SUPT6H;CDK12;NELFE;RB1;TONSL;SNW1;ELL2;CDK13;CCNT1;SUPT5H;PEX2;SUPT16H;CDK9;CCNT2;LEO1;ELOA;NELFCD;TCEA2;SKIC8;ELOB;EAF1;CDC73;AFF4;ELP2;CCNK;ICE1;SSRP1;RTF1;ELOC;MMS22L;TTF2;NUFIP1;ELP4;ICE2;EAF2;AFF3;AFF2"
"GOCC_TRANSCRIPTION_EXPORT_COMPLEX",0.72214498510427,1,-0.364568983301837,-0.815847007869076,3635,17,"ALYREF;NCBP3;THOC1;THOC3;CHTOP;DDX39B;DDX39A;THOC7;ERH;NXF1"
"GOCC_TRANSCRIPTION_EXPORT_COMPLEX_2",0.98070351758794,1,-0.26510239305873,-0.467531483893653,4878,6,"ENY2;SEM1;MCM3AP;CETN3;CETN2;PCID2"
"GOCC_TRANSCRIPTION_FACTOR_AP_1_COMPLEX",0.185125628140704,1,-0.72496453774373,-1.27853899088158,920,6,"FOS;JUNB;JUN"
"GOCC_TRANSCRIPTION_FACTOR_TFIIA_COMPLEX",0.253179890975167,1,-0.716596160932063,-1.2155174161451,1253,5,"GTF2A1L;TBPL1"
"GOCC_TRANSCRIPTION_FACTOR_TFIID_COMPLEX",0.326210826210826,1,0.422040013919886,1.08416813355255,1602,31,"TAF7L;GTF2F1"
"GOCC_TRANSCRIPTION_FACTOR_TFIIH_HOLO_COMPLEX",0.705694305694306,1,-0.398563832622925,-0.821677537696304,3531,12,"GTF2H5;GTF2H3;MMS19;GTF2H4;CCNH"
"GOCC_TRANSCRIPTION_FACTOR_TFIIIC_COMPLEX",0.658492462311558,1,-0.489885905220783,-0.863957060378997,3275,6,"GTF3C6;GTF3C2;GTF3C3;GTF3C4"
"GOCC_TRANSCRIPTION_FACTOR_TFTC_COMPLEX",0.23667462211615,1,-0.526836961636752,-1.19096868087392,1189,18,"SUPT3H;TAF10;ENY2;TAF7;KAT2A;ATXN7;TAF12;TAF9;TAF6;ATXN7L3;TRRAP;TAF5;TAF2"
"GOCC_TRANSCRIPTION_PREINITIATION_COMPLEX",0.935663224781573,1,-0.293503118175677,-0.616900765150035,4711,13,"RPAP2;TAF10;GTF2H3;BRF2;BRF1;RPRD1A"
"GOCC_TRANSCRIPTION_REGULATOR_COMPLEX",0.835422343324251,1,-0.251376685534969,-0.905031330676014,4598,468,"POU3F2;TLE6;HOXB9;LEF1;FOS;GATA4;SOX2;HOXB13;HIF3A;SKOR2;SIX2;NFE2;POU5F1;MLXIPL;CEBPA;BACH2;NR5A2;HEY2;POU3F1;NPAS4;GTF2A1L;GATA2;CORO2A;MYCL;JUNB;RARB;TLE2;TLE3;RFXANK;MYBL2;SIX4;GSC;DEPDC1;SMAD1;HOXA11;SOX18;CLOCK;PITX1;RUNX2;MDM4;BATF3;LMO4;RFX3;TBPL1;HIF1A;FOXP3;ZBTB16;SUPT3H;ATF3;NPAS2;SOX4;FOXM1;BIN1;JUN;MED8;HAND2;TAF10;GTF2H5;TAF1A;RBBP8;SCX;ZFPM1;GTF2H3;ENY2;GTF2E1;E2F7;PITX2;RUNX1;E2F2;EPAS1;CEBPG;MLXIP;RBM14;NOTCH1;HOXD10;FOXP1;TAF1D;SIX1;GMNN;YY2;KDM1A;NCOR2;PUS1;VDR;FOXP4;BRF2;GTF3C6;ATF5;SMAD4;TCF21;HOXA9;NFYB;SNAPC4;CDK4;SPEN;GTF2E2;LIN9;MGA;GATA6;MED14;LIN54;STAT4;PRKDC;TEAD4;CEBPZ;ZFHX3"
"GOCC_TRANSCRIPTION_REPRESSOR_COMPLEX",1,1,-0.164035354228077,-0.499606655320887,5215,94,"HEY2;CORO2A;DEPDC1;MDM4;ZBTB16;BIN1;JUN;RBBP8;ZFPM1;HOXD10;GMNN;KDM1A;NCOR2;SPEN;LIN9;MGA;LIN54;DR1;ETV3;HDAC2;JAZF1;MYC;TFAP4;HMGB1;HOXC9;MEN1;MXD3;E2F6;RCOR3;AKIRIN2;JUND;LIN37;RBBP4;RLIM;CTNNBIP1;CTBP2"
"GOCC_TRANSFERASE_COMPLEX",1,1,0.128284602416201,0.490004752236719,4306,950,"TAF7L;UGT3A2;TERC;DCAF12L2;CDK5R2;SUPT20HL1;PSG9;DAW1;KLHL30;OGDHL;ACTL8;ASB12;PHKA1;FBXO32;PRAME;ACVR1C;DAPK1;CCNP;PRKY;KLHL38;PRKAA2;FBXO43;FBXO15;FBXO48;CCNO;FBXL2;CCND1;CBX7;ZSWIM5;UTY;INO80C;FBXW10;PIK3R1;PDK2;PRIM2;LMO7;PHKG1;POLR2M;EID3;HDAC9;CAB39L;PARD6B;FBXO27;IRAK2;FBXL16;PCGF5;PIK3R3;PARD6A;ABAT;KAT2B;CBX2;ING3;PRKN;SNRPD3;KLHL41;JADE2;PARD6G;KLHL23;RNF11;DDB2;CDK3;AMN1;COPRS;MYZAP;ZER1;ALG14;PDK1;REV3L;RNF144B;C9orf72;KLHL21;FBXO33;FBXO9;KLHL22;CBX8;FBXO38;RNF144A;PRKAG2;DDA1;NEK10;CHRAC1;CBX6;IKBKB;TGFBR2;SMURF2;EZH1;KCTD2;BCKDHB;FIG4;PFKP;KLHL26;TMEM183BP;DCAF11;AMT;FBXO2;ANAPC4;KCTD10;CNPPD1;STING1;KLHL24;WWP2;MBIP;SKP1;GTF2H2C;FBXO24;TRIM37;CCNG1;FAM8A1;UBR3;MED21;OS9;YPEL5;GNPTG;BARD1;UBAC1;ACTB;CHML;INSR;ABTB1;FBXL3;CDKN2D;RABGGTA;ACVR2A;MED31;ORMDL1;ASB2;ING4;PHF20;PHF1;WDTC1;KLHL35;BRD8;MAX;FBXO17;MAP3K5;GTF2F1;FBXO21;PHKB;GNPTAB;RMND5B;PHF20L1;MEAF6;PEX12;PCGF3;POLR2J3;FEM1C;PFKFB3;CDK19;CCNG2;IKBKG;ISCU;ATG16L1;PAF1;LZTR1;RB1CC1;PIGV;KBTBD7;FBXL15;ZNFX1;FBXW5;GTPBP3;MAVS;FBXO44;CDK11B;RANGAP1;CCND3;SPSB3;CAB39;ANKIB1;PIGQ"
"GOCC_TRANSFERASE_COMPLEX_TRANSFERRING_PHOSPHORUS_CONTAINING_GROUPS",1,1,0.201886620015484,0.71457604404837,4582,304,"TAF7L;UGT3A2;TERC;CDK5R2;PSG9;PHKA1;ACVR1C;DAPK1;CCNP;PRKY;PRKAA2;CCNO;CCND1;PIK3R1;PRIM2;PHKG1;POLR2M;CAB39L;PARD6B;IRAK2;PIK3R3;PARD6A"
"GOCC_TRANSFORMING_GROWTH_FACTOR_BETA_LIGAND_RECEPTOR_COMPLEX",0.327232942112592,1,0.652946218762331,1.15712827348541,1644,6,"PSG9;TGFBR2"
"GOCC_TRANSLOCON_COMPLEX",0.225104769507084,1,-0.634940160940495,-1.23276109135046,1127,9,"SSR3;SSR1;SSR4;SEC61A2;ARL6IP1;SSR2;SEC61B"
"GOCC_TRANSPORTER_COMPLEX",0.685567953173587,1,-0.263287318912521,-0.938410625784543,3747,415,"GABRA2;GRIK4;TTYH1;ATP10B;FXYD3;CLDN4;CHRNA9;CACNG7;GABRA5;KCNG2;GRID1;KCNJ10;SLC5A2;SLC30A8;UNC79;SHISA9;SCN7A;ATP1B2;KCNK1;MTCO2P12;KCNA2;KCNAB3;CACNA1E;ATP2A1;CATSPERG;GRIK5;CHRNB2;KCNH2;KCNIP2;FXYD6;KCNG1;ATP6V1B1;CACNA1H;GRIA2;OLFM2;KCNS3;CACNG8;ATP6V1G3;NALF1;ATP6V1G2;PLN;PDE4D;SCN4B;TMEM37;CLIC6;CACNA2D2;KCNH1;CACNA2D4;ABCC9;CNIH2;KCNE3;GABRQ;KCND3;GABRE;SLC3A1;KCNMB3;VMA12;COX7A1;KCNQ4;TMEM249;TTYH2;UQCRQ;KCNMB4"
"GOCC_TRAPP_COMPLEX",0.9493545183714,1,-0.27457294875385,-0.614450293203232,4779,17,"TRAPPC2L;TRAPPC10;TRAPPC5;TRAPPC6B;TRAPPC14;TRAPPC3;TRAPPC12;TRAPPC2;TRAPPC8;TRAPPC4;TRAPPC13;TRAPPC2B;TRAPPC3L;TRAPPC1;TRAPPC6A;TRAPPC11;TRAPPC9"
"GOCC_TRAPPII_PROTEIN_COMPLEX",0.957442557442557,1,-0.274508888992581,-0.565926382478784,4791,12,"TRAPPC2L;TRAPPC10;TRAPPC5;TRAPPC6B;TRAPPC14;TRAPPC3;TRAPPC2;TRAPPC4;TRAPPC13;TRAPPC2B;TRAPPC1;TRAPPC9"
"GOCC_TRAPPIII_PROTEIN_COMPLEX",0.947852147852148,1,-0.28342121226261,-0.584299991020931,4743,12,"TRAPPC2L;TRAPPC5;TRAPPC3;TRAPPC12;TRAPPC2;TRAPPC8;TRAPPC4;TRAPPC13;TRAPPC2B;TRAPPC1;TRAPPC6A;TRAPPC11"
"GOCC_TRNA_INTRON_ENDONUCLEASE_COMPLEX",0.858469614375126,1,-0.392603071541366,-0.66594812686393,4251,5,"TSEN15;TSEN54;TSEN2"
"GOCC_TRNA_METHYLTRANSFERASE_COMPLEX",0.37274350327316,1,-0.493418353516461,-1.07453119673968,1878,15,"HSD17B10;METTL1;WDR4;TRMT61B;THUMPD2;SARS1;TRMT10C;THUMPD3;TRMT11;BUD23;METTL6;TRMT112"
"GOCC_TRNA_SPLICING_LIGASE_COMPLEX",0.971754807692308,1,0.263820853743877,0.501430766030354,4850,8,"FAM98C;FAM98A;FAM98B;C2orf49;DDX1;RTCB;ZBTB8OS;RTRAF"
"GOCC_TROPONIN_COMPLEX",0.925724637681159,1,-0.370714874800363,-0.570166231922094,4598,3,"TNNT1"
"GOCC_TUBULAR_ENDOSOME",0.789547738693467,1,-0.425618536301815,-0.750615879222743,3927,6,"SNX32"
"GOCC_TUMOR_NECROSIS_FACTOR_RECEPTOR_SUPERFAMILY_COMPLEX",0.857142857142857,1,-0.343211026717927,-0.707562423534327,4289,12,"LTB"
"GOCC_U1_SNRNP",0.887122416534181,1,-0.304374451894069,-0.69856566210429,4463,19,"SNRPE;SNRPD1;SNRPG;SNRPB2;SNRPD2;SNRPA;PRPF40B;SNRPF"
"GOCC_U11_U12_SNRNP",0.958530805687204,1,-0.264709881055224,-0.621740430289972,4853,21,"SNRPE;SNRPD1;SNRPG;ZMAT5;SNRPD2;SNRPF;SF3B3"
"GOCC_U12_TYPE_CATALYTIC_STEP_2_SPLICEOSOME",0.721121788585997,1,-0.318422352261002,-0.841502903810331,3676,38,"SNRPE;SNRPD1;EFTUD2;SNRPG;CRIPT;SNRPD2;PLRG1;SNRNP200;SNRPF;SF3B3;RNF113A;CWC15;RBMX2;SF3B6;SNRPB;RBM48;CWC27;CRNKL1;SRRM2;SF3B5"
"GOCC_U12_TYPE_PRECATALYTIC_SPLICEOSOME",0.538521552564853,1,-0.360683263020907,-0.940904810923987,2760,35,"SNRPE;SNRPD1;EFTUD2;TXNL4B;SNRPG;ZMAT5;SNRPD2;SNRNP200;SNRPF;SF3B3;PRPF4;SF3B6;PRPF3;SNRPB;SNU13"
"GOCC_U12_TYPE_SPLICEOSOMAL_COMPLEX",0.986407766990291,1,-0.228494690773658,-0.655051293120475,5079,61,"SNRPE;SNRPD1;EFTUD2;TXNL4B;SNRPG;CRIPT;ZMAT5;LSM7;SNRPD2;PLRG1;SNRNP200;SNRPF;SF3B3;PRPF4;RNF113A;CWC15;RBMX2;SF3B6;PRPF3;SNRPB;SNU13;RBM48;CWC27;CRNKL1;SRRM2;SF3B5"
"GOCC_U2_SNRNP",0.842583448548291,1,-0.308283719357202,-0.756375193766469,4265,26,"SNRPE;SNRPD1;SNRPG;SNRPB2;U2SURP;SF3A3;SNRPD2;SNRPF;SNRPA1;SF3B3;DDX46;RBMX2;SF3B6;SNRPB"
"GOCC_U2_TYPE_CATALYTIC_STEP_2_SPLICEOSOME",0.514884449667058,1,-0.359339543781567,-0.958357166854737,2628,40,"SNRPE;SNRPD1;EFTUD2;BUD31;SNRPG;EIF4A3;SNRPB2;SNRPD2;PLRG1;RBM22;PPIL1;SNRNP200;SNRPF;SNRPA1;CWC15;PRPF19;PPIE;MAGOH"
"GOCC_U2_TYPE_PRECATALYTIC_SPLICEOSOME",0.277483833039389,1,-0.401409494976194,-1.11195403151722,1415,50,"SNRPE;MAGOHB;SNRPD1;PRPF38A;LSM2;EFTUD2;LSM8;SNRPG;LSM5;SNRPB2;SF3A3;LSM7;SNRPD2;SNRNP200;SNRPF;SNRPA1;SF3B3;PRPF4;RNF113A;RBMX2;PRPF3;SNRPB;SNU13;CWC27;TXNL4A;SRRM2;SF3B5;LSM3;LSM4;LSM6;PRPF8"
"GOCC_U2_TYPE_SPLICEOSOMAL_COMPLEX",0.703401102033061,1,-0.287312316145459,-0.891298979309377,3701,109,"SNRPE;MAGOHB;SNRPD1;KIN;PRPF38A;LSM2;EFTUD2;BUD31;LSM8;SNRPG;LSM5;ISY1;EIF4A3;SNRPB2;PRPF18;SF3A3;LSM7;SNRPD2;PLRG1;RBM22;PPIL1;SNRNP200;PRPF40B;SNRPF;SNRPA1;SF3B3;DDX46;U2AF2;PRPF4;RNF113A;CWC15;PRPF19;RBMX2;PPIE;MAGOH;SF3B6;PRPF3;SNRPB;PRPF40A;SNU13;CWC27;CRNKL1;SNRPC;TXNL4A;SRRM2;SF3B5;LSM3;LSM4"
"GOCC_U2AF_COMPLEX",0.865125628140703,1,-0.378551103232728,-0.667608304029033,4303,6,"ZRSR2P1;U2AF2;SF1;U2AF1L4;ZRSR2;U2AF1"
"GOCC_U4_SNRNP",0.670373312152502,1,-0.405316740001836,-0.851916697135694,3375,13,"SNRPE;SNRPD1;SNRPG;SNRPD2;SNRPF;PRPF4;DDX39B;PRPF3;SNRPB;SNU13"
"GOCC_U4_U6_SNRNP",0.339335180055402,1,-0.466137391667928,-1.0841056936714,1714,20,"SNRPE;SNRPD1;LSM2;LSM8;SNRPG;LSM5;LSM7;SNRPD2;SNRPF;PRPF4;PRPF3;SNRPB;SNU13;PPIH;LSM3;LSM4;LSM6"
"GOCC_U4ATAC_SNRNP",0.546236989591673,1,-0.46528279211414,-0.940666467149578,2728,11,"SNRPE;SNRPD1;SNRPG;SNRPD2;SNRPF;PRPF4;PRPF3;SNRPB;SNU13"
"GOCC_U4ATAC_U6ATAC_X_U5_TRI_SNRNP_COMPLEX",0.278585461689587,1,-0.454737076274095,-1.13271818278677,1417,28,"SNRPE;SNRPD1;LSM2;EFTUD2;TXNL4B;LSM8;SNRPG;LSM5;LSM7;SNRPD2;SNRNP200;SNRPF;PRPF4;PRPF3;SNRPB;SNU13;LSM3;LSM4;LSM6;PRPF8"
"GOCC_U5_SNRNP",0.535021764938662,1,-0.404319106543416,-0.940333586832499,2703,20,"SNRPE;SNRPD1;EFTUD2;TXNL4B;SNRPG;PRPF18;SNRPD2;SNRNP200;SNRPF"
"GOCC_U6_SNRNP",0.366793055278388,1,-0.56800756707342,-1.10280884933088,1837,9,"LSM2;LSM8;LSM5;LSM7;DDX39B;LSM3;LSM4;LSM6"
"GOCC_U6ATAC_SNRNP",0.413373253493014,1,-0.565362143784402,-1.06774098325886,2070,8,"LSM2;LSM8;LSM5;LSM7;LSM3;LSM4;LSM6"
"GOCC_U7_SNRNP",0.833801122694467,1,-0.385725382832308,-0.705716750223566,4158,7,"SNRPE;SNRPG;SNRPF;LSM10"
"GOCC_UBIQUINONE_BIOSYNTHESIS_COMPLEX",0.688482196140839,1,0.468635959647452,0.830500128950773,3460,6,"COQ7;COQ6;COQ9;COQ4;COQ5;COQ3"
"GOCC_UBIQUITIN_CONJUGATING_ENZYME_COMPLEX",0.76187624750499,1,-0.409610450198274,-0.773588875123892,3816,8,"UBE2N;RNF40;UBE2A;UBE2V1;UBE2V2;STUB1;RNF20;UBE2B"
"GOCC_UBIQUITIN_LIGASE_COMPLEX",1,1,0.160837468419311,0.578369671623488,4541,365,"DCAF12L2;DAW1;KLHL30;ASB12;FBXO32;PRAME;KLHL38;FBXO43;FBXO15;FBXO48;FBXL2;CBX7;ZSWIM5;FBXW10;LMO7;FBXO27;FBXL16;PCGF5;CBX2;PRKN;KLHL41;KLHL23;RNF11;DDB2;AMN1;ZER1;RNF144B;KLHL21;FBXO33;FBXO9;KLHL22;CBX8;FBXO38;RNF144A;DDA1;CBX6;SMURF2;KCTD2;KLHL26;TMEM183BP;DCAF11;FBXO2;ANAPC4;KCTD10;KLHL24;WWP2;SKP1;FBXO24;FAM8A1;UBR3;MED21;OS9;YPEL5;BARD1;UBAC1;ABTB1;FBXL3;MED31;ASB2;WDTC1;KLHL35;MAX;FBXO17;FBXO21;RMND5B;PEX12;PCGF3;FEM1C;IKBKG;LZTR1;KBTBD7;FBXL15;FBXW5;MAVS;FBXO44;SPSB3;ANKIB1;FBXO31;ANKRD9;CDKN1B;RYBP;FBXO36;KLHDC2;DCAF4;KLHL11;DTL;MGRN1;ZYG11A;AMFR;DCAF6;FBXW11;TRAF6;MED11;RANBP10;MAEA;DCUN1D2"
"GOCC_UDP_N_ACETYLGLUCOSAMINE_TRANSFERASE_COMPLEX",0.625600961538462,1,0.466511716054431,0.88667489254055,3122,8,"UGT3A2;ALG14"
"GOCC_UNCONVENTIONAL_MYOSIN_COMPLEX",0.450538492221779,1,0.563280180323753,1.03738399621539,2258,7,"MYO1F;DYNLL2;MYO6;MYL6;MYO1C"
"GOCC_UNIPLEX_COMPLEX",0.971354684702606,1,0.275271726454261,0.487826850693976,4882,6,"MCUB;MICU2;MICU1;MCU"
"GOCC_VACUOLAR_LUMEN",0.670271416454623,1,0.280479432874024,0.917768918876122,3160,148,"PRELP;GCA;NSG1;FUCA1;ACAN;PADI2;LYZ;CTSV;TTR;PLAC8;C3;CTSF;ARSB;CSPG4;RNASET2;GPC6;CTSK;CSPG5;ARHGAP45;GPC1;SGSH;MAN2B2;HYAL1;SDC3;ATP13A2;NAAA;IDS;HEBP2;DCN;CTSS;CYB5R3"
"GOCC_VACUOLAR_MEMBRANE",0.236512261580381,1,-0.295423157995902,-1.06549336858913,1301,480,"HLA-DQA1;HLA-DQB1;HLA-DRB5;HLA-DOA;TLR9;HLA-DRB1;CD74;HLA-DRA;ATP10B;HLA-DMB;C3AR1;HLA-DPA1;AP1M2;HLA-DPB1;FPR1;ACP3;MCOLN2;SLC15A3;ATP6V1B1;HLA-DQA2;MPEG1;RAB44;ATP6V1G3;HLA-DOB;EGF;LAMP3;ATP6V1G2;DEPTOR"
"GOCC_VACUOLE",0.997322384862549,1,-0.227986391746663,-0.848651390962188,5586,802,"HLA-DQA1;HLA-DQB1;HLA-DRB5;HLA-DOA;TLR9;HLA-DRB1;CD74;HLA-DRA;ATP10B;IL1B;HLA-DMB;CRHBP;C3AR1;HLA-DPA1;AP1M2;HLA-DPB1;FPR1;MEFV;TRIM17;AKR1B10;ACP3;CXCR4;FABP5;TRIM29;SERPINA3;CALCRL;MCOLN2;SLC15A3;MST1R;ATP6V1B1;APOB;HLA-DQA2;IFI30;MPEG1;ADAM8;RAB44;ATP6V1G3;HLA-DOB;SIDT1;EGF;LAMP3;ATP6V1G2;DEPTOR"
"GOCC_VCP_NPL4_UFD1_AAA_ATPASE_COMPLEX",0.97054698457223,1,0.265746011010544,0.518568928307522,4843,9,"RNF125;FAF1;FAF2;UBXN1;NPLOC4;UBXN7;UFD1;AFG2B;VCP"
"GOCC_VESICLE_COAT",1,1,-0.165777319233457,-0.478860722524911,5140,64,"AP1M2;CLTCL1"
"GOCC_VESICLE_LUMEN",0.920206871074991,1,-0.247340237796612,-0.852500277583763,4981,278,"PDGFB;POMC;TCN1;ARHGAP9;SERPINF2;SCG3;CFD;FGB;APOA1;CFP;FABP5;SERPINA3;PTPN6;AHSG;SERPINA1;LRG1;FGA;CXCL1;PCSK1;A2M;FGG;APOH;CDA;EGF;TF;ALB;CRISPLD2;ADA2;HGF"
"GOCC_VESICLE_MEMBRANE",0.217383791256264,1,-0.277191768096687,-1.04957662366232,1257,1102,"OPRD1;DRD2;SLC35F1;GABRA2;HLA-DQA1;HLA-DQB1;HLA-DRB5;HLA-DOA;WNT7B;TLR9;HLA-DRB1;CD74;HLA-DRA;ATP10B;UNC13C;HLA-DMB;PKP1;ABCA12;FPR2;DMBT1;C3AR1;GBP5;HLA-DPA1;SLC30A8;AP1M2;GPRC5C;HLA-DPB1;FPR1;SH3GL3;PTPRN;TEKT3;APOE;ATP13A4;ICA1;KIAA0319;FCGR2A;WNT4;DCSTAMP;EPHB1;SCG3;PLA2G4B;ACP3;SYN3;SYN2;AQP4;PTAFR;FABP5;MCOLN2;PLPP2;SLC15A3;ATP6V1B1;SYNDIG1;FLRT1;GRIA2;SNX10;APOB;ANXA8L1;NOSTRIN;BSN;HLA-DQA2;TMEM190;CACNG8;HBEGF;FER1L5;WNT5A;MPEG1;PKDREJ;UBAP1L;ZPLD1;ADAM8;PECAM1;RAB44;ATP6V1G3;CD274;HLA-DOB;EGF;CLTCL1;LAMP3;PMEPA1;ATP6V1G2;MLANA;SCARF1;TF"
"GOCC_VESICLE_TETHERING_COMPLEX",0.78072338676531,1,0.288897733199886,0.847819097964086,3798,66,"MYRIP;AKTIP;EXOC6;EXOC3L2;STX17;TRAPPC9;TRAPPC11;VPS33B;COG5;TRAPPC6A;VPS11;EXOC7;TRAPPC1;EXOC2;TGFBRAP1;VPS39"
"GOCC_VOLTAGE_GATED_CALCIUM_CHANNEL_COMPLEX",0.455685790664199,1,0.37977257386538,0.991152713752556,2215,34,"CACNA1B;CATSPER2;CACNB4;CACNB2;CATSPER3;CATSPERZ;CACNG2;CATSPER1;STAC3;CACNA1A;PDE4B"
"GOCC_VOLTAGE_GATED_SODIUM_CHANNEL_COMPLEX",0.641763995167137,1,0.410459092735108,0.872195615929394,3186,13,"SCN5A;SCN3A;SCN3B;SCN9A"
"GOCC_VON_WILLERBRAND_FACTOR_A_DOMAIN_RICH_COLLAGEN_TRIMER",0.483417085427136,1,-0.574800409835834,-1.01371128888185,2404,6,"COL7A1;COL28A1;COL6A3"
"GOCC_WASH_COMPLEX",0.532498990714574,1,0.436539101125129,0.94618559089321,2637,14,"WIPF3;RCSD1;WASHC2A;WASHC3;CAPZA1"
"GOCC_WEIBEL_PALADE_BODY",0.974471479856402,1,0.269463272656979,0.496266150286891,4885,7,"APOLD1;ECE1;EDN1"
"GOCC_WNT_SIGNALOSOME",0.553362867498993,1,0.439171435348881,0.933207248498969,2747,13,"LRRK2;LRP5;RECK;FZD1;DVL1"
"GOCC_X_CHROMOSOME",0.882575757575758,1,-0.336060859084782,-0.667189663199723,4426,10,"FIRRE;H2AZ1"
"GOCC_XY_BODY",0.27032967032967,1,-0.570418490950227,-1.17597238569274,1352,12,"ESCO2;DNMT3A;PLK4;SMARCC1;H2AX"
"GOCC_ZONA_PELLUCIDA_RECEPTOR_COMPLEX",0.729045226130653,1,-0.454307265782407,-0.801210987438584,3626,6,"CCT4;CCT2;CCT3;CCT8;TCP1"
"GOCC_ZYMOGEN_GRANULE",0.478157267672756,1,-0.470456548430767,-0.98883107784589,2407,13,"DMBT1;STXBP2;RAB27B"
