"pathway","pval","padj","ES","NES","nMoreExtreme","size","leadingEdge"
"GOBP_ADAPTIVE_IMMUNE_RESPONSE",0.000556483027267668,0.139024604312337,-0.420879991037659,-1.48563972672312,2,375,"HLA-DQA1;HLA-DQB1;HLA-DRB5;HLA-DOA;HLA-DRB1;CD74;HLA-DRA;IL1B;HLA-DMB;LEF1;IL12RB1;AZGP1;RAP1GAP;ZAP70;CFI;HLA-DPA1;IL33;HLA-DPB1;CD226;EOMES;TNFRSF17;CD79B;SUSD4;IL18R1;IGHV3-11;CD79A;CRTAM;FCGR2A;LAX1;IGLV1-40;HPX;FGB;RAP1GAP2;C7;LAG3;ITK;C4BPA;FGL1;C4B;C2;PTPN6;MCOLN2;FGA;IGHG1;BACH2;HLA-DQA2;PAG1;IL27RA;IFNE;CARD9;IGLC3;MPEG1;ZP3;SYK;CD274;HLA-DOB;LAMP3;C4A;EPHB2;HLX;SCART1;RAPGEF4;CEACAM1;HAVCR2;TRBV12-4;AIRE;JUNB;NLRP3;PRKCZ;PSMB9;IRF1;HLA-DMA;SHLD1;IL2RB;CD4;IGKC;CD40;ULBP1;IL17B;NFKBIZ;FCRLB;LOXL3"
"GOBP_DISACCHARIDE_METABOLIC_PROCESS",0.000392233771327711,0.139024604312337,0.95294227171517,1.62564770856812,1,5,"MGAM;IDUA"
"GOBP_ENSHEATHMENT_OF_NEURONS",0.000382701875239189,0.139024604312337,-0.528244007596444,-1.68987196213315,1,139,"SOX10;S100B;PTPRZ1;MAL;DHH;POU3F2;KCNJ10;ERBB3;ADGRG6;UGT8;GPM6B;LGI4;CXCR4;PLP1;KLK6;MPZ;POU3F1;EGR2"
"GOBP_MODIFIED_AMINO_ACID_METABOLIC_PROCESS",0.000212269157291446,0.139024604312337,0.501055455617395,1.66361316428719,0,160,"GSTM1;ALDH1L1;VNN2;DUOX2;FTCD;NDP;FOXE1;DIO1;SNCA;CHDH;DUOXA1;FOLR1;VNN1;GGT1;GSTT2;GSTM5;PRODH;MBOAT1;CKB;GATA3;DIO2;CRYAB;HAGH;PLA2G15;OSBPL10;PAX8;SULT1A4;GSTO2;MGST2;CHAC2;ARL6IP5;GSTA1;SOD2;CTSK;DUOX1;PCYOX1"
"GOBP_NEURON_NEURON_SYNAPTIC_TRANSMISSION",0.000614376407945935,0.139024604312337,-0.959994816034852,-1.76004211844776,2,7,"DRD2"
"GOBP_POSITIVE_REGULATION_OF_CYTOKINE_PRODUCTION",0.00055452865064695,0.139024604312337,-0.415448526641213,-1.47162056647443,2,392,"DRD2;CD200;TLR9;CD74;IL1B;IL12RB1;INAVA;FLT4;C3AR1;GATA4;GBP5;HLA-DPA1;IL33;HLA-DPB1;TLR5;CD226;IL18R1;AFAP1L2;CX3CL1;MEFV;LTB;LPL;CRTAM;FCGR2A;APOA2;SERPINF2;PLA2G1B;ITK;CSF1R;CXCL17;IL1A;MCOLN2;PANX2;NLRC4;C1QTNF3;IL27RA;EGR1;IL32;CARD9;WNT5A;SULF2;ZP3;ADAM8;SYK;CD274;IRF5;EPHB2;HAVCR2;MDK;IL1RL2;PDE4D;AIRE;NLRP3;SPHK1;PRKCZ;RBM47;PSMB9;IRF1;POLR3G;LAPTM5;USP50;F2RL1;HGF;CD4;IL15;PTPN22;CD40;POU2F2;IL17B;IKBKE;TLR2;HMSD;CCDC88B;CAMK4;HMOX1;NOD1;IL1RAP;IL1R1;BCL3;FGR;F3;CASP1;TRIM6;HIF1A;FOXP3"
"GOBP_REGULATION_OF_IMMUNE_RESPONSE",0.000348614258323165,0.139024604312337,-0.370899271978177,-1.37667835651767,1,765,"DRD2;HLA-DQA1;HLA-DQB1;MOG;HLA-DRB5;CD200;HLA-DOA;GPR17;TLR9;HLA-DRB1;CD74;HLA-DRA;IL1B;HLA-DMB;IL12RB1;AZGP1;INAVA;CD37;ZAP70;CFI;FPR2;C3AR1;GBP5;HLA-DPA1;IL33;POMC;HLA-DPB1;TLR5;CD226;FPR1;CD79B;SUSD4;IL18R1;C5AR2;APOE;MEFV;CD79A;CRTAM;FCGR2A;PGC;LAX1;PLA2G1B;HPX;CFD;C7;LAG3;ITK;C4BPA;CFP;FGL1;C4B;C2;PTPN6;SLC15A3;IGHG1;CD200R1;A2M;NLRC4;FCN3;HLA-DQA2;IL27RA;CARD9;IGLC3;WNT5A;CMKLR1;ZP3;ADAM8;CD38;SYK;CD274;IRF5;HLA-DOB;CALHM6;C4A;EPHB2;SLAMF8;LGR4;HLX;AMBP;CEACAM1;HAVCR2;CLEC2D;PDE4D;JUNB;NLRP3;PRKCZ;AURKB;RBM47;S100A14;IRF1;POLR3G;HLA-DMA;SHLD1;TRIL;LAPTM5;USP50;F2RL1;CD4;COL3A1;FGL2;IGKC;IL15;MC5R;PTPN22;PLPP4;CD40;SLC19A1;ULBP1;NFKBIZ;RHBDF2;FCRLB;LOXL3"
"GOBP_GLUTATHIONE_METABOLIC_PROCESS",0.000821861516334498,0.145304437564499,0.654702926987329,1.82989808873215,3,49,"GSTM1;NDP;SNCA;GGT1;GSTT2;GSTM5;CRYAB;HAGH;GSTO2;MGST2;CHAC2;ARL6IP5;GSTA1;SOD2"
"GOBP_SYNAPTIC_VESICLE_RECYCLING",0.000825593395252838,0.145304437564499,0.536865397001523,1.63005524761567,3,81,"PACSIN1;MX1;SNCA;SLC17A7;ABCA13;SYT1;MYLK;AP3B2;LRRK2;STON2;RAB3A;MX2;SNCG;CLTB;PRKN;ATP8A1;AP3S2;VAMP2;DNAJC6;PLD2;DNM3;STX1B;CAPN2;SYT11;ITSN2;AP2A1;ACTB"
"GOBP_POSITIVE_REGULATION_OF_IMMUNE_RESPONSE",0.00123718628490633,0.195970307529162,-0.363094987033734,-1.33093200680067,6,620,"HLA-DQA1;HLA-DQB1;MOG;HLA-DRB5;HLA-DOA;TLR9;HLA-DRB1;CD74;HLA-DRA;IL1B;HLA-DMB;IL12RB1;AZGP1;INAVA;ZAP70;CFI;FPR2;C3AR1;GBP5;HLA-DPA1;IL33;HLA-DPB1;TLR5;CD226;FPR1;CD79B;SUSD4;IL18R1;C5AR2;MEFV;CD79A;CRTAM;PGC;LAX1;PLA2G1B;HPX;CFD;C7;LAG3;ITK;C4BPA;CFP;FGL1;C4B;C2;PTPN6;SLC15A3;IGHG1;A2M;NLRC4;FCN3;HLA-DQA2;IL27RA;CARD9;IGLC3;WNT5A;CMKLR1;ZP3;ADAM8;CD38;SYK;CD274;IRF5;HLA-DOB;C4A;LGR4;HLX;CEACAM1;HAVCR2;CLEC2D;PDE4D;NLRP3;PRKCZ;AURKB;RBM47;S100A14;IRF1;POLR3G;HLA-DMA;SHLD1;TRIL;LAPTM5;USP50;F2RL1;CD4;IGKC;IL15;PTPN22;PLPP4;CD40;SLC19A1;ULBP1"
"GOBP_DETOXIFICATION_OF_NITROGEN_COMPOUND",0.00196116885663856,0.258846599518674,0.928211089600564,1.58345817544726,9,5,"GSTM1;GSTM2"
"GOBP_OLIGODENDROCYTE_DIFFERENTIATION",0.00212437234453457,0.258846599518674,-0.547960977670889,-1.66269705367454,10,88,"SOX10;PTPRZ1;GPR17;KCNJ10;DUSP15;NKX6-1;GPM6B;DLX1;SOX6;HES1;CXCR4;PLP1;SOX11"
"GOBP_POSITIVE_REGULATION_OF_IMMUNE_EFFECTOR_PROCESS",0.00205876848212615,0.258846599518674,-0.452025725045082,-1.49967969776557,10,191,"TLR9;HLA-DRB1;CD74;HLA-DRA;IL1B;HLA-DMB;IL12RB1;AZGP1;INAVA;CD37;RBP4;IL33;POMC;CD226;IL18R1;CRTAM;PGC;HPX;LAG3;CFP;C4B;C2;PTPN6;FCN3;WNT5A;ZP3;SYK;IRF5;C4A;EPHB2;HLX;GATA2;NLRP3;PRKCZ;TAC1;SHLD1;LAPTM5;F2RL1"
"GOBP_CYTOKINE_PRODUCTION",0.00247568523430592,0.261432360742706,-0.35837024077482,-1.31668568440269,13,648,"DRD2;MOG;CD200;TLR9;HLA-DRB1;CD74;IL1B;IL1R2;LEF1;IL12RB1;INAVA;FLT4;C3AR1;GATA4;GBP5;HLA-DPA1;IL33;POMC;HLA-DPB1;TLR5;CD226;IL18R1;AFAP1L2;CX3CL1;C5AR2;MEFV;LTB;LPL;CRTAM;FCGR2A;APOA2;SERPINF2;PLA2G1B;LAG3;ITK;RNF128;CSF1R;APOA1;CXCL17;IL1A;PTPN6;MCOLN2;PANX2;CD200R1;NLRC4;CARD16;C1QTNF3;IL27RA;EGR1;IL32;CARD9;CCN4;WNT5A;CMKLR1;SULF2;ZP3;ADAM8;SYK;CD274;IRF5;CALHM6;EPHB2;LGR4;CEACAM1;HAVCR2;MDK;IL1RL2;PDE4D;IGF2BP1;AIRE;NLRP3;SPHK1;PRKCZ;RBM47;PSMB9;IRF1;POLR3G;TRIL;LAPTM5;USP50;F2RL1;HGF;CD4;COL3A1;IL15;PTPN22;KLF2;CD40;POU2F2;IL17B;IKBKE;TLR2;SNAI2;HMSD;ICOSLG;CCDC88B;XAF1;CAMK4;HMOX1;KLF15;TSKU;NOD1;IL1RAP;ZFP36;IL1R1;JAK3;BCL3;FGR;F3;CASP1;ZC3H12A;TRIM6;GPAM;HIF1A;FOXP3"
"GOBP_LIPID_LOCALIZATION",0.00241276911655531,0.261432360742706,-0.390135657870074,-1.3760509369487,12,370,"PMP2;DRD2;XKR4;ATP10B;IL1B;LIPG;LRAT;ABCA12;RBP4;APOC2;POMC;WNK4;APOE;PLA2G2A;TNFSF11;MFSD2B;LPL;CRABP1;APOA2;SLCO2B1;PLA2G1B;APOA1;ABCA10;FABP5;APOL1;SLC22A1;ABCA8;APOB;ABCC2;APOH;SFTPA1;GAL;SPX;SYK;EGF;CEACAM1;SLC10A4;TAC1;ANO9;SLCO2A1;ANO3;GULP1;SYT7;ANO7;OSBPL6;SLC13A3;VLDLR;IKBKE;PTCH1;PIP4K2A;ITGB3;TTC39B;TMEM97;TSKU;ANO4;BDKRB2;APOBR;ABCA1;CIDEC;ZC3H12A;FABP1;RBP1"
"GOBP_POSTSYNAPTIC_DENSITY_ASSEMBLY",0.00342258908798067,0.304449498670596,0.694586402465089,1.71195645543014,16,25,"RELN;NPTX1;NRXN3;LRRC4B"
"GOBP_POSTSYNAPTIC_DENSITY_ORGANIZATION",0.00365185636031649,0.304449498670596,0.624022409899178,1.68939322304687,17,41,"RELN;NPTX1;LRRC4;PPFIA2;NRXN3;LRRC4B"
"GOBP_PRESYNAPTIC_ENDOCYTOSIS",0.00327868852459016,0.304449498670596,0.532014544741315,1.59947249634627,15,75,"PACSIN1;MX1;SNCA;SLC17A7;ABCA13;MYLK;AP3B2;LRRK2;STON2;MX2;SNCG;CLTB;PRKN;ATP8A1;AP3S2;VAMP2;DNAJC6;NECAP1;DNM3;CAPN2;SYT11;ITSN2;AP2A1;AAK1;ACTB"
"GOBP_REGULATION_OF_LONG_TERM_NEURONAL_SYNAPTIC_PLASTICITY",0.00358923230309073,0.304449498670596,-0.722867662369398,-1.7781411020669,17,26,"DRD2;NETO1;KCNJ10"
"GOBP_NEGATIVE_REGULATION_OF_INFLAMMATORY_RESPONSE",0.00416508898144642,0.329875047330557,-0.470734748541175,-1.52139642090637,21,151,"CD200;GPR17;HLA-DRB1;IL1B;IL1R2;FPR2;IL33;CDH5;IL18R1;CX3CL1;APOE;MEFV;APOA1;CXCL17;IL1A;PTPN6;ADORA2A;CD200R1;NR5A2;C1QTNF3;SYK;SLAMF8;MDK;IL1RL2;NLRP3;TNFAIP6;HGF"
"GOBP_PROSTATE_GLAND_GROWTH",0.00456258678833565,0.344149403463032,0.82812072273816,1.65416050153863,22,10,"ESR1;FGFR2;AR;SOX9;IGF1;PLAG1;PRLR"
"GOBP_CEREBRAL_CORTEX_NEURON_DIFFERENTIATION",0.00521564694082247,0.375526579739218,-0.743989059118294,-1.7358243511474,25,20,"DRD2;EOMES;DLX1;DLX2;ID4"
"GOBP_NEUROTRANSMITTER_RECEPTOR_TRANSPORT_ENDOSOME_TO_POSTSYNAPTIC_MEMBRANE",0.00572896088502568,0.39455104529916,0.842737562881442,1.64506214687998,28,9,"GRIP2;NSG1;LRRC7"
"GOBP_NEUROTROPHIN_TRK_RECEPTOR_SIGNALING_PATHWAY",0.00604229607250755,0.398791540785498,0.693973162577009,1.67760688363851,29,23,"HAP1;DOCK3;AGT;DOK5;SORT1"
"GOBP_CEREBRAL_CORTEX_GABAERGIC_INTERNEURON_DEVELOPMENT",0.00770478507704785,0.452014057853474,-0.938372856009458,-1.52987627274573,37,4,"DRD2"
"GOBP_GLIAL_CELL_DERIVED_NEUROTROPHIC_FACTOR_RECEPTOR_SIGNALING_PATHWAY",0.00767987065481002,0.452014057853474,-0.80954537261565,-1.68849334421329,37,12,"GFRA3;GFRA2;ARTN"
"GOBP_XENOBIOTIC_METABOLIC_PROCESS",0.0074580484773151,0.452014057853474,0.504978943155306,1.52717938177718,35,79,"GSTM1;ALDH3A1;ABCB1;CES3;FMO4;CYP2J2;CYP46A1;AKR1C1;FMO1;AOX1;GRIN1;GLYAT;AOC2;SULT1A4;SLC29A1;CYP2U1;GSTO2;SLC28A3;NCEH1;GSTA1"
"GOBP_POSITIVE_REGULATION_OF_NEUROTRANSMITTER_UPTAKE",0.00856618396899857,0.455081178592904,-0.912660541167376,-1.55580565384515,41,5,"DRD2"
"GOBP_RESPONSE_TO_L_GLUTAMATE",0.00855040763571287,0.455081178592904,0.741415976138091,1.65688388268659,42,16,"HCN1;GABRB3;KCNB1;TNF;GRIA1;AMIGO1;PRKN"
"GOBP_THYROID_HORMONE_METABOLIC_PROCESS",0.0086189617157747,0.455081178592904,0.697871089844746,1.65638926719245,42,21,"DUOX2;FOXE1;DIO1;DUOXA1;GATA3;DIO2;PAX8;SULT1A4;CTSK;DUOX1;SLC16A2"
"GOBP_REGULATION_OF_NEURONAL_SYNAPTIC_PLASTICITY",0.00901253918495298,0.460511679644049,-0.564318449691132,-1.5962933159112,45,55,"DRD2;S100B;NETO1;KCNJ10;SHISA9;APOE;SLC4A10"
"GOBP_BENZENE_CONTAINING_COMPOUND_METABOLIC_PROCESS",0.0119593382499502,0.476328691900373,0.694013920935869,1.63534127049361,59,20,"GSTM1;SRD5A2;CYP4B1"
"GOBP_HYPOTHALAMUS_GONADOTROPHIN_RELEASING_HORMONE_NEURON_DIFFERENTIATION",0.0128104059913283,0.476328691900373,0.830306043454883,1.57314375031797,64,8,"NHLH2;SEMA3E;NDNF;PLXNA3"
"GOBP_INTERNEURON_MIGRATION_FROM_THE_SUBPALLIUM_TO_THE_CORTEX",0.0127821050529259,0.476328691900373,-0.950911118934969,-1.47148762830076,63,3,"DRD2"
"GOBP_NEUROMUSCULAR_PROCESS_CONTROLLING_BALANCE",0.0122100122100122,0.476328691900373,0.555100093223402,1.54360102987304,59,47,"NKX6-2;MYO7A;USH1G;CDH23;GRIN2C;PDE8B;ANKFN1"
"GOBP_PEPTIDYL_SERINE_AUTOPHOSPHORYLATION",0.013532065110806,0.476328691900373,0.892546123518756,1.52261643077085,68,5,"TNNI3K;ATM"
"GOBP_PEPTIDYL_TYROSINE_AUTOPHOSPHORYLATION",0.0119433198380567,0.476328691900373,-0.834391091873669,-1.63151015916039,58,9,"ALK;LTK"
"GOBP_PORPHYRIN_CONTAINING_COMPOUND_METABOLIC_PROCESS",0.0102261553588987,0.476328691900373,-0.591143312036442,-1.6163269749007,51,45,"TMEM14EP;SPTA1;SLCO2B1;HPX;FXN;ABCC2;AMBP;FLVCR1;HMBS;HMOX1"
"GOBP_REGULATION_OF_IMMUNE_EFFECTOR_PROCESS",0.0113319710198774,0.476328691900373,-0.386553860966777,-1.33622894044741,60,291,"TLR9;HLA-DRB1;CD74;HLA-DRA;IL1B;HLA-DMB;IL12RB1;AZGP1;INAVA;CD37;RBP4;CFI;IL33;POMC;CD226;SUSD4;IL18R1;CRTAM;PGC;APOA2;HPX;LAG3;C4BPA;APOA1;CFP;C4B;C2;PTPN6;A2M;FCN3;IL27RA;WNT5A;ZP3;SYK;CD274;IRF5;CALHM6;C4A;EPHB2;SLAMF8;HLX;CEACAM1;HAVCR2;GATA2;JUNB;NLRP3;PRKCZ;TAC1;SHLD1;TRIL;LAPTM5;F2RL1;FGL2;STXBP2;CD40;ULBP1;NFKBIZ;LOXL3"
"GOBP_REGULATION_OF_NEUROTRANSMITTER_SECRETION",0.0114425827543931,0.476328691900373,0.504631470637823,1.50603095550254,55,71,"CACNA1B;MCTP1;BGLAP;SNCA;RIMS1;PPFIA2;CACNB4;BAIAP3;SYT1;MCTP2;SYT5;LRRK2;TSPOAP1;RIMS4;MEF2C;GPER1;RAB3A;SNCG;TACR2;CSPG5;PRKN;SYT2"
"GOBP_REGULATION_OF_SYNAPSE_STRUCTURAL_PLASTICITY",0.0126971124308827,0.476328691900373,-0.868461540992554,-1.5922261921292,61,7,"DRD2"
"GOBP_REGULATION_OF_SYNAPTIC_VESICLE_EXOCYTOSIS",0.0121827411167513,0.476328691900373,0.581721337095702,1.56862884822636,59,40,"CACNA1B;RIMS1;PPFIA2;CACNB4;SYT1;SYT5;LRRK2;RIMS4;RAB3A;CSPG5;SYT2"
"GOBP_SULFUR_COMPOUND_BIOSYNTHETIC_PROCESS",0.0130624092888244,0.476328691900373,0.445739241240561,1.41909350559325,62,112,"GSTM1;SNCA;SLC27A2;FMO3;PDK4;CDO1;ACSL6;GGT1;FMO1;SLC19A3;HAGH;PDK2;MGST2;GSTA1;SIRT4;MLYCD;PDK3;HACD1;SLC1A1;PDK1;GGTA1;ACSS2;HACD2;ADI1"
"GOBP_T_CELL_ACTIVATION_INVOLVED_IN_IMMUNE_RESPONSE",0.0131477184841454,0.476328691900373,-0.471795461920376,-1.45965584913505,67,104,"HLA-DRB1;CD74;HLA-DRA;HLA-DMB;LEF1;IL12RB1;EOMES;IL18R1;IFNE;HLX;CEACAM1;HAVCR2;MDK;JUNB;NLRP3;PRKCZ;PSMB9;F2RL1;FGL2;NFKBIZ;LOXL3;ICOSLG;JAK3;BCL3;ZC3H12A;FOXP3;NFKBID;CRACR2A;PSMA3;SEMA6D"
"GOBP_TETRAPYRROLE_METABOLIC_PROCESS",0.0135188087774295,0.476328691900373,-0.548794062231823,-1.55237932382309,68,55,"TMEM14EP;SPTA1;SLCO2B1;HPX;FXN;ABCC2;AMBP;FLVCR1;HMBS;HMOX1;CLYBL;MMACHC"
"GOBP_NEUROTROPHIN_SIGNALING_PATHWAY",0.0143058633890792,0.49261929583264,0.591302327794433,1.56217543187236,70,36,"HAP1;DOCK3;AGT;NTRK2;DOK5;SORT1;NTF3;MAGI2;NTF4;PPP2R5B;RAPGEF1;NGF;CYFIP2;RAPGEF2;BDNF;RAF1;ZFYVE27"
"GOBP_CALCIUM_DEPENDENT_CELL_CELL_ADHESION",0.0215228426395939,0.530422863759035,0.560252348310374,1.51073708286831,105,40,"CDH10;CDH18;CDH8;CDH3;CDH17;CDH26;PCDHB4;CDH23;CDH6;CDH15;SELL;CDHR3;PCDHB9;PCDHB10"
"GOBP_CEREBRAL_CORTEX_GABAERGIC_INTERNEURON_DIFFERENTIATION",0.01778413736713,0.530422863759035,-0.867705637482931,-1.5434318793468,86,6,"DRD2;DLX1;DLX2"
"GOBP_EXCITATORY_SYNAPSE_ASSEMBLY",0.0192035577117445,0.530422863759035,0.568598375931608,1.52063672870515,94,38,"RELN;NPTX1;LRRC4;NRXN3;LRRC4B"
"GOBP_HYDROGEN_PEROXIDE_METABOLIC_PROCESS",0.0175613649970066,0.530422863759035,0.5899715221511,1.54757342037851,87,34,"DUOX2;SNCA;NOXO1;DUOXA1;GPX3;MAOB;NOXA1;HBA2;SOD2;DUOX1;CAT;PINK1;RAC2"
"GOBP_NEGATIVE_REGULATION_OF_INFLAMMATORY_RESPONSE_TO_WOUNDING",0.0202744214622158,0.530422863759035,-0.845069796584084,-1.54934006952187,98,7,"IL33;PTPN6;MDK"
"GOBP_NEGATIVE_REGULATION_OF_PHOSPHOLIPID_METABOLIC_PROCESS",0.0214636140637776,0.530422863759035,-0.858766339599338,-1.52753109832555,104,6,"PDGFB"
"GOBP_NEUROTRANSMITTER_RECEPTOR_TRANSPORT_TO_PLASMA_MEMBRANE",0.0203552185192576,0.530422863759035,0.736775238908007,1.56534688970541,101,13,"GRIP2;NSG1;LRRC7;SLC1A1"
"GOBP_OLIGODENDROCYTE_DEVELOPMENT",0.0170128585558853,0.530422863759035,-0.599555502052099,-1.58478659868563,85,38,"SOX10;KCNJ10;GPM6B;PLP1;SOX11"
"GOBP_PHOSPHATIDYLSERINE_EXPOSURE_ON_APOPTOTIC_CELL_SURFACE",0.0226901062959935,0.530422863759035,-0.85581895847697,-1.522288442535,110,6,"XKR4"
"GOBP_POSITIVE_REGULATION_OF_CYTOKINESIS",0.0230204405636039,0.530422863759035,-0.594056329094276,-1.55385887513076,115,36,"DRD2"
"GOBP_POSITIVE_REGULATION_OF_IMMUNE_SYSTEM_PROCESS",0.0167327928238744,0.530422863759035,-0.318563520430044,-1.19332715306338,96,894,"HLA-DQA1;HLA-DQB1;MOG;HLA-DRB5;CD200;HLA-DOA;TLR9;HLA-DRB1;CD74;HLA-DRA;IL1B;HLA-DMB;LEF1;IL12RB1;AZGP1;INAVA;CD37;ZAP70;RBP4;CFI;FPR2;FOS;C3AR1;GBP5;HLA-DPA1;IL33;POMC;HLA-DPB1;SPTA1;TLR5;CD226;FPR1;CD79B;SUSD4;IL18R1;CX3CL1;C5AR2;MEFV;CD79A;TNFSF11;HES1;CRTAM;PGC;LAX1;DCSTAMP;PLA2G1B;CXCL10;HPX;CFD;C7;LAG3;ITK;C4BPA;CSF1R;CFP;FGL1;CXCL17;IL1A;C4B;CHRNB2;C2;PTPN6;SLC15A3;IGHG1;CCL21;CEBPA;A2M;NR5A2;NLRC4;FCN3;HLA-DQA2;IL27RA;CARD9;IGLC3;WNT5A;CMKLR1;ZP3;ADAM8;CD38;EFNB3;SYK;CD274;IRF5;HLA-DOB;AQP3;C4A;EPHB2;LGR4;HLX;CEACAM1;HAVCR2;CLEC2D;MDK;IL1RL2;PDE4D;GATA2;TRIB1;IHH;NLRP3;PRKCZ;AURKB;TAC1;RBM47;S100A14;IRF1;POLR3G;HLA-DMA;SHLD1;IL2RB;TRIL;LAPTM5;USP50;CORO1A;F2RL1;BDKRB1"
"GOBP_POSITIVE_REGULATION_OF_NEUROBLAST_PROLIFERATION",0.0161773517076093,0.530422863759035,-0.684386937038271,-1.62793909689238,80,22,"SOX10;DRD2;CX3CL1"
"GOBP_POSITIVE_REGULATION_OF_SYNAPTIC_VESICLE_EXOCYTOSIS",0.0196116885663856,0.530422863759035,0.879174162760557,1.49980487333359,99,5,"CACNA1B;SYT1"
"GOBP_POSITIVE_REGULATION_OF_TYPE_II_INTERFERON_PRODUCTION",0.0231055414137458,0.530422863759035,-0.514875435635277,-1.48275902963419,117,62,"TLR9;IL1B;IL12RB1;HLA-DPA1;HLA-DPB1;CD226;IL18R1;CRTAM;IL27RA;WNT5A;ZP3;HAVCR2;PDE4D;PSMB9;F2RL1;PTPN22;HMSD;IL1R1;BCL3;SLC7A5;PSMA3;PSMA2;PYCARD;ZFPM1;RIPK2;CEBPG;LGALS9;PSMB10;PSMA5;HSPD1;PSMA7;PSMA4"
"GOBP_POSTSYNAPTIC_SPECIALIZATION_ORGANIZATION",0.0216680294358136,0.530422863759035,0.527732308733883,1.4815630456359,105,50,"RELN;NPTX1;LRRC4;PPFIA2;NRXN3;LRRC4B"
"GOBP_PRESYNAPTIC_MEMBRANE_ORGANIZATION",0.0219713767385608,0.530422863759035,-0.791589278836797,-1.58709681971183,108,10,"APOE;IL1RAPL1;NLGN4X;NLGN3;LRP4"
"GOBP_REGULATION_OF_CALCIUM_ION_DEPENDENT_EXOCYTOSIS_OF_NEUROTRANSMITTER",0.0201211174057433,0.530422863759035,0.833347470372612,1.53595337364673,102,7,"CACNA1B;SYT1;RAB3A"
"GOBP_REGULATION_OF_HUMORAL_IMMUNE_RESPONSE",0.0227318446992557,0.530422863759035,-0.619329764935116,-1.56264380385973,112,30,"IL1B;CD37;CFI;SUSD4;PGC;HPX;C4BPA;CFP;PTPN6;A2M;ZP3"
"GOBP_REGULATION_OF_NEUROBLAST_PROLIFERATION",0.0216606498194946,0.530422863759035,-0.630651012084365,-1.58169315382693,107,29,"SOX10;DRD2;CX3CL1"
"GOBP_REGULATION_OF_OLIGODENDROCYTE_DIFFERENTIATION",0.0182914572864322,0.530422863759035,-0.615976997118045,-1.58216245572619,90,33,"PTPRZ1;DUSP15;DLX1;HES1;CXCR4;DLX2;MDK;ID4;SLC45A3;MYRF"
"GOBP_REGULATION_OF_PRODUCTION_OF_MOLECULAR_MEDIATOR_OF_IMMUNE_RESPONSE",0.0189371980676328,0.530422863759035,-0.435963572793017,-1.38875345728347,97,135,"TLR9;CD74;IL1B;INAVA;CD37;RBP4;IL33;CD226;IL18R1;PGC;APOA2;HPX;APOA1;IL27RA;WNT5A;IRF5;CALHM6;EPHB2;NLRP3;PRKCZ;SHLD1;TRIL;LAPTM5;F2RL1"
"GOBP_REGULATION_OF_SYNAPTIC_VESICLE_RECYCLING",0.0176742317734485,0.530422863759035,0.630061560483752,1.57709268222097,87,27,"SNCA;SLC17A7;ABCA13;MYLK;LRRK2;PRKN;STX1B;SYT11;ACTB"
"GOBP_SYNAPTIC_TRANSMISSION_DOPAMINERGIC",0.0194583751253761,0.530422863759035,-0.685913313992454,-1.60032599755611,96,20,"DRD2;CRHBP;CHRNB2;ADORA2A"
"GOBP_IMMUNE_EFFECTOR_PROCESS",0.0234887108521486,0.531515971282905,-0.340110889558421,-1.22653587389552,128,499,"TLR9;HLA-DRB1;CD74;HLA-DRA;IL1B;HLA-DMB;LEF1;IL12RB1;AZGP1;INAVA;PTGDR;CD37;RBP4;CFI;MFNG;IL33;POMC;CD226;EOMES;SUSD4;IL18R1;IGHV3-11;CRTAM;FCGR2A;PGC;APOA2;PLA2G1B;HPX;CFD;C7;LAG3;C4BPA;APOA1;CFP;C4B;C2;PTPN6;IGHG1;A2M;FCN3;IL27RA;IFNE;CARD9;IGLC3;SFTPA1;WNT5A;ZP3;RAB44;SYK;CD274;IRF5;CALHM6;C4A;EPHB2;SLAMF8;HLX;SCART1;CEACAM1;HAVCR2;MDK;GATA2;AIRE;JUNB;NLRP3;PRKCZ;TAC1;PSMB9;TCIM;SHLD1;IL2RB;TRIL;LAPTM5;CORO1A;F2RL1;FGL2;IGKC;STXBP2;PLPP4;CD40;ULBP1;PTGDS;NFKBIZ;FCRLB;LOXL3;FCMR;IGHA1;ADA;ICOSLG;ST3GAL1;CAMK4;IL1RAP;IL1R1;JAK3;BCL3;FGR;S100A9;ZC3H12A;TRIM6;FOXP3;NFKBID;CRACR2A;SLC7A5;PSMA3"
"GOBP_DICARBOXYLIC_ACID_METABOLIC_PROCESS",0.0242537313432836,0.541097330250158,0.452646255159915,1.39128406794055,116,88,"ALDH1L1;GAD1;FTCD;LIPF;OGDHL;FOLR1;GGT1;PRODH;ALDH5A1;HAL;DDO"
"GOBP_TYPE_II_INTERFERON_PRODUCTION",0.0253164556962025,0.556962025316456,-0.462270116278781,-1.41062495038277,129,94,"TLR9;HLA-DRB1;IL1B;IL12RB1;HLA-DPA1;IL33;HLA-DPB1;CD226;IL18R1;CRTAM;IL27RA;WNT5A;ZP3;CD274;HAVCR2;PDE4D;PSMB9;LAPTM5;F2RL1;PTPN22;HMSD;IL1R1;BCL3;ZC3H12A;FOXP3;SLC7A5;PSMA3;IL20RA;PSMA2;PYCARD;ZFPM1;RIPK2;CEBPG;LGALS9;PSMB10;INHBA;PSMA5;IL1RL1;HSPD1;PSMA7"
"GOBP_NEGATIVE_REGULATION_OF_NEURON_MIGRATION",0.025974025974026,0.563600782778865,-0.812202937236976,-1.54324712157782,127,8,"ERBB4;ADGRG1;CX3CL1;GNRH1;COL3A1;GPR173"
"GOBP_PHOSPHOLIPID_EFFLUX",0.0264059665390042,0.565230418888956,-0.77949139097854,-1.56284116105349,130,10,"ABCA12;APOC2;APOE;APOA2;APOA1"
"GOBP_POSITIVE_REGULATION_OF_SYNAPTIC_TRANSMISSION_GABAERGIC",0.0269407303931351,0.568988225903013,0.725543493164911,1.54148401085653,134,13,"ADRA1A;TACR1;HAP1"
"GOBP_AXON_ENSHEATHMENT_IN_CENTRAL_NERVOUS_SYSTEM",0.032296890672016,0.571258710077899,-0.658834152208785,-1.53714675068861,160,20,"SOX10;KCNJ10;GPM6B;PLP1"
"GOBP_CEREBRAL_CORTEX_GABAERGIC_INTERNEURON_MIGRATION",0.029482551143201,0.571258710077899,-0.957452427702564,-1.38640209836179,146,2,"DRD2"
"GOBP_GABAERGIC_NEURON_DIFFERENTIATION",0.0331059390048154,0.571258710077899,-0.753932268209598,-1.53994115956874,164,11,"DRD2;DLX1;DLX2;GATA2"
"GOBP_HUMORAL_IMMUNE_RESPONSE",0.0319410319410319,0.571258710077899,-0.405837346176717,-1.32098989249257,168,160,"HLA-DQB1;HLA-DRB1;IL1B;CD37;CFI;DMBT1;POMC;SUSD4;CX3CL1;CXCL11;CXCL14;PGC;CCL11;PLA2G1B;CXCL10;HPX;CFD;FGB;C7;C4BPA;CFP;PF4V1;C4B;C2;PTPN6;CXCL5;NTS;FGA;IGHG1;CCL21;CXCL1;A2M;FCN3;WFDC3;CCL26;CXCL2;IFNE;ZP3;H2BC18;C4A;TF;AIRE;TAC1;CXCL3"
"GOBP_INSULIN_METABOLIC_PROCESS",0.0293166194904974,0.571258710077899,-0.685720040045742,-1.56140789168595,144,18,"SLC30A8;PCSK2;PCSK1;HID1;CEACAM1;CPE"
"GOBP_INTERNEURON_MIGRATION",0.029482551143201,0.571258710077899,-0.957452427702564,-1.38640209836179,146,2,"DRD2"
"GOBP_KERATAN_SULFATE_PROTEOGLYCAN_METABOLIC_PROCESS",0.0331791675045244,0.571258710077899,-0.693443670553804,-1.54238106227875,164,16,"CHST6;B3GNT7;CHST1;B3GNT4"
"GOBP_L_PHENYLALANINE_METABOLIC_PROCESS",0.0329715338930985,0.571258710077899,-0.819496539207753,-1.50245438916564,160,7,"HGD;PAH"
"GOBP_NEGATIVE_REGULATION_OF_NEURON_PROJECTION_REGENERATION",0.0326261008807046,0.571258710077899,-0.718980508207715,-1.5525166681661,162,14,"RTN4R;KIAA0319;FIGNL2;RTN4RL1"
"GOBP_NEGATIVE_REGULATION_OF_PEPTIDYL_TYROSINE_PHOSPHORYLATION",0.030720127668063,0.571258710077899,-0.649969601985816,-1.5338026013377,153,21,"CADM4;PTK6;SFRP1;DMTN"
"GOBP_NEUROBLAST_PROLIFERATION",0.0288009404388715,0.571258710077899,-0.519115182163624,-1.46842637508904,146,55,"SOX10;DRD2;LEF1;CX3CL1;ARTN;SOX5"
"GOBP_POSITIVE_REGULATION_OF_PRODUCTION_OF_MOLECULAR_MEDIATOR_OF_IMMUNE_RESPONSE",0.0288480154888674,0.571258710077899,-0.45062255221845,-1.38807919689025,148,101,"TLR9;CD74;IL1B;INAVA;CD37;RBP4;IL33;CD226;IL18R1;PGC;HPX;WNT5A;IRF5;EPHB2;NLRP3;PRKCZ;SHLD1;LAPTM5;F2RL1"
"GOBP_REGULATION_OF_ATPASE_COUPLED_CALCIUM_TRANSMEMBRANE_TRANSPORTER_ACTIVITY",0.0297776871303284,0.571258710077899,-0.865626138256626,-1.47562645613361,145,5,"TLR9;ATP2A1;PLN"
"GOBP_REGULATION_OF_CALCIUM_ION_DEPENDENT_EXOCYTOSIS",0.0324960127591707,0.571258710077899,0.585372178457819,1.49015430610216,162,29,"CACNA1B;CDK5R2;KCNB1;BAIAP3;SYT1;SYT12;SYT5;RPH3AL;RAB3A;HYAL3;SYT2"
"GOBP_REGULATION_OF_HYDROGEN_PEROXIDE_METABOLIC_PROCESS",0.0303635637235318,0.571258710077899,0.709028493078488,1.5340015547409,151,14,"SNCA;NOXO1;DUOXA1;NOXA1;SOD2;PINK1;RAC2"
"GOBP_REGULATION_OF_INFLAMMATORY_RESPONSE_TO_WOUNDING",0.0308441558441558,0.571258710077899,-0.802747901478749,-1.52528183722667,151,8,"IL33;PTPN6;MDK"
"GOBP_SYNAPTIC_VESICLE_TRANSPORT",0.0321530321530322,0.571258710077899,0.51623705518775,1.43553218559042,157,47,"MX1;SNCA;KIF5C;AP3B2;LRRK2;RAB3A;MX2;PRKN;MAP2;AP3S2;PINK1;DNM3;BLOC1S3"
"GOBP_MACROPHAGE_INFLAMMATORY_PROTEIN_1_ALPHA_PRODUCTION",0.0352845196818275,0.589711951665745,-0.858837400517489,-1.46405374527278,172,5,"MEFV;MCOLN2"
"GOBP_PEPTIDE_METABOLIC_PROCESS",0.034729315628192,0.589711951665745,0.499421276647402,1.42346405938044,169,54,"LANCL3;LGALS4;CPA4;GGT1;ERAP2;CPM;HAGH;MGST2;NPEPPSP1;CTSH;PAM;SLC1A1;ACE;LVRN;NPEPPS;ECE1;ADAMTS13;MMP7"
"GOBP_REGULATION_OF_GLUCOCORTICOID_METABOLIC_PROCESS",0.0353678253839935,0.589711951665745,-0.737190435109904,-1.53758045590329,174,12,"POMC;WNT4;NR5A2;GAL"
"GOBP_NEGATIVE_REGULATION_OF_T_CELL_MEDIATED_IMMUNE_RESPONSE_TO_TUMOR_CELL",0.0364530002047921,0.60147450337907,-0.81574607571582,-1.49557833775448,177,7,"LAG3;CD274"
"GOBP_CATECHOLAMINE_UPTAKE_INVOLVED_IN_SYNAPTIC_TRANSMISSION",0.038663967611336,0.62493596628935,-0.771668712090516,-1.50886719134881,190,9,"DRD2"
"GOBP_SUCCINATE_METABOLIC_PROCESS",0.0384615384615385,0.62493596628935,0.884614265908181,1.43520354006842,194,4,"GAD1;ALDH5A1"
"GOBP_AXON_MIDLINE_CHOICE_POINT_RECOGNITION",0.0398117277897627,0.631057119587083,0.853655357964163,1.45627171526727,202,5,"FOXG1;ROBO2;ROBO1"
"GOBP_POSTSYNAPTIC_SPECIALIZATION_ASSEMBLY",0.0402378592666006,0.631057119587083,0.562399171647378,1.46001684422465,202,32,"RELN;NPTX1;NRXN3;LRRC4B"
"GOBP_PROTEIN_LOCALIZATION_TO_AXON",0.040080971659919,0.631057119587083,-0.770383573871766,-1.50635432168824,197,9,"MAL;UGT8;ANK3"
"GOBP_10_FORMYLTETRAHYDROFOLATE_METABOLIC_PROCESS",0.0526418786692759,0.632112397140564,0.813012584908043,1.44486001103203,268,6,"ALDH1L1;AASDHPPT"
"GOBP_ADAPTIVE_IMMUNE_RESPONSE_BASED_ON_SOMATIC_RECOMBINATION_OF_IMMUNE_RECEPTORS_BUILT_FROM_IMMUNOGLOBULIN_SUPERFAMILY_DOMAINS",0.0443488023952096,0.632112397140564,-0.361292624224021,-1.24151718893118,236,275,"HLA-DRB1;CD74;HLA-DRA;IL1B;LEF1;IL12RB1;AZGP1;CFI;IL33;CD226;SUSD4;IL18R1;IGHV3-11;CRTAM;FCGR2A;HPX;C7;LAG3;C4BPA;C4B;C2;PTPN6;IGHG1;BACH2;IL27RA;CARD9;IGLC3;ZP3;CD274;C4A;EPHB2;HLX;SCART1;CEACAM1;HAVCR2;AIRE;JUNB;NLRP3;PRKCZ;PSMB9;SHLD1;IL2RB;CD4;IGKC;CD40;ULBP1;IL17B;NFKBIZ;FCRLB;LOXL3;FCMR;IGHA1;ADA;IL1R1;JAK3;BCL3;ZC3H12A;FOXP3;NFKBID;ZBTB16;CRACR2A;PSMA3"
"GOBP_AXON_DEVELOPMENT",0.0507890440776347,0.632112397140564,-0.332011253271717,-1.18989599018922,279,450,"GFRA3;DRD2;NGFR;COBL;S100B;PTPRZ1;WNT7B;POU3F2;RTN4R;EPHA6;ADCY10;SLITRK6;SEMA6B;GAP43;VANGL2;NKX6-1;GPM6B;ARTN;MYOT;APOE;LGI1;SLITRK5;KIAA0319;FGF8;EFNA2;PLEKHG4B;EPHB1;PLXNA4;PLP1;DRAXIN;CSF1R;CDH4;CHRNB2;UCHL1;EPHA5;KIAA1755;FLRT3;EGR2;POTEE;WNT5A;FIGNL2;RTN4RL1;ANOS1;EFNB3;SCARF1;EPHB2;SEMA3B;ANK3;UNC5B;KIF5A;BRSK1;SMO;NREP;EPHA3;CNTF;IGSF9;CELSR2;NECTIN1;LHX9;SEMA6A;PCDHAC2;TUBB2B;CELSR3;NRCAM;NEFL;BCL11A"
"GOBP_CELLULAR_RESPONSE_TO_TYPE_III_INTERFERON",0.0518737672583826,0.632112397140564,0.870333295813636,1.41203400773643,262,4,"IFNLR1;IL10RB"
"GOBP_DENDRITIC_CELL_ANTIGEN_PROCESSING_AND_PRESENTATION",0.0452815067120817,0.632112397140564,-0.712413853298882,-1.51426236834718,225,13,"HLA-DRB1;CD74;HLA-DRA;CCL21;MPEG1"
"GOBP_DENDRITIC_SPINE_MORPHOGENESIS",0.0531027466937945,0.632112397140564,0.472675724946952,1.36104723221352,260,57,"RELN;NGEF;PAK3;ZDHHC15;PPFIA2;CTNND2;LRRK2"
"GOBP_EMBRYONIC_NEUROCRANIUM_MORPHOGENESIS",0.0553977272727273,0.632112397140564,-0.768876784704358,-1.46092414893201,272,8,"FGF8;HOXA1"
"GOBP_EXTRASYNAPTIC_SIGNALING_VIA_GABA",0.0499013806706114,0.632112397140564,0.974209495382893,1.30215763009698,252,1,"GABRB3"
"GOBP_FOREBRAIN_GENERATION_OF_NEURONS",0.0574443141852286,0.632112397140564,-0.455743181786389,-1.34830544626733,293,74,"DRD2;LEF1;ERBB4;EOMES;DLX1;FGF8;HES1;WNT4;SLC4A10;CSF1R;WNT5A;DLX2;GATA2;ID4;SALL1;OTP;ELAVL4;UQCRQ;ZSWIM6"
"GOBP_GLUTAMATE_METABOLIC_PROCESS",0.0459931713195421,0.632112397140564,0.580195211667135,1.45227336496667,228,27,"GAD1;FTCD;GGT1;PRODH;ALDH5A1;HAL;ATCAY"
"GOBP_IMMUNE_RESPONSE_TO_TUMOR_CELL",0.0501403931006819,0.632112397140564,-0.582723899643022,-1.46149040432111,249,29,"HLA-DRB1;CD226;CRTAM;LAG3;CD274;CEACAM1;HAVCR2"
"GOBP_NEGATIVE_REGULATION_OF_CALCIUM_ION_TRANSMEMBRANE_TRANSPORTER_ACTIVITY",0.0518040717597259,0.632112397140564,-0.741124750167846,-1.48591796964398,256,10,"TLR9;PLN;CBARP"
"GOBP_NEGATIVE_REGULATION_OF_CYTOSOLIC_CALCIUM_ION_CONCENTRATION",0.043338036686152,0.632112397140564,-0.750291433711045,-1.50429671059925,214,10,"DRD2"
"GOBP_NEGATIVE_REGULATION_OF_SYNAPTIC_TRANSMISSION_GLUTAMATERGIC",0.056522629531026,0.632112397140564,-0.788048263435634,-1.44479752582954,275,7,"DRD2"
"GOBP_NEUROFILAMENT_CYTOSKELETON_ORGANIZATION",0.0527673080737949,0.632112397140564,0.729564723802021,1.45729616020105,265,10,"INA;NEFH;ATP8A2;ARHGEF28"
"GOBP_NEURON_FATE_DETERMINATION",0.0576576576576577,0.632112397140564,0.900784799396665,1.38067395238884,287,3,"FOXG1;PRRX1"
"GOBP_NEURON_GLIAL_CELL_SIGNALING",0.0576583643851736,0.632112397140564,0.838175151758218,1.42986364995859,293,5,"ADRA1A;ADRA1D;GABBR2"
"GOBP_NEURON_MIGRATION",0.0412429378531073,0.632112397140564,-0.397604352124821,-1.29605504556263,218,161,"GFRA3;DRD2;GPM6A;ERBB4;DCDC2;NKX6-1;ADGRG1;EOMES;CX3CL1;KIAA0319"
"GOBP_NEUROPEPTIDE_SIGNALING_PATHWAY",0.0444182389937107,0.632112397140564,-0.521974343348982,-1.43630100616621,225,47,"OPRD1;SORCS1;POMC;PTGDR2;NTS;GAL;MCHR1;UTS2R;TAC1;SORCS2;MC5R;NXPH4;CPE;KISS1R"
"GOBP_NEUROTRANSMITTER_GATED_ION_CHANNEL_CLUSTERING",0.0574666931795586,0.632112397140564,0.651344498478662,1.45559609765527,288,16,"RELN;CHRDL1;LHFPL4;FRRS1L"
"GOBP_OLIGOSACCHARIDE_METABOLIC_PROCESS",0.0490136261948343,0.632112397140564,0.50754961287871,1.39902399317392,240,45,"MGAM;GAL3ST3;ST8SIA6;ST8SIA1;FUT1"
"GOBP_ORGAN_OR_TISSUE_SPECIFIC_IMMUNE_RESPONSE",0.0512151034344246,0.632112397140564,0.573668962352753,1.43593765956645,254,27,"H2BC26;H2BC6;IFNLR1;CD160;H2BC17;H2BC11;H2BC4;PRDM16;H2BC5;H2BC21;H2BC12;IL6R;IL6;RAB17;EPG5"
"GOBP_PANTOTHENATE_METABOLIC_PROCESS",0.0523539753858175,0.632112397140564,0.789649072874251,1.45541229870886,267,7,"VNN2;VNN1;SLC25A42"
"GOBP_PHOSPHOLIPID_TRANSPORT",0.0557491289198606,0.632112397140564,-0.429312948146564,-1.3186847372852,287,98,"XKR4;ATP10B;ABCA12;APOC2;APOE;APOA2;APOA1"
"GOBP_PLASMA_MEMBRANE_PHOSPHOLIPID_SCRAMBLING",0.0550148957298908,0.632112397140564,-0.59614636787717,-1.45696935402035,276,25,"XKR4"
"GOBP_POSITIVE_REGULATION_OF_CALCIUM_ION_DEPENDENT_EXOCYTOSIS",0.053282777888645,0.632112397140564,0.687875714503695,1.46145534396371,266,13,"CACNA1B;CDK5R2;KCNB1;SYT1;RPH3AL;HYAL3"
"GOBP_POSITIVE_REGULATION_OF_PHOSPHORUS_METABOLIC_PROCESS",0.0516059957173448,0.632112397140564,0.343857226751534,1.20654731416239,240,273,"FGF10;RELN;FGF18;THBS4;LEP;CD80;EREG;BMP4;TNFRSF18;GPD1;SNCA;DOK7;FABP3;WNK3;RASSF2;TNF;DIRAS2;TNFRSF10A;KDR;CIMAP3;ADGRF5;RSPO1;NTSR1;PRKAA2;ANGPT4;CEMIP;TNFSF15;IL34;IL12A;GPER1;KIT;C3;FAXDC2;LIMCH1;P2RY6;DIPK2A;CSPG4;ERCC6;IGF1;NEDD9;FGF1;PRLR;ADORA1;LYN;PRXL2C;SLC4A4;RAB38;MAP2K3"
"GOBP_POSITIVE_REGULATION_OF_SYNAPTIC_VESICLE_RECYCLING",0.0421957413557335,0.632112397140564,0.798504581291011,1.47173399945392,215,7,"ABCA13;LRRK2;PPP3CC"
"GOBP_POSTSYNAPSE_ORGANIZATION",0.0578638242331956,0.632112397140564,0.355331481843421,1.21794162869997,265,216,"RELN;NPTX1;NGEF;PAK3;CARMIL3;GABRB3;ZDHHC15;ACTL8;LRRC4;PPFIA2;CHRDL1;CTNND2;NRXN3;LRRC4B;INA;SEMA3F;LAMA5;LHFPL4;NEFH;FRRS1L;COLQ;EPHA7;LRRK2"
"GOBP_POSTSYNAPTIC_MEMBRANE_ASSEMBLY",0.0444399350649351,0.632112397140564,-0.780924767667292,-1.48381622944039,218,8,"CDH2;EPHB2;NLGN3;LRP4"
"GOBP_PRESYNAPTIC_MEMBRANE_ASSEMBLY",0.0423076923076923,0.632112397140564,-0.767280137209567,-1.50028607804087,208,9,"IL1RAPL1;NLGN4X;NLGN3;LRP4"
"GOBP_PROTEOGLYCAN_METABOLIC_PROCESS",0.0537883169462117,0.632112397140564,-0.42731345551119,-1.32079382497731,278,103,"CYTL1;HS3ST1;CHST6;B3GNT7;CHST1;VANGL2;HS6ST2;B3GNT4;EDNRB;CHST8;SULF2;COL2A1;IHH;ADAMTS12;FOXL1;CHST11;XYLT1;ADAMTS4;CHST15;CHST13;ST3GAL1"
"GOBP_RECEPTOR_CLUSTERING",0.0412665985699694,0.632112397140564,0.472943845965714,1.38142130936261,201,62,"RELN;MADCAM1;DOK7;CHRDL1;ITGB7;LHFPL4;FRRS1L;COLQ;LRRC7"
"GOBP_REGULATION_OF_CATECHOLAMINE_UPTAKE_INVOLVED_IN_SYNAPTIC_TRANSMISSION",0.0526315789473684,0.632112397140564,-0.793631442476215,-1.45503365429828,256,7,"DRD2"
"GOBP_REGULATION_OF_CHRONIC_INFLAMMATORY_RESPONSE",0.0541121312756398,0.632112397140564,0.787194274598164,1.45088782863146,276,7,"CCL5;TNF;TNFAIP3;IDO1"
"GOBP_REGULATION_OF_NEURON_PROJECTION_REGENERATION",0.05583350010006,0.632112397140564,-0.577279879714054,-1.44130133429981,278,28,"RTN4R;KIAA0319;FIGNL2;RTN4RL1;SCARF1;CNTF"
"GOBP_REGULATION_OF_NEUROTRANSMITTER_UPTAKE",0.0489284270117267,0.632112397140564,-0.6538612765093,-1.48886440177739,241,18,"DRD2;GPM6B"
"GOBP_REGULATION_OF_SYNAPTIC_VESICLE_ENDOCYTOSIS",0.0570570570570571,0.632112397140564,0.603543069461377,1.44706271498648,284,22,"SLC17A7;ABCA13;MYLK;LRRK2;PRKN"
"GOBP_RRNA_METABOLIC_PROCESS",0.0496546574575322,0.632112397140564,-0.357281270584427,-1.23205094747719,265,285,"CHD7;SLFN13;WDR12;DDX11;EXOSC8;NIFK;EMG1;SUV39H1;RIOK2;RPS21;GTF2H5;KRI1;NOLC1;POLR1D;DCAF13;RRP8;UTP20;PDCD11;NOP56;POLR2F;PELO;RRP7A;RPS17;NPM3;PAK1IP1;RPS28;RRP9;DDX21;FSAF1;NOP58;MARS1;RPL35A;UTP6;IMP4;RRP1;CDKN2A;ERI2;METTL18;SLFN5;DDX55;DKC1;GTF3C6;DDX18;RPP30;DDX49;SPOUT1;WDR36;WDR43;RPS27;RPS19;RRP1B;RRP15;HEATR1;TRMT61B;TEX10;PRKDC;MDN1;RPS14;POLR1E;RCL1;EXOSC6;UTP11;DROSHA;RPP25;DIMT1;GTPBP4;POLR1H;EIF4A3;NOP2;EXOSC2;IPPK;UTP4;TAF1B;PNO1;MYC;NOB1;UTP18;NOL8;MRM1;NSUN5;EXOSC1;PELP1;BRF1;MAK16;RPL35;METTL16;GEMIN4;TFB2M;TSR1;EBNA1BP2;DDX52;UTP15;BMS1;DHX37;GAR1;RPL27;NVL;DDX47;WDR75;EXOSC9;MTREX;NHP2;TBL3;MYG1;RPUSD2;RPS7;RPS8;FBL;PIN4;MTERF4;RRS1;WDR74;UTP14A;MRTO4;WDR46;SMARCA4;AATF;URB1;NSUN4;PES1;RPS25;BYSL;RPP40;NOL11;METTL25B;RPL14;GTF3C2;PA2G4;SLX9;BRIX1;RNASEL;RPL5;DDX27;ERI3;SLFN12;NOL6;TCOF1;NOC4L;RPS6;SMARCB1;SNU13;MPHOSPH6;GTF3C3"
"GOBP_SEQUESTERING_OF_CALCIUM_ION",0.0567677157752462,0.632112397140564,-0.416777655672569,-1.30024278904229,293,112,"DRD2;F2RL3;JPH1;CHD7;CX3CL1;APLNR;CXCL11;CXCL10;PTPN6;CASQ1;CCL21"
"GOBP_SEROTONIN_METABOLIC_PROCESS",0.0518858511275195,0.632112397140564,0.689372304420848,1.4646349871551,259,13,"PDE1B;DDC;MAOB;MAOA;SULT1A4"
"GOBP_SYNAPSE_MATURATION",0.0568204714890187,0.632112397140564,0.524964108941967,1.38691494190939,281,36,"RELN;CX3CR1;ADGRB3;CHRDL1;CCDC39"
"GOBP_SYNAPTONEMAL_COMPLEX_ORGANIZATION",0.0537808329963607,0.632112397140564,-0.647634376731645,-1.47468553885117,265,18,"SYCE1;TEX15;HORMAD1;SYCP2;STAG3;PLK1;MEIOC;REC8"
"GOBP_T_CELL_MEDIATED_IMMUNE_RESPONSE_TO_TUMOR_CELL",0.0565999595714574,0.632112397140564,-0.648362558524809,-1.45860830303027,279,17,"HLA-DRB1;LAG3;CD274"
"GOBP_ADAPTIVE_IMMUNE_MEMORY_RESPONSE",0.0600782778864971,0.642999947109536,0.806255091594622,1.43285080964373,306,6,"CD70;CD160;CD81;TNFRSF14"
"GOBP_CELLULAR_RESPONSE_TO_BRAIN_DERIVED_NEUROTROPHIC_FACTOR_STIMULUS",0.0599726509083805,0.642999947109536,0.781369834966398,1.44015272950406,306,7,"NTRK2;GRIA1"
"GOBP_NEUROEPITHELIAL_CELL_DIFFERENTIATION",0.0597673485760128,0.642999947109536,-0.571337605788936,-1.43293321073643,297,29,"LEF1;FGF8;HES1;WNT4;SOX11;CDH2"
"GOBP_PROSTATIC_BUD_FORMATION",0.060665362035225,0.644925727944943,0.805357910662684,1.43125636833337,309,6,"FGF10;BMP4;NOG;AR"
"GOBP_POSTSYNAPTIC_DENSITY_PROTEIN_95_CLUSTERING",0.061098988295973,0.645205316405475,0.719303879977806,1.43680025652368,307,10,"RELN;LRRC4;ZMYND8"
"GOBP_HEME_TRANSPORT",0.0633603238866397,0.660281269976561,-0.742202379692541,-1.45125077965805,312,9,"HPX;FLVCR2;FLVCR1"
"GOBP_POSTSYNAPTIC_MODULATION_OF_CHEMICAL_SYNAPTIC_TRANSMISSION",0.0630109670987039,0.660281269976561,-0.581936514423182,-1.43147257645705,315,26,"DRD2;RASGRF2;WNT5A"
"GOBP_T_HELPER_1_TYPE_IMMUNE_RESPONSE",0.0638675340035482,0.66121682262497,-0.487229140518932,-1.36756008225444,323,53,"HLA-DRB1;IL1B;LEF1;IL12RB1;IL33;IL18R1;IL27RA;HLX;HAVCR2;PSMB9;NFKBIZ;IL1R1;JAK3;BCL3;CRACR2A;PSMA3;IL18BP;PSMA2;RIPK2;LGALS9;PSMB10;PSMA5;IL1RL1;PSMA7;PSMA4;PSMA1;PSMB8;STAT4"
"GOBP_DGMP_METABOLIC_PROCESS",0.0647749510763209,0.665556295802798,0.801438629440727,1.42429114686607,330,6,"GDA;XDH;GUK1;NT5C"
"GOBP_ELASTIN_METABOLIC_PROCESS",0.0658952735830555,0.665556295802798,0.830708775797255,1.41712657518238,335,5,"LEP;MMP12;CST3"
"GOBP_EXECUTION_PHASE_OF_APOPTOSIS",0.0654773573809057,0.665556295802798,-0.459657118747636,-1.33641469198296,333,66,"XKR4"
"GOBP_NEGATIVE_REGULATION_OF_PHOSPHORUS_METABOLIC_PROCESS",0.0662239089184061,0.665556295802798,-0.387023020700262,-1.25080428216264,348,152,"DRD2;PDGFB;CADM4;RASIP1;PTK6;PLEK;SFRP1;DMTN;DEPTOR;CEACAM1"
"GOBP_NEGATIVE_REGULATION_OF_TRANSMISSION_OF_NERVE_IMPULSE",0.0663875598086124,0.665556295802798,0.931299846089268,1.33809456972851,332,2,"AVPR1A;GRP"
"GOBP_DETOXIFICATION",0.0672776504894814,0.666048739845865,0.387310183526257,1.25569887547423,322,130,"GSTM1;DUOX2;ALDH1A1;ABCB1;CD36;SLC47A2;GPX3;NOS3;ADH4;SLC15A2;ALOX5AP;HAGH;TXNDC2;GSTO2;MGST2;IPCEF1;SLC39A8;HBA2;GSTA1;RAB40B;SOD2;CLIC2"
"GOBP_REGULATION_OF_AIM2_INFLAMMASOME_COMPLEX_ASSEMBLY",0.0671127331711273,0.666048739845865,-0.859280690007727,-1.40092835257603,330,4,"GBP5"
"GOBP_ACUTE_INFLAMMATORY_RESPONSE",0.0693146417445483,0.670547548778096,-0.450613711645145,-1.32490871942298,355,70,"IL1B;KLKB1;TNFSF11;FCGR2A;SERPINF2;IL1A;SERPINA3;AHSG;SERPINA1;IGHG1;EDNRB;ZP3;ADAM8;NLRP3;TAC1;IL31RA;F7;NPFF;F3;F12;PTGS2"
"GOBP_CALCIUM_ION_TRANSMEMBRANE_IMPORT_INTO_CYTOSOL",0.0686311787072243,0.670547548778096,-0.389128116072967,-1.25263248812728,360,146,"DRD2;F2RL3;JPH1;GRM6;SLC24A2;CHD7;CX3CL1;APLNR;CXCL11;PLA2G1B;CXCL10;CACNA1E;PTPN6;CASQ1;CCL21;CACNA1H"
"GOBP_L_HISTIDINE_METABOLIC_PROCESS",0.0694253775250049,0.670547548778096,0.828249029221603,1.41293043287339,353,5,"FTCD;CARNS1;HAL"
"GOBP_NEUROENDOCRINE_CELL_DIFFERENTIATION",0.0688101576899447,0.670547548778096,-0.776761852931234,-1.42410516632713,335,7,"FGF8;HES1;WNT4"
"GOBP_RESPONSE_TO_TYPE_II_INTERFERON",0.0701213638990561,0.673165093430938,-0.400285687202177,-1.26472247440361,363,125,"CD200;CD74;IL12RB1;GBP5;HLA-DPA1;SLC30A8;MEFV;CRIPTO;HPX;CIITA;AQP4;WNT5A;CLDN1;PSMB9;IRF1;STXBP2;GCH1;CD40;TLR2;ZNF697;CAMK2A;CASP1;SLC26A6;PSMA3;ATF3"
"GOBP_L_GLUTAMATE_CATABOLIC_PROCESS",0.0706457925636008,0.673931893699231,0.795526190069377,1.41378374836586,360,6,"GAD1;GLUD1"
"GOBP_NEUROTRANSMITTER_REUPTAKE",0.0714995034756703,0.673931893699231,-0.579940504961396,-1.4173625612996,359,25,"DRD2;KCNJ10;GPM6B;SLC22A1"
"GOBP_PROTON_MOTIVE_FORCE_DRIVEN_ATP_SYNTHESIS",0.0719030871434154,0.673931893699231,-0.444652367483691,-1.31549353393273,367,74,"MT-ND3;ATP5ME;NDUFA9;NDUFA3;NDUFB3;ATP5MJ;NDUFA1;ATP5MK;NDUFB11;NDUFA7;NDUFB4;MT-ATP8;ATP5F1E;NDUFS6;NDUFA2;NDUFB1;STOML2;ATP5MC3;MT-ATP6;NDUFA6;ATP5PO;NDUFA12;NDUFS7;ATP5F1D;ATP5MC1;NDUFB2;NDUFS8;ATP5F1C;NDUFS5;NDUFA13;MT-ND2;NDUFB9;NDUFB5;ATP5PB;NDUFV2;NDUFS2;ATP5MG;SDHA;ATP5MC2;ATP5F1A;MT-ND1;ATP5MF;NDUFS1;NDUFC1;MT-ND4L;NDUFB8;ATP5PD;NDUFB6;NDUFV1;ATP5F1B;NDUFA11;ATPSCKMT;NDUFA10;NDUFC2;NDUFB10;NDUFS3;ANTKMT;NDUFS4;SDHC"
"GOBP_T_HELPER_1_CELL_CYTOKINE_PRODUCTION",0.0717761557177616,0.673931893699231,-0.855467421833868,-1.39471139045544,353,4,"IL1B;IL18R1"
"GOBP_CALCIUM_ION_TRANSPORT",0.0742592592592593,0.676015325670498,-0.339766876220315,-1.18773355793167,400,332,"OPRD1;DRD2;F2RL3;JPH1;TLR9;GRM6;PDGFB;GPM6A;CHRNA9;CACNG7;SLC24A2;ANKRD22;CHD7;CX3CL1;APLNR;CXCL11;HES1;PLA2G1B;CXCL10;CACNA1E;ATP2B3;ATP2A1;PKD2L2;CHRNB2;CALCRL;PTPN6;MCOLN2;CASQ1;CCL21;ADORA2A;CACNA1H;TRPM8;EDNRB;CACNG8;PKDREJ;MCHR1;EGF;NALF1;PLN;PDE4D;TMEM37;ANO9;CACNA2D2;CACNA2D4;CORO1A;BDKRB1;RCVRN;CD4"
"GOBP_DETOXIFICATION_OF_COPPER_ION",0.0728744939271255,0.676015325670498,-0.732152151588858,-1.43159926442409,359,9,"MT1F;MT1M;MT1X"
"GOBP_LIPID_TRANSLOCATION",0.0740160563931858,0.676015325670498,-0.476822800005944,-1.34544920945425,377,54,"XKR4;ATP10B;ABCA12"
"GOBP_MIDBRAIN_DOPAMINERGIC_NEURON_DIFFERENTIATION",0.0734587670136109,0.676015325670498,-0.665053791022109,-1.4360710533902,366,14,"WNT9B;SFRP1;WNT5A"
"GOBP_REGULATION_OF_MEMBRANE_LIPID_DISTRIBUTION",0.0742049469964664,0.676015325670498,-0.46422795493157,-1.33051046238936,377,60,"XKR4;ATP10B;ABCA12"
"GOBP_PRODUCTION_OF_MOLECULAR_MEDIATOR_OF_IMMUNE_RESPONSE",0.0763444904099286,0.684326209389176,-0.375844186366283,-1.22952747543027,405,168,"TLR9;CD74;IL1B;INAVA;CD37;RBP4;IL33;CD226;IL18R1;PGC;APOA2;HPX;APOA1;IL27RA;WNT5A;IRF5;CALHM6;EPHB2;NLRP3;PRKCZ;SHLD1;TRIL;LAPTM5;F2RL1"
"GOBP_REGULATION_OF_CHAPERONE_MEDIATED_AUTOPHAGY",0.0764682696097753,0.684326209389176,0.745730378159701,1.41290201736071,387,8,"SNCA;GFAP;ATP13A2"
"GOBP_RETINAL_BIPOLAR_NEURON_DIFFERENTIATION",0.0758770201024832,0.684326209389176,0.746366753931673,1.41410773009329,384,8,"CABP4;NDP;BBS10"
"GOBP_DENDRITIC_SPINE_DEVELOPMENT",0.0773036487322202,0.68557628009946,0.407598686572475,1.26243367019535,374,92,"RELN;NGEF;PAK3;NDP;ZDHHC15;PPFIA2;CTNND2;LRRK2;SDK1;MEF2C;GRM5;ARHGAP33;C21orf91"
"GOBP_MOTOR_NEURON_MIGRATION",0.0777120315581854,0.68557628009946,0.850425205712354,1.37973500184144,393,4,"RELN;VEGFA"
"GOBP_PEPTIDYL_TYROSINE_DEPHOSPHORYLATION",0.0780428629195309,0.68557628009946,-0.617066050225119,-1.40508041802119,385,18,"PTPRZ1;PTPN6;DUSP18;PTPN13"
"GOBP_PIGMENT_METABOLIC_PROCESS",0.0783392087739914,0.68557628009946,-0.452826532480857,-1.31320358021101,399,65,"RPE65;TMEM14EP;POMC;SLCO2B1;HPX;FXN;ABCC2;WNT5A;AMBP;FLVCR1;PMEL;HMBS;HMOX1;SLC7A11;MC1R"
"GOBP_DOPAMINERGIC_NEURON_AXON_GUIDANCE",0.0795175797219951,0.688283313003499,-0.793688327770326,-1.4117735490341,388,6,"WNT7B;VANGL2;WNT5A;CELSR3"
"GOBP_VITAMIN_A_METABOLIC_PROCESS",0.0793391800938201,0.688283313003499,-0.821186459875292,-1.3998704660781,388,5,"RPE65;LRAT"
"GOBP_CHAPERONE_MEDIATED_AUTOPHAGY",0.0804140127388535,0.688517817180238,0.63529537516848,1.39801314454595,403,15,"SNCA;GFAP;ATP13A2"
"GOBP_POSITIVE_REGULATION_OF_ADAPTIVE_IMMUNE_RESPONSE",0.080007711586659,0.688517817180238,-0.411171373742939,-1.2708998615488,414,103,"HLA-DRB1;HLA-DRA;IL1B;IL12RB1;AZGP1;CD226;IL18R1;HPX;IL27RA;CARD9;ZP3;NLRP3;PRKCZ;SHLD1;CD4;CD40;ULBP1;NFKBIZ;ADA;IL1R1;FOXP3;NFKBID"
"GOBP_PYROPTOTIC_INFLAMMATORY_RESPONSE",0.0808690404345202,0.688691183055269,-0.546585237807487,-1.37910057533009,401,30,"GBP5;MEFV;NLRC4;NLRP3;CASP1;PYCARD;GBP1;CASP3;CASP4;CASP6"
"GOBP_GLYCOSAMINOGLYCAN_METABOLIC_PROCESS",0.0830721003134796,0.697082527570167,-0.465694674146546,-1.31731524284285,423,55,"HS3ST1;IL1B;PDGFB;HAS1;ITIH2;EGF;TNFAIP6;XYLT1;LYG1"
"GOBP_PHENYLPROPANOID_METABOLIC_PROCESS",0.0835360908353609,0.697082527570167,-0.957420016789479,-1.28156748953728,411,1,"CYP2D6"
"GOBP_RESPONSE_TO_IRON_ION",0.0836146971201589,0.697082527570167,-0.567008030864668,-1.38575586293509,420,25,"DRD2;FXN"
"GOBP_SYNAPTIC_TRANSMISSION_GLUTAMATERGIC",0.0828025477707006,0.697082527570167,-0.423712176676043,-1.28329548638201,428,86,"DRD2;GRIK4;UNC13C;GRM6;CACNG7;GRID1;GRM4;GRIK5;ADORA2A;GRIA2;CACNG8;ABTB3"
"GOBP_OLIGODENDROCYTE_PROGENITOR_PROLIFERATION",0.0862737099734856,0.714698721850274,-0.815295267107978,-1.38982779347218,422,5,"PTPRZ1;CDH2"
"GOBP_REGULATION_OF_CYTOSOLIC_CALCIUM_ION_CONCENTRATION",0.0866301481030635,0.714698721850274,0.486279619990788,1.31648716694482,426,41,"HRC;ATP2B2;CDH23;GRM1;CACNB4;CAV3;WBP2NL;CACNB2;TSPOAP1;GPER1;GRM5;RYR2;ADORA1;TRPC6;ATP2B4"
"GOBP_FOLIC_ACID_CONTAINING_COMPOUND_METABOLIC_PROCESS",0.0898335672749148,0.718668538199318,0.543438334352188,1.35205538545728,447,26,"ALDH1L1;FTCD;FOLR1;PM20D2;DHFR2"
"GOBP_GONADOTROPHIN_RELEASING_HORMONE_NEURONAL_MIGRATION_TO_THE_HYPOTHALAMUS",0.0886497064579256,0.718668538199318,0.780626274297253,1.38730409372518,452,6,"SEMA3E;NDNF;PLXNA3"
"GOBP_IRON_COORDINATION_ENTITY_TRANSPORT",0.0882886514815561,0.718668538199318,-0.706576498747183,-1.41665045753604,437,10,"HPX;FLVCR2;FLVCR1"
"GOBP_REGULATION_OF_AXON_EXTENSION",0.0890973036342321,0.718668538199318,-0.434590328364053,-1.28572522869471,455,74,"RTN4R;ADCY10;NKX6-1;APOE;KIAA0319;PLXNA4;DRAXIN;CDH4;WNT5A"
"GOBP_REGULATION_OF_SODIUM_ION_EXPORT_ACROSS_PLASMA_MEMBRANE",0.0896989555601065,0.718668538199318,-0.759837454519602,-1.39307619248653,437,7,"FXYD3;ATP1B2;FXYD6"
"GOBP_REGULATION_OF_SULFUR_METABOLIC_PROCESS",0.0884938074310827,0.718668538199318,0.641902119039315,1.38877190156699,442,14,"SNCA;PDK4;PDK2;SIRT4;PDK3;PDK1"
"GOBP_NEGATIVE_REGULATION_OF_ATP_DEPENDENT_ACTIVITY",0.091091492776886,0.722901153424583,-0.687855148552043,-1.40497561882055,453,11,"TLR9;PLN"
"GOBP_NEGATIVE_REGULATION_OF_INFLAMMATORY_RESPONSE_TO_ANTIGENIC_STIMULUS",0.0929493545183714,0.722901153424583,-0.558623444700892,-1.3652641083174,467,25,"GPR17;HLA-DRB1"
"GOBP_NEGATIVE_REGULATION_OF_LIPID_TRANSPORT",0.0923230309072782,0.722901153424583,-0.554170780298012,-1.36317322424202,462,26,"APOC2;APOE;APOA2;EGF"
"GOBP_POSITIVE_REGULATION_OF_RNA_METABOLIC_PROCESS",0.0927696695185372,0.722901153424583,-0.281767274548378,-1.08508722094159,552,1604,"SOX10;FOXD3;DRD2;NGFR;SHOX;CYTL1;CD200;TLR9;POU3F2;HOXC11;IL1B;PDGFB;SLC38A3;DMRT2;PKP1;HOXC13;HNF1A;FOSB;HOXB9;LEF1;ONECUT2;CCDC62;FOS;ERBB4;GATA4;IL33;HOTTIP;SOX2;NKX6-1;GMNC;POMC;NR1I3;GDF6;PKNOX2;EOMES;CHD7;AFAP1L2;PTPRN;CX3CL1;ZNF711;APOE;TRIM71;DLX1;TNFSF11;FOXA2;HES1;WNT4;NHLH1;SERPINF2;PLA2G1B;CXCL10;SIX2;PAX9;HEY1;PRL;CIITA;NFE2;POU5F1;IL1A;KCNH2;GLI1;SFRP1;MLXIPL;SOX11;IL11;HOXA5;MEOX1;CEBPA;NR5A2;FOXA3;HEY2;HNF4A;POU3F1;EGR2;NPAS4;EGR1;GTF2A1L;WNT5A;DLX2;GAL;ZP3;HOXA1;SPX;CD38;CD274;IRF5;EGF;ETV4;SNAI1;MDK;SMYD3;GATA2;MYCL;IGF2BP1;AIRE;BNC1;IHH;JUNB;NLRP3;HOXA4;RARB;ZFPM2;FOXA1;ID4;GLIS3;RPS6KA1;IRF1;ERG;IER2;SMO;SALL1;F2RL1;HGF;HOXC10;TOX2;EGR3;COL1A1;TET1;DLX3;CSRNP1;TLE3;RFXANK;MYBL2;KLF2;SIX4;CD40;EPCAM;POU2F2;TBX3;LIF;BCL11A;CDX1;NFKBIZ;CCNB1;IL31RA;TOP2A;SMAD1;HOXA11;TLR2;SOX18;ACVRL1;PTCH1;GRHL1;TET3;MYRF;KLF10;CLOCK;PITX1;RUNX2;TFAP2E;ESRRG;CAMK4;EAF2;GLI2;HMGA2;KLF15;DDX11;HEYL;LMO4;ZFP36;HIVEP1;LBHD1;RFX3;PAXBP1;BCL3;PLEKHN1;ZC3H12A;TTC5;HIF1A;FOXP3;ABLIM1;ZBTB16;LMO1;HOXA7;AGRN;SUPT3H;TP73;H2AZ1;ZNF616;CCNA2;ATF3;NPAS2;MC1R;SOX4;APBB2;HOXA2;FOXM1;P2RY1;JUN;MED8;HAND2;TAF10;RIOK2;TRIM14;JMJD6;DCPS;PPARGC1B;ZGLP1;SLC9A1"
"GOBP_PROSTATE_GLAND_MORPHOGENESIS",0.0928413876077802,0.722901153424583,0.540648737659873,1.34511496739569,462,26,"FGF10;SERPINB5;BMP4;NOG;ESR1;FGFR2;AR;SOX9;IGF1"
"GOBP_REGULATION_OF_PRESYNAPSE_ORGANIZATION",0.0938938938938939,0.722901153424583,0.569105293303122,1.36449425485962,468,22,"SLITRK1;SNCA;LRRC4B"
"GOBP_REGULATION_OF_PRESYNAPTIC_MEMBRANE_POTENTIAL",0.0940136601044596,0.722901153424583,-0.633648614308464,-1.38927297087385,467,15,"GABRA2;GRIK4;GABRA5;KCNA2;GRIK5"
"GOBP_REGULATION_OF_SYNAPSE_MATURATION",0.0939259855189059,0.722901153424583,0.55631705539794,1.3572338364336,466,24,"RELN;ADGRB3;CAMK2B;FGF7"
"GOBP_CALCIUM_ION_IMPORT_INTO_SARCOPLASMIC_RETICULUM",0.0958596777483174,0.733534925378428,-0.809415926630201,-1.37980532537632,469,5,"ATP2A1;PLN"
"GOBP_CALCIUM_ION_TRANSMEMBRANE_TRANSPORT",0.109206112560567,0.751989562948467,-0.338360008539718,-1.15813720816296,585,261,"DRD2;F2RL3;JPH1;TLR9;GRM6;GPM6A;CHRNA9;CACNG7;SLC24A2;CHD7;CX3CL1;APLNR;CXCL11;PLA2G1B;CXCL10;CACNA1E;ATP2B3;ATP2A1;PKD2L2;PTPN6;MCOLN2;CASQ1;CCL21;CACNA1H;TRPM8;EDNRB;CACNG8;PKDREJ;NALF1;PLN;PDE4D;TMEM37;ANO9;CACNA2D2;CACNA2D4;CORO1A;BDKRB1;CD4"
"GOBP_CELLULAR_HYPEROSMOTIC_RESPONSE",0.111946202531646,0.751989562948467,0.581011428827066,1.33402462369261,565,18,"WNK3;EFHD1;SLC25A23;RCSD1;SLC2A1;AQP1;OXSR1;STK39"
"GOBP_CENTRAL_NERVOUS_SYSTEM_PROJECTION_NEURON_AXONOGENESIS",0.104917380051762,0.751989562948467,-0.540521699163513,-1.34195527572174,526,27,"EPHB1;PLXNA4;DRAXIN;CHRNB2;EPHB2;GLI2;TSKU;EPHB3;EPHA4;SZT2;FBXO45"
"GOBP_EXCITATORY_CHEMICAL_SYNAPTIC_TRANSMISSION",0.110169491525424,0.751989562948467,0.718946318267997,1.36215545618737,558,8,"CHRDL1;GRIN2C;KCNQ3;GRIN1"
"GOBP_GLUCOCORTICOID_METABOLIC_PROCESS",0.102932375822861,0.751989562948467,-0.576150180304796,-1.3596030377617,515,21,"POMC;WNT4;APOA1;CACNA1H;NR5A2;GAL"
"GOBP_GLUTAMATERGIC_NEURON_DIFFERENTIATION",0.109558970265416,0.751989562948467,0.637812179695577,1.35509075085429,548,13,"CABP4;NDP;PROX1;KNDC1"
"GOBP_HEPARAN_SULFATE_PROTEOGLYCAN_METABOLIC_PROCESS",0.120937561552098,0.751989562948467,-0.481974925463649,-1.28807251900967,613,40,"HS3ST1;VANGL2;HS6ST2;SULF2"
"GOBP_HUMORAL_IMMUNE_RESPONSE_MEDIATED_BY_CIRCULATING_IMMUNOGLOBULIN",0.123822881186135,0.751989562948467,-0.501397966970492,-1.29519457848133,617,34,"CFI;SUSD4;HPX;C7;C4BPA;C4B;C2;PTPN6;IGHG1;ZP3;C4A"
"GOBP_INFLAMMATORY_CELL_APOPTOTIC_PROCESS",0.10484668644906,0.751989562948467,0.595986992698996,1.35416875674264,529,17,"CCL5;MEF2C;IRF3;NOD2;IL6;IRF7;PLEKHO2;ANXA1"
"GOBP_INNATE_IMMUNE_RESPONSE_IN_MUCOSA",0.123407643312102,0.751989562948467,0.604341749758939,1.3298974665711,619,15,"H2BC26;H2BC6;H2BC17;H2BC11;H2BC4;H2BC5;H2BC21;H2BC12"
"GOBP_LONG_CHAIN_FATTY_ACID_METABOLIC_PROCESS",0.12639405204461,0.751989562948467,0.399566195662278,1.21098913615855,611,80,"GSTM1;SLC27A2;CYP2J2;ACSL6;ASAH2;SLC27A6;FAAH;PTGIS;CYP2U1;PLA2G4A;GSTA1;ALOX12;MGLL;ACOT4"
"GOBP_LYMPHOCYTE_ACTIVATION_INVOLVED_IN_IMMUNE_RESPONSE",0.11955098222638,0.751989562948467,-0.356366588566519,-1.17326751203182,638,177,"HLA-DRB1;CD74;HLA-DRA;HLA-DMB;LEF1;IL12RB1;MFNG;EOMES;IL18R1;IL27RA;IFNE;HLX;CEACAM1;HAVCR2;MDK;JUNB;NLRP3;PRKCZ;PSMB9;SHLD1;CORO1A;F2RL1;FGL2;CD40;NFKBIZ;LOXL3;ADA;ICOSLG;ST3GAL1;JAK3;BCL3;ZC3H12A;FOXP3;NFKBID;CRACR2A;PSMA3"
"GOBP_MITOCHONDRIAL_ELECTRON_TRANSPORT_CYTOCHROME_C_TO_OXYGEN",0.109987868985038,0.751989562948467,-0.589400045245379,-1.34208398218141,543,18,"MTCO2P12;COX7A1;COX7B;MT-CO3;CYCS;COX6C;COX5A;COX5B;COX7C;COX8A;NDUFA4;COX7A2L;MT-CO2;MT-CO1;COX6B1;COX7A2"
"GOBP_N_ACETYLGLUCOSAMINE_METABOLIC_PROCESS",0.122059119243917,0.751989562948467,-0.599498581133978,-1.3334251903483,606,16,"CHST6;CHST1"
"GOBP_NEGATIVE_REGULATION_OF_DENDRITIC_SPINE_MORPHOGENESIS",0.118540433925049,0.751989562948467,0.823279308939945,1.33569333458877,600,4,"NGEF;GRM5"
"GOBP_NEGATIVE_REGULATION_OF_IMMUNE_RESPONSE",0.0997365449755363,0.751989562948467,-0.366228391607209,-1.20008643375985,529,170,"DRD2;GPR17;HLA-DRB1;IL33;POMC;SUSD4;LAG3;C4BPA;PTPN6;A2M;IL27RA;SYK;CD274;SLAMF8;HLX;AMBP;CEACAM1;HAVCR2;AURKB;COL3A1;FGL2;MC5R;RHBDF2;FCRLB;LOXL3"
"GOBP_NEGATIVE_REGULATION_OF_IMMUNE_SYSTEM_PROCESS",0.115558775584133,0.751989562948467,-0.315354933602494,-1.13025424998782,637,447,"DRD2;CD200;HLA-DOA;GPR17;HLA-DRB1;CD74;ILDR2;CD37;IL33;POMC;SUSD4;CX3CL1;C5AR2;MEFV;PLA2G2A;CRTAM;LAX1;APOA2;LAG3;C4BPA;APOA1;FGL1;PTPN6;SFRP1;CCL21;SOX11;ADORA2A;CD200R1;A2M;MMP28;PAG1;IL27RA;GAL;SYK;CD274;HLA-DOB;SLAMF8;LGR4;HLX;AMBP;CEACAM1;HAVCR2;MDK;GATA2;TRIB1;IHH;GNRH1;AURKB;ADTRP;PSMB9;IRF1;TNFAIP6;LAPTM5;F2RL1;COL3A1;FGL2;MC5R;GDF15;PTPN22;RHBDF2;FCRLB;LOXL3;IL31RA;TBC1D10C;LILRB3"
"GOBP_NEGATIVE_REGULATION_OF_OLIGODENDROCYTE_DIFFERENTIATION",0.120184590690209,0.751989562948467,-0.662189936829843,-1.35255324937625,598,11,"DLX1;HES1;DLX2;ID4"
"GOBP_NEGATIVE_REGULATION_OF_RESPONSE_TO_OXIDATIVE_STRESS",0.107121602856576,0.751989562948467,0.68314768653447,1.36457872476174,539,10,"MCTP1;GGT7"
"GOBP_NEGATIVE_REGULATION_OF_SYNAPTIC_TRANSMISSION",0.102886314549382,0.751989562948467,-0.477495042862071,-1.31097958928404,523,46,"DRD2;IL1B;SLC24A2;PCDH17"
"GOBP_NEURON_PROJECTION_ORGANIZATION",0.119121607623783,0.751989562948467,0.394934978514731,1.21624714818668,574,89,"RELN;NGEF;PAK3;GABRB3;ZDHHC15;ABCD2;PPFIA2;CTNND2;LRRK2;ITGA3;GRM5;NEDD9;ARHGAP33;ABHD17B"
"GOBP_NEUROTRANSMITTER_LOADING_INTO_SYNAPTIC_VESICLE",0.112912912912913,0.751989562948467,0.865018656716418,1.32585355398834,563,3,"SLC17A7;SLC18A2;SLC17A5"
"GOBP_NEUROTRANSMITTER_SECRETION",0.118894200789857,0.751989562948467,0.368324811341706,1.18875955103281,571,125,"CACNA1B;PTPRN2;MCTP1;BGLAP;SNCA;RIMS1;PCLO;PPFIA2;SNAP25;CACNB4;BAIAP3;SYT1;MCTP2;SYT12;SYT5;LRRK2;TSPOAP1;RIMS4;MEF2C;GPER1;RPH3AL;RAB3A;SNCG;TACR2;CSPG5;PRKN;UNC13A;SYT2"
"GOBP_NOREPINEPHRINE_METABOLIC_PROCESS",0.106072712744706,0.751989562948467,0.630075809565243,1.36318537394903,530,14,"SLITRK1;KL;GATA3;DBH;SULT1A4;PRKN"
"GOBP_ORNITHINE_METABOLIC_PROCESS",0.119632514479728,0.751989562948467,-0.860680271182885,-1.33185988232699,598,3,"HNF4A;AZIN2"
"GOBP_POSITIVE_REGULATION_OF_AXONOGENESIS",0.10954135954136,0.751989562948467,0.412403676889841,1.23536211803181,534,73,"SLITRK1;CHODL;ROBO2;LPAR3;NTRK2;NTN1;ISLR2;PLXNC1;SEMA5A;EFNA5;AMIGO1"
"GOBP_POSITIVE_REGULATION_OF_CALCIUM_ION_TRANSMEMBRANE_TRANSPORT",0.125467059980334,0.751989562948467,-0.465408343613083,-1.27253754683315,637,45,"F2RL3;GRM6;CX3CL1;APLNR;CXCL11;PLA2G1B;CXCL10;CASQ1"
"GOBP_POSITIVE_REGULATION_OF_LIPID_LOCALIZATION",0.126356589147287,0.751989562948467,-0.411559790297589,-1.23179107405824,651,80,"IL1B;LIPG;LRAT;ABCA12;APOE;TNFSF11;LPL;APOA1;ABCA8;APOB;GAL"
"GOBP_POSITIVE_REGULATION_OF_LIPID_TRANSPORT",0.106057635757695,0.751989562948467,-0.435592430651463,-1.26644862071371,540,66,"IL1B;LIPG;LRAT;ABCA12;APOE;TNFSF11;APOA1;ABCA8;GAL"
"GOBP_POSITIVE_REGULATION_OF_LONG_TERM_SYNAPTIC_POTENTIATION",0.0991154000804182,0.751989562948467,-0.589792640176919,-1.36167765578836,492,19,"DRD2"
"GOBP_POSITIVE_REGULATION_OF_NEUROTRANSMITTER_SECRETION",0.117879746835443,0.751989562948467,0.577127721972123,1.32510748313626,595,18,"CACNA1B;BGLAP;SNCA;BAIAP3;SYT1;GPER1;TACR2"
"GOBP_POSITIVE_REGULATION_OF_OLIGODENDROCYTE_DIFFERENTIATION",0.103922361504246,0.751989562948467,-0.594678570316828,-1.35410336359321,513,18,"PTPRZ1;CXCR4;MDK;MYRF"
"GOBP_POSITIVE_REGULATION_OF_RESPONSE_TO_TYPE_II_INTERFERON",0.120235198702352,0.751989562948467,-0.822226638904473,-1.34051727692637,592,4,"HPX"
"GOBP_POSITIVE_REGULATION_OF_SYNAPSE_MATURATION",0.127954678648173,0.751989562948467,0.728088144639834,1.3419485650706,654,7,"RELN;CAMK2B"
"GOBP_POSITIVE_REGULATION_OF_T_HELPER_1_TYPE_IMMUNE_RESPONSE",0.112074178593026,0.751989562948467,-0.685910082497411,-1.37521532901453,555,10,"IL1B;IL12RB1;IL18R1;IL27RA"
"GOBP_POSTSYNAPTIC_SIGNAL_TRANSDUCTION",0.115439237167783,0.751989562948467,0.47050370126838,1.27377759473365,568,41,"CHRM2;CHRM3;GABRB3;GNA15;HRH4;CHRNA1;CHRNA5;ACHE;LYNX1"
"GOBP_PROSTATE_GLAND_DEVELOPMENT",0.126499898311979,0.751989562948467,0.454220081862952,1.2520249776243,621,45,"FGF10;SERPINB5;BMP4;NOG;ESR1;FGFR2;AR;SOX9;IGF1;PLAG1;PRLR"
"GOBP_PROTEIN_INSERTION_INTO_MITOCHONDRIAL_INNER_MEMBRANE",0.122321067529317,0.751989562948467,-0.581261971090927,-1.32355331009104,604,18,"ROMO1;TIMM13;TIMM8B;TMEM126A;TIMM9;COX18;NDUFA13;TIMM29;MAIP1;TIMM10B;AGK;TIMM8A"
"GOBP_PROTEIN_TRANSPORT_WITHIN_LIPID_BILAYER",0.108614963860129,0.751989562948467,0.741679160646025,1.3669983403782,555,7,"CD24;REEP2;RFTN1;ATP1B1;ARL6;RILPL2"
"GOBP_PTERIDINE_CONTAINING_COMPOUND_METABOLIC_PROCESS",0.119355480405809,0.751989562948467,0.490977293250894,1.28027119025366,599,33,"ALDH1L1;FTCD;FOLR1;NOS3;PCBD2;SPR;PM20D2;DHFR2;PCBD1"
"GOBP_REGULATION_OF_ADAPTIVE_IMMUNE_RESPONSE",0.102515959444236,0.751989562948467,-0.366042703359805,-1.19641639985294,545,166,"HLA-DRB1;HLA-DRA;IL1B;IL12RB1;AZGP1;IL33;CD226;SUSD4;IL18R1;HPX;LAG3;C4BPA;PTPN6;IL27RA;CARD9;ZP3;CD274;EPHB2;HLX;CEACAM1;HAVCR2;JUNB;NLRP3;PRKCZ;IRF1;SHLD1;CD4;CD40;ULBP1;NFKBIZ;LOXL3;ADA;IL1R1;JAK3;ZC3H12A;FOXP3;NFKBID"
"GOBP_REGULATION_OF_CALCIUM_ION_TRANSPORT",0.118850920015021,0.751989562948467,-0.35636870325578,-1.17518328552883,632,180,"OPRD1;F2RL3;JPH1;TLR9;GRM6;PDGFB;CHD7;CX3CL1;APLNR;CXCL11;HES1;PLA2G1B;CXCL10;ATP2A1;PTPN6;CASQ1;ADORA2A"
"GOBP_REGULATION_OF_IMMUNE_SYSTEM_PROCESS",0.106393775372124,0.751989562948467,-0.284974199880782,-1.08687252144155,628,1294,"DRD2;HLA-DQA1;HLA-DQB1;MOG;HLA-DRB5;CD200;HLA-DOA;GPR17;TLR9;HLA-DRB1;CD74;HLA-DRA;IL1B;HLA-DMB;ILDR2;LEF1;IL12RB1;AZGP1;INAVA;CD37;ZAP70;RBP4;CFI;FPR2;FOS;C3AR1;GBP5;HLA-DPA1;IL33;POMC;HLA-DPB1;SPTA1;TLR5;CD226;FPR1;CD79B;SUSD4;IL18R1;CX3CL1;C5AR2;APOE;MEFV;CD79A;PLA2G2A;TNFSF11;HES1;CRTAM;FCGR2A;PGC;LAX1;DCSTAMP;APOA2;PLA2G1B;CXCL10;HPX;CFD;C7;LAG3;ITK;C4BPA;CSF1R;APOA1;CFP;FGL1;CXCL17;IL1A;C4B;CHRNB2;C2;PTPN6;SFRP1;SLC15A3;IGHG1;CCL21;SOX11;HOXA5;ADORA2A;CD200R1;CEBPA;A2M;PTPRE;NR5A2;NLRC4;FCN3;HLA-DQA2;MMP28;PAG1;IL27RA;CARD9;IGLC3;WNT5A;CMKLR1;GAL;ZP3;ADAM8;CD38;H4C12;EFNB3;SYK;CD274;IRF5;HLA-DOB;AQP3;CALHM6;C4A;EPHB2;SLAMF8;LGR4;HLX;AMBP;CEACAM1;HAVCR2;CLEC2D;MDK;IL1RL2;PDE4D;GATA2;AIRE;TRIB1;IHH;JUNB;NLRP3;SPHK1;THPO;GNRH1;PRKCZ;AURKB;TAC1;RBM47;S100A14;ADTRP;PSMB9;TCIM;IRF1;TNFAIP6;POLR3G;H4C16;HLA-DMA;SHLD1;IL2RB;TRIL;LAPTM5;USP50;CORO1A;F2RL1;BDKRB1;CD4;COL3A1;FGL2;EGR3;IGKC;IL15;MC5R;GDF15;STXBP2;PTPN22;PLPP4;CD40;SLC19A1;LIF;ULBP1;NFKBIZ;RHBDF2;FCRLB;LOXL3;IL31RA;TBC1D10C;IKBKE;LILRB3;TLR2;FCMR;IGHA1;ADA;HMSD;ITGB3;ICOSLG;KLF10;CCDC88B;CCL7;CAMK4;HMOX1;GLI2;PRDM1;NOD1;THEMIS2;HMGB3;ZFP36;F7;SMPD3;IL15RA;IL1R1;JAK3;FGR;CASP1;S100A9;ZC3H12A;TRIM6;GPAM;LRP8;HIF1A;FOXP3;NFKBID;ZBTB16;LMO1;FCHO1;HOXA7"
"GOBP_REGULATION_OF_INTRACELLULAR_LIPID_TRANSPORT",0.122874493927126,0.751989562948467,-0.692589384653367,-1.35424098866062,606,9,"ABCA12"
"GOBP_REGULATION_OF_LONG_TERM_SYNAPTIC_POTENTIATION",0.127904667328699,0.751989562948467,-0.485823781490608,-1.27736559022026,643,37,"DRD2;APOE;ADORA2A"
"GOBP_REGULATION_OF_NEUROGENESIS",0.125556379821958,0.751989562948467,-0.327845796617534,-1.13990314953985,676,309,"SOX10;DRD2;PTPRZ1;IL1B;LEF1;RTN4R;ADCY10;LIN28A;NKX6-1;CHD7;CX3CL1;DLX1;GPR37L1;KIAA0319;HES1;CCL11;IL1RAPL1;HEY1;CXCR4;DRAXIN;CDH4;SOX11;HEY2;EGR2;WNT5A;DLX2;ITPKA;EFNB3;DLL3;EPHB2;MDK"
"GOBP_REGULATION_OF_NEURONAL_ACTION_POTENTIAL",0.127175916444809,0.751989562948467,-0.735842029562143,-1.34908328974397,620,7,"UNC79;NALF1;TRPA1"
"GOBP_REGULATION_OF_NEUROTROPHIN_TRK_RECEPTOR_SIGNALING_PATHWAY",0.105491900434611,0.751989562948467,0.700808624472627,1.3680103879375,533,9,"AGT;DOK5;PPP2R5B;CYFIP2"
"GOBP_REGULATION_OF_PHOSPHOLIPID_TRANSLOCATION",0.124730339282212,0.751989562948467,0.786805369505286,1.34223067229792,635,5,"ATP8A2;ABCB4;ATP8A1"
"GOBP_REGULATION_OF_POSTSYNAPTIC_MEMBRANE_POTENTIAL",0.125721986907971,0.751989562948467,-0.391069810339032,-1.21356972140996,652,106,"DRD2;GABRA2;NETO1;GRIK4;CHRNA9;GABRA5;GRID1;KCNK1;KCNA2;NLGN4X;GRIK5;CHRNB2;ADORA2A;INSYN2A;GRIA2;NPAS4"
"GOBP_REGULATION_OF_REACTIVE_OXYGEN_SPECIES_METABOLIC_PROCESS",0.108203530633437,0.751989562948467,0.371785303000377,1.19891865713178,520,124,"LEP;SNCA;NOXO1;AGT;CD36;ABCD2;DUOXA1;PLCG2;TNF;ADGRB1;NOXA1;LRRK2;AKR1C1;SLC5A3;BST1;CRYAB;SLC18A2;GRIN1;NOX5;ITGB2;SOD2;TUSC2;PRKN;PDK3;CD177;FOXO1;TLR4;PINK1;SIRT3;RAC2;PID1;TGFBR2"
"GOBP_REGULATION_OF_T_HELPER_17_TYPE_IMMUNE_RESPONSE",0.115070674895481,0.751989562948467,-0.53361427461919,-1.32480618656722,577,27,"IL12RB1;IL27RA;CARD9;EPHB2;JUNB;NFKBIZ;LOXL3;JAK3;ZC3H12A;FOXP3;NFKBID"
"GOBP_RESPONSE_TO_AXON_INJURY",0.112176977290525,0.751989562948467,-0.433250844076048,-1.26227416901361,572,67,"DRD2;RTN4R;KIAA0319;FLRT3;FIGNL2;RTN4RL1;SCARF1;NREP;CNTF"
"GOBP_RESPONSE_TO_TYPE_III_INTERFERON",0.128180039138943,0.751989562948467,0.754932354030882,1.34164167888849,654,6,"IFNLR1;EPG5"
"GOBP_RETINOL_METABOLIC_PROCESS",0.103094815690913,0.751989562948467,-0.491816927931664,-1.31864769260137,522,41,"RPE65;LRAT;RBP4;ADH7;CYP2D6;SDR9C7;AKR1B10;RDH8"
"GOBP_RETROGRADE_TRANS_SYNAPTIC_SIGNALING",0.121956168831169,0.751989562948467,-0.716246246052839,-1.36092213766454,600,8,"GUCY1A1;FABP5"
"GOBP_SOMITE_ROSTRAL_CAUDAL_AXIS_SPECIFICATION",0.11740574330924,0.751989562948467,0.734800710803132,1.35432058155939,600,7,"NRARP;TBX6"
"GOBP_SPROUTING_OF_INJURED_AXON",0.111922141119221,0.751989562948467,-0.826398688536403,-1.34731917843038,551,4,"KIAA0319"
"GOBP_SULFUR_COMPOUND_METABOLIC_PROCESS",0.127879440258342,0.751989562948467,0.329665963457648,1.14189929512601,593,239,"GSTM1;ACOT12;NDP;SNCA;GAL3ST3;SLC27A2;VNN1;FMO3;PDK4;CDO1;ACSL6;GGT1;GSTT2;GSTM5;ACSM3;FMO1;SLC19A3;CRYAB;HAGH;GLYAT;CHST7;SULT1A4;PDK2;GSTO2;MGST2;CHAC2;SQOR;ARL6IP5;GSTA1;SOD2;SULT2B1;GHR;SIRT4;ACOT4;CHST2;MLYCD;PDK3;GSTM2;HACD1;SLC1A1"
"GOBP_SYNAPTIC_SIGNALING",0.120184544405998,0.751989562948467,0.292862055144327,1.09518114769186,520,643,"CHRM2;RELN;HRH2;NPTX1;CX3CR1;CDH8;ADRA1A;CACNA1B;TACR1;GAD1;PTPRN2;PLG;KCNK3;HAPLN4;HAP1;GABRA3;HCN1;NOG;MCTP1;CHRM3;GJD2;BGLAP;KCNMB1;GABRB3;GNA15;LPAR3;RGS4;SNCA;RIMS1;HRH4;SLC17A7;PCLO;NTRK2;LRRC4;PPFIA2;CORT;KCNB1;CHRNA1;PCDHB4;CHRDL1;ADAM22;NRXN3;SNAP25;GNAO1;GRIN2C;INA;GRM1;CACNB4;NSG1;TNF;BAIAP3;SYT1;LAMP5;SLITRK4;NEFH;MCTP2;ADGRB1;FRRS1L;CACNB2;NTSR1;SYT12;COLQ;CYP46A1;APBA2;ATP1A2;SYT5;RASD2;KCNQ3;PENK;EPHA7;FAAH;P2RX5;GRIA1;LRRK2;CHRNA5;ACHE;TSPOAP1;RIMS4;SHISA8;NTF3;KCND2;DMPK;ADRB2;MEF2C;LYNX1;CACNG2;VGF;CCL2;GPER1;KIT;PLAT;STAC3;AKAP5;CACNA1A;DBH;PCDHB9;SLC18A2;GRIN1;CHRFAM7A;GABBR2;PCDHB10;RPH3AL;GFAP;RAB3A;DRD4;SLC1A7;RASGRF1;DRD1;IGF1;GRM5;SLC29A1;SNCG;TACR2;MPP2"
"GOBP_SYNAPTIC_VESICLE_BUDDING",0.113969133359715,0.751989562948467,0.645614193063038,1.34862631976926,575,12,"MX1;AP3B2;MX2;AP3S2;DNM3"
"GOBP_SYNAPTIC_VESICLE_EXOCYTOSIS",0.102846457510908,0.751989562948467,0.4064591643412,1.23771147695918,494,83,"CACNA1B;SNCA;RIMS1;PCLO;PPFIA2;SNAP25;CACNB4;SYT1;SYT12;SYT5;LRRK2;RIMS4;RPH3AL;RAB3A;CSPG5;UNC13A;SYT2"
"GOBP_T_CELL_DIFFERENTIATION_INVOLVED_IN_IMMUNE_RESPONSE",0.11687306501548,0.751989562948467,-0.410446643956115,-1.24047780830225,603,85,"HLA-DRB1;HLA-DRA;LEF1;IL12RB1;EOMES;IL18R1;HLX;JUNB;NLRP3;PRKCZ;PSMB9;FGL2;NFKBIZ;LOXL3;ICOSLG;JAK3;BCL3;ZC3H12A;FOXP3;NFKBID;CRACR2A;PSMA3"
"GOBP_NEGATIVE_REGULATION_OF_TUMOR_NECROSIS_FACTOR_SUPERFAMILY_CYTOKINE_PRODUCTION",0.129323899371069,0.755900577873703,-0.458693530975576,-1.26217310957308,657,47,"POMC;CX3CL1;C5AR2;PTPN6;IL27RA;CD274;HAVCR2;PTPN22;BCL3;ZC3H12A;FOXP3;MC1R"
"GOBP_LIPID_DIGESTION",0.132840591290451,0.758442642188437,0.611568101341679,1.32314346665364,664,14,"LEP;CD36;SOAT2;ASAH2;CEL;AKR1C1"
"GOBP_LIPID_MODIFICATION",0.131951786847114,0.758442642188437,0.348986009722677,1.15815426941935,623,159,"DGKG;LEP;HAO2;INPP5D;PLPPR3;ABCD2;SLC27A2;FMO4;FABP3;PDK4;ADH4;MBOAT1;APOD;FMO1;PLPP3;SOX9;PPARGC1A;SIRT4;ETFDH;FMO2;ALOX12;TWIST1;MLYCD;PLPP1;PLPPR4;ACAD11;DGKA;MTMR7;DECR2;PRKAG2;AUH;CROT;DGKZ;FIG4;ACADVL;APPL2;ALOXE3"
"GOBP_NEGATIVE_REGULATION_OF_NEUROINFLAMMATORY_RESPONSE",0.133589329021827,0.758442642188437,-0.636661558631835,-1.32790432831822,660,12,"CD200;CX3CL1;CD200R1"
"GOBP_PROSTANOID_METABOLIC_PROCESS",0.132481233515926,0.758442642188437,0.460138650023594,1.24571666767127,652,41,"GSTM1;AVPR1A;HPGD;AKR1C1;PTGIS;TBXAS1;AKR1C2;PLA2G4A;GSTA1"
"GOBP_PROTEIN_LOCALIZATION_TO_SYNAPSE",0.130308680339756,0.758442642188437,0.399375837518016,1.20780985604369,628,79,"RELN;NPTX1;ZDHHC15;GRIP2;PCLO;NRXN3;GRIN2C;KIF5C;NSG1;LHFPL4;COLQ;LRRC7"
"GOBP_REGULATION_OF_AMIDE_METABOLIC_PROCESS",0.13341518313894,0.758442642188437,0.414927957394168,1.21884866121917,651,64,"HAP1;SNCA;NTRK2;PDK4;TNF;RTN1;ALDOB;SPON1;IGF1;PDK2;ABCA7;SIRT4;PDK3;PDK1;SIRT3;PRNP;SORL1;PIN1;ROCK2;ORMDL1;RTN3;RTN4;PRKCD"
"GOBP_REGULATION_OF_DENDRITIC_SPINE_MORPHOGENESIS",0.132698541329011,0.758442642188437,0.454664885833287,1.24293134905567,654,43,"RELN;NGEF;ZDHHC15;PPFIA2;LRRK2;GRM5;ARHGAP33"
"GOBP_REGULATION_OF_MITOCHONDRIAL_MEMBRANE_POTENTIAL",0.133320281910728,0.758442642188437,-0.416911171863898,-1.22671797961615,680,71,"OPRD1;ADCY10"
"GOBP_FERROPTOSIS",0.134376253509828,0.760084340073051,-0.512259204678405,-1.28476266825728,669,29,"ADGRG1;PCK2;HMOX1;CAMK2A;TMEM164;NQO1;SLC7A11;PSAT1;ALDH7A1"
"GOBP_POSITIVE_REGULATION_OF_ENDOPLASMIC_RETICULUM_UNFOLDED_PROTEIN_RESPONSE",0.134838194167,0.760084340073051,0.610276901066794,1.32034992133284,674,14,"AGR2;PIK3R1;BCL2L11"
"GOBP_PROTEIN_LIPID_COMPLEX_ORGANIZATION",0.135989010989011,0.763853168108487,-0.462291473908481,-1.25756805366271,692,44,"LIPG;APOC2;APOE;PLA2G2A;LPL;APOA2;APOA1;APOB;APOH"
"GOBP_CELL_ACTIVATION_INVOLVED_IN_IMMUNE_RESPONSE",0.141928292773546,0.768578995517775,-0.33339074444401,-1.13635105557684,763,249,"HLA-DRB1;CD74;HLA-DRA;IL1B;HLA-DMB;LEF1;IL12RB1;PTGDR;MFNG;IL33;EOMES;IL18R1;PTPN6;IL27RA;IFNE;RAB44;SYK;HLX;CEACAM1;HAVCR2;MDK;GATA2;JUNB;NLRP3;PRKCZ;TAC1;PSMB9;TCIM;SHLD1;CORO1A;F2RL1;FGL2;STXBP2;CD40;PTGDS;NFKBIZ;LOXL3;ADA;ICOSLG;ST3GAL1;IL1RAP;IL1R1;JAK3;BCL3;FGR;ZC3H12A;FOXP3;NFKBID;CRACR2A;PSMA3"
"GOBP_DETOXIFICATION_OF_INORGANIC_COMPOUND",0.142167705610296,0.768578995517775,-0.586359771117123,-1.30420140100332,706,16,"MT1F;ABCC2;MT1M;MT1X"
"GOBP_GLYCEROLIPID_CATABOLIC_PROCESS",0.140750933752703,0.768578995517775,-0.4314929558899,-1.22627139885024,715,57,"LIPG;APOC2;LPL;APOA2;PLA2G4B;GDPD3;APOB;PLA2G4C"
"GOBP_LIPID_OXIDATION",0.142056074766355,0.768578995517775,0.373786724873966,1.17378032570388,683,103,"LEP;HAO2;ABCD2;SLC27A2;FMO4;FABP3;PDK4;ADH4;APOD;FMO1;SOX9;PPARGC1A;SIRT4;ETFDH;FMO2;ALOX12;TWIST1;MLYCD;ACAD11;DECR2;PRKAG2;AUH;CROT;ACADVL;APPL2;ALOXE3;ACOX2;GCDH;ADIPOR1;SAMD1;IVD;MCAT;ACADS;PPARA;ABCD4;CPT1A;CRAT"
"GOBP_POSITIVE_REGULATION_OF_NEUROGENESIS",0.140514349608647,0.768578995517775,-0.344245858634269,-1.14805791480902,753,199,"SOX10;DRD2;PTPRZ1;IL1B;ADCY10;NKX6-1;CX3CL1;HES1;IL1RAPL1;CXCR4;CDH4;SOX11"
"GOBP_POSITIVE_REGULATION_OF_PYROPTOTIC_INFLAMMATORY_RESPONSE",0.138849068195781,0.768578995517775,-0.72943328556049,-1.33733358111966,677,7,"GBP5"
"GOBP_PRESYNAPTIC_MODULATION_OF_CHEMICAL_SYNAPTIC_TRANSMISSION",0.141621404144035,0.768578995517775,-0.503911559854948,-1.27142973143414,703,30,"DRD2;NGFR"
"GOBP_REGULATION_OF_INFLAMMATORY_RESPONSE",0.140419217213875,0.768578995517775,-0.321152731393159,-1.12327495721815,756,335,"CD200;GPR17;TLR9;HLA-DRB1;IL1B;IL1R2;FPR2;GBP5;IL33;KLKB1;CDH5;IL18R1;CX3CL1;APOE;MEFV;PLA2G2A;TNFSF11;LPL;APOA1;CXCL17;IL1A;PTPN6;AHSG;ADORA2A;CD200R1;CEBPA;NR5A2;NLRC4;EDNRB;C1QTNF3;CCN4;WNT5A;CMKLR1;ZP3;ADAM8;SYK;SLAMF8;MDK;IL1RL2;NLRP3;SPHK1;TAC1;ADAMTS12;TNFAIP6;HGF;CD4"
"GOBP_REGULATION_OF_NEUROFIBRILLARY_TANGLE_ASSEMBLY",0.141455437448896,0.768578995517775,-0.749871334458845,-1.33383404811044,691,6,"APOE"
"GOBP_RESPONSE_TO_IRON_II_ION",0.137674053736027,0.768578995517775,0.77875521718146,1.32849771903591,701,5,"SNCA;MAP1LC3A"
"GOBP_SYNAPTIC_VESICLE_MEMBRANE_ORGANIZATION",0.140527481377089,0.768578995517775,0.517824630311792,1.27628933635446,697,25,"SNAP25;SYT1;AP3B2;SYT5;SYNGR2;RPH3AL;RAB3A;SYT2;SYNGR1"
"GOBP_ACTIVATION_OF_IMMUNE_RESPONSE",0.150496838301716,0.770865355953291,-0.307157721474395,-1.10510762412825,832,480,"HLA-DQB1;MOG;TLR9;HLA-DRB1;IL1B;INAVA;ZAP70;CFI;FPR2;C3AR1;GBP5;HLA-DPB1;TLR5;CD226;FPR1;CD79B;SUSD4;C5AR2;MEFV;CD79A;LAX1;CFD;C7;LAG3;ITK;C4BPA;CFP;FGL1;C4B;C2;PTPN6;SLC15A3;IGHG1;A2M;NLRC4;FCN3;IGLC3;CMKLR1;CD38;SYK;CD274;IRF5;C4A;LGR4;CEACAM1;HAVCR2;CLEC2D;PDE4D;NLRP3;AURKB;S100A14;IRF1;TRIL;LAPTM5;USP50;F2RL1;CD4;IGKC;PTPN22;PLPP4;SLC19A1;NFKBIZ;IKBKE;TLR2;FCMR;IGHA1;ADA;HMSD;ICOSLG;NOD1;THEMIS2;FGR;CASP1;S100A9;ZC3H12A;FOXP3;NFKBID;FCHO1"
"GOBP_CALCIUM_INDEPENDENT_CELL_CELL_ADHESION",0.150863800723182,0.770865355953291,-0.592247246804952,-1.29850057820853,750,15,"CLDN4;CX3CL1;CLDN1;CLDN7;CLDN14;CLDN5"
"GOBP_CENTRAL_NERVOUS_SYSTEM_NEURON_DIFFERENTIATION",0.150741505537826,0.770865355953291,-0.351965031870165,-1.15299141204875,802,169,"DRD2;ERBB4;NKX6-1;EOMES;DLX1;FGF8;HES1;SKOR2;WNT4;SLC4A10;EPHB1;PLXNA4;DRAXIN;WNT9B;CSF1R;CHRNB2;SFRP1;WNT5A;DLX2;EPHB2;GATA2;ID4;SMO;SALL1;HOXC10;OTP;ELAVL4;UQCRQ;PTCH1;ZSWIM6;GLI2;TSKU;LMO4"
"GOBP_GUANINE_METABOLIC_PROCESS",0.147283781133556,0.770865355953291,0.772242268095015,1.31738711866414,750,5,"GDA;XDH"
"GOBP_INFLAMMATORY_RESPONSE",0.145166959578207,0.770865355953291,-0.295652833070649,-1.09232029303824,825,704,"CD200;GPR17;TLR9;HLA-DRB1;IL1B;IL1R2;CXCR6;CRHBP;PTGDR;CHST1;FPR2;FOS;C3AR1;GBP5;IL33;KLKB1;TLR5;FPR1;CDH5;IL18R1;AFAP1L2;MEP1B;CX3CL1;WNK4;C5AR2;APOE;CXCL11;MEFV;PLA2G2A;TNFSF11;LPL;GPR141;FCGR2A;CCL11;SERPINF2;CXCL10;PLA2G4B;CXCR4;PLP1;CSF1R;APOA1;PTAFR;PF4V1;CXCL17;IL1A;C4B;SERPINA3;PTPN6;SCG2;CXCL5;AHSG;SERPINA1;IGHG1;CCL21;LXN;ADORA2A;CD200R1;CXCL1;CEBPA;NR5A2;NLRC4;EDNRB;C1QTNF3;CCL26;CXCL2;CARD9;CCN4;WNT5A;CMKLR1;MSMP;ZP3;ADAM8;RAB44;SYK;IRF5;C4A;EPHB2;SLAMF8;PLA2G4C;HAVCR2;MDK;IL1RL2;NLRP3;SPHK1;PRKCZ;TAC1;CXCL3;ADAMTS12;TNFAIP6;SMO;TRIL;USP50;F2RL1;BDKRB1;HGF;ADCY8;CNTF;CD4;IL15;PTPN22;CD40;IL17B;NFKBIZ;RHBDF2;LOXL3;IL31RA;MMP25;SMAD1;TLR2;ADA;CLOCK;CCL7;CAMK4;HMOX1;NOD1;THEMIS2;IL1RAP;BDKRB2;ZFP36;F7;IL1R1;NPFF;FGR;F3;CASP1;S100A9;ZC3H12A;FABP1;F12;HIF1A;TEK;FOXP3;NFKBID"
"GOBP_INNER_MITOCHONDRIAL_MEMBRANE_ORGANIZATION",0.143756145526057,0.770865355953291,-0.456688368100867,-1.24869505152975,730,45,"ADCK1;OMA1;ROMO1;TIMM13;TIMM8B;TMEM126A;GHITM;HSPA9;TIMM9;MICOS10;APOO;COX18;MICOS13;AFG3L2;OPA1;LETM1;MTX1;CHCHD6;NDUFA13;TIMM29;MAIP1;TIMM10B;AGK;TIMM8A;IMMT"
"GOBP_L_GLUTAMINE_IMPORT_ACROSS_PLASMA_MEMBRANE",0.150520089740975,0.770865355953291,-0.774696295221144,-1.32061902728509,737,5,"SLC38A3"
"GOBP_LOW_DENSITY_LIPOPROTEIN_RECEPTOR_PARTICLE_METABOLIC_PROCESS",0.147450337907024,0.770865355953291,-0.724206194274703,-1.3277502993495,719,7,"APOE"
"GOBP_NEGATIVE_REGULATION_OF_DENDRITIC_CELL_DIFFERENTIATION",0.149112426035503,0.770865355953291,0.806136861293784,1.30788132375493,755,4,"TMEM176B;TMEM176A;CLEC12A"
"GOBP_NEUROFIBRILLARY_TANGLE_ASSEMBLY",0.146103896103896,0.770865355953291,-0.700600313104369,-1.33119367956604,719,8,"APOE"
"GOBP_POSITIVE_REGULATION_OF_NEURON_MIGRATION",0.148538476834361,0.770865355953291,0.579237885898684,1.29445540462461,746,16,"RELN;NSMF"
"GOBP_POSITIVE_REGULATION_OF_RELEASE_OF_SEQUESTERED_CALCIUM_ION_INTO_CYTOSOL",0.146759720837488,0.770865355953291,-0.520020929356595,-1.27916994570365,735,26,"F2RL3;CX3CL1;APLNR;CXCL11;CXCL10;CASQ1"
"GOBP_PRIMARY_ALCOHOL_METABOLIC_PROCESS",0.144851657940663,0.770865355953291,-0.403689137111632,-1.21088683161802,746,81,"RPE65;LRAT;RBP4;ADH7;CYP2D6;SDR9C7;WNT4;AKR1B10;ACP3;GDPD3;RDH8;CACNA1H;EDNRB"
"GOBP_REGULATION_OF_CYTOKINESIS",0.145704334365325,0.770865355953291,-0.398587222936138,-1.20463551598187,752,85,"DRD2;FSD1;CENPV;AURKB;CIT;KIF20A;KIF14;AURKA;PLK1;BIRC5;PRC1;MAP10;RACGAP1;KIF23;MAP9;INCENP;E2F7"
"GOBP_REGULATION_OF_DENDRITIC_CELL_DIFFERENTIATION",0.148465524113192,0.770865355953291,0.636974316055296,1.30329818367248,744,11,"TMEM176B;TMEM176A;HLA-B;CLEC12A"
"GOBP_REGULATION_OF_RELEASE_OF_SEQUESTERED_CALCIUM_ION_INTO_CYTOSOL",0.14501273760533,0.770865355953291,-0.41671044043301,-1.2168949703987,739,68,"F2RL3;JPH1;CHD7;CX3CL1;APLNR;CXCL11;CXCL10;PTPN6;CASQ1;PLN;PDE4D;CORO1A;BDKRB1"
"GOBP_SEROTONERGIC_NEURON_AXON_GUIDANCE",0.149092392412808,0.770865355953291,-0.775779327536812,-1.32246526443901,730,5,"VANGL2;WNT5A;PCDHAC2;CELSR3"
"GOBP_POSITIVE_REGULATION_OF_HUMORAL_IMMUNE_RESPONSE",0.151582342269704,0.772046399212896,-0.657256784519514,-1.31776690303054,751,10,"IL1B;PGC;HPX;CFP;ZP3"
"GOBP_CYTOKINE_PRODUCTION_INVOLVED_IN_IMMUNE_RESPONSE",0.153594141453074,0.777294313296067,-0.398315317440946,-1.20126649313811,796,83,"TLR9;CD74;IL1B;INAVA;CD226;IL18R1;APOA2;APOA1;WNT5A;IRF5;CALHM6;NLRP3;PRKCZ;TRIL;LAPTM5;F2RL1;CAMK4;IL1R1;JAK3;TRIM6;FOXP3;SLC7A5"
"GOBP_NEGATIVE_REGULATION_OF_TYPE_I_INTERFERON_MEDIATED_SIGNALING_PATHWAY",0.153337342152736,0.777294313296067,0.538020400748935,1.27698543513154,764,21,"MMP12;OAS1;ISG15;OAS3"
"GOBP_IRON_ION_TRANSPORT",0.156489299037895,0.78023749517517,-0.449149219594754,-1.23315512534372,796,46,"TTYH1;HPX;FXN;MCOLN2;FLVCR2;MELTF;TF;FLVCR1;NECTIN1"
"GOBP_LEUKOCYTE_MIGRATION_INVOLVED_IN_INFLAMMATORY_RESPONSE",0.156300160513644,0.78023749517517,-0.637792244692873,-1.30271984668952,778,11,"CX3CL1;ADAM8;SLAMF8;MDK;S100A9"
"GOBP_POSTSYNAPTIC_MEMBRANE_ORGANIZATION",0.156338598622924,0.78023749517517,0.446798749995077,1.21673448134923,771,42,"RELN;LRRC4;CHRDL1;LHFPL4;FRRS1L;COLQ"
"GOBP_SPINAL_CORD_OLIGODENDROCYTE_CELL_DIFFERENTIATION",0.15663858804653,0.78023749517517,-0.880126199172507,-1.27443283243208,780,2,"SOX6"
"GOBP_SYNAPTIC_TRANSMISSION_GABAERGIC",0.155555555555556,0.78023749517517,-0.450695268367114,-1.23230848575847,790,45,"DRD2;GABRA2;GABRA5;SYN3;ADORA2A;NPAS4"
"GOBP_GALACTOLIPID_METABOLIC_PROCESS",0.157542579075426,0.78228039265039,-0.798629933578674,-1.30204638621196,776,4,"UGT8;B3GALT2"
"GOBP_ANTIFUNGAL_INNATE_IMMUNE_RESPONSE",0.159095417575878,0.782630874037859,0.648689528709645,1.29574899732642,801,10,"CX3CR1;PLCG2;CLEC4A"
"GOBP_NEURONAL_SIGNAL_TRANSDUCTION",0.158279220779221,0.782630874037859,-0.693196141162569,-1.31712519186059,779,8,"RTN4R"
"GOBP_PHOSPHOLIPID_CATABOLIC_PROCESS",0.158805031446541,0.782630874037859,-0.445935259406105,-1.22706655974804,807,47,"LIPG;APOC2;APOA2;PLA2G4B;GDPD3"
"GOBP_HYALURONAN_METABOLIC_PROCESS",0.16032991349829,0.786261866815144,-0.494997357607433,-1.24893812244472,796,30,"IL1B;PDGFB;HAS1;ITIH2;EGF;TNFAIP6"
"GOBP_POSITIVE_REGULATION_OF_T_CELL_MEDIATED_IMMUNE_RESPONSE_TO_TUMOR_CELL",0.161376203153799,0.788950326529684,-0.716704550813859,-1.31399688294752,787,7,"HLA-DRB1"
"GOBP_POSITIVE_REGULATION_OF_IRE1_MEDIATED_UNFOLDED_PROTEIN_RESPONSE",0.162199448167127,0.790535156605318,0.682834148208449,1.29373534159539,822,8,"AGR2;BCL2L11"
"GOBP_CELLULAR_RESPONSE_TO_TYPE_II_INTERFERON",0.165027954501639,0.792134181607866,-0.389769075403095,-1.18163181912729,855,87,"CD200;IL12RB1;GBP5;HLA-DPA1;CRIPTO;HPX;CIITA;AQP4;WNT5A;CLDN1"
"GOBP_GLUTAMINE_FAMILY_AMINO_ACID_METABOLIC_PROCESS",0.164252193429912,0.792134181607866,0.414250107728104,1.18813337155483,804,56,"GAD1;FTCD;RIMKLA;GGT1;NOS3;PRODH;ALDH5A1;HAL;MTTP;ATCAY;SIRT4;ATP2B4;DDAH1"
"GOBP_MITOCHONDRIAL_GENE_EXPRESSION",0.164633001689506,0.792134181607866,-0.349312061673788,-1.14430062865873,876,169,"MRPL23;TWNK;MRPL52;MTPAP;MTG1;UQCC2;YRDC;TRMT5;HSD17B10;MTRF1;SLIRP;AARS2;FASTKD1;MRPL15;GARS1;PUS1;MRPS11;YARS2;TBRG4;MRPL27;METTL8;FASTKD3;TRMT61B;TFAM;MRPS21;MRPS16;MRPL53;MRPS17;MRPL42;MRPL1;PNPT1;DARS2;MRPL47;TRNT1;MRPL22;TRMT10C;TFB2M;MTO1;GFM1;SHMT2;C1QBP;MRPL13;MRPS12;MRPS33;TSFM;MRPS35;POLRMT;ALKBH1;MRPL51;MRPS14;DAP3;MRPL14;MRPS15;GATB;MRPL32;MRPL3;MRPL9;MRPS18C;PTCD3;MRPL24;CHCHD1;MRPS31;MRPL36;MRPL40;TUFM;MRPS7;EARS2;MRPL57;MRPL28;MRPL17;MRPS18A;MRPS10;MRPS23;MTERF3;MRPL4;TACO1;MRPL21;SUPV3L1;MRPL30;MRPL55;MRPL12;MTRES1;MRPL39;MRPS24;GATC;MRPS26;GADD45GIP1;COA3;MRPL37;MTG2;TRUB2;MRPL43;MTIF2;MRPS5"
"GOBP_NEGATIVE_REGULATION_OF_LIPID_CATABOLIC_PROCESS",0.164383561643836,0.792134181607866,-0.526691799986814,-1.26252882300519,827,23,"IL1B;ALK;HCAR1;APOA2"
"GOBP_NEUROTRANSMITTER_UPTAKE",0.163455809334657,0.792134181607866,-0.467926714092421,-1.23030923165717,822,37,"DRD2;KCNJ10;GPM6B"
"GOBP_MITOCHONDRIAL_TRANSLATION",0.166314170351855,0.79589621098894,-0.364553111424975,-1.1579453429734,864,130,"MRPL23;MRPL52;MTG1;UQCC2;MTRF1;AARS2;MRPL15;GARS1;MRPS11;YARS2;MRPL27;METTL8;FASTKD3;MRPS21;MRPS16;MRPL53;MRPS17;MRPL42;MRPL1;DARS2;MRPL47;MRPL22;TRMT10C;GFM1;SHMT2;C1QBP;MRPL13;MRPS12;MRPS33;TSFM;MRPS35;ALKBH1;MRPL51;MRPS14;DAP3;MRPL14;MRPS15;GATB;MRPL32;MRPL3;MRPL9;MRPS18C;PTCD3;MRPL24;CHCHD1;MRPS31;MRPL36;MRPL40;TUFM;MRPS7;EARS2;MRPL57;MRPL28;MRPL17;MRPS18A;MRPS10;MRPS23;MRPL4;TACO1;MRPL21;MRPL30;MRPL55;MRPL12;MRPL39;MRPS24;GATC;MRPS26;GADD45GIP1;COA3;MRPL37;MTG2;TRUB2;MRPL43;MTIF2;MRPS5"
"GOBP_L_TYROSINE_CATABOLIC_PROCESS",0.167448500917805,0.797119739509066,-0.765798577440392,-1.30545115379304,820,5,"HGD"
"GOBP_SYNAPTIC_VESICLE_CLUSTERING",0.167576308874065,0.797119739509066,-0.565070706130469,-1.27122828566224,828,17,"PCDH17;SYN3;SYN2;SYNDIG1;CDH2;BSN;BRSK1"
"GOBP_BILE_ACID_METABOLIC_PROCESS",0.174326786798947,0.807051369045669,0.447037156551296,1.20072416561867,860,39,"MALRD1;LEP;SLC27A2;CYP39A1;CYP46A1;AKR1C1;ATP8B1;PROX1;CYP7B1;HSD3B7;OSBPL3"
"GOBP_CALCIUM_ION_REGULATED_EXOCYTOSIS_OF_NEUROTRANSMITTER",0.172393128246105,0.807051369045669,0.585018132568979,1.26570191984244,862,14,"CACNA1B;SNAP25;SYT1;RAB3A"
"GOBP_CENTRAL_NERVOUS_SYSTEM_NEURON_AXONOGENESIS",0.173248660448502,0.807051369045669,-0.46734846500782,-1.22243215763449,872,36,"EPHB1;PLXNA4;DRAXIN;CHRNB2;EPHB2;GLI2;TSKU;EPHB3;EPHA4;PRKCA;SZT2;FBXO45"
"GOBP_GEPHYRIN_CLUSTERING_INVOLVED_IN_POSTSYNAPTIC_DENSITY_ASSEMBLY",0.174544028240832,0.807051369045669,0.75776220096282,1.29268521525188,889,5,"NRXN3;ZDHHC12;NRXN2"
"GOBP_NEGATIVE_REGULATION_OF_FERROPTOSIS",0.172698029754725,0.807051369045669,-0.545304549388462,-1.2589662364713,858,19,"ADGRG1;HMOX1;CAMK2A;NQO1;SLC7A11;PSAT1;ALDH7A1"
"GOBP_POSITIVE_REGULATION_OF_SYNAPTIC_PLASTICITY",0.171063311688312,0.807051369045669,-0.685759411006725,-1.30299484108151,842,8,"EPHB2;ADCY8;CDC20"
"GOBP_POSITIVE_REGULATION_OF_TRANSMEMBRANE_RECEPTOR_PROTEIN_SERINE_THREONINE_KINASE_SIGNALING_PATHWAY",0.1738768718802,0.807051369045669,0.368293809460776,1.15185325967596,835,99,"SCUBE3;FGF9;BMP4;PSG9;GDF7;ITGA8;BMP6;ZNF423;KDR;TBX20;BMPER;SMAD5-AS1;TGFBR3;AMH;GDF5;NPNT;RBPJ"
"GOBP_REGULATION_OF_PROSTAGLANDIN_SECRETION",0.17475922953451,0.807051369045669,-0.624916802309144,-1.2764211664096,870,11,"IL1B;TNFSF11"
"GOBP_REGULATION_OF_PROTEIN_LOCALIZATION_TO_SYNAPSE",0.173402349193709,0.807051369045669,-0.49913619813509,-1.23920733511283,870,27,"NETO1;WNT5A;CACNA2D2;KIF2C"
"GOBP_REGULATION_OF_RESPONSE_TO_TYPE_II_INTERFERON",0.17475922953451,0.807051369045669,-0.624386519720071,-1.27533803995441,870,11,"HPX"
"GOBP_ALKANESULFONATE_METABOLIC_PROCESS",0.17740023706045,0.808376135914658,0.654232905435996,1.27709246078482,897,9,"FMO3;CDO1;FMO1;GHR"
"GOBP_AXONOGENESIS_INVOLVED_IN_INNERVATION",0.177597787435796,0.808376135914658,0.654078159427438,1.27679038952056,898,9,"NPTX1;SEMA3A;ECE1;EDN1;ITGA4;EDNRA"
"GOBP_CYTOKINESIS",0.1763714660176,0.808376135914658,-0.343222359924079,-1.1307746884237,941,178,"DRD2;CECR2;MYH14;NUSAP1;FSD1;CENPV;ANK3;AURKB;IQGAP2;RHOB;CENPA;CIT;SEPTIN4;KIF20A;KIF14;AURKA;PLK1;BIRC5;PRC1;KIF4A;MAP10;RACGAP1;RTKN;SEPTIN1;CEP55;KIF23;MAP9;IQGAP3;INCENP;E2F7"
"GOBP_GAMMA_AMINOBUTYRIC_ACID_METABOLIC_PROCESS",0.176792342254347,0.808376135914658,0.698184866668841,1.28683345124886,904,7,"GAD1;ALDH1A1;ALDH5A1;ABAT"
"GOBP_POSITIVE_REGULATION_OF_PEPTIDYL_TYROSINE_PHOSPHORYLATION",0.175850891410049,0.808376135914658,0.437647853430907,1.19641136543729,867,43,"FGF10;THBS4;CD80;TNFRSF18;DOK7;ANGPT4;IL12A;KIT;CSPG4;NEDD9"
"GOBP_NORADRENERGIC_NEURON_DIFFERENTIATION",0.179329498115453,0.81159407147108,0.63863323545216,1.27566168077743,903,10,"SLITRK1;GABRB3;EDN1;EDNRA;ZC4H2"
"GOBP_REGULATION_OF_LIPID_LOCALIZATION",0.179236231049703,0.81159407147108,-0.361971515868733,-1.14878936050206,933,129,"IL1B;LIPG;LRAT;ABCA12;APOC2;POMC;APOE;TNFSF11;LPL;APOA2;APOA1;ABCA8;APOB;GAL;SYK;EGF"
"GOBP_POSITIVE_REGULATION_OF_ATP_DEPENDENT_ACTIVITY",0.181998021760633,0.821324405894139,0.550064630583242,1.24982649965519,919,17,"FGF10;RGN;SETMAR;AHSA1;DNAJB2;TOR1AIP1;TOR1AIP2;GABARAPL2"
"GOBP_REGULATION_OF_CALCIUM_ION_IMPORT_INTO_SARCOPLASMIC_RETICULUM",0.185140802875974,0.831474713932371,-0.82372721837393,-1.27467687231316,926,3,"ATP2A1;PLN"
"GOBP_REGULATION_OF_CARDIAC_MUSCLE_CONTRACTION_BY_REGULATION_OF_THE_RELEASE_OF_SEQUESTERED_CALCIUM_ION",0.185297079556898,0.831474713932371,0.508438043554845,1.22909531343246,919,23,"HRC;CASQ2;ATP1A2;TMEM38A;RYR2;CLIC2;GSTM2;CAMK2D;FKBP1B"
"GOBP_PEPTIDYL_TYROSINE_MODIFICATION",0.186378545244067,0.833965016007351,-0.371288688936145,-1.15296839560285,965,107,"PDGFB;ALK;LTK;ZAP70;FLT4;CADM4;ERBB4;PTK6;HES1;CSF1R;PTPN6;CASS4;SFRP1;FGFR4;IL11;DMTN;SYK;EPHB2;EPHA3;CNTF;IL15;LIF;EFEMP1;IL31RA"
"GOBP_NEGATIVE_REGULATION_OF_SYNAPTIC_TRANSMISSION_GABAERGIC",0.188588588588589,0.839113270573945,0.82709260882945,1.26772257035089,941,3,"GABRB3;ADORA1"
"GOBP_REGULATION_OF_GLUCOSE_METABOLIC_PROCESS",0.188414759843331,0.839113270573945,0.371051744470027,1.14923877587224,913,92,"LEP;PHKA1;PDK4;NR0B1;GCK;PPARGC1A;PPP1R3G;GPLD1;IGF1;PDK2;SORBS1;ACTN3;TCF7L2;KAT2B;PRKN;MLYCD;PDK3;PPP1R3E;NR3C1;MST1;PDK1;FOXO1;C1QTNF1;IGFBP4;SIK1;PRKAG2;C1QTNF12;EPM2AIP1;PPP1R3B"
"GOBP_C21_STEROID_HORMONE_METABOLIC_PROCESS",0.196011964107677,0.840347721176737,-0.495000106031923,-1.21762264364933,982,26,"DHRS2;WNT4;AFP;CACNA1H;EDNRB;EGR1"
"GOBP_GALACTOSE_METABOLIC_PROCESS",0.196038803556993,0.840347721176737,-0.598399614662873,-1.24810023096477,969,12,"CHST1"
"GOBP_GLUTAMATE_RECEPTOR_SIGNALING_PATHWAY",0.195169840958178,0.840347721176737,-0.423867189069379,-1.18251940798651,993,51,"GRIK4;GRM6;GRID1;GRM4;CX3CL1;GRIK5;NECAB2;GRIA2"
"GOBP_HOMOCYSTEINE_METABOLIC_PROCESS",0.193748747745943,0.840347721176737,-0.585663048175565,-1.24484877754292,966,13,"ENSG00000274276;CTH;NOX4;BLMH;CPS1;CBS;BPHL"
"GOBP_INFLAMMATORY_RESPONSE_TO_ANTIGENIC_STIMULUS",0.193851576267868,0.840347721176737,-0.417448567377717,-1.17791314710445,989,54,"GPR17;HLA-DRB1;FCGR2A;IGHG1;ZP3;RAB44;SYK;RHBDF2;IL31RA;NPFF;FGR"
"GOBP_MONOTERPENOID_METABOLIC_PROCESS",0.193742478941035,0.840347721176737,-0.861772669854007,-1.24785671144342,965,2,"CYP2D6"
"GOBP_NEURON_PROJECTION_GUIDANCE",0.194558330227357,0.840347721176737,-0.33345877219689,-1.11208304495498,1043,199,"GFRA3;NGFR;WNT7B;EPHA6;SEMA6B;GAP43;VANGL2;ARTN;MYOT;LGI1;FGF8;EFNA2;PLEKHG4B;EPHB1;PLXNA4;DRAXIN;CSF1R;CDH4;EPHA5;KIAA1755;FLRT3;EGR2;WNT5A;ANOS1;EFNB3;EPHB2;SEMA3B;UNC5B;KIF5A;SMO;EPHA3;IGSF9;NECTIN1;LHX9;SEMA6A;PCDHAC2;TUBB2B;CELSR3;NRCAM"
"GOBP_NEUTRAL_LIPID_CATABOLIC_PROCESS",0.195752354237628,0.840347721176737,-0.464251247016155,-1.19923840501712,976,34,"LIPG;APOC2;LPL;APOA2;APOB"
"GOBP_PHOSPHATIDYLGLYCEROL_METABOLIC_PROCESS",0.19092175990444,0.840347721176737,-0.490634800816397,-1.21810088369657,958,27,"PLA2G2A;PLA2G1B;PLA2G4B"
"GOBP_PURINE_DEOXYRIBONUCLEOSIDE_MONOPHOSPHATE_METABOLIC_PROCESS",0.196293343961738,0.840347721176737,0.609431269810949,1.24694300381944,984,11,"GDA;XDH;GUK1;ADK;NT5C"
"GOBP_PURINE_DEOXYRIBONUCLEOTIDE_METABOLIC_PROCESS",0.189898588188507,0.840347721176737,0.555736245127055,1.24193496931644,954,16,"GDA;XDH;AK5;SAMHD1;GUK1;NUDT18;ADK;NT5C"
"GOBP_REGULATION_OF_NEUROTRANSMITTER_RECEPTOR_LOCALIZATION_TO_POSTSYNAPTIC_SPECIALIZATION_MEMBRANE",0.193691872219976,0.840347721176737,-0.539738912559509,-1.22900389124429,957,18,"NETO1;CACNA2D2;KIF2C"
"GOBP_TETRAHYDROFOLATE_METABOLIC_PROCESS",0.191726332537788,0.840347721176737,0.529370983101169,1.23065596338004,963,19,"ALDH1L1;FOLR1;DHFR2"
"GOBP_VITAMIN_D3_METABOLIC_PROCESS",0.191311441974301,0.840347721176737,-0.751790720173191,-1.28157206342863,937,5,"CYP24A1"
"GOBP_AMPA_SELECTIVE_GLUTAMATE_RECEPTOR_SIGNALING_PATHWAY",0.197293586977839,0.841564072189423,0.746180142421035,1.27292709612147,1005,5,"ADRB2;MEF2C;SHANK1"
"GOBP_POSITIVE_REGULATION_OF_EXCITATORY_POSTSYNAPTIC_POTENTIAL",0.198171337706221,0.841564072189423,0.464838938452126,1.19135791370569,996,30,"RELN;RGS4;RIMS1;GRIN2C;GRIA1;ADRB2;GRIN1"
"GOBP_POSITIVE_REGULATION_OF_NEUROTRANSMITTER_TRANSPORT",0.198133809807425,0.841564072189423,-0.510290603567585,-1.22321364245451,997,23,"DRD2;GPR158"
"GOBP_CHITIN_METABOLIC_PROCESS",0.199211045364892,0.843717368604246,0.781574979282983,1.26803197769396,1009,4,"CHI3L2;OVGP1;CTBS"
"GOBP_IMIDAZOLE_CONTAINING_COMPOUND_METABOLIC_PROCESS",0.201211174057433,0.847936481715178,0.685068256549495,1.26265805949467,1029,7,"FTCD;CARNS1;HAL;SLC22A3"
"GOBP_NEGATIVE_REGULATION_OF_CALCIUM_ION_IMPORT",0.201704545454545,0.847936481715178,-0.669011546664027,-1.27117262984035,993,8,"HES1;PLN"
"GOBP_REGULATION_OF_L_GLUTAMATE_IMPORT_ACROSS_PLASMA_MEMBRANE",0.201813165155696,0.847936481715178,0.660180792387909,1.25081504080542,1023,8,"TNF;ATP1A2;ARL6IP5;PER2"
"GOBP_GAMMA_AMINOBUTYRIC_ACID_RECEPTOR_CLUSTERING",0.203155818540434,0.849073394638647,0.77925346573074,1.26426554005339,1029,4,"LHFPL4;GLRB"
"GOBP_REGULATION_OF_ACUTE_INFLAMMATORY_RESPONSE",0.202767749699158,0.849073394638647,-0.478323399780162,-1.19965057099805,1010,29,"IL1B;KLKB1;TNFSF11;EDNRB;ZP3;ADAM8;NLRP3;TAC1"
"GOBP_ANTIVIRAL_INNATE_IMMUNE_RESPONSE",0.211063482343335,0.853040912128369,0.386430549772766,1.14746968783356,1033,68,"MX1;TNF;ZDHHC11;IFIT1;RIGI;OAS1;USP44;OAS2;ZDHHC11B;MARCHF2;OAS3;DUOX1;IRF3;IFIT2;OASL;STING1;ZDHHC1;IFIH1;SENP7;SERINC3;USP20;MAVS;APOBEC3F;IFIT3;TMEM120A;TRAF6;AKAP1;USP18"
"GOBP_DOPAMINE_METABOLIC_PROCESS",0.2118138424821,0.853040912128369,-0.455144083710456,-1.18319182504994,1064,35,"DRD2;CHRNB2;SNCAIP;GCH1;SULT1A1;TACR3;SULT1A3;NT5DC2"
"GOBP_HYPEROSMOTIC_SALINITY_RESPONSE",0.212150810705216,0.853040912128369,0.678131341367621,1.24987254246234,1085,7,"EFHD1;SLC25A23"
"GOBP_INTESTINAL_LIPID_ABSORPTION",0.211783439490446,0.853040912128369,0.553295177818071,1.21756581526887,1063,15,"LEP;CD36;SOAT2;CEL;AKR1C1"
"GOBP_MITOCHONDRIAL_RNA_PROCESSING",0.211391897312475,0.853040912128369,-0.474522080839109,-1.19011674003708,1053,29,"MTPAP;YRDC;TRMT5;HSD17B10;SLIRP;FASTKD1;PUS1;TBRG4;METTL8;FASTKD3;TRMT61B;PNPT1;TRNT1;TRMT10C;MTO1"
"GOBP_NEURON_FATE_SPECIFICATION",0.21213338690237,0.853040912128369,-0.558058349987129,-1.22354150912758,1055,15,"POU3F2;FOXA1;HOXC10;LMO4;HOXD10;ESRP1;SIX1;SMAD4"
"GOBP_POSITIVE_REGULATION_OF_MIRNA_METABOLIC_PROCESS",0.205249654627985,0.853040912128369,-0.408085606874799,-1.16177041281449,1039,58,"NGFR;PDGFB;FOS;HOTTIP;PRL;EGR1;GATA2;FOXA1"
"GOBP_POSITIVE_REGULATION_OF_PROSTAGLANDIN_BIOSYNTHETIC_PROCESS",0.212183156173344,0.853040912128369,-0.710776801380892,-1.26429462592145,1037,6,"CD74;IL1B"
"GOBP_REGULATION_OF_CALCIUM_MEDIATED_SIGNALING",0.210245901639344,0.853040912128369,0.380515305548127,1.14399835808805,1025,75,"PCP4;MYOZ2;HAP1;PLCG2;TNF;P2RX5;LRRK2;BST1;CD22;AKAP5;EFHB;IGF1;GRM5;RGN;PDK2;ACTN3;NEGR1"
"GOBP_REGULATION_OF_MAST_CELL_ACTIVATION_INVOLVED_IN_IMMUNE_RESPONSE",0.208434712084347,0.853040912128369,-0.773759789331822,-1.26149934423461,1027,4,"PTPN6"
"GOBP_REGULATION_OF_POTASSIUM_ION_EXPORT_ACROSS_PLASMA_MEMBRANE",0.204858299595142,0.853040912128369,-0.642969531239213,-1.25721778727498,1011,9,"WNK4;KCNH2;KCNIP2;KCNE3"
"GOBP_REGULATION_OF_SYNAPTIC_VESICLE_TRANSPORT",0.208080015689351,0.853040912128369,0.740297686169772,1.26289206901704,1060,5,"LRRK2;PRKN;MAP2;PINK1"
"GOBP_SYNAPTIC_VESICLE_COATING",0.211217885859973,0.853040912128369,0.737824031845141,1.25867220113628,1076,5,"AP3B2;AP3S2;AP3M2;AP3S1"
"GOBP_TETRAHYDROFOLATE_INTERCONVERSION",0.206506645506844,0.853040912128369,0.622435599818108,1.24330711175328,1040,10,"ALDH1L1;MTHFR"
"GOBP_TRNA_THREONYLCARBAMOYLADENOSINE_METABOLIC_PROCESS",0.208046906591185,0.853040912128369,-0.532608743668416,-1.21276825377501,1028,18,"YRDC;TRMT5;HSD17B10;GON7;PUS1;METTL8;TRMT10C;MTO1;TPRKB;LAGE3"
"GOBP_CMP_N_ACETYLNEURAMINATE_METABOLIC_PROCESS",0.213767405373603,0.857234354713384,0.736472394968602,1.25636641047468,1089,5,"CMAHP;CMAS"
"GOBP_MITOCHONDRIAL_DNA_METABOLIC_PROCESS",0.217051153460381,0.862910874897792,-0.514857732908166,-1.2012308234985,1081,20,"DNA2;STOX1;LIG3;TWNK;TOP3A;POLG2;POLG;SESN2;NEURL4;SSBP1;POLRMT;ENDOG;PRIMPOL;DNAJA3"
"GOBP_POSITIVE_REGULATION_OF_LIPID_CATABOLIC_PROCESS",0.217634151206862,0.862910874897792,-0.507490472487779,-1.19757940137151,1090,21,"IL1B;APOC2;APOA2"
"GOBP_REGULATION_OF_ATP_BIOSYNTHETIC_PROCESS",0.216134249898908,0.862910874897792,-0.528144600298684,-1.20260324724165,1068,18,"ADCY10"
"GOBP_REGULATION_OF_IRE1_MEDIATED_UNFOLDED_PROTEIN_RESPONSE",0.216345197852456,0.862910874897792,0.541819555772744,1.21083456275167,1087,16,"AGR2;BCL2L11"
"GOBP_REGULATION_OF_PHOSPHOLIPID_CATABOLIC_PROCESS",0.217906786590352,0.862910874897792,-0.707883098124203,-1.25914744966396,1065,6,"APOC2"
"GOBP_NEGATIVE_REGULATION_OF_INNATE_IMMUNE_RESPONSE",0.219119643203413,0.863396803070164,-0.378742246885806,-1.13605732027569,1129,81,"DRD2;SUSD4;PTPN6;A2M;SLAMF8;CEACAM1;HAVCR2;AURKB"
"GOBP_PROSTANOID_BIOSYNTHETIC_PROCESS",0.218867924528302,0.863396803070164,-0.486975177527376,-1.19015722993081,1101,25,"CD74;IL1B;FABP5;CTHRC1"
"GOBP_AIM2_INFLAMMASOME_COMPLEX_ASSEMBLY",0.22108912910463,0.86684450619241,-0.737260076497228,-1.25680178295156,1083,5,"GBP5"
"GOBP_PROTEIN_IMPORT_INTO_MITOCHONDRIAL_MATRIX",0.220567798292635,0.86684450619241,-0.49849359923099,-1.19493513498497,1110,23,"ROMO1;GRPEL2;TIMM50;TIMM44;DNAJC15;TIMM17B;DNLZ;TOMM40;HSPA4;TIMM23;TOMM7;GRPEL1"
"GOBP_LEUKOCYTE_CHEMOTAXIS_INVOLVED_IN_INFLAMMATORY_RESPONSE",0.223438767234388,0.869042507513955,-0.767145257441822,-1.25071534155483,1101,4,"SLAMF8;MDK"
"GOBP_MYELOID_DENDRITIC_CELL_ACTIVATION",0.223818073010174,0.869042507513955,-0.50487834997525,-1.1914152972465,1121,21,"CD37;DHRS2;DCSTAMP;HAVCR2;CAMK4;BATF3"
"GOBP_REGULATION_OF_POSTSYNAPTIC_MEMBRANE_ORGANIZATION",0.223844282238443,0.869042507513955,-0.767003782375328,-1.25048468766707,1103,4,"APOE"
"GOBP_REGULATION_OF_SYNAPTIC_TRANSMISSION_GLUTAMATERGIC",0.222375418554264,0.869042507513955,-0.401424566375431,-1.14681318358377,1128,59,"DRD2;GRM6;CACNG7;GRM4;ADORA2A;CACNG8"
"GOBP_AMINOGLYCAN_METABOLIC_PROCESS",0.228974710841012,0.873966125234126,-0.390794579250867,-1.13620260832922,1167,66,"HS3ST1;IL1B;PDGFB;HAS1;ITIH2;B3GNT4;EGF;TNFAIP6;XYLT1;LYG1"
"GOBP_CHRONIC_INFLAMMATORY_RESPONSE",0.22648637900179,0.873966125234126,0.538205728370935,1.20275853988519,1138,16,"CCL5;VNN1;TNF;TNFAIP3;IDO1"
"GOBP_NEGATIVE_REGULATION_OF_CHOLESTEROL_METABOLIC_PROCESS",0.226866883116883,0.873966125234126,-0.654161132297108,-1.24295571732345,1117,8,"APOE;CH25H"
"GOBP_NEURONAL_STEM_CELL_POPULATION_MAINTENANCE",0.228679848212503,0.873966125234126,-0.498897890572614,-1.18671958429692,1144,22,"SOX2;HES1;CDH2;IGF2BP1"
"GOBP_RESPONSE_TO_PROSTAGLANDIN_D",0.225878986099755,0.873966125234126,-0.703130536998052,-1.25069382895,1104,6,"PTGDR;PTGDR2"
"GOBP_SODIUM_ION_EXPORT_ACROSS_PLASMA_MEMBRANE",0.228611500701262,0.873966125234126,-0.566483907754191,-1.20408279515382,1140,13,"FXYD3;ATP1B2;FXYD6"
"GOBP_TYROSINE_PHOSPHORYLATION_OF_STAT_PROTEIN",0.22795142345212,0.873966125234126,-0.473961741102645,-1.17670661501149,1144,27,"ERBB4;PTK6;HES1;CSF1R;CNTF;IL15;IL31RA;JAK3"
"GOBP_GLUCAN_METABOLIC_PROCESS",0.229749326703957,0.874814743988144,0.371170248022137,1.12250928002398,1108,79,"MGAM;PHKA1;GCK;PPP1R3G;IGF1;SORBS1;PHKG1;PPP1R3C;GYS1;PYGM;PPP1R3E;STBD1;RUBCNL;PRKAG2;EPM2AIP1;PER2;PPP1R3B"
"GOBP_ZINC_ION_IMPORT_ACROSS_PLASMA_MEMBRANE",0.230397097359403,0.875177463350827,-0.610389462304354,-1.22380027156556,1142,10,"SLC30A8"
"GOBP_N_ACETYLNEURAMINATE_METABOLIC_PROCESS",0.23161691043879,0.87770618692594,-0.565337630796523,-1.20164634048262,1155,13,"ST6GAL1;ST3GAL1;NPL;NANS;RENBP;GNE"
"GOBP_MESENCHYMAL_TO_EPITHELIAL_TRANSITION_INVOLVED_IN_METANEPHROS_MORPHOGENESIS",0.233017536786938,0.878906832298137,-0.609549640993315,-1.22211647193927,1155,10,"SIX2;WNT9B;SMO;SALL1;LIF"
"GOBP_REGULATION_OF_CALCIUM_ION_TRANSMEMBRANE_TRANSPORT",0.23304347826087,0.878906832298137,-0.354562406868874,-1.11491718866083,1205,120,"F2RL3;JPH1;TLR9;GRM6;CHD7;CX3CL1;APLNR;CXCL11;PLA2G1B;CXCL10;PTPN6;CASQ1"
"GOBP_GLYCOSYLCERAMIDE_METABOLIC_PROCESS",0.235188150520416,0.880704563650921,-0.557862432499872,-1.20460946453018,1174,14,"UGT8;B3GALT2"
"GOBP_NEGATIVE_REGULATION_OF_CYTOKINE_PRODUCTION",0.235076010381906,0.880704563650921,-0.318021315876627,-1.08261726513494,1267,245,"CD200;HLA-DRB1;IL1B;IL1R2;LEF1;IL33;POMC;CX3CL1;C5AR2;MEFV;APOA2;LAG3;RNF128;APOA1;IL1A;PTPN6;CD200R1;CARD16;C1QTNF3;IL27RA;CMKLR1;CD274;EPHB2;LGR4;CEACAM1;HAVCR2;NLRP3;LAPTM5;F2RL1;HGF;PTPN22;KLF2;XAF1;HMOX1;KLF15;TSKU;IL1RAP;ZFP36;JAK3;BCL3;ZC3H12A;FOXP3;MC1R;ADCY7;IL20RA"
"GOBP_PHOSPHATIDYLSERINE_METABOLIC_PROCESS",0.235166139240506,0.880704563650921,0.518382194923896,1.19022548989846,1188,18,"MBOAT1;PLA2G15;OSBPL10;ABHD12B;ABHD12;SERINC1;SERINC2;OSBPL5;LPCAT4;PTDSS2"
"GOBP_NEUROTRANSMITTER_RECEPTOR_LOCALIZATION_TO_POSTSYNAPTIC_SPECIALIZATION_MEMBRANE",0.235828121847892,0.881018266526087,-0.455853336106957,-1.16251518020095,1168,32,"NETO1;CACNG7;ERBB4;LGI1"
"GOBP_DITERPENOID_METABOLIC_PROCESS",0.236687548942835,0.881253735607339,-0.388071608826897,-1.13064469290165,1208,67,"RPE65;LRAT;RBP4;ADH7;LPL;CYP2D6;SDR9C7;AKR1B10;RDH8"
"GOBP_REGULATION_OF_SYNAPTIC_TRANSMISSION_GABAERGIC",0.237264340152427,0.881253735607339,-0.464286542018265,-1.16444567732816,1182,29,"DRD2;SYN3;ADORA2A;NPAS4"
"GOBP_TYROSINE_METABOLIC_PROCESS",0.237560192616372,0.881253735607339,-0.590042810880137,-1.20518944299828,1183,11,"HGD;PAH"
"GOBP_NITROGEN_CYCLE_METABOLIC_PROCESS",0.23876404494382,0.881590319792567,-0.589390203532009,-1.20385646262485,1189,11,"CEBPA;AGMAT;CPS1;SLC25A15"
"GOBP_POSITIVE_REGULATION_OF_DENDRITIC_CELL_CYTOKINE_PRODUCTION",0.23824575266693,0.881590319792567,0.621317200144324,1.21283950328279,1205,9,"PLCG2;RIGI;KIT;MAVS"
"GOBP_REGULATION_OF_T_HELPER_1_TYPE_IMMUNE_RESPONSE",0.240954274353877,0.887608303666374,-0.485913808094864,-1.17509392441778,1211,24,"IL1B;IL12RB1;IL33;IL18R1;IL27RA;HLX;HAVCR2"
"GOBP_SYNAPSE_PRUNING",0.243232484076433,0.893921704819188,0.539499610123064,1.1872076767904,1221,15,"CX3CR1;NGEF;ADGRB3;PLXNC1;C3;C1QC"
"GOBP_AMIDE_METABOLIC_PROCESS",0.245564074479737,0.896943154196415,0.29169311567822,1.05861142123208,1120,404,"GSTM1;VNN2;ACOT12;FTCD;NDP;HAP1;DEGS2;CORIN;SNCA;CD36;SLC27A2;NTRK2;FOLR1;CPA3;VNN1;PDK4;TNF;ACSL6;GGT1;PCSK1N;GSTT2;ASAH2;GSTM5;RTN1;CARNS1;ST8SIA6;MGAT3;ALDOB;CEL;ACSM3;SPON1;XDH;HAL;PLPP3;CRYAB;HAGH;PLA2G15;ACER2;GLYAT;IGF1;PDK2;GSTO2;MGST2;ABCA7;ERO1B;CHAC2;ARL6IP5;GSTA1;SOD2;SIRT4;PCSK7;CTSH;ACOT4;PAM;PCSK4;MLYCD;PDK3;ITGB8;NAAA;GSTM2;PLPP1;DISP1;HACD1;SLC1A1"
"GOBP_REGULATION_OF_TRANS_SYNAPTIC_SIGNALING",0.245753364217957,0.896943154196415,0.290753550376028,1.05656994392582,1113,415,"CHRM2;RELN;CX3CR1;ADRA1A;CACNA1B;TACR1;PLG;HAP1;HCN1;NOG;MCTP1;BGLAP;GABRB3;RGS4;SNCA;RIMS1;NTRK2;LRRC4;PPFIA2;KCNB1;CHRNA1;CHRDL1;ADAM22;NRXN3;SNAP25;GNAO1;GRIN2C;INA;GRM1;CACNB4;NSG1;TNF;BAIAP3;SYT1;LAMP5;SLITRK4;NEFH;MCTP2;ADGRB1;FRRS1L;SYT12;COLQ;CYP46A1;APBA2;ATP1A2;SYT5;KCNQ3;PENK;EPHA7;FAAH;GRIA1;LRRK2;CHRNA5;ACHE;TSPOAP1;RIMS4;SHISA8;NTF3;DMPK;ADRB2;MEF2C;CACNG2;VGF;CCL2;GPER1;KIT;PLAT;AKAP5;CACNA1A"
"GOBP_RESPIRATORY_SYSTEM_PROCESS",0.245558626135018,0.896943154196415,-0.420064501720641,-1.13662148345929,1243,43,"DNAH9;FLT4;CFAP221;HOXA5;CCDC88C"
"GOBP_GLYCINE_IMPORT_ACROSS_PLASMA_MEMBRANE",0.24964964964965,0.9,0.79617296041207,1.2203306147856,1246,3,"RGS4;RGS2"
"GOBP_LACTATE_METABOLIC_PROCESS",0.249060336300692,0.9,0.517176560384869,1.17510004139725,1258,17,"LDHAL6A;HAGH;ACTN3;LDHA;GATD1;PER2;LDHD"
"GOBP_MITOCHONDRION_DISTRIBUTION",0.25,0.9,0.51223124832777,1.17610267955234,1263,18,"HAP1;LRRK2;ATCAY;SLC4A5"
"GOBP_MONOCARBOXYLIC_ACID_METABOLIC_PROCESS",0.247638326585695,0.9,0.28370345790034,1.0501022064029,1100,534,"GSTM1;MALRD1;LEP;GAD1;VNN2;ACOT12;FTCD;CCDC3;HAO2;ALDH1A1;GPD1;AVPR1A;SNCA;OGDHL;CD36;ABCD2;SLC27A2;HPGD;FMO4;VNN1;FABP3;PDK4;CYP2J2;TNXB;ACSL6;CYP39A1;GGT1;ANGPTL4;CYP4B1;ASAH2;CYP46A1;ADH4;LDHAL6A;ALDOB;SLC27A6;FAAH;PRKAA2;ALDH5A1;ACSM3;AKR1C1;ALDH1A2;GCK;HAL;FMO1;PTGIS;TBXAS1;SOX9;PPARGC1A;HAGH;ATP8B1;C3;PLA2G15;AKR1C2;IDO1;GLYAT;PROX1;UCP3;IGF1;PDK2;CYP2U1;PGAM2;ACTN3;MTTP;PRXL2C;PLA2G4A;SLC4A4;ALDH3A2;GSTA1;SIRT4;ABAT;KAT2B;ETFDH;FMO2;ALOX12;MGLL;SCD5;ACOT4;TWIST1;LDHA;CYP7B1;ENO4;MLYCD;PDK3;NAAA;GSTM2;CYP27C1;HSD3B7;HACD1;OSBPL3"
"GOBP_POSITIVE_REGULATION_OF_FATTY_ACID_METABOLIC_PROCESS",0.248430856448674,0.9,-0.454121896298381,-1.15059839450376,1226,31,"CD74;IL1B;APOC2;MLXIPL"
"GOBP_SYNAPTIC_VESICLE_CYTOSKELETAL_TRANSPORT",0.247812251392204,0.9,0.504598333466798,1.17306571008987,1245,19,"AP3B2;MAP2;AP3S2;BLOC1S3;AP3M1;KIF1B;SNAPIN;DTNBP1;BLOC1S6;AP3M2"
"GOBP_MITOCHONDRIAL_DEPOLARIZATION",0.252460333400281,0.906796299560194,0.45885041593012,1.14853798197407,1256,27,"MYOC;IFI6;KDR;KCNQ3;LRRK2"
"GOBP_ACETYLCHOLINE_METABOLIC_PROCESS",0.254454454454454,0.90726687296519,0.792957089552239,1.21540150282302,1270,3,"COLQ;ACHE;BCHE"
"GOBP_MODULATION_OF_EXCITATORY_POSTSYNAPTIC_POTENTIAL",0.254659643435981,0.90726687296519,0.411995156569141,1.12628380091496,1256,43,"RELN;RGS4;RIMS1;GRIN2C;GRIA1;LRRK2;DMPK;ADRB2;GRIN1;GRM5"
"GOBP_REGULATION_OF_DENDRITIC_CELL_ANTIGEN_PROCESSING_AND_PRESENTATION",0.253441295546559,0.90726687296519,-0.617354945394959,-1.20713281221401,1251,9,"CD74;CCL21;FGL2;NOD1"
"GOBP_REGULATION_OF_GLUTAMATE_SECRETION",0.254882423276206,0.90726687296519,0.580780152134022,1.18832062504006,1278,11,"AVPR1A;SNCA;NTSR1;ADORA1"
"GOBP_INTERMEMBRANE_LIPID_TRANSFER",0.26114262560778,0.927466186015074,0.409482832147649,1.11941578255734,1288,43,"TTPA;PITPNM3;OSBPL10;MTTP;CIDEB;ABCA3;PLEKHA8P1;GLTP;TNFAIP8L3;PRELID2;ATG2B;GLTPD2;VAT1;PITPNM1;ESYT1;CPTP;PITPNC1;TMEM63B;BLTP1;CERT1;OSBPL5"
"GOBP_MALATE_METABOLIC_PROCESS",0.26225587883619,0.929336268627572,0.577590958617463,1.18179529110941,1315,11,"LIPF;SUCLG1;FH"
"GOBP_ALDITOL_PHOSPHATE_METABOLIC_PROCESS",0.26313709996049,0.930377603431732,0.610618517213919,1.19195518640233,1331,9,"GPD1;GPAT2;ABHD6;GPD1L"
"GOBP_REGULATION_OF_AXON_DIAMETER",0.263787510137875,0.930600035764798,-0.866243820539129,-1.15952236108263,1300,1,"NEFL"
"GOBP_FORMATE_METABOLIC_PROCESS",0.265166340508806,0.931315927640685,0.679224152711444,1.20709548043574,1354,6,"FTCD;HAL"
"GOBP_REGULATION_OF_SYNAPTIC_PLASTICITY",0.264739016147202,0.931315927640685,-0.327196583082218,-1.0789835134439,1409,180,"DRD2;S100B;NETO1;UNC13C;GRID1;KCNJ10;SLC24A2;SHISA9;CX3CL1;APOE;SLC4A10;ADORA2A;RASGRF2;NPAS4;ITPKA;CD38;EPHB2;PRKCZ;BRSK1;SORCS2;ADCY8"
"GOBP_G_PROTEIN_COUPLED_GLUTAMATE_RECEPTOR_SIGNALING_PATHWAY",0.266276960290264,0.931862532853093,-0.590786966502619,-1.18449825020536,1320,10,"GRM6;GRM4"
"GOBP_PEPTIDOGLYCAN_METABOLIC_PROCESS",0.267031630170316,0.931862532853093,-0.864051860833877,-1.15658828382567,1316,1,"LYG1"
"GOBP_PHOSPHATIDYLCHOLINE_METABOLIC_PROCESS",0.267086862320268,0.931862532853093,-0.387653842237089,-1.10747217331143,1355,59,"PLA2G2A;APOA2;PLA2G1B;PLA2G4B;GDPD3;APOA1;FABP5;PLA2G4C;PCYT1B"
"GOBP_REGULATION_OF_METANEPHROS_DEVELOPMENT",0.267942583732057,0.932793522267207,0.828305071245554,1.19011135088926,1343,2,"RET;BASP1"
"GOBP_POSITIVE_REGULATION_OF_NEURON_DIFFERENTIATION",0.268598438142211,0.933026153546629,0.370722034060653,1.1033250540484,1306,70,"ADRA2B;PCP4;FOXG1;FEZF1;BMP4;GDF7;NKX2-5;BRINP1;DUOXA1;BMP6;CDON;MEF2C;GDF5;PROX1"
"GOBP_CELL_DIFFERENTIATION_INVOLVED_IN_METANEPHROS_DEVELOPMENT",0.278648974668275,0.93715415771359,-0.493507681624639,-1.13938075393177,1385,19,"PDGFB;WNT4;SIX2;WNT9B;SMO;SALL1;LIF"
"GOBP_CELLULAR_RESPONSE_TO_LIPID",0.275438279414423,0.93715415771359,-0.290222365097664,-1.0480866081837,1523,508,"SOX10;DRD2;CD200;WNT7B;TLR9;IL1B;LTK;CYP24A1;CRHBP;PTGDR;CCDC62;FOS;GBP5;IL18R1;CX3CL1;PTGDR2;PTK6;LPL;HES1;CXCL10;WNT9B;PTAFR;PF4V1;IL1A;PTPN6;CXCL5;SFRP1;CCL21;EDNRB;CARD16;NPAS4;WNT5A;CLDN1;SYK;CD274;PMEPA1;EPHB2;HAVCR2;SMYD3;TRIB1;NLRP3;FOXA1;ADTRP;SMO;EPHA3;ADCY8;CD4;COL1A1;PTPN22;CD40;NFKBIZ;CCNB1;TLR2;SNAI2;PTCH1;PCK2;CLOCK;MT-ND3;ESRRG;DDIT4;HMGA2;HEYL;ABCA1;ZFP36;KIF18A;ZNF703;CASP1;SLC6A4;ZC3H12A"
"GOBP_FOREBRAIN_NEURON_DEVELOPMENT",0.27173693766391,0.93715415771359,-0.442612125415992,-1.12874750271953,1346,32,"DRD2;FGF8;SLC4A10"
"GOBP_FOREBRAIN_NEURON_FATE_COMMITMENT",0.279289940828402,0.93715415771359,0.739115159117814,1.19914490842523,1415,4,"PAX6;BCL11B"
"GOBP_IMMUNOLOGICAL_SYNAPSE_FORMATION",0.274019215372298,0.93715415771359,-0.536615238044334,-1.1587297457236,1368,14,"EPHB1;CCL21;HAVCR2;CORO1A"
"GOBP_IRON_IMPORT_INTO_CELL",0.272171856523453,0.93715415771359,0.625751468644636,1.1855833399147,1380,8,"STEAP4;TFR2;SLC39A8;SLC11A2;CYBRD1;ISCU"
"GOBP_NEGATIVE_REGULATION_OF_ENDOPLASMIC_RETICULUM_CALCIUM_ION_CONCENTRATION",0.279844644317253,0.93715415771359,-0.674194483948029,-1.19922380869125,1368,6,"ATP2A1"
"GOBP_NEGATIVE_REGULATION_OF_MITOCHONDRIAL_FISSION",0.272798587958423,0.93715415771359,0.706267027392749,1.20483832945277,1390,5,"C11orf65;PRKN;PINK1"
"GOBP_NEGATIVE_REGULATION_OF_PROTEIN_TYROSINE_KINASE_ACTIVITY",0.275060630557801,0.93715415771359,-0.555425814174314,-1.15846847151683,1360,12,"PTK6"
"GOBP_OXALOACETATE_METABOLIC_PROCESS",0.273936706309212,0.93715415771359,-0.586450444992393,-1.17580374197805,1358,10,"PCK2;FAHD2B;NIT2;GOT1"
"GOBP_PHOSPHATIDYLSERINE_ACYL_CHAIN_REMODELING",0.278570033209611,0.93715415771359,0.647308005546385,1.19306165825757,1425,7,"MBOAT1;OSBPL10;OSBPL5;LPCAT4"
"GOBP_POSITIVE_REGULATION_OF_POTASSIUM_ION_IMPORT_ACROSS_PLASMA_MEMBRANE",0.279624719559453,0.93715415771359,-0.708224315729535,-1.20730473697619,1370,5,"ATP1B2"
"GOBP_PURINE_DEOXYRIBONUCLEOSIDE_METABOLIC_PROCESS",0.277505393214356,0.93715415771359,0.703947852442486,1.20088199174422,1414,5,"GDA;XDH"
"GOBP_REACTIVE_OXYGEN_SPECIES_METABOLIC_PROCESS",0.278625134264232,0.93715415771359,0.313917429129103,1.06546303465834,1296,194,"LEP;DUOX2;SNCA;NOXO1;AGT;CD36;ABCD2;DUOXA1;IFI6;PLCG2;TNF;GPX3;ADGRB1;MAOB;NOS3;NOXA1;LRRK2;AKR1C1;SLC5A3;BST1;CRYAB;SLC18A2;GRIN1;NOX5;ITGB2;HBA2;SOD2;TUSC2;NCF2;DUOX1;ALOX12;PRKN;PLA2R1;PDK3;CD177;SLC1A1;CAT;BNIP3;SOD3;FOXO1;TLR4;PINK1;SIRT3;RAC2;PID1;TGFBR2;UCP2"
"GOBP_REGULATION_OF_LONG_TERM_SYNAPTIC_DEPRESSION",0.279784474156855,0.93715415771359,0.54220052865176,1.15195498749332,1401,13,"KCNB1;PENK;GRM5;ADORA1"
"GOBP_REGULATION_OF_MITOCHONDRIAL_FISSION",0.272311667660505,0.93715415771359,0.439826907847931,1.12725338602266,1369,30,"KDR;LRRK2;C11orf65;MIEF2;PRKN;BNIP3;MFF;DCN;PINK1;RALBP1"
"GOBP_REGULATION_OF_TYPE_2_IMMUNE_RESPONSE",0.278410225684042,0.93715415771359,-0.477693226520074,-1.13628042513209,1393,22,"CD74;IL33;IL27RA;HLX;NLRP3;PRKCZ"
"GOBP_TYPE_II_INTERFERON_MEDIATED_SIGNALING_PATHWAY",0.280524121500893,0.937447697167543,-0.47211928861151,-1.13171347984468,1412,23,"HPX;CIITA;IRF1"
"GOBP_AXONEMAL_DYNEIN_COMPLEX_ASSEMBLY",0.282656095143707,0.941840076445648,0.431402222046604,1.11994210265107,1425,32,"DAW1;DNAI1;DNAH12;DNAAF8;TTC12;CCDC39;DNAH17;DNAAF3;ODAD1;DNAH7;CFAP57;ODAD2;DNAAF11"
"GOBP_IRON_ION_TRANSMEMBRANE_TRANSPORT",0.283273019702453,0.941840076445648,-0.491596060416221,-1.1349673182452,1408,19,"TTYH1;MCOLN2"
"GOBP_MINERALOCORTICOID_METABOLIC_PROCESS",0.284216891755694,0.941840076445648,-0.580940091005477,-1.16475575848215,1409,10,"WNT4;CACNA1H;EDNRB"
"GOBP_MYELOID_DENDRITIC_CELL_DIFFERENTIATION",0.283626901521217,0.941840076445648,-0.532612947018439,-1.1500874759296,1416,14,"DHRS2;DCSTAMP;CAMK4;BATF3"
"GOBP_MONOACYLGLYCEROL_METABOLIC_PROCESS",0.285372658429653,0.943695805746494,0.566575073870388,1.15925594812409,1431,11,"FAAH;PLA2G4A;MGLL;ABHD12B;ABHD12;ABHD6"
"GOBP_KYNURENINE_METABOLIC_PROCESS",0.287337662337662,0.948214285714286,-0.622386201543553,-1.18258094129694,1415,8,"TDO2;ALDH8A1"
"GOBP_HYPEROSMOTIC_RESPONSE",0.289913428628951,0.953584073482105,0.455511538025975,1.12270541905069,1439,25,"WNK3;EFHD1;SLC25A23;RCSD1;SLC2A1;AQP1;OXSR1"
"GOBP_PHOSPHOLIPID_HOMEOSTASIS",0.290277219766975,0.953584073482105,-0.520660772094981,-1.14154741497429,1444,15,"LIPG;APOA1;HNF4A;ABCA1;GPAM;TLCD1"
"GOBP_VESICLE_MEDIATED_TRANSPORT_IN_SYNAPSE",0.290770901194354,0.953584073482105,0.308216972707891,1.05623005825838,1338,215,"CACNA1B;CALY;PACSIN1;MX1;SNCA;RIMS1;SLC17A7;PCLO;PPFIA2;ABCA13;SNAP25;CACNB4;SYT1;MYLK;BRSK2;AP3B2;SYT12;EFNB2;SYT5;LRRK2;RIMS4;STON2;SLC18A2;RPH3AL;RAB3A;DRD4;MX2;SNCG;SLC17A5;CSPG5;CLTB;PRKN;UNC13A;SYT2;ATP8A1;AP3S2;VAMP2"
"GOBP_SYNAPSE_ASSEMBLY",0.292093023255814,0.955940803382664,-0.309179362928873,-1.05497737083648,1569,252,"DRD2;GABRA2;GRM6;GPM6A;RTN4R;GABRA5;ADD2;SLITRK6;ERBB4;GAP43;LRRTM4;SDK2;CCDC141;SLITRK5;IL1RAPL1;EPHB1;PCDH17;NLGN4X;PLXNA4;CHRNB2;SYNDIG1;FLRT1;ADGRL3;CDH2;FLRT3;BSN;NPAS4;WNT5A;RTN4RL1;EGFLAM"
"GOBP_ANTIMICROBIAL_HUMORAL_IMMUNE_RESPONSE_MEDIATED_BY_ANTIMICROBIAL_PEPTIDE",0.294621979734996,0.956313967008676,-0.377419894671306,-1.09051420812915,1511,63,"DMBT1;POMC;CX3CL1;CXCL11;CXCL14;PGC;CCL11;PLA2G1B;CXCL10;PF4V1;CXCL5;NTS;CCL21;CXCL1;CCL26;CXCL2;H2BC18;TAC1;CXCL3"
"GOBP_GLYCEROL_3_PHOSPHATE_METABOLIC_PROCESS",0.294588786872436,0.956313967008676,0.639349667301607,1.17839354332321,1507,7,"GPD1;GPAT2;GPD1L"
"GOBP_INORGANIC_ION_IMPORT_ACROSS_PLASMA_MEMBRANE",0.293719806763285,0.956313967008676,-0.355513991594105,-1.08017920706721,1519,89,"GRM6;FXYD3;KCNJ10;SLC5A2;SLC24A2;SLC30A8;ATP1B2;CACNA1E;KCNH2;FXYD6;CACNA1H"
"GOBP_REGULATION_OF_PERK_MEDIATED_UNFOLDED_PROTEIN_RESPONSE",0.294293100019885,0.956313967008676,0.510695681744405,1.14128029510163,1479,16,"AGR2;ABCA7"
"GOBP_REGULATION_OF_LIPID_CATABOLIC_PROCESS",0.296084989179618,0.959097388262813,-0.389932234549698,-1.09128474482121,1504,52,"IL1B;ALK;HCAR1;APOC2;APOA2"
"GOBP_ADENOSINE_METABOLIC_PROCESS",0.297319088893368,0.96002833613743,-0.57562566930205,-1.15410060939207,1474,10,"PTGDR;ACP3;ADA2;ADA;MAPDA"
"GOBP_TRIGLYCERIDE_METABOLIC_PROCESS",0.297584541062802,0.96002833613743,-0.354662812831427,-1.07759302024283,1539,89,"LIPG;AGMO;APOC2;APOE;LPL;APOA2;GPAT3;APOB;APOH"
"GOBP_CALCIUM_ION_EXPORT_ACROSS_PLASMA_MEMBRANE",0.300202429149798,0.96454492448941,-0.595369535114126,-1.16414407398822,1482,9,"ATP2B3"
"GOBP_REGULATION_OF_RECEPTOR_LOCALIZATION_TO_SYNAPSE",0.300019908421262,0.96454492448941,-0.447430622352494,-1.11083770571022,1506,27,"NETO1;CACNA2D2;KIF2C;ITGB3;EPB41L3;OGT"
"GOBP_SUPEROXIDE_METABOLIC_PROCESS",0.303153611393693,0.972055304549817,0.375246911510518,1.08050560532886,1489,57,"DUOX2;NOXO1;AGT;CD36;NOS3;NOXA1;BST1;NOX5;ITGB2;SOD2;NCF2;DUOX1;ALOX12;CD177;SLC1A1;SOD3"
"GOBP_INFLAMMATORY_RESPONSE_TO_WOUNDING",0.305168986083499,0.976540755467197,-0.459798493010367,-1.11193879777018,1534,24,"IL33;IL1A;PTPN6;MDK;NFKBIZ;HMOX1;HIF1A"
"GOBP_BRAIN_DERIVED_NEUROTROPHIC_FACTOR_RECEPTOR_SIGNALING_PATHWAY",0.307481930064466,0.977152433150102,0.632579819826275,1.16591595091609,1573,7,"NTRK2;RAPGEF2;BDNF;SLC2A4;VPS13A"
"GOBP_GLUTAMATE_SECRETION",0.311284826618561,0.977152433150102,0.465672914780206,1.10526948212707,1552,21,"AVPR1A;SNCA;NTRK2;NTSR1;GJA1;ADORA1"
"GOBP_HYDROGEN_SULFIDE_METABOLIC_PROCESS",0.311529026982829,0.977152433150102,-0.657987546504049,-1.17039570980949,1523,6,"ENSG00000274276;CTH;CBS"
"GOBP_POSITIVE_REGULATION_OF_DENDRITE_DEVELOPMENT",0.310832659660469,0.977152433150102,-0.540907117557938,-1.12818638550577,1537,12,"COBL;ALK"
"GOBP_POSITIVE_REGULATION_OF_HORMONE_METABOLIC_PROCESS",0.30884707766213,0.977152433150102,-0.52306740218972,-1.12947548814393,1542,14,"POMC;WNT4;NR5A2;EGR1"
"GOBP_REGULATION_OF_INFLAMMATORY_RESPONSE_TO_ANTIGENIC_STIMULUS",0.308755760368664,0.977152433150102,-0.424992658397393,-1.09782692254727,1540,34,"GPR17;HLA-DRB1;ZP3;SYK"
"GOBP_REGULATION_OF_MITOCHONDRIAL_DEPOLARIZATION",0.309079975947084,0.977152433150102,0.466540462009873,1.1073285958243,1541,21,"MYOC;IFI6;KDR;LRRK2"
"GOBP_REGULATION_OF_NEURON_MIGRATION",0.308846761453397,0.977152433150102,-0.404590551371901,-1.08893001218474,1563,42,"ERBB4;NKX6-1;ADGRG1;CX3CL1;MDK;GNRH1;COL3A1;SEMA6A;CAMK2A;GPR173"
"GOBP_REGULATION_OF_NEUROTRANSMITTER_RECEPTOR_ACTIVITY",0.311399068637376,0.977152433150102,-0.43258505422159,-1.09603098403925,1537,31,"CACNG7;CRHBP;CACNG8;CNIH2"
"GOBP_SPINAL_CORD_ASSOCIATION_NEURON_DIFFERENTIATION",0.30990990990991,0.977152433150102,0.765575019427743,1.17343175487801,1547,3,"GDF7;MDGA1"
"GOBP_ONE_CARBON_METABOLIC_PROCESS",0.312487472439367,0.978221652853669,0.465192879073272,1.10413012271757,1558,21,"ALDH1L1;DHFR2;SFXN1"
"GOBP_IRE1_MEDIATED_UNFOLDED_PROTEIN_RESPONSE",0.313192346424975,0.978494431434241,0.456668457391097,1.10394780226803,1554,23,"AGR2;BCL2L11"
"GOBP_ALKALOID_METABOLIC_PROCESS",0.318454763811049,0.981148504506073,-0.518886857672902,-1.12044831011855,1590,14,"CYP2D6;CD38;NNMT"
"GOBP_CALCIUM_ION_REGULATED_EXOCYTOSIS",0.318896833503575,0.981148504506073,0.376749590058956,1.07382189328282,1560,54,"CACNA1B;CDK5R2;RIMS1;KCNB1;SNAP25;BAIAP3;SYT1;SYT12;SYT5;RPH3AL;RAB3A;HYAL3;UNC13A;SYT2;VAMP2"
"GOBP_CELL_MORPHOGENESIS_INVOLVED_IN_NEURON_DIFFERENTIATION",0.315448325531149,0.981148504506073,-0.285681704010611,-1.03500522015076,1751,528,"GFRA3;DRD2;NGFR;COBL;S100B;PTPRZ1;WNT7B;POU3F2;RTN4R;EPHA6;ADCY10;SLITRK6;SEMA6B;DCDC2;GAP43;VANGL2;NKX6-1;ARTN;MYOT;APOE;LGI1;SLITRK5;KIAA0319;FGF8;HES1;SKOR2;EFNA2;PLEKHG4B;IL1RAPL1;EPHB1;PLXNA4;DRAXIN;CSF1R;CDH4;CHRNB2;UCHL1;EPHA5;KIAA1755;FLRT3;EGR2;POTEE;WNT5A;ITPKA;ANOS1;EFNB3;EPHB2;SEMA3B;IGF2BP1;ANK3;UNC5B;KIF5A;BRSK1;SMO;EPHA3;IGSF9;ARMCX5-GPRASP2;CELSR2;NECTIN1;LHX9;SEMA6A;PCDHAC2;TUBB2B;CELSR3;NRCAM;NEFL;BCL11A;ELAVL4;SLC1A3;NLGN3;TNIK;VLDLR"
"GOBP_DEOXYRIBONUCLEOTIDE_METABOLIC_PROCESS",0.318997146351406,0.981148504506073,0.393423433900255,1.07902599733792,1564,44,"GDA;DPYS;XDH;CMPK2;AK5;NEIL1"
"GOBP_MIRNA_METABOLIC_PROCESS",0.318023928984948,0.981148504506073,-0.344305843197437,-1.0608727716014,1647,100,"NGFR;PDGFB;FOS;LIN28A;HOTTIP;PRL;POU5F1;EGR1;GATA2;FOXA1"
"GOBP_POSITIVE_REGULATION_OF_DENDRITIC_CELL_ANTIGEN_PROCESSING_AND_PRESENTATION",0.315412919051513,0.981148504506073,-0.655750769863132,-1.16641704213069,1542,6,"CD74;CCL21"
"GOBP_POSITIVE_REGULATION_OF_SYNAPTIC_TRANSMISSION",0.317851959361393,0.981148504506073,0.323102576309396,1.05266571189521,1532,134,"RELN;ADRA1A;CACNA1B;TACR1;HAP1;NOG;BGLAP;SNCA;NTRK2;ADAM22;SNAP25;GRIN2C;NSG1;TNF;BAIAP3;SYT1;SLITRK4;SYT12;CYP46A1;GRIA1;CACNG2;CCL2;GPER1;AKAP5;GRIN1;GFAP;DRD1;TACR2;MPP2;ADORA1"
"GOBP_UNSATURATED_FATTY_ACID_METABOLIC_PROCESS",0.316202270381837,0.981148504506073,0.350930869860841,1.06551234101119,1531,81,"GSTM1;AVPR1A;ABCD2;HPGD;CYP2J2;FAAH;AKR1C1;PTGIS;TBXAS1;AKR1C2;CYP2U1;PLA2G4A;GSTA1;ALOX12;MGLL;SCD5"
"GOBP_NATURAL_KILLER_CELL_MEDIATED_IMMUNE_RESPONSE_TO_TUMOR_CELL",0.322064777327935,0.985779358813067,-0.58478260877468,-1.14344313644789,1590,9,"CD226;CRTAM;CEACAM1;HAVCR2"
"GOBP_REGULATION_OF_DENDRITIC_SPINE_DEVELOPMENT",0.322369765066394,0.985779358813067,0.375939660111722,1.07151340899428,1577,54,"RELN;NGEF;PPFIA2;SDK1;MEF2C;GRM5;C21orf91;CAMK2B;GRIN3A;FOXO6"
"GOBP_REGULATION_OF_NATURAL_KILLER_CELL_MEDIATED_IMMUNE_RESPONSE_TO_TUMOR_CELL",0.322064777327935,0.985779358813067,-0.58478260877468,-1.14344313644789,1590,9,"CD226;CRTAM;CEACAM1;HAVCR2"
"GOBP_REGULATION_OF_PROTEIN_TYROSINE_KINASE_ACTIVITY",0.323971915747242,0.988769777540714,-0.471128668014958,-1.0992051622818,1614,20,"PTK6;CSF1R;CASS4"
"GOBP_ANDROGEN_METABOLIC_PROCESS",0.340243173211082,0.991243041394434,0.460331375703334,1.08470287710601,1706,20,"SRD5A2;HSD17B6;ESR1;HSD17B2;SPP1;TIPARP;PLEKHA1"
"GOBP_ANTEROGRADE_DENDRITIC_TRANSPORT_OF_NEUROTRANSMITTER_RECEPTOR_COMPLEX",0.333854268411799,0.991243041394434,0.620875565848899,1.14434369081848,1708,7,"KIF5C;KIF17;KIF3B;KIF5B"
"GOBP_B_CELL_PROLIFERATION_INVOLVED_IN_IMMUNE_RESPONSE",0.347534516765286,0.991243041394434,0.707482109950299,1.14782325796353,1761,4,"CD19;TLR4"
"GOBP_CALCIUM_ION_IMPORT",0.347663918335296,0.991243041394434,-0.365901599493308,-1.05124922214964,1770,61,"GRM6;PDGFB;SLC24A2;ANKRD22;HES1;CACNA1E;ATP2A1;CACNA1H;EGF;NALF1;PLN"
"GOBP_CENTROSOME_SEPARATION",0.326661329063251,0.991243041394434,-0.51612837737795,-1.11449183899335,1631,14,"AURKA;KIF15;MAP9;NDE1;NEK2;KIF11"
"GOBP_DENDRITE_EXTENSION",0.338881090836174,0.991243041394434,0.435392161928168,1.08324032389545,1689,26,"OSTN;RIMS1;SYT1;NEDD4L;CDKL3;PRKN;UNC13A;SYT2"
"GOBP_DENDRITE_MORPHOGENESIS",0.335419274092616,0.991243041394434,0.320449053712528,1.04613880762452,1607,137,"RELN;NGEF;PAK3;ADGRB3;PREX2;GABRB3;ZDHHC15;PPFIA2;CTNND2;NEDD4L;LRRK2;SEMA3A;GRM5;CDKL3;MEF2A;ARHGAP33;KNDC1"
"GOBP_GLUTAMINE_METABOLIC_PROCESS",0.343105539830166,0.991243041394434,-0.476710633215034,-1.08548635198543,1696,18,"ARHGAP11B;GLS2;PFAS;FABP1;CAD;PHGDH;CPS1;NIT2"
"GOBP_IMMUNE_RESPONSE_REGULATING_CELL_SURFACE_RECEPTOR_SIGNALING_PATHWAY",0.333146172562231,0.991243041394434,-0.301071386060983,-1.03550106241731,1779,277,"HLA-DQB1;MOG;HLA-DRB1;ZAP70;FPR2;C3AR1;HLA-DPB1;TLR5;CD226;FPR1;CD79B;C5AR2;CD79A;FCGR2A;LAX1;LAG3;ITK;FGL1;PTPN6;IGHG1;CD200R1;FCN3;IGLC3;CMKLR1;CD38;SYK;CD274;CEACAM1;CLEC2D;PDE4D;S100A14;TRIL;LAPTM5;F2RL1;CD4;IGKC;PTPN22;PLPP4;CD40;NFKBIZ;LILRB3;TLR2;FCMR;IGHA1;ADA;ICOSLG;THEMIS2;FGR;ZC3H12A;FOXP3;NFKBID;FCHO1"
"GOBP_L_TRYPTOPHAN_METABOLIC_PROCESS",0.337712206952304,0.991243041394434,-0.529995725470364,-1.10542816399134,1670,12,"TDO2"
"GOBP_LIPID_DROPLET_DISASSEMBLY",0.327603047470209,0.991243041394434,0.624193733720675,1.15045944843241,1676,7,"PRKAA2;PNPLA2;PLIN2;KAT5"
"GOBP_LIPOPROTEIN_METABOLIC_PROCESS",0.340676328502415,0.991243041394434,-0.353258815959847,-1.05678439689722,1762,79,"LIPG;APOC2;APOE;ANGPTL8;APOA2;APOA1;APOL1;APOB"
"GOBP_LONG_CHAIN_FATTY_ACID_IMPORT_ACROSS_PLASMA_MEMBRANE",0.338028169014085,0.991243041394434,0.559362549961787,1.11731950521334,1703,10,"CD36;SLC2A1;SLC27A1;SLC27A5;IRS2;AKT1;AKT2;ACSL5"
"GOBP_LONG_TERM_SYNAPTIC_POTENTIATION",0.346502216226633,0.991243041394434,-0.349064063649964,-1.05273120379936,1797,83,"DRD2;S100B;SLC24A2;APOE;ADORA2A;RASGRF2"
"GOBP_MITOCHONDRIAL_DNA_REPAIR",0.333810302534751,0.991243041394434,-0.645618496639049,-1.14839425556719,1632,6,"DNA2;LIG3"
"GOBP_MITOCHONDRIAL_RESPIRATORY_CHAIN_COMPLEX_ASSEMBLY",0.338366240805265,0.991243041394434,-0.342549313069935,-1.05218012376054,1747,98,"FXN;DMAC1;COX7A1;NDUFAF4;FMC1;UQCC2;OMA1;NDUFAF5;NDUFAF2;TMEM126A;FASTKD3;NDUFS6;TFAM;NDUFAF1;COA7;PET100;COX16;NDUFA6;COX18;COA5;SCO2;NDUFS7;COA6;ATP5F1D;SDHAF1;IMMP2L;TMEM223;RAB5IF;PET117;NDUFS8;CHCHD4;NDUFS5;NDUFA13;MT-ND2;SDHAF3;COX7A2L;NDUFS2;TACO1;UQCRFS1;TIMMDC1;COX11;UQCC5;COX20;NDUFAF7;MT-ND1;AIFM1;TTC19;NDUFS1"
"GOBP_MODULATION_OF_INHIBITORY_POSTSYNAPTIC_POTENTIAL",0.328579800742333,0.991243041394434,0.623372879626324,1.14894652175978,1681,7,"RIMS1;NTSR1;ABAT"
"GOBP_NEGATIVE_REGULATION_OF_DENDRITIC_SPINE_MAINTENANCE",0.326330817866612,0.991243041394434,-0.684448437072923,-1.1667741730145,1599,5,"APOE"
"GOBP_NEGATIVE_REGULATION_OF_ESTABLISHMENT_OF_PROTEIN_LOCALIZATION_TO_MITOCHONDRION",0.347919515530377,0.991243041394434,0.613901515598605,1.13148972966692,1780,7,"LRRK2;C11orf65;BAG4"
"GOBP_NEGATIVE_REGULATION_OF_HUMORAL_IMMUNE_RESPONSE",0.342495987158908,0.991243041394434,-0.540790448687111,-1.10458923931269,1706,11,"SUSD4;C4BPA;PTPN6;A2M"
"GOBP_NEGATIVE_REGULATION_OF_PROTEIN_TARGETING_TO_MITOCHONDRION",0.348303588939008,0.991243041394434,0.669476012114926,1.14207562969905,1775,5,"LRRK2;C11orf65;BAG4"
"GOBP_NEGATIVE_REGULATION_OF_TYROSINE_PHOSPHORYLATION_OF_STAT_PROTEIN",0.341635614826437,0.991243041394434,0.673058942172688,1.14818783839337,1741,5,"IL7;PIBF1"
"GOBP_NMDA_GLUTAMATE_RECEPTOR_CLUSTERING",0.336536575799176,0.991243041394434,0.676137546946499,1.15343970615565,1715,5,"RELN;NLGN1"
"GOBP_OXIDATIVE_DEMETHYLATION",0.348562104833775,0.991243041394434,-0.67114433405945,-1.14409476730553,1708,5,"CYP2D6;JMJD6"
"GOBP_PERK_MEDIATED_UNFOLDED_PROTEIN_RESPONSE",0.340305711987128,0.991243041394434,0.442359140463745,1.0792133504942,1691,24,"AGR2;ABCA7"
"GOBP_POSITIVE_REGULATION_OF_CYTOKINE_PRODUCTION_INVOLVED_IN_IMMUNE_RESPONSE",0.346661414220997,0.991243041394434,-0.368769071474835,-1.05352105548458,1759,59,"CD74;IL1B;INAVA;CD226;IL18R1;WNT5A;IRF5;NLRP3;PRKCZ;LAPTM5;F2RL1"
"GOBP_POSITIVE_REGULATION_OF_INHIBITORY_POSTSYNAPTIC_POTENTIAL",0.328579800742333,0.991243041394434,0.623372879626324,1.14894652175978,1681,7,"RIMS1;NTSR1;ABAT"
"GOBP_POSITIVE_REGULATION_OF_PHOSPHOLIPID_BIOSYNTHETIC_PROCESS",0.339391544843935,0.991243041394434,0.576124555764909,1.12462140092149,1717,9,"FABP3;ADGRF5;RAB38;CAPN2"
"GOBP_POSITIVE_REGULATION_OF_STEROID_METABOLIC_PROCESS",0.346610339971837,0.991243041394434,-0.424783539160504,-1.07178017759297,1722,30,"POMC;APOE;WNT4;APOA1;NR5A2"
"GOBP_POSITIVE_REGULATION_OF_SYNAPTIC_VESICLE_FUSION_TO_PRESYNAPTIC_ACTIVE_ZONE_MEMBRANE",0.334049619066224,0.991243041394434,0.620723772408181,1.14406391838782,1709,7,"SYT1;SYT5;RPH3AL;SYT2;SYT11"
"GOBP_POSITIVE_REGULATION_OF_T_HELPER_17_TYPE_IMMUNE_RESPONSE",0.344381568310428,0.991243041394434,-0.526858362425568,-1.09888447070531,1703,12,"IL12RB1;CARD9;NFKBIZ;NFKBID"
"GOBP_POSITIVE_REGULATION_OF_VOLTAGE_GATED_CALCIUM_CHANNEL_ACTIVITY",0.345165718768386,0.991243041394434,0.671023517359908,1.14471555703796,1759,5,"STAC3;STAC2;CACNB3;STAC"
"GOBP_PROSTAGLANDIN_TRANSPORT",0.332127060715722,0.991243041394434,-0.4736565839293,-1.0935497375147,1651,19,"IL1B;TNFSF11;SLCO2B1;SLC22A1"
"GOBP_REGULATION_OF_MITOCHONDRIAL_TRANSLATION",0.346714599560615,0.991243041394434,-0.450813164241694,-1.07234129663375,1735,22,"MTG1;UQCC2;METTL8;FASTKD3;TRMT10C;SHMT2;C1QBP;ALKBH1;TACO1;COA3;MTG2;TRUB2"
"GOBP_REGULATION_OF_SODIUM_ION_IMPORT_ACROSS_PLASMA_MEMBRANE",0.347747747747748,0.991243041394434,0.74578635359257,1.14310076406927,1736,3,"NEDD4L;STK39"
"GOBP_S_ADENOSYLMETHIONINE_METABOLIC_PROCESS",0.340455553315864,0.991243041394434,-0.555515237465351,-1.11378020174588,1688,10,"BHMT;BHMT2;AHCYL2;METTL16;AHCY;MTRR;AHCYL1"
"GOBP_T_HELPER_17_TYPE_IMMUNE_RESPONSE",0.326321997247887,0.991243041394434,-0.374531167699508,-1.06439016595459,1659,57,"IL12RB1;IL27RA;CARD9;EPHB2;JUNB;PSMB9;IL17B;NFKBIZ;LOXL3;JAK3;ZC3H12A;FOXP3;NFKBID;PSMA3;PSMA2;NOTCH1;PSMB10;PSMA5;PSMA7;PSMA4;PSMA1;PSMB8;ENTPD7"
"GOBP_TYPE_2_IMMUNE_RESPONSE",0.335401240744447,0.991243041394434,-0.433861145596298,-1.08322612656885,1675,28,"CD74;IL33;IL27RA;HLX;NLRP3;PRKCZ"
"GOBP_4FE_4S_CLUSTER_ASSEMBLY",0.370385478278605,0.992438402614092,-0.659278218929863,-1.12386668887434,1815,5,"FXN"
"GOBP_ADENYLATE_CYCLASE_INHIBITING_G_PROTEIN_COUPLED_GLUTAMATE_RECEPTOR_SIGNALING_PATHWAY",0.383642667754436,0.992438402614092,-0.652618986176032,-1.11251474420121,1880,5,"GRM6;GRM4"
"GOBP_AMINOPHOSPHOLIPID_TRANSLOCATION",0.355733541707365,0.992438402614092,0.609121601241718,1.12267980842372,1820,7,"ATP8A2;ATP8B1;ATP8A1;ATP11C;ATP11A"
"GOBP_AMINOPHOSPHOLIPID_TRANSPORT",0.361912287633346,0.992438402614092,0.567332290871849,1.10745849897197,1831,9,"ATP8A2;ATP8B1;ATP8A1;ATP11C;ATP11A"
"GOBP_AMYLOID_BETA_METABOLIC_PROCESS",0.373856474893271,0.992438402614092,0.36751570711547,1.04085590691079,1838,52,"HAP1;CD36;NTRK2;TNF;RTN1;MGAT3;SPON1;IGF1;ABCA7"
"GOBP_ANTEROGRADE_NEURONAL_DENSE_CORE_VESICLE_TRANSPORT",0.38301627770151,0.992438402614092,0.65408344436093,1.11581706898558,1952,5,"MAP2;KIF1C;KIF5B;TRIM46"
"GOBP_ATP_SYNTHESIS_COUPLED_ELECTRON_TRANSPORT",0.382701652089407,0.992438402614092,-0.336182645354672,-1.02752014472169,1968,95,"MTCO2P12;COX7A1;CCNB1;UQCRQ;CDK1;MT-ND3;BID;NDUFA9;COX7B;NDUFA3;NDUFB3;NDUFA1;MT-CO3;GHITM;NDUFA7;NDUFB4;NDUFS6;NDUFA2;NDUFAF1;NDUFB1;UQCRH;CYCS;COX6C;DNAJC15;COX5A;NDUFA6;COX5B;NDUFA12;NDUFS7;NDUFB2;NDUFS8;COX7C;UQCRHL;COX8A;NDUFS5;UQCRB;CHCHD2;UQCR11;MT-ND2;NDUFB9;UQCRC1;NDUFB5;UQCR10;NDUFA4;COX7A2L;MT-CYB;NDUFV2;NDUFS2;UQCRFS1;SDHA;CYC1"
"GOBP_AXO_DENDRITIC_PROTEIN_TRANSPORT",0.378947368421053,0.992438402614092,-0.554760064501188,-1.08473914684026,1871,9,"NETO1"
"GOBP_AXONAL_TRANSPORT_OF_MITOCHONDRION",0.395268904164982,0.992438402614092,-0.457450875665475,-1.04163122792076,1954,18,"UCHL1;NEFL;HIF1A;SYBU"
"GOBP_CALCIUM_ION_HOMEOSTASIS",0.368607029942347,0.992438402614092,-0.300427345420438,-1.02662056184717,1981,256,"DRD2;F2RL3;JPH1;SLC24A2;CDH5;CHD7;CX3CL1;WNK4;APLNR;APOE;CXCL11;ATP13A4;TNFSF11;ALPL;CCL11;CXCL10;ATP2B3;ATP2A1;PTPN6;CASQ1;CCL21;ATP6V1B1;TRPM8;SNX10;WNT5A;DMTN;PLN;PDE4D;FAM20A;KCNH1;S100A14;CORO1A;BDKRB1;ADCY8"
"GOBP_CD4_POSITIVE_ALPHA_BETA_T_CELL_CYTOKINE_PRODUCTION",0.364365971107544,0.992438402614092,-0.531631329963405,-1.08588132017625,1815,11,"IL1B;IL18R1;NLRP3;PRKCZ"
"GOBP_CELL_SURFACE_RECEPTOR_PROTEIN_TYROSINE_KINASE_SIGNALING_PATHWAY",0.367954545454545,0.992438402614092,0.27321161419012,1.01591244684599,1618,575,"FGF10;FGF18;HHIP;ADRA2B;MYOC;NGEF;FGF9;PAK3;AGR2;LEP;TGFA;EPGN;EREG;HAP1;CDH3;NOG;DOCK3;ANGPT2;DNAI1;MUC20;SNCA;KL;AGT;ESM1;NTRK2;IFI6;IGFBP2;PDK4;PDGFRL;TSPAN32;TNXB;FGF17;GALNT3;SHC3;SH3TC2;DOK5;COL4A6;KDR;PTPN3;IGFBP1;MTSS1;SORT1;EFNB2;EPHB6;CLEC14A;ANKS1B;APOD;EPHA7;FGFR2;ANGPT4;NRG2;GATA3;NTF3;AR;VTN;HCK;ARHGEF28;IL12A;APLN;GPER1;SOX9;KIT;PLAT;PGF;NRG4;PTPRR;EFNA3;FGF5;ROS1;GPLD1;REPS2;PROX1;PDE6G;PIK3R1;SHC4;GAREM1;CSPG4;KANK1;RBPJ;NHERF1;VEGFD;IGF1;PDK2;FOXO4;NEDD9;FGF1;FOXC2;MMRN2;SORBS1;SPRY3;PRLR;COL4A5;ADAMTS3;LYN;EFNA5;FGF14;RNF115;FGFRL1;PLAU;RET;PIK3R3"
"GOBP_CELLULAR_DETOXIFICATION_OF_ALDEHYDE",0.381084289671547,0.992438402614092,0.511213354632675,1.06787581884502,1925,12,"ALDH1A1;ADH4;HAGH;GATD1"
"GOBP_CELLULAR_RESPONSE_TO_INTERFERON_ALPHA",0.381667325167918,0.992438402614092,0.558201486816152,1.08963475314148,1931,9,"GATA3;OAS1;GAS6;AXL;IFNAR1"
"GOBP_CENTRAL_NERVOUS_SYSTEM_NEURON_DEVELOPMENT",0.362232091137285,0.992438402614092,-0.345643583331747,-1.04364453574476,1875,84,"DRD2;FGF8;SLC4A10;EPHB1;PLXNA4;DRAXIN;CHRNB2;WNT5A;EPHB2;GATA2"
"GOBP_CEREBROSPINAL_FLUID_CIRCULATION",0.359340438367183,0.992438402614092,-0.482835162755418,-1.07393843632819,1786,16,"DNAH9;GMNC;CFAP221;AQP4"
"GOBP_COLLAGEN_METABOLIC_PROCESS",0.400696864111498,0.992438402614092,-0.331169506291389,-1.01722572143722,2069,98,"MMP15;MMP10;ID1;WNT4;SERPINF2;CIITA;KLK6;MMP28;IHH;COL5A1;COL1A1;ADAMTS14;MMP25;SERPINH1;KLF15;SMPD3;HIF1A;COL1A2;CYGB;P3H1;PLOD3;MMP24;ADAMTS2;SCX;P2RX7;CREB3L1;RUNX1;MMP17;NOTCH1;MMP16;GOT1;INHBA;TGFB3;P3H3"
"GOBP_COMMITMENT_OF_NEURONAL_CELL_TO_SPECIFIC_NEURON_TYPE_IN_FOREBRAIN",0.352552552552553,0.992438402614092,0.743968577847782,1.14031457626527,1760,3,"PAX6;BCL11B"
"GOBP_DENDRITE_SELF_AVOIDANCE",0.394167823844475,0.992438402614092,0.536615942594438,1.07188344931238,1986,10,"MYPN;EMB;PALLD;NPTN;NEXN"
"GOBP_DIOL_METABOLIC_PROCESS",0.386205525740409,0.992438402614092,0.407245384354372,1.04374864353294,1942,30,"DEGS2;ASAH2;NOS3;PLPP3;ACER2;NAAA;PLPP1;PCBD2;SPR;PCBD1;ASAH1;ASAH2B"
"GOBP_DUMP_METABOLIC_PROCESS",0.390027591643674,0.992438402614092,0.574541900538443,1.08855886001627,1978,8,"DPYS;DCTD;DPYD;NT5C;NT5M"
"GOBP_FRUCTOSE_1_6_BISPHOSPHATE_METABOLIC_PROCESS",0.369471624266145,0.992438402614092,0.628965627921755,1.11777763464828,1887,6,"ALDOB;PFKP;ALDOA;ALDOC;PFKL"
"GOBP_GLYCOLIPID_CATABOLIC_PROCESS",0.4,0.992438402614092,0.459894190765553,1.04494620213412,2021,17,"FUCA1;SMPD1;SUMF1;PRKCD;GALC;NAGA;GM2A"
"GOBP_ICOSANOID_METABOLIC_PROCESS",0.354812061131764,0.992438402614092,0.344801341600078,1.04501002172744,1717,80,"GSTM1;AVPR1A;HPGD;CYP2J2;GGT1;FAAH;AKR1C1;PTGIS;TBXAS1;ALOX5AP;AKR1C2;CYP2U1;MGST2;PLA2G4A;GSTA1;ALOX12;MGLL"
"GOBP_IMMUNE_RESPONSE_IN_GUT_ASSOCIATED_LYMPHOID_TISSUE",0.402544031311155,0.992438402614092,0.61286543804116,1.08916489117995,2056,6,"ITGB7;PRDM16;ITGA4"
"GOBP_IMMUNE_RESPONSE_INHIBITING_SIGNAL_TRANSDUCTION",0.380662875073544,0.992438402614092,0.655627719815471,1.11845148654537,1940,5,"PSG9;LYN;CLEC12B"
"GOBP_INDOLE_CONTAINING_COMPOUND_METABOLIC_PROCESS",0.355390185036203,0.992438402614092,0.437165793526035,1.06654326224182,1766,24,"PDE1B;DDC;MAOB;MAOA;IDO1;SULT1A4"
"GOBP_INOSITOL_TRISPHOSPHATE_METABOLIC_PROCESS",0.370665603826226,0.992438402614092,0.530562982757598,1.08557245452861,1859,11,"PLCG2;NTSR1;GPER1;P2RY6"
"GOBP_ISOPRENOID_METABOLIC_PROCESS",0.400778210116732,0.992438402614092,-0.33349210677779,-1.01654157645069,2059,93,"RPE65;LRAT;RBP4;ADH7;LPL;CYP2D6;SDR9C7;AKR1B10;RDH8"
"GOBP_MEDIUM_CHAIN_FATTY_ACID_METABOLIC_PROCESS",0.355497170573969,0.992438402614092,-0.521790675938041,-1.08831464325129,1758,12,"ABHD1;OLAH"
"GOBP_METANEPHROS_DEVELOPMENT",0.391169033262011,0.992438402614092,-0.345130605832038,-1.02525725610371,2010,76,"WNT7B;HOXC11;PDGFB;GDF6;FGF8;HES1;WNT4;SIX2;WNT9B;SLC22A1;EGR1;LGR4;SMO;SALL1;SIX4;LIF;HOXA11;PTCH1"
"GOBP_METHYLGLYOXAL_METABOLIC_PROCESS",0.382778864970646,0.992438402614092,0.623085092531218,1.10732693488425,1955,6,"HAGH;GATD1;TPI1"
"GOBP_MICROAUTOPHAGY",0.363363363363363,0.992438402614092,0.444333634448655,1.06534010240379,1814,22,"ATG9B;ZNF418;ATG4A;SNX7;ATG2B;ATG16L1;RB1CC1"
"GOBP_MITOCHONDRIAL_ADP_TRANSMEMBRANE_TRANSPORT",0.376576576576577,0.992438402614092,0.730650404039344,1.11990120374498,1880,3,"SLC25A4;SLC25A5;SLC25A6"
"GOBP_MITOCHONDRIAL_ATP_TRANSMEMBRANE_TRANSPORT",0.400245298446443,0.992438402614092,-0.611313924401561,-1.08737497885454,1957,6,"ADCY10"
"GOBP_MITOCHONDRIAL_DNA_REPLICATION",0.390719164323021,0.992438402614092,-0.480228860769488,-1.05290055250686,1944,15,"DNA2;LIG3;TWNK;POLG2;POLG;SSBP1;POLRMT;ENDOG;PRIMPOL;DNAJA3"
"GOBP_MITOCHONDRIAL_RNA_3_END_PROCESSING",0.400162337662338,0.992438402614092,-0.564509270023068,-1.07261038605788,1971,8,"MTPAP;HSD17B10;PNPT1;TRNT1;TRMT10C"
"GOBP_MITOCHONDRIAL_RNA_CATABOLIC_PROCESS",0.398785425101215,0.992438402614092,-0.546064576079222,-1.06773659511426,1969,9,"SLIRP;PNPT1;C1QBP;NSUN4;PDE12;GRSF1;SUPV3L1"
"GOBP_MITOCHONDRIAL_RNA_METABOLIC_PROCESS",0.400233826968044,0.992438402614092,-0.353336216642153,-1.02092700977101,2053,63,"TWNK;MTPAP;YRDC;TRMT5;HSD17B10;SLIRP;AARS2;FASTKD1;GARS1;PUS1;YARS2;TBRG4;METTL8;FASTKD3;TRMT61B;TFAM;PNPT1;DARS2;TRNT1;TRMT10C;TFB2M;MTO1;C1QBP;MYG1;POLRMT;NSUN4;PDE12;EARS2;MTERF3;GRSF1;SUPV3L1;MRPL12;MTRES1"
"GOBP_MITOCHONDRIAL_TRNA_MODIFICATION",0.358044480064115,0.992438402614092,-0.509993800940551,-1.08401095413655,1786,13,"YRDC;TRMT5;HSD17B10;PUS1;METTL8;TRMT10C;MTO1"
"GOBP_MOTOR_NEURON_APOPTOTIC_PROCESS",0.382957493514269,0.992438402614092,0.500408586695693,1.06316415563443,1918,13,"KCNB1;SLC1A1;CRLF1;MAP3K12;MAP2K4"
"GOBP_NEGATIVE_REGULATION_OF_AMIDE_METABOLIC_PROCESS",0.376283470907993,0.992438402614092,0.426276821413632,1.05065021951101,1868,25,"HAP1;NTRK2;RTN1;SPON1;IGF1;ABCA7;SIRT4;PRNP;SORL1;PIN1;ORMDL1;RTN3;RTN4"
"GOBP_NEGATIVE_REGULATION_OF_AMINE_METABOLIC_PROCESS",0.396055226824458,0.992438402614092,0.681875257074771,1.10627854484584,2007,4,"SNCA;ITGB2;ATP2B4"
"GOBP_NEGATIVE_REGULATION_OF_COLLAGEN_METABOLIC_PROCESS",0.403193209377526,0.992438402614092,-0.502857107793005,-1.04882432575147,1994,12,"CIITA;KLF15;CYGB;NOTCH1;GOT1"
"GOBP_NEGATIVE_REGULATION_OF_FATTY_ACID_METABOLIC_PROCESS",0.400717703349282,0.992438402614092,0.406215320326826,1.03408315438638,2009,29,"FMO4;ANGPTL4;FMO1;SOX9;SIRT4;FMO2;INSIG2;ACADVL;APPL2;APOC1;WDTC1;ERLIN2;ERLIN1"
"GOBP_NEGATIVE_REGULATION_OF_LIPID_STORAGE",0.378635014836795,0.992438402614092,0.467224706495232,1.06160219545872,1913,17,"LEP;TNF;PNPLA2;IL6;NFKBIA;PPARA;CLSTN3;NR1H3;NR1H2"
"GOBP_NEGATIVE_REGULATION_OF_NEURON_DIFFERENTIATION",0.354166666666667,0.992438402614092,-0.382943606264994,-1.05373433386475,1801,47,"SOX2;DLX1;GPR37L1;HES1;HEY1;DLX2;ID4;CNTF"
"GOBP_NEUROINFLAMMATORY_RESPONSE",0.402897415818324,0.992438402614092,-0.346481782842356,-1.01948679072801,2057,71,"CD200;TLR9;IL1B;FPR2;IL33;CX3CL1;ADORA2A;CD200R1;SPHK1;SMO;ADCY8;CNTF"
"GOBP_NEUROPEPTIDE_CATABOLIC_PROCESS",0.399686212982938,0.992438402614092,0.646218931938042,1.10240080340607,2037,5,"CTSH;ACE;ECE1;LNPEP;MME"
"GOBP_PHENOL_CONTAINING_COMPOUND_METABOLIC_PROCESS",0.38933831155362,0.992438402614092,0.334588451901796,1.02456252053017,1876,86,"SLITRK1;DUOX2;PDE1B;CDH3;FOXE1;DIO1;SNCA;KL;DDC;DUOXA1;MAOB;GATA3;MAOA;DIO2;DBH;DRD4;PAX8;AOC2;SULT1A4;DRD1;ITGB2;RAB38;CTSK;ABAT;DUOX1;PRKN"
"GOBP_PHOSPHATIDYLETHANOLAMINE_METABOLIC_PROCESS",0.382206263714343,0.992438402614092,-0.444107982409597,-1.04800897859457,1915,21,"PLA2G2A;ETNK2;PLB1;ETNK1;PLAAT4;ABHD4"
"GOBP_POSITIVE_REGULATION_OF_CALCIUM_ION_IMPORT",0.40234532955924,0.992438402614092,-0.455187073487003,-1.03647647323918,1989,18,"GRM6;PDGFB"
"GOBP_POSITIVE_REGULATION_OF_CALCIUM_ION_IMPORT_ACROSS_PLASMA_MEMBRANE",0.397091951669056,0.992438402614092,-0.591146322206098,-1.0838000454478,1938,7,"GRM6"
"GOBP_POSITIVE_REGULATION_OF_LIPID_BIOSYNTHETIC_PROCESS",0.365180467091295,0.992438402614092,-0.347932288124707,-1.03924184960784,1891,78,"CD74;IL1B;APOC2;POMC;APOE;WNT4;MLXIPL;NR5A2"
"GOBP_POSITIVE_REGULATION_OF_MITOCHONDRIAL_FISSION",0.375425937061535,0.992438402614092,0.444746751775149,1.05560146706027,1872,21,"KDR;MIEF2;PRKN;BNIP3;MFF;DCN;PINK1;RALBP1"
"GOBP_POSITIVE_REGULATION_OF_NEUROINFLAMMATORY_RESPONSE",0.374402866242038,0.992438402614092,0.484458828894548,1.06608648080635,1880,15,"CCL5;PLCG2;TNF;TAFA3;LRRK2;MMP8;CCR1"
"GOBP_POSITIVE_REGULATION_OF_OXIDATIVE_STRESS_INDUCED_INTRINSIC_APOPTOTIC_SIGNALING_PATHWAY",0.40137987012987,0.992438402614092,-0.564331582283029,-1.07227276588836,1977,8,"ADCY10"
"GOBP_POSITIVE_REGULATION_OF_REACTIVE_OXYGEN_SPECIES_METABOLIC_PROCESS",0.352078239608802,0.992438402614092,0.362217514419298,1.05184810949392,1727,60,"LEP;SNCA;AGT;CD36;DUOXA1;PLCG2;ADGRB1;AKR1C1;SLC5A3;GRIN1;NOX5;ITGB2"
"GOBP_POSITIVE_REGULATION_OF_RESPONSE_TO_CYTOKINE_STIMULUS",0.393157380254154,0.992438402614092,-0.354219451891027,-1.02558992404654,2010,64,"CD74;HPX;CXCR4;WNT5A;RBM47;LAPTM5;CD40;IKBKE;TLR2;IL1R1;CASP1;TRIM6;HIF1A;CPNE1"
"GOBP_POSITIVE_REGULATION_OF_TYPE_2_IMMUNE_RESPONSE",0.38950110198357,0.992438402614092,-0.497256577131324,-1.05693750714753,1943,13,"CD74;IL33;NLRP3;PRKCZ"
"GOBP_PRESYNAPSE_ORGANIZATION",0.36241610738255,0.992438402614092,0.381302287723777,1.05103232401666,1781,45,"SLITRK1;SNCA;PCLO;PPFIA2;LRRC4B;EFNB2;NLGN4Y"
"GOBP_PRESYNAPTIC_CYTOSKELETON_ORGANIZATION",0.354952139089666,0.992438402614092,0.60979964712953,1.12392952346564,1816,7,"PCLO;CAP2;PLS3"
"GOBP_PROTEIN_LOCALIZATION_TO_PRESYNAPSE",0.371699254182624,0.992438402614092,-0.540849328980424,-1.08437579047237,1843,10,"NETO1"
"GOBP_RECEPTOR_LOCALIZATION_TO_SYNAPSE",0.381216605014386,0.992438402614092,0.347205498636377,1.03333627449349,1854,70,"RELN;NPTX1;GRIP2;KIF5C;NSG1;LHFPL4;LRRC7;ANKS1B;KIF17;CACNG2"
"GOBP_REGULATION_OF_DENDRITE_EXTENSION",0.394460929772502,0.992438402614092,0.461829042644744,1.049342465804,1993,17,"OSTN;RIMS1;SYT1;NEDD4L;PRKN;UNC13A;SYT2"
"GOBP_REGULATION_OF_MITOCHONDRIAL_DNA_METABOLIC_PROCESS",0.35855598613094,0.992438402614092,-0.666707210265686,-1.13653083529164,1757,5,"STOX1;LIG3"
"GOBP_REGULATION_OF_MITOCHONDRIAL_ELECTRON_TRANSPORT_NADH_TO_UBIQUINONE",0.373189823874755,0.992438402614092,0.627860557991329,1.11581373964652,1906,6,"SNCA;PINK1;ISCU;NDUFA4L2"
"GOBP_REGULATION_OF_NEUROINFLAMMATORY_RESPONSE",0.387527839643653,0.992438402614092,-0.411069525447555,-1.04151757460867,1913,31,"CD200;IL1B;IL33;CX3CL1;CD200R1"
"GOBP_REGULATION_OF_PEPTIDYL_TYROSINE_PHOSPHORYLATION",0.391304347826087,0.992438402614092,0.346432759627644,1.02869995857989,1916,68,"FGF10;THBS4;CD80;TNFRSF18;DOK7;EPHA7;ANGPT4;IL12A;KIT;IL7;CSPG4;NEDD9;ITGB2"
"GOBP_REGULATION_OF_POLYSACCHARIDE_METABOLIC_PROCESS",0.395426769170116,0.992438402614092,-0.385340699082884,-1.03316619427473,2005,41,"PDGFB;ADCY10;POMC"
"GOBP_REGULATION_OF_SHORT_TERM_NEURONAL_SYNAPTIC_PLASTICITY",0.394098625707356,0.992438402614092,-0.506181573524146,-1.05575826478686,1949,12,"SHISA9;SLC4A10"
"GOBP_REGULATION_OF_SYNAPTIC_TRANSMISSION_CHOLINERGIC",0.40349137075977,0.992438402614092,0.532590136438162,1.06384195325062,2033,10,"TACR1;COLQ;ACHE;TACR2"
"GOBP_REGULATION_OF_SYNAPTIC_VESICLE_CLUSTERING",0.3943172526574,0.992438402614092,-0.613763869627499,-1.09173282027105,1928,6,"PCDH17;CDH2;BRSK1"
"GOBP_REGULATION_OF_TRANSMEMBRANE_RECEPTOR_PROTEIN_SERINE_THREONINE_KINASE_SIGNALING_PATHWAY",0.373027879835747,0.992438402614092,0.294076185667952,1.02298745013793,1725,252,"FGF10;SCUBE3;FGF9;CDH3;BMP4;NOG;PSG9;GDF7;FOLR1;CHRDL1;ITGA8;CAV3;FSTL5;ADAMTSL2;BMP6;ZNF423;INHA;KDR;TMPRSS6;TBX20;ASPN;BMPER;ITGA3;FST;PRDM16;BAMBI;SMAD5-AS1;CCN3;GREM2;TGFBR3;AMH;GDF5;NPNT;IL17RD;RBPJ"
"GOBP_RESPIRATORY_BURST",0.400682868045792,0.992438402614092,0.413538987577446,1.03511998195973,1994,27,"NOXO1;CD24;NOXA1;HCK;CD55;NCF2;RAC2;DUSP10;INSR;GRN;SLC11A1;PRDX2"
"GOBP_RESPONSE_TO_LIPID",0.365666434054431,0.992438402614092,-0.274788124491478,-1.01853235437812,2095,742,"SOX10;DRD2;S100B;CD200;DHH;WNT7B;TLR9;GLDC;IL1B;LRAT;FOSB;CLDN4;LTK;CYP24A1;CRHBP;PTGDR;TDO2;CCDC62;RBP4;FOS;GATA4;GBP5;HOXB13;IL18R1;CX3CL1;MMP15;PTGDR2;PTK6;LPL;HES1;ALPL;CXCL10;WNT9B;PTAFR;PF4V1;IL1A;PTPN6;TIE1;CXCL5;SFRP1;FGFR4;CCL21;EDNRB;CARD16;NPAS4;CARD9;WNT5A;CLDN1;CD38;SYK;CD274;AQP3;PMEPA1;PLN;EPHB2;ACSBG1;HAVCR2;MDK;SMYD3;GATA2;TRIML2;TRIB1;IHH;JUNB;NLRP3;GNRH1;FOXA1;TAC1;S100A14;ADTRP;SMO;BDKRB1;EPHA3;ADCY8"
"GOBP_SARCOPLASMIC_RETICULUM_CALCIUM_ION_TRANSPORT",0.381727904667329,0.992438402614092,-0.396538422384815,-1.04260959478037,1921,37,"JPH1;CHD7;ATP2A1;CASQ1;PLN;PDE4D"
"GOBP_SHORT_TERM_SYNAPTIC_POTENTIATION",0.351833692880957,0.992438402614092,0.668129869848126,1.13977921242764,1793,5,"NOG;NCSTN"
"GOBP_SPHINGOLIPID_TRANSLOCATION",0.366934693077074,0.992438402614092,0.660989772372184,1.12759874416084,1870,5,"ABCB1;ABCB4"
"GOBP_SPINAL_CORD_MOTOR_NEURON_CELL_FATE_SPECIFICATION",0.386861313868613,0.992438402614092,-0.683081915283621,-1.11366266387781,1907,4,"HOXC10;LMO4;HOXD10"
"GOBP_SULFUR_COMPOUND_CATABOLIC_PROCESS",0.356643356643357,0.992438402614092,0.421394653828465,1.06479901113952,1784,28,"VNN1;CDO1;GGT1;FMO1;CHAC2;MLYCD"
"GOBP_SYMPATHETIC_NEURON_PROJECTION_EXTENSION",0.359975470155356,0.992438402614092,-0.632475938009894,-1.12501692218571,1760,6,"S100B"
"GOBP_TRANS_SYNAPTIC_SIGNALING_BY_TRANS_SYNAPTIC_COMPLEX",0.399077046548957,0.992438402614092,-0.519278586395484,-1.06065027614757,1988,11,"GRID1;IL1RAPL1;EFNB3"
"GOBP_TRANSMISSION_OF_NERVE_IMPULSE",0.393920972644377,0.992438402614092,0.355936875022814,1.02884783781977,1943,58,"HCN1;AVPR1A;NTRK2;CHRNA1;CACNB4;GRP;ATP1A2;KCNQ3;PENK;GRIA1;KCND2;KCNA1;CACNG2;GPER1;DRD1;GPR88"
"GOBP_TRANSSULFURATION",0.395268203140934,0.992438402614092,-0.647954166834517,-1.10456266127625,1937,5,"ENSG00000274276;CTH;CBS;MTHFD1"
"GOBP_VITAMIN_D_METABOLIC_PROCESS",0.386709367493995,0.992438402614092,-0.490848085233525,-1.05990332862028,1931,14,"CYP24A1;SNAI1;GC;SNAI2;CYP11A1;PIAS4"
"GOBP_XMP_METABOLIC_PROCESS",0.37601461038961,0.992438402614092,-0.576293602597047,-1.09500151085038,1852,8,"PFAS;GART;IMPDH1;PPAT;ATIC;PAICS"
"GOBP_CELLULAR_RESPONSE_TO_L_GLUTAMATE",0.409001956947162,0.992550709359715,0.610782902576955,1.08546387563647,2089,6,"GRIA1;AMIGO1;PRKN;BAIAP2;FYN"
"GOBP_DENDRITIC_TRANSPORT",0.408902077151335,0.992550709359715,0.456502836197508,1.03724055342812,2066,17,"KIF5C;KIF17;RABGEF1;FLOT2;RAB17"
"GOBP_GLUTAMATE_BIOSYNTHETIC_PROCESS",0.406689781766266,0.992550709359715,-0.64166582865869,-1.09384297783872,1993,5,"GLS2;GOT1"
"GOBP_GLYCEROL_METABOLIC_PROCESS",0.409633757961783,0.992550709359715,0.471447978219043,1.03745516854273,2057,15,"LEP;PLA2G4A"
"GOBP_NEUROMUSCULAR_JUNCTION_DEVELOPMENT",0.407905460472698,0.992550709359715,0.350198241261047,1.02047546822201,2001,61,"DOK7;CHRNA1;CACNB4;KY;CACNB2;COLQ;NEDD4L;LRRK2;CACNG2;COL4A5;PDZRN3;LARGE1;F2R;DAG1"
"GOBP_POSITIVE_REGULATION_OF_MITOCHONDRIAL_TRANSLATION",0.40980313378867,0.992550709359715,-0.473335111962489,-1.03778602582868,2039,15,"UQCC2;METTL8;FASTKD3;TRMT10C;C1QBP;TACO1;COA3;TRUB2"
"GOBP_POSITIVE_REGULATION_OF_MITOTIC_CYTOKINESIS",0.406628940986257,0.992550709359715,-0.500978296637322,-1.04490563232339,2011,12,"AURKB;BIRC5;INCENP;CDCA8;KIF20B"
"GOBP_REGULATION_OF_HUMORAL_IMMUNE_RESPONSE_MEDIATED_BY_CIRCULATING_IMMUNOGLOBULIN",0.407061688311688,0.992550709359715,-0.561189970346683,-1.06630346516855,2005,8,"SUSD4;HPX;C4BPA;PTPN6"
"GOBP_REGULATION_OF_INFLAMMASOME_MEDIATED_SIGNALING_PATHWAY",0.404476732770469,0.992550709359715,-0.372217990716879,-1.02193770571792,2059,46,"TLR9;GBP5;MEFV"
"GOBP_REGULATION_OF_SYNAPSE_PRUNING",0.408750492707923,0.992550709359715,0.565163087853434,1.07078924280448,2073,8,"NGEF;ADGRB3;PLXNC1"
"GOBP_POSITIVE_REGULATION_OF_INFLAMMATORY_RESPONSE",0.410473623411629,0.992656823639725,-0.320202772792501,-1.01408370381086,2131,127,"TLR9;IL1B;GBP5;IL33;CX3CL1;MEFV;PLA2G2A;TNFSF11;LPL;IL1A;CEBPA;NLRC4;CCN4;WNT5A;ZP3;ADAM8;MDK;NLRP3;TAC1;CD4;IL15;NFKBIZ;TLR2;CLOCK;CCL7;IL1RAP;IL1R1;CASP1;S100A9"
"GOBP_SYNAPTIC_TRANSMISSION_CHOLINERGIC",0.412688821752266,0.996492520816447,0.425342909006051,1.02822159491823,2048,23,"TACR1;CHRM3;CHRNA1;COLQ;CHRNA5;ACHE;LYNX1;TACR2;ANXA9"
"GOBP_DETECTION_OF_CALCIUM_ION",0.41448812612253,0.997795124282809,0.489383175891404,1.03973965437703,2076,13,"KCNMB1;SYT1;CASQ2;RYR2;KCNMB2"
"GOBP_HORMONE_METABOLIC_PROCESS",0.414192343604108,0.997795124282809,-0.306436956513495,-1.01241507955489,2217,181,"RPE65;LRAT;CRHBP;RBP4;DHRS2;SLC30A8;POMC;ADH7;PCSK2;CYP2D6;SDR9C7;WNT4;AKR1B10;RDH8;KLK6;AFP;CACNA1H;PCSK1;NR5A2;EDNRB;CHST8;UGT2B4;EGR1;HID1;GAL"
"GOBP_ALANINE_METABOLIC_PROCESS",0.41566985645933,0.999121475920454,0.753644357282869,1.08283860050169,2084,2,"GPT;GPT2"
"GOBP_2_OXOGLUTARATE_METABOLIC_PROCESS",0.497922848664688,1,0.426623025285534,0.969349295917391,2516,17,"OGDHL;IDH2;KYAT3"
"GOBP_2FE_2S_CLUSTER_ASSEMBLY",0.635032102728732,1,-0.427815715385039,-0.873833176548179,3164,11,"FXN"
"GOBP_5_PHOSPHORIBOSE_1_DIPHOSPHATE_METABOLIC_PROCESS",0.469180859691809,1,-0.640302949400956,-1.04391797288706,2313,4,"PRPSAP1;PRPS1;PRPS2"
"GOBP_ACETYL_COA_METABOLIC_PROCESS",0.863258267397038,1,0.286518333942463,0.775680687043409,4254,41,"ACOT12;PDK4;PDK2;SIRT4;MLYCD;PDK3;PDK1;ACSS2"
"GOBP_ACROSOMAL_VESICLE_EXOCYTOSIS",0.448336594911937,1,0.590154691088037,1.04880407671981,2290,6,"RIMS1;RAB3A;HYAL3"
"GOBP_ACROSOME_ASSEMBLY",0.599154419166499,1,0.369424274301505,0.910524981396887,2975,25,"GARIN1B;SOX30;CHN2;AGFG2;MFSD14A;SLC9A8;RFX2;VPS13B"
"GOBP_ACROSOME_REACTION",0.56296445069291,1,0.371727368058907,0.930462273395716,2802,27,"GARIN1B;SPINK13;RIMS1;TRIM36;RAB3A;HYAL3;CCDC87;PLCD4;PCSK4"
"GOBP_ACTIN_CROSSLINK_FORMATION",0.981400870597547,1,0.245457705948814,0.512737678616109,4959,12,"BAIAP2L2;BAIAP2L1;BAIAP2;DIAPH3;DPYSL3"
"GOBP_ACTIVATION_OF_INNATE_IMMUNE_RESPONSE",1,1,0.176806577650178,0.620848842590257,4657,276,"PAK3;KLRD1;LRRC19;CD36;RSAD2;CD14;PLCG2;TNF;ESR1;NLRP10;RNF39;SLC15A2;HCK;COLEC10;MAP2K6;RIGI;OAS1;TNFAIP3;FBXL2;PIK3AP1;KCNK6;PIK3R1;BIRC3"
"GOBP_ACTIVATION_OF_STORE_OPERATED_CALCIUM_CHANNEL_ACTIVITY",0.950642463797675,1,-0.308170241910711,-0.525335525186886,4660,5,"CRACR2A;STIM2"
"GOBP_ACUTE_INFLAMMATORY_RESPONSE_TO_ANTIGENIC_STIMULUS",0.507606084867894,1,-0.444657858868666,-0.960163355812717,2535,14,"FCGR2A;IGHG1;ZP3;IL31RA;NPFF"
"GOBP_ACYL_COA_METABOLIC_PROCESS",0.948332647179909,1,0.247208320347266,0.772444870001467,4606,97,"ACOT12;SNCA;SLC27A2;PDK4;ACSL6;ACSM3;GLYAT;PDK2;SIRT4;ACOT4;MLYCD;PDK3;HACD1;PDK1;ACSS2;HACD2;FITM2;BCKDHB"
"GOBP_ALCOHOL_METABOLIC_PROCESS",0.951534431137725,1,-0.242659937478042,-0.838872802295685,5084,294,"RPE65;LRAT;CYP24A1;RBP4;ADH7;APOE;CYP2D6;SDR9C7;WNT4;APOA2;IP6K3;AKR1B10;ACP3;PLEK;GDPD3;APOA1;PTAFR;APOL1;RDH8;PLPP2;CACNA1H;CEBPA;CH25H;APOB;EDNRB"
"GOBP_ALDEHYDE_METABOLIC_PROCESS",0.888018794048551,1,-0.268776416305893,-0.78307874567793,4535,67,"RPE65;RBP4;WNT4;ALPL;CACNA1H;EDNRB;ALDH8A1"
"GOBP_ALLANTOIN_METABOLIC_PROCESS",0.493491124260355,1,0.632390875414373,1.0259947844837,2501,4,"XDH;NT5C2"
"GOBP_ALPHA_AMINO_ACID_METABOLIC_PROCESS",0.98890560361038,1,-0.22758270308348,-0.746217430237738,5258,171,"GLDC;TDO2;HGD;PAH;BHMT;ARHGAP11B;GLS2;HNF4A;ALDH8A1;ENSG00000274276;CTH;AGMAT;AZIN2;HOGA1;PFAS;FABP1;NAT8L;PSPH;ASNS;CAD;SLC7A11;NOX4;QPRT;PLOD3;PHGDH;PSAT1;HSD17B10;NMNAT2;BLMH;GCSH;CPS1;NOXRED1;NOS1;PYCR1;ALDH7A1;DCT;SCLY;GCLM;NIT2;GOT1;CBS;MTHFS;BPHL"
"GOBP_ALPHA_LINOLENIC_ACID_METABOLIC_PROCESS",0.425922193106229,1,-0.516373600731149,-1.03530318236222,2112,10,"ELOVL2;FADS2;FADS1;ELOVL5"
"GOBP_AMINE_METABOLIC_PROCESS",0.527528309254198,1,-0.322472622361522,-0.955262276839267,2701,75,"DRD2;PAH;CHRNB2;OAZ3;SNCAIP;AGMAT;AZIN2;GCH1;SULT1A1;SLC29A4;TACR3;SULT1A3;NT5DC2"
"GOBP_AMINO_ACID_BETAINE_METABOLIC_PROCESS",0.852608168216741,1,-0.322269895812593,-0.733819531570092,4216,18,"BHMT;BBOX1;DMGDH;CPT1B;ALDH7A1;TMLHE;BHMT2"
"GOBP_AMINO_ACID_IMPORT_ACROSS_PLASMA_MEMBRANE",0.882592743579291,1,0.280691739786618,0.769841494862655,4329,44,"RGS4;SLC6A13;GRM1;TNF;NTSR1;ATP1A2;GFAP;ARL6IP5;SLC1A1;SLC16A2;RGS2"
"GOBP_AMINO_ACID_METABOLIC_PROCESS",0.999783502922711,1,0.199466221628057,0.693342008894759,4617,249,"GAD1;FTCD;NDP;RIMKLA;ALDH1A1;DIO1;DDC;CDO1;GGT1;CARNS1;NOS3;TTC36;PRODH;GPT;ALDH5A1;HAL;DDO;IDO1;GLYAT;MTTP;SLC39A8;ATCAY;HPD;SIRT4;ABAT;ATP2B4;DDAH1"
"GOBP_AMINO_ACID_NEUROTRANSMITTER_REUPTAKE",0.800587084148728,1,0.411835284386172,0.731900519853435,4090,6,"SLC6A13;ATP1A2;PER2"
"GOBP_AMINO_SUGAR_METABOLIC_PROCESS",0.498510427010924,1,-0.365781858041823,-0.961742048847167,2509,37,"CHST6;CHST1;ST6GAL1"
"GOBP_AMP_METABOLIC_PROCESS",0.826017237923432,1,0.320214667252802,0.760025949997641,4120,21,"XDH;ADSS1;NT5E;AK4;AMPD3;AK1;AK3"
"GOBP_AMPA_GLUTAMATE_RECEPTOR_CLUSTERING",0.710573298948621,1,0.412980868055419,0.82492397674778,3581,10,"CHRDL1;FRRS1L;ZDHHC2"
"GOBP_AMYLOID_PRECURSOR_PROTEIN_METABOLIC_PROCESS",0.60012259910094,1,0.311744845651873,0.93037675033756,2936,71,"HAP1;NTRK2;NSG1;TNF;RTN1;ACHE;SPON1;DHCR24;EFNA3;IGF1;ABCA7;LYN;ITM2A;TMCC2;ITM2B;FLOT2"
"GOBP_ANTERIOR_POSTERIOR_AXON_GUIDANCE",0.870381465947673,1,-0.4164835946373,-0.644487633697474,4357,3,"UNC5B;LHX9"
"GOBP_ANTEROGRADE_AXONAL_TRANSPORT",0.956735496558505,1,-0.250833456152003,-0.68583856592978,4864,45,"NETO1"
"GOBP_ANTEROGRADE_DENDRITIC_TRANSPORT",0.42805898764448,1,0.509405190059163,1.04228199194739,2147,11,"KIF5C;KIF17;FLOT2;RAB17"
"GOBP_ANTIBACTERIAL_INNATE_IMMUNE_RESPONSE",0.572666801048176,1,-0.458502457644918,-0.919274441699881,2840,10,"IL33;MPEG1;TLR2"
"GOBP_ANTIGEN_PROCESSING_AND_PRESENTATION_OF_LIPID_ANTIGEN_VIA_MHC_CLASS_IB",0.64769322947873,1,-0.575907000589357,-0.891187419669862,3242,3,"ABCC1;AP3B1"
"GOBP_APOPTOTIC_MITOCHONDRIAL_CHANGES",0.918219461697723,1,0.254836842838824,0.801821164560891,4434,104,"NPTX1;IFI6;SFN;LRRK2;SLC25A4;GPER1;IGF1;EYA2;HRK;BCL2L11;SOD2;BCL2L2;TMEM102;PRKN;MOAP1;BNIP3;HSPA1A;IFIT2"
"GOBP_ARACHIDONATE_METABOLIC_PROCESS",0.960804020100502,1,-0.252647290197754,-0.648935039720716,4779,33,"CYP2D6;PLA2G4B;CTHRC1;PLA2G4C;PTGDS;FABP1;PTGS2"
"GOBP_ARACHIDONATE_METABOLITE_PRODUCTION_INVOLVED_IN_INFLAMMATORY_RESPONSE",0.753353353353353,1,0.523193968507546,0.801923261637124,3762,3,"ALOX5AP;SERPINE1;FADS2"
"GOBP_ARGININE_METABOLIC_PROCESS",0.765776458951533,1,0.349686407716711,0.794538159034449,3870,17,"NOS3;SLC39A8;ATP2B4;DDAH1"
"GOBP_AROMATIC_AMINO_ACID_METABOLIC_PROCESS",0.549538708383474,1,-0.372185776699043,-0.933453976409197,2739,29,"TDO2;HGD;PAH"
"GOBP_ASPARTATE_METABOLIC_PROCESS",0.730528375733855,1,0.447760791292753,0.795746183830758,3732,6,"DDO;ADSS2"
"GOBP_ASYMMETRIC_NEUROBLAST_DIVISION",0.674559686888454,1,0.47760697536082,0.848787869337668,3446,6,"FGF13;DOCK7"
"GOBP_ATF6_MEDIATED_UNFOLDED_PROTEIN_RESPONSE",0.95536599880976,1,0.280528646243978,0.560352365815164,4815,10,"WFS1;ATF6B;MBTPS1;DDIT3;MBTPS2;ATF6;CREBZF"
"GOBP_ATP_BIOSYNTHETIC_PROCESS",0.439545629572584,1,-0.324605164920456,-0.999328690941593,2282,99,"ADCY10;MT-ND3;ATP5ME;NDUFA9;NDUFA3;NDUFB3;ATP5MJ;NDUFA1;ATP5MK;NDUFB11;NDUFA7;NDUFB4;MT-ATP8;ATP5F1E;NDUFS6;NDUFA2;NDUFB1;STOML2;ATP5MC3;MT-ATP6;VCP;NDUFA6;ATP5PO;NDUFA12;NDUFS7;ATP5F1D;ATP5MC1;TGFB1;NDUFB2;NDUFS8;ATP5F1C;NUDT2;NDUFS5;NDUFA13;MT-ND2;NDUFB9;NDUFB5;ATP5PB;NDUFV2;NDUFS2;ATP5MG;SDHA;ATP5MC2;COX11;SLC25A13;ATP5F1A;MT-ND1;ATP5MF;NDUFS1;NDUFC1;PARP1;MT-ND4L;NDUFB8;ATP5PD;NDUFB6;NDUFV1;ATP5F1B;STAT3;NDUFA11;ATPSCKMT;NDUFA10"
"GOBP_ATP_EXPORT",0.89125537579357,1,-0.343268424806735,-0.629343904260354,4351,7,"CALHM6;CALHM1;SLC17A9"
"GOBP_ATP_METABOLIC_PROCESS",1,1,0.142584129862685,0.490059201280903,4628,220,"GPD1;OGDHL;MYH7;ALDOB;ATP1A2;MYH6;PRKAA2;GCK;NT5E;AK5;IGF1;PGAM2;ACTN3;MTTP;PRXL2C;SLC4A4;PRKN;LDHA;ATP1B1;ENO4;HSPA1A;ENO3;AK4;ENO2;PINK1;PRKAG2;PID1;UCP2;VPS9D1;HK2;FKRP;PFKP;MAP2K1;ARL2;BAD;ABCC6;ENPP3;BCL2L13;HK1;AK1;INSR;HSPA1B"
"GOBP_ATP_TRANSPORT",0.612183353437877,1,-0.38665288353201,-0.892680844395998,3044,19,"ADCY10;CALHM6"
"GOBP_AUTOPHAGY_OF_MITOCHONDRION",1,1,0.169087635948074,0.541161485653671,4828,116,"ATG9B;SLC25A4;RETREG1;CTSK;PRKN;FZD5;ATP13A2;BNIP3;NOD2;PINK1;MAP1LC3C;ATG4A;MAP1LC3A;HK2;SNX7;SPATA18;PPTC7;DELE1;SKP1;BCL2L13;ATG2B;WIPI2;USP30;UBXN6;OPTN;GABARAPL1;ABI2;RB1CC1;GABARAPL2;MUL1;MFN2;MAP1LC3B;ATP5IF1;FKBP8;SPATA33;CAMKK2;WDR45B"
"GOBP_AUTOPHAGY_OF_PEROXISOME",0.689003778087095,1,0.375629397514895,0.839440091171956,3464,16,"ATG2B;WIPI2;USP30;RB1CC1;WDR45B;WDR45;PIK3R4;ATM;ACBD5;PEX5"
"GOBP_AXO_DENDRITIC_TRANSPORT",0.980312680949624,1,-0.234094864535292,-0.709002241568891,5078,86,"NETO1;KLC3;UCHL1"
"GOBP_AXON_CHOICE_POINT_RECOGNITION",0.540925962101973,1,0.523529032233827,0.964923050527782,2768,7,"FOXG1;ROBO2;ROBO1"
"GOBP_AXON_EXTENSION",0.530490158240062,1,-0.312054991345418,-0.96150167097463,2748,100,"RTN4R;ADCY10;NKX6-1;APOE;KIAA0319;PLXNA4;DRAXIN;CDH4;WNT5A"
"GOBP_AXONAL_FASCICULATION",0.635303578608766,1,-0.380399915978091,-0.87824437025148,3159,19,"EPHA5;EPHB2;EPHA3;NRCAM;CRTAC1;EPHB3;EPHA4;NRP1;CASP3;MEGF8"
"GOBP_AXONAL_TRANSPORT",0.998633346349082,1,-0.206374292542645,-0.604890501678291,5114,69,"NETO1;UCHL1"
"GOBP_AXONEMAL_CENTRAL_APPARATUS_ASSEMBLY",0.729961248215378,1,-0.465612973618947,-0.793726981921922,3578,5,"SPAG17;HYDIN;SPEF1"
"GOBP_AXONEME_ASSEMBLY",0.716821465428277,1,0.290992481964851,0.883524669112113,3472,81,"DAW1;DNAI1;CFAP91;AXDND1;DNAH12;FSIP2;DNAAF8;CFAP43;TTC12;RSPH4A;SPEF2;CCDC39;DNAH17;DNAAF3;ODAD1;DNAH7;CFAP57"
"GOBP_B_CELL_ACTIVATION_INVOLVED_IN_IMMUNE_RESPONSE",0.999385245901639,1,0.200758017176208,0.603567947659195,4876,75,"CDH17;POU2AF1;AICDA;PLCG2;CD19;GPR183;TNFSF13;ITM2A;SHLD3;TNFSF4;IL6;TLR4"
"GOBP_BRANCHED_CHAIN_AMINO_ACID_METABOLIC_PROCESS",0.991062562065541,1,-0.21846110747969,-0.533914413966261,4989,25,"BCAT1;HSD17B10;DBT;HIBCH;ALDH6A1;BCAT2;SLC25A44;ACADSB;MCCC2;ACAD8;ECHS1;HMGCL;MCRIP2;BCKDK;BCKDHA;DLD;PCCB;ACAT1;PPM1K;MCCC1;PCCA;IVD;HIBADH;BCKDHB;AUH"
"GOBP_BRANCHING_INVOLVED_IN_PROSTATE_GLAND_MORPHOGENESIS",0.696290418567745,1,0.418492972245456,0.835934334031652,3509,10,"BMP4;ESR1;FGFR2;IGF1"
"GOBP_BRANCHIOMOTOR_NEURON_AXON_GUIDANCE",0.822035553819105,1,0.389199386060386,0.717338362800089,4207,7,"SEMA3F;SEMA3A;PLXNA3"
"GOBP_CALCIUM_ACTIVATED_PHOSPHATIDYLCHOLINE_SCRAMBLING",0.445237609626759,1,-0.620465464620594,-1.05770287454045,2182,5,"ANO9;ANO3;ANO4"
"GOBP_CALCIUM_ACTIVATED_PHOSPHOLIPID_SCRAMBLING",0.770837599836166,1,-0.416905670355067,-0.764349480839258,3763,7,"ANO9;ANO3;ANO7;ANO4"
"GOBP_CALCIUM_IMPORT_INTO_THE_MITOCHONDRION",0.882680453370451,1,0.31503142807434,0.704018408714321,4438,16,"SLC25A23;UCP2;PSEN2;MCUB;SPG7"
"GOBP_CALCIUM_ION_IMPORT_ACROSS_PLASMA_MEMBRANE",0.56977901652399,1,-0.370625030762011,-0.920152171717262,2861,27,"GRM6;SLC24A2;CACNA1E;CACNA1H;NALF1"
"GOBP_CALCIUM_ION_TRANSMEMBRANE_TRANSPORT_VIA_HIGH_VOLTAGE_GATED_CALCIUM_CHANNEL",0.981507257904156,1,0.237656085910123,0.531103390053632,4935,16,"CACNB2;PDE4B;CACNA2D1;CAMK2D;UBR3"
"GOBP_CALCIUM_ION_TRANSPORT_INTO_CYTOSOL",0.464959301171332,1,-0.410229830947139,-0.983358741564375,2341,23,"JPH1;PLA2G1B"
"GOBP_CALCIUM_MEDIATED_SIGNALING",0.516856345286665,1,0.289837970249187,0.975823349010064,2406,182,"CX3CR1;PCP4;MYOZ2;HAP1;HRC;MCTP1;CHRM3;AVPR1A;GNA15;PLCG2;PPP1R9A;TNF;ACKR4;MCTP2;CASQ2;ATP1A2;P2RX5;GRIA1;LRRK2;TMEM38A;DMPK;BST1;CD22;CCR7;CCR1;AKAP5;EFHB;GRIN1;RCAN2;IGF1;GRM5;RGN;PDK2;RYR2;ACTN3;TRPV1;NEGR1"
"GOBP_CAMP_METABOLIC_PROCESS",0.784784784784785,1,0.329269942406222,0.789461897469902,3919,22,"CACNB4;PDE8B;PDE10A;NTSR1;PDE4B;ADCY9;PDE4C"
"GOBP_CARBOHYDRATE_DERIVATIVE_METABOLIC_PROCESS",1,1,-0.191157309415303,-0.716222745006751,5791,902,"CYTL1;HS3ST1;GUCY1A1;IL1B;PDGFB;CHST6;GALNT17;ADCY10;PTGDR;B3GNT7;CHST1;MYH4;DERL3;IL33;VANGL2;ST6GAL1;UGT8;HAS1;HS6ST2;ST8SIA5;ITIH2;AKR1B10;GPAT3;ACP3;ST8SIA4;UCHL1;B3GNT4;MGAT5B;MLXIPL;NECAB2;CCL21;ATP6V1B1;EDNRB;CHST8;GUCY1B1;NME5;HBEGF;SULF2;HKDC1;B4GALNT1;CDA;GALNT12;EGF;MAN1C1;PDE4D;LARGE2;COL2A1;IHH;LRGUK;MYH3;ADAMTS12;FOXL1;TNFAIP6;TYW1B;GFPT2;ADA2;ABCC9;ADCY8;CHST11;PCSK6;TET1;ALG10;ENGASE;XYLT1;SULT1A1;B3GALT2;LYG1;ADAMTS4;GUCY1A2;GBGT1;ADCY4;SULT1A3;DHODH;TET3;ADA;CHST15;CHST13;ENPP1;ST3GAL1;MT-ND3;GALNT15;DDIT4;BACE2;GCNT3;SMPD3;JAK3;TBPL1;PFAS;FABP1;ST3GAL2;B3GALT5;HIF1A;PIGA;TK1;IER3;CAD;PGAM4;ADCY7;UPP1;PLOD3;MAPDA;GXYLT2;PFKFB4;SLC9A1;HS3ST3A1;ST3GAL6;UCK2;ATP5ME;B3GAT2;NDUFA9;NPL;RRM2;TYMS;TDG;TMEM258;TIGAR;NME1"
"GOBP_CARBOHYDRATE_IMPORT_ACROSS_PLASMA_MEMBRANE",0.533319705641864,1,-0.544967972246923,-0.969362080012333,2608,6,"SLC5A2"
"GOBP_CARBOHYDRATE_METABOLIC_PROCESS",0.998651079136691,1,0.218505845934997,0.802433909944318,4441,484,"MGAM;LANCL3;LEP;GPD1;SNCA;KL;OGDHL;GAL3ST3;PHKA1;PDK4;FUCA1;TNF;GALNT3;CHI3L2;SLC2A5;NR0B1;NTSR1;ST8SIA6;ALDOB;ATP1A2;APOD;PRKAA2;GCK;OAS1;GPER1;PPARGC1A;LRP5;PPP1R3G;ST8SIA1;OVGP1;P2RY6;FUT1;GPLD1;CHST7;IGF1;PDK2;PGAM2;GSTO2;SORBS1;HYAL3;ACTN3;PHKG1;MTTP;PRXL2C;PLA2G4A;SLC4A4;PPP1R3C;GYS1;TCF7L2;KAT2B;PRKN;TFAP2B;PYGM;CHST2;MAN2B2;LDHA;AMY2B;HYAL1;ENO4;MLYCD;PDK3;GALNT7;CD101;PPP1R3E;ENO3;NR3C1;MAN1A1;MST1;PDK1;FOXO1;C1QTNF1;MAN2A2;SLC2A1;STBD1;ENO2;SLC25A10"
"GOBP_CARDIOLIPIN_METABOLIC_PROCESS",0.859309519058072,1,0.336490900606626,0.714905926343871,4305,13,"SPATA18;LCLAT1;PNPLA8;HADHA;MECP2;DNAJC19;TAFAZZIN;PLA2G6;PTPMT1;CRLS1;PGS1;TAMM41;PHB2"
"GOBP_CARNITINE_METABOLIC_PROCESS",0.8473251853336,1,-0.33811139592832,-0.718668454849361,4228,13,"BBOX1;CPT1B;TMLHE;POR;ACADM;ALDH9A1"
"GOBP_CATECHOL_CONTAINING_COMPOUND_METABOLIC_PROCESS",0.481946624803768,1,-0.358848547344941,-0.976173030899564,2455,44,"DRD2;PAH;CHRNB2"
"GOBP_CDP_DIACYLGLYCEROL_METABOLIC_PROCESS",0.692568917299241,1,0.39082428633263,0.845558491255713,3466,14,"GPAT2;CDS1"
"GOBP_CELL_PROLIFERATION_INVOLVED_IN_METANEPHROS_DEVELOPMENT",0.621748924841286,1,-0.486539999116158,-0.89201616139028,3035,7,"EGR1;PTCH1;GPC3;PDGFRB"
"GOBP_CELL_REDOX_HOMEOSTASIS",1,1,0.165054441796346,0.452687914160977,4905,44,"NOS3;TXNDC2;ERO1B;BOLA2B;ERO1A;SLC11A1;PRDX2"
"GOBP_CELL_SURFACE_RECEPTOR_PROTEIN_SERINE_THREONINE_KINASE_SIGNALING_PATHWAY",0.961704889658157,1,0.237554240127967,0.852876934999989,4444,350,"FGF10;SCUBE3;FGF9;NDP;CDH3;BMP4;NOG;PSG9;GDF7;FOLR1;CHRDL1;HPGD;GDF10;ITGA8;ACVR1C;CAV3;FSTL5;ADAMTSL2;BMP6;ZNF423;INHA;KDR;TMPRSS6;TBX20;ASPN;BMPER;BMP3;PPM1L;ITGA3;FST;PRDM16;BAMBI;SMAD5-AS1;CCN3;USP9Y;GREM2;TGFBR3;AMH;GDF5;NPNT;IL17RD"
"GOBP_CELL_SURFACE_RECEPTOR_PROTEIN_TYROSINE_PHOSPHATASE_SIGNALING_PATHWAY",0.749744009830023,1,-0.426281459787736,-0.781538932302499,3660,7,"PTPRE;PTPRF;PTN;TRIO"
"GOBP_CELLULAR_COMPONENT_DISASSEMBLY_INVOLVED_IN_EXECUTION_PHASE_OF_APOPTOSIS",0.997393222378183,1,0.192906645396233,0.479944921643019,4973,26,"ACVR1C;GPER1;FOXL2;IL6"
"GOBP_CELLULAR_OXIDANT_DETOXIFICATION",0.503071253071253,1,0.324283506924936,0.97139667371244,2456,73,"DUOX2;CD36;GPX3;NOS3;ALOX5AP;TXNDC2;GSTO2;MGST2;IPCEF1;HBA2;GSTA1;SOD2;CLIC2;GSTM2;CAT;LTC4S;SOD3"
"GOBP_CELLULAR_RESPONSE_TO_ATP",0.594263105835806,1,0.397995863672871,0.904304239020202,3003,17,"P2RY2;P2RY4;TRPV1;RYR3;TRPM4"
"GOBP_CELLULAR_RESPONSE_TO_CALCIUM_ION",0.878596204856152,1,0.269135533919202,0.795916559960324,4305,66,"SCN5A;KCNB1;PLCG2;RASGRP2;SYT1;KCNQ3;PRKAA2;MEF2C;ALOX5AP;SLC25A23;MEF2A"
"GOBP_CELLULAR_RESPONSE_TO_INTERFERON_BETA",0.941993957703927,1,0.27116494035825,0.655512626536108,4676,23,"HCN1;OAS1;CAPN2;STING1;DDX41;MAVS;STAT1;IFNAR2;UBE2G2"
"GOBP_CELLULAR_RESPONSE_TO_IRON_ION",0.877414268821443,1,0.35213837953373,0.667180849010269,4451,8,"BMP6;TFR2;B2M"
"GOBP_CELLULAR_RESPONSE_TO_NITROSATIVE_STRESS",0.552739165985282,1,-0.536884896044339,-0.954984303776549,2703,6,"STOX1"
"GOBP_CELLULAR_RESPONSE_TO_OXIDATIVE_STRESS",1,1,0.156444393951107,0.539144832631136,4631,226,"SNCA;CD36;DAPK1;GPX3;NOS3;MGAT3;PENK;PRKAA2;LRRK2;TNFAIP3;PPARGC1A;PRR5L;PDK2;ARL6IP5;SOD2;MET;KAT2B;PRKN;PLA2R1;PAM;ATP13A2;SLC1A1;CAT;BNIP3;HSPA1A;SOD3;PKD2;FANCD2;FOXO1;IL6;PINK1;WNT16;TRPM2;KLF4;AQP1;MAP1LC3A;PLEKHA1;SLC11A2;PDGFD;EDN1;MMP3;MAPK8;MAPK9;PML;GPX7;HSPA1B;PRKCD;MAP3K5;FOXO3;STK25;PRDX2;EDNRA;PEX12;FYN"
"GOBP_CELLULAR_RESPONSE_TO_PROSTAGLANDIN_E_STIMULUS",0.423826571201273,1,0.439380572571072,1.02145062553342,2130,19,"PTGER4;PRKAA2;P2RY4;PTGER2;CCR7;P2RY6;TNFSF4;ADCY6"
"GOBP_CELLULAR_RESPONSE_TO_PROSTAGLANDIN_STIMULUS",0.517378351539225,1,-0.388672308287862,-0.949907057134738,2604,25,"PTGDR;PTGDR2;SFRP1;CCL21"
"GOBP_CELLULAR_RESPONSE_TO_UNFOLDED_PROTEIN",0.993159203980099,1,0.22270878233505,0.701985071545885,4790,105,"AGR2;STC2;CCND1;FUT1;PIK3R1;PACRG;ABCA7;BCL2L11;SERP2;PRKN;WFS1;HSPA1A;TMTC4;CREBRF;ATF6B;TM7SF3"
"GOBP_CENTROSOME_DUPLICATION",0.503488372093023,1,-0.322883253613978,-0.966383789526659,2597,80,"C10orf90;BRSK1;PLK4;NDC80;RTTN;XRCC3;CEP152;CCDC15;POC1A;FBXL13;NDE1;ITGB1BP2;POC5;RBM14;CCNF;WDR62;CEP192;CCDC57;CEP72;CEP135;CEP131;OFD1;GEN1;NPM1;MDM1;CPAP;CEP76;KAT2A;XPO1"
"GOBP_CERAMIDE_METABOLIC_PROCESS",0.68231884057971,1,-0.293546932552169,-0.891901023133941,3530,89,"ABCA12;UGT8;CERS4;CERS1;ST8SIA4;PLPP2;B4GALNT1;SPHK1;B3GALT2;ST3GAL1;SMPD3;ST3GAL2"
"GOBP_CGMP_METABOLIC_PROCESS",0.65562388414997,1,0.435057339767646,0.869021445289511,3304,10,"PDE2A;GUCY2C;PDE10A;PDE5A"
"GOBP_CHEMICAL_SYNAPTIC_TRANSMISSION_POSTSYNAPTIC",0.459694567948966,1,-0.326120830715591,-0.992150953688552,2377,90,"DRD2;NETO1;CHRNA9;NLGN4X;GRIK5;CHRNB2;ADORA2A;INSYN2A;NPAS4"
"GOBP_CHEMOREPULSION_OF_AXON",0.454007750356924,1,-0.617261286243312,-1.05224073543128,2225,5,"PLXNA4;WNT5A;SEMA3B"
"GOBP_CHOLINE_METABOLIC_PROCESS",0.542459305746225,1,0.57388039160611,0.978996704519676,2765,5,"CHDH;BCHE"
"GOBP_CHONDROITIN_SULFATE_PROTEOGLYCAN_METABOLIC_PROCESS",0.8530230708035,1,-0.292238319161364,-0.75970226258731,4288,35,"CYTL1;CHST11;XYLT1;CHST15;CHST13"
"GOBP_CILIARY_NEUROTROPHIC_FACTOR_MEDIATED_SIGNALING_PATHWAY",0.952859960552268,1,0.319996657579352,0.519164514373338,4830,4,"IL6R;IL6ST;LIFR"
"GOBP_CITRULLINE_METABOLIC_PROCESS",0.86692759295499,1,0.37043265603382,0.658321090496016,4429,6,"ATP2B4;DDAH1"
"GOBP_CLUSTERING_OF_VOLTAGE_GATED_SODIUM_CHANNELS",0.455753076772807,1,0.562088325441005,1.03599217666375,2332,7,"MYOC;GLDN"
"GOBP_CMP_METABOLIC_PROCESS",0.764717502963256,1,0.397257186769934,0.775464141288293,3870,9,"DPYS;DPYD"
"GOBP_COBALAMIN_METABOLIC_PROCESS",0.913727071155009,1,-0.316682787829341,-0.634933113495396,4532,10,"CLYBL;MMACHC;CUBN"
"GOBP_COENZYME_A_METABOLIC_PROCESS",0.771558544303797,1,0.345241337060667,0.792687410100107,3900,18,"VNN1;CROT;NUDT7;PPCDC;ACAT1;PPCS;ACOT7"
"GOBP_COLLAGEN_ACTIVATED_TYROSINE_KINASE_RECEPTOR_SIGNALING_PATHWAY",0.968911917098446,1,0.265560039128233,0.543356157270512,4861,11,"COL4A6;COL4A5;COL4A3;DDR1"
"GOBP_COMMISSURAL_NEURON_AXON_GUIDANCE",0.853123129115945,1,0.339839250772064,0.722019804824478,4274,13,"NCAM1;NFIB;FZD3;GDNF;DAG1"
"GOBP_CONNECTIVE_TISSUE_REPLACEMENT_INVOLVED_IN_INFLAMMATORY_RESPONSE_WOUND_HEALING",0.652800324675325,1,-0.451640485182164,-0.858151142763009,3216,8,"IL1A;HIF1A"
"GOBP_CORTISOL_METABOLIC_PROCESS",0.791171134851844,1,-0.377238933496873,-0.756345149727335,3924,10,"WNT4;CACNA1H"
"GOBP_CYCLIC_GMP_AMP_TRANSMEMBRANE_IMPORT_ACROSS_PLASMA_MEMBRANE",0.976244112226091,1,-0.262290413113133,-0.480879861675648,4766,7,"SLC19A1;LRRC8C;LRRC8D"
"GOBP_CYCLIC_NUCLEOTIDE_METABOLIC_PROCESS",0.672170280485379,1,0.335851905147441,0.87576660726008,3378,33,"PDE2A;GUCY2C;CACNB4;PDE8B;PDE10A;NTSR1;PDE5A;PDE4B"
"GOBP_CYSTEINE_METABOLIC_PROCESS",0.757273814268633,1,0.386371163431792,0.790544960497846,3799,11,"CDO1;GGT1"
"GOBP_CYTOCHROME_METABOLIC_PROCESS",0.843762535098275,1,-0.489977325635682,-0.709492788107521,4206,2,"AMBP"
"GOBP_CYTOKINE_MEDIATED_SIGNALING_PATHWAY",0.68733850129199,1,-0.264292332613304,-0.938072694178892,3723,402,"GPR17;CD74;IL1B;PDGFB;IL1R2;IL12RB1;CXCR6;IL33;TNFRSF17;IL18R1;CX3CL1;CXCL11;TNFSF11;CCL11;CXCL10;HPX;PRL;CIITA;CXCR4;CSF1R;APOA1;CXCL17;IL1A;PTPN6;MST1R;CCL21;IL11;CEBPA;CARD16;CCL26;IL27RA;EGR1;IFNE;WNT5A;CMKLR1;TRAF1;SYK;IRF5;CEACAM1;IL1RL2;CISH;SPHK1;THPO;RBM47;IRF1;IL2RB;LAPTM5;F2RL1;CNTF;CD4"
"GOBP_CYTOKINE_PRECURSOR_PROCESSING",0.890916463909165,1,-0.378670986079369,-0.617366277242587,4393,4,"CASP1;PCSK5"
"GOBP_CYTOKINE_PRODUCTION_INVOLVED_IN_INFLAMMATORY_RESPONSE",0.923228734951648,1,-0.26430583544849,-0.752446776816804,4677,58,"IL1R2;GBP5;MEFV;CARD9;EPHB2;IL1RL2;IL17B;HMOX1;IL1RAP;ZFP36;ZC3H12A;HIF1A;ADCY7"
"GOBP_CYTOKINETIC_PROCESS",0.743176909483605,1,-0.302723126435967,-0.844547493857305,3784,51,"AURKB;IQGAP2;KIF20A;PLK1;RACGAP1;RTKN;CEP55;IQGAP3;ANLN;SPIRE1;KIF20B;LUZP1"
"GOBP_CYTOSKELETON_DEPENDENT_CYTOKINESIS",0.818970503181029,1,-0.269813079214574,-0.852176007525435,4247,124,"CECR2;MYH14;NUSAP1;CENPV;ANK3;AURKB;IQGAP2;RHOB;CENPA;CIT;SEPTIN4;KIF20A;PLK1;BIRC5;KIF4A;RACGAP1;RTKN;SEPTIN1;CEP55;KIF23;MAP9;IQGAP3;INCENP"
"GOBP_D_XYLULOSE_5_PHOSPHATE_METABOLIC_PROCESS",0.936631234668847,1,-0.317861641087839,-0.565396568702265,4581,6,"XYLB;DCXR;AKR1A1;TKT;CRYL1;SORD"
"GOBP_DAMP_METABOLIC_PROCESS",0.802739726027397,1,0.411106915268469,0.730606085510136,4101,6,"XDH;ADK"
"GOBP_DCMP_METABOLIC_PROCESS",0.731898238747554,1,0.447021858091551,0.794432975335516,3739,6,"DPYS;DPYD;NT5C"
"GOBP_DENDRITE_ARBORIZATION",0.969903691813804,1,-0.257375148071581,-0.525700518040887,4833,11,"IGF2BP1;NRP1;ZNF365;PTN"
"GOBP_DENDRITE_DEVELOPMENT",0.781378267444372,1,0.262291871877266,0.901492651099626,3616,220,"RELN;DGKG;NGEF;PAK3;PACSIN1;NDP;ADGRB3;PREX2;GABRB3;ZDHHC15;PPFIA2;CTNND2;NEDD4L;LRRK2;SDK1;MEF2C;FAT3;SEMA3A;GRM5;CDKL3;MEF2A;ARHGAP33;KNDC1;C21orf91"
"GOBP_DENDRITIC_CELL_APOPTOTIC_PROCESS",0.975758770201025,1,0.264737895085841,0.501587057458598,4950,8,"CCR7;LYN;GAS6;RAPGEF2;AXL"
"GOBP_DENDRITIC_CELL_CHEMOTAXIS",0.562809099901088,1,0.407222452160669,0.925268384235713,2844,17,"CCL5;IL12A;CCR7;CCR1;GPR183;GAS6;TRPM4;TRPM2"
"GOBP_DENDRITIC_CELL_CYTOKINE_PRODUCTION",0.69115292233787,1,-0.387592908557689,-0.836941257974889,3452,14,"TLR9"
"GOBP_DENDRITIC_CELL_DIFFERENTIATION",0.952151186168074,1,0.261649656375877,0.687965552272307,4735,35,"TMEM176B;TMEM176A;CCR7;RBPJ;LYN;HLA-B;ITGB8;CLEC12A;GAS6;TRPM2;TGFBR2"
"GOBP_DENDRITIC_CELL_MIGRATION",0.637037037037037,1,0.368364723307168,0.883196052751997,3181,22,"CCL5;IL12A;CCR7;CCR1;GPR183;GAS6;TRPM4;TRPM2"
"GOBP_DENDRITIC_SPINE_MAINTENANCE",0.869521511861681,1,-0.311952368527388,-0.720216803259158,4324,19,"APOE;ITPKA"
"GOBP_DEOXYRIBONUCLEOSIDE_METABOLIC_PROCESS",0.433638899960143,1,0.506825998495834,1.03700476868249,2175,11,"GDA;XDH;DHFR2"
"GOBP_DEOXYRIBONUCLEOSIDE_TRIPHOSPHATE_METABOLIC_PROCESS",0.997570850202429,1,-0.199122888868153,-0.389351012101821,4927,9,"ADA;ITPA;NUDT15;DGUOK;NUDT16;ADK;GUK1;SAMHD1;RRM2B"
"GOBP_DERMATAN_SULFATE_PROTEOGLYCAN_METABOLIC_PROCESS",0.989119683481701,1,0.223529204573944,0.507890723726659,4999,17,"CSGALNACT1;IDS;DSEL;UST;CHST12;B3GAT3;XYLT2;CSGALNACT2"
"GOBP_DETOXIFICATION_OF_CADMIUM_ION",0.687771203155819,1,0.521674477742146,0.846367830672748,3486,4,"SLC39A8;SLC11A1;SLC30A1"
"GOBP_DIACYLGLYCEROL_METABOLIC_PROCESS",0.847925352392297,1,-0.311389201265152,-0.746428635835342,4270,23,"DGKB;APOA2;AVIL"
"GOBP_DIADENOSINE_POLYPHOSPHATE_METABOLIC_PROCESS",0.990342924714229,1,0.231917062968844,0.439402893761259,5024,8,"NUDT10;NUDT4B;NUDT3"
"GOBP_DIPHOSPHOINOSITOL_POLYPHOSPHATE_METABOLIC_PROCESS",0.611688566385566,1,0.536552717078107,0.915318504523988,3118,5,"NUDT10;NUDT4B;NUDT3;NUDT4"
"GOBP_DNA_METABOLIC_PROCESS",1,1,-0.204683303917925,-0.769862865042889,5809,972,"PMS2P1;PDGFB;PGBD5;LEF1;SYCE1;HUS1B;GMNC;TEX15;H1-5;HORMAD1;PTK6;PMS2P5;USP43;A1CF;CECR2;GLI1;FGFR4;ESCO2;IL27RA;NME5;SYCP2;ENSG00000274276;RAD21L1;LRRC34;SPHK1;AURKB;DNA2;SLX1B;NPM2;MARCHF6-DT;SHLD1;HGF;SWSAP1;STOX1;HROB;CD40;RECQL4;NFKBIZ;LIG3;TOP2A;RPA3;HELLS;ACVRL1;APOBEC3B;SMG6;CDK1;TWNK;PCLAF;FANCB;GLI2;TOP3A;HMGA2;HSF2BP;CENPF;DDX11;HMGB3;MCM9;XNDC1N;SMPD3;PLK1;TICRR;THAP9;FIRRM;SMOC2;PARPBP;CDC45;POLE2;TTC5;MEIOC;FOXP3;PTTG1;SUPT3H;ID3;PSMA3;TP73;TK1;IER3;CCNA2;NPAS2;MC1R;NOX4;PDGFRB;SUV39H1;FOXM1;TAF10;ZPR1;MCM6;XRCC3;AUNIP;DBF4B;GTF2H5;SLFN11;DBF4;GLRX2;RNASEH2A;CNTD1;EME1;REC8;FANCC;GIN1;PSMA2;PIAS4;RRM2;TYMS;RBBP8;TDG;DONSON;KIN;TIGAR;NME1;GINS3;APOBEC3D;FANCA;GTF2H3;EXO1;ENY2;E2F7;NEK2;CLSPN;TMEM161A;KPNA2;POGZ;USP45;PAGR1;RAG1;CDCA5;CEBPG;APAF1;RFC3;ORC1;POLG2;RAN;TSPYL2;MND1;KIF22;HELB;POLG;PELI1;CBS;SMARCD3;GMNN;APOBEC3C;PSMA5;UBE2T;CCN2;KDM1A;MAD2L2;MGMT;ZRANB3;HSPD1;PSMA7;SHPRH;ZNF827;DKC1;RHNO1;NBN;SKP2;PSMA4;CASP3;SWI5;SPIRE1;UHRF1;CHAF1B;NEIL3;UVSSA;ERCC6L;HTR2A;XRCC2;CHAF1A;MEIOB;LIN9;CHEK2;CCT6A;PSMA1;GINS2;RAD50;LIG1;RPS3;PMS2P3;SMARCC1;ZNF365;YEATS4;PRKDC;POLE4;RFC5;MUS81;SESN2;CGAS;EYA3;CDT1;PSMB7;HMBOX1;TREX1;NSMCE1;EXOSC6;POLA2;USP37;ACTR5;RTEL1;RAD54L;MCM8;TTF2;WRAP53;SLF1;POLD4;MMS22L;ERCC8;GTPBP4;HLTF;NSD2;H2AX;POLM;VCP;CCNE2;SMC5;TFRC;MCRS1;GNL3L;POLQ;HERC2;CUL4B;GRWD1;JADE3;SMC6;PTPRC;HMGN1;EP400;MYC;CCNE1;SFPQ;HUS1;HMGB1;SMG1;GEN1;NPM1;SET;POLA1;CEP164;RAD51;SEM1;SGF29;SMARCD1;WDHD1;DNAJC2;MEN1;CDADC1;DTD1;ELOC;CCT4;PRIM1;TGFB1;SUPT20H;RIF1;PSMD14;NUDT1;SLF2;MMS19;ZFYVE26;TAF7;FIGNL1;SF3B3;RUVBL1;TRAIP;MCMBP;APEX1;SLX4;ATR;MDC1;DHX36;KLHL15;C1QBP;TIMELESS;CDC6;GAR1;TOPBP1;KAT2A;NVL;GTF2H4;RAD21;ATRIP;TRIP12;NEURL4;PARP10;PRMT1;CCT2;SUB1;RADX;NHP2;USP10;BAZ1A;CCNH;MBTD1;MPND;SSBP1;RNF113A;MSH5;PMS2;MUTYH;HNRNPD;RFWD3;RNASEH2C;N4BP2;ORC4;HNRNPAB;FEN1;MCM4;POLRMT;ASCC2;ALKBH1;MAPKAPK5;KMT5C;ALKBH2;SMARCA4;ATXN7;ORC5;PRPF19"
"GOBP_DOPAMINERGIC_NEURON_DIFFERENTIATION",0.562374649017248,1,-0.369282362526923,-0.926172119675805,2803,29,"FOXA2;FGF8;WNT9B;SFRP1;WNT5A;FOXA1"
"GOBP_DTMP_METABOLIC_PROCESS",0.68648538961039,1,-0.438618562551774,-0.833408503090808,3382,8,"UPP1;TYMS"
"GOBP_EMBRYONIC_OLFACTORY_BULB_INTERNEURON_PRECURSOR_MIGRATION",0.541541541541542,1,0.645858083291778,0.98993614583417,2704,3,"SLIT3;SLIT2;RAC1"
"GOBP_EMBRYONIC_VISCEROCRANIUM_MORPHOGENESIS",0.675303643724696,1,-0.429058713545524,-0.838951490306412,3335,9,"CHST11;HOXA2;TBX1;RDH10;MTHFD1"
"GOBP_ENDOPLASMIC_RETICULUM_CALCIUM_ION_HOMEOSTASIS",0.601391650099404,1,-0.370496939208955,-0.895979276626836,3024,24,"ATP2A1;DMTN;HERPUD1;ITPR1;BAK1"
"GOBP_ENERGY_HOMEOSTASIS",0.707879037235137,1,0.293894930334753,0.884926190947097,3440,76,"LEP;CCDC198;CD36;FMO4;ACVR1C;PCSK1N;PRKAA2;FMO1;ADRB2;VGF;PPARGC1A"
"GOBP_ENERGY_RESERVE_METABOLIC_PROCESS",0.944686140459913,1,0.249560771602463,0.768550757145562,4559,89,"LEP;KL;PHKA1;ADGRF5;GCK;PPP1R3G;IGF1;SORBS1;PHKG1;PPP1R3C;GYS1;PYGM;MRAP2;PPP1R3E;STBD1;RUBCNL;PRKAG2;PID1;EPM2AIP1;PER2;PPP1R3B;IL6ST;LEPR;ATG2B;WIPI2;INSR;GBE1;PHKB;PPP1R3D;GABARAPL1;RB1CC1;PPP1R2;AGL"
"GOBP_EPINEPHRINE_METABOLIC_PROCESS",0.919519519519519,1,0.378709459033871,0.580465263136711,4592,3,"SULT1A4;ATP7A"
"GOBP_EPITHELIAL_CELL_DIFFERENTIATION_INVOLVED_IN_PROSTATE_GLAND_DEVELOPMENT",0.650675267083249,1,-0.428149803685533,-0.858418892165984,3227,10,"HOXB13;FOXA1"
"GOBP_EPITHELIAL_CELL_PROLIFERATION_INVOLVED_IN_PROSTATE_GLAND_DEVELOPMENT",0.598690735965086,1,0.457097920091238,0.91304722124368,3017,10,"AR;SOX9;NKX3-1;CDKN1B"
"GOBP_EPOXIDE_METABOLIC_PROCESS",0.632232232232232,1,0.599687993944865,0.919169143789459,3157,3,"ALOX12;EPHX1"
"GOBP_ESTABLISHMENT_OF_CENTROSOME_LOCALIZATION",0.496116107931316,1,-0.565850189849813,-1.00650633604512,2426,6,"CEP83;FHOD1;DLG1;PAFAH1B1"
"GOBP_ESTABLISHMENT_OF_MITOCHONDRION_LOCALIZATION",0.49950386981544,1,-0.368200974994755,-0.963094448803698,2516,36,"UCHL1;NEFL;HIF1A;TSPAN9;SYBU;MARK1;ARMCX2;OPA1;MYO19;TRAK2;UXT;AGTPBP1;MAPT;RHOT2;DNM1L;PKD1;UBB;WASF1;MAP1B;ARMCX6"
"GOBP_ESTABLISHMENT_OF_MITOCHONDRION_LOCALIZATION_MICROTUBULE_MEDIATED",0.707503520418427,1,-0.334729510721278,-0.844562986492993,3516,30,"UCHL1;NEFL;HIF1A;SYBU;ARMCX2;OPA1;TRAK2;UXT;AGTPBP1;MAPT;RHOT2;UBB;WASF1;MAP1B;ARMCX6"
"GOBP_ESTABLISHMENT_OF_PROTEIN_LOCALIZATION_TO_MITOCHONDRIAL_MEMBRANE",0.473251853336005,1,-0.380626085955086,-0.983220665883969,2361,34,"ROMO1;TIMM13;TIMM8B;TMEM126A;TIMM9;TOMM5;COX18;MTX1;NDUFA13;TOMM40;TIMM29;TOMM7;MAIP1;TIMM10B;AGK;TIMM8A;AP3B1;TOMM6;CALM3;BAX;MTX3"
"GOBP_ESTABLISHMENT_OF_PROTEIN_LOCALIZATION_TO_MITOCHONDRION",1,1,0.13695828339112,0.442346931788416,4798,126,"UBL4B;LRRK2;C11orf65;PRKN;MOAP1;FZD5;MFF;PINK1;NPEPPS;RAC2;HK2;PIN1;BAG4;LEPROT;HK1;MAPK8"
"GOBP_ESTROGEN_METABOLIC_PROCESS",0.559217096065508,1,-0.389178549101215,-0.925732128224842,2799,22,"CYP2D6;RDH8;UGT2B4;SULT1A1"
"GOBP_ETHANOL_METABOLIC_PROCESS",0.916286451100972,1,0.3146236575474,0.628456712740758,4618,10,"ADH4;SULT1A4;ACSS2"
"GOBP_ETHER_LIPID_METABOLIC_PROCESS",0.646295186738566,1,-0.367056607684762,-0.873111057625722,3235,22,"AGMO;PLA2G4C;PAFAH1B3;AGPS;FASN"
"GOBP_EXPORT_ACROSS_PLASMA_MEMBRANE",0.418924224577935,1,-0.350937164403777,-1.00825583056687,2133,61,"FXYD3;ATP1B2;WNK4;KCNA2;ATP2B3;KCNH2;KCNIP2;FXYD6;ABCC2"
"GOBP_FARNESYL_DIPHOSPHATE_METABOLIC_PROCESS",0.960272873194221,1,-0.273609555804405,-0.558860038760652,4785,11,"HMGCR;FDFT1;HMGCS1;FDPS;PLPP6;IDI1;GGPS1;ACAT2;MVK;MVD;PMVK"
"GOBP_FATTY_ACID_DERIVATIVE_METABOLIC_PROCESS",0.834320735444331,1,0.279598242381613,0.816678287244893,4083,62,"SLC27A2;HPGD;ACSL6;GGT1;ALDH3A2;ALOX12;PAM;HACD1;GGTA1;HACD2;FITM2;BCKDHB;GCDH;SLC27A5;CBR4;NUDT7;GGT7;HSD17B12;OXCT1;HSD17B4;PPT2;ACAT1;GGT5;ELOVL3"
"GOBP_FATTY_ACID_METABOLIC_PROCESS",0.526005244755245,1,0.274019540017203,0.979558549124707,2406,339,"GSTM1;LEP;ACOT12;CCDC3;HAO2;AVPR1A;SNCA;CD36;ABCD2;SLC27A2;HPGD;FMO4;FABP3;PDK4;CYP2J2;TNXB;ACSL6;GGT1;ANGPTL4;CYP4B1;ASAH2;ADH4;SLC27A6;FAAH;PRKAA2;ACSM3;AKR1C1;FMO1;PTGIS;TBXAS1;SOX9;PPARGC1A;C3;PLA2G15;AKR1C2;UCP3;PDK2;CYP2U1;PLA2G4A;ALDH3A2;GSTA1;SIRT4;KAT2B;ETFDH;FMO2;ALOX12;MGLL;SCD5;ACOT4;TWIST1;MLYCD;PDK3;NAAA;GSTM2;HACD1"
"GOBP_FATTY_ACYL_COA_METABOLIC_PROCESS",0.995139732685298,1,0.211330553022256,0.575501097144105,4913,42,"SLC27A2;ACSL6;HACD1;HACD2;FITM2;BCKDHB;GCDH;CBR4;NUDT7;HSD17B12;HSD17B4;PPT2;ACAT1;ELOVL3;ELOVL1"
"GOBP_FLAVIN_CONTAINING_COMPOUND_METABOLIC_PROCESS",0.969202529063838,1,-0.283711639912074,-0.483641127808914,4751,5,"SLC52A2;FLAD1;VCP"
"GOBP_FLAVONOID_METABOLIC_PROCESS",0.735604217356042,1,-0.486723454794024,-0.793529629623791,3627,4,"SULT1A1;SULT1A3"
"GOBP_FOLIC_ACID_METABOLIC_PROCESS",0.918988853503185,1,0.300436764460719,0.661132698643608,4616,15,"FOLR1;PM20D2;DHFR2;SLC46A1"
"GOBP_FOREBRAIN_NEUROBLAST_DIVISION",0.474199469712421,1,-0.606524476477679,-1.03393777547613,2324,5,"LEF1"
"GOBP_FRUCTOSE_2_6_BISPHOSPHATE_METABOLIC_PROCESS",0.60036496350365,1,-0.572747186667605,-0.933778428854941,2960,4,"PFKFB4;TIGAR"
"GOBP_FRUCTOSE_6_PHOSPHATE_METABOLIC_PROCESS",0.987760834670947,1,-0.227930197835013,-0.465557859711082,4922,11,"GFPT2;PFKM;GFPT1;TALDO1;NFE2L1;MPI;PFKL;GPI;HK1;PFKP;HK2"
"GOBP_FRUCTOSE_METABOLIC_PROCESS",0.802710243124751,1,0.368934331255133,0.754867867823879,4027,11,"ALDOB;PFKFB3;SORD;ALDOA;ALDOC"
"GOBP_FUCOSE_METABOLIC_PROCESS",0.423867491518659,1,0.48629373512289,1.03317585276897,2123,13,"FUCA1;FUT1;B3GLCT;FUT10;HSD17B14;POFUT1;POFUT2"
"GOBP_GANGLIOSIDE_METABOLIC_PROCESS",0.869712015888779,1,-0.300525823706436,-0.734478877714502,4378,25,"ST8SIA4;B4GALNT1;ST3GAL1;ST3GAL2"
"GOBP_GDP_L_FUCOSE_METABOLIC_PROCESS",0.981050986520805,1,0.259143496921067,0.477630691284816,5021,7,"FCSK;FUOM;SLC35C1;FPGT;GMDS;GFUS;FUT8"
"GOBP_GDP_MANNOSE_METABOLIC_PROCESS",0.971578310824431,1,-0.256986889376196,-0.515245829801954,4819,10,"PMM2;GMPPA;GFUS;GMPPB;GMDS;SLC35C1;MPI;PMM1;GUK1;HK1"
"GOBP_GDP_METABOLIC_PROCESS",0.976416045152187,1,-0.25080414901724,-0.502849745338529,4843,10,"LRGUK"
"GOBP_GENERATION_OF_NEURONS",0.469832685482508,1,-0.26097743802125,-0.995753904994694,2779,1313,"SOX10;GFRA3;DRD2;NGFR;COBL;S100B;PTPRZ1;WNT7B;POU3F2;GPM6A;LEF1;ALK;RTN4R;LTK;ONECUT2;EPHA6;CACNG7;GABRA5;ADCY10;SLITRK6;SEMA6B;FOS;ERBB4;LIN28A;ERBB3;DCDC2;SOX2;GAP43;VANGL2;NKX6-1;ADGRG1;GDF6;SDK2;EOMES;UGT8;GPM6B;CLMN;SH3GL3;FRMD7;GPRIN2;CX3CL1;ATP1B2;ARTN;MYOT;APOE;PTK6;LGI1;DLX1;GPR37L1;SLITRK5;FOXA2;KIAA0319;FGF8;ID1;HES1;SKOR2;WNT10A;EFNA2;WNT4;SAMD11;SLC4A10;PLEKHG4B;IL1RAPL1;EPHB1;SOX5;LGI4;HEY1;NLGN4X;PLXNA4;PLP1;DRAXIN;WNT9B;CSF1R;CDH4;CECR2;CHRNB2;KLK6;UCHL1;STMN3;KCNIP2;SMIM45;SFRP1;SOX11;EPHA5;ADORA2A;FLRT1;HEY2;KIAA1755;ADGRL3;FLRT3;EDNRB;EGR2;POTEE;CTHRC1;WNT5A;FIGNL2;RTN4RL1;DLX2;GAS7;ITPKA;ANOS1;CD38;FILIP1;EFNB3;AVIL;PRAG1;SCARF1;EPHB2;SEMA3B;PSD;FZD8;LAMA1;MDK;GATA2;MYCL;IGF2BP1;ANK3;NDRG4;UNC5B;IHH;OTOGL;IGLON5;GNRH1;KIF5A;PRKCZ;FOXA1;ID4;TENM3;BTG4;BRSK1;IER2;SMO;NREP;SALL1;EPHA3;CNTF;CIT;IGSF9;RIMS2;SEPTIN4;HOXC10;COL3A1;ARMCX5-GPRASP2;CELSR2;NECTIN1;LHX9;NTM;DLX3;SEMA6A;OTP;PCDHAC2;TUBB2B;CELSR3;NRCAM;SIX4;LIF;NEFL;CDC20;BCL11A;RAB37;PREX1"
"GOBP_GENERATION_OF_PRECURSOR_METABOLITES_AND_ENERGY",0.999552272218491,1,0.21355981761162,0.779276848204132,4464,445,"ALDH1L1;LEP;NDP;IFNLR1;GPD1;AVPR1A;SNCA;KL;OGDHL;PHKA1;PDK4;TNF;ADGRF5;ALDOB;PRKAA2;GIPR;GCK;PRDM16;VGF;SLC25A4;OAS1;PPARGC1A;PPP1R3G;CSKMT;RBPJ;IGF1;PDK2;SLC25A23;PGAM2;SORBS1;ACTN3;PHKG1;WDR93;MTTP;PRXL2C;SLC4A4;PPP1R3C;SOD2;GYS1;NDUFC2-KCTD14;SIRT4;ETFDH;UQCRFS1P1;PYGM;LDHA;ENO4;PDK3;CAT;MRAP2;PPP1R3E;ENO3;PDK1;AK4;STBD1;ENO2;CYB561;PINK1;RUBCNL;SIRT3;PRKAG2;PID1;UCP2;EPM2AIP1;PER2;PPP1R3B;CROT;LYRM7;HK2;ACADVL;FKRP;PFKP;ARL2;H6PD;IL6ST"
"GOBP_GERANYLGERANYL_DIPHOSPHATE_METABOLIC_PROCESS",0.959514170040486,1,-0.273584025380237,-0.534947126280478,4739,9,"HMGCR;HMGCS1;FDPS;PLPP6;IDI1;GGPS1;MVK;MVD;PMVK"
"GOBP_GLUCOSE_6_PHOSPHATE_METABOLIC_PROCESS",0.970605999597343,1,0.249301124878471,0.614455838131881,4820,25,"ALDOB;GCK;HK2;H6PD;RBKS;HK1"
"GOBP_GLUCOSE_METABOLIC_PROCESS",0.53721129170231,1,0.289496949362795,0.969553221336288,2511,174,"LEP;GPD1;PHKA1;PDK4;TNF;NR0B1;ALDOB;APOD;GCK;OAS1;PPARGC1A;LRP5;PPP1R3G;GPLD1;IGF1;PDK2;PGAM2;SORBS1;ACTN3;TCF7L2;KAT2B;PRKN;TFAP2B;LDHA;MLYCD;PDK3;CD101;PPP1R3E;ENO3;NR3C1;MST1;PDK1;FOXO1;C1QTNF1;ENO2;SLC25A10;IGFBP4;SIK1;PRKAG2;C1QTNF12;EPM2AIP1;PER2;PPP1R3B;HK2;PFKP;H6PD"
"GOBP_GLUCOSYLCERAMIDE_METABOLIC_PROCESS",0.882186234817814,1,-0.338069783039899,-0.661038080231869,4357,9,"B3GALT2;B3GALT1;UGCG;SCARB2"
"GOBP_GLUCURONATE_METABOLIC_PROCESS",0.936631234668847,1,-0.317861641087839,-0.565396568702265,4581,6,"XYLB;DCXR;AKR1A1;ABHD10;CRYL1;SORD"
"GOBP_GLUTAMATE_REUPTAKE",0.510911686722415,1,-0.586355839066173,-0.999556448904221,2504,5,"KCNJ10"
"GOBP_GLUTAMATE_SECRETION_NEUROTRANSMISSION",0.900391389432485,1,0.347063488361245,0.61679015175289,4600,6,"DTNBP1;STXBP1;RAB3GAP1;NF1;SLC38A2;KCNJ8"
"GOBP_GLUTATHIONE_CATABOLIC_PROCESS",0.50813885075505,1,0.590551077923282,1.00743563919196,2590,5,"GGT1;CHAC2;GGT7;GGT5"
"GOBP_GLUTATHIONE_TRANSMEMBRANE_TRANSPORT",0.939529220779221,1,-0.295203955615175,-0.560909883349243,4629,8,"SLC13A3;SLC7A11;ABCC1"
"GOBP_GLUTATHIONE_TRANSPORT",0.855337078651685,1,-0.346863238868073,-0.708484038682599,4262,11,"ABCC2;SLC13A3;SLC7A11"
"GOBP_GLYCERALDEHYDE_3_PHOSPHATE_METABOLIC_PROCESS",0.473715532632414,1,0.504331693479581,1.00739607658844,2387,10,"ALDOB;SLC25A10;TPI1"
"GOBP_GLYCEROLIPID_BIOSYNTHETIC_PROCESS",0.981591669765712,1,-0.233459081610306,-0.786432629952073,5278,221,"PDGFB;AGMO;DGKB;APOA2;IP6K3;GPAT3;APOA1;FABP5;ETNK2;ITPKA;AVIL;PLA2G4C;PCYT1B;PIK3C2B;PIP5KL1;PIP4K2A;PCK2;EFR3B;FABP1;GPAM;SLC44A3;INPP5J;PIGA;ETNK1;CPNE1;ABHD4;INPP4B;LDLR;SREBF1;PLD1;PEMT;DGKH;PIGL;LCAT"
"GOBP_GLYCEROLIPID_METABOLIC_PROCESS",0.900478292862399,1,-0.248385300809104,-0.87095711544492,4894,342,"PDGFB;LIPG;AGMO;DGKB;APOC2;APOE;PLA2G2A;LPL;APOA2;IP6K3;PLA2G1B;PLA2G4B;GPAT3;GDPD3;APOA1;FABP5;PIK3R5;ETNK2;APOB;APOH;ITPKA;AVIL;PLA2G4C;PCYT1B;PIK3C2B"
"GOBP_GLYCEROPHOSPHOLIPID_BIOSYNTHETIC_PROCESS",0.995334079880552,1,-0.220776034951625,-0.732730608665134,5332,190,"PDGFB;DGKB;APOA2;IP6K3;GPAT3;APOA1;FABP5;ETNK2;ITPKA;PLA2G4C;PCYT1B;PIK3C2B"
"GOBP_GLYCEROPHOSPHOLIPID_CATABOLIC_PROCESS",0.642727821363911,1,-0.348480185151449,-0.879257598981786,3194,30,"PLA2G4B;GDPD3;PLA2G4C;PLB1;PAFAH1B3;LDLR"
"GOBP_GLYCEROPHOSPHOLIPID_METABOLIC_PROCESS",0.999439566598169,1,-0.211388336291704,-0.725229484807925,5349,268,"PDGFB;DGKB;PLA2G2A;APOA2;IP6K3;PLA2G1B;PLA2G4B;GPAT3;GDPD3;APOA1;FABP5;PIK3R5;ETNK2;ITPKA;PLA2G4C;PCYT1B;PIK3C2B"
"GOBP_GLYCINE_METABOLIC_PROCESS",0.64251012145749,1,-0.443540357670979,-0.867267887427777,3173,9,"GLDC"
"GOBP_GLYCOLIPID_BIOSYNTHETIC_PROCESS",0.954975845410628,1,-0.247189957125714,-0.739476208259269,4941,79,"UGT8;ST8SIA5;ST8SIA4;B4GALNT1;B3GALT2;GBGT1;ST3GAL1;ST3GAL2;PIGA;ST3GAL6"
"GOBP_GLYCOLIPID_TRANSPORT",0.997437918801734,1,0.213032463817219,0.403623087788723,5060,8,"GLTP;CPTP;NPC2;CLN3"
"GOBP_GLYCOPROTEIN_METABOLIC_PROCESS",0.631714495952907,1,-0.270165331878201,-0.947328273369521,3433,342,"CYTL1;HS3ST1;CHST6;GALNT17;B3GNT7;CHST1;DERL3;IL33;VANGL2;ST6GAL1;HS6ST2;ST8SIA5;ST8SIA4;B3GNT4;MGAT5B;NECAB2;CCL21;EDNRB;CHST8;HBEGF;SULF2;GALNT12;MAN1C1;LARGE2;COL2A1;IHH;ADAMTS12;FOXL1;GFPT2;CHST11;PCSK6;TET1;ALG10;ENGASE;XYLT1;B3GALT2;ADAMTS4;TET3;CHST15;CHST13;ST3GAL1;GALNT15;BACE2;GCNT3;JAK3;ST3GAL2;B3GALT5;HIF1A"
"GOBP_GLYCOSIDE_METABOLIC_PROCESS",0.605073911306432,1,0.417227799870272,0.902683178363148,3028,14,"FUCA1;AKR1C1;AKR1C2"
"GOBP_GLYCOSPHINGOLIPID_BIOSYNTHETIC_PROCESS",0.443412996247284,1,-0.376787321644572,-1.00011228375377,2244,39,"UGT8;ST8SIA5;ST8SIA4;B4GALNT1;B3GALT2;ST3GAL1;ST3GAL2"
"GOBP_GLYCOSPHINGOLIPID_METABOLIC_PROCESS",0.884668102604269,1,-0.270482929954968,-0.778947642467724,4517,62,"UGT8;ST8SIA5;ST8SIA4;B4GALNT1;B3GALT2;ST3GAL1;ST3GAL2"
"GOBP_GLYOXYLATE_METABOLIC_PROCESS",0.633074407195421,1,-0.492675626346324,-0.876347041014846,3096,6,"HYI;HOGA1"
"GOBP_GMP_METABOLIC_PROCESS",0.619066773934031,1,0.369259295114461,0.900873350698323,3077,24,"GDA;XDH;TJP2"
"GOBP_GPI_ANCHOR_METABOLIC_PROCESS",0.999195332931,1,-0.176948582636716,-0.446462647064919,4966,30,"PIGA;PIGL;PIGX;DPM1;PIGC;PIGO;PIGB;MPPE1;PGAP1;SLC30A5;PIGY;GPAA1;DPM2;PGAP4;PIGP;PIGG;PIGS;PIGU;PIGW;PIGK;PIGT;PIGF;PGAP3;PIGM;PIGH;PGAP2;PIGQ;PIGV;PIGZ;PIGN"
"GOBP_GTP_METABOLIC_PROCESS",0.848539778449144,1,0.310029265367033,0.749463030786018,4212,23,"NME9;LRRK2;RAB23;AK4;EFL1"
"GOBP_HEME_A_BIOSYNTHETIC_PROCESS",0.975203332672089,1,0.255820713376383,0.510998587432338,4915,10,"ALAD;CPOX;PPOX"
"GOBP_HEME_B_BIOSYNTHETIC_PROCESS",0.971157645199526,1,0.260853512582122,0.509197950026464,4915,9,"ALAD;CPOX;PPOX"
"GOBP_HEMOGLOBIN_METABOLIC_PROCESS",0.869897446209531,1,-0.317955002045416,-0.707206359559093,4325,16,"HPX;AMBP;HIF1A"
"GOBP_HEPARIN_PROTEOGLYCAN_METABOLIC_PROCESS",0.716336433481601,1,-0.363905229763294,-0.828624605371446,3542,18,"EDNRB;XYLT1"
"GOBP_HIPPOCAMPAL_NEURON_APOPTOTIC_PROCESS",0.54181459566075,1,0.606450027985493,0.983908196580805,2746,4,"CX3CR1;ELK1"
"GOBP_HISTAMINE_METABOLIC_PROCESS",0.790293588975434,1,-0.480405281834353,-0.743403263158113,3956,3,"SLC29A4;HNMT"
"GOBP_HISTONE_MRNA_METABOLIC_PROCESS",0.99657050635465,1,-0.204625914048342,-0.521836109339951,4939,32,"SNRPE;MTPAP;SNRPG;CPSF3;SNRPF;LSM10;NCBP1;SYMPK;SNRPB;CSTF2;ZNF473;EXOSC4;TUT7"
"GOBP_HYDROCARBON_METABOLIC_PROCESS",0.694082840236686,1,0.517976607286223,0.840368383259804,3518,4,"GRIN1;EPHX1"
"GOBP_IMMUNE_COMPLEX_CLEARANCE",0.826555023923445,1,0.526467981903829,0.756430864538031,4145,2,"CLU;PLA2G5"
"GOBP_IMMUNE_RESPONSE_REGULATING_CELL_SURFACE_RECEPTOR_SIGNALING_PATHWAY_INVOLVED_IN_PHAGOCYTOSIS",0.989635240183377,1,0.223875237789029,0.527528922336703,4964,20,"HCK;LYN;VAV3;PLD2;APPL2;PRKCD;FYN"
"GOBP_IMMUNE_RESPONSE_REGULATING_SIGNALING_PATHWAY",0.468235294117647,1,-0.276386949094942,-0.991228755064094,2586,453,"HLA-DQB1;MOG;TLR9;HLA-DRB1;INAVA;ZAP70;FPR2;C3AR1;GBP5;HLA-DPB1;TLR5;CD226;FPR1;CD79B;C5AR2;MEFV;CD79A;FCGR2A;LAX1;LAG3;ITK;FGL1;PTPN6;SLC15A3;IGHG1;CD200R1;NLRC4;FCN3;IGLC3;CMKLR1;CD38;SYK;CD274;IRF5;LGR4;CEACAM1;HAVCR2;CLEC2D;PDE4D;NLRP3;AURKB;S100A14;IRF1;TRIL;LAPTM5;USP50;F2RL1;CD4;IGKC;PTPN22;PLPP4;CD40;SLC19A1;NFKBIZ;LILRB3;TLR2;FCMR;IGHA1;ADA;ICOSLG;NOD1;THEMIS2;FGR;CASP1;S100A9;ZC3H12A;FOXP3;NFKBID;FCHO1"
"GOBP_IMMUNE_SYSTEM_DEVELOPMENT",0.993759414676135,1,0.223876978898411,0.755105366876743,4617,185,"FGF10;PSG9;NKX2-5;FOXE1;CDH17;CACNB4;AICDA;BCL11B;GATA3;NKX3-2;PRDM16;TNFAIP3;LRP5;IDO1;TNFSF13;BCL2L11;TNFRSF11A;LYN;ID2;RET;HLA-B;LRRC17;PDPN;CTC1;HLA-E;SHLD3;TNFSF4;SPNS2;TRAF3IP2;CXCR5;MAD1L1;MAFB;TGFBR2"
"GOBP_IMMUNOGLOBULIN_PRODUCTION_INVOLVED_IN_IMMUNOGLOBULIN_MEDIATED_IMMUNE_RESPONSE",0.999221032132425,1,-0.190116589694427,-0.527805754461137,5130,49,"IL27RA;SHLD1;CD40;NFKBIZ;FOXP3;EXO1;MAD2L2;HSPD1;NBN;EXOSC6;NSD2;TFRC;PTPRC;TGFB1;RIF1"
"GOBP_IMP_METABOLIC_PROCESS",0.903360509047524,1,0.30457810865071,0.680657789263141,4542,16,"XDH;ADSS1;AMPD3"
"GOBP_IMPORT_ACROSS_PLASMA_MEMBRANE",0.787511825922422,1,-0.269300367672302,-0.875246099341794,4161,158,"GRM6;SLC38A3;FXYD3;KCNJ10;SLC5A2;SLC24A2;SLC30A8;ATP1B2;CACNA1E;KCNH2;FXYD6;SLC15A3;CACNA1H;SLC38A4"
"GOBP_IMPORT_INTO_THE_MITOCHONDRION",0.99119373776908,1,0.242291365396277,0.430592479597381,5064,6,"SFXN1;SFXN3;MPC2;SLC25A38"
"GOBP_INFLAMMASOME_MEDIATED_SIGNALING_PATHWAY",0.547021943573668,1,-0.331860839673868,-0.938738119361542,2791,55,"TLR9;GBP5;MEFV;NLRP3;USP50;PTPN22"
"GOBP_INHIBITORY_POSTSYNAPTIC_POTENTIAL",0.539868761185126,1,0.422215565914849,0.943548815642753,2714,16,"GABRB3;RIMS1;SYT1;NTSR1;DRD4;ABAT"
"GOBP_INHIBITORY_SYNAPSE_ASSEMBLY",0.570855882942473,1,0.388319485127874,0.921671977485986,2847,21,"HAPLN4;GABRA3;FGF13;GABRB3;LHFPL4"
"GOBP_INNATE_IMMUNE_RESPONSE_ACTIVATING_CELL_SURFACE_RECEPTOR_SIGNALING_PATHWAY",0.475622299938284,1,0.327666449158493,0.986613217263442,2311,76,"PAK3;KLRD1;CD36;CD14;PLCG2;COLEC10;OAS1;TNFAIP3;PIK3AP1;PIK3R1;LYN;IRAK2"
"GOBP_INOSINE_METABOLIC_PROCESS",0.770956557209872,1,-0.440947181884759,-0.751679389738819,3779,5,"ADA2;ADA;MAPDA;PNP"
"GOBP_INOSITOL_METABOLIC_PROCESS",0.768033109972408,1,0.403806777447339,0.765074653237592,3896,8,"MIOX;IMPA2;PPIP5K1;ISYNA1"
"GOBP_INOSITOL_PHOSPHATE_METABOLIC_PROCESS",0.908313444709626,1,-0.275324708469988,-0.715733667546,4566,35,"IP6K3;PLEK;PTAFR;ITPKA"
"GOBP_INTERFERON_ALPHA_PRODUCTION",0.648616364722278,1,-0.350999022285692,-0.871426605922375,3257,27,"TLR9;IRF5;HAVCR2"
"GOBP_INTERFERON_BETA_PRODUCTION",0.971731448763251,1,-0.24273373160842,-0.695692204764833,4949,60,"TLR9;IRF5;IRF1;POLR3G;TLR2;POLR3D;PYCARD;TRAF3IP3;RIPK2;NMI"
"GOBP_INTERFERON_MEDIATED_SIGNALING_PATHWAY",0.995945163158911,1,-0.214631324967791,-0.648062976732015,5157,84,"HPX;CIITA;PTPN6;IFNE;WNT5A;RBM47;IRF1"
"GOBP_INTERSTRAND_CROSS_LINK_REPAIR",0.993880773786024,1,-0.215433488450498,-0.582925551257983,5034,43,"HROB;FANCB;MCM9;FIRRM;XRCC3;FANCC;FANCA;NEIL3;MCM8;VCP;RAD51;FIGNL1;ATR;RFWD3;RAD51D"
"GOBP_INTRACELLULAR_DISTRIBUTION_OF_MITOCHONDRIA",0.592693885524517,1,0.498464285690973,0.918725895822456,3033,7,"LRRK2;BHLHA15"
"GOBP_INTRACELLULAR_GLUTAMATE_HOMEOSTASIS",0.82189349112426,1,0.437832014925211,0.710341311453794,4166,4,"KCTD7;SLC1A1"
"GOBP_INTRACELLULAR_IRON_ION_HOMEOSTASIS",1,1,0.179931457235705,0.535503332793845,4865,70,"STEAP4;BMP6;TMPRSS6;SCARA5;TFR2;SLC39A8;ATP13A2;BOLA2B;CYB561;B2M;SLC40A1;SLC11A2;CYBRD1;SKP1;EGLN1;NDFIP1;VMA22;SLC46A1;SLC11A1;ISCU;ATP6AP1"
"GOBP_INTRACELLULAR_LIPID_TRANSPORT",0.994100294985251,1,-0.217681807145199,-0.595194041224687,5054,45,"ABCA12;SYT7;PIP4K2A;TMEM97;ABCA1;STARD4;LDLR;CPT1B"
"GOBP_INTRACELLULAR_SPHINGOLIPID_HOMEOSTASIS",0.887428907628947,1,0.366203796263909,0.62471608190271,4524,5,"ORMDL1;RTN4;ORMDL3"
"GOBP_INTRINSIC_APOPTOTIC_SIGNALING_PATHWAY_IN_RESPONSE_TO_OXIDATIVE_STRESS",0.805779437782583,1,-0.289577406618053,-0.822957794888198,4098,57,"ADCY10;GATA4"
"GOBP_IRON_ION_IMPORT_ACROSS_PLASMA_MEMBRANE",0.577977977977978,1,0.629359620441316,0.964648199226562,2886,3,"SLC39A8;ISCU;STEAP2"
"GOBP_ISOCITRATE_METABOLIC_PROCESS",0.800745244165523,1,0.423360388095904,0.72222092065229,4082,5,"IDH2;IDH3A;IDH3G;IDH1"
"GOBP_ISOLEUCINE_METABOLIC_PROCESS",0.896186008566184,1,-0.356794597745854,-0.608225103853376,4393,5,"HSD17B10"
"GOBP_KETONE_BODY_METABOLIC_PROCESS",0.958906882591093,1,-0.274703741718765,-0.537136541531285,4736,9,"FABP1;OXCT2;AACS;HMGCL;ACSS3;ADHFE1;ACAT1;OXCT1;SLC27A5"
"GOBP_KETONE_METABOLIC_PROCESS",0.867441360017215,1,0.256297309278525,0.862018415189743,4030,181,"SRD5A2;MALRD1;HSD11B2;BGLAP;AVPR1A;SNCA;ABCD2;FMO4;FABP3;PDK4;HSD17B6;ANGPTL4;BMP6;CYP46A1;ADH4;AKR1C1;FMO1;SOX9;PPARGC1A;HAGH;AKR1C2;IDO1;PROX1"
"GOBP_L_AMINO_ACID_METABOLIC_PROCESS",0.887954593231028,1,0.25464779438426,0.837094950555969,4223,145,"GAD1;FTCD;NDP;RIMKLA;CDO1;GGT1;CARNS1;NOS3;TTC36;PRODH;GPT;ALDH5A1;HAL;DDO;IDO1;MTTP;ATCAY;HPD;SIRT4;ATP2B4;DDAH1"
"GOBP_L_ARGININE_IMPORT_ACROSS_PLASMA_MEMBRANE",0.515078889554624,1,-0.652969612080099,-1.01043797543177,2578,3,"SLC7A2;SLC7A1"
"GOBP_L_ASCORBIC_ACID_METABOLIC_PROCESS",0.925069748903946,1,0.305514917883174,0.625106896032872,4641,11,"ATP1A2;GSTO2;SLC2A1;ERO1A;CLSTN3;SLC23A2;GCLC"
"GOBP_L_ASPARTATE_IMPORT_ACROSS_PLASMA_MEMBRANE",0.788700795431369,1,-0.430272412482301,-0.73348218953052,3866,5,"SLC1A3;SLC1A4;SLC1A5"
"GOBP_L_GLUTAMATE_IMPORT",0.917903066271019,1,-0.271099705969227,-0.716589505820783,4639,38,"TTYH1;KCNJ10"
"GOBP_L_GLUTAMATE_IMPORT_ACROSS_PLASMA_MEMBRANE",0.644906033630069,1,0.384209287663307,0.872979141789367,3259,17,"GRM1;TNF;NTSR1;ATP1A2;ARL6IP5;SLC1A1;PER2;SLC1A2"
"GOBP_L_GLUTAMATE_TRANSMEMBRANE_TRANSPORT",0.897038362154641,1,0.284705074400206,0.729684231248599,4512,30,"SLC17A7;GRM1;TNF;NTSR1;ATP1A2;SLC1A7;ARL6IP5;SLC25A22;SLC1A1;SLC25A18"
"GOBP_L_KYNURENINE_METABOLIC_PROCESS",0.531630170316302,1,-0.608758416534555,-0.992489340805365,2621,4,"ALDH8A1"
"GOBP_L_LEUCINE_IMPORT_ACROSS_PLASMA_MEMBRANE",0.807464817458699,1,-0.418416548918449,-0.713271586867382,3958,5,"SLC7A5;SLC3A2"
"GOBP_L_LEUCINE_METABOLIC_PROCESS",0.541121312756398,1,0.523360812275371,0.964613002172335,2769,7,"AUH;IVD;MCCC1;BCKDK"
"GOBP_L_SERINE_CATABOLIC_PROCESS",0.421735604217356,1,-0.665043377089453,-1.08425353146147,2079,4,"ENSG00000274276;CBS;SDSL"
"GOBP_L_SERINE_METABOLIC_PROCESS",0.644637910565888,1,0.419219532324883,0.875709519910591,3257,12,"NDP;SERINC3"
"GOBP_LACTONE_METABOLIC_PROCESS",0.925364198762722,1,0.30194072644746,0.641500897506326,4636,13,"ATP1A2;GSTO2;SLC2A1;PON2;ERO1A;CLSTN3;SLC23A2;GCLC"
"GOBP_LEUKOTRIENE_B4_METABOLIC_PROCESS",0.452554744525547,1,-0.769611043745919,-1.03017325307342,2231,1,"PTGR1"
"GOBP_LEUKOTRIENE_METABOLIC_PROCESS",0.83504746835443,1,0.326174828177401,0.748909971178675,4221,18,"GGT1;ALOX5AP;MGST2;PLA2G4A;ALOX12;LTC4S;GGTA1"
"GOBP_LINOLEIC_ACID_METABOLIC_PROCESS",0.87055533359968,1,0.329145056043942,0.712113875021376,4357,14,"CYP2J2;GSTA1;ALOX12;GSTM2;ALOXE3"
"GOBP_LIPID_BIOSYNTHETIC_PROCESS",0.890636042402827,1,-0.245822308179628,-0.902560284187047,5040,636,"DHH;CD74;IL1B;PDGFB;RPE65;LIPG;AGMO;DGKB;CYP24A1;FITM1;APOC2;POMC;ABHD1;UGT8;CERS4;ACSM5;APOE;MFSD2B;ST8SIA5;LPL;CYP2D6;WNT4;APOA2;IP6K3;CERS1;PLA2G1B;GPAT3;PLP1;ST8SIA4;APOA1;FABP5;RDH8;MLXIPL;FGFR4;CACNA1H;CH25H;ABCA8;NR5A2;ETNK2;APOB;EGR1;CTHRC1;ELOVL2;ELOVL7;ITPKA;B4GALNT1;ALDH8A1;AVIL;ACSBG1;PLA2G4C;CEACAM1;SNAI1;FLVCR1;PCYT1B;OLAH;PIK3C2B"
"GOBP_LIPID_CATABOLIC_PROCESS",0.886019090398652,1,-0.252097063717289,-0.867059406497901,4733,277,"IL1B;LIPG;ALK;CYP24A1;HCAR1;APOC2;ABHD1;APOE;ACOXL;PLA2G2A;LPL;APOA2;PLA2G1B;AKR1B10;PLA2G4B;GDPD3;PLPP2;APOB"
"GOBP_LIPID_DROPLET_FORMATION",0.594419733117671,1,-0.398458007676357,-0.907302457792865,2939,18,"FITM1;PLA2G4C"
"GOBP_LIPID_DROPLET_FUSION",0.823690919788194,1,0.409624995459788,0.698789375816949,4199,5,"PNPLA2;CIDEB;CLSTN3"
"GOBP_LIPID_DROPLET_ORGANIZATION",0.989757730943471,1,-0.22539708358666,-0.602371148153846,5024,40,"FITM1;PLA2G4C;CIDEC;FABP1"
"GOBP_LIPID_EXPORT_FROM_CELL",0.5032589373889,1,-0.362827017461543,-0.963057237322145,2547,39,"IL1B;POMC;WNK4;TNFSF11;GAL;TAC1"
"GOBP_LIPID_HOMEOSTASIS",0.445853843241197,1,-0.308853106313362,-0.998201241754864,2354,151,"LIPG;ABCA12;APOC2;APOE;ANGPTL8;LPL;APOA2;APOA1;MLXIPL;FGFR4;CEBPA;NR5A2;APOB;HNF4A;C1QTNF3"
"GOBP_LIPID_HYDROXYLATION",0.977135980746089,1,-0.337484259129705,-0.488681078541113,4871,2,"CYP2E1;CYP3A5"
"GOBP_LIPID_IMPORT_INTO_CELL",0.521852970795569,1,0.396269384022181,0.957939416478561,2590,23,"CD36;SLC27A2;FABP3;SLC27A6"
"GOBP_LIPID_METABOLIC_PROCESS",1,1,0.207330290745032,0.800598325369382,4121,1141,"GSTM1;DGKG;PLCH2;SRD5A2;MALRD1;LEP;PTPRN2;ACOT12;IDI2;CCDC3;HAO2;ALDH1A1;ALDH3A1;HSD11B2;BGLAP;TTPA;INPP5D;GPAT2;AVPR1A;LIPF;DEGS2;ENDOU;PLPPR3;SNCA;AGT;CD36;GAL3ST3;ABCD2;DHRS4L1;CFTR;SLC27A2;HPGD;FMO4;FABP3;PDK4;SOAT2;PLCG2;CYP2J2;PDE8B;FUCA1;TNXB;TNF;CAV3;HSD17B6;ACSL6;CYP39A1;GGT1;ANGPTL4;CYP4B1;ASAH2;BMP6;PROCA1;IL1RN;ESR1;ADGRF5;BCL11B;NR0B1;ST8SIA6;CYP46A1;ADH4;MBOAT1;SDR42E1;CEL;SLC27A6;APOD;FAAH;PRKAA2;ACSM3;AKR1C1;AKR1B15;ALDH1A2;FMO1;PPM1L;PTGIS;CDS1;PLCB4;PLPP3;TBXAS1;GPER1;SOX9;KIT;AOX1;PPARGC1A;ASXL3;LRP5;TTR;PLCD1;HSD17B2;PTPRQ;RDH5;ATP8B1;C3;DHCR24;ST8SIA1;FAXDC2;PLA2G15;IMPA2;FUT1;AKR1C2;GPLD1;ACER2;PROX1;PIK3R1;PLD4;PITPNM3;OSBPL10;ABCA4;SULT1A4;TMEM86A;UCP3;ABCB4;PDK2;CYP2U1;FGF1;MGST2;PLCXD1;SORBS1;ABCA7;PRLR;ADORA1;TRPV1;DKKL1;SERINC4;MTTP;NCEH1;PLA2G4A;ALDH3A2;ID2;RAB38;GSTA1;CYB5R1;PIK3R3;SULT2B1;PNPLA2;SIRT4;KAT2B;ETFDH;FMO2;RETSAT;ALOX12;ZNF670;MGLL;SCD5;ABCA5;ABHD8;ACOT4;PLCD4;TWIST1;SPP1;CIDEB;PAM;CYP7B1;ABCA3;ENPP2;MLYCD;PDK3;PIGN;TMEM86B;ITGB8;RDH13;NAAA;GSTM2;PLPP1;CYP27C1;HSD3B7"
"GOBP_LIPID_PHOSPHORYLATION",0.688950605038683,1,0.422015501314098,0.842970540578449,3472,10,"DGKG;DGKA;DGKZ"
"GOBP_LIPID_TRANSPORT_ACROSS_BLOOD_BRAIN_BARRIER",0.557236304170074,1,-0.533583339332987,-0.949111657962522,2725,6,"APOE;FABP5"
"GOBP_LIPOSACCHARIDE_METABOLIC_PROCESS",1,1,-0.165467739774346,-0.511929371303581,5171,104,"UGT8;ST8SIA5;ST8SIA4;B4GALNT1;B3GALT2;GBGT1;ST3GAL1;ST3GAL2;PIGA"
"GOBP_LIPOXIN_A4_METABOLIC_PROCESS",0.865031897926635,1,0.486306853809049,0.698727228439023,4338,2,"ALOX12;PTGR1"
"GOBP_LONG_CHAIN_FATTY_ACYL_COA_METABOLIC_PROCESS",0.80762358546754,1,-0.324777879180193,-0.778522531677455,4067,23,"ELOVL2;ELOVL7;ACSBG1"
"GOBP_LONG_TERM_SYNAPTIC_DEPRESSION",0.82957042957043,1,0.306925420755654,0.775552991821384,4151,28,"KCNB1;PENK;GRIA1;DRD1;GRM5;ADORA1;SHANK2"
"GOBP_LYSINE_METABOLIC_PROCESS",0.98206006853457,1,-0.236131199552093,-0.473431217252667,4871,10,"ALDH7A1;AADAT;AASS;SLC25A21;CRYM;DLD;DLST;PIPOX;GCDH;HYKK"
"GOBP_MACROAUTOPHAGY",1,1,0.165316268184458,0.597282873117429,4617,376,"TMEM74;ATG9B;KDR;PRKAA2;LRRK2;ADRB2;SLC25A4;ATP6V0E2;TP53INP2;ATP6V1E2;FYCO1;RETREG1;CTSK;FEZ2;PRKN;MOAP1;FZD5;VAMP8;ATP13A2;RAB23;BNIP3;NOD2;DCN;C9orf72;STBD1;PINK1;RUBCNL;MAP1LC3C;UBXN2B;ATG4A;EPG5;MAP1LC3A;HK2;SNX7;SNX18;PPTC7;DELE1;FBXO2;STING1;ATP6V0E1;SKP1;TBC1D25;BCL2L13;ATG2B;QSOX1;MCOLN1;WIPI2;STX17;MAPK8;ATP6V0A1;USP30;RTN3;UBXN6;LGALS8;DNAJC16;VPS37C;OPTN;RETREG3;GABARAPL1;IKBKG;ATG16L1;ABI2;RB1CC1;RAB2B;VPS33B;SNX14;GABARAPL2;SNAPIN;ATP6V0C;VPS11;LRSAM1;NRBP2;SCOC;KAT5;MUL1;ATP6V1C1;EXOC7;NBR1;MFN2;ZNRF1;ATP6V1E1;RETREG2;MAP1LC3B;ATP5IF1;RUBCN;CHMP4B;TRAF6;FKBP8;SPATA33;WDFY3;WDR45B;CAPNS1;VPS39;SRC;CHMP5;ATG16L2;GAPDH;SESN1;CHMP6;DIAPH3;VPS37D;STX12;DDRGK1;VPS36;WDR45;UFC1;UBXN2A;PIK3R4;SIRT1;VPS37B;TSG101;ATM;ATG13;EXOC8;PLEKHM1;FBXL4;RAB1B;AKT1;BNIP3L;VPS26B;SNX6;GABARAP;SESN3;TOM1;LIX1L;KLHL3;ULK1;STAM;UBA5;RAB7A;ACBD5;CTTN;SEC22B;MAPK3;AMBRA1;PEX5;PSEN1;CHMP1B;RNF5;MAP3K7;CHMP1A;STAM2;EMC6;YOD1;VPS28;ATP6V1D;CLN3;ATP6V0D1;TMEM41B;ATP6V1H;PAFAH1B2;BAG3;SNAP47;VTI1B;CSNK2A2;GBA1;TP53INP1;UBQLN2;CHMP2B;FBXO7"
"GOBP_MACROPHAGE_ACTIVATION_INVOLVED_IN_IMMUNE_RESPONSE",0.721391023048928,1,-0.362008287768217,-0.824305203825319,3567,18,"IL1B;IL33;SYK;HAVCR2"
"GOBP_MACROPHAGE_CYTOKINE_PRODUCTION",0.604861390116513,1,-0.408419285641635,-0.89545824217539,3010,15,"CD74;WNT5A;LAPTM5"
"GOBP_MAINTENANCE_OF_CENTROSOME_LOCATION",0.94255928045789,1,-0.312918105395133,-0.556603251873134,4610,6,"ASPM;SPOUT1;TBCCD1"
"GOBP_MAINTENANCE_OF_POSTSYNAPTIC_DENSITY_STRUCTURE",0.546981832389139,1,0.520841982849448,0.959970515464293,2799,7,"PPFIA2;SHANK1;PRICKLE1;ARF6"
"GOBP_MAINTENANCE_OF_POSTSYNAPTIC_SPECIALIZATION_STRUCTURE",0.654444001594261,1,0.423359258514904,0.866225432887788,3283,11,"PPFIA2;SHANK1"
"GOBP_MAINTENANCE_OF_PRESYNAPTIC_ACTIVE_ZONE_STRUCTURE",0.669271342058996,1,0.460770317669611,0.849251661596178,3425,7,"RIMS1;PCLO;RAB3A"
"GOBP_MAINTENANCE_OF_PROTEIN_LOCATION_IN_MITOCHONDRION",0.441066875858011,1,0.624666925171016,1.06563470386806,2248,5,"PINK1;HK2;HK1;AKT1"
"GOBP_MAINTENANCE_OF_SYNAPSE_STRUCTURE",0.481216457960644,1,0.383185438583055,0.982084259534824,2420,30,"ADGRB3;RIMS1;PCLO;PPFIA2;SORT1;RAB3A"
"GOBP_MALONYL_COA_METABOLIC_PROCESS",0.628180039138943,1,0.504172686038757,0.89599960226249,3209,6,"MLYCD;NUDT7;NUDT19;ACACB"
"GOBP_MANNOSE_METABOLIC_PROCESS",0.749111023310944,1,0.403310668625476,0.787280813875342,3791,9,"MAN2B2;MAN2A2;HK1;MAN2B1;PMM1"
"GOBP_MAST_CELL_ACTIVATION_INVOLVED_IN_IMMUNE_RESPONSE",0.771843707048891,1,-0.300019244747068,-0.823713485899862,3930,46,"PTGDR;PTPN6;RAB44;SYK;GATA2;TAC1;STXBP2;PTGDS"
"GOBP_MAST_CELL_CYTOKINE_PRODUCTION",0.428007889546351,1,0.667442586070333,1.08286289203931,2169,4,"KIT;BCL6;BCL10"
"GOBP_MATURE_CONVENTIONAL_DENDRITIC_CELL_DIFFERENTIATION",0.954554554554555,1,0.342709948418522,0.525287171056728,4767,3,"CCR7"
"GOBP_MEDIUM_CHAIN_FATTY_ACYL_COA_METABOLIC_PROCESS",0.810158854677388,1,0.417807852109228,0.712748712658792,4130,5,"NUDT7;HSD17B4;ACOT7;NUDT19"
"GOBP_MEIOTIC_CYTOKINESIS",0.898741883116883,1,-0.332931517748632,-0.632595110029995,4428,8,"CENPV;SPIRE1;ORC4;ACTR2;ACTR3;WASHC5"
"GOBP_MEMBRANE_LIPID_BIOSYNTHETIC_PROCESS",0.864714887102947,1,-0.261977106630865,-0.838074376329653,4518,139,"UGT8;CERS4;MFSD2B;ST8SIA5;CERS1;ST8SIA4;ABCA8;ELOVL2;ELOVL7;B4GALNT1"
"GOBP_MEMBRANE_LIPID_CATABOLIC_PROCESS",0.628038897893031,1,0.331142878250403,0.905255446854252,3099,43,"FUCA1;ASAH2;CEL;PLPP3;ACER2;MGST2;ENPP2;PLPP1;SMPD1;ASAH1;SUMF1;ASAH2B;PRKCD"
"GOBP_MEMBRANE_LIPID_METABOLIC_PROCESS",0.741530975107617,1,-0.271029712427924,-0.89919164927806,3961,191,"AGMO;ABCA12;UGT8;CERS4;MFSD2B;ST8SIA5;CERS1;ST8SIA4;PLPP2;ABCA8;ELOVL2;ELOVL7;B4GALNT1"
"GOBP_MENAQUINONE_METABOLIC_PROCESS",0.527980535279805,1,-0.732347728756646,-0.980293939704996,2603,1,"UBIAD1"
"GOBP_MESONEPHROS_DEVELOPMENT",0.621918375802776,1,0.300478514217656,0.925357732006922,3001,89,"FGF10;BMP4;NOG;ROBO2;AGT;LAMA5;FGFR2;GATA3;BMPER;OSR1;WNT11;SOX9;OSR2;WNT2B;NPNT;PAX8;FGF1;FOXC2;RET;EYA1;GREM1;GDNF;CAT;PKD2;CRLF1;GREB1L;SIM1"
"GOBP_METABOLIC_COMPOUND_SALVAGE",0.906761285235561,1,-0.27281326691604,-0.731460355467602,4599,41,"BHMT;CDA;ADA;UPP1;UCK2;NMNAT2;PDXK;QNG1;PNP;BHMT2"
"GOBP_METALLO_SULFUR_CLUSTER_ASSEMBLY",0.99338146811071,1,-0.209642480817243,-0.525790128464218,4952,29,"FXN"
"GOBP_METANEPHROS_MORPHOGENESIS",0.531467143140758,1,-0.391719543646931,-0.938987875643917,2676,23,"WNT7B;HES1;WNT4;SIX2;WNT9B;LGR4;SMO;SALL1;LIF"
"GOBP_METHIONINE_METABOLIC_PROCESS",0.573058446757406,1,-0.425568752259291,-0.918943662297891,2862,14,"BHMT"
"GOBP_MICROGLIAL_CELL_ACTIVATION_INVOLVED_IN_IMMUNE_RESPONSE",0.553761242845462,1,-0.535698171357661,-0.952873416588194,2708,6,"IL1B;IL33"
"GOBP_MITOCHONDRIAL_CALCIUM_ION_HOMEOSTASIS",0.989389389389389,1,0.221829232261023,0.531860653102144,4941,22,"SLC25A27;SLC25A23;BNIP3;SLC8B1;MCUB;TGM2;PDZD8;DISC1;MICU2"
"GOBP_MITOCHONDRIAL_CALCIUM_ION_TRANSMEMBRANE_TRANSPORT",0.936555891238671,1,0.274441309066735,0.663432902124693,4649,23,"SLC25A23;UCP2;PSEN2;LETM2;SLC8B1;MCUB;SPG7;BHLHA15;MICU2"
"GOBP_MITOCHONDRIAL_ELECTRON_TRANSPORT_NADH_TO_UBIQUINONE",0.999606531575841,1,-0.167039837716684,-0.467486425912284,5080,52,"MT-ND3;NDUFA9;NDUFA3;NDUFB3;NDUFA1;NDUFA7;NDUFB4;NDUFS6;NDUFA2;NDUFAF1;NDUFB1;DNAJC15;NDUFA6;NDUFS7;NDUFB2;NDUFS8;NDUFS5;MT-ND2;NDUFB9;NDUFB5;NDUFA4;NDUFV2;NDUFS2"
"GOBP_MITOCHONDRIAL_ELECTRON_TRANSPORT_SUCCINATE_TO_UBIQUINONE",0.696716296145217,1,-0.484700065304599,-0.82626460551855,3415,5,"SDHA;SDHC;SDHD;SDHAF2;SDHB"
"GOBP_MITOCHONDRIAL_ELECTRON_TRANSPORT_UBIQUINOL_TO_CYTOCHROME_C",0.681745396317054,1,-0.390298000905524,-0.842782446868051,3405,14,"UQCRQ;UQCRH;CYCS;UQCRHL;UQCRB;UQCR11;UQCRC1;UQCR10;MT-CYB;UQCRFS1;CYC1"
"GOBP_MITOCHONDRIAL_FISSION",0.475698663426488,1,0.361841788115054,0.98537737716925,2348,42,"KDR;LRRK2;C11orf65;MIEF2;PRKN;BNIP3;MFF;DCN;PINK1;UCP2;RALBP1;BCL2L13;MTFR1L"
"GOBP_MITOCHONDRIAL_FRAGMENTATION_INVOLVED_IN_APOPTOTIC_PROCESS",0.46931048226385,1,0.493217843314557,1.00916144206184,2354,11,"NPTX1;PRKN;BNIP3"
"GOBP_MITOCHONDRIAL_FUSION",0.999198557403326,1,-0.162680544544002,-0.420230980573923,4986,34,"ADCK1;OMA1;MFN1;MSTO1;BAK1;STOML2;TFRC;AFG3L2;THG1L;OPA1;PARL"
"GOBP_MITOCHONDRIAL_LARGE_RIBOSOMAL_SUBUNIT_ASSEMBLY",0.666130976295701,1,-0.390202957740878,-0.855518989710178,3315,15,"MTG1;GTPBP10;MTERF4;NSUN4;GTPBP6;TUFM;MRM2;MTG2"
"GOBP_MITOCHONDRIAL_MEMBRANE_ORGANIZATION",1,1,-0.117363710373122,-0.366825263091565,5164,115,"ARHGAP11B;ADCK1;PMAIP1;CAMK2A;OMA1;IER3;ROMO1;SLC9A1;TIMM13;BID;TIMM8B;PPIF;TMEM126A;BAK1;RTL10;GHITM;HSPA9;TIMM9;MICOS10;TIMM50;CASP6;TOMM5;BOK;APOO;COX18;MICOS13;AFG3L2;OPA1;LETM1"
"GOBP_MITOCHONDRIAL_MRNA_CATABOLIC_PROCESS",0.542524984703243,1,-0.571587617688654,-0.974381171481806,2659,5,"SLIRP;PNPT1;PDE12;SUPV3L1"
"GOBP_MITOCHONDRIAL_OUTER_MEMBRANE_PERMEABILIZATION",0.918822832312858,1,0.275099795695654,0.710619945215135,4651,31,"LRRK2;EYA2;TMEM102;BNIP3;HSPA1A;HIP1R;TMEM14A;BCL2L1;MUL1;ATP5IF1;SIVA1;GCLC;BNIP3L;MPV17L"
"GOBP_MITOCHONDRIAL_PROTEIN_CATABOLIC_PROCESS",0.879587383455664,1,0.339138182389013,0.677424161077157,4433,10,"BNIP3;SPATA18;AFG1L;BNIP3L"
"GOBP_MITOCHONDRIAL_PROTEIN_PROCESSING",0.971749148467241,1,-0.254222108977479,-0.540358628687345,4849,13,"IMMP1L;OMA1;STOML2;AFG3L2;IMMP2L;MIPEP;UQCRC1"
"GOBP_MITOCHONDRIAL_PROTON_TRANSPORTING_ATP_SYNTHASE_COMPLEX_ASSEMBLY",0.837256493506494,1,-0.370265810672968,-0.703533095415309,4125,8,"FMC1;ATP5F1D"
"GOBP_MITOCHONDRIAL_RESPIRASOME_ASSEMBLY",0.659239574816026,1,-0.478098151565402,-0.850417349740147,3224,6,"COX7A1;RAB5IF;COX7A2L"
"GOBP_MITOCHONDRIAL_RIBOSOME_ASSEMBLY",0.90827517447657,1,-0.285707615445674,-0.702795934365461,4554,26,"MTG1;GTPBP10;MTERF4;NSUN4;GTPBP6;TUFM;MTERF3;MRM2;MTG2;TFB1M;FASTKD2;METTL15;NDUFAB1;METTL17;MALSU1;RCC1L;MPV17L2;NOA1;NGRN;MRPS2;RBFA;ERAL1;DHX30;DDX28;MRM3;MCAT"
"GOBP_MITOCHONDRIAL_RNA_MODIFICATION",0.609692338628594,1,-0.401926567263677,-0.89397877880854,3031,16,"YRDC;TRMT5;HSD17B10;PUS1;METTL8;TRMT10C;MTO1;NSUN4"
"GOBP_MITOCHONDRIAL_SMALL_RIBOSOMAL_SUBUNIT_ASSEMBLY",0.699448167126527,1,0.434103102402613,0.822475746047513,3548,8,"MCAT;ERAL1;RBFA;NOA1;RCC1L;METTL17;METTL15;TFB1M"
"GOBP_MITOCHONDRIAL_TRANSCRIPTION",0.943707277844793,1,-0.275578790141897,-0.636239680496602,4693,19,"TWNK;TFAM;TFB2M;POLRMT;MTERF3;MRPL12;MTRES1;TFB1M;METTL4;SLC25A33;THAP11;MTERF2;KANSL1;PRKAA1;MTERF1;KANSL3;TEFM;KAT8;FOXO3"
"GOBP_MITOCHONDRIAL_TRANSLATIONAL_ELONGATION",0.959403804667582,1,0.296669465435209,0.506095753123465,4891,5,"GFM2;MRPL44;TUFM;TSFM;GFM1"
"GOBP_MITOCHONDRIAL_TRANSLATIONAL_TERMINATION",0.953520298097666,1,0.305374558550683,0.520945986024324,4861,5,"MTRFR;GFM2;MTRF1L;MRPL58"
"GOBP_MITOCHONDRIAL_TRANSMEMBRANE_TRANSPORT",0.98978978978979,1,0.219486580235671,0.526243880130004,4943,22,"UCP3;SLC25A29;UCP2;SLC25A20;SFXN1;CPT1A;SLC25A39;ABCB10;SLC25A40;SFXN3"
"GOBP_MITOCHONDRIAL_TRANSPORT",0.903634475597092,1,0.260337605932797,0.798659174522735,4350,87,"NPTX1;LRRK2;SLC25A4;UCP3;EYA2;BCL2L11;TMEM102;PRKN;BNIP3;HSPA1A;SLC25A29;STARD3;PINK1;UCP2;HK2;SLC25A20;SFXN1;BAD;SPG7;NOL3;HIP1R;TMEM14A;BCL2L1"
"GOBP_MITOCHONDRIAL_TRNA_PROCESSING",0.458055387103295,1,-0.444642326084131,-1.00030296348488,2265,17,"YRDC;TRMT5;HSD17B10;PUS1;METTL8;TRMT61B;TRNT1;TRMT10C;MTO1"
"GOBP_MITOCHONDRION_ENDOPLASMIC_RETICULUM_MEMBRANE_TETHERING",0.923728813559322,1,0.318357825985538,0.603178344011631,4686,8,"PSEN2;PDZD8;CALM1;VMP1;ATP2A2;PACS2"
"GOBP_MITOCHONDRION_LOCALIZATION",0.778278768868849,1,-0.29390939859093,-0.833704868002382,3969,56,"TLE6;ATP2A1;UCHL1"
"GOBP_MITOCHONDRION_ORGANIZATION",1,1,0.135385358603547,0.491281784259451,4583,402,"NPTX1;PDE2A;SNCA;IFI6;ATAD3C;KDR;NOS3;SFN;LRRK2;CCDC188;CXADR;SLC25A4;GPER1;PPARGC1A;C11orf65;RAB3A;IGF1;EYA2;HRK;MIEF2;BCL2L11;RAB38;CAMKMT;SOD2;SIRT4;BCL2L2;TMEM102;PRKN;MOAP1;ATP13A2;BNIP3;HSPA1A;IFIT2;MFF;DCN"
"GOBP_MITOTIC_CYTOKINESIS",0.758760107816712,1,-0.281020903404816,-0.865150286797118,3940,99,"MYH14;NUSAP1;ANK3;AURKB;IQGAP2;RHOB;CENPA;CIT;KIF20A;PLK1;BIRC5;KIF4A;RACGAP1;RTKN;CEP55;KIF23;MAP9;IQGAP3;INCENP;ANLN;CDCA8;KIF20B"
"GOBP_MITOTIC_CYTOKINETIC_PROCESS",0.754518371400199,1,-0.313957999470641,-0.825482737933733,3798,37,"AURKB;IQGAP2;KIF20A;PLK1;CEP55;IQGAP3;KIF20B"
"GOBP_MODIFICATION_OF_POSTSYNAPTIC_ACTIN_CYTOSKELETON",0.52193248433394,1,-0.425429182825906,-0.957079538696873,2581,17,"SPTB;ITPKA"
"GOBP_MODIFICATION_OF_POSTSYNAPTIC_STRUCTURE",0.463678206924155,1,-0.397086179840597,-0.991409645386835,2316,28,"SPTB;ITPKA;FILIP1;RHOB"
"GOBP_MODIFICATION_OF_SYNAPTIC_STRUCTURE",0.621718377088305,1,-0.343684216955837,-0.893440935419313,3125,35,"SPTB;ITPKA;FILIP1;RHOB"
"GOBP_MONOSACCHARIDE_METABOLIC_PROCESS",0.697225834416992,1,0.26860711705004,0.927066324088573,3216,231,"LEP;GPD1;GAL3ST3;PHKA1;PDK4;FUCA1;TNF;NR0B1;ALDOB;ATP1A2;APOD;GCK;OAS1;PPARGC1A;LRP5;PPP1R3G;FUT1;GPLD1;IGF1;PDK2;PGAM2;GSTO2;SORBS1;ACTN3;TCF7L2;KAT2B;PRKN;TFAP2B;MAN2B2;LDHA;MLYCD;PDK3;CD101;PPP1R3E;ENO3;NR3C1;MST1;PDK1;FOXO1;C1QTNF1;MAN2A2;SLC2A1;ENO2;SLC25A10;IGFBP4;SIK1;PRKAG2;GLB1L;C1QTNF12;EPM2AIP1;PER2;B3GLCT;PPP1R3B;HK2;FKRP;PFKP;H6PD;FUT10;BAD;LEPR;BCL2L13;RBKS;HK1;HSD17B14;MAN2B1;INSR;ADIPOR1"
"GOBP_MOTOR_NEURON_AXON_GUIDANCE",0.849449449449449,1,0.310599313078296,0.744696953702284,4242,22,"NOG;KIF5C;SEMA3F;SEMA3A"
"GOBP_MRNA_METABOLIC_PROCESS",1,1,-0.177488160056787,-0.657461032093592,5718,735,"PKP1;ESRP2;CACNG7;RBPMS2;PAPOLB;TRIM71;TAF12-DT;SRSF12;A1CF;RAMACL;ABCC2;RBM20;IGF2BP1;SNRPE;RBM47;MAGOHB;SNRPD1;NFKBIZ;ELAVL4;CCNB1;RBM46;AFF2;IKBKE;SMG6;MTPAP;ZFP36;EXOSC8;PAXBP1;PLEKHN1;ZC3H12A;TTC5;MEIOC;TAF10;ZPR1;JMJD6;DCPS;CPSF4;DNAJC17;PIWIL2;PIAS4;KIN;PRPF38A;LSM2;PCF11;DND1;ALYREF;SENP1;NOCT;SLIRP;PATL2;SREBF1;FASTKD1;HNRNPA1L3;DHX34;IGF2BP2;NOP56;HNRNPH1;PELO;EPAS1;SMN2;CEBPG;RBM14;ZRSR2P1;GEMIN8;PRKCA;GTPBP2;ESRP1;EFTUD2;SRSF7;NOP58;TXNL4B;RBM17;CCAR2;BUD31;PUS1;VDR;DKC1;CCNL1;TIAL1;TBRG4;RBM7;LSM8;PAPOLG;METTL8;SREK1IP1;MBNL2;RRP1B;SNRPG;LSM5;QKI;FASTKD3;TRMT61B;STRAP;VIRMA;CELF1;UBL5;ISY1;EXOSC6;NCBP3;PUS7;TTF2;THUMPD2;THOC1;GEMIN2;HLTF;CRIPT;CPSF6;SRSF3;KHDRBS1;EIF4A3;HNRNPM;AKAP17A;ERN1;ZMAT5;SNRPB2;PRPF18;EIF3E;CPSF3;EXOSC2;SF3A3;PNPT1;PATL1;GSPT1;CSTF3;LSM7;SNRPD2;SFPQ;DAZAP1;SNRPA;PNN;SMG1;PLRG1;RBM22;MOV10;NPM1;PPIL1;POLR2G;TSEN15;SNRNP200;TRMT10C;PRPF40B;METTL16;TSEN54;GEMIN4;SNRPF;IREB2;SNRPA1;LSM10;NICOL1;CWF19L1;ATXN2L;TAF7;SF3B3;DDX46;TNRC6B;CTNNBL1;APEX1;U2AF2;DHX36;PUF60;ZCCHC8;C1QBP;RBM10;THOC3;SECISBP2;TAF11;DDX47;RBM33;EXOSC9;MTREX;PRPF4;USP49;MYG1;RBM28;RARA;RPUSD2;NCBP1;SYMPK;RNF113A;TRA2B;AKAP8L;FBL;CNOT7;HNRNPD;N4BP2;TAF15;PTBP3;HNRNPAB;NUDT21;MRTO4;HNRNPH3;HNRNPR;CWC15;PRPF19;TNRC6C;RBMX2;RBM42;TAF1;RC3H1;PPIE;MAGOH;RPRD1A;GEMIN5;ETF1;HNRNPF;RBBP6;AGO2;ACIN1;CNOT1;SRSF6;NBDY;PAN3;DDX39B;SF3B6;THRAP3;FUS;PDE12;DDX39A;TAF12;SERBP1;NSUN2;TAF9;FAM76B;RNASEL;CMTR2;PAN2;PRPF3"
"GOBP_MULTICELLULAR_ORGANISMAL_LEVEL_IRON_ION_HOMEOSTASIS",0.644006436041834,1,0.362517402515897,0.884425311459572,3201,24,"BMP6;TMPRSS6;TFR2;SOD2;B2M;SLC40A1;SLC11A2;CYBRD1"
"GOBP_MYCOTOXIN_METABOLIC_PROCESS",0.528060714999001,1,-0.645746334682808,-0.99926031317265,2643,3,"AKR7A3"
"GOBP_MYELOID_CELL_ACTIVATION_INVOLVED_IN_IMMUNE_RESPONSE",0.839525384166505,1,-0.275201561746271,-0.817523549936199,4315,76,"IL1B;PTGDR;IL33;PTPN6;RAB44;SYK;HAVCR2;GATA2;TAC1;F2RL1;STXBP2;PTGDS;IL1RAP;IL1R1;FGR"
"GOBP_MYELOID_DENDRITIC_CELL_CHEMOTAXIS",0.740363491112443,1,-0.519053059670057,-0.80320877580187,3706,3,"CCL21"
"GOBP_MYELOID_DENDRITIC_CELL_CYTOKINE_PRODUCTION",0.929087712443837,1,0.317052019005095,0.58436262846594,4755,7,"RIGI;MAVS"
"GOBP_MYELOID_LEUKOCYTE_CYTOKINE_PRODUCTION",0.901652398964762,1,-0.285640333670167,-0.709160341427182,4528,27,"CD74;WNT5A;LAPTM5;CAMK4"
"GOBP_N_ACYLETHANOLAMINE_METABOLIC_PROCESS",0.492555578217418,1,-0.597767571241868,-1.01900994408481,2414,5,"GDPD3"
"GOBP_N_ACYLPHOSPHATIDYLETHANOLAMINE_METABOLIC_PROCESS",0.908626328699918,1,-0.33744634815264,-0.600232877152637,4444,6,"PLAAT4;ABHD4;PLAAT1"
"GOBP_N_TERMINAL_PROTEIN_LIPIDATION",0.609422802365898,1,-0.534738496181154,-0.911564747417646,2987,5,"HHAT"
"GOBP_NADPLUS_METABOLIC_PROCESS",0.742299174552044,1,0.317464739956283,0.843617676760875,3686,37,"GPD1;NMNAT3;IDO1;SLC25A22;SLC25A18;AFMID;GPD1L"
"GOBP_NADPPLUS_METABOLIC_PROCESS",0.436830402263998,1,0.377846456547513,1.01049743361623,2160,38,"ALDH1L1;ALDOB;GCK;FMO2"
"GOBP_NATURAL_KILLER_CELL_ACTIVATION_INVOLVED_IN_IMMUNE_RESPONSE",0.846459035905574,1,0.354360491556479,0.707830528018168,4266,10,"CD160;HLA-F;VAMP2"
"GOBP_NATURAL_KILLER_CELL_CYTOKINE_PRODUCTION",0.863813229571984,1,-0.362919618049021,-0.665372148586751,4217,7,"CD226;CALHM6"
"GOBP_NEGATIVE_REGULATION_OF_ACUTE_INFLAMMATORY_RESPONSE",0.894521668029436,1,-0.347220789580861,-0.617619170212674,4375,6,"NLRP3"
"GOBP_NEGATIVE_REGULATION_OF_ACUTE_INFLAMMATORY_RESPONSE_TO_ANTIGENIC_STIMULUS",0.945046129161653,1,-0.384496991744788,-0.556756054656293,4711,2,"SELENOS;IL20RB"
"GOBP_NEGATIVE_REGULATION_OF_ADAPTIVE_IMMUNE_RESPONSE",0.691918208373905,1,-0.312766207107213,-0.868308253253978,3552,49,"IL33;SUSD4;LAG3;C4BPA;PTPN6;IL27RA;CD274;CEACAM1;HAVCR2"
"GOBP_NEGATIVE_REGULATION_OF_AUTOPHAGY",0.806252570958453,1,0.274043607744795,0.851145548104093,3919,93,"ADRA1A;LEP;SNCA;LRRK2;STK38L;MET;FEZ2;DAPL1;KLHL22;PINK1"
"GOBP_NEGATIVE_REGULATION_OF_AUTOPHAGY_OF_MITOCHONDRION",0.992825827022718,1,0.213435408202075,0.436705174494053,4981,11,"PINK1;PPTC7;USP30;FBXL4"
"GOBP_NEGATIVE_REGULATION_OF_AXON_EXTENSION",0.624527174995023,1,-0.356408889400398,-0.884857703557806,3136,27,"RTN4R;KIAA0319;DRAXIN;WNT5A"
"GOBP_NEGATIVE_REGULATION_OF_AXON_EXTENSION_INVOLVED_IN_AXON_GUIDANCE",0.76518851338152,1,0.414663595162245,0.764271772053444,3916,7,"SEMA3F;SEMA5A;PLXNA3"
"GOBP_NEGATIVE_REGULATION_OF_AXONOGENESIS",0.850078492935636,1,-0.286192143358098,-0.778526356226186,4331,44,"RTN4R;KIAA0319;DRAXIN;WNT5A;EFNB3;EPHB2"
"GOBP_NEGATIVE_REGULATION_OF_CALCIUM_ION_DEPENDENT_EXOCYTOSIS",0.828530844155844,1,-0.375334156741941,-0.713163336976256,4082,8,"CBARP;NOTCH1;RAP1B"
"GOBP_NEGATIVE_REGULATION_OF_CALCIUM_ION_EXPORT_ACROSS_PLASMA_MEMBRANE",0.835969180859692,1,-0.419609123559868,-0.684109773477293,4122,4,"YWHAE;CALM3;CALM2;CALM1"
"GOBP_NEGATIVE_REGULATION_OF_CALCIUM_ION_IMPORT_ACROSS_PLASMA_MEMBRANE",0.945562130177515,1,0.327673865385512,0.531620062792434,4793,4,"PPP3CC;PPP3CB;PPP3R1;PPP3CA"
"GOBP_NEGATIVE_REGULATION_OF_CALCIUM_ION_TRANSMEMBRANE_TRANSPORT",0.714946690806679,1,-0.333028574976656,-0.840271320158538,3553,30,"TLR9"
"GOBP_NEGATIVE_REGULATION_OF_CALCIUM_ION_TRANSMEMBRANE_TRANSPORT_VIA_HIGH_VOLTAGE_GATED_CALCIUM_CHANNEL",0.943227899432279,1,-0.331238690254779,-0.540035029349837,4651,4,"BIN1"
"GOBP_NEGATIVE_REGULATION_OF_CALCIUM_ION_TRANSPORT",0.842530826763695,1,0.292559062167065,0.782408241173526,4167,38,"STC1;CAV3;NTSR1;NOS3;ATP1A2;PACSIN3"
"GOBP_NEGATIVE_REGULATION_OF_CALCIUM_ION_TRANSPORT_INTO_CYTOSOL",0.793688835630118,1,-0.477209654863243,-0.738458189471395,3973,3,"NOS1"
"GOBP_NEGATIVE_REGULATION_OF_CALCIUM_MEDIATED_SIGNALING",0.713374526609528,1,0.354048488585383,0.834262955934372,3578,20,"MYOZ2;CD22;ACTN3;ATP2B4;MYOZ1;PRNP;FKBP1B"
"GOBP_NEGATIVE_REGULATION_OF_CARBOHYDRATE_METABOLIC_PROCESS",0.943485086342229,1,-0.256643077964209,-0.698144253695129,4807,44,"PLEK;C1QTNF3;PASK;ENPP1;DDIT4;SMPD3;IER3;TIGAR"
"GOBP_NEGATIVE_REGULATION_OF_CELLULAR_RESPONSE_TO_OXIDATIVE_STRESS",0.682076236820762,1,-0.521003408281156,-0.849417954967956,3363,4,"NCOA7;TBC1D24"
"GOBP_NEGATIVE_REGULATION_OF_CENTROSOME_DUPLICATION",0.992876929165018,1,0.213849097102328,0.446710316950749,5017,12,"KAT2B;TRIM37;TMEM67;BRCA1;NUBP1;CDK5RAP2;CENATAC;KAT2A;MDM1;NPM1;CCNF;RBM14"
"GOBP_NEGATIVE_REGULATION_OF_CYCLIN_DEPENDENT_PROTEIN_SERINE_THREONINE_KINASE_ACTIVITY",0.991328340559716,1,0.229391182645206,0.434617221205332,5029,8,"INCA1;LATS2;APC;CDK5RAP1;LATS1;MEN1;TFAP4;CDKN2A"
"GOBP_NEGATIVE_REGULATION_OF_CYTOKINE_PRODUCTION_INVOLVED_IN_IMMUNE_RESPONSE",0.883946623534169,1,-0.308463781159988,-0.702382538171647,4371,18,"APOA2;APOA1"
"GOBP_NEGATIVE_REGULATION_OF_CYTOKINE_PRODUCTION_INVOLVED_IN_INFLAMMATORY_RESPONSE",0.743846307784671,1,-0.327320632543854,-0.817225198742412,3716,28,"IL1R2;MEFV;EPHB2;HMOX1;ZFP36;ZC3H12A;ADCY7;PYCARD"
"GOBP_NEGATIVE_REGULATION_OF_CYTOKINESIS",0.959882583170254,1,0.288837388244395,0.51331258545335,4904,6,"TEX14;E2F8"
"GOBP_NEGATIVE_REGULATION_OF_DENDRITE_DEVELOPMENT",0.441122260905181,1,-0.571545915956968,-1.04786491333985,2153,7,"KIAA0319;BCL11A"
"GOBP_NEGATIVE_REGULATION_OF_DENDRITE_MORPHOGENESIS",0.52705606563782,1,0.530386712209058,0.977562528138048,2697,7,"DPYSL5;TLX2;RAPGEF2"
"GOBP_NEGATIVE_REGULATION_OF_DENDRITIC_CELL_APOPTOTIC_PROCESS",0.866816234958189,1,-0.378250298814544,-0.644800478293451,4249,5,"CCL21"
"GOBP_NEGATIVE_REGULATION_OF_DENDRITIC_SPINE_DEVELOPMENT",0.53871987356776,1,0.493691108333227,0.963707553029136,2726,9,"NGEF;GRM5;GRIN3A"
"GOBP_NEGATIVE_REGULATION_OF_DNA_METABOLIC_PROCESS",1,1,-0.14259177064819,-0.450525768893371,5190,125,"H1-5;SLX1B;SHLD1;LIG3;SMG6;FANCB;HMGA2;PLK1;PARPBP;FOXP3;AUNIP;SLFN11;TSPYL2;HELB;GMNN;MAD2L2;NBN;RAD50;RPS3;CGAS;CDT1;RTEL1;GTPBP4;MCRS1;GNL3L;POLQ;DNAJC2;ELOC;RIF1;SLX4;ATR;KLHL15;C1QBP;TIMELESS;CDC6;SUB1;RADX"
"GOBP_NEGATIVE_REGULATION_OF_ENDOPLASMIC_RETICULUM_UNFOLDED_PROTEIN_RESPONSE",0.993385447985568,1,0.210624591541406,0.499915124602156,4955,21,"ABCA7;WFS1;CREBRF;ATF6B;DDRGK1;DNAJB9;AKT1;PTPN1;AKT2;TMBIM6;RACK1;NCK1;BFAR;NCK2;UFL1;PPP1R15A;XBP1;AKT3;ATAD3A;HSPA5;PPP1R15B"
"GOBP_NEGATIVE_REGULATION_OF_EPITHELIAL_CELL_PROLIFERATION_INVOLVED_IN_PROSTATE_GLAND_DEVELOPMENT",0.892477514309076,1,-0.348816178721449,-0.620456969522922,4365,6,"EAF2"
"GOBP_NEGATIVE_REGULATION_OF_EXCITATORY_POSTSYNAPTIC_POTENTIAL",0.936917278317794,1,0.299719583263169,0.598686015889392,4722,10,"LRRK2;GRM5;PRKN;TMEM25"
"GOBP_NEGATIVE_REGULATION_OF_EXECUTION_PHASE_OF_APOPTOSIS",0.905325443786982,1,0.37054862994541,0.601180340359055,4589,4,"FZD3;BCL2L1;DFFA"
"GOBP_NEGATIVE_REGULATION_OF_GLYCOGEN_METABOLIC_PROCESS",0.658097165991903,1,-0.436228603313647,-0.852970992804316,3250,9,"PASK;ENPP1;GRB10;PRKAG3;GSK3B;SELENOS"
"GOBP_NEGATIVE_REGULATION_OF_GLYCOPROTEIN_METABOLIC_PROCESS",0.777092861403858,1,0.351770521404886,0.786121322008655,3907,16,"MEST;ABCA7;ITM2A;ITM2B;PTX3"
"GOBP_NEGATIVE_REGULATION_OF_HORMONE_METABOLIC_PROCESS",0.833806818181818,1,-0.371428952812053,-0.705743153611152,4108,8,"WNT4"
"GOBP_NEGATIVE_REGULATION_OF_HUMORAL_IMMUNE_RESPONSE_MEDIATED_BY_CIRCULATING_IMMUNOGLOBULIN",0.46216602080359,1,-0.612104097544604,-1.04344931411583,2265,5,"SUSD4;C4BPA;PTPN6"
"GOBP_NEGATIVE_REGULATION_OF_HYDROGEN_PEROXIDE_METABOLIC_PROCESS",0.83353057199211,1,0.426655505035307,0.692208474150823,4225,4,"FYN;MPV17L;HDAC6;STAT3"
"GOBP_NEGATIVE_REGULATION_OF_IMMUNE_EFFECTOR_PROCESS",0.842691990090834,1,0.270488282219753,0.835580288690349,4081,91,"CX3CR1;CD80;KLRD1;INPP5D;NECTIN4;CR1L;TNF;CD69;CD22;CD55;HLA-F;CD96;HLA-B;CD46;BST2;CLEC12B;RABGEF1;MICA;HLA-E;TNFSF4;SERPING1"
"GOBP_NEGATIVE_REGULATION_OF_INFLAMMASOME_MEDIATED_SIGNALING_PATHWAY",0.79328373215363,1,-0.344876166424542,-0.767085331530524,3944,16,"MEFV"
"GOBP_NEGATIVE_REGULATION_OF_INTERFERON_ALPHA_PRODUCTION",0.677007299270073,1,-0.524927091303612,-0.855814931947191,3338,4,"HAVCR2;NMI"
"GOBP_NEGATIVE_REGULATION_OF_INTERFERON_BETA_PRODUCTION",0.993772599437525,1,-0.205992159790928,-0.451637284998699,4946,15,"PYCARD;NMI;REL;TRAIP;YY1;CACTIN;MORC3;PTPRS;ATG9A;NLRX1;SIRPA;PPM1B;RELB;TRAF3IP1;NLRC3"
"GOBP_NEGATIVE_REGULATION_OF_INTRACELLULAR_LIPID_TRANSPORT",0.785198555956679,1,-0.542185532391213,-0.78509087037596,3914,2,"PCSK9;ABCA2"
"GOBP_NEGATIVE_REGULATION_OF_IRE1_MEDIATED_UNFOLDED_PROTEIN_RESPONSE",0.889411283728536,1,-0.34990903577926,-0.622400889614865,4350,6,"HSPA5;UFL1;BFAR;TMBIM6;DNAJB9;DDRGK1"
"GOBP_NEGATIVE_REGULATION_OF_LIPID_BIOSYNTHETIC_PROCESS",0.839632277834525,1,0.283576151163668,0.808256432302352,4109,54,"MALRD1;CCDC3;PDE8B;ANGPTL4;NR0B1;GPER1;ASXL3;PROX1;DKKL1"
"GOBP_NEGATIVE_REGULATION_OF_LIPID_LOCALIZATION",0.683283877349159,1,-0.326191154962095,-0.86221103671699,3453,38,"APOC2;APOE;APOA2;EGF;ITGB3;TTC39B;ABCA1"
"GOBP_NEGATIVE_REGULATION_OF_LIPID_METABOLIC_PROCESS",0.492384808174282,1,-0.322179230303158,-0.976725076494174,2553,87,"IL1B;PDGFB;ALK;HCAR1;APOC2;APOE;WNT4;APOA2;CH25H;CEACAM1;SNAI1;SPHK1;TRIB3;PLIN1"
"GOBP_NEGATIVE_REGULATION_OF_LONG_TERM_SYNAPTIC_POTENTIATION",0.636436597110754,1,-0.427098924510396,-0.872369098384648,3171,11,"APOE"
"GOBP_NEGATIVE_REGULATION_OF_MACROAUTOPHAGY",0.998987649321725,1,0.172606631957983,0.46361460362013,4933,39,"LRRK2;FEZ2;PINK1;PPTC7;QSOX1;USP30;NRBP2;RUBCN;FBXL4;AKT1;SEC22B"
"GOBP_NEGATIVE_REGULATION_OF_MACROPHAGE_CYTOKINE_PRODUCTION",0.804405466041199,1,-0.421275437655704,-0.718145113288768,3943,5,"TGFB3;TGFB1"
"GOBP_NEGATIVE_REGULATION_OF_MIRNA_METABOLIC_PROCESS",0.742057942057942,1,0.328205130766657,0.829323522536934,3713,28,"BMP4;TNF;ESR1;SOX9;NFIB;TWIST1"
"GOBP_NEGATIVE_REGULATION_OF_MITOCHONDRIAL_FUSION",0.993912337662338,1,-0.221505926991531,-0.420878044845544,4897,8,"ADCK1;OMA1"
"GOBP_NEGATIVE_REGULATION_OF_MITOCHONDRIAL_OUTER_MEMBRANE_PERMEABILIZATION_INVOLVED_IN_APOPTOTIC_SIGNALING_PATHWAY",0.998989490703314,1,-0.186085576967944,-0.388124333475299,4942,12,"IER3;BAK1;BOK;SLC35F6;SLC25A5;ACAA2;FZD9;MPV17L;GCLC;BCL2L1;TMEM14A;HSPA1A"
"GOBP_NEGATIVE_REGULATION_OF_MOTOR_NEURON_APOPTOTIC_PROCESS",0.990782506373799,1,0.24469467011746,0.417430668763718,5051,5,"CRLF1;MAP3K12;MAP2K4"
"GOBP_NEGATIVE_REGULATION_OF_MRNA_METABOLIC_PROCESS",0.432385374347069,1,-0.320893397863587,-1.00158894871559,2234,113,"PKP1;SRSF12;A1CF;RBM20;IGF2BP1;SNRPE;RBM47;SNRPD1;ELAVL4;RBM46;IKBKE;ZFP36;MEIOC;DND1;NOCT;SLIRP;DHX34;IGF2BP2;EFTUD2;SRSF7;SNRPG;QKI;SNRPD2;PNN;NPM1;SNRNP200;METTL16;SNRPF;IREB2;NICOL1;U2AF2;C1QBP;RBM10;SECISBP2;HNRNPD;TAF15;HNRNPAB"
"GOBP_NEGATIVE_REGULATION_OF_NEUROBLAST_PROLIFERATION",0.977360799510504,1,-0.272363843968622,-0.464296624249112,4791,5,"PTN;TGFB1"
"GOBP_NEGATIVE_REGULATION_OF_NEURON_APOPTOTIC_PROCESS",0.91423703142749,1,-0.252987818732028,-0.817646802460667,4828,151,"PTPRZ1;FPR2;ERBB3;CX3CL1;DLX1;FGF8;DRAXIN;ADORA2A;IL27RA;ADAM8;MDK;UNC5B;CORO1A;CNTF;ARMCX5-GPRASP2;SIX4;NEFL;KIF14;AGAP2;NES"
"GOBP_NEGATIVE_REGULATION_OF_NEURON_PROJECTION_DEVELOPMENT",0.771529362938369,1,0.273955629118339,0.87704818119429,3717,117,"AMIGO3;NGEF;FGF13;SEMA3F;NTN1;EFNB2;EPHA7;LRRK2;TBX6;FAT3;SEMA5A;SEMA3A;GFAP;KANK1;GRM5;CDKL3;SEMA6C;RTN4RL2;ARHGAP4;SEMA3G;NR2F1;MAP2;SPP1"
"GOBP_NEGATIVE_REGULATION_OF_NEUROTRANSMITTER_SECRETION",0.556365786361845,1,0.50231368717967,0.951711292378199,2822,8,"SYT1;PRKN;SYT11"
"GOBP_NEGATIVE_REGULATION_OF_NEUROTRANSMITTER_TRANSPORT",0.743324033479474,1,0.391448013260832,0.800932583662847,3729,11,"SNCA;SYT1;PRKN"
"GOBP_NEGATIVE_REGULATION_OF_NLRP3_INFLAMMASOME_COMPLEX_ASSEMBLY",0.699859747545582,1,-0.3921064814341,-0.83343703448672,3492,13,"MEFV"
"GOBP_NEGATIVE_REGULATION_OF_NUCLEOBASE_CONTAINING_COMPOUND_METABOLIC_PROCESS",0.990309418565114,1,-0.232443362309817,-0.889763282571164,5824,1427,"SOX10;FOXD3;PDGFB;PKP1;TLE6;FOSB;LEF1;MDFI;S100A1;ZMYND15;ANKRD2;GATA4;DUSP15;IL33;SOX2;NKX6-1;H1-5;NR1I3;MAGEL2;HOXB13;EOMES;SIM2;DLX1;TNFSF11;FOXA2;SOX6;ID1;HES1;SKOR2;WNT4;SAMD11;SRSF12;A1CF;PAX9;HEY1;CIITA;MAGEC2;POU5F1;TRIM29;ZFP92;DACT1;SFRP1;MLXIPL;PARP15;SOX11;CEBPA;BACH2;HEY2;FCN3;NOSTRIN;HNF4A;EDNRB;EGR1;WNT5A;DLX2;ZP3;CD38;ZNF560;RBM20;SNAI1;ZNF492;SMYD3;GATA2;IGF2BP1;ZNF469;TRIB1;SNRPE;RARB;ZFPM2;FOXA1;ID4;AURKB;HIC1;GLIS3;RBM47;MAGED4B;IRF1;SLX1B;TCEAL7;TRIB3;SFMBT2;SMO;SHLD1;SALL1;BHLHE40;TLE2;MSC;LHX9;TET1;TLE3;SUV39H2;SINHCAF;OTP;KLF2;SIX4;TBX3;ZNF559-ZNF177;KCTD15;GSC;BCL11A;SNRPD1;ZNF85;HES4;LOXL3;ELAVL4;LIG3;DNMT3A;RBM46;DEPDC1;IKBKE;ZNF93;SNAI2;SOX18;PTCH1;RASD1;APOBEC3B;SMG6;ZNF695;KLF10;CLOCK;PITX1;RUNX2;ZNF202;BCOR;DDIT4;RIPPLY3;FANCB;GLI2;PRDM1;HMGA2;MDM4;CENPF;BATF3;ZNF222;HEYL;LMO4;ZFP36;PLK1;HIVEP1;PARPBP;BIRC5;RFX3;LOXL2;BCL3;ZNF703;ZC3H12A;MEIOC;TRIM6;HIF1A;ZNF354B;FOXP3;FRK;ZBTB16;LMO1;HOXA7;ZNF883;ID3;IER3;ATF3;TGIF2;ZNF223;ZNF140;SOX4;AEBP1;APBB2;HOXA2;SUV39H1;FOXM1;BIN1;JUN"
"GOBP_NEGATIVE_REGULATION_OF_NUCLEOTIDE_METABOLIC_PROCESS",0.944144144144144,1,0.271406483174557,0.650727714855548,4715,22,"ALDOB;ACTN3;PID1;PPARA;HDAC4;ATP5IF1"
"GOBP_NEGATIVE_REGULATION_OF_OXIDATIVE_STRESS_INDUCED_INTRINSIC_APOPTOTIC_SIGNALING_PATHWAY",0.584550730438263,1,-0.364679897716254,-0.910500507017685,2920,28,"GATA4;NME5"
"GOBP_NEGATIVE_REGULATION_OF_OXIDATIVE_STRESS_INDUCED_NEURON_INTRINSIC_APOPTOTIC_SIGNALING_PATHWAY",0.997032053818757,1,0.195533775934069,0.408451362225245,5038,12,"PRKN;PINK1;FZD1;AKT1;CTNNB1;FBXO7"
"GOBP_NEGATIVE_REGULATION_OF_PEPTIDYL_SERINE_PHOSPHORYLATION",0.818714592693886,1,0.390594489802991,0.719909696338886,4190,7,"RASSF2;CNKSR3"
"GOBP_NEGATIVE_REGULATION_OF_PERK_MEDIATED_UNFOLDED_PROTEIN_RESPONSE",0.988075990299111,1,-0.224541524173159,-0.468333069264406,4888,12,"PPP1R15B;HSPA5;ATAD3A;AKT3;PPP1R15A"
"GOBP_NEGATIVE_REGULATION_OF_POTASSIUM_ION_EXPORT_ACROSS_PLASMA_MEMBRANE",0.727718724448079,1,-0.446406814316313,-0.794046366198696,3559,6,"KCNH2;KCNE3"
"GOBP_NEGATIVE_REGULATION_OF_PRODUCTION_OF_MOLECULAR_MEDIATOR_OF_IMMUNE_RESPONSE",0.511729622266402,1,-0.392139381683591,-0.948317576625384,2573,24,"IL33;APOA2;APOA1"
"GOBP_NEGATIVE_REGULATION_OF_PROSTAGLANDIN_BIOSYNTHETIC_PROCESS",0.757974481658692,1,0.571148733734434,0.820628310341311,3801,2,"SIRT1;PIBF1"
"GOBP_NEGATIVE_REGULATION_OF_PROTEIN_METABOLIC_PROCESS",0.996442863494887,1,0.224701457234188,0.828755901202066,4481,501,"F8A2;HAP1;TM4SF20;SNCA;AGT;NTRK2;FBXO32;GRIN2C;MEST;FRY;RASSF2;DAPK1;SH3RF2;RTN1;PTPN3;ADGRB1;TTC36;MGAT3;CSTA;SVIP;PINX1;APOD;SFN;LRRK2;SPON1;VTN;FXYD1;CRYAB;TNFAIP3;USP44;PLAT;NANOS1;PAIP2B;ECM1;IL7;PRR5L;ISG15;GAS1;IGF1;ABCA7;SERPINB12;LYN;FMN2;SERPINE2;PLAU"
"GOBP_NEGATIVE_REGULATION_OF_PROTEIN_SERINE_THREONINE_KINASE_ACTIVITY",0.990974729241877,1,-0.216174725212205,-0.542173208869475,4940,29,"RASIP1"
"GOBP_NEGATIVE_REGULATION_OF_REACTIVE_OXYGEN_SPECIES_METABOLIC_PROCESS",0.962933279903827,1,-0.250338523908203,-0.646666162030937,4805,34,"ADCY10"
"GOBP_NEGATIVE_REGULATION_OF_RELEASE_OF_CYTOCHROME_C_FROM_MITOCHONDRIA",0.99282439705003,1,0.208898890582989,0.492239372763617,4980,20,"IFI6;IGF1;PRKN"
"GOBP_NEGATIVE_REGULATION_OF_RELEASE_OF_SEQUESTERED_CALCIUM_ION_INTO_CYTOSOL",0.544227005870841,1,0.547726400277615,0.973401872785473,2780,6,"NTSR1;FKBP1B"
"GOBP_NEGATIVE_REGULATION_OF_RESPIRATORY_BURST",0.822353661023863,1,-0.409023961013401,-0.697260111945699,4031,5,"SLAMF8"
"GOBP_NEGATIVE_REGULATION_OF_RESPIRATORY_BURST_INVOLVED_IN_INFLAMMATORY_RESPONSE",0.793390105433901,1,-0.450025142227659,-0.733698532330711,3912,4,"SLAMF8;RPS19"
"GOBP_NEGATIVE_REGULATION_OF_RESPONSE_TO_CYTOKINE_STIMULUS",0.912222452791036,1,0.259674032767633,0.789643618969661,4395,82,"CCL5;CCDC3;TNFRSF11B;MMP12;H2BC11;IL1RN;PADI2;OAS1;ECM1;ISG15;OAS3;RABGEF1;GAS6;IL6;SLIT3;ROBO1;PELI3;CAV1;CYLD;KLF4"
"GOBP_NEGATIVE_REGULATION_OF_RESPONSE_TO_TYPE_II_INTERFERON",0.872211350293542,1,0.367355506833979,0.652852479173926,4456,6,"NR1H3;NR1H2;PTPN2;PARP14;PPARG;DNAJA3"
"GOBP_NEGATIVE_REGULATION_OF_SMALL_MOLECULE_METABOLIC_PROCESS",0.871762999792832,1,0.265350335973554,0.817176515009985,4207,89,"MALRD1;FMO4;ANGPTL4;NR0B1;ALDOB;GCK;FMO1;SOX9;PROX1;ACTN3;DKKL1;ATCAY;SIRT4;FMO2;ATP2B4;MST1;SIK1;C1QTNF12;PID1;INSIG2;GFI1;DKK3;ACADVL;APPL2"
"GOBP_NEGATIVE_REGULATION_OF_SPHINGOLIPID_BIOSYNTHETIC_PROCESS",0.725061324611611,1,-0.447670454963427,-0.79629406769393,3546,6,"SPHK1"
"GOBP_NEGATIVE_REGULATION_OF_STEROID_METABOLIC_PROCESS",0.880612039460439,1,0.295492612052919,0.728304618317568,4373,25,"MALRD1;PDE8B;NR0B1;PROX1;DKKL1"
"GOBP_NEGATIVE_REGULATION_OF_SUPRAMOLECULAR_FIBER_ORGANIZATION",0.890084388185654,1,0.25420817555438,0.840631298952298,4218,155,"MYOC;TRIM54;FGF13;LMOD3;SNCA;KANK3;CAV3;GMFG;WAS;SVIL;CARMIL2;RHPN2;CRYAB;MAP6D1;TMEFF2;LMOD1;PIK3R1;KANK1;TUBB4A;CAPG;RHPN1;RAB40B;PRKN;MAP2;APC2;ARHGAP28;GSN;NAV3;MKKS;MYADM"
"GOBP_NEGATIVE_REGULATION_OF_SYNAPSE_ASSEMBLY",0.62987780843516,1,0.466616575258992,0.884077569891067,3195,8,"ROBO2;EPHA7;NEGR1"
"GOBP_NEGATIVE_REGULATION_OF_SYNAPSE_ORGANIZATION",0.906902086677368,1,-0.320837468408436,-0.655325211517051,4519,11,"APOE;WNT5A;TLR2;PTPN13"
"GOBP_NEGATIVE_REGULATION_OF_SYNAPTIC_VESICLE_EXOCYTOSIS",0.535977105478332,1,-0.544112506261484,-0.967840419420785,2621,6,"RAP1B;RAP1BL;FMR1;RAP1A"
"GOBP_NEGATIVE_REGULATION_OF_T_CELL_CYTOKINE_PRODUCTION",0.882525985487351,1,0.369956312613454,0.631117592031989,4499,5,"HLA-F;TNFRSF14"
"GOBP_NEGATIVE_REGULATION_OF_T_HELPER_1_TYPE_IMMUNE_RESPONSE",0.504614767255217,1,-0.477828620879398,-0.975986824731033,2514,11,"IL33;IL27RA;HAVCR2;JAK3;IL18BP;LGALS9;IL1RL1"
"GOBP_NEGATIVE_REGULATION_OF_T_HELPER_17_TYPE_IMMUNE_RESPONSE",0.548787818072531,1,-0.440707315641524,-0.936739930647145,2738,13,"IL27RA;LOXL3;JAK3;ZC3H12A;FOXP3"
"GOBP_NEGATIVE_REGULATION_OF_TRANSMEMBRANE_RECEPTOR_PROTEIN_SERINE_THREONINE_KINASE_SIGNALING_PATHWAY",0.966205837173579,1,-0.240158740849874,-0.766630369450598,5031,137,"ONECUT2;CHRDL2;RBPMS2;DLX1;SKOR2;RASL11B;SFRP1;WNT5A;PMEPA1;HTRA3;TNFAIP6;CHST11;TET1;GDF15;SINHCAF;NOMO3;CHRD"
"GOBP_NEGATIVE_REGULATION_OF_TRIGLYCERIDE_METABOLIC_PROCESS",0.52303961196443,1,-0.458613044762598,-0.956543141181889,2587,12,"APOE;PLIN1;CIDEC;SREBF1"
"GOBP_NEGATIVE_REGULATION_OF_TRNA_METABOLIC_PROCESS",0.734040383438711,1,-0.462344722444532,-0.788155618390814,3598,5,"METTL1;NSUN2"
"GOBP_NEGATIVE_REGULATION_OF_TUMOR_NECROSIS_FACTOR_MEDIATED_SIGNALING_PATHWAY",0.420173142742098,1,0.415001783527519,1.0228604818688,2086,25,"CCDC3;TNFRSF11B;H2BC11;GAS6;PELI3;RFFL;NOL3"
"GOBP_NEGATIVE_REGULATION_OF_TYPE_2_IMMUNE_RESPONSE",0.434456168831169,1,-0.547722757099096,-1.04071473958389,2140,8,"IL27RA;HLX"
"GOBP_NEGATIVE_REGULATION_OF_TYPE_I_INTERFERON_PRODUCTION",0.997236478484011,1,-0.201495327102804,-0.545211310795344,5051,43,"HAVCR2;XAF1;PYCARD;NMI;QKI;CTPS1;TASOR2;REL;TRIM27;TRAIP;GPATCH3;UFD1;OTUD5;DHX58;DDX56;CUL3;NPLOC4;ATG5;BANF1;ATG12;YY1;PTPN11;PPHLN1;CACTIN;RBX1;MPHOSPH8;MORC3;PTPRS;ITCH;ILRUN;ATG9A;IRF2;KAT8;RNF216;NLRX1;SIRPA;PPM1B;RELB;RNF125;TRAF3IP1;CYLD;NLRC3;KLHL22"
"GOBP_NEGATIVE_REGULATION_OF_TYPE_II_INTERFERON_PRODUCTION",0.464078447068241,1,-0.396729605318145,-0.990519381663732,2318,28,"HLA-DRB1;IL33;CD274;HAVCR2;LAPTM5;ZC3H12A;FOXP3;IL20RA"
"GOBP_NEGATIVE_REGULATION_OF_VITAMIN_METABOLIC_PROCESS",0.469950940310711,1,-0.577284382139051,-1.02684491186097,2298,6,"SNAI1;SNAI2;PRMT3"
"GOBP_NEGATIVE_REGULATION_OF_VOLTAGE_GATED_CALCIUM_CHANNEL_ACTIVITY",0.666938609014889,1,-0.499696305217184,-0.851828584446109,3269,5,"CBARP;FMR1;CALM3;GPR35"
"GOBP_NEUROBLAST_DIVISION",0.565252201761409,1,-0.428248220610463,-0.924729520508969,2823,14,"LEF1;SOX5"
"GOBP_NEUROGENESIS",0.643205106668906,1,-0.252518634979213,-0.970167248579252,3828,1531,"SOX10;GFRA3;DRD2;NGFR;COBL;S100B;PTPRZ1;WNT7B;GPR17;POU3F2;TTYH1;IL1B;GPM6A;LEF1;ALK;RTN4R;LTK;ONECUT2;EPHA6;CACNG7;GABRA5;ADCY10;SLITRK6;FPR2;SEMA6B;FOS;ERBB4;KCNJ10;DUSP15;LIN28A;ERBB3;IL33;DCDC2;SOX2;GAP43;VANGL2;NKX6-1;ADGRG1;GDF6;ADGRG6;SDK2;EOMES;UGT8;GPM6B;CLMN;SH3GL3;CHD7;FRMD7;GPRIN2;CX3CL1;ATP1B2;ARTN;MYOT;APOE;PTK6;LGI1;DLX1;GPR37L1;SLITRK5;FOXA2;KIAA0319;SOX6;FGF8;ID1;HES1;SKOR2;WNT10A;EFNA2;WNT4;SAMD11;CCL11;SLC4A10;PLEKHG4B;IL1RAPL1;EPHB1;SOX5;LGI4;HEY1;NLGN4X;PLXNA4;CXCR4;PLP1;DRAXIN;WNT9B;CSF1R;CDH4;CECR2;CHRNB2;KLK6;UCHL1;STMN3;KCNIP2;SMIM45;SFRP1;SOX11;EPHA5;ADORA2A;FLRT1;NR5A2;HEY2;KIAA1755;ADGRL3;POU3F1;CDH2;FLRT3;EDNRB;EGR2;POTEE;CTHRC1;WNT5A;FIGNL2;RTN4RL1;DLX2;GAS7;ITPKA;ANOS1;CD38;FILIP1;EFNB3;AVIL;DLL3;PRAG1;SCARF1;EPHB2;SEMA3B;PSD;FZD8;LAMA1;MDK;GATA2;MYCL;IGF2BP1;ANK3;NDRG4;UNC5B;IHH;OTOGL;IGLON5;GNRH1;KIF5A;PRKCZ;RARB;FOXA1;ID4;TENM3;BTG4;BRSK1;IER2;SMO;NREP;SALL1;BHLHE40;EPHA3;CNTF;CIT;ITGB4;IGSF9;RIMS2;SEPTIN4;HOXC10;COL3A1;ARMCX5-GPRASP2;CELSR2;NECTIN1;LHX9;NTM;DLX3;SEMA6A;OTP;PCDHAC2;TUBB2B;CELSR3;NRCAM;SIX4;LIF;NEFL;CDC20;BCL11A;RAB37;PREX1"
"GOBP_NEUROMUSCULAR_PROCESS",0.584536474164134,1,-0.292326569849275,-0.945641211414741,3076,153,"DRD2;SLITRK6;CSMD1;ATP2A1;FXN;UCHL1;IGDCC3;CASQ1;ADORA2A;MYH14;HOXA1;TNNT1;TTN;IGLON5;MYH3"
"GOBP_NEUROMUSCULAR_PROCESS_CONTROLLING_POSTURE",0.441480891719745,1,0.460098987885017,1.01248089943195,2217,15,"GABRB3;ATP8A2;TMEM150C;LARGE1"
"GOBP_NEUROMUSCULAR_SYNAPTIC_TRANSMISSION",0.797985901309164,1,0.324696879845112,0.784920440873184,3961,23,"CHRNA1;CHRNA5;TSPOAP1;STAC3;RAB3A;RIMBP3B;LARGE1;FCHSD2"
"GOBP_NEURON_APOPTOTIC_PROCESS",0.992542878448919,1,-0.225521939957325,-0.772159919029164,5323,262,"NGFR;PTPRZ1;ADCY10;FPR2;ERBB3;GRM4;CX3CL1;DLX1;FGF8;DRAXIN;ADORA2A;IL27RA;EGR1;AATK;ADAM8;MDK;UNC5B;CORO1A;CNTF;CIT;ARMCX5-GPRASP2;SIX4;NEFL"
"GOBP_NEURON_CELL_CELL_ADHESION",0.802545237621794,1,0.34323379821107,0.767043827692353,4035,16,"NRXN3;NLGN4Y;ITGB2;RET;ICAM5;NCAM2"
"GOBP_NEURON_CELLULAR_HOMEOSTASIS",0.905254615540678,1,0.27459819225006,0.743409720050159,4461,41,"SLC17A7;CHRNA1;CACNB4;CACNB2;TSPOAP1;ADORA1;PRKN"
"GOBP_NEURON_DEVELOPMENT",0.853362922499146,1,-0.245940547109071,-0.927512647489629,4998,1015,"GFRA3;DRD2;NGFR;COBL;S100B;PTPRZ1;WNT7B;POU3F2;GPM6A;ALK;RTN4R;LTK;ONECUT2;EPHA6;CACNG7;GABRA5;ADCY10;SLITRK6;SEMA6B;DCDC2;GAP43;VANGL2;NKX6-1;UGT8;GPM6B;CLMN;FRMD7;GPRIN2;CX3CL1;ATP1B2;ARTN;MYOT;APOE;PTK6;LGI1;SLITRK5;KIAA0319;FGF8;HES1;SKOR2;EFNA2;SAMD11;SLC4A10;PLEKHG4B;IL1RAPL1;EPHB1;LGI4;PLXNA4;PLP1;DRAXIN;CSF1R;CDH4;CECR2;CHRNB2;KLK6;UCHL1;STMN3;KCNIP2;SMIM45;SFRP1;EPHA5;ADORA2A;FLRT1;KIAA1755;FLRT3;EDNRB;EGR2;POTEE;CTHRC1;WNT5A;FIGNL2;RTN4RL1;GAS7;ITPKA;ANOS1;CD38;EFNB3;AVIL;PRAG1;SCARF1;EPHB2;SEMA3B;PSD;LAMA1;MDK;GATA2;IGF2BP1;ANK3;NDRG4;UNC5B;IHH;OTOGL;IGLON5;KIF5A;PRKCZ;TENM3;BRSK1;SMO;NREP;EPHA3;CNTF;IGSF9;RIMS2;ARMCX5-GPRASP2;CELSR2;NECTIN1;LHX9;NTM;SEMA6A;PCDHAC2;TUBB2B;CELSR3;NRCAM;LIF;NEFL;CDC20;BCL11A;RAB37;PREX1;ELAVL4;SLC1A3;NLGN3;TNIK;CPNE8;VLDLR;SMAD1"
"GOBP_NEURON_FATE_COMMITMENT",0.570421116260326,1,0.352972995915837,0.932527602911449,2830,36,"FOXG1;PAX6;DLL4;BMP4;BCL11B;NFIB;RBPJ;ID2;EYA1"
"GOBP_NEURON_INTRINSIC_APOPTOTIC_SIGNALING_PATHWAY_IN_RESPONSE_TO_OXIDATIVE_STRESS",0.523169508525577,1,-0.406777762740433,-0.949066034528655,2607,20,"ADCY10"
"GOBP_NEURON_MATURATION",0.585673585673586,1,0.33329280551955,0.926807839036339,2877,47,"MYOC;ADGRB3;KCNB1;KCNQ3;LRRK2;TBX6;C3;CCDC39;GLDN;NTN4;RET"
"GOBP_NEURON_PROJECTION_ARBORIZATION",0.999405351833499,1,0.171588923195395,0.445453568883854,5041,32,"LRRK2;SEMA3A;SPRY3;NTNG1;CHRNA7;DVL1;SULT4A1;BCL7A"
"GOBP_NEURON_PROJECTION_EXTENSION",0.577553353658537,1,-0.294697425871706,-0.946974446679326,3030,144,"S100B;RTN4R;CACNG7;ADCY10;NKX6-1;APOE;KIAA0319;PLXNA4;DRAXIN;CDH4;FLRT1;FLRT3;WNT5A"
"GOBP_NEURON_PROJECTION_EXTENSION_INVOLVED_IN_NEURON_PROJECTION_GUIDANCE",0.93135509396637,1,0.28733674507067,0.652870696182025,4707,17,"SEMA3F;SEMA5A;SEMA3A;ALCAM;SLIT3;PLXNA3"
"GOBP_NEURON_PROJECTION_MAINTENANCE",0.550929668552951,1,-0.449937562347611,-0.938448424306151,2725,12,"ADCY10;EPHB2"
"GOBP_NEURON_PROJECTION_REGENERATION",0.494796779893972,1,-0.347667884910068,-0.969935942299328,2519,51,"RTN4R;KIAA0319;FIGNL2;RTN4RL1;SCARF1;NREP;CNTF;NEFL;JUN;MATN2;OMG;EPHA4;LRIG2"
"GOBP_NEURON_RECOGNITION",0.731182795698925,1,0.316111180817398,0.855796327392378,3603,41,"FOXG1;ROBO2;MYPN;EMB;OPCML;SEMA5A;TNFRSF21;EFNA5;AMIGO1;PALLD"
"GOBP_NEURON_REMODELING",0.802634204749551,1,0.361428059559184,0.767887218525093,4021,13,"ADGRB3;KCNQ3;C3;NTN4"
"GOBP_NEURONAL_ACTION_POTENTIAL",0.770439626019495,1,0.315515037338117,0.822736240450491,3872,33,"HCN1;CHRNA1;KCNQ3;GRIA1;KCND2;KCNA1;GPER1;DRD1;GPR88;SCN9A;KCNMB2"
"GOBP_NEURONAL_DENSE_CORE_VESICLE_EXOCYTOSIS",0.452627466302012,1,0.563419060578048,1.03844487160294,2316,7,"SNAP25;RAB3A;UNC13A;STXBP3"
"GOBP_NEURONAL_ION_CHANNEL_CLUSTERING",0.457951375049821,1,0.497692501497744,1.01831693504752,2297,11,"MYOC;KCNB1;GLDN"
"GOBP_NEUROTRANSMITTER_RECEPTOR_TRANSPORT",0.590306627101879,1,0.399158523303969,0.906945970075486,2983,17,"GRIP2;NSG1;LRRC7;AKAP5"
"GOBP_NEUROTRANSMITTER_TRANSPORT",0.541595563139932,1,0.289851333085041,0.968578892597161,2538,170,"CACNA1B;SLC6A17;PTPRN2;MCTP1;BGLAP;SLC6A13;SNCA;RIMS1;SLC17A7;PCLO;PPFIA2;SNAP25;CACNB4;BAIAP3;SYT1;MCTP2;SYT12;ATP1A2;SYT5;LRRK2;SLC6A16;TSPOAP1;RIMS4;MEF2C;GPER1;SLC18A2;RPH3AL;GFAP;RAB3A;DRD4;SLC1A7;DRD1;SLC29A1;SNCG;SLC17A5;TACR2"
"GOBP_NEUROTROPHIN_PRODUCTION",0.537278106508876,1,0.608660363787762,0.987494258766792,2723,4,"HAP1;ADORA1;FURIN"
"GOBP_NEUTRAL_LIPID_BIOSYNTHETIC_PROCESS",0.894819775457948,1,-0.276303295688593,-0.738417422329415,4542,40,"AGMO;GPAT3;AVIL;PCK2;FABP1;GPAM;LDLR;SREBF1"
"GOBP_NEUTRAL_LIPID_METABOLIC_PROCESS",0.619775541795666,1,-0.295962784780603,-0.9244513189895,3202,114,"LIPG;AGMO;DGKB;APOC2;APOE;LPL;APOA2;GPAT3;APOB;APOH;AVIL"
"GOBP_NEUTROPHIL_ACTIVATION_INVOLVED_IN_IMMUNE_RESPONSE",0.744561963679904,1,0.380274536155933,0.80792829477835,3730,13,"PRAM1;ITGB2;VAMP8;VAMP2;CD177;ANXA3;STXBP3"
"GOBP_NICOTINATE_METABOLIC_PROCESS",0.566418060874824,1,-0.46126975194978,-0.924822728049724,2809,10,"CD38;NNMT;PARP16;PARP10;NAMPT"
"GOBP_NMDA_SELECTIVE_GLUTAMATE_RECEPTOR_SIGNALING_PATHWAY",0.588982223090447,1,0.500378987318281,0.922254906863523,3014,7,"MEF2C;DORIP1;CAPN1;DLG4;NLGN1"
"GOBP_NON_PROTEINOGENIC_AMINO_ACID_METABOLIC_PROCESS",0.963740069260542,1,0.247957668513149,0.699122906588256,4730,51,"GAD1;ALDH1A1;PRODH;ALDH5A1;DDO;IDO1;ABAT;ATP2B4;DDAH1"
"GOBP_NORADRENERGIC_NEURON_DEVELOPMENT",0.671251993620415,1,0.621845995988993,0.893470297385326,3366,2,"ZC4H2;RNF220"
"GOBP_NUCLEOBASE_CONTAINING_SMALL_MOLECULE_METABOLIC_PROCESS",0.999769425870417,1,0.204716743918262,0.764231352754425,4335,622,"ALDH1L1;ACOT12;PDE2A;ENTPD3;GDA;GPD1;GUCY2C;SNCA;OGDHL;NME9;CMAHP;SLC27A2;DPYS;VNN1;MACROD2;PDK4;CACNB4;PDE8B;PDE10A;AK7;ACSL6;MYH7;NTSR1;NMNAT3;ENPP4;ALDOB;ATP1A2;MYH6;PRKAA2;LRRK2;ACSM3;XDH;PDE5A;GCK;CMPK2;TTR;ADSS1;NT5E;IDO1;GLYAT;PDE4B;AK5;NEIL1;SULT1A4;IGF1;PDK2;PGAM2;AK8;ACTN3;TJP2;MTTP;PRXL2C;SLC4A4;SULT2B1;SIRT4;CSGALNACT1;FMO2;ADCY9;PRKN;ACOT4;SLC25A22;GMPR;DPYSL5;LDHA;ATP1B1;ENO4;MLYCD;PDK3;RAB23;HACD1;PDE4C;HSPA1A;SLC25A18;ENO3"
"GOBP_NUCLEOBASE_METABOLIC_PROCESS",0.958375634517767,1,0.251439047679398,0.678012853593471,4719,40,"GDA;DPYS;XDH;TTR;GMPR;DPYSL5"
"GOBP_NUCLEOSIDE_DIPHOSPHATE_METABOLIC_PROCESS",0.607892004153686,1,0.290974991465792,0.938324735302259,2926,124,"ENTPD3;GPD1;OGDHL;ALDOB;PRKAA2;GCK;CMPK2;NT5E;AK5;IGF1;PGAM2;ACTN3;TJP2;MTTP;PRXL2C;SLC4A4;LDHA;ENO4;ENO3;AK4;ENO2;RRM2B;PRKAG2;UCP2;HK2;FKRP;PFKP;ARL2;BAD;BCL2L13;HK1;AK1;INSR;AK3;NUDT7;ENTPD1;PFKFB3;PPARA;CMPK1;PKM;GPI;HDAC4;NUDT9;GUK1;PGK1;ALDOA;MAGI3;NUDT18;TPI1;ALDOC;RPTOR;PFKL"
"GOBP_NUCLEOSIDE_METABOLIC_PROCESS",0.947171299034102,1,-0.255626351277231,-0.685379211523732,4804,41,"PTGDR;ACP3;NME5;ADA2;ADA;TK1;UPP1;MAPDA;QNG1;NME4;PNP"
"GOBP_NUCLEOSIDE_MONOPHOSPHATE_METABOLIC_PROCESS",0.525832142127833,1,0.321759045730097,0.962163557980469,2574,72,"GDA;DPYS;AK7;XDH;CMPK2;ADSS1;NT5E;AK5;AK8;TJP2"
"GOBP_NUCLEOSIDE_TRIPHOSPHATE_METABOLIC_PROCESS",1,1,0.161052370609234,0.562715084666444,4621,265,"ENTPD3;GPD1;OGDHL;NME9;MYH7;ALDOB;ATP1A2;MYH6;PRKAA2;LRRK2;GCK;CMPK2;NT5E;AK5;IGF1;PGAM2;ACTN3;MTTP;PRXL2C;SLC4A4;PRKN;LDHA;ATP1B1;ENO4;RAB23;HSPA1A;ENO3;AK4;EFL1;ENO2;RRM2B;PINK1;PRKAG2;PID1;UCP2;VPS9D1;HK2;FKRP;PFKP;MAP2K1;ARL2"
"GOBP_NUCLEOTIDE_METABOLIC_PROCESS",1,1,0.193993604969923,0.708706206726886,4488,450,"ALDH1L1;PDE2A;GDA;GPD1;GUCY2C;OGDHL;NME9;DPYS;CACNB4;PDE8B;PDE10A;AK7;MYH7;NTSR1;NMNAT3;ALDOB;ATP1A2;MYH6;PRKAA2;LRRK2;XDH;PDE5A;GCK;CMPK2;ADSS1;NT5E;IDO1;PDE4B;AK5;NEIL1;SULT1A4;IGF1;PGAM2;AK8;ACTN3;TJP2;MTTP;PRXL2C;SLC4A4;SULT2B1;FMO2;ADCY9;PRKN;SLC25A22;GMPR;LDHA;ATP1B1;ENO4;RAB23;PDE4C;HSPA1A;SLC25A18;ENO3;AK4;EFL1;ENO2;RRM2B;PINK1;NUDT10;AMPD3;PRKAG2;PID1;UCP2;ADCY6;VPS9D1;HK2;FKRP;PFKP;MAP2K1;ARL2;NPR1;AFMID;H6PD"
"GOBP_NUCLEOTIDE_SUGAR_METABOLIC_PROCESS",0.997768310002029,1,0.196918084113408,0.533109182489639,4917,41,"CMAHP;CSGALNACT1;FCSK;HK1;SLC35A3;UXS1;GUK1;PMM1;AMDHD2;CMAS;GNPDA2"
"GOBP_OLEFINIC_COMPOUND_METABOLIC_PROCESS",0.579262405869859,1,-0.299293242172794,-0.942415517126136,2999,121,"RPE65;LRAT;RBP4;ADH7;CYP2D6;SDR9C7;WNT4;AKR1B10;PLA2G4B;RDH8;AFP;CACNA1H;EDNRB;EGR1;CTHRC1;ELOVL2;ALDH8A1;PLA2G4C"
"GOBP_OLFACTORY_BULB_INTERNEURON_DEVELOPMENT",0.672201601875366,1,0.459368644404332,0.846668219686174,3440,7,"ROBO2;SLIT3;ROBO1;SLIT2"
"GOBP_OLFACTORY_BULB_INTERNEURON_DIFFERENTIATION",0.654908284620036,1,-0.425684213841377,-0.853475508134655,3248,10,"ERBB4;WNT5A;SALL1"
"GOBP_OLIGOPEPTIDE_IMPORT_ACROSS_PLASMA_MEMBRANE",0.805555555555556,1,-0.441937668000551,-0.72051311797515,3972,4,"SLC15A3;SLC7A11"
"GOBP_ORGANIC_ACID_METABOLIC_PROCESS",0.674183697439511,1,0.253607658699244,0.960633629502387,2869,779,"GSTM1;SRD5A2;ALDH1L1;MALRD1;LEP;GAD1;VNN2;ACOT12;FTCD;CCDC3;NDP;RIMKLA;HAO2;ALDH1A1;GPD1;AVPR1A;LIPF;SNCA;OGDHL;CD36;DDC;ABCD2;SLC27A2;FOLR1;HPGD;FMO4;VNN1;FMO3;FABP3;PDK4;CYP2J2;TNXB;CDO1;ACSL6;CYP39A1;GGT1;ANGPTL4;CYP4B1;ASAH2;CARNS1;NOS3;TTC36;CYP46A1;PRODH;ADH4;LDHAL6A;ALDOB;ATP1A2;SLC27A6;GPT;FAAH;PRKAA2;ALDH5A1;ACSM3;AKR1C1;ALDH1A2;GCK;HAL;FMO1;PTGIS;TBXAS1;SOX9;PPARGC1A;ALOX5AP;HAGH;ATP8B1;C3;DDO;PLA2G15;AKR1C2;IDO1;GLYAT;PROX1;SULT1A4;UCP3;IGF1;PDK2;CYP2U1;PGAM2;GSTO2;MGST2;ACTN3;MTTP;SLC39A8;PRXL2C;ATCAY;PLA2G4A;SLC4A4;ALDH3A2;HPD;GSTA1;SULT2B1;GHR;FN3K;SIRT4;CSGALNACT1;ABAT;KAT2B;ETFDH;FMO2;ALOX12;ATP2B4;DDAH1;MGLL;SCD5"
"GOBP_ORGANOPHOSPHATE_METABOLIC_PROCESS",1,1,0.165701883489911,0.635216061378582,4209,963,"DGKG;PLCH2;ALDH1L1;ACOT12;IDI2;PDE2A;ENTPD3;GDA;GPD1;INPP5D;GPAT2;GUCY2C;PLPPR3;SNCA;OGDHL;NME9;CMAHP;SLC27A2;DPYS;VNN1;FABP3;PDK4;CACNB4;PLCG2;PDE8B;PDE10A;AK7;ACSL6;PROCA1;MYH7;ADGRF5;NTSR1;NMNAT3;MBOAT1;ALDOB;ATP1A2;MYH6;CKB;PRKAA2;LRRK2;ACSM3;XDH;PDE5A;GCK;CDS1;SLC19A3;PLCB4;PLPP3;CMPK2;GPER1;PLCD1;PTPRQ;ADSS1;PLA2G15;NT5E;P2RY6;IMPA2;IDO1;GLYAT;PDE4B;PIK3R1;AK5;PITPNM3;OSBPL10;NEIL1;SULT1A4;IGF1;PDK2;PGAM2;AK8;ACTN3;TJP2;SERINC4;MTTP;PRXL2C;PLA2G4A;SLC4A4;RAB38;PIK3R3;SULT2B1;SIRT4;CSGALNACT1;FMO2;ADCY9;PRKN;ABHD8;ACOT4;SLC25A22;GMPR;LDHA;ABCA3;ENPP2;ATP1B1;ENO4;MLYCD;PDK3;PIGN;TMEM86B;NAAA;PLPP1;RAB23;HACD1;PDE4C;LPCAT2;HSPA1A;SLC25A18;ENO3;PLPPR4;PDK1;ABHD12B;AK4;EFL1;DGKA;ENO2;RRM2B;SLC25A10;MTMR7;PLD2;PINK1;ABHD12;NUDT10;AMPD3;PHEX;ACSS2;SMPD1;PRKAG2;HACD2;PID1;UCP2;SGMS2;TNFAIP8L3;CROT;FITM2;PNPLA3;ADCY6;BCKDHB;DGKZ;VPS9D1;SERINC1;SLC25A19;HK2;FIG4;CAPN2;FKRP;PFKP;MAP2K1;SLC44A2;ARL2;SPATA18;NPR1;AFMID;H6PD;ABHD6;PNPO"
"GOBP_OUTER_MITOCHONDRIAL_MEMBRANE_ORGANIZATION",0.596877502001601,1,-0.417611647767045,-0.901761642460739,2981,14,"TOMM5;MTX1;TOMM40;TOMM7;TOMM6;MTX3;TOMM70;MTCH2;NME3;TOMM22;SAMM50;TOMM20;MTX2;MTCH1"
"GOBP_OXIDATIVE_PHOSPHORYLATION",0.593964858670741,1,-0.293713064619153,-0.940440960805003,3109,140,"MTCO2P12;FXN;MLXIPL;COX7A1;CCNB1;UQCRQ;CDK1;MT-ND3;UQCC2;ATP5ME;BID;NDUFA9;COX7B;PPIF;NDUFA3;TMEM135;NDUFB3;NDUFA1;MT-CO3;GHITM;NDUFB11;NDUFA7;NDUFB4;MT-ATP8;ATP5F1E;NDUFS6;NDUFA2;NDUFAF1;NDUFB1;STOML2;UQCRH;MT-ATP6;CYCS;COX6C;DNAJC15;VCP;COX5A;NDUFA6;COX5B;ATP5PO;NDUFA12;NDUFS7;ATP5F1D;SHMT2;NDUFB2;NDUFS8;COX7C;UQCRHL;ATP5F1C;COX8A;NDUFS5;NDUFA13;UQCRB;CHCHD2;UQCR11;MT-ND2;NDUFB9;UQCRC1;NDUFB5;UQCR10;NDUFA4;COX7A2L;MT-CYB;ATP5PB;NDUFV2;NDUFS2;ATP5MG;UQCRFS1;SDHA;CYC1;ATP7A;MSH2"
"GOBP_OXYGEN_METABOLIC_PROCESS",0.943836171938362,1,-0.329042017668212,-0.53645368399478,4654,4,"ABCC9"
"GOBP_PENTOSE_METABOLIC_PROCESS",0.88322632423756,1,-0.33433929334124,-0.682903306818227,4401,11,"OTOGL;NUDT5;PGD;XYLB;DCXR;G6PD"
"GOBP_PENTOSE_PHOSPHATE_SHUNT_NON_OXIDATIVE_BRANCH",0.5971853966959,1,-0.5424013434089,-0.924627546239024,2927,5,"SHPK;TALDO1;RPIA;TKT;RPE"
"GOBP_PEPTIDE_CROSS_LINKING",0.75609756097561,1,-0.389826405031942,-0.781582399113629,3750,10,"IVL;COL3A1;DSP;TGM1;EVPL"
"GOBP_PEPTIDYL_SERINE_MODIFICATION",0.999805144193297,1,-0.181368168452225,-0.524043823317162,5130,63,"IL11;DMTN;BRSK1;STOX1;LIF;NT5DC2;AURKA;NTMT1;TRIM6"
"GOBP_PERIPHERAL_NERVOUS_SYSTEM_AXON_ENSHEATHMENT",0.44666800080048,1,-0.401444788882245,-1.00229183485537,2231,28,"POU3F2;ADGRG6;LGI4;POU3F1"
"GOBP_PERIPHERAL_NERVOUS_SYSTEM_AXON_REGENERATION",0.804844696229732,1,0.396596677246108,0.730972404729173,4119,7,"APOD;CERS2"
"GOBP_PERIPHERAL_NERVOUS_SYSTEM_NEURON_DIFFERENTIATION",0.812462432378281,1,-0.351559733507269,-0.747253400830316,4054,13,"ONECUT2"
"GOBP_PHOSPHATIDIC_ACID_METABOLIC_PROCESS",0.70947705870567,1,-0.32668680951694,-0.843886518137008,3540,34,"DGKB;PLA2G2A;GPAT3"
"GOBP_PHOSPHATIDYLINOSITOL_METABOLIC_PROCESS",0.998743718592965,1,0.205471467644465,0.671331879234056,4769,139,"PLCH2;INPP5D;PLCG2;CDS1;PLCB4;PLCD1;PTPRQ;IMPA2;PIK3R1;PITPNM3"
"GOBP_PHOSPHOCREATINE_METABOLIC_PROCESS",0.888755741961254,1,-0.398917599233356,-0.61730513009541,4449,3,"CKMT1B"
"GOBP_PHOSPHOLIPID_BIOSYNTHETIC_PROCESS",0.997945845004669,1,-0.216687090618197,-0.735298462153773,5343,240,"PDGFB;DGKB;FITM1;APOA2;IP6K3;GPAT3;APOA1;FABP5;ABCA8;ETNK2;ITPKA;PLA2G4C;FLVCR1;PCYT1B;PIK3C2B"
"GOBP_PHOSPHOLIPID_DEPHOSPHORYLATION",0.73398019001415,1,0.317398505338471,0.848837853367085,3630,38,"INPP5D;PLPPR3;PLPP3;PLPP1;PLPPR4;MTMR7;FIG4;OCRL;INPP5A;SGPP1"
"GOBP_PHOSPHOLIPID_METABOLIC_PROCESS",0.968175128771155,1,-0.237710317934561,-0.833525543360944,5262,342,"PDGFB;LIPG;DGKB;FITM1;APOC2;PLA2G2A;LPL;APOA2;IP6K3;PLA2G1B;PLA2G4B;GPAT3;GDPD3;APOA1;FABP5;PLPP2;ABCA8;PIK3R5;ETNK2;ITPKA;PLA2G4C;FLVCR1;PCYT1B;PIK3C2B"
"GOBP_PHOSPHOLIPID_TRANSFER_TO_MEMBRANE",0.464993135909002,1,0.612787659419951,1.04536957163405,2370,5,"OSBPL10;ABCA4;OSBPL11"
"GOBP_PHOSPHORUS_METABOLIC_PROCESS",1,1,0.180643451817155,0.708745017535069,4034,1666,"FGF10;RELN;FGF18;THBS4;DGKG;PLCH2;ALDH1L1;LEP;PTPRN2;ACOT12;IDI2;CD80;TNNI3K;EREG;PDE2A;ENTPD3;TEC;BMP4;TNFRSF18;GDA;CDK5R2;GPD1;INPP5D;GPAT2;GUCY2C;PLPPR3;SNCA;OGDHL;NME9;AGT;CMAHP;SLC27A2;NTRK2;DOK7;DPYS;VNN1;SGK2;FABP3;PDK4;CACNB4;PLCG2;WNK3;PDE8B;PDE10A;ACVR1C;RASSF2;TNF;GMFG;DAPK1;AK7;ACSL6;DIRAS2;DUSP29;MYLK;INHA;BRSK2;PROCA1;TNFRSF10A;MYH7;KDR;CIMAP3;DUSP26;ADGRF5;RSPO1;NTSR1;NMNAT3;TTC36;MBOAT1;PRKY;ALDOB;ATP1A2;MYH6;EPHA7;GCKR;FGFR2;SFN;CKB;PRKAA2;ANGPT4;LRRK2;ACSM3;XDH;CEMIP;HCK;PDE5A;DMPK;GCK;CDS1;TNFSF15;SLC19A3;IL34;PLCB4;PLPP3;IL12A;CMPK2;CCL2;GPER1;KIT;NIM1K;DUSP4;PLCD1;PTPRH;PTPRQ;ADSS1;C3;FAXDC2;PLA2G15;NT5E;LIMCH1;P2RY6;PTPRR;HCST;IMPA2;ROS1;MAP4K1;IDO1;GLYAT;IL7;PDE4B;LIMK2;PRR5L;PIK3R1;AK5;PITPNM3;OSBPL10;NEIL1;DIPK2A;CSPG4;SULT1A4;NHERF1;ERCC6;IGF1;PDK2;NEDD9;ITGB2;PGAM2;FGF1;AK8;PRLR;CDC14B;ACTN3;TJP2;ADORA1;SERINC4;MTTP;LYN;PRXL2C"
"GOBP_PIECEMEAL_MICROAUTOPHAGY_OF_THE_NUCLEUS",0.611155063291139,1,0.389493090918343,0.894291141728756,3089,18,"ATG9B;ATG4A;SNX7;ATG2B;RB1CC1;ATG13;ULK1"
"GOBP_PLATELET_ACTIVATING_FACTOR_METABOLIC_PROCESS",0.927556818181818,1,-0.307681650182324,-0.584618448464984,4570,8,"PLA2G4C;PAFAH1B3"
"GOBP_POLY_N_ACETYLLACTOSAMINE_METABOLIC_PROCESS",0.688415706192616,1,0.450561468535816,0.830435601278515,3523,7,"GAL3ST3;B3GNT8;B4GAT1;B3GNT2"
"GOBP_POLYAMINE_METABOLIC_PROCESS",0.43339397614716,1,-0.452274000920087,-1.01747178999312,2143,17,"OAZ3;AGMAT;AZIN2;SMOX"
"GOBP_POLYKETIDE_METABOLIC_PROCESS",0.864042207792208,1,-0.35570798513896,-0.675872123850471,4257,8,"AKR1B10"
"GOBP_POLYOL_METABOLIC_PROCESS",0.686622625928984,1,0.291782982859807,0.90136292430905,3325,91,"LEP;DEGS2;SNCA;PLCG2;ASAH2;NTSR1;NOS3;MIOX;PLPP3;GPER1;P2RY6;IMPA2;ACER2"
"GOBP_POLYSACCHARIDE_METABOLIC_PROCESS",0.703726580193535,1,0.286972476426306,0.894063235240929,3417,95,"MGAM;PHKA1;GALNT3;GCK;PPP1R3G;CHST7;IGF1;SORBS1;PHKG1;PPP1R3C;GYS1"
"GOBP_POSITIVE_REGULATION_OF_ACROSOME_REACTION",0.467468896593922,1,-0.609423879750983,-1.03888036672656,2291,5,"CACNA1H;ZP3;PLB1"
"GOBP_POSITIVE_REGULATION_OF_ACUTE_INFLAMMATORY_RESPONSE",0.492861451839936,1,-0.438654629397661,-0.975670587235335,2450,16,"IL1B;TNFSF11;ZP3;ADAM8;TAC1"
"GOBP_POSITIVE_REGULATION_OF_ACUTE_INFLAMMATORY_RESPONSE_TO_ANTIGENIC_STIMULUS",0.719160619729359,1,0.47385887278049,0.808367530316171,3666,5,"CCR7;C3;HLA-E"
"GOBP_POSITIVE_REGULATION_OF_AMIDE_METABOLIC_PROCESS",0.89060948977566,1,-0.296778975942359,-0.711406578189698,4485,23,"APOE;GSAP"
"GOBP_POSITIVE_REGULATION_OF_AMINE_METABOLIC_PROCESS",0.961643835616438,1,0.286520975783682,0.509195931178041,4913,6,"ABAT;PAOX"
"GOBP_POSITIVE_REGULATION_OF_AUTOPHAGY",1,1,-0.157312245603591,-0.509709331265798,5261,155,"TLR9;MEFV;CERS1;DEPTOR;ELAPOR1;RAB37;PIP4K2A;RNF152;HMOX1;NOD1;ZC3H12A;HIF1A"
"GOBP_POSITIVE_REGULATION_OF_AUTOPHAGY_OF_MITOCHONDRION",0.95588530178464,1,0.259409613083249,0.645401956832313,4766,26,"SLC25A4;PRKN;BNIP3;NOD2;PINK1;HK2;DELE1;MUL1;ATP5IF1;CAMKK2"
"GOBP_POSITIVE_REGULATION_OF_AXON_EXTENSION",0.722564000793808,1,-0.321175656448233,-0.840091452285217,3640,36,"ADCY10;CDH4"
"GOBP_POSITIVE_REGULATION_OF_AXON_EXTENSION_INVOLVED_IN_AXON_GUIDANCE",0.88238747553816,1,0.358986110560411,0.63797865530375,4508,6,"SEMA5A;BMPR2;VEGFA;MEGF8;CXCL12;NRP1"
"GOBP_POSITIVE_REGULATION_OF_CALCIUM_ION_TRANSPORT",0.444357672784069,1,-0.336228255643717,-0.996010658739994,2275,75,"F2RL3;GRM6;PDGFB;CX3CL1;APLNR;CXCL11;PLA2G1B;CXCL10;ATP2A1;CASQ1"
"GOBP_POSITIVE_REGULATION_OF_CALCIUM_ION_TRANSPORT_INTO_CYTOSOL",0.878210272873194,1,-0.336738665968672,-0.687804135210809,4376,11,"PLA2G1B;CD4;P2RX7;TRPC3;BAK1"
"GOBP_POSITIVE_REGULATION_OF_CALCIUM_MEDIATED_SIGNALING",0.451167512690355,1,0.369951820457766,0.99758606229092,2221,40,"PCP4;HAP1;PLCG2;TNF;P2RX5;AKAP5;IGF1;GRM5;NEGR1"
"GOBP_POSITIVE_REGULATION_OF_CARBOHYDRATE_METABOLIC_PROCESS",0.577646097261953,1,0.314698544834197,0.939191821653268,2826,71,"GPD1;SNCA;PHKA1;NTSR1;PRKAA2;GCK;GPER1;PPARGC1A;PPP1R3G;P2RY6;GPLD1;IGF1;SORBS1;ACTN3;PRXL2C;SLC4A4;KAT2B"
"GOBP_POSITIVE_REGULATION_OF_CENTROSOME_DUPLICATION",0.928207220069345,1,-0.331698423490243,-0.565443841778847,4550,5,"POC1A;NPM1"
"GOBP_POSITIVE_REGULATION_OF_CHOLESTEROL_METABOLIC_PROCESS",0.741825476429288,1,-0.347809544444367,-0.811485423621026,3697,20,"APOE;APOA1;STARD4;ABCG4;SREBF1;QKI;KPNB1;AGTR1;CES1"
"GOBP_POSITIVE_REGULATION_OF_COLLAGEN_METABOLIC_PROCESS",0.844218094667466,1,-0.314144013350523,-0.747248805772283,4226,22,"WNT4;SERPINF2;IHH;SCX;CREB3L1;RUNX1;INHBA;TGFB3"
"GOBP_POSITIVE_REGULATION_OF_CYTOKINE_PRODUCTION_INVOLVED_IN_INFLAMMATORY_RESPONSE",0.743369890329013,1,-0.33227262145366,-0.817338547641859,3727,26,"GBP5;CARD9;IL1RL2;IL17B;IL1RAP;HIF1A"
"GOBP_POSITIVE_REGULATION_OF_CYTOSOLIC_CALCIUM_ION_CONCENTRATION",0.57405875051717,1,0.297559820905103,0.950251744335946,2774,114,"CX3CR1;ADRA1A;TACR1;AVPR1A;LPAR3;ADRA1D;CD36;HRH4;PTGER3;CAV3;CD24;ACKR4;ESR1;PTGER4;P2RX5;GIPR;P2RY4;PTGER2;CD55;CCL2;GPER1;CCR7;CCR1;CACNA1A;GRIN1;PTGFR;GRM5;RYR2"
"GOBP_POSITIVE_REGULATION_OF_DENDRITIC_CELL_CHEMOTAXIS",0.86970111349873,1,0.361212064686881,0.665754573070998,4451,7,"IL12A;CCR7;GAS6"
"GOBP_POSITIVE_REGULATION_OF_DENDRITIC_CELL_DIFFERENTIATION",0.779640228945217,1,-0.423698754428217,-0.753654392198074,3813,6,"LGALS9;ZBTB46;HMGB1"
"GOBP_POSITIVE_REGULATION_OF_DENDRITIC_SPINE_DEVELOPMENT",0.840812182741117,1,0.292224187016154,0.787991192125759,4140,40,"RELN;C21orf91;CAMK2B;FOXO6"
"GOBP_POSITIVE_REGULATION_OF_DENDRITIC_SPINE_MAINTENANCE",0.478507704785077,1,-0.635477518687191,-1.03605083147574,2359,4,"APOE"
"GOBP_POSITIVE_REGULATION_OF_DENDRITIC_SPINE_MORPHOGENESIS",0.458830548926014,1,0.427948073207182,0.994872905999022,2306,19,"RELN;CAMK2B"
"GOBP_POSITIVE_REGULATION_OF_DNA_METABOLIC_PROCESS",1,1,-0.163612340389849,-0.561527469954181,5332,272,"PDGFB;PTK6;GLI1;FGFR4;AURKB;DNA2;SLX1B;NPM2;MARCHF6-DT;SHLD1;HGF;CD40;CDK1;FANCB;GLI2;DDX11;SMOC2;CCNA2;NPAS2;NOX4;PDGFRB;FOXM1;DBF4B;DBF4;PIAS4;TIGAR;E2F7;NEK2;TMEM161A;CEBPG;RFC3;POLG2;PELI1;SMARCD3;MAD2L2;MGMT;DKC1;NBN;SKP2;CASP3;SPIRE1;HTR2A;CCT6A;RAD50;RPS3;SMARCC1;YEATS4;PRKDC;RFC5;EYA3;CDT1;EXOSC6;ACTR5;RTEL1;WRAP53;SLF1;ERCC8;NSD2;H2AX;TFRC;MCRS1;PTPRC;EP400;MYC;HMGB1;SMARCD1;CCT4;TGFB1;RIF1;SLF2;RUVBL1;SLX4;ATR;DHX36;TIMELESS;NVL;PRMT1;CCT2;BAZ1A;MBTD1;SSBP1;PMS2;HNRNPD"
"GOBP_POSITIVE_REGULATION_OF_ESTABLISHMENT_OF_PROTEIN_LOCALIZATION_TO_MITOCHONDRION",0.749345154140641,1,0.317495600150119,0.838799042331039,3718,36,"UBL4B;FZD5;PINK1;NPEPPS;RAC2;LEPROT;MAPK8"
"GOBP_POSITIVE_REGULATION_OF_EXECUTION_PHASE_OF_APOPTOSIS",0.971087747674889,1,-0.254846548638009,-0.580294273134806,4802,18,"ZC3H12A;DLC1;CASP10;HSPD1;HTR2A;BOK;CASP8;NDUFA13"
"GOBP_POSITIVE_REGULATION_OF_FERROPTOSIS",0.58786525974026,1,-0.478920448078368,-0.909985139275674,2896,8,"PCK2;TMEM164"
"GOBP_POSITIVE_REGULATION_OF_GLUCOSE_METABOLIC_PROCESS",0.581736649001223,1,0.338723590801809,0.929003025476785,2853,44,"PHKA1;GCK;PPARGC1A;PPP1R3G;GPLD1;IGF1;SORBS1;ACTN3;KAT2B;PPP1R3E;FOXO1;PRKAG2;EPM2AIP1;PPP1R3B"
"GOBP_POSITIVE_REGULATION_OF_GLUTAMATE_RECEPTOR_SIGNALING_PATHWAY",0.741680194805195,1,-0.41572494283358,-0.789908890970724,3654,8,"NECAB2;EPHB2;NLGN3"
"GOBP_POSITIVE_REGULATION_OF_GLUTAMATE_SECRETION",0.494284588096177,1,0.529640243339587,1.00348569698425,2507,8,"AVPR1A;NTSR1"
"GOBP_POSITIVE_REGULATION_OF_GLYCOGEN_METABOLIC_PROCESS",0.773070803500398,1,0.341389340035513,0.793645365085661,3886,19,"PHKA1;GCK;PPP1R3G;IGF1;SORBS1;PPP1R3E;EPM2AIP1;PPP1R3B"
"GOBP_POSITIVE_REGULATION_OF_GLYCOPROTEIN_METABOLIC_PROCESS",0.515427215189873,1,0.417595484076448,0.958815319047067,2605,18,"MUSTN1;RAMP1;CCR7;IGF1;TCF7L2"
"GOBP_POSITIVE_REGULATION_OF_HUMORAL_IMMUNE_RESPONSE_MEDIATED_BY_CIRCULATING_IMMUNOGLOBULIN",0.823047733173557,1,-0.453898608410558,-0.702385505311084,4120,3,"HPX"
"GOBP_POSITIVE_REGULATION_OF_INFLAMMASOME_MEDIATED_SIGNALING_PATHWAY",0.424789410348977,1,-0.404922568184145,-1.01555890921365,2117,29,"TLR9;GBP5"
"GOBP_POSITIVE_REGULATION_OF_INFLAMMATORY_RESPONSE_TO_ANTIGENIC_STIMULUS",0.473330699328329,1,0.520737033170513,1.01650243145494,2395,9,"TNF;CCR7;C3;HLA-E;CD81"
"GOBP_POSITIVE_REGULATION_OF_INTERFERON_ALPHA_PRODUCTION",0.73952749652571,1,-0.341895269525354,-0.81955449512541,3724,23,"TLR9"
"GOBP_POSITIVE_REGULATION_OF_INTERFERON_BETA_PRODUCTION",0.803272225507589,1,-0.298949832483124,-0.801537085080187,4074,41,"TLR9;IRF5;IRF1;POLR3G;TLR2;POLR3D;TRAF3IP3;RIPK2"
"GOBP_POSITIVE_REGULATION_OF_LIPID_METABOLIC_PROCESS",0.455267234701782,1,-0.318772951757614,-0.991282826004878,2350,109,"CD74;IL1B;APOC2;POMC;APOE;WNT4;APOA2;APOA1;MLXIPL;NR5A2;APOH"
"GOBP_POSITIVE_REGULATION_OF_LIPID_STORAGE",0.841946511160265,1,-0.32794029759915,-0.72941599448306,4186,16,"LPL;APOB;IKBKE;ZC3H12A"
"GOBP_POSITIVE_REGULATION_OF_LONG_TERM_NEURONAL_SYNAPTIC_PLASTICITY",0.900434610825761,1,0.329692701087788,0.643575184672806,4557,9,"KIT;GRM5;NPTN"
"GOBP_POSITIVE_REGULATION_OF_LONG_TERM_SYNAPTIC_DEPRESSION",0.484016473818396,1,0.602635621092482,1.02805095923307,2467,5,"KCNB1;IQSEC2;STAU2"
"GOBP_POSITIVE_REGULATION_OF_MACROAUTOPHAGY",0.997526283240569,1,0.212939682577228,0.659526720428734,4838,92,"KDR;PRKAA2;ADRB2;SLC25A4;FYCO1;PRKN;MOAP1;BNIP3;NOD2;DCN;C9orf72;PINK1;HK2;SNX7;SNX18;DELE1;STING1"
"GOBP_POSITIVE_REGULATION_OF_MACROPHAGE_CYTOKINE_PRODUCTION",0.61761741584358,1,-0.442550165409807,-0.887290895496904,3063,10,"CD74;WNT5A;LAPTM5"
"GOBP_POSITIVE_REGULATION_OF_MITOCHONDRIAL_CALCIUM_ION_CONCENTRATION",0.639878542510121,1,-0.445378489236937,-0.870862041719382,3160,9,"ATP2A1"
"GOBP_POSITIVE_REGULATION_OF_MITOCHONDRIAL_DEPOLARIZATION",0.558870011853023,1,0.48502734780693,0.946795497462618,2828,9,"MYOC;KDR;DCN"
"GOBP_POSITIVE_REGULATION_OF_MITOCHONDRIAL_FUSION",0.96234555795254,1,0.292381287944759,0.498780445451432,4906,5,"PRKN;PLD6;MIEF1"
"GOBP_POSITIVE_REGULATION_OF_MITOCHONDRIAL_MEMBRANE_PERMEABILITY",0.954922175055589,1,0.254993483864335,0.681944362766228,4723,38,"LRRK2;EYA2;BCL2L11;TMEM102;BNIP3;HSPA1A;SPG7;HIP1R;TMEM14A;BCL2L1;MUL1;ATP5IF1;STPG1;SIVA1;GCLC;BNIP3L;MPV17L"
"GOBP_POSITIVE_REGULATION_OF_MITOCHONDRIAL_MEMBRANE_POTENTIAL",0.984026213393406,1,-0.24861190880517,-0.455801868235201,4804,7,"BID;MFN1;VCP"
"GOBP_POSITIVE_REGULATION_OF_MITOCHONDRIAL_OUTER_MEMBRANE_PERMEABILIZATION_INVOLVED_IN_APOPTOTIC_SIGNALING_PATHWAY",0.81845120505729,1,0.37209967272544,0.726355526831031,4142,9,"LRRK2;HIP1R;ATP5IF1;SIVA1"
"GOBP_POSITIVE_REGULATION_OF_MRNA_METABOLIC_PROCESS",1,1,-0.177041264617632,-0.563961495095611,5174,135,"TRIM71;IGF2BP1;CCNB1;ZFP36;PLEKHN1;ZC3H12A;TTC5;DCPS;PIWIL2;LSM2;DND1;NOCT;PATL2;LSM5;QKI;CELF1;PNPT1;PATL1;LSM7;DAZAP1;MOV10;POLR2G;METTL16;TNRC6B;DHX36;NCBP1;TRA2B;CNOT7;HNRNPD;PRPF19;TNRC6C;RC3H1;AGO2;CNOT1;PAN3;THRAP3;PDE12;PAN2;MLH1;AGO3;KHSRP;SYNCRIP;RC3H2;CDC73;HNRNPU;PRDX6;PRMT5;ZFP36L1;GIGYF2;TUT7;YTHDF1;LSM3;LSM4"
"GOBP_POSITIVE_REGULATION_OF_MYELOID_LEUKOCYTE_CYTOKINE_PRODUCTION_INVOLVED_IN_IMMUNE_RESPONSE",0.855974466387393,1,-0.311720754807155,-0.735600716023331,4290,21,"CD74;WNT5A;LAPTM5;CAMK4"
"GOBP_POSITIVE_REGULATION_OF_NATURAL_KILLER_CELL_CYTOKINE_PRODUCTION",0.816630711904295,1,0.414213944870827,0.706617777721467,4163,5,"CD160;HLA-F;RAET1G;HLA-E"
"GOBP_POSITIVE_REGULATION_OF_NATURAL_KILLER_CELL_MEDIATED_IMMUNE_RESPONSE_TO_TUMOR_CELL",0.487326246933769,1,-0.569028690554334,-1.01216009591939,2383,6,"CD226;CRTAM"
"GOBP_POSITIVE_REGULATION_OF_NEUROEPITHELIAL_CELL_DIFFERENTIATION",0.537988941224657,1,-0.525260305597043,-0.96300547206911,2626,7,"LEF1"
"GOBP_POSITIVE_REGULATION_OF_NEURON_APOPTOTIC_PROCESS",0.993878800244848,1,0.219045439846102,0.628256196227425,4870,56,"TNF;PITX3;EPHA7;HRK;BCL2L11;TFAP2B;NR3C1;ST8SIA2;GRIK2;PRNP"
"GOBP_POSITIVE_REGULATION_OF_NEURON_PROJECTION_ARBORIZATION",0.503993446651649,1,-0.541873200153073,-0.993463338757092,2460,7,"WNT5A"
"GOBP_POSITIVE_REGULATION_OF_NEURON_PROJECTION_DEVELOPMENT",0.678391959798995,1,-0.286241557129309,-0.909973310280126,3509,133,"COBL;ALK;LTK;CX3CL1;ATP1B2;APOE;PTK6;IL1RAPL1;WNT5A;ITPKA;AVIL;SCARF1;EPHB2;MDK;NDRG4;TENM3;EPHA3;CNTF;ARMCX5-GPRASP2;TUBB2B;BCL11A;VLDLR;SMAD1;GPC2"
"GOBP_POSITIVE_REGULATION_OF_NEURON_PROJECTION_REGENERATION",0.433544951873848,1,-0.575030915033991,-1.05425426571537,2116,7,"SCARF1;CNTF"
"GOBP_POSITIVE_REGULATION_OF_NEUROTROPHIN_TRK_RECEPTOR_SIGNALING_PATHWAY",0.553648915187377,1,0.600510702514588,0.97427219898279,2806,4,"PPP2R5B;CYFIP2;CYFIP1"
"GOBP_POSITIVE_REGULATION_OF_NUCLEOTIDE_METABOLIC_PROCESS",0.804824120603015,1,-0.308351446495382,-0.792013474685586,4003,33,"ADCY10;UCHL1;MLXIPL"
"GOBP_POSITIVE_REGULATION_OF_PEPTIDYL_SERINE_PHOSPHORYLATION",0.744237767893247,1,-0.355582965000528,-0.809674524991098,3680,18,"IL11;STOX1;LIF;TRIM6"
"GOBP_POSITIVE_REGULATION_OF_PHOSPHOLIPID_METABOLIC_PROCESS",0.927359808421473,1,0.300982986726901,0.639466091213235,4646,13,"FABP3;ADGRF5;RAB38;CAPN2;SPATA18;PRKCD"
"GOBP_POSITIVE_REGULATION_OF_PHOSPHOLIPID_TRANSPORT",0.598827809215845,1,-0.432919552614464,-0.902953445101547,2962,12,"APOE;APOA1"
"GOBP_POSITIVE_REGULATION_OF_PROTEIN_LOCALIZATION_TO_CENTROSOME",0.904864231295175,1,0.336550971748166,0.620301397482551,4631,7,"PARD6A;MARK4;APC"
"GOBP_POSITIVE_REGULATION_OF_PROTEIN_LOCALIZATION_TO_SYNAPSE",0.509483989394248,1,-0.587470969225291,-1.00145740301374,2497,5,"WNT5A"
"GOBP_POSITIVE_REGULATION_OF_PROTEIN_METABOLIC_PROCESS",1,1,-0.196569733957349,-0.727732921884536,5719,726,"TLR9;IL1B;PDGFB;PKP1;INAVA;FLT4;ECSCR;ERBB4;LIN28A;IL33;KLKB1;NEURL3;APOE;CRIPTO;ANGPTL8;LTB;HES1;ATXN3L;ASB9;RNF128;C4BPA;CSF1R;MAGEC2;CASS4;DACT1;FGFR4;MST1R;CCL21;IL11;CEBPA;NLRC4;PIK3R5;EGR1;CARD9;WNT5A;OAZ3;ADAM8;MELTF;SYK;EGF;TF;FAM20A;IGF2BP1;TRIB1;SPHK1;THPO;TRIB3;LAPTM5;ADCY8;CNTF;STOX1;GSAP;SEPTIN4;RNFT2;PASK;IL15;PTPN22;KLF2;LIF;CDC20"
"GOBP_POSITIVE_REGULATION_OF_PROTEIN_SERINE_THREONINE_KINASE_ACTIVITY",0.838246855345912,1,-0.287529418782233,-0.791186001307342,4264,47,"PDGFB;CRIPTO;MST1R;PIK3R5;WNT5A"
"GOBP_POSITIVE_REGULATION_OF_PROTEIN_TYROSINE_KINASE_ACTIVITY",0.715543723121032,1,-0.441453597053678,-0.809355333150605,3493,7,"CSF1R;CASS4"
"GOBP_POSITIVE_REGULATION_OF_RECEPTOR_CLUSTERING",0.641875505254648,1,-0.41774493165902,-0.871303277796605,3175,12,"LAMA1;TNFAIP6;LRP4;LAMB1"
"GOBP_POSITIVE_REGULATION_OF_RELEASE_OF_CYTOCHROME_C_FROM_MITOCHONDRIA",0.73051624476779,1,0.349342970875854,0.823175098648953,3664,20,"GPER1;HRK;BCL2L11;MOAP1;BNIP3;PINK1;BAD;TNFSF10"
"GOBP_POSITIVE_REGULATION_OF_RESPIRATORY_BURST",0.450336528655925,1,-0.618769995491068,-1.05481262089339,2207,5,"IGHA1;JCHAIN;CAMK1D;RPS19"
"GOBP_POSITIVE_REGULATION_OF_SEQUESTERING_OF_CALCIUM_ION",0.41939298383918,1,0.561035725566611,1.06296931395054,2127,8,"NTSR1;RYR2;FKBP1B"
"GOBP_POSITIVE_REGULATION_OF_SKELETAL_MUSCLE_ACETYLCHOLINE_GATED_CHANNEL_CLUSTERING",0.625435183288962,1,-0.483908236914664,-0.887191122501528,3053,7,"LAMA1;LRP4;LAMB1"
"GOBP_POSITIVE_REGULATION_OF_SMALL_MOLECULE_METABOLIC_PROCESS",0.913169041201386,1,-0.253823752218597,-0.806545797199425,4742,131,"CD74;IL1B;ADCY10;APOC2;APOE;WNT4;APOA1;UCHL1;MLXIPL"
"GOBP_POSITIVE_REGULATION_OF_SPHINGOLIPID_BIOSYNTHETIC_PROCESS",0.501863110413807,1,0.593863663157783,1.01308665998907,2558,5,"SIRT3;PRKCD;CCN1;SPHK2;PLA2G6"
"GOBP_POSITIVE_REGULATION_OF_SYNAPSE_ASSEMBLY",0.451370558375635,1,0.344494940488202,0.998100913760385,2222,59,"AMIGO3;SLITRK1;ADGRB3;LRRN3;NTRK2;LRRC4B;LRRN1;SLITRK4;ADGRB1;LINGO2"
"GOBP_POSITIVE_REGULATION_OF_SYNAPTIC_TRANSMISSION_CHOLINERGIC",0.646610666145732,1,0.470679057517618,0.867514586653512,3309,7,"TACR1;TACR2"
"GOBP_POSITIVE_REGULATION_OF_SYNAPTIC_TRANSMISSION_GLUTAMATERGIC",0.417724068479356,1,0.424290003438421,1.02567630682449,2073,23,"RELN;GRIN2C;CACNG2;CCL2;GRIN1;DRD1"
"GOBP_POSITIVE_REGULATION_OF_T_CELL_CYTOKINE_PRODUCTION",0.613141601757539,1,-0.37517699499077,-0.892426879220106,3069,22,"IL1B;IL18R1;NLRP3;PRKCZ"
"GOBP_POSITIVE_REGULATION_OF_T_HELPER_2_CELL_CYTOKINE_PRODUCTION",0.702480953311194,1,0.444214084137057,0.818736655967327,3595,7,"RSAD2;GATA3;IL6;CD81"
"GOBP_POSITIVE_REGULATION_OF_TRANSMISSION_OF_NERVE_IMPULSE",0.934609250398724,1,0.409215988060258,0.58796282826512,4687,2,"GBA1;ITGA2"
"GOBP_POSITIVE_REGULATION_OF_TRIGLYCERIDE_METABOLIC_PROCESS",0.685765983112183,1,-0.366480164596035,-0.846107288267226,3410,19,"APOC2;APOH"
"GOBP_POSITIVE_REGULATION_OF_TUMOR_NECROSIS_FACTOR_MEDIATED_SIGNALING_PATHWAY",0.96863060526845,1,-0.257103990794043,-0.571859464980515,4816,16,"LAPTM5;CASP1;CPNE1;UBE2K;CASP4;TRIM32;NRDC"
"GOBP_POSITIVE_REGULATION_OF_TUMOR_NECROSIS_FACTOR_SUPERFAMILY_CYTOKINE_PRODUCTION",0.651750972762646,1,-0.298008854783819,-0.908382492063176,3349,93,"TLR9;IL33;LPL;FCGR2A;IL1A;CARD9;WNT5A;ADAM8;SYK;EPHB2;HAVCR2;PSMB9"
"GOBP_POSITIVE_REGULATION_OF_TYPE_I_INTERFERON_MEDIATED_SIGNALING_PATHWAY",0.973101265822785,1,0.250154566919763,0.574364522697628,4919,18,"MMP12;IRF3;IRF7;USP27X;STING1"
"GOBP_POSITIVE_REGULATION_OF_TYPE_I_INTERFERON_PRODUCTION",0.998828582584928,1,-0.196738907810862,-0.58280065960942,5115,75,"TLR9;SYK;IRF5;IRF1;POLR3G;PTPN22;IKBKE;TLR2"
"GOBP_POSTSYNAPSE_ASSEMBLY",0.453404649249126,1,0.331765915849128,0.998956830810386,2203,76,"RELN;NPTX1;CARMIL3;NRXN3;LRRC4B"
"GOBP_POSTSYNAPSE_TO_NUCLEUS_SIGNALING_PATHWAY",0.694194603434178,1,-0.463210188504552,-0.823935377266959,3395,6,"JAK2;PRR7;STAT3;RNF10;KPNA1"
"GOBP_POSTSYNAPTIC_ACTIN_CYTOSKELETON_ORGANIZATION",0.861495844875346,1,0.340618466706431,0.711519409169632,4353,12,"ACTL8;ACTB;FARP1;SRCIN1"
"GOBP_POSTSYNAPTIC_CYTOSKELETON_ORGANIZATION",0.447603897395108,1,0.452647945403162,1.01155776164447,2250,16,"ACTL8;INA;NEFH"
"GOBP_POSTSYNAPTIC_NEUROTRANSMITTER_RECEPTOR_INTERNALIZATION",0.933629211216462,1,-0.269475672039038,-0.687215677997651,4627,32,"SUSD4;IQSEC3"
"GOBP_POTASSIUM_ION_EXPORT_ACROSS_PLASMA_MEMBRANE",0.443595415242308,1,-0.454392116803906,-1.01067444345895,2205,16,"WNK4;KCNA2;KCNH2;KCNIP2;KCNE3;KCND3"
"GOBP_POTASSIUM_ION_IMPORT_ACROSS_PLASMA_MEMBRANE",0.507358790771679,1,-0.36910561818579,-0.959526369006384,2550,35,"FXYD3;KCNJ10;ATP1B2;KCNH2;FXYD6"
"GOBP_PRESYNAPSE_ASSEMBLY",0.449211734184793,1,0.381247992471984,1.00006396507254,2250,34,"SLITRK1;SNCA;PCLO;LRRC4B;EFNB2;NLGN4Y"
"GOBP_PRESYNAPTIC_ACTIVE_ZONE_ORGANIZATION",0.782503527514614,1,-0.380962326639453,-0.76381036631517,3881,10,"PCDH17;BSN;RIMS3;RIMS2"
"GOBP_PRESYNAPTIC_DENSE_CORE_VESICLE_EXOCYTOSIS",0.519709747009217,1,0.584871762264311,0.997747154630748,2649,5,"SNAP25;RAB3A;STXBP3"
"GOBP_PRODUCTION_OF_MOLECULAR_MEDIATOR_INVOLVED_IN_INFLAMMATORY_RESPONSE",0.977837733667373,1,-0.233565153625107,-0.704401715748966,5073,83,"IL1R2;GBP5;MEFV;CARD9;RAB44;SYK;EPHB2;SLAMF8;IL1RL2;IL17B;HMOX1;IL1RAP;ZFP36;S100A9;ZC3H12A;HIF1A;ADCY7"
"GOBP_PROGESTERONE_METABOLIC_PROCESS",0.894934705184013,1,0.323002369741867,0.674721066950259,4522,12,"CYP46A1;AKR1C1;AKR1C2;STARD3;ADM"
"GOBP_PROLINE_METABOLIC_PROCESS",0.697871501773749,1,0.434750796562023,0.8237029032229,3540,8,"PRODH;ALDH4A1;PYCR2;PYCR3"
"GOBP_PRONEPHROS_DEVELOPMENT",0.529844644317253,1,-0.547533778437479,-0.97392600918331,2591,6,"HNF1A"
"GOBP_PROSTAGLANDIN_SECRETION",0.52502001601281,1,-0.439143933490868,-0.948256967588932,2622,14,"IL1B;TNFSF11"
"GOBP_PROSTATE_GLANDULAR_ACINUS_DEVELOPMENT",0.638663967611336,1,-0.446301076700777,-0.872666004914373,3154,9,"HOXB13;SFRP1;FOXA1"
"GOBP_PROSTATE_GLANDULAR_ACINUS_MORPHOGENESIS",0.683769419460343,1,-0.467020477169794,-0.830712930323439,3344,6,"HOXB13;SFRP1"
"GOBP_PROSTHETIC_GROUP_METABOLIC_PROCESS",0.68192968111202,1,-0.467749857802259,-0.832010316524122,3335,6,"MOCOS;NFS1"
"GOBP_PROTEIN_DELIPIDATION",0.728966464012551,1,0.468176293296667,0.798673477915698,3716,5,"ATG4A;ATG4B"
"GOBP_PROTEIN_DNA_COVALENT_CROSS_LINKING_REPAIR",0.967466772465781,1,0.265758409928615,0.530849008586666,4876,10,"FAM111B;VCPIP1;HMCES;GCNA;TEX264;FAM111A;SPRTN;BRIP1;TRAIP;VCP"
"GOBP_PROTEIN_INSERTION_INTO_MITOCHONDRIAL_INNER_MEMBRANE_FROM_MATRIX",0.587803385682235,1,-0.548592962254276,-0.93518235295146,2881,5,"TMEM126A;COX18;MAIP1"
"GOBP_PROTEIN_LIPID_COMPLEX_ASSEMBLY",0.649389633780268,1,-0.349683504469016,-0.87305883902185,3244,28,"APOE;APOA2;APOA1;APOB"
"GOBP_PROTEIN_LOCALIZATION_TO_MITOCHONDRION",1,1,0.173099415204678,0.514002663728017,4898,68,"LRRK2;ISG15;PRKN;MOAP1;PINK1;HK2;HK1;MAVS;FKBP8;AKT1;GFER;HSP90AA1;DNAJC19;MTCH1;BCS1L;MTX2;TOMM20;EIF2AK1;PAM16;TIMM22;SAMM50;TSPO;TOMM22;SARM1;TRABD;TRMT10B;OXA1L;TIMM23B;TIMM10;TOMM40L;MTCH2;TIMM21;TOMM70;MTX3;BAX;TOMM6;DNAJA1;AIFM1;TIMM17A;DNM1L;TIMM8A;AGK;TIMM10B;GRPEL1;MAIP1;TOMM7;TIMM29;TIMM23;HSPA4;TOMM40;NDUFA13;CHCHD4;MTX1;MARCHF5;DNLZ;TIMM17B;COX18;DNAJC15;TOMM5;TIMM44;TIMM50;TIMM9;HSPD1;TMEM126A;TIMM8B;TIMM13;GRPEL2;ROMO1"
"GOBP_PROTEIN_LOCALIZATION_TO_POSTSYNAPSE",0.54949083503055,1,0.338103827016511,0.943130564650445,2697,48,"NPTX1;ZDHHC15;GRIP2;GRIN2C;NSG1;LHFPL4;LRRC7;CACNG2"
"GOBP_PROTEIN_PROCESSING_INVOLVED_IN_PROTEIN_TARGETING_TO_MITOCHONDRION",0.904082828677476,1,0.336958423364345,0.621052376763964,4627,7,"LRRK2;PMPCA"
"GOBP_PROTEIN_TARGETING_TO_MITOCHONDRION",0.999793729372937,1,0.179720457451166,0.54210331412962,4846,77,"UBL4B;LRRK2;C11orf65;PRKN;FZD5;MFF;PINK1;NPEPPS;RAC2;PIN1;BAG4;LEPROT"
"GOBP_PROTEIN_TARGETING_TO_VACUOLE_INVOLVED_IN_AUTOPHAGY",0.75769936773404,1,-0.450508442951768,-0.767978400548374,3714,5,"LAMP2;HSPA8;SMURF1;SQSTM1;CLU"
"GOBP_PROTON_TRANSPORTING_TWO_SECTOR_ATPASE_COMPLEX_ASSEMBLY",0.732957973054494,1,-0.364650757257956,-0.811068650884222,3644,16,"ATP6V1B1;VMA12;FMC1"
"GOBP_PROTON_TRANSPORTING_V_TYPE_ATPASE_COMPLEX_ASSEMBLY",0.785917207792208,1,-0.397061538210597,-0.75444700805604,3872,8,"ATP6V1B1;VMA12"
"GOBP_PROTOPORPHYRINOGEN_IX_METABOLIC_PROCESS",0.98313826621702,1,0.242109914383531,0.48361144264079,4955,10,"ALAD;CPOX;PPOX"
"GOBP_PURINE_CONTAINING_COMPOUND_METABOLIC_PROCESS",1,1,0.209474999529605,0.773387022459411,4436,519,"ALDH1L1;ACOT12;PDE2A;GDA;GPD1;GUCY2C;SNCA;OGDHL;NME9;SLC27A2;VNN1;MACROD2;PDK4;CACNB4;PDE8B;PDE10A;ACSL6;MYH7;NTSR1;NMNAT3;ENPP4;ALDOB;ATP1A2;MYH6;GCKR;PRKAA2;LRRK2;ACSM3;XDH;PDE5A;GCK;TTR;ADSS1;NT5E;IDO1;GLYAT;PDE4B;AK5;SULT1A4;IGF1;PDK2;PGAM2;ACTN3;TJP2;MTTP;PRXL2C;SLC4A4;SULT2B1;SIRT4;FMO2;ADCY9;PRKN;ACOT4;SLC25A22;GMPR;LDHA;ATP1B1;ENO4;MLYCD;PDK3;RAB23;HACD1;PDE4C;HSPA1A;SLC25A18;ENO3;PDK1;AK4;EFL1;ENO2;PINK1;NUDT10;AMPD3;ACSS2;PRKAG2;HACD2;PID1;UCP2;CROT;FITM2;ADCY6;BCKDHB;VPS9D1;HK2;FKRP;PFKP;MAP2K1;ARL2;NPR1;AFMID;H6PD"
"GOBP_PURINE_DEOXYRIBONUCLEOSIDE_TRIPHOSPHATE_METABOLIC_PROCESS",0.927708375998362,1,-0.312738514254535,-0.573370759877911,4529,7,"ADA"
"GOBP_PURINE_NUCLEOBASE_METABOLIC_PROCESS",0.779748853896751,1,0.334345024353966,0.78783465347917,3911,20,"GDA;XDH;TTR;GMPR"
"GOBP_PURINE_NUCLEOSIDE_BISPHOSPHATE_METABOLIC_PROCESS",0.89591754244139,1,-0.320856330219471,-0.669219782300568,4432,12,"SULT1A1;SULT1A3;ENPP1"
"GOBP_PURINE_NUCLEOSIDE_METABOLIC_PROCESS",0.732434064827864,1,0.337702710584713,0.832340416325402,3637,25,"GDA;MACROD2;ENPP4;XDH;NT5E"
"GOBP_PURINE_NUCLEOSIDE_MONOPHOSPHATE_METABOLIC_PROCESS",0.750050720227227,1,0.312500441834689,0.846021104786885,3696,41,"GDA;XDH;ADSS1;NT5E;TJP2;AK4;AMPD3"
"GOBP_PUTRESCINE_METABOLIC_PROCESS",0.463239811591235,1,-0.561275407150821,-1.02903509491295,2261,7,"AGMAT;AZIN2"
"GOBP_PYRAMIDAL_NEURON_DEVELOPMENT",0.570944599442009,1,0.453832938812743,0.928576914228428,2864,11,"FOXG1;FGFR2;PLXNA3"
"GOBP_PYRAMIDAL_NEURON_DIFFERENTIATION",0.589692369157012,1,0.422030894223728,0.913074797709472,2951,14,"FOXG1;FGFR2;LYPD6;PLXNA3"
"GOBP_PYRIDINE_CONTAINING_COMPOUND_METABOLIC_PROCESS",0.986388770735857,1,0.229252484049787,0.762424416824986,4637,163,"ALDH1L1;GPD1;OGDHL;NMNAT3;ALDOB;PRKAA2;GCK;IDO1;IGF1;PGAM2;ACTN3;MTTP;PRXL2C;SLC4A4;FMO2;SLC25A22;LDHA;ENO4;SLC25A18;ENO3;PLPBP;ENO2;PRKAG2;UCP2;HK2;FKRP;PFKP;ARL2;AFMID;H6PD;PNPO;BCL2L13;GPD1L;RBKS;HK1;INSR;NNT"
"GOBP_PYRIMIDINE_CONTAINING_COMPOUND_METABOLIC_PROCESS",0.99745347698335,1,-0.211576231235853,-0.623745898897013,5091,72,"ACP3;NME5;CDA;DPYSL4;DHODH;TBPL1;TK1;CAD;UPP1;UCK2;TYMS;TDG;NME1;CPS1;NME4;PRPS1;NME2;TPK1;CTPS1;ENTPD7"
"GOBP_PYRIMIDINE_DEOXYRIBONUCLEOSIDE_METABOLIC_PROCESS",0.996736691821334,1,-0.230393805411315,-0.39275061088029,4886,5,"TK1;DTYMK"
"GOBP_PYRIMIDINE_DEOXYRIBONUCLEOSIDE_MONOPHOSPHATE_METABOLIC_PROCESS",0.831420656905421,1,0.354229568291059,0.739951698972608,4201,12,"DPYS;DCTD;DPYD;NT5C;NT5M"
"GOBP_PYRIMIDINE_DEOXYRIBONUCLEOSIDE_TRIPHOSPHATE_METABOLIC_PROCESS",0.931627270951358,1,0.315300797107033,0.581134929003278,4768,7,"CMPK2;NME3;DUT;DCTPP1;DTYMK;TYMS;TBPL1"
"GOBP_PYRIMIDINE_DEOXYRIBONUCLEOTIDE_METABOLIC_PROCESS",0.814374874169519,1,0.315909695928483,0.778626879763777,4044,25,"DPYS;CMPK2;NEIL1"
"GOBP_PYRIMIDINE_NUCLEOBASE_METABOLIC_PROCESS",0.858997403634911,1,-0.309045703437864,-0.735121546197738,4300,22,"CDA;DPYSL4;DHODH;CAD;TYMS;CPS1"
"GOBP_PYRIMIDINE_NUCLEOSIDE_DIPHOSPHATE_METABOLIC_PROCESS",0.979842773634348,1,-0.243708750644536,-0.488623827311374,4860,10,"DHODH;CAD;ENTPD7;DTYMK"
"GOBP_PYRIMIDINE_NUCLEOSIDE_METABOLIC_PROCESS",0.953033662568031,1,-0.280367787079615,-0.562123357554266,4727,10,"TK1;UPP1;DTYMK"
"GOBP_PYRIMIDINE_NUCLEOSIDE_MONOPHOSPHATE_METABOLIC_PROCESS",0.822262118491921,1,-0.322330142789012,-0.76063682053569,4121,21,"CDA;DHODH;CAD;UPP1;UCK2;TYMS"
"GOBP_PYRIMIDINE_NUCLEOSIDE_TRIPHOSPHATE_METABOLIC_PROCESS",0.910462576930713,1,-0.290186949018119,-0.695604881648975,4585,23,"NME5;TBPL1;CAD;UCK2;TYMS;NME1;NME4;NME2;CTPS1;ENTPD7;DTYMK"
"GOBP_PYRIMIDINE_NUCLEOTIDE_METABOLIC_PROCESS",0.960764383004676,1,0.249515135481221,0.70666177690108,4725,52,"NME9;DPYS;CMPK2;AK5;NEIL1"
"GOBP_PYRIMIDINE_RIBONUCLEOSIDE_MONOPHOSPHATE_METABOLIC_PROCESS",0.806044835868695,1,-0.348436618583326,-0.752389879801531,4026,14,"CDA;DHODH;CAD;UPP1;UCK2"
"GOBP_PYRIMIDINE_RIBONUCLEOSIDE_TRIPHOSPHATE_METABOLIC_PROCESS",0.843945825752982,1,-0.326449562289112,-0.734407062552911,4174,17,"NME5;CAD;UCK2;NME1;NME4;NME2;CTPS1;ENTPD7"
"GOBP_PYRIMIDINE_RIBONUCLEOTIDE_METABOLIC_PROCESS",0.905187835420394,1,0.281918980255802,0.722543617516199,4553,30,"NME9;DPYS;AK5"
"GOBP_PYRUVATE_METABOLIC_PROCESS",0.638020294056741,1,0.28912185144493,0.925328512552666,3080,116,"GPD1;OGDHL;PDK4;LDHAL6A;ALDOB;PRKAA2;GCK;IGF1;PDK2;PGAM2;ACTN3;MTTP;PRXL2C;SLC4A4;SIRT4;LDHA;ENO4;PDK3;ENO3;PDK1;ENO2;PRKAG2;UCP2;HK2;FKRP;PFKP;ARL2"
"GOBP_QUINOLINATE_METABOLIC_PROCESS",0.529858198522069,1,-0.644285546437497,-0.996999816068619,2652,3,"QPRT;KYNU"
"GOBP_QUINONE_METABOLIC_PROCESS",0.991742195367573,1,0.212872943998746,0.514597877051277,4923,23,"ADH4;COQ8A;PPTC7;COQ8B;COQ7;ADCK2;COQ6"
"GOBP_REACTIVE_NITROGEN_SPECIES_METABOLIC_PROCESS",0.967444717444717,1,0.244409825327517,0.733048040248958,4724,74,"CX3CR1;CD36;TNF;ESR1;NOS3;PTGIS;IGF1;ITGB2;SOD2;ATP2B4;DDAH1;PTX3;PKD2;TLR4;CYB5R3;SPR;CAV1;KLF4;DDAH2"
"GOBP_RECEPTOR_METABOLIC_PROCESS",0.836199836199836,1,0.275126658274424,0.824146510661913,4083,73,"SNCA;NSG1;NEDD4L;GRIA1;ACHE;PLEKHA3;ECE1;FURIN;GPRASP1;SORL1;EHD3;KIF16B;RAB11B;OPTN;PEX12;LMTK2;SNX25;PEX1;VAMP3;PEX26;PHETA1"
"GOBP_REGULATION_OF_ACROSOME_REACTION",0.769635627530364,1,-0.39448124026978,-0.771341110141885,3801,9,"CACNA1H;PKDREJ;ZP3;PLB1;HVCN1;B4GALT1"
"GOBP_REGULATION_OF_ACUTE_INFLAMMATORY_RESPONSE_TO_ANTIGENIC_STIMULUS",0.719281109591717,1,0.436784009667573,0.805042190748937,3681,7,"CCR7;C3;HLA-E"
"GOBP_REGULATION_OF_ALDOSTERONE_METABOLIC_PROCESS",0.722711447880401,1,-0.438702919489791,-0.804312276369624,3528,7,"WNT4"
"GOBP_REGULATION_OF_AMINE_METABOLIC_PROCESS",0.517009493670886,1,0.416793340838972,0.956973567271752,2613,18,"SNCA;DRD4;DRD1;ITGB2;ABAT;PRKN;ATP2B4"
"GOBP_REGULATION_OF_AMINO_ACID_METABOLIC_PROCESS",0.810711365494685,1,-0.404714824036721,-0.719886715585379,3965,6,"HNF4A;SLC7A11"
"GOBP_REGULATION_OF_ANTIFUNGAL_INNATE_IMMUNE_RESPONSE",0.924979724249797,1,-0.346144876160269,-0.564337330922076,4561,4,"TRIM62;USP15;PLA2G5;FAM3A"
"GOBP_REGULATION_OF_ATP_DEPENDENT_ACTIVITY",0.695574162679426,1,0.33664851858838,0.856990233015553,3488,29,"FGF10;TNNC1;RGN"
"GOBP_REGULATION_OF_AUTOPHAGY",1,1,-0.140782630652081,-0.495458332884281,5406,358,"TLR9;ADCY10;GATA4;RASIP1;MEFV;CERS1;UCHL1;ATP6V1B1;LAMP3;ATP6V1G2;DEPTOR;TRIB3;HGF;PTPN22;ELAPOR1;RAB37;PIP4K2A;RNF152;HMOX1;NOD1;SNX32;ZC3H12A;HIF1A;SLC7A5"
"GOBP_REGULATION_OF_AUTOPHAGY_OF_MITOCHONDRION",0.757342795190223,1,-0.29912831090679,-0.83959661573737,3841,53,"ADCY10;CERS1"
"GOBP_REGULATION_OF_AXON_EXTENSION_INVOLVED_IN_AXON_GUIDANCE",0.919576930752345,1,0.306137894304856,0.650418167392979,4607,13,"SEMA3F;SEMA5A;SEMA3A;PLXNA3"
"GOBP_REGULATION_OF_AXON_GUIDANCE",0.777800532459554,1,-0.413383551086965,-0.757892072784014,3797,7,"TUBB2B;KIF21A"
"GOBP_REGULATION_OF_AXONOGENESIS",0.459156100602785,1,0.307178515487837,0.991411338345803,2208,125,"SLITRK1;CHODL;PAK3;FGF13;ROBO2;LPAR3;NTRK2;SEMA3F;BRSK2;NTN1;ISLR2;EPHA7;PLXNC1;SEMA5A;CDKL3;SEMA6C;EFNA5;ARHGAP4;RET;AMIGO1;SEMA3G;MAP2;SPP1;KIF13B"
"GOBP_REGULATION_OF_BRANCHING_INVOLVED_IN_PROSTATE_GLAND_MORPHOGENESIS",0.535535535535536,1,0.648563769070665,0.994083273850495,2674,3,"BMP4;ESR1"
"GOBP_REGULATION_OF_CALCIUM_IMPORT_INTO_THE_MITOCHONDRION",0.426027397260274,1,0.601805372484902,1.06950929575834,2176,6,"UCP2;PSEN2;MCUB;SPG7"
"GOBP_REGULATION_OF_CALCIUM_ION_EXPORT_ACROSS_PLASMA_MEMBRANE",0.806241076891699,1,-0.419628696706782,-0.715337926209689,3952,5,"RGS9;YWHAE;CALM3;CALM2;CALM1"
"GOBP_REGULATION_OF_CALCIUM_ION_IMPORT",0.632842445027234,1,-0.347455695826663,-0.886079992954149,3136,32,"GRM6;PDGFB;HES1;EGF;PLN;PLPP4;TRPV3"
"GOBP_REGULATION_OF_CALCIUM_ION_IMPORT_ACROSS_PLASMA_MEMBRANE",0.478734126184237,1,-0.494824866865789,-0.992099051254252,2374,10,"GRM6"
"GOBP_REGULATION_OF_CALCIUM_ION_TRANSPORT_INTO_CYTOSOL",0.85697067095219,1,-0.325210271914976,-0.713022691788085,4265,15,"PLA2G1B;CD4;P2RX7;NOS1;TRPC3;BAK1"
"GOBP_REGULATION_OF_CARBOHYDRATE_METABOLIC_PROCESS",0.793037974683544,1,0.26658496886107,0.881559643650799,3758,155,"LEP;GPD1;SNCA;PHKA1;PDK4;NR0B1;NTSR1;ALDOB;PRKAA2;GCK;GPER1;PPARGC1A;PPP1R3G;P2RY6;GPLD1;IGF1;PDK2;SORBS1;ACTN3;PRXL2C;SLC4A4;PPP1R3C;TCF7L2;KAT2B;PRKN;MLYCD;PDK3;PPP1R3E;NR3C1;MST1;PDK1;FOXO1;C1QTNF1;IGFBP4;RUBCNL;SIK1;PRKAG2;C1QTNF12;EPM2AIP1;PPP1R3B"
"GOBP_REGULATION_OF_CARDIAC_MUSCLE_CONTRACTION_BY_CALCIUM_ION_SIGNALING",0.817133770622143,1,0.308205236494298,0.789913918927928,4110,30,"HRC;CASQ2;ATP1A2;TMEM38A;RYR2;CLIC2;ATP1B1;GSTM2;JPH2"
"GOBP_REGULATION_OF_CATECHOLAMINE_METABOLIC_PROCESS",0.565718830781467,1,0.414125264464582,0.925468965045459,2844,16,"SNCA;DRD4;DRD1;ITGB2;ABAT;PRKN"
"GOBP_REGULATION_OF_CELLULAR_RESPONSE_TO_OXIDATIVE_STRESS",0.909307875894988,1,0.297126447809236,0.690745141964994,4571,19,"CD36;PRKN;PINK1"
"GOBP_REGULATION_OF_CENTROSOME_CYCLE",0.921279937180997,1,-0.263377887097971,-0.754859828287395,4692,60,"C10orf90;PLK4;AURKA;XRCC3;CCDC15;POC1A;FBXL13;RBM14;CCNF;WDR62;ATF5;CCNL1;CEP131;GEN1;NPM1;MDM1;CPAP;CEP76;KAT2A;XPO1"
"GOBP_REGULATION_OF_CHOLESTEROL_METABOLIC_PROCESS",0.48696682464455,1,-0.36258899663027,-0.975885470334968,2465,42,"APOE;APOA1;CH25H;APOB;TTC39B;INSIG1;STARD4;LDLR;ABCG4;SREBF1;QKI;KPNB1;AGTR1;CES1;CHLSN;SEC14L2;DGKQ;PAQR3;SREBF2"
"GOBP_REGULATION_OF_COLLAGEN_METABOLIC_PROCESS",0.574975173783515,1,-0.349761102406792,-0.919619034789009,2894,37,"WNT4;SERPINF2;CIITA;IHH;KLF15;CYGB;SCX;CREB3L1;RUNX1;NOTCH1;GOT1;INHBA;TGFB3"
"GOBP_REGULATION_OF_CYCLIN_DEPENDENT_PROTEIN_SERINE_THREONINE_KINASE_ACTIVITY",0.990650487368212,1,0.222043256471129,0.578999453045628,4979,33,"CDK5R2;INCA1;CDC25A"
"GOBP_REGULATION_OF_CYTOKINETIC_PROCESS",0.889236178941199,1,0.346681482128922,0.63897307064324,4551,7,"RAB11FIP3;EXOC7;RAB11A;ARF6;ECT2;NUP62"
"GOBP_REGULATION_OF_DENDRITE_DEVELOPMENT",0.682898550724638,1,-0.293500863804279,-0.891761049729957,3533,89,"COBL;ALK;KIAA0319;SKOR2;IL1RAPL1;CHRNB2;ITPKA;EPHB2;ARMCX5-GPRASP2;CDC20;BCL11A;PREX1;TNIK;VLDLR;SMAD1;HECW1;LRP8;SDC2"
"GOBP_REGULATION_OF_DENDRITE_MORPHOGENESIS",0.915240423797881,1,0.263215674171263,0.764355389357889,4491,60,"RELN;ADGRB3;NEDD4L;CDKL3;KNDC1;DPYSL5;CAMK2B;TLX2"
"GOBP_REGULATION_OF_DENDRITIC_CELL_CHEMOTAXIS",0.837651821862348,1,-0.364519479972478,-0.712755973282853,4137,9,"CCL21;SLAMF8"
"GOBP_REGULATION_OF_DENDRITIC_SPINE_MAINTENANCE",0.704052969502408,1,-0.402669002435238,-0.822469864574253,3508,11,"APOE"
"GOBP_REGULATION_OF_DNA_METABOLIC_PROCESS",1,1,-0.171819063123987,-0.617794194517812,5515,477,"PDGFB;GMNC;TEX15;H1-5;PTK6;GLI1;FGFR4;ESCO2;IL27RA;AURKB;DNA2;SLX1B;NPM2;MARCHF6-DT;SHLD1;HGF;STOX1;CD40;LIG3;ACVRL1;SMG6;CDK1;FANCB;GLI2;HMGA2;DDX11;PLK1;TICRR;SMOC2;PARPBP;FOXP3;SUPT3H;ID3;IER3;CCNA2;NPAS2;NOX4;PDGFRB;SUV39H1;FOXM1;TAF10;MCM6;AUNIP;DBF4B;SLFN11;DBF4;PIAS4;TIGAR;ENY2;E2F7;NEK2;TMEM161A;KPNA2;CEBPG;APAF1;RFC3;POLG2;TSPYL2;HELB;PELI1;SMARCD3;GMNN;KDM1A;MAD2L2;MGMT;DKC1;NBN;SKP2;CASP3;SPIRE1;HTR2A;CCT6A;RAD50;RPS3;SMARCC1;ZNF365;YEATS4;PRKDC;RFC5;CGAS;EYA3;CDT1;NSMCE1;EXOSC6;USP37;ACTR5;RTEL1;WRAP53;SLF1;ERCC8;GTPBP4;NSD2;H2AX;SMC5;TFRC;MCRS1;GNL3L;POLQ;CUL4B;JADE3;SMC6;PTPRC;EP400;MYC;HMGB1;SMG1;RAD51;SGF29;SMARCD1;DNAJC2;ELOC;CCT4;TGFB1;SUPT20H;RIF1;SLF2;TAF7;FIGNL1;SF3B3;RUVBL1;SLX4;ATR;DHX36;KLHL15;C1QBP;TIMELESS;CDC6;KAT2A;NVL;ATRIP;PRMT1;CCT2;SUB1;RADX;BAZ1A;MBTD1;SSBP1;PMS2"
"GOBP_REGULATION_OF_DOPAMINERGIC_NEURON_DIFFERENTIATION",0.438099122985927,1,-0.625035547174394,-1.0654934603662,2147,5,"SFRP1"
"GOBP_REGULATION_OF_ENDOPLASMIC_RETICULUM_UNFOLDED_PROTEIN_RESPONSE",0.455204348701429,1,0.375812104376296,0.998667551036394,2260,37,"AGR2;PIK3R1;ABCA7;BCL2L11;WFS1;CREBRF;ATF6B"
"GOBP_REGULATION_OF_ESTABLISHMENT_OF_PROTEIN_LOCALIZATION_TO_MITOCHONDRION",0.927228127555192,1,0.265607055223701,0.745668952169543,4535,50,"UBL4B;LRRK2;C11orf65;PRKN;FZD5;PINK1;NPEPPS;RAC2;BAG4;LEPROT;MAPK8"
"GOBP_REGULATION_OF_EXCITATORY_SYNAPSE_ASSEMBLY",0.970524233432245,1,0.256593192633675,0.583016892841582,4905,17,"LRRC4B;VSTM5;FGFR1;CASKIN1;PTPRD;CLSTN3;PRICKLE1"
"GOBP_REGULATION_OF_EXECUTION_PHASE_OF_APOPTOSIS",0.998797354179194,1,0.164457100177388,0.390337097511834,4982,21,"PTGIS;FZD3;BCL2L1;CASP9;FAP;DFFA;TNFRSF1A;SIRT2;TP53BP2;TP53;FADD;RIPK1;HTRA2;NDUFA13;CASP8;BOK;HTR2A;HSPD1;CASP10;DLC1;ZC3H12A"
"GOBP_REGULATION_OF_FATTY_ACID_METABOLIC_PROCESS",0.960398092473564,1,0.247644096114993,0.754994410291749,4631,84,"AVPR1A;SNCA;ABCD2;FMO4;FABP3;PDK4;ANGPTL4;FMO1;SOX9;PPARGC1A;PDK2;SIRT4;KAT2B;FMO2;TWIST1;MLYCD;PDK3"
"GOBP_REGULATION_OF_GENERATION_OF_PRECURSOR_METABOLITES_AND_ENERGY",0.651336233685519,1,0.286978150053002,0.92267987537735,3143,120,"IFNLR1;GPD1;SNCA;PHKA1;TNF;ALDOB;PRKAA2;GCK;PRDM16;OAS1;PPP1R3G;RBPJ;IGF1;SLC25A23;SORBS1;ACTN3;PRXL2C;SLC4A4;PPP1R3C"
"GOBP_REGULATION_OF_GLUTAMATE_RECEPTOR_CLUSTERING",0.669935281427731,1,0.501298166489829,0.855176897753538,3415,5,"FRRS1L;ZDHHC2"
"GOBP_REGULATION_OF_GLUTAMATE_RECEPTOR_SIGNALING_PATHWAY",0.629614767255217,1,-0.42994661252521,-0.878185631471946,3137,11,"CX3CL1;NECAB2;EPHB2;NLGN3"
"GOBP_REGULATION_OF_GLUTAMATE_SECRETION_NEUROTRANSMISSION",0.879487179487179,1,0.392695554829983,0.63711164535936,4458,4,"DTNBP1;STXBP1;RAB3GAP1"
"GOBP_REGULATION_OF_GLYCOGEN_METABOLIC_PROCESS",0.812462311557789,1,-0.306213292355715,-0.786521537129211,4041,33,"ADCY10;POMC"
"GOBP_REGULATION_OF_GLYCOPROTEIN_METABOLIC_PROCESS",0.605685279187817,1,0.340233786673751,0.917450502301132,2982,40,"MUSTN1;RAMP1;MEST;CCR7;ACER2;IGF1;ABCA7;TCF7L2;ITM2A;ITM2B;PTX3"
"GOBP_REGULATION_OF_HORMONE_METABOLIC_PROCESS",0.645978846537617,1,0.338895977604272,0.888969022269584,3236,34,"DUOX2;DUOXA1;PDE8B;BMP6;STC2;GATA3;PAX8;TCF7L2;DUOX1"
"GOBP_REGULATION_OF_INHIBITORY_SYNAPSE_ASSEMBLY",0.467652859960552,1,0.645265627662872,1.04688286046966,2370,4,"LHFPL4;CLSTN3"
"GOBP_REGULATION_OF_INNATE_IMMUNE_RESPONSE",0.485005553498704,1,-0.278398361268034,-0.987390935777718,2619,400,"DRD2;TLR9;INAVA;CFI;FPR2;GBP5;TLR5;CD226;SUSD4;APOE;MEFV;CRTAM;HPX;LAG3;CFP;PTPN6;SLC15A3;A2M;NLRC4;FCN3;CARD9;WNT5A;ADAM8;SYK;CD274;IRF5;CALHM6;SLAMF8;LGR4;CEACAM1;HAVCR2;NLRP3;AURKB;RBM47;S100A14;IRF1;POLR3G;TRIL;USP50;F2RL1"
"GOBP_REGULATION_OF_IRON_ION_TRANSMEMBRANE_TRANSPORT",0.645933014354067,1,0.634671890303624,0.911898582976038,3239,2,"ISCU;HEPH"
"GOBP_REGULATION_OF_IRON_ION_TRANSPORT",0.605917159763314,1,0.571135618771006,0.926613885293589,3071,4,"B2M;ISCU;HEPH;HFE"
"GOBP_REGULATION_OF_KETONE_METABOLIC_PROCESS",0.849263943603566,1,0.26485785862345,0.843224092255828,4095,112,"MALRD1;BGLAP;AVPR1A;SNCA;ABCD2;FMO4;FABP3;PDK4;ANGPTL4;BMP6;FMO1;SOX9;PPARGC1A;PROX1;PDK2;DKKL1;SIRT4;KAT2B;FMO2;TWIST1;MLYCD;PDK3"
"GOBP_REGULATION_OF_LIPID_BIOSYNTHETIC_PROCESS",0.648270648270648,1,-0.284755129459902,-0.926870460285712,3429,160,"DHH;CD74;IL1B;PDGFB;APOC2;POMC;APOE;WNT4;FABP5;MLXIPL;FGFR4;NR5A2;APOB;EGR1;AVIL;CEACAM1;SNAI1"
"GOBP_REGULATION_OF_LIPID_METABOLIC_PROCESS",0.747429426060946,1,-0.265543934048073,-0.914693965048629,3997,282,"DHH;CD74;IL1B;PDGFB;ALK;HCAR1;APOC2;POMC;APOE;ANGPTL8;WNT4;APOA2;APOA1;FABP5;ZFP92;SERPINA3;MLXIPL;FGFR4;CH25H;NR5A2;APOB;HNF4A;APOH;EGR1;GAL;AVIL;CEACAM1;SNAI1"
"GOBP_REGULATION_OF_LIPID_STORAGE",0.502919267163278,1,0.36467805304676,0.96908038328714,2497,37,"LEP;CD36;MEST;TNF;C3;EHD1;PNPLA2"
"GOBP_REGULATION_OF_LIPOPROTEIN_METABOLIC_PROCESS",0.540518801528253,1,-0.423993017181739,-0.94305972930328,2687,16,"LIPG;ANGPTL8"
"GOBP_REGULATION_OF_LONG_CHAIN_FATTY_ACID_IMPORT_ACROSS_PLASMA_MEMBRANE",0.843835616438356,1,0.385921537528572,0.685847436216621,4311,6,"IRS2;AKT1;AKT2;ACSL5;ACSL1;THBS1"
"GOBP_REGULATION_OF_MACROAUTOPHAGY",1,1,-0.114483967262475,-0.380079816541473,5346,192,"ADCY10;CERS1;UCHL1;ATP6V1B1"
"GOBP_REGULATION_OF_MEMBRANE_LIPID_METABOLIC_PROCESS",0.983787029623699,1,-0.229567906624784,-0.495713023430126,4914,14,"SPHK1"
"GOBP_REGULATION_OF_MESENCHYMAL_TO_EPITHELIAL_TRANSITION_INVOLVED_IN_METANEPHROS_MORPHOGENESIS",0.671504497138185,1,-0.472719922585472,-0.840850821987567,3284,6,"WNT9B;LIF"
"GOBP_REGULATION_OF_MESONEPHROS_DEVELOPMENT",0.841222879684418,1,0.422404075098001,0.685310928484283,4264,4,"GATA3;GDNF"
"GOBP_REGULATION_OF_MIRNA_METABOLIC_PROCESS",0.427937487941347,1,-0.33479588925356,-1.0072437507831,2217,82,"NGFR;PDGFB;FOS;HOTTIP;PRL;POU5F1;EGR1;GATA2;FOXA1"
"GOBP_REGULATION_OF_MITOCHONDRIAL_ATP_SYNTHESIS_COUPLED_ELECTRON_TRANSPORT",0.654424692322719,1,0.467568904520622,0.861782223913925,3349,7,"SNCA;NDUFA4L2"
"GOBP_REGULATION_OF_MITOCHONDRIAL_FUSION",0.999799839871897,1,-0.161136777264455,-0.347947586480828,4994,14,"ADCK1;OMA1;MSTO1;TFRC;YME1L1;HUWE1;MTCH2;MIEF1;PLD6;MUL1;VAT1;PID1;BNIP3;PRKN"
"GOBP_REGULATION_OF_MITOCHONDRIAL_GENE_EXPRESSION",0.685158939056489,1,-0.338128152437885,-0.856707664842325,3383,31,"MTG1;UQCC2;METTL8;FASTKD3;TRMT10C;SHMT2;C1QBP;ALKBH1;MTERF3;TACO1;MTRES1;COA3;MTG2;TRUB2;METTL4;LRPPRC;THAP11;DDX3X;MALSU1;MPV17L2;RMND1;CDK5RAP1;NGRN;KANSL1;RPUSD3;PRKAA1;RPUSD4;KANSL3;TEFM;KAT8;NSUN3"
"GOBP_REGULATION_OF_MITOCHONDRIAL_MEMBRANE_PERMEABILITY",0.999594238182187,1,0.187451856919451,0.533375510945479,4926,53,"LRRK2;SLC25A4;EYA2;BCL2L11;TMEM102;BNIP3;HSPA1A;HK2;BAD;SPG7;NOL3;HIP1R;TMEM14A;BCL2L1;MUL1;PPM1K;ATP5IF1;STPG1;SIVA1;GCLC;BCL2;NAIF1;BNIP3L;MPV17L"
"GOBP_REGULATION_OF_MITOCHONDRIAL_MEMBRANE_PERMEABILITY_INVOLVED_IN_APOPTOTIC_PROCESS",0.893893284641915,1,0.278327246301962,0.75350525274854,4405,41,"LRRK2;EYA2;BCL2L11;TMEM102;BNIP3;HSPA1A;NOL3;HIP1R;TMEM14A;BCL2L1;MUL1;PPM1K;ATP5IF1;STPG1;SIVA1;GCLC;NAIF1;BNIP3L;MPV17L"
"GOBP_REGULATION_OF_MITOCHONDRIAL_MRNA_STABILITY",0.668646323981159,1,-0.463095417218406,-0.849033167211337,3264,7,"FASTKD1;TBRG4;FASTKD3;PDE12"
"GOBP_REGULATION_OF_MITOCHONDRIAL_OUTER_MEMBRANE_PERMEABILIZATION_INVOLVED_IN_APOPTOTIC_SIGNALING_PATHWAY",0.901501501501502,1,0.292291316406248,0.700801462707979,4502,22,"LRRK2;TMEM102;HSPA1A;HIP1R;TMEM14A;BCL2L1;MUL1;ATP5IF1;SIVA1;GCLC;MPV17L"
"GOBP_REGULATION_OF_MITOCHONDRIAL_RNA_CATABOLIC_PROCESS",0.548031817254742,1,-0.569496695001321,-0.970816791088473,2686,5,"SLIRP;PNPT1;GRSF1;SUPV3L1"
"GOBP_REGULATION_OF_MITOCHONDRIAL_TRANSCRIPTION",0.843145001975504,1,0.361061864327704,0.704809221576112,4267,9,"KAT8;TEFM;KANSL3;PRKAA1;KANSL1;THAP11;METTL4;MTRES1;MTERF3"
"GOBP_REGULATION_OF_MITOCHONDRION_ORGANIZATION",0.923698942566867,1,0.252181194880215,0.802865583230356,4454,112,"PDE2A;IFI6;KDR;LRRK2;GPER1;C11orf65;IGF1;HRK;MIEF2;BCL2L11;TMEM102;PRKN;MOAP1;ATP13A2;BNIP3;HSPA1A;MFF;DCN"
"GOBP_REGULATION_OF_MITOTIC_CENTROSOME_SEPARATION",0.819373336063895,1,-0.390794395621592,-0.71647740639713,4000,7,"MAP9;NEK2;KIF11"
"GOBP_REGULATION_OF_MITOTIC_CYTOKINESIS",0.738090492326091,1,0.346878586800938,0.817368141666559,3702,20,"DCDC1;DCAF11;RAB11FIP3"
"GOBP_REGULATION_OF_MODIFICATION_OF_POSTSYNAPTIC_ACTIN_CYTOSKELETON",0.459295499021526,1,0.585220967241203,1.04003602020495,2346,6,"AMOT;CTTNBP2;BAIAP2;RHOA;CYFIP1"
"GOBP_REGULATION_OF_MODIFICATION_OF_POSTSYNAPTIC_STRUCTURE",0.959730212259472,1,0.27555453029701,0.550416633133168,4837,10,"AMOT;CTTNBP2;EGLN1;BAIAP2;PDXP"
"GOBP_REGULATION_OF_MODIFICATION_OF_SYNAPTIC_STRUCTURE",0.999203821656051,1,0.162563731099763,0.357733177018063,5019,15,"AMOT;CTTNBP2;EGLN1;BAIAP2;PDXP;CLN3;KIF5B"
"GOBP_REGULATION_OF_MOTOR_NEURON_APOPTOTIC_PROCESS",0.497362766165267,1,0.543645894946161,1.00200069730624,2545,7,"KCNB1;CRLF1;MAP3K12;MAP2K4"
"GOBP_REGULATION_OF_MRNA_METABOLIC_PROCESS",1,1,-0.17103993019063,-0.595622479057373,5350,321,"PKP1;CACNG7;RBPMS2;TRIM71;SRSF12;A1CF;RBM20;IGF2BP1;SNRPE;RBM47;MAGOHB;SNRPD1;ELAVL4;CCNB1;RBM46;IKBKE;ZFP36;PLEKHN1;ZC3H12A;TTC5;MEIOC;JMJD6;DCPS;PIWIL2;PIAS4;LSM2;PCF11;DND1;ALYREF;SENP1;NOCT;SLIRP;PATL2;FASTKD1;DHX34;IGF2BP2;RBM14;PRKCA;EFTUD2;SRSF7;CCNL1;TIAL1;TBRG4;RBM7;SNRPG;LSM5;QKI;FASTKD3;CELF1;THUMPD2;SRSF3;KHDRBS1;EIF4A3;PNPT1;PATL1;CSTF3;LSM7;SNRPD2;DAZAP1;PNN;SMG1;MOV10;NPM1;POLR2G;SNRNP200;METTL16;SNRPF;IREB2;NICOL1;TNRC6B;APEX1;U2AF2;DHX36;PUF60;C1QBP;RBM10;SECISBP2;RBM33;NCBP1;TRA2B;CNOT7;HNRNPD;TAF15;HNRNPAB"
"GOBP_REGULATION_OF_MYELOID_DENDRITIC_CELL_ACTIVATION",0.562812063111644,1,-0.625196979602594,-0.967461208957778,2817,3,"CD37;HAVCR2"
"GOBP_REGULATION_OF_NADP_METABOLIC_PROCESS",0.709499408750493,1,0.429402071022017,0.813568912001526,3599,8,"ALDOB;RPTOR"
"GOBP_REGULATION_OF_NEUROMUSCULAR_JUNCTION_DEVELOPMENT",0.968314069350339,1,0.26779688632911,0.547932917778079,4858,11,"COLQ;DCTN1"
"GOBP_REGULATION_OF_NEURON_APOPTOTIC_PROCESS",0.998699368264586,1,-0.215711363927341,-0.726126205893135,5374,219,"PTPRZ1;ADCY10;FPR2;ERBB3;GRM4;CX3CL1;DLX1;FGF8;DRAXIN;ADORA2A;IL27RA;EGR1;ADAM8;MDK;UNC5B;CORO1A;CNTF;ARMCX5-GPRASP2;SIX4;NEFL;KIF14;AGAP2;NES"
"GOBP_REGULATION_OF_NEURON_DIFFERENTIATION",0.564318852804724,1,0.2907426058682,0.95653764486008,2675,146,"RELN;ADRA2B;PCP4;FOXG1;FEZF1;PAX6;CASZ1;BMP4;GDF7;NKX2-5;BRINP1;DUOXA1;BMP6;BCL11B;CDON;LRRK2;MEF2C;TBX6;SOX9"
"GOBP_REGULATION_OF_NEURON_MATURATION",0.807843910130075,1,0.388378814270861,0.735843980954125,4098,8,"LRRK2;TBX6;NGF"
"GOBP_REGULATION_OF_NEURON_PROJECTION_ARBORIZATION",0.973178542834267,1,-0.251174184016311,-0.542368121036299,4861,14,"WNT5A"
"GOBP_REGULATION_OF_NEURON_PROJECTION_DEVELOPMENT",0.670861358212194,1,0.261939711584474,0.948727012726561,3091,390,"RELN;AMIGO3;SLITRK1;DGKG;NGEF;CHODL;ANKRD1;PAK3;PACSIN1;ADGRB3;SERPINI1;FGF13;ROBO2;ZDHHC15;LPAR3;CNTN1;NTRK2;PPFIA2;TRIM67;SNAP25;NDNF;SEMA3F;BRSK2;NTN1;ISLR2;EFNB2;LRRC7;MBOAT1;NEDD4L;EPHA7;ATP8A2;LRRK2;GATA3;TBX6;PLXNC1;FAT3;SEMA5A;SEMA3A;ARSB;GFAP;KANK1;GRM5;CDKL3;ULK4;ARHGAP33;SEMA6C;NEGR1;LYN;EFNA5;KNDC1;RTN4RL2;ARHGAP4;RET;AMIGO1;EHD1;KAT2B;MAGI2;SEMA3G;NR2F1;MAP2;SPP1;DPYSL5;CAMK2G;KIF13B"
"GOBP_REGULATION_OF_NEUROTRANSMITTER_TRANSPORT",0.442159916926272,1,0.326215592996123,1.00075851617834,2128,87,"CACNA1B;MCTP1;BGLAP;SNCA;RIMS1;PPFIA2;CACNB4;BAIAP3;SYT1;MCTP2;ATP1A2;SYT5;LRRK2;TSPOAP1;RIMS4;MEF2C;GPER1;GFAP;RAB3A;DRD4;DRD1;SNCG;TACR2"
"GOBP_REGULATION_OF_NITRIC_OXIDE_METABOLIC_PROCESS",0.880490296220633,1,0.275385294551772,0.78491063077615,4309,54,"CX3CR1;CD36;TNF;ESR1;PTGIS;IGF1;ITGB2;SOD2;ATP2B4;DDAH1;PTX3;PKD2;TLR4;CAV1;KLF4;DDAH2;EDN1;INSR;ROCK2;P2RX4;ACVR2A"
"GOBP_REGULATION_OF_NUCLEOTIDE_METABOLIC_PROCESS",0.999183173371452,1,0.206189493261681,0.61657323729529,4892,72,"GPD1;ALDOB;PRKAA2;GCK;IGF1;ACTN3;PRXL2C;SLC4A4;PRKN;PINK1;PRKAG2;PID1;MAP2K1;ARL2"
"GOBP_REGULATION_OF_OXIDATIVE_PHOSPHORYLATION",0.508358509566969,1,0.399960483783266,0.966862260619101,2523,23,"SNCA;TNF;SLC25A23;ACTN3;AK4;PINK1;SIRT3"
"GOBP_REGULATION_OF_OXIDATIVE_STRESS_INDUCED_INTRINSIC_APOPTOTIC_SIGNALING_PATHWAY",0.457831325301205,1,-0.37371069642541,-0.991945950925052,2317,39,"ADCY10;GATA4;NME5"
"GOBP_REGULATION_OF_PEPTIDYL_SERINE_PHOSPHORYLATION",0.780658025922233,1,-0.324535843447098,-0.798307286890835,3914,26,"IL11;DMTN;STOX1;LIF;NT5DC2;TRIM6"
"GOBP_REGULATION_OF_PHOSPHATIDYLCHOLINE_METABOLIC_PROCESS",0.430470144812537,1,0.521842443346834,1.04237357441866,2169,10,"FABP3;RAB38;ABCA3;CAPN2;APOC1"
"GOBP_REGULATION_OF_PHOSPHOLIPID_BIOSYNTHETIC_PROCESS",0.608284737582948,1,-0.40245253549778,-0.895148655293234,3024,16,"PDGFB"
"GOBP_REGULATION_OF_PHOSPHOLIPID_METABOLIC_PROCESS",0.42070351758794,1,-0.396205198139587,-1.01766947823196,2092,33,"PDGFB;APOC2"
"GOBP_REGULATION_OF_PHOSPHORUS_METABOLIC_PROCESS",0.915391539153915,1,0.242790558955659,0.896643286024158,4067,520,"FGF10;RELN;FGF18;THBS4;LEP;CD80;EREG;BMP4;TNFRSF18;CDK5R2;GPD1;SNCA;AGT;DOK7;FABP3;PDK4;WNK3;RASSF2;TNF;DAPK1;DIRAS2;INHA;TNFRSF10A;KDR;CIMAP3;ADGRF5;RSPO1;NTSR1;TTC36;ALDOB;EPHA7;GCKR;SFN;PRKAA2;ANGPT4;CEMIP;GCK;TNFSF15;IL34;IL12A;GPER1;KIT;C3;FAXDC2;LIMCH1;P2RY6;IL7;PRR5L;DIPK2A;CSPG4;NHERF1;ERCC6;IGF1;PDK2;NEDD9;ITGB2;FGF1;PRLR;ACTN3;ADORA1;LYN;PRXL2C;SLC4A4;RAB38;IRAK2;MAP2K3"
"GOBP_REGULATION_OF_POSTSYNAPSE_ASSEMBLY",0.91116801260587,1,-0.271688068404695,-0.726083279785271,4625,40,"RTN4R;SYNDIG1;ASIC1;LRP4;SLC12A5;ARHGAP32"
"GOBP_REGULATION_OF_POSTSYNAPSE_ORGANIZATION",0.579658901830283,1,0.293172551643451,0.947822101889553,2786,127,"RELN;NGEF;PAK3;CARMIL3;ZDHHC15;PPFIA2;LRRC4B;SEMA3F;EPHA7;LRRK2;DOCK4;GRM5;NEDD9;ARHGAP33;ABHD17B;TRIM47"
"GOBP_REGULATION_OF_POSTSYNAPTIC_CYTOSOLIC_CALCIUM_ION_CONCENTRATION",0.448715434398902,1,0.621185725423187,1.05969603941681,2287,5,"ATP2B2;GRM1;GRM5"
"GOBP_REGULATION_OF_POSTSYNAPTIC_DENSITY_ASSEMBLY",0.921572540411096,1,0.3051475489413,0.648314087406694,4617,13,"LRRC4B;FGFR1;CASKIN1;PTPRD"
"GOBP_REGULATION_OF_POSTSYNAPTIC_DENSITY_ORGANIZATION",0.984637153830604,1,-0.231214294212168,-0.520158181380005,4870,17,"CDH2;LRFN1;IL1RAP"
"GOBP_REGULATION_OF_POSTSYNAPTIC_MEMBRANE_NEUROTRANSMITTER_RECEPTOR_LEVELS",0.525847047434656,1,-0.3129394116603,-0.963965707162735,2715,101,"NETO1;CACNG7;GRID1;ERBB4;SUSD4;LGI1;IQSEC3"
"GOBP_REGULATION_OF_POSTSYNAPTIC_NEUROTRANSMITTER_RECEPTOR_INTERNALIZATION",0.435387673956262,1,-0.414660072333231,-1.00277975966118,2189,24,"SUSD4;IQSEC3;ITGB3;ARC;TAMALIN;NRG1"
"GOBP_REGULATION_OF_POSTSYNAPTIC_SPECIALIZATION_ASSEMBLY",0.58601172427734,1,-0.405305562783054,-0.911807832464614,2898,17,"GAP43;SPTBN2;LRFN1;IL1RAP"
"GOBP_REGULATION_OF_PRESYNAPTIC_CYTOSOLIC_CALCIUM_ION_CONCENTRATION",0.683524298696167,1,0.432177077442218,0.843629360032961,3459,9,"CACNB4;CACNB2;TSPOAP1;ADORA1"
"GOBP_REGULATION_OF_PROSTATIC_BUD_FORMATION",0.502564102564103,1,0.628076576429127,1.01899523969321,2547,4,"BMP4;AR"
"GOBP_REGULATION_OF_PROTEIN_LIPIDATION",0.448636902410115,1,0.531651704134723,1.03780836682523,2270,9,"SVIP;RB1CC1;ATG13;ULK1;RAB3GAP1"
"GOBP_REGULATION_OF_PROTEIN_LOCALIZATION_TO_CENTROSOME",0.849821923229125,1,0.345932518026771,0.722619954281898,4294,12,"PARD6A;UBXN2B;RAB11FIP3;MARK4;RAB11A"
"GOBP_REGULATION_OF_PROTEIN_METABOLIC_PROCESS",1,1,0.170051642857143,0.662631687600067,4100,1399,"F8A2;FGF10;RELN;FGF18;THBS4;CCL5;MUSTN1;LEP;CD80;EREG;HAP1;TM4SF20;BMP4;TNFRSF18;CDK5R2;NKD2;SNCA;AGT;RAMP1;NTRK2;DOK7;TRIM67;FBXO32;GRIN2C;MEST;WNK3;CLEC3B;FRY;RASSF2;TNF;CAV3;DAPK1;DIRAS2;SH3RF2;TNFRSF10A;KDR;RTN1;PTPN3;ADGRB1;RSPO1;TTC36;MGAT3;CSTA;SVIP;RASD2;PINX1;APOD;EPHA7;SFN;ANGPT4;LRRK2;SPON1;CEMIP;VTN;DIO2;TNFSF15;IL34;FXYD1;CRYAB;IL12A;RIGI;TNFAIP3;GPER1;SOX9;KIT;USP44;CCR7;PLAT;ARRDC3;NANOS1;C3;FAXDC2;PAIP2B;LIMCH1;EFNA3;ECM1;ACER2;IL7;GFAP;PRR5L;AXIN2;PACSIN3;ISG15;DIPK2A;CSPG4;BIRC3;NHERF1;ERCC6;GAS1;ZNF418;VSIR;IGF1;NEDD9;TFR2;ITGB2"
"GOBP_REGULATION_OF_PROTEIN_SERINE_THREONINE_KINASE_ACTIVITY",0.983047582354074,1,-0.231418847394588,-0.721460150327921,5102,111,"PDGFB;RASIP1;CRIPTO;MST1R;PIK3R5;WNT5A;CDC25C;DIRAS3;TRIB1;TRIB3;PTPN22;HMGA2;PKMYT1;CDKN3;PDGFRB;HERC5;NOLC1;EZH2;KSR1;PYCARD;TPD52L1"
"GOBP_REGULATION_OF_RECEPTOR_CLUSTERING",0.940558026688233,1,-0.279822279549439,-0.637164863271168,4651,18,"LAMA1;TNFAIP6;LRP4;SLC7A11;LAMB1"
"GOBP_REGULATION_OF_RELEASE_OF_CYTOCHROME_C_FROM_MITOCHONDRIA",0.968730964467005,1,0.245617629179818,0.662315225857087,4770,40,"IFI6;GPER1;IGF1;HRK;BCL2L11;PRKN;MOAP1;BNIP3;PINK1;BAD;TNFSF10;NOL3"
"GOBP_REGULATION_OF_RELEASE_OF_SEQUESTERED_CALCIUM_ION_INTO_CYTOSOL_BY_SARCOPLASMIC_RETICULUM",0.501316055881757,1,-0.381199823210459,-0.965837384513353,2475,31,"JPH1;CHD7;CASQ1;PLN;PDE4D"
"GOBP_REGULATION_OF_RESPIRATORY_BURST",0.816819816220535,1,0.351231484137204,0.759898435676523,4088,14,"NOXO1;NOXA1;RAC2;DUSP10;INSR;GRN"
"GOBP_REGULATION_OF_RESPIRATORY_BURST_INVOLVED_IN_INFLAMMATORY_RESPONSE",0.639404446257393,1,-0.516164142656365,-0.879901184760032,3134,5,"SLAMF8;S100A9;RPS19"
"GOBP_REGULATION_OF_RESPIRATORY_GASEOUS_EXCHANGE",0.506563245823389,1,0.413429658091501,0.961121199329588,2546,19,"GRP;NTSR1;ATP1A2;ADORA1"
"GOBP_REGULATION_OF_RESPIRATORY_GASEOUS_EXCHANGE_BY_NERVOUS_SYSTEM_PROCESS",0.677202686685105,1,0.435000217631304,0.849140258401514,3427,9,"ATP1A2;ADORA1;PBX3;TSHZ3;CC2D1A;MECP2"
"GOBP_REGULATION_OF_RESPIRATORY_SYSTEM_PROCESS",0.895528294420261,1,0.322582219724953,0.673843413737008,4525,12,"ATP1A2;ADORA1;PBX3;FTO;TSHZ3;CC2D1A;MECP2"
"GOBP_REGULATION_OF_RESPONSE_TO_CYTOKINE_STIMULUS",0.861388000752304,1,-0.259304922924014,-0.850620828433901,4579,172,"CD74;IL1B;IL1R2;HPX;CXCR4;APOA1;IL1A;PTPN6;IL11;CARD16;WNT5A;SYK;CISH;SPHK1;RBM47;LAPTM5;F2RL1;CD40;IKBKE;TLR2;IL1RAP;IL1R1;CASP1;TRIM6;HIF1A"
"GOBP_REGULATION_OF_RESPONSE_TO_OXIDATIVE_STRESS",0.428940568475452,1,0.396025526536963,1.01499273412928,2157,30,"MCTP1;CD36;PRKN;PINK1"
"GOBP_REGULATION_OF_RYANODINE_SENSITIVE_CALCIUM_RELEASE_CHANNEL_ACTIVITY",0.70602078838988,1,0.481254632448999,0.820984139018599,3599,5,"CAMK2D;FKBP1B;CALM1"
"GOBP_REGULATION_OF_SECONDARY_METABOLIC_PROCESS",0.710838528051478,1,-0.371927441343434,-0.827253699801986,3534,16,"POMC;WNT5A;PMEL;SLC7A11;MC1R"
"GOBP_REGULATION_OF_SKELETAL_MUSCLE_ACETYLCHOLINE_GATED_CHANNEL_CLUSTERING",0.605263157894737,1,-0.458792234212356,-0.897090343307117,2989,9,"LAMA1;LRP4;LAMB1"
"GOBP_REGULATION_OF_SKELETAL_MUSCLE_CONTRACTION_BY_CALCIUM_ION_SIGNALING",0.846185064935065,1,-0.365886079329075,-0.695211274008531,4169,8,"CASQ1"
"GOBP_REGULATION_OF_SKELETAL_MUSCLE_CONTRACTION_BY_REGULATION_OF_RELEASE_OF_SEQUESTERED_CALCIUM_ION",0.543136854986743,1,-0.571311120911873,-0.973909829477653,2662,5,"CASQ1"
"GOBP_REGULATION_OF_SMALL_MOLECULE_METABOLIC_PROCESS",0.937942881683487,1,0.243283924249318,0.856026813619044,4367,283,"MALRD1;LEP;BGLAP;GPD1;AVPR1A;SNCA;AGT;ABCD2;FMO4;PHKA1;FABP3;PDK4;TNF;ANGPTL4;BMP6;NR0B1;NTSR1;ALDOB;PRKAA2;GCK;FMO1;GPER1;SOX9;PPARGC1A;PPP1R3G;P2RY6;GPLD1;PROX1;IGF1;PDK2;FGF1;SORBS1;ACTN3;DKKL1;PRXL2C;ATCAY;SLC4A4;SIRT4;TCF7L2;KAT2B;FMO2;PRKN;ATP2B4;TWIST1;MLYCD;PDK3;PPP1R3E;NR3C1;MST1;PDK1;FOXO1;C1QTNF1;PINK1;IGFBP4;SIK1;PRKAG2;C1QTNF12;ADM;PID1;CAV1;INSIG2;EPM2AIP1;PPP1R3B;GFI1;DKK3;ACADVL;MAP2K1;ARL2;H6PD;APPL2;PPTC7"
"GOBP_REGULATION_OF_SPHINGOLIPID_BIOSYNTHETIC_PROCESS",0.976357443398117,1,-0.243582992561515,-0.517744787664239,4872,13,"SPHK1"
"GOBP_REGULATION_OF_SPONTANEOUS_SYNAPTIC_TRANSMISSION",0.936986301369863,1,0.314050279316904,0.558120130563239,4787,6,"PRKN;STX1B;ITGB1"
"GOBP_REGULATION_OF_STEROID_METABOLIC_PROCESS",0.564310544611819,1,-0.310984693207138,-0.943631671239095,2921,88,"DHH;POMC;APOE;WNT4;APOA1;FGFR4;CH25H;NR5A2;APOB;EGR1;GAL;SNAI1"
"GOBP_REGULATION_OF_STORE_OPERATED_CALCIUM_CHANNEL_ACTIVITY",0.518533688306369,1,-0.535494239617784,-0.981768234756013,2531,7,"CASQ1;CRACR2A;STIM2"
"GOBP_REGULATION_OF_STORE_OPERATED_CALCIUM_ENTRY",0.929055400557991,1,0.302831202133631,0.619615808286142,4661,11,"STC2;EFHB;SLC8B1;SARAF"
"GOBP_REGULATION_OF_SUPEROXIDE_METABOLIC_PROCESS",0.871954902355547,1,0.298308711885467,0.735245497480125,4330,25,"AGT;CD36;BST1;ITGB2;CD177"
"GOBP_REGULATION_OF_SUPRAMOLECULAR_FIBER_ORGANIZATION",0.918362927674318,1,0.243896893369432,0.878705296763177,4240,365,"MYOC;TACR1;PAK3;CARMIL3;TRIM54;FGF13;LMOD3;RGS4;SNCA;KANK3;GPR65;ESAM;CAV3;GMFG;ACTN2;TMSB4Y;PTGER4;MTSS1;WAS;SVIL;CARMIL2;RHPN2;HCK;HCLS1;CRYAB;MAP6D1;TMEFF2;LMOD1;CCR7;SEMA5A;LIMCH1;ELN;PROX1;PIK3R1;RAPGEF3;AMOT;KANK1;ARHGAP18;TUBB4A;CAPG;BAIAP2L2;RHPN1;MYLK3;OCLN;RAB40B;FHOD3;CYRIA;PRKN;DSTN;MAP2;RGCC;SYNPO2;S100A10;APC2;ARHGAP28"
"GOBP_REGULATION_OF_SYNAPSE_ASSEMBLY",0.547229887497347,1,0.290323986016414,0.963938820803986,2577,160,"AMIGO3;SLITRK1;CARMIL3;ADGRB3;ROBO2;SNCA;LRRN3;NTRK2;LRRC4B;LRRN1;LHFPL4;SLITRK4;NTN1;ADGRB1;COLQ;OPCML;EPHA7;SRGAP3;LINGO2;MEF2C;DOCK4;ARHGAP33;NEGR1;EFNA5;VSTM5;RTN4RL2;ARHGAP4;TRIM47;AMIGO1"
"GOBP_REGULATION_OF_SYNAPSE_STRUCTURE_OR_ACTIVITY",0.807377049180328,1,-0.259386054061214,-0.895177314614344,4333,286,"DRD2;GPM6A;RTN4R;GRID1;SLITRK6;GPR158;VANGL2;LRRTM4;CCDC141;APOE;SLITRK5;IL1RAPL1;EPHB1;SPARCL1;NLGN4X;CHRNB2;SYNDIG1;FLRT1;CDH2;FLRT3;WNT5A;RTN4RL1;ITPKA;EPHB2;IGLON5;LRRC15;RHOB;IGSF9;LRFN1;ARMCX5-GPRASP2;NECTIN1;NTM;ADGRB2;NRCAM;SIX4;NEFL;CDC20;SPARC;NLGN3;VLDLR;TLR2;C1QL1;ASIC1;LRP4;IL1RAP;PTPN13;ARC;DAB1;AMIGO2;LRP8;SLC12A5;AGRN;ARHGAP32;SLC7A11;CRTAC1;LSAMP"
"GOBP_REGULATION_OF_SYNAPTIC_ASSEMBLY_AT_NEUROMUSCULAR_JUNCTION",0.946042451894465,1,0.291158587618491,0.581585537105999,4768,10,"COLQ;MUSK;LIN7B;MYCBP2"
"GOBP_REGULATION_OF_SYNAPTIC_TRANSMISSION_DOPAMINERGIC",0.532706459525756,1,-0.545878063768309,-0.970980905805958,2605,6,"CHRNB2;SLC6A4"
"GOBP_REGULATION_OF_SYNAPTIC_VESICLE_CYCLE",0.481116914423463,1,-0.447924801044614,-0.982073983945294,2394,15,"BSN;RAPGEF4;PLD1;SYN1;SCRN1;CASP3"
"GOBP_REGULATION_OF_SYNAPTIC_VESICLE_MEMBRANE_ORGANIZATION",0.56873636183297,1,0.468496732713535,0.935816202971246,2866,10,"SYT1;SYT5;RPH3AL;RAB3A;SYT2"
"GOBP_REGULATION_OF_SYNAPTIC_VESICLE_PRIMING",0.93338683788122,1,-0.301884500942547,-0.61661290813468,4651,11,"BRSK1"
"GOBP_REGULATION_OF_TETRAPYRROLE_METABOLIC_PROCESS",0.477462777891087,1,-0.605134184144908,-1.03156775445051,2340,5,"CLYBL;SRRD"
"GOBP_REGULATION_OF_TRANSLATION_AT_SYNAPSE",0.895351218513209,1,-0.340268706848293,-0.623844260030888,4371,7,"EIF4A3;FMR1;EIF4E;CYFIP1;EEF2K;FXR1;FXR2"
"GOBP_REGULATION_OF_TRANSMISSION_OF_NERVE_IMPULSE",0.838742189074783,1,-0.357081379352716,-0.715930264217046,4160,10,"UNC79;NALF1;TRPA1"
"GOBP_REGULATION_OF_TRIGLYCERIDE_METABOLIC_PROCESS",0.690963257199603,1,-0.326813894708985,-0.859284455417698,3478,37,"APOC2;APOE;APOH;PLIN1;CIDEC;LDLR;SREBF1"
"GOBP_REGULATION_OF_TRNA_METABOLIC_PROCESS",0.873875715453802,1,-0.36259737836451,-0.644970285958718,4274,6,"METTL1;NSUN2;TRDMT1;RNH1;ANGEL2;AKT1"
"GOBP_REGULATION_OF_TUMOR_NECROSIS_FACTOR_MEDIATED_SIGNALING_PATHWAY",0.962962962962963,1,0.246484789489386,0.724047754137306,4705,64,"CCDC3;TNFRSF11B;H2BC11;TNFAIP3;MMP8;PRKN;GAS6;HSPA1A;NKIRAS1;PELI3;IKBKB;CYLD;RFFL"
"GOBP_REGULATION_OF_TYPE_I_INTERFERON_MEDIATED_SIGNALING_PATHWAY",0.997768310002029,1,0.197263508049446,0.534044336175409,4917,41,"MMP12;OAS1;ISG15;OAS3;IRF3;IRF7;USP27X;STING1"
"GOBP_REGULATION_OF_TYROSINE_PHOSPHORYLATION_OF_STAT_PROTEIN",0.471312289060949,1,-0.407830937803635,-0.977608373441958,2373,23,"ERBB4;HES1;CSF1R;CNTF;IL31RA"
"GOBP_REGULATION_OF_VITAMIN_METABOLIC_PROCESS",0.939549585144212,1,0.296775868918851,0.579320027454975,4755,9,"TNF;GFI1"
"GOBP_REGULATION_OF_VOLTAGE_GATED_CALCIUM_CHANNEL_ACTIVITY",0.838127355683396,1,0.35859751434318,0.716293926584873,4224,10,"STAC3;STAC2;CACNB3;CALM1;STAC"
"GOBP_REGULATION_PROTEIN_CATABOLIC_PROCESS_AT_SYNAPSE",0.919178082191781,1,0.331289687543682,0.588757456507641,4696,6,"PRKN;EGLN1;CBLB"
"GOBP_RELEASE_OF_CYTOCHROME_C_FROM_MITOCHONDRIA",0.909127871518601,1,0.269938232056062,0.764502844087506,4471,52,"IFI6;SFN;GPER1;IGF1;HRK;BCL2L11;SOD2;BCL2L2;PRKN;MOAP1;BNIP3;PINK1"
"GOBP_RELEASE_OF_SEQUESTERED_CALCIUM_ION_INTO_CYTOSOL_BY_ENDOPLASMIC_RETICULUM",0.568022440392707,1,-0.358214950736688,-0.925328965588764,2834,34,"JPH1;CHD7;CASQ1;PLN;PDE4D"
"GOBP_RESPIRATORY_BURST_INVOLVED_IN_DEFENSE_RESPONSE",0.988964686998395,1,-0.224517107356682,-0.458586466217876,4928,11,"SLAMF8;S100A9"
"GOBP_RESPIRATORY_BURST_INVOLVED_IN_INFLAMMATORY_RESPONSE",0.70182265001024,1,-0.446849152448699,-0.819247474846619,3426,7,"SLAMF8;S100A9;RPS19"
"GOBP_RESPIRATORY_CHAIN_COMPLEX_III_ASSEMBLY",0.460368294635709,1,-0.462538835165794,-0.998774296481436,2299,14,"FXN;UQCC2"
"GOBP_RESPIRATORY_CHAIN_COMPLEX_IV_ASSEMBLY",0.619698492462312,1,-0.348302182957449,-0.89462859766035,3082,33,"MT-CO3;FASTKD3;COA7;PET100;COX16;COX18;COA5;SCO2;COA6;TMEM223;PET117;TACO1;COX11;UQCC5;COX20;COX10;COA3;SCO1;SLC25A46"
"GOBP_RESPIRATORY_GASEOUS_EXCHANGE_BY_RESPIRATORY_SYSTEM",0.727877838684417,1,-0.294355871557373,-0.866111690964452,3717,71,"DNAH9;FLT4;CFAP221;HOXA5;SFTPA1;SFTPA2;CCDC88C;PASK;CHST11;NLGN3"
"GOBP_RESPIRATORY_SYSTEM_DEVELOPMENT",0.707353892602976,1,0.269676804878207,0.921263710046468,3279,207,"FGF10;FGF18;HHIP;FGF9;AGR2;RXFP1;BMP4;NOG;MMP12;LAMA5;TNF;ADAMTSL2;KDR;HOPX;NOS3;FGFR2;ALDH1A2;ITGA3;WNT11;SPEF2;SOX9;FOXP2;CCDC39;NFIB;WNT2B;PROX1;RAB3A;RBPJ;IGF1;FGF1;EDA"
"GOBP_RESPONSE_TO_ATP",0.965160262791161,1,-0.250968238333223,-0.623079798629837,4847,27,"IL1B;ABCC9;CIB2;ENPP1;P2RY1;P2RX7;TRPC3"
"GOBP_RESPONSE_TO_CALCIUM_ION",0.625492227979275,1,0.290264334377541,0.930561020021635,3017,118,"SCN5A;HCN1;KCNMB1;KCNB1;PLCG2;RASGRP2;SYT1;CASQ2;KCNQ3;PENK;P2RX5;PRKAA2;GIPR;MEF2C;CACNG2;CCND1;ALOX5AP;SLC25A23;RYR2;MEF2A;MTTP"
"GOBP_RESPONSE_TO_HYDROSTATIC_PRESSURE",0.785055893312414,1,0.433896877854852,0.740195378225838,4002,5,"ATP2B4;PKD2;PLEC"
"GOBP_RESPONSE_TO_INTERFERON_ALPHA",0.584327764518695,1,0.392371052061742,0.912165174314442,2937,19,"GATA3;OAS1;MX2;BST2;GAS6"
"GOBP_RESPONSE_TO_INTERFERON_BETA",0.997827375074067,1,0.199150826653165,0.51443349555369,5051,31,"HCN1;OAS1;BST2;CAPN2;STING1;DDX41;MAVS;STAT1;IFNAR2;UBE2G2;GPR146"
"GOBP_RESPONSE_TO_ISCHEMIA",0.923091976516634,1,-0.264577466426642,-0.736292105416084,4716,50,"CX3CL1;CSF1R;UCHL1;PANX2;EGR1;AQP3"
"GOBP_RESPONSE_TO_MITOCHONDRIAL_DEPOLARISATION",0.608219178082192,1,0.515370620889117,0.915900214592195,3107,6,"GPS2;ATG13;AMBRA1;BECN1;SQSTM1;ATG14"
"GOBP_RESPONSE_TO_NITROSATIVE_STRESS",0.560975609756098,1,-0.463418440591067,-0.929130741056354,2782,10,"STOX1;DUSP6;GCLM"
"GOBP_RESPONSE_TO_OXIDATIVE_STRESS",1,1,0.166576840185424,0.603053186874545,4598,387,"TACR1;DUOX2;MCTP1;SNCA;CD36;VNN1;SELENOP;DAPK1;GPX3;NOS3;MGAT3;APOD;PENK;PRKAA2;LRRK2;STC2;CRYAB;TNFAIP3;PPARGC1A;PRR5L;SCGB1A1;RCAN2;UCP3;ERCC6;PDK2;FOXO4;IPCEF1;HBA2;ARL6IP5;SOD2;MET;KAT2B;DUOX1;ETFDH;PRKN;PLA2R1;PAM;HYAL1;RNF112;ATP13A2;SLC1A1;CAT;BNIP3;HSPA1A;SOD3;PKD2;FANCD2;FOXO1;IL6;RRM2B;PINK1;WNT16;ALAD;TRPM2;UCP2;KLF4;AQP1;RBPMS;PRNP;MAP1LC3A;PLEKHA1;BTG1;SLC11A2;CAPN2;MAP2K1"
"GOBP_RESPONSE_TO_PROSTAGLANDIN",0.72149869765578,1,-0.324580609508611,-0.83844585221555,3600,34,"PTGDR;PTGDR2;SFRP1;CCL21"
"GOBP_RESPONSE_TO_PROSTAGLANDIN_E",0.495087226789653,1,0.390725058188542,0.97211014711848,2468,26,"PTGER4;PRKAA2;P2RY4;PTGER2;CCR7;TGFBR3;P2RY6"
"GOBP_RESPONSE_TO_REDOX_STATE",0.867894315452362,1,-0.326112630214612,-0.704185006864473,4335,14,"CLOCK;SMPD3;SLC7A11;NPAS2;GLRX2"
"GOBP_RESPONSE_TO_SUCROSE",0.868815896188159,1,-0.393668989560945,-0.641818273608507,4284,4,"CALCRL"
"GOBP_RESPONSE_TO_TUMOR_NECROSIS_FACTOR",0.992677148395434,1,0.224081570155813,0.763705616112386,4608,202,"CD70;ANKRD1;CCL5;CCDC3;TNFRSF18;GPD1;TNFRSF11B;TNF;H2BC11;NMNAT3;GATA3;ADAMTS7;CCL2;TNFAIP3;GPER1;MMP8;NPNT;BIRC3;TNFRSF21;HYAL3;TNFRSF11A;KRT18"
"GOBP_RESPONSE_TO_TYPE_I_INTERFERON",1,1,0.148303858634221,0.468652186540356,4818,107,"MMP12;MX1;IFIT1;OAS1;OAS2;ISG15"
"GOBP_RETINAL_GANGLION_CELL_AXON_GUIDANCE",0.543314873417722,1,0.408794614432157,0.938608183295721,2746,18,"NDP;ROBO2;EPHA7;EFNA5;ALCAM;SEMA4F"
"GOBP_RETINAL_METABOLIC_PROCESS",0.487568223165555,1,-0.435545239570836,-0.979837429583806,2411,17,"RPE65;RBP4"
"GOBP_RETINOIC_ACID_METABOLIC_PROCESS",0.488677719369187,1,-0.4301247534745,-0.97940871676983,2416,18,"ADH7;ALDH8A1;ADH6;ADH1B;RBP1;PRMT3;CRABP2;RDH10"
"GOBP_RETROGRADE_AXONAL_TRANSPORT",0.593781144110026,1,0.384605833882172,0.906266825558739,2978,20,"HAP1;KIF1C;KIF1B;SNAPIN;DST;FBXW11;ACTR10"
"GOBP_RETROGRADE_NEURONAL_DENSE_CORE_VESICLE_TRANSPORT",0.806445033652866,1,-0.419575533010084,-0.715247298450329,3953,5,"KIF5A"
"GOBP_RETROGRADE_TRANS_SYNAPTIC_SIGNALING_BY_LIPID",0.528588807785888,1,-0.610638149185361,-0.995553963106785,2606,4,"FABP5"
"GOBP_RIBOFLAVIN_METABOLIC_PROCESS",0.981065088757396,1,0.280471939847586,0.455039373060363,4973,4,"SLC52A1;RFK"
"GOBP_RIBONUCLEOSIDE_METABOLIC_PROCESS",0.463794135248354,1,-0.418242751675498,-0.986972034616036,2324,21,"PTGDR;ACP3;ADA2;ADA;UPP1;MAPDA"
"GOBP_RIBOSE_PHOSPHATE_METABOLIC_PROCESS",1,1,0.188837541551845,0.677717420667251,4619,349,"PDE2A;GDA;GPD1;GUCY2C;OGDHL;NME9;DPYS;CACNB4;PDE8B;PDE10A;MYH7;NTSR1;ALDOB;ATP1A2;MYH6;PRKAA2;LRRK2;XDH;PDE5A;GCK;ADSS1;NT5E;PDE4B;AK5;SULT1A4;IGF1;PGAM2;ACTN3;TJP2;MTTP;PRXL2C;SLC4A4;SULT2B1;ADCY9;PRKN;LDHA;ATP1B1;ENO4;RAB23;PDE4C;HSPA1A;ENO3;AK4;EFL1;ENO2;PINK1;NUDT10;AMPD3;PRKAG2;PID1;UCP2;ADCY6;VPS9D1;HK2;FKRP;PFKP;MAP2K1;ARL2;NPR1"
"GOBP_RISC_COMPLEX_ASSEMBLY",0.946042451894465,1,0.291233145150002,0.581734464817059,4768,10,"AGO4;DHX9;PRKRA;CLP1;AGO1;ADAR;DICER1;AGO3;AGO2;TARBP2"
"GOBP_RNA_IMPORT_INTO_MITOCHONDRION",0.814882400648824,1,-0.434162041139979,-0.707836124002517,4018,4,"PNPT1;MRPL18;TST;TOMM20"
"GOBP_ROSTROCAUDAL_NEURAL_TUBE_PATTERNING",0.712753036437247,1,-0.415470421687259,-0.81238189191507,3520,9,"FGF8;HES1"
"GOBP_SECONDARY_METABOLIC_PROCESS",0.755962941060516,1,-0.308460357629074,-0.827036475863412,3834,41,"POMC;CYP2D6;AKR1B10;WNT5A;PMEL;AKR7A3;SLC7A11;MC1R"
"GOBP_SERINE_FAMILY_AMINO_ACID_BIOSYNTHETIC_PROCESS",0.635343618513324,1,-0.413275086099561,-0.878431697752874,3170,13,"ENSG00000274276;CTH;PSPH;PHGDH;PSAT1;CBS;SEPHS2"
"GOBP_SERINE_TRANSPORT",0.588777390948188,1,-0.500911880849516,-0.918365384062689,2874,7,"SLC38A5;SLC1A4;SLC1A5;SFXN2"
"GOBP_SHORT_CHAIN_FATTY_ACID_METABOLIC_PROCESS",0.965675513869487,1,0.267956820735311,0.569298958166726,4838,13,"ACOT4;ACSS2;ACADS;CRAT;PCCA;MMUT;MCEE;PCCB;PHYH"
"GOBP_SKELETAL_MUSCLE_ACETYLCHOLINE_GATED_CHANNEL_CLUSTERING",0.993967424090086,1,-0.206473127185408,-0.459244571352008,4942,16,"LAMA1;LRP4;LAMB1"
"GOBP_SMALL_MOLECULE_METABOLIC_PROCESS",1,1,0.213142791353229,0.83246481860356,4069,1493,"GSTM1;SRD5A2;ALDH1L1;MALRD1;LEP;GAD1;VNN2;ACOT12;IDI2;FTCD;CCDC3;NDP;RIMKLA;HAO2;PDE2A;ENTPD3;ALDH1A1;GDA;HSD11B2;BGLAP;GPD1;AVPR1A;GUCY2C;LIPF;DEGS2;SNCA;OGDHL;NME9;AGT;CD36;GAL3ST3;DDC;CMAHP;ABCD2;CFTR;SLC27A2;FOLR1;HPGD;FMO4;PHKA1;DPYS;VNN1;FMO3;MACROD2;FABP3;PDK4;CACNB4;SOAT2;PLCG2;CYP2J2;PDE8B;PDE10A;FUCA1;TNXB;TNF;CDO1;HSD17B6;AK7;ACSL6;CYP39A1;GGT1;ANGPTL4;CYP4B1;ASAH2;BMP6;MYH7;NR0B1;NTSR1;CARNS1;NOS3;NMNAT3;TTC36;CYP46A1;PRODH;ADH4;ENPP4;LDHAL6A;MIOX;ALDOB;ATP1A2;CEL;MYH6;SLC27A6;APOD;GPT;GCKR;FAAH;PRKAA2;ALDH5A1;LRRK2;ACSM3;XDH;AKR1C1;AKR1B15;PDE5A;ALDH1A2;GCK;HAL;FMO1;PTGIS;SLC19A3;PLPP3;TBXAS1;CMPK2;OAS1;GPER1;SOX9;PPARGC1A;LRP5;ALOX5AP;TTR;HAGH;RDH5;ADSS1;ATP8B1;C3;PPP1R3G;DBH;DHCR24;DDO;PLA2G15;NT5E;P2RY6;IMPA2;FUT1;AKR1C2;IDO1;GPLD1;ACER2;GLYAT;PDE4B;PROX1;AK5;NEIL1;SULT1A4;UCP3;IGF1;PDK2;CYP2U1;PGAM2;GSTO2;FGF1;MGST2;AK8;SORBS1;ACTN3;TJP2;DKKL1;MTTP;SLC39A8;PRXL2C;ATCAY;PLA2G4A;SLC4A4;ALDH3A2;HPD;GSTA1;SULT2B1;PNPLA2;GHR;FN3K;SIRT4;CSGALNACT1;TCF7L2;ABAT;KAT2B;ETFDH;FMO2;ADCY9;RETSAT;ALOX12;PRKN;ATP2B4;DDAH1;MGLL;SCD5;ABCA5;TFAP2B;ACOT4;SLC25A22;TWIST1;GMPR;DPYSL5;MAN2B2;LDHA;CYP7B1;ATP1B1;ENO4;MLYCD;PDK3;RDH13;NAAA;GSTM2;PLPP1;CYP27C1;HSD3B7;RAB23;HACD1;OSBPL3;CD101;CAT;CBR3;PPP1R3E;PDE4C;HSPA1A;SLC25A18;PCBD2;ENO3;NR3C1;MGAT4A;LTC4S;COQ8A;SLC25A42;MST1;PDK1;FOXO1;C1QTNF1;STARD3;AK4;GATD1;EFL1;MAN2A2;ACAD11;SLC2A1"
"GOBP_SNO_S_RNA_METABOLIC_PROCESS",0.967055042185617,1,-0.262226992719806,-0.574932012779268,4813,15,"DKC1;EXOSC6;EXOSC2;FBL;EXOSC4;ZCCHC7;EXOSC3;EXOSC5;PARN;EXOSC10;NUDT16;TENT4B;LARP7;FBLL1;NUDT16L1"
"GOBP_SNRNA_METABOLIC_PROCESS",0.999013222814289,1,-0.198890563709833,-0.56621740246029,5061,58,"EXOSC8;RPAP2;ICE2;DKC1;RBM7;SNAPC4;EXOSC6;INTS7;INTS10;EXOSC2;INTS9;METTL16;ZCCHC8;EXOSC9;MTREX;NHP2;ICE1;SNAPC2;INTS12;USPL1;INTS4;INTS6;INTS15;PPP2CA;EXOSC4;INTS3;ZCCHC7;TOE1;EXOSC3;INTS13;EXOSC7;TUT1;EXOSC5;METTL4;INTS11;NOP10;INTS5"
"GOBP_SODIUM_ION_IMPORT_ACROSS_PLASMA_MEMBRANE",0.657716785998409,1,0.373336701593441,0.867915040361777,3306,19,"HCN1;NEDD4L;SLC9A9;HCN3;SCNN1A;TRPM4;SLC9A6"
"GOBP_SOMATIC_DIVERSIFICATION_OF_IMMUNE_RECEPTORS",0.906994919890582,1,-0.261397862747766,-0.77333940708442,4641,74,"LEF1;IL27RA;SHLD1;CD40;NFKBIZ;LIG3;FOXP3;EXO1;RAG1;MAD2L2;HSPD1;NBN;LIG1;PRKDC;EXOSC6;NSD2;POLM;TFRC;POLQ;PTPRC;HMGB1;TGFB1;RIF1;CTNNBL1"
"GOBP_SOMATIC_DIVERSIFICATION_OF_IMMUNE_RECEPTORS_VIA_SOMATIC_MUTATION",0.685225690992245,1,0.376815830858349,0.842091480335284,3445,16,"AICDA;POLB;POLL;SAMHD1"
"GOBP_SOMATIC_MOTOR_NEURON_DIFFERENTIATION",0.909647154803182,1,-0.347093945330721,-0.591688473646764,4459,5,"LHX4;PHOX2A;TCTN1;AKT1;CLN8"
"GOBP_SPERM_AXONEME_ASSEMBLY",0.533789219629928,1,0.389742121811359,0.950844828633598,2653,24,"DNAH12;FSIP2;CFAP43;TTC12;SPEF2;CCDC146;CFAP206"
"GOBP_SPERM_MITOCHONDRIAL_SHEATH_ASSEMBLY",0.652085036794767,1,-0.48256671995732,-0.858365818222078,3189,6,"KLC3;LRRC46;CFAP58"
"GOBP_SPERM_MITOCHONDRION_ORGANIZATION",0.422879684418146,1,0.669803081990997,1.08669257491038,2143,4,"CCDC188;MFSD14A;VPS13A"
"GOBP_SPERMIDINE_METABOLIC_PROCESS",0.978862109838009,1,0.247317346272278,0.482774736215915,4954,9,"PAOX;AMD1;DHPS;SAT2;HDAC6;SRM;HDAC10;ODC1"
"GOBP_SPERMINE_METABOLIC_PROCESS",0.950645095228343,1,-0.291671625913213,-0.534746998409582,4641,7,"SMOX;SMS;ODC1;SRM"
"GOBP_SPHINGOID_METABOLIC_PROCESS",0.426826826826827,1,0.425567797471603,1.02034688753804,2131,22,"DEGS2;ASAH2;PLPP3;ACER2;NAAA;PLPP1;ASAH1;ASAH2B;KDSR;SGPP1"
"GOBP_SPHINGOLIPID_BIOSYNTHETIC_PROCESS",0.432844461597839,1,-0.324710187730706,-1.00049477414053,2242,100,"UGT8;CERS4;MFSD2B;ST8SIA5;CERS1;ST8SIA4;ABCA8;ELOVL2;ELOVL7;B4GALNT1"
"GOBP_SPHINGOLIPID_MEDIATED_SIGNALING_PATHWAY",0.536190861302062,1,-0.415175575038779,-0.94536892819635,2651,18,"MFSD2B;GPR3;SPHK1;SMPD3"
"GOBP_SPHINGOLIPID_METABOLIC_PROCESS",0.540967987804878,1,-0.299006836863297,-0.960822216395008,2838,144,"ABCA12;UGT8;CERS4;MFSD2B;ST8SIA5;CERS1;ST8SIA4;PLPP2;ABCA8;ELOVL2;ELOVL7;B4GALNT1"
"GOBP_SPHINGOMYELIN_METABOLIC_PROCESS",0.896077638495754,1,-0.303730062553116,-0.691603699639675,4431,18,"ABCA8;SMPD3;PEMT"
"GOBP_SPINAL_CORD_MOTOR_NEURON_DIFFERENTIATION",0.983243566726511,1,-0.236385861345164,-0.557824932032095,4928,21,"HOXC10;PTCH1;LMO4;LHX4;HOXD10"
"GOBP_SPONTANEOUS_NEUROTRANSMITTER_SECRETION",0.672386587771203,1,0.531453477420884,0.862233338949221,3408,4,"SYT1;PRKN;STX1B"
"GOBP_SPONTANEOUS_SYNAPTIC_TRANSMISSION",0.501487800039675,1,0.492565502960248,0.983893262232699,2527,10,"NSG1;SYT1;PRKN;STX1B"
"GOBP_STEROID_METABOLIC_PROCESS",0.953060783041315,1,0.240142312377291,0.837565002556268,4405,259,"SRD5A2;MALRD1;LEP;IDI2;CCDC3;HSD11B2;BGLAP;AGT;CFTR;SLC27A2;SOAT2;PDE8B;TNF;HSD17B6;CYP39A1;BMP6;ESR1;NR0B1;CYP46A1;SDR42E1;PRKAA2;AKR1C1;AKR1B15;LRP5;HSD17B2;RDH5;ATP8B1;DHCR24;FAXDC2;AKR1C2;PROX1;SULT1A4;CYP2U1;FGF1;PRLR;DKKL1;MTTP"
"GOBP_STEROL_METABOLIC_PROCESS",0.993116395494368,1,0.221187481678774,0.722089223432325,4760,137,"LEP;IDI2;CCDC3;AGT;CFTR;SOAT2;CYP39A1;CYP46A1;PRKAA2;LRP5;DHCR24;FAXDC2;FGF1;MTTP;CYB5R1;SULT2B1"
"GOBP_STORE_OPERATED_CALCIUM_ENTRY",0.744857594936709,1,0.353547136415668,0.811757845394968,3765,18,"CRACR2B;STC2;EFHB;STIMATE;SLC8B1;SARAF"
"GOBP_SUCCINYL_COA_METABOLIC_PROCESS",0.431849930153662,1,0.483748862995892,1.02776903742241,2163,13,"ACOT4;NUDT7;PCCA;MMUT;OGDH;DLST;MCEE;SUCLG1;SUCLG2;DLD;NUDT19"
"GOBP_SULFUR_AMINO_ACID_BIOSYNTHETIC_PROCESS",0.860117242773398,1,-0.319964545889119,-0.719817850634447,4254,17,"BHMT;ENSG00000274276;CTH"
"GOBP_SULFUR_AMINO_ACID_CATABOLIC_PROCESS",0.663162071017655,1,0.432649868539534,0.864212552449629,3342,10,"CDO1;FMO1"
"GOBP_SULFUR_AMINO_ACID_METABOLIC_PROCESS",0.949566269921323,1,-0.262758160600899,-0.670084709764091,4706,32,"BHMT;ENSG00000274276;CTH;SLC7A11;NOX4;BLMH;CPS1;GCLM;CBS;BPHL;BHMT2"
"GOBP_SULFUR_AMINO_ACID_TRANSPORT",0.499499098377079,1,-0.457041224363762,-0.971458266333027,2492,13,"SLC3A1;SLC7A5;SLC7A11;SLC7A9;SLC1A4;SLC3A2"
"GOBP_SULFUR_COMPOUND_TRANSPORT",0.986933442221315,1,0.229583476192772,0.655955256561878,4833,55,"SLC6A13;SLC19A3;GJA1;SLC16A6;NHERF1;SLC26A11;SLC1A1;SLC25A42;SLC25A10;LRRC8A;UCP2;SLC27A1;SLC25A19;SLC43A2;SLC1A2;SLC6A6"
"GOBP_SUPRAMOLECULAR_FIBER_ORGANIZATION",0.642107717416647,1,0.255641563299821,0.964229648968684,2753,729,"KRT86;MYOC;KRT16;ANKRD1;TACR1;ARHGAP36;PAK3;MYOZ2;LDB3;PACSIN1;CARMIL3;TRIM54;FGF13;MYO7A;MYO5C;KRT20;XIRP1;MYO5B;LMOD3;NKX2-5;ACTC1;DES;RGS4;SNCA;KANK3;CD36;GPR65;ESAM;KRT14;MYPN;INA;PPP1R9A;TNXB;CAV3;GMFG;ACTN2;MYBPH;NEFH;MYO1F;TMSB4Y;PTGER4;MTSS1;MYH11;FSCN2;MYH6;ERMN;WAS;SVIL;CARMIL2;RHPN2;HCK;HCLS1;NCKAP5;BFSP1;CRYAB;TPPP3;MAP6D1;TMEFF2;LMOD1;CCR7;MFAP5;SEMA5A;EPPK1;KRT33B;LIMCH1;AGFG2;MYOM3;ELN;PROX1;GFAP;LIMK2;WIPF3;PIK3R1;RAPGEF3;RFLNA;AMOT;CORO6;KANK1;FMN1;ARHGAP18;NEDD9;ESPN;TUBB4A;SORBS1;CAPG;BAIAP2L2;RHPN1;ADAMTS3;MYLK3"
"GOBP_SYNAPSE_ORGANIZATION",0.490557553956835,1,0.267740710418248,0.988648121480909,2181,517,"RELN;AMIGO3;NPTX1;CDH10;SLITRK1;CX3CR1;NGEF;CDH8;PAK3;HAPLN4;CARMIL3;ADGRB3;GABRA3;FGF13;ROBO2;GABRB3;ZDHHC15;SEMA3E;SNCA;RIMS1;ACTL8;LRRN3;PCLO;NTRK2;LRRC4;PPFIA2;DOK7;CHRNA1;PCDHB4;CHRDL1;CTNND2;NRXN3;LRRC4B;INA;CACNB4;SEMA3F;LRRN1;LAMA5;TNF;DNER;LHFPL4;KY;SLITRK4;NEFH;NTN1;ADGRB1;FRRS1L;CACNB2;SORT1;EFNB2;COLQ;OPCML;NEDD4L;EPHA7;GRIA1;SRGAP3;LRRK2;ACHE;CDH6;LINGO2;DMPK;SDK1;ITGA3;MEF2C;CACNG2;PLXNC1;AKAP5;DOCK4;C3;CCDC39;PCDHB9;NLGN4Y;PCDHB10;RAB3A;C1QC;AMOT;PCDHGC4;DRD1;GRM5;NEDD9;SNCG;ARHGAP33;COL4A5;NEGR1;EFNA5;VSTM5;ABHD17B;RTN4RL2;ARHGAP4;TRIM47"
"GOBP_SYNAPTIC_ASSEMBLY_AT_NEUROMUSCULAR_JUNCTION",0.986326161270863,1,-0.227520316371587,-0.506058447364512,4904,16,"SIX4;LRP4;AGRN;SIX1;FBXO45;LIN7A"
"GOBP_SYNAPTIC_MEMBRANE_ADHESION",0.558853017846401,1,0.375547306031226,0.934348435722286,2786,26,"CDH10;SLITRK1;LRRC4;LRRC4B;CDH6;ITGA3"
"GOBP_SYNAPTIC_SIGNALING_VIA_NEUROPEPTIDE",0.760734971040543,1,-0.502959953573283,-0.778305495094777,3808,3,"GRID1"
"GOBP_SYNAPTIC_TRANSMISSION_GLYCINERGIC",0.82097288676236,1,0.53098045004102,0.762914393055514,4117,2,"GLRB;SLC6A9"
"GOBP_SYNAPTIC_VESICLE_DOCKING",0.734321779202565,1,-0.379359253886291,-0.806342324176101,3664,13,"UNC13C;RIMS3;RIMS2"
"GOBP_SYNAPTIC_VESICLE_ENDOSOMAL_PROCESSING",0.56499407348874,1,0.482589832304719,0.942037356065181,2859,9,"ITSN2;EEA1;RAB11A;BTBD8;STX6;RAB7A;GRIPAP1"
"GOBP_SYNAPTIC_VESICLE_LOCALIZATION",0.674770173646578,1,0.305559033079554,0.892507140467012,3302,62,"MX1;SNCA;PCLO;KIF5C;BRSK2;AP3B2;LRRK2;RAB3A;MX2;PRKN;MAP2;AP3S2"
"GOBP_SYNAPTIC_VESICLE_LUMEN_ACIDIFICATION",0.623610268849808,1,-0.394093253463006,-0.88658372404667,3084,17,"ATP6V1B1;ATP6V1G3;ATP6V1G2"
"GOBP_SYNAPTIC_VESICLE_MATURATION",0.711650290755966,1,0.338712507118572,0.842704756773031,3548,26,"ZDHHC15;SLC17A7;RAB3A"
"GOBP_SYNAPTIC_VESICLE_PRIMING",0.728608818200121,1,0.338546097532829,0.834419123488585,3618,25,"SNCA;RIMS1;SNAP25;UNC13A"
"GOBP_SYNAPTIC_VESICLE_RECYCLING_VIA_ENDOSOME",0.867906066536204,1,0.370080273817293,0.657694848070364,4434,6,"ITSN2;BTBD8;RAB7A;GRIPAP1;AP3D1"
"GOBP_T_CELL_CYTOKINE_PRODUCTION",0.803048535900521,1,-0.312991117719035,-0.784991855429878,4003,29,"IL1B;IL18R1;NLRP3;PRKCZ"
"GOBP_T_HELPER_2_CELL_CYTOKINE_PRODUCTION",0.702480953311194,1,0.444214084137057,0.818736655967327,3595,7,"RSAD2;GATA3;IL6;CD81"
"GOBP_TERTIARY_ALCOHOL_METABOLIC_PROCESS",0.719773554387384,1,-0.362667671208376,-0.825806642381852,3559,18,"WNT4;AKR1B10;CACNA1H"
"GOBP_TETRAHYDROBIOPTERIN_METABOLIC_PROCESS",0.652113789016199,1,0.445862864501812,0.870344640368893,3300,9,"NOS3;PCBD2;SPR;PCBD1"
"GOBP_TETRAHYDROFOLATE_BIOSYNTHETIC_PROCESS",0.642294048088293,1,0.460507368622626,0.872502729125835,3258,8,"FOLR1;DHFR2;SLC46A1"
"GOBP_THIAMINE_CONTAINING_COMPOUND_METABOLIC_PROCESS",0.781479967293541,1,-0.422483171753109,-0.751492173846945,3822,6,"ACP3"
"GOBP_THREONINE_METABOLIC_PROCESS",0.577858880778589,1,-0.584959986338587,-0.953689567930178,2849,4,"PHGDH;SDSL;GCAT"
"GOBP_TOLERANCE_INDUCTION_DEPENDENT_UPON_IMMUNE_RESPONSE",0.804296413086322,1,0.389561296674137,0.738084377513006,4080,8,"PSG9;PRDM16;TNFRSF14"
"GOBP_TOXIN_METABOLIC_PROCESS",0.829200555445348,1,0.362520493819694,0.72413002767523,4179,10,"FMO1;FMO2;AS3MT;CYP3A5"
"GOBP_TRANS_SYNAPTIC_SIGNALING_BY_BDNF_MODULATING_SYNAPTIC_TRANSMISSION",0.512623274161736,1,0.622489339831057,1.00993047321387,2598,4,"PLG;NTRK2;PLAT"
"GOBP_TRANS_SYNAPTIC_SIGNALING_BY_LIPID",0.90169977472865,1,-0.336713912876999,-0.617326946596089,4402,7,"FABP5"
"GOBP_TRANS_SYNAPTIC_SIGNALING_BY_TRANS_SYNAPTIC_COMPLEX_MODULATING_SYNAPTIC_TRANSMISSION",0.532939016928411,1,-0.576012601806714,-0.981924409080581,2612,5,"GRID1;EFNB3"
"GOBP_TRANS_SYNAPTIC_SIGNALING_MODULATING_SYNAPTIC_TRANSMISSION",0.451880307319046,1,-0.440285172045464,-1.00254433599204,2234,18,"GUCY1A1;GRID1;SLITRK5;C1QTNF3;EFNB3"
"GOBP_TRICARBOXYLIC_ACID_METABOLIC_PROCESS",0.639295607439652,1,0.421118939853483,0.879677200628521,3230,12,"SIRT4;IDH2;GLUD1;ACO2;IDH3A;IDH3G"
"GOBP_TRNA_AMINOACYLATION_FOR_MITOCHONDRIAL_PROTEIN_TRANSLATION",0.46387987012987,1,-0.534116754089095,-1.0148623029345,2285,8,"AARS2;GARS1;YARS2;DARS2;EARS2"
"GOBP_TRNA_METABOLIC_PROCESS",0.71780055917987,1,-0.272228639883264,-0.910616443240179,3850,207,"TRMT9B;SLFN13;TYW1B;WARS1;EXOSC8;YRDC;TRMT5;MARS2;VARS1;POLR3D;NARS2;HSD17B10;AIMP2;AARS2;METTL1;POLR2F;ELP4;WDR4;QNG1;LCMT2;YARS1;GARS1;RARS1;MARS1;VARS2;GON7;PUS1;NSUN6;IARS1;YARS2;GTF3C6;FARSB;CTU1;RPP30;METTL8;TARS1;TRMT61B;POP1;AARS1;PUS7;THUMPD2;TRMU;RPP25;RTRAF;EEF1E1;POLR3A;EXOSC2;DARS2;URM1;TRNT1;SARS1;RPP21;CARS1;BRF1;THG1L;TSEN15;TRMT10C;DTD1;TSEN54;THUMPD3;MTO1;EPRS1;KARS1;TPRKB;FARSA;LAGE3;QTRT2;EXOSC9;ADAT1;NARS1;TYW3;ELP6;ELP1;LARS1;ALKBH1;TYW5;GATB;SLC35F2;RPP40;GTF3C2;RPP25L;NSUN2;DUS4L;ELP2;ZBTB8OS;EARS2;DUS1L;DALRD3;PUS10;TRPT1;GTF3C3;LRRC47;TRMT11;TYW1;GRSF1"
"GOBP_TUMOR_NECROSIS_FACTOR_MEDIATED_SIGNALING_PATHWAY",0.706821480406386,1,0.282870034392273,0.90056919291154,3408,112,"CD70;CCDC3;TNFRSF18;TNFRSF11B;TNF;H2BC11;TNFAIP3;MMP8;BIRC3;TNFRSF11A;KRT18;PRKN;TNFRSF13C;CARD14;GAS6;HSPA1A;NKIRAS1;TRAF3IP2;PELI3;IKBKB;CYLD;TNFRSF19;RFFL;TNFRSF14"
"GOBP_TUMOR_NECROSIS_FACTOR_SUPERFAMILY_CYTOKINE_PRODUCTION",0.512027491408935,1,-0.302707830696707,-0.971638965508046,2681,143,"TLR9;IL33;POMC;CX3CL1;C5AR2;LPL;FCGR2A;IL1A;PTPN6;IL27RA;CARD9;WNT5A;ADAM8;SYK;CD274;EPHB2;HAVCR2"
"GOBP_TYPE_I_INTERFERON_MEDIATED_SIGNALING_PATHWAY",1,1,0.164295124833817,0.484444326435613,4895,65,"MMP12;OAS1;OAS2;ISG15;OAS3;IRF3;IRF7;USP27X;OASL;STING1;IFIH1;SP100;MAVS;STAT1;IFNAR2;SAMHD1;MUL1;HDAC4"
"GOBP_TYPE_I_INTERFERON_PRODUCTION",1,1,-0.176009196811218,-0.556109783651704,5190,125,"TLR9;LTB;SYK;IRF5;HAVCR2;IRF1;POLR3G;PTPN22;IKBKE;TLR2;XAF1"
"GOBP_TYPE_III_INTERFERON_PRODUCTION",0.857258718572587,1,-0.404457017736165,-0.659406536343609,4227,4,"IL32"
"GOBP_UDP_ALPHA_D_GLUCOSE_METABOLIC_PROCESS",0.784213746685703,1,-0.434089000839631,-0.739988299389436,3844,5,"UGGT1;ENTPD5;UGGT2;UGP2;GALT"
"GOBP_UDP_METABOLIC_PROCESS",0.617694805194805,1,-0.466457948607125,-0.886305445993489,3043,8,"DHODH;CAD;ENTPD7"
"GOBP_UDP_N_ACETYLGLUCOSAMINE_METABOLIC_PROCESS",0.569320937752627,1,-0.443519029420897,-0.925061095451001,2816,12,"GFPT2;PGM3;UAP1L1;UAP1;GNPNAT1;GNE"
"GOBP_URATE_METABOLIC_PROCESS",0.957403235715748,1,-0.285598552329941,-0.523612703602511,4674,7,"SLC2A9;PNP;PRPS1;CARMIL1"
"GOBP_UTP_METABOLIC_PROCESS",0.857712235950578,1,0.34487819515655,0.705647172902265,4303,11,"NME9;AK3"
"GOBP_VACUOLAR_PROTON_TRANSPORTING_V_TYPE_ATPASE_COMPLEX_ASSEMBLY",0.773303352412101,1,-0.426465686605986,-0.758576074329294,3782,6,"ATP6V1B1;VMA12"
"GOBP_VALINE_METABOLIC_PROCESS",0.915608517288533,1,0.328186228774025,0.604884232797242,4686,7,"HIBADH;BCKDK;ECHS1;ACAD8;BCAT2;ALDH6A1;HIBCH"
"GOBP_VENTRAL_SPINAL_CORD_INTERNEURON_DIFFERENTIATION",0.55995995995996,1,0.638186004055833,0.978176800018357,2796,3,"DLL4"
"GOBP_VERY_LONG_CHAIN_FATTY_ACID_METABOLIC_PROCESS",0.463230921704658,1,0.383424763769761,0.995390181598107,2336,32,"ABCD2;SLC27A2;ACSL6;SLC27A6;ACOT4;HACD1;HACD2"
"GOBP_VITAMIN_B6_METABOLIC_PROCESS",0.55641864268193,1,-0.534378799023288,-0.950526582323631,2721,6,"ALPL;PSAT1;PDXK"
"GOBP_VITAMIN_E_METABOLIC_PROCESS",0.441617357001972,1,0.658593269803496,1.06850570775819,2238,4,"TTPA;NPC1L1"
"GOBP_VITAMIN_K_METABOLIC_PROCESS",0.998782467532468,1,-0.183624912526242,-0.348901247107188,4921,8,"NQO1;UBIAD1;AIFM2;GGCX;CBR1;VKORC1L1;VKORC1;CBR3"
"GOBP_VITAMIN_METABOLIC_PROCESS",0.842486421243211,1,-0.301814628517073,-0.761514763004878,4187,30,"CYP24A1;SNAI1;SNAI2;PLTP;PSAT1;PRMT3;PDXK;MTHFS;CYP27A1;TPK1;RDH10"
"GOBP_WNT_SIGNALING_PATHWAY_CALCIUM_MODULATING_PATHWAY",0.842953293901693,1,-0.396586058610092,-0.676057311990865,4132,5,"WNT5A"
"GOBP_WOUND_HEALING_INVOLVED_IN_INFLAMMATORY_RESPONSE",0.612578109252167,1,-0.444555625898629,-0.891311743238227,3038,10,"IL1A;HMOX1;HIF1A"
"GOBP_XENOBIOTIC_TRANSPORT_ACROSS_BLOOD_BRAIN_BARRIER",0.813583520293698,1,-0.414369450397741,-0.706372528043022,3988,5,"SLC22A1;ABCC2"
"GOBP_ZYMOSTEROL_METABOLIC_PROCESS",0.860888710968775,1,-0.328872273370088,-0.710143988990077,4300,14,"SQLE;HMGCR;MSMO1;HSD17B7;LBR;FDFT1;NSDHL;HMGCS1;FDPS"
